{
    "eval_set_one2n_accu": [
        0.6073619631901841
    ],
    "eval_set_one2one_accu": [
        0.18609406952965235
    ],
    "eval_set_one2n_accu_cycle": [
        0.6666666666666666
    ],
    "eval_set_one2one_accu_cycle": [
        0.2167689161554192
    ],
    "eval_set_emb_self_consistency": [
        0.7198364008179959
    ],
    "eval_set_emb_label_consistency": [
        0.6462167689161554
    ],
    "eval_set_z_c_recognition_rate": [
        0.6748466257668712
    ],
    "eval_set_z_c_cycle_recognition_rate": [
        0.7955010224948875
    ],
    "train_set_one2n_accu": [
        0.9558823529411765
    ],
    "train_set_one2one_accu": [
        0.3382352941176471
    ],
    "train_set_one2n_accu_cycle": [
        0.9411764705882353
    ],
    "train_set_one2one_accu_cycle": [
        0.3137254901960784
    ],
    "train_set_emb_self_consistency": [
        0.9411764705882353
    ],
    "train_set_emb_label_consistency": [
        0.9215686274509803
    ],
    "train_set_z_c_recognition_rate": [
        0.9558823529411765
    ],
    "train_set_z_c_cycle_recognition_rate": [
        0.9411764705882353
    ],
    "emb_matching_rate_one2n": [
        1.0
    ],
    "emb_matching_rate_one2one": [
        0.3492063492063492
    ],
    "orderliness": [
        0.4750000000000001
    ]
}