{
    "substraction_one": {
        "value": "0.41 \\pm 0.1",
        "mean": 0.41455695000000004,
        "std": 0.09680640826023605,
        "max": 0.582278,
        "min": 0.21519,
        "count": 20
    },
    "eval_set_one2n_accu": {
        "value": "0.0 \\pm 0.01",
        "mean": 0.0049079754601227,
        "std": 0.010555000327659665,
        "max": 0.03680981595092025,
        "min": 0.0,
        "count": 20
    },
    "eval_set_one2one_accu": {
        "value": "0.0 \\pm 0.01",
        "mean": 0.0049079754601227,
        "std": 0.010555000327659665,
        "max": 0.03680981595092025,
        "min": 0.0,
        "count": 20
    },
    "eval_set_one2n_accu_cycle": {
        "value": "0.01 \\pm 0.02",
        "mean": 0.010736196319018405,
        "std": 0.015865154038019327,
        "max": 0.049079754601226995,
        "min": 0.0,
        "count": 20
    },
    "eval_set_one2one_accu_cycle": {
        "value": "0.01 \\pm 0.02",
        "mean": 0.010736196319018405,
        "std": 0.015865154038019327,
        "max": 0.049079754601226995,
        "min": 0.0,
        "count": 20
    },
    "eval_set_emb_select_accu": {
        "value": "0.04 \\pm 0.01",
        "mean": 0.04202453987730062,
        "std": 0.013339150248563742,
        "max": 0.05521472392638037,
        "min": 0.0,
        "count": 20
    },
    "eval_set_emb_select_accu_cycle": {
        "value": "0.05 \\pm 0.02",
        "mean": 0.04785276073619633,
        "std": 0.015592963223483235,
        "max": 0.0736196319018405,
        "min": 0.006134969325153374,
        "count": 20
    },
    "eval_set_emb_self_consistency": {
        "value": "0.26 \\pm 0.37",
        "mean": 0.26257668711656446,
        "std": 0.3656493185292653,
        "max": 1.0,
        "min": 0.0,
        "count": 20
    },
    "eval_set_emb_label_consistency": {
        "value": "0.4 \\pm 0.49",
        "mean": 0.4,
        "std": 0.48989794855663565,
        "max": 1.0,
        "min": 0.0,
        "count": 20
    },
    "eval_set_z_c_recognition_rate": {
        "value": "0.11 \\pm 0.25",
        "mean": 0.11257668711656439,
        "std": 0.24569211761575055,
        "max": 0.8834355828220859,
        "min": 0.0,
        "count": 20
    },
    "eval_set_z_c_cycle_recognition_rate": {
        "value": "0.25 \\pm 0.33",
        "mean": 0.25245398773006134,
        "std": 0.3304993729534165,
        "max": 1.0,
        "min": 0.0,
        "count": 20
    },
    "emb_matching_rate_one2n": {
        "value": "1.0 \\pm 0.0",
        "mean": 1.0,
        "std": 0.0,
        "max": 1.0,
        "min": 1.0,
        "count": 20
    },
    "emb_matching_rate_one2one": {
        "value": "1.0 \\pm 0.0",
        "mean": 1.0,
        "std": 0.0,
        "max": 1.0,
        "min": 1.0,
        "count": 20
    },
    "orderliness": {
        "value": "0.91 \\pm 0.05",
        "mean": 0.9099999999999999,
        "std": 0.048347699014534284,
        "max": 1.0,
        "min": 0.8,
        "count": 20
    },
    "train_interpolate_modedict": {
        "value": "0.0 \\pm 0.01",
        "mean": 0.0047619047619047615,
        "std": 0.012953781436890898,
        "max": 0.047619047619047616,
        "min": 0.0,
        "count": 20
    },
    "train_interpolate_cycle_modedict": {
        "value": "0.01 \\pm 0.02",
        "mean": 0.010952380952380953,
        "std": 0.01737279652090924,
        "max": 0.047619047619047616,
        "min": 0.0,
        "count": 20
    },
    "train_interpolate_selection": {
        "value": "0.05 \\pm 0.02",
        "mean": 0.05142857142857142,
        "std": 0.01866277899263374,
        "max": 0.0761904761904762,
        "min": 0.0,
        "count": 20
    },
    "train_interpolate_cycle_selection": {
        "value": "0.05 \\pm 0.02",
        "mean": 0.04952380952380951,
        "std": 0.017457431218879393,
        "max": 0.08571428571428572,
        "min": 0.009523809523809525,
        "count": 20
    }
}