{
    "substraction_one": [
        0.341772,
        0.392405,
        0.43038,
        0.582278,
        0.21519,
        0.556962,
        0.556962,
        0.278481,
        0.341772,
        0.316456,
        0.455696,
        0.481013,
        0.417722,
        0.518987,
        0.518987,
        0.341772,
        0.341772,
        0.392405,
        0.392405,
        0.417722
    ],
    "eval_set_one2n_accu": [
        0.0,
        0.0,
        0.0,
        0.0,
        0.0,
        0.0,
        0.0,
        0.0,
        0.0,
        0.012269938650306749,
        0.0,
        0.0,
        0.0,
        0.024539877300613498,
        0.0,
        0.0,
        0.03680981595092025,
        0.024539877300613498,
        0.0,
        0.0
    ],
    "eval_set_one2one_accu": [
        0.0,
        0.0,
        0.0,
        0.0,
        0.0,
        0.0,
        0.0,
        0.0,
        0.0,
        0.012269938650306749,
        0.0,
        0.0,
        0.0,
        0.024539877300613498,
        0.0,
        0.0,
        0.03680981595092025,
        0.024539877300613498,
        0.0,
        0.0
    ],
    "eval_set_one2n_accu_cycle": [
        0.0,
        0.0,
        0.0,
        0.0,
        0.049079754601226995,
        0.0,
        0.03067484662576687,
        0.0,
        0.0,
        0.012269938650306749,
        0.0,
        0.0,
        0.0,
        0.024539877300613498,
        0.03067484662576687,
        0.0,
        0.03680981595092025,
        0.03067484662576687,
        0.0,
        0.0
    ],
    "eval_set_one2one_accu_cycle": [
        0.0,
        0.0,
        0.0,
        0.0,
        0.049079754601226995,
        0.0,
        0.03067484662576687,
        0.0,
        0.0,
        0.012269938650306749,
        0.0,
        0.0,
        0.0,
        0.024539877300613498,
        0.03067484662576687,
        0.0,
        0.03680981595092025,
        0.03067484662576687,
        0.0,
        0.0
    ],
    "eval_set_emb_select_accu": [
        0.03067484662576687,
        0.024539877300613498,
        0.049079754601226995,
        0.0,
        0.049079754601226995,
        0.04294478527607362,
        0.03067484662576687,
        0.05521472392638037,
        0.049079754601226995,
        0.049079754601226995,
        0.03680981595092025,
        0.049079754601226995,
        0.049079754601226995,
        0.049079754601226995,
        0.05521472392638037,
        0.049079754601226995,
        0.049079754601226995,
        0.024539877300613498,
        0.049079754601226995,
        0.049079754601226995
    ],
    "eval_set_emb_select_accu_cycle": [
        0.03067484662576687,
        0.024539877300613498,
        0.049079754601226995,
        0.006134969325153374,
        0.049079754601226995,
        0.0736196319018405,
        0.06748466257668712,
        0.05521472392638037,
        0.049079754601226995,
        0.049079754601226995,
        0.06134969325153374,
        0.049079754601226995,
        0.049079754601226995,
        0.049079754601226995,
        0.04294478527607362,
        0.0736196319018405,
        0.049079754601226995,
        0.03067484662576687,
        0.049079754601226995,
        0.049079754601226995
    ],
    "eval_set_emb_self_consistency": [
        0.08588957055214724,
        0.25766871165644173,
        0.0,
        0.0,
        0.0,
        0.0,
        0.0,
        0.0,
        0.0,
        1.0,
        0.07975460122699386,
        0.03067484662576687,
        0.8282208588957055,
        0.5521472392638037,
        0.0,
        0.0,
        0.9386503067484663,
        0.8834355828220859,
        0.03067484662576687,
        0.5644171779141104
    ],
    "eval_set_emb_label_consistency": [
        0,
        1.0,
        0,
        0,
        0,
        0,
        0,
        0,
        0,
        1.0,
        0,
        1.0,
        1.0,
        1.0,
        0,
        0,
        1.0,
        1.0,
        1.0,
        0
    ],
    "eval_set_z_c_recognition_rate": [
        0.0,
        0.024539877300613498,
        0.0,
        0.0,
        0.0,
        0.0,
        0.0,
        0.0,
        0.0,
        0.10429447852760736,
        0.0,
        0.03067484662576687,
        0.024539877300613498,
        0.5521472392638037,
        0.0,
        0.0,
        0.6012269938650306,
        0.8834355828220859,
        0.03067484662576687,
        0.0
    ],
    "eval_set_z_c_cycle_recognition_rate": [
        0.0,
        0.19631901840490798,
        0.15950920245398773,
        0.0,
        1.0,
        0.0,
        0.5214723926380368,
        0.006134969325153374,
        0.0,
        0.10429447852760736,
        0.006134969325153374,
        0.03067484662576687,
        0.024539877300613498,
        0.558282208588957,
        0.5828220858895705,
        0.0736196319018405,
        0.6625766871165644,
        1.0,
        0.12269938650306748,
        0.0
    ],
    "emb_matching_rate_one2n": [
        1.0,
        1.0,
        1.0,
        1.0,
        1.0,
        1.0,
        1.0,
        1.0,
        1.0,
        1.0,
        1.0,
        1.0,
        1.0,
        1.0,
        1.0,
        1.0,
        1.0,
        1.0,
        1.0,
        1.0
    ],
    "emb_matching_rate_one2one": [
        1.0,
        1.0,
        1.0,
        1.0,
        1.0,
        1.0,
        1.0,
        1.0,
        1.0,
        1.0,
        1.0,
        1.0,
        1.0,
        1.0,
        1.0,
        1.0,
        1.0,
        1.0,
        1.0,
        1.0
    ],
    "orderliness": [
        0.85,
        0.9,
        0.925,
        1.0,
        0.875,
        0.925,
        0.95,
        0.875,
        0.925,
        0.9,
        0.95,
        0.9,
        0.8,
        0.95,
        1.0,
        0.9,
        0.875,
        0.85,
        0.95,
        0.9
    ],
    "train_interpolate_modedict": [
        0.0,
        0.0,
        0.0,
        0.0,
        0.0,
        0.0,
        0.0,
        0.0,
        0.0,
        0.0,
        0.0,
        0.0,
        0.0,
        0.047619047619047616,
        0.0,
        0.0,
        0.009523809523809525,
        0.0380952380952381,
        0.0,
        0.0
    ],
    "train_interpolate_cycle_modedict": [
        0.0,
        0.0,
        0.0,
        0.0,
        0.047619047619047616,
        0.0,
        0.02857142857142857,
        0.0,
        0.0,
        0.0,
        0.0,
        0.0,
        0.0,
        0.047619047619047616,
        0.0380952380952381,
        0.009523809523809525,
        0.009523809523809525,
        0.0380952380952381,
        0.0,
        0.0
    ],
    "train_interpolate_selection": [
        0.0380952380952381,
        0.0380952380952381,
        0.06666666666666667,
        0.0,
        0.047619047619047616,
        0.0761904761904762,
        0.0761904761904762,
        0.06666666666666667,
        0.047619047619047616,
        0.0380952380952381,
        0.0761904761904762,
        0.047619047619047616,
        0.047619047619047616,
        0.06666666666666667,
        0.0761904761904762,
        0.05714285714285714,
        0.0380952380952381,
        0.0380952380952381,
        0.0380952380952381,
        0.047619047619047616
    ],
    "train_interpolate_cycle_selection": [
        0.02857142857142857,
        0.0380952380952381,
        0.06666666666666667,
        0.009523809523809525,
        0.047619047619047616,
        0.08571428571428572,
        0.05714285714285714,
        0.06666666666666667,
        0.047619047619047616,
        0.0380952380952381,
        0.06666666666666667,
        0.047619047619047616,
        0.0380952380952381,
        0.06666666666666667,
        0.047619047619047616,
        0.0761904761904762,
        0.0380952380952381,
        0.0380952380952381,
        0.0380952380952381,
        0.047619047619047616
    ]
}