{
    "substraction_one": [
        0.548103,
        0.468192,
        0.630915,
        0.482143,
        0.415067,
        0.633371,
        0.528013,
        0.367411,
        0.595424,
        0.494085,
        0.569978,
        0.517969,
        0.555246,
        0.468192,
        0.451562,
        0.583036,
        0.333705,
        0.464955,
        0.596875,
        0.279688
    ],
    "eval_set_one2n_accu": [
        0.9995805369127517,
        1.0,
        1.0,
        1.0,
        0.9966442953020134,
        1.0,
        1.0,
        1.0,
        1.0,
        1.0,
        1.0,
        1.0,
        0.9995805369127517,
        1.0,
        1.0,
        1.0,
        0.8133389261744967,
        0.9941275167785235,
        0.9987416107382551,
        1.0
    ],
    "eval_set_one2one_accu": [
        0.6841442953020134,
        0.9991610738255033,
        0.9702181208053692,
        1.0,
        0.9593120805369127,
        1.0,
        0.6875,
        1.0,
        0.9970637583892618,
        1.0,
        1.0,
        1.0,
        0.9995805369127517,
        1.0,
        1.0,
        1.0,
        0.6577181208053692,
        0.5373322147651006,
        0.950503355704698,
        1.0
    ],
    "eval_set_one2n_accu_cycle": [
        0.99748322147651,
        0.9991610738255033,
        0.9823825503355704,
        0.9991610738255033,
        0.9928691275167785,
        0.9920302013422819,
        1.0,
        0.9987416107382551,
        0.99748322147651,
        1.0,
        1.0,
        1.0,
        0.9781879194630873,
        1.0,
        1.0,
        1.0,
        0.8863255033557047,
        0.9949664429530202,
        0.9983221476510067,
        1.0
    ],
    "eval_set_one2one_accu_cycle": [
        0.6833053691275168,
        0.9979026845637584,
        0.9664429530201343,
        0.9991610738255033,
        0.950503355704698,
        0.9920302013422819,
        0.6875,
        0.9987416107382551,
        0.9836409395973155,
        1.0,
        1.0,
        1.0,
        0.977768456375839,
        1.0,
        1.0,
        1.0,
        0.8095637583892618,
        0.5687919463087249,
        0.9429530201342282,
        1.0
    ],
    "eval_set_emb_select_accu": [
        0.9068791946308725,
        1.0,
        1.0,
        1.0,
        0.959731543624161,
        1.0,
        0.75,
        1.0,
        1.0,
        1.0,
        1.0,
        1.0,
        1.0,
        1.0,
        1.0,
        1.0,
        0.9093959731543624,
        0.7491610738255033,
        0.9773489932885906,
        1.0
    ],
    "eval_set_emb_select_accu_cycle": [
        0.9060402684563759,
        1.0,
        1.0,
        1.0,
        0.9593120805369127,
        1.0,
        0.75,
        0.9987416107382551,
        1.0,
        1.0,
        1.0,
        1.0,
        1.0,
        1.0,
        1.0,
        1.0,
        0.8842281879194631,
        0.7466442953020134,
        0.9773489932885906,
        1.0
    ],
    "eval_set_emb_self_consistency": [
        0.9924496644295302,
        0.9987416107382551,
        0.9668624161073825,
        0.9991610738255033,
        0.9886744966442953,
        0.9920302013422819,
        1.0,
        0.9987416107382551,
        0.9865771812080537,
        1.0,
        1.0,
        1.0,
        0.9773489932885906,
        1.0,
        1.0,
        1.0,
        0.7554530201342282,
        0.9614093959731543,
        0.9886744966442953,
        1.0
    ],
    "eval_set_emb_label_consistency": [
        1.0,
        1.0,
        1.0,
        1.0,
        1.0,
        1.0,
        1.0,
        1.0,
        1.0,
        1.0,
        1.0,
        1.0,
        1.0,
        1.0,
        1.0,
        1.0,
        0.9745721271393643,
        1.0,
        1.0,
        1.0
    ],
    "eval_set_z_c_recognition_rate": [
        0.9995805369127517,
        1.0,
        1.0,
        1.0,
        0.9979026845637584,
        1.0,
        1.0,
        1.0,
        1.0,
        1.0,
        1.0,
        1.0,
        0.9995805369127517,
        1.0,
        1.0,
        1.0,
        0.8590604026845637,
        0.9941275167785235,
        0.9987416107382551,
        1.0
    ],
    "eval_set_z_c_cycle_recognition_rate": [
        0.99748322147651,
        0.9991610738255033,
        0.9823825503355704,
        0.9991610738255033,
        0.9953859060402684,
        0.9920302013422819,
        1.0,
        0.9987416107382551,
        0.99748322147651,
        1.0,
        1.0,
        1.0,
        0.9781879194630873,
        1.0,
        1.0,
        1.0,
        0.9693791946308725,
        0.9949664429530202,
        0.9983221476510067,
        1.0
    ],
    "emb_matching_rate_one2n": [
        1.0,
        1.0,
        1.0,
        1.0,
        1.0,
        1.0,
        1.0,
        1.0,
        1.0,
        1.0,
        1.0,
        1.0,
        1.0,
        1.0,
        1.0,
        1.0,
        1.0,
        1.0,
        1.0,
        1.0
    ],
    "emb_matching_rate_one2one": [
        0.6577380952380952,
        0.9880952380952381,
        0.9732142857142857,
        1.0,
        0.9375,
        0.9880952380952381,
        0.7023809523809523,
        1.0,
        0.9672619047619048,
        1.0,
        1.0,
        0.9970238095238095,
        0.9880952380952381,
        1.0,
        0.9821428571428571,
        1.0,
        0.9255952380952381,
        0.6577380952380952,
        0.8720238095238095,
        1.0
    ],
    "orderliness": [
        0.9800000000000001,
        0.8524999999999998,
        1.0,
        0.9499999999999998,
        0.9499999999999998,
        1.0,
        0.9349999999999999,
        1.0,
        0.9499999999999998,
        1.0,
        1.0,
        1.0,
        1.0,
        0.9499999999999998,
        0.9499999999999998,
        1.0,
        0.9499999999999998,
        0.9650000000000001,
        0.9875,
        0.9
    ],
    "train_interpolate_modedict": [
        0.8813559322033898,
        0.7906779661016949,
        0.9364406779661018,
        0.7966101694915253,
        0.8050847457627119,
        0.8389830508474576,
        0.7449152542372881,
        0.940677966101695,
        0.7923728813559322,
        0.9745762711864406,
        0.9491525423728813,
        0.9491525423728812,
        0.8745762711864409,
        0.8559322033898307,
        0.738135593220339,
        0.9661016949152541,
        0.7669491525423728,
        0.8677966101694917,
        0.8838983050847459,
        0.6440677966101694
    ],
    "train_interpolate_cycle_modedict": [
        0.933050847457627,
        0.8559322033898307,
        0.9822033898305083,
        0.8355932203389831,
        0.8220338983050846,
        0.96864406779661,
        0.7686440677966101,
        0.9805084745762713,
        0.8966101694915254,
        0.9957627118644068,
        0.964406779661017,
        0.9703389830508474,
        0.9779661016949153,
        0.8635593220338984,
        0.8,
        0.9677966101694915,
        0.7838983050847457,
        0.861864406779661,
        0.9305084745762713,
        0.7161016949152542
    ],
    "train_interpolate_selection": [
        0.8593220338983052,
        0.9194915254237287,
        1.0,
        0.8728813559322035,
        0.8008474576271187,
        0.9915254237288134,
        0.7203389830508475,
        1.0,
        0.940677966101695,
        1.0,
        0.9915254237288134,
        0.9991525423728813,
        1.0,
        0.8559322033898307,
        0.8194915254237287,
        0.9915254237288134,
        0.8033898305084746,
        0.7211864406779661,
        0.9618644067796609,
        0.7542372881355933
    ],