{
    "substraction_one": {
        "value": "0.5 \\pm 0.09",
        "mean": 0.49919650000000015,
        "std": 0.09450034262027837,
        "max": 0.633371,
        "min": 0.279688,
        "count": 20
    },
    "eval_set_one2n_accu": {
        "value": "0.99 \\pm 0.04",
        "mean": 0.9901006711409395,
        "std": 0.040577151513996955,
        "max": 1.0,
        "min": 0.8133389261744967,
        "count": 20
    },
    "eval_set_one2one_accu": {
        "value": "0.92 \\pm 0.14",
        "mean": 0.9221266778523489,
        "std": 0.14358903869019707,
        "max": 1.0,
        "min": 0.5373322147651006,
        "count": 20
    },
    "eval_set_one2n_accu_cycle": {
        "value": "0.99 \\pm 0.02",
        "mean": 0.9908557046979866,
        "std": 0.024691950358445586,
        "max": 1.0,
        "min": 0.8863255033557047,
        "count": 20
    },
    "eval_set_one2one_accu_cycle": {
        "value": "0.93 \\pm 0.13",
        "mean": 0.9279152684563758,
        "std": 0.12725885661497166,
        "max": 1.0,
        "min": 0.5687919463087249,
        "count": 20
    },
    "eval_set_emb_select_accu": {
        "value": "0.96 \\pm 0.08",
        "mean": 0.9626258389261745,
        "std": 0.07632129431623347,
        "max": 1.0,
        "min": 0.7491610738255033,
        "count": 20
    },
    "eval_set_emb_select_accu_cycle": {
        "value": "0.96 \\pm 0.08",
        "mean": 0.9611157718120804,
        "std": 0.07773388936962426,
        "max": 1.0,
        "min": 0.7466442953020134,
        "count": 20
    },
    "eval_set_emb_self_consistency": {
        "value": "0.98 \\pm 0.05",
        "mean": 0.9803062080536913,
        "std": 0.05277680413132503,
        "max": 1.0,
        "min": 0.7554530201342282,
        "count": 20
    },
    "eval_set_emb_label_consistency": {
        "value": "1.0 \\pm 0.01",
        "mean": 0.9987286063569683,
        "std": 0.0055418764074355855,
        "max": 1.0,
        "min": 0.9745721271393643,
        "count": 20
    },
    "eval_set_z_c_recognition_rate": {
        "value": "0.99 \\pm 0.03",
        "mean": 0.9924496644295301,
        "std": 0.03063057213000283,
        "max": 1.0,
        "min": 0.8590604026845637,
        "count": 20
    },
    "eval_set_z_c_cycle_recognition_rate": {
        "value": "1.0 \\pm 0.01",
        "mean": 0.9951342281879196,
        "std": 0.008303250356817862,
        "max": 1.0,
        "min": 0.9693791946308725,
        "count": 20
    },
    "emb_matching_rate_one2n": {
        "value": "1.0 \\pm 0.0",
        "mean": 1.0,
        "std": 0.0,
        "max": 1.0,
        "min": 1.0,
        "count": 20
    },
    "emb_matching_rate_one2one": {
        "value": "0.93 \\pm 0.11",
        "mean": 0.9318452380952381,
        "std": 0.11364956568847565,
        "max": 1.0,
        "min": 0.6577380952380952,
        "count": 20
    },
    "orderliness": {
        "value": "0.97 \\pm 0.04",
        "mean": 0.9659999999999999,
        "std": 0.03849837658914988,
        "max": 1.0,
        "min": 0.8524999999999998,
        "count": 20
    },
    "train_interpolate_modedict": {
        "value": "0.85 \\pm 0.09",
        "mean": 0.8498728813559323,
        "std": 0.0872166380705791,
        "max": 0.9745762711864406,
        "min": 0.6440677966101694,
        "count": 20
    },
    "train_interpolate_cycle_modedict": {
        "value": "0.89 \\pm 0.08",
        "mean": 0.8937711864406779,
        "std": 0.0829622819882129,
        "max": 0.9957627118644068,
        "min": 0.7161016949152542,
        "count": 20
    },
    "train_interpolate_selection": {
        "value": "0.9 \\pm 0.1",
        "mean": 0.9001694915254236,
        "std": 0.09907087756732146,
        "max": 1.0,
        "min": 0.7203389830508475,
        "count": 20
    },
    "train_interpolate_cycle_selection": {
        "value": "0.9 \\pm 0.1",
        "mean": 0.8953813559322035,
        "std": 0.10132470573621656,
        "max": 1.0,
        "min": 0.7033898305084747,
        "count": 20
    }
}