{
    "substraction_one": {
        "value": "0.35 \\pm 0.08",
        "mean": 0.3469084,
        "std": 0.08316467979280627,
        "max": 0.533929,
        "min": 0.177902,
        "count": 20
    },
    "eval_set_one2n_accu": {
        "value": "0.17 \\pm 0.06",
        "mean": 0.16755453020134228,
        "std": 0.06286273659288931,
        "max": 0.32676174496644295,
        "min": 0.06879194630872483,
        "count": 20
    },
    "eval_set_one2one_accu": {
        "value": "0.15 \\pm 0.06",
        "mean": 0.15322986577181208,
        "std": 0.055472165541247745,
        "max": 0.3179530201342282,
        "min": 0.06879194630872483,
        "count": 20
    },
    "eval_set_one2n_accu_cycle": {
        "value": "0.27 \\pm 0.06",
        "mean": 0.26803691275167785,
        "std": 0.06001225420257953,
        "max": 0.4203020134228188,
        "min": 0.14597315436241612,
        "count": 20
    },
    "eval_set_one2one_accu_cycle": {
        "value": "0.26 \\pm 0.06",
        "mean": 0.25717281879194637,
        "std": 0.05526860345514102,
        "max": 0.37793624161073824,
        "min": 0.14597315436241612,
        "count": 20
    },
    "eval_set_emb_select_accu": {
        "value": "0.34 \\pm 0.08",
        "mean": 0.3440855704697987,
        "std": 0.081699748437538,
        "max": 0.5348154362416108,
        "min": 0.19546979865771813,
        "count": 20
    },
    "eval_set_emb_select_accu_cycle": {
        "value": "0.34 \\pm 0.07",
        "mean": 0.3404991610738255,
        "std": 0.06995468228676616,
        "max": 0.46434563758389263,
        "min": 0.1837248322147651,
        "count": 20
    },
    "eval_set_emb_self_consistency": {
        "value": "0.53 \\pm 0.08",
        "mean": 0.5273489932885905,
        "std": 0.07537386360301092,
        "max": 0.6803691275167785,
        "min": 0.38800335570469796,
        "count": 20
    },
    "eval_set_emb_label_consistency": {
        "value": "1.0 \\pm 0.01",
        "mean": 0.9972672104558278,
        "std": 0.0075677047662446595,
        "max": 1.0,
        "min": 0.9680918953414167,
        "count": 20
    },
    "eval_set_z_c_recognition_rate": {
        "value": "0.42 \\pm 0.09",
        "mean": 0.41912751677852345,
        "std": 0.08765399605758853,
        "max": 0.6707214765100671,
        "min": 0.2537751677852349,
        "count": 20
    },
    "eval_set_z_c_cycle_recognition_rate": {
        "value": "0.74 \\pm 0.06",
        "mean": 0.7406879194630873,
        "std": 0.057195695418742705,
        "max": 0.8842281879194631,
        "min": 0.6585570469798657,
        "count": 20
    },
    "emb_matching_rate_one2n": {
        "value": "1.0 \\pm 0.0",
        "mean": 1.0,
        "std": 0.0,
        "max": 1.0,
        "min": 1.0,
        "count": 20
    },
    "emb_matching_rate_one2one": {
        "value": "0.93 \\pm 0.05",
        "mean": 0.9290178571428569,
        "std": 0.05058889140865726,
        "max": 1.0,
        "min": 0.7857142857142857,
        "count": 20
    },
    "orderliness": {
        "value": "0.88 \\pm 0.07",
        "mean": 0.88125,
        "std": 0.06537631451833303,
        "max": 1.0,
        "min": 0.7449999999999999,
        "count": 20
    },
    "train_interpolate_modedict": {
        "value": "0.47 \\pm 0.09",
        "mean": 0.47364406779661017,
        "std": 0.09395316729283303,
        "max": 0.6771186440677965,
        "min": 0.32542372881355935,
        "count": 20
    },
    "train_interpolate_cycle_modedict": {
        "value": "0.6 \\pm 0.08",
        "mean": 0.603771186440678,
        "std": 0.07728538270074996,
        "max": 0.7398305084745763,
        "min": 0.47627118644067795,
        "count": 20
    },
    "train_interpolate_selection": {
        "value": "0.69 \\pm 0.08",
        "mean": 0.6891525423728814,
        "std": 0.08290223646025503,
        "max": 0.8652542372881357,
        "min": 0.5101694915254237,
        "count": 20
    },
    "train_interpolate_cycle_selection": {
        "value": "0.69 \\pm 0.07",
        "mean": 0.6850423728813559,
        "std": 0.0747538693286412,
        "max": 0.8152542372881356,
        "min": 0.5194915254237287,
        "count": 20
    }
}