{
    "substraction_one": [
        0.406696,
        0.407589,
        0.414844,
        0.277232,
        0.355022,
        0.329129,
        0.379018,
        0.316518,
        0.437946,
        0.275446,
        0.256473,
        0.367411,
        0.250781,
        0.405134,
        0.533929,
        0.177902,
        0.422656,
        0.366406,
        0.332701,
        0.225335
    ],
    "eval_set_one2n_accu": [
        0.2181208053691275,
        0.19714765100671142,
        0.11073825503355705,
        0.17407718120805368,
        0.13968120805369127,
        0.10486577181208054,
        0.17491610738255034,
        0.14429530201342283,
        0.32676174496644295,
        0.16736577181208054,
        0.11283557046979865,
        0.18456375838926176,
        0.11073825503355705,
        0.15436241610738255,
        0.3250838926174497,
        0.06879194630872483,
        0.16778523489932887,
        0.15436241610738255,
        0.16191275167785235,
        0.15268456375838926
    ],
    "eval_set_one2one_accu": [
        0.21644295302013422,
        0.15604026845637584,
        0.09731543624161074,
        0.14513422818791946,
        0.11451342281879194,
        0.10486577181208054,
        0.1610738255033557,
        0.14429530201342283,
        0.3179530201342282,
        0.14974832214765102,
        0.10612416107382551,
        0.18456375838926176,
        0.09899328859060402,
        0.15436241610738255,
        0.24790268456375839,
        0.06879194630872483,
        0.16778523489932887,
        0.15436241610738255,
        0.14848993288590603,
        0.12583892617449666
    ],
    "eval_set_one2n_accu_cycle": [
        0.34437919463087246,
        0.28313758389261745,
        0.287751677852349,
        0.2797818791946309,
        0.2269295302013423,
        0.24203020134228187,
        0.27307046979865773,
        0.24958053691275167,
        0.38548657718120805,
        0.25083892617449666,
        0.22609060402684564,
        0.2671979865771812,
        0.19421140939597314,
        0.2676174496644295,
        0.4203020134228188,
        0.14597315436241612,
        0.27181208053691275,
        0.2646812080536913,
        0.26929530201342283,
        0.2105704697986577
    ],
    "eval_set_one2one_accu_cycle": [
        0.3410234899328859,
        0.2701342281879195,
        0.27181208053691275,
        0.2596476510067114,
        0.2177013422818792,
        0.24203020134228187,
        0.26803691275167785,
        0.24958053691275167,
        0.37793624161073824,
        0.23028523489932887,
        0.2214765100671141,
        0.2671979865771812,
        0.17156040268456377,
        0.2676174496644295,
        0.3548657718120805,
        0.14597315436241612,
        0.27181208053691275,
        0.2646812080536913,
        0.26593959731543626,
        0.18414429530201343
    ],
    "eval_set_emb_select_accu": [
        0.4429530201342282,
        0.4463087248322148,
        0.3888422818791946,
        0.337248322147651,
        0.28481543624161076,
        0.3028523489932886,
        0.3640939597315436,
        0.2986577181208054,
        0.5348154362416108,
        0.2940436241610738,
        0.3066275167785235,
        0.3540268456375839,
        0.22651006711409397,
        0.3523489932885906,
        0.46476510067114096,
        0.19546979865771813,
        0.33053691275167785,
        0.35570469798657717,
        0.36577181208053694,
        0.23531879194630873
    ],
    "eval_set_emb_select_accu_cycle": [
        0.4316275167785235,
        0.40981543624161076,
        0.3959731543624161,
        0.3150167785234899,
        0.30453020134228187,
        0.30578859060402686,
        0.36283557046979864,
        0.3028523489932886,
        0.46434563758389263,
        0.30578859060402686,
        0.3376677852348993,
        0.35192953020134227,
        0.2214765100671141,
        0.35109060402684567,
        0.44672818791946306,
        0.1837248322147651,
        0.34689597315436244,
        0.32927852348993286,
        0.38800335570469796,
        0.25461409395973156
    ],
    "eval_set_emb_self_consistency": [
        0.5805369127516778,
        0.5591442953020134,
        0.38800335570469796,
        0.401006711409396,
        0.6048657718120806,
        0.48699664429530204,
        0.6149328859060402,
        0.4983221476510067,
        0.6015100671140939,
        0.5515939597315436,
        0.46140939597315433,
        0.42156040268456374,
        0.4886744966442953,
        0.4836409395973154,
        0.6803691275167785,
        0.47231543624161076,
        0.5855704697986577,
        0.5545302013422819,
        0.5335570469798657,
        0.5784395973154363
    ],
    "eval_set_emb_label_consistency": [
        1.0,
        0.9847715736040609,
        1.0,
        1.0,
        1.0,
        1.0,
        1.0,
        1.0,
        1.0,
        0.9933712121212122,
        1.0,
        1.0,
        0.9991095280498664,
        1.0,
        0.9680918953414167,
        1.0,
        1.0,
        1.0,
        1.0,
        1.0
    ],
    "eval_set_z_c_recognition_rate": [
        0.4664429530201342,
        0.4236577181208054,
        0.2537751677852349,
        0.39052013422818793,
        0.46686241610738255,
        0.35067114093959734,
        0.46686241610738255,
        0.42953020134228187,
        0.5440436241610739,
        0.4446308724832215,
        0.33598993288590606,
        0.33431208053691275,
        0.4748322147651007,
        0.348993288590604,
        0.6707214765100671,
        0.33053691275167785,
        0.39052013422818793,
        0.436241610738255,
        0.37206375838926176,
        0.4513422818791946
    ],
    "eval_set_z_c_cycle_recognition_rate": [
        0.7697147651006712,
        0.6723993288590604,
        0.6736577181208053,
        0.7718120805369127,
        0.7265100671140939,
        0.7470637583892618,
        0.7743288590604027,
        0.761744966442953,
        0.7558724832214765,
        0.777265100671141,
        0.6833053691275168,
        0.6694630872483222,
        0.8330536912751678,
        0.6929530201342282,
        0.8842281879194631,
        0.7076342281879194,
        0.7126677852348994,
        0.7915268456375839,
        0.6585570469798657,
        0.75
    ],
    "emb_matching_rate_one2n": [
        1.0,
        1.0,
        1.0,
        1.0,
        1.0,
        1.0,
        1.0,
        1.0,
        1.0,
        1.0,
        1.0,
        1.0,
        1.0,
        1.0,
        1.0,
        1.0,
        1.0,
        1.0,
        1.0,
        1.0
    ],
    "emb_matching_rate_one2one": [
        0.9464285714285714,
        0.9315476190476191,
        0.8928571428571429,
        0.9107142857142857,
        0.8928571428571429,
        0.9702380952380952,
        0.8988095238095238,
        0.9761904761904762,
        0.875,
        0.9077380952380952,
        0.9613095238095238,
        0.9910714285714286,
        0.8958333333333334,
        0.9761904761904762,
        0.7857142857142857,
        0.9553571428571429,
        0.9553571428571429,
        1.0,
        0.9761904761904762,
        0.8809523809523809
    ],
    "orderliness": [
        0.945,
        0.8875,
        0.89,
        0.9524999999999999,
        0.835,
        0.8399999999999999,
        0.9,
        0.8374999999999998,
        1.0,
        0.905,
        0.7449999999999999,
        0.875,
        0.7674999999999998,
        0.8825,
        0.925,
        0.7700000000000001,
        0.9,
        0.9,
        0.975,
        0.8925000000000001
    ],