model_id,future_pred_acc_x_0,future_pred_acc_x_1,future_pred_acc_x_2,future_pred_acc_x_3,future_pred_acc_x_4,future_pred_acc_x_5,future_pred_acc_x_6,future_pred_acc_z_0,future_pred_acc_z_1,future_pred_acc_z_2,future_pred_acc_z_3,future_pred_acc_z_4,future_pred_acc_z_5,future_pred_acc_z_6,recon_acc_x
major_sax_induced_val6_full_k24_rnn_0/cp_step4701.pt,0.6666666666666666,0.7,0.55,0.5,0.5,0.5,0.3333333333333333,0.6666666666666666,0.8666666666666667,0.55,0.5,0.6666666666666666,0.6666666666666666,0.3333333333333333,1.0
major_sax_induced_val6_full_k24_rnn_1/cp_step4001.pt,0.16666666666666666,0.16666666666666666,0.16666666666666666,0.0,0.16666666666666666,0.16666666666666666,0.16666666666666666,0.16666666666666666,0.16666666666666666,0.16666666666666666,0.16666666666666666,0.16666666666666666,0.16666666666666666,0.0,1.0
major_sax_induced_val6_full_k24_rnn_2/cp_step4801.pt,0.16666666666666666,0.3333333333333333,0.16666666666666666,0.08333333333333333,0.16666666666666666,0.16666666666666666,0.16666666666666666,0.08333333333333333,0.25,0.3333333333333333,0.0,0.16666666666666666,0.3333333333333333,0.3333333333333333,1.0
major_sax_induced_val6_full_k24_rnn_3/cp_step3201.pt,0.5,0.5,0.3333333333333333,0.16666666666666666,0.5,0.6666666666666666,0.5,0.6666666666666666,0.6666666666666666,0.5,0.3333333333333333,0.6666666666666666,0.8333333333333334,0.5,1.0
major_sax_induced_val6_nosymm_k24_rnn_0/cp_step4701.pt,0.6666666666666666,1.0,0.8333333333333334,0.5,0.8333333333333334,1.0,0.6666666666666666,0.8333333333333334,1.0,0.6666666666666666,0.6666666666666666,1.0,0.8333333333333334,0.5,1.0
major_sax_induced_val6_nosymm_k24_rnn_1/cp_step4801.pt,0.16666666666666666,0.16666666666666666,0.16666666666666666,0.0,0.16666666666666666,0.16666666666666666,0.16666666666666666,0.16666666666666666,0.16666666666666666,0.16666666666666666,0.16666666666666666,0.16666666666666666,0.16666666666666666,0.0,1.0
major_sax_induced_val6_nosymm_k24_rnn_2/cp_step4801.pt,0.16666666666666666,0.16666666666666666,0.16666666666666666,0.0,0.16666666666666666,0.16666666666666666,0.16666666666666666,0.16666666666666666,0.16666666666666666,0.16666666666666666,0.16666666666666666,0.16666666666666666,0.16666666666666666,0.0,1.0
major_sax_induced_val6_nosymm_k24_rnn_3/cp_step3401.pt,0.5166666666666667,1.0,1.0,0.48333333333333334,0.8333333333333334,1.0,0.6666666666666666,0.6166666666666667,1.0,1.0,0.5166666666666667,1.0,1.0,0.5166666666666667,1.0
