{
    "substraction_one": {
        "value": "0.49 \\pm 0.08",
        "mean": 0.48934705,
        "std": 0.08283829609152701,
        "max": 0.640402,
        "min": 0.343415,
        "count": 20
    },
    "eval_set_one2n_accu": {
        "value": "0.99 \\pm 0.05",
        "mean": 0.986849832214765,
        "std": 0.05077085195704756,
        "max": 1.0,
        "min": 0.7671979865771812,
        "count": 20
    },
    "eval_set_one2one_accu": {
        "value": "0.98 \\pm 0.08",
        "mean": 0.9774748322147652,
        "std": 0.07567317544773139,
        "max": 1.0,
        "min": 0.652265100671141,
        "count": 20
    },
    "eval_set_one2n_accu_cycle": {
        "value": "0.98 \\pm 0.06",
        "mean": 0.9839345637583892,
        "std": 0.05705347192135777,
        "max": 1.0,
        "min": 0.7378355704697986,
        "count": 20
    },
    "eval_set_one2one_accu_cycle": {
        "value": "0.97 \\pm 0.08",
        "mean": 0.9743498322147651,
        "std": 0.08123628833361476,
        "max": 1.0,
        "min": 0.6266778523489933,
        "count": 20
    },
    "eval_set_emb_select_accu": {
        "value": "0.98 \\pm 0.07",
        "mean": 0.9835360738255033,
        "std": 0.0653056845646778,
        "max": 1.0,
        "min": 0.7000838926174496,
        "count": 20
    },
    "eval_set_emb_select_accu_cycle": {
        "value": "0.98 \\pm 0.07",
        "mean": 0.9816694630872483,
        "std": 0.07190704622504637,
        "max": 1.0,
        "min": 0.6694630872483222,
        "count": 20
    },
    "eval_set_emb_self_consistency": {
        "value": "0.99 \\pm 0.05",
        "mean": 0.9856543624161074,
        "std": 0.04512233663610125,
        "max": 1.0,
        "min": 0.7927852348993288,
        "count": 20
    },
    "eval_set_emb_label_consistency": {
        "value": "1.0 \\pm 0.01",
        "mean": 0.9975246194374467,
        "std": 0.010500887161811334,
        "max": 1.0,
        "min": 0.9517607332368548,
        "count": 20
    },
    "eval_set_z_c_recognition_rate": {
        "value": "1.0 \\pm 0.02",
        "mean": 0.9950293624161073,
        "std": 0.021091643065044383,
        "max": 1.0,
        "min": 0.9031040268456376,
        "count": 20
    },
    "eval_set_z_c_cycle_recognition_rate": {
        "value": "1.0 \\pm 0.01",
        "mean": 0.9957005033557047,
        "std": 0.011935088562223091,
        "max": 1.0,
        "min": 0.9446308724832215,
        "count": 20
    },
    "emb_matching_rate_one2n": {
        "value": "1.0 \\pm 0.0",
        "mean": 0.9997023809523811,
        "std": 0.0012972913522442437,
        "max": 1.0,
        "min": 0.9940476190476191,
        "count": 20
    },
    "emb_matching_rate_one2one": {
        "value": "0.97 \\pm 0.04",
        "mean": 0.9712797619047618,
        "std": 0.03579201610625075,
        "max": 1.0,
        "min": 0.8928571428571429,
        "count": 20
    },
    "orderliness": {
        "value": "0.98 \\pm 0.04",
        "mean": 0.9778749999999998,
        "std": 0.04243579709396304,
        "max": 1.0,
        "min": 0.85,
        "count": 20
    },
    "train_interpolate_modedict": {
        "value": "0.91 \\pm 0.09",
        "mean": 0.9126271186440679,
        "std": 0.0905594425780435,
        "max": 0.9932203389830507,
        "min": 0.6864406779661018,
        "count": 20
    },
    "train_interpolate_cycle_modedict": {
        "value": "0.93 \\pm 0.08",
        "mean": 0.9294915254237287,
        "std": 0.07525337837347676,
        "max": 0.9983050847457626,
        "min": 0.735593220338983,
        "count": 20
    },
    "train_interpolate_selection": {
        "value": "0.95 \\pm 0.08",
        "mean": 0.9466525423728813,
        "std": 0.07605452985233715,
        "max": 1.0,
        "min": 0.7237288135593221,
        "count": 20
    },
    "train_interpolate_cycle_selection": {
        "value": "0.94 \\pm 0.08",
        "mean": 0.9410593220338983,
        "std": 0.08042077069446804,
        "max": 1.0,
        "min": 0.6864406779661019,
        "count": 20
    }
}