{
    "substraction_one": [
        0.590402,
        0.519643,
        0.481585,
        0.379799,
        0.367522,
        0.343415,
        0.562165,
        0.489844,
        0.494754,
        0.562946,
        0.354129,
        0.531808,
        0.466406,
        0.427121,
        0.450893,
        0.640402,
        0.531585,
        0.606808,
        0.530134,
        0.45558
    ],
    "eval_set_one2n_accu": [
        1.0,
        1.0,
        1.0,
        1.0,
        1.0,
        0.7671979865771812,
        1.0,
        0.9714765100671141,
        1.0,
        1.0,
        1.0,
        1.0,
        1.0,
        1.0,
        1.0,
        1.0,
        1.0,
        0.9987416107382551,
        0.9995805369127517,
        1.0
    ],
    "eval_set_one2one_accu": [
        1.0,
        1.0,
        1.0,
        1.0,
        1.0,
        0.652265100671141,
        1.0,
        0.9530201342281879,
        0.9911912751677853,
        0.9911912751677853,
        1.0,
        1.0,
        1.0,
        1.0,
        1.0,
        1.0,
        1.0,
        0.9626677852348994,
        0.9991610738255033,
        1.0
    ],
    "eval_set_one2n_accu_cycle": [
        1.0,
        0.9962248322147651,
        0.9991610738255033,
        0.9979026845637584,
        1.0,
        0.7378355704697986,
        0.9979026845637584,
        0.9614093959731543,
        0.9987416107382551,
        0.9983221476510067,
        1.0,
        0.9991610738255033,
        1.0,
        0.9991610738255033,
        0.9995805369127517,
        0.9970637583892618,
        0.9979026845637584,
        0.9995805369127517,
        0.9987416107382551,
        1.0
    ],
    "eval_set_one2one_accu_cycle": [
        1.0,
        0.9962248322147651,
        0.9991610738255033,
        0.9979026845637584,
        1.0,
        0.6266778523489933,
        0.9979026845637584,
        0.93498322147651,
        0.9899328859060402,
        0.9899328859060402,
        1.0,
        0.9991610738255033,
        1.0,
        0.9991610738255033,
        0.9995805369127517,
        0.9970637583892618,
        0.9979026845637584,
        0.9639261744966443,
        0.99748322147651,
        1.0
    ],
    "eval_set_emb_select_accu": [
        1.0,
        1.0,
        1.0,
        1.0,
        1.0,
        0.7067953020134228,
        1.0,
        0.9723154362416108,
        1.0,
        0.9991610738255033,
        1.0,
        1.0,
        1.0,
        1.0,
        1.0,
        1.0,
        1.0,
        1.0,
        0.9995805369127517,
        1.0
    ],
    "eval_set_emb_select_accu_cycle": [
        1.0,
        0.9962248322147651,
        1.0,
        1.0,
        1.0,
        0.6778523489932886,
        0.9995805369127517,
        0.9714765100671141,
        1.0,
        0.9991610738255033,
        1.0,
        0.9995805369127517,
        1.0,
        1.0,
        0.9995805369127517,
        0.9995805369127517,
        1.0,
        1.0,
        0.9995805369127517,
        1.0
    ],
    "eval_set_emb_self_consistency": [
        1.0,
        0.9962248322147651,
        0.9991610738255033,
        0.9979026845637584,
        1.0,
        0.7927852348993288,
        0.9979026845637584,
        0.9786073825503355,
        0.9987416107382551,
        0.9983221476510067,
        1.0,
        0.9991610738255033,
        1.0,
        0.9991610738255033,
        0.9995805369127517,
        0.9970637583892618,
        0.9979026845637584,
        0.9626677852348994,
        0.9979026845637584,
        1.0
    ],
    "eval_set_emb_label_consistency": [
        1.0,
        1.0,
        1.0,
        1.0,
        1.0,
        0.9517607332368548,
        0.9995798319327731,
        0.9991518235793045,
        1.0,
        1.0,
        1.0,
        1.0,
        1.0,
        1.0,
        1.0,
        1.0,
        1.0,
        1.0,
        1.0,
        1.0
    ],
    "eval_set_z_c_recognition_rate": [
        1.0,
        1.0,
        1.0,
        1.0,
        1.0,
        0.9031040268456376,
        1.0,
        0.9991610738255033,
        1.0,
        1.0,
        1.0,
        1.0,
        1.0,
        1.0,
        1.0,
        1.0,
        1.0,
        0.9987416107382551,
        0.9995805369127517,
        1.0
    ],
    "eval_set_z_c_cycle_recognition_rate": [
        1.0,
        0.9962248322147651,
        0.9991610738255033,
        0.9979026845637584,
        1.0,
        0.9446308724832215,
        0.9983221476510067,
        0.989513422818792,
        0.9987416107382551,
        0.9983221476510067,
        1.0,
        0.9991610738255033,
        1.0,
        0.9991610738255033,
        0.9995805369127517,
        0.9970637583892618,
        0.9979026845637584,
        0.9995805369127517,
        0.9987416107382551,
        1.0
    ],
    "emb_matching_rate_one2n": [
        1.0,
        1.0,
        1.0,
        1.0,
        1.0,
        0.9940476190476191,
        1.0,
        1.0,
        1.0,
        1.0,
        1.0,
        1.0,
        1.0,
        1.0,
        1.0,
        1.0,
        1.0,
        1.0,
        1.0,
        1.0
    ],
    "emb_matching_rate_one2one": [
        0.9851190476190477,
        0.9851190476190477,
        1.0,
        1.0,
        1.0,
        0.9107142857142857,
        0.9821428571428571,
        0.8928571428571429,
        0.9047619047619048,
        0.9017857142857143,
        0.9940476190476191,
        0.9821428571428571,
        0.9642857142857143,
        0.9910714285714286,
        0.9821428571428571,
        0.9791666666666666,
        1.0,
        0.9732142857142857,
        0.9970238095238095,
        1.0
    ],
    "orderliness": [
        1.0,
        1.0,
        1.0,
        0.85,
        0.9499999999999998,
        0.9125,
        1.0,
        0.9824999999999999,
        1.0,
        1.0,
        0.975,
        1.0,
        1.0,
        0.975,
        1.0,
        1.0,
        1.0,
        1.0,
        1.0,
        0.9499999999999998
    ],
    "train_interpolate_modedict": [
        0.9940677966101695,
        0.9669491525423728,
        0.9152542372881356,
        0.6864406779661018,
        0.788135593220339,
        0.7169491525423728,
        0.9796610169491524,
        0.9533898305084746,
        0.964406779661017,
        0.9567796610169493,
        0.7796610169491525,
        0.9610169491525424,
        0.9449152542372881,
        0.883050847457627,
        0.9635593220338983,
        0.9694915254237287,
        0.9915254237288134,
        0.9915254237288134,
        0.9576271186440677,
        0.8898305084745763
    ],
    "train_interpolate_cycle_modedict": [
        0.9957627118644068,
        0.9644067796610167,
        0.9525423728813559,
        0.7889830508474577,
        0.8610169491525426,
        0.7271186440677966,
        0.9889830508474576,
        0.9483050847457626,
        0.9771186440677966,
        0.9677966101694914,
        0.7847457627118644,
        0.9576271186440678,
        0.9610169491525424,
        0.9220338983050846,
        0.964406779661017,
        0.978813559322034,
        0.9949152542372881,
        0.9991525423728813,
        0.9627118644067796,
        0.9110169491525424
    ],
    "train_interpolate_selection": [
        0.9991525423728813,
        0.9728813559322035,
        0.9576271186440677,
        0.8050847457627117,
        0.9152542372881356,
        0.7076271186440677,
        1.0,
        0.9728813559322035,
        0.978813559322034,
        0.9889830508474576,
        0.7957627118644066,
        0.9872881355932203,
        0.9694915254237289,
        0.9516949152542372,
        0.9822033898305087,
        0.985593220338983,
        1.0,
        1.0,
        0.9745762711864406,
        0.9830508474576269
    ],