{
    "substraction_one": {
        "value": "0.49 \\pm 0.08",
        "mean": 0.48934705,
        "std": 0.08283829609152701,
        "max": 0.640402,
        "min": 0.343415,
        "count": 20
    },
    "eval_set_one2n_accu": {
        "value": "0.99 \\pm 0.05",
        "mean": 0.986849832214765,
        "std": 0.05077085195704756,
        "max": 1.0,
        "min": 0.7671979865771812,
        "count": 20
    },
    "eval_set_one2one_accu": {
        "value": "0.98 \\pm 0.08",
        "mean": 0.9774748322147652,
        "std": 0.07567317544773139,
        "max": 1.0,
        "min": 0.652265100671141,
        "count": 20
    },
    "eval_set_one2n_accu_cycle": {
        "value": "0.98 \\pm 0.06",
        "mean": 0.9839345637583892,
        "std": 0.05705347192135777,
        "max": 1.0,
        "min": 0.7378355704697986,
        "count": 20
    },
    "eval_set_one2one_accu_cycle": {
        "value": "0.97 \\pm 0.08",
        "mean": 0.9743498322147651,
        "std": 0.08123628833361476,
        "max": 1.0,
        "min": 0.6266778523489933,
        "count": 20
    },
    "eval_set_emb_select_accu": {
        "value": "0.98 \\pm 0.06",
        "mean": 0.9838926174496645,
        "std": 0.06385426935054656,
        "max": 1.0,
        "min": 0.7067953020134228,
        "count": 20
    },
    "eval_set_emb_select_accu_cycle": {
        "value": "0.98 \\pm 0.07",
        "mean": 0.9821308724832214,
        "std": 0.07007939055036663,
        "max": 1.0,
        "min": 0.6778523489932886,
        "count": 20
    },
    "eval_set_emb_self_consistency": {
        "value": "0.99 \\pm 0.05",
        "mean": 0.9856543624161074,
        "std": 0.04512233663610125,
        "max": 1.0,
        "min": 0.7927852348993288,
        "count": 20
    },
    "eval_set_emb_label_consistency": {
        "value": "1.0 \\pm 0.01",
        "mean": 0.9975246194374467,
        "std": 0.010500887161811334,
        "max": 1.0,
        "min": 0.9517607332368548,
        "count": 20
    },
    "eval_set_z_c_recognition_rate": {
        "value": "1.0 \\pm 0.02",
        "mean": 0.9950293624161073,
        "std": 0.021091643065044383,
        "max": 1.0,
        "min": 0.9031040268456376,
        "count": 20
    },
    "eval_set_z_c_cycle_recognition_rate": {
        "value": "1.0 \\pm 0.01",
        "mean": 0.9957005033557047,
        "std": 0.011935088562223091,
        "max": 1.0,
        "min": 0.9446308724832215,
        "count": 20
    },
    "emb_matching_rate_one2n": {
        "value": "1.0 \\pm 0.0",
        "mean": 0.9997023809523811,
        "std": 0.0012972913522442437,
        "max": 1.0,
        "min": 0.9940476190476191,
        "count": 20
    },
    "emb_matching_rate_one2one": {
        "value": "0.97 \\pm 0.04",
        "mean": 0.9712797619047618,
        "std": 0.03579201610625075,
        "max": 1.0,
        "min": 0.8928571428571429,
        "count": 20
    },
    "orderliness": {
        "value": "0.98 \\pm 0.04",
        "mean": 0.9797499999999999,
        "std": 0.03775662193576116,
        "max": 1.0,
        "min": 0.85,
        "count": 20
    },
    "train_interpolate_modedict": {
        "value": "0.91 \\pm 0.09",
        "mean": 0.9127118644067798,
        "std": 0.09167478396763627,
        "max": 0.9940677966101695,
        "min": 0.6864406779661018,
        "count": 20
    },
    "train_interpolate_cycle_modedict": {
        "value": "0.93 \\pm 0.08",
        "mean": 0.9304237288135594,
        "std": 0.07621085184226332,
        "max": 0.9991525423728813,
        "min": 0.7271186440677966,
        "count": 20
    },
    "train_interpolate_selection": {
        "value": "0.95 \\pm 0.08",
        "mean": 0.9463983050847457,
        "std": 0.07862145121536125,
        "max": 1.0,
        "min": 0.7076271186440677,
        "count": 20
    },
    "train_interpolate_cycle_selection": {
        "value": "0.94 \\pm 0.08",
        "mean": 0.9405932203389831,
        "std": 0.08421609902995413,
        "max": 1.0,
        "min": 0.6669491525423729,
        "count": 20
    }
}