{
    "substraction_one": [
        0.590402,
        0.519643,
        0.481585,
        0.379799,
        0.367522,
        0.343415,
        0.562165,
        0.489844,
        0.494754,
        0.562946,
        0.354129,
        0.531808,
        0.466406,
        0.427121,
        0.450893,
        0.640402,
        0.531585,
        0.606808,
        0.530134,
        0.45558
    ],
    "eval_set_one2n_accu": [
        1.0,
        1.0,
        1.0,
        1.0,
        1.0,
        0.7671979865771812,
        1.0,
        0.9714765100671141,
        1.0,
        1.0,
        1.0,
        1.0,
        1.0,
        1.0,
        1.0,
        1.0,
        1.0,
        0.9987416107382551,
        0.9995805369127517,
        1.0
    ],
    "eval_set_one2one_accu": [
        1.0,
        1.0,
        1.0,
        1.0,
        1.0,
        0.652265100671141,
        1.0,
        0.9530201342281879,
        0.9911912751677853,
        0.9911912751677853,
        1.0,
        1.0,
        1.0,
        1.0,
        1.0,
        1.0,
        1.0,
        0.9626677852348994,
        0.9991610738255033,
        1.0
    ],
    "eval_set_one2n_accu_cycle": [
        1.0,
        0.9962248322147651,
        0.9991610738255033,
        0.9979026845637584,
        1.0,
        0.7378355704697986,
        0.9979026845637584,
        0.9614093959731543,
        0.9987416107382551,
        0.9983221476510067,
        1.0,
        0.9991610738255033,
        1.0,
        0.9991610738255033,
        0.9995805369127517,
        0.9970637583892618,
        0.9979026845637584,
        0.9995805369127517,
        0.9987416107382551,
        1.0
    ],
    "eval_set_one2one_accu_cycle": [
        1.0,
        0.9962248322147651,
        0.9991610738255033,
        0.9979026845637584,
        1.0,
        0.6266778523489933,
        0.9979026845637584,
        0.93498322147651,
        0.9899328859060402,
        0.9899328859060402,
        1.0,
        0.9991610738255033,
        1.0,
        0.9991610738255033,
        0.9995805369127517,
        0.9970637583892618,
        0.9979026845637584,
        0.9639261744966443,
        0.99748322147651,
        1.0
    ],
    "eval_set_emb_select_accu": [
        1.0,
        1.0,
        1.0,
        1.0,
        1.0,
        0.7000838926174496,
        1.0,
        0.9723154362416108,
        1.0,
        0.9987416107382551,
        1.0,
        1.0,
        1.0,
        1.0,
        1.0,
        1.0,
        1.0,
        1.0,
        0.9995805369127517,
        1.0
    ],
    "eval_set_emb_select_accu_cycle": [
        1.0,
        0.9962248322147651,
        1.0,
        1.0,
        1.0,
        0.6694630872483222,
        0.9995805369127517,
        0.9706375838926175,
        1.0,
        0.9991610738255033,
        1.0,
        0.9995805369127517,
        1.0,
        1.0,
        0.9995805369127517,
        0.9995805369127517,
        1.0,
        1.0,
        0.9995805369127517,
        1.0
    ],
    "eval_set_emb_self_consistency": [
        1.0,
        0.9962248322147651,
        0.9991610738255033,
        0.9979026845637584,
        1.0,
        0.7927852348993288,
        0.9979026845637584,
        0.9786073825503355,
        0.9987416107382551,
        0.9983221476510067,
        1.0,
        0.9991610738255033,
        1.0,
        0.9991610738255033,
        0.9995805369127517,
        0.9970637583892618,
        0.9979026845637584,
        0.9626677852348994,
        0.9979026845637584,
        1.0
    ],
    "eval_set_emb_label_consistency": [
        1.0,
        1.0,
        1.0,
        1.0,
        1.0,
        0.9517607332368548,
        0.9995798319327731,
        0.9991518235793045,
        1.0,
        1.0,
        1.0,
        1.0,
        1.0,
        1.0,
        1.0,
        1.0,
        1.0,
        1.0,
        1.0,
        1.0
    ],
    "eval_set_z_c_recognition_rate": [
        1.0,
        1.0,
        1.0,
        1.0,
        1.0,
        0.9031040268456376,
        1.0,
        0.9991610738255033,
        1.0,
        1.0,
        1.0,
        1.0,
        1.0,
        1.0,
        1.0,
        1.0,
        1.0,
        0.9987416107382551,
        0.9995805369127517,
        1.0
    ],
    "eval_set_z_c_cycle_recognition_rate": [
        1.0,
        0.9962248322147651,
        0.9991610738255033,
        0.9979026845637584,
        1.0,
        0.9446308724832215,
        0.9983221476510067,
        0.989513422818792,
        0.9987416107382551,
        0.9983221476510067,
        1.0,
        0.9991610738255033,
        1.0,
        0.9991610738255033,
        0.9995805369127517,
        0.9970637583892618,
        0.9979026845637584,
        0.9995805369127517,
        0.9987416107382551,
        1.0
    ],
    "emb_matching_rate_one2n": [
        1.0,
        1.0,
        1.0,
        1.0,
        1.0,
        0.9940476190476191,
        1.0,
        1.0,
        1.0,
        1.0,
        1.0,
        1.0,
        1.0,
        1.0,
        1.0,
        1.0,
        1.0,
        1.0,
        1.0,
        1.0
    ],
    "emb_matching_rate_one2one": [
        0.9851190476190477,
        0.9851190476190477,
        1.0,
        1.0,
        1.0,
        0.9107142857142857,
        0.9821428571428571,
        0.8928571428571429,
        0.9047619047619048,
        0.9017857142857143,
        0.9940476190476191,
        0.9821428571428571,
        0.9642857142857143,
        0.9910714285714286,
        0.9821428571428571,
        0.9791666666666666,
        1.0,
        0.9732142857142857,
        0.9970238095238095,
        1.0
    ],
    "orderliness": [
        1.0,
        1.0,
        1.0,
        0.85,
        0.9499999999999998,
        0.8699999999999999,
        1.0,
        0.9875,
        1.0,
        1.0,
        0.975,
        1.0,
        1.0,
        0.975,
        1.0,
        1.0,
        1.0,
        1.0,
        1.0,
        0.9499999999999998
    ],
    "train_interpolate_modedict": [
        0.9932203389830507,
        0.9703389830508475,
        0.9152542372881356,
        0.6864406779661018,
        0.788135593220339,
        0.7245762711864407,
        0.9796610169491526,
        0.9559322033898304,
        0.964406779661017,
        0.95,
        0.7796610169491525,
        0.9593220338983051,
        0.9398305084745763,
        0.8864406779661019,
        0.9635593220338983,
        0.96864406779661,
        0.9915254237288134,
        0.9915254237288134,
        0.954237288135593,
        0.8898305084745763
    ],
    "train_interpolate_cycle_modedict": [
        0.9932203389830507,
        0.9661016949152543,
        0.9449152542372883,
        0.7813559322033898,
        0.8584745762711865,
        0.735593220338983,
        0.9805084745762709,
        0.952542372881356,
        0.9830508474576272,
        0.9584745762711864,
        0.7872881355932202,
        0.9567796610169491,
        0.9559322033898306,
        0.9228813559322033,
        0.9635593220338983,
        0.9805084745762711,
        0.9983050847457626,
        0.9983050847457626,
        0.9601694915254237,
        0.9118644067796611
    ],
    "train_interpolate_selection": [
        1.0,
        0.9754237288135595,
        0.9576271186440677,
        0.8050847457627117,
        0.9152542372881356,
        0.7237288135593221,
        1.0,
        0.9720338983050848,
        0.9838983050847459,
        0.978813559322034,
        0.794915254237288,
        0.9822033898305083,
        0.9703389830508475,
        0.9525423728813559,
        0.978813559322034,
        0.9881355932203387,
        1.0,
        1.0,
        0.9711864406779661,
        0.9830508474576269
    ],