{
    "substraction_one": [
        0.493671,
        0.265823,
        0.303797,
        0.493671,
        0.493671,
        0.531646,
        0.468354,
        0.556962,
        0.493671,
        0.443038,
        0.417722,
        0.582278,
        0.316456,
        0.518987,
        0.506329,
        0.544304,
        0.56962,
        0.367089,
        0.417722,
        0.43038
    ],
    "eval_set_one2n_accu": [
        0.4294478527607362,
        0.09202453987730061,
        0.1656441717791411,
        0.2331288343558282,
        0.3496932515337423,
        0.38650306748466257,
        0.5521472392638037,
        0.4171779141104294,
        0.4049079754601227,
        0.18404907975460122,
        0.3312883435582822,
        0.3558282208588957,
        0.15337423312883436,
        0.38650306748466257,
        0.5153374233128835,
        0.3128834355828221,
        0.6503067484662577,
        0.3128834355828221,
        0.25153374233128833,
        0.2822085889570552
    ],
    "eval_set_one2one_accu": [
        0.4294478527607362,
        0.09202453987730061,
        0.1656441717791411,
        0.2331288343558282,
        0.3496932515337423,
        0.38650306748466257,
        0.5521472392638037,
        0.4171779141104294,
        0.4049079754601227,
        0.18404907975460122,
        0.3312883435582822,
        0.3558282208588957,
        0.15337423312883436,
        0.38650306748466257,
        0.5153374233128835,
        0.3128834355828221,
        0.6503067484662577,
        0.3128834355828221,
        0.25153374233128833,
        0.2822085889570552
    ],
    "eval_set_one2n_accu_cycle": [
        0.5398773006134969,
        0.17791411042944785,
        0.19631901840490798,
        0.3067484662576687,
        0.4049079754601227,
        0.44171779141104295,
        0.588957055214724,
        0.5276073619631901,
        0.5644171779141104,
        0.3006134969325153,
        0.4294478527607362,
        0.38650306748466257,
        0.24539877300613497,
        0.43558282208588955,
        0.6441717791411042,
        0.44785276073619634,
        0.656441717791411,
        0.3803680981595092,
        0.43558282208588955,
        0.3312883435582822
    ],
    "eval_set_one2one_accu_cycle": [
        0.5398773006134969,
        0.17791411042944785,
        0.19631901840490798,
        0.3067484662576687,
        0.4049079754601227,
        0.44171779141104295,
        0.588957055214724,
        0.5276073619631901,
        0.5644171779141104,
        0.3006134969325153,
        0.4294478527607362,
        0.38650306748466257,
        0.24539877300613497,
        0.43558282208588955,
        0.6441717791411042,
        0.44785276073619634,
        0.656441717791411,
        0.3803680981595092,
        0.43558282208588955,
        0.3312883435582822
    ],
    "eval_set_emb_select_accu": [
        0.6073619631901841,
        0.26380368098159507,
        0.34355828220858897,
        0.4110429447852761,
        0.5398773006134969,
        0.588957055214724,
        0.6871165644171779,
        0.6073619631901841,
        0.5644171779141104,
        0.44785276073619634,
        0.4662576687116564,
        0.5030674846625767,
        0.26993865030674846,
        0.5337423312883436,
        0.6687116564417178,
        0.50920245398773,
        0.8159509202453987,
        0.44785276073619634,
        0.4233128834355828,
        0.49079754601226994
    ],
    "eval_set_emb_select_accu_cycle": [
        0.6134969325153374,
        0.25153374233128833,
        0.31901840490797545,
        0.37423312883435583,
        0.4785276073619632,
        0.5766871165644172,
        0.6196319018404908,
        0.6257668711656442,
        0.5705521472392638,
        0.39263803680981596,
        0.49693251533742333,
        0.50920245398773,
        0.3374233128834356,
        0.50920245398773,
        0.7055214723926381,
        0.5337423312883436,
        0.8159509202453987,
        0.4233128834355828,
        0.48466257668711654,
        0.4294478527607362
    ],
    "eval_set_emb_self_consistency": [
        0.7116564417177914,
        0.4539877300613497,
        0.6196319018404908,
        0.588957055214724,
        0.6748466257668712,
        0.7668711656441718,
        0.7730061349693251,
        0.7484662576687117,
        0.6319018404907976,
        0.5276073619631901,
        0.7239263803680982,
        0.803680981595092,
        0.4539877300613497,
        0.8220858895705522,
        0.754601226993865,
        0.6073619631901841,
        0.9141104294478528,
        0.7116564417177914,
        0.4785276073619632,
        0.656441717791411
    ],
    "eval_set_emb_label_consistency": [
        1.0,
        1.0,
        1.0,
        1.0,
        1.0,
        1.0,
        1.0,
        1.0,
        1.0,
        1.0,
        1.0,
        1.0,
        1.0,
        1.0,
        1.0,
        1.0,
        1.0,
        1.0,
        1.0,
        1.0
    ],
    "eval_set_z_c_recognition_rate": [
        0.5950920245398773,
        0.3128834355828221,
        0.4049079754601227,
        0.558282208588957,
        0.6196319018404908,
        0.5337423312883436,
        0.7177914110429447,
        0.6012269938650306,
        0.6319018404907976,
        0.39263803680981596,
        0.6134969325153374,
        0.6319018404907976,
        0.3558282208588957,
        0.588957055214724,
        0.656441717791411,
        0.5460122699386503,
        0.7852760736196319,
        0.6073619631901841,
        0.4233128834355828,
        0.5398773006134969
    ],
    "eval_set_z_c_cycle_recognition_rate": [
        0.8159509202453987,
        0.6319018404907976,
        0.5705521472392638,
        0.8282208588957055,
        0.8159509202453987,
        0.7055214723926381,
        0.8834355828220859,
        0.7914110429447853,
        0.9263803680981595,
        0.6687116564417178,
        0.8098159509202454,
        0.7055214723926381,
        0.6257668711656442,
        0.754601226993865,
        0.8588957055214724,
        0.803680981595092,
        0.803680981595092,
        0.852760736196319,
        0.8711656441717791,
        0.7484662576687117
    ],
    "emb_matching_rate_one2n": [
        1.0,
        1.0,
        1.0,
        1.0,
        1.0,
        1.0,
        1.0,
        1.0,
        1.0,
        1.0,
        1.0,
        1.0,
        1.0,
        1.0,
        1.0,
        1.0,
        1.0,
        1.0,
        1.0,
        1.0
    ],
    "emb_matching_rate_one2one": [
        1.0,
        1.0,
        1.0,
        1.0,
        1.0,
        1.0,
        1.0,
        1.0,
        1.0,
        1.0,
        1.0,
        1.0,
        1.0,
        1.0,
        1.0,
        1.0,
        1.0,
        1.0,
        1.0,
        1.0
    ],
    "orderliness": [
        0.975,
        0.825,
        0.95,
        1.0,
        1.0,
        1.0,
        1.0,
        1.0,
        0.975,
        1.0,
        1.0,
        1.0,
        0.85,
        1.0,
        1.0,
        1.0,
        1.0,
        0.975,
        0.925,
        1.0
    ],
    "train_interpolate_modedict": [
        0.7904761904761904,
        0.29523809523809524,
        0.4095238095238095,
        0.6095238095238096,
        0.7904761904761904,
        0.6571428571428571,
        0.8380952380952381,
        0.7428571428571429,
        0.780952380952381,
        0.5238095238095238,
        0.6666666666666666,
        0.7333333333333333,
        0.3904761904761905,
        0.8285714285714286,
        0.8285714285714286,
        0.6761904761904762,
        0.8952380952380953,
        0.7047619047619048,
        0.5333333333333333,
        0.5904761904761905
    ],