{
    "substraction_one": {
        "value": "0.46 \\pm 0.09",
        "mean": 0.46075954999999996,
        "std": 0.08800873991625775,
        "max": 0.582278,
        "min": 0.265823,
        "count": 20
    },
    "eval_set_one2n_accu": {
        "value": "0.34 \\pm 0.14",
        "mean": 0.33834355828220863,
        "std": 0.13601484344676731,
        "max": 0.6503067484662577,
        "min": 0.09202453987730061,
        "count": 20
    },
    "eval_set_one2one_accu": {
        "value": "0.34 \\pm 0.14",
        "mean": 0.33834355828220863,
        "std": 0.13601484344676731,
        "max": 0.6503067484662577,
        "min": 0.09202453987730061,
        "count": 20
    },
    "eval_set_one2n_accu_cycle": {
        "value": "0.42 \\pm 0.13",
        "mean": 0.4220858895705522,
        "std": 0.1342086764552178,
        "max": 0.656441717791411,
        "min": 0.17791411042944785,
        "count": 20
    },
    "eval_set_one2one_accu_cycle": {
        "value": "0.42 \\pm 0.13",
        "mean": 0.4220858895705522,
        "std": 0.1342086764552178,
        "max": 0.656441717791411,
        "min": 0.17791411042944785,
        "count": 20
    },
    "eval_set_emb_select_accu": {
        "value": "0.51 \\pm 0.13",
        "mean": 0.5095092024539878,
        "std": 0.13286812560150812,
        "max": 0.8159509202453987,
        "min": 0.26380368098159507,
        "count": 20
    },
    "eval_set_emb_select_accu_cycle": {
        "value": "0.5 \\pm 0.13",
        "mean": 0.5033742331288343,
        "std": 0.13357442885508067,
        "max": 0.8159509202453987,
        "min": 0.25153374233128833,
        "count": 20
    },
    "eval_set_emb_self_consistency": {
        "value": "0.67 \\pm 0.12",
        "mean": 0.6711656441717792,
        "std": 0.12353092464935678,
        "max": 0.9141104294478528,
        "min": 0.4539877300613497,
        "count": 20
    },
    "eval_set_emb_label_consistency": {
        "value": "1.0 \\pm 0.0",
        "mean": 1.0,
        "std": 0.0,
        "max": 1.0,
        "min": 1.0,
        "count": 20
    },
    "eval_set_z_c_recognition_rate": {
        "value": "0.56 \\pm 0.12",
        "mean": 0.5558282208588958,
        "std": 0.11877782274875862,
        "max": 0.7852760736196319,
        "min": 0.3128834355828221,
        "count": 20
    },
    "eval_set_z_c_cycle_recognition_rate": {
        "value": "0.77 \\pm 0.09",
        "mean": 0.7736196319018405,
        "std": 0.09297869352523391,
        "max": 0.9263803680981595,
        "min": 0.5705521472392638,
        "count": 20
    },
    "emb_matching_rate_one2n": {
        "value": "1.0 \\pm 0.0",
        "mean": 1.0,
        "std": 0.0,
        "max": 1.0,
        "min": 1.0,
        "count": 20
    },
    "emb_matching_rate_one2one": {
        "value": "1.0 \\pm 0.0",
        "mean": 1.0,
        "std": 0.0,
        "max": 1.0,
        "min": 1.0,
        "count": 20
    },
    "orderliness": {
        "value": "0.97 \\pm 0.05",
        "mean": 0.9737500000000001,
        "std": 0.04967079121576382,
        "max": 1.0,
        "min": 0.825,
        "count": 20
    },
    "train_interpolate_modedict": {
        "value": "0.66 \\pm 0.16",
        "mean": 0.6642857142857144,
        "std": 0.16080508898660806,
        "max": 0.8952380952380953,
        "min": 0.29523809523809524,
        "count": 20
    },
    "train_interpolate_cycle_modedict": {
        "value": "0.73 \\pm 0.14",
        "mean": 0.73,
        "std": 0.1385468804962353,
        "max": 0.8952380952380953,
        "min": 0.41904761904761906,
        "count": 20
    },
    "train_interpolate_selection": {
        "value": "0.83 \\pm 0.12",
        "mean": 0.8295238095238094,
        "std": 0.11745216616933246,
        "max": 1.0,
        "min": 0.5333333333333333,
        "count": 20
    },
    "train_interpolate_cycle_selection": {
        "value": "0.81 \\pm 0.12",
        "mean": 0.8071428571428573,
        "std": 0.12358496118211748,
        "max": 1.0,
        "min": 0.5428571428571428,
        "count": 20
    }
}