{
    "substraction_one": [
        0.116853,
        0.139174,
        0.138504,
        0.131362,
        0.172098,
        0.151897,
        0.140625,
        0.137054,
        0.099442,
        0.113058,
        0.124777,
        0.08683,
        0.144754,
        0.140067,
        0.148772,
        0.111607,
        0.161942,
        0.122433,
        0.132143,
        0.141629
    ],
    "eval_set_one2n_accu": [
        0.03523489932885906,
        0.0,
        0.0008389261744966443,
        0.0,
        0.07256711409395973,
        0.09144295302013423,
        0.014681208053691275,
        0.0,
        0.020134228187919462,
        0.061241610738255035,
        0.0,
        0.0,
        0.0700503355704698,
        0.020134228187919462,
        0.06669463087248322,
        0.07256711409395973,
        0.031459731543624164,
        0.0,
        0.0,
        0.0
    ],
    "eval_set_one2one_accu": [
        0.0,
        0.0,
        0.0,
        0.0,
        0.0,
        0.07927852348993289,
        0.0,
        0.0,
        0.018875838926174497,
        0.0,
        0.06669463087248322,
        0.0,
        0.05956375838926174,
        0.0,
        0.0,
        0.0050335570469798654,
        0.030620805369127518,
        0.0,
        0.0,
        0.0
    ],
    "eval_set_one2n_accu_cycle": [
        0.04823825503355705,
        0.015100671140939598,
        0.028942953020134228,
        0.02936241610738255,
        0.05956375838926174,
        0.041107382550335574,
        0.05201342281879195,
        0.03355704697986577,
        0.04278523489932886,
        0.0436241610738255,
        0.053691275167785234,
        0.020553691275167787,
        0.059983221476510064,
        0.026006711409395974,
        0.040268456375838924,
        0.05830536912751678,
        0.04194630872483222,
        0.005453020134228188,
        0.023909395973154363,
        0.005453020134228188
    ],
    "eval_set_one2one_accu_cycle": [
        0.044043624161073824,
        0.03271812080536913,
        0.012583892617449664,
        0.014681208053691275,
        0.044463087248322146,
        0.018875838926174497,
        0.026845637583892617,
        0.014681208053691275,
        0.044463087248322146,
        0.010486577181208054,
        0.03271812080536913,
        0.02097315436241611,
        0.020553691275167787,
        0.014681208053691275,
        0.006711409395973154,
        0.03691275167785235,
        0.02181208053691275,
        0.004614093959731544,
        0.015939597315436243,
        0.025587248322147652
    ],
    "eval_set_emb_select_accu": [
        0.06291946308724833,
        0.028523489932885907,
        0.023909395973154363,
        0.08557046979865772,
        0.0834731543624161,
        0.06459731543624161,
        0.0796979865771812,
        0.022651006711409395,
        0.057466442953020135,
        0.07214765100671142,
        0.03104026845637584,
        0.051593959731543626,
        0.06501677852348993,
        0.02726510067114094,
        0.03271812080536913,
        0.07298657718120806,
        0.05285234899328859,
        0.059983221476510064,
        0.02936241610738255,
        0.017197986577181208
    ],
    "eval_set_emb_select_accu_cycle": [
        0.04697986577181208,
        0.025167785234899327,
        0.03229865771812081,
        0.041526845637583895,
        0.03565436241610738,
        0.0398489932885906,
        0.03859060402684564,
        0.037751677852348994,
        0.05285234899328859,
        0.04907718120805369,
        0.041107382550335574,
        0.022231543624161073,
        0.04697986577181208,
        0.03523489932885906,
        0.028523489932885907,
        0.059983221476510064,
        0.038171140939597316,
        0.0549496644295302,
        0.031879194630872486,
        0.023909395973154363
    ],
    "eval_set_emb_self_consistency": [
        0.09689597315436242,
        0.0,
        0.015100671140939598,
        0.00587248322147651,
        0.006711409395973154,
        0.02978187919463087,
        0.010067114093959731,
        0.0020973154362416107,
        0.1514261744966443,
        0.018875838926174497,
        0.030620805369127518,
        0.0,
        0.15394295302013422,
        0.015100671140939598,
        0.018875838926174497,
        0.10528523489932885,
        0.054110738255033555,
        0.0,
        0.0964765100671141,
        0.0
    ],
    "eval_set_emb_label_consistency": [
        0.3780276816608997,
        0,
        0.23500309214594928,
        0.15384615384615385,
        0.028942953020134228,
        0.04529463500439754,
        0.0970873786407767,
        0.031914893617021274,
        0.477088948787062,
        0.053691275167785234,
        0.11178509532062392,
        0,
        0.16751054852320676,
        0.09430756159728122,
        0.027390438247011952,
        0.2141130981150314,
        0.060388513513513514,
        0,
        0.26623931623931624,
        0
    ],
    "eval_set_z_c_recognition_rate": [
        1.0,
        0.0,
        0.6816275167785235,
        0.012583892617449664,
        1.0,
        1.0,
        0.17785234899328858,
        0.19924496644295303,
        0.37038590604026844,
        1.0,
        0.972734899328859,
        0.0,
        1.0,
        1.0,
        0.8540268456375839,
        0.9114932885906041,
        1.0,
        0.0,
        1.0,
        0.0
    ],
    "eval_set_z_c_cycle_recognition_rate": [
        0.9697986577181208,
        1.0,
        0.9832214765100671,
        0.7126677852348994,
        1.0,
        0.9538590604026845,
        0.9924496644295302,
        0.989513422818792,
        0.9177852348993288,
        1.0,
        0.9953859060402684,
        1.0,
        0.9941275167785235,
        0.9874161073825504,
        0.9832214765100671,
        0.9370805369127517,
        0.9932885906040269,
        0.0834731543624161,
        0.9815436241610739,
        0.9958053691275168
    ],
    "emb_matching_rate_one2n": [
        0.16071428571428573,
        0.18452380952380953,
        0.4732142857142857,
        0.4107142857142857,
        0.44047619047619047,
        0.45535714285714285,
        0.47619047619047616,
        0.39880952380952384,
        0.17559523809523808,
        0.36607142857142855,
        0.39880952380952384,
        0.17857142857142858,
        0.30654761904761907,
        0.40773809523809523,
        0.45535714285714285,
        0.18154761904761904,
        0.3869047619047619,
        0.12202380952380952,
        0.40773809523809523,
        0.22916666666666666
    ],
    "emb_matching_rate_one2one": [
        0.13392857142857142,
        0.17857142857142858,
        0.16964285714285715,
        0.23809523809523808,
        0.2767857142857143,
        0.1875,
        0.3244047619047619,
        0.21428571428571427,
        0.15773809523809523,
        0.19642857142857142,
        0.2113095238095238,
        0.16964285714285715,
        0.1875,
        0.16964285714285715,
        0.2261904761904762,
        0.15178571428571427,
        0.23511904761904762,
        0.11904761904761904,
        0.17261904761904762,
        0.19940476190476192
    ],
    "orderliness": [
        0.1275,
        0.16999999999999998,
        0.215,
        0.29000000000000004,
        0.20749999999999996,
        0.24500000000000002,
        0.27749999999999997,
        0.2875,
        0.1575,
        0.2375,
        0.215,
        0.125,
        0.17250000000000001,
        0.14750000000000002,
        0.255,
        0.175,
        0.275,
        0.12,
        0.22999999999999998,
        0.20750000000000002
    ],