{
    "substraction_one": {
        "value": "0.13 \\pm 0.02",
        "mean": 0.13275104999999998,
        "std": 0.01991610769571956,
        "max": 0.172098,
        "min": 0.08683,
        "count": 20
    },
    "eval_set_one2n_accu": {
        "value": "0.03 \\pm 0.03",
        "mean": 0.02785234899328859,
        "std": 0.03141870927217053,
        "max": 0.09144295302013423,
        "min": 0.0,
        "count": 20
    },
    "eval_set_one2one_accu": {
        "value": "0.01 \\pm 0.02",
        "mean": 0.013003355704697985,
        "std": 0.024717020359382946,
        "max": 0.07927852348993289,
        "min": 0.0,
        "count": 20
    },
    "eval_set_one2n_accu_cycle": {
        "value": "0.04 \\pm 0.02",
        "mean": 0.03649328859060403,
        "std": 0.016452366843645743,
        "max": 0.059983221476510064,
        "min": 0.005453020134228188,
        "count": 20
    },
    "eval_set_one2one_accu_cycle": {
        "value": "0.02 \\pm 0.01",
        "mean": 0.023217281879194633,
        "std": 0.012086270399076277,
        "max": 0.044463087248322146,
        "min": 0.004614093959731544,
        "count": 20
    },
    "eval_set_emb_select_accu": {
        "value": "0.05 \\pm 0.02",
        "mean": 0.050125838926174504,
        "std": 0.019714095733317474,
        "max": 0.07802013422818792,
        "min": 0.018456375838926176,
        "count": 20
    },
    "eval_set_emb_select_accu_cycle": {
        "value": "0.04 \\pm 0.01",
        "mean": 0.039303691275167786,
        "std": 0.011588953624488085,
        "max": 0.06543624161073826,
        "min": 0.022231543624161073,
        "count": 20
    },
    "eval_set_emb_self_consistency": {
        "value": "0.04 \\pm 0.05",
        "mean": 0.04056208053691275,
        "std": 0.049804966930825145,
        "max": 0.15394295302013422,
        "min": 0.0,
        "count": 20
    },
    "eval_set_emb_label_consistency": {
        "value": "0.12 \\pm 0.13",
        "mean": 0.12213157917230825,
        "std": 0.12997738505119846,
        "max": 0.477088948787062,
        "min": 0.0,
        "count": 20
    },
    "eval_set_z_c_recognition_rate": {
        "value": "0.61 \\pm 0.43",
        "mean": 0.6089974832214765,
        "std": 0.4337122618313603,
        "max": 1.0,
        "min": 0.0,
        "count": 20
    },
    "eval_set_z_c_cycle_recognition_rate": {
        "value": "0.92 \\pm 0.2",
        "mean": 0.9235318791946309,
        "std": 0.2025759664721632,
        "max": 1.0,
        "min": 0.0834731543624161,
        "count": 20
    },
    "emb_matching_rate_one2n": {
        "value": "0.33 \\pm 0.12",
        "mean": 0.3308035714285714,
        "std": 0.12056427865540612,
        "max": 0.47619047619047616,
        "min": 0.12202380952380952,
        "count": 20
    },
    "emb_matching_rate_one2one": {
        "value": "0.2 \\pm 0.05",
        "mean": 0.19598214285714283,
        "std": 0.04694722327208697,
        "max": 0.3244047619047619,
        "min": 0.11904761904761904,
        "count": 20
    },
    "orderliness": {
        "value": "0.2 \\pm 0.05",
        "mean": 0.20412500000000003,
        "std": 0.04655155072604993,
        "max": 0.32,
        "min": 0.13000000000000003,
        "count": 20
    },
    "train_interpolate_modedict": {
        "value": "0.03 \\pm 0.03",
        "mean": 0.026313559322033896,
        "std": 0.02873803036993375,
        "max": 0.08220338983050848,
        "min": 0.0,
        "count": 20
    },
    "train_interpolate_cycle_modedict": {
        "value": "0.03 \\pm 0.02",
        "mean": 0.03419491525423729,
        "std": 0.015684320746055715,
        "max": 0.0559322033898305,
        "min": 0.0025423728813559325,
        "count": 20
    },
    "train_interpolate_selection": {
        "value": "0.05 \\pm 0.01",
        "mean": 0.04652542372881356,
        "std": 0.014321532435308894,
        "max": 0.07372881355932202,
        "min": 0.02457627118644068,
        "count": 20
    },
    "train_interpolate_cycle_selection": {
        "value": "0.04 \\pm 0.01",
        "mean": 0.04025423728813559,
        "std": 0.009227175307115022,
        "max": 0.05847457627118644,
        "min": 0.02627118644067797,
        "count": 20
    }
}