{
    "substraction_one": {
        "value": "0.13 \\pm 0.02",
        "mean": 0.13275104999999998,
        "std": 0.01991610769571956,
        "max": 0.172098,
        "min": 0.08683,
        "count": 20
    },
    "eval_set_one2n_accu": {
        "value": "0.03 \\pm 0.03",
        "mean": 0.02785234899328859,
        "std": 0.03141870927217053,
        "max": 0.09144295302013423,
        "min": 0.0,
        "count": 20
    },
    "eval_set_one2one_accu": {
        "value": "0.01 \\pm 0.02",
        "mean": 0.013003355704697985,
        "std": 0.024717020359382946,
        "max": 0.07927852348993289,
        "min": 0.0,
        "count": 20
    },
    "eval_set_one2n_accu_cycle": {
        "value": "0.04 \\pm 0.02",
        "mean": 0.03649328859060403,
        "std": 0.016452366843645743,
        "max": 0.059983221476510064,
        "min": 0.005453020134228188,
        "count": 20
    },
    "eval_set_one2one_accu_cycle": {
        "value": "0.02 \\pm 0.01",
        "mean": 0.023217281879194633,
        "std": 0.012086270399076277,
        "max": 0.044463087248322146,
        "min": 0.004614093959731544,
        "count": 20
    },
    "eval_set_emb_select_accu": {
        "value": "0.05 \\pm 0.02",
        "mean": 0.0510486577181208,
        "std": 0.02191231968442695,
        "max": 0.08557046979865772,
        "min": 0.017197986577181208,
        "count": 20
    },
    "eval_set_emb_select_accu_cycle": {
        "value": "0.04 \\pm 0.01",
        "mean": 0.03913590604026846,
        "std": 0.010149013199337111,
        "max": 0.059983221476510064,
        "min": 0.022231543624161073,
        "count": 20
    },
    "eval_set_emb_self_consistency": {
        "value": "0.04 \\pm 0.05",
        "mean": 0.04056208053691275,
        "std": 0.049804966930825145,
        "max": 0.15394295302013422,
        "min": 0.0,
        "count": 20
    },
    "eval_set_emb_label_consistency": {
        "value": "0.12 \\pm 0.13",
        "mean": 0.12213157917230825,
        "std": 0.12997738505119846,
        "max": 0.477088948787062,
        "min": 0.0,
        "count": 20
    },
    "eval_set_z_c_recognition_rate": {
        "value": "0.61 \\pm 0.43",
        "mean": 0.6089974832214765,
        "std": 0.4337122618313603,
        "max": 1.0,
        "min": 0.0,
        "count": 20
    },
    "eval_set_z_c_cycle_recognition_rate": {
        "value": "0.92 \\pm 0.2",
        "mean": 0.9235318791946309,
        "std": 0.2025759664721632,
        "max": 1.0,
        "min": 0.0834731543624161,
        "count": 20
    },
    "emb_matching_rate_one2n": {
        "value": "0.33 \\pm 0.12",
        "mean": 0.3308035714285714,
        "std": 0.12056427865540612,
        "max": 0.47619047619047616,
        "min": 0.12202380952380952,
        "count": 20
    },
    "emb_matching_rate_one2one": {
        "value": "0.2 \\pm 0.05",
        "mean": 0.19598214285714283,
        "std": 0.04694722327208697,
        "max": 0.3244047619047619,
        "min": 0.11904761904761904,
        "count": 20
    },
    "orderliness": {
        "value": "0.21 \\pm 0.05",
        "mean": 0.206875,
        "std": 0.05407676834833975,
        "max": 0.29000000000000004,
        "min": 0.12,
        "count": 20
    },
    "train_interpolate_modedict": {
        "value": "0.03 \\pm 0.03",
        "mean": 0.02699152542372881,
        "std": 0.030340018683204753,
        "max": 0.08983050847457627,
        "min": 0.0,
        "count": 20
    },
    "train_interpolate_cycle_modedict": {
        "value": "0.03 \\pm 0.02",
        "mean": 0.03457627118644068,
        "std": 0.016223004226419417,
        "max": 0.07203389830508475,
        "min": 0.00423728813559322,
        "count": 20
    },
    "train_interpolate_selection": {
        "value": "0.05 \\pm 0.02",
        "mean": 0.0485593220338983,
        "std": 0.015002872462684318,
        "max": 0.07372881355932202,
        "min": 0.022881355932203393,
        "count": 20
    },
    "train_interpolate_cycle_selection": {
        "value": "0.04 \\pm 0.01",
        "mean": 0.04266949152542372,
        "std": 0.00959640526276641,
        "max": 0.05847457627118645,
        "min": 0.02372881355932203,
        "count": 20
    }
}