{
    "substraction_one": [
        0.418862,
        0.430246,
        0.326451,
        0.253237,
        0.331027,
        0.316741,
        0.26596,
        0.340067,
        0.278237,
        0.164174,
        0.303571,
        0.253571,
        0.448772,
        0.341071,
        0.34096,
        0.329464,
        0.505804,
        0.463281,
        0.202902,
        0.306473
    ],
    "eval_set_one2n_accu": [
        0.44785276073619634,
        0.3496932515337423,
        0.13995398773006135,
        0.18788343558282208,
        0.10429447852760736,
        0.09815950920245399,
        0.11042944785276074,
        0.17101226993865032,
        0.08282208588957055,
        0.10429447852760736,
        0.16257668711656442,
        0.1165644171779141,
        0.21242331288343558,
        0.1411042944785276,
        0.10429447852760736,
        0.147239263803681,
        0.30329754601226994,
        0.26226993865030673,
        0.0977760736196319,
        0.17714723926380369
    ],
    "eval_set_one2one_accu": [
        0.44171779141104295,
        0.3496932515337423,
        0.1223159509202454,
        0.17599693251533743,
        0.10429447852760736,
        0.09815950920245399,
        0.10429447852760736,
        0.1706288343558282,
        0.05828220858895705,
        0.10429447852760736,
        0.15145705521472394,
        0.1165644171779141,
        0.19785276073619631,
        0.1411042944785276,
        0.10429447852760736,
        0.147239263803681,
        0.2910276073619632,
        0.2595858895705521,
        0.0977760736196319,
        0.16487730061349692
    ],
    "eval_set_one2n_accu_cycle": [
        0.48466257668711654,
        0.36809815950920244,
        0.25076687116564417,
        0.24003067484662577,
        0.21242331288343558,
        0.22699386503067484,
        0.20207055214723926,
        0.3178680981595092,
        0.19631901840490798,
        0.17983128834355827,
        0.2668711656441718,
        0.26380368098159507,
        0.3604294478527607,
        0.22699386503067484,
        0.22162576687116564,
        0.25153374233128833,
        0.44631901840490795,
        0.4436349693251534,
        0.20245398773006135,
        0.26226993865030673
    ],
    "eval_set_one2one_accu_cycle": [
        0.48466257668711654,
        0.36809815950920244,
        0.25076687116564417,
        0.24003067484662577,
        0.21242331288343558,
        0.22699386503067484,
        0.20207055214723926,
        0.3174846625766871,
        0.15644171779141106,
        0.17983128834355827,
        0.2668711656441718,
        0.26380368098159507,
        0.3604294478527607,
        0.22699386503067484,
        0.21549079754601227,
        0.25153374233128833,
        0.4401840490797546,
        0.4436349693251534,
        0.20245398773006135,
        0.26226993865030673
    ],
    "eval_set_emb_select_accu": [
        0.5398773006134969,
        0.4233128834355828,
        0.294478527607362,
        0.28412576687116564,
        0.2066717791411043,
        0.26380368098159507,
        0.2147239263803681,
        0.3914877300613497,
        0.22162576687116564,
        0.17791411042944785,
        0.3197852760736196,
        0.26380368098159507,
        0.40452453987730064,
        0.24539877300613497,
        0.2703220858895706,
        0.32515337423312884,
        0.4842791411042945,
        0.5368098159509203,
        0.21549079754601227,
        0.28067484662576686
    ],
    "eval_set_emb_select_accu_cycle": [
        0.5337423312883436,
        0.4049079754601227,
        0.3309049079754601,
        0.2921779141104294,
        0.27952453987730064,
        0.27607361963190186,
        0.24501533742331288,
        0.38535276073619634,
        0.2331288343558282,
        0.19631901840490798,
        0.3328220858895706,
        0.2883435582822086,
        0.3968558282208589,
        0.23274539877300612,
        0.27108895705521474,
        0.3006134969325153,
        0.4762269938650307,
        0.5306748466257669,
        0.23888036809815952,
        0.3052147239263804
    ],
    "eval_set_emb_self_consistency": [
        0.8098159509202454,
        0.8282208588957055,
        0.42484662576687116,
        0.5993098159509203,
        0.5659509202453987,
        0.36809815950920244,
        0.43596625766871167,
        0.4121932515337423,
        0.34087423312883436,
        0.5371932515337423,
        0.5053680981595092,
        0.34355828220858897,
        0.5256901840490797,
        0.5513803680981595,
        0.3861196319018405,
        0.5705521472392638,
        0.4996165644171779,
        0.6012269938650306,
        0.31901840490797545,
        0.522239263803681
    ],
    "eval_set_emb_label_consistency": [
        1.0,
        1.0,
        1.0,
        1.0,
        1.0,
        1.0,
        1.0,
        1.0,
        1.0,
        1.0,
        1.0,
        1.0,
        0.9795918367346939,
        0.9431009957325747,
        1.0,
        1.0,
        1.0,
        1.0,
        1.0,
        1.0
    ],
    "eval_set_z_c_recognition_rate": [
        0.7239263803680982,
        0.7361963190184049,
        0.3895705521472393,
        0.5429447852760736,
        0.3761503067484663,
        0.3006134969325153,
        0.3991564417177914,
        0.33857361963190186,
        0.3013803680981595,
        0.5038343558282209,
        0.39723926380368096,
        0.32515337423312884,
        0.4133435582822086,
        0.5391104294478528,
        0.3619631901840491,
        0.4110429447852761,
        0.5072852760736196,
        0.5249233128834356,
        0.26993865030674846,
        0.4601226993865031
    ],
    "eval_set_z_c_cycle_recognition_rate": [
        0.8711656441717791,
        0.8466257668711656,
        0.6882668711656442,
        0.8726993865030674,
        0.7342791411042945,
        0.7914110429447853,
        0.8470092024539877,
        0.7170245398773006,
        0.7415644171779141,
        0.9194785276073619,
        0.7979294478527608,
        0.8588957055214724,
        0.7994631901840491,
        0.9079754601226994,
        0.7239263803680982,
        0.7852760736196319,
        0.8957055214723927,
        0.8312883435582822,
        0.803680981595092,
        0.8769171779141104
    ],
    "emb_matching_rate_one2n": [
        1.0,
        1.0,
        1.0,
        1.0,
        1.0,
        1.0,
        1.0,
        1.0,
        1.0,
        1.0,
        1.0,
        1.0,
        0.9970238095238095,
        1.0,
        1.0,
        1.0,
        1.0,
        1.0,
        1.0,
        1.0
    ],
    "emb_matching_rate_one2one": [
        1.0,
        1.0,
        0.9910714285714286,
        0.9672619047619048,
        0.9821428571428571,
        0.9970238095238095,
        1.0,
        0.9940476190476191,
        0.9404761904761905,
        0.9910714285714286,
        0.9732142857142857,
        1.0,
        0.9553571428571429,
        0.9761904761904762,
        1.0,
        1.0,
        0.9761904761904762,
        0.9880952380952381,
        1.0,
        1.0
    ],
    "orderliness": [
        1.0,
        0.9,
        0.75,
        0.8,
        0.9,
        0.825,
        0.8,
        0.9499999999999998,
        0.875,
        0.6500000000000001,
        0.9250000000000002,
        0.7750000000000001,
        0.9525,
        0.825,
        0.7750000000000001,
        0.875,
        0.9499999999999998,
        1.0,
        0.875,
        0.8
    ],