{
    "substraction_one": {
        "value": "0.33 \\pm 0.09",
        "mean": 0.33104354999999996,
        "std": 0.08504528859817868,
        "max": 0.505804,
        "min": 0.164174,
        "count": 20
    },
    "eval_set_one2n_accu": {
        "value": "0.18 \\pm 0.09",
        "mean": 0.17605444785276073,
        "std": 0.09403622038633419,
        "max": 0.44785276073619634,
        "min": 0.08282208588957055,
        "count": 20
    },
    "eval_set_one2one_accu": {
        "value": "0.17 \\pm 0.09",
        "mean": 0.1700728527607362,
        "std": 0.09396405417127482,
        "max": 0.44171779141104295,
        "min": 0.05828220858895705,
        "count": 20
    },
    "eval_set_one2n_accu_cycle": {
        "value": "0.28 \\pm 0.09",
        "mean": 0.28124999999999994,
        "std": 0.08907461127969252,
        "max": 0.48466257668711654,
        "min": 0.17983128834355827,
        "count": 20
    },
    "eval_set_one2one_accu_cycle": {
        "value": "0.28 \\pm 0.09",
        "mean": 0.27862346625766876,
        "std": 0.09101239747580085,
        "max": 0.48466257668711654,
        "min": 0.15644171779141106,
        "count": 20
    },
    "eval_set_emb_select_accu": {
        "value": "0.32 \\pm 0.11",
        "mean": 0.3182131901840491,
        "std": 0.10671921564595394,
        "max": 0.5398773006134969,
        "min": 0.17791411042944785,
        "count": 20
    },
    "eval_set_emb_select_accu_cycle": {
        "value": "0.33 \\pm 0.1",
        "mean": 0.3275306748466258,
        "std": 0.09539485843072207,
        "max": 0.5337423312883436,
        "min": 0.19631901840490798,
        "count": 20
    },
    "eval_set_emb_self_consistency": {
        "value": "0.51 \\pm 0.14",
        "mean": 0.507361963190184,
        "std": 0.13558184614339366,
        "max": 0.8282208588957055,
        "min": 0.31901840490797545,
        "count": 20
    },
    "eval_set_emb_label_consistency": {
        "value": "1.0 \\pm 0.01",
        "mean": 0.9961346416233635,
        "std": 0.012952161801975736,
        "max": 1.0,
        "min": 0.9431009957325747,
        "count": 20
    },
    "eval_set_z_c_recognition_rate": {
        "value": "0.44 \\pm 0.13",
        "mean": 0.44112346625766863,
        "std": 0.12525136069990808,
        "max": 0.7361963190184049,
        "min": 0.26993865030674846,
        "count": 20
    },
    "eval_set_z_c_cycle_recognition_rate": {
        "value": "0.82 \\pm 0.07",
        "mean": 0.8155291411042945,
        "std": 0.06654578392971586,
        "max": 0.9194785276073619,
        "min": 0.6882668711656442,
        "count": 20
    },
    "emb_matching_rate_one2n": {
        "value": "1.0 \\pm 0.0",
        "mean": 0.9998511904761905,
        "std": 0.0006486456761221218,
        "max": 1.0,
        "min": 0.9970238095238095,
        "count": 20
    },
    "emb_matching_rate_one2one": {
        "value": "0.99 \\pm 0.02",
        "mean": 0.9866071428571427,
        "std": 0.016637410546873437,
        "max": 1.0,
        "min": 0.9404761904761905,
        "count": 20
    },
    "orderliness": {
        "value": "0.86 \\pm 0.09",
        "mean": 0.860125,
        "std": 0.08830513504321247,
        "max": 1.0,
        "min": 0.6500000000000001,
        "count": 20
    },
    "train_interpolate_modedict": {
        "value": "0.48 \\pm 0.15",
        "mean": 0.48114285714285715,
        "std": 0.1483947667632558,
        "max": 0.838095238095238,
        "min": 0.2885714285714285,
        "count": 20
    },
    "train_interpolate_cycle_modedict": {
        "value": "0.62 \\pm 0.11",
        "mean": 0.6234285714285714,
        "std": 0.11458785457994039,
        "max": 0.8666666666666669,
        "min": 0.4571428571428572,
        "count": 20
    },
    "train_interpolate_selection": {
        "value": "0.68 \\pm 0.11",
        "mean": 0.6754761904761905,
        "std": 0.10512787807379798,
        "max": 0.9104761904761907,
        "min": 0.5152380952380952,
        "count": 20
    },
    "train_interpolate_cycle_selection": {
        "value": "0.67 \\pm 0.11",
        "mean": 0.6715238095238095,
        "std": 0.10751402376491384,
        "max": 0.9104761904761907,
        "min": 0.518095238095238,
        "count": 20
    }
}