{
    "substraction_one": {
        "value": "0.48 \\pm 0.1",
        "mean": 0.47560830000000004,
        "std": 0.0975691706458039,
        "max": 0.616406,
        "min": 0.229353,
        "count": 20
    },
    "eval_set_one2n_accu": {
        "value": "0.96 \\pm 0.1",
        "mean": 0.9590299079754601,
        "std": 0.09560674466964522,
        "max": 0.9996165644171779,
        "min": 0.5521472392638037,
        "count": 20
    },
    "eval_set_one2one_accu": {
        "value": "0.95 \\pm 0.1",
        "mean": 0.948715490797546,
        "std": 0.09720004106220169,
        "max": 0.9996165644171779,
        "min": 0.5521472392638037,
        "count": 20
    },
    "eval_set_one2n_accu_cycle": {
        "value": "0.97 \\pm 0.07",
        "mean": 0.9726226993865031,
        "std": 0.0683616718363298,
        "max": 1.0,
        "min": 0.6809815950920245,
        "count": 20
    },
    "eval_set_one2one_accu_cycle": {
        "value": "0.97 \\pm 0.07",
        "mean": 0.9691334355828222,
        "std": 0.06819674293140864,
        "max": 1.0,
        "min": 0.6809815950920245,
        "count": 20
    },
    "eval_set_emb_select_accu": {
        "value": "0.97 \\pm 0.07",
        "mean": 0.9695743865030675,
        "std": 0.0667210169298221,
        "max": 1.0,
        "min": 0.6871165644171779,
        "count": 20
    },
    "eval_set_emb_select_accu_cycle": {
        "value": "0.97 \\pm 0.05",
        "mean": 0.9736963190184047,
        "std": 0.04821485575505174,
        "max": 1.0,
        "min": 0.7791411042944786,
        "count": 20
    },
    "eval_set_emb_self_consistency": {
        "value": "0.97 \\pm 0.06",
        "mean": 0.9701111963190183,
        "std": 0.056671918583845994,
        "max": 1.0,
        "min": 0.754601226993865,
        "count": 20
    },
    "eval_set_emb_label_consistency": {
        "value": "1.0 \\pm 0.0",
        "mean": 0.9990445859872612,
        "std": 0.004164553130771343,
        "max": 1.0,
        "min": 0.9808917197452229,
        "count": 20
    },
    "eval_set_z_c_recognition_rate": {
        "value": "0.97 \\pm 0.08",
        "mean": 0.9717791411042945,
        "std": 0.07765790822842444,
        "max": 1.0,
        "min": 0.6380368098159509,
        "count": 20
    },
    "eval_set_z_c_cycle_recognition_rate": {
        "value": "0.99 \\pm 0.03",
        "mean": 0.9930406441717791,
        "std": 0.027992182869744257,
        "max": 1.0,
        "min": 0.8711656441717791,
        "count": 20
    },
    "emb_matching_rate_one2n": {
        "value": "1.0 \\pm 0.0",
        "mean": 0.9991071428571429,
        "std": 0.003891874056732755,
        "max": 1.0,
        "min": 0.9821428571428571,
        "count": 20
    },
    "emb_matching_rate_one2one": {
        "value": "0.99 \\pm 0.01",
        "mean": 0.9877976190476192,
        "std": 0.012866646619772194,
        "max": 1.0,
        "min": 0.9613095238095238,
        "count": 20
    },
    "orderliness": {
        "value": "0.98 \\pm 0.02",
        "mean": 0.984875,
        "std": 0.023604488450292664,
        "max": 1.0,
        "min": 0.9125000000000002,
        "count": 20
    },
    "train_interpolate_modedict": {
        "value": "0.91 \\pm 0.12",
        "mean": 0.9134761904761906,
        "std": 0.11617965406275141,
        "max": 1.0,
        "min": 0.47619047619047616,
        "count": 20
    },
    "train_interpolate_cycle_modedict": {
        "value": "0.94 \\pm 0.08",
        "mean": 0.9385238095238094,
        "std": 0.0816171445018998,
        "max": 1.0,
        "min": 0.6285714285714284,
        "count": 20
    },
    "train_interpolate_selection": {
        "value": "0.94 \\pm 0.08",
        "mean": 0.9413809523809522,
        "std": 0.08041867485420365,
        "max": 1.0,
        "min": 0.6285714285714284,
        "count": 20
    },
    "train_interpolate_cycle_selection": {
        "value": "0.94 \\pm 0.07",
        "mean": 0.9425714285714287,
        "std": 0.07224115572510496,
        "max": 0.9990476190476191,
        "min": 0.6666666666666667,
        "count": 20
    }
}