{
    "substraction_one": [
        0.59442,
        0.35971,
        0.535603,
        0.229353,
        0.506362,
        0.530357,
        0.417969,
        0.54375,
        0.44933,
        0.329018,
        0.44654,
        0.519531,
        0.414844,
        0.616406,
        0.519531,
        0.391071,
        0.495536,
        0.590402,
        0.591964,
        0.430469
    ],
    "eval_set_one2n_accu": [
        0.9984662576687117,
        0.9792944785276073,
        0.9635736196319018,
        0.9601226993865031,
        0.9973159509202454,
        0.9992331288343558,
        0.9762269938650306,
        0.9861963190184049,
        0.9681748466257669,
        0.5521472392638037,
        0.9382668711656442,
        0.9996165644171779,
        0.9992331288343558,
        0.9938650306748467,
        0.9835122699386503,
        0.9946319018404908,
        0.9815950920245399,
        0.9217791411042945,
        0.9938650306748467,
        0.9934815950920245
    ],
    "eval_set_one2one_accu": [
        0.9969325153374233,
        0.9700920245398773,
        0.9628067484662577,
        0.8719325153374233,
        0.9969325153374233,
        0.9984662576687117,
        0.9762269938650306,
        0.9831288343558282,
        0.963957055214724,
        0.5521472392638037,
        0.9325153374233128,
        0.9996165644171779,
        0.9992331288343558,
        0.9923312883435583,
        0.9827453987730062,
        0.9942484662576687,
        0.9244631901840491,
        0.9049079754601227,
        0.9904141104294478,
        0.9812116564417178
    ],
    "eval_set_one2n_accu_cycle": [
        0.9984662576687117,
        0.9792944785276073,
        0.9819785276073619,
        0.9846625766871165,
        0.9973159509202454,
        0.9992331288343558,
        0.9762269938650306,
        0.9927147239263804,
        0.9681748466257669,
        0.6809815950920245,
        0.9838957055214724,
        1.0,
        0.9996165644171779,
        0.9938650306748467,
        0.9896472392638037,
        0.9946319018404908,
        1.0,
        0.9401840490797546,
        0.9976993865030674,
        0.9938650306748467
    ],
    "eval_set_one2one_accu_cycle": [
        0.9969325153374233,
        0.9792944785276073,
        0.9819785276073619,
        0.9846625766871165,
        0.9969325153374233,
        0.9992331288343558,
        0.9762269938650306,
        0.9927147239263804,
        0.964340490797546,
        0.6809815950920245,
        0.9838957055214724,
        1.0,
        0.9996165644171779,
        0.9938650306748467,
        0.9896472392638037,
        0.9946319018404908,
        0.9428680981595092,
        0.9401840490797546,
        0.9942484662576687,
        0.9904141104294478
    ],
    "eval_set_emb_select_accu": [
        0.9984662576687117,
        0.9792944785276073,
        0.9819785276073619,
        0.9892638036809815,
        0.9988496932515337,
        1.0,
        0.9482361963190185,
        0.9666411042944786,
        0.9474693251533742,
        0.6871165644171779,
        0.9842791411042945,
        1.0,
        1.0,
        0.991180981595092,
        0.9827453987730062,
        0.9950153374233128,
        0.9938650306748467,
        0.9635736196319018,
        0.9980828220858896,
        0.9854294478527608
    ],
    "eval_set_emb_select_accu_cycle": [
        0.9984662576687117,
        0.9792944785276073,
        0.9815950920245399,
        0.9896472392638037,
        0.9973159509202454,
        0.9992331288343558,
        0.9482361963190185,
        0.9693251533742331,
        0.9474693251533742,
        0.7791411042944786,
        0.9838957055214724,
        1.0,
        0.9996165644171779,
        0.9904141104294478,
        0.9831288343558282,
        0.9950153374233128,
        1.0,
        0.9401840490797546,
        0.9988496932515337,
        0.9930981595092024
    ],
    "eval_set_emb_self_consistency": [
        1.0,
        0.9846625766871165,
        0.9808282208588958,
        0.8868865030674846,
        0.9984662576687117,
        0.9984662576687117,
        0.986579754601227,
        0.9904141104294478,
        0.9973159509202454,
        0.754601226993865,
        0.9478527607361963,
        0.9996165644171779,
        0.9992331288343558,
        0.9976993865030674,
        0.9850460122699386,
        0.9969325153374233,
        0.9815950920245399,
        0.9309815950920245,
        0.9961656441717791,
        0.9888803680981595
    ],
    "eval_set_emb_label_consistency": [
        1.0,
        1.0,
        1.0,
        1.0,
        1.0,
        1.0,
        1.0,
        1.0,
        1.0,
        1.0,
        1.0,
        1.0,
        1.0,
        1.0,
        1.0,
        1.0,
        1.0,
        0.9808917197452229,
        1.0,
        1.0
    ],
    "eval_set_z_c_recognition_rate": [
        1.0,
        1.0,
        0.9754601226993865,
        0.9754601226993865,
        0.9984662576687117,
        0.9992331288343558,
        0.986579754601227,
        0.9934815950920245,
        0.9973159509202454,
        0.6380368098159509,
        0.9536042944785276,
        0.9996165644171779,
        0.9992331288343558,
        0.9988496932515337,
        0.9858128834355828,
        0.9973159509202454,
        0.9815950920245399,
        0.9631901840490797,
        0.9950153374233128,
        0.9973159509202454
    ],
    "eval_set_z_c_cycle_recognition_rate": [
        1.0,
        1.0,
        0.9938650306748467,
        1.0,
        1.0,
        1.0,
        1.0,
        1.0,
        0.9992331288343558,
        0.8711656441717791,
        1.0,
        1.0,
        1.0,
        0.9996165644171779,
        1.0,
        0.9988496932515337,
        1.0,
        1.0,
        0.9988496932515337,
        0.9992331288343558
    ],
    "emb_matching_rate_one2n": [
        1.0,
        1.0,
        1.0,
        1.0,
        1.0,
        1.0,
        1.0,
        1.0,
        0.9821428571428571,
        1.0,
        1.0,
        1.0,
        1.0,
        1.0,
        1.0,
        1.0,
        1.0,
        1.0,
        1.0,
        1.0
    ],
    "emb_matching_rate_one2one": [
        1.0,
        0.9821428571428571,
        0.9910714285714286,
        0.9940476190476191,
        1.0,
        1.0,
        0.9851190476190477,
        0.9672619047619048,
        0.9613095238095238,
        1.0,
        0.9732142857142857,
        1.0,
        0.9880952380952381,
        0.9940476190476191,
        0.9970238095238095,
        0.9910714285714286,
        0.9970238095238095,
        0.9613095238095238,
        0.9761904761904762,
        0.9970238095238095
    ],
    "orderliness": [
        1.0,
        1.0,
        1.0,
        1.0,
        0.975,
        0.975,
        0.9974999999999999,
        1.0,
        0.9125000000000002,
        0.9499999999999998,
        0.97,
        1.0,
        1.0,
        0.97,
        0.9499999999999998,
        1.0,
        1.0,
        0.9974999999999999,
        1.0,
        1.0
    ],
    "train_interpolate_modedict": [
        1.0,
        0.940952380952381,
        0.9238095238095239,
        0.76,
        0.9714285714285713,
        0.9514285714285714,
        0.9533333333333334,
        0.9866666666666667,
        0.883809523809524,
        0.47619047619047616,
        0.8104761904761905,
        0.9904761904761905,
        0.9419047619047619,
        0.9285714285714286,
        0.9619047619047618,
        0.9314285714285715,
        0.9809523809523808,
        0.9142857142857144,
        0.9933333333333334,
        0.9685714285714285
    ],