{
    "substraction_one": {
        "value": "0.49 \\pm 0.12",
        "mean": 0.4873418,
        "std": 0.11816969899284673,
        "max": 0.632911,
        "min": 0.21519,
        "count": 20
    },
    "eval_set_one2n_accu": {
        "value": "0.39 \\pm 0.13",
        "mean": 0.3917177914110429,
        "std": 0.13270939834994017,
        "max": 0.5950920245398773,
        "min": 0.1165644171779141,
        "count": 20
    },
    "eval_set_one2one_accu": {
        "value": "0.39 \\pm 0.13",
        "mean": 0.3917177914110429,
        "std": 0.13270939834994017,
        "max": 0.5950920245398773,
        "min": 0.1165644171779141,
        "count": 20
    },
    "eval_set_one2n_accu_cycle": {
        "value": "0.46 \\pm 0.13",
        "mean": 0.45766871165644163,
        "std": 0.1255257302170221,
        "max": 0.656441717791411,
        "min": 0.18404907975460122,
        "count": 20
    },
    "eval_set_one2one_accu_cycle": {
        "value": "0.46 \\pm 0.13",
        "mean": 0.45766871165644163,
        "std": 0.1255257302170221,
        "max": 0.656441717791411,
        "min": 0.18404907975460122,
        "count": 20
    },
    "eval_set_emb_select_accu": {
        "value": "0.56 \\pm 0.15",
        "mean": 0.5552147239263803,
        "std": 0.14593620743993296,
        "max": 0.7300613496932515,
        "min": 0.2331288343558282,
        "count": 20
    },
    "eval_set_emb_select_accu_cycle": {
        "value": "0.55 \\pm 0.15",
        "mean": 0.5521472392638036,
        "std": 0.14665015070498674,
        "max": 0.7300613496932515,
        "min": 0.25153374233128833,
        "count": 20
    },
    "eval_set_emb_self_consistency": {
        "value": "0.75 \\pm 0.13",
        "mean": 0.751840490797546,
        "std": 0.13372931495167256,
        "max": 0.9386503067484663,
        "min": 0.4601226993865031,
        "count": 20
    },
    "eval_set_emb_label_consistency": {
        "value": "1.0 \\pm 0.0",
        "mean": 1.0,
        "std": 0.0,
        "max": 1.0,
        "min": 1.0,
        "count": 20
    },
    "eval_set_z_c_recognition_rate": {
        "value": "0.6 \\pm 0.1",
        "mean": 0.595398773006135,
        "std": 0.10113353186762103,
        "max": 0.754601226993865,
        "min": 0.38650306748466257,
        "count": 20
    },
    "eval_set_z_c_cycle_recognition_rate": {
        "value": "0.77 \\pm 0.08",
        "mean": 0.7668711656441719,
        "std": 0.07640438679193001,
        "max": 0.9263803680981595,
        "min": 0.6196319018404908,
        "count": 20
    },
    "emb_matching_rate_one2n": {
        "value": "1.0 \\pm 0.0",
        "mean": 1.0,
        "std": 0.0,
        "max": 1.0,
        "min": 1.0,
        "count": 20
    },
    "emb_matching_rate_one2one": {
        "value": "1.0 \\pm 0.0",
        "mean": 1.0,
        "std": 0.0,
        "max": 1.0,
        "min": 1.0,
        "count": 20
    },
    "orderliness": {
        "value": "0.97 \\pm 0.05",
        "mean": 0.9675,
        "std": 0.05367727638395973,
        "max": 1.0,
        "min": 0.825,
        "count": 20
    },
    "train_interpolate_modedict": {
        "value": "0.73 \\pm 0.14",
        "mean": 0.7271428571428571,
        "std": 0.14289761331511616,
        "max": 0.8761904761904762,
        "min": 0.37142857142857144,
        "count": 20
    },
    "train_interpolate_cycle_modedict": {
        "value": "0.77 \\pm 0.12",
        "mean": 0.7690476190476191,
        "std": 0.12281191489391124,
        "max": 0.9047619047619048,
        "min": 0.4380952380952381,
        "count": 20
    },
    "train_interpolate_selection": {
        "value": "0.86 \\pm 0.12",
        "mean": 0.8571428571428571,
        "std": 0.11818736805705576,
        "max": 0.9714285714285714,
        "min": 0.5523809523809524,
        "count": 20
    },
    "train_interpolate_cycle_selection": {
        "value": "0.84 \\pm 0.13",
        "mean": 0.8442857142857143,
        "std": 0.12599805635041217,
        "max": 0.9714285714285714,
        "min": 0.4857142857142857,
        "count": 20
    }
}