{
    "substraction_one": [
        0.632911,
        0.21519,
        0.329114,
        0.56962,
        0.253165,
        0.417722,
        0.493671,
        0.455696,
        0.341772,
        0.56962,
        0.544304,
        0.481013,
        0.607595,
        0.582278,
        0.607595,
        0.556962,
        0.531646,
        0.582278,
        0.544304,
        0.43038
    ],
    "eval_set_one2n_accu": [
        0.49079754601226994,
        0.1165644171779141,
        0.2392638036809816,
        0.3006134969325153,
        0.24539877300613497,
        0.22085889570552147,
        0.4110429447852761,
        0.4601226993865031,
        0.3067484662576687,
        0.5766871165644172,
        0.3128834355828221,
        0.44171779141104295,
        0.44785276073619634,
        0.5950920245398773,
        0.4110429447852761,
        0.5337423312883436,
        0.5153374233128835,
        0.43558282208588955,
        0.5398773006134969,
        0.2331288343558282
    ],
    "eval_set_one2one_accu": [
        0.49079754601226994,
        0.1165644171779141,
        0.2392638036809816,
        0.3006134969325153,
        0.24539877300613497,
        0.22085889570552147,
        0.4110429447852761,
        0.4601226993865031,
        0.3067484662576687,
        0.5766871165644172,
        0.3128834355828221,
        0.44171779141104295,
        0.44785276073619634,
        0.5950920245398773,
        0.4110429447852761,
        0.5337423312883436,
        0.5153374233128835,
        0.43558282208588955,
        0.5398773006134969,
        0.2331288343558282
    ],
    "eval_set_one2n_accu_cycle": [
        0.5398773006134969,
        0.18404907975460122,
        0.294478527607362,
        0.3803680981595092,
        0.2822085889570552,
        0.36809815950920244,
        0.5521472392638037,
        0.4723926380368098,
        0.3496932515337423,
        0.656441717791411,
        0.4294478527607362,
        0.4723926380368098,
        0.48466257668711654,
        0.6319018404907976,
        0.5460122699386503,
        0.5644171779141104,
        0.588957055214724,
        0.49693251533742333,
        0.5521472392638037,
        0.3067484662576687
    ],
    "eval_set_one2one_accu_cycle": [
        0.5398773006134969,
        0.18404907975460122,
        0.294478527607362,
        0.3803680981595092,
        0.2822085889570552,
        0.36809815950920244,
        0.5521472392638037,
        0.4723926380368098,
        0.3496932515337423,
        0.656441717791411,
        0.4294478527607362,
        0.4723926380368098,
        0.48466257668711654,
        0.6319018404907976,
        0.5460122699386503,
        0.5644171779141104,
        0.588957055214724,
        0.49693251533742333,
        0.5521472392638037,
        0.3067484662576687
    ],
    "eval_set_emb_select_accu": [
        0.5950920245398773,
        0.2331288343558282,
        0.3619631901840491,
        0.5030674846625767,
        0.31901840490797545,
        0.4049079754601227,
        0.588957055214724,
        0.6196319018404908,
        0.49079754601226994,
        0.6748466257668712,
        0.48466257668711654,
        0.6257668711656442,
        0.6319018404907976,
        0.7300613496932515,
        0.6809815950920245,
        0.7300613496932515,
        0.6625766871165644,
        0.6687116564417178,
        0.7239263803680982,
        0.37423312883435583
    ],
    "eval_set_emb_select_accu_cycle": [
        0.5950920245398773,
        0.25153374233128833,
        0.34355828220858897,
        0.48466257668711654,
        0.3128834355828221,
        0.4171779141104294,
        0.5950920245398773,
        0.6134969325153374,
        0.4601226993865031,
        0.6993865030674846,
        0.48466257668711654,
        0.6380368098159509,
        0.5950920245398773,
        0.7300613496932515,
        0.6809815950920245,
        0.7177914110429447,
        0.6625766871165644,
        0.6687116564417178,
        0.7239263803680982,
        0.36809815950920244
    ],
    "eval_set_emb_self_consistency": [
        0.9202453987730062,
        0.4601226993865031,
        0.5705521472392638,
        0.6748466257668712,
        0.6932515337423313,
        0.588957055214724,
        0.6441717791411042,
        0.8711656441717791,
        0.7484662576687117,
        0.803680981595092,
        0.6319018404907976,
        0.7791411042944786,
        0.8650306748466258,
        0.9386503067484663,
        0.7300613496932515,
        0.8895705521472392,
        0.8466257668711656,
        0.852760736196319,
        0.9141104294478528,
        0.6134969325153374
    ],
    "eval_set_emb_label_consistency": [
        1.0,
        1.0,
        1.0,
        1.0,
        1.0,
        1.0,
        1.0,
        1.0,
        1.0,
        1.0,
        1.0,
        1.0,
        1.0,
        1.0,
        1.0,
        1.0,
        1.0,
        1.0,
        1.0,
        1.0
    ],
    "eval_set_z_c_recognition_rate": [
        0.754601226993865,
        0.38650306748466257,
        0.49693251533742333,
        0.558282208588957,
        0.5460122699386503,
        0.4785276073619632,
        0.5950920245398773,
        0.656441717791411,
        0.5828220858895705,
        0.7423312883435583,
        0.5337423312883436,
        0.5521472392638037,
        0.6196319018404908,
        0.7361963190184049,
        0.50920245398773,
        0.6993865030674846,
        0.7116564417177914,
        0.5705521472392638,
        0.6993865030674846,
        0.4785276073619632
    ],
    "eval_set_z_c_cycle_recognition_rate": [
        0.8282208588957055,
        0.7116564417177914,
        0.6625766871165644,
        0.754601226993865,
        0.7607361963190185,
        0.8343558282208589,
        0.8895705521472392,
        0.7116564417177914,
        0.754601226993865,
        0.9263803680981595,
        0.8466257668711656,
        0.6196319018404908,
        0.6932515337423313,
        0.7975460122699386,
        0.7300613496932515,
        0.7791411042944786,
        0.8588957055214724,
        0.6993865030674846,
        0.7484662576687117,
        0.7300613496932515
    ],
    "emb_matching_rate_one2n": [
        1.0,
        1.0,
        1.0,
        1.0,
        1.0,
        1.0,
        1.0,
        1.0,
        1.0,
        1.0,
        1.0,
        1.0,
        1.0,
        1.0,
        1.0,
        1.0,
        1.0,
        1.0,
        1.0,
        1.0
    ],
    "emb_matching_rate_one2one": [
        1.0,
        1.0,
        1.0,
        1.0,
        1.0,
        1.0,
        1.0,
        1.0,
        1.0,
        1.0,
        1.0,
        1.0,
        1.0,
        1.0,
        1.0,
        1.0,
        1.0,
        1.0,
        1.0,
        1.0
    ],
    "orderliness": [
        1.0,
        0.825,
        0.95,
        1.0,
        0.825,
        0.975,
        1.0,
        1.0,
        0.975,
        1.0,
        0.95,
        0.975,
        1.0,
        1.0,
        1.0,
        1.0,
        1.0,
        0.975,
        1.0,
        0.9
    ],
    "train_interpolate_modedict": [
        0.7714285714285715,
        0.37142857142857144,
        0.6666666666666666,
        0.5714285714285714,
        0.44761904761904764,
        0.6285714285714286,
        0.819047619047619,
        0.8476190476190476,
        0.6952380952380952,
        0.8761904761904762,
        0.7047619047619048,
        0.780952380952381,
        0.8095238095238095,
        0.8761904761904762,
        0.8380952380952381,
        0.8476190476190476,
        0.8571428571428571,
        0.7238095238095238,
        0.8476190476190476,
        0.5619047619047619
    ],