{
    "substraction_one": [
        0.378978,
        0.401054,
        0.36131,
        0.45592,
        0.242904,
        0.36794,
        0.353677,
        0.263976,
        0.447427,
        0.445563,
        0.273653,
        0.451333,
        0.362995,
        0.313575,
        0.364536,
        0.471044,
        0.438432,
        0.395284,
        0.279601,
        0.304401
    ],
    "eval_set_one2n_accu": [
        0.4867075664621677,
        0.6278118609406953,
        0.3374233128834356,
        1.0,
        0.3456032719836401,
        0.49897750511247446,
        0.3824130879345603,
        0.2965235173824131,
        0.3824130879345603,
        1.0,
        0.30879345603271985,
        0.7300613496932515,
        0.6012269938650306,
        0.4049079754601227,
        0.4396728016359918,
        0.7505112474437627,
        0.36400817995910023,
        0.7648261758691206,
        0.278118609406953,
        0.3783231083844581
    ],
    "eval_set_one2one_accu": [
        0.4212678936605317,
        0.5051124744376279,
        0.17791411042944785,
        1.0,
        0.2842535787321063,
        0.4069529652351738,
        0.2985685071574642,
        0.16155419222903886,
        0.22699386503067484,
        1.0,
        0.2474437627811861,
        0.6625766871165644,
        0.4867075664621677,
        0.36400817995910023,
        0.32719836400818,
        0.6421267893660532,
        0.1901840490797546,
        0.6768916155419223,
        0.22903885480572597,
        0.24130879345603273
    ],
    "eval_set_one2n_accu_cycle": [
        0.47443762781186094,
        0.6257668711656442,
        0.3394683026584867,
        1.0,
        0.3476482617586912,
        0.44171779141104295,
        0.37423312883435583,
        0.2556237218813906,
        0.3619631901840491,
        1.0,
        0.3558282208588957,
        0.7361963190184049,
        0.5460122699386503,
        0.40899795501022496,
        0.4376278118609407,
        0.7157464212678937,
        0.34355828220858897,
        0.7055214723926381,
        0.24948875255623723,
        0.45194274028629855
    ],
    "eval_set_one2one_accu_cycle": [
        0.40081799591002043,
        0.49897750511247446,
        0.1390593047034765,
        1.0,
        0.27607361963190186,
        0.3619631901840491,
        0.2822085889570552,
        0.1574642126789366,
        0.2085889570552147,
        1.0,
        0.25766871165644173,
        0.6625766871165644,
        0.4437627811860941,
        0.36400817995910023,
        0.30265848670756645,
        0.6114519427402862,
        0.17791411042944785,
        0.5930470347648262,
        0.20040899795501022,
        0.3292433537832311
    ],
    "eval_set_emb_select_accu": [
        0.4294478527607362,
        0.43149284253578735,
        0.2249488752556237,
        1.0,
        0.30265848670756645,
        0.4049079754601227,
        0.3333333333333333,
        0.2474437627811861,
        0.26789366053169733,
        1.0,
        0.2740286298568507,
        0.4948875255623722,
        0.4110429447852761,
        0.34151329243353784,
        0.3210633946830266,
        0.5071574642126789,
        0.25153374233128833,
        0.5705521472392638,
        0.19427402862985685,
        0.36400817995910023
    ],
    "eval_set_emb_select_accu_cycle": [
        0.40286298568507156,
        0.41922290388548056,
        0.2085889570552147,
        1.0,
        0.2965235173824131,
        0.3558282208588957,
        0.3149284253578732,
        0.2249488752556237,
        0.24130879345603273,
        1.0,
        0.26993865030674846,
        0.49693251533742333,
        0.36400817995910023,
        0.3312883435582822,
        0.3067484662576687,
        0.48466257668711654,
        0.25153374233128833,
        0.5623721881390593,
        0.18200408997955012,
        0.34355828220858897
    ],
    "eval_set_emb_self_consistency": [
        0.7955010224948875,
        0.9222903885480572,
        0.7116564417177914,
        1.0,
        0.7484662576687117,
        0.7484662576687117,
        0.803680981595092,
        0.5296523517382413,
        0.7341513292433538,
        1.0,
        0.6912065439672802,
        0.8711656441717791,
        0.7730061349693251,
        0.7975460122699386,
        0.852760736196319,
        0.8384458077709611,
        0.7852760736196319,
        0.754601226993865,
        0.7852760736196319,
        0.588957055214724
    ],
    "eval_set_emb_label_consistency": [
        0.8894117647058823,
        0.9754464285714286,
        0.800982800982801,
        1.0,
        0.9270833333333334,
        0.8581730769230769,
        0.9211195928753181,
        0.7327586206896551,
        0.8155555555555556,
        1.0,
        0.8085642317380353,
        0.9574944071588367,
        0.8641686182669789,
        0.9063291139240506,
        0.9521640091116174,
        0.937799043062201,
        0.8237885462555066,
        0.9172749391727494,
        0.8366445916114791,
        0.7800586510263929
    ],
    "eval_set_z_c_recognition_rate": [
        0.918200408997955,
        0.9161554192229039,
        0.8425357873210634,
        1.0,
        0.8098159509202454,
        0.8629856850715747,
        0.8261758691206544,
        0.7648261758691206,
        0.9263803680981595,
        1.0,
        0.8302658486707567,
        0.9161554192229039,
        0.8834355828220859,
        0.8098159509202454,
        0.9059304703476483,
        0.8957055214723927,
        0.9325153374233128,
        0.8895705521472392,
        0.9713701431492843,
        0.6973415132924335
    ],
    "eval_set_z_c_cycle_recognition_rate": [
        0.8977505112474438,
        0.9631901840490797,
        0.9243353783231084,
        1.0,
        0.9468302658486708,
        0.950920245398773,
        0.9038854805725971,
        0.9038854805725971,
        0.9918200408997955,
        1.0,
        0.934560327198364,
        0.9754601226993865,
        0.9570552147239264,
        0.9284253578732107,
        0.9877300613496932,
        0.9120654396728016,
        0.9652351738241309,
        0.9120654396728016,
        0.9366053169734151,
        0.9447852760736196
    ],
    "train_set_one2n_accu": [
        0.5735294117647058,
        0.9313725490196079,
        0.5343137254901961,
        1.0,
        0.5490196078431373,
        0.7401960784313726,
        0.5343137254901961,
        0.4852941176470588,
        0.5294117647058824,
        1.0,
        0.5931372549019608,
        0.8578431372549019,
        0.8627450980392157,
        0.5882352941176471,
        0.7598039215686274,
        0.9117647058823529,
        0.45098039215686275,
        0.8676470588235294,
        0.37254901960784315,
        0.8431372549019608
    ],
    "train_set_one2one_accu": [
        0.43137254901960786,
        0.6372549019607843,
        0.28431372549019607,
        1.0,
        0.4068627450980392,
        0.5441176470588235,
        0.4215686274509804,
        0.31862745098039214,
        0.3235294117647059,
        1.0,
        0.4068627450980392,
        0.6568627450980392,
        0.6568627450980392,
        0.46568627450980393,
        0.4803921568627451,
        0.6715686274509803,
        0.25980392156862747,
        0.6715686274509803,
        0.25980392156862747,
        0.5392156862745098
    ],
    "train_set_one2n_accu_cycle": [
        0.5637254901960784,
        0.9117647058823529,
        0.5784313725490197,
        1.0,
        0.5441176470588235,
        0.6617647058823529,
        0.5098039215686274,
        0.46078431372549017,
        0.5245098039215687,
        1.0,
        0.6029411764705882,
        0.8872549019607843,
        0.8137254901960784,
        0.6029411764705882,
        0.7205882352941176,
        0.8872549019607843,
        0.4411764705882353,
        0.8725490196078431,
        0.3382352941176471,
        0.8284313725490197
    ],