{
    "substraction_one": {
        "value": "0.37 \\pm 0.07",
        "mean": 0.36868015000000004,
        "std": 0.06892226610484815,
        "max": 0.471044,
        "min": 0.242904,
        "count": 20
    },
    "eval_set_one2n_accu": {
        "value": "0.52 \\pm 0.22",
        "mean": 0.518916155419223,
        "std": 0.21869143506103333,
        "max": 1.0,
        "min": 0.278118609406953,
        "count": 20
    },
    "eval_set_one2one_accu": {
        "value": "0.43 \\pm 0.25",
        "mean": 0.4275051124744376,
        "std": 0.24660446397429764,
        "max": 1.0,
        "min": 0.16155419222903886,
        "count": 20
    },
    "eval_set_one2n_accu_cycle": {
        "value": "0.51 \\pm 0.22",
        "mean": 0.5085889570552147,
        "std": 0.21577220016758972,
        "max": 1.0,
        "min": 0.24948875255623723,
        "count": 20
    },
    "eval_set_one2one_accu_cycle": {
        "value": "0.41 \\pm 0.24",
        "mean": 0.4133946830265849,
        "std": 0.24479328420459065,
        "max": 1.0,
        "min": 0.1390593047034765,
        "count": 20
    },
    "eval_set_emb_select_accu": {
        "value": "0.42 \\pm 0.22",
        "mean": 0.4186094069529653,
        "std": 0.21692426042336985,
        "max": 1.0,
        "min": 0.19427402862985685,
        "count": 20
    },
    "eval_set_emb_select_accu_cycle": {
        "value": "0.4 \\pm 0.22",
        "mean": 0.4028629856850716,
        "std": 0.22134593727022794,
        "max": 1.0,
        "min": 0.18200408997955012,
        "count": 20
    },
    "eval_set_emb_self_consistency": {
        "value": "0.79 \\pm 0.11",
        "mean": 0.7866053169734152,
        "std": 0.1119980149592856,
        "max": 1.0,
        "min": 0.5296523517382413,
        "count": 20
    },
    "eval_set_emb_label_consistency": {
        "value": "0.89 \\pm 0.07",
        "mean": 0.8852408662482449,
        "std": 0.07447414520121495,
        "max": 1.0,
        "min": 0.7327586206896551,
        "count": 20
    },
    "eval_set_z_c_recognition_rate": {
        "value": "0.88 \\pm 0.07",
        "mean": 0.8799591002044987,
        "std": 0.07439688540957909,
        "max": 1.0,
        "min": 0.6973415132924335,
        "count": 20
    },
    "eval_set_z_c_cycle_recognition_rate": {
        "value": "0.95 \\pm 0.03",
        "mean": 0.9468302658486708,
        "std": 0.03202874449724206,
        "max": 1.0,
        "min": 0.8977505112474438,
        "count": 20
    },
    "train_set_one2n_accu": {
        "value": "0.7 \\pm 0.19",
        "mean": 0.699264705882353,
        "std": 0.19307923757839,
        "max": 1.0,
        "min": 0.37254901960784315,
        "count": 20
    },
    "train_set_one2one_accu": {
        "value": "0.52 \\pm 0.21",
        "mean": 0.521813725490196,
        "std": 0.20935720148201217,
        "max": 1.0,
        "min": 0.25980392156862747,
        "count": 20
    },
    "train_set_one2n_accu_cycle": {
        "value": "0.69 \\pm 0.19",
        "mean": 0.6875,
        "std": 0.19384063097117127,
        "max": 1.0,
        "min": 0.3382352941176471,
        "count": 20
    },
    "train_set_one2one_accu_cycle": {
        "value": "0.51 \\pm 0.21",
        "mean": 0.5061274509803921,
        "std": 0.21356957683247974,
        "max": 1.0,
        "min": 0.23039215686274508,
        "count": 20
    },
    "train_set_emb_select_accu": {
        "value": "0.5 \\pm 0.2",
        "mean": 0.499264705882353,
        "std": 0.19963848405948734,
        "max": 1.0,
        "min": 0.24019607843137256,
        "count": 20
    },
    "train_set_emb_select_accu_cycle": {
        "value": "0.49 \\pm 0.2",
        "mean": 0.4909313725490196,
        "std": 0.1986188070337175,
        "max": 1.0,
        "min": 0.24509803921568626,
        "count": 20
    },
    "train_set_emb_self_consistency": {
        "value": "0.86 \\pm 0.08",
        "mean": 0.8588235294117647,
        "std": 0.0775625902208568,
        "max": 1.0,
        "min": 0.6715686274509803,
        "count": 20
    },
    "train_set_emb_label_consistency": {
        "value": "0.92 \\pm 0.05",
        "mean": 0.9160834894742604,
        "std": 0.04972970805923892,
        "max": 1.0,
        "min": 0.8292682926829268,
        "count": 20
    },
    "train_set_z_c_recognition_rate": {
        "value": "0.94 \\pm 0.04",
        "mean": 0.9424019607843139,
        "std": 0.036776958742510614,
        "max": 1.0,
        "min": 0.8676470588235294,
        "count": 20
    },
    "train_set_z_c_cycle_recognition_rate": {
        "value": "0.97 \\pm 0.03",
        "mean": 0.9681372549019607,
        "std": 0.027005310825175138,
        "max": 1.0,
        "min": 0.9166666666666666,
        "count": 20
    },
    "emb_matching_rate_one2n": {
        "value": "0.86 \\pm 0.11",
        "mean": 0.8595238095238095,
        "std": 0.10803858385274692,
        "max": 1.0,
        "min": 0.6507936507936508,
        "count": 20
    },
    "emb_matching_rate_one2one": {
        "value": "0.61 \\pm 0.17",
        "mean": 0.6071428571428571,
        "std": 0.170874693111004,
        "max": 1.0,
        "min": 0.36507936507936506,
        "count": 20
    },
    "orderliness": {
        "value": "0.6 \\pm 0.16",
        "mean": 0.5996249999999999,
        "std": 0.1639650782178937,
        "max": 1.0,
        "min": 0.37,
        "count": 20
    },
    "train_interpolate_modedict": {
        "value": "0.28 \\pm 0.24",
        "mean": 0.28247619047619044,
        "std": 0.2444668223110947,
        "max": 0.9714285714285713,
        "min": 0.11142857142857143,
        "count": 20
    },
    "train_interpolate_cycle_modedict": {
        "value": "0.29 \\pm 0.25",
        "mean": 0.287,
        "std": 0.24698991046805105,
        "max": 0.9714285714285713,
        "min": 0.09523809523809523,
        "count": 20
    },
    "train_interpolate_selection": {
        "value": "0.29 \\pm 0.25",
        "mean": 0.29047619047619044,
        "std": 0.24961775766822086,
        "max": 0.9904761904761905,
        "min": 0.11238095238095239,
        "count": 20
    },
    "train_interpolate_cycle_selection": {
        "value": "0.27 \\pm 0.24",
        "mean": 0.2724761904761904,
        "std": 0.24450698231153434,
        "max": 0.9714285714285713,
        "min": 0.11142857142857143,
        "count": 20
    }
}