{
    "eval_set_one2n_accu": [
        0.7281441717791411,
        0.7446319018404908,
        0.6365030674846626,
        0.718941717791411,
        0.8991564417177914,
        0.9375,
        0.6986196319018405,
        0.9141104294478528,
        0.8121165644171779,
        0.8278374233128835,
        1.0,
        0.5943251533742331,
        0.6901840490797546,
        0.8240030674846626,
        0.9654907975460123,
        0.7653374233128835,
        0.9992331288343558,
        0.9835122699386503,
        0.9727760736196319,
        0.8642638036809815
    ],
    "eval_set_one2one_accu": [
        0.5011503067484663,
        0.6687116564417178,
        0.401840490797546,
        0.5203220858895705,
        0.7400306748466258,
        0.6138803680981595,
        0.5187883435582822,
        0.7292944785276073,
        0.4409509202453988,
        0.3535276073619632,
        1.0,
        0.3811349693251534,
        0.40107361963190186,
        0.6690950920245399,
        0.8696319018404908,
        0.5421779141104295,
        0.7944785276073619,
        0.7818251533742331,
        0.8397239263803681,
        0.7576687116564417
    ],
    "eval_set_one2n_accu_cycle": [
        0.9766104294478528,
        0.9658742331288344,
        0.8746165644171779,
        0.9137269938650306,
        0.9681748466257669,
        1.0,
        0.8539110429447853,
        0.9869631901840491,
        0.8949386503067485,
        0.888420245398773,
        1.0,
        0.7496165644171779,
        0.9716257668711656,
        0.9436349693251533,
        1.0,
        0.986579754601227,
        0.9992331288343558,
        0.9930981595092024,
        0.9950153374233128,
        0.9202453987730062
    ],
    "eval_set_one2one_accu_cycle": [
        0.8121165644171779,
        0.9616564417177914,
        0.8623466257668712,
        0.6713957055214724,
        0.8684815950920245,
        0.8466257668711656,
        0.82170245398773,
        0.9869631901840491,
        0.5943251533742331,
        0.6365030674846626,
        1.0,
        0.656058282208589,
        0.8512269938650306,
        0.8048312883435583,
        1.0,
        0.8987730061349694,
        0.9359662576687117,
        0.8711656441717791,
        0.9367331288343558,
        0.9202453987730062
    ],
    "eval_set_emb_select_accu": [
        0.9896472392638037,
        0.9647239263803681,
        0.9371165644171779,
        0.9524539877300614,
        0.9670245398773006,
        1.0,
        0.9075920245398773,
        0.9769938650306749,
        0.9474693251533742,
        0.9946319018404908,
        1.0,
        0.9367331288343558,
        0.9670245398773006,
        1.0,
        1.0,
        0.9976993865030674,
        0.9927147239263804,
        0.9938650306748467,
        0.9950153374233128,
        0.9988496932515337
    ],
    "eval_set_emb_select_accu_cycle": [
        0.9896472392638037,
        0.9743098159509203,
        0.8853527607361963,
        0.8811349693251533,
        0.9670245398773006,
        1.0,
        0.9075920245398773,
        0.9781441717791411,
        0.8941717791411042,
        0.9125766871165644,
        1.0,
        0.8466257668711656,
        0.9670245398773006,
        1.0,
        1.0,
        0.9988496932515337,
        0.9927147239263804,
        0.9938650306748467,
        0.9930981595092024,
        0.9988496932515337
    ],
    "eval_set_emb_self_consistency": [
        0.5249233128834356,
        0.6798312883435583,
        0.44670245398773006,
        0.6545245398773006,
        0.7772239263803681,
        0.6192484662576687,
        0.6970858895705522,
        0.7384969325153374,
        0.6142638036809815,
        0.47047546012269936,
        1.0,
        0.5874233128834356,
        0.4628067484662577,
        0.7013036809815951,
        0.8696319018404908,
        0.5828220858895705,
        0.8462423312883436,
        0.8255368098159509,
        0.8443251533742331,
        0.8021472392638037
    ],
    "eval_set_emb_label_consistency": [
        1.0,
        1.0,
        1.0,
        1.0,
        1.0,
        1.0,
        1.0,
        0.9861111111111112,
        0.9963718820861678,
        0.9844924812030075,
        1.0,
        1.0,
        1.0,
        1.0,
        1.0,
        1.0,
        1.0,
        1.0,
        1.0,
        1.0
    ],
    "eval_set_z_c_recognition_rate": [
        0.7377300613496932,
        0.7515337423312883,
        0.6495398773006135,
        0.723542944785276,
        0.9309815950920245,
        0.9375,
        0.7910276073619632,
        0.9386503067484663,
        0.8454754601226994,
        0.8324386503067485,
        1.0,
        0.6430214723926381,
        0.7120398773006135,
        0.8240030674846626,
        0.9654907975460123,
        0.7661042944785276,
        1.0,
        0.9896472392638037,
        0.9758435582822086,
        0.8642638036809815
    ],
    "eval_set_z_c_cycle_recognition_rate": [
        0.9869631901840491,
        0.973542944785276,
        0.9674079754601227,
        0.9877300613496932,
        1.0,
        1.0,
        0.946319018404908,
        1.0,
        1.0,
        0.9758435582822086,
        1.0,
        0.8048312883435583,
        1.0,
        0.9436349693251533,
        1.0,
        0.9877300613496932,
        1.0,
        0.9992331288343558,
        1.0,
        0.9202453987730062
    ],
    "emb_matching_rate_one2n": [
        1.0,
        0.9910714285714286,
        1.0,
        0.9940476190476191,
        1.0,
        1.0,
        0.9523809523809523,
        0.9970238095238095,
        1.0,
        1.0,
        1.0,
        1.0,
        1.0,
        1.0,
        1.0,
        1.0,
        0.9940476190476191,
        1.0,
        1.0,
        1.0
    ],
    "emb_matching_rate_one2one": [
        0.8809523809523809,
        0.9523809523809523,
        0.8363095238095238,
        0.7827380952380952,
        0.8928571428571429,
        0.8214285714285714,
        0.8809523809523809,
        0.8333333333333334,
        0.7648809523809523,
        0.7083333333333334,
        1.0,
        0.8154761904761905,
        0.7886904761904762,
        0.8869047619047619,
        0.9375,
        0.8809523809523809,
        0.875,
        0.8720238095238095,
        0.8035714285714286,
        0.9375
    ],
    "orderliness": [
        1.0,
        0.9524999999999999,
        0.97,
        0.9625,
        1.0,
        1.0,
        0.9499999999999998,
        0.9974999999999999,
        1.0,
        1.0,
        1.0,
        0.9924999999999999,
        0.9925,
        1.0,
        1.0,
        0.975,
        0.9949999999999999,
        1.0,
        1.0,
        1.0
    ],
    "train_interpolate": [
        0.78,
        0.6733333333333335,
        0.6780952380952382,
        0.6628571428571429,
        0.9114285714285716,
        0.9085714285714287,
        0.6771428571428573,
        0.855238095238095,
        0.8323809523809522,
        0.884761904761905,
        0.9619047619047618,
        0.6885714285714287,
        0.7047619047619048,
        0.8066666666666666,
        0.9523809523809523,
        0.7942857142857143,
        1.0,
        0.9733333333333334,
        0.9276190476190477,
        0.9419047619047619
    ],
    "train_interpolate_cycle": [
        0.9914285714285714,
        0.8923809523809526,
        0.8780952380952384,
        0.9123809523809525,
        0.9809523809523808,
        1.0,
        0.8742857142857146,
        0.9695238095238095,
        0.9495238095238095,
        0.959047619047619,
        0.9714285714285713,
        0.7685714285714285,
        0.9466666666666667,
        0.9695238095238095,
        1.0,
        0.959047619047619,
        1.0,
        0.9695238095238095,
        0.9923809523809524,
        0.9323809523809524
    ]
}