{
    "eval_set_one2n_accu": {
        "value": "0.83 \\pm 0.12",
        "mean": 0.828834355828221,
        "std": 0.12424569636501054,
        "max": 1.0,
        "min": 0.5943251533742331,
        "count": 20
    },
    "eval_set_one2one_accu": {
        "value": "0.63 \\pm 0.18",
        "mean": 0.6262653374233128,
        "std": 0.18124177464558106,
        "max": 1.0,
        "min": 0.3535276073619632,
        "count": 20
    },
    "eval_set_one2n_accu_cycle": {
        "value": "0.94 \\pm 0.06",
        "mean": 0.9441142638036808,
        "std": 0.06391870878124982,
        "max": 1.0,
        "min": 0.7496165644171779,
        "count": 20
    },
    "eval_set_one2one_accu_cycle": {
        "value": "0.85 \\pm 0.12",
        "mean": 0.8468558282208589,
        "std": 0.1191530253461172,
        "max": 1.0,
        "min": 0.5943251533742331,
        "count": 20
    },
    "eval_set_emb_select_accu": {
        "value": "0.98 \\pm 0.03",
        "mean": 0.9759777607361964,
        "std": 0.026628566013613977,
        "max": 1.0,
        "min": 0.9075920245398773,
        "count": 20
    },
    "eval_set_emb_select_accu_cycle": {
        "value": "0.96 \\pm 0.05",
        "mean": 0.9590490797546012,
        "std": 0.04909137611641148,
        "max": 1.0,
        "min": 0.8466257668711656,
        "count": 20
    },
    "eval_set_emb_self_consistency": {
        "value": "0.69 \\pm 0.15",
        "mean": 0.6872507668711656,
        "std": 0.14796859499405812,
        "max": 1.0,
        "min": 0.44670245398773006,
        "count": 20
    },
    "eval_set_emb_label_consistency": {
        "value": "1.0 \\pm 0.0",
        "mean": 0.9983487737200143,
        "std": 0.004427282738030968,
        "max": 1.0,
        "min": 0.9844924812030075,
        "count": 20
    },
    "eval_set_z_c_recognition_rate": {
        "value": "0.84 \\pm 0.12",
        "mean": 0.8439417177914109,
        "std": 0.11556133986130852,
        "max": 1.0,
        "min": 0.6430214723926381,
        "count": 20
    },
    "eval_set_z_c_cycle_recognition_rate": {
        "value": "0.97 \\pm 0.04",
        "mean": 0.9746740797546011,
        "std": 0.0449998005385633,
        "max": 1.0,
        "min": 0.8048312883435583,
        "count": 20
    },
    "emb_matching_rate_one2n": {
        "value": "1.0 \\pm 0.01",
        "mean": 0.9964285714285716,
        "std": 0.010420917500006914,
        "max": 1.0,
        "min": 0.9523809523809523,
        "count": 20
    },
    "emb_matching_rate_one2one": {
        "value": "0.86 \\pm 0.07",
        "mean": 0.8575892857142856,
        "std": 0.06875756889896334,
        "max": 1.0,
        "min": 0.7083333333333334,
        "count": 20
    },
    "orderliness": {
        "value": "0.99 \\pm 0.02",
        "mean": 0.9893749999999999,
        "std": 0.016693468033934736,
        "max": 1.0,
        "min": 0.9499999999999998,
        "count": 20
    },
    "train_interpolate": {
        "value": "0.83 \\pm 0.11",
        "mean": 0.8307619047619047,
        "std": 0.11384960441874116,
        "max": 1.0,
        "min": 0.6628571428571429,
        "count": 20
    },
    "train_interpolate_cycle": {
        "value": "0.95 \\pm 0.06",
        "mean": 0.9458571428571428,
        "std": 0.0557986947075445,
        "max": 1.0,
        "min": 0.7685714285714285,
        "count": 20
    }
}