{
    "substraction_one": {
        "value": "0.14 \\pm 0.03",
        "mean": 0.1355791,
        "std": 0.028540455118830885,
        "max": 0.190761,
        "min": 0.077623,
        "count": 20
    },
    "eval_set_one2n_accu": {
        "value": "0.02 \\pm 0.02",
        "mean": 0.016359918200409,
        "std": 0.020068008875823468,
        "max": 0.06748466257668712,
        "min": 0.0,
        "count": 20
    },
    "eval_set_one2one_accu": {
        "value": "0.02 \\pm 0.02",
        "mean": 0.015132924335378325,
        "std": 0.02187661205777723,
        "max": 0.06748466257668712,
        "min": 0.0,
        "count": 20
    },
    "eval_set_one2n_accu_cycle": {
        "value": "0.03 \\pm 0.01",
        "mean": 0.030674846625766878,
        "std": 0.012455985548336247,
        "max": 0.053169734151329244,
        "min": 0.006134969325153374,
        "count": 20
    },
    "eval_set_one2one_accu_cycle": {
        "value": "0.03 \\pm 0.01",
        "mean": 0.02719836400817996,
        "std": 0.012739810328975478,
        "max": 0.04703476482617587,
        "min": 0.002044989775051125,
        "count": 20
    },
    "eval_set_emb_select_accu": {
        "value": "0.04 \\pm 0.02",
        "mean": 0.03997955010224949,
        "std": 0.020485398633207925,
        "max": 0.06952965235173825,
        "min": 0.006134969325153374,
        "count": 20
    },
    "eval_set_emb_select_accu_cycle": {
        "value": "0.04 \\pm 0.01",
        "mean": 0.03578732106339468,
        "std": 0.014438554689655504,
        "max": 0.06134969325153374,
        "min": 0.010224948875255624,
        "count": 20
    },
    "eval_set_emb_self_consistency": {
        "value": "0.02 \\pm 0.02",
        "mean": 0.01748466257668712,
        "std": 0.02323089482627098,
        "max": 0.09406952965235174,
        "min": 0.0,
        "count": 20
    },
    "eval_set_emb_label_consistency": {
        "value": "0.1 \\pm 0.18",
        "mean": 0.10110035937354182,
        "std": 0.18364928695211177,
        "max": 0.8181818181818182,
        "min": 0.0,
        "count": 20
    },
    "eval_set_z_c_recognition_rate": {
        "value": "0.31 \\pm 0.38",
        "mean": 0.3129856850715746,
        "std": 0.37604602682585186,
        "max": 1.0,
        "min": 0.0,
        "count": 20
    },
    "eval_set_z_c_cycle_recognition_rate": {
        "value": "0.76 \\pm 0.16",
        "mean": 0.7596114519427404,
        "std": 0.1619103462056395,
        "max": 1.0,
        "min": 0.44171779141104295,
        "count": 20
    },
    "train_set_one2n_accu": {
        "value": "0.02 \\pm 0.02",
        "mean": 0.015196078431372547,
        "std": 0.01746226777505576,
        "max": 0.058823529411764705,
        "min": 0.0,
        "count": 20
    },
    "train_set_one2one_accu": {
        "value": "0.01 \\pm 0.02",
        "mean": 0.0125,
        "std": 0.016657653272104115,
        "max": 0.058823529411764705,
        "min": 0.0,
        "count": 20
    },
    "train_set_one2n_accu_cycle": {
        "value": "0.04 \\pm 0.02",
        "mean": 0.03995098039215686,
        "std": 0.015367080234722778,
        "max": 0.07352941176470588,
        "min": 0.014705882352941176,
        "count": 20
    },
    "train_set_one2one_accu_cycle": {
        "value": "0.03 \\pm 0.02",
        "mean": 0.03308823529411765,
        "std": 0.016322498937031794,
        "max": 0.058823529411764705,
        "min": 0.00980392156862745,
        "count": 20
    },
    "train_set_emb_select_accu": {
        "value": "0.04 \\pm 0.02",
        "mean": 0.04240196078431373,
        "std": 0.02182749069980111,
        "max": 0.09803921568627451,
        "min": 0.00980392156862745,
        "count": 20
    },
    "train_set_emb_select_accu_cycle": {
        "value": "0.05 \\pm 0.02",
        "mean": 0.049019607843137254,
        "std": 0.01662335780177762,
        "max": 0.09313725490196079,
        "min": 0.014705882352941176,
        "count": 20
    },
    "train_set_emb_self_consistency": {
        "value": "0.02 \\pm 0.03",
        "mean": 0.018872549019607845,
        "std": 0.02821396764036448,
        "max": 0.10294117647058823,
        "min": 0.0,
        "count": 20
    },
    "train_set_emb_label_consistency": {
        "value": "0.1 \\pm 0.22",
        "mean": 0.10269852198345845,
        "std": 0.22032818282217165,
        "max": 1.0,
        "min": 0.0,
        "count": 20
    },
    "train_set_z_c_recognition_rate": {
        "value": "0.31 \\pm 0.37",
        "mean": 0.3102941176470588,
        "std": 0.3736603007770268,
        "max": 1.0,
        "min": 0.0,
        "count": 20
    },
    "train_set_z_c_cycle_recognition_rate": {
        "value": "0.78 \\pm 0.16",
        "mean": 0.7764705882352941,
        "std": 0.16094862479420238,
        "max": 1.0,
        "min": 0.43137254901960786,
        "count": 20
    },
    "emb_matching_rate_one2n": {
        "value": "0.43 \\pm 0.13",
        "mean": 0.42936507936507934,
        "std": 0.12811746232336713,
        "max": 0.6825396825396826,
        "min": 0.15873015873015872,
        "count": 20
    },
    "emb_matching_rate_one2one": {
        "value": "0.33 \\pm 0.06",
        "mean": 0.3285714285714285,
        "std": 0.05790932173636413,
        "max": 0.3968253968253968,
        "min": 0.15873015873015872,
        "count": 20
    },
    "orderliness": {
        "value": "0.26 \\pm 0.07",
        "mean": 0.257375,
        "std": 0.06774711709733486,
        "max": 0.3875,
        "min": 0.10250000000000001,
        "count": 20
    },
    "train_interpolate_modedict": {
        "value": "0.01 \\pm 0.02",
        "mean": 0.014476190476190476,
        "std": 0.0202425205245841,
        "max": 0.0638095238095238,
        "min": 0.0,
        "count": 20
    },
    "train_interpolate_cycle_modedict": {
        "value": "0.03 \\pm 0.01",
        "mean": 0.02695238095238095,
        "std": 0.011792230041107729,
        "max": 0.04285714285714286,
        "min": 0.004761904761904762,
        "count": 20
    },
    "train_interpolate_selection": {
        "value": "0.04 \\pm 0.02",
        "mean": 0.0382857142857143,
        "std": 0.019554215579735627,
        "max": 0.07428571428571429,
        "min": 0.006666666666666668,
        "count": 20
    },
    "train_interpolate_cycle_selection": {
        "value": "0.04 \\pm 0.01",
        "mean": 0.03738095238095238,
        "std": 0.010362478100384693,
        "max": 0.05047619047619049,
        "min": 0.013333333333333332,
        "count": 20
    }
}