{
    "substraction_one": [
        0.122133,
        0.173093,
        0.109052,
        0.142345,
        0.160013,
        0.176319,
        0.12672,
        0.118227,
        0.118406,
        0.118908,
        0.148294,
        0.124857,
        0.190761,
        0.077623,
        0.140482,
        0.173093,
        0.143026,
        0.090202,
        0.143707,
        0.114321
    ],
    "eval_set_one2n_accu": [
        0.034764826175869123,
        0.002044989775051125,
        0.0,
        0.022494887525562373,
        0.0,
        0.034764826175869123,
        0.0,
        0.0,
        0.022494887525562373,
        0.04294478527607362,
        0.034764826175869123,
        0.0,
        0.06748466257668712,
        0.0,
        0.044989775051124746,
        0.0,
        0.0,
        0.0,
        0.018404907975460124,
        0.002044989775051125
    ],
    "eval_set_one2one_accu": [
        0.034764826175869123,
        0.0,
        0.0,
        0.014314928425357873,
        0.0,
        0.034764826175869123,
        0.0,
        0.0,
        0.022494887525562373,
        0.04294478527607362,
        0.065439672801636,
        0.0,
        0.06748466257668712,
        0.0,
        0.0,
        0.0,
        0.0,
        0.0,
        0.018404907975460124,
        0.002044989775051125
    ],
    "eval_set_one2n_accu_cycle": [
        0.053169734151329244,
        0.049079754601226995,
        0.012269938650306749,
        0.024539877300613498,
        0.022494887525562373,
        0.03885480572597137,
        0.006134969325153374,
        0.03885480572597137,
        0.014314928425357873,
        0.032719836400818,
        0.0408997955010225,
        0.04294478527607362,
        0.03680981595092025,
        0.016359918200409,
        0.034764826175869123,
        0.0408997955010225,
        0.022494887525562373,
        0.026584867075664622,
        0.03680981595092025,
        0.022494887525562373
    ],
    "eval_set_one2one_accu_cycle": [
        0.03680981595092025,
        0.03885480572597137,
        0.014314928425357873,
        0.016359918200409,
        0.032719836400818,
        0.012269938650306749,
        0.002044989775051125,
        0.0408997955010225,
        0.014314928425357873,
        0.0408997955010225,
        0.03680981595092025,
        0.04294478527607362,
        0.04703476482617587,
        0.012269938650306749,
        0.03067484662576687,
        0.03680981595092025,
        0.014314928425357873,
        0.03067484662576687,
        0.02044989775051125,
        0.022494887525562373
    ],
    "eval_set_emb_select_accu": [
        0.034764826175869123,
        0.024539877300613498,
        0.006134969325153374,
        0.06952965235173825,
        0.0408997955010225,
        0.06339468302658487,
        0.02044989775051125,
        0.0081799591002045,
        0.03885480572597137,
        0.04294478527607362,
        0.049079754601226995,
        0.065439672801636,
        0.053169734151329244,
        0.02044989775051125,
        0.04703476482617587,
        0.065439672801636,
        0.028629856850715747,
        0.006134969325153374,
        0.044989775051124746,
        0.06952965235173825
    ],
    "eval_set_emb_select_accu_cycle": [
        0.04703476482617587,
        0.05521472392638037,
        0.012269938650306749,
        0.028629856850715747,
        0.034764826175869123,
        0.05725971370143149,
        0.026584867075664622,
        0.04703476482617587,
        0.032719836400818,
        0.028629856850715747,
        0.044989775051124746,
        0.010224948875255624,
        0.03067484662576687,
        0.028629856850715747,
        0.044989775051124746,
        0.05112474437627812,
        0.02044989775051125,
        0.018404907975460124,
        0.06134969325153374,
        0.034764826175869123
    ],
    "eval_set_emb_self_consistency": [
        0.010224948875255624,
        0.012269938650306749,
        0.0,
        0.016359918200409,
        0.0,
        0.010224948875255624,
        0.06339468302658487,
        0.014314928425357873,
        0.026584867075664622,
        0.09406952965235174,
        0.032719836400818,
        0.0,
        0.028629856850715747,
        0.0,
        0.014314928425357873,
        0.0,
        0.0,
        0.0,
        0.0081799591002045,
        0.018404907975460124
    ],
    "eval_set_emb_label_consistency": [
        0.019305019305019305,
        0.14285714285714285,
        0,
        0.2222222222222222,
        0,
        0.02702702702702703,
        0.0,
        0,
        0.18840579710144928,
        0.2710084033613445,
        0.11563169164882227,
        0,
        0.052873563218390804,
        0,
        0.07964601769911504,
        0,
        0.0,
        0,
        0.08484848484848485,
        0.8181818181818182
    ],
    "eval_set_z_c_recognition_rate": [
        0.6053169734151329,
        0.12474437627811862,
        0.0,
        0.2719836400817996,
        0.0,
        0.5010224948875256,
        0.04294478527607362,
        0.0,
        0.2719836400817996,
        1.0,
        1.0,
        0.0,
        0.9877300613496932,
        0.0,
        0.9263803680981595,
        0.0,
        0.10633946830265849,
        0.0,
        0.3987730061349693,
        0.022494887525562373
    ],
    "eval_set_z_c_cycle_recognition_rate": [
        0.7239263803680982,
        0.7791411042944786,
        0.9550102249488752,
        0.621676891615542,
        0.7586912065439673,
        0.5787321063394683,
        0.44171779141104295,
        0.8588957055214724,
        0.4867075664621677,
        0.9734151329243353,
        0.9550102249488752,
        1.0,
        0.901840490797546,
        0.7198364008179959,
        0.7402862985685071,
        0.721881390593047,
        0.8875255623721882,
        0.869120654396728,
        0.6748466257668712,
        0.5439672801635992
    ],
    "train_set_one2n_accu": [
        0.03431372549019608,
        0.00980392156862745,
        0.0,
        0.00980392156862745,
        0.0,
        0.029411764705882353,
        0.0,
        0.0,
        0.024509803921568627,
        0.029411764705882353,
        0.058823529411764705,
        0.0,
        0.03431372549019608,
        0.0,
        0.04411764705882353,
        0.0,
        0.004901960784313725,
        0.0,
        0.0196078431372549,
        0.004901960784313725
    ],
    "train_set_one2one_accu": [
        0.03431372549019608,
        0.0,
        0.0,
        0.00980392156862745,
        0.0,
        0.029411764705882353,
        0.0,
        0.0,
        0.024509803921568627,
        0.029411764705882353,
        0.058823529411764705,
        0.0,
        0.03431372549019608,
        0.0,
        0.0,
        0.0,
        0.004901960784313725,
        0.0,
        0.0196078431372549,
        0.004901960784313725
    ],
    "train_set_one2n_accu_cycle": [
        0.049019607843137254,
        0.05392156862745098,
        0.014705882352941176,
        0.024509803921568627,
        0.029411764705882353,
        0.0196078431372549,
        0.0196078431372549,
        0.0392156862745098,
        0.024509803921568627,
        0.0392156862745098,
        0.07352941176470588,
        0.058823529411764705,
        0.04411764705882353,
        0.03431372549019608,
        0.05392156862745098,
        0.058823529411764705,
        0.029411764705882353,
        0.0392156862745098,
        0.0392156862745098,
        0.05392156862745098
    ],