{
    "substraction_one": {
        "value": "0.48 \\pm 0.07",
        "mean": 0.48381705,
        "std": 0.0684657678175561,
        "max": 0.601451,
        "min": 0.329129,
        "count": 20
    },
    "eval_set_one2n_accu": {
        "value": "0.99 \\pm 0.02",
        "mean": 0.9854294478527608,
        "std": 0.02408543219768323,
        "max": 1.0,
        "min": 0.9190950920245399,
        "count": 20
    },
    "eval_set_one2one_accu": {
        "value": "0.98 \\pm 0.03",
        "mean": 0.9765529141104295,
        "std": 0.03269724871686554,
        "max": 1.0,
        "min": 0.9125766871165644,
        "count": 20
    },
    "eval_set_one2n_accu_cycle": {
        "value": "1.0 \\pm 0.0",
        "mean": 0.9986963190184049,
        "std": 0.0030225816219350316,
        "max": 1.0,
        "min": 0.9877300613496932,
        "count": 20
    },
    "eval_set_one2one_accu_cycle": {
        "value": "1.0 \\pm 0.0",
        "mean": 0.9982553680981594,
        "std": 0.0037026359324973715,
        "max": 1.0,
        "min": 0.9877300613496932,
        "count": 20
    },
    "eval_set_emb_select_accu": {
        "value": "1.0 \\pm 0.01",
        "mean": 0.9972584355828221,
        "std": 0.005790099485843707,
        "max": 1.0,
        "min": 0.9789110429447853,
        "count": 20
    },
    "eval_set_emb_select_accu_cycle": {
        "value": "1.0 \\pm 0.01",
        "mean": 0.9973159509202454,
        "std": 0.005711774642441328,
        "max": 1.0,
        "min": 0.9792944785276073,
        "count": 20
    },
    "eval_set_emb_self_consistency": {
        "value": "0.98 \\pm 0.03",
        "mean": 0.9779332822085891,
        "std": 0.03227322315382304,
        "max": 1.0,
        "min": 0.9125766871165644,
        "count": 20
    },
    "eval_set_emb_label_consistency": {
        "value": "1.0 \\pm 0.0",
        "mean": 0.9999615827890895,
        "std": 0.00016745674005149328,
        "max": 1.0,
        "min": 0.9992316557817903,
        "count": 20
    },
    "eval_set_z_c_recognition_rate": {
        "value": "0.99 \\pm 0.02",
        "mean": 0.9860621165644172,
        "std": 0.02358994522878945,
        "max": 1.0,
        "min": 0.9190950920245399,
        "count": 20
    },
    "eval_set_z_c_cycle_recognition_rate": {
        "value": "1.0 \\pm 0.0",
        "mean": 0.9996549079754601,
        "std": 0.0013332314916191417,
        "max": 1.0,
        "min": 0.9938650306748467,
        "count": 20
    },
    "emb_matching_rate_one2n": {
        "value": "1.0 \\pm 0.0",
        "mean": 0.9997023809523811,
        "std": 0.0012972913522442437,
        "max": 1.0,
        "min": 0.9940476190476191,
        "count": 20
    },
    "emb_matching_rate_one2one": {
        "value": "0.99 \\pm 0.02",
        "mean": 0.9873511904761904,
        "std": 0.019536032577715245,
        "max": 1.0,
        "min": 0.9166666666666666,
        "count": 20
    },
    "orderliness": {
        "value": "0.99 \\pm 0.02",
        "mean": 0.985375,
        "std": 0.02145161707191326,
        "max": 1.0,
        "min": 0.9250000000000002,
        "count": 20
    },
    "train_interpolate_modedict": {
        "value": "0.91 \\pm 0.09",
        "mean": 0.9119999999999999,
        "std": 0.0913478810599877,
        "max": 1.0,
        "min": 0.619047619047619,
        "count": 20
    },
    "train_interpolate_cycle_modedict": {
        "value": "0.95 \\pm 0.08",
        "mean": 0.9496190476190478,
        "std": 0.08381488078117638,
        "max": 1.0,
        "min": 0.7142857142857143,
        "count": 20
    },
    "train_interpolate_selection": {
        "value": "0.95 \\pm 0.09",
        "mean": 0.9507142857142858,
        "std": 0.08756099267163274,
        "max": 1.0,
        "min": 0.6952380952380953,
        "count": 20
    },
    "train_interpolate_cycle_selection": {
        "value": "0.95 \\pm 0.09",
        "mean": 0.9540952380952381,
        "std": 0.08529824959059802,
        "max": 1.0,
        "min": 0.7142857142857143,
        "count": 20
    }
}