{
    "substraction_one": [
        0.49721,
        0.601451,
        0.519978,
        0.519085,
        0.494085,
        0.416518,
        0.482366,
        0.417299,
        0.494643,
        0.531473,
        0.507589,
        0.485045,
        0.442969,
        0.46875,
        0.49442,
        0.565402,
        0.329576,
        0.575335,
        0.504018,
        0.329129
    ],
    "eval_set_one2n_accu": [
        0.9827453987730062,
        0.9927147239263804,
        1.0,
        1.0,
        1.0,
        0.9854294478527608,
        0.9190950920245399,
        1.0,
        0.9988496932515337,
        1.0,
        0.9950153374233128,
        0.928680981595092,
        0.9938650306748467,
        1.0,
        0.9440184049079755,
        0.9896472392638037,
        1.0,
        0.9815950920245399,
        0.9969325153374233,
        1.0
    ],
    "eval_set_one2one_accu": [
        0.9125766871165644,
        0.9305981595092024,
        1.0,
        1.0,
        1.0,
        0.9831288343558282,
        0.9148773006134969,
        1.0,
        0.9988496932515337,
        1.0,
        0.9934815950920245,
        0.924079754601227,
        0.9938650306748467,
        1.0,
        0.9248466257668712,
        0.9769938650306749,
        1.0,
        0.9812116564417178,
        0.9965490797546013,
        1.0
    ],
    "eval_set_one2n_accu_cycle": [
        1.0,
        0.9988496932515337,
        1.0,
        1.0,
        1.0,
        1.0,
        1.0,
        1.0,
        1.0,
        1.0,
        0.9950153374233128,
        0.9877300613496932,
        1.0,
        1.0,
        1.0,
        0.9938650306748467,
        1.0,
        1.0,
        0.9984662576687117,
        1.0
    ],
    "eval_set_one2one_accu_cycle": [
        1.0,
        0.9988496932515337,
        1.0,
        1.0,
        1.0,
        1.0,
        0.9976993865030674,
        1.0,
        1.0,
        1.0,
        0.9950153374233128,
        0.9877300613496932,
        1.0,
        1.0,
        1.0,
        0.9877300613496932,
        1.0,
        0.9996165644171779,
        0.9984662576687117,
        1.0
    ],
    "eval_set_emb_select_accu": [
        1.0,
        0.9988496932515337,
        0.9861963190184049,
        1.0,
        1.0,
        1.0,
        1.0,
        1.0,
        1.0,
        1.0,
        0.9789110429447853,
        0.9877300613496932,
        1.0,
        1.0,
        1.0,
        1.0,
        1.0,
        0.9992331288343558,
        0.9942484662576687,
        1.0
    ],
    "eval_set_emb_select_accu_cycle": [
        1.0,
        0.9988496932515337,
        0.9861963190184049,
        1.0,
        1.0,
        1.0,
        1.0,
        1.0,
        1.0,
        1.0,
        0.9792944785276073,
        0.9877300613496932,
        1.0,
        1.0,
        1.0,
        1.0,
        1.0,
        0.9992331288343558,
        0.9950153374233128,
        1.0
    ],
    "eval_set_emb_self_consistency": [
        0.9125766871165644,
        0.9313650306748467,
        1.0,
        1.0,
        1.0,
        0.9831288343558282,
        0.9171779141104295,
        1.0,
        0.9988496932515337,
        1.0,
        0.9984662576687117,
        0.9298312883435583,
        0.9938650306748467,
        1.0,
        0.9248466257668712,
        0.9892638036809815,
        1.0,
        0.9815950920245399,
        0.9976993865030674,
        1.0
    ],
    "eval_set_emb_label_consistency": [
        1.0,
        1.0,
        1.0,
        1.0,
        1.0,
        1.0,
        1.0,
        1.0,
        1.0,
        1.0,
        1.0,
        1.0,
        1.0,
        1.0,
        1.0,
        1.0,
        1.0,
        1.0,
        0.9992316557817903,
        1.0
    ],
    "eval_set_z_c_recognition_rate": [
        0.9827453987730062,
        0.9938650306748467,
        1.0,
        1.0,
        1.0,
        0.9854294478527608,
        0.9190950920245399,
        1.0,
        0.9988496932515337,
        1.0,
        0.9996165644171779,
        0.9344325153374233,
        0.9938650306748467,
        1.0,
        0.9440184049079755,
        0.9896472392638037,
        1.0,
        0.9815950920245399,
        0.9980828220858896,
        1.0
    ],
    "eval_set_z_c_cycle_recognition_rate": [
        1.0,
        1.0,
        1.0,
        1.0,
        1.0,
        1.0,
        1.0,
        1.0,
        1.0,
        1.0,
        0.9996165644171779,
        1.0,
        1.0,
        1.0,
        1.0,
        0.9938650306748467,
        1.0,
        1.0,
        0.9996165644171779,
        1.0
    ],
    "emb_matching_rate_one2n": [
        1.0,
        1.0,
        1.0,
        1.0,
        1.0,
        1.0,
        1.0,
        1.0,
        1.0,
        1.0,
        0.9940476190476191,
        1.0,
        1.0,
        1.0,
        1.0,
        1.0,
        1.0,
        1.0,
        1.0,
        1.0
    ],
    "emb_matching_rate_one2one": [
        0.9732142857142857,
        0.9166666666666666,
        0.9910714285714286,
        0.9910714285714286,
        1.0,
        0.9880952380952381,
        0.9732142857142857,
        1.0,
        0.9970238095238095,
        1.0,
        0.9851190476190477,
        0.9642857142857143,
        1.0,
        1.0,
        1.0,
        0.9761904761904762,
        1.0,
        1.0,
        1.0,
        0.9910714285714286
    ],
    "orderliness": [
        1.0,
        1.0,
        1.0,
        0.9499999999999998,
        1.0,
        1.0,
        1.0,
        1.0,
        0.975,
        1.0,
        0.985,
        1.0,
        1.0,
        0.975,
        1.0,
        1.0,
        0.9250000000000002,
        0.975,
        0.9499999999999998,
        0.9724999999999999
    ],
    "train_interpolate_modedict": [
        0.9523809523809523,
        0.9780952380952381,
        0.9714285714285713,
        0.779047619047619,
        0.9047619047619049,
        0.981904761904762,
        0.9323809523809524,
        0.9047619047619049,
        0.9609523809523809,
        0.9809523809523808,
        0.9790476190476189,
        0.9695238095238095,
        0.9333333333333333,
        1.0,
        0.8542857142857141,
        0.9561904761904761,
        0.619047619047619,
        0.9142857142857144,
        0.7714285714285715,
        0.8961904761904764
    ],
    "train_interpolate_cycle_modedict": [
        1.0,
        0.9990476190476191,
        0.9714285714285713,
        0.78,
        0.9904761904761905,
        1.0,
        0.9971428571428571,
        0.9523809523809523,
        0.9714285714285713,
        0.9904761904761905,
        0.9885714285714287,
        0.9971428571428571,
        1.0,
        1.0,
        0.9523809523809523,
        0.9638095238095238,
        0.7142857142857143,
        0.9714285714285713,
        0.7714285714285715,
        0.9809523809523808
    ],
    "train_interpolate_selection": [
        1.0,
        0.9990476190476191,
        0.978095238095238,
        0.780952380952381,
        1.0,
        1.0,
        0.9971428571428571,
        0.9428571428571428,
        0.9714285714285713,
        0.9904761904761905,
        0.980952380952381,
        0.9971428571428571,
        0.9904761904761905,
        1.0,
        0.9523809523809523,
        1.0,
        0.6952380952380953,
        0.9790476190476189,
        0.7695238095238095,
        0.9895238095238096
    ],
    "train_interpolate_cycle_selection": [
        1.0,
        0.9990476190476191,
        0.978095238095238,
        0.780952380952381,
        1.0,
        1.0,
        0.9971428571428571,
        0.9809523809523808,
        0.9714285714285713,
        0.9904761904761905,
        0.980952380952381,
        0.9971428571428571,
        1.0,
        1.0,
        0.9523809523809523,
        1.0,
        0.7142857142857143,
        0.9790476190476189,
        0.7695238095238095,
        0.9904761904761905
    ]
}