{
    "substraction_one": [
        0.49721,
        0.601451,
        0.519978,
        0.519085,
        0.494085,
        0.416518,
        0.482366,
        0.417299,
        0.494643,
        0.531473,
        0.507589,
        0.485045,
        0.442969,
        0.46875,
        0.49442,
        0.565402,
        0.329576,
        0.575335,
        0.504018,
        0.329129
    ],
    "eval_set_one2n_accu": [
        0.9812116564417178,
        0.9988496932515337,
        1.0,
        1.0,
        1.0,
        0.9854294478527608,
        0.9271472392638037,
        1.0,
        1.0,
        1.0,
        0.9950153374233128,
        0.9317484662576687,
        0.9938650306748467,
        1.0,
        0.9440184049079755,
        0.9896472392638037,
        1.0,
        0.9819785276073619,
        0.9980828220858896,
        1.0
    ],
    "eval_set_one2one_accu": [
        0.9102760736196319,
        0.9294478527607362,
        1.0,
        1.0,
        1.0,
        0.9835122699386503,
        0.9256134969325154,
        1.0,
        1.0,
        1.0,
        0.9938650306748467,
        0.9259969325153374,
        0.9938650306748467,
        1.0,
        0.9244631901840491,
        0.9762269938650306,
        1.0,
        0.9819785276073619,
        0.9973159509202454,
        1.0
    ],
    "eval_set_one2n_accu_cycle": [
        0.9992331288343558,
        0.9988496932515337,
        1.0,
        1.0,
        1.0,
        1.0,
        1.0,
        1.0,
        1.0,
        1.0,
        0.9950153374233128,
        0.9888803680981595,
        1.0,
        1.0,
        1.0,
        0.9938650306748467,
        1.0,
        1.0,
        0.9988496932515337,
        1.0
    ],
    "eval_set_one2one_accu_cycle": [
        0.9992331288343558,
        0.9988496932515337,
        1.0,
        1.0,
        1.0,
        1.0,
        0.9988496932515337,
        1.0,
        1.0,
        1.0,
        0.9950153374233128,
        0.9888803680981595,
        1.0,
        1.0,
        1.0,
        0.9877300613496932,
        1.0,
        1.0,
        0.9988496932515337,
        1.0
    ],
    "eval_set_emb_select_accu": [
        0.9992331288343558,
        0.9965490797546013,
        0.9819785276073619,
        1.0,
        1.0,
        1.0,
        1.0,
        1.0,
        1.0,
        1.0,
        0.9723926380368099,
        0.9888803680981595,
        1.0,
        1.0,
        1.0,
        1.0,
        1.0,
        0.9996165644171779,
        0.9942484662576687,
        1.0
    ],
    "eval_set_emb_select_accu_cycle": [
        0.9992331288343558,
        0.9965490797546013,
        0.9819785276073619,
        1.0,
        1.0,
        1.0,
        1.0,
        1.0,
        1.0,
        1.0,
        0.9723926380368099,
        0.9888803680981595,
        1.0,
        1.0,
        1.0,
        1.0,
        1.0,
        0.9996165644171779,
        0.9942484662576687,
        1.0
    ],
    "eval_set_emb_self_consistency": [
        0.910659509202454,
        0.9298312883435583,
        1.0,
        1.0,
        1.0,
        0.9835122699386503,
        0.9267638036809815,
        1.0,
        1.0,
        1.0,
        0.9988496932515337,
        0.9313650306748467,
        0.9938650306748467,
        1.0,
        0.9244631901840491,
        0.9884969325153374,
        1.0,
        0.9819785276073619,
        0.9976993865030674,
        1.0
    ],
    "eval_set_emb_label_consistency": [
        1.0,
        1.0,
        1.0,
        1.0,
        1.0,
        1.0,
        1.0,
        1.0,
        1.0,
        1.0,
        1.0,
        1.0,
        1.0,
        1.0,
        1.0,
        1.0,
        1.0,
        1.0,
        1.0,
        1.0
    ],
    "eval_set_z_c_recognition_rate": [
        0.9815950920245399,
        1.0,
        1.0,
        1.0,
        1.0,
        0.9854294478527608,
        0.9271472392638037,
        1.0,
        1.0,
        1.0,
        1.0,
        0.9371165644171779,
        0.9938650306748467,
        1.0,
        0.9440184049079755,
        0.9896472392638037,
        1.0,
        0.9819785276073619,
        0.9984662576687117,
        1.0
    ],
    "eval_set_z_c_cycle_recognition_rate": [
        1.0,
        1.0,
        1.0,
        1.0,
        1.0,
        1.0,
        1.0,
        1.0,
        1.0,
        1.0,
        1.0,
        1.0,
        1.0,
        1.0,
        1.0,
        0.9938650306748467,
        1.0,
        1.0,
        0.9996165644171779,
        1.0
    ],
    "emb_matching_rate_one2n": [
        1.0,
        1.0,
        1.0,
        1.0,
        1.0,
        1.0,
        1.0,
        1.0,
        1.0,
        1.0,
        0.9880952380952381,
        1.0,
        1.0,
        1.0,
        1.0,
        1.0,
        1.0,
        1.0,
        1.0,
        1.0
    ],
    "emb_matching_rate_one2one": [
        0.9702380952380952,
        0.9255952380952381,
        0.9880952380952381,
        0.9940476190476191,
        1.0,
        0.9880952380952381,
        0.9791666666666666,
        1.0,
        1.0,
        1.0,
        0.9821428571428571,
        0.9761904761904762,
        1.0,
        1.0,
        0.9851190476190477,
        0.9791666666666666,
        1.0,
        1.0,
        1.0,
        0.9940476190476191
    ],
    "orderliness": [
        1.0,
        1.0,
        0.99,
        0.9499999999999998,
        1.0,
        1.0,
        1.0,
        1.0,
        0.975,
        1.0,
        0.9649999999999999,
        1.0,
        1.0,
        0.975,
        1.0,
        1.0,
        0.9250000000000002,
        0.975,
        0.9474999999999998,
        0.975
    ],
    "train_interpolate_modedict": [
        0.9504761904761905,
        0.9990476190476191,
        0.9714285714285713,
        0.78,
        0.9047619047619049,
        0.9790476190476189,
        0.9323809523809524,
        0.9047619047619049,
        0.9619047619047618,
        0.9809523809523808,
        0.9799999999999999,
        0.9723809523809523,
        0.9333333333333333,
        1.0,
        0.8542857142857141,
        0.9571428571428571,
        0.619047619047619,
        0.9142857142857144,
        0.7695238095238095,
        0.8990476190476192
    ],
    "train_interpolate_cycle_modedict": [
        1.0,
        0.9990476190476191,
        0.9714285714285713,
        0.780952380952381,
        0.9904761904761905,
        1.0,
        0.9980952380952381,
        0.9523809523809523,
        0.9723809523809523,
        0.9904761904761905,
        0.9895238095238096,
        0.9980952380952381,
        1.0,
        1.0,
        0.9514285714285714,
        0.9657142857142856,
        0.7142857142857143,
        0.9714285714285713,
        0.7695238095238095,
        0.9809523809523808
    ],
    "train_interpolate_selection": [
        1.0,
        0.9971428571428571,
        0.9742857142857144,
        0.7828571428571428,
        1.0,
        1.0,
        0.9980952380952381,
        0.9428571428571428,
        0.9723809523809523,
        0.9904761904761905,
        0.9771428571428571,
        0.9980952380952381,
        0.9904761904761905,
        1.0,
        0.9514285714285714,
        1.0,
        0.6952380952380953,
        0.9799999999999999,
        0.7695238095238095,
        0.9885714285714287
    ],
    "train_interpolate_cycle_selection": [
        1.0,
        0.9971428571428571,
        0.9742857142857144,
        0.7828571428571428,
        1.0,
        1.0,
        0.9980952380952381,
        0.9809523809523808,
        0.9723809523809523,
        0.9904761904761905,
        0.9771428571428571,
        0.9980952380952381,
        1.0,
        1.0,
        0.9514285714285714,
        1.0,
        0.7142857142857143,
        0.9799999999999999,
        0.7695238095238095,
        0.9904761904761905
    ]
}