{
    "Train_record_accuracy": {
        "value": "0.66 \\pm 0.33",
        "mean": 0.6578735,
        "std": 0.32525401088802885,
        "max": 0.988932,
        "min": 0.306315,
        "count": 20
    },
    "Val_record_accuracy": {
        "value": "0.65 \\pm 0.32",
        "mean": 0.6520832999999999,
        "std": 0.3223960912998326,
        "max": 0.985677,
        "min": 0.24349,
        "count": 20
    },
    "Val_ood_record_accuracy": {
        "value": "0.47 \\pm 0.2",
        "mean": 0.47415375,
        "std": 0.19678918800962492,
        "max": 0.759115,
        "min": 0.121094,
        "count": 20
    }
}