{
    "Train_record_accuracy": [
        0.327148,
        0.977539,
        0.322754,
        0.981608,
        0.979655,
        0.318359,
        0.983073,
        0.984538,
        0.982015,
        0.346029,
        0.980713,
        0.366455,
        0.335693,
        0.984375,
        0.330648,
        0.337077,
        0.988932,
        0.306315,
        0.986898,
        0.337646
    ],
    "Val_record_accuracy": [
        0.391927,
        0.957031,
        0.246094,
        0.97526,
        0.96224,
        0.407552,
        0.985677,
        0.981771,
        0.977865,
        0.295573,
        0.97526,
        0.361979,
        0.329427,
        0.955729,
        0.348958,
        0.345052,
        0.973958,
        0.24349,
        0.977865,
        0.348958
    ],
    "Val_ood_record_accuracy": [
        0.328125,
        0.574219,
        0.226563,
        0.675781,
        0.606771,
        0.342448,
        0.759115,
        0.72526,
        0.666667,
        0.308594,
        0.669271,
        0.397135,
        0.199219,
        0.683594,
        0.411458,
        0.247396,
        0.643229,
        0.121094,
        0.558594,
        0.338542
    ]
}