{
  "val_label_acc": {
    "exp_2": {
      "1.0": 1.0,
      "2.0": 0.9992044550517104,
      "3.0": 0.9963898916967509,
      "4.0": 0.9804964539007093,
      "5.0": 0.9446808510638298,
      "6.0": 0.9158415841584159,
      "7.0": 0.80859375,
      "8.0": 0.8384279475982532,
      "9.0": 0.8273809523809523,
      "10.0": 0.810880829015544
    },
    "exp_4": {
      "1.0": 1.0,
      "2.0": 1.0,
      "3.0": 0.9987966305655837,
      "4.0": 0.9929078014184397,
      "5.0": 0.9872340425531915,
      "6.0": 0.9579207920792079,
      "7.0": 0.88671875,
      "8.0": 0.9170305676855895,
      "9.0": 0.7916666666666666,
      "10.0": 0.8937823834196891
    },
    "exp_5": {
      "1.0": 1.0,
      "2.0": 0.9992044550517104,
      "3.0": 0.9951865222623345,
      "4.0": 0.9822695035460993,
      "5.0": 0.9617021276595744,
      "6.0": 0.9356435643564357,
      "7.0": 0.875,
      "8.0": 0.8471615720524017,
      "9.0": 0.7678571428571429,
      "10.0": 0.9481865284974094
    },
    "exp_7": {
      "1.0": 1.0,
      "2.0": 1.0,
      "3.0": 1.0,
      "4.0": 0.9946808510638298,
      "5.0": 0.9936170212765958,
      "6.0": 0.9727722772277227,
      "7.0": 0.94921875,
      "8.0": 0.9563318777292577,
      "9.0": 0.9226190476190477,
      "10.0": 0.8031088082901554
    },
    "exp_8": {
      "1.0": 1.0,
      "2.0": 1.0,
      "3.0": 1.0,
      "4.0": 0.9964539007092199,
      "5.0": 0.9957446808510638,
      "6.0": 0.9579207920792079,
      "7.0": 0.91796875,
      "8.0": 0.8733624454148472,
      "9.0": 0.9047619047619048,
      "10.0": 0.9119170984455959
    },
    "exp_9": {
      "1.0": 1.0,
      "2.0": 1.0,
      "3.0": 0.9987966305655837,
      "4.0": 0.9911347517730497,
      "5.0": 0.9872340425531915,
      "6.0": 0.9603960396039604,
      "7.0": 0.91015625,
      "8.0": 0.8733624454148472,
      "9.0": 0.7916666666666666,
      "10.0": 0.7357512953367875
    },
    "exp_11": {
      "1.0": 1.0,
      "2.0": 1.0,
      "3.0": 1.0,
      "4.0": 0.9929078014184397,
      "5.0": 0.9765957446808511,
      "6.0": 0.9727722772277227,
      "7.0": 0.9375,
      "8.0": 0.9301310043668122,
      "9.0": 0.9523809523809523,
      "10.0": 0.7797927461139896
    },
    "exp_14": {
      "1.0": 1.0,
      "2.0": 1.0,
      "3.0": 0.9987966305655837,
      "4.0": 0.9964539007092199,
      "5.0": 0.9829787234042553,
      "6.0": 0.9579207920792079,
      "7.0": 0.88671875,
      "8.0": 0.9344978165938864,
      "9.0": 0.8511904761904762,
      "10.0": 0.8497409326424871
    },
    "exp_17": {
      "1.0": 1.0,
      "2.0": 1.0,
      "3.0": 0.9987966305655837,
      "4.0": 0.9946808510638298,
      "5.0": 0.9851063829787234,
      "6.0": 0.9405940594059405,
      "7.0": 0.90625,
      "8.0": 0.8908296943231441,
      "9.0": 0.875,
      "10.0": 0.9300518134715026
    },
    "exp_19": {
      "1.0": 1.0,
      "2.0": 1.0,
      "3.0": 0.9951865222623345,
      "4.0": 0.9893617021276596,
      "5.0": 0.9808510638297873,
      "6.0": 0.9603960396039604,
      "7.0": 0.91015625,
      "8.0": 0.9082969432314411,
      "9.0": 0.9166666666666666,
      "10.0": 0.8989637305699482
    }
  },
  "val_obj_acc": {
    "exp_2": {
      "alien": 0.9902439024390244,
      "apple": 0.9203252032520325,
      "bicycle": 0.9934959349593496,
      "boat": 0.9477124183006536,
      "car": 0.8260162601626017,
      "dog": 0.9804878048780488,
      "flower": 0.9950980392156863,
      "ghost": 0.9772357723577236,
      "house": 0.9739837398373984,
      "tree": 0.967479674796748
    },
    "exp_4": {
      "alien": 0.9934959349593496,
      "apple": 0.9382113821138212,
      "bicycle": 0.983739837398374,
      "boat": 0.9689542483660131,
      "car": 0.9707317073170731,
      "dog": 0.983739837398374,
      "flower": 0.9771241830065359,
      "ghost": 0.9707317073170731,
      "house": 0.9772357723577236,
      "tree": 0.9886178861788618
    },
    "exp_5": {
      "alien": 0.991869918699187,
      "apple": 0.9414634146341463,
      "bicycle": 0.9788617886178862,
      "boat": 0.9656862745098039,
      "car": 0.9577235772357724,
      "dog": 0.9821138211382113,
      "flower": 0.9934640522875817,
      "ghost": 0.9869918699186991,
      "house": 0.9577235772357724,
      "tree": 0.943089430894309
    },
    "exp_7": {
      "alien": 0.9853658536585366,
      "apple": 0.9804878048780488,
      "bicycle": 0.9772357723577236,
      "boat": 0.9771241830065359,
      "car": 0.9821138211382113,
      "dog": 0.9902439024390244,
      "flower": 0.9526143790849673,
      "ghost": 0.9853658536585366,
      "house": 0.9788617886178862,
      "tree": 0.9804878048780488
    },
    "exp_8": {
      "alien": 0.9739837398373984,
      "apple": 0.983739837398374,
      "bicycle": 0.9707317073170731,
      "boat": 0.9771241830065359,
      "car": 0.975609756097561,
      "dog": 0.9853658536585366,
      "flower": 0.988562091503268,
      "ghost": 0.9804878048780488,
      "house": 0.975609756097561,
      "tree": 0.991869918699187
    },
    "exp_9": {
      "alien": 0.9983739837398374,
      "apple": 0.9512195121951219,
      "bicycle": 0.983739837398374,
      "boat": 0.9722222222222222,
      "car": 0.9447154471544715,
      "dog": 0.9853658536585366,
      "flower": 0.9852941176470589,
      "ghost": 0.975609756097561,
      "house": 0.8878048780487805,
      "tree": 0.9626016260162602
    },
    "exp_11": {
      "alien": 0.9886178861788618,
      "apple": 0.9821138211382113,
      "bicycle": 0.9560975609756097,
      "boat": 0.9640522875816994,
      "car": 0.9788617886178862,
      "dog": 0.9821138211382113,
      "flower": 0.9836601307189542,
      "ghost": 0.9707317073170731,
      "house": 0.9723577235772358,
      "tree": 0.975609756097561
    },
    "exp_14": {
      "alien": 0.9951219512195122,
      "apple": 0.9869918699186991,
      "bicycle": 0.9284552845528455,
      "boat": 0.9624183006535948,
      "car": 0.9707317073170731,
      "dog": 0.9658536585365853,
      "flower": 0.9950980392156863,
      "ghost": 0.9853658536585366,
      "house": 0.983739837398374,
      "tree": 0.9739837398373984
    },
    "exp_17": {
      "alien": 0.9788617886178862,
      "apple": 0.9853658536585366,
      "bicycle": 0.9398373983739837,
      "boat": 0.9787581699346405,
      "car": 0.9626016260162602,
      "dog": 0.991869918699187,
      "flower": 0.9934640522875817,
      "ghost": 0.9853658536585366,
      "house": 0.9772357723577236,
      "tree": 0.991869918699187
    },
    "exp_19": {
      "alien": 0.9934959349593496,
      "apple": 0.9869918699186991,
      "bicycle": 0.9788617886178862,
      "boat": 0.9656862745098039,
      "car": 0.9560975609756097,
      "dog": 0.9902439024390244,
      "flower": 0.9918300653594772,
      "ghost": 0.9788617886178862,
      "house": 0.9609756097560975,
      "tree": 0.9821138211382113
    }
  },
  "ood_label_acc": {
    "exp_2": {
      "1.0": 0.986700443318556,
      "2.0": 0.7653142402545744,
      "3.0": 0.345367027677497,
      "4.0": 0.2907801418439716,
      "5.0": 0.3,
      "6.0": 0.31435643564356436,
      "7.0": 0.3125,
      "8.0": 0.32751091703056767,
      "9.0": 0.1488095238095238,
      "10.0": 0.5492227979274611
    },
    "exp_4": {
      "1.0": 0.999366687777074,
      "2.0": 0.7024661893396977,
      "3.0": 0.5306859205776173,
      "4.0": 0.43439716312056736,
      "5.0": 0.3723404255319149,
      "6.0": 0.349009900990099,
      "7.0": 0.3671875,
      "8.0": 0.37554585152838427,
      "9.0": 0.20833333333333334,
      "10.0": 0.8031088082901554
    },
    "exp_5": {
      "1.0": 0.9955668144395187,
      "2.0": 0.7422434367541766,
      "3.0": 0.5631768953068592,
      "4.0": 0.5106382978723404,
      "5.0": 0.46170212765957447,
      "6.0": 0.4084158415841584,
      "7.0": 0.359375,
      "8.0": 0.3056768558951965,
      "9.0": 0.21428571428571427,
      "10.0": 0.5518134715025906
    },
    "exp_7": {
      "1.0": 0.9879670677644079,
      "2.0": 0.8607796340493238,
      "3.0": 0.5234657039711191,