{
    "substraction_one": {
        "value": "0.55 \\pm 0.06",
        "mean": 0.5518986499999999,
        "std": 0.06308813809130445,
        "max": 0.670886,
        "min": 0.417722,
        "count": 20
    },
    "eval_set_one2n_accu": {
        "value": "0.99 \\pm 0.02",
        "mean": 0.9914110429447852,
        "std": 0.020930947373290786,
        "max": 1.0,
        "min": 0.9263803680981595,
        "count": 20
    },
    "eval_set_one2one_accu": {
        "value": "0.99 \\pm 0.02",
        "mean": 0.9914110429447852,
        "std": 0.020930947373290786,
        "max": 1.0,
        "min": 0.9263803680981595,
        "count": 20
    },
    "eval_set_one2n_accu_cycle": {
        "value": "1.0 \\pm 0.0",
        "mean": 1.0,
        "std": 0.0,
        "max": 1.0,
        "min": 1.0,
        "count": 20
    },
    "eval_set_one2one_accu_cycle": {
        "value": "1.0 \\pm 0.0",
        "mean": 1.0,
        "std": 0.0,
        "max": 1.0,
        "min": 1.0,
        "count": 20
    },
    "eval_set_emb_select_accu": {
        "value": "1.0 \\pm 0.0",
        "mean": 1.0,
        "std": 0.0,
        "max": 1.0,
        "min": 1.0,
        "count": 20
    },
    "eval_set_emb_select_accu_cycle": {
        "value": "1.0 \\pm 0.0",
        "mean": 1.0,
        "std": 0.0,
        "max": 1.0,
        "min": 1.0,
        "count": 20
    },
    "eval_set_emb_self_consistency": {
        "value": "0.99 \\pm 0.02",
        "mean": 0.9914110429447852,
        "std": 0.020930947373290786,
        "max": 1.0,
        "min": 0.9263803680981595,
        "count": 20
    },
    "eval_set_emb_label_consistency": {
        "value": "1.0 \\pm 0.0",
        "mean": 1.0,
        "std": 0.0,
        "max": 1.0,
        "min": 1.0,
        "count": 20
    },
    "eval_set_z_c_recognition_rate": {
        "value": "0.99 \\pm 0.02",
        "mean": 0.9914110429447852,
        "std": 0.020930947373290786,
        "max": 1.0,
        "min": 0.9263803680981595,
        "count": 20
    },
    "eval_set_z_c_cycle_recognition_rate": {
        "value": "1.0 \\pm 0.0",
        "mean": 1.0,
        "std": 0.0,
        "max": 1.0,
        "min": 1.0,
        "count": 20
    },
    "emb_matching_rate_one2n": {
        "value": "1.0 \\pm 0.0",
        "mean": 1.0,
        "std": 0.0,
        "max": 1.0,
        "min": 1.0,
        "count": 20
    },
    "emb_matching_rate_one2one": {
        "value": "1.0 \\pm 0.0",
        "mean": 1.0,
        "std": 0.0,
        "max": 1.0,
        "min": 1.0,
        "count": 20
    },
    "orderliness": {
        "value": "0.99 \\pm 0.01",
        "mean": 0.99375,
        "std": 0.013404756618454522,
        "max": 1.0,
        "min": 0.95,
        "count": 20
    },
    "train_interpolate_modedict": {
        "value": "0.96 \\pm 0.04",
        "mean": 0.9580952380952381,
        "std": 0.03693470367555298,
        "max": 1.0,
        "min": 0.8476190476190476,
        "count": 20
    },
    "train_interpolate_cycle_modedict": {
        "value": "0.99 \\pm 0.02",
        "mean": 0.9871428571428572,
        "std": 0.01813904471880086,
        "max": 1.0,
        "min": 0.9238095238095239,
        "count": 20
    },
    "train_interpolate_selection": {
        "value": "0.99 \\pm 0.02",
        "mean": 0.9928571428571429,
        "std": 0.02291164137851315,
        "max": 1.0,
        "min": 0.8952380952380953,
        "count": 20
    },
    "train_interpolate_cycle_selection": {
        "value": "0.99 \\pm 0.01",
        "mean": 0.9933333333333334,
        "std": 0.0147849282821524,
        "max": 1.0,
        "min": 0.9333333333333333,
        "count": 20
    }
}