{
    "substraction_one": [
        0.437572,
        0.584002,
        0.570922,
        0.397147,
        0.38034,
        0.542897,
        0.454917,
        0.557841,
        0.382705,
        0.353319,
        0.472226,
        0.405641,
        0.536446,
        0.533902,
        0.378297,
        0.497706,
        0.547484,
        0.423308,
        0.544761,
        0.3292
    ],
    "eval_set_one2n_accu": [
        0.8752556237218814,
        1.0,
        1.0,
        0.8159509202453987,
        0.4437627811860941,
        0.9447852760736196,
        0.8118609406952966,
        1.0,
        0.8793456032719836,
        0.8261758691206544,
        0.47648261758691207,
        0.7280163599182005,
        0.9938650306748467,
        0.5357873210633947,
        0.591002044989775,
        0.8629856850715747,
        1.0,
        0.8179959100204499,
        1.0,
        0.7955010224948875
    ],
    "eval_set_one2one_accu": [
        0.6952965235173824,
        1.0,
        0.6687116564417178,
        0.3312883435582822,
        0.3374233128834356,
        0.6912065439672802,
        0.6666666666666666,
        1.0,
        0.6666666666666666,
        0.3394683026584867,
        0.3128834355828221,
        0.33537832310838445,
        0.9938650306748467,
        0.3537832310838446,
        0.3312883435582822,
        0.6912065439672802,
        1.0,
        0.38445807770961143,
        1.0,
        0.3374233128834356
    ],
    "eval_set_one2n_accu_cycle": [
        0.8752556237218814,
        1.0,
        0.9979550102249489,
        0.820040899795501,
        0.4437627811860941,
        0.9447852760736196,
        0.8139059304703476,
        1.0,
        0.8793456032719836,
        0.8261758691206544,
        0.4785276073619632,
        0.7402862985685071,
        0.9815950920245399,
        0.5398773006134969,
        0.6094069529652352,
        0.8629856850715747,
        1.0,
        0.8302658486707567,
        1.0,
        0.7934560327198364
    ],
    "eval_set_one2one_accu_cycle": [
        0.6952965235173824,
        1.0,
        0.6666666666666666,
        0.32719836400818,
        0.3374233128834356,
        0.6912065439672802,
        0.6666666666666666,
        1.0,
        0.6666666666666666,
        0.3374233128834356,
        0.32515337423312884,
        0.3292433537832311,
        0.9815950920245399,
        0.3558282208588957,
        0.3374233128834356,
        0.6912065439672802,
        1.0,
        0.39059304703476483,
        1.0,
        0.33537832310838445
    ],
    "eval_set_emb_select_accu": [
        0.5828220858895705,
        1.0,
        0.588957055214724,
        0.3824130879345603,
        0.35787321063394684,
        0.588957055214724,
        0.5112474437627812,
        1.0,
        0.5030674846625767,
        0.3312883435582822,
        0.27607361963190186,
        0.30265848670756645,
        1.0,
        0.5071574642126789,
        0.3496932515337423,
        0.5705521472392638,
        1.0,
        0.33537832310838445,
        1.0,
        0.3783231083844581
    ],
    "eval_set_emb_select_accu_cycle": [
        0.5828220858895705,
        1.0,
        0.5869120654396728,
        0.3824130879345603,
        0.35991820040899797,
        0.588957055214724,
        0.5112474437627812,
        1.0,
        0.5030674846625767,
        0.3312883435582822,
        0.27607361963190186,
        0.3047034764826176,
        1.0,
        0.5030674846625767,
        0.3558282208588957,
        0.5705521472392638,
        1.0,
        0.33537832310838445,
        1.0,
        0.3783231083844581
    ],
    "eval_set_emb_self_consistency": [
        1.0,
        1.0,
        0.9979550102249489,
        0.9815950920245399,
        0.9979550102249489,
        1.0,
        0.9979550102249489,
        1.0,
        1.0,
        0.9979550102249489,
        0.9325153374233128,
        0.9570552147239264,
        0.9754601226993865,
        0.9754601226993865,
        0.9815950920245399,
        1.0,
        1.0,
        0.9815950920245399,
        1.0,
        0.9979550102249489
    ],
    "eval_set_emb_label_consistency": [
        1.0,
        1.0,
        0.9979550102249489,
        0.9979508196721312,
        0.9979550102249489,
        1.0,
        0.9979550102249489,
        1.0,
        1.0,
        1.0,
        0.9325153374233128,
        0.9830866807610994,
        1.0,
        0.9918200408997955,
        0.9836065573770492,
        1.0,
        1.0,
        0.9815950920245399,
        1.0,
        0.9979550102249489
    ],
    "eval_set_z_c_recognition_rate": [
        1.0,
        1.0,
        1.0,
        0.9979550102249489,
        1.0,
        1.0,
        1.0,
        1.0,
        1.0,
        1.0,
        1.0,
        0.9713701431492843,
        0.9938650306748467,
        1.0,
        0.9979550102249489,
        1.0,
        1.0,
        1.0,
        1.0,
        1.0
    ],
    "eval_set_z_c_cycle_recognition_rate": [
        1.0,
        1.0,
        1.0,
        1.0,
        1.0,
        1.0,
        1.0,
        1.0,
        1.0,
        1.0,
        1.0,
        0.9897750511247444,
        0.9815950920245399,
        1.0,
        1.0,
        1.0,
        1.0,
        1.0,
        1.0,
        1.0
    ],
    "train_set_one2n_accu": [
        0.9019607843137255,
        1.0,
        0.9901960784313726,
        0.8382352941176471,
        0.4950980392156863,
        0.946078431372549,
        0.8235294117647058,
        1.0,
        0.8921568627450981,
        0.8578431372549019,
        0.5147058823529411,
        0.7058823529411765,
        0.9411764705882353,
        0.5784313725490197,
        0.6029411764705882,
        0.8823529411764706,
        1.0,
        0.803921568627451,
        1.0,
        0.8088235294117647
    ],
    "train_set_one2one_accu": [
        0.7009803921568627,
        1.0,
        0.6715686274509803,
        0.35294117647058826,
        0.3480392156862745,
        0.696078431372549,
        0.6715686274509803,
        1.0,
        0.6715686274509803,
        0.36764705882352944,
        0.3333333333333333,
        0.3333333333333333,
        0.9411764705882353,
        0.35784313725490197,
        0.3431372549019608,
        0.696078431372549,
        1.0,
        0.37745098039215685,
        1.0,
        0.3382352941176471
    ],
    "train_set_one2n_accu_cycle": [
        0.9019607843137255,
        1.0,
        0.9901960784313726,
        0.8382352941176471,
        0.4950980392156863,
        0.946078431372549,
        0.8235294117647058,
        1.0,
        0.8921568627450981,
        0.8578431372549019,
        0.5392156862745098,
        0.7303921568627451,
        0.9705882352941176,
        0.5931372549019608,
        0.6323529411764706,
        0.8823529411764706,
        1.0,
        0.8235294117647058,
        1.0,
        0.8186274509803921
    ],
    "train_set_one2one_accu_cycle": [
        0.7009803921568627,
        1.0,
        0.6715686274509803,
        0.35294117647058826,
        0.3480392156862745,
        0.696078431372549,
        0.6715686274509803,
        1.0,
        0.6715686274509803,
        0.35784313725490197,
        0.3382352941176471,
        0.3284313725490196,
        0.9705882352941176,
        0.38235294117647056,
        0.35784313725490197,
        0.696078431372549,
        1.0,
        0.37745098039215685,
        1.0,
        0.35294117647058826
    ],
    "train_set_emb_select_accu": [
        0.5441176470588235,
        1.0,
        0.5294117647058824,
        0.4362745098039216,
        0.3382352941176471,
        0.6274509803921569,
        0.5637254901960784,
        1.0,
        0.5931372549019608,
        0.4264705882352941,
        0.3235294117647059,
        0.3627450980392157,
        1.0,
        0.5245098039215687,
        0.37254901960784315,
        0.5931372549019608,
        1.0,
        0.3137254901960784,
        1.0,
        0.4117647058823529
    ],