{
    "substraction_one": {
        "value": "0.47 \\pm 0.08",
        "mean": 0.46653165,
        "std": 0.07976589069726171,
        "max": 0.584002,
        "min": 0.3292,
        "count": 20
    },
    "eval_set_one2n_accu": {
        "value": "0.82 \\pm 0.18",
        "mean": 0.8199386503067483,
        "std": 0.1758102281667693,
        "max": 1.0,
        "min": 0.4437627811860941,
        "count": 20
    },
    "eval_set_one2one_accu": {
        "value": "0.61 \\pm 0.27",
        "mean": 0.6068507157464212,
        "std": 0.26863015186087835,
        "max": 1.0,
        "min": 0.3128834355828221,
        "count": 20
    },
    "eval_set_one2n_accu_cycle": {
        "value": "0.82 \\pm 0.17",
        "mean": 0.8218813905930471,
        "std": 0.1731357716260462,
        "max": 1.0,
        "min": 0.4437627811860941,
        "count": 20
    },
    "eval_set_one2one_accu_cycle": {
        "value": "0.61 \\pm 0.27",
        "mean": 0.6067484662576688,
        "std": 0.2671480750024713,
        "max": 1.0,
        "min": 0.32515337423312884,
        "count": 20
    },
    "eval_set_emb_select_accu": {
        "value": "0.58 \\pm 0.26",
        "mean": 0.5783231083844582,
        "std": 0.2618430334466516,
        "max": 1.0,
        "min": 0.27607361963190186,
        "count": 20
    },
    "eval_set_emb_select_accu_cycle": {
        "value": "0.58 \\pm 0.26",
        "mean": 0.5785276073619633,
        "std": 0.2614388863102207,
        "max": 1.0,
        "min": 0.27607361963190186,
        "count": 20
    },
    "eval_set_emb_self_consistency": {
        "value": "0.99 \\pm 0.02",
        "mean": 0.988752556237219,
        "std": 0.017478382971649584,
        "max": 1.0,
        "min": 0.9325153374233128,
        "count": 20
    },
    "eval_set_emb_label_consistency": {
        "value": "0.99 \\pm 0.02",
        "mean": 0.9931197284528862,
        "std": 0.015147279824708365,
        "max": 1.0,
        "min": 0.9325153374233128,
        "count": 20
    },
    "eval_set_z_c_recognition_rate": {
        "value": "1.0 \\pm 0.01",
        "mean": 0.9980572597137016,
        "std": 0.006285641263518884,
        "max": 1.0,
        "min": 0.9713701431492843,
        "count": 20
    },
    "eval_set_z_c_cycle_recognition_rate": {
        "value": "1.0 \\pm 0.0",
        "mean": 0.9985685071574641,
        "std": 0.004485012719726238,
        "max": 1.0,
        "min": 0.9815950920245399,
        "count": 20
    },
    "train_set_one2n_accu": {
        "value": "0.83 \\pm 0.16",
        "mean": 0.8291666666666668,
        "std": 0.16166273524036986,
        "max": 1.0,
        "min": 0.4950980392156863,
        "count": 20
    },
    "train_set_one2one_accu": {
        "value": "0.61 \\pm 0.26",
        "mean": 0.6100490196078431,
        "std": 0.26094125363925613,
        "max": 1.0,
        "min": 0.3333333333333333,
        "count": 20
    },
    "train_set_one2n_accu_cycle": {
        "value": "0.84 \\pm 0.16",
        "mean": 0.8367647058823531,
        "std": 0.15624187791269997,
        "max": 1.0,
        "min": 0.4950980392156863,
        "count": 20
    },
    "train_set_one2one_accu_cycle": {
        "value": "0.61 \\pm 0.26",
        "mean": 0.6137254901960785,
        "std": 0.26072994420708256,
        "max": 1.0,
        "min": 0.3284313725490196,
        "count": 20
    },
    "train_set_emb_select_accu": {
        "value": "0.6 \\pm 0.25",
        "mean": 0.5980392156862745,
        "std": 0.24931663619313596,
        "max": 1.0,
        "min": 0.3137254901960784,
        "count": 20
    },
    "train_set_emb_select_accu_cycle": {
        "value": "0.6 \\pm 0.25",
        "mean": 0.5999999999999999,
        "std": 0.24747086710431085,
        "max": 1.0,
        "min": 0.31862745098039214,
        "count": 20
    },
    "train_set_emb_self_consistency": {
        "value": "0.98 \\pm 0.02",
        "mean": 0.9830882352941176,
        "std": 0.02183849662042979,
        "max": 1.0,
        "min": 0.9362745098039216,
        "count": 20
    },
    "train_set_emb_label_consistency": {
        "value": "0.99 \\pm 0.02",
        "mean": 0.9906471653716589,
        "std": 0.01655651328213993,
        "max": 1.0,
        "min": 0.9411764705882353,
        "count": 20
    },
    "train_set_z_c_recognition_rate": {
        "value": "1.0 \\pm 0.01",
        "mean": 0.9950980392156863,
        "std": 0.014458707062502574,
        "max": 1.0,
        "min": 0.9411764705882353,
        "count": 20
    },
    "train_set_z_c_cycle_recognition_rate": {
        "value": "1.0 \\pm 0.01",
        "mean": 0.9973039215686275,
        "std": 0.008125286497181758,
        "max": 1.0,
        "min": 0.9705882352941176,
        "count": 20
    },
    "emb_matching_rate_one2n": {
        "value": "0.87 \\pm 0.13",
        "mean": 0.8722222222222223,
        "std": 0.12583557961283393,
        "max": 1.0,
        "min": 0.6031746031746031,
        "count": 20
    },
    "emb_matching_rate_one2one": {
        "value": "0.63 \\pm 0.25",
        "mean": 0.6333333333333334,
        "std": 0.24620577562400378,
        "max": 1.0,
        "min": 0.36507936507936506,
        "count": 20
    },
    "orderliness": {
        "value": "0.67 \\pm 0.21",
        "mean": 0.6743749999999998,
        "std": 0.20957378623053027,
        "max": 1.0,
        "min": 0.385,
        "count": 20
    },
    "train_interpolate_modedict": {
        "value": "0.43 \\pm 0.32",
        "mean": 0.4253333333333333,
        "std": 0.32162588652711666,
        "max": 0.9809523809523808,
        "min": 0.13333333333333333,
        "count": 20
    },
    "train_interpolate_cycle_modedict": {
        "value": "0.43 \\pm 0.32",
        "mean": 0.43185714285714283,
        "std": 0.31827019354594493,
        "max": 0.9961904761904762,
        "min": 0.1380952380952381,
        "count": 20
    },
    "train_interpolate_selection": {
        "value": "0.43 \\pm 0.33",
        "mean": 0.43099999999999994,
        "std": 0.3346499812898908,
        "max": 1.0,
        "min": 0.10476190476190476,
        "count": 20
    },
    "train_interpolate_cycle_selection": {
        "value": "0.42 \\pm 0.34",
        "mean": 0.4159999999999999,
        "std": 0.33779619236115754,
        "max": 0.9961904761904762,
        "min": 0.1,
        "count": 20
    }
}