{
    "Train_record_accuracy": [
        0.0,
        0.00057,
        0.003174,
        0.714193,
        0.0,
        0.0,
        0.18693,
        0.0,
        0.0,
        0.720947,
        0.000814,
        0.000326,
        8.1e-05,
        0.0,
        8.1e-05,
        0.000488,
        0.0,
        0.0,
        0.0,
        0.178711
    ],
    "Val_record_accuracy": [
        0.0,
        0.0,
        0.0,
        0.699219,
        0.0,
        0.0,
        0.199219,
        0.0,
        0.0,
        0.697917,
        0.0,
        0.0,
        0.0,
        0.0,
        0.0,
        0.0,
        0.0,
        0.0,
        0.0,
        0.085938
    ],
    "Val_ood_record_accuracy": [
        0.0,
        0.0,
        0.0,
        0.617188,
        0.0,
        0.0,
        0.222656,
        0.0,
        0.0,
        0.492188,
        0.0,
        0.0,
        0.0,
        0.0,
        0.0,
        0.0,
        0.0,
        0.0,
        0.0,
        0.19401
    ]
}