{
    "substraction_one": [
        0.325473,
        0.395105,
        0.34823,
        0.390195,
        0.506881,
        0.428756,
        0.388833,
        0.625107,
        0.314256,
        0.409547,
        0.382382,
        0.380841,
        0.348731,
        0.344323,
        0.41736,
        0.571603,
        0.426534,
        0.289958,
        0.421445,
        0.262615
    ],
    "eval_set_one2n_accu": [
        0.18404907975460122,
        0.2903885480572597,
        0.294478527607362,
        0.2474437627811861,
        0.43558282208588955,
        0.25153374233128833,
        0.261758691206544,
        0.24539877300613497,
        0.26993865030674846,
        0.27607361963190186,
        0.18813905930470348,
        0.2249488752556237,
        0.1983640081799591,
        0.2167689161554192,
        0.1656441717791411,
        0.2658486707566462,
        0.24335378323108384,
        0.17995910020449898,
        0.1901840490797546,
        0.2065439672801636
    ],
    "eval_set_one2one_accu": [
        0.10224948875255624,
        0.25766871165644173,
        0.1492842535787321,
        0.11247443762781185,
        0.43558282208588955,
        0.2085889570552147,
        0.25766871165644173,
        0.24335378323108384,
        0.14519427402862986,
        0.11247443762781185,
        0.14519427402862986,
        0.07975460122699386,
        0.16973415132924335,
        0.1411042944785276,
        0.1656441717791411,
        0.24335378323108384,
        0.1083844580777096,
        0.09406952965235174,
        0.11860940695296524,
        0.13496932515337423
    ],
    "eval_set_one2n_accu_cycle": [
        0.2147239263803681,
        0.3333333333333333,
        0.35787321063394684,
        0.2883435582822086,
        0.4723926380368098,
        0.31901840490797545,
        0.3292433537832311,
        0.3047034764826176,
        0.3006134969325153,
        0.3374233128834356,
        0.261758691206544,
        0.3006134969325153,
        0.24130879345603273,
        0.2740286298568507,
        0.2740286298568507,
        0.3047034764826176,
        0.2740286298568507,
        0.2331288343558282,
        0.2556237218813906,
        0.2474437627811861
    ],
    "eval_set_one2one_accu_cycle": [
        0.10633946830265849,
        0.278118609406953,
        0.16359918200409,
        0.14314928425357873,
        0.4723926380368098,
        0.25766871165644173,
        0.32515337423312884,
        0.3006134969325153,
        0.16155419222903886,
        0.16973415132924335,
        0.2229038854805726,
        0.10020449897750511,
        0.1901840490797546,
        0.16768916155419222,
        0.2740286298568507,
        0.261758691206544,
        0.130879345603272,
        0.12065439672801637,
        0.16768916155419222,
        0.1554192229038855
    ],
    "eval_set_emb_select_accu": [
        0.2065439672801636,
        0.26380368098159507,
        0.20449897750511248,
        0.1983640081799591,
        0.5644171779141104,
        0.30879345603271985,
        0.3824130879345603,
        0.3783231083844581,
        0.24335378323108384,
        0.27607361963190186,
        0.3374233128834356,
        0.22085889570552147,
        0.2556237218813906,
        0.2249488752556237,
        0.3496932515337423,
        0.40899795501022496,
        0.22699386503067484,
        0.1901840490797546,
        0.26993865030674846,
        0.2310838445807771
    ],
    "eval_set_emb_select_accu_cycle": [
        0.17995910020449898,
        0.2658486707566462,
        0.2085889570552147,
        0.21063394683026584,
        0.5357873210633947,
        0.3067484662576687,
        0.3476482617586912,
        0.37014314928425357,
        0.2249488752556237,
        0.26789366053169733,
        0.28016359918200406,
        0.21881390593047034,
        0.2556237218813906,
        0.2249488752556237,
        0.3312883435582822,
        0.34355828220858897,
        0.21063394683026584,
        0.18200408997955012,
        0.2474437627811861,
        0.24539877300613497
    ],
    "eval_set_emb_self_consistency": [
        0.591002044989775,
        0.7709611451942741,
        0.6932515337423313,
        0.7852760736196319,
        0.7648261758691206,
        0.6400817995910021,
        0.6728016359918201,
        0.7586912065439673,
        0.787321063394683,
        0.721881390593047,
        0.49079754601226994,
        0.5316973415132924,
        0.6175869120654397,
        0.6053169734151329,
        0.4539877300613497,
        0.6012269938650306,
        0.5746421267893661,
        0.591002044989775,
        0.5112474437627812,
        0.5398773006134969
    ],
    "eval_set_emb_label_consistency": [
        0.8066465256797583,
        0.929471032745592,
        0.7858823529411765,
        0.8990147783251231,
        1.0,
        0.9462025316455697,
        0.9968553459119497,
        1.0,
        0.9450261780104712,
        0.9801324503311258,
        0.9637096774193549,
        0.8137254901960784,
        0.9285714285714286,
        0.9798657718120806,
        1.0,
        1.0,
        0.8717948717948718,
        0.8292682926829268,
        0.9957081545064378,
        0.7579250720461095
    ],
    "eval_set_z_c_recognition_rate": [
        0.6973415132924335,
        0.8404907975460123,
        0.8732106339468303,
        0.8404907975460123,
        0.6687116564417178,
        0.6523517382413088,
        0.6503067484662577,
        0.6298568507157464,
        0.7811860940695297,
        0.621676891615542,
        0.5398773006134969,
        0.6584867075664622,
        0.6175869120654397,
        0.621676891615542,
        0.36809815950920244,
        0.5725971370143149,
        0.6932515337423313,
        0.6952965235173824,
        0.49079754601226994,
        0.721881390593047
    ],
    "eval_set_z_c_cycle_recognition_rate": [
        0.869120654396728,
        0.9304703476482618,
        0.9775051124744376,
        0.9222903885480572,
        0.7955010224948875,
        0.8936605316973415,
        0.8813905930470347,
        0.8261758691206544,
        0.8916155419222904,
        0.7770961145194274,
        0.8629856850715747,
        0.8548057259713702,
        0.8098159509202454,
        0.8629856850715747,
        0.7709611451942741,
        0.8302658486707567,
        0.8711656441717791,
        0.8241308793456033,
        0.8016359918200409,
        0.934560327198364
    ],
    "train_set_one2n_accu": [
        0.6323529411764706,
        0.8480392156862745,
        0.7696078431372549,
        0.7303921568627451,
        1.0,
        0.946078431372549,
        1.0,
        1.0,
        0.9362745098039216,
        1.0,
        0.9656862745098039,
        0.8921568627450981,
        1.0,
        0.9705882352941176,
        1.0,
        0.9852941176470589,
        0.8431372549019608,
        0.7352941176470589,
        0.9852941176470589,
        0.7598039215686274
    ],
    "train_set_one2one_accu": [
        0.35294117647058826,
        0.7009803921568627,
        0.3284313725490196,
        0.35784313725490197,
        1.0,
        0.6666666666666666,
        0.9705882352941176,
        0.9705882352941176,
        0.4166666666666667,
        0.6911764705882353,
        0.7843137254901961,
        0.3431372549019608,
        0.6666666666666666,
        0.6617647058823529,
        1.0,
        0.9705882352941176,
        0.35294117647058826,
        0.4019607843137255,
        0.6813725490196079,
        0.38235294117647056
    ],
    "train_set_one2n_accu_cycle": [
        0.6078431372549019,
        0.8480392156862745,
        0.7941176470588235,
        0.7352941176470589,
        1.0,
        0.946078431372549,
        1.0,
        1.0,
        0.946078431372549,
        1.0,
        0.9656862745098039,
        0.8921568627450981,
        1.0,
        0.9901960784313726,
        1.0,
        0.9803921568627451,
        0.8431372549019608,
        0.7352941176470589,
        0.9852941176470589,
        0.7549019607843137
    ],