{
    "substraction_one": {
        "value": "0.4 \\pm 0.09",
        "mean": 0.39890875000000003,
        "std": 0.0857685452837315,
        "max": 0.625107,
        "min": 0.262615,
        "count": 20
    },
    "eval_set_one2n_accu": {
        "value": "0.24 \\pm 0.06",
        "mean": 0.24182004089979547,
        "std": 0.058444773818419705,
        "max": 0.43558282208588955,
        "min": 0.1656441717791411,
        "count": 20
    },
    "eval_set_one2one_accu": {
        "value": "0.17 \\pm 0.08",
        "mean": 0.1712678936605317,
        "std": 0.08167647944205102,
        "max": 0.43558282208588955,
        "min": 0.07975460122699386,
        "count": 20
    },
    "eval_set_one2n_accu_cycle": {
        "value": "0.3 \\pm 0.05",
        "mean": 0.29621676891615545,
        "std": 0.05481669380228238,
        "max": 0.4723926380368098,
        "min": 0.2147239263803681,
        "count": 20
    },
    "eval_set_one2one_accu_cycle": {
        "value": "0.21 \\pm 0.09",
        "mean": 0.20848670756646218,
        "std": 0.08908383650634852,
        "max": 0.4723926380368098,
        "min": 0.10020449897750511,
        "count": 20
    },
    "eval_set_emb_select_accu": {
        "value": "0.29 \\pm 0.09",
        "mean": 0.2871165644171779,
        "std": 0.09097653648601474,
        "max": 0.5644171779141104,
        "min": 0.1901840490797546,
        "count": 20
    },
    "eval_set_emb_select_accu_cycle": {
        "value": "0.27 \\pm 0.08",
        "mean": 0.27290388548057265,
        "std": 0.08119272584988993,
        "max": 0.5357873210633947,
        "min": 0.17995910020449898,
        "count": 20
    },
    "eval_set_emb_self_consistency": {
        "value": "0.64 \\pm 0.1",
        "mean": 0.6351738241308794,
        "std": 0.10179736441188898,
        "max": 0.787321063394683,
        "min": 0.4539877300613497,
        "count": 20
    },
    "eval_set_emb_label_consistency": {
        "value": "0.92 \\pm 0.08",
        "mean": 0.9214899977310027,
        "std": 0.07974206572800233,
        "max": 1.0,
        "min": 0.7579250720461095,
        "count": 20
    },
    "eval_set_z_c_recognition_rate": {
        "value": "0.66 \\pm 0.12",
        "mean": 0.6617586912065441,
        "std": 0.11717345287852607,
        "max": 0.8732106339468303,
        "min": 0.36809815950920244,
        "count": 20
    },
    "eval_set_z_c_cycle_recognition_rate": {
        "value": "0.86 \\pm 0.05",
        "mean": 0.8594069529652353,
        "std": 0.05442852753811495,
        "max": 0.9775051124744376,
        "min": 0.7709611451942741,
        "count": 20
    },
    "train_set_one2n_accu": {
        "value": "0.9 \\pm 0.11",
        "mean": 0.9,
        "std": 0.11346106852797994,
        "max": 1.0,
        "min": 0.6323529411764706,
        "count": 20
    },
    "train_set_one2one_accu": {
        "value": "0.64 \\pm 0.25",
        "mean": 0.6350490196078432,
        "std": 0.24697066490443187,
        "max": 1.0,
        "min": 0.3284313725490196,
        "count": 20
    },
    "train_set_one2n_accu_cycle": {
        "value": "0.9 \\pm 0.12",
        "mean": 0.9012254901960783,
        "std": 0.11581783604312933,
        "max": 1.0,
        "min": 0.6078431372549019,
        "count": 20
    },
    "train_set_one2one_accu_cycle": {
        "value": "0.63 \\pm 0.24",
        "mean": 0.6299019607843137,
        "std": 0.239717911402735,
        "max": 1.0,
        "min": 0.3431372549019608,
        "count": 20
    },
    "train_set_emb_select_accu": {
        "value": "0.62 \\pm 0.25",
        "mean": 0.620343137254902,
        "std": 0.2500503361474619,
        "max": 1.0,
        "min": 0.3431372549019608,
        "count": 20
    },
    "train_set_emb_select_accu_cycle": {
        "value": "0.62 \\pm 0.25",
        "mean": 0.6205882352941177,
        "std": 0.24919323883416516,
        "max": 1.0,
        "min": 0.3480392156862745,
        "count": 20
    },
    "train_set_emb_self_consistency": {
        "value": "0.97 \\pm 0.05",
        "mean": 0.9691176470588235,
        "std": 0.05240973272764184,
        "max": 1.0,
        "min": 0.8333333333333334,
        "count": 20
    },
    "train_set_emb_label_consistency": {
        "value": "0.99 \\pm 0.03",
        "mean": 0.9854509010081767,
        "std": 0.03268862487392756,
        "max": 1.0,
        "min": 0.8769230769230769,
        "count": 20
    },
    "train_set_z_c_recognition_rate": {
        "value": "0.99 \\pm 0.02",
        "mean": 0.9926470588235293,
        "std": 0.01715686274509803,
        "max": 1.0,
        "min": 0.9313725490196079,
        "count": 20
    },
    "train_set_z_c_cycle_recognition_rate": {
        "value": "1.0 \\pm 0.01",
        "mean": 0.9965686274509803,
        "std": 0.007766166430271992,
        "max": 1.0,
        "min": 0.9705882352941176,
        "count": 20
    },
    "emb_matching_rate_one2n": {
        "value": "0.92 \\pm 0.09",
        "mean": 0.9238095238095239,
        "std": 0.09001553573814493,
        "max": 1.0,
        "min": 0.746031746031746,
        "count": 20
    },
    "emb_matching_rate_one2one": {
        "value": "0.64 \\pm 0.22",
        "mean": 0.6436507936507937,
        "std": 0.22281525179473402,
        "max": 1.0,
        "min": 0.36507936507936506,
        "count": 20
    },
    "orderliness": {
        "value": "0.66 \\pm 0.21",
        "mean": 0.65825,
        "std": 0.21134701914150575,
        "max": 1.0,
        "min": 0.4175,
        "count": 20
    },
    "train_interpolate_modedict": {
        "value": "0.32 \\pm 0.2",
        "mean": 0.31857142857142856,
        "std": 0.19961357226224002,
        "max": 0.7523809523809524,
        "min": 0.1161904761904762,
        "count": 20
    },
    "train_interpolate_cycle_modedict": {
        "value": "0.35 \\pm 0.23",
        "mean": 0.3478571428571429,
        "std": 0.22829683406574972,
        "max": 0.8066666666666666,
        "min": 0.1180952380952381,
        "count": 20
    },
    "train_interpolate_selection": {
        "value": "0.39 \\pm 0.27",
        "mean": 0.3881428571428572,
        "std": 0.2691152001089964,
        "max": 0.9047619047619049,
        "min": 0.1304761904761905,
        "count": 20
    },
    "train_interpolate_cycle_selection": {
        "value": "0.36 \\pm 0.26",
        "mean": 0.35538095238095235,
        "std": 0.2551025359632383,
        "max": 0.8695238095238096,
        "min": 0.11238095238095239,
        "count": 20
    }
}