{
    "substraction_one": {
        "value": "0.13 \\pm 0.02",
        "mean": 0.126769,
        "std": 0.017751315644199447,
        "max": 0.179018,
        "min": 0.100335,
        "count": 20
    },
    "eval_set_one2n_accu": {
        "value": "0.03 \\pm 0.02",
        "mean": 0.03370398773006135,
        "std": 0.02474478889044854,
        "max": 0.08320552147239264,
        "min": 0.0,
        "count": 20
    },
    "eval_set_one2one_accu": {
        "value": "0.0 \\pm 0.01",
        "mean": 0.0048888036809815955,
        "std": 0.011961023945568037,
        "max": 0.04677914110429448,
        "min": 0.0,
        "count": 20
    },
    "eval_set_one2n_accu_cycle": {
        "value": "0.05 \\pm 0.02",
        "mean": 0.04775690184049079,
        "std": 0.02208418368230893,
        "max": 0.08320552147239264,
        "min": 0.012269938650306749,
        "count": 20
    },
    "eval_set_one2one_accu_cycle": {
        "value": "0.01 \\pm 0.01",
        "mean": 0.006805981595092024,
        "std": 0.01289727918499921,
        "max": 0.04677914110429448,
        "min": 0.0,
        "count": 20
    },
    "eval_set_emb_select_accu": {
        "value": "0.05 \\pm 0.02",
        "mean": 0.05038343558282208,
        "std": 0.01650083300150893,
        "max": 0.07668711656441718,
        "min": 0.014187116564417178,
        "count": 20
    },
    "eval_set_emb_select_accu_cycle": {
        "value": "0.05 \\pm 0.02",
        "mean": 0.049501533742331294,
        "std": 0.015879002202913807,
        "max": 0.07707055214723926,
        "min": 0.012269938650306749,
        "count": 20
    },
    "eval_set_emb_self_consistency": {
        "value": "0.57 \\pm 0.38",
        "mean": 0.5666219325153374,
        "std": 0.37975404517917577,
        "max": 1.0,
        "min": 0.0003834355828220859,
        "count": 20
    },
    "eval_set_emb_label_consistency": {
        "value": "0.94 \\pm 0.22",
        "mean": 0.9375742804275571,
        "std": 0.21690676775476278,
        "max": 1.0,
        "min": 0.001949317738791423,
        "count": 20
    },
    "eval_set_z_c_recognition_rate": {
        "value": "0.65 \\pm 0.35",
        "mean": 0.6482361963190184,
        "std": 0.3512323811773721,
        "max": 1.0,
        "min": 0.02262269938650307,
        "count": 20
    },
    "eval_set_z_c_cycle_recognition_rate": {
        "value": "0.91 \\pm 0.22",
        "mean": 0.905540644171779,
        "std": 0.21839634765543559,
        "max": 1.0,
        "min": 0.19133435582822086,
        "count": 20
    },
    "emb_matching_rate_one2n": {
        "value": "0.97 \\pm 0.01",
        "mean": 0.9723214285714287,
        "std": 0.013379623091064892,
        "max": 0.9970238095238095,
        "min": 0.9434523809523809,
        "count": 20
    },
    "emb_matching_rate_one2one": {
        "value": "0.45 \\pm 0.02",
        "mean": 0.4541666666666667,
        "std": 0.02402064139759651,
        "max": 0.5119047619047619,
        "min": 0.40773809523809523,
        "count": 20
    },
    "orderliness": {
        "value": "0.48 \\pm 0.06",
        "mean": 0.48187500000000005,
        "std": 0.05733059283663479,
        "max": 0.5775,
        "min": 0.335,
        "count": 20
    },
    "train_interpolate_modedict": {
        "value": "0.03 \\pm 0.02",
        "mean": 0.028285714285714286,
        "std": 0.02192359438891591,
        "max": 0.06666666666666667,
        "min": 0.0,
        "count": 20
    },
    "train_interpolate_cycle_modedict": {
        "value": "0.04 \\pm 0.02",
        "mean": 0.044142857142857136,
        "std": 0.01957664164148651,
        "max": 0.07619047619047618,
        "min": 0.009523809523809523,
        "count": 20
    },
    "train_interpolate_selection": {
        "value": "0.05 \\pm 0.02",
        "mean": 0.04857142857142857,
        "std": 0.016681625939665767,
        "max": 0.08190476190476191,
        "min": 0.017142857142857144,
        "count": 20
    },
    "train_interpolate_cycle_selection": {
        "value": "0.05 \\pm 0.02",
        "mean": 0.047809523809523816,
        "std": 0.015402682571081166,
        "max": 0.07333333333333333,
        "min": 0.019047619047619046,
        "count": 20
    }
}