{
    "substraction_one": [
        0.134487,
        0.10904,
        0.129799,
        0.111384,
        0.123438,
        0.132924,
        0.118415,
        0.128906,
        0.179018,
        0.104241,
        0.12567,
        0.133705,
        0.112835,
        0.123103,
        0.148549,
        0.118192,
        0.100335,
        0.152902,
        0.132031,
        0.116406
    ],
    "eval_set_one2n_accu": [
        0.01763803680981595,
        0.037576687116564415,
        0.05866564417177914,
        0.0026840490797546013,
        0.04677914110429448,
        0.008819018404907975,
        0.005368098159509203,
        0.014187116564417178,
        0.0352760736196319,
        0.016487730061349692,
        0.03067484662576687,
        0.04141104294478527,
        0.0,
        0.08320552147239264,
        0.027223926380368097,
        0.04294478527607362,
        0.04562883435582822,
        0.07592024539877301,
        0.07553680981595091,
        0.008052147239263804
    ],
    "eval_set_one2one_accu": [
        0.0,
        0.0,
        0.0,
        0.0,
        0.04677914110429448,
        0.008819018404907975,
        0.0,
        0.011503067484662576,
        0.0,
        0.0,
        0.03067484662576687,
        0.0,
        0.0,
        0.0,
        0.0,
        0.0,
        0.0,
        0.0,
        0.0,
        0.0
    ],
    "eval_set_one2n_accu_cycle": [
        0.01763803680981595,
        0.037576687116564415,
        0.060199386503067484,
        0.0736196319018405,
        0.04677914110429448,
        0.012269938650306749,
        0.06978527607361963,
        0.014187116564417178,
        0.0651840490797546,
        0.018404907975460124,
        0.03067484662576687,
        0.0678680981595092,
        0.03067484662576687,
        0.08320552147239264,
        0.030291411042944784,
        0.05368098159509203,
        0.04831288343558282,
        0.07707055214723926,
        0.06863496932515338,
        0.049079754601226995
    ],
    "eval_set_one2one_accu_cycle": [
        0.0,
        0.0,
        0.0,
        0.0,
        0.04677914110429448,
        0.008819018404907975,
        0.0026840490797546013,
        0.011503067484662576,
        0.0299079754601227,
        0.0019171779141104294,
        0.03067484662576687,
        0.0,
        0.0,
        0.0,
        0.0,
        0.0,
        0.0026840490797546013,
        0.0011503067484662577,
        0.0,
        0.0
    ],
    "eval_set_emb_select_accu": [
        0.0625,
        0.03374233128834356,
        0.05406441717791411,
        0.07400306748466258,
        0.05061349693251534,
        0.014187116564417178,
        0.07668711656441718,
        0.03374233128834356,
        0.0709355828220859,
        0.03565950920245399,
        0.03412576687116564,
        0.03834355828220859,
        0.028757668711656442,
        0.0598159509202454,
        0.0651840490797546,
        0.04294478527607362,
        0.05368098159509203,
        0.061733128834355826,
        0.061733128834355826,
        0.05521472392638037
    ],
    "eval_set_emb_select_accu_cycle": [
        0.07400306748466258,
        0.03374233128834356,
        0.04562883435582822,
        0.06556748466257668,
        0.05061349693251534,
        0.012269938650306749,
        0.07707055214723926,
        0.03565950920245399,
        0.06595092024539877,
        0.02530674846625767,
        0.03412576687116564,
        0.05789877300613497,
        0.040644171779141106,
        0.05943251533742331,
        0.046395705521472395,
        0.046012269938650305,
        0.04754601226993865,
        0.06096625766871166,
        0.05789877300613497,
        0.053297546012269936
    ],
    "eval_set_emb_self_consistency": [
        0.10084355828220859,
        1.0,
        0.8911042944785276,
        0.02262269938650307,
        0.9888803680981595,
        0.5375766871165644,
        0.17638036809815952,
        0.339340490797546,
        0.5525306748466258,
        0.14148773006134968,
        1.0,
        0.24233128834355827,
        0.09394171779141104,
        1.0,
        0.6050613496932515,
        0.906058282208589,
        0.807898773006135,
        0.9743098159509203,
        0.9516871165644172,
        0.0003834355828220859
    ],
    "eval_set_emb_label_consistency": [
        1.0,
        1.0,
        0.8945342571208622,
        1.0,
        1.0,
        1.0,
        1.0,
        1.0,
        1.0,
        1.0,
        1.0,
        1.0,
        1.0,
        1.0,
        1.0,
        0.9033149171270718,
        1.0,
        1.0,
        0.9516871165644172,
        0.001949317738791423
    ],
    "eval_set_z_c_recognition_rate": [
        0.19133435582822086,
        0.9390337423312883,
        0.9961656441717791,
        0.02262269938650307,
        0.910659509202454,
        0.5375766871165644,
        0.20245398773006135,
        0.339340490797546,
        0.4179447852760736,
        0.8562116564417178,
        1.0,
        0.786042944785276,
        0.09394171779141104,
        1.0,
        0.6050613496932515,
        0.9716257668711656,
        0.9236963190184049,
        0.9743098159509203,
        1.0,
        0.19670245398773006
    ],
    "eval_set_z_c_cycle_recognition_rate": [
        0.19133435582822086,
        0.9390337423312883,
        1.0,
        1.0,
        0.910659509202454,
        1.0,
        1.0,
        0.339340490797546,
        0.8654141104294478,
        0.8934049079754601,
        1.0,
        1.0,
        1.0,
        1.0,
        1.0,
        0.9716257668711656,
        1.0,
        1.0,
        1.0,
        1.0
    ],
    "emb_matching_rate_one2n": [
        0.9553571428571429,
        0.9761904761904762,
        0.9523809523809523,
        0.9851190476190477,
        0.9761904761904762,
        0.9732142857142857,
        0.9821428571428571,
        0.9761904761904762,
        0.9583333333333334,
        0.9821428571428571,
        0.9970238095238095,
        0.9732142857142857,
        0.9821428571428571,
        0.9553571428571429,
        0.9732142857142857,
        0.9702380952380952,
        0.9910714285714286,
        0.9434523809523809,
        0.9642857142857143,
        0.9791666666666666
    ],
    "emb_matching_rate_one2one": [
        0.46130952380952384,
        0.44345238095238093,
        0.45535714285714285,
        0.46130952380952384,
        0.44345238095238093,
        0.45535714285714285,
        0.4166666666666667,
        0.46726190476190477,
        0.46130952380952384,
        0.40773809523809523,
        0.42857142857142855,
        0.4494047619047619,
        0.4583333333333333,
        0.47023809523809523,
        0.42857142857142855,
        0.5029761904761905,
        0.4494047619047619,
        0.5119047619047619,
        0.46130952380952384,
        0.4494047619047619
    ],
    "orderliness": [
        0.45249999999999996,
        0.475,
        0.5425,
        0.4375,
        0.49750000000000005,
        0.45499999999999996,
        0.49749999999999994,
        0.46749999999999997,
        0.5625,
        0.4625,
        0.495,
        0.40499999999999997,
        0.4749999999999999,
        0.45,
        0.5775,
        0.5650000000000001,
        0.335,
        0.5349999999999999,
        0.43499999999999994,
        0.515
    ],
    "train_interpolate_modedict": [
        0.032380952380952385,
        0.032380952380952385,
        0.06571428571428571,
        0.0,
        0.047619047619047616,
        0.0,
        0.0009523809523809525,
        0.013333333333333336,
        0.05047619047619047,
        0.017142857142857147,
        0.03809523809523809,
        0.028571428571428574,
        0.0,
        0.04380952380952381,
        0.001904761904761905,
        0.028571428571428574,
        0.04666666666666667,
        0.06666666666666667,
        0.047619047619047616,
        0.00380952380952381
    ],