
==============NVSMI LOG==============

Timestamp                                 : Thu Jun 11 07:10:41 2026
Driver Version                            : 570.195.03
CUDA Version                              : 12.8

Attached GPUs                             : 1
GPU 00000000:55:00.0
    Product Name                          : NVIDIA RTX 5000 Ada Generation
    Product Brand                         : NVIDIA RTX
    Product Architecture                  : Ada Lovelace
    Display Mode                          : Enabled
    Display Active                        : Disabled
    Persistence Mode                      : Enabled
    Addressing Mode                       : None
    MIG Mode
        Current                           : N/A
        Pending                           : N/A
    Accounting Mode                       : Disabled
    Accounting Mode Buffer Size           : 4000
    Driver Model
        Current                           : N/A
        Pending                           : N/A
    Serial Number                         : 1323925026117
    GPU UUID                              : GPU-195716a7-5e12-e791-58e0-5e1b6b232715
    Minor Number                          : 0
    VBIOS Version                         : 95.02.5E.00.06
    MultiGPU Board                        : No
    Board ID                              : 0x5500
    Board Part Number                     : 900-5G132-0140-000
    GPU Part Number                       : 26B2-850-A1
    FRU Part Number                       : N/A
    Platform Info
        Chassis Serial Number             : N/A
        Slot Number                       : N/A
        Tray Index                        : N/A
        Host ID                           : N/A
        Peer Type                         : N/A
        Module Id                         : 1
        GPU Fabric GUID                   : N/A
    Inforom Version
        Image Version                     : G132.0550.00.02
        OEM Object                        : 2.1
        ECC Object                        : 6.16
        Power Management Object           : N/A
    Inforom BBX Object Flush
        Latest Timestamp                  : N/A
        Latest Duration                   : N/A
    GPU Operation Mode
        Current                           : N/A
        Pending                           : N/A
    GPU C2C Mode                          : N/A
    GPU Virtualization Mode
        Virtualization Mode               : None
        Host VGPU Mode                    : N/A
        vGPU Heterogeneous Mode           : N/A
    GPU Reset Status
        Reset Required                    : Requested functionality has been deprecated
        Drain and Reset Recommended       : Requested functionality has been deprecated
    GPU Recovery Action                   : None
    GSP Firmware Version                  : 570.195.03
    IBMNPU
        Relaxed Ordering Mode             : N/A
    PCI
        Bus                               : 0x55
        Device                            : 0x00
        Domain                            : 0x0000
        Base Classcode                    : 0x3
        Sub Classcode                     : 0x0
        Device Id                         : 0x26B210DE
        Bus Id                            : 00000000:55:00.0
        Sub System Id                     : 0x17FA1028
        GPU Link Info
            PCIe Generation
                Max                       : 4
                Current                   : 1
                Device Current            : 1
                Device Max                : 4
                Host Max                  : 5
            Link Width
                Max                       : 16x
                Current                   : 16x
        Bridge Chip
            Type                          : N/A
            Firmware                      : N/A
        Replays Since Reset               : 0
        Replay Number Rollovers           : 0
        Tx Throughput                     : 390 KB/s
        Rx Throughput                     : 341 KB/s
        Atomic Caps Outbound              : N/A
        Atomic Caps Inbound               : N/A
    Fan Speed                             : 30 %
    Performance State                     : P8
    Clocks Event Reasons
        Idle                              : Active
        Applications Clocks Setting       : Not Active
        SW Power Cap                      : Not Active
        HW Slowdown                       : Not Active
            HW Thermal Slowdown           : Not Active
            HW Power Brake Slowdown       : Not Active
        Sync Boost                        : Not Active
        SW Thermal Slowdown               : Not Active
        Display Clock Setting             : Not Active
    Sparse Operation Mode                 : N/A
    FB Memory Usage
        Total                             : 32760 MiB
        Reserved                          : 544 MiB
        Used                              : 194 MiB
        Free                              : 32023 MiB
    BAR1 Memory Usage
        Total                             : 256 MiB
        Used                              : 25 MiB
        Free                              : 231 MiB
    Conf Compute Protected Memory Usage
        Total                             : 0 MiB
        Used                              : 0 MiB
        Free                              : 0 MiB
    Compute Mode                          : Default
    Utilization
        GPU                               : 0 %
        Memory                            : 0 %
        Encoder                           : 0 %
        Decoder                           : 0 %
        JPEG                              : 0 %
        OFA                               : 0 %
    Encoder Stats
        Active Sessions                   : 0
        Average FPS                       : 0
        Average Latency                   : 0
    FBC Stats
        Active Sessions                   : 0
        Average FPS                       : 0
        Average Latency                   : 0
    DRAM Encryption Mode
        Current                           : N/A
        Pending                           : N/A
    ECC Mode
        Current                           : Disabled
        Pending                           : Disabled
    ECC Errors
        Volatile
            SRAM Correctable              : N/A
            SRAM Uncorrectable Parity     : N/A
            SRAM Uncorrectable SEC-DED    : N/A
            DRAM Correctable              : N/A
            DRAM Uncorrectable            : N/A
        Aggregate
            SRAM Correctable              : N/A
            SRAM Uncorrectable Parity     : N/A
            SRAM Uncorrectable SEC-DED    : N/A
            DRAM Correctable              : N/A
            DRAM Uncorrectable            : N/A
            SRAM Threshold Exceeded       : N/A
        Aggregate Uncorrectable SRAM Sources
            SRAM L2                       : N/A
            SRAM SM                       : N/A
            SRAM Microcontroller          : N/A
            SRAM PCIE                     : N/A
            SRAM Other                    : N/A
    Retired Pages
        Single Bit ECC                    : N/A
        Double Bit ECC                    : N/A
        Pending Page Blacklist            : N/A
    Remapped Rows
        Correctable Error                 : 0
        Uncorrectable Error               : 0
        Pending                           : No
        Remapping Failure Occurred        : No
        Bank Remap Availability Histogram
            Max                           : 128 bank(s)
            High                          : 0 bank(s)
            Partial                       : 0 bank(s)
            Low                           : 0 bank(s)
            None                          : 0 bank(s)
    Temperature
        GPU Current Temp                  : 35 C
        GPU T.Limit Temp                  : 50 C
        GPU Shutdown T.Limit Temp         : -7 C
        GPU Slowdown T.Limit Temp         : -2 C
        GPU Max Operating T.Limit Temp    : 0 C
        GPU Target Temperature            : 84 C
        Memory Current Temp               : N/A
        Memory Max Operating T.Limit Temp : N/A
    GPU Power Readings
        Average Power Draw                : 21.75 W
        Instantaneous Power Draw          : 21.79 W
        Current Power Limit               : 250.00 W
        Requested Power Limit             : 250.00 W
        Default Power Limit               : 250.00 W
        Min Power Limit                   : 100.00 W
        Max Power Limit                   : 250.00 W
    GPU Memory Power Readings 
        Average Power Draw                : N/A
        Instantaneous Power Draw          : N/A
    Module Power Readings
        Average Power Draw                : N/A
        Instantaneous Power Draw          : N/A
        Current Power Limit               : N/A
        Requested Power Limit             : N/A
        Default Power Limit               : N/A
        Min Power Limit                   : N/A
        Max Power Limit                   : N/A
    Power Smoothing                       : N/A
    Workload Power Profiles
        Requested Profiles                : N/A
        Enforced Profiles                 : N/A
    Clocks
        Graphics                          : 210 MHz
        SM                                : 210 MHz
        Memory                            : 405 MHz
        Video                             : 1185 MHz
    Applications Clocks
        Graphics                          : 2550 MHz
        Memory                            : 9001 MHz
    Default Applications Clocks
        Graphics                          : 2550 MHz
        Memory                            : 9001 MHz
    Deferred Clocks
        Memory                            : N/A
    Max Clocks
        Graphics                          : 3105 MHz
        SM                                : 3105 MHz
        Memory                            : 9001 MHz
        Video                             : 2415 MHz
    Max Customer Boost Clocks
        Graphics                          : N/A
    Clock Policy
        Auto Boost                        : N/A
        Auto Boost Default                : N/A
    Voltage
        Graphics                          : N/A
    Fabric
        State                             : N/A
        Status                            : N/A
        CliqueId                          : N/A
        ClusterUUID                       : N/A
        Health
            Bandwidth                     : N/A
            Route Recovery in progress    : N/A
            Route Unhealthy               : N/A
            Access Timeout Recovery       : N/A
    Processes
        GPU instance ID                   : N/A
        Compute instance ID               : N/A
        Process ID                        : 5023
            Type                          : G
            Name                          : /usr/lib/xorg/Xorg
            Used GPU Memory               : 187 MiB
    Capabilities
        EGM                               : disabled

0
ws-l5-030
/home/xuanjie.liu/Projects/S3Plus/VQ/other_task_eval.py:83: FutureWarning: You are using `torch.load` with `weights_only=False` (the current default value), which uses the default pickle module implicitly. It is possible to construct malicious pickle data which will execute arbitrary code during unpickling (See https://github.com/pytorch/pytorch/blob/main/SECURITY.md#untrusted-models for more details). In a future release, the default value for `weights_only` will be flipped to `True`. This limits the functions that could be executed during unpickling. Arbitrary objects will no longer be allowed to be loaded via this mode unless they are explicitly allowlisted by the user via `torch.serialization.add_safe_globals`. We recommend you start setting `weights_only=True` for any use case where you don't have full control of the loaded file. Please open an issue on GitHub for any issues related to this experimental feature.
  self.simple_fc.load_state_dict(torch.load(self.fc_model_path))
Exp path: /home/xuanjie.liu/Projects/S3Plus/VQ/exp/2025.05.18_10vq_Zc[2]_Zs[0]_edim1_[0-20]_plus1024_1_tripleSet_Fullsymm
{'train_data_path': '/home/xuanjie.liu/Projects/S3Plus/VQ/exp/2025.05.18_10vq_Zc[2]_Zs[0]_edim1_[0-20]_plus1024_1_tripleSet_Fullsymm/../../../dataset/single_style_pairs(0,20)_tripleSet/train', 'single_img_eval_set_path': '/home/xuanjie.liu/Projects/S3Plus/VQ/exp/2025.05.18_10vq_Zc[2]_Zs[0]_edim1_[0-20]_plus1024_1_tripleSet_Fullsymm/../../../dataset/(0,20)-FixedPos-oneStyle', 'plus_eval_set_path': ['/home/xuanjie.liu/Projects/S3Plus/VQ/exp/2025.05.18_10vq_Zc[2]_Zs[0]_edim1_[0-20]_plus1024_1_tripleSet_Fullsymm/../../../dataset/single_style_pairs(0,20)_tripleSet/test_1', '/home/xuanjie.liu/Projects/S3Plus/VQ/exp/2025.05.18_10vq_Zc[2]_Zs[0]_edim1_[0-20]_plus1024_1_tripleSet_Fullsymm/../../../dataset/single_style_pairs(0,20)_tripleSet/test_2'], 'latent_embedding_1': 2, 'latent_embedding_2': 0, 'multi_num_embeddings': None, 'latent_code_2': 0, 'embedding_dim': 1, 'is_plot_zc_value': True, 'embeddings_num': 10, 'is_plot_vis_num': True, 'kld_loss_scalar': 0.0, 'checkpoint_interval': 2000, 'learning_rate': 0.0001, 'scheduler_base_num': 0.99999, 'max_iter_num': 50001, 'model_path': 'curr_model.pt', 'train_result_path': 'TrainingResults/', 'eval_result_path': 'EvalResults/', 'train_record_path': 'Train_record.txt', 'eval_record_path': 'Eval_record.txt', 'plus_accu_record_path': 'plus_eval.txt', 'log_interval': 500, 'eval_interval': 2000, 'is_save_img': True, 'batch_size': 128, 'is_commutative_train': False, 'is_commutative_all': False, 'z_plus_loss_scalar': 0.02, 'commutative_z_loss_scalar': 0.0, 'associative_z_loss_scalar': 0.02, 'plus_mse_scalar': -1, 'plus_recon_loss_scalar': 3, 'min_loss_scalar': 1e-05, 'K': 1024, 'assoc_aug_range': (-3, 3), 'commitment_scalar': 0.0025, 'embedding_scalar': 0.01, 'isVQStyle': False, 'plus_by_embedding': True, 'plus_by_zcode': False, 'VQPlus_eqLoss_scalar': 0.5, 'is_zc_based_assoc': True, 'is_rand_z_assoc': False, 'is_assoc_within_batch': True, 'is_switch_digital': False, 'is_full_symm': True, 'is_assoc': False, 'is_twice_oper': False, 'img_noise': 0.0, 'network_config': {'enc_dec': {'img_channel': 3, 'last_H': 4, 'last_W': 4, 'first_ch_num': 16}, 'enc_fc': {'n_units': 128, 'n_hidden_layers': 2}, 'plus': {'plus_unit': 1024, 'n_hidden_layers': 2}}, 'eval_config': {'pipeline_result_path': 'PIPELINE_EVAL', 'optimal_checkpoint_finding_config': {'optimal_checkpoint_num': 'find_by_keys', 'record_name': 'Train_record.txt', 'keys': ['plus_recon', 'plus_z', 'loss_oper', 'loss_ED'], 'iter_after': 0.1}, 'plus_eval_configs': [{'name': 'eval_set', 'eval_set_path_list': ['/home/xuanjie.liu/Projects/S3Plus/VQ/exp/2025.05.18_10vq_Zc[2]_Zs[0]_edim1_[0-20]_plus1024_1_tripleSet_Fullsymm/../../../dataset/single_style_pairs(0,20)_tripleSet/test_1', '/home/xuanjie.liu/Projects/S3Plus/VQ/exp/2025.05.18_10vq_Zc[2]_Zs[0]_edim1_[0-20]_plus1024_1_tripleSet_Fullsymm/../../../dataset/single_style_pairs(0,20)_tripleSet/test_2'], 'is_blur': False, 'blur_config': {'kernel_size_choices': (5, 7, 9), 'sigma_range': (0.5, 3.0), 'p_no_blur': 0.0}, 'augment_times': 1}], 'emb_matching_rate_configs': [{'name': 'emb_matching_rate', 'eval_set_path_list': ['/home/xuanjie.liu/Projects/S3Plus/VQ/exp/2025.05.18_10vq_Zc[2]_Zs[0]_edim1_[0-20]_plus1024_1_tripleSet_Fullsymm/../../../dataset/(0,20)-FixedPos-oneStyle'], 'is_blur': False, 'blur_config': {'kernel_size_choices': (5, 7, 9), 'sigma_range': (0.5, 3.0), 'p_no_blur': 0.0}, 'augment_times': 1}], 'orderliness_configs': [{'name': 'orderliness', 'img_dir_name': 'orderliness', 'eval_set_path_list': ['/home/xuanjie.liu/Projects/S3Plus/VQ/exp/2025.05.18_10vq_Zc[2]_Zs[0]_edim1_[0-20]_plus1024_1_tripleSet_Fullsymm/../../../dataset/(0,20)-FixedPos-oneStyle'], 'is_blur': False, 'blur_config': {'kernel_size_choices': (5, 7, 9), 'sigma_range': (0.5, 3.0), 'p_no_blur': 0.0}, 'augment_times': 1}], 'interpolate_configs': [{'name': 'train_interpolate', 'eval_set_path_list': ['/home/xuanjie.liu/Projects/S3Plus/VQ/exp/2025.05.18_10vq_Zc[2]_Zs[0]_edim1_[0-20]_plus1024_1_tripleSet_Fullsymm/../../../dataset/single_style_pairs(0,20)_tripleSet/train'], 'is_blur': False, 'blur_config': {'kernel_size_choices': (5, 7, 9), 'sigma_range': (0.5, 3.0), 'p_no_blur': 0.0}, 'augment_times': 1, 'interpolate_num': 1}]}}
[{'task_name': 'minus_16_1.1', 'train_data_path': '/home/xuanjie.liu/Projects/S3Plus/VQ/exp/2025.05.18_10vq_Zc[2]_Zs[0]_edim1_[0-20]_plus1024_1_tripleSet_Fullsymm/../../../dataset/single_style_pairs_minus(0,20)/train', 'eval_data_path': '/home/xuanjie.liu/Projects/S3Plus/VQ/exp/2025.05.18_10vq_Zc[2]_Zs[0]_edim1_[0-20]_plus1024_1_tripleSet_Fullsymm/../../../dataset/single_style_pairs_minus(0,20)/test', 'batch_size': 128, 'train_record_path': 'train_record.txt', 'eval_record_path': 'eval_record.txt', 'pretrained_path': 'checkpoint_40000.pt', 'fc_model_path': 'minus_model.pt', 'max_iter_num': 20001, 'log_interval': 200, 'num_class': 21, 'fc_network_config': {'plus_unit': 16, 'n_hidden_layers': 1}, 'learning_rate': 0.001}]
Sub-Exp path: /home/xuanjie.liu/Projects/S3Plus/VQ/exp/2025.05.18_10vq_Zc[2]_Zs[0]_edim1_[0-20]_plus1024_1_tripleSet_Fullsymm/1
Optimal checkpoint: 48000
Pretrained Model is loaded
No more training is needed
No more training is needed
No more training is needed
No more training is needed
No more training is needed
No more training is needed
No more training is needed
No more training is needed
No more training is needed
No more training is needed
No more training is needed
No more training is needed
No more training is needed
No more training is needed
No more training is needed
No more training is needed
No more training is needed
No more training is needed
No more training is needed
No more training is needed
Exp path: /home/xuanjie.liu/Projects/S3Plus/VQ/exp/2025.05.18_10vq_Zc[2]_Zs[0]_edim1_[0-20]_plus1024_1_tripleSet_Fullsymm
{'train_data_path': '/home/xuanjie.liu/Projects/S3Plus/VQ/exp/2025.05.18_10vq_Zc[2]_Zs[0]_edim1_[0-20]_plus1024_1_tripleSet_Fullsymm/../../../dataset/single_style_pairs(0,20)_tripleSet/train', 'single_img_eval_set_path': '/home/xuanjie.liu/Projects/S3Plus/VQ/exp/2025.05.18_10vq_Zc[2]_Zs[0]_edim1_[0-20]_plus1024_1_tripleSet_Fullsymm/../../../dataset/(0,20)-FixedPos-oneStyle', 'plus_eval_set_path': ['/home/xuanjie.liu/Projects/S3Plus/VQ/exp/2025.05.18_10vq_Zc[2]_Zs[0]_edim1_[0-20]_plus1024_1_tripleSet_Fullsymm/../../../dataset/single_style_pairs(0,20)_tripleSet/test_1', '/home/xuanjie.liu/Projects/S3Plus/VQ/exp/2025.05.18_10vq_Zc[2]_Zs[0]_edim1_[0-20]_plus1024_1_tripleSet_Fullsymm/../../../dataset/single_style_pairs(0,20)_tripleSet/test_2'], 'latent_embedding_1': 2, 'latent_embedding_2': 0, 'multi_num_embeddings': None, 'latent_code_2': 0, 'embedding_dim': 1, 'is_plot_zc_value': True, 'embeddings_num': 10, 'is_plot_vis_num': True, 'kld_loss_scalar': 0.0, 'checkpoint_interval': 2000, 'learning_rate': 0.0001, 'scheduler_base_num': 0.99999, 'max_iter_num': 50001, 'model_path': 'curr_model.pt', 'train_result_path': 'TrainingResults/', 'eval_result_path': 'EvalResults/', 'train_record_path': 'Train_record.txt', 'eval_record_path': 'Eval_record.txt', 'plus_accu_record_path': 'plus_eval.txt', 'log_interval': 500, 'eval_interval': 2000, 'is_save_img': True, 'batch_size': 128, 'is_commutative_train': False, 'is_commutative_all': False, 'z_plus_loss_scalar': 0.02, 'commutative_z_loss_scalar': 0.0, 'associative_z_loss_scalar': 0.02, 'plus_mse_scalar': -1, 'plus_recon_loss_scalar': 3, 'min_loss_scalar': 1e-05, 'K': 1024, 'assoc_aug_range': (-3, 3), 'commitment_scalar': 0.0025, 'embedding_scalar': 0.01, 'isVQStyle': False, 'plus_by_embedding': True, 'plus_by_zcode': False, 'VQPlus_eqLoss_scalar': 0.5, 'is_zc_based_assoc': True, 'is_rand_z_assoc': False, 'is_assoc_within_batch': True, 'is_switch_digital': False, 'is_full_symm': True, 'is_assoc': False, 'is_twice_oper': False, 'img_noise': 0.0, 'network_config': {'enc_dec': {'img_channel': 3, 'last_H': 4, 'last_W': 4, 'first_ch_num': 16}, 'enc_fc': {'n_units': 128, 'n_hidden_layers': 2}, 'plus': {'plus_unit': 1024, 'n_hidden_layers': 2}}, 'eval_config': {'pipeline_result_path': 'PIPELINE_EVAL', 'optimal_checkpoint_finding_config': {'optimal_checkpoint_num': 'find_by_keys', 'record_name': 'Train_record.txt', 'keys': ['plus_recon', 'plus_z', 'loss_oper', 'loss_ED'], 'iter_after': 0.1}, 'plus_eval_configs': [{'name': 'eval_set', 'eval_set_path_list': ['/home/xuanjie.liu/Projects/S3Plus/VQ/exp/2025.05.18_10vq_Zc[2]_Zs[0]_edim1_[0-20]_plus1024_1_tripleSet_Fullsymm/../../../dataset/single_style_pairs(0,20)_tripleSet/test_1', '/home/xuanjie.liu/Projects/S3Plus/VQ/exp/2025.05.18_10vq_Zc[2]_Zs[0]_edim1_[0-20]_plus1024_1_tripleSet_Fullsymm/../../../dataset/single_style_pairs(0,20)_tripleSet/test_2'], 'is_blur': False, 'blur_config': {'kernel_size_choices': (5, 7, 9), 'sigma_range': (0.5, 3.0), 'p_no_blur': 0.0}, 'augment_times': 1}], 'emb_matching_rate_configs': [{'name': 'emb_matching_rate', 'eval_set_path_list': ['/home/xuanjie.liu/Projects/S3Plus/VQ/exp/2025.05.18_10vq_Zc[2]_Zs[0]_edim1_[0-20]_plus1024_1_tripleSet_Fullsymm/../../../dataset/(0,20)-FixedPos-oneStyle'], 'is_blur': False, 'blur_config': {'kernel_size_choices': (5, 7, 9), 'sigma_range': (0.5, 3.0), 'p_no_blur': 0.0}, 'augment_times': 1}], 'orderliness_configs': [{'name': 'orderliness', 'img_dir_name': 'orderliness', 'eval_set_path_list': ['/home/xuanjie.liu/Projects/S3Plus/VQ/exp/2025.05.18_10vq_Zc[2]_Zs[0]_edim1_[0-20]_plus1024_1_tripleSet_Fullsymm/../../../dataset/(0,20)-FixedPos-oneStyle'], 'is_blur': False, 'blur_config': {'kernel_size_choices': (5, 7, 9), 'sigma_range': (0.5, 3.0), 'p_no_blur': 0.0}, 'augment_times': 1}], 'interpolate_configs': [{'name': 'train_interpolate', 'eval_set_path_list': ['/home/xuanjie.liu/Projects/S3Plus/VQ/exp/2025.05.18_10vq_Zc[2]_Zs[0]_edim1_[0-20]_plus1024_1_tripleSet_Fullsymm/../../../dataset/single_style_pairs(0,20)_tripleSet/train'], 'is_blur': False, 'blur_config': {'kernel_size_choices': (5, 7, 9), 'sigma_range': (0.5, 3.0), 'p_no_blur': 0.0}, 'augment_times': 1, 'interpolate_num': 1}]}}
[{'task_name': 'minus_16_1.1', 'train_data_path': '/home/xuanjie.liu/Projects/S3Plus/VQ/exp/2025.05.18_10vq_Zc[2]_Zs[0]_edim1_[0-20]_plus1024_1_tripleSet_Fullsymm/../../../dataset/single_style_pairs_minus(0,20)/train', 'eval_data_path': '/home/xuanjie.liu/Projects/S3Plus/VQ/exp/2025.05.18_10vq_Zc[2]_Zs[0]_edim1_[0-20]_plus1024_1_tripleSet_Fullsymm/../../../dataset/single_style_pairs_minus(0,20)/test', 'batch_size': 128, 'train_record_path': 'train_record.txt', 'eval_record_path': 'eval_record.txt', 'pretrained_path': 'checkpoint_40000.pt', 'fc_model_path': 'minus_model.pt', 'max_iter_num': 20001, 'log_interval': 200, 'num_class': 21, 'fc_network_config': {'plus_unit': 16, 'n_hidden_layers': 1}, 'learning_rate': 0.001}]
Sub-Exp path: /home/xuanjie.liu/Projects/S3Plus/VQ/exp/2025.05.18_10vq_Zc[2]_Zs[0]_edim1_[0-20]_plus1024_1_tripleSet_Fullsymm/2
Optimal checkpoint: 48000
Pretrained Model is loaded
No more training is needed
No more training is needed
No more training is needed
No more training is needed
No more training is needed
No more training is needed
No more training is needed
No more training is needed
No more training is needed
No more training is needed
No more training is needed
No more training is needed
No more training is needed
No more training is needed
No more training is needed
No more training is needed
No more training is needed
No more training is needed
No more training is needed
No more training is needed
Exp path: /home/xuanjie.liu/Projects/S3Plus/VQ/exp/2025.05.18_10vq_Zc[2]_Zs[0]_edim1_[0-20]_plus1024_1_tripleSet_Fullsymm
{'train_data_path': '/home/xuanjie.liu/Projects/S3Plus/VQ/exp/2025.05.18_10vq_Zc[2]_Zs[0]_edim1_[0-20]_plus1024_1_tripleSet_Fullsymm/../../../dataset/single_style_pairs(0,20)_tripleSet/train', 'single_img_eval_set_path': '/home/xuanjie.liu/Projects/S3Plus/VQ/exp/2025.05.18_10vq_Zc[2]_Zs[0]_edim1_[0-20]_plus1024_1_tripleSet_Fullsymm/../../../dataset/(0,20)-FixedPos-oneStyle', 'plus_eval_set_path': ['/home/xuanjie.liu/Projects/S3Plus/VQ/exp/2025.05.18_10vq_Zc[2]_Zs[0]_edim1_[0-20]_plus1024_1_tripleSet_Fullsymm/../../../dataset/single_style_pairs(0,20)_tripleSet/test_1', '/home/xuanjie.liu/Projects/S3Plus/VQ/exp/2025.05.18_10vq_Zc[2]_Zs[0]_edim1_[0-20]_plus1024_1_tripleSet_Fullsymm/../../../dataset/single_style_pairs(0,20)_tripleSet/test_2'], 'latent_embedding_1': 2, 'latent_embedding_2': 0, 'multi_num_embeddings': None, 'latent_code_2': 0, 'embedding_dim': 1, 'is_plot_zc_value': True, 'embeddings_num': 10, 'is_plot_vis_num': True, 'kld_loss_scalar': 0.0, 'checkpoint_interval': 2000, 'learning_rate': 0.0001, 'scheduler_base_num': 0.99999, 'max_iter_num': 50001, 'model_path': 'curr_model.pt', 'train_result_path': 'TrainingResults/', 'eval_result_path': 'EvalResults/', 'train_record_path': 'Train_record.txt', 'eval_record_path': 'Eval_record.txt', 'plus_accu_record_path': 'plus_eval.txt', 'log_interval': 500, 'eval_interval': 2000, 'is_save_img': True, 'batch_size': 128, 'is_commutative_train': False, 'is_commutative_all': False, 'z_plus_loss_scalar': 0.02, 'commutative_z_loss_scalar': 0.0, 'associative_z_loss_scalar': 0.02, 'plus_mse_scalar': -1, 'plus_recon_loss_scalar': 3, 'min_loss_scalar': 1e-05, 'K': 1024, 'assoc_aug_range': (-3, 3), 'commitment_scalar': 0.0025, 'embedding_scalar': 0.01, 'isVQStyle': False, 'plus_by_embedding': True, 'plus_by_zcode': False, 'VQPlus_eqLoss_scalar': 0.5, 'is_zc_based_assoc': True, 'is_rand_z_assoc': False, 'is_assoc_within_batch': True, 'is_switch_digital': False, 'is_full_symm': True, 'is_assoc': False, 'is_twice_oper': False, 'img_noise': 0.0, 'network_config': {'enc_dec': {'img_channel': 3, 'last_H': 4, 'last_W': 4, 'first_ch_num': 16}, 'enc_fc': {'n_units': 128, 'n_hidden_layers': 2}, 'plus': {'plus_unit': 1024, 'n_hidden_layers': 2}}, 'eval_config': {'pipeline_result_path': 'PIPELINE_EVAL', 'optimal_checkpoint_finding_config': {'optimal_checkpoint_num': 'find_by_keys', 'record_name': 'Train_record.txt', 'keys': ['plus_recon', 'plus_z', 'loss_oper', 'loss_ED'], 'iter_after': 0.1}, 'plus_eval_configs': [{'name': 'eval_set', 'eval_set_path_list': ['/home/xuanjie.liu/Projects/S3Plus/VQ/exp/2025.05.18_10vq_Zc[2]_Zs[0]_edim1_[0-20]_plus1024_1_tripleSet_Fullsymm/../../../dataset/single_style_pairs(0,20)_tripleSet/test_1', '/home/xuanjie.liu/Projects/S3Plus/VQ/exp/2025.05.18_10vq_Zc[2]_Zs[0]_edim1_[0-20]_plus1024_1_tripleSet_Fullsymm/../../../dataset/single_style_pairs(0,20)_tripleSet/test_2'], 'is_blur': False, 'blur_config': {'kernel_size_choices': (5, 7, 9), 'sigma_range': (0.5, 3.0), 'p_no_blur': 0.0}, 'augment_times': 1}], 'emb_matching_rate_configs': [{'name': 'emb_matching_rate', 'eval_set_path_list': ['/home/xuanjie.liu/Projects/S3Plus/VQ/exp/2025.05.18_10vq_Zc[2]_Zs[0]_edim1_[0-20]_plus1024_1_tripleSet_Fullsymm/../../../dataset/(0,20)-FixedPos-oneStyle'], 'is_blur': False, 'blur_config': {'kernel_size_choices': (5, 7, 9), 'sigma_range': (0.5, 3.0), 'p_no_blur': 0.0}, 'augment_times': 1}], 'orderliness_configs': [{'name': 'orderliness', 'img_dir_name': 'orderliness', 'eval_set_path_list': ['/home/xuanjie.liu/Projects/S3Plus/VQ/exp/2025.05.18_10vq_Zc[2]_Zs[0]_edim1_[0-20]_plus1024_1_tripleSet_Fullsymm/../../../dataset/(0,20)-FixedPos-oneStyle'], 'is_blur': False, 'blur_config': {'kernel_size_choices': (5, 7, 9), 'sigma_range': (0.5, 3.0), 'p_no_blur': 0.0}, 'augment_times': 1}], 'interpolate_configs': [{'name': 'train_interpolate', 'eval_set_path_list': ['/home/xuanjie.liu/Projects/S3Plus/VQ/exp/2025.05.18_10vq_Zc[2]_Zs[0]_edim1_[0-20]_plus1024_1_tripleSet_Fullsymm/../../../dataset/single_style_pairs(0,20)_tripleSet/train'], 'is_blur': False, 'blur_config': {'kernel_size_choices': (5, 7, 9), 'sigma_range': (0.5, 3.0), 'p_no_blur': 0.0}, 'augment_times': 1, 'interpolate_num': 1}]}}
[{'task_name': 'minus_16_1.1', 'train_data_path': '/home/xuanjie.liu/Projects/S3Plus/VQ/exp/2025.05.18_10vq_Zc[2]_Zs[0]_edim1_[0-20]_plus1024_1_tripleSet_Fullsymm/../../../dataset/single_style_pairs_minus(0,20)/train', 'eval_data_path': '/home/xuanjie.liu/Projects/S3Plus/VQ/exp/2025.05.18_10vq_Zc[2]_Zs[0]_edim1_[0-20]_plus1024_1_tripleSet_Fullsymm/../../../dataset/single_style_pairs_minus(0,20)/test', 'batch_size': 128, 'train_record_path': 'train_record.txt', 'eval_record_path': 'eval_record.txt', 'pretrained_path': 'checkpoint_40000.pt', 'fc_model_path': 'minus_model.pt', 'max_iter_num': 20001, 'log_interval': 200, 'num_class': 21, 'fc_network_config': {'plus_unit': 16, 'n_hidden_layers': 1}, 'learning_rate': 0.001}]
Sub-Exp path: /home/xuanjie.liu/Projects/S3Plus/VQ/exp/2025.05.18_10vq_Zc[2]_Zs[0]_edim1_[0-20]_plus1024_1_tripleSet_Fullsymm/3
Optimal checkpoint: 48000
Pretrained Model is loaded
No more training is needed
No more training is needed
No more training is needed
No more training is needed
No more training is needed
No more training is needed
No more training is needed
No more training is needed
No more training is needed
No more training is needed
No more training is needed
No more training is needed
No more training is needed
No more training is needed
No more training is needed
No more training is needed
No more training is needed
No more training is needed
No more training is needed
No more training is needed
Exp path: /home/xuanjie.liu/Projects/S3Plus/VQ/exp/2025.05.18_10vq_Zc[2]_Zs[0]_edim1_[0-20]_plus1024_1_tripleSet_Fullsymm
{'train_data_path': '/home/xuanjie.liu/Projects/S3Plus/VQ/exp/2025.05.18_10vq_Zc[2]_Zs[0]_edim1_[0-20]_plus1024_1_tripleSet_Fullsymm/../../../dataset/single_style_pairs(0,20)_tripleSet/train', 'single_img_eval_set_path': '/home/xuanjie.liu/Projects/S3Plus/VQ/exp/2025.05.18_10vq_Zc[2]_Zs[0]_edim1_[0-20]_plus1024_1_tripleSet_Fullsymm/../../../dataset/(0,20)-FixedPos-oneStyle', 'plus_eval_set_path': ['/home/xuanjie.liu/Projects/S3Plus/VQ/exp/2025.05.18_10vq_Zc[2]_Zs[0]_edim1_[0-20]_plus1024_1_tripleSet_Fullsymm/../../../dataset/single_style_pairs(0,20)_tripleSet/test_1', '/home/xuanjie.liu/Projects/S3Plus/VQ/exp/2025.05.18_10vq_Zc[2]_Zs[0]_edim1_[0-20]_plus1024_1_tripleSet_Fullsymm/../../../dataset/single_style_pairs(0,20)_tripleSet/test_2'], 'latent_embedding_1': 2, 'latent_embedding_2': 0, 'multi_num_embeddings': None, 'latent_code_2': 0, 'embedding_dim': 1, 'is_plot_zc_value': True, 'embeddings_num': 10, 'is_plot_vis_num': True, 'kld_loss_scalar': 0.0, 'checkpoint_interval': 2000, 'learning_rate': 0.0001, 'scheduler_base_num': 0.99999, 'max_iter_num': 50001, 'model_path': 'curr_model.pt', 'train_result_path': 'TrainingResults/', 'eval_result_path': 'EvalResults/', 'train_record_path': 'Train_record.txt', 'eval_record_path': 'Eval_record.txt', 'plus_accu_record_path': 'plus_eval.txt', 'log_interval': 500, 'eval_interval': 2000, 'is_save_img': True, 'batch_size': 128, 'is_commutative_train': False, 'is_commutative_all': False, 'z_plus_loss_scalar': 0.02, 'commutative_z_loss_scalar': 0.0, 'associative_z_loss_scalar': 0.02, 'plus_mse_scalar': -1, 'plus_recon_loss_scalar': 3, 'min_loss_scalar': 1e-05, 'K': 1024, 'assoc_aug_range': (-3, 3), 'commitment_scalar': 0.0025, 'embedding_scalar': 0.01, 'isVQStyle': False, 'plus_by_embedding': True, 'plus_by_zcode': False, 'VQPlus_eqLoss_scalar': 0.5, 'is_zc_based_assoc': True, 'is_rand_z_assoc': False, 'is_assoc_within_batch': True, 'is_switch_digital': False, 'is_full_symm': True, 'is_assoc': False, 'is_twice_oper': False, 'img_noise': 0.0, 'network_config': {'enc_dec': {'img_channel': 3, 'last_H': 4, 'last_W': 4, 'first_ch_num': 16}, 'enc_fc': {'n_units': 128, 'n_hidden_layers': 2}, 'plus': {'plus_unit': 1024, 'n_hidden_layers': 2}}, 'eval_config': {'pipeline_result_path': 'PIPELINE_EVAL', 'optimal_checkpoint_finding_config': {'optimal_checkpoint_num': 'find_by_keys', 'record_name': 'Train_record.txt', 'keys': ['plus_recon', 'plus_z', 'loss_oper', 'loss_ED'], 'iter_after': 0.1}, 'plus_eval_configs': [{'name': 'eval_set', 'eval_set_path_list': ['/home/xuanjie.liu/Projects/S3Plus/VQ/exp/2025.05.18_10vq_Zc[2]_Zs[0]_edim1_[0-20]_plus1024_1_tripleSet_Fullsymm/../../../dataset/single_style_pairs(0,20)_tripleSet/test_1', '/home/xuanjie.liu/Projects/S3Plus/VQ/exp/2025.05.18_10vq_Zc[2]_Zs[0]_edim1_[0-20]_plus1024_1_tripleSet_Fullsymm/../../../dataset/single_style_pairs(0,20)_tripleSet/test_2'], 'is_blur': False, 'blur_config': {'kernel_size_choices': (5, 7, 9), 'sigma_range': (0.5, 3.0), 'p_no_blur': 0.0}, 'augment_times': 1}], 'emb_matching_rate_configs': [{'name': 'emb_matching_rate', 'eval_set_path_list': ['/home/xuanjie.liu/Projects/S3Plus/VQ/exp/2025.05.18_10vq_Zc[2]_Zs[0]_edim1_[0-20]_plus1024_1_tripleSet_Fullsymm/../../../dataset/(0,20)-FixedPos-oneStyle'], 'is_blur': False, 'blur_config': {'kernel_size_choices': (5, 7, 9), 'sigma_range': (0.5, 3.0), 'p_no_blur': 0.0}, 'augment_times': 1}], 'orderliness_configs': [{'name': 'orderliness', 'img_dir_name': 'orderliness', 'eval_set_path_list': ['/home/xuanjie.liu/Projects/S3Plus/VQ/exp/2025.05.18_10vq_Zc[2]_Zs[0]_edim1_[0-20]_plus1024_1_tripleSet_Fullsymm/../../../dataset/(0,20)-FixedPos-oneStyle'], 'is_blur': False, 'blur_config': {'kernel_size_choices': (5, 7, 9), 'sigma_range': (0.5, 3.0), 'p_no_blur': 0.0}, 'augment_times': 1}], 'interpolate_configs': [{'name': 'train_interpolate', 'eval_set_path_list': ['/home/xuanjie.liu/Projects/S3Plus/VQ/exp/2025.05.18_10vq_Zc[2]_Zs[0]_edim1_[0-20]_plus1024_1_tripleSet_Fullsymm/../../../dataset/single_style_pairs(0,20)_tripleSet/train'], 'is_blur': False, 'blur_config': {'kernel_size_choices': (5, 7, 9), 'sigma_range': (0.5, 3.0), 'p_no_blur': 0.0}, 'augment_times': 1, 'interpolate_num': 1}]}}
[{'task_name': 'minus_16_1.1', 'train_data_path': '/home/xuanjie.liu/Projects/S3Plus/VQ/exp/2025.05.18_10vq_Zc[2]_Zs[0]_edim1_[0-20]_plus1024_1_tripleSet_Fullsymm/../../../dataset/single_style_pairs_minus(0,20)/train', 'eval_data_path': '/home/xuanjie.liu/Projects/S3Plus/VQ/exp/2025.05.18_10vq_Zc[2]_Zs[0]_edim1_[0-20]_plus1024_1_tripleSet_Fullsymm/../../../dataset/single_style_pairs_minus(0,20)/test', 'batch_size': 128, 'train_record_path': 'train_record.txt', 'eval_record_path': 'eval_record.txt', 'pretrained_path': 'checkpoint_40000.pt', 'fc_model_path': 'minus_model.pt', 'max_iter_num': 20001, 'log_interval': 200, 'num_class': 21, 'fc_network_config': {'plus_unit': 16, 'n_hidden_layers': 1}, 'learning_rate': 0.001}]
Sub-Exp path: /home/xuanjie.liu/Projects/S3Plus/VQ/exp/2025.05.18_10vq_Zc[2]_Zs[0]_edim1_[0-20]_plus1024_1_tripleSet_Fullsymm/4
Optimal checkpoint: 46000
Pretrained Model is loaded
No more training is needed
No more training is needed
No more training is needed
No more training is needed
No more training is needed
No more training is needed
No more training is needed
No more training is needed
No more training is needed
No more training is needed
No more training is needed
No more training is needed
No more training is needed
No more training is needed
No more training is needed
No more training is needed
No more training is needed
No more training is needed
No more training is needed
No more training is needed
Exp path: /home/xuanjie.liu/Projects/S3Plus/VQ/exp/2025.05.18_10vq_Zc[2]_Zs[0]_edim1_[0-20]_plus1024_1_tripleSet_Fullsymm
{'train_data_path': '/home/xuanjie.liu/Projects/S3Plus/VQ/exp/2025.05.18_10vq_Zc[2]_Zs[0]_edim1_[0-20]_plus1024_1_tripleSet_Fullsymm/../../../dataset/single_style_pairs(0,20)_tripleSet/train', 'single_img_eval_set_path': '/home/xuanjie.liu/Projects/S3Plus/VQ/exp/2025.05.18_10vq_Zc[2]_Zs[0]_edim1_[0-20]_plus1024_1_tripleSet_Fullsymm/../../../dataset/(0,20)-FixedPos-oneStyle', 'plus_eval_set_path': ['/home/xuanjie.liu/Projects/S3Plus/VQ/exp/2025.05.18_10vq_Zc[2]_Zs[0]_edim1_[0-20]_plus1024_1_tripleSet_Fullsymm/../../../dataset/single_style_pairs(0,20)_tripleSet/test_1', '/home/xuanjie.liu/Projects/S3Plus/VQ/exp/2025.05.18_10vq_Zc[2]_Zs[0]_edim1_[0-20]_plus1024_1_tripleSet_Fullsymm/../../../dataset/single_style_pairs(0,20)_tripleSet/test_2'], 'latent_embedding_1': 2, 'latent_embedding_2': 0, 'multi_num_embeddings': None, 'latent_code_2': 0, 'embedding_dim': 1, 'is_plot_zc_value': True, 'embeddings_num': 10, 'is_plot_vis_num': True, 'kld_loss_scalar': 0.0, 'checkpoint_interval': 2000, 'learning_rate': 0.0001, 'scheduler_base_num': 0.99999, 'max_iter_num': 50001, 'model_path': 'curr_model.pt', 'train_result_path': 'TrainingResults/', 'eval_result_path': 'EvalResults/', 'train_record_path': 'Train_record.txt', 'eval_record_path': 'Eval_record.txt', 'plus_accu_record_path': 'plus_eval.txt', 'log_interval': 500, 'eval_interval': 2000, 'is_save_img': True, 'batch_size': 128, 'is_commutative_train': False, 'is_commutative_all': False, 'z_plus_loss_scalar': 0.02, 'commutative_z_loss_scalar': 0.0, 'associative_z_loss_scalar': 0.02, 'plus_mse_scalar': -1, 'plus_recon_loss_scalar': 3, 'min_loss_scalar': 1e-05, 'K': 1024, 'assoc_aug_range': (-3, 3), 'commitment_scalar': 0.0025, 'embedding_scalar': 0.01, 'isVQStyle': False, 'plus_by_embedding': True, 'plus_by_zcode': False, 'VQPlus_eqLoss_scalar': 0.5, 'is_zc_based_assoc': True, 'is_rand_z_assoc': False, 'is_assoc_within_batch': True, 'is_switch_digital': False, 'is_full_symm': True, 'is_assoc': False, 'is_twice_oper': False, 'img_noise': 0.0, 'network_config': {'enc_dec': {'img_channel': 3, 'last_H': 4, 'last_W': 4, 'first_ch_num': 16}, 'enc_fc': {'n_units': 128, 'n_hidden_layers': 2}, 'plus': {'plus_unit': 1024, 'n_hidden_layers': 2}}, 'eval_config': {'pipeline_result_path': 'PIPELINE_EVAL', 'optimal_checkpoint_finding_config': {'optimal_checkpoint_num': 'find_by_keys', 'record_name': 'Train_record.txt', 'keys': ['plus_recon', 'plus_z', 'loss_oper', 'loss_ED'], 'iter_after': 0.1}, 'plus_eval_configs': [{'name': 'eval_set', 'eval_set_path_list': ['/home/xuanjie.liu/Projects/S3Plus/VQ/exp/2025.05.18_10vq_Zc[2]_Zs[0]_edim1_[0-20]_plus1024_1_tripleSet_Fullsymm/../../../dataset/single_style_pairs(0,20)_tripleSet/test_1', '/home/xuanjie.liu/Projects/S3Plus/VQ/exp/2025.05.18_10vq_Zc[2]_Zs[0]_edim1_[0-20]_plus1024_1_tripleSet_Fullsymm/../../../dataset/single_style_pairs(0,20)_tripleSet/test_2'], 'is_blur': False, 'blur_config': {'kernel_size_choices': (5, 7, 9), 'sigma_range': (0.5, 3.0), 'p_no_blur': 0.0}, 'augment_times': 1}], 'emb_matching_rate_configs': [{'name': 'emb_matching_rate', 'eval_set_path_list': ['/home/xuanjie.liu/Projects/S3Plus/VQ/exp/2025.05.18_10vq_Zc[2]_Zs[0]_edim1_[0-20]_plus1024_1_tripleSet_Fullsymm/../../../dataset/(0,20)-FixedPos-oneStyle'], 'is_blur': False, 'blur_config': {'kernel_size_choices': (5, 7, 9), 'sigma_range': (0.5, 3.0), 'p_no_blur': 0.0}, 'augment_times': 1}], 'orderliness_configs': [{'name': 'orderliness', 'img_dir_name': 'orderliness', 'eval_set_path_list': ['/home/xuanjie.liu/Projects/S3Plus/VQ/exp/2025.05.18_10vq_Zc[2]_Zs[0]_edim1_[0-20]_plus1024_1_tripleSet_Fullsymm/../../../dataset/(0,20)-FixedPos-oneStyle'], 'is_blur': False, 'blur_config': {'kernel_size_choices': (5, 7, 9), 'sigma_range': (0.5, 3.0), 'p_no_blur': 0.0}, 'augment_times': 1}], 'interpolate_configs': [{'name': 'train_interpolate', 'eval_set_path_list': ['/home/xuanjie.liu/Projects/S3Plus/VQ/exp/2025.05.18_10vq_Zc[2]_Zs[0]_edim1_[0-20]_plus1024_1_tripleSet_Fullsymm/../../../dataset/single_style_pairs(0,20)_tripleSet/train'], 'is_blur': False, 'blur_config': {'kernel_size_choices': (5, 7, 9), 'sigma_range': (0.5, 3.0), 'p_no_blur': 0.0}, 'augment_times': 1, 'interpolate_num': 1}]}}
[{'task_name': 'minus_16_1.1', 'train_data_path': '/home/xuanjie.liu/Projects/S3Plus/VQ/exp/2025.05.18_10vq_Zc[2]_Zs[0]_edim1_[0-20]_plus1024_1_tripleSet_Fullsymm/../../../dataset/single_style_pairs_minus(0,20)/train', 'eval_data_path': '/home/xuanjie.liu/Projects/S3Plus/VQ/exp/2025.05.18_10vq_Zc[2]_Zs[0]_edim1_[0-20]_plus1024_1_tripleSet_Fullsymm/../../../dataset/single_style_pairs_minus(0,20)/test', 'batch_size': 128, 'train_record_path': 'train_record.txt', 'eval_record_path': 'eval_record.txt', 'pretrained_path': 'checkpoint_40000.pt', 'fc_model_path': 'minus_model.pt', 'max_iter_num': 20001, 'log_interval': 200, 'num_class': 21, 'fc_network_config': {'plus_unit': 16, 'n_hidden_layers': 1}, 'learning_rate': 0.001}]
Sub-Exp path: /home/xuanjie.liu/Projects/S3Plus/VQ/exp/2025.05.18_10vq_Zc[2]_Zs[0]_edim1_[0-20]_plus1024_1_tripleSet_Fullsymm/5
Optimal checkpoint: 48000
Pretrained Model is loaded
No more training is needed
No more training is needed
No more training is needed
No more training is needed
No more training is needed
No more training is needed
No more training is needed
No more training is needed
No more training is needed
No more training is needed
No more training is needed
No more training is needed
No more training is needed
No more training is needed
No more training is needed
No more training is needed
No more training is needed
No more training is needed
No more training is needed
No more training is needed
Exp path: /home/xuanjie.liu/Projects/S3Plus/VQ/exp/2025.05.18_10vq_Zc[2]_Zs[0]_edim1_[0-20]_plus1024_1_tripleSet_Fullsymm
{'train_data_path': '/home/xuanjie.liu/Projects/S3Plus/VQ/exp/2025.05.18_10vq_Zc[2]_Zs[0]_edim1_[0-20]_plus1024_1_tripleSet_Fullsymm/../../../dataset/single_style_pairs(0,20)_tripleSet/train', 'single_img_eval_set_path': '/home/xuanjie.liu/Projects/S3Plus/VQ/exp/2025.05.18_10vq_Zc[2]_Zs[0]_edim1_[0-20]_plus1024_1_tripleSet_Fullsymm/../../../dataset/(0,20)-FixedPos-oneStyle', 'plus_eval_set_path': ['/home/xuanjie.liu/Projects/S3Plus/VQ/exp/2025.05.18_10vq_Zc[2]_Zs[0]_edim1_[0-20]_plus1024_1_tripleSet_Fullsymm/../../../dataset/single_style_pairs(0,20)_tripleSet/test_1', '/home/xuanjie.liu/Projects/S3Plus/VQ/exp/2025.05.18_10vq_Zc[2]_Zs[0]_edim1_[0-20]_plus1024_1_tripleSet_Fullsymm/../../../dataset/single_style_pairs(0,20)_tripleSet/test_2'], 'latent_embedding_1': 2, 'latent_embedding_2': 0, 'multi_num_embeddings': None, 'latent_code_2': 0, 'embedding_dim': 1, 'is_plot_zc_value': True, 'embeddings_num': 10, 'is_plot_vis_num': True, 'kld_loss_scalar': 0.0, 'checkpoint_interval': 2000, 'learning_rate': 0.0001, 'scheduler_base_num': 0.99999, 'max_iter_num': 50001, 'model_path': 'curr_model.pt', 'train_result_path': 'TrainingResults/', 'eval_result_path': 'EvalResults/', 'train_record_path': 'Train_record.txt', 'eval_record_path': 'Eval_record.txt', 'plus_accu_record_path': 'plus_eval.txt', 'log_interval': 500, 'eval_interval': 2000, 'is_save_img': True, 'batch_size': 128, 'is_commutative_train': False, 'is_commutative_all': False, 'z_plus_loss_scalar': 0.02, 'commutative_z_loss_scalar': 0.0, 'associative_z_loss_scalar': 0.02, 'plus_mse_scalar': -1, 'plus_recon_loss_scalar': 3, 'min_loss_scalar': 1e-05, 'K': 1024, 'assoc_aug_range': (-3, 3), 'commitment_scalar': 0.0025, 'embedding_scalar': 0.01, 'isVQStyle': False, 'plus_by_embedding': True, 'plus_by_zcode': False, 'VQPlus_eqLoss_scalar': 0.5, 'is_zc_based_assoc': True, 'is_rand_z_assoc': False, 'is_assoc_within_batch': True, 'is_switch_digital': False, 'is_full_symm': True, 'is_assoc': False, 'is_twice_oper': False, 'img_noise': 0.0, 'network_config': {'enc_dec': {'img_channel': 3, 'last_H': 4, 'last_W': 4, 'first_ch_num': 16}, 'enc_fc': {'n_units': 128, 'n_hidden_layers': 2}, 'plus': {'plus_unit': 1024, 'n_hidden_layers': 2}}, 'eval_config': {'pipeline_result_path': 'PIPELINE_EVAL', 'optimal_checkpoint_finding_config': {'optimal_checkpoint_num': 'find_by_keys', 'record_name': 'Train_record.txt', 'keys': ['plus_recon', 'plus_z', 'loss_oper', 'loss_ED'], 'iter_after': 0.1}, 'plus_eval_configs': [{'name': 'eval_set', 'eval_set_path_list': ['/home/xuanjie.liu/Projects/S3Plus/VQ/exp/2025.05.18_10vq_Zc[2]_Zs[0]_edim1_[0-20]_plus1024_1_tripleSet_Fullsymm/../../../dataset/single_style_pairs(0,20)_tripleSet/test_1', '/home/xuanjie.liu/Projects/S3Plus/VQ/exp/2025.05.18_10vq_Zc[2]_Zs[0]_edim1_[0-20]_plus1024_1_tripleSet_Fullsymm/../../../dataset/single_style_pairs(0,20)_tripleSet/test_2'], 'is_blur': False, 'blur_config': {'kernel_size_choices': (5, 7, 9), 'sigma_range': (0.5, 3.0), 'p_no_blur': 0.0}, 'augment_times': 1}], 'emb_matching_rate_configs': [{'name': 'emb_matching_rate', 'eval_set_path_list': ['/home/xuanjie.liu/Projects/S3Plus/VQ/exp/2025.05.18_10vq_Zc[2]_Zs[0]_edim1_[0-20]_plus1024_1_tripleSet_Fullsymm/../../../dataset/(0,20)-FixedPos-oneStyle'], 'is_blur': False, 'blur_config': {'kernel_size_choices': (5, 7, 9), 'sigma_range': (0.5, 3.0), 'p_no_blur': 0.0}, 'augment_times': 1}], 'orderliness_configs': [{'name': 'orderliness', 'img_dir_name': 'orderliness', 'eval_set_path_list': ['/home/xuanjie.liu/Projects/S3Plus/VQ/exp/2025.05.18_10vq_Zc[2]_Zs[0]_edim1_[0-20]_plus1024_1_tripleSet_Fullsymm/../../../dataset/(0,20)-FixedPos-oneStyle'], 'is_blur': False, 'blur_config': {'kernel_size_choices': (5, 7, 9), 'sigma_range': (0.5, 3.0), 'p_no_blur': 0.0}, 'augment_times': 1}], 'interpolate_configs': [{'name': 'train_interpolate', 'eval_set_path_list': ['/home/xuanjie.liu/Projects/S3Plus/VQ/exp/2025.05.18_10vq_Zc[2]_Zs[0]_edim1_[0-20]_plus1024_1_tripleSet_Fullsymm/../../../dataset/single_style_pairs(0,20)_tripleSet/train'], 'is_blur': False, 'blur_config': {'kernel_size_choices': (5, 7, 9), 'sigma_range': (0.5, 3.0), 'p_no_blur': 0.0}, 'augment_times': 1, 'interpolate_num': 1}]}}
[{'task_name': 'minus_16_1.1', 'train_data_path': '/home/xuanjie.liu/Projects/S3Plus/VQ/exp/2025.05.18_10vq_Zc[2]_Zs[0]_edim1_[0-20]_plus1024_1_tripleSet_Fullsymm/../../../dataset/single_style_pairs_minus(0,20)/train', 'eval_data_path': '/home/xuanjie.liu/Projects/S3Plus/VQ/exp/2025.05.18_10vq_Zc[2]_Zs[0]_edim1_[0-20]_plus1024_1_tripleSet_Fullsymm/../../../dataset/single_style_pairs_minus(0,20)/test', 'batch_size': 128, 'train_record_path': 'train_record.txt', 'eval_record_path': 'eval_record.txt', 'pretrained_path': 'checkpoint_40000.pt', 'fc_model_path': 'minus_model.pt', 'max_iter_num': 20001, 'log_interval': 200, 'num_class': 21, 'fc_network_config': {'plus_unit': 16, 'n_hidden_layers': 1}, 'learning_rate': 0.001}]
Sub-Exp path: /home/xuanjie.liu/Projects/S3Plus/VQ/exp/2025.05.18_10vq_Zc[2]_Zs[0]_edim1_[0-20]_plus1024_1_tripleSet_Fullsymm/6
Optimal checkpoint: 46000
Pretrained Model is loaded
No more training is needed
No more training is needed
No more training is needed
No more training is needed
No more training is needed
No more training is needed
No more training is needed
No more training is needed
No more training is needed
No more training is needed
No more training is needed
No more training is needed
No more training is needed
No more training is needed
No more training is needed
No more training is needed
No more training is needed
No more training is needed
No more training is needed
No more training is needed
Exp path: /home/xuanjie.liu/Projects/S3Plus/VQ/exp/2025.05.18_10vq_Zc[2]_Zs[0]_edim1_[0-20]_plus1024_1_tripleSet_Fullsymm
{'train_data_path': '/home/xuanjie.liu/Projects/S3Plus/VQ/exp/2025.05.18_10vq_Zc[2]_Zs[0]_edim1_[0-20]_plus1024_1_tripleSet_Fullsymm/../../../dataset/single_style_pairs(0,20)_tripleSet/train', 'single_img_eval_set_path': '/home/xuanjie.liu/Projects/S3Plus/VQ/exp/2025.05.18_10vq_Zc[2]_Zs[0]_edim1_[0-20]_plus1024_1_tripleSet_Fullsymm/../../../dataset/(0,20)-FixedPos-oneStyle', 'plus_eval_set_path': ['/home/xuanjie.liu/Projects/S3Plus/VQ/exp/2025.05.18_10vq_Zc[2]_Zs[0]_edim1_[0-20]_plus1024_1_tripleSet_Fullsymm/../../../dataset/single_style_pairs(0,20)_tripleSet/test_1', '/home/xuanjie.liu/Projects/S3Plus/VQ/exp/2025.05.18_10vq_Zc[2]_Zs[0]_edim1_[0-20]_plus1024_1_tripleSet_Fullsymm/../../../dataset/single_style_pairs(0,20)_tripleSet/test_2'], 'latent_embedding_1': 2, 'latent_embedding_2': 0, 'multi_num_embeddings': None, 'latent_code_2': 0, 'embedding_dim': 1, 'is_plot_zc_value': True, 'embeddings_num': 10, 'is_plot_vis_num': True, 'kld_loss_scalar': 0.0, 'checkpoint_interval': 2000, 'learning_rate': 0.0001, 'scheduler_base_num': 0.99999, 'max_iter_num': 50001, 'model_path': 'curr_model.pt', 'train_result_path': 'TrainingResults/', 'eval_result_path': 'EvalResults/', 'train_record_path': 'Train_record.txt', 'eval_record_path': 'Eval_record.txt', 'plus_accu_record_path': 'plus_eval.txt', 'log_interval': 500, 'eval_interval': 2000, 'is_save_img': True, 'batch_size': 128, 'is_commutative_train': False, 'is_commutative_all': False, 'z_plus_loss_scalar': 0.02, 'commutative_z_loss_scalar': 0.0, 'associative_z_loss_scalar': 0.02, 'plus_mse_scalar': -1, 'plus_recon_loss_scalar': 3, 'min_loss_scalar': 1e-05, 'K': 1024, 'assoc_aug_range': (-3, 3), 'commitment_scalar': 0.0025, 'embedding_scalar': 0.01, 'isVQStyle': False, 'plus_by_embedding': True, 'plus_by_zcode': False, 'VQPlus_eqLoss_scalar': 0.5, 'is_zc_based_assoc': True, 'is_rand_z_assoc': False, 'is_assoc_within_batch': True, 'is_switch_digital': False, 'is_full_symm': True, 'is_assoc': False, 'is_twice_oper': False, 'img_noise': 0.0, 'network_config': {'enc_dec': {'img_channel': 3, 'last_H': 4, 'last_W': 4, 'first_ch_num': 16}, 'enc_fc': {'n_units': 128, 'n_hidden_layers': 2}, 'plus': {'plus_unit': 1024, 'n_hidden_layers': 2}}, 'eval_config': {'pipeline_result_path': 'PIPELINE_EVAL', 'optimal_checkpoint_finding_config': {'optimal_checkpoint_num': 'find_by_keys', 'record_name': 'Train_record.txt', 'keys': ['plus_recon', 'plus_z', 'loss_oper', 'loss_ED'], 'iter_after': 0.1}, 'plus_eval_configs': [{'name': 'eval_set', 'eval_set_path_list': ['/home/xuanjie.liu/Projects/S3Plus/VQ/exp/2025.05.18_10vq_Zc[2]_Zs[0]_edim1_[0-20]_plus1024_1_tripleSet_Fullsymm/../../../dataset/single_style_pairs(0,20)_tripleSet/test_1', '/home/xuanjie.liu/Projects/S3Plus/VQ/exp/2025.05.18_10vq_Zc[2]_Zs[0]_edim1_[0-20]_plus1024_1_tripleSet_Fullsymm/../../../dataset/single_style_pairs(0,20)_tripleSet/test_2'], 'is_blur': False, 'blur_config': {'kernel_size_choices': (5, 7, 9), 'sigma_range': (0.5, 3.0), 'p_no_blur': 0.0}, 'augment_times': 1}], 'emb_matching_rate_configs': [{'name': 'emb_matching_rate', 'eval_set_path_list': ['/home/xuanjie.liu/Projects/S3Plus/VQ/exp/2025.05.18_10vq_Zc[2]_Zs[0]_edim1_[0-20]_plus1024_1_tripleSet_Fullsymm/../../../dataset/(0,20)-FixedPos-oneStyle'], 'is_blur': False, 'blur_config': {'kernel_size_choices': (5, 7, 9), 'sigma_range': (0.5, 3.0), 'p_no_blur': 0.0}, 'augment_times': 1}], 'orderliness_configs': [{'name': 'orderliness', 'img_dir_name': 'orderliness', 'eval_set_path_list': ['/home/xuanjie.liu/Projects/S3Plus/VQ/exp/2025.05.18_10vq_Zc[2]_Zs[0]_edim1_[0-20]_plus1024_1_tripleSet_Fullsymm/../../../dataset/(0,20)-FixedPos-oneStyle'], 'is_blur': False, 'blur_config': {'kernel_size_choices': (5, 7, 9), 'sigma_range': (0.5, 3.0), 'p_no_blur': 0.0}, 'augment_times': 1}], 'interpolate_configs': [{'name': 'train_interpolate', 'eval_set_path_list': ['/home/xuanjie.liu/Projects/S3Plus/VQ/exp/2025.05.18_10vq_Zc[2]_Zs[0]_edim1_[0-20]_plus1024_1_tripleSet_Fullsymm/../../../dataset/single_style_pairs(0,20)_tripleSet/train'], 'is_blur': False, 'blur_config': {'kernel_size_choices': (5, 7, 9), 'sigma_range': (0.5, 3.0), 'p_no_blur': 0.0}, 'augment_times': 1, 'interpolate_num': 1}]}}
[{'task_name': 'minus_16_1.1', 'train_data_path': '/home/xuanjie.liu/Projects/S3Plus/VQ/exp/2025.05.18_10vq_Zc[2]_Zs[0]_edim1_[0-20]_plus1024_1_tripleSet_Fullsymm/../../../dataset/single_style_pairs_minus(0,20)/train', 'eval_data_path': '/home/xuanjie.liu/Projects/S3Plus/VQ/exp/2025.05.18_10vq_Zc[2]_Zs[0]_edim1_[0-20]_plus1024_1_tripleSet_Fullsymm/../../../dataset/single_style_pairs_minus(0,20)/test', 'batch_size': 128, 'train_record_path': 'train_record.txt', 'eval_record_path': 'eval_record.txt', 'pretrained_path': 'checkpoint_40000.pt', 'fc_model_path': 'minus_model.pt', 'max_iter_num': 20001, 'log_interval': 200, 'num_class': 21, 'fc_network_config': {'plus_unit': 16, 'n_hidden_layers': 1}, 'learning_rate': 0.001}]
Sub-Exp path: /home/xuanjie.liu/Projects/S3Plus/VQ/exp/2025.05.18_10vq_Zc[2]_Zs[0]_edim1_[0-20]_plus1024_1_tripleSet_Fullsymm/7
Optimal checkpoint: 48000
Pretrained Model is loaded
No more training is needed
No more training is needed
No more training is needed
No more training is needed
No more training is needed
No more training is needed
No more training is needed
No more training is needed
No more training is needed
No more training is needed
No more training is needed
No more training is needed
No more training is needed
No more training is needed
No more training is needed
No more training is needed
No more training is needed
No more training is needed
No more training is needed
No more training is needed
Exp path: /home/xuanjie.liu/Projects/S3Plus/VQ/exp/2025.05.18_10vq_Zc[2]_Zs[0]_edim1_[0-20]_plus1024_1_tripleSet_Fullsymm
{'train_data_path': '/home/xuanjie.liu/Projects/S3Plus/VQ/exp/2025.05.18_10vq_Zc[2]_Zs[0]_edim1_[0-20]_plus1024_1_tripleSet_Fullsymm/../../../dataset/single_style_pairs(0,20)_tripleSet/train', 'single_img_eval_set_path': '/home/xuanjie.liu/Projects/S3Plus/VQ/exp/2025.05.18_10vq_Zc[2]_Zs[0]_edim1_[0-20]_plus1024_1_tripleSet_Fullsymm/../../../dataset/(0,20)-FixedPos-oneStyle', 'plus_eval_set_path': ['/home/xuanjie.liu/Projects/S3Plus/VQ/exp/2025.05.18_10vq_Zc[2]_Zs[0]_edim1_[0-20]_plus1024_1_tripleSet_Fullsymm/../../../dataset/single_style_pairs(0,20)_tripleSet/test_1', '/home/xuanjie.liu/Projects/S3Plus/VQ/exp/2025.05.18_10vq_Zc[2]_Zs[0]_edim1_[0-20]_plus1024_1_tripleSet_Fullsymm/../../../dataset/single_style_pairs(0,20)_tripleSet/test_2'], 'latent_embedding_1': 2, 'latent_embedding_2': 0, 'multi_num_embeddings': None, 'latent_code_2': 0, 'embedding_dim': 1, 'is_plot_zc_value': True, 'embeddings_num': 10, 'is_plot_vis_num': True, 'kld_loss_scalar': 0.0, 'checkpoint_interval': 2000, 'learning_rate': 0.0001, 'scheduler_base_num': 0.99999, 'max_iter_num': 50001, 'model_path': 'curr_model.pt', 'train_result_path': 'TrainingResults/', 'eval_result_path': 'EvalResults/', 'train_record_path': 'Train_record.txt', 'eval_record_path': 'Eval_record.txt', 'plus_accu_record_path': 'plus_eval.txt', 'log_interval': 500, 'eval_interval': 2000, 'is_save_img': True, 'batch_size': 128, 'is_commutative_train': False, 'is_commutative_all': False, 'z_plus_loss_scalar': 0.02, 'commutative_z_loss_scalar': 0.0, 'associative_z_loss_scalar': 0.02, 'plus_mse_scalar': -1, 'plus_recon_loss_scalar': 3, 'min_loss_scalar': 1e-05, 'K': 1024, 'assoc_aug_range': (-3, 3), 'commitment_scalar': 0.0025, 'embedding_scalar': 0.01, 'isVQStyle': False, 'plus_by_embedding': True, 'plus_by_zcode': False, 'VQPlus_eqLoss_scalar': 0.5, 'is_zc_based_assoc': True, 'is_rand_z_assoc': False, 'is_assoc_within_batch': True, 'is_switch_digital': False, 'is_full_symm': True, 'is_assoc': False, 'is_twice_oper': False, 'img_noise': 0.0, 'network_config': {'enc_dec': {'img_channel': 3, 'last_H': 4, 'last_W': 4, 'first_ch_num': 16}, 'enc_fc': {'n_units': 128, 'n_hidden_layers': 2}, 'plus': {'plus_unit': 1024, 'n_hidden_layers': 2}}, 'eval_config': {'pipeline_result_path': 'PIPELINE_EVAL', 'optimal_checkpoint_finding_config': {'optimal_checkpoint_num': 'find_by_keys', 'record_name': 'Train_record.txt', 'keys': ['plus_recon', 'plus_z', 'loss_oper', 'loss_ED'], 'iter_after': 0.1}, 'plus_eval_configs': [{'name': 'eval_set', 'eval_set_path_list': ['/home/xuanjie.liu/Projects/S3Plus/VQ/exp/2025.05.18_10vq_Zc[2]_Zs[0]_edim1_[0-20]_plus1024_1_tripleSet_Fullsymm/../../../dataset/single_style_pairs(0,20)_tripleSet/test_1', '/home/xuanjie.liu/Projects/S3Plus/VQ/exp/2025.05.18_10vq_Zc[2]_Zs[0]_edim1_[0-20]_plus1024_1_tripleSet_Fullsymm/../../../dataset/single_style_pairs(0,20)_tripleSet/test_2'], 'is_blur': False, 'blur_config': {'kernel_size_choices': (5, 7, 9), 'sigma_range': (0.5, 3.0), 'p_no_blur': 0.0}, 'augment_times': 1}], 'emb_matching_rate_configs': [{'name': 'emb_matching_rate', 'eval_set_path_list': ['/home/xuanjie.liu/Projects/S3Plus/VQ/exp/2025.05.18_10vq_Zc[2]_Zs[0]_edim1_[0-20]_plus1024_1_tripleSet_Fullsymm/../../../dataset/(0,20)-FixedPos-oneStyle'], 'is_blur': False, 'blur_config': {'kernel_size_choices': (5, 7, 9), 'sigma_range': (0.5, 3.0), 'p_no_blur': 0.0}, 'augment_times': 1}], 'orderliness_configs': [{'name': 'orderliness', 'img_dir_name': 'orderliness', 'eval_set_path_list': ['/home/xuanjie.liu/Projects/S3Plus/VQ/exp/2025.05.18_10vq_Zc[2]_Zs[0]_edim1_[0-20]_plus1024_1_tripleSet_Fullsymm/../../../dataset/(0,20)-FixedPos-oneStyle'], 'is_blur': False, 'blur_config': {'kernel_size_choices': (5, 7, 9), 'sigma_range': (0.5, 3.0), 'p_no_blur': 0.0}, 'augment_times': 1}], 'interpolate_configs': [{'name': 'train_interpolate', 'eval_set_path_list': ['/home/xuanjie.liu/Projects/S3Plus/VQ/exp/2025.05.18_10vq_Zc[2]_Zs[0]_edim1_[0-20]_plus1024_1_tripleSet_Fullsymm/../../../dataset/single_style_pairs(0,20)_tripleSet/train'], 'is_blur': False, 'blur_config': {'kernel_size_choices': (5, 7, 9), 'sigma_range': (0.5, 3.0), 'p_no_blur': 0.0}, 'augment_times': 1, 'interpolate_num': 1}]}}
[{'task_name': 'minus_16_1.1', 'train_data_path': '/home/xuanjie.liu/Projects/S3Plus/VQ/exp/2025.05.18_10vq_Zc[2]_Zs[0]_edim1_[0-20]_plus1024_1_tripleSet_Fullsymm/../../../dataset/single_style_pairs_minus(0,20)/train', 'eval_data_path': '/home/xuanjie.liu/Projects/S3Plus/VQ/exp/2025.05.18_10vq_Zc[2]_Zs[0]_edim1_[0-20]_plus1024_1_tripleSet_Fullsymm/../../../dataset/single_style_pairs_minus(0,20)/test', 'batch_size': 128, 'train_record_path': 'train_record.txt', 'eval_record_path': 'eval_record.txt', 'pretrained_path': 'checkpoint_40000.pt', 'fc_model_path': 'minus_model.pt', 'max_iter_num': 20001, 'log_interval': 200, 'num_class': 21, 'fc_network_config': {'plus_unit': 16, 'n_hidden_layers': 1}, 'learning_rate': 0.001}]
Sub-Exp path: /home/xuanjie.liu/Projects/S3Plus/VQ/exp/2025.05.18_10vq_Zc[2]_Zs[0]_edim1_[0-20]_plus1024_1_tripleSet_Fullsymm/8
Optimal checkpoint: 48000
Pretrained Model is loaded
No more training is needed
No more training is needed
No more training is needed
No more training is needed
No more training is needed
No more training is needed
No more training is needed
No more training is needed
No more training is needed
No more training is needed
No more training is needed
No more training is needed
No more training is needed
No more training is needed
No more training is needed
No more training is needed
No more training is needed
No more training is needed
No more training is needed
No more training is needed
Exp path: /home/xuanjie.liu/Projects/S3Plus/VQ/exp/2025.05.18_10vq_Zc[2]_Zs[0]_edim1_[0-20]_plus1024_1_tripleSet_Fullsymm
{'train_data_path': '/home/xuanjie.liu/Projects/S3Plus/VQ/exp/2025.05.18_10vq_Zc[2]_Zs[0]_edim1_[0-20]_plus1024_1_tripleSet_Fullsymm/../../../dataset/single_style_pairs(0,20)_tripleSet/train', 'single_img_eval_set_path': '/home/xuanjie.liu/Projects/S3Plus/VQ/exp/2025.05.18_10vq_Zc[2]_Zs[0]_edim1_[0-20]_plus1024_1_tripleSet_Fullsymm/../../../dataset/(0,20)-FixedPos-oneStyle', 'plus_eval_set_path': ['/home/xuanjie.liu/Projects/S3Plus/VQ/exp/2025.05.18_10vq_Zc[2]_Zs[0]_edim1_[0-20]_plus1024_1_tripleSet_Fullsymm/../../../dataset/single_style_pairs(0,20)_tripleSet/test_1', '/home/xuanjie.liu/Projects/S3Plus/VQ/exp/2025.05.18_10vq_Zc[2]_Zs[0]_edim1_[0-20]_plus1024_1_tripleSet_Fullsymm/../../../dataset/single_style_pairs(0,20)_tripleSet/test_2'], 'latent_embedding_1': 2, 'latent_embedding_2': 0, 'multi_num_embeddings': None, 'latent_code_2': 0, 'embedding_dim': 1, 'is_plot_zc_value': True, 'embeddings_num': 10, 'is_plot_vis_num': True, 'kld_loss_scalar': 0.0, 'checkpoint_interval': 2000, 'learning_rate': 0.0001, 'scheduler_base_num': 0.99999, 'max_iter_num': 50001, 'model_path': 'curr_model.pt', 'train_result_path': 'TrainingResults/', 'eval_result_path': 'EvalResults/', 'train_record_path': 'Train_record.txt', 'eval_record_path': 'Eval_record.txt', 'plus_accu_record_path': 'plus_eval.txt', 'log_interval': 500, 'eval_interval': 2000, 'is_save_img': True, 'batch_size': 128, 'is_commutative_train': False, 'is_commutative_all': False, 'z_plus_loss_scalar': 0.02, 'commutative_z_loss_scalar': 0.0, 'associative_z_loss_scalar': 0.02, 'plus_mse_scalar': -1, 'plus_recon_loss_scalar': 3, 'min_loss_scalar': 1e-05, 'K': 1024, 'assoc_aug_range': (-3, 3), 'commitment_scalar': 0.0025, 'embedding_scalar': 0.01, 'isVQStyle': False, 'plus_by_embedding': True, 'plus_by_zcode': False, 'VQPlus_eqLoss_scalar': 0.5, 'is_zc_based_assoc': True, 'is_rand_z_assoc': False, 'is_assoc_within_batch': True, 'is_switch_digital': False, 'is_full_symm': True, 'is_assoc': False, 'is_twice_oper': False, 'img_noise': 0.0, 'network_config': {'enc_dec': {'img_channel': 3, 'last_H': 4, 'last_W': 4, 'first_ch_num': 16}, 'enc_fc': {'n_units': 128, 'n_hidden_layers': 2}, 'plus': {'plus_unit': 1024, 'n_hidden_layers': 2}}, 'eval_config': {'pipeline_result_path': 'PIPELINE_EVAL', 'optimal_checkpoint_finding_config': {'optimal_checkpoint_num': 'find_by_keys', 'record_name': 'Train_record.txt', 'keys': ['plus_recon', 'plus_z', 'loss_oper', 'loss_ED'], 'iter_after': 0.1}, 'plus_eval_configs': [{'name': 'eval_set', 'eval_set_path_list': ['/home/xuanjie.liu/Projects/S3Plus/VQ/exp/2025.05.18_10vq_Zc[2]_Zs[0]_edim1_[0-20]_plus1024_1_tripleSet_Fullsymm/../../../dataset/single_style_pairs(0,20)_tripleSet/test_1', '/home/xuanjie.liu/Projects/S3Plus/VQ/exp/2025.05.18_10vq_Zc[2]_Zs[0]_edim1_[0-20]_plus1024_1_tripleSet_Fullsymm/../../../dataset/single_style_pairs(0,20)_tripleSet/test_2'], 'is_blur': False, 'blur_config': {'kernel_size_choices': (5, 7, 9), 'sigma_range': (0.5, 3.0), 'p_no_blur': 0.0}, 'augment_times': 1}], 'emb_matching_rate_configs': [{'name': 'emb_matching_rate', 'eval_set_path_list': ['/home/xuanjie.liu/Projects/S3Plus/VQ/exp/2025.05.18_10vq_Zc[2]_Zs[0]_edim1_[0-20]_plus1024_1_tripleSet_Fullsymm/../../../dataset/(0,20)-FixedPos-oneStyle'], 'is_blur': False, 'blur_config': {'kernel_size_choices': (5, 7, 9), 'sigma_range': (0.5, 3.0), 'p_no_blur': 0.0}, 'augment_times': 1}], 'orderliness_configs': [{'name': 'orderliness', 'img_dir_name': 'orderliness', 'eval_set_path_list': ['/home/xuanjie.liu/Projects/S3Plus/VQ/exp/2025.05.18_10vq_Zc[2]_Zs[0]_edim1_[0-20]_plus1024_1_tripleSet_Fullsymm/../../../dataset/(0,20)-FixedPos-oneStyle'], 'is_blur': False, 'blur_config': {'kernel_size_choices': (5, 7, 9), 'sigma_range': (0.5, 3.0), 'p_no_blur': 0.0}, 'augment_times': 1}], 'interpolate_configs': [{'name': 'train_interpolate', 'eval_set_path_list': ['/home/xuanjie.liu/Projects/S3Plus/VQ/exp/2025.05.18_10vq_Zc[2]_Zs[0]_edim1_[0-20]_plus1024_1_tripleSet_Fullsymm/../../../dataset/single_style_pairs(0,20)_tripleSet/train'], 'is_blur': False, 'blur_config': {'kernel_size_choices': (5, 7, 9), 'sigma_range': (0.5, 3.0), 'p_no_blur': 0.0}, 'augment_times': 1, 'interpolate_num': 1}]}}
[{'task_name': 'minus_16_1.1', 'train_data_path': '/home/xuanjie.liu/Projects/S3Plus/VQ/exp/2025.05.18_10vq_Zc[2]_Zs[0]_edim1_[0-20]_plus1024_1_tripleSet_Fullsymm/../../../dataset/single_style_pairs_minus(0,20)/train', 'eval_data_path': '/home/xuanjie.liu/Projects/S3Plus/VQ/exp/2025.05.18_10vq_Zc[2]_Zs[0]_edim1_[0-20]_plus1024_1_tripleSet_Fullsymm/../../../dataset/single_style_pairs_minus(0,20)/test', 'batch_size': 128, 'train_record_path': 'train_record.txt', 'eval_record_path': 'eval_record.txt', 'pretrained_path': 'checkpoint_40000.pt', 'fc_model_path': 'minus_model.pt', 'max_iter_num': 20001, 'log_interval': 200, 'num_class': 21, 'fc_network_config': {'plus_unit': 16, 'n_hidden_layers': 1}, 'learning_rate': 0.001}]
Sub-Exp path: /home/xuanjie.liu/Projects/S3Plus/VQ/exp/2025.05.18_10vq_Zc[2]_Zs[0]_edim1_[0-20]_plus1024_1_tripleSet_Fullsymm/9
Optimal checkpoint: 48000
Pretrained Model is loaded
No more training is needed
No more training is needed
No more training is needed
No more training is needed
No more training is needed
No more training is needed
No more training is needed
No more training is needed
No more training is needed
No more training is needed
No more training is needed
No more training is needed
No more training is needed
No more training is needed
No more training is needed
No more training is needed
No more training is needed
No more training is needed
No more training is needed
No more training is needed
Exp path: /home/xuanjie.liu/Projects/S3Plus/VQ/exp/2025.05.18_10vq_Zc[2]_Zs[0]_edim1_[0-20]_plus1024_1_tripleSet_Fullsymm
{'train_data_path': '/home/xuanjie.liu/Projects/S3Plus/VQ/exp/2025.05.18_10vq_Zc[2]_Zs[0]_edim1_[0-20]_plus1024_1_tripleSet_Fullsymm/../../../dataset/single_style_pairs(0,20)_tripleSet/train', 'single_img_eval_set_path': '/home/xuanjie.liu/Projects/S3Plus/VQ/exp/2025.05.18_10vq_Zc[2]_Zs[0]_edim1_[0-20]_plus1024_1_tripleSet_Fullsymm/../../../dataset/(0,20)-FixedPos-oneStyle', 'plus_eval_set_path': ['/home/xuanjie.liu/Projects/S3Plus/VQ/exp/2025.05.18_10vq_Zc[2]_Zs[0]_edim1_[0-20]_plus1024_1_tripleSet_Fullsymm/../../../dataset/single_style_pairs(0,20)_tripleSet/test_1', '/home/xuanjie.liu/Projects/S3Plus/VQ/exp/2025.05.18_10vq_Zc[2]_Zs[0]_edim1_[0-20]_plus1024_1_tripleSet_Fullsymm/../../../dataset/single_style_pairs(0,20)_tripleSet/test_2'], 'latent_embedding_1': 2, 'latent_embedding_2': 0, 'multi_num_embeddings': None, 'latent_code_2': 0, 'embedding_dim': 1, 'is_plot_zc_value': True, 'embeddings_num': 10, 'is_plot_vis_num': True, 'kld_loss_scalar': 0.0, 'checkpoint_interval': 2000, 'learning_rate': 0.0001, 'scheduler_base_num': 0.99999, 'max_iter_num': 50001, 'model_path': 'curr_model.pt', 'train_result_path': 'TrainingResults/', 'eval_result_path': 'EvalResults/', 'train_record_path': 'Train_record.txt', 'eval_record_path': 'Eval_record.txt', 'plus_accu_record_path': 'plus_eval.txt', 'log_interval': 500, 'eval_interval': 2000, 'is_save_img': True, 'batch_size': 128, 'is_commutative_train': False, 'is_commutative_all': False, 'z_plus_loss_scalar': 0.02, 'commutative_z_loss_scalar': 0.0, 'associative_z_loss_scalar': 0.02, 'plus_mse_scalar': -1, 'plus_recon_loss_scalar': 3, 'min_loss_scalar': 1e-05, 'K': 1024, 'assoc_aug_range': (-3, 3), 'commitment_scalar': 0.0025, 'embedding_scalar': 0.01, 'isVQStyle': False, 'plus_by_embedding': True, 'plus_by_zcode': False, 'VQPlus_eqLoss_scalar': 0.5, 'is_zc_based_assoc': True, 'is_rand_z_assoc': False, 'is_assoc_within_batch': True, 'is_switch_digital': False, 'is_full_symm': True, 'is_assoc': False, 'is_twice_oper': False, 'img_noise': 0.0, 'network_config': {'enc_dec': {'img_channel': 3, 'last_H': 4, 'last_W': 4, 'first_ch_num': 16}, 'enc_fc': {'n_units': 128, 'n_hidden_layers': 2}, 'plus': {'plus_unit': 1024, 'n_hidden_layers': 2}}, 'eval_config': {'pipeline_result_path': 'PIPELINE_EVAL', 'optimal_checkpoint_finding_config': {'optimal_checkpoint_num': 'find_by_keys', 'record_name': 'Train_record.txt', 'keys': ['plus_recon', 'plus_z', 'loss_oper', 'loss_ED'], 'iter_after': 0.1}, 'plus_eval_configs': [{'name': 'eval_set', 'eval_set_path_list': ['/home/xuanjie.liu/Projects/S3Plus/VQ/exp/2025.05.18_10vq_Zc[2]_Zs[0]_edim1_[0-20]_plus1024_1_tripleSet_Fullsymm/../../../dataset/single_style_pairs(0,20)_tripleSet/test_1', '/home/xuanjie.liu/Projects/S3Plus/VQ/exp/2025.05.18_10vq_Zc[2]_Zs[0]_edim1_[0-20]_plus1024_1_tripleSet_Fullsymm/../../../dataset/single_style_pairs(0,20)_tripleSet/test_2'], 'is_blur': False, 'blur_config': {'kernel_size_choices': (5, 7, 9), 'sigma_range': (0.5, 3.0), 'p_no_blur': 0.0}, 'augment_times': 1}], 'emb_matching_rate_configs': [{'name': 'emb_matching_rate', 'eval_set_path_list': ['/home/xuanjie.liu/Projects/S3Plus/VQ/exp/2025.05.18_10vq_Zc[2]_Zs[0]_edim1_[0-20]_plus1024_1_tripleSet_Fullsymm/../../../dataset/(0,20)-FixedPos-oneStyle'], 'is_blur': False, 'blur_config': {'kernel_size_choices': (5, 7, 9), 'sigma_range': (0.5, 3.0), 'p_no_blur': 0.0}, 'augment_times': 1}], 'orderliness_configs': [{'name': 'orderliness', 'img_dir_name': 'orderliness', 'eval_set_path_list': ['/home/xuanjie.liu/Projects/S3Plus/VQ/exp/2025.05.18_10vq_Zc[2]_Zs[0]_edim1_[0-20]_plus1024_1_tripleSet_Fullsymm/../../../dataset/(0,20)-FixedPos-oneStyle'], 'is_blur': False, 'blur_config': {'kernel_size_choices': (5, 7, 9), 'sigma_range': (0.5, 3.0), 'p_no_blur': 0.0}, 'augment_times': 1}], 'interpolate_configs': [{'name': 'train_interpolate', 'eval_set_path_list': ['/home/xuanjie.liu/Projects/S3Plus/VQ/exp/2025.05.18_10vq_Zc[2]_Zs[0]_edim1_[0-20]_plus1024_1_tripleSet_Fullsymm/../../../dataset/single_style_pairs(0,20)_tripleSet/train'], 'is_blur': False, 'blur_config': {'kernel_size_choices': (5, 7, 9), 'sigma_range': (0.5, 3.0), 'p_no_blur': 0.0}, 'augment_times': 1, 'interpolate_num': 1}]}}
[{'task_name': 'minus_16_1.1', 'train_data_path': '/home/xuanjie.liu/Projects/S3Plus/VQ/exp/2025.05.18_10vq_Zc[2]_Zs[0]_edim1_[0-20]_plus1024_1_tripleSet_Fullsymm/../../../dataset/single_style_pairs_minus(0,20)/train', 'eval_data_path': '/home/xuanjie.liu/Projects/S3Plus/VQ/exp/2025.05.18_10vq_Zc[2]_Zs[0]_edim1_[0-20]_plus1024_1_tripleSet_Fullsymm/../../../dataset/single_style_pairs_minus(0,20)/test', 'batch_size': 128, 'train_record_path': 'train_record.txt', 'eval_record_path': 'eval_record.txt', 'pretrained_path': 'checkpoint_40000.pt', 'fc_model_path': 'minus_model.pt', 'max_iter_num': 20001, 'log_interval': 200, 'num_class': 21, 'fc_network_config': {'plus_unit': 16, 'n_hidden_layers': 1}, 'learning_rate': 0.001}]
Sub-Exp path: /home/xuanjie.liu/Projects/S3Plus/VQ/exp/2025.05.18_10vq_Zc[2]_Zs[0]_edim1_[0-20]_plus1024_1_tripleSet_Fullsymm/10
Optimal checkpoint: 48000
Pretrained Model is loaded
No more training is needed
No more training is needed
No more training is needed
No more training is needed
No more training is needed
No more training is needed
No more training is needed
No more training is needed
No more training is needed
No more training is needed
No more training is needed
No more training is needed
No more training is needed
No more training is needed
No more training is needed
No more training is needed
No more training is needed
No more training is needed
No more training is needed
No more training is needed
Exp path: /home/xuanjie.liu/Projects/S3Plus/VQ/exp/2025.05.18_10vq_Zc[2]_Zs[0]_edim1_[0-20]_plus1024_1_tripleSet_Fullsymm
{'train_data_path': '/home/xuanjie.liu/Projects/S3Plus/VQ/exp/2025.05.18_10vq_Zc[2]_Zs[0]_edim1_[0-20]_plus1024_1_tripleSet_Fullsymm/../../../dataset/single_style_pairs(0,20)_tripleSet/train', 'single_img_eval_set_path': '/home/xuanjie.liu/Projects/S3Plus/VQ/exp/2025.05.18_10vq_Zc[2]_Zs[0]_edim1_[0-20]_plus1024_1_tripleSet_Fullsymm/../../../dataset/(0,20)-FixedPos-oneStyle', 'plus_eval_set_path': ['/home/xuanjie.liu/Projects/S3Plus/VQ/exp/2025.05.18_10vq_Zc[2]_Zs[0]_edim1_[0-20]_plus1024_1_tripleSet_Fullsymm/../../../dataset/single_style_pairs(0,20)_tripleSet/test_1', '/home/xuanjie.liu/Projects/S3Plus/VQ/exp/2025.05.18_10vq_Zc[2]_Zs[0]_edim1_[0-20]_plus1024_1_tripleSet_Fullsymm/../../../dataset/single_style_pairs(0,20)_tripleSet/test_2'], 'latent_embedding_1': 2, 'latent_embedding_2': 0, 'multi_num_embeddings': None, 'latent_code_2': 0, 'embedding_dim': 1, 'is_plot_zc_value': True, 'embeddings_num': 10, 'is_plot_vis_num': True, 'kld_loss_scalar': 0.0, 'checkpoint_interval': 2000, 'learning_rate': 0.0001, 'scheduler_base_num': 0.99999, 'max_iter_num': 50001, 'model_path': 'curr_model.pt', 'train_result_path': 'TrainingResults/', 'eval_result_path': 'EvalResults/', 'train_record_path': 'Train_record.txt', 'eval_record_path': 'Eval_record.txt', 'plus_accu_record_path': 'plus_eval.txt', 'log_interval': 500, 'eval_interval': 2000, 'is_save_img': True, 'batch_size': 128, 'is_commutative_train': False, 'is_commutative_all': False, 'z_plus_loss_scalar': 0.02, 'commutative_z_loss_scalar': 0.0, 'associative_z_loss_scalar': 0.02, 'plus_mse_scalar': -1, 'plus_recon_loss_scalar': 3, 'min_loss_scalar': 1e-05, 'K': 1024, 'assoc_aug_range': (-3, 3), 'commitment_scalar': 0.0025, 'embedding_scalar': 0.01, 'isVQStyle': False, 'plus_by_embedding': True, 'plus_by_zcode': False, 'VQPlus_eqLoss_scalar': 0.5, 'is_zc_based_assoc': True, 'is_rand_z_assoc': False, 'is_assoc_within_batch': True, 'is_switch_digital': False, 'is_full_symm': True, 'is_assoc': False, 'is_twice_oper': False, 'img_noise': 0.0, 'network_config': {'enc_dec': {'img_channel': 3, 'last_H': 4, 'last_W': 4, 'first_ch_num': 16}, 'enc_fc': {'n_units': 128, 'n_hidden_layers': 2}, 'plus': {'plus_unit': 1024, 'n_hidden_layers': 2}}, 'eval_config': {'pipeline_result_path': 'PIPELINE_EVAL', 'optimal_checkpoint_finding_config': {'optimal_checkpoint_num': 'find_by_keys', 'record_name': 'Train_record.txt', 'keys': ['plus_recon', 'plus_z', 'loss_oper', 'loss_ED'], 'iter_after': 0.1}, 'plus_eval_configs': [{'name': 'eval_set', 'eval_set_path_list': ['/home/xuanjie.liu/Projects/S3Plus/VQ/exp/2025.05.18_10vq_Zc[2]_Zs[0]_edim1_[0-20]_plus1024_1_tripleSet_Fullsymm/../../../dataset/single_style_pairs(0,20)_tripleSet/test_1', '/home/xuanjie.liu/Projects/S3Plus/VQ/exp/2025.05.18_10vq_Zc[2]_Zs[0]_edim1_[0-20]_plus1024_1_tripleSet_Fullsymm/../../../dataset/single_style_pairs(0,20)_tripleSet/test_2'], 'is_blur': False, 'blur_config': {'kernel_size_choices': (5, 7, 9), 'sigma_range': (0.5, 3.0), 'p_no_blur': 0.0}, 'augment_times': 1}], 'emb_matching_rate_configs': [{'name': 'emb_matching_rate', 'eval_set_path_list': ['/home/xuanjie.liu/Projects/S3Plus/VQ/exp/2025.05.18_10vq_Zc[2]_Zs[0]_edim1_[0-20]_plus1024_1_tripleSet_Fullsymm/../../../dataset/(0,20)-FixedPos-oneStyle'], 'is_blur': False, 'blur_config': {'kernel_size_choices': (5, 7, 9), 'sigma_range': (0.5, 3.0), 'p_no_blur': 0.0}, 'augment_times': 1}], 'orderliness_configs': [{'name': 'orderliness', 'img_dir_name': 'orderliness', 'eval_set_path_list': ['/home/xuanjie.liu/Projects/S3Plus/VQ/exp/2025.05.18_10vq_Zc[2]_Zs[0]_edim1_[0-20]_plus1024_1_tripleSet_Fullsymm/../../../dataset/(0,20)-FixedPos-oneStyle'], 'is_blur': False, 'blur_config': {'kernel_size_choices': (5, 7, 9), 'sigma_range': (0.5, 3.0), 'p_no_blur': 0.0}, 'augment_times': 1}], 'interpolate_configs': [{'name': 'train_interpolate', 'eval_set_path_list': ['/home/xuanjie.liu/Projects/S3Plus/VQ/exp/2025.05.18_10vq_Zc[2]_Zs[0]_edim1_[0-20]_plus1024_1_tripleSet_Fullsymm/../../../dataset/single_style_pairs(0,20)_tripleSet/train'], 'is_blur': False, 'blur_config': {'kernel_size_choices': (5, 7, 9), 'sigma_range': (0.5, 3.0), 'p_no_blur': 0.0}, 'augment_times': 1, 'interpolate_num': 1}]}}
[{'task_name': 'minus_16_1.1', 'train_data_path': '/home/xuanjie.liu/Projects/S3Plus/VQ/exp/2025.05.18_10vq_Zc[2]_Zs[0]_edim1_[0-20]_plus1024_1_tripleSet_Fullsymm/../../../dataset/single_style_pairs_minus(0,20)/train', 'eval_data_path': '/home/xuanjie.liu/Projects/S3Plus/VQ/exp/2025.05.18_10vq_Zc[2]_Zs[0]_edim1_[0-20]_plus1024_1_tripleSet_Fullsymm/../../../dataset/single_style_pairs_minus(0,20)/test', 'batch_size': 128, 'train_record_path': 'train_record.txt', 'eval_record_path': 'eval_record.txt', 'pretrained_path': 'checkpoint_40000.pt', 'fc_model_path': 'minus_model.pt', 'max_iter_num': 20001, 'log_interval': 200, 'num_class': 21, 'fc_network_config': {'plus_unit': 16, 'n_hidden_layers': 1}, 'learning_rate': 0.001}]
Sub-Exp path: /home/xuanjie.liu/Projects/S3Plus/VQ/exp/2025.05.18_10vq_Zc[2]_Zs[0]_edim1_[0-20]_plus1024_1_tripleSet_Fullsymm/11
Optimal checkpoint: 48000
Pretrained Model is loaded
No more training is needed
No more training is needed
No more training is needed
No more training is needed
No more training is needed
No more training is needed
No more training is needed
No more training is needed
No more training is needed
No more training is needed
No more training is needed
No more training is needed
No more training is needed
No more training is needed
No more training is needed
No more training is needed
No more training is needed
No more training is needed
No more training is needed
No more training is needed
Exp path: /home/xuanjie.liu/Projects/S3Plus/VQ/exp/2025.05.18_10vq_Zc[2]_Zs[0]_edim1_[0-20]_plus1024_1_tripleSet_Fullsymm
{'train_data_path': '/home/xuanjie.liu/Projects/S3Plus/VQ/exp/2025.05.18_10vq_Zc[2]_Zs[0]_edim1_[0-20]_plus1024_1_tripleSet_Fullsymm/../../../dataset/single_style_pairs(0,20)_tripleSet/train', 'single_img_eval_set_path': '/home/xuanjie.liu/Projects/S3Plus/VQ/exp/2025.05.18_10vq_Zc[2]_Zs[0]_edim1_[0-20]_plus1024_1_tripleSet_Fullsymm/../../../dataset/(0,20)-FixedPos-oneStyle', 'plus_eval_set_path': ['/home/xuanjie.liu/Projects/S3Plus/VQ/exp/2025.05.18_10vq_Zc[2]_Zs[0]_edim1_[0-20]_plus1024_1_tripleSet_Fullsymm/../../../dataset/single_style_pairs(0,20)_tripleSet/test_1', '/home/xuanjie.liu/Projects/S3Plus/VQ/exp/2025.05.18_10vq_Zc[2]_Zs[0]_edim1_[0-20]_plus1024_1_tripleSet_Fullsymm/../../../dataset/single_style_pairs(0,20)_tripleSet/test_2'], 'latent_embedding_1': 2, 'latent_embedding_2': 0, 'multi_num_embeddings': None, 'latent_code_2': 0, 'embedding_dim': 1, 'is_plot_zc_value': True, 'embeddings_num': 10, 'is_plot_vis_num': True, 'kld_loss_scalar': 0.0, 'checkpoint_interval': 2000, 'learning_rate': 0.0001, 'scheduler_base_num': 0.99999, 'max_iter_num': 50001, 'model_path': 'curr_model.pt', 'train_result_path': 'TrainingResults/', 'eval_result_path': 'EvalResults/', 'train_record_path': 'Train_record.txt', 'eval_record_path': 'Eval_record.txt', 'plus_accu_record_path': 'plus_eval.txt', 'log_interval': 500, 'eval_interval': 2000, 'is_save_img': True, 'batch_size': 128, 'is_commutative_train': False, 'is_commutative_all': False, 'z_plus_loss_scalar': 0.02, 'commutative_z_loss_scalar': 0.0, 'associative_z_loss_scalar': 0.02, 'plus_mse_scalar': -1, 'plus_recon_loss_scalar': 3, 'min_loss_scalar': 1e-05, 'K': 1024, 'assoc_aug_range': (-3, 3), 'commitment_scalar': 0.0025, 'embedding_scalar': 0.01, 'isVQStyle': False, 'plus_by_embedding': True, 'plus_by_zcode': False, 'VQPlus_eqLoss_scalar': 0.5, 'is_zc_based_assoc': True, 'is_rand_z_assoc': False, 'is_assoc_within_batch': True, 'is_switch_digital': False, 'is_full_symm': True, 'is_assoc': False, 'is_twice_oper': False, 'img_noise': 0.0, 'network_config': {'enc_dec': {'img_channel': 3, 'last_H': 4, 'last_W': 4, 'first_ch_num': 16}, 'enc_fc': {'n_units': 128, 'n_hidden_layers': 2}, 'plus': {'plus_unit': 1024, 'n_hidden_layers': 2}}, 'eval_config': {'pipeline_result_path': 'PIPELINE_EVAL', 'optimal_checkpoint_finding_config': {'optimal_checkpoint_num': 'find_by_keys', 'record_name': 'Train_record.txt', 'keys': ['plus_recon', 'plus_z', 'loss_oper', 'loss_ED'], 'iter_after': 0.1}, 'plus_eval_configs': [{'name': 'eval_set', 'eval_set_path_list': ['/home/xuanjie.liu/Projects/S3Plus/VQ/exp/2025.05.18_10vq_Zc[2]_Zs[0]_edim1_[0-20]_plus1024_1_tripleSet_Fullsymm/../../../dataset/single_style_pairs(0,20)_tripleSet/test_1', '/home/xuanjie.liu/Projects/S3Plus/VQ/exp/2025.05.18_10vq_Zc[2]_Zs[0]_edim1_[0-20]_plus1024_1_tripleSet_Fullsymm/../../../dataset/single_style_pairs(0,20)_tripleSet/test_2'], 'is_blur': False, 'blur_config': {'kernel_size_choices': (5, 7, 9), 'sigma_range': (0.5, 3.0), 'p_no_blur': 0.0}, 'augment_times': 1}], 'emb_matching_rate_configs': [{'name': 'emb_matching_rate', 'eval_set_path_list': ['/home/xuanjie.liu/Projects/S3Plus/VQ/exp/2025.05.18_10vq_Zc[2]_Zs[0]_edim1_[0-20]_plus1024_1_tripleSet_Fullsymm/../../../dataset/(0,20)-FixedPos-oneStyle'], 'is_blur': False, 'blur_config': {'kernel_size_choices': (5, 7, 9), 'sigma_range': (0.5, 3.0), 'p_no_blur': 0.0}, 'augment_times': 1}], 'orderliness_configs': [{'name': 'orderliness', 'img_dir_name': 'orderliness', 'eval_set_path_list': ['/home/xuanjie.liu/Projects/S3Plus/VQ/exp/2025.05.18_10vq_Zc[2]_Zs[0]_edim1_[0-20]_plus1024_1_tripleSet_Fullsymm/../../../dataset/(0,20)-FixedPos-oneStyle'], 'is_blur': False, 'blur_config': {'kernel_size_choices': (5, 7, 9), 'sigma_range': (0.5, 3.0), 'p_no_blur': 0.0}, 'augment_times': 1}], 'interpolate_configs': [{'name': 'train_interpolate', 'eval_set_path_list': ['/home/xuanjie.liu/Projects/S3Plus/VQ/exp/2025.05.18_10vq_Zc[2]_Zs[0]_edim1_[0-20]_plus1024_1_tripleSet_Fullsymm/../../../dataset/single_style_pairs(0,20)_tripleSet/train'], 'is_blur': False, 'blur_config': {'kernel_size_choices': (5, 7, 9), 'sigma_range': (0.5, 3.0), 'p_no_blur': 0.0}, 'augment_times': 1, 'interpolate_num': 1}]}}
[{'task_name': 'minus_16_1.1', 'train_data_path': '/home/xuanjie.liu/Projects/S3Plus/VQ/exp/2025.05.18_10vq_Zc[2]_Zs[0]_edim1_[0-20]_plus1024_1_tripleSet_Fullsymm/../../../dataset/single_style_pairs_minus(0,20)/train', 'eval_data_path': '/home/xuanjie.liu/Projects/S3Plus/VQ/exp/2025.05.18_10vq_Zc[2]_Zs[0]_edim1_[0-20]_plus1024_1_tripleSet_Fullsymm/../../../dataset/single_style_pairs_minus(0,20)/test', 'batch_size': 128, 'train_record_path': 'train_record.txt', 'eval_record_path': 'eval_record.txt', 'pretrained_path': 'checkpoint_40000.pt', 'fc_model_path': 'minus_model.pt', 'max_iter_num': 20001, 'log_interval': 200, 'num_class': 21, 'fc_network_config': {'plus_unit': 16, 'n_hidden_layers': 1}, 'learning_rate': 0.001}]
Sub-Exp path: /home/xuanjie.liu/Projects/S3Plus/VQ/exp/2025.05.18_10vq_Zc[2]_Zs[0]_edim1_[0-20]_plus1024_1_tripleSet_Fullsymm/12
Optimal checkpoint: 48000
Pretrained Model is loaded
No more training is needed
No more training is needed
No more training is needed
No more training is needed
No more training is needed
No more training is needed
No more training is needed
No more training is needed
No more training is needed
No more training is needed
No more training is needed
No more training is needed
No more training is needed
No more training is needed
No more training is needed
No more training is needed
No more training is needed
No more training is needed
No more training is needed
No more training is needed
Exp path: /home/xuanjie.liu/Projects/S3Plus/VQ/exp/2025.05.18_10vq_Zc[2]_Zs[0]_edim1_[0-20]_plus1024_1_tripleSet_Fullsymm
{'train_data_path': '/home/xuanjie.liu/Projects/S3Plus/VQ/exp/2025.05.18_10vq_Zc[2]_Zs[0]_edim1_[0-20]_plus1024_1_tripleSet_Fullsymm/../../../dataset/single_style_pairs(0,20)_tripleSet/train', 'single_img_eval_set_path': '/home/xuanjie.liu/Projects/S3Plus/VQ/exp/2025.05.18_10vq_Zc[2]_Zs[0]_edim1_[0-20]_plus1024_1_tripleSet_Fullsymm/../../../dataset/(0,20)-FixedPos-oneStyle', 'plus_eval_set_path': ['/home/xuanjie.liu/Projects/S3Plus/VQ/exp/2025.05.18_10vq_Zc[2]_Zs[0]_edim1_[0-20]_plus1024_1_tripleSet_Fullsymm/../../../dataset/single_style_pairs(0,20)_tripleSet/test_1', '/home/xuanjie.liu/Projects/S3Plus/VQ/exp/2025.05.18_10vq_Zc[2]_Zs[0]_edim1_[0-20]_plus1024_1_tripleSet_Fullsymm/../../../dataset/single_style_pairs(0,20)_tripleSet/test_2'], 'latent_embedding_1': 2, 'latent_embedding_2': 0, 'multi_num_embeddings': None, 'latent_code_2': 0, 'embedding_dim': 1, 'is_plot_zc_value': True, 'embeddings_num': 10, 'is_plot_vis_num': True, 'kld_loss_scalar': 0.0, 'checkpoint_interval': 2000, 'learning_rate': 0.0001, 'scheduler_base_num': 0.99999, 'max_iter_num': 50001, 'model_path': 'curr_model.pt', 'train_result_path': 'TrainingResults/', 'eval_result_path': 'EvalResults/', 'train_record_path': 'Train_record.txt', 'eval_record_path': 'Eval_record.txt', 'plus_accu_record_path': 'plus_eval.txt', 'log_interval': 500, 'eval_interval': 2000, 'is_save_img': True, 'batch_size': 128, 'is_commutative_train': False, 'is_commutative_all': False, 'z_plus_loss_scalar': 0.02, 'commutative_z_loss_scalar': 0.0, 'associative_z_loss_scalar': 0.02, 'plus_mse_scalar': -1, 'plus_recon_loss_scalar': 3, 'min_loss_scalar': 1e-05, 'K': 1024, 'assoc_aug_range': (-3, 3), 'commitment_scalar': 0.0025, 'embedding_scalar': 0.01, 'isVQStyle': False, 'plus_by_embedding': True, 'plus_by_zcode': False, 'VQPlus_eqLoss_scalar': 0.5, 'is_zc_based_assoc': True, 'is_rand_z_assoc': False, 'is_assoc_within_batch': True, 'is_switch_digital': False, 'is_full_symm': True, 'is_assoc': False, 'is_twice_oper': False, 'img_noise': 0.0, 'network_config': {'enc_dec': {'img_channel': 3, 'last_H': 4, 'last_W': 4, 'first_ch_num': 16}, 'enc_fc': {'n_units': 128, 'n_hidden_layers': 2}, 'plus': {'plus_unit': 1024, 'n_hidden_layers': 2}}, 'eval_config': {'pipeline_result_path': 'PIPELINE_EVAL', 'optimal_checkpoint_finding_config': {'optimal_checkpoint_num': 'find_by_keys', 'record_name': 'Train_record.txt', 'keys': ['plus_recon', 'plus_z', 'loss_oper', 'loss_ED'], 'iter_after': 0.1}, 'plus_eval_configs': [{'name': 'eval_set', 'eval_set_path_list': ['/home/xuanjie.liu/Projects/S3Plus/VQ/exp/2025.05.18_10vq_Zc[2]_Zs[0]_edim1_[0-20]_plus1024_1_tripleSet_Fullsymm/../../../dataset/single_style_pairs(0,20)_tripleSet/test_1', '/home/xuanjie.liu/Projects/S3Plus/VQ/exp/2025.05.18_10vq_Zc[2]_Zs[0]_edim1_[0-20]_plus1024_1_tripleSet_Fullsymm/../../../dataset/single_style_pairs(0,20)_tripleSet/test_2'], 'is_blur': False, 'blur_config': {'kernel_size_choices': (5, 7, 9), 'sigma_range': (0.5, 3.0), 'p_no_blur': 0.0}, 'augment_times': 1}], 'emb_matching_rate_configs': [{'name': 'emb_matching_rate', 'eval_set_path_list': ['/home/xuanjie.liu/Projects/S3Plus/VQ/exp/2025.05.18_10vq_Zc[2]_Zs[0]_edim1_[0-20]_plus1024_1_tripleSet_Fullsymm/../../../dataset/(0,20)-FixedPos-oneStyle'], 'is_blur': False, 'blur_config': {'kernel_size_choices': (5, 7, 9), 'sigma_range': (0.5, 3.0), 'p_no_blur': 0.0}, 'augment_times': 1}], 'orderliness_configs': [{'name': 'orderliness', 'img_dir_name': 'orderliness', 'eval_set_path_list': ['/home/xuanjie.liu/Projects/S3Plus/VQ/exp/2025.05.18_10vq_Zc[2]_Zs[0]_edim1_[0-20]_plus1024_1_tripleSet_Fullsymm/../../../dataset/(0,20)-FixedPos-oneStyle'], 'is_blur': False, 'blur_config': {'kernel_size_choices': (5, 7, 9), 'sigma_range': (0.5, 3.0), 'p_no_blur': 0.0}, 'augment_times': 1}], 'interpolate_configs': [{'name': 'train_interpolate', 'eval_set_path_list': ['/home/xuanjie.liu/Projects/S3Plus/VQ/exp/2025.05.18_10vq_Zc[2]_Zs[0]_edim1_[0-20]_plus1024_1_tripleSet_Fullsymm/../../../dataset/single_style_pairs(0,20)_tripleSet/train'], 'is_blur': False, 'blur_config': {'kernel_size_choices': (5, 7, 9), 'sigma_range': (0.5, 3.0), 'p_no_blur': 0.0}, 'augment_times': 1, 'interpolate_num': 1}]}}
[{'task_name': 'minus_16_1.1', 'train_data_path': '/home/xuanjie.liu/Projects/S3Plus/VQ/exp/2025.05.18_10vq_Zc[2]_Zs[0]_edim1_[0-20]_plus1024_1_tripleSet_Fullsymm/../../../dataset/single_style_pairs_minus(0,20)/train', 'eval_data_path': '/home/xuanjie.liu/Projects/S3Plus/VQ/exp/2025.05.18_10vq_Zc[2]_Zs[0]_edim1_[0-20]_plus1024_1_tripleSet_Fullsymm/../../../dataset/single_style_pairs_minus(0,20)/test', 'batch_size': 128, 'train_record_path': 'train_record.txt', 'eval_record_path': 'eval_record.txt', 'pretrained_path': 'checkpoint_40000.pt', 'fc_model_path': 'minus_model.pt', 'max_iter_num': 20001, 'log_interval': 200, 'num_class': 21, 'fc_network_config': {'plus_unit': 16, 'n_hidden_layers': 1}, 'learning_rate': 0.001}]
Sub-Exp path: /home/xuanjie.liu/Projects/S3Plus/VQ/exp/2025.05.18_10vq_Zc[2]_Zs[0]_edim1_[0-20]_plus1024_1_tripleSet_Fullsymm/13
Optimal checkpoint: 48000
Pretrained Model is loaded
No more training is needed
No more training is needed
No more training is needed
No more training is needed
No more training is needed
No more training is needed
No more training is needed
No more training is needed
No more training is needed
No more training is needed
No more training is needed
No more training is needed
No more training is needed
No more training is needed
No more training is needed
No more training is needed
No more training is needed
No more training is needed
No more training is needed
No more training is needed
Exp path: /home/xuanjie.liu/Projects/S3Plus/VQ/exp/2025.05.18_10vq_Zc[2]_Zs[0]_edim1_[0-20]_plus1024_1_tripleSet_Fullsymm
{'train_data_path': '/home/xuanjie.liu/Projects/S3Plus/VQ/exp/2025.05.18_10vq_Zc[2]_Zs[0]_edim1_[0-20]_plus1024_1_tripleSet_Fullsymm/../../../dataset/single_style_pairs(0,20)_tripleSet/train', 'single_img_eval_set_path': '/home/xuanjie.liu/Projects/S3Plus/VQ/exp/2025.05.18_10vq_Zc[2]_Zs[0]_edim1_[0-20]_plus1024_1_tripleSet_Fullsymm/../../../dataset/(0,20)-FixedPos-oneStyle', 'plus_eval_set_path': ['/home/xuanjie.liu/Projects/S3Plus/VQ/exp/2025.05.18_10vq_Zc[2]_Zs[0]_edim1_[0-20]_plus1024_1_tripleSet_Fullsymm/../../../dataset/single_style_pairs(0,20)_tripleSet/test_1', '/home/xuanjie.liu/Projects/S3Plus/VQ/exp/2025.05.18_10vq_Zc[2]_Zs[0]_edim1_[0-20]_plus1024_1_tripleSet_Fullsymm/../../../dataset/single_style_pairs(0,20)_tripleSet/test_2'], 'latent_embedding_1': 2, 'latent_embedding_2': 0, 'multi_num_embeddings': None, 'latent_code_2': 0, 'embedding_dim': 1, 'is_plot_zc_value': True, 'embeddings_num': 10, 'is_plot_vis_num': True, 'kld_loss_scalar': 0.0, 'checkpoint_interval': 2000, 'learning_rate': 0.0001, 'scheduler_base_num': 0.99999, 'max_iter_num': 50001, 'model_path': 'curr_model.pt', 'train_result_path': 'TrainingResults/', 'eval_result_path': 'EvalResults/', 'train_record_path': 'Train_record.txt', 'eval_record_path': 'Eval_record.txt', 'plus_accu_record_path': 'plus_eval.txt', 'log_interval': 500, 'eval_interval': 2000, 'is_save_img': True, 'batch_size': 128, 'is_commutative_train': False, 'is_commutative_all': False, 'z_plus_loss_scalar': 0.02, 'commutative_z_loss_scalar': 0.0, 'associative_z_loss_scalar': 0.02, 'plus_mse_scalar': -1, 'plus_recon_loss_scalar': 3, 'min_loss_scalar': 1e-05, 'K': 1024, 'assoc_aug_range': (-3, 3), 'commitment_scalar': 0.0025, 'embedding_scalar': 0.01, 'isVQStyle': False, 'plus_by_embedding': True, 'plus_by_zcode': False, 'VQPlus_eqLoss_scalar': 0.5, 'is_zc_based_assoc': True, 'is_rand_z_assoc': False, 'is_assoc_within_batch': True, 'is_switch_digital': False, 'is_full_symm': True, 'is_assoc': False, 'is_twice_oper': False, 'img_noise': 0.0, 'network_config': {'enc_dec': {'img_channel': 3, 'last_H': 4, 'last_W': 4, 'first_ch_num': 16}, 'enc_fc': {'n_units': 128, 'n_hidden_layers': 2}, 'plus': {'plus_unit': 1024, 'n_hidden_layers': 2}}, 'eval_config': {'pipeline_result_path': 'PIPELINE_EVAL', 'optimal_checkpoint_finding_config': {'optimal_checkpoint_num': 'find_by_keys', 'record_name': 'Train_record.txt', 'keys': ['plus_recon', 'plus_z', 'loss_oper', 'loss_ED'], 'iter_after': 0.1}, 'plus_eval_configs': [{'name': 'eval_set', 'eval_set_path_list': ['/home/xuanjie.liu/Projects/S3Plus/VQ/exp/2025.05.18_10vq_Zc[2]_Zs[0]_edim1_[0-20]_plus1024_1_tripleSet_Fullsymm/../../../dataset/single_style_pairs(0,20)_tripleSet/test_1', '/home/xuanjie.liu/Projects/S3Plus/VQ/exp/2025.05.18_10vq_Zc[2]_Zs[0]_edim1_[0-20]_plus1024_1_tripleSet_Fullsymm/../../../dataset/single_style_pairs(0,20)_tripleSet/test_2'], 'is_blur': False, 'blur_config': {'kernel_size_choices': (5, 7, 9), 'sigma_range': (0.5, 3.0), 'p_no_blur': 0.0}, 'augment_times': 1}], 'emb_matching_rate_configs': [{'name': 'emb_matching_rate', 'eval_set_path_list': ['/home/xuanjie.liu/Projects/S3Plus/VQ/exp/2025.05.18_10vq_Zc[2]_Zs[0]_edim1_[0-20]_plus1024_1_tripleSet_Fullsymm/../../../dataset/(0,20)-FixedPos-oneStyle'], 'is_blur': False, 'blur_config': {'kernel_size_choices': (5, 7, 9), 'sigma_range': (0.5, 3.0), 'p_no_blur': 0.0}, 'augment_times': 1}], 'orderliness_configs': [{'name': 'orderliness', 'img_dir_name': 'orderliness', 'eval_set_path_list': ['/home/xuanjie.liu/Projects/S3Plus/VQ/exp/2025.05.18_10vq_Zc[2]_Zs[0]_edim1_[0-20]_plus1024_1_tripleSet_Fullsymm/../../../dataset/(0,20)-FixedPos-oneStyle'], 'is_blur': False, 'blur_config': {'kernel_size_choices': (5, 7, 9), 'sigma_range': (0.5, 3.0), 'p_no_blur': 0.0}, 'augment_times': 1}], 'interpolate_configs': [{'name': 'train_interpolate', 'eval_set_path_list': ['/home/xuanjie.liu/Projects/S3Plus/VQ/exp/2025.05.18_10vq_Zc[2]_Zs[0]_edim1_[0-20]_plus1024_1_tripleSet_Fullsymm/../../../dataset/single_style_pairs(0,20)_tripleSet/train'], 'is_blur': False, 'blur_config': {'kernel_size_choices': (5, 7, 9), 'sigma_range': (0.5, 3.0), 'p_no_blur': 0.0}, 'augment_times': 1, 'interpolate_num': 1}]}}
[{'task_name': 'minus_16_1.1', 'train_data_path': '/home/xuanjie.liu/Projects/S3Plus/VQ/exp/2025.05.18_10vq_Zc[2]_Zs[0]_edim1_[0-20]_plus1024_1_tripleSet_Fullsymm/../../../dataset/single_style_pairs_minus(0,20)/train', 'eval_data_path': '/home/xuanjie.liu/Projects/S3Plus/VQ/exp/2025.05.18_10vq_Zc[2]_Zs[0]_edim1_[0-20]_plus1024_1_tripleSet_Fullsymm/../../../dataset/single_style_pairs_minus(0,20)/test', 'batch_size': 128, 'train_record_path': 'train_record.txt', 'eval_record_path': 'eval_record.txt', 'pretrained_path': 'checkpoint_40000.pt', 'fc_model_path': 'minus_model.pt', 'max_iter_num': 20001, 'log_interval': 200, 'num_class': 21, 'fc_network_config': {'plus_unit': 16, 'n_hidden_layers': 1}, 'learning_rate': 0.001}]
Sub-Exp path: /home/xuanjie.liu/Projects/S3Plus/VQ/exp/2025.05.18_10vq_Zc[2]_Zs[0]_edim1_[0-20]_plus1024_1_tripleSet_Fullsymm/14
Optimal checkpoint: 48000
Pretrained Model is loaded
No more training is needed
No more training is needed
No more training is needed
No more training is needed
No more training is needed
No more training is needed
No more training is needed
No more training is needed
No more training is needed
No more training is needed
No more training is needed
No more training is needed
No more training is needed
No more training is needed
No more training is needed
No more training is needed
No more training is needed
No more training is needed
No more training is needed
No more training is needed
Exp path: /home/xuanjie.liu/Projects/S3Plus/VQ/exp/2025.05.18_10vq_Zc[2]_Zs[0]_edim1_[0-20]_plus1024_1_tripleSet_Fullsymm
{'train_data_path': '/home/xuanjie.liu/Projects/S3Plus/VQ/exp/2025.05.18_10vq_Zc[2]_Zs[0]_edim1_[0-20]_plus1024_1_tripleSet_Fullsymm/../../../dataset/single_style_pairs(0,20)_tripleSet/train', 'single_img_eval_set_path': '/home/xuanjie.liu/Projects/S3Plus/VQ/exp/2025.05.18_10vq_Zc[2]_Zs[0]_edim1_[0-20]_plus1024_1_tripleSet_Fullsymm/../../../dataset/(0,20)-FixedPos-oneStyle', 'plus_eval_set_path': ['/home/xuanjie.liu/Projects/S3Plus/VQ/exp/2025.05.18_10vq_Zc[2]_Zs[0]_edim1_[0-20]_plus1024_1_tripleSet_Fullsymm/../../../dataset/single_style_pairs(0,20)_tripleSet/test_1', '/home/xuanjie.liu/Projects/S3Plus/VQ/exp/2025.05.18_10vq_Zc[2]_Zs[0]_edim1_[0-20]_plus1024_1_tripleSet_Fullsymm/../../../dataset/single_style_pairs(0,20)_tripleSet/test_2'], 'latent_embedding_1': 2, 'latent_embedding_2': 0, 'multi_num_embeddings': None, 'latent_code_2': 0, 'embedding_dim': 1, 'is_plot_zc_value': True, 'embeddings_num': 10, 'is_plot_vis_num': True, 'kld_loss_scalar': 0.0, 'checkpoint_interval': 2000, 'learning_rate': 0.0001, 'scheduler_base_num': 0.99999, 'max_iter_num': 50001, 'model_path': 'curr_model.pt', 'train_result_path': 'TrainingResults/', 'eval_result_path': 'EvalResults/', 'train_record_path': 'Train_record.txt', 'eval_record_path': 'Eval_record.txt', 'plus_accu_record_path': 'plus_eval.txt', 'log_interval': 500, 'eval_interval': 2000, 'is_save_img': True, 'batch_size': 128, 'is_commutative_train': False, 'is_commutative_all': False, 'z_plus_loss_scalar': 0.02, 'commutative_z_loss_scalar': 0.0, 'associative_z_loss_scalar': 0.02, 'plus_mse_scalar': -1, 'plus_recon_loss_scalar': 3, 'min_loss_scalar': 1e-05, 'K': 1024, 'assoc_aug_range': (-3, 3), 'commitment_scalar': 0.0025, 'embedding_scalar': 0.01, 'isVQStyle': False, 'plus_by_embedding': True, 'plus_by_zcode': False, 'VQPlus_eqLoss_scalar': 0.5, 'is_zc_based_assoc': True, 'is_rand_z_assoc': False, 'is_assoc_within_batch': True, 'is_switch_digital': False, 'is_full_symm': True, 'is_assoc': False, 'is_twice_oper': False, 'img_noise': 0.0, 'network_config': {'enc_dec': {'img_channel': 3, 'last_H': 4, 'last_W': 4, 'first_ch_num': 16}, 'enc_fc': {'n_units': 128, 'n_hidden_layers': 2}, 'plus': {'plus_unit': 1024, 'n_hidden_layers': 2}}, 'eval_config': {'pipeline_result_path': 'PIPELINE_EVAL', 'optimal_checkpoint_finding_config': {'optimal_checkpoint_num': 'find_by_keys', 'record_name': 'Train_record.txt', 'keys': ['plus_recon', 'plus_z', 'loss_oper', 'loss_ED'], 'iter_after': 0.1}, 'plus_eval_configs': [{'name': 'eval_set', 'eval_set_path_list': ['/home/xuanjie.liu/Projects/S3Plus/VQ/exp/2025.05.18_10vq_Zc[2]_Zs[0]_edim1_[0-20]_plus1024_1_tripleSet_Fullsymm/../../../dataset/single_style_pairs(0,20)_tripleSet/test_1', '/home/xuanjie.liu/Projects/S3Plus/VQ/exp/2025.05.18_10vq_Zc[2]_Zs[0]_edim1_[0-20]_plus1024_1_tripleSet_Fullsymm/../../../dataset/single_style_pairs(0,20)_tripleSet/test_2'], 'is_blur': False, 'blur_config': {'kernel_size_choices': (5, 7, 9), 'sigma_range': (0.5, 3.0), 'p_no_blur': 0.0}, 'augment_times': 1}], 'emb_matching_rate_configs': [{'name': 'emb_matching_rate', 'eval_set_path_list': ['/home/xuanjie.liu/Projects/S3Plus/VQ/exp/2025.05.18_10vq_Zc[2]_Zs[0]_edim1_[0-20]_plus1024_1_tripleSet_Fullsymm/../../../dataset/(0,20)-FixedPos-oneStyle'], 'is_blur': False, 'blur_config': {'kernel_size_choices': (5, 7, 9), 'sigma_range': (0.5, 3.0), 'p_no_blur': 0.0}, 'augment_times': 1}], 'orderliness_configs': [{'name': 'orderliness', 'img_dir_name': 'orderliness', 'eval_set_path_list': ['/home/xuanjie.liu/Projects/S3Plus/VQ/exp/2025.05.18_10vq_Zc[2]_Zs[0]_edim1_[0-20]_plus1024_1_tripleSet_Fullsymm/../../../dataset/(0,20)-FixedPos-oneStyle'], 'is_blur': False, 'blur_config': {'kernel_size_choices': (5, 7, 9), 'sigma_range': (0.5, 3.0), 'p_no_blur': 0.0}, 'augment_times': 1}], 'interpolate_configs': [{'name': 'train_interpolate', 'eval_set_path_list': ['/home/xuanjie.liu/Projects/S3Plus/VQ/exp/2025.05.18_10vq_Zc[2]_Zs[0]_edim1_[0-20]_plus1024_1_tripleSet_Fullsymm/../../../dataset/single_style_pairs(0,20)_tripleSet/train'], 'is_blur': False, 'blur_config': {'kernel_size_choices': (5, 7, 9), 'sigma_range': (0.5, 3.0), 'p_no_blur': 0.0}, 'augment_times': 1, 'interpolate_num': 1}]}}
[{'task_name': 'minus_16_1.1', 'train_data_path': '/home/xuanjie.liu/Projects/S3Plus/VQ/exp/2025.05.18_10vq_Zc[2]_Zs[0]_edim1_[0-20]_plus1024_1_tripleSet_Fullsymm/../../../dataset/single_style_pairs_minus(0,20)/train', 'eval_data_path': '/home/xuanjie.liu/Projects/S3Plus/VQ/exp/2025.05.18_10vq_Zc[2]_Zs[0]_edim1_[0-20]_plus1024_1_tripleSet_Fullsymm/../../../dataset/single_style_pairs_minus(0,20)/test', 'batch_size': 128, 'train_record_path': 'train_record.txt', 'eval_record_path': 'eval_record.txt', 'pretrained_path': 'checkpoint_40000.pt', 'fc_model_path': 'minus_model.pt', 'max_iter_num': 20001, 'log_interval': 200, 'num_class': 21, 'fc_network_config': {'plus_unit': 16, 'n_hidden_layers': 1}, 'learning_rate': 0.001}]
Sub-Exp path: /home/xuanjie.liu/Projects/S3Plus/VQ/exp/2025.05.18_10vq_Zc[2]_Zs[0]_edim1_[0-20]_plus1024_1_tripleSet_Fullsymm/15
Optimal checkpoint: 48000
Pretrained Model is loaded
No more training is needed
No more training is needed
No more training is needed
No more training is needed
No more training is needed
No more training is needed
No more training is needed
No more training is needed
No more training is needed
No more training is needed
No more training is needed
No more training is needed
No more training is needed
No more training is needed
No more training is needed
No more training is needed
No more training is needed
No more training is needed
No more training is needed
No more training is needed
Exp path: /home/xuanjie.liu/Projects/S3Plus/VQ/exp/2025.05.18_10vq_Zc[2]_Zs[0]_edim1_[0-20]_plus1024_1_tripleSet_Fullsymm
{'train_data_path': '/home/xuanjie.liu/Projects/S3Plus/VQ/exp/2025.05.18_10vq_Zc[2]_Zs[0]_edim1_[0-20]_plus1024_1_tripleSet_Fullsymm/../../../dataset/single_style_pairs(0,20)_tripleSet/train', 'single_img_eval_set_path': '/home/xuanjie.liu/Projects/S3Plus/VQ/exp/2025.05.18_10vq_Zc[2]_Zs[0]_edim1_[0-20]_plus1024_1_tripleSet_Fullsymm/../../../dataset/(0,20)-FixedPos-oneStyle', 'plus_eval_set_path': ['/home/xuanjie.liu/Projects/S3Plus/VQ/exp/2025.05.18_10vq_Zc[2]_Zs[0]_edim1_[0-20]_plus1024_1_tripleSet_Fullsymm/../../../dataset/single_style_pairs(0,20)_tripleSet/test_1', '/home/xuanjie.liu/Projects/S3Plus/VQ/exp/2025.05.18_10vq_Zc[2]_Zs[0]_edim1_[0-20]_plus1024_1_tripleSet_Fullsymm/../../../dataset/single_style_pairs(0,20)_tripleSet/test_2'], 'latent_embedding_1': 2, 'latent_embedding_2': 0, 'multi_num_embeddings': None, 'latent_code_2': 0, 'embedding_dim': 1, 'is_plot_zc_value': True, 'embeddings_num': 10, 'is_plot_vis_num': True, 'kld_loss_scalar': 0.0, 'checkpoint_interval': 2000, 'learning_rate': 0.0001, 'scheduler_base_num': 0.99999, 'max_iter_num': 50001, 'model_path': 'curr_model.pt', 'train_result_path': 'TrainingResults/', 'eval_result_path': 'EvalResults/', 'train_record_path': 'Train_record.txt', 'eval_record_path': 'Eval_record.txt', 'plus_accu_record_path': 'plus_eval.txt', 'log_interval': 500, 'eval_interval': 2000, 'is_save_img': True, 'batch_size': 128, 'is_commutative_train': False, 'is_commutative_all': False, 'z_plus_loss_scalar': 0.02, 'commutative_z_loss_scalar': 0.0, 'associative_z_loss_scalar': 0.02, 'plus_mse_scalar': -1, 'plus_recon_loss_scalar': 3, 'min_loss_scalar': 1e-05, 'K': 1024, 'assoc_aug_range': (-3, 3), 'commitment_scalar': 0.0025, 'embedding_scalar': 0.01, 'isVQStyle': False, 'plus_by_embedding': True, 'plus_by_zcode': False, 'VQPlus_eqLoss_scalar': 0.5, 'is_zc_based_assoc': True, 'is_rand_z_assoc': False, 'is_assoc_within_batch': True, 'is_switch_digital': False, 'is_full_symm': True, 'is_assoc': False, 'is_twice_oper': False, 'img_noise': 0.0, 'network_config': {'enc_dec': {'img_channel': 3, 'last_H': 4, 'last_W': 4, 'first_ch_num': 16}, 'enc_fc': {'n_units': 128, 'n_hidden_layers': 2}, 'plus': {'plus_unit': 1024, 'n_hidden_layers': 2}}, 'eval_config': {'pipeline_result_path': 'PIPELINE_EVAL', 'optimal_checkpoint_finding_config': {'optimal_checkpoint_num': 'find_by_keys', 'record_name': 'Train_record.txt', 'keys': ['plus_recon', 'plus_z', 'loss_oper', 'loss_ED'], 'iter_after': 0.1}, 'plus_eval_configs': [{'name': 'eval_set', 'eval_set_path_list': ['/home/xuanjie.liu/Projects/S3Plus/VQ/exp/2025.05.18_10vq_Zc[2]_Zs[0]_edim1_[0-20]_plus1024_1_tripleSet_Fullsymm/../../../dataset/single_style_pairs(0,20)_tripleSet/test_1', '/home/xuanjie.liu/Projects/S3Plus/VQ/exp/2025.05.18_10vq_Zc[2]_Zs[0]_edim1_[0-20]_plus1024_1_tripleSet_Fullsymm/../../../dataset/single_style_pairs(0,20)_tripleSet/test_2'], 'is_blur': False, 'blur_config': {'kernel_size_choices': (5, 7, 9), 'sigma_range': (0.5, 3.0), 'p_no_blur': 0.0}, 'augment_times': 1}], 'emb_matching_rate_configs': [{'name': 'emb_matching_rate', 'eval_set_path_list': ['/home/xuanjie.liu/Projects/S3Plus/VQ/exp/2025.05.18_10vq_Zc[2]_Zs[0]_edim1_[0-20]_plus1024_1_tripleSet_Fullsymm/../../../dataset/(0,20)-FixedPos-oneStyle'], 'is_blur': False, 'blur_config': {'kernel_size_choices': (5, 7, 9), 'sigma_range': (0.5, 3.0), 'p_no_blur': 0.0}, 'augment_times': 1}], 'orderliness_configs': [{'name': 'orderliness', 'img_dir_name': 'orderliness', 'eval_set_path_list': ['/home/xuanjie.liu/Projects/S3Plus/VQ/exp/2025.05.18_10vq_Zc[2]_Zs[0]_edim1_[0-20]_plus1024_1_tripleSet_Fullsymm/../../../dataset/(0,20)-FixedPos-oneStyle'], 'is_blur': False, 'blur_config': {'kernel_size_choices': (5, 7, 9), 'sigma_range': (0.5, 3.0), 'p_no_blur': 0.0}, 'augment_times': 1}], 'interpolate_configs': [{'name': 'train_interpolate', 'eval_set_path_list': ['/home/xuanjie.liu/Projects/S3Plus/VQ/exp/2025.05.18_10vq_Zc[2]_Zs[0]_edim1_[0-20]_plus1024_1_tripleSet_Fullsymm/../../../dataset/single_style_pairs(0,20)_tripleSet/train'], 'is_blur': False, 'blur_config': {'kernel_size_choices': (5, 7, 9), 'sigma_range': (0.5, 3.0), 'p_no_blur': 0.0}, 'augment_times': 1, 'interpolate_num': 1}]}}
[{'task_name': 'minus_16_1.1', 'train_data_path': '/home/xuanjie.liu/Projects/S3Plus/VQ/exp/2025.05.18_10vq_Zc[2]_Zs[0]_edim1_[0-20]_plus1024_1_tripleSet_Fullsymm/../../../dataset/single_style_pairs_minus(0,20)/train', 'eval_data_path': '/home/xuanjie.liu/Projects/S3Plus/VQ/exp/2025.05.18_10vq_Zc[2]_Zs[0]_edim1_[0-20]_plus1024_1_tripleSet_Fullsymm/../../../dataset/single_style_pairs_minus(0,20)/test', 'batch_size': 128, 'train_record_path': 'train_record.txt', 'eval_record_path': 'eval_record.txt', 'pretrained_path': 'checkpoint_40000.pt', 'fc_model_path': 'minus_model.pt', 'max_iter_num': 20001, 'log_interval': 200, 'num_class': 21, 'fc_network_config': {'plus_unit': 16, 'n_hidden_layers': 1}, 'learning_rate': 0.001}]
Sub-Exp path: /home/xuanjie.liu/Projects/S3Plus/VQ/exp/2025.05.18_10vq_Zc[2]_Zs[0]_edim1_[0-20]_plus1024_1_tripleSet_Fullsymm/16
Optimal checkpoint: 48000
Pretrained Model is loaded
No more training is needed
No more training is needed
No more training is needed
No more training is needed
No more training is needed
No more training is needed
No more training is needed
No more training is needed
No more training is needed
No more training is needed
No more training is needed
No more training is needed
No more training is needed
No more training is needed
No more training is needed
No more training is needed
No more training is needed
No more training is needed
No more training is needed
No more training is needed
Exp path: /home/xuanjie.liu/Projects/S3Plus/VQ/exp/2025.05.18_10vq_Zc[2]_Zs[0]_edim1_[0-20]_plus1024_1_tripleSet_Fullsymm
{'train_data_path': '/home/xuanjie.liu/Projects/S3Plus/VQ/exp/2025.05.18_10vq_Zc[2]_Zs[0]_edim1_[0-20]_plus1024_1_tripleSet_Fullsymm/../../../dataset/single_style_pairs(0,20)_tripleSet/train', 'single_img_eval_set_path': '/home/xuanjie.liu/Projects/S3Plus/VQ/exp/2025.05.18_10vq_Zc[2]_Zs[0]_edim1_[0-20]_plus1024_1_tripleSet_Fullsymm/../../../dataset/(0,20)-FixedPos-oneStyle', 'plus_eval_set_path': ['/home/xuanjie.liu/Projects/S3Plus/VQ/exp/2025.05.18_10vq_Zc[2]_Zs[0]_edim1_[0-20]_plus1024_1_tripleSet_Fullsymm/../../../dataset/single_style_pairs(0,20)_tripleSet/test_1', '/home/xuanjie.liu/Projects/S3Plus/VQ/exp/2025.05.18_10vq_Zc[2]_Zs[0]_edim1_[0-20]_plus1024_1_tripleSet_Fullsymm/../../../dataset/single_style_pairs(0,20)_tripleSet/test_2'], 'latent_embedding_1': 2, 'latent_embedding_2': 0, 'multi_num_embeddings': None, 'latent_code_2': 0, 'embedding_dim': 1, 'is_plot_zc_value': True, 'embeddings_num': 10, 'is_plot_vis_num': True, 'kld_loss_scalar': 0.0, 'checkpoint_interval': 2000, 'learning_rate': 0.0001, 'scheduler_base_num': 0.99999, 'max_iter_num': 50001, 'model_path': 'curr_model.pt', 'train_result_path': 'TrainingResults/', 'eval_result_path': 'EvalResults/', 'train_record_path': 'Train_record.txt', 'eval_record_path': 'Eval_record.txt', 'plus_accu_record_path': 'plus_eval.txt', 'log_interval': 500, 'eval_interval': 2000, 'is_save_img': True, 'batch_size': 128, 'is_commutative_train': False, 'is_commutative_all': False, 'z_plus_loss_scalar': 0.02, 'commutative_z_loss_scalar': 0.0, 'associative_z_loss_scalar': 0.02, 'plus_mse_scalar': -1, 'plus_recon_loss_scalar': 3, 'min_loss_scalar': 1e-05, 'K': 1024, 'assoc_aug_range': (-3, 3), 'commitment_scalar': 0.0025, 'embedding_scalar': 0.01, 'isVQStyle': False, 'plus_by_embedding': True, 'plus_by_zcode': False, 'VQPlus_eqLoss_scalar': 0.5, 'is_zc_based_assoc': True, 'is_rand_z_assoc': False, 'is_assoc_within_batch': True, 'is_switch_digital': False, 'is_full_symm': True, 'is_assoc': False, 'is_twice_oper': False, 'img_noise': 0.0, 'network_config': {'enc_dec': {'img_channel': 3, 'last_H': 4, 'last_W': 4, 'first_ch_num': 16}, 'enc_fc': {'n_units': 128, 'n_hidden_layers': 2}, 'plus': {'plus_unit': 1024, 'n_hidden_layers': 2}}, 'eval_config': {'pipeline_result_path': 'PIPELINE_EVAL', 'optimal_checkpoint_finding_config': {'optimal_checkpoint_num': 'find_by_keys', 'record_name': 'Train_record.txt', 'keys': ['plus_recon', 'plus_z', 'loss_oper', 'loss_ED'], 'iter_after': 0.1}, 'plus_eval_configs': [{'name': 'eval_set', 'eval_set_path_list': ['/home/xuanjie.liu/Projects/S3Plus/VQ/exp/2025.05.18_10vq_Zc[2]_Zs[0]_edim1_[0-20]_plus1024_1_tripleSet_Fullsymm/../../../dataset/single_style_pairs(0,20)_tripleSet/test_1', '/home/xuanjie.liu/Projects/S3Plus/VQ/exp/2025.05.18_10vq_Zc[2]_Zs[0]_edim1_[0-20]_plus1024_1_tripleSet_Fullsymm/../../../dataset/single_style_pairs(0,20)_tripleSet/test_2'], 'is_blur': False, 'blur_config': {'kernel_size_choices': (5, 7, 9), 'sigma_range': (0.5, 3.0), 'p_no_blur': 0.0}, 'augment_times': 1}], 'emb_matching_rate_configs': [{'name': 'emb_matching_rate', 'eval_set_path_list': ['/home/xuanjie.liu/Projects/S3Plus/VQ/exp/2025.05.18_10vq_Zc[2]_Zs[0]_edim1_[0-20]_plus1024_1_tripleSet_Fullsymm/../../../dataset/(0,20)-FixedPos-oneStyle'], 'is_blur': False, 'blur_config': {'kernel_size_choices': (5, 7, 9), 'sigma_range': (0.5, 3.0), 'p_no_blur': 0.0}, 'augment_times': 1}], 'orderliness_configs': [{'name': 'orderliness', 'img_dir_name': 'orderliness', 'eval_set_path_list': ['/home/xuanjie.liu/Projects/S3Plus/VQ/exp/2025.05.18_10vq_Zc[2]_Zs[0]_edim1_[0-20]_plus1024_1_tripleSet_Fullsymm/../../../dataset/(0,20)-FixedPos-oneStyle'], 'is_blur': False, 'blur_config': {'kernel_size_choices': (5, 7, 9), 'sigma_range': (0.5, 3.0), 'p_no_blur': 0.0}, 'augment_times': 1}], 'interpolate_configs': [{'name': 'train_interpolate', 'eval_set_path_list': ['/home/xuanjie.liu/Projects/S3Plus/VQ/exp/2025.05.18_10vq_Zc[2]_Zs[0]_edim1_[0-20]_plus1024_1_tripleSet_Fullsymm/../../../dataset/single_style_pairs(0,20)_tripleSet/train'], 'is_blur': False, 'blur_config': {'kernel_size_choices': (5, 7, 9), 'sigma_range': (0.5, 3.0), 'p_no_blur': 0.0}, 'augment_times': 1, 'interpolate_num': 1}]}}
[{'task_name': 'minus_16_1.1', 'train_data_path': '/home/xuanjie.liu/Projects/S3Plus/VQ/exp/2025.05.18_10vq_Zc[2]_Zs[0]_edim1_[0-20]_plus1024_1_tripleSet_Fullsymm/../../../dataset/single_style_pairs_minus(0,20)/train', 'eval_data_path': '/home/xuanjie.liu/Projects/S3Plus/VQ/exp/2025.05.18_10vq_Zc[2]_Zs[0]_edim1_[0-20]_plus1024_1_tripleSet_Fullsymm/../../../dataset/single_style_pairs_minus(0,20)/test', 'batch_size': 128, 'train_record_path': 'train_record.txt', 'eval_record_path': 'eval_record.txt', 'pretrained_path': 'checkpoint_40000.pt', 'fc_model_path': 'minus_model.pt', 'max_iter_num': 20001, 'log_interval': 200, 'num_class': 21, 'fc_network_config': {'plus_unit': 16, 'n_hidden_layers': 1}, 'learning_rate': 0.001}]
Sub-Exp path: /home/xuanjie.liu/Projects/S3Plus/VQ/exp/2025.05.18_10vq_Zc[2]_Zs[0]_edim1_[0-20]_plus1024_1_tripleSet_Fullsymm/17
Optimal checkpoint: 48000
Pretrained Model is loaded
No more training is needed
No more training is needed
No more training is needed
No more training is needed
No more training is needed
No more training is needed
No more training is needed
No more training is needed
Continue training
FC Model is loaded
6600-loss_z:0.378527,accu:0.910339,loss_recon:0.053978

6600-loss_z:4.971158,accu:0.392405,loss_recon:0.108759

6800-loss_z:0.366262,accu:0.913743,loss_recon:0.05345

6800-loss_z:5.254823,accu:0.405063,loss_recon:0.106258

7000-loss_z:0.354558,accu:0.923555,loss_recon:0.052753

7000-loss_z:5.478131,accu:0.405063,loss_recon:0.105126

7200-loss_z:0.346344,accu:0.926751,loss_recon:0.052044

7200-loss_z:5.697833,accu:0.405063,loss_recon:0.105612

7400-loss_z:0.334909,accu:0.930794,loss_recon:0.05158

7400-loss_z:5.929778,accu:0.392405,loss_recon:0.106561

7600-loss_z:0.326892,accu:0.934564,loss_recon:0.051477

7600-loss_z:6.073043,accu:0.392405,loss_recon:0.106991

7800-loss_z:0.318651,accu:0.939596,loss_recon:0.051049

7800-loss_z:6.274014,accu:0.379747,loss_recon:0.104914

8000-loss_z:0.31145,accu:0.942311,loss_recon:0.050053

8000-loss_z:6.473268,accu:0.417722,loss_recon:0.10422

8200-loss_z:0.303481,accu:0.946178,loss_recon:0.050103

8200-loss_z:6.652688,accu:0.405063,loss_recon:0.107277

8400-loss_z:0.296072,accu:0.948724,loss_recon:0.049676

8400-loss_z:6.79742,accu:0.43038,loss_recon:0.104221

8600-loss_z:0.288995,accu:0.947533,loss_recon:0.049471

8600-loss_z:6.968188,accu:0.43038,loss_recon:0.105894

8800-loss_z:0.280524,accu:0.951061,loss_recon:0.04873

8800-loss_z:7.182197,accu:0.405063,loss_recon:0.107027

9000-loss_z:0.27347,accu:0.950924,loss_recon:0.048837

9000-loss_z:7.32397,accu:0.443038,loss_recon:0.10509

9200-loss_z:0.264192,accu:0.956374,loss_recon:0.048909

9200-loss_z:7.49747,accu:0.417722,loss_recon:0.103928

9400-loss_z:0.259239,accu:0.95487,loss_recon:0.048139

9400-loss_z:7.643966,accu:0.455696,loss_recon:0.105409

9600-loss_z:0.256178,accu:0.955677,loss_recon:0.048635

9600-loss_z:7.835042,accu:0.417722,loss_recon:0.105286

9800-loss_z:0.249206,accu:0.955599,loss_recon:0.047557

9800-loss_z:8.035294,accu:0.417722,loss_recon:0.108085

10000-loss_z:0.243541,accu:0.95931,loss_recon:0.048201

10000-loss_z:8.205714,accu:0.443038,loss_recon:0.106369

10200-loss_z:0.235343,accu:0.961211,loss_recon:0.047776

10200-loss_z:8.328186,accu:0.417722,loss_recon:0.106852

10400-loss_z:0.231279,accu:0.959538,loss_recon:0.047973

10400-loss_z:8.603951,accu:0.443038,loss_recon:0.106553

10600-loss_z:0.224428,accu:0.959297,loss_recon:0.04809

10600-loss_z:8.744968,accu:0.43038,loss_recon:0.105117

10800-loss_z:0.220881,accu:0.962194,loss_recon:0.047119

10800-loss_z:8.955927,accu:0.417722,loss_recon:0.106093

11000-loss_z:0.214836,accu:0.964694,loss_recon:0.04726

11000-loss_z:9.132249,accu:0.443038,loss_recon:0.106019

11200-loss_z:0.20972,accu:0.967318,loss_recon:0.046835

11200-loss_z:9.357597,accu:0.43038,loss_recon:0.106365

11400-loss_z:0.204779,accu:0.966322,loss_recon:0.047033

11400-loss_z:9.558065,accu:0.455696,loss_recon:0.106522

11600-loss_z:0.201065,accu:0.964355,loss_recon:0.046584

11600-loss_z:9.787959,accu:0.455696,loss_recon:0.105641

11800-loss_z:0.196128,accu:0.970039,loss_recon:0.04661

11800-loss_z:10.024307,accu:0.468354,loss_recon:0.106682

12000-loss_z:0.193108,accu:0.973438,loss_recon:0.046441

12000-loss_z:10.226365,accu:0.455696,loss_recon:0.109402

12200-loss_z:0.184978,accu:0.972057,loss_recon:0.046552

12200-loss_z:10.388242,accu:0.443038,loss_recon:0.108286

12400-loss_z:0.184427,accu:0.97446,loss_recon:0.046201

12400-loss_z:10.580282,accu:0.481013,loss_recon:0.109597

12600-loss_z:0.180494,accu:0.973939,loss_recon:0.045034

12600-loss_z:10.809551,accu:0.443038,loss_recon:0.107826

12800-loss_z:0.175258,accu:0.973184,loss_recon:0.045822

12800-loss_z:10.97765,accu:0.481013,loss_recon:0.108459

13000-loss_z:0.173409,accu:0.976419,loss_recon:0.046041

13000-loss_z:11.14346,accu:0.493671,loss_recon:0.108753

13200-loss_z:0.167254,accu:0.978177,loss_recon:0.04541

13200-loss_z:11.357588,accu:0.481013,loss_recon:0.108007

13400-loss_z:0.163306,accu:0.979063,loss_recon:0.045676

13400-loss_z:11.585805,accu:0.468354,loss_recon:0.10881

13600-loss_z:0.161875,accu:0.982005,loss_recon:0.045421

13600-loss_z:11.810728,accu:0.493671,loss_recon:0.106548

13800-loss_z:0.15683,accu:0.981217,loss_recon:0.045088

13800-loss_z:12.056853,accu:0.493671,loss_recon:0.106488

14000-loss_z:0.151524,accu:0.98237,loss_recon:0.044965

14000-loss_z:12.269493,accu:0.468354,loss_recon:0.110254

14200-loss_z:0.151691,accu:0.981706,loss_recon:0.045325

14200-loss_z:12.473745,accu:0.468354,loss_recon:0.108742

14400-loss_z:0.145748,accu:0.984577,loss_recon:0.044903

14400-loss_z:12.792913,accu:0.468354,loss_recon:0.107915

14600-loss_z:0.143037,accu:0.984186,loss_recon:0.045229

14600-loss_z:13.04176,accu:0.481013,loss_recon:0.10767

14800-loss_z:0.141409,accu:0.983802,loss_recon:0.04502

14800-loss_z:13.3018,accu:0.468354,loss_recon:0.10829

15000-loss_z:0.13774,accu:0.98291,loss_recon:0.045388

15000-loss_z:13.593984,accu:0.455696,loss_recon:0.107806

15200-loss_z:0.13486,accu:0.986758,loss_recon:0.044198

15200-loss_z:13.889381,accu:0.468354,loss_recon:0.107361

15400-loss_z:0.130477,accu:0.987142,loss_recon:0.045217

15400-loss_z:14.246936,accu:0.481013,loss_recon:0.108857

15600-loss_z:0.130324,accu:0.986484,loss_recon:0.044622

15600-loss_z:14.580707,accu:0.468354,loss_recon:0.109937

15800-loss_z:0.125764,accu:0.986953,loss_recon:0.044279

15800-loss_z:14.883837,accu:0.468354,loss_recon:0.108422

16000-loss_z:0.123268,accu:0.989466,loss_recon:0.044941

16000-loss_z:15.191805,accu:0.506329,loss_recon:0.108703

16200-loss_z:0.12057,accu:0.990846,loss_recon:0.044293

16200-loss_z:15.468822,accu:0.493671,loss_recon:0.110676

16400-loss_z:0.11958,accu:0.990169,loss_recon:0.044764

16400-loss_z:15.742661,accu:0.481013,loss_recon:0.109082

16600-loss_z:0.114948,accu:0.991224,loss_recon:0.043955

16600-loss_z:15.99586,accu:0.481013,loss_recon:0.10694

16800-loss_z:0.112881,accu:0.991497,loss_recon:0.044543

16800-loss_z:16.269007,accu:0.493671,loss_recon:0.111182

17000-loss_z:0.111673,accu:0.992552,loss_recon:0.043951

17000-loss_z:16.554407,accu:0.506329,loss_recon:0.112307

17200-loss_z:0.110185,accu:0.991022,loss_recon:0.044446

17200-loss_z:16.862835,accu:0.506329,loss_recon:0.108076

17400-loss_z:0.107202,accu:0.992148,loss_recon:0.044477

17400-loss_z:17.11904,accu:0.493671,loss_recon:0.108428

17600-loss_z:0.104741,accu:0.992637,loss_recon:0.04371

17600-loss_z:17.392487,accu:0.518987,loss_recon:0.111433

17800-loss_z:0.10384,accu:0.993171,loss_recon:0.044616

17800-loss_z:17.673182,accu:0.531646,loss_recon:0.111255

18000-loss_z:0.100856,accu:0.993561,loss_recon:0.044069

18000-loss_z:17.930384,accu:0.518987,loss_recon:0.109191

18200-loss_z:0.099312,accu:0.993763,loss_recon:0.043825

18200-loss_z:18.208096,accu:0.518987,loss_recon:0.111181

18400-loss_z:0.097407,accu:0.994121,loss_recon:0.043576

18400-loss_z:18.484364,accu:0.493671,loss_recon:0.110031

18600-loss_z:0.096212,accu:0.994746,loss_recon:0.044628

18600-loss_z:18.707367,accu:0.506329,loss_recon:0.110308

18800-loss_z:0.092775,accu:0.994993,loss_recon:0.044403

18800-loss_z:18.952803,accu:0.531646,loss_recon:0.110718

19000-loss_z:0.091634,accu:0.994902,loss_recon:0.044597

19000-loss_z:19.242619,accu:0.531646,loss_recon:0.112004

19200-loss_z:0.088944,accu:0.995951,loss_recon:0.044039

19200-loss_z:19.455353,accu:0.518987,loss_recon:0.108942

19400-loss_z:0.087502,accu:0.995892,loss_recon:0.044037

19400-loss_z:19.68783,accu:0.531646,loss_recon:0.110148

19600-loss_z:0.086503,accu:0.996296,loss_recon:0.043714

19600-loss_z:19.920389,accu:0.518987,loss_recon:0.111033

19800-loss_z:0.083793,accu:0.996341,loss_recon:0.044107

19800-loss_z:20.036676,accu:0.531646,loss_recon:0.10918

20000-loss_z:0.082821,accu:0.995508,loss_recon:0.044356

20000-loss_z:20.163967,accu:0.518987,loss_recon:0.109173

Continue training
New FC model is initialized
200-loss_z:2.559719,accu:0.152661,loss_recon:1.335066

200-loss_z:2.66328,accu:0.113924,loss_recon:0.56325

400-loss_z:1.880616,accu:0.346654,loss_recon:0.297903

400-loss_z:2.536065,accu:0.202532,loss_recon:0.222861

600-loss_z:1.544483,accu:0.46196,loss_recon:0.155324

600-loss_z:2.619271,accu:0.202532,loss_recon:0.173997

800-loss_z:1.342797,accu:0.557135,loss_recon:0.123133

800-loss_z:2.770205,accu:0.253165,loss_recon:0.16023

1000-loss_z:1.194267,accu:0.624551,loss_recon:0.107857

1000-loss_z:2.940724,accu:0.265823,loss_recon:0.151688

1200-loss_z:1.083889,accu:0.676608,loss_recon:0.100648

1200-loss_z:3.058465,accu:0.303797,loss_recon:0.151676

1400-loss_z:0.993759,accu:0.710508,loss_recon:0.095999

1400-loss_z:3.223242,accu:0.291139,loss_recon:0.140748

1600-loss_z:0.925271,accu:0.727044,loss_recon:0.090593

1600-loss_z:3.329421,accu:0.303797,loss_recon:0.138798

1800-loss_z:0.862396,accu:0.750977,loss_recon:0.087761

1800-loss_z:3.451494,accu:0.316456,loss_recon:0.138471

2000-loss_z:0.810686,accu:0.769857,loss_recon:0.084249

2000-loss_z:3.531467,accu:0.35443,loss_recon:0.133422

2200-loss_z:0.766811,accu:0.778301,loss_recon:0.082269

2200-loss_z:3.627107,accu:0.392405,loss_recon:0.130362

2400-loss_z:0.727922,accu:0.791029,loss_recon:0.080033

2400-loss_z:3.711359,accu:0.392405,loss_recon:0.130572

2600-loss_z:0.690843,accu:0.800957,loss_recon:0.076756

2600-loss_z:3.78319,accu:0.379747,loss_recon:0.127863

2800-loss_z:0.656566,accu:0.8139,loss_recon:0.074825

2800-loss_z:3.862941,accu:0.367089,loss_recon:0.131433

3000-loss_z:0.629441,accu:0.825156,loss_recon:0.074431

3000-loss_z:3.898277,accu:0.417722,loss_recon:0.121564

3200-loss_z:0.596887,accu:0.839896,loss_recon:0.072125

3200-loss_z:4.013898,accu:0.405063,loss_recon:0.1214

3400-loss_z:0.569229,accu:0.853672,loss_recon:0.069465

3400-loss_z:4.154631,accu:0.405063,loss_recon:0.114474

3600-loss_z:0.54945,accu:0.857767,loss_recon:0.068343

3600-loss_z:4.277613,accu:0.392405,loss_recon:0.117868

3800-loss_z:0.528002,accu:0.865931,loss_recon:0.066187

3800-loss_z:4.434591,accu:0.405063,loss_recon:0.115775

4000-loss_z:0.50666,accu:0.879648,loss_recon:0.065629

4000-loss_z:4.617185,accu:0.417722,loss_recon:0.119792

4200-loss_z:0.485587,accu:0.889616,loss_recon:0.064076

4200-loss_z:4.781166,accu:0.417722,loss_recon:0.119661

4400-loss_z:0.467719,accu:0.89694,loss_recon:0.063622

4400-loss_z:4.970089,accu:0.392405,loss_recon:0.116163

4600-loss_z:0.451139,accu:0.902819,loss_recon:0.062142

4600-loss_z:5.21599,accu:0.417722,loss_recon:0.115571

4800-loss_z:0.433612,accu:0.912285,loss_recon:0.06141

4800-loss_z:5.38666,accu:0.43038,loss_recon:0.114228

5000-loss_z:0.419436,accu:0.910853,loss_recon:0.060617

5000-loss_z:5.571563,accu:0.417722,loss_recon:0.11452

5200-loss_z:0.402381,accu:0.916732,loss_recon:0.060731

5200-loss_z:5.746076,accu:0.417722,loss_recon:0.115698

5400-loss_z:0.391651,accu:0.916068,loss_recon:0.060186

5400-loss_z:5.949337,accu:0.417722,loss_recon:0.114735

5600-loss_z:0.37715,accu:0.916478,loss_recon:0.059556

5600-loss_z:6.146837,accu:0.443038,loss_recon:0.110649

5800-loss_z:0.361875,accu:0.925951,loss_recon:0.058512

5800-loss_z:6.306055,accu:0.43038,loss_recon:0.110107

6000-loss_z:0.350156,accu:0.925345,loss_recon:0.057974

6000-loss_z:6.491865,accu:0.443038,loss_recon:0.111892

6200-loss_z:0.341707,accu:0.924193,loss_recon:0.057541

6200-loss_z:6.654835,accu:0.455696,loss_recon:0.111084

6400-loss_z:0.327422,accu:0.92862,loss_recon:0.05649

6400-loss_z:6.863443,accu:0.455696,loss_recon:0.111839

6600-loss_z:0.323286,accu:0.929688,loss_recon:0.05476

6600-loss_z:7.01118,accu:0.43038,loss_recon:0.112519

6800-loss_z:0.312212,accu:0.933203,loss_recon:0.055118

6800-loss_z:7.182959,accu:0.417722,loss_recon:0.111748

7000-loss_z:0.302082,accu:0.934811,loss_recon:0.054868

7000-loss_z:7.367836,accu:0.455696,loss_recon:0.111776

7200-loss_z:0.291878,accu:0.937793,loss_recon:0.054162

7200-loss_z:7.531082,accu:0.468354,loss_recon:0.11491

7400-loss_z:0.284832,accu:0.939902,loss_recon:0.053762

7400-loss_z:7.707972,accu:0.417722,loss_recon:0.110719

7600-loss_z:0.274951,accu:0.939551,loss_recon:0.053151

7600-loss_z:7.885755,accu:0.481013,loss_recon:0.112455

7800-loss_z:0.266238,accu:0.949121,loss_recon:0.051998

7800-loss_z:8.055935,accu:0.455696,loss_recon:0.111597

8000-loss_z:0.258485,accu:0.948529,loss_recon:0.051537

8000-loss_z:8.228168,accu:0.468354,loss_recon:0.110459

8200-loss_z:0.253485,accu:0.951901,loss_recon:0.051712

8200-loss_z:8.435777,accu:0.468354,loss_recon:0.112246

8400-loss_z:0.244627,accu:0.956296,loss_recon:0.051181

8400-loss_z:8.632883,accu:0.468354,loss_recon:0.114218

8600-loss_z:0.2395,accu:0.962012,loss_recon:0.051092

8600-loss_z:8.825492,accu:0.481013,loss_recon:0.114805

8800-loss_z:0.231922,accu:0.959642,loss_recon:0.051297

8800-loss_z:9.031483,accu:0.481013,loss_recon:0.111182

9000-loss_z:0.228387,accu:0.96334,loss_recon:0.050476

9000-loss_z:9.219888,accu:0.481013,loss_recon:0.111045

9200-loss_z:0.22011,accu:0.968607,loss_recon:0.0504

9200-loss_z:9.447835,accu:0.468354,loss_recon:0.11396

9400-loss_z:0.214016,accu:0.96875,loss_recon:0.050851

9400-loss_z:9.643718,accu:0.493671,loss_recon:0.114508

9600-loss_z:0.207351,accu:0.971159,loss_recon:0.051236

9600-loss_z:9.828982,accu:0.506329,loss_recon:0.112432

9800-loss_z:0.199017,accu:0.972324,loss_recon:0.05048

9800-loss_z:10.075543,accu:0.481013,loss_recon:0.111706

10000-loss_z:0.195573,accu:0.970755,loss_recon:0.050396

10000-loss_z:10.238938,accu:0.481013,loss_recon:0.112353

10200-loss_z:0.192795,accu:0.971986,loss_recon:0.050042

10200-loss_z:10.472095,accu:0.506329,loss_recon:0.113775

10400-loss_z:0.18611,accu:0.976198,loss_recon:0.05004

10400-loss_z:10.700127,accu:0.468354,loss_recon:0.115584

10600-loss_z:0.180209,accu:0.977793,loss_recon:0.049789

10600-loss_z:10.925085,accu:0.506329,loss_recon:0.112685

10800-loss_z:0.176148,accu:0.979759,loss_recon:0.050238

10800-loss_z:11.180575,accu:0.493671,loss_recon:0.113628

11000-loss_z:0.170496,accu:0.979655,loss_recon:0.050252

11000-loss_z:11.380452,accu:0.493671,loss_recon:0.111949

11200-loss_z:0.168047,accu:0.981198,loss_recon:0.049243

11200-loss_z:11.612736,accu:0.468354,loss_recon:0.112548

11400-loss_z:0.162293,accu:0.982181,loss_recon:0.049689

11400-loss_z:11.819688,accu:0.481013,loss_recon:0.115325

11600-loss_z:0.158361,accu:0.984186,loss_recon:0.049453

11600-loss_z:12.078804,accu:0.506329,loss_recon:0.111875

11800-loss_z:0.154872,accu:0.983652,loss_recon:0.049891

11800-loss_z:12.252478,accu:0.481013,loss_recon:0.112282

12000-loss_z:0.149967,accu:0.985788,loss_recon:0.049774

12000-loss_z:12.452635,accu:0.481013,loss_recon:0.114786

12200-loss_z:0.146787,accu:0.983939,loss_recon:0.049648

12200-loss_z:12.686102,accu:0.481013,loss_recon:0.113057

12400-loss_z:0.141649,accu:0.985964,loss_recon:0.049325

12400-loss_z:12.898443,accu:0.481013,loss_recon:0.113093

12600-loss_z:0.137519,accu:0.986523,loss_recon:0.049837

12600-loss_z:13.1136,accu:0.481013,loss_recon:0.114467

12800-loss_z:0.134311,accu:0.986035,loss_recon:0.049549

12800-loss_z:13.405218,accu:0.481013,loss_recon:0.114522

13000-loss_z:0.131722,accu:0.987161,loss_recon:0.049667

13000-loss_z:13.588917,accu:0.468354,loss_recon:0.111996

13200-loss_z:0.124754,accu:0.988294,loss_recon:0.049644

13200-loss_z:13.819077,accu:0.468354,loss_recon:0.112347

13400-loss_z:0.125005,accu:0.986836,loss_recon:0.048959

13400-loss_z:14.137514,accu:0.481013,loss_recon:0.115686

13600-loss_z:0.118663,accu:0.987663,loss_recon:0.049399

13600-loss_z:14.382712,accu:0.468354,loss_recon:0.114067

13800-loss_z:0.117168,accu:0.986432,loss_recon:0.04979

13800-loss_z:14.661808,accu:0.468354,loss_recon:0.115468

14000-loss_z:0.114763,accu:0.987585,loss_recon:0.049364

14000-loss_z:14.949278,accu:0.481013,loss_recon:0.114296

14200-loss_z:0.112115,accu:0.98666,loss_recon:0.048333

14200-loss_z:15.2289,accu:0.468354,loss_recon:0.113508

14400-loss_z:0.108692,accu:0.987253,loss_recon:0.04913

14400-loss_z:15.393776,accu:0.481013,loss_recon:0.114982

14600-loss_z:0.104454,accu:0.988913,loss_recon:0.049643

14600-loss_z:15.650792,accu:0.481013,loss_recon:0.112863

14800-loss_z:0.101151,accu:0.987682,loss_recon:0.048533

14800-loss_z:15.904437,accu:0.481013,loss_recon:0.115395

15000-loss_z:0.0996,accu:0.988418,loss_recon:0.048932

15000-loss_z:16.125597,accu:0.481013,loss_recon:0.111851

15200-loss_z:0.097557,accu:0.988516,loss_recon:0.049154

15200-loss_z:16.412149,accu:0.481013,loss_recon:0.111618

15400-loss_z:0.093841,accu:0.987682,loss_recon:0.04858

15400-loss_z:16.645918,accu:0.455696,loss_recon:0.112258

15600-loss_z:0.090838,accu:0.988971,loss_recon:0.049646

15600-loss_z:16.902466,accu:0.468354,loss_recon:0.111946

15800-loss_z:0.089286,accu:0.988945,loss_recon:0.049277

15800-loss_z:17.150272,accu:0.455696,loss_recon:0.114037

16000-loss_z:0.086024,accu:0.98821,loss_recon:0.04952

16000-loss_z:17.402016,accu:0.455696,loss_recon:0.120777

16200-loss_z:0.08384,accu:0.99015,loss_recon:0.048753

16200-loss_z:17.581629,accu:0.43038,loss_recon:0.111795

16400-loss_z:0.081067,accu:0.991445,loss_recon:0.049192

16400-loss_z:17.887066,accu:0.455696,loss_recon:0.115595

16600-loss_z:0.080398,accu:0.990013,loss_recon:0.048788

16600-loss_z:18.114944,accu:0.455696,loss_recon:0.114426

16800-loss_z:0.076885,accu:0.990931,loss_recon:0.048758

16800-loss_z:18.342705,accu:0.43038,loss_recon:0.113155

17000-loss_z:0.075378,accu:0.991257,loss_recon:0.048858

17000-loss_z:18.583981,accu:0.43038,loss_recon:0.114313

17200-loss_z:0.072634,accu:0.991198,loss_recon:0.048436

17200-loss_z:18.792255,accu:0.43038,loss_recon:0.112334

17400-loss_z:0.071752,accu:0.992773,loss_recon:0.048625

17400-loss_z:19.046932,accu:0.443038,loss_recon:0.111071

17600-loss_z:0.068218,accu:0.993483,loss_recon:0.048649

17600-loss_z:19.287916,accu:0.43038,loss_recon:0.111998

17800-loss_z:0.065843,accu:0.992513,loss_recon:0.048396

17800-loss_z:19.562115,accu:0.43038,loss_recon:0.111955

18000-loss_z:0.063816,accu:0.993151,loss_recon:0.048599

18000-loss_z:19.796562,accu:0.443038,loss_recon:0.115153

18200-loss_z:0.063095,accu:0.992578,loss_recon:0.048126

18200-loss_z:20.025511,accu:0.43038,loss_recon:0.110715

18400-loss_z:0.062385,accu:0.994147,loss_recon:0.048407

18400-loss_z:20.268484,accu:0.43038,loss_recon:0.111278

18600-loss_z:0.059078,accu:0.993477,loss_recon:0.047649

18600-loss_z:20.519089,accu:0.43038,loss_recon:0.112873

18800-loss_z:0.059974,accu:0.993496,loss_recon:0.048258

18800-loss_z:20.801174,accu:0.43038,loss_recon:0.116242

19000-loss_z:0.056221,accu:0.993112,loss_recon:0.048813

19000-loss_z:21.071842,accu:0.443038,loss_recon:0.116006

19200-loss_z:0.055014,accu:0.993919,loss_recon:0.048398

19200-loss_z:21.276884,accu:0.43038,loss_recon:0.11433

19400-loss_z:0.053775,accu:0.991842,loss_recon:0.048322

19400-loss_z:21.458563,accu:0.443038,loss_recon:0.114914

19600-loss_z:0.052269,accu:0.996465,loss_recon:0.048386

19600-loss_z:21.639704,accu:0.43038,loss_recon:0.112273

19800-loss_z:0.049836,accu:0.999063,loss_recon:0.048647

19800-loss_z:21.873302,accu:0.443038,loss_recon:0.115355

20000-loss_z:0.048854,accu:0.997415,loss_recon:0.048248

20000-loss_z:22.085228,accu:0.43038,loss_recon:0.11512

Continue training
New FC model is initialized
200-loss_z:2.581736,accu:0.168111,loss_recon:0.984297

200-loss_z:2.629307,accu:0.037975,loss_recon:0.443764

400-loss_z:1.841392,accu:0.381439,loss_recon:0.238483

400-loss_z:2.398765,accu:0.113924,loss_recon:0.19841

600-loss_z:1.526765,accu:0.476139,loss_recon:0.142334

600-loss_z:2.343307,accu:0.151899,loss_recon:0.161458

800-loss_z:1.329904,accu:0.553841,loss_recon:0.120085

800-loss_z:2.352674,accu:0.189873,loss_recon:0.152132

1000-loss_z:1.200084,accu:0.6139,loss_recon:0.108639

1000-loss_z:2.373869,accu:0.227848,loss_recon:0.144176

1200-loss_z:1.087707,accu:0.668867,loss_recon:0.1007

1200-loss_z:2.424635,accu:0.265823,loss_recon:0.138198

1400-loss_z:1.001869,accu:0.711523,loss_recon:0.096683

1400-loss_z:2.453726,accu:0.291139,loss_recon:0.135637

1600-loss_z:0.919048,accu:0.744368,loss_recon:0.093576

1600-loss_z:2.512928,accu:0.316456,loss_recon:0.131514

1800-loss_z:0.854809,accu:0.76418,loss_recon:0.089078

1800-loss_z:2.587897,accu:0.278481,loss_recon:0.127004

2000-loss_z:0.800911,accu:0.778789,loss_recon:0.086465

2000-loss_z:2.638353,accu:0.329114,loss_recon:0.124166

2200-loss_z:0.747008,accu:0.801966,loss_recon:0.084402

2200-loss_z:2.730295,accu:0.329114,loss_recon:0.121098

2400-loss_z:0.704641,accu:0.815527,loss_recon:0.079752

2400-loss_z:2.816775,accu:0.329114,loss_recon:0.119166

2600-loss_z:0.664528,accu:0.83237,loss_recon:0.077823

2600-loss_z:2.906991,accu:0.303797,loss_recon:0.118577

2800-loss_z:0.627875,accu:0.854961,loss_recon:0.074183

2800-loss_z:2.992333,accu:0.316456,loss_recon:0.117873

3000-loss_z:0.595899,accu:0.867012,loss_recon:0.073513

3000-loss_z:3.080714,accu:0.341772,loss_recon:0.116476

3200-loss_z:0.566277,accu:0.872513,loss_recon:0.072162

3200-loss_z:3.15237,accu:0.341772,loss_recon:0.11889

3400-loss_z:0.537828,accu:0.885996,loss_recon:0.070815

3400-loss_z:3.231514,accu:0.379747,loss_recon:0.121024

3600-loss_z:0.512411,accu:0.887318,loss_recon:0.06836

3600-loss_z:3.325583,accu:0.367089,loss_recon:0.12142

3800-loss_z:0.488414,accu:0.895664,loss_recon:0.066928

3800-loss_z:3.436331,accu:0.392405,loss_recon:0.123014

4000-loss_z:0.469351,accu:0.895078,loss_recon:0.066318

4000-loss_z:3.504657,accu:0.405063,loss_recon:0.124418

4200-loss_z:0.446592,accu:0.902155,loss_recon:0.065374

4200-loss_z:3.634671,accu:0.392405,loss_recon:0.126758

4400-loss_z:0.430232,accu:0.900807,loss_recon:0.063824

4400-loss_z:3.728049,accu:0.405063,loss_recon:0.12468

4600-loss_z:0.414324,accu:0.906061,loss_recon:0.062906

4600-loss_z:3.832275,accu:0.417722,loss_recon:0.123967

4800-loss_z:0.395483,accu:0.911693,loss_recon:0.06095

4800-loss_z:3.930099,accu:0.417722,loss_recon:0.128435

5000-loss_z:0.381781,accu:0.913034,loss_recon:0.059998

5000-loss_z:4.039537,accu:0.443038,loss_recon:0.13081

5200-loss_z:0.36551,accu:0.915026,loss_recon:0.058392

5200-loss_z:4.112796,accu:0.443038,loss_recon:0.129403

5400-loss_z:0.354834,accu:0.918171,loss_recon:0.058271

5400-loss_z:4.210124,accu:0.43038,loss_recon:0.12912

5600-loss_z:0.342876,accu:0.918893,loss_recon:0.057276

5600-loss_z:4.335621,accu:0.43038,loss_recon:0.126676

5800-loss_z:0.327983,accu:0.926621,loss_recon:0.056072

5800-loss_z:4.448121,accu:0.443038,loss_recon:0.127582

6000-loss_z:0.323069,accu:0.926465,loss_recon:0.055457

6000-loss_z:4.542325,accu:0.417722,loss_recon:0.132

6200-loss_z:0.31005,accu:0.928092,loss_recon:0.055495

6200-loss_z:4.643676,accu:0.443038,loss_recon:0.132182

6400-loss_z:0.299826,accu:0.93252,loss_recon:0.054919

6400-loss_z:4.761231,accu:0.43038,loss_recon:0.130573

6600-loss_z:0.290481,accu:0.932266,loss_recon:0.05442

6600-loss_z:4.910983,accu:0.43038,loss_recon:0.130033

6800-loss_z:0.281256,accu:0.939648,loss_recon:0.054902

6800-loss_z:4.992321,accu:0.43038,loss_recon:0.131809

7000-loss_z:0.272121,accu:0.940215,loss_recon:0.053967

7000-loss_z:5.107078,accu:0.43038,loss_recon:0.133915

7200-loss_z:0.263117,accu:0.943783,loss_recon:0.05262

7200-loss_z:5.227513,accu:0.455696,loss_recon:0.134553

7400-loss_z:0.256194,accu:0.940534,loss_recon:0.05309

7400-loss_z:5.358038,accu:0.43038,loss_recon:0.132447

7600-loss_z:0.247699,accu:0.944277,loss_recon:0.052462

7600-loss_z:5.475508,accu:0.417722,loss_recon:0.132245

7800-loss_z:0.240868,accu:0.950788,loss_recon:0.0528

7800-loss_z:5.601926,accu:0.43038,loss_recon:0.133415

8000-loss_z:0.232946,accu:0.953496,loss_recon:0.052334

8000-loss_z:5.703884,accu:0.443038,loss_recon:0.132899

8200-loss_z:0.225749,accu:0.955879,loss_recon:0.051735

8200-loss_z:5.836563,accu:0.455696,loss_recon:0.134964

8400-loss_z:0.218995,accu:0.955938,loss_recon:0.051201

8400-loss_z:5.948685,accu:0.455696,loss_recon:0.135305

8600-loss_z:0.21313,accu:0.960182,loss_recon:0.051475

8600-loss_z:6.078942,accu:0.443038,loss_recon:0.135191

8800-loss_z:0.206594,accu:0.963776,loss_recon:0.050617

8800-loss_z:6.232249,accu:0.481013,loss_recon:0.133323

9000-loss_z:0.20437,accu:0.965632,loss_recon:0.050833

9000-loss_z:6.348145,accu:0.455696,loss_recon:0.135188

9200-loss_z:0.197601,accu:0.966732,loss_recon:0.050471

9200-loss_z:6.485476,accu:0.443038,loss_recon:0.137014

9400-loss_z:0.191495,accu:0.969382,loss_recon:0.050577

9400-loss_z:6.614182,accu:0.481013,loss_recon:0.134357

9600-loss_z:0.18565,accu:0.973158,loss_recon:0.050146

9600-loss_z:6.737958,accu:0.455696,loss_recon:0.135315

9800-loss_z:0.182458,accu:0.974095,loss_recon:0.05048

9800-loss_z:6.877027,accu:0.468354,loss_recon:0.135207

10000-loss_z:0.176738,accu:0.97347,loss_recon:0.050126

10000-loss_z:6.957162,accu:0.443038,loss_recon:0.132941

10200-loss_z:0.174917,accu:0.973197,loss_recon:0.05

10200-loss_z:7.113725,accu:0.468354,loss_recon:0.1396

10400-loss_z:0.168159,accu:0.974225,loss_recon:0.049889

10400-loss_z:7.245993,accu:0.481013,loss_recon:0.138036

10600-loss_z:0.163564,accu:0.980671,loss_recon:0.050573

10600-loss_z:7.373742,accu:0.455696,loss_recon:0.138123

10800-loss_z:0.159964,accu:0.978327,loss_recon:0.049528

10800-loss_z:7.515762,accu:0.468354,loss_recon:0.135609

11000-loss_z:0.156685,accu:0.981413,loss_recon:0.049874

11000-loss_z:7.644507,accu:0.493671,loss_recon:0.135924

11200-loss_z:0.152218,accu:0.983053,loss_recon:0.050106

11200-loss_z:7.785613,accu:0.468354,loss_recon:0.134651

11400-loss_z:0.150528,accu:0.981152,loss_recon:0.049854

11400-loss_z:7.917753,accu:0.481013,loss_recon:0.136803

11600-loss_z:0.147687,accu:0.98377,loss_recon:0.049794

11600-loss_z:8.022693,accu:0.493671,loss_recon:0.135731

11800-loss_z:0.14288,accu:0.984186,loss_recon:0.049446

11800-loss_z:8.164276,accu:0.468354,loss_recon:0.134872

12000-loss_z:0.139773,accu:0.986973,loss_recon:0.049064

12000-loss_z:8.314407,accu:0.481013,loss_recon:0.136432

12200-loss_z:0.136782,accu:0.985326,loss_recon:0.0496

12200-loss_z:8.452049,accu:0.506329,loss_recon:0.136948

12400-loss_z:0.135339,accu:0.984688,loss_recon:0.049316

12400-loss_z:8.549275,accu:0.493671,loss_recon:0.141684

12600-loss_z:0.131642,accu:0.986497,loss_recon:0.049712

12600-loss_z:8.67415,accu:0.493671,loss_recon:0.139397

12800-loss_z:0.128102,accu:0.987474,loss_recon:0.049672

12800-loss_z:8.800684,accu:0.493671,loss_recon:0.141878

13000-loss_z:0.124922,accu:0.988555,loss_recon:0.049372

13000-loss_z:8.949632,accu:0.493671,loss_recon:0.139323

13200-loss_z:0.12229,accu:0.986738,loss_recon:0.048666

13200-loss_z:9.074921,accu:0.506329,loss_recon:0.135317

13400-loss_z:0.11814,accu:0.98748,loss_recon:0.04904

13400-loss_z:9.198279,accu:0.468354,loss_recon:0.138403

13600-loss_z:0.117188,accu:0.987852,loss_recon:0.04877

13600-loss_z:9.336372,accu:0.493671,loss_recon:0.138526

13800-loss_z:0.115642,accu:0.988926,loss_recon:0.049043

13800-loss_z:9.507627,accu:0.468354,loss_recon:0.138489

14000-loss_z:0.112403,accu:0.990228,loss_recon:0.049223

14000-loss_z:9.606161,accu:0.493671,loss_recon:0.14068

14200-loss_z:0.109689,accu:0.991009,loss_recon:0.048709

14200-loss_z:9.728894,accu:0.481013,loss_recon:0.141334

14400-loss_z:0.107181,accu:0.991191,loss_recon:0.049519

14400-loss_z:9.885336,accu:0.493671,loss_recon:0.139763

14600-loss_z:0.107021,accu:0.991634,loss_recon:0.048822

14600-loss_z:10.025339,accu:0.481013,loss_recon:0.138723

14800-loss_z:0.102446,accu:0.99276,loss_recon:0.048747

14800-loss_z:10.165395,accu:0.481013,loss_recon:0.139402

15000-loss_z:0.101311,accu:0.99332,loss_recon:0.048925

15000-loss_z:10.321616,accu:0.493671,loss_recon:0.139784

15200-loss_z:0.099292,accu:0.992936,loss_recon:0.048781

15200-loss_z:10.472655,accu:0.481013,loss_recon:0.145094

15400-loss_z:0.098595,accu:0.99248,loss_recon:0.049161

15400-loss_z:10.578591,accu:0.481013,loss_recon:0.14379

15600-loss_z:0.095576,accu:0.99334,loss_recon:0.049143

15600-loss_z:10.674569,accu:0.481013,loss_recon:0.141981

15800-loss_z:0.093236,accu:0.993835,loss_recon:0.04819

15800-loss_z:10.856178,accu:0.493671,loss_recon:0.14319

16000-loss_z:0.092153,accu:0.99304,loss_recon:0.048749

16000-loss_z:10.941327,accu:0.481013,loss_recon:0.144774

16200-loss_z:0.089187,accu:0.995332,loss_recon:0.048964

16200-loss_z:11.073685,accu:0.481013,loss_recon:0.146196

16400-loss_z:0.087841,accu:0.994427,loss_recon:0.048184

16400-loss_z:11.103203,accu:0.481013,loss_recon:0.143172

16600-loss_z:0.087855,accu:0.995931,loss_recon:0.048936

16600-loss_z:11.122394,accu:0.481013,loss_recon:0.142523

16800-loss_z:0.084726,accu:0.996491,loss_recon:0.048249

16800-loss_z:11.148561,accu:0.481013,loss_recon:0.141051

17000-loss_z:0.082747,accu:0.9975,loss_recon:0.048157

17000-loss_z:11.22931,accu:0.493671,loss_recon:0.14506

17200-loss_z:0.082109,accu:0.996517,loss_recon:0.048388

17200-loss_z:11.256787,accu:0.481013,loss_recon:0.146984

17400-loss_z:0.079314,accu:0.996576,loss_recon:0.048239

17400-loss_z:11.37224,accu:0.481013,loss_recon:0.143311

17600-loss_z:0.077599,accu:0.997943,loss_recon:0.04835

17600-loss_z:11.421231,accu:0.493671,loss_recon:0.149537

17800-loss_z:0.075258,accu:0.998014,loss_recon:0.048089

17800-loss_z:11.52119,accu:0.493671,loss_recon:0.145291

18000-loss_z:0.075183,accu:0.998034,loss_recon:0.048172

18000-loss_z:11.606122,accu:0.481013,loss_recon:0.149132

18200-loss_z:0.075084,accu:0.997051,loss_recon:0.048432

18200-loss_z:11.659987,accu:0.493671,loss_recon:0.14686

18400-loss_z:0.07234,accu:0.99806,loss_recon:0.048109

18400-loss_z:11.78605,accu:0.493671,loss_recon:0.143723

18600-loss_z:0.071078,accu:0.999661,loss_recon:0.04807

18600-loss_z:11.892812,accu:0.493671,loss_recon:0.144804

18800-loss_z:0.067853,accu:0.99901,loss_recon:0.047553

18800-loss_z:11.979342,accu:0.493671,loss_recon:0.146521

19000-loss_z:0.069605,accu:0.99778,loss_recon:0.048446

19000-loss_z:12.130451,accu:0.481013,loss_recon:0.149648

19200-loss_z:0.067166,accu:0.999349,loss_recon:0.04765

19200-loss_z:12.154677,accu:0.493671,loss_recon:0.145077

19400-loss_z:0.066107,accu:0.999089,loss_recon:0.048352

19400-loss_z:12.278372,accu:0.481013,loss_recon:0.149889

19600-loss_z:0.064167,accu:0.99929,loss_recon:0.048528

19600-loss_z:12.397143,accu:0.481013,loss_recon:0.147187

19800-loss_z:0.06329,accu:0.999772,loss_recon:0.047969

19800-loss_z:12.521804,accu:0.481013,loss_recon:0.147569

20000-loss_z:0.061502,accu:0.999818,loss_recon:0.047956

20000-loss_z:12.605223,accu:0.493671,loss_recon:0.146752

Continue training
New FC model is initialized
200-loss_z:2.526235,accu:0.173767,loss_recon:0.958261

200-loss_z:2.621803,accu:0.075949,loss_recon:0.404698

400-loss_z:1.831438,accu:0.375905,loss_recon:0.226628

400-loss_z:2.461692,accu:0.164557,loss_recon:0.178499

600-loss_z:1.522116,accu:0.505573,loss_recon:0.125665

600-loss_z:2.44509,accu:0.151899,loss_recon:0.151205

800-loss_z:1.324446,accu:0.585664,loss_recon:0.107585

800-loss_z:2.429178,accu:0.164557,loss_recon:0.144654

1000-loss_z:1.181882,accu:0.638522,loss_recon:0.098292

1000-loss_z:2.438569,accu:0.202532,loss_recon:0.143573

1200-loss_z:1.070006,accu:0.689342,loss_recon:0.09222

1200-loss_z:2.475598,accu:0.21519,loss_recon:0.143009

1400-loss_z:0.981615,accu:0.724453,loss_recon:0.089195

1400-loss_z:2.498538,accu:0.265823,loss_recon:0.140404

1600-loss_z:0.911895,accu:0.73179,loss_recon:0.085659

1600-loss_z:2.550631,accu:0.265823,loss_recon:0.141362

1800-loss_z:0.851801,accu:0.741335,loss_recon:0.084536

1800-loss_z:2.605391,accu:0.303797,loss_recon:0.142189

2000-loss_z:0.803665,accu:0.755299,loss_recon:0.082489

2000-loss_z:2.649961,accu:0.278481,loss_recon:0.142218

2200-loss_z:0.750994,accu:0.781947,loss_recon:0.082226

2200-loss_z:2.696635,accu:0.316456,loss_recon:0.138076

2400-loss_z:0.708033,accu:0.7914,loss_recon:0.07952

2400-loss_z:2.77611,accu:0.265823,loss_recon:0.139225

2600-loss_z:0.674063,accu:0.809525,loss_recon:0.079877

2600-loss_z:2.81401,accu:0.341772,loss_recon:0.138048

2800-loss_z:0.640423,accu:0.816237,loss_recon:0.078775

2800-loss_z:2.892089,accu:0.35443,loss_recon:0.136513

3000-loss_z:0.610786,accu:0.834023,loss_recon:0.077967

3000-loss_z:2.955843,accu:0.367089,loss_recon:0.134982

3200-loss_z:0.582172,accu:0.851504,loss_recon:0.077588

3200-loss_z:3.01283,accu:0.35443,loss_recon:0.137679

3400-loss_z:0.554663,accu:0.856829,loss_recon:0.077564

3400-loss_z:3.033589,accu:0.367089,loss_recon:0.135314

3600-loss_z:0.532156,accu:0.864837,loss_recon:0.076568

3600-loss_z:3.106664,accu:0.367089,loss_recon:0.136199

3800-loss_z:0.508805,accu:0.880397,loss_recon:0.07632

3800-loss_z:3.155638,accu:0.379747,loss_recon:0.137307

4000-loss_z:0.485814,accu:0.886986,loss_recon:0.075423

4000-loss_z:3.184653,accu:0.341772,loss_recon:0.13259

4200-loss_z:0.466117,accu:0.890742,loss_recon:0.073829

4200-loss_z:3.248002,accu:0.35443,loss_recon:0.132465

4400-loss_z:0.447866,accu:0.896719,loss_recon:0.073485

4400-loss_z:3.28142,accu:0.367089,loss_recon:0.131459

4600-loss_z:0.43138,accu:0.90623,loss_recon:0.072081

4600-loss_z:3.322419,accu:0.35443,loss_recon:0.131199

4800-loss_z:0.413587,accu:0.913438,loss_recon:0.072199

4800-loss_z:3.322068,accu:0.379747,loss_recon:0.128563

5000-loss_z:0.395837,accu:0.921563,loss_recon:0.070658

5000-loss_z:3.370495,accu:0.367089,loss_recon:0.128586

5200-loss_z:0.381542,accu:0.927077,loss_recon:0.068838

5200-loss_z:3.383818,accu:0.341772,loss_recon:0.125775

5400-loss_z:0.368506,accu:0.93515,loss_recon:0.068495

5400-loss_z:3.426158,accu:0.379747,loss_recon:0.122538

5600-loss_z:0.351783,accu:0.933158,loss_recon:0.066821

5600-loss_z:3.473747,accu:0.367089,loss_recon:0.118298

5800-loss_z:0.341862,accu:0.939232,loss_recon:0.066942

5800-loss_z:3.497638,accu:0.379747,loss_recon:0.115103

6000-loss_z:0.328117,accu:0.939733,loss_recon:0.065036

6000-loss_z:3.521359,accu:0.35443,loss_recon:0.116271

6200-loss_z:0.316768,accu:0.94653,loss_recon:0.065234

6200-loss_z:3.570915,accu:0.379747,loss_recon:0.114583

6400-loss_z:0.306508,accu:0.948333,loss_recon:0.063639

6400-loss_z:3.565651,accu:0.367089,loss_recon:0.113368

6600-loss_z:0.293229,accu:0.951224,loss_recon:0.062584

6600-loss_z:3.581856,accu:0.35443,loss_recon:0.114988

6800-loss_z:0.282425,accu:0.951068,loss_recon:0.062256

6800-loss_z:3.613365,accu:0.379747,loss_recon:0.113809

7000-loss_z:0.273847,accu:0.954661,loss_recon:0.061916

7000-loss_z:3.623361,accu:0.405063,loss_recon:0.114572

7200-loss_z:0.26409,accu:0.958138,loss_recon:0.061004

7200-loss_z:3.633773,accu:0.417722,loss_recon:0.114622

7400-loss_z:0.251651,accu:0.960553,loss_recon:0.060757

7400-loss_z:3.699741,accu:0.405063,loss_recon:0.112336

7600-loss_z:0.242873,accu:0.960514,loss_recon:0.060216

7600-loss_z:3.733783,accu:0.405063,loss_recon:0.111239

7800-loss_z:0.235751,accu:0.963509,loss_recon:0.060128

7800-loss_z:3.786703,accu:0.379747,loss_recon:0.113248

8000-loss_z:0.222981,accu:0.964219,loss_recon:0.059877

8000-loss_z:3.831534,accu:0.405063,loss_recon:0.112108

8200-loss_z:0.215363,accu:0.967546,loss_recon:0.058917

8200-loss_z:3.887293,accu:0.379747,loss_recon:0.110853

8400-loss_z:0.208713,accu:0.970332,loss_recon:0.058564

8400-loss_z:3.949176,accu:0.405063,loss_recon:0.113468

8600-loss_z:0.200193,accu:0.97401,loss_recon:0.057986

8600-loss_z:4.07426,accu:0.417722,loss_recon:0.116695

8800-loss_z:0.192366,accu:0.974173,loss_recon:0.057334

8800-loss_z:4.222257,accu:0.405063,loss_recon:0.113392

9000-loss_z:0.186599,accu:0.977728,loss_recon:0.056682

9000-loss_z:4.389986,accu:0.405063,loss_recon:0.116122

9200-loss_z:0.179389,accu:0.981771,loss_recon:0.057217

9200-loss_z:4.549387,accu:0.405063,loss_recon:0.116459

9400-loss_z:0.173673,accu:0.980807,loss_recon:0.056216

9400-loss_z:4.736332,accu:0.405063,loss_recon:0.119709

9600-loss_z:0.167133,accu:0.981628,loss_recon:0.055662

9600-loss_z:4.949086,accu:0.455696,loss_recon:0.120731

9800-loss_z:0.161336,accu:0.985332,loss_recon:0.055381

9800-loss_z:5.067688,accu:0.43038,loss_recon:0.120587

10000-loss_z:0.15432,accu:0.985599,loss_recon:0.055074

10000-loss_z:5.287058,accu:0.417722,loss_recon:0.119907

10200-loss_z:0.14923,accu:0.990293,loss_recon:0.055033

10200-loss_z:5.355046,accu:0.43038,loss_recon:0.124411

10400-loss_z:0.143851,accu:0.990931,loss_recon:0.053928

10400-loss_z:5.553611,accu:0.443038,loss_recon:0.12221

10600-loss_z:0.137901,accu:0.99248,loss_recon:0.054559

10600-loss_z:5.713629,accu:0.443038,loss_recon:0.12119

10800-loss_z:0.135649,accu:0.992917,loss_recon:0.054006

10800-loss_z:5.808949,accu:0.455696,loss_recon:0.125913

11000-loss_z:0.128017,accu:0.99418,loss_recon:0.054028

11000-loss_z:5.965691,accu:0.455696,loss_recon:0.122404

11200-loss_z:0.124196,accu:0.994349,loss_recon:0.054231

11200-loss_z:6.112286,accu:0.43038,loss_recon:0.120823

11400-loss_z:0.118931,accu:0.996484,loss_recon:0.054188

11400-loss_z:6.285292,accu:0.443038,loss_recon:0.125929

11600-loss_z:0.114995,accu:0.998158,loss_recon:0.053372

11600-loss_z:6.413872,accu:0.455696,loss_recon:0.123585

11800-loss_z:0.111935,accu:0.998561,loss_recon:0.053462

11800-loss_z:6.509691,accu:0.443038,loss_recon:0.122726

12000-loss_z:0.105539,accu:0.998698,loss_recon:0.053367

12000-loss_z:6.673938,accu:0.468354,loss_recon:0.122468

12200-loss_z:0.103103,accu:0.999375,loss_recon:0.053804

12200-loss_z:6.818805,accu:0.443038,loss_recon:0.12145

12400-loss_z:0.099276,accu:0.999271,loss_recon:0.053108

12400-loss_z:6.949643,accu:0.455696,loss_recon:0.122629

12600-loss_z:0.094761,accu:0.999434,loss_recon:0.05295

12600-loss_z:7.095438,accu:0.455696,loss_recon:0.123871

12800-loss_z:0.090495,accu:0.999499,loss_recon:0.05324

12800-loss_z:7.21497,accu:0.443038,loss_recon:0.125957

13000-loss_z:0.087175,accu:0.999577,loss_recon:0.05326

13000-loss_z:7.397677,accu:0.468354,loss_recon:0.124711

13200-loss_z:0.08526,accu:0.999486,loss_recon:0.052086

13200-loss_z:7.73096,accu:0.455696,loss_recon:0.124907

13400-loss_z:0.082386,accu:0.99972,loss_recon:0.052559

13400-loss_z:8.154305,accu:0.468354,loss_recon:0.125039

13600-loss_z:0.077954,accu:0.999896,loss_recon:0.052529

13600-loss_z:8.50056,accu:0.43038,loss_recon:0.126029

13800-loss_z:0.075178,accu:0.999896,loss_recon:0.051768

13800-loss_z:8.735872,accu:0.468354,loss_recon:0.124343

14000-loss_z:0.072367,accu:0.999798,loss_recon:0.052407

14000-loss_z:8.887015,accu:0.443038,loss_recon:0.12303

14200-loss_z:0.069495,accu:1.0,loss_recon:0.051993

14200-loss_z:9.133903,accu:0.417722,loss_recon:0.125074

14400-loss_z:0.067583,accu:0.99998,loss_recon:0.05211

14400-loss_z:9.296991,accu:0.417722,loss_recon:0.124972

14600-loss_z:0.064488,accu:1.0,loss_recon:0.051993

14600-loss_z:9.560594,accu:0.392405,loss_recon:0.124596

14800-loss_z:0.0616,accu:1.0,loss_recon:0.051607

14800-loss_z:9.717015,accu:0.392405,loss_recon:0.126411

15000-loss_z:0.059476,accu:1.0,loss_recon:0.052038

15000-loss_z:9.807336,accu:0.392405,loss_recon:0.123769

15200-loss_z:0.057343,accu:1.0,loss_recon:0.051509

15200-loss_z:9.985174,accu:0.405063,loss_recon:0.126741

15400-loss_z:0.05413,accu:1.0,loss_recon:0.05091

15400-loss_z:10.168044,accu:0.392405,loss_recon:0.125067

15600-loss_z:0.051827,accu:1.0,loss_recon:0.051287

15600-loss_z:10.28537,accu:0.405063,loss_recon:0.124386

15800-loss_z:0.050714,accu:1.0,loss_recon:0.051242

15800-loss_z:10.47105,accu:0.392405,loss_recon:0.123728

16000-loss_z:0.048982,accu:1.0,loss_recon:0.050701

16000-loss_z:10.605126,accu:0.392405,loss_recon:0.127412

16200-loss_z:0.046748,accu:1.0,loss_recon:0.05113

16200-loss_z:10.743094,accu:0.405063,loss_recon:0.121584

16400-loss_z:0.044833,accu:1.0,loss_recon:0.050298

16400-loss_z:10.876418,accu:0.417722,loss_recon:0.121335

16600-loss_z:0.042788,accu:1.0,loss_recon:0.050533

16600-loss_z:10.991175,accu:0.405063,loss_recon:0.124056

16800-loss_z:0.041598,accu:1.0,loss_recon:0.050524

16800-loss_z:11.140378,accu:0.417722,loss_recon:0.125177

17000-loss_z:0.039915,accu:1.0,loss_recon:0.049699

17000-loss_z:11.282038,accu:0.417722,loss_recon:0.122055

17200-loss_z:0.037814,accu:1.0,loss_recon:0.049913

17200-loss_z:11.474752,accu:0.417722,loss_recon:0.125264

17400-loss_z:0.036512,accu:1.0,loss_recon:0.05008

17400-loss_z:11.621167,accu:0.417722,loss_recon:0.122668

17600-loss_z:0.034807,accu:1.0,loss_recon:0.050122

17600-loss_z:12.094588,accu:0.43038,loss_recon:0.124246

17800-loss_z:0.033364,accu:1.0,loss_recon:0.049894

17800-loss_z:12.58993,accu:0.417722,loss_recon:0.125551

18000-loss_z:0.032457,accu:1.0,loss_recon:0.049809

18000-loss_z:13.159955,accu:0.417722,loss_recon:0.1264

18200-loss_z:0.030699,accu:1.0,loss_recon:0.04981

18200-loss_z:13.710788,accu:0.417722,loss_recon:0.122341

18400-loss_z:0.029623,accu:1.0,loss_recon:0.049996

18400-loss_z:14.118834,accu:0.43038,loss_recon:0.12605

18600-loss_z:0.028589,accu:1.0,loss_recon:0.04941

18600-loss_z:14.477008,accu:0.443038,loss_recon:0.125353

18800-loss_z:0.027219,accu:1.0,loss_recon:0.049891

18800-loss_z:14.951813,accu:0.43038,loss_recon:0.125954

19000-loss_z:0.025924,accu:1.0,loss_recon:0.049831

19000-loss_z:15.315697,accu:0.43038,loss_recon:0.124761

19200-loss_z:0.025552,accu:1.0,loss_recon:0.050012

19200-loss_z:15.759404,accu:0.43038,loss_recon:0.124038

19400-loss_z:0.024126,accu:1.0,loss_recon:0.049449

19400-loss_z:16.150896,accu:0.443038,loss_recon:0.12786

19600-loss_z:0.023474,accu:1.0,loss_recon:0.049969

19600-loss_z:16.518114,accu:0.43038,loss_recon:0.124715

19800-loss_z:0.022368,accu:1.0,loss_recon:0.049558

19800-loss_z:16.937994,accu:0.443038,loss_recon:0.124803

20000-loss_z:0.021507,accu:1.0,loss_recon:0.049476

20000-loss_z:17.314487,accu:0.443038,loss_recon:0.124545

Continue training
New FC model is initialized
200-loss_z:2.477976,accu:0.202089,loss_recon:1.083109

200-loss_z:2.427993,accu:0.151899,loss_recon:0.549952

400-loss_z:1.788942,accu:0.409961,loss_recon:0.266285

400-loss_z:2.25929,accu:0.151899,loss_recon:0.2664

600-loss_z:1.492299,accu:0.496797,loss_recon:0.15592

600-loss_z:2.239901,accu:0.164557,loss_recon:0.200648

800-loss_z:1.312653,accu:0.576068,loss_recon:0.129266

800-loss_z:2.241193,accu:0.265823,loss_recon:0.170887

1000-loss_z:1.180723,accu:0.636335,loss_recon:0.110077

1000-loss_z:2.303156,accu:0.202532,loss_recon:0.148934

1200-loss_z:1.080346,accu:0.668379,loss_recon:0.099054

1200-loss_z:2.348231,accu:0.227848,loss_recon:0.145182

1400-loss_z:0.996437,accu:0.695814,loss_recon:0.091337

1400-loss_z:2.405072,accu:0.253165,loss_recon:0.14326

1600-loss_z:0.92782,accu:0.716165,loss_recon:0.086499

1600-loss_z:2.462454,accu:0.202532,loss_recon:0.141088

1800-loss_z:0.866039,accu:0.739648,loss_recon:0.083958

1800-loss_z:2.531278,accu:0.291139,loss_recon:0.143505

2000-loss_z:0.808816,accu:0.763757,loss_recon:0.081303

2000-loss_z:2.587156,accu:0.303797,loss_recon:0.142726

2200-loss_z:0.761852,accu:0.790358,loss_recon:0.078303

2200-loss_z:2.686761,accu:0.316456,loss_recon:0.142489

2400-loss_z:0.721016,accu:0.793581,loss_recon:0.07669

2400-loss_z:2.78417,accu:0.303797,loss_recon:0.141528

2600-loss_z:0.684365,accu:0.805553,loss_recon:0.075994

2600-loss_z:2.886393,accu:0.303797,loss_recon:0.142587

2800-loss_z:0.647299,accu:0.821126,loss_recon:0.075184

2800-loss_z:2.977096,accu:0.291139,loss_recon:0.140902

3000-loss_z:0.620274,accu:0.824473,loss_recon:0.072863

3000-loss_z:3.077348,accu:0.303797,loss_recon:0.136135

3200-loss_z:0.59151,accu:0.826986,loss_recon:0.072662

3200-loss_z:3.179132,accu:0.329114,loss_recon:0.133705

3400-loss_z:0.565749,accu:0.840313,loss_recon:0.070771

3400-loss_z:3.289324,accu:0.329114,loss_recon:0.133909

3600-loss_z:0.541475,accu:0.854512,loss_recon:0.070671

3600-loss_z:3.402118,accu:0.329114,loss_recon:0.131427

3800-loss_z:0.518317,accu:0.866152,loss_recon:0.069678

3800-loss_z:3.49837,accu:0.303797,loss_recon:0.132739

4000-loss_z:0.502623,accu:0.878659,loss_recon:0.06887

4000-loss_z:3.596952,accu:0.341772,loss_recon:0.129136

4200-loss_z:0.47832,accu:0.885729,loss_recon:0.06845

4200-loss_z:3.71654,accu:0.316456,loss_recon:0.13091

4400-loss_z:0.461948,accu:0.901393,loss_recon:0.067781

4400-loss_z:3.8293,accu:0.303797,loss_recon:0.129995

4600-loss_z:0.438415,accu:0.918229,loss_recon:0.067872

4600-loss_z:3.902989,accu:0.341772,loss_recon:0.124721

4800-loss_z:0.424568,accu:0.919759,loss_recon:0.067343

4800-loss_z:3.998751,accu:0.329114,loss_recon:0.128816

5000-loss_z:0.407626,accu:0.927148,loss_recon:0.066705

5000-loss_z:4.099883,accu:0.329114,loss_recon:0.12534

5200-loss_z:0.391468,accu:0.933444,loss_recon:0.06569

5200-loss_z:4.20147,accu:0.303797,loss_recon:0.125307

5400-loss_z:0.376926,accu:0.935605,loss_recon:0.065415

5400-loss_z:4.292078,accu:0.35443,loss_recon:0.125144

5600-loss_z:0.361244,accu:0.941393,loss_recon:0.065275

5600-loss_z:4.385331,accu:0.341772,loss_recon:0.126549

5800-loss_z:0.351026,accu:0.946465,loss_recon:0.064731

5800-loss_z:4.475322,accu:0.316456,loss_recon:0.127031

6000-loss_z:0.338586,accu:0.944909,loss_recon:0.064449

6000-loss_z:4.590512,accu:0.329114,loss_recon:0.122801

6200-loss_z:0.328921,accu:0.949049,loss_recon:0.064297

6200-loss_z:4.671563,accu:0.329114,loss_recon:0.122741

6400-loss_z:0.315375,accu:0.954141,loss_recon:0.064266

6400-loss_z:4.788484,accu:0.329114,loss_recon:0.122089

6600-loss_z:0.304312,accu:0.954714,loss_recon:0.064274

6600-loss_z:4.879194,accu:0.341772,loss_recon:0.123544

6800-loss_z:0.29456,accu:0.953945,loss_recon:0.064215

6800-loss_z:4.949752,accu:0.341772,loss_recon:0.118405

7000-loss_z:0.285008,accu:0.95901,loss_recon:0.063913

7000-loss_z:5.023013,accu:0.35443,loss_recon:0.122649

7200-loss_z:0.277736,accu:0.955514,loss_recon:0.063483

7200-loss_z:5.15303,accu:0.35443,loss_recon:0.120421

7400-loss_z:0.270403,accu:0.960449,loss_recon:0.063399

7400-loss_z:5.213851,accu:0.341772,loss_recon:0.121211

7600-loss_z:0.261254,accu:0.962598,loss_recon:0.063307

7600-loss_z:5.306103,accu:0.35443,loss_recon:0.120628

7800-loss_z:0.254545,accu:0.964427,loss_recon:0.063612

7800-loss_z:5.416686,accu:0.367089,loss_recon:0.116597

8000-loss_z:0.244232,accu:0.966087,loss_recon:0.062878

8000-loss_z:5.495641,accu:0.367089,loss_recon:0.118883

8200-loss_z:0.239443,accu:0.964251,loss_recon:0.062502

8200-loss_z:5.570716,accu:0.367089,loss_recon:0.118102

8400-loss_z:0.229999,accu:0.970156,loss_recon:0.062584

8400-loss_z:5.67054,accu:0.367089,loss_recon:0.118998

8600-loss_z:0.222249,accu:0.969069,loss_recon:0.062854

8600-loss_z:5.749077,accu:0.392405,loss_recon:0.118986

8800-loss_z:0.214543,accu:0.970221,loss_recon:0.062425

8800-loss_z:5.831341,accu:0.367089,loss_recon:0.119897

9000-loss_z:0.207425,accu:0.969434,loss_recon:0.062746

9000-loss_z:5.943058,accu:0.379747,loss_recon:0.117001

9200-loss_z:0.203266,accu:0.972734,loss_recon:0.062333

9200-loss_z:6.023323,accu:0.405063,loss_recon:0.120441

9400-loss_z:0.197217,accu:0.97237,loss_recon:0.062703

9400-loss_z:6.130415,accu:0.367089,loss_recon:0.116346

9600-loss_z:0.191278,accu:0.974069,loss_recon:0.062446

9600-loss_z:6.220274,accu:0.392405,loss_recon:0.117596

9800-loss_z:0.188177,accu:0.974544,loss_recon:0.062827

9800-loss_z:6.321424,accu:0.392405,loss_recon:0.11851

10000-loss_z:0.178484,accu:0.977695,loss_recon:0.061847

10000-loss_z:6.418647,accu:0.392405,loss_recon:0.119853

10200-loss_z:0.175018,accu:0.977786,loss_recon:0.061627

10200-loss_z:6.565204,accu:0.379747,loss_recon:0.117032

10400-loss_z:0.171007,accu:0.979277,loss_recon:0.061414

10400-loss_z:6.705884,accu:0.405063,loss_recon:0.117938

10600-loss_z:0.165075,accu:0.979225,loss_recon:0.062388

10600-loss_z:6.825392,accu:0.392405,loss_recon:0.118688

10800-loss_z:0.161784,accu:0.980742,loss_recon:0.061035

10800-loss_z:6.973135,accu:0.392405,loss_recon:0.117428

11000-loss_z:0.155807,accu:0.98151,loss_recon:0.061792

11000-loss_z:7.152045,accu:0.417722,loss_recon:0.120627

11200-loss_z:0.152759,accu:0.981074,loss_recon:0.061522

11200-loss_z:7.284541,accu:0.417722,loss_recon:0.114878

11400-loss_z:0.150464,accu:0.98194,loss_recon:0.061209

11400-loss_z:7.475793,accu:0.417722,loss_recon:0.116873

11600-loss_z:0.144397,accu:0.980885,loss_recon:0.061449

11600-loss_z:7.608279,accu:0.405063,loss_recon:0.118732

11800-loss_z:0.140563,accu:0.982767,loss_recon:0.061267

11800-loss_z:7.835024,accu:0.405063,loss_recon:0.116033

12000-loss_z:0.136357,accu:0.982018,loss_recon:0.061581

12000-loss_z:8.016091,accu:0.417722,loss_recon:0.116979

12200-loss_z:0.132513,accu:0.98612,loss_recon:0.061141

12200-loss_z:8.208758,accu:0.443038,loss_recon:0.119298

12400-loss_z:0.127649,accu:0.986797,loss_recon:0.061554

12400-loss_z:8.420927,accu:0.443038,loss_recon:0.115739

12600-loss_z:0.12453,accu:0.986628,loss_recon:0.060513

12600-loss_z:8.588823,accu:0.43038,loss_recon:0.118521

12800-loss_z:0.120196,accu:0.986432,loss_recon:0.06106

12800-loss_z:8.715782,accu:0.443038,loss_recon:0.11779

13000-loss_z:0.118751,accu:0.987396,loss_recon:0.060961

13000-loss_z:8.944305,accu:0.443038,loss_recon:0.118642

13200-loss_z:0.114912,accu:0.988145,loss_recon:0.060243

13200-loss_z:9.132959,accu:0.43038,loss_recon:0.116966

13400-loss_z:0.111741,accu:0.989036,loss_recon:0.059515

13400-loss_z:9.291186,accu:0.468354,loss_recon:0.122084

13600-loss_z:0.107648,accu:0.988796,loss_recon:0.059813

13600-loss_z:9.451283,accu:0.43038,loss_recon:0.118641

13800-loss_z:0.105481,accu:0.990221,loss_recon:0.059446

13800-loss_z:9.554556,accu:0.43038,loss_recon:0.117931

14000-loss_z:0.104028,accu:0.989505,loss_recon:0.058966

14000-loss_z:9.756787,accu:0.455696,loss_recon:0.117219

14200-loss_z:0.099165,accu:0.99084,loss_recon:0.059206

14200-loss_z:9.905425,accu:0.43038,loss_recon:0.117643

14400-loss_z:0.098118,accu:0.991556,loss_recon:0.058377

14400-loss_z:10.095959,accu:0.443038,loss_recon:0.11699

14600-loss_z:0.093943,accu:0.991322,loss_recon:0.058198

14600-loss_z:10.258677,accu:0.443038,loss_recon:0.11704

14800-loss_z:0.090915,accu:0.992513,loss_recon:0.058442

14800-loss_z:10.421704,accu:0.455696,loss_recon:0.119246

15000-loss_z:0.088191,accu:0.991471,loss_recon:0.058774

15000-loss_z:10.587984,accu:0.417722,loss_recon:0.118852

15200-loss_z:0.086283,accu:0.992832,loss_recon:0.05813

15200-loss_z:10.719484,accu:0.43038,loss_recon:0.11738

15400-loss_z:0.084236,accu:0.992533,loss_recon:0.058042

15400-loss_z:10.87841,accu:0.417722,loss_recon:0.118859

15600-loss_z:0.079504,accu:0.993867,loss_recon:0.058138

15600-loss_z:11.059534,accu:0.443038,loss_recon:0.117455

15800-loss_z:0.078266,accu:0.99334,loss_recon:0.058726

15800-loss_z:11.216915,accu:0.443038,loss_recon:0.117634

16000-loss_z:0.075912,accu:0.993411,loss_recon:0.057303

16000-loss_z:11.411794,accu:0.455696,loss_recon:0.120719

16200-loss_z:0.074585,accu:0.993698,loss_recon:0.057478

16200-loss_z:11.573492,accu:0.43038,loss_recon:0.124197

16400-loss_z:0.072099,accu:0.994284,loss_recon:0.057301

16400-loss_z:11.752693,accu:0.43038,loss_recon:0.122046

16600-loss_z:0.070499,accu:0.993919,loss_recon:0.056497

16600-loss_z:11.888666,accu:0.43038,loss_recon:0.119852

16800-loss_z:0.067743,accu:0.995091,loss_recon:0.056245

16800-loss_z:12.063668,accu:0.443038,loss_recon:0.122074

17000-loss_z:0.06579,accu:0.995671,loss_recon:0.057675

17000-loss_z:12.213223,accu:0.443038,loss_recon:0.122783

17200-loss_z:0.062226,accu:0.995495,loss_recon:0.056947

17200-loss_z:12.376077,accu:0.443038,loss_recon:0.121573

17400-loss_z:0.060882,accu:0.996315,loss_recon:0.056774

17400-loss_z:12.517566,accu:0.468354,loss_recon:0.122399

17600-loss_z:0.059873,accu:0.996387,loss_recon:0.056125

17600-loss_z:12.675498,accu:0.468354,loss_recon:0.122492

17800-loss_z:0.057523,accu:0.996706,loss_recon:0.05642

17800-loss_z:12.846719,accu:0.455696,loss_recon:0.124076

18000-loss_z:0.055281,accu:0.996543,loss_recon:0.05615

18000-loss_z:12.999866,accu:0.468354,loss_recon:0.120706

18200-loss_z:0.054274,accu:0.997656,loss_recon:0.056006

18200-loss_z:13.138495,accu:0.468354,loss_recon:0.120853

18400-loss_z:0.051885,accu:0.999089,loss_recon:0.056025

18400-loss_z:13.28322,accu:0.455696,loss_recon:0.123307

18600-loss_z:0.050319,accu:0.998073,loss_recon:0.056

18600-loss_z:13.424526,accu:0.455696,loss_recon:0.119724

18800-loss_z:0.048887,accu:0.99972,loss_recon:0.056309

18800-loss_z:13.599993,accu:0.455696,loss_recon:0.122539

19000-loss_z:0.048435,accu:0.999837,loss_recon:0.055928

19000-loss_z:13.7139,accu:0.455696,loss_recon:0.123487

19200-loss_z:0.0464,accu:1.0,loss_recon:0.056529

19200-loss_z:13.900067,accu:0.443038,loss_recon:0.123859

19400-loss_z:0.044274,accu:0.999824,loss_recon:0.055079

19400-loss_z:14.088889,accu:0.455696,loss_recon:0.119626

19600-loss_z:0.0429,accu:0.999564,loss_recon:0.054991

19600-loss_z:14.230758,accu:0.455696,loss_recon:0.125548

19800-loss_z:0.041931,accu:1.0,loss_recon:0.054853

19800-loss_z:14.502591,accu:0.443038,loss_recon:0.123154

20000-loss_z:0.040046,accu:0.999883,loss_recon:0.054968

20000-loss_z:14.797097,accu:0.455696,loss_recon:0.123277

Continue training
New FC model is initialized
200-loss_z:2.499856,accu:0.194101,loss_recon:1.272074

200-loss_z:2.529118,accu:0.113924,loss_recon:0.658313

400-loss_z:1.867733,accu:0.365111,loss_recon:0.40116

400-loss_z:2.325757,accu:0.151899,loss_recon:0.356885

600-loss_z:1.541957,accu:0.49459,loss_recon:0.220842

600-loss_z:2.314565,accu:0.164557,loss_recon:0.22268

800-loss_z:1.347076,accu:0.564967,loss_recon:0.153838

800-loss_z:2.323442,accu:0.177215,loss_recon:0.1609

1000-loss_z:1.202509,accu:0.61599,loss_recon:0.124659

1000-loss_z:2.35958,accu:0.21519,loss_recon:0.14012

1200-loss_z:1.086727,accu:0.673757,loss_recon:0.110379

1200-loss_z:2.43027,accu:0.21519,loss_recon:0.133272

1400-loss_z:0.991701,accu:0.711862,loss_recon:0.102973

1400-loss_z:2.521851,accu:0.265823,loss_recon:0.128341

1600-loss_z:0.917123,accu:0.760365,loss_recon:0.09589

1600-loss_z:2.612364,accu:0.278481,loss_recon:0.119811

1800-loss_z:0.849557,accu:0.768132,loss_recon:0.091795

1800-loss_z:2.692537,accu:0.278481,loss_recon:0.118554

2000-loss_z:0.793811,accu:0.793099,loss_recon:0.08769

2000-loss_z:2.818063,accu:0.316456,loss_recon:0.113305

2200-loss_z:0.738877,accu:0.815098,loss_recon:0.084959

2200-loss_z:2.915254,accu:0.35443,loss_recon:0.111897

2400-loss_z:0.695408,accu:0.835326,loss_recon:0.08234

2400-loss_z:3.013731,accu:0.341772,loss_recon:0.111096

2600-loss_z:0.656227,accu:0.838197,loss_recon:0.080494

2600-loss_z:3.142496,accu:0.329114,loss_recon:0.110479

2800-loss_z:0.621849,accu:0.854896,loss_recon:0.078401

2800-loss_z:3.24471,accu:0.341772,loss_recon:0.107156

3000-loss_z:0.591584,accu:0.864473,loss_recon:0.076852

3000-loss_z:3.339495,accu:0.341772,loss_recon:0.106837

3200-loss_z:0.563062,accu:0.878464,loss_recon:0.074971

3200-loss_z:3.473836,accu:0.379747,loss_recon:0.106017

3400-loss_z:0.536667,accu:0.880716,loss_recon:0.072371

3400-loss_z:3.552175,accu:0.35443,loss_recon:0.105592

3600-loss_z:0.512446,accu:0.883451,loss_recon:0.071868

3600-loss_z:3.675117,accu:0.367089,loss_recon:0.105592

3800-loss_z:0.489371,accu:0.893854,loss_recon:0.069901

3800-loss_z:3.775163,accu:0.392405,loss_recon:0.104255

4000-loss_z:0.470155,accu:0.89916,loss_recon:0.06824

4000-loss_z:3.897122,accu:0.392405,loss_recon:0.107118

4200-loss_z:0.446115,accu:0.908522,loss_recon:0.067429

4200-loss_z:4.00852,accu:0.405063,loss_recon:0.107826

4400-loss_z:0.43404,accu:0.906133,loss_recon:0.066012

4400-loss_z:4.142885,accu:0.392405,loss_recon:0.105266

4600-loss_z:0.416383,accu:0.912565,loss_recon:0.066036

4600-loss_z:4.261133,accu:0.392405,loss_recon:0.109876

4800-loss_z:0.398002,accu:0.917272,loss_recon:0.065577

4800-loss_z:4.399774,accu:0.392405,loss_recon:0.105354

5000-loss_z:0.3816,accu:0.919147,loss_recon:0.064217

5000-loss_z:4.554874,accu:0.392405,loss_recon:0.107858

5200-loss_z:0.36993,accu:0.923867,loss_recon:0.062962

5200-loss_z:4.691822,accu:0.417722,loss_recon:0.10629

5400-loss_z:0.355039,accu:0.921621,loss_recon:0.062145

5400-loss_z:4.849682,accu:0.405063,loss_recon:0.103788

5600-loss_z:0.342146,accu:0.924648,loss_recon:0.061437

5600-loss_z:4.983443,accu:0.405063,loss_recon:0.101909

5800-loss_z:0.330114,accu:0.928678,loss_recon:0.060385

5800-loss_z:5.120926,accu:0.405063,loss_recon:0.106765

6000-loss_z:0.319383,accu:0.93375,loss_recon:0.059247

6000-loss_z:5.277872,accu:0.417722,loss_recon:0.101378

6200-loss_z:0.311718,accu:0.933288,loss_recon:0.058774

6200-loss_z:5.440754,accu:0.43038,loss_recon:0.10258

6400-loss_z:0.297212,accu:0.936803,loss_recon:0.05856

6400-loss_z:5.580606,accu:0.417722,loss_recon:0.103198

6600-loss_z:0.289556,accu:0.942656,loss_recon:0.057862

6600-loss_z:5.755251,accu:0.417722,loss_recon:0.104349

6800-loss_z:0.282603,accu:0.942083,loss_recon:0.057633

6800-loss_z:5.918615,accu:0.417722,loss_recon:0.104985

7000-loss_z:0.271173,accu:0.944889,loss_recon:0.05676

7000-loss_z:6.115336,accu:0.417722,loss_recon:0.101614

7200-loss_z:0.264617,accu:0.94985,loss_recon:0.056826

7200-loss_z:6.23032,accu:0.417722,loss_recon:0.102643

7400-loss_z:0.253734,accu:0.952689,loss_recon:0.055213

7400-loss_z:6.344029,accu:0.43038,loss_recon:0.105275

7600-loss_z:0.248999,accu:0.953548,loss_recon:0.054851

7600-loss_z:6.439896,accu:0.43038,loss_recon:0.10443

7800-loss_z:0.238849,accu:0.95457,loss_recon:0.055291

7800-loss_z:6.561276,accu:0.417722,loss_recon:0.101624

8000-loss_z:0.237165,accu:0.952409,loss_recon:0.054771

8000-loss_z:6.707735,accu:0.443038,loss_recon:0.101969

8200-loss_z:0.226936,accu:0.956439,loss_recon:0.055389

8200-loss_z:6.84761,accu:0.417722,loss_recon:0.104421

8400-loss_z:0.22109,accu:0.957148,loss_recon:0.054198

8400-loss_z:6.986156,accu:0.43038,loss_recon:0.104836

8600-loss_z:0.213329,accu:0.959128,loss_recon:0.054046

8600-loss_z:7.104806,accu:0.417722,loss_recon:0.104584

8800-loss_z:0.206645,accu:0.963529,loss_recon:0.053454

8800-loss_z:7.251748,accu:0.443038,loss_recon:0.10321

9000-loss_z:0.202474,accu:0.967539,loss_recon:0.053661

9000-loss_z:7.411483,accu:0.43038,loss_recon:0.104866

9200-loss_z:0.193693,accu:0.968939,loss_recon:0.053091

9200-loss_z:7.526354,accu:0.443038,loss_recon:0.106742

9400-loss_z:0.189548,accu:0.967565,loss_recon:0.052829

9400-loss_z:7.732235,accu:0.43038,loss_recon:0.103253

9600-loss_z:0.183812,accu:0.969928,loss_recon:0.052306

9600-loss_z:7.865274,accu:0.43038,loss_recon:0.105452

9800-loss_z:0.17711,accu:0.974167,loss_recon:0.052594

9800-loss_z:8.019465,accu:0.43038,loss_recon:0.104231

10000-loss_z:0.172169,accu:0.975846,loss_recon:0.052128

10000-loss_z:8.200146,accu:0.443038,loss_recon:0.105516

10200-loss_z:0.168819,accu:0.979818,loss_recon:0.052929

10200-loss_z:8.344241,accu:0.443038,loss_recon:0.106175

10400-loss_z:0.165418,accu:0.979811,loss_recon:0.051868

10400-loss_z:8.552271,accu:0.43038,loss_recon:0.104971

10600-loss_z:0.158139,accu:0.979121,loss_recon:0.051805

10600-loss_z:8.777043,accu:0.443038,loss_recon:0.106429

10800-loss_z:0.154098,accu:0.983411,loss_recon:0.052073

10800-loss_z:8.933122,accu:0.443038,loss_recon:0.104686

11000-loss_z:0.147537,accu:0.986172,loss_recon:0.051465

11000-loss_z:9.158427,accu:0.443038,loss_recon:0.105111

11200-loss_z:0.146213,accu:0.987357,loss_recon:0.050929

11200-loss_z:9.358221,accu:0.443038,loss_recon:0.108222

11400-loss_z:0.140915,accu:0.988997,loss_recon:0.051352

11400-loss_z:9.581249,accu:0.443038,loss_recon:0.105878

11600-loss_z:0.137872,accu:0.989857,loss_recon:0.051106

11600-loss_z:9.774812,accu:0.43038,loss_recon:0.105524

11800-loss_z:0.131488,accu:0.990117,loss_recon:0.051159

11800-loss_z:9.95856,accu:0.43038,loss_recon:0.10558

12000-loss_z:0.12793,accu:0.991771,loss_recon:0.050634

12000-loss_z:10.165854,accu:0.443038,loss_recon:0.105726

12200-loss_z:0.125612,accu:0.994141,loss_recon:0.050862

12200-loss_z:10.334833,accu:0.43038,loss_recon:0.106444

12400-loss_z:0.121428,accu:0.99416,loss_recon:0.050508

12400-loss_z:10.552775,accu:0.468354,loss_recon:0.108906

12600-loss_z:0.117123,accu:0.995137,loss_recon:0.050416

12600-loss_z:10.777387,accu:0.481013,loss_recon:0.106331

12800-loss_z:0.113537,accu:0.995547,loss_recon:0.050192

12800-loss_z:10.99244,accu:0.443038,loss_recon:0.106919

13000-loss_z:0.110916,accu:0.995645,loss_recon:0.050348

13000-loss_z:11.218352,accu:0.468354,loss_recon:0.10878

13200-loss_z:0.106815,accu:0.997676,loss_recon:0.049896

13200-loss_z:11.489415,accu:0.455696,loss_recon:0.107013

13400-loss_z:0.104652,accu:0.998704,loss_recon:0.050188

13400-loss_z:11.730162,accu:0.481013,loss_recon:0.10636

13600-loss_z:0.099781,accu:0.999271,loss_recon:0.049543

13600-loss_z:11.990949,accu:0.481013,loss_recon:0.107013

13800-loss_z:0.096332,accu:0.999857,loss_recon:0.049212

13800-loss_z:12.267955,accu:0.493671,loss_recon:0.109285

14000-loss_z:0.091845,accu:0.999779,loss_recon:0.049307

14000-loss_z:12.601401,accu:0.481013,loss_recon:0.107422

14200-loss_z:0.089038,accu:0.999818,loss_recon:0.049529

14200-loss_z:12.871612,accu:0.481013,loss_recon:0.106763

14400-loss_z:0.084955,accu:0.999779,loss_recon:0.049412

14400-loss_z:13.114659,accu:0.481013,loss_recon:0.109032

14600-loss_z:0.081744,accu:1.0,loss_recon:0.049483

14600-loss_z:13.340919,accu:0.493671,loss_recon:0.110287

14800-loss_z:0.080035,accu:0.999857,loss_recon:0.048636

14800-loss_z:13.577883,accu:0.468354,loss_recon:0.109535

15000-loss_z:0.076033,accu:0.999798,loss_recon:0.049055

15000-loss_z:13.90345,accu:0.493671,loss_recon:0.112213

15200-loss_z:0.07446,accu:0.999876,loss_recon:0.048992

15200-loss_z:14.182799,accu:0.481013,loss_recon:0.109153

15400-loss_z:0.070531,accu:0.999941,loss_recon:0.048685

15400-loss_z:14.491954,accu:0.481013,loss_recon:0.108288

15600-loss_z:0.067794,accu:0.999896,loss_recon:0.048697

15600-loss_z:14.789985,accu:0.481013,loss_recon:0.107466

15800-loss_z:0.066578,accu:1.0,loss_recon:0.048301

15800-loss_z:15.145278,accu:0.481013,loss_recon:0.108836

16000-loss_z:0.063863,accu:1.0,loss_recon:0.048308

16000-loss_z:15.444039,accu:0.506329,loss_recon:0.109499

16200-loss_z:0.061199,accu:1.0,loss_recon:0.049074

16200-loss_z:15.707475,accu:0.493671,loss_recon:0.109297

16400-loss_z:0.058491,accu:0.99998,loss_recon:0.04838

16400-loss_z:16.021223,accu:0.506329,loss_recon:0.108288

16600-loss_z:0.056372,accu:1.0,loss_recon:0.048598

16600-loss_z:16.330669,accu:0.493671,loss_recon:0.108754

16800-loss_z:0.054992,accu:1.0,loss_recon:0.048134

16800-loss_z:16.631401,accu:0.493671,loss_recon:0.109733

17000-loss_z:0.05167,accu:1.0,loss_recon:0.048157

17000-loss_z:16.860895,accu:0.493671,loss_recon:0.110761

17200-loss_z:0.050178,accu:1.0,loss_recon:0.048046

17200-loss_z:17.163635,accu:0.506329,loss_recon:0.110888

17400-loss_z:0.048198,accu:1.0,loss_recon:0.048174

17400-loss_z:17.434134,accu:0.493671,loss_recon:0.111055

17600-loss_z:0.046672,accu:1.0,loss_recon:0.048374

17600-loss_z:17.758526,accu:0.506329,loss_recon:0.110864

17800-loss_z:0.045087,accu:1.0,loss_recon:0.047964

17800-loss_z:17.969152,accu:0.493671,loss_recon:0.112958

18000-loss_z:0.043515,accu:1.0,loss_recon:0.047383

18000-loss_z:18.182695,accu:0.481013,loss_recon:0.113122

18200-loss_z:0.041126,accu:1.0,loss_recon:0.047761

18200-loss_z:18.397051,accu:0.481013,loss_recon:0.109542

18400-loss_z:0.03932,accu:1.0,loss_recon:0.047648

18400-loss_z:18.555157,accu:0.481013,loss_recon:0.112444

18600-loss_z:0.037889,accu:1.0,loss_recon:0.047685

18600-loss_z:18.65851,accu:0.493671,loss_recon:0.113372

18800-loss_z:0.036947,accu:1.0,loss_recon:0.047332

18800-loss_z:18.851753,accu:0.493671,loss_recon:0.112073

19000-loss_z:0.035687,accu:1.0,loss_recon:0.047119

19000-loss_z:18.973103,accu:0.493671,loss_recon:0.112243

19200-loss_z:0.034285,accu:1.0,loss_recon:0.047735

19200-loss_z:19.163298,accu:0.493671,loss_recon:0.112171

19400-loss_z:0.033028,accu:1.0,loss_recon:0.047525

19400-loss_z:19.274992,accu:0.493671,loss_recon:0.11576

19600-loss_z:0.031315,accu:1.0,loss_recon:0.047312

19600-loss_z:19.411699,accu:0.506329,loss_recon:0.113739

19800-loss_z:0.030662,accu:1.0,loss_recon:0.047017

19800-loss_z:19.592583,accu:0.468354,loss_recon:0.110789

20000-loss_z:0.029745,accu:1.0,loss_recon:0.046828

20000-loss_z:19.764648,accu:0.468354,loss_recon:0.110526

Continue training
New FC model is initialized
200-loss_z:2.615274,accu:0.17365,loss_recon:0.947407

200-loss_z:2.657805,accu:0.075949,loss_recon:0.454671

400-loss_z:1.905793,accu:0.347402,loss_recon:0.280017

400-loss_z:2.389769,accu:0.113924,loss_recon:0.251709

600-loss_z:1.55291,accu:0.50278,loss_recon:0.163981

600-loss_z:2.328709,accu:0.189873,loss_recon:0.212415

800-loss_z:1.342211,accu:0.582767,loss_recon:0.126355

800-loss_z:2.353327,accu:0.189873,loss_recon:0.198916

1000-loss_z:1.198405,accu:0.644941,loss_recon:0.113306

1000-loss_z:2.394079,accu:0.291139,loss_recon:0.189915

1200-loss_z:1.088423,accu:0.702826,loss_recon:0.106072

1200-loss_z:2.482384,accu:0.253165,loss_recon:0.182829

1400-loss_z:1.001726,accu:0.726276,loss_recon:0.10132

1400-loss_z:2.577945,accu:0.278481,loss_recon:0.181977

1600-loss_z:0.937302,accu:0.737734,loss_recon:0.09866

1600-loss_z:2.660092,accu:0.303797,loss_recon:0.17652

1800-loss_z:0.873483,accu:0.7636,loss_recon:0.0944

1800-loss_z:2.745472,accu:0.367089,loss_recon:0.172759

2000-loss_z:0.821059,accu:0.780345,loss_recon:0.091464

2000-loss_z:2.824564,accu:0.316456,loss_recon:0.173091

2200-loss_z:0.775128,accu:0.793405,loss_recon:0.089443

2200-loss_z:2.965348,accu:0.341772,loss_recon:0.167731

2400-loss_z:0.732618,accu:0.811191,loss_recon:0.085759

2400-loss_z:3.054173,accu:0.367089,loss_recon:0.167041

2600-loss_z:0.696307,accu:0.81127,loss_recon:0.083917

2600-loss_z:3.149291,accu:0.367089,loss_recon:0.161921

2800-loss_z:0.663792,accu:0.816413,loss_recon:0.081712

2800-loss_z:3.299012,accu:0.417722,loss_recon:0.16118

3000-loss_z:0.632948,accu:0.824134,loss_recon:0.080153

3000-loss_z:3.393459,accu:0.405063,loss_recon:0.15366

3200-loss_z:0.601155,accu:0.835605,loss_recon:0.075611

3200-loss_z:3.553188,accu:0.417722,loss_recon:0.150513

3400-loss_z:0.580184,accu:0.835378,loss_recon:0.073547

3400-loss_z:3.651818,accu:0.417722,loss_recon:0.146062

3600-loss_z:0.556417,accu:0.840573,loss_recon:0.071229

3600-loss_z:3.7908,accu:0.455696,loss_recon:0.143857

3800-loss_z:0.535319,accu:0.849453,loss_recon:0.069335

3800-loss_z:3.901828,accu:0.455696,loss_recon:0.144175

4000-loss_z:0.513182,accu:0.855267,loss_recon:0.068346

4000-loss_z:4.054677,accu:0.443038,loss_recon:0.139751

4200-loss_z:0.497019,accu:0.862754,loss_recon:0.066767

4200-loss_z:4.199443,accu:0.455696,loss_recon:0.137632

4400-loss_z:0.473948,accu:0.883867,loss_recon:0.065705

4400-loss_z:4.328961,accu:0.43038,loss_recon:0.140473

4600-loss_z:0.456799,accu:0.88806,loss_recon:0.06509

4600-loss_z:4.436634,accu:0.443038,loss_recon:0.14038

4800-loss_z:0.444831,accu:0.891413,loss_recon:0.064812

4800-loss_z:4.554906,accu:0.455696,loss_recon:0.141133

5000-loss_z:0.426723,accu:0.901309,loss_recon:0.063082

5000-loss_z:4.723889,accu:0.443038,loss_recon:0.141194

5200-loss_z:0.416352,accu:0.902897,loss_recon:0.062309

5200-loss_z:4.87371,accu:0.468354,loss_recon:0.140301

5400-loss_z:0.400244,accu:0.903288,loss_recon:0.062219

5400-loss_z:4.985945,accu:0.455696,loss_recon:0.139609

5600-loss_z:0.387653,accu:0.911244,loss_recon:0.060516

5600-loss_z:5.171145,accu:0.455696,loss_recon:0.137364

5800-loss_z:0.374008,accu:0.91571,loss_recon:0.060753

5800-loss_z:5.264536,accu:0.468354,loss_recon:0.14272

6000-loss_z:0.360551,accu:0.917806,loss_recon:0.059691

6000-loss_z:5.433874,accu:0.468354,loss_recon:0.141533

6200-loss_z:0.35335,accu:0.918646,loss_recon:0.059169

6200-loss_z:5.582629,accu:0.481013,loss_recon:0.138927

6400-loss_z:0.341627,accu:0.922669,loss_recon:0.0588

6400-loss_z:5.693821,accu:0.468354,loss_recon:0.142371

6600-loss_z:0.327371,accu:0.923542,loss_recon:0.057953

6600-loss_z:5.85106,accu:0.481013,loss_recon:0.141141

6800-loss_z:0.319415,accu:0.928548,loss_recon:0.058107

6800-loss_z:5.99862,accu:0.468354,loss_recon:0.142527

7000-loss_z:0.309776,accu:0.927441,loss_recon:0.057675

7000-loss_z:6.148536,accu:0.481013,loss_recon:0.140242

7200-loss_z:0.303671,accu:0.927337,loss_recon:0.057095

7200-loss_z:6.283793,accu:0.493671,loss_recon:0.141357

7400-loss_z:0.289124,accu:0.932565,loss_recon:0.057486

7400-loss_z:6.435387,accu:0.455696,loss_recon:0.143877

7600-loss_z:0.283773,accu:0.932474,loss_recon:0.056829

7600-loss_z:6.601592,accu:0.493671,loss_recon:0.144635

7800-loss_z:0.277842,accu:0.932995,loss_recon:0.057122

7800-loss_z:6.698285,accu:0.481013,loss_recon:0.142598

8000-loss_z:0.267814,accu:0.941797,loss_recon:0.056006

8000-loss_z:6.861959,accu:0.468354,loss_recon:0.140327

8200-loss_z:0.261947,accu:0.946992,loss_recon:0.05641

8200-loss_z:7.026283,accu:0.481013,loss_recon:0.141906

8400-loss_z:0.256186,accu:0.948366,loss_recon:0.055382

8400-loss_z:7.153483,accu:0.455696,loss_recon:0.13869

8600-loss_z:0.246614,accu:0.951361,loss_recon:0.05547

8600-loss_z:7.322966,accu:0.481013,loss_recon:0.137442

8800-loss_z:0.241294,accu:0.9511,loss_recon:0.054949

8800-loss_z:7.436172,accu:0.468354,loss_recon:0.139521

9000-loss_z:0.234888,accu:0.952227,loss_recon:0.05473

9000-loss_z:7.595637,accu:0.493671,loss_recon:0.139684

9200-loss_z:0.228964,accu:0.955091,loss_recon:0.054307

9200-loss_z:7.741507,accu:0.468354,loss_recon:0.141721

9400-loss_z:0.224687,accu:0.958548,loss_recon:0.053719

9400-loss_z:7.927999,accu:0.493671,loss_recon:0.141561

9600-loss_z:0.21678,accu:0.958411,loss_recon:0.053745

9600-loss_z:8.048399,accu:0.455696,loss_recon:0.137034

9800-loss_z:0.209998,accu:0.965527,loss_recon:0.053447

9800-loss_z:8.217318,accu:0.443038,loss_recon:0.139396

10000-loss_z:0.204217,accu:0.9661,loss_recon:0.053561

10000-loss_z:8.384793,accu:0.481013,loss_recon:0.139036

10200-loss_z:0.199451,accu:0.965404,loss_recon:0.052628

10200-loss_z:8.580281,accu:0.468354,loss_recon:0.140234

10400-loss_z:0.195995,accu:0.965443,loss_recon:0.052974

10400-loss_z:8.743218,accu:0.455696,loss_recon:0.141073

10600-loss_z:0.188865,accu:0.970182,loss_recon:0.052503

10600-loss_z:8.909226,accu:0.468354,loss_recon:0.137779

10800-loss_z:0.187439,accu:0.967708,loss_recon:0.052753

10800-loss_z:9.1074,accu:0.468354,loss_recon:0.138486

11000-loss_z:0.181821,accu:0.97347,loss_recon:0.051984

11000-loss_z:9.254714,accu:0.455696,loss_recon:0.138552

11200-loss_z:0.17538,accu:0.972617,loss_recon:0.051879

11200-loss_z:9.414479,accu:0.481013,loss_recon:0.133259

11400-loss_z:0.170671,accu:0.976237,loss_recon:0.052099

11400-loss_z:9.568806,accu:0.455696,loss_recon:0.136637

11600-loss_z:0.168151,accu:0.976947,loss_recon:0.051739

11600-loss_z:9.7281,accu:0.455696,loss_recon:0.137267

11800-loss_z:0.163019,accu:0.978099,loss_recon:0.052042

11800-loss_z:9.951071,accu:0.443038,loss_recon:0.137954

12000-loss_z:0.16266,accu:0.977337,loss_recon:0.051713

12000-loss_z:10.092501,accu:0.443038,loss_recon:0.135769

12200-loss_z:0.158809,accu:0.979525,loss_recon:0.051985

12200-loss_z:10.26275,accu:0.443038,loss_recon:0.142309

12400-loss_z:0.152245,accu:0.979154,loss_recon:0.051414

12400-loss_z:10.396132,accu:0.443038,loss_recon:0.138963

12600-loss_z:0.151177,accu:0.981413,loss_recon:0.051667

12600-loss_z:10.583358,accu:0.443038,loss_recon:0.135947

12800-loss_z:0.146357,accu:0.983125,loss_recon:0.051023

12800-loss_z:10.745757,accu:0.443038,loss_recon:0.138666

13000-loss_z:0.143431,accu:0.982168,loss_recon:0.051547

13000-loss_z:10.930715,accu:0.43038,loss_recon:0.139419

13200-loss_z:0.14098,accu:0.983411,loss_recon:0.051526

13200-loss_z:11.082706,accu:0.43038,loss_recon:0.135882

13400-loss_z:0.136967,accu:0.984512,loss_recon:0.051565

13400-loss_z:11.188473,accu:0.443038,loss_recon:0.13951

13600-loss_z:0.134558,accu:0.984609,loss_recon:0.051534

13600-loss_z:11.385085,accu:0.43038,loss_recon:0.138593

13800-loss_z:0.131573,accu:0.98666,loss_recon:0.051399

13800-loss_z:11.570529,accu:0.43038,loss_recon:0.136045

14000-loss_z:0.127417,accu:0.986764,loss_recon:0.050916

14000-loss_z:11.727365,accu:0.443038,loss_recon:0.137944

14200-loss_z:0.125407,accu:0.987598,loss_recon:0.051297

14200-loss_z:11.85088,accu:0.43038,loss_recon:0.136076

14400-loss_z:0.121435,accu:0.98696,loss_recon:0.051236

14400-loss_z:12.046732,accu:0.443038,loss_recon:0.137632

14600-loss_z:0.119435,accu:0.988047,loss_recon:0.050891

14600-loss_z:12.149428,accu:0.455696,loss_recon:0.137739

14800-loss_z:0.117385,accu:0.988112,loss_recon:0.051294

14800-loss_z:12.321356,accu:0.455696,loss_recon:0.136588

15000-loss_z:0.113832,accu:0.98862,loss_recon:0.049945

15000-loss_z:12.422487,accu:0.455696,loss_recon:0.135729

15200-loss_z:0.111089,accu:0.988112,loss_recon:0.050082

15200-loss_z:12.604376,accu:0.455696,loss_recon:0.133056

15400-loss_z:0.108313,accu:0.991042,loss_recon:0.049196

15400-loss_z:12.744246,accu:0.468354,loss_recon:0.132984

15600-loss_z:0.105623,accu:0.990749,loss_recon:0.048538

15600-loss_z:12.912498,accu:0.468354,loss_recon:0.132864

15800-loss_z:0.105473,accu:0.98875,loss_recon:0.048225

15800-loss_z:13.098438,accu:0.455696,loss_recon:0.129914

16000-loss_z:0.101381,accu:0.991243,loss_recon:0.04872

16000-loss_z:13.221913,accu:0.455696,loss_recon:0.13034

16200-loss_z:0.102104,accu:0.98929,loss_recon:0.048551

16200-loss_z:13.37221,accu:0.443038,loss_recon:0.133237

16400-loss_z:0.096918,accu:0.991452,loss_recon:0.048717

16400-loss_z:13.551307,accu:0.455696,loss_recon:0.130311

16600-loss_z:0.096734,accu:0.991309,loss_recon:0.048069

16600-loss_z:13.694956,accu:0.455696,loss_recon:0.131547

16800-loss_z:0.095775,accu:0.991445,loss_recon:0.048362

16800-loss_z:13.847711,accu:0.455696,loss_recon:0.13356

17000-loss_z:0.093047,accu:0.991178,loss_recon:0.047861

17000-loss_z:13.987025,accu:0.468354,loss_recon:0.132281

17200-loss_z:0.090696,accu:0.990586,loss_recon:0.047859

17200-loss_z:14.142682,accu:0.468354,loss_recon:0.133296

17400-loss_z:0.088881,accu:0.990378,loss_recon:0.047927

17400-loss_z:14.323389,accu:0.455696,loss_recon:0.135793

17600-loss_z:0.086164,accu:0.991536,loss_recon:0.047694

17600-loss_z:14.439932,accu:0.481013,loss_recon:0.13391

17800-loss_z:0.083169,accu:0.991647,loss_recon:0.047756

17800-loss_z:14.637028,accu:0.455696,loss_recon:0.131548

18000-loss_z:0.082265,accu:0.991973,loss_recon:0.047365

18000-loss_z:14.76397,accu:0.481013,loss_recon:0.128912

18200-loss_z:0.080814,accu:0.992142,loss_recon:0.047974

18200-loss_z:14.923081,accu:0.468354,loss_recon:0.129959

18400-loss_z:0.078937,accu:0.993001,loss_recon:0.047394

18400-loss_z:15.047714,accu:0.481013,loss_recon:0.132152

18600-loss_z:0.077618,accu:0.993079,loss_recon:0.047438

18600-loss_z:15.213441,accu:0.481013,loss_recon:0.128706

18800-loss_z:0.076167,accu:0.992982,loss_recon:0.047359

18800-loss_z:15.361794,accu:0.493671,loss_recon:0.132839

19000-loss_z:0.075254,accu:0.993965,loss_recon:0.047079

19000-loss_z:15.525563,accu:0.493671,loss_recon:0.129399

19200-loss_z:0.072746,accu:0.994499,loss_recon:0.047337

19200-loss_z:15.671153,accu:0.481013,loss_recon:0.131264

19400-loss_z:0.07096,accu:0.993568,loss_recon:0.046702

19400-loss_z:15.843843,accu:0.493671,loss_recon:0.131963

19600-loss_z:0.070614,accu:0.994043,loss_recon:0.047095

19600-loss_z:16.017904,accu:0.481013,loss_recon:0.133368

19800-loss_z:0.068765,accu:0.994974,loss_recon:0.047218

19800-loss_z:16.169371,accu:0.506329,loss_recon:0.13447

20000-loss_z:0.066472,accu:0.996263,loss_recon:0.047052

20000-loss_z:16.30798,accu:0.506329,loss_recon:0.133808

Continue training
New FC model is initialized
200-loss_z:2.53862,accu:0.184021,loss_recon:0.945382

200-loss_z:2.594051,accu:0.037975,loss_recon:0.534854

400-loss_z:1.95089,accu:0.33472,loss_recon:0.297293

400-loss_z:2.476618,accu:0.101266,loss_recon:0.266244

600-loss_z:1.682815,accu:0.409453,loss_recon:0.164124

600-loss_z:2.430186,accu:0.139241,loss_recon:0.18976

800-loss_z:1.498248,accu:0.481445,loss_recon:0.125999

800-loss_z:2.406444,accu:0.202532,loss_recon:0.163504

1000-loss_z:1.34967,accu:0.554395,loss_recon:0.110603

1000-loss_z:2.393863,accu:0.202532,loss_recon:0.150823

1200-loss_z:1.240992,accu:0.586686,loss_recon:0.101794

1200-loss_z:2.442344,accu:0.253165,loss_recon:0.14695

1400-loss_z:1.145936,accu:0.621283,loss_recon:0.093424

1400-loss_z:2.484544,accu:0.291139,loss_recon:0.138085

1600-loss_z:1.058007,accu:0.667064,loss_recon:0.087694

1600-loss_z:2.557513,accu:0.303797,loss_recon:0.141925

1800-loss_z:0.992808,accu:0.680111,loss_recon:0.083973

1800-loss_z:2.622579,accu:0.341772,loss_recon:0.135107

2000-loss_z:0.927568,accu:0.706361,loss_recon:0.081661

2000-loss_z:2.72101,accu:0.35443,loss_recon:0.137619

2200-loss_z:0.873545,accu:0.733177,loss_recon:0.078891

2200-loss_z:2.804952,accu:0.316456,loss_recon:0.1378

2400-loss_z:0.828362,accu:0.750078,loss_recon:0.076266

2400-loss_z:2.881161,accu:0.329114,loss_recon:0.135967

2600-loss_z:0.784806,accu:0.766608,loss_recon:0.074956

2600-loss_z:2.969998,accu:0.367089,loss_recon:0.140926

2800-loss_z:0.74144,accu:0.803529,loss_recon:0.074541

2800-loss_z:3.051785,accu:0.367089,loss_recon:0.137707

3000-loss_z:0.706164,accu:0.815827,loss_recon:0.07407

3000-loss_z:3.156456,accu:0.329114,loss_recon:0.13584

3200-loss_z:0.675904,accu:0.826159,loss_recon:0.072378

3200-loss_z:3.258407,accu:0.367089,loss_recon:0.135502

3400-loss_z:0.647691,accu:0.835059,loss_recon:0.071229

3400-loss_z:3.314366,accu:0.379747,loss_recon:0.13781

3600-loss_z:0.615291,accu:0.839264,loss_recon:0.070975

3600-loss_z:3.451283,accu:0.379747,loss_recon:0.13449

3800-loss_z:0.590946,accu:0.851452,loss_recon:0.069812

3800-loss_z:3.533681,accu:0.367089,loss_recon:0.135419

4000-loss_z:0.567457,accu:0.852005,loss_recon:0.068708

4000-loss_z:3.632569,accu:0.379747,loss_recon:0.130266

4200-loss_z:0.542519,accu:0.859915,loss_recon:0.068532

4200-loss_z:3.727579,accu:0.392405,loss_recon:0.130487

4400-loss_z:0.524679,accu:0.875091,loss_recon:0.067428

4400-loss_z:3.802569,accu:0.367089,loss_recon:0.132773

4600-loss_z:0.508059,accu:0.875085,loss_recon:0.066892

4600-loss_z:3.899975,accu:0.392405,loss_recon:0.12886

4800-loss_z:0.487613,accu:0.890501,loss_recon:0.066142

4800-loss_z:4.027184,accu:0.379747,loss_recon:0.130413

5000-loss_z:0.468061,accu:0.895586,loss_recon:0.064591

5000-loss_z:4.149006,accu:0.392405,loss_recon:0.1292

5200-loss_z:0.454741,accu:0.903314,loss_recon:0.063764

5200-loss_z:4.255401,accu:0.405063,loss_recon:0.12867

5400-loss_z:0.440615,accu:0.904811,loss_recon:0.062841

5400-loss_z:4.346744,accu:0.43038,loss_recon:0.126138

5600-loss_z:0.424256,accu:0.911361,loss_recon:0.062516

5600-loss_z:4.509826,accu:0.417722,loss_recon:0.125917

5800-loss_z:0.411882,accu:0.9136,loss_recon:0.062464

5800-loss_z:4.596301,accu:0.417722,loss_recon:0.127131

6000-loss_z:0.396786,accu:0.91582,loss_recon:0.061088

6000-loss_z:4.753018,accu:0.43038,loss_recon:0.122471

6200-loss_z:0.382052,accu:0.922357,loss_recon:0.059942

6200-loss_z:4.864375,accu:0.417722,loss_recon:0.125918

6400-loss_z:0.374312,accu:0.928464,loss_recon:0.060521

6400-loss_z:5.000239,accu:0.405063,loss_recon:0.124019

6600-loss_z:0.362303,accu:0.92431,loss_recon:0.060526

6600-loss_z:5.1592,accu:0.417722,loss_recon:0.124087

6800-loss_z:0.347962,accu:0.934863,loss_recon:0.060202

6800-loss_z:5.296238,accu:0.417722,loss_recon:0.124572

7000-loss_z:0.340753,accu:0.92903,loss_recon:0.06006

7000-loss_z:5.440724,accu:0.417722,loss_recon:0.123033

7200-loss_z:0.328143,accu:0.934915,loss_recon:0.059106

7200-loss_z:5.614523,accu:0.417722,loss_recon:0.120334

7400-loss_z:0.321637,accu:0.937526,loss_recon:0.059452

7400-loss_z:5.773795,accu:0.443038,loss_recon:0.119739

7600-loss_z:0.31204,accu:0.938092,loss_recon:0.05907

7600-loss_z:5.927748,accu:0.43038,loss_recon:0.121035

7800-loss_z:0.303184,accu:0.941608,loss_recon:0.058012

7800-loss_z:6.07152,accu:0.43038,loss_recon:0.117623

8000-loss_z:0.292013,accu:0.945449,loss_recon:0.058761

8000-loss_z:6.234904,accu:0.43038,loss_recon:0.120875

8200-loss_z:0.286984,accu:0.94694,loss_recon:0.058087

8200-loss_z:6.441185,accu:0.417722,loss_recon:0.123234

8400-loss_z:0.279678,accu:0.948613,loss_recon:0.058314

8400-loss_z:6.585098,accu:0.392405,loss_recon:0.120479

8600-loss_z:0.269849,accu:0.954225,loss_recon:0.0578

8600-loss_z:6.778929,accu:0.417722,loss_recon:0.119207

8800-loss_z:0.263403,accu:0.956699,loss_recon:0.05746

8800-loss_z:6.978587,accu:0.392405,loss_recon:0.120203

9000-loss_z:0.255897,accu:0.955332,loss_recon:0.057195

9000-loss_z:7.199622,accu:0.405063,loss_recon:0.11862

9200-loss_z:0.251092,accu:0.958294,loss_recon:0.057461

9200-loss_z:7.377121,accu:0.405063,loss_recon:0.119102

9400-loss_z:0.245193,accu:0.958874,loss_recon:0.057039

9400-loss_z:7.639688,accu:0.405063,loss_recon:0.119516

9600-loss_z:0.239294,accu:0.963802,loss_recon:0.056915

9600-loss_z:7.883646,accu:0.405063,loss_recon:0.120604

9800-loss_z:0.234789,accu:0.961016,loss_recon:0.056583

9800-loss_z:8.202951,accu:0.417722,loss_recon:0.119417

10000-loss_z:0.228521,accu:0.969043,loss_recon:0.056387

10000-loss_z:8.465304,accu:0.392405,loss_recon:0.11803

10200-loss_z:0.219473,accu:0.969948,loss_recon:0.056423

10200-loss_z:8.731516,accu:0.392405,loss_recon:0.117492

10400-loss_z:0.216154,accu:0.973411,loss_recon:0.05623

10400-loss_z:9.015491,accu:0.417722,loss_recon:0.116968

10600-loss_z:0.211856,accu:0.972103,loss_recon:0.05523

10600-loss_z:9.315744,accu:0.417722,loss_recon:0.11813

10800-loss_z:0.207684,accu:0.975898,loss_recon:0.055848

10800-loss_z:9.648804,accu:0.417722,loss_recon:0.117253

11000-loss_z:0.202023,accu:0.974844,loss_recon:0.055039

11000-loss_z:9.998898,accu:0.392405,loss_recon:0.114634

11200-loss_z:0.195017,accu:0.97403,loss_recon:0.054604

11200-loss_z:10.314369,accu:0.392405,loss_recon:0.117599

11400-loss_z:0.191942,accu:0.97571,loss_recon:0.054413

11400-loss_z:10.721254,accu:0.405063,loss_recon:0.117541

11600-loss_z:0.184797,accu:0.978125,loss_recon:0.054727

11600-loss_z:11.099946,accu:0.405063,loss_recon:0.116619

11800-loss_z:0.182807,accu:0.977988,loss_recon:0.054445

11800-loss_z:11.451909,accu:0.392405,loss_recon:0.117537

12000-loss_z:0.179325,accu:0.978145,loss_recon:0.05396

12000-loss_z:11.874019,accu:0.405063,loss_recon:0.120282

12200-loss_z:0.173642,accu:0.980885,loss_recon:0.054703

12200-loss_z:12.26334,accu:0.392405,loss_recon:0.116894

12400-loss_z:0.170553,accu:0.982695,loss_recon:0.054109

12400-loss_z:12.529166,accu:0.405063,loss_recon:0.117913

12600-loss_z:0.166857,accu:0.981589,loss_recon:0.053621

12600-loss_z:12.878251,accu:0.405063,loss_recon:0.119056

12800-loss_z:0.162621,accu:0.985182,loss_recon:0.054067

12800-loss_z:13.275164,accu:0.405063,loss_recon:0.114855

13000-loss_z:0.160083,accu:0.98429,loss_recon:0.053417

13000-loss_z:13.58941,accu:0.417722,loss_recon:0.11586

13200-loss_z:0.155006,accu:0.985111,loss_recon:0.053671

13200-loss_z:13.949909,accu:0.417722,loss_recon:0.115273

13400-loss_z:0.153662,accu:0.985234,loss_recon:0.053877

13400-loss_z:14.32675,accu:0.405063,loss_recon:0.114786

13600-loss_z:0.149318,accu:0.984277,loss_recon:0.052849

13600-loss_z:14.599691,accu:0.417722,loss_recon:0.115076

13800-loss_z:0.146063,accu:0.986055,loss_recon:0.053028

13800-loss_z:14.950294,accu:0.405063,loss_recon:0.115677

14000-loss_z:0.143188,accu:0.986387,loss_recon:0.052854

14000-loss_z:15.264464,accu:0.405063,loss_recon:0.114664

14200-loss_z:0.13817,accu:0.986491,loss_recon:0.052496

14200-loss_z:15.586364,accu:0.392405,loss_recon:0.115681

14400-loss_z:0.136951,accu:0.988314,loss_recon:0.053014

14400-loss_z:15.864536,accu:0.417722,loss_recon:0.116034

14600-loss_z:0.134017,accu:0.988177,loss_recon:0.052509

14600-loss_z:16.150511,accu:0.392405,loss_recon:0.11575

14800-loss_z:0.129529,accu:0.988828,loss_recon:0.052411

14800-loss_z:16.424156,accu:0.392405,loss_recon:0.113351

15000-loss_z:0.125402,accu:0.989505,loss_recon:0.052035

15000-loss_z:16.625996,accu:0.392405,loss_recon:0.116575

15200-loss_z:0.123962,accu:0.98987,loss_recon:0.052351

15200-loss_z:16.805008,accu:0.367089,loss_recon:0.114822

15400-loss_z:0.121024,accu:0.990085,loss_recon:0.052535

15400-loss_z:16.917917,accu:0.35443,loss_recon:0.115285

15600-loss_z:0.117742,accu:0.992324,loss_recon:0.052269

15600-loss_z:17.013529,accu:0.35443,loss_recon:0.11385

15800-loss_z:0.115532,accu:0.991686,loss_recon:0.052207

15800-loss_z:17.120729,accu:0.35443,loss_recon:0.113483

16000-loss_z:0.112987,accu:0.993509,loss_recon:0.051935

16000-loss_z:17.271305,accu:0.35443,loss_recon:0.115799

16200-loss_z:0.107862,accu:0.993561,loss_recon:0.051925

16200-loss_z:17.386673,accu:0.35443,loss_recon:0.114426

16400-loss_z:0.107415,accu:0.994727,loss_recon:0.051667

16400-loss_z:17.607157,accu:0.35443,loss_recon:0.115638

16600-loss_z:0.103661,accu:0.994889,loss_recon:0.051931

16600-loss_z:17.724566,accu:0.379747,loss_recon:0.115487

16800-loss_z:0.103519,accu:0.995475,loss_recon:0.051848

16800-loss_z:17.848066,accu:0.367089,loss_recon:0.114573

17000-loss_z:0.098165,accu:0.996029,loss_recon:0.051749

17000-loss_z:18.034153,accu:0.367089,loss_recon:0.116147

17200-loss_z:0.096928,accu:0.996152,loss_recon:0.051527

17200-loss_z:18.14922,accu:0.367089,loss_recon:0.118181

17400-loss_z:0.093477,accu:0.995534,loss_recon:0.051556

17400-loss_z:18.286674,accu:0.367089,loss_recon:0.115418

17600-loss_z:0.091951,accu:0.997695,loss_recon:0.052083

17600-loss_z:18.407467,accu:0.379747,loss_recon:0.115399

17800-loss_z:0.088604,accu:0.996419,loss_recon:0.051178

17800-loss_z:18.530378,accu:0.392405,loss_recon:0.115918

18000-loss_z:0.086545,accu:0.997487,loss_recon:0.051377

18000-loss_z:18.732861,accu:0.35443,loss_recon:0.113173

18200-loss_z:0.084803,accu:0.997448,loss_recon:0.051608

18200-loss_z:18.88801,accu:0.341772,loss_recon:0.117298

18400-loss_z:0.082487,accu:0.997845,loss_recon:0.051155

18400-loss_z:18.951693,accu:0.35443,loss_recon:0.112185

18600-loss_z:0.07975,accu:0.997878,loss_recon:0.050927

18600-loss_z:19.114264,accu:0.367089,loss_recon:0.114961

18800-loss_z:0.07843,accu:0.998177,loss_recon:0.051397

18800-loss_z:19.296137,accu:0.379747,loss_recon:0.11303

19000-loss_z:0.075256,accu:0.999349,loss_recon:0.050644

19000-loss_z:19.373022,accu:0.379747,loss_recon:0.113454

19200-loss_z:0.074912,accu:0.998555,loss_recon:0.050966

19200-loss_z:19.534882,accu:0.392405,loss_recon:0.114109

19400-loss_z:0.072837,accu:0.999206,loss_recon:0.050712

19400-loss_z:19.691532,accu:0.379747,loss_recon:0.112803

19600-loss_z:0.070245,accu:1.0,loss_recon:0.051156

19600-loss_z:19.904041,accu:0.379747,loss_recon:0.113743

19800-loss_z:0.068634,accu:0.999258,loss_recon:0.050744

19800-loss_z:19.997334,accu:0.367089,loss_recon:0.114117

20000-loss_z:0.067779,accu:0.999655,loss_recon:0.050579

20000-loss_z:20.195574,accu:0.367089,loss_recon:0.114005

Continue training
New FC model is initialized
200-loss_z:2.552683,accu:0.177148,loss_recon:1.142589

200-loss_z:2.548177,accu:0.101266,loss_recon:0.601824

400-loss_z:1.848709,accu:0.358971,loss_recon:0.340996

400-loss_z:2.420204,accu:0.164557,loss_recon:0.362675

600-loss_z:1.509365,accu:0.473066,loss_recon:0.222406

600-loss_z:2.36761,accu:0.151899,loss_recon:0.283937

800-loss_z:1.316349,accu:0.546999,loss_recon:0.176343

800-loss_z:2.317127,accu:0.291139,loss_recon:0.239627

1000-loss_z:1.182065,accu:0.590885,loss_recon:0.15148

1000-loss_z:2.322141,accu:0.265823,loss_recon:0.215872

1200-loss_z:1.086721,accu:0.641211,loss_recon:0.135

1200-loss_z:2.335032,accu:0.316456,loss_recon:0.192874

1400-loss_z:1.007191,accu:0.675462,loss_recon:0.124788

1400-loss_z:2.353415,accu:0.291139,loss_recon:0.179088

1600-loss_z:0.939553,accu:0.709134,loss_recon:0.11573

1600-loss_z:2.36124,accu:0.329114,loss_recon:0.168479

1800-loss_z:0.884761,accu:0.72944,loss_recon:0.106404

1800-loss_z:2.386381,accu:0.379747,loss_recon:0.157625

2000-loss_z:0.834849,accu:0.748066,loss_recon:0.101597

2000-loss_z:2.390038,accu:0.405063,loss_recon:0.151988

2200-loss_z:0.791694,accu:0.762852,loss_recon:0.095872

2200-loss_z:2.385364,accu:0.417722,loss_recon:0.153506

2400-loss_z:0.755286,accu:0.776074,loss_recon:0.090505

2400-loss_z:2.396149,accu:0.405063,loss_recon:0.149567

2600-loss_z:0.716331,accu:0.790169,loss_recon:0.085394

2600-loss_z:2.421127,accu:0.405063,loss_recon:0.144901

2800-loss_z:0.686583,accu:0.79903,loss_recon:0.082138

2800-loss_z:2.448577,accu:0.43038,loss_recon:0.139662

3000-loss_z:0.660191,accu:0.813822,loss_recon:0.080202

3000-loss_z:2.494636,accu:0.367089,loss_recon:0.132926

3200-loss_z:0.636402,accu:0.824258,loss_recon:0.078884

3200-loss_z:2.562825,accu:0.405063,loss_recon:0.133168

3400-loss_z:0.607325,accu:0.826628,loss_recon:0.077335

3400-loss_z:2.628174,accu:0.379747,loss_recon:0.13025

3600-loss_z:0.586339,accu:0.835534,loss_recon:0.075611

3600-loss_z:2.685435,accu:0.43038,loss_recon:0.131871

3800-loss_z:0.56578,accu:0.841979,loss_recon:0.074143

3800-loss_z:2.795196,accu:0.443038,loss_recon:0.129031

4000-loss_z:0.546131,accu:0.85028,loss_recon:0.073946

4000-loss_z:2.862431,accu:0.455696,loss_recon:0.128223

4200-loss_z:0.526313,accu:0.854876,loss_recon:0.072174

4200-loss_z:2.915558,accu:0.455696,loss_recon:0.126006

4400-loss_z:0.506819,accu:0.861328,loss_recon:0.071881

4400-loss_z:2.986784,accu:0.443038,loss_recon:0.125504

4600-loss_z:0.488955,accu:0.874349,loss_recon:0.070535

4600-loss_z:3.046298,accu:0.43038,loss_recon:0.126551

4800-loss_z:0.473087,accu:0.884427,loss_recon:0.06917

4800-loss_z:3.146501,accu:0.468354,loss_recon:0.128456

5000-loss_z:0.455806,accu:0.888828,loss_recon:0.068238

5000-loss_z:3.16915,accu:0.417722,loss_recon:0.125592

5200-loss_z:0.439702,accu:0.896901,loss_recon:0.067845

5200-loss_z:3.253049,accu:0.481013,loss_recon:0.128637

5400-loss_z:0.427681,accu:0.903464,loss_recon:0.067021

5400-loss_z:3.326189,accu:0.481013,loss_recon:0.127599

5600-loss_z:0.412857,accu:0.910059,loss_recon:0.066024

5600-loss_z:3.418237,accu:0.481013,loss_recon:0.128936

5800-loss_z:0.398871,accu:0.913503,loss_recon:0.065504

5800-loss_z:3.481317,accu:0.455696,loss_recon:0.125522

6000-loss_z:0.387701,accu:0.918301,loss_recon:0.064949

6000-loss_z:3.576828,accu:0.493671,loss_recon:0.126899

6200-loss_z:0.372317,accu:0.923509,loss_recon:0.064854

6200-loss_z:3.689453,accu:0.493671,loss_recon:0.121257

6400-loss_z:0.361046,accu:0.926602,loss_recon:0.064441

6400-loss_z:3.797709,accu:0.481013,loss_recon:0.123619

6600-loss_z:0.352943,accu:0.932129,loss_recon:0.063735

6600-loss_z:3.882345,accu:0.481013,loss_recon:0.126127

6800-loss_z:0.341263,accu:0.930007,loss_recon:0.063006

6800-loss_z:3.991303,accu:0.493671,loss_recon:0.124267

7000-loss_z:0.329236,accu:0.934564,loss_recon:0.063394

7000-loss_z:4.123644,accu:0.506329,loss_recon:0.123213

7200-loss_z:0.324212,accu:0.938145,loss_recon:0.062747

7200-loss_z:4.284553,accu:0.481013,loss_recon:0.122809

7400-loss_z:0.313477,accu:0.942129,loss_recon:0.061643

7400-loss_z:4.455761,accu:0.481013,loss_recon:0.124695

7600-loss_z:0.302973,accu:0.943945,loss_recon:0.061853

7600-loss_z:4.547961,accu:0.481013,loss_recon:0.122035

7800-loss_z:0.294457,accu:0.947962,loss_recon:0.060843

7800-loss_z:4.688196,accu:0.481013,loss_recon:0.12454

8000-loss_z:0.287702,accu:0.949238,loss_recon:0.060785

8000-loss_z:4.81422,accu:0.481013,loss_recon:0.124239

8200-loss_z:0.281057,accu:0.955846,loss_recon:0.060564

8200-loss_z:4.982926,accu:0.493671,loss_recon:0.123276

8400-loss_z:0.272032,accu:0.959056,loss_recon:0.05991

8400-loss_z:5.193519,accu:0.493671,loss_recon:0.120981

8600-loss_z:0.264868,accu:0.960397,loss_recon:0.059292

8600-loss_z:5.356899,accu:0.506329,loss_recon:0.122177

8800-loss_z:0.25771,accu:0.964733,loss_recon:0.059525

8800-loss_z:5.545485,accu:0.468354,loss_recon:0.120534

9000-loss_z:0.248125,accu:0.965885,loss_recon:0.058845

9000-loss_z:5.701275,accu:0.493671,loss_recon:0.121059

9200-loss_z:0.240344,accu:0.970898,loss_recon:0.058774

9200-loss_z:5.887772,accu:0.481013,loss_recon:0.121371

9400-loss_z:0.234827,accu:0.9761,loss_recon:0.057851

9400-loss_z:6.081209,accu:0.468354,loss_recon:0.119724

9600-loss_z:0.230039,accu:0.976315,loss_recon:0.057702

9600-loss_z:6.259268,accu:0.481013,loss_recon:0.120826

9800-loss_z:0.224484,accu:0.981432,loss_recon:0.056762

9800-loss_z:6.425635,accu:0.468354,loss_recon:0.118869

10000-loss_z:0.218393,accu:0.982005,loss_recon:0.055856

10000-loss_z:6.588798,accu:0.481013,loss_recon:0.120878

10200-loss_z:0.212319,accu:0.983079,loss_recon:0.055099

10200-loss_z:6.727365,accu:0.481013,loss_recon:0.11936

10400-loss_z:0.203009,accu:0.986523,loss_recon:0.054358

10400-loss_z:6.948669,accu:0.481013,loss_recon:0.118862

10600-loss_z:0.199888,accu:0.984857,loss_recon:0.054146

10600-loss_z:7.121634,accu:0.481013,loss_recon:0.122483

10800-loss_z:0.193155,accu:0.985202,loss_recon:0.053971

10800-loss_z:7.249945,accu:0.481013,loss_recon:0.123559

11000-loss_z:0.187009,accu:0.987747,loss_recon:0.053824

11000-loss_z:7.4558,accu:0.468354,loss_recon:0.123513

11200-loss_z:0.183131,accu:0.986966,loss_recon:0.05341

11200-loss_z:7.607289,accu:0.481013,loss_recon:0.121551

11400-loss_z:0.179734,accu:0.988001,loss_recon:0.053494

11400-loss_z:7.79438,accu:0.468354,loss_recon:0.120769

11600-loss_z:0.171456,accu:0.990267,loss_recon:0.053137

11600-loss_z:7.948129,accu:0.468354,loss_recon:0.122033

11800-loss_z:0.167887,accu:0.99028,loss_recon:0.053051

11800-loss_z:8.077511,accu:0.481013,loss_recon:0.12064

12000-loss_z:0.164433,accu:0.991888,loss_recon:0.053164

12000-loss_z:8.291084,accu:0.481013,loss_recon:0.121173

12200-loss_z:0.158126,accu:0.990911,loss_recon:0.052165

12200-loss_z:8.489336,accu:0.481013,loss_recon:0.119353

12400-loss_z:0.15355,accu:0.992858,loss_recon:0.052535

12400-loss_z:8.638693,accu:0.481013,loss_recon:0.116487

12600-loss_z:0.149865,accu:0.992461,loss_recon:0.051634

12600-loss_z:8.809173,accu:0.468354,loss_recon:0.119633

12800-loss_z:0.146611,accu:0.992441,loss_recon:0.052454

12800-loss_z:8.912192,accu:0.481013,loss_recon:0.117798

13000-loss_z:0.142777,accu:0.992435,loss_recon:0.051623

13000-loss_z:9.049571,accu:0.481013,loss_recon:0.117859

13200-loss_z:0.138732,accu:0.992454,loss_recon:0.051717

13200-loss_z:9.15116,accu:0.481013,loss_recon:0.117268

13400-loss_z:0.13397,accu:0.992637,loss_recon:0.051599

13400-loss_z:9.314097,accu:0.468354,loss_recon:0.116854

13600-loss_z:0.129618,accu:0.99278,loss_recon:0.05132

13600-loss_z:9.404824,accu:0.481013,loss_recon:0.117449

13800-loss_z:0.126425,accu:0.993281,loss_recon:0.051278

13800-loss_z:9.587205,accu:0.481013,loss_recon:0.116235

14000-loss_z:0.123654,accu:0.992975,loss_recon:0.051559

14000-loss_z:9.75518,accu:0.481013,loss_recon:0.11584

14200-loss_z:0.120251,accu:0.994486,loss_recon:0.050764

14200-loss_z:9.924001,accu:0.481013,loss_recon:0.116108

14400-loss_z:0.116032,accu:0.993711,loss_recon:0.050787

14400-loss_z:10.041653,accu:0.481013,loss_recon:0.113134

14600-loss_z:0.114095,accu:0.993633,loss_recon:0.050616

14600-loss_z:10.193837,accu:0.493671,loss_recon:0.116747

14800-loss_z:0.112213,accu:0.993171,loss_recon:0.051027

14800-loss_z:10.354875,accu:0.481013,loss_recon:0.112564

15000-loss_z:0.106604,accu:0.9939,loss_recon:0.050423

15000-loss_z:10.50289,accu:0.481013,loss_recon:0.114754

15200-loss_z:0.105962,accu:0.993828,loss_recon:0.050357

15200-loss_z:10.654049,accu:0.481013,loss_recon:0.112816

15400-loss_z:0.101679,accu:0.993704,loss_recon:0.050065

15400-loss_z:10.813026,accu:0.481013,loss_recon:0.113043

15600-loss_z:0.099579,accu:0.994043,loss_recon:0.050238

15600-loss_z:10.966135,accu:0.468354,loss_recon:0.113682

15800-loss_z:0.096625,accu:0.994297,loss_recon:0.050423

15800-loss_z:11.133694,accu:0.468354,loss_recon:0.112578

16000-loss_z:0.093508,accu:0.99401,loss_recon:0.049239

16000-loss_z:11.29994,accu:0.481013,loss_recon:0.113034

16200-loss_z:0.091201,accu:0.994212,loss_recon:0.04954

16200-loss_z:11.512631,accu:0.481013,loss_recon:0.111783

16400-loss_z:0.088599,accu:0.994082,loss_recon:0.049994

16400-loss_z:11.688753,accu:0.455696,loss_recon:0.113101

16600-loss_z:0.085273,accu:0.995417,loss_recon:0.04992

16600-loss_z:11.858958,accu:0.481013,loss_recon:0.112178

16800-loss_z:0.084474,accu:0.995319,loss_recon:0.049724

16800-loss_z:12.049969,accu:0.481013,loss_recon:0.110457

17000-loss_z:0.081089,accu:0.994688,loss_recon:0.04963

17000-loss_z:12.166364,accu:0.481013,loss_recon:0.111552

17200-loss_z:0.079225,accu:0.996211,loss_recon:0.049224

17200-loss_z:12.352578,accu:0.481013,loss_recon:0.111458

17400-loss_z:0.077253,accu:0.995892,loss_recon:0.049411

17400-loss_z:12.48088,accu:0.481013,loss_recon:0.111991

17600-loss_z:0.073862,accu:0.995801,loss_recon:0.04988

17600-loss_z:12.659504,accu:0.481013,loss_recon:0.11076

17800-loss_z:0.07271,accu:0.996491,loss_recon:0.0493

17800-loss_z:12.791637,accu:0.481013,loss_recon:0.111409

18000-loss_z:0.070524,accu:0.997051,loss_recon:0.049125

18000-loss_z:12.980205,accu:0.468354,loss_recon:0.108864

18200-loss_z:0.068941,accu:0.997448,loss_recon:0.049854

18200-loss_z:13.088031,accu:0.468354,loss_recon:0.110399

18400-loss_z:0.065991,accu:0.997428,loss_recon:0.049309

18400-loss_z:13.275874,accu:0.481013,loss_recon:0.106781

18600-loss_z:0.064315,accu:0.997773,loss_recon:0.049535

18600-loss_z:13.413072,accu:0.481013,loss_recon:0.108249

18800-loss_z:0.063859,accu:0.998385,loss_recon:0.049482

18800-loss_z:13.532954,accu:0.481013,loss_recon:0.107322

19000-loss_z:0.060771,accu:0.998431,loss_recon:0.049175

19000-loss_z:13.692819,accu:0.481013,loss_recon:0.108545

19200-loss_z:0.05957,accu:0.999043,loss_recon:0.048834

19200-loss_z:13.844875,accu:0.481013,loss_recon:0.107861

19400-loss_z:0.057177,accu:0.998424,loss_recon:0.048815

19400-loss_z:13.9489,accu:0.481013,loss_recon:0.109719

19600-loss_z:0.056041,accu:0.999427,loss_recon:0.049333

19600-loss_z:14.124339,accu:0.481013,loss_recon:0.107334

19800-loss_z:0.053949,accu:0.999759,loss_recon:0.048646

19800-loss_z:14.216856,accu:0.481013,loss_recon:0.110009

20000-loss_z:0.052619,accu:0.999538,loss_recon:0.049443

20000-loss_z:14.326174,accu:0.481013,loss_recon:0.109439

Continue training
New FC model is initialized
200-loss_z:2.586014,accu:0.151592,loss_recon:0.891747

200-loss_z:2.709795,accu:0.075949,loss_recon:0.407549

400-loss_z:1.946574,accu:0.32472,loss_recon:0.244917

400-loss_z:2.576176,accu:0.088608,loss_recon:0.239102

600-loss_z:1.605483,accu:0.45554,loss_recon:0.167333

600-loss_z:2.519195,accu:0.139241,loss_recon:0.196985

800-loss_z:1.384718,accu:0.542676,loss_recon:0.139425

800-loss_z:2.553448,accu:0.202532,loss_recon:0.178786

1000-loss_z:1.225388,accu:0.602357,loss_recon:0.125051

1000-loss_z:2.621952,accu:0.240506,loss_recon:0.169364

1200-loss_z:1.107772,accu:0.66627,loss_recon:0.114198

1200-loss_z:2.663083,accu:0.240506,loss_recon:0.161642

1400-loss_z:1.017864,accu:0.689707,loss_recon:0.105918

1400-loss_z:2.726578,accu:0.253165,loss_recon:0.154811

1600-loss_z:0.938134,accu:0.714316,loss_recon:0.09993

1600-loss_z:2.847172,accu:0.253165,loss_recon:0.1488

1800-loss_z:0.882986,accu:0.735072,loss_recon:0.096072

1800-loss_z:2.937995,accu:0.291139,loss_recon:0.143934

2000-loss_z:0.826321,accu:0.762767,loss_recon:0.090852

2000-loss_z:3.003028,accu:0.303797,loss_recon:0.136503

2200-loss_z:0.781675,accu:0.779987,loss_recon:0.085948

2200-loss_z:3.097183,accu:0.329114,loss_recon:0.134733

2400-loss_z:0.744046,accu:0.786803,loss_recon:0.082647

2400-loss_z:3.182088,accu:0.367089,loss_recon:0.131767

2600-loss_z:0.708572,accu:0.809206,loss_recon:0.07991

2600-loss_z:3.269381,accu:0.379747,loss_recon:0.131223

2800-loss_z:0.676988,accu:0.818691,loss_recon:0.077491

2800-loss_z:3.368992,accu:0.341772,loss_recon:0.129589

3000-loss_z:0.646254,accu:0.832161,loss_recon:0.074327

3000-loss_z:3.448452,accu:0.35443,loss_recon:0.130546

3200-loss_z:0.620024,accu:0.840156,loss_recon:0.072108

3200-loss_z:3.559362,accu:0.35443,loss_recon:0.128029

3400-loss_z:0.593924,accu:0.840052,loss_recon:0.069649

3400-loss_z:3.641939,accu:0.392405,loss_recon:0.125271

3600-loss_z:0.569945,accu:0.858333,loss_recon:0.069618

3600-loss_z:3.751402,accu:0.329114,loss_recon:0.123872

3800-loss_z:0.548518,accu:0.856243,loss_recon:0.068409

3800-loss_z:3.839021,accu:0.392405,loss_recon:0.122407

4000-loss_z:0.53031,accu:0.866953,loss_recon:0.066914

4000-loss_z:3.944292,accu:0.379747,loss_recon:0.124937

4200-loss_z:0.507954,accu:0.867663,loss_recon:0.066147

4200-loss_z:4.029451,accu:0.392405,loss_recon:0.120896

4400-loss_z:0.488839,accu:0.877181,loss_recon:0.065846

4400-loss_z:4.177893,accu:0.379747,loss_recon:0.118

4600-loss_z:0.473397,accu:0.877292,loss_recon:0.063325

4600-loss_z:4.274261,accu:0.417722,loss_recon:0.118297

4800-loss_z:0.458821,accu:0.882292,loss_recon:0.062601

4800-loss_z:4.401646,accu:0.392405,loss_recon:0.117823

5000-loss_z:0.443161,accu:0.886478,loss_recon:0.062482

5000-loss_z:4.506025,accu:0.43038,loss_recon:0.115765

5200-loss_z:0.432103,accu:0.882435,loss_recon:0.061307

5200-loss_z:4.646013,accu:0.405063,loss_recon:0.117139

5400-loss_z:0.415402,accu:0.889414,loss_recon:0.06146

5400-loss_z:4.798115,accu:0.417722,loss_recon:0.116856

5600-loss_z:0.403234,accu:0.893913,loss_recon:0.060262

5600-loss_z:4.953893,accu:0.405063,loss_recon:0.113532

5800-loss_z:0.392419,accu:0.894023,loss_recon:0.05943

5800-loss_z:5.113409,accu:0.43038,loss_recon:0.113931

6000-loss_z:0.377685,accu:0.900228,loss_recon:0.059463

6000-loss_z:5.296025,accu:0.417722,loss_recon:0.111878

6200-loss_z:0.3687,accu:0.90056,loss_recon:0.05888

6200-loss_z:5.452066,accu:0.405063,loss_recon:0.11234

6400-loss_z:0.359346,accu:0.906523,loss_recon:0.057753

6400-loss_z:5.589928,accu:0.417722,loss_recon:0.111513

6600-loss_z:0.347663,accu:0.907702,loss_recon:0.057447

6600-loss_z:5.771062,accu:0.392405,loss_recon:0.110242

6800-loss_z:0.336915,accu:0.910124,loss_recon:0.05706

6800-loss_z:5.992207,accu:0.417722,loss_recon:0.108966

7000-loss_z:0.32667,accu:0.913568,loss_recon:0.056964

7000-loss_z:6.173224,accu:0.443038,loss_recon:0.109975

7200-loss_z:0.319427,accu:0.915618,loss_recon:0.056016

7200-loss_z:6.361344,accu:0.392405,loss_recon:0.108783

7400-loss_z:0.310153,accu:0.920951,loss_recon:0.056117

7400-loss_z:6.572157,accu:0.43038,loss_recon:0.107831

7600-loss_z:0.30403,accu:0.922233,loss_recon:0.055049

7600-loss_z:6.737027,accu:0.417722,loss_recon:0.109025

7800-loss_z:0.295974,accu:0.923203,loss_recon:0.055198

7800-loss_z:6.974022,accu:0.43038,loss_recon:0.105827

8000-loss_z:0.28771,accu:0.923216,loss_recon:0.05461

8000-loss_z:7.17347,accu:0.417722,loss_recon:0.107054

8200-loss_z:0.279773,accu:0.928047,loss_recon:0.054598

8200-loss_z:7.406082,accu:0.417722,loss_recon:0.107206

8400-loss_z:0.274104,accu:0.926484,loss_recon:0.054132

8400-loss_z:7.622406,accu:0.417722,loss_recon:0.106542

8600-loss_z:0.267906,accu:0.930632,loss_recon:0.053985

8600-loss_z:7.846422,accu:0.417722,loss_recon:0.106413

8800-loss_z:0.264624,accu:0.934336,loss_recon:0.053886

8800-loss_z:8.084173,accu:0.417722,loss_recon:0.108326

9000-loss_z:0.256164,accu:0.935892,loss_recon:0.052726

9000-loss_z:8.29462,accu:0.43038,loss_recon:0.108392

9200-loss_z:0.248434,accu:0.938086,loss_recon:0.052931

9200-loss_z:8.51719,accu:0.443038,loss_recon:0.108491

9400-loss_z:0.245853,accu:0.939056,loss_recon:0.052778

9400-loss_z:8.708251,accu:0.443038,loss_recon:0.109477

9600-loss_z:0.237542,accu:0.93946,loss_recon:0.052554

9600-loss_z:8.933099,accu:0.443038,loss_recon:0.109086

9800-loss_z:0.231955,accu:0.942285,loss_recon:0.051987

9800-loss_z:9.157622,accu:0.43038,loss_recon:0.111038

10000-loss_z:0.226281,accu:0.944792,loss_recon:0.05187

10000-loss_z:9.366949,accu:0.443038,loss_recon:0.110913

10200-loss_z:0.224585,accu:0.943171,loss_recon:0.052234

10200-loss_z:9.562233,accu:0.443038,loss_recon:0.11143

10400-loss_z:0.219132,accu:0.947663,loss_recon:0.051818

10400-loss_z:9.775828,accu:0.43038,loss_recon:0.110519

10600-loss_z:0.213339,accu:0.948483,loss_recon:0.051322

10600-loss_z:10.002701,accu:0.443038,loss_recon:0.112662

10800-loss_z:0.208521,accu:0.950443,loss_recon:0.050798

10800-loss_z:10.21818,accu:0.443038,loss_recon:0.115847

11000-loss_z:0.203824,accu:0.956185,loss_recon:0.050608

11000-loss_z:10.451187,accu:0.43038,loss_recon:0.116667

11200-loss_z:0.199896,accu:0.952422,loss_recon:0.050437

11200-loss_z:10.648565,accu:0.443038,loss_recon:0.11638

11400-loss_z:0.193969,accu:0.955977,loss_recon:0.05066

11400-loss_z:10.866477,accu:0.43038,loss_recon:0.116848

11600-loss_z:0.189197,accu:0.95377,loss_recon:0.050427

11600-loss_z:11.08339,accu:0.443038,loss_recon:0.116326

11800-loss_z:0.186693,accu:0.958861,loss_recon:0.050182

11800-loss_z:11.297092,accu:0.443038,loss_recon:0.117596

12000-loss_z:0.183925,accu:0.959219,loss_recon:0.049691

12000-loss_z:11.511045,accu:0.43038,loss_recon:0.11569

12200-loss_z:0.177035,accu:0.961146,loss_recon:0.049279

12200-loss_z:11.739053,accu:0.443038,loss_recon:0.116926

12400-loss_z:0.173291,accu:0.965859,loss_recon:0.049328

12400-loss_z:11.956277,accu:0.443038,loss_recon:0.114213

12600-loss_z:0.168846,accu:0.967969,loss_recon:0.049107

12600-loss_z:12.152055,accu:0.43038,loss_recon:0.115583

12800-loss_z:0.163925,accu:0.969525,loss_recon:0.049682

12800-loss_z:12.398915,accu:0.43038,loss_recon:0.116847

13000-loss_z:0.160548,accu:0.973392,loss_recon:0.048836

13000-loss_z:12.544284,accu:0.43038,loss_recon:0.118537

13200-loss_z:0.156216,accu:0.976348,loss_recon:0.048508

13200-loss_z:12.707301,accu:0.43038,loss_recon:0.115347

13400-loss_z:0.152199,accu:0.977233,loss_recon:0.048829

13400-loss_z:12.863719,accu:0.43038,loss_recon:0.116973

13600-loss_z:0.149265,accu:0.981927,loss_recon:0.048747

13600-loss_z:13.036777,accu:0.443038,loss_recon:0.116593

13800-loss_z:0.145229,accu:0.978958,loss_recon:0.048516

13800-loss_z:13.247182,accu:0.443038,loss_recon:0.116587

14000-loss_z:0.141746,accu:0.978301,loss_recon:0.047987

14000-loss_z:13.451448,accu:0.43038,loss_recon:0.116554

14200-loss_z:0.137815,accu:0.981563,loss_recon:0.047807

14200-loss_z:13.682664,accu:0.443038,loss_recon:0.116012

14400-loss_z:0.1334,accu:0.982728,loss_recon:0.04892

14400-loss_z:13.983852,accu:0.43038,loss_recon:0.11654

14600-loss_z:0.132071,accu:0.984264,loss_recon:0.048108

14600-loss_z:14.225581,accu:0.43038,loss_recon:0.11822

14800-loss_z:0.127895,accu:0.985866,loss_recon:0.047794

14800-loss_z:14.399448,accu:0.443038,loss_recon:0.117001

15000-loss_z:0.126017,accu:0.985007,loss_recon:0.048535

15000-loss_z:14.615007,accu:0.43038,loss_recon:0.119813

15200-loss_z:0.121039,accu:0.987116,loss_recon:0.047538

15200-loss_z:14.818801,accu:0.443038,loss_recon:0.117512

15400-loss_z:0.121015,accu:0.989186,loss_recon:0.047473

15400-loss_z:15.019199,accu:0.443038,loss_recon:0.121181

15600-loss_z:0.115147,accu:0.989733,loss_recon:0.047869

15600-loss_z:15.206384,accu:0.443038,loss_recon:0.118346

15800-loss_z:0.11411,accu:0.989284,loss_recon:0.047547

15800-loss_z:15.350411,accu:0.443038,loss_recon:0.11584

16000-loss_z:0.110028,accu:0.992064,loss_recon:0.047289

16000-loss_z:15.543958,accu:0.443038,loss_recon:0.117735

16200-loss_z:0.107856,accu:0.993223,loss_recon:0.047378

16200-loss_z:15.682682,accu:0.443038,loss_recon:0.121752

16400-loss_z:0.10655,accu:0.994134,loss_recon:0.0474

16400-loss_z:15.818562,accu:0.443038,loss_recon:0.119054

16600-loss_z:0.10292,accu:0.993431,loss_recon:0.047232

16600-loss_z:15.966064,accu:0.43038,loss_recon:0.120661

16800-loss_z:0.101102,accu:0.997214,loss_recon:0.04754

16800-loss_z:16.169376,accu:0.43038,loss_recon:0.118762

17000-loss_z:0.099557,accu:0.995384,loss_recon:0.047296

17000-loss_z:16.235994,accu:0.443038,loss_recon:0.12045

17200-loss_z:0.095166,accu:0.994831,loss_recon:0.047107

17200-loss_z:16.41567,accu:0.43038,loss_recon:0.117945

17400-loss_z:0.095215,accu:0.997031,loss_recon:0.047215

17400-loss_z:16.516924,accu:0.455696,loss_recon:0.119031

17600-loss_z:0.09143,accu:0.99541,loss_recon:0.047079

17600-loss_z:16.649321,accu:0.443038,loss_recon:0.1178

17800-loss_z:0.089559,accu:0.994603,loss_recon:0.046399

17800-loss_z:16.798603,accu:0.443038,loss_recon:0.119846

18000-loss_z:0.086867,accu:0.998346,loss_recon:0.046785

18000-loss_z:16.942183,accu:0.43038,loss_recon:0.122064

18200-loss_z:0.084487,accu:0.995247,loss_recon:0.046463

18200-loss_z:17.135496,accu:0.405063,loss_recon:0.121145

18400-loss_z:0.082475,accu:0.995586,loss_recon:0.046623

18400-loss_z:17.295271,accu:0.417722,loss_recon:0.119753

18600-loss_z:0.080663,accu:0.995938,loss_recon:0.046962

18600-loss_z:17.416281,accu:0.417722,loss_recon:0.117594

18800-loss_z:0.079581,accu:0.996393,loss_recon:0.046726

18800-loss_z:17.626144,accu:0.405063,loss_recon:0.120321

19000-loss_z:0.077155,accu:0.998268,loss_recon:0.046421

19000-loss_z:17.683954,accu:0.417722,loss_recon:0.121328

19200-loss_z:0.074303,accu:0.99888,loss_recon:0.046774

19200-loss_z:17.818697,accu:0.392405,loss_recon:0.121183

19400-loss_z:0.07207,accu:0.998906,loss_recon:0.046225

19400-loss_z:17.953901,accu:0.405063,loss_recon:0.120676

19600-loss_z:0.071159,accu:0.998906,loss_recon:0.045695

19600-loss_z:18.089853,accu:0.392405,loss_recon:0.119627

19800-loss_z:0.068995,accu:0.998372,loss_recon:0.046218

19800-loss_z:18.202555,accu:0.392405,loss_recon:0.120278

20000-loss_z:0.067785,accu:0.999186,loss_recon:0.04595

20000-loss_z:18.318211,accu:0.392405,loss_recon:0.123075

Continue training
New FC model is initialized
200-loss_z:2.57997,accu:0.163084,loss_recon:1.11079

200-loss_z:2.70859,accu:0.075949,loss_recon:0.534555

400-loss_z:1.913981,accu:0.339928,loss_recon:0.33629

400-loss_z:2.535567,accu:0.101266,loss_recon:0.234375

600-loss_z:1.593983,accu:0.446016,loss_recon:0.17126

600-loss_z:2.539382,accu:0.164557,loss_recon:0.141836

800-loss_z:1.399003,accu:0.531113,loss_recon:0.119598

800-loss_z:2.555159,accu:0.189873,loss_recon:0.114786

1000-loss_z:1.254634,accu:0.593743,loss_recon:0.099125

1000-loss_z:2.582371,accu:0.21519,loss_recon:0.103837

1200-loss_z:1.143177,accu:0.642201,loss_recon:0.088407

1200-loss_z:2.611022,accu:0.21519,loss_recon:0.096898

1400-loss_z:1.056964,accu:0.670345,loss_recon:0.082802

1400-loss_z:2.668358,accu:0.265823,loss_recon:0.093445

1600-loss_z:0.978741,accu:0.704609,loss_recon:0.077836

1600-loss_z:2.754569,accu:0.227848,loss_recon:0.091555

1800-loss_z:0.915034,accu:0.724173,loss_recon:0.073341

1800-loss_z:2.834772,accu:0.240506,loss_recon:0.090363

2000-loss_z:0.86375,accu:0.736693,loss_recon:0.071769

2000-loss_z:2.975225,accu:0.253165,loss_recon:0.087907

2200-loss_z:0.819116,accu:0.754824,loss_recon:0.068881

2200-loss_z:3.068773,accu:0.253165,loss_recon:0.08678

2400-loss_z:0.775466,accu:0.764883,loss_recon:0.067052

2400-loss_z:3.185288,accu:0.265823,loss_recon:0.088011

2600-loss_z:0.733524,accu:0.782051,loss_recon:0.064706

2600-loss_z:3.287966,accu:0.303797,loss_recon:0.087008

2800-loss_z:0.696481,accu:0.791927,loss_recon:0.062145

2800-loss_z:3.418023,accu:0.329114,loss_recon:0.085385

3000-loss_z:0.670147,accu:0.800827,loss_recon:0.060217

3000-loss_z:3.549805,accu:0.316456,loss_recon:0.085051

3200-loss_z:0.638771,accu:0.814421,loss_recon:0.058463

3200-loss_z:3.682437,accu:0.303797,loss_recon:0.085384

3400-loss_z:0.608036,accu:0.832415,loss_recon:0.057743

3400-loss_z:3.772502,accu:0.291139,loss_recon:0.086336

3600-loss_z:0.576548,accu:0.84877,loss_recon:0.056947

3600-loss_z:3.87542,accu:0.329114,loss_recon:0.084329

3800-loss_z:0.557833,accu:0.850677,loss_recon:0.056319

3800-loss_z:4.026218,accu:0.35443,loss_recon:0.084541

4000-loss_z:0.530806,accu:0.862064,loss_recon:0.054878

4000-loss_z:4.240866,accu:0.329114,loss_recon:0.082965

4200-loss_z:0.512539,accu:0.864434,loss_recon:0.054591

4200-loss_z:4.426059,accu:0.316456,loss_recon:0.082212

4400-loss_z:0.487211,accu:0.885801,loss_recon:0.054243

4400-loss_z:4.5782,accu:0.329114,loss_recon:0.083202

4600-loss_z:0.470428,accu:0.897513,loss_recon:0.053439

4600-loss_z:4.728837,accu:0.329114,loss_recon:0.081778

4800-loss_z:0.451062,accu:0.89724,loss_recon:0.052849

4800-loss_z:4.854538,accu:0.329114,loss_recon:0.081765

5000-loss_z:0.436095,accu:0.912936,loss_recon:0.052853

5000-loss_z:5.021577,accu:0.379747,loss_recon:0.082092

5200-loss_z:0.419096,accu:0.91181,loss_recon:0.052197

5200-loss_z:5.145735,accu:0.405063,loss_recon:0.081179

5400-loss_z:0.402141,accu:0.917129,loss_recon:0.051941

5400-loss_z:5.323351,accu:0.367089,loss_recon:0.081115

5600-loss_z:0.3882,accu:0.910716,loss_recon:0.051829

5600-loss_z:5.467811,accu:0.379747,loss_recon:0.080474

5800-loss_z:0.375032,accu:0.922767,loss_recon:0.051535

5800-loss_z:5.644014,accu:0.367089,loss_recon:0.079672

6000-loss_z:0.363696,accu:0.92321,loss_recon:0.051539

6000-loss_z:5.821551,accu:0.367089,loss_recon:0.078018

6200-loss_z:0.349851,accu:0.924349,loss_recon:0.050267

6200-loss_z:6.011814,accu:0.379747,loss_recon:0.07994

6400-loss_z:0.340069,accu:0.925586,loss_recon:0.050541

6400-loss_z:6.152969,accu:0.35443,loss_recon:0.079155

6600-loss_z:0.328482,accu:0.927669,loss_recon:0.050248

6600-loss_z:6.350023,accu:0.379747,loss_recon:0.078924

6800-loss_z:0.316699,accu:0.93125,loss_recon:0.050192

6800-loss_z:6.519544,accu:0.417722,loss_recon:0.078799

7000-loss_z:0.310661,accu:0.93373,loss_recon:0.049912

7000-loss_z:6.686353,accu:0.405063,loss_recon:0.077623

7200-loss_z:0.301313,accu:0.933262,loss_recon:0.049786

7200-loss_z:6.889,accu:0.417722,loss_recon:0.077609

7400-loss_z:0.290976,accu:0.938802,loss_recon:0.050155

7400-loss_z:7.083491,accu:0.417722,loss_recon:0.077628

7600-loss_z:0.284152,accu:0.940085,loss_recon:0.049398

7600-loss_z:7.290544,accu:0.43038,loss_recon:0.07665

7800-loss_z:0.273195,accu:0.947832,loss_recon:0.049147

7800-loss_z:7.483699,accu:0.417722,loss_recon:0.078779

8000-loss_z:0.268274,accu:0.945332,loss_recon:0.048427

8000-loss_z:7.623937,accu:0.443038,loss_recon:0.077811

8200-loss_z:0.258658,accu:0.946035,loss_recon:0.047359

8200-loss_z:7.844024,accu:0.417722,loss_recon:0.077719

8400-loss_z:0.254434,accu:0.948132,loss_recon:0.046481

8400-loss_z:8.139421,accu:0.43038,loss_recon:0.07854

8600-loss_z:0.245884,accu:0.952578,loss_recon:0.046729

8600-loss_z:8.421933,accu:0.405063,loss_recon:0.077421

8800-loss_z:0.24014,accu:0.952923,loss_recon:0.046596

8800-loss_z:8.635803,accu:0.43038,loss_recon:0.076256

9000-loss_z:0.233477,accu:0.954525,loss_recon:0.045883

9000-loss_z:8.883698,accu:0.405063,loss_recon:0.076944

9200-loss_z:0.229087,accu:0.952721,loss_recon:0.04529

9200-loss_z:9.160807,accu:0.405063,loss_recon:0.076749

9400-loss_z:0.220481,accu:0.953971,loss_recon:0.04549

9400-loss_z:9.426575,accu:0.417722,loss_recon:0.076623

9600-loss_z:0.215013,accu:0.957871,loss_recon:0.045054

9600-loss_z:9.687819,accu:0.417722,loss_recon:0.07615

9800-loss_z:0.21,accu:0.955026,loss_recon:0.045197

9800-loss_z:9.952195,accu:0.417722,loss_recon:0.07723

10000-loss_z:0.203923,accu:0.956836,loss_recon:0.044316

10000-loss_z:10.248257,accu:0.405063,loss_recon:0.076046

10200-loss_z:0.199057,accu:0.959609,loss_recon:0.044339

10200-loss_z:10.510273,accu:0.405063,loss_recon:0.075695

10400-loss_z:0.195816,accu:0.954284,loss_recon:0.044641

10400-loss_z:10.817246,accu:0.405063,loss_recon:0.07724

10600-loss_z:0.190346,accu:0.959746,loss_recon:0.044394

10600-loss_z:11.078949,accu:0.43038,loss_recon:0.076139

10800-loss_z:0.189629,accu:0.957806,loss_recon:0.043431

10800-loss_z:11.379636,accu:0.417722,loss_recon:0.076696

11000-loss_z:0.18209,accu:0.959206,loss_recon:0.042771

11000-loss_z:11.68045,accu:0.43038,loss_recon:0.077185

11200-loss_z:0.174008,accu:0.96291,loss_recon:0.043123

11200-loss_z:11.935621,accu:0.43038,loss_recon:0.076604

11400-loss_z:0.172942,accu:0.964479,loss_recon:0.043113

11400-loss_z:12.168113,accu:0.405063,loss_recon:0.076382

11600-loss_z:0.16869,accu:0.966947,loss_recon:0.042954

11600-loss_z:12.422968,accu:0.417722,loss_recon:0.076771

11800-loss_z:0.164103,accu:0.970475,loss_recon:0.043041

11800-loss_z:12.812883,accu:0.405063,loss_recon:0.076396

12000-loss_z:0.158927,accu:0.974531,loss_recon:0.042796

12000-loss_z:13.086911,accu:0.405063,loss_recon:0.075425

12200-loss_z:0.155442,accu:0.975514,loss_recon:0.042704

12200-loss_z:13.462824,accu:0.417722,loss_recon:0.075385

12400-loss_z:0.153235,accu:0.974297,loss_recon:0.041765

12400-loss_z:13.82322,accu:0.405063,loss_recon:0.076088

12600-loss_z:0.147799,accu:0.97707,loss_recon:0.041967

12600-loss_z:14.141243,accu:0.43038,loss_recon:0.075659

12800-loss_z:0.145282,accu:0.97457,loss_recon:0.041804

12800-loss_z:14.522907,accu:0.43038,loss_recon:0.076728

13000-loss_z:0.142644,accu:0.975098,loss_recon:0.042

13000-loss_z:14.881346,accu:0.405063,loss_recon:0.075951

13200-loss_z:0.138203,accu:0.978372,loss_recon:0.041614

13200-loss_z:15.227616,accu:0.417722,loss_recon:0.07637

13400-loss_z:0.135283,accu:0.979141,loss_recon:0.041268

13400-loss_z:15.64349,accu:0.443038,loss_recon:0.076134

13600-loss_z:0.130462,accu:0.981686,loss_recon:0.041706

13600-loss_z:16.026608,accu:0.43038,loss_recon:0.075765

13800-loss_z:0.12832,accu:0.981556,loss_recon:0.041369

13800-loss_z:16.39716,accu:0.405063,loss_recon:0.075643

14000-loss_z:0.125599,accu:0.985,loss_recon:0.040788

14000-loss_z:16.81992,accu:0.443038,loss_recon:0.075366

14200-loss_z:0.122081,accu:0.984792,loss_recon:0.04054

14200-loss_z:17.162714,accu:0.417722,loss_recon:0.075477

14400-loss_z:0.120613,accu:0.981901,loss_recon:0.040547

14400-loss_z:17.59981,accu:0.455696,loss_recon:0.074587

14600-loss_z:0.117715,accu:0.982773,loss_recon:0.040247

14600-loss_z:18.006804,accu:0.443038,loss_recon:0.073824

14800-loss_z:0.114146,accu:0.984655,loss_recon:0.03998

14800-loss_z:18.372366,accu:0.443038,loss_recon:0.073883

15000-loss_z:0.111075,accu:0.987428,loss_recon:0.039382

15000-loss_z:18.77894,accu:0.455696,loss_recon:0.07467

15200-loss_z:0.106673,accu:0.986074,loss_recon:0.0396

15200-loss_z:19.155958,accu:0.455696,loss_recon:0.073295

15400-loss_z:0.10398,accu:0.988672,loss_recon:0.039031

15400-loss_z:19.515255,accu:0.443038,loss_recon:0.074599

15600-loss_z:0.104818,accu:0.987448,loss_recon:0.039583

15600-loss_z:19.960562,accu:0.405063,loss_recon:0.073884

15800-loss_z:0.099505,accu:0.988359,loss_recon:0.038122

15800-loss_z:20.341839,accu:0.455696,loss_recon:0.073845

16000-loss_z:0.099285,accu:0.988405,loss_recon:0.037972

16000-loss_z:20.770279,accu:0.443038,loss_recon:0.074294

16200-loss_z:0.095624,accu:0.9914,loss_recon:0.037632

16200-loss_z:21.165165,accu:0.43038,loss_recon:0.075183

16400-loss_z:0.094007,accu:0.988477,loss_recon:0.037487

16400-loss_z:21.614193,accu:0.443038,loss_recon:0.074617

16600-loss_z:0.092885,accu:0.992565,loss_recon:0.037283

16600-loss_z:22.08485,accu:0.468354,loss_recon:0.075067

16800-loss_z:0.091114,accu:0.991706,loss_recon:0.037718

16800-loss_z:22.467777,accu:0.468354,loss_recon:0.0758

17000-loss_z:0.088155,accu:0.993125,loss_recon:0.037126

17000-loss_z:22.790022,accu:0.481013,loss_recon:0.074631

17200-loss_z:0.085865,accu:0.993568,loss_recon:0.036898

17200-loss_z:23.280172,accu:0.405063,loss_recon:0.075752

17400-loss_z:0.083781,accu:0.992552,loss_recon:0.037119

17400-loss_z:23.726105,accu:0.443038,loss_recon:0.074883

17600-loss_z:0.082355,accu:0.99265,loss_recon:0.037024

17600-loss_z:24.185015,accu:0.443038,loss_recon:0.077421

17800-loss_z:0.081432,accu:0.992845,loss_recon:0.037188

17800-loss_z:24.680351,accu:0.43038,loss_recon:0.075842

18000-loss_z:0.078629,accu:0.995736,loss_recon:0.036652

18000-loss_z:25.031782,accu:0.481013,loss_recon:0.076295

18200-loss_z:0.076471,accu:0.995892,loss_recon:0.036851

18200-loss_z:25.567596,accu:0.443038,loss_recon:0.077774

18400-loss_z:0.073612,accu:0.995189,loss_recon:0.036779

18400-loss_z:26.020224,accu:0.481013,loss_recon:0.078101

18600-loss_z:0.074415,accu:0.996641,loss_recon:0.036575

18600-loss_z:26.488148,accu:0.443038,loss_recon:0.078148

18800-loss_z:0.070741,accu:0.996263,loss_recon:0.036762

18800-loss_z:26.895113,accu:0.443038,loss_recon:0.077829

19000-loss_z:0.068292,accu:0.996882,loss_recon:0.03603

19000-loss_z:27.400446,accu:0.455696,loss_recon:0.079008

19200-loss_z:0.066665,accu:0.996738,loss_recon:0.03656

19200-loss_z:27.817207,accu:0.43038,loss_recon:0.077237

19400-loss_z:0.064079,accu:0.997591,loss_recon:0.036278

19400-loss_z:28.186768,accu:0.443038,loss_recon:0.078366

19600-loss_z:0.063506,accu:0.997318,loss_recon:0.036633

19600-loss_z:28.638693,accu:0.443038,loss_recon:0.078712

19800-loss_z:0.06209,accu:0.996074,loss_recon:0.035937

19800-loss_z:29.107552,accu:0.43038,loss_recon:0.078679

20000-loss_z:0.060503,accu:0.997012,loss_recon:0.036392

20000-loss_z:29.616419,accu:0.443038,loss_recon:0.079885

Continue training
New FC model is initialized
200-loss_z:2.547748,accu:0.204524,loss_recon:0.982199

200-loss_z:2.582508,accu:0.050633,loss_recon:0.715907

400-loss_z:1.872614,accu:0.382956,loss_recon:0.389071

400-loss_z:2.451554,accu:0.063291,loss_recon:0.424114

600-loss_z:1.555224,accu:0.482233,loss_recon:0.194059

600-loss_z:2.50578,accu:0.101266,loss_recon:0.283292

800-loss_z:1.361007,accu:0.546628,loss_recon:0.135073

800-loss_z:2.575796,accu:0.189873,loss_recon:0.212914

1000-loss_z:1.224283,accu:0.611068,loss_recon:0.11244

1000-loss_z:2.674886,accu:0.21519,loss_recon:0.184008

1200-loss_z:1.116174,accu:0.647663,loss_recon:0.102525

1200-loss_z:2.792938,accu:0.21519,loss_recon:0.165065

1400-loss_z:1.031967,accu:0.676706,loss_recon:0.09738

1400-loss_z:2.93435,accu:0.240506,loss_recon:0.15299

1600-loss_z:0.961412,accu:0.695905,loss_recon:0.094183

1600-loss_z:3.076435,accu:0.265823,loss_recon:0.144981

1800-loss_z:0.902542,accu:0.710898,loss_recon:0.090933

1800-loss_z:3.250654,accu:0.240506,loss_recon:0.133976

2000-loss_z:0.849871,accu:0.732389,loss_recon:0.086193

2000-loss_z:3.405647,accu:0.291139,loss_recon:0.130739

2200-loss_z:0.809621,accu:0.756829,loss_recon:0.084881

2200-loss_z:3.590485,accu:0.316456,loss_recon:0.127041

2400-loss_z:0.769213,accu:0.769505,loss_recon:0.081628

2400-loss_z:3.768404,accu:0.253165,loss_recon:0.12352

2600-loss_z:0.735518,accu:0.787461,loss_recon:0.08008

2600-loss_z:3.927813,accu:0.329114,loss_recon:0.123235

2800-loss_z:0.697746,accu:0.808971,loss_recon:0.077516

2800-loss_z:4.100684,accu:0.392405,loss_recon:0.118682

3000-loss_z:0.66918,accu:0.824525,loss_recon:0.076653

3000-loss_z:4.330763,accu:0.329114,loss_recon:0.118029

3200-loss_z:0.640844,accu:0.840619,loss_recon:0.074652

3200-loss_z:4.545643,accu:0.392405,loss_recon:0.117376

3400-loss_z:0.611026,accu:0.846185,loss_recon:0.073736

3400-loss_z:4.790325,accu:0.367089,loss_recon:0.118937

3600-loss_z:0.588704,accu:0.852643,loss_recon:0.071533

3600-loss_z:5.038689,accu:0.367089,loss_recon:0.114875

3800-loss_z:0.560614,accu:0.87041,loss_recon:0.07045

3800-loss_z:5.257655,accu:0.43038,loss_recon:0.114958

4000-loss_z:0.54007,accu:0.881081,loss_recon:0.068507

4000-loss_z:5.463304,accu:0.405063,loss_recon:0.114629

4200-loss_z:0.514984,accu:0.889141,loss_recon:0.066414

4200-loss_z:5.728636,accu:0.405063,loss_recon:0.115022

4400-loss_z:0.494519,accu:0.897721,loss_recon:0.066006

4400-loss_z:6.005692,accu:0.392405,loss_recon:0.112358

4600-loss_z:0.47106,accu:0.903952,loss_recon:0.064034

4600-loss_z:6.286341,accu:0.443038,loss_recon:0.115293

4800-loss_z:0.455084,accu:0.907064,loss_recon:0.062469

4800-loss_z:6.569078,accu:0.443038,loss_recon:0.10949

5000-loss_z:0.438728,accu:0.909544,loss_recon:0.060454

5000-loss_z:6.849257,accu:0.443038,loss_recon:0.111103

5200-loss_z:0.425746,accu:0.914089,loss_recon:0.059256

5200-loss_z:7.155087,accu:0.468354,loss_recon:0.109546

5400-loss_z:0.409184,accu:0.912819,loss_recon:0.057786

5400-loss_z:7.463211,accu:0.443038,loss_recon:0.10758

5600-loss_z:0.396354,accu:0.914277,loss_recon:0.056153

5600-loss_z:7.74923,accu:0.43038,loss_recon:0.108729

5800-loss_z:0.382517,accu:0.922148,loss_recon:0.054626

5800-loss_z:8.085685,accu:0.405063,loss_recon:0.109032

6000-loss_z:0.368332,accu:0.921634,loss_recon:0.053406

6000-loss_z:8.373035,accu:0.481013,loss_recon:0.109119

6200-loss_z:0.357152,accu:0.923184,loss_recon:0.052505

6200-loss_z:8.724422,accu:0.455696,loss_recon:0.106747

6400-loss_z:0.345575,accu:0.926673,loss_recon:0.052105

6400-loss_z:8.999724,accu:0.455696,loss_recon:0.111988

6600-loss_z:0.33168,accu:0.93321,loss_recon:0.051099

6600-loss_z:9.279097,accu:0.455696,loss_recon:0.111729

6800-loss_z:0.321985,accu:0.933229,loss_recon:0.04972

6800-loss_z:9.541132,accu:0.506329,loss_recon:0.10871

7000-loss_z:0.309759,accu:0.935619,loss_recon:0.049842

7000-loss_z:9.793345,accu:0.481013,loss_recon:0.109594

7200-loss_z:0.300093,accu:0.940501,loss_recon:0.048846

7200-loss_z:9.954694,accu:0.468354,loss_recon:0.109275

7400-loss_z:0.290758,accu:0.942148,loss_recon:0.047977

7400-loss_z:10.096429,accu:0.493671,loss_recon:0.109703

7600-loss_z:0.281269,accu:0.943529,loss_recon:0.046688

7600-loss_z:10.29201,accu:0.481013,loss_recon:0.11167

7800-loss_z:0.269169,accu:0.949486,loss_recon:0.046296

7800-loss_z:10.489661,accu:0.481013,loss_recon:0.110971

8000-loss_z:0.2624,accu:0.954674,loss_recon:0.046033

8000-loss_z:10.617629,accu:0.493671,loss_recon:0.109765

8200-loss_z:0.257187,accu:0.952799,loss_recon:0.045601

8200-loss_z:10.792727,accu:0.481013,loss_recon:0.111963

8400-loss_z:0.247101,accu:0.957428,loss_recon:0.045411

8400-loss_z:10.946742,accu:0.481013,loss_recon:0.11284

8600-loss_z:0.238203,accu:0.961927,loss_recon:0.044389

8600-loss_z:11.163365,accu:0.481013,loss_recon:0.110815

8800-loss_z:0.228246,accu:0.964063,loss_recon:0.044039

8800-loss_z:11.334126,accu:0.493671,loss_recon:0.110112

9000-loss_z:0.222144,accu:0.96791,loss_recon:0.043398

9000-loss_z:11.521686,accu:0.506329,loss_recon:0.108363

9200-loss_z:0.216028,accu:0.970404,loss_recon:0.042833

9200-loss_z:11.685898,accu:0.506329,loss_recon:0.113489

9400-loss_z:0.206255,accu:0.972591,loss_recon:0.04285

9400-loss_z:11.899985,accu:0.506329,loss_recon:0.110866

9600-loss_z:0.202747,accu:0.972793,loss_recon:0.042442

9600-loss_z:12.048998,accu:0.506329,loss_recon:0.110526

9800-loss_z:0.196449,accu:0.975632,loss_recon:0.042311

9800-loss_z:12.260972,accu:0.531646,loss_recon:0.112735

10000-loss_z:0.188878,accu:0.978008,loss_recon:0.04136

10000-loss_z:12.451488,accu:0.518987,loss_recon:0.109464

10200-loss_z:0.180835,accu:0.977103,loss_recon:0.040937

10200-loss_z:12.589068,accu:0.506329,loss_recon:0.110959

10400-loss_z:0.174809,accu:0.979525,loss_recon:0.039888

10400-loss_z:12.764622,accu:0.518987,loss_recon:0.108199

10600-loss_z:0.169531,accu:0.982565,loss_recon:0.039641

10600-loss_z:12.943213,accu:0.518987,loss_recon:0.109873

10800-loss_z:0.165231,accu:0.983177,loss_recon:0.039095

10800-loss_z:13.107382,accu:0.493671,loss_recon:0.111369

11000-loss_z:0.1581,accu:0.98625,loss_recon:0.038616

11000-loss_z:13.317914,accu:0.493671,loss_recon:0.108321

11200-loss_z:0.155152,accu:0.989108,loss_recon:0.038243

11200-loss_z:13.504404,accu:0.481013,loss_recon:0.112362

11400-loss_z:0.151116,accu:0.987246,loss_recon:0.037793

11400-loss_z:13.683337,accu:0.481013,loss_recon:0.112005

11600-loss_z:0.14589,accu:0.991055,loss_recon:0.037398

11600-loss_z:13.83779,accu:0.518987,loss_recon:0.111325

11800-loss_z:0.139468,accu:0.989616,loss_recon:0.037084

11800-loss_z:14.063992,accu:0.518987,loss_recon:0.111766

12000-loss_z:0.137059,accu:0.991374,loss_recon:0.037268

12000-loss_z:14.246604,accu:0.506329,loss_recon:0.110743

12200-loss_z:0.131809,accu:0.993691,loss_recon:0.036643

12200-loss_z:14.440493,accu:0.506329,loss_recon:0.109997

12400-loss_z:0.129494,accu:0.99263,loss_recon:0.036525

12400-loss_z:14.632497,accu:0.518987,loss_recon:0.110129

12600-loss_z:0.124925,accu:0.993939,loss_recon:0.036585

12600-loss_z:14.796512,accu:0.518987,loss_recon:0.108838

12800-loss_z:0.120572,accu:0.99556,loss_recon:0.03635

12800-loss_z:15.005566,accu:0.506329,loss_recon:0.108366

13000-loss_z:0.117892,accu:0.995299,loss_recon:0.036052

13000-loss_z:15.22457,accu:0.518987,loss_recon:0.107855

13200-loss_z:0.115059,accu:0.994499,loss_recon:0.035775

13200-loss_z:15.40702,accu:0.506329,loss_recon:0.111071

13400-loss_z:0.110596,accu:0.99485,loss_recon:0.035436

13400-loss_z:15.577445,accu:0.518987,loss_recon:0.111079

13600-loss_z:0.107625,accu:0.998053,loss_recon:0.035364

13600-loss_z:15.801877,accu:0.531646,loss_recon:0.111414

13800-loss_z:0.103018,accu:0.995885,loss_recon:0.035073

13800-loss_z:15.977322,accu:0.518987,loss_recon:0.110025

14000-loss_z:0.101047,accu:0.995977,loss_recon:0.034875

14000-loss_z:16.17244,accu:0.493671,loss_recon:0.108778

14200-loss_z:0.097281,accu:0.997266,loss_recon:0.034599

14200-loss_z:16.350191,accu:0.506329,loss_recon:0.113566

14400-loss_z:0.095341,accu:0.996758,loss_recon:0.034687

14400-loss_z:16.560461,accu:0.531646,loss_recon:0.111996

14600-loss_z:0.091894,accu:0.997363,loss_recon:0.034631

14600-loss_z:16.803333,accu:0.518987,loss_recon:0.109125

14800-loss_z:0.0899,accu:0.997298,loss_recon:0.034291

14800-loss_z:16.997595,accu:0.544304,loss_recon:0.109257

15000-loss_z:0.088207,accu:0.997806,loss_recon:0.034403

15000-loss_z:17.166334,accu:0.531646,loss_recon:0.110673

15200-loss_z:0.08485,accu:0.99724,loss_recon:0.034326

15200-loss_z:17.393145,accu:0.518987,loss_recon:0.111701

15400-loss_z:0.081041,accu:0.997188,loss_recon:0.033836

15400-loss_z:17.578844,accu:0.544304,loss_recon:0.113613

15600-loss_z:0.078942,accu:0.998125,loss_recon:0.033589

15600-loss_z:17.761702,accu:0.506329,loss_recon:0.111224

15800-loss_z:0.076324,accu:0.999473,loss_recon:0.033391

15800-loss_z:17.943037,accu:0.506329,loss_recon:0.109165

16000-loss_z:0.074322,accu:0.999199,loss_recon:0.033581

16000-loss_z:18.221148,accu:0.518987,loss_recon:0.109131

16200-loss_z:0.071589,accu:0.998574,loss_recon:0.033458

16200-loss_z:18.356424,accu:0.518987,loss_recon:0.108455

16400-loss_z:0.070046,accu:0.999421,loss_recon:0.033362

16400-loss_z:18.58293,accu:0.506329,loss_recon:0.10801

16600-loss_z:0.067322,accu:0.999271,loss_recon:0.033436

16600-loss_z:18.766964,accu:0.531646,loss_recon:0.108314

16800-loss_z:0.06569,accu:0.999108,loss_recon:0.03279

16800-loss_z:18.97187,accu:0.518987,loss_recon:0.107675

17000-loss_z:0.064998,accu:0.999316,loss_recon:0.032501

17000-loss_z:19.116117,accu:0.506329,loss_recon:0.10982

17200-loss_z:0.061943,accu:0.999492,loss_recon:0.032571

17200-loss_z:19.361206,accu:0.518987,loss_recon:0.106911

17400-loss_z:0.059564,accu:0.999271,loss_recon:0.032178

17400-loss_z:19.552172,accu:0.518987,loss_recon:0.107867

17600-loss_z:0.059937,accu:0.999714,loss_recon:0.032431

17600-loss_z:19.764824,accu:0.506329,loss_recon:0.105395

17800-loss_z:0.056518,accu:0.999609,loss_recon:0.031942

17800-loss_z:19.92564,accu:0.531646,loss_recon:0.105934

18000-loss_z:0.05547,accu:0.999863,loss_recon:0.031711

18000-loss_z:20.120878,accu:0.531646,loss_recon:0.109075

18200-loss_z:0.053561,accu:0.999655,loss_recon:0.031668

18200-loss_z:20.375792,accu:0.506329,loss_recon:0.106054

18400-loss_z:0.051741,accu:0.999857,loss_recon:0.031377

18400-loss_z:20.548149,accu:0.531646,loss_recon:0.106329

18600-loss_z:0.05039,accu:1.0,loss_recon:0.031194

18600-loss_z:20.726624,accu:0.531646,loss_recon:0.107992

18800-loss_z:0.048349,accu:0.999902,loss_recon:0.031647

18800-loss_z:20.963024,accu:0.531646,loss_recon:0.109095

19000-loss_z:0.047371,accu:0.999753,loss_recon:0.031023

19000-loss_z:21.192289,accu:0.531646,loss_recon:0.107914

19200-loss_z:0.045601,accu:0.999564,loss_recon:0.031197

19200-loss_z:21.406221,accu:0.531646,loss_recon:0.107757

19400-loss_z:0.044936,accu:1.0,loss_recon:0.030642

19400-loss_z:21.595087,accu:0.518987,loss_recon:0.108868

19600-loss_z:0.043331,accu:1.0,loss_recon:0.031107

19600-loss_z:21.815027,accu:0.544304,loss_recon:0.108065

19800-loss_z:0.041471,accu:0.999876,loss_recon:0.031085

19800-loss_z:22.039352,accu:0.544304,loss_recon:0.108301

20000-loss_z:0.041235,accu:0.99972,loss_recon:0.030903

20000-loss_z:22.26318,accu:0.531646,loss_recon:0.106093

Exp path: /home/xuanjie.liu/Projects/S3Plus/VQ/exp/2025.05.18_10vq_Zc[2]_Zs[0]_edim1_[0-20]_plus1024_1_tripleSet_Fullsymm
{'train_data_path': '/home/xuanjie.liu/Projects/S3Plus/VQ/exp/2025.05.18_10vq_Zc[2]_Zs[0]_edim1_[0-20]_plus1024_1_tripleSet_Fullsymm/../../../dataset/single_style_pairs(0,20)_tripleSet/train', 'single_img_eval_set_path': '/home/xuanjie.liu/Projects/S3Plus/VQ/exp/2025.05.18_10vq_Zc[2]_Zs[0]_edim1_[0-20]_plus1024_1_tripleSet_Fullsymm/../../../dataset/(0,20)-FixedPos-oneStyle', 'plus_eval_set_path': ['/home/xuanjie.liu/Projects/S3Plus/VQ/exp/2025.05.18_10vq_Zc[2]_Zs[0]_edim1_[0-20]_plus1024_1_tripleSet_Fullsymm/../../../dataset/single_style_pairs(0,20)_tripleSet/test_1', '/home/xuanjie.liu/Projects/S3Plus/VQ/exp/2025.05.18_10vq_Zc[2]_Zs[0]_edim1_[0-20]_plus1024_1_tripleSet_Fullsymm/../../../dataset/single_style_pairs(0,20)_tripleSet/test_2'], 'latent_embedding_1': 2, 'latent_embedding_2': 0, 'multi_num_embeddings': None, 'latent_code_2': 0, 'embedding_dim': 1, 'is_plot_zc_value': True, 'embeddings_num': 10, 'is_plot_vis_num': True, 'kld_loss_scalar': 0.0, 'checkpoint_interval': 2000, 'learning_rate': 0.0001, 'scheduler_base_num': 0.99999, 'max_iter_num': 50001, 'model_path': 'curr_model.pt', 'train_result_path': 'TrainingResults/', 'eval_result_path': 'EvalResults/', 'train_record_path': 'Train_record.txt', 'eval_record_path': 'Eval_record.txt', 'plus_accu_record_path': 'plus_eval.txt', 'log_interval': 500, 'eval_interval': 2000, 'is_save_img': True, 'batch_size': 128, 'is_commutative_train': False, 'is_commutative_all': False, 'z_plus_loss_scalar': 0.02, 'commutative_z_loss_scalar': 0.0, 'associative_z_loss_scalar': 0.02, 'plus_mse_scalar': -1, 'plus_recon_loss_scalar': 3, 'min_loss_scalar': 1e-05, 'K': 1024, 'assoc_aug_range': (-3, 3), 'commitment_scalar': 0.0025, 'embedding_scalar': 0.01, 'isVQStyle': False, 'plus_by_embedding': True, 'plus_by_zcode': False, 'VQPlus_eqLoss_scalar': 0.5, 'is_zc_based_assoc': True, 'is_rand_z_assoc': False, 'is_assoc_within_batch': True, 'is_switch_digital': False, 'is_full_symm': True, 'is_assoc': False, 'is_twice_oper': False, 'img_noise': 0.0, 'network_config': {'enc_dec': {'img_channel': 3, 'last_H': 4, 'last_W': 4, 'first_ch_num': 16}, 'enc_fc': {'n_units': 128, 'n_hidden_layers': 2}, 'plus': {'plus_unit': 1024, 'n_hidden_layers': 2}}, 'eval_config': {'pipeline_result_path': 'PIPELINE_EVAL', 'optimal_checkpoint_finding_config': {'optimal_checkpoint_num': 'find_by_keys', 'record_name': 'Train_record.txt', 'keys': ['plus_recon', 'plus_z', 'loss_oper', 'loss_ED'], 'iter_after': 0.1}, 'plus_eval_configs': [{'name': 'eval_set', 'eval_set_path_list': ['/home/xuanjie.liu/Projects/S3Plus/VQ/exp/2025.05.18_10vq_Zc[2]_Zs[0]_edim1_[0-20]_plus1024_1_tripleSet_Fullsymm/../../../dataset/single_style_pairs(0,20)_tripleSet/test_1', '/home/xuanjie.liu/Projects/S3Plus/VQ/exp/2025.05.18_10vq_Zc[2]_Zs[0]_edim1_[0-20]_plus1024_1_tripleSet_Fullsymm/../../../dataset/single_style_pairs(0,20)_tripleSet/test_2'], 'is_blur': False, 'blur_config': {'kernel_size_choices': (5, 7, 9), 'sigma_range': (0.5, 3.0), 'p_no_blur': 0.0}, 'augment_times': 1}], 'emb_matching_rate_configs': [{'name': 'emb_matching_rate', 'eval_set_path_list': ['/home/xuanjie.liu/Projects/S3Plus/VQ/exp/2025.05.18_10vq_Zc[2]_Zs[0]_edim1_[0-20]_plus1024_1_tripleSet_Fullsymm/../../../dataset/(0,20)-FixedPos-oneStyle'], 'is_blur': False, 'blur_config': {'kernel_size_choices': (5, 7, 9), 'sigma_range': (0.5, 3.0), 'p_no_blur': 0.0}, 'augment_times': 1}], 'orderliness_configs': [{'name': 'orderliness', 'img_dir_name': 'orderliness', 'eval_set_path_list': ['/home/xuanjie.liu/Projects/S3Plus/VQ/exp/2025.05.18_10vq_Zc[2]_Zs[0]_edim1_[0-20]_plus1024_1_tripleSet_Fullsymm/../../../dataset/(0,20)-FixedPos-oneStyle'], 'is_blur': False, 'blur_config': {'kernel_size_choices': (5, 7, 9), 'sigma_range': (0.5, 3.0), 'p_no_blur': 0.0}, 'augment_times': 1}], 'interpolate_configs': [{'name': 'train_interpolate', 'eval_set_path_list': ['/home/xuanjie.liu/Projects/S3Plus/VQ/exp/2025.05.18_10vq_Zc[2]_Zs[0]_edim1_[0-20]_plus1024_1_tripleSet_Fullsymm/../../../dataset/single_style_pairs(0,20)_tripleSet/train'], 'is_blur': False, 'blur_config': {'kernel_size_choices': (5, 7, 9), 'sigma_range': (0.5, 3.0), 'p_no_blur': 0.0}, 'augment_times': 1, 'interpolate_num': 1}]}}
[{'task_name': 'minus_16_1.1', 'train_data_path': '/home/xuanjie.liu/Projects/S3Plus/VQ/exp/2025.05.18_10vq_Zc[2]_Zs[0]_edim1_[0-20]_plus1024_1_tripleSet_Fullsymm/../../../dataset/single_style_pairs_minus(0,20)/train', 'eval_data_path': '/home/xuanjie.liu/Projects/S3Plus/VQ/exp/2025.05.18_10vq_Zc[2]_Zs[0]_edim1_[0-20]_plus1024_1_tripleSet_Fullsymm/../../../dataset/single_style_pairs_minus(0,20)/test', 'batch_size': 128, 'train_record_path': 'train_record.txt', 'eval_record_path': 'eval_record.txt', 'pretrained_path': 'checkpoint_40000.pt', 'fc_model_path': 'minus_model.pt', 'max_iter_num': 20001, 'log_interval': 200, 'num_class': 21, 'fc_network_config': {'plus_unit': 16, 'n_hidden_layers': 1}, 'learning_rate': 0.001}]
Sub-Exp path: /home/xuanjie.liu/Projects/S3Plus/VQ/exp/2025.05.18_10vq_Zc[2]_Zs[0]_edim1_[0-20]_plus1024_1_tripleSet_Fullsymm/18
Optimal checkpoint: 48000
Pretrained Model is loaded
Continue training
New FC model is initialized
200-loss_z:2.582243,accu:0.168889,loss_recon:1.031978

200-loss_z:2.592292,accu:0.088608,loss_recon:0.598538

400-loss_z:1.981548,accu:0.309323,loss_recon:0.299818

400-loss_z:2.403759,accu:0.151899,loss_recon:0.261895

600-loss_z:1.68095,accu:0.408008,loss_recon:0.146807

600-loss_z:2.375765,accu:0.164557,loss_recon:0.167693

800-loss_z:1.469914,accu:0.481302,loss_recon:0.093563

800-loss_z:2.421993,accu:0.202532,loss_recon:0.11469

1000-loss_z:1.32604,accu:0.58554,loss_recon:0.064611

1000-loss_z:2.466069,accu:0.177215,loss_recon:0.091014

1200-loss_z:1.204994,accu:0.638125,loss_recon:0.052135

1200-loss_z:2.546627,accu:0.189873,loss_recon:0.080723

1400-loss_z:1.117273,accu:0.688867,loss_recon:0.04328

1400-loss_z:2.621016,accu:0.202532,loss_recon:0.071948

1600-loss_z:1.036225,accu:0.713646,loss_recon:0.035487

1600-loss_z:2.669476,accu:0.240506,loss_recon:0.064753

1800-loss_z:0.97144,accu:0.735749,loss_recon:0.031261

1800-loss_z:2.770908,accu:0.177215,loss_recon:0.059818

2000-loss_z:0.911821,accu:0.75862,loss_recon:0.027073

2000-loss_z:2.808969,accu:0.21519,loss_recon:0.057138

2200-loss_z:0.860974,accu:0.790195,loss_recon:0.024347

2200-loss_z:2.890806,accu:0.253165,loss_recon:0.05478

2400-loss_z:0.809556,accu:0.802526,loss_recon:0.022509

2400-loss_z:2.956536,accu:0.21519,loss_recon:0.052909

2600-loss_z:0.763114,accu:0.817604,loss_recon:0.021267

2600-loss_z:3.045139,accu:0.265823,loss_recon:0.051983

2800-loss_z:0.723111,accu:0.823717,loss_recon:0.020487

2800-loss_z:3.115272,accu:0.278481,loss_recon:0.050089

3000-loss_z:0.686897,accu:0.838568,loss_recon:0.019015

3000-loss_z:3.19849,accu:0.291139,loss_recon:0.049657

3200-loss_z:0.659197,accu:0.84862,loss_recon:0.017779

3200-loss_z:3.296727,accu:0.278481,loss_recon:0.048671

3400-loss_z:0.625635,accu:0.861523,loss_recon:0.016847

3400-loss_z:3.367419,accu:0.265823,loss_recon:0.047895

3600-loss_z:0.600637,accu:0.867357,loss_recon:0.016353

3600-loss_z:3.487042,accu:0.291139,loss_recon:0.047677

3800-loss_z:0.577376,accu:0.881361,loss_recon:0.016049

3800-loss_z:3.615397,accu:0.291139,loss_recon:0.046197

4000-loss_z:0.550766,accu:0.888411,loss_recon:0.01537

4000-loss_z:3.735003,accu:0.329114,loss_recon:0.04656

4200-loss_z:0.530024,accu:0.891868,loss_recon:0.015201

4200-loss_z:3.841627,accu:0.341772,loss_recon:0.045861

4400-loss_z:0.507951,accu:0.902904,loss_recon:0.014792

4400-loss_z:3.974258,accu:0.329114,loss_recon:0.045714

4600-loss_z:0.489748,accu:0.907656,loss_recon:0.014205

4600-loss_z:4.11985,accu:0.367089,loss_recon:0.045774

4800-loss_z:0.465925,accu:0.914004,loss_recon:0.013884

4800-loss_z:4.259943,accu:0.35443,loss_recon:0.04441

5000-loss_z:0.443465,accu:0.919792,loss_recon:0.013482

5000-loss_z:4.416911,accu:0.43038,loss_recon:0.044051

5200-loss_z:0.426933,accu:0.924844,loss_recon:0.013282

5200-loss_z:4.58915,accu:0.367089,loss_recon:0.044406

5400-loss_z:0.406345,accu:0.932865,loss_recon:0.013104

5400-loss_z:4.773317,accu:0.35443,loss_recon:0.044731

5600-loss_z:0.389611,accu:0.942754,loss_recon:0.012869

5600-loss_z:4.935944,accu:0.392405,loss_recon:0.045346

5800-loss_z:0.375422,accu:0.938672,loss_recon:0.012731

5800-loss_z:5.141205,accu:0.379747,loss_recon:0.045355

6000-loss_z:0.358415,accu:0.948744,loss_recon:0.012424

6000-loss_z:5.338377,accu:0.392405,loss_recon:0.044953

6200-loss_z:0.345729,accu:0.952852,loss_recon:0.012145

6200-loss_z:5.489972,accu:0.405063,loss_recon:0.045534

6400-loss_z:0.334765,accu:0.956029,loss_recon:0.012093

6400-loss_z:5.722982,accu:0.379747,loss_recon:0.044647

6600-loss_z:0.317221,accu:0.959876,loss_recon:0.011807

6600-loss_z:5.924078,accu:0.417722,loss_recon:0.045158

6800-loss_z:0.308814,accu:0.960423,loss_recon:0.011748

6800-loss_z:6.087491,accu:0.43038,loss_recon:0.043926

7000-loss_z:0.292664,accu:0.962995,loss_recon:0.011424

7000-loss_z:6.316432,accu:0.405063,loss_recon:0.045071

7200-loss_z:0.287253,accu:0.964303,loss_recon:0.011485

7200-loss_z:6.507159,accu:0.405063,loss_recon:0.0456

7400-loss_z:0.277216,accu:0.966159,loss_recon:0.011362

7400-loss_z:6.681919,accu:0.417722,loss_recon:0.042676

7600-loss_z:0.265729,accu:0.969518,loss_recon:0.011272

7600-loss_z:6.892455,accu:0.392405,loss_recon:0.043934

7800-loss_z:0.256368,accu:0.971126,loss_recon:0.011191

7800-loss_z:7.085065,accu:0.417722,loss_recon:0.043306

8000-loss_z:0.249084,accu:0.972331,loss_recon:0.011108

8000-loss_z:7.217152,accu:0.455696,loss_recon:0.042067

8200-loss_z:0.238745,accu:0.975618,loss_recon:0.010985

8200-loss_z:7.419918,accu:0.43038,loss_recon:0.043688

8400-loss_z:0.232475,accu:0.976263,loss_recon:0.010924

8400-loss_z:7.620035,accu:0.443038,loss_recon:0.043382

8600-loss_z:0.221332,accu:0.981536,loss_recon:0.0108

8600-loss_z:7.798001,accu:0.417722,loss_recon:0.041939

8800-loss_z:0.215441,accu:0.980189,loss_recon:0.010713

8800-loss_z:7.906846,accu:0.392405,loss_recon:0.041614

9000-loss_z:0.206861,accu:0.986439,loss_recon:0.010749

9000-loss_z:8.096761,accu:0.405063,loss_recon:0.041641

9200-loss_z:0.201298,accu:0.986165,loss_recon:0.010815

9200-loss_z:8.250881,accu:0.417722,loss_recon:0.040576

9400-loss_z:0.193644,accu:0.986836,loss_recon:0.010643

9400-loss_z:8.369112,accu:0.417722,loss_recon:0.040605

9600-loss_z:0.189162,accu:0.9889,loss_recon:0.010695

9600-loss_z:8.501923,accu:0.417722,loss_recon:0.04061

9800-loss_z:0.182341,accu:0.990911,loss_recon:0.010645

9800-loss_z:8.648246,accu:0.405063,loss_recon:0.04008

10000-loss_z:0.176935,accu:0.991947,loss_recon:0.010626

10000-loss_z:8.825668,accu:0.405063,loss_recon:0.041168

10200-loss_z:0.167844,accu:0.99123,loss_recon:0.010621

10200-loss_z:8.978914,accu:0.405063,loss_recon:0.040528

10400-loss_z:0.16456,accu:0.993581,loss_recon:0.0104

10400-loss_z:9.139265,accu:0.455696,loss_recon:0.042264

10600-loss_z:0.158598,accu:0.992376,loss_recon:0.01056

10600-loss_z:9.287184,accu:0.417722,loss_recon:0.040377

10800-loss_z:0.153236,accu:0.99459,loss_recon:0.010491

10800-loss_z:9.470319,accu:0.392405,loss_recon:0.041103

11000-loss_z:0.14922,accu:0.994271,loss_recon:0.010484

11000-loss_z:9.601398,accu:0.417722,loss_recon:0.040107

11200-loss_z:0.139989,accu:0.995885,loss_recon:0.010386

11200-loss_z:9.770412,accu:0.417722,loss_recon:0.041288

11400-loss_z:0.135558,accu:0.997253,loss_recon:0.010416

11400-loss_z:9.942808,accu:0.417722,loss_recon:0.040994

11600-loss_z:0.130369,accu:0.996842,loss_recon:0.010388

11600-loss_z:10.127478,accu:0.379747,loss_recon:0.039723

11800-loss_z:0.126483,accu:0.998438,loss_recon:0.010446

11800-loss_z:10.323678,accu:0.367089,loss_recon:0.038455

12000-loss_z:0.123216,accu:0.999193,loss_recon:0.010444

12000-loss_z:10.468802,accu:0.379747,loss_recon:0.039451

12200-loss_z:0.118276,accu:0.999518,loss_recon:0.010345

12200-loss_z:10.657197,accu:0.392405,loss_recon:0.039256

12400-loss_z:0.114667,accu:0.999818,loss_recon:0.010304

12400-loss_z:10.827065,accu:0.379747,loss_recon:0.040096

12600-loss_z:0.110502,accu:0.999961,loss_recon:0.01036

12600-loss_z:11.034588,accu:0.379747,loss_recon:0.040777

12800-loss_z:0.107378,accu:0.999779,loss_recon:0.010371

12800-loss_z:11.247849,accu:0.379747,loss_recon:0.039919

13000-loss_z:0.102511,accu:1.0,loss_recon:0.010183

13000-loss_z:11.545344,accu:0.367089,loss_recon:0.040372

13200-loss_z:0.098968,accu:1.0,loss_recon:0.010379

13200-loss_z:11.850451,accu:0.367089,loss_recon:0.038268

13400-loss_z:0.093974,accu:1.0,loss_recon:0.010352

13400-loss_z:12.129602,accu:0.379747,loss_recon:0.040068

13600-loss_z:0.091877,accu:1.0,loss_recon:0.010289

13600-loss_z:12.439902,accu:0.392405,loss_recon:0.039383

13800-loss_z:0.089537,accu:1.0,loss_recon:0.010421

13800-loss_z:12.70042,accu:0.392405,loss_recon:0.038782

14000-loss_z:0.085738,accu:1.0,loss_recon:0.010286

14000-loss_z:13.005142,accu:0.405063,loss_recon:0.040516

14200-loss_z:0.082728,accu:1.0,loss_recon:0.010438

14200-loss_z:13.284215,accu:0.405063,loss_recon:0.041395

14400-loss_z:0.080219,accu:1.0,loss_recon:0.010163

14400-loss_z:13.590533,accu:0.405063,loss_recon:0.039836

14600-loss_z:0.076494,accu:1.0,loss_recon:0.010221

14600-loss_z:13.86959,accu:0.405063,loss_recon:0.038497

14800-loss_z:0.07347,accu:1.0,loss_recon:0.010251

14800-loss_z:14.136403,accu:0.35443,loss_recon:0.040495

15000-loss_z:0.070237,accu:1.0,loss_recon:0.010192

15000-loss_z:14.368239,accu:0.405063,loss_recon:0.039475

15200-loss_z:0.068353,accu:1.0,loss_recon:0.010136

15200-loss_z:14.620825,accu:0.405063,loss_recon:0.039282

15400-loss_z:0.065839,accu:1.0,loss_recon:0.010223

15400-loss_z:14.952606,accu:0.379747,loss_recon:0.039214

15600-loss_z:0.062335,accu:1.0,loss_recon:0.010187

15600-loss_z:15.229325,accu:0.379747,loss_recon:0.039192

15800-loss_z:0.060957,accu:1.0,loss_recon:0.010292

15800-loss_z:15.508034,accu:0.405063,loss_recon:0.039197

16000-loss_z:0.057723,accu:1.0,loss_recon:0.010192

16000-loss_z:15.823671,accu:0.392405,loss_recon:0.039529

16200-loss_z:0.05515,accu:1.0,loss_recon:0.01022

16200-loss_z:16.119654,accu:0.379747,loss_recon:0.039985

16400-loss_z:0.053513,accu:1.0,loss_recon:0.010378

16400-loss_z:16.449263,accu:0.379747,loss_recon:0.04043

16600-loss_z:0.051777,accu:1.0,loss_recon:0.010292

16600-loss_z:16.774591,accu:0.405063,loss_recon:0.038926

16800-loss_z:0.04912,accu:1.0,loss_recon:0.01036

16800-loss_z:17.034595,accu:0.379747,loss_recon:0.040374

17000-loss_z:0.047531,accu:1.0,loss_recon:0.010228

17000-loss_z:17.351706,accu:0.367089,loss_recon:0.039629

17200-loss_z:0.045372,accu:1.0,loss_recon:0.010268

17200-loss_z:17.643051,accu:0.392405,loss_recon:0.039929

17400-loss_z:0.04337,accu:1.0,loss_recon:0.010094

17400-loss_z:17.8678,accu:0.392405,loss_recon:0.0393

17600-loss_z:0.041313,accu:1.0,loss_recon:0.010206

17600-loss_z:18.200565,accu:0.379747,loss_recon:0.040112

17800-loss_z:0.040219,accu:1.0,loss_recon:0.010226

17800-loss_z:18.471399,accu:0.379747,loss_recon:0.039357

18000-loss_z:0.038417,accu:1.0,loss_recon:0.010201

18000-loss_z:18.787027,accu:0.367089,loss_recon:0.039891

18200-loss_z:0.037057,accu:1.0,loss_recon:0.01023

18200-loss_z:19.049482,accu:0.405063,loss_recon:0.039314

18400-loss_z:0.036329,accu:1.0,loss_recon:0.010363

18400-loss_z:19.401834,accu:0.392405,loss_recon:0.038343

18600-loss_z:0.034261,accu:1.0,loss_recon:0.010193

18600-loss_z:19.701353,accu:0.417722,loss_recon:0.039879

18800-loss_z:0.032431,accu:1.0,loss_recon:0.010258

18800-loss_z:20.006193,accu:0.405063,loss_recon:0.040121

19000-loss_z:0.03109,accu:1.0,loss_recon:0.010236

19000-loss_z:20.452749,accu:0.405063,loss_recon:0.040085

19200-loss_z:0.029931,accu:1.0,loss_recon:0.010185

19200-loss_z:20.779537,accu:0.405063,loss_recon:0.038255

19400-loss_z:0.028531,accu:1.0,loss_recon:0.010249

19400-loss_z:21.089437,accu:0.417722,loss_recon:0.04037

19600-loss_z:0.027674,accu:1.0,loss_recon:0.010249

19600-loss_z:21.415819,accu:0.43038,loss_recon:0.03955

19800-loss_z:0.026381,accu:1.0,loss_recon:0.010336

19800-loss_z:21.776579,accu:0.405063,loss_recon:0.038096

20000-loss_z:0.02561,accu:1.0,loss_recon:0.010263

20000-loss_z:22.110985,accu:0.43038,loss_recon:0.039164

Continue training
New FC model is initialized
200-loss_z:2.560484,accu:0.191652,loss_recon:1.28136

200-loss_z:2.439568,accu:0.113924,loss_recon:0.634396

400-loss_z:1.853602,accu:0.371413,loss_recon:0.293967

400-loss_z:2.294287,accu:0.126582,loss_recon:0.251788

600-loss_z:1.529206,accu:0.472344,loss_recon:0.132687

600-loss_z:2.322993,accu:0.21519,loss_recon:0.17127

800-loss_z:1.341923,accu:0.582487,loss_recon:0.082133

800-loss_z:2.388184,accu:0.253165,loss_recon:0.121772

1000-loss_z:1.206646,accu:0.6411,loss_recon:0.054706

1000-loss_z:2.454782,accu:0.227848,loss_recon:0.093868

1200-loss_z:1.109397,accu:0.675456,loss_recon:0.040675

1200-loss_z:2.544949,accu:0.240506,loss_recon:0.08409

1400-loss_z:1.026273,accu:0.704915,loss_recon:0.032621

1400-loss_z:2.646825,accu:0.253165,loss_recon:0.073503

1600-loss_z:0.948211,accu:0.737253,loss_recon:0.02896

1600-loss_z:2.736771,accu:0.253165,loss_recon:0.07244

1800-loss_z:0.884271,accu:0.771139,loss_recon:0.026414

1800-loss_z:2.814909,accu:0.291139,loss_recon:0.066316

2000-loss_z:0.828486,accu:0.789629,loss_recon:0.024849

2000-loss_z:2.925709,accu:0.265823,loss_recon:0.064406

2200-loss_z:0.778258,accu:0.810671,loss_recon:0.023823

2200-loss_z:3.017751,accu:0.291139,loss_recon:0.065291

2400-loss_z:0.726759,accu:0.827962,loss_recon:0.022437

2400-loss_z:3.109384,accu:0.341772,loss_recon:0.065418

2600-loss_z:0.6883,accu:0.832663,loss_recon:0.02157

2600-loss_z:3.214296,accu:0.35443,loss_recon:0.065825

2800-loss_z:0.651566,accu:0.850833,loss_recon:0.021204

2800-loss_z:3.337939,accu:0.341772,loss_recon:0.063968

3000-loss_z:0.611,accu:0.866667,loss_recon:0.020603

3000-loss_z:3.463892,accu:0.341772,loss_recon:0.06429

3200-loss_z:0.582159,accu:0.871927,loss_recon:0.019834

3200-loss_z:3.58642,accu:0.367089,loss_recon:0.065433

3400-loss_z:0.551231,accu:0.88112,loss_recon:0.019522

3400-loss_z:3.709366,accu:0.379747,loss_recon:0.066564

3600-loss_z:0.528454,accu:0.892917,loss_recon:0.01916

3600-loss_z:3.867461,accu:0.35443,loss_recon:0.066022

3800-loss_z:0.497028,accu:0.896484,loss_recon:0.018905

3800-loss_z:4.002412,accu:0.405063,loss_recon:0.06311

4000-loss_z:0.47811,accu:0.906849,loss_recon:0.018789

4000-loss_z:4.096716,accu:0.392405,loss_recon:0.066303

4200-loss_z:0.457906,accu:0.913763,loss_recon:0.018759

4200-loss_z:4.224998,accu:0.405063,loss_recon:0.067199

4400-loss_z:0.434384,accu:0.913014,loss_recon:0.018475

4400-loss_z:4.37892,accu:0.379747,loss_recon:0.065642

4600-loss_z:0.412948,accu:0.917533,loss_recon:0.018488

4600-loss_z:4.463223,accu:0.417722,loss_recon:0.066969

4800-loss_z:0.396171,accu:0.92347,loss_recon:0.01865

4800-loss_z:4.568957,accu:0.405063,loss_recon:0.06816

5000-loss_z:0.37882,accu:0.924492,loss_recon:0.017932

5000-loss_z:4.669978,accu:0.392405,loss_recon:0.067569

5200-loss_z:0.363934,accu:0.925065,loss_recon:0.018008

5200-loss_z:4.816221,accu:0.379747,loss_recon:0.067115

5400-loss_z:0.350101,accu:0.923561,loss_recon:0.017875

5400-loss_z:4.91052,accu:0.417722,loss_recon:0.066968

5600-loss_z:0.336039,accu:0.931829,loss_recon:0.018114

5600-loss_z:5.030666,accu:0.392405,loss_recon:0.063992

5800-loss_z:0.320327,accu:0.93515,loss_recon:0.017996

5800-loss_z:5.137839,accu:0.417722,loss_recon:0.065468

6000-loss_z:0.31149,accu:0.93804,loss_recon:0.017689

6000-loss_z:5.512689,accu:0.405063,loss_recon:0.065623

6200-loss_z:0.295249,accu:0.948262,loss_recon:0.01757

6200-loss_z:5.998434,accu:0.392405,loss_recon:0.06829

6400-loss_z:0.278951,accu:0.951634,loss_recon:0.017643

6400-loss_z:6.410052,accu:0.367089,loss_recon:0.066323

6600-loss_z:0.267902,accu:0.951999,loss_recon:0.017429

6600-loss_z:6.68867,accu:0.392405,loss_recon:0.066673

6800-loss_z:0.262583,accu:0.957441,loss_recon:0.0177

6800-loss_z:6.969237,accu:0.392405,loss_recon:0.065078

7000-loss_z:0.25201,accu:0.957077,loss_recon:0.017523

7000-loss_z:7.214804,accu:0.367089,loss_recon:0.066622

7200-loss_z:0.239598,accu:0.961165,loss_recon:0.017421

7200-loss_z:7.419909,accu:0.379747,loss_recon:0.063693

7400-loss_z:0.231675,accu:0.961934,loss_recon:0.017407

7400-loss_z:7.61518,accu:0.405063,loss_recon:0.066149

7600-loss_z:0.223689,accu:0.963809,loss_recon:0.017599

7600-loss_z:7.79306,accu:0.405063,loss_recon:0.065664

7800-loss_z:0.212323,accu:0.96651,loss_recon:0.01726

7800-loss_z:8.015183,accu:0.43038,loss_recon:0.065481

8000-loss_z:0.205767,accu:0.964212,loss_recon:0.017102

8000-loss_z:8.194265,accu:0.405063,loss_recon:0.06683

8200-loss_z:0.197309,accu:0.969115,loss_recon:0.016853

8200-loss_z:8.372081,accu:0.405063,loss_recon:0.065196

8400-loss_z:0.188481,accu:0.966816,loss_recon:0.016862

8400-loss_z:8.58451,accu:0.43038,loss_recon:0.066337

8600-loss_z:0.177981,accu:0.972344,loss_recon:0.016677

8600-loss_z:8.732623,accu:0.405063,loss_recon:0.066956

8800-loss_z:0.171961,accu:0.971621,loss_recon:0.016733

8800-loss_z:8.940696,accu:0.405063,loss_recon:0.068804

9000-loss_z:0.166973,accu:0.973646,loss_recon:0.016348

9000-loss_z:9.086668,accu:0.43038,loss_recon:0.067215

9200-loss_z:0.158068,accu:0.974701,loss_recon:0.016328

9200-loss_z:9.244231,accu:0.417722,loss_recon:0.067959

9400-loss_z:0.153517,accu:0.974694,loss_recon:0.016523

9400-loss_z:9.343605,accu:0.443038,loss_recon:0.065737

9600-loss_z:0.147178,accu:0.977962,loss_recon:0.016322

9600-loss_z:9.469917,accu:0.43038,loss_recon:0.065332

9800-loss_z:0.139469,accu:0.980625,loss_recon:0.016176

9800-loss_z:9.466622,accu:0.43038,loss_recon:0.068005

10000-loss_z:0.137175,accu:0.982799,loss_recon:0.016147

10000-loss_z:9.461452,accu:0.417722,loss_recon:0.067198

10200-loss_z:0.131649,accu:0.986836,loss_recon:0.016295

10200-loss_z:9.54396,accu:0.468354,loss_recon:0.065368

10400-loss_z:0.124503,accu:0.986543,loss_recon:0.016107

10400-loss_z:9.668364,accu:0.43038,loss_recon:0.066648

10600-loss_z:0.117965,accu:0.987741,loss_recon:0.016027

10600-loss_z:9.744806,accu:0.443038,loss_recon:0.065829

10800-loss_z:0.114791,accu:0.989642,loss_recon:0.016119

10800-loss_z:9.771386,accu:0.468354,loss_recon:0.068738

11000-loss_z:0.109338,accu:0.99069,loss_recon:0.015919

11000-loss_z:9.810866,accu:0.455696,loss_recon:0.064271

11200-loss_z:0.104126,accu:0.991061,loss_recon:0.015943

11200-loss_z:9.948393,accu:0.468354,loss_recon:0.066967

11400-loss_z:0.102815,accu:0.995566,loss_recon:0.015969

11400-loss_z:10.221823,accu:0.481013,loss_recon:0.065165

11600-loss_z:0.096011,accu:0.994362,loss_recon:0.015953

11600-loss_z:10.440142,accu:0.481013,loss_recon:0.066918

11800-loss_z:0.092698,accu:0.994512,loss_recon:0.01596

11800-loss_z:10.662437,accu:0.455696,loss_recon:0.066481

12000-loss_z:0.089624,accu:0.995911,loss_recon:0.015837

12000-loss_z:10.937465,accu:0.468354,loss_recon:0.066832

12200-loss_z:0.086135,accu:0.996224,loss_recon:0.015885

12200-loss_z:11.150067,accu:0.468354,loss_recon:0.066039

12400-loss_z:0.08228,accu:0.997904,loss_recon:0.015773

12400-loss_z:11.36993,accu:0.468354,loss_recon:0.066168

12600-loss_z:0.078878,accu:0.999362,loss_recon:0.015704

12600-loss_z:11.599236,accu:0.455696,loss_recon:0.065662

12800-loss_z:0.075179,accu:0.99901,loss_recon:0.015863

12800-loss_z:11.878399,accu:0.506329,loss_recon:0.066696

13000-loss_z:0.071732,accu:0.999642,loss_recon:0.015586

13000-loss_z:12.116303,accu:0.493671,loss_recon:0.065033

13200-loss_z:0.069445,accu:0.999759,loss_recon:0.015622

13200-loss_z:12.35975,accu:0.506329,loss_recon:0.06416

13400-loss_z:0.065493,accu:0.999635,loss_recon:0.01552

13400-loss_z:12.603805,accu:0.481013,loss_recon:0.064291

13600-loss_z:0.063128,accu:1.0,loss_recon:0.015535

13600-loss_z:12.826573,accu:0.468354,loss_recon:0.065295

13800-loss_z:0.059582,accu:0.999896,loss_recon:0.015422

13800-loss_z:13.107627,accu:0.493671,loss_recon:0.067105

14000-loss_z:0.05732,accu:1.0,loss_recon:0.015128

14000-loss_z:13.319957,accu:0.481013,loss_recon:0.065236

14200-loss_z:0.054691,accu:1.0,loss_recon:0.014962

14200-loss_z:13.56513,accu:0.481013,loss_recon:0.066528

14400-loss_z:0.052013,accu:1.0,loss_recon:0.015054

14400-loss_z:13.843683,accu:0.481013,loss_recon:0.063465

14600-loss_z:0.05046,accu:1.0,loss_recon:0.014821

14600-loss_z:14.073397,accu:0.481013,loss_recon:0.067538

14800-loss_z:0.047153,accu:1.0,loss_recon:0.014739

14800-loss_z:14.273266,accu:0.506329,loss_recon:0.066401

15000-loss_z:0.045113,accu:1.0,loss_recon:0.01462

15000-loss_z:14.27216,accu:0.493671,loss_recon:0.064645

15200-loss_z:0.04294,accu:1.0,loss_recon:0.014595

15200-loss_z:14.298905,accu:0.506329,loss_recon:0.066298

15400-loss_z:0.041034,accu:1.0,loss_recon:0.014595

15400-loss_z:14.077848,accu:0.506329,loss_recon:0.064205

15600-loss_z:0.038938,accu:1.0,loss_recon:0.014093

15600-loss_z:14.034093,accu:0.506329,loss_recon:0.064531

15800-loss_z:0.0371,accu:1.0,loss_recon:0.014254

15800-loss_z:13.868241,accu:0.506329,loss_recon:0.061108

16000-loss_z:0.035405,accu:1.0,loss_recon:0.013909

16000-loss_z:13.729564,accu:0.493671,loss_recon:0.064255

16200-loss_z:0.03346,accu:1.0,loss_recon:0.013973

16200-loss_z:13.629447,accu:0.493671,loss_recon:0.06394

16400-loss_z:0.031657,accu:1.0,loss_recon:0.013824

16400-loss_z:13.463675,accu:0.506329,loss_recon:0.062645

16600-loss_z:0.030621,accu:1.0,loss_recon:0.013861

16600-loss_z:13.424202,accu:0.493671,loss_recon:0.060435

16800-loss_z:0.02818,accu:1.0,loss_recon:0.013685

16800-loss_z:13.436088,accu:0.493671,loss_recon:0.060079

17000-loss_z:0.026604,accu:1.0,loss_recon:0.013651

17000-loss_z:13.517217,accu:0.493671,loss_recon:0.059922

17200-loss_z:0.025446,accu:1.0,loss_recon:0.013612

17200-loss_z:13.655757,accu:0.493671,loss_recon:0.060496

17400-loss_z:0.024174,accu:1.0,loss_recon:0.013417

17400-loss_z:13.770443,accu:0.493671,loss_recon:0.061584

17600-loss_z:0.022917,accu:1.0,loss_recon:0.013317

17600-loss_z:13.845003,accu:0.481013,loss_recon:0.059344

17800-loss_z:0.022219,accu:1.0,loss_recon:0.013208

17800-loss_z:14.02014,accu:0.506329,loss_recon:0.05864

18000-loss_z:0.020794,accu:1.0,loss_recon:0.0132

18000-loss_z:14.127521,accu:0.506329,loss_recon:0.059968

18200-loss_z:0.019274,accu:1.0,loss_recon:0.013059

18200-loss_z:14.281244,accu:0.506329,loss_recon:0.058381

18400-loss_z:0.018584,accu:1.0,loss_recon:0.013302

18400-loss_z:14.399,accu:0.518987,loss_recon:0.059612

18600-loss_z:0.017863,accu:1.0,loss_recon:0.012954

18600-loss_z:14.486953,accu:0.544304,loss_recon:0.059334

18800-loss_z:0.01657,accu:1.0,loss_recon:0.013005

18800-loss_z:14.694452,accu:0.518987,loss_recon:0.059086

19000-loss_z:0.015409,accu:1.0,loss_recon:0.012999

19000-loss_z:14.82308,accu:0.531646,loss_recon:0.058888

19200-loss_z:0.014665,accu:1.0,loss_recon:0.012935

19200-loss_z:14.997055,accu:0.518987,loss_recon:0.058513

19400-loss_z:0.014342,accu:1.0,loss_recon:0.013076

19400-loss_z:15.115591,accu:0.518987,loss_recon:0.060237

19600-loss_z:0.013541,accu:1.0,loss_recon:0.013039

19600-loss_z:15.322224,accu:0.518987,loss_recon:0.059323

19800-loss_z:0.012519,accu:1.0,loss_recon:0.013117

19800-loss_z:15.517529,accu:0.531646,loss_recon:0.057398

20000-loss_z:0.011948,accu:1.0,loss_recon:0.012983

20000-loss_z:15.689192,accu:0.506329,loss_recon:0.057324

Continue training
New FC model is initialized
200-loss_z:2.630724,accu:0.190169,loss_recon:0.970525

200-loss_z:2.733784,accu:0.075949,loss_recon:0.508911

400-loss_z:1.984196,accu:0.317513,loss_recon:0.278934

400-loss_z:2.403889,accu:0.113924,loss_recon:0.318296

600-loss_z:1.621866,accu:0.459707,loss_recon:0.168018

600-loss_z:2.362034,accu:0.139241,loss_recon:0.23737

800-loss_z:1.397583,accu:0.558301,loss_recon:0.116997

800-loss_z:2.381332,accu:0.164557,loss_recon:0.197713

1000-loss_z:1.233882,accu:0.650169,loss_recon:0.089754

1000-loss_z:2.400757,accu:0.189873,loss_recon:0.159053

1200-loss_z:1.107742,accu:0.715527,loss_recon:0.06789

1200-loss_z:2.418677,accu:0.227848,loss_recon:0.1224

1400-loss_z:1.000576,accu:0.761979,loss_recon:0.054082

1400-loss_z:2.460999,accu:0.227848,loss_recon:0.102352

1600-loss_z:0.909042,accu:0.798027,loss_recon:0.043207

1600-loss_z:2.483662,accu:0.227848,loss_recon:0.085492

1800-loss_z:0.834088,accu:0.829473,loss_recon:0.036571

1800-loss_z:2.502845,accu:0.291139,loss_recon:0.080459

2000-loss_z:0.768916,accu:0.850677,loss_recon:0.033327

2000-loss_z:2.558633,accu:0.303797,loss_recon:0.077421

2200-loss_z:0.716808,accu:0.851966,loss_recon:0.031134

2200-loss_z:2.590012,accu:0.291139,loss_recon:0.075076

2400-loss_z:0.670081,accu:0.864479,loss_recon:0.028959

2400-loss_z:2.647917,accu:0.341772,loss_recon:0.073509

2600-loss_z:0.623259,accu:0.875215,loss_recon:0.027544

2600-loss_z:2.716182,accu:0.329114,loss_recon:0.070984

2800-loss_z:0.584128,accu:0.880964,loss_recon:0.026197

2800-loss_z:2.794502,accu:0.341772,loss_recon:0.072152

3000-loss_z:0.548894,accu:0.88752,loss_recon:0.025372

3000-loss_z:2.877012,accu:0.367089,loss_recon:0.071443

3200-loss_z:0.523478,accu:0.891947,loss_recon:0.024565

3200-loss_z:2.973185,accu:0.329114,loss_recon:0.066644

3400-loss_z:0.488987,accu:0.907109,loss_recon:0.023541

3400-loss_z:3.067973,accu:0.392405,loss_recon:0.067345

3600-loss_z:0.46311,accu:0.906797,loss_recon:0.022545

3600-loss_z:3.164075,accu:0.35443,loss_recon:0.064155

3800-loss_z:0.434351,accu:0.91349,loss_recon:0.02175

3800-loss_z:3.299668,accu:0.379747,loss_recon:0.062323

4000-loss_z:0.412588,accu:0.91168,loss_recon:0.021231

4000-loss_z:3.451973,accu:0.367089,loss_recon:0.060845

4200-loss_z:0.392469,accu:0.918776,loss_recon:0.021001

4200-loss_z:3.585049,accu:0.379747,loss_recon:0.059799

4400-loss_z:0.369428,accu:0.919466,loss_recon:0.019772

4400-loss_z:3.707136,accu:0.392405,loss_recon:0.058633

4600-loss_z:0.353569,accu:0.919798,loss_recon:0.019331

4600-loss_z:3.850404,accu:0.417722,loss_recon:0.055842

4800-loss_z:0.33533,accu:0.921563,loss_recon:0.018918

4800-loss_z:3.996835,accu:0.405063,loss_recon:0.058447

5000-loss_z:0.317824,accu:0.935404,loss_recon:0.018424

5000-loss_z:4.141829,accu:0.405063,loss_recon:0.057147

5200-loss_z:0.302579,accu:0.937682,loss_recon:0.018266

5200-loss_z:4.304748,accu:0.405063,loss_recon:0.054713

5400-loss_z:0.28877,accu:0.942422,loss_recon:0.017882

5400-loss_z:4.441083,accu:0.405063,loss_recon:0.054339

5600-loss_z:0.273481,accu:0.948014,loss_recon:0.017484

5600-loss_z:4.549768,accu:0.43038,loss_recon:0.053815

5800-loss_z:0.263212,accu:0.950534,loss_recon:0.017414

5800-loss_z:4.683133,accu:0.43038,loss_recon:0.053828

6000-loss_z:0.250814,accu:0.954928,loss_recon:0.01721

6000-loss_z:4.817327,accu:0.43038,loss_recon:0.054394

6200-loss_z:0.236154,accu:0.960697,loss_recon:0.017185

6200-loss_z:4.917068,accu:0.443038,loss_recon:0.054154

6400-loss_z:0.225888,accu:0.959401,loss_recon:0.016845

6400-loss_z:5.050501,accu:0.443038,loss_recon:0.052771

6600-loss_z:0.218396,accu:0.962552,loss_recon:0.016717

6600-loss_z:5.223193,accu:0.43038,loss_recon:0.051061

6800-loss_z:0.2084,accu:0.966693,loss_recon:0.01657

6800-loss_z:5.337485,accu:0.443038,loss_recon:0.051919

7000-loss_z:0.19777,accu:0.972617,loss_recon:0.016324

7000-loss_z:5.458064,accu:0.443038,loss_recon:0.05189

7200-loss_z:0.189071,accu:0.973079,loss_recon:0.015998

7200-loss_z:5.532324,accu:0.443038,loss_recon:0.050904

7400-loss_z:0.180021,accu:0.972272,loss_recon:0.015915

7400-loss_z:5.634765,accu:0.43038,loss_recon:0.05039

7600-loss_z:0.168851,accu:0.98248,loss_recon:0.015807

7600-loss_z:5.698421,accu:0.417722,loss_recon:0.048185

7800-loss_z:0.158596,accu:0.987344,loss_recon:0.015652

7800-loss_z:5.818455,accu:0.43038,loss_recon:0.050376

8000-loss_z:0.150853,accu:0.985931,loss_recon:0.015463

8000-loss_z:5.948112,accu:0.455696,loss_recon:0.04855

8200-loss_z:0.143275,accu:0.989076,loss_recon:0.015253

8200-loss_z:5.973085,accu:0.455696,loss_recon:0.049429

8400-loss_z:0.134279,accu:0.988027,loss_recon:0.014948

8400-loss_z:6.010288,accu:0.443038,loss_recon:0.048403

8600-loss_z:0.126746,accu:0.990462,loss_recon:0.01487

8600-loss_z:6.087359,accu:0.455696,loss_recon:0.048411

8800-loss_z:0.119833,accu:0.990794,loss_recon:0.01485

8800-loss_z:6.132123,accu:0.481013,loss_recon:0.045661

9000-loss_z:0.11426,accu:0.992461,loss_recon:0.014618

9000-loss_z:6.216952,accu:0.455696,loss_recon:0.045694

9200-loss_z:0.106948,accu:0.994225,loss_recon:0.014392

9200-loss_z:6.272006,accu:0.481013,loss_recon:0.045299

9400-loss_z:0.103012,accu:0.996113,loss_recon:0.014565

9400-loss_z:6.32009,accu:0.481013,loss_recon:0.044191

9600-loss_z:0.096402,accu:0.996647,loss_recon:0.014367

9600-loss_z:6.358683,accu:0.506329,loss_recon:0.043976

9800-loss_z:0.090636,accu:0.999076,loss_recon:0.014297

9800-loss_z:6.45077,accu:0.518987,loss_recon:0.045977

10000-loss_z:0.085473,accu:0.998548,loss_recon:0.014365

10000-loss_z:6.552032,accu:0.493671,loss_recon:0.042765

10200-loss_z:0.081365,accu:0.999134,loss_recon:0.014247

10200-loss_z:6.546202,accu:0.506329,loss_recon:0.042399

10400-loss_z:0.077005,accu:0.999642,loss_recon:0.014205

10400-loss_z:6.625692,accu:0.506329,loss_recon:0.044734

10600-loss_z:0.07258,accu:0.99998,loss_recon:0.014264

10600-loss_z:6.685137,accu:0.531646,loss_recon:0.041771

10800-loss_z:0.068769,accu:0.999883,loss_recon:0.01417

10800-loss_z:6.784913,accu:0.506329,loss_recon:0.042031

11000-loss_z:0.064454,accu:1.0,loss_recon:0.014011

11000-loss_z:6.858022,accu:0.531646,loss_recon:0.044411

11200-loss_z:0.060979,accu:1.0,loss_recon:0.013965

11200-loss_z:6.902977,accu:0.531646,loss_recon:0.041656

11400-loss_z:0.057376,accu:1.0,loss_recon:0.013918

11400-loss_z:7.025162,accu:0.518987,loss_recon:0.042881

11600-loss_z:0.054151,accu:1.0,loss_recon:0.013809

11600-loss_z:7.064229,accu:0.518987,loss_recon:0.042468

11800-loss_z:0.050463,accu:1.0,loss_recon:0.013844

11800-loss_z:7.141442,accu:0.531646,loss_recon:0.041789

12000-loss_z:0.049066,accu:1.0,loss_recon:0.013949

12000-loss_z:7.263136,accu:0.531646,loss_recon:0.042887

12200-loss_z:0.044249,accu:1.0,loss_recon:0.013797

12200-loss_z:7.336393,accu:0.518987,loss_recon:0.04285

12400-loss_z:0.042183,accu:1.0,loss_recon:0.013705

12400-loss_z:7.359157,accu:0.531646,loss_recon:0.041913

12600-loss_z:0.039344,accu:1.0,loss_recon:0.013295

12600-loss_z:7.381699,accu:0.544304,loss_recon:0.042615

12800-loss_z:0.037264,accu:1.0,loss_recon:0.013149

12800-loss_z:7.397088,accu:0.544304,loss_recon:0.041464

13000-loss_z:0.035545,accu:1.0,loss_recon:0.013029

13000-loss_z:7.399763,accu:0.556962,loss_recon:0.041502

13200-loss_z:0.033316,accu:1.0,loss_recon:0.012855

13200-loss_z:7.401092,accu:0.556962,loss_recon:0.042023

13400-loss_z:0.031054,accu:1.0,loss_recon:0.012642

13400-loss_z:7.401882,accu:0.531646,loss_recon:0.041501

13600-loss_z:0.029049,accu:1.0,loss_recon:0.012437

13600-loss_z:7.348966,accu:0.556962,loss_recon:0.043419

13800-loss_z:0.02756,accu:1.0,loss_recon:0.012427

13800-loss_z:7.334034,accu:0.544304,loss_recon:0.040619

14000-loss_z:0.0258,accu:1.0,loss_recon:0.012368

14000-loss_z:7.327168,accu:0.556962,loss_recon:0.040662

14200-loss_z:0.024106,accu:1.0,loss_recon:0.012223

14200-loss_z:7.324272,accu:0.56962,loss_recon:0.040924

14400-loss_z:0.022624,accu:1.0,loss_recon:0.012303

14400-loss_z:7.291184,accu:0.556962,loss_recon:0.040392

14600-loss_z:0.021355,accu:1.0,loss_recon:0.012199

14600-loss_z:7.312194,accu:0.544304,loss_recon:0.040052

14800-loss_z:0.019856,accu:1.0,loss_recon:0.012107

14800-loss_z:7.296537,accu:0.544304,loss_recon:0.04054

15000-loss_z:0.018764,accu:1.0,loss_recon:0.012133

15000-loss_z:7.273415,accu:0.582278,loss_recon:0.040824

15200-loss_z:0.017462,accu:1.0,loss_recon:0.012141

15200-loss_z:7.284819,accu:0.56962,loss_recon:0.040543

15400-loss_z:0.016327,accu:1.0,loss_recon:0.012022

15400-loss_z:7.36022,accu:0.582278,loss_recon:0.040781

15600-loss_z:0.015243,accu:1.0,loss_recon:0.012119

15600-loss_z:7.414007,accu:0.582278,loss_recon:0.040255

15800-loss_z:0.014399,accu:1.0,loss_recon:0.012043

15800-loss_z:7.455737,accu:0.56962,loss_recon:0.040415

16000-loss_z:0.013366,accu:1.0,loss_recon:0.012048

16000-loss_z:7.471093,accu:0.582278,loss_recon:0.041072

16200-loss_z:0.012411,accu:1.0,loss_recon:0.011912

16200-loss_z:7.518967,accu:0.582278,loss_recon:0.0401

16400-loss_z:0.011644,accu:1.0,loss_recon:0.012046

16400-loss_z:7.609113,accu:0.56962,loss_recon:0.041129

16600-loss_z:0.010928,accu:1.0,loss_recon:0.012004

16600-loss_z:7.595965,accu:0.556962,loss_recon:0.041686

16800-loss_z:0.010223,accu:1.0,loss_recon:0.011915

16800-loss_z:7.657616,accu:0.582278,loss_recon:0.041413

17000-loss_z:0.009616,accu:1.0,loss_recon:0.01199

17000-loss_z:7.660126,accu:0.582278,loss_recon:0.040693

17200-loss_z:0.009005,accu:1.0,loss_recon:0.011927

17200-loss_z:7.77901,accu:0.594937,loss_recon:0.041559

17400-loss_z:0.008308,accu:1.0,loss_recon:0.01185

17400-loss_z:7.817139,accu:0.556962,loss_recon:0.041689

17600-loss_z:0.007728,accu:1.0,loss_recon:0.011864

17600-loss_z:7.810081,accu:0.56962,loss_recon:0.040156

17800-loss_z:0.007287,accu:1.0,loss_recon:0.011774

17800-loss_z:7.86485,accu:0.594937,loss_recon:0.040541

18000-loss_z:0.006804,accu:1.0,loss_recon:0.011864

18000-loss_z:7.929031,accu:0.594937,loss_recon:0.040093

18200-loss_z:0.006348,accu:1.0,loss_recon:0.011957

18200-loss_z:7.935786,accu:0.582278,loss_recon:0.0415

18400-loss_z:0.005829,accu:1.0,loss_recon:0.011731

18400-loss_z:7.946477,accu:0.582278,loss_recon:0.038693

18600-loss_z:0.005462,accu:1.0,loss_recon:0.011814

18600-loss_z:8.029478,accu:0.594937,loss_recon:0.038501

18800-loss_z:0.005171,accu:1.0,loss_recon:0.011827

18800-loss_z:7.973771,accu:0.594937,loss_recon:0.041819

19000-loss_z:0.004773,accu:1.0,loss_recon:0.011751

19000-loss_z:8.021095,accu:0.594937,loss_recon:0.039703

19200-loss_z:0.004379,accu:1.0,loss_recon:0.011705

19200-loss_z:8.102981,accu:0.582278,loss_recon:0.039721

19400-loss_z:0.004104,accu:1.0,loss_recon:0.011826

19400-loss_z:8.11641,accu:0.582278,loss_recon:0.03879

19600-loss_z:0.003804,accu:1.0,loss_recon:0.011647

19600-loss_z:8.184761,accu:0.594937,loss_recon:0.039624

19800-loss_z:0.003545,accu:1.0,loss_recon:0.011795

19800-loss_z:8.208173,accu:0.594937,loss_recon:0.039995

20000-loss_z:0.003334,accu:1.0,loss_recon:0.011797

20000-loss_z:8.239646,accu:0.582278,loss_recon:0.039131

Continue training
New FC model is initialized
200-loss_z:2.590234,accu:0.189236,loss_recon:1.235135

200-loss_z:2.620455,accu:0.075949,loss_recon:0.632801

400-loss_z:1.886422,accu:0.363659,loss_recon:0.316245

400-loss_z:2.394279,accu:0.151899,loss_recon:0.302502

600-loss_z:1.565562,accu:0.477077,loss_recon:0.153161

600-loss_z:2.414542,accu:0.164557,loss_recon:0.204138

800-loss_z:1.380129,accu:0.556094,loss_recon:0.091961

800-loss_z:2.469598,accu:0.189873,loss_recon:0.144957

1000-loss_z:1.239551,accu:0.621862,loss_recon:0.062875

1000-loss_z:2.530006,accu:0.240506,loss_recon:0.110406

1200-loss_z:1.131528,accu:0.653958,loss_recon:0.047654

1200-loss_z:2.55347,accu:0.227848,loss_recon:0.092597

1400-loss_z:1.038566,accu:0.694349,loss_recon:0.03958

1400-loss_z:2.574285,accu:0.278481,loss_recon:0.086049

1600-loss_z:0.956119,accu:0.732995,loss_recon:0.034731

1600-loss_z:2.586476,accu:0.265823,loss_recon:0.076937

1800-loss_z:0.886842,accu:0.777923,loss_recon:0.031665

1800-loss_z:2.562411,accu:0.291139,loss_recon:0.07136

2000-loss_z:0.825043,accu:0.811921,loss_recon:0.0296

2000-loss_z:2.596496,accu:0.291139,loss_recon:0.066662

2200-loss_z:0.766148,accu:0.83446,loss_recon:0.027043

2200-loss_z:2.591262,accu:0.341772,loss_recon:0.06156

2400-loss_z:0.717181,accu:0.852734,loss_recon:0.02577

2400-loss_z:2.599643,accu:0.341772,loss_recon:0.058157

2600-loss_z:0.665854,accu:0.879342,loss_recon:0.024484

2600-loss_z:2.603443,accu:0.379747,loss_recon:0.05529

2800-loss_z:0.621048,accu:0.891126,loss_recon:0.02229

2800-loss_z:2.640637,accu:0.392405,loss_recon:0.054357

3000-loss_z:0.586493,accu:0.900514,loss_recon:0.020887

3000-loss_z:2.704546,accu:0.405063,loss_recon:0.053235

3200-loss_z:0.549209,accu:0.91013,loss_recon:0.019671

3200-loss_z:2.763503,accu:0.379747,loss_recon:0.050562

3400-loss_z:0.509854,accu:0.919395,loss_recon:0.018622

3400-loss_z:2.839451,accu:0.417722,loss_recon:0.048093

3600-loss_z:0.481817,accu:0.919688,loss_recon:0.017729

3600-loss_z:2.899569,accu:0.455696,loss_recon:0.049098

3800-loss_z:0.450676,accu:0.929115,loss_recon:0.016804

3800-loss_z:3.010487,accu:0.455696,loss_recon:0.047695

4000-loss_z:0.423886,accu:0.934512,loss_recon:0.016286

4000-loss_z:3.085583,accu:0.443038,loss_recon:0.047768

4200-loss_z:0.398344,accu:0.942715,loss_recon:0.015917

4200-loss_z:3.199572,accu:0.481013,loss_recon:0.046015

4400-loss_z:0.376562,accu:0.940352,loss_recon:0.015435

4400-loss_z:3.346137,accu:0.506329,loss_recon:0.046227

4600-loss_z:0.354525,accu:0.949271,loss_recon:0.015125

4600-loss_z:3.468743,accu:0.493671,loss_recon:0.046291

4800-loss_z:0.334166,accu:0.950553,loss_recon:0.015038

4800-loss_z:3.583943,accu:0.506329,loss_recon:0.047156

5000-loss_z:0.315906,accu:0.958633,loss_recon:0.014729

5000-loss_z:3.692784,accu:0.531646,loss_recon:0.046981

5200-loss_z:0.298195,accu:0.966647,loss_recon:0.01467

5200-loss_z:3.886633,accu:0.531646,loss_recon:0.047272

5400-loss_z:0.278893,accu:0.971543,loss_recon:0.014361

5400-loss_z:4.029456,accu:0.544304,loss_recon:0.048406

5600-loss_z:0.266831,accu:0.979238,loss_recon:0.014124

5600-loss_z:4.135386,accu:0.518987,loss_recon:0.049005

5800-loss_z:0.252171,accu:0.9839,loss_recon:0.013823

5800-loss_z:4.288127,accu:0.544304,loss_recon:0.049505

6000-loss_z:0.237135,accu:0.984609,loss_recon:0.013858

6000-loss_z:4.451365,accu:0.518987,loss_recon:0.050155

6200-loss_z:0.223756,accu:0.994225,loss_recon:0.013588

6200-loss_z:4.60989,accu:0.531646,loss_recon:0.049514

6400-loss_z:0.212438,accu:0.994837,loss_recon:0.013725

6400-loss_z:4.726565,accu:0.544304,loss_recon:0.049678

6600-loss_z:0.200607,accu:0.99793,loss_recon:0.01364

6600-loss_z:4.865758,accu:0.544304,loss_recon:0.049084

6800-loss_z:0.189468,accu:0.999408,loss_recon:0.013496

6800-loss_z:5.031803,accu:0.544304,loss_recon:0.045992

7000-loss_z:0.175828,accu:0.999193,loss_recon:0.013394

7000-loss_z:5.161752,accu:0.531646,loss_recon:0.047604

7200-loss_z:0.168551,accu:0.999863,loss_recon:0.013285

7200-loss_z:5.302245,accu:0.544304,loss_recon:0.04855

7400-loss_z:0.160137,accu:0.998672,loss_recon:0.013161

7400-loss_z:5.440434,accu:0.556962,loss_recon:0.046289

7600-loss_z:0.150537,accu:0.999883,loss_recon:0.013067

7600-loss_z:5.584079,accu:0.544304,loss_recon:0.045857

7800-loss_z:0.142037,accu:0.999733,loss_recon:0.013092

7800-loss_z:5.767596,accu:0.556962,loss_recon:0.047509

8000-loss_z:0.133509,accu:1.0,loss_recon:0.012847

8000-loss_z:5.913958,accu:0.531646,loss_recon:0.046265

8200-loss_z:0.125123,accu:1.0,loss_recon:0.012806

8200-loss_z:6.103477,accu:0.531646,loss_recon:0.047064

8400-loss_z:0.120029,accu:0.999941,loss_recon:0.012987

8400-loss_z:6.207155,accu:0.531646,loss_recon:0.046946

8600-loss_z:0.111789,accu:1.0,loss_recon:0.012776

8600-loss_z:6.344025,accu:0.556962,loss_recon:0.04648

8800-loss_z:0.105567,accu:1.0,loss_recon:0.012709

8800-loss_z:6.535971,accu:0.544304,loss_recon:0.045913

9000-loss_z:0.100852,accu:1.0,loss_recon:0.012835

9000-loss_z:6.710446,accu:0.531646,loss_recon:0.046109

9200-loss_z:0.095951,accu:1.0,loss_recon:0.012648

9200-loss_z:6.84345,accu:0.544304,loss_recon:0.046246

9400-loss_z:0.088678,accu:1.0,loss_recon:0.01257

9400-loss_z:7.048163,accu:0.556962,loss_recon:0.046857

9600-loss_z:0.083619,accu:1.0,loss_recon:0.01263

9600-loss_z:7.213046,accu:0.544304,loss_recon:0.046825

9800-loss_z:0.078829,accu:1.0,loss_recon:0.012639

9800-loss_z:7.392685,accu:0.544304,loss_recon:0.04447

10000-loss_z:0.074592,accu:1.0,loss_recon:0.012359

10000-loss_z:7.551294,accu:0.544304,loss_recon:0.045458

10200-loss_z:0.069922,accu:1.0,loss_recon:0.012603

10200-loss_z:7.770582,accu:0.56962,loss_recon:0.04592

10400-loss_z:0.065056,accu:1.0,loss_recon:0.012406

10400-loss_z:8.002195,accu:0.556962,loss_recon:0.047253

10600-loss_z:0.062611,accu:1.0,loss_recon:0.012614

10600-loss_z:8.189096,accu:0.582278,loss_recon:0.04838

10800-loss_z:0.058411,accu:1.0,loss_recon:0.01241

10800-loss_z:8.427197,accu:0.582278,loss_recon:0.046015

11000-loss_z:0.055029,accu:1.0,loss_recon:0.012463

11000-loss_z:8.635295,accu:0.56962,loss_recon:0.045579

11200-loss_z:0.051796,accu:1.0,loss_recon:0.012427

11200-loss_z:8.904406,accu:0.556962,loss_recon:0.046642

11400-loss_z:0.048591,accu:1.0,loss_recon:0.012412

11400-loss_z:9.084313,accu:0.582278,loss_recon:0.045343

11600-loss_z:0.045305,accu:1.0,loss_recon:0.012335

11600-loss_z:9.321735,accu:0.594937,loss_recon:0.046153

11800-loss_z:0.043231,accu:1.0,loss_recon:0.012463

11800-loss_z:9.628039,accu:0.582278,loss_recon:0.046239

12000-loss_z:0.04101,accu:1.0,loss_recon:0.012439

12000-loss_z:9.874862,accu:0.594937,loss_recon:0.046214

12200-loss_z:0.038399,accu:1.0,loss_recon:0.012509

12200-loss_z:10.048385,accu:0.607595,loss_recon:0.046425

12400-loss_z:0.035915,accu:1.0,loss_recon:0.012205

12400-loss_z:10.314647,accu:0.620253,loss_recon:0.045319

12600-loss_z:0.033776,accu:1.0,loss_recon:0.012299

12600-loss_z:10.579197,accu:0.620253,loss_recon:0.046461

12800-loss_z:0.031624,accu:1.0,loss_recon:0.012236

12800-loss_z:10.823613,accu:0.632911,loss_recon:0.047431

13000-loss_z:0.03021,accu:1.0,loss_recon:0.012491

13000-loss_z:11.02998,accu:0.620253,loss_recon:0.04495

13200-loss_z:0.027882,accu:1.0,loss_recon:0.012304

13200-loss_z:11.359542,accu:0.620253,loss_recon:0.045565

13400-loss_z:0.026167,accu:1.0,loss_recon:0.012427

13400-loss_z:11.582397,accu:0.620253,loss_recon:0.047343

13600-loss_z:0.025066,accu:1.0,loss_recon:0.012406

13600-loss_z:11.85437,accu:0.620253,loss_recon:0.046413

13800-loss_z:0.022916,accu:1.0,loss_recon:0.012159

13800-loss_z:12.048265,accu:0.632911,loss_recon:0.046978

14000-loss_z:0.021626,accu:1.0,loss_recon:0.012165

14000-loss_z:12.332664,accu:0.64557,loss_recon:0.046595

14200-loss_z:0.020699,accu:1.0,loss_recon:0.012133

14200-loss_z:12.565151,accu:0.64557,loss_recon:0.048385

14400-loss_z:0.018995,accu:1.0,loss_recon:0.012222

14400-loss_z:12.793381,accu:0.632911,loss_recon:0.046441

14600-loss_z:0.018222,accu:1.0,loss_recon:0.01229

14600-loss_z:13.065277,accu:0.632911,loss_recon:0.046454

14800-loss_z:0.016892,accu:1.0,loss_recon:0.012159

14800-loss_z:13.414718,accu:0.64557,loss_recon:0.045074

15000-loss_z:0.016007,accu:1.0,loss_recon:0.012274

15000-loss_z:13.732412,accu:0.64557,loss_recon:0.045412

15200-loss_z:0.015012,accu:1.0,loss_recon:0.012126

15200-loss_z:14.074667,accu:0.658228,loss_recon:0.04575

15400-loss_z:0.013905,accu:1.0,loss_recon:0.012223

15400-loss_z:14.373577,accu:0.658228,loss_recon:0.046017

15600-loss_z:0.012985,accu:1.0,loss_recon:0.011974

15600-loss_z:14.663466,accu:0.670886,loss_recon:0.045831

15800-loss_z:0.012229,accu:1.0,loss_recon:0.012111

15800-loss_z:14.960675,accu:0.658228,loss_recon:0.046275

16000-loss_z:0.011395,accu:1.0,loss_recon:0.012048

16000-loss_z:15.157664,accu:0.658228,loss_recon:0.045498

16200-loss_z:0.010494,accu:1.0,loss_recon:0.012071

16200-loss_z:15.446977,accu:0.658228,loss_recon:0.047496

16400-loss_z:0.009988,accu:1.0,loss_recon:0.011933

16400-loss_z:15.669805,accu:0.64557,loss_recon:0.047503

16600-loss_z:0.009372,accu:1.0,loss_recon:0.011999

16600-loss_z:15.90563,accu:0.64557,loss_recon:0.045092

16800-loss_z:0.008645,accu:1.0,loss_recon:0.011968

16800-loss_z:16.117878,accu:0.632911,loss_recon:0.0458

17000-loss_z:0.008228,accu:1.0,loss_recon:0.011852

17000-loss_z:16.374104,accu:0.64557,loss_recon:0.047091

17200-loss_z:0.007667,accu:1.0,loss_recon:0.011856

17200-loss_z:16.653997,accu:0.64557,loss_recon:0.045905

17400-loss_z:0.007107,accu:1.0,loss_recon:0.011735

17400-loss_z:16.955385,accu:0.64557,loss_recon:0.045407

17600-loss_z:0.006661,accu:1.0,loss_recon:0.01189

17600-loss_z:17.284697,accu:0.64557,loss_recon:0.044889

17800-loss_z:0.006038,accu:1.0,loss_recon:0.011742

17800-loss_z:17.576778,accu:0.64557,loss_recon:0.047637

18000-loss_z:0.005756,accu:1.0,loss_recon:0.011803

18000-loss_z:17.931002,accu:0.64557,loss_recon:0.046179

18200-loss_z:0.005341,accu:1.0,loss_recon:0.011733

18200-loss_z:18.136478,accu:0.64557,loss_recon:0.047222

18400-loss_z:0.005129,accu:1.0,loss_recon:0.011766

18400-loss_z:18.431108,accu:0.64557,loss_recon:0.045016

18600-loss_z:0.004645,accu:1.0,loss_recon:0.011743

18600-loss_z:18.755613,accu:0.64557,loss_recon:0.048472

18800-loss_z:0.0043,accu:1.0,loss_recon:0.011818

18800-loss_z:18.957636,accu:0.632911,loss_recon:0.047152

19000-loss_z:0.00406,accu:1.0,loss_recon:0.0117

19000-loss_z:19.208796,accu:0.64557,loss_recon:0.047442

19200-loss_z:0.00381,accu:1.0,loss_recon:0.011861

19200-loss_z:19.632587,accu:0.632911,loss_recon:0.046685

19400-loss_z:0.003567,accu:1.0,loss_recon:0.011888

19400-loss_z:20.09416,accu:0.64557,loss_recon:0.047679

19600-loss_z:0.003263,accu:1.0,loss_recon:0.011647

19600-loss_z:20.506592,accu:0.64557,loss_recon:0.046917

19800-loss_z:0.003052,accu:1.0,loss_recon:0.011711

19800-loss_z:20.913605,accu:0.64557,loss_recon:0.047076

20000-loss_z:0.002879,accu:1.0,loss_recon:0.011744

20000-loss_z:21.340752,accu:0.64557,loss_recon:0.047343

Continue training
New FC model is initialized
200-loss_z:2.526008,accu:0.178573,loss_recon:1.007115

200-loss_z:2.543819,accu:0.063291,loss_recon:0.537713

400-loss_z:1.899682,accu:0.356061,loss_recon:0.261091

400-loss_z:2.375754,accu:0.139241,loss_recon:0.224235

600-loss_z:1.589748,accu:0.458535,loss_recon:0.123923

600-loss_z:2.361916,accu:0.139241,loss_recon:0.16532

800-loss_z:1.384814,accu:0.554232,loss_recon:0.077172

800-loss_z:2.394893,accu:0.164557,loss_recon:0.128647

1000-loss_z:1.247598,accu:0.589544,loss_recon:0.055894

1000-loss_z:2.452597,accu:0.202532,loss_recon:0.104445

1200-loss_z:1.135302,accu:0.658776,loss_recon:0.043672

1200-loss_z:2.526637,accu:0.240506,loss_recon:0.091283

1400-loss_z:1.047841,accu:0.703652,loss_recon:0.036088

1400-loss_z:2.577454,accu:0.265823,loss_recon:0.08128

1600-loss_z:0.970967,accu:0.741738,loss_recon:0.030838

1600-loss_z:2.664023,accu:0.240506,loss_recon:0.073474

1800-loss_z:0.908934,accu:0.783743,loss_recon:0.027553

1800-loss_z:2.71549,accu:0.303797,loss_recon:0.067443

2000-loss_z:0.851387,accu:0.798574,loss_recon:0.024875

2000-loss_z:2.810064,accu:0.265823,loss_recon:0.065316

2200-loss_z:0.800587,accu:0.821576,loss_recon:0.022878

2200-loss_z:2.842402,accu:0.329114,loss_recon:0.059061

2400-loss_z:0.749529,accu:0.833613,loss_recon:0.020958

2400-loss_z:2.952816,accu:0.316456,loss_recon:0.054844

2600-loss_z:0.709815,accu:0.847962,loss_recon:0.019508

2600-loss_z:3.011068,accu:0.303797,loss_recon:0.051767

2800-loss_z:0.668566,accu:0.854857,loss_recon:0.018285

2800-loss_z:3.089496,accu:0.329114,loss_recon:0.04942

3000-loss_z:0.634503,accu:0.863099,loss_recon:0.017413

3000-loss_z:3.185184,accu:0.316456,loss_recon:0.04673

3200-loss_z:0.599081,accu:0.875026,loss_recon:0.016591

3200-loss_z:3.308656,accu:0.316456,loss_recon:0.045879

3400-loss_z:0.567481,accu:0.87873,loss_recon:0.016134

3400-loss_z:3.403162,accu:0.329114,loss_recon:0.044206

3600-loss_z:0.538794,accu:0.884642,loss_recon:0.015816

3600-loss_z:3.545765,accu:0.291139,loss_recon:0.043514

3800-loss_z:0.510388,accu:0.892148,loss_recon:0.015763

3800-loss_z:3.654897,accu:0.303797,loss_recon:0.043071

4000-loss_z:0.490064,accu:0.905417,loss_recon:0.015251

4000-loss_z:3.815628,accu:0.35443,loss_recon:0.041043

4200-loss_z:0.462139,accu:0.913861,loss_recon:0.015154

4200-loss_z:3.917176,accu:0.329114,loss_recon:0.039555

4400-loss_z:0.437624,accu:0.926191,loss_recon:0.014747

4400-loss_z:4.044504,accu:0.341772,loss_recon:0.039543

4600-loss_z:0.419263,accu:0.931536,loss_recon:0.014334

4600-loss_z:4.176648,accu:0.392405,loss_recon:0.037927

4800-loss_z:0.39657,accu:0.934635,loss_recon:0.014038

4800-loss_z:4.287936,accu:0.379747,loss_recon:0.037638

5000-loss_z:0.381325,accu:0.948001,loss_recon:0.013954

5000-loss_z:4.427043,accu:0.405063,loss_recon:0.035862

5200-loss_z:0.361245,accu:0.957012,loss_recon:0.01391

5200-loss_z:4.536893,accu:0.417722,loss_recon:0.036613

5400-loss_z:0.346109,accu:0.963034,loss_recon:0.013792

5400-loss_z:4.683994,accu:0.405063,loss_recon:0.036804

5600-loss_z:0.32953,accu:0.96265,loss_recon:0.013553

5600-loss_z:4.81058,accu:0.43038,loss_recon:0.03762

5800-loss_z:0.315122,accu:0.970267,loss_recon:0.013598

5800-loss_z:4.92515,accu:0.43038,loss_recon:0.038314

6000-loss_z:0.298858,accu:0.971882,loss_recon:0.013397

6000-loss_z:5.051475,accu:0.443038,loss_recon:0.037009

6200-loss_z:0.284834,accu:0.97694,loss_recon:0.013562

6200-loss_z:5.175661,accu:0.455696,loss_recon:0.034876

6400-loss_z:0.267353,accu:0.980326,loss_recon:0.013558

6400-loss_z:5.328826,accu:0.417722,loss_recon:0.034866

6600-loss_z:0.258423,accu:0.978353,loss_recon:0.013564

6600-loss_z:5.442679,accu:0.443038,loss_recon:0.035422

6800-loss_z:0.245532,accu:0.980775,loss_recon:0.013386

6800-loss_z:5.797926,accu:0.455696,loss_recon:0.034262

7000-loss_z:0.233664,accu:0.985404,loss_recon:0.013241

7000-loss_z:6.55982,accu:0.468354,loss_recon:0.035739

7200-loss_z:0.217227,accu:0.986276,loss_recon:0.013307

7200-loss_z:7.080668,accu:0.468354,loss_recon:0.034468

7400-loss_z:0.209634,accu:0.987435,loss_recon:0.013168

7400-loss_z:7.524152,accu:0.468354,loss_recon:0.035335

7600-loss_z:0.198575,accu:0.989447,loss_recon:0.013223

7600-loss_z:7.946227,accu:0.455696,loss_recon:0.034812

7800-loss_z:0.188243,accu:0.989609,loss_recon:0.013122

7800-loss_z:8.292803,accu:0.455696,loss_recon:0.033768

8000-loss_z:0.178438,accu:0.989629,loss_recon:0.013

8000-loss_z:8.679461,accu:0.468354,loss_recon:0.036126

8200-loss_z:0.17069,accu:0.990755,loss_recon:0.012973

8200-loss_z:9.035784,accu:0.481013,loss_recon:0.033474

8400-loss_z:0.16014,accu:0.989082,loss_recon:0.013142

8400-loss_z:9.403563,accu:0.481013,loss_recon:0.034129

8600-loss_z:0.153109,accu:0.98987,loss_recon:0.012971

8600-loss_z:9.7981,accu:0.481013,loss_recon:0.034758

8800-loss_z:0.144884,accu:0.991074,loss_recon:0.013009

8800-loss_z:10.141318,accu:0.493671,loss_recon:0.034371

9000-loss_z:0.13806,accu:0.991842,loss_recon:0.013044

9000-loss_z:10.535663,accu:0.506329,loss_recon:0.034499

9200-loss_z:0.130812,accu:0.990345,loss_recon:0.012866

9200-loss_z:10.887669,accu:0.518987,loss_recon:0.03411

9400-loss_z:0.124033,accu:0.992624,loss_recon:0.012933

9400-loss_z:11.28431,accu:0.506329,loss_recon:0.034064

9600-loss_z:0.118949,accu:0.991797,loss_recon:0.013007

9600-loss_z:11.724511,accu:0.518987,loss_recon:0.034695

9800-loss_z:0.112088,accu:0.992585,loss_recon:0.01289

9800-loss_z:12.143688,accu:0.531646,loss_recon:0.034437

10000-loss_z:0.109092,accu:0.992174,loss_recon:0.012952

10000-loss_z:12.526811,accu:0.518987,loss_recon:0.03387

10200-loss_z:0.102792,accu:0.994766,loss_recon:0.012934

10200-loss_z:12.924936,accu:0.518987,loss_recon:0.034125

10400-loss_z:0.096637,accu:0.9961,loss_recon:0.012963

10400-loss_z:13.391295,accu:0.506329,loss_recon:0.034396

10600-loss_z:0.091291,accu:0.994115,loss_recon:0.012916

10600-loss_z:13.833112,accu:0.518987,loss_recon:0.035229

10800-loss_z:0.088159,accu:0.995768,loss_recon:0.012642

10800-loss_z:14.260581,accu:0.493671,loss_recon:0.034437

11000-loss_z:0.082896,accu:0.996152,loss_recon:0.012861

11000-loss_z:14.691469,accu:0.506329,loss_recon:0.03517

11200-loss_z:0.078852,accu:0.998626,loss_recon:0.012754

11200-loss_z:15.141046,accu:0.518987,loss_recon:0.034384

11400-loss_z:0.074559,accu:0.998945,loss_recon:0.01303

11400-loss_z:15.567011,accu:0.518987,loss_recon:0.034855

11600-loss_z:0.071236,accu:0.999876,loss_recon:0.012646

11600-loss_z:15.986144,accu:0.531646,loss_recon:0.034797

11800-loss_z:0.068237,accu:0.99877,loss_recon:0.012702

11800-loss_z:16.46804,accu:0.506329,loss_recon:0.03526

12000-loss_z:0.064641,accu:0.999753,loss_recon:0.012598

12000-loss_z:16.971014,accu:0.544304,loss_recon:0.035994

12200-loss_z:0.061821,accu:1.0,loss_recon:0.012669

12200-loss_z:17.409843,accu:0.506329,loss_recon:0.034084

12400-loss_z:0.057888,accu:0.999876,loss_recon:0.012773

12400-loss_z:17.837471,accu:0.518987,loss_recon:0.034207

12600-loss_z:0.055088,accu:0.999421,loss_recon:0.012677

12600-loss_z:18.305847,accu:0.506329,loss_recon:0.033922

12800-loss_z:0.052995,accu:1.0,loss_recon:0.012736

12800-loss_z:18.744829,accu:0.531646,loss_recon:0.034518

13000-loss_z:0.049858,accu:1.0,loss_recon:0.012667

13000-loss_z:19.194235,accu:0.518987,loss_recon:0.035127

13200-loss_z:0.046216,accu:0.999837,loss_recon:0.012672

13200-loss_z:19.689465,accu:0.506329,loss_recon:0.033714

13400-loss_z:0.04452,accu:1.0,loss_recon:0.012698

13400-loss_z:20.165188,accu:0.506329,loss_recon:0.033717

13600-loss_z:0.042468,accu:1.0,loss_recon:0.012702

13600-loss_z:20.647348,accu:0.493671,loss_recon:0.034815

13800-loss_z:0.039473,accu:1.0,loss_recon:0.012472

13800-loss_z:21.153101,accu:0.518987,loss_recon:0.033993

14000-loss_z:0.037652,accu:1.0,loss_recon:0.012525

14000-loss_z:21.642134,accu:0.518987,loss_recon:0.032989

14200-loss_z:0.035619,accu:1.0,loss_recon:0.012636

14200-loss_z:22.057249,accu:0.506329,loss_recon:0.034433

14400-loss_z:0.033522,accu:1.0,loss_recon:0.012477

14400-loss_z:22.533836,accu:0.506329,loss_recon:0.034358

14600-loss_z:0.032359,accu:1.0,loss_recon:0.012544

14600-loss_z:22.973839,accu:0.506329,loss_recon:0.034565

14800-loss_z:0.030377,accu:1.0,loss_recon:0.012455

14800-loss_z:23.402452,accu:0.506329,loss_recon:0.033729

15000-loss_z:0.028815,accu:1.0,loss_recon:0.012672

15000-loss_z:23.8461,accu:0.493671,loss_recon:0.032973

15200-loss_z:0.027044,accu:1.0,loss_recon:0.012493

15200-loss_z:24.393559,accu:0.506329,loss_recon:0.035045

15400-loss_z:0.025639,accu:1.0,loss_recon:0.0125

15400-loss_z:24.816168,accu:0.506329,loss_recon:0.034033

15600-loss_z:0.02493,accu:1.0,loss_recon:0.012517

15600-loss_z:25.326122,accu:0.493671,loss_recon:0.034747

15800-loss_z:0.023481,accu:1.0,loss_recon:0.012558

15800-loss_z:25.805326,accu:0.493671,loss_recon:0.034362

16000-loss_z:0.021977,accu:1.0,loss_recon:0.0126

16000-loss_z:26.211411,accu:0.506329,loss_recon:0.033072

16200-loss_z:0.02056,accu:1.0,loss_recon:0.012553

16200-loss_z:26.723066,accu:0.493671,loss_recon:0.033742

16400-loss_z:0.019716,accu:1.0,loss_recon:0.012705

16400-loss_z:27.122753,accu:0.493671,loss_recon:0.035195

16600-loss_z:0.018368,accu:1.0,loss_recon:0.012625

16600-loss_z:27.548693,accu:0.493671,loss_recon:0.034693

16800-loss_z:0.01784,accu:1.0,loss_recon:0.012441

16800-loss_z:27.908484,accu:0.493671,loss_recon:0.034154

17000-loss_z:0.016467,accu:1.0,loss_recon:0.012466

17000-loss_z:28.356344,accu:0.493671,loss_recon:0.034742

17200-loss_z:0.015848,accu:1.0,loss_recon:0.012412

17200-loss_z:28.710394,accu:0.493671,loss_recon:0.03485

17400-loss_z:0.014896,accu:1.0,loss_recon:0.012382

17400-loss_z:29.164541,accu:0.493671,loss_recon:0.035671

17600-loss_z:0.01431,accu:1.0,loss_recon:0.012448

17600-loss_z:29.624313,accu:0.481013,loss_recon:0.034712

17800-loss_z:0.013229,accu:1.0,loss_recon:0.012607

17800-loss_z:30.036247,accu:0.493671,loss_recon:0.034158

18000-loss_z:0.012934,accu:1.0,loss_recon:0.012375

18000-loss_z:30.52108,accu:0.481013,loss_recon:0.033802

18200-loss_z:0.012229,accu:1.0,loss_recon:0.012513

18200-loss_z:30.946892,accu:0.481013,loss_recon:0.032963

18400-loss_z:0.011527,accu:1.0,loss_recon:0.012609

18400-loss_z:31.390108,accu:0.481013,loss_recon:0.034912

18600-loss_z:0.01079,accu:1.0,loss_recon:0.012426

18600-loss_z:31.795227,accu:0.481013,loss_recon:0.034133

18800-loss_z:0.010109,accu:1.0,loss_recon:0.012454

18800-loss_z:32.234154,accu:0.481013,loss_recon:0.035062

19000-loss_z:0.009461,accu:1.0,loss_recon:0.012346

19000-loss_z:32.627598,accu:0.481013,loss_recon:0.034087

19200-loss_z:0.009178,accu:1.0,loss_recon:0.012426

19200-loss_z:33.040073,accu:0.493671,loss_recon:0.034941

19400-loss_z:0.008591,accu:1.0,loss_recon:0.012545

19400-loss_z:33.416737,accu:0.493671,loss_recon:0.034474

19600-loss_z:0.008226,accu:1.0,loss_recon:0.012346

19600-loss_z:33.813175,accu:0.481013,loss_recon:0.034694

19800-loss_z:0.00792,accu:1.0,loss_recon:0.012415

19800-loss_z:34.154922,accu:0.481013,loss_recon:0.034234

20000-loss_z:0.007272,accu:1.0,loss_recon:0.012424

20000-loss_z:34.539043,accu:0.481013,loss_recon:0.03458

Continue training
New FC model is initialized
200-loss_z:2.575942,accu:0.184915,loss_recon:0.897295

200-loss_z:2.602633,accu:0.101266,loss_recon:0.487948

400-loss_z:1.895523,accu:0.336725,loss_recon:0.246852

400-loss_z:2.333659,accu:0.126582,loss_recon:0.30251

600-loss_z:1.570502,accu:0.478542,loss_recon:0.148949

600-loss_z:2.314811,accu:0.227848,loss_recon:0.233042

800-loss_z:1.373113,accu:0.554297,loss_recon:0.111293

800-loss_z:2.341262,accu:0.21519,loss_recon:0.190832

1000-loss_z:1.227849,accu:0.603535,loss_recon:0.080345

1000-loss_z:2.375201,accu:0.227848,loss_recon:0.146275

1200-loss_z:1.109569,accu:0.670208,loss_recon:0.060825

1200-loss_z:2.417453,accu:0.291139,loss_recon:0.121478

1400-loss_z:1.015851,accu:0.726387,loss_recon:0.050679

1400-loss_z:2.429608,accu:0.291139,loss_recon:0.109466

1600-loss_z:0.938217,accu:0.749434,loss_recon:0.042457

1600-loss_z:2.44021,accu:0.303797,loss_recon:0.095698

1800-loss_z:0.866113,accu:0.770371,loss_recon:0.036706

1800-loss_z:2.473957,accu:0.341772,loss_recon:0.087317

2000-loss_z:0.802568,accu:0.795358,loss_recon:0.032906

2000-loss_z:2.45785,accu:0.316456,loss_recon:0.081101

2200-loss_z:0.751013,accu:0.819609,loss_recon:0.030246

2200-loss_z:2.445308,accu:0.367089,loss_recon:0.073209

2400-loss_z:0.702872,accu:0.838216,loss_recon:0.026906

2400-loss_z:2.453521,accu:0.35443,loss_recon:0.066565

2600-loss_z:0.654168,accu:0.857272,loss_recon:0.024156

2600-loss_z:2.462573,accu:0.405063,loss_recon:0.064096

2800-loss_z:0.612446,accu:0.88209,loss_recon:0.021679

2800-loss_z:2.453487,accu:0.405063,loss_recon:0.058861

3000-loss_z:0.577281,accu:0.881224,loss_recon:0.019851

3000-loss_z:2.474371,accu:0.392405,loss_recon:0.05848

3200-loss_z:0.539078,accu:0.901289,loss_recon:0.018739

3200-loss_z:2.483497,accu:0.405063,loss_recon:0.053579

3400-loss_z:0.50738,accu:0.912806,loss_recon:0.017883

3400-loss_z:2.520948,accu:0.379747,loss_recon:0.053131

3600-loss_z:0.475589,accu:0.923145,loss_recon:0.017081

3600-loss_z:2.556433,accu:0.417722,loss_recon:0.051547

3800-loss_z:0.445666,accu:0.929889,loss_recon:0.016719

3800-loss_z:2.626644,accu:0.405063,loss_recon:0.050653

4000-loss_z:0.423073,accu:0.93946,loss_recon:0.016472

4000-loss_z:2.681072,accu:0.392405,loss_recon:0.04861

4200-loss_z:0.394398,accu:0.944805,loss_recon:0.016005

4200-loss_z:2.732278,accu:0.392405,loss_recon:0.047851

4400-loss_z:0.372655,accu:0.939388,loss_recon:0.016021

4400-loss_z:2.78966,accu:0.405063,loss_recon:0.046613

4600-loss_z:0.346247,accu:0.949056,loss_recon:0.015533

4600-loss_z:2.8477,accu:0.417722,loss_recon:0.046359

4800-loss_z:0.325351,accu:0.950638,loss_recon:0.015408

4800-loss_z:2.908905,accu:0.417722,loss_recon:0.043972

5000-loss_z:0.309115,accu:0.953535,loss_recon:0.015244

5000-loss_z:2.981402,accu:0.417722,loss_recon:0.044942

5200-loss_z:0.291031,accu:0.961602,loss_recon:0.015171

5200-loss_z:3.015564,accu:0.417722,loss_recon:0.043691

5400-loss_z:0.273628,accu:0.962858,loss_recon:0.015091

5400-loss_z:3.077614,accu:0.417722,loss_recon:0.044142

5600-loss_z:0.258846,accu:0.973027,loss_recon:0.014988

5600-loss_z:3.14308,accu:0.417722,loss_recon:0.04352

5800-loss_z:0.242657,accu:0.972897,loss_recon:0.015155

5800-loss_z:3.240308,accu:0.417722,loss_recon:0.0428

6000-loss_z:0.230327,accu:0.975625,loss_recon:0.014781

6000-loss_z:3.320466,accu:0.43038,loss_recon:0.041939

6200-loss_z:0.219289,accu:0.977428,loss_recon:0.014812

6200-loss_z:3.433213,accu:0.43038,loss_recon:0.043984

6400-loss_z:0.207182,accu:0.978815,loss_recon:0.0146

6400-loss_z:3.474285,accu:0.455696,loss_recon:0.044368

6600-loss_z:0.193253,accu:0.980951,loss_recon:0.014568

6600-loss_z:3.561159,accu:0.43038,loss_recon:0.042908

6800-loss_z:0.185645,accu:0.982572,loss_recon:0.014522

6800-loss_z:3.657592,accu:0.43038,loss_recon:0.043362

7000-loss_z:0.176065,accu:0.982305,loss_recon:0.014546

7000-loss_z:3.760304,accu:0.443038,loss_recon:0.042285

7200-loss_z:0.165984,accu:0.983574,loss_recon:0.014385

7200-loss_z:3.859334,accu:0.443038,loss_recon:0.043952

7400-loss_z:0.156601,accu:0.985436,loss_recon:0.014307

7400-loss_z:4.016788,accu:0.443038,loss_recon:0.044522

7600-loss_z:0.149461,accu:0.986185,loss_recon:0.014506

7600-loss_z:4.128524,accu:0.43038,loss_recon:0.04319

7800-loss_z:0.141733,accu:0.985762,loss_recon:0.014228

7800-loss_z:4.258364,accu:0.43038,loss_recon:0.042978

8000-loss_z:0.137375,accu:0.986628,loss_recon:0.014373

8000-loss_z:4.424903,accu:0.443038,loss_recon:0.044346

8200-loss_z:0.1288,accu:0.985801,loss_recon:0.014236

8200-loss_z:4.569289,accu:0.455696,loss_recon:0.042184

8400-loss_z:0.121444,accu:0.987533,loss_recon:0.01396

8400-loss_z:4.695258,accu:0.443038,loss_recon:0.042957

8600-loss_z:0.116086,accu:0.987025,loss_recon:0.014138

8600-loss_z:4.826787,accu:0.455696,loss_recon:0.044655

8800-loss_z:0.110884,accu:0.986276,loss_recon:0.014208

8800-loss_z:4.970922,accu:0.443038,loss_recon:0.044393

9000-loss_z:0.105191,accu:0.986602,loss_recon:0.014184

9000-loss_z:5.129483,accu:0.455696,loss_recon:0.043567

9200-loss_z:0.099133,accu:0.98694,loss_recon:0.014039

9200-loss_z:5.275458,accu:0.455696,loss_recon:0.042658

9400-loss_z:0.094709,accu:0.987279,loss_recon:0.013978

9400-loss_z:5.435174,accu:0.455696,loss_recon:0.044715

9600-loss_z:0.091306,accu:0.986165,loss_recon:0.013828

9600-loss_z:5.587945,accu:0.455696,loss_recon:0.04306

9800-loss_z:0.086305,accu:0.987396,loss_recon:0.013913

9800-loss_z:5.704048,accu:0.455696,loss_recon:0.043444

10000-loss_z:0.081637,accu:0.987526,loss_recon:0.013915

10000-loss_z:5.871464,accu:0.455696,loss_recon:0.042624

10200-loss_z:0.077107,accu:0.989115,loss_recon:0.01392

10200-loss_z:6.064486,accu:0.455696,loss_recon:0.045397

10400-loss_z:0.074108,accu:0.98748,loss_recon:0.013878

10400-loss_z:6.171528,accu:0.455696,loss_recon:0.043238

10600-loss_z:0.070806,accu:0.988145,loss_recon:0.01377

10600-loss_z:6.313062,accu:0.455696,loss_recon:0.043665

10800-loss_z:0.067441,accu:0.98763,loss_recon:0.013921

10800-loss_z:6.416927,accu:0.455696,loss_recon:0.043317

11000-loss_z:0.063705,accu:0.988984,loss_recon:0.013819

11000-loss_z:6.61717,accu:0.455696,loss_recon:0.04339

11200-loss_z:0.06088,accu:0.98929,loss_recon:0.014033

11200-loss_z:6.768,accu:0.455696,loss_recon:0.042593

11400-loss_z:0.057159,accu:0.989746,loss_recon:0.013923

11400-loss_z:6.894306,accu:0.455696,loss_recon:0.042556

11600-loss_z:0.054169,accu:0.992005,loss_recon:0.013784

11600-loss_z:7.035775,accu:0.455696,loss_recon:0.044043

11800-loss_z:0.051271,accu:0.992975,loss_recon:0.013981

11800-loss_z:7.198574,accu:0.455696,loss_recon:0.043445

12000-loss_z:0.048373,accu:0.993392,loss_recon:0.013834

12000-loss_z:7.345591,accu:0.455696,loss_recon:0.044621

12200-loss_z:0.045294,accu:0.996426,loss_recon:0.013693

12200-loss_z:7.525514,accu:0.455696,loss_recon:0.042562

12400-loss_z:0.04302,accu:0.997096,loss_recon:0.013919

12400-loss_z:7.649487,accu:0.455696,loss_recon:0.04308

12600-loss_z:0.040922,accu:0.998307,loss_recon:0.01396

12600-loss_z:7.807255,accu:0.455696,loss_recon:0.044459

12800-loss_z:0.0389,accu:0.998828,loss_recon:0.013796

12800-loss_z:7.951102,accu:0.455696,loss_recon:0.042323

13000-loss_z:0.036555,accu:0.999186,loss_recon:0.01378

13000-loss_z:8.10751,accu:0.455696,loss_recon:0.043011

13200-loss_z:0.034221,accu:0.999824,loss_recon:0.01354

13200-loss_z:8.223184,accu:0.468354,loss_recon:0.043225

13400-loss_z:0.031482,accu:0.999961,loss_recon:0.013471

13400-loss_z:8.356688,accu:0.468354,loss_recon:0.042515

13600-loss_z:0.030678,accu:0.999694,loss_recon:0.013441

13600-loss_z:8.461302,accu:0.468354,loss_recon:0.04387

13800-loss_z:0.028406,accu:0.999876,loss_recon:0.013476

13800-loss_z:8.607388,accu:0.468354,loss_recon:0.043609

14000-loss_z:0.027189,accu:1.0,loss_recon:0.013552

14000-loss_z:8.737766,accu:0.468354,loss_recon:0.042573

14200-loss_z:0.025611,accu:1.0,loss_recon:0.013437

14200-loss_z:8.84237,accu:0.481013,loss_recon:0.04251

14400-loss_z:0.024418,accu:1.0,loss_recon:0.013597

14400-loss_z:8.969845,accu:0.468354,loss_recon:0.042398

14600-loss_z:0.023063,accu:1.0,loss_recon:0.013354

14600-loss_z:9.092266,accu:0.468354,loss_recon:0.043273

14800-loss_z:0.021321,accu:1.0,loss_recon:0.013209

14800-loss_z:9.215729,accu:0.481013,loss_recon:0.043899

15000-loss_z:0.020149,accu:1.0,loss_recon:0.013309

15000-loss_z:9.38119,accu:0.468354,loss_recon:0.04203

15200-loss_z:0.018944,accu:1.0,loss_recon:0.01326

15200-loss_z:9.466788,accu:0.493671,loss_recon:0.042392

15400-loss_z:0.01791,accu:1.0,loss_recon:0.013464

15400-loss_z:9.596842,accu:0.481013,loss_recon:0.042873

15600-loss_z:0.0165,accu:1.0,loss_recon:0.013278

15600-loss_z:9.727704,accu:0.506329,loss_recon:0.043439

15800-loss_z:0.015829,accu:1.0,loss_recon:0.013266

15800-loss_z:9.882895,accu:0.518987,loss_recon:0.042666

16000-loss_z:0.014753,accu:1.0,loss_recon:0.013479

16000-loss_z:9.985961,accu:0.518987,loss_recon:0.042661

16200-loss_z:0.013478,accu:1.0,loss_recon:0.013147

16200-loss_z:10.067871,accu:0.518987,loss_recon:0.041564

16400-loss_z:0.012987,accu:1.0,loss_recon:0.013297

16400-loss_z:10.223533,accu:0.506329,loss_recon:0.043691

16600-loss_z:0.01215,accu:1.0,loss_recon:0.013291

16600-loss_z:10.297952,accu:0.506329,loss_recon:0.043386

16800-loss_z:0.011279,accu:1.0,loss_recon:0.013115

16800-loss_z:10.42446,accu:0.506329,loss_recon:0.044026

17000-loss_z:0.010508,accu:1.0,loss_recon:0.013294

17000-loss_z:10.530301,accu:0.506329,loss_recon:0.044112

17200-loss_z:0.01017,accu:1.0,loss_recon:0.013205

17200-loss_z:10.673139,accu:0.493671,loss_recon:0.043186

17400-loss_z:0.009417,accu:1.0,loss_recon:0.013135

17400-loss_z:10.768019,accu:0.506329,loss_recon:0.043255

17600-loss_z:0.008806,accu:1.0,loss_recon:0.013305

17600-loss_z:10.84501,accu:0.506329,loss_recon:0.043824

17800-loss_z:0.008319,accu:1.0,loss_recon:0.013146

17800-loss_z:10.949489,accu:0.506329,loss_recon:0.043155

18000-loss_z:0.007563,accu:1.0,loss_recon:0.013157

18000-loss_z:11.061497,accu:0.493671,loss_recon:0.044713

18200-loss_z:0.007163,accu:1.0,loss_recon:0.013106

18200-loss_z:11.154001,accu:0.493671,loss_recon:0.044502

18400-loss_z:0.006921,accu:1.0,loss_recon:0.013042

18400-loss_z:11.233863,accu:0.506329,loss_recon:0.0447

18600-loss_z:0.006411,accu:1.0,loss_recon:0.013037

18600-loss_z:11.331049,accu:0.506329,loss_recon:0.043289

18800-loss_z:0.005907,accu:1.0,loss_recon:0.013025

18800-loss_z:11.451495,accu:0.506329,loss_recon:0.044439

19000-loss_z:0.00559,accu:1.0,loss_recon:0.01309

19000-loss_z:11.514591,accu:0.506329,loss_recon:0.042965

19200-loss_z:0.005271,accu:1.0,loss_recon:0.013015

19200-loss_z:11.673948,accu:0.506329,loss_recon:0.044941

19400-loss_z:0.004889,accu:1.0,loss_recon:0.012959

19400-loss_z:11.757383,accu:0.493671,loss_recon:0.045021

19600-loss_z:0.004623,accu:1.0,loss_recon:0.013027

19600-loss_z:11.86058,accu:0.506329,loss_recon:0.044855

19800-loss_z:0.00434,accu:1.0,loss_recon:0.012788

19800-loss_z:11.957213,accu:0.506329,loss_recon:0.044643

20000-loss_z:0.004034,accu:1.0,loss_recon:0.012793

20000-loss_z:12.038287,accu:0.506329,loss_recon:0.043802

Continue training
New FC model is initialized
200-loss_z:2.655297,accu:0.153743,loss_recon:1.003372

200-loss_z:2.6256,accu:0.063291,loss_recon:0.643253

400-loss_z:1.951396,accu:0.315866,loss_recon:0.361972

400-loss_z:2.374043,accu:0.101266,loss_recon:0.313075

600-loss_z:1.61057,accu:0.423646,loss_recon:0.153208

600-loss_z:2.328989,accu:0.126582,loss_recon:0.202047

800-loss_z:1.420703,accu:0.514368,loss_recon:0.09232

800-loss_z:2.332506,accu:0.126582,loss_recon:0.152167

1000-loss_z:1.29183,accu:0.567422,loss_recon:0.065913

1000-loss_z:2.341492,accu:0.177215,loss_recon:0.123059

1200-loss_z:1.196641,accu:0.618073,loss_recon:0.050879

1200-loss_z:2.376068,accu:0.21519,loss_recon:0.102561

1400-loss_z:1.109343,accu:0.673574,loss_recon:0.040603

1400-loss_z:2.435543,accu:0.189873,loss_recon:0.094788

1600-loss_z:1.037828,accu:0.696289,loss_recon:0.035926

1600-loss_z:2.474123,accu:0.189873,loss_recon:0.086191

1800-loss_z:0.972408,accu:0.730365,loss_recon:0.031725

1800-loss_z:2.515742,accu:0.21519,loss_recon:0.084046

2000-loss_z:0.913001,accu:0.770534,loss_recon:0.029227

2000-loss_z:2.571807,accu:0.227848,loss_recon:0.078509

2200-loss_z:0.858456,accu:0.785267,loss_recon:0.026523

2200-loss_z:2.601789,accu:0.240506,loss_recon:0.075467

2400-loss_z:0.81412,accu:0.806237,loss_recon:0.024512

2400-loss_z:2.647886,accu:0.21519,loss_recon:0.070658

2600-loss_z:0.772854,accu:0.817813,loss_recon:0.022372

2600-loss_z:2.721839,accu:0.227848,loss_recon:0.067628

2800-loss_z:0.734834,accu:0.82821,loss_recon:0.021173

2800-loss_z:2.784669,accu:0.253165,loss_recon:0.06377

3000-loss_z:0.693329,accu:0.841042,loss_recon:0.019792

3000-loss_z:2.888266,accu:0.253165,loss_recon:0.063905

3200-loss_z:0.65839,accu:0.849056,loss_recon:0.018838

3200-loss_z:3.001414,accu:0.253165,loss_recon:0.063274

3400-loss_z:0.626097,accu:0.85347,loss_recon:0.018269

3400-loss_z:3.072151,accu:0.291139,loss_recon:0.061351

3600-loss_z:0.597174,accu:0.868008,loss_recon:0.017691

3600-loss_z:3.192407,accu:0.291139,loss_recon:0.062637

3800-loss_z:0.568307,accu:0.87263,loss_recon:0.017306

3800-loss_z:3.306129,accu:0.278481,loss_recon:0.062666

4000-loss_z:0.541302,accu:0.886901,loss_recon:0.016913

4000-loss_z:3.402986,accu:0.291139,loss_recon:0.063144

4200-loss_z:0.518538,accu:0.893744,loss_recon:0.016971

4200-loss_z:3.484668,accu:0.291139,loss_recon:0.061963

4400-loss_z:0.496501,accu:0.902012,loss_recon:0.016562

4400-loss_z:3.592188,accu:0.303797,loss_recon:0.060481

4600-loss_z:0.473947,accu:0.909818,loss_recon:0.01637

4600-loss_z:3.71875,accu:0.316456,loss_recon:0.061248

4800-loss_z:0.455965,accu:0.916107,loss_recon:0.01629

4800-loss_z:3.829422,accu:0.329114,loss_recon:0.060629

5000-loss_z:0.432102,accu:0.927181,loss_recon:0.016138

5000-loss_z:3.944389,accu:0.329114,loss_recon:0.0569

5200-loss_z:0.415499,accu:0.933665,loss_recon:0.015606

5200-loss_z:4.073074,accu:0.303797,loss_recon:0.057585

5400-loss_z:0.397749,accu:0.938613,loss_recon:0.0156

5400-loss_z:4.143627,accu:0.379747,loss_recon:0.057469

5600-loss_z:0.383182,accu:0.94625,loss_recon:0.015524

5600-loss_z:4.29288,accu:0.341772,loss_recon:0.058558

5800-loss_z:0.364948,accu:0.954557,loss_recon:0.015137

5800-loss_z:4.420902,accu:0.329114,loss_recon:0.056363

6000-loss_z:0.350791,accu:0.956178,loss_recon:0.015119

6000-loss_z:4.551636,accu:0.341772,loss_recon:0.056101

6200-loss_z:0.336207,accu:0.955228,loss_recon:0.015281

6200-loss_z:4.676717,accu:0.329114,loss_recon:0.05566

6400-loss_z:0.322075,accu:0.961165,loss_recon:0.015052

6400-loss_z:4.788916,accu:0.379747,loss_recon:0.053742

6600-loss_z:0.30888,accu:0.963483,loss_recon:0.014789

6600-loss_z:4.924781,accu:0.379747,loss_recon:0.054567

6800-loss_z:0.293479,accu:0.967428,loss_recon:0.014858

6800-loss_z:5.047738,accu:0.35443,loss_recon:0.053239

7000-loss_z:0.286829,accu:0.965742,loss_recon:0.014669

7000-loss_z:5.180348,accu:0.379747,loss_recon:0.0544

7200-loss_z:0.274039,accu:0.969375,loss_recon:0.014636

7200-loss_z:5.316759,accu:0.35443,loss_recon:0.053432

7400-loss_z:0.261775,accu:0.967298,loss_recon:0.014653

7400-loss_z:5.443428,accu:0.405063,loss_recon:0.052461

7600-loss_z:0.252815,accu:0.969792,loss_recon:0.01439

7600-loss_z:5.580811,accu:0.405063,loss_recon:0.053572

7800-loss_z:0.239555,accu:0.978027,loss_recon:0.014311

7800-loss_z:5.702595,accu:0.43038,loss_recon:0.050742

8000-loss_z:0.230851,accu:0.974355,loss_recon:0.014548

8000-loss_z:5.850068,accu:0.417722,loss_recon:0.051853

8200-loss_z:0.220945,accu:0.977695,loss_recon:0.014206

8200-loss_z:6.003244,accu:0.417722,loss_recon:0.053711

8400-loss_z:0.210712,accu:0.982624,loss_recon:0.014124

8400-loss_z:6.165229,accu:0.379747,loss_recon:0.053425

8600-loss_z:0.201357,accu:0.980299,loss_recon:0.013923

8600-loss_z:6.353814,accu:0.392405,loss_recon:0.053855

8800-loss_z:0.192603,accu:0.98651,loss_recon:0.013828

8800-loss_z:6.501606,accu:0.417722,loss_recon:0.054699

9000-loss_z:0.188296,accu:0.988008,loss_recon:0.013948

9000-loss_z:6.652695,accu:0.405063,loss_recon:0.053049

9200-loss_z:0.178538,accu:0.991719,loss_recon:0.013813

9200-loss_z:6.813241,accu:0.392405,loss_recon:0.053683

9400-loss_z:0.173242,accu:0.991413,loss_recon:0.013789

9400-loss_z:6.965449,accu:0.405063,loss_recon:0.053745

9600-loss_z:0.166553,accu:0.995091,loss_recon:0.013746

9600-loss_z:7.109306,accu:0.43038,loss_recon:0.054482

9800-loss_z:0.159468,accu:0.996634,loss_recon:0.013637

9800-loss_z:7.217225,accu:0.417722,loss_recon:0.054556

10000-loss_z:0.152589,accu:0.997604,loss_recon:0.013684

10000-loss_z:7.389002,accu:0.417722,loss_recon:0.055054

10200-loss_z:0.146044,accu:0.996608,loss_recon:0.013562

10200-loss_z:7.478376,accu:0.455696,loss_recon:0.056663

10400-loss_z:0.141779,accu:0.99862,loss_recon:0.013601

10400-loss_z:7.614191,accu:0.43038,loss_recon:0.054855

10600-loss_z:0.135837,accu:0.999251,loss_recon:0.013577

10600-loss_z:7.770387,accu:0.417722,loss_recon:0.053648

10800-loss_z:0.127616,accu:1.0,loss_recon:0.013264

10800-loss_z:7.896006,accu:0.443038,loss_recon:0.055186

11000-loss_z:0.127008,accu:0.999818,loss_recon:0.013437

11000-loss_z:8.071783,accu:0.43038,loss_recon:0.053122

11200-loss_z:0.118569,accu:0.999603,loss_recon:0.013263

11200-loss_z:8.161366,accu:0.417722,loss_recon:0.055556

11400-loss_z:0.114091,accu:0.999668,loss_recon:0.013004

11400-loss_z:8.271317,accu:0.443038,loss_recon:0.053665

11600-loss_z:0.109527,accu:1.0,loss_recon:0.013155

11600-loss_z:8.417714,accu:0.417722,loss_recon:0.053544

11800-loss_z:0.106157,accu:1.0,loss_recon:0.013007

11800-loss_z:8.493565,accu:0.405063,loss_recon:0.053803

12000-loss_z:0.102266,accu:1.0,loss_recon:0.013044

12000-loss_z:8.635542,accu:0.43038,loss_recon:0.052695

12200-loss_z:0.09696,accu:1.0,loss_recon:0.012776

12200-loss_z:8.777555,accu:0.417722,loss_recon:0.0552

12400-loss_z:0.093164,accu:1.0,loss_recon:0.012939

12400-loss_z:8.927741,accu:0.443038,loss_recon:0.052753

12600-loss_z:0.089199,accu:0.999857,loss_recon:0.012773

12600-loss_z:9.078111,accu:0.443038,loss_recon:0.054928

12800-loss_z:0.086423,accu:1.0,loss_recon:0.012663

12800-loss_z:9.196648,accu:0.405063,loss_recon:0.052261

13000-loss_z:0.082654,accu:1.0,loss_recon:0.01281

13000-loss_z:9.358392,accu:0.417722,loss_recon:0.052205

13200-loss_z:0.079146,accu:1.0,loss_recon:0.012735

13200-loss_z:9.515403,accu:0.43038,loss_recon:0.053322

13400-loss_z:0.075811,accu:1.0,loss_recon:0.01267

13400-loss_z:9.695509,accu:0.43038,loss_recon:0.05429

13600-loss_z:0.072005,accu:1.0,loss_recon:0.012823

13600-loss_z:9.812666,accu:0.43038,loss_recon:0.052098

13800-loss_z:0.069651,accu:1.0,loss_recon:0.012864

13800-loss_z:10.072117,accu:0.43038,loss_recon:0.053614

14000-loss_z:0.06522,accu:1.0,loss_recon:0.012593

14000-loss_z:10.204151,accu:0.443038,loss_recon:0.054697

14200-loss_z:0.06241,accu:1.0,loss_recon:0.012608

14200-loss_z:10.401709,accu:0.468354,loss_recon:0.052548

14400-loss_z:0.059723,accu:1.0,loss_recon:0.012524

14400-loss_z:10.627599,accu:0.455696,loss_recon:0.055049

14600-loss_z:0.056372,accu:1.0,loss_recon:0.012434

14600-loss_z:10.778829,accu:0.468354,loss_recon:0.052937

14800-loss_z:0.054404,accu:1.0,loss_recon:0.012304

14800-loss_z:10.926457,accu:0.468354,loss_recon:0.052027

15000-loss_z:0.052338,accu:1.0,loss_recon:0.012519

15000-loss_z:11.141677,accu:0.455696,loss_recon:0.053078

15200-loss_z:0.049134,accu:1.0,loss_recon:0.012389

15200-loss_z:11.296748,accu:0.455696,loss_recon:0.051195

15400-loss_z:0.048006,accu:1.0,loss_recon:0.012453

15400-loss_z:11.484668,accu:0.481013,loss_recon:0.053011

15600-loss_z:0.045536,accu:1.0,loss_recon:0.012384

15600-loss_z:11.649456,accu:0.468354,loss_recon:0.053001

15800-loss_z:0.043804,accu:1.0,loss_recon:0.012349

15800-loss_z:11.830138,accu:0.481013,loss_recon:0.053532

16000-loss_z:0.041589,accu:1.0,loss_recon:0.012312

16000-loss_z:11.999887,accu:0.493671,loss_recon:0.051835

16200-loss_z:0.040114,accu:1.0,loss_recon:0.012331

16200-loss_z:12.226476,accu:0.493671,loss_recon:0.053155

16400-loss_z:0.038222,accu:1.0,loss_recon:0.012497

16400-loss_z:12.417271,accu:0.481013,loss_recon:0.054285

16600-loss_z:0.036617,accu:1.0,loss_recon:0.012395

16600-loss_z:12.634222,accu:0.493671,loss_recon:0.052855

16800-loss_z:0.033939,accu:1.0,loss_recon:0.012253

16800-loss_z:12.824551,accu:0.468354,loss_recon:0.051763

17000-loss_z:0.033127,accu:1.0,loss_recon:0.012161

17000-loss_z:13.059019,accu:0.481013,loss_recon:0.052219

17200-loss_z:0.031471,accu:1.0,loss_recon:0.012203

17200-loss_z:13.286123,accu:0.481013,loss_recon:0.050177

17400-loss_z:0.030179,accu:1.0,loss_recon:0.012103

17400-loss_z:13.531108,accu:0.493671,loss_recon:0.051755

17600-loss_z:0.028387,accu:1.0,loss_recon:0.0121

17600-loss_z:13.777024,accu:0.481013,loss_recon:0.051937

17800-loss_z:0.027674,accu:1.0,loss_recon:0.012172

17800-loss_z:14.051826,accu:0.481013,loss_recon:0.052347

18000-loss_z:0.02587,accu:1.0,loss_recon:0.012199

18000-loss_z:14.261761,accu:0.493671,loss_recon:0.051146

18200-loss_z:0.024085,accu:1.0,loss_recon:0.012075

18200-loss_z:14.506186,accu:0.493671,loss_recon:0.049226

18400-loss_z:0.023911,accu:1.0,loss_recon:0.012177

18400-loss_z:14.735698,accu:0.493671,loss_recon:0.049943

18600-loss_z:0.022616,accu:1.0,loss_recon:0.012126

18600-loss_z:15.006737,accu:0.493671,loss_recon:0.047706

18800-loss_z:0.021393,accu:1.0,loss_recon:0.01209

18800-loss_z:15.208746,accu:0.493671,loss_recon:0.051192

19000-loss_z:0.02068,accu:1.0,loss_recon:0.012144

19000-loss_z:15.492192,accu:0.493671,loss_recon:0.049881

19200-loss_z:0.019368,accu:1.0,loss_recon:0.01205

19200-loss_z:15.738256,accu:0.506329,loss_recon:0.052489

19400-loss_z:0.0187,accu:1.0,loss_recon:0.012023

19400-loss_z:15.966939,accu:0.506329,loss_recon:0.050505

19600-loss_z:0.017476,accu:1.0,loss_recon:0.012008

19600-loss_z:16.157116,accu:0.481013,loss_recon:0.050566

19800-loss_z:0.016979,accu:1.0,loss_recon:0.012141

19800-loss_z:16.416952,accu:0.506329,loss_recon:0.050571

20000-loss_z:0.015759,accu:1.0,loss_recon:0.012002

20000-loss_z:16.672783,accu:0.481013,loss_recon:0.049923

Continue training
New FC model is initialized
200-loss_z:2.607992,accu:0.163045,loss_recon:1.034959

200-loss_z:2.543687,accu:0.050633,loss_recon:0.563784

400-loss_z:1.916096,accu:0.316367,loss_recon:0.246351

400-loss_z:2.443516,accu:0.139241,loss_recon:0.295671

600-loss_z:1.601361,accu:0.454329,loss_recon:0.142984

600-loss_z:2.488391,accu:0.075949,loss_recon:0.218904

800-loss_z:1.410065,accu:0.53502,loss_recon:0.097698

800-loss_z:2.582805,accu:0.177215,loss_recon:0.169149

1000-loss_z:1.278899,accu:0.603665,loss_recon:0.071036

1000-loss_z:2.699752,accu:0.189873,loss_recon:0.140553

1200-loss_z:1.17175,accu:0.656673,loss_recon:0.056007

1200-loss_z:2.827971,accu:0.202532,loss_recon:0.120793

1400-loss_z:1.088557,accu:0.68151,loss_recon:0.044913

1400-loss_z:2.987053,accu:0.189873,loss_recon:0.107189

1600-loss_z:1.014213,accu:0.707194,loss_recon:0.03813

1600-loss_z:3.171853,accu:0.177215,loss_recon:0.095057

1800-loss_z:0.9569,accu:0.734102,loss_recon:0.033853

1800-loss_z:3.323919,accu:0.189873,loss_recon:0.093146

2000-loss_z:0.90531,accu:0.752311,loss_recon:0.032158

2000-loss_z:3.504922,accu:0.202532,loss_recon:0.090907

2200-loss_z:0.853272,accu:0.765495,loss_recon:0.030389

2200-loss_z:3.728482,accu:0.177215,loss_recon:0.088281

2400-loss_z:0.812268,accu:0.792044,loss_recon:0.02886

2400-loss_z:3.875231,accu:0.21519,loss_recon:0.08512

2600-loss_z:0.774694,accu:0.790827,loss_recon:0.02735

2600-loss_z:4.076882,accu:0.227848,loss_recon:0.081023

2800-loss_z:0.733611,accu:0.811654,loss_recon:0.026282

2800-loss_z:4.27623,accu:0.21519,loss_recon:0.079481

3000-loss_z:0.703823,accu:0.824212,loss_recon:0.02507

3000-loss_z:4.43907,accu:0.253165,loss_recon:0.075117

3200-loss_z:0.673708,accu:0.834655,loss_recon:0.024419

3200-loss_z:4.588176,accu:0.21519,loss_recon:0.072757

3400-loss_z:0.647527,accu:0.858874,loss_recon:0.024089

3400-loss_z:4.786276,accu:0.240506,loss_recon:0.070238

3600-loss_z:0.615843,accu:0.866172,loss_recon:0.023221

3600-loss_z:4.979488,accu:0.253165,loss_recon:0.069596

3800-loss_z:0.591423,accu:0.873887,loss_recon:0.022387

3800-loss_z:5.186893,accu:0.253165,loss_recon:0.0699

4000-loss_z:0.56606,accu:0.875332,loss_recon:0.021659

4000-loss_z:5.403764,accu:0.253165,loss_recon:0.068524

4200-loss_z:0.541949,accu:0.891328,loss_recon:0.021358

4200-loss_z:5.605502,accu:0.253165,loss_recon:0.071526

4400-loss_z:0.515463,accu:0.897533,loss_recon:0.0206

4400-loss_z:5.823863,accu:0.227848,loss_recon:0.067409

4600-loss_z:0.496552,accu:0.909642,loss_recon:0.020403

4600-loss_z:6.078712,accu:0.265823,loss_recon:0.068552

4800-loss_z:0.476098,accu:0.913014,loss_recon:0.019675

4800-loss_z:6.323091,accu:0.240506,loss_recon:0.063196

5000-loss_z:0.459313,accu:0.911367,loss_recon:0.019629

5000-loss_z:6.552918,accu:0.265823,loss_recon:0.067319

5200-loss_z:0.441988,accu:0.924792,loss_recon:0.019644

5200-loss_z:6.759136,accu:0.291139,loss_recon:0.068122

5400-loss_z:0.418425,accu:0.93377,loss_recon:0.019177

5400-loss_z:6.983759,accu:0.278481,loss_recon:0.064765

5600-loss_z:0.404058,accu:0.937122,loss_recon:0.019249

5600-loss_z:7.229222,accu:0.265823,loss_recon:0.066074

5800-loss_z:0.392512,accu:0.93804,loss_recon:0.018959

5800-loss_z:7.450455,accu:0.265823,loss_recon:0.063218

6000-loss_z:0.378101,accu:0.939863,loss_recon:0.018794

6000-loss_z:7.692059,accu:0.265823,loss_recon:0.068383

6200-loss_z:0.360089,accu:0.941947,loss_recon:0.018621

6200-loss_z:7.932117,accu:0.278481,loss_recon:0.066286

6400-loss_z:0.347381,accu:0.95278,loss_recon:0.018906

6400-loss_z:8.197421,accu:0.253165,loss_recon:0.066472

6600-loss_z:0.330623,accu:0.949342,loss_recon:0.018627

6600-loss_z:8.447738,accu:0.291139,loss_recon:0.066158

6800-loss_z:0.322132,accu:0.950339,loss_recon:0.018533

6800-loss_z:8.685857,accu:0.291139,loss_recon:0.065386

7000-loss_z:0.307607,accu:0.948092,loss_recon:0.018367

7000-loss_z:8.953409,accu:0.291139,loss_recon:0.064368

7200-loss_z:0.296146,accu:0.957305,loss_recon:0.01838

7200-loss_z:9.188048,accu:0.278481,loss_recon:0.06215

7400-loss_z:0.286458,accu:0.955163,loss_recon:0.018481

7400-loss_z:9.383474,accu:0.253165,loss_recon:0.065645

7600-loss_z:0.276719,accu:0.960352,loss_recon:0.018459

7600-loss_z:9.584126,accu:0.316456,loss_recon:0.06408

7800-loss_z:0.265846,accu:0.962246,loss_recon:0.018194

7800-loss_z:9.733506,accu:0.291139,loss_recon:0.06379

8000-loss_z:0.25618,accu:0.968724,loss_recon:0.01846

8000-loss_z:9.833847,accu:0.316456,loss_recon:0.063964

8200-loss_z:0.249929,accu:0.96418,loss_recon:0.018385

8200-loss_z:9.888749,accu:0.329114,loss_recon:0.065953

8400-loss_z:0.232922,accu:0.972409,loss_recon:0.018156

8400-loss_z:9.906901,accu:0.329114,loss_recon:0.062344

8600-loss_z:0.231506,accu:0.97194,loss_recon:0.018381

8600-loss_z:9.988963,accu:0.316456,loss_recon:0.06438

8800-loss_z:0.223285,accu:0.972949,loss_recon:0.018238

8800-loss_z:9.996439,accu:0.329114,loss_recon:0.062557

9000-loss_z:0.214112,accu:0.975501,loss_recon:0.018334

9000-loss_z:10.066495,accu:0.329114,loss_recon:0.063244

9200-loss_z:0.203492,accu:0.9761,loss_recon:0.018124

9200-loss_z:10.094683,accu:0.35443,loss_recon:0.062376

9400-loss_z:0.196775,accu:0.979264,loss_recon:0.018314

9400-loss_z:10.085773,accu:0.341772,loss_recon:0.064264

9600-loss_z:0.191411,accu:0.979336,loss_recon:0.018119

9600-loss_z:9.996527,accu:0.35443,loss_recon:0.061943

9800-loss_z:0.183639,accu:0.981504,loss_recon:0.018223

9800-loss_z:9.838102,accu:0.341772,loss_recon:0.06195

10000-loss_z:0.173023,accu:0.987122,loss_recon:0.018243

10000-loss_z:9.678755,accu:0.35443,loss_recon:0.063437

10200-loss_z:0.167826,accu:0.985352,loss_recon:0.018179

10200-loss_z:9.680861,accu:0.367089,loss_recon:0.062716

10400-loss_z:0.162672,accu:0.988451,loss_recon:0.018211

10400-loss_z:9.732699,accu:0.35443,loss_recon:0.063546

10600-loss_z:0.154401,accu:0.989355,loss_recon:0.018239

10600-loss_z:9.713223,accu:0.329114,loss_recon:0.06292

10800-loss_z:0.146845,accu:0.990534,loss_recon:0.018043

10800-loss_z:9.665557,accu:0.35443,loss_recon:0.061769

11000-loss_z:0.142496,accu:0.992969,loss_recon:0.017973

11000-loss_z:9.82171,accu:0.367089,loss_recon:0.061799

11200-loss_z:0.139699,accu:0.99304,loss_recon:0.018174

11200-loss_z:9.954552,accu:0.367089,loss_recon:0.062204

11400-loss_z:0.130541,accu:0.995189,loss_recon:0.0181

11400-loss_z:10.116495,accu:0.379747,loss_recon:0.061755

11600-loss_z:0.12717,accu:0.996693,loss_recon:0.017853

11600-loss_z:10.323186,accu:0.379747,loss_recon:0.063184

11800-loss_z:0.122318,accu:0.997214,loss_recon:0.018182

11800-loss_z:10.493454,accu:0.417722,loss_recon:0.061297

12000-loss_z:0.116413,accu:0.997552,loss_recon:0.018143

12000-loss_z:10.707086,accu:0.35443,loss_recon:0.064122

12200-loss_z:0.111812,accu:0.998242,loss_recon:0.018081

12200-loss_z:10.862371,accu:0.367089,loss_recon:0.062137

12400-loss_z:0.107047,accu:0.99875,loss_recon:0.018079

12400-loss_z:11.060069,accu:0.392405,loss_recon:0.062292

12600-loss_z:0.10193,accu:0.999375,loss_recon:0.018119

12600-loss_z:11.23516,accu:0.43038,loss_recon:0.06305

12800-loss_z:0.098021,accu:0.999941,loss_recon:0.018029

12800-loss_z:11.380313,accu:0.43038,loss_recon:0.062028

13000-loss_z:0.09439,accu:0.999753,loss_recon:0.01813

13000-loss_z:11.584954,accu:0.455696,loss_recon:0.063392

13200-loss_z:0.090763,accu:1.0,loss_recon:0.018251

13200-loss_z:11.723433,accu:0.43038,loss_recon:0.062066

13400-loss_z:0.087482,accu:1.0,loss_recon:0.018061

13400-loss_z:11.931107,accu:0.443038,loss_recon:0.063002

13600-loss_z:0.084106,accu:1.0,loss_recon:0.018049

13600-loss_z:12.022091,accu:0.417722,loss_recon:0.061325

13800-loss_z:0.079962,accu:1.0,loss_recon:0.017783

13800-loss_z:12.193053,accu:0.43038,loss_recon:0.062699

14000-loss_z:0.07464,accu:1.0,loss_recon:0.017765

14000-loss_z:12.39457,accu:0.443038,loss_recon:0.060497

14200-loss_z:0.073287,accu:1.0,loss_recon:0.017781

14200-loss_z:12.546287,accu:0.443038,loss_recon:0.061233

14400-loss_z:0.06952,accu:1.0,loss_recon:0.017796

14400-loss_z:12.641663,accu:0.43038,loss_recon:0.061946

14600-loss_z:0.067338,accu:1.0,loss_recon:0.017748

14600-loss_z:12.783618,accu:0.43038,loss_recon:0.061479

14800-loss_z:0.063085,accu:1.0,loss_recon:0.017508

14800-loss_z:12.990827,accu:0.443038,loss_recon:0.063582

15000-loss_z:0.060487,accu:1.0,loss_recon:0.017691

15000-loss_z:13.124701,accu:0.417722,loss_recon:0.063278

15200-loss_z:0.05822,accu:1.0,loss_recon:0.017484

15200-loss_z:13.264883,accu:0.405063,loss_recon:0.063177

15400-loss_z:0.054854,accu:1.0,loss_recon:0.017598

15400-loss_z:13.496776,accu:0.417722,loss_recon:0.061658

15600-loss_z:0.05289,accu:1.0,loss_recon:0.01765

15600-loss_z:13.777784,accu:0.417722,loss_recon:0.063301

15800-loss_z:0.049826,accu:1.0,loss_recon:0.017709

15800-loss_z:14.02998,accu:0.417722,loss_recon:0.062419

16000-loss_z:0.047801,accu:1.0,loss_recon:0.01748

16000-loss_z:14.154924,accu:0.405063,loss_recon:0.06141

16200-loss_z:0.045386,accu:1.0,loss_recon:0.017539

16200-loss_z:14.353559,accu:0.405063,loss_recon:0.06087

16400-loss_z:0.043759,accu:1.0,loss_recon:0.017664

16400-loss_z:14.510583,accu:0.417722,loss_recon:0.06036

16600-loss_z:0.041993,accu:1.0,loss_recon:0.017754

16600-loss_z:14.705437,accu:0.405063,loss_recon:0.061798

16800-loss_z:0.039703,accu:1.0,loss_recon:0.017689

16800-loss_z:14.935203,accu:0.417722,loss_recon:0.06405

17000-loss_z:0.037772,accu:1.0,loss_recon:0.017709

17000-loss_z:15.13753,accu:0.417722,loss_recon:0.064177

17200-loss_z:0.035452,accu:1.0,loss_recon:0.017481

17200-loss_z:15.343651,accu:0.379747,loss_recon:0.061468

17400-loss_z:0.03345,accu:1.0,loss_recon:0.017379

17400-loss_z:15.57573,accu:0.392405,loss_recon:0.061738

17600-loss_z:0.032713,accu:1.0,loss_recon:0.017572

17600-loss_z:15.81609,accu:0.405063,loss_recon:0.063105

17800-loss_z:0.030431,accu:1.0,loss_recon:0.017586

17800-loss_z:16.103846,accu:0.405063,loss_recon:0.061676

18000-loss_z:0.0293,accu:1.0,loss_recon:0.017585

18000-loss_z:16.261335,accu:0.405063,loss_recon:0.061462

18200-loss_z:0.027872,accu:1.0,loss_recon:0.017624

18200-loss_z:16.494387,accu:0.417722,loss_recon:0.061695

18400-loss_z:0.026498,accu:1.0,loss_recon:0.017531

18400-loss_z:16.74333,accu:0.405063,loss_recon:0.061471

18600-loss_z:0.024866,accu:1.0,loss_recon:0.017413

18600-loss_z:17.013468,accu:0.405063,loss_recon:0.062814

18800-loss_z:0.023948,accu:1.0,loss_recon:0.017499

18800-loss_z:17.276472,accu:0.417722,loss_recon:0.06307

19000-loss_z:0.02299,accu:1.0,loss_recon:0.017565

19000-loss_z:17.58676,accu:0.43038,loss_recon:0.062812

19200-loss_z:0.021626,accu:1.0,loss_recon:0.017493

19200-loss_z:17.857557,accu:0.417722,loss_recon:0.061331

19400-loss_z:0.020276,accu:1.0,loss_recon:0.017493

19400-loss_z:18.123564,accu:0.43038,loss_recon:0.062059

19600-loss_z:0.019382,accu:1.0,loss_recon:0.017552

19600-loss_z:18.42119,accu:0.392405,loss_recon:0.061759

19800-loss_z:0.018651,accu:1.0,loss_recon:0.017408

19800-loss_z:18.701733,accu:0.417722,loss_recon:0.062126

20000-loss_z:0.0175,accu:1.0,loss_recon:0.017556

20000-loss_z:18.944857,accu:0.417722,loss_recon:0.06496

Continue training
New FC model is initialized
200-loss_z:2.592523,accu:0.196628,loss_recon:0.987546

200-loss_z:2.519109,accu:0.126582,loss_recon:0.510811

400-loss_z:1.963248,accu:0.321725,loss_recon:0.237637

400-loss_z:2.353147,accu:0.126582,loss_recon:0.314389

600-loss_z:1.66289,accu:0.413743,loss_recon:0.140578

600-loss_z:2.324404,accu:0.151899,loss_recon:0.237671

800-loss_z:1.45246,accu:0.490885,loss_recon:0.09943

800-loss_z:2.365027,accu:0.189873,loss_recon:0.179532

1000-loss_z:1.293525,accu:0.556009,loss_recon:0.077358

1000-loss_z:2.438726,accu:0.278481,loss_recon:0.141268

1200-loss_z:1.170385,accu:0.630462,loss_recon:0.06175

1200-loss_z:2.489969,accu:0.227848,loss_recon:0.109012

1400-loss_z:1.068674,accu:0.687207,loss_recon:0.051395

1400-loss_z:2.545065,accu:0.265823,loss_recon:0.092291

1600-loss_z:0.978213,accu:0.727806,loss_recon:0.041664

1600-loss_z:2.596901,accu:0.253165,loss_recon:0.072947

1800-loss_z:0.901452,accu:0.769388,loss_recon:0.034855

1800-loss_z:2.64934,accu:0.227848,loss_recon:0.063207

2000-loss_z:0.843535,accu:0.803411,loss_recon:0.030765

2000-loss_z:2.705068,accu:0.227848,loss_recon:0.055494

2200-loss_z:0.783428,accu:0.829753,loss_recon:0.026149

2200-loss_z:2.780826,accu:0.291139,loss_recon:0.0529

2400-loss_z:0.733002,accu:0.836836,loss_recon:0.022089

2400-loss_z:2.846463,accu:0.278481,loss_recon:0.047459

2600-loss_z:0.688818,accu:0.852155,loss_recon:0.019619

2600-loss_z:2.924049,accu:0.291139,loss_recon:0.042903

2800-loss_z:0.647902,accu:0.86248,loss_recon:0.018505

2800-loss_z:3.000386,accu:0.303797,loss_recon:0.041996

3000-loss_z:0.609252,accu:0.871406,loss_recon:0.017533

3000-loss_z:3.106731,accu:0.291139,loss_recon:0.040255

3200-loss_z:0.576644,accu:0.881862,loss_recon:0.016892

3200-loss_z:3.214299,accu:0.329114,loss_recon:0.040426

3400-loss_z:0.551839,accu:0.887741,loss_recon:0.016319

3400-loss_z:3.321136,accu:0.316456,loss_recon:0.03986

3600-loss_z:0.521218,accu:0.895755,loss_recon:0.0158

3600-loss_z:3.432391,accu:0.341772,loss_recon:0.038932

3800-loss_z:0.49439,accu:0.901973,loss_recon:0.015382

3800-loss_z:3.584886,accu:0.341772,loss_recon:0.038684

4000-loss_z:0.469751,accu:0.909792,loss_recon:0.014689

4000-loss_z:3.693228,accu:0.379747,loss_recon:0.040303

4200-loss_z:0.448839,accu:0.912539,loss_recon:0.014526

4200-loss_z:3.81868,accu:0.367089,loss_recon:0.038406

4400-loss_z:0.428241,accu:0.915143,loss_recon:0.014192

4400-loss_z:3.975493,accu:0.379747,loss_recon:0.039253

4600-loss_z:0.412157,accu:0.920202,loss_recon:0.013814

4600-loss_z:4.11149,accu:0.35443,loss_recon:0.037687

4800-loss_z:0.390877,accu:0.924896,loss_recon:0.013591

4800-loss_z:4.228303,accu:0.367089,loss_recon:0.038712

5000-loss_z:0.375042,accu:0.927122,loss_recon:0.013418

5000-loss_z:4.371907,accu:0.379747,loss_recon:0.039187

5200-loss_z:0.360805,accu:0.931471,loss_recon:0.013227

5200-loss_z:4.51391,accu:0.379747,loss_recon:0.040248

5400-loss_z:0.346009,accu:0.929629,loss_recon:0.013065

5400-loss_z:4.637554,accu:0.379747,loss_recon:0.038958

5600-loss_z:0.332063,accu:0.937227,loss_recon:0.01302

5600-loss_z:4.800603,accu:0.379747,loss_recon:0.039229

5800-loss_z:0.315426,accu:0.943105,loss_recon:0.012928

5800-loss_z:4.964886,accu:0.392405,loss_recon:0.039603

6000-loss_z:0.302501,accu:0.945234,loss_recon:0.012861

6000-loss_z:5.05909,accu:0.392405,loss_recon:0.040167

6200-loss_z:0.29264,accu:0.945814,loss_recon:0.012704

6200-loss_z:5.23716,accu:0.405063,loss_recon:0.040184

6400-loss_z:0.282747,accu:0.953034,loss_recon:0.012761

6400-loss_z:5.333238,accu:0.392405,loss_recon:0.038778

6600-loss_z:0.271536,accu:0.953828,loss_recon:0.012752

6600-loss_z:5.48192,accu:0.392405,loss_recon:0.039525

6800-loss_z:0.261771,accu:0.955397,loss_recon:0.012676

6800-loss_z:5.599021,accu:0.379747,loss_recon:0.038179

7000-loss_z:0.252973,accu:0.95502,loss_recon:0.012564

7000-loss_z:5.782121,accu:0.405063,loss_recon:0.039177

7200-loss_z:0.246113,accu:0.959349,loss_recon:0.012574

7200-loss_z:5.933747,accu:0.392405,loss_recon:0.037932

7400-loss_z:0.235069,accu:0.961465,loss_recon:0.012616

7400-loss_z:6.153557,accu:0.392405,loss_recon:0.037693

7600-loss_z:0.227928,accu:0.96543,loss_recon:0.012404

7600-loss_z:6.322768,accu:0.367089,loss_recon:0.038472

7800-loss_z:0.218615,accu:0.965801,loss_recon:0.0125

7800-loss_z:6.511856,accu:0.417722,loss_recon:0.039333

8000-loss_z:0.212725,accu:0.966875,loss_recon:0.012513

8000-loss_z:6.669486,accu:0.392405,loss_recon:0.039199

8200-loss_z:0.206047,accu:0.971029,loss_recon:0.012422

8200-loss_z:6.824365,accu:0.379747,loss_recon:0.038711

8400-loss_z:0.196369,accu:0.974134,loss_recon:0.01245

8400-loss_z:6.951145,accu:0.417722,loss_recon:0.038017

8600-loss_z:0.190301,accu:0.974779,loss_recon:0.012498

8600-loss_z:7.099075,accu:0.392405,loss_recon:0.038658

8800-loss_z:0.183856,accu:0.975807,loss_recon:0.012308

8800-loss_z:7.230912,accu:0.405063,loss_recon:0.038851

9000-loss_z:0.178242,accu:0.975964,loss_recon:0.012362

9000-loss_z:7.377914,accu:0.405063,loss_recon:0.038207

9200-loss_z:0.171736,accu:0.974303,loss_recon:0.012346

9200-loss_z:7.509952,accu:0.405063,loss_recon:0.037273

9400-loss_z:0.166037,accu:0.981439,loss_recon:0.01233

9400-loss_z:7.646894,accu:0.417722,loss_recon:0.037973

9600-loss_z:0.159708,accu:0.982116,loss_recon:0.012517

9600-loss_z:7.819027,accu:0.417722,loss_recon:0.038432

9800-loss_z:0.155839,accu:0.983327,loss_recon:0.012404

9800-loss_z:7.892672,accu:0.417722,loss_recon:0.037325

10000-loss_z:0.150707,accu:0.984043,loss_recon:0.012458

10000-loss_z:8.113691,accu:0.417722,loss_recon:0.038322

10200-loss_z:0.145305,accu:0.986549,loss_recon:0.012432

10200-loss_z:8.205534,accu:0.417722,loss_recon:0.039775

10400-loss_z:0.141224,accu:0.987266,loss_recon:0.012387

10400-loss_z:8.338132,accu:0.417722,loss_recon:0.038322

10600-loss_z:0.134641,accu:0.990378,loss_recon:0.012196

10600-loss_z:8.523672,accu:0.443038,loss_recon:0.038241

10800-loss_z:0.131518,accu:0.99248,loss_recon:0.012474

10800-loss_z:8.659902,accu:0.405063,loss_recon:0.038978

11000-loss_z:0.126251,accu:0.994056,loss_recon:0.012159

11000-loss_z:8.825527,accu:0.417722,loss_recon:0.038563

11200-loss_z:0.121729,accu:0.99724,loss_recon:0.012215

11200-loss_z:8.989907,accu:0.443038,loss_recon:0.039507

11400-loss_z:0.117332,accu:0.9975,loss_recon:0.012304

11400-loss_z:9.148219,accu:0.43038,loss_recon:0.038085

11600-loss_z:0.114486,accu:0.998203,loss_recon:0.012134

11600-loss_z:9.269879,accu:0.417722,loss_recon:0.037853

11800-loss_z:0.10823,accu:0.998288,loss_recon:0.012241

11800-loss_z:9.413799,accu:0.43038,loss_recon:0.04066

12000-loss_z:0.105552,accu:0.998464,loss_recon:0.012179

12000-loss_z:9.564096,accu:0.443038,loss_recon:0.038568

12200-loss_z:0.10209,accu:0.99862,loss_recon:0.012351

12200-loss_z:9.656317,accu:0.468354,loss_recon:0.03861

12400-loss_z:0.098694,accu:0.999512,loss_recon:0.012253

12400-loss_z:9.842177,accu:0.468354,loss_recon:0.03756

12600-loss_z:0.095014,accu:0.999648,loss_recon:0.012372

12600-loss_z:9.940228,accu:0.43038,loss_recon:0.039068

12800-loss_z:0.091218,accu:0.998958,loss_recon:0.012084

12800-loss_z:10.042994,accu:0.455696,loss_recon:0.038735

13000-loss_z:0.087769,accu:0.999551,loss_recon:0.012138

13000-loss_z:10.191294,accu:0.443038,loss_recon:0.037872

13200-loss_z:0.084945,accu:0.99998,loss_recon:0.012195

13200-loss_z:10.311546,accu:0.443038,loss_recon:0.040525

13400-loss_z:0.083042,accu:0.999655,loss_recon:0.012196

13400-loss_z:10.457639,accu:0.443038,loss_recon:0.039904

13600-loss_z:0.078575,accu:1.0,loss_recon:0.012292

13600-loss_z:10.566971,accu:0.455696,loss_recon:0.038148

13800-loss_z:0.077296,accu:1.0,loss_recon:0.01217

13800-loss_z:10.648192,accu:0.443038,loss_recon:0.040096

14000-loss_z:0.072228,accu:1.0,loss_recon:0.012057

14000-loss_z:10.774965,accu:0.443038,loss_recon:0.038595

14200-loss_z:0.070598,accu:1.0,loss_recon:0.012301

14200-loss_z:10.869306,accu:0.443038,loss_recon:0.040607

14400-loss_z:0.068454,accu:1.0,loss_recon:0.012179

14400-loss_z:10.995216,accu:0.443038,loss_recon:0.03847

14600-loss_z:0.0653,accu:1.0,loss_recon:0.012134

14600-loss_z:11.099343,accu:0.443038,loss_recon:0.038967

14800-loss_z:0.063229,accu:1.0,loss_recon:0.012113

14800-loss_z:11.240728,accu:0.455696,loss_recon:0.039751

15000-loss_z:0.061039,accu:1.0,loss_recon:0.012181

15000-loss_z:11.306865,accu:0.443038,loss_recon:0.039526

15200-loss_z:0.057997,accu:1.0,loss_recon:0.012104

15200-loss_z:11.488564,accu:0.455696,loss_recon:0.038403

15400-loss_z:0.055487,accu:1.0,loss_recon:0.012229

15400-loss_z:11.569058,accu:0.443038,loss_recon:0.038756

15600-loss_z:0.053995,accu:1.0,loss_recon:0.012097

15600-loss_z:11.699936,accu:0.455696,loss_recon:0.038771

15800-loss_z:0.052198,accu:1.0,loss_recon:0.012152

15800-loss_z:11.7668,accu:0.455696,loss_recon:0.039155

16000-loss_z:0.049704,accu:1.0,loss_recon:0.012043

16000-loss_z:11.894494,accu:0.455696,loss_recon:0.039538

16200-loss_z:0.047376,accu:1.0,loss_recon:0.012219

16200-loss_z:12.045712,accu:0.455696,loss_recon:0.038608

16400-loss_z:0.04583,accu:1.0,loss_recon:0.012078

16400-loss_z:12.119071,accu:0.455696,loss_recon:0.040184

16600-loss_z:0.044461,accu:1.0,loss_recon:0.012044

16600-loss_z:12.289824,accu:0.455696,loss_recon:0.04069

16800-loss_z:0.042336,accu:1.0,loss_recon:0.011988

16800-loss_z:12.427468,accu:0.455696,loss_recon:0.038472

17000-loss_z:0.040848,accu:1.0,loss_recon:0.012068

17000-loss_z:12.533998,accu:0.455696,loss_recon:0.039548

17200-loss_z:0.038831,accu:1.0,loss_recon:0.012133

17200-loss_z:12.714834,accu:0.443038,loss_recon:0.039008

17400-loss_z:0.036984,accu:1.0,loss_recon:0.012095

17400-loss_z:12.858105,accu:0.455696,loss_recon:0.038817

17600-loss_z:0.035645,accu:1.0,loss_recon:0.012182

17600-loss_z:13.084345,accu:0.455696,loss_recon:0.038508

17800-loss_z:0.034298,accu:1.0,loss_recon:0.012017

17800-loss_z:13.469198,accu:0.455696,loss_recon:0.040455

18000-loss_z:0.032726,accu:1.0,loss_recon:0.012048

18000-loss_z:13.923474,accu:0.443038,loss_recon:0.038453

18200-loss_z:0.031406,accu:1.0,loss_recon:0.012148

18200-loss_z:14.373971,accu:0.443038,loss_recon:0.03978

18400-loss_z:0.030058,accu:1.0,loss_recon:0.011982

18400-loss_z:14.750102,accu:0.443038,loss_recon:0.038527

18600-loss_z:0.028672,accu:1.0,loss_recon:0.012119

18600-loss_z:15.15559,accu:0.443038,loss_recon:0.039634

18800-loss_z:0.027622,accu:1.0,loss_recon:0.012094

18800-loss_z:15.499798,accu:0.443038,loss_recon:0.039334

19000-loss_z:0.026478,accu:1.0,loss_recon:0.012088

19000-loss_z:15.806748,accu:0.455696,loss_recon:0.037659

19200-loss_z:0.025403,accu:1.0,loss_recon:0.011962

19200-loss_z:16.118887,accu:0.455696,loss_recon:0.040311

19400-loss_z:0.023661,accu:1.0,loss_recon:0.011966

19400-loss_z:16.422342,accu:0.443038,loss_recon:0.039953

19600-loss_z:0.022972,accu:1.0,loss_recon:0.012114

19600-loss_z:16.678902,accu:0.443038,loss_recon:0.039322

19800-loss_z:0.021765,accu:1.0,loss_recon:0.012093

19800-loss_z:16.974091,accu:0.455696,loss_recon:0.03814

20000-loss_z:0.021093,accu:1.0,loss_recon:0.012059

20000-loss_z:17.180304,accu:0.481013,loss_recon:0.038477

Continue training
New FC model is initialized
200-loss_z:2.530463,accu:0.183587,loss_recon:1.061602

200-loss_z:2.528123,accu:0.113924,loss_recon:0.473456

400-loss_z:1.887517,accu:0.349564,loss_recon:0.205838

400-loss_z:2.386982,accu:0.126582,loss_recon:0.190269

600-loss_z:1.580464,accu:0.464056,loss_recon:0.103203

600-loss_z:2.371333,accu:0.164557,loss_recon:0.13716

800-loss_z:1.381691,accu:0.571426,loss_recon:0.074842

800-loss_z:2.381589,accu:0.227848,loss_recon:0.108474

1000-loss_z:1.232087,accu:0.64026,loss_recon:0.058149

1000-loss_z:2.458944,accu:0.265823,loss_recon:0.092473

1200-loss_z:1.126624,accu:0.678691,loss_recon:0.047801

1200-loss_z:2.478767,accu:0.316456,loss_recon:0.08278

1400-loss_z:1.028514,accu:0.739798,loss_recon:0.041385

1400-loss_z:2.533641,accu:0.329114,loss_recon:0.072243

1600-loss_z:0.94274,accu:0.783548,loss_recon:0.037084

1600-loss_z:2.570125,accu:0.329114,loss_recon:0.065269

1800-loss_z:0.866844,accu:0.811764,loss_recon:0.034232

1800-loss_z:2.651541,accu:0.329114,loss_recon:0.060651

2000-loss_z:0.808753,accu:0.817142,loss_recon:0.032382

2000-loss_z:2.711652,accu:0.367089,loss_recon:0.058336

2200-loss_z:0.748762,accu:0.836543,loss_recon:0.030721

2200-loss_z:2.803881,accu:0.35443,loss_recon:0.057708

2400-loss_z:0.694004,accu:0.850801,loss_recon:0.029129

2400-loss_z:2.906486,accu:0.35443,loss_recon:0.055981

2600-loss_z:0.643902,accu:0.864896,loss_recon:0.02715

2600-loss_z:3.027305,accu:0.379747,loss_recon:0.049701

2800-loss_z:0.603833,accu:0.873841,loss_recon:0.0254

2800-loss_z:3.153425,accu:0.392405,loss_recon:0.046907

3000-loss_z:0.564337,accu:0.882917,loss_recon:0.024202

3000-loss_z:3.296304,accu:0.367089,loss_recon:0.043041

3200-loss_z:0.528583,accu:0.898229,loss_recon:0.023152

3200-loss_z:3.443913,accu:0.392405,loss_recon:0.042705

3400-loss_z:0.494375,accu:0.914518,loss_recon:0.022036

3400-loss_z:3.570109,accu:0.405063,loss_recon:0.042621

3600-loss_z:0.46583,accu:0.925931,loss_recon:0.021141

3600-loss_z:3.693726,accu:0.417722,loss_recon:0.041261

3800-loss_z:0.436111,accu:0.935684,loss_recon:0.0206

3800-loss_z:3.862003,accu:0.43038,loss_recon:0.042471

4000-loss_z:0.415859,accu:0.936908,loss_recon:0.020259

4000-loss_z:4.011203,accu:0.417722,loss_recon:0.041812

4200-loss_z:0.393785,accu:0.936973,loss_recon:0.019648

4200-loss_z:4.140882,accu:0.43038,loss_recon:0.04065

4400-loss_z:0.369027,accu:0.944408,loss_recon:0.019648

4400-loss_z:4.289259,accu:0.417722,loss_recon:0.04061

4600-loss_z:0.350571,accu:0.949258,loss_recon:0.0193

4600-loss_z:4.429341,accu:0.43038,loss_recon:0.040931

4800-loss_z:0.33264,accu:0.948841,loss_recon:0.019282

4800-loss_z:4.558636,accu:0.417722,loss_recon:0.040176

5000-loss_z:0.313616,accu:0.955768,loss_recon:0.018968

5000-loss_z:4.688272,accu:0.443038,loss_recon:0.040276

5200-loss_z:0.297916,accu:0.959264,loss_recon:0.019236

5200-loss_z:4.831192,accu:0.417722,loss_recon:0.040846

5400-loss_z:0.282143,accu:0.957572,loss_recon:0.01865

5400-loss_z:4.94522,accu:0.443038,loss_recon:0.040494

5600-loss_z:0.263486,accu:0.965195,loss_recon:0.01849

5600-loss_z:5.053246,accu:0.455696,loss_recon:0.041106

5800-loss_z:0.249862,accu:0.970508,loss_recon:0.018556

5800-loss_z:5.202441,accu:0.455696,loss_recon:0.040074

6000-loss_z:0.233856,accu:0.973581,loss_recon:0.018264

6000-loss_z:5.330628,accu:0.481013,loss_recon:0.040706

6200-loss_z:0.220905,accu:0.974596,loss_recon:0.018223

6200-loss_z:5.469551,accu:0.468354,loss_recon:0.040098

6400-loss_z:0.210549,accu:0.976406,loss_recon:0.018417

6400-loss_z:5.618082,accu:0.455696,loss_recon:0.040601

6600-loss_z:0.198981,accu:0.980482,loss_recon:0.018024

6600-loss_z:5.785178,accu:0.493671,loss_recon:0.041026

6800-loss_z:0.188545,accu:0.978509,loss_recon:0.018306

6800-loss_z:5.928973,accu:0.468354,loss_recon:0.041741

7000-loss_z:0.180503,accu:0.982637,loss_recon:0.017914

7000-loss_z:6.06291,accu:0.506329,loss_recon:0.04164

7200-loss_z:0.167854,accu:0.984805,loss_recon:0.017815

7200-loss_z:6.242406,accu:0.481013,loss_recon:0.041507

7400-loss_z:0.159813,accu:0.987396,loss_recon:0.017759

7400-loss_z:6.391008,accu:0.481013,loss_recon:0.041824

7600-loss_z:0.1506,accu:0.989844,loss_recon:0.017608

7600-loss_z:6.589363,accu:0.481013,loss_recon:0.042017

7800-loss_z:0.143777,accu:0.987715,loss_recon:0.01767

7800-loss_z:6.729815,accu:0.481013,loss_recon:0.041712

8000-loss_z:0.137586,accu:0.990254,loss_recon:0.017304

8000-loss_z:6.937483,accu:0.493671,loss_recon:0.041316

8200-loss_z:0.129503,accu:0.991999,loss_recon:0.017148

8200-loss_z:7.101548,accu:0.493671,loss_recon:0.041276

8400-loss_z:0.123857,accu:0.993522,loss_recon:0.017087

8400-loss_z:7.301252,accu:0.481013,loss_recon:0.041159

8600-loss_z:0.117446,accu:0.995332,loss_recon:0.016979

8600-loss_z:7.486765,accu:0.493671,loss_recon:0.041815

8800-loss_z:0.112477,accu:0.997103,loss_recon:0.016945

8800-loss_z:7.701066,accu:0.506329,loss_recon:0.042102

9000-loss_z:0.106484,accu:0.997227,loss_recon:0.016522

9000-loss_z:7.90586,accu:0.506329,loss_recon:0.042185

9200-loss_z:0.099436,accu:0.998047,loss_recon:0.016484

9200-loss_z:8.145253,accu:0.506329,loss_recon:0.041828

9400-loss_z:0.096391,accu:0.999206,loss_recon:0.016417

9400-loss_z:8.336411,accu:0.518987,loss_recon:0.041889

9600-loss_z:0.091587,accu:0.999388,loss_recon:0.016365

9600-loss_z:8.579725,accu:0.506329,loss_recon:0.043004

9800-loss_z:0.085956,accu:0.999362,loss_recon:0.016454

9800-loss_z:8.85301,accu:0.506329,loss_recon:0.043009

10000-loss_z:0.082778,accu:0.999876,loss_recon:0.016459

10000-loss_z:9.089091,accu:0.506329,loss_recon:0.04204

10200-loss_z:0.078916,accu:0.999766,loss_recon:0.016346

10200-loss_z:9.345581,accu:0.518987,loss_recon:0.042413

10400-loss_z:0.073949,accu:1.0,loss_recon:0.016394

10400-loss_z:9.565459,accu:0.518987,loss_recon:0.043166

10600-loss_z:0.071104,accu:1.0,loss_recon:0.016372

10600-loss_z:9.86719,accu:0.518987,loss_recon:0.042075

10800-loss_z:0.067552,accu:1.0,loss_recon:0.01628

10800-loss_z:10.096105,accu:0.518987,loss_recon:0.042531

11000-loss_z:0.063166,accu:1.0,loss_recon:0.016394

11000-loss_z:10.379957,accu:0.506329,loss_recon:0.042357

11200-loss_z:0.059924,accu:1.0,loss_recon:0.016236

11200-loss_z:10.660336,accu:0.531646,loss_recon:0.04296

11400-loss_z:0.056799,accu:1.0,loss_recon:0.016362

11400-loss_z:10.913261,accu:0.531646,loss_recon:0.042445

11600-loss_z:0.054433,accu:1.0,loss_recon:0.01633

11600-loss_z:11.159026,accu:0.531646,loss_recon:0.042484

11800-loss_z:0.051456,accu:1.0,loss_recon:0.016299

11800-loss_z:11.414072,accu:0.544304,loss_recon:0.043172

12000-loss_z:0.048936,accu:1.0,loss_recon:0.016393

12000-loss_z:11.651489,accu:0.556962,loss_recon:0.043088

12200-loss_z:0.045824,accu:1.0,loss_recon:0.016366

12200-loss_z:11.92346,accu:0.544304,loss_recon:0.043943

12400-loss_z:0.043168,accu:1.0,loss_recon:0.016414

12400-loss_z:12.163508,accu:0.556962,loss_recon:0.042978

12600-loss_z:0.04073,accu:1.0,loss_recon:0.016363

12600-loss_z:12.377023,accu:0.544304,loss_recon:0.044249

12800-loss_z:0.038807,accu:1.0,loss_recon:0.016341

12800-loss_z:12.612225,accu:0.544304,loss_recon:0.043368

13000-loss_z:0.036301,accu:1.0,loss_recon:0.016278

13000-loss_z:12.904456,accu:0.544304,loss_recon:0.0429

13200-loss_z:0.03471,accu:1.0,loss_recon:0.016303

13200-loss_z:13.134542,accu:0.556962,loss_recon:0.044413

13400-loss_z:0.031783,accu:1.0,loss_recon:0.016356

13400-loss_z:13.398462,accu:0.556962,loss_recon:0.043164

13600-loss_z:0.030487,accu:1.0,loss_recon:0.016316

13600-loss_z:13.633826,accu:0.544304,loss_recon:0.04346

13800-loss_z:0.028418,accu:1.0,loss_recon:0.016156

13800-loss_z:13.868354,accu:0.544304,loss_recon:0.043358

14000-loss_z:0.027155,accu:1.0,loss_recon:0.016416

14000-loss_z:14.105202,accu:0.544304,loss_recon:0.04324

14200-loss_z:0.025777,accu:1.0,loss_recon:0.016429

14200-loss_z:14.384487,accu:0.544304,loss_recon:0.04284

14400-loss_z:0.02398,accu:1.0,loss_recon:0.016404

14400-loss_z:14.64622,accu:0.544304,loss_recon:0.043478

14600-loss_z:0.022436,accu:1.0,loss_recon:0.016295

14600-loss_z:14.873566,accu:0.544304,loss_recon:0.042952

14800-loss_z:0.021044,accu:1.0,loss_recon:0.016464

14800-loss_z:15.098483,accu:0.544304,loss_recon:0.042981

15000-loss_z:0.019955,accu:1.0,loss_recon:0.016206

15000-loss_z:15.316259,accu:0.544304,loss_recon:0.043226

15200-loss_z:0.018304,accu:1.0,loss_recon:0.016285

15200-loss_z:15.589949,accu:0.531646,loss_recon:0.043595

15400-loss_z:0.017549,accu:1.0,loss_recon:0.016361

15400-loss_z:15.798572,accu:0.544304,loss_recon:0.042891

15600-loss_z:0.016286,accu:1.0,loss_recon:0.01657

15600-loss_z:16.039703,accu:0.531646,loss_recon:0.04332

15800-loss_z:0.015574,accu:1.0,loss_recon:0.016332

15800-loss_z:16.299313,accu:0.556962,loss_recon:0.042741

16000-loss_z:0.014875,accu:1.0,loss_recon:0.016323

16000-loss_z:16.530598,accu:0.556962,loss_recon:0.043151

16200-loss_z:0.013697,accu:1.0,loss_recon:0.016279

16200-loss_z:16.77655,accu:0.56962,loss_recon:0.043585

16400-loss_z:0.013049,accu:1.0,loss_recon:0.016243

16400-loss_z:17.022688,accu:0.556962,loss_recon:0.043276

16600-loss_z:0.012198,accu:1.0,loss_recon:0.016315

16600-loss_z:17.236204,accu:0.556962,loss_recon:0.043569

16800-loss_z:0.011268,accu:1.0,loss_recon:0.016335

16800-loss_z:17.49221,accu:0.556962,loss_recon:0.04419

17000-loss_z:0.010595,accu:1.0,loss_recon:0.016428

17000-loss_z:17.722521,accu:0.56962,loss_recon:0.04245

17200-loss_z:0.009922,accu:1.0,loss_recon:0.016288

17200-loss_z:17.920002,accu:0.56962,loss_recon:0.042959

17400-loss_z:0.009369,accu:1.0,loss_recon:0.016139

17400-loss_z:18.176617,accu:0.56962,loss_recon:0.041824

17600-loss_z:0.008599,accu:1.0,loss_recon:0.016347

17600-loss_z:18.417751,accu:0.582278,loss_recon:0.043271

17800-loss_z:0.008187,accu:1.0,loss_recon:0.01621

17800-loss_z:18.660419,accu:0.56962,loss_recon:0.042669

18000-loss_z:0.007935,accu:1.0,loss_recon:0.016172

18000-loss_z:18.893877,accu:0.582278,loss_recon:0.043193

18200-loss_z:0.007091,accu:1.0,loss_recon:0.016273

18200-loss_z:19.056458,accu:0.56962,loss_recon:0.043978

18400-loss_z:0.006761,accu:1.0,loss_recon:0.016287

18400-loss_z:19.292143,accu:0.582278,loss_recon:0.04339

18600-loss_z:0.006272,accu:1.0,loss_recon:0.01616

18600-loss_z:19.487862,accu:0.56962,loss_recon:0.044268

18800-loss_z:0.005973,accu:1.0,loss_recon:0.016226

18800-loss_z:19.738129,accu:0.56962,loss_recon:0.043994

19000-loss_z:0.005558,accu:1.0,loss_recon:0.016256

19000-loss_z:19.946342,accu:0.56962,loss_recon:0.043178

19200-loss_z:0.005262,accu:1.0,loss_recon:0.016227

19200-loss_z:20.141567,accu:0.582278,loss_recon:0.042523

19400-loss_z:0.004861,accu:1.0,loss_recon:0.01622

19400-loss_z:20.337137,accu:0.582278,loss_recon:0.043712

19600-loss_z:0.004618,accu:1.0,loss_recon:0.01616

19600-loss_z:20.574945,accu:0.594937,loss_recon:0.04375

19800-loss_z:0.004225,accu:1.0,loss_recon:0.016351

19800-loss_z:20.743883,accu:0.56962,loss_recon:0.043652

20000-loss_z:0.004011,accu:1.0,loss_recon:0.016317

20000-loss_z:20.94998,accu:0.582278,loss_recon:0.043816

Continue training
New FC model is initialized
200-loss_z:2.567537,accu:0.207452,loss_recon:1.04811

200-loss_z:2.6157,accu:0.113924,loss_recon:0.535511

400-loss_z:1.990065,accu:0.338743,loss_recon:0.320263

400-loss_z:2.448304,accu:0.126582,loss_recon:0.322252

600-loss_z:1.69658,accu:0.411048,loss_recon:0.185327

600-loss_z:2.404796,accu:0.164557,loss_recon:0.257194

800-loss_z:1.49224,accu:0.501491,loss_recon:0.117349

800-loss_z:2.389099,accu:0.189873,loss_recon:0.184635

1000-loss_z:1.337435,accu:0.598926,loss_recon:0.075538

1000-loss_z:2.40469,accu:0.21519,loss_recon:0.138757

1200-loss_z:1.218005,accu:0.65222,loss_recon:0.056372

1200-loss_z:2.418145,accu:0.240506,loss_recon:0.106075

1400-loss_z:1.108034,accu:0.691686,loss_recon:0.044492

1400-loss_z:2.470435,accu:0.227848,loss_recon:0.088737

1600-loss_z:1.027422,accu:0.711621,loss_recon:0.036808

1600-loss_z:2.538442,accu:0.240506,loss_recon:0.074675

1800-loss_z:0.952565,accu:0.73666,loss_recon:0.031221

1800-loss_z:2.633609,accu:0.291139,loss_recon:0.070649

2000-loss_z:0.891841,accu:0.745267,loss_recon:0.028191

2000-loss_z:2.701369,accu:0.316456,loss_recon:0.067378

2200-loss_z:0.831794,accu:0.779629,loss_recon:0.026112

2200-loss_z:2.816516,accu:0.316456,loss_recon:0.064324

2400-loss_z:0.781343,accu:0.795951,loss_recon:0.0245

2400-loss_z:2.918731,accu:0.316456,loss_recon:0.062838

2600-loss_z:0.730772,accu:0.828249,loss_recon:0.022754

2600-loss_z:3.018909,accu:0.367089,loss_recon:0.06238

2800-loss_z:0.689664,accu:0.839922,loss_recon:0.021971

2800-loss_z:3.15328,accu:0.341772,loss_recon:0.061199

3000-loss_z:0.649947,accu:0.852012,loss_recon:0.020859

3000-loss_z:3.293374,accu:0.379747,loss_recon:0.059241

3200-loss_z:0.61291,accu:0.869993,loss_recon:0.020362

3200-loss_z:3.414269,accu:0.379747,loss_recon:0.058738

3400-loss_z:0.581812,accu:0.885098,loss_recon:0.019728

3400-loss_z:3.555993,accu:0.379747,loss_recon:0.057016

3600-loss_z:0.550085,accu:0.885762,loss_recon:0.019054

3600-loss_z:3.730982,accu:0.417722,loss_recon:0.054574

3800-loss_z:0.518043,accu:0.896471,loss_recon:0.018357

3800-loss_z:3.882643,accu:0.417722,loss_recon:0.055869

4000-loss_z:0.494163,accu:0.907389,loss_recon:0.01739

4000-loss_z:4.061888,accu:0.43038,loss_recon:0.05788

4200-loss_z:0.465114,accu:0.908555,loss_recon:0.016624

4200-loss_z:4.271692,accu:0.405063,loss_recon:0.058101

4400-loss_z:0.446042,accu:0.914564,loss_recon:0.016068

4400-loss_z:4.446335,accu:0.43038,loss_recon:0.057955

4600-loss_z:0.42327,accu:0.924076,loss_recon:0.015359

4600-loss_z:4.692915,accu:0.443038,loss_recon:0.059374

4800-loss_z:0.400757,accu:0.931536,loss_recon:0.015107

4800-loss_z:4.961594,accu:0.417722,loss_recon:0.058747

5000-loss_z:0.385579,accu:0.934753,loss_recon:0.014802

5000-loss_z:5.189364,accu:0.443038,loss_recon:0.057104

5200-loss_z:0.365243,accu:0.941491,loss_recon:0.01454

5200-loss_z:5.464563,accu:0.417722,loss_recon:0.058176

5400-loss_z:0.347638,accu:0.948796,loss_recon:0.01395

5400-loss_z:5.74867,accu:0.455696,loss_recon:0.055885

5600-loss_z:0.330952,accu:0.950137,loss_recon:0.013682

5600-loss_z:6.012081,accu:0.468354,loss_recon:0.057211

5800-loss_z:0.318003,accu:0.952422,loss_recon:0.013571

5800-loss_z:6.322099,accu:0.468354,loss_recon:0.054962

6000-loss_z:0.303959,accu:0.958314,loss_recon:0.013394

6000-loss_z:6.573753,accu:0.443038,loss_recon:0.055305

6200-loss_z:0.290077,accu:0.955892,loss_recon:0.013212

6200-loss_z:6.885955,accu:0.468354,loss_recon:0.055958

6400-loss_z:0.27849,accu:0.96679,loss_recon:0.012975

6400-loss_z:7.177687,accu:0.43038,loss_recon:0.055133

6600-loss_z:0.266983,accu:0.966719,loss_recon:0.012848

6600-loss_z:7.524088,accu:0.455696,loss_recon:0.053215

6800-loss_z:0.25236,accu:0.968118,loss_recon:0.012791

6800-loss_z:7.817268,accu:0.468354,loss_recon:0.052594

7000-loss_z:0.242888,accu:0.970514,loss_recon:0.012467

7000-loss_z:8.174194,accu:0.481013,loss_recon:0.05252

7200-loss_z:0.232117,accu:0.974434,loss_recon:0.012547

7200-loss_z:8.446302,accu:0.481013,loss_recon:0.051047

7400-loss_z:0.224878,accu:0.973047,loss_recon:0.012408

7400-loss_z:8.828509,accu:0.443038,loss_recon:0.051441

7600-loss_z:0.216154,accu:0.972214,loss_recon:0.012321

7600-loss_z:9.112977,accu:0.493671,loss_recon:0.051988

7800-loss_z:0.208897,accu:0.973796,loss_recon:0.012105

7800-loss_z:9.467063,accu:0.468354,loss_recon:0.052254

8000-loss_z:0.199511,accu:0.976908,loss_recon:0.012096

8000-loss_z:9.844872,accu:0.443038,loss_recon:0.050555

8200-loss_z:0.193037,accu:0.977585,loss_recon:0.012039

8200-loss_z:10.194216,accu:0.455696,loss_recon:0.049475

8400-loss_z:0.182529,accu:0.979447,loss_recon:0.012035

8400-loss_z:10.526456,accu:0.468354,loss_recon:0.051595

8600-loss_z:0.17654,accu:0.979948,loss_recon:0.011907

8600-loss_z:10.896237,accu:0.481013,loss_recon:0.049802

8800-loss_z:0.16982,accu:0.982773,loss_recon:0.012128

8800-loss_z:11.250894,accu:0.481013,loss_recon:0.05002

9000-loss_z:0.164035,accu:0.982604,loss_recon:0.011977

9000-loss_z:11.626782,accu:0.481013,loss_recon:0.048218

9200-loss_z:0.156115,accu:0.983984,loss_recon:0.011921

9200-loss_z:12.006158,accu:0.481013,loss_recon:0.049807

9400-loss_z:0.151821,accu:0.982884,loss_recon:0.011776

9400-loss_z:12.366436,accu:0.493671,loss_recon:0.05096

9600-loss_z:0.144409,accu:0.985182,loss_recon:0.011822

9600-loss_z:12.734074,accu:0.481013,loss_recon:0.049342

9800-loss_z:0.140541,accu:0.98498,loss_recon:0.011824

9800-loss_z:13.099178,accu:0.493671,loss_recon:0.050034

10000-loss_z:0.13408,accu:0.986758,loss_recon:0.011769

10000-loss_z:13.484035,accu:0.481013,loss_recon:0.048545

10200-loss_z:0.129923,accu:0.984746,loss_recon:0.011785

10200-loss_z:13.88695,accu:0.481013,loss_recon:0.049906

10400-loss_z:0.124847,accu:0.988229,loss_recon:0.011715

10400-loss_z:14.263593,accu:0.493671,loss_recon:0.048896

10600-loss_z:0.121212,accu:0.988893,loss_recon:0.011748

10600-loss_z:14.628395,accu:0.506329,loss_recon:0.04838

10800-loss_z:0.11801,accu:0.99002,loss_recon:0.011743

10800-loss_z:15.032114,accu:0.506329,loss_recon:0.049732

11000-loss_z:0.11173,accu:0.992565,loss_recon:0.011728

11000-loss_z:15.358598,accu:0.481013,loss_recon:0.047916

11200-loss_z:0.109249,accu:0.991868,loss_recon:0.011779

11200-loss_z:15.767057,accu:0.493671,loss_recon:0.049903

11400-loss_z:0.104361,accu:0.992415,loss_recon:0.011632

11400-loss_z:16.135809,accu:0.468354,loss_recon:0.048606

11600-loss_z:0.099962,accu:0.993255,loss_recon:0.011702

11600-loss_z:16.537342,accu:0.468354,loss_recon:0.047378

11800-loss_z:0.096541,accu:0.993223,loss_recon:0.011644

11800-loss_z:16.895294,accu:0.468354,loss_recon:0.049169

12000-loss_z:0.093487,accu:0.993079,loss_recon:0.011845

12000-loss_z:17.295643,accu:0.468354,loss_recon:0.047509

12200-loss_z:0.09064,accu:0.993281,loss_recon:0.011612

12200-loss_z:17.682272,accu:0.481013,loss_recon:0.048226

12400-loss_z:0.086436,accu:0.993132,loss_recon:0.011644

12400-loss_z:18.105448,accu:0.468354,loss_recon:0.04867

12600-loss_z:0.084187,accu:0.992702,loss_recon:0.011729

12600-loss_z:18.512602,accu:0.468354,loss_recon:0.049222

12800-loss_z:0.080947,accu:0.993763,loss_recon:0.011812

12800-loss_z:18.866232,accu:0.481013,loss_recon:0.049043

13000-loss_z:0.078856,accu:0.993216,loss_recon:0.011533

13000-loss_z:19.286963,accu:0.481013,loss_recon:0.047862

13200-loss_z:0.074591,accu:0.99416,loss_recon:0.01163

13200-loss_z:19.684797,accu:0.481013,loss_recon:0.047912

13400-loss_z:0.071923,accu:0.993743,loss_recon:0.011662

13400-loss_z:20.059372,accu:0.481013,loss_recon:0.048611

13600-loss_z:0.069971,accu:0.993783,loss_recon:0.011532

13600-loss_z:20.466896,accu:0.481013,loss_recon:0.047194

13800-loss_z:0.067115,accu:0.993854,loss_recon:0.011672

13800-loss_z:20.835976,accu:0.481013,loss_recon:0.047975

14000-loss_z:0.065543,accu:0.993561,loss_recon:0.01154

14000-loss_z:21.170633,accu:0.481013,loss_recon:0.050693

14200-loss_z:0.062993,accu:0.993711,loss_recon:0.011582

14200-loss_z:21.532211,accu:0.468354,loss_recon:0.048879

14400-loss_z:0.061292,accu:0.994089,loss_recon:0.011571

14400-loss_z:21.922817,accu:0.481013,loss_recon:0.048472

14600-loss_z:0.058037,accu:0.994779,loss_recon:0.011629

14600-loss_z:22.278065,accu:0.481013,loss_recon:0.04788

14800-loss_z:0.056187,accu:0.994466,loss_recon:0.011595

14800-loss_z:22.610283,accu:0.481013,loss_recon:0.048551

15000-loss_z:0.054672,accu:0.994277,loss_recon:0.01165

15000-loss_z:22.899044,accu:0.481013,loss_recon:0.04789

15200-loss_z:0.052993,accu:0.994688,loss_recon:0.011602

15200-loss_z:23.210262,accu:0.481013,loss_recon:0.050099

15400-loss_z:0.051068,accu:0.994844,loss_recon:0.011511

15400-loss_z:23.535257,accu:0.481013,loss_recon:0.047453

15600-loss_z:0.04976,accu:0.995417,loss_recon:0.011526

15600-loss_z:23.817686,accu:0.493671,loss_recon:0.049286

15800-loss_z:0.047469,accu:0.995905,loss_recon:0.011469

15800-loss_z:24.051401,accu:0.481013,loss_recon:0.049491

16000-loss_z:0.045476,accu:0.995775,loss_recon:0.011611

16000-loss_z:24.246548,accu:0.468354,loss_recon:0.048972

16200-loss_z:0.044055,accu:0.995671,loss_recon:0.011609

16200-loss_z:24.450638,accu:0.468354,loss_recon:0.048424

16400-loss_z:0.042476,accu:0.996087,loss_recon:0.011457

16400-loss_z:24.745029,accu:0.468354,loss_recon:0.049657

16600-loss_z:0.041279,accu:0.99679,loss_recon:0.011557

16600-loss_z:24.915884,accu:0.468354,loss_recon:0.048075

16800-loss_z:0.039404,accu:0.996901,loss_recon:0.011575

16800-loss_z:25.168312,accu:0.455696,loss_recon:0.047684

17000-loss_z:0.038248,accu:0.996621,loss_recon:0.011582

17000-loss_z:25.429806,accu:0.455696,loss_recon:0.049068

17200-loss_z:0.036403,accu:0.996556,loss_recon:0.011544

17200-loss_z:25.638582,accu:0.468354,loss_recon:0.047721

17400-loss_z:0.035771,accu:0.997025,loss_recon:0.011508

17400-loss_z:25.886097,accu:0.468354,loss_recon:0.048117

17600-loss_z:0.034604,accu:0.998385,loss_recon:0.011666

17600-loss_z:26.083759,accu:0.468354,loss_recon:0.049559

17800-loss_z:0.032059,accu:0.998053,loss_recon:0.011423

17800-loss_z:26.297215,accu:0.468354,loss_recon:0.047233

18000-loss_z:0.03127,accu:0.997865,loss_recon:0.011456

18000-loss_z:26.519871,accu:0.455696,loss_recon:0.049302

18200-loss_z:0.029597,accu:0.999141,loss_recon:0.011532

18200-loss_z:26.671631,accu:0.455696,loss_recon:0.048397

18400-loss_z:0.029015,accu:0.99847,loss_recon:0.011425

18400-loss_z:26.875303,accu:0.468354,loss_recon:0.050828

18600-loss_z:0.02781,accu:0.999342,loss_recon:0.011525

18600-loss_z:27.026999,accu:0.455696,loss_recon:0.048613

18800-loss_z:0.027189,accu:0.99888,loss_recon:0.011653

18800-loss_z:27.232922,accu:0.443038,loss_recon:0.04834

19000-loss_z:0.025599,accu:0.999193,loss_recon:0.011504

19000-loss_z:27.407898,accu:0.443038,loss_recon:0.048784

19200-loss_z:0.025161,accu:0.999876,loss_recon:0.011632

19200-loss_z:27.582703,accu:0.443038,loss_recon:0.048621

19400-loss_z:0.023745,accu:1.0,loss_recon:0.01145

19400-loss_z:27.809845,accu:0.443038,loss_recon:0.048461

19600-loss_z:0.023404,accu:0.999779,loss_recon:0.011537

19600-loss_z:28.063807,accu:0.417722,loss_recon:0.049888

19800-loss_z:0.022341,accu:0.999681,loss_recon:0.011529

19800-loss_z:28.224136,accu:0.443038,loss_recon:0.049115

20000-loss_z:0.021813,accu:0.999818,loss_recon:0.01165

20000-loss_z:28.477789,accu:0.43038,loss_recon:0.049286

Continue training
New FC model is initialized
200-loss_z:2.57004,accu:0.200054,loss_recon:1.322301

200-loss_z:2.49537,accu:0.088608,loss_recon:0.593288

400-loss_z:1.814442,accu:0.386465,loss_recon:0.303229

400-loss_z:2.309574,accu:0.113924,loss_recon:0.310769

600-loss_z:1.489429,accu:0.505352,loss_recon:0.177384

600-loss_z:2.251031,accu:0.177215,loss_recon:0.265442

800-loss_z:1.285581,accu:0.598854,loss_recon:0.145667

800-loss_z:2.255736,accu:0.189873,loss_recon:0.23717

1000-loss_z:1.134112,accu:0.694271,loss_recon:0.125416

1000-loss_z:2.306771,accu:0.240506,loss_recon:0.213233

1200-loss_z:1.021606,accu:0.738444,loss_recon:0.108714

1200-loss_z:2.326923,accu:0.265823,loss_recon:0.184377

1400-loss_z:0.933213,accu:0.770319,loss_recon:0.089314

1400-loss_z:2.379664,accu:0.329114,loss_recon:0.151895

1600-loss_z:0.850274,accu:0.795521,loss_recon:0.069563

1600-loss_z:2.419895,accu:0.316456,loss_recon:0.124893

1800-loss_z:0.785833,accu:0.823984,loss_recon:0.053664

1800-loss_z:2.456118,accu:0.278481,loss_recon:0.102053

2000-loss_z:0.724869,accu:0.846348,loss_recon:0.044914

2000-loss_z:2.536427,accu:0.341772,loss_recon:0.084193

2200-loss_z:0.673833,accu:0.858633,loss_recon:0.039307

2200-loss_z:2.587001,accu:0.341772,loss_recon:0.075886

2400-loss_z:0.630436,accu:0.865749,loss_recon:0.035371

2400-loss_z:2.622633,accu:0.367089,loss_recon:0.071638

2600-loss_z:0.591378,accu:0.871035,loss_recon:0.033662

2600-loss_z:2.699092,accu:0.379747,loss_recon:0.069664

2800-loss_z:0.550115,accu:0.879297,loss_recon:0.030784

2800-loss_z:2.770171,accu:0.392405,loss_recon:0.065603

3000-loss_z:0.520171,accu:0.889199,loss_recon:0.0293

3000-loss_z:2.864672,accu:0.392405,loss_recon:0.061317

3200-loss_z:0.491823,accu:0.898099,loss_recon:0.027358

3200-loss_z:2.963542,accu:0.443038,loss_recon:0.056534

3400-loss_z:0.462058,accu:0.903138,loss_recon:0.024602

3400-loss_z:3.071175,accu:0.417722,loss_recon:0.052018

3600-loss_z:0.438267,accu:0.911628,loss_recon:0.0233

3600-loss_z:3.209411,accu:0.417722,loss_recon:0.049702

3800-loss_z:0.417951,accu:0.915846,loss_recon:0.022162

3800-loss_z:3.330596,accu:0.455696,loss_recon:0.04798

4000-loss_z:0.394672,accu:0.921432,loss_recon:0.021503

4000-loss_z:3.46726,accu:0.468354,loss_recon:0.044662

4200-loss_z:0.373936,accu:0.928939,loss_recon:0.0204

4200-loss_z:3.638916,accu:0.468354,loss_recon:0.044983

4400-loss_z:0.356271,accu:0.932357,loss_recon:0.020034

4400-loss_z:3.812147,accu:0.506329,loss_recon:0.04456

4600-loss_z:0.337759,accu:0.938841,loss_recon:0.019028

4600-loss_z:3.966917,accu:0.455696,loss_recon:0.04256

4800-loss_z:0.321075,accu:0.945488,loss_recon:0.018636

4800-loss_z:4.121508,accu:0.443038,loss_recon:0.041309

5000-loss_z:0.304459,accu:0.948184,loss_recon:0.017868

5000-loss_z:4.319634,accu:0.506329,loss_recon:0.039411

5200-loss_z:0.29006,accu:0.949857,loss_recon:0.017278

5200-loss_z:4.503378,accu:0.481013,loss_recon:0.040208

5400-loss_z:0.276362,accu:0.955378,loss_recon:0.016703

5400-loss_z:4.68876,accu:0.455696,loss_recon:0.039946

5600-loss_z:0.264083,accu:0.958529,loss_recon:0.016057

5600-loss_z:4.838096,accu:0.493671,loss_recon:0.037298

5800-loss_z:0.250965,accu:0.966048,loss_recon:0.015616

5800-loss_z:5.020794,accu:0.481013,loss_recon:0.037541

6000-loss_z:0.237226,accu:0.970723,loss_recon:0.015262

6000-loss_z:5.18594,accu:0.481013,loss_recon:0.037195

6200-loss_z:0.225177,accu:0.974772,loss_recon:0.014753

6200-loss_z:5.385341,accu:0.493671,loss_recon:0.03725

6400-loss_z:0.215388,accu:0.975052,loss_recon:0.014606

6400-loss_z:5.56997,accu:0.468354,loss_recon:0.036112

6600-loss_z:0.203691,accu:0.979388,loss_recon:0.014493

6600-loss_z:5.724928,accu:0.481013,loss_recon:0.036128

6800-loss_z:0.193537,accu:0.983288,loss_recon:0.014453

6800-loss_z:5.953745,accu:0.481013,loss_recon:0.036621

7000-loss_z:0.18351,accu:0.984837,loss_recon:0.014181

7000-loss_z:6.162609,accu:0.468354,loss_recon:0.035437

7200-loss_z:0.173502,accu:0.987819,loss_recon:0.01418

7200-loss_z:6.38166,accu:0.468354,loss_recon:0.034879

7400-loss_z:0.165309,accu:0.992148,loss_recon:0.014068

7400-loss_z:6.589596,accu:0.481013,loss_recon:0.03608

7600-loss_z:0.155965,accu:0.992064,loss_recon:0.013892

7600-loss_z:6.789729,accu:0.481013,loss_recon:0.035763

7800-loss_z:0.148089,accu:0.993197,loss_recon:0.013979

7800-loss_z:7.000883,accu:0.481013,loss_recon:0.03618

8000-loss_z:0.141362,accu:0.99334,loss_recon:0.013791

8000-loss_z:7.255751,accu:0.481013,loss_recon:0.035584

8200-loss_z:0.133083,accu:0.993867,loss_recon:0.013772

8200-loss_z:7.467748,accu:0.455696,loss_recon:0.035027

8400-loss_z:0.127186,accu:0.993887,loss_recon:0.013687

8400-loss_z:7.672996,accu:0.468354,loss_recon:0.036248

8600-loss_z:0.120232,accu:0.99457,loss_recon:0.013741

8600-loss_z:7.884431,accu:0.493671,loss_recon:0.035168

8800-loss_z:0.115931,accu:0.995755,loss_recon:0.013695

8800-loss_z:8.105031,accu:0.481013,loss_recon:0.0354

9000-loss_z:0.108389,accu:0.996797,loss_recon:0.013458

9000-loss_z:8.340855,accu:0.481013,loss_recon:0.03624

9200-loss_z:0.104044,accu:0.996771,loss_recon:0.013471

9200-loss_z:8.591085,accu:0.481013,loss_recon:0.03603

9400-loss_z:0.098318,accu:0.997578,loss_recon:0.013387

9400-loss_z:8.786643,accu:0.481013,loss_recon:0.036518

9600-loss_z:0.092855,accu:0.998346,loss_recon:0.013399

9600-loss_z:9.004617,accu:0.493671,loss_recon:0.036265

9800-loss_z:0.088069,accu:0.998333,loss_recon:0.013355

9800-loss_z:9.245388,accu:0.493671,loss_recon:0.036043

10000-loss_z:0.083732,accu:0.998184,loss_recon:0.013352

10000-loss_z:9.442567,accu:0.493671,loss_recon:0.036281

10200-loss_z:0.078704,accu:0.999427,loss_recon:0.013203

10200-loss_z:9.639891,accu:0.493671,loss_recon:0.036526

10400-loss_z:0.074549,accu:1.0,loss_recon:0.013332

10400-loss_z:9.849442,accu:0.481013,loss_recon:0.036269

10600-loss_z:0.070185,accu:0.999779,loss_recon:0.013133

10600-loss_z:10.025604,accu:0.481013,loss_recon:0.036687

10800-loss_z:0.066981,accu:0.999733,loss_recon:0.012697

10800-loss_z:10.205235,accu:0.481013,loss_recon:0.036295

11000-loss_z:0.063845,accu:1.0,loss_recon:0.012752

11000-loss_z:10.36827,accu:0.481013,loss_recon:0.036063

11200-loss_z:0.059587,accu:1.0,loss_recon:0.012567

11200-loss_z:10.561232,accu:0.481013,loss_recon:0.035244

11400-loss_z:0.056347,accu:1.0,loss_recon:0.012565

11400-loss_z:10.734528,accu:0.481013,loss_recon:0.035527

11600-loss_z:0.052694,accu:1.0,loss_recon:0.012513

11600-loss_z:10.879024,accu:0.481013,loss_recon:0.037621

11800-loss_z:0.049693,accu:1.0,loss_recon:0.01245

11800-loss_z:11.019939,accu:0.481013,loss_recon:0.036344

12000-loss_z:0.047517,accu:1.0,loss_recon:0.012398

12000-loss_z:11.169595,accu:0.481013,loss_recon:0.035853

12200-loss_z:0.044332,accu:1.0,loss_recon:0.01249

12200-loss_z:11.273602,accu:0.468354,loss_recon:0.035845

12400-loss_z:0.041398,accu:1.0,loss_recon:0.012485

12400-loss_z:11.247135,accu:0.481013,loss_recon:0.035877

12600-loss_z:0.03872,accu:1.0,loss_recon:0.012568

12600-loss_z:11.03675,accu:0.468354,loss_recon:0.035525

12800-loss_z:0.037138,accu:1.0,loss_recon:0.012428

12800-loss_z:10.820701,accu:0.455696,loss_recon:0.035599

13000-loss_z:0.034901,accu:1.0,loss_recon:0.012344

13000-loss_z:10.626304,accu:0.455696,loss_recon:0.035423

13200-loss_z:0.032767,accu:1.0,loss_recon:0.012324

13200-loss_z:10.375383,accu:0.443038,loss_recon:0.0357

13400-loss_z:0.030938,accu:1.0,loss_recon:0.012299

13400-loss_z:10.07674,accu:0.443038,loss_recon:0.035684

13600-loss_z:0.029013,accu:1.0,loss_recon:0.012366

13600-loss_z:9.863312,accu:0.468354,loss_recon:0.035248

13800-loss_z:0.027094,accu:1.0,loss_recon:0.01241

13800-loss_z:9.720633,accu:0.455696,loss_recon:0.035088

14000-loss_z:0.025031,accu:1.0,loss_recon:0.012383

14000-loss_z:9.552259,accu:0.455696,loss_recon:0.03524

14200-loss_z:0.023751,accu:1.0,loss_recon:0.01238

14200-loss_z:9.36044,accu:0.455696,loss_recon:0.034933

14400-loss_z:0.022409,accu:1.0,loss_recon:0.012342

14400-loss_z:9.220564,accu:0.455696,loss_recon:0.036073

14600-loss_z:0.020552,accu:1.0,loss_recon:0.012394

14600-loss_z:9.031655,accu:0.455696,loss_recon:0.036137

14800-loss_z:0.019046,accu:1.0,loss_recon:0.012264

14800-loss_z:8.944136,accu:0.455696,loss_recon:0.034589

15000-loss_z:0.0181,accu:1.0,loss_recon:0.012533

15000-loss_z:9.148063,accu:0.455696,loss_recon:0.035214

15200-loss_z:0.016876,accu:1.0,loss_recon:0.01232

15200-loss_z:9.495949,accu:0.455696,loss_recon:0.034884

15400-loss_z:0.015552,accu:1.0,loss_recon:0.012381

15400-loss_z:9.885852,accu:0.443038,loss_recon:0.035451

15600-loss_z:0.014772,accu:1.0,loss_recon:0.01232

15600-loss_z:10.212874,accu:0.455696,loss_recon:0.035045

15800-loss_z:0.013784,accu:1.0,loss_recon:0.012407

15800-loss_z:10.501086,accu:0.468354,loss_recon:0.035613

16000-loss_z:0.012753,accu:1.0,loss_recon:0.012332

16000-loss_z:10.776125,accu:0.455696,loss_recon:0.03493

16200-loss_z:0.011826,accu:1.0,loss_recon:0.0124

16200-loss_z:11.036626,accu:0.468354,loss_recon:0.034976

16400-loss_z:0.011093,accu:1.0,loss_recon:0.012271

16400-loss_z:11.22143,accu:0.455696,loss_recon:0.034705

16600-loss_z:0.010272,accu:1.0,loss_recon:0.012392

16600-loss_z:11.494557,accu:0.455696,loss_recon:0.035359

16800-loss_z:0.009542,accu:1.0,loss_recon:0.012314

16800-loss_z:11.727778,accu:0.455696,loss_recon:0.035077

17000-loss_z:0.008991,accu:1.0,loss_recon:0.012353

17000-loss_z:11.964378,accu:0.455696,loss_recon:0.035677

17200-loss_z:0.008323,accu:1.0,loss_recon:0.012364

17200-loss_z:12.114571,accu:0.455696,loss_recon:0.034619

17400-loss_z:0.007785,accu:1.0,loss_recon:0.012172

17400-loss_z:12.256972,accu:0.468354,loss_recon:0.034534

17600-loss_z:0.007206,accu:1.0,loss_recon:0.012235

17600-loss_z:12.47792,accu:0.455696,loss_recon:0.034051

17800-loss_z:0.006618,accu:1.0,loss_recon:0.012359

17800-loss_z:12.62202,accu:0.455696,loss_recon:0.035509

18000-loss_z:0.006189,accu:1.0,loss_recon:0.012177

18000-loss_z:12.817857,accu:0.455696,loss_recon:0.035675

18200-loss_z:0.005639,accu:1.0,loss_recon:0.01231

18200-loss_z:13.000321,accu:0.455696,loss_recon:0.034954

18400-loss_z:0.005316,accu:1.0,loss_recon:0.012139

18400-loss_z:13.146749,accu:0.455696,loss_recon:0.034777

18600-loss_z:0.004814,accu:1.0,loss_recon:0.012224

18600-loss_z:13.262352,accu:0.455696,loss_recon:0.034825

18800-loss_z:0.004465,accu:1.0,loss_recon:0.012222

18800-loss_z:13.467438,accu:0.455696,loss_recon:0.034698

19000-loss_z:0.004178,accu:1.0,loss_recon:0.012341

19000-loss_z:13.557843,accu:0.468354,loss_recon:0.03451

19200-loss_z:0.003838,accu:1.0,loss_recon:0.012286

19200-loss_z:13.734052,accu:0.455696,loss_recon:0.03515

19400-loss_z:0.003523,accu:1.0,loss_recon:0.012275

19400-loss_z:13.936646,accu:0.455696,loss_recon:0.035526

19600-loss_z:0.003308,accu:1.0,loss_recon:0.012373

19600-loss_z:14.035615,accu:0.468354,loss_recon:0.034262

19800-loss_z:0.002991,accu:1.0,loss_recon:0.012187

19800-loss_z:14.131335,accu:0.468354,loss_recon:0.034749

20000-loss_z:0.002796,accu:1.0,loss_recon:0.012211

20000-loss_z:14.287603,accu:0.455696,loss_recon:0.035578

Continue training
New FC model is initialized
200-loss_z:2.540607,accu:0.195857,loss_recon:1.005819

200-loss_z:2.553463,accu:0.050633,loss_recon:0.519653

400-loss_z:1.898693,accu:0.338288,loss_recon:0.275756

400-loss_z:2.428541,accu:0.101266,loss_recon:0.307165

600-loss_z:1.61321,accu:0.415879,loss_recon:0.164345

600-loss_z:2.409056,accu:0.139241,loss_recon:0.220113

800-loss_z:1.413801,accu:0.509427,loss_recon:0.109091

800-loss_z:2.462101,accu:0.151899,loss_recon:0.164208

1000-loss_z:1.269184,accu:0.58944,loss_recon:0.082497

1000-loss_z:2.555032,accu:0.151899,loss_recon:0.135115

1200-loss_z:1.159821,accu:0.643652,loss_recon:0.065707

1200-loss_z:2.646914,accu:0.21519,loss_recon:0.114333

1400-loss_z:1.063024,accu:0.699434,loss_recon:0.053796

1400-loss_z:2.758034,accu:0.189873,loss_recon:0.096332

1600-loss_z:0.985375,accu:0.737585,loss_recon:0.04416

1600-loss_z:2.860843,accu:0.202532,loss_recon:0.088885

1800-loss_z:0.914529,accu:0.754368,loss_recon:0.035912

1800-loss_z:2.972064,accu:0.227848,loss_recon:0.080523

2000-loss_z:0.860096,accu:0.773314,loss_recon:0.030353

2000-loss_z:3.106272,accu:0.240506,loss_recon:0.071414

2200-loss_z:0.807118,accu:0.786576,loss_recon:0.027392

2200-loss_z:3.239769,accu:0.227848,loss_recon:0.067432

2400-loss_z:0.755848,accu:0.813737,loss_recon:0.024497

2400-loss_z:3.371423,accu:0.202532,loss_recon:0.065482

2600-loss_z:0.718292,accu:0.827897,loss_recon:0.022559

2600-loss_z:3.501832,accu:0.227848,loss_recon:0.064704

2800-loss_z:0.679118,accu:0.844857,loss_recon:0.02158

2800-loss_z:3.63557,accu:0.227848,loss_recon:0.06396

3000-loss_z:0.640818,accu:0.85819,loss_recon:0.020556

3000-loss_z:3.812415,accu:0.265823,loss_recon:0.065652

3200-loss_z:0.610612,accu:0.869499,loss_recon:0.019668

3200-loss_z:3.955806,accu:0.265823,loss_recon:0.067473

3400-loss_z:0.579034,accu:0.87125,loss_recon:0.018824

3400-loss_z:4.148772,accu:0.291139,loss_recon:0.065224

3600-loss_z:0.54981,accu:0.893372,loss_recon:0.018221

3600-loss_z:4.310419,accu:0.291139,loss_recon:0.063361

3800-loss_z:0.5252,accu:0.895749,loss_recon:0.018117

3800-loss_z:4.480285,accu:0.316456,loss_recon:0.064649

4000-loss_z:0.50099,accu:0.900846,loss_recon:0.017588

4000-loss_z:4.672531,accu:0.329114,loss_recon:0.064843

4200-loss_z:0.473091,accu:0.908457,loss_recon:0.017469

4200-loss_z:4.884791,accu:0.303797,loss_recon:0.063051

4400-loss_z:0.454812,accu:0.903887,loss_recon:0.017422

4400-loss_z:5.080464,accu:0.291139,loss_recon:0.063338

4600-loss_z:0.434731,accu:0.911445,loss_recon:0.017513

4600-loss_z:5.292404,accu:0.35443,loss_recon:0.063777

4800-loss_z:0.415717,accu:0.91306,loss_recon:0.017052

4800-loss_z:5.467369,accu:0.35443,loss_recon:0.064606

5000-loss_z:0.397995,accu:0.91304,loss_recon:0.016857

5000-loss_z:5.702024,accu:0.316456,loss_recon:0.063541

5200-loss_z:0.381123,accu:0.916823,loss_recon:0.016664

5200-loss_z:5.8972,accu:0.35443,loss_recon:0.063846

5400-loss_z:0.364002,accu:0.924492,loss_recon:0.016438

5400-loss_z:6.112144,accu:0.316456,loss_recon:0.061402

5600-loss_z:0.350606,accu:0.924115,loss_recon:0.016261

5600-loss_z:6.302981,accu:0.35443,loss_recon:0.060345

5800-loss_z:0.337871,accu:0.933477,loss_recon:0.015896

5800-loss_z:6.531186,accu:0.329114,loss_recon:0.064312

6000-loss_z:0.322823,accu:0.935234,loss_recon:0.015769

6000-loss_z:6.733493,accu:0.35443,loss_recon:0.062671

6200-loss_z:0.308679,accu:0.938021,loss_recon:0.01571

6200-loss_z:6.944449,accu:0.379747,loss_recon:0.061864

6400-loss_z:0.297824,accu:0.945137,loss_recon:0.015402

6400-loss_z:7.184009,accu:0.367089,loss_recon:0.06372

6600-loss_z:0.28546,accu:0.948197,loss_recon:0.015708

6600-loss_z:7.388631,accu:0.392405,loss_recon:0.062531

6800-loss_z:0.276456,accu:0.950527,loss_recon:0.01536

6800-loss_z:7.591148,accu:0.392405,loss_recon:0.063876

7000-loss_z:0.266554,accu:0.956621,loss_recon:0.01499

7000-loss_z:7.827594,accu:0.341772,loss_recon:0.063262

7200-loss_z:0.252169,accu:0.957018,loss_recon:0.015229

7200-loss_z:8.148006,accu:0.392405,loss_recon:0.063078

7400-loss_z:0.244964,accu:0.958763,loss_recon:0.015174

7400-loss_z:8.533463,accu:0.392405,loss_recon:0.064132

7600-loss_z:0.236717,accu:0.96,loss_recon:0.014996

7600-loss_z:8.941295,accu:0.405063,loss_recon:0.064799

7800-loss_z:0.224659,accu:0.962702,loss_recon:0.015007

7800-loss_z:9.458285,accu:0.379747,loss_recon:0.06304

8000-loss_z:0.218391,accu:0.965553,loss_recon:0.015112

8000-loss_z:9.831471,accu:0.379747,loss_recon:0.064218

8200-loss_z:0.210409,accu:0.96737,loss_recon:0.01506

8200-loss_z:10.235524,accu:0.379747,loss_recon:0.062179

8400-loss_z:0.203807,accu:0.966413,loss_recon:0.015181

8400-loss_z:10.549367,accu:0.405063,loss_recon:0.06257

8600-loss_z:0.194988,accu:0.971387,loss_recon:0.014971

8600-loss_z:10.841412,accu:0.417722,loss_recon:0.062105

8800-loss_z:0.189059,accu:0.968314,loss_recon:0.015126

8800-loss_z:11.182935,accu:0.417722,loss_recon:0.061308

9000-loss_z:0.183616,accu:0.971178,loss_recon:0.014868

9000-loss_z:11.45629,accu:0.455696,loss_recon:0.061981

9200-loss_z:0.175575,accu:0.971458,loss_recon:0.014814

9200-loss_z:11.749914,accu:0.43038,loss_recon:0.06178

9400-loss_z:0.170161,accu:0.974779,loss_recon:0.015

9400-loss_z:12.051056,accu:0.443038,loss_recon:0.058877

9600-loss_z:0.162707,accu:0.974707,loss_recon:0.014799

9600-loss_z:12.295199,accu:0.443038,loss_recon:0.058931

9800-loss_z:0.15847,accu:0.978118,loss_recon:0.014843

9800-loss_z:12.573174,accu:0.468354,loss_recon:0.057852

10000-loss_z:0.153041,accu:0.977298,loss_recon:0.014661

10000-loss_z:12.794139,accu:0.455696,loss_recon:0.061434

10200-loss_z:0.147343,accu:0.981634,loss_recon:0.014905

10200-loss_z:13.015162,accu:0.493671,loss_recon:0.061933

10400-loss_z:0.142414,accu:0.981126,loss_recon:0.014685

10400-loss_z:13.243321,accu:0.455696,loss_recon:0.062198

10600-loss_z:0.138314,accu:0.984883,loss_recon:0.014826

10600-loss_z:13.412181,accu:0.531646,loss_recon:0.059682

10800-loss_z:0.135307,accu:0.98388,loss_recon:0.014621

10800-loss_z:13.54397,accu:0.493671,loss_recon:0.060729

11000-loss_z:0.128605,accu:0.983763,loss_recon:0.014468

11000-loss_z:13.611904,accu:0.493671,loss_recon:0.060749

11200-loss_z:0.124872,accu:0.989323,loss_recon:0.014707

11200-loss_z:13.671761,accu:0.493671,loss_recon:0.060626

11400-loss_z:0.119331,accu:0.989505,loss_recon:0.01461

11400-loss_z:13.753498,accu:0.493671,loss_recon:0.06079

11600-loss_z:0.117661,accu:0.991927,loss_recon:0.014685

11600-loss_z:13.749917,accu:0.493671,loss_recon:0.060389

11800-loss_z:0.112461,accu:0.991159,loss_recon:0.014342

11800-loss_z:13.809394,accu:0.506329,loss_recon:0.059579

12000-loss_z:0.10937,accu:0.991452,loss_recon:0.014603

12000-loss_z:13.93131,accu:0.481013,loss_recon:0.061975

12200-loss_z:0.104299,accu:0.992038,loss_recon:0.014496

12200-loss_z:13.991724,accu:0.506329,loss_recon:0.060472

12400-loss_z:0.10176,accu:0.992936,loss_recon:0.014458

12400-loss_z:14.049397,accu:0.493671,loss_recon:0.059672

12600-loss_z:0.099632,accu:0.993665,loss_recon:0.014395

12600-loss_z:14.131684,accu:0.506329,loss_recon:0.060454

12800-loss_z:0.096433,accu:0.993678,loss_recon:0.014344

12800-loss_z:14.1668,accu:0.506329,loss_recon:0.058483

13000-loss_z:0.092303,accu:0.994264,loss_recon:0.014323

13000-loss_z:14.293183,accu:0.518987,loss_recon:0.057646

13200-loss_z:0.089677,accu:0.994329,loss_recon:0.014184

13200-loss_z:14.365411,accu:0.506329,loss_recon:0.059341

13400-loss_z:0.085496,accu:0.995534,loss_recon:0.01433

13400-loss_z:14.413724,accu:0.518987,loss_recon:0.057657

13600-loss_z:0.083971,accu:0.995853,loss_recon:0.014124

13600-loss_z:14.484589,accu:0.506329,loss_recon:0.058942

13800-loss_z:0.079869,accu:0.996914,loss_recon:0.014404

13800-loss_z:14.568138,accu:0.493671,loss_recon:0.05662

14000-loss_z:0.077935,accu:0.99625,loss_recon:0.014076

14000-loss_z:14.62152,accu:0.493671,loss_recon:0.062673

14200-loss_z:0.075484,accu:0.996296,loss_recon:0.014447

14200-loss_z:14.687291,accu:0.518987,loss_recon:0.058697

14400-loss_z:0.072431,accu:0.997227,loss_recon:0.014304

14400-loss_z:14.788816,accu:0.518987,loss_recon:0.059344

14600-loss_z:0.070308,accu:0.997012,loss_recon:0.014317

14600-loss_z:14.985947,accu:0.518987,loss_recon:0.058229

14800-loss_z:0.068986,accu:0.997682,loss_recon:0.014213

14800-loss_z:16.188082,accu:0.518987,loss_recon:0.058201

15000-loss_z:0.065861,accu:0.99903,loss_recon:0.014286

15000-loss_z:17.050501,accu:0.518987,loss_recon:0.058166

15200-loss_z:0.063797,accu:0.999688,loss_recon:0.014195

15200-loss_z:17.792097,accu:0.531646,loss_recon:0.060902

15400-loss_z:0.061033,accu:0.999577,loss_recon:0.014151

15400-loss_z:18.345118,accu:0.518987,loss_recon:0.058884

15600-loss_z:0.059636,accu:0.999635,loss_recon:0.014327

15600-loss_z:18.920483,accu:0.531646,loss_recon:0.059855

15800-loss_z:0.056923,accu:0.99957,loss_recon:0.014208

15800-loss_z:19.464617,accu:0.518987,loss_recon:0.06188

16000-loss_z:0.055282,accu:0.999896,loss_recon:0.014229

16000-loss_z:19.986998,accu:0.518987,loss_recon:0.061012

16200-loss_z:0.053127,accu:1.0,loss_recon:0.01412

16200-loss_z:20.463245,accu:0.518987,loss_recon:0.058526

16400-loss_z:0.050773,accu:0.999941,loss_recon:0.014134

16400-loss_z:20.890505,accu:0.506329,loss_recon:0.05921

16600-loss_z:0.048628,accu:1.0,loss_recon:0.014135

16600-loss_z:21.125639,accu:0.493671,loss_recon:0.058376

16800-loss_z:0.04685,accu:1.0,loss_recon:0.014219

16800-loss_z:21.240679,accu:0.506329,loss_recon:0.062204

17000-loss_z:0.0455,accu:1.0,loss_recon:0.014029

17000-loss_z:21.197445,accu:0.506329,loss_recon:0.061168

17200-loss_z:0.043805,accu:1.0,loss_recon:0.014159

17200-loss_z:21.087101,accu:0.493671,loss_recon:0.061831

17400-loss_z:0.041935,accu:1.0,loss_recon:0.014168

17400-loss_z:20.738121,accu:0.493671,loss_recon:0.059387

17600-loss_z:0.04048,accu:1.0,loss_recon:0.014017

17600-loss_z:20.411953,accu:0.493671,loss_recon:0.060151

17800-loss_z:0.038705,accu:1.0,loss_recon:0.013908

17800-loss_z:20.068478,accu:0.506329,loss_recon:0.062803

18000-loss_z:0.037237,accu:1.0,loss_recon:0.013944

18000-loss_z:19.764042,accu:0.506329,loss_recon:0.060225

18200-loss_z:0.035422,accu:1.0,loss_recon:0.014095

18200-loss_z:19.315554,accu:0.506329,loss_recon:0.05657

18400-loss_z:0.034745,accu:1.0,loss_recon:0.013953

18400-loss_z:18.968676,accu:0.493671,loss_recon:0.057325

18600-loss_z:0.03307,accu:1.0,loss_recon:0.013968

18600-loss_z:18.571926,accu:0.506329,loss_recon:0.058652

18800-loss_z:0.032569,accu:1.0,loss_recon:0.014085

18800-loss_z:18.173258,accu:0.518987,loss_recon:0.058912

19000-loss_z:0.030604,accu:1.0,loss_recon:0.014089

19000-loss_z:17.881433,accu:0.506329,loss_recon:0.056537

19200-loss_z:0.029975,accu:1.0,loss_recon:0.013879

19200-loss_z:17.517391,accu:0.506329,loss_recon:0.057758

19400-loss_z:0.028548,accu:1.0,loss_recon:0.013836

19400-loss_z:17.202919,accu:0.518987,loss_recon:0.058753

19600-loss_z:0.027247,accu:1.0,loss_recon:0.013792

19600-loss_z:16.95462,accu:0.518987,loss_recon:0.058063

19800-loss_z:0.026074,accu:1.0,loss_recon:0.013785

19800-loss_z:16.704859,accu:0.506329,loss_recon:0.059258

20000-loss_z:0.024773,accu:1.0,loss_recon:0.013927

20000-loss_z:16.495436,accu:0.506329,loss_recon:0.059649

Continue training
New FC model is initialized
200-loss_z:2.615238,accu:0.197457,loss_recon:1.124197

200-loss_z:2.576426,accu:0.113924,loss_recon:0.612838

400-loss_z:1.886956,accu:0.359069,loss_recon:0.370658

400-loss_z:2.416345,accu:0.113924,loss_recon:0.355882

600-loss_z:1.588743,accu:0.455501,loss_recon:0.219111

600-loss_z:2.465698,accu:0.189873,loss_recon:0.273179

800-loss_z:1.407293,accu:0.555814,loss_recon:0.168235

800-loss_z:2.57809,accu:0.164557,loss_recon:0.243987

1000-loss_z:1.279488,accu:0.626543,loss_recon:0.130585

1000-loss_z:2.660558,accu:0.202532,loss_recon:0.214735

1200-loss_z:1.18287,accu:0.657721,loss_recon:0.101736

1200-loss_z:2.723576,accu:0.21519,loss_recon:0.181198

1400-loss_z:1.095396,accu:0.702207,loss_recon:0.0778

1400-loss_z:2.819543,accu:0.253165,loss_recon:0.149676

1600-loss_z:1.019042,accu:0.741797,loss_recon:0.061073

1600-loss_z:2.875037,accu:0.265823,loss_recon:0.117809

1800-loss_z:0.953715,accu:0.758249,loss_recon:0.047516

1800-loss_z:2.919796,accu:0.265823,loss_recon:0.09869

2000-loss_z:0.894655,accu:0.794622,loss_recon:0.037478

2000-loss_z:2.968155,accu:0.329114,loss_recon:0.086286

2200-loss_z:0.838341,accu:0.804342,loss_recon:0.031844

2200-loss_z:3.04919,accu:0.303797,loss_recon:0.074975

2400-loss_z:0.797344,accu:0.804609,loss_recon:0.028641

2400-loss_z:3.117794,accu:0.329114,loss_recon:0.069309

2600-loss_z:0.75405,accu:0.82515,loss_recon:0.026413

2600-loss_z:3.190055,accu:0.316456,loss_recon:0.065815

2800-loss_z:0.714765,accu:0.834082,loss_recon:0.022637

2800-loss_z:3.267152,accu:0.316456,loss_recon:0.063323

3000-loss_z:0.676514,accu:0.841979,loss_recon:0.019258

3000-loss_z:3.336557,accu:0.316456,loss_recon:0.058856

3200-loss_z:0.645493,accu:0.84957,loss_recon:0.017818

3200-loss_z:3.388351,accu:0.329114,loss_recon:0.056611

3400-loss_z:0.613069,accu:0.86278,loss_recon:0.017241

3400-loss_z:3.485973,accu:0.329114,loss_recon:0.05756

3600-loss_z:0.584146,accu:0.868288,loss_recon:0.016024

3600-loss_z:3.601637,accu:0.329114,loss_recon:0.055202

3800-loss_z:0.555208,accu:0.873581,loss_recon:0.015335

3800-loss_z:3.713511,accu:0.329114,loss_recon:0.05581

4000-loss_z:0.530797,accu:0.876589,loss_recon:0.014877

4000-loss_z:3.81555,accu:0.341772,loss_recon:0.054118

4200-loss_z:0.508313,accu:0.88554,loss_recon:0.014273

4200-loss_z:3.91831,accu:0.303797,loss_recon:0.053898

4400-loss_z:0.484669,accu:0.895703,loss_recon:0.013922

4400-loss_z:4.049474,accu:0.316456,loss_recon:0.053657

4600-loss_z:0.465098,accu:0.896159,loss_recon:0.013391

4600-loss_z:4.17364,accu:0.341772,loss_recon:0.050602

4800-loss_z:0.446979,accu:0.905944,loss_recon:0.013013

4800-loss_z:4.306558,accu:0.341772,loss_recon:0.049685

5000-loss_z:0.426642,accu:0.912493,loss_recon:0.012702

5000-loss_z:4.461525,accu:0.379747,loss_recon:0.050984

5200-loss_z:0.407934,accu:0.919935,loss_recon:0.012317

5200-loss_z:4.623876,accu:0.367089,loss_recon:0.047173

5400-loss_z:0.389807,accu:0.919805,loss_recon:0.012071

5400-loss_z:4.794548,accu:0.341772,loss_recon:0.050134

5600-loss_z:0.377004,accu:0.92347,loss_recon:0.011952

5600-loss_z:4.946097,accu:0.367089,loss_recon:0.049847

5800-loss_z:0.363501,accu:0.928659,loss_recon:0.011845

5800-loss_z:5.121617,accu:0.329114,loss_recon:0.047882

6000-loss_z:0.345974,accu:0.936816,loss_recon:0.011657

6000-loss_z:5.310751,accu:0.341772,loss_recon:0.049679

6200-loss_z:0.334031,accu:0.935156,loss_recon:0.011601

6200-loss_z:5.522033,accu:0.341772,loss_recon:0.050021

6400-loss_z:0.317656,accu:0.948535,loss_recon:0.011475

6400-loss_z:5.712413,accu:0.329114,loss_recon:0.04873

6600-loss_z:0.304885,accu:0.951608,loss_recon:0.011479

6600-loss_z:5.920718,accu:0.367089,loss_recon:0.048674

6800-loss_z:0.291044,accu:0.957669,loss_recon:0.011322

6800-loss_z:6.128727,accu:0.341772,loss_recon:0.047974

7000-loss_z:0.279565,accu:0.960449,loss_recon:0.01117

7000-loss_z:6.358426,accu:0.35443,loss_recon:0.048044

7200-loss_z:0.268795,accu:0.96321,loss_recon:0.011244

7200-loss_z:6.588373,accu:0.329114,loss_recon:0.046572

7400-loss_z:0.2562,accu:0.967448,loss_recon:0.011104

7400-loss_z:6.807067,accu:0.341772,loss_recon:0.047154

7600-loss_z:0.244711,accu:0.968639,loss_recon:0.01101

7600-loss_z:7.030627,accu:0.341772,loss_recon:0.047639

7800-loss_z:0.236121,accu:0.972272,loss_recon:0.010906

7800-loss_z:7.279464,accu:0.316456,loss_recon:0.047539

8000-loss_z:0.227816,accu:0.975111,loss_recon:0.010969

8000-loss_z:7.503606,accu:0.379747,loss_recon:0.046597

8200-loss_z:0.218624,accu:0.976504,loss_recon:0.010841

8200-loss_z:7.698112,accu:0.367089,loss_recon:0.047828

8400-loss_z:0.205113,accu:0.979362,loss_recon:0.010618

8400-loss_z:7.969715,accu:0.35443,loss_recon:0.047246

8600-loss_z:0.195422,accu:0.983411,loss_recon:0.010739

8600-loss_z:8.189264,accu:0.35443,loss_recon:0.046188

8800-loss_z:0.188975,accu:0.982507,loss_recon:0.010628

8800-loss_z:8.428096,accu:0.379747,loss_recon:0.044664

9000-loss_z:0.180753,accu:0.983294,loss_recon:0.010624

9000-loss_z:8.659564,accu:0.341772,loss_recon:0.04595

9200-loss_z:0.17389,accu:0.985664,loss_recon:0.010701

9200-loss_z:8.948335,accu:0.35443,loss_recon:0.045473

9400-loss_z:0.16659,accu:0.985651,loss_recon:0.010658

9400-loss_z:9.140072,accu:0.35443,loss_recon:0.045539

9600-loss_z:0.160671,accu:0.985397,loss_recon:0.010598

9600-loss_z:9.399423,accu:0.341772,loss_recon:0.046155

9800-loss_z:0.150382,accu:0.987285,loss_recon:0.010466

9800-loss_z:9.653043,accu:0.367089,loss_recon:0.045132

10000-loss_z:0.144288,accu:0.989928,loss_recon:0.01043

10000-loss_z:9.883216,accu:0.392405,loss_recon:0.044657

10200-loss_z:0.138682,accu:0.988275,loss_recon:0.010329

10200-loss_z:10.141482,accu:0.405063,loss_recon:0.046896

10400-loss_z:0.131657,accu:0.991478,loss_recon:0.010395

10400-loss_z:10.407841,accu:0.43038,loss_recon:0.044131

10600-loss_z:0.126716,accu:0.993483,loss_recon:0.010291

10600-loss_z:10.637916,accu:0.405063,loss_recon:0.043341

10800-loss_z:0.124164,accu:0.995482,loss_recon:0.0102

10800-loss_z:10.876971,accu:0.379747,loss_recon:0.044908

11000-loss_z:0.114803,accu:0.994987,loss_recon:0.010215

11000-loss_z:11.143435,accu:0.417722,loss_recon:0.043107

11200-loss_z:0.112733,accu:0.994922,loss_recon:0.010136

11200-loss_z:11.393891,accu:0.417722,loss_recon:0.043088

11400-loss_z:0.107205,accu:0.996719,loss_recon:0.010139

11400-loss_z:11.660456,accu:0.417722,loss_recon:0.04279

11600-loss_z:0.102583,accu:0.99709,loss_recon:0.010044

11600-loss_z:11.942763,accu:0.443038,loss_recon:0.044034

11800-loss_z:0.098371,accu:0.998216,loss_recon:0.01003

11800-loss_z:12.249023,accu:0.443038,loss_recon:0.043641

12000-loss_z:0.094494,accu:0.999063,loss_recon:0.010006

12000-loss_z:12.493339,accu:0.481013,loss_recon:0.042102

12200-loss_z:0.091441,accu:0.998711,loss_recon:0.009988

12200-loss_z:12.827066,accu:0.481013,loss_recon:0.042546

12400-loss_z:0.087698,accu:0.998203,loss_recon:0.010119

12400-loss_z:13.104034,accu:0.43038,loss_recon:0.04371

12600-loss_z:0.083509,accu:0.999453,loss_recon:0.009993

12600-loss_z:13.387,accu:0.493671,loss_recon:0.043387

12800-loss_z:0.080436,accu:0.999694,loss_recon:0.009989

12800-loss_z:13.708932,accu:0.481013,loss_recon:0.043309

13000-loss_z:0.075694,accu:0.999486,loss_recon:0.010043

13000-loss_z:13.97659,accu:0.493671,loss_recon:0.042926

13200-loss_z:0.072747,accu:0.999154,loss_recon:0.009946

13200-loss_z:14.285184,accu:0.493671,loss_recon:0.04217

13400-loss_z:0.070096,accu:1.0,loss_recon:0.009878

13400-loss_z:14.572353,accu:0.493671,loss_recon:0.042638

13600-loss_z:0.066502,accu:0.999772,loss_recon:0.009759

13600-loss_z:14.860314,accu:0.481013,loss_recon:0.043241

13800-loss_z:0.063345,accu:1.0,loss_recon:0.009816

13800-loss_z:15.141872,accu:0.493671,loss_recon:0.042977

14000-loss_z:0.061257,accu:0.999635,loss_recon:0.009771

14000-loss_z:15.433778,accu:0.493671,loss_recon:0.043064

14200-loss_z:0.058179,accu:1.0,loss_recon:0.009682

14200-loss_z:15.740763,accu:0.481013,loss_recon:0.043179

14400-loss_z:0.055991,accu:1.0,loss_recon:0.009833

14400-loss_z:16.028715,accu:0.481013,loss_recon:0.040467

14600-loss_z:0.053406,accu:1.0,loss_recon:0.009662

14600-loss_z:16.346449,accu:0.506329,loss_recon:0.040685

14800-loss_z:0.051586,accu:1.0,loss_recon:0.00968

14800-loss_z:16.672075,accu:0.493671,loss_recon:0.042839

15000-loss_z:0.048429,accu:1.0,loss_recon:0.009685

15000-loss_z:16.91375,accu:0.481013,loss_recon:0.041054

15200-loss_z:0.047352,accu:1.0,loss_recon:0.009705

15200-loss_z:17.208092,accu:0.481013,loss_recon:0.042951

15400-loss_z:0.045059,accu:1.0,loss_recon:0.009696

15400-loss_z:17.514643,accu:0.481013,loss_recon:0.04412

15600-loss_z:0.043638,accu:1.0,loss_recon:0.009705

15600-loss_z:17.806143,accu:0.468354,loss_recon:0.040905

15800-loss_z:0.041348,accu:1.0,loss_recon:0.009594

15800-loss_z:18.147501,accu:0.481013,loss_recon:0.042212

16000-loss_z:0.039828,accu:1.0,loss_recon:0.009718

16000-loss_z:18.462402,accu:0.481013,loss_recon:0.041802

16200-loss_z:0.037373,accu:1.0,loss_recon:0.009581

16200-loss_z:18.809582,accu:0.468354,loss_recon:0.042144

16400-loss_z:0.036462,accu:1.0,loss_recon:0.00974

16400-loss_z:19.083635,accu:0.481013,loss_recon:0.042803

16600-loss_z:0.034371,accu:1.0,loss_recon:0.009682

16600-loss_z:19.379015,accu:0.455696,loss_recon:0.042172

16800-loss_z:0.03262,accu:1.0,loss_recon:0.009686

16800-loss_z:19.715944,accu:0.455696,loss_recon:0.041481

17000-loss_z:0.031786,accu:1.0,loss_recon:0.009718

17000-loss_z:20.076778,accu:0.455696,loss_recon:0.042578

17200-loss_z:0.030494,accu:1.0,loss_recon:0.009542

17200-loss_z:20.399612,accu:0.455696,loss_recon:0.041134

17400-loss_z:0.029466,accu:1.0,loss_recon:0.009663

17400-loss_z:20.747101,accu:0.455696,loss_recon:0.04109

17600-loss_z:0.027785,accu:1.0,loss_recon:0.009691

17600-loss_z:21.07559,accu:0.455696,loss_recon:0.040973

17800-loss_z:0.026875,accu:1.0,loss_recon:0.009622

17800-loss_z:21.456093,accu:0.455696,loss_recon:0.040737

18000-loss_z:0.025609,accu:1.0,loss_recon:0.009523

18000-loss_z:21.818558,accu:0.455696,loss_recon:0.039976

18200-loss_z:0.02445,accu:1.0,loss_recon:0.009637

18200-loss_z:22.156029,accu:0.455696,loss_recon:0.038987

18400-loss_z:0.023402,accu:1.0,loss_recon:0.009583

18400-loss_z:22.435139,accu:0.455696,loss_recon:0.040966

18600-loss_z:0.02251,accu:1.0,loss_recon:0.009663

18600-loss_z:22.749281,accu:0.455696,loss_recon:0.041926

18800-loss_z:0.021564,accu:1.0,loss_recon:0.009564

18800-loss_z:23.199696,accu:0.455696,loss_recon:0.041669

19000-loss_z:0.020202,accu:1.0,loss_recon:0.009556

19000-loss_z:23.503578,accu:0.443038,loss_recon:0.042696

19200-loss_z:0.019515,accu:1.0,loss_recon:0.009592

19200-loss_z:23.833296,accu:0.455696,loss_recon:0.041187

19400-loss_z:0.018784,accu:1.0,loss_recon:0.009598

19400-loss_z:24.189205,accu:0.443038,loss_recon:0.042539

19600-loss_z:0.018167,accu:1.0,loss_recon:0.009544

19600-loss_z:24.88637,accu:0.443038,loss_recon:0.040002

19800-loss_z:0.017123,accu:1.0,loss_recon:0.009473

19800-loss_z:26.220015,accu:0.443038,loss_recon:0.041394

20000-loss_z:0.016595,accu:1.0,loss_recon:0.009476

20000-loss_z:27.271889,accu:0.443038,loss_recon:0.04041

Continue training
New FC model is initialized
200-loss_z:2.65082,accu:0.16449,loss_recon:1.107628

200-loss_z:2.614354,accu:0.088608,loss_recon:0.599698

400-loss_z:1.932526,accu:0.332441,loss_recon:0.304375

400-loss_z:2.471699,accu:0.126582,loss_recon:0.270836

600-loss_z:1.602508,accu:0.439486,loss_recon:0.162522

600-loss_z:2.443185,accu:0.151899,loss_recon:0.191298

800-loss_z:1.402508,accu:0.520671,loss_recon:0.118284

800-loss_z:2.484083,accu:0.21519,loss_recon:0.150243

1000-loss_z:1.246492,accu:0.623105,loss_recon:0.093089

1000-loss_z:2.61039,accu:0.253165,loss_recon:0.123092

1200-loss_z:1.123725,accu:0.678177,loss_recon:0.077442

1200-loss_z:2.727428,accu:0.278481,loss_recon:0.108913

1400-loss_z:1.022812,accu:0.732461,loss_recon:0.065813

1400-loss_z:2.880036,accu:0.227848,loss_recon:0.097311

1600-loss_z:0.938389,accu:0.758125,loss_recon:0.057652

1600-loss_z:2.989164,accu:0.265823,loss_recon:0.090162

1800-loss_z:0.864111,accu:0.792747,loss_recon:0.050708

1800-loss_z:3.114052,accu:0.265823,loss_recon:0.080708

2000-loss_z:0.791613,accu:0.822786,loss_recon:0.045081

2000-loss_z:3.280456,accu:0.291139,loss_recon:0.075702

2200-loss_z:0.73756,accu:0.842318,loss_recon:0.039751

2200-loss_z:3.407751,accu:0.316456,loss_recon:0.070286

2400-loss_z:0.684567,accu:0.863737,loss_recon:0.035918

2400-loss_z:3.578225,accu:0.316456,loss_recon:0.070851

2600-loss_z:0.638702,accu:0.877975,loss_recon:0.032486

2600-loss_z:3.7395,accu:0.367089,loss_recon:0.066819

2800-loss_z:0.598187,accu:0.882754,loss_recon:0.029525

2800-loss_z:3.90658,accu:0.379747,loss_recon:0.065702

3000-loss_z:0.561334,accu:0.897923,loss_recon:0.026681

3000-loss_z:4.038294,accu:0.392405,loss_recon:0.062524

3200-loss_z:0.528241,accu:0.910898,loss_recon:0.025327

3200-loss_z:4.19796,accu:0.392405,loss_recon:0.061154

3400-loss_z:0.495646,accu:0.916374,loss_recon:0.024031

3400-loss_z:4.34619,accu:0.405063,loss_recon:0.060614

3600-loss_z:0.472497,accu:0.921094,loss_recon:0.0231

3600-loss_z:4.566333,accu:0.405063,loss_recon:0.057484

3800-loss_z:0.44385,accu:0.93056,loss_recon:0.022327

3800-loss_z:4.709345,accu:0.417722,loss_recon:0.057201

4000-loss_z:0.415566,accu:0.934766,loss_recon:0.021577

4000-loss_z:4.899449,accu:0.417722,loss_recon:0.057361

4200-loss_z:0.393759,accu:0.940052,loss_recon:0.020741

4200-loss_z:5.082307,accu:0.417722,loss_recon:0.056684

4400-loss_z:0.370891,accu:0.945417,loss_recon:0.020481

4400-loss_z:5.242378,accu:0.405063,loss_recon:0.056846

4600-loss_z:0.355647,accu:0.945449,loss_recon:0.020014

4600-loss_z:5.436867,accu:0.443038,loss_recon:0.056362

4800-loss_z:0.331978,accu:0.94765,loss_recon:0.019788

4800-loss_z:5.616343,accu:0.455696,loss_recon:0.056272

5000-loss_z:0.315966,accu:0.953092,loss_recon:0.019372

5000-loss_z:5.796542,accu:0.43038,loss_recon:0.053835

5200-loss_z:0.300564,accu:0.956484,loss_recon:0.019378

5200-loss_z:5.977718,accu:0.455696,loss_recon:0.054744

5400-loss_z:0.286598,accu:0.964818,loss_recon:0.019124

5400-loss_z:6.197586,accu:0.443038,loss_recon:0.053994

5600-loss_z:0.272184,accu:0.968262,loss_recon:0.018711

5600-loss_z:6.377025,accu:0.455696,loss_recon:0.052736

5800-loss_z:0.257424,accu:0.97168,loss_recon:0.01844

5800-loss_z:6.584061,accu:0.481013,loss_recon:0.05127

6000-loss_z:0.245916,accu:0.979219,loss_recon:0.018297

6000-loss_z:6.751511,accu:0.443038,loss_recon:0.05195

6200-loss_z:0.233421,accu:0.982396,loss_recon:0.017803

6200-loss_z:7.009603,accu:0.443038,loss_recon:0.051375

6400-loss_z:0.221018,accu:0.983555,loss_recon:0.017898

6400-loss_z:7.227152,accu:0.455696,loss_recon:0.049824

6600-loss_z:0.21164,accu:0.985638,loss_recon:0.017495

6600-loss_z:7.419963,accu:0.468354,loss_recon:0.049952

6800-loss_z:0.200307,accu:0.984512,loss_recon:0.01754

6800-loss_z:7.638935,accu:0.443038,loss_recon:0.048815

7000-loss_z:0.19056,accu:0.986263,loss_recon:0.017645

7000-loss_z:7.839384,accu:0.468354,loss_recon:0.048631

7200-loss_z:0.182412,accu:0.987917,loss_recon:0.017375

7200-loss_z:8.034152,accu:0.443038,loss_recon:0.048203

7400-loss_z:0.17397,accu:0.989368,loss_recon:0.017331

7400-loss_z:8.239096,accu:0.455696,loss_recon:0.048029

7600-loss_z:0.164791,accu:0.989232,loss_recon:0.017283

7600-loss_z:8.484124,accu:0.455696,loss_recon:0.047422

7800-loss_z:0.157929,accu:0.98946,loss_recon:0.017259

7800-loss_z:8.646708,accu:0.468354,loss_recon:0.047655

8000-loss_z:0.148878,accu:0.990879,loss_recon:0.017017

8000-loss_z:8.850732,accu:0.468354,loss_recon:0.0484

8200-loss_z:0.142645,accu:0.990729,loss_recon:0.017015

8200-loss_z:8.997792,accu:0.455696,loss_recon:0.047632

8400-loss_z:0.134571,accu:0.992747,loss_recon:0.016895

8400-loss_z:9.148204,accu:0.468354,loss_recon:0.048568

8600-loss_z:0.12822,accu:0.993164,loss_recon:0.016768

8600-loss_z:9.288287,accu:0.468354,loss_recon:0.048294

8800-loss_z:0.120214,accu:0.993561,loss_recon:0.016946

8800-loss_z:9.414822,accu:0.455696,loss_recon:0.04767

9000-loss_z:0.115772,accu:0.994264,loss_recon:0.016805

9000-loss_z:9.542031,accu:0.468354,loss_recon:0.047946

9200-loss_z:0.110343,accu:0.994531,loss_recon:0.016781

9200-loss_z:9.641354,accu:0.468354,loss_recon:0.047458

9400-loss_z:0.105413,accu:0.994974,loss_recon:0.016978

9400-loss_z:9.654161,accu:0.455696,loss_recon:0.047101

9600-loss_z:0.099976,accu:0.994798,loss_recon:0.01685

9600-loss_z:9.691007,accu:0.481013,loss_recon:0.047538

9800-loss_z:0.095769,accu:0.996504,loss_recon:0.016804

9800-loss_z:9.642256,accu:0.468354,loss_recon:0.047366

10000-loss_z:0.092,accu:0.995964,loss_recon:0.016613

10000-loss_z:9.501474,accu:0.455696,loss_recon:0.047148

10200-loss_z:0.086035,accu:0.996999,loss_recon:0.016682

10200-loss_z:9.43573,accu:0.455696,loss_recon:0.047225

10400-loss_z:0.081977,accu:0.997448,loss_recon:0.01672

10400-loss_z:9.350346,accu:0.468354,loss_recon:0.04781

10600-loss_z:0.077285,accu:0.998464,loss_recon:0.016653

10600-loss_z:9.269718,accu:0.468354,loss_recon:0.047316

10800-loss_z:0.072911,accu:0.998483,loss_recon:0.016456

10800-loss_z:9.267161,accu:0.468354,loss_recon:0.047312

11000-loss_z:0.070349,accu:0.998828,loss_recon:0.016707

11000-loss_z:9.322089,accu:0.468354,loss_recon:0.048582

11200-loss_z:0.066465,accu:0.999733,loss_recon:0.016479

11200-loss_z:9.369992,accu:0.468354,loss_recon:0.04778

11400-loss_z:0.062762,accu:0.999616,loss_recon:0.016473

11400-loss_z:9.447325,accu:0.455696,loss_recon:0.048316

11600-loss_z:0.058836,accu:0.999798,loss_recon:0.016445

11600-loss_z:9.497188,accu:0.481013,loss_recon:0.049326

11800-loss_z:0.055906,accu:1.0,loss_recon:0.016632

11800-loss_z:9.647617,accu:0.468354,loss_recon:0.047139

12000-loss_z:0.053159,accu:1.0,loss_recon:0.016593

12000-loss_z:9.709954,accu:0.481013,loss_recon:0.04696

12200-loss_z:0.049561,accu:1.0,loss_recon:0.016536

12200-loss_z:9.913541,accu:0.493671,loss_recon:0.047519

12400-loss_z:0.046875,accu:1.0,loss_recon:0.016408

12400-loss_z:10.167051,accu:0.468354,loss_recon:0.047846

12600-loss_z:0.044909,accu:1.0,loss_recon:0.016692

12600-loss_z:10.382627,accu:0.468354,loss_recon:0.04779

12800-loss_z:0.042183,accu:1.0,loss_recon:0.016538

12800-loss_z:10.618956,accu:0.468354,loss_recon:0.047486

13000-loss_z:0.039205,accu:1.0,loss_recon:0.016711

13000-loss_z:10.904692,accu:0.455696,loss_recon:0.048136

13200-loss_z:0.036865,accu:1.0,loss_recon:0.01656

13200-loss_z:11.227311,accu:0.468354,loss_recon:0.048055

13400-loss_z:0.035189,accu:1.0,loss_recon:0.016706

13400-loss_z:11.425628,accu:0.455696,loss_recon:0.048099

13600-loss_z:0.033562,accu:1.0,loss_recon:0.016484

13600-loss_z:11.711918,accu:0.481013,loss_recon:0.047977

13800-loss_z:0.031273,accu:1.0,loss_recon:0.016418

13800-loss_z:11.987179,accu:0.506329,loss_recon:0.047384

14000-loss_z:0.030447,accu:1.0,loss_recon:0.016536

14000-loss_z:12.261892,accu:0.518987,loss_recon:0.04865

14200-loss_z:0.028318,accu:1.0,loss_recon:0.016487

14200-loss_z:12.47049,accu:0.468354,loss_recon:0.048467

14400-loss_z:0.026223,accu:1.0,loss_recon:0.016386

14400-loss_z:12.74197,accu:0.518987,loss_recon:0.048279

14600-loss_z:0.025007,accu:1.0,loss_recon:0.016228

14600-loss_z:12.973334,accu:0.481013,loss_recon:0.047709

14800-loss_z:0.023597,accu:1.0,loss_recon:0.016654

14800-loss_z:13.24699,accu:0.468354,loss_recon:0.047828

15000-loss_z:0.022266,accu:1.0,loss_recon:0.016274

15000-loss_z:13.446564,accu:0.481013,loss_recon:0.048733

15200-loss_z:0.020869,accu:1.0,loss_recon:0.016297

15200-loss_z:13.727708,accu:0.493671,loss_recon:0.048294

15400-loss_z:0.019557,accu:1.0,loss_recon:0.016412

15400-loss_z:13.94729,accu:0.481013,loss_recon:0.048383

15600-loss_z:0.018313,accu:1.0,loss_recon:0.016329

15600-loss_z:14.194861,accu:0.481013,loss_recon:0.047943

15800-loss_z:0.017489,accu:1.0,loss_recon:0.016086

15800-loss_z:14.436307,accu:0.481013,loss_recon:0.047473

16000-loss_z:0.016485,accu:1.0,loss_recon:0.016221

16000-loss_z:14.739581,accu:0.493671,loss_recon:0.048003

16200-loss_z:0.015497,accu:1.0,loss_recon:0.016071

16200-loss_z:14.957994,accu:0.468354,loss_recon:0.048435

16400-loss_z:0.014215,accu:1.0,loss_recon:0.015921

16400-loss_z:15.179655,accu:0.468354,loss_recon:0.048939

16600-loss_z:0.013485,accu:1.0,loss_recon:0.016061

16600-loss_z:15.468923,accu:0.506329,loss_recon:0.048688

16800-loss_z:0.012826,accu:1.0,loss_recon:0.015975

16800-loss_z:15.684698,accu:0.481013,loss_recon:0.049026

17000-loss_z:0.012304,accu:1.0,loss_recon:0.016166

17000-loss_z:15.939699,accu:0.493671,loss_recon:0.047867

17200-loss_z:0.011432,accu:1.0,loss_recon:0.015776

17200-loss_z:16.180212,accu:0.493671,loss_recon:0.04829

17400-loss_z:0.01075,accu:1.0,loss_recon:0.015888

17400-loss_z:16.396618,accu:0.493671,loss_recon:0.048854

17600-loss_z:0.01014,accu:1.0,loss_recon:0.015696

17600-loss_z:16.683916,accu:0.493671,loss_recon:0.048947

17800-loss_z:0.009508,accu:1.0,loss_recon:0.015713

17800-loss_z:16.907297,accu:0.493671,loss_recon:0.048614

18000-loss_z:0.009254,accu:1.0,loss_recon:0.015568

18000-loss_z:17.15089,accu:0.493671,loss_recon:0.046675

18200-loss_z:0.00857,accu:1.0,loss_recon:0.015409

18200-loss_z:17.45669,accu:0.506329,loss_recon:0.046168

18400-loss_z:0.007956,accu:1.0,loss_recon:0.015414

18400-loss_z:17.659292,accu:0.506329,loss_recon:0.046331

18600-loss_z:0.007574,accu:1.0,loss_recon:0.01514

18600-loss_z:17.898771,accu:0.493671,loss_recon:0.046377

18800-loss_z:0.007159,accu:1.0,loss_recon:0.015169

18800-loss_z:18.148588,accu:0.493671,loss_recon:0.046397

19000-loss_z:0.006802,accu:1.0,loss_recon:0.015145

19000-loss_z:18.422226,accu:0.493671,loss_recon:0.046589

19200-loss_z:0.006446,accu:1.0,loss_recon:0.01499

19200-loss_z:18.639889,accu:0.493671,loss_recon:0.045151

19400-loss_z:0.005953,accu:1.0,loss_recon:0.014998

19400-loss_z:18.892563,accu:0.493671,loss_recon:0.045631

19600-loss_z:0.005714,accu:1.0,loss_recon:0.015219

19600-loss_z:19.149492,accu:0.493671,loss_recon:0.045509

19800-loss_z:0.005249,accu:1.0,loss_recon:0.014908

19800-loss_z:19.436909,accu:0.493671,loss_recon:0.047276

20000-loss_z:0.004886,accu:1.0,loss_recon:0.014829

20000-loss_z:19.653749,accu:0.506329,loss_recon:0.045832

Continue training
New FC model is initialized
200-loss_z:2.588223,accu:0.177556,loss_recon:0.864689

200-loss_z:2.522915,accu:0.113924,loss_recon:0.396991

400-loss_z:1.994807,accu:0.316204,loss_recon:0.210901

400-loss_z:2.364226,accu:0.126582,loss_recon:0.271913

600-loss_z:1.686867,accu:0.399336,loss_recon:0.135393

600-loss_z:2.354571,accu:0.164557,loss_recon:0.204757

800-loss_z:1.480286,accu:0.487643,loss_recon:0.098805

800-loss_z:2.382112,accu:0.189873,loss_recon:0.166063

1000-loss_z:1.321611,accu:0.598431,loss_recon:0.076968

1000-loss_z:2.392986,accu:0.227848,loss_recon:0.13258

1200-loss_z:1.187622,accu:0.65457,loss_recon:0.065247

1200-loss_z:2.445059,accu:0.240506,loss_recon:0.112612

1400-loss_z:1.090401,accu:0.687923,loss_recon:0.054459

1400-loss_z:2.491811,accu:0.253165,loss_recon:0.095533

1600-loss_z:1.006834,accu:0.709466,loss_recon:0.046279

1600-loss_z:2.520564,accu:0.265823,loss_recon:0.079855

1800-loss_z:0.933136,accu:0.741868,loss_recon:0.038241

1800-loss_z:2.576131,accu:0.291139,loss_recon:0.071259

2000-loss_z:0.862785,accu:0.778301,loss_recon:0.031793

2000-loss_z:2.61211,accu:0.303797,loss_recon:0.063904

2200-loss_z:0.805606,accu:0.794186,loss_recon:0.026856

2200-loss_z:2.647937,accu:0.316456,loss_recon:0.060135

2400-loss_z:0.755387,accu:0.81403,loss_recon:0.023905

2400-loss_z:2.688037,accu:0.35443,loss_recon:0.057502

2600-loss_z:0.708453,accu:0.844876,loss_recon:0.022206

2600-loss_z:2.759272,accu:0.329114,loss_recon:0.055191

2800-loss_z:0.668501,accu:0.853034,loss_recon:0.020876

2800-loss_z:2.790937,accu:0.341772,loss_recon:0.052951

3000-loss_z:0.626118,accu:0.862741,loss_recon:0.020173

3000-loss_z:2.874221,accu:0.35443,loss_recon:0.050825

3200-loss_z:0.589675,accu:0.872832,loss_recon:0.019325

3200-loss_z:2.976641,accu:0.367089,loss_recon:0.050524

3400-loss_z:0.559179,accu:0.878724,loss_recon:0.018286

3400-loss_z:3.086833,accu:0.392405,loss_recon:0.050692

3600-loss_z:0.531452,accu:0.887057,loss_recon:0.017793

3600-loss_z:3.145286,accu:0.392405,loss_recon:0.049691

3800-loss_z:0.504339,accu:0.897617,loss_recon:0.017238

3800-loss_z:3.245914,accu:0.405063,loss_recon:0.049911

4000-loss_z:0.484058,accu:0.900951,loss_recon:0.016929

4000-loss_z:3.338591,accu:0.443038,loss_recon:0.04986

4200-loss_z:0.460536,accu:0.907617,loss_recon:0.016616

4200-loss_z:3.420738,accu:0.392405,loss_recon:0.049392

4400-loss_z:0.436324,accu:0.911634,loss_recon:0.016281

4400-loss_z:3.534505,accu:0.405063,loss_recon:0.047557

4600-loss_z:0.418353,accu:0.920723,loss_recon:0.01586

4600-loss_z:3.658185,accu:0.417722,loss_recon:0.048001

4800-loss_z:0.398126,accu:0.92362,loss_recon:0.01576

4800-loss_z:3.777992,accu:0.455696,loss_recon:0.047736

5000-loss_z:0.384765,accu:0.924863,loss_recon:0.015543

5000-loss_z:3.888703,accu:0.443038,loss_recon:0.047958

5200-loss_z:0.366681,accu:0.939121,loss_recon:0.015393

5200-loss_z:4.002182,accu:0.481013,loss_recon:0.047668

5400-loss_z:0.350711,accu:0.938835,loss_recon:0.015273

5400-loss_z:4.118464,accu:0.481013,loss_recon:0.04894

5600-loss_z:0.336138,accu:0.947396,loss_recon:0.015038

5600-loss_z:4.275538,accu:0.481013,loss_recon:0.048347

5800-loss_z:0.322786,accu:0.947773,loss_recon:0.014996

5800-loss_z:4.415762,accu:0.468354,loss_recon:0.048402

6000-loss_z:0.308982,accu:0.952266,loss_recon:0.014875

6000-loss_z:4.571549,accu:0.481013,loss_recon:0.04735

6200-loss_z:0.292377,accu:0.951745,loss_recon:0.014691

6200-loss_z:4.738767,accu:0.518987,loss_recon:0.047431

6400-loss_z:0.28031,accu:0.954609,loss_recon:0.014559

6400-loss_z:4.924343,accu:0.518987,loss_recon:0.046596

6600-loss_z:0.269679,accu:0.957396,loss_recon:0.014253

6600-loss_z:5.087047,accu:0.531646,loss_recon:0.047183

6800-loss_z:0.259621,accu:0.955384,loss_recon:0.014351

6800-loss_z:5.273395,accu:0.531646,loss_recon:0.047063

7000-loss_z:0.245139,accu:0.962546,loss_recon:0.014171

7000-loss_z:5.416664,accu:0.556962,loss_recon:0.047589

7200-loss_z:0.237113,accu:0.96431,loss_recon:0.013906

7200-loss_z:5.635984,accu:0.56962,loss_recon:0.047854

7400-loss_z:0.226589,accu:0.967741,loss_recon:0.013936

7400-loss_z:5.828498,accu:0.518987,loss_recon:0.047742

7600-loss_z:0.215494,accu:0.972441,loss_recon:0.01408

7600-loss_z:6.0046,accu:0.518987,loss_recon:0.047661

7800-loss_z:0.206148,accu:0.973444,loss_recon:0.013736

7800-loss_z:6.237527,accu:0.531646,loss_recon:0.047467

8000-loss_z:0.195153,accu:0.974759,loss_recon:0.013785

8000-loss_z:6.470088,accu:0.556962,loss_recon:0.047564

8200-loss_z:0.185267,accu:0.977051,loss_recon:0.013744

8200-loss_z:6.729133,accu:0.544304,loss_recon:0.04697

8400-loss_z:0.178231,accu:0.97793,loss_recon:0.013607

8400-loss_z:6.959657,accu:0.556962,loss_recon:0.04693

8600-loss_z:0.170465,accu:0.979785,loss_recon:0.013688

8600-loss_z:7.245476,accu:0.556962,loss_recon:0.048645

8800-loss_z:0.162234,accu:0.98362,loss_recon:0.013452

8800-loss_z:7.510177,accu:0.531646,loss_recon:0.047445

9000-loss_z:0.153989,accu:0.985391,loss_recon:0.013541

9000-loss_z:7.778085,accu:0.544304,loss_recon:0.048859

9200-loss_z:0.148493,accu:0.990404,loss_recon:0.01367

9200-loss_z:8.035276,accu:0.544304,loss_recon:0.046895

9400-loss_z:0.14076,accu:0.992428,loss_recon:0.013641

9400-loss_z:8.327549,accu:0.544304,loss_recon:0.046511

9600-loss_z:0.134803,accu:0.993568,loss_recon:0.013634

9600-loss_z:8.602479,accu:0.531646,loss_recon:0.04663

9800-loss_z:0.125797,accu:0.99638,loss_recon:0.013416

9800-loss_z:8.853326,accu:0.531646,loss_recon:0.046604

10000-loss_z:0.12108,accu:0.998314,loss_recon:0.013243

10000-loss_z:9.118609,accu:0.544304,loss_recon:0.046227

10200-loss_z:0.116074,accu:0.999531,loss_recon:0.013462

10200-loss_z:9.359241,accu:0.56962,loss_recon:0.0457

10400-loss_z:0.109144,accu:0.99959,loss_recon:0.013328

10400-loss_z:9.66192,accu:0.56962,loss_recon:0.046169

10600-loss_z:0.104537,accu:1.0,loss_recon:0.013408

10600-loss_z:9.898859,accu:0.556962,loss_recon:0.045759

10800-loss_z:0.099152,accu:1.0,loss_recon:0.013267

10800-loss_z:10.170911,accu:0.556962,loss_recon:0.04692

11000-loss_z:0.094653,accu:1.0,loss_recon:0.013288

11000-loss_z:10.443525,accu:0.556962,loss_recon:0.046141

11200-loss_z:0.090809,accu:1.0,loss_recon:0.013371

11200-loss_z:10.693265,accu:0.544304,loss_recon:0.046164

11400-loss_z:0.086408,accu:1.0,loss_recon:0.01333

11400-loss_z:11.000943,accu:0.544304,loss_recon:0.045032

11600-loss_z:0.081722,accu:1.0,loss_recon:0.013317

11600-loss_z:11.269285,accu:0.544304,loss_recon:0.046649

11800-loss_z:0.078498,accu:1.0,loss_recon:0.013142

11800-loss_z:11.523377,accu:0.544304,loss_recon:0.046481

12000-loss_z:0.074157,accu:1.0,loss_recon:0.013372

12000-loss_z:11.823228,accu:0.556962,loss_recon:0.045895

12200-loss_z:0.071034,accu:1.0,loss_recon:0.013019

12200-loss_z:12.192117,accu:0.556962,loss_recon:0.047534

12400-loss_z:0.066528,accu:1.0,loss_recon:0.012951

12400-loss_z:12.563128,accu:0.531646,loss_recon:0.046135

12600-loss_z:0.063515,accu:1.0,loss_recon:0.013003

12600-loss_z:12.961291,accu:0.544304,loss_recon:0.046524

12800-loss_z:0.060311,accu:1.0,loss_recon:0.013058

12800-loss_z:13.360057,accu:0.544304,loss_recon:0.046131

13000-loss_z:0.057102,accu:1.0,loss_recon:0.013122

13000-loss_z:13.753288,accu:0.544304,loss_recon:0.046131

13200-loss_z:0.053179,accu:1.0,loss_recon:0.013025

13200-loss_z:14.147663,accu:0.531646,loss_recon:0.046775

13400-loss_z:0.050915,accu:1.0,loss_recon:0.012996

13400-loss_z:14.479191,accu:0.531646,loss_recon:0.045783

13600-loss_z:0.048809,accu:1.0,loss_recon:0.013095

13600-loss_z:14.876816,accu:0.531646,loss_recon:0.04622

13800-loss_z:0.045929,accu:1.0,loss_recon:0.013021

13800-loss_z:15.203737,accu:0.531646,loss_recon:0.046151

14000-loss_z:0.043838,accu:1.0,loss_recon:0.01298

14000-loss_z:15.572819,accu:0.531646,loss_recon:0.04603

14200-loss_z:0.041399,accu:1.0,loss_recon:0.013026

14200-loss_z:15.974798,accu:0.531646,loss_recon:0.047426

14400-loss_z:0.039291,accu:1.0,loss_recon:0.012875

14400-loss_z:16.251427,accu:0.531646,loss_recon:0.045105

14600-loss_z:0.037124,accu:1.0,loss_recon:0.013025

14600-loss_z:16.607569,accu:0.518987,loss_recon:0.046974

14800-loss_z:0.03522,accu:1.0,loss_recon:0.013055

14800-loss_z:16.927046,accu:0.518987,loss_recon:0.04742

15000-loss_z:0.033709,accu:1.0,loss_recon:0.012855

15000-loss_z:17.245405,accu:0.518987,loss_recon:0.046385

15200-loss_z:0.031833,accu:1.0,loss_recon:0.01282

15200-loss_z:17.631966,accu:0.518987,loss_recon:0.045986

15400-loss_z:0.029978,accu:1.0,loss_recon:0.012889

15400-loss_z:18.20602,accu:0.544304,loss_recon:0.046218

15600-loss_z:0.028214,accu:1.0,loss_recon:0.012968

15600-loss_z:18.738058,accu:0.518987,loss_recon:0.047473

15800-loss_z:0.026731,accu:1.0,loss_recon:0.012957

15800-loss_z:19.223415,accu:0.518987,loss_recon:0.04648

16000-loss_z:0.025263,accu:1.0,loss_recon:0.012789

16000-loss_z:19.66111,accu:0.531646,loss_recon:0.046693

16200-loss_z:0.023728,accu:1.0,loss_recon:0.012798

16200-loss_z:20.032143,accu:0.531646,loss_recon:0.046452

16400-loss_z:0.023013,accu:1.0,loss_recon:0.012823

16400-loss_z:20.537922,accu:0.518987,loss_recon:0.046437

16600-loss_z:0.021505,accu:1.0,loss_recon:0.01276

16600-loss_z:20.946161,accu:0.518987,loss_recon:0.046044

16800-loss_z:0.020487,accu:1.0,loss_recon:0.012837

16800-loss_z:21.278723,accu:0.531646,loss_recon:0.047426

17000-loss_z:0.019635,accu:1.0,loss_recon:0.012824

17000-loss_z:21.633915,accu:0.518987,loss_recon:0.04669

17200-loss_z:0.018503,accu:1.0,loss_recon:0.012669

17200-loss_z:21.974735,accu:0.518987,loss_recon:0.047706

17400-loss_z:0.017259,accu:1.0,loss_recon:0.012781

17400-loss_z:22.411333,accu:0.518987,loss_recon:0.046987

17600-loss_z:0.016426,accu:1.0,loss_recon:0.012703

17600-loss_z:22.72607,accu:0.531646,loss_recon:0.046269

17800-loss_z:0.015641,accu:1.0,loss_recon:0.012788

17800-loss_z:22.990492,accu:0.531646,loss_recon:0.047361

18000-loss_z:0.01487,accu:1.0,loss_recon:0.012812

18000-loss_z:23.290167,accu:0.531646,loss_recon:0.048373

18200-loss_z:0.014144,accu:1.0,loss_recon:0.012697

18200-loss_z:23.600023,accu:0.531646,loss_recon:0.046442

18400-loss_z:0.013062,accu:1.0,loss_recon:0.012756

18400-loss_z:23.879972,accu:0.531646,loss_recon:0.047408

18600-loss_z:0.012524,accu:1.0,loss_recon:0.012832

18600-loss_z:24.097046,accu:0.531646,loss_recon:0.047255

18800-loss_z:0.011949,accu:1.0,loss_recon:0.012839

18800-loss_z:24.346529,accu:0.531646,loss_recon:0.045131

19000-loss_z:0.011255,accu:1.0,loss_recon:0.012607

19000-loss_z:24.592834,accu:0.531646,loss_recon:0.046145

19200-loss_z:0.01073,accu:1.0,loss_recon:0.012581

19200-loss_z:24.826046,accu:0.531646,loss_recon:0.046069

19400-loss_z:0.01011,accu:1.0,loss_recon:0.01254

19400-loss_z:25.109289,accu:0.531646,loss_recon:0.046046

19600-loss_z:0.009639,accu:1.0,loss_recon:0.012581

19600-loss_z:25.344006,accu:0.531646,loss_recon:0.045768

19800-loss_z:0.008921,accu:1.0,loss_recon:0.012622

19800-loss_z:25.599089,accu:0.493671,loss_recon:0.045942

20000-loss_z:0.008438,accu:1.0,loss_recon:0.012388

20000-loss_z:25.845634,accu:0.518987,loss_recon:0.046288

Continue training
New FC model is initialized
200-loss_z:2.61427,accu:0.160085,loss_recon:1.270431

200-loss_z:2.661371,accu:0.075949,loss_recon:0.57437

400-loss_z:1.955521,accu:0.32987,loss_recon:0.282099

400-loss_z:2.486179,accu:0.113924,loss_recon:0.300004

600-loss_z:1.609684,accu:0.461589,loss_recon:0.146065

600-loss_z:2.458996,accu:0.113924,loss_recon:0.214602

800-loss_z:1.411623,accu:0.544232,loss_recon:0.09142

800-loss_z:2.496317,accu:0.177215,loss_recon:0.155387

1000-loss_z:1.266076,accu:0.600397,loss_recon:0.063241

1000-loss_z:2.554403,accu:0.21519,loss_recon:0.12088

1200-loss_z:1.147128,accu:0.662077,loss_recon:0.049751

1200-loss_z:2.652078,accu:0.227848,loss_recon:0.105717

1400-loss_z:1.056436,accu:0.70679,loss_recon:0.042615

1400-loss_z:2.727591,accu:0.202532,loss_recon:0.09326

1600-loss_z:0.976625,accu:0.74849,loss_recon:0.038307

1600-loss_z:2.838363,accu:0.240506,loss_recon:0.088732

1800-loss_z:0.908692,accu:0.768405,loss_recon:0.035274

1800-loss_z:2.915119,accu:0.253165,loss_recon:0.08256

2000-loss_z:0.844351,accu:0.78903,loss_recon:0.032027

2000-loss_z:3.022802,accu:0.253165,loss_recon:0.077435

2200-loss_z:0.799005,accu:0.795742,loss_recon:0.029747

2200-loss_z:3.123852,accu:0.265823,loss_recon:0.074214

2400-loss_z:0.749642,accu:0.823275,loss_recon:0.028519

2400-loss_z:3.217515,accu:0.278481,loss_recon:0.072331

2600-loss_z:0.707357,accu:0.829108,loss_recon:0.026715

2600-loss_z:3.309203,accu:0.278481,loss_recon:0.070757

2800-loss_z:0.667762,accu:0.849473,loss_recon:0.024375

2800-loss_z:3.415372,accu:0.291139,loss_recon:0.068519

3000-loss_z:0.632641,accu:0.870736,loss_recon:0.022288

3000-loss_z:3.56348,accu:0.278481,loss_recon:0.06565

3200-loss_z:0.601994,accu:0.881855,loss_recon:0.021081

3200-loss_z:3.690605,accu:0.316456,loss_recon:0.06448

3400-loss_z:0.573031,accu:0.889264,loss_recon:0.019879

3400-loss_z:3.834328,accu:0.278481,loss_recon:0.065836

3600-loss_z:0.546079,accu:0.894577,loss_recon:0.019715

3600-loss_z:4.02875,accu:0.291139,loss_recon:0.063305

3800-loss_z:0.517904,accu:0.902832,loss_recon:0.018906

3800-loss_z:4.197686,accu:0.265823,loss_recon:0.066376

4000-loss_z:0.497367,accu:0.907578,loss_recon:0.017942

4000-loss_z:4.38611,accu:0.316456,loss_recon:0.06684

4200-loss_z:0.47582,accu:0.915918,loss_recon:0.017005

4200-loss_z:4.563374,accu:0.303797,loss_recon:0.064393

4400-loss_z:0.45515,accu:0.919258,loss_recon:0.016698

4400-loss_z:4.723364,accu:0.316456,loss_recon:0.06646

4600-loss_z:0.436678,accu:0.923398,loss_recon:0.016514

4600-loss_z:4.881886,accu:0.379747,loss_recon:0.062258

4800-loss_z:0.416274,accu:0.929401,loss_recon:0.016376

4800-loss_z:5.061666,accu:0.341772,loss_recon:0.061404

5000-loss_z:0.400525,accu:0.929837,loss_recon:0.016074

5000-loss_z:5.230409,accu:0.35443,loss_recon:0.060703

5200-loss_z:0.38591,accu:0.932734,loss_recon:0.016103

5200-loss_z:5.45262,accu:0.35443,loss_recon:0.06036

5400-loss_z:0.369044,accu:0.935176,loss_recon:0.015702

5400-loss_z:5.591662,accu:0.35443,loss_recon:0.059663

5600-loss_z:0.356403,accu:0.934369,loss_recon:0.015867

5600-loss_z:5.805874,accu:0.392405,loss_recon:0.059831

5800-loss_z:0.340953,accu:0.938952,loss_recon:0.015632

5800-loss_z:5.984247,accu:0.379747,loss_recon:0.058295

6000-loss_z:0.328029,accu:0.943646,loss_recon:0.015658

6000-loss_z:6.2088,accu:0.379747,loss_recon:0.057165

6200-loss_z:0.315831,accu:0.946862,loss_recon:0.015362

6200-loss_z:6.375607,accu:0.405063,loss_recon:0.055762

6400-loss_z:0.30222,accu:0.947878,loss_recon:0.015276

6400-loss_z:6.562858,accu:0.405063,loss_recon:0.053534

6600-loss_z:0.293982,accu:0.950195,loss_recon:0.015263

6600-loss_z:6.880845,accu:0.379747,loss_recon:0.055416

6800-loss_z:0.280679,accu:0.955007,loss_recon:0.01524

6800-loss_z:7.466573,accu:0.392405,loss_recon:0.051714

7000-loss_z:0.271807,accu:0.957676,loss_recon:0.01519

7000-loss_z:7.89134,accu:0.455696,loss_recon:0.053982

7200-loss_z:0.259783,accu:0.963112,loss_recon:0.01501

7200-loss_z:8.233677,accu:0.468354,loss_recon:0.054131

7400-loss_z:0.24743,accu:0.968984,loss_recon:0.014986

7400-loss_z:8.537777,accu:0.417722,loss_recon:0.051627

7600-loss_z:0.239101,accu:0.967552,loss_recon:0.015117

7600-loss_z:8.845749,accu:0.417722,loss_recon:0.052296

7800-loss_z:0.230947,accu:0.972526,loss_recon:0.014971

7800-loss_z:9.090658,accu:0.455696,loss_recon:0.051126

8000-loss_z:0.222475,accu:0.970586,loss_recon:0.015044

8000-loss_z:9.444607,accu:0.443038,loss_recon:0.049459

8200-loss_z:0.216719,accu:0.971855,loss_recon:0.014935

8200-loss_z:9.748304,accu:0.455696,loss_recon:0.051067

8400-loss_z:0.206702,accu:0.9775,loss_recon:0.014932

8400-loss_z:10.023627,accu:0.417722,loss_recon:0.047455

8600-loss_z:0.198431,accu:0.979785,loss_recon:0.014681

8600-loss_z:10.360336,accu:0.443038,loss_recon:0.049462

8800-loss_z:0.190189,accu:0.979303,loss_recon:0.014754

8800-loss_z:10.640887,accu:0.417722,loss_recon:0.047977

9000-loss_z:0.183953,accu:0.980208,loss_recon:0.014612

9000-loss_z:10.939319,accu:0.443038,loss_recon:0.048178

9200-loss_z:0.177133,accu:0.980293,loss_recon:0.014572

9200-loss_z:11.183055,accu:0.443038,loss_recon:0.047148

9400-loss_z:0.169095,accu:0.981276,loss_recon:0.014521

9400-loss_z:11.422306,accu:0.43038,loss_recon:0.046816

9600-loss_z:0.165434,accu:0.981693,loss_recon:0.014283

9600-loss_z:11.675552,accu:0.443038,loss_recon:0.045073

9800-loss_z:0.161005,accu:0.98222,loss_recon:0.01431

9800-loss_z:11.92617,accu:0.43038,loss_recon:0.048361

10000-loss_z:0.150727,accu:0.985768,loss_recon:0.014326

10000-loss_z:12.17164,accu:0.443038,loss_recon:0.045756

10200-loss_z:0.148606,accu:0.98541,loss_recon:0.014202

10200-loss_z:12.403058,accu:0.443038,loss_recon:0.046007

10400-loss_z:0.143489,accu:0.985306,loss_recon:0.014267

10400-loss_z:12.655172,accu:0.43038,loss_recon:0.045355

10600-loss_z:0.137771,accu:0.985645,loss_recon:0.014166

10600-loss_z:12.879938,accu:0.43038,loss_recon:0.046047

10800-loss_z:0.133973,accu:0.988314,loss_recon:0.014244

10800-loss_z:13.096729,accu:0.443038,loss_recon:0.045496

11000-loss_z:0.126855,accu:0.988587,loss_recon:0.014163

11000-loss_z:13.317862,accu:0.43038,loss_recon:0.044235

11200-loss_z:0.123913,accu:0.990417,loss_recon:0.014148

11200-loss_z:13.545549,accu:0.417722,loss_recon:0.0448

11400-loss_z:0.120207,accu:0.990938,loss_recon:0.01407

11400-loss_z:13.749011,accu:0.468354,loss_recon:0.043018

11600-loss_z:0.113942,accu:0.991921,loss_recon:0.014115

11600-loss_z:13.974042,accu:0.443038,loss_recon:0.043702

11800-loss_z:0.112077,accu:0.991921,loss_recon:0.014018

11800-loss_z:14.181486,accu:0.443038,loss_recon:0.044004

12000-loss_z:0.107312,accu:0.991621,loss_recon:0.014056

12000-loss_z:14.408512,accu:0.455696,loss_recon:0.043716

12200-loss_z:0.104367,accu:0.991361,loss_recon:0.014064

12200-loss_z:14.62409,accu:0.443038,loss_recon:0.043058

12400-loss_z:0.098767,accu:0.993952,loss_recon:0.013891

12400-loss_z:14.882162,accu:0.417722,loss_recon:0.043091

12600-loss_z:0.095752,accu:0.993073,loss_recon:0.013944

12600-loss_z:15.06837,accu:0.455696,loss_recon:0.043065

12800-loss_z:0.094788,accu:0.991777,loss_recon:0.013857

12800-loss_z:15.278126,accu:0.468354,loss_recon:0.042059

13000-loss_z:0.089801,accu:0.994115,loss_recon:0.013729

13000-loss_z:15.50281,accu:0.417722,loss_recon:0.041952

13200-loss_z:0.086421,accu:0.993229,loss_recon:0.013849

13200-loss_z:15.685858,accu:0.468354,loss_recon:0.041434

13400-loss_z:0.08397,accu:0.993496,loss_recon:0.013755

13400-loss_z:15.929173,accu:0.443038,loss_recon:0.04309

13600-loss_z:0.081772,accu:0.993021,loss_recon:0.013712

13600-loss_z:16.112158,accu:0.455696,loss_recon:0.042095

13800-loss_z:0.078711,accu:0.993743,loss_recon:0.013677

13800-loss_z:16.348549,accu:0.443038,loss_recon:0.042332

14000-loss_z:0.076535,accu:0.994076,loss_recon:0.013723

14000-loss_z:16.58206,accu:0.443038,loss_recon:0.042081

14200-loss_z:0.072554,accu:0.994922,loss_recon:0.013633

14200-loss_z:16.767248,accu:0.443038,loss_recon:0.040976

14400-loss_z:0.070232,accu:0.994792,loss_recon:0.013501

14400-loss_z:16.999054,accu:0.455696,loss_recon:0.041874

14600-loss_z:0.069235,accu:0.995104,loss_recon:0.013549

14600-loss_z:17.212753,accu:0.43038,loss_recon:0.04123

14800-loss_z:0.065599,accu:0.995827,loss_recon:0.013552

14800-loss_z:17.435785,accu:0.443038,loss_recon:0.040157

15000-loss_z:0.064386,accu:0.996296,loss_recon:0.013387

15000-loss_z:17.637918,accu:0.455696,loss_recon:0.039431

15200-loss_z:0.061664,accu:0.996315,loss_recon:0.013392

15200-loss_z:17.843864,accu:0.443038,loss_recon:0.039826

15400-loss_z:0.05902,accu:0.997448,loss_recon:0.013451

15400-loss_z:18.048042,accu:0.455696,loss_recon:0.039963

15600-loss_z:0.05668,accu:0.998021,loss_recon:0.013339

15600-loss_z:18.23575,accu:0.43038,loss_recon:0.040888

15800-loss_z:0.055549,accu:0.997526,loss_recon:0.013374

15800-loss_z:18.455269,accu:0.455696,loss_recon:0.040522

16000-loss_z:0.052956,accu:0.998301,loss_recon:0.013425

16000-loss_z:18.597755,accu:0.443038,loss_recon:0.04039

16200-loss_z:0.051249,accu:0.998353,loss_recon:0.013382

16200-loss_z:18.344021,accu:0.443038,loss_recon:0.041038

16400-loss_z:0.049129,accu:0.9989,loss_recon:0.01328

16400-loss_z:17.913807,accu:0.43038,loss_recon:0.040196

16600-loss_z:0.04711,accu:0.999375,loss_recon:0.013173

16600-loss_z:17.313179,accu:0.468354,loss_recon:0.04026

16800-loss_z:0.04563,accu:0.999714,loss_recon:0.013287

16800-loss_z:16.938015,accu:0.43038,loss_recon:0.039363

17000-loss_z:0.044224,accu:0.999655,loss_recon:0.013376

17000-loss_z:16.729034,accu:0.443038,loss_recon:0.039614

17200-loss_z:0.043031,accu:0.999896,loss_recon:0.013469

17200-loss_z:16.449387,accu:0.468354,loss_recon:0.040064

17400-loss_z:0.040458,accu:1.0,loss_recon:0.013365

17400-loss_z:16.300632,accu:0.443038,loss_recon:0.039594

17600-loss_z:0.038715,accu:1.0,loss_recon:0.013229

17600-loss_z:16.096626,accu:0.455696,loss_recon:0.038997

17800-loss_z:0.037353,accu:1.0,loss_recon:0.013288

17800-loss_z:15.956637,accu:0.43038,loss_recon:0.040016

18000-loss_z:0.036595,accu:1.0,loss_recon:0.013299

18000-loss_z:15.855605,accu:0.43038,loss_recon:0.040838

18200-loss_z:0.034957,accu:1.0,loss_recon:0.013373

18200-loss_z:15.597242,accu:0.43038,loss_recon:0.039156

18400-loss_z:0.032649,accu:1.0,loss_recon:0.013229

18400-loss_z:15.630013,accu:0.43038,loss_recon:0.038601

18600-loss_z:0.031475,accu:1.0,loss_recon:0.01326

18600-loss_z:15.666362,accu:0.443038,loss_recon:0.039915

18800-loss_z:0.03064,accu:1.0,loss_recon:0.013203

18800-loss_z:15.735843,accu:0.43038,loss_recon:0.039363

19000-loss_z:0.029633,accu:1.0,loss_recon:0.013206

19000-loss_z:15.867889,accu:0.455696,loss_recon:0.038936

19200-loss_z:0.028172,accu:1.0,loss_recon:0.013333

19200-loss_z:15.949971,accu:0.443038,loss_recon:0.039342

19400-loss_z:0.027522,accu:1.0,loss_recon:0.01337

19400-loss_z:16.105406,accu:0.443038,loss_recon:0.03835

19600-loss_z:0.025965,accu:1.0,loss_recon:0.01339

19600-loss_z:16.24155,accu:0.455696,loss_recon:0.03881

19800-loss_z:0.024869,accu:1.0,loss_recon:0.013267

19800-loss_z:16.282907,accu:0.455696,loss_recon:0.038853

20000-loss_z:0.024114,accu:1.0,loss_recon:0.013288

20000-loss_z:16.595068,accu:0.443038,loss_recon:0.038766

Continue training
New FC model is initialized
200-loss_z:2.542146,accu:0.165805,loss_recon:1.031311

200-loss_z:2.428713,accu:0.050633,loss_recon:0.539138

400-loss_z:1.960352,accu:0.30998,loss_recon:0.303072

400-loss_z:2.213708,accu:0.113924,loss_recon:0.327725

600-loss_z:1.677633,accu:0.407578,loss_recon:0.174714

600-loss_z:2.136465,accu:0.151899,loss_recon:0.25511

800-loss_z:1.479488,accu:0.464909,loss_recon:0.12408

800-loss_z:2.145773,accu:0.189873,loss_recon:0.21294

1000-loss_z:1.325866,accu:0.539447,loss_recon:0.091333

1000-loss_z:2.155765,accu:0.202532,loss_recon:0.17058

1200-loss_z:1.208555,accu:0.613913,loss_recon:0.067816

1200-loss_z:2.174631,accu:0.227848,loss_recon:0.127035

1400-loss_z:1.108538,accu:0.691927,loss_recon:0.052881

1400-loss_z:2.21419,accu:0.227848,loss_recon:0.109204

1600-loss_z:1.030613,accu:0.708763,loss_recon:0.044658

1600-loss_z:2.211905,accu:0.253165,loss_recon:0.098083

1800-loss_z:0.963396,accu:0.746283,loss_recon:0.038803

1800-loss_z:2.257294,accu:0.253165,loss_recon:0.093421

2000-loss_z:0.90041,accu:0.767194,loss_recon:0.035113

2000-loss_z:2.26411,accu:0.265823,loss_recon:0.090374

2200-loss_z:0.843096,accu:0.775983,loss_recon:0.032484

2200-loss_z:2.2749,accu:0.253165,loss_recon:0.084321

2400-loss_z:0.790642,accu:0.785508,loss_recon:0.030434

2400-loss_z:2.294456,accu:0.265823,loss_recon:0.081205

2600-loss_z:0.747119,accu:0.810326,loss_recon:0.029029

2600-loss_z:2.320835,accu:0.265823,loss_recon:0.080443

2800-loss_z:0.706417,accu:0.829382,loss_recon:0.027995

2800-loss_z:2.329057,accu:0.291139,loss_recon:0.076781

3000-loss_z:0.666833,accu:0.844258,loss_recon:0.026971

3000-loss_z:2.365468,accu:0.303797,loss_recon:0.075665

3200-loss_z:0.628413,accu:0.85998,loss_recon:0.026713

3200-loss_z:2.413108,accu:0.329114,loss_recon:0.074763

3400-loss_z:0.592604,accu:0.875801,loss_recon:0.025983

3400-loss_z:2.469206,accu:0.341772,loss_recon:0.071326

3600-loss_z:0.55729,accu:0.895072,loss_recon:0.025069

3600-loss_z:2.53546,accu:0.367089,loss_recon:0.06909

3800-loss_z:0.530713,accu:0.906589,loss_recon:0.024363

3800-loss_z:2.597651,accu:0.35443,loss_recon:0.069061

4000-loss_z:0.501525,accu:0.916602,loss_recon:0.023853

4000-loss_z:2.683606,accu:0.367089,loss_recon:0.06933

4200-loss_z:0.475163,accu:0.931016,loss_recon:0.023323

4200-loss_z:2.774457,accu:0.367089,loss_recon:0.067825

4400-loss_z:0.446422,accu:0.93627,loss_recon:0.022939

4400-loss_z:2.902846,accu:0.379747,loss_recon:0.068703

4600-loss_z:0.427809,accu:0.946289,loss_recon:0.022552

4600-loss_z:3.032521,accu:0.392405,loss_recon:0.068884

4800-loss_z:0.399225,accu:0.947923,loss_recon:0.021758

4800-loss_z:3.18277,accu:0.392405,loss_recon:0.068402

5000-loss_z:0.379951,accu:0.950944,loss_recon:0.021445

5000-loss_z:3.323919,accu:0.379747,loss_recon:0.06428

5200-loss_z:0.36031,accu:0.949785,loss_recon:0.02124

5200-loss_z:3.502947,accu:0.367089,loss_recon:0.064599

5400-loss_z:0.342957,accu:0.951478,loss_recon:0.020559

5400-loss_z:3.609031,accu:0.392405,loss_recon:0.064953

5600-loss_z:0.322473,accu:0.95653,loss_recon:0.019951

5600-loss_z:3.746826,accu:0.405063,loss_recon:0.063856

5800-loss_z:0.309643,accu:0.957129,loss_recon:0.019676

5800-loss_z:3.949849,accu:0.392405,loss_recon:0.062971

6000-loss_z:0.293103,accu:0.960944,loss_recon:0.019197

6000-loss_z:4.128157,accu:0.405063,loss_recon:0.063572

6200-loss_z:0.275994,accu:0.963216,loss_recon:0.018743

6200-loss_z:4.347276,accu:0.392405,loss_recon:0.061187

6400-loss_z:0.265586,accu:0.964896,loss_recon:0.018631

6400-loss_z:4.546994,accu:0.43038,loss_recon:0.061697

6600-loss_z:0.252835,accu:0.966003,loss_recon:0.017851

6600-loss_z:4.742832,accu:0.392405,loss_recon:0.062201

6800-loss_z:0.240574,accu:0.967936,loss_recon:0.017513

6800-loss_z:4.955209,accu:0.405063,loss_recon:0.063811

7000-loss_z:0.227567,accu:0.969974,loss_recon:0.017188

7000-loss_z:5.164091,accu:0.392405,loss_recon:0.061401

7200-loss_z:0.218585,accu:0.971172,loss_recon:0.016871

7200-loss_z:5.398406,accu:0.405063,loss_recon:0.062934

7400-loss_z:0.208406,accu:0.973262,loss_recon:0.016724

7400-loss_z:5.592964,accu:0.392405,loss_recon:0.061077

7600-loss_z:0.199865,accu:0.974753,loss_recon:0.016686

7600-loss_z:5.796604,accu:0.392405,loss_recon:0.059809

7800-loss_z:0.190812,accu:0.974551,loss_recon:0.016524

7800-loss_z:6.010554,accu:0.392405,loss_recon:0.062855

8000-loss_z:0.182435,accu:0.976484,loss_recon:0.016387

8000-loss_z:6.226778,accu:0.417722,loss_recon:0.062282

8200-loss_z:0.173222,accu:0.979408,loss_recon:0.016115

8200-loss_z:6.434917,accu:0.405063,loss_recon:0.062695

8400-loss_z:0.166761,accu:0.980521,loss_recon:0.016101

8400-loss_z:6.670633,accu:0.405063,loss_recon:0.06147

8600-loss_z:0.160225,accu:0.978021,loss_recon:0.016152

8600-loss_z:6.864392,accu:0.392405,loss_recon:0.059989

8800-loss_z:0.15204,accu:0.980443,loss_recon:0.015912

8800-loss_z:7.052402,accu:0.392405,loss_recon:0.063495

9000-loss_z:0.148111,accu:0.981048,loss_recon:0.016148

9000-loss_z:7.275072,accu:0.392405,loss_recon:0.061575

9200-loss_z:0.143768,accu:0.980345,loss_recon:0.016101

9200-loss_z:7.486935,accu:0.417722,loss_recon:0.059323

9400-loss_z:0.135503,accu:0.981784,loss_recon:0.015979

9400-loss_z:7.64842,accu:0.392405,loss_recon:0.061423

9600-loss_z:0.129162,accu:0.98265,loss_recon:0.015777

9600-loss_z:7.885399,accu:0.392405,loss_recon:0.059799

9800-loss_z:0.124489,accu:0.981126,loss_recon:0.015762

9800-loss_z:8.063643,accu:0.379747,loss_recon:0.060371

10000-loss_z:0.119677,accu:0.983073,loss_recon:0.015972

10000-loss_z:8.260646,accu:0.392405,loss_recon:0.061106

10200-loss_z:0.116037,accu:0.982839,loss_recon:0.015682

10200-loss_z:8.461874,accu:0.392405,loss_recon:0.058917

10400-loss_z:0.11125,accu:0.985345,loss_recon:0.015545

10400-loss_z:8.630321,accu:0.392405,loss_recon:0.060636

10600-loss_z:0.105966,accu:0.984277,loss_recon:0.015473

10600-loss_z:8.823834,accu:0.379747,loss_recon:0.063144

10800-loss_z:0.103927,accu:0.984648,loss_recon:0.015346

10800-loss_z:9.034688,accu:0.379747,loss_recon:0.060386

11000-loss_z:0.099387,accu:0.987617,loss_recon:0.015707

11000-loss_z:9.187579,accu:0.379747,loss_recon:0.059371

11200-loss_z:0.097339,accu:0.986497,loss_recon:0.015649

11200-loss_z:9.354774,accu:0.379747,loss_recon:0.058959

11400-loss_z:0.09244,accu:0.988301,loss_recon:0.015667

11400-loss_z:9.611385,accu:0.379747,loss_recon:0.062033

11600-loss_z:0.088684,accu:0.988359,loss_recon:0.015557

11600-loss_z:9.776002,accu:0.392405,loss_recon:0.061794

11800-loss_z:0.08678,accu:0.990664,loss_recon:0.015409

11800-loss_z:9.984138,accu:0.379747,loss_recon:0.058573

12000-loss_z:0.082911,accu:0.990189,loss_recon:0.015551

12000-loss_z:10.195945,accu:0.392405,loss_recon:0.060414

12200-loss_z:0.079941,accu:0.991823,loss_recon:0.015411

12200-loss_z:10.344268,accu:0.405063,loss_recon:0.058448

12400-loss_z:0.077434,accu:0.992897,loss_recon:0.015495

12400-loss_z:10.589208,accu:0.392405,loss_recon:0.057316

12600-loss_z:0.074487,accu:0.993652,loss_recon:0.015477

12600-loss_z:10.770111,accu:0.405063,loss_recon:0.060632

12800-loss_z:0.072593,accu:0.995091,loss_recon:0.015403

12800-loss_z:10.99162,accu:0.392405,loss_recon:0.059167

13000-loss_z:0.070308,accu:0.995182,loss_recon:0.015423

13000-loss_z:11.161787,accu:0.405063,loss_recon:0.060132

13200-loss_z:0.066676,accu:0.996198,loss_recon:0.015293

13200-loss_z:11.368887,accu:0.405063,loss_recon:0.061113

13400-loss_z:0.064368,accu:0.997604,loss_recon:0.015184

13400-loss_z:11.559043,accu:0.417722,loss_recon:0.059253

13600-loss_z:0.062426,accu:0.997689,loss_recon:0.015463

13600-loss_z:11.757229,accu:0.405063,loss_recon:0.060386

13800-loss_z:0.05972,accu:0.999082,loss_recon:0.015445

13800-loss_z:11.960299,accu:0.417722,loss_recon:0.060361

14000-loss_z:0.056936,accu:0.999271,loss_recon:0.015342

14000-loss_z:12.137221,accu:0.379747,loss_recon:0.059488

14200-loss_z:0.054994,accu:0.999551,loss_recon:0.015253

14200-loss_z:12.369155,accu:0.392405,loss_recon:0.059693

14400-loss_z:0.051648,accu:0.999154,loss_recon:0.015156

14400-loss_z:12.539087,accu:0.405063,loss_recon:0.060313

14600-loss_z:0.051519,accu:0.999492,loss_recon:0.015217

14600-loss_z:12.745257,accu:0.405063,loss_recon:0.058648

14800-loss_z:0.049234,accu:0.999818,loss_recon:0.015185

14800-loss_z:12.91791,accu:0.417722,loss_recon:0.060654

15000-loss_z:0.046503,accu:0.999941,loss_recon:0.015207

15000-loss_z:13.147725,accu:0.417722,loss_recon:0.058726

15200-loss_z:0.045823,accu:1.0,loss_recon:0.015083

15200-loss_z:13.354059,accu:0.417722,loss_recon:0.060992

15400-loss_z:0.043279,accu:1.0,loss_recon:0.015176

15400-loss_z:13.534626,accu:0.417722,loss_recon:0.060578

15600-loss_z:0.041521,accu:1.0,loss_recon:0.015169

15600-loss_z:13.762491,accu:0.417722,loss_recon:0.061459

15800-loss_z:0.040448,accu:1.0,loss_recon:0.015082

15800-loss_z:14.007583,accu:0.417722,loss_recon:0.060661

16000-loss_z:0.038003,accu:1.0,loss_recon:0.015037

16000-loss_z:14.200201,accu:0.417722,loss_recon:0.061039

16200-loss_z:0.036744,accu:1.0,loss_recon:0.015109

16200-loss_z:14.424411,accu:0.43038,loss_recon:0.060279

16400-loss_z:0.035171,accu:1.0,loss_recon:0.015007

16400-loss_z:14.63261,accu:0.417722,loss_recon:0.060304

16600-loss_z:0.033688,accu:1.0,loss_recon:0.014951

16600-loss_z:14.855968,accu:0.417722,loss_recon:0.058711

16800-loss_z:0.032131,accu:1.0,loss_recon:0.014816

16800-loss_z:15.073919,accu:0.443038,loss_recon:0.062528

17000-loss_z:0.031417,accu:1.0,loss_recon:0.015012

17000-loss_z:15.275933,accu:0.43038,loss_recon:0.059373

17200-loss_z:0.03007,accu:1.0,loss_recon:0.015122

17200-loss_z:15.523847,accu:0.43038,loss_recon:0.061327

17400-loss_z:0.028372,accu:1.0,loss_recon:0.014978

17400-loss_z:15.703035,accu:0.43038,loss_recon:0.060656

17600-loss_z:0.028321,accu:1.0,loss_recon:0.014931

17600-loss_z:15.959772,accu:0.455696,loss_recon:0.060552

17800-loss_z:0.026535,accu:1.0,loss_recon:0.015027

17800-loss_z:16.163111,accu:0.455696,loss_recon:0.05971

18000-loss_z:0.025357,accu:1.0,loss_recon:0.015052

18000-loss_z:16.395569,accu:0.455696,loss_recon:0.059777

18200-loss_z:0.024894,accu:1.0,loss_recon:0.014905

18200-loss_z:16.611317,accu:0.443038,loss_recon:0.060348

18400-loss_z:0.022505,accu:1.0,loss_recon:0.014882

18400-loss_z:16.837976,accu:0.443038,loss_recon:0.060754

18600-loss_z:0.02233,accu:1.0,loss_recon:0.015069

18600-loss_z:17.024372,accu:0.455696,loss_recon:0.060984

18800-loss_z:0.021605,accu:1.0,loss_recon:0.014895

18800-loss_z:17.250374,accu:0.443038,loss_recon:0.061883

19000-loss_z:0.020973,accu:1.0,loss_recon:0.014939

19000-loss_z:17.496439,accu:0.43038,loss_recon:0.06262

19200-loss_z:0.019927,accu:1.0,loss_recon:0.015087

19200-loss_z:17.729023,accu:0.443038,loss_recon:0.060812

19400-loss_z:0.018701,accu:1.0,loss_recon:0.014975

19400-loss_z:17.901745,accu:0.43038,loss_recon:0.06087

19600-loss_z:0.018229,accu:1.0,loss_recon:0.015031

19600-loss_z:18.159349,accu:0.443038,loss_recon:0.061576

19800-loss_z:0.017288,accu:1.0,loss_recon:0.014994

19800-loss_z:18.335682,accu:0.443038,loss_recon:0.063749

20000-loss_z:0.016635,accu:1.0,loss_recon:0.014999

20000-loss_z:18.477301,accu:0.443038,loss_recon:0.058715

Continue training
New FC model is initialized
200-loss_z:2.593968,accu:0.193343,loss_recon:1.054462

200-loss_z:2.621341,accu:0.088608,loss_recon:0.537508

400-loss_z:1.944215,accu:0.328535,loss_recon:0.276291

400-loss_z:2.461415,accu:0.101266,loss_recon:0.273512

600-loss_z:1.617139,accu:0.440313,loss_recon:0.152024

600-loss_z:2.442195,accu:0.126582,loss_recon:0.212426

800-loss_z:1.419393,accu:0.549258,loss_recon:0.103211

800-loss_z:2.476445,accu:0.139241,loss_recon:0.166348

1000-loss_z:1.269275,accu:0.633249,loss_recon:0.074196

1000-loss_z:2.54685,accu:0.177215,loss_recon:0.129717

1200-loss_z:1.151758,accu:0.688574,loss_recon:0.056669

1200-loss_z:2.619891,accu:0.21519,loss_recon:0.100022

1400-loss_z:1.055241,accu:0.731589,loss_recon:0.044674

1400-loss_z:2.691546,accu:0.227848,loss_recon:0.082661

1600-loss_z:0.971271,accu:0.762135,loss_recon:0.037925

1600-loss_z:2.803065,accu:0.189873,loss_recon:0.070533

1800-loss_z:0.904133,accu:0.797487,loss_recon:0.033154

1800-loss_z:2.955313,accu:0.202532,loss_recon:0.064825

2000-loss_z:0.838953,accu:0.826283,loss_recon:0.030253

2000-loss_z:3.130333,accu:0.21519,loss_recon:0.059391

2200-loss_z:0.785885,accu:0.838483,loss_recon:0.02723

2200-loss_z:3.334874,accu:0.253165,loss_recon:0.0574

2400-loss_z:0.742177,accu:0.851172,loss_recon:0.02468

2400-loss_z:3.560177,accu:0.202532,loss_recon:0.0526

2600-loss_z:0.697333,accu:0.860684,loss_recon:0.023038

2600-loss_z:3.746916,accu:0.253165,loss_recon:0.05067

2800-loss_z:0.663494,accu:0.868861,loss_recon:0.02143

2800-loss_z:3.994205,accu:0.278481,loss_recon:0.047045

3000-loss_z:0.62629,accu:0.86541,loss_recon:0.020446

3000-loss_z:4.203056,accu:0.253165,loss_recon:0.045612

3200-loss_z:0.599572,accu:0.874102,loss_recon:0.019709

3200-loss_z:4.42899,accu:0.291139,loss_recon:0.044324

3400-loss_z:0.565999,accu:0.885762,loss_recon:0.019076

3400-loss_z:4.630604,accu:0.303797,loss_recon:0.044403

3600-loss_z:0.541096,accu:0.890228,loss_recon:0.018401

3600-loss_z:4.852307,accu:0.316456,loss_recon:0.043986

3800-loss_z:0.514205,accu:0.890977,loss_recon:0.01775

3800-loss_z:5.080365,accu:0.303797,loss_recon:0.043959

4000-loss_z:0.494923,accu:0.899219,loss_recon:0.017143

4000-loss_z:5.268121,accu:0.35443,loss_recon:0.042033

4200-loss_z:0.470848,accu:0.908861,loss_recon:0.016784

4200-loss_z:5.484681,accu:0.35443,loss_recon:0.042912

4400-loss_z:0.447582,accu:0.914297,loss_recon:0.016113

4400-loss_z:5.677341,accu:0.35443,loss_recon:0.041766

4600-loss_z:0.435582,accu:0.915924,loss_recon:0.016189

4600-loss_z:5.845353,accu:0.367089,loss_recon:0.041195

4800-loss_z:0.413075,accu:0.927044,loss_recon:0.015787

4800-loss_z:6.003238,accu:0.35443,loss_recon:0.041981

5000-loss_z:0.396433,accu:0.929167,loss_recon:0.015775

5000-loss_z:6.150247,accu:0.367089,loss_recon:0.041332

5200-loss_z:0.381791,accu:0.93696,loss_recon:0.015448

5200-loss_z:6.211616,accu:0.35443,loss_recon:0.040572

5400-loss_z:0.365749,accu:0.940078,loss_recon:0.015312

5400-loss_z:6.274705,accu:0.367089,loss_recon:0.04237

5600-loss_z:0.349593,accu:0.942214,loss_recon:0.015102

5600-loss_z:6.310665,accu:0.379747,loss_recon:0.041344

5800-loss_z:0.339109,accu:0.941992,loss_recon:0.015254

5800-loss_z:6.348764,accu:0.392405,loss_recon:0.041828

6000-loss_z:0.324658,accu:0.946882,loss_recon:0.014798

6000-loss_z:6.290864,accu:0.405063,loss_recon:0.042229

6200-loss_z:0.315579,accu:0.95293,loss_recon:0.014699

6200-loss_z:6.341888,accu:0.405063,loss_recon:0.041902

6400-loss_z:0.301324,accu:0.958184,loss_recon:0.014777

6400-loss_z:6.322182,accu:0.392405,loss_recon:0.04216

6600-loss_z:0.288539,accu:0.961895,loss_recon:0.014613

6600-loss_z:6.260208,accu:0.392405,loss_recon:0.042803

6800-loss_z:0.276972,accu:0.962461,loss_recon:0.01455

6800-loss_z:6.219409,accu:0.43038,loss_recon:0.041618

7000-loss_z:0.265552,accu:0.965755,loss_recon:0.014453

7000-loss_z:6.180307,accu:0.417722,loss_recon:0.041616

7200-loss_z:0.258549,accu:0.970111,loss_recon:0.014347

7200-loss_z:6.17192,accu:0.405063,loss_recon:0.04233

7400-loss_z:0.244459,accu:0.970827,loss_recon:0.014108

7400-loss_z:6.214641,accu:0.443038,loss_recon:0.042996

7600-loss_z:0.233662,accu:0.97375,loss_recon:0.014105

7600-loss_z:6.266855,accu:0.405063,loss_recon:0.042081

7800-loss_z:0.224463,accu:0.975299,loss_recon:0.014053

7800-loss_z:6.317036,accu:0.443038,loss_recon:0.040956

8000-loss_z:0.217471,accu:0.974499,loss_recon:0.013933

8000-loss_z:6.385001,accu:0.455696,loss_recon:0.041815

8200-loss_z:0.206454,accu:0.975508,loss_recon:0.013874

8200-loss_z:6.437583,accu:0.417722,loss_recon:0.0416

8400-loss_z:0.201166,accu:0.97832,loss_recon:0.013873

8400-loss_z:6.53163,accu:0.43038,loss_recon:0.040819

8600-loss_z:0.192148,accu:0.978978,loss_recon:0.013751

8600-loss_z:6.660229,accu:0.468354,loss_recon:0.042266

8800-loss_z:0.185509,accu:0.978418,loss_recon:0.013602

8800-loss_z:6.79982,accu:0.506329,loss_recon:0.039797

9000-loss_z:0.176322,accu:0.981204,loss_recon:0.013488

9000-loss_z:6.938256,accu:0.443038,loss_recon:0.040298

9200-loss_z:0.170179,accu:0.984056,loss_recon:0.013414

9200-loss_z:7.071237,accu:0.506329,loss_recon:0.040915

9400-loss_z:0.160355,accu:0.985697,loss_recon:0.013438

9400-loss_z:7.216736,accu:0.481013,loss_recon:0.041663

9600-loss_z:0.155991,accu:0.985794,loss_recon:0.013421

9600-loss_z:7.414835,accu:0.506329,loss_recon:0.041341

9800-loss_z:0.149574,accu:0.987285,loss_recon:0.013244

9800-loss_z:7.614397,accu:0.468354,loss_recon:0.040125

10000-loss_z:0.144299,accu:0.988561,loss_recon:0.013217

10000-loss_z:7.756604,accu:0.493671,loss_recon:0.040621

10200-loss_z:0.135719,accu:0.990586,loss_recon:0.013179

10200-loss_z:7.947653,accu:0.493671,loss_recon:0.041091

10400-loss_z:0.130861,accu:0.991048,loss_recon:0.01293

10400-loss_z:8.151528,accu:0.506329,loss_recon:0.039965

10600-loss_z:0.125398,accu:0.992168,loss_recon:0.013053

10600-loss_z:8.341242,accu:0.493671,loss_recon:0.040906

10800-loss_z:0.122088,accu:0.994434,loss_recon:0.012998

10800-loss_z:8.444373,accu:0.481013,loss_recon:0.041357

11000-loss_z:0.11559,accu:0.997982,loss_recon:0.012855

11000-loss_z:8.568341,accu:0.518987,loss_recon:0.04003

11200-loss_z:0.111365,accu:0.998307,loss_recon:0.012816

11200-loss_z:8.757241,accu:0.531646,loss_recon:0.040541

11400-loss_z:0.106896,accu:0.99679,loss_recon:0.012805

11400-loss_z:8.879792,accu:0.531646,loss_recon:0.039498

11600-loss_z:0.103097,accu:0.999395,loss_recon:0.012678

11600-loss_z:9.048256,accu:0.506329,loss_recon:0.039514

11800-loss_z:0.097049,accu:0.999505,loss_recon:0.012653

11800-loss_z:9.144238,accu:0.544304,loss_recon:0.039032

12000-loss_z:0.095814,accu:1.0,loss_recon:0.012839

12000-loss_z:9.190952,accu:0.531646,loss_recon:0.0393

12200-loss_z:0.090218,accu:1.0,loss_recon:0.012727

12200-loss_z:9.182708,accu:0.531646,loss_recon:0.038902

12400-loss_z:0.086953,accu:1.0,loss_recon:0.012575

12400-loss_z:9.076035,accu:0.518987,loss_recon:0.037629

12600-loss_z:0.083081,accu:1.0,loss_recon:0.012662

12600-loss_z:8.953455,accu:0.531646,loss_recon:0.039248

12800-loss_z:0.079235,accu:1.0,loss_recon:0.0123

12800-loss_z:8.768407,accu:0.531646,loss_recon:0.03917

13000-loss_z:0.075922,accu:1.0,loss_recon:0.01246

13000-loss_z:8.675173,accu:0.544304,loss_recon:0.038916

13200-loss_z:0.073058,accu:1.0,loss_recon:0.012622

13200-loss_z:8.646111,accu:0.531646,loss_recon:0.039326

13400-loss_z:0.069996,accu:1.0,loss_recon:0.012455

13400-loss_z:8.625222,accu:0.506329,loss_recon:0.038602

13600-loss_z:0.067693,accu:1.0,loss_recon:0.01243

13600-loss_z:8.629585,accu:0.56962,loss_recon:0.038127

13800-loss_z:0.063921,accu:1.0,loss_recon:0.01237

13800-loss_z:8.765078,accu:0.556962,loss_recon:0.038685

14000-loss_z:0.060622,accu:1.0,loss_recon:0.01225

14000-loss_z:8.835941,accu:0.582278,loss_recon:0.037823

14200-loss_z:0.059088,accu:1.0,loss_recon:0.012165

14200-loss_z:9.01105,accu:0.56962,loss_recon:0.037943

14400-loss_z:0.056311,accu:1.0,loss_recon:0.01216

14400-loss_z:9.08063,accu:0.556962,loss_recon:0.037866

14600-loss_z:0.053427,accu:1.0,loss_recon:0.012073

14600-loss_z:9.246555,accu:0.56962,loss_recon:0.037926

14800-loss_z:0.051217,accu:1.0,loss_recon:0.012173

14800-loss_z:9.370108,accu:0.531646,loss_recon:0.037401

15000-loss_z:0.04852,accu:1.0,loss_recon:0.012179

15000-loss_z:9.450804,accu:0.56962,loss_recon:0.037451

15200-loss_z:0.046703,accu:1.0,loss_recon:0.012232

15200-loss_z:9.605491,accu:0.556962,loss_recon:0.038774

15400-loss_z:0.044338,accu:1.0,loss_recon:0.012194

15400-loss_z:9.737686,accu:0.544304,loss_recon:0.038386

15600-loss_z:0.043009,accu:1.0,loss_recon:0.012112

15600-loss_z:9.822098,accu:0.582278,loss_recon:0.036754

15800-loss_z:0.040109,accu:1.0,loss_recon:0.012038

15800-loss_z:10.006021,accu:0.556962,loss_recon:0.037148

16000-loss_z:0.038674,accu:1.0,loss_recon:0.012114

16000-loss_z:10.145466,accu:0.56962,loss_recon:0.036998

16200-loss_z:0.037285,accu:1.0,loss_recon:0.012177

16200-loss_z:10.334995,accu:0.544304,loss_recon:0.037459

16400-loss_z:0.035248,accu:1.0,loss_recon:0.012069

16400-loss_z:10.424955,accu:0.556962,loss_recon:0.037521

16600-loss_z:0.033835,accu:1.0,loss_recon:0.012132

16600-loss_z:10.558775,accu:0.556962,loss_recon:0.037951

16800-loss_z:0.032544,accu:1.0,loss_recon:0.012089

16800-loss_z:10.709308,accu:0.556962,loss_recon:0.037454

17000-loss_z:0.030739,accu:1.0,loss_recon:0.012045

17000-loss_z:10.851246,accu:0.582278,loss_recon:0.037666

17200-loss_z:0.028576,accu:1.0,loss_recon:0.011966

17200-loss_z:11.038707,accu:0.582278,loss_recon:0.03805

17400-loss_z:0.027704,accu:1.0,loss_recon:0.012109

17400-loss_z:11.183547,accu:0.582278,loss_recon:0.038442

17600-loss_z:0.026501,accu:1.0,loss_recon:0.012092

17600-loss_z:11.326919,accu:0.56962,loss_recon:0.038376

17800-loss_z:0.024386,accu:1.0,loss_recon:0.012036

17800-loss_z:11.487601,accu:0.582278,loss_recon:0.037039

18000-loss_z:0.023441,accu:1.0,loss_recon:0.012028

18000-loss_z:11.624982,accu:0.56962,loss_recon:0.037951

18200-loss_z:0.02236,accu:1.0,loss_recon:0.012115

18200-loss_z:11.796455,accu:0.56962,loss_recon:0.038257

18400-loss_z:0.021091,accu:1.0,loss_recon:0.012024

18400-loss_z:11.985898,accu:0.582278,loss_recon:0.03811

18600-loss_z:0.019848,accu:1.0,loss_recon:0.011903

18600-loss_z:12.141589,accu:0.56962,loss_recon:0.037474

18800-loss_z:0.018609,accu:1.0,loss_recon:0.01207

18800-loss_z:12.271673,accu:0.56962,loss_recon:0.037566

19000-loss_z:0.01788,accu:1.0,loss_recon:0.011836

19000-loss_z:12.437055,accu:0.582278,loss_recon:0.038439

19200-loss_z:0.016976,accu:1.0,loss_recon:0.012005

19200-loss_z:12.560976,accu:0.56962,loss_recon:0.037301

19400-loss_z:0.016235,accu:1.0,loss_recon:0.011952

19400-loss_z:12.761006,accu:0.56962,loss_recon:0.037042

19600-loss_z:0.015038,accu:1.0,loss_recon:0.011909

19600-loss_z:12.922249,accu:0.56962,loss_recon:0.03696

19800-loss_z:0.014715,accu:1.0,loss_recon:0.011966

19800-loss_z:13.022478,accu:0.582278,loss_recon:0.037826

20000-loss_z:0.014051,accu:1.0,loss_recon:0.011968

20000-loss_z:13.15343,accu:0.56962,loss_recon:0.037892

Continue training
New FC model is initialized
200-loss_z:2.547018,accu:0.207426,loss_recon:1.009786

200-loss_z:2.590176,accu:0.075949,loss_recon:0.636811

400-loss_z:1.962327,accu:0.318444,loss_recon:0.350831

400-loss_z:2.48025,accu:0.088608,loss_recon:0.321604

600-loss_z:1.66067,accu:0.421374,loss_recon:0.175921

600-loss_z:2.462492,accu:0.126582,loss_recon:0.217334

800-loss_z:1.448822,accu:0.526569,loss_recon:0.106939

800-loss_z:2.470052,accu:0.177215,loss_recon:0.155946

1000-loss_z:1.287434,accu:0.583841,loss_recon:0.07306

1000-loss_z:2.464924,accu:0.21519,loss_recon:0.119719

1200-loss_z:1.156918,accu:0.649473,loss_recon:0.053802

1200-loss_z:2.462555,accu:0.21519,loss_recon:0.101819

1400-loss_z:1.048562,accu:0.714596,loss_recon:0.044625

1400-loss_z:2.45604,accu:0.240506,loss_recon:0.096428

1600-loss_z:0.964629,accu:0.752454,loss_recon:0.039068

1600-loss_z:2.437273,accu:0.253165,loss_recon:0.083242

1800-loss_z:0.882083,accu:0.780898,loss_recon:0.035382

1800-loss_z:2.413279,accu:0.227848,loss_recon:0.08235

2000-loss_z:0.814769,accu:0.806087,loss_recon:0.03096

2000-loss_z:2.402537,accu:0.265823,loss_recon:0.078106

2200-loss_z:0.757078,accu:0.821152,loss_recon:0.028494

2200-loss_z:2.397206,accu:0.303797,loss_recon:0.075032

2400-loss_z:0.703174,accu:0.844831,loss_recon:0.026998

2400-loss_z:2.396651,accu:0.316456,loss_recon:0.073274

2600-loss_z:0.659513,accu:0.868379,loss_recon:0.025841

2600-loss_z:2.418544,accu:0.291139,loss_recon:0.07103

2800-loss_z:0.611541,accu:0.876393,loss_recon:0.024659

2800-loss_z:2.471043,accu:0.329114,loss_recon:0.069718

3000-loss_z:0.575134,accu:0.891673,loss_recon:0.022479

3000-loss_z:2.482848,accu:0.329114,loss_recon:0.064876

3200-loss_z:0.536884,accu:0.903828,loss_recon:0.02056

3200-loss_z:2.544429,accu:0.367089,loss_recon:0.061549

3400-loss_z:0.505038,accu:0.912428,loss_recon:0.019056

3400-loss_z:2.594779,accu:0.417722,loss_recon:0.059212

3600-loss_z:0.472111,accu:0.918346,loss_recon:0.018621

3600-loss_z:2.645046,accu:0.379747,loss_recon:0.056826

3800-loss_z:0.445689,accu:0.927038,loss_recon:0.018285

3800-loss_z:2.72088,accu:0.405063,loss_recon:0.055176

4000-loss_z:0.418508,accu:0.930964,loss_recon:0.01777

4000-loss_z:2.795057,accu:0.417722,loss_recon:0.056141

4200-loss_z:0.392761,accu:0.932409,loss_recon:0.017936

4200-loss_z:2.844071,accu:0.443038,loss_recon:0.054698

4400-loss_z:0.374288,accu:0.936628,loss_recon:0.01744

4400-loss_z:2.916323,accu:0.405063,loss_recon:0.055452

4600-loss_z:0.35322,accu:0.937344,loss_recon:0.017485

4600-loss_z:2.981413,accu:0.443038,loss_recon:0.054441

4800-loss_z:0.335172,accu:0.939525,loss_recon:0.017283

4800-loss_z:3.05258,accu:0.443038,loss_recon:0.056901

5000-loss_z:0.323647,accu:0.939453,loss_recon:0.017398

5000-loss_z:3.123283,accu:0.443038,loss_recon:0.055784

5200-loss_z:0.301565,accu:0.943893,loss_recon:0.01684

5200-loss_z:3.192548,accu:0.443038,loss_recon:0.054931

5400-loss_z:0.28801,accu:0.945449,loss_recon:0.016688

5400-loss_z:3.280886,accu:0.443038,loss_recon:0.057395

5600-loss_z:0.277196,accu:0.948841,loss_recon:0.016472

5600-loss_z:3.406961,accu:0.443038,loss_recon:0.055958

5800-loss_z:0.261265,accu:0.95373,loss_recon:0.016109

5800-loss_z:3.494817,accu:0.443038,loss_recon:0.055043

6000-loss_z:0.250434,accu:0.956139,loss_recon:0.016112

6000-loss_z:3.572778,accu:0.43038,loss_recon:0.054402

6200-loss_z:0.242469,accu:0.95276,loss_recon:0.01627

6200-loss_z:3.707381,accu:0.43038,loss_recon:0.055643

6400-loss_z:0.231714,accu:0.954896,loss_recon:0.015732

6400-loss_z:3.789469,accu:0.455696,loss_recon:0.055031

6600-loss_z:0.222817,accu:0.955794,loss_recon:0.016214

6600-loss_z:3.866058,accu:0.455696,loss_recon:0.05636

6800-loss_z:0.215048,accu:0.958932,loss_recon:0.015841

6800-loss_z:3.962429,accu:0.455696,loss_recon:0.055499

7000-loss_z:0.203053,accu:0.959342,loss_recon:0.01591

7000-loss_z:4.069692,accu:0.43038,loss_recon:0.053402

7200-loss_z:0.19679,accu:0.962852,loss_recon:0.015643

7200-loss_z:4.176919,accu:0.43038,loss_recon:0.056728

7400-loss_z:0.186629,accu:0.963542,loss_recon:0.015682

7400-loss_z:4.277464,accu:0.468354,loss_recon:0.053319

7600-loss_z:0.181271,accu:0.961367,loss_recon:0.015431

7600-loss_z:4.391991,accu:0.468354,loss_recon:0.054154

7800-loss_z:0.174671,accu:0.962331,loss_recon:0.015325

7800-loss_z:4.491422,accu:0.455696,loss_recon:0.055241

8000-loss_z:0.168937,accu:0.96347,loss_recon:0.015191

8000-loss_z:4.609384,accu:0.443038,loss_recon:0.056196

8200-loss_z:0.162694,accu:0.962878,loss_recon:0.015046

8200-loss_z:4.729427,accu:0.468354,loss_recon:0.054337

8400-loss_z:0.15892,accu:0.962285,loss_recon:0.014893

8400-loss_z:4.796905,accu:0.455696,loss_recon:0.054611

8600-loss_z:0.151748,accu:0.964714,loss_recon:0.014827

8600-loss_z:4.931282,accu:0.468354,loss_recon:0.054654

8800-loss_z:0.147972,accu:0.962858,loss_recon:0.014633

8800-loss_z:5.026748,accu:0.481013,loss_recon:0.055324

9000-loss_z:0.140788,accu:0.966003,loss_recon:0.014471

9000-loss_z:5.169128,accu:0.506329,loss_recon:0.055074

9200-loss_z:0.13655,accu:0.970521,loss_recon:0.014495

9200-loss_z:5.274083,accu:0.481013,loss_recon:0.055063

9400-loss_z:0.131832,accu:0.967168,loss_recon:0.014089

9400-loss_z:5.432303,accu:0.481013,loss_recon:0.05596

9600-loss_z:0.128027,accu:0.968125,loss_recon:0.014205

9600-loss_z:5.522106,accu:0.506329,loss_recon:0.054077

9800-loss_z:0.121237,accu:0.971081,loss_recon:0.014118

9800-loss_z:5.661577,accu:0.506329,loss_recon:0.053644

10000-loss_z:0.117986,accu:0.970111,loss_recon:0.014105

10000-loss_z:5.842933,accu:0.506329,loss_recon:0.055244

10200-loss_z:0.114748,accu:0.973086,loss_recon:0.014125

10200-loss_z:5.933444,accu:0.506329,loss_recon:0.054773

10400-loss_z:0.110476,accu:0.972611,loss_recon:0.01399

10400-loss_z:6.072716,accu:0.518987,loss_recon:0.054966

10600-loss_z:0.105983,accu:0.973828,loss_recon:0.013812

10600-loss_z:6.210943,accu:0.506329,loss_recon:0.056198

10800-loss_z:0.105858,accu:0.973717,loss_recon:0.0136

10800-loss_z:6.370809,accu:0.518987,loss_recon:0.056665

11000-loss_z:0.098605,accu:0.976979,loss_recon:0.01357

11000-loss_z:6.553994,accu:0.518987,loss_recon:0.055795

11200-loss_z:0.095454,accu:0.977161,loss_recon:0.01354

11200-loss_z:6.665006,accu:0.518987,loss_recon:0.055354

11400-loss_z:0.092112,accu:0.977292,loss_recon:0.0136

11400-loss_z:6.844223,accu:0.518987,loss_recon:0.055592

11600-loss_z:0.089241,accu:0.980293,loss_recon:0.013341

11600-loss_z:6.995677,accu:0.506329,loss_recon:0.056672

11800-loss_z:0.085617,accu:0.984375,loss_recon:0.013362

11800-loss_z:7.173294,accu:0.518987,loss_recon:0.057295

12000-loss_z:0.083687,accu:0.981641,loss_recon:0.013057

12000-loss_z:7.308975,accu:0.506329,loss_recon:0.056147

12200-loss_z:0.079868,accu:0.98446,loss_recon:0.012945

12200-loss_z:7.510729,accu:0.493671,loss_recon:0.056681

12400-loss_z:0.077813,accu:0.98696,loss_recon:0.012893

12400-loss_z:7.664725,accu:0.493671,loss_recon:0.058196

12600-loss_z:0.074589,accu:0.987741,loss_recon:0.012859

12600-loss_z:7.828628,accu:0.493671,loss_recon:0.059088

12800-loss_z:0.07139,accu:0.990443,loss_recon:0.012553

12800-loss_z:8.007929,accu:0.506329,loss_recon:0.055495

13000-loss_z:0.069539,accu:0.987689,loss_recon:0.01271

13000-loss_z:8.162669,accu:0.518987,loss_recon:0.054407

13200-loss_z:0.06811,accu:0.990918,loss_recon:0.01277

13200-loss_z:8.31417,accu:0.506329,loss_recon:0.054515

13400-loss_z:0.065239,accu:0.993483,loss_recon:0.012619

13400-loss_z:8.477071,accu:0.506329,loss_recon:0.055336

13600-loss_z:0.062724,accu:0.993275,loss_recon:0.012587

13600-loss_z:8.602423,accu:0.518987,loss_recon:0.054355

13800-loss_z:0.060076,accu:0.995527,loss_recon:0.012451

13800-loss_z:8.752008,accu:0.506329,loss_recon:0.054606

14000-loss_z:0.058532,accu:0.995111,loss_recon:0.012502

14000-loss_z:8.90388,accu:0.506329,loss_recon:0.055227

14200-loss_z:0.055748,accu:0.997207,loss_recon:0.012345

14200-loss_z:9.094316,accu:0.506329,loss_recon:0.05454

14400-loss_z:0.053494,accu:0.996081,loss_recon:0.012495

14400-loss_z:9.232819,accu:0.506329,loss_recon:0.055817

14600-loss_z:0.051635,accu:0.998294,loss_recon:0.012373

14600-loss_z:9.359929,accu:0.506329,loss_recon:0.056952

14800-loss_z:0.049402,accu:0.998158,loss_recon:0.012427

14800-loss_z:9.402691,accu:0.518987,loss_recon:0.056322

15000-loss_z:0.048297,accu:0.999004,loss_recon:0.012453

15000-loss_z:9.509851,accu:0.531646,loss_recon:0.054458

15200-loss_z:0.04718,accu:0.99901,loss_recon:0.012305

15200-loss_z:9.655097,accu:0.518987,loss_recon:0.054454

15400-loss_z:0.04439,accu:1.0,loss_recon:0.012285

15400-loss_z:9.800582,accu:0.531646,loss_recon:0.055275

15600-loss_z:0.043547,accu:0.999701,loss_recon:0.01218

15600-loss_z:9.907285,accu:0.506329,loss_recon:0.055802

15800-loss_z:0.041978,accu:0.999531,loss_recon:0.01245

15800-loss_z:10.071355,accu:0.506329,loss_recon:0.054956

16000-loss_z:0.039943,accu:1.0,loss_recon:0.012218

16000-loss_z:10.258734,accu:0.506329,loss_recon:0.057276

16200-loss_z:0.03777,accu:1.0,loss_recon:0.012289

16200-loss_z:10.359271,accu:0.506329,loss_recon:0.05557

16400-loss_z:0.036794,accu:0.999902,loss_recon:0.012117

16400-loss_z:10.461815,accu:0.518987,loss_recon:0.055207

16600-loss_z:0.035074,accu:1.0,loss_recon:0.012114

16600-loss_z:10.646138,accu:0.518987,loss_recon:0.055948

16800-loss_z:0.033379,accu:1.0,loss_recon:0.012266

16800-loss_z:10.739359,accu:0.518987,loss_recon:0.05298

17000-loss_z:0.032578,accu:1.0,loss_recon:0.011936

17000-loss_z:10.85497,accu:0.518987,loss_recon:0.054304

17200-loss_z:0.031111,accu:1.0,loss_recon:0.012017

17200-loss_z:10.972044,accu:0.506329,loss_recon:0.055411

17400-loss_z:0.030458,accu:1.0,loss_recon:0.012011

17400-loss_z:11.054617,accu:0.518987,loss_recon:0.052536

17600-loss_z:0.028641,accu:1.0,loss_recon:0.011887

17600-loss_z:11.15481,accu:0.518987,loss_recon:0.054155

17800-loss_z:0.027891,accu:1.0,loss_recon:0.011758

17800-loss_z:11.274014,accu:0.531646,loss_recon:0.052353

18000-loss_z:0.026564,accu:1.0,loss_recon:0.011881

18000-loss_z:11.356585,accu:0.506329,loss_recon:0.053805

18200-loss_z:0.025154,accu:1.0,loss_recon:0.011807

18200-loss_z:11.450377,accu:0.493671,loss_recon:0.05198

18400-loss_z:0.023793,accu:1.0,loss_recon:0.011728

18400-loss_z:11.528914,accu:0.506329,loss_recon:0.054001

18600-loss_z:0.023031,accu:1.0,loss_recon:0.011938

18600-loss_z:11.588923,accu:0.493671,loss_recon:0.052948

18800-loss_z:0.021775,accu:1.0,loss_recon:0.011672

18800-loss_z:11.637417,accu:0.518987,loss_recon:0.052973

19000-loss_z:0.02108,accu:1.0,loss_recon:0.011781

19000-loss_z:11.755596,accu:0.506329,loss_recon:0.052779

19200-loss_z:0.020325,accu:1.0,loss_recon:0.011726

19200-loss_z:11.78453,accu:0.506329,loss_recon:0.051908

19400-loss_z:0.019287,accu:1.0,loss_recon:0.01177

19400-loss_z:11.881811,accu:0.506329,loss_recon:0.053235

19600-loss_z:0.018493,accu:1.0,loss_recon:0.011803

19600-loss_z:11.982928,accu:0.506329,loss_recon:0.053094

19800-loss_z:0.017538,accu:1.0,loss_recon:0.011821

19800-loss_z:12.00708,accu:0.518987,loss_recon:0.052202

20000-loss_z:0.016272,accu:1.0,loss_recon:0.011552

20000-loss_z:12.045419,accu:0.518987,loss_recon:0.054189

Exp path: /home/xuanjie.liu/Projects/S3Plus/VQ/exp/2025.05.18_10vq_Zc[2]_Zs[0]_edim1_[0-20]_plus1024_1_tripleSet_Fullsymm
{'train_data_path': '/home/xuanjie.liu/Projects/S3Plus/VQ/exp/2025.05.18_10vq_Zc[2]_Zs[0]_edim1_[0-20]_plus1024_1_tripleSet_Fullsymm/../../../dataset/single_style_pairs(0,20)_tripleSet/train', 'single_img_eval_set_path': '/home/xuanjie.liu/Projects/S3Plus/VQ/exp/2025.05.18_10vq_Zc[2]_Zs[0]_edim1_[0-20]_plus1024_1_tripleSet_Fullsymm/../../../dataset/(0,20)-FixedPos-oneStyle', 'plus_eval_set_path': ['/home/xuanjie.liu/Projects/S3Plus/VQ/exp/2025.05.18_10vq_Zc[2]_Zs[0]_edim1_[0-20]_plus1024_1_tripleSet_Fullsymm/../../../dataset/single_style_pairs(0,20)_tripleSet/test_1', '/home/xuanjie.liu/Projects/S3Plus/VQ/exp/2025.05.18_10vq_Zc[2]_Zs[0]_edim1_[0-20]_plus1024_1_tripleSet_Fullsymm/../../../dataset/single_style_pairs(0,20)_tripleSet/test_2'], 'latent_embedding_1': 2, 'latent_embedding_2': 0, 'multi_num_embeddings': None, 'latent_code_2': 0, 'embedding_dim': 1, 'is_plot_zc_value': True, 'embeddings_num': 10, 'is_plot_vis_num': True, 'kld_loss_scalar': 0.0, 'checkpoint_interval': 2000, 'learning_rate': 0.0001, 'scheduler_base_num': 0.99999, 'max_iter_num': 50001, 'model_path': 'curr_model.pt', 'train_result_path': 'TrainingResults/', 'eval_result_path': 'EvalResults/', 'train_record_path': 'Train_record.txt', 'eval_record_path': 'Eval_record.txt', 'plus_accu_record_path': 'plus_eval.txt', 'log_interval': 500, 'eval_interval': 2000, 'is_save_img': True, 'batch_size': 128, 'is_commutative_train': False, 'is_commutative_all': False, 'z_plus_loss_scalar': 0.02, 'commutative_z_loss_scalar': 0.0, 'associative_z_loss_scalar': 0.02, 'plus_mse_scalar': -1, 'plus_recon_loss_scalar': 3, 'min_loss_scalar': 1e-05, 'K': 1024, 'assoc_aug_range': (-3, 3), 'commitment_scalar': 0.0025, 'embedding_scalar': 0.01, 'isVQStyle': False, 'plus_by_embedding': True, 'plus_by_zcode': False, 'VQPlus_eqLoss_scalar': 0.5, 'is_zc_based_assoc': True, 'is_rand_z_assoc': False, 'is_assoc_within_batch': True, 'is_switch_digital': False, 'is_full_symm': True, 'is_assoc': False, 'is_twice_oper': False, 'img_noise': 0.0, 'network_config': {'enc_dec': {'img_channel': 3, 'last_H': 4, 'last_W': 4, 'first_ch_num': 16}, 'enc_fc': {'n_units': 128, 'n_hidden_layers': 2}, 'plus': {'plus_unit': 1024, 'n_hidden_layers': 2}}, 'eval_config': {'pipeline_result_path': 'PIPELINE_EVAL', 'optimal_checkpoint_finding_config': {'optimal_checkpoint_num': 'find_by_keys', 'record_name': 'Train_record.txt', 'keys': ['plus_recon', 'plus_z', 'loss_oper', 'loss_ED'], 'iter_after': 0.1}, 'plus_eval_configs': [{'name': 'eval_set', 'eval_set_path_list': ['/home/xuanjie.liu/Projects/S3Plus/VQ/exp/2025.05.18_10vq_Zc[2]_Zs[0]_edim1_[0-20]_plus1024_1_tripleSet_Fullsymm/../../../dataset/single_style_pairs(0,20)_tripleSet/test_1', '/home/xuanjie.liu/Projects/S3Plus/VQ/exp/2025.05.18_10vq_Zc[2]_Zs[0]_edim1_[0-20]_plus1024_1_tripleSet_Fullsymm/../../../dataset/single_style_pairs(0,20)_tripleSet/test_2'], 'is_blur': False, 'blur_config': {'kernel_size_choices': (5, 7, 9), 'sigma_range': (0.5, 3.0), 'p_no_blur': 0.0}, 'augment_times': 1}], 'emb_matching_rate_configs': [{'name': 'emb_matching_rate', 'eval_set_path_list': ['/home/xuanjie.liu/Projects/S3Plus/VQ/exp/2025.05.18_10vq_Zc[2]_Zs[0]_edim1_[0-20]_plus1024_1_tripleSet_Fullsymm/../../../dataset/(0,20)-FixedPos-oneStyle'], 'is_blur': False, 'blur_config': {'kernel_size_choices': (5, 7, 9), 'sigma_range': (0.5, 3.0), 'p_no_blur': 0.0}, 'augment_times': 1}], 'orderliness_configs': [{'name': 'orderliness', 'img_dir_name': 'orderliness', 'eval_set_path_list': ['/home/xuanjie.liu/Projects/S3Plus/VQ/exp/2025.05.18_10vq_Zc[2]_Zs[0]_edim1_[0-20]_plus1024_1_tripleSet_Fullsymm/../../../dataset/(0,20)-FixedPos-oneStyle'], 'is_blur': False, 'blur_config': {'kernel_size_choices': (5, 7, 9), 'sigma_range': (0.5, 3.0), 'p_no_blur': 0.0}, 'augment_times': 1}], 'interpolate_configs': [{'name': 'train_interpolate', 'eval_set_path_list': ['/home/xuanjie.liu/Projects/S3Plus/VQ/exp/2025.05.18_10vq_Zc[2]_Zs[0]_edim1_[0-20]_plus1024_1_tripleSet_Fullsymm/../../../dataset/single_style_pairs(0,20)_tripleSet/train'], 'is_blur': False, 'blur_config': {'kernel_size_choices': (5, 7, 9), 'sigma_range': (0.5, 3.0), 'p_no_blur': 0.0}, 'augment_times': 1, 'interpolate_num': 1}]}}
[{'task_name': 'minus_16_1.1', 'train_data_path': '/home/xuanjie.liu/Projects/S3Plus/VQ/exp/2025.05.18_10vq_Zc[2]_Zs[0]_edim1_[0-20]_plus1024_1_tripleSet_Fullsymm/../../../dataset/single_style_pairs_minus(0,20)/train', 'eval_data_path': '/home/xuanjie.liu/Projects/S3Plus/VQ/exp/2025.05.18_10vq_Zc[2]_Zs[0]_edim1_[0-20]_plus1024_1_tripleSet_Fullsymm/../../../dataset/single_style_pairs_minus(0,20)/test', 'batch_size': 128, 'train_record_path': 'train_record.txt', 'eval_record_path': 'eval_record.txt', 'pretrained_path': 'checkpoint_40000.pt', 'fc_model_path': 'minus_model.pt', 'max_iter_num': 20001, 'log_interval': 200, 'num_class': 21, 'fc_network_config': {'plus_unit': 16, 'n_hidden_layers': 1}, 'learning_rate': 0.001}]
Sub-Exp path: /home/xuanjie.liu/Projects/S3Plus/VQ/exp/2025.05.18_10vq_Zc[2]_Zs[0]_edim1_[0-20]_plus1024_1_tripleSet_Fullsymm/19
Optimal checkpoint: 48000
Pretrained Model is loaded
Continue training
New FC model is initialized
200-loss_z:2.59087,accu:0.157507,loss_recon:0.842447

200-loss_z:2.602992,accu:0.075949,loss_recon:0.405797

400-loss_z:2.006619,accu:0.319961,loss_recon:0.287961

400-loss_z:2.30529,accu:0.151899,loss_recon:0.262209

600-loss_z:1.691444,accu:0.41541,loss_recon:0.193839

600-loss_z:2.218626,accu:0.164557,loss_recon:0.224281

800-loss_z:1.486394,accu:0.476016,loss_recon:0.165862

800-loss_z:2.250263,accu:0.189873,loss_recon:0.218348

1000-loss_z:1.339813,accu:0.527201,loss_recon:0.156636

1000-loss_z:2.328826,accu:0.164557,loss_recon:0.212734

1200-loss_z:1.226475,accu:0.546699,loss_recon:0.152049

1200-loss_z:2.378356,accu:0.240506,loss_recon:0.217425

1400-loss_z:1.130109,accu:0.590501,loss_recon:0.147473

1400-loss_z:2.461337,accu:0.240506,loss_recon:0.218887

1600-loss_z:1.048766,accu:0.641634,loss_recon:0.144397

1600-loss_z:2.543497,accu:0.240506,loss_recon:0.222186

1800-loss_z:0.983186,accu:0.674473,loss_recon:0.141362

1800-loss_z:2.577092,accu:0.253165,loss_recon:0.217834

2000-loss_z:0.924443,accu:0.694805,loss_recon:0.140283

2000-loss_z:2.603244,accu:0.253165,loss_recon:0.219293

2200-loss_z:0.869611,accu:0.725234,loss_recon:0.13948

2200-loss_z:2.609206,accu:0.278481,loss_recon:0.217098

2400-loss_z:0.819115,accu:0.750547,loss_recon:0.136234

2400-loss_z:2.662225,accu:0.303797,loss_recon:0.221761

2600-loss_z:0.769904,accu:0.777116,loss_recon:0.134574

2600-loss_z:2.756696,accu:0.278481,loss_recon:0.213415

2800-loss_z:0.730455,accu:0.806797,loss_recon:0.13384

2800-loss_z:2.814654,accu:0.316456,loss_recon:0.214655

3000-loss_z:0.69653,accu:0.826647,loss_recon:0.131608

3000-loss_z:2.88872,accu:0.316456,loss_recon:0.217451

3200-loss_z:0.661724,accu:0.847923,loss_recon:0.130956

3200-loss_z:2.958654,accu:0.265823,loss_recon:0.212417

3400-loss_z:0.628502,accu:0.863516,loss_recon:0.130645

3400-loss_z:3.028749,accu:0.303797,loss_recon:0.208909

3600-loss_z:0.590982,accu:0.872174,loss_recon:0.127909

3600-loss_z:3.14884,accu:0.291139,loss_recon:0.20852

3800-loss_z:0.562153,accu:0.889401,loss_recon:0.125395

3800-loss_z:3.222812,accu:0.303797,loss_recon:0.209734

4000-loss_z:0.540369,accu:0.896211,loss_recon:0.12748

4000-loss_z:3.333211,accu:0.316456,loss_recon:0.210285

4200-loss_z:0.512417,accu:0.908711,loss_recon:0.128861

4200-loss_z:3.447775,accu:0.316456,loss_recon:0.212318

4400-loss_z:0.490376,accu:0.918555,loss_recon:0.126986

4400-loss_z:3.509071,accu:0.329114,loss_recon:0.20953

4600-loss_z:0.467932,accu:0.914408,loss_recon:0.12736

4600-loss_z:3.630552,accu:0.329114,loss_recon:0.21256

4800-loss_z:0.446532,accu:0.928255,loss_recon:0.128459

4800-loss_z:3.770293,accu:0.35443,loss_recon:0.213789

5000-loss_z:0.427741,accu:0.929049,loss_recon:0.126467

5000-loss_z:3.826363,accu:0.35443,loss_recon:0.207776

5200-loss_z:0.407994,accu:0.931764,loss_recon:0.125127

5200-loss_z:3.946564,accu:0.35443,loss_recon:0.213632

5400-loss_z:0.389728,accu:0.934987,loss_recon:0.12676

5400-loss_z:4.048361,accu:0.341772,loss_recon:0.215046

5600-loss_z:0.374505,accu:0.941465,loss_recon:0.124074

5600-loss_z:4.103484,accu:0.367089,loss_recon:0.215665

5800-loss_z:0.361119,accu:0.944714,loss_recon:0.12478

5800-loss_z:4.169086,accu:0.367089,loss_recon:0.214767

6000-loss_z:0.343112,accu:0.949473,loss_recon:0.124574

6000-loss_z:4.291122,accu:0.329114,loss_recon:0.213786

6200-loss_z:0.329807,accu:0.954186,loss_recon:0.126133

6200-loss_z:4.393145,accu:0.379747,loss_recon:0.214895

6400-loss_z:0.315165,accu:0.95513,loss_recon:0.124722

6400-loss_z:4.504905,accu:0.367089,loss_recon:0.210661

6600-loss_z:0.305889,accu:0.956322,loss_recon:0.124422

6600-loss_z:4.658907,accu:0.379747,loss_recon:0.215067

6800-loss_z:0.291777,accu:0.963887,loss_recon:0.124298

6800-loss_z:4.760453,accu:0.367089,loss_recon:0.210694

7000-loss_z:0.281147,accu:0.966367,loss_recon:0.125616

7000-loss_z:4.871594,accu:0.392405,loss_recon:0.212451

7200-loss_z:0.268826,accu:0.969277,loss_recon:0.123133

7200-loss_z:5.002733,accu:0.379747,loss_recon:0.21368

7400-loss_z:0.258033,accu:0.972813,loss_recon:0.122492

7400-loss_z:5.157726,accu:0.379747,loss_recon:0.209047

7600-loss_z:0.246706,accu:0.973952,loss_recon:0.123032

7600-loss_z:5.272098,accu:0.405063,loss_recon:0.208995

7800-loss_z:0.236668,accu:0.977422,loss_recon:0.121985

7800-loss_z:5.3771,accu:0.417722,loss_recon:0.211086

8000-loss_z:0.226401,accu:0.980163,loss_recon:0.123589

8000-loss_z:5.536956,accu:0.392405,loss_recon:0.215495

8200-loss_z:0.21795,accu:0.982786,loss_recon:0.12248

8200-loss_z:5.703099,accu:0.417722,loss_recon:0.212398

8400-loss_z:0.212387,accu:0.986172,loss_recon:0.121891

8400-loss_z:5.86379,accu:0.405063,loss_recon:0.212175

8600-loss_z:0.201185,accu:0.987721,loss_recon:0.121271

8600-loss_z:6.047332,accu:0.379747,loss_recon:0.215491

8800-loss_z:0.194407,accu:0.988958,loss_recon:0.121908

8800-loss_z:6.191602,accu:0.392405,loss_recon:0.209732

9000-loss_z:0.186395,accu:0.993691,loss_recon:0.120354

9000-loss_z:6.277936,accu:0.43038,loss_recon:0.212902

9200-loss_z:0.175596,accu:0.994225,loss_recon:0.119474

9200-loss_z:6.534335,accu:0.405063,loss_recon:0.215035

9400-loss_z:0.170127,accu:0.996745,loss_recon:0.119031

9400-loss_z:6.689108,accu:0.392405,loss_recon:0.2118

9600-loss_z:0.16348,accu:0.997813,loss_recon:0.117947

9600-loss_z:6.913054,accu:0.417722,loss_recon:0.205165

9800-loss_z:0.156136,accu:0.99931,loss_recon:0.116746

9800-loss_z:7.087399,accu:0.392405,loss_recon:0.204867

10000-loss_z:0.149664,accu:0.999421,loss_recon:0.11657

10000-loss_z:7.30398,accu:0.405063,loss_recon:0.203308

10200-loss_z:0.144252,accu:0.999818,loss_recon:0.114714

10200-loss_z:7.518907,accu:0.392405,loss_recon:0.201542

10400-loss_z:0.13863,accu:0.999382,loss_recon:0.116629

10400-loss_z:7.718019,accu:0.379747,loss_recon:0.203302

10600-loss_z:0.12938,accu:0.999837,loss_recon:0.11795

10600-loss_z:7.944578,accu:0.392405,loss_recon:0.20287

10800-loss_z:0.123562,accu:0.999798,loss_recon:0.115137

10800-loss_z:8.190403,accu:0.405063,loss_recon:0.201013

11000-loss_z:0.120739,accu:0.999844,loss_recon:0.114719

11000-loss_z:8.438419,accu:0.405063,loss_recon:0.206159

11200-loss_z:0.115212,accu:1.0,loss_recon:0.114726

11200-loss_z:8.683781,accu:0.417722,loss_recon:0.207237

11400-loss_z:0.109411,accu:1.0,loss_recon:0.113027

11400-loss_z:8.952886,accu:0.405063,loss_recon:0.201581

11600-loss_z:0.104337,accu:1.0,loss_recon:0.11383

11600-loss_z:9.21907,accu:0.405063,loss_recon:0.202804

11800-loss_z:0.100335,accu:0.999961,loss_recon:0.112789

11800-loss_z:9.4889,accu:0.392405,loss_recon:0.202346

12000-loss_z:0.095987,accu:1.0,loss_recon:0.112689

12000-loss_z:9.697219,accu:0.405063,loss_recon:0.198965

12200-loss_z:0.090136,accu:1.0,loss_recon:0.11372

12200-loss_z:9.960463,accu:0.417722,loss_recon:0.199114

12400-loss_z:0.087185,accu:1.0,loss_recon:0.1138

12400-loss_z:10.226036,accu:0.43038,loss_recon:0.201626

12600-loss_z:0.082242,accu:1.0,loss_recon:0.110909

12600-loss_z:10.409348,accu:0.417722,loss_recon:0.198744

12800-loss_z:0.077515,accu:1.0,loss_recon:0.109193

12800-loss_z:10.69323,accu:0.392405,loss_recon:0.19839

13000-loss_z:0.07459,accu:1.0,loss_recon:0.111339

13000-loss_z:10.89655,accu:0.417722,loss_recon:0.19775

13200-loss_z:0.07012,accu:1.0,loss_recon:0.109993

13200-loss_z:11.104398,accu:0.417722,loss_recon:0.191999

13400-loss_z:0.067146,accu:1.0,loss_recon:0.110402

13400-loss_z:11.379319,accu:0.43038,loss_recon:0.192446

13600-loss_z:0.063,accu:1.0,loss_recon:0.109953

13600-loss_z:11.601232,accu:0.43038,loss_recon:0.188553

13800-loss_z:0.060642,accu:1.0,loss_recon:0.108232

13800-loss_z:11.869876,accu:0.417722,loss_recon:0.18702

14000-loss_z:0.057228,accu:1.0,loss_recon:0.106626

14000-loss_z:12.102175,accu:0.417722,loss_recon:0.185742

14200-loss_z:0.053849,accu:1.0,loss_recon:0.107097

14200-loss_z:12.424444,accu:0.417722,loss_recon:0.187609

14400-loss_z:0.050608,accu:1.0,loss_recon:0.105106

14400-loss_z:12.783657,accu:0.43038,loss_recon:0.188936

14600-loss_z:0.047633,accu:1.0,loss_recon:0.105026

14600-loss_z:13.048582,accu:0.417722,loss_recon:0.187159

14800-loss_z:0.04489,accu:1.0,loss_recon:0.104985

14800-loss_z:13.415904,accu:0.417722,loss_recon:0.186286

15000-loss_z:0.043549,accu:1.0,loss_recon:0.107043

15000-loss_z:13.798789,accu:0.417722,loss_recon:0.183924

15200-loss_z:0.040526,accu:1.0,loss_recon:0.106825

15200-loss_z:14.24009,accu:0.417722,loss_recon:0.189634

15400-loss_z:0.03842,accu:1.0,loss_recon:0.105873

15400-loss_z:14.646699,accu:0.43038,loss_recon:0.185985

15600-loss_z:0.035467,accu:1.0,loss_recon:0.105612

15600-loss_z:14.996442,accu:0.417722,loss_recon:0.191302

15800-loss_z:0.033919,accu:1.0,loss_recon:0.10334

15800-loss_z:15.428526,accu:0.417722,loss_recon:0.190952

16000-loss_z:0.032047,accu:1.0,loss_recon:0.104168

16000-loss_z:15.854176,accu:0.43038,loss_recon:0.191752

16200-loss_z:0.030231,accu:1.0,loss_recon:0.102898

16200-loss_z:16.302404,accu:0.43038,loss_recon:0.191797

16400-loss_z:0.028737,accu:1.0,loss_recon:0.104588

16400-loss_z:16.706928,accu:0.43038,loss_recon:0.19391

16600-loss_z:0.027095,accu:1.0,loss_recon:0.105098

16600-loss_z:17.199635,accu:0.43038,loss_recon:0.200921

16800-loss_z:0.024918,accu:1.0,loss_recon:0.10346

16800-loss_z:17.590145,accu:0.443038,loss_recon:0.196262

17000-loss_z:0.023428,accu:1.0,loss_recon:0.102949

17000-loss_z:18.038977,accu:0.443038,loss_recon:0.195183

17200-loss_z:0.022288,accu:1.0,loss_recon:0.103938

17200-loss_z:18.442713,accu:0.443038,loss_recon:0.197328

17400-loss_z:0.020858,accu:1.0,loss_recon:0.103821

17400-loss_z:18.875553,accu:0.43038,loss_recon:0.20242

17600-loss_z:0.019382,accu:1.0,loss_recon:0.101968

17600-loss_z:19.247158,accu:0.443038,loss_recon:0.196449

17800-loss_z:0.018283,accu:1.0,loss_recon:0.102511

17800-loss_z:19.688431,accu:0.43038,loss_recon:0.198357

18000-loss_z:0.01711,accu:1.0,loss_recon:0.101127

18000-loss_z:20.142286,accu:0.443038,loss_recon:0.197147

18200-loss_z:0.016075,accu:1.0,loss_recon:0.100829

18200-loss_z:20.687857,accu:0.43038,loss_recon:0.201516

18400-loss_z:0.015032,accu:1.0,loss_recon:0.100216

18400-loss_z:21.113489,accu:0.443038,loss_recon:0.196389

18600-loss_z:0.014085,accu:1.0,loss_recon:0.101665

18600-loss_z:21.616467,accu:0.443038,loss_recon:0.196337

18800-loss_z:0.01313,accu:1.0,loss_recon:0.100695

18800-loss_z:22.039749,accu:0.443038,loss_recon:0.198037

19000-loss_z:0.012028,accu:1.0,loss_recon:0.101033

19000-loss_z:22.610258,accu:0.443038,loss_recon:0.195313

19200-loss_z:0.011477,accu:1.0,loss_recon:0.100728

19200-loss_z:23.048483,accu:0.443038,loss_recon:0.197758

19400-loss_z:0.010772,accu:1.0,loss_recon:0.099176

19400-loss_z:23.536659,accu:0.443038,loss_recon:0.195205

19600-loss_z:0.009965,accu:1.0,loss_recon:0.099883

19600-loss_z:23.978178,accu:0.443038,loss_recon:0.193522

19800-loss_z:0.009167,accu:1.0,loss_recon:0.100432

19800-loss_z:24.49305,accu:0.443038,loss_recon:0.195919

20000-loss_z:0.008687,accu:1.0,loss_recon:0.099313

20000-loss_z:24.993011,accu:0.443038,loss_recon:0.19432

Continue training
New FC model is initialized
200-loss_z:2.530515,accu:0.17996,loss_recon:0.755891

200-loss_z:2.576961,accu:0.101266,loss_recon:0.378885

400-loss_z:1.925564,accu:0.308288,loss_recon:0.241354

400-loss_z:2.414379,accu:0.126582,loss_recon:0.258812

600-loss_z:1.619243,accu:0.425911,loss_recon:0.186038

600-loss_z:2.366864,accu:0.177215,loss_recon:0.246703

800-loss_z:1.410745,accu:0.52224,loss_recon:0.170481

800-loss_z:2.361198,accu:0.164557,loss_recon:0.245024

1000-loss_z:1.261923,accu:0.57571,loss_recon:0.159298

1000-loss_z:2.39069,accu:0.21519,loss_recon:0.247182

1200-loss_z:1.141745,accu:0.636868,loss_recon:0.154389

1200-loss_z:2.371362,accu:0.265823,loss_recon:0.248952

1400-loss_z:1.047075,accu:0.682376,loss_recon:0.145958

1400-loss_z:2.370042,accu:0.253165,loss_recon:0.250258

1600-loss_z:0.965539,accu:0.725208,loss_recon:0.144808

1600-loss_z:2.390731,accu:0.253165,loss_recon:0.250206

1800-loss_z:0.893946,accu:0.745573,loss_recon:0.137269

1800-loss_z:2.420261,accu:0.253165,loss_recon:0.254268

2000-loss_z:0.833124,accu:0.780417,loss_recon:0.13435

2000-loss_z:2.438726,accu:0.253165,loss_recon:0.251512

2200-loss_z:0.777454,accu:0.79278,loss_recon:0.1311

2200-loss_z:2.459907,accu:0.278481,loss_recon:0.266557

2400-loss_z:0.726544,accu:0.811725,loss_recon:0.127357

2400-loss_z:2.516794,accu:0.303797,loss_recon:0.270044

2600-loss_z:0.688579,accu:0.81235,loss_recon:0.124512

2600-loss_z:2.56702,accu:0.291139,loss_recon:0.26618

2800-loss_z:0.644155,accu:0.839128,loss_recon:0.122655

2800-loss_z:2.675455,accu:0.341772,loss_recon:0.272008

3000-loss_z:0.608557,accu:0.848535,loss_recon:0.120756

3000-loss_z:2.796313,accu:0.265823,loss_recon:0.266845

3200-loss_z:0.575687,accu:0.863353,loss_recon:0.118137

3200-loss_z:2.869466,accu:0.303797,loss_recon:0.260878

3400-loss_z:0.541637,accu:0.877513,loss_recon:0.112496

3400-loss_z:2.985592,accu:0.303797,loss_recon:0.257594

3600-loss_z:0.519441,accu:0.885143,loss_recon:0.111575

3600-loss_z:3.083726,accu:0.341772,loss_recon:0.265804

3800-loss_z:0.492815,accu:0.889492,loss_recon:0.108942

3800-loss_z:3.192167,accu:0.341772,loss_recon:0.246906

4000-loss_z:0.465411,accu:0.900026,loss_recon:0.106552

4000-loss_z:3.323015,accu:0.303797,loss_recon:0.248259

4200-loss_z:0.442327,accu:0.912975,loss_recon:0.104983

4200-loss_z:3.428331,accu:0.341772,loss_recon:0.245304

4400-loss_z:0.422723,accu:0.918848,loss_recon:0.102725

4400-loss_z:3.54953,accu:0.367089,loss_recon:0.238925

4600-loss_z:0.40039,accu:0.928503,loss_recon:0.101279

4600-loss_z:3.644873,accu:0.35443,loss_recon:0.241988

4800-loss_z:0.383129,accu:0.931882,loss_recon:0.098226

4800-loss_z:3.774354,accu:0.341772,loss_recon:0.232322

5000-loss_z:0.363638,accu:0.943236,loss_recon:0.098446

5000-loss_z:3.859915,accu:0.35443,loss_recon:0.235233

5200-loss_z:0.350465,accu:0.950879,loss_recon:0.097895

5200-loss_z:3.950978,accu:0.35443,loss_recon:0.234048

5400-loss_z:0.337479,accu:0.955742,loss_recon:0.097001

5400-loss_z:4.038914,accu:0.367089,loss_recon:0.232137

5600-loss_z:0.321867,accu:0.958275,loss_recon:0.095591

5600-loss_z:4.148757,accu:0.367089,loss_recon:0.226393

5800-loss_z:0.306304,accu:0.962038,loss_recon:0.096043

5800-loss_z:4.231379,accu:0.379747,loss_recon:0.230474

6000-loss_z:0.29333,accu:0.966647,loss_recon:0.093354

6000-loss_z:4.306628,accu:0.43038,loss_recon:0.219308

6200-loss_z:0.280279,accu:0.973841,loss_recon:0.094041

6200-loss_z:4.396369,accu:0.417722,loss_recon:0.223128

6400-loss_z:0.269016,accu:0.973477,loss_recon:0.092652

6400-loss_z:4.458011,accu:0.43038,loss_recon:0.227608

6600-loss_z:0.25573,accu:0.973984,loss_recon:0.091982

6600-loss_z:4.525727,accu:0.43038,loss_recon:0.227298

6800-loss_z:0.244849,accu:0.978431,loss_recon:0.092014

6800-loss_z:4.62882,accu:0.417722,loss_recon:0.224329

7000-loss_z:0.23286,accu:0.978743,loss_recon:0.089922

7000-loss_z:4.697759,accu:0.417722,loss_recon:0.227727

7200-loss_z:0.223011,accu:0.985234,loss_recon:0.089014

7200-loss_z:4.764189,accu:0.455696,loss_recon:0.234647

7400-loss_z:0.21234,accu:0.984831,loss_recon:0.088087

7400-loss_z:4.870821,accu:0.443038,loss_recon:0.236096

7600-loss_z:0.202598,accu:0.987962,loss_recon:0.089087

7600-loss_z:4.979496,accu:0.443038,loss_recon:0.230653

7800-loss_z:0.194052,accu:0.98974,loss_recon:0.087882

7800-loss_z:5.10255,accu:0.455696,loss_recon:0.237785

8000-loss_z:0.187678,accu:0.989557,loss_recon:0.087817

8000-loss_z:5.246809,accu:0.443038,loss_recon:0.239447

8200-loss_z:0.179293,accu:0.992038,loss_recon:0.087212

8200-loss_z:5.375005,accu:0.468354,loss_recon:0.236594

8400-loss_z:0.171454,accu:0.991921,loss_recon:0.086522

8400-loss_z:5.573812,accu:0.468354,loss_recon:0.231003

8600-loss_z:0.164424,accu:0.992292,loss_recon:0.08794

8600-loss_z:5.753056,accu:0.468354,loss_recon:0.243768

8800-loss_z:0.157312,accu:0.992845,loss_recon:0.087981

8800-loss_z:5.929717,accu:0.481013,loss_recon:0.246052

9000-loss_z:0.151697,accu:0.993242,loss_recon:0.086404

9000-loss_z:6.071675,accu:0.493671,loss_recon:0.240118

9200-loss_z:0.144865,accu:0.993249,loss_recon:0.084634

9200-loss_z:6.235643,accu:0.481013,loss_recon:0.243961

9400-loss_z:0.138664,accu:0.993945,loss_recon:0.084579

9400-loss_z:6.397023,accu:0.481013,loss_recon:0.244102

9600-loss_z:0.131395,accu:0.995632,loss_recon:0.084561

9600-loss_z:6.595399,accu:0.468354,loss_recon:0.248258

9800-loss_z:0.126837,accu:0.995664,loss_recon:0.084532

9800-loss_z:6.759746,accu:0.493671,loss_recon:0.247989

10000-loss_z:0.121176,accu:0.995527,loss_recon:0.083559

10000-loss_z:6.932685,accu:0.481013,loss_recon:0.242182

10200-loss_z:0.115719,accu:0.996543,loss_recon:0.082943

10200-loss_z:7.114145,accu:0.493671,loss_recon:0.244575

10400-loss_z:0.110284,accu:0.996016,loss_recon:0.083209

10400-loss_z:7.311983,accu:0.468354,loss_recon:0.250938

10600-loss_z:0.106461,accu:0.996237,loss_recon:0.082803

10600-loss_z:7.503904,accu:0.506329,loss_recon:0.242258

10800-loss_z:0.10081,accu:0.998177,loss_recon:0.083025

10800-loss_z:7.722842,accu:0.481013,loss_recon:0.246843

11000-loss_z:0.096708,accu:0.997786,loss_recon:0.083448

11000-loss_z:7.882622,accu:0.506329,loss_recon:0.245578

11200-loss_z:0.092796,accu:0.997656,loss_recon:0.081276

11200-loss_z:8.108083,accu:0.506329,loss_recon:0.249026

11400-loss_z:0.088757,accu:0.997617,loss_recon:0.081413

11400-loss_z:8.305168,accu:0.518987,loss_recon:0.24908

11600-loss_z:0.085595,accu:0.99972,loss_recon:0.08087

11600-loss_z:8.462989,accu:0.506329,loss_recon:0.254756

11800-loss_z:0.0813,accu:0.99957,loss_recon:0.081508

11800-loss_z:8.71241,accu:0.506329,loss_recon:0.257898

12000-loss_z:0.077877,accu:1.0,loss_recon:0.078295

12000-loss_z:8.895617,accu:0.493671,loss_recon:0.249463

12200-loss_z:0.073294,accu:0.999753,loss_recon:0.079655

12200-loss_z:9.050982,accu:0.506329,loss_recon:0.251432

12400-loss_z:0.070413,accu:1.0,loss_recon:0.079922

12400-loss_z:9.227953,accu:0.481013,loss_recon:0.252935

12600-loss_z:0.068383,accu:1.0,loss_recon:0.079617

12600-loss_z:9.371912,accu:0.506329,loss_recon:0.24972

12800-loss_z:0.064377,accu:1.0,loss_recon:0.077709

12800-loss_z:9.565448,accu:0.518987,loss_recon:0.253576

13000-loss_z:0.06157,accu:1.0,loss_recon:0.078029

13000-loss_z:9.732363,accu:0.493671,loss_recon:0.262133

13200-loss_z:0.058902,accu:1.0,loss_recon:0.077981

13200-loss_z:9.919739,accu:0.506329,loss_recon:0.254941

13400-loss_z:0.055717,accu:1.0,loss_recon:0.078381

13400-loss_z:10.10838,accu:0.506329,loss_recon:0.258566

13600-loss_z:0.052901,accu:1.0,loss_recon:0.077673

13600-loss_z:10.288273,accu:0.518987,loss_recon:0.25678

13800-loss_z:0.051553,accu:1.0,loss_recon:0.077661

13800-loss_z:10.463037,accu:0.506329,loss_recon:0.251151

14000-loss_z:0.048311,accu:1.0,loss_recon:0.078397

14000-loss_z:10.616878,accu:0.493671,loss_recon:0.256922

14200-loss_z:0.046366,accu:1.0,loss_recon:0.077015

14200-loss_z:10.83484,accu:0.493671,loss_recon:0.25722

14400-loss_z:0.043274,accu:1.0,loss_recon:0.076997

14400-loss_z:10.971455,accu:0.481013,loss_recon:0.255441

14600-loss_z:0.041894,accu:1.0,loss_recon:0.077095

14600-loss_z:11.148114,accu:0.506329,loss_recon:0.258934

14800-loss_z:0.039745,accu:1.0,loss_recon:0.075749

14800-loss_z:11.332175,accu:0.493671,loss_recon:0.262107

15000-loss_z:0.037319,accu:1.0,loss_recon:0.075281

15000-loss_z:11.493878,accu:0.481013,loss_recon:0.26674

15200-loss_z:0.035993,accu:1.0,loss_recon:0.076846

15200-loss_z:11.653815,accu:0.493671,loss_recon:0.261255

15400-loss_z:0.034135,accu:1.0,loss_recon:0.075564

15400-loss_z:11.877237,accu:0.481013,loss_recon:0.267961

15600-loss_z:0.032459,accu:1.0,loss_recon:0.075579

15600-loss_z:12.031801,accu:0.468354,loss_recon:0.258085

15800-loss_z:0.030752,accu:1.0,loss_recon:0.075952

15800-loss_z:12.214294,accu:0.493671,loss_recon:0.268868

16000-loss_z:0.02969,accu:1.0,loss_recon:0.076092

16000-loss_z:12.38448,accu:0.468354,loss_recon:0.265977

16200-loss_z:0.027608,accu:1.0,loss_recon:0.076177

16200-loss_z:12.570991,accu:0.455696,loss_recon:0.270187

16400-loss_z:0.026694,accu:1.0,loss_recon:0.074421

16400-loss_z:12.748899,accu:0.493671,loss_recon:0.273614

16600-loss_z:0.02506,accu:1.0,loss_recon:0.0743

16600-loss_z:12.930264,accu:0.481013,loss_recon:0.271182

16800-loss_z:0.023644,accu:1.0,loss_recon:0.075104

16800-loss_z:13.140268,accu:0.481013,loss_recon:0.274551

17000-loss_z:0.022825,accu:1.0,loss_recon:0.073858

17000-loss_z:13.286216,accu:0.493671,loss_recon:0.274213

17200-loss_z:0.021375,accu:1.0,loss_recon:0.074111

17200-loss_z:13.468399,accu:0.481013,loss_recon:0.287477

17400-loss_z:0.020518,accu:1.0,loss_recon:0.073867

17400-loss_z:13.681934,accu:0.481013,loss_recon:0.274969

17600-loss_z:0.019274,accu:1.0,loss_recon:0.073402

17600-loss_z:13.891522,accu:0.481013,loss_recon:0.271205

17800-loss_z:0.018215,accu:1.0,loss_recon:0.074173

17800-loss_z:14.096642,accu:0.493671,loss_recon:0.260552

18000-loss_z:0.0174,accu:1.0,loss_recon:0.073098

18000-loss_z:14.284802,accu:0.493671,loss_recon:0.266207

18200-loss_z:0.016551,accu:1.0,loss_recon:0.0734

18200-loss_z:14.49776,accu:0.493671,loss_recon:0.283913

18400-loss_z:0.015767,accu:1.0,loss_recon:0.073836

18400-loss_z:14.719834,accu:0.468354,loss_recon:0.272731

18600-loss_z:0.014847,accu:1.0,loss_recon:0.073671

18600-loss_z:14.903113,accu:0.493671,loss_recon:0.27813

18800-loss_z:0.013939,accu:1.0,loss_recon:0.073503

18800-loss_z:15.081671,accu:0.493671,loss_recon:0.276578

19000-loss_z:0.013317,accu:1.0,loss_recon:0.073542

19000-loss_z:15.265513,accu:0.493671,loss_recon:0.269358

19200-loss_z:0.01245,accu:1.0,loss_recon:0.073034

19200-loss_z:15.470743,accu:0.481013,loss_recon:0.273741

19400-loss_z:0.011719,accu:1.0,loss_recon:0.072711

19400-loss_z:15.646389,accu:0.481013,loss_recon:0.282241

19600-loss_z:0.01122,accu:1.0,loss_recon:0.071603

19600-loss_z:15.85132,accu:0.468354,loss_recon:0.282584

19800-loss_z:0.010494,accu:1.0,loss_recon:0.070902

19800-loss_z:16.045116,accu:0.506329,loss_recon:0.274517

20000-loss_z:0.009978,accu:1.0,loss_recon:0.070617

20000-loss_z:16.259983,accu:0.481013,loss_recon:0.281824

Continue training
New FC model is initialized
200-loss_z:2.535258,accu:0.190681,loss_recon:0.719031

200-loss_z:2.580184,accu:0.088608,loss_recon:0.439833

400-loss_z:1.916457,accu:0.341445,loss_recon:0.266255

400-loss_z:2.419764,accu:0.113924,loss_recon:0.296595

600-loss_z:1.636544,accu:0.414154,loss_recon:0.183648

600-loss_z:2.406959,accu:0.202532,loss_recon:0.246578

800-loss_z:1.459815,accu:0.492096,loss_recon:0.150548

800-loss_z:2.419342,accu:0.21519,loss_recon:0.229191

1000-loss_z:1.318507,accu:0.545247,loss_recon:0.134951

1000-loss_z:2.442389,accu:0.202532,loss_recon:0.213832

1200-loss_z:1.204392,accu:0.614759,loss_recon:0.123203

1200-loss_z:2.510283,accu:0.240506,loss_recon:0.215523

1400-loss_z:1.106636,accu:0.648763,loss_recon:0.113835

1400-loss_z:2.580731,accu:0.227848,loss_recon:0.215167

1600-loss_z:1.029414,accu:0.676289,loss_recon:0.110744

1600-loss_z:2.617215,accu:0.202532,loss_recon:0.210587

1800-loss_z:0.958875,accu:0.690033,loss_recon:0.104484

1800-loss_z:2.677879,accu:0.253165,loss_recon:0.207192

2000-loss_z:0.895347,accu:0.71375,loss_recon:0.100134

2000-loss_z:2.77296,accu:0.265823,loss_recon:0.203161

2200-loss_z:0.841282,accu:0.730013,loss_recon:0.098924

2200-loss_z:2.828623,accu:0.291139,loss_recon:0.203444

2400-loss_z:0.791871,accu:0.768991,loss_recon:0.095488

2400-loss_z:2.886333,accu:0.265823,loss_recon:0.20116

2600-loss_z:0.745142,accu:0.793672,loss_recon:0.095493

2600-loss_z:2.954504,accu:0.278481,loss_recon:0.200029

2800-loss_z:0.700868,accu:0.808164,loss_recon:0.093118

2800-loss_z:3.04961,accu:0.291139,loss_recon:0.194109

3000-loss_z:0.664793,accu:0.834674,loss_recon:0.092806

3000-loss_z:3.116282,accu:0.291139,loss_recon:0.189109

3200-loss_z:0.629678,accu:0.861328,loss_recon:0.092636

3200-loss_z:3.204189,accu:0.291139,loss_recon:0.184882

3400-loss_z:0.600049,accu:0.877858,loss_recon:0.091632

3400-loss_z:3.318451,accu:0.278481,loss_recon:0.188286

3600-loss_z:0.566421,accu:0.888698,loss_recon:0.090367

3600-loss_z:3.397632,accu:0.316456,loss_recon:0.186238

3800-loss_z:0.538057,accu:0.902884,loss_recon:0.08848

3800-loss_z:3.508054,accu:0.316456,loss_recon:0.179831

4000-loss_z:0.508714,accu:0.913118,loss_recon:0.088611

4000-loss_z:3.636718,accu:0.291139,loss_recon:0.182286

4200-loss_z:0.487494,accu:0.922135,loss_recon:0.087016

4200-loss_z:3.736402,accu:0.329114,loss_recon:0.175291

4400-loss_z:0.462736,accu:0.921504,loss_recon:0.086684

4400-loss_z:3.819176,accu:0.35443,loss_recon:0.178003

4600-loss_z:0.438743,accu:0.930632,loss_recon:0.086158

4600-loss_z:3.957778,accu:0.316456,loss_recon:0.173945

4800-loss_z:0.418414,accu:0.934694,loss_recon:0.084672

4800-loss_z:4.09287,accu:0.316456,loss_recon:0.173507

5000-loss_z:0.400992,accu:0.944102,loss_recon:0.086135

5000-loss_z:4.226801,accu:0.35443,loss_recon:0.173488

5200-loss_z:0.382729,accu:0.952507,loss_recon:0.086035

5200-loss_z:4.369572,accu:0.367089,loss_recon:0.169876

5400-loss_z:0.366152,accu:0.959414,loss_recon:0.085185

5400-loss_z:4.503002,accu:0.35443,loss_recon:0.172002

5600-loss_z:0.345972,accu:0.962773,loss_recon:0.082933

5600-loss_z:4.694256,accu:0.35443,loss_recon:0.168938

5800-loss_z:0.332686,accu:0.960319,loss_recon:0.083758

5800-loss_z:4.839957,accu:0.329114,loss_recon:0.168017

6000-loss_z:0.316572,accu:0.970052,loss_recon:0.082371

6000-loss_z:4.985204,accu:0.379747,loss_recon:0.16775

6200-loss_z:0.301388,accu:0.974603,loss_recon:0.083568

6200-loss_z:5.15824,accu:0.367089,loss_recon:0.166595

6400-loss_z:0.288454,accu:0.973574,loss_recon:0.082961

6400-loss_z:5.391799,accu:0.35443,loss_recon:0.168843

6600-loss_z:0.275267,accu:0.980501,loss_recon:0.082393

6600-loss_z:5.528918,accu:0.379747,loss_recon:0.168786

6800-loss_z:0.261916,accu:0.979818,loss_recon:0.082211

6800-loss_z:5.72766,accu:0.379747,loss_recon:0.166214

7000-loss_z:0.250736,accu:0.982923,loss_recon:0.080847

7000-loss_z:5.944757,accu:0.379747,loss_recon:0.166431

7200-loss_z:0.23985,accu:0.982865,loss_recon:0.079697

7200-loss_z:6.142145,accu:0.379747,loss_recon:0.161897

7400-loss_z:0.22929,accu:0.986758,loss_recon:0.080977

7400-loss_z:6.328664,accu:0.379747,loss_recon:0.164977

7600-loss_z:0.217635,accu:0.98821,loss_recon:0.079606

7600-loss_z:6.54714,accu:0.379747,loss_recon:0.163839

7800-loss_z:0.210204,accu:0.992559,loss_recon:0.079135

7800-loss_z:6.7983,accu:0.367089,loss_recon:0.163385

8000-loss_z:0.198355,accu:0.992552,loss_recon:0.079151

8000-loss_z:7.01561,accu:0.405063,loss_recon:0.162436

8200-loss_z:0.19089,accu:0.994863,loss_recon:0.080761

8200-loss_z:7.250443,accu:0.417722,loss_recon:0.157878

8400-loss_z:0.183336,accu:0.995352,loss_recon:0.079678

8400-loss_z:7.495891,accu:0.379747,loss_recon:0.161201

8600-loss_z:0.172707,accu:0.998288,loss_recon:0.078373

8600-loss_z:7.750203,accu:0.392405,loss_recon:0.161102

8800-loss_z:0.164595,accu:0.997754,loss_recon:0.079254

8800-loss_z:8.027169,accu:0.392405,loss_recon:0.163528

9000-loss_z:0.156459,accu:0.998418,loss_recon:0.077528

9000-loss_z:8.292669,accu:0.417722,loss_recon:0.159448

9200-loss_z:0.149417,accu:0.999375,loss_recon:0.079501

9200-loss_z:8.587636,accu:0.417722,loss_recon:0.158098

9400-loss_z:0.142338,accu:0.99903,loss_recon:0.07884

9400-loss_z:8.818998,accu:0.392405,loss_recon:0.158476

9600-loss_z:0.135575,accu:0.999629,loss_recon:0.076829

9600-loss_z:9.087542,accu:0.392405,loss_recon:0.156347

9800-loss_z:0.131399,accu:0.999818,loss_recon:0.078629

9800-loss_z:9.390672,accu:0.392405,loss_recon:0.154458

10000-loss_z:0.123126,accu:0.999681,loss_recon:0.078139

10000-loss_z:9.729787,accu:0.379747,loss_recon:0.156123

10200-loss_z:0.118777,accu:1.0,loss_recon:0.078933

10200-loss_z:9.962569,accu:0.392405,loss_recon:0.153118

10400-loss_z:0.111536,accu:1.0,loss_recon:0.077835

10400-loss_z:10.289565,accu:0.405063,loss_recon:0.155283

10600-loss_z:0.106296,accu:1.0,loss_recon:0.077551

10600-loss_z:10.621161,accu:0.417722,loss_recon:0.155096

10800-loss_z:0.103267,accu:1.0,loss_recon:0.078268

10800-loss_z:10.938801,accu:0.417722,loss_recon:0.154403

11000-loss_z:0.097179,accu:1.0,loss_recon:0.076408

11000-loss_z:11.326066,accu:0.405063,loss_recon:0.152233

11200-loss_z:0.092856,accu:1.0,loss_recon:0.075676

11200-loss_z:11.676937,accu:0.405063,loss_recon:0.154405

11400-loss_z:0.08901,accu:1.0,loss_recon:0.076511

11400-loss_z:12.0733,accu:0.405063,loss_recon:0.152607

11600-loss_z:0.083501,accu:1.0,loss_recon:0.077222

11600-loss_z:12.515683,accu:0.417722,loss_recon:0.155206

11800-loss_z:0.080688,accu:1.0,loss_recon:0.077384

11800-loss_z:12.994754,accu:0.417722,loss_recon:0.1582

12000-loss_z:0.075975,accu:1.0,loss_recon:0.076809

12000-loss_z:13.450654,accu:0.417722,loss_recon:0.152084

12200-loss_z:0.071641,accu:1.0,loss_recon:0.076195

12200-loss_z:13.983837,accu:0.405063,loss_recon:0.153711

12400-loss_z:0.069077,accu:1.0,loss_recon:0.076018

12400-loss_z:14.540904,accu:0.43038,loss_recon:0.153545

12600-loss_z:0.065783,accu:1.0,loss_recon:0.077146

12600-loss_z:15.153697,accu:0.405063,loss_recon:0.154312

12800-loss_z:0.063049,accu:1.0,loss_recon:0.076338

12800-loss_z:15.740531,accu:0.405063,loss_recon:0.15578

13000-loss_z:0.059025,accu:1.0,loss_recon:0.076534

13000-loss_z:16.291101,accu:0.43038,loss_recon:0.155752

13200-loss_z:0.056273,accu:1.0,loss_recon:0.075536

13200-loss_z:16.759819,accu:0.43038,loss_recon:0.15561

13400-loss_z:0.05331,accu:1.0,loss_recon:0.075479

13400-loss_z:17.336426,accu:0.417722,loss_recon:0.153839

13600-loss_z:0.050756,accu:1.0,loss_recon:0.075677

13600-loss_z:17.894241,accu:0.405063,loss_recon:0.151085

13800-loss_z:0.048283,accu:1.0,loss_recon:0.075385

13800-loss_z:18.468494,accu:0.417722,loss_recon:0.150846

14000-loss_z:0.04517,accu:1.0,loss_recon:0.076012

14000-loss_z:19.005241,accu:0.43038,loss_recon:0.152524

14200-loss_z:0.042431,accu:1.0,loss_recon:0.074971

14200-loss_z:19.508476,accu:0.43038,loss_recon:0.152491

14400-loss_z:0.041391,accu:1.0,loss_recon:0.075713

14400-loss_z:20.084217,accu:0.405063,loss_recon:0.150627

14600-loss_z:0.038763,accu:1.0,loss_recon:0.075016

14600-loss_z:20.571318,accu:0.417722,loss_recon:0.1534

14800-loss_z:0.036601,accu:1.0,loss_recon:0.075317

14800-loss_z:21.08238,accu:0.405063,loss_recon:0.150026

15000-loss_z:0.034534,accu:1.0,loss_recon:0.075635

15000-loss_z:21.685076,accu:0.417722,loss_recon:0.148426

15200-loss_z:0.033373,accu:1.0,loss_recon:0.076145

15200-loss_z:22.237862,accu:0.417722,loss_recon:0.150887

15400-loss_z:0.031452,accu:1.0,loss_recon:0.075506

15400-loss_z:22.790606,accu:0.417722,loss_recon:0.150237

15600-loss_z:0.029652,accu:1.0,loss_recon:0.074495

15600-loss_z:23.376753,accu:0.417722,loss_recon:0.149941

15800-loss_z:0.028224,accu:1.0,loss_recon:0.075664

15800-loss_z:23.937382,accu:0.43038,loss_recon:0.152691

16000-loss_z:0.027092,accu:1.0,loss_recon:0.076187

16000-loss_z:24.484314,accu:0.43038,loss_recon:0.151957

16200-loss_z:0.025807,accu:1.0,loss_recon:0.074309

16200-loss_z:25.183968,accu:0.417722,loss_recon:0.148742

16400-loss_z:0.023995,accu:1.0,loss_recon:0.073994

16400-loss_z:25.727304,accu:0.417722,loss_recon:0.149631

16600-loss_z:0.022787,accu:1.0,loss_recon:0.073869

16600-loss_z:26.375349,accu:0.43038,loss_recon:0.149253

16800-loss_z:0.021554,accu:1.0,loss_recon:0.075601

16800-loss_z:27.043507,accu:0.43038,loss_recon:0.150354

17000-loss_z:0.020155,accu:1.0,loss_recon:0.074336

17000-loss_z:27.617722,accu:0.405063,loss_recon:0.149352

17200-loss_z:0.019342,accu:1.0,loss_recon:0.074822

17200-loss_z:28.232988,accu:0.417722,loss_recon:0.151151

17400-loss_z:0.018125,accu:1.0,loss_recon:0.074752

17400-loss_z:28.877567,accu:0.417722,loss_recon:0.152948

17600-loss_z:0.016925,accu:1.0,loss_recon:0.074786

17600-loss_z:29.508387,accu:0.405063,loss_recon:0.150221

17800-loss_z:0.016485,accu:1.0,loss_recon:0.074873

17800-loss_z:30.099634,accu:0.405063,loss_recon:0.156081

18000-loss_z:0.015169,accu:1.0,loss_recon:0.075092

18000-loss_z:30.723793,accu:0.405063,loss_recon:0.152987

18200-loss_z:0.014561,accu:1.0,loss_recon:0.075329

18200-loss_z:31.273825,accu:0.405063,loss_recon:0.150195

18400-loss_z:0.013958,accu:1.0,loss_recon:0.074103

18400-loss_z:31.91007,accu:0.405063,loss_recon:0.148464

18600-loss_z:0.01301,accu:1.0,loss_recon:0.075889

18600-loss_z:32.499401,accu:0.405063,loss_recon:0.153402

18800-loss_z:0.012321,accu:1.0,loss_recon:0.075288

18800-loss_z:33.073421,accu:0.405063,loss_recon:0.147619

19000-loss_z:0.011609,accu:1.0,loss_recon:0.075015

19000-loss_z:33.671589,accu:0.417722,loss_recon:0.15013

19200-loss_z:0.010997,accu:1.0,loss_recon:0.07416

19200-loss_z:34.274147,accu:0.417722,loss_recon:0.155514

19400-loss_z:0.010328,accu:1.0,loss_recon:0.07415

19400-loss_z:34.857491,accu:0.417722,loss_recon:0.152982

19600-loss_z:0.009647,accu:1.0,loss_recon:0.074383

19600-loss_z:35.455235,accu:0.43038,loss_recon:0.150638

19800-loss_z:0.009235,accu:1.0,loss_recon:0.074169

19800-loss_z:36.104534,accu:0.417722,loss_recon:0.153305

20000-loss_z:0.008499,accu:1.0,loss_recon:0.074431

20000-loss_z:36.696262,accu:0.417722,loss_recon:0.155309

Continue training
New FC model is initialized
200-loss_z:2.524354,accu:0.199705,loss_recon:0.910987

200-loss_z:2.544379,accu:0.101266,loss_recon:0.548767

400-loss_z:1.950137,accu:0.304616,loss_recon:0.359106

400-loss_z:2.423741,accu:0.126582,loss_recon:0.355747

600-loss_z:1.675877,accu:0.426732,loss_recon:0.214992

600-loss_z:2.401756,accu:0.151899,loss_recon:0.285388

800-loss_z:1.480667,accu:0.496348,loss_recon:0.171783

800-loss_z:2.474825,accu:0.164557,loss_recon:0.258524

1000-loss_z:1.337473,accu:0.549076,loss_recon:0.154912

1000-loss_z:2.530181,accu:0.177215,loss_recon:0.248418

1200-loss_z:1.218854,accu:0.605163,loss_recon:0.145783

1200-loss_z:2.628164,accu:0.126582,loss_recon:0.242497

1400-loss_z:1.119706,accu:0.64237,loss_recon:0.140547

1400-loss_z:2.730906,accu:0.177215,loss_recon:0.242715

1600-loss_z:1.043276,accu:0.667415,loss_recon:0.138478

1600-loss_z:2.818375,accu:0.177215,loss_recon:0.243009

1800-loss_z:0.973048,accu:0.698301,loss_recon:0.135791

1800-loss_z:2.900779,accu:0.202532,loss_recon:0.24146

2000-loss_z:0.914886,accu:0.72901,loss_recon:0.133446

2000-loss_z:3.000423,accu:0.240506,loss_recon:0.238714

2200-loss_z:0.858324,accu:0.752487,loss_recon:0.130904

2200-loss_z:3.112496,accu:0.202532,loss_recon:0.242619

2400-loss_z:0.807298,accu:0.771647,loss_recon:0.131722

2400-loss_z:3.220043,accu:0.265823,loss_recon:0.240493

2600-loss_z:0.768499,accu:0.785228,loss_recon:0.129262

2600-loss_z:3.338055,accu:0.227848,loss_recon:0.238958

2800-loss_z:0.722764,accu:0.802923,loss_recon:0.12812

2800-loss_z:3.441854,accu:0.265823,loss_recon:0.232448

3000-loss_z:0.68811,accu:0.82207,loss_recon:0.125949

3000-loss_z:3.546953,accu:0.303797,loss_recon:0.230598

3200-loss_z:0.655996,accu:0.841628,loss_recon:0.122718

3200-loss_z:3.678283,accu:0.316456,loss_recon:0.234241

3400-loss_z:0.625721,accu:0.855638,loss_recon:0.124485

3400-loss_z:3.77359,accu:0.341772,loss_recon:0.238099

3600-loss_z:0.592604,accu:0.870306,loss_recon:0.121684

3600-loss_z:3.87901,accu:0.341772,loss_recon:0.238009

3800-loss_z:0.566244,accu:0.879368,loss_recon:0.12037

3800-loss_z:4.021684,accu:0.316456,loss_recon:0.238078

4000-loss_z:0.542565,accu:0.888236,loss_recon:0.121229

4000-loss_z:4.116573,accu:0.329114,loss_recon:0.238976

4200-loss_z:0.521217,accu:0.891615,loss_recon:0.119787

4200-loss_z:4.263827,accu:0.341772,loss_recon:0.235353

4400-loss_z:0.498028,accu:0.900495,loss_recon:0.119421

4400-loss_z:4.363219,accu:0.35443,loss_recon:0.23332

4600-loss_z:0.476646,accu:0.905462,loss_recon:0.118344

4600-loss_z:4.458967,accu:0.405063,loss_recon:0.241183

4800-loss_z:0.453689,accu:0.904837,loss_recon:0.120432

4800-loss_z:4.609267,accu:0.392405,loss_recon:0.234967

5000-loss_z:0.43937,accu:0.912305,loss_recon:0.117376

5000-loss_z:4.753919,accu:0.367089,loss_recon:0.23909

5200-loss_z:0.419293,accu:0.919779,loss_recon:0.117408

5200-loss_z:4.857628,accu:0.392405,loss_recon:0.238736

5400-loss_z:0.402145,accu:0.921654,loss_recon:0.117858

5400-loss_z:4.993792,accu:0.35443,loss_recon:0.238851

5600-loss_z:0.387458,accu:0.929128,loss_recon:0.117254

5600-loss_z:5.137985,accu:0.43038,loss_recon:0.238026

5800-loss_z:0.372709,accu:0.935299,loss_recon:0.11556

5800-loss_z:5.26954,accu:0.379747,loss_recon:0.236582

6000-loss_z:0.359887,accu:0.934915,loss_recon:0.117208

6000-loss_z:5.401439,accu:0.379747,loss_recon:0.238759

6200-loss_z:0.343497,accu:0.939922,loss_recon:0.114573

6200-loss_z:5.540995,accu:0.392405,loss_recon:0.2382

6400-loss_z:0.330015,accu:0.942637,loss_recon:0.113602

6400-loss_z:5.675882,accu:0.392405,loss_recon:0.231236

6600-loss_z:0.317335,accu:0.944434,loss_recon:0.114533

6600-loss_z:5.827531,accu:0.417722,loss_recon:0.240187

6800-loss_z:0.304735,accu:0.942923,loss_recon:0.113025

6800-loss_z:5.960614,accu:0.379747,loss_recon:0.244932

7000-loss_z:0.292857,accu:0.949401,loss_recon:0.112879

7000-loss_z:6.122959,accu:0.417722,loss_recon:0.24098

7200-loss_z:0.281915,accu:0.953177,loss_recon:0.111282

7200-loss_z:6.285043,accu:0.379747,loss_recon:0.232105

7400-loss_z:0.274809,accu:0.952207,loss_recon:0.111738

7400-loss_z:6.407669,accu:0.443038,loss_recon:0.234317

7600-loss_z:0.263758,accu:0.954043,loss_recon:0.112725

7600-loss_z:6.557946,accu:0.417722,loss_recon:0.229785

7800-loss_z:0.254466,accu:0.959036,loss_recon:0.110719

7800-loss_z:6.713874,accu:0.43038,loss_recon:0.223597

8000-loss_z:0.243904,accu:0.965352,loss_recon:0.111419

8000-loss_z:6.842435,accu:0.455696,loss_recon:0.224633

8200-loss_z:0.238187,accu:0.966556,loss_recon:0.109732

8200-loss_z:7.002853,accu:0.468354,loss_recon:0.225029

8400-loss_z:0.22676,accu:0.968919,loss_recon:0.11011

8400-loss_z:7.109257,accu:0.455696,loss_recon:0.223377

8600-loss_z:0.219616,accu:0.968158,loss_recon:0.110126

8600-loss_z:7.285328,accu:0.468354,loss_recon:0.224792

8800-loss_z:0.210932,accu:0.973066,loss_recon:0.11047

8800-loss_z:7.464797,accu:0.455696,loss_recon:0.219972

9000-loss_z:0.204279,accu:0.974993,loss_recon:0.108873

9000-loss_z:7.57177,accu:0.468354,loss_recon:0.221362

9200-loss_z:0.198637,accu:0.975859,loss_recon:0.107991

9200-loss_z:7.727655,accu:0.455696,loss_recon:0.22183

9400-loss_z:0.190542,accu:0.976204,loss_recon:0.108604

9400-loss_z:7.875142,accu:0.481013,loss_recon:0.212899

9600-loss_z:0.182523,accu:0.977279,loss_recon:0.110552

9600-loss_z:7.976773,accu:0.455696,loss_recon:0.214466

9800-loss_z:0.176078,accu:0.979583,loss_recon:0.107899

9800-loss_z:8.125276,accu:0.493671,loss_recon:0.213792

10000-loss_z:0.171958,accu:0.981602,loss_recon:0.106497

10000-loss_z:8.272452,accu:0.481013,loss_recon:0.217088

10200-loss_z:0.16688,accu:0.983314,loss_recon:0.106694

10200-loss_z:8.40345,accu:0.493671,loss_recon:0.208843

10400-loss_z:0.15979,accu:0.987728,loss_recon:0.106524

10400-loss_z:8.512557,accu:0.493671,loss_recon:0.212315

10600-loss_z:0.15561,accu:0.985052,loss_recon:0.10658

10600-loss_z:8.647286,accu:0.493671,loss_recon:0.209314

10800-loss_z:0.149415,accu:0.988086,loss_recon:0.107219

10800-loss_z:8.754433,accu:0.506329,loss_recon:0.208921

11000-loss_z:0.144974,accu:0.990846,loss_recon:0.106123

11000-loss_z:8.899486,accu:0.506329,loss_recon:0.21148

11200-loss_z:0.139164,accu:0.991803,loss_recon:0.10582

11200-loss_z:8.991751,accu:0.493671,loss_recon:0.212317

11400-loss_z:0.135893,accu:0.991484,loss_recon:0.103462

11400-loss_z:9.126166,accu:0.493671,loss_recon:0.208633

11600-loss_z:0.131273,accu:0.994831,loss_recon:0.104265

11600-loss_z:9.222878,accu:0.493671,loss_recon:0.208802

11800-loss_z:0.126355,accu:0.996029,loss_recon:0.102856

11800-loss_z:9.347083,accu:0.506329,loss_recon:0.218657

12000-loss_z:0.120917,accu:0.995638,loss_recon:0.103408

12000-loss_z:9.437732,accu:0.518987,loss_recon:0.207108

12200-loss_z:0.11558,accu:0.994701,loss_recon:0.103969

12200-loss_z:9.439842,accu:0.506329,loss_recon:0.21115

12400-loss_z:0.112324,accu:0.995078,loss_recon:0.104846

12400-loss_z:9.456243,accu:0.518987,loss_recon:0.208563

12600-loss_z:0.108945,accu:0.996309,loss_recon:0.104004

12600-loss_z:9.541355,accu:0.506329,loss_recon:0.212175

12800-loss_z:0.104608,accu:0.996641,loss_recon:0.102548

12800-loss_z:9.657996,accu:0.518987,loss_recon:0.214731

13000-loss_z:0.100143,accu:0.996745,loss_recon:0.104593

13000-loss_z:9.698508,accu:0.531646,loss_recon:0.211594

13200-loss_z:0.098487,accu:0.997109,loss_recon:0.104921

13200-loss_z:9.729375,accu:0.531646,loss_recon:0.211616

13400-loss_z:0.093187,accu:0.997507,loss_recon:0.102208

13400-loss_z:9.755257,accu:0.531646,loss_recon:0.211479

13600-loss_z:0.090733,accu:0.998763,loss_recon:0.103011

13600-loss_z:9.845044,accu:0.531646,loss_recon:0.211308

13800-loss_z:0.087474,accu:0.999245,loss_recon:0.101768

13800-loss_z:9.922318,accu:0.531646,loss_recon:0.203893

14000-loss_z:0.084848,accu:0.999447,loss_recon:0.103842

14000-loss_z:9.916595,accu:0.518987,loss_recon:0.20977

14200-loss_z:0.081183,accu:0.999284,loss_recon:0.103112

14200-loss_z:10.046622,accu:0.518987,loss_recon:0.207212

14400-loss_z:0.079488,accu:0.999701,loss_recon:0.103478

14400-loss_z:10.115669,accu:0.518987,loss_recon:0.207675

14600-loss_z:0.075661,accu:0.999004,loss_recon:0.10121

14600-loss_z:10.211198,accu:0.506329,loss_recon:0.214507

14800-loss_z:0.072696,accu:1.0,loss_recon:0.100787

14800-loss_z:10.280316,accu:0.518987,loss_recon:0.207663

15000-loss_z:0.070826,accu:0.99972,loss_recon:0.100397

15000-loss_z:10.319781,accu:0.518987,loss_recon:0.206198

15200-loss_z:0.067811,accu:0.999655,loss_recon:0.100939

15200-loss_z:10.378447,accu:0.531646,loss_recon:0.205437

15400-loss_z:0.065127,accu:0.999225,loss_recon:0.10008

15400-loss_z:10.384789,accu:0.531646,loss_recon:0.207705

15600-loss_z:0.061963,accu:1.0,loss_recon:0.09883

15600-loss_z:10.468137,accu:0.506329,loss_recon:0.211692

15800-loss_z:0.061438,accu:1.0,loss_recon:0.099479

15800-loss_z:10.509536,accu:0.518987,loss_recon:0.209483

16000-loss_z:0.059012,accu:1.0,loss_recon:0.097915

16000-loss_z:10.506186,accu:0.531646,loss_recon:0.208518

16200-loss_z:0.055867,accu:0.99998,loss_recon:0.100087

16200-loss_z:10.614703,accu:0.506329,loss_recon:0.211373

16400-loss_z:0.054173,accu:1.0,loss_recon:0.098675

16400-loss_z:10.685618,accu:0.506329,loss_recon:0.207686

16600-loss_z:0.053145,accu:1.0,loss_recon:0.097287

16600-loss_z:10.761296,accu:0.518987,loss_recon:0.204602

16800-loss_z:0.049729,accu:1.0,loss_recon:0.096065

16800-loss_z:10.768251,accu:0.506329,loss_recon:0.205023

17000-loss_z:0.048672,accu:1.0,loss_recon:0.097478

17000-loss_z:10.744184,accu:0.506329,loss_recon:0.206112

17200-loss_z:0.047362,accu:1.0,loss_recon:0.095474

17200-loss_z:10.79264,accu:0.518987,loss_recon:0.204465

17400-loss_z:0.044883,accu:1.0,loss_recon:0.096153

17400-loss_z:10.972761,accu:0.518987,loss_recon:0.203384

17600-loss_z:0.043332,accu:1.0,loss_recon:0.095782

17600-loss_z:10.929008,accu:0.506329,loss_recon:0.207781

17800-loss_z:0.042506,accu:1.0,loss_recon:0.096727

17800-loss_z:10.948179,accu:0.506329,loss_recon:0.215128

18000-loss_z:0.040489,accu:1.0,loss_recon:0.094895

18000-loss_z:10.952765,accu:0.518987,loss_recon:0.207992

18200-loss_z:0.039119,accu:1.0,loss_recon:0.095121

18200-loss_z:11.183767,accu:0.506329,loss_recon:0.209415

18400-loss_z:0.037274,accu:1.0,loss_recon:0.094296

18400-loss_z:11.25994,accu:0.506329,loss_recon:0.208318

18600-loss_z:0.035773,accu:1.0,loss_recon:0.093504

18600-loss_z:11.168659,accu:0.493671,loss_recon:0.207754

18800-loss_z:0.034485,accu:1.0,loss_recon:0.095105

18800-loss_z:11.319061,accu:0.493671,loss_recon:0.210721

19000-loss_z:0.033704,accu:1.0,loss_recon:0.093476

19000-loss_z:11.247344,accu:0.493671,loss_recon:0.207824

19200-loss_z:0.031778,accu:1.0,loss_recon:0.094474

19200-loss_z:11.339117,accu:0.493671,loss_recon:0.208854

19400-loss_z:0.030655,accu:1.0,loss_recon:0.093769

19400-loss_z:11.268953,accu:0.506329,loss_recon:0.207908

19600-loss_z:0.029237,accu:1.0,loss_recon:0.093292

19600-loss_z:11.385561,accu:0.506329,loss_recon:0.210382

19800-loss_z:0.028026,accu:1.0,loss_recon:0.092536

19800-loss_z:11.467937,accu:0.506329,loss_recon:0.207924

20000-loss_z:0.027116,accu:1.0,loss_recon:0.092415

20000-loss_z:11.417397,accu:0.493671,loss_recon:0.212384

Continue training
New FC model is initialized
200-loss_z:2.569602,accu:0.185479,loss_recon:0.926118

200-loss_z:2.592911,accu:0.050633,loss_recon:0.548773

400-loss_z:1.899568,accu:0.337083,loss_recon:0.31213

400-loss_z:2.479494,accu:0.088608,loss_recon:0.31004

600-loss_z:1.607958,accu:0.441445,loss_recon:0.193328

600-loss_z:2.475556,accu:0.139241,loss_recon:0.258171

800-loss_z:1.411423,accu:0.525176,loss_recon:0.161506

800-loss_z:2.504186,accu:0.177215,loss_recon:0.237391

1000-loss_z:1.259744,accu:0.591055,loss_recon:0.148783

1000-loss_z:2.535115,accu:0.177215,loss_recon:0.238884

1200-loss_z:1.139655,accu:0.646693,loss_recon:0.140674

1200-loss_z:2.576266,accu:0.240506,loss_recon:0.235144

1400-loss_z:1.039603,accu:0.679329,loss_recon:0.136757

1400-loss_z:2.638558,accu:0.227848,loss_recon:0.235711

1600-loss_z:0.956142,accu:0.718477,loss_recon:0.131082

1600-loss_z:2.707268,accu:0.240506,loss_recon:0.231128

1800-loss_z:0.883153,accu:0.748288,loss_recon:0.129081

1800-loss_z:2.7778,accu:0.329114,loss_recon:0.229965

2000-loss_z:0.820342,accu:0.791211,loss_recon:0.120771

2000-loss_z:2.854089,accu:0.35443,loss_recon:0.225535

2200-loss_z:0.762765,accu:0.816895,loss_recon:0.115644

2200-loss_z:2.929953,accu:0.35443,loss_recon:0.217563

2400-loss_z:0.706643,accu:0.848197,loss_recon:0.112602

2400-loss_z:3.026215,accu:0.392405,loss_recon:0.226136

2600-loss_z:0.666537,accu:0.861615,loss_recon:0.10795

2600-loss_z:3.085451,accu:0.392405,loss_recon:0.220751

2800-loss_z:0.617523,accu:0.87474,loss_recon:0.106114

2800-loss_z:3.190116,accu:0.417722,loss_recon:0.219793

3000-loss_z:0.584259,accu:0.894102,loss_recon:0.103403

3000-loss_z:3.305032,accu:0.405063,loss_recon:0.213523

3200-loss_z:0.551657,accu:0.907435,loss_recon:0.100514

3200-loss_z:3.374568,accu:0.417722,loss_recon:0.209923

3400-loss_z:0.5233,accu:0.920697,loss_recon:0.096784

3400-loss_z:3.444021,accu:0.455696,loss_recon:0.209112

3600-loss_z:0.494922,accu:0.92944,loss_recon:0.09623

3600-loss_z:3.515195,accu:0.443038,loss_recon:0.216086

3800-loss_z:0.468304,accu:0.934499,loss_recon:0.094849

3800-loss_z:3.583976,accu:0.506329,loss_recon:0.216992

4000-loss_z:0.444027,accu:0.941419,loss_recon:0.092933

4000-loss_z:3.670448,accu:0.506329,loss_recon:0.215009

4200-loss_z:0.417451,accu:0.944056,loss_recon:0.094124

4200-loss_z:3.727649,accu:0.518987,loss_recon:0.209961

4400-loss_z:0.399851,accu:0.953216,loss_recon:0.092032

4400-loss_z:3.753316,accu:0.493671,loss_recon:0.214503

4600-loss_z:0.381776,accu:0.95597,loss_recon:0.092175

4600-loss_z:3.780813,accu:0.506329,loss_recon:0.21742

4800-loss_z:0.359982,accu:0.961745,loss_recon:0.091676

4800-loss_z:3.87954,accu:0.506329,loss_recon:0.213743

5000-loss_z:0.344191,accu:0.963913,loss_recon:0.0927

5000-loss_z:3.912512,accu:0.518987,loss_recon:0.209216

5200-loss_z:0.327903,accu:0.975215,loss_recon:0.09002

5200-loss_z:3.9764,accu:0.481013,loss_recon:0.209507

5400-loss_z:0.311272,accu:0.975039,loss_recon:0.089681

5400-loss_z:4.033334,accu:0.518987,loss_recon:0.208164

5600-loss_z:0.297852,accu:0.978418,loss_recon:0.089269

5600-loss_z:4.130731,accu:0.506329,loss_recon:0.208782

5800-loss_z:0.281106,accu:0.98138,loss_recon:0.087557

5800-loss_z:4.202931,accu:0.544304,loss_recon:0.205353

6000-loss_z:0.27059,accu:0.981348,loss_recon:0.08934

6000-loss_z:4.2525,accu:0.556962,loss_recon:0.206431

6200-loss_z:0.25744,accu:0.983802,loss_recon:0.087899

6200-loss_z:4.377936,accu:0.56962,loss_recon:0.202815

6400-loss_z:0.247951,accu:0.983822,loss_recon:0.087423

6400-loss_z:4.474589,accu:0.56962,loss_recon:0.202

6600-loss_z:0.236186,accu:0.985788,loss_recon:0.088516

6600-loss_z:4.572196,accu:0.582278,loss_recon:0.200308

6800-loss_z:0.224548,accu:0.984766,loss_recon:0.087391

6800-loss_z:4.686663,accu:0.531646,loss_recon:0.203391

7000-loss_z:0.215168,accu:0.984609,loss_recon:0.085375

7000-loss_z:4.798553,accu:0.556962,loss_recon:0.204677

7200-loss_z:0.204437,accu:0.987507,loss_recon:0.086632

7200-loss_z:4.875698,accu:0.56962,loss_recon:0.20029

7400-loss_z:0.195354,accu:0.987201,loss_recon:0.086629

7400-loss_z:5.017817,accu:0.544304,loss_recon:0.201071

7600-loss_z:0.186932,accu:0.989004,loss_recon:0.08645

7600-loss_z:5.092488,accu:0.556962,loss_recon:0.202429

7800-loss_z:0.178114,accu:0.992135,loss_recon:0.086452

7800-loss_z:5.192088,accu:0.56962,loss_recon:0.201304

8000-loss_z:0.167656,accu:0.993535,loss_recon:0.086073

8000-loss_z:5.348172,accu:0.556962,loss_recon:0.200669

8200-loss_z:0.159962,accu:0.993411,loss_recon:0.086334

8200-loss_z:5.448969,accu:0.544304,loss_recon:0.199301

8400-loss_z:0.153323,accu:0.993477,loss_recon:0.08517

8400-loss_z:5.565279,accu:0.556962,loss_recon:0.197104

8600-loss_z:0.146388,accu:0.995742,loss_recon:0.085428

8600-loss_z:5.679899,accu:0.56962,loss_recon:0.195592

8800-loss_z:0.139039,accu:0.997448,loss_recon:0.083426

8800-loss_z:5.768922,accu:0.556962,loss_recon:0.19833

9000-loss_z:0.131758,accu:0.997767,loss_recon:0.084389

9000-loss_z:5.907847,accu:0.556962,loss_recon:0.199726

9200-loss_z:0.125728,accu:0.998385,loss_recon:0.0847

9200-loss_z:6.072879,accu:0.556962,loss_recon:0.191875

9400-loss_z:0.121168,accu:0.999134,loss_recon:0.084147

9400-loss_z:6.132611,accu:0.544304,loss_recon:0.20115

9600-loss_z:0.113388,accu:0.998613,loss_recon:0.083167

9600-loss_z:6.248918,accu:0.544304,loss_recon:0.20207

9800-loss_z:0.107379,accu:0.998893,loss_recon:0.083555

9800-loss_z:6.415732,accu:0.544304,loss_recon:0.197494

10000-loss_z:0.101591,accu:1.0,loss_recon:0.084671

10000-loss_z:6.552682,accu:0.544304,loss_recon:0.195281

10200-loss_z:0.096285,accu:0.999844,loss_recon:0.083026

10200-loss_z:6.64913,accu:0.544304,loss_recon:0.199942

10400-loss_z:0.092228,accu:1.0,loss_recon:0.083099

10400-loss_z:6.798558,accu:0.556962,loss_recon:0.198357

10600-loss_z:0.087123,accu:1.0,loss_recon:0.084058

10600-loss_z:6.939477,accu:0.544304,loss_recon:0.196852

10800-loss_z:0.082866,accu:1.0,loss_recon:0.084276

10800-loss_z:7.0809,accu:0.556962,loss_recon:0.196633

11000-loss_z:0.076898,accu:1.0,loss_recon:0.083364

11000-loss_z:7.215399,accu:0.56962,loss_recon:0.200837

11200-loss_z:0.073148,accu:1.0,loss_recon:0.083966

11200-loss_z:7.333707,accu:0.544304,loss_recon:0.196579

11400-loss_z:0.069187,accu:1.0,loss_recon:0.08311

11400-loss_z:7.441915,accu:0.544304,loss_recon:0.201126

11600-loss_z:0.065587,accu:1.0,loss_recon:0.083388

11600-loss_z:7.606288,accu:0.556962,loss_recon:0.197444

11800-loss_z:0.062114,accu:1.0,loss_recon:0.082338

11800-loss_z:7.759851,accu:0.544304,loss_recon:0.198972

12000-loss_z:0.058309,accu:1.0,loss_recon:0.082979

12000-loss_z:7.981331,accu:0.544304,loss_recon:0.196598

12200-loss_z:0.055412,accu:1.0,loss_recon:0.082137

12200-loss_z:8.127778,accu:0.544304,loss_recon:0.196529

12400-loss_z:0.052196,accu:1.0,loss_recon:0.083827

12400-loss_z:8.270254,accu:0.544304,loss_recon:0.197053

12600-loss_z:0.048695,accu:1.0,loss_recon:0.082079

12600-loss_z:8.367421,accu:0.544304,loss_recon:0.196088

12800-loss_z:0.046182,accu:1.0,loss_recon:0.080669

12800-loss_z:8.494248,accu:0.556962,loss_recon:0.194897

13000-loss_z:0.043404,accu:1.0,loss_recon:0.082732

13000-loss_z:8.686358,accu:0.556962,loss_recon:0.199066

13200-loss_z:0.04087,accu:1.0,loss_recon:0.082304

13200-loss_z:8.814834,accu:0.556962,loss_recon:0.198091

13400-loss_z:0.038233,accu:1.0,loss_recon:0.08131

13400-loss_z:9.022744,accu:0.544304,loss_recon:0.195848

13600-loss_z:0.036377,accu:1.0,loss_recon:0.081559

13600-loss_z:9.155936,accu:0.556962,loss_recon:0.197065

13800-loss_z:0.034106,accu:1.0,loss_recon:0.08256

13800-loss_z:9.323832,accu:0.56962,loss_recon:0.196394

14000-loss_z:0.031998,accu:1.0,loss_recon:0.080985

14000-loss_z:9.453983,accu:0.582278,loss_recon:0.198007

14200-loss_z:0.030002,accu:1.0,loss_recon:0.080146

14200-loss_z:9.625269,accu:0.582278,loss_recon:0.197354

14400-loss_z:0.027792,accu:1.0,loss_recon:0.080654

14400-loss_z:9.767519,accu:0.582278,loss_recon:0.19774

14600-loss_z:0.026098,accu:1.0,loss_recon:0.082247

14600-loss_z:9.90859,accu:0.582278,loss_recon:0.196886

14800-loss_z:0.024351,accu:1.0,loss_recon:0.080792

14800-loss_z:10.080158,accu:0.582278,loss_recon:0.198762

15000-loss_z:0.022474,accu:1.0,loss_recon:0.080366

15000-loss_z:10.299375,accu:0.582278,loss_recon:0.195919

15200-loss_z:0.021159,accu:1.0,loss_recon:0.080551

15200-loss_z:10.431119,accu:0.582278,loss_recon:0.196482

15400-loss_z:0.019712,accu:1.0,loss_recon:0.07976

15400-loss_z:10.620733,accu:0.582278,loss_recon:0.198016

15600-loss_z:0.018465,accu:1.0,loss_recon:0.080294

15600-loss_z:10.762485,accu:0.56962,loss_recon:0.199195

15800-loss_z:0.017156,accu:1.0,loss_recon:0.080164

15800-loss_z:10.979298,accu:0.56962,loss_recon:0.194111

16000-loss_z:0.016066,accu:1.0,loss_recon:0.081601

16000-loss_z:11.177839,accu:0.56962,loss_recon:0.198339

16200-loss_z:0.015167,accu:1.0,loss_recon:0.079683

16200-loss_z:11.328948,accu:0.56962,loss_recon:0.197737

16400-loss_z:0.014276,accu:1.0,loss_recon:0.079494

16400-loss_z:11.462707,accu:0.56962,loss_recon:0.196688

16600-loss_z:0.013268,accu:1.0,loss_recon:0.0797

16600-loss_z:11.651484,accu:0.582278,loss_recon:0.193686

16800-loss_z:0.012344,accu:1.0,loss_recon:0.078888

16800-loss_z:11.824188,accu:0.556962,loss_recon:0.194394

17000-loss_z:0.011565,accu:1.0,loss_recon:0.078779

17000-loss_z:12.032496,accu:0.556962,loss_recon:0.192443

17200-loss_z:0.010681,accu:1.0,loss_recon:0.078171

17200-loss_z:12.154137,accu:0.56962,loss_recon:0.193753

17400-loss_z:0.010018,accu:1.0,loss_recon:0.078266

17400-loss_z:12.374466,accu:0.56962,loss_recon:0.19807

17600-loss_z:0.009318,accu:1.0,loss_recon:0.078474

17600-loss_z:12.577497,accu:0.56962,loss_recon:0.196741

17800-loss_z:0.008724,accu:1.0,loss_recon:0.078363

17800-loss_z:12.762563,accu:0.544304,loss_recon:0.193846

18000-loss_z:0.007941,accu:1.0,loss_recon:0.077092

18000-loss_z:12.948116,accu:0.544304,loss_recon:0.195801

18200-loss_z:0.007493,accu:1.0,loss_recon:0.077843

18200-loss_z:13.09572,accu:0.544304,loss_recon:0.191728

18400-loss_z:0.007099,accu:1.0,loss_recon:0.077329

18400-loss_z:13.264451,accu:0.544304,loss_recon:0.192899

18600-loss_z:0.006537,accu:1.0,loss_recon:0.077276

18600-loss_z:13.388385,accu:0.556962,loss_recon:0.192386

18800-loss_z:0.006139,accu:1.0,loss_recon:0.076135

18800-loss_z:13.608398,accu:0.556962,loss_recon:0.192844

19000-loss_z:0.00575,accu:1.0,loss_recon:0.076694

19000-loss_z:13.770506,accu:0.556962,loss_recon:0.194628

19200-loss_z:0.005343,accu:1.0,loss_recon:0.077479

19200-loss_z:13.949239,accu:0.556962,loss_recon:0.196728

19400-loss_z:0.004936,accu:1.0,loss_recon:0.076473

19400-loss_z:14.142777,accu:0.556962,loss_recon:0.191847

19600-loss_z:0.00465,accu:1.0,loss_recon:0.076138

19600-loss_z:14.314204,accu:0.556962,loss_recon:0.195167

19800-loss_z:0.00429,accu:1.0,loss_recon:0.076917

19800-loss_z:14.47466,accu:0.556962,loss_recon:0.197495

20000-loss_z:0.004057,accu:1.0,loss_recon:0.076139

20000-loss_z:14.653657,accu:0.556962,loss_recon:0.197108

Continue training
New FC model is initialized
200-loss_z:2.629187,accu:0.193887,loss_recon:0.845548

200-loss_z:2.687251,accu:0.063291,loss_recon:0.486386

400-loss_z:1.962242,accu:0.32276,loss_recon:0.276071

400-loss_z:2.524729,accu:0.088608,loss_recon:0.29199

600-loss_z:1.600236,accu:0.435566,loss_recon:0.185595

600-loss_z:2.548437,accu:0.113924,loss_recon:0.246368

800-loss_z:1.394772,accu:0.510872,loss_recon:0.167049

800-loss_z:2.592522,accu:0.126582,loss_recon:0.234031

1000-loss_z:1.249133,accu:0.560801,loss_recon:0.155573

1000-loss_z:2.680534,accu:0.126582,loss_recon:0.236008

1200-loss_z:1.141685,accu:0.607031,loss_recon:0.147115

1200-loss_z:2.729089,accu:0.189873,loss_recon:0.227675

1400-loss_z:1.058386,accu:0.650046,loss_recon:0.141537

1400-loss_z:2.822969,accu:0.21519,loss_recon:0.238739

1600-loss_z:0.981448,accu:0.690352,loss_recon:0.137077

1600-loss_z:2.860345,accu:0.202532,loss_recon:0.238065

1800-loss_z:0.91901,accu:0.725566,loss_recon:0.135466

1800-loss_z:2.971547,accu:0.21519,loss_recon:0.234534

2000-loss_z:0.866281,accu:0.750124,loss_recon:0.132194

2000-loss_z:3.048785,accu:0.227848,loss_recon:0.237592

2200-loss_z:0.813422,accu:0.770182,loss_recon:0.129525

2200-loss_z:3.131837,accu:0.227848,loss_recon:0.244062

2400-loss_z:0.772047,accu:0.792767,loss_recon:0.131446

2400-loss_z:3.242176,accu:0.240506,loss_recon:0.240005

2600-loss_z:0.732087,accu:0.810436,loss_recon:0.128647

2600-loss_z:3.341686,accu:0.240506,loss_recon:0.239219

2800-loss_z:0.695169,accu:0.823216,loss_recon:0.126893

2800-loss_z:3.451891,accu:0.265823,loss_recon:0.233176

3000-loss_z:0.664053,accu:0.831934,loss_recon:0.12679

3000-loss_z:3.533846,accu:0.253165,loss_recon:0.243816

3200-loss_z:0.631149,accu:0.842012,loss_recon:0.128709

3200-loss_z:3.635053,accu:0.265823,loss_recon:0.238635

3400-loss_z:0.598009,accu:0.853939,loss_recon:0.125924

3400-loss_z:3.756315,accu:0.253165,loss_recon:0.243227

3600-loss_z:0.574548,accu:0.863926,loss_recon:0.122935

3600-loss_z:3.846663,accu:0.303797,loss_recon:0.238698

3800-loss_z:0.544126,accu:0.878652,loss_recon:0.122403

3800-loss_z:4.009119,accu:0.265823,loss_recon:0.240367

4000-loss_z:0.518757,accu:0.888594,loss_recon:0.12351

4000-loss_z:4.121791,accu:0.329114,loss_recon:0.234634

4200-loss_z:0.499702,accu:0.900781,loss_recon:0.121834

4200-loss_z:4.281862,accu:0.329114,loss_recon:0.242067

4400-loss_z:0.474709,accu:0.911244,loss_recon:0.120887

4400-loss_z:4.461751,accu:0.329114,loss_recon:0.237275

4600-loss_z:0.455329,accu:0.922246,loss_recon:0.120133

4600-loss_z:4.628314,accu:0.316456,loss_recon:0.237475

4800-loss_z:0.435523,accu:0.925137,loss_recon:0.1184

4800-loss_z:4.810152,accu:0.329114,loss_recon:0.235092

5000-loss_z:0.414959,accu:0.933294,loss_recon:0.11789

5000-loss_z:4.970717,accu:0.35443,loss_recon:0.234796

5200-loss_z:0.396704,accu:0.938594,loss_recon:0.118

5200-loss_z:5.129302,accu:0.341772,loss_recon:0.234406

5400-loss_z:0.382838,accu:0.93875,loss_recon:0.119195

5400-loss_z:5.30091,accu:0.341772,loss_recon:0.238463

5600-loss_z:0.365342,accu:0.943073,loss_recon:0.119388

5600-loss_z:5.421292,accu:0.329114,loss_recon:0.237637

5800-loss_z:0.350025,accu:0.948372,loss_recon:0.118489

5800-loss_z:5.597912,accu:0.329114,loss_recon:0.235073

6000-loss_z:0.338012,accu:0.950039,loss_recon:0.117685

6000-loss_z:5.779119,accu:0.35443,loss_recon:0.229561

6200-loss_z:0.32372,accu:0.955605,loss_recon:0.118528

6200-loss_z:5.938068,accu:0.35443,loss_recon:0.234478

6400-loss_z:0.311398,accu:0.957279,loss_recon:0.116616

6400-loss_z:6.076281,accu:0.35443,loss_recon:0.225218

6600-loss_z:0.298383,accu:0.9564,loss_recon:0.116204

6600-loss_z:6.290999,accu:0.367089,loss_recon:0.225004

6800-loss_z:0.289863,accu:0.95832,loss_recon:0.116674

6800-loss_z:6.448831,accu:0.329114,loss_recon:0.22491

7000-loss_z:0.274591,accu:0.962767,loss_recon:0.114845

7000-loss_z:6.610771,accu:0.341772,loss_recon:0.226284

7200-loss_z:0.267541,accu:0.96528,loss_recon:0.115389

7200-loss_z:6.782077,accu:0.379747,loss_recon:0.230097

7400-loss_z:0.257048,accu:0.963743,loss_recon:0.116084

7400-loss_z:6.962527,accu:0.35443,loss_recon:0.22652

7600-loss_z:0.249582,accu:0.965306,loss_recon:0.114084

7600-loss_z:7.156875,accu:0.35443,loss_recon:0.224958

7800-loss_z:0.235846,accu:0.969225,loss_recon:0.114769

7800-loss_z:7.275007,accu:0.379747,loss_recon:0.222877

8000-loss_z:0.228395,accu:0.970788,loss_recon:0.113278

8000-loss_z:7.449744,accu:0.379747,loss_recon:0.225061

8200-loss_z:0.219285,accu:0.970143,loss_recon:0.111003

8200-loss_z:7.639876,accu:0.392405,loss_recon:0.228124

8400-loss_z:0.212711,accu:0.970755,loss_recon:0.113028

8400-loss_z:7.876146,accu:0.367089,loss_recon:0.222971

8600-loss_z:0.203835,accu:0.972988,loss_recon:0.113087

8600-loss_z:8.040195,accu:0.417722,loss_recon:0.221398

8800-loss_z:0.195196,accu:0.974863,loss_recon:0.111276

8800-loss_z:8.210793,accu:0.392405,loss_recon:0.219831

9000-loss_z:0.190937,accu:0.974375,loss_recon:0.111097

9000-loss_z:8.419111,accu:0.392405,loss_recon:0.218981

9200-loss_z:0.183741,accu:0.975879,loss_recon:0.110047

9200-loss_z:8.626912,accu:0.392405,loss_recon:0.21777

9400-loss_z:0.174841,accu:0.981914,loss_recon:0.110616

9400-loss_z:8.858827,accu:0.405063,loss_recon:0.223749

9600-loss_z:0.169093,accu:0.984167,loss_recon:0.110573

9600-loss_z:9.059829,accu:0.405063,loss_recon:0.210249

9800-loss_z:0.163125,accu:0.984551,loss_recon:0.110014

9800-loss_z:9.306081,accu:0.379747,loss_recon:0.214919

10000-loss_z:0.158075,accu:0.985658,loss_recon:0.109527

10000-loss_z:9.544744,accu:0.405063,loss_recon:0.214315

10200-loss_z:0.152305,accu:0.986191,loss_recon:0.110975

10200-loss_z:9.742099,accu:0.417722,loss_recon:0.209815

10400-loss_z:0.146396,accu:0.987767,loss_recon:0.110675

10400-loss_z:10.021105,accu:0.417722,loss_recon:0.219676

10600-loss_z:0.140121,accu:0.989583,loss_recon:0.108366

10600-loss_z:10.237348,accu:0.417722,loss_recon:0.211651

10800-loss_z:0.135129,accu:0.99015,loss_recon:0.109628

10800-loss_z:10.490621,accu:0.468354,loss_recon:0.221579

11000-loss_z:0.131275,accu:0.992129,loss_recon:0.109104

11000-loss_z:10.707369,accu:0.405063,loss_recon:0.209061

11200-loss_z:0.125838,accu:0.993372,loss_recon:0.107497

11200-loss_z:10.948969,accu:0.43038,loss_recon:0.217476

11400-loss_z:0.119112,accu:0.994414,loss_recon:0.106126

11400-loss_z:11.183681,accu:0.455696,loss_recon:0.214632

11600-loss_z:0.116551,accu:0.996055,loss_recon:0.108186

11600-loss_z:11.421898,accu:0.455696,loss_recon:0.213981

11800-loss_z:0.111933,accu:0.996654,loss_recon:0.108841

11800-loss_z:11.673481,accu:0.443038,loss_recon:0.221077

12000-loss_z:0.107474,accu:0.996068,loss_recon:0.108348

12000-loss_z:11.884175,accu:0.455696,loss_recon:0.209879

12200-loss_z:0.10253,accu:0.997396,loss_recon:0.108133

12200-loss_z:12.167772,accu:0.455696,loss_recon:0.209413

12400-loss_z:0.098317,accu:0.996862,loss_recon:0.106924

12400-loss_z:12.412539,accu:0.43038,loss_recon:0.211573

12600-loss_z:0.09443,accu:0.999661,loss_recon:0.106921

12600-loss_z:12.674056,accu:0.417722,loss_recon:0.206857

12800-loss_z:0.092701,accu:0.999238,loss_recon:0.106755

12800-loss_z:12.889894,accu:0.443038,loss_recon:0.210413

13000-loss_z:0.088373,accu:0.999245,loss_recon:0.105337

13000-loss_z:13.13337,accu:0.43038,loss_recon:0.213746

13200-loss_z:0.083067,accu:0.999844,loss_recon:0.106521

13200-loss_z:13.421531,accu:0.43038,loss_recon:0.210726

13400-loss_z:0.080358,accu:1.0,loss_recon:0.105265

13400-loss_z:13.655975,accu:0.417722,loss_recon:0.212776

13600-loss_z:0.076475,accu:1.0,loss_recon:0.107011

13600-loss_z:13.896096,accu:0.43038,loss_recon:0.209888

13800-loss_z:0.074545,accu:1.0,loss_recon:0.103258

13800-loss_z:14.155473,accu:0.43038,loss_recon:0.211712

14000-loss_z:0.071941,accu:1.0,loss_recon:0.105389

14000-loss_z:14.370982,accu:0.43038,loss_recon:0.210684

14200-loss_z:0.068205,accu:1.0,loss_recon:0.104939

14200-loss_z:14.633979,accu:0.43038,loss_recon:0.20967

14400-loss_z:0.065866,accu:1.0,loss_recon:0.103832

14400-loss_z:14.852403,accu:0.43038,loss_recon:0.20668

14600-loss_z:0.061085,accu:1.0,loss_recon:0.103711

14600-loss_z:15.098237,accu:0.43038,loss_recon:0.209946

14800-loss_z:0.059103,accu:1.0,loss_recon:0.104807

14800-loss_z:15.343558,accu:0.43038,loss_recon:0.216846

15000-loss_z:0.057491,accu:1.0,loss_recon:0.103158

15000-loss_z:15.624029,accu:0.417722,loss_recon:0.213631

15200-loss_z:0.05577,accu:1.0,loss_recon:0.105025

15200-loss_z:15.818626,accu:0.417722,loss_recon:0.22411

15400-loss_z:0.052563,accu:1.0,loss_recon:0.101937

15400-loss_z:16.041906,accu:0.417722,loss_recon:0.209312

15600-loss_z:0.050148,accu:1.0,loss_recon:0.098906

15600-loss_z:16.315392,accu:0.417722,loss_recon:0.200922

15800-loss_z:0.04787,accu:1.0,loss_recon:0.096643

15800-loss_z:16.585594,accu:0.43038,loss_recon:0.205681

16000-loss_z:0.045874,accu:1.0,loss_recon:0.093442

16000-loss_z:16.834152,accu:0.417722,loss_recon:0.205225

16200-loss_z:0.044083,accu:1.0,loss_recon:0.093863

16200-loss_z:17.093685,accu:0.405063,loss_recon:0.209712

16400-loss_z:0.041634,accu:1.0,loss_recon:0.092241

16400-loss_z:17.355646,accu:0.405063,loss_recon:0.21119

16600-loss_z:0.039998,accu:1.0,loss_recon:0.091423

16600-loss_z:17.66095,accu:0.405063,loss_recon:0.2081

16800-loss_z:0.037976,accu:1.0,loss_recon:0.088381

16800-loss_z:17.990866,accu:0.405063,loss_recon:0.210306

17000-loss_z:0.035786,accu:1.0,loss_recon:0.088253

17000-loss_z:18.245615,accu:0.417722,loss_recon:0.212227

17200-loss_z:0.034192,accu:1.0,loss_recon:0.08602

17200-loss_z:18.571276,accu:0.405063,loss_recon:0.214221

17400-loss_z:0.032562,accu:1.0,loss_recon:0.086505

17400-loss_z:18.879065,accu:0.405063,loss_recon:0.20927

17600-loss_z:0.03144,accu:1.0,loss_recon:0.085678

17600-loss_z:19.159191,accu:0.405063,loss_recon:0.210797

17800-loss_z:0.029215,accu:1.0,loss_recon:0.084297

17800-loss_z:19.393187,accu:0.405063,loss_recon:0.208747

18000-loss_z:0.028325,accu:1.0,loss_recon:0.08486

18000-loss_z:19.704855,accu:0.405063,loss_recon:0.216112

18200-loss_z:0.026284,accu:1.0,loss_recon:0.084089

18200-loss_z:19.934662,accu:0.405063,loss_recon:0.2139

18400-loss_z:0.025138,accu:1.0,loss_recon:0.081728

18400-loss_z:20.198729,accu:0.405063,loss_recon:0.209508

18600-loss_z:0.024145,accu:1.0,loss_recon:0.081024

18600-loss_z:20.519327,accu:0.405063,loss_recon:0.210096

18800-loss_z:0.022512,accu:1.0,loss_recon:0.07943

18800-loss_z:20.8116,accu:0.43038,loss_recon:0.207675

19000-loss_z:0.021495,accu:1.0,loss_recon:0.078389

19000-loss_z:21.063988,accu:0.417722,loss_recon:0.212372

19200-loss_z:0.020117,accu:1.0,loss_recon:0.078312

19200-loss_z:21.320589,accu:0.43038,loss_recon:0.218803

19400-loss_z:0.019451,accu:1.0,loss_recon:0.077102

19400-loss_z:21.667278,accu:0.43038,loss_recon:0.21044

19600-loss_z:0.018207,accu:1.0,loss_recon:0.07687

19600-loss_z:21.904081,accu:0.43038,loss_recon:0.212248

19800-loss_z:0.017474,accu:1.0,loss_recon:0.077089

19800-loss_z:22.193428,accu:0.417722,loss_recon:0.20962

20000-loss_z:0.016436,accu:1.0,loss_recon:0.077029

20000-loss_z:22.428879,accu:0.417722,loss_recon:0.211559

Continue training
New FC model is initialized
200-loss_z:2.550083,accu:0.173637,loss_recon:0.720669

200-loss_z:2.588479,accu:0.113924,loss_recon:0.419946

400-loss_z:1.929845,accu:0.309688,loss_recon:0.254455

400-loss_z:2.455421,accu:0.126582,loss_recon:0.28369

600-loss_z:1.630705,accu:0.411966,loss_recon:0.192514

600-loss_z:2.496114,accu:0.113924,loss_recon:0.259096

800-loss_z:1.437377,accu:0.492025,loss_recon:0.171398

800-loss_z:2.569514,accu:0.151899,loss_recon:0.245323

1000-loss_z:1.292685,accu:0.563288,loss_recon:0.159313

1000-loss_z:2.708453,accu:0.151899,loss_recon:0.23926

1200-loss_z:1.17863,accu:0.615612,loss_recon:0.15272

1200-loss_z:2.831981,accu:0.151899,loss_recon:0.229849

1400-loss_z:1.084383,accu:0.656413,loss_recon:0.147548

1400-loss_z:2.96209,accu:0.21519,loss_recon:0.231249

1600-loss_z:1.008614,accu:0.684284,loss_recon:0.142453

1600-loss_z:3.087678,accu:0.189873,loss_recon:0.221147

1800-loss_z:0.943994,accu:0.693314,loss_recon:0.139981

1800-loss_z:3.197203,accu:0.164557,loss_recon:0.221384

2000-loss_z:0.883356,accu:0.722624,loss_recon:0.13626

2000-loss_z:3.364266,accu:0.240506,loss_recon:0.213701

2200-loss_z:0.833563,accu:0.746888,loss_recon:0.136619

2200-loss_z:3.462997,accu:0.202532,loss_recon:0.214385

2400-loss_z:0.789236,accu:0.755879,loss_recon:0.132786

2400-loss_z:3.630317,accu:0.227848,loss_recon:0.216144

2600-loss_z:0.747894,accu:0.768548,loss_recon:0.13319

2600-loss_z:3.777247,accu:0.240506,loss_recon:0.213046

2800-loss_z:0.707478,accu:0.794629,loss_recon:0.130111

2800-loss_z:3.916291,accu:0.227848,loss_recon:0.211536

3000-loss_z:0.680142,accu:0.810482,loss_recon:0.129762

3000-loss_z:4.078512,accu:0.227848,loss_recon:0.212712

3200-loss_z:0.642971,accu:0.827624,loss_recon:0.128837

3200-loss_z:4.223461,accu:0.240506,loss_recon:0.207524

3400-loss_z:0.614724,accu:0.844023,loss_recon:0.126755

3400-loss_z:4.401042,accu:0.253165,loss_recon:0.210463

3600-loss_z:0.590103,accu:0.850234,loss_recon:0.124013

3600-loss_z:4.572042,accu:0.291139,loss_recon:0.207249

3800-loss_z:0.563269,accu:0.859362,loss_recon:0.124023

3800-loss_z:4.749826,accu:0.278481,loss_recon:0.20264

4000-loss_z:0.542751,accu:0.871914,loss_recon:0.122588

4000-loss_z:4.924249,accu:0.303797,loss_recon:0.205144

4200-loss_z:0.517863,accu:0.880163,loss_recon:0.122504

4200-loss_z:5.140296,accu:0.303797,loss_recon:0.20642

4400-loss_z:0.497022,accu:0.882383,loss_recon:0.121625

4400-loss_z:5.332915,accu:0.367089,loss_recon:0.204016

4600-loss_z:0.477835,accu:0.889453,loss_recon:0.120467

4600-loss_z:5.51195,accu:0.379747,loss_recon:0.202871

4800-loss_z:0.461647,accu:0.899798,loss_recon:0.120149

4800-loss_z:5.698356,accu:0.35443,loss_recon:0.203109

5000-loss_z:0.438867,accu:0.910273,loss_recon:0.120252

5000-loss_z:5.879787,accu:0.379747,loss_recon:0.202166

5200-loss_z:0.42348,accu:0.910313,loss_recon:0.118441

5200-loss_z:6.07921,accu:0.367089,loss_recon:0.203428

5400-loss_z:0.404851,accu:0.922142,loss_recon:0.117855

5400-loss_z:6.297091,accu:0.379747,loss_recon:0.209182

5600-loss_z:0.393901,accu:0.926927,loss_recon:0.117921

5600-loss_z:6.531687,accu:0.341772,loss_recon:0.20686

5800-loss_z:0.378585,accu:0.928242,loss_recon:0.117902

5800-loss_z:6.734138,accu:0.392405,loss_recon:0.198661

6000-loss_z:0.361465,accu:0.937129,loss_recon:0.117489

6000-loss_z:6.96065,accu:0.392405,loss_recon:0.19584

6200-loss_z:0.351777,accu:0.939857,loss_recon:0.116175

6200-loss_z:7.177017,accu:0.405063,loss_recon:0.197152

6400-loss_z:0.336532,accu:0.944134,loss_recon:0.114661

6400-loss_z:7.389442,accu:0.35443,loss_recon:0.193489

6600-loss_z:0.325267,accu:0.94735,loss_recon:0.114686

6600-loss_z:7.648272,accu:0.379747,loss_recon:0.199965

6800-loss_z:0.316283,accu:0.948145,loss_recon:0.11384

6800-loss_z:7.873181,accu:0.392405,loss_recon:0.198061

7000-loss_z:0.303134,accu:0.950293,loss_recon:0.114678

7000-loss_z:7.993089,accu:0.379747,loss_recon:0.195917

7200-loss_z:0.29322,accu:0.955182,loss_recon:0.111334

7200-loss_z:8.210857,accu:0.379747,loss_recon:0.197373

7400-loss_z:0.28363,accu:0.959154,loss_recon:0.111761

7400-loss_z:8.341966,accu:0.379747,loss_recon:0.199115

7600-loss_z:0.273305,accu:0.958789,loss_recon:0.110884

7600-loss_z:8.417926,accu:0.392405,loss_recon:0.197826

7800-loss_z:0.262758,accu:0.961823,loss_recon:0.108828

7800-loss_z:8.519942,accu:0.379747,loss_recon:0.199152

8000-loss_z:0.255679,accu:0.968958,loss_recon:0.108559

8000-loss_z:8.650872,accu:0.392405,loss_recon:0.194857

8200-loss_z:0.246064,accu:0.970247,loss_recon:0.109402

8200-loss_z:8.798013,accu:0.379747,loss_recon:0.194828

8400-loss_z:0.237863,accu:0.971556,loss_recon:0.10854

8400-loss_z:8.859522,accu:0.379747,loss_recon:0.199435

8600-loss_z:0.230808,accu:0.973516,loss_recon:0.107352

8600-loss_z:8.978318,accu:0.392405,loss_recon:0.197343

8800-loss_z:0.222298,accu:0.972982,loss_recon:0.107369

8800-loss_z:9.027247,accu:0.392405,loss_recon:0.200137

9000-loss_z:0.214624,accu:0.976211,loss_recon:0.105814

9000-loss_z:9.094001,accu:0.405063,loss_recon:0.201803

9200-loss_z:0.206896,accu:0.97612,loss_recon:0.104397

9200-loss_z:9.209295,accu:0.392405,loss_recon:0.204423

9400-loss_z:0.198542,accu:0.981328,loss_recon:0.102704

9400-loss_z:9.294417,accu:0.392405,loss_recon:0.194164

9600-loss_z:0.194846,accu:0.980879,loss_recon:0.101169

9600-loss_z:9.447933,accu:0.379747,loss_recon:0.191704

9800-loss_z:0.189415,accu:0.984115,loss_recon:0.09937

9800-loss_z:9.598324,accu:0.392405,loss_recon:0.19368

10000-loss_z:0.182128,accu:0.982897,loss_recon:0.097461

10000-loss_z:9.73819,accu:0.379747,loss_recon:0.195233

10200-loss_z:0.176521,accu:0.984837,loss_recon:0.09773

10200-loss_z:9.927464,accu:0.379747,loss_recon:0.193102

10400-loss_z:0.17114,accu:0.986634,loss_recon:0.095495

10400-loss_z:10.110989,accu:0.392405,loss_recon:0.196548

10600-loss_z:0.167221,accu:0.986406,loss_recon:0.095473

10600-loss_z:10.274732,accu:0.392405,loss_recon:0.201364

10800-loss_z:0.160296,accu:0.987604,loss_recon:0.095427

10800-loss_z:10.459897,accu:0.392405,loss_recon:0.195144

11000-loss_z:0.15443,accu:0.989453,loss_recon:0.093189

11000-loss_z:10.636408,accu:0.405063,loss_recon:0.200121

11200-loss_z:0.15047,accu:0.991003,loss_recon:0.093594

11200-loss_z:10.83079,accu:0.405063,loss_recon:0.194655

11400-loss_z:0.145516,accu:0.993262,loss_recon:0.092197

11400-loss_z:11.052302,accu:0.417722,loss_recon:0.193727

11600-loss_z:0.139909,accu:0.993053,loss_recon:0.091482

11600-loss_z:11.288232,accu:0.405063,loss_recon:0.201824

11800-loss_z:0.134837,accu:0.99457,loss_recon:0.090209

11800-loss_z:11.442682,accu:0.405063,loss_recon:0.192308

12000-loss_z:0.13183,accu:0.995462,loss_recon:0.090039

12000-loss_z:11.685823,accu:0.405063,loss_recon:0.195525

12200-loss_z:0.127074,accu:0.996029,loss_recon:0.087643

12200-loss_z:11.861247,accu:0.405063,loss_recon:0.191204

12400-loss_z:0.123342,accu:0.997669,loss_recon:0.08699

12400-loss_z:12.054016,accu:0.417722,loss_recon:0.195839

12600-loss_z:0.119638,accu:0.997689,loss_recon:0.086879

12600-loss_z:12.211684,accu:0.417722,loss_recon:0.188447

12800-loss_z:0.116105,accu:0.998203,loss_recon:0.087225

12800-loss_z:12.499001,accu:0.417722,loss_recon:0.195299

13000-loss_z:0.110244,accu:0.999434,loss_recon:0.08554

13000-loss_z:12.654202,accu:0.405063,loss_recon:0.19648

13200-loss_z:0.10834,accu:0.998574,loss_recon:0.084963

13200-loss_z:12.796379,accu:0.405063,loss_recon:0.195059

13400-loss_z:0.104979,accu:0.998704,loss_recon:0.083488

13400-loss_z:13.029857,accu:0.417722,loss_recon:0.189967

13600-loss_z:0.101487,accu:0.999238,loss_recon:0.08456

13600-loss_z:13.261538,accu:0.417722,loss_recon:0.193663

13800-loss_z:0.098804,accu:0.999883,loss_recon:0.08442

13800-loss_z:13.411496,accu:0.417722,loss_recon:0.193654

14000-loss_z:0.094535,accu:1.0,loss_recon:0.083894

14000-loss_z:13.627976,accu:0.405063,loss_recon:0.195513

14200-loss_z:0.090852,accu:1.0,loss_recon:0.081935

14200-loss_z:13.843035,accu:0.392405,loss_recon:0.19475

14400-loss_z:0.087364,accu:1.0,loss_recon:0.084018

14400-loss_z:14.030003,accu:0.405063,loss_recon:0.196416

14600-loss_z:0.084854,accu:1.0,loss_recon:0.081595

14600-loss_z:14.236742,accu:0.405063,loss_recon:0.189779

14800-loss_z:0.082215,accu:1.0,loss_recon:0.08177

14800-loss_z:14.418258,accu:0.405063,loss_recon:0.194267

15000-loss_z:0.080201,accu:1.0,loss_recon:0.081662

15000-loss_z:14.67122,accu:0.405063,loss_recon:0.196752

15200-loss_z:0.07727,accu:1.0,loss_recon:0.080449

15200-loss_z:14.845424,accu:0.405063,loss_recon:0.200087

15400-loss_z:0.073709,accu:1.0,loss_recon:0.081407

15400-loss_z:15.103993,accu:0.392405,loss_recon:0.191291

15600-loss_z:0.071586,accu:1.0,loss_recon:0.080202

15600-loss_z:15.294883,accu:0.392405,loss_recon:0.192059

15800-loss_z:0.068993,accu:1.0,loss_recon:0.080358

15800-loss_z:15.514157,accu:0.405063,loss_recon:0.19803

16000-loss_z:0.066251,accu:1.0,loss_recon:0.077917

16000-loss_z:15.7197,accu:0.405063,loss_recon:0.192588

16200-loss_z:0.062696,accu:1.0,loss_recon:0.077945

16200-loss_z:15.946668,accu:0.392405,loss_recon:0.193178

16400-loss_z:0.061375,accu:1.0,loss_recon:0.077512

16400-loss_z:16.177073,accu:0.405063,loss_recon:0.191863

16600-loss_z:0.058596,accu:1.0,loss_recon:0.078738

16600-loss_z:16.403816,accu:0.405063,loss_recon:0.190225

16800-loss_z:0.056745,accu:1.0,loss_recon:0.077549

16800-loss_z:16.636536,accu:0.392405,loss_recon:0.189068

17000-loss_z:0.053906,accu:1.0,loss_recon:0.077049

17000-loss_z:16.813547,accu:0.405063,loss_recon:0.18841

17200-loss_z:0.052567,accu:1.0,loss_recon:0.075566

17200-loss_z:17.053772,accu:0.405063,loss_recon:0.193591

17400-loss_z:0.050545,accu:1.0,loss_recon:0.076149

17400-loss_z:17.259453,accu:0.392405,loss_recon:0.195438

17600-loss_z:0.048582,accu:1.0,loss_recon:0.075094

17600-loss_z:17.453243,accu:0.405063,loss_recon:0.194266

17800-loss_z:0.046399,accu:1.0,loss_recon:0.074221

17800-loss_z:17.668524,accu:0.392405,loss_recon:0.192932

18000-loss_z:0.045195,accu:1.0,loss_recon:0.073677

18000-loss_z:17.889832,accu:0.392405,loss_recon:0.191445

18200-loss_z:0.043415,accu:1.0,loss_recon:0.073706

18200-loss_z:18.129734,accu:0.405063,loss_recon:0.188814

18400-loss_z:0.042135,accu:1.0,loss_recon:0.073521

18400-loss_z:18.360315,accu:0.392405,loss_recon:0.195269

18600-loss_z:0.03998,accu:1.0,loss_recon:0.073027

18600-loss_z:18.590132,accu:0.405063,loss_recon:0.188095

18800-loss_z:0.038205,accu:1.0,loss_recon:0.072884

18800-loss_z:18.805765,accu:0.405063,loss_recon:0.189157

19000-loss_z:0.036777,accu:1.0,loss_recon:0.074133

19000-loss_z:19.014595,accu:0.392405,loss_recon:0.188735

19200-loss_z:0.035384,accu:1.0,loss_recon:0.073038

19200-loss_z:19.256172,accu:0.405063,loss_recon:0.190156

19400-loss_z:0.034094,accu:1.0,loss_recon:0.072909

19400-loss_z:19.578493,accu:0.405063,loss_recon:0.189544

19600-loss_z:0.03251,accu:1.0,loss_recon:0.074036

19600-loss_z:19.74004,accu:0.405063,loss_recon:0.188365

19800-loss_z:0.031377,accu:1.0,loss_recon:0.073648

19800-loss_z:19.95599,accu:0.405063,loss_recon:0.188633

20000-loss_z:0.029766,accu:1.0,loss_recon:0.074097

20000-loss_z:20.20388,accu:0.392405,loss_recon:0.191617

Continue training
New FC model is initialized
200-loss_z:2.563688,accu:0.181527,loss_recon:0.919545

200-loss_z:2.567525,accu:0.088608,loss_recon:0.434529

400-loss_z:1.900881,accu:0.343151,loss_recon:0.297985

400-loss_z:2.439986,accu:0.113924,loss_recon:0.286045

600-loss_z:1.574492,accu:0.45554,loss_recon:0.200872

600-loss_z:2.473289,accu:0.151899,loss_recon:0.262392

800-loss_z:1.37586,accu:0.51612,loss_recon:0.171862

800-loss_z:2.532113,accu:0.202532,loss_recon:0.251073

1000-loss_z:1.235709,accu:0.57429,loss_recon:0.154955

1000-loss_z:2.621421,accu:0.202532,loss_recon:0.244293

1200-loss_z:1.122167,accu:0.605918,loss_recon:0.145354

1200-loss_z:2.714279,accu:0.202532,loss_recon:0.233736

1400-loss_z:1.027399,accu:0.659616,loss_recon:0.138707

1400-loss_z:2.804443,accu:0.240506,loss_recon:0.235413

1600-loss_z:0.949581,accu:0.703438,loss_recon:0.13505

1600-loss_z:2.876152,accu:0.227848,loss_recon:0.228469

1800-loss_z:0.883126,accu:0.744225,loss_recon:0.128602

1800-loss_z:2.974753,accu:0.253165,loss_recon:0.227415

2000-loss_z:0.818562,accu:0.778066,loss_recon:0.123554

2000-loss_z:3.031416,accu:0.227848,loss_recon:0.226058

2200-loss_z:0.769505,accu:0.796139,loss_recon:0.118204

2200-loss_z:3.150103,accu:0.278481,loss_recon:0.217114

2400-loss_z:0.721577,accu:0.817494,loss_recon:0.11727

2400-loss_z:3.206107,accu:0.21519,loss_recon:0.21501

2600-loss_z:0.676238,accu:0.844382,loss_recon:0.11276

2600-loss_z:3.281769,accu:0.253165,loss_recon:0.212771

2800-loss_z:0.633186,accu:0.86696,loss_recon:0.109554

2800-loss_z:3.358451,accu:0.265823,loss_recon:0.211435

3000-loss_z:0.600769,accu:0.875638,loss_recon:0.10756

3000-loss_z:3.442848,accu:0.303797,loss_recon:0.210481

3200-loss_z:0.564258,accu:0.896491,loss_recon:0.103541

3200-loss_z:3.538217,accu:0.265823,loss_recon:0.21105

3400-loss_z:0.535773,accu:0.908255,loss_recon:0.101872

3400-loss_z:3.654908,accu:0.303797,loss_recon:0.208363

3600-loss_z:0.508129,accu:0.920703,loss_recon:0.098506

3600-loss_z:3.743515,accu:0.303797,loss_recon:0.214172

3800-loss_z:0.480139,accu:0.92903,loss_recon:0.097901

3800-loss_z:3.84781,accu:0.303797,loss_recon:0.20752

4000-loss_z:0.458756,accu:0.934824,loss_recon:0.096621

4000-loss_z:3.960142,accu:0.35443,loss_recon:0.205612

4200-loss_z:0.43701,accu:0.938457,loss_recon:0.09441

4200-loss_z:4.066452,accu:0.316456,loss_recon:0.20358

4400-loss_z:0.414163,accu:0.953477,loss_recon:0.092539

4400-loss_z:4.221375,accu:0.35443,loss_recon:0.201393

4600-loss_z:0.394435,accu:0.954023,loss_recon:0.09161

4600-loss_z:4.326594,accu:0.329114,loss_recon:0.199434

4800-loss_z:0.381248,accu:0.962487,loss_recon:0.090955

4800-loss_z:4.435781,accu:0.35443,loss_recon:0.195802

5000-loss_z:0.362111,accu:0.96541,loss_recon:0.088499

5000-loss_z:4.568221,accu:0.379747,loss_recon:0.194769

5200-loss_z:0.341251,accu:0.962734,loss_recon:0.087736

5200-loss_z:4.710358,accu:0.341772,loss_recon:0.195164

5400-loss_z:0.327627,accu:0.975065,loss_recon:0.085841

5400-loss_z:4.845052,accu:0.35443,loss_recon:0.195226

5600-loss_z:0.31217,accu:0.975749,loss_recon:0.084481

5600-loss_z:4.951007,accu:0.392405,loss_recon:0.190187

5800-loss_z:0.297173,accu:0.980651,loss_recon:0.084162

5800-loss_z:5.091436,accu:0.341772,loss_recon:0.193439

6000-loss_z:0.28083,accu:0.983242,loss_recon:0.08188

6000-loss_z:5.193002,accu:0.379747,loss_recon:0.19133

6200-loss_z:0.266359,accu:0.980579,loss_recon:0.080802

6200-loss_z:5.333847,accu:0.367089,loss_recon:0.191966

6400-loss_z:0.25367,accu:0.983685,loss_recon:0.080956

6400-loss_z:5.473215,accu:0.341772,loss_recon:0.194529

6600-loss_z:0.244958,accu:0.985039,loss_recon:0.081844

6600-loss_z:5.629139,accu:0.367089,loss_recon:0.191531

6800-loss_z:0.232233,accu:0.983281,loss_recon:0.080639

6800-loss_z:5.754659,accu:0.341772,loss_recon:0.189556

7000-loss_z:0.220035,accu:0.987148,loss_recon:0.079498

7000-loss_z:5.871461,accu:0.341772,loss_recon:0.187331

7200-loss_z:0.211304,accu:0.989837,loss_recon:0.078269

7200-loss_z:6.017524,accu:0.367089,loss_recon:0.190894

7400-loss_z:0.202343,accu:0.991895,loss_recon:0.078701

7400-loss_z:6.17526,accu:0.379747,loss_recon:0.186066

7600-loss_z:0.190721,accu:0.993411,loss_recon:0.07756

7600-loss_z:6.315837,accu:0.379747,loss_recon:0.188541

7800-loss_z:0.182299,accu:0.993112,loss_recon:0.07734

7800-loss_z:6.452184,accu:0.379747,loss_recon:0.1902

8000-loss_z:0.172118,accu:0.993431,loss_recon:0.07592

8000-loss_z:6.614532,accu:0.379747,loss_recon:0.190032

8200-loss_z:0.16409,accu:0.994043,loss_recon:0.076716

8200-loss_z:6.763241,accu:0.379747,loss_recon:0.193333

8400-loss_z:0.157289,accu:0.995723,loss_recon:0.076485

8400-loss_z:6.93306,accu:0.367089,loss_recon:0.193583

8600-loss_z:0.147501,accu:0.996895,loss_recon:0.075257

8600-loss_z:7.078401,accu:0.367089,loss_recon:0.19259

8800-loss_z:0.140672,accu:0.996738,loss_recon:0.075356

8800-loss_z:7.185167,accu:0.367089,loss_recon:0.193347

9000-loss_z:0.13319,accu:0.998815,loss_recon:0.074681

9000-loss_z:7.341663,accu:0.367089,loss_recon:0.193083

9200-loss_z:0.126613,accu:0.998587,loss_recon:0.075564

9200-loss_z:7.460933,accu:0.367089,loss_recon:0.194204

9400-loss_z:0.119144,accu:0.999674,loss_recon:0.07483

9400-loss_z:7.604354,accu:0.367089,loss_recon:0.193903

9600-loss_z:0.110886,accu:1.0,loss_recon:0.074719

9600-loss_z:7.766301,accu:0.367089,loss_recon:0.196814

9800-loss_z:0.105372,accu:1.0,loss_recon:0.073912

9800-loss_z:7.951467,accu:0.367089,loss_recon:0.19751

10000-loss_z:0.098161,accu:1.0,loss_recon:0.07276

10000-loss_z:8.096455,accu:0.35443,loss_recon:0.196497

10200-loss_z:0.093297,accu:1.0,loss_recon:0.073301

10200-loss_z:8.245653,accu:0.367089,loss_recon:0.198388

10400-loss_z:0.088311,accu:1.0,loss_recon:0.07344

10400-loss_z:8.420398,accu:0.35443,loss_recon:0.195181

10600-loss_z:0.082472,accu:1.0,loss_recon:0.073822

10600-loss_z:8.580583,accu:0.367089,loss_recon:0.195233

10800-loss_z:0.077503,accu:1.0,loss_recon:0.07258

10800-loss_z:8.749841,accu:0.35443,loss_recon:0.197911

11000-loss_z:0.074709,accu:1.0,loss_recon:0.072271

11000-loss_z:8.893414,accu:0.35443,loss_recon:0.196883

11200-loss_z:0.068955,accu:1.0,loss_recon:0.071172

11200-loss_z:9.030931,accu:0.35443,loss_recon:0.197913

11400-loss_z:0.065819,accu:1.0,loss_recon:0.072468

11400-loss_z:9.190322,accu:0.35443,loss_recon:0.198795

11600-loss_z:0.061619,accu:1.0,loss_recon:0.071166

11600-loss_z:9.360193,accu:0.35443,loss_recon:0.197939

11800-loss_z:0.058313,accu:1.0,loss_recon:0.072721

11800-loss_z:9.52998,accu:0.367089,loss_recon:0.198296

12000-loss_z:0.055232,accu:1.0,loss_recon:0.073021

12000-loss_z:9.712991,accu:0.367089,loss_recon:0.198838

12200-loss_z:0.051892,accu:1.0,loss_recon:0.071222

12200-loss_z:9.878083,accu:0.379747,loss_recon:0.19756

12400-loss_z:0.049115,accu:1.0,loss_recon:0.070998

12400-loss_z:10.048466,accu:0.367089,loss_recon:0.198707

12600-loss_z:0.046504,accu:1.0,loss_recon:0.071325

12600-loss_z:10.261562,accu:0.379747,loss_recon:0.19871

12800-loss_z:0.043424,accu:1.0,loss_recon:0.070854

12800-loss_z:10.397899,accu:0.379747,loss_recon:0.198006

13000-loss_z:0.040208,accu:1.0,loss_recon:0.071629

13000-loss_z:10.605922,accu:0.379747,loss_recon:0.199555

13200-loss_z:0.038159,accu:1.0,loss_recon:0.070818

13200-loss_z:10.8319,accu:0.379747,loss_recon:0.199002

13400-loss_z:0.036268,accu:1.0,loss_recon:0.071007

13400-loss_z:10.988992,accu:0.367089,loss_recon:0.199631

13600-loss_z:0.033656,accu:1.0,loss_recon:0.072101

13600-loss_z:11.180766,accu:0.367089,loss_recon:0.198577

13800-loss_z:0.031755,accu:1.0,loss_recon:0.070576

13800-loss_z:11.346483,accu:0.379747,loss_recon:0.197573

14000-loss_z:0.030062,accu:1.0,loss_recon:0.070179

14000-loss_z:11.543687,accu:0.379747,loss_recon:0.199069

14200-loss_z:0.028485,accu:1.0,loss_recon:0.072289

14200-loss_z:11.707917,accu:0.392405,loss_recon:0.200116

14400-loss_z:0.026044,accu:1.0,loss_recon:0.070519

14400-loss_z:11.877537,accu:0.392405,loss_recon:0.198009

14600-loss_z:0.024575,accu:1.0,loss_recon:0.071224

14600-loss_z:12.068826,accu:0.379747,loss_recon:0.199379

14800-loss_z:0.022939,accu:1.0,loss_recon:0.071082

14800-loss_z:12.270068,accu:0.367089,loss_recon:0.198689

15000-loss_z:0.021851,accu:1.0,loss_recon:0.071009

15000-loss_z:12.450809,accu:0.379747,loss_recon:0.198958

15200-loss_z:0.02041,accu:1.0,loss_recon:0.070994

15200-loss_z:12.626145,accu:0.379747,loss_recon:0.197505

15400-loss_z:0.01895,accu:1.0,loss_recon:0.070923

15400-loss_z:12.824621,accu:0.392405,loss_recon:0.198223

15600-loss_z:0.017719,accu:1.0,loss_recon:0.072387

15600-loss_z:12.976771,accu:0.379747,loss_recon:0.197938

15800-loss_z:0.016665,accu:1.0,loss_recon:0.070789

15800-loss_z:13.203264,accu:0.392405,loss_recon:0.197796

16000-loss_z:0.015738,accu:1.0,loss_recon:0.070404

16000-loss_z:13.344717,accu:0.392405,loss_recon:0.201505

16200-loss_z:0.014747,accu:1.0,loss_recon:0.07067

16200-loss_z:13.551903,accu:0.405063,loss_recon:0.20272

16400-loss_z:0.013465,accu:1.0,loss_recon:0.069536

16400-loss_z:13.705873,accu:0.379747,loss_recon:0.201486

16600-loss_z:0.012779,accu:1.0,loss_recon:0.070691

16600-loss_z:13.93397,accu:0.379747,loss_recon:0.205756

16800-loss_z:0.012083,accu:1.0,loss_recon:0.07111

16800-loss_z:14.115352,accu:0.392405,loss_recon:0.203308

17000-loss_z:0.011087,accu:1.0,loss_recon:0.068944

17000-loss_z:14.300368,accu:0.367089,loss_recon:0.201346

17200-loss_z:0.01043,accu:1.0,loss_recon:0.069387

17200-loss_z:14.452317,accu:0.379747,loss_recon:0.204559

17400-loss_z:0.009761,accu:1.0,loss_recon:0.07005

17400-loss_z:14.645095,accu:0.379747,loss_recon:0.204299

17600-loss_z:0.009151,accu:1.0,loss_recon:0.068675

17600-loss_z:14.813112,accu:0.379747,loss_recon:0.2027

17800-loss_z:0.008594,accu:1.0,loss_recon:0.068924

17800-loss_z:15.008511,accu:0.379747,loss_recon:0.19984

18000-loss_z:0.00796,accu:1.0,loss_recon:0.070547

18000-loss_z:15.212178,accu:0.392405,loss_recon:0.201695

18200-loss_z:0.007541,accu:1.0,loss_recon:0.070393

18200-loss_z:15.395658,accu:0.392405,loss_recon:0.201842

18400-loss_z:0.006979,accu:1.0,loss_recon:0.068958

18400-loss_z:15.56398,accu:0.367089,loss_recon:0.200002

18600-loss_z:0.006473,accu:1.0,loss_recon:0.069685

18600-loss_z:15.711044,accu:0.392405,loss_recon:0.20091

18800-loss_z:0.00617,accu:1.0,loss_recon:0.070133

18800-loss_z:15.876575,accu:0.379747,loss_recon:0.202794

19000-loss_z:0.005708,accu:1.0,loss_recon:0.071111

19000-loss_z:16.05636,accu:0.379747,loss_recon:0.201345

19200-loss_z:0.005233,accu:1.0,loss_recon:0.069915

19200-loss_z:16.250654,accu:0.379747,loss_recon:0.202824

19400-loss_z:0.004873,accu:1.0,loss_recon:0.069328

19400-loss_z:16.397907,accu:0.392405,loss_recon:0.202615

19600-loss_z:0.004547,accu:1.0,loss_recon:0.068555

19600-loss_z:16.576498,accu:0.392405,loss_recon:0.204992

19800-loss_z:0.004206,accu:1.0,loss_recon:0.068812

19800-loss_z:16.748867,accu:0.392405,loss_recon:0.200911

20000-loss_z:0.003977,accu:1.0,loss_recon:0.06904

20000-loss_z:16.916471,accu:0.392405,loss_recon:0.20063

Continue training
New FC model is initialized
200-loss_z:2.529483,accu:0.169323,loss_recon:1.001459

200-loss_z:2.556647,accu:0.075949,loss_recon:0.44863

400-loss_z:1.914135,accu:0.342585,loss_recon:0.297486

400-loss_z:2.392572,accu:0.113924,loss_recon:0.268307

600-loss_z:1.613376,accu:0.449837,loss_recon:0.198511

600-loss_z:2.416973,accu:0.164557,loss_recon:0.244745

800-loss_z:1.430253,accu:0.530892,loss_recon:0.167794

800-loss_z:2.472855,accu:0.164557,loss_recon:0.241375

1000-loss_z:1.299856,accu:0.560716,loss_recon:0.153716

1000-loss_z:2.522802,accu:0.164557,loss_recon:0.246176

1200-loss_z:1.195179,accu:0.59056,loss_recon:0.144672

1200-loss_z:2.614132,accu:0.139241,loss_recon:0.250248

1400-loss_z:1.108637,accu:0.622565,loss_recon:0.137451

1400-loss_z:2.699207,accu:0.240506,loss_recon:0.244697

1600-loss_z:1.027369,accu:0.653652,loss_recon:0.132003

1600-loss_z:2.792889,accu:0.240506,loss_recon:0.242329

1800-loss_z:0.960945,accu:0.693203,loss_recon:0.127544

1800-loss_z:2.8888,accu:0.253165,loss_recon:0.241928

2000-loss_z:0.901932,accu:0.726895,loss_recon:0.123935

2000-loss_z:2.976387,accu:0.21519,loss_recon:0.232907

2200-loss_z:0.850376,accu:0.756458,loss_recon:0.122086

2200-loss_z:3.072995,accu:0.316456,loss_recon:0.233051

2400-loss_z:0.801073,accu:0.781263,loss_recon:0.12066

2400-loss_z:3.190669,accu:0.303797,loss_recon:0.228111

2600-loss_z:0.759391,accu:0.799668,loss_recon:0.117859

2600-loss_z:3.30602,accu:0.278481,loss_recon:0.226143

2800-loss_z:0.721352,accu:0.822852,loss_recon:0.118371

2800-loss_z:3.385186,accu:0.291139,loss_recon:0.218949

3000-loss_z:0.686015,accu:0.836953,loss_recon:0.117834

3000-loss_z:3.505844,accu:0.329114,loss_recon:0.216435

3200-loss_z:0.65502,accu:0.849531,loss_recon:0.114669

3200-loss_z:3.586194,accu:0.392405,loss_recon:0.222234

3400-loss_z:0.625738,accu:0.859733,loss_recon:0.115763

3400-loss_z:3.723272,accu:0.379747,loss_recon:0.217564

3600-loss_z:0.600277,accu:0.859036,loss_recon:0.114932

3600-loss_z:3.867832,accu:0.367089,loss_recon:0.209158

3800-loss_z:0.573432,accu:0.8711,loss_recon:0.114701

3800-loss_z:4.013539,accu:0.392405,loss_recon:0.205909

4000-loss_z:0.547356,accu:0.876816,loss_recon:0.112293

4000-loss_z:4.182919,accu:0.392405,loss_recon:0.208337

4200-loss_z:0.52401,accu:0.880417,loss_recon:0.112032

4200-loss_z:4.355652,accu:0.367089,loss_recon:0.205617

4400-loss_z:0.502313,accu:0.886413,loss_recon:0.111887

4400-loss_z:4.544788,accu:0.367089,loss_recon:0.202938

4600-loss_z:0.483825,accu:0.887572,loss_recon:0.111603

4600-loss_z:4.68765,accu:0.379747,loss_recon:0.203199

4800-loss_z:0.461205,accu:0.902298,loss_recon:0.110306

4800-loss_z:4.861474,accu:0.35443,loss_recon:0.206026

5000-loss_z:0.447369,accu:0.897715,loss_recon:0.11015

5000-loss_z:5.035817,accu:0.35443,loss_recon:0.202934

5200-loss_z:0.426018,accu:0.910599,loss_recon:0.112042

5200-loss_z:5.235084,accu:0.392405,loss_recon:0.206469

5400-loss_z:0.412005,accu:0.917721,loss_recon:0.110677

5400-loss_z:5.345002,accu:0.35443,loss_recon:0.203851

5600-loss_z:0.396143,accu:0.923197,loss_recon:0.111443

5600-loss_z:5.533258,accu:0.379747,loss_recon:0.201487

5800-loss_z:0.383833,accu:0.927884,loss_recon:0.110282

5800-loss_z:5.711185,accu:0.379747,loss_recon:0.20272

6000-loss_z:0.371225,accu:0.938509,loss_recon:0.111272

6000-loss_z:5.896199,accu:0.392405,loss_recon:0.198884

6200-loss_z:0.354379,accu:0.944837,loss_recon:0.111406

6200-loss_z:6.064589,accu:0.35443,loss_recon:0.203934

6400-loss_z:0.339005,accu:0.949473,loss_recon:0.108663

6400-loss_z:6.261877,accu:0.341772,loss_recon:0.202454

6600-loss_z:0.331884,accu:0.947109,loss_recon:0.11015

6600-loss_z:6.446021,accu:0.35443,loss_recon:0.209291

6800-loss_z:0.31721,accu:0.953509,loss_recon:0.109136

6800-loss_z:6.690649,accu:0.367089,loss_recon:0.201831

7000-loss_z:0.306047,accu:0.957057,loss_recon:0.110685

7000-loss_z:6.873862,accu:0.367089,loss_recon:0.202239

7200-loss_z:0.292031,accu:0.959342,loss_recon:0.108553

7200-loss_z:7.052827,accu:0.379747,loss_recon:0.197307

7400-loss_z:0.280822,accu:0.957585,loss_recon:0.110291

7400-loss_z:7.227815,accu:0.367089,loss_recon:0.197838

7600-loss_z:0.269481,accu:0.966029,loss_recon:0.109304

7600-loss_z:7.43214,accu:0.392405,loss_recon:0.191128

7800-loss_z:0.260056,accu:0.969857,loss_recon:0.109477

7800-loss_z:7.621994,accu:0.392405,loss_recon:0.197979

8000-loss_z:0.249107,accu:0.972292,loss_recon:0.108422

8000-loss_z:7.765354,accu:0.417722,loss_recon:0.196276

8200-loss_z:0.239586,accu:0.97222,loss_recon:0.107678

8200-loss_z:7.952526,accu:0.379747,loss_recon:0.196622

8400-loss_z:0.231272,accu:0.975508,loss_recon:0.10943

8400-loss_z:8.106595,accu:0.417722,loss_recon:0.201683

8600-loss_z:0.224183,accu:0.979408,loss_recon:0.108877

8600-loss_z:8.249022,accu:0.392405,loss_recon:0.194177

8800-loss_z:0.212732,accu:0.982982,loss_recon:0.108366

8800-loss_z:8.40365,accu:0.405063,loss_recon:0.201252

9000-loss_z:0.205965,accu:0.982168,loss_recon:0.10868

9000-loss_z:8.571406,accu:0.405063,loss_recon:0.200828

9200-loss_z:0.197551,accu:0.98332,loss_recon:0.109249

9200-loss_z:8.724062,accu:0.405063,loss_recon:0.193295

9400-loss_z:0.188442,accu:0.988848,loss_recon:0.107817

9400-loss_z:8.86373,accu:0.43038,loss_recon:0.198391

9600-loss_z:0.181896,accu:0.985859,loss_recon:0.107448

9600-loss_z:8.961668,accu:0.405063,loss_recon:0.199884

9800-loss_z:0.173635,accu:0.988861,loss_recon:0.108806

9800-loss_z:9.113448,accu:0.405063,loss_recon:0.194835

10000-loss_z:0.16459,accu:0.990749,loss_recon:0.108931

10000-loss_z:9.232295,accu:0.392405,loss_recon:0.199315

10200-loss_z:0.162912,accu:0.990104,loss_recon:0.108441

10200-loss_z:9.354022,accu:0.392405,loss_recon:0.194974

10400-loss_z:0.151724,accu:0.993522,loss_recon:0.108145

10400-loss_z:9.499169,accu:0.392405,loss_recon:0.195274

10600-loss_z:0.147365,accu:0.992884,loss_recon:0.109601

10600-loss_z:9.600379,accu:0.43038,loss_recon:0.196965

10800-loss_z:0.141551,accu:0.994479,loss_recon:0.108601

10800-loss_z:9.769634,accu:0.43038,loss_recon:0.197637

11000-loss_z:0.137147,accu:0.996029,loss_recon:0.105634

11000-loss_z:9.888354,accu:0.405063,loss_recon:0.195988

11200-loss_z:0.131837,accu:0.996745,loss_recon:0.10633

11200-loss_z:10.009129,accu:0.367089,loss_recon:0.199393

11400-loss_z:0.126139,accu:0.996387,loss_recon:0.106586

11400-loss_z:10.168645,accu:0.392405,loss_recon:0.197698

11600-loss_z:0.120694,accu:0.997826,loss_recon:0.106792

11600-loss_z:10.317571,accu:0.417722,loss_recon:0.195374

11800-loss_z:0.117554,accu:0.999121,loss_recon:0.105407

11800-loss_z:10.458443,accu:0.392405,loss_recon:0.196069

12000-loss_z:0.11096,accu:0.999277,loss_recon:0.10709

12000-loss_z:10.654597,accu:0.392405,loss_recon:0.192873

12200-loss_z:0.106987,accu:0.999499,loss_recon:0.102673

12200-loss_z:10.787811,accu:0.392405,loss_recon:0.193575

12400-loss_z:0.103246,accu:0.999779,loss_recon:0.105767

12400-loss_z:10.937438,accu:0.379747,loss_recon:0.194666

12600-loss_z:0.098716,accu:0.999629,loss_recon:0.104198

12600-loss_z:11.145762,accu:0.367089,loss_recon:0.193457

12800-loss_z:0.094958,accu:0.999941,loss_recon:0.103801

12800-loss_z:11.341515,accu:0.405063,loss_recon:0.195311

13000-loss_z:0.088526,accu:1.0,loss_recon:0.103398

13000-loss_z:11.688966,accu:0.417722,loss_recon:0.201298

13200-loss_z:0.087684,accu:0.999941,loss_recon:0.104085

13200-loss_z:11.995693,accu:0.379747,loss_recon:0.1976

13400-loss_z:0.083725,accu:1.0,loss_recon:0.104088

13400-loss_z:12.344928,accu:0.367089,loss_recon:0.196556

13600-loss_z:0.078772,accu:1.0,loss_recon:0.103162

13600-loss_z:12.657485,accu:0.35443,loss_recon:0.197087

13800-loss_z:0.076445,accu:1.0,loss_recon:0.103748

13800-loss_z:13.057106,accu:0.379747,loss_recon:0.198251

14000-loss_z:0.071846,accu:1.0,loss_recon:0.10266

14000-loss_z:13.438155,accu:0.405063,loss_recon:0.196407

14200-loss_z:0.069515,accu:1.0,loss_recon:0.10275

14200-loss_z:13.802767,accu:0.379747,loss_recon:0.196867

14400-loss_z:0.06611,accu:1.0,loss_recon:0.102344

14400-loss_z:14.174981,accu:0.405063,loss_recon:0.194395

14600-loss_z:0.062553,accu:1.0,loss_recon:0.103234

14600-loss_z:14.622212,accu:0.367089,loss_recon:0.199774

14800-loss_z:0.060331,accu:1.0,loss_recon:0.10237

14800-loss_z:14.99639,accu:0.379747,loss_recon:0.205029

15000-loss_z:0.057799,accu:1.0,loss_recon:0.102047

15000-loss_z:15.383562,accu:0.392405,loss_recon:0.195671

15200-loss_z:0.055438,accu:1.0,loss_recon:0.101248

15200-loss_z:15.736012,accu:0.367089,loss_recon:0.203555

15400-loss_z:0.052547,accu:1.0,loss_recon:0.101412

15400-loss_z:16.125601,accu:0.43038,loss_recon:0.198021

15600-loss_z:0.050341,accu:1.0,loss_recon:0.100761

15600-loss_z:16.511673,accu:0.392405,loss_recon:0.201752

15800-loss_z:0.047919,accu:1.0,loss_recon:0.101202

15800-loss_z:16.878393,accu:0.392405,loss_recon:0.20259

16000-loss_z:0.046007,accu:1.0,loss_recon:0.098935

16000-loss_z:17.239132,accu:0.405063,loss_recon:0.201106

16200-loss_z:0.043234,accu:1.0,loss_recon:0.100692

16200-loss_z:17.602947,accu:0.392405,loss_recon:0.202178

16400-loss_z:0.041255,accu:1.0,loss_recon:0.101657

16400-loss_z:18.029726,accu:0.392405,loss_recon:0.204208

16600-loss_z:0.039005,accu:1.0,loss_recon:0.099294

16600-loss_z:18.414478,accu:0.405063,loss_recon:0.20945

16800-loss_z:0.037194,accu:1.0,loss_recon:0.100268

16800-loss_z:18.729879,accu:0.392405,loss_recon:0.208335

17000-loss_z:0.035657,accu:1.0,loss_recon:0.098977

17000-loss_z:19.095764,accu:0.405063,loss_recon:0.202623

17200-loss_z:0.034086,accu:1.0,loss_recon:0.097297

17200-loss_z:19.474062,accu:0.392405,loss_recon:0.201687

17400-loss_z:0.031894,accu:1.0,loss_recon:0.096245

17400-loss_z:19.750937,accu:0.417722,loss_recon:0.207277

17600-loss_z:0.030285,accu:1.0,loss_recon:0.097082

17600-loss_z:20.089319,accu:0.405063,loss_recon:0.207293

17800-loss_z:0.029186,accu:1.0,loss_recon:0.096261

17800-loss_z:20.409246,accu:0.405063,loss_recon:0.209947

18000-loss_z:0.027893,accu:1.0,loss_recon:0.096211

18000-loss_z:20.748903,accu:0.405063,loss_recon:0.206676

18200-loss_z:0.026506,accu:1.0,loss_recon:0.095845

18200-loss_z:21.070978,accu:0.405063,loss_recon:0.210978

18400-loss_z:0.0247,accu:1.0,loss_recon:0.095883

18400-loss_z:21.372137,accu:0.417722,loss_recon:0.210062

18600-loss_z:0.023348,accu:1.0,loss_recon:0.096144

18600-loss_z:21.728519,accu:0.417722,loss_recon:0.21659

18800-loss_z:0.022348,accu:1.0,loss_recon:0.093911

18800-loss_z:21.996275,accu:0.405063,loss_recon:0.213869

19000-loss_z:0.021155,accu:1.0,loss_recon:0.094492

19000-loss_z:22.311813,accu:0.417722,loss_recon:0.221154

19200-loss_z:0.020091,accu:1.0,loss_recon:0.094809

19200-loss_z:22.593979,accu:0.417722,loss_recon:0.214028

19400-loss_z:0.018954,accu:1.0,loss_recon:0.095104

19400-loss_z:22.855658,accu:0.417722,loss_recon:0.219987

19600-loss_z:0.018023,accu:1.0,loss_recon:0.093609

19600-loss_z:23.125082,accu:0.417722,loss_recon:0.216256

19800-loss_z:0.017106,accu:1.0,loss_recon:0.09431

19800-loss_z:23.402599,accu:0.417722,loss_recon:0.218799

20000-loss_z:0.016055,accu:1.0,loss_recon:0.093442

20000-loss_z:23.630325,accu:0.417722,loss_recon:0.213005

Continue training
New FC model is initialized
200-loss_z:2.623907,accu:0.141273,loss_recon:0.881178

200-loss_z:2.655276,accu:0.037975,loss_recon:0.458249

400-loss_z:1.99073,accu:0.305729,loss_recon:0.308099

400-loss_z:2.396699,accu:0.139241,loss_recon:0.322334

600-loss_z:1.660232,accu:0.419473,loss_recon:0.228712

600-loss_z:2.357841,accu:0.113924,loss_recon:0.293166

800-loss_z:1.464405,accu:0.487064,loss_recon:0.195453

800-loss_z:2.355771,accu:0.151899,loss_recon:0.269201

1000-loss_z:1.321516,accu:0.538711,loss_recon:0.183402

1000-loss_z:2.400089,accu:0.164557,loss_recon:0.256626

1200-loss_z:1.211062,accu:0.57623,loss_recon:0.17077

1200-loss_z:2.454175,accu:0.189873,loss_recon:0.239106

1400-loss_z:1.113002,accu:0.623203,loss_recon:0.16185

1400-loss_z:2.505836,accu:0.227848,loss_recon:0.235585

1600-loss_z:1.039685,accu:0.674004,loss_recon:0.156357

1600-loss_z:2.561026,accu:0.177215,loss_recon:0.23548

1800-loss_z:0.969825,accu:0.696009,loss_recon:0.1512

1800-loss_z:2.655863,accu:0.253165,loss_recon:0.227603

2000-loss_z:0.921131,accu:0.718841,loss_recon:0.147526

2000-loss_z:2.724185,accu:0.253165,loss_recon:0.220561

2200-loss_z:0.864548,accu:0.739017,loss_recon:0.139397

2200-loss_z:2.798307,accu:0.278481,loss_recon:0.209392

2400-loss_z:0.814116,accu:0.751185,loss_recon:0.13384

2400-loss_z:2.883554,accu:0.253165,loss_recon:0.202872

2600-loss_z:0.775389,accu:0.769388,loss_recon:0.133495

2600-loss_z:2.947839,accu:0.265823,loss_recon:0.195138

2800-loss_z:0.738094,accu:0.776348,loss_recon:0.126188

2800-loss_z:3.032339,accu:0.278481,loss_recon:0.194656

3000-loss_z:0.696448,accu:0.800951,loss_recon:0.124243

3000-loss_z:3.101758,accu:0.278481,loss_recon:0.190408

3200-loss_z:0.662714,accu:0.813594,loss_recon:0.121319

3200-loss_z:3.189377,accu:0.303797,loss_recon:0.18616

3400-loss_z:0.633397,accu:0.831204,loss_recon:0.118693

3400-loss_z:3.267882,accu:0.303797,loss_recon:0.184891

3600-loss_z:0.604488,accu:0.842891,loss_recon:0.114723

3600-loss_z:3.394139,accu:0.316456,loss_recon:0.182246

3800-loss_z:0.57728,accu:0.854147,loss_recon:0.112977

3800-loss_z:3.531355,accu:0.329114,loss_recon:0.182784

4000-loss_z:0.554039,accu:0.866882,loss_recon:0.112632

4000-loss_z:3.636086,accu:0.316456,loss_recon:0.180629

4200-loss_z:0.528467,accu:0.873652,loss_recon:0.109605

4200-loss_z:3.7609,accu:0.329114,loss_recon:0.180396

4400-loss_z:0.50654,accu:0.880599,loss_recon:0.109489

4400-loss_z:3.876395,accu:0.341772,loss_recon:0.178483

4600-loss_z:0.479196,accu:0.889323,loss_recon:0.105964

4600-loss_z:3.986809,accu:0.367089,loss_recon:0.179306

4800-loss_z:0.458332,accu:0.894134,loss_recon:0.10389

4800-loss_z:4.14444,accu:0.35443,loss_recon:0.179078

5000-loss_z:0.434492,accu:0.905404,loss_recon:0.104491

5000-loss_z:4.295827,accu:0.367089,loss_recon:0.177443

5200-loss_z:0.418986,accu:0.913451,loss_recon:0.103471

5200-loss_z:4.38273,accu:0.367089,loss_recon:0.176955

5400-loss_z:0.403074,accu:0.920378,loss_recon:0.101426

5400-loss_z:4.510455,accu:0.367089,loss_recon:0.178799

5600-loss_z:0.384569,accu:0.930117,loss_recon:0.099383

5600-loss_z:4.658908,accu:0.379747,loss_recon:0.181064

5800-loss_z:0.362302,accu:0.938027,loss_recon:0.096834

5800-loss_z:4.787831,accu:0.35443,loss_recon:0.175714

6000-loss_z:0.352723,accu:0.945788,loss_recon:0.098168

6000-loss_z:4.928943,accu:0.379747,loss_recon:0.173556

6200-loss_z:0.337817,accu:0.956165,loss_recon:0.095868

6200-loss_z:5.076987,accu:0.367089,loss_recon:0.175779

6400-loss_z:0.322015,accu:0.964173,loss_recon:0.094078

6400-loss_z:5.211518,accu:0.379747,loss_recon:0.174782

6600-loss_z:0.307099,accu:0.970384,loss_recon:0.094618

6600-loss_z:5.311437,accu:0.367089,loss_recon:0.175693

6800-loss_z:0.295519,accu:0.975221,loss_recon:0.091126

6800-loss_z:5.445244,accu:0.35443,loss_recon:0.176123

7000-loss_z:0.284581,accu:0.980247,loss_recon:0.09222

7000-loss_z:5.572423,accu:0.405063,loss_recon:0.174139

7200-loss_z:0.272415,accu:0.985085,loss_recon:0.091628

7200-loss_z:5.705183,accu:0.367089,loss_recon:0.170657

7400-loss_z:0.261936,accu:0.988288,loss_recon:0.091592

7400-loss_z:5.817624,accu:0.392405,loss_recon:0.172896

7600-loss_z:0.250338,accu:0.991589,loss_recon:0.089942

7600-loss_z:5.984688,accu:0.367089,loss_recon:0.174824

7800-loss_z:0.241276,accu:0.991992,loss_recon:0.089416

7800-loss_z:6.047687,accu:0.392405,loss_recon:0.174017

8000-loss_z:0.229656,accu:0.992982,loss_recon:0.087074

8000-loss_z:6.209109,accu:0.392405,loss_recon:0.173022

8200-loss_z:0.220365,accu:0.994753,loss_recon:0.087152

8200-loss_z:6.322387,accu:0.379747,loss_recon:0.172801

8400-loss_z:0.211724,accu:0.99459,loss_recon:0.086833

8400-loss_z:6.433888,accu:0.392405,loss_recon:0.17241

8600-loss_z:0.201846,accu:0.995996,loss_recon:0.085549

8600-loss_z:6.568875,accu:0.367089,loss_recon:0.174413

8800-loss_z:0.196151,accu:0.996354,loss_recon:0.083501

8800-loss_z:6.707517,accu:0.417722,loss_recon:0.174122

9000-loss_z:0.186036,accu:0.995801,loss_recon:0.083679

9000-loss_z:6.829346,accu:0.405063,loss_recon:0.17395

9200-loss_z:0.17946,accu:0.99707,loss_recon:0.080476

9200-loss_z:6.937458,accu:0.43038,loss_recon:0.168716

9400-loss_z:0.169607,accu:0.996784,loss_recon:0.080439

9400-loss_z:7.10381,accu:0.392405,loss_recon:0.173012

9600-loss_z:0.163708,accu:0.996497,loss_recon:0.081234

9600-loss_z:7.199182,accu:0.43038,loss_recon:0.168151

9800-loss_z:0.157058,accu:0.997513,loss_recon:0.079497

9800-loss_z:7.395722,accu:0.417722,loss_recon:0.173124

10000-loss_z:0.15072,accu:0.997578,loss_recon:0.079842

10000-loss_z:7.53561,accu:0.405063,loss_recon:0.169835

10200-loss_z:0.143354,accu:0.996921,loss_recon:0.080163

10200-loss_z:7.701714,accu:0.405063,loss_recon:0.174202

10400-loss_z:0.13559,accu:0.997604,loss_recon:0.077744

10400-loss_z:7.858385,accu:0.417722,loss_recon:0.175914

10600-loss_z:0.132606,accu:0.999388,loss_recon:0.077539

10600-loss_z:8.0573,accu:0.405063,loss_recon:0.175725

10800-loss_z:0.125087,accu:0.998542,loss_recon:0.07695

10800-loss_z:8.192433,accu:0.443038,loss_recon:0.172934

11000-loss_z:0.11981,accu:0.999206,loss_recon:0.077909

11000-loss_z:8.479354,accu:0.392405,loss_recon:0.177056

11200-loss_z:0.11578,accu:0.999297,loss_recon:0.076702

11200-loss_z:8.643703,accu:0.417722,loss_recon:0.169531

11400-loss_z:0.109793,accu:0.99946,loss_recon:0.076614

11400-loss_z:8.802732,accu:0.417722,loss_recon:0.172075

11600-loss_z:0.104874,accu:0.999896,loss_recon:0.076771

11600-loss_z:9.033164,accu:0.43038,loss_recon:0.172695

11800-loss_z:0.099929,accu:0.999837,loss_recon:0.077155

11800-loss_z:9.238727,accu:0.417722,loss_recon:0.176143

12000-loss_z:0.095874,accu:0.999798,loss_recon:0.076798

12000-loss_z:9.400089,accu:0.43038,loss_recon:0.170327

12200-loss_z:0.090829,accu:0.999857,loss_recon:0.075599

12200-loss_z:9.566979,accu:0.405063,loss_recon:0.168691

12400-loss_z:0.087677,accu:0.999525,loss_recon:0.07539

12400-loss_z:9.722615,accu:0.43038,loss_recon:0.171935

12600-loss_z:0.081588,accu:1.0,loss_recon:0.075576

12600-loss_z:9.907697,accu:0.417722,loss_recon:0.16979

12800-loss_z:0.078257,accu:1.0,loss_recon:0.073979

12800-loss_z:10.109524,accu:0.417722,loss_recon:0.174272

13000-loss_z:0.074588,accu:1.0,loss_recon:0.073396

13000-loss_z:10.302423,accu:0.417722,loss_recon:0.172749

13200-loss_z:0.072153,accu:1.0,loss_recon:0.072449

13200-loss_z:10.424316,accu:0.43038,loss_recon:0.175615

13400-loss_z:0.067389,accu:1.0,loss_recon:0.072926

13400-loss_z:10.5881,accu:0.43038,loss_recon:0.169843

13600-loss_z:0.065099,accu:1.0,loss_recon:0.072164

13600-loss_z:10.729638,accu:0.417722,loss_recon:0.174287

13800-loss_z:0.062503,accu:1.0,loss_recon:0.072996

13800-loss_z:10.898199,accu:0.43038,loss_recon:0.174184

14000-loss_z:0.05801,accu:1.0,loss_recon:0.073453

14000-loss_z:11.003001,accu:0.43038,loss_recon:0.173022

14200-loss_z:0.055305,accu:1.0,loss_recon:0.071894

14200-loss_z:11.159451,accu:0.43038,loss_recon:0.175456

14400-loss_z:0.053475,accu:1.0,loss_recon:0.071027

14400-loss_z:11.334075,accu:0.43038,loss_recon:0.171353

14600-loss_z:0.050391,accu:1.0,loss_recon:0.071352

14600-loss_z:11.427744,accu:0.43038,loss_recon:0.169424

14800-loss_z:0.04832,accu:1.0,loss_recon:0.071675

14800-loss_z:11.60669,accu:0.43038,loss_recon:0.172469

15000-loss_z:0.046252,accu:1.0,loss_recon:0.071519

15000-loss_z:11.749917,accu:0.43038,loss_recon:0.175759

15200-loss_z:0.043558,accu:1.0,loss_recon:0.072259

15200-loss_z:11.893192,accu:0.43038,loss_recon:0.174367

15400-loss_z:0.041011,accu:1.0,loss_recon:0.06984

15400-loss_z:12.051065,accu:0.43038,loss_recon:0.17723

15600-loss_z:0.038797,accu:1.0,loss_recon:0.070094

15600-loss_z:12.238531,accu:0.43038,loss_recon:0.17668

15800-loss_z:0.03696,accu:1.0,loss_recon:0.070522

15800-loss_z:12.386294,accu:0.443038,loss_recon:0.174102

16000-loss_z:0.035094,accu:1.0,loss_recon:0.07037

16000-loss_z:12.529708,accu:0.443038,loss_recon:0.175582

16200-loss_z:0.033054,accu:1.0,loss_recon:0.070037

16200-loss_z:12.73585,accu:0.405063,loss_recon:0.176671

16400-loss_z:0.031352,accu:1.0,loss_recon:0.068981

16400-loss_z:12.867272,accu:0.43038,loss_recon:0.17674

16600-loss_z:0.029391,accu:1.0,loss_recon:0.069126

16600-loss_z:13.067286,accu:0.443038,loss_recon:0.182531

16800-loss_z:0.028309,accu:1.0,loss_recon:0.070248

16800-loss_z:13.208853,accu:0.417722,loss_recon:0.17986

17000-loss_z:0.026652,accu:1.0,loss_recon:0.070202

17000-loss_z:13.425299,accu:0.455696,loss_recon:0.179435

17200-loss_z:0.024833,accu:1.0,loss_recon:0.069414

17200-loss_z:13.561115,accu:0.417722,loss_recon:0.178029

17400-loss_z:0.023887,accu:1.0,loss_recon:0.069051

17400-loss_z:13.74907,accu:0.443038,loss_recon:0.179625

17600-loss_z:0.022564,accu:1.0,loss_recon:0.069333

17600-loss_z:13.945594,accu:0.43038,loss_recon:0.181528

17800-loss_z:0.021207,accu:1.0,loss_recon:0.068807

17800-loss_z:14.069997,accu:0.455696,loss_recon:0.185498

18000-loss_z:0.020228,accu:1.0,loss_recon:0.069188

18000-loss_z:14.246143,accu:0.443038,loss_recon:0.182924

18200-loss_z:0.01876,accu:1.0,loss_recon:0.069034

18200-loss_z:14.364696,accu:0.455696,loss_recon:0.1815

18400-loss_z:0.017552,accu:1.0,loss_recon:0.069574

18400-loss_z:14.53336,accu:0.417722,loss_recon:0.184248

18600-loss_z:0.016885,accu:1.0,loss_recon:0.069701

18600-loss_z:14.686062,accu:0.43038,loss_recon:0.182383

18800-loss_z:0.015709,accu:1.0,loss_recon:0.069045

18800-loss_z:14.901384,accu:0.443038,loss_recon:0.180922

19000-loss_z:0.014823,accu:1.0,loss_recon:0.070171

19000-loss_z:15.067044,accu:0.43038,loss_recon:0.184038

19200-loss_z:0.014029,accu:1.0,loss_recon:0.069229

19200-loss_z:15.197567,accu:0.43038,loss_recon:0.18385

19400-loss_z:0.013039,accu:1.0,loss_recon:0.068048

19400-loss_z:15.4004,accu:0.443038,loss_recon:0.184249

19600-loss_z:0.012309,accu:1.0,loss_recon:0.067897

19600-loss_z:15.562103,accu:0.43038,loss_recon:0.183579

19800-loss_z:0.011696,accu:1.0,loss_recon:0.068427

19800-loss_z:15.718965,accu:0.43038,loss_recon:0.182751

20000-loss_z:0.011008,accu:1.0,loss_recon:0.068721

20000-loss_z:15.84956,accu:0.405063,loss_recon:0.182868

Continue training
New FC model is initialized
200-loss_z:2.546884,accu:0.184319,loss_recon:0.782415

200-loss_z:2.59568,accu:0.075949,loss_recon:0.345997

400-loss_z:1.985417,accu:0.343743,loss_recon:0.240062

400-loss_z:2.482754,accu:0.101266,loss_recon:0.278375

600-loss_z:1.683166,accu:0.429421,loss_recon:0.188205

600-loss_z:2.46733,accu:0.101266,loss_recon:0.257389

800-loss_z:1.478631,accu:0.463652,loss_recon:0.168564

800-loss_z:2.436648,accu:0.126582,loss_recon:0.251627

1000-loss_z:1.324351,accu:0.528105,loss_recon:0.15683

1000-loss_z:2.474466,accu:0.164557,loss_recon:0.247529

1200-loss_z:1.206755,accu:0.59013,loss_recon:0.150419

1200-loss_z:2.45798,accu:0.189873,loss_recon:0.241448

1400-loss_z:1.110057,accu:0.626908,loss_recon:0.139412

1400-loss_z:2.465221,accu:0.177215,loss_recon:0.230894

1600-loss_z:1.024208,accu:0.671426,loss_recon:0.134116

1600-loss_z:2.500239,accu:0.227848,loss_recon:0.225804

1800-loss_z:0.950304,accu:0.706283,loss_recon:0.129019

1800-loss_z:2.493724,accu:0.265823,loss_recon:0.218875

2000-loss_z:0.878951,accu:0.750664,loss_recon:0.125513

2000-loss_z:2.509806,accu:0.265823,loss_recon:0.217215

2200-loss_z:0.823741,accu:0.787721,loss_recon:0.12208

2200-loss_z:2.513191,accu:0.265823,loss_recon:0.206664

2400-loss_z:0.773109,accu:0.820365,loss_recon:0.118881

2400-loss_z:2.491523,accu:0.291139,loss_recon:0.207463

2600-loss_z:0.725225,accu:0.844935,loss_recon:0.116967

2600-loss_z:2.494221,accu:0.278481,loss_recon:0.204653

2800-loss_z:0.683709,accu:0.853509,loss_recon:0.114545

2800-loss_z:2.507707,accu:0.278481,loss_recon:0.196367

3000-loss_z:0.646564,accu:0.871465,loss_recon:0.115407

3000-loss_z:2.515743,accu:0.291139,loss_recon:0.197668

3200-loss_z:0.606824,accu:0.888164,loss_recon:0.113906

3200-loss_z:2.572134,accu:0.265823,loss_recon:0.192994

3400-loss_z:0.574069,accu:0.900423,loss_recon:0.112758

3400-loss_z:2.628742,accu:0.303797,loss_recon:0.196525

3600-loss_z:0.546261,accu:0.91054,loss_recon:0.112049

3600-loss_z:2.723177,accu:0.278481,loss_recon:0.201112

3800-loss_z:0.519765,accu:0.919434,loss_recon:0.111598

3800-loss_z:2.801148,accu:0.303797,loss_recon:0.193599

4000-loss_z:0.489907,accu:0.927884,loss_recon:0.109604

4000-loss_z:2.93075,accu:0.35443,loss_recon:0.190591

4200-loss_z:0.465952,accu:0.925677,loss_recon:0.10873

4200-loss_z:3.085217,accu:0.35443,loss_recon:0.197185

4400-loss_z:0.446128,accu:0.933079,loss_recon:0.110113

4400-loss_z:3.209046,accu:0.341772,loss_recon:0.196002

4600-loss_z:0.423095,accu:0.932168,loss_recon:0.107235

4600-loss_z:3.316191,accu:0.341772,loss_recon:0.192817

4800-loss_z:0.401648,accu:0.934434,loss_recon:0.105405

4800-loss_z:3.439998,accu:0.329114,loss_recon:0.190684

5000-loss_z:0.385541,accu:0.935527,loss_recon:0.106345

5000-loss_z:3.553908,accu:0.367089,loss_recon:0.197549

5200-loss_z:0.365714,accu:0.939447,loss_recon:0.105903

5200-loss_z:3.712605,accu:0.379747,loss_recon:0.194178

5400-loss_z:0.34808,accu:0.94668,loss_recon:0.10428

5400-loss_z:3.78458,accu:0.367089,loss_recon:0.193416

5600-loss_z:0.334598,accu:0.947025,loss_recon:0.104005

5600-loss_z:3.928441,accu:0.392405,loss_recon:0.191552

5800-loss_z:0.31965,accu:0.947852,loss_recon:0.102038

5800-loss_z:4.101919,accu:0.392405,loss_recon:0.191285

6000-loss_z:0.304385,accu:0.956615,loss_recon:0.103637

6000-loss_z:4.218948,accu:0.405063,loss_recon:0.198663

6200-loss_z:0.289852,accu:0.959479,loss_recon:0.104013

6200-loss_z:4.398921,accu:0.379747,loss_recon:0.19328

6400-loss_z:0.2778,accu:0.962227,loss_recon:0.103411

6400-loss_z:4.573689,accu:0.379747,loss_recon:0.194684

6600-loss_z:0.263924,accu:0.965488,loss_recon:0.10196

6600-loss_z:4.71767,accu:0.405063,loss_recon:0.195993

6800-loss_z:0.252844,accu:0.969876,loss_recon:0.104062

6800-loss_z:4.897369,accu:0.417722,loss_recon:0.195412

7000-loss_z:0.242255,accu:0.972233,loss_recon:0.10192

7000-loss_z:5.042011,accu:0.405063,loss_recon:0.193892

7200-loss_z:0.229856,accu:0.975313,loss_recon:0.101589

7200-loss_z:5.239116,accu:0.392405,loss_recon:0.191704

7400-loss_z:0.222396,accu:0.97584,loss_recon:0.100823

7400-loss_z:5.383157,accu:0.405063,loss_recon:0.202496

7600-loss_z:0.210711,accu:0.979648,loss_recon:0.101088

7600-loss_z:5.542213,accu:0.417722,loss_recon:0.197485

7800-loss_z:0.202976,accu:0.982474,loss_recon:0.100997

7800-loss_z:5.719446,accu:0.417722,loss_recon:0.197715

8000-loss_z:0.195013,accu:0.982448,loss_recon:0.10075

8000-loss_z:5.907885,accu:0.405063,loss_recon:0.198689

8200-loss_z:0.18465,accu:0.987572,loss_recon:0.097944

8200-loss_z:6.060876,accu:0.417722,loss_recon:0.199095

8400-loss_z:0.176805,accu:0.987253,loss_recon:0.098133

8400-loss_z:6.233627,accu:0.405063,loss_recon:0.201294

8600-loss_z:0.16957,accu:0.988099,loss_recon:0.099677

8600-loss_z:6.386441,accu:0.417722,loss_recon:0.197827

8800-loss_z:0.162404,accu:0.988945,loss_recon:0.098828

8800-loss_z:6.577321,accu:0.417722,loss_recon:0.205938

9000-loss_z:0.155904,accu:0.992454,loss_recon:0.100069

9000-loss_z:6.745358,accu:0.392405,loss_recon:0.200014

9200-loss_z:0.147873,accu:0.993698,loss_recon:0.098249

9200-loss_z:6.905175,accu:0.417722,loss_recon:0.19729

9400-loss_z:0.142243,accu:0.992214,loss_recon:0.098457

9400-loss_z:7.094987,accu:0.405063,loss_recon:0.203793

9600-loss_z:0.135209,accu:0.994277,loss_recon:0.098762

9600-loss_z:7.261562,accu:0.417722,loss_recon:0.201702

9800-loss_z:0.130783,accu:0.99599,loss_recon:0.099294

9800-loss_z:7.431114,accu:0.417722,loss_recon:0.204796

10000-loss_z:0.122723,accu:0.995501,loss_recon:0.097534

10000-loss_z:7.599363,accu:0.417722,loss_recon:0.206739

10200-loss_z:0.118418,accu:0.998008,loss_recon:0.098276

10200-loss_z:7.767547,accu:0.417722,loss_recon:0.20375

10400-loss_z:0.114662,accu:0.998639,loss_recon:0.097826

10400-loss_z:7.889818,accu:0.417722,loss_recon:0.203742

10600-loss_z:0.108508,accu:0.998711,loss_recon:0.097497

10600-loss_z:8.05325,accu:0.405063,loss_recon:0.204218

10800-loss_z:0.105059,accu:0.999323,loss_recon:0.096515

10800-loss_z:8.112156,accu:0.417722,loss_recon:0.204366

11000-loss_z:0.099871,accu:0.999238,loss_recon:0.096292

11000-loss_z:8.176777,accu:0.417722,loss_recon:0.201408

11200-loss_z:0.094406,accu:0.998971,loss_recon:0.096278

11200-loss_z:8.195433,accu:0.405063,loss_recon:0.205107

11400-loss_z:0.091594,accu:0.999818,loss_recon:0.097647

11400-loss_z:8.226936,accu:0.392405,loss_recon:0.206294

11600-loss_z:0.086445,accu:1.0,loss_recon:0.095688

11600-loss_z:8.19854,accu:0.43038,loss_recon:0.205715

11800-loss_z:0.082716,accu:1.0,loss_recon:0.096955

11800-loss_z:8.266838,accu:0.405063,loss_recon:0.209196

12000-loss_z:0.080304,accu:0.999876,loss_recon:0.095731

12000-loss_z:8.283803,accu:0.43038,loss_recon:0.210323

12200-loss_z:0.076051,accu:1.0,loss_recon:0.096256

12200-loss_z:8.298109,accu:0.417722,loss_recon:0.209838

12400-loss_z:0.072435,accu:0.999896,loss_recon:0.094041

12400-loss_z:8.411163,accu:0.417722,loss_recon:0.207863

12600-loss_z:0.069345,accu:1.0,loss_recon:0.096478

12600-loss_z:8.524806,accu:0.417722,loss_recon:0.2054

12800-loss_z:0.066297,accu:1.0,loss_recon:0.09521

12800-loss_z:8.630373,accu:0.392405,loss_recon:0.215183

13000-loss_z:0.064097,accu:1.0,loss_recon:0.094751

13000-loss_z:8.714126,accu:0.392405,loss_recon:0.208407

13200-loss_z:0.059223,accu:1.0,loss_recon:0.093898

13200-loss_z:8.773376,accu:0.417722,loss_recon:0.209711

13400-loss_z:0.057657,accu:1.0,loss_recon:0.094045

13400-loss_z:8.827586,accu:0.43038,loss_recon:0.212922

13600-loss_z:0.054521,accu:1.0,loss_recon:0.093301

13600-loss_z:8.875719,accu:0.43038,loss_recon:0.215086

13800-loss_z:0.052599,accu:1.0,loss_recon:0.092798

13800-loss_z:8.909979,accu:0.455696,loss_recon:0.215247

14000-loss_z:0.048951,accu:1.0,loss_recon:0.093805

14000-loss_z:8.999928,accu:0.443038,loss_recon:0.210277

14200-loss_z:0.048645,accu:1.0,loss_recon:0.094261

14200-loss_z:9.046198,accu:0.443038,loss_recon:0.213438

14400-loss_z:0.045031,accu:1.0,loss_recon:0.094258

14400-loss_z:9.178708,accu:0.443038,loss_recon:0.215182

14600-loss_z:0.043571,accu:1.0,loss_recon:0.094528

14600-loss_z:9.256217,accu:0.43038,loss_recon:0.2158

14800-loss_z:0.041017,accu:1.0,loss_recon:0.094093

14800-loss_z:9.271279,accu:0.417722,loss_recon:0.218057

15000-loss_z:0.038656,accu:1.0,loss_recon:0.093511

15000-loss_z:9.373733,accu:0.443038,loss_recon:0.2204

15200-loss_z:0.03709,accu:1.0,loss_recon:0.091893

15200-loss_z:9.404887,accu:0.443038,loss_recon:0.215917

15400-loss_z:0.035132,accu:1.0,loss_recon:0.092005

15400-loss_z:9.46968,accu:0.443038,loss_recon:0.213474

15600-loss_z:0.033509,accu:1.0,loss_recon:0.093916

15600-loss_z:9.574046,accu:0.443038,loss_recon:0.216603

15800-loss_z:0.031892,accu:1.0,loss_recon:0.092768

15800-loss_z:9.630005,accu:0.443038,loss_recon:0.216462

16000-loss_z:0.030244,accu:1.0,loss_recon:0.092886

16000-loss_z:9.745404,accu:0.443038,loss_recon:0.221545

16200-loss_z:0.029299,accu:1.0,loss_recon:0.092392

16200-loss_z:9.864084,accu:0.443038,loss_recon:0.21398

16400-loss_z:0.027514,accu:1.0,loss_recon:0.092061

16400-loss_z:9.938644,accu:0.43038,loss_recon:0.221714

16600-loss_z:0.026344,accu:1.0,loss_recon:0.090491

16600-loss_z:10.003892,accu:0.43038,loss_recon:0.219407

16800-loss_z:0.024982,accu:1.0,loss_recon:0.091122

16800-loss_z:10.135545,accu:0.455696,loss_recon:0.218898

17000-loss_z:0.023683,accu:1.0,loss_recon:0.091109

17000-loss_z:10.258349,accu:0.443038,loss_recon:0.220374

17200-loss_z:0.022462,accu:1.0,loss_recon:0.090585

17200-loss_z:10.388714,accu:0.443038,loss_recon:0.226269

17400-loss_z:0.021427,accu:1.0,loss_recon:0.091352

17400-loss_z:10.548529,accu:0.443038,loss_recon:0.220211

17600-loss_z:0.020048,accu:1.0,loss_recon:0.089103

17600-loss_z:10.647416,accu:0.43038,loss_recon:0.226945

17800-loss_z:0.018761,accu:1.0,loss_recon:0.089963

17800-loss_z:10.837835,accu:0.43038,loss_recon:0.227287

18000-loss_z:0.018208,accu:1.0,loss_recon:0.090022

18000-loss_z:11.009364,accu:0.43038,loss_recon:0.226764

18200-loss_z:0.017053,accu:1.0,loss_recon:0.089871

18200-loss_z:11.181359,accu:0.43038,loss_recon:0.229948

18400-loss_z:0.016386,accu:1.0,loss_recon:0.091001

18400-loss_z:11.294897,accu:0.43038,loss_recon:0.227264

18600-loss_z:0.015221,accu:1.0,loss_recon:0.08903

18600-loss_z:11.500033,accu:0.43038,loss_recon:0.229894

18800-loss_z:0.014652,accu:1.0,loss_recon:0.089357

18800-loss_z:11.582761,accu:0.417722,loss_recon:0.229631

19000-loss_z:0.013657,accu:1.0,loss_recon:0.088668

19000-loss_z:11.745763,accu:0.43038,loss_recon:0.234836

19200-loss_z:0.012966,accu:1.0,loss_recon:0.088731

19200-loss_z:11.954497,accu:0.43038,loss_recon:0.225532

19400-loss_z:0.012285,accu:1.0,loss_recon:0.087268

19400-loss_z:12.058148,accu:0.43038,loss_recon:0.22963

19600-loss_z:0.011522,accu:1.0,loss_recon:0.087508

19600-loss_z:12.26663,accu:0.455696,loss_recon:0.231806

19800-loss_z:0.011012,accu:1.0,loss_recon:0.087462

19800-loss_z:12.491785,accu:0.43038,loss_recon:0.231551

20000-loss_z:0.010159,accu:1.0,loss_recon:0.088355

20000-loss_z:12.636518,accu:0.443038,loss_recon:0.240274

Continue training
New FC model is initialized
200-loss_z:2.641085,accu:0.17422,loss_recon:0.802228

200-loss_z:2.680993,accu:0.088608,loss_recon:0.358811

400-loss_z:2.001735,accu:0.306289,loss_recon:0.243314

400-loss_z:2.551696,accu:0.113924,loss_recon:0.244096

600-loss_z:1.68737,accu:0.416868,loss_recon:0.186344

600-loss_z:2.559163,accu:0.126582,loss_recon:0.23531

800-loss_z:1.49249,accu:0.49834,loss_recon:0.16836

800-loss_z:2.583352,accu:0.151899,loss_recon:0.233479

1000-loss_z:1.341989,accu:0.559395,loss_recon:0.157908

1000-loss_z:2.623006,accu:0.126582,loss_recon:0.231836

1200-loss_z:1.227273,accu:0.604577,loss_recon:0.149871

1200-loss_z:2.668813,accu:0.202532,loss_recon:0.231596

1400-loss_z:1.131639,accu:0.647891,loss_recon:0.146324

1400-loss_z:2.727085,accu:0.177215,loss_recon:0.236329

1600-loss_z:1.046435,accu:0.675807,loss_recon:0.140152

1600-loss_z:2.773535,accu:0.202532,loss_recon:0.234636

1800-loss_z:0.973364,accu:0.708652,loss_recon:0.135546

1800-loss_z:2.83131,accu:0.202532,loss_recon:0.23444

2000-loss_z:0.917358,accu:0.738079,loss_recon:0.134526

2000-loss_z:2.970783,accu:0.240506,loss_recon:0.232729

2200-loss_z:0.852074,accu:0.756465,loss_recon:0.131718

2200-loss_z:3.14526,accu:0.227848,loss_recon:0.236756

2400-loss_z:0.8055,accu:0.781458,loss_recon:0.127728

2400-loss_z:3.226985,accu:0.265823,loss_recon:0.227817

2600-loss_z:0.752874,accu:0.794635,loss_recon:0.127277

2600-loss_z:3.352834,accu:0.240506,loss_recon:0.230969

2800-loss_z:0.712268,accu:0.80748,loss_recon:0.124148

2800-loss_z:3.499989,accu:0.265823,loss_recon:0.230857

3000-loss_z:0.672167,accu:0.821816,loss_recon:0.12255

3000-loss_z:3.627272,accu:0.303797,loss_recon:0.233262

3200-loss_z:0.63061,accu:0.841953,loss_recon:0.119274

3200-loss_z:3.81084,accu:0.278481,loss_recon:0.239816

3400-loss_z:0.60026,accu:0.852409,loss_recon:0.12138

3400-loss_z:3.955946,accu:0.303797,loss_recon:0.23849

3600-loss_z:0.573385,accu:0.876048,loss_recon:0.120204

3600-loss_z:4.123203,accu:0.291139,loss_recon:0.233297

3800-loss_z:0.542374,accu:0.897194,loss_recon:0.118733

3800-loss_z:4.294027,accu:0.316456,loss_recon:0.229238

4000-loss_z:0.513245,accu:0.908164,loss_recon:0.117041

4000-loss_z:4.464104,accu:0.329114,loss_recon:0.233228

4200-loss_z:0.485345,accu:0.922578,loss_recon:0.116556

4200-loss_z:4.64242,accu:0.35443,loss_recon:0.237481

4400-loss_z:0.466806,accu:0.936042,loss_recon:0.116035

4400-loss_z:4.856735,accu:0.316456,loss_recon:0.233868

4600-loss_z:0.444445,accu:0.941302,loss_recon:0.115796

4600-loss_z:5.078893,accu:0.35443,loss_recon:0.234475

4800-loss_z:0.426635,accu:0.946706,loss_recon:0.11366

4800-loss_z:5.274559,accu:0.367089,loss_recon:0.226707

5000-loss_z:0.403046,accu:0.951217,loss_recon:0.115246

5000-loss_z:5.477054,accu:0.367089,loss_recon:0.238763

5200-loss_z:0.385932,accu:0.956576,loss_recon:0.11412

5200-loss_z:5.710008,accu:0.367089,loss_recon:0.233253

5400-loss_z:0.367337,accu:0.965065,loss_recon:0.112721

5400-loss_z:5.880945,accu:0.367089,loss_recon:0.230966

5600-loss_z:0.349826,accu:0.963906,loss_recon:0.112963

5600-loss_z:6.12139,accu:0.35443,loss_recon:0.237418

5800-loss_z:0.335352,accu:0.968359,loss_recon:0.112857

5800-loss_z:6.306538,accu:0.35443,loss_recon:0.230695

6000-loss_z:0.317027,accu:0.9739,loss_recon:0.109438

6000-loss_z:6.511463,accu:0.379747,loss_recon:0.237648

6200-loss_z:0.305615,accu:0.971777,loss_recon:0.113036

6200-loss_z:6.709788,accu:0.392405,loss_recon:0.239843

6400-loss_z:0.292042,accu:0.973444,loss_recon:0.110975

6400-loss_z:6.936754,accu:0.405063,loss_recon:0.233663

6600-loss_z:0.278945,accu:0.97638,loss_recon:0.111468

6600-loss_z:7.129899,accu:0.379747,loss_recon:0.234539

6800-loss_z:0.264642,accu:0.977266,loss_recon:0.109181

6800-loss_z:7.32597,accu:0.405063,loss_recon:0.234304

7000-loss_z:0.251413,accu:0.9789,loss_recon:0.110996

7000-loss_z:7.538933,accu:0.392405,loss_recon:0.22895

7200-loss_z:0.241258,accu:0.981146,loss_recon:0.110742

7200-loss_z:7.777733,accu:0.392405,loss_recon:0.234262

7400-loss_z:0.227373,accu:0.982292,loss_recon:0.108887

7400-loss_z:8.011033,accu:0.392405,loss_recon:0.245057

7600-loss_z:0.217505,accu:0.981543,loss_recon:0.109925

7600-loss_z:8.211233,accu:0.392405,loss_recon:0.233553

7800-loss_z:0.208678,accu:0.983079,loss_recon:0.11162

7800-loss_z:8.454927,accu:0.392405,loss_recon:0.234557

8000-loss_z:0.197045,accu:0.984141,loss_recon:0.109576

8000-loss_z:8.665221,accu:0.392405,loss_recon:0.234612

8200-loss_z:0.190791,accu:0.988763,loss_recon:0.109669

8200-loss_z:8.965713,accu:0.392405,loss_recon:0.233366

8400-loss_z:0.181297,accu:0.988542,loss_recon:0.110118

8400-loss_z:9.221343,accu:0.367089,loss_recon:0.233917

8600-loss_z:0.171683,accu:0.989577,loss_recon:0.108941

8600-loss_z:9.465993,accu:0.392405,loss_recon:0.247296

8800-loss_z:0.162437,accu:0.991393,loss_recon:0.110012

8800-loss_z:9.73243,accu:0.392405,loss_recon:0.232165

9000-loss_z:0.155765,accu:0.991543,loss_recon:0.11067

9000-loss_z:9.983953,accu:0.392405,loss_recon:0.233028

9200-loss_z:0.148383,accu:0.993659,loss_recon:0.106591

9200-loss_z:10.23529,accu:0.392405,loss_recon:0.232106

9400-loss_z:0.142437,accu:0.990182,loss_recon:0.110692

9400-loss_z:10.481824,accu:0.392405,loss_recon:0.231917

9600-loss_z:0.1335,accu:0.992474,loss_recon:0.107328

9600-loss_z:10.753526,accu:0.405063,loss_recon:0.229951

9800-loss_z:0.12792,accu:0.991504,loss_recon:0.106518

9800-loss_z:11.035889,accu:0.392405,loss_recon:0.235641

10000-loss_z:0.121801,accu:0.992858,loss_recon:0.106901

10000-loss_z:11.243752,accu:0.405063,loss_recon:0.230048

10200-loss_z:0.116904,accu:0.992734,loss_recon:0.107814

10200-loss_z:11.550692,accu:0.392405,loss_recon:0.229145

10400-loss_z:0.111129,accu:0.992624,loss_recon:0.106311

10400-loss_z:11.771409,accu:0.392405,loss_recon:0.22842

10600-loss_z:0.105281,accu:0.993633,loss_recon:0.107641

10600-loss_z:12.091657,accu:0.417722,loss_recon:0.225834

10800-loss_z:0.10104,accu:0.993574,loss_recon:0.105915

10800-loss_z:12.347963,accu:0.392405,loss_recon:0.23034

11000-loss_z:0.094874,accu:0.994674,loss_recon:0.105906

11000-loss_z:12.617661,accu:0.379747,loss_recon:0.222198

11200-loss_z:0.090206,accu:0.994974,loss_recon:0.106845

11200-loss_z:12.908896,accu:0.405063,loss_recon:0.225553

11400-loss_z:0.086835,accu:0.995931,loss_recon:0.104816

11400-loss_z:13.153645,accu:0.417722,loss_recon:0.239185

11600-loss_z:0.083547,accu:0.996426,loss_recon:0.106315

11600-loss_z:13.446588,accu:0.417722,loss_recon:0.228389

11800-loss_z:0.079471,accu:0.996204,loss_recon:0.104125

11800-loss_z:13.725013,accu:0.405063,loss_recon:0.229792

12000-loss_z:0.075453,accu:0.99791,loss_recon:0.105463

12000-loss_z:14.02336,accu:0.417722,loss_recon:0.228701

12200-loss_z:0.070516,accu:0.998633,loss_recon:0.106361

12200-loss_z:14.286709,accu:0.405063,loss_recon:0.225553

12400-loss_z:0.0684,accu:0.9986,loss_recon:0.105629

12400-loss_z:14.581738,accu:0.417722,loss_recon:0.225559

12600-loss_z:0.064443,accu:0.998763,loss_recon:0.10473

12600-loss_z:14.903163,accu:0.417722,loss_recon:0.234802

12800-loss_z:0.060957,accu:0.99901,loss_recon:0.104612

12800-loss_z:15.162542,accu:0.417722,loss_recon:0.226368

13000-loss_z:0.057219,accu:0.999531,loss_recon:0.103184

13000-loss_z:15.47755,accu:0.417722,loss_recon:0.228563

13200-loss_z:0.053685,accu:0.999661,loss_recon:0.102544

13200-loss_z:15.785472,accu:0.417722,loss_recon:0.231349

13400-loss_z:0.052481,accu:0.999596,loss_recon:0.103041

13400-loss_z:16.052197,accu:0.417722,loss_recon:0.223321

13600-loss_z:0.05009,accu:0.999505,loss_recon:0.101068

13600-loss_z:16.312925,accu:0.417722,loss_recon:0.224955

13800-loss_z:0.047139,accu:1.0,loss_recon:0.10119

13800-loss_z:16.638905,accu:0.417722,loss_recon:0.226167

14000-loss_z:0.04517,accu:0.999857,loss_recon:0.100698

14000-loss_z:16.933636,accu:0.417722,loss_recon:0.229925

14200-loss_z:0.042471,accu:1.0,loss_recon:0.099556

14200-loss_z:17.231071,accu:0.43038,loss_recon:0.231602

14400-loss_z:0.041002,accu:1.0,loss_recon:0.100933

14400-loss_z:17.546104,accu:0.417722,loss_recon:0.229452

14600-loss_z:0.038778,accu:1.0,loss_recon:0.102111

14600-loss_z:17.811749,accu:0.43038,loss_recon:0.230636

14800-loss_z:0.036315,accu:1.0,loss_recon:0.100153

14800-loss_z:18.109119,accu:0.405063,loss_recon:0.229438

15000-loss_z:0.034786,accu:1.0,loss_recon:0.099551

15000-loss_z:18.44981,accu:0.405063,loss_recon:0.238472

15200-loss_z:0.032152,accu:1.0,loss_recon:0.100053

15200-loss_z:18.706888,accu:0.417722,loss_recon:0.231865

15400-loss_z:0.03095,accu:1.0,loss_recon:0.098001

15400-loss_z:19.070894,accu:0.417722,loss_recon:0.230602

15600-loss_z:0.029616,accu:1.0,loss_recon:0.100322

15600-loss_z:19.360073,accu:0.405063,loss_recon:0.241339

15800-loss_z:0.02824,accu:1.0,loss_recon:0.099934

15800-loss_z:19.664217,accu:0.417722,loss_recon:0.234869

16000-loss_z:0.026142,accu:1.0,loss_recon:0.098114

16000-loss_z:20.019136,accu:0.417722,loss_recon:0.236771

16200-loss_z:0.024822,accu:1.0,loss_recon:0.09892

16200-loss_z:20.368206,accu:0.405063,loss_recon:0.238191

16400-loss_z:0.023684,accu:1.0,loss_recon:0.101724

16400-loss_z:20.6898,accu:0.405063,loss_recon:0.237595

16600-loss_z:0.022532,accu:1.0,loss_recon:0.097654

16600-loss_z:21.028221,accu:0.417722,loss_recon:0.233855

16800-loss_z:0.021126,accu:1.0,loss_recon:0.097906

16800-loss_z:21.364471,accu:0.405063,loss_recon:0.23818

17000-loss_z:0.020424,accu:1.0,loss_recon:0.098726

17000-loss_z:21.673477,accu:0.405063,loss_recon:0.241807

17200-loss_z:0.019295,accu:1.0,loss_recon:0.09771

17200-loss_z:22.035057,accu:0.405063,loss_recon:0.2374

17400-loss_z:0.018025,accu:1.0,loss_recon:0.096944

17400-loss_z:22.372816,accu:0.405063,loss_recon:0.229984

17600-loss_z:0.017397,accu:1.0,loss_recon:0.096596

17600-loss_z:22.724297,accu:0.405063,loss_recon:0.238744

17800-loss_z:0.015864,accu:1.0,loss_recon:0.09643

17800-loss_z:23.000689,accu:0.405063,loss_recon:0.235866

18000-loss_z:0.015319,accu:1.0,loss_recon:0.097471

18000-loss_z:23.383766,accu:0.405063,loss_recon:0.232125

18200-loss_z:0.014199,accu:1.0,loss_recon:0.095525

18200-loss_z:23.776827,accu:0.417722,loss_recon:0.239604

18400-loss_z:0.013492,accu:1.0,loss_recon:0.096647

18400-loss_z:24.086718,accu:0.417722,loss_recon:0.235175

18600-loss_z:0.012457,accu:1.0,loss_recon:0.09626

18600-loss_z:24.502373,accu:0.392405,loss_recon:0.232892

18800-loss_z:0.01182,accu:1.0,loss_recon:0.096101

18800-loss_z:24.886189,accu:0.405063,loss_recon:0.237885

19000-loss_z:0.011242,accu:1.0,loss_recon:0.095471

19000-loss_z:25.296652,accu:0.417722,loss_recon:0.241947

19200-loss_z:0.010612,accu:1.0,loss_recon:0.09625

19200-loss_z:25.696968,accu:0.392405,loss_recon:0.23279

19400-loss_z:0.009731,accu:1.0,loss_recon:0.095691

19400-loss_z:26.076162,accu:0.405063,loss_recon:0.243877

19600-loss_z:0.009279,accu:1.0,loss_recon:0.093887

19600-loss_z:26.485104,accu:0.405063,loss_recon:0.231562

19800-loss_z:0.00887,accu:1.0,loss_recon:0.094875

19800-loss_z:26.872818,accu:0.405063,loss_recon:0.23159

20000-loss_z:0.008,accu:1.0,loss_recon:0.095074

20000-loss_z:27.249531,accu:0.392405,loss_recon:0.231323

Continue training
New FC model is initialized
200-loss_z:2.532368,accu:0.171616,loss_recon:0.802993

200-loss_z:2.486683,accu:0.075949,loss_recon:0.406896

400-loss_z:1.950612,accu:0.330501,loss_recon:0.261866

400-loss_z:2.332025,accu:0.113924,loss_recon:0.292147

600-loss_z:1.687849,accu:0.413783,loss_recon:0.201042

600-loss_z:2.274976,accu:0.126582,loss_recon:0.258199

800-loss_z:1.502162,accu:0.466315,loss_recon:0.173426

800-loss_z:2.250272,accu:0.151899,loss_recon:0.252922

1000-loss_z:1.359213,accu:0.517279,loss_recon:0.159527

1000-loss_z:2.271165,accu:0.177215,loss_recon:0.260925

1200-loss_z:1.243617,accu:0.564681,loss_recon:0.15334

1200-loss_z:2.282132,accu:0.240506,loss_recon:0.260103

1400-loss_z:1.146696,accu:0.608431,loss_recon:0.146604

1400-loss_z:2.266613,accu:0.21519,loss_recon:0.256739

1600-loss_z:1.061614,accu:0.649017,loss_recon:0.142237

1600-loss_z:2.283609,accu:0.253165,loss_recon:0.263471

1800-loss_z:0.996061,accu:0.67209,loss_recon:0.1345

1800-loss_z:2.272446,accu:0.253165,loss_recon:0.262808

2000-loss_z:0.933007,accu:0.6986,loss_recon:0.129892

2000-loss_z:2.260938,accu:0.240506,loss_recon:0.267271

2200-loss_z:0.883698,accu:0.727656,loss_recon:0.131644

2200-loss_z:2.287015,accu:0.253165,loss_recon:0.267452

2400-loss_z:0.836236,accu:0.751185,loss_recon:0.127649

2400-loss_z:2.312446,accu:0.253165,loss_recon:0.257972

2600-loss_z:0.796053,accu:0.758105,loss_recon:0.125921

2600-loss_z:2.340314,accu:0.278481,loss_recon:0.259734

2800-loss_z:0.753724,accu:0.780957,loss_recon:0.124135

2800-loss_z:2.372748,accu:0.265823,loss_recon:0.256705

3000-loss_z:0.715208,accu:0.801842,loss_recon:0.122014

3000-loss_z:2.392728,accu:0.291139,loss_recon:0.244294

3200-loss_z:0.687765,accu:0.822253,loss_recon:0.121166

3200-loss_z:2.434556,accu:0.291139,loss_recon:0.252252

3400-loss_z:0.658401,accu:0.826921,loss_recon:0.120441

3400-loss_z:2.47405,accu:0.291139,loss_recon:0.24983

3600-loss_z:0.63151,accu:0.840059,loss_recon:0.11773

3600-loss_z:2.501039,accu:0.316456,loss_recon:0.247343

3800-loss_z:0.600335,accu:0.855443,loss_recon:0.115063

3800-loss_z:2.529457,accu:0.316456,loss_recon:0.245702

4000-loss_z:0.577573,accu:0.873092,loss_recon:0.113415

4000-loss_z:2.594949,accu:0.329114,loss_recon:0.238456

4200-loss_z:0.549531,accu:0.882741,loss_recon:0.110241

4200-loss_z:2.631957,accu:0.316456,loss_recon:0.239194

4400-loss_z:0.530363,accu:0.898815,loss_recon:0.10925

4400-loss_z:2.664257,accu:0.316456,loss_recon:0.233587

4600-loss_z:0.508708,accu:0.904648,loss_recon:0.104331

4600-loss_z:2.746071,accu:0.303797,loss_recon:0.23232

4800-loss_z:0.487156,accu:0.915169,loss_recon:0.101082

4800-loss_z:2.788298,accu:0.316456,loss_recon:0.236178

5000-loss_z:0.465547,accu:0.917858,loss_recon:0.09919

5000-loss_z:2.867102,accu:0.316456,loss_recon:0.232287

5200-loss_z:0.455246,accu:0.918105,loss_recon:0.097973

5200-loss_z:2.930434,accu:0.316456,loss_recon:0.231492

5400-loss_z:0.430938,accu:0.92763,loss_recon:0.095665

5400-loss_z:3.044204,accu:0.341772,loss_recon:0.231092

5600-loss_z:0.416031,accu:0.930866,loss_recon:0.094673

5600-loss_z:3.134388,accu:0.303797,loss_recon:0.231947

5800-loss_z:0.40129,accu:0.930195,loss_recon:0.094842

5800-loss_z:3.189954,accu:0.316456,loss_recon:0.228655

6000-loss_z:0.387313,accu:0.930599,loss_recon:0.094698

6000-loss_z:3.268307,accu:0.329114,loss_recon:0.226515

6200-loss_z:0.370777,accu:0.941309,loss_recon:0.093624

6200-loss_z:3.398654,accu:0.367089,loss_recon:0.231739

6400-loss_z:0.360842,accu:0.933945,loss_recon:0.094069

6400-loss_z:3.420659,accu:0.341772,loss_recon:0.226456

6600-loss_z:0.344779,accu:0.945156,loss_recon:0.0929

6600-loss_z:3.554345,accu:0.329114,loss_recon:0.227871

6800-loss_z:0.335508,accu:0.939583,loss_recon:0.090938

6800-loss_z:3.609408,accu:0.341772,loss_recon:0.224954

7000-loss_z:0.323931,accu:0.94472,loss_recon:0.091791

7000-loss_z:3.705119,accu:0.35443,loss_recon:0.227703

7200-loss_z:0.311778,accu:0.94485,loss_recon:0.090968

7200-loss_z:3.747517,accu:0.341772,loss_recon:0.224375

7400-loss_z:0.301187,accu:0.951048,loss_recon:0.090772

7400-loss_z:3.856158,accu:0.367089,loss_recon:0.223345

7600-loss_z:0.292749,accu:0.947578,loss_recon:0.090229

7600-loss_z:3.939149,accu:0.392405,loss_recon:0.222264

7800-loss_z:0.282482,accu:0.951465,loss_recon:0.08871

7800-loss_z:3.972383,accu:0.379747,loss_recon:0.222598

8000-loss_z:0.270073,accu:0.95265,loss_recon:0.089035

8000-loss_z:4.088264,accu:0.35443,loss_recon:0.223727

8200-loss_z:0.261775,accu:0.954154,loss_recon:0.089873

8200-loss_z:4.146799,accu:0.379747,loss_recon:0.221733

8400-loss_z:0.253893,accu:0.955456,loss_recon:0.087138

8400-loss_z:4.243849,accu:0.392405,loss_recon:0.224849

8600-loss_z:0.244582,accu:0.956413,loss_recon:0.087487

8600-loss_z:4.347781,accu:0.367089,loss_recon:0.226336

8800-loss_z:0.239528,accu:0.952637,loss_recon:0.087976

8800-loss_z:4.453256,accu:0.35443,loss_recon:0.227773

9000-loss_z:0.232383,accu:0.958535,loss_recon:0.087659

9000-loss_z:4.485516,accu:0.367089,loss_recon:0.228326

9200-loss_z:0.218776,accu:0.96151,loss_recon:0.086494

9200-loss_z:4.615178,accu:0.379747,loss_recon:0.21752

9400-loss_z:0.214377,accu:0.967591,loss_recon:0.086053

9400-loss_z:4.723679,accu:0.392405,loss_recon:0.221382

9600-loss_z:0.205183,accu:0.972331,loss_recon:0.086306

9600-loss_z:4.837071,accu:0.392405,loss_recon:0.22353

9800-loss_z:0.199134,accu:0.976276,loss_recon:0.08683

9800-loss_z:4.902592,accu:0.379747,loss_recon:0.222553

10000-loss_z:0.189456,accu:0.975944,loss_recon:0.086329

10000-loss_z:5.063807,accu:0.379747,loss_recon:0.214708

10200-loss_z:0.182296,accu:0.979316,loss_recon:0.08558

10200-loss_z:5.146514,accu:0.405063,loss_recon:0.226692

10400-loss_z:0.178381,accu:0.978027,loss_recon:0.084794

10400-loss_z:5.275414,accu:0.392405,loss_recon:0.227092

10600-loss_z:0.16961,accu:0.980156,loss_recon:0.085643

10600-loss_z:5.407452,accu:0.392405,loss_recon:0.22182

10800-loss_z:0.162574,accu:0.982487,loss_recon:0.085428

10800-loss_z:5.529672,accu:0.367089,loss_recon:0.222877

11000-loss_z:0.155052,accu:0.981068,loss_recon:0.084325

11000-loss_z:5.634807,accu:0.392405,loss_recon:0.216293

11200-loss_z:0.151324,accu:0.981204,loss_recon:0.083209

11200-loss_z:5.760049,accu:0.379747,loss_recon:0.221353

11400-loss_z:0.142434,accu:0.983385,loss_recon:0.082848

11400-loss_z:5.880092,accu:0.379747,loss_recon:0.224377

11600-loss_z:0.138747,accu:0.985723,loss_recon:0.084975

11600-loss_z:5.952297,accu:0.405063,loss_recon:0.226599

11800-loss_z:0.135135,accu:0.982611,loss_recon:0.083383

11800-loss_z:6.048109,accu:0.392405,loss_recon:0.220013

12000-loss_z:0.127378,accu:0.988509,loss_recon:0.083511

12000-loss_z:6.182749,accu:0.392405,loss_recon:0.21937

12200-loss_z:0.12236,accu:0.988932,loss_recon:0.081986

12200-loss_z:6.279097,accu:0.392405,loss_recon:0.214391

12400-loss_z:0.116605,accu:0.990358,loss_recon:0.083482

12400-loss_z:6.45713,accu:0.392405,loss_recon:0.223037

12600-loss_z:0.112168,accu:0.992624,loss_recon:0.0818

12600-loss_z:6.576225,accu:0.405063,loss_recon:0.211808

12800-loss_z:0.10614,accu:0.994147,loss_recon:0.083644

12800-loss_z:6.761629,accu:0.392405,loss_recon:0.223845

13000-loss_z:0.102742,accu:0.995182,loss_recon:0.083282

13000-loss_z:6.844561,accu:0.392405,loss_recon:0.218879

13200-loss_z:0.09786,accu:0.995534,loss_recon:0.08257

13200-loss_z:7.0387,accu:0.392405,loss_recon:0.213529

13400-loss_z:0.093272,accu:0.99707,loss_recon:0.082394

13400-loss_z:7.192225,accu:0.405063,loss_recon:0.21092

13600-loss_z:0.088911,accu:0.997747,loss_recon:0.082653

13600-loss_z:7.338406,accu:0.405063,loss_recon:0.221804

13800-loss_z:0.085124,accu:0.998717,loss_recon:0.082041

13800-loss_z:7.430131,accu:0.405063,loss_recon:0.218849

14000-loss_z:0.081643,accu:0.999043,loss_recon:0.081588

14000-loss_z:7.579421,accu:0.392405,loss_recon:0.215933

14200-loss_z:0.076953,accu:0.999818,loss_recon:0.081124

14200-loss_z:7.699227,accu:0.392405,loss_recon:0.213402

14400-loss_z:0.073129,accu:0.999596,loss_recon:0.081064

14400-loss_z:7.80566,accu:0.392405,loss_recon:0.216039

14600-loss_z:0.071339,accu:1.0,loss_recon:0.081443

14600-loss_z:7.974637,accu:0.392405,loss_recon:0.215504

14800-loss_z:0.065696,accu:0.999876,loss_recon:0.081722

14800-loss_z:8.084093,accu:0.405063,loss_recon:0.214513

15000-loss_z:0.063616,accu:1.0,loss_recon:0.080875

15000-loss_z:8.230417,accu:0.405063,loss_recon:0.215201

15200-loss_z:0.060569,accu:1.0,loss_recon:0.081385

15200-loss_z:8.386195,accu:0.405063,loss_recon:0.223291

15400-loss_z:0.057214,accu:1.0,loss_recon:0.081672

15400-loss_z:8.491923,accu:0.392405,loss_recon:0.222041

15600-loss_z:0.054346,accu:1.0,loss_recon:0.08076

15600-loss_z:8.61049,accu:0.392405,loss_recon:0.21734

15800-loss_z:0.051611,accu:1.0,loss_recon:0.080609

15800-loss_z:8.772039,accu:0.417722,loss_recon:0.216549

16000-loss_z:0.048706,accu:1.0,loss_recon:0.079844

16000-loss_z:8.941812,accu:0.392405,loss_recon:0.216284

16200-loss_z:0.045721,accu:1.0,loss_recon:0.078112

16200-loss_z:9.072996,accu:0.392405,loss_recon:0.211696

16400-loss_z:0.044205,accu:1.0,loss_recon:0.079864

16400-loss_z:9.227582,accu:0.392405,loss_recon:0.219739

16600-loss_z:0.041706,accu:1.0,loss_recon:0.080578

16600-loss_z:9.428088,accu:0.405063,loss_recon:0.21516

16800-loss_z:0.040029,accu:1.0,loss_recon:0.080544

16800-loss_z:9.621215,accu:0.405063,loss_recon:0.222903

17000-loss_z:0.036908,accu:1.0,loss_recon:0.079275

17000-loss_z:9.751402,accu:0.392405,loss_recon:0.220823

17200-loss_z:0.036144,accu:1.0,loss_recon:0.081444

17200-loss_z:9.950877,accu:0.392405,loss_recon:0.218335

17400-loss_z:0.033356,accu:1.0,loss_recon:0.079254

17400-loss_z:10.145778,accu:0.392405,loss_recon:0.21904

17600-loss_z:0.032117,accu:1.0,loss_recon:0.079039

17600-loss_z:10.293471,accu:0.392405,loss_recon:0.216261

17800-loss_z:0.030325,accu:1.0,loss_recon:0.079012

17800-loss_z:10.49583,accu:0.392405,loss_recon:0.223648

18000-loss_z:0.028327,accu:1.0,loss_recon:0.078481

18000-loss_z:10.66273,accu:0.379747,loss_recon:0.227081

18200-loss_z:0.02693,accu:1.0,loss_recon:0.078133

18200-loss_z:10.869048,accu:0.392405,loss_recon:0.214688

18400-loss_z:0.025424,accu:1.0,loss_recon:0.078759

18400-loss_z:11.046076,accu:0.392405,loss_recon:0.215534

18600-loss_z:0.024101,accu:1.0,loss_recon:0.079332

18600-loss_z:11.274371,accu:0.392405,loss_recon:0.22264

18800-loss_z:0.022916,accu:1.0,loss_recon:0.079274

18800-loss_z:11.469275,accu:0.392405,loss_recon:0.222778

19000-loss_z:0.021143,accu:1.0,loss_recon:0.077962

19000-loss_z:11.655842,accu:0.392405,loss_recon:0.217867

19200-loss_z:0.020543,accu:1.0,loss_recon:0.078619

19200-loss_z:11.838651,accu:0.392405,loss_recon:0.219144

19400-loss_z:0.019344,accu:1.0,loss_recon:0.07754

19400-loss_z:12.041115,accu:0.405063,loss_recon:0.224133

19600-loss_z:0.017867,accu:1.0,loss_recon:0.077892

19600-loss_z:12.262844,accu:0.392405,loss_recon:0.222463

19800-loss_z:0.016872,accu:1.0,loss_recon:0.077832

19800-loss_z:12.452989,accu:0.405063,loss_recon:0.221386

20000-loss_z:0.016058,accu:1.0,loss_recon:0.07779

20000-loss_z:12.636127,accu:0.379747,loss_recon:0.226177

Continue training
New FC model is initialized
200-loss_z:2.578033,accu:0.191756,loss_recon:0.872053

200-loss_z:2.527633,accu:0.075949,loss_recon:0.520677

400-loss_z:1.966604,accu:0.321536,loss_recon:0.335258

400-loss_z:2.370087,accu:0.126582,loss_recon:0.359705

600-loss_z:1.665177,accu:0.422819,loss_recon:0.237697

600-loss_z:2.281344,accu:0.113924,loss_recon:0.291567

800-loss_z:1.442205,accu:0.530189,loss_recon:0.191596

800-loss_z:2.265997,accu:0.151899,loss_recon:0.26479

1000-loss_z:1.281657,accu:0.584049,loss_recon:0.170453

1000-loss_z:2.246494,accu:0.139241,loss_recon:0.24344

1200-loss_z:1.159753,accu:0.643587,loss_recon:0.155972

1200-loss_z:2.234829,accu:0.151899,loss_recon:0.22884

1400-loss_z:1.060578,accu:0.689525,loss_recon:0.148258

1400-loss_z:2.226923,accu:0.189873,loss_recon:0.228586

1600-loss_z:0.972435,accu:0.725846,loss_recon:0.142488

1600-loss_z:2.238761,accu:0.21519,loss_recon:0.225985

1800-loss_z:0.90096,accu:0.753763,loss_recon:0.138311

1800-loss_z:2.233996,accu:0.253165,loss_recon:0.216928

2000-loss_z:0.83497,accu:0.782897,loss_recon:0.133761

2000-loss_z:2.234664,accu:0.21519,loss_recon:0.211628

2200-loss_z:0.773941,accu:0.816868,loss_recon:0.13237

2200-loss_z:2.288009,accu:0.240506,loss_recon:0.210004

2400-loss_z:0.721727,accu:0.829525,loss_recon:0.126453

2400-loss_z:2.314531,accu:0.240506,loss_recon:0.202082

2600-loss_z:0.678526,accu:0.846335,loss_recon:0.126031

2600-loss_z:2.390411,accu:0.265823,loss_recon:0.204702

2800-loss_z:0.633769,accu:0.867943,loss_recon:0.122838

2800-loss_z:2.407562,accu:0.341772,loss_recon:0.20146

3000-loss_z:0.597994,accu:0.876621,loss_recon:0.121113

3000-loss_z:2.482693,accu:0.291139,loss_recon:0.201742

3200-loss_z:0.562034,accu:0.897188,loss_recon:0.120221

3200-loss_z:2.544901,accu:0.316456,loss_recon:0.196203

3400-loss_z:0.52847,accu:0.90541,loss_recon:0.115969

3400-loss_z:2.645766,accu:0.316456,loss_recon:0.197385

3600-loss_z:0.50033,accu:0.919219,loss_recon:0.11455

3600-loss_z:2.73945,accu:0.341772,loss_recon:0.190325

3800-loss_z:0.472536,accu:0.930267,loss_recon:0.116212

3800-loss_z:2.836476,accu:0.316456,loss_recon:0.190518

4000-loss_z:0.44845,accu:0.93237,loss_recon:0.112609

4000-loss_z:2.892672,accu:0.329114,loss_recon:0.191807

4200-loss_z:0.426569,accu:0.946745,loss_recon:0.112513

4200-loss_z:2.986909,accu:0.367089,loss_recon:0.191795

4400-loss_z:0.400697,accu:0.955527,loss_recon:0.109861

4400-loss_z:3.069716,accu:0.341772,loss_recon:0.185952

4600-loss_z:0.381132,accu:0.959375,loss_recon:0.108944

4600-loss_z:3.232037,accu:0.341772,loss_recon:0.187667

4800-loss_z:0.361099,accu:0.956159,loss_recon:0.105867

4800-loss_z:3.372965,accu:0.341772,loss_recon:0.188519

5000-loss_z:0.341499,accu:0.966165,loss_recon:0.1049

5000-loss_z:3.479977,accu:0.341772,loss_recon:0.188557

5200-loss_z:0.324876,accu:0.968965,loss_recon:0.101897

5200-loss_z:3.575826,accu:0.341772,loss_recon:0.185191

5400-loss_z:0.310783,accu:0.971517,loss_recon:0.101397

5400-loss_z:3.637902,accu:0.35443,loss_recon:0.187552

5600-loss_z:0.295699,accu:0.979258,loss_recon:0.10072

5600-loss_z:3.778743,accu:0.367089,loss_recon:0.188777

5800-loss_z:0.280432,accu:0.978496,loss_recon:0.098496

5800-loss_z:3.892874,accu:0.367089,loss_recon:0.187601

6000-loss_z:0.264604,accu:0.981289,loss_recon:0.097893

6000-loss_z:4.021355,accu:0.367089,loss_recon:0.184412

6200-loss_z:0.252796,accu:0.983301,loss_recon:0.096772

6200-loss_z:4.106646,accu:0.379747,loss_recon:0.177639

6400-loss_z:0.242408,accu:0.984948,loss_recon:0.097985

6400-loss_z:4.238382,accu:0.35443,loss_recon:0.182263

6600-loss_z:0.230322,accu:0.98778,loss_recon:0.095478

6600-loss_z:4.368767,accu:0.367089,loss_recon:0.179201

6800-loss_z:0.220181,accu:0.986445,loss_recon:0.096634

6800-loss_z:4.465526,accu:0.379747,loss_recon:0.181068

7000-loss_z:0.211148,accu:0.991517,loss_recon:0.09464

7000-loss_z:4.598405,accu:0.367089,loss_recon:0.178614

7200-loss_z:0.201585,accu:0.992012,loss_recon:0.093899

7200-loss_z:4.701919,accu:0.379747,loss_recon:0.180435

7400-loss_z:0.193094,accu:0.991829,loss_recon:0.094464

7400-loss_z:4.845925,accu:0.367089,loss_recon:0.179248

7600-loss_z:0.184345,accu:0.992773,loss_recon:0.093134

7600-loss_z:4.94297,accu:0.367089,loss_recon:0.173395

7800-loss_z:0.174047,accu:0.993086,loss_recon:0.092632

7800-loss_z:5.074895,accu:0.379747,loss_recon:0.178515

8000-loss_z:0.165752,accu:0.993874,loss_recon:0.092575

8000-loss_z:5.207856,accu:0.405063,loss_recon:0.174133

8200-loss_z:0.159072,accu:0.992969,loss_recon:0.092284

8200-loss_z:5.326573,accu:0.379747,loss_recon:0.17351

8400-loss_z:0.151524,accu:0.996165,loss_recon:0.091

8400-loss_z:5.472315,accu:0.379747,loss_recon:0.177055

8600-loss_z:0.143355,accu:0.996732,loss_recon:0.090085

8600-loss_z:5.615232,accu:0.379747,loss_recon:0.174729

8800-loss_z:0.139544,accu:0.997051,loss_recon:0.091655

8800-loss_z:5.737466,accu:0.392405,loss_recon:0.173942

9000-loss_z:0.134071,accu:0.99735,loss_recon:0.089545

9000-loss_z:5.851133,accu:0.392405,loss_recon:0.17388

9200-loss_z:0.126691,accu:0.997839,loss_recon:0.091375

9200-loss_z:6.005787,accu:0.379747,loss_recon:0.173426

9400-loss_z:0.121788,accu:0.996523,loss_recon:0.089254

9400-loss_z:6.112958,accu:0.392405,loss_recon:0.175667

9600-loss_z:0.115953,accu:0.997708,loss_recon:0.089483

9600-loss_z:6.25023,accu:0.379747,loss_recon:0.178689

9800-loss_z:0.111415,accu:0.998385,loss_recon:0.08906

9800-loss_z:6.385457,accu:0.379747,loss_recon:0.177269

10000-loss_z:0.10673,accu:0.998835,loss_recon:0.087889

10000-loss_z:6.547345,accu:0.379747,loss_recon:0.177638

10200-loss_z:0.103511,accu:0.999779,loss_recon:0.0868

10200-loss_z:6.669258,accu:0.392405,loss_recon:0.173917

10400-loss_z:0.097193,accu:0.999036,loss_recon:0.088849

10400-loss_z:6.774066,accu:0.379747,loss_recon:0.179481

10600-loss_z:0.094009,accu:0.999753,loss_recon:0.086985

10600-loss_z:6.912734,accu:0.392405,loss_recon:0.17645

10800-loss_z:0.09014,accu:0.999258,loss_recon:0.087312

10800-loss_z:7.076427,accu:0.405063,loss_recon:0.171495

11000-loss_z:0.085331,accu:1.0,loss_recon:0.084597

11000-loss_z:7.164015,accu:0.417722,loss_recon:0.173454

11200-loss_z:0.082251,accu:0.999186,loss_recon:0.084551

11200-loss_z:7.345395,accu:0.392405,loss_recon:0.178406

11400-loss_z:0.078229,accu:0.9989,loss_recon:0.083456

11400-loss_z:7.469735,accu:0.392405,loss_recon:0.171817

11600-loss_z:0.074833,accu:0.99974,loss_recon:0.084911

11600-loss_z:7.562806,accu:0.417722,loss_recon:0.179949

11800-loss_z:0.071451,accu:0.999512,loss_recon:0.084726

11800-loss_z:7.674415,accu:0.417722,loss_recon:0.16611

12000-loss_z:0.067685,accu:0.999876,loss_recon:0.083533

12000-loss_z:7.804409,accu:0.43038,loss_recon:0.174479

12200-loss_z:0.066427,accu:0.999648,loss_recon:0.084229

12200-loss_z:7.951624,accu:0.405063,loss_recon:0.174286

12400-loss_z:0.062215,accu:1.0,loss_recon:0.082546

12400-loss_z:8.088158,accu:0.417722,loss_recon:0.175375

12600-loss_z:0.058839,accu:0.999674,loss_recon:0.082339

12600-loss_z:8.174848,accu:0.43038,loss_recon:0.170708

12800-loss_z:0.058145,accu:0.999837,loss_recon:0.081465

12800-loss_z:8.314557,accu:0.417722,loss_recon:0.175307

13000-loss_z:0.05503,accu:1.0,loss_recon:0.083231

13000-loss_z:8.457911,accu:0.417722,loss_recon:0.169169

13200-loss_z:0.051506,accu:1.0,loss_recon:0.081442

13200-loss_z:8.56257,accu:0.43038,loss_recon:0.171792

13400-loss_z:0.049566,accu:1.0,loss_recon:0.081905

13400-loss_z:8.751767,accu:0.43038,loss_recon:0.171221

13600-loss_z:0.047039,accu:1.0,loss_recon:0.080737

13600-loss_z:8.873829,accu:0.43038,loss_recon:0.169936

13800-loss_z:0.045,accu:1.0,loss_recon:0.080181

13800-loss_z:8.994476,accu:0.443038,loss_recon:0.168989

14000-loss_z:0.043118,accu:1.0,loss_recon:0.079202

14000-loss_z:9.173043,accu:0.43038,loss_recon:0.166023

14200-loss_z:0.039841,accu:1.0,loss_recon:0.079677

14200-loss_z:9.302667,accu:0.43038,loss_recon:0.163656

14400-loss_z:0.038542,accu:1.0,loss_recon:0.078622

14400-loss_z:9.432693,accu:0.455696,loss_recon:0.167627

14600-loss_z:0.035988,accu:1.0,loss_recon:0.078423

14600-loss_z:9.583327,accu:0.43038,loss_recon:0.164304

14800-loss_z:0.034717,accu:1.0,loss_recon:0.078554

14800-loss_z:9.761711,accu:0.443038,loss_recon:0.165703

15000-loss_z:0.032495,accu:1.0,loss_recon:0.077993

15000-loss_z:9.870222,accu:0.443038,loss_recon:0.173478

15200-loss_z:0.03073,accu:1.0,loss_recon:0.077624

15200-loss_z:10.039472,accu:0.443038,loss_recon:0.168818

15400-loss_z:0.029373,accu:1.0,loss_recon:0.078133

15400-loss_z:10.162333,accu:0.443038,loss_recon:0.168161

15600-loss_z:0.027978,accu:1.0,loss_recon:0.077786

15600-loss_z:10.344183,accu:0.443038,loss_recon:0.168534

15800-loss_z:0.026849,accu:1.0,loss_recon:0.077046

15800-loss_z:10.512011,accu:0.443038,loss_recon:0.170959

16000-loss_z:0.02488,accu:1.0,loss_recon:0.076677

16000-loss_z:10.627399,accu:0.443038,loss_recon:0.16847

16200-loss_z:0.023983,accu:1.0,loss_recon:0.07665

16200-loss_z:10.809475,accu:0.468354,loss_recon:0.169488

16400-loss_z:0.022423,accu:1.0,loss_recon:0.077112

16400-loss_z:11.004759,accu:0.443038,loss_recon:0.172271

16600-loss_z:0.021448,accu:1.0,loss_recon:0.076613

16600-loss_z:11.18577,accu:0.443038,loss_recon:0.167867

16800-loss_z:0.020575,accu:1.0,loss_recon:0.076525

16800-loss_z:11.36384,accu:0.468354,loss_recon:0.169815

17000-loss_z:0.019044,accu:1.0,loss_recon:0.077937

17000-loss_z:11.503443,accu:0.455696,loss_recon:0.171132

17200-loss_z:0.017885,accu:1.0,loss_recon:0.07635

17200-loss_z:11.676502,accu:0.443038,loss_recon:0.168029

17400-loss_z:0.016442,accu:1.0,loss_recon:0.076444

17400-loss_z:11.864384,accu:0.443038,loss_recon:0.170526

17600-loss_z:0.015973,accu:1.0,loss_recon:0.076094

17600-loss_z:12.036971,accu:0.443038,loss_recon:0.170174

17800-loss_z:0.015046,accu:1.0,loss_recon:0.078205

17800-loss_z:12.213117,accu:0.455696,loss_recon:0.170426

18000-loss_z:0.014132,accu:1.0,loss_recon:0.07601

18000-loss_z:12.364378,accu:0.468354,loss_recon:0.168784

18200-loss_z:0.01331,accu:1.0,loss_recon:0.07656

18200-loss_z:12.581869,accu:0.468354,loss_recon:0.179746

18400-loss_z:0.012562,accu:1.0,loss_recon:0.075851

18400-loss_z:12.777586,accu:0.455696,loss_recon:0.177128

18600-loss_z:0.011886,accu:1.0,loss_recon:0.076591

18600-loss_z:12.95575,accu:0.481013,loss_recon:0.17404

18800-loss_z:0.011289,accu:1.0,loss_recon:0.076343

18800-loss_z:13.185873,accu:0.455696,loss_recon:0.174506

19000-loss_z:0.010605,accu:1.0,loss_recon:0.076013

19000-loss_z:13.37627,accu:0.481013,loss_recon:0.173172

19200-loss_z:0.009868,accu:1.0,loss_recon:0.075519

19200-loss_z:13.591455,accu:0.468354,loss_recon:0.174328

19400-loss_z:0.009369,accu:1.0,loss_recon:0.075807

19400-loss_z:13.743019,accu:0.493671,loss_recon:0.176496

19600-loss_z:0.00889,accu:1.0,loss_recon:0.07574

19600-loss_z:13.95821,accu:0.493671,loss_recon:0.175536

19800-loss_z:0.008119,accu:1.0,loss_recon:0.074489

19800-loss_z:14.218506,accu:0.468354,loss_recon:0.17373

20000-loss_z:0.007813,accu:1.0,loss_recon:0.075295

20000-loss_z:14.425066,accu:0.481013,loss_recon:0.175501

Continue training
New FC model is initialized
200-loss_z:2.59727,accu:0.180679,loss_recon:0.978062

200-loss_z:2.515914,accu:0.101266,loss_recon:0.501908

400-loss_z:1.871608,accu:0.369642,loss_recon:0.315156

400-loss_z:2.280644,accu:0.151899,loss_recon:0.293337

600-loss_z:1.551183,accu:0.493066,loss_recon:0.199942

600-loss_z:2.243251,accu:0.164557,loss_recon:0.253442

800-loss_z:1.356276,accu:0.556178,loss_recon:0.174312

800-loss_z:2.23098,accu:0.21519,loss_recon:0.250896

1000-loss_z:1.2149,accu:0.620026,loss_recon:0.160228

1000-loss_z:2.226573,accu:0.253165,loss_recon:0.256931

1200-loss_z:1.099632,accu:0.667305,loss_recon:0.151826

1200-loss_z:2.257771,accu:0.240506,loss_recon:0.250808

1400-loss_z:1.000376,accu:0.712865,loss_recon:0.14865

1400-loss_z:2.323241,accu:0.253165,loss_recon:0.258007

1600-loss_z:0.920641,accu:0.737917,loss_recon:0.143861

1600-loss_z:2.342567,accu:0.265823,loss_recon:0.261515

1800-loss_z:0.854172,accu:0.754023,loss_recon:0.143514

1800-loss_z:2.385298,accu:0.316456,loss_recon:0.26331

2000-loss_z:0.796972,accu:0.776823,loss_recon:0.138609

2000-loss_z:2.416495,accu:0.278481,loss_recon:0.262251

2200-loss_z:0.743591,accu:0.797227,loss_recon:0.136694

2200-loss_z:2.434353,accu:0.291139,loss_recon:0.261273

2400-loss_z:0.697886,accu:0.828776,loss_recon:0.137807

2400-loss_z:2.468798,accu:0.291139,loss_recon:0.257095

2600-loss_z:0.658009,accu:0.843919,loss_recon:0.135636

2600-loss_z:2.542616,accu:0.316456,loss_recon:0.258175

2800-loss_z:0.616657,accu:0.868086,loss_recon:0.135926

2800-loss_z:2.581965,accu:0.303797,loss_recon:0.25871

3000-loss_z:0.581948,accu:0.877201,loss_recon:0.135145

3000-loss_z:2.615072,accu:0.329114,loss_recon:0.253554

3200-loss_z:0.550179,accu:0.890853,loss_recon:0.132564

3200-loss_z:2.656978,accu:0.341772,loss_recon:0.254049

3400-loss_z:0.521497,accu:0.892975,loss_recon:0.131718

3400-loss_z:2.728202,accu:0.341772,loss_recon:0.256779

3600-loss_z:0.495948,accu:0.901328,loss_recon:0.131434

3600-loss_z:2.742138,accu:0.341772,loss_recon:0.257469

3800-loss_z:0.467536,accu:0.912357,loss_recon:0.127725

3800-loss_z:2.77985,accu:0.379747,loss_recon:0.249402

4000-loss_z:0.444365,accu:0.921895,loss_recon:0.129745

4000-loss_z:2.813296,accu:0.367089,loss_recon:0.244971

4200-loss_z:0.422517,accu:0.93,loss_recon:0.126381

4200-loss_z:2.863079,accu:0.367089,loss_recon:0.24523

4400-loss_z:0.400731,accu:0.938704,loss_recon:0.122898

4400-loss_z:2.850019,accu:0.379747,loss_recon:0.245255

4600-loss_z:0.380934,accu:0.942897,loss_recon:0.122919

4600-loss_z:2.904488,accu:0.379747,loss_recon:0.246879

4800-loss_z:0.364898,accu:0.954544,loss_recon:0.120815

4800-loss_z:2.944794,accu:0.392405,loss_recon:0.247157

5000-loss_z:0.347803,accu:0.95821,loss_recon:0.119439

5000-loss_z:3.009376,accu:0.43038,loss_recon:0.242587

5200-loss_z:0.333104,accu:0.964069,loss_recon:0.11815

5200-loss_z:3.021132,accu:0.392405,loss_recon:0.246051

5400-loss_z:0.316344,accu:0.97015,loss_recon:0.114306

5400-loss_z:3.082784,accu:0.417722,loss_recon:0.242475

5600-loss_z:0.300527,accu:0.97459,loss_recon:0.113796

5600-loss_z:3.099108,accu:0.417722,loss_recon:0.241203

5800-loss_z:0.287161,accu:0.978913,loss_recon:0.112144

5800-loss_z:3.1442,accu:0.417722,loss_recon:0.24087

6000-loss_z:0.275253,accu:0.983841,loss_recon:0.113357

6000-loss_z:3.199694,accu:0.43038,loss_recon:0.237316

6200-loss_z:0.262115,accu:0.98832,loss_recon:0.111995

6200-loss_z:3.207911,accu:0.443038,loss_recon:0.241518

6400-loss_z:0.250463,accu:0.987975,loss_recon:0.11027

6400-loss_z:3.304826,accu:0.417722,loss_recon:0.233509

6600-loss_z:0.238703,accu:0.988262,loss_recon:0.107658

6600-loss_z:3.355141,accu:0.417722,loss_recon:0.236777

6800-loss_z:0.226967,accu:0.990664,loss_recon:0.106736

6800-loss_z:3.439527,accu:0.43038,loss_recon:0.232589

7000-loss_z:0.22221,accu:0.988561,loss_recon:0.107974

7000-loss_z:3.486715,accu:0.43038,loss_recon:0.230462

7200-loss_z:0.208664,accu:0.994492,loss_recon:0.106183

7200-loss_z:3.604172,accu:0.417722,loss_recon:0.236152

7400-loss_z:0.198905,accu:0.99209,loss_recon:0.105878

7400-loss_z:3.675629,accu:0.43038,loss_recon:0.233136

7600-loss_z:0.190493,accu:0.993919,loss_recon:0.103965

7600-loss_z:3.704782,accu:0.43038,loss_recon:0.231075

7800-loss_z:0.181832,accu:0.994049,loss_recon:0.102607

7800-loss_z:3.804032,accu:0.417722,loss_recon:0.234707

8000-loss_z:0.17593,accu:0.994355,loss_recon:0.104821

8000-loss_z:3.868512,accu:0.405063,loss_recon:0.231038

8200-loss_z:0.165715,accu:0.996764,loss_recon:0.102296

8200-loss_z:3.946802,accu:0.43038,loss_recon:0.225996

8400-loss_z:0.158397,accu:0.996289,loss_recon:0.100403

8400-loss_z:4.022857,accu:0.455696,loss_recon:0.234476

8600-loss_z:0.152421,accu:0.997793,loss_recon:0.102889

8600-loss_z:4.108602,accu:0.443038,loss_recon:0.229456

8800-loss_z:0.144882,accu:0.998555,loss_recon:0.101502

8800-loss_z:4.185497,accu:0.455696,loss_recon:0.228721

9000-loss_z:0.139131,accu:0.998548,loss_recon:0.099948

9000-loss_z:4.242036,accu:0.455696,loss_recon:0.232808

9200-loss_z:0.133087,accu:0.998874,loss_recon:0.100707

9200-loss_z:4.28121,accu:0.468354,loss_recon:0.228621

9400-loss_z:0.125943,accu:0.998509,loss_recon:0.098687

9400-loss_z:4.4023,accu:0.443038,loss_recon:0.233028

9600-loss_z:0.120171,accu:0.998789,loss_recon:0.099581

9600-loss_z:4.472002,accu:0.43038,loss_recon:0.232396

9800-loss_z:0.113794,accu:0.999492,loss_recon:0.098018

9800-loss_z:4.531576,accu:0.468354,loss_recon:0.228851

10000-loss_z:0.110319,accu:1.0,loss_recon:0.096987

10000-loss_z:4.61033,accu:0.468354,loss_recon:0.229946

10200-loss_z:0.104542,accu:0.999616,loss_recon:0.098851

10200-loss_z:4.707807,accu:0.481013,loss_recon:0.235251

10400-loss_z:0.099028,accu:1.0,loss_recon:0.099108

10400-loss_z:4.794578,accu:0.481013,loss_recon:0.239217

10600-loss_z:0.095065,accu:1.0,loss_recon:0.096279

10600-loss_z:4.853517,accu:0.493671,loss_recon:0.235204

10800-loss_z:0.091357,accu:1.0,loss_recon:0.098795

10800-loss_z:4.965896,accu:0.481013,loss_recon:0.237879

11000-loss_z:0.085948,accu:1.0,loss_recon:0.099305

11000-loss_z:5.052761,accu:0.468354,loss_recon:0.238082

11200-loss_z:0.082862,accu:1.0,loss_recon:0.095125

11200-loss_z:5.12292,accu:0.493671,loss_recon:0.23886

11400-loss_z:0.07722,accu:1.0,loss_recon:0.095245

11400-loss_z:5.214234,accu:0.481013,loss_recon:0.241167

11600-loss_z:0.074705,accu:1.0,loss_recon:0.096263

11600-loss_z:5.328057,accu:0.481013,loss_recon:0.244627

11800-loss_z:0.070564,accu:1.0,loss_recon:0.095889

11800-loss_z:5.43294,accu:0.468354,loss_recon:0.238819

12000-loss_z:0.066753,accu:1.0,loss_recon:0.095558

12000-loss_z:5.533116,accu:0.481013,loss_recon:0.242262

12200-loss_z:0.064488,accu:1.0,loss_recon:0.093946

12200-loss_z:5.645091,accu:0.468354,loss_recon:0.246071

12400-loss_z:0.060703,accu:1.0,loss_recon:0.093822

12400-loss_z:5.776171,accu:0.493671,loss_recon:0.245887

12600-loss_z:0.058129,accu:1.0,loss_recon:0.094488

12600-loss_z:5.894915,accu:0.481013,loss_recon:0.246388

12800-loss_z:0.054529,accu:1.0,loss_recon:0.094109

12800-loss_z:5.982266,accu:0.493671,loss_recon:0.245519

13000-loss_z:0.052341,accu:1.0,loss_recon:0.093534

13000-loss_z:6.082969,accu:0.481013,loss_recon:0.246189

13200-loss_z:0.050182,accu:1.0,loss_recon:0.093362

13200-loss_z:6.19726,accu:0.493671,loss_recon:0.253449

13400-loss_z:0.047062,accu:1.0,loss_recon:0.092055

13400-loss_z:6.312353,accu:0.493671,loss_recon:0.2469

13600-loss_z:0.044507,accu:1.0,loss_recon:0.091705

13600-loss_z:6.408003,accu:0.493671,loss_recon:0.247107

13800-loss_z:0.042606,accu:1.0,loss_recon:0.091829

13800-loss_z:6.514849,accu:0.481013,loss_recon:0.250033

14000-loss_z:0.040771,accu:1.0,loss_recon:0.090468

14000-loss_z:6.603835,accu:0.493671,loss_recon:0.248951

14200-loss_z:0.038077,accu:1.0,loss_recon:0.091598

14200-loss_z:6.72868,accu:0.481013,loss_recon:0.246916

14400-loss_z:0.036408,accu:1.0,loss_recon:0.092462

14400-loss_z:6.826708,accu:0.493671,loss_recon:0.257168

14600-loss_z:0.034322,accu:1.0,loss_recon:0.092255

14600-loss_z:6.930739,accu:0.493671,loss_recon:0.250409

14800-loss_z:0.033249,accu:1.0,loss_recon:0.09138

14800-loss_z:7.039678,accu:0.493671,loss_recon:0.252841

15000-loss_z:0.031632,accu:1.0,loss_recon:0.090816

15000-loss_z:7.160479,accu:0.493671,loss_recon:0.254071

15200-loss_z:0.030232,accu:1.0,loss_recon:0.09116

15200-loss_z:7.268276,accu:0.493671,loss_recon:0.25811

15400-loss_z:0.02881,accu:1.0,loss_recon:0.091294

15400-loss_z:7.374948,accu:0.493671,loss_recon:0.252016

15600-loss_z:0.026928,accu:1.0,loss_recon:0.088737

15600-loss_z:7.51229,accu:0.493671,loss_recon:0.256905

15800-loss_z:0.025796,accu:1.0,loss_recon:0.08991

15800-loss_z:7.595455,accu:0.493671,loss_recon:0.257362

16000-loss_z:0.024785,accu:1.0,loss_recon:0.090652

16000-loss_z:7.710922,accu:0.493671,loss_recon:0.254715

16200-loss_z:0.022987,accu:1.0,loss_recon:0.089407

16200-loss_z:7.823112,accu:0.493671,loss_recon:0.259678

16400-loss_z:0.021999,accu:1.0,loss_recon:0.090393

16400-loss_z:7.931975,accu:0.493671,loss_recon:0.266802

16600-loss_z:0.020523,accu:1.0,loss_recon:0.090186

16600-loss_z:8.03518,accu:0.493671,loss_recon:0.259473

16800-loss_z:0.019604,accu:1.0,loss_recon:0.089787

16800-loss_z:8.151937,accu:0.493671,loss_recon:0.258817

17000-loss_z:0.018799,accu:1.0,loss_recon:0.089826

17000-loss_z:8.272849,accu:0.493671,loss_recon:0.258909

17200-loss_z:0.017531,accu:1.0,loss_recon:0.087426

17200-loss_z:8.389229,accu:0.493671,loss_recon:0.260012

17400-loss_z:0.016707,accu:1.0,loss_recon:0.089194

17400-loss_z:8.486464,accu:0.493671,loss_recon:0.261732

17600-loss_z:0.015832,accu:1.0,loss_recon:0.089912

17600-loss_z:8.583912,accu:0.493671,loss_recon:0.266794

17800-loss_z:0.015434,accu:1.0,loss_recon:0.091183

17800-loss_z:8.712346,accu:0.493671,loss_recon:0.255488

18000-loss_z:0.014213,accu:1.0,loss_recon:0.088847

18000-loss_z:8.809233,accu:0.493671,loss_recon:0.264702

18200-loss_z:0.013426,accu:1.0,loss_recon:0.087873

18200-loss_z:8.901847,accu:0.493671,loss_recon:0.265074

18400-loss_z:0.012669,accu:1.0,loss_recon:0.089371

18400-loss_z:9.014882,accu:0.493671,loss_recon:0.260472

18600-loss_z:0.0119,accu:1.0,loss_recon:0.088044

18600-loss_z:9.161409,accu:0.493671,loss_recon:0.264791

18800-loss_z:0.011582,accu:1.0,loss_recon:0.089593

18800-loss_z:9.269012,accu:0.493671,loss_recon:0.265933

19000-loss_z:0.010853,accu:1.0,loss_recon:0.088773

19000-loss_z:9.37179,accu:0.493671,loss_recon:0.270334

19200-loss_z:0.010508,accu:1.0,loss_recon:0.089977

19200-loss_z:9.4921,accu:0.506329,loss_recon:0.261414

19400-loss_z:0.009666,accu:1.0,loss_recon:0.088468

19400-loss_z:9.596167,accu:0.493671,loss_recon:0.262447

19600-loss_z:0.009365,accu:1.0,loss_recon:0.089274

19600-loss_z:9.706712,accu:0.493671,loss_recon:0.266997

19800-loss_z:0.008657,accu:1.0,loss_recon:0.086565

19800-loss_z:9.81924,accu:0.493671,loss_recon:0.262855

20000-loss_z:0.00824,accu:1.0,loss_recon:0.087171

20000-loss_z:9.932663,accu:0.493671,loss_recon:0.264931

Continue training
New FC model is initialized
200-loss_z:2.578635,accu:0.196355,loss_recon:0.814653

200-loss_z:2.587891,accu:0.075949,loss_recon:0.42332

400-loss_z:1.933923,accu:0.350189,loss_recon:0.264788

400-loss_z:2.382946,accu:0.113924,loss_recon:0.27007

600-loss_z:1.629348,accu:0.443743,loss_recon:0.197465

600-loss_z:2.309285,accu:0.151899,loss_recon:0.241493

800-loss_z:1.426044,accu:0.524883,loss_recon:0.175821

800-loss_z:2.315378,accu:0.177215,loss_recon:0.240516

1000-loss_z:1.271533,accu:0.592904,loss_recon:0.16433

1000-loss_z:2.301248,accu:0.227848,loss_recon:0.247576

1200-loss_z:1.149696,accu:0.626113,loss_recon:0.15822

1200-loss_z:2.341601,accu:0.240506,loss_recon:0.254082

1400-loss_z:1.049387,accu:0.664577,loss_recon:0.151921

1400-loss_z:2.340065,accu:0.265823,loss_recon:0.252141

1600-loss_z:0.96437,accu:0.702799,loss_recon:0.147601

1600-loss_z:2.373689,accu:0.291139,loss_recon:0.246294

1800-loss_z:0.897721,accu:0.741784,loss_recon:0.145209

1800-loss_z:2.39285,accu:0.316456,loss_recon:0.24883

2000-loss_z:0.833775,accu:0.774505,loss_recon:0.141566

2000-loss_z:2.467678,accu:0.278481,loss_recon:0.245171

2200-loss_z:0.776027,accu:0.798529,loss_recon:0.136954

2200-loss_z:2.517362,accu:0.316456,loss_recon:0.244335

2400-loss_z:0.727091,accu:0.822559,loss_recon:0.134304

2400-loss_z:2.561548,accu:0.341772,loss_recon:0.241833

2600-loss_z:0.687886,accu:0.832852,loss_recon:0.131437

2600-loss_z:2.588609,accu:0.35443,loss_recon:0.240452

2800-loss_z:0.641414,accu:0.841328,loss_recon:0.132488

2800-loss_z:2.655761,accu:0.316456,loss_recon:0.237711

3000-loss_z:0.606572,accu:0.855221,loss_recon:0.128954

3000-loss_z:2.67228,accu:0.316456,loss_recon:0.231983

3200-loss_z:0.577276,accu:0.862539,loss_recon:0.128764

3200-loss_z:2.659418,accu:0.367089,loss_recon:0.228002

3400-loss_z:0.541485,accu:0.881328,loss_recon:0.12891

3400-loss_z:2.718443,accu:0.379747,loss_recon:0.232834

3600-loss_z:0.511502,accu:0.897839,loss_recon:0.12507

3600-loss_z:2.733836,accu:0.379747,loss_recon:0.232254

3800-loss_z:0.484044,accu:0.919935,loss_recon:0.124989

3800-loss_z:2.795367,accu:0.379747,loss_recon:0.229288

4000-loss_z:0.460807,accu:0.929421,loss_recon:0.120871

4000-loss_z:2.825104,accu:0.367089,loss_recon:0.226211

4200-loss_z:0.434692,accu:0.944954,loss_recon:0.119835

4200-loss_z:2.853684,accu:0.367089,loss_recon:0.231184

4400-loss_z:0.415729,accu:0.9514,loss_recon:0.118749

4400-loss_z:2.913479,accu:0.379747,loss_recon:0.223948

4600-loss_z:0.392064,accu:0.959219,loss_recon:0.119307

4600-loss_z:2.986998,accu:0.341772,loss_recon:0.22585

4800-loss_z:0.374545,accu:0.96222,loss_recon:0.118704

4800-loss_z:3.046235,accu:0.367089,loss_recon:0.223769

5000-loss_z:0.357392,accu:0.968809,loss_recon:0.115884

5000-loss_z:3.107041,accu:0.379747,loss_recon:0.222703

5200-loss_z:0.340865,accu:0.972747,loss_recon:0.116248

5200-loss_z:3.124893,accu:0.379747,loss_recon:0.221256

5400-loss_z:0.324279,accu:0.974323,loss_recon:0.114724

5400-loss_z:3.184548,accu:0.379747,loss_recon:0.21808

5600-loss_z:0.305922,accu:0.978431,loss_recon:0.112208

5600-loss_z:3.261913,accu:0.405063,loss_recon:0.22323

5800-loss_z:0.292988,accu:0.981152,loss_recon:0.110546

5800-loss_z:3.35301,accu:0.35443,loss_recon:0.221822

6000-loss_z:0.276998,accu:0.983379,loss_recon:0.111716

6000-loss_z:3.478381,accu:0.379747,loss_recon:0.21717

6200-loss_z:0.263892,accu:0.983372,loss_recon:0.110742

6200-loss_z:3.58546,accu:0.35443,loss_recon:0.223503

6400-loss_z:0.251686,accu:0.986354,loss_recon:0.108138

6400-loss_z:3.718314,accu:0.379747,loss_recon:0.224941

6600-loss_z:0.237805,accu:0.989844,loss_recon:0.109344

6600-loss_z:3.831399,accu:0.392405,loss_recon:0.221081

6800-loss_z:0.228538,accu:0.991517,loss_recon:0.110823

6800-loss_z:3.907406,accu:0.43038,loss_recon:0.226297

7000-loss_z:0.218689,accu:0.993307,loss_recon:0.10735

7000-loss_z:4.050385,accu:0.417722,loss_recon:0.229948

7200-loss_z:0.205681,accu:0.993438,loss_recon:0.107127

7200-loss_z:4.144213,accu:0.43038,loss_recon:0.223906

7400-loss_z:0.197579,accu:0.994271,loss_recon:0.105348

7400-loss_z:4.238213,accu:0.417722,loss_recon:0.227835

7600-loss_z:0.186928,accu:0.995664,loss_recon:0.105331

7600-loss_z:4.371391,accu:0.43038,loss_recon:0.226052

7800-loss_z:0.176642,accu:0.996289,loss_recon:0.103961

7800-loss_z:4.485843,accu:0.443038,loss_recon:0.22947

8000-loss_z:0.170192,accu:0.998372,loss_recon:0.104181

8000-loss_z:4.606866,accu:0.417722,loss_recon:0.230052

8200-loss_z:0.161676,accu:0.997962,loss_recon:0.104264

8200-loss_z:4.702249,accu:0.43038,loss_recon:0.227354

8400-loss_z:0.153786,accu:0.998236,loss_recon:0.101873

8400-loss_z:4.804884,accu:0.443038,loss_recon:0.228643

8600-loss_z:0.146065,accu:0.998867,loss_recon:0.101229

8600-loss_z:4.88494,accu:0.443038,loss_recon:0.230013

8800-loss_z:0.140067,accu:0.999069,loss_recon:0.098022

8800-loss_z:5.001472,accu:0.455696,loss_recon:0.232188

9000-loss_z:0.130429,accu:0.999382,loss_recon:0.096509

9000-loss_z:5.134525,accu:0.455696,loss_recon:0.22714

9200-loss_z:0.127317,accu:0.999701,loss_recon:0.097096

9200-loss_z:5.22053,accu:0.468354,loss_recon:0.232216

9400-loss_z:0.118897,accu:1.0,loss_recon:0.095563

9400-loss_z:5.343906,accu:0.468354,loss_recon:0.232885

9600-loss_z:0.113855,accu:0.999818,loss_recon:0.095127

9600-loss_z:5.477829,accu:0.455696,loss_recon:0.233622

9800-loss_z:0.109144,accu:0.999648,loss_recon:0.09435

9800-loss_z:5.543818,accu:0.455696,loss_recon:0.233631

10000-loss_z:0.103721,accu:1.0,loss_recon:0.094085

10000-loss_z:5.693524,accu:0.443038,loss_recon:0.231484

10200-loss_z:0.097762,accu:1.0,loss_recon:0.091984

10200-loss_z:5.773757,accu:0.455696,loss_recon:0.227223

10400-loss_z:0.093963,accu:1.0,loss_recon:0.092728

10400-loss_z:5.904863,accu:0.468354,loss_recon:0.224038

10600-loss_z:0.089541,accu:1.0,loss_recon:0.090478

10600-loss_z:6.074491,accu:0.481013,loss_recon:0.226525

10800-loss_z:0.084612,accu:1.0,loss_recon:0.090084

10800-loss_z:6.19452,accu:0.468354,loss_recon:0.231909

11000-loss_z:0.080784,accu:1.0,loss_recon:0.086534

11000-loss_z:6.3259,accu:0.468354,loss_recon:0.230987

11200-loss_z:0.07654,accu:1.0,loss_recon:0.086714

11200-loss_z:6.477697,accu:0.481013,loss_recon:0.228155

11400-loss_z:0.072769,accu:1.0,loss_recon:0.086159

11400-loss_z:6.586653,accu:0.468354,loss_recon:0.227659

11600-loss_z:0.069361,accu:1.0,loss_recon:0.085576

11600-loss_z:6.758098,accu:0.455696,loss_recon:0.22899

11800-loss_z:0.066072,accu:1.0,loss_recon:0.084367

11800-loss_z:6.90694,accu:0.481013,loss_recon:0.233084

12000-loss_z:0.062779,accu:1.0,loss_recon:0.085336

12000-loss_z:7.044221,accu:0.455696,loss_recon:0.234475

12200-loss_z:0.059871,accu:1.0,loss_recon:0.084744

12200-loss_z:7.176133,accu:0.506329,loss_recon:0.2316

12400-loss_z:0.056376,accu:1.0,loss_recon:0.083921

12400-loss_z:7.325656,accu:0.493671,loss_recon:0.235462

12600-loss_z:0.054065,accu:1.0,loss_recon:0.084092

12600-loss_z:7.490925,accu:0.493671,loss_recon:0.231419

12800-loss_z:0.05116,accu:1.0,loss_recon:0.083427

12800-loss_z:7.625875,accu:0.493671,loss_recon:0.234316

13000-loss_z:0.048951,accu:1.0,loss_recon:0.082131

13000-loss_z:7.831749,accu:0.481013,loss_recon:0.228317

13200-loss_z:0.046073,accu:1.0,loss_recon:0.082148

13200-loss_z:7.948939,accu:0.493671,loss_recon:0.230823

13400-loss_z:0.04386,accu:1.0,loss_recon:0.082495

13400-loss_z:8.098008,accu:0.481013,loss_recon:0.235687

13600-loss_z:0.042137,accu:1.0,loss_recon:0.081624

13600-loss_z:8.298351,accu:0.493671,loss_recon:0.233753

13800-loss_z:0.039676,accu:1.0,loss_recon:0.081019

13800-loss_z:8.449701,accu:0.481013,loss_recon:0.231071

14000-loss_z:0.037403,accu:1.0,loss_recon:0.08102

14000-loss_z:8.585857,accu:0.481013,loss_recon:0.231823

14200-loss_z:0.035304,accu:1.0,loss_recon:0.081747

14200-loss_z:8.736174,accu:0.481013,loss_recon:0.235538

14400-loss_z:0.033503,accu:1.0,loss_recon:0.08077

14400-loss_z:8.842222,accu:0.493671,loss_recon:0.239052

14600-loss_z:0.031839,accu:1.0,loss_recon:0.080503

14600-loss_z:9.009011,accu:0.481013,loss_recon:0.232167

14800-loss_z:0.030453,accu:1.0,loss_recon:0.080098

14800-loss_z:9.205348,accu:0.468354,loss_recon:0.23449

15000-loss_z:0.028987,accu:1.0,loss_recon:0.081032

15000-loss_z:9.370351,accu:0.481013,loss_recon:0.235818

15200-loss_z:0.027462,accu:1.0,loss_recon:0.081499

15200-loss_z:9.612453,accu:0.493671,loss_recon:0.235565

15400-loss_z:0.026376,accu:1.0,loss_recon:0.080334

15400-loss_z:9.833903,accu:0.493671,loss_recon:0.237546

15600-loss_z:0.024544,accu:1.0,loss_recon:0.07972

15600-loss_z:9.971637,accu:0.493671,loss_recon:0.234123

15800-loss_z:0.023415,accu:1.0,loss_recon:0.079885

15800-loss_z:10.153333,accu:0.506329,loss_recon:0.232122

16000-loss_z:0.021864,accu:1.0,loss_recon:0.079487

16000-loss_z:10.347363,accu:0.493671,loss_recon:0.235316

16200-loss_z:0.021037,accu:1.0,loss_recon:0.080481

16200-loss_z:10.509147,accu:0.493671,loss_recon:0.240959

16400-loss_z:0.020054,accu:1.0,loss_recon:0.079747

16400-loss_z:10.667077,accu:0.481013,loss_recon:0.2362

16600-loss_z:0.019008,accu:1.0,loss_recon:0.079778

16600-loss_z:10.801425,accu:0.468354,loss_recon:0.233073

16800-loss_z:0.01769,accu:1.0,loss_recon:0.07912

16800-loss_z:10.921051,accu:0.481013,loss_recon:0.234823

17000-loss_z:0.016912,accu:1.0,loss_recon:0.078676

17000-loss_z:10.974631,accu:0.481013,loss_recon:0.239351

17200-loss_z:0.015903,accu:1.0,loss_recon:0.07917

17200-loss_z:11.078593,accu:0.481013,loss_recon:0.235391

17400-loss_z:0.015098,accu:1.0,loss_recon:0.079035

17400-loss_z:11.188442,accu:0.481013,loss_recon:0.24068

17600-loss_z:0.014095,accu:1.0,loss_recon:0.078687

17600-loss_z:11.319161,accu:0.481013,loss_recon:0.238479

17800-loss_z:0.01354,accu:1.0,loss_recon:0.078973

17800-loss_z:11.419356,accu:0.481013,loss_recon:0.238184

18000-loss_z:0.012768,accu:1.0,loss_recon:0.07812

18000-loss_z:11.533039,accu:0.481013,loss_recon:0.238029

18200-loss_z:0.012121,accu:1.0,loss_recon:0.07867

18200-loss_z:11.594101,accu:0.481013,loss_recon:0.233463

18400-loss_z:0.011405,accu:1.0,loss_recon:0.078646

18400-loss_z:11.756442,accu:0.481013,loss_recon:0.240525

18600-loss_z:0.010753,accu:1.0,loss_recon:0.078667

18600-loss_z:11.836476,accu:0.481013,loss_recon:0.239357

18800-loss_z:0.010146,accu:1.0,loss_recon:0.078163

18800-loss_z:11.91964,accu:0.481013,loss_recon:0.23511

19000-loss_z:0.009576,accu:1.0,loss_recon:0.078057

19000-loss_z:11.994189,accu:0.481013,loss_recon:0.241635

19200-loss_z:0.009255,accu:1.0,loss_recon:0.07843

19200-loss_z:12.106168,accu:0.481013,loss_recon:0.244281

19400-loss_z:0.008647,accu:1.0,loss_recon:0.078713

19400-loss_z:12.148678,accu:0.468354,loss_recon:0.241805

19600-loss_z:0.008041,accu:1.0,loss_recon:0.078084

19600-loss_z:12.08361,accu:0.481013,loss_recon:0.235746

19800-loss_z:0.007571,accu:1.0,loss_recon:0.077849

19800-loss_z:12.070815,accu:0.481013,loss_recon:0.235386

20000-loss_z:0.007128,accu:1.0,loss_recon:0.077902

20000-loss_z:12.095536,accu:0.481013,loss_recon:0.242389

Continue training
New FC model is initialized
200-loss_z:2.583699,accu:0.181851,loss_recon:0.942628

200-loss_z:2.617001,accu:0.088608,loss_recon:0.527521

400-loss_z:1.949516,accu:0.347591,loss_recon:0.341592

400-loss_z:2.495381,accu:0.113924,loss_recon:0.354924

600-loss_z:1.634853,accu:0.451504,loss_recon:0.23876

600-loss_z:2.50827,accu:0.075949,loss_recon:0.29816

800-loss_z:1.434574,accu:0.513203,loss_recon:0.19325

800-loss_z:2.560006,accu:0.113924,loss_recon:0.26428

1000-loss_z:1.294238,accu:0.559922,loss_recon:0.172889

1000-loss_z:2.609517,accu:0.177215,loss_recon:0.248849

1200-loss_z:1.187034,accu:0.5961,loss_recon:0.160644

1200-loss_z:2.576789,accu:0.202532,loss_recon:0.238319

1400-loss_z:1.094113,accu:0.629746,loss_recon:0.15301

1400-loss_z:2.541501,accu:0.202532,loss_recon:0.226281

1600-loss_z:1.011552,accu:0.665618,loss_recon:0.148815

1600-loss_z:2.566048,accu:0.21519,loss_recon:0.225142

1800-loss_z:0.942353,accu:0.694818,loss_recon:0.145339

1800-loss_z:2.56362,accu:0.253165,loss_recon:0.224658

2000-loss_z:0.878017,accu:0.730905,loss_recon:0.142019

2000-loss_z:2.568719,accu:0.253165,loss_recon:0.222342

2200-loss_z:0.821631,accu:0.750039,loss_recon:0.139687

2200-loss_z:2.608791,accu:0.303797,loss_recon:0.225544

2400-loss_z:0.768164,accu:0.784993,loss_recon:0.135082

2400-loss_z:2.662976,accu:0.291139,loss_recon:0.223766

2600-loss_z:0.727275,accu:0.800254,loss_recon:0.13487

2600-loss_z:2.758157,accu:0.367089,loss_recon:0.220586

2800-loss_z:0.682953,accu:0.833841,loss_recon:0.13347

2800-loss_z:2.816044,accu:0.35443,loss_recon:0.216399

3000-loss_z:0.644596,accu:0.852279,loss_recon:0.131968

3000-loss_z:2.935211,accu:0.392405,loss_recon:0.218429

3200-loss_z:0.607216,accu:0.874746,loss_recon:0.12803

3200-loss_z:3.032382,accu:0.392405,loss_recon:0.218257

3400-loss_z:0.57996,accu:0.894049,loss_recon:0.128467

3400-loss_z:3.105496,accu:0.35443,loss_recon:0.216006

3600-loss_z:0.544101,accu:0.905195,loss_recon:0.127241

3600-loss_z:3.222304,accu:0.379747,loss_recon:0.215467

3800-loss_z:0.520201,accu:0.915254,loss_recon:0.126578

3800-loss_z:3.318749,accu:0.405063,loss_recon:0.21373

4000-loss_z:0.496107,accu:0.920091,loss_recon:0.126036

4000-loss_z:3.431861,accu:0.43038,loss_recon:0.209957

4200-loss_z:0.468376,accu:0.929831,loss_recon:0.122399

4200-loss_z:3.543368,accu:0.455696,loss_recon:0.210528

4400-loss_z:0.446884,accu:0.933613,loss_recon:0.122091

4400-loss_z:3.662832,accu:0.43038,loss_recon:0.21144

4600-loss_z:0.426781,accu:0.937142,loss_recon:0.121123

4600-loss_z:3.740942,accu:0.417722,loss_recon:0.214289

4800-loss_z:0.40607,accu:0.94401,loss_recon:0.11925

4800-loss_z:3.854323,accu:0.455696,loss_recon:0.210653

5000-loss_z:0.38598,accu:0.949004,loss_recon:0.119217

5000-loss_z:3.979701,accu:0.443038,loss_recon:0.209956

5200-loss_z:0.366274,accu:0.964525,loss_recon:0.11978

5200-loss_z:4.138117,accu:0.443038,loss_recon:0.204217

5400-loss_z:0.351629,accu:0.968158,loss_recon:0.117989

5400-loss_z:4.204411,accu:0.443038,loss_recon:0.201538

5600-loss_z:0.332415,accu:0.970007,loss_recon:0.118086

5600-loss_z:4.345635,accu:0.468354,loss_recon:0.207307

5800-loss_z:0.319074,accu:0.974173,loss_recon:0.1175

5800-loss_z:4.422859,accu:0.455696,loss_recon:0.20065

6000-loss_z:0.303984,accu:0.976966,loss_recon:0.116835

6000-loss_z:4.559435,accu:0.455696,loss_recon:0.202825

6200-loss_z:0.292133,accu:0.981595,loss_recon:0.114859

6200-loss_z:4.691025,accu:0.455696,loss_recon:0.205127

6400-loss_z:0.276071,accu:0.981354,loss_recon:0.116512

6400-loss_z:4.816293,accu:0.481013,loss_recon:0.205567

6600-loss_z:0.262683,accu:0.985273,loss_recon:0.113428

6600-loss_z:4.976667,accu:0.481013,loss_recon:0.200599

6800-loss_z:0.251758,accu:0.984661,loss_recon:0.113247

6800-loss_z:5.111748,accu:0.481013,loss_recon:0.201538

7000-loss_z:0.241078,accu:0.986973,loss_recon:0.114678

7000-loss_z:5.217117,accu:0.443038,loss_recon:0.203425

7200-loss_z:0.230476,accu:0.99168,loss_recon:0.113842

7200-loss_z:5.377979,accu:0.443038,loss_recon:0.198689

7400-loss_z:0.21958,accu:0.994395,loss_recon:0.114311

7400-loss_z:5.525138,accu:0.455696,loss_recon:0.204866

7600-loss_z:0.2096,accu:0.994681,loss_recon:0.112108

7600-loss_z:5.646036,accu:0.493671,loss_recon:0.198444

7800-loss_z:0.201384,accu:0.996491,loss_recon:0.112873

7800-loss_z:5.812487,accu:0.443038,loss_recon:0.202932

8000-loss_z:0.190293,accu:0.997559,loss_recon:0.110494

8000-loss_z:5.986629,accu:0.493671,loss_recon:0.199584

8200-loss_z:0.181843,accu:0.996914,loss_recon:0.11138

8200-loss_z:6.166074,accu:0.43038,loss_recon:0.201387

8400-loss_z:0.174734,accu:0.998105,loss_recon:0.113113

8400-loss_z:6.331756,accu:0.455696,loss_recon:0.207144

8600-loss_z:0.166226,accu:0.999896,loss_recon:0.11098

8600-loss_z:6.469235,accu:0.493671,loss_recon:0.205451

8800-loss_z:0.159509,accu:0.999668,loss_recon:0.110198

8800-loss_z:6.649003,accu:0.468354,loss_recon:0.197408

9000-loss_z:0.15188,accu:1.0,loss_recon:0.111604

9000-loss_z:6.794118,accu:0.481013,loss_recon:0.202297

9200-loss_z:0.145093,accu:1.0,loss_recon:0.111349

9200-loss_z:6.982482,accu:0.455696,loss_recon:0.198865

9400-loss_z:0.139592,accu:1.0,loss_recon:0.110815

9400-loss_z:7.638264,accu:0.493671,loss_recon:0.203247

9600-loss_z:0.132433,accu:0.999902,loss_recon:0.108721

9600-loss_z:8.196289,accu:0.455696,loss_recon:0.198244

9800-loss_z:0.126994,accu:1.0,loss_recon:0.110097

9800-loss_z:8.715209,accu:0.493671,loss_recon:0.197532

10000-loss_z:0.121302,accu:1.0,loss_recon:0.109798

10000-loss_z:9.217977,accu:0.455696,loss_recon:0.195756

10200-loss_z:0.11431,accu:1.0,loss_recon:0.107814

10200-loss_z:9.725076,accu:0.493671,loss_recon:0.197893

10400-loss_z:0.110075,accu:1.0,loss_recon:0.108934

10400-loss_z:10.234282,accu:0.493671,loss_recon:0.200042

10600-loss_z:0.103469,accu:1.0,loss_recon:0.10922

10600-loss_z:10.700191,accu:0.443038,loss_recon:0.196575

10800-loss_z:0.100523,accu:1.0,loss_recon:0.10746

10800-loss_z:11.126333,accu:0.493671,loss_recon:0.195153

11000-loss_z:0.095518,accu:1.0,loss_recon:0.106912

11000-loss_z:11.57305,accu:0.443038,loss_recon:0.193763

11200-loss_z:0.089786,accu:1.0,loss_recon:0.107209

11200-loss_z:12.044637,accu:0.481013,loss_recon:0.192197

11400-loss_z:0.08622,accu:1.0,loss_recon:0.10677

11400-loss_z:12.39226,accu:0.455696,loss_recon:0.19395

11600-loss_z:0.080633,accu:1.0,loss_recon:0.107976

11600-loss_z:12.771024,accu:0.493671,loss_recon:0.193344

11800-loss_z:0.07745,accu:1.0,loss_recon:0.106842

11800-loss_z:13.100541,accu:0.481013,loss_recon:0.192661

12000-loss_z:0.073802,accu:1.0,loss_recon:0.108575

12000-loss_z:13.421771,accu:0.493671,loss_recon:0.195364

12200-loss_z:0.069112,accu:1.0,loss_recon:0.106248

12200-loss_z:13.776693,accu:0.481013,loss_recon:0.189521

12400-loss_z:0.06562,accu:1.0,loss_recon:0.10781

12400-loss_z:14.001114,accu:0.468354,loss_recon:0.186722

12600-loss_z:0.062458,accu:1.0,loss_recon:0.105064

12600-loss_z:14.278717,accu:0.468354,loss_recon:0.19292

12800-loss_z:0.058799,accu:1.0,loss_recon:0.107072

12800-loss_z:14.535666,accu:0.468354,loss_recon:0.189261

13000-loss_z:0.056497,accu:1.0,loss_recon:0.105413

13000-loss_z:14.788532,accu:0.455696,loss_recon:0.190266

13200-loss_z:0.052683,accu:1.0,loss_recon:0.104525

13200-loss_z:15.02254,accu:0.455696,loss_recon:0.194634

13400-loss_z:0.049573,accu:1.0,loss_recon:0.103927

13400-loss_z:15.218855,accu:0.455696,loss_recon:0.190352

13600-loss_z:0.046766,accu:1.0,loss_recon:0.103252

13600-loss_z:15.433021,accu:0.468354,loss_recon:0.191534

13800-loss_z:0.044124,accu:1.0,loss_recon:0.104308

13800-loss_z:15.672731,accu:0.481013,loss_recon:0.192391

14000-loss_z:0.042027,accu:1.0,loss_recon:0.103308

14000-loss_z:15.895784,accu:0.455696,loss_recon:0.184561

14200-loss_z:0.039249,accu:1.0,loss_recon:0.102367

14200-loss_z:16.148588,accu:0.455696,loss_recon:0.191262

14400-loss_z:0.036611,accu:1.0,loss_recon:0.100987

14400-loss_z:16.376827,accu:0.468354,loss_recon:0.194491

14600-loss_z:0.034274,accu:1.0,loss_recon:0.101537

14600-loss_z:16.583109,accu:0.455696,loss_recon:0.197622

14800-loss_z:0.032379,accu:1.0,loss_recon:0.10161

14800-loss_z:16.788698,accu:0.455696,loss_recon:0.193656

15000-loss_z:0.030723,accu:1.0,loss_recon:0.100289

15000-loss_z:16.971292,accu:0.481013,loss_recon:0.192265

15200-loss_z:0.029007,accu:1.0,loss_recon:0.100276

15200-loss_z:17.134468,accu:0.455696,loss_recon:0.197487

15400-loss_z:0.027229,accu:1.0,loss_recon:0.100558

15400-loss_z:17.31303,accu:0.468354,loss_recon:0.193374

15600-loss_z:0.025211,accu:1.0,loss_recon:0.100252

15600-loss_z:17.528959,accu:0.481013,loss_recon:0.191017

15800-loss_z:0.02389,accu:1.0,loss_recon:0.10092

15800-loss_z:17.714155,accu:0.443038,loss_recon:0.188586

16000-loss_z:0.022458,accu:1.0,loss_recon:0.101274

16000-loss_z:17.974174,accu:0.455696,loss_recon:0.197704

16200-loss_z:0.021113,accu:1.0,loss_recon:0.099358

16200-loss_z:18.12887,accu:0.468354,loss_recon:0.195861

16400-loss_z:0.019711,accu:1.0,loss_recon:0.100319

16400-loss_z:18.288698,accu:0.443038,loss_recon:0.194761

16600-loss_z:0.018354,accu:1.0,loss_recon:0.098957

16600-loss_z:18.461987,accu:0.455696,loss_recon:0.19002

16800-loss_z:0.01705,accu:1.0,loss_recon:0.099605

16800-loss_z:18.680906,accu:0.443038,loss_recon:0.191054

17000-loss_z:0.016232,accu:1.0,loss_recon:0.097155

17000-loss_z:18.892401,accu:0.43038,loss_recon:0.19266

17200-loss_z:0.015032,accu:1.0,loss_recon:0.099319

17200-loss_z:19.04991,accu:0.417722,loss_recon:0.196238

17400-loss_z:0.014206,accu:1.0,loss_recon:0.097924

17400-loss_z:19.236324,accu:0.455696,loss_recon:0.1956

17600-loss_z:0.013363,accu:1.0,loss_recon:0.098248

17600-loss_z:19.39661,accu:0.43038,loss_recon:0.196022

17800-loss_z:0.012492,accu:1.0,loss_recon:0.09807

17800-loss_z:19.626322,accu:0.443038,loss_recon:0.197552

18000-loss_z:0.011812,accu:1.0,loss_recon:0.098581

18000-loss_z:19.733189,accu:0.43038,loss_recon:0.196115

18200-loss_z:0.010969,accu:1.0,loss_recon:0.098212

18200-loss_z:19.951021,accu:0.455696,loss_recon:0.197022

18400-loss_z:0.010199,accu:1.0,loss_recon:0.096402

18400-loss_z:20.084112,accu:0.468354,loss_recon:0.197379

18600-loss_z:0.009568,accu:1.0,loss_recon:0.096767

18600-loss_z:20.206123,accu:0.443038,loss_recon:0.197834

18800-loss_z:0.008998,accu:1.0,loss_recon:0.096904

18800-loss_z:20.35195,accu:0.468354,loss_recon:0.198062

19000-loss_z:0.008369,accu:1.0,loss_recon:0.097195

19000-loss_z:20.550352,accu:0.43038,loss_recon:0.200894

19200-loss_z:0.007726,accu:1.0,loss_recon:0.097822

19200-loss_z:20.695297,accu:0.443038,loss_recon:0.194844

19400-loss_z:0.00722,accu:1.0,loss_recon:0.097378

19400-loss_z:20.808184,accu:0.443038,loss_recon:0.19869

19600-loss_z:0.006617,accu:1.0,loss_recon:0.097622

19600-loss_z:21.005741,accu:0.43038,loss_recon:0.202069

19800-loss_z:0.006332,accu:1.0,loss_recon:0.096413

19800-loss_z:21.136723,accu:0.443038,loss_recon:0.200414

20000-loss_z:0.005692,accu:1.0,loss_recon:0.096217

20000-loss_z:21.259216,accu:0.443038,loss_recon:0.203382

Continue training
New FC model is initialized
200-loss_z:2.554006,accu:0.170826,loss_recon:0.710059

200-loss_z:2.544821,accu:0.088608,loss_recon:0.382142

400-loss_z:2.025915,accu:0.305495,loss_recon:0.262283

400-loss_z:2.441836,accu:0.101266,loss_recon:0.268

600-loss_z:1.787918,accu:0.380378,loss_recon:0.192625

600-loss_z:2.393912,accu:0.139241,loss_recon:0.233376

800-loss_z:1.588956,accu:0.451491,loss_recon:0.168211

800-loss_z:2.38354,accu:0.164557,loss_recon:0.223225

1000-loss_z:1.417206,accu:0.509284,loss_recon:0.158812

1000-loss_z:2.402716,accu:0.164557,loss_recon:0.219544

1200-loss_z:1.2909,accu:0.551901,loss_recon:0.152977

1200-loss_z:2.412536,accu:0.189873,loss_recon:0.214852

1400-loss_z:1.197826,accu:0.583828,loss_recon:0.148344

1400-loss_z:2.454932,accu:0.164557,loss_recon:0.220179

1600-loss_z:1.116081,accu:0.636491,loss_recon:0.142232

1600-loss_z:2.483832,accu:0.202532,loss_recon:0.212089

1800-loss_z:1.044106,accu:0.652904,loss_recon:0.13349

1800-loss_z:2.5031,accu:0.21519,loss_recon:0.213881

2000-loss_z:0.985852,accu:0.673854,loss_recon:0.129664

2000-loss_z:2.541376,accu:0.202532,loss_recon:0.209802

2200-loss_z:0.932701,accu:0.699531,loss_recon:0.126905

2200-loss_z:2.534887,accu:0.21519,loss_recon:0.205302

2400-loss_z:0.881844,accu:0.731986,loss_recon:0.122825

2400-loss_z:2.562929,accu:0.227848,loss_recon:0.206645

2600-loss_z:0.845194,accu:0.748737,loss_recon:0.121725

2600-loss_z:2.606193,accu:0.202532,loss_recon:0.203358

2800-loss_z:0.804646,accu:0.760586,loss_recon:0.119375

2800-loss_z:2.636358,accu:0.202532,loss_recon:0.200175

3000-loss_z:0.76826,accu:0.777057,loss_recon:0.116406

3000-loss_z:2.631599,accu:0.291139,loss_recon:0.194215

3200-loss_z:0.731675,accu:0.792936,loss_recon:0.112629

3200-loss_z:2.682066,accu:0.329114,loss_recon:0.186269

3400-loss_z:0.701058,accu:0.804974,loss_recon:0.110525

3400-loss_z:2.716789,accu:0.278481,loss_recon:0.189792

3600-loss_z:0.674573,accu:0.814701,loss_recon:0.110001

3600-loss_z:2.744614,accu:0.329114,loss_recon:0.188591

3800-loss_z:0.644423,accu:0.833659,loss_recon:0.107683

3800-loss_z:2.774366,accu:0.303797,loss_recon:0.18606

4000-loss_z:0.617389,accu:0.853405,loss_recon:0.108448

4000-loss_z:2.780888,accu:0.367089,loss_recon:0.179435

4200-loss_z:0.594056,accu:0.871432,loss_recon:0.106721

4200-loss_z:2.805808,accu:0.392405,loss_recon:0.177828

4400-loss_z:0.572047,accu:0.882936,loss_recon:0.107612

4400-loss_z:2.871538,accu:0.379747,loss_recon:0.187293

4600-loss_z:0.554784,accu:0.893171,loss_recon:0.104059

4600-loss_z:2.916257,accu:0.392405,loss_recon:0.180504

4800-loss_z:0.526098,accu:0.908444,loss_recon:0.103971

4800-loss_z:2.926394,accu:0.379747,loss_recon:0.181582

5000-loss_z:0.508829,accu:0.923314,loss_recon:0.103592

5000-loss_z:2.98698,accu:0.417722,loss_recon:0.182389

5200-loss_z:0.48754,accu:0.923431,loss_recon:0.102337

5200-loss_z:3.036733,accu:0.417722,loss_recon:0.182499

5400-loss_z:0.472745,accu:0.931784,loss_recon:0.10117

5400-loss_z:3.074937,accu:0.405063,loss_recon:0.177899

5600-loss_z:0.453051,accu:0.930898,loss_recon:0.098817

5600-loss_z:3.115569,accu:0.392405,loss_recon:0.182113

5800-loss_z:0.436152,accu:0.941178,loss_recon:0.096935

5800-loss_z:3.172677,accu:0.417722,loss_recon:0.176779

6000-loss_z:0.419912,accu:0.944089,loss_recon:0.095998

6000-loss_z:3.231072,accu:0.417722,loss_recon:0.17941

6200-loss_z:0.405281,accu:0.946934,loss_recon:0.095957

6200-loss_z:3.311975,accu:0.405063,loss_recon:0.175765

6400-loss_z:0.391158,accu:0.946589,loss_recon:0.094449

6400-loss_z:3.327094,accu:0.417722,loss_recon:0.1788

6600-loss_z:0.379157,accu:0.944707,loss_recon:0.095208

6600-loss_z:3.390475,accu:0.417722,loss_recon:0.174816

6800-loss_z:0.368252,accu:0.952435,loss_recon:0.092773

6800-loss_z:3.452341,accu:0.43038,loss_recon:0.171479

7000-loss_z:0.355246,accu:0.949186,loss_recon:0.091518

7000-loss_z:3.525454,accu:0.443038,loss_recon:0.172143

7200-loss_z:0.346007,accu:0.952923,loss_recon:0.093081

7200-loss_z:3.579611,accu:0.455696,loss_recon:0.174177

7400-loss_z:0.329187,accu:0.955286,loss_recon:0.09246

7400-loss_z:3.649045,accu:0.43038,loss_recon:0.17361

7600-loss_z:0.318321,accu:0.957721,loss_recon:0.091224

7600-loss_z:3.731499,accu:0.455696,loss_recon:0.174543

7800-loss_z:0.313269,accu:0.957129,loss_recon:0.091598

7800-loss_z:3.787441,accu:0.455696,loss_recon:0.171909

8000-loss_z:0.301561,accu:0.956335,loss_recon:0.08997

8000-loss_z:3.86643,accu:0.468354,loss_recon:0.170978

8200-loss_z:0.290435,accu:0.959648,loss_recon:0.089831

8200-loss_z:3.943135,accu:0.455696,loss_recon:0.166818

8400-loss_z:0.280845,accu:0.960156,loss_recon:0.087811

8400-loss_z:4.021689,accu:0.455696,loss_recon:0.169108

8600-loss_z:0.272025,accu:0.963711,loss_recon:0.088402

8600-loss_z:4.102734,accu:0.455696,loss_recon:0.16515

8800-loss_z:0.262427,accu:0.964193,loss_recon:0.087677

8800-loss_z:4.227137,accu:0.455696,loss_recon:0.163235

9000-loss_z:0.254288,accu:0.964915,loss_recon:0.087416

9000-loss_z:4.332745,accu:0.468354,loss_recon:0.162727

9200-loss_z:0.245828,accu:0.964954,loss_recon:0.087258

9200-loss_z:4.402314,accu:0.468354,loss_recon:0.166275

9400-loss_z:0.2381,accu:0.968301,loss_recon:0.087596

9400-loss_z:4.537152,accu:0.481013,loss_recon:0.167832

9600-loss_z:0.230886,accu:0.967826,loss_recon:0.087081

9600-loss_z:4.65404,accu:0.481013,loss_recon:0.166186

9800-loss_z:0.224343,accu:0.968945,loss_recon:0.085814

9800-loss_z:4.704186,accu:0.481013,loss_recon:0.170933

10000-loss_z:0.219687,accu:0.971035,loss_recon:0.087232

10000-loss_z:4.868753,accu:0.481013,loss_recon:0.169679

10200-loss_z:0.209405,accu:0.971289,loss_recon:0.084615

10200-loss_z:4.958943,accu:0.468354,loss_recon:0.168625

10400-loss_z:0.202518,accu:0.976992,loss_recon:0.085389

10400-loss_z:5.031644,accu:0.493671,loss_recon:0.168948

10600-loss_z:0.20049,accu:0.977324,loss_recon:0.084943

10600-loss_z:5.168586,accu:0.493671,loss_recon:0.171492

10800-loss_z:0.193631,accu:0.976497,loss_recon:0.084714

10800-loss_z:5.286518,accu:0.481013,loss_recon:0.169179

11000-loss_z:0.189097,accu:0.97819,loss_recon:0.083831

11000-loss_z:5.364214,accu:0.468354,loss_recon:0.175023

11200-loss_z:0.180803,accu:0.979785,loss_recon:0.085117

11200-loss_z:5.504623,accu:0.493671,loss_recon:0.16826

11400-loss_z:0.175268,accu:0.976725,loss_recon:0.083437

11400-loss_z:5.651156,accu:0.481013,loss_recon:0.169325

11600-loss_z:0.171562,accu:0.978158,loss_recon:0.083573

11600-loss_z:5.764953,accu:0.506329,loss_recon:0.174911

11800-loss_z:0.167649,accu:0.97765,loss_recon:0.082825

11800-loss_z:5.869401,accu:0.493671,loss_recon:0.173887

12000-loss_z:0.161848,accu:0.979798,loss_recon:0.082337

12000-loss_z:6.029227,accu:0.493671,loss_recon:0.176539

12200-loss_z:0.15848,accu:0.978613,loss_recon:0.081808

12200-loss_z:6.132135,accu:0.493671,loss_recon:0.174365

12400-loss_z:0.151289,accu:0.981055,loss_recon:0.083527

12400-loss_z:6.269715,accu:0.506329,loss_recon:0.176569

12600-loss_z:0.148896,accu:0.980247,loss_recon:0.081199

12600-loss_z:6.43417,accu:0.493671,loss_recon:0.176106

12800-loss_z:0.143622,accu:0.981608,loss_recon:0.082649

12800-loss_z:6.562926,accu:0.493671,loss_recon:0.178904

13000-loss_z:0.13746,accu:0.981699,loss_recon:0.081285

13000-loss_z:6.695548,accu:0.506329,loss_recon:0.1747

13200-loss_z:0.136108,accu:0.981836,loss_recon:0.080264

13200-loss_z:6.844607,accu:0.506329,loss_recon:0.176027

13400-loss_z:0.131524,accu:0.982103,loss_recon:0.080402

13400-loss_z:7.010985,accu:0.493671,loss_recon:0.177745

13600-loss_z:0.127341,accu:0.982402,loss_recon:0.079438

13600-loss_z:7.122901,accu:0.518987,loss_recon:0.176731

13800-loss_z:0.123614,accu:0.982266,loss_recon:0.07914

13800-loss_z:7.324959,accu:0.493671,loss_recon:0.173737

14000-loss_z:0.119364,accu:0.984277,loss_recon:0.080309

14000-loss_z:7.461584,accu:0.506329,loss_recon:0.178857

14200-loss_z:0.116757,accu:0.984232,loss_recon:0.07867

14200-loss_z:7.639383,accu:0.506329,loss_recon:0.175722

14400-loss_z:0.113509,accu:0.98584,loss_recon:0.080025

14400-loss_z:7.758712,accu:0.506329,loss_recon:0.174544

14600-loss_z:0.108713,accu:0.989082,loss_recon:0.078905

14600-loss_z:7.901903,accu:0.531646,loss_recon:0.180562

14800-loss_z:0.106708,accu:0.988203,loss_recon:0.079474

14800-loss_z:8.075336,accu:0.531646,loss_recon:0.180799

15000-loss_z:0.102696,accu:0.989954,loss_recon:0.080202

15000-loss_z:8.171975,accu:0.531646,loss_recon:0.178264

15200-loss_z:0.100951,accu:0.989954,loss_recon:0.080003

15200-loss_z:8.365961,accu:0.518987,loss_recon:0.178369

15400-loss_z:0.097588,accu:0.992292,loss_recon:0.0786

15400-loss_z:8.479592,accu:0.531646,loss_recon:0.182822

15600-loss_z:0.093843,accu:0.994792,loss_recon:0.079309

15600-loss_z:8.593175,accu:0.531646,loss_recon:0.17965

15800-loss_z:0.091014,accu:0.992214,loss_recon:0.080061

15800-loss_z:8.718547,accu:0.518987,loss_recon:0.18372

16000-loss_z:0.086891,accu:0.995117,loss_recon:0.078865

16000-loss_z:8.894623,accu:0.531646,loss_recon:0.184557

16200-loss_z:0.08366,accu:0.992975,loss_recon:0.078653

16200-loss_z:9.107485,accu:0.518987,loss_recon:0.180645

16400-loss_z:0.082,accu:0.996289,loss_recon:0.080111

16400-loss_z:9.2479,accu:0.518987,loss_recon:0.189462

16600-loss_z:0.078802,accu:0.996152,loss_recon:0.077563

16600-loss_z:9.459673,accu:0.531646,loss_recon:0.187451

16800-loss_z:0.075883,accu:0.997689,loss_recon:0.078175

16800-loss_z:9.529692,accu:0.531646,loss_recon:0.181627

17000-loss_z:0.072818,accu:0.997148,loss_recon:0.079494

17000-loss_z:9.693313,accu:0.506329,loss_recon:0.189005

17200-loss_z:0.070774,accu:0.998574,loss_recon:0.07752

17200-loss_z:9.824383,accu:0.518987,loss_recon:0.185047

17400-loss_z:0.066876,accu:0.997982,loss_recon:0.077936

17400-loss_z:9.983409,accu:0.506329,loss_recon:0.181164

17600-loss_z:0.065224,accu:0.999186,loss_recon:0.078547

17600-loss_z:10.084837,accu:0.506329,loss_recon:0.183631

17800-loss_z:0.062832,accu:0.998978,loss_recon:0.078649

17800-loss_z:10.205888,accu:0.531646,loss_recon:0.190104

18000-loss_z:0.060627,accu:0.998867,loss_recon:0.078117

18000-loss_z:10.388947,accu:0.518987,loss_recon:0.187784

18200-loss_z:0.05837,accu:0.998822,loss_recon:0.078688

18200-loss_z:10.475157,accu:0.506329,loss_recon:0.186788

18400-loss_z:0.056271,accu:0.999069,loss_recon:0.077251

18400-loss_z:10.585756,accu:0.506329,loss_recon:0.187316

18600-loss_z:0.055131,accu:0.99929,loss_recon:0.077424

18600-loss_z:10.767966,accu:0.493671,loss_recon:0.187925

18800-loss_z:0.05189,accu:0.999694,loss_recon:0.077603

18800-loss_z:10.940487,accu:0.518987,loss_recon:0.186591

19000-loss_z:0.050261,accu:0.999896,loss_recon:0.077358

19000-loss_z:11.058786,accu:0.493671,loss_recon:0.193541

19200-loss_z:0.047583,accu:0.999818,loss_recon:0.078441

19200-loss_z:11.20857,accu:0.506329,loss_recon:0.188525

19400-loss_z:0.04502,accu:0.999818,loss_recon:0.078014

19400-loss_z:11.316859,accu:0.481013,loss_recon:0.188872

19600-loss_z:0.0435,accu:1.0,loss_recon:0.076364

19600-loss_z:11.432049,accu:0.455696,loss_recon:0.193712

19800-loss_z:0.041673,accu:1.0,loss_recon:0.076628

19800-loss_z:11.531634,accu:0.455696,loss_recon:0.188977

20000-loss_z:0.040366,accu:1.0,loss_recon:0.078397

20000-loss_z:11.643379,accu:0.455696,loss_recon:0.189793

Continue training
New FC model is initialized
200-loss_z:2.500223,accu:0.203786,loss_recon:0.874033

200-loss_z:2.640363,accu:0.126582,loss_recon:0.495045

400-loss_z:1.905694,accu:0.344303,loss_recon:0.281299

400-loss_z:2.374119,accu:0.177215,loss_recon:0.258537

600-loss_z:1.604064,accu:0.422819,loss_recon:0.185141

600-loss_z:2.394263,accu:0.164557,loss_recon:0.229254

800-loss_z:1.409355,accu:0.516751,loss_recon:0.16743

800-loss_z:2.511418,accu:0.227848,loss_recon:0.225007

1000-loss_z:1.264279,accu:0.578542,loss_recon:0.154008

1000-loss_z:2.638319,accu:0.253165,loss_recon:0.22497

1200-loss_z:1.147067,accu:0.614525,loss_recon:0.145455

1200-loss_z:2.754438,accu:0.253165,loss_recon:0.225648

1400-loss_z:1.051671,accu:0.654609,loss_recon:0.139176

1400-loss_z:2.856936,accu:0.303797,loss_recon:0.226128

1600-loss_z:0.971096,accu:0.685286,loss_recon:0.134573

1600-loss_z:2.940174,accu:0.316456,loss_recon:0.227929

1800-loss_z:0.898774,accu:0.723444,loss_recon:0.130092

1800-loss_z:3.015515,accu:0.265823,loss_recon:0.22792

2000-loss_z:0.841034,accu:0.751374,loss_recon:0.128646

2000-loss_z:3.118464,accu:0.303797,loss_recon:0.231077

2200-loss_z:0.784687,accu:0.783574,loss_recon:0.126174

2200-loss_z:3.212005,accu:0.303797,loss_recon:0.230419

2400-loss_z:0.740418,accu:0.802663,loss_recon:0.123037

2400-loss_z:3.259872,accu:0.379747,loss_recon:0.236034

2600-loss_z:0.694032,accu:0.829486,loss_recon:0.120192

2600-loss_z:3.339583,accu:0.35443,loss_recon:0.233581

2800-loss_z:0.657021,accu:0.850508,loss_recon:0.11841

2800-loss_z:3.436039,accu:0.379747,loss_recon:0.241306

3000-loss_z:0.617138,accu:0.861302,loss_recon:0.11609

3000-loss_z:3.569084,accu:0.35443,loss_recon:0.236748

3200-loss_z:0.584883,accu:0.8736,loss_recon:0.114408

3200-loss_z:3.673383,accu:0.367089,loss_recon:0.235461

3400-loss_z:0.556682,accu:0.893008,loss_recon:0.113086

3400-loss_z:3.856523,accu:0.35443,loss_recon:0.227084

3600-loss_z:0.524212,accu:0.907708,loss_recon:0.112141

3600-loss_z:3.99635,accu:0.379747,loss_recon:0.228799

3800-loss_z:0.497655,accu:0.90416,loss_recon:0.11112

3800-loss_z:4.205773,accu:0.367089,loss_recon:0.227985

4000-loss_z:0.475934,accu:0.916797,loss_recon:0.109232

4000-loss_z:4.408542,accu:0.367089,loss_recon:0.22615

4200-loss_z:0.44849,accu:0.924648,loss_recon:0.108104

4200-loss_z:4.632572,accu:0.341772,loss_recon:0.22848

4400-loss_z:0.424347,accu:0.926296,loss_recon:0.108501

4400-loss_z:4.879164,accu:0.35443,loss_recon:0.224165

4600-loss_z:0.406838,accu:0.930345,loss_recon:0.107095

4600-loss_z:5.118869,accu:0.379747,loss_recon:0.221002

4800-loss_z:0.387582,accu:0.940326,loss_recon:0.105636

4800-loss_z:5.384899,accu:0.367089,loss_recon:0.220064

5000-loss_z:0.372352,accu:0.950189,loss_recon:0.105046

5000-loss_z:5.654514,accu:0.367089,loss_recon:0.221447

5200-loss_z:0.352496,accu:0.952572,loss_recon:0.105083

5200-loss_z:5.950586,accu:0.367089,loss_recon:0.219319

5400-loss_z:0.336639,accu:0.957839,loss_recon:0.102484

5400-loss_z:6.246117,accu:0.367089,loss_recon:0.220734

5600-loss_z:0.321537,accu:0.962956,loss_recon:0.101327

5600-loss_z:6.537565,accu:0.35443,loss_recon:0.224391

5800-loss_z:0.305988,accu:0.970254,loss_recon:0.098663

5800-loss_z:6.864993,accu:0.379747,loss_recon:0.218862

6000-loss_z:0.292623,accu:0.973535,loss_recon:0.097508

6000-loss_z:7.200888,accu:0.392405,loss_recon:0.216684

6200-loss_z:0.277684,accu:0.982383,loss_recon:0.097205

6200-loss_z:7.561279,accu:0.405063,loss_recon:0.217052

6400-loss_z:0.267511,accu:0.979401,loss_recon:0.096059

6400-loss_z:7.892838,accu:0.379747,loss_recon:0.217398

6600-loss_z:0.255405,accu:0.982507,loss_recon:0.093797

6600-loss_z:8.236378,accu:0.405063,loss_recon:0.225463

6800-loss_z:0.242976,accu:0.984883,loss_recon:0.094821

6800-loss_z:8.556255,accu:0.417722,loss_recon:0.219305

7000-loss_z:0.230426,accu:0.986393,loss_recon:0.09353

7000-loss_z:8.977212,accu:0.379747,loss_recon:0.22341

7200-loss_z:0.219815,accu:0.989727,loss_recon:0.093384

7200-loss_z:9.362028,accu:0.367089,loss_recon:0.216781

7400-loss_z:0.208526,accu:0.987611,loss_recon:0.093077

7400-loss_z:9.718675,accu:0.443038,loss_recon:0.226363

7600-loss_z:0.198878,accu:0.987682,loss_recon:0.092002

7600-loss_z:10.057631,accu:0.405063,loss_recon:0.227904

7800-loss_z:0.19165,accu:0.989707,loss_recon:0.091353

7800-loss_z:10.44789,accu:0.417722,loss_recon:0.231415

8000-loss_z:0.181431,accu:0.99026,loss_recon:0.090947

8000-loss_z:10.868303,accu:0.468354,loss_recon:0.232785

8200-loss_z:0.174518,accu:0.991569,loss_recon:0.090694

8200-loss_z:11.222714,accu:0.443038,loss_recon:0.229237

8400-loss_z:0.166449,accu:0.993717,loss_recon:0.090246

8400-loss_z:11.550794,accu:0.443038,loss_recon:0.227614

8600-loss_z:0.157987,accu:0.993503,loss_recon:0.089146

8600-loss_z:11.862867,accu:0.455696,loss_recon:0.233723

8800-loss_z:0.15034,accu:0.993835,loss_recon:0.08908

8800-loss_z:12.132529,accu:0.43038,loss_recon:0.231225

9000-loss_z:0.143545,accu:0.993809,loss_recon:0.088247

9000-loss_z:12.438475,accu:0.43038,loss_recon:0.235498

9200-loss_z:0.136009,accu:0.995898,loss_recon:0.08623

9200-loss_z:12.660783,accu:0.481013,loss_recon:0.234143

9400-loss_z:0.132346,accu:0.994772,loss_recon:0.085751

9400-loss_z:12.952991,accu:0.443038,loss_recon:0.237988

9600-loss_z:0.122645,accu:0.995462,loss_recon:0.083026

9600-loss_z:13.186155,accu:0.468354,loss_recon:0.236608

9800-loss_z:0.118645,accu:0.994323,loss_recon:0.083659

9800-loss_z:13.478705,accu:0.443038,loss_recon:0.232437

10000-loss_z:0.112072,accu:0.994635,loss_recon:0.081369

10000-loss_z:13.711965,accu:0.443038,loss_recon:0.232428

10200-loss_z:0.106874,accu:0.995872,loss_recon:0.081027

10200-loss_z:13.959544,accu:0.43038,loss_recon:0.232256

10400-loss_z:0.102583,accu:0.998509,loss_recon:0.079718

10400-loss_z:14.225096,accu:0.468354,loss_recon:0.23248

10600-loss_z:0.096248,accu:0.998828,loss_recon:0.078561

10600-loss_z:14.495593,accu:0.468354,loss_recon:0.241964

10800-loss_z:0.092767,accu:0.999655,loss_recon:0.078743

10800-loss_z:14.744985,accu:0.455696,loss_recon:0.233953

11000-loss_z:0.086671,accu:0.998646,loss_recon:0.077966

11000-loss_z:15.044969,accu:0.455696,loss_recon:0.231677

11200-loss_z:0.084631,accu:0.999896,loss_recon:0.076001

11200-loss_z:15.300052,accu:0.443038,loss_recon:0.231996

11400-loss_z:0.078039,accu:0.998958,loss_recon:0.076687

11400-loss_z:15.587111,accu:0.455696,loss_recon:0.229339

11600-loss_z:0.075151,accu:0.998965,loss_recon:0.075264

11600-loss_z:15.885959,accu:0.455696,loss_recon:0.235388

11800-loss_z:0.071267,accu:0.999798,loss_recon:0.075625

11800-loss_z:16.149744,accu:0.468354,loss_recon:0.237715

12000-loss_z:0.068285,accu:1.0,loss_recon:0.074433

12000-loss_z:16.350697,accu:0.443038,loss_recon:0.232053

12200-loss_z:0.064403,accu:1.0,loss_recon:0.074449

12200-loss_z:16.618689,accu:0.468354,loss_recon:0.235297

12400-loss_z:0.060629,accu:1.0,loss_recon:0.073603

12400-loss_z:16.837227,accu:0.468354,loss_recon:0.235261

12600-loss_z:0.058159,accu:1.0,loss_recon:0.073526

12600-loss_z:17.011755,accu:0.481013,loss_recon:0.240403

12800-loss_z:0.055127,accu:1.0,loss_recon:0.073097

12800-loss_z:17.259771,accu:0.468354,loss_recon:0.239414

13000-loss_z:0.052742,accu:1.0,loss_recon:0.074702

13000-loss_z:17.541397,accu:0.481013,loss_recon:0.240813

13200-loss_z:0.050151,accu:1.0,loss_recon:0.0718

13200-loss_z:17.781647,accu:0.481013,loss_recon:0.239469

13400-loss_z:0.047471,accu:1.0,loss_recon:0.071585

13400-loss_z:18.056465,accu:0.493671,loss_recon:0.239757

13600-loss_z:0.045385,accu:1.0,loss_recon:0.072034

13600-loss_z:18.343632,accu:0.493671,loss_recon:0.243213

13800-loss_z:0.043423,accu:1.0,loss_recon:0.071233

13800-loss_z:18.593216,accu:0.493671,loss_recon:0.239067

14000-loss_z:0.040743,accu:1.0,loss_recon:0.071488

14000-loss_z:18.864004,accu:0.493671,loss_recon:0.239885

14200-loss_z:0.038987,accu:1.0,loss_recon:0.071917

14200-loss_z:19.118216,accu:0.506329,loss_recon:0.24144

14400-loss_z:0.036788,accu:1.0,loss_recon:0.072153

14400-loss_z:19.416918,accu:0.481013,loss_recon:0.250158

14600-loss_z:0.034434,accu:1.0,loss_recon:0.071044

14600-loss_z:19.712891,accu:0.493671,loss_recon:0.253832

14800-loss_z:0.033031,accu:1.0,loss_recon:0.070231

14800-loss_z:20.009008,accu:0.481013,loss_recon:0.252181

15000-loss_z:0.031164,accu:1.0,loss_recon:0.0692

15000-loss_z:20.307486,accu:0.506329,loss_recon:0.247604

15200-loss_z:0.029582,accu:1.0,loss_recon:0.070317

15200-loss_z:20.593569,accu:0.506329,loss_recon:0.251343

15400-loss_z:0.028044,accu:1.0,loss_recon:0.069821

15400-loss_z:20.926973,accu:0.493671,loss_recon:0.256982

15600-loss_z:0.026589,accu:1.0,loss_recon:0.070267

15600-loss_z:21.21163,accu:0.493671,loss_recon:0.25493

15800-loss_z:0.024661,accu:1.0,loss_recon:0.068533

15800-loss_z:21.521235,accu:0.468354,loss_recon:0.259924

16000-loss_z:0.023695,accu:1.0,loss_recon:0.067774

16000-loss_z:21.803944,accu:0.468354,loss_recon:0.256148

16200-loss_z:0.022463,accu:1.0,loss_recon:0.067717

16200-loss_z:22.108429,accu:0.481013,loss_recon:0.262033

16400-loss_z:0.021274,accu:1.0,loss_recon:0.06769

16400-loss_z:22.402163,accu:0.481013,loss_recon:0.262514

16600-loss_z:0.019862,accu:1.0,loss_recon:0.068338

16600-loss_z:22.754309,accu:0.481013,loss_recon:0.260556

16800-loss_z:0.018527,accu:1.0,loss_recon:0.067939

16800-loss_z:23.068916,accu:0.481013,loss_recon:0.262943

17000-loss_z:0.017571,accu:1.0,loss_recon:0.068309

17000-loss_z:23.359192,accu:0.481013,loss_recon:0.269524

17200-loss_z:0.016662,accu:1.0,loss_recon:0.066878

17200-loss_z:23.689009,accu:0.468354,loss_recon:0.268624

17400-loss_z:0.015595,accu:1.0,loss_recon:0.066976

17400-loss_z:24.019434,accu:0.481013,loss_recon:0.269349

17600-loss_z:0.014642,accu:1.0,loss_recon:0.066288

17600-loss_z:24.284727,accu:0.481013,loss_recon:0.266825

17800-loss_z:0.013732,accu:1.0,loss_recon:0.066586

17800-loss_z:24.636177,accu:0.481013,loss_recon:0.269552

18000-loss_z:0.012876,accu:1.0,loss_recon:0.06719

18000-loss_z:24.94911,accu:0.481013,loss_recon:0.270138

18200-loss_z:0.011962,accu:1.0,loss_recon:0.067368

18200-loss_z:25.271181,accu:0.468354,loss_recon:0.271903

18400-loss_z:0.01117,accu:1.0,loss_recon:0.066033

18400-loss_z:25.591606,accu:0.481013,loss_recon:0.273458

18600-loss_z:0.010381,accu:1.0,loss_recon:0.067551

18600-loss_z:25.980787,accu:0.468354,loss_recon:0.273484

18800-loss_z:0.009885,accu:1.0,loss_recon:0.066596

18800-loss_z:26.256693,accu:0.468354,loss_recon:0.279617

19000-loss_z:0.009247,accu:1.0,loss_recon:0.066571

19000-loss_z:26.608442,accu:0.481013,loss_recon:0.27903

19200-loss_z:0.008822,accu:1.0,loss_recon:0.067124

19200-loss_z:26.929626,accu:0.493671,loss_recon:0.276499

19400-loss_z:0.008011,accu:1.0,loss_recon:0.065725

19400-loss_z:27.288002,accu:0.468354,loss_recon:0.276344

19600-loss_z:0.007579,accu:1.0,loss_recon:0.066463

19600-loss_z:27.63237,accu:0.481013,loss_recon:0.274152

19800-loss_z:0.007057,accu:1.0,loss_recon:0.066263

19800-loss_z:27.965069,accu:0.468354,loss_recon:0.272782

20000-loss_z:0.006391,accu:1.0,loss_recon:0.066216

20000-loss_z:28.303535,accu:0.468354,loss_recon:0.281407

Continue training
New FC model is initialized
200-loss_z:2.626691,accu:0.147563,loss_recon:0.666541

200-loss_z:2.734438,accu:0.101266,loss_recon:0.399229

400-loss_z:2.033761,accu:0.310788,loss_recon:0.219871

400-loss_z:2.615414,accu:0.113924,loss_recon:0.257034

600-loss_z:1.683212,accu:0.431009,loss_recon:0.168056

600-loss_z:2.618672,accu:0.113924,loss_recon:0.24453

800-loss_z:1.480525,accu:0.504486,loss_recon:0.158171

800-loss_z:2.616714,accu:0.151899,loss_recon:0.24241

1000-loss_z:1.329788,accu:0.560488,loss_recon:0.15262

1000-loss_z:2.608131,accu:0.189873,loss_recon:0.228969

1200-loss_z:1.206201,accu:0.591113,loss_recon:0.146124

1200-loss_z:2.599251,accu:0.202532,loss_recon:0.230584

1400-loss_z:1.11181,accu:0.62793,loss_recon:0.143206

1400-loss_z:2.610331,accu:0.21519,loss_recon:0.222042

1600-loss_z:1.032422,accu:0.671497,loss_recon:0.136548

1600-loss_z:2.632,accu:0.240506,loss_recon:0.219072

1800-loss_z:0.961678,accu:0.701647,loss_recon:0.133178

1800-loss_z:2.648198,accu:0.253165,loss_recon:0.217194

2000-loss_z:0.900849,accu:0.726296,loss_recon:0.132145

2000-loss_z:2.666711,accu:0.265823,loss_recon:0.219388

2200-loss_z:0.85261,accu:0.748711,loss_recon:0.128062

2200-loss_z:2.682993,accu:0.303797,loss_recon:0.220531

2400-loss_z:0.79951,accu:0.776849,loss_recon:0.121939

2400-loss_z:2.652834,accu:0.278481,loss_recon:0.222635

2600-loss_z:0.759437,accu:0.7961,loss_recon:0.124481

2600-loss_z:2.663963,accu:0.303797,loss_recon:0.21345

2800-loss_z:0.717614,accu:0.814414,loss_recon:0.119678

2800-loss_z:2.667948,accu:0.291139,loss_recon:0.214744

3000-loss_z:0.677948,accu:0.830345,loss_recon:0.117103

3000-loss_z:2.697321,accu:0.35443,loss_recon:0.210366

3200-loss_z:0.642453,accu:0.845703,loss_recon:0.116782

3200-loss_z:2.72537,accu:0.35443,loss_recon:0.210069

3400-loss_z:0.613297,accu:0.858685,loss_recon:0.116751

3400-loss_z:2.737773,accu:0.35443,loss_recon:0.210186

3600-loss_z:0.582697,accu:0.878275,loss_recon:0.115376

3600-loss_z:2.768711,accu:0.35443,loss_recon:0.210852

3800-loss_z:0.556488,accu:0.883685,loss_recon:0.11345

3800-loss_z:2.8079,accu:0.405063,loss_recon:0.210315

4000-loss_z:0.533371,accu:0.893997,loss_recon:0.113483

4000-loss_z:2.8516,accu:0.35443,loss_recon:0.204396

4200-loss_z:0.502901,accu:0.910716,loss_recon:0.109956

4200-loss_z:2.896702,accu:0.367089,loss_recon:0.211415

4400-loss_z:0.478941,accu:0.917389,loss_recon:0.109315

4400-loss_z:2.94769,accu:0.379747,loss_recon:0.202157

4600-loss_z:0.456713,accu:0.924505,loss_recon:0.108767

4600-loss_z:3.007504,accu:0.379747,loss_recon:0.201858

4800-loss_z:0.433646,accu:0.93125,loss_recon:0.106771

4800-loss_z:3.051838,accu:0.379747,loss_recon:0.204124

5000-loss_z:0.41321,accu:0.938672,loss_recon:0.105479

5000-loss_z:3.104521,accu:0.379747,loss_recon:0.200988

5200-loss_z:0.394731,accu:0.942051,loss_recon:0.101248

5200-loss_z:3.130128,accu:0.379747,loss_recon:0.203607

5400-loss_z:0.377616,accu:0.944883,loss_recon:0.101985

5400-loss_z:3.226236,accu:0.379747,loss_recon:0.204811

5600-loss_z:0.361194,accu:0.952448,loss_recon:0.096399

5600-loss_z:3.266378,accu:0.367089,loss_recon:0.203808

5800-loss_z:0.340879,accu:0.959375,loss_recon:0.094012

5800-loss_z:3.320344,accu:0.379747,loss_recon:0.198956

6000-loss_z:0.326098,accu:0.956237,loss_recon:0.093195

6000-loss_z:3.358411,accu:0.379747,loss_recon:0.200532

6200-loss_z:0.315166,accu:0.957852,loss_recon:0.092176

6200-loss_z:3.381984,accu:0.443038,loss_recon:0.200014

6400-loss_z:0.297135,accu:0.963932,loss_recon:0.091587

6400-loss_z:3.479601,accu:0.379747,loss_recon:0.203753

6600-loss_z:0.283651,accu:0.966973,loss_recon:0.088442

6600-loss_z:3.567451,accu:0.379747,loss_recon:0.205304

6800-loss_z:0.272627,accu:0.968125,loss_recon:0.087956

6800-loss_z:3.650291,accu:0.367089,loss_recon:0.207737

7000-loss_z:0.25924,accu:0.9725,loss_recon:0.086743

7000-loss_z:3.718775,accu:0.43038,loss_recon:0.211095

7200-loss_z:0.24781,accu:0.97429,loss_recon:0.086412

7200-loss_z:3.833035,accu:0.392405,loss_recon:0.209089

7400-loss_z:0.233649,accu:0.978841,loss_recon:0.084567

7400-loss_z:3.940441,accu:0.405063,loss_recon:0.209333

7600-loss_z:0.227123,accu:0.981738,loss_recon:0.084767

7600-loss_z:4.044322,accu:0.392405,loss_recon:0.209984

7800-loss_z:0.216511,accu:0.98474,loss_recon:0.083932

7800-loss_z:4.156912,accu:0.367089,loss_recon:0.210005

8000-loss_z:0.205702,accu:0.983301,loss_recon:0.083853

8000-loss_z:4.284122,accu:0.379747,loss_recon:0.209568

8200-loss_z:0.19415,accu:0.989102,loss_recon:0.082345

8200-loss_z:4.392875,accu:0.392405,loss_recon:0.209905

8400-loss_z:0.187134,accu:0.988529,loss_recon:0.083231

8400-loss_z:4.50288,accu:0.405063,loss_recon:0.212668

8600-loss_z:0.180224,accu:0.991152,loss_recon:0.082176

8600-loss_z:4.614241,accu:0.392405,loss_recon:0.210434

8800-loss_z:0.169724,accu:0.992402,loss_recon:0.080741

8800-loss_z:4.737447,accu:0.392405,loss_recon:0.211939

9000-loss_z:0.163313,accu:0.993262,loss_recon:0.080517

9000-loss_z:4.836653,accu:0.392405,loss_recon:0.211975

9200-loss_z:0.155217,accu:0.994323,loss_recon:0.079339

9200-loss_z:4.988037,accu:0.379747,loss_recon:0.207616

9400-loss_z:0.146913,accu:0.996009,loss_recon:0.078984

9400-loss_z:5.071982,accu:0.405063,loss_recon:0.20568

9600-loss_z:0.139763,accu:0.99707,loss_recon:0.077279

9600-loss_z:5.156034,accu:0.392405,loss_recon:0.19714

9800-loss_z:0.133833,accu:0.997318,loss_recon:0.077652

9800-loss_z:5.310903,accu:0.417722,loss_recon:0.198996

10000-loss_z:0.126157,accu:0.998822,loss_recon:0.075666

10000-loss_z:5.425082,accu:0.392405,loss_recon:0.197733

10200-loss_z:0.120833,accu:0.998281,loss_recon:0.074931

10200-loss_z:5.543747,accu:0.417722,loss_recon:0.199274

10400-loss_z:0.113834,accu:0.999147,loss_recon:0.075152

10400-loss_z:5.629285,accu:0.443038,loss_recon:0.201788

10600-loss_z:0.108787,accu:0.999082,loss_recon:0.073271

10600-loss_z:5.71203,accu:0.43038,loss_recon:0.200896

10800-loss_z:0.104019,accu:0.999941,loss_recon:0.072453

10800-loss_z:5.853234,accu:0.43038,loss_recon:0.199331

11000-loss_z:0.098506,accu:1.0,loss_recon:0.072631

11000-loss_z:5.987518,accu:0.417722,loss_recon:0.199989

11200-loss_z:0.093605,accu:1.0,loss_recon:0.072827

11200-loss_z:6.077848,accu:0.417722,loss_recon:0.202261

11400-loss_z:0.088148,accu:1.0,loss_recon:0.070531

11400-loss_z:6.210023,accu:0.417722,loss_recon:0.203467

11600-loss_z:0.083525,accu:1.0,loss_recon:0.07276

11600-loss_z:6.28544,accu:0.43038,loss_recon:0.202024

11800-loss_z:0.07963,accu:1.0,loss_recon:0.07081

11800-loss_z:6.433682,accu:0.43038,loss_recon:0.205584

12000-loss_z:0.076287,accu:1.0,loss_recon:0.071457

12000-loss_z:6.532828,accu:0.43038,loss_recon:0.200623

12200-loss_z:0.072366,accu:1.0,loss_recon:0.07069

12200-loss_z:6.652093,accu:0.43038,loss_recon:0.200746

12400-loss_z:0.067714,accu:1.0,loss_recon:0.069009

12400-loss_z:6.79719,accu:0.43038,loss_recon:0.201645

12600-loss_z:0.064131,accu:1.0,loss_recon:0.070654

12600-loss_z:6.946759,accu:0.43038,loss_recon:0.204247

12800-loss_z:0.060902,accu:1.0,loss_recon:0.07052

12800-loss_z:7.033537,accu:0.43038,loss_recon:0.201587

13000-loss_z:0.057412,accu:1.0,loss_recon:0.070048

13000-loss_z:7.121753,accu:0.443038,loss_recon:0.201873

13200-loss_z:0.054184,accu:1.0,loss_recon:0.069306

13200-loss_z:7.23118,accu:0.43038,loss_recon:0.199034

13400-loss_z:0.051855,accu:1.0,loss_recon:0.069298

13400-loss_z:7.352367,accu:0.43038,loss_recon:0.200766

13600-loss_z:0.048693,accu:1.0,loss_recon:0.070238

13600-loss_z:7.476444,accu:0.443038,loss_recon:0.199232

13800-loss_z:0.045432,accu:1.0,loss_recon:0.068482

13800-loss_z:7.515602,accu:0.43038,loss_recon:0.197936

14000-loss_z:0.043206,accu:1.0,loss_recon:0.067991

14000-loss_z:7.619302,accu:0.455696,loss_recon:0.198151

14200-loss_z:0.040295,accu:1.0,loss_recon:0.06874

14200-loss_z:7.729035,accu:0.443038,loss_recon:0.197209

14400-loss_z:0.037806,accu:1.0,loss_recon:0.067561

14400-loss_z:7.819532,accu:0.443038,loss_recon:0.19907

14600-loss_z:0.035414,accu:1.0,loss_recon:0.067433

14600-loss_z:7.888642,accu:0.443038,loss_recon:0.199861

14800-loss_z:0.034107,accu:1.0,loss_recon:0.066727

14800-loss_z:8.034998,accu:0.443038,loss_recon:0.19964

15000-loss_z:0.031493,accu:1.0,loss_recon:0.067333

15000-loss_z:8.120749,accu:0.43038,loss_recon:0.200657

15200-loss_z:0.030222,accu:1.0,loss_recon:0.067468

15200-loss_z:8.245726,accu:0.443038,loss_recon:0.197999

15400-loss_z:0.028164,accu:1.0,loss_recon:0.067871

15400-loss_z:8.325007,accu:0.443038,loss_recon:0.201167

15600-loss_z:0.027113,accu:1.0,loss_recon:0.06754

15600-loss_z:8.405134,accu:0.443038,loss_recon:0.197629

15800-loss_z:0.025047,accu:1.0,loss_recon:0.067312

15800-loss_z:8.538214,accu:0.417722,loss_recon:0.200244

16000-loss_z:0.024139,accu:1.0,loss_recon:0.068286

16000-loss_z:8.662038,accu:0.443038,loss_recon:0.199483

16200-loss_z:0.022361,accu:1.0,loss_recon:0.068111

16200-loss_z:8.844158,accu:0.417722,loss_recon:0.198993

16400-loss_z:0.020951,accu:1.0,loss_recon:0.067683

16400-loss_z:9.019521,accu:0.405063,loss_recon:0.197986

16600-loss_z:0.019637,accu:1.0,loss_recon:0.067052

16600-loss_z:9.127349,accu:0.417722,loss_recon:0.196983

16800-loss_z:0.018373,accu:1.0,loss_recon:0.06671

16800-loss_z:9.362615,accu:0.417722,loss_recon:0.199935

17000-loss_z:0.017708,accu:1.0,loss_recon:0.066458

17000-loss_z:9.594184,accu:0.417722,loss_recon:0.19677

17200-loss_z:0.016181,accu:1.0,loss_recon:0.066548

17200-loss_z:9.799374,accu:0.417722,loss_recon:0.197642

17400-loss_z:0.015255,accu:1.0,loss_recon:0.067298

17400-loss_z:10.00469,accu:0.417722,loss_recon:0.196624

17600-loss_z:0.014522,accu:1.0,loss_recon:0.066009

17600-loss_z:10.197005,accu:0.43038,loss_recon:0.198515

17800-loss_z:0.013294,accu:1.0,loss_recon:0.065948

17800-loss_z:10.408862,accu:0.43038,loss_recon:0.197508

18000-loss_z:0.012594,accu:1.0,loss_recon:0.06574

18000-loss_z:10.624501,accu:0.417722,loss_recon:0.196173

18200-loss_z:0.011721,accu:1.0,loss_recon:0.066414

18200-loss_z:10.903746,accu:0.417722,loss_recon:0.1985

18400-loss_z:0.010912,accu:1.0,loss_recon:0.066257

18400-loss_z:11.065248,accu:0.417722,loss_recon:0.198401

18600-loss_z:0.010415,accu:1.0,loss_recon:0.06577

18600-loss_z:11.268813,accu:0.417722,loss_recon:0.196063

18800-loss_z:0.009752,accu:1.0,loss_recon:0.066075

18800-loss_z:11.527472,accu:0.417722,loss_recon:0.195786

19000-loss_z:0.008997,accu:1.0,loss_recon:0.06621

19000-loss_z:11.762588,accu:0.417722,loss_recon:0.195356

19200-loss_z:0.008541,accu:1.0,loss_recon:0.066277

19200-loss_z:11.988051,accu:0.417722,loss_recon:0.194444

19400-loss_z:0.007622,accu:1.0,loss_recon:0.065582

19400-loss_z:12.250655,accu:0.417722,loss_recon:0.194632

19600-loss_z:0.007325,accu:1.0,loss_recon:0.065112

19600-loss_z:12.494187,accu:0.43038,loss_recon:0.194745

19800-loss_z:0.006799,accu:1.0,loss_recon:0.064063

19800-loss_z:12.750306,accu:0.43038,loss_recon:0.1916

20000-loss_z:0.006379,accu:1.0,loss_recon:0.064459

20000-loss_z:13.045874,accu:0.417722,loss_recon:0.191694

Exp path: /home/xuanjie.liu/Projects/S3Plus/VQ/exp/2025.05.18_10vq_Zc[2]_Zs[0]_edim1_[0-20]_plus1024_1_tripleSet_Fullsymm
{'train_data_path': '/home/xuanjie.liu/Projects/S3Plus/VQ/exp/2025.05.18_10vq_Zc[2]_Zs[0]_edim1_[0-20]_plus1024_1_tripleSet_Fullsymm/../../../dataset/single_style_pairs(0,20)_tripleSet/train', 'single_img_eval_set_path': '/home/xuanjie.liu/Projects/S3Plus/VQ/exp/2025.05.18_10vq_Zc[2]_Zs[0]_edim1_[0-20]_plus1024_1_tripleSet_Fullsymm/../../../dataset/(0,20)-FixedPos-oneStyle', 'plus_eval_set_path': ['/home/xuanjie.liu/Projects/S3Plus/VQ/exp/2025.05.18_10vq_Zc[2]_Zs[0]_edim1_[0-20]_plus1024_1_tripleSet_Fullsymm/../../../dataset/single_style_pairs(0,20)_tripleSet/test_1', '/home/xuanjie.liu/Projects/S3Plus/VQ/exp/2025.05.18_10vq_Zc[2]_Zs[0]_edim1_[0-20]_plus1024_1_tripleSet_Fullsymm/../../../dataset/single_style_pairs(0,20)_tripleSet/test_2'], 'latent_embedding_1': 2, 'latent_embedding_2': 0, 'multi_num_embeddings': None, 'latent_code_2': 0, 'embedding_dim': 1, 'is_plot_zc_value': True, 'embeddings_num': 10, 'is_plot_vis_num': True, 'kld_loss_scalar': 0.0, 'checkpoint_interval': 2000, 'learning_rate': 0.0001, 'scheduler_base_num': 0.99999, 'max_iter_num': 50001, 'model_path': 'curr_model.pt', 'train_result_path': 'TrainingResults/', 'eval_result_path': 'EvalResults/', 'train_record_path': 'Train_record.txt', 'eval_record_path': 'Eval_record.txt', 'plus_accu_record_path': 'plus_eval.txt', 'log_interval': 500, 'eval_interval': 2000, 'is_save_img': True, 'batch_size': 128, 'is_commutative_train': False, 'is_commutative_all': False, 'z_plus_loss_scalar': 0.02, 'commutative_z_loss_scalar': 0.0, 'associative_z_loss_scalar': 0.02, 'plus_mse_scalar': -1, 'plus_recon_loss_scalar': 3, 'min_loss_scalar': 1e-05, 'K': 1024, 'assoc_aug_range': (-3, 3), 'commitment_scalar': 0.0025, 'embedding_scalar': 0.01, 'isVQStyle': False, 'plus_by_embedding': True, 'plus_by_zcode': False, 'VQPlus_eqLoss_scalar': 0.5, 'is_zc_based_assoc': True, 'is_rand_z_assoc': False, 'is_assoc_within_batch': True, 'is_switch_digital': False, 'is_full_symm': True, 'is_assoc': False, 'is_twice_oper': False, 'img_noise': 0.0, 'network_config': {'enc_dec': {'img_channel': 3, 'last_H': 4, 'last_W': 4, 'first_ch_num': 16}, 'enc_fc': {'n_units': 128, 'n_hidden_layers': 2}, 'plus': {'plus_unit': 1024, 'n_hidden_layers': 2}}, 'eval_config': {'pipeline_result_path': 'PIPELINE_EVAL', 'optimal_checkpoint_finding_config': {'optimal_checkpoint_num': 'find_by_keys', 'record_name': 'Train_record.txt', 'keys': ['plus_recon', 'plus_z', 'loss_oper', 'loss_ED'], 'iter_after': 0.1}, 'plus_eval_configs': [{'name': 'eval_set', 'eval_set_path_list': ['/home/xuanjie.liu/Projects/S3Plus/VQ/exp/2025.05.18_10vq_Zc[2]_Zs[0]_edim1_[0-20]_plus1024_1_tripleSet_Fullsymm/../../../dataset/single_style_pairs(0,20)_tripleSet/test_1', '/home/xuanjie.liu/Projects/S3Plus/VQ/exp/2025.05.18_10vq_Zc[2]_Zs[0]_edim1_[0-20]_plus1024_1_tripleSet_Fullsymm/../../../dataset/single_style_pairs(0,20)_tripleSet/test_2'], 'is_blur': False, 'blur_config': {'kernel_size_choices': (5, 7, 9), 'sigma_range': (0.5, 3.0), 'p_no_blur': 0.0}, 'augment_times': 1}], 'emb_matching_rate_configs': [{'name': 'emb_matching_rate', 'eval_set_path_list': ['/home/xuanjie.liu/Projects/S3Plus/VQ/exp/2025.05.18_10vq_Zc[2]_Zs[0]_edim1_[0-20]_plus1024_1_tripleSet_Fullsymm/../../../dataset/(0,20)-FixedPos-oneStyle'], 'is_blur': False, 'blur_config': {'kernel_size_choices': (5, 7, 9), 'sigma_range': (0.5, 3.0), 'p_no_blur': 0.0}, 'augment_times': 1}], 'orderliness_configs': [{'name': 'orderliness', 'img_dir_name': 'orderliness', 'eval_set_path_list': ['/home/xuanjie.liu/Projects/S3Plus/VQ/exp/2025.05.18_10vq_Zc[2]_Zs[0]_edim1_[0-20]_plus1024_1_tripleSet_Fullsymm/../../../dataset/(0,20)-FixedPos-oneStyle'], 'is_blur': False, 'blur_config': {'kernel_size_choices': (5, 7, 9), 'sigma_range': (0.5, 3.0), 'p_no_blur': 0.0}, 'augment_times': 1}], 'interpolate_configs': [{'name': 'train_interpolate', 'eval_set_path_list': ['/home/xuanjie.liu/Projects/S3Plus/VQ/exp/2025.05.18_10vq_Zc[2]_Zs[0]_edim1_[0-20]_plus1024_1_tripleSet_Fullsymm/../../../dataset/single_style_pairs(0,20)_tripleSet/train'], 'is_blur': False, 'blur_config': {'kernel_size_choices': (5, 7, 9), 'sigma_range': (0.5, 3.0), 'p_no_blur': 0.0}, 'augment_times': 1, 'interpolate_num': 1}]}}
[{'task_name': 'minus_16_1.1', 'train_data_path': '/home/xuanjie.liu/Projects/S3Plus/VQ/exp/2025.05.18_10vq_Zc[2]_Zs[0]_edim1_[0-20]_plus1024_1_tripleSet_Fullsymm/../../../dataset/single_style_pairs_minus(0,20)/train', 'eval_data_path': '/home/xuanjie.liu/Projects/S3Plus/VQ/exp/2025.05.18_10vq_Zc[2]_Zs[0]_edim1_[0-20]_plus1024_1_tripleSet_Fullsymm/../../../dataset/single_style_pairs_minus(0,20)/test', 'batch_size': 128, 'train_record_path': 'train_record.txt', 'eval_record_path': 'eval_record.txt', 'pretrained_path': 'checkpoint_40000.pt', 'fc_model_path': 'minus_model.pt', 'max_iter_num': 20001, 'log_interval': 200, 'num_class': 21, 'fc_network_config': {'plus_unit': 16, 'n_hidden_layers': 1}, 'learning_rate': 0.001}]
Sub-Exp path: /home/xuanjie.liu/Projects/S3Plus/VQ/exp/2025.05.18_10vq_Zc[2]_Zs[0]_edim1_[0-20]_plus1024_1_tripleSet_Fullsymm/20
Optimal checkpoint: 48000
Pretrained Model is loaded
Continue training
New FC model is initialized
200-loss_z:2.630593,accu:0.186749,loss_recon:1.49808

200-loss_z:2.643745,accu:0.088608,loss_recon:0.815027

400-loss_z:2.038804,accu:0.273405,loss_recon:0.665444

400-loss_z:2.531231,accu:0.088608,loss_recon:0.646516

600-loss_z:1.773134,accu:0.376908,loss_recon:0.515883

600-loss_z:2.516557,accu:0.189873,loss_recon:0.486608

800-loss_z:1.608679,accu:0.42571,loss_recon:0.399472

800-loss_z:2.523758,accu:0.202532,loss_recon:0.373457

1000-loss_z:1.485306,accu:0.475208,loss_recon:0.326014

1000-loss_z:2.582762,accu:0.227848,loss_recon:0.324863

1200-loss_z:1.376083,accu:0.51043,loss_recon:0.285788

1200-loss_z:2.623027,accu:0.240506,loss_recon:0.304905

1400-loss_z:1.288507,accu:0.547337,loss_recon:0.263912

1400-loss_z:2.710103,accu:0.189873,loss_recon:0.305696

1600-loss_z:1.216361,accu:0.558223,loss_recon:0.249357

1600-loss_z:2.798291,accu:0.164557,loss_recon:0.310094

1800-loss_z:1.154235,accu:0.57388,loss_recon:0.236223

1800-loss_z:2.853925,accu:0.227848,loss_recon:0.301078

2000-loss_z:1.095418,accu:0.594421,loss_recon:0.229378

2000-loss_z:2.955789,accu:0.227848,loss_recon:0.300079

2200-loss_z:1.04858,accu:0.607168,loss_recon:0.222803

2200-loss_z:3.067855,accu:0.202532,loss_recon:0.299963

2400-loss_z:1.00852,accu:0.624089,loss_recon:0.218228

2400-loss_z:3.139398,accu:0.240506,loss_recon:0.295532

2600-loss_z:0.965611,accu:0.644225,loss_recon:0.211992

2600-loss_z:3.281679,accu:0.227848,loss_recon:0.300112

2800-loss_z:0.925662,accu:0.660169,loss_recon:0.210958

2800-loss_z:3.387158,accu:0.21519,loss_recon:0.300456

3000-loss_z:0.891597,accu:0.670384,loss_recon:0.208336

3000-loss_z:3.516916,accu:0.21519,loss_recon:0.306957

3200-loss_z:0.857444,accu:0.701868,loss_recon:0.204716

3200-loss_z:3.596309,accu:0.265823,loss_recon:0.302479

3400-loss_z:0.823457,accu:0.73071,loss_recon:0.201997

3400-loss_z:3.781945,accu:0.265823,loss_recon:0.307314

3600-loss_z:0.790653,accu:0.737813,loss_recon:0.200794

3600-loss_z:3.902313,accu:0.278481,loss_recon:0.299191

3800-loss_z:0.762348,accu:0.753607,loss_recon:0.198631

3800-loss_z:4.029788,accu:0.278481,loss_recon:0.295689

4000-loss_z:0.739682,accu:0.765456,loss_recon:0.197534

4000-loss_z:4.170784,accu:0.240506,loss_recon:0.292275

4200-loss_z:0.708151,accu:0.782656,loss_recon:0.194155

4200-loss_z:4.322591,accu:0.278481,loss_recon:0.301717

4400-loss_z:0.685375,accu:0.786797,loss_recon:0.191428

4400-loss_z:4.476597,accu:0.278481,loss_recon:0.292233

4600-loss_z:0.655257,accu:0.807552,loss_recon:0.191121

4600-loss_z:4.63896,accu:0.291139,loss_recon:0.302273

4800-loss_z:0.63453,accu:0.814948,loss_recon:0.186263

4800-loss_z:4.794705,accu:0.291139,loss_recon:0.300507

5000-loss_z:0.609541,accu:0.839837,loss_recon:0.182586

5000-loss_z:4.958495,accu:0.291139,loss_recon:0.297103

5200-loss_z:0.59266,accu:0.843366,loss_recon:0.176205

5200-loss_z:5.148599,accu:0.265823,loss_recon:0.304097

5400-loss_z:0.57007,accu:0.870098,loss_recon:0.173513

5400-loss_z:5.325796,accu:0.303797,loss_recon:0.305787

5600-loss_z:0.548422,accu:0.86957,loss_recon:0.16996

5600-loss_z:5.52418,accu:0.291139,loss_recon:0.298239

5800-loss_z:0.530558,accu:0.883984,loss_recon:0.170556

5800-loss_z:5.693565,accu:0.291139,loss_recon:0.304615

6000-loss_z:0.507678,accu:0.895462,loss_recon:0.167317

6000-loss_z:5.895651,accu:0.291139,loss_recon:0.306589

6200-loss_z:0.48517,accu:0.91084,loss_recon:0.166092

6200-loss_z:6.110805,accu:0.303797,loss_recon:0.304749

6400-loss_z:0.46887,accu:0.91597,loss_recon:0.164604

6400-loss_z:6.341097,accu:0.278481,loss_recon:0.310996

6600-loss_z:0.450594,accu:0.916341,loss_recon:0.1648

6600-loss_z:6.557654,accu:0.316456,loss_recon:0.313387

6800-loss_z:0.433134,accu:0.918789,loss_recon:0.162978

6800-loss_z:6.768485,accu:0.291139,loss_recon:0.31659

7000-loss_z:0.423703,accu:0.922552,loss_recon:0.16126

7000-loss_z:6.975217,accu:0.329114,loss_recon:0.311462

7200-loss_z:0.407213,accu:0.931771,loss_recon:0.15876

7200-loss_z:7.206756,accu:0.303797,loss_recon:0.305987

7400-loss_z:0.39244,accu:0.933913,loss_recon:0.157913

7400-loss_z:7.443134,accu:0.291139,loss_recon:0.305224

7600-loss_z:0.384723,accu:0.934049,loss_recon:0.158137

7600-loss_z:7.66125,accu:0.303797,loss_recon:0.301819

7800-loss_z:0.369643,accu:0.941087,loss_recon:0.154744

7800-loss_z:7.922325,accu:0.291139,loss_recon:0.3051

8000-loss_z:0.357455,accu:0.942305,loss_recon:0.155254

8000-loss_z:8.163486,accu:0.278481,loss_recon:0.30949

8200-loss_z:0.345404,accu:0.947708,loss_recon:0.152222

8200-loss_z:8.401449,accu:0.316456,loss_recon:0.305656

8400-loss_z:0.336065,accu:0.950033,loss_recon:0.150804

8400-loss_z:8.64472,accu:0.329114,loss_recon:0.301078

8600-loss_z:0.323017,accu:0.948717,loss_recon:0.148836

8600-loss_z:8.849948,accu:0.278481,loss_recon:0.297472

8800-loss_z:0.309883,accu:0.955358,loss_recon:0.149339

8800-loss_z:9.123856,accu:0.291139,loss_recon:0.299142

9000-loss_z:0.299124,accu:0.960996,loss_recon:0.147144

9000-loss_z:9.363817,accu:0.303797,loss_recon:0.297129

9200-loss_z:0.291,accu:0.957533,loss_recon:0.146754

9200-loss_z:9.600471,accu:0.316456,loss_recon:0.301543

9400-loss_z:0.281823,accu:0.962741,loss_recon:0.143487

9400-loss_z:9.912506,accu:0.316456,loss_recon:0.307709

9600-loss_z:0.273082,accu:0.968268,loss_recon:0.142083

9600-loss_z:10.139252,accu:0.303797,loss_recon:0.299125

9800-loss_z:0.261329,accu:0.970677,loss_recon:0.142523

9800-loss_z:10.399685,accu:0.329114,loss_recon:0.295391

10000-loss_z:0.253596,accu:0.971243,loss_recon:0.140846

10000-loss_z:10.708364,accu:0.316456,loss_recon:0.304011

10200-loss_z:0.246465,accu:0.975182,loss_recon:0.13842

10200-loss_z:10.953082,accu:0.316456,loss_recon:0.301686

10400-loss_z:0.238254,accu:0.976758,loss_recon:0.135958

10400-loss_z:11.224546,accu:0.316456,loss_recon:0.296592

10600-loss_z:0.231696,accu:0.978073,loss_recon:0.133585

10600-loss_z:11.502502,accu:0.329114,loss_recon:0.312388

10800-loss_z:0.224285,accu:0.983158,loss_recon:0.133069

10800-loss_z:11.738997,accu:0.329114,loss_recon:0.300469

11000-loss_z:0.217317,accu:0.987174,loss_recon:0.131768

11000-loss_z:11.970255,accu:0.316456,loss_recon:0.31269

11200-loss_z:0.207545,accu:0.986035,loss_recon:0.132845

11200-loss_z:12.224121,accu:0.303797,loss_recon:0.305513

11400-loss_z:0.203928,accu:0.986035,loss_recon:0.128575

11400-loss_z:12.497876,accu:0.303797,loss_recon:0.309037

11600-loss_z:0.198797,accu:0.989395,loss_recon:0.123344

11600-loss_z:12.744309,accu:0.303797,loss_recon:0.316262

11800-loss_z:0.191223,accu:0.991016,loss_recon:0.121438

11800-loss_z:13.042346,accu:0.303797,loss_recon:0.299804

12000-loss_z:0.184968,accu:0.991361,loss_recon:0.11665

12000-loss_z:13.301974,accu:0.291139,loss_recon:0.297628

12200-loss_z:0.177531,accu:0.991699,loss_recon:0.11448

12200-loss_z:13.561346,accu:0.303797,loss_recon:0.293301

12400-loss_z:0.174098,accu:0.991016,loss_recon:0.113372

12400-loss_z:13.851572,accu:0.303797,loss_recon:0.29443

12600-loss_z:0.165771,accu:0.99265,loss_recon:0.112595

12600-loss_z:14.097036,accu:0.303797,loss_recon:0.302794

12800-loss_z:0.163081,accu:0.993737,loss_recon:0.110814

12800-loss_z:14.402949,accu:0.303797,loss_recon:0.313185

13000-loss_z:0.158569,accu:0.994056,loss_recon:0.10965

13000-loss_z:14.660872,accu:0.316456,loss_recon:0.311569

13200-loss_z:0.154154,accu:0.994375,loss_recon:0.108618

13200-loss_z:14.950481,accu:0.303797,loss_recon:0.307071

13400-loss_z:0.148509,accu:0.992956,loss_recon:0.106773

13400-loss_z:15.234499,accu:0.303797,loss_recon:0.310617

13600-loss_z:0.14304,accu:0.994277,loss_recon:0.105448

13600-loss_z:15.509885,accu:0.291139,loss_recon:0.314532

13800-loss_z:0.137903,accu:0.995111,loss_recon:0.106507

13800-loss_z:15.812923,accu:0.303797,loss_recon:0.319527

14000-loss_z:0.134852,accu:0.995208,loss_recon:0.10591

14000-loss_z:16.077827,accu:0.316456,loss_recon:0.321644

14200-loss_z:0.129223,accu:0.994785,loss_recon:0.106636

14200-loss_z:16.359222,accu:0.316456,loss_recon:0.322679

14400-loss_z:0.127588,accu:0.995169,loss_recon:0.10477

14400-loss_z:16.610773,accu:0.278481,loss_recon:0.330993

14600-loss_z:0.122827,accu:0.995033,loss_recon:0.106618

14600-loss_z:16.915098,accu:0.291139,loss_recon:0.33409

14800-loss_z:0.119555,accu:0.996185,loss_recon:0.105022

14800-loss_z:17.151754,accu:0.291139,loss_recon:0.325632

15000-loss_z:0.115748,accu:0.995632,loss_recon:0.104994

15000-loss_z:17.449114,accu:0.291139,loss_recon:0.330752

15200-loss_z:0.114101,accu:0.9964,loss_recon:0.104307

15200-loss_z:17.682981,accu:0.278481,loss_recon:0.320956

15400-loss_z:0.108268,accu:0.995488,loss_recon:0.104646

15400-loss_z:17.971149,accu:0.278481,loss_recon:0.333259

15600-loss_z:0.10651,accu:0.996725,loss_recon:0.104986

15600-loss_z:18.245405,accu:0.278481,loss_recon:0.332974

15800-loss_z:0.103647,accu:0.997559,loss_recon:0.103409

15800-loss_z:18.521858,accu:0.278481,loss_recon:0.325515

16000-loss_z:0.099148,accu:0.998659,loss_recon:0.104256

16000-loss_z:18.784096,accu:0.291139,loss_recon:0.327472

16200-loss_z:0.096651,accu:0.99901,loss_recon:0.10242

16200-loss_z:19.067282,accu:0.265823,loss_recon:0.323081

16400-loss_z:0.09476,accu:0.998822,loss_recon:0.103383

16400-loss_z:19.257202,accu:0.291139,loss_recon:0.333531

16600-loss_z:0.090385,accu:0.999473,loss_recon:0.103155

16600-loss_z:19.527136,accu:0.291139,loss_recon:0.322104

16800-loss_z:0.088501,accu:0.998893,loss_recon:0.103553

16800-loss_z:19.744865,accu:0.265823,loss_recon:0.327992

17000-loss_z:0.085928,accu:0.999115,loss_recon:0.10419

17000-loss_z:19.993559,accu:0.265823,loss_recon:0.332355

17200-loss_z:0.082851,accu:0.998874,loss_recon:0.104054

17200-loss_z:20.217348,accu:0.278481,loss_recon:0.327716

17400-loss_z:0.079989,accu:0.998971,loss_recon:0.104025

17400-loss_z:20.473598,accu:0.278481,loss_recon:0.330219

17600-loss_z:0.078939,accu:0.998717,loss_recon:0.102608

17600-loss_z:20.778841,accu:0.278481,loss_recon:0.331202

17800-loss_z:0.076068,accu:1.0,loss_recon:0.103478

17800-loss_z:21.005693,accu:0.278481,loss_recon:0.327828

18000-loss_z:0.072717,accu:1.0,loss_recon:0.102439

18000-loss_z:21.293896,accu:0.291139,loss_recon:0.326311

18200-loss_z:0.072061,accu:0.99972,loss_recon:0.103542

18200-loss_z:21.546642,accu:0.291139,loss_recon:0.333141

18400-loss_z:0.06974,accu:0.999232,loss_recon:0.102234

18400-loss_z:21.833355,accu:0.291139,loss_recon:0.331057

18600-loss_z:0.067117,accu:1.0,loss_recon:0.102361

18600-loss_z:22.098198,accu:0.291139,loss_recon:0.335905

18800-loss_z:0.064163,accu:1.0,loss_recon:0.102828

18800-loss_z:22.38168,accu:0.303797,loss_recon:0.339808

19000-loss_z:0.062801,accu:0.999896,loss_recon:0.103397

19000-loss_z:22.699865,accu:0.278481,loss_recon:0.341904

19200-loss_z:0.06101,accu:1.0,loss_recon:0.102991

19200-loss_z:22.96291,accu:0.278481,loss_recon:0.333462

19400-loss_z:0.058935,accu:0.999798,loss_recon:0.101107

19400-loss_z:23.2474,accu:0.303797,loss_recon:0.335117

19600-loss_z:0.057595,accu:1.0,loss_recon:0.101698

19600-loss_z:23.548424,accu:0.291139,loss_recon:0.338769

19800-loss_z:0.055029,accu:1.0,loss_recon:0.101661

19800-loss_z:23.846554,accu:0.291139,loss_recon:0.330792

20000-loss_z:0.054332,accu:1.0,loss_recon:0.102827

20000-loss_z:24.155077,accu:0.291139,loss_recon:0.338849

Continue training
New FC model is initialized
200-loss_z:2.683534,accu:0.156308,loss_recon:1.75326

200-loss_z:2.665558,accu:0.101266,loss_recon:0.893033

400-loss_z:2.08078,accu:0.299382,loss_recon:0.694591

400-loss_z:2.55365,accu:0.139241,loss_recon:0.637132

600-loss_z:1.781144,accu:0.366654,loss_recon:0.527745

600-loss_z:2.555743,accu:0.126582,loss_recon:0.515558

800-loss_z:1.58577,accu:0.445905,loss_recon:0.444423

800-loss_z:2.608651,accu:0.151899,loss_recon:0.424517

1000-loss_z:1.441431,accu:0.495723,loss_recon:0.382843

1000-loss_z:2.674271,accu:0.202532,loss_recon:0.357187

1200-loss_z:1.32869,accu:0.543424,loss_recon:0.330876

1200-loss_z:2.747439,accu:0.177215,loss_recon:0.317556

1400-loss_z:1.236896,accu:0.582917,loss_recon:0.299136

1400-loss_z:2.822737,accu:0.240506,loss_recon:0.299593

1600-loss_z:1.164228,accu:0.618184,loss_recon:0.288232

1600-loss_z:2.900867,accu:0.21519,loss_recon:0.291317

1800-loss_z:1.094511,accu:0.6561,loss_recon:0.270797

1800-loss_z:3.004179,accu:0.21519,loss_recon:0.288728

2000-loss_z:1.040152,accu:0.67515,loss_recon:0.259115

2000-loss_z:3.108675,accu:0.177215,loss_recon:0.276423

2200-loss_z:0.990639,accu:0.692676,loss_recon:0.247286

2200-loss_z:3.190672,accu:0.227848,loss_recon:0.269129

2400-loss_z:0.950949,accu:0.703574,loss_recon:0.242594

2400-loss_z:3.311169,accu:0.202532,loss_recon:0.262186

2600-loss_z:0.911097,accu:0.715293,loss_recon:0.233898

2600-loss_z:3.39084,accu:0.21519,loss_recon:0.254119

2800-loss_z:0.871724,accu:0.726237,loss_recon:0.227652

2800-loss_z:3.519979,accu:0.202532,loss_recon:0.24888

3000-loss_z:0.837615,accu:0.745104,loss_recon:0.218013

3000-loss_z:3.650269,accu:0.227848,loss_recon:0.253231

3200-loss_z:0.799603,accu:0.76127,loss_recon:0.215941

3200-loss_z:3.781305,accu:0.227848,loss_recon:0.248585

3400-loss_z:0.775051,accu:0.764336,loss_recon:0.215416

3400-loss_z:3.910961,accu:0.227848,loss_recon:0.244554

3600-loss_z:0.737175,accu:0.78765,loss_recon:0.207842

3600-loss_z:4.0516,accu:0.240506,loss_recon:0.250882

3800-loss_z:0.718321,accu:0.797227,loss_recon:0.207127

3800-loss_z:4.171384,accu:0.240506,loss_recon:0.249854

4000-loss_z:0.692869,accu:0.80291,loss_recon:0.204208

4000-loss_z:4.334619,accu:0.253165,loss_recon:0.251257

4200-loss_z:0.668822,accu:0.80735,loss_recon:0.204419

4200-loss_z:4.455819,accu:0.265823,loss_recon:0.252779

4400-loss_z:0.648043,accu:0.810111,loss_recon:0.202415

4400-loss_z:4.618547,accu:0.253165,loss_recon:0.260158

4600-loss_z:0.62523,accu:0.818132,loss_recon:0.198264

4600-loss_z:4.734763,accu:0.291139,loss_recon:0.25853

4800-loss_z:0.606746,accu:0.825703,loss_recon:0.19631

4800-loss_z:4.89344,accu:0.278481,loss_recon:0.256633

5000-loss_z:0.583904,accu:0.833118,loss_recon:0.196473

5000-loss_z:5.041104,accu:0.278481,loss_recon:0.253745

5200-loss_z:0.566522,accu:0.834714,loss_recon:0.195999

5200-loss_z:5.214609,accu:0.291139,loss_recon:0.260754

5400-loss_z:0.549884,accu:0.838568,loss_recon:0.195063

5400-loss_z:5.368112,accu:0.303797,loss_recon:0.264185

5600-loss_z:0.534135,accu:0.8489,loss_recon:0.192181

5600-loss_z:5.53131,accu:0.316456,loss_recon:0.262683

5800-loss_z:0.51402,accu:0.848737,loss_recon:0.19053

5800-loss_z:5.697824,accu:0.316456,loss_recon:0.262596

6000-loss_z:0.502752,accu:0.853535,loss_recon:0.188484

6000-loss_z:5.858317,accu:0.316456,loss_recon:0.265644

6200-loss_z:0.487638,accu:0.855938,loss_recon:0.186092

6200-loss_z:6.03425,accu:0.329114,loss_recon:0.266406

6400-loss_z:0.473185,accu:0.863216,loss_recon:0.185127

6400-loss_z:6.21238,accu:0.341772,loss_recon:0.265581

6600-loss_z:0.4615,accu:0.865339,loss_recon:0.184311

6600-loss_z:6.386137,accu:0.329114,loss_recon:0.273138

6800-loss_z:0.446763,accu:0.876992,loss_recon:0.182021

6800-loss_z:6.587368,accu:0.341772,loss_recon:0.266905

7000-loss_z:0.435396,accu:0.877578,loss_recon:0.182266

7000-loss_z:6.800112,accu:0.35443,loss_recon:0.263324

7200-loss_z:0.42096,accu:0.884251,loss_recon:0.181642

7200-loss_z:7.000831,accu:0.35443,loss_recon:0.265791

7400-loss_z:0.411642,accu:0.888522,loss_recon:0.183148

7400-loss_z:7.17845,accu:0.367089,loss_recon:0.265756

7600-loss_z:0.394478,accu:0.895879,loss_recon:0.180736

7600-loss_z:7.381644,accu:0.367089,loss_recon:0.2638

7800-loss_z:0.387062,accu:0.903711,loss_recon:0.179609

7800-loss_z:7.583805,accu:0.341772,loss_recon:0.268446

8000-loss_z:0.376158,accu:0.909805,loss_recon:0.179428

8000-loss_z:7.79686,accu:0.341772,loss_recon:0.276696

8200-loss_z:0.366186,accu:0.920671,loss_recon:0.178486

8200-loss_z:8.019922,accu:0.341772,loss_recon:0.262768

8400-loss_z:0.354842,accu:0.918828,loss_recon:0.176344

8400-loss_z:8.213402,accu:0.35443,loss_recon:0.268039

8600-loss_z:0.346682,accu:0.920684,loss_recon:0.175376

8600-loss_z:8.407961,accu:0.341772,loss_recon:0.269986

8800-loss_z:0.334772,accu:0.929212,loss_recon:0.174173

8800-loss_z:8.619342,accu:0.341772,loss_recon:0.270081

9000-loss_z:0.325712,accu:0.9325,loss_recon:0.175943

9000-loss_z:8.812946,accu:0.367089,loss_recon:0.270963

9200-loss_z:0.317221,accu:0.934896,loss_recon:0.173593

9200-loss_z:9.035756,accu:0.35443,loss_recon:0.270392

9400-loss_z:0.309578,accu:0.933607,loss_recon:0.174402

9400-loss_z:9.24802,accu:0.367089,loss_recon:0.27613

9600-loss_z:0.304752,accu:0.932617,loss_recon:0.17432

9600-loss_z:9.481045,accu:0.35443,loss_recon:0.280429

9800-loss_z:0.292463,accu:0.939154,loss_recon:0.170583

9800-loss_z:9.686869,accu:0.367089,loss_recon:0.276179

10000-loss_z:0.286708,accu:0.937201,loss_recon:0.171453

10000-loss_z:9.869534,accu:0.367089,loss_recon:0.27713

10200-loss_z:0.280165,accu:0.942852,loss_recon:0.171009

10200-loss_z:10.0476,accu:0.367089,loss_recon:0.282476

10400-loss_z:0.271994,accu:0.945775,loss_recon:0.171203

10400-loss_z:10.2839,accu:0.405063,loss_recon:0.279732

10600-loss_z:0.268069,accu:0.946172,loss_recon:0.170987

10600-loss_z:10.460656,accu:0.379747,loss_recon:0.286329

10800-loss_z:0.259007,accu:0.941172,loss_recon:0.17082

10800-loss_z:10.693778,accu:0.379747,loss_recon:0.284197

11000-loss_z:0.25377,accu:0.945332,loss_recon:0.169704

11000-loss_z:10.887535,accu:0.392405,loss_recon:0.285289

11200-loss_z:0.243549,accu:0.947324,loss_recon:0.168063

11200-loss_z:11.095914,accu:0.405063,loss_recon:0.283223

11400-loss_z:0.2369,accu:0.952682,loss_recon:0.169151

11400-loss_z:11.287759,accu:0.405063,loss_recon:0.290616

11600-loss_z:0.234875,accu:0.950397,loss_recon:0.170092

11600-loss_z:11.526662,accu:0.405063,loss_recon:0.282439

11800-loss_z:0.226092,accu:0.948971,loss_recon:0.168833

11800-loss_z:11.714562,accu:0.405063,loss_recon:0.290135

12000-loss_z:0.221242,accu:0.955957,loss_recon:0.167832

12000-loss_z:11.919963,accu:0.392405,loss_recon:0.288448

12200-loss_z:0.217634,accu:0.951667,loss_recon:0.165328

12200-loss_z:12.14647,accu:0.405063,loss_recon:0.284428

12400-loss_z:0.209428,accu:0.954974,loss_recon:0.164675

12400-loss_z:12.340839,accu:0.405063,loss_recon:0.283903

12600-loss_z:0.206509,accu:0.953535,loss_recon:0.164068

12600-loss_z:12.545876,accu:0.392405,loss_recon:0.279125

12800-loss_z:0.198771,accu:0.953737,loss_recon:0.164387

12800-loss_z:12.858832,accu:0.379747,loss_recon:0.276124

13000-loss_z:0.195238,accu:0.955365,loss_recon:0.161391

13000-loss_z:13.174687,accu:0.392405,loss_recon:0.282628

13200-loss_z:0.189076,accu:0.957188,loss_recon:0.161461

13200-loss_z:13.435751,accu:0.405063,loss_recon:0.288795

13400-loss_z:0.186862,accu:0.952305,loss_recon:0.160931

13400-loss_z:13.674683,accu:0.379747,loss_recon:0.283746

13600-loss_z:0.182171,accu:0.959714,loss_recon:0.160716

13600-loss_z:14.00709,accu:0.392405,loss_recon:0.292692

13800-loss_z:0.176968,accu:0.958815,loss_recon:0.161084

13800-loss_z:14.261933,accu:0.392405,loss_recon:0.291729

14000-loss_z:0.172061,accu:0.963021,loss_recon:0.158791

14000-loss_z:14.53746,accu:0.392405,loss_recon:0.289742

14200-loss_z:0.167137,accu:0.961712,loss_recon:0.158926

14200-loss_z:14.860521,accu:0.379747,loss_recon:0.291148

14400-loss_z:0.161301,accu:0.966654,loss_recon:0.158183

14400-loss_z:15.122954,accu:0.379747,loss_recon:0.299041

14600-loss_z:0.156645,accu:0.963665,loss_recon:0.158944

14600-loss_z:15.404526,accu:0.379747,loss_recon:0.303018

14800-loss_z:0.152316,accu:0.969486,loss_recon:0.158778

14800-loss_z:15.725574,accu:0.379747,loss_recon:0.294868

15000-loss_z:0.151092,accu:0.966309,loss_recon:0.15643

15000-loss_z:16.001989,accu:0.379747,loss_recon:0.295217

15200-loss_z:0.147369,accu:0.960827,loss_recon:0.156308

15200-loss_z:16.361401,accu:0.379747,loss_recon:0.288024

15400-loss_z:0.145346,accu:0.962083,loss_recon:0.157363

15400-loss_z:16.538548,accu:0.367089,loss_recon:0.295677

15600-loss_z:0.138566,accu:0.967708,loss_recon:0.155841

15600-loss_z:16.904255,accu:0.379747,loss_recon:0.293046

15800-loss_z:0.135431,accu:0.969577,loss_recon:0.155711

15800-loss_z:17.244028,accu:0.367089,loss_recon:0.294419

16000-loss_z:0.133014,accu:0.970872,loss_recon:0.15716

16000-loss_z:17.531206,accu:0.379747,loss_recon:0.300033

16200-loss_z:0.128486,accu:0.97015,loss_recon:0.158287

16200-loss_z:17.882799,accu:0.379747,loss_recon:0.299831

16400-loss_z:0.124624,accu:0.97099,loss_recon:0.155053

16400-loss_z:18.165197,accu:0.379747,loss_recon:0.299413

16600-loss_z:0.121313,accu:0.975176,loss_recon:0.155431

16600-loss_z:18.516794,accu:0.379747,loss_recon:0.298125

16800-loss_z:0.118391,accu:0.979883,loss_recon:0.158187

16800-loss_z:18.858294,accu:0.367089,loss_recon:0.299292

17000-loss_z:0.117066,accu:0.977904,loss_recon:0.156534

17000-loss_z:19.143053,accu:0.367089,loss_recon:0.296472

17200-loss_z:0.113307,accu:0.980052,loss_recon:0.157433

17200-loss_z:19.39221,accu:0.367089,loss_recon:0.297022

17400-loss_z:0.111386,accu:0.978958,loss_recon:0.157071

17400-loss_z:19.682573,accu:0.379747,loss_recon:0.295472

17600-loss_z:0.106059,accu:0.980495,loss_recon:0.15613

17600-loss_z:20.021717,accu:0.367089,loss_recon:0.306308

17800-loss_z:0.104297,accu:0.980977,loss_recon:0.156871

17800-loss_z:20.362743,accu:0.367089,loss_recon:0.306779

18000-loss_z:0.104019,accu:0.980397,loss_recon:0.155764

18000-loss_z:20.665125,accu:0.35443,loss_recon:0.302603

18200-loss_z:0.100065,accu:0.981439,loss_recon:0.1548

18200-loss_z:21.003561,accu:0.35443,loss_recon:0.302939

18400-loss_z:0.095876,accu:0.981374,loss_recon:0.154191

18400-loss_z:21.348568,accu:0.341772,loss_recon:0.306748

18600-loss_z:0.094418,accu:0.984401,loss_recon:0.155411

18600-loss_z:21.581625,accu:0.329114,loss_recon:0.305563

18800-loss_z:0.091768,accu:0.98278,loss_recon:0.154041

18800-loss_z:21.901518,accu:0.329114,loss_recon:0.302944

19000-loss_z:0.089305,accu:0.984505,loss_recon:0.155534

19000-loss_z:22.196325,accu:0.316456,loss_recon:0.29788

19200-loss_z:0.087427,accu:0.985469,loss_recon:0.154535

19200-loss_z:22.468176,accu:0.329114,loss_recon:0.305065

19400-loss_z:0.085282,accu:0.984993,loss_recon:0.154195

19400-loss_z:22.678961,accu:0.329114,loss_recon:0.30356

19600-loss_z:0.081074,accu:0.985677,loss_recon:0.153807

19600-loss_z:22.940184,accu:0.329114,loss_recon:0.307891

19800-loss_z:0.080615,accu:0.983757,loss_recon:0.154125

19800-loss_z:23.260744,accu:0.329114,loss_recon:0.302242

20000-loss_z:0.077089,accu:0.987435,loss_recon:0.155476

20000-loss_z:23.478907,accu:0.35443,loss_recon:0.311224

Continue training
New FC model is initialized
200-loss_z:2.659588,accu:0.168461,loss_recon:1.376591

200-loss_z:2.538823,accu:0.101266,loss_recon:0.710836

400-loss_z:2.058712,accu:0.305996,loss_recon:0.565112

400-loss_z:2.347893,accu:0.101266,loss_recon:0.493632

600-loss_z:1.775735,accu:0.390293,loss_recon:0.422327

600-loss_z:2.26283,accu:0.189873,loss_recon:0.397892

800-loss_z:1.575492,accu:0.460768,loss_recon:0.36733

800-loss_z:2.242992,accu:0.240506,loss_recon:0.351463

1000-loss_z:1.422045,accu:0.514622,loss_recon:0.336205

1000-loss_z:2.251629,accu:0.21519,loss_recon:0.324015

1200-loss_z:1.298278,accu:0.575365,loss_recon:0.312833

1200-loss_z:2.273646,accu:0.240506,loss_recon:0.302691

1400-loss_z:1.201365,accu:0.618503,loss_recon:0.291346

1400-loss_z:2.272751,accu:0.240506,loss_recon:0.288781

1600-loss_z:1.110589,accu:0.648353,loss_recon:0.275601

1600-loss_z:2.292855,accu:0.202532,loss_recon:0.281617

1800-loss_z:1.03667,accu:0.673216,loss_recon:0.265638

1800-loss_z:2.333602,accu:0.21519,loss_recon:0.275631

2000-loss_z:0.969664,accu:0.687253,loss_recon:0.247991

2000-loss_z:2.393724,accu:0.265823,loss_recon:0.26271

2200-loss_z:0.91577,accu:0.710814,loss_recon:0.236306

2200-loss_z:2.44446,accu:0.253165,loss_recon:0.260996

2400-loss_z:0.863046,accu:0.73181,loss_recon:0.227717

2400-loss_z:2.532044,accu:0.291139,loss_recon:0.262956

2600-loss_z:0.817005,accu:0.757214,loss_recon:0.213957

2600-loss_z:2.633441,accu:0.240506,loss_recon:0.254162

2800-loss_z:0.776483,accu:0.780488,loss_recon:0.205225

2800-loss_z:2.74316,accu:0.291139,loss_recon:0.249004

3000-loss_z:0.736106,accu:0.799557,loss_recon:0.197293

3000-loss_z:2.865223,accu:0.278481,loss_recon:0.248324

3200-loss_z:0.698802,accu:0.815352,loss_recon:0.189578

3200-loss_z:3.002369,accu:0.303797,loss_recon:0.254371

3400-loss_z:0.670488,accu:0.821022,loss_recon:0.184849

3400-loss_z:3.120079,accu:0.303797,loss_recon:0.257506

3600-loss_z:0.634199,accu:0.849447,loss_recon:0.179748

3600-loss_z:3.258631,accu:0.303797,loss_recon:0.259267

3800-loss_z:0.607866,accu:0.852448,loss_recon:0.171662

3800-loss_z:3.413849,accu:0.291139,loss_recon:0.254511

4000-loss_z:0.580327,accu:0.875189,loss_recon:0.168284

4000-loss_z:3.558071,accu:0.278481,loss_recon:0.2614

4200-loss_z:0.550913,accu:0.88944,loss_recon:0.165787

4200-loss_z:3.752024,accu:0.303797,loss_recon:0.262711

4400-loss_z:0.530162,accu:0.896934,loss_recon:0.164441

4400-loss_z:3.919352,accu:0.278481,loss_recon:0.269689

4600-loss_z:0.507144,accu:0.907689,loss_recon:0.163153

4600-loss_z:4.124417,accu:0.291139,loss_recon:0.274447

4800-loss_z:0.484105,accu:0.919095,loss_recon:0.157319

4800-loss_z:4.304114,accu:0.341772,loss_recon:0.261339

5000-loss_z:0.463945,accu:0.917845,loss_recon:0.156926

5000-loss_z:4.50878,accu:0.278481,loss_recon:0.273614

5200-loss_z:0.441368,accu:0.92791,loss_recon:0.156686

5200-loss_z:4.743128,accu:0.291139,loss_recon:0.265553

5400-loss_z:0.4266,accu:0.928652,loss_recon:0.155013

5400-loss_z:4.981145,accu:0.291139,loss_recon:0.268947

5600-loss_z:0.409659,accu:0.928001,loss_recon:0.151064

5600-loss_z:5.183471,accu:0.303797,loss_recon:0.26751

5800-loss_z:0.39258,accu:0.929115,loss_recon:0.150905

5800-loss_z:5.429496,accu:0.291139,loss_recon:0.272822

6000-loss_z:0.379394,accu:0.93248,loss_recon:0.15175

6000-loss_z:5.701353,accu:0.291139,loss_recon:0.272754

6200-loss_z:0.360302,accu:0.938757,loss_recon:0.152027

6200-loss_z:5.954597,accu:0.329114,loss_recon:0.264076

6400-loss_z:0.349999,accu:0.941797,loss_recon:0.148801

6400-loss_z:6.191432,accu:0.316456,loss_recon:0.271943

6600-loss_z:0.337821,accu:0.939102,loss_recon:0.14916

6600-loss_z:6.49658,accu:0.316456,loss_recon:0.271465

6800-loss_z:0.324771,accu:0.947578,loss_recon:0.146521

6800-loss_z:6.777018,accu:0.291139,loss_recon:0.287174

7000-loss_z:0.311064,accu:0.948542,loss_recon:0.148374

7000-loss_z:7.05577,accu:0.303797,loss_recon:0.277192

7200-loss_z:0.30093,accu:0.951009,loss_recon:0.145235

7200-loss_z:7.36921,accu:0.341772,loss_recon:0.275713

7400-loss_z:0.290574,accu:0.949154,loss_recon:0.143952

7400-loss_z:7.651453,accu:0.303797,loss_recon:0.279992

7600-loss_z:0.279481,accu:0.961432,loss_recon:0.145063

7600-loss_z:7.916325,accu:0.303797,loss_recon:0.278254

7800-loss_z:0.271373,accu:0.955579,loss_recon:0.142397

7800-loss_z:8.229364,accu:0.341772,loss_recon:0.274915

8000-loss_z:0.259687,accu:0.958607,loss_recon:0.141664

8000-loss_z:8.553498,accu:0.341772,loss_recon:0.275983

8200-loss_z:0.252254,accu:0.963092,loss_recon:0.142409

8200-loss_z:8.884924,accu:0.35443,loss_recon:0.284581

8400-loss_z:0.241527,accu:0.965293,loss_recon:0.143468

8400-loss_z:9.220372,accu:0.329114,loss_recon:0.273273

8600-loss_z:0.231384,accu:0.968958,loss_recon:0.140442

8600-loss_z:9.538065,accu:0.341772,loss_recon:0.276105

8800-loss_z:0.225422,accu:0.967969,loss_recon:0.140736

8800-loss_z:9.820002,accu:0.291139,loss_recon:0.274388

9000-loss_z:0.219166,accu:0.970801,loss_recon:0.139261

9000-loss_z:10.136534,accu:0.316456,loss_recon:0.286532

9200-loss_z:0.212205,accu:0.968314,loss_recon:0.139303

9200-loss_z:10.495926,accu:0.367089,loss_recon:0.282119

9400-loss_z:0.203695,accu:0.967428,loss_recon:0.13948

9400-loss_z:10.814816,accu:0.379747,loss_recon:0.278965

9600-loss_z:0.197392,accu:0.971823,loss_recon:0.138776

9600-loss_z:11.192654,accu:0.35443,loss_recon:0.272835

9800-loss_z:0.189487,accu:0.974147,loss_recon:0.138062

9800-loss_z:11.579563,accu:0.392405,loss_recon:0.288578

10000-loss_z:0.187454,accu:0.978047,loss_recon:0.136357

10000-loss_z:11.956696,accu:0.329114,loss_recon:0.282037

10200-loss_z:0.179303,accu:0.980547,loss_recon:0.138104

10200-loss_z:12.303059,accu:0.379747,loss_recon:0.27958

10400-loss_z:0.173814,accu:0.978698,loss_recon:0.137556

10400-loss_z:12.609158,accu:0.367089,loss_recon:0.284171

10600-loss_z:0.167412,accu:0.979635,loss_recon:0.134024

10600-loss_z:13.014464,accu:0.35443,loss_recon:0.277566

10800-loss_z:0.1625,accu:0.983197,loss_recon:0.13732

10800-loss_z:13.390291,accu:0.379747,loss_recon:0.278771

11000-loss_z:0.15644,accu:0.981589,loss_recon:0.135323

11000-loss_z:13.808663,accu:0.35443,loss_recon:0.277339

11200-loss_z:0.150898,accu:0.984017,loss_recon:0.133223

11200-loss_z:14.187933,accu:0.367089,loss_recon:0.282709

11400-loss_z:0.14825,accu:0.983516,loss_recon:0.135184

11400-loss_z:14.53329,accu:0.35443,loss_recon:0.283252

11600-loss_z:0.14399,accu:0.986868,loss_recon:0.135518

11600-loss_z:14.939201,accu:0.367089,loss_recon:0.283108

11800-loss_z:0.138254,accu:0.983906,loss_recon:0.134485

11800-loss_z:15.319509,accu:0.35443,loss_recon:0.276919

12000-loss_z:0.132383,accu:0.986068,loss_recon:0.133033

12000-loss_z:15.712789,accu:0.392405,loss_recon:0.282475

12200-loss_z:0.127332,accu:0.986048,loss_recon:0.13242

12200-loss_z:16.137474,accu:0.379747,loss_recon:0.28578

12400-loss_z:0.124849,accu:0.988158,loss_recon:0.13118

12400-loss_z:16.544497,accu:0.367089,loss_recon:0.297187

12600-loss_z:0.11862,accu:0.987845,loss_recon:0.132832

12600-loss_z:16.923124,accu:0.379747,loss_recon:0.292052

12800-loss_z:0.11584,accu:0.987376,loss_recon:0.133528

12800-loss_z:17.330864,accu:0.367089,loss_recon:0.286855

13000-loss_z:0.113054,accu:0.98888,loss_recon:0.132055

13000-loss_z:17.71003,accu:0.379747,loss_recon:0.287588

13200-loss_z:0.10968,accu:0.990072,loss_recon:0.131219

13200-loss_z:18.119453,accu:0.392405,loss_recon:0.292187

13400-loss_z:0.107363,accu:0.989193,loss_recon:0.130193

13400-loss_z:18.520416,accu:0.35443,loss_recon:0.289467

13600-loss_z:0.102542,accu:0.989753,loss_recon:0.132712

13600-loss_z:18.938251,accu:0.392405,loss_recon:0.287003

13800-loss_z:0.101185,accu:0.991374,loss_recon:0.131063

13800-loss_z:19.359705,accu:0.35443,loss_recon:0.292004

14000-loss_z:0.096284,accu:0.989896,loss_recon:0.132847

14000-loss_z:19.73728,accu:0.379747,loss_recon:0.289372

14200-loss_z:0.093823,accu:0.992721,loss_recon:0.130048

14200-loss_z:20.153471,accu:0.367089,loss_recon:0.285068

14400-loss_z:0.089579,accu:0.992292,loss_recon:0.133526

14400-loss_z:20.603197,accu:0.367089,loss_recon:0.297784

14600-loss_z:0.088627,accu:0.992643,loss_recon:0.131511

14600-loss_z:20.970137,accu:0.367089,loss_recon:0.292922

14800-loss_z:0.084876,accu:0.994518,loss_recon:0.129982

14800-loss_z:21.428841,accu:0.379747,loss_recon:0.301293

15000-loss_z:0.083105,accu:0.996829,loss_recon:0.13109

15000-loss_z:21.770315,accu:0.329114,loss_recon:0.280645

15200-loss_z:0.078943,accu:0.998164,loss_recon:0.130269

15200-loss_z:22.185326,accu:0.329114,loss_recon:0.281452

15400-loss_z:0.076875,accu:0.996582,loss_recon:0.129185

15400-loss_z:22.516499,accu:0.35443,loss_recon:0.290323

15600-loss_z:0.074004,accu:0.996934,loss_recon:0.13033

15600-loss_z:22.927263,accu:0.341772,loss_recon:0.295028

15800-loss_z:0.073359,accu:0.996953,loss_recon:0.128522

15800-loss_z:23.349508,accu:0.341772,loss_recon:0.306006

16000-loss_z:0.069529,accu:0.997767,loss_recon:0.129416

16000-loss_z:23.820795,accu:0.341772,loss_recon:0.287343

16200-loss_z:0.067499,accu:0.999232,loss_recon:0.131155

16200-loss_z:24.201355,accu:0.341772,loss_recon:0.292796

16400-loss_z:0.065277,accu:0.999277,loss_recon:0.130536

16400-loss_z:24.573471,accu:0.341772,loss_recon:0.298373

16600-loss_z:0.062421,accu:0.999596,loss_recon:0.128861

16600-loss_z:24.999645,accu:0.341772,loss_recon:0.29668

16800-loss_z:0.060567,accu:0.999557,loss_recon:0.128355

16800-loss_z:25.417171,accu:0.35443,loss_recon:0.292978

17000-loss_z:0.058114,accu:0.999779,loss_recon:0.127176

17000-loss_z:25.844927,accu:0.341772,loss_recon:0.298935

17200-loss_z:0.057348,accu:1.0,loss_recon:0.126896

17200-loss_z:26.23011,accu:0.341772,loss_recon:0.300856

17400-loss_z:0.054832,accu:1.0,loss_recon:0.128117

17400-loss_z:26.613377,accu:0.329114,loss_recon:0.293905

17600-loss_z:0.052119,accu:0.999902,loss_recon:0.1276

17600-loss_z:27.004295,accu:0.329114,loss_recon:0.299409

17800-loss_z:0.050785,accu:1.0,loss_recon:0.127061

17800-loss_z:27.36342,accu:0.329114,loss_recon:0.30183

18000-loss_z:0.049193,accu:1.0,loss_recon:0.127922

18000-loss_z:27.768579,accu:0.329114,loss_recon:0.296782

18200-loss_z:0.046863,accu:1.0,loss_recon:0.1261

18200-loss_z:28.148237,accu:0.329114,loss_recon:0.290314

18400-loss_z:0.046974,accu:1.0,loss_recon:0.124762

18400-loss_z:28.550827,accu:0.329114,loss_recon:0.301769

18600-loss_z:0.043789,accu:1.0,loss_recon:0.126291

18600-loss_z:28.919025,accu:0.341772,loss_recon:0.300351

18800-loss_z:0.042222,accu:1.0,loss_recon:0.1257

18800-loss_z:29.352913,accu:0.341772,loss_recon:0.313162

19000-loss_z:0.040819,accu:1.0,loss_recon:0.123683

19000-loss_z:29.709532,accu:0.341772,loss_recon:0.30775

19200-loss_z:0.03907,accu:1.0,loss_recon:0.125697

19200-loss_z:30.095842,accu:0.329114,loss_recon:0.307416

19400-loss_z:0.038604,accu:1.0,loss_recon:0.122616

19400-loss_z:30.461805,accu:0.329114,loss_recon:0.302298

19600-loss_z:0.037416,accu:1.0,loss_recon:0.123207

19600-loss_z:30.849869,accu:0.35443,loss_recon:0.300754

19800-loss_z:0.035089,accu:1.0,loss_recon:0.123368

19800-loss_z:31.283722,accu:0.35443,loss_recon:0.317384

20000-loss_z:0.035047,accu:1.0,loss_recon:0.121787

20000-loss_z:31.634064,accu:0.35443,loss_recon:0.318442

Continue training
New FC model is initialized
200-loss_z:2.673401,accu:0.148327,loss_recon:1.380054

200-loss_z:2.599031,accu:0.063291,loss_recon:0.82895

400-loss_z:2.067965,accu:0.274206,loss_recon:0.666118

400-loss_z:2.429923,accu:0.088608,loss_recon:0.615087

600-loss_z:1.805473,accu:0.335697,loss_recon:0.505119

600-loss_z:2.381883,accu:0.151899,loss_recon:0.496355

800-loss_z:1.635126,accu:0.394349,loss_recon:0.420544

800-loss_z:2.41292,accu:0.189873,loss_recon:0.41356

1000-loss_z:1.517077,accu:0.436035,loss_recon:0.352741

1000-loss_z:2.422153,accu:0.227848,loss_recon:0.346674

1200-loss_z:1.412199,accu:0.470137,loss_recon:0.296749

1200-loss_z:2.421559,accu:0.21519,loss_recon:0.302375

1400-loss_z:1.327486,accu:0.501816,loss_recon:0.268959

1400-loss_z:2.426854,accu:0.253165,loss_recon:0.28728

1600-loss_z:1.251525,accu:0.53459,loss_recon:0.251932

1600-loss_z:2.478754,accu:0.265823,loss_recon:0.278359

1800-loss_z:1.185875,accu:0.549785,loss_recon:0.238533

1800-loss_z:2.549248,accu:0.253165,loss_recon:0.277709

2000-loss_z:1.119577,accu:0.58237,loss_recon:0.224183

2000-loss_z:2.613782,accu:0.265823,loss_recon:0.272209

2200-loss_z:1.067949,accu:0.595866,loss_recon:0.21793

2200-loss_z:2.699309,accu:0.278481,loss_recon:0.277825

2400-loss_z:1.012476,accu:0.615241,loss_recon:0.20742

2400-loss_z:2.762087,accu:0.278481,loss_recon:0.273788

2600-loss_z:0.957264,accu:0.648112,loss_recon:0.199021

2600-loss_z:2.859536,accu:0.265823,loss_recon:0.27465

2800-loss_z:0.917782,accu:0.652435,loss_recon:0.194719

2800-loss_z:2.973838,accu:0.303797,loss_recon:0.274906

3000-loss_z:0.878611,accu:0.686589,loss_recon:0.186737

3000-loss_z:3.108511,accu:0.278481,loss_recon:0.278616

3200-loss_z:0.838282,accu:0.705332,loss_recon:0.182531

3200-loss_z:3.265258,accu:0.291139,loss_recon:0.288454

3400-loss_z:0.794756,accu:0.725195,loss_recon:0.183031

3400-loss_z:3.41646,accu:0.278481,loss_recon:0.279872

3600-loss_z:0.768374,accu:0.738542,loss_recon:0.179444

3600-loss_z:3.616545,accu:0.291139,loss_recon:0.283926

3800-loss_z:0.732502,accu:0.775443,loss_recon:0.179329

3800-loss_z:3.777633,accu:0.278481,loss_recon:0.285321

4000-loss_z:0.705064,accu:0.791992,loss_recon:0.174641

4000-loss_z:3.986346,accu:0.316456,loss_recon:0.280836

4200-loss_z:0.679473,accu:0.804831,loss_recon:0.175068

4200-loss_z:4.209457,accu:0.265823,loss_recon:0.278592

4400-loss_z:0.656056,accu:0.820299,loss_recon:0.172296

4400-loss_z:4.42574,accu:0.291139,loss_recon:0.288578

4600-loss_z:0.627005,accu:0.83515,loss_recon:0.170535

4600-loss_z:4.664863,accu:0.303797,loss_recon:0.288757

4800-loss_z:0.60866,accu:0.847572,loss_recon:0.168532

4800-loss_z:4.876433,accu:0.316456,loss_recon:0.277833

5000-loss_z:0.581806,accu:0.860202,loss_recon:0.168486

5000-loss_z:5.086559,accu:0.367089,loss_recon:0.287837

5200-loss_z:0.565717,accu:0.861758,loss_recon:0.167719

5200-loss_z:5.336978,accu:0.303797,loss_recon:0.283196

5400-loss_z:0.542872,accu:0.875612,loss_recon:0.167416

5400-loss_z:5.55407,accu:0.303797,loss_recon:0.295586

5600-loss_z:0.526921,accu:0.873932,loss_recon:0.167038

5600-loss_z:5.808953,accu:0.341772,loss_recon:0.28059

5800-loss_z:0.511916,accu:0.882005,loss_recon:0.165692

5800-loss_z:6.069792,accu:0.291139,loss_recon:0.295202

6000-loss_z:0.492704,accu:0.891276,loss_recon:0.165042

6000-loss_z:6.307546,accu:0.35443,loss_recon:0.283221

6200-loss_z:0.480289,accu:0.892845,loss_recon:0.164374

6200-loss_z:6.553132,accu:0.379747,loss_recon:0.286872

6400-loss_z:0.468627,accu:0.897194,loss_recon:0.165478

6400-loss_z:6.80564,accu:0.367089,loss_recon:0.300669

6600-loss_z:0.447804,accu:0.905573,loss_recon:0.165649

6600-loss_z:7.102959,accu:0.341772,loss_recon:0.296601

6800-loss_z:0.440865,accu:0.907591,loss_recon:0.161561

6800-loss_z:7.341098,accu:0.379747,loss_recon:0.287866

7000-loss_z:0.421461,accu:0.922715,loss_recon:0.163396

7000-loss_z:7.635942,accu:0.417722,loss_recon:0.294931

7200-loss_z:0.412566,accu:0.923503,loss_recon:0.164381

7200-loss_z:7.894131,accu:0.35443,loss_recon:0.295567

7400-loss_z:0.399492,accu:0.927936,loss_recon:0.164936

7400-loss_z:8.179536,accu:0.379747,loss_recon:0.296233

7600-loss_z:0.387048,accu:0.932324,loss_recon:0.162729

7600-loss_z:8.474648,accu:0.35443,loss_recon:0.294205

7800-loss_z:0.376591,accu:0.935898,loss_recon:0.163246

7800-loss_z:8.751926,accu:0.367089,loss_recon:0.300734

8000-loss_z:0.368441,accu:0.937109,loss_recon:0.163101

8000-loss_z:9.040047,accu:0.367089,loss_recon:0.304247

8200-loss_z:0.356595,accu:0.941901,loss_recon:0.163377

8200-loss_z:9.33458,accu:0.379747,loss_recon:0.300347

8400-loss_z:0.345542,accu:0.944427,loss_recon:0.160585

8400-loss_z:9.667362,accu:0.405063,loss_recon:0.292137

8600-loss_z:0.33808,accu:0.944473,loss_recon:0.159875

8600-loss_z:9.931927,accu:0.367089,loss_recon:0.293819

8800-loss_z:0.327931,accu:0.948262,loss_recon:0.160795

8800-loss_z:10.245646,accu:0.392405,loss_recon:0.298133

9000-loss_z:0.31961,accu:0.954395,loss_recon:0.159282

9000-loss_z:10.522938,accu:0.379747,loss_recon:0.290443

9200-loss_z:0.311162,accu:0.954889,loss_recon:0.162559

9200-loss_z:10.839807,accu:0.417722,loss_recon:0.29527

9400-loss_z:0.301387,accu:0.956419,loss_recon:0.159951

9400-loss_z:11.129913,accu:0.35443,loss_recon:0.301618

9600-loss_z:0.294845,accu:0.957305,loss_recon:0.159621

9600-loss_z:11.424024,accu:0.35443,loss_recon:0.299103

9800-loss_z:0.286828,accu:0.959212,loss_recon:0.162015

9800-loss_z:11.70807,accu:0.392405,loss_recon:0.304139

10000-loss_z:0.278196,accu:0.962142,loss_recon:0.162047

10000-loss_z:12.067296,accu:0.35443,loss_recon:0.301537

10200-loss_z:0.271415,accu:0.964421,loss_recon:0.158999

10200-loss_z:12.380114,accu:0.367089,loss_recon:0.30208

10400-loss_z:0.262015,accu:0.964089,loss_recon:0.160166

10400-loss_z:12.661806,accu:0.392405,loss_recon:0.303562

10600-loss_z:0.256354,accu:0.964883,loss_recon:0.159245

10600-loss_z:13.02054,accu:0.405063,loss_recon:0.306028

10800-loss_z:0.245536,accu:0.967415,loss_recon:0.155666

10800-loss_z:13.265976,accu:0.405063,loss_recon:0.29065

11000-loss_z:0.240714,accu:0.969186,loss_recon:0.156274

11000-loss_z:13.560457,accu:0.392405,loss_recon:0.29874

11200-loss_z:0.233035,accu:0.970124,loss_recon:0.155636

11200-loss_z:13.857627,accu:0.405063,loss_recon:0.282976

11400-loss_z:0.2257,accu:0.971888,loss_recon:0.156143

11400-loss_z:14.222304,accu:0.379747,loss_recon:0.299342

11600-loss_z:0.221366,accu:0.974818,loss_recon:0.154499

11600-loss_z:14.588904,accu:0.379747,loss_recon:0.293502

11800-loss_z:0.214758,accu:0.975944,loss_recon:0.154394

11800-loss_z:14.887484,accu:0.405063,loss_recon:0.294057

12000-loss_z:0.206305,accu:0.977188,loss_recon:0.151995

12000-loss_z:15.245945,accu:0.417722,loss_recon:0.293425

12200-loss_z:0.198386,accu:0.979128,loss_recon:0.154594

12200-loss_z:15.614428,accu:0.417722,loss_recon:0.292835

12400-loss_z:0.194047,accu:0.980365,loss_recon:0.14968

12400-loss_z:15.957928,accu:0.405063,loss_recon:0.29156

12600-loss_z:0.186978,accu:0.97972,loss_recon:0.15044

12600-loss_z:16.348898,accu:0.392405,loss_recon:0.298716

12800-loss_z:0.182565,accu:0.980768,loss_recon:0.150022

12800-loss_z:16.693197,accu:0.405063,loss_recon:0.299281

13000-loss_z:0.174748,accu:0.986022,loss_recon:0.149678

13000-loss_z:17.107899,accu:0.405063,loss_recon:0.295226

13200-loss_z:0.17221,accu:0.984518,loss_recon:0.150065

13200-loss_z:17.402025,accu:0.379747,loss_recon:0.299963

13400-loss_z:0.164826,accu:0.986471,loss_recon:0.148654

13400-loss_z:17.833906,accu:0.392405,loss_recon:0.299516

13600-loss_z:0.160433,accu:0.986953,loss_recon:0.149557

13600-loss_z:18.180965,accu:0.417722,loss_recon:0.29726

13800-loss_z:0.155754,accu:0.985638,loss_recon:0.148214

13800-loss_z:18.544134,accu:0.405063,loss_recon:0.300432

14000-loss_z:0.151939,accu:0.986875,loss_recon:0.147251

14000-loss_z:18.939854,accu:0.392405,loss_recon:0.297636

14200-loss_z:0.145919,accu:0.986484,loss_recon:0.145369

14200-loss_z:19.316206,accu:0.379747,loss_recon:0.305458

14400-loss_z:0.138545,accu:0.987396,loss_recon:0.147781

14400-loss_z:19.806543,accu:0.405063,loss_recon:0.29652

14600-loss_z:0.138364,accu:0.988184,loss_recon:0.14711

14600-loss_z:20.106493,accu:0.392405,loss_recon:0.299677

14800-loss_z:0.134218,accu:0.990098,loss_recon:0.146456

14800-loss_z:20.536884,accu:0.392405,loss_recon:0.300676

15000-loss_z:0.128624,accu:0.987565,loss_recon:0.146704

15000-loss_z:20.896374,accu:0.379747,loss_recon:0.297644

15200-loss_z:0.12447,accu:0.988535,loss_recon:0.143534

15200-loss_z:21.289507,accu:0.379747,loss_recon:0.298942

15400-loss_z:0.121703,accu:0.99026,loss_recon:0.143354

15400-loss_z:21.683662,accu:0.379747,loss_recon:0.305096

15600-loss_z:0.116505,accu:0.989635,loss_recon:0.143032

15600-loss_z:22.060999,accu:0.367089,loss_recon:0.301934

15800-loss_z:0.112877,accu:0.989714,loss_recon:0.140436

15800-loss_z:22.407841,accu:0.367089,loss_recon:0.309057

16000-loss_z:0.108596,accu:0.991296,loss_recon:0.143154

16000-loss_z:22.85673,accu:0.35443,loss_recon:0.311062

16200-loss_z:0.106358,accu:0.992578,loss_recon:0.141872

16200-loss_z:23.188948,accu:0.367089,loss_recon:0.304418

16400-loss_z:0.102899,accu:0.989863,loss_recon:0.144342

16400-loss_z:23.618149,accu:0.379747,loss_recon:0.302912

16600-loss_z:0.100294,accu:0.991328,loss_recon:0.141093

16600-loss_z:23.930424,accu:0.367089,loss_recon:0.301334

16800-loss_z:0.098292,accu:0.991999,loss_recon:0.142742

16800-loss_z:24.276407,accu:0.392405,loss_recon:0.312228

17000-loss_z:0.095182,accu:0.992318,loss_recon:0.140128

17000-loss_z:24.611992,accu:0.341772,loss_recon:0.309828

17200-loss_z:0.092481,accu:0.991706,loss_recon:0.138104

17200-loss_z:24.945387,accu:0.367089,loss_recon:0.306055

17400-loss_z:0.088417,accu:0.993926,loss_recon:0.139745

17400-loss_z:25.182808,accu:0.392405,loss_recon:0.318207

17600-loss_z:0.085829,accu:0.993047,loss_recon:0.139269

17600-loss_z:25.48123,accu:0.379747,loss_recon:0.305224

17800-loss_z:0.084268,accu:0.993203,loss_recon:0.140392

17800-loss_z:25.738203,accu:0.35443,loss_recon:0.314631

18000-loss_z:0.081977,accu:0.994108,loss_recon:0.139184

18000-loss_z:25.944979,accu:0.379747,loss_recon:0.310979

18200-loss_z:0.079317,accu:0.993288,loss_recon:0.140509

18200-loss_z:26.205313,accu:0.367089,loss_recon:0.312903

18400-loss_z:0.076405,accu:0.995241,loss_recon:0.137765

18400-loss_z:26.549496,accu:0.367089,loss_recon:0.312462

18600-loss_z:0.072634,accu:0.994941,loss_recon:0.141883

18600-loss_z:26.701876,accu:0.379747,loss_recon:0.315397

18800-loss_z:0.071154,accu:0.996016,loss_recon:0.142726

18800-loss_z:26.932686,accu:0.35443,loss_recon:0.320122

19000-loss_z:0.069039,accu:0.99666,loss_recon:0.138554

19000-loss_z:27.105206,accu:0.341772,loss_recon:0.323557

19200-loss_z:0.067532,accu:0.996608,loss_recon:0.138267

19200-loss_z:27.429823,accu:0.35443,loss_recon:0.307741

19400-loss_z:0.065314,accu:0.997155,loss_recon:0.138466

19400-loss_z:27.646864,accu:0.35443,loss_recon:0.323104

19600-loss_z:0.063171,accu:0.997767,loss_recon:0.138655

19600-loss_z:27.827112,accu:0.367089,loss_recon:0.308074

19800-loss_z:0.061121,accu:0.997552,loss_recon:0.137785

19800-loss_z:28.034931,accu:0.329114,loss_recon:0.318993

20000-loss_z:0.059774,accu:0.998203,loss_recon:0.140675

20000-loss_z:28.257408,accu:0.329114,loss_recon:0.317127

Continue training
New FC model is initialized
200-loss_z:2.685989,accu:0.148917,loss_recon:1.584614

200-loss_z:2.523876,accu:0.075949,loss_recon:0.878132

400-loss_z:2.120106,accu:0.29875,loss_recon:0.679096

400-loss_z:2.354754,accu:0.088608,loss_recon:0.606452

600-loss_z:1.83498,accu:0.345033,loss_recon:0.510968

600-loss_z:2.32345,accu:0.126582,loss_recon:0.476859

800-loss_z:1.652378,accu:0.390781,loss_recon:0.421063

800-loss_z:2.322417,accu:0.21519,loss_recon:0.402513

1000-loss_z:1.516066,accu:0.433424,loss_recon:0.368188

1000-loss_z:2.354555,accu:0.202532,loss_recon:0.354962

1200-loss_z:1.411212,accu:0.467689,loss_recon:0.342133

1200-loss_z:2.413095,accu:0.21519,loss_recon:0.332586

1400-loss_z:1.327997,accu:0.489316,loss_recon:0.320237

1400-loss_z:2.510507,accu:0.227848,loss_recon:0.320083

1600-loss_z:1.25776,accu:0.520156,loss_recon:0.29621

1600-loss_z:2.597296,accu:0.291139,loss_recon:0.298731

1800-loss_z:1.19307,accu:0.545189,loss_recon:0.27397

1800-loss_z:2.694954,accu:0.265823,loss_recon:0.280669

2000-loss_z:1.136013,accu:0.562897,loss_recon:0.258273

2000-loss_z:2.792338,accu:0.303797,loss_recon:0.268794

2200-loss_z:1.083321,accu:0.597819,loss_recon:0.245007

2200-loss_z:2.909194,accu:0.341772,loss_recon:0.259933

2400-loss_z:1.033094,accu:0.62194,loss_recon:0.23546

2400-loss_z:3.040521,accu:0.316456,loss_recon:0.250937

2600-loss_z:0.986896,accu:0.640098,loss_recon:0.224364

2600-loss_z:3.173928,accu:0.329114,loss_recon:0.252379

2800-loss_z:0.945704,accu:0.672897,loss_recon:0.213603

2800-loss_z:3.31797,accu:0.367089,loss_recon:0.247651

3000-loss_z:0.904176,accu:0.678118,loss_recon:0.207085

3000-loss_z:3.456918,accu:0.35443,loss_recon:0.253936

3200-loss_z:0.862541,accu:0.687565,loss_recon:0.198292

3200-loss_z:3.64503,accu:0.35443,loss_recon:0.251351

3400-loss_z:0.83156,accu:0.704147,loss_recon:0.193864

3400-loss_z:3.817567,accu:0.35443,loss_recon:0.258057

3600-loss_z:0.797843,accu:0.724798,loss_recon:0.191123

3600-loss_z:4.025477,accu:0.35443,loss_recon:0.260225

3800-loss_z:0.768225,accu:0.733835,loss_recon:0.18567

3800-loss_z:4.216448,accu:0.367089,loss_recon:0.259699

4000-loss_z:0.740961,accu:0.756595,loss_recon:0.183473

4000-loss_z:4.435191,accu:0.35443,loss_recon:0.265262

4200-loss_z:0.712751,accu:0.760299,loss_recon:0.180865

4200-loss_z:4.653477,accu:0.392405,loss_recon:0.261404

4400-loss_z:0.684532,accu:0.781686,loss_recon:0.179909

4400-loss_z:4.88847,accu:0.379747,loss_recon:0.273147

4600-loss_z:0.664439,accu:0.78653,loss_recon:0.176851

4600-loss_z:5.097542,accu:0.367089,loss_recon:0.269895

4800-loss_z:0.639926,accu:0.788763,loss_recon:0.174955

4800-loss_z:5.307037,accu:0.417722,loss_recon:0.274708

5000-loss_z:0.615378,accu:0.811647,loss_recon:0.174068

5000-loss_z:5.549462,accu:0.417722,loss_recon:0.272177

5200-loss_z:0.59601,accu:0.807747,loss_recon:0.172164

5200-loss_z:5.83005,accu:0.43038,loss_recon:0.278618

5400-loss_z:0.573544,accu:0.827057,loss_recon:0.172408

5400-loss_z:6.076367,accu:0.443038,loss_recon:0.279072

5600-loss_z:0.55547,accu:0.836582,loss_recon:0.17223

5600-loss_z:6.340002,accu:0.405063,loss_recon:0.285433

5800-loss_z:0.537245,accu:0.850326,loss_recon:0.167268

5800-loss_z:6.607346,accu:0.417722,loss_recon:0.280683

6000-loss_z:0.518115,accu:0.860033,loss_recon:0.168079

6000-loss_z:6.920799,accu:0.443038,loss_recon:0.281313

6200-loss_z:0.498139,accu:0.878066,loss_recon:0.165055

6200-loss_z:7.179457,accu:0.443038,loss_recon:0.285915

6400-loss_z:0.480879,accu:0.883542,loss_recon:0.166255

6400-loss_z:7.454186,accu:0.43038,loss_recon:0.294322

6600-loss_z:0.463708,accu:0.888249,loss_recon:0.164665

6600-loss_z:7.761568,accu:0.468354,loss_recon:0.29126

6800-loss_z:0.44905,accu:0.896165,loss_recon:0.164687

6800-loss_z:8.042569,accu:0.392405,loss_recon:0.290813

7000-loss_z:0.435282,accu:0.907891,loss_recon:0.16278

7000-loss_z:8.283744,accu:0.443038,loss_recon:0.290335

7200-loss_z:0.426211,accu:0.910189,loss_recon:0.160973

7200-loss_z:8.59206,accu:0.455696,loss_recon:0.291158

7400-loss_z:0.406006,accu:0.918307,loss_recon:0.158952

7400-loss_z:8.885227,accu:0.417722,loss_recon:0.298769

7600-loss_z:0.395609,accu:0.929954,loss_recon:0.156731

7600-loss_z:9.18463,accu:0.417722,loss_recon:0.29892

7800-loss_z:0.386995,accu:0.926126,loss_recon:0.156803

7800-loss_z:9.492279,accu:0.417722,loss_recon:0.301623

8000-loss_z:0.374635,accu:0.9289,loss_recon:0.155643

8000-loss_z:9.783392,accu:0.43038,loss_recon:0.305167

8200-loss_z:0.359513,accu:0.933438,loss_recon:0.151946

8200-loss_z:10.076373,accu:0.392405,loss_recon:0.309821

8400-loss_z:0.351584,accu:0.937285,loss_recon:0.149633

8400-loss_z:10.406916,accu:0.417722,loss_recon:0.306639

8600-loss_z:0.343112,accu:0.944362,loss_recon:0.148629

8600-loss_z:10.701394,accu:0.379747,loss_recon:0.313054

8800-loss_z:0.330475,accu:0.943626,loss_recon:0.147279

8800-loss_z:10.981911,accu:0.43038,loss_recon:0.312197

9000-loss_z:0.319125,accu:0.946497,loss_recon:0.144807

9000-loss_z:11.282695,accu:0.417722,loss_recon:0.331927

9200-loss_z:0.313006,accu:0.943307,loss_recon:0.143264

9200-loss_z:11.619383,accu:0.43038,loss_recon:0.310457

9400-loss_z:0.304618,accu:0.952461,loss_recon:0.142785

9400-loss_z:11.949612,accu:0.392405,loss_recon:0.316183

9600-loss_z:0.294537,accu:0.955033,loss_recon:0.140285

9600-loss_z:12.242854,accu:0.417722,loss_recon:0.31716

9800-loss_z:0.287531,accu:0.955358,loss_recon:0.140407

9800-loss_z:12.613946,accu:0.392405,loss_recon:0.319504

10000-loss_z:0.280329,accu:0.955033,loss_recon:0.137025

10000-loss_z:12.948226,accu:0.392405,loss_recon:0.327182

10200-loss_z:0.273952,accu:0.957539,loss_recon:0.135662

10200-loss_z:13.286778,accu:0.405063,loss_recon:0.329699

10400-loss_z:0.264031,accu:0.960977,loss_recon:0.133932

10400-loss_z:13.626939,accu:0.392405,loss_recon:0.330252

10600-loss_z:0.257775,accu:0.965618,loss_recon:0.132809

10600-loss_z:13.953315,accu:0.417722,loss_recon:0.338056

10800-loss_z:0.25108,accu:0.965723,loss_recon:0.131989

10800-loss_z:14.337826,accu:0.405063,loss_recon:0.329558

11000-loss_z:0.24296,accu:0.966217,loss_recon:0.129268

11000-loss_z:14.671308,accu:0.392405,loss_recon:0.3361

11200-loss_z:0.235987,accu:0.968483,loss_recon:0.128784

11200-loss_z:15.042328,accu:0.417722,loss_recon:0.348103

11400-loss_z:0.232677,accu:0.967233,loss_recon:0.127514

11400-loss_z:15.418012,accu:0.417722,loss_recon:0.338979

11600-loss_z:0.22295,accu:0.973835,loss_recon:0.125813

11600-loss_z:15.792692,accu:0.405063,loss_recon:0.329194

11800-loss_z:0.219071,accu:0.973555,loss_recon:0.124046

11800-loss_z:16.146622,accu:0.379747,loss_recon:0.344917

12000-loss_z:0.212662,accu:0.974473,loss_recon:0.12317

12000-loss_z:16.541262,accu:0.367089,loss_recon:0.338466

12200-loss_z:0.206925,accu:0.974577,loss_recon:0.121508

12200-loss_z:16.904848,accu:0.392405,loss_recon:0.332649

12400-loss_z:0.202,accu:0.973555,loss_recon:0.12114

12400-loss_z:17.317713,accu:0.392405,loss_recon:0.332106

12600-loss_z:0.196845,accu:0.976615,loss_recon:0.119156

12600-loss_z:17.677828,accu:0.392405,loss_recon:0.330416

12800-loss_z:0.189888,accu:0.976543,loss_recon:0.119814

12800-loss_z:18.092928,accu:0.379747,loss_recon:0.332216

13000-loss_z:0.187264,accu:0.976458,loss_recon:0.118266

13000-loss_z:18.468349,accu:0.379747,loss_recon:0.336412

13200-loss_z:0.181501,accu:0.980117,loss_recon:0.118195

13200-loss_z:18.856861,accu:0.367089,loss_recon:0.338124

13400-loss_z:0.177105,accu:0.979948,loss_recon:0.117684

13400-loss_z:19.257502,accu:0.367089,loss_recon:0.337009

13600-loss_z:0.170479,accu:0.98321,loss_recon:0.117263

13600-loss_z:19.684664,accu:0.35443,loss_recon:0.340693

13800-loss_z:0.166751,accu:0.985697,loss_recon:0.116845

13800-loss_z:20.077888,accu:0.35443,loss_recon:0.344866

14000-loss_z:0.162816,accu:0.982643,loss_recon:0.116447

14000-loss_z:20.501129,accu:0.367089,loss_recon:0.33676

14200-loss_z:0.159086,accu:0.984551,loss_recon:0.115196

14200-loss_z:20.918989,accu:0.367089,loss_recon:0.339901

14400-loss_z:0.156411,accu:0.986042,loss_recon:0.115552

14400-loss_z:21.286474,accu:0.367089,loss_recon:0.340063

14600-loss_z:0.150941,accu:0.985573,loss_recon:0.114799

14600-loss_z:21.727348,accu:0.379747,loss_recon:0.349856

14800-loss_z:0.14652,accu:0.986393,loss_recon:0.116707

14800-loss_z:22.13368,accu:0.367089,loss_recon:0.344834

15000-loss_z:0.144468,accu:0.985501,loss_recon:0.115104

15000-loss_z:22.569134,accu:0.35443,loss_recon:0.352637

15200-loss_z:0.141344,accu:0.986973,loss_recon:0.114492

15200-loss_z:22.980709,accu:0.392405,loss_recon:0.347426

15400-loss_z:0.135595,accu:0.987786,loss_recon:0.114852

15400-loss_z:23.403847,accu:0.367089,loss_recon:0.346412

15600-loss_z:0.133987,accu:0.988184,loss_recon:0.114894

15600-loss_z:23.845119,accu:0.379747,loss_recon:0.347535

15800-loss_z:0.132412,accu:0.988587,loss_recon:0.113471

15800-loss_z:24.300768,accu:0.379747,loss_recon:0.353676

16000-loss_z:0.128035,accu:0.989447,loss_recon:0.11206

16000-loss_z:24.679375,accu:0.379747,loss_recon:0.343721

16200-loss_z:0.125223,accu:0.989928,loss_recon:0.112572

16200-loss_z:25.100599,accu:0.35443,loss_recon:0.357977

16400-loss_z:0.122591,accu:0.990924,loss_recon:0.11327

16400-loss_z:25.542856,accu:0.367089,loss_recon:0.354391

16600-loss_z:0.116339,accu:0.990879,loss_recon:0.11166

16600-loss_z:25.996363,accu:0.35443,loss_recon:0.35093

16800-loss_z:0.115209,accu:0.994674,loss_recon:0.112978

16800-loss_z:26.479437,accu:0.379747,loss_recon:0.35514

17000-loss_z:0.112257,accu:0.993418,loss_recon:0.111543

17000-loss_z:26.942324,accu:0.367089,loss_recon:0.351178

17200-loss_z:0.110309,accu:0.995612,loss_recon:0.110524

17200-loss_z:27.441811,accu:0.35443,loss_recon:0.353057

17400-loss_z:0.106032,accu:0.995612,loss_recon:0.110851

17400-loss_z:27.883615,accu:0.367089,loss_recon:0.354966

17600-loss_z:0.104836,accu:0.996315,loss_recon:0.110395

17600-loss_z:28.314627,accu:0.379747,loss_recon:0.367731

17800-loss_z:0.100604,accu:0.998092,loss_recon:0.111458

17800-loss_z:28.773203,accu:0.367089,loss_recon:0.360604

18000-loss_z:0.100394,accu:0.996855,loss_recon:0.111446

18000-loss_z:29.211636,accu:0.35443,loss_recon:0.356723

18200-loss_z:0.095821,accu:0.997135,loss_recon:0.108981

18200-loss_z:29.713104,accu:0.35443,loss_recon:0.361947

18400-loss_z:0.093478,accu:0.997188,loss_recon:0.108788

18400-loss_z:30.179558,accu:0.379747,loss_recon:0.365587

18600-loss_z:0.092293,accu:0.999134,loss_recon:0.110504

18600-loss_z:30.657452,accu:0.329114,loss_recon:0.354859

18800-loss_z:0.090266,accu:0.998385,loss_recon:0.108451

18800-loss_z:31.134169,accu:0.329114,loss_recon:0.362188

19000-loss_z:0.088536,accu:0.996934,loss_recon:0.109582

19000-loss_z:31.549196,accu:0.35443,loss_recon:0.358165

19200-loss_z:0.084719,accu:0.998965,loss_recon:0.108355

19200-loss_z:32.03149,accu:0.367089,loss_recon:0.355899

19400-loss_z:0.083769,accu:0.998978,loss_recon:0.109597

19400-loss_z:32.474121,accu:0.341772,loss_recon:0.361601

19600-loss_z:0.080454,accu:0.998594,loss_recon:0.108559

19600-loss_z:32.911385,accu:0.367089,loss_recon:0.363295

19800-loss_z:0.077785,accu:0.999896,loss_recon:0.108681

19800-loss_z:33.341625,accu:0.341772,loss_recon:0.361389

20000-loss_z:0.076499,accu:0.999779,loss_recon:0.108833

20000-loss_z:33.735859,accu:0.341772,loss_recon:0.365873

Continue training
New FC model is initialized
200-loss_z:2.672986,accu:0.170003,loss_recon:1.270039

200-loss_z:2.697042,accu:0.050633,loss_recon:0.699594

400-loss_z:2.119836,accu:0.281191,loss_recon:0.561485

400-loss_z:2.50503,accu:0.050633,loss_recon:0.512792

600-loss_z:1.817603,accu:0.340098,loss_recon:0.424542

600-loss_z:2.479723,accu:0.101266,loss_recon:0.388533

800-loss_z:1.624418,accu:0.424076,loss_recon:0.343804

800-loss_z:2.501663,accu:0.202532,loss_recon:0.320314

1000-loss_z:1.484274,accu:0.490651,loss_recon:0.305143

1000-loss_z:2.578,accu:0.202532,loss_recon:0.289847

1200-loss_z:1.366702,accu:0.544056,loss_recon:0.292503

1200-loss_z:2.634068,accu:0.227848,loss_recon:0.281153

1400-loss_z:1.275216,accu:0.575195,loss_recon:0.276387

1400-loss_z:2.712584,accu:0.278481,loss_recon:0.270546

1600-loss_z:1.194979,accu:0.595065,loss_recon:0.267083

1600-loss_z:2.809204,accu:0.240506,loss_recon:0.269364

1800-loss_z:1.130474,accu:0.608053,loss_recon:0.255716

1800-loss_z:2.921441,accu:0.253165,loss_recon:0.265885

2000-loss_z:1.077116,accu:0.623444,loss_recon:0.25145

2000-loss_z:3.029372,accu:0.253165,loss_recon:0.264207

2200-loss_z:1.022341,accu:0.656829,loss_recon:0.242808

2200-loss_z:3.148589,accu:0.265823,loss_recon:0.261141

2400-loss_z:0.974972,accu:0.67168,loss_recon:0.234514

2400-loss_z:3.262598,accu:0.278481,loss_recon:0.258051

2600-loss_z:0.927252,accu:0.698262,loss_recon:0.232192

2600-loss_z:3.454754,accu:0.291139,loss_recon:0.260107

2800-loss_z:0.890265,accu:0.706393,loss_recon:0.224178

2800-loss_z:3.565074,accu:0.278481,loss_recon:0.251771

3000-loss_z:0.856211,accu:0.721354,loss_recon:0.218171

3000-loss_z:3.691855,accu:0.303797,loss_recon:0.2597

3200-loss_z:0.817429,accu:0.730443,loss_recon:0.213489

3200-loss_z:3.907621,accu:0.291139,loss_recon:0.255566

3400-loss_z:0.789065,accu:0.754121,loss_recon:0.209395

3400-loss_z:4.059512,accu:0.291139,loss_recon:0.263917

3600-loss_z:0.751773,accu:0.776732,loss_recon:0.206477

3600-loss_z:4.277474,accu:0.303797,loss_recon:0.260209

3800-loss_z:0.721045,accu:0.775885,loss_recon:0.202397

3800-loss_z:4.531029,accu:0.316456,loss_recon:0.267703

4000-loss_z:0.695432,accu:0.786335,loss_recon:0.198995

4000-loss_z:4.774492,accu:0.291139,loss_recon:0.26752

4200-loss_z:0.670892,accu:0.797129,loss_recon:0.195688

4200-loss_z:4.989707,accu:0.329114,loss_recon:0.270038

4400-loss_z:0.648513,accu:0.80444,loss_recon:0.195101

4400-loss_z:5.2272,accu:0.316456,loss_recon:0.268289

4600-loss_z:0.624283,accu:0.814323,loss_recon:0.190037

4600-loss_z:5.403642,accu:0.329114,loss_recon:0.280261

4800-loss_z:0.604609,accu:0.826042,loss_recon:0.187307

4800-loss_z:5.641248,accu:0.341772,loss_recon:0.275167

5000-loss_z:0.584855,accu:0.828249,loss_recon:0.185904

5000-loss_z:5.879715,accu:0.367089,loss_recon:0.278756

5200-loss_z:0.567345,accu:0.835859,loss_recon:0.184957

5200-loss_z:6.073245,accu:0.367089,loss_recon:0.278553

5400-loss_z:0.544054,accu:0.845417,loss_recon:0.182111

5400-loss_z:6.271949,accu:0.35443,loss_recon:0.289018

5600-loss_z:0.529317,accu:0.851211,loss_recon:0.1793

5600-loss_z:6.482814,accu:0.341772,loss_recon:0.291541

5800-loss_z:0.513888,accu:0.868255,loss_recon:0.179105

5800-loss_z:6.725801,accu:0.35443,loss_recon:0.302782

6000-loss_z:0.497571,accu:0.868288,loss_recon:0.178415

6000-loss_z:6.974691,accu:0.341772,loss_recon:0.306227

6200-loss_z:0.479999,accu:0.87013,loss_recon:0.176578

6200-loss_z:7.219191,accu:0.35443,loss_recon:0.310561

6400-loss_z:0.464617,accu:0.867337,loss_recon:0.175987

6400-loss_z:7.431851,accu:0.341772,loss_recon:0.313096

6600-loss_z:0.449605,accu:0.874694,loss_recon:0.176481

6600-loss_z:7.662735,accu:0.341772,loss_recon:0.315909

6800-loss_z:0.434147,accu:0.881829,loss_recon:0.172127

6800-loss_z:7.909903,accu:0.367089,loss_recon:0.316929

7000-loss_z:0.419024,accu:0.889258,loss_recon:0.172532

7000-loss_z:8.114141,accu:0.35443,loss_recon:0.323411

7200-loss_z:0.409282,accu:0.891816,loss_recon:0.173057

7200-loss_z:8.325469,accu:0.35443,loss_recon:0.318915

7400-loss_z:0.396208,accu:0.900195,loss_recon:0.17328

7400-loss_z:8.579563,accu:0.379747,loss_recon:0.324307

7600-loss_z:0.382198,accu:0.912031,loss_recon:0.172415

7600-loss_z:8.827219,accu:0.379747,loss_recon:0.318742

7800-loss_z:0.3705,accu:0.916042,loss_recon:0.17137

7800-loss_z:9.043344,accu:0.379747,loss_recon:0.317409

8000-loss_z:0.358749,accu:0.923477,loss_recon:0.170871

8000-loss_z:9.320256,accu:0.379747,loss_recon:0.326309

8200-loss_z:0.346492,accu:0.928646,loss_recon:0.171217

8200-loss_z:9.591866,accu:0.367089,loss_recon:0.330487

8400-loss_z:0.338315,accu:0.93653,loss_recon:0.169771

8400-loss_z:9.807209,accu:0.35443,loss_recon:0.336002

8600-loss_z:0.326779,accu:0.93569,loss_recon:0.171383

8600-loss_z:10.031543,accu:0.35443,loss_recon:0.332103

8800-loss_z:0.317644,accu:0.939212,loss_recon:0.17021

8800-loss_z:10.286955,accu:0.35443,loss_recon:0.323069

9000-loss_z:0.308112,accu:0.93849,loss_recon:0.167421

9000-loss_z:10.580375,accu:0.35443,loss_recon:0.333257

9200-loss_z:0.299158,accu:0.941842,loss_recon:0.169102

9200-loss_z:10.820257,accu:0.341772,loss_recon:0.329036

9400-loss_z:0.289207,accu:0.945326,loss_recon:0.166866

9400-loss_z:11.09598,accu:0.35443,loss_recon:0.319625

9600-loss_z:0.281885,accu:0.947233,loss_recon:0.164012

9600-loss_z:11.322659,accu:0.341772,loss_recon:0.318239

9800-loss_z:0.273591,accu:0.950605,loss_recon:0.164135

9800-loss_z:11.609609,accu:0.341772,loss_recon:0.327152

10000-loss_z:0.266315,accu:0.95612,loss_recon:0.166788

10000-loss_z:11.894661,accu:0.341772,loss_recon:0.328586

10200-loss_z:0.257065,accu:0.95918,loss_recon:0.164677

10200-loss_z:12.111497,accu:0.341772,loss_recon:0.320739

10400-loss_z:0.24979,accu:0.960853,loss_recon:0.165495

10400-loss_z:12.380332,accu:0.341772,loss_recon:0.327095

10600-loss_z:0.242436,accu:0.961654,loss_recon:0.164384

10600-loss_z:12.65906,accu:0.341772,loss_recon:0.320947

10800-loss_z:0.236432,accu:0.965853,loss_recon:0.165134

10800-loss_z:12.873716,accu:0.341772,loss_recon:0.322697

11000-loss_z:0.232794,accu:0.970443,loss_recon:0.163298

11000-loss_z:13.15451,accu:0.341772,loss_recon:0.321065

11200-loss_z:0.223964,accu:0.970501,loss_recon:0.162267

11200-loss_z:13.38795,accu:0.35443,loss_recon:0.315828

11400-loss_z:0.214311,accu:0.975716,loss_recon:0.164992

11400-loss_z:13.653572,accu:0.35443,loss_recon:0.320807

11600-loss_z:0.212093,accu:0.974277,loss_recon:0.16379

11600-loss_z:13.928644,accu:0.35443,loss_recon:0.329657

11800-loss_z:0.204882,accu:0.973952,loss_recon:0.163031

11800-loss_z:14.098109,accu:0.35443,loss_recon:0.318497

12000-loss_z:0.199437,accu:0.975143,loss_recon:0.162237

12000-loss_z:14.384006,accu:0.341772,loss_recon:0.324271

12200-loss_z:0.193897,accu:0.977995,loss_recon:0.160644

12200-loss_z:14.650865,accu:0.341772,loss_recon:0.323704

12400-loss_z:0.18889,accu:0.981094,loss_recon:0.161816

12400-loss_z:14.900804,accu:0.35443,loss_recon:0.320188

12600-loss_z:0.183091,accu:0.982923,loss_recon:0.160033

12600-loss_z:15.109248,accu:0.35443,loss_recon:0.319606

12800-loss_z:0.179566,accu:0.982155,loss_recon:0.160359

12800-loss_z:15.368114,accu:0.35443,loss_recon:0.323967

13000-loss_z:0.172767,accu:0.981178,loss_recon:0.161241

13000-loss_z:15.642349,accu:0.35443,loss_recon:0.311073

13200-loss_z:0.168936,accu:0.98181,loss_recon:0.159197

13200-loss_z:15.850277,accu:0.35443,loss_recon:0.312967

13400-loss_z:0.164909,accu:0.981237,loss_recon:0.160127

13400-loss_z:16.106186,accu:0.35443,loss_recon:0.320461

13600-loss_z:0.160511,accu:0.986302,loss_recon:0.158188

13600-loss_z:16.347391,accu:0.35443,loss_recon:0.318747

13800-loss_z:0.157778,accu:0.98444,loss_recon:0.159146

13800-loss_z:16.617167,accu:0.341772,loss_recon:0.323026

14000-loss_z:0.153418,accu:0.984141,loss_recon:0.158191

14000-loss_z:16.882973,accu:0.329114,loss_recon:0.322954

14200-loss_z:0.148556,accu:0.98597,loss_recon:0.158437

14200-loss_z:17.111507,accu:0.341772,loss_recon:0.322526

14400-loss_z:0.143189,accu:0.985859,loss_recon:0.157069

14400-loss_z:17.365227,accu:0.341772,loss_recon:0.330925

14600-loss_z:0.140396,accu:0.98612,loss_recon:0.158694

14600-loss_z:17.652269,accu:0.341772,loss_recon:0.319742

14800-loss_z:0.139121,accu:0.985736,loss_recon:0.158514

14800-loss_z:17.883465,accu:0.341772,loss_recon:0.32281

15000-loss_z:0.133315,accu:0.986992,loss_recon:0.156501

15000-loss_z:18.193832,accu:0.341772,loss_recon:0.320202

15200-loss_z:0.129386,accu:0.986432,loss_recon:0.15978

15200-loss_z:18.431124,accu:0.341772,loss_recon:0.319491

15400-loss_z:0.12595,accu:0.986602,loss_recon:0.159835

15400-loss_z:18.694433,accu:0.341772,loss_recon:0.320007

15600-loss_z:0.122179,accu:0.986947,loss_recon:0.15803

15600-loss_z:18.998293,accu:0.341772,loss_recon:0.318063

15800-loss_z:0.118969,accu:0.986693,loss_recon:0.157541

15800-loss_z:19.190125,accu:0.341772,loss_recon:0.321931

16000-loss_z:0.116053,accu:0.987194,loss_recon:0.159283

16000-loss_z:19.470928,accu:0.341772,loss_recon:0.338884

16200-loss_z:0.112002,accu:0.987448,loss_recon:0.156493

16200-loss_z:19.690735,accu:0.329114,loss_recon:0.317438

16400-loss_z:0.1097,accu:0.986354,loss_recon:0.155942

16400-loss_z:19.943794,accu:0.316456,loss_recon:0.321932

16600-loss_z:0.106901,accu:0.986517,loss_recon:0.15607

16600-loss_z:20.078091,accu:0.303797,loss_recon:0.325507

16800-loss_z:0.101928,accu:0.987702,loss_recon:0.156924

16800-loss_z:20.3372,accu:0.316456,loss_recon:0.321795

17000-loss_z:0.099625,accu:0.986966,loss_recon:0.157793

17000-loss_z:20.567406,accu:0.316456,loss_recon:0.329235

17200-loss_z:0.097567,accu:0.987786,loss_recon:0.158288

17200-loss_z:20.758101,accu:0.316456,loss_recon:0.324276

17400-loss_z:0.096876,accu:0.986686,loss_recon:0.156217

17400-loss_z:20.928211,accu:0.303797,loss_recon:0.321401

17600-loss_z:0.093141,accu:0.987194,loss_recon:0.157466

17600-loss_z:21.068703,accu:0.316456,loss_recon:0.319765

17800-loss_z:0.09176,accu:0.987025,loss_recon:0.158117

17800-loss_z:21.316105,accu:0.303797,loss_recon:0.321789

18000-loss_z:0.089473,accu:0.987617,loss_recon:0.15584

18000-loss_z:21.507784,accu:0.316456,loss_recon:0.318161

18200-loss_z:0.087443,accu:0.985924,loss_recon:0.156434

18200-loss_z:21.652496,accu:0.316456,loss_recon:0.317461

18400-loss_z:0.085073,accu:0.986478,loss_recon:0.157933

18400-loss_z:21.884369,accu:0.316456,loss_recon:0.322988

18600-loss_z:0.082216,accu:0.987363,loss_recon:0.156589

18600-loss_z:21.978132,accu:0.316456,loss_recon:0.322092

18800-loss_z:0.080004,accu:0.987109,loss_recon:0.154145

18800-loss_z:22.12142,accu:0.329114,loss_recon:0.321652

19000-loss_z:0.079888,accu:0.987305,loss_recon:0.15564

19000-loss_z:22.286049,accu:0.316456,loss_recon:0.317071

19200-loss_z:0.075665,accu:0.987871,loss_recon:0.155635

19200-loss_z:22.43405,accu:0.316456,loss_recon:0.31192

19400-loss_z:0.074197,accu:0.986569,loss_recon:0.154045

19400-loss_z:22.624262,accu:0.316456,loss_recon:0.321543

19600-loss_z:0.07316,accu:0.98627,loss_recon:0.154902

19600-loss_z:22.728561,accu:0.316456,loss_recon:0.328073

19800-loss_z:0.071045,accu:0.987129,loss_recon:0.155318

19800-loss_z:22.850454,accu:0.316456,loss_recon:0.326175

20000-loss_z:0.069109,accu:0.986784,loss_recon:0.153479

20000-loss_z:22.943974,accu:0.316456,loss_recon:0.3182

Continue training
New FC model is initialized
200-loss_z:2.614825,accu:0.169809,loss_recon:1.778392

200-loss_z:2.631425,accu:0.075949,loss_recon:0.965078

400-loss_z:2.029792,accu:0.308841,loss_recon:0.677363

400-loss_z:2.496924,accu:0.101266,loss_recon:0.605583

600-loss_z:1.763644,accu:0.391797,loss_recon:0.461833

600-loss_z:2.449249,accu:0.151899,loss_recon:0.441343

800-loss_z:1.588958,accu:0.444466,loss_recon:0.372521

800-loss_z:2.441877,accu:0.227848,loss_recon:0.378291

1000-loss_z:1.449713,accu:0.502227,loss_recon:0.337157

1000-loss_z:2.482717,accu:0.240506,loss_recon:0.346006

1200-loss_z:1.342818,accu:0.54485,loss_recon:0.312617

1200-loss_z:2.55071,accu:0.240506,loss_recon:0.323796

1400-loss_z:1.253383,accu:0.584668,loss_recon:0.284597

1400-loss_z:2.623026,accu:0.253165,loss_recon:0.294703

1600-loss_z:1.183881,accu:0.6039,loss_recon:0.258754

1600-loss_z:2.716993,accu:0.227848,loss_recon:0.269079

1800-loss_z:1.114336,accu:0.641549,loss_recon:0.232569

1800-loss_z:2.822483,accu:0.253165,loss_recon:0.249564

2000-loss_z:1.061901,accu:0.651484,loss_recon:0.216367

2000-loss_z:2.947829,accu:0.253165,loss_recon:0.245407

2200-loss_z:1.012176,accu:0.658132,loss_recon:0.205912

2200-loss_z:3.101888,accu:0.240506,loss_recon:0.249692

2400-loss_z:0.965452,accu:0.670885,loss_recon:0.198089

2400-loss_z:3.287515,accu:0.265823,loss_recon:0.249904

2600-loss_z:0.931892,accu:0.682969,loss_recon:0.190637

2600-loss_z:3.490333,accu:0.278481,loss_recon:0.250044

2800-loss_z:0.893598,accu:0.701849,loss_recon:0.184884

2800-loss_z:3.68265,accu:0.291139,loss_recon:0.248602

3000-loss_z:0.854366,accu:0.725436,loss_recon:0.182084

3000-loss_z:3.890417,accu:0.316456,loss_recon:0.255777

3200-loss_z:0.824275,accu:0.735918,loss_recon:0.176089

3200-loss_z:4.115497,accu:0.265823,loss_recon:0.254342

3400-loss_z:0.797829,accu:0.757064,loss_recon:0.171051

3400-loss_z:4.33061,accu:0.303797,loss_recon:0.256241

3600-loss_z:0.774027,accu:0.766061,loss_recon:0.167039

3600-loss_z:4.585849,accu:0.265823,loss_recon:0.256287

3800-loss_z:0.738189,accu:0.772995,loss_recon:0.162541

3800-loss_z:4.839984,accu:0.278481,loss_recon:0.257494

4000-loss_z:0.712215,accu:0.793073,loss_recon:0.16272

4000-loss_z:5.131714,accu:0.303797,loss_recon:0.262108

4200-loss_z:0.69037,accu:0.805853,loss_recon:0.15878

4200-loss_z:5.391613,accu:0.316456,loss_recon:0.268434

4400-loss_z:0.664259,accu:0.804727,loss_recon:0.158987

4400-loss_z:5.69066,accu:0.278481,loss_recon:0.261707

4600-loss_z:0.645246,accu:0.81276,loss_recon:0.15606

4600-loss_z:5.976669,accu:0.303797,loss_recon:0.272545

4800-loss_z:0.626591,accu:0.828939,loss_recon:0.153219

4800-loss_z:6.234066,accu:0.291139,loss_recon:0.26846

5000-loss_z:0.605599,accu:0.8464,loss_recon:0.154553

5000-loss_z:6.542644,accu:0.303797,loss_recon:0.269534

5200-loss_z:0.591077,accu:0.85125,loss_recon:0.150066

5200-loss_z:6.808833,accu:0.278481,loss_recon:0.272126

5400-loss_z:0.57067,accu:0.862904,loss_recon:0.150926

5400-loss_z:7.113925,accu:0.316456,loss_recon:0.282165

5600-loss_z:0.550391,accu:0.875156,loss_recon:0.149985

5600-loss_z:7.417673,accu:0.316456,loss_recon:0.272051

5800-loss_z:0.538087,accu:0.880527,loss_recon:0.150024

5800-loss_z:7.757839,accu:0.278481,loss_recon:0.273486

6000-loss_z:0.523934,accu:0.877292,loss_recon:0.146865

6000-loss_z:8.076262,accu:0.303797,loss_recon:0.277866

6200-loss_z:0.509833,accu:0.883913,loss_recon:0.144502

6200-loss_z:8.378669,accu:0.316456,loss_recon:0.288949

6400-loss_z:0.497169,accu:0.883958,loss_recon:0.143993

6400-loss_z:8.672789,accu:0.278481,loss_recon:0.278726

6600-loss_z:0.489272,accu:0.893893,loss_recon:0.142136

6600-loss_z:8.983081,accu:0.303797,loss_recon:0.269758

6800-loss_z:0.474562,accu:0.891582,loss_recon:0.141548

6800-loss_z:9.327971,accu:0.278481,loss_recon:0.268942

7000-loss_z:0.456356,accu:0.897773,loss_recon:0.141659

7000-loss_z:9.667062,accu:0.291139,loss_recon:0.271608

7200-loss_z:0.444395,accu:0.906016,loss_recon:0.140902

7200-loss_z:9.983616,accu:0.303797,loss_recon:0.265196

7400-loss_z:0.439923,accu:0.90457,loss_recon:0.139365

7400-loss_z:10.327694,accu:0.291139,loss_recon:0.265157

7600-loss_z:0.424311,accu:0.913991,loss_recon:0.139493

7600-loss_z:10.728484,accu:0.291139,loss_recon:0.255506

7800-loss_z:0.414819,accu:0.919154,loss_recon:0.137411

7800-loss_z:11.134768,accu:0.291139,loss_recon:0.259955

8000-loss_z:0.40278,accu:0.913932,loss_recon:0.13936

8000-loss_z:11.506242,accu:0.291139,loss_recon:0.255417

8200-loss_z:0.393777,accu:0.921563,loss_recon:0.136938

8200-loss_z:11.945357,accu:0.303797,loss_recon:0.249524

8400-loss_z:0.386041,accu:0.921934,loss_recon:0.136287

8400-loss_z:12.361317,accu:0.303797,loss_recon:0.259174

8600-loss_z:0.372484,accu:0.929518,loss_recon:0.135124

8600-loss_z:12.784003,accu:0.291139,loss_recon:0.245049

8800-loss_z:0.365069,accu:0.933184,loss_recon:0.133364

8800-loss_z:13.179692,accu:0.316456,loss_recon:0.244607

9000-loss_z:0.358223,accu:0.937669,loss_recon:0.132159

9000-loss_z:13.634773,accu:0.316456,loss_recon:0.245079

9200-loss_z:0.349331,accu:0.938971,loss_recon:0.133501

9200-loss_z:14.105954,accu:0.303797,loss_recon:0.245451

9400-loss_z:0.341701,accu:0.943301,loss_recon:0.132449

9400-loss_z:14.544787,accu:0.329114,loss_recon:0.241748

9600-loss_z:0.33622,accu:0.947832,loss_recon:0.130316

9600-loss_z:15.000686,accu:0.316456,loss_recon:0.247491

9800-loss_z:0.325473,accu:0.948314,loss_recon:0.13109

9800-loss_z:15.427944,accu:0.316456,loss_recon:0.241989

10000-loss_z:0.321612,accu:0.947747,loss_recon:0.12929

10000-loss_z:15.922946,accu:0.303797,loss_recon:0.245291

10200-loss_z:0.313546,accu:0.954479,loss_recon:0.126756

10200-loss_z:16.337536,accu:0.303797,loss_recon:0.248265

10400-loss_z:0.306201,accu:0.957962,loss_recon:0.126164

10400-loss_z:16.818707,accu:0.329114,loss_recon:0.242082

10600-loss_z:0.299207,accu:0.957038,loss_recon:0.1248

10600-loss_z:17.255898,accu:0.303797,loss_recon:0.229906

10800-loss_z:0.288458,accu:0.962721,loss_recon:0.120591

10800-loss_z:17.697737,accu:0.291139,loss_recon:0.233012

11000-loss_z:0.281269,accu:0.966615,loss_recon:0.119296

11000-loss_z:18.111048,accu:0.316456,loss_recon:0.230222

11200-loss_z:0.276928,accu:0.968138,loss_recon:0.120426

11200-loss_z:18.55863,accu:0.303797,loss_recon:0.227445

11400-loss_z:0.273141,accu:0.968438,loss_recon:0.11882

11400-loss_z:19.062487,accu:0.316456,loss_recon:0.230109

11600-loss_z:0.263827,accu:0.972975,loss_recon:0.119711

11600-loss_z:19.542736,accu:0.316456,loss_recon:0.234348

11800-loss_z:0.260339,accu:0.973275,loss_recon:0.117533

11800-loss_z:19.998859,accu:0.303797,loss_recon:0.247047

12000-loss_z:0.252704,accu:0.976074,loss_recon:0.116441

12000-loss_z:20.488213,accu:0.303797,loss_recon:0.238943

12200-loss_z:0.245258,accu:0.978392,loss_recon:0.115498

12200-loss_z:20.950069,accu:0.316456,loss_recon:0.232443

12400-loss_z:0.239017,accu:0.973353,loss_recon:0.113177

12400-loss_z:21.485193,accu:0.329114,loss_recon:0.236956

12600-loss_z:0.232754,accu:0.979466,loss_recon:0.1107

12600-loss_z:21.972469,accu:0.291139,loss_recon:0.223702

12800-loss_z:0.222961,accu:0.981836,loss_recon:0.106702

12800-loss_z:22.448166,accu:0.303797,loss_recon:0.225628

13000-loss_z:0.221482,accu:0.980716,loss_recon:0.103066

13000-loss_z:22.995691,accu:0.278481,loss_recon:0.225976

13200-loss_z:0.214131,accu:0.985723,loss_recon:0.101386

13200-loss_z:23.411785,accu:0.316456,loss_recon:0.225649

13400-loss_z:0.208214,accu:0.986699,loss_recon:0.100042

13400-loss_z:23.86458,accu:0.316456,loss_recon:0.229292

13600-loss_z:0.201292,accu:0.988151,loss_recon:0.099034

13600-loss_z:24.427652,accu:0.329114,loss_recon:0.224786

13800-loss_z:0.197417,accu:0.98556,loss_recon:0.09954

13800-loss_z:24.868217,accu:0.316456,loss_recon:0.224562

14000-loss_z:0.191451,accu:0.98821,loss_recon:0.097605

14000-loss_z:25.397858,accu:0.291139,loss_recon:0.22671

14200-loss_z:0.18747,accu:0.990137,loss_recon:0.096709

14200-loss_z:25.946537,accu:0.316456,loss_recon:0.224289

14400-loss_z:0.182947,accu:0.990742,loss_recon:0.096292

14400-loss_z:26.42194,accu:0.329114,loss_recon:0.231067

14600-loss_z:0.176121,accu:0.990951,loss_recon:0.096057

14600-loss_z:26.970409,accu:0.329114,loss_recon:0.226667

14800-loss_z:0.173348,accu:0.990697,loss_recon:0.097285

14800-loss_z:27.509754,accu:0.303797,loss_recon:0.22993

15000-loss_z:0.168633,accu:0.991934,loss_recon:0.094212

15000-loss_z:28.065575,accu:0.303797,loss_recon:0.226944

15200-loss_z:0.16379,accu:0.992441,loss_recon:0.094841

15200-loss_z:28.560652,accu:0.316456,loss_recon:0.227199

15400-loss_z:0.159116,accu:0.993789,loss_recon:0.09696

15400-loss_z:29.208735,accu:0.291139,loss_recon:0.227816

15600-loss_z:0.157903,accu:0.993327,loss_recon:0.09463

15600-loss_z:29.739359,accu:0.291139,loss_recon:0.223631

15800-loss_z:0.151881,accu:0.993971,loss_recon:0.095026

15800-loss_z:30.305225,accu:0.291139,loss_recon:0.22591

16000-loss_z:0.147472,accu:0.993678,loss_recon:0.094604

16000-loss_z:30.894915,accu:0.278481,loss_recon:0.232528

16200-loss_z:0.144281,accu:0.994004,loss_recon:0.094732

16200-loss_z:31.504614,accu:0.291139,loss_recon:0.227771

16400-loss_z:0.140014,accu:0.994544,loss_recon:0.094046

16400-loss_z:32.123333,accu:0.278481,loss_recon:0.233849

16600-loss_z:0.138019,accu:0.995234,loss_recon:0.093658

16600-loss_z:32.700092,accu:0.265823,loss_recon:0.223997

16800-loss_z:0.132186,accu:0.996471,loss_recon:0.093225

16800-loss_z:33.339775,accu:0.265823,loss_recon:0.225881

17000-loss_z:0.127862,accu:0.995358,loss_recon:0.095758

17000-loss_z:33.893093,accu:0.265823,loss_recon:0.232565

17200-loss_z:0.124438,accu:0.994746,loss_recon:0.09431

17200-loss_z:34.521053,accu:0.278481,loss_recon:0.232484

17400-loss_z:0.121779,accu:0.995651,loss_recon:0.093328

17400-loss_z:35.109058,accu:0.278481,loss_recon:0.23329

17600-loss_z:0.118857,accu:0.996055,loss_recon:0.093245

17600-loss_z:35.845024,accu:0.278481,loss_recon:0.230911

17800-loss_z:0.113942,accu:0.996745,loss_recon:0.094195

17800-loss_z:36.478233,accu:0.291139,loss_recon:0.229581

18000-loss_z:0.111974,accu:0.99694,loss_recon:0.092967

18000-loss_z:37.12207,accu:0.291139,loss_recon:0.231979

18200-loss_z:0.109011,accu:0.996517,loss_recon:0.09255

18200-loss_z:37.764397,accu:0.291139,loss_recon:0.232047

18400-loss_z:0.105144,accu:0.997051,loss_recon:0.091404

18400-loss_z:38.363232,accu:0.253165,loss_recon:0.231954

18600-loss_z:0.104728,accu:0.997194,loss_recon:0.093561

18600-loss_z:39.076084,accu:0.291139,loss_recon:0.23413

18800-loss_z:0.099848,accu:0.996706,loss_recon:0.093428

18800-loss_z:39.803886,accu:0.265823,loss_recon:0.232955

19000-loss_z:0.095941,accu:0.999017,loss_recon:0.092355

19000-loss_z:40.463829,accu:0.253165,loss_recon:0.234147

19200-loss_z:0.094803,accu:0.997552,loss_recon:0.091533

19200-loss_z:41.147503,accu:0.253165,loss_recon:0.237578

19400-loss_z:0.091846,accu:0.998568,loss_recon:0.092244

19400-loss_z:41.846947,accu:0.278481,loss_recon:0.231927

19600-loss_z:0.089316,accu:0.999128,loss_recon:0.092031

19600-loss_z:42.542683,accu:0.253165,loss_recon:0.23313

19800-loss_z:0.087296,accu:0.998822,loss_recon:0.090957

19800-loss_z:43.204563,accu:0.265823,loss_recon:0.236865

20000-loss_z:0.084773,accu:0.998307,loss_recon:0.091707

20000-loss_z:43.906273,accu:0.253165,loss_recon:0.237618

Continue training
New FC model is initialized
200-loss_z:2.638524,accu:0.171486,loss_recon:1.431879

200-loss_z:2.580154,accu:0.075949,loss_recon:0.847903

400-loss_z:2.025904,accu:0.273112,loss_recon:0.586399

400-loss_z:2.42026,accu:0.101266,loss_recon:0.513033

600-loss_z:1.753251,accu:0.35362,loss_recon:0.425515

600-loss_z:2.399587,accu:0.177215,loss_recon:0.38545

800-loss_z:1.570964,accu:0.423542,loss_recon:0.353886

800-loss_z:2.419462,accu:0.202532,loss_recon:0.335115

1000-loss_z:1.433352,accu:0.493008,loss_recon:0.314173

1000-loss_z:2.44843,accu:0.240506,loss_recon:0.309267

1200-loss_z:1.324952,accu:0.537214,loss_recon:0.279243

1200-loss_z:2.488388,accu:0.240506,loss_recon:0.295686

1400-loss_z:1.235529,accu:0.572669,loss_recon:0.256796

1400-loss_z:2.541798,accu:0.278481,loss_recon:0.276592

1600-loss_z:1.162267,accu:0.586914,loss_recon:0.237061

1600-loss_z:2.584515,accu:0.227848,loss_recon:0.278664

1800-loss_z:1.101174,accu:0.596803,loss_recon:0.223285

1800-loss_z:2.654159,accu:0.291139,loss_recon:0.272332

2000-loss_z:1.04682,accu:0.61724,loss_recon:0.211609

2000-loss_z:2.700111,accu:0.265823,loss_recon:0.273279

2200-loss_z:0.994962,accu:0.640553,loss_recon:0.20383

2200-loss_z:2.78997,accu:0.278481,loss_recon:0.27081

2400-loss_z:0.954652,accu:0.664935,loss_recon:0.198344

2400-loss_z:2.88779,accu:0.278481,loss_recon:0.278161

2600-loss_z:0.915295,accu:0.687598,loss_recon:0.19513

2600-loss_z:2.972096,accu:0.265823,loss_recon:0.284658

2800-loss_z:0.876326,accu:0.70724,loss_recon:0.193739

2800-loss_z:3.056295,accu:0.303797,loss_recon:0.287311

3000-loss_z:0.840257,accu:0.728854,loss_recon:0.194357

3000-loss_z:3.171094,accu:0.291139,loss_recon:0.278972

3200-loss_z:0.810161,accu:0.755202,loss_recon:0.187528

3200-loss_z:3.28894,accu:0.265823,loss_recon:0.284658

3400-loss_z:0.780039,accu:0.770221,loss_recon:0.188036

3400-loss_z:3.429387,accu:0.303797,loss_recon:0.287916

3600-loss_z:0.749676,accu:0.776348,loss_recon:0.184116

3600-loss_z:3.535957,accu:0.303797,loss_recon:0.289762

3800-loss_z:0.720894,accu:0.794948,loss_recon:0.184707

3800-loss_z:3.679569,accu:0.265823,loss_recon:0.292947

4000-loss_z:0.695189,accu:0.810944,loss_recon:0.186495

4000-loss_z:3.816204,accu:0.316456,loss_recon:0.30278

4200-loss_z:0.670589,accu:0.830189,loss_recon:0.181002

4200-loss_z:3.91862,accu:0.291139,loss_recon:0.290691

4400-loss_z:0.642378,accu:0.829961,loss_recon:0.182311

4400-loss_z:4.055415,accu:0.316456,loss_recon:0.29713

4600-loss_z:0.62685,accu:0.840013,loss_recon:0.181444

4600-loss_z:4.16097,accu:0.291139,loss_recon:0.301813

4800-loss_z:0.605804,accu:0.848424,loss_recon:0.180343

4800-loss_z:4.300334,accu:0.278481,loss_recon:0.298414

5000-loss_z:0.585425,accu:0.856139,loss_recon:0.178114

5000-loss_z:4.432167,accu:0.291139,loss_recon:0.294127

5200-loss_z:0.567781,accu:0.865124,loss_recon:0.178706

5200-loss_z:4.560689,accu:0.291139,loss_recon:0.299791

5400-loss_z:0.540485,accu:0.865612,loss_recon:0.177735

5400-loss_z:4.69914,accu:0.291139,loss_recon:0.304009

5600-loss_z:0.527766,accu:0.871289,loss_recon:0.176716

5600-loss_z:4.830095,accu:0.316456,loss_recon:0.294913

5800-loss_z:0.512017,accu:0.879564,loss_recon:0.176286

5800-loss_z:4.966566,accu:0.278481,loss_recon:0.311425

6000-loss_z:0.492447,accu:0.887598,loss_recon:0.174701

6000-loss_z:5.106984,accu:0.278481,loss_recon:0.30487

6200-loss_z:0.478306,accu:0.888711,loss_recon:0.171311

6200-loss_z:5.253547,accu:0.303797,loss_recon:0.309496

6400-loss_z:0.459472,accu:0.899232,loss_recon:0.178111

6400-loss_z:5.400707,accu:0.265823,loss_recon:0.30818

6600-loss_z:0.450999,accu:0.903184,loss_recon:0.172743

6600-loss_z:5.558918,accu:0.291139,loss_recon:0.306773

6800-loss_z:0.437529,accu:0.912363,loss_recon:0.172502

6800-loss_z:5.697752,accu:0.278481,loss_recon:0.312366

7000-loss_z:0.425636,accu:0.915918,loss_recon:0.171863

7000-loss_z:5.862172,accu:0.291139,loss_recon:0.303635

7200-loss_z:0.411666,accu:0.915254,loss_recon:0.170111

7200-loss_z:6.010164,accu:0.265823,loss_recon:0.312606

7400-loss_z:0.402015,accu:0.928613,loss_recon:0.17058

7400-loss_z:6.15335,accu:0.265823,loss_recon:0.312006

7600-loss_z:0.389431,accu:0.924362,loss_recon:0.170893

7600-loss_z:6.301219,accu:0.278481,loss_recon:0.312811

7800-loss_z:0.376682,accu:0.931315,loss_recon:0.170476

7800-loss_z:6.449011,accu:0.265823,loss_recon:0.317681

8000-loss_z:0.364944,accu:0.940579,loss_recon:0.171026

8000-loss_z:6.608464,accu:0.278481,loss_recon:0.314877

8200-loss_z:0.356246,accu:0.935788,loss_recon:0.171808

8200-loss_z:6.77298,accu:0.291139,loss_recon:0.313073

8400-loss_z:0.345828,accu:0.937682,loss_recon:0.171016

8400-loss_z:6.959802,accu:0.316456,loss_recon:0.31872

8600-loss_z:0.335796,accu:0.943333,loss_recon:0.169226

8600-loss_z:7.162634,accu:0.303797,loss_recon:0.322143

8800-loss_z:0.329097,accu:0.939857,loss_recon:0.168792

8800-loss_z:7.383267,accu:0.316456,loss_recon:0.32091

9000-loss_z:0.320055,accu:0.947858,loss_recon:0.167203

9000-loss_z:7.550132,accu:0.303797,loss_recon:0.325335

9200-loss_z:0.311333,accu:0.946042,loss_recon:0.169063

9200-loss_z:7.79758,accu:0.316456,loss_recon:0.314597

9400-loss_z:0.301529,accu:0.950384,loss_recon:0.169967

9400-loss_z:8.019566,accu:0.303797,loss_recon:0.320971

9600-loss_z:0.296339,accu:0.946589,loss_recon:0.168578

9600-loss_z:8.186955,accu:0.303797,loss_recon:0.323536

9800-loss_z:0.286362,accu:0.954785,loss_recon:0.166798

9800-loss_z:8.433684,accu:0.35443,loss_recon:0.321836

10000-loss_z:0.279211,accu:0.956634,loss_recon:0.169664

10000-loss_z:8.630132,accu:0.341772,loss_recon:0.319292

10200-loss_z:0.271701,accu:0.957975,loss_recon:0.168999

10200-loss_z:8.844095,accu:0.341772,loss_recon:0.319955

10400-loss_z:0.26335,accu:0.96028,loss_recon:0.16778

10400-loss_z:9.028751,accu:0.316456,loss_recon:0.322202

10600-loss_z:0.259204,accu:0.960807,loss_recon:0.166408

10600-loss_z:9.234454,accu:0.329114,loss_recon:0.335453

10800-loss_z:0.250146,accu:0.962493,loss_recon:0.167817

10800-loss_z:9.473741,accu:0.341772,loss_recon:0.322054

11000-loss_z:0.243593,accu:0.967201,loss_recon:0.167502

11000-loss_z:9.72136,accu:0.329114,loss_recon:0.331334

11200-loss_z:0.236489,accu:0.967207,loss_recon:0.1647

11200-loss_z:9.973908,accu:0.316456,loss_recon:0.328078

11400-loss_z:0.230919,accu:0.96901,loss_recon:0.165983

11400-loss_z:10.173986,accu:0.329114,loss_recon:0.323153

11600-loss_z:0.224829,accu:0.969173,loss_recon:0.168444

11600-loss_z:10.414731,accu:0.341772,loss_recon:0.332725

11800-loss_z:0.215083,accu:0.972214,loss_recon:0.166802

11800-loss_z:10.654943,accu:0.329114,loss_recon:0.330943

12000-loss_z:0.210982,accu:0.975378,loss_recon:0.166286

12000-loss_z:10.826287,accu:0.341772,loss_recon:0.334099

12200-loss_z:0.205744,accu:0.976315,loss_recon:0.162935

12200-loss_z:11.032626,accu:0.316456,loss_recon:0.329151

12400-loss_z:0.199515,accu:0.978776,loss_recon:0.162663

12400-loss_z:11.245738,accu:0.35443,loss_recon:0.338089

12600-loss_z:0.195202,accu:0.979115,loss_recon:0.164312

12600-loss_z:11.401501,accu:0.367089,loss_recon:0.338083

12800-loss_z:0.190664,accu:0.981934,loss_recon:0.162472

12800-loss_z:11.631681,accu:0.35443,loss_recon:0.340773

13000-loss_z:0.185457,accu:0.984284,loss_recon:0.164415

13000-loss_z:11.797487,accu:0.35443,loss_recon:0.338998

13200-loss_z:0.180209,accu:0.985664,loss_recon:0.16462

13200-loss_z:12.017986,accu:0.341772,loss_recon:0.350197

13400-loss_z:0.174103,accu:0.988333,loss_recon:0.163146

13400-loss_z:12.215063,accu:0.341772,loss_recon:0.345002

13600-loss_z:0.170487,accu:0.988314,loss_recon:0.163666

13600-loss_z:12.398946,accu:0.367089,loss_recon:0.344261

13800-loss_z:0.167467,accu:0.988776,loss_recon:0.161254

13800-loss_z:12.699615,accu:0.35443,loss_recon:0.351288

14000-loss_z:0.161353,accu:0.990645,loss_recon:0.161329

14000-loss_z:12.889505,accu:0.35443,loss_recon:0.349967

14200-loss_z:0.157585,accu:0.993796,loss_recon:0.161348

14200-loss_z:13.071055,accu:0.367089,loss_recon:0.349856

14400-loss_z:0.152126,accu:0.992064,loss_recon:0.163333

14400-loss_z:13.269751,accu:0.367089,loss_recon:0.347874

14600-loss_z:0.14863,accu:0.995189,loss_recon:0.1605

14600-loss_z:13.491781,accu:0.35443,loss_recon:0.35282

14800-loss_z:0.146016,accu:0.99196,loss_recon:0.159511

14800-loss_z:13.731211,accu:0.341772,loss_recon:0.346179

15000-loss_z:0.142027,accu:0.994023,loss_recon:0.159779

15000-loss_z:13.93822,accu:0.35443,loss_recon:0.357521

15200-loss_z:0.139461,accu:0.99207,loss_recon:0.16158

15200-loss_z:14.222003,accu:0.367089,loss_recon:0.359084

15400-loss_z:0.134063,accu:0.995202,loss_recon:0.158302

15400-loss_z:14.457479,accu:0.35443,loss_recon:0.362254

15600-loss_z:0.132257,accu:0.994108,loss_recon:0.159455

15600-loss_z:14.675923,accu:0.35443,loss_recon:0.363077

15800-loss_z:0.128576,accu:0.996986,loss_recon:0.158929

15800-loss_z:14.915664,accu:0.367089,loss_recon:0.358788

16000-loss_z:0.124487,accu:0.995866,loss_recon:0.157768

16000-loss_z:15.144073,accu:0.35443,loss_recon:0.356873

16200-loss_z:0.122906,accu:0.996048,loss_recon:0.158926

16200-loss_z:15.342547,accu:0.367089,loss_recon:0.365734

16400-loss_z:0.118484,accu:0.997467,loss_recon:0.156806

16400-loss_z:15.546805,accu:0.35443,loss_recon:0.361637

16600-loss_z:0.1153,accu:0.997181,loss_recon:0.157624

16600-loss_z:15.804272,accu:0.35443,loss_recon:0.362625

16800-loss_z:0.112366,accu:0.998496,loss_recon:0.154518

16800-loss_z:16.037905,accu:0.379747,loss_recon:0.373064

17000-loss_z:0.109623,accu:0.998776,loss_recon:0.157827

17000-loss_z:16.228306,accu:0.341772,loss_recon:0.365062

17200-loss_z:0.107254,accu:0.998561,loss_recon:0.154701

17200-loss_z:16.482809,accu:0.341772,loss_recon:0.363978

17400-loss_z:0.103981,accu:0.996947,loss_recon:0.157973

17400-loss_z:16.655424,accu:0.329114,loss_recon:0.38007

17600-loss_z:0.100811,accu:0.999622,loss_recon:0.155487

17600-loss_z:16.86805,accu:0.341772,loss_recon:0.374282

17800-loss_z:0.099805,accu:0.997695,loss_recon:0.154557

17800-loss_z:17.08852,accu:0.329114,loss_recon:0.375207

18000-loss_z:0.097496,accu:0.999395,loss_recon:0.155342

18000-loss_z:17.272617,accu:0.35443,loss_recon:0.371213

18200-loss_z:0.095198,accu:0.999453,loss_recon:0.153996

18200-loss_z:17.431622,accu:0.35443,loss_recon:0.376487

18400-loss_z:0.092141,accu:0.998464,loss_recon:0.154396

18400-loss_z:17.664059,accu:0.341772,loss_recon:0.381883

18600-loss_z:0.089167,accu:1.0,loss_recon:0.155894

18600-loss_z:17.911346,accu:0.316456,loss_recon:0.380623

18800-loss_z:0.088477,accu:1.0,loss_recon:0.154389

18800-loss_z:18.050875,accu:0.329114,loss_recon:0.383799

19000-loss_z:0.084204,accu:1.0,loss_recon:0.155557

19000-loss_z:18.289804,accu:0.341772,loss_recon:0.387057

19200-loss_z:0.083864,accu:0.999798,loss_recon:0.154452

19200-loss_z:18.569357,accu:0.35443,loss_recon:0.380264

19400-loss_z:0.081537,accu:1.0,loss_recon:0.153699

19400-loss_z:18.838434,accu:0.341772,loss_recon:0.379228

19600-loss_z:0.078947,accu:1.0,loss_recon:0.150973

19600-loss_z:18.986507,accu:0.341772,loss_recon:0.390442

19800-loss_z:0.076712,accu:1.0,loss_recon:0.151193

19800-loss_z:19.1371,accu:0.341772,loss_recon:0.398458

20000-loss_z:0.075991,accu:1.0,loss_recon:0.152443

20000-loss_z:19.410999,accu:0.341772,loss_recon:0.392152

Continue training
New FC model is initialized
200-loss_z:2.670269,accu:0.155596,loss_recon:1.22716

200-loss_z:2.693916,accu:0.037975,loss_recon:0.797153

400-loss_z:2.124569,accu:0.269342,loss_recon:0.590382

400-loss_z:2.564871,accu:0.101266,loss_recon:0.528767

600-loss_z:1.830414,accu:0.352611,loss_recon:0.417159

600-loss_z:2.526626,accu:0.126582,loss_recon:0.391743

800-loss_z:1.651083,accu:0.3986,loss_recon:0.346768

800-loss_z:2.52413,accu:0.151899,loss_recon:0.337978

1000-loss_z:1.525385,accu:0.43416,loss_recon:0.307763

1000-loss_z:2.530155,accu:0.151899,loss_recon:0.302352

1200-loss_z:1.412023,accu:0.486582,loss_recon:0.287331

1200-loss_z:2.561242,accu:0.189873,loss_recon:0.284684

1400-loss_z:1.317289,accu:0.543848,loss_recon:0.276415

1400-loss_z:2.634783,accu:0.240506,loss_recon:0.272255

1600-loss_z:1.241398,accu:0.585527,loss_recon:0.260619

1600-loss_z:2.735227,accu:0.227848,loss_recon:0.256278

1800-loss_z:1.175048,accu:0.607813,loss_recon:0.242391

1800-loss_z:2.835628,accu:0.21519,loss_recon:0.249922

2000-loss_z:1.116483,accu:0.632949,loss_recon:0.227074

2000-loss_z:2.933103,accu:0.21519,loss_recon:0.249315

2200-loss_z:1.066407,accu:0.64373,loss_recon:0.21494

2200-loss_z:3.028342,accu:0.265823,loss_recon:0.246276

2400-loss_z:1.016039,accu:0.661016,loss_recon:0.201584

2400-loss_z:3.127825,accu:0.253165,loss_recon:0.252881

2600-loss_z:0.975194,accu:0.67138,loss_recon:0.192443

2600-loss_z:3.256985,accu:0.291139,loss_recon:0.249415

2800-loss_z:0.939786,accu:0.685859,loss_recon:0.190854

2800-loss_z:3.362191,accu:0.278481,loss_recon:0.245593

3000-loss_z:0.904365,accu:0.698118,loss_recon:0.184604

3000-loss_z:3.469176,accu:0.291139,loss_recon:0.246847

3200-loss_z:0.862881,accu:0.705892,loss_recon:0.180127

3200-loss_z:3.575309,accu:0.316456,loss_recon:0.245601

3400-loss_z:0.825878,accu:0.731198,loss_recon:0.178623

3400-loss_z:3.689765,accu:0.341772,loss_recon:0.247721

3600-loss_z:0.800844,accu:0.751335,loss_recon:0.173891

3600-loss_z:3.83251,accu:0.291139,loss_recon:0.247039

3800-loss_z:0.76639,accu:0.763763,loss_recon:0.169102

3800-loss_z:3.96794,accu:0.278481,loss_recon:0.246484

4000-loss_z:0.740137,accu:0.777591,loss_recon:0.169274

4000-loss_z:4.111437,accu:0.329114,loss_recon:0.251304

4200-loss_z:0.714699,accu:0.785768,loss_recon:0.167274

4200-loss_z:4.248075,accu:0.341772,loss_recon:0.246653

4400-loss_z:0.690952,accu:0.793073,loss_recon:0.167426

4400-loss_z:4.410728,accu:0.341772,loss_recon:0.250853

4600-loss_z:0.668746,accu:0.808001,loss_recon:0.164518

4600-loss_z:4.585479,accu:0.316456,loss_recon:0.251536

4800-loss_z:0.647722,accu:0.814629,loss_recon:0.16364

4800-loss_z:4.705427,accu:0.341772,loss_recon:0.24929

5000-loss_z:0.627541,accu:0.821361,loss_recon:0.162118

5000-loss_z:4.868405,accu:0.341772,loss_recon:0.25221

5200-loss_z:0.606576,accu:0.83651,loss_recon:0.160728

5200-loss_z:5.050599,accu:0.329114,loss_recon:0.251552

5400-loss_z:0.586077,accu:0.833698,loss_recon:0.158616

5400-loss_z:5.2282,accu:0.329114,loss_recon:0.252539

5600-loss_z:0.568928,accu:0.847044,loss_recon:0.158991

5600-loss_z:5.390402,accu:0.35443,loss_recon:0.254872

5800-loss_z:0.548312,accu:0.855397,loss_recon:0.158451

5800-loss_z:5.546188,accu:0.35443,loss_recon:0.253375

6000-loss_z:0.531342,accu:0.864889,loss_recon:0.154942

6000-loss_z:5.75139,accu:0.35443,loss_recon:0.254665

6200-loss_z:0.519897,accu:0.868737,loss_recon:0.154836

6200-loss_z:5.939538,accu:0.35443,loss_recon:0.252508

6400-loss_z:0.504062,accu:0.876237,loss_recon:0.153786

6400-loss_z:6.125978,accu:0.341772,loss_recon:0.255895

6600-loss_z:0.489016,accu:0.88901,loss_recon:0.155994

6600-loss_z:6.319768,accu:0.35443,loss_recon:0.257804

6800-loss_z:0.471672,accu:0.885938,loss_recon:0.151728

6800-loss_z:6.541125,accu:0.35443,loss_recon:0.254728

7000-loss_z:0.458968,accu:0.890697,loss_recon:0.151966

7000-loss_z:6.756254,accu:0.392405,loss_recon:0.257211

7200-loss_z:0.441411,accu:0.907572,loss_recon:0.152228

7200-loss_z:6.965776,accu:0.367089,loss_recon:0.254906

7400-loss_z:0.430068,accu:0.904954,loss_recon:0.152536

7400-loss_z:7.154485,accu:0.367089,loss_recon:0.261779

7600-loss_z:0.418555,accu:0.909329,loss_recon:0.150159

7600-loss_z:7.366297,accu:0.379747,loss_recon:0.259728

7800-loss_z:0.406829,accu:0.913053,loss_recon:0.150417

7800-loss_z:7.574634,accu:0.367089,loss_recon:0.262234

8000-loss_z:0.394657,accu:0.924596,loss_recon:0.150391

8000-loss_z:7.81057,accu:0.392405,loss_recon:0.262654

8200-loss_z:0.382801,accu:0.930143,loss_recon:0.151119

8200-loss_z:8.043507,accu:0.392405,loss_recon:0.267022

8400-loss_z:0.372765,accu:0.92612,loss_recon:0.14898

8400-loss_z:8.300309,accu:0.392405,loss_recon:0.265124

8600-loss_z:0.359716,accu:0.933848,loss_recon:0.147605

8600-loss_z:8.520429,accu:0.379747,loss_recon:0.266933

8800-loss_z:0.34833,accu:0.937207,loss_recon:0.148828

8800-loss_z:8.78126,accu:0.379747,loss_recon:0.269058

9000-loss_z:0.341647,accu:0.93416,loss_recon:0.145722

9000-loss_z:9.055239,accu:0.392405,loss_recon:0.268879

9200-loss_z:0.332832,accu:0.942357,loss_recon:0.146761

9200-loss_z:9.322939,accu:0.392405,loss_recon:0.26563

9400-loss_z:0.322329,accu:0.939583,loss_recon:0.143693

9400-loss_z:9.621537,accu:0.379747,loss_recon:0.269659

9600-loss_z:0.311632,accu:0.942357,loss_recon:0.144878

9600-loss_z:9.860622,accu:0.392405,loss_recon:0.267707

9800-loss_z:0.302504,accu:0.942943,loss_recon:0.143375

9800-loss_z:10.136613,accu:0.341772,loss_recon:0.273519

10000-loss_z:0.293457,accu:0.946068,loss_recon:0.144333

10000-loss_z:10.365952,accu:0.379747,loss_recon:0.270821

10200-loss_z:0.289398,accu:0.943385,loss_recon:0.143081

10200-loss_z:10.643682,accu:0.341772,loss_recon:0.274192

10400-loss_z:0.277435,accu:0.948438,loss_recon:0.145207

10400-loss_z:10.934399,accu:0.35443,loss_recon:0.274413

10600-loss_z:0.272183,accu:0.945495,loss_recon:0.140601

10600-loss_z:11.197663,accu:0.35443,loss_recon:0.27736

10800-loss_z:0.266626,accu:0.947259,loss_recon:0.139989

10800-loss_z:11.457754,accu:0.379747,loss_recon:0.277997

11000-loss_z:0.259481,accu:0.95224,loss_recon:0.140389

11000-loss_z:11.794193,accu:0.367089,loss_recon:0.273782

11200-loss_z:0.246831,accu:0.951608,loss_recon:0.138598

11200-loss_z:12.109938,accu:0.367089,loss_recon:0.275136

11400-loss_z:0.239593,accu:0.957253,loss_recon:0.1396

11400-loss_z:12.530734,accu:0.35443,loss_recon:0.271489

11600-loss_z:0.235769,accu:0.959421,loss_recon:0.138874

11600-loss_z:12.938618,accu:0.367089,loss_recon:0.272949

11800-loss_z:0.228415,accu:0.958105,loss_recon:0.139658

11800-loss_z:13.329857,accu:0.35443,loss_recon:0.274121

12000-loss_z:0.222781,accu:0.957865,loss_recon:0.139292

12000-loss_z:13.686125,accu:0.367089,loss_recon:0.27488

12200-loss_z:0.216918,accu:0.959681,loss_recon:0.139892

12200-loss_z:14.052756,accu:0.379747,loss_recon:0.27377

12400-loss_z:0.210413,accu:0.963372,loss_recon:0.138169

12400-loss_z:14.399766,accu:0.367089,loss_recon:0.279417

12600-loss_z:0.204459,accu:0.964447,loss_recon:0.136576

12600-loss_z:14.707564,accu:0.35443,loss_recon:0.28161

12800-loss_z:0.19955,accu:0.967096,loss_recon:0.13685

12800-loss_z:15.029115,accu:0.367089,loss_recon:0.275049

13000-loss_z:0.192393,accu:0.968236,loss_recon:0.136366

13000-loss_z:15.381737,accu:0.35443,loss_recon:0.278528

13200-loss_z:0.186237,accu:0.969974,loss_recon:0.138494

13200-loss_z:15.690233,accu:0.35443,loss_recon:0.27657

13400-loss_z:0.180122,accu:0.972201,loss_recon:0.136992

13400-loss_z:16.057449,accu:0.367089,loss_recon:0.279302

13600-loss_z:0.175836,accu:0.971022,loss_recon:0.138621

13600-loss_z:16.3771,accu:0.35443,loss_recon:0.281076

13800-loss_z:0.170034,accu:0.975215,loss_recon:0.135584

13800-loss_z:16.7519,accu:0.367089,loss_recon:0.281756

14000-loss_z:0.164766,accu:0.975703,loss_recon:0.134689

14000-loss_z:17.09148,accu:0.392405,loss_recon:0.28159

14200-loss_z:0.159739,accu:0.978561,loss_recon:0.136488

14200-loss_z:17.46007,accu:0.379747,loss_recon:0.278091

14400-loss_z:0.160205,accu:0.977917,loss_recon:0.135177

14400-loss_z:17.795725,accu:0.367089,loss_recon:0.279201

14600-loss_z:0.155515,accu:0.9811,loss_recon:0.135734

14600-loss_z:18.143499,accu:0.392405,loss_recon:0.282846

14800-loss_z:0.14969,accu:0.979883,loss_recon:0.135413

14800-loss_z:18.473051,accu:0.392405,loss_recon:0.287669

15000-loss_z:0.144921,accu:0.983372,loss_recon:0.13435

15000-loss_z:18.829227,accu:0.379747,loss_recon:0.281383

15200-loss_z:0.141959,accu:0.981549,loss_recon:0.135635

15200-loss_z:19.184971,accu:0.379747,loss_recon:0.281642

15400-loss_z:0.137677,accu:0.987038,loss_recon:0.135577

15400-loss_z:19.562992,accu:0.392405,loss_recon:0.282687

15600-loss_z:0.133594,accu:0.988229,loss_recon:0.135035

15600-loss_z:19.913357,accu:0.392405,loss_recon:0.282615

15800-loss_z:0.132926,accu:0.986029,loss_recon:0.134374

15800-loss_z:20.270155,accu:0.405063,loss_recon:0.288908

16000-loss_z:0.128546,accu:0.988359,loss_recon:0.134757

16000-loss_z:20.683441,accu:0.405063,loss_recon:0.286432

16200-loss_z:0.12327,accu:0.987715,loss_recon:0.13735

16200-loss_z:21.142775,accu:0.405063,loss_recon:0.28602

16400-loss_z:0.121737,accu:0.991693,loss_recon:0.133143

16400-loss_z:21.623045,accu:0.392405,loss_recon:0.286946

16600-loss_z:0.117863,accu:0.991634,loss_recon:0.134923

16600-loss_z:22.11549,accu:0.405063,loss_recon:0.28732

16800-loss_z:0.113365,accu:0.992526,loss_recon:0.134225

16800-loss_z:22.498327,accu:0.392405,loss_recon:0.285763

17000-loss_z:0.111226,accu:0.992311,loss_recon:0.135299

17000-loss_z:23.01211,accu:0.405063,loss_recon:0.288042

17200-loss_z:0.109417,accu:0.994056,loss_recon:0.134352

17200-loss_z:23.468763,accu:0.405063,loss_recon:0.288864

17400-loss_z:0.107087,accu:0.995833,loss_recon:0.133738

17400-loss_z:23.889017,accu:0.405063,loss_recon:0.287683

17600-loss_z:0.102893,accu:0.99582,loss_recon:0.136119

17600-loss_z:24.323652,accu:0.405063,loss_recon:0.28458

17800-loss_z:0.099696,accu:0.997057,loss_recon:0.133552

17800-loss_z:24.66815,accu:0.392405,loss_recon:0.286944

18000-loss_z:0.098296,accu:0.998327,loss_recon:0.134941

18000-loss_z:25.138342,accu:0.405063,loss_recon:0.288263

18200-loss_z:0.095443,accu:0.998867,loss_recon:0.134566

18200-loss_z:25.520235,accu:0.392405,loss_recon:0.288647

18400-loss_z:0.091558,accu:0.99763,loss_recon:0.133725

18400-loss_z:25.898985,accu:0.392405,loss_recon:0.290071

18600-loss_z:0.088793,accu:0.999219,loss_recon:0.134681

18600-loss_z:26.252516,accu:0.392405,loss_recon:0.286806

18800-loss_z:0.086745,accu:0.998926,loss_recon:0.132847

18800-loss_z:26.616415,accu:0.392405,loss_recon:0.290842

19000-loss_z:0.082986,accu:0.999036,loss_recon:0.134291

19000-loss_z:26.942657,accu:0.392405,loss_recon:0.294343

19200-loss_z:0.082572,accu:0.999362,loss_recon:0.131603

19200-loss_z:27.351732,accu:0.379747,loss_recon:0.291767

19400-loss_z:0.079868,accu:0.999655,loss_recon:0.133068

19400-loss_z:27.781466,accu:0.392405,loss_recon:0.287467

19600-loss_z:0.077729,accu:1.0,loss_recon:0.134272

19600-loss_z:28.1061,accu:0.392405,loss_recon:0.289439

19800-loss_z:0.07464,accu:1.0,loss_recon:0.134567

19800-loss_z:28.365992,accu:0.392405,loss_recon:0.292252

20000-loss_z:0.073011,accu:0.999837,loss_recon:0.132638

20000-loss_z:28.661322,accu:0.392405,loss_recon:0.292189

Continue training
New FC model is initialized
200-loss_z:2.711859,accu:0.160286,loss_recon:1.269239

200-loss_z:2.764471,accu:0.063291,loss_recon:0.826851

400-loss_z:2.137497,accu:0.293457,loss_recon:0.678145

400-loss_z:2.585979,accu:0.075949,loss_recon:0.649041

600-loss_z:1.843497,accu:0.376003,loss_recon:0.530683

600-loss_z:2.588509,accu:0.139241,loss_recon:0.499225

800-loss_z:1.649992,accu:0.425391,loss_recon:0.437395

800-loss_z:2.612728,accu:0.151899,loss_recon:0.398943

1000-loss_z:1.508458,accu:0.486882,loss_recon:0.379179

1000-loss_z:2.676904,accu:0.151899,loss_recon:0.336242

1200-loss_z:1.402044,accu:0.529544,loss_recon:0.334511

1200-loss_z:2.742814,accu:0.151899,loss_recon:0.311689

1400-loss_z:1.309104,accu:0.562617,loss_recon:0.308265

1400-loss_z:2.822418,accu:0.139241,loss_recon:0.297861

1600-loss_z:1.22951,accu:0.594883,loss_recon:0.284122

1600-loss_z:2.888473,accu:0.177215,loss_recon:0.29114

1800-loss_z:1.164199,accu:0.604251,loss_recon:0.266953

1800-loss_z:3.004739,accu:0.21519,loss_recon:0.293644

2000-loss_z:1.104608,accu:0.627917,loss_recon:0.254345

2000-loss_z:3.078178,accu:0.227848,loss_recon:0.286486

2200-loss_z:1.047184,accu:0.651497,loss_recon:0.247747

2200-loss_z:3.17396,accu:0.189873,loss_recon:0.280235

2400-loss_z:1.004766,accu:0.663138,loss_recon:0.235467

2400-loss_z:3.233811,accu:0.253165,loss_recon:0.281372

2600-loss_z:0.958677,accu:0.677402,loss_recon:0.226804

2600-loss_z:3.364029,accu:0.21519,loss_recon:0.276224

2800-loss_z:0.916437,accu:0.697409,loss_recon:0.216632

2800-loss_z:3.532745,accu:0.240506,loss_recon:0.283203

3000-loss_z:0.88108,accu:0.710814,loss_recon:0.207317

3000-loss_z:3.688038,accu:0.253165,loss_recon:0.275276

3200-loss_z:0.84071,accu:0.722454,loss_recon:0.205408

3200-loss_z:3.840546,accu:0.253165,loss_recon:0.275285

3400-loss_z:0.813739,accu:0.736589,loss_recon:0.200424

3400-loss_z:3.996245,accu:0.240506,loss_recon:0.275804

3600-loss_z:0.78635,accu:0.7411,loss_recon:0.195037

3600-loss_z:4.143174,accu:0.265823,loss_recon:0.275439

3800-loss_z:0.748813,accu:0.761654,loss_recon:0.191984

3800-loss_z:4.348661,accu:0.265823,loss_recon:0.277563

4000-loss_z:0.728481,accu:0.763262,loss_recon:0.188255

4000-loss_z:4.50103,accu:0.278481,loss_recon:0.276257

4200-loss_z:0.704704,accu:0.764785,loss_recon:0.188094

4200-loss_z:4.681745,accu:0.291139,loss_recon:0.271757

4400-loss_z:0.675557,accu:0.775462,loss_recon:0.181302

4400-loss_z:4.880311,accu:0.291139,loss_recon:0.267224

4600-loss_z:0.652408,accu:0.788379,loss_recon:0.180237

4600-loss_z:5.105137,accu:0.265823,loss_recon:0.270658

4800-loss_z:0.632533,accu:0.79013,loss_recon:0.175567

4800-loss_z:5.27117,accu:0.291139,loss_recon:0.273707

5000-loss_z:0.606119,accu:0.805807,loss_recon:0.173328

5000-loss_z:5.466952,accu:0.303797,loss_recon:0.269893

5200-loss_z:0.592957,accu:0.818991,loss_recon:0.172579

5200-loss_z:5.648355,accu:0.303797,loss_recon:0.267136

5400-loss_z:0.573001,accu:0.822174,loss_recon:0.169515

5400-loss_z:5.851636,accu:0.367089,loss_recon:0.264501

5600-loss_z:0.550872,accu:0.845007,loss_recon:0.166072

5600-loss_z:6.088142,accu:0.35443,loss_recon:0.270305

5800-loss_z:0.535363,accu:0.857337,loss_recon:0.167139

5800-loss_z:6.317357,accu:0.341772,loss_recon:0.267213

6000-loss_z:0.523067,accu:0.859466,loss_recon:0.163492

6000-loss_z:6.499143,accu:0.367089,loss_recon:0.257141

6200-loss_z:0.50235,accu:0.876035,loss_recon:0.161538

6200-loss_z:6.676277,accu:0.341772,loss_recon:0.264998

6400-loss_z:0.487003,accu:0.889199,loss_recon:0.158931

6400-loss_z:6.823613,accu:0.379747,loss_recon:0.261667

6600-loss_z:0.469155,accu:0.905788,loss_recon:0.159652

6600-loss_z:7.01879,accu:0.367089,loss_recon:0.275754

6800-loss_z:0.456967,accu:0.911113,loss_recon:0.157309

6800-loss_z:7.15632,accu:0.405063,loss_recon:0.268519

7000-loss_z:0.440283,accu:0.917266,loss_recon:0.155809

7000-loss_z:7.351137,accu:0.379747,loss_recon:0.266211

7200-loss_z:0.425848,accu:0.921914,loss_recon:0.15344

7200-loss_z:7.57051,accu:0.392405,loss_recon:0.265271

7400-loss_z:0.414337,accu:0.936322,loss_recon:0.155079

7400-loss_z:7.757688,accu:0.379747,loss_recon:0.264042

7600-loss_z:0.399361,accu:0.948978,loss_recon:0.151089

7600-loss_z:7.943789,accu:0.392405,loss_recon:0.273192

7800-loss_z:0.38256,accu:0.949089,loss_recon:0.152159

7800-loss_z:8.124451,accu:0.379747,loss_recon:0.270798

8000-loss_z:0.373843,accu:0.952559,loss_recon:0.148246

8000-loss_z:8.350577,accu:0.379747,loss_recon:0.277004

8200-loss_z:0.35989,accu:0.956654,loss_recon:0.147371

8200-loss_z:8.547742,accu:0.367089,loss_recon:0.267035

8400-loss_z:0.351096,accu:0.958809,loss_recon:0.144678

8400-loss_z:8.825788,accu:0.35443,loss_recon:0.282876

8600-loss_z:0.338067,accu:0.960013,loss_recon:0.141845

8600-loss_z:9.016909,accu:0.392405,loss_recon:0.273805

8800-loss_z:0.327727,accu:0.966673,loss_recon:0.14035

8800-loss_z:9.295278,accu:0.379747,loss_recon:0.276506

9000-loss_z:0.317347,accu:0.971465,loss_recon:0.138427

9000-loss_z:9.529653,accu:0.379747,loss_recon:0.276523

9200-loss_z:0.307783,accu:0.974089,loss_recon:0.135145

9200-loss_z:9.771891,accu:0.392405,loss_recon:0.271758

9400-loss_z:0.297714,accu:0.978047,loss_recon:0.134536

9400-loss_z:10.053681,accu:0.379747,loss_recon:0.279417

9600-loss_z:0.288154,accu:0.97888,loss_recon:0.13302

9600-loss_z:10.27809,accu:0.379747,loss_recon:0.275534

9800-loss_z:0.277771,accu:0.982305,loss_recon:0.131639

9800-loss_z:10.495682,accu:0.379747,loss_recon:0.274579

10000-loss_z:0.26833,accu:0.984316,loss_recon:0.131772

10000-loss_z:10.808238,accu:0.367089,loss_recon:0.278207

10200-loss_z:0.261815,accu:0.987096,loss_recon:0.130777

10200-loss_z:11.070487,accu:0.367089,loss_recon:0.273919

10400-loss_z:0.250875,accu:0.987839,loss_recon:0.127961

10400-loss_z:11.36972,accu:0.367089,loss_recon:0.275012

10600-loss_z:0.245634,accu:0.987546,loss_recon:0.126492

10600-loss_z:11.666896,accu:0.379747,loss_recon:0.276918

10800-loss_z:0.234407,accu:0.988913,loss_recon:0.126297

10800-loss_z:11.929344,accu:0.367089,loss_recon:0.274374

11000-loss_z:0.227827,accu:0.990618,loss_recon:0.127058

11000-loss_z:12.236033,accu:0.35443,loss_recon:0.268162

11200-loss_z:0.220516,accu:0.992539,loss_recon:0.125138

11200-loss_z:12.47086,accu:0.379747,loss_recon:0.288598

11400-loss_z:0.212873,accu:0.992546,loss_recon:0.12601

11400-loss_z:12.798157,accu:0.367089,loss_recon:0.283228

11600-loss_z:0.20409,accu:0.990658,loss_recon:0.124562

11600-loss_z:13.020042,accu:0.379747,loss_recon:0.274837

11800-loss_z:0.198018,accu:0.992546,loss_recon:0.12235

11800-loss_z:13.309129,accu:0.392405,loss_recon:0.274097

12000-loss_z:0.190759,accu:0.992982,loss_recon:0.12186

12000-loss_z:13.586633,accu:0.405063,loss_recon:0.274842

12200-loss_z:0.184764,accu:0.9939,loss_recon:0.121305

12200-loss_z:13.880917,accu:0.392405,loss_recon:0.278971

12400-loss_z:0.180115,accu:0.994076,loss_recon:0.121703

12400-loss_z:14.211806,accu:0.392405,loss_recon:0.277108

12600-loss_z:0.173026,accu:0.994238,loss_recon:0.12134

12600-loss_z:14.442021,accu:0.417722,loss_recon:0.2792

12800-loss_z:0.166729,accu:0.996712,loss_recon:0.121253

12800-loss_z:14.680828,accu:0.405063,loss_recon:0.275987

13000-loss_z:0.161803,accu:0.995781,loss_recon:0.11877

13000-loss_z:14.994168,accu:0.379747,loss_recon:0.276641

13200-loss_z:0.157175,accu:0.997917,loss_recon:0.118985

13200-loss_z:15.255353,accu:0.405063,loss_recon:0.282968

13400-loss_z:0.150652,accu:0.997135,loss_recon:0.118011

13400-loss_z:15.498506,accu:0.392405,loss_recon:0.277171

13600-loss_z:0.144639,accu:0.996543,loss_recon:0.11815

13600-loss_z:15.753886,accu:0.417722,loss_recon:0.275301

13800-loss_z:0.140694,accu:0.996504,loss_recon:0.118671

13800-loss_z:16.008007,accu:0.392405,loss_recon:0.28134

14000-loss_z:0.135165,accu:0.99929,loss_recon:0.119423

14000-loss_z:16.28018,accu:0.392405,loss_recon:0.273281

14200-loss_z:0.130133,accu:0.998229,loss_recon:0.118719

14200-loss_z:16.503595,accu:0.392405,loss_recon:0.27766

14400-loss_z:0.123978,accu:0.998092,loss_recon:0.117622

14400-loss_z:16.695797,accu:0.392405,loss_recon:0.286583

14600-loss_z:0.119753,accu:0.998542,loss_recon:0.116866

14600-loss_z:16.947432,accu:0.392405,loss_recon:0.291233

14800-loss_z:0.115762,accu:0.998125,loss_recon:0.116233

14800-loss_z:17.18564,accu:0.405063,loss_recon:0.288084

15000-loss_z:0.113524,accu:0.999655,loss_recon:0.115912

15000-loss_z:17.450396,accu:0.379747,loss_recon:0.286792

15200-loss_z:0.108615,accu:0.999206,loss_recon:0.115492

15200-loss_z:17.630087,accu:0.405063,loss_recon:0.281509

15400-loss_z:0.104125,accu:0.999902,loss_recon:0.11609

15400-loss_z:17.831644,accu:0.392405,loss_recon:0.286099

15600-loss_z:0.100017,accu:0.999779,loss_recon:0.11664

15600-loss_z:18.05522,accu:0.379747,loss_recon:0.280599

15800-loss_z:0.095627,accu:0.999694,loss_recon:0.117171

15800-loss_z:18.252146,accu:0.417722,loss_recon:0.285326

16000-loss_z:0.092062,accu:1.0,loss_recon:0.113545

16000-loss_z:18.498976,accu:0.392405,loss_recon:0.287404

16200-loss_z:0.089166,accu:1.0,loss_recon:0.116165

16200-loss_z:18.766842,accu:0.392405,loss_recon:0.283366

16400-loss_z:0.084325,accu:1.0,loss_recon:0.115635

16400-loss_z:19.061434,accu:0.392405,loss_recon:0.280614

16600-loss_z:0.082458,accu:1.0,loss_recon:0.113027

16600-loss_z:19.307722,accu:0.392405,loss_recon:0.294711

16800-loss_z:0.077644,accu:1.0,loss_recon:0.115001

16800-loss_z:19.57831,accu:0.417722,loss_recon:0.292207

17000-loss_z:0.075419,accu:1.0,loss_recon:0.11486

17000-loss_z:19.770807,accu:0.43038,loss_recon:0.297282

17200-loss_z:0.071386,accu:1.0,loss_recon:0.115012

17200-loss_z:20.099987,accu:0.417722,loss_recon:0.296677

17400-loss_z:0.068596,accu:1.0,loss_recon:0.113696

17400-loss_z:20.332428,accu:0.417722,loss_recon:0.292572

17600-loss_z:0.066523,accu:1.0,loss_recon:0.113638

17600-loss_z:20.617409,accu:0.43038,loss_recon:0.287523

17800-loss_z:0.062146,accu:1.0,loss_recon:0.113329

17800-loss_z:20.868271,accu:0.417722,loss_recon:0.295563

18000-loss_z:0.060651,accu:1.0,loss_recon:0.114358

18000-loss_z:21.084078,accu:0.43038,loss_recon:0.294729

18200-loss_z:0.058555,accu:1.0,loss_recon:0.113184

18200-loss_z:21.436979,accu:0.417722,loss_recon:0.297584

18400-loss_z:0.055691,accu:1.0,loss_recon:0.114883

18400-loss_z:21.617664,accu:0.417722,loss_recon:0.293967

18600-loss_z:0.053417,accu:1.0,loss_recon:0.113574

18600-loss_z:21.981401,accu:0.405063,loss_recon:0.293748

18800-loss_z:0.051067,accu:1.0,loss_recon:0.113285

18800-loss_z:22.161102,accu:0.417722,loss_recon:0.300406

19000-loss_z:0.049678,accu:1.0,loss_recon:0.114303

19000-loss_z:22.417469,accu:0.405063,loss_recon:0.297157

19200-loss_z:0.046972,accu:1.0,loss_recon:0.11347

19200-loss_z:22.768372,accu:0.405063,loss_recon:0.297088

19400-loss_z:0.044368,accu:1.0,loss_recon:0.112835

19400-loss_z:23.088163,accu:0.405063,loss_recon:0.301046

19600-loss_z:0.042203,accu:1.0,loss_recon:0.111374

19600-loss_z:23.300493,accu:0.405063,loss_recon:0.298947

19800-loss_z:0.041005,accu:1.0,loss_recon:0.11181

19800-loss_z:23.596901,accu:0.405063,loss_recon:0.309843

20000-loss_z:0.038689,accu:1.0,loss_recon:0.109868

20000-loss_z:23.956255,accu:0.405063,loss_recon:0.304401

Continue training
New FC model is initialized
200-loss_z:2.614901,accu:0.198027,loss_recon:1.170919

200-loss_z:2.57747,accu:0.063291,loss_recon:0.748662

400-loss_z:2.057232,accu:0.307487,loss_recon:0.616891

400-loss_z:2.397876,accu:0.088608,loss_recon:0.565015

600-loss_z:1.793923,accu:0.365293,loss_recon:0.477142

600-loss_z:2.392201,accu:0.101266,loss_recon:0.435793

800-loss_z:1.615667,accu:0.411673,loss_recon:0.384714

800-loss_z:2.415136,accu:0.101266,loss_recon:0.360232

1000-loss_z:1.495607,accu:0.446647,loss_recon:0.33098

1000-loss_z:2.463616,accu:0.126582,loss_recon:0.325973

1200-loss_z:1.403566,accu:0.487044,loss_recon:0.299854

1200-loss_z:2.513466,accu:0.164557,loss_recon:0.304892

1400-loss_z:1.315381,accu:0.523268,loss_recon:0.274475

1400-loss_z:2.554997,accu:0.139241,loss_recon:0.28772

1600-loss_z:1.246502,accu:0.558027,loss_recon:0.252781

1600-loss_z:2.616985,accu:0.202532,loss_recon:0.277835

1800-loss_z:1.188365,accu:0.573132,loss_recon:0.235846

1800-loss_z:2.650836,accu:0.164557,loss_recon:0.266641

2000-loss_z:1.123935,accu:0.599121,loss_recon:0.225471

2000-loss_z:2.693011,accu:0.202532,loss_recon:0.264997

2200-loss_z:1.067333,accu:0.625592,loss_recon:0.215415

2200-loss_z:2.763051,accu:0.202532,loss_recon:0.263502

2400-loss_z:1.018545,accu:0.648457,loss_recon:0.204437

2400-loss_z:2.849326,accu:0.202532,loss_recon:0.263625

2600-loss_z:0.972565,accu:0.664577,loss_recon:0.201516

2600-loss_z:2.967462,accu:0.189873,loss_recon:0.263364

2800-loss_z:0.930704,accu:0.677708,loss_recon:0.197412

2800-loss_z:3.051286,accu:0.253165,loss_recon:0.261191

3000-loss_z:0.891228,accu:0.710684,loss_recon:0.189904

3000-loss_z:3.158208,accu:0.253165,loss_recon:0.268469

3200-loss_z:0.853315,accu:0.725977,loss_recon:0.187301

3200-loss_z:3.296663,accu:0.265823,loss_recon:0.271845

3400-loss_z:0.822675,accu:0.732832,loss_recon:0.184523

3400-loss_z:3.432577,accu:0.253165,loss_recon:0.280803

3600-loss_z:0.786808,accu:0.74748,loss_recon:0.180722

3600-loss_z:3.591257,accu:0.240506,loss_recon:0.28116

3800-loss_z:0.763324,accu:0.747786,loss_recon:0.177335

3800-loss_z:3.753124,accu:0.291139,loss_recon:0.276131

4000-loss_z:0.731765,accu:0.760059,loss_recon:0.17693

4000-loss_z:3.898882,accu:0.265823,loss_recon:0.288006

4200-loss_z:0.708205,accu:0.77918,loss_recon:0.1732

4200-loss_z:4.11342,accu:0.291139,loss_recon:0.28116

4400-loss_z:0.684247,accu:0.784818,loss_recon:0.171331

4400-loss_z:4.286817,accu:0.291139,loss_recon:0.29669

4600-loss_z:0.660551,accu:0.793184,loss_recon:0.167355

4600-loss_z:4.519898,accu:0.291139,loss_recon:0.291137

4800-loss_z:0.639658,accu:0.797728,loss_recon:0.164459

4800-loss_z:4.805319,accu:0.303797,loss_recon:0.296395

5000-loss_z:0.619435,accu:0.807786,loss_recon:0.162529

5000-loss_z:5.070031,accu:0.329114,loss_recon:0.299226

5200-loss_z:0.596862,accu:0.821322,loss_recon:0.16397

5200-loss_z:5.305005,accu:0.329114,loss_recon:0.297889

5400-loss_z:0.582531,accu:0.825156,loss_recon:0.159633

5400-loss_z:5.569662,accu:0.303797,loss_recon:0.303685

5600-loss_z:0.559074,accu:0.838398,loss_recon:0.159208

5600-loss_z:5.896766,accu:0.341772,loss_recon:0.309615

5800-loss_z:0.542397,accu:0.844297,loss_recon:0.158321

5800-loss_z:6.209611,accu:0.303797,loss_recon:0.305632

6000-loss_z:0.521744,accu:0.859954,loss_recon:0.155358

6000-loss_z:6.547235,accu:0.35443,loss_recon:0.312848

6200-loss_z:0.506946,accu:0.863236,loss_recon:0.154152

6200-loss_z:6.860363,accu:0.35443,loss_recon:0.313925

6400-loss_z:0.487946,accu:0.883724,loss_recon:0.153208

6400-loss_z:7.187783,accu:0.341772,loss_recon:0.309974

6600-loss_z:0.475569,accu:0.889447,loss_recon:0.152936

6600-loss_z:7.504908,accu:0.379747,loss_recon:0.31486

6800-loss_z:0.457599,accu:0.898464,loss_recon:0.14926

6800-loss_z:7.86924,accu:0.379747,loss_recon:0.317379

7000-loss_z:0.437408,accu:0.898672,loss_recon:0.148275

7000-loss_z:8.215096,accu:0.379747,loss_recon:0.310397

7200-loss_z:0.426551,accu:0.90541,loss_recon:0.146758

7200-loss_z:8.612329,accu:0.367089,loss_recon:0.320798

7400-loss_z:0.415764,accu:0.906439,loss_recon:0.145188

7400-loss_z:8.897989,accu:0.379747,loss_recon:0.322269

7600-loss_z:0.400393,accu:0.917201,loss_recon:0.144187

7600-loss_z:9.20942,accu:0.379747,loss_recon:0.320983

7800-loss_z:0.383066,accu:0.928438,loss_recon:0.144238

7800-loss_z:9.489533,accu:0.379747,loss_recon:0.31622

8000-loss_z:0.375631,accu:0.933047,loss_recon:0.144674

8000-loss_z:9.766677,accu:0.367089,loss_recon:0.324588

8200-loss_z:0.360747,accu:0.938958,loss_recon:0.142596

8200-loss_z:10.066953,accu:0.367089,loss_recon:0.316115

8400-loss_z:0.351132,accu:0.942207,loss_recon:0.142644

8400-loss_z:10.339502,accu:0.367089,loss_recon:0.332296

8600-loss_z:0.337191,accu:0.946816,loss_recon:0.141907

8600-loss_z:10.61128,accu:0.35443,loss_recon:0.332397

8800-loss_z:0.327015,accu:0.950898,loss_recon:0.140775

8800-loss_z:10.903234,accu:0.367089,loss_recon:0.317821

9000-loss_z:0.319946,accu:0.950397,loss_recon:0.138731

9000-loss_z:11.190015,accu:0.35443,loss_recon:0.326168

9200-loss_z:0.306221,accu:0.952975,loss_recon:0.138697

9200-loss_z:11.519905,accu:0.35443,loss_recon:0.313902

9400-loss_z:0.297888,accu:0.955612,loss_recon:0.139842

9400-loss_z:11.791609,accu:0.367089,loss_recon:0.318748

9600-loss_z:0.289259,accu:0.955378,loss_recon:0.138005

9600-loss_z:12.134005,accu:0.35443,loss_recon:0.320031

9800-loss_z:0.283589,accu:0.954961,loss_recon:0.137397

9800-loss_z:12.450068,accu:0.35443,loss_recon:0.33436

10000-loss_z:0.270716,accu:0.95778,loss_recon:0.137156

10000-loss_z:12.811432,accu:0.367089,loss_recon:0.32161

10200-loss_z:0.262997,accu:0.955553,loss_recon:0.135166

10200-loss_z:13.129251,accu:0.35443,loss_recon:0.321582

10400-loss_z:0.255781,accu:0.958776,loss_recon:0.136183

10400-loss_z:13.435719,accu:0.35443,loss_recon:0.325489

10600-loss_z:0.247656,accu:0.960938,loss_recon:0.133001

10600-loss_z:13.743032,accu:0.367089,loss_recon:0.320889

10800-loss_z:0.238659,accu:0.961836,loss_recon:0.131992

10800-loss_z:14.11142,accu:0.35443,loss_recon:0.318812

11000-loss_z:0.234858,accu:0.959948,loss_recon:0.132755

11000-loss_z:14.422685,accu:0.35443,loss_recon:0.319096

11200-loss_z:0.226646,accu:0.963561,loss_recon:0.133916

11200-loss_z:14.76484,accu:0.35443,loss_recon:0.331122

11400-loss_z:0.220537,accu:0.967409,loss_recon:0.131779

11400-loss_z:15.107828,accu:0.35443,loss_recon:0.324371

11600-loss_z:0.209951,accu:0.967161,loss_recon:0.131985

11600-loss_z:15.406162,accu:0.35443,loss_recon:0.32884

11800-loss_z:0.208165,accu:0.966764,loss_recon:0.130369

11800-loss_z:15.803928,accu:0.35443,loss_recon:0.323118

12000-loss_z:0.202894,accu:0.964642,loss_recon:0.129764

12000-loss_z:16.178032,accu:0.367089,loss_recon:0.339443

12200-loss_z:0.195711,accu:0.967552,loss_recon:0.126949

12200-loss_z:16.554821,accu:0.367089,loss_recon:0.318793

12400-loss_z:0.192217,accu:0.965938,loss_recon:0.126601

12400-loss_z:16.862123,accu:0.35443,loss_recon:0.331111

12600-loss_z:0.186311,accu:0.970358,loss_recon:0.126464

12600-loss_z:17.201033,accu:0.367089,loss_recon:0.347658

12800-loss_z:0.18075,accu:0.972741,loss_recon:0.127164

12800-loss_z:17.602669,accu:0.35443,loss_recon:0.325814

13000-loss_z:0.178088,accu:0.971439,loss_recon:0.127173

13000-loss_z:17.960863,accu:0.35443,loss_recon:0.330175

13200-loss_z:0.17075,accu:0.970547,loss_recon:0.126695

13200-loss_z:18.268608,accu:0.367089,loss_recon:0.338253

13400-loss_z:0.167013,accu:0.973574,loss_recon:0.126374

13400-loss_z:18.606142,accu:0.341772,loss_recon:0.334419

13600-loss_z:0.159556,accu:0.975202,loss_recon:0.124978

13600-loss_z:18.900225,accu:0.35443,loss_recon:0.329381

13800-loss_z:0.158725,accu:0.972266,loss_recon:0.125218

13800-loss_z:19.258499,accu:0.367089,loss_recon:0.332797

14000-loss_z:0.15197,accu:0.975085,loss_recon:0.125168

14000-loss_z:19.51029,accu:0.35443,loss_recon:0.332553

14200-loss_z:0.148025,accu:0.975534,loss_recon:0.124414

14200-loss_z:19.859644,accu:0.35443,loss_recon:0.339745

14400-loss_z:0.144168,accu:0.976947,loss_recon:0.124498

14400-loss_z:20.1639,accu:0.35443,loss_recon:0.322309

14600-loss_z:0.140821,accu:0.976628,loss_recon:0.125399

14600-loss_z:20.498026,accu:0.35443,loss_recon:0.3321

14800-loss_z:0.137362,accu:0.975775,loss_recon:0.12487

14800-loss_z:20.81645,accu:0.35443,loss_recon:0.325958

15000-loss_z:0.131933,accu:0.979915,loss_recon:0.124025

15000-loss_z:21.157932,accu:0.35443,loss_recon:0.336525

15200-loss_z:0.128585,accu:0.978737,loss_recon:0.124091

15200-loss_z:21.51675,accu:0.35443,loss_recon:0.33275

15400-loss_z:0.123004,accu:0.98099,loss_recon:0.123792

15400-loss_z:21.918249,accu:0.35443,loss_recon:0.327063

15600-loss_z:0.124418,accu:0.977552,loss_recon:0.121997

15600-loss_z:22.277821,accu:0.35443,loss_recon:0.335868

15800-loss_z:0.120232,accu:0.979232,loss_recon:0.122908

15800-loss_z:22.618919,accu:0.35443,loss_recon:0.326398

16000-loss_z:0.115875,accu:0.980358,loss_recon:0.121534

16000-loss_z:22.932377,accu:0.367089,loss_recon:0.324896

16200-loss_z:0.113718,accu:0.980098,loss_recon:0.123939

16200-loss_z:23.293629,accu:0.329114,loss_recon:0.328373

16400-loss_z:0.112129,accu:0.979219,loss_recon:0.121884

16400-loss_z:23.675989,accu:0.329114,loss_recon:0.329123

16600-loss_z:0.10733,accu:0.979629,loss_recon:0.122592

16600-loss_z:23.96455,accu:0.329114,loss_recon:0.329302

16800-loss_z:0.104487,accu:0.979219,loss_recon:0.122041

16800-loss_z:24.307384,accu:0.316456,loss_recon:0.337203

17000-loss_z:0.102972,accu:0.979362,loss_recon:0.12315

17000-loss_z:24.636633,accu:0.341772,loss_recon:0.325905

17200-loss_z:0.100537,accu:0.980117,loss_recon:0.122525

17200-loss_z:24.921232,accu:0.316456,loss_recon:0.32647

17400-loss_z:0.097729,accu:0.979779,loss_recon:0.121896

17400-loss_z:25.189587,accu:0.316456,loss_recon:0.340396

17600-loss_z:0.098128,accu:0.978783,loss_recon:0.121686

17600-loss_z:25.490694,accu:0.329114,loss_recon:0.334397

17800-loss_z:0.092279,accu:0.981615,loss_recon:0.121869

17800-loss_z:25.76244,accu:0.316456,loss_recon:0.334158

18000-loss_z:0.089997,accu:0.98041,loss_recon:0.122368

18000-loss_z:26.063736,accu:0.303797,loss_recon:0.330372

18200-loss_z:0.087382,accu:0.980482,loss_recon:0.120726

18200-loss_z:26.362423,accu:0.329114,loss_recon:0.323243

18400-loss_z:0.085998,accu:0.980436,loss_recon:0.122668

18400-loss_z:26.415043,accu:0.341772,loss_recon:0.340327

18600-loss_z:0.084392,accu:0.97806,loss_recon:0.118668

18600-loss_z:26.205048,accu:0.341772,loss_recon:0.328997

18800-loss_z:0.081715,accu:0.97972,loss_recon:0.121603

18800-loss_z:25.979155,accu:0.35443,loss_recon:0.343309

19000-loss_z:0.079417,accu:0.9814,loss_recon:0.119789

19000-loss_z:25.912638,accu:0.367089,loss_recon:0.334133

19200-loss_z:0.077151,accu:0.981654,loss_recon:0.122153

19200-loss_z:25.825794,accu:0.379747,loss_recon:0.327362

19400-loss_z:0.074339,accu:0.983607,loss_recon:0.121965

19400-loss_z:25.92063,accu:0.379747,loss_recon:0.340627

19600-loss_z:0.072486,accu:0.981445,loss_recon:0.120839

19600-loss_z:25.954147,accu:0.367089,loss_recon:0.333214

19800-loss_z:0.071908,accu:0.982572,loss_recon:0.119776

19800-loss_z:25.988634,accu:0.367089,loss_recon:0.32975

20000-loss_z:0.069924,accu:0.985612,loss_recon:0.120482

20000-loss_z:26.190689,accu:0.392405,loss_recon:0.338893

Continue training
New FC model is initialized
200-loss_z:2.679516,accu:0.144389,loss_recon:1.366058

200-loss_z:2.643348,accu:0.050633,loss_recon:0.81852

400-loss_z:2.103462,accu:0.295436,loss_recon:0.582955

400-loss_z:2.507409,accu:0.050633,loss_recon:0.530526

600-loss_z:1.818165,accu:0.387246,loss_recon:0.430035

600-loss_z:2.494291,accu:0.050633,loss_recon:0.425822

800-loss_z:1.628529,accu:0.434134,loss_recon:0.37438

800-loss_z:2.535519,accu:0.164557,loss_recon:0.384196

1000-loss_z:1.484177,accu:0.469993,loss_recon:0.339496

1000-loss_z:2.61181,accu:0.151899,loss_recon:0.356595

1200-loss_z:1.370675,accu:0.51248,loss_recon:0.318569

1200-loss_z:2.708772,accu:0.227848,loss_recon:0.331333

1400-loss_z:1.282385,accu:0.540684,loss_recon:0.292819

1400-loss_z:2.850545,accu:0.21519,loss_recon:0.311613

1600-loss_z:1.19308,accu:0.573568,loss_recon:0.272553

1600-loss_z:2.98332,accu:0.21519,loss_recon:0.303489

1800-loss_z:1.115108,accu:0.609707,loss_recon:0.254224

1800-loss_z:3.14536,accu:0.227848,loss_recon:0.30542

2000-loss_z:1.049757,accu:0.640007,loss_recon:0.23756

2000-loss_z:3.329222,accu:0.240506,loss_recon:0.301918

2200-loss_z:0.996001,accu:0.679512,loss_recon:0.224446

2200-loss_z:3.5359,accu:0.227848,loss_recon:0.307988

2400-loss_z:0.947541,accu:0.689479,loss_recon:0.219492

2400-loss_z:3.721021,accu:0.240506,loss_recon:0.308455

2600-loss_z:0.908462,accu:0.722246,loss_recon:0.215474

2600-loss_z:3.959617,accu:0.253165,loss_recon:0.305902

2800-loss_z:0.865391,accu:0.751738,loss_recon:0.207231

2800-loss_z:4.187325,accu:0.240506,loss_recon:0.30825

3000-loss_z:0.825284,accu:0.770846,loss_recon:0.200333

3000-loss_z:4.420091,accu:0.253165,loss_recon:0.311459

3200-loss_z:0.789725,accu:0.781309,loss_recon:0.191902

3200-loss_z:4.651075,accu:0.253165,loss_recon:0.304095

3400-loss_z:0.758897,accu:0.795996,loss_recon:0.18459

3400-loss_z:4.925026,accu:0.240506,loss_recon:0.308103

3600-loss_z:0.735237,accu:0.806725,loss_recon:0.178999

3600-loss_z:5.169824,accu:0.240506,loss_recon:0.309131

3800-loss_z:0.703312,accu:0.81776,loss_recon:0.174492

3800-loss_z:5.453963,accu:0.240506,loss_recon:0.299217

4000-loss_z:0.678109,accu:0.83069,loss_recon:0.172337

4000-loss_z:5.724429,accu:0.253165,loss_recon:0.316586

4200-loss_z:0.648461,accu:0.838685,loss_recon:0.167386

4200-loss_z:5.998187,accu:0.278481,loss_recon:0.30986

4400-loss_z:0.630281,accu:0.850788,loss_recon:0.166594

4400-loss_z:6.290046,accu:0.278481,loss_recon:0.30976

4600-loss_z:0.607462,accu:0.85513,loss_recon:0.162918

4600-loss_z:6.579558,accu:0.265823,loss_recon:0.304293

4800-loss_z:0.584677,accu:0.878704,loss_recon:0.165515

4800-loss_z:6.873123,accu:0.265823,loss_recon:0.311836

5000-loss_z:0.56013,accu:0.891426,loss_recon:0.157558

5000-loss_z:7.212511,accu:0.278481,loss_recon:0.315894

5200-loss_z:0.5415,accu:0.901719,loss_recon:0.15518

5200-loss_z:7.502163,accu:0.278481,loss_recon:0.313562

5400-loss_z:0.524987,accu:0.900938,loss_recon:0.154173

5400-loss_z:7.784991,accu:0.291139,loss_recon:0.310806

5600-loss_z:0.509048,accu:0.902077,loss_recon:0.15268

5600-loss_z:8.121471,accu:0.278481,loss_recon:0.318988

5800-loss_z:0.486986,accu:0.91196,loss_recon:0.151203

5800-loss_z:8.439524,accu:0.278481,loss_recon:0.315299

6000-loss_z:0.470641,accu:0.919974,loss_recon:0.149803

6000-loss_z:8.787765,accu:0.278481,loss_recon:0.315023

6200-loss_z:0.454268,accu:0.924349,loss_recon:0.145639

6200-loss_z:9.118195,accu:0.265823,loss_recon:0.315691

6400-loss_z:0.436315,accu:0.932305,loss_recon:0.146641

6400-loss_z:9.474453,accu:0.265823,loss_recon:0.322663

6600-loss_z:0.426117,accu:0.933757,loss_recon:0.143356

6600-loss_z:9.793941,accu:0.278481,loss_recon:0.313306

6800-loss_z:0.411036,accu:0.935443,loss_recon:0.143171

6800-loss_z:10.135701,accu:0.303797,loss_recon:0.321131

7000-loss_z:0.393694,accu:0.946719,loss_recon:0.142367

7000-loss_z:10.481723,accu:0.303797,loss_recon:0.314857

7200-loss_z:0.385302,accu:0.955378,loss_recon:0.14361

7200-loss_z:10.8239,accu:0.303797,loss_recon:0.320484

7400-loss_z:0.372124,accu:0.957669,loss_recon:0.137563

7400-loss_z:11.198106,accu:0.291139,loss_recon:0.3217

7600-loss_z:0.358017,accu:0.96515,loss_recon:0.14039

7600-loss_z:11.556659,accu:0.303797,loss_recon:0.317448

7800-loss_z:0.348423,accu:0.966634,loss_recon:0.139073

7800-loss_z:11.89929,accu:0.329114,loss_recon:0.318213

8000-loss_z:0.332658,accu:0.974082,loss_recon:0.135741

8000-loss_z:12.274409,accu:0.316456,loss_recon:0.335707

8200-loss_z:0.32329,accu:0.975,loss_recon:0.139398

8200-loss_z:12.618784,accu:0.316456,loss_recon:0.322747

8400-loss_z:0.311622,accu:0.975234,loss_recon:0.137712

8400-loss_z:12.985441,accu:0.329114,loss_recon:0.330107

8600-loss_z:0.304088,accu:0.976751,loss_recon:0.136654

8600-loss_z:13.347723,accu:0.341772,loss_recon:0.327043

8800-loss_z:0.295266,accu:0.979486,loss_recon:0.135411

8800-loss_z:13.704309,accu:0.35443,loss_recon:0.323404

9000-loss_z:0.283588,accu:0.977799,loss_recon:0.134942

9000-loss_z:14.061658,accu:0.35443,loss_recon:0.334156

9200-loss_z:0.270348,accu:0.979824,loss_recon:0.13373

9200-loss_z:14.451606,accu:0.341772,loss_recon:0.338011

9400-loss_z:0.264425,accu:0.981055,loss_recon:0.133035

9400-loss_z:14.825282,accu:0.367089,loss_recon:0.344589

9600-loss_z:0.255394,accu:0.982695,loss_recon:0.130754

9600-loss_z:15.193305,accu:0.379747,loss_recon:0.334523

9800-loss_z:0.246636,accu:0.98002,loss_recon:0.12987

9800-loss_z:15.609434,accu:0.379747,loss_recon:0.346546

10000-loss_z:0.238908,accu:0.985475,loss_recon:0.131107

10000-loss_z:16.038095,accu:0.35443,loss_recon:0.344202

10200-loss_z:0.232307,accu:0.986471,loss_recon:0.130191

10200-loss_z:16.400129,accu:0.379747,loss_recon:0.340161

10400-loss_z:0.22469,accu:0.985397,loss_recon:0.127905

10400-loss_z:16.822237,accu:0.379747,loss_recon:0.34811

10600-loss_z:0.218487,accu:0.986862,loss_recon:0.128562

10600-loss_z:17.309727,accu:0.367089,loss_recon:0.351526

10800-loss_z:0.21066,accu:0.985977,loss_recon:0.127048

10800-loss_z:17.72208,accu:0.367089,loss_recon:0.351715

11000-loss_z:0.20439,accu:0.985762,loss_recon:0.127561

11000-loss_z:18.124598,accu:0.367089,loss_recon:0.370583

11200-loss_z:0.195178,accu:0.987539,loss_recon:0.125137

11200-loss_z:18.591129,accu:0.379747,loss_recon:0.351229

11400-loss_z:0.189202,accu:0.987376,loss_recon:0.124963

11400-loss_z:19.091257,accu:0.379747,loss_recon:0.358056

11600-loss_z:0.183135,accu:0.98819,loss_recon:0.124776

11600-loss_z:19.615959,accu:0.379747,loss_recon:0.360325

11800-loss_z:0.177657,accu:0.987858,loss_recon:0.123681

11800-loss_z:20.060804,accu:0.379747,loss_recon:0.360478

12000-loss_z:0.171893,accu:0.990658,loss_recon:0.123403

12000-loss_z:20.601618,accu:0.392405,loss_recon:0.370308

12200-loss_z:0.165029,accu:0.991029,loss_recon:0.121979

12200-loss_z:21.072523,accu:0.379747,loss_recon:0.367208

12400-loss_z:0.160576,accu:0.990046,loss_recon:0.121398

12400-loss_z:21.606138,accu:0.392405,loss_recon:0.368328

12600-loss_z:0.155544,accu:0.988594,loss_recon:0.121276

12600-loss_z:22.144979,accu:0.392405,loss_recon:0.369444

12800-loss_z:0.14942,accu:0.992415,loss_recon:0.121508

12800-loss_z:22.615068,accu:0.379747,loss_recon:0.372926

13000-loss_z:0.143087,accu:0.993294,loss_recon:0.12077

13000-loss_z:23.177519,accu:0.405063,loss_recon:0.372879

13200-loss_z:0.139008,accu:0.994069,loss_recon:0.12027

13200-loss_z:23.655718,accu:0.379747,loss_recon:0.376581

13400-loss_z:0.134067,accu:0.991934,loss_recon:0.120706

13400-loss_z:24.201696,accu:0.379747,loss_recon:0.374812

13600-loss_z:0.131813,accu:0.993548,loss_recon:0.118206

13600-loss_z:24.723797,accu:0.392405,loss_recon:0.378697

13800-loss_z:0.125717,accu:0.994323,loss_recon:0.120028

13800-loss_z:25.224947,accu:0.367089,loss_recon:0.3771

14000-loss_z:0.122381,accu:0.994421,loss_recon:0.11948

14000-loss_z:25.821541,accu:0.379747,loss_recon:0.384358

14200-loss_z:0.118216,accu:0.993893,loss_recon:0.116974

14200-loss_z:26.4123,accu:0.379747,loss_recon:0.390195

14400-loss_z:0.113616,accu:0.994531,loss_recon:0.117436

14400-loss_z:26.978594,accu:0.392405,loss_recon:0.382073

14600-loss_z:0.110783,accu:0.994453,loss_recon:0.117521

14600-loss_z:27.53574,accu:0.379747,loss_recon:0.386871

14800-loss_z:0.10672,accu:0.996022,loss_recon:0.117803

14800-loss_z:28.131706,accu:0.392405,loss_recon:0.395469

15000-loss_z:0.103634,accu:0.996921,loss_recon:0.117797

15000-loss_z:28.755098,accu:0.367089,loss_recon:0.375333

15200-loss_z:0.099707,accu:0.996113,loss_recon:0.11585

15200-loss_z:29.388897,accu:0.392405,loss_recon:0.390739

15400-loss_z:0.095924,accu:0.994974,loss_recon:0.116944

15400-loss_z:29.987967,accu:0.379747,loss_recon:0.389155

15600-loss_z:0.093183,accu:0.996432,loss_recon:0.116151

15600-loss_z:30.600307,accu:0.379747,loss_recon:0.382054

15800-loss_z:0.089835,accu:0.997819,loss_recon:0.114035

15800-loss_z:31.210091,accu:0.392405,loss_recon:0.388999

16000-loss_z:0.087638,accu:0.997865,loss_recon:0.11548

16000-loss_z:31.774977,accu:0.417722,loss_recon:0.384602

16200-loss_z:0.084766,accu:0.998268,loss_recon:0.11583

16200-loss_z:32.41169,accu:0.379747,loss_recon:0.402596

16400-loss_z:0.08097,accu:0.998027,loss_recon:0.115452

16400-loss_z:33.069004,accu:0.392405,loss_recon:0.395883

16600-loss_z:0.077826,accu:0.999505,loss_recon:0.114751

16600-loss_z:33.681004,accu:0.379747,loss_recon:0.388346

16800-loss_z:0.075759,accu:0.999505,loss_recon:0.11532

16800-loss_z:34.37944,accu:0.379747,loss_recon:0.395575

17000-loss_z:0.073714,accu:0.998659,loss_recon:0.113729

17000-loss_z:35.050404,accu:0.367089,loss_recon:0.387859

17200-loss_z:0.070952,accu:0.999876,loss_recon:0.11419

17200-loss_z:35.682835,accu:0.367089,loss_recon:0.392977

17400-loss_z:0.068232,accu:0.999232,loss_recon:0.11419

17400-loss_z:36.367809,accu:0.379747,loss_recon:0.395965

17600-loss_z:0.066937,accu:1.0,loss_recon:0.113409

17600-loss_z:36.989262,accu:0.392405,loss_recon:0.411094

17800-loss_z:0.064054,accu:0.999557,loss_recon:0.113765

17800-loss_z:37.609814,accu:0.379747,loss_recon:0.394247

18000-loss_z:0.061892,accu:1.0,loss_recon:0.113918

18000-loss_z:38.361366,accu:0.367089,loss_recon:0.40309

18200-loss_z:0.059419,accu:1.0,loss_recon:0.111638

18200-loss_z:39.000515,accu:0.379747,loss_recon:0.399872

18400-loss_z:0.057526,accu:0.999876,loss_recon:0.111468

18400-loss_z:39.663387,accu:0.379747,loss_recon:0.404588

18600-loss_z:0.054856,accu:1.0,loss_recon:0.110846

18600-loss_z:40.397568,accu:0.379747,loss_recon:0.402137

18800-loss_z:0.054154,accu:1.0,loss_recon:0.110989

18800-loss_z:40.987995,accu:0.379747,loss_recon:0.402365

19000-loss_z:0.05094,accu:1.0,loss_recon:0.111415

19000-loss_z:41.669426,accu:0.379747,loss_recon:0.392591

19200-loss_z:0.049185,accu:1.0,loss_recon:0.110944

19200-loss_z:42.440796,accu:0.367089,loss_recon:0.406282

19400-loss_z:0.047601,accu:1.0,loss_recon:0.109798

19400-loss_z:43.192505,accu:0.367089,loss_recon:0.398205

19600-loss_z:0.047403,accu:1.0,loss_recon:0.110906

19600-loss_z:43.910095,accu:0.379747,loss_recon:0.396754

19800-loss_z:0.043864,accu:1.0,loss_recon:0.110529

19800-loss_z:44.671371,accu:0.367089,loss_recon:0.422074

20000-loss_z:0.042708,accu:1.0,loss_recon:0.110551

20000-loss_z:45.39703,accu:0.379747,loss_recon:0.418555

Continue training
New FC model is initialized
200-loss_z:2.719136,accu:0.129062,loss_recon:1.499087

200-loss_z:2.766607,accu:0.075949,loss_recon:0.858891

400-loss_z:2.138326,accu:0.274681,loss_recon:0.649863

400-loss_z:2.52295,accu:0.050633,loss_recon:0.599175

600-loss_z:1.832365,accu:0.317845,loss_recon:0.4716

600-loss_z:2.453874,accu:0.075949,loss_recon:0.439912

800-loss_z:1.646228,accu:0.383984,loss_recon:0.373162

800-loss_z:2.457863,accu:0.113924,loss_recon:0.359988

1000-loss_z:1.504559,accu:0.453086,loss_recon:0.322478

1000-loss_z:2.487485,accu:0.164557,loss_recon:0.313333

1200-loss_z:1.391125,accu:0.504967,loss_recon:0.282882

1200-loss_z:2.542204,accu:0.189873,loss_recon:0.287577

1400-loss_z:1.296897,accu:0.533522,loss_recon:0.249859

1400-loss_z:2.608013,accu:0.21519,loss_recon:0.27325

1600-loss_z:1.216822,accu:0.567552,loss_recon:0.230739

1600-loss_z:2.678487,accu:0.189873,loss_recon:0.26863

1800-loss_z:1.147257,accu:0.597311,loss_recon:0.214958

1800-loss_z:2.761919,accu:0.189873,loss_recon:0.266573

2000-loss_z:1.084823,accu:0.618763,loss_recon:0.203486

2000-loss_z:2.841647,accu:0.240506,loss_recon:0.261035

2200-loss_z:1.022437,accu:0.650586,loss_recon:0.195724

2200-loss_z:2.95271,accu:0.227848,loss_recon:0.259244

2400-loss_z:0.971081,accu:0.671146,loss_recon:0.191222

2400-loss_z:3.068671,accu:0.240506,loss_recon:0.262426

2600-loss_z:0.926094,accu:0.705339,loss_recon:0.185826

2600-loss_z:3.161743,accu:0.265823,loss_recon:0.264914

2800-loss_z:0.877241,accu:0.725247,loss_recon:0.182562

2800-loss_z:3.295216,accu:0.265823,loss_recon:0.256644

3000-loss_z:0.836831,accu:0.733236,loss_recon:0.175562

3000-loss_z:3.388528,accu:0.253165,loss_recon:0.258477

3200-loss_z:0.792789,accu:0.760228,loss_recon:0.17118

3200-loss_z:3.534195,accu:0.253165,loss_recon:0.260679

3400-loss_z:0.759316,accu:0.788145,loss_recon:0.166714

3400-loss_z:3.662517,accu:0.253165,loss_recon:0.266078

3600-loss_z:0.725446,accu:0.807181,loss_recon:0.161402

3600-loss_z:3.800315,accu:0.265823,loss_recon:0.260111

3800-loss_z:0.696543,accu:0.81082,loss_recon:0.159568

3800-loss_z:3.942055,accu:0.253165,loss_recon:0.260571

4000-loss_z:0.670336,accu:0.828073,loss_recon:0.158371

4000-loss_z:4.084604,accu:0.240506,loss_recon:0.265953

4200-loss_z:0.640342,accu:0.840677,loss_recon:0.152434

4200-loss_z:4.227641,accu:0.253165,loss_recon:0.262231

4400-loss_z:0.617507,accu:0.85737,loss_recon:0.150239

4400-loss_z:4.350988,accu:0.265823,loss_recon:0.26162

4600-loss_z:0.592603,accu:0.873151,loss_recon:0.146066

4600-loss_z:4.476404,accu:0.265823,loss_recon:0.263614

4800-loss_z:0.571568,accu:0.875345,loss_recon:0.146032

4800-loss_z:4.612127,accu:0.240506,loss_recon:0.259265

5000-loss_z:0.552676,accu:0.879245,loss_recon:0.143073

5000-loss_z:4.690687,accu:0.278481,loss_recon:0.256293

5200-loss_z:0.534448,accu:0.894408,loss_recon:0.140453

5200-loss_z:4.827284,accu:0.291139,loss_recon:0.266996

5400-loss_z:0.512034,accu:0.895436,loss_recon:0.138273

5400-loss_z:4.933745,accu:0.265823,loss_recon:0.256222

5600-loss_z:0.495417,accu:0.890241,loss_recon:0.138911

5600-loss_z:5.048046,accu:0.265823,loss_recon:0.270046

5800-loss_z:0.479164,accu:0.9064,loss_recon:0.138536

5800-loss_z:5.14179,accu:0.316456,loss_recon:0.261647

6000-loss_z:0.46394,accu:0.90653,loss_recon:0.137638

6000-loss_z:5.276223,accu:0.303797,loss_recon:0.263045

6200-loss_z:0.447425,accu:0.911829,loss_recon:0.135995

6200-loss_z:5.373115,accu:0.303797,loss_recon:0.264315

6400-loss_z:0.429884,accu:0.918802,loss_recon:0.134249

6400-loss_z:5.500361,accu:0.329114,loss_recon:0.267678

6600-loss_z:0.4207,accu:0.92196,loss_recon:0.137131

6600-loss_z:5.642375,accu:0.316456,loss_recon:0.266638

6800-loss_z:0.404282,accu:0.92472,loss_recon:0.13668

6800-loss_z:5.769864,accu:0.303797,loss_recon:0.268958

7000-loss_z:0.394283,accu:0.922962,loss_recon:0.133716

7000-loss_z:5.930051,accu:0.316456,loss_recon:0.267183

7200-loss_z:0.380669,accu:0.923307,loss_recon:0.134824

7200-loss_z:6.07118,accu:0.329114,loss_recon:0.272365

7400-loss_z:0.368229,accu:0.932598,loss_recon:0.134204

7400-loss_z:6.192675,accu:0.316456,loss_recon:0.271524

7600-loss_z:0.356901,accu:0.932174,loss_recon:0.131504

7600-loss_z:6.334525,accu:0.303797,loss_recon:0.271024

7800-loss_z:0.340808,accu:0.934753,loss_recon:0.131097

7800-loss_z:6.4623,accu:0.303797,loss_recon:0.280951

8000-loss_z:0.335061,accu:0.941113,loss_recon:0.132849

8000-loss_z:6.613575,accu:0.303797,loss_recon:0.274369

8200-loss_z:0.32697,accu:0.942253,loss_recon:0.132408

8200-loss_z:6.732803,accu:0.316456,loss_recon:0.277421

8400-loss_z:0.315378,accu:0.949453,loss_recon:0.130559

8400-loss_z:6.818936,accu:0.329114,loss_recon:0.272537

8600-loss_z:0.305267,accu:0.954876,loss_recon:0.128615

8600-loss_z:6.995942,accu:0.316456,loss_recon:0.276416

8800-loss_z:0.296059,accu:0.955234,loss_recon:0.127076

8800-loss_z:7.096843,accu:0.303797,loss_recon:0.279454

9000-loss_z:0.286557,accu:0.953711,loss_recon:0.127889

9000-loss_z:7.239219,accu:0.316456,loss_recon:0.290146

9200-loss_z:0.280188,accu:0.955098,loss_recon:0.128529

9200-loss_z:7.373864,accu:0.316456,loss_recon:0.282117

9400-loss_z:0.269698,accu:0.956289,loss_recon:0.128297

9400-loss_z:7.494215,accu:0.316456,loss_recon:0.287913

9600-loss_z:0.264753,accu:0.9575,loss_recon:0.126605

9600-loss_z:7.663481,accu:0.316456,loss_recon:0.283824

9800-loss_z:0.253666,accu:0.957201,loss_recon:0.126325

9800-loss_z:7.844981,accu:0.329114,loss_recon:0.282647

10000-loss_z:0.245664,accu:0.960521,loss_recon:0.126949

10000-loss_z:8.032793,accu:0.303797,loss_recon:0.287381

10200-loss_z:0.241817,accu:0.962585,loss_recon:0.126807

10200-loss_z:8.205414,accu:0.316456,loss_recon:0.28883

10400-loss_z:0.232801,accu:0.96196,loss_recon:0.126819

10400-loss_z:8.453631,accu:0.303797,loss_recon:0.290069

10600-loss_z:0.228132,accu:0.964329,loss_recon:0.124638

10600-loss_z:8.649831,accu:0.316456,loss_recon:0.28877

10800-loss_z:0.219962,accu:0.966517,loss_recon:0.125471

10800-loss_z:8.884952,accu:0.303797,loss_recon:0.287002

11000-loss_z:0.212989,accu:0.973665,loss_recon:0.12498

11000-loss_z:9.106676,accu:0.303797,loss_recon:0.286356

11200-loss_z:0.20695,accu:0.973451,loss_recon:0.12557

11200-loss_z:9.307876,accu:0.316456,loss_recon:0.285371

11400-loss_z:0.201399,accu:0.974297,loss_recon:0.127053

11400-loss_z:9.523215,accu:0.303797,loss_recon:0.285229

11600-loss_z:0.191703,accu:0.974811,loss_recon:0.125245

11600-loss_z:9.821609,accu:0.316456,loss_recon:0.299246

11800-loss_z:0.186149,accu:0.978079,loss_recon:0.124957

11800-loss_z:10.024319,accu:0.291139,loss_recon:0.283905

12000-loss_z:0.179527,accu:0.980488,loss_recon:0.126136

12000-loss_z:10.270477,accu:0.316456,loss_recon:0.292863

12200-loss_z:0.176942,accu:0.98071,loss_recon:0.124552

12200-loss_z:10.521276,accu:0.303797,loss_recon:0.291087

12400-loss_z:0.16992,accu:0.986615,loss_recon:0.125169

12400-loss_z:10.788594,accu:0.316456,loss_recon:0.294413

12600-loss_z:0.16384,accu:0.9875,loss_recon:0.126135

12600-loss_z:11.058989,accu:0.341772,loss_recon:0.29107

12800-loss_z:0.156717,accu:0.986074,loss_recon:0.122538

12800-loss_z:11.350368,accu:0.303797,loss_recon:0.295568

13000-loss_z:0.154374,accu:0.989342,loss_recon:0.124335

13000-loss_z:11.650032,accu:0.291139,loss_recon:0.304361

13200-loss_z:0.149041,accu:0.989316,loss_recon:0.123855

13200-loss_z:11.961893,accu:0.329114,loss_recon:0.288208

13400-loss_z:0.144295,accu:0.991419,loss_recon:0.121945

13400-loss_z:12.194983,accu:0.291139,loss_recon:0.285423

13600-loss_z:0.139702,accu:0.992604,loss_recon:0.122919

13600-loss_z:12.553779,accu:0.291139,loss_recon:0.28459

13800-loss_z:0.134196,accu:0.991257,loss_recon:0.12409

13800-loss_z:12.803795,accu:0.291139,loss_recon:0.287581

14000-loss_z:0.129545,accu:0.991888,loss_recon:0.122254

14000-loss_z:13.097684,accu:0.265823,loss_recon:0.291704

14200-loss_z:0.125969,accu:0.992936,loss_recon:0.124093

14200-loss_z:13.360765,accu:0.303797,loss_recon:0.287831

14400-loss_z:0.122342,accu:0.993125,loss_recon:0.121668

14400-loss_z:13.587438,accu:0.278481,loss_recon:0.283296

14600-loss_z:0.116895,accu:0.994199,loss_recon:0.123328

14600-loss_z:13.797396,accu:0.278481,loss_recon:0.29012

14800-loss_z:0.114041,accu:0.994857,loss_recon:0.123345

14800-loss_z:13.999791,accu:0.278481,loss_recon:0.278721

15000-loss_z:0.111137,accu:0.995605,loss_recon:0.120213

15000-loss_z:14.220766,accu:0.291139,loss_recon:0.285897

15200-loss_z:0.105816,accu:0.995332,loss_recon:0.120435

15200-loss_z:14.412767,accu:0.278481,loss_recon:0.282402

15400-loss_z:0.103004,accu:0.996009,loss_recon:0.120275

15400-loss_z:14.623719,accu:0.303797,loss_recon:0.287424

15600-loss_z:0.100864,accu:0.995124,loss_recon:0.118273

15600-loss_z:14.847055,accu:0.291139,loss_recon:0.280354

15800-loss_z:0.096467,accu:0.996152,loss_recon:0.11968

15800-loss_z:15.105767,accu:0.278481,loss_recon:0.283449

16000-loss_z:0.092121,accu:0.997813,loss_recon:0.117937

16000-loss_z:15.297408,accu:0.278481,loss_recon:0.280222

16200-loss_z:0.090115,accu:0.998568,loss_recon:0.119583

16200-loss_z:15.505892,accu:0.291139,loss_recon:0.283757

16400-loss_z:0.086773,accu:0.998268,loss_recon:0.11735

16400-loss_z:15.773813,accu:0.291139,loss_recon:0.28613

16600-loss_z:0.085356,accu:0.998952,loss_recon:0.116955

16600-loss_z:15.988308,accu:0.278481,loss_recon:0.285876

16800-loss_z:0.082316,accu:0.999167,loss_recon:0.11617

16800-loss_z:16.228884,accu:0.291139,loss_recon:0.285185

17000-loss_z:0.078671,accu:0.998763,loss_recon:0.116415

17000-loss_z:16.456514,accu:0.291139,loss_recon:0.289498

17200-loss_z:0.075043,accu:0.999388,loss_recon:0.118083

17200-loss_z:16.700727,accu:0.291139,loss_recon:0.282411

17400-loss_z:0.073856,accu:0.999876,loss_recon:0.117739

17400-loss_z:16.922342,accu:0.291139,loss_recon:0.297312

17600-loss_z:0.07046,accu:1.0,loss_recon:0.116933

17600-loss_z:17.154074,accu:0.291139,loss_recon:0.291032

17800-loss_z:0.068201,accu:1.0,loss_recon:0.118119

17800-loss_z:17.414173,accu:0.303797,loss_recon:0.290104

18000-loss_z:0.067183,accu:1.0,loss_recon:0.11782

18000-loss_z:17.631891,accu:0.291139,loss_recon:0.288736

18200-loss_z:0.064336,accu:0.999798,loss_recon:0.115796

18200-loss_z:17.882318,accu:0.291139,loss_recon:0.288426

18400-loss_z:0.062065,accu:1.0,loss_recon:0.116485

18400-loss_z:18.136679,accu:0.303797,loss_recon:0.284556

18600-loss_z:0.060006,accu:1.0,loss_recon:0.115848

18600-loss_z:18.358496,accu:0.291139,loss_recon:0.288301

18800-loss_z:0.057207,accu:1.0,loss_recon:0.115586

18800-loss_z:18.564539,accu:0.291139,loss_recon:0.291127

19000-loss_z:0.055489,accu:1.0,loss_recon:0.114172

19000-loss_z:18.792341,accu:0.278481,loss_recon:0.293142

19200-loss_z:0.054968,accu:1.0,loss_recon:0.115834

19200-loss_z:19.03653,accu:0.278481,loss_recon:0.300466

19400-loss_z:0.051476,accu:1.0,loss_recon:0.11584

19400-loss_z:19.304527,accu:0.291139,loss_recon:0.289807

19600-loss_z:0.050632,accu:1.0,loss_recon:0.116132

19600-loss_z:19.4904,accu:0.291139,loss_recon:0.288658

19800-loss_z:0.048369,accu:1.0,loss_recon:0.115455

19800-loss_z:19.791964,accu:0.291139,loss_recon:0.286453

20000-loss_z:0.045738,accu:1.0,loss_recon:0.114882

20000-loss_z:19.989075,accu:0.303797,loss_recon:0.30506

Continue training
New FC model is initialized
200-loss_z:2.655054,accu:0.151949,loss_recon:1.350365

200-loss_z:2.635714,accu:0.050633,loss_recon:0.786042

400-loss_z:2.055475,accu:0.30974,loss_recon:0.560759

400-loss_z:2.423225,accu:0.088608,loss_recon:0.481931

600-loss_z:1.74654,accu:0.407266,loss_recon:0.416626

600-loss_z:2.330019,accu:0.151899,loss_recon:0.388453

800-loss_z:1.548681,accu:0.467474,loss_recon:0.363718

800-loss_z:2.313676,accu:0.202532,loss_recon:0.350796

1000-loss_z:1.394493,accu:0.522383,loss_recon:0.33427

1000-loss_z:2.361315,accu:0.21519,loss_recon:0.317496

1200-loss_z:1.283092,accu:0.58071,loss_recon:0.31269

1200-loss_z:2.44296,accu:0.240506,loss_recon:0.29699

1400-loss_z:1.182557,accu:0.614629,loss_recon:0.29982

1400-loss_z:2.53598,accu:0.265823,loss_recon:0.286073

1600-loss_z:1.10098,accu:0.648574,loss_recon:0.289588

1600-loss_z:2.654721,accu:0.291139,loss_recon:0.276655

1800-loss_z:1.038334,accu:0.664557,loss_recon:0.275275

1800-loss_z:2.759819,accu:0.278481,loss_recon:0.271311

2000-loss_z:0.982158,accu:0.673646,loss_recon:0.263096

2000-loss_z:2.908503,accu:0.303797,loss_recon:0.271747

2200-loss_z:0.928534,accu:0.684727,loss_recon:0.256402

2200-loss_z:3.059717,accu:0.329114,loss_recon:0.2726

2400-loss_z:0.882123,accu:0.69998,loss_recon:0.253194

2400-loss_z:3.213731,accu:0.329114,loss_recon:0.261187

2600-loss_z:0.838701,accu:0.717604,loss_recon:0.243732

2600-loss_z:3.406622,accu:0.341772,loss_recon:0.265528

2800-loss_z:0.800714,accu:0.742194,loss_recon:0.235755

2800-loss_z:3.600207,accu:0.341772,loss_recon:0.258241

3000-loss_z:0.767995,accu:0.751309,loss_recon:0.232387

3000-loss_z:3.819586,accu:0.35443,loss_recon:0.258663

3200-loss_z:0.736214,accu:0.768522,loss_recon:0.226385

3200-loss_z:4.040305,accu:0.341772,loss_recon:0.254292

3400-loss_z:0.710941,accu:0.778639,loss_recon:0.219053

3400-loss_z:4.254169,accu:0.341772,loss_recon:0.255053

3600-loss_z:0.681348,accu:0.806927,loss_recon:0.213042

3600-loss_z:4.509912,accu:0.316456,loss_recon:0.255933

3800-loss_z:0.658454,accu:0.828216,loss_recon:0.208289

3800-loss_z:4.776509,accu:0.341772,loss_recon:0.250387

4000-loss_z:0.6363,accu:0.842891,loss_recon:0.205429

4000-loss_z:5.062424,accu:0.35443,loss_recon:0.253715

4200-loss_z:0.607591,accu:0.854141,loss_recon:0.203859

4200-loss_z:5.325655,accu:0.35443,loss_recon:0.256052

4400-loss_z:0.587863,accu:0.868646,loss_recon:0.202277

4400-loss_z:5.612597,accu:0.35443,loss_recon:0.257627

4600-loss_z:0.57092,accu:0.874954,loss_recon:0.197649

4600-loss_z:5.905837,accu:0.367089,loss_recon:0.260978

4800-loss_z:0.546533,accu:0.884492,loss_recon:0.194381

4800-loss_z:6.201309,accu:0.367089,loss_recon:0.250727

5000-loss_z:0.53384,accu:0.880234,loss_recon:0.194074

5000-loss_z:6.518749,accu:0.367089,loss_recon:0.253873

5200-loss_z:0.514414,accu:0.887793,loss_recon:0.190738

5200-loss_z:6.822562,accu:0.392405,loss_recon:0.255428

5400-loss_z:0.498162,accu:0.889577,loss_recon:0.186301

5400-loss_z:7.146309,accu:0.367089,loss_recon:0.259806

5600-loss_z:0.485559,accu:0.897715,loss_recon:0.186907

5600-loss_z:7.404678,accu:0.341772,loss_recon:0.256911

5800-loss_z:0.465206,accu:0.899147,loss_recon:0.187623

5800-loss_z:7.714789,accu:0.392405,loss_recon:0.257359

6000-loss_z:0.454337,accu:0.899336,loss_recon:0.188992

6000-loss_z:8.030698,accu:0.392405,loss_recon:0.251675

6200-loss_z:0.437918,accu:0.904271,loss_recon:0.187298

6200-loss_z:8.310384,accu:0.392405,loss_recon:0.258871

6400-loss_z:0.425828,accu:0.910885,loss_recon:0.181745

6400-loss_z:8.625283,accu:0.392405,loss_recon:0.257755

6600-loss_z:0.412216,accu:0.90957,loss_recon:0.18528

6600-loss_z:8.958974,accu:0.405063,loss_recon:0.25465

6800-loss_z:0.39917,accu:0.91763,loss_recon:0.180831

6800-loss_z:9.247114,accu:0.417722,loss_recon:0.25812

7000-loss_z:0.388281,accu:0.916146,loss_recon:0.180983

7000-loss_z:9.567297,accu:0.405063,loss_recon:0.257266

7200-loss_z:0.374062,accu:0.926068,loss_recon:0.179658

7200-loss_z:9.914371,accu:0.405063,loss_recon:0.264342

7400-loss_z:0.364422,accu:0.930534,loss_recon:0.178991

7400-loss_z:10.219375,accu:0.392405,loss_recon:0.264242

7600-loss_z:0.353206,accu:0.938932,loss_recon:0.174698

7600-loss_z:10.563208,accu:0.417722,loss_recon:0.265635

7800-loss_z:0.342629,accu:0.938105,loss_recon:0.17433

7800-loss_z:10.898908,accu:0.379747,loss_recon:0.260645

8000-loss_z:0.334902,accu:0.939525,loss_recon:0.175437

8000-loss_z:11.274668,accu:0.405063,loss_recon:0.265936

8200-loss_z:0.324953,accu:0.939707,loss_recon:0.175892

8200-loss_z:11.55492,accu:0.392405,loss_recon:0.268862

8400-loss_z:0.313928,accu:0.941244,loss_recon:0.175419

8400-loss_z:11.904584,accu:0.405063,loss_recon:0.267754

8600-loss_z:0.309642,accu:0.946549,loss_recon:0.17126

8600-loss_z:12.264512,accu:0.405063,loss_recon:0.264975

8800-loss_z:0.299324,accu:0.948372,loss_recon:0.171683

8800-loss_z:12.620013,accu:0.392405,loss_recon:0.265377

9000-loss_z:0.289045,accu:0.949447,loss_recon:0.171141

9000-loss_z:12.939626,accu:0.417722,loss_recon:0.264997

9200-loss_z:0.283214,accu:0.951784,loss_recon:0.168871

9200-loss_z:13.311404,accu:0.405063,loss_recon:0.266672

9400-loss_z:0.275301,accu:0.953503,loss_recon:0.168696

9400-loss_z:13.646661,accu:0.405063,loss_recon:0.261847

9600-loss_z:0.267569,accu:0.954805,loss_recon:0.166943

9600-loss_z:14.0454,accu:0.417722,loss_recon:0.264068

9800-loss_z:0.261774,accu:0.959277,loss_recon:0.165798

9800-loss_z:14.3999,accu:0.392405,loss_recon:0.268668

10000-loss_z:0.253176,accu:0.963483,loss_recon:0.166214

10000-loss_z:14.725026,accu:0.405063,loss_recon:0.26535

10200-loss_z:0.245452,accu:0.963119,loss_recon:0.165863

10200-loss_z:15.114704,accu:0.405063,loss_recon:0.266896

10400-loss_z:0.240646,accu:0.966094,loss_recon:0.162592

10400-loss_z:15.529592,accu:0.417722,loss_recon:0.265243

10600-loss_z:0.231148,accu:0.96651,loss_recon:0.160238

10600-loss_z:15.920588,accu:0.405063,loss_recon:0.262627

10800-loss_z:0.22742,accu:0.967461,loss_recon:0.158411

10800-loss_z:16.349815,accu:0.405063,loss_recon:0.264443

11000-loss_z:0.219296,accu:0.970488,loss_recon:0.16175

11000-loss_z:16.687811,accu:0.417722,loss_recon:0.263465

11200-loss_z:0.214474,accu:0.971686,loss_recon:0.156884

11200-loss_z:17.065937,accu:0.379747,loss_recon:0.264637

11400-loss_z:0.207363,accu:0.971914,loss_recon:0.157435

11400-loss_z:17.477144,accu:0.392405,loss_recon:0.261694

11600-loss_z:0.202523,accu:0.971387,loss_recon:0.155889

11600-loss_z:17.87627,accu:0.405063,loss_recon:0.260483

11800-loss_z:0.195166,accu:0.978027,loss_recon:0.158168

11800-loss_z:18.253176,accu:0.405063,loss_recon:0.263447

12000-loss_z:0.190225,accu:0.976608,loss_recon:0.155813

12000-loss_z:18.662342,accu:0.405063,loss_recon:0.265195

12200-loss_z:0.185931,accu:0.978301,loss_recon:0.152844

12200-loss_z:19.041407,accu:0.417722,loss_recon:0.259961

12400-loss_z:0.182978,accu:0.978639,loss_recon:0.156835

12400-loss_z:19.446383,accu:0.392405,loss_recon:0.267651

12600-loss_z:0.174492,accu:0.981777,loss_recon:0.154569

12600-loss_z:19.819685,accu:0.392405,loss_recon:0.26414

12800-loss_z:0.168892,accu:0.98181,loss_recon:0.153715

12800-loss_z:20.217295,accu:0.405063,loss_recon:0.263815

13000-loss_z:0.163904,accu:0.984427,loss_recon:0.152276

13000-loss_z:20.607862,accu:0.417722,loss_recon:0.262072

13200-loss_z:0.159641,accu:0.987057,loss_recon:0.152614

13200-loss_z:21.018335,accu:0.417722,loss_recon:0.260722

13400-loss_z:0.155356,accu:0.987083,loss_recon:0.151377

13400-loss_z:21.378374,accu:0.417722,loss_recon:0.265147

13600-loss_z:0.15224,accu:0.987174,loss_recon:0.152067

13600-loss_z:21.766699,accu:0.405063,loss_recon:0.269106

13800-loss_z:0.146953,accu:0.988229,loss_recon:0.153703

13800-loss_z:22.190071,accu:0.417722,loss_recon:0.258445

14000-loss_z:0.142691,accu:0.990762,loss_recon:0.151992

14000-loss_z:22.591515,accu:0.43038,loss_recon:0.26113

14200-loss_z:0.137352,accu:0.990605,loss_recon:0.153931

14200-loss_z:22.998808,accu:0.405063,loss_recon:0.260675

14400-loss_z:0.13425,accu:0.991042,loss_recon:0.152007

14400-loss_z:23.420013,accu:0.392405,loss_recon:0.266457

14600-loss_z:0.132159,accu:0.991641,loss_recon:0.150489

14600-loss_z:23.854185,accu:0.405063,loss_recon:0.266106

14800-loss_z:0.12687,accu:0.994264,loss_recon:0.149124

14800-loss_z:24.264326,accu:0.417722,loss_recon:0.269006

15000-loss_z:0.123298,accu:0.99334,loss_recon:0.149578

15000-loss_z:24.691313,accu:0.405063,loss_recon:0.268264

15200-loss_z:0.11865,accu:0.993691,loss_recon:0.148794

15200-loss_z:25.068419,accu:0.417722,loss_recon:0.272998

15400-loss_z:0.11569,accu:0.994766,loss_recon:0.146533

15400-loss_z:25.513424,accu:0.417722,loss_recon:0.272273

15600-loss_z:0.110224,accu:0.996419,loss_recon:0.146685

15600-loss_z:25.877487,accu:0.417722,loss_recon:0.27625

15800-loss_z:0.10792,accu:0.996549,loss_recon:0.147735

15800-loss_z:26.166334,accu:0.43038,loss_recon:0.268614

16000-loss_z:0.104475,accu:0.997988,loss_recon:0.149337

16000-loss_z:26.367073,accu:0.417722,loss_recon:0.271629

16200-loss_z:0.099785,accu:0.998861,loss_recon:0.14562

16200-loss_z:26.542225,accu:0.405063,loss_recon:0.279441

16400-loss_z:0.096099,accu:0.998568,loss_recon:0.145922

16400-loss_z:26.736273,accu:0.379747,loss_recon:0.276685

16600-loss_z:0.092973,accu:0.99998,loss_recon:0.14728

16600-loss_z:26.826157,accu:0.379747,loss_recon:0.269726

16800-loss_z:0.090447,accu:0.998867,loss_recon:0.14307

16800-loss_z:26.927521,accu:0.379747,loss_recon:0.273021

17000-loss_z:0.084335,accu:0.99972,loss_recon:0.142178

17000-loss_z:26.980619,accu:0.405063,loss_recon:0.279287

17200-loss_z:0.08339,accu:0.999922,loss_recon:0.143367

17200-loss_z:27.074951,accu:0.405063,loss_recon:0.271269

17400-loss_z:0.080964,accu:0.999876,loss_recon:0.142195

17400-loss_z:27.197475,accu:0.392405,loss_recon:0.271805

17600-loss_z:0.07864,accu:0.999876,loss_recon:0.145006

17600-loss_z:27.294495,accu:0.379747,loss_recon:0.271259

17800-loss_z:0.074055,accu:1.0,loss_recon:0.143159

17800-loss_z:27.364119,accu:0.392405,loss_recon:0.27098

18000-loss_z:0.071681,accu:1.0,loss_recon:0.140286

18000-loss_z:27.591125,accu:0.379747,loss_recon:0.280488

18200-loss_z:0.069204,accu:1.0,loss_recon:0.141372

18200-loss_z:27.868773,accu:0.379747,loss_recon:0.278727

18400-loss_z:0.066319,accu:1.0,loss_recon:0.140512

18400-loss_z:28.145805,accu:0.392405,loss_recon:0.274098

18600-loss_z:0.063413,accu:1.0,loss_recon:0.140653

18600-loss_z:28.458063,accu:0.417722,loss_recon:0.274176

18800-loss_z:0.059718,accu:1.0,loss_recon:0.142617

18800-loss_z:28.906893,accu:0.405063,loss_recon:0.270275

19000-loss_z:0.05828,accu:1.0,loss_recon:0.13999

19000-loss_z:29.246895,accu:0.379747,loss_recon:0.277641

19200-loss_z:0.055479,accu:1.0,loss_recon:0.142436

19200-loss_z:29.677656,accu:0.379747,loss_recon:0.279913

19400-loss_z:0.05385,accu:1.0,loss_recon:0.139326

19400-loss_z:30.075087,accu:0.379747,loss_recon:0.273733

19600-loss_z:0.05126,accu:1.0,loss_recon:0.141327

19600-loss_z:30.462423,accu:0.379747,loss_recon:0.272722

19800-loss_z:0.050543,accu:1.0,loss_recon:0.141384

19800-loss_z:30.843536,accu:0.367089,loss_recon:0.276773

20000-loss_z:0.047148,accu:1.0,loss_recon:0.141173

20000-loss_z:31.255934,accu:0.367089,loss_recon:0.274968

Continue training
New FC model is initialized
200-loss_z:2.707422,accu:0.142083,loss_recon:1.412181

200-loss_z:2.758746,accu:0.037975,loss_recon:0.74424

400-loss_z:2.122042,accu:0.28748,loss_recon:0.56583

400-loss_z:2.561148,accu:0.037975,loss_recon:0.522392

600-loss_z:1.819837,accu:0.347305,loss_recon:0.438005

600-loss_z:2.48904,accu:0.063291,loss_recon:0.427939

800-loss_z:1.631072,accu:0.399486,loss_recon:0.379932

800-loss_z:2.481535,accu:0.101266,loss_recon:0.377286

1000-loss_z:1.498114,accu:0.469694,loss_recon:0.343964

1000-loss_z:2.514047,accu:0.177215,loss_recon:0.347884

1200-loss_z:1.383358,accu:0.511953,loss_recon:0.32619

1200-loss_z:2.593151,accu:0.21519,loss_recon:0.330467

1400-loss_z:1.302669,accu:0.523444,loss_recon:0.307437

1400-loss_z:2.696405,accu:0.21519,loss_recon:0.313352

1600-loss_z:1.228147,accu:0.552096,loss_recon:0.289726

1600-loss_z:2.762332,accu:0.177215,loss_recon:0.297844

1800-loss_z:1.161846,accu:0.585905,loss_recon:0.277467

1800-loss_z:2.853997,accu:0.189873,loss_recon:0.289549

2000-loss_z:1.106756,accu:0.605169,loss_recon:0.26536

2000-loss_z:2.951538,accu:0.202532,loss_recon:0.281008

2200-loss_z:1.049948,accu:0.650384,loss_recon:0.252853

2200-loss_z:3.052481,accu:0.202532,loss_recon:0.276637

2400-loss_z:0.988228,accu:0.664368,loss_recon:0.246565

2400-loss_z:3.204857,accu:0.21519,loss_recon:0.27189

2600-loss_z:0.940732,accu:0.677174,loss_recon:0.24037

2600-loss_z:3.359659,accu:0.202532,loss_recon:0.274488

2800-loss_z:0.897774,accu:0.696797,loss_recon:0.233457

2800-loss_z:3.501503,accu:0.240506,loss_recon:0.268002

3000-loss_z:0.858946,accu:0.713737,loss_recon:0.227411

3000-loss_z:3.681282,accu:0.21519,loss_recon:0.271513

3200-loss_z:0.817025,accu:0.733874,loss_recon:0.221884

3200-loss_z:3.882257,accu:0.21519,loss_recon:0.267995

3400-loss_z:0.781204,accu:0.751706,loss_recon:0.221828

3400-loss_z:4.044849,accu:0.202532,loss_recon:0.269664

3600-loss_z:0.752195,accu:0.773047,loss_recon:0.216407

3600-loss_z:4.27528,accu:0.227848,loss_recon:0.27076

3800-loss_z:0.725078,accu:0.788268,loss_recon:0.211777

3800-loss_z:4.532584,accu:0.21519,loss_recon:0.270788

4000-loss_z:0.693941,accu:0.803496,loss_recon:0.211222

4000-loss_z:4.764914,accu:0.202532,loss_recon:0.275942

4200-loss_z:0.67041,accu:0.813665,loss_recon:0.210552

4200-loss_z:4.988626,accu:0.227848,loss_recon:0.273473

4400-loss_z:0.639057,accu:0.832129,loss_recon:0.208363

4400-loss_z:5.259801,accu:0.240506,loss_recon:0.280615

4600-loss_z:0.614805,accu:0.844648,loss_recon:0.207429

4600-loss_z:5.499387,accu:0.240506,loss_recon:0.280318

4800-loss_z:0.592594,accu:0.853431,loss_recon:0.202787

4800-loss_z:5.733731,accu:0.240506,loss_recon:0.276006

5000-loss_z:0.571502,accu:0.864902,loss_recon:0.203366

5000-loss_z:5.949152,accu:0.253165,loss_recon:0.287062

5200-loss_z:0.545618,accu:0.878125,loss_recon:0.19809

5200-loss_z:6.255355,accu:0.240506,loss_recon:0.276516

5400-loss_z:0.527485,accu:0.87931,loss_recon:0.198679

5400-loss_z:6.517601,accu:0.227848,loss_recon:0.274725

5600-loss_z:0.506757,accu:0.888132,loss_recon:0.199336

5600-loss_z:6.751154,accu:0.278481,loss_recon:0.278895

5800-loss_z:0.491152,accu:0.892669,loss_recon:0.198348

5800-loss_z:7.00549,accu:0.265823,loss_recon:0.27323

6000-loss_z:0.47608,accu:0.900202,loss_recon:0.197256

6000-loss_z:7.244371,accu:0.265823,loss_recon:0.27658

6200-loss_z:0.457831,accu:0.907799,loss_recon:0.195563

6200-loss_z:7.462582,accu:0.278481,loss_recon:0.269949

6400-loss_z:0.445306,accu:0.910098,loss_recon:0.192706

6400-loss_z:7.69594,accu:0.253165,loss_recon:0.270214

6600-loss_z:0.428462,accu:0.924863,loss_recon:0.194481

6600-loss_z:7.931059,accu:0.265823,loss_recon:0.273711

6800-loss_z:0.412246,accu:0.931087,loss_recon:0.193058

6800-loss_z:8.174006,accu:0.278481,loss_recon:0.273022

7000-loss_z:0.39836,accu:0.938262,loss_recon:0.191232

7000-loss_z:8.419133,accu:0.291139,loss_recon:0.271212

7200-loss_z:0.385444,accu:0.941992,loss_recon:0.190023

7200-loss_z:8.632559,accu:0.291139,loss_recon:0.27376

7400-loss_z:0.372375,accu:0.941921,loss_recon:0.189894

7400-loss_z:8.921101,accu:0.291139,loss_recon:0.273297

7600-loss_z:0.355914,accu:0.948626,loss_recon:0.189693

7600-loss_z:9.138538,accu:0.291139,loss_recon:0.27557

7800-loss_z:0.343558,accu:0.953392,loss_recon:0.185775

7800-loss_z:9.386643,accu:0.278481,loss_recon:0.272759

8000-loss_z:0.331263,accu:0.958835,loss_recon:0.186603

8000-loss_z:9.619773,accu:0.291139,loss_recon:0.276949

8200-loss_z:0.320533,accu:0.958861,loss_recon:0.183093

8200-loss_z:9.832322,accu:0.291139,loss_recon:0.276556

8400-loss_z:0.311182,accu:0.961328,loss_recon:0.183392

8400-loss_z:10.079932,accu:0.303797,loss_recon:0.278085

8600-loss_z:0.297732,accu:0.963092,loss_recon:0.183175

8600-loss_z:10.326021,accu:0.316456,loss_recon:0.274661

8800-loss_z:0.28534,accu:0.966953,loss_recon:0.182091

8800-loss_z:10.569807,accu:0.316456,loss_recon:0.273211

9000-loss_z:0.278311,accu:0.963926,loss_recon:0.184401

9000-loss_z:10.836576,accu:0.329114,loss_recon:0.281757

9200-loss_z:0.26746,accu:0.971335,loss_recon:0.182377

9200-loss_z:11.106763,accu:0.329114,loss_recon:0.280086

9400-loss_z:0.254918,accu:0.973913,loss_recon:0.183444

9400-loss_z:11.366341,accu:0.329114,loss_recon:0.278143

9600-loss_z:0.24888,accu:0.97987,loss_recon:0.183536

9600-loss_z:11.616731,accu:0.329114,loss_recon:0.27603

9800-loss_z:0.238041,accu:0.986491,loss_recon:0.18068

9800-loss_z:11.928274,accu:0.329114,loss_recon:0.278481

10000-loss_z:0.23067,accu:0.983171,loss_recon:0.180663

10000-loss_z:12.212413,accu:0.303797,loss_recon:0.283277

10200-loss_z:0.221035,accu:0.98526,loss_recon:0.179476

10200-loss_z:12.530551,accu:0.329114,loss_recon:0.281184

10400-loss_z:0.214154,accu:0.990267,loss_recon:0.180592

10400-loss_z:12.823651,accu:0.329114,loss_recon:0.281239

10600-loss_z:0.204274,accu:0.989238,loss_recon:0.181776

10600-loss_z:13.118896,accu:0.329114,loss_recon:0.280726

10800-loss_z:0.196878,accu:0.990807,loss_recon:0.179772

10800-loss_z:13.465912,accu:0.329114,loss_recon:0.282631

11000-loss_z:0.191445,accu:0.989753,loss_recon:0.180932

11000-loss_z:13.717088,accu:0.329114,loss_recon:0.283439

11200-loss_z:0.183729,accu:0.990046,loss_recon:0.176845

11200-loss_z:13.967775,accu:0.329114,loss_recon:0.284413

11400-loss_z:0.177672,accu:0.99181,loss_recon:0.180353

11400-loss_z:14.304899,accu:0.35443,loss_recon:0.281828

11600-loss_z:0.170851,accu:0.989961,loss_recon:0.178572

11600-loss_z:14.649831,accu:0.329114,loss_recon:0.285787

11800-loss_z:0.164092,accu:0.99043,loss_recon:0.176477

11800-loss_z:14.983416,accu:0.341772,loss_recon:0.282932

12000-loss_z:0.156352,accu:0.991803,loss_recon:0.176761

12000-loss_z:15.321434,accu:0.316456,loss_recon:0.278932

12200-loss_z:0.152276,accu:0.99377,loss_recon:0.176421

12200-loss_z:15.683504,accu:0.341772,loss_recon:0.278825

12400-loss_z:0.145661,accu:0.993893,loss_recon:0.176373

12400-loss_z:16.022701,accu:0.329114,loss_recon:0.278009

12600-loss_z:0.140995,accu:0.994889,loss_recon:0.174888

12600-loss_z:16.354496,accu:0.341772,loss_recon:0.278902

12800-loss_z:0.137568,accu:0.994824,loss_recon:0.170902

12800-loss_z:16.652338,accu:0.329114,loss_recon:0.276618

13000-loss_z:0.129635,accu:0.994993,loss_recon:0.175622

13000-loss_z:16.969801,accu:0.341772,loss_recon:0.274705

13200-loss_z:0.125897,accu:0.995423,loss_recon:0.173686

13200-loss_z:17.298187,accu:0.329114,loss_recon:0.275244

13400-loss_z:0.121153,accu:0.995703,loss_recon:0.17367

13400-loss_z:17.636763,accu:0.341772,loss_recon:0.277099

13600-loss_z:0.116076,accu:0.995215,loss_recon:0.17303

13600-loss_z:17.966793,accu:0.341772,loss_recon:0.278286

13800-loss_z:0.112929,accu:0.996204,loss_recon:0.172049

13800-loss_z:18.298241,accu:0.341772,loss_recon:0.274223

14000-loss_z:0.108179,accu:0.99599,loss_recon:0.17585

14000-loss_z:18.596909,accu:0.35443,loss_recon:0.273367

14200-loss_z:0.103529,accu:0.997754,loss_recon:0.172577

14200-loss_z:18.931477,accu:0.35443,loss_recon:0.277618

14400-loss_z:0.100211,accu:0.997493,loss_recon:0.172574

14400-loss_z:19.332626,accu:0.341772,loss_recon:0.278007

14600-loss_z:0.096811,accu:0.997832,loss_recon:0.174483

14600-loss_z:19.633451,accu:0.341772,loss_recon:0.2778

14800-loss_z:0.092896,accu:0.998132,loss_recon:0.171901

14800-loss_z:19.883184,accu:0.341772,loss_recon:0.278327

15000-loss_z:0.089737,accu:0.998255,loss_recon:0.172461

15000-loss_z:20.217581,accu:0.35443,loss_recon:0.275651

15200-loss_z:0.087062,accu:0.999186,loss_recon:0.172428

15200-loss_z:20.500866,accu:0.35443,loss_recon:0.273964

15400-loss_z:0.083838,accu:0.998711,loss_recon:0.17359

15400-loss_z:20.841572,accu:0.35443,loss_recon:0.274062

15600-loss_z:0.080948,accu:0.999798,loss_recon:0.173988

15600-loss_z:21.124178,accu:0.35443,loss_recon:0.278328

15800-loss_z:0.077344,accu:0.999538,loss_recon:0.171726

15800-loss_z:21.413908,accu:0.35443,loss_recon:0.28016

16000-loss_z:0.074273,accu:0.999329,loss_recon:0.172704

16000-loss_z:21.674393,accu:0.341772,loss_recon:0.274459

16200-loss_z:0.071451,accu:1.0,loss_recon:0.170272

16200-loss_z:21.963688,accu:0.341772,loss_recon:0.273104

16400-loss_z:0.069076,accu:1.0,loss_recon:0.171181

16400-loss_z:22.257959,accu:0.341772,loss_recon:0.277038

16600-loss_z:0.065925,accu:1.0,loss_recon:0.170741

16600-loss_z:22.477406,accu:0.341772,loss_recon:0.279572

16800-loss_z:0.064558,accu:1.0,loss_recon:0.16966

16800-loss_z:22.774206,accu:0.341772,loss_recon:0.273347

17000-loss_z:0.061513,accu:1.0,loss_recon:0.169085

17000-loss_z:23.046776,accu:0.341772,loss_recon:0.276571

17200-loss_z:0.059579,accu:1.0,loss_recon:0.171892

17200-loss_z:23.281523,accu:0.35443,loss_recon:0.275457

17400-loss_z:0.056755,accu:1.0,loss_recon:0.172396

17400-loss_z:23.496149,accu:0.341772,loss_recon:0.28092

17600-loss_z:0.055142,accu:0.999876,loss_recon:0.171033

17600-loss_z:23.761326,accu:0.341772,loss_recon:0.277119

17800-loss_z:0.053011,accu:1.0,loss_recon:0.171254

17800-loss_z:24.004576,accu:0.341772,loss_recon:0.274283

18000-loss_z:0.050293,accu:1.0,loss_recon:0.17111

18000-loss_z:24.272694,accu:0.341772,loss_recon:0.275932

18200-loss_z:0.048893,accu:1.0,loss_recon:0.170392

18200-loss_z:24.532026,accu:0.329114,loss_recon:0.27414

18400-loss_z:0.04691,accu:1.0,loss_recon:0.1708

18400-loss_z:24.743774,accu:0.341772,loss_recon:0.276514

18600-loss_z:0.04466,accu:1.0,loss_recon:0.172373

18600-loss_z:25.055269,accu:0.35443,loss_recon:0.275548

18800-loss_z:0.043134,accu:1.0,loss_recon:0.170295

18800-loss_z:25.264849,accu:0.329114,loss_recon:0.272609

19000-loss_z:0.041711,accu:1.0,loss_recon:0.171038

19000-loss_z:25.461885,accu:0.341772,loss_recon:0.273541

19200-loss_z:0.039698,accu:1.0,loss_recon:0.170551

19200-loss_z:25.771048,accu:0.341772,loss_recon:0.271146

19400-loss_z:0.037533,accu:1.0,loss_recon:0.171749

19400-loss_z:25.972603,accu:0.329114,loss_recon:0.271788

19600-loss_z:0.035827,accu:1.0,loss_recon:0.172478

19600-loss_z:26.163555,accu:0.341772,loss_recon:0.272038

19800-loss_z:0.034799,accu:1.0,loss_recon:0.170966

19800-loss_z:26.423321,accu:0.329114,loss_recon:0.274857

20000-loss_z:0.03351,accu:1.0,loss_recon:0.171582

20000-loss_z:26.686718,accu:0.341772,loss_recon:0.273612

Continue training
New FC model is initialized
200-loss_z:2.675422,accu:0.169789,loss_recon:1.464513

200-loss_z:2.619503,accu:0.101266,loss_recon:0.820714

400-loss_z:2.12757,accu:0.285807,loss_recon:0.621777

400-loss_z:2.411834,accu:0.063291,loss_recon:0.531676

600-loss_z:1.867396,accu:0.336061,loss_recon:0.428263

600-loss_z:2.330706,accu:0.139241,loss_recon:0.390167

800-loss_z:1.702874,accu:0.386126,loss_recon:0.348582

800-loss_z:2.342489,accu:0.189873,loss_recon:0.327203

1000-loss_z:1.574396,accu:0.428236,loss_recon:0.307642

1000-loss_z:2.402534,accu:0.227848,loss_recon:0.296384

1200-loss_z:1.466448,accu:0.461947,loss_recon:0.285738

1200-loss_z:2.453814,accu:0.21519,loss_recon:0.278021

1400-loss_z:1.381155,accu:0.490332,loss_recon:0.266427

1400-loss_z:2.55331,accu:0.227848,loss_recon:0.265984

1600-loss_z:1.302137,accu:0.525931,loss_recon:0.24566

1600-loss_z:2.640557,accu:0.265823,loss_recon:0.259687

1800-loss_z:1.233498,accu:0.551413,loss_recon:0.230627

1800-loss_z:2.754488,accu:0.291139,loss_recon:0.2548

2000-loss_z:1.16751,accu:0.573841,loss_recon:0.217287

2000-loss_z:2.841477,accu:0.316456,loss_recon:0.259856

2200-loss_z:1.115044,accu:0.601452,loss_recon:0.203913

2200-loss_z:2.978069,accu:0.278481,loss_recon:0.251652

2400-loss_z:1.06472,accu:0.634642,loss_recon:0.197352

2400-loss_z:3.07625,accu:0.303797,loss_recon:0.257505

2600-loss_z:1.021198,accu:0.659401,loss_recon:0.188486

2600-loss_z:3.224503,accu:0.316456,loss_recon:0.255997

2800-loss_z:0.97436,accu:0.690736,loss_recon:0.185342

2800-loss_z:3.399689,accu:0.291139,loss_recon:0.26013

3000-loss_z:0.933135,accu:0.707643,loss_recon:0.182725

3000-loss_z:3.588773,accu:0.329114,loss_recon:0.262498

3200-loss_z:0.899425,accu:0.718333,loss_recon:0.17842

3200-loss_z:3.759485,accu:0.367089,loss_recon:0.262074

3400-loss_z:0.861491,accu:0.738431,loss_recon:0.17586

3400-loss_z:3.921163,accu:0.379747,loss_recon:0.267428

3600-loss_z:0.826224,accu:0.768939,loss_recon:0.171502

3600-loss_z:4.11185,accu:0.43038,loss_recon:0.274891

3800-loss_z:0.789959,accu:0.779134,loss_recon:0.171031

3800-loss_z:4.301928,accu:0.379747,loss_recon:0.270463

4000-loss_z:0.766233,accu:0.786042,loss_recon:0.167817

4000-loss_z:4.514336,accu:0.392405,loss_recon:0.2738

4200-loss_z:0.741583,accu:0.788047,loss_recon:0.170226

4200-loss_z:4.741034,accu:0.417722,loss_recon:0.272167

4400-loss_z:0.716881,accu:0.795977,loss_recon:0.167427

4400-loss_z:4.943776,accu:0.417722,loss_recon:0.273583

4600-loss_z:0.695031,accu:0.80332,loss_recon:0.166184

4600-loss_z:5.149081,accu:0.392405,loss_recon:0.279035

4800-loss_z:0.674757,accu:0.809004,loss_recon:0.164568

4800-loss_z:5.3619,accu:0.405063,loss_recon:0.272884

5000-loss_z:0.652198,accu:0.832409,loss_recon:0.163762

5000-loss_z:5.552225,accu:0.367089,loss_recon:0.275068

5200-loss_z:0.634402,accu:0.83237,loss_recon:0.163341

5200-loss_z:5.787458,accu:0.379747,loss_recon:0.271894

5400-loss_z:0.619558,accu:0.839004,loss_recon:0.161863

5400-loss_z:6.029511,accu:0.379747,loss_recon:0.276065

5600-loss_z:0.603189,accu:0.844661,loss_recon:0.158497

5600-loss_z:6.283798,accu:0.379747,loss_recon:0.272355

5800-loss_z:0.579511,accu:0.854102,loss_recon:0.156783

5800-loss_z:6.496805,accu:0.367089,loss_recon:0.272867

6000-loss_z:0.568904,accu:0.858151,loss_recon:0.155574

6000-loss_z:6.758874,accu:0.367089,loss_recon:0.276186

6200-loss_z:0.555066,accu:0.867949,loss_recon:0.156704

6200-loss_z:7.015526,accu:0.35443,loss_recon:0.275307

6400-loss_z:0.536388,accu:0.883542,loss_recon:0.154805

6400-loss_z:7.259533,accu:0.367089,loss_recon:0.276186

6600-loss_z:0.521037,accu:0.885182,loss_recon:0.156007

6600-loss_z:7.534079,accu:0.35443,loss_recon:0.275063

6800-loss_z:0.507503,accu:0.89821,loss_recon:0.155763

6800-loss_z:7.780296,accu:0.367089,loss_recon:0.268399

7000-loss_z:0.493417,accu:0.90347,loss_recon:0.152707

7000-loss_z:8.040811,accu:0.379747,loss_recon:0.271805

7200-loss_z:0.480711,accu:0.910033,loss_recon:0.153778

7200-loss_z:8.316505,accu:0.367089,loss_recon:0.277046

7400-loss_z:0.467759,accu:0.915892,loss_recon:0.154629

7400-loss_z:8.556231,accu:0.367089,loss_recon:0.274119

7600-loss_z:0.458226,accu:0.922559,loss_recon:0.152673

7600-loss_z:8.836521,accu:0.35443,loss_recon:0.269011

7800-loss_z:0.445988,accu:0.919974,loss_recon:0.152818

7800-loss_z:9.094021,accu:0.341772,loss_recon:0.274917

8000-loss_z:0.435646,accu:0.922962,loss_recon:0.148811

8000-loss_z:9.312327,accu:0.329114,loss_recon:0.268077

8200-loss_z:0.423706,accu:0.929414,loss_recon:0.150313

8200-loss_z:9.567578,accu:0.35443,loss_recon:0.27362

8400-loss_z:0.410665,accu:0.932591,loss_recon:0.150313

8400-loss_z:9.847631,accu:0.329114,loss_recon:0.273851

8600-loss_z:0.406523,accu:0.931471,loss_recon:0.149011

8600-loss_z:10.093392,accu:0.341772,loss_recon:0.27657

8800-loss_z:0.390638,accu:0.942057,loss_recon:0.147096

8800-loss_z:10.379746,accu:0.329114,loss_recon:0.270798

9000-loss_z:0.383981,accu:0.93916,loss_recon:0.144902

9000-loss_z:10.646071,accu:0.316456,loss_recon:0.269605

9200-loss_z:0.373482,accu:0.942975,loss_recon:0.145292

9200-loss_z:10.896443,accu:0.316456,loss_recon:0.274641

9400-loss_z:0.368226,accu:0.939922,loss_recon:0.144636

9400-loss_z:11.151154,accu:0.329114,loss_recon:0.273849

9600-loss_z:0.355646,accu:0.945911,loss_recon:0.147264

9600-loss_z:11.463577,accu:0.329114,loss_recon:0.270004

9800-loss_z:0.347801,accu:0.946576,loss_recon:0.145252

9800-loss_z:11.74191,accu:0.329114,loss_recon:0.275874

10000-loss_z:0.342384,accu:0.947474,loss_recon:0.144066

10000-loss_z:11.977827,accu:0.316456,loss_recon:0.272525

10200-loss_z:0.332091,accu:0.952363,loss_recon:0.142338

10200-loss_z:12.288677,accu:0.329114,loss_recon:0.270485

10400-loss_z:0.324615,accu:0.951869,loss_recon:0.144396

10400-loss_z:12.588713,accu:0.316456,loss_recon:0.27585

10600-loss_z:0.315773,accu:0.954453,loss_recon:0.144538

10600-loss_z:12.86745,accu:0.316456,loss_recon:0.273983

10800-loss_z:0.311438,accu:0.96181,loss_recon:0.141125

10800-loss_z:13.159369,accu:0.316456,loss_recon:0.273495

11000-loss_z:0.30282,accu:0.96362,loss_recon:0.143811

11000-loss_z:13.412292,accu:0.316456,loss_recon:0.276463

11200-loss_z:0.295743,accu:0.964414,loss_recon:0.13975

11200-loss_z:13.722295,accu:0.316456,loss_recon:0.272885

11400-loss_z:0.28675,accu:0.971035,loss_recon:0.142102

11400-loss_z:13.961936,accu:0.341772,loss_recon:0.275999

11600-loss_z:0.283662,accu:0.969915,loss_recon:0.14146

11600-loss_z:14.29728,accu:0.329114,loss_recon:0.276024

11800-loss_z:0.276593,accu:0.974355,loss_recon:0.141497

11800-loss_z:14.578953,accu:0.329114,loss_recon:0.280202

12000-loss_z:0.27083,accu:0.972181,loss_recon:0.137934

12000-loss_z:14.806486,accu:0.341772,loss_recon:0.273449

12200-loss_z:0.266331,accu:0.974922,loss_recon:0.137929

12200-loss_z:15.141014,accu:0.316456,loss_recon:0.284715

12400-loss_z:0.257725,accu:0.97528,loss_recon:0.140626

12400-loss_z:15.387897,accu:0.329114,loss_recon:0.274153

12600-loss_z:0.249443,accu:0.976061,loss_recon:0.142012

12600-loss_z:15.706648,accu:0.316456,loss_recon:0.275226

12800-loss_z:0.2461,accu:0.977357,loss_recon:0.138797

12800-loss_z:15.949361,accu:0.316456,loss_recon:0.271988

13000-loss_z:0.24099,accu:0.977422,loss_recon:0.137333

13000-loss_z:16.204092,accu:0.303797,loss_recon:0.27226

13200-loss_z:0.2351,accu:0.979206,loss_recon:0.137286

13200-loss_z:16.524586,accu:0.316456,loss_recon:0.279492

13400-loss_z:0.227185,accu:0.982311,loss_recon:0.137464

13400-loss_z:16.7824,accu:0.329114,loss_recon:0.279308

13600-loss_z:0.223213,accu:0.982253,loss_recon:0.137242

13600-loss_z:16.98897,accu:0.303797,loss_recon:0.273248

13800-loss_z:0.218056,accu:0.984733,loss_recon:0.136642

13800-loss_z:17.254107,accu:0.329114,loss_recon:0.271472

14000-loss_z:0.211704,accu:0.985436,loss_recon:0.135226

14000-loss_z:17.550028,accu:0.329114,loss_recon:0.281559

14200-loss_z:0.20671,accu:0.985104,loss_recon:0.136534

14200-loss_z:17.77108,accu:0.316456,loss_recon:0.271011

14400-loss_z:0.204254,accu:0.987214,loss_recon:0.135898

14400-loss_z:18.021416,accu:0.329114,loss_recon:0.278717

14600-loss_z:0.198397,accu:0.986003,loss_recon:0.132417

14600-loss_z:18.312012,accu:0.341772,loss_recon:0.276044

14800-loss_z:0.196925,accu:0.986973,loss_recon:0.132474

14800-loss_z:18.56427,accu:0.329114,loss_recon:0.277207

15000-loss_z:0.190864,accu:0.988125,loss_recon:0.132839

15000-loss_z:18.735027,accu:0.329114,loss_recon:0.27308

15200-loss_z:0.186008,accu:0.987376,loss_recon:0.132565

15200-loss_z:19.0035,accu:0.316456,loss_recon:0.27573

15400-loss_z:0.181388,accu:0.990423,loss_recon:0.133707

15400-loss_z:19.225246,accu:0.316456,loss_recon:0.276379

15600-loss_z:0.175236,accu:0.988789,loss_recon:0.133778

15600-loss_z:19.51709,accu:0.316456,loss_recon:0.281962

15800-loss_z:0.172196,accu:0.99002,loss_recon:0.133091

15800-loss_z:19.666986,accu:0.316456,loss_recon:0.27545

16000-loss_z:0.170758,accu:0.990358,loss_recon:0.133654

16000-loss_z:19.907593,accu:0.329114,loss_recon:0.274045

16200-loss_z:0.166388,accu:0.989785,loss_recon:0.131462

16200-loss_z:20.13007,accu:0.329114,loss_recon:0.27731

16400-loss_z:0.160606,accu:0.9925,loss_recon:0.131986

16400-loss_z:20.365866,accu:0.341772,loss_recon:0.278277

16600-loss_z:0.159289,accu:0.9914,loss_recon:0.131435

16600-loss_z:20.621353,accu:0.329114,loss_recon:0.276319

16800-loss_z:0.153857,accu:0.993438,loss_recon:0.132979

16800-loss_z:20.861172,accu:0.341772,loss_recon:0.278923

17000-loss_z:0.151173,accu:0.99252,loss_recon:0.130792

17000-loss_z:21.063292,accu:0.35443,loss_recon:0.277171

17200-loss_z:0.147098,accu:0.993757,loss_recon:0.128708

17200-loss_z:21.327023,accu:0.341772,loss_recon:0.275601

17400-loss_z:0.144207,accu:0.993607,loss_recon:0.131759

17400-loss_z:21.548248,accu:0.329114,loss_recon:0.276914

17600-loss_z:0.141012,accu:0.994779,loss_recon:0.126316

17600-loss_z:21.732187,accu:0.316456,loss_recon:0.276141

17800-loss_z:0.136567,accu:0.993685,loss_recon:0.129438

17800-loss_z:21.974541,accu:0.341772,loss_recon:0.270915

18000-loss_z:0.133535,accu:0.994824,loss_recon:0.128429

18000-loss_z:22.179384,accu:0.329114,loss_recon:0.276667

18200-loss_z:0.131847,accu:0.994531,loss_recon:0.127217

18200-loss_z:22.362984,accu:0.341772,loss_recon:0.278476

18400-loss_z:0.128025,accu:0.993991,loss_recon:0.128019

18400-loss_z:22.657841,accu:0.341772,loss_recon:0.272901

18600-loss_z:0.123877,accu:0.995703,loss_recon:0.127133

18600-loss_z:22.818249,accu:0.329114,loss_recon:0.280526

18800-loss_z:0.122607,accu:0.994863,loss_recon:0.125537

18800-loss_z:23.063902,accu:0.303797,loss_recon:0.273013

19000-loss_z:0.119117,accu:0.997207,loss_recon:0.127785

19000-loss_z:23.341419,accu:0.316456,loss_recon:0.274062

19200-loss_z:0.116848,accu:0.996634,loss_recon:0.126872

19200-loss_z:23.546207,accu:0.303797,loss_recon:0.273358

19400-loss_z:0.112868,accu:0.996829,loss_recon:0.125146

19400-loss_z:23.830921,accu:0.303797,loss_recon:0.274324

19600-loss_z:0.111983,accu:0.995859,loss_recon:0.126389

19600-loss_z:24.013344,accu:0.303797,loss_recon:0.274141

19800-loss_z:0.108276,accu:0.996608,loss_recon:0.126557

19800-loss_z:24.239147,accu:0.303797,loss_recon:0.273355

20000-loss_z:0.106518,accu:0.997077,loss_recon:0.125554

20000-loss_z:24.468786,accu:0.303797,loss_recon:0.27302

Continue training
New FC model is initialized
200-loss_z:2.643024,accu:0.177135,loss_recon:1.163187

200-loss_z:2.716013,accu:0.063291,loss_recon:0.663182

400-loss_z:2.105462,accu:0.27638,loss_recon:0.535606

400-loss_z:2.575207,accu:0.050633,loss_recon:0.472283

600-loss_z:1.846369,accu:0.33472,loss_recon:0.424808

600-loss_z:2.50242,accu:0.101266,loss_recon:0.401913

800-loss_z:1.676717,accu:0.385488,loss_recon:0.362829

800-loss_z:2.547961,accu:0.113924,loss_recon:0.357634

1000-loss_z:1.54187,accu:0.424206,loss_recon:0.328701

1000-loss_z:2.617338,accu:0.113924,loss_recon:0.328978

1200-loss_z:1.452131,accu:0.45056,loss_recon:0.304405

1200-loss_z:2.706502,accu:0.189873,loss_recon:0.306106

1400-loss_z:1.37769,accu:0.485221,loss_recon:0.279515

1400-loss_z:2.799177,accu:0.177215,loss_recon:0.289585

1600-loss_z:1.300875,accu:0.511908,loss_recon:0.258806

1600-loss_z:2.89146,accu:0.202532,loss_recon:0.275525

1800-loss_z:1.245794,accu:0.549915,loss_recon:0.240173

1800-loss_z:3.005488,accu:0.189873,loss_recon:0.268098

2000-loss_z:1.189473,accu:0.567708,loss_recon:0.22436

2000-loss_z:3.146862,accu:0.189873,loss_recon:0.260467

2200-loss_z:1.142172,accu:0.598822,loss_recon:0.214962

2200-loss_z:3.276101,accu:0.189873,loss_recon:0.251912

2400-loss_z:1.088796,accu:0.618945,loss_recon:0.206662

2400-loss_z:3.420678,accu:0.227848,loss_recon:0.245058

2600-loss_z:1.050647,accu:0.632578,loss_recon:0.199483

2600-loss_z:3.59524,accu:0.21519,loss_recon:0.246862

2800-loss_z:1.013441,accu:0.650944,loss_recon:0.192162

2800-loss_z:3.757994,accu:0.227848,loss_recon:0.250589

3000-loss_z:0.969154,accu:0.67321,loss_recon:0.189681

3000-loss_z:3.912649,accu:0.240506,loss_recon:0.250001

3200-loss_z:0.92776,accu:0.70349,loss_recon:0.187653

3200-loss_z:4.127737,accu:0.240506,loss_recon:0.250377

3400-loss_z:0.895399,accu:0.713275,loss_recon:0.186847

3400-loss_z:4.309572,accu:0.240506,loss_recon:0.253237

3600-loss_z:0.860841,accu:0.72582,loss_recon:0.184904

3600-loss_z:4.574977,accu:0.240506,loss_recon:0.251569

3800-loss_z:0.832814,accu:0.741152,loss_recon:0.186756

3800-loss_z:4.806685,accu:0.253165,loss_recon:0.257247

4000-loss_z:0.801755,accu:0.752754,loss_recon:0.182744

4000-loss_z:5.054949,accu:0.253165,loss_recon:0.253486

4200-loss_z:0.77335,accu:0.761257,loss_recon:0.180488

4200-loss_z:5.328702,accu:0.253165,loss_recon:0.255342

4400-loss_z:0.747917,accu:0.779707,loss_recon:0.182802

4400-loss_z:5.610034,accu:0.265823,loss_recon:0.255238

4600-loss_z:0.724526,accu:0.791426,loss_recon:0.178997

4600-loss_z:5.903426,accu:0.265823,loss_recon:0.26001

4800-loss_z:0.695512,accu:0.809395,loss_recon:0.178863

4800-loss_z:6.223921,accu:0.278481,loss_recon:0.255593

5000-loss_z:0.678338,accu:0.819707,loss_recon:0.178663

5000-loss_z:6.517812,accu:0.278481,loss_recon:0.256441

5200-loss_z:0.655316,accu:0.831862,loss_recon:0.174497

5200-loss_z:6.807171,accu:0.265823,loss_recon:0.262712

5400-loss_z:0.631347,accu:0.84748,loss_recon:0.176377

5400-loss_z:7.126639,accu:0.291139,loss_recon:0.257918

5600-loss_z:0.613316,accu:0.857461,loss_recon:0.17538

5600-loss_z:7.412255,accu:0.291139,loss_recon:0.253819

5800-loss_z:0.592356,accu:0.86821,loss_recon:0.173969

5800-loss_z:7.712479,accu:0.291139,loss_recon:0.258034

6000-loss_z:0.571593,accu:0.881133,loss_recon:0.173443

6000-loss_z:8.013788,accu:0.329114,loss_recon:0.260177

6200-loss_z:0.549494,accu:0.884583,loss_recon:0.174554

6200-loss_z:8.31939,accu:0.316456,loss_recon:0.261481

6400-loss_z:0.53565,accu:0.89291,loss_recon:0.172158

6400-loss_z:8.601623,accu:0.341772,loss_recon:0.265697

6600-loss_z:0.517607,accu:0.902611,loss_recon:0.17167

6600-loss_z:8.886857,accu:0.329114,loss_recon:0.262391

6800-loss_z:0.499395,accu:0.899206,loss_recon:0.167357

6800-loss_z:9.227032,accu:0.329114,loss_recon:0.265395

7000-loss_z:0.485924,accu:0.905423,loss_recon:0.172336

7000-loss_z:9.558132,accu:0.316456,loss_recon:0.261245

7200-loss_z:0.471475,accu:0.908952,loss_recon:0.168792

7200-loss_z:9.957098,accu:0.329114,loss_recon:0.256812

7400-loss_z:0.455886,accu:0.912949,loss_recon:0.168432

7400-loss_z:10.366649,accu:0.35443,loss_recon:0.25933

7600-loss_z:0.441669,accu:0.92056,loss_recon:0.169175

7600-loss_z:10.77436,accu:0.316456,loss_recon:0.262204

7800-loss_z:0.427718,accu:0.924661,loss_recon:0.166285

7800-loss_z:11.269044,accu:0.367089,loss_recon:0.264525

8000-loss_z:0.41228,accu:0.927936,loss_recon:0.16821

8000-loss_z:11.730087,accu:0.367089,loss_recon:0.262939

8200-loss_z:0.401429,accu:0.939388,loss_recon:0.168586

8200-loss_z:12.148612,accu:0.367089,loss_recon:0.261264

8400-loss_z:0.384303,accu:0.944759,loss_recon:0.166481

8400-loss_z:12.579781,accu:0.341772,loss_recon:0.265255

8600-loss_z:0.376634,accu:0.951999,loss_recon:0.165024

8600-loss_z:13.018027,accu:0.341772,loss_recon:0.266106

8800-loss_z:0.366304,accu:0.961445,loss_recon:0.164579

8800-loss_z:13.463429,accu:0.341772,loss_recon:0.26741

9000-loss_z:0.350906,accu:0.959681,loss_recon:0.165551

9000-loss_z:13.897107,accu:0.35443,loss_recon:0.264913

9200-loss_z:0.341845,accu:0.960573,loss_recon:0.163124

9200-loss_z:14.381303,accu:0.367089,loss_recon:0.265938

9400-loss_z:0.331671,accu:0.96653,loss_recon:0.164034

9400-loss_z:14.829587,accu:0.35443,loss_recon:0.265549

9600-loss_z:0.320708,accu:0.965124,loss_recon:0.160606

9600-loss_z:15.301954,accu:0.35443,loss_recon:0.269798

9800-loss_z:0.309944,accu:0.970983,loss_recon:0.16161

9800-loss_z:15.752483,accu:0.367089,loss_recon:0.268139

10000-loss_z:0.301104,accu:0.972493,loss_recon:0.159988

10000-loss_z:16.239603,accu:0.35443,loss_recon:0.270178

10200-loss_z:0.290535,accu:0.97209,loss_recon:0.162038

10200-loss_z:16.716587,accu:0.35443,loss_recon:0.272688

10400-loss_z:0.284677,accu:0.974948,loss_recon:0.158616

10400-loss_z:17.15069,accu:0.35443,loss_recon:0.272463

10600-loss_z:0.277017,accu:0.976654,loss_recon:0.159306

10600-loss_z:17.617788,accu:0.379747,loss_recon:0.270812

10800-loss_z:0.266845,accu:0.975729,loss_recon:0.159855

10800-loss_z:18.088953,accu:0.35443,loss_recon:0.269219

11000-loss_z:0.26221,accu:0.975729,loss_recon:0.157413

11000-loss_z:18.596571,accu:0.367089,loss_recon:0.275034

11200-loss_z:0.253214,accu:0.977897,loss_recon:0.155179

11200-loss_z:19.105555,accu:0.35443,loss_recon:0.272267

11400-loss_z:0.247126,accu:0.978359,loss_recon:0.158309

11400-loss_z:19.611618,accu:0.35443,loss_recon:0.271211

11600-loss_z:0.239383,accu:0.978053,loss_recon:0.158248

11600-loss_z:20.112091,accu:0.367089,loss_recon:0.273896

11800-loss_z:0.232047,accu:0.979674,loss_recon:0.156863

11800-loss_z:20.685574,accu:0.367089,loss_recon:0.273532

12000-loss_z:0.226064,accu:0.977285,loss_recon:0.155842

12000-loss_z:21.122683,accu:0.341772,loss_recon:0.276148

12200-loss_z:0.220204,accu:0.97946,loss_recon:0.159245

12200-loss_z:21.644323,accu:0.367089,loss_recon:0.273226

12400-loss_z:0.210904,accu:0.981647,loss_recon:0.159358

12400-loss_z:22.177889,accu:0.35443,loss_recon:0.272609

12600-loss_z:0.207884,accu:0.979473,loss_recon:0.156918

12600-loss_z:22.718199,accu:0.35443,loss_recon:0.274838

12800-loss_z:0.199566,accu:0.98026,loss_recon:0.154189

12800-loss_z:23.282265,accu:0.367089,loss_recon:0.276036

13000-loss_z:0.195739,accu:0.981387,loss_recon:0.15502

13000-loss_z:23.781769,accu:0.379747,loss_recon:0.275732

13200-loss_z:0.19115,accu:0.980625,loss_recon:0.155281

13200-loss_z:24.331772,accu:0.367089,loss_recon:0.272357

13400-loss_z:0.18141,accu:0.982754,loss_recon:0.155187

13400-loss_z:24.869127,accu:0.367089,loss_recon:0.272389

13600-loss_z:0.179374,accu:0.982266,loss_recon:0.154878

13600-loss_z:25.441874,accu:0.379747,loss_recon:0.275198

13800-loss_z:0.17331,accu:0.982109,loss_recon:0.154184

13800-loss_z:26.047932,accu:0.367089,loss_recon:0.279671

14000-loss_z:0.16706,accu:0.985365,loss_recon:0.154171

14000-loss_z:26.610861,accu:0.379747,loss_recon:0.269789

14200-loss_z:0.163025,accu:0.983737,loss_recon:0.155664

14200-loss_z:27.231768,accu:0.367089,loss_recon:0.279332

14400-loss_z:0.157414,accu:0.984688,loss_recon:0.153075

14400-loss_z:27.857841,accu:0.392405,loss_recon:0.277434

14600-loss_z:0.152855,accu:0.984134,loss_recon:0.154586

14600-loss_z:28.381697,accu:0.329114,loss_recon:0.277863

14800-loss_z:0.149994,accu:0.984714,loss_recon:0.152488

14800-loss_z:29.025501,accu:0.341772,loss_recon:0.279597

15000-loss_z:0.14523,accu:0.985059,loss_recon:0.154744

15000-loss_z:29.646528,accu:0.341772,loss_recon:0.280944

15200-loss_z:0.139783,accu:0.985703,loss_recon:0.152812

15200-loss_z:30.268515,accu:0.379747,loss_recon:0.276229

15400-loss_z:0.134205,accu:0.988249,loss_recon:0.154577

15400-loss_z:30.916603,accu:0.35443,loss_recon:0.280125

15600-loss_z:0.131496,accu:0.987435,loss_recon:0.151499

15600-loss_z:31.506004,accu:0.367089,loss_recon:0.278937

15800-loss_z:0.126979,accu:0.988236,loss_recon:0.152807

15800-loss_z:32.181194,accu:0.367089,loss_recon:0.284011

16000-loss_z:0.123808,accu:0.988633,loss_recon:0.152804

16000-loss_z:32.80056,accu:0.341772,loss_recon:0.282497

16200-loss_z:0.120368,accu:0.990286,loss_recon:0.150999

16200-loss_z:33.415321,accu:0.341772,loss_recon:0.279277

16400-loss_z:0.116985,accu:0.990645,loss_recon:0.152583

16400-loss_z:34.025448,accu:0.35443,loss_recon:0.28822

16600-loss_z:0.114186,accu:0.988822,loss_recon:0.150546

16600-loss_z:34.586174,accu:0.35443,loss_recon:0.283983

16800-loss_z:0.109202,accu:0.991523,loss_recon:0.150893

16800-loss_z:35.167927,accu:0.341772,loss_recon:0.282789

17000-loss_z:0.10585,accu:0.99054,loss_recon:0.15021

17000-loss_z:35.796135,accu:0.316456,loss_recon:0.279109

17200-loss_z:0.10246,accu:0.991224,loss_recon:0.150658

17200-loss_z:36.436234,accu:0.341772,loss_recon:0.278401

17400-loss_z:0.099967,accu:0.99028,loss_recon:0.148569

17400-loss_z:37.038303,accu:0.329114,loss_recon:0.285381

17600-loss_z:0.096197,accu:0.993607,loss_recon:0.147707

17600-loss_z:37.632851,accu:0.341772,loss_recon:0.280237

17800-loss_z:0.093328,accu:0.991855,loss_recon:0.149011

17800-loss_z:38.205555,accu:0.329114,loss_recon:0.285632

18000-loss_z:0.089871,accu:0.993294,loss_recon:0.148363

18000-loss_z:38.778454,accu:0.329114,loss_recon:0.279986

18200-loss_z:0.087861,accu:0.992923,loss_recon:0.147782

18200-loss_z:39.37854,accu:0.329114,loss_recon:0.277967

18400-loss_z:0.084366,accu:0.993861,loss_recon:0.148482

18400-loss_z:39.902092,accu:0.329114,loss_recon:0.285953

18600-loss_z:0.080962,accu:0.993275,loss_recon:0.148377

18600-loss_z:40.471043,accu:0.329114,loss_recon:0.28674

18800-loss_z:0.079273,accu:0.993867,loss_recon:0.148138

18800-loss_z:41.06675,accu:0.316456,loss_recon:0.283148

19000-loss_z:0.075949,accu:0.995111,loss_recon:0.149825

19000-loss_z:41.67519,accu:0.316456,loss_recon:0.283211

19200-loss_z:0.073373,accu:0.994427,loss_recon:0.147712

19200-loss_z:42.328693,accu:0.341772,loss_recon:0.284927

19400-loss_z:0.071659,accu:0.995514,loss_recon:0.147071

19400-loss_z:42.880016,accu:0.341772,loss_recon:0.281062

19600-loss_z:0.069279,accu:0.995879,loss_recon:0.148428

19600-loss_z:43.42683,accu:0.316456,loss_recon:0.286896

19800-loss_z:0.066847,accu:0.994629,loss_recon:0.146512

19800-loss_z:44.129028,accu:0.316456,loss_recon:0.283533

20000-loss_z:0.06365,accu:0.995651,loss_recon:0.14725

20000-loss_z:44.729584,accu:0.341772,loss_recon:0.280252

Continue training
New FC model is initialized
200-loss_z:2.674253,accu:0.130286,loss_recon:1.273737

200-loss_z:2.679347,accu:0.075949,loss_recon:0.757529

400-loss_z:2.184346,accu:0.26388,loss_recon:0.602801

400-loss_z:2.46937,accu:0.063291,loss_recon:0.55475

600-loss_z:1.88791,accu:0.339798,loss_recon:0.469363

600-loss_z:2.383777,accu:0.037975,loss_recon:0.463154

800-loss_z:1.694246,accu:0.416029,loss_recon:0.398282

800-loss_z:2.350065,accu:0.101266,loss_recon:0.403431

1000-loss_z:1.563504,accu:0.458984,loss_recon:0.352785

1000-loss_z:2.32357,accu:0.189873,loss_recon:0.361091

1200-loss_z:1.45707,accu:0.497428,loss_recon:0.320834

1200-loss_z:2.336775,accu:0.21519,loss_recon:0.330418

1400-loss_z:1.374406,accu:0.525352,loss_recon:0.302079

1400-loss_z:2.369594,accu:0.265823,loss_recon:0.305997

1600-loss_z:1.29791,accu:0.540677,loss_recon:0.286442

1600-loss_z:2.404431,accu:0.240506,loss_recon:0.292978

1800-loss_z:1.231236,accu:0.560749,loss_recon:0.268385

1800-loss_z:2.448203,accu:0.253165,loss_recon:0.283065

2000-loss_z:1.183077,accu:0.567298,loss_recon:0.259701

2000-loss_z:2.510332,accu:0.278481,loss_recon:0.274666

2200-loss_z:1.12611,accu:0.595352,loss_recon:0.249609

2200-loss_z:2.591793,accu:0.291139,loss_recon:0.27039

2400-loss_z:1.083255,accu:0.620208,loss_recon:0.236391

2400-loss_z:2.628446,accu:0.253165,loss_recon:0.264128

2600-loss_z:1.039189,accu:0.645371,loss_recon:0.223902

2600-loss_z:2.682978,accu:0.291139,loss_recon:0.261368

2800-loss_z:0.994186,accu:0.669512,loss_recon:0.216386

2800-loss_z:2.759473,accu:0.291139,loss_recon:0.263414

3000-loss_z:0.955883,accu:0.684896,loss_recon:0.206409

3000-loss_z:2.847227,accu:0.329114,loss_recon:0.262791

3200-loss_z:0.922409,accu:0.692845,loss_recon:0.198294

3200-loss_z:2.922107,accu:0.291139,loss_recon:0.256873

3400-loss_z:0.886421,accu:0.723659,loss_recon:0.190505

3400-loss_z:3.024851,accu:0.329114,loss_recon:0.257462

3600-loss_z:0.853811,accu:0.742122,loss_recon:0.182367

3600-loss_z:3.113763,accu:0.329114,loss_recon:0.265443

3800-loss_z:0.821421,accu:0.751589,loss_recon:0.178514

3800-loss_z:3.244738,accu:0.329114,loss_recon:0.265357

4000-loss_z:0.792021,accu:0.769408,loss_recon:0.17161

4000-loss_z:3.348338,accu:0.303797,loss_recon:0.270658

4200-loss_z:0.763468,accu:0.789655,loss_recon:0.167042

4200-loss_z:3.431854,accu:0.316456,loss_recon:0.269847

4400-loss_z:0.73104,accu:0.789421,loss_recon:0.158035

4400-loss_z:3.579594,accu:0.291139,loss_recon:0.280118

4600-loss_z:0.705238,accu:0.790117,loss_recon:0.154204

4600-loss_z:3.687195,accu:0.35443,loss_recon:0.275356

4800-loss_z:0.68315,accu:0.797604,loss_recon:0.151972

4800-loss_z:3.823723,accu:0.341772,loss_recon:0.280069

5000-loss_z:0.658046,accu:0.805495,loss_recon:0.148135

5000-loss_z:4.016875,accu:0.316456,loss_recon:0.283917

5200-loss_z:0.635909,accu:0.810365,loss_recon:0.143495

5200-loss_z:4.203606,accu:0.341772,loss_recon:0.29173

5400-loss_z:0.614434,accu:0.813815,loss_recon:0.139581

5400-loss_z:4.352816,accu:0.316456,loss_recon:0.286622

5600-loss_z:0.589425,accu:0.832285,loss_recon:0.137815

5600-loss_z:4.54601,accu:0.303797,loss_recon:0.290576

5800-loss_z:0.576031,accu:0.842617,loss_recon:0.134733

5800-loss_z:4.700513,accu:0.367089,loss_recon:0.309004

6000-loss_z:0.553829,accu:0.855827,loss_recon:0.133419

6000-loss_z:4.872883,accu:0.329114,loss_recon:0.29693

6200-loss_z:0.542207,accu:0.858164,loss_recon:0.132416

6200-loss_z:5.046734,accu:0.316456,loss_recon:0.293239

6400-loss_z:0.519707,accu:0.86849,loss_recon:0.131955

6400-loss_z:5.216051,accu:0.316456,loss_recon:0.304151

6600-loss_z:0.499405,accu:0.873477,loss_recon:0.128112

6600-loss_z:5.375288,accu:0.316456,loss_recon:0.290576

6800-loss_z:0.480393,accu:0.877832,loss_recon:0.125636

6800-loss_z:5.558042,accu:0.341772,loss_recon:0.29371

7000-loss_z:0.461845,accu:0.880781,loss_recon:0.124892

7000-loss_z:5.730533,accu:0.341772,loss_recon:0.303275

7200-loss_z:0.450168,accu:0.874967,loss_recon:0.12264

7200-loss_z:5.883389,accu:0.35443,loss_recon:0.301944

7400-loss_z:0.437047,accu:0.88209,loss_recon:0.122954

7400-loss_z:6.084704,accu:0.367089,loss_recon:0.308488

7600-loss_z:0.418591,accu:0.87666,loss_recon:0.122523

7600-loss_z:6.241229,accu:0.392405,loss_recon:0.308491

7800-loss_z:0.398918,accu:0.884818,loss_recon:0.123071

7800-loss_z:6.429495,accu:0.367089,loss_recon:0.313425

8000-loss_z:0.392611,accu:0.885443,loss_recon:0.119956

8000-loss_z:6.606306,accu:0.379747,loss_recon:0.308664

8200-loss_z:0.380124,accu:0.889349,loss_recon:0.120702

8200-loss_z:6.76128,accu:0.379747,loss_recon:0.305531

8400-loss_z:0.364278,accu:0.898372,loss_recon:0.119039

8400-loss_z:6.966578,accu:0.367089,loss_recon:0.302052

8600-loss_z:0.356161,accu:0.906276,loss_recon:0.119848

8600-loss_z:7.126124,accu:0.367089,loss_recon:0.30531

8800-loss_z:0.342854,accu:0.912676,loss_recon:0.118182

8800-loss_z:7.342649,accu:0.35443,loss_recon:0.302725

9000-loss_z:0.330396,accu:0.916458,loss_recon:0.115988

9000-loss_z:7.504459,accu:0.367089,loss_recon:0.304237

9200-loss_z:0.32316,accu:0.915313,loss_recon:0.117885

9200-loss_z:7.736115,accu:0.379747,loss_recon:0.311381

9400-loss_z:0.310808,accu:0.923151,loss_recon:0.11444

9400-loss_z:7.92785,accu:0.367089,loss_recon:0.301731

9600-loss_z:0.300389,accu:0.923717,loss_recon:0.116593

9600-loss_z:8.085614,accu:0.367089,loss_recon:0.298934

9800-loss_z:0.293425,accu:0.92709,loss_recon:0.117196

9800-loss_z:8.291998,accu:0.341772,loss_recon:0.300808

10000-loss_z:0.284605,accu:0.928822,loss_recon:0.116831

10000-loss_z:8.503968,accu:0.379747,loss_recon:0.308209

10200-loss_z:0.27833,accu:0.9289,loss_recon:0.115853

10200-loss_z:8.733408,accu:0.367089,loss_recon:0.302698

10400-loss_z:0.271913,accu:0.932637,loss_recon:0.115246

10400-loss_z:8.909365,accu:0.367089,loss_recon:0.299944

10600-loss_z:0.261885,accu:0.936361,loss_recon:0.114918

10600-loss_z:9.145083,accu:0.35443,loss_recon:0.305366

10800-loss_z:0.26048,accu:0.934688,loss_recon:0.115267

10800-loss_z:9.34096,accu:0.379747,loss_recon:0.313149

11000-loss_z:0.251274,accu:0.938197,loss_recon:0.114716

11000-loss_z:9.578829,accu:0.367089,loss_recon:0.311784

11200-loss_z:0.245699,accu:0.936673,loss_recon:0.11436

11200-loss_z:9.807964,accu:0.35443,loss_recon:0.312906

11400-loss_z:0.241835,accu:0.937546,loss_recon:0.11376

11400-loss_z:9.98882,accu:0.379747,loss_recon:0.310649

11600-loss_z:0.233597,accu:0.944688,loss_recon:0.113833

11600-loss_z:10.222179,accu:0.367089,loss_recon:0.316756

11800-loss_z:0.228143,accu:0.948073,loss_recon:0.113266

11800-loss_z:10.452508,accu:0.392405,loss_recon:0.320404

12000-loss_z:0.222817,accu:0.945833,loss_recon:0.112806

12000-loss_z:10.663405,accu:0.367089,loss_recon:0.309409

12200-loss_z:0.217901,accu:0.946159,loss_recon:0.111795

12200-loss_z:10.838931,accu:0.367089,loss_recon:0.306563

12400-loss_z:0.212907,accu:0.946869,loss_recon:0.113077

12400-loss_z:11.126005,accu:0.367089,loss_recon:0.306442

12600-loss_z:0.211993,accu:0.943594,loss_recon:0.112343

12600-loss_z:11.331127,accu:0.379747,loss_recon:0.308096

12800-loss_z:0.20514,accu:0.944948,loss_recon:0.112505

12800-loss_z:11.546847,accu:0.379747,loss_recon:0.313193

13000-loss_z:0.202866,accu:0.946895,loss_recon:0.109909

13000-loss_z:11.783957,accu:0.379747,loss_recon:0.30594

13200-loss_z:0.196899,accu:0.948079,loss_recon:0.110793

13200-loss_z:12.000645,accu:0.379747,loss_recon:0.306027

13400-loss_z:0.193187,accu:0.948867,loss_recon:0.109385

13400-loss_z:12.229364,accu:0.379747,loss_recon:0.308699

13600-loss_z:0.189399,accu:0.949342,loss_recon:0.109286

13600-loss_z:12.448407,accu:0.379747,loss_recon:0.303136

13800-loss_z:0.185798,accu:0.945462,loss_recon:0.10936

13800-loss_z:12.664858,accu:0.379747,loss_recon:0.309005

14000-loss_z:0.181329,accu:0.950898,loss_recon:0.107642

14000-loss_z:12.897071,accu:0.379747,loss_recon:0.304439

14200-loss_z:0.179191,accu:0.953262,loss_recon:0.107143

14200-loss_z:13.0968,accu:0.379747,loss_recon:0.307623

14400-loss_z:0.175593,accu:0.954473,loss_recon:0.105401

14400-loss_z:13.348409,accu:0.367089,loss_recon:0.318603

14600-loss_z:0.171556,accu:0.954375,loss_recon:0.105595

14600-loss_z:13.622093,accu:0.379747,loss_recon:0.308643

14800-loss_z:0.169768,accu:0.956009,loss_recon:0.106192

14800-loss_z:13.783751,accu:0.379747,loss_recon:0.313931

15000-loss_z:0.166619,accu:0.956133,loss_recon:0.103964

15000-loss_z:14.054926,accu:0.379747,loss_recon:0.301066

15200-loss_z:0.160454,accu:0.960794,loss_recon:0.106012

15200-loss_z:14.255777,accu:0.367089,loss_recon:0.313776

15400-loss_z:0.161038,accu:0.957493,loss_recon:0.104562

15400-loss_z:14.501893,accu:0.367089,loss_recon:0.31307

15600-loss_z:0.157224,accu:0.953164,loss_recon:0.102484

15600-loss_z:14.722972,accu:0.367089,loss_recon:0.311915

15800-loss_z:0.154448,accu:0.957663,loss_recon:0.102988

15800-loss_z:14.935455,accu:0.367089,loss_recon:0.311116

16000-loss_z:0.151687,accu:0.957428,loss_recon:0.103198

16000-loss_z:15.139484,accu:0.367089,loss_recon:0.303012

16200-loss_z:0.150708,accu:0.958496,loss_recon:0.102662

16200-loss_z:15.35083,accu:0.379747,loss_recon:0.3054

16400-loss_z:0.14827,accu:0.955378,loss_recon:0.100083

16400-loss_z:15.556025,accu:0.367089,loss_recon:0.308684

16600-loss_z:0.145506,accu:0.958477,loss_recon:0.102024

16600-loss_z:15.661496,accu:0.367089,loss_recon:0.303447

16800-loss_z:0.141805,accu:0.95944,loss_recon:0.100698

16800-loss_z:15.892304,accu:0.35443,loss_recon:0.304006

17000-loss_z:0.141448,accu:0.959837,loss_recon:0.09917

17000-loss_z:16.066206,accu:0.35443,loss_recon:0.299379

17200-loss_z:0.13867,accu:0.96071,loss_recon:0.100189

17200-loss_z:16.305122,accu:0.35443,loss_recon:0.304395

17400-loss_z:0.136038,accu:0.959622,loss_recon:0.100163

17400-loss_z:16.475428,accu:0.35443,loss_recon:0.29065

17600-loss_z:0.132566,accu:0.965104,loss_recon:0.09942

17600-loss_z:16.695894,accu:0.35443,loss_recon:0.299299

17800-loss_z:0.132274,accu:0.962461,loss_recon:0.098569

17800-loss_z:16.968153,accu:0.35443,loss_recon:0.300018

18000-loss_z:0.131051,accu:0.963314,loss_recon:0.098822

18000-loss_z:17.158796,accu:0.35443,loss_recon:0.298673

18200-loss_z:0.127772,accu:0.963581,loss_recon:0.097925

18200-loss_z:17.425585,accu:0.35443,loss_recon:0.300777

18400-loss_z:0.126604,accu:0.963236,loss_recon:0.09826

18400-loss_z:17.620695,accu:0.35443,loss_recon:0.304626

18600-loss_z:0.125526,accu:0.96513,loss_recon:0.097795

18600-loss_z:17.87472,accu:0.35443,loss_recon:0.30089

18800-loss_z:0.122503,accu:0.963535,loss_recon:0.097248

18800-loss_z:18.166737,accu:0.35443,loss_recon:0.289818

19000-loss_z:0.120339,accu:0.96237,loss_recon:0.097777

19000-loss_z:18.325274,accu:0.35443,loss_recon:0.300096

19200-loss_z:0.119098,accu:0.962513,loss_recon:0.095588

19200-loss_z:18.595707,accu:0.341772,loss_recon:0.302627

19400-loss_z:0.117459,accu:0.965078,loss_recon:0.096729

19400-loss_z:18.844124,accu:0.35443,loss_recon:0.295663

19600-loss_z:0.115315,accu:0.965085,loss_recon:0.096556

19600-loss_z:19.058056,accu:0.35443,loss_recon:0.297339

19800-loss_z:0.116531,accu:0.965749,loss_recon:0.09669

19800-loss_z:19.311729,accu:0.341772,loss_recon:0.298763

20000-loss_z:0.111961,accu:0.96543,loss_recon:0.097127

20000-loss_z:19.530834,accu:0.367089,loss_recon:0.291016

Continue training
New FC model is initialized
200-loss_z:2.613123,accu:0.148308,loss_recon:1.377901

200-loss_z:2.669195,accu:0.075949,loss_recon:0.756213

400-loss_z:2.048712,accu:0.287585,loss_recon:0.63132

400-loss_z:2.464329,accu:0.113924,loss_recon:0.537147

600-loss_z:1.77754,accu:0.350618,loss_recon:0.471853

600-loss_z:2.412647,accu:0.151899,loss_recon:0.410509

800-loss_z:1.608168,accu:0.406888,loss_recon:0.38551

800-loss_z:2.444122,accu:0.189873,loss_recon:0.348185

1000-loss_z:1.482549,accu:0.446706,loss_recon:0.332285

1000-loss_z:2.504952,accu:0.227848,loss_recon:0.309871

1200-loss_z:1.382424,accu:0.486107,loss_recon:0.304359

1200-loss_z:2.562695,accu:0.227848,loss_recon:0.289641

1400-loss_z:1.296587,accu:0.53194,loss_recon:0.285862

1400-loss_z:2.641957,accu:0.227848,loss_recon:0.272524

1600-loss_z:1.230774,accu:0.555762,loss_recon:0.270026

1600-loss_z:2.743382,accu:0.202532,loss_recon:0.25842

1800-loss_z:1.169193,accu:0.569733,loss_recon:0.258905

1800-loss_z:2.789338,accu:0.227848,loss_recon:0.255026

2000-loss_z:1.114839,accu:0.595117,loss_recon:0.244812

2000-loss_z:2.856297,accu:0.240506,loss_recon:0.249435

2200-loss_z:1.064508,accu:0.595026,loss_recon:0.235008

2200-loss_z:2.919517,accu:0.21519,loss_recon:0.247576

2400-loss_z:1.023851,accu:0.618496,loss_recon:0.222989

2400-loss_z:2.990763,accu:0.21519,loss_recon:0.244488

2600-loss_z:0.980588,accu:0.638418,loss_recon:0.215492

2600-loss_z:3.04287,accu:0.265823,loss_recon:0.246295

2800-loss_z:0.942034,accu:0.666628,loss_recon:0.208032

2800-loss_z:3.094844,accu:0.240506,loss_recon:0.243982

3000-loss_z:0.904158,accu:0.672865,loss_recon:0.205945

3000-loss_z:3.166566,accu:0.253165,loss_recon:0.252048

3200-loss_z:0.866238,accu:0.696087,loss_recon:0.198996

3200-loss_z:3.251162,accu:0.278481,loss_recon:0.25831

3400-loss_z:0.84257,accu:0.720736,loss_recon:0.197659

3400-loss_z:3.288306,accu:0.303797,loss_recon:0.257681

3600-loss_z:0.809889,accu:0.736986,loss_recon:0.193024

3600-loss_z:3.384617,accu:0.329114,loss_recon:0.256352

3800-loss_z:0.785337,accu:0.755052,loss_recon:0.191455

3800-loss_z:3.50102,accu:0.303797,loss_recon:0.264859

4000-loss_z:0.761306,accu:0.769212,loss_recon:0.187535

4000-loss_z:3.592433,accu:0.316456,loss_recon:0.263533

4200-loss_z:0.732837,accu:0.782871,loss_recon:0.185058

4200-loss_z:3.684023,accu:0.329114,loss_recon:0.272355

4400-loss_z:0.706696,accu:0.79071,loss_recon:0.181412

4400-loss_z:3.765077,accu:0.341772,loss_recon:0.272393

4600-loss_z:0.684392,accu:0.791452,loss_recon:0.180158

4600-loss_z:3.854024,accu:0.35443,loss_recon:0.277166

4800-loss_z:0.664573,accu:0.803118,loss_recon:0.178187

4800-loss_z:3.978592,accu:0.329114,loss_recon:0.280929

5000-loss_z:0.644726,accu:0.812435,loss_recon:0.176602

5000-loss_z:4.060784,accu:0.341772,loss_recon:0.284391

5200-loss_z:0.621277,accu:0.817949,loss_recon:0.176624

5200-loss_z:4.158569,accu:0.329114,loss_recon:0.283712

5400-loss_z:0.60357,accu:0.830885,loss_recon:0.172548

5400-loss_z:4.259978,accu:0.316456,loss_recon:0.285901

5600-loss_z:0.588511,accu:0.831244,loss_recon:0.172263

5600-loss_z:4.356384,accu:0.329114,loss_recon:0.295919

5800-loss_z:0.566676,accu:0.838776,loss_recon:0.173873

5800-loss_z:4.450174,accu:0.316456,loss_recon:0.292875

6000-loss_z:0.551333,accu:0.851576,loss_recon:0.168292

6000-loss_z:4.556664,accu:0.341772,loss_recon:0.305847

6200-loss_z:0.536331,accu:0.854134,loss_recon:0.170482

6200-loss_z:4.651931,accu:0.329114,loss_recon:0.312262

6400-loss_z:0.515861,accu:0.860117,loss_recon:0.167043

6400-loss_z:4.762535,accu:0.35443,loss_recon:0.32491

6600-loss_z:0.506289,accu:0.86181,loss_recon:0.16813

6600-loss_z:4.824052,accu:0.341772,loss_recon:0.312519

6800-loss_z:0.490438,accu:0.863145,loss_recon:0.166682

6800-loss_z:4.96185,accu:0.329114,loss_recon:0.307501

7000-loss_z:0.477455,accu:0.871484,loss_recon:0.16491

7000-loss_z:5.065502,accu:0.316456,loss_recon:0.323478

7200-loss_z:0.458801,accu:0.880228,loss_recon:0.164111

7200-loss_z:5.183104,accu:0.316456,loss_recon:0.324147

7400-loss_z:0.447478,accu:0.887122,loss_recon:0.163787

7400-loss_z:5.302511,accu:0.341772,loss_recon:0.321162

7600-loss_z:0.437,accu:0.892441,loss_recon:0.163294

7600-loss_z:5.424489,accu:0.329114,loss_recon:0.322471

7800-loss_z:0.4215,accu:0.895684,loss_recon:0.162709

7800-loss_z:5.545882,accu:0.303797,loss_recon:0.326858

8000-loss_z:0.405461,accu:0.900195,loss_recon:0.162493

8000-loss_z:5.672692,accu:0.316456,loss_recon:0.331174

8200-loss_z:0.400346,accu:0.906953,loss_recon:0.161217

8200-loss_z:5.809006,accu:0.329114,loss_recon:0.330945

8400-loss_z:0.386783,accu:0.912806,loss_recon:0.163467

8400-loss_z:5.936996,accu:0.303797,loss_recon:0.334094

8600-loss_z:0.378278,accu:0.920697,loss_recon:0.160991

8600-loss_z:6.095188,accu:0.278481,loss_recon:0.335986

8800-loss_z:0.368534,accu:0.915951,loss_recon:0.159926

8800-loss_z:6.223084,accu:0.278481,loss_recon:0.334525

9000-loss_z:0.354295,accu:0.927389,loss_recon:0.161638

9000-loss_z:6.371192,accu:0.303797,loss_recon:0.340124

9200-loss_z:0.346141,accu:0.927852,loss_recon:0.159844

9200-loss_z:6.513705,accu:0.291139,loss_recon:0.330873

9400-loss_z:0.338856,accu:0.932734,loss_recon:0.160809

9400-loss_z:6.670283,accu:0.265823,loss_recon:0.340423

9600-loss_z:0.32809,accu:0.931497,loss_recon:0.159306

9600-loss_z:6.789158,accu:0.291139,loss_recon:0.337653

9800-loss_z:0.320788,accu:0.939193,loss_recon:0.159197

9800-loss_z:6.947022,accu:0.291139,loss_recon:0.332114

10000-loss_z:0.311211,accu:0.94321,loss_recon:0.157326

10000-loss_z:7.10354,accu:0.265823,loss_recon:0.332048

10200-loss_z:0.306722,accu:0.937194,loss_recon:0.159042

10200-loss_z:7.284653,accu:0.278481,loss_recon:0.338413

10400-loss_z:0.295175,accu:0.942897,loss_recon:0.162459

10400-loss_z:7.403968,accu:0.265823,loss_recon:0.336108

10600-loss_z:0.293342,accu:0.941458,loss_recon:0.158878

10600-loss_z:7.578421,accu:0.265823,loss_recon:0.342106

10800-loss_z:0.280377,accu:0.947656,loss_recon:0.158312

10800-loss_z:7.744556,accu:0.278481,loss_recon:0.336306

11000-loss_z:0.274037,accu:0.947845,loss_recon:0.160164

11000-loss_z:7.905399,accu:0.278481,loss_recon:0.340108

11200-loss_z:0.267755,accu:0.952051,loss_recon:0.157248

11200-loss_z:8.069166,accu:0.291139,loss_recon:0.331952

11400-loss_z:0.259527,accu:0.95321,loss_recon:0.157578

11400-loss_z:8.254393,accu:0.278481,loss_recon:0.337094

11600-loss_z:0.254813,accu:0.955221,loss_recon:0.155561

11600-loss_z:8.368291,accu:0.291139,loss_recon:0.336574

11800-loss_z:0.247635,accu:0.958073,loss_recon:0.156912

11800-loss_z:8.541369,accu:0.291139,loss_recon:0.330636

12000-loss_z:0.238602,accu:0.960208,loss_recon:0.15675

12000-loss_z:8.723362,accu:0.278481,loss_recon:0.331753

12200-loss_z:0.235202,accu:0.9586,loss_recon:0.157541

12200-loss_z:8.870001,accu:0.278481,loss_recon:0.328423

12400-loss_z:0.23043,accu:0.960039,loss_recon:0.154508

12400-loss_z:9.038251,accu:0.291139,loss_recon:0.337748

12600-loss_z:0.22236,accu:0.961536,loss_recon:0.157403

12600-loss_z:9.159093,accu:0.278481,loss_recon:0.333498

12800-loss_z:0.217737,accu:0.962786,loss_recon:0.157035

12800-loss_z:9.330202,accu:0.303797,loss_recon:0.337975

13000-loss_z:0.213232,accu:0.966888,loss_recon:0.156828

13000-loss_z:9.504351,accu:0.291139,loss_recon:0.332357

13200-loss_z:0.206443,accu:0.966257,loss_recon:0.159268

13200-loss_z:9.674802,accu:0.303797,loss_recon:0.327044

13400-loss_z:0.204154,accu:0.969766,loss_recon:0.154436

13400-loss_z:9.810272,accu:0.303797,loss_recon:0.328179

13600-loss_z:0.202824,accu:0.964733,loss_recon:0.155523

13600-loss_z:9.987839,accu:0.303797,loss_recon:0.329097

13800-loss_z:0.195248,accu:0.969622,loss_recon:0.152995

13800-loss_z:10.143755,accu:0.291139,loss_recon:0.336362

14000-loss_z:0.18738,accu:0.971458,loss_recon:0.153499

14000-loss_z:10.333689,accu:0.278481,loss_recon:0.325345

14200-loss_z:0.1856,accu:0.970469,loss_recon:0.153489

14200-loss_z:10.455455,accu:0.291139,loss_recon:0.33524

14400-loss_z:0.180171,accu:0.975313,loss_recon:0.153135

14400-loss_z:10.626281,accu:0.303797,loss_recon:0.325778

14600-loss_z:0.17978,accu:0.971458,loss_recon:0.153818

14600-loss_z:10.77957,accu:0.303797,loss_recon:0.328649

14800-loss_z:0.172129,accu:0.975775,loss_recon:0.15426

14800-loss_z:10.976768,accu:0.291139,loss_recon:0.337005

15000-loss_z:0.169195,accu:0.975273,loss_recon:0.154112

15000-loss_z:11.063613,accu:0.278481,loss_recon:0.330654

15200-loss_z:0.16492,accu:0.979395,loss_recon:0.156157

15200-loss_z:11.296604,accu:0.278481,loss_recon:0.326516

15400-loss_z:0.163346,accu:0.976068,loss_recon:0.151053

15400-loss_z:11.449335,accu:0.278481,loss_recon:0.327971

15600-loss_z:0.159989,accu:0.976966,loss_recon:0.152947

15600-loss_z:11.602435,accu:0.291139,loss_recon:0.341009

15800-loss_z:0.156773,accu:0.979355,loss_recon:0.153112

15800-loss_z:11.744698,accu:0.291139,loss_recon:0.329145

16000-loss_z:0.151395,accu:0.981816,loss_recon:0.151966

16000-loss_z:11.910899,accu:0.278481,loss_recon:0.335426

16200-loss_z:0.150641,accu:0.979036,loss_recon:0.152155

16200-loss_z:12.075987,accu:0.291139,loss_recon:0.337341

16400-loss_z:0.146209,accu:0.97959,loss_recon:0.148808

16400-loss_z:12.205292,accu:0.291139,loss_recon:0.331872

16600-loss_z:0.144511,accu:0.981615,loss_recon:0.151076

16600-loss_z:12.332205,accu:0.278481,loss_recon:0.325831

16800-loss_z:0.140162,accu:0.982526,loss_recon:0.15106

16800-loss_z:12.515265,accu:0.278481,loss_recon:0.325931

17000-loss_z:0.137028,accu:0.983639,loss_recon:0.149178

17000-loss_z:12.701365,accu:0.291139,loss_recon:0.334002

17200-loss_z:0.13246,accu:0.984596,loss_recon:0.14744

17200-loss_z:12.86723,accu:0.291139,loss_recon:0.326788

17400-loss_z:0.131568,accu:0.983216,loss_recon:0.148346

17400-loss_z:13.086045,accu:0.278481,loss_recon:0.324547

17600-loss_z:0.131265,accu:0.984017,loss_recon:0.148678

17600-loss_z:13.267929,accu:0.265823,loss_recon:0.332504

17800-loss_z:0.126299,accu:0.984635,loss_recon:0.148846

17800-loss_z:13.451544,accu:0.278481,loss_recon:0.323219

18000-loss_z:0.123488,accu:0.985013,loss_recon:0.148972

18000-loss_z:13.59451,accu:0.278481,loss_recon:0.324767

18200-loss_z:0.122297,accu:0.985124,loss_recon:0.144347

18200-loss_z:13.76406,accu:0.291139,loss_recon:0.326292

18400-loss_z:0.118506,accu:0.985957,loss_recon:0.145861

18400-loss_z:13.976914,accu:0.291139,loss_recon:0.324279

18600-loss_z:0.116924,accu:0.984616,loss_recon:0.149661

18600-loss_z:14.138749,accu:0.291139,loss_recon:0.329434

18800-loss_z:0.110724,accu:0.986908,loss_recon:0.147863

18800-loss_z:14.315502,accu:0.291139,loss_recon:0.327618

19000-loss_z:0.109622,accu:0.986361,loss_recon:0.146196

19000-loss_z:14.492362,accu:0.291139,loss_recon:0.317129

19200-loss_z:0.107646,accu:0.987292,loss_recon:0.147493

19200-loss_z:14.638675,accu:0.291139,loss_recon:0.328102

19400-loss_z:0.106812,accu:0.987363,loss_recon:0.147348

19400-loss_z:14.885005,accu:0.291139,loss_recon:0.32729

19600-loss_z:0.103114,accu:0.988001,loss_recon:0.14658

19600-loss_z:15.079595,accu:0.291139,loss_recon:0.312567

19800-loss_z:0.100106,accu:0.988138,loss_recon:0.146886

19800-loss_z:15.178472,accu:0.303797,loss_recon:0.313646

20000-loss_z:0.099307,accu:0.988073,loss_recon:0.144284

20000-loss_z:15.365885,accu:0.329114,loss_recon:0.322566

Continue training
New FC model is initialized
200-loss_z:2.695079,accu:0.149422,loss_recon:1.453782

200-loss_z:2.714846,accu:0.063291,loss_recon:0.762895

400-loss_z:2.124206,accu:0.2814,loss_recon:0.617669

400-loss_z:2.555073,accu:0.088608,loss_recon:0.574968

600-loss_z:1.840567,accu:0.348138,loss_recon:0.488873

600-loss_z:2.545987,accu:0.113924,loss_recon:0.46692

800-loss_z:1.673281,accu:0.392734,loss_recon:0.403611

800-loss_z:2.563355,accu:0.139241,loss_recon:0.403781

1000-loss_z:1.54564,accu:0.4289,loss_recon:0.361038

1000-loss_z:2.608535,accu:0.177215,loss_recon:0.374529

1200-loss_z:1.433069,accu:0.482122,loss_recon:0.342832

1200-loss_z:2.675431,accu:0.202532,loss_recon:0.353213

1400-loss_z:1.346535,accu:0.510221,loss_recon:0.321591

1400-loss_z:2.765888,accu:0.189873,loss_recon:0.327872

1600-loss_z:1.276025,accu:0.536927,loss_recon:0.30366

1600-loss_z:2.850817,accu:0.189873,loss_recon:0.306015

1800-loss_z:1.209434,accu:0.554076,loss_recon:0.289503

1800-loss_z:2.956026,accu:0.21519,loss_recon:0.294938

2000-loss_z:1.153596,accu:0.553958,loss_recon:0.277482

2000-loss_z:3.04002,accu:0.227848,loss_recon:0.278072

2200-loss_z:1.106588,accu:0.584889,loss_recon:0.267723

2200-loss_z:3.157712,accu:0.227848,loss_recon:0.267668

2400-loss_z:1.057879,accu:0.600931,loss_recon:0.256725

2400-loss_z:3.250407,accu:0.265823,loss_recon:0.262772

2600-loss_z:1.016313,accu:0.632611,loss_recon:0.245916

2600-loss_z:3.353842,accu:0.253165,loss_recon:0.254884

2800-loss_z:0.9781,accu:0.636927,loss_recon:0.235654

2800-loss_z:3.48227,accu:0.253165,loss_recon:0.249704

3000-loss_z:0.943977,accu:0.67388,loss_recon:0.233401

3000-loss_z:3.623237,accu:0.21519,loss_recon:0.244767

3200-loss_z:0.911677,accu:0.683717,loss_recon:0.226338

3200-loss_z:3.726678,accu:0.240506,loss_recon:0.241692

3400-loss_z:0.877483,accu:0.708991,loss_recon:0.222187

3400-loss_z:3.889838,accu:0.253165,loss_recon:0.240133

3600-loss_z:0.844858,accu:0.726823,loss_recon:0.221733

3600-loss_z:4.026846,accu:0.253165,loss_recon:0.237951

3800-loss_z:0.813966,accu:0.735299,loss_recon:0.217393

3800-loss_z:4.160799,accu:0.253165,loss_recon:0.237155

4000-loss_z:0.784236,accu:0.751569,loss_recon:0.214832

4000-loss_z:4.280838,accu:0.253165,loss_recon:0.236666

4200-loss_z:0.755446,accu:0.777526,loss_recon:0.21206

4200-loss_z:4.419492,accu:0.265823,loss_recon:0.23723

4400-loss_z:0.72954,accu:0.79224,loss_recon:0.20827

4400-loss_z:4.564342,accu:0.253165,loss_recon:0.238163

4600-loss_z:0.704339,accu:0.800527,loss_recon:0.207758

4600-loss_z:4.740874,accu:0.265823,loss_recon:0.237975

4800-loss_z:0.680412,accu:0.800586,loss_recon:0.206309

4800-loss_z:4.85605,accu:0.253165,loss_recon:0.236737

5000-loss_z:0.653972,accu:0.816647,loss_recon:0.201591

5000-loss_z:5.005279,accu:0.240506,loss_recon:0.237662

5200-loss_z:0.628536,accu:0.83015,loss_recon:0.202339

5200-loss_z:5.169406,accu:0.265823,loss_recon:0.239497

5400-loss_z:0.612329,accu:0.837617,loss_recon:0.200486

5400-loss_z:5.308112,accu:0.278481,loss_recon:0.236097

5600-loss_z:0.591995,accu:0.848561,loss_recon:0.198778

5600-loss_z:5.482769,accu:0.253165,loss_recon:0.237164

5800-loss_z:0.569521,accu:0.852982,loss_recon:0.196335

5800-loss_z:5.653106,accu:0.278481,loss_recon:0.236959

6000-loss_z:0.54898,accu:0.861087,loss_recon:0.196346

6000-loss_z:5.815716,accu:0.265823,loss_recon:0.234289

6200-loss_z:0.529619,accu:0.86196,loss_recon:0.192922

6200-loss_z:5.945643,accu:0.278481,loss_recon:0.243201

6400-loss_z:0.513883,accu:0.87041,loss_recon:0.193215

6400-loss_z:6.144205,accu:0.278481,loss_recon:0.23341

6600-loss_z:0.498231,accu:0.880163,loss_recon:0.190138

6600-loss_z:6.273196,accu:0.291139,loss_recon:0.235092

6800-loss_z:0.481457,accu:0.886452,loss_recon:0.191215

6800-loss_z:6.453003,accu:0.316456,loss_recon:0.235177

7000-loss_z:0.46215,accu:0.905267,loss_recon:0.194467

7000-loss_z:6.625715,accu:0.316456,loss_recon:0.236802

7200-loss_z:0.449142,accu:0.913633,loss_recon:0.189535

7200-loss_z:6.790668,accu:0.329114,loss_recon:0.238692

7400-loss_z:0.435167,accu:0.915143,loss_recon:0.187675

7400-loss_z:6.983661,accu:0.316456,loss_recon:0.237049

7600-loss_z:0.416032,accu:0.931673,loss_recon:0.186747

7600-loss_z:7.16256,accu:0.316456,loss_recon:0.236878

7800-loss_z:0.40386,accu:0.932682,loss_recon:0.189641

7800-loss_z:7.352294,accu:0.316456,loss_recon:0.235824

8000-loss_z:0.392936,accu:0.940098,loss_recon:0.188273

8000-loss_z:7.534378,accu:0.316456,loss_recon:0.236184

8200-loss_z:0.380237,accu:0.940658,loss_recon:0.184784

8200-loss_z:7.738629,accu:0.329114,loss_recon:0.235679

8400-loss_z:0.365091,accu:0.950339,loss_recon:0.18953

8400-loss_z:7.887342,accu:0.35443,loss_recon:0.235905

8600-loss_z:0.354745,accu:0.955169,loss_recon:0.183095

8600-loss_z:8.087417,accu:0.35443,loss_recon:0.239446

8800-loss_z:0.341893,accu:0.955592,loss_recon:0.18084

8800-loss_z:8.285472,accu:0.367089,loss_recon:0.242643

9000-loss_z:0.332153,accu:0.957995,loss_recon:0.177733

9000-loss_z:8.504002,accu:0.341772,loss_recon:0.241281

9200-loss_z:0.319041,accu:0.962441,loss_recon:0.177344

9200-loss_z:8.705395,accu:0.329114,loss_recon:0.243722

9400-loss_z:0.308488,accu:0.967897,loss_recon:0.176492

9400-loss_z:8.898496,accu:0.329114,loss_recon:0.243663

9600-loss_z:0.292759,accu:0.972747,loss_recon:0.174068

9600-loss_z:9.118757,accu:0.329114,loss_recon:0.253521

9800-loss_z:0.284869,accu:0.978757,loss_recon:0.173951

9800-loss_z:9.382894,accu:0.367089,loss_recon:0.244247

10000-loss_z:0.27429,accu:0.980951,loss_recon:0.172606

10000-loss_z:9.567419,accu:0.341772,loss_recon:0.248011

10200-loss_z:0.262719,accu:0.981302,loss_recon:0.174397

10200-loss_z:9.812334,accu:0.367089,loss_recon:0.248373

10400-loss_z:0.255548,accu:0.984427,loss_recon:0.169967

10400-loss_z:10.095697,accu:0.341772,loss_recon:0.254422

10600-loss_z:0.246439,accu:0.985859,loss_recon:0.1698

10600-loss_z:10.362865,accu:0.35443,loss_recon:0.255938

10800-loss_z:0.237114,accu:0.989642,loss_recon:0.170044

10800-loss_z:10.606658,accu:0.341772,loss_recon:0.254854

11000-loss_z:0.229709,accu:0.99,loss_recon:0.166877

11000-loss_z:10.886738,accu:0.341772,loss_recon:0.25793

11200-loss_z:0.222273,accu:0.992715,loss_recon:0.169326

11200-loss_z:11.088537,accu:0.341772,loss_recon:0.255011

11400-loss_z:0.215182,accu:0.993359,loss_recon:0.164874

11400-loss_z:11.325409,accu:0.329114,loss_recon:0.257608

11600-loss_z:0.208311,accu:0.991335,loss_recon:0.164144

11600-loss_z:11.561426,accu:0.329114,loss_recon:0.257733

11800-loss_z:0.200442,accu:0.994987,loss_recon:0.165455

11800-loss_z:11.768315,accu:0.341772,loss_recon:0.261205

12000-loss_z:0.195203,accu:0.993639,loss_recon:0.162043

12000-loss_z:11.923792,accu:0.329114,loss_recon:0.259569

12200-loss_z:0.187323,accu:0.996419,loss_recon:0.164926

12200-loss_z:12.142295,accu:0.35443,loss_recon:0.263082

12400-loss_z:0.181201,accu:0.994844,loss_recon:0.163568

12400-loss_z:12.280674,accu:0.329114,loss_recon:0.268151

12600-loss_z:0.174836,accu:0.997012,loss_recon:0.162759

12600-loss_z:12.406093,accu:0.35443,loss_recon:0.268145

12800-loss_z:0.168404,accu:0.996927,loss_recon:0.159992

12800-loss_z:12.501644,accu:0.341772,loss_recon:0.266514

13000-loss_z:0.163053,accu:0.999447,loss_recon:0.158333

13000-loss_z:12.599423,accu:0.329114,loss_recon:0.268842

13200-loss_z:0.156828,accu:0.997982,loss_recon:0.16163

13200-loss_z:12.690219,accu:0.341772,loss_recon:0.266896

13400-loss_z:0.150397,accu:0.999115,loss_recon:0.159535

13400-loss_z:12.873949,accu:0.341772,loss_recon:0.274298

13600-loss_z:0.145566,accu:0.998737,loss_recon:0.162633

13600-loss_z:13.0285,accu:0.35443,loss_recon:0.270804

13800-loss_z:0.138434,accu:0.999063,loss_recon:0.159597

13800-loss_z:13.169269,accu:0.35443,loss_recon:0.274279

14000-loss_z:0.134101,accu:1.0,loss_recon:0.158514

14000-loss_z:13.230743,accu:0.35443,loss_recon:0.269264

14200-loss_z:0.129252,accu:0.999095,loss_recon:0.156478

14200-loss_z:13.345591,accu:0.367089,loss_recon:0.276002

14400-loss_z:0.123696,accu:1.0,loss_recon:0.157836

14400-loss_z:13.451113,accu:0.35443,loss_recon:0.278493

14600-loss_z:0.120353,accu:0.999512,loss_recon:0.155833

14600-loss_z:13.536688,accu:0.35443,loss_recon:0.27572

14800-loss_z:0.115086,accu:0.999017,loss_recon:0.155928

14800-loss_z:13.683875,accu:0.367089,loss_recon:0.283651

15000-loss_z:0.110678,accu:0.999492,loss_recon:0.155095

15000-loss_z:13.82949,accu:0.341772,loss_recon:0.284254

15200-loss_z:0.107178,accu:1.0,loss_recon:0.154478

15200-loss_z:13.992942,accu:0.341772,loss_recon:0.281323

15400-loss_z:0.102862,accu:0.999876,loss_recon:0.151332

15400-loss_z:14.133111,accu:0.341772,loss_recon:0.283409

15600-loss_z:0.099537,accu:1.0,loss_recon:0.151393

15600-loss_z:14.295872,accu:0.341772,loss_recon:0.285841

15800-loss_z:0.095461,accu:1.0,loss_recon:0.149647

15800-loss_z:14.436397,accu:0.341772,loss_recon:0.305458

16000-loss_z:0.092286,accu:1.0,loss_recon:0.1482

16000-loss_z:14.61304,accu:0.341772,loss_recon:0.295708

16200-loss_z:0.08818,accu:1.0,loss_recon:0.143026

16200-loss_z:14.712753,accu:0.329114,loss_recon:0.296347

16400-loss_z:0.085424,accu:1.0,loss_recon:0.145541

16400-loss_z:14.925873,accu:0.329114,loss_recon:0.293346

16600-loss_z:0.082139,accu:1.0,loss_recon:0.143583

16600-loss_z:15.114154,accu:0.341772,loss_recon:0.288841

16800-loss_z:0.080571,accu:1.0,loss_recon:0.142188

16800-loss_z:15.341882,accu:0.329114,loss_recon:0.289446

17000-loss_z:0.07617,accu:1.0,loss_recon:0.141743

17000-loss_z:15.578611,accu:0.341772,loss_recon:0.287452

17200-loss_z:0.073231,accu:1.0,loss_recon:0.142185

17200-loss_z:15.753537,accu:0.341772,loss_recon:0.289101

17400-loss_z:0.07145,accu:1.0,loss_recon:0.137692

17400-loss_z:15.954964,accu:0.341772,loss_recon:0.292753

17600-loss_z:0.068201,accu:1.0,loss_recon:0.13972

17600-loss_z:16.144615,accu:0.341772,loss_recon:0.286007

17800-loss_z:0.065593,accu:1.0,loss_recon:0.139618

17800-loss_z:16.392498,accu:0.341772,loss_recon:0.289771

18000-loss_z:0.063418,accu:1.0,loss_recon:0.138016

18000-loss_z:16.628658,accu:0.329114,loss_recon:0.287423

18200-loss_z:0.06167,accu:1.0,loss_recon:0.137701

18200-loss_z:16.784502,accu:0.341772,loss_recon:0.291917

18400-loss_z:0.05797,accu:1.0,loss_recon:0.135654

18400-loss_z:17.0748,accu:0.329114,loss_recon:0.292638

18600-loss_z:0.055954,accu:1.0,loss_recon:0.13679

18600-loss_z:17.255547,accu:0.329114,loss_recon:0.285521

18800-loss_z:0.053,accu:1.0,loss_recon:0.138861

18800-loss_z:17.445194,accu:0.329114,loss_recon:0.290302

19000-loss_z:0.051204,accu:1.0,loss_recon:0.137154

19000-loss_z:17.686792,accu:0.329114,loss_recon:0.293035

19200-loss_z:0.048539,accu:1.0,loss_recon:0.136079

19200-loss_z:18.018923,accu:0.329114,loss_recon:0.29521

19400-loss_z:0.047227,accu:1.0,loss_recon:0.136077

19400-loss_z:18.348831,accu:0.329114,loss_recon:0.287206

19600-loss_z:0.044353,accu:1.0,loss_recon:0.13616

19600-loss_z:18.630844,accu:0.329114,loss_recon:0.289883

19800-loss_z:0.042977,accu:1.0,loss_recon:0.136045

19800-loss_z:18.962793,accu:0.329114,loss_recon:0.293641

20000-loss_z:0.041631,accu:1.0,loss_recon:0.135083

20000-loss_z:19.257084,accu:0.329114,loss_recon:0.293838

