
==============NVSMI LOG==============

Timestamp                                 : Sat May 16 14:26:30 2026
Driver Version                            : 550.54.14
CUDA Version                              : 12.4

Attached GPUs                             : 1
GPU 00000000:55:00.0
    Product Name                          : NVIDIA RTX 5000 Ada Generation
    Product Brand                         : NVIDIA RTX
    Product Architecture                  : Ada Lovelace
    Display Mode                          : Disabled
    Display Active                        : Disabled
    Persistence Mode                      : Enabled
    Addressing Mode                       : None
    MIG Mode
        Current                           : N/A
        Pending                           : N/A
    Accounting Mode                       : Disabled
    Accounting Mode Buffer Size           : 4000
    Driver Model
        Current                           : N/A
        Pending                           : N/A
    Serial Number                         : 1324225096947
    GPU UUID                              : GPU-ec929743-4647-2f31-1364-438965c88460
    Minor Number                          : 0
    VBIOS Version                         : 95.02.5E.00.06
    MultiGPU Board                        : No
    Board ID                              : 0x5500
    Board Part Number                     : 900-5G132-0140-000
    GPU Part Number                       : 26B2-850-A1
    FRU Part Number                       : N/A
    Module ID                             : 1
    Inforom Version
        Image Version                     : G132.0550.00.02
        OEM Object                        : 2.1
        ECC Object                        : 6.16
        Power Management Object           : N/A
    Inforom BBX Object Flush
        Latest Timestamp                  : N/A
        Latest Duration                   : N/A
    GPU Operation Mode
        Current                           : N/A
        Pending                           : N/A
    GPU C2C Mode                          : N/A
    GPU Virtualization Mode
        Virtualization Mode               : None
        Host VGPU Mode                    : N/A
        vGPU Heterogeneous Mode           : N/A
    GPU Reset Status
        Reset Required                    : No
        Drain and Reset Recommended       : N/A
    GSP Firmware Version                  : N/A
    IBMNPU
        Relaxed Ordering Mode             : N/A
    PCI
        Bus                               : 0x55
        Device                            : 0x00
        Domain                            : 0x0000
        Base Classcode                    : 0x3
        Sub Classcode                     : 0x0
        Device Id                         : 0x26B210DE
        Bus Id                            : 00000000:55:00.0
        Sub System Id                     : 0x17FA1028
        GPU Link Info
            PCIe Generation
                Max                       : 4
                Current                   : 1
                Device Current            : 1
                Device Max                : 4
                Host Max                  : 5
            Link Width
                Max                       : 16x
                Current                   : 16x
        Bridge Chip
            Type                          : N/A
            Firmware                      : N/A
        Replays Since Reset               : 0
        Replay Number Rollovers           : 0
        Tx Throughput                     : 0 KB/s
        Rx Throughput                     : 0 KB/s
        Atomic Caps Inbound               : N/A
        Atomic Caps Outbound              : N/A
    Fan Speed                             : 30 %
    Performance State                     : P8
    Clocks Event Reasons
        Idle                              : Active
        Applications Clocks Setting       : Not Active
        SW Power Cap                      : Not Active
        HW Slowdown                       : Not Active
            HW Thermal Slowdown           : Not Active
            HW Power Brake Slowdown       : Not Active
        Sync Boost                        : Not Active
        SW Thermal Slowdown               : Not Active
        Display Clock Setting             : Not Active
    Sparse Operation Mode                 : N/A
    FB Memory Usage
        Total                             : 32760 MiB
        Reserved                          : 410 MiB
        Used                              : 26 MiB
        Free                              : 32323 MiB
    BAR1 Memory Usage
        Total                             : 256 MiB
        Used                              : 11 MiB
        Free                              : 245 MiB
    Conf Compute Protected Memory Usage
        Total                             : 0 MiB
        Used                              : 0 MiB
        Free                              : 0 MiB
    Compute Mode                          : Default
    Utilization
        Gpu                               : 0 %
        Memory                            : 0 %
        Encoder                           : 0 %
        Decoder                           : 0 %
        JPEG                              : 0 %
        OFA                               : 0 %
    Encoder Stats
        Active Sessions                   : 0
        Average FPS                       : 0
        Average Latency                   : 0
    FBC Stats
        Active Sessions                   : 0
        Average FPS                       : 0
        Average Latency                   : 0
    ECC Mode
        Current                           : Disabled
        Pending                           : Disabled
    ECC Errors
        Volatile
            SRAM Correctable              : N/A
            SRAM Uncorrectable Parity     : N/A
            SRAM Uncorrectable SEC-DED    : N/A
            DRAM Correctable              : N/A
            DRAM Uncorrectable            : N/A
        Aggregate
            SRAM Correctable              : N/A
            SRAM Uncorrectable Parity     : N/A
            SRAM Uncorrectable SEC-DED    : N/A
            DRAM Correctable              : N/A
            DRAM Uncorrectable            : N/A
            SRAM Threshold Exceeded       : N/A
        Aggregate Uncorrectable SRAM Sources
            SRAM L2                       : N/A
            SRAM SM                       : N/A
            SRAM Microcontroller          : N/A
            SRAM PCIE                     : N/A
            SRAM Other                    : N/A
    Retired Pages
        Single Bit ECC                    : N/A
        Double Bit ECC                    : N/A
        Pending Page Blacklist            : N/A
    Remapped Rows
        Correctable Error                 : 0
        Uncorrectable Error               : 0
        Pending                           : No
        Remapping Failure Occurred        : No
        Bank Remap Availability Histogram
            Max                           : 128 bank(s)
            High                          : 0 bank(s)
            Partial                       : 0 bank(s)
            Low                           : 0 bank(s)
            None                          : 0 bank(s)
    Temperature
        GPU Current Temp                  : 33 C
        GPU T.Limit Temp                  : 50 C
        GPU Shutdown T.Limit Temp         : -7 C
        GPU Slowdown T.Limit Temp         : -2 C
        GPU Max Operating T.Limit Temp    : 0 C
        GPU Target Temperature            : 84 C
        Memory Current Temp               : N/A
        Memory Max Operating T.Limit Temp : N/A
    GPU Power Readings
        Power Draw                        : 21.05 W
        Current Power Limit               : 250.00 W
        Requested Power Limit             : 250.00 W
        Default Power Limit               : 250.00 W
        Min Power Limit                   : 100.00 W
        Max Power Limit                   : 250.00 W
    GPU Memory Power Readings 
        Power Draw                        : N/A
    Module Power Readings
        Power Draw                        : N/A
        Current Power Limit               : N/A
        Requested Power Limit             : N/A
        Default Power Limit               : N/A
        Min Power Limit                   : N/A
        Max Power Limit                   : N/A
    Clocks
        Graphics                          : 210 MHz
        SM                                : 210 MHz
        Memory                            : 405 MHz
        Video                             : 1185 MHz
    Applications Clocks
        Graphics                          : 2550 MHz
        Memory                            : 9001 MHz
    Default Applications Clocks
        Graphics                          : 2550 MHz
        Memory                            : 9001 MHz
    Deferred Clocks
        Memory                            : N/A
    Max Clocks
        Graphics                          : 3105 MHz
        SM                                : 3105 MHz
        Memory                            : 9001 MHz
        Video                             : 2415 MHz
    Max Customer Boost Clocks
        Graphics                          : N/A
    Clock Policy
        Auto Boost                        : N/A
        Auto Boost Default                : N/A
    Voltage
        Graphics                          : 850.000 mV
    Fabric
        State                             : N/A
        Status                            : N/A
        CliqueId                          : N/A
        ClusterUUID                       : N/A
        Health
            Bandwidth                     : N/A
    Processes
        GPU instance ID                   : N/A
        Compute instance ID               : N/A
        Process ID                        : 5257
            Type                          : G
            Name                          : /usr/lib/xorg/Xorg
            Used GPU Memory               : 19 MiB

0
ws-l1-004
Experiment names: ['2026.5.16_opvq_2code_fromMulBasedSps_lr3e4_balance']
Exp path: /home/xuanjie.liu/Projects/S3Plus/opVQLearn/exps/2026.5.16_opvq_2code_fromMulBasedSps_lr3e4_balance
Sub-Exp path: /home/xuanjie.liu/Projects/S3Plus/opVQLearn/exps/2026.5.16_opvq_2code_fromMulBasedSps_lr3e4_balance/1
Loading config from: /home/xuanjie.liu/Projects/S3Plus/VQ/exp/2026.04.16_10vq_Zc[2]_Zs[0]_edim4_[0-20]_plus1024_1_mulmod20_Fullsymm_train0.6/train_config.py
Model is loaded from /home/xuanjie.liu/Projects/S3Plus/opVQLearn/../VQ/exp/2026.04.16_10vq_Zc[2]_Zs[0]_edim4_[0-20]_plus1024_1_mulmod20_Fullsymm_train0.6/1/checkpoint_44000.pt
Using random split data
data_path is: ['/home/xuanjie.liu/Projects/S3Plus/opVQLearn/exps/2026.5.16_opvq_2code_fromMulBasedSps_lr3e4_balance/../../../dataset/single_style_pairs_add(0,20)/train', '/home/xuanjie.liu/Projects/S3Plus/opVQLearn/exps/2026.5.16_opvq_2code_fromMulBasedSps_lr3e4_balance/../../../dataset/single_style_pairs_mul_mod21(0,20)/train', '/home/xuanjie.liu/Projects/S3Plus/opVQLearn/exps/2026.5.16_opvq_2code_fromMulBasedSps_lr3e4_balance/../../../dataset/single_style_pairs_add(0,20)/test', '/home/xuanjie.liu/Projects/S3Plus/opVQLearn/exps/2026.5.16_opvq_2code_fromMulBasedSps_lr3e4_balance/../../../dataset/single_style_pairs_mul_mod21(0,20)/test']
Making dataset from paths: ['/home/xuanjie.liu/Projects/S3Plus/opVQLearn/exps/2026.5.16_opvq_2code_fromMulBasedSps_lr3e4_balance/../../../dataset/single_style_pairs_add(0,20)/train', '/home/xuanjie.liu/Projects/S3Plus/opVQLearn/exps/2026.5.16_opvq_2code_fromMulBasedSps_lr3e4_balance/../../../dataset/single_style_pairs_mul_mod21(0,20)/train', '/home/xuanjie.liu/Projects/S3Plus/opVQLearn/exps/2026.5.16_opvq_2code_fromMulBasedSps_lr3e4_balance/../../../dataset/single_style_pairs_add(0,20)/test', '/home/xuanjie.liu/Projects/S3Plus/opVQLearn/exps/2026.5.16_opvq_2code_fromMulBasedSps_lr3e4_balance/../../../dataset/single_style_pairs_mul_mod21(0,20)/test']
Random split with ratio 0.7, train size: 470, eval size: 202
data_path is: /home/xuanjie.liu/Projects/S3Plus/opVQLearn/exps/2026.5.16_opvq_2code_fromMulBasedSps_lr3e4_balance/../../../dataset/(0,20)-FixedPos-mul_add_mix
Making dataset from paths: ['/home/xuanjie.liu/Projects/S3Plus/opVQLearn/exps/2026.5.16_opvq_2code_fromMulBasedSps_lr3e4_balance/../../../dataset/(0,20)-FixedPos-mul_add_mix']
OpVQ: op_code_dim=2, num_codes=2, balance=True, symm=True
No checkpoint found, training from scratch
Epoch 0
Epoch 1
Epoch 2
Epoch 3
Epoch 4
Epoch 5
Epoch 6
Epoch 7
Epoch 8
Epoch 9
Epoch 10
Epoch 11
Epoch 12
Epoch 13
Epoch 14
Epoch 15
Epoch 16
Epoch 17
Epoch 18
Epoch 19
Epoch 20
Epoch 21
Epoch 22
Epoch 23
Epoch 24
Epoch 25
Epoch 26
Epoch 27
Epoch 28
Epoch 29
Epoch 30
Epoch 31
Epoch 32
Epoch 33
Epoch 34
Epoch 35
Epoch 36
Epoch 37
Epoch 38
Epoch 39
Epoch 40
Epoch 41
Epoch 42
Epoch 43
Epoch 44
Epoch 45
Epoch 46
Epoch 47
Epoch 48
Epoch 49
Epoch 50
Epoch 51
Epoch 52
Epoch 53
Epoch 54
Epoch 55
Epoch 56
Epoch 57
Epoch 58
Epoch 59
Epoch 60
Epoch 61
Epoch 62
Epoch 63
Epoch 64
Epoch 65
Epoch 66
Epoch 67
Epoch 68
Epoch 69
Epoch 70
Epoch 71
Epoch 72
Epoch 73
Epoch 74
Epoch 75
Epoch 76
Epoch 77
Epoch 78
Epoch 79
Epoch 80
Epoch 81
Epoch 82
Epoch 83
Epoch 84
Epoch 85
Epoch 86
Epoch 87
Epoch 88
Epoch 89
Epoch 90
Epoch 91
Epoch 92
Epoch 93
Epoch 94
Epoch 95
Epoch 96
Epoch 97
Epoch 98
Epoch 99
Epoch 100
Epoch 101
Epoch 102
Epoch 103
Epoch 104
Epoch 105
Epoch 106
Epoch 107
Epoch 108
Epoch 109
Epoch 110
Epoch 111
Epoch 112
Epoch 113
Epoch 114
Epoch 115
Epoch 116
Epoch 117
Epoch 118
Epoch 119
Epoch 120
Epoch 121
Epoch 122
Epoch 123
Epoch 124
Epoch 125
Epoch 126
Epoch 127
Epoch 128
Epoch 129
Epoch 130
Epoch 131
Epoch 132
Epoch 133
Epoch 134
Epoch 135
Epoch 136
Epoch 137
Epoch 138
Epoch 139
Epoch 140
Epoch 141
Epoch 142
Epoch 143
Epoch 144
Epoch 145
Epoch 146
Epoch 147
Epoch 148
Epoch 149
Epoch 150
Epoch 151
Epoch 152
Epoch 153
Epoch 154
Epoch 155
Epoch 156
Epoch 157
Epoch 158
Epoch 159
Epoch 160
Epoch 161
Epoch 162
Epoch 163
Epoch 164
Epoch 165
Epoch 166
Epoch 167
Epoch 168
Epoch 169
Epoch 170
Epoch 171
Epoch 172
Epoch 173
Epoch 174
Epoch 175
Epoch 176
Epoch 177
Epoch 178
Epoch 179
Epoch 180
Epoch 181
Epoch 182
Epoch 183
Epoch 184
Epoch 185
Epoch 186
Epoch 187
Epoch 188
Epoch 189
Epoch 190
Epoch 191
Epoch 192
Epoch 193
Epoch 194
Epoch 195
Epoch 196
Epoch 197
Epoch 198
Epoch 199
Epoch 200
Epoch 201
Epoch 202
Epoch 203
Epoch 204
Epoch 205
Epoch 206
Epoch 207
Epoch 208
Epoch 209
Epoch 210
Epoch 211
Epoch 212
Epoch 213
Epoch 214
Epoch 215
Epoch 216
Epoch 217
Epoch 218
Epoch 219
Epoch 220
Epoch 221
Epoch 222
Epoch 223
Epoch 224
Epoch 225
Epoch 226
Epoch 227
Epoch 228
Epoch 229
Epoch 230
Epoch 231
Epoch 232
Epoch 233
Epoch 234
Epoch 235
Epoch 236
Epoch 237
Epoch 238
Epoch 239
Epoch 240
Epoch 241
Epoch 242
Epoch 243
Epoch 244
Epoch 245
Epoch 246
Epoch 247
Epoch 248
Epoch 249
Epoch 250
Epoch 251
Epoch 252
Epoch 253
Epoch 254
Epoch 255
Epoch 256
Epoch 257
Epoch 258
Epoch 259
Epoch 260
Epoch 261
Epoch 262
Epoch 263
Epoch 264
Epoch 265
Epoch 266
Epoch 267
Epoch 268
Epoch 269
Epoch 270
Epoch 271
Epoch 272
Epoch 273
Epoch 274
Epoch 275
Epoch 276
Epoch 277
Epoch 278
Epoch 279
Epoch 280
Epoch 281
Epoch 282
Epoch 283
Epoch 284
Epoch 285
Epoch 286
Epoch 287
Epoch 288
Epoch 289
Epoch 290
Epoch 291
Epoch 292
Epoch 293
Epoch 294
Epoch 295
Epoch 296
Epoch 297
Epoch 298
Epoch 299
Epoch 300
Epoch 301
Epoch 302
Epoch 303
Epoch 304
Epoch 305
Epoch 306
Epoch 307
Epoch 308
Epoch 309
Epoch 310
Epoch 311
Epoch 312
Epoch 313
Epoch 314
Epoch 315
Epoch 316
Epoch 317
Epoch 318
Epoch 319
Epoch 320
Epoch 321
Epoch 322
Epoch 323
Epoch 324
Epoch 325
Epoch 326
Epoch 327
Epoch 328
Epoch 329
Epoch 330
Epoch 331
Epoch 332
Epoch 333
Epoch 334
Epoch 335
Epoch 336
Epoch 337
Epoch 338
Epoch 339
Epoch 340
Epoch 341
Epoch 342
Epoch 343
Epoch 344
Epoch 345
Epoch 346
Epoch 347
Epoch 348
Epoch 349
Epoch 350
Epoch 351
Epoch 352
Epoch 353
Epoch 354
Epoch 355
Epoch 356
Epoch 357
Epoch 358
Epoch 359
Epoch 360
Epoch 361
Epoch 362
Epoch 363
Epoch 364
Epoch 365
Epoch 366
Epoch 367
Epoch 368
Epoch 369
Epoch 370
Epoch 371
Epoch 372
Epoch 373
Epoch 374
Epoch 375
Epoch 376
Epoch 377
Epoch 378
Epoch 379
Epoch 380
Epoch 381
Epoch 382
Epoch 383
Epoch 384
Epoch 385
Epoch 386
Epoch 387
Epoch 388
Epoch 389
Epoch 390
Epoch 391
Epoch 392
Epoch 393
Epoch 394
Epoch 395
Epoch 396
Epoch 397
Epoch 398
Epoch 399
Epoch 400
Epoch 401
Epoch 402
Epoch 403
Epoch 404
Epoch 405
Epoch 406
Epoch 407
Epoch 408
Epoch 409
Epoch 410
Epoch 411
Epoch 412
Epoch 413
Epoch 414
Epoch 415
Epoch 416
Epoch 417
Epoch 418
Epoch 419
Epoch 420
Epoch 421
Epoch 422
Epoch 423
Epoch 424
Epoch 425
Epoch 426
Epoch 427
Epoch 428
Epoch 429
Epoch 430
Epoch 431
Epoch 432
Epoch 433
Epoch 434
Epoch 435
Epoch 436
Epoch 437
Epoch 438
Epoch 439
Epoch 440
Epoch 441
Epoch 442
Epoch 443
Epoch 444
Epoch 445
Epoch 446
Epoch 447
Epoch 448
Epoch 449
Epoch 450
Epoch 451
Epoch 452
Epoch 453
Epoch 454
Epoch 455
Epoch 456
Epoch 457
Epoch 458
Epoch 459
Epoch 460
Epoch 461
Epoch 462
Epoch 463
Epoch 464
Epoch 465
Epoch 466
Epoch 467
Epoch 468
Epoch 469
Epoch 470
Epoch 471
Epoch 472
Epoch 473
Epoch 474
Epoch 475
Epoch 476
Epoch 477
Epoch 478
Epoch 479
Epoch 480
Epoch 481
Epoch 482
Epoch 483
Epoch 484
Epoch 485
Epoch 486
Epoch 487
Epoch 488
Epoch 489
Epoch 490
Epoch 491
Epoch 492
Epoch 493
Epoch 494
Epoch 495
Epoch 496
Epoch 497
Epoch 498
Epoch 499
Epoch 500
Epoch 501
Epoch 502
Epoch 503
Epoch 504
Epoch 505
Epoch 506
Epoch 507
Epoch 508
Epoch 509
Epoch 510
Epoch 511
Epoch 512
Epoch 513
Epoch 514
Epoch 515
Epoch 516
Epoch 517
Epoch 518
Epoch 519
Epoch 520
Epoch 521
Epoch 522
Epoch 523
Epoch 524
Epoch 525
Epoch 526
Epoch 527
Epoch 528
Epoch 529
Epoch 530
Epoch 531
Epoch 532
Epoch 533
Epoch 534
Epoch 535
Epoch 536
Epoch 537
Epoch 538
Epoch 539
Epoch 540
Epoch 541
Epoch 542
Epoch 543
Epoch 544
Epoch 545
Epoch 546
Epoch 547
Epoch 548
Epoch 549
Epoch 550
Epoch 551
Epoch 552
Epoch 553
Epoch 554
Epoch 555
Epoch 556
Epoch 557
Epoch 558
Epoch 559
Epoch 560
Epoch 561
Epoch 562
Epoch 563
Epoch 564
Epoch 565
Epoch 566
Epoch 567
Epoch 568
Epoch 569
Epoch 570
Epoch 571
Epoch 572
Epoch 573
Epoch 574
Epoch 575
Epoch 576
Epoch 577
Epoch 578
Epoch 579
Epoch 580
Epoch 581
Epoch 582
Epoch 583
Epoch 584
Epoch 585
Epoch 586
Epoch 587
Epoch 588
Epoch 589
Epoch 590
Epoch 591
Epoch 592
Epoch 593
Epoch 594
Epoch 595
Epoch 596
Epoch 597
Epoch 598
Epoch 599
Epoch 600
Epoch 601
Epoch 602
Epoch 603
Epoch 604
Epoch 605
Epoch 606
Epoch 607
Epoch 608
Epoch 609
Epoch 610
Epoch 611
Epoch 612
Epoch 613
Epoch 614
Epoch 615
Epoch 616
Epoch 617
Epoch 618
Epoch 619
Epoch 620
Epoch 621
Epoch 622
Epoch 623
Epoch 624
Epoch 625
Epoch 626
Epoch 627
Epoch 628
Epoch 629
Epoch 630
Epoch 631
Epoch 632
Epoch 633
Epoch 634
Epoch 635
Epoch 636
Epoch 637
Epoch 638
Epoch 639
Epoch 640
Epoch 641
Epoch 642
Epoch 643
Epoch 644
Epoch 645
Epoch 646
Epoch 647
Epoch 648
Epoch 649
Epoch 650
Epoch 651
Epoch 652
Epoch 653
Epoch 654
Epoch 655
Epoch 656
Epoch 657
Epoch 658
Epoch 659
Epoch 660
Epoch 661
Epoch 662
Epoch 663
Epoch 664
Epoch 665
Epoch 666
Epoch 667
Epoch 668
Epoch 669
Epoch 670
Epoch 671
Epoch 672
Epoch 673
Epoch 674
Epoch 675
Epoch 676
Epoch 677
Epoch 678
Epoch 679
Epoch 680
Epoch 681
Epoch 682
Epoch 683
Epoch 684
Epoch 685
Epoch 686
Epoch 687
Epoch 688
Epoch 689
Epoch 690
Epoch 691
Epoch 692
Epoch 693
Epoch 694
Epoch 695
Epoch 696
Epoch 697
Epoch 698
Epoch 699
Epoch 700
Epoch 701
Epoch 702
Epoch 703
Epoch 704
Epoch 705
Epoch 706
Epoch 707
Epoch 708
Epoch 709
Epoch 710
Epoch 711
Epoch 712
Epoch 713
Epoch 714
Epoch 715
Epoch 716
Epoch 717
Epoch 718
Epoch 719
Epoch 720
Epoch 721
Epoch 722
Epoch 723
Epoch 724
Epoch 725
Epoch 726
Epoch 727
Epoch 728
Epoch 729
Epoch 730
Epoch 731
Epoch 732
Epoch 733
Epoch 734
Epoch 735
Epoch 736
Epoch 737
Epoch 738
Epoch 739
Epoch 740
Epoch 741
Epoch 742
Epoch 743
Epoch 744
Epoch 745
Epoch 746
Epoch 747
Epoch 748
Epoch 749
Epoch 750
Epoch 751
Epoch 752
Epoch 753
Epoch 754
Epoch 755
Epoch 756
Epoch 757
Epoch 758
Epoch 759
Epoch 760
Epoch 761
Epoch 762
Epoch 763
Epoch 764
Epoch 765
Epoch 766
Epoch 767
Epoch 768
Epoch 769
Epoch 770
Epoch 771
Epoch 772
Epoch 773
Epoch 774
Epoch 775
Epoch 776
Epoch 777
Epoch 778
Epoch 779
Epoch 780
Epoch 781
Epoch 782
Epoch 783
Epoch 784
Epoch 785
Epoch 786
Epoch 787
Epoch 788
Epoch 789
Epoch 790
Epoch 791
Epoch 792
Epoch 793
Epoch 794
Epoch 795
Epoch 796
Epoch 797
Epoch 798
Epoch 799
Epoch 800
Epoch 801
Epoch 802
Epoch 803
Epoch 804
Epoch 805
Epoch 806
Epoch 807
Epoch 808
Epoch 809
Epoch 810
Epoch 811
Epoch 812
Epoch 813
Epoch 814
Epoch 815
Epoch 816
Epoch 817
Epoch 818
Epoch 819
Epoch 820
Epoch 821
Epoch 822
Epoch 823
Epoch 824
Epoch 825
Epoch 826
Epoch 827
Epoch 828
Epoch 829
Epoch 830
Epoch 831
Epoch 832
Epoch 833
Epoch 834
Epoch 835
Epoch 836
Epoch 837
Epoch 838
Epoch 839
Epoch 840
Epoch 841
Epoch 842
Epoch 843
Epoch 844
Epoch 845
Epoch 846
Epoch 847
Epoch 848
Epoch 849
Epoch 850
Epoch 851
Epoch 852
Epoch 853
Epoch 854
Epoch 855
Epoch 856
Epoch 857
Epoch 858
Epoch 859
Epoch 860
Epoch 861
Epoch 862
Epoch 863
Epoch 864
Epoch 865
Epoch 866
Epoch 867
Epoch 868
Epoch 869
Epoch 870
Epoch 871
Epoch 872
Epoch 873
Epoch 874
Epoch 875
Epoch 876
Epoch 877
Epoch 878
Epoch 879
Epoch 880
Epoch 881
Epoch 882
Epoch 883
Epoch 884
Epoch 885
Epoch 886
Epoch 887
Epoch 888
Epoch 889
Epoch 890
Epoch 891
Epoch 892
Epoch 893
Epoch 894
Epoch 895
Epoch 896
Epoch 897
Epoch 898
Epoch 899
Epoch 900
Epoch 901
Epoch 902
Epoch 903
Epoch 904
Epoch 905
Epoch 906
Epoch 907
Epoch 908
Epoch 909
Epoch 910
Epoch 911
Epoch 912
Epoch 913
Epoch 914
Epoch 915
Epoch 916
Epoch 917
Epoch 918
Epoch 919
Epoch 920
Epoch 921
Epoch 922
Epoch 923
Epoch 924
Epoch 925
Epoch 926
Epoch 927
Epoch 928
Epoch 929
Epoch 930
Epoch 931
Epoch 932
Epoch 933
Epoch 934
Epoch 935
Epoch 936
Epoch 937
Epoch 938
Epoch 939
Epoch 940
Epoch 941
Epoch 942
Epoch 943
Epoch 944
Epoch 945
Epoch 946
Epoch 947
Epoch 948
Epoch 949
Epoch 950
Epoch 951
Epoch 952
Epoch 953
Epoch 954
Epoch 955
Epoch 956
Epoch 957
Epoch 958
Epoch 959
Epoch 960
Epoch 961
Epoch 962
Epoch 963
Epoch 964
Epoch 965
Epoch 966
Epoch 967
Epoch 968
Epoch 969
Epoch 970
Epoch 971
Epoch 972
Epoch 973
Epoch 974
Epoch 975
Epoch 976
Epoch 977
Epoch 978
Epoch 979
Epoch 980
Epoch 981
Epoch 982
Epoch 983
Epoch 984
Epoch 985
Epoch 986
Epoch 987
Epoch 988
Epoch 989
Epoch 990
Epoch 991
Epoch 992
Epoch 993
Epoch 994
Epoch 995
Epoch 996
Epoch 997
Epoch 998
Epoch 999
Epoch 1000
Epoch 1001
Epoch 1002
Epoch 1003
Epoch 1004
Epoch 1005
Epoch 1006
Epoch 1007
Epoch 1008
Epoch 1009
Epoch 1010
Epoch 1011
Epoch 1012
Epoch 1013
Epoch 1014
Epoch 1015
Epoch 1016
Epoch 1017
Epoch 1018
Epoch 1019
Epoch 1020
Epoch 1021
Epoch 1022
Epoch 1023
Epoch 1024
Epoch 1025
Epoch 1026
Epoch 1027
Epoch 1028
Epoch 1029
Epoch 1030
Epoch 1031
Epoch 1032
Epoch 1033
Epoch 1034
Epoch 1035
Epoch 1036
Epoch 1037
Epoch 1038
Epoch 1039
Epoch 1040
Epoch 1041
Epoch 1042
Epoch 1043
Epoch 1044
Epoch 1045
Epoch 1046
Epoch 1047
Epoch 1048
Epoch 1049
Epoch 1050
Epoch 1051
Epoch 1052
Epoch 1053
Epoch 1054
Epoch 1055
Epoch 1056
Epoch 1057
Epoch 1058
Epoch 1059
Epoch 1060
Epoch 1061
Epoch 1062
Epoch 1063
Epoch 1064
Epoch 1065
Epoch 1066
Epoch 1067
Epoch 1068
Epoch 1069
Epoch 1070
Epoch 1071
Epoch 1072
Epoch 1073
Epoch 1074
Epoch 1075
Epoch 1076
Epoch 1077
Epoch 1078
Epoch 1079
Epoch 1080
Epoch 1081
Epoch 1082
Epoch 1083
Epoch 1084
Epoch 1085
Epoch 1086
Epoch 1087
Epoch 1088
Epoch 1089
Epoch 1090
Epoch 1091
Epoch 1092
Epoch 1093
Epoch 1094
Epoch 1095
Epoch 1096
Epoch 1097
Epoch 1098
Epoch 1099
Epoch 1100
Epoch 1101
Epoch 1102
Epoch 1103
Epoch 1104
Epoch 1105
Epoch 1106
Epoch 1107
Epoch 1108
Epoch 1109
Epoch 1110
Epoch 1111
Epoch 1112
Epoch 1113
Epoch 1114
Epoch 1115
Epoch 1116
Epoch 1117
Epoch 1118
Epoch 1119
Epoch 1120
Epoch 1121
Epoch 1122
Epoch 1123
Epoch 1124
Epoch 1125
Epoch 1126
Epoch 1127
Epoch 1128
Epoch 1129
Epoch 1130
Epoch 1131
Epoch 1132
Epoch 1133
Epoch 1134
Epoch 1135
Epoch 1136
Epoch 1137
Epoch 1138
Epoch 1139
Epoch 1140
Epoch 1141
Epoch 1142
Epoch 1143
Epoch 1144
Epoch 1145
Epoch 1146
Epoch 1147
Epoch 1148
Epoch 1149
Epoch 1150
Epoch 1151
Epoch 1152
Epoch 1153
Epoch 1154
Epoch 1155
Epoch 1156
Epoch 1157
Epoch 1158
Epoch 1159
Epoch 1160
Epoch 1161
Epoch 1162
Epoch 1163
Epoch 1164
Epoch 1165
Epoch 1166
Epoch 1167
Epoch 1168
Epoch 1169
Epoch 1170
Epoch 1171
Epoch 1172
Epoch 1173
Epoch 1174
Epoch 1175
Epoch 1176
Epoch 1177
Epoch 1178
Epoch 1179
Epoch 1180
Epoch 1181
Epoch 1182
Epoch 1183
Epoch 1184
Epoch 1185
Epoch 1186
Epoch 1187
Epoch 1188
Epoch 1189
Epoch 1190
Epoch 1191
Epoch 1192
Epoch 1193
Epoch 1194
Epoch 1195
Epoch 1196
Epoch 1197
Epoch 1198
Epoch 1199
Epoch 1200
Epoch 1201
Epoch 1202
Epoch 1203
Epoch 1204
Epoch 1205
Epoch 1206
Epoch 1207
Epoch 1208
Epoch 1209
Epoch 1210
Epoch 1211
Epoch 1212
Epoch 1213
Epoch 1214
Epoch 1215
Epoch 1216
Epoch 1217
Epoch 1218
Epoch 1219
Epoch 1220
Epoch 1221
Epoch 1222
Epoch 1223
Epoch 1224
Epoch 1225
Epoch 1226
Epoch 1227
Epoch 1228
Epoch 1229
Epoch 1230
Epoch 1231
Epoch 1232
Epoch 1233
Epoch 1234
Epoch 1235
Epoch 1236
Epoch 1237
Epoch 1238
Epoch 1239
Epoch 1240
Epoch 1241
Epoch 1242
Epoch 1243
Epoch 1244
Epoch 1245
Epoch 1246
Epoch 1247
Epoch 1248
Epoch 1249
Epoch 1250
Epoch 1251
Epoch 1252
Epoch 1253
Epoch 1254
Epoch 1255
Epoch 1256
Epoch 1257
Epoch 1258
Epoch 1259
Epoch 1260
Epoch 1261
Epoch 1262
Epoch 1263
Epoch 1264
Epoch 1265
Epoch 1266
Epoch 1267
Epoch 1268
Epoch 1269
Epoch 1270
Epoch 1271
Epoch 1272
Epoch 1273
Epoch 1274
Epoch 1275
Epoch 1276
Epoch 1277
Epoch 1278
Epoch 1279
Epoch 1280
Epoch 1281
Epoch 1282
Epoch 1283
Epoch 1284
Epoch 1285
Epoch 1286
Epoch 1287
Epoch 1288
Epoch 1289
Epoch 1290
Epoch 1291
Epoch 1292
Epoch 1293
Epoch 1294
Epoch 1295
Epoch 1296
Epoch 1297
Epoch 1298
Epoch 1299
Epoch 1300
Epoch 1301
Epoch 1302
Epoch 1303
Epoch 1304
Epoch 1305
Epoch 1306
Epoch 1307
Epoch 1308
Epoch 1309
Epoch 1310
Epoch 1311
Epoch 1312
Epoch 1313
Epoch 1314
Epoch 1315
Epoch 1316
Epoch 1317
Epoch 1318
Epoch 1319
Epoch 1320
Epoch 1321
Epoch 1322
Epoch 1323
Epoch 1324
Epoch 1325
Epoch 1326
Epoch 1327
Epoch 1328
Epoch 1329
Epoch 1330
Epoch 1331
Epoch 1332
Epoch 1333
Epoch 1334
Epoch 1335
Epoch 1336
Epoch 1337
Epoch 1338
Epoch 1339
Epoch 1340
Epoch 1341
Epoch 1342
Epoch 1343
Epoch 1344
Epoch 1345
Epoch 1346
Epoch 1347
Epoch 1348
Epoch 1349
Epoch 1350
Epoch 1351
Epoch 1352
Epoch 1353
Epoch 1354
Epoch 1355
Epoch 1356
Epoch 1357
Epoch 1358
Epoch 1359
Epoch 1360
Epoch 1361
Epoch 1362
Epoch 1363
Epoch 1364
Epoch 1365
Epoch 1366
Epoch 1367
Epoch 1368
Epoch 1369
Epoch 1370
Epoch 1371
Epoch 1372
Epoch 1373
Epoch 1374
Epoch 1375
Epoch 1376
Epoch 1377
Epoch 1378
Epoch 1379
Epoch 1380
Epoch 1381
Epoch 1382
Epoch 1383
Epoch 1384
Epoch 1385
Epoch 1386
Epoch 1387
Epoch 1388
Epoch 1389
Epoch 1390
Epoch 1391
Epoch 1392
Epoch 1393
Epoch 1394
Epoch 1395
Epoch 1396
Epoch 1397
Epoch 1398
Epoch 1399
Epoch 1400
Epoch 1401
Epoch 1402
Epoch 1403
Epoch 1404
Epoch 1405
Epoch 1406
Epoch 1407
Epoch 1408
Epoch 1409
Epoch 1410
Epoch 1411
Epoch 1412
Epoch 1413
Epoch 1414
Epoch 1415
Epoch 1416
Epoch 1417
Epoch 1418
Epoch 1419
Epoch 1420
Epoch 1421
Epoch 1422
Epoch 1423
Epoch 1424
Epoch 1425
Epoch 1426
Epoch 1427
Epoch 1428
Epoch 1429
Epoch 1430
Epoch 1431
Epoch 1432
Epoch 1433
Epoch 1434
Epoch 1435
Epoch 1436
Epoch 1437
Epoch 1438
Epoch 1439
Epoch 1440
Epoch 1441
Epoch 1442
Epoch 1443
Epoch 1444
Epoch 1445
Epoch 1446
Epoch 1447
Epoch 1448
Epoch 1449
Epoch 1450
Epoch 1451
Epoch 1452
Epoch 1453
Epoch 1454
Epoch 1455
Epoch 1456
Epoch 1457
Epoch 1458
Epoch 1459
Epoch 1460
Epoch 1461
Epoch 1462
Epoch 1463
Epoch 1464
Epoch 1465
Epoch 1466
Epoch 1467
Epoch 1468
Epoch 1469
Epoch 1470
Epoch 1471
Epoch 1472
Epoch 1473
Epoch 1474
Epoch 1475
Epoch 1476
Epoch 1477
Epoch 1478
Epoch 1479
Epoch 1480
Epoch 1481
Epoch 1482
Epoch 1483
Epoch 1484
Epoch 1485
Epoch 1486
Epoch 1487
Epoch 1488
Epoch 1489
Epoch 1490
Epoch 1491
Epoch 1492
Epoch 1493
Epoch 1494
Epoch 1495
Epoch 1496
Epoch 1497
Epoch 1498
Epoch 1499
Epoch 1500
Epoch 1501
Epoch 1502
Epoch 1503
Epoch 1504
Epoch 1505
Epoch 1506
Epoch 1507
Epoch 1508
Epoch 1509
Epoch 1510
Epoch 1511
Epoch 1512
Epoch 1513
Epoch 1514
Epoch 1515
Epoch 1516
Epoch 1517
Epoch 1518
Epoch 1519
Epoch 1520
Epoch 1521
Epoch 1522
Epoch 1523
Epoch 1524
Epoch 1525
Epoch 1526
Epoch 1527
Epoch 1528
Epoch 1529
Epoch 1530
Epoch 1531
Epoch 1532
Epoch 1533
Epoch 1534
Epoch 1535
Epoch 1536
Epoch 1537
Epoch 1538
Epoch 1539
Epoch 1540
Epoch 1541
Epoch 1542
Epoch 1543
Epoch 1544
Epoch 1545
Epoch 1546
Epoch 1547
Epoch 1548
Epoch 1549
Epoch 1550
Epoch 1551
Epoch 1552
Epoch 1553
Epoch 1554
Epoch 1555
Epoch 1556
Epoch 1557
Epoch 1558
Epoch 1559
Epoch 1560
Epoch 1561
Epoch 1562
Epoch 1563
Epoch 1564
Epoch 1565
Epoch 1566
Epoch 1567
Epoch 1568
Epoch 1569
Epoch 1570
Epoch 1571
Epoch 1572
Epoch 1573
Epoch 1574
Epoch 1575
Epoch 1576
Epoch 1577
Epoch 1578
Epoch 1579
Epoch 1580
Epoch 1581
Epoch 1582
Epoch 1583
Epoch 1584
Epoch 1585
Epoch 1586
Epoch 1587
Epoch 1588
Epoch 1589
Epoch 1590
Epoch 1591
Epoch 1592
Epoch 1593
Epoch 1594
Epoch 1595
Epoch 1596
Epoch 1597
Epoch 1598
Epoch 1599
Epoch 1600
Epoch 1601
Epoch 1602
Epoch 1603
Epoch 1604
Epoch 1605
Epoch 1606
Epoch 1607
Epoch 1608
Epoch 1609
Epoch 1610
Epoch 1611
Epoch 1612
Epoch 1613
Epoch 1614
Epoch 1615
Epoch 1616
Epoch 1617
Epoch 1618
Epoch 1619
Epoch 1620
Epoch 1621
Epoch 1622
Epoch 1623
Epoch 1624
Epoch 1625
Epoch 1626
Epoch 1627
Epoch 1628
Epoch 1629
Epoch 1630
Epoch 1631
Epoch 1632
Epoch 1633
Epoch 1634
Epoch 1635
Epoch 1636
Epoch 1637
Epoch 1638
Epoch 1639
Epoch 1640
Epoch 1641
Epoch 1642
Epoch 1643
Epoch 1644
Epoch 1645
Epoch 1646
Epoch 1647
Epoch 1648
Epoch 1649
Epoch 1650
Epoch 1651
Epoch 1652
Epoch 1653
Epoch 1654
Epoch 1655
Epoch 1656
Epoch 1657
Epoch 1658
Epoch 1659
Epoch 1660
Epoch 1661
Epoch 1662
Epoch 1663
Epoch 1664
Epoch 1665
Epoch 1666
Epoch 1667
Epoch 1668
Epoch 1669
Epoch 1670
Epoch 1671
Epoch 1672
Epoch 1673
Epoch 1674
Epoch 1675
Epoch 1676
Epoch 1677
Epoch 1678
Epoch 1679
Epoch 1680
Epoch 1681
Epoch 1682
Epoch 1683
Epoch 1684
Epoch 1685
Epoch 1686
Epoch 1687
Epoch 1688
Epoch 1689
Epoch 1690
Epoch 1691
Epoch 1692
Epoch 1693
Epoch 1694
Epoch 1695
Epoch 1696
Epoch 1697
Epoch 1698
Epoch 1699
Epoch 1700
Epoch 1701
Epoch 1702
Epoch 1703
Epoch 1704
Epoch 1705
Epoch 1706
Epoch 1707
Epoch 1708
Epoch 1709
Epoch 1710
Epoch 1711
Epoch 1712
Epoch 1713
Epoch 1714
Epoch 1715
Epoch 1716
Epoch 1717
Epoch 1718
Epoch 1719
Epoch 1720
Epoch 1721
Epoch 1722
Epoch 1723
Epoch 1724
Epoch 1725
Epoch 1726
Epoch 1727
Epoch 1728
Epoch 1729
Epoch 1730
Epoch 1731
Epoch 1732
Epoch 1733
Epoch 1734
Epoch 1735
Epoch 1736
Epoch 1737
Epoch 1738
Epoch 1739
Epoch 1740
Epoch 1741
Epoch 1742
Epoch 1743
Epoch 1744
Epoch 1745
Epoch 1746
Epoch 1747
Epoch 1748
Epoch 1749
Epoch 1750
Epoch 1751
Epoch 1752
Epoch 1753
Epoch 1754
Epoch 1755
Epoch 1756
Epoch 1757
Epoch 1758
Epoch 1759
Epoch 1760
Epoch 1761
Epoch 1762
Epoch 1763
Epoch 1764
Epoch 1765
Epoch 1766
Epoch 1767
Epoch 1768
Epoch 1769
Epoch 1770
Epoch 1771
Epoch 1772
Epoch 1773
Epoch 1774
Epoch 1775
Epoch 1776
Epoch 1777
Epoch 1778
Epoch 1779
Epoch 1780
Epoch 1781
Epoch 1782
Epoch 1783
Epoch 1784
Epoch 1785
Epoch 1786
Epoch 1787
Epoch 1788
Epoch 1789
Epoch 1790
Epoch 1791
Epoch 1792
Epoch 1793
Epoch 1794
Epoch 1795
Epoch 1796
Epoch 1797
Epoch 1798
Epoch 1799
Epoch 1800
Epoch 1801
Epoch 1802
Epoch 1803
Epoch 1804
Epoch 1805
Epoch 1806
Epoch 1807
Epoch 1808
Epoch 1809
Epoch 1810
Epoch 1811
Epoch 1812
Epoch 1813
Epoch 1814
Epoch 1815
Epoch 1816
Epoch 1817
Epoch 1818
Epoch 1819
Epoch 1820
Epoch 1821
Epoch 1822
Epoch 1823
Epoch 1824
Epoch 1825
Epoch 1826
Epoch 1827
Epoch 1828
Epoch 1829
Epoch 1830
Epoch 1831
Epoch 1832
Epoch 1833
Epoch 1834
Epoch 1835
Epoch 1836
Epoch 1837
Epoch 1838
Epoch 1839
Epoch 1840
Epoch 1841
Epoch 1842
Epoch 1843
Epoch 1844
Epoch 1845
Epoch 1846
Epoch 1847
Epoch 1848
Epoch 1849
Epoch 1850
Epoch 1851
Epoch 1852
Epoch 1853
Epoch 1854
Epoch 1855
Epoch 1856
Epoch 1857
Epoch 1858
Epoch 1859
Epoch 1860
Epoch 1861
Epoch 1862
Epoch 1863
Epoch 1864
Epoch 1865
Epoch 1866
Epoch 1867
Epoch 1868
Epoch 1869
Epoch 1870
Epoch 1871
Epoch 1872
Epoch 1873
Epoch 1874
Epoch 1875
Epoch 1876
Epoch 1877
Epoch 1878
Epoch 1879
Epoch 1880
Epoch 1881
Epoch 1882
Epoch 1883
Epoch 1884
Epoch 1885
Epoch 1886
Epoch 1887
Epoch 1888
Epoch 1889
Epoch 1890
Epoch 1891
Epoch 1892
Epoch 1893
Epoch 1894
Epoch 1895
Epoch 1896
Epoch 1897
Epoch 1898
Epoch 1899
Epoch 1900
Epoch 1901
Epoch 1902
Epoch 1903
Epoch 1904
Epoch 1905
Epoch 1906
Epoch 1907
Epoch 1908
Epoch 1909
Epoch 1910
Epoch 1911
Epoch 1912
Epoch 1913
Epoch 1914
Epoch 1915
Epoch 1916
Epoch 1917
Epoch 1918
Epoch 1919
Epoch 1920
Epoch 1921
Epoch 1922
Epoch 1923
Epoch 1924
Epoch 1925
Epoch 1926
Epoch 1927
Epoch 1928
Epoch 1929
Epoch 1930
Epoch 1931
Epoch 1932
Epoch 1933
Epoch 1934
Epoch 1935
Epoch 1936
Epoch 1937
Epoch 1938
Epoch 1939
Epoch 1940
Epoch 1941
Epoch 1942
Epoch 1943
Epoch 1944
Epoch 1945
Epoch 1946
Epoch 1947
Epoch 1948
Epoch 1949
Epoch 1950
Epoch 1951
Epoch 1952
Epoch 1953
Epoch 1954
Epoch 1955
Epoch 1956
Epoch 1957
Epoch 1958
Epoch 1959
Epoch 1960
Epoch 1961
Epoch 1962
Epoch 1963
Epoch 1964
Epoch 1965
Epoch 1966
Epoch 1967
Epoch 1968
Epoch 1969
Epoch 1970
Epoch 1971
Epoch 1972
Epoch 1973
Epoch 1974
Epoch 1975
Epoch 1976
Epoch 1977
Epoch 1978
Epoch 1979
Epoch 1980
Epoch 1981
Epoch 1982
Epoch 1983
Epoch 1984
Epoch 1985
Epoch 1986
Epoch 1987
Epoch 1988
Epoch 1989
Epoch 1990
Epoch 1991
Epoch 1992
Epoch 1993
Epoch 1994
Epoch 1995
Epoch 1996
Epoch 1997
Epoch 1998
Epoch 1999
Epoch 2000
Epoch 2001
Epoch 2002
Epoch 2003
Epoch 2004
Epoch 2005
Epoch 2006
Epoch 2007
Epoch 2008
Epoch 2009
Epoch 2010
Epoch 2011
Epoch 2012
Epoch 2013
Epoch 2014
Epoch 2015
Epoch 2016
Epoch 2017
Epoch 2018
Epoch 2019
Epoch 2020
Epoch 2021
Epoch 2022
Epoch 2023
Epoch 2024
Epoch 2025
Epoch 2026
Epoch 2027
Epoch 2028
Epoch 2029
Epoch 2030
Epoch 2031
Epoch 2032
Epoch 2033
Epoch 2034
Epoch 2035
Epoch 2036
Epoch 2037
Epoch 2038
Epoch 2039
Epoch 2040
Epoch 2041
Epoch 2042
Epoch 2043
Epoch 2044
Epoch 2045
Epoch 2046
Epoch 2047
Epoch 2048
Epoch 2049
Epoch 2050
Epoch 2051
Epoch 2052
Epoch 2053
Epoch 2054
Epoch 2055
Epoch 2056
Epoch 2057
Epoch 2058
Epoch 2059
Epoch 2060
Epoch 2061
Epoch 2062
Epoch 2063
Epoch 2064
Epoch 2065
Epoch 2066
Epoch 2067
Epoch 2068
Epoch 2069
Epoch 2070
Epoch 2071
Epoch 2072
Epoch 2073
Epoch 2074
Epoch 2075
Epoch 2076
Epoch 2077
Epoch 2078
Epoch 2079
Epoch 2080
Epoch 2081
Epoch 2082
Epoch 2083
Epoch 2084
Epoch 2085
Epoch 2086
Epoch 2087
Epoch 2088
Epoch 2089
Epoch 2090
Epoch 2091
Epoch 2092
Epoch 2093
Epoch 2094
Epoch 2095
Epoch 2096
Epoch 2097
Epoch 2098
Epoch 2099
Epoch 2100
Epoch 2101
Epoch 2102
Epoch 2103
Epoch 2104
Epoch 2105
Epoch 2106
Epoch 2107
Epoch 2108
Epoch 2109
Epoch 2110
Epoch 2111
Epoch 2112
Epoch 2113
Epoch 2114
Epoch 2115
Epoch 2116
Epoch 2117
Epoch 2118
Epoch 2119
Epoch 2120
Epoch 2121
Epoch 2122
Epoch 2123
Epoch 2124
Epoch 2125
Epoch 2126
Epoch 2127
Epoch 2128
Epoch 2129
Epoch 2130
Epoch 2131
Epoch 2132
Epoch 2133
Epoch 2134
Epoch 2135
Epoch 2136
Epoch 2137
Epoch 2138
Epoch 2139
Epoch 2140
Epoch 2141
Epoch 2142
Epoch 2143
Epoch 2144
Epoch 2145
Epoch 2146
Epoch 2147
Epoch 2148
Epoch 2149
Epoch 2150
Epoch 2151
Epoch 2152
Epoch 2153
Epoch 2154
Epoch 2155
Epoch 2156
Epoch 2157
Epoch 2158
Epoch 2159
Epoch 2160
Epoch 2161
Epoch 2162
Epoch 2163
Epoch 2164
Epoch 2165
Epoch 2166
Epoch 2167
Epoch 2168
Epoch 2169
Epoch 2170
Epoch 2171
Epoch 2172
Epoch 2173
Epoch 2174
Epoch 2175
Epoch 2176
Epoch 2177
Epoch 2178
Epoch 2179
Epoch 2180
Epoch 2181
Epoch 2182
Epoch 2183
Epoch 2184
Epoch 2185
Epoch 2186
Epoch 2187
Epoch 2188
Epoch 2189
Epoch 2190
Epoch 2191
Epoch 2192
Epoch 2193
Epoch 2194
Epoch 2195
Epoch 2196
Epoch 2197
Epoch 2198
Epoch 2199
Epoch 2200
Epoch 2201
Epoch 2202
Epoch 2203
Epoch 2204
Epoch 2205
Epoch 2206
Epoch 2207
Epoch 2208
Epoch 2209
Epoch 2210
Epoch 2211
Epoch 2212
Epoch 2213
Epoch 2214
Epoch 2215
Epoch 2216
Epoch 2217
Epoch 2218
Epoch 2219
Epoch 2220
Epoch 2221
Epoch 2222
Epoch 2223
Epoch 2224
Epoch 2225
Epoch 2226
Epoch 2227
Epoch 2228
Epoch 2229
Epoch 2230
Epoch 2231
Epoch 2232
Epoch 2233
Epoch 2234
Epoch 2235
Epoch 2236
Epoch 2237
Epoch 2238
Epoch 2239
Epoch 2240
Epoch 2241
Epoch 2242
Epoch 2243
Epoch 2244
Epoch 2245
Epoch 2246
Epoch 2247
Epoch 2248
Epoch 2249
Epoch 2250
Epoch 2251
Epoch 2252
Epoch 2253
Epoch 2254
Epoch 2255
Epoch 2256
Epoch 2257
Epoch 2258
Epoch 2259
Epoch 2260
Epoch 2261
Epoch 2262
Epoch 2263
Epoch 2264
Epoch 2265
Epoch 2266
Epoch 2267
Epoch 2268
Epoch 2269
Epoch 2270
Epoch 2271
Epoch 2272
Epoch 2273
Epoch 2274
Epoch 2275
Epoch 2276
Epoch 2277
Epoch 2278
Epoch 2279
Epoch 2280
Epoch 2281
Epoch 2282
Epoch 2283
Epoch 2284
Epoch 2285
Epoch 2286
Epoch 2287
Epoch 2288
Epoch 2289
Epoch 2290
Epoch 2291
Epoch 2292
Epoch 2293
Epoch 2294
Epoch 2295
Epoch 2296
Epoch 2297
Epoch 2298
Epoch 2299
Epoch 2300
Epoch 2301
Epoch 2302
Epoch 2303
Epoch 2304
Epoch 2305
Epoch 2306
Epoch 2307
Epoch 2308
Epoch 2309
Epoch 2310
Epoch 2311
Epoch 2312
Epoch 2313
Epoch 2314
Epoch 2315
Epoch 2316
Epoch 2317
Epoch 2318
Epoch 2319
Epoch 2320
Epoch 2321
Epoch 2322
Epoch 2323
Epoch 2324
Epoch 2325
Epoch 2326
Epoch 2327
Epoch 2328
Epoch 2329
Epoch 2330
Epoch 2331
Epoch 2332
Epoch 2333
Epoch 2334
Epoch 2335
Epoch 2336
Epoch 2337
Epoch 2338
Epoch 2339
Epoch 2340
Epoch 2341
Epoch 2342
Epoch 2343
Epoch 2344
Epoch 2345
Epoch 2346
Epoch 2347
Epoch 2348
Epoch 2349
Epoch 2350
Epoch 2351
Epoch 2352
Epoch 2353
Epoch 2354
Epoch 2355
Epoch 2356
Epoch 2357
Epoch 2358
Epoch 2359
Epoch 2360
Epoch 2361
Epoch 2362
Epoch 2363
Epoch 2364
Epoch 2365
Epoch 2366
Epoch 2367
Epoch 2368
Epoch 2369
Epoch 2370
Epoch 2371
Epoch 2372
Epoch 2373
Epoch 2374
Epoch 2375
Epoch 2376
Epoch 2377
Epoch 2378
Epoch 2379
Epoch 2380
Epoch 2381
Epoch 2382
Epoch 2383
Epoch 2384
Epoch 2385
Epoch 2386
Epoch 2387
Epoch 2388
Epoch 2389
Epoch 2390
Epoch 2391
Epoch 2392
Epoch 2393
Epoch 2394
Epoch 2395
Epoch 2396
Epoch 2397
Epoch 2398
Epoch 2399
Epoch 2400
Epoch 2401
Epoch 2402
Epoch 2403
Epoch 2404
Epoch 2405
Epoch 2406
Epoch 2407
Epoch 2408
Epoch 2409
Epoch 2410
Epoch 2411
Epoch 2412
Epoch 2413
Epoch 2414
Epoch 2415
Epoch 2416
Epoch 2417
Epoch 2418
Epoch 2419
Epoch 2420
Epoch 2421
Epoch 2422
Epoch 2423
Epoch 2424
Epoch 2425
Epoch 2426
Epoch 2427
Epoch 2428
Epoch 2429
Epoch 2430
Epoch 2431
Epoch 2432
Epoch 2433
Epoch 2434
Epoch 2435
Epoch 2436
Epoch 2437
Epoch 2438
Epoch 2439
Epoch 2440
Epoch 2441
Epoch 2442
Epoch 2443
Epoch 2444
Epoch 2445
Epoch 2446
Epoch 2447
Epoch 2448
Epoch 2449
Epoch 2450
Epoch 2451
Epoch 2452
Epoch 2453
Epoch 2454
Epoch 2455
Epoch 2456
Epoch 2457
Epoch 2458
Epoch 2459
Epoch 2460
Epoch 2461
Epoch 2462
Epoch 2463
Epoch 2464
Epoch 2465
Epoch 2466
Epoch 2467
Epoch 2468
Epoch 2469
Epoch 2470
Epoch 2471
Epoch 2472
Epoch 2473
Epoch 2474
Epoch 2475
Epoch 2476
Epoch 2477
Epoch 2478
Epoch 2479
Epoch 2480
Epoch 2481
Epoch 2482
Epoch 2483
Epoch 2484
Epoch 2485
Epoch 2486
Epoch 2487
Epoch 2488
Epoch 2489
Epoch 2490
Epoch 2491
Epoch 2492
Epoch 2493
Epoch 2494
Epoch 2495
Epoch 2496
Epoch 2497
Epoch 2498
Epoch 2499
Epoch 2500
Epoch 2501
Epoch 2502
Epoch 2503
Epoch 2504
Epoch 2505
Epoch 2506
Epoch 2507
Epoch 2508
Epoch 2509
Epoch 2510
Epoch 2511
Epoch 2512
Epoch 2513
Epoch 2514
Epoch 2515
Epoch 2516
Epoch 2517
Epoch 2518
Epoch 2519
Epoch 2520
Epoch 2521
Epoch 2522
Epoch 2523
Epoch 2524
Epoch 2525
Epoch 2526
Epoch 2527
Epoch 2528
Epoch 2529
Epoch 2530
Epoch 2531
Epoch 2532
Epoch 2533
Epoch 2534
Epoch 2535
Epoch 2536
Epoch 2537
Epoch 2538
Epoch 2539
Epoch 2540
Epoch 2541
Epoch 2542
Epoch 2543
Epoch 2544
Epoch 2545
Epoch 2546
Epoch 2547
Epoch 2548
Epoch 2549
Epoch 2550
Epoch 2551
Epoch 2552
Epoch 2553
Epoch 2554
Epoch 2555
Epoch 2556
Epoch 2557
Epoch 2558
Epoch 2559
Epoch 2560
Epoch 2561
Epoch 2562
Epoch 2563
Epoch 2564
Epoch 2565
Epoch 2566
Epoch 2567
Epoch 2568
Epoch 2569
Epoch 2570
Epoch 2571
Epoch 2572
Epoch 2573
Epoch 2574
Epoch 2575
Epoch 2576
Epoch 2577
Epoch 2578
Epoch 2579
Epoch 2580
Epoch 2581
Epoch 2582
Epoch 2583
Epoch 2584
Epoch 2585
Epoch 2586
Epoch 2587
Epoch 2588
Epoch 2589
Epoch 2590
Epoch 2591
Epoch 2592
Epoch 2593
Epoch 2594
Epoch 2595
Epoch 2596
Epoch 2597
Epoch 2598
Epoch 2599
Epoch 2600
Epoch 2601
Epoch 2602
Epoch 2603
Epoch 2604
Epoch 2605
Epoch 2606
Epoch 2607
Epoch 2608
Epoch 2609
Epoch 2610
Epoch 2611
Epoch 2612
Epoch 2613
Epoch 2614
Epoch 2615
Epoch 2616
Epoch 2617
Epoch 2618
Epoch 2619
Epoch 2620
Epoch 2621
Epoch 2622
Epoch 2623
Epoch 2624
Epoch 2625
Epoch 2626
Epoch 2627
Epoch 2628
Epoch 2629
Epoch 2630
Epoch 2631
Epoch 2632
Epoch 2633
Epoch 2634
Epoch 2635
Epoch 2636
Epoch 2637
Epoch 2638
Epoch 2639
Epoch 2640
Epoch 2641
Epoch 2642
Epoch 2643
Epoch 2644
Epoch 2645
Epoch 2646
Epoch 2647
Epoch 2648
Epoch 2649
Epoch 2650
Epoch 2651
Epoch 2652
Epoch 2653
Epoch 2654
Epoch 2655
Epoch 2656
Epoch 2657
Epoch 2658
Epoch 2659
Epoch 2660
Epoch 2661
Epoch 2662
Epoch 2663
Epoch 2664
Epoch 2665
Epoch 2666
Epoch 2667
Epoch 2668
Epoch 2669
Epoch 2670
Epoch 2671
Epoch 2672
Epoch 2673
Epoch 2674
Epoch 2675
Epoch 2676
Epoch 2677
Epoch 2678
Epoch 2679
Epoch 2680
Epoch 2681
Epoch 2682
Epoch 2683
Epoch 2684
Epoch 2685
Epoch 2686
Epoch 2687
Epoch 2688
Epoch 2689
Epoch 2690
Epoch 2691
Epoch 2692
Epoch 2693
Epoch 2694
Epoch 2695
Epoch 2696
Epoch 2697
Epoch 2698
Epoch 2699
Epoch 2700
Epoch 2701
Epoch 2702
Epoch 2703
Epoch 2704
Epoch 2705
Epoch 2706
Epoch 2707
Epoch 2708
Epoch 2709
Epoch 2710
Epoch 2711
Epoch 2712
Epoch 2713
Epoch 2714
Epoch 2715
Epoch 2716
Epoch 2717
Epoch 2718
Epoch 2719
Epoch 2720
Epoch 2721
Epoch 2722
Epoch 2723
Epoch 2724
Epoch 2725
Epoch 2726
Epoch 2727
Epoch 2728
Epoch 2729
Epoch 2730
Epoch 2731
Epoch 2732
Epoch 2733
Epoch 2734
Epoch 2735
Epoch 2736
Epoch 2737
Epoch 2738
Epoch 2739
Epoch 2740
Epoch 2741
Epoch 2742
Epoch 2743
Epoch 2744
Epoch 2745
Epoch 2746
Epoch 2747
Epoch 2748
Epoch 2749
Epoch 2750
Epoch 2751
Epoch 2752
Epoch 2753
Epoch 2754
Epoch 2755
Epoch 2756
Epoch 2757
Epoch 2758
Epoch 2759
Epoch 2760
Epoch 2761
Epoch 2762
Epoch 2763
Epoch 2764
Epoch 2765
Epoch 2766
Epoch 2767
Epoch 2768
Epoch 2769
Epoch 2770
Epoch 2771
Epoch 2772
Epoch 2773
Epoch 2774
Epoch 2775
Epoch 2776
Epoch 2777
Epoch 2778
Epoch 2779
Epoch 2780
Epoch 2781
Epoch 2782
Epoch 2783
Epoch 2784
Epoch 2785
Epoch 2786
Epoch 2787
Epoch 2788
Epoch 2789
Epoch 2790
Epoch 2791
Epoch 2792
Epoch 2793
Epoch 2794
Epoch 2795
Epoch 2796
Epoch 2797
Epoch 2798
Epoch 2799
Epoch 2800
Epoch 2801
Epoch 2802
Epoch 2803
Epoch 2804
Epoch 2805
Epoch 2806
Epoch 2807
Epoch 2808
Epoch 2809
Epoch 2810
Epoch 2811
Epoch 2812
Epoch 2813
Epoch 2814
Epoch 2815
Epoch 2816
Epoch 2817
Epoch 2818
Epoch 2819
Epoch 2820
Epoch 2821
Epoch 2822
Epoch 2823
Epoch 2824
Epoch 2825
Epoch 2826
Epoch 2827
Epoch 2828
Epoch 2829
Epoch 2830
Epoch 2831
Epoch 2832
Epoch 2833
Epoch 2834
Epoch 2835
Epoch 2836
Epoch 2837
Epoch 2838
Epoch 2839
Epoch 2840
Epoch 2841
Epoch 2842
Epoch 2843
Epoch 2844
Epoch 2845
Epoch 2846
Epoch 2847
Epoch 2848
Epoch 2849
Epoch 2850
Epoch 2851
Epoch 2852
Epoch 2853
Epoch 2854
Epoch 2855
Epoch 2856
Epoch 2857
Epoch 2858
Epoch 2859
Epoch 2860
Epoch 2861
Epoch 2862
Epoch 2863
Epoch 2864
Epoch 2865
Epoch 2866
Epoch 2867
Epoch 2868
Epoch 2869
Epoch 2870
Epoch 2871
Epoch 2872
Epoch 2873
Epoch 2874
Epoch 2875
Epoch 2876
Epoch 2877
Epoch 2878
Epoch 2879
Epoch 2880
Epoch 2881
Epoch 2882
Epoch 2883
Epoch 2884
Epoch 2885
Epoch 2886
Epoch 2887
Epoch 2888
Epoch 2889
Epoch 2890
Epoch 2891
Epoch 2892
Epoch 2893
Epoch 2894
Epoch 2895
Epoch 2896
Epoch 2897
Epoch 2898
Epoch 2899
Epoch 2900
Epoch 2901
Epoch 2902
Epoch 2903
Epoch 2904
Epoch 2905
Epoch 2906
Epoch 2907
Epoch 2908
Epoch 2909
Epoch 2910
Epoch 2911
Epoch 2912
Epoch 2913
Epoch 2914
Epoch 2915
Epoch 2916
Epoch 2917
Epoch 2918
Epoch 2919
Epoch 2920
Epoch 2921
Epoch 2922
Epoch 2923
Epoch 2924
Epoch 2925
Epoch 2926
Epoch 2927
Epoch 2928
Epoch 2929
Epoch 2930
Epoch 2931
Epoch 2932
Epoch 2933
Epoch 2934
Epoch 2935
Epoch 2936
Epoch 2937
Epoch 2938
Epoch 2939
Epoch 2940
Epoch 2941
Epoch 2942
Epoch 2943
Epoch 2944
Epoch 2945
Epoch 2946
Epoch 2947
Epoch 2948
Epoch 2949
Epoch 2950
Epoch 2951
Epoch 2952
Epoch 2953
Epoch 2954
Epoch 2955
Epoch 2956
Epoch 2957
Epoch 2958
Epoch 2959
Epoch 2960
Epoch 2961
Epoch 2962
Epoch 2963
Epoch 2964
Epoch 2965
Epoch 2966
Epoch 2967
Epoch 2968
Epoch 2969
Epoch 2970
Epoch 2971
Epoch 2972
Epoch 2973
Epoch 2974
Epoch 2975
Epoch 2976
Epoch 2977
Epoch 2978
Epoch 2979
Epoch 2980
Epoch 2981
Epoch 2982
Epoch 2983
Epoch 2984
Epoch 2985
Epoch 2986
Epoch 2987
Epoch 2988
Epoch 2989
Epoch 2990
Epoch 2991
Epoch 2992
Epoch 2993
Epoch 2994
Epoch 2995
Epoch 2996
Epoch 2997
Epoch 2998
Epoch 2999
Epoch 3000
Epoch 3001
Epoch 3002
Epoch 3003
Epoch 3004
Epoch 3005
Epoch 3006
Epoch 3007
Epoch 3008
Epoch 3009
Epoch 3010
Epoch 3011
Epoch 3012
Epoch 3013
Epoch 3014
Epoch 3015
Epoch 3016
Epoch 3017
Epoch 3018
Epoch 3019
Epoch 3020
Epoch 3021
Epoch 3022
Epoch 3023
Epoch 3024
Epoch 3025
Epoch 3026
Epoch 3027
Epoch 3028
Epoch 3029
Epoch 3030
Epoch 3031
Epoch 3032
Epoch 3033
Epoch 3034
Epoch 3035
Epoch 3036
Epoch 3037
Epoch 3038
Epoch 3039
Epoch 3040
Epoch 3041
Epoch 3042
Epoch 3043
Epoch 3044
Epoch 3045
Epoch 3046
Epoch 3047
Epoch 3048
Epoch 3049
Epoch 3050
Epoch 3051
Epoch 3052
Epoch 3053
Epoch 3054
Epoch 3055
Epoch 3056
Epoch 3057
Epoch 3058
Epoch 3059
Epoch 3060
Epoch 3061
Epoch 3062
Epoch 3063
Epoch 3064
Epoch 3065
Epoch 3066
Epoch 3067
Epoch 3068
Epoch 3069
Epoch 3070
Epoch 3071
Epoch 3072
Epoch 3073
Epoch 3074
Epoch 3075
Epoch 3076
Epoch 3077
Epoch 3078
Epoch 3079
Epoch 3080
Epoch 3081
Epoch 3082
Epoch 3083
Epoch 3084
Epoch 3085
Epoch 3086
Epoch 3087
Epoch 3088
Epoch 3089
Epoch 3090
Epoch 3091
Epoch 3092
Epoch 3093
Epoch 3094
Epoch 3095
Epoch 3096
Epoch 3097
Epoch 3098
Epoch 3099
Epoch 3100
Epoch 3101
Epoch 3102
Epoch 3103
Epoch 3104
Epoch 3105
Epoch 3106
Epoch 3107
Epoch 3108
Epoch 3109
Epoch 3110
Epoch 3111
Epoch 3112
Epoch 3113
Epoch 3114
Epoch 3115
Epoch 3116
Epoch 3117
Epoch 3118
Epoch 3119
Epoch 3120
Epoch 3121
Epoch 3122
Epoch 3123
Epoch 3124
Epoch 3125
Epoch 3126
Epoch 3127
Epoch 3128
Epoch 3129
Epoch 3130
Epoch 3131
Epoch 3132
Epoch 3133
Epoch 3134
Epoch 3135
Epoch 3136
Epoch 3137
Epoch 3138
Epoch 3139
Epoch 3140
Epoch 3141
Epoch 3142
Epoch 3143
Epoch 3144
Epoch 3145
Epoch 3146
Epoch 3147
Epoch 3148
Epoch 3149
Epoch 3150
Epoch 3151
Epoch 3152
Epoch 3153
Epoch 3154
Epoch 3155
Epoch 3156
Epoch 3157
Epoch 3158
Epoch 3159
Epoch 3160
Epoch 3161
Epoch 3162
Epoch 3163
Epoch 3164
Epoch 3165
Epoch 3166
Epoch 3167
Epoch 3168
Epoch 3169
Epoch 3170
Epoch 3171
Epoch 3172
Epoch 3173
Epoch 3174
Epoch 3175
Epoch 3176
Epoch 3177
Epoch 3178
Epoch 3179
Epoch 3180
Epoch 3181
Epoch 3182
Epoch 3183
Epoch 3184
Epoch 3185
Epoch 3186
Epoch 3187
Epoch 3188
Epoch 3189
Epoch 3190
Epoch 3191
Epoch 3192
Epoch 3193
Epoch 3194
Epoch 3195
Epoch 3196
Epoch 3197
Epoch 3198
Epoch 3199
Epoch 3200
Epoch 3201
Epoch 3202
Epoch 3203
Epoch 3204
Epoch 3205
Epoch 3206
Epoch 3207
Epoch 3208
Epoch 3209
Epoch 3210
Epoch 3211
Epoch 3212
Epoch 3213
Epoch 3214
Epoch 3215
Epoch 3216
Epoch 3217
Epoch 3218
Epoch 3219
Epoch 3220
Epoch 3221
Epoch 3222
Epoch 3223
Epoch 3224
Epoch 3225
Epoch 3226
Epoch 3227
Epoch 3228
Epoch 3229
Epoch 3230
Epoch 3231
Epoch 3232
Epoch 3233
Epoch 3234
Epoch 3235
Epoch 3236
Epoch 3237
Epoch 3238
Epoch 3239
Epoch 3240
Epoch 3241
Epoch 3242
Epoch 3243
Epoch 3244
Epoch 3245
Epoch 3246
Epoch 3247
Epoch 3248
Epoch 3249
Epoch 3250
Epoch 3251
Epoch 3252
Epoch 3253
Epoch 3254
Epoch 3255
Epoch 3256
Epoch 3257
Epoch 3258
Epoch 3259
Epoch 3260
Epoch 3261
Epoch 3262
Epoch 3263
Epoch 3264
Epoch 3265
Epoch 3266
Epoch 3267
Epoch 3268
Epoch 3269
Epoch 3270
Epoch 3271
Epoch 3272
Epoch 3273
Epoch 3274
Epoch 3275
Epoch 3276
Epoch 3277
Epoch 3278
Epoch 3279
Epoch 3280
Epoch 3281
Epoch 3282
Epoch 3283
Epoch 3284
Epoch 3285
Epoch 3286
Epoch 3287
Epoch 3288
Epoch 3289
Epoch 3290
Epoch 3291
Epoch 3292
Epoch 3293
Epoch 3294
Epoch 3295
Epoch 3296
Epoch 3297
Epoch 3298
Epoch 3299
Epoch 3300
Epoch 3301
Epoch 3302
Epoch 3303
Epoch 3304
Epoch 3305
Epoch 3306
Epoch 3307
Epoch 3308
Epoch 3309
Epoch 3310
Epoch 3311
Epoch 3312
Epoch 3313
Epoch 3314
Epoch 3315
Epoch 3316
Epoch 3317
Epoch 3318
Epoch 3319
Epoch 3320
Epoch 3321
Epoch 3322
Epoch 3323
Epoch 3324
Epoch 3325
Epoch 3326
Epoch 3327
Epoch 3328
Epoch 3329
Epoch 3330
Epoch 3331
Epoch 3332
Epoch 3333
Epoch 3334
Epoch 3335
Epoch 3336
Epoch 3337
Epoch 3338
Epoch 3339
Epoch 3340
Epoch 3341
Epoch 3342
Epoch 3343
Epoch 3344
Epoch 3345
Epoch 3346
Epoch 3347
Epoch 3348
Epoch 3349
Epoch 3350
Epoch 3351
Epoch 3352
Epoch 3353
Epoch 3354
Epoch 3355
Epoch 3356
Epoch 3357
Epoch 3358
Epoch 3359
Epoch 3360
Epoch 3361
Epoch 3362
Epoch 3363
Epoch 3364
Epoch 3365
Epoch 3366
Epoch 3367
Epoch 3368
Epoch 3369
Epoch 3370
Epoch 3371
Epoch 3372
Epoch 3373
Epoch 3374
Epoch 3375
Epoch 3376
Epoch 3377
Epoch 3378
Epoch 3379
Epoch 3380
Epoch 3381
Epoch 3382
Epoch 3383
Epoch 3384
Epoch 3385
Epoch 3386
Epoch 3387
Epoch 3388
Epoch 3389
Epoch 3390
Epoch 3391
Epoch 3392
Epoch 3393
Epoch 3394
Epoch 3395
Epoch 3396
Epoch 3397
Epoch 3398
Epoch 3399
Epoch 3400
Epoch 3401
Epoch 3402
Epoch 3403
Epoch 3404
Epoch 3405
Epoch 3406
Epoch 3407
Epoch 3408
Epoch 3409
Epoch 3410
Epoch 3411
Epoch 3412
Epoch 3413
Epoch 3414
Epoch 3415
Epoch 3416
Epoch 3417
Epoch 3418
Epoch 3419
Epoch 3420
Epoch 3421
Epoch 3422
Epoch 3423
Epoch 3424
Epoch 3425
Epoch 3426
Epoch 3427
Epoch 3428
Epoch 3429
Epoch 3430
Epoch 3431
Epoch 3432
Epoch 3433
Epoch 3434
Epoch 3435
Epoch 3436
Epoch 3437
Epoch 3438
Epoch 3439
Epoch 3440
Epoch 3441
Epoch 3442
Epoch 3443
Epoch 3444
Epoch 3445
Epoch 3446
Epoch 3447
Epoch 3448
Epoch 3449
Epoch 3450
Epoch 3451
Epoch 3452
Epoch 3453
Epoch 3454
Epoch 3455
Epoch 3456
Epoch 3457
Epoch 3458
Epoch 3459
Epoch 3460
Epoch 3461
Epoch 3462
Epoch 3463
Epoch 3464
Epoch 3465
Epoch 3466
Epoch 3467
Epoch 3468
Epoch 3469
Epoch 3470
Epoch 3471
Epoch 3472
Epoch 3473
Epoch 3474
Epoch 3475
Epoch 3476
Epoch 3477
Epoch 3478
Epoch 3479
Epoch 3480
Epoch 3481
Epoch 3482
Epoch 3483
Epoch 3484
Epoch 3485
Epoch 3486
Epoch 3487
Epoch 3488
Epoch 3489
Epoch 3490
Epoch 3491
Epoch 3492
Epoch 3493
Epoch 3494
Epoch 3495
Epoch 3496
Epoch 3497
Epoch 3498
Epoch 3499
Epoch 3500
Epoch 3501
Epoch 3502
Epoch 3503
Epoch 3504
Epoch 3505
Epoch 3506
Epoch 3507
Epoch 3508
Epoch 3509
Epoch 3510
Epoch 3511
Epoch 3512
Epoch 3513
Epoch 3514
Epoch 3515
Epoch 3516
Epoch 3517
Epoch 3518
Epoch 3519
Epoch 3520
Epoch 3521
Epoch 3522
Epoch 3523
Epoch 3524
Epoch 3525
Epoch 3526
Epoch 3527
Epoch 3528
Epoch 3529
Epoch 3530
Epoch 3531
Epoch 3532
Epoch 3533
Epoch 3534
Epoch 3535
Epoch 3536
Epoch 3537
Epoch 3538
Epoch 3539
Epoch 3540
Epoch 3541
Epoch 3542
Epoch 3543
Epoch 3544
Epoch 3545
Epoch 3546
Epoch 3547
Epoch 3548
Epoch 3549
Epoch 3550
Epoch 3551
Epoch 3552
Epoch 3553
Epoch 3554
Epoch 3555
Epoch 3556
Epoch 3557
Epoch 3558
Epoch 3559
Epoch 3560
Epoch 3561
Epoch 3562
Epoch 3563
Epoch 3564
Epoch 3565
Epoch 3566
Epoch 3567
Epoch 3568
Epoch 3569
Epoch 3570
Epoch 3571
Epoch 3572
Epoch 3573
Epoch 3574
Epoch 3575
Epoch 3576
Epoch 3577
Epoch 3578
Epoch 3579
Epoch 3580
Epoch 3581
Epoch 3582
Epoch 3583
Epoch 3584
Epoch 3585
Epoch 3586
Epoch 3587
Epoch 3588
Epoch 3589
Epoch 3590
Epoch 3591
Epoch 3592
Epoch 3593
Epoch 3594
Epoch 3595
Epoch 3596
Epoch 3597
Epoch 3598
Epoch 3599
Epoch 3600
Epoch 3601
Epoch 3602
Epoch 3603
Epoch 3604
Epoch 3605
Epoch 3606
Epoch 3607
Epoch 3608
Epoch 3609
Epoch 3610
Epoch 3611
Epoch 3612
Epoch 3613
Epoch 3614
Epoch 3615
Epoch 3616
Epoch 3617
Epoch 3618
Epoch 3619
Epoch 3620
Epoch 3621
Epoch 3622
Epoch 3623
Epoch 3624
Epoch 3625
Epoch 3626
Epoch 3627
Epoch 3628
Epoch 3629
Epoch 3630
Epoch 3631
Epoch 3632
Epoch 3633
Epoch 3634
Epoch 3635
Epoch 3636
Epoch 3637
Epoch 3638
Epoch 3639
Epoch 3640
Epoch 3641
Epoch 3642
Epoch 3643
Epoch 3644
Epoch 3645
Epoch 3646
Epoch 3647
Epoch 3648
Epoch 3649
Epoch 3650
Epoch 3651
Epoch 3652
Epoch 3653
Epoch 3654
Epoch 3655
Epoch 3656
Epoch 3657
Epoch 3658
Epoch 3659
Epoch 3660
Epoch 3661
Epoch 3662
Epoch 3663
Epoch 3664
Epoch 3665
Epoch 3666
Epoch 3667
Epoch 3668
Epoch 3669
Epoch 3670
Epoch 3671
Epoch 3672
Epoch 3673
Epoch 3674
Epoch 3675
Epoch 3676
Epoch 3677
Epoch 3678
Epoch 3679
Epoch 3680
Epoch 3681
Epoch 3682
Epoch 3683
Epoch 3684
Epoch 3685
Epoch 3686
Epoch 3687
Epoch 3688
Epoch 3689
Epoch 3690
Epoch 3691
Epoch 3692
Epoch 3693
Epoch 3694
Epoch 3695
Epoch 3696
Epoch 3697
Epoch 3698
Epoch 3699
Epoch 3700
Epoch 3701
Epoch 3702
Epoch 3703
Epoch 3704
Epoch 3705
Epoch 3706
Epoch 3707
Epoch 3708
Epoch 3709
Epoch 3710
Epoch 3711
Epoch 3712
Epoch 3713
Epoch 3714
Epoch 3715
Epoch 3716
Epoch 3717
Epoch 3718
Epoch 3719
Epoch 3720
Epoch 3721
Epoch 3722
Epoch 3723
Epoch 3724
Epoch 3725
Epoch 3726
Epoch 3727
Epoch 3728
Epoch 3729
Epoch 3730
Epoch 3731
Epoch 3732
Epoch 3733
Epoch 3734
Epoch 3735
Epoch 3736
Epoch 3737
Epoch 3738
Epoch 3739
Epoch 3740
Epoch 3741
Epoch 3742
Epoch 3743
Epoch 3744
Epoch 3745
Epoch 3746
Epoch 3747
Epoch 3748
Epoch 3749
Epoch 3750
Epoch 3751
Epoch 3752
Epoch 3753
Epoch 3754
Epoch 3755
Epoch 3756
Epoch 3757
Epoch 3758
Epoch 3759
Epoch 3760
Epoch 3761
Epoch 3762
Epoch 3763
Epoch 3764
Epoch 3765
Epoch 3766
Epoch 3767
Epoch 3768
Epoch 3769
Epoch 3770
Epoch 3771
Epoch 3772
Epoch 3773
Epoch 3774
Epoch 3775
Epoch 3776
Epoch 3777
Epoch 3778
Epoch 3779
Epoch 3780
Epoch 3781
Epoch 3782
Epoch 3783
Epoch 3784
Epoch 3785
Epoch 3786
Epoch 3787
Epoch 3788
Epoch 3789
Epoch 3790
Epoch 3791
Epoch 3792
Epoch 3793
Epoch 3794
Epoch 3795
Epoch 3796
Epoch 3797
Epoch 3798
Epoch 3799
Epoch 3800
Epoch 3801
Epoch 3802
Epoch 3803
Epoch 3804
Epoch 3805
Epoch 3806
Epoch 3807
Epoch 3808
Epoch 3809
Epoch 3810
Epoch 3811
Epoch 3812
Epoch 3813
Epoch 3814
Epoch 3815
Epoch 3816
Epoch 3817
Epoch 3818
Epoch 3819
Epoch 3820
Epoch 3821
Epoch 3822
Epoch 3823
Epoch 3824
Epoch 3825
Epoch 3826
Epoch 3827
Epoch 3828
Epoch 3829
Epoch 3830
Epoch 3831
Epoch 3832
Epoch 3833
Epoch 3834
Epoch 3835
Epoch 3836
Epoch 3837
Epoch 3838
Epoch 3839
Epoch 3840
Epoch 3841
Epoch 3842
Epoch 3843
Epoch 3844
Epoch 3845
Epoch 3846
Epoch 3847
Epoch 3848
Epoch 3849
Epoch 3850
Epoch 3851
Epoch 3852
Epoch 3853
Epoch 3854
Epoch 3855
Epoch 3856
Epoch 3857
Epoch 3858
Epoch 3859
Epoch 3860
Epoch 3861
Epoch 3862
Epoch 3863
Epoch 3864
Epoch 3865
Epoch 3866
Epoch 3867
Epoch 3868
Epoch 3869
Epoch 3870
Epoch 3871
Epoch 3872
Epoch 3873
Epoch 3874
Epoch 3875
Epoch 3876
Epoch 3877
Epoch 3878
Epoch 3879
Epoch 3880
Epoch 3881
Epoch 3882
Epoch 3883
Epoch 3884
Epoch 3885
Epoch 3886
Epoch 3887
Epoch 3888
Epoch 3889
Epoch 3890
Epoch 3891
Epoch 3892
Epoch 3893
Epoch 3894
Epoch 3895
Epoch 3896
Epoch 3897
Epoch 3898
Epoch 3899
Epoch 3900
Epoch 3901
Epoch 3902
Epoch 3903
Epoch 3904
Epoch 3905
Epoch 3906
Epoch 3907
Epoch 3908
Epoch 3909
Epoch 3910
Epoch 3911
Epoch 3912
Epoch 3913
Epoch 3914
Epoch 3915
Epoch 3916
Epoch 3917
Epoch 3918
Epoch 3919
Epoch 3920
Epoch 3921
Epoch 3922
Epoch 3923
Epoch 3924
Epoch 3925
Epoch 3926
Epoch 3927
Epoch 3928
Epoch 3929
Epoch 3930
Epoch 3931
Epoch 3932
Epoch 3933
Epoch 3934
Epoch 3935
Epoch 3936
Epoch 3937
Epoch 3938
Epoch 3939
Epoch 3940
Epoch 3941
Epoch 3942
Epoch 3943
Epoch 3944
Epoch 3945
Epoch 3946
Epoch 3947
Epoch 3948
Epoch 3949
Epoch 3950
Epoch 3951
Epoch 3952
Epoch 3953
Epoch 3954
Epoch 3955
Epoch 3956
Epoch 3957
Epoch 3958
Epoch 3959
Epoch 3960
Epoch 3961
Epoch 3962
Epoch 3963
Epoch 3964
Epoch 3965
Epoch 3966
Epoch 3967
Epoch 3968
Epoch 3969
Epoch 3970
Epoch 3971
Epoch 3972
Epoch 3973
Epoch 3974
Epoch 3975
Epoch 3976
Epoch 3977
Epoch 3978
Epoch 3979
Epoch 3980
Epoch 3981
Epoch 3982
Epoch 3983
Epoch 3984
Epoch 3985
Epoch 3986
Epoch 3987
Epoch 3988
Epoch 3989
Epoch 3990
Epoch 3991
Epoch 3992
Epoch 3993
Epoch 3994
Epoch 3995
Epoch 3996
Epoch 3997
Epoch 3998
Epoch 3999
Epoch 4000
Epoch 4001
Epoch 4002
Epoch 4003
Epoch 4004
Epoch 4005
Epoch 4006
Epoch 4007
Epoch 4008
Epoch 4009
Epoch 4010
Epoch 4011
Epoch 4012
Epoch 4013
Epoch 4014
Epoch 4015
Epoch 4016
Epoch 4017
Epoch 4018
Epoch 4019
Epoch 4020
Epoch 4021
Epoch 4022
Epoch 4023
Epoch 4024
Epoch 4025
Epoch 4026
Epoch 4027
Epoch 4028
Epoch 4029
Epoch 4030
Epoch 4031
Epoch 4032
Epoch 4033
Epoch 4034
Epoch 4035
Epoch 4036
Epoch 4037
Epoch 4038
Epoch 4039
Epoch 4040
Epoch 4041
Epoch 4042
Epoch 4043
Epoch 4044
Epoch 4045
Epoch 4046
Epoch 4047
Epoch 4048
Epoch 4049
Epoch 4050
Epoch 4051
Epoch 4052
Epoch 4053
Epoch 4054
Epoch 4055
Epoch 4056
Epoch 4057
Epoch 4058
Epoch 4059
Epoch 4060
Epoch 4061
Epoch 4062
Epoch 4063
Epoch 4064
Epoch 4065
Epoch 4066
Epoch 4067
Epoch 4068
Epoch 4069
Epoch 4070
Epoch 4071
Epoch 4072
Epoch 4073
Epoch 4074
Epoch 4075
Epoch 4076
Epoch 4077
Epoch 4078
Epoch 4079
Epoch 4080
Epoch 4081
Epoch 4082
Epoch 4083
Epoch 4084
Epoch 4085
Epoch 4086
Epoch 4087
Epoch 4088
Epoch 4089
Epoch 4090
Epoch 4091
Epoch 4092
Epoch 4093
Epoch 4094
Epoch 4095
Epoch 4096
Epoch 4097
Epoch 4098
Epoch 4099
Epoch 4100
Epoch 4101
Epoch 4102
Epoch 4103
Epoch 4104
Epoch 4105
Epoch 4106
Epoch 4107
Epoch 4108
Epoch 4109
Epoch 4110
Epoch 4111
Epoch 4112
Epoch 4113
Epoch 4114
Epoch 4115
Epoch 4116
Epoch 4117
Epoch 4118
Epoch 4119
Epoch 4120
Epoch 4121
Epoch 4122
Epoch 4123
Epoch 4124
Epoch 4125
Epoch 4126
Epoch 4127
Epoch 4128
Epoch 4129
Epoch 4130
Epoch 4131
Epoch 4132
Epoch 4133
Epoch 4134
Epoch 4135
Epoch 4136
Epoch 4137
Epoch 4138
Epoch 4139
Epoch 4140
Epoch 4141
Epoch 4142
Epoch 4143
Epoch 4144
Epoch 4145
Epoch 4146
Epoch 4147
Epoch 4148
Epoch 4149
Epoch 4150
Epoch 4151
Epoch 4152
Epoch 4153
Epoch 4154
Epoch 4155
Epoch 4156
Epoch 4157
Epoch 4158
Epoch 4159
Epoch 4160
Epoch 4161
Epoch 4162
Epoch 4163
Epoch 4164
Epoch 4165
Epoch 4166
Epoch 4167
Epoch 4168
Epoch 4169
Epoch 4170
Epoch 4171
Epoch 4172
Epoch 4173
Epoch 4174
Epoch 4175
Epoch 4176
Epoch 4177
Epoch 4178
Epoch 4179
Epoch 4180
Epoch 4181
Epoch 4182
Epoch 4183
Epoch 4184
Epoch 4185
Epoch 4186
Epoch 4187
Epoch 4188
Epoch 4189
Epoch 4190
Epoch 4191
Epoch 4192
Epoch 4193
Epoch 4194
Epoch 4195
Epoch 4196
Epoch 4197
Epoch 4198
Epoch 4199
Epoch 4200
Epoch 4201
Epoch 4202
Epoch 4203
Epoch 4204
Epoch 4205
Epoch 4206
Epoch 4207
Epoch 4208
Epoch 4209
Epoch 4210
Epoch 4211
Epoch 4212
Epoch 4213
Epoch 4214
Epoch 4215
Epoch 4216
Epoch 4217
Epoch 4218
Epoch 4219
Epoch 4220
Epoch 4221
Epoch 4222
Epoch 4223
Epoch 4224
Epoch 4225
Epoch 4226
Epoch 4227
Epoch 4228
Epoch 4229
Epoch 4230
Epoch 4231
Epoch 4232
Epoch 4233
Epoch 4234
Epoch 4235
Epoch 4236
Epoch 4237
Epoch 4238
Epoch 4239
Epoch 4240
Epoch 4241
Epoch 4242
Epoch 4243
Epoch 4244
Epoch 4245
Epoch 4246
Epoch 4247
Epoch 4248
Epoch 4249
Epoch 4250
Epoch 4251
Epoch 4252
Epoch 4253
Epoch 4254
Epoch 4255
Epoch 4256
Epoch 4257
Epoch 4258
Epoch 4259
Epoch 4260
Epoch 4261
Epoch 4262
Epoch 4263
Epoch 4264
Epoch 4265
Epoch 4266
Epoch 4267
Epoch 4268
Epoch 4269
Epoch 4270
Epoch 4271
Epoch 4272
Epoch 4273
Epoch 4274
Epoch 4275
Epoch 4276
Epoch 4277
Epoch 4278
Epoch 4279
Epoch 4280
Epoch 4281
Epoch 4282
Epoch 4283
Epoch 4284
Epoch 4285
Epoch 4286
Epoch 4287
Epoch 4288
Epoch 4289
Epoch 4290
Epoch 4291
Epoch 4292
Epoch 4293
Epoch 4294
Epoch 4295
Epoch 4296
Epoch 4297
Epoch 4298
Epoch 4299
Epoch 4300
Epoch 4301
Epoch 4302
Epoch 4303
Epoch 4304
Epoch 4305
Epoch 4306
Epoch 4307
Epoch 4308
Epoch 4309
Epoch 4310
Epoch 4311
Epoch 4312
Epoch 4313
Epoch 4314
Epoch 4315
Epoch 4316
Epoch 4317
Epoch 4318
Epoch 4319
Epoch 4320
Epoch 4321
Epoch 4322
Epoch 4323
Epoch 4324
Epoch 4325
Epoch 4326
Epoch 4327
Epoch 4328
Epoch 4329
Epoch 4330
Epoch 4331
Epoch 4332
Epoch 4333
Epoch 4334
Epoch 4335
Epoch 4336
Epoch 4337
Epoch 4338
Epoch 4339
Epoch 4340
Epoch 4341
Epoch 4342
Epoch 4343
Epoch 4344
Epoch 4345
Epoch 4346
Epoch 4347
Epoch 4348
Epoch 4349
Epoch 4350
Epoch 4351
Epoch 4352
Epoch 4353
Epoch 4354
Epoch 4355
Epoch 4356
Epoch 4357
Epoch 4358
Epoch 4359
Epoch 4360
Epoch 4361
Epoch 4362
Epoch 4363
Epoch 4364
Epoch 4365
Epoch 4366
Epoch 4367
Epoch 4368
Epoch 4369
Epoch 4370
Epoch 4371
Epoch 4372
Epoch 4373
Epoch 4374
Epoch 4375
Epoch 4376
Epoch 4377
Epoch 4378
Epoch 4379
Epoch 4380
Epoch 4381
Epoch 4382
Epoch 4383
Epoch 4384
Epoch 4385
Epoch 4386
Epoch 4387
Epoch 4388
Epoch 4389
Epoch 4390
Epoch 4391
Epoch 4392
Epoch 4393
Epoch 4394
Epoch 4395
Epoch 4396
Epoch 4397
Epoch 4398
Epoch 4399
Epoch 4400
Epoch 4401
Epoch 4402
Epoch 4403
Epoch 4404
Epoch 4405
Epoch 4406
Epoch 4407
Epoch 4408
Epoch 4409
Epoch 4410
Epoch 4411
Epoch 4412
Epoch 4413
Epoch 4414
Epoch 4415
Epoch 4416
Epoch 4417
Epoch 4418
Epoch 4419
Epoch 4420
Epoch 4421
Epoch 4422
Epoch 4423
Epoch 4424
Epoch 4425
Epoch 4426
Epoch 4427
Epoch 4428
Epoch 4429
Epoch 4430
Epoch 4431
Epoch 4432
Epoch 4433
Epoch 4434
Epoch 4435
Epoch 4436
Epoch 4437
Epoch 4438
Epoch 4439
Epoch 4440
Epoch 4441
Epoch 4442
Epoch 4443
Epoch 4444
Epoch 4445
Epoch 4446
Epoch 4447
Epoch 4448
Epoch 4449
Epoch 4450
Epoch 4451
Epoch 4452
Epoch 4453
Epoch 4454
Epoch 4455
Epoch 4456
Epoch 4457
Epoch 4458
Epoch 4459
Epoch 4460
Epoch 4461
Epoch 4462
Epoch 4463
Epoch 4464
Epoch 4465
Epoch 4466
Epoch 4467
Epoch 4468
Epoch 4469
Epoch 4470
Epoch 4471
Epoch 4472
Epoch 4473
Epoch 4474
Epoch 4475
Epoch 4476
Epoch 4477
Epoch 4478
Epoch 4479
Epoch 4480
Epoch 4481
Epoch 4482
Epoch 4483
Epoch 4484
Epoch 4485
Epoch 4486
Epoch 4487
Epoch 4488
Epoch 4489
Epoch 4490
Epoch 4491
Epoch 4492
Epoch 4493
Epoch 4494
Epoch 4495
Epoch 4496
Epoch 4497
Epoch 4498
Epoch 4499
Epoch 4500
Epoch 4501
Epoch 4502
Epoch 4503
Epoch 4504
Epoch 4505
Epoch 4506
Epoch 4507
Epoch 4508
Epoch 4509
Epoch 4510
Epoch 4511
Epoch 4512
Epoch 4513
Epoch 4514
Epoch 4515
Epoch 4516
Epoch 4517
Epoch 4518
Epoch 4519
Epoch 4520
Epoch 4521
Epoch 4522
Epoch 4523
Epoch 4524
Epoch 4525
Epoch 4526
Epoch 4527
Epoch 4528
Epoch 4529
Epoch 4530
Epoch 4531
Epoch 4532
Epoch 4533
Epoch 4534
Epoch 4535
Epoch 4536
Epoch 4537
Epoch 4538
Epoch 4539
Epoch 4540
Epoch 4541
Epoch 4542
Epoch 4543
Epoch 4544
Epoch 4545
Epoch 4546
Epoch 4547
Epoch 4548
Epoch 4549
Epoch 4550
Epoch 4551
Epoch 4552
Epoch 4553
Epoch 4554
Epoch 4555
Epoch 4556
Epoch 4557
Epoch 4558
Epoch 4559
Epoch 4560
Epoch 4561
Epoch 4562
Epoch 4563
Epoch 4564
Epoch 4565
Epoch 4566
Epoch 4567
Epoch 4568
Epoch 4569
Epoch 4570
Epoch 4571
Epoch 4572
Epoch 4573
Epoch 4574
Epoch 4575
Epoch 4576
Epoch 4577
Epoch 4578
Epoch 4579
Epoch 4580
Epoch 4581
Epoch 4582
Epoch 4583
Epoch 4584
Epoch 4585
Epoch 4586
Epoch 4587
Epoch 4588
Epoch 4589
Epoch 4590
Epoch 4591
Epoch 4592
Epoch 4593
Epoch 4594
Epoch 4595
Epoch 4596
Epoch 4597
Epoch 4598
Epoch 4599
Epoch 4600
Epoch 4601
Epoch 4602
Epoch 4603
Epoch 4604
Epoch 4605
Epoch 4606
Epoch 4607
Epoch 4608
Epoch 4609
Epoch 4610
Epoch 4611
Epoch 4612
Epoch 4613
Epoch 4614
Epoch 4615
Epoch 4616
Epoch 4617
Epoch 4618
Epoch 4619
Epoch 4620
Epoch 4621
Epoch 4622
Epoch 4623
Epoch 4624
Epoch 4625
Epoch 4626
Epoch 4627
Epoch 4628
Epoch 4629
Epoch 4630
Epoch 4631
Epoch 4632
Epoch 4633
Epoch 4634
Epoch 4635
Epoch 4636
Epoch 4637
Epoch 4638
Epoch 4639
Epoch 4640
Epoch 4641
Epoch 4642
Epoch 4643
Epoch 4644
Epoch 4645
Epoch 4646
Epoch 4647
Epoch 4648
Epoch 4649
Epoch 4650
Epoch 4651
Epoch 4652
Epoch 4653
Epoch 4654
Epoch 4655
Epoch 4656
Epoch 4657
Epoch 4658
Epoch 4659
Epoch 4660
Epoch 4661
Epoch 4662
Epoch 4663
Epoch 4664
Epoch 4665
Epoch 4666
Epoch 4667
Epoch 4668
Epoch 4669
Epoch 4670
Epoch 4671
Epoch 4672
Epoch 4673
Epoch 4674
Epoch 4675
Epoch 4676
Epoch 4677
Epoch 4678
Epoch 4679
Epoch 4680
Epoch 4681
Epoch 4682
Epoch 4683
Epoch 4684
Epoch 4685
Epoch 4686
Epoch 4687
Epoch 4688
Epoch 4689
Epoch 4690
Epoch 4691
Epoch 4692
Epoch 4693
Epoch 4694
Epoch 4695
Epoch 4696
Epoch 4697
Epoch 4698
Epoch 4699
Epoch 4700
Epoch 4701
Epoch 4702
Epoch 4703
Epoch 4704
Epoch 4705
Epoch 4706
Epoch 4707
Epoch 4708
Epoch 4709
Epoch 4710
Epoch 4711
Epoch 4712
Epoch 4713
Epoch 4714
Epoch 4715
Epoch 4716
Epoch 4717
Epoch 4718
Epoch 4719
Epoch 4720
Epoch 4721
Epoch 4722
Epoch 4723
Epoch 4724
Epoch 4725
Epoch 4726
Epoch 4727
Epoch 4728
Epoch 4729
Epoch 4730
Epoch 4731
Epoch 4732
Epoch 4733
Epoch 4734
Epoch 4735
Epoch 4736
Epoch 4737
Epoch 4738
Epoch 4739
Epoch 4740
Epoch 4741
Epoch 4742
Epoch 4743
Epoch 4744
Epoch 4745
Epoch 4746
Epoch 4747
Epoch 4748
Epoch 4749
Epoch 4750
Epoch 4751
Epoch 4752
Epoch 4753
Epoch 4754
Epoch 4755
Epoch 4756
Epoch 4757
Epoch 4758
Epoch 4759
Epoch 4760
Epoch 4761
Epoch 4762
Epoch 4763
Epoch 4764
Epoch 4765
Epoch 4766
Epoch 4767
Epoch 4768
Epoch 4769
Epoch 4770
Epoch 4771
Epoch 4772
Epoch 4773
Epoch 4774
Epoch 4775
Epoch 4776
Epoch 4777
Epoch 4778
Epoch 4779
Epoch 4780
Epoch 4781
Epoch 4782
Epoch 4783
Epoch 4784
Epoch 4785
Epoch 4786
Epoch 4787
Epoch 4788
Epoch 4789
Epoch 4790
Epoch 4791
Epoch 4792
Epoch 4793
Epoch 4794
Epoch 4795
Epoch 4796
Epoch 4797
Epoch 4798
Epoch 4799
Epoch 4800
Epoch 4801
Epoch 4802
Epoch 4803
Epoch 4804
Epoch 4805
Epoch 4806
Epoch 4807
Epoch 4808
Epoch 4809
Epoch 4810
Epoch 4811
Epoch 4812
Epoch 4813
Epoch 4814
Epoch 4815
Epoch 4816
Epoch 4817
Epoch 4818
Epoch 4819
Epoch 4820
Epoch 4821
Epoch 4822
Epoch 4823
Epoch 4824
Epoch 4825
Epoch 4826
Epoch 4827
Epoch 4828
Epoch 4829
Epoch 4830
Epoch 4831
Epoch 4832
Epoch 4833
Epoch 4834
Epoch 4835
Epoch 4836
Epoch 4837
Epoch 4838
Epoch 4839
Epoch 4840
Epoch 4841
Epoch 4842
Epoch 4843
Epoch 4844
Epoch 4845
Epoch 4846
Epoch 4847
Epoch 4848
Epoch 4849
Epoch 4850
Epoch 4851
Epoch 4852
Epoch 4853
Epoch 4854
Epoch 4855
Epoch 4856
Epoch 4857
Epoch 4858
Epoch 4859
Epoch 4860
Epoch 4861
Epoch 4862
Epoch 4863
Epoch 4864
Epoch 4865
Epoch 4866
Epoch 4867
Epoch 4868
Epoch 4869
Epoch 4870
Epoch 4871
Epoch 4872
Epoch 4873
Epoch 4874
Epoch 4875
Epoch 4876
Epoch 4877
Epoch 4878
Epoch 4879
Epoch 4880
Epoch 4881
Epoch 4882
Epoch 4883
Epoch 4884
Epoch 4885
Epoch 4886
Epoch 4887
Epoch 4888
Epoch 4889
Epoch 4890
Epoch 4891
Epoch 4892
Epoch 4893
Epoch 4894
Epoch 4895
Epoch 4896
Epoch 4897
Epoch 4898
Epoch 4899
Epoch 4900
Epoch 4901
Epoch 4902
Epoch 4903
Epoch 4904
Epoch 4905
Epoch 4906
Epoch 4907
Epoch 4908
Epoch 4909
Epoch 4910
Epoch 4911
Epoch 4912
Epoch 4913
Epoch 4914
Epoch 4915
Epoch 4916
Epoch 4917
Epoch 4918
Epoch 4919
Epoch 4920
Epoch 4921
Epoch 4922
Epoch 4923
Epoch 4924
Epoch 4925
Epoch 4926
Epoch 4927
Epoch 4928
Epoch 4929
Epoch 4930
Epoch 4931
Epoch 4932
Epoch 4933
Epoch 4934
Epoch 4935
Epoch 4936
Epoch 4937
Epoch 4938
Epoch 4939
Epoch 4940
Epoch 4941
Epoch 4942
Epoch 4943
Epoch 4944
Epoch 4945
Epoch 4946
Epoch 4947
Epoch 4948
Epoch 4949
Epoch 4950
Epoch 4951
Epoch 4952
Epoch 4953
Epoch 4954
Epoch 4955
Epoch 4956
Epoch 4957
Epoch 4958
Epoch 4959
Epoch 4960
Epoch 4961
Epoch 4962
Epoch 4963
Epoch 4964
Epoch 4965
Epoch 4966
Epoch 4967
Epoch 4968
Epoch 4969
Epoch 4970
Epoch 4971
Epoch 4972
Epoch 4973
Epoch 4974
Epoch 4975
Epoch 4976
Epoch 4977
Epoch 4978
Epoch 4979
Epoch 4980
Epoch 4981
Epoch 4982
Epoch 4983
Epoch 4984
Epoch 4985
Epoch 4986
Epoch 4987
Epoch 4988
Epoch 4989
Epoch 4990
Epoch 4991
Epoch 4992
Epoch 4993
Epoch 4994
Epoch 4995
Epoch 4996
Epoch 4997
Epoch 4998
Epoch 4999
Epoch 5000
Epoch 5001
Epoch 5002
Epoch 5003
Epoch 5004
Epoch 5005
Epoch 5006
Epoch 5007
Epoch 5008
Epoch 5009
Epoch 5010
Epoch 5011
Epoch 5012
Epoch 5013
Epoch 5014
Epoch 5015
Epoch 5016
Epoch 5017
Epoch 5018
Epoch 5019
Epoch 5020
Epoch 5021
Epoch 5022
Epoch 5023
Epoch 5024
Epoch 5025
Epoch 5026
Epoch 5027
Epoch 5028
Epoch 5029
Epoch 5030
Epoch 5031
Epoch 5032
Epoch 5033
Epoch 5034
Epoch 5035
Epoch 5036
Epoch 5037
Epoch 5038
Epoch 5039
Epoch 5040
Epoch 5041
Epoch 5042
Epoch 5043
Epoch 5044
Epoch 5045
Epoch 5046
Epoch 5047
Epoch 5048
Epoch 5049
Epoch 5050
Epoch 5051
Epoch 5052
Epoch 5053
Epoch 5054
Epoch 5055
Epoch 5056
Epoch 5057
Epoch 5058
Epoch 5059
Epoch 5060
Epoch 5061
Epoch 5062
Epoch 5063
Epoch 5064
Epoch 5065
Epoch 5066
Epoch 5067
Epoch 5068
Epoch 5069
Epoch 5070
Epoch 5071
Epoch 5072
Epoch 5073
Epoch 5074
Epoch 5075
Epoch 5076
Epoch 5077
Epoch 5078
Epoch 5079
Epoch 5080
Epoch 5081
Epoch 5082
Epoch 5083
Epoch 5084
Epoch 5085
Epoch 5086
Epoch 5087
Epoch 5088
Epoch 5089
Epoch 5090
Epoch 5091
Epoch 5092
Epoch 5093
Epoch 5094
Epoch 5095
Epoch 5096
Epoch 5097
Epoch 5098
Epoch 5099
Epoch 5100
Epoch 5101
Epoch 5102
Epoch 5103
Epoch 5104
Epoch 5105
Epoch 5106
Epoch 5107
Epoch 5108
Epoch 5109
Epoch 5110
Epoch 5111
Epoch 5112
Epoch 5113
Epoch 5114
Epoch 5115
Epoch 5116
Epoch 5117
Epoch 5118
Epoch 5119
Epoch 5120
Epoch 5121
Epoch 5122
Epoch 5123
Epoch 5124
Epoch 5125
Epoch 5126
Epoch 5127
Epoch 5128
Epoch 5129
Epoch 5130
Epoch 5131
Epoch 5132
Epoch 5133
Epoch 5134
Epoch 5135
Epoch 5136
Epoch 5137
Epoch 5138
Epoch 5139
Epoch 5140
Epoch 5141
Epoch 5142
Epoch 5143
Epoch 5144
Epoch 5145
Epoch 5146
Epoch 5147
Epoch 5148
Epoch 5149
Epoch 5150
Epoch 5151
Epoch 5152
Epoch 5153
Epoch 5154
Epoch 5155
Epoch 5156
Epoch 5157
Epoch 5158
Epoch 5159
Epoch 5160
Epoch 5161
Epoch 5162
Epoch 5163
Epoch 5164
Epoch 5165
Epoch 5166
Epoch 5167
Epoch 5168
Epoch 5169
Epoch 5170
Epoch 5171
Epoch 5172
Epoch 5173
Epoch 5174
Epoch 5175
Epoch 5176
Epoch 5177
Epoch 5178
Epoch 5179
Epoch 5180
Epoch 5181
Epoch 5182
Epoch 5183
Epoch 5184
Epoch 5185
Epoch 5186
Epoch 5187
Epoch 5188
Epoch 5189
Epoch 5190
Epoch 5191
Epoch 5192
Epoch 5193
Epoch 5194
Epoch 5195
Epoch 5196
Epoch 5197
Epoch 5198
Epoch 5199
Epoch 5200
Epoch 5201
Epoch 5202
Epoch 5203
Epoch 5204
Epoch 5205
Epoch 5206
Epoch 5207
Epoch 5208
Epoch 5209
Epoch 5210
Epoch 5211
Epoch 5212
Epoch 5213
Epoch 5214
Epoch 5215
Epoch 5216
Epoch 5217
Epoch 5218
Epoch 5219
Epoch 5220
Epoch 5221
Epoch 5222
Epoch 5223
Epoch 5224
Epoch 5225
Epoch 5226
Epoch 5227
Epoch 5228
Epoch 5229
Epoch 5230
Epoch 5231
Epoch 5232
Epoch 5233
Epoch 5234
Epoch 5235
Epoch 5236
Epoch 5237
Epoch 5238
Epoch 5239
Epoch 5240
Epoch 5241
Epoch 5242
Epoch 5243
Epoch 5244
Epoch 5245
Epoch 5246
Epoch 5247
Epoch 5248
Epoch 5249
Epoch 5250
Epoch 5251
Epoch 5252
Epoch 5253
Epoch 5254
Epoch 5255
Epoch 5256
Epoch 5257
Epoch 5258
Epoch 5259
Epoch 5260
Epoch 5261
Epoch 5262
Epoch 5263
Epoch 5264
Epoch 5265
Epoch 5266
Epoch 5267
Epoch 5268
Epoch 5269
Epoch 5270
Epoch 5271
Epoch 5272
Epoch 5273
Epoch 5274
Epoch 5275
Epoch 5276
Epoch 5277
Epoch 5278
Epoch 5279
Epoch 5280
Epoch 5281
Epoch 5282
Epoch 5283
Epoch 5284
Epoch 5285
Epoch 5286
Epoch 5287
Epoch 5288
Epoch 5289
Epoch 5290
Epoch 5291
Epoch 5292
Epoch 5293
Epoch 5294
Epoch 5295
Epoch 5296
Epoch 5297
Epoch 5298
Epoch 5299
Epoch 5300
Epoch 5301
Epoch 5302
Epoch 5303
Epoch 5304
Epoch 5305
Epoch 5306
Epoch 5307
Epoch 5308
Epoch 5309
Epoch 5310
Epoch 5311
Epoch 5312
Epoch 5313
Epoch 5314
Epoch 5315
Epoch 5316
Epoch 5317
Epoch 5318
Epoch 5319
Epoch 5320
Epoch 5321
Epoch 5322
Epoch 5323
Epoch 5324
Epoch 5325
Epoch 5326
Epoch 5327
Epoch 5328
Epoch 5329
Epoch 5330
Epoch 5331
Epoch 5332
Epoch 5333
Epoch 5334
Epoch 5335
Epoch 5336
Epoch 5337
Epoch 5338
Epoch 5339
Epoch 5340
Epoch 5341
Epoch 5342
Epoch 5343
Epoch 5344
Epoch 5345
Epoch 5346
Epoch 5347
Epoch 5348
Epoch 5349
Epoch 5350
Epoch 5351
Epoch 5352
Epoch 5353
Epoch 5354
Epoch 5355
Epoch 5356
Epoch 5357
Epoch 5358
Epoch 5359
Epoch 5360
Epoch 5361
Epoch 5362
Epoch 5363
Epoch 5364
Epoch 5365
Epoch 5366
Epoch 5367
Epoch 5368
Epoch 5369
Epoch 5370
Epoch 5371
Epoch 5372
Epoch 5373
Epoch 5374
Epoch 5375
Epoch 5376
Epoch 5377
Epoch 5378
Epoch 5379
Epoch 5380
Epoch 5381
Epoch 5382
Epoch 5383
Epoch 5384
Epoch 5385
Epoch 5386
Epoch 5387
Epoch 5388
Epoch 5389
Epoch 5390
Epoch 5391
Epoch 5392
Epoch 5393
Epoch 5394
Epoch 5395
Epoch 5396
Epoch 5397
Epoch 5398
Epoch 5399
Epoch 5400
Epoch 5401
Epoch 5402
Epoch 5403
Epoch 5404
Epoch 5405
Epoch 5406
Epoch 5407
Epoch 5408
Epoch 5409
Epoch 5410
Epoch 5411
Epoch 5412
Epoch 5413
Epoch 5414
Epoch 5415
Epoch 5416
Epoch 5417
Epoch 5418
Epoch 5419
Epoch 5420
Epoch 5421
Epoch 5422
Epoch 5423
Epoch 5424
Epoch 5425
Epoch 5426
Epoch 5427
Epoch 5428
Epoch 5429
Epoch 5430
Epoch 5431
Epoch 5432
Epoch 5433
Epoch 5434
Epoch 5435
Epoch 5436
Epoch 5437
Epoch 5438
Epoch 5439
Epoch 5440
Epoch 5441
Epoch 5442
Epoch 5443
Epoch 5444
Epoch 5445
Epoch 5446
Epoch 5447
Epoch 5448
Epoch 5449
Epoch 5450
Epoch 5451
Epoch 5452
Epoch 5453
Epoch 5454
Epoch 5455
Epoch 5456
Epoch 5457
Epoch 5458
Epoch 5459
Epoch 5460
Epoch 5461
Epoch 5462
Epoch 5463
Epoch 5464
Epoch 5465
Epoch 5466
Epoch 5467
Epoch 5468
Epoch 5469
Epoch 5470
Epoch 5471
Epoch 5472
Epoch 5473
Epoch 5474
Epoch 5475
Epoch 5476
Epoch 5477
Epoch 5478
Epoch 5479
Epoch 5480
Epoch 5481
Epoch 5482
Epoch 5483
Epoch 5484
Epoch 5485
Epoch 5486
Epoch 5487
Epoch 5488
Epoch 5489
Epoch 5490
Epoch 5491
Epoch 5492
Epoch 5493
Epoch 5494
Epoch 5495
Epoch 5496
Epoch 5497
Epoch 5498
Epoch 5499
Epoch 5500
Epoch 5501
Epoch 5502
Epoch 5503
Epoch 5504
Epoch 5505
Epoch 5506
Epoch 5507
Epoch 5508
Epoch 5509
Epoch 5510
Epoch 5511
Epoch 5512
Epoch 5513
Epoch 5514
Epoch 5515
Epoch 5516
Epoch 5517
Epoch 5518
Epoch 5519
Epoch 5520
Epoch 5521
Epoch 5522
Epoch 5523
Epoch 5524
Epoch 5525
Epoch 5526
Epoch 5527
Epoch 5528
Epoch 5529
Epoch 5530
Epoch 5531
Epoch 5532
Epoch 5533
Epoch 5534
Epoch 5535
Epoch 5536
Epoch 5537
Epoch 5538
Epoch 5539
Epoch 5540
Epoch 5541
Epoch 5542
Epoch 5543
Epoch 5544
Epoch 5545
Epoch 5546
Epoch 5547
Epoch 5548
Epoch 5549
Epoch 5550
Epoch 5551
Epoch 5552
Epoch 5553
Epoch 5554
Epoch 5555
Epoch 5556
Epoch 5557
Epoch 5558
Epoch 5559
Epoch 5560
Epoch 5561
Epoch 5562
Epoch 5563
Epoch 5564
Epoch 5565
Epoch 5566
Epoch 5567
Epoch 5568
Epoch 5569
Epoch 5570
Epoch 5571
Epoch 5572
Epoch 5573
Epoch 5574
Epoch 5575
Epoch 5576
Epoch 5577
Epoch 5578
Epoch 5579
Epoch 5580
Epoch 5581
Epoch 5582
Epoch 5583
Epoch 5584
Epoch 5585
Epoch 5586
Epoch 5587
Epoch 5588
Epoch 5589
Epoch 5590
Epoch 5591
Epoch 5592
Epoch 5593
Epoch 5594
Epoch 5595
Epoch 5596
Epoch 5597
Epoch 5598
Epoch 5599
Epoch 5600
Epoch 5601
Epoch 5602
Epoch 5603
Epoch 5604
Epoch 5605
Epoch 5606
Epoch 5607
Epoch 5608
Epoch 5609
Epoch 5610
Epoch 5611
Epoch 5612
Epoch 5613
Epoch 5614
Epoch 5615
Epoch 5616
Epoch 5617
Epoch 5618
Epoch 5619
Epoch 5620
Epoch 5621
Epoch 5622
Epoch 5623
Epoch 5624
Epoch 5625
Epoch 5626
Epoch 5627
Epoch 5628
Epoch 5629
Epoch 5630
Epoch 5631
Epoch 5632
Epoch 5633
Epoch 5634
Epoch 5635
Epoch 5636
Epoch 5637
Epoch 5638
Epoch 5639
Epoch 5640
Epoch 5641
Epoch 5642
Epoch 5643
Epoch 5644
Epoch 5645
Epoch 5646
Epoch 5647
Epoch 5648
Epoch 5649
Epoch 5650
Epoch 5651
Epoch 5652
Epoch 5653
Epoch 5654
Epoch 5655
Epoch 5656
Epoch 5657
Epoch 5658
Epoch 5659
Epoch 5660
Epoch 5661
Epoch 5662
Epoch 5663
Epoch 5664
Epoch 5665
Epoch 5666
Epoch 5667
Epoch 5668
Epoch 5669
Epoch 5670
Epoch 5671
Epoch 5672
Epoch 5673
Epoch 5674
Epoch 5675
Epoch 5676
Epoch 5677
Epoch 5678
Epoch 5679
Epoch 5680
Epoch 5681
Epoch 5682
Epoch 5683
Epoch 5684
Epoch 5685
Epoch 5686
Epoch 5687
Epoch 5688
Epoch 5689
Epoch 5690
Epoch 5691
Epoch 5692
Epoch 5693
Epoch 5694
Epoch 5695
Epoch 5696
Epoch 5697
Epoch 5698
Epoch 5699
Epoch 5700
Epoch 5701
Epoch 5702
Epoch 5703
Epoch 5704
Epoch 5705
Epoch 5706
Epoch 5707
Epoch 5708
Epoch 5709
Epoch 5710
Epoch 5711
Epoch 5712
Epoch 5713
Epoch 5714
Epoch 5715
Epoch 5716
Epoch 5717
Epoch 5718
Epoch 5719
Epoch 5720
Epoch 5721
Epoch 5722
Epoch 5723
Epoch 5724
Epoch 5725
Epoch 5726
Epoch 5727
Epoch 5728
Epoch 5729
Epoch 5730
Epoch 5731
Epoch 5732
Epoch 5733
Epoch 5734
Epoch 5735
Epoch 5736
Epoch 5737
Epoch 5738
Epoch 5739
Epoch 5740
Epoch 5741
Epoch 5742
Epoch 5743
Epoch 5744
Epoch 5745
Epoch 5746
Epoch 5747
Epoch 5748
Epoch 5749
Epoch 5750
Epoch 5751
Epoch 5752
Epoch 5753
Epoch 5754
Epoch 5755
Epoch 5756
Epoch 5757
Epoch 5758
Epoch 5759
Epoch 5760
Epoch 5761
Epoch 5762
Epoch 5763
Epoch 5764
Epoch 5765
Epoch 5766
Epoch 5767
Epoch 5768
Epoch 5769
Epoch 5770
Epoch 5771
Epoch 5772
Epoch 5773
Epoch 5774
Epoch 5775
Epoch 5776
Epoch 5777
Epoch 5778
Epoch 5779
Epoch 5780
Epoch 5781
Epoch 5782
Epoch 5783
Epoch 5784
Epoch 5785
Epoch 5786
Epoch 5787
Epoch 5788
Epoch 5789
Epoch 5790
Epoch 5791
Epoch 5792
Epoch 5793
Epoch 5794
Epoch 5795
Epoch 5796
Epoch 5797
Epoch 5798
Epoch 5799
Epoch 5800
Epoch 5801
Epoch 5802
Epoch 5803
Epoch 5804
Epoch 5805
Epoch 5806
Epoch 5807
Epoch 5808
Epoch 5809
Epoch 5810
Epoch 5811
Epoch 5812
Epoch 5813
Epoch 5814
Epoch 5815
Epoch 5816
Epoch 5817
Epoch 5818
Epoch 5819
Epoch 5820
Epoch 5821
Epoch 5822
Epoch 5823
Epoch 5824
Epoch 5825
Epoch 5826
Epoch 5827
Epoch 5828
Epoch 5829
Epoch 5830
Epoch 5831
Epoch 5832
Epoch 5833
Epoch 5834
Epoch 5835
Epoch 5836
Epoch 5837
Epoch 5838
Epoch 5839
Epoch 5840
Epoch 5841
Epoch 5842
Epoch 5843
Epoch 5844
Epoch 5845
Epoch 5846
Epoch 5847
Epoch 5848
Epoch 5849
Epoch 5850
Epoch 5851
Epoch 5852
Epoch 5853
Epoch 5854
Epoch 5855
Epoch 5856
Epoch 5857
Epoch 5858
Epoch 5859
Epoch 5860
Epoch 5861
Epoch 5862
Epoch 5863
Epoch 5864
Epoch 5865
Epoch 5866
Epoch 5867
Epoch 5868
Epoch 5869
Epoch 5870
Epoch 5871
Epoch 5872
Epoch 5873
Epoch 5874
Epoch 5875
Epoch 5876
Epoch 5877
Epoch 5878
Epoch 5879
Epoch 5880
Epoch 5881
Epoch 5882
Epoch 5883
Epoch 5884
Epoch 5885
Epoch 5886
Epoch 5887
Epoch 5888
Epoch 5889
Epoch 5890
Epoch 5891
Epoch 5892
Epoch 5893
Epoch 5894
Epoch 5895
Epoch 5896
Epoch 5897
Epoch 5898
Epoch 5899
Epoch 5900
Epoch 5901
Epoch 5902
Epoch 5903
Epoch 5904
Epoch 5905
Epoch 5906
Epoch 5907
Epoch 5908
Epoch 5909
Epoch 5910
Epoch 5911
Epoch 5912
Epoch 5913
Epoch 5914
Epoch 5915
Epoch 5916
Epoch 5917
Epoch 5918
Epoch 5919
Epoch 5920
Epoch 5921
Epoch 5922
Epoch 5923
Epoch 5924
Epoch 5925
Epoch 5926
Epoch 5927
Epoch 5928
Epoch 5929
Epoch 5930
Epoch 5931
Epoch 5932
Epoch 5933
Epoch 5934
Epoch 5935
Epoch 5936
Epoch 5937
Epoch 5938
Epoch 5939
Epoch 5940
Epoch 5941
Epoch 5942
Epoch 5943
Epoch 5944
Epoch 5945
Epoch 5946
Epoch 5947
Epoch 5948
Epoch 5949
Epoch 5950
Epoch 5951
Epoch 5952
Epoch 5953
Epoch 5954
Epoch 5955
Epoch 5956
Epoch 5957
Epoch 5958
Epoch 5959
Epoch 5960
Epoch 5961
Epoch 5962
Epoch 5963
Epoch 5964
Epoch 5965
Epoch 5966
Epoch 5967
Epoch 5968
Epoch 5969
Epoch 5970
Epoch 5971
Epoch 5972
Epoch 5973
Epoch 5974
Epoch 5975
Epoch 5976
Epoch 5977
Epoch 5978
Epoch 5979
Epoch 5980
Epoch 5981
Epoch 5982
Epoch 5983
Epoch 5984
Epoch 5985
Epoch 5986
Epoch 5987
Epoch 5988
Epoch 5989
Epoch 5990
Epoch 5991
Epoch 5992
Epoch 5993
Epoch 5994
Epoch 5995
Epoch 5996
Epoch 5997
Epoch 5998
Epoch 5999
Epoch 6000
Epoch 6001
Epoch 6002
Epoch 6003
Epoch 6004
Epoch 6005
Epoch 6006
Epoch 6007
Epoch 6008
Epoch 6009
Epoch 6010
Epoch 6011
Epoch 6012
Epoch 6013
Epoch 6014
Epoch 6015
Epoch 6016
Epoch 6017
Epoch 6018
Epoch 6019
Epoch 6020
Epoch 6021
Epoch 6022
Epoch 6023
Epoch 6024
Epoch 6025
Epoch 6026
Epoch 6027
Epoch 6028
Epoch 6029
Epoch 6030
Epoch 6031
Epoch 6032
Epoch 6033
Epoch 6034
Epoch 6035
Epoch 6036
Epoch 6037
Epoch 6038
Epoch 6039
Epoch 6040
Epoch 6041
Epoch 6042
Epoch 6043
Epoch 6044
Epoch 6045
Epoch 6046
Epoch 6047
Epoch 6048
Epoch 6049
Epoch 6050
Epoch 6051
Epoch 6052
Epoch 6053
Epoch 6054
Epoch 6055
Epoch 6056
Epoch 6057
Epoch 6058
Epoch 6059
Epoch 6060
Epoch 6061
Epoch 6062
Epoch 6063
Epoch 6064
Epoch 6065
Epoch 6066
Epoch 6067
Epoch 6068
Epoch 6069
Epoch 6070
Epoch 6071
Epoch 6072
Epoch 6073
Epoch 6074
Epoch 6075
Epoch 6076
Epoch 6077
Epoch 6078
Epoch 6079
Epoch 6080
Epoch 6081
Epoch 6082
Epoch 6083
Epoch 6084
Epoch 6085
Epoch 6086
Epoch 6087
Epoch 6088
Epoch 6089
Epoch 6090
Epoch 6091
Epoch 6092
Epoch 6093
Epoch 6094
Epoch 6095
Epoch 6096
Epoch 6097
Epoch 6098
Epoch 6099
Epoch 6100
Epoch 6101
Epoch 6102
Epoch 6103
Epoch 6104
Epoch 6105
Epoch 6106
Epoch 6107
Epoch 6108
Epoch 6109
Epoch 6110
Epoch 6111
Epoch 6112
Epoch 6113
Epoch 6114
Epoch 6115
Epoch 6116
Epoch 6117
Epoch 6118
Epoch 6119
Epoch 6120
Epoch 6121
Epoch 6122
Epoch 6123
Epoch 6124
Epoch 6125
Epoch 6126
Epoch 6127
Epoch 6128
Epoch 6129
Epoch 6130
Epoch 6131
Epoch 6132
Epoch 6133
Epoch 6134
Epoch 6135
Epoch 6136
Epoch 6137
Epoch 6138
Epoch 6139
Epoch 6140
Epoch 6141
Epoch 6142
Epoch 6143
Epoch 6144
Epoch 6145
Epoch 6146
Epoch 6147
Epoch 6148
Epoch 6149
Epoch 6150
Epoch 6151
Epoch 6152
Epoch 6153
Epoch 6154
Epoch 6155
Epoch 6156
Epoch 6157
Epoch 6158
Epoch 6159
Epoch 6160
Epoch 6161
Epoch 6162
Epoch 6163
Epoch 6164
Epoch 6165
Epoch 6166
Epoch 6167
Epoch 6168
Epoch 6169
Epoch 6170
Epoch 6171
Epoch 6172
Epoch 6173
Epoch 6174
Epoch 6175
Epoch 6176
Epoch 6177
Epoch 6178
Epoch 6179
Epoch 6180
Epoch 6181
Epoch 6182
Epoch 6183
Epoch 6184
Epoch 6185
Epoch 6186
Epoch 6187
Epoch 6188
Epoch 6189
Epoch 6190
Epoch 6191
Epoch 6192
Epoch 6193
Epoch 6194
Epoch 6195
Epoch 6196
Epoch 6197
Epoch 6198
Epoch 6199
Epoch 6200
Epoch 6201
Epoch 6202
Epoch 6203
Epoch 6204
Epoch 6205
Epoch 6206
Epoch 6207
Epoch 6208
Epoch 6209
Epoch 6210
Epoch 6211
Epoch 6212
Epoch 6213
Epoch 6214
Epoch 6215
Epoch 6216
Epoch 6217
Epoch 6218
Epoch 6219
Epoch 6220
Epoch 6221
Epoch 6222
Epoch 6223
Epoch 6224
Epoch 6225
Epoch 6226
Epoch 6227
Epoch 6228
Epoch 6229
Epoch 6230
Epoch 6231
Epoch 6232
Epoch 6233
Epoch 6234
Epoch 6235
Epoch 6236
Epoch 6237
Epoch 6238
Epoch 6239
Epoch 6240
Epoch 6241
Epoch 6242
Epoch 6243
Epoch 6244
Epoch 6245
Epoch 6246
Epoch 6247
Epoch 6248
Epoch 6249
Epoch 6250
Epoch 6251
Epoch 6252
Epoch 6253
Epoch 6254
Epoch 6255
Epoch 6256
Epoch 6257
Epoch 6258
Epoch 6259
Epoch 6260
Epoch 6261
Epoch 6262
Epoch 6263
Epoch 6264
Epoch 6265
Epoch 6266
Epoch 6267
Epoch 6268
Epoch 6269
Epoch 6270
Epoch 6271
Epoch 6272
Epoch 6273
Epoch 6274
Epoch 6275
Epoch 6276
Epoch 6277
Epoch 6278
Epoch 6279
Epoch 6280
Epoch 6281
Epoch 6282
Epoch 6283
Epoch 6284
Epoch 6285
Epoch 6286
Epoch 6287
Epoch 6288
Epoch 6289
Epoch 6290
Epoch 6291
Epoch 6292
Epoch 6293
Epoch 6294
Epoch 6295
Epoch 6296
Epoch 6297
Epoch 6298
Epoch 6299
Epoch 6300
Epoch 6301
Epoch 6302
Epoch 6303
Epoch 6304
Epoch 6305
Epoch 6306
Epoch 6307
Epoch 6308
Epoch 6309
Epoch 6310
Epoch 6311
Epoch 6312
Epoch 6313
Epoch 6314
Epoch 6315
Epoch 6316
Epoch 6317
Epoch 6318
Epoch 6319
Epoch 6320
Epoch 6321
Epoch 6322
Epoch 6323
Epoch 6324
Epoch 6325
Epoch 6326
Epoch 6327
Epoch 6328
Epoch 6329
Epoch 6330
Epoch 6331
Epoch 6332
Epoch 6333
Epoch 6334
Epoch 6335
Epoch 6336
Epoch 6337
Epoch 6338
Epoch 6339
Epoch 6340
Epoch 6341
Epoch 6342
Epoch 6343
Epoch 6344
Epoch 6345
Epoch 6346
Epoch 6347
Epoch 6348
Epoch 6349
Epoch 6350
Epoch 6351
Epoch 6352
Epoch 6353
Epoch 6354
Epoch 6355
Epoch 6356
Epoch 6357
Epoch 6358
Epoch 6359
Epoch 6360
Epoch 6361
Epoch 6362
Epoch 6363
Epoch 6364
Epoch 6365
Epoch 6366
Epoch 6367
Epoch 6368
Epoch 6369
Epoch 6370
Epoch 6371
Epoch 6372
Epoch 6373
Epoch 6374
Epoch 6375
Epoch 6376
Epoch 6377
Epoch 6378
Epoch 6379
Epoch 6380
Epoch 6381
Epoch 6382
Epoch 6383
Epoch 6384
Epoch 6385
Epoch 6386
Epoch 6387
Epoch 6388
Epoch 6389
Epoch 6390
Epoch 6391
Epoch 6392
Epoch 6393
Epoch 6394
Epoch 6395
Epoch 6396
Epoch 6397
Epoch 6398
Epoch 6399
Epoch 6400
Epoch 6401
Epoch 6402
Epoch 6403
Epoch 6404
Epoch 6405
Epoch 6406
Epoch 6407
Epoch 6408
Epoch 6409
Epoch 6410
Epoch 6411
Epoch 6412
Epoch 6413
Epoch 6414
Epoch 6415
Epoch 6416
Epoch 6417
Epoch 6418
Epoch 6419
Epoch 6420
Epoch 6421
Epoch 6422
Epoch 6423
Epoch 6424
Epoch 6425
Epoch 6426
Epoch 6427
Epoch 6428
Epoch 6429
Epoch 6430
Epoch 6431
Epoch 6432
Epoch 6433
Epoch 6434
Epoch 6435
Epoch 6436
Epoch 6437
Epoch 6438
Epoch 6439
Epoch 6440
Epoch 6441
Epoch 6442
Epoch 6443
Epoch 6444
Epoch 6445
Epoch 6446
Epoch 6447
Epoch 6448
Epoch 6449
Epoch 6450
Epoch 6451
Epoch 6452
Epoch 6453
Epoch 6454
Epoch 6455
Epoch 6456
Epoch 6457
Epoch 6458
Epoch 6459
Epoch 6460
Epoch 6461
Epoch 6462
Epoch 6463
Epoch 6464
Epoch 6465
Epoch 6466
Epoch 6467
Epoch 6468
Epoch 6469
Epoch 6470
Epoch 6471
Epoch 6472
Epoch 6473
Epoch 6474
Epoch 6475
Epoch 6476
Epoch 6477
Epoch 6478
Epoch 6479
Epoch 6480
Epoch 6481
Epoch 6482
Epoch 6483
Epoch 6484
Epoch 6485
Epoch 6486
Epoch 6487
Epoch 6488
Epoch 6489
Epoch 6490
Epoch 6491
Epoch 6492
Epoch 6493
Epoch 6494
Epoch 6495
Epoch 6496
Epoch 6497
Epoch 6498
Epoch 6499
Epoch 6500
Epoch 6501
Epoch 6502
Epoch 6503
Epoch 6504
Epoch 6505
Epoch 6506
Epoch 6507
Epoch 6508
Epoch 6509
Epoch 6510
Epoch 6511
Epoch 6512
Epoch 6513
Epoch 6514
Epoch 6515
Epoch 6516
Epoch 6517
Epoch 6518
Epoch 6519
Epoch 6520
Epoch 6521
Epoch 6522
Epoch 6523
Epoch 6524
Epoch 6525
Epoch 6526
Epoch 6527
Epoch 6528
Epoch 6529
Epoch 6530
Epoch 6531
Epoch 6532
Epoch 6533
Epoch 6534
Epoch 6535
Epoch 6536
Epoch 6537
Epoch 6538
Epoch 6539
Epoch 6540
Epoch 6541
Epoch 6542
Epoch 6543
Epoch 6544
Epoch 6545
Epoch 6546
Epoch 6547
Epoch 6548
Epoch 6549
Epoch 6550
Epoch 6551
Epoch 6552
Epoch 6553
Epoch 6554
Epoch 6555
Epoch 6556
Epoch 6557
Epoch 6558
Epoch 6559
Epoch 6560
Epoch 6561
Epoch 6562
Epoch 6563
Epoch 6564
Epoch 6565
Epoch 6566
Epoch 6567
Epoch 6568
Epoch 6569
Epoch 6570
Epoch 6571
Epoch 6572
Epoch 6573
Epoch 6574
Epoch 6575
Epoch 6576
Epoch 6577
Epoch 6578
Epoch 6579
Epoch 6580
Epoch 6581
Epoch 6582
Epoch 6583
Epoch 6584
Epoch 6585
Epoch 6586
Epoch 6587
Epoch 6588
Epoch 6589
Epoch 6590
Epoch 6591
Epoch 6592
Epoch 6593
Epoch 6594
Epoch 6595
Epoch 6596
Epoch 6597
Epoch 6598
Epoch 6599
Epoch 6600
Epoch 6601
Epoch 6602
Epoch 6603
Epoch 6604
Epoch 6605
Epoch 6606
Epoch 6607
Epoch 6608
Epoch 6609
Epoch 6610
Epoch 6611
Epoch 6612
Epoch 6613
Epoch 6614
Epoch 6615
Epoch 6616
Epoch 6617
Epoch 6618
Epoch 6619
Epoch 6620
Epoch 6621
Epoch 6622
Epoch 6623
Epoch 6624
Epoch 6625
Epoch 6626
Epoch 6627
Epoch 6628
Epoch 6629
Epoch 6630
Epoch 6631
Epoch 6632
Epoch 6633
Epoch 6634
Epoch 6635
Epoch 6636
Epoch 6637
Epoch 6638
Epoch 6639
Epoch 6640
Epoch 6641
Epoch 6642
Epoch 6643
Epoch 6644
Epoch 6645
Epoch 6646
Epoch 6647
Epoch 6648
Epoch 6649
Epoch 6650
Epoch 6651
Epoch 6652
Epoch 6653
Epoch 6654
Epoch 6655
Epoch 6656
Epoch 6657
Epoch 6658
Epoch 6659
Epoch 6660
Epoch 6661
Epoch 6662
Epoch 6663
Epoch 6664
Epoch 6665
Epoch 6666
Epoch 6667
Epoch 6668
Epoch 6669
Epoch 6670
Epoch 6671
Epoch 6672
Epoch 6673
Epoch 6674
Epoch 6675
Epoch 6676
Epoch 6677
Epoch 6678
Epoch 6679
Epoch 6680
Epoch 6681
Epoch 6682
Epoch 6683
Epoch 6684
Epoch 6685
Epoch 6686
Epoch 6687
Epoch 6688
Epoch 6689
Epoch 6690
Epoch 6691
Epoch 6692
Epoch 6693
Epoch 6694
Epoch 6695
Epoch 6696
Epoch 6697
Epoch 6698
Epoch 6699
Epoch 6700
Epoch 6701
Epoch 6702
Epoch 6703
Epoch 6704
Epoch 6705
Epoch 6706
Epoch 6707
Epoch 6708
Epoch 6709
Epoch 6710
Epoch 6711
Epoch 6712
Epoch 6713
Epoch 6714
Epoch 6715
Epoch 6716
Epoch 6717
Epoch 6718
Epoch 6719
Epoch 6720
Epoch 6721
Epoch 6722
Epoch 6723
Epoch 6724
Epoch 6725
Epoch 6726
Epoch 6727
Epoch 6728
Epoch 6729
Epoch 6730
Epoch 6731
Epoch 6732
Epoch 6733
Epoch 6734
Epoch 6735
Epoch 6736
Epoch 6737
Epoch 6738
Epoch 6739
Epoch 6740
Epoch 6741
Epoch 6742
Epoch 6743
Epoch 6744
Epoch 6745
Epoch 6746
Epoch 6747
Epoch 6748
Epoch 6749
Epoch 6750
Epoch 6751
Epoch 6752
Epoch 6753
Epoch 6754
Epoch 6755
Epoch 6756
Epoch 6757
Epoch 6758
Epoch 6759
Epoch 6760
Epoch 6761
Epoch 6762
Epoch 6763
Epoch 6764
Epoch 6765
Epoch 6766
Epoch 6767
Epoch 6768
Epoch 6769
Epoch 6770
Epoch 6771
Epoch 6772
Epoch 6773
Epoch 6774
Epoch 6775
Epoch 6776
Epoch 6777
Epoch 6778
Epoch 6779
Epoch 6780
Epoch 6781
Epoch 6782
Epoch 6783
Epoch 6784
Epoch 6785
Epoch 6786
Epoch 6787
Epoch 6788
Epoch 6789
Epoch 6790
Epoch 6791
Epoch 6792
Epoch 6793
Epoch 6794
Epoch 6795
Epoch 6796
Epoch 6797
Epoch 6798
Epoch 6799
Epoch 6800
Epoch 6801
Epoch 6802
Epoch 6803
Epoch 6804
Epoch 6805
Epoch 6806
Epoch 6807
Epoch 6808
Epoch 6809
Epoch 6810
Epoch 6811
Epoch 6812
Epoch 6813
Epoch 6814
Epoch 6815
Epoch 6816
Epoch 6817
Epoch 6818
Epoch 6819
Epoch 6820
Epoch 6821
Epoch 6822
Epoch 6823
Epoch 6824
Epoch 6825
Epoch 6826
Epoch 6827
Epoch 6828
Epoch 6829
Epoch 6830
Epoch 6831
Epoch 6832
Epoch 6833
Epoch 6834
Epoch 6835
Epoch 6836
Epoch 6837
Epoch 6838
Epoch 6839
Epoch 6840
Epoch 6841
Epoch 6842
Epoch 6843
Epoch 6844
Epoch 6845
Epoch 6846
Epoch 6847
Epoch 6848
Epoch 6849
Epoch 6850
Epoch 6851
Epoch 6852
Epoch 6853
Epoch 6854
Epoch 6855
Epoch 6856
Epoch 6857
Epoch 6858
Epoch 6859
Epoch 6860
Epoch 6861
Epoch 6862
Epoch 6863
Epoch 6864
Epoch 6865
Epoch 6866
Epoch 6867
Epoch 6868
Epoch 6869
Epoch 6870
Epoch 6871
Epoch 6872
Epoch 6873
Epoch 6874
Epoch 6875
Epoch 6876
Epoch 6877
Epoch 6878
Epoch 6879
Epoch 6880
Epoch 6881
Epoch 6882
Epoch 6883
Epoch 6884
Epoch 6885
Epoch 6886
Epoch 6887
Epoch 6888
Epoch 6889
Epoch 6890
Epoch 6891
Epoch 6892
Epoch 6893
Epoch 6894
Epoch 6895
Epoch 6896
Epoch 6897
Epoch 6898
Epoch 6899
Epoch 6900
Epoch 6901
Epoch 6902
Epoch 6903
Epoch 6904
Epoch 6905
Epoch 6906
Epoch 6907
Epoch 6908
Epoch 6909
Epoch 6910
Epoch 6911
Epoch 6912
Epoch 6913
Epoch 6914
Epoch 6915
Epoch 6916
Epoch 6917
Epoch 6918
Epoch 6919
Epoch 6920
Epoch 6921
Epoch 6922
Epoch 6923
Epoch 6924
Epoch 6925
Epoch 6926
Epoch 6927
Epoch 6928
Epoch 6929
Epoch 6930
Epoch 6931
Epoch 6932
Epoch 6933
Epoch 6934
Epoch 6935
Epoch 6936
Epoch 6937
Epoch 6938
Epoch 6939
Epoch 6940
Epoch 6941
Epoch 6942
Epoch 6943
Epoch 6944
Epoch 6945
Epoch 6946
Epoch 6947
Epoch 6948
Epoch 6949
Epoch 6950
Epoch 6951
Epoch 6952
Epoch 6953
Epoch 6954
Epoch 6955
Epoch 6956
Epoch 6957
Epoch 6958
Epoch 6959
Epoch 6960
Epoch 6961
Epoch 6962
Epoch 6963
Epoch 6964
Epoch 6965
Epoch 6966
Epoch 6967
Epoch 6968
Epoch 6969
Epoch 6970
Epoch 6971
Epoch 6972
Epoch 6973
Epoch 6974
Epoch 6975
Epoch 6976
Epoch 6977
Epoch 6978
Epoch 6979
Epoch 6980
Epoch 6981
Epoch 6982
Epoch 6983
Epoch 6984
Epoch 6985
Epoch 6986
Epoch 6987
Epoch 6988
Epoch 6989
Epoch 6990
Epoch 6991
Epoch 6992
Epoch 6993
Epoch 6994
Epoch 6995
Epoch 6996
Epoch 6997
Epoch 6998
Epoch 6999
Epoch 7000
Epoch 7001
Epoch 7002
Epoch 7003
Epoch 7004
Epoch 7005
Epoch 7006
Epoch 7007
Epoch 7008
Epoch 7009
Epoch 7010
Epoch 7011
Epoch 7012
Epoch 7013
Epoch 7014
Epoch 7015
Epoch 7016
Epoch 7017
Epoch 7018
Epoch 7019
Epoch 7020
Epoch 7021
Epoch 7022
Epoch 7023
Epoch 7024
Epoch 7025
Epoch 7026
Epoch 7027
Epoch 7028
Epoch 7029
Epoch 7030
Epoch 7031
Epoch 7032
Epoch 7033
Epoch 7034
Epoch 7035
Epoch 7036
Epoch 7037
Epoch 7038
Epoch 7039
Epoch 7040
Epoch 7041
Epoch 7042
Epoch 7043
Epoch 7044
Epoch 7045
Epoch 7046
Epoch 7047
Epoch 7048
Epoch 7049
Epoch 7050
Epoch 7051
Epoch 7052
Epoch 7053
Epoch 7054
Epoch 7055
Epoch 7056
Epoch 7057
Epoch 7058
Epoch 7059
Epoch 7060
Epoch 7061
Epoch 7062
Epoch 7063
Epoch 7064
Epoch 7065
Epoch 7066
Epoch 7067
Epoch 7068
Epoch 7069
Epoch 7070
Epoch 7071
Epoch 7072
Epoch 7073
Epoch 7074
Epoch 7075
Epoch 7076
Epoch 7077
Epoch 7078
Epoch 7079
Epoch 7080
Epoch 7081
Epoch 7082
Epoch 7083
Epoch 7084
Epoch 7085
Epoch 7086
Epoch 7087
Epoch 7088
Epoch 7089
Epoch 7090
Epoch 7091
Epoch 7092
Epoch 7093
Epoch 7094
Epoch 7095
Epoch 7096
Epoch 7097
Epoch 7098
Epoch 7099
Epoch 7100
Epoch 7101
Epoch 7102
Epoch 7103
Epoch 7104
Epoch 7105
Epoch 7106
Epoch 7107
Epoch 7108
Epoch 7109
Epoch 7110
Epoch 7111
Epoch 7112
Epoch 7113
Epoch 7114
Epoch 7115
Epoch 7116
Epoch 7117
Epoch 7118
Epoch 7119
Epoch 7120
Epoch 7121
Epoch 7122
Epoch 7123
Epoch 7124
Epoch 7125
Epoch 7126
Epoch 7127
Epoch 7128
Epoch 7129
Epoch 7130
Epoch 7131
Epoch 7132
Epoch 7133
Epoch 7134
Epoch 7135
Epoch 7136
Epoch 7137
Epoch 7138
Epoch 7139
Epoch 7140
Epoch 7141
Epoch 7142
Epoch 7143
Epoch 7144
Epoch 7145
Epoch 7146
Epoch 7147
Epoch 7148
Epoch 7149
Epoch 7150
Epoch 7151
Epoch 7152
Epoch 7153
Epoch 7154
Epoch 7155
Epoch 7156
Epoch 7157
Epoch 7158
Epoch 7159
Epoch 7160
Epoch 7161
Epoch 7162
Epoch 7163
Epoch 7164
Epoch 7165
Epoch 7166
Epoch 7167
Epoch 7168
Epoch 7169
Epoch 7170
Epoch 7171
Epoch 7172
Epoch 7173
Epoch 7174
Epoch 7175
Epoch 7176
Epoch 7177
Epoch 7178
Epoch 7179
Epoch 7180
Epoch 7181
Epoch 7182
Epoch 7183
Epoch 7184
Epoch 7185
Epoch 7186
Epoch 7187
Epoch 7188
Epoch 7189
Epoch 7190
Epoch 7191
Epoch 7192
Epoch 7193
Epoch 7194
Epoch 7195
Epoch 7196
Epoch 7197
Epoch 7198
Epoch 7199
Epoch 7200
Epoch 7201
Epoch 7202
Epoch 7203
Epoch 7204
Epoch 7205
Epoch 7206
Epoch 7207
Epoch 7208
Epoch 7209
Epoch 7210
Epoch 7211
Epoch 7212
Epoch 7213
Epoch 7214
Epoch 7215
Epoch 7216
Epoch 7217
Epoch 7218
Epoch 7219
Epoch 7220
Epoch 7221
Epoch 7222
Epoch 7223
Epoch 7224
Epoch 7225
Epoch 7226
Epoch 7227
Epoch 7228
Epoch 7229
Epoch 7230
Epoch 7231
Epoch 7232
Epoch 7233
Epoch 7234
Epoch 7235
Epoch 7236
Epoch 7237
Epoch 7238
Epoch 7239
Epoch 7240
Epoch 7241
Epoch 7242
Epoch 7243
Epoch 7244
Epoch 7245
Epoch 7246
Epoch 7247
Epoch 7248
Epoch 7249
Epoch 7250
Epoch 7251
Epoch 7252
Epoch 7253
Epoch 7254
Epoch 7255
Epoch 7256
Epoch 7257
Epoch 7258
Epoch 7259
Epoch 7260
Epoch 7261
Epoch 7262
Epoch 7263
Epoch 7264
Epoch 7265
Epoch 7266
Epoch 7267
Epoch 7268
Epoch 7269
Epoch 7270
Epoch 7271
Epoch 7272
Epoch 7273
Epoch 7274
Epoch 7275
Epoch 7276
Epoch 7277
Epoch 7278
Epoch 7279
Epoch 7280
Epoch 7281
Epoch 7282
Epoch 7283
Epoch 7284
Epoch 7285
Epoch 7286
Epoch 7287
Epoch 7288
Epoch 7289
Epoch 7290
Epoch 7291
Epoch 7292
Epoch 7293
Epoch 7294
Epoch 7295
Epoch 7296
Epoch 7297
Epoch 7298
Epoch 7299
Epoch 7300
Epoch 7301
Epoch 7302
Epoch 7303
Epoch 7304
Epoch 7305
Epoch 7306
Epoch 7307
Epoch 7308
Epoch 7309
Epoch 7310
Epoch 7311
Epoch 7312
Epoch 7313
Epoch 7314
Epoch 7315
Epoch 7316
Epoch 7317
Epoch 7318
Epoch 7319
Epoch 7320
Epoch 7321
Epoch 7322
Epoch 7323
Epoch 7324
Epoch 7325
Epoch 7326
Epoch 7327
Epoch 7328
Epoch 7329
Epoch 7330
Epoch 7331
Epoch 7332
Epoch 7333
Epoch 7334
Epoch 7335
Epoch 7336
Epoch 7337
Epoch 7338
Epoch 7339
Epoch 7340
Epoch 7341
Epoch 7342
Epoch 7343
Epoch 7344
Epoch 7345
Epoch 7346
Epoch 7347
Epoch 7348
Epoch 7349
Epoch 7350
Epoch 7351
Epoch 7352
Epoch 7353
Epoch 7354
Epoch 7355
Epoch 7356
Epoch 7357
Epoch 7358
Epoch 7359
Epoch 7360
Epoch 7361
Epoch 7362
Epoch 7363
Epoch 7364
Epoch 7365
Epoch 7366
Epoch 7367
Epoch 7368
Epoch 7369
Epoch 7370
Epoch 7371
Epoch 7372
Epoch 7373
Epoch 7374
Epoch 7375
Epoch 7376
Epoch 7377
Epoch 7378
Epoch 7379
Epoch 7380
Epoch 7381
Epoch 7382
Epoch 7383
Epoch 7384
Epoch 7385
Epoch 7386
Epoch 7387
Epoch 7388
Epoch 7389
Epoch 7390
Epoch 7391
Epoch 7392
Epoch 7393
Epoch 7394
Epoch 7395
Epoch 7396
Epoch 7397
Epoch 7398
Epoch 7399
Epoch 7400
Epoch 7401
Epoch 7402
Epoch 7403
Epoch 7404
Epoch 7405
Epoch 7406
Epoch 7407
Epoch 7408
Epoch 7409
Epoch 7410
Epoch 7411
Epoch 7412
Epoch 7413
Epoch 7414
Epoch 7415
Epoch 7416
Epoch 7417
Epoch 7418
Epoch 7419
Epoch 7420
Epoch 7421
Epoch 7422
Epoch 7423
Epoch 7424
Epoch 7425
Epoch 7426
Epoch 7427
Epoch 7428
Epoch 7429
Epoch 7430
Epoch 7431
Epoch 7432
Epoch 7433
Epoch 7434
Epoch 7435
Epoch 7436
Epoch 7437
Epoch 7438
Epoch 7439
Epoch 7440
Epoch 7441
Epoch 7442
Epoch 7443
Epoch 7444
Epoch 7445
Epoch 7446
Epoch 7447
Epoch 7448
Epoch 7449
Epoch 7450
Epoch 7451
Epoch 7452
Epoch 7453
Epoch 7454
Epoch 7455
Epoch 7456
Epoch 7457
Epoch 7458
Epoch 7459
Epoch 7460
Epoch 7461
Epoch 7462
Epoch 7463
Epoch 7464
Epoch 7465
Epoch 7466
Epoch 7467
Epoch 7468
Epoch 7469
Epoch 7470
Epoch 7471
Epoch 7472
Epoch 7473
Epoch 7474
Epoch 7475
Epoch 7476
Epoch 7477
Epoch 7478
Epoch 7479
Epoch 7480
Epoch 7481
Epoch 7482
Epoch 7483
Epoch 7484
Epoch 7485
Epoch 7486
Epoch 7487
Epoch 7488
Epoch 7489
Epoch 7490
Epoch 7491
Epoch 7492
Epoch 7493
Epoch 7494
Epoch 7495
Epoch 7496
Epoch 7497
Epoch 7498
Epoch 7499
Epoch 7500
Epoch 7501
Epoch 7502
Epoch 7503
Epoch 7504
Epoch 7505
Epoch 7506
Epoch 7507
Epoch 7508
Epoch 7509
Epoch 7510
Epoch 7511
Epoch 7512
Epoch 7513
Epoch 7514
Epoch 7515
Epoch 7516
Epoch 7517
Epoch 7518
Epoch 7519
Epoch 7520
Epoch 7521
Epoch 7522
Epoch 7523
Epoch 7524
Epoch 7525
Epoch 7526
Epoch 7527
Epoch 7528
Epoch 7529
Epoch 7530
Epoch 7531
Epoch 7532
Epoch 7533
Epoch 7534
Epoch 7535
Epoch 7536
Epoch 7537
Epoch 7538
Epoch 7539
Epoch 7540
Epoch 7541
Epoch 7542
Epoch 7543
Epoch 7544
Epoch 7545
Epoch 7546
Epoch 7547
Epoch 7548
Epoch 7549
Epoch 7550
Epoch 7551
Epoch 7552
Epoch 7553
Epoch 7554
Epoch 7555
Epoch 7556
Epoch 7557
Epoch 7558
Epoch 7559
Epoch 7560
Epoch 7561
Epoch 7562
Epoch 7563
Epoch 7564
Epoch 7565
Epoch 7566
Epoch 7567
Epoch 7568
Epoch 7569
Epoch 7570
Epoch 7571
Epoch 7572
Epoch 7573
Epoch 7574
Epoch 7575
Epoch 7576
Epoch 7577
Epoch 7578
Epoch 7579
Epoch 7580
Epoch 7581
Epoch 7582
Epoch 7583
Epoch 7584
Epoch 7585
Epoch 7586
Epoch 7587
Epoch 7588
Epoch 7589
Epoch 7590
Epoch 7591
Epoch 7592
Epoch 7593
Epoch 7594
Epoch 7595
Epoch 7596
Epoch 7597
Epoch 7598
Epoch 7599
Epoch 7600
Epoch 7601
Epoch 7602
Epoch 7603
Epoch 7604
Epoch 7605
Epoch 7606
Epoch 7607
Epoch 7608
Epoch 7609
Epoch 7610
Epoch 7611
Epoch 7612
Epoch 7613
Epoch 7614
Epoch 7615
Epoch 7616
Epoch 7617
Epoch 7618
Epoch 7619
Epoch 7620
Epoch 7621
Epoch 7622
Epoch 7623
Epoch 7624
Epoch 7625
Epoch 7626
Epoch 7627
Epoch 7628
Epoch 7629
Epoch 7630
Epoch 7631
Epoch 7632
Epoch 7633
Epoch 7634
Epoch 7635
Epoch 7636
Epoch 7637
Epoch 7638
Epoch 7639
Epoch 7640
Epoch 7641
Epoch 7642
Epoch 7643
Epoch 7644
Epoch 7645
Epoch 7646
Epoch 7647
Epoch 7648
Epoch 7649
Epoch 7650
Epoch 7651
Epoch 7652
Epoch 7653
Epoch 7654
Epoch 7655
Epoch 7656
Epoch 7657
Epoch 7658
Epoch 7659
Epoch 7660
Epoch 7661
Epoch 7662
Epoch 7663
Epoch 7664
Epoch 7665
Epoch 7666
Epoch 7667
Epoch 7668
Epoch 7669
Epoch 7670
Epoch 7671
Epoch 7672
Epoch 7673
Epoch 7674
Epoch 7675
Epoch 7676
Epoch 7677
Epoch 7678
Epoch 7679
Epoch 7680
Epoch 7681
Epoch 7682
Epoch 7683
Epoch 7684
Epoch 7685
Epoch 7686
Epoch 7687
Epoch 7688
Epoch 7689
Epoch 7690
Epoch 7691
Epoch 7692
Epoch 7693
Epoch 7694
Epoch 7695
Epoch 7696
Epoch 7697
Epoch 7698
Epoch 7699
Epoch 7700
Epoch 7701
Epoch 7702
Epoch 7703
Epoch 7704
Epoch 7705
Epoch 7706
Epoch 7707
Epoch 7708
Epoch 7709
Epoch 7710
Epoch 7711
Epoch 7712
Epoch 7713
Epoch 7714
Epoch 7715
Epoch 7716
Epoch 7717
Epoch 7718
Epoch 7719
Epoch 7720
Epoch 7721
Epoch 7722
Epoch 7723
Epoch 7724
Epoch 7725
Epoch 7726
Epoch 7727
Epoch 7728
Epoch 7729
Epoch 7730
Epoch 7731
Epoch 7732
Epoch 7733
Epoch 7734
Epoch 7735
Epoch 7736
Epoch 7737
Epoch 7738
Epoch 7739
Epoch 7740
Epoch 7741
Epoch 7742
Epoch 7743
Epoch 7744
Epoch 7745
Epoch 7746
Epoch 7747
Epoch 7748
Epoch 7749
Epoch 7750
Epoch 7751
Epoch 7752
Epoch 7753
Epoch 7754
Epoch 7755
Epoch 7756
Epoch 7757
Epoch 7758
Epoch 7759
Epoch 7760
Epoch 7761
Epoch 7762
Epoch 7763
Epoch 7764
Epoch 7765
Epoch 7766
Epoch 7767
Epoch 7768
Epoch 7769
Epoch 7770
Epoch 7771
Epoch 7772
Epoch 7773
Epoch 7774
Epoch 7775
Epoch 7776
Epoch 7777
Epoch 7778
Epoch 7779
Epoch 7780
Epoch 7781
Epoch 7782
Epoch 7783
Epoch 7784
Epoch 7785
Epoch 7786
Epoch 7787
Epoch 7788
Epoch 7789
Epoch 7790
Epoch 7791
Epoch 7792
Epoch 7793
Epoch 7794
Epoch 7795
Epoch 7796
Epoch 7797
Epoch 7798
Epoch 7799
Epoch 7800
Epoch 7801
Epoch 7802
Epoch 7803
Epoch 7804
Epoch 7805
Epoch 7806
Epoch 7807
Epoch 7808
Epoch 7809
Epoch 7810
Epoch 7811
Epoch 7812
Epoch 7813
Epoch 7814
Epoch 7815
Epoch 7816
Epoch 7817
Epoch 7818
Epoch 7819
Epoch 7820
Epoch 7821
Epoch 7822
Epoch 7823
Epoch 7824
Epoch 7825
Epoch 7826
Epoch 7827
Epoch 7828
Epoch 7829
Epoch 7830
Epoch 7831
Epoch 7832
Epoch 7833
Epoch 7834
Epoch 7835
Epoch 7836
Epoch 7837
Epoch 7838
Epoch 7839
Epoch 7840
Epoch 7841
Epoch 7842
Epoch 7843
Epoch 7844
Epoch 7845
Epoch 7846
Epoch 7847
Epoch 7848
Epoch 7849
Epoch 7850
Epoch 7851
Epoch 7852
Epoch 7853
Epoch 7854
Epoch 7855
Epoch 7856
Epoch 7857
Epoch 7858
Epoch 7859
Epoch 7860
Epoch 7861
Epoch 7862
Epoch 7863
Epoch 7864
Epoch 7865
Epoch 7866
Epoch 7867
Epoch 7868
Epoch 7869
Epoch 7870
Epoch 7871
Epoch 7872
Epoch 7873
Epoch 7874
Epoch 7875
Epoch 7876
Epoch 7877
Epoch 7878
Epoch 7879
Epoch 7880
Epoch 7881
Epoch 7882
Epoch 7883
Epoch 7884
Epoch 7885
Epoch 7886
Epoch 7887
Epoch 7888
Epoch 7889
Epoch 7890
Epoch 7891
Epoch 7892
Epoch 7893
Epoch 7894
Epoch 7895
Epoch 7896
Epoch 7897
Epoch 7898
Epoch 7899
Epoch 7900
Epoch 7901
Epoch 7902
Epoch 7903
Epoch 7904
Epoch 7905
Epoch 7906
Epoch 7907
Epoch 7908
Epoch 7909
Epoch 7910
Epoch 7911
Epoch 7912
Epoch 7913
Epoch 7914
Epoch 7915
Epoch 7916
Epoch 7917
Epoch 7918
Epoch 7919
Epoch 7920
Epoch 7921
Epoch 7922
Epoch 7923
Epoch 7924
Epoch 7925
Epoch 7926
Epoch 7927
Epoch 7928
Epoch 7929
Epoch 7930
Epoch 7931
Epoch 7932
Epoch 7933
Epoch 7934
Epoch 7935
Epoch 7936
Epoch 7937
Epoch 7938
Epoch 7939
Epoch 7940
Epoch 7941
Epoch 7942
Epoch 7943
Epoch 7944
Epoch 7945
Epoch 7946
Epoch 7947
Epoch 7948
Epoch 7949
Epoch 7950
Epoch 7951
Epoch 7952
Epoch 7953
Epoch 7954
Epoch 7955
Epoch 7956
Epoch 7957
Epoch 7958
Epoch 7959
Epoch 7960
Epoch 7961
Epoch 7962
Epoch 7963
Epoch 7964
Epoch 7965
Epoch 7966
Epoch 7967
Epoch 7968
Epoch 7969
Epoch 7970
Epoch 7971
Epoch 7972
Epoch 7973
Epoch 7974
Epoch 7975
Epoch 7976
Epoch 7977
Epoch 7978
Epoch 7979
Epoch 7980
Epoch 7981
Epoch 7982
Epoch 7983
Epoch 7984
Epoch 7985
Epoch 7986
Epoch 7987
Epoch 7988
Epoch 7989
Epoch 7990
Epoch 7991
Epoch 7992
Epoch 7993
Epoch 7994
Epoch 7995
Epoch 7996
Epoch 7997
Epoch 7998
Epoch 7999
Epoch 8000
Epoch 8001
Epoch 8002
Epoch 8003
Epoch 8004
Epoch 8005
Epoch 8006
Epoch 8007
Epoch 8008
Epoch 8009
Epoch 8010
Epoch 8011
Epoch 8012
Epoch 8013
Epoch 8014
Epoch 8015
Epoch 8016
Epoch 8017
Epoch 8018
Epoch 8019
Epoch 8020
Epoch 8021
Epoch 8022
Epoch 8023
Epoch 8024
Epoch 8025
Epoch 8026
Epoch 8027
Epoch 8028
Epoch 8029
Epoch 8030
Epoch 8031
Epoch 8032
Epoch 8033
Epoch 8034
Epoch 8035
Epoch 8036
Epoch 8037
Epoch 8038
Epoch 8039
Epoch 8040
Epoch 8041
Epoch 8042
Epoch 8043
Epoch 8044
Epoch 8045
Epoch 8046
Epoch 8047
Epoch 8048
Epoch 8049
Epoch 8050
Epoch 8051
Epoch 8052
Epoch 8053
Epoch 8054
Epoch 8055
Epoch 8056
Epoch 8057
Epoch 8058
Epoch 8059
Epoch 8060
Epoch 8061
Epoch 8062
Epoch 8063
Epoch 8064
Epoch 8065
Epoch 8066
Epoch 8067
Epoch 8068
Epoch 8069
Epoch 8070
Epoch 8071
Epoch 8072
Epoch 8073
Epoch 8074
Epoch 8075
Epoch 8076
Epoch 8077
Epoch 8078
Epoch 8079
Epoch 8080
Epoch 8081
Epoch 8082
Epoch 8083
Epoch 8084
Epoch 8085
Epoch 8086
Epoch 8087
Epoch 8088
Epoch 8089
Epoch 8090
Epoch 8091
Epoch 8092
Epoch 8093
Epoch 8094
Epoch 8095
Epoch 8096
Epoch 8097
Epoch 8098
Epoch 8099
Epoch 8100
Epoch 8101
Epoch 8102
Epoch 8103
Epoch 8104
Epoch 8105
Epoch 8106
Epoch 8107
Epoch 8108
Epoch 8109
Epoch 8110
Epoch 8111
Epoch 8112
Epoch 8113
Epoch 8114
Epoch 8115
Epoch 8116
Epoch 8117
Epoch 8118
Epoch 8119
Epoch 8120
Epoch 8121
Epoch 8122
Epoch 8123
Epoch 8124
Epoch 8125
Epoch 8126
Epoch 8127
Epoch 8128
Epoch 8129
Epoch 8130
Epoch 8131
Epoch 8132
Epoch 8133
Epoch 8134
Epoch 8135
Epoch 8136
Epoch 8137
Epoch 8138
Epoch 8139
Epoch 8140
Epoch 8141
Epoch 8142
Epoch 8143
Epoch 8144
Epoch 8145
Epoch 8146
Epoch 8147
Epoch 8148
Epoch 8149
Epoch 8150
Epoch 8151
Epoch 8152
Epoch 8153
Epoch 8154
Epoch 8155
Epoch 8156
Epoch 8157
Epoch 8158
Epoch 8159
Epoch 8160
Epoch 8161
Epoch 8162
Epoch 8163
Epoch 8164
Epoch 8165
Epoch 8166
Epoch 8167
Epoch 8168
Epoch 8169
Epoch 8170
Epoch 8171
Epoch 8172
Epoch 8173
Epoch 8174
Epoch 8175
Epoch 8176
Epoch 8177
Epoch 8178
Epoch 8179
Epoch 8180
Epoch 8181
Epoch 8182
Epoch 8183
Epoch 8184
Epoch 8185
Epoch 8186
Epoch 8187
Epoch 8188
Epoch 8189
Epoch 8190
Epoch 8191
Epoch 8192
Epoch 8193
Epoch 8194
Epoch 8195
Epoch 8196
Epoch 8197
Epoch 8198
Epoch 8199
Epoch 8200
Epoch 8201
Epoch 8202
Epoch 8203
Epoch 8204
Epoch 8205
Epoch 8206
Epoch 8207
Epoch 8208
Epoch 8209
Epoch 8210
Epoch 8211
Epoch 8212
Epoch 8213
Epoch 8214
Epoch 8215
Epoch 8216
Epoch 8217
Epoch 8218
Epoch 8219
Epoch 8220
Epoch 8221
Epoch 8222
Epoch 8223
Epoch 8224
Epoch 8225
Epoch 8226
Epoch 8227
Epoch 8228
Epoch 8229
Epoch 8230
Epoch 8231
Epoch 8232
Epoch 8233
Epoch 8234
Epoch 8235
Epoch 8236
Epoch 8237
Epoch 8238
Epoch 8239
Epoch 8240
Epoch 8241
Epoch 8242
Epoch 8243
Epoch 8244
Epoch 8245
Epoch 8246
Epoch 8247
Epoch 8248
Epoch 8249
Epoch 8250
Epoch 8251
Epoch 8252
Epoch 8253
Epoch 8254
Epoch 8255
Epoch 8256
Epoch 8257
Epoch 8258
Epoch 8259
Epoch 8260
Epoch 8261
Epoch 8262
Epoch 8263
Epoch 8264
Epoch 8265
Epoch 8266
Epoch 8267
Epoch 8268
Epoch 8269
Epoch 8270
Epoch 8271
Epoch 8272
Epoch 8273
Epoch 8274
Epoch 8275
Epoch 8276
Epoch 8277
Epoch 8278
Epoch 8279
Epoch 8280
Epoch 8281
Epoch 8282
Epoch 8283
Epoch 8284
Epoch 8285
Epoch 8286
Epoch 8287
Epoch 8288
Epoch 8289
Epoch 8290
Epoch 8291
Epoch 8292
Epoch 8293
Epoch 8294
Epoch 8295
Epoch 8296
Epoch 8297
Epoch 8298
Epoch 8299
Epoch 8300
Epoch 8301
Epoch 8302
Epoch 8303
Epoch 8304
Epoch 8305
Epoch 8306
Epoch 8307
Epoch 8308
Epoch 8309
Epoch 8310
Epoch 8311
Epoch 8312
Epoch 8313
Epoch 8314
Epoch 8315
Epoch 8316
Epoch 8317
Epoch 8318
Epoch 8319
Epoch 8320
Epoch 8321
Epoch 8322
Epoch 8323
Epoch 8324
Epoch 8325
Epoch 8326
Epoch 8327
Epoch 8328
Epoch 8329
Epoch 8330
Epoch 8331
Epoch 8332
Epoch 8333
Epoch 8334
Epoch 8335
Epoch 8336
Epoch 8337
Epoch 8338
Epoch 8339
Epoch 8340
Epoch 8341
Epoch 8342
Epoch 8343
Epoch 8344
Epoch 8345
Epoch 8346
Epoch 8347
Epoch 8348
Epoch 8349
Epoch 8350
Epoch 8351
Epoch 8352
Epoch 8353
Epoch 8354
Epoch 8355
Epoch 8356
Epoch 8357
Epoch 8358
Epoch 8359
Epoch 8360
Epoch 8361
Epoch 8362
Epoch 8363
Epoch 8364
Epoch 8365
Epoch 8366
Epoch 8367
Epoch 8368
Epoch 8369
Epoch 8370
Epoch 8371
Epoch 8372
Epoch 8373
Epoch 8374
Epoch 8375
Epoch 8376
Epoch 8377
Epoch 8378
Epoch 8379
Epoch 8380
Epoch 8381
Epoch 8382
Epoch 8383
Epoch 8384
Epoch 8385
Epoch 8386
Epoch 8387
Epoch 8388
Epoch 8389
Epoch 8390
Epoch 8391
Epoch 8392
Epoch 8393
Epoch 8394
Epoch 8395
Epoch 8396
Epoch 8397
Epoch 8398
Epoch 8399
Epoch 8400
Epoch 8401
Epoch 8402
Epoch 8403
Epoch 8404
Epoch 8405
Epoch 8406
Epoch 8407
Epoch 8408
Epoch 8409
Epoch 8410
Epoch 8411
Epoch 8412
Epoch 8413
Epoch 8414
Epoch 8415
Epoch 8416
Epoch 8417
Epoch 8418
Epoch 8419
Epoch 8420
Epoch 8421
Epoch 8422
Epoch 8423
Epoch 8424
Epoch 8425
Epoch 8426
Epoch 8427
Epoch 8428
Epoch 8429
Epoch 8430
Epoch 8431
Epoch 8432
Epoch 8433
Epoch 8434
Epoch 8435
Epoch 8436
Epoch 8437
Epoch 8438
Epoch 8439
Epoch 8440
Epoch 8441
Epoch 8442
Epoch 8443
Epoch 8444
Epoch 8445
Epoch 8446
Epoch 8447
Epoch 8448
Epoch 8449
Epoch 8450
Epoch 8451
Epoch 8452
Epoch 8453
Epoch 8454
Epoch 8455
Epoch 8456
Epoch 8457
Epoch 8458
Epoch 8459
Epoch 8460
Epoch 8461
Epoch 8462
Epoch 8463
Epoch 8464
Epoch 8465
Epoch 8466
Epoch 8467
Epoch 8468
Epoch 8469
Epoch 8470
Epoch 8471
Epoch 8472
Epoch 8473
Epoch 8474
Epoch 8475
Epoch 8476
Epoch 8477
Epoch 8478
Epoch 8479
Epoch 8480
Epoch 8481
Epoch 8482
Epoch 8483
Epoch 8484
Epoch 8485
Epoch 8486
Epoch 8487
Epoch 8488
Epoch 8489
Epoch 8490
Epoch 8491
Epoch 8492
Epoch 8493
Epoch 8494
Epoch 8495
Epoch 8496
Epoch 8497
Epoch 8498
Epoch 8499
Epoch 8500
Epoch 8501
Epoch 8502
Epoch 8503
Epoch 8504
Epoch 8505
Epoch 8506
Epoch 8507
Epoch 8508
Epoch 8509
Epoch 8510
Epoch 8511
Epoch 8512
Epoch 8513
Epoch 8514
Epoch 8515
Epoch 8516
Epoch 8517
Epoch 8518
Epoch 8519
Epoch 8520
Epoch 8521
Epoch 8522
Epoch 8523
Epoch 8524
Epoch 8525
Epoch 8526
Epoch 8527
Epoch 8528
Epoch 8529
Epoch 8530
Epoch 8531
Epoch 8532
Epoch 8533
Epoch 8534
Epoch 8535
Epoch 8536
Epoch 8537
Epoch 8538
Epoch 8539
Epoch 8540
Epoch 8541
Epoch 8542
Epoch 8543
Epoch 8544
Epoch 8545
Epoch 8546
Epoch 8547
Epoch 8548
Epoch 8549
Epoch 8550
Epoch 8551
Epoch 8552
Epoch 8553
Epoch 8554
Epoch 8555
Epoch 8556
Epoch 8557
Epoch 8558
Epoch 8559
Epoch 8560
Epoch 8561
Epoch 8562
Epoch 8563
Epoch 8564
Epoch 8565
Epoch 8566
Epoch 8567
Epoch 8568
Epoch 8569
Epoch 8570
Epoch 8571
Epoch 8572
Epoch 8573
Epoch 8574
Epoch 8575
Epoch 8576
Epoch 8577
Epoch 8578
Epoch 8579
Epoch 8580
Epoch 8581
Epoch 8582
Epoch 8583
Epoch 8584
Epoch 8585
Epoch 8586
Epoch 8587
Epoch 8588
Epoch 8589
Epoch 8590
Epoch 8591
Epoch 8592
Epoch 8593
Epoch 8594
Epoch 8595
Epoch 8596
Epoch 8597
Epoch 8598
Epoch 8599
Epoch 8600
Epoch 8601
Epoch 8602
Epoch 8603
Epoch 8604
Epoch 8605
Epoch 8606
Epoch 8607
Epoch 8608
Epoch 8609
Epoch 8610
Epoch 8611
Epoch 8612
Epoch 8613
Epoch 8614
Epoch 8615
Epoch 8616
Epoch 8617
Epoch 8618
Epoch 8619
Epoch 8620
Epoch 8621
Epoch 8622
Epoch 8623
Epoch 8624
Epoch 8625
Epoch 8626
Epoch 8627
Epoch 8628
Epoch 8629
Epoch 8630
Epoch 8631
Epoch 8632
Epoch 8633
Epoch 8634
Epoch 8635
Epoch 8636
Epoch 8637
Epoch 8638
Epoch 8639
Epoch 8640
Epoch 8641
Epoch 8642
Epoch 8643
Epoch 8644
Epoch 8645
Epoch 8646
Epoch 8647
Epoch 8648
Epoch 8649
Epoch 8650
Epoch 8651
Epoch 8652
Epoch 8653
Epoch 8654
Epoch 8655
Epoch 8656
Epoch 8657
Epoch 8658
Epoch 8659
Epoch 8660
Epoch 8661
Epoch 8662
Epoch 8663
Epoch 8664
Epoch 8665
Epoch 8666
Epoch 8667
Epoch 8668
Epoch 8669
Epoch 8670
Epoch 8671
Epoch 8672
Epoch 8673
Epoch 8674
Epoch 8675
Epoch 8676
Epoch 8677
Epoch 8678
Epoch 8679
Epoch 8680
Epoch 8681
Epoch 8682
Epoch 8683
Epoch 8684
Epoch 8685
Epoch 8686
Epoch 8687
Epoch 8688
Epoch 8689
Epoch 8690
Epoch 8691
Epoch 8692
Epoch 8693
Epoch 8694
Epoch 8695
Epoch 8696
Epoch 8697
Epoch 8698
Epoch 8699
Epoch 8700
Epoch 8701
Epoch 8702
Epoch 8703
Epoch 8704
Epoch 8705
Epoch 8706
Epoch 8707
Epoch 8708
Epoch 8709
Epoch 8710
Epoch 8711
Epoch 8712
Epoch 8713
Epoch 8714
Epoch 8715
Epoch 8716
Epoch 8717
Epoch 8718
Epoch 8719
Epoch 8720
Epoch 8721
Epoch 8722
Epoch 8723
Epoch 8724
Epoch 8725
Epoch 8726
Epoch 8727
Epoch 8728
Epoch 8729
Epoch 8730
Epoch 8731
Epoch 8732
Epoch 8733
Epoch 8734
Epoch 8735
Epoch 8736
Epoch 8737
Epoch 8738
Epoch 8739
Epoch 8740
Epoch 8741
Epoch 8742
Epoch 8743
Epoch 8744
Epoch 8745
Epoch 8746
Epoch 8747
Epoch 8748
Epoch 8749
Epoch 8750
Epoch 8751
Epoch 8752
Epoch 8753
Epoch 8754
Epoch 8755
Epoch 8756
Epoch 8757
Epoch 8758
Epoch 8759
Epoch 8760
Epoch 8761
Epoch 8762
Epoch 8763
Epoch 8764
Epoch 8765
Epoch 8766
Epoch 8767
Epoch 8768
Epoch 8769
Epoch 8770
Epoch 8771
Epoch 8772
Epoch 8773
Epoch 8774
Epoch 8775
Epoch 8776
Epoch 8777
Epoch 8778
Epoch 8779
Epoch 8780
Epoch 8781
Epoch 8782
Epoch 8783
Epoch 8784
Epoch 8785
Epoch 8786
Epoch 8787
Epoch 8788
Epoch 8789
Epoch 8790
Epoch 8791
Epoch 8792
Epoch 8793
Epoch 8794
Epoch 8795
Epoch 8796
Epoch 8797
Epoch 8798
Epoch 8799
Epoch 8800
Epoch 8801
Epoch 8802
Epoch 8803
Epoch 8804
Epoch 8805
Epoch 8806
Epoch 8807
Epoch 8808
Epoch 8809
Epoch 8810
Epoch 8811
Epoch 8812
Epoch 8813
Epoch 8814
Epoch 8815
Epoch 8816
Epoch 8817
Epoch 8818
Epoch 8819
Epoch 8820
Epoch 8821
Epoch 8822
Epoch 8823
Epoch 8824
Epoch 8825
Epoch 8826
Epoch 8827
Epoch 8828
Epoch 8829
Epoch 8830
Epoch 8831
Epoch 8832
Epoch 8833
Epoch 8834
Epoch 8835
Epoch 8836
Epoch 8837
Epoch 8838
Epoch 8839
Epoch 8840
Epoch 8841
Epoch 8842
Epoch 8843
Epoch 8844
Epoch 8845
Epoch 8846
Epoch 8847
Epoch 8848
Epoch 8849
Epoch 8850
Epoch 8851
Epoch 8852
Epoch 8853
Epoch 8854
Epoch 8855
Epoch 8856
Epoch 8857
Epoch 8858
Epoch 8859
Epoch 8860
Epoch 8861
Epoch 8862
Epoch 8863
Epoch 8864
Epoch 8865
Epoch 8866
Epoch 8867
Epoch 8868
Epoch 8869
Epoch 8870
Epoch 8871
Epoch 8872
Epoch 8873
Epoch 8874
Epoch 8875
Epoch 8876
Epoch 8877
Epoch 8878
Epoch 8879
Epoch 8880
Epoch 8881
Epoch 8882
Epoch 8883
Epoch 8884
Epoch 8885
Epoch 8886
Epoch 8887
Epoch 8888
Epoch 8889
Epoch 8890
Epoch 8891
Epoch 8892
Epoch 8893
Epoch 8894
Epoch 8895
Epoch 8896
Epoch 8897
Epoch 8898
Epoch 8899
Epoch 8900
Epoch 8901
Epoch 8902
Epoch 8903
Epoch 8904
Epoch 8905
Epoch 8906
Epoch 8907
Epoch 8908
Epoch 8909
Epoch 8910
Epoch 8911
Epoch 8912
Epoch 8913
Epoch 8914
Epoch 8915
Epoch 8916
Epoch 8917
Epoch 8918
Epoch 8919
Epoch 8920
Epoch 8921
Epoch 8922
Epoch 8923
Epoch 8924
Epoch 8925
Epoch 8926
Epoch 8927
Epoch 8928
Epoch 8929
Epoch 8930
Epoch 8931
Epoch 8932
Epoch 8933
Epoch 8934
Epoch 8935
Epoch 8936
Epoch 8937
Epoch 8938
Epoch 8939
Epoch 8940
Epoch 8941
Epoch 8942
Epoch 8943
Epoch 8944
Epoch 8945
Epoch 8946
Epoch 8947
Epoch 8948
Epoch 8949
Epoch 8950
Epoch 8951
Epoch 8952
Epoch 8953
Epoch 8954
Epoch 8955
Epoch 8956
Epoch 8957
Epoch 8958
Epoch 8959
Epoch 8960
Epoch 8961
Epoch 8962
Epoch 8963
Epoch 8964
Epoch 8965
Epoch 8966
Epoch 8967
Epoch 8968
Epoch 8969
Epoch 8970
Epoch 8971
Epoch 8972
Epoch 8973
Epoch 8974
Epoch 8975
Epoch 8976
Epoch 8977
Epoch 8978
Epoch 8979
Epoch 8980
Epoch 8981
Epoch 8982
Epoch 8983
Epoch 8984
Epoch 8985
Epoch 8986
Epoch 8987
Epoch 8988
Epoch 8989
Epoch 8990
Epoch 8991
Epoch 8992
Epoch 8993
Epoch 8994
Epoch 8995
Epoch 8996
Epoch 8997
Epoch 8998
Epoch 8999
Epoch 9000
Epoch 9001
Epoch 9002
Epoch 9003
Epoch 9004
Epoch 9005
Epoch 9006
Epoch 9007
Epoch 9008
Epoch 9009
Epoch 9010
Epoch 9011
Epoch 9012
Epoch 9013
Epoch 9014
Epoch 9015
Epoch 9016
Epoch 9017
Epoch 9018
Epoch 9019
Epoch 9020
Epoch 9021
Epoch 9022
Epoch 9023
Epoch 9024
Epoch 9025
Epoch 9026
Epoch 9027
Epoch 9028
Epoch 9029
Epoch 9030
Epoch 9031
Epoch 9032
Epoch 9033
Epoch 9034
Epoch 9035
Epoch 9036
Epoch 9037
Epoch 9038
Epoch 9039
Epoch 9040
Epoch 9041
Epoch 9042
Epoch 9043
Epoch 9044
Epoch 9045
Epoch 9046
Epoch 9047
Epoch 9048
Epoch 9049
Epoch 9050
Epoch 9051
Epoch 9052
Epoch 9053
Epoch 9054
Epoch 9055
Epoch 9056
Epoch 9057
Epoch 9058
Epoch 9059
Epoch 9060
Epoch 9061
Epoch 9062
Epoch 9063
Epoch 9064
Epoch 9065
Epoch 9066
Epoch 9067
Epoch 9068
Epoch 9069
Epoch 9070
Epoch 9071
Epoch 9072
Epoch 9073
Epoch 9074
Epoch 9075
Epoch 9076
Epoch 9077
Epoch 9078
Epoch 9079
Epoch 9080
Epoch 9081
Epoch 9082
Epoch 9083
Epoch 9084
Epoch 9085
Epoch 9086
Epoch 9087
Epoch 9088
Epoch 9089
Epoch 9090
Epoch 9091
Epoch 9092
Epoch 9093
Epoch 9094
Epoch 9095
Epoch 9096
Epoch 9097
Epoch 9098
Epoch 9099
Epoch 9100
Epoch 9101
Epoch 9102
Epoch 9103
Epoch 9104
Epoch 9105
Epoch 9106
Epoch 9107
Epoch 9108
Epoch 9109
Epoch 9110
Epoch 9111
Epoch 9112
Epoch 9113
Epoch 9114
Epoch 9115
Epoch 9116
Epoch 9117
Epoch 9118
Epoch 9119
Epoch 9120
Epoch 9121
Epoch 9122
Epoch 9123
Epoch 9124
Epoch 9125
Epoch 9126
Epoch 9127
Epoch 9128
Epoch 9129
Epoch 9130
Epoch 9131
Epoch 9132
Epoch 9133
Epoch 9134
Epoch 9135
Epoch 9136
Epoch 9137
Epoch 9138
Epoch 9139
Epoch 9140
Epoch 9141
Epoch 9142
Epoch 9143
Epoch 9144
Epoch 9145
Epoch 9146
Epoch 9147
Epoch 9148
Epoch 9149
Epoch 9150
Epoch 9151
Epoch 9152
Epoch 9153
Epoch 9154
Epoch 9155
Epoch 9156
Epoch 9157
Epoch 9158
Epoch 9159
Epoch 9160
Epoch 9161
Epoch 9162
Epoch 9163
Epoch 9164
Epoch 9165
Epoch 9166
Epoch 9167
Epoch 9168
Epoch 9169
Epoch 9170
Epoch 9171
Epoch 9172
Epoch 9173
Epoch 9174
Epoch 9175
Epoch 9176
Epoch 9177
Epoch 9178
Epoch 9179
Epoch 9180
Epoch 9181
Epoch 9182
Epoch 9183
Epoch 9184
Epoch 9185
Epoch 9186
Epoch 9187
Epoch 9188
Epoch 9189
Epoch 9190
Epoch 9191
Epoch 9192
Epoch 9193
Epoch 9194
Epoch 9195
Epoch 9196
Epoch 9197
Epoch 9198
Epoch 9199
Epoch 9200
Epoch 9201
Epoch 9202
Epoch 9203
Epoch 9204
Epoch 9205
Epoch 9206
Epoch 9207
Epoch 9208
Epoch 9209
Epoch 9210
Epoch 9211
Epoch 9212
Epoch 9213
Epoch 9214
Epoch 9215
Epoch 9216
Epoch 9217
Epoch 9218
Epoch 9219
Epoch 9220
Epoch 9221
Epoch 9222
Epoch 9223
Epoch 9224
Epoch 9225
Epoch 9226
Epoch 9227
Epoch 9228
Epoch 9229
Epoch 9230
Epoch 9231
Epoch 9232
Epoch 9233
Epoch 9234
Epoch 9235
Epoch 9236
Epoch 9237
Epoch 9238
Epoch 9239
Epoch 9240
Epoch 9241
Epoch 9242
Epoch 9243
Epoch 9244
Epoch 9245
Epoch 9246
Epoch 9247
Epoch 9248
Epoch 9249
Epoch 9250
Epoch 9251
Epoch 9252
Epoch 9253
Epoch 9254
Epoch 9255
Epoch 9256
Epoch 9257
Epoch 9258
Epoch 9259
Epoch 9260
Epoch 9261
Epoch 9262
Epoch 9263
Epoch 9264
Epoch 9265
Epoch 9266
Epoch 9267
Epoch 9268
Epoch 9269
Epoch 9270
Epoch 9271
Epoch 9272
Epoch 9273
Epoch 9274
Epoch 9275
Epoch 9276
Epoch 9277
Epoch 9278
Epoch 9279
Epoch 9280
Epoch 9281
Epoch 9282
Epoch 9283
Epoch 9284
Epoch 9285
Epoch 9286
Epoch 9287
Epoch 9288
Epoch 9289
Epoch 9290
Epoch 9291
Epoch 9292
Epoch 9293
Epoch 9294
Epoch 9295
Epoch 9296
Epoch 9297
Epoch 9298
Epoch 9299
Epoch 9300
Epoch 9301
Epoch 9302
Epoch 9303
Epoch 9304
Epoch 9305
Epoch 9306
Epoch 9307
Epoch 9308
Epoch 9309
Epoch 9310
Epoch 9311
Epoch 9312
Epoch 9313
Epoch 9314
Epoch 9315
Epoch 9316
Epoch 9317
Epoch 9318
Epoch 9319
Epoch 9320
Epoch 9321
Epoch 9322
Epoch 9323
Epoch 9324
Epoch 9325
Epoch 9326
Epoch 9327
Epoch 9328
Epoch 9329
Epoch 9330
Epoch 9331
Epoch 9332
Epoch 9333
Epoch 9334
Epoch 9335
Epoch 9336
Epoch 9337
Epoch 9338
Epoch 9339
Epoch 9340
Epoch 9341
Epoch 9342
Epoch 9343
Epoch 9344
Epoch 9345
Epoch 9346
Epoch 9347
Epoch 9348
Epoch 9349
Epoch 9350
Epoch 9351
Epoch 9352
Epoch 9353
Epoch 9354
Epoch 9355
Epoch 9356
Epoch 9357
Epoch 9358
Epoch 9359
Epoch 9360
Epoch 9361
Epoch 9362
Epoch 9363
Epoch 9364
Epoch 9365
Epoch 9366
Epoch 9367
Epoch 9368
Epoch 9369
Epoch 9370
Epoch 9371
Epoch 9372
Epoch 9373
Epoch 9374
Epoch 9375
Epoch 9376
Epoch 9377
Epoch 9378
Epoch 9379
Epoch 9380
Epoch 9381
Epoch 9382
Epoch 9383
Epoch 9384
Epoch 9385
Epoch 9386
Epoch 9387
Epoch 9388
Epoch 9389
Epoch 9390
Epoch 9391
Epoch 9392
Epoch 9393
Epoch 9394
Epoch 9395
Epoch 9396
Epoch 9397
Epoch 9398
Epoch 9399
Epoch 9400
Epoch 9401
Epoch 9402
Epoch 9403
Epoch 9404
Epoch 9405
Epoch 9406
Epoch 9407
Epoch 9408
Epoch 9409
Epoch 9410
Epoch 9411
Epoch 9412
Epoch 9413
Epoch 9414
Epoch 9415
Epoch 9416
Epoch 9417
Epoch 9418
Epoch 9419
Epoch 9420
Epoch 9421
Epoch 9422
Epoch 9423
Epoch 9424
Epoch 9425
Epoch 9426
Epoch 9427
Epoch 9428
Epoch 9429
Epoch 9430
Epoch 9431
Epoch 9432
Epoch 9433
Epoch 9434
Epoch 9435
Epoch 9436
Epoch 9437
Epoch 9438
Epoch 9439
Epoch 9440
Epoch 9441
Epoch 9442
Epoch 9443
Epoch 9444
Epoch 9445
Epoch 9446
Epoch 9447
Epoch 9448
Epoch 9449
Epoch 9450
Epoch 9451
Epoch 9452
Epoch 9453
Epoch 9454
Epoch 9455
Epoch 9456
Epoch 9457
Epoch 9458
Epoch 9459
Epoch 9460
Epoch 9461
Epoch 9462
Epoch 9463
Epoch 9464
Epoch 9465
Epoch 9466
Epoch 9467
Epoch 9468
Epoch 9469
Epoch 9470
Epoch 9471
Epoch 9472
Epoch 9473
Epoch 9474
Epoch 9475
Epoch 9476
Epoch 9477
Epoch 9478
Epoch 9479
Epoch 9480
Epoch 9481
Epoch 9482
Epoch 9483
Epoch 9484
Epoch 9485
Epoch 9486
Epoch 9487
Epoch 9488
Epoch 9489
Epoch 9490
Epoch 9491
Epoch 9492
Epoch 9493
Epoch 9494
Epoch 9495
Epoch 9496
Epoch 9497
Epoch 9498
Epoch 9499
Epoch 9500
Epoch 9501
Epoch 9502
Epoch 9503
Epoch 9504
Epoch 9505
Epoch 9506
Epoch 9507
Epoch 9508
Epoch 9509
Epoch 9510
Epoch 9511
Epoch 9512
Epoch 9513
Epoch 9514
Epoch 9515
Epoch 9516
Epoch 9517
Epoch 9518
Epoch 9519
Epoch 9520
Epoch 9521
Epoch 9522
Epoch 9523
Epoch 9524
Epoch 9525
Epoch 9526
Epoch 9527
Epoch 9528
Epoch 9529
Epoch 9530
Epoch 9531
Epoch 9532
Epoch 9533
Epoch 9534
Epoch 9535
Epoch 9536
Epoch 9537
Epoch 9538
Epoch 9539
Epoch 9540
Epoch 9541
Epoch 9542
Epoch 9543
Epoch 9544
Epoch 9545
Epoch 9546
Epoch 9547
Epoch 9548
Epoch 9549
Epoch 9550
Epoch 9551
Epoch 9552
Epoch 9553
Epoch 9554
Epoch 9555
Epoch 9556
Epoch 9557
Epoch 9558
Epoch 9559
Epoch 9560
Epoch 9561
Epoch 9562
Epoch 9563
Epoch 9564
Epoch 9565
Epoch 9566
Epoch 9567
Epoch 9568
Epoch 9569
Epoch 9570
Epoch 9571
Epoch 9572
Epoch 9573
Epoch 9574
Epoch 9575
Epoch 9576
Epoch 9577
Epoch 9578
Epoch 9579
Epoch 9580
Epoch 9581
Epoch 9582
Epoch 9583
Epoch 9584
Epoch 9585
Epoch 9586
Epoch 9587
Epoch 9588
Epoch 9589
Epoch 9590
Epoch 9591
Epoch 9592
Epoch 9593
Epoch 9594
Epoch 9595
Epoch 9596
Epoch 9597
Epoch 9598
Epoch 9599
Epoch 9600
Epoch 9601
Epoch 9602
Epoch 9603
Epoch 9604
Epoch 9605
Epoch 9606
Epoch 9607
Epoch 9608
Epoch 9609
Epoch 9610
Epoch 9611
Epoch 9612
Epoch 9613
Epoch 9614
Epoch 9615
Epoch 9616
Epoch 9617
Epoch 9618
Epoch 9619
Epoch 9620
Epoch 9621
Epoch 9622
Epoch 9623
Epoch 9624
Epoch 9625
Epoch 9626
Epoch 9627
Epoch 9628
Epoch 9629
Epoch 9630
Epoch 9631
Epoch 9632
Epoch 9633
Epoch 9634
Epoch 9635
Epoch 9636
Epoch 9637
Epoch 9638
Epoch 9639
Epoch 9640
Epoch 9641
Epoch 9642
Epoch 9643
Epoch 9644
Epoch 9645
Epoch 9646
Epoch 9647
Epoch 9648
Epoch 9649
Epoch 9650
Epoch 9651
Epoch 9652
Epoch 9653
Epoch 9654
Epoch 9655
Epoch 9656
Epoch 9657
Epoch 9658
Epoch 9659
Epoch 9660
Epoch 9661
Epoch 9662
Epoch 9663
Epoch 9664
Epoch 9665
Epoch 9666
Epoch 9667
Epoch 9668
Epoch 9669
Epoch 9670
Epoch 9671
Epoch 9672
Epoch 9673
Epoch 9674
Epoch 9675
Epoch 9676
Epoch 9677
Epoch 9678
Epoch 9679
Epoch 9680
Epoch 9681
Epoch 9682
Epoch 9683
Epoch 9684
Epoch 9685
Epoch 9686
Epoch 9687
Epoch 9688
Epoch 9689
Epoch 9690
Epoch 9691
Epoch 9692
Epoch 9693
Epoch 9694
Epoch 9695
Epoch 9696
Epoch 9697
Epoch 9698
Epoch 9699
Epoch 9700
Epoch 9701
Epoch 9702
Epoch 9703
Epoch 9704
Epoch 9705
Epoch 9706
Epoch 9707
Epoch 9708
Epoch 9709
Epoch 9710
Epoch 9711
Epoch 9712
Epoch 9713
Epoch 9714
Epoch 9715
Epoch 9716
Epoch 9717
Epoch 9718
Epoch 9719
Epoch 9720
Epoch 9721
Epoch 9722
Epoch 9723
Epoch 9724
Epoch 9725
Epoch 9726
Epoch 9727
Epoch 9728
Epoch 9729
Epoch 9730
Epoch 9731
Epoch 9732
Epoch 9733
Epoch 9734
Epoch 9735
Epoch 9736
Epoch 9737
Epoch 9738
Epoch 9739
Epoch 9740
Epoch 9741
Epoch 9742
Epoch 9743
Epoch 9744
Epoch 9745
Epoch 9746
Epoch 9747
Epoch 9748
Epoch 9749
Epoch 9750
Epoch 9751
Epoch 9752
Epoch 9753
Epoch 9754
Epoch 9755
Epoch 9756
Epoch 9757
Epoch 9758
Epoch 9759
Epoch 9760
Epoch 9761
Epoch 9762
Epoch 9763
Epoch 9764
Epoch 9765
Epoch 9766
Epoch 9767
Epoch 9768
Epoch 9769
Epoch 9770
Epoch 9771
Epoch 9772
Epoch 9773
Epoch 9774
Epoch 9775
Epoch 9776
Epoch 9777
Epoch 9778
Epoch 9779
Epoch 9780
Epoch 9781
Epoch 9782
Epoch 9783
Epoch 9784
Epoch 9785
Epoch 9786
Epoch 9787
Epoch 9788
Epoch 9789
Epoch 9790
Epoch 9791
Epoch 9792
Epoch 9793
Epoch 9794
Epoch 9795
Epoch 9796
Epoch 9797
Epoch 9798
Epoch 9799
Epoch 9800
Epoch 9801
Epoch 9802
Epoch 9803
Epoch 9804
Epoch 9805
Epoch 9806
Epoch 9807
Epoch 9808
Epoch 9809
Epoch 9810
Epoch 9811
Epoch 9812
Epoch 9813
Epoch 9814
Epoch 9815
Epoch 9816
Epoch 9817
Epoch 9818
Epoch 9819
Epoch 9820
Epoch 9821
Epoch 9822
Epoch 9823
Epoch 9824
Epoch 9825
Epoch 9826
Epoch 9827
Epoch 9828
Epoch 9829
Epoch 9830
Epoch 9831
Epoch 9832
Epoch 9833
Epoch 9834
Epoch 9835
Epoch 9836
Epoch 9837
Epoch 9838
Epoch 9839
Epoch 9840
Epoch 9841
Epoch 9842
Epoch 9843
Epoch 9844
Epoch 9845
Epoch 9846
Epoch 9847
Epoch 9848
Epoch 9849
Epoch 9850
Epoch 9851
Epoch 9852
Epoch 9853
Epoch 9854
Epoch 9855
Epoch 9856
Epoch 9857
Epoch 9858
Epoch 9859
Epoch 9860
Epoch 9861
Epoch 9862
Epoch 9863
Epoch 9864
Epoch 9865
Epoch 9866
Epoch 9867
Epoch 9868
Epoch 9869
Epoch 9870
Epoch 9871
Epoch 9872
Epoch 9873
Epoch 9874
Epoch 9875
Epoch 9876
Epoch 9877
Epoch 9878
Epoch 9879
Epoch 9880
Epoch 9881
Epoch 9882
Epoch 9883
Epoch 9884
Epoch 9885
Epoch 9886
Epoch 9887
Epoch 9888
Epoch 9889
Epoch 9890
Epoch 9891
Epoch 9892
Epoch 9893
Epoch 9894
Epoch 9895
Epoch 9896
Epoch 9897
Epoch 9898
Epoch 9899
Epoch 9900
Epoch 9901
Epoch 9902
Epoch 9903
Epoch 9904
Epoch 9905
Epoch 9906
Epoch 9907
Epoch 9908
Epoch 9909
Epoch 9910
Epoch 9911
Epoch 9912
Epoch 9913
Epoch 9914
Epoch 9915
Epoch 9916
Epoch 9917
Epoch 9918
Epoch 9919
Epoch 9920
Epoch 9921
Epoch 9922
Epoch 9923
Epoch 9924
Epoch 9925
Epoch 9926
Epoch 9927
Epoch 9928
Epoch 9929
Epoch 9930
Epoch 9931
Epoch 9932
Epoch 9933
Epoch 9934
Epoch 9935
Epoch 9936
Epoch 9937
Epoch 9938
Epoch 9939
Epoch 9940
Epoch 9941
Epoch 9942
Epoch 9943
Epoch 9944
Epoch 9945
Epoch 9946
Epoch 9947
Epoch 9948
Epoch 9949
Epoch 9950
Epoch 9951
Epoch 9952
Epoch 9953
Epoch 9954
Epoch 9955
Epoch 9956
Epoch 9957
Epoch 9958
Epoch 9959
Epoch 9960
Epoch 9961
Epoch 9962
Epoch 9963
Epoch 9964
Epoch 9965
Epoch 9966
Epoch 9967
Epoch 9968
Epoch 9969
Epoch 9970
Epoch 9971
Epoch 9972
Epoch 9973
Epoch 9974
Epoch 9975
Epoch 9976
Epoch 9977
Epoch 9978
Epoch 9979
Epoch 9980
Epoch 9981
Epoch 9982
Epoch 9983
Epoch 9984
Epoch 9985
Epoch 9986
Epoch 9987
Epoch 9988
Epoch 9989
Epoch 9990
Epoch 9991
Epoch 9992
Epoch 9993
Epoch 9994
Epoch 9995
Epoch 9996
Epoch 9997
Epoch 9998
Epoch 9999
Epoch 10000
Epoch 10001
Epoch 10002
Epoch 10003
Epoch 10004
Epoch 10005
Epoch 10006
Epoch 10007
Epoch 10008
Epoch 10009
Epoch 10010
Epoch 10011
Epoch 10012
Epoch 10013
Epoch 10014
Epoch 10015
Epoch 10016
Epoch 10017
Epoch 10018
Epoch 10019
Epoch 10020
Epoch 10021
Epoch 10022
Epoch 10023
Epoch 10024
Epoch 10025
Epoch 10026
Epoch 10027
Epoch 10028
Epoch 10029
Epoch 10030
Epoch 10031
Epoch 10032
Epoch 10033
Epoch 10034
Epoch 10035
Epoch 10036
Epoch 10037
Epoch 10038
Epoch 10039
Epoch 10040
Epoch 10041
Epoch 10042
Epoch 10043
Epoch 10044
Epoch 10045
Epoch 10046
Epoch 10047
Epoch 10048
Epoch 10049
Epoch 10050
Epoch 10051
Epoch 10052
Epoch 10053
Epoch 10054
Epoch 10055
Epoch 10056
Epoch 10057
Epoch 10058
Epoch 10059
Epoch 10060
Epoch 10061
Epoch 10062
Epoch 10063
Epoch 10064
Epoch 10065
Epoch 10066
Epoch 10067
Epoch 10068
Epoch 10069
Epoch 10070
Epoch 10071
Epoch 10072
Epoch 10073
Epoch 10074
Epoch 10075
Epoch 10076
Epoch 10077
Epoch 10078
Epoch 10079
Epoch 10080
Epoch 10081
Epoch 10082
Epoch 10083
Epoch 10084
Epoch 10085
Epoch 10086
Epoch 10087
Epoch 10088
Epoch 10089
Epoch 10090
Epoch 10091
Epoch 10092
Epoch 10093
Epoch 10094
Epoch 10095
Epoch 10096
Epoch 10097
Epoch 10098
Epoch 10099
Epoch 10100
Epoch 10101
Epoch 10102
Epoch 10103
Epoch 10104
Epoch 10105
Epoch 10106
Epoch 10107
Epoch 10108
Epoch 10109
Epoch 10110
Epoch 10111
Epoch 10112
Epoch 10113
Epoch 10114
Epoch 10115
Epoch 10116
Epoch 10117
Epoch 10118
Epoch 10119
Epoch 10120
Epoch 10121
Epoch 10122
Epoch 10123
Epoch 10124
Epoch 10125
Epoch 10126
Epoch 10127
Epoch 10128
Epoch 10129
Epoch 10130
Epoch 10131
Epoch 10132
Epoch 10133
Epoch 10134
Epoch 10135
Epoch 10136
Epoch 10137
Epoch 10138
Epoch 10139
Epoch 10140
Epoch 10141
Epoch 10142
Epoch 10143
Epoch 10144
Epoch 10145
Epoch 10146
Epoch 10147
Epoch 10148
Epoch 10149
Epoch 10150
Epoch 10151
Epoch 10152
Epoch 10153
Epoch 10154
Epoch 10155
Epoch 10156
Epoch 10157
Epoch 10158
Epoch 10159
Epoch 10160
Epoch 10161
Epoch 10162
Epoch 10163
Epoch 10164
Epoch 10165
Epoch 10166
Epoch 10167
Epoch 10168
Epoch 10169
Epoch 10170
Epoch 10171
Epoch 10172
Epoch 10173
Epoch 10174
Epoch 10175
Epoch 10176
Epoch 10177
Epoch 10178
Epoch 10179
Epoch 10180
Epoch 10181
Epoch 10182
Epoch 10183
Epoch 10184
Epoch 10185
Epoch 10186
Epoch 10187
Epoch 10188
Epoch 10189
Epoch 10190
Epoch 10191
Epoch 10192
Epoch 10193
Epoch 10194
Epoch 10195
Epoch 10196
Epoch 10197
Epoch 10198
Epoch 10199
Epoch 10200
Epoch 10201
Epoch 10202
Epoch 10203
Epoch 10204
Epoch 10205
Epoch 10206
Epoch 10207
Epoch 10208
Epoch 10209
Epoch 10210
Epoch 10211
Epoch 10212
Epoch 10213
Epoch 10214
Epoch 10215
Epoch 10216
Epoch 10217
Epoch 10218
Epoch 10219
Epoch 10220
Epoch 10221
Epoch 10222
Epoch 10223
Epoch 10224
Epoch 10225
Epoch 10226
Epoch 10227
Epoch 10228
Epoch 10229
Epoch 10230
Epoch 10231
Epoch 10232
Epoch 10233
Epoch 10234
Epoch 10235
Epoch 10236
Epoch 10237
Epoch 10238
Epoch 10239
Epoch 10240
Epoch 10241
Epoch 10242
Epoch 10243
Epoch 10244
Epoch 10245
Epoch 10246
Epoch 10247
Epoch 10248
Epoch 10249
Epoch 10250
Epoch 10251
Epoch 10252
Epoch 10253
Epoch 10254
Epoch 10255
Epoch 10256
Epoch 10257
Epoch 10258
Epoch 10259
Epoch 10260
Epoch 10261
Epoch 10262
Epoch 10263
Epoch 10264
Epoch 10265
Epoch 10266
Epoch 10267
Epoch 10268
Epoch 10269
Epoch 10270
Epoch 10271
Epoch 10272
Epoch 10273
Epoch 10274
Epoch 10275
Epoch 10276
Epoch 10277
Epoch 10278
Epoch 10279
Epoch 10280
Epoch 10281
Epoch 10282
Epoch 10283
Epoch 10284
Epoch 10285
Epoch 10286
Epoch 10287
Epoch 10288
Epoch 10289
Epoch 10290
Epoch 10291
Epoch 10292
Epoch 10293
Epoch 10294
Epoch 10295
Epoch 10296
Epoch 10297
Epoch 10298
Epoch 10299
Epoch 10300
Epoch 10301
Epoch 10302
Epoch 10303
Epoch 10304
Epoch 10305
Epoch 10306
Epoch 10307
Epoch 10308
Epoch 10309
Epoch 10310
Epoch 10311
Epoch 10312
Epoch 10313
Epoch 10314
Epoch 10315
Epoch 10316
Epoch 10317
Epoch 10318
Epoch 10319
Epoch 10320
Epoch 10321
Epoch 10322
Epoch 10323
Epoch 10324
Epoch 10325
Epoch 10326
Epoch 10327
Epoch 10328
Epoch 10329
Epoch 10330
Epoch 10331
Epoch 10332
Epoch 10333
Epoch 10334
Epoch 10335
Epoch 10336
Epoch 10337
Epoch 10338
Epoch 10339
Epoch 10340
Epoch 10341
Epoch 10342
Epoch 10343
Epoch 10344
Epoch 10345
Epoch 10346
Epoch 10347
Epoch 10348
Epoch 10349
Epoch 10350
Epoch 10351
Epoch 10352
Epoch 10353
Epoch 10354
Epoch 10355
Epoch 10356
Epoch 10357
Epoch 10358
Epoch 10359
Epoch 10360
Epoch 10361
Epoch 10362
Epoch 10363
Epoch 10364
Epoch 10365
Epoch 10366
Epoch 10367
Epoch 10368
Epoch 10369
Epoch 10370
Epoch 10371
Epoch 10372
Epoch 10373
Epoch 10374
Epoch 10375
Epoch 10376
Epoch 10377
Epoch 10378
Epoch 10379
Epoch 10380
Epoch 10381
Epoch 10382
Epoch 10383
Epoch 10384
Epoch 10385
Epoch 10386
Epoch 10387
Epoch 10388
Epoch 10389
Epoch 10390
Epoch 10391
Epoch 10392
Epoch 10393
Epoch 10394
Epoch 10395
Epoch 10396
Epoch 10397
Epoch 10398
Epoch 10399
Epoch 10400
Epoch 10401
Epoch 10402
Epoch 10403
Epoch 10404
Epoch 10405
Epoch 10406
Epoch 10407
Epoch 10408
Epoch 10409
Epoch 10410
Epoch 10411
Epoch 10412
Epoch 10413
Epoch 10414
Epoch 10415
Epoch 10416
Epoch 10417
Epoch 10418
Epoch 10419
Epoch 10420
Epoch 10421
Epoch 10422
Epoch 10423
Epoch 10424
Epoch 10425
Epoch 10426
Epoch 10427
Epoch 10428
Epoch 10429
Epoch 10430
Epoch 10431
Epoch 10432
Epoch 10433
Epoch 10434
Epoch 10435
Epoch 10436
Epoch 10437
Epoch 10438
Epoch 10439
Epoch 10440
Epoch 10441
Epoch 10442
Epoch 10443
Epoch 10444
Epoch 10445
Epoch 10446
Epoch 10447
Epoch 10448
Epoch 10449
Epoch 10450
Epoch 10451
Epoch 10452
Epoch 10453
Epoch 10454
Epoch 10455
Epoch 10456
Epoch 10457
Epoch 10458
Epoch 10459
Epoch 10460
Epoch 10461
Epoch 10462
Epoch 10463
Epoch 10464
Epoch 10465
Epoch 10466
Epoch 10467
Epoch 10468
Epoch 10469
Epoch 10470
Epoch 10471
Epoch 10472
Epoch 10473
Epoch 10474
Epoch 10475
Epoch 10476
Epoch 10477
Epoch 10478
Epoch 10479
Epoch 10480
Epoch 10481
Epoch 10482
Epoch 10483
Epoch 10484
Epoch 10485
Epoch 10486
Epoch 10487
Epoch 10488
Epoch 10489
Epoch 10490
Epoch 10491
Epoch 10492
Epoch 10493
Epoch 10494
Epoch 10495
Epoch 10496
Epoch 10497
Epoch 10498
Epoch 10499
Epoch 10500
Epoch 10501
Epoch 10502
Epoch 10503
Epoch 10504
Epoch 10505
Epoch 10506
Epoch 10507
Epoch 10508
Epoch 10509
Epoch 10510
Epoch 10511
Epoch 10512
Epoch 10513
Epoch 10514
Epoch 10515
Epoch 10516
Epoch 10517
Epoch 10518
Epoch 10519
Epoch 10520
Epoch 10521
Epoch 10522
Epoch 10523
Epoch 10524
Epoch 10525
Epoch 10526
Epoch 10527
Epoch 10528
Epoch 10529
Epoch 10530
Epoch 10531
Epoch 10532
Epoch 10533
Epoch 10534
Epoch 10535
Epoch 10536
Epoch 10537
Epoch 10538
Epoch 10539
Epoch 10540
Epoch 10541
Epoch 10542
Epoch 10543
Epoch 10544
Epoch 10545
Epoch 10546
Epoch 10547
Epoch 10548
Epoch 10549
Epoch 10550
Epoch 10551
Epoch 10552
Epoch 10553
Epoch 10554
Epoch 10555
Epoch 10556
Epoch 10557
Epoch 10558
Epoch 10559
Epoch 10560
Epoch 10561
Epoch 10562
Epoch 10563
Epoch 10564
Epoch 10565
Epoch 10566
Epoch 10567
Epoch 10568
Epoch 10569
Epoch 10570
Epoch 10571
Epoch 10572
Epoch 10573
Epoch 10574
Epoch 10575
Epoch 10576
Epoch 10577
Epoch 10578
Epoch 10579
Epoch 10580
Epoch 10581
Epoch 10582
Epoch 10583
Epoch 10584
Epoch 10585
Epoch 10586
Epoch 10587
Epoch 10588
Epoch 10589
Epoch 10590
Epoch 10591
Epoch 10592
Epoch 10593
Epoch 10594
Epoch 10595
Epoch 10596
Epoch 10597
Epoch 10598
Epoch 10599
Epoch 10600
Epoch 10601
Epoch 10602
Epoch 10603
Epoch 10604
Epoch 10605
Epoch 10606
Epoch 10607
Epoch 10608
Epoch 10609
Epoch 10610
Epoch 10611
Epoch 10612
Epoch 10613
Epoch 10614
Epoch 10615
Epoch 10616
Epoch 10617
Epoch 10618
Epoch 10619
Epoch 10620
Epoch 10621
Epoch 10622
Epoch 10623
Epoch 10624
Epoch 10625
Epoch 10626
Epoch 10627
Epoch 10628
Epoch 10629
Epoch 10630
Epoch 10631
Epoch 10632
Epoch 10633
Epoch 10634
Epoch 10635
Epoch 10636
Epoch 10637
Epoch 10638
Epoch 10639
Epoch 10640
Epoch 10641
Epoch 10642
Epoch 10643
Epoch 10644
Epoch 10645
Epoch 10646
Epoch 10647
Epoch 10648
Epoch 10649
Epoch 10650
Epoch 10651
Epoch 10652
Epoch 10653
Epoch 10654
Epoch 10655
Epoch 10656
Epoch 10657
Epoch 10658
Epoch 10659
Epoch 10660
Epoch 10661
Epoch 10662
Epoch 10663
Epoch 10664
Epoch 10665
Epoch 10666
Epoch 10667
Epoch 10668
Epoch 10669
Epoch 10670
Epoch 10671
Epoch 10672
Epoch 10673
Epoch 10674
Epoch 10675
Epoch 10676
Epoch 10677
Epoch 10678
Epoch 10679
Epoch 10680
Epoch 10681
Epoch 10682
Epoch 10683
Epoch 10684
Epoch 10685
Epoch 10686
Epoch 10687
Epoch 10688
Epoch 10689
Epoch 10690
Epoch 10691
Epoch 10692
Epoch 10693
Epoch 10694
Epoch 10695
Epoch 10696
Epoch 10697
Epoch 10698
Epoch 10699
Epoch 10700
Epoch 10701
Epoch 10702
Epoch 10703
Epoch 10704
Epoch 10705
Epoch 10706
Epoch 10707
Epoch 10708
Epoch 10709
Epoch 10710
Epoch 10711
Epoch 10712
Epoch 10713
Epoch 10714
Epoch 10715
Epoch 10716
Epoch 10717
Epoch 10718
Epoch 10719
Epoch 10720
Epoch 10721
Epoch 10722
Epoch 10723
Epoch 10724
Epoch 10725
Epoch 10726
Epoch 10727
Epoch 10728
Epoch 10729
Epoch 10730
Epoch 10731
Epoch 10732
Epoch 10733
Epoch 10734
Epoch 10735
Epoch 10736
Epoch 10737
Epoch 10738
Epoch 10739
Epoch 10740
Epoch 10741
Epoch 10742
Epoch 10743
Epoch 10744
Epoch 10745
Epoch 10746
Epoch 10747
Epoch 10748
Epoch 10749
Epoch 10750
Epoch 10751
Epoch 10752
Epoch 10753
Epoch 10754
Epoch 10755
Epoch 10756
Epoch 10757
Epoch 10758
Epoch 10759
Epoch 10760
Epoch 10761
Epoch 10762
Epoch 10763
Epoch 10764
Epoch 10765
Epoch 10766
Epoch 10767
Epoch 10768
Epoch 10769
Epoch 10770
Epoch 10771
Epoch 10772
Epoch 10773
Epoch 10774
Epoch 10775
Epoch 10776
Epoch 10777
Epoch 10778
Epoch 10779
Epoch 10780
Epoch 10781
Epoch 10782
Epoch 10783
Epoch 10784
Epoch 10785
Epoch 10786
Epoch 10787
Epoch 10788
Epoch 10789
Epoch 10790
Epoch 10791
Epoch 10792
Epoch 10793
Epoch 10794
Epoch 10795
Epoch 10796
Epoch 10797
Epoch 10798
Epoch 10799
Epoch 10800
Epoch 10801
Epoch 10802
Epoch 10803
Epoch 10804
Epoch 10805
Epoch 10806
Epoch 10807
Epoch 10808
Epoch 10809
Epoch 10810
Epoch 10811
Epoch 10812
Epoch 10813
Epoch 10814
Epoch 10815
Epoch 10816
Epoch 10817
Epoch 10818
Epoch 10819
Epoch 10820
Epoch 10821
Epoch 10822
Epoch 10823
Epoch 10824
Epoch 10825
Epoch 10826
Epoch 10827
Epoch 10828
Epoch 10829
Epoch 10830
Epoch 10831
Epoch 10832
Epoch 10833
Epoch 10834
Epoch 10835
Epoch 10836
Epoch 10837
Epoch 10838
Epoch 10839
Epoch 10840
Epoch 10841
Epoch 10842
Epoch 10843
Epoch 10844
Epoch 10845
Epoch 10846
Epoch 10847
Epoch 10848
Epoch 10849
Epoch 10850
Epoch 10851
Epoch 10852
Epoch 10853
Epoch 10854
Epoch 10855
Epoch 10856
Epoch 10857
Epoch 10858
Epoch 10859
Epoch 10860
Epoch 10861
Epoch 10862
Epoch 10863
Epoch 10864
Epoch 10865
Epoch 10866
Epoch 10867
Epoch 10868
Epoch 10869
Epoch 10870
Epoch 10871
Epoch 10872
Epoch 10873
Epoch 10874
Epoch 10875
Epoch 10876
Epoch 10877
Epoch 10878
Epoch 10879
Epoch 10880
Epoch 10881
Epoch 10882
Epoch 10883
Epoch 10884
Epoch 10885
Epoch 10886
Epoch 10887
Epoch 10888
Epoch 10889
Epoch 10890
Epoch 10891
Epoch 10892
Epoch 10893
Epoch 10894
Epoch 10895
Epoch 10896
Epoch 10897
Epoch 10898
Epoch 10899
Epoch 10900
Epoch 10901
Epoch 10902
Epoch 10903
Epoch 10904
Epoch 10905
Epoch 10906
Epoch 10907
Epoch 10908
Epoch 10909
Epoch 10910
Epoch 10911
Epoch 10912
Epoch 10913
Epoch 10914
Epoch 10915
Epoch 10916
Epoch 10917
Epoch 10918
Epoch 10919
Epoch 10920
Epoch 10921
Epoch 10922
Epoch 10923
Epoch 10924
Epoch 10925
Epoch 10926
Epoch 10927
Epoch 10928
Epoch 10929
Epoch 10930
Epoch 10931
Epoch 10932
Epoch 10933
Epoch 10934
Epoch 10935
Epoch 10936
Epoch 10937
Epoch 10938
Epoch 10939
Epoch 10940
Epoch 10941
Epoch 10942
Epoch 10943
Epoch 10944
Epoch 10945
Epoch 10946
Epoch 10947
Epoch 10948
Epoch 10949
Epoch 10950
Epoch 10951
Epoch 10952
Epoch 10953
Epoch 10954
Epoch 10955
Epoch 10956
Epoch 10957
Epoch 10958
Epoch 10959
Epoch 10960
Epoch 10961
Epoch 10962
Epoch 10963
Epoch 10964
Epoch 10965
Epoch 10966
Epoch 10967
Epoch 10968
Epoch 10969
Epoch 10970
Epoch 10971
Epoch 10972
Epoch 10973
Epoch 10974
Epoch 10975
Epoch 10976
Epoch 10977
Epoch 10978
Epoch 10979
Epoch 10980
Epoch 10981
Epoch 10982
Epoch 10983
Epoch 10984
Epoch 10985
Epoch 10986
Epoch 10987
Epoch 10988
Epoch 10989
Epoch 10990
Epoch 10991
Epoch 10992
Epoch 10993
Epoch 10994
Epoch 10995
Epoch 10996
Epoch 10997
Epoch 10998
Epoch 10999
Epoch 11000
Epoch 11001
Epoch 11002
Epoch 11003
Epoch 11004
Epoch 11005
Epoch 11006
Epoch 11007
Epoch 11008
Epoch 11009
Epoch 11010
Epoch 11011
Epoch 11012
Epoch 11013
Epoch 11014
Epoch 11015
Epoch 11016
Epoch 11017
Epoch 11018
Epoch 11019
Epoch 11020
Epoch 11021
Epoch 11022
Epoch 11023
Epoch 11024
Epoch 11025
Epoch 11026
Epoch 11027
Epoch 11028
Epoch 11029
Epoch 11030
Epoch 11031
Epoch 11032
Epoch 11033
Epoch 11034
Epoch 11035
Epoch 11036
Epoch 11037
Epoch 11038
Epoch 11039
Epoch 11040
Epoch 11041
Epoch 11042
Epoch 11043
Epoch 11044
Epoch 11045
Epoch 11046
Epoch 11047
Epoch 11048
Epoch 11049
Epoch 11050
Epoch 11051
Epoch 11052
Epoch 11053
Epoch 11054
Epoch 11055
Epoch 11056
Epoch 11057
Epoch 11058
Epoch 11059
Epoch 11060
Epoch 11061
Epoch 11062
Epoch 11063
Epoch 11064
Epoch 11065
Epoch 11066
Epoch 11067
Epoch 11068
Epoch 11069
Epoch 11070
Epoch 11071
Epoch 11072
Epoch 11073
Epoch 11074
Epoch 11075
Epoch 11076
Epoch 11077
Epoch 11078
Epoch 11079
Epoch 11080
Epoch 11081
Epoch 11082
Epoch 11083
Epoch 11084
Epoch 11085
Epoch 11086
Epoch 11087
Epoch 11088
Epoch 11089
Epoch 11090
Epoch 11091
Epoch 11092
Epoch 11093
Epoch 11094
Epoch 11095
Epoch 11096
Epoch 11097
Epoch 11098
Epoch 11099
Epoch 11100
Epoch 11101
Epoch 11102
Epoch 11103
Epoch 11104
Epoch 11105
Epoch 11106
Epoch 11107
Epoch 11108
Epoch 11109
Epoch 11110
Epoch 11111
Epoch 11112
Epoch 11113
Epoch 11114
Epoch 11115
Epoch 11116
Epoch 11117
Epoch 11118
Epoch 11119
Epoch 11120
Epoch 11121
Epoch 11122
Epoch 11123
Epoch 11124
Epoch 11125
Epoch 11126
Epoch 11127
Epoch 11128
Epoch 11129
Epoch 11130
Epoch 11131
Epoch 11132
Epoch 11133
Epoch 11134
Epoch 11135
Epoch 11136
Epoch 11137
Epoch 11138
Epoch 11139
Epoch 11140
Epoch 11141
Epoch 11142
Epoch 11143
Epoch 11144
Epoch 11145
Epoch 11146
Epoch 11147
Epoch 11148
Epoch 11149
Epoch 11150
Epoch 11151
Epoch 11152
Epoch 11153
Epoch 11154
Epoch 11155
Epoch 11156
Epoch 11157
Epoch 11158
Epoch 11159
Epoch 11160
Epoch 11161
Epoch 11162
Epoch 11163
Epoch 11164
Epoch 11165
Epoch 11166
Epoch 11167
Epoch 11168
Epoch 11169
Epoch 11170
Epoch 11171
Epoch 11172
Epoch 11173
Epoch 11174
Epoch 11175
Epoch 11176
Epoch 11177
Epoch 11178
Epoch 11179
Epoch 11180
Epoch 11181
Epoch 11182
Epoch 11183
Epoch 11184
Epoch 11185
Epoch 11186
Epoch 11187
Epoch 11188
Epoch 11189
Epoch 11190
Epoch 11191
Epoch 11192
Epoch 11193
Epoch 11194
Epoch 11195
Epoch 11196
Epoch 11197
Epoch 11198
Epoch 11199
Epoch 11200
Epoch 11201
Epoch 11202
Epoch 11203
Epoch 11204
Epoch 11205
Epoch 11206
Epoch 11207
Epoch 11208
Epoch 11209
Epoch 11210
Epoch 11211
Epoch 11212
Epoch 11213
Epoch 11214
Epoch 11215
Epoch 11216
Epoch 11217
Epoch 11218
Epoch 11219
Epoch 11220
Epoch 11221
Epoch 11222
Epoch 11223
Epoch 11224
Epoch 11225
Epoch 11226
Epoch 11227
Epoch 11228
Epoch 11229
Epoch 11230
Epoch 11231
Epoch 11232
Epoch 11233
Epoch 11234
Epoch 11235
Epoch 11236
Epoch 11237
Epoch 11238
Epoch 11239
Epoch 11240
Epoch 11241
Epoch 11242
Epoch 11243
Epoch 11244
Epoch 11245
Epoch 11246
Epoch 11247
Epoch 11248
Epoch 11249
Epoch 11250
Epoch 11251
Epoch 11252
Epoch 11253
Epoch 11254
Epoch 11255
Epoch 11256
Epoch 11257
Epoch 11258
Epoch 11259
Epoch 11260
Epoch 11261
Epoch 11262
Epoch 11263
Epoch 11264
Epoch 11265
Epoch 11266
Epoch 11267
Epoch 11268
Epoch 11269
Epoch 11270
Epoch 11271
Epoch 11272
Epoch 11273
Epoch 11274
Epoch 11275
Epoch 11276
Epoch 11277
Epoch 11278
Epoch 11279
Epoch 11280
Epoch 11281
Epoch 11282
Epoch 11283
Epoch 11284
Epoch 11285
Epoch 11286
Epoch 11287
Epoch 11288
Epoch 11289
Epoch 11290
Epoch 11291
Epoch 11292
Epoch 11293
Epoch 11294
Epoch 11295
Epoch 11296
Epoch 11297
Epoch 11298
Epoch 11299
Epoch 11300
Epoch 11301
Epoch 11302
Epoch 11303
Epoch 11304
Epoch 11305
Epoch 11306
Epoch 11307
Epoch 11308
Epoch 11309
Epoch 11310
Epoch 11311
Epoch 11312
Epoch 11313
Epoch 11314
Epoch 11315
Epoch 11316
Epoch 11317
Epoch 11318
Epoch 11319
Epoch 11320
Epoch 11321
Epoch 11322
Epoch 11323
Epoch 11324
Epoch 11325
Epoch 11326
Epoch 11327
Epoch 11328
Epoch 11329
Epoch 11330
Epoch 11331
Epoch 11332
Epoch 11333
Epoch 11334
Epoch 11335
Epoch 11336
Epoch 11337
Epoch 11338
Epoch 11339
Epoch 11340
Epoch 11341
Epoch 11342
Epoch 11343
Epoch 11344
Epoch 11345
Epoch 11346
Epoch 11347
Epoch 11348
Epoch 11349
Epoch 11350
Epoch 11351
Epoch 11352
Epoch 11353
Epoch 11354
Epoch 11355
Epoch 11356
Epoch 11357
Epoch 11358
Epoch 11359
Epoch 11360
Epoch 11361
Epoch 11362
Epoch 11363
Epoch 11364
Epoch 11365
Epoch 11366
Epoch 11367
Epoch 11368
Epoch 11369
Epoch 11370
Epoch 11371
Epoch 11372
Epoch 11373
Epoch 11374
Epoch 11375
Epoch 11376
Epoch 11377
Epoch 11378
Epoch 11379
Epoch 11380
Epoch 11381
Epoch 11382
Epoch 11383
Epoch 11384
Epoch 11385
Epoch 11386
Epoch 11387
Epoch 11388
Epoch 11389
Epoch 11390
Epoch 11391
Epoch 11392
Epoch 11393
Epoch 11394
Epoch 11395
Epoch 11396
Epoch 11397
Epoch 11398
Epoch 11399
Epoch 11400
Epoch 11401
Epoch 11402
Epoch 11403
Epoch 11404
Epoch 11405
Epoch 11406
Epoch 11407
Epoch 11408
Epoch 11409
Epoch 11410
Epoch 11411
Epoch 11412
Epoch 11413
Epoch 11414
Epoch 11415
Epoch 11416
Epoch 11417
Epoch 11418
Epoch 11419
Epoch 11420
Epoch 11421
Epoch 11422
Epoch 11423
Epoch 11424
Epoch 11425
Epoch 11426
Epoch 11427
Epoch 11428
Epoch 11429
Epoch 11430
Epoch 11431
Epoch 11432
Epoch 11433
Epoch 11434
Epoch 11435
Epoch 11436
Epoch 11437
Epoch 11438
Epoch 11439
Epoch 11440
Epoch 11441
Epoch 11442
Epoch 11443
Epoch 11444
Epoch 11445
Epoch 11446
Epoch 11447
Epoch 11448
Epoch 11449
Epoch 11450
Epoch 11451
Epoch 11452
Epoch 11453
Epoch 11454
Epoch 11455
Epoch 11456
Epoch 11457
Epoch 11458
Epoch 11459
Epoch 11460
Epoch 11461
Epoch 11462
Epoch 11463
Epoch 11464
Epoch 11465
Epoch 11466
Epoch 11467
Epoch 11468
Epoch 11469
Epoch 11470
Epoch 11471
Epoch 11472
Epoch 11473
Epoch 11474
Epoch 11475
Epoch 11476
Epoch 11477
Epoch 11478
Epoch 11479
Epoch 11480
Epoch 11481
Epoch 11482
Epoch 11483
Epoch 11484
Epoch 11485
Epoch 11486
Epoch 11487
Epoch 11488
Epoch 11489
Epoch 11490
Epoch 11491
Epoch 11492
Epoch 11493
Epoch 11494
Epoch 11495
Epoch 11496
Epoch 11497
Epoch 11498
Epoch 11499
Epoch 11500
Epoch 11501
Epoch 11502
Epoch 11503
Epoch 11504
Epoch 11505
Epoch 11506
Epoch 11507
Epoch 11508
Epoch 11509
Epoch 11510
Epoch 11511
Epoch 11512
Epoch 11513
Epoch 11514
Epoch 11515
Epoch 11516
Epoch 11517
Epoch 11518
Epoch 11519
Epoch 11520
Epoch 11521
Epoch 11522
Epoch 11523
Epoch 11524
Epoch 11525
Epoch 11526
Epoch 11527
Epoch 11528
Epoch 11529
Epoch 11530
Epoch 11531
Epoch 11532
Epoch 11533
Epoch 11534
Epoch 11535
Epoch 11536
Epoch 11537
Epoch 11538
Epoch 11539
Epoch 11540
Epoch 11541
Epoch 11542
Epoch 11543
Epoch 11544
Epoch 11545
Epoch 11546
Epoch 11547
Epoch 11548
Epoch 11549
Epoch 11550
Epoch 11551
Epoch 11552
Epoch 11553
Epoch 11554
Epoch 11555
Epoch 11556
Epoch 11557
Epoch 11558
Epoch 11559
Epoch 11560
Epoch 11561
Epoch 11562
Epoch 11563
Epoch 11564
Epoch 11565
Epoch 11566
Epoch 11567
Epoch 11568
Epoch 11569
Epoch 11570
Epoch 11571
Epoch 11572
Epoch 11573
Epoch 11574
Epoch 11575
Epoch 11576
Epoch 11577
Epoch 11578
Epoch 11579
Epoch 11580
Epoch 11581
Epoch 11582
Epoch 11583
Epoch 11584
Epoch 11585
Epoch 11586
Epoch 11587
Epoch 11588
Epoch 11589
Epoch 11590
Epoch 11591
Epoch 11592
Epoch 11593
Epoch 11594
Epoch 11595
Epoch 11596
Epoch 11597
Epoch 11598
Epoch 11599
Epoch 11600
Epoch 11601
Epoch 11602
Epoch 11603
Epoch 11604
Epoch 11605
Epoch 11606
Epoch 11607
Epoch 11608
Epoch 11609
Epoch 11610
Epoch 11611
Epoch 11612
Epoch 11613
Epoch 11614
Epoch 11615
Epoch 11616
Epoch 11617
Epoch 11618
Epoch 11619
Epoch 11620
Epoch 11621
Epoch 11622
Epoch 11623
Epoch 11624
Epoch 11625
Epoch 11626
Epoch 11627
Epoch 11628
Epoch 11629
Epoch 11630
Epoch 11631
Epoch 11632
Epoch 11633
Epoch 11634
Epoch 11635
Epoch 11636
Epoch 11637
Epoch 11638
Epoch 11639
Epoch 11640
Epoch 11641
Epoch 11642
Epoch 11643
Epoch 11644
Epoch 11645
Epoch 11646
Epoch 11647
Epoch 11648
Epoch 11649
Epoch 11650
Epoch 11651
Epoch 11652
Epoch 11653
Epoch 11654
Epoch 11655
Epoch 11656
Epoch 11657
Epoch 11658
Epoch 11659
Epoch 11660
Epoch 11661
Epoch 11662
Epoch 11663
Epoch 11664
Epoch 11665
Epoch 11666
Epoch 11667
Epoch 11668
Epoch 11669
Epoch 11670
Epoch 11671
Epoch 11672
Epoch 11673
Epoch 11674
Epoch 11675
Epoch 11676
Epoch 11677
Epoch 11678
Epoch 11679
Epoch 11680
Epoch 11681
Epoch 11682
Epoch 11683
Epoch 11684
Epoch 11685
Epoch 11686
Epoch 11687
Epoch 11688
Epoch 11689
Epoch 11690
Epoch 11691
Epoch 11692
Epoch 11693
Epoch 11694
Epoch 11695
Epoch 11696
Epoch 11697
Epoch 11698
Epoch 11699
Epoch 11700
Epoch 11701
Epoch 11702
Epoch 11703
Epoch 11704
Epoch 11705
Epoch 11706
Epoch 11707
Epoch 11708
Epoch 11709
Epoch 11710
Epoch 11711
Epoch 11712
Epoch 11713
Epoch 11714
Epoch 11715
Epoch 11716
Epoch 11717
Epoch 11718
Epoch 11719
Epoch 11720
Epoch 11721
Epoch 11722
Epoch 11723
Epoch 11724
Epoch 11725
Epoch 11726
Epoch 11727
Epoch 11728
Epoch 11729
Epoch 11730
Epoch 11731
Epoch 11732
Epoch 11733
Epoch 11734
Epoch 11735
Epoch 11736
Epoch 11737
Epoch 11738
Epoch 11739
Epoch 11740
Epoch 11741
Epoch 11742
Epoch 11743
Epoch 11744
Epoch 11745
Epoch 11746
Epoch 11747
Epoch 11748
Epoch 11749
Epoch 11750
Epoch 11751
Epoch 11752
Epoch 11753
Epoch 11754
Epoch 11755
Epoch 11756
Epoch 11757
Epoch 11758
Epoch 11759
Epoch 11760
Epoch 11761
Epoch 11762
Epoch 11763
Epoch 11764
Epoch 11765
Epoch 11766
Epoch 11767
Epoch 11768
Epoch 11769
Epoch 11770
Epoch 11771
Epoch 11772
Epoch 11773
Epoch 11774
Epoch 11775
Epoch 11776
Epoch 11777
Epoch 11778
Epoch 11779
Epoch 11780
Epoch 11781
Epoch 11782
Epoch 11783
Epoch 11784
Epoch 11785
Epoch 11786
Epoch 11787
Epoch 11788
Epoch 11789
Epoch 11790
Epoch 11791
Epoch 11792
Epoch 11793
Epoch 11794
Epoch 11795
Epoch 11796
Epoch 11797
Epoch 11798
Epoch 11799
Epoch 11800
Epoch 11801
Epoch 11802
Epoch 11803
Epoch 11804
Epoch 11805
Epoch 11806
Epoch 11807
Epoch 11808
Epoch 11809
Epoch 11810
Epoch 11811
Epoch 11812
Epoch 11813
Epoch 11814
Epoch 11815
Epoch 11816
Epoch 11817
Epoch 11818
Epoch 11819
Epoch 11820
Epoch 11821
Epoch 11822
Epoch 11823
Epoch 11824
Epoch 11825
Epoch 11826
Epoch 11827
Epoch 11828
Epoch 11829
Epoch 11830
Epoch 11831
Epoch 11832
Epoch 11833
Epoch 11834
Epoch 11835
Epoch 11836
Epoch 11837
Epoch 11838
Epoch 11839
Epoch 11840
Epoch 11841
Epoch 11842
Epoch 11843
Epoch 11844
Epoch 11845
Epoch 11846
Epoch 11847
Epoch 11848
Epoch 11849
Epoch 11850
Epoch 11851
Epoch 11852
Epoch 11853
Epoch 11854
Epoch 11855
Epoch 11856
Epoch 11857
Epoch 11858
Epoch 11859
Epoch 11860
Epoch 11861
Epoch 11862
Epoch 11863
Epoch 11864
Epoch 11865
Epoch 11866
Epoch 11867
Epoch 11868
Epoch 11869
Epoch 11870
Epoch 11871
Epoch 11872
Epoch 11873
Epoch 11874
Epoch 11875
Epoch 11876
Epoch 11877
Epoch 11878
Epoch 11879
Epoch 11880
Epoch 11881
Epoch 11882
Epoch 11883
Epoch 11884
Epoch 11885
Epoch 11886
Epoch 11887
Epoch 11888
Epoch 11889
Epoch 11890
Epoch 11891
Epoch 11892
Epoch 11893
Epoch 11894
Epoch 11895
Epoch 11896
Epoch 11897
Epoch 11898
Epoch 11899
Epoch 11900
Epoch 11901
Epoch 11902
Epoch 11903
Epoch 11904
Epoch 11905
Epoch 11906
Epoch 11907
Epoch 11908
Epoch 11909
Epoch 11910
Epoch 11911
Epoch 11912
Epoch 11913
Epoch 11914
Epoch 11915
Epoch 11916
Epoch 11917
Epoch 11918
Epoch 11919
Epoch 11920
Epoch 11921
Epoch 11922
Epoch 11923
Epoch 11924
Epoch 11925
Epoch 11926
Epoch 11927
Epoch 11928
Epoch 11929
Epoch 11930
Epoch 11931
Epoch 11932
Epoch 11933
Epoch 11934
Epoch 11935
Epoch 11936
Epoch 11937
Epoch 11938
Epoch 11939
Epoch 11940
Epoch 11941
Epoch 11942
Epoch 11943
Epoch 11944
Epoch 11945
Epoch 11946
Epoch 11947
Epoch 11948
Epoch 11949
Epoch 11950
Epoch 11951
Epoch 11952
Epoch 11953
Epoch 11954
Epoch 11955
Epoch 11956
Epoch 11957
Epoch 11958
Epoch 11959
Epoch 11960
Epoch 11961
Epoch 11962
Epoch 11963
Epoch 11964
Epoch 11965
Epoch 11966
Epoch 11967
Epoch 11968
Epoch 11969
Epoch 11970
Epoch 11971
Epoch 11972
Epoch 11973
Epoch 11974
Epoch 11975
Epoch 11976
Epoch 11977
Epoch 11978
Epoch 11979
Epoch 11980
Epoch 11981
Epoch 11982
Epoch 11983
Epoch 11984
Epoch 11985
Epoch 11986
Epoch 11987
Epoch 11988
Epoch 11989
Epoch 11990
Epoch 11991
Epoch 11992
Epoch 11993
Epoch 11994
Epoch 11995
Epoch 11996
Epoch 11997
Epoch 11998
Epoch 11999
Epoch 12000
Epoch 12001
Epoch 12002
Epoch 12003
Epoch 12004
Epoch 12005
Epoch 12006
Epoch 12007
Epoch 12008
Epoch 12009
Epoch 12010
Epoch 12011
Epoch 12012
Epoch 12013
Epoch 12014
Epoch 12015
Epoch 12016
Epoch 12017
Epoch 12018
Epoch 12019
Epoch 12020
Epoch 12021
Epoch 12022
Epoch 12023
Epoch 12024
Epoch 12025
Epoch 12026
Epoch 12027
Epoch 12028
Epoch 12029
Epoch 12030
Epoch 12031
Epoch 12032
Epoch 12033
Epoch 12034
Epoch 12035
Epoch 12036
Epoch 12037
Epoch 12038
Epoch 12039
Epoch 12040
Epoch 12041
Epoch 12042
Epoch 12043
Epoch 12044
Epoch 12045
Epoch 12046
Epoch 12047
Epoch 12048
Epoch 12049
Epoch 12050
Epoch 12051
Epoch 12052
Epoch 12053
Epoch 12054
Epoch 12055
Epoch 12056
Epoch 12057
Epoch 12058
Epoch 12059
Epoch 12060
Epoch 12061
Epoch 12062
Epoch 12063
Epoch 12064
Epoch 12065
Epoch 12066
Epoch 12067
Epoch 12068
Epoch 12069
Epoch 12070
Epoch 12071
Epoch 12072
Epoch 12073
Epoch 12074
Epoch 12075
Epoch 12076
Epoch 12077
Epoch 12078
Epoch 12079
Epoch 12080
Epoch 12081
Epoch 12082
Epoch 12083
Epoch 12084
Epoch 12085
Epoch 12086
Epoch 12087
Epoch 12088
Epoch 12089
Epoch 12090
Epoch 12091
Epoch 12092
Epoch 12093
Epoch 12094
Epoch 12095
Epoch 12096
Epoch 12097
Epoch 12098
Epoch 12099
Epoch 12100
Epoch 12101
Epoch 12102
Epoch 12103
Epoch 12104
Epoch 12105
Epoch 12106
Epoch 12107
Epoch 12108
Epoch 12109
Epoch 12110
Epoch 12111
Epoch 12112
Epoch 12113
Epoch 12114
Epoch 12115
Epoch 12116
Epoch 12117
Epoch 12118
Epoch 12119
Epoch 12120
Epoch 12121
Epoch 12122
Epoch 12123
Epoch 12124
Epoch 12125
Epoch 12126
Epoch 12127
Epoch 12128
Epoch 12129
Epoch 12130
Epoch 12131
Epoch 12132
Epoch 12133
Epoch 12134
Epoch 12135
Epoch 12136
Epoch 12137
Epoch 12138
Epoch 12139
Epoch 12140
Epoch 12141
Epoch 12142
Epoch 12143
Epoch 12144
Epoch 12145
Epoch 12146
Epoch 12147
Epoch 12148
Epoch 12149
Epoch 12150
Epoch 12151
Epoch 12152
Epoch 12153
Epoch 12154
Epoch 12155
Epoch 12156
Epoch 12157
Epoch 12158
Epoch 12159
Epoch 12160
Epoch 12161
Epoch 12162
Epoch 12163
Epoch 12164
Epoch 12165
Epoch 12166
Epoch 12167
Epoch 12168
Epoch 12169
Epoch 12170
Epoch 12171
Epoch 12172
Epoch 12173
Epoch 12174
Epoch 12175
Epoch 12176
Epoch 12177
Epoch 12178
Epoch 12179
Epoch 12180
Epoch 12181
Epoch 12182
Epoch 12183
Epoch 12184
Epoch 12185
Epoch 12186
Epoch 12187
Epoch 12188
Epoch 12189
Epoch 12190
Epoch 12191
Epoch 12192
Epoch 12193
Epoch 12194
Epoch 12195
Epoch 12196
Epoch 12197
Epoch 12198
Epoch 12199
Epoch 12200
Epoch 12201
Epoch 12202
Epoch 12203
Epoch 12204
Epoch 12205
Epoch 12206
Epoch 12207
Epoch 12208
Epoch 12209
Epoch 12210
Epoch 12211
Epoch 12212
Epoch 12213
Epoch 12214
Epoch 12215
Epoch 12216
Epoch 12217
Epoch 12218
Epoch 12219
Epoch 12220
Epoch 12221
Epoch 12222
Epoch 12223
Epoch 12224
Epoch 12225
Epoch 12226
Epoch 12227
Epoch 12228
Epoch 12229
Epoch 12230
Epoch 12231
Epoch 12232
Epoch 12233
Epoch 12234
Epoch 12235
Epoch 12236
Epoch 12237
Epoch 12238
Epoch 12239
Epoch 12240
Epoch 12241
Epoch 12242
Epoch 12243
Epoch 12244
Epoch 12245
Epoch 12246
Epoch 12247
Epoch 12248
Epoch 12249
Epoch 12250
Epoch 12251
Epoch 12252
Epoch 12253
Epoch 12254
Epoch 12255
Epoch 12256
Epoch 12257
Epoch 12258
Epoch 12259
Epoch 12260
Epoch 12261
Epoch 12262
Epoch 12263
Epoch 12264
Epoch 12265
Epoch 12266
Epoch 12267
Epoch 12268
Epoch 12269
Epoch 12270
Epoch 12271
Epoch 12272
Epoch 12273
Epoch 12274
Epoch 12275
Epoch 12276
Epoch 12277
Epoch 12278
Epoch 12279
Epoch 12280
Epoch 12281
Epoch 12282
Epoch 12283
Epoch 12284
Epoch 12285
Epoch 12286
Epoch 12287
Epoch 12288
Epoch 12289
Epoch 12290
Epoch 12291
Epoch 12292
Epoch 12293
Epoch 12294
Epoch 12295
Epoch 12296
Epoch 12297
Epoch 12298
Epoch 12299
Epoch 12300
Epoch 12301
Epoch 12302
Epoch 12303
Epoch 12304
Epoch 12305
Epoch 12306
Epoch 12307
Epoch 12308
Epoch 12309
Epoch 12310
Epoch 12311
Epoch 12312
Epoch 12313
Epoch 12314
Epoch 12315
Epoch 12316
Epoch 12317
Epoch 12318
Epoch 12319
Epoch 12320
Epoch 12321
Epoch 12322
Epoch 12323
Epoch 12324
Epoch 12325
Epoch 12326
Epoch 12327
Epoch 12328
Epoch 12329
Epoch 12330
Epoch 12331
Epoch 12332
Epoch 12333
Epoch 12334
Epoch 12335
Epoch 12336
Epoch 12337
Epoch 12338
Epoch 12339
Epoch 12340
Epoch 12341
Epoch 12342
Epoch 12343
Epoch 12344
Epoch 12345
Epoch 12346
Epoch 12347
Epoch 12348
Epoch 12349
Epoch 12350
Epoch 12351
Epoch 12352
Epoch 12353
Epoch 12354
Epoch 12355
Epoch 12356
Epoch 12357
Epoch 12358
Epoch 12359
Epoch 12360
Epoch 12361
Epoch 12362
Epoch 12363
Epoch 12364
Epoch 12365
Epoch 12366
Epoch 12367
Epoch 12368
Epoch 12369
Epoch 12370
Epoch 12371
Epoch 12372
Epoch 12373
Epoch 12374
Epoch 12375
Epoch 12376
Epoch 12377
Epoch 12378
Epoch 12379
Epoch 12380
Epoch 12381
Epoch 12382
Epoch 12383
Epoch 12384
Epoch 12385
Epoch 12386
Epoch 12387
Epoch 12388
Epoch 12389
Epoch 12390
Epoch 12391
Epoch 12392
Epoch 12393
Epoch 12394
Epoch 12395
Epoch 12396
Epoch 12397
Epoch 12398
Epoch 12399
Epoch 12400
Epoch 12401
Epoch 12402
Epoch 12403
Epoch 12404
Epoch 12405
Epoch 12406
Epoch 12407
Epoch 12408
Epoch 12409
Epoch 12410
Epoch 12411
Epoch 12412
Epoch 12413
Epoch 12414
Epoch 12415
Epoch 12416
Epoch 12417
Epoch 12418
Epoch 12419
Epoch 12420
Epoch 12421
Epoch 12422
Epoch 12423
Epoch 12424
Epoch 12425
Epoch 12426
Epoch 12427
Epoch 12428
Epoch 12429
Epoch 12430
Epoch 12431
Epoch 12432
Epoch 12433
Epoch 12434
Epoch 12435
Epoch 12436
Epoch 12437
Epoch 12438
Epoch 12439
Epoch 12440
Epoch 12441
Epoch 12442
Epoch 12443
Epoch 12444
Epoch 12445
Epoch 12446
Epoch 12447
Epoch 12448
Epoch 12449
Epoch 12450
Epoch 12451
Epoch 12452
Epoch 12453
Epoch 12454
Epoch 12455
Epoch 12456
Epoch 12457
Epoch 12458
Epoch 12459
Epoch 12460
Epoch 12461
Epoch 12462
Epoch 12463
Epoch 12464
Epoch 12465
Epoch 12466
Epoch 12467
Epoch 12468
Epoch 12469
Epoch 12470
Epoch 12471
Epoch 12472
Epoch 12473
Epoch 12474
Epoch 12475
Epoch 12476
Epoch 12477
Epoch 12478
Epoch 12479
Epoch 12480
Epoch 12481
Epoch 12482
Epoch 12483
Epoch 12484
Epoch 12485
Epoch 12486
Epoch 12487
Epoch 12488
Epoch 12489
Epoch 12490
Epoch 12491
Epoch 12492
Epoch 12493
Epoch 12494
Epoch 12495
Epoch 12496
Epoch 12497
Epoch 12498
Epoch 12499
Epoch 12500
Epoch 12501
Epoch 12502
Epoch 12503
Epoch 12504
Epoch 12505
Epoch 12506
Epoch 12507
Epoch 12508
Epoch 12509
Epoch 12510
Epoch 12511
Epoch 12512
Epoch 12513
Epoch 12514
Epoch 12515
Epoch 12516
Epoch 12517
Epoch 12518
Epoch 12519
Epoch 12520
Epoch 12521
Epoch 12522
Epoch 12523
Epoch 12524
Epoch 12525
Epoch 12526
Epoch 12527
Epoch 12528
Epoch 12529
Epoch 12530
Epoch 12531
Epoch 12532
Epoch 12533
Epoch 12534
Epoch 12535
Epoch 12536
Epoch 12537
Epoch 12538
Epoch 12539
Epoch 12540
Epoch 12541
Epoch 12542
Epoch 12543
Epoch 12544
Epoch 12545
Epoch 12546
Epoch 12547
Epoch 12548
Epoch 12549
Epoch 12550
Epoch 12551
Epoch 12552
Epoch 12553
Epoch 12554
Epoch 12555
Epoch 12556
Epoch 12557
Epoch 12558
Epoch 12559
Epoch 12560
Epoch 12561
Epoch 12562
Epoch 12563
Epoch 12564
Epoch 12565
Epoch 12566
Epoch 12567
Epoch 12568
Epoch 12569
Epoch 12570
Epoch 12571
Epoch 12572
Epoch 12573
Epoch 12574
Epoch 12575
Epoch 12576
Epoch 12577
Epoch 12578
Epoch 12579
Epoch 12580
Epoch 12581
Epoch 12582
Epoch 12583
Epoch 12584
Epoch 12585
Epoch 12586
Epoch 12587
Epoch 12588
Epoch 12589
Epoch 12590
Epoch 12591
Epoch 12592
Epoch 12593
Epoch 12594
Epoch 12595
Epoch 12596
Epoch 12597
Epoch 12598
Epoch 12599
Epoch 12600
Epoch 12601
Epoch 12602
Epoch 12603
Epoch 12604
Epoch 12605
Epoch 12606
Epoch 12607
Epoch 12608
Epoch 12609
Epoch 12610
Epoch 12611
Epoch 12612
Epoch 12613
Epoch 12614
Epoch 12615
Epoch 12616
Epoch 12617
Epoch 12618
Epoch 12619
Epoch 12620
Epoch 12621
Epoch 12622
Epoch 12623
Epoch 12624
Epoch 12625
Epoch 12626
Epoch 12627
Epoch 12628
Epoch 12629
Epoch 12630
Epoch 12631
Epoch 12632
Epoch 12633
Epoch 12634
Epoch 12635
Epoch 12636
Epoch 12637
Epoch 12638
Epoch 12639
Epoch 12640
Epoch 12641
Epoch 12642
Epoch 12643
Epoch 12644
Epoch 12645
Epoch 12646
Epoch 12647
Epoch 12648
Epoch 12649
Epoch 12650
Epoch 12651
Epoch 12652
Epoch 12653
Epoch 12654
Epoch 12655
Epoch 12656
Epoch 12657
Epoch 12658
Epoch 12659
Epoch 12660
Epoch 12661
Epoch 12662
Epoch 12663
Epoch 12664
Epoch 12665
Epoch 12666
Epoch 12667
Epoch 12668
Epoch 12669
Epoch 12670
Epoch 12671
Epoch 12672
Epoch 12673
Epoch 12674
Epoch 12675
Epoch 12676
Epoch 12677
Epoch 12678
Epoch 12679
Epoch 12680
Epoch 12681
Epoch 12682
Epoch 12683
Epoch 12684
Epoch 12685
Epoch 12686
Epoch 12687
Epoch 12688
Epoch 12689
Epoch 12690
Epoch 12691
Epoch 12692
Epoch 12693
Epoch 12694
Epoch 12695
Epoch 12696
Epoch 12697
Epoch 12698
Epoch 12699
Epoch 12700
Epoch 12701
Epoch 12702
Epoch 12703
Epoch 12704
Epoch 12705
Epoch 12706
Epoch 12707
Epoch 12708
Epoch 12709
Epoch 12710
Epoch 12711
Epoch 12712
Epoch 12713
Epoch 12714
Epoch 12715
Epoch 12716
Epoch 12717
Epoch 12718
Epoch 12719
Epoch 12720
Epoch 12721
Epoch 12722
Epoch 12723
Epoch 12724
Epoch 12725
Epoch 12726
Epoch 12727
Epoch 12728
Epoch 12729
Epoch 12730
Epoch 12731
Epoch 12732
Epoch 12733
Epoch 12734
Epoch 12735
Epoch 12736
Epoch 12737
Epoch 12738
Epoch 12739
Epoch 12740
Epoch 12741
Epoch 12742
Epoch 12743
Epoch 12744
Epoch 12745
Epoch 12746
Epoch 12747
Epoch 12748
Epoch 12749
Epoch 12750
Epoch 12751
Epoch 12752
Epoch 12753
Epoch 12754
Epoch 12755
Epoch 12756
Epoch 12757
Epoch 12758
Epoch 12759
Epoch 12760
Epoch 12761
Epoch 12762
Epoch 12763
Epoch 12764
Epoch 12765
Epoch 12766
Epoch 12767
Epoch 12768
Epoch 12769
Epoch 12770
Epoch 12771
Epoch 12772
Epoch 12773
Epoch 12774
Epoch 12775
Epoch 12776
Epoch 12777
Epoch 12778
Epoch 12779
Epoch 12780
Epoch 12781
Epoch 12782
Epoch 12783
Epoch 12784
Epoch 12785
Epoch 12786
Epoch 12787
Epoch 12788
Epoch 12789
Epoch 12790
Epoch 12791
Epoch 12792
Epoch 12793
Epoch 12794
Epoch 12795
Epoch 12796
Epoch 12797
Epoch 12798
Epoch 12799
Epoch 12800
Epoch 12801
Epoch 12802
Epoch 12803
Epoch 12804
Epoch 12805
Epoch 12806
Epoch 12807
Epoch 12808
Epoch 12809
Epoch 12810
Epoch 12811
Epoch 12812
Epoch 12813
Epoch 12814
Epoch 12815
Epoch 12816
Epoch 12817
Epoch 12818
Epoch 12819
Epoch 12820
Epoch 12821
Epoch 12822
Epoch 12823
Epoch 12824
Epoch 12825
Epoch 12826
Epoch 12827
Epoch 12828
Epoch 12829
Epoch 12830
Epoch 12831
Epoch 12832
Epoch 12833
Epoch 12834
Epoch 12835
Epoch 12836
Epoch 12837
Epoch 12838
Epoch 12839
Epoch 12840
Epoch 12841
Epoch 12842
Epoch 12843
Epoch 12844
Epoch 12845
Epoch 12846
Epoch 12847
Epoch 12848
Epoch 12849
Epoch 12850
Epoch 12851
Epoch 12852
Epoch 12853
Epoch 12854
Epoch 12855
Epoch 12856
Epoch 12857
Epoch 12858
Epoch 12859
Epoch 12860
Epoch 12861
Epoch 12862
Epoch 12863
Epoch 12864
Epoch 12865
Epoch 12866
Epoch 12867
Epoch 12868
Epoch 12869
Epoch 12870
Epoch 12871
Epoch 12872
Epoch 12873
Epoch 12874
Epoch 12875
Epoch 12876
Epoch 12877
Epoch 12878
Epoch 12879
Epoch 12880
Epoch 12881
Epoch 12882
Epoch 12883
Epoch 12884
Epoch 12885
Epoch 12886
Epoch 12887
Epoch 12888
Epoch 12889
Epoch 12890
Epoch 12891
Epoch 12892
Epoch 12893
Epoch 12894
Epoch 12895
Epoch 12896
Epoch 12897
Epoch 12898
Epoch 12899
Epoch 12900
Epoch 12901
Epoch 12902
Epoch 12903
Epoch 12904
Epoch 12905
Epoch 12906
Epoch 12907
Epoch 12908
Epoch 12909
Epoch 12910
Epoch 12911
Epoch 12912
Epoch 12913
Epoch 12914
Epoch 12915
Epoch 12916
Epoch 12917
Epoch 12918
Epoch 12919
Epoch 12920
Epoch 12921
Epoch 12922
Epoch 12923
Epoch 12924
Epoch 12925
Epoch 12926
Epoch 12927
Epoch 12928
Epoch 12929
Epoch 12930
Epoch 12931
Epoch 12932
Epoch 12933
Epoch 12934
Epoch 12935
Epoch 12936
Epoch 12937
Epoch 12938
Epoch 12939
Epoch 12940
Epoch 12941
Epoch 12942
Epoch 12943
Epoch 12944
Epoch 12945
Epoch 12946
Epoch 12947
Epoch 12948
Epoch 12949
Epoch 12950
Epoch 12951
Epoch 12952
Epoch 12953
Epoch 12954
Epoch 12955
Epoch 12956
Epoch 12957
Epoch 12958
Epoch 12959
Epoch 12960
Epoch 12961
Epoch 12962
Epoch 12963
Epoch 12964
Epoch 12965
Epoch 12966
Epoch 12967
Epoch 12968
Epoch 12969
Epoch 12970
Epoch 12971
Epoch 12972
Epoch 12973
Epoch 12974
Epoch 12975
Epoch 12976
Epoch 12977
Epoch 12978
Epoch 12979
Epoch 12980
Epoch 12981
Epoch 12982
Epoch 12983
Epoch 12984
Epoch 12985
Epoch 12986
Epoch 12987
Epoch 12988
Epoch 12989
Epoch 12990
Epoch 12991
Epoch 12992
Epoch 12993
Epoch 12994
Epoch 12995
Epoch 12996
Epoch 12997
Epoch 12998
Epoch 12999
Epoch 13000
Epoch 13001
Epoch 13002
Epoch 13003
Epoch 13004
Epoch 13005
Epoch 13006
Epoch 13007
Epoch 13008
Epoch 13009
Epoch 13010
Epoch 13011
Epoch 13012
Epoch 13013
Epoch 13014
Epoch 13015
Epoch 13016
Epoch 13017
Epoch 13018
Epoch 13019
Epoch 13020
Epoch 13021
Epoch 13022
Epoch 13023
Epoch 13024
Epoch 13025
Epoch 13026
Epoch 13027
Epoch 13028
Epoch 13029
Epoch 13030
Epoch 13031
Epoch 13032
Epoch 13033
Epoch 13034
Epoch 13035
Epoch 13036
Epoch 13037
Epoch 13038
Epoch 13039
Epoch 13040
Epoch 13041
Epoch 13042
Epoch 13043
Epoch 13044
Epoch 13045
Epoch 13046
Epoch 13047
Epoch 13048
Epoch 13049
Epoch 13050
Epoch 13051
Epoch 13052
Epoch 13053
Epoch 13054
Epoch 13055
Epoch 13056
Epoch 13057
Epoch 13058
Epoch 13059
Epoch 13060
Epoch 13061
Epoch 13062
Epoch 13063
Epoch 13064
Epoch 13065
Epoch 13066
Epoch 13067
Epoch 13068
Epoch 13069
Epoch 13070
Epoch 13071
Epoch 13072
Epoch 13073
Epoch 13074
Epoch 13075
Epoch 13076
Epoch 13077
Epoch 13078
Epoch 13079
Epoch 13080
Epoch 13081
Epoch 13082
Epoch 13083
Epoch 13084
Epoch 13085
Epoch 13086
Epoch 13087
Epoch 13088
Epoch 13089
Epoch 13090
Epoch 13091
Epoch 13092
Epoch 13093
Epoch 13094
Epoch 13095
Epoch 13096
Epoch 13097
Epoch 13098
Epoch 13099
Epoch 13100
Epoch 13101
Epoch 13102
Epoch 13103
Epoch 13104
Epoch 13105
Epoch 13106
Epoch 13107
Epoch 13108
Epoch 13109
Epoch 13110
Epoch 13111
Epoch 13112
Epoch 13113
Epoch 13114
Epoch 13115
Epoch 13116
Epoch 13117
Epoch 13118
Epoch 13119
Epoch 13120
Epoch 13121
Epoch 13122
Epoch 13123
Epoch 13124
Epoch 13125
Epoch 13126
Epoch 13127
Epoch 13128
Epoch 13129
Epoch 13130
Epoch 13131
Epoch 13132
Epoch 13133
Epoch 13134
Epoch 13135
Epoch 13136
Epoch 13137
Epoch 13138
Epoch 13139
Epoch 13140
Epoch 13141
Epoch 13142
Epoch 13143
Epoch 13144
Epoch 13145
Epoch 13146
Epoch 13147
Epoch 13148
Epoch 13149
Epoch 13150
Epoch 13151
Epoch 13152
Epoch 13153
Epoch 13154
Epoch 13155
Epoch 13156
Epoch 13157
Epoch 13158
Epoch 13159
Epoch 13160
Epoch 13161
Epoch 13162
Epoch 13163
Epoch 13164
Epoch 13165
Epoch 13166
Epoch 13167
Epoch 13168
Epoch 13169
Epoch 13170
Epoch 13171
Epoch 13172
Epoch 13173
Epoch 13174
Epoch 13175
Epoch 13176
Epoch 13177
Epoch 13178
Epoch 13179
Epoch 13180
Epoch 13181
Epoch 13182
Epoch 13183
Epoch 13184
Epoch 13185
Epoch 13186
Epoch 13187
Epoch 13188
Epoch 13189
Epoch 13190
Epoch 13191
Epoch 13192
Epoch 13193
Epoch 13194
Epoch 13195
Epoch 13196
Epoch 13197
Epoch 13198
Epoch 13199
Epoch 13200
Epoch 13201
Epoch 13202
Epoch 13203
Epoch 13204
Epoch 13205
Epoch 13206
Epoch 13207
Epoch 13208
Epoch 13209
Epoch 13210
Epoch 13211
Epoch 13212
Epoch 13213
Epoch 13214
Epoch 13215
Epoch 13216
Epoch 13217
Epoch 13218
Epoch 13219
Epoch 13220
Epoch 13221
Epoch 13222
Epoch 13223
Epoch 13224
Epoch 13225
Epoch 13226
Epoch 13227
Epoch 13228
Epoch 13229
Epoch 13230
Epoch 13231
Epoch 13232
Epoch 13233
Epoch 13234
Epoch 13235
Epoch 13236
Epoch 13237
Epoch 13238
Epoch 13239
Epoch 13240
Epoch 13241
Epoch 13242
Epoch 13243
Epoch 13244
Epoch 13245
Epoch 13246
Epoch 13247
Epoch 13248
Epoch 13249
Epoch 13250
Epoch 13251
Epoch 13252
Epoch 13253
Epoch 13254
Epoch 13255
Epoch 13256
Epoch 13257
Epoch 13258
Epoch 13259
Epoch 13260
Epoch 13261
Epoch 13262
Epoch 13263
Epoch 13264
Epoch 13265
Epoch 13266
Epoch 13267
Epoch 13268
Epoch 13269
Epoch 13270
Epoch 13271
Epoch 13272
Epoch 13273
Epoch 13274
Epoch 13275
Epoch 13276
Epoch 13277
Epoch 13278
Epoch 13279
Epoch 13280
Epoch 13281
Epoch 13282
Epoch 13283
Epoch 13284
Epoch 13285
Epoch 13286
Epoch 13287
Epoch 13288
Epoch 13289
Epoch 13290
Epoch 13291
Epoch 13292
Epoch 13293
Epoch 13294
Epoch 13295
Epoch 13296
Epoch 13297
Epoch 13298
Epoch 13299
Epoch 13300
Epoch 13301
Epoch 13302
Epoch 13303
Epoch 13304
Epoch 13305
Epoch 13306
Epoch 13307
Epoch 13308
Epoch 13309
Epoch 13310
Epoch 13311
Epoch 13312
Epoch 13313
Epoch 13314
Epoch 13315
Epoch 13316
Epoch 13317
Epoch 13318
Epoch 13319
Epoch 13320
Epoch 13321
Epoch 13322
Epoch 13323
Epoch 13324
Epoch 13325
Epoch 13326
Epoch 13327
Epoch 13328
Epoch 13329
Epoch 13330
Epoch 13331
Epoch 13332
Epoch 13333
Epoch 13334
Epoch 13335
Epoch 13336
Epoch 13337
Epoch 13338
Epoch 13339
Epoch 13340
Epoch 13341
Epoch 13342
Epoch 13343
Epoch 13344
Epoch 13345
Epoch 13346
Epoch 13347
Epoch 13348
Epoch 13349
Epoch 13350
Epoch 13351
Epoch 13352
Epoch 13353
Epoch 13354
Epoch 13355
Epoch 13356
Epoch 13357
Epoch 13358
Epoch 13359
Epoch 13360
Epoch 13361
Epoch 13362
Epoch 13363
Epoch 13364
Epoch 13365
Epoch 13366
Epoch 13367
Epoch 13368
Epoch 13369
Epoch 13370
Epoch 13371
Epoch 13372
Epoch 13373
Epoch 13374
Epoch 13375
Epoch 13376
Epoch 13377
Epoch 13378
Epoch 13379
Epoch 13380
Epoch 13381
Epoch 13382
Epoch 13383
Epoch 13384
Epoch 13385
Epoch 13386
Epoch 13387
Epoch 13388
Epoch 13389
Epoch 13390
Epoch 13391
Epoch 13392
Epoch 13393
Epoch 13394
Epoch 13395
Epoch 13396
Epoch 13397
Epoch 13398
Epoch 13399
Epoch 13400
Epoch 13401
Epoch 13402
Epoch 13403
Epoch 13404
Epoch 13405
Epoch 13406
Epoch 13407
Epoch 13408
Epoch 13409
Epoch 13410
Epoch 13411
Epoch 13412
Epoch 13413
Epoch 13414
Epoch 13415
Epoch 13416
Epoch 13417
Epoch 13418
Epoch 13419
Epoch 13420
Epoch 13421
Epoch 13422
Epoch 13423
Epoch 13424
Epoch 13425
Epoch 13426
Epoch 13427
Epoch 13428
Epoch 13429
Epoch 13430
Epoch 13431
Epoch 13432
Epoch 13433
Epoch 13434
Epoch 13435
Epoch 13436
Epoch 13437
Epoch 13438
Epoch 13439
Epoch 13440
Epoch 13441
Epoch 13442
Epoch 13443
Epoch 13444
Epoch 13445
Epoch 13446
Epoch 13447
Epoch 13448
Epoch 13449
Epoch 13450
Epoch 13451
Epoch 13452
Epoch 13453
Epoch 13454
Epoch 13455
Epoch 13456
Epoch 13457
Epoch 13458
Epoch 13459
Epoch 13460
Epoch 13461
Epoch 13462
Epoch 13463
Epoch 13464
Epoch 13465
Epoch 13466
Epoch 13467
Epoch 13468
Epoch 13469
Epoch 13470
Epoch 13471
Epoch 13472
Epoch 13473
Epoch 13474
Epoch 13475
Epoch 13476
Epoch 13477
Epoch 13478
Epoch 13479
Epoch 13480
Epoch 13481
Epoch 13482
Epoch 13483
Epoch 13484
Epoch 13485
Epoch 13486
Epoch 13487
Epoch 13488
Epoch 13489
Epoch 13490
Epoch 13491
Epoch 13492
Epoch 13493
Epoch 13494
Epoch 13495
Epoch 13496
Epoch 13497
Epoch 13498
Epoch 13499
Epoch 13500
Epoch 13501
Epoch 13502
Epoch 13503
Epoch 13504
Epoch 13505
Epoch 13506
Epoch 13507
Epoch 13508
Epoch 13509
Epoch 13510
Epoch 13511
Epoch 13512
Epoch 13513
Epoch 13514
Epoch 13515
Epoch 13516
Epoch 13517
Epoch 13518
Epoch 13519
Epoch 13520
Epoch 13521
Epoch 13522
Epoch 13523
Epoch 13524
Epoch 13525
Epoch 13526
Epoch 13527
Epoch 13528
Epoch 13529
Epoch 13530
Epoch 13531
Epoch 13532
Epoch 13533
Epoch 13534
Epoch 13535
Epoch 13536
Epoch 13537
Epoch 13538
Epoch 13539
Epoch 13540
Epoch 13541
Epoch 13542
Epoch 13543
Epoch 13544
Epoch 13545
Epoch 13546
Epoch 13547
Epoch 13548
Epoch 13549
Epoch 13550
Epoch 13551
Epoch 13552
Epoch 13553
Epoch 13554
Epoch 13555
Epoch 13556
Epoch 13557
Epoch 13558
Epoch 13559
Epoch 13560
Epoch 13561
Epoch 13562
Epoch 13563
Epoch 13564
Epoch 13565
Epoch 13566
Epoch 13567
Epoch 13568
Epoch 13569
Epoch 13570
Epoch 13571
Epoch 13572
Epoch 13573
Epoch 13574
Epoch 13575
Epoch 13576
Epoch 13577
Epoch 13578
Epoch 13579
Epoch 13580
Epoch 13581
Epoch 13582
Epoch 13583
Epoch 13584
Epoch 13585
Epoch 13586
Epoch 13587
Epoch 13588
Epoch 13589
Epoch 13590
Epoch 13591
Epoch 13592
Epoch 13593
Epoch 13594
Epoch 13595
Epoch 13596
Epoch 13597
Epoch 13598
Epoch 13599
Epoch 13600
Epoch 13601
Epoch 13602
Epoch 13603
Epoch 13604
Epoch 13605
Epoch 13606
Epoch 13607
Epoch 13608
Epoch 13609
Epoch 13610
Epoch 13611
Epoch 13612
Epoch 13613
Epoch 13614
Epoch 13615
Epoch 13616
Epoch 13617
Epoch 13618
Epoch 13619
Epoch 13620
Epoch 13621
Epoch 13622
Epoch 13623
Epoch 13624
Epoch 13625
Epoch 13626
Epoch 13627
Epoch 13628
Epoch 13629
Epoch 13630
Epoch 13631
Epoch 13632
Epoch 13633
Epoch 13634
Epoch 13635
Epoch 13636
Epoch 13637
Epoch 13638
Epoch 13639
Epoch 13640
Epoch 13641
Epoch 13642
Epoch 13643
Epoch 13644
Epoch 13645
Epoch 13646
Epoch 13647
Epoch 13648
Epoch 13649
Epoch 13650
Epoch 13651
Epoch 13652
Epoch 13653
Epoch 13654
Epoch 13655
Epoch 13656
Epoch 13657
Epoch 13658
Epoch 13659
Epoch 13660
Epoch 13661
Epoch 13662
Epoch 13663
Epoch 13664
Epoch 13665
Epoch 13666
Epoch 13667
Epoch 13668
Epoch 13669
Epoch 13670
Epoch 13671
Epoch 13672
Epoch 13673
Epoch 13674
Epoch 13675
Epoch 13676
Epoch 13677
Epoch 13678
Epoch 13679
Epoch 13680
Epoch 13681
Epoch 13682
Epoch 13683
Epoch 13684
Epoch 13685
Epoch 13686
Epoch 13687
Epoch 13688
Epoch 13689
Epoch 13690
Epoch 13691
Epoch 13692
Epoch 13693
Epoch 13694
Epoch 13695
Epoch 13696
Epoch 13697
Epoch 13698
Epoch 13699
Epoch 13700
Epoch 13701
Epoch 13702
Epoch 13703
Epoch 13704
Epoch 13705
Epoch 13706
Epoch 13707
Epoch 13708
Epoch 13709
Epoch 13710
Epoch 13711
Epoch 13712
Epoch 13713
Epoch 13714
Epoch 13715
Epoch 13716
Epoch 13717
Epoch 13718
Epoch 13719
Epoch 13720
Epoch 13721
Epoch 13722
Epoch 13723
Epoch 13724
Epoch 13725
Epoch 13726
Epoch 13727
Epoch 13728
Epoch 13729
Epoch 13730
Epoch 13731
Epoch 13732
Epoch 13733
Epoch 13734
Epoch 13735
Epoch 13736
Epoch 13737
Epoch 13738
Epoch 13739
Epoch 13740
Epoch 13741
Epoch 13742
Epoch 13743
Epoch 13744
Epoch 13745
Epoch 13746
Epoch 13747
Epoch 13748
Epoch 13749
Epoch 13750
Epoch 13751
Epoch 13752
Epoch 13753
Epoch 13754
Epoch 13755
Epoch 13756
Epoch 13757
Epoch 13758
Epoch 13759
Epoch 13760
Epoch 13761
Epoch 13762
Epoch 13763
Epoch 13764
Epoch 13765
Epoch 13766
Epoch 13767
Epoch 13768
Epoch 13769
Epoch 13770
Epoch 13771
Epoch 13772
Epoch 13773
Epoch 13774
Epoch 13775
Epoch 13776
Epoch 13777
Epoch 13778
Epoch 13779
Epoch 13780
Epoch 13781
Epoch 13782
Epoch 13783
Epoch 13784
Epoch 13785
Epoch 13786
Epoch 13787
Epoch 13788
Epoch 13789
Epoch 13790
Epoch 13791
Epoch 13792
Epoch 13793
Epoch 13794
Epoch 13795
Epoch 13796
Epoch 13797
Epoch 13798
Epoch 13799
Epoch 13800
Epoch 13801
Epoch 13802
Epoch 13803
Epoch 13804
Epoch 13805
Epoch 13806
Epoch 13807
Epoch 13808
Epoch 13809
Epoch 13810
Epoch 13811
Epoch 13812
Epoch 13813
Epoch 13814
Epoch 13815
Epoch 13816
Epoch 13817
Epoch 13818
Epoch 13819
Epoch 13820
Epoch 13821
Epoch 13822
Epoch 13823
Epoch 13824
Epoch 13825
Epoch 13826
Epoch 13827
Epoch 13828
Epoch 13829
Epoch 13830
Epoch 13831
Epoch 13832
Epoch 13833
Epoch 13834
Epoch 13835
Epoch 13836
Epoch 13837
Epoch 13838
Epoch 13839
Epoch 13840
Epoch 13841
Epoch 13842
Epoch 13843
Epoch 13844
Epoch 13845
Epoch 13846
Epoch 13847
Epoch 13848
Epoch 13849
Epoch 13850
Epoch 13851
Epoch 13852
Epoch 13853
Epoch 13854
Epoch 13855
Epoch 13856
Epoch 13857
Epoch 13858
Epoch 13859
Epoch 13860
Epoch 13861
Epoch 13862
Epoch 13863
Epoch 13864
Epoch 13865
Epoch 13866
Epoch 13867
Epoch 13868
Epoch 13869
Epoch 13870
Epoch 13871
Epoch 13872
Epoch 13873
Epoch 13874
Epoch 13875
Epoch 13876
Epoch 13877
Epoch 13878
Epoch 13879
Epoch 13880
Epoch 13881
Epoch 13882
Epoch 13883
Epoch 13884
Epoch 13885
Epoch 13886
Epoch 13887
Epoch 13888
Epoch 13889
Epoch 13890
Epoch 13891
Epoch 13892
Epoch 13893
Epoch 13894
Epoch 13895
Epoch 13896
Epoch 13897
Epoch 13898
Epoch 13899
Epoch 13900
Epoch 13901
Epoch 13902
Epoch 13903
Epoch 13904
Epoch 13905
Epoch 13906
Epoch 13907
Epoch 13908
Epoch 13909
Epoch 13910
Epoch 13911
Epoch 13912
Epoch 13913
Epoch 13914
Epoch 13915
Epoch 13916
Epoch 13917
Epoch 13918
Epoch 13919
Epoch 13920
Epoch 13921
Epoch 13922
Epoch 13923
Epoch 13924
Epoch 13925
Epoch 13926
Epoch 13927
Epoch 13928
Epoch 13929
Epoch 13930
Epoch 13931
Epoch 13932
Epoch 13933
Epoch 13934
Epoch 13935
Epoch 13936
Epoch 13937
Epoch 13938
Epoch 13939
Epoch 13940
Epoch 13941
Epoch 13942
Epoch 13943
Epoch 13944
Epoch 13945
Epoch 13946
Epoch 13947
Epoch 13948
Epoch 13949
Epoch 13950
Epoch 13951
Epoch 13952
Epoch 13953
Epoch 13954
Epoch 13955
Epoch 13956
Epoch 13957
Epoch 13958
Epoch 13959
Epoch 13960
Epoch 13961
Epoch 13962
Epoch 13963
Epoch 13964
Epoch 13965
Epoch 13966
Epoch 13967
Epoch 13968
Epoch 13969
Epoch 13970
Epoch 13971
Epoch 13972
Epoch 13973
Epoch 13974
Epoch 13975
Epoch 13976
Epoch 13977
Epoch 13978
Epoch 13979
Epoch 13980
Epoch 13981
Epoch 13982
Epoch 13983
Epoch 13984
Epoch 13985
Epoch 13986
Epoch 13987
Epoch 13988
Epoch 13989
Epoch 13990
Epoch 13991
Epoch 13992
Epoch 13993
Epoch 13994
Epoch 13995
Epoch 13996
Epoch 13997
Epoch 13998
Epoch 13999
Epoch 14000
Epoch 14001
Epoch 14002
Epoch 14003
Epoch 14004
Epoch 14005
Epoch 14006
Epoch 14007
Epoch 14008
Epoch 14009
Epoch 14010
Epoch 14011
Epoch 14012
Epoch 14013
Epoch 14014
Epoch 14015
Epoch 14016
Epoch 14017
Epoch 14018
Epoch 14019
Epoch 14020
Epoch 14021
Epoch 14022
Epoch 14023
Epoch 14024
Epoch 14025
Epoch 14026
Epoch 14027
Epoch 14028
Epoch 14029
Epoch 14030
Epoch 14031
Epoch 14032
Epoch 14033
Epoch 14034
Epoch 14035
Epoch 14036
Epoch 14037
Epoch 14038
Epoch 14039
Epoch 14040
Epoch 14041
Epoch 14042
Epoch 14043
Epoch 14044
Epoch 14045
Epoch 14046
Epoch 14047
Epoch 14048
Epoch 14049
Epoch 14050
Epoch 14051
Epoch 14052
Epoch 14053
Epoch 14054
Epoch 14055
Epoch 14056
Epoch 14057
Epoch 14058
Epoch 14059
Epoch 14060
Epoch 14061
Epoch 14062
Epoch 14063
Epoch 14064
Epoch 14065
Epoch 14066
Epoch 14067
Epoch 14068
Epoch 14069
Epoch 14070
Epoch 14071
Epoch 14072
Epoch 14073
Epoch 14074
Epoch 14075
Epoch 14076
Epoch 14077
Epoch 14078
Epoch 14079
Epoch 14080
Epoch 14081
Epoch 14082
Epoch 14083
Epoch 14084
Epoch 14085
Epoch 14086
Epoch 14087
Epoch 14088
Epoch 14089
Epoch 14090
Epoch 14091
Epoch 14092
Epoch 14093
Epoch 14094
Epoch 14095
Epoch 14096
Epoch 14097
Epoch 14098
Epoch 14099
Epoch 14100
Epoch 14101
Epoch 14102
Epoch 14103
Epoch 14104
Epoch 14105
Epoch 14106
Epoch 14107
Epoch 14108
Epoch 14109
Epoch 14110
Epoch 14111
Epoch 14112
Epoch 14113
Epoch 14114
Epoch 14115
Epoch 14116
Epoch 14117
Epoch 14118
Epoch 14119
Epoch 14120
Epoch 14121
Epoch 14122
Epoch 14123
Epoch 14124
Epoch 14125
Epoch 14126
Epoch 14127
Epoch 14128
Epoch 14129
Epoch 14130
Epoch 14131
Epoch 14132
Epoch 14133
Epoch 14134
Epoch 14135
Epoch 14136
Epoch 14137
Epoch 14138
Epoch 14139
Epoch 14140
Epoch 14141
Epoch 14142
Epoch 14143
Epoch 14144
Epoch 14145
Epoch 14146
Epoch 14147
Epoch 14148
Epoch 14149
Epoch 14150
Epoch 14151
Epoch 14152
Epoch 14153
Epoch 14154
Epoch 14155
Epoch 14156
Epoch 14157
Epoch 14158
Epoch 14159
Epoch 14160
Epoch 14161
Epoch 14162
Epoch 14163
Epoch 14164
Epoch 14165
Epoch 14166
Epoch 14167
Epoch 14168
Epoch 14169
Epoch 14170
Epoch 14171
Epoch 14172
Epoch 14173
Epoch 14174
Epoch 14175
Epoch 14176
Epoch 14177
Epoch 14178
Epoch 14179
Epoch 14180
Epoch 14181
Epoch 14182
Epoch 14183
Epoch 14184
Epoch 14185
Epoch 14186
Epoch 14187
Epoch 14188
Epoch 14189
Epoch 14190
Epoch 14191
Epoch 14192
Epoch 14193
Epoch 14194
Epoch 14195
Epoch 14196
Epoch 14197
Epoch 14198
Epoch 14199
Epoch 14200
Epoch 14201
Epoch 14202
Epoch 14203
Epoch 14204
Epoch 14205
Epoch 14206
Epoch 14207
Epoch 14208
Epoch 14209
Epoch 14210
Epoch 14211
Epoch 14212
Epoch 14213
Epoch 14214
Epoch 14215
Epoch 14216
Epoch 14217
Epoch 14218
Epoch 14219
Epoch 14220
Epoch 14221
Epoch 14222
Epoch 14223
Epoch 14224
Epoch 14225
Epoch 14226
Epoch 14227
Epoch 14228
Epoch 14229
Epoch 14230
Epoch 14231
Epoch 14232
Epoch 14233
Epoch 14234
Epoch 14235
Epoch 14236
Epoch 14237
Epoch 14238
Epoch 14239
Epoch 14240
Epoch 14241
Epoch 14242
Epoch 14243
Epoch 14244
Epoch 14245
Epoch 14246
Epoch 14247
Epoch 14248
Epoch 14249
Epoch 14250
Epoch 14251
Epoch 14252
Epoch 14253
Epoch 14254
Epoch 14255
Epoch 14256
Epoch 14257
Epoch 14258
Epoch 14259
Epoch 14260
Epoch 14261
Epoch 14262
Epoch 14263
Epoch 14264
Epoch 14265
Epoch 14266
Epoch 14267
Epoch 14268
Epoch 14269
Epoch 14270
Epoch 14271
Epoch 14272
Epoch 14273
Epoch 14274
Epoch 14275
Epoch 14276
Epoch 14277
Epoch 14278
Epoch 14279
Epoch 14280
Epoch 14281
Epoch 14282
Epoch 14283
Epoch 14284
Epoch 14285
Epoch 14286
Epoch 14287
Epoch 14288
Epoch 14289
Epoch 14290
Epoch 14291
Epoch 14292
Epoch 14293
Epoch 14294
Epoch 14295
Epoch 14296
Epoch 14297
Epoch 14298
Epoch 14299
Epoch 14300
Epoch 14301
Epoch 14302
Epoch 14303
Epoch 14304
Epoch 14305
Epoch 14306
Epoch 14307
Epoch 14308
Epoch 14309
Epoch 14310
Epoch 14311
Epoch 14312
Epoch 14313
Epoch 14314
Epoch 14315
Epoch 14316
Epoch 14317
Epoch 14318
Epoch 14319
Epoch 14320
Epoch 14321
Epoch 14322
Epoch 14323
Epoch 14324
Epoch 14325
Epoch 14326
Epoch 14327
Epoch 14328
Epoch 14329
Epoch 14330
Epoch 14331
Epoch 14332
Epoch 14333
Epoch 14334
Epoch 14335
Epoch 14336
Epoch 14337
Epoch 14338
Epoch 14339
Epoch 14340
Epoch 14341
Epoch 14342
Epoch 14343
Epoch 14344
Epoch 14345
Epoch 14346
Epoch 14347
Epoch 14348
Epoch 14349
Epoch 14350
Epoch 14351
Epoch 14352
Epoch 14353
Epoch 14354
Epoch 14355
Epoch 14356
Epoch 14357
Epoch 14358
Epoch 14359
Epoch 14360
Epoch 14361
Epoch 14362
Epoch 14363
Epoch 14364
Epoch 14365
Epoch 14366
Epoch 14367
Epoch 14368
Epoch 14369
Epoch 14370
Epoch 14371
Epoch 14372
Epoch 14373
Epoch 14374
Epoch 14375
Epoch 14376
Epoch 14377
Epoch 14378
Epoch 14379
Epoch 14380
Epoch 14381
Epoch 14382
Epoch 14383
Epoch 14384
Epoch 14385
Epoch 14386
Epoch 14387
Epoch 14388
Epoch 14389
Epoch 14390
Epoch 14391
Epoch 14392
Epoch 14393
Epoch 14394
Epoch 14395
Epoch 14396
Epoch 14397
Epoch 14398
Epoch 14399
Epoch 14400
Epoch 14401
Epoch 14402
Epoch 14403
Epoch 14404
Epoch 14405
Epoch 14406
Epoch 14407
Epoch 14408
Epoch 14409
Epoch 14410
Epoch 14411
Epoch 14412
Epoch 14413
Epoch 14414
Epoch 14415
Epoch 14416
Epoch 14417
Epoch 14418
Epoch 14419
Epoch 14420
Epoch 14421
Epoch 14422
Epoch 14423
Epoch 14424
Epoch 14425
Epoch 14426
Epoch 14427
Epoch 14428
Epoch 14429
Epoch 14430
Epoch 14431
Epoch 14432
Epoch 14433
Epoch 14434
Epoch 14435
Epoch 14436
Epoch 14437
Epoch 14438
Epoch 14439
Epoch 14440
Epoch 14441
Epoch 14442
Epoch 14443
Epoch 14444
Epoch 14445
Epoch 14446
Epoch 14447
Epoch 14448
Epoch 14449
Epoch 14450
Epoch 14451
Epoch 14452
Epoch 14453
Epoch 14454
Epoch 14455
Epoch 14456
Epoch 14457
Epoch 14458
Epoch 14459
Epoch 14460
Epoch 14461
Epoch 14462
Epoch 14463
Epoch 14464
Epoch 14465
Epoch 14466
Epoch 14467
Epoch 14468
Epoch 14469
Epoch 14470
Epoch 14471
Epoch 14472
Epoch 14473
Epoch 14474
Epoch 14475
Epoch 14476
Epoch 14477
Epoch 14478
Epoch 14479
Epoch 14480
Epoch 14481
Epoch 14482
Epoch 14483
Epoch 14484
Epoch 14485
Epoch 14486
Epoch 14487
Epoch 14488
Epoch 14489
Epoch 14490
Epoch 14491
Epoch 14492
Epoch 14493
Epoch 14494
Epoch 14495
Epoch 14496
Epoch 14497
Epoch 14498
Epoch 14499
Epoch 14500
Epoch 14501
Epoch 14502
Epoch 14503
Epoch 14504
Epoch 14505
Epoch 14506
Epoch 14507
Epoch 14508
Epoch 14509
Epoch 14510
Epoch 14511
Epoch 14512
Epoch 14513
Epoch 14514
Epoch 14515
Epoch 14516
Epoch 14517
Epoch 14518
Epoch 14519
Epoch 14520
Epoch 14521
Epoch 14522
Epoch 14523
Epoch 14524
Epoch 14525
Epoch 14526
Epoch 14527
Epoch 14528
Epoch 14529
Epoch 14530
Epoch 14531
Epoch 14532
Epoch 14533
Epoch 14534
Epoch 14535
Epoch 14536
Epoch 14537
Epoch 14538
Epoch 14539
Epoch 14540
Epoch 14541
Epoch 14542
Epoch 14543
Epoch 14544
Epoch 14545
Epoch 14546
Epoch 14547
Epoch 14548
Epoch 14549
Epoch 14550
Epoch 14551
Epoch 14552
Epoch 14553
Epoch 14554
Epoch 14555
Epoch 14556
Epoch 14557
Epoch 14558
Epoch 14559
Epoch 14560
Epoch 14561
Epoch 14562
Epoch 14563
Epoch 14564
Epoch 14565
Epoch 14566
Epoch 14567
Epoch 14568
Epoch 14569
Epoch 14570
Epoch 14571
Epoch 14572
Epoch 14573
Epoch 14574
Epoch 14575
Epoch 14576
Epoch 14577
Epoch 14578
Epoch 14579
Epoch 14580
Epoch 14581
Epoch 14582
Epoch 14583
Epoch 14584
Epoch 14585
Epoch 14586
Epoch 14587
Epoch 14588
Epoch 14589
Epoch 14590
Epoch 14591
Epoch 14592
Epoch 14593
Epoch 14594
Epoch 14595
Epoch 14596
Epoch 14597
Epoch 14598
Epoch 14599
Epoch 14600
Epoch 14601
Epoch 14602
Epoch 14603
Epoch 14604
Epoch 14605
Epoch 14606
Epoch 14607
Epoch 14608
Epoch 14609
Epoch 14610
Epoch 14611
Epoch 14612
Epoch 14613
Epoch 14614
Epoch 14615
Epoch 14616
Epoch 14617
Epoch 14618
Epoch 14619
Epoch 14620
Epoch 14621
Epoch 14622
Epoch 14623
Epoch 14624
Epoch 14625
Epoch 14626
Epoch 14627
Epoch 14628
Epoch 14629
Epoch 14630
Epoch 14631
Epoch 14632
Epoch 14633
Epoch 14634
Epoch 14635
Epoch 14636
Epoch 14637
Epoch 14638
Epoch 14639
Epoch 14640
Epoch 14641
Epoch 14642
Epoch 14643
Epoch 14644
Epoch 14645
Epoch 14646
Epoch 14647
Epoch 14648
Epoch 14649
Epoch 14650
Epoch 14651
Epoch 14652
Epoch 14653
Epoch 14654
Epoch 14655
Epoch 14656
Epoch 14657
Epoch 14658
Epoch 14659
Epoch 14660
Epoch 14661
Epoch 14662
Epoch 14663
Epoch 14664
Epoch 14665
Epoch 14666
Epoch 14667
Epoch 14668
Epoch 14669
Epoch 14670
Epoch 14671
Epoch 14672
Epoch 14673
Epoch 14674
Epoch 14675
Epoch 14676
Epoch 14677
Epoch 14678
Epoch 14679
Epoch 14680
Epoch 14681
Epoch 14682
Epoch 14683
Epoch 14684
Epoch 14685
Epoch 14686
Epoch 14687
Epoch 14688
Epoch 14689
Epoch 14690
Epoch 14691
Epoch 14692
Epoch 14693
Epoch 14694
Epoch 14695
Epoch 14696
Epoch 14697
Epoch 14698
Epoch 14699
Epoch 14700
Epoch 14701
Epoch 14702
Epoch 14703
Epoch 14704
Epoch 14705
Epoch 14706
Epoch 14707
Epoch 14708
Epoch 14709
Epoch 14710
Epoch 14711
Epoch 14712
Epoch 14713
Epoch 14714
Epoch 14715
Epoch 14716
Epoch 14717
Epoch 14718
Epoch 14719
Epoch 14720
Epoch 14721
Epoch 14722
Epoch 14723
Epoch 14724
Epoch 14725
Epoch 14726
Epoch 14727
Epoch 14728
Epoch 14729
Epoch 14730
Epoch 14731
Epoch 14732
Epoch 14733
Epoch 14734
Epoch 14735
Epoch 14736
Epoch 14737
Epoch 14738
Epoch 14739
Epoch 14740
Epoch 14741
Epoch 14742
Epoch 14743
Epoch 14744
Epoch 14745
Epoch 14746
Epoch 14747
Epoch 14748
Epoch 14749
Epoch 14750
Epoch 14751
Epoch 14752
Epoch 14753
Epoch 14754
Epoch 14755
Epoch 14756
Epoch 14757
Epoch 14758
Epoch 14759
Epoch 14760
Epoch 14761
Epoch 14762
Epoch 14763
Epoch 14764
Epoch 14765
Epoch 14766
Epoch 14767
Epoch 14768
Epoch 14769
Epoch 14770
Epoch 14771
Epoch 14772
Epoch 14773
Epoch 14774
Epoch 14775
Epoch 14776
Epoch 14777
Epoch 14778
Epoch 14779
Epoch 14780
Epoch 14781
Epoch 14782
Epoch 14783
Epoch 14784
Epoch 14785
Epoch 14786
Epoch 14787
Epoch 14788
Epoch 14789
Epoch 14790
Epoch 14791
Epoch 14792
Epoch 14793
Epoch 14794
Epoch 14795
Epoch 14796
Epoch 14797
Epoch 14798
Epoch 14799
Epoch 14800
Epoch 14801
Epoch 14802
Epoch 14803
Epoch 14804
Epoch 14805
Epoch 14806
Epoch 14807
Epoch 14808
Epoch 14809
Epoch 14810
Epoch 14811
Epoch 14812
Epoch 14813
Epoch 14814
Epoch 14815
Epoch 14816
Epoch 14817
Epoch 14818
Epoch 14819
Epoch 14820
Epoch 14821
Epoch 14822
Epoch 14823
Epoch 14824
Epoch 14825
Epoch 14826
Epoch 14827
Epoch 14828
Epoch 14829
Epoch 14830
Epoch 14831
Epoch 14832
Epoch 14833
Epoch 14834
Epoch 14835
Epoch 14836
Epoch 14837
Epoch 14838
Epoch 14839
Epoch 14840
Epoch 14841
Epoch 14842
Epoch 14843
Epoch 14844
Epoch 14845
Epoch 14846
Epoch 14847
Epoch 14848
Epoch 14849
Epoch 14850
Epoch 14851
Epoch 14852
Epoch 14853
Epoch 14854
Epoch 14855
Epoch 14856
Epoch 14857
Epoch 14858
Epoch 14859
Epoch 14860
Epoch 14861
Epoch 14862
Epoch 14863
Epoch 14864
Epoch 14865
Epoch 14866
Epoch 14867
Epoch 14868
Epoch 14869
Epoch 14870
Epoch 14871
Epoch 14872
Epoch 14873
Epoch 14874
Epoch 14875
Epoch 14876
Epoch 14877
Epoch 14878
Epoch 14879
Epoch 14880
Epoch 14881
Epoch 14882
Epoch 14883
Epoch 14884
Epoch 14885
Epoch 14886
Epoch 14887
Epoch 14888
Epoch 14889
Epoch 14890
Epoch 14891
Epoch 14892
Epoch 14893
Epoch 14894
Epoch 14895
Epoch 14896
Epoch 14897
Epoch 14898
Epoch 14899
Epoch 14900
Epoch 14901
Epoch 14902
Epoch 14903
Epoch 14904
Epoch 14905
Epoch 14906
Epoch 14907
Epoch 14908
Epoch 14909
Epoch 14910
Epoch 14911
Epoch 14912
Epoch 14913
Epoch 14914
Epoch 14915
Epoch 14916
Epoch 14917
Epoch 14918
Epoch 14919
Epoch 14920
Epoch 14921
Epoch 14922
Epoch 14923
Epoch 14924
Epoch 14925
Epoch 14926
Epoch 14927
Epoch 14928
Epoch 14929
Epoch 14930
Epoch 14931
Epoch 14932
Epoch 14933
Epoch 14934
Epoch 14935
Epoch 14936
Epoch 14937
Epoch 14938
Epoch 14939
Epoch 14940
Epoch 14941
Epoch 14942
Epoch 14943
Epoch 14944
Epoch 14945
Epoch 14946
Epoch 14947
Epoch 14948
Epoch 14949
Epoch 14950
Epoch 14951
Epoch 14952
Epoch 14953
Epoch 14954
Epoch 14955
Epoch 14956
Epoch 14957
Epoch 14958
Epoch 14959
Epoch 14960
Epoch 14961
Epoch 14962
Epoch 14963
Epoch 14964
Epoch 14965
Epoch 14966
Epoch 14967
Epoch 14968
Epoch 14969
Epoch 14970
Epoch 14971
Epoch 14972
Epoch 14973
Epoch 14974
Epoch 14975
Epoch 14976
Epoch 14977
Epoch 14978
Epoch 14979
Epoch 14980
Epoch 14981
Epoch 14982
Epoch 14983
Epoch 14984
Epoch 14985
Epoch 14986
Epoch 14987
Epoch 14988
Epoch 14989
Epoch 14990
Epoch 14991
Epoch 14992
Epoch 14993
Epoch 14994
Epoch 14995
Epoch 14996
Epoch 14997
Epoch 14998
Epoch 14999
Epoch 15000
Epoch 15001
Epoch 15002
Epoch 15003
Epoch 15004
Epoch 15005
Epoch 15006
Epoch 15007
Epoch 15008
Epoch 15009
Epoch 15010
Epoch 15011
Epoch 15012
Epoch 15013
Epoch 15014
Epoch 15015
Epoch 15016
Epoch 15017
Epoch 15018
Epoch 15019
Epoch 15020
Epoch 15021
Epoch 15022
Epoch 15023
Epoch 15024
Epoch 15025
Epoch 15026
Epoch 15027
Epoch 15028
Epoch 15029
Epoch 15030
Epoch 15031
Epoch 15032
Epoch 15033
Epoch 15034
Epoch 15035
Epoch 15036
Epoch 15037
Epoch 15038
Epoch 15039
Epoch 15040
Epoch 15041
Epoch 15042
Epoch 15043
Epoch 15044
Epoch 15045
Epoch 15046
Epoch 15047
Epoch 15048
Epoch 15049
Epoch 15050
Epoch 15051
Epoch 15052
Epoch 15053
Epoch 15054
Epoch 15055
Epoch 15056
Epoch 15057
Epoch 15058
Epoch 15059
Epoch 15060
Epoch 15061
Epoch 15062
Epoch 15063
Epoch 15064
Epoch 15065
Epoch 15066
Epoch 15067
Epoch 15068
Epoch 15069
Epoch 15070
Epoch 15071
Epoch 15072
Epoch 15073
Epoch 15074
Epoch 15075
Epoch 15076
Epoch 15077
Epoch 15078
Epoch 15079
Epoch 15080
Epoch 15081
Epoch 15082
Epoch 15083
Epoch 15084
Epoch 15085
Epoch 15086
Epoch 15087
Epoch 15088
Epoch 15089
Epoch 15090
Epoch 15091
Epoch 15092
Epoch 15093
Epoch 15094
Epoch 15095
Epoch 15096
Epoch 15097
Epoch 15098
Epoch 15099
Epoch 15100
Epoch 15101
Epoch 15102
Epoch 15103
Epoch 15104
Epoch 15105
Epoch 15106
Epoch 15107
Epoch 15108
Epoch 15109
Epoch 15110
Epoch 15111
Epoch 15112
Epoch 15113
Epoch 15114
Epoch 15115
Epoch 15116
Epoch 15117
Epoch 15118
Epoch 15119
Epoch 15120
Epoch 15121
Epoch 15122
Epoch 15123
Epoch 15124
Epoch 15125
Epoch 15126
Epoch 15127
Epoch 15128
Epoch 15129
Epoch 15130
Epoch 15131
Epoch 15132
Epoch 15133
Epoch 15134
Epoch 15135
Epoch 15136
Epoch 15137
Epoch 15138
Epoch 15139
Epoch 15140
Epoch 15141
Epoch 15142
Epoch 15143
Epoch 15144
Epoch 15145
Epoch 15146
Epoch 15147
Epoch 15148
Epoch 15149
Epoch 15150
Epoch 15151
Epoch 15152
Epoch 15153
Epoch 15154
Epoch 15155
Epoch 15156
Epoch 15157
Epoch 15158
Epoch 15159
Epoch 15160
Epoch 15161
Epoch 15162
Epoch 15163
Epoch 15164
Epoch 15165
Epoch 15166
Epoch 15167
Epoch 15168
Epoch 15169
Epoch 15170
Epoch 15171
Epoch 15172
Epoch 15173
Epoch 15174
Epoch 15175
Epoch 15176
Epoch 15177
Epoch 15178
Epoch 15179
Epoch 15180
Epoch 15181
Epoch 15182
Epoch 15183
Epoch 15184
Epoch 15185
Epoch 15186
Epoch 15187
Epoch 15188
Epoch 15189
Epoch 15190
Epoch 15191
Epoch 15192
Epoch 15193
Epoch 15194
Epoch 15195
Epoch 15196
Epoch 15197
Epoch 15198
Epoch 15199
Epoch 15200
Epoch 15201
Epoch 15202
Epoch 15203
Epoch 15204
Epoch 15205
Epoch 15206
Epoch 15207
Epoch 15208
Epoch 15209
Epoch 15210
Epoch 15211
Epoch 15212
Epoch 15213
Epoch 15214
Epoch 15215
Epoch 15216
Epoch 15217
Epoch 15218
Epoch 15219
Epoch 15220
Epoch 15221
Epoch 15222
Epoch 15223
Epoch 15224
Epoch 15225
Epoch 15226
Epoch 15227
Epoch 15228
Epoch 15229
Epoch 15230
Epoch 15231
Epoch 15232
Epoch 15233
Epoch 15234
Epoch 15235
Epoch 15236
Epoch 15237
Epoch 15238
Epoch 15239
Epoch 15240
Epoch 15241
Epoch 15242
Epoch 15243
Epoch 15244
Epoch 15245
Epoch 15246
Epoch 15247
Epoch 15248
Epoch 15249
Epoch 15250
Epoch 15251
Epoch 15252
Epoch 15253
Epoch 15254
Epoch 15255
Epoch 15256
Epoch 15257
Epoch 15258
Epoch 15259
Epoch 15260
Epoch 15261
Epoch 15262
Epoch 15263
Epoch 15264
Epoch 15265
Epoch 15266
Epoch 15267
Epoch 15268
Epoch 15269
Epoch 15270
Epoch 15271
Epoch 15272
Epoch 15273
Epoch 15274
Epoch 15275
Epoch 15276
Epoch 15277
Epoch 15278
Epoch 15279
Epoch 15280
Epoch 15281
Epoch 15282
Epoch 15283
Epoch 15284
Epoch 15285
Epoch 15286
Epoch 15287
Epoch 15288
Epoch 15289
Epoch 15290
Epoch 15291
Epoch 15292
Epoch 15293
Epoch 15294
Epoch 15295
Epoch 15296
Epoch 15297
Epoch 15298
Epoch 15299
Epoch 15300
Epoch 15301
Epoch 15302
Epoch 15303
Epoch 15304
Epoch 15305
Epoch 15306
Epoch 15307
Epoch 15308
Epoch 15309
Epoch 15310
Epoch 15311
Epoch 15312
Epoch 15313
Epoch 15314
Epoch 15315
Epoch 15316
Epoch 15317
Epoch 15318
Epoch 15319
Epoch 15320
Epoch 15321
Epoch 15322
Epoch 15323
Epoch 15324
Epoch 15325
Epoch 15326
Epoch 15327
Epoch 15328
Epoch 15329
Epoch 15330
Epoch 15331
Epoch 15332
Epoch 15333
Epoch 15334
Epoch 15335
Epoch 15336
Epoch 15337
Epoch 15338
Epoch 15339
Epoch 15340
Epoch 15341
Epoch 15342
Epoch 15343
Epoch 15344
Epoch 15345
Epoch 15346
Epoch 15347
Epoch 15348
Epoch 15349
Epoch 15350
Epoch 15351
Epoch 15352
Epoch 15353
Epoch 15354
Epoch 15355
Epoch 15356
Epoch 15357
Epoch 15358
Epoch 15359
Epoch 15360
Epoch 15361
Epoch 15362
Epoch 15363
Epoch 15364
Epoch 15365
Epoch 15366
Epoch 15367
Epoch 15368
Epoch 15369
Epoch 15370
Epoch 15371
Epoch 15372
Epoch 15373
Epoch 15374
Epoch 15375
Epoch 15376
Epoch 15377
Epoch 15378
Epoch 15379
Epoch 15380
Epoch 15381
Epoch 15382
Epoch 15383
Epoch 15384
Epoch 15385
Epoch 15386
Epoch 15387
Epoch 15388
Epoch 15389
Epoch 15390
Epoch 15391
Epoch 15392
Epoch 15393
Epoch 15394
Epoch 15395
Epoch 15396
Epoch 15397
Epoch 15398
Epoch 15399
Epoch 15400
Epoch 15401
Epoch 15402
Epoch 15403
Epoch 15404
Epoch 15405
Epoch 15406
Epoch 15407
Epoch 15408
Epoch 15409
Epoch 15410
Epoch 15411
Epoch 15412
Epoch 15413
Epoch 15414
Epoch 15415
Epoch 15416
Epoch 15417
Epoch 15418
Epoch 15419
Epoch 15420
Epoch 15421
Epoch 15422
Epoch 15423
Epoch 15424
Epoch 15425
Epoch 15426
Epoch 15427
Epoch 15428
Epoch 15429
Epoch 15430
Epoch 15431
Epoch 15432
Epoch 15433
Epoch 15434
Epoch 15435
Epoch 15436
Epoch 15437
Epoch 15438
Epoch 15439
Epoch 15440
Epoch 15441
Epoch 15442
Epoch 15443
Epoch 15444
Epoch 15445
Epoch 15446
Epoch 15447
Epoch 15448
Epoch 15449
Epoch 15450
Epoch 15451
Epoch 15452
Epoch 15453
Epoch 15454
Epoch 15455
Epoch 15456
Epoch 15457
Epoch 15458
Epoch 15459
Epoch 15460
Epoch 15461
Epoch 15462
Epoch 15463
Epoch 15464
Epoch 15465
Epoch 15466
Epoch 15467
Epoch 15468
Epoch 15469
Epoch 15470
Epoch 15471
Epoch 15472
Epoch 15473
Epoch 15474
Epoch 15475
Epoch 15476
Epoch 15477
Epoch 15478
Epoch 15479
Epoch 15480
Epoch 15481
Epoch 15482
Epoch 15483
Epoch 15484
Epoch 15485
Epoch 15486
Epoch 15487
Epoch 15488
Epoch 15489
Epoch 15490
Epoch 15491
Epoch 15492
Epoch 15493
Epoch 15494
Epoch 15495
Epoch 15496
Epoch 15497
Epoch 15498
Epoch 15499
Epoch 15500
Epoch 15501
Epoch 15502
Epoch 15503
Epoch 15504
Epoch 15505
Epoch 15506
Epoch 15507
Epoch 15508
Epoch 15509
Epoch 15510
Epoch 15511
Epoch 15512
Epoch 15513
Epoch 15514
Epoch 15515
Epoch 15516
Epoch 15517
Epoch 15518
Epoch 15519
Epoch 15520
Epoch 15521
Epoch 15522
Epoch 15523
Epoch 15524
Epoch 15525
Epoch 15526
Epoch 15527
Epoch 15528
Epoch 15529
Epoch 15530
Epoch 15531
Epoch 15532
Epoch 15533
Epoch 15534
Epoch 15535
Epoch 15536
Epoch 15537
Epoch 15538
Epoch 15539
Epoch 15540
Epoch 15541
Epoch 15542
Epoch 15543
Epoch 15544
Epoch 15545
Epoch 15546
Epoch 15547
Epoch 15548
Epoch 15549
Epoch 15550
Epoch 15551
Epoch 15552
Epoch 15553
Epoch 15554
Epoch 15555
Epoch 15556
Epoch 15557
Epoch 15558
Epoch 15559
Epoch 15560
Epoch 15561
Epoch 15562
Epoch 15563
Epoch 15564
Epoch 15565
Epoch 15566
Epoch 15567
Epoch 15568
Epoch 15569
Epoch 15570
Epoch 15571
Epoch 15572
Epoch 15573
Epoch 15574
Epoch 15575
Epoch 15576
Epoch 15577
Epoch 15578
Epoch 15579
Epoch 15580
Epoch 15581
Epoch 15582
Epoch 15583
Epoch 15584
Epoch 15585
Epoch 15586
Epoch 15587
Epoch 15588
Epoch 15589
Epoch 15590
Epoch 15591
Epoch 15592
Epoch 15593
Epoch 15594
Epoch 15595
Epoch 15596
Epoch 15597
Epoch 15598
Epoch 15599
Epoch 15600
Epoch 15601
Epoch 15602
Epoch 15603
Epoch 15604
Epoch 15605
Epoch 15606
Epoch 15607
Epoch 15608
Epoch 15609
Epoch 15610
Epoch 15611
Epoch 15612
Epoch 15613
Epoch 15614
Epoch 15615
Epoch 15616
Epoch 15617
Epoch 15618
Epoch 15619
Epoch 15620
Epoch 15621
Epoch 15622
Epoch 15623
Epoch 15624
Epoch 15625
Epoch 15626
Epoch 15627
Epoch 15628
Epoch 15629
Epoch 15630
Epoch 15631
Epoch 15632
Epoch 15633
Epoch 15634
Epoch 15635
Epoch 15636
Epoch 15637
Epoch 15638
Epoch 15639
Epoch 15640
Epoch 15641
Epoch 15642
Epoch 15643
Epoch 15644
Epoch 15645
Epoch 15646
Epoch 15647
Epoch 15648
Epoch 15649
Epoch 15650
Epoch 15651
Epoch 15652
Epoch 15653
Epoch 15654
Epoch 15655
Epoch 15656
Epoch 15657
Epoch 15658
Epoch 15659
Epoch 15660
Epoch 15661
Epoch 15662
Epoch 15663
Epoch 15664
Epoch 15665
Epoch 15666
Epoch 15667
Epoch 15668
Epoch 15669
Epoch 15670
Epoch 15671
Epoch 15672
Epoch 15673
Epoch 15674
Epoch 15675
Epoch 15676
Epoch 15677
Epoch 15678
Epoch 15679
Epoch 15680
Epoch 15681
Epoch 15682
Epoch 15683
Epoch 15684
Epoch 15685
Epoch 15686
Epoch 15687
Epoch 15688
Epoch 15689
Epoch 15690
Epoch 15691
Epoch 15692
Epoch 15693
Epoch 15694
Epoch 15695
Epoch 15696
Epoch 15697
Epoch 15698
Epoch 15699
Epoch 15700
Epoch 15701
Epoch 15702
Epoch 15703
Epoch 15704
Epoch 15705
Epoch 15706
Epoch 15707
Epoch 15708
Epoch 15709
Epoch 15710
Epoch 15711
Epoch 15712
Epoch 15713
Epoch 15714
Epoch 15715
Epoch 15716
Epoch 15717
Epoch 15718
Epoch 15719
Epoch 15720
Epoch 15721
Epoch 15722
Epoch 15723
Epoch 15724
Epoch 15725
Epoch 15726
Epoch 15727
Epoch 15728
Epoch 15729
Epoch 15730
Epoch 15731
Epoch 15732
Epoch 15733
Epoch 15734
Epoch 15735
Epoch 15736
Epoch 15737
Epoch 15738
Epoch 15739
Epoch 15740
Epoch 15741
Epoch 15742
Epoch 15743
Epoch 15744
Epoch 15745
Epoch 15746
Epoch 15747
Epoch 15748
Epoch 15749
Epoch 15750
Epoch 15751
Epoch 15752
Epoch 15753
Epoch 15754
Epoch 15755
Epoch 15756
Epoch 15757
Epoch 15758
Epoch 15759
Epoch 15760
Epoch 15761
Epoch 15762
Epoch 15763
Epoch 15764
Epoch 15765
Epoch 15766
Epoch 15767
Epoch 15768
Epoch 15769
Epoch 15770
Epoch 15771
Epoch 15772
Epoch 15773
Epoch 15774
Epoch 15775
Epoch 15776
Epoch 15777
Epoch 15778
Epoch 15779
Epoch 15780
Epoch 15781
Epoch 15782
Epoch 15783
Epoch 15784
Epoch 15785
Epoch 15786
Epoch 15787
Epoch 15788
Epoch 15789
Epoch 15790
Epoch 15791
Epoch 15792
Epoch 15793
Epoch 15794
Epoch 15795
Epoch 15796
Epoch 15797
Epoch 15798
Epoch 15799
Epoch 15800
Epoch 15801
Epoch 15802
Epoch 15803
Epoch 15804
Epoch 15805
Epoch 15806
Epoch 15807
Epoch 15808
Epoch 15809
Epoch 15810
Epoch 15811
Epoch 15812
Epoch 15813
Epoch 15814
Epoch 15815
Epoch 15816
Epoch 15817
Epoch 15818
Epoch 15819
Epoch 15820
Epoch 15821
Epoch 15822
Epoch 15823
Epoch 15824
Epoch 15825
Epoch 15826
Epoch 15827
Epoch 15828
Epoch 15829
Epoch 15830
Epoch 15831
Epoch 15832
Epoch 15833
Epoch 15834
Epoch 15835
Epoch 15836
Epoch 15837
Epoch 15838
Epoch 15839
Epoch 15840
Epoch 15841
Epoch 15842
Epoch 15843
Epoch 15844
Epoch 15845
Epoch 15846
Epoch 15847
Epoch 15848
Epoch 15849
Epoch 15850
Epoch 15851
Epoch 15852
Epoch 15853
Epoch 15854
Epoch 15855
Epoch 15856
Epoch 15857
Epoch 15858
Epoch 15859
Epoch 15860
Epoch 15861
Epoch 15862
Epoch 15863
Epoch 15864
Epoch 15865
Epoch 15866
Epoch 15867
Epoch 15868
Epoch 15869
Epoch 15870
Epoch 15871
Epoch 15872
Epoch 15873
Epoch 15874
Epoch 15875
Epoch 15876
Epoch 15877
Epoch 15878
Epoch 15879
Epoch 15880
Epoch 15881
Epoch 15882
Epoch 15883
Epoch 15884
Epoch 15885
Epoch 15886
Epoch 15887
Epoch 15888
Epoch 15889
Epoch 15890
Epoch 15891
Epoch 15892
Epoch 15893
Epoch 15894
Epoch 15895
Epoch 15896
Epoch 15897
Epoch 15898
Epoch 15899
Epoch 15900
Epoch 15901
Epoch 15902
Epoch 15903
Epoch 15904
Epoch 15905
Epoch 15906
Epoch 15907
Epoch 15908
Epoch 15909
Epoch 15910
Epoch 15911
Epoch 15912
Epoch 15913
Epoch 15914
Epoch 15915
Epoch 15916
Epoch 15917
Epoch 15918
Epoch 15919
Epoch 15920
Epoch 15921
Epoch 15922
Epoch 15923
Epoch 15924
Epoch 15925
Epoch 15926
Epoch 15927
Epoch 15928
Epoch 15929
Epoch 15930
Epoch 15931
Epoch 15932
Epoch 15933
Epoch 15934
Epoch 15935
Epoch 15936
Epoch 15937
Epoch 15938
Epoch 15939
Epoch 15940
Epoch 15941
Epoch 15942
Epoch 15943
Epoch 15944
Epoch 15945
Epoch 15946
Epoch 15947
Epoch 15948
Epoch 15949
Epoch 15950
Epoch 15951
Epoch 15952
Epoch 15953
Epoch 15954
Epoch 15955
Epoch 15956
Epoch 15957
Epoch 15958
Epoch 15959
Epoch 15960
Epoch 15961
Epoch 15962
Epoch 15963
Epoch 15964
Epoch 15965
Epoch 15966
Epoch 15967
Epoch 15968
Epoch 15969
Epoch 15970
Epoch 15971
Epoch 15972
Epoch 15973
Epoch 15974
Epoch 15975
Epoch 15976
Epoch 15977
Epoch 15978
Epoch 15979
Epoch 15980
Epoch 15981
Epoch 15982
Epoch 15983
Epoch 15984
Epoch 15985
Epoch 15986
Epoch 15987
Epoch 15988
Epoch 15989
Epoch 15990
Epoch 15991
Epoch 15992
Epoch 15993
Epoch 15994
Epoch 15995
Epoch 15996
Epoch 15997
Epoch 15998
Epoch 15999
Epoch 16000
Epoch 16001
Epoch 16002
Epoch 16003
Epoch 16004
Epoch 16005
Epoch 16006
Epoch 16007
Epoch 16008
Epoch 16009
Epoch 16010
Epoch 16011
Epoch 16012
Epoch 16013
Epoch 16014
Epoch 16015
Epoch 16016
Epoch 16017
Epoch 16018
Epoch 16019
Epoch 16020
Epoch 16021
Epoch 16022
Epoch 16023
Epoch 16024
Epoch 16025
Epoch 16026
Epoch 16027
Epoch 16028
Epoch 16029
Epoch 16030
Epoch 16031
Epoch 16032
Epoch 16033
Epoch 16034
Epoch 16035
Epoch 16036
Epoch 16037
Epoch 16038
Epoch 16039
Epoch 16040
Epoch 16041
Epoch 16042
Epoch 16043
Epoch 16044
Epoch 16045
Epoch 16046
Epoch 16047
Epoch 16048
Epoch 16049
Epoch 16050
Epoch 16051
Epoch 16052
Epoch 16053
Epoch 16054
Epoch 16055
Epoch 16056
Epoch 16057
Epoch 16058
Epoch 16059
Epoch 16060
Epoch 16061
Epoch 16062
Epoch 16063
Epoch 16064
Epoch 16065
Epoch 16066
Epoch 16067
Epoch 16068
Epoch 16069
Epoch 16070
Epoch 16071
Epoch 16072
Epoch 16073
Epoch 16074
Epoch 16075
Epoch 16076
Epoch 16077
Epoch 16078
Epoch 16079
Epoch 16080
Epoch 16081
Epoch 16082
Epoch 16083
Epoch 16084
Epoch 16085
Epoch 16086
Epoch 16087
Epoch 16088
Epoch 16089
Epoch 16090
Epoch 16091
Epoch 16092
Epoch 16093
Epoch 16094
Epoch 16095
Epoch 16096
Epoch 16097
Epoch 16098
Epoch 16099
Epoch 16100
Epoch 16101
Epoch 16102
Epoch 16103
Epoch 16104
Epoch 16105
Epoch 16106
Epoch 16107
Epoch 16108
Epoch 16109
Epoch 16110
Epoch 16111
Epoch 16112
Epoch 16113
Epoch 16114
Epoch 16115
Epoch 16116
Epoch 16117
Epoch 16118
Epoch 16119
Epoch 16120
Epoch 16121
Epoch 16122
Epoch 16123
Epoch 16124
Epoch 16125
Epoch 16126
Epoch 16127
Epoch 16128
Epoch 16129
Epoch 16130
Epoch 16131
Epoch 16132
Epoch 16133
Epoch 16134
Epoch 16135
Epoch 16136
Epoch 16137
Epoch 16138
Epoch 16139
Epoch 16140
Epoch 16141
Epoch 16142
Epoch 16143
Epoch 16144
Epoch 16145
Epoch 16146
Epoch 16147
Epoch 16148
Epoch 16149
Epoch 16150
Epoch 16151
Epoch 16152
Epoch 16153
Epoch 16154
Epoch 16155
Epoch 16156
Epoch 16157
Epoch 16158
Epoch 16159
Epoch 16160
Epoch 16161
Epoch 16162
Epoch 16163
Epoch 16164
Epoch 16165
Epoch 16166
Epoch 16167
Epoch 16168
Epoch 16169
Epoch 16170
Epoch 16171
Epoch 16172
Epoch 16173
Epoch 16174
Epoch 16175
Epoch 16176
Epoch 16177
Epoch 16178
Epoch 16179
Epoch 16180
Epoch 16181
Epoch 16182
Epoch 16183
Epoch 16184
Epoch 16185
Epoch 16186
Epoch 16187
Epoch 16188
Epoch 16189
Epoch 16190
Epoch 16191
Epoch 16192
Epoch 16193
Epoch 16194
Epoch 16195
Epoch 16196
Epoch 16197
Epoch 16198
Epoch 16199
Epoch 16200
Epoch 16201
Epoch 16202
Epoch 16203
Epoch 16204
Epoch 16205
Epoch 16206
Epoch 16207
Epoch 16208
Epoch 16209
Epoch 16210
Epoch 16211
Epoch 16212
Epoch 16213
Epoch 16214
Epoch 16215
Epoch 16216
Epoch 16217
Epoch 16218
Epoch 16219
Epoch 16220
Epoch 16221
Epoch 16222
Epoch 16223
Epoch 16224
Epoch 16225
Epoch 16226
Epoch 16227
Epoch 16228
Epoch 16229
Epoch 16230
Epoch 16231
Epoch 16232
Epoch 16233
Epoch 16234
Epoch 16235
Epoch 16236
Epoch 16237
Epoch 16238
Epoch 16239
Epoch 16240
Epoch 16241
Epoch 16242
Epoch 16243
Epoch 16244
Epoch 16245
Epoch 16246
Epoch 16247
Epoch 16248
Epoch 16249
Epoch 16250
Epoch 16251
Epoch 16252
Epoch 16253
Epoch 16254
Epoch 16255
Epoch 16256
Epoch 16257
Epoch 16258
Epoch 16259
Epoch 16260
Epoch 16261
Epoch 16262
Epoch 16263
Epoch 16264
Epoch 16265
Epoch 16266
Epoch 16267
Epoch 16268
Epoch 16269
Epoch 16270
Epoch 16271
Epoch 16272
Epoch 16273
Epoch 16274
Epoch 16275
Epoch 16276
Epoch 16277
Epoch 16278
Epoch 16279
Epoch 16280
Epoch 16281
Epoch 16282
Epoch 16283
Epoch 16284
Epoch 16285
Epoch 16286
Epoch 16287
Epoch 16288
Epoch 16289
Epoch 16290
Epoch 16291
Epoch 16292
Epoch 16293
Epoch 16294
Epoch 16295
Epoch 16296
Epoch 16297
Epoch 16298
Epoch 16299
Epoch 16300
Epoch 16301
Epoch 16302
Epoch 16303
Epoch 16304
Epoch 16305
Epoch 16306
Epoch 16307
Epoch 16308
Epoch 16309
Epoch 16310
Epoch 16311
Epoch 16312
Epoch 16313
Epoch 16314
Epoch 16315
Epoch 16316
Epoch 16317
Epoch 16318
Epoch 16319
Epoch 16320
Epoch 16321
Epoch 16322
Epoch 16323
Epoch 16324
Epoch 16325
Epoch 16326
Epoch 16327
Epoch 16328
Epoch 16329
Epoch 16330
Epoch 16331
Epoch 16332
Epoch 16333
Epoch 16334
Epoch 16335
Epoch 16336
Epoch 16337
Epoch 16338
Epoch 16339
Epoch 16340
Epoch 16341
Epoch 16342
Epoch 16343
Epoch 16344
Epoch 16345
Epoch 16346
Epoch 16347
Epoch 16348
Epoch 16349
Epoch 16350
Epoch 16351
Epoch 16352
Epoch 16353
Epoch 16354
Epoch 16355
Epoch 16356
Epoch 16357
Epoch 16358
Epoch 16359
Epoch 16360
Epoch 16361
Epoch 16362
Epoch 16363
Epoch 16364
Epoch 16365
Epoch 16366
Epoch 16367
Epoch 16368
Epoch 16369
Epoch 16370
Epoch 16371
Epoch 16372
Epoch 16373
Epoch 16374
Epoch 16375
Epoch 16376
Epoch 16377
Epoch 16378
Epoch 16379
Epoch 16380
Epoch 16381
Epoch 16382
Epoch 16383
Epoch 16384
Epoch 16385
Epoch 16386
Epoch 16387
Epoch 16388
Epoch 16389
Epoch 16390
Epoch 16391
Epoch 16392
Epoch 16393
Epoch 16394
Epoch 16395
Epoch 16396
Epoch 16397
Epoch 16398
Epoch 16399
Epoch 16400
Epoch 16401
Epoch 16402
Epoch 16403
Epoch 16404
Epoch 16405
Epoch 16406
Epoch 16407
Epoch 16408
Epoch 16409
Epoch 16410
Epoch 16411
Epoch 16412
Epoch 16413
Epoch 16414
Epoch 16415
Epoch 16416
Epoch 16417
Epoch 16418
Epoch 16419
Epoch 16420
Epoch 16421
Epoch 16422
Epoch 16423
Epoch 16424
Epoch 16425
Epoch 16426
Epoch 16427
Epoch 16428
Epoch 16429
Epoch 16430
Epoch 16431
Epoch 16432
Epoch 16433
Epoch 16434
Epoch 16435
Epoch 16436
Epoch 16437
Epoch 16438
Epoch 16439
Epoch 16440
Epoch 16441
Epoch 16442
Epoch 16443
Epoch 16444
Epoch 16445
Epoch 16446
Epoch 16447
Epoch 16448
Epoch 16449
Epoch 16450
Epoch 16451
Epoch 16452
Epoch 16453
Epoch 16454
Epoch 16455
Epoch 16456
Epoch 16457
Epoch 16458
Epoch 16459
Epoch 16460
Epoch 16461
Epoch 16462
Epoch 16463
Epoch 16464
Epoch 16465
Epoch 16466
Epoch 16467
Epoch 16468
Epoch 16469
Epoch 16470
Epoch 16471
Epoch 16472
Epoch 16473
Epoch 16474
Epoch 16475
Epoch 16476
Epoch 16477
Epoch 16478
Epoch 16479
Epoch 16480
Epoch 16481
Epoch 16482
Epoch 16483
Epoch 16484
Epoch 16485
Epoch 16486
Epoch 16487
Epoch 16488
Epoch 16489
Epoch 16490
Epoch 16491
Epoch 16492
Epoch 16493
Epoch 16494
Epoch 16495
Epoch 16496
Epoch 16497
Epoch 16498
Epoch 16499
Epoch 16500
Epoch 16501
Epoch 16502
Epoch 16503
Epoch 16504
Epoch 16505
Epoch 16506
Epoch 16507
Epoch 16508
Epoch 16509
Epoch 16510
Epoch 16511
Epoch 16512
Epoch 16513
Epoch 16514
Epoch 16515
Epoch 16516
Epoch 16517
Epoch 16518
Epoch 16519
Epoch 16520
Epoch 16521
Epoch 16522
Epoch 16523
Epoch 16524
Epoch 16525
Epoch 16526
Epoch 16527
Epoch 16528
Epoch 16529
Epoch 16530
Epoch 16531
Epoch 16532
Epoch 16533
Epoch 16534
Epoch 16535
Epoch 16536
Epoch 16537
Epoch 16538
Epoch 16539
Epoch 16540
Epoch 16541
Epoch 16542
Epoch 16543
Epoch 16544
Epoch 16545
Epoch 16546
Epoch 16547
Epoch 16548
Epoch 16549
Epoch 16550
Epoch 16551
Epoch 16552
Epoch 16553
Epoch 16554
Epoch 16555
Epoch 16556
Epoch 16557
Epoch 16558
Epoch 16559
Epoch 16560
Epoch 16561
Epoch 16562
Epoch 16563
Epoch 16564
Epoch 16565
Epoch 16566
Epoch 16567
Epoch 16568
Epoch 16569
Epoch 16570
Epoch 16571
Epoch 16572
Epoch 16573
Epoch 16574
Epoch 16575
Epoch 16576
Epoch 16577
Epoch 16578
Epoch 16579
Epoch 16580
Epoch 16581
Epoch 16582
Epoch 16583
Epoch 16584
Epoch 16585
Epoch 16586
Epoch 16587
Epoch 16588
Epoch 16589
Epoch 16590
Epoch 16591
Epoch 16592
Epoch 16593
Epoch 16594
Epoch 16595
Epoch 16596
Epoch 16597
Epoch 16598
Epoch 16599
Epoch 16600
Epoch 16601
Epoch 16602
Epoch 16603
Epoch 16604
Epoch 16605
Epoch 16606
Epoch 16607
Epoch 16608
Epoch 16609
Epoch 16610
Epoch 16611
Epoch 16612
Epoch 16613
Epoch 16614
Epoch 16615
Epoch 16616
Epoch 16617
Epoch 16618
Epoch 16619
Epoch 16620
Epoch 16621
Epoch 16622
Epoch 16623
Epoch 16624
Epoch 16625
Epoch 16626
Epoch 16627
Epoch 16628
Epoch 16629
Epoch 16630
Epoch 16631
Epoch 16632
Epoch 16633
Epoch 16634
Epoch 16635
Epoch 16636
Epoch 16637
Epoch 16638
Epoch 16639
Epoch 16640
Epoch 16641
Epoch 16642
Epoch 16643
Epoch 16644
Epoch 16645
Epoch 16646
Epoch 16647
Epoch 16648
Epoch 16649
Epoch 16650
Epoch 16651
Epoch 16652
Epoch 16653
Epoch 16654
Epoch 16655
Epoch 16656
Epoch 16657
Epoch 16658
Epoch 16659
Epoch 16660
Epoch 16661
Epoch 16662
Epoch 16663
Epoch 16664
Epoch 16665
Epoch 16666
Epoch 16667
Epoch 16668
Epoch 16669
Epoch 16670
Epoch 16671
Epoch 16672
Epoch 16673
Epoch 16674
Epoch 16675
Epoch 16676
Epoch 16677
Epoch 16678
Epoch 16679
Epoch 16680
Epoch 16681
Epoch 16682
Epoch 16683
Epoch 16684
Epoch 16685
Epoch 16686
Epoch 16687
Epoch 16688
Epoch 16689
Epoch 16690
Epoch 16691
Epoch 16692
Epoch 16693
Epoch 16694
Epoch 16695
Epoch 16696
Epoch 16697
Epoch 16698
Epoch 16699
Epoch 16700
Epoch 16701
Epoch 16702
Epoch 16703
Epoch 16704
Epoch 16705
Epoch 16706
Epoch 16707
Epoch 16708
Epoch 16709
Epoch 16710
Epoch 16711
Epoch 16712
Epoch 16713
Epoch 16714
Epoch 16715
Epoch 16716
Epoch 16717
Epoch 16718
Epoch 16719
Epoch 16720
Epoch 16721
Epoch 16722
Epoch 16723
Epoch 16724
Epoch 16725
Epoch 16726
Epoch 16727
Epoch 16728
Epoch 16729
Epoch 16730
Epoch 16731
Epoch 16732
Epoch 16733
Epoch 16734
Epoch 16735
Epoch 16736
Epoch 16737
Epoch 16738
Epoch 16739
Epoch 16740
Epoch 16741
Epoch 16742
Epoch 16743
Epoch 16744
Epoch 16745
Epoch 16746
Epoch 16747
Epoch 16748
Epoch 16749
Epoch 16750
Epoch 16751
Epoch 16752
Epoch 16753
Epoch 16754
Epoch 16755
Epoch 16756
Epoch 16757
Epoch 16758
Epoch 16759
Epoch 16760
Epoch 16761
Epoch 16762
Epoch 16763
Epoch 16764
Epoch 16765
Epoch 16766
Epoch 16767
Epoch 16768
Epoch 16769
Epoch 16770
Epoch 16771
Epoch 16772
Epoch 16773
Epoch 16774
Epoch 16775
Epoch 16776
Epoch 16777
Epoch 16778
Epoch 16779
Epoch 16780
Epoch 16781
Epoch 16782
Epoch 16783
Epoch 16784
Epoch 16785
Epoch 16786
Epoch 16787
Epoch 16788
Epoch 16789
Epoch 16790
Epoch 16791
Epoch 16792
Epoch 16793
Epoch 16794
Epoch 16795
Epoch 16796
Epoch 16797
Epoch 16798
Epoch 16799
Epoch 16800
Epoch 16801
Epoch 16802
Epoch 16803
Epoch 16804
Epoch 16805
Epoch 16806
Epoch 16807
Epoch 16808
Epoch 16809
Epoch 16810
Epoch 16811
Epoch 16812
Epoch 16813
Epoch 16814
Epoch 16815
Epoch 16816
Epoch 16817
Epoch 16818
Epoch 16819
Epoch 16820
Epoch 16821
Epoch 16822
Epoch 16823
Epoch 16824
Epoch 16825
Epoch 16826
Epoch 16827
Epoch 16828
Epoch 16829
Epoch 16830
Epoch 16831
Epoch 16832
Epoch 16833
Epoch 16834
Epoch 16835
Epoch 16836
Epoch 16837
Epoch 16838
Epoch 16839
Epoch 16840
Epoch 16841
Epoch 16842
Epoch 16843
Epoch 16844
Epoch 16845
Epoch 16846
Epoch 16847
Epoch 16848
Epoch 16849
Epoch 16850
Epoch 16851
Epoch 16852
Epoch 16853
Epoch 16854
Epoch 16855
Epoch 16856
Epoch 16857
Epoch 16858
Epoch 16859
Epoch 16860
Epoch 16861
Epoch 16862
Epoch 16863
Epoch 16864
Epoch 16865
Epoch 16866
Epoch 16867
Epoch 16868
Epoch 16869
Epoch 16870
Epoch 16871
Epoch 16872
Epoch 16873
Epoch 16874
Epoch 16875
Epoch 16876
Epoch 16877
Epoch 16878
Epoch 16879
Epoch 16880
Epoch 16881
Epoch 16882
Epoch 16883
Epoch 16884
Epoch 16885
Epoch 16886
Epoch 16887
Epoch 16888
Epoch 16889
Epoch 16890
Epoch 16891
Epoch 16892
Epoch 16893
Epoch 16894
Epoch 16895
Epoch 16896
Epoch 16897
Epoch 16898
Epoch 16899
Epoch 16900
Epoch 16901
Epoch 16902
Epoch 16903
Epoch 16904
Epoch 16905
Epoch 16906
Epoch 16907
Epoch 16908
Epoch 16909
Epoch 16910
Epoch 16911
Epoch 16912
Epoch 16913
Epoch 16914
Epoch 16915
Epoch 16916
Epoch 16917
Epoch 16918
Epoch 16919
Epoch 16920
Epoch 16921
Epoch 16922
Epoch 16923
Epoch 16924
Epoch 16925
Epoch 16926
Epoch 16927
Epoch 16928
Epoch 16929
Epoch 16930
Epoch 16931
Epoch 16932
Epoch 16933
Epoch 16934
Epoch 16935
Epoch 16936
Epoch 16937
Epoch 16938
Epoch 16939
Epoch 16940
Epoch 16941
Epoch 16942
Epoch 16943
Epoch 16944
Epoch 16945
Epoch 16946
Epoch 16947
Epoch 16948
Epoch 16949
Epoch 16950
Epoch 16951
Epoch 16952
Epoch 16953
Epoch 16954
Epoch 16955
Epoch 16956
Epoch 16957
Epoch 16958
Epoch 16959
Epoch 16960
Epoch 16961
Epoch 16962
Epoch 16963
Epoch 16964
Epoch 16965
Epoch 16966
Epoch 16967
Epoch 16968
Epoch 16969
Epoch 16970
Epoch 16971
Epoch 16972
Epoch 16973
Epoch 16974
Epoch 16975
Epoch 16976
Epoch 16977
Epoch 16978
Epoch 16979
Epoch 16980
Epoch 16981
Epoch 16982
Epoch 16983
Epoch 16984
Epoch 16985
Epoch 16986
Epoch 16987
Epoch 16988
Epoch 16989
Epoch 16990
Epoch 16991
Epoch 16992
Epoch 16993
Epoch 16994
Epoch 16995
Epoch 16996
Epoch 16997
Epoch 16998
Epoch 16999
Epoch 17000
Epoch 17001
Epoch 17002
Epoch 17003
Epoch 17004
Epoch 17005
Epoch 17006
Epoch 17007
Epoch 17008
Epoch 17009
Epoch 17010
Epoch 17011
Epoch 17012
Epoch 17013
Epoch 17014
Epoch 17015
Epoch 17016
Epoch 17017
Epoch 17018
Epoch 17019
Epoch 17020
Epoch 17021
Epoch 17022
Epoch 17023
Epoch 17024
Epoch 17025
Epoch 17026
Epoch 17027
Epoch 17028
Epoch 17029
Epoch 17030
Epoch 17031
Epoch 17032
Epoch 17033
Epoch 17034
Epoch 17035
Epoch 17036
Epoch 17037
Epoch 17038
Epoch 17039
Epoch 17040
Epoch 17041
Epoch 17042
Epoch 17043
Epoch 17044
Epoch 17045
Epoch 17046
Epoch 17047
Epoch 17048
Epoch 17049
Epoch 17050
Epoch 17051
Epoch 17052
Epoch 17053
Epoch 17054
Epoch 17055
Epoch 17056
Epoch 17057
Epoch 17058
Epoch 17059
Epoch 17060
Epoch 17061
Epoch 17062
Epoch 17063
Epoch 17064
Epoch 17065
Epoch 17066
Epoch 17067
Epoch 17068
Epoch 17069
Epoch 17070
Epoch 17071
Epoch 17072
Epoch 17073
Epoch 17074
Epoch 17075
Epoch 17076
Epoch 17077
Epoch 17078
Epoch 17079
Epoch 17080
Epoch 17081
Epoch 17082
Epoch 17083
Epoch 17084
Epoch 17085
Epoch 17086
Epoch 17087
Epoch 17088
Epoch 17089
Epoch 17090
Epoch 17091
Epoch 17092
Epoch 17093
Epoch 17094
Epoch 17095
Epoch 17096
Epoch 17097
Epoch 17098
Epoch 17099
Epoch 17100
Epoch 17101
Epoch 17102
Epoch 17103
Epoch 17104
Epoch 17105
Epoch 17106
Epoch 17107
Epoch 17108
Epoch 17109
Epoch 17110
Epoch 17111
Epoch 17112
Epoch 17113
Epoch 17114
Epoch 17115
Epoch 17116
Epoch 17117
Epoch 17118
Epoch 17119
Epoch 17120
Epoch 17121
Epoch 17122
Epoch 17123
Epoch 17124
Epoch 17125
Epoch 17126
Epoch 17127
Epoch 17128
Epoch 17129
Epoch 17130
Epoch 17131
Epoch 17132
Epoch 17133
Epoch 17134
Epoch 17135
Epoch 17136
Epoch 17137
Epoch 17138
Epoch 17139
Epoch 17140
Epoch 17141
Epoch 17142
Epoch 17143
Epoch 17144
Epoch 17145
Epoch 17146
Epoch 17147
Epoch 17148
Epoch 17149
Epoch 17150
Epoch 17151
Epoch 17152
Epoch 17153
Epoch 17154
Epoch 17155
Epoch 17156
Epoch 17157
Epoch 17158
Epoch 17159
Epoch 17160
Epoch 17161
Epoch 17162
Epoch 17163
Epoch 17164
Epoch 17165
Epoch 17166
Epoch 17167
Epoch 17168
Epoch 17169
Epoch 17170
Epoch 17171
Epoch 17172
Epoch 17173
Epoch 17174
Epoch 17175
Epoch 17176
Epoch 17177
Epoch 17178
Epoch 17179
Epoch 17180
Epoch 17181
Epoch 17182
Epoch 17183
Epoch 17184
Epoch 17185
Epoch 17186
Epoch 17187
Epoch 17188
Epoch 17189
Epoch 17190
Epoch 17191
Epoch 17192
Epoch 17193
Epoch 17194
Epoch 17195
Epoch 17196
Epoch 17197
Epoch 17198
Epoch 17199
Epoch 17200
Epoch 17201
Epoch 17202
Epoch 17203
Epoch 17204
Epoch 17205
Epoch 17206
Epoch 17207
Epoch 17208
Epoch 17209
Epoch 17210
Epoch 17211
Epoch 17212
Epoch 17213
Epoch 17214
Epoch 17215
Epoch 17216
Epoch 17217
Epoch 17218
Epoch 17219
Epoch 17220
Epoch 17221
Epoch 17222
Epoch 17223
Epoch 17224
Epoch 17225
Epoch 17226
Epoch 17227
Epoch 17228
Epoch 17229
Epoch 17230
Epoch 17231
Epoch 17232
Epoch 17233
Epoch 17234
Epoch 17235
Epoch 17236
Epoch 17237
Epoch 17238
Epoch 17239
Epoch 17240
Epoch 17241
Epoch 17242
Epoch 17243
Epoch 17244
Epoch 17245
Epoch 17246
Epoch 17247
Epoch 17248
Epoch 17249
Epoch 17250
Epoch 17251
Epoch 17252
Epoch 17253
Epoch 17254
Epoch 17255
Epoch 17256
Epoch 17257
Epoch 17258
Epoch 17259
Epoch 17260
Epoch 17261
Epoch 17262
Epoch 17263
Epoch 17264
Epoch 17265
Epoch 17266
Epoch 17267
Epoch 17268
Epoch 17269
Epoch 17270
Epoch 17271
Epoch 17272
Epoch 17273
Epoch 17274
Epoch 17275
Epoch 17276
Epoch 17277
Epoch 17278
Epoch 17279
Epoch 17280
Epoch 17281
Epoch 17282
Epoch 17283
Epoch 17284
Epoch 17285
Epoch 17286
Epoch 17287
Epoch 17288
Epoch 17289
Epoch 17290
Epoch 17291
Epoch 17292
Epoch 17293
Epoch 17294
Epoch 17295
Epoch 17296
Epoch 17297
Epoch 17298
Epoch 17299
Epoch 17300
Epoch 17301
Epoch 17302
Epoch 17303
Epoch 17304
Epoch 17305
Epoch 17306
Epoch 17307
Epoch 17308
Epoch 17309
Epoch 17310
Epoch 17311
Epoch 17312
Epoch 17313
Epoch 17314
Epoch 17315
Epoch 17316
Epoch 17317
Epoch 17318
Epoch 17319
Epoch 17320
Epoch 17321
Epoch 17322
Epoch 17323
Epoch 17324
Epoch 17325
Epoch 17326
Epoch 17327
Epoch 17328
Epoch 17329
Epoch 17330
Epoch 17331
Epoch 17332
Epoch 17333
Epoch 17334
Epoch 17335
Epoch 17336
Epoch 17337
Epoch 17338
Epoch 17339
Epoch 17340
Epoch 17341
Epoch 17342
Epoch 17343
Epoch 17344
Epoch 17345
Epoch 17346
Epoch 17347
Epoch 17348
Epoch 17349
Epoch 17350
Epoch 17351
Epoch 17352
Epoch 17353
Epoch 17354
Epoch 17355
Epoch 17356
Epoch 17357
Epoch 17358
Epoch 17359
Epoch 17360
Epoch 17361
Epoch 17362
Epoch 17363
Epoch 17364
Epoch 17365
Epoch 17366
Epoch 17367
Epoch 17368
Epoch 17369
Epoch 17370
Epoch 17371
Epoch 17372
Epoch 17373
Epoch 17374
Epoch 17375
Epoch 17376
Epoch 17377
Epoch 17378
Epoch 17379
Epoch 17380
Epoch 17381
Epoch 17382
Epoch 17383
Epoch 17384
Epoch 17385
Epoch 17386
Epoch 17387
Epoch 17388
Epoch 17389
Epoch 17390
Epoch 17391
Epoch 17392
Epoch 17393
Epoch 17394
Epoch 17395
Epoch 17396
Epoch 17397
Epoch 17398
Epoch 17399
Epoch 17400
Epoch 17401
Epoch 17402
Epoch 17403
Epoch 17404
Epoch 17405
Epoch 17406
Epoch 17407
Epoch 17408
Epoch 17409
Epoch 17410
Epoch 17411
Epoch 17412
Epoch 17413
Epoch 17414
Epoch 17415
Epoch 17416
Epoch 17417
Epoch 17418
Epoch 17419
Epoch 17420
Epoch 17421
Epoch 17422
Epoch 17423
Epoch 17424
Epoch 17425
Epoch 17426
Epoch 17427
Epoch 17428
Epoch 17429
Epoch 17430
Epoch 17431
Epoch 17432
Epoch 17433
Epoch 17434
Epoch 17435
Epoch 17436
Epoch 17437
Epoch 17438
Epoch 17439
Epoch 17440
Epoch 17441
Epoch 17442
Epoch 17443
Epoch 17444
Epoch 17445
Epoch 17446
Epoch 17447
Epoch 17448
Epoch 17449
Epoch 17450
Epoch 17451
Epoch 17452
Epoch 17453
Epoch 17454
Epoch 17455
Epoch 17456
Epoch 17457
Epoch 17458
Epoch 17459
Epoch 17460
Epoch 17461
Epoch 17462
Epoch 17463
Epoch 17464
Epoch 17465
Epoch 17466
Epoch 17467
Epoch 17468
Epoch 17469
Epoch 17470
Epoch 17471
Epoch 17472
Epoch 17473
Epoch 17474
Epoch 17475
Epoch 17476
Epoch 17477
Epoch 17478
Epoch 17479
Epoch 17480
Epoch 17481
Epoch 17482
Epoch 17483
Epoch 17484
Epoch 17485
Epoch 17486
Epoch 17487
Epoch 17488
Epoch 17489
Epoch 17490
Epoch 17491
Epoch 17492
Epoch 17493
Epoch 17494
Epoch 17495
Epoch 17496
Epoch 17497
Epoch 17498
Epoch 17499
Epoch 17500
Epoch 17501
Epoch 17502
Epoch 17503
Epoch 17504
Epoch 17505
Epoch 17506
Epoch 17507
Epoch 17508
Epoch 17509
Epoch 17510
Epoch 17511
Epoch 17512
Epoch 17513
Epoch 17514
Epoch 17515
Epoch 17516
Epoch 17517
Epoch 17518
Epoch 17519
Epoch 17520
Epoch 17521
Epoch 17522
Epoch 17523
Epoch 17524
Epoch 17525
Epoch 17526
Epoch 17527
Epoch 17528
Epoch 17529
Epoch 17530
Epoch 17531
Epoch 17532
Epoch 17533
Epoch 17534
Epoch 17535
Epoch 17536
Epoch 17537
Epoch 17538
Epoch 17539
Epoch 17540
Epoch 17541
Epoch 17542
Epoch 17543
Epoch 17544
Epoch 17545
Epoch 17546
Epoch 17547
Epoch 17548
Epoch 17549
Epoch 17550
Epoch 17551
Epoch 17552
Epoch 17553
Epoch 17554
Epoch 17555
Epoch 17556
Epoch 17557
Epoch 17558
Epoch 17559
Epoch 17560
Epoch 17561
Epoch 17562
Epoch 17563
Epoch 17564
Epoch 17565
Epoch 17566
Epoch 17567
Epoch 17568
Epoch 17569
Epoch 17570
Epoch 17571
Epoch 17572
Epoch 17573
Epoch 17574
Epoch 17575
Epoch 17576
Epoch 17577
Epoch 17578
Epoch 17579
Epoch 17580
Epoch 17581
Epoch 17582
Epoch 17583
Epoch 17584
Epoch 17585
Epoch 17586
Epoch 17587
Epoch 17588
Epoch 17589
Epoch 17590
Epoch 17591
Epoch 17592
Epoch 17593
Epoch 17594
Epoch 17595
Epoch 17596
Epoch 17597
Epoch 17598
Epoch 17599
Epoch 17600
Epoch 17601
Epoch 17602
Epoch 17603
Epoch 17604
Epoch 17605
Epoch 17606
Epoch 17607
Epoch 17608
Epoch 17609
Epoch 17610
Epoch 17611
Epoch 17612
Epoch 17613
Epoch 17614
Epoch 17615
Epoch 17616
Epoch 17617
Epoch 17618
Epoch 17619
Epoch 17620
Epoch 17621
Epoch 17622
Epoch 17623
Epoch 17624
Epoch 17625
Epoch 17626
Epoch 17627
Epoch 17628
Epoch 17629
Epoch 17630
Epoch 17631
Epoch 17632
Epoch 17633
Epoch 17634
Epoch 17635
Epoch 17636
Epoch 17637
Epoch 17638
Epoch 17639
Epoch 17640
Epoch 17641
Epoch 17642
Epoch 17643
Epoch 17644
Epoch 17645
Epoch 17646
Epoch 17647
Epoch 17648
Epoch 17649
Epoch 17650
Epoch 17651
Epoch 17652
Epoch 17653
Epoch 17654
Epoch 17655
Epoch 17656
Epoch 17657
Epoch 17658
Epoch 17659
Epoch 17660
Epoch 17661
Epoch 17662
Epoch 17663
Epoch 17664
Epoch 17665
Epoch 17666
Epoch 17667
Epoch 17668
Epoch 17669
Epoch 17670
Epoch 17671
Epoch 17672
Epoch 17673
Epoch 17674
Epoch 17675
Epoch 17676
Epoch 17677
Epoch 17678
Epoch 17679
Epoch 17680
Epoch 17681
Epoch 17682
Epoch 17683
Epoch 17684
Epoch 17685
Epoch 17686
Epoch 17687
Epoch 17688
Epoch 17689
Epoch 17690
Epoch 17691
Epoch 17692
Epoch 17693
Epoch 17694
Epoch 17695
Epoch 17696
Epoch 17697
Epoch 17698
Epoch 17699
Epoch 17700
Epoch 17701
Epoch 17702
Epoch 17703
Epoch 17704
Epoch 17705
Epoch 17706
Epoch 17707
Epoch 17708
Epoch 17709
Epoch 17710
Epoch 17711
Epoch 17712
Epoch 17713
Epoch 17714
Epoch 17715
Epoch 17716
Epoch 17717
Epoch 17718
Epoch 17719
Epoch 17720
Epoch 17721
Epoch 17722
Epoch 17723
Epoch 17724
Epoch 17725
Epoch 17726
Epoch 17727
Epoch 17728
Epoch 17729
Epoch 17730
Epoch 17731
Epoch 17732
Epoch 17733
Epoch 17734
Epoch 17735
Epoch 17736
Epoch 17737
Epoch 17738
Epoch 17739
Epoch 17740
Epoch 17741
Epoch 17742
Epoch 17743
Epoch 17744
Epoch 17745
Epoch 17746
Epoch 17747
Epoch 17748
Epoch 17749
Epoch 17750
Epoch 17751
Epoch 17752
Epoch 17753
Epoch 17754
Epoch 17755
Epoch 17756
Epoch 17757
Epoch 17758
Epoch 17759
Epoch 17760
Epoch 17761
Epoch 17762
Epoch 17763
Epoch 17764
Epoch 17765
Epoch 17766
Epoch 17767
Epoch 17768
Epoch 17769
Epoch 17770
Epoch 17771
Epoch 17772
Epoch 17773
Epoch 17774
Epoch 17775
Epoch 17776
Epoch 17777
Epoch 17778
Epoch 17779
Epoch 17780
Epoch 17781
Epoch 17782
Epoch 17783
Epoch 17784
Epoch 17785
Epoch 17786
Epoch 17787
Epoch 17788
Epoch 17789
Epoch 17790
Epoch 17791
Epoch 17792
Epoch 17793
Epoch 17794
Epoch 17795
Epoch 17796
Epoch 17797
Epoch 17798
Epoch 17799
Epoch 17800
Epoch 17801
Epoch 17802
Epoch 17803
Epoch 17804
Epoch 17805
Epoch 17806
Epoch 17807
Epoch 17808
Epoch 17809
Epoch 17810
Epoch 17811
Epoch 17812
Epoch 17813
Epoch 17814
Epoch 17815
Epoch 17816
Epoch 17817
Epoch 17818
Epoch 17819
Epoch 17820
Epoch 17821
Epoch 17822
Epoch 17823
Epoch 17824
Epoch 17825
Epoch 17826
Epoch 17827
Epoch 17828
Epoch 17829
Epoch 17830
Epoch 17831
Epoch 17832
Epoch 17833
Epoch 17834
Epoch 17835
Epoch 17836
Epoch 17837
Epoch 17838
Epoch 17839
Epoch 17840
Epoch 17841
Epoch 17842
Epoch 17843
Epoch 17844
Epoch 17845
Epoch 17846
Epoch 17847
Epoch 17848
Epoch 17849
Epoch 17850
Epoch 17851
Epoch 17852
Epoch 17853
Epoch 17854
Epoch 17855
Epoch 17856
Epoch 17857
Epoch 17858
Epoch 17859
Epoch 17860
Epoch 17861
Epoch 17862
Epoch 17863
Epoch 17864
Epoch 17865
Epoch 17866
Epoch 17867
Epoch 17868
Epoch 17869
Epoch 17870
Epoch 17871
Epoch 17872
Epoch 17873
Epoch 17874
Epoch 17875
Epoch 17876
Epoch 17877
Epoch 17878
Epoch 17879
Epoch 17880
Epoch 17881
Epoch 17882
Epoch 17883
Epoch 17884
Epoch 17885
Epoch 17886
Epoch 17887
Epoch 17888
Epoch 17889
Epoch 17890
Epoch 17891
Epoch 17892
Epoch 17893
Epoch 17894
Epoch 17895
Epoch 17896
Epoch 17897
Epoch 17898
Epoch 17899
Epoch 17900
Epoch 17901
Epoch 17902
Epoch 17903
Epoch 17904
Epoch 17905
Epoch 17906
Epoch 17907
Epoch 17908
Epoch 17909
Epoch 17910
Epoch 17911
Epoch 17912
Epoch 17913
Epoch 17914
Epoch 17915
Epoch 17916
Epoch 17917
Epoch 17918
Epoch 17919
Epoch 17920
Epoch 17921
Epoch 17922
Epoch 17923
Epoch 17924
Epoch 17925
Epoch 17926
Epoch 17927
Epoch 17928
Epoch 17929
Epoch 17930
Epoch 17931
Epoch 17932
Epoch 17933
Epoch 17934
Epoch 17935
Epoch 17936
Epoch 17937
Epoch 17938
Epoch 17939
Epoch 17940
Epoch 17941
Epoch 17942
Epoch 17943
Epoch 17944
Epoch 17945
Epoch 17946
Epoch 17947
Epoch 17948
Epoch 17949
Epoch 17950
Epoch 17951
Epoch 17952
Epoch 17953
Epoch 17954
Epoch 17955
Epoch 17956
Epoch 17957
Epoch 17958
Epoch 17959
Epoch 17960
Epoch 17961
Epoch 17962
Epoch 17963
Epoch 17964
Epoch 17965
Epoch 17966
Epoch 17967
Epoch 17968
Epoch 17969
Epoch 17970
Epoch 17971
Epoch 17972
Epoch 17973
Epoch 17974
Epoch 17975
Epoch 17976
Epoch 17977
Epoch 17978
Epoch 17979
Epoch 17980
Epoch 17981
Epoch 17982
Epoch 17983
Epoch 17984
Epoch 17985
Epoch 17986
Epoch 17987
Epoch 17988
Epoch 17989
Epoch 17990
Epoch 17991
Epoch 17992
Epoch 17993
Epoch 17994
Epoch 17995
Epoch 17996
Epoch 17997
Epoch 17998
Epoch 17999
Epoch 18000
Epoch 18001
Epoch 18002
Epoch 18003
Epoch 18004
Epoch 18005
Epoch 18006
Epoch 18007
Epoch 18008
Epoch 18009
Epoch 18010
Epoch 18011
Epoch 18012
Epoch 18013
Epoch 18014
Epoch 18015
Epoch 18016
Epoch 18017
Epoch 18018
Epoch 18019
Epoch 18020
Epoch 18021
Epoch 18022
Epoch 18023
Epoch 18024
Epoch 18025
Epoch 18026
Epoch 18027
Epoch 18028
Epoch 18029
Epoch 18030
Epoch 18031
Epoch 18032
Epoch 18033
Epoch 18034
Epoch 18035
Epoch 18036
Epoch 18037
Epoch 18038
Epoch 18039
Epoch 18040
Epoch 18041
Epoch 18042
Epoch 18043
Epoch 18044
Epoch 18045
Epoch 18046
Epoch 18047
Epoch 18048
Epoch 18049
Epoch 18050
Epoch 18051
Epoch 18052
Epoch 18053
Epoch 18054
Epoch 18055
Epoch 18056
Epoch 18057
Epoch 18058
Epoch 18059
Epoch 18060
Epoch 18061
Epoch 18062
Epoch 18063
Epoch 18064
Epoch 18065
Epoch 18066
Epoch 18067
Epoch 18068
Epoch 18069
Epoch 18070
Epoch 18071
Epoch 18072
Epoch 18073
Epoch 18074
Epoch 18075
Epoch 18076
Epoch 18077
Epoch 18078
Epoch 18079
Epoch 18080
Epoch 18081
Epoch 18082
Epoch 18083
Epoch 18084
Epoch 18085
Epoch 18086
Epoch 18087
Epoch 18088
Epoch 18089
Epoch 18090
Epoch 18091
Epoch 18092
Epoch 18093
Epoch 18094
Epoch 18095
Epoch 18096
Epoch 18097
Epoch 18098
Epoch 18099
Epoch 18100
Epoch 18101
Epoch 18102
Epoch 18103
Epoch 18104
Epoch 18105
Epoch 18106
Epoch 18107
Epoch 18108
Epoch 18109
Epoch 18110
Epoch 18111
Epoch 18112
Epoch 18113
Epoch 18114
Epoch 18115
Epoch 18116
Epoch 18117
Epoch 18118
Epoch 18119
Epoch 18120
Epoch 18121
Epoch 18122
Epoch 18123
Epoch 18124
Epoch 18125
Epoch 18126
Epoch 18127
Epoch 18128
Epoch 18129
Epoch 18130
Epoch 18131
Epoch 18132
Epoch 18133
Epoch 18134
Epoch 18135
Epoch 18136
Epoch 18137
Epoch 18138
Epoch 18139
Epoch 18140
Epoch 18141
Epoch 18142
Epoch 18143
Epoch 18144
Epoch 18145
Epoch 18146
Epoch 18147
Epoch 18148
Epoch 18149
Epoch 18150
Epoch 18151
Epoch 18152
Epoch 18153
Epoch 18154
Epoch 18155
Epoch 18156
Epoch 18157
Epoch 18158
Epoch 18159
Epoch 18160
Epoch 18161
Epoch 18162
Epoch 18163
Epoch 18164
Epoch 18165
Epoch 18166
Epoch 18167
Epoch 18168
Epoch 18169
Epoch 18170
Epoch 18171
Epoch 18172
Epoch 18173
Epoch 18174
Epoch 18175
Epoch 18176
Epoch 18177
Epoch 18178
Epoch 18179
Epoch 18180
Epoch 18181
Epoch 18182
Epoch 18183
Epoch 18184
Epoch 18185
Epoch 18186
Epoch 18187
Epoch 18188
Epoch 18189
Epoch 18190
Epoch 18191
Epoch 18192
Epoch 18193
Epoch 18194
Epoch 18195
Epoch 18196
Epoch 18197
Epoch 18198
Epoch 18199
Epoch 18200
Epoch 18201
Epoch 18202
Epoch 18203
Epoch 18204
Epoch 18205
Epoch 18206
Epoch 18207
Epoch 18208
Epoch 18209
Epoch 18210
Epoch 18211
Epoch 18212
Epoch 18213
Epoch 18214
Epoch 18215
Epoch 18216
Epoch 18217
Epoch 18218
Epoch 18219
Epoch 18220
Epoch 18221
Epoch 18222
Epoch 18223
Epoch 18224
Epoch 18225
Epoch 18226
Epoch 18227
Epoch 18228
Epoch 18229
Epoch 18230
Epoch 18231
Epoch 18232
Epoch 18233
Epoch 18234
Epoch 18235
Epoch 18236
Epoch 18237
Epoch 18238
Epoch 18239
Epoch 18240
Epoch 18241
Epoch 18242
Epoch 18243
Epoch 18244
Epoch 18245
Epoch 18246
Epoch 18247
Epoch 18248
Epoch 18249
Epoch 18250
Epoch 18251
Epoch 18252
Epoch 18253
Epoch 18254
Epoch 18255
Epoch 18256
Epoch 18257
Epoch 18258
Epoch 18259
Epoch 18260
Epoch 18261
Epoch 18262
Epoch 18263
Epoch 18264
Epoch 18265
Epoch 18266
Epoch 18267
Epoch 18268
Epoch 18269
Epoch 18270
Epoch 18271
Epoch 18272
Epoch 18273
Epoch 18274
Epoch 18275
Epoch 18276
Epoch 18277
Epoch 18278
Epoch 18279
Epoch 18280
Epoch 18281
Epoch 18282
Epoch 18283
Epoch 18284
Epoch 18285
Epoch 18286
Epoch 18287
Epoch 18288
Epoch 18289
Epoch 18290
Epoch 18291
Epoch 18292
Epoch 18293
Epoch 18294
Epoch 18295
Epoch 18296
Epoch 18297
Epoch 18298
Epoch 18299
Epoch 18300
Epoch 18301
Epoch 18302
Epoch 18303
Epoch 18304
Epoch 18305
Epoch 18306
Epoch 18307
Epoch 18308
Epoch 18309
Epoch 18310
Epoch 18311
Epoch 18312
Epoch 18313
Epoch 18314
Epoch 18315
Epoch 18316
Epoch 18317
Epoch 18318
Epoch 18319
Epoch 18320
Epoch 18321
Epoch 18322
Epoch 18323
Epoch 18324
Epoch 18325
Epoch 18326
Epoch 18327
Epoch 18328
Epoch 18329
Epoch 18330
Epoch 18331
Epoch 18332
Epoch 18333
Epoch 18334
Epoch 18335
Epoch 18336
Epoch 18337
Epoch 18338
Epoch 18339
Epoch 18340
Epoch 18341
Epoch 18342
Epoch 18343
Epoch 18344
Epoch 18345
Epoch 18346
Epoch 18347
Epoch 18348
Epoch 18349
Epoch 18350
Epoch 18351
Epoch 18352
Epoch 18353
Epoch 18354
Epoch 18355
Epoch 18356
Epoch 18357
Epoch 18358
Epoch 18359
Epoch 18360
Epoch 18361
Epoch 18362
Epoch 18363
Epoch 18364
Epoch 18365
Epoch 18366
Epoch 18367
Epoch 18368
Epoch 18369
Epoch 18370
Epoch 18371
Epoch 18372
Epoch 18373
Epoch 18374
Epoch 18375
Epoch 18376
Epoch 18377
Epoch 18378
Epoch 18379
Epoch 18380
Epoch 18381
Epoch 18382
Epoch 18383
Epoch 18384
Epoch 18385
Epoch 18386
Epoch 18387
Epoch 18388
Epoch 18389
Epoch 18390
Epoch 18391
Epoch 18392
Epoch 18393
Epoch 18394
Epoch 18395
Epoch 18396
Epoch 18397
Epoch 18398
Epoch 18399
Epoch 18400
Epoch 18401
Epoch 18402
Epoch 18403
Epoch 18404
Epoch 18405
Epoch 18406
Epoch 18407
Epoch 18408
Epoch 18409
Epoch 18410
Epoch 18411
Epoch 18412
Epoch 18413
Epoch 18414
Epoch 18415
Epoch 18416
Epoch 18417
Epoch 18418
Epoch 18419
Epoch 18420
Epoch 18421
Epoch 18422
Epoch 18423
Epoch 18424
Epoch 18425
Epoch 18426
Epoch 18427
Epoch 18428
Epoch 18429
Epoch 18430
Epoch 18431
Epoch 18432
Epoch 18433
Epoch 18434
Epoch 18435
Epoch 18436
Epoch 18437
Epoch 18438
Epoch 18439
Epoch 18440
Epoch 18441
Epoch 18442
Epoch 18443
Epoch 18444
Epoch 18445
Epoch 18446
Epoch 18447
Epoch 18448
Epoch 18449
Epoch 18450
Epoch 18451
Epoch 18452
Epoch 18453
Epoch 18454
Epoch 18455
Epoch 18456
Epoch 18457
Epoch 18458
Epoch 18459
Epoch 18460
Epoch 18461
Epoch 18462
Epoch 18463
Epoch 18464
Epoch 18465
Epoch 18466
Epoch 18467
Epoch 18468
Epoch 18469
Epoch 18470
Epoch 18471
Epoch 18472
Epoch 18473
Epoch 18474
Epoch 18475
Epoch 18476
Epoch 18477
Epoch 18478
Epoch 18479
Epoch 18480
Epoch 18481
Epoch 18482
Epoch 18483
Epoch 18484
Epoch 18485
Epoch 18486
Epoch 18487
Epoch 18488
Epoch 18489
Epoch 18490
Epoch 18491
Epoch 18492
Epoch 18493
Epoch 18494
Epoch 18495
Epoch 18496
Epoch 18497
Epoch 18498
Epoch 18499
Epoch 18500
Epoch 18501
Epoch 18502
Epoch 18503
Epoch 18504
Epoch 18505
Epoch 18506
Epoch 18507
Epoch 18508
Epoch 18509
Epoch 18510
Epoch 18511
Epoch 18512
Epoch 18513
Epoch 18514
Epoch 18515
Epoch 18516
Epoch 18517
Epoch 18518
Epoch 18519
Epoch 18520
Epoch 18521
Epoch 18522
Epoch 18523
Epoch 18524
Epoch 18525
Epoch 18526
Epoch 18527
Epoch 18528
Epoch 18529
Epoch 18530
Epoch 18531
Epoch 18532
Epoch 18533
Epoch 18534
Epoch 18535
Epoch 18536
Epoch 18537
Epoch 18538
Epoch 18539
Epoch 18540
Epoch 18541
Epoch 18542
Epoch 18543
Epoch 18544
Epoch 18545
Epoch 18546
Epoch 18547
Epoch 18548
Epoch 18549
Epoch 18550
Epoch 18551
Epoch 18552
Epoch 18553
Epoch 18554
Epoch 18555
Epoch 18556
Epoch 18557
Epoch 18558
Epoch 18559
Epoch 18560
Epoch 18561
Epoch 18562
Epoch 18563
Epoch 18564
Epoch 18565
Epoch 18566
Epoch 18567
Epoch 18568
Epoch 18569
Epoch 18570
Epoch 18571
Epoch 18572
Epoch 18573
Epoch 18574
Epoch 18575
Epoch 18576
Epoch 18577
Epoch 18578
Epoch 18579
Epoch 18580
Epoch 18581
Epoch 18582
Epoch 18583
Epoch 18584
Epoch 18585
Epoch 18586
Epoch 18587
Epoch 18588
Epoch 18589
Epoch 18590
Epoch 18591
Epoch 18592
Epoch 18593
Epoch 18594
Epoch 18595
Epoch 18596
Epoch 18597
Epoch 18598
Epoch 18599
Epoch 18600
Epoch 18601
Epoch 18602
Epoch 18603
Epoch 18604
Epoch 18605
Epoch 18606
Epoch 18607
Epoch 18608
Epoch 18609
Epoch 18610
Epoch 18611
Epoch 18612
Epoch 18613
Epoch 18614
Epoch 18615
Epoch 18616
Epoch 18617
Epoch 18618
Epoch 18619
Epoch 18620
Epoch 18621
Epoch 18622
Epoch 18623
Epoch 18624
Epoch 18625
Epoch 18626
Epoch 18627
Epoch 18628
Epoch 18629
Epoch 18630
Epoch 18631
Epoch 18632
Epoch 18633
Epoch 18634
Epoch 18635
Epoch 18636
Epoch 18637
Epoch 18638
Epoch 18639
Epoch 18640
Epoch 18641
Epoch 18642
Epoch 18643
Epoch 18644
Epoch 18645
Epoch 18646
Epoch 18647
Epoch 18648
Epoch 18649
Epoch 18650
Epoch 18651
Epoch 18652
Epoch 18653
Epoch 18654
Epoch 18655
Epoch 18656
Epoch 18657
Epoch 18658
Epoch 18659
Epoch 18660
Epoch 18661
Epoch 18662
Epoch 18663
Epoch 18664
Epoch 18665
Epoch 18666
Epoch 18667
Epoch 18668
Epoch 18669
Epoch 18670
Epoch 18671
Epoch 18672
Epoch 18673
Epoch 18674
Epoch 18675
Epoch 18676
Epoch 18677
Epoch 18678
Epoch 18679
Epoch 18680
Epoch 18681
Epoch 18682
Epoch 18683
Epoch 18684
Epoch 18685
Epoch 18686
Epoch 18687
Epoch 18688
Epoch 18689
Epoch 18690
Epoch 18691
Epoch 18692
Epoch 18693
Epoch 18694
Epoch 18695
Epoch 18696
Epoch 18697
Epoch 18698
Epoch 18699
Epoch 18700
Epoch 18701
Epoch 18702
Epoch 18703
Epoch 18704
Epoch 18705
Epoch 18706
Epoch 18707
Epoch 18708
Epoch 18709
Epoch 18710
Epoch 18711
Epoch 18712
Epoch 18713
Epoch 18714
Epoch 18715
Epoch 18716
Epoch 18717
Epoch 18718
Epoch 18719
Epoch 18720
Epoch 18721
Epoch 18722
Epoch 18723
Epoch 18724
Epoch 18725
Epoch 18726
Epoch 18727
Epoch 18728
Epoch 18729
Epoch 18730
Epoch 18731
Epoch 18732
Epoch 18733
Epoch 18734
Epoch 18735
Epoch 18736
Epoch 18737
Epoch 18738
Epoch 18739
Epoch 18740
Epoch 18741
Epoch 18742
Epoch 18743
Epoch 18744
Epoch 18745
Epoch 18746
Epoch 18747
Epoch 18748
Epoch 18749
Epoch 18750
Epoch 18751
Epoch 18752
Epoch 18753
Epoch 18754
Epoch 18755
Epoch 18756
Epoch 18757
Epoch 18758
Epoch 18759
Epoch 18760
Epoch 18761
Epoch 18762
Epoch 18763
Epoch 18764
Epoch 18765
Epoch 18766
Epoch 18767
Epoch 18768
Epoch 18769
Epoch 18770
Epoch 18771
Epoch 18772
Epoch 18773
Epoch 18774
Epoch 18775
Epoch 18776
Epoch 18777
Epoch 18778
Epoch 18779
Epoch 18780
Epoch 18781
Epoch 18782
Epoch 18783
Epoch 18784
Epoch 18785
Epoch 18786
Epoch 18787
Epoch 18788
Epoch 18789
Epoch 18790
Epoch 18791
Epoch 18792
Epoch 18793
Epoch 18794
Epoch 18795
Epoch 18796
Epoch 18797
Epoch 18798
Epoch 18799
Epoch 18800
Epoch 18801
Epoch 18802
Epoch 18803
Epoch 18804
Epoch 18805
Epoch 18806
Epoch 18807
Epoch 18808
Epoch 18809
Epoch 18810
Epoch 18811
Epoch 18812
Epoch 18813
Epoch 18814
Epoch 18815
Epoch 18816
Epoch 18817
Epoch 18818
Epoch 18819
Epoch 18820
Epoch 18821
Epoch 18822
Epoch 18823
Epoch 18824
Epoch 18825
Epoch 18826
Epoch 18827
Epoch 18828
Epoch 18829
Epoch 18830
Epoch 18831
Epoch 18832
Epoch 18833
Epoch 18834
Epoch 18835
Epoch 18836
Epoch 18837
Epoch 18838
Epoch 18839
Epoch 18840
Epoch 18841
Epoch 18842
Epoch 18843
Epoch 18844
Epoch 18845
Epoch 18846
Epoch 18847
Epoch 18848
Epoch 18849
Epoch 18850
Epoch 18851
Epoch 18852
Epoch 18853
Epoch 18854
Epoch 18855
Epoch 18856
Epoch 18857
Epoch 18858
Epoch 18859
Epoch 18860
Epoch 18861
Epoch 18862
Epoch 18863
Epoch 18864
Epoch 18865
Epoch 18866
Epoch 18867
Epoch 18868
Epoch 18869
Epoch 18870
Epoch 18871
Epoch 18872
Epoch 18873
Epoch 18874
Epoch 18875
Epoch 18876
Epoch 18877
Epoch 18878
Epoch 18879
Epoch 18880
Epoch 18881
Epoch 18882
Epoch 18883
Epoch 18884
Epoch 18885
Epoch 18886
Epoch 18887
Epoch 18888
Epoch 18889
Epoch 18890
Epoch 18891
Epoch 18892
Epoch 18893
Epoch 18894
Epoch 18895
Epoch 18896
Epoch 18897
Epoch 18898
Epoch 18899
Epoch 18900
Epoch 18901
Epoch 18902
Epoch 18903
Epoch 18904
Epoch 18905
Epoch 18906
Epoch 18907
Epoch 18908
Epoch 18909
Epoch 18910
Epoch 18911
Epoch 18912
Epoch 18913
Epoch 18914
Epoch 18915
Epoch 18916
Epoch 18917
Epoch 18918
Epoch 18919
Epoch 18920
Epoch 18921
Epoch 18922
Epoch 18923
Epoch 18924
Epoch 18925
Epoch 18926
Epoch 18927
Epoch 18928
Epoch 18929
Epoch 18930
Epoch 18931
Epoch 18932
Epoch 18933
Epoch 18934
Epoch 18935
Epoch 18936
Epoch 18937
Epoch 18938
Epoch 18939
Epoch 18940
Epoch 18941
Epoch 18942
Epoch 18943
Epoch 18944
Epoch 18945
Epoch 18946
Epoch 18947
Epoch 18948
Epoch 18949
Epoch 18950
Epoch 18951
Epoch 18952
Epoch 18953
Epoch 18954
Epoch 18955
Epoch 18956
Epoch 18957
Epoch 18958
Epoch 18959
Epoch 18960
Epoch 18961
Epoch 18962
Epoch 18963
Epoch 18964
Epoch 18965
Epoch 18966
Epoch 18967
Epoch 18968
Epoch 18969
Epoch 18970
Epoch 18971
Epoch 18972
Epoch 18973
Epoch 18974
Epoch 18975
Epoch 18976
Epoch 18977
Epoch 18978
Epoch 18979
Epoch 18980
Epoch 18981
Epoch 18982
Epoch 18983
Epoch 18984
Epoch 18985
Epoch 18986
Epoch 18987
Epoch 18988
Epoch 18989
Epoch 18990
Epoch 18991
Epoch 18992
Epoch 18993
Epoch 18994
Epoch 18995
Epoch 18996
Epoch 18997
Epoch 18998
Epoch 18999
Epoch 19000
Epoch 19001
Epoch 19002
Epoch 19003
Epoch 19004
Epoch 19005
Epoch 19006
Epoch 19007
Epoch 19008
Epoch 19009
Epoch 19010
Epoch 19011
Epoch 19012
Epoch 19013
Epoch 19014
Epoch 19015
Epoch 19016
Epoch 19017
Epoch 19018
Epoch 19019
Epoch 19020
Epoch 19021
Epoch 19022
Epoch 19023
Epoch 19024
Epoch 19025
Epoch 19026
Epoch 19027
Epoch 19028
Epoch 19029
Epoch 19030
Epoch 19031
Epoch 19032
Epoch 19033
Epoch 19034
Epoch 19035
Epoch 19036
Epoch 19037
Epoch 19038
Epoch 19039
Epoch 19040
Epoch 19041
Epoch 19042
Epoch 19043
Epoch 19044
Epoch 19045
Epoch 19046
Epoch 19047
Epoch 19048
Epoch 19049
Epoch 19050
Epoch 19051
Epoch 19052
Epoch 19053
Epoch 19054
Epoch 19055
Epoch 19056
Epoch 19057
Epoch 19058
Epoch 19059
Epoch 19060
Epoch 19061
Epoch 19062
Epoch 19063
Epoch 19064
Epoch 19065
Epoch 19066
Epoch 19067
Epoch 19068
Epoch 19069
Epoch 19070
Epoch 19071
Epoch 19072
Epoch 19073
Epoch 19074
Epoch 19075
Epoch 19076
Epoch 19077
Epoch 19078
Epoch 19079
Epoch 19080
Epoch 19081
Epoch 19082
Epoch 19083
Epoch 19084
Epoch 19085
Epoch 19086
Epoch 19087
Epoch 19088
Epoch 19089
Epoch 19090
Epoch 19091
Epoch 19092
Epoch 19093
Epoch 19094
Epoch 19095
Epoch 19096
Epoch 19097
Epoch 19098
Epoch 19099
Epoch 19100
Epoch 19101
Epoch 19102
Epoch 19103
Epoch 19104
Epoch 19105
Epoch 19106
Epoch 19107
Epoch 19108
Epoch 19109
Epoch 19110
Epoch 19111
Epoch 19112
Epoch 19113
Epoch 19114
Epoch 19115
Epoch 19116
Epoch 19117
Epoch 19118
Epoch 19119
Epoch 19120
Epoch 19121
Epoch 19122
Epoch 19123
Epoch 19124
Epoch 19125
Epoch 19126
Epoch 19127
Epoch 19128
Epoch 19129
Epoch 19130
Epoch 19131
Epoch 19132
Epoch 19133
Epoch 19134
Epoch 19135
Epoch 19136
Epoch 19137
Epoch 19138
Epoch 19139
Epoch 19140
Epoch 19141
Epoch 19142
Epoch 19143
Epoch 19144
Epoch 19145
Epoch 19146
Epoch 19147
Epoch 19148
Epoch 19149
Epoch 19150
Epoch 19151
Epoch 19152
Epoch 19153
Epoch 19154
Epoch 19155
Epoch 19156
Epoch 19157
Epoch 19158
Epoch 19159
Epoch 19160
Epoch 19161
Epoch 19162
Epoch 19163
Epoch 19164
Epoch 19165
Epoch 19166
Epoch 19167
Epoch 19168
Epoch 19169
Epoch 19170
Epoch 19171
Epoch 19172
Epoch 19173
Epoch 19174
Epoch 19175
Epoch 19176
Epoch 19177
Epoch 19178
Epoch 19179
Epoch 19180
Epoch 19181
Epoch 19182
Epoch 19183
Epoch 19184
Epoch 19185
Epoch 19186
Epoch 19187
Epoch 19188
Epoch 19189
Epoch 19190
Epoch 19191
Epoch 19192
Epoch 19193
Epoch 19194
Epoch 19195
Epoch 19196
Epoch 19197
Epoch 19198
Epoch 19199
Epoch 19200
Epoch 19201
Epoch 19202
Epoch 19203
Epoch 19204
Epoch 19205
Epoch 19206
Epoch 19207
Epoch 19208
Epoch 19209
Epoch 19210
Epoch 19211
Epoch 19212
Epoch 19213
Epoch 19214
Epoch 19215
Epoch 19216
Epoch 19217
Epoch 19218
Epoch 19219
Epoch 19220
Epoch 19221
Epoch 19222
Epoch 19223
Epoch 19224
Epoch 19225
Epoch 19226
Epoch 19227
Epoch 19228
Epoch 19229
Epoch 19230
Epoch 19231
Epoch 19232
Epoch 19233
Epoch 19234
Epoch 19235
Epoch 19236
Epoch 19237
Epoch 19238
Epoch 19239
Epoch 19240
Epoch 19241
Epoch 19242
Epoch 19243
Epoch 19244
Epoch 19245
Epoch 19246
Epoch 19247
Epoch 19248
Epoch 19249
Epoch 19250
Epoch 19251
Epoch 19252
Epoch 19253
Epoch 19254
Epoch 19255
Epoch 19256
Epoch 19257
Epoch 19258
Epoch 19259
Epoch 19260
Epoch 19261
Epoch 19262
Epoch 19263
Epoch 19264
Epoch 19265
Epoch 19266
Epoch 19267
Epoch 19268
Epoch 19269
Epoch 19270
Epoch 19271
Epoch 19272
Epoch 19273
Epoch 19274
Epoch 19275
Epoch 19276
Epoch 19277
Epoch 19278
Epoch 19279
Epoch 19280
Epoch 19281
Epoch 19282
Epoch 19283
Epoch 19284
Epoch 19285
Epoch 19286
Epoch 19287
Epoch 19288
Epoch 19289
Epoch 19290
Epoch 19291
Epoch 19292
Epoch 19293
Epoch 19294
Epoch 19295
Epoch 19296
Epoch 19297
Epoch 19298
Epoch 19299
Epoch 19300
Epoch 19301
Epoch 19302
Epoch 19303
Epoch 19304
Epoch 19305
Epoch 19306
Epoch 19307
Epoch 19308
Epoch 19309
Epoch 19310
Epoch 19311
Epoch 19312
Epoch 19313
Epoch 19314
Epoch 19315
Epoch 19316
Epoch 19317
Epoch 19318
Epoch 19319
Epoch 19320
Epoch 19321
Epoch 19322
Epoch 19323
Epoch 19324
Epoch 19325
Epoch 19326
Epoch 19327
Epoch 19328
Epoch 19329
Epoch 19330
Epoch 19331
Epoch 19332
Epoch 19333
Epoch 19334
Epoch 19335
Epoch 19336
Epoch 19337
Epoch 19338
Epoch 19339
Epoch 19340
Epoch 19341
Epoch 19342
Epoch 19343
Epoch 19344
Epoch 19345
Epoch 19346
Epoch 19347
Epoch 19348
Epoch 19349
Epoch 19350
Epoch 19351
Epoch 19352
Epoch 19353
Epoch 19354
Epoch 19355
Epoch 19356
Epoch 19357
Epoch 19358
Epoch 19359
Epoch 19360
Epoch 19361
Epoch 19362
Epoch 19363
Epoch 19364
Epoch 19365
Epoch 19366
Epoch 19367
Epoch 19368
Epoch 19369
Epoch 19370
Epoch 19371
Epoch 19372
Epoch 19373
Epoch 19374
Epoch 19375
Epoch 19376
Epoch 19377
Epoch 19378
Epoch 19379
Epoch 19380
Epoch 19381
Epoch 19382
Epoch 19383
Epoch 19384
Epoch 19385
Epoch 19386
Epoch 19387
Epoch 19388
Epoch 19389
Epoch 19390
Epoch 19391
Epoch 19392
Epoch 19393
Epoch 19394
Epoch 19395
Epoch 19396
Epoch 19397
Epoch 19398
Epoch 19399
Epoch 19400
Epoch 19401
Epoch 19402
Epoch 19403
Epoch 19404
Epoch 19405
Epoch 19406
Epoch 19407
Epoch 19408
Epoch 19409
Epoch 19410
Epoch 19411
Epoch 19412
Epoch 19413
Epoch 19414
Epoch 19415
Epoch 19416
Epoch 19417
Epoch 19418
Epoch 19419
Epoch 19420
Epoch 19421
Epoch 19422
Epoch 19423
Epoch 19424
Epoch 19425
Epoch 19426
Epoch 19427
Epoch 19428
Epoch 19429
Epoch 19430
Epoch 19431
Epoch 19432
Epoch 19433
Epoch 19434
Epoch 19435
Epoch 19436
Epoch 19437
Epoch 19438
Epoch 19439
Epoch 19440
Epoch 19441
Epoch 19442
Epoch 19443
Epoch 19444
Epoch 19445
Epoch 19446
Epoch 19447
Epoch 19448
Epoch 19449
Epoch 19450
Epoch 19451
Epoch 19452
Epoch 19453
Epoch 19454
Epoch 19455
Epoch 19456
Epoch 19457
Epoch 19458
Epoch 19459
Epoch 19460
Epoch 19461
Epoch 19462
Epoch 19463
Epoch 19464
Epoch 19465
Epoch 19466
Epoch 19467
Epoch 19468
Epoch 19469
Epoch 19470
Epoch 19471
Epoch 19472
Epoch 19473
Epoch 19474
Epoch 19475
Epoch 19476
Epoch 19477
Epoch 19478
Epoch 19479
Epoch 19480
Epoch 19481
Epoch 19482
Epoch 19483
Epoch 19484
Epoch 19485
Epoch 19486
Epoch 19487
Epoch 19488
Epoch 19489
Epoch 19490
Epoch 19491
Epoch 19492
Epoch 19493
Epoch 19494
Epoch 19495
Epoch 19496
Epoch 19497
Epoch 19498
Epoch 19499
Epoch 19500
Epoch 19501
Epoch 19502
Epoch 19503
Epoch 19504
Epoch 19505
Epoch 19506
Epoch 19507
Epoch 19508
Epoch 19509
Epoch 19510
Epoch 19511
Epoch 19512
Epoch 19513
Epoch 19514
Epoch 19515
Epoch 19516
Epoch 19517
Epoch 19518
Epoch 19519
Epoch 19520
Epoch 19521
Epoch 19522
Epoch 19523
Epoch 19524
Epoch 19525
Epoch 19526
Epoch 19527
Epoch 19528
Epoch 19529
Epoch 19530
Epoch 19531
Epoch 19532
Epoch 19533
Epoch 19534
Epoch 19535
Epoch 19536
Epoch 19537
Epoch 19538
Epoch 19539
Epoch 19540
Epoch 19541
Epoch 19542
Epoch 19543
Epoch 19544
Epoch 19545
Epoch 19546
Epoch 19547
Epoch 19548
Epoch 19549
Epoch 19550
Epoch 19551
Epoch 19552
Epoch 19553
Epoch 19554
Epoch 19555
Epoch 19556
Epoch 19557
Epoch 19558
Epoch 19559
Epoch 19560
Epoch 19561
Epoch 19562
Epoch 19563
Epoch 19564
Epoch 19565
Epoch 19566
Epoch 19567
Epoch 19568
Epoch 19569
Epoch 19570
Epoch 19571
Epoch 19572
Epoch 19573
Epoch 19574
Epoch 19575
Epoch 19576
Epoch 19577
Epoch 19578
Epoch 19579
Epoch 19580
Epoch 19581
Epoch 19582
Epoch 19583
Epoch 19584
Epoch 19585
Epoch 19586
Epoch 19587
Epoch 19588
Epoch 19589
Epoch 19590
Epoch 19591
Epoch 19592
Epoch 19593
Epoch 19594
Epoch 19595
Epoch 19596
Epoch 19597
Epoch 19598
Epoch 19599
Epoch 19600
Epoch 19601
Epoch 19602
Epoch 19603
Epoch 19604
Epoch 19605
Epoch 19606
Epoch 19607
Epoch 19608
Epoch 19609
Epoch 19610
Epoch 19611
Epoch 19612
Epoch 19613
Epoch 19614
Epoch 19615
Epoch 19616
Epoch 19617
Epoch 19618
Epoch 19619
Epoch 19620
Epoch 19621
Epoch 19622
Epoch 19623
Epoch 19624
Epoch 19625
Epoch 19626
Epoch 19627
Epoch 19628
Epoch 19629
Epoch 19630
Epoch 19631
Epoch 19632
Epoch 19633
Epoch 19634
Epoch 19635
Epoch 19636
Epoch 19637
Epoch 19638
Epoch 19639
Epoch 19640
Epoch 19641
Epoch 19642
Epoch 19643
Epoch 19644
Epoch 19645
Epoch 19646
Epoch 19647
Epoch 19648
Epoch 19649
Epoch 19650
Epoch 19651
Epoch 19652
Epoch 19653
Epoch 19654
Epoch 19655
Epoch 19656
Epoch 19657
Epoch 19658
Epoch 19659
Epoch 19660
Epoch 19661
Epoch 19662
Epoch 19663
Epoch 19664
Epoch 19665
Epoch 19666
Epoch 19667
Epoch 19668
Epoch 19669
Epoch 19670
Epoch 19671
Epoch 19672
Epoch 19673
Epoch 19674
Epoch 19675
Epoch 19676
Epoch 19677
Epoch 19678
Epoch 19679
Epoch 19680
Epoch 19681
Epoch 19682
Epoch 19683
Epoch 19684
Epoch 19685
Epoch 19686
Epoch 19687
Epoch 19688
Epoch 19689
Epoch 19690
Epoch 19691
Epoch 19692
Epoch 19693
Epoch 19694
Epoch 19695
Epoch 19696
Epoch 19697
Epoch 19698
Epoch 19699
Epoch 19700
Epoch 19701
Epoch 19702
Epoch 19703
Epoch 19704
Epoch 19705
Epoch 19706
Epoch 19707
Epoch 19708
Epoch 19709
Epoch 19710
Epoch 19711
Epoch 19712
Epoch 19713
Epoch 19714
Epoch 19715
Epoch 19716
Epoch 19717
Epoch 19718
Epoch 19719
Epoch 19720
Epoch 19721
Epoch 19722
Epoch 19723
Epoch 19724
Epoch 19725
Epoch 19726
Epoch 19727
Epoch 19728
Epoch 19729
Epoch 19730
Epoch 19731
Epoch 19732
Epoch 19733
Epoch 19734
Epoch 19735
Epoch 19736
Epoch 19737
Epoch 19738
Epoch 19739
Epoch 19740
Epoch 19741
Epoch 19742
Epoch 19743
Epoch 19744
Epoch 19745
Epoch 19746
Epoch 19747
Epoch 19748
Epoch 19749
Epoch 19750
Epoch 19751
Epoch 19752
Epoch 19753
Epoch 19754
Epoch 19755
Epoch 19756
Epoch 19757
Epoch 19758
Epoch 19759
Epoch 19760
Epoch 19761
Epoch 19762
Epoch 19763
Epoch 19764
Epoch 19765
Epoch 19766
Epoch 19767
Epoch 19768
Epoch 19769
Epoch 19770
Epoch 19771
Epoch 19772
Epoch 19773
Epoch 19774
Epoch 19775
Epoch 19776
Epoch 19777
Epoch 19778
Epoch 19779
Epoch 19780
Epoch 19781
Epoch 19782
Epoch 19783
Epoch 19784
Epoch 19785
Epoch 19786
Epoch 19787
Epoch 19788
Epoch 19789
Epoch 19790
Epoch 19791
Epoch 19792
Epoch 19793
Epoch 19794
Epoch 19795
Epoch 19796
Epoch 19797
Epoch 19798
Epoch 19799
Epoch 19800
Epoch 19801
Epoch 19802
Epoch 19803
Epoch 19804
Epoch 19805
Epoch 19806
Epoch 19807
Epoch 19808
Epoch 19809
Epoch 19810
Epoch 19811
Epoch 19812
Epoch 19813
Epoch 19814
Epoch 19815
Epoch 19816
Epoch 19817
Epoch 19818
Epoch 19819
Epoch 19820
Epoch 19821
Epoch 19822
Epoch 19823
Epoch 19824
Epoch 19825
Epoch 19826
Epoch 19827
Epoch 19828
Epoch 19829
Epoch 19830
Epoch 19831
Epoch 19832
Epoch 19833
Epoch 19834
Epoch 19835
Epoch 19836
Epoch 19837
Epoch 19838
Epoch 19839
Epoch 19840
Epoch 19841
Epoch 19842
Epoch 19843
Epoch 19844
Epoch 19845
Epoch 19846
Epoch 19847
Epoch 19848
Epoch 19849
Epoch 19850
Epoch 19851
Epoch 19852
Epoch 19853
Epoch 19854
Epoch 19855
Epoch 19856
Epoch 19857
Epoch 19858
Epoch 19859
Epoch 19860
Epoch 19861
Epoch 19862
Epoch 19863
Epoch 19864
Epoch 19865
Epoch 19866
Epoch 19867
Epoch 19868
Epoch 19869
Epoch 19870
Epoch 19871
Epoch 19872
Epoch 19873
Epoch 19874
Epoch 19875
Epoch 19876
Epoch 19877
Epoch 19878
Epoch 19879
Epoch 19880
Epoch 19881
Epoch 19882
Epoch 19883
Epoch 19884
Epoch 19885
Epoch 19886
Epoch 19887
Epoch 19888
Epoch 19889
Epoch 19890
Epoch 19891
Epoch 19892
Epoch 19893
Epoch 19894
Epoch 19895
Epoch 19896
Epoch 19897
Epoch 19898
Epoch 19899
Epoch 19900
Epoch 19901
Epoch 19902
Epoch 19903
Epoch 19904
Epoch 19905
Epoch 19906
Epoch 19907
Epoch 19908
Epoch 19909
Epoch 19910
Epoch 19911
Epoch 19912
Epoch 19913
Epoch 19914
Epoch 19915
Epoch 19916
Epoch 19917
Epoch 19918
Epoch 19919
Epoch 19920
Epoch 19921
Epoch 19922
Epoch 19923
Epoch 19924
Epoch 19925
Epoch 19926
Epoch 19927
Epoch 19928
Epoch 19929
Epoch 19930
Epoch 19931
Epoch 19932
Epoch 19933
Epoch 19934
Epoch 19935
Epoch 19936
Epoch 19937
Epoch 19938
Epoch 19939
Epoch 19940
Epoch 19941
Epoch 19942
Epoch 19943
Epoch 19944
Epoch 19945
Epoch 19946
Epoch 19947
Epoch 19948
Epoch 19949
Epoch 19950
Epoch 19951
Epoch 19952
Epoch 19953
Epoch 19954
Epoch 19955
Epoch 19956
Epoch 19957
Epoch 19958
Epoch 19959
Epoch 19960
Epoch 19961
Epoch 19962
Epoch 19963
Epoch 19964
Epoch 19965
Epoch 19966
Epoch 19967
Epoch 19968
Epoch 19969
Epoch 19970
Epoch 19971
Epoch 19972
Epoch 19973
Epoch 19974
Epoch 19975
Epoch 19976
Epoch 19977
Epoch 19978
Epoch 19979
Epoch 19980
Epoch 19981
Epoch 19982
Epoch 19983
Epoch 19984
Epoch 19985
Epoch 19986
Epoch 19987
Epoch 19988
Epoch 19989
Epoch 19990
Epoch 19991
Epoch 19992
Epoch 19993
Epoch 19994
Epoch 19995
Epoch 19996
Epoch 19997
Epoch 19998
Epoch 19999
Epoch 20000
Epoch 20001
Epoch 20002
Epoch 20003
Epoch 20004
Epoch 20005
Epoch 20006
Epoch 20007
Epoch 20008
Epoch 20009
Epoch 20010
Epoch 20011
Epoch 20012
Epoch 20013
Epoch 20014
Epoch 20015
Epoch 20016
Epoch 20017
Epoch 20018
Epoch 20019
Epoch 20020
Epoch 20021
Epoch 20022
Epoch 20023
Epoch 20024
Epoch 20025
Epoch 20026
Epoch 20027
Epoch 20028
Epoch 20029
Epoch 20030
Epoch 20031
Epoch 20032
Epoch 20033
Epoch 20034
Epoch 20035
Epoch 20036
Epoch 20037
Epoch 20038
Epoch 20039
Epoch 20040
Epoch 20041
Epoch 20042
Epoch 20043
Epoch 20044
Epoch 20045
Epoch 20046
Epoch 20047
Epoch 20048
Epoch 20049
Epoch 20050
Epoch 20051
Epoch 20052
Epoch 20053
Epoch 20054
Epoch 20055
Epoch 20056
Epoch 20057
Epoch 20058
Epoch 20059
Epoch 20060
Epoch 20061
Epoch 20062
Epoch 20063
Epoch 20064
Epoch 20065
Epoch 20066
Epoch 20067
Epoch 20068
Epoch 20069
Epoch 20070
Epoch 20071
Epoch 20072
Epoch 20073
Epoch 20074
Epoch 20075
Epoch 20076
Epoch 20077
Epoch 20078
Epoch 20079
Epoch 20080
Epoch 20081
Epoch 20082
Epoch 20083
Epoch 20084
Epoch 20085
Epoch 20086
Epoch 20087
Epoch 20088
Epoch 20089
Epoch 20090
Epoch 20091
Epoch 20092
Epoch 20093
Epoch 20094
Epoch 20095
Epoch 20096
Epoch 20097
Epoch 20098
Epoch 20099
Epoch 20100
Epoch 20101
Epoch 20102
Epoch 20103
Epoch 20104
Epoch 20105
Epoch 20106
Epoch 20107
Epoch 20108
Epoch 20109
Epoch 20110
Epoch 20111
Epoch 20112
Epoch 20113
Epoch 20114
Epoch 20115
Epoch 20116
Epoch 20117
Epoch 20118
Epoch 20119
Epoch 20120
Epoch 20121
Epoch 20122
Epoch 20123
Epoch 20124
Epoch 20125
Epoch 20126
Epoch 20127
Epoch 20128
Epoch 20129
Epoch 20130
Epoch 20131
Epoch 20132
Epoch 20133
Epoch 20134
Epoch 20135
Epoch 20136
Epoch 20137
Epoch 20138
Epoch 20139
Epoch 20140
Epoch 20141
Epoch 20142
Epoch 20143
Epoch 20144
Epoch 20145
Epoch 20146
Epoch 20147
Epoch 20148
Epoch 20149
Epoch 20150
Epoch 20151
Epoch 20152
Epoch 20153
Epoch 20154
Epoch 20155
Epoch 20156
Epoch 20157
Epoch 20158
Epoch 20159
Epoch 20160
Epoch 20161
Epoch 20162
Epoch 20163
Epoch 20164
Epoch 20165
Epoch 20166
Epoch 20167
Epoch 20168
Epoch 20169
Epoch 20170
Epoch 20171
Epoch 20172
Epoch 20173
Epoch 20174
Epoch 20175
Epoch 20176
Epoch 20177
Epoch 20178
Epoch 20179
Epoch 20180
Epoch 20181
Epoch 20182
Epoch 20183
Epoch 20184
Epoch 20185
Epoch 20186
Epoch 20187
Epoch 20188
Epoch 20189
Epoch 20190
Epoch 20191
Epoch 20192
Epoch 20193
Epoch 20194
Epoch 20195
Epoch 20196
Epoch 20197
Epoch 20198
Epoch 20199
Epoch 20200
Epoch 20201
Epoch 20202
Epoch 20203
Epoch 20204
Epoch 20205
Epoch 20206
Epoch 20207
Epoch 20208
Epoch 20209
Epoch 20210
Epoch 20211
Epoch 20212
Epoch 20213
Epoch 20214
Epoch 20215
Epoch 20216
Epoch 20217
Epoch 20218
Epoch 20219
Epoch 20220
Epoch 20221
Epoch 20222
Epoch 20223
Epoch 20224
Epoch 20225
Epoch 20226
Epoch 20227
Epoch 20228
Epoch 20229
Epoch 20230
Epoch 20231
Epoch 20232
Epoch 20233
Epoch 20234
Epoch 20235
Epoch 20236
Epoch 20237
Epoch 20238
Epoch 20239
Epoch 20240
Epoch 20241
Epoch 20242
Epoch 20243
Epoch 20244
Epoch 20245
Epoch 20246
Epoch 20247
Epoch 20248
Epoch 20249
Epoch 20250
Epoch 20251
Epoch 20252
Epoch 20253
Epoch 20254
Epoch 20255
Epoch 20256
Epoch 20257
Epoch 20258
Epoch 20259
Epoch 20260
Epoch 20261
Epoch 20262
Epoch 20263
Epoch 20264
Epoch 20265
Epoch 20266
Epoch 20267
Epoch 20268
Epoch 20269
Epoch 20270
Epoch 20271
Epoch 20272
Epoch 20273
Epoch 20274
Epoch 20275
Epoch 20276
Epoch 20277
Epoch 20278
Epoch 20279
Epoch 20280
Epoch 20281
Epoch 20282
Epoch 20283
Epoch 20284
Epoch 20285
Epoch 20286
Epoch 20287
Epoch 20288
Epoch 20289
Epoch 20290
Epoch 20291
Epoch 20292
Epoch 20293
Epoch 20294
Epoch 20295
Epoch 20296
Epoch 20297
Epoch 20298
Epoch 20299
Epoch 20300
Epoch 20301
Epoch 20302
Epoch 20303
Epoch 20304
Epoch 20305
Epoch 20306
Epoch 20307
Epoch 20308
Epoch 20309
Epoch 20310
Epoch 20311
Epoch 20312
Epoch 20313
Epoch 20314
Epoch 20315
Epoch 20316
Epoch 20317
Epoch 20318
Epoch 20319
Epoch 20320
Epoch 20321
Epoch 20322
Epoch 20323
Epoch 20324
Epoch 20325
Epoch 20326
Epoch 20327
Epoch 20328
Epoch 20329
Epoch 20330
Epoch 20331
Epoch 20332
Epoch 20333
Epoch 20334
Epoch 20335
Epoch 20336
Epoch 20337
Epoch 20338
Epoch 20339
Epoch 20340
Epoch 20341
Epoch 20342
Epoch 20343
Epoch 20344
Epoch 20345
Epoch 20346
Epoch 20347
Epoch 20348
Epoch 20349
Epoch 20350
Epoch 20351
Epoch 20352
Epoch 20353
Epoch 20354
Epoch 20355
Epoch 20356
Epoch 20357
Epoch 20358
Epoch 20359
Epoch 20360
Epoch 20361
Epoch 20362
Epoch 20363
Epoch 20364
Epoch 20365
Epoch 20366
Epoch 20367
Epoch 20368
Epoch 20369
Epoch 20370
Epoch 20371
Epoch 20372
Epoch 20373
Epoch 20374
Epoch 20375
Epoch 20376
Epoch 20377
Epoch 20378
Epoch 20379
Epoch 20380
Epoch 20381
Epoch 20382
Epoch 20383
Epoch 20384
Epoch 20385
Epoch 20386
Epoch 20387
Epoch 20388
Epoch 20389
Epoch 20390
Epoch 20391
Epoch 20392
Epoch 20393
Epoch 20394
Epoch 20395
Epoch 20396
Epoch 20397
Epoch 20398
Epoch 20399
Epoch 20400
Epoch 20401
Epoch 20402
Epoch 20403
Epoch 20404
Epoch 20405
Epoch 20406
Epoch 20407
Epoch 20408
Epoch 20409
Epoch 20410
Epoch 20411
Epoch 20412
Epoch 20413
Epoch 20414
Epoch 20415
Epoch 20416
Epoch 20417
Epoch 20418
Epoch 20419
Epoch 20420
Epoch 20421
Epoch 20422
Epoch 20423
Epoch 20424
Epoch 20425
Epoch 20426
Epoch 20427
Epoch 20428
Epoch 20429
Epoch 20430
Epoch 20431
Epoch 20432
Epoch 20433
Epoch 20434
Epoch 20435
Epoch 20436
Epoch 20437
Epoch 20438
Epoch 20439
Epoch 20440
Epoch 20441
Epoch 20442
Epoch 20443
Epoch 20444
Epoch 20445
Epoch 20446
Epoch 20447
Epoch 20448
Epoch 20449
Epoch 20450
Epoch 20451
Epoch 20452
Epoch 20453
Epoch 20454
Epoch 20455
Epoch 20456
Epoch 20457
Epoch 20458
Epoch 20459
Epoch 20460
Epoch 20461
Epoch 20462
Epoch 20463
Epoch 20464
Epoch 20465
Epoch 20466
Epoch 20467
Epoch 20468
Epoch 20469
Epoch 20470
Epoch 20471
Epoch 20472
Epoch 20473
Epoch 20474
Epoch 20475
Epoch 20476
Epoch 20477
Epoch 20478
Epoch 20479
Epoch 20480
Epoch 20481
Epoch 20482
Epoch 20483
Epoch 20484
Epoch 20485
Epoch 20486
Epoch 20487
Epoch 20488
Epoch 20489
Epoch 20490
Epoch 20491
Epoch 20492
Epoch 20493
Epoch 20494
Epoch 20495
Epoch 20496
Epoch 20497
Epoch 20498
Epoch 20499
Epoch 20500
Epoch 20501
Epoch 20502
Epoch 20503
Epoch 20504
Epoch 20505
Epoch 20506
Epoch 20507
Epoch 20508
Epoch 20509
Epoch 20510
Epoch 20511
Epoch 20512
Epoch 20513
Epoch 20514
Epoch 20515
Epoch 20516
Epoch 20517
Epoch 20518
Epoch 20519
Epoch 20520
Epoch 20521
Epoch 20522
Epoch 20523
Epoch 20524
Epoch 20525
Epoch 20526
Epoch 20527
Epoch 20528
Epoch 20529
Epoch 20530
Epoch 20531
Epoch 20532
Epoch 20533
Epoch 20534
Epoch 20535
Epoch 20536
Epoch 20537
Epoch 20538
Epoch 20539
Epoch 20540
Epoch 20541
Epoch 20542
Epoch 20543
Epoch 20544
Epoch 20545
Epoch 20546
Epoch 20547
Epoch 20548
Epoch 20549
Epoch 20550
Epoch 20551
Epoch 20552
Epoch 20553
Epoch 20554
Epoch 20555
Epoch 20556
Epoch 20557
Epoch 20558
Epoch 20559
Epoch 20560
Epoch 20561
Epoch 20562
Epoch 20563
Epoch 20564
Epoch 20565
Epoch 20566
Epoch 20567
Epoch 20568
Epoch 20569
Epoch 20570
Epoch 20571
Epoch 20572
Epoch 20573
Epoch 20574
Epoch 20575
Epoch 20576
Epoch 20577
Epoch 20578
Epoch 20579
Epoch 20580
Epoch 20581
Epoch 20582
Epoch 20583
Epoch 20584
Epoch 20585
Epoch 20586
Epoch 20587
Epoch 20588
Epoch 20589
Epoch 20590
Epoch 20591
Epoch 20592
Epoch 20593
Epoch 20594
Epoch 20595
Epoch 20596
Epoch 20597
Epoch 20598
Epoch 20599
Epoch 20600
Epoch 20601
Epoch 20602
Epoch 20603
Epoch 20604
Epoch 20605
Epoch 20606
Epoch 20607
Epoch 20608
Epoch 20609
Epoch 20610
Epoch 20611
Epoch 20612
Epoch 20613
Epoch 20614
Epoch 20615
Epoch 20616
Epoch 20617
Epoch 20618
Epoch 20619
Epoch 20620
Epoch 20621
Epoch 20622
Epoch 20623
Epoch 20624
Epoch 20625
Epoch 20626
Epoch 20627
Epoch 20628
Epoch 20629
Epoch 20630
Epoch 20631
Epoch 20632
Epoch 20633
Epoch 20634
Epoch 20635
Epoch 20636
Epoch 20637
Epoch 20638
Epoch 20639
Epoch 20640
Epoch 20641
Epoch 20642
Epoch 20643
Epoch 20644
Epoch 20645
Epoch 20646
Epoch 20647
Epoch 20648
Epoch 20649
Epoch 20650
Epoch 20651
Epoch 20652
Epoch 20653
Epoch 20654
Epoch 20655
Epoch 20656
Epoch 20657
Epoch 20658
Epoch 20659
Epoch 20660
Epoch 20661
Epoch 20662
Epoch 20663
Epoch 20664
Epoch 20665
Epoch 20666
Epoch 20667
Epoch 20668
Epoch 20669
Epoch 20670
Epoch 20671
Epoch 20672
Epoch 20673
Epoch 20674
Epoch 20675
Epoch 20676
Epoch 20677
Epoch 20678
Epoch 20679
Epoch 20680
Epoch 20681
Epoch 20682
Epoch 20683
Epoch 20684
Epoch 20685
Epoch 20686
Epoch 20687
Epoch 20688
Epoch 20689
Epoch 20690
Epoch 20691
Epoch 20692
Epoch 20693
Epoch 20694
Epoch 20695
Epoch 20696
Epoch 20697
Epoch 20698
Epoch 20699
Epoch 20700
Epoch 20701
Epoch 20702
Epoch 20703
Epoch 20704
Epoch 20705
Epoch 20706
Epoch 20707
Epoch 20708
Epoch 20709
Epoch 20710
Epoch 20711
Epoch 20712
Epoch 20713
Epoch 20714
Epoch 20715
Epoch 20716
Epoch 20717
Epoch 20718
Epoch 20719
Epoch 20720
Epoch 20721
Epoch 20722
Epoch 20723
Epoch 20724
Epoch 20725
Epoch 20726
Epoch 20727
Epoch 20728
Epoch 20729
Epoch 20730
Epoch 20731
Epoch 20732
Epoch 20733
Epoch 20734
Epoch 20735
Epoch 20736
Epoch 20737
Epoch 20738
Epoch 20739
Epoch 20740
Epoch 20741
Epoch 20742
Epoch 20743
Epoch 20744
Epoch 20745
Epoch 20746
Epoch 20747
Epoch 20748
Epoch 20749
Epoch 20750
Epoch 20751
Epoch 20752
Epoch 20753
Epoch 20754
Epoch 20755
Epoch 20756
Epoch 20757
Epoch 20758
Epoch 20759
Epoch 20760
Epoch 20761
Epoch 20762
Epoch 20763
Epoch 20764
Epoch 20765
Epoch 20766
Epoch 20767
Epoch 20768
Epoch 20769
Epoch 20770
Epoch 20771
Epoch 20772
Epoch 20773
Epoch 20774
Epoch 20775
Epoch 20776
Epoch 20777
Epoch 20778
Epoch 20779
Epoch 20780
Epoch 20781
Epoch 20782
Epoch 20783
Epoch 20784
Epoch 20785
Epoch 20786
Epoch 20787
Epoch 20788
Epoch 20789
Epoch 20790
Epoch 20791
Epoch 20792
Epoch 20793
Epoch 20794
Epoch 20795
Epoch 20796
Epoch 20797
Epoch 20798
Epoch 20799
Epoch 20800
Epoch 20801
Epoch 20802
Epoch 20803
Epoch 20804
Epoch 20805
Epoch 20806
Epoch 20807
Epoch 20808
Epoch 20809
Epoch 20810
Epoch 20811
Epoch 20812
Epoch 20813
Epoch 20814
Epoch 20815
Epoch 20816
Epoch 20817
Epoch 20818
Epoch 20819
Epoch 20820
Epoch 20821
Epoch 20822
Epoch 20823
Epoch 20824
Epoch 20825
Epoch 20826
Epoch 20827
Epoch 20828
Epoch 20829
Epoch 20830
Epoch 20831
Epoch 20832
Epoch 20833
Epoch 20834
Epoch 20835
Epoch 20836
Epoch 20837
Epoch 20838
Epoch 20839
Epoch 20840
Epoch 20841
Epoch 20842
Epoch 20843
Epoch 20844
Epoch 20845
Epoch 20846
Epoch 20847
Epoch 20848
Epoch 20849
Epoch 20850
Epoch 20851
Epoch 20852
Epoch 20853
Epoch 20854
Epoch 20855
Epoch 20856
Epoch 20857
Epoch 20858
Epoch 20859
Epoch 20860
Epoch 20861
Epoch 20862
Epoch 20863
Epoch 20864
Epoch 20865
Epoch 20866
Epoch 20867
Epoch 20868
Epoch 20869
Epoch 20870
Epoch 20871
Epoch 20872
Epoch 20873
Epoch 20874
Epoch 20875
Epoch 20876
Epoch 20877
Epoch 20878
Epoch 20879
Epoch 20880
Epoch 20881
Epoch 20882
Epoch 20883
Epoch 20884
Epoch 20885
Epoch 20886
Epoch 20887
Epoch 20888
Epoch 20889
Epoch 20890
Epoch 20891
Epoch 20892
Epoch 20893
Epoch 20894
Epoch 20895
Epoch 20896
Epoch 20897
Epoch 20898
Epoch 20899
Epoch 20900
Epoch 20901
Epoch 20902
Epoch 20903
Epoch 20904
Epoch 20905
Epoch 20906
Epoch 20907
Epoch 20908
Epoch 20909
Epoch 20910
Epoch 20911
Epoch 20912
Epoch 20913
Epoch 20914
Epoch 20915
Epoch 20916
Epoch 20917
Epoch 20918
Epoch 20919
Epoch 20920
Epoch 20921
Epoch 20922
Epoch 20923
Epoch 20924
Epoch 20925
Epoch 20926
Epoch 20927
Epoch 20928
Epoch 20929
Epoch 20930
Epoch 20931
Epoch 20932
Epoch 20933
Epoch 20934
Epoch 20935
Epoch 20936
Epoch 20937
Epoch 20938
Epoch 20939
Epoch 20940
Epoch 20941
Epoch 20942
Epoch 20943
Epoch 20944
Epoch 20945
Epoch 20946
Epoch 20947
Epoch 20948
Epoch 20949
Epoch 20950
Epoch 20951
Epoch 20952
Epoch 20953
Epoch 20954
Epoch 20955
Epoch 20956
Epoch 20957
Epoch 20958
Epoch 20959
Epoch 20960
Epoch 20961
Epoch 20962
Epoch 20963
Epoch 20964
Epoch 20965
Epoch 20966
Epoch 20967
Epoch 20968
Epoch 20969
Epoch 20970
Epoch 20971
Epoch 20972
Epoch 20973
Epoch 20974
Epoch 20975
Epoch 20976
Epoch 20977
Epoch 20978
Epoch 20979
Epoch 20980
Epoch 20981
Epoch 20982
Epoch 20983
Epoch 20984
Epoch 20985
Epoch 20986
Epoch 20987
Epoch 20988
Epoch 20989
Epoch 20990
Epoch 20991
Epoch 20992
Epoch 20993
Epoch 20994
Epoch 20995
Epoch 20996
Epoch 20997
Epoch 20998
Epoch 20999
Epoch 21000
Epoch 21001
Epoch 21002
Epoch 21003
Epoch 21004
Epoch 21005
Epoch 21006
Epoch 21007
Epoch 21008
Epoch 21009
Epoch 21010
Epoch 21011
Epoch 21012
Epoch 21013
Epoch 21014
Epoch 21015
Epoch 21016
Epoch 21017
Epoch 21018
Epoch 21019
Epoch 21020
Epoch 21021
Epoch 21022
Epoch 21023
Epoch 21024
Epoch 21025
Epoch 21026
Epoch 21027
Epoch 21028
Epoch 21029
Epoch 21030
Epoch 21031
Epoch 21032
Epoch 21033
Epoch 21034
Epoch 21035
Epoch 21036
Epoch 21037
Epoch 21038
Epoch 21039
Epoch 21040
Epoch 21041
Epoch 21042
Epoch 21043
Epoch 21044
Epoch 21045
Epoch 21046
Epoch 21047
Epoch 21048
Epoch 21049
Epoch 21050
Epoch 21051
Epoch 21052
Epoch 21053
Epoch 21054
Epoch 21055
Epoch 21056
Epoch 21057
Epoch 21058
Epoch 21059
Epoch 21060
Epoch 21061
Epoch 21062
Epoch 21063
Epoch 21064
Epoch 21065
Epoch 21066
Epoch 21067
Epoch 21068
Epoch 21069
Epoch 21070
Epoch 21071
Epoch 21072
Epoch 21073
Epoch 21074
Epoch 21075
Epoch 21076
Epoch 21077
Epoch 21078
Epoch 21079
Epoch 21080
Epoch 21081
Epoch 21082
Epoch 21083
Epoch 21084
Epoch 21085
Epoch 21086
Epoch 21087
Epoch 21088
Epoch 21089
Epoch 21090
Epoch 21091
Epoch 21092
Epoch 21093
Epoch 21094
Epoch 21095
Epoch 21096
Epoch 21097
Epoch 21098
Epoch 21099
Epoch 21100
Epoch 21101
Epoch 21102
Epoch 21103
Epoch 21104
Epoch 21105
Epoch 21106
Epoch 21107
Epoch 21108
Epoch 21109
Epoch 21110
Epoch 21111
Epoch 21112
Epoch 21113
Epoch 21114
Epoch 21115
Epoch 21116
Epoch 21117
Epoch 21118
Epoch 21119
Epoch 21120
Epoch 21121
Epoch 21122
Epoch 21123
Epoch 21124
Epoch 21125
Epoch 21126
Epoch 21127
Epoch 21128
Epoch 21129
Epoch 21130
Epoch 21131
Epoch 21132
Epoch 21133
Epoch 21134
Epoch 21135
Epoch 21136
Epoch 21137
Epoch 21138
Epoch 21139
Epoch 21140
Epoch 21141
Epoch 21142
Epoch 21143
Epoch 21144
Epoch 21145
Epoch 21146
Epoch 21147
Epoch 21148
Epoch 21149
Epoch 21150
Epoch 21151
Epoch 21152
Epoch 21153
Epoch 21154
Epoch 21155
Epoch 21156
Epoch 21157
Epoch 21158
Epoch 21159
Epoch 21160
Epoch 21161
Epoch 21162
Epoch 21163
Epoch 21164
Epoch 21165
Epoch 21166
Epoch 21167
Epoch 21168
Epoch 21169
Epoch 21170
Epoch 21171
Epoch 21172
Epoch 21173
Epoch 21174
Epoch 21175
Epoch 21176
Epoch 21177
Epoch 21178
Epoch 21179
Epoch 21180
Epoch 21181
Epoch 21182
Epoch 21183
Epoch 21184
Epoch 21185
Epoch 21186
Epoch 21187
Epoch 21188
Epoch 21189
Epoch 21190
Epoch 21191
Epoch 21192
Epoch 21193
Epoch 21194
Epoch 21195
Epoch 21196
Epoch 21197
Epoch 21198
Epoch 21199
Epoch 21200
Epoch 21201
Epoch 21202
Epoch 21203
Epoch 21204
Epoch 21205
Epoch 21206
Epoch 21207
Epoch 21208
Epoch 21209
Epoch 21210
Epoch 21211
Epoch 21212
Epoch 21213
Epoch 21214
Epoch 21215
Epoch 21216
Epoch 21217
Epoch 21218
Epoch 21219
Epoch 21220
Epoch 21221
Epoch 21222
Epoch 21223
Epoch 21224
Epoch 21225
Epoch 21226
Epoch 21227
Epoch 21228
Epoch 21229
Epoch 21230
Epoch 21231
Epoch 21232
Epoch 21233
Epoch 21234
Epoch 21235
Epoch 21236
Epoch 21237
Epoch 21238
Epoch 21239
Epoch 21240
Epoch 21241
Epoch 21242
Epoch 21243
Epoch 21244
Epoch 21245
Epoch 21246
Epoch 21247
Epoch 21248
Epoch 21249
Epoch 21250
Epoch 21251
Epoch 21252
Epoch 21253
Epoch 21254
Epoch 21255
Epoch 21256
Epoch 21257
Epoch 21258
Epoch 21259
Epoch 21260
Epoch 21261
Epoch 21262
Epoch 21263
Epoch 21264
Epoch 21265
Epoch 21266
Epoch 21267
Epoch 21268
Epoch 21269
Epoch 21270
Epoch 21271
Epoch 21272
Epoch 21273
Epoch 21274
Epoch 21275
Epoch 21276
Epoch 21277
Epoch 21278
Epoch 21279
Epoch 21280
Epoch 21281
Epoch 21282
Epoch 21283
Epoch 21284
Epoch 21285
Epoch 21286
Epoch 21287
Epoch 21288
Epoch 21289
Epoch 21290
Epoch 21291
Epoch 21292
Epoch 21293
Epoch 21294
Epoch 21295
Epoch 21296
Epoch 21297
Epoch 21298
Epoch 21299
Epoch 21300
Epoch 21301
Epoch 21302
Epoch 21303
Epoch 21304
Epoch 21305
Epoch 21306
Epoch 21307
Epoch 21308
Epoch 21309
Epoch 21310
Epoch 21311
Epoch 21312
Epoch 21313
Epoch 21314
Epoch 21315
Epoch 21316
Epoch 21317
Epoch 21318
Epoch 21319
Epoch 21320
Epoch 21321
Epoch 21322
Epoch 21323
Epoch 21324
Epoch 21325
Epoch 21326
Epoch 21327
Epoch 21328
Epoch 21329
Epoch 21330
Epoch 21331
Epoch 21332
Epoch 21333
Epoch 21334
Epoch 21335
Epoch 21336
Epoch 21337
Epoch 21338
Epoch 21339
Epoch 21340
Epoch 21341
Epoch 21342
Epoch 21343
Epoch 21344
Epoch 21345
Epoch 21346
Epoch 21347
Epoch 21348
Epoch 21349
Epoch 21350
Epoch 21351
Epoch 21352
Epoch 21353
Epoch 21354
Epoch 21355
Epoch 21356
Epoch 21357
Epoch 21358
Epoch 21359
Epoch 21360
Epoch 21361
Epoch 21362
Epoch 21363
Epoch 21364
Epoch 21365
Epoch 21366
Epoch 21367
Epoch 21368
Epoch 21369
Epoch 21370
Epoch 21371
Epoch 21372
Epoch 21373
Epoch 21374
Epoch 21375
Epoch 21376
Epoch 21377
Epoch 21378
Epoch 21379
Epoch 21380
Epoch 21381
Epoch 21382
Epoch 21383
Epoch 21384
Epoch 21385
Epoch 21386
Epoch 21387
Epoch 21388
Epoch 21389
Epoch 21390
Epoch 21391
Epoch 21392
Epoch 21393
Epoch 21394
Epoch 21395
Epoch 21396
Epoch 21397
Epoch 21398
Epoch 21399
Epoch 21400
Epoch 21401
Epoch 21402
Epoch 21403
Epoch 21404
Epoch 21405
Epoch 21406
Epoch 21407
Epoch 21408
Epoch 21409
Epoch 21410
Epoch 21411
Epoch 21412
Epoch 21413
Epoch 21414
Epoch 21415
Epoch 21416
Epoch 21417
Epoch 21418
Epoch 21419
Epoch 21420
Epoch 21421
Epoch 21422
Epoch 21423
Epoch 21424
Epoch 21425
Epoch 21426
Epoch 21427
Epoch 21428
Epoch 21429
Epoch 21430
Epoch 21431
Epoch 21432
Epoch 21433
Epoch 21434
Epoch 21435
Epoch 21436
Epoch 21437
Epoch 21438
Epoch 21439
Epoch 21440
Epoch 21441
Epoch 21442
Epoch 21443
Epoch 21444
Epoch 21445
Epoch 21446
Epoch 21447
Epoch 21448
Epoch 21449
Epoch 21450
Epoch 21451
Epoch 21452
Epoch 21453
Epoch 21454
Epoch 21455
Epoch 21456
Epoch 21457
Epoch 21458
Epoch 21459
Epoch 21460
Epoch 21461
Epoch 21462
Epoch 21463
Epoch 21464
Epoch 21465
Epoch 21466
Epoch 21467
Epoch 21468
Epoch 21469
Epoch 21470
Epoch 21471
Epoch 21472
Epoch 21473
Epoch 21474
Epoch 21475
Epoch 21476
Epoch 21477
Epoch 21478
Epoch 21479
Epoch 21480
Epoch 21481
Epoch 21482
Epoch 21483
Epoch 21484
Epoch 21485
Epoch 21486
Epoch 21487
Epoch 21488
Epoch 21489
Epoch 21490
Epoch 21491
Epoch 21492
Epoch 21493
Epoch 21494
Epoch 21495
Epoch 21496
Epoch 21497
Epoch 21498
Epoch 21499
Epoch 21500
Epoch 21501
Epoch 21502
Epoch 21503
Epoch 21504
Epoch 21505
Epoch 21506
Epoch 21507
Epoch 21508
Epoch 21509
Epoch 21510
Epoch 21511
Epoch 21512
Epoch 21513
Epoch 21514
Epoch 21515
Epoch 21516
Epoch 21517
Epoch 21518
Epoch 21519
Epoch 21520
Epoch 21521
Epoch 21522
Epoch 21523
Epoch 21524
Epoch 21525
Epoch 21526
Epoch 21527
Epoch 21528
Epoch 21529
Epoch 21530
Epoch 21531
Epoch 21532
Epoch 21533
Epoch 21534
Epoch 21535
Epoch 21536
Epoch 21537
Epoch 21538
Epoch 21539
Epoch 21540
Epoch 21541
Epoch 21542
Epoch 21543
Epoch 21544
Epoch 21545
Epoch 21546
Epoch 21547
Epoch 21548
Epoch 21549
Epoch 21550
Epoch 21551
Epoch 21552
Epoch 21553
Epoch 21554
Epoch 21555
Epoch 21556
Epoch 21557
Epoch 21558
Epoch 21559
Epoch 21560
Epoch 21561
Epoch 21562
Epoch 21563
Epoch 21564
Epoch 21565
Epoch 21566
Epoch 21567
Epoch 21568
Epoch 21569
Epoch 21570
Epoch 21571
Epoch 21572
Epoch 21573
Epoch 21574
Epoch 21575
Epoch 21576
Epoch 21577
Epoch 21578
Epoch 21579
Epoch 21580
Epoch 21581
Epoch 21582
Epoch 21583
Epoch 21584
Epoch 21585
Epoch 21586
Epoch 21587
Epoch 21588
Epoch 21589
Epoch 21590
Epoch 21591
Epoch 21592
Epoch 21593
Epoch 21594
Epoch 21595
Epoch 21596
Epoch 21597
Epoch 21598
Epoch 21599
Epoch 21600
Epoch 21601
Epoch 21602
Epoch 21603
Epoch 21604
Epoch 21605
Epoch 21606
Epoch 21607
Epoch 21608
Epoch 21609
Epoch 21610
Epoch 21611
Epoch 21612
Epoch 21613
Epoch 21614
Epoch 21615
Epoch 21616
Epoch 21617
Epoch 21618
Epoch 21619
Epoch 21620
Epoch 21621
Epoch 21622
Epoch 21623
Epoch 21624
Epoch 21625
Epoch 21626
Epoch 21627
Epoch 21628
Epoch 21629
Epoch 21630
Epoch 21631
Epoch 21632
Epoch 21633
Epoch 21634
Epoch 21635
Epoch 21636
Epoch 21637
Epoch 21638
Epoch 21639
Epoch 21640
Epoch 21641
Epoch 21642
Epoch 21643
Epoch 21644
Epoch 21645
Epoch 21646
Epoch 21647
Epoch 21648
Epoch 21649
Epoch 21650
Epoch 21651
Epoch 21652
Epoch 21653
Epoch 21654
Epoch 21655
Epoch 21656
Epoch 21657
Epoch 21658
Epoch 21659
Epoch 21660
Epoch 21661
Epoch 21662
Epoch 21663
Epoch 21664
Epoch 21665
Epoch 21666
Epoch 21667
Epoch 21668
Epoch 21669
Epoch 21670
Epoch 21671
Epoch 21672
Epoch 21673
Epoch 21674
Epoch 21675
Epoch 21676
Epoch 21677
Epoch 21678
Epoch 21679
Epoch 21680
Epoch 21681
Epoch 21682
Epoch 21683
Epoch 21684
Epoch 21685
Epoch 21686
Epoch 21687
Epoch 21688
Epoch 21689
Epoch 21690
Epoch 21691
Epoch 21692
Epoch 21693
Epoch 21694
Epoch 21695
Epoch 21696
Epoch 21697
Epoch 21698
Epoch 21699
Epoch 21700
Epoch 21701
Epoch 21702
Epoch 21703
Epoch 21704
Epoch 21705
Epoch 21706
Epoch 21707
Epoch 21708
Epoch 21709
Epoch 21710
Epoch 21711
Epoch 21712
Epoch 21713
Epoch 21714
Epoch 21715
Epoch 21716
Epoch 21717
Epoch 21718
Epoch 21719
Epoch 21720
Epoch 21721
Epoch 21722
Epoch 21723
Epoch 21724
Epoch 21725
Epoch 21726
Epoch 21727
Epoch 21728
Epoch 21729
Epoch 21730
Epoch 21731
Epoch 21732
Epoch 21733
Epoch 21734
Epoch 21735
Epoch 21736
Epoch 21737
Epoch 21738
Epoch 21739
Epoch 21740
Epoch 21741
Epoch 21742
Epoch 21743
Epoch 21744
Epoch 21745
Epoch 21746
Epoch 21747
Epoch 21748
Epoch 21749
Epoch 21750
Epoch 21751
Epoch 21752
Epoch 21753
Epoch 21754
Epoch 21755
Epoch 21756
Epoch 21757
Epoch 21758
Epoch 21759
Epoch 21760
Epoch 21761
Epoch 21762
Epoch 21763
Epoch 21764
Epoch 21765
Epoch 21766
Epoch 21767
Epoch 21768
Epoch 21769
Epoch 21770
Epoch 21771
Epoch 21772
Epoch 21773
Epoch 21774
Epoch 21775
Epoch 21776
Epoch 21777
Epoch 21778
Epoch 21779
Epoch 21780
Epoch 21781
Epoch 21782
Epoch 21783
Epoch 21784
Epoch 21785
Epoch 21786
Epoch 21787
Epoch 21788
Epoch 21789
Epoch 21790
Epoch 21791
Epoch 21792
Epoch 21793
Epoch 21794
Epoch 21795
Epoch 21796
Epoch 21797
Epoch 21798
Epoch 21799
Epoch 21800
Epoch 21801
Epoch 21802
Epoch 21803
Epoch 21804
Epoch 21805
Epoch 21806
Epoch 21807
Epoch 21808
Epoch 21809
Epoch 21810
Epoch 21811
Epoch 21812
Epoch 21813
Epoch 21814
Epoch 21815
Epoch 21816
Epoch 21817
Epoch 21818
Epoch 21819
Epoch 21820
Epoch 21821
Epoch 21822
Epoch 21823
Epoch 21824
Epoch 21825
Epoch 21826
Epoch 21827
Epoch 21828
Epoch 21829
Epoch 21830
Epoch 21831
Epoch 21832
Epoch 21833
Epoch 21834
Epoch 21835
Epoch 21836
Epoch 21837
Epoch 21838
Epoch 21839
Epoch 21840
Epoch 21841
Epoch 21842
Epoch 21843
Epoch 21844
Epoch 21845
Epoch 21846
Epoch 21847
Epoch 21848
Epoch 21849
Epoch 21850
Epoch 21851
Epoch 21852
Epoch 21853
Epoch 21854
Epoch 21855
Epoch 21856
Epoch 21857
Epoch 21858
Epoch 21859
Epoch 21860
Epoch 21861
Epoch 21862
Epoch 21863
Epoch 21864
Epoch 21865
Epoch 21866
Epoch 21867
Epoch 21868
Epoch 21869
Epoch 21870
Epoch 21871
Epoch 21872
Epoch 21873
Epoch 21874
Epoch 21875
Epoch 21876
Epoch 21877
Epoch 21878
Epoch 21879
Epoch 21880
Epoch 21881
Epoch 21882
Epoch 21883
Epoch 21884
Epoch 21885
Epoch 21886
Epoch 21887
Epoch 21888
Epoch 21889
Epoch 21890
Epoch 21891
Epoch 21892
Epoch 21893
Epoch 21894
Epoch 21895
Epoch 21896
Epoch 21897
Epoch 21898
Epoch 21899
Epoch 21900
Epoch 21901
Epoch 21902
Epoch 21903
Epoch 21904
Epoch 21905
Epoch 21906
Epoch 21907
Epoch 21908
Epoch 21909
Epoch 21910
Epoch 21911
Epoch 21912
Epoch 21913
Epoch 21914
Epoch 21915
Epoch 21916
Epoch 21917
Epoch 21918
Epoch 21919
Epoch 21920
Epoch 21921
Epoch 21922
Epoch 21923
Epoch 21924
Epoch 21925
Epoch 21926
Epoch 21927
Epoch 21928
Epoch 21929
Epoch 21930
Epoch 21931
Epoch 21932
Epoch 21933
Epoch 21934
Epoch 21935
Epoch 21936
Epoch 21937
Epoch 21938
Epoch 21939
Epoch 21940
Epoch 21941
Epoch 21942
Epoch 21943
Epoch 21944
Epoch 21945
Epoch 21946
Epoch 21947
Epoch 21948
Epoch 21949
Epoch 21950
Epoch 21951
Epoch 21952
Epoch 21953
Epoch 21954
Epoch 21955
Epoch 21956
Epoch 21957
Epoch 21958
Epoch 21959
Epoch 21960
Epoch 21961
Epoch 21962
Epoch 21963
Epoch 21964
Epoch 21965
Epoch 21966
Epoch 21967
Epoch 21968
Epoch 21969
Epoch 21970
Epoch 21971
Epoch 21972
Epoch 21973
Epoch 21974
Epoch 21975
Epoch 21976
Epoch 21977
Epoch 21978
Epoch 21979
Epoch 21980
Epoch 21981
Epoch 21982
Epoch 21983
Epoch 21984
Epoch 21985
Epoch 21986
Epoch 21987
Epoch 21988
Epoch 21989
Epoch 21990
Epoch 21991
Epoch 21992
Epoch 21993
Epoch 21994
Epoch 21995
Epoch 21996
Epoch 21997
Epoch 21998
Epoch 21999
Epoch 22000
Epoch 22001
Epoch 22002
Epoch 22003
Epoch 22004
Epoch 22005
Epoch 22006
Epoch 22007
Epoch 22008
Epoch 22009
Epoch 22010
Epoch 22011
Epoch 22012
Epoch 22013
Epoch 22014
Epoch 22015
Epoch 22016
Epoch 22017
Epoch 22018
Epoch 22019
Epoch 22020
Epoch 22021
Epoch 22022
Epoch 22023
Epoch 22024
Epoch 22025
Epoch 22026
Epoch 22027
Epoch 22028
Epoch 22029
Epoch 22030
Epoch 22031
Epoch 22032
Epoch 22033
Epoch 22034
Epoch 22035
Epoch 22036
Epoch 22037
Epoch 22038
Epoch 22039
Epoch 22040
Epoch 22041
Epoch 22042
Epoch 22043
Epoch 22044
Epoch 22045
Epoch 22046
Epoch 22047
Epoch 22048
Epoch 22049
Epoch 22050
Epoch 22051
Epoch 22052
Epoch 22053
Epoch 22054
Epoch 22055
Epoch 22056
Epoch 22057
Epoch 22058
Epoch 22059
Epoch 22060
Epoch 22061
Epoch 22062
Epoch 22063
Epoch 22064
Epoch 22065
Epoch 22066
Epoch 22067
Epoch 22068
Epoch 22069
Epoch 22070
Epoch 22071
Epoch 22072
Epoch 22073
Epoch 22074
Epoch 22075
Epoch 22076
Epoch 22077
Epoch 22078
Epoch 22079
Epoch 22080
Epoch 22081
Epoch 22082
Epoch 22083
Epoch 22084
Epoch 22085
Epoch 22086
Epoch 22087
Epoch 22088
Epoch 22089
Epoch 22090
Epoch 22091
Epoch 22092
Epoch 22093
Epoch 22094
Epoch 22095
Epoch 22096
Epoch 22097
Epoch 22098
Epoch 22099
Epoch 22100
Epoch 22101
Epoch 22102
Epoch 22103
Epoch 22104
Epoch 22105
Epoch 22106
Epoch 22107
Epoch 22108
Epoch 22109
Epoch 22110
Epoch 22111
Epoch 22112
Epoch 22113
Epoch 22114
Epoch 22115
Epoch 22116
Epoch 22117
Epoch 22118
Epoch 22119
Epoch 22120
Epoch 22121
Epoch 22122
Epoch 22123
Epoch 22124
Epoch 22125
Epoch 22126
Epoch 22127
Epoch 22128
Epoch 22129
Epoch 22130
Epoch 22131
Epoch 22132
Epoch 22133
Epoch 22134
Epoch 22135
Epoch 22136
Epoch 22137
Epoch 22138
Epoch 22139
Epoch 22140
Epoch 22141
Epoch 22142
Epoch 22143
Epoch 22144
Epoch 22145
Epoch 22146
Epoch 22147
Epoch 22148
Epoch 22149
Epoch 22150
Epoch 22151
Epoch 22152
Epoch 22153
Epoch 22154
Epoch 22155
Epoch 22156
Epoch 22157
Epoch 22158
Epoch 22159
Epoch 22160
Epoch 22161
Epoch 22162
Epoch 22163
Epoch 22164
Epoch 22165
Epoch 22166
Epoch 22167
Epoch 22168
Epoch 22169
Epoch 22170
Epoch 22171
Epoch 22172
Epoch 22173
Epoch 22174
Epoch 22175
Epoch 22176
Epoch 22177
Epoch 22178
Epoch 22179
Epoch 22180
Epoch 22181
Epoch 22182
Epoch 22183
Epoch 22184
Epoch 22185
Epoch 22186
Epoch 22187
Epoch 22188
Epoch 22189
Epoch 22190
Epoch 22191
Epoch 22192
Epoch 22193
Epoch 22194
Epoch 22195
Epoch 22196
Epoch 22197
Epoch 22198
Epoch 22199
Epoch 22200
Epoch 22201
Epoch 22202
Epoch 22203
Epoch 22204
Epoch 22205
Epoch 22206
Epoch 22207
Epoch 22208
Epoch 22209
Epoch 22210
Epoch 22211
Epoch 22212
Epoch 22213
Epoch 22214
Epoch 22215
Epoch 22216
Epoch 22217
Epoch 22218
Epoch 22219
Epoch 22220
Epoch 22221
Epoch 22222
Epoch 22223
Epoch 22224
Epoch 22225
Epoch 22226
Epoch 22227
Epoch 22228
Epoch 22229
Epoch 22230
Epoch 22231
Epoch 22232
Epoch 22233
Epoch 22234
Epoch 22235
Epoch 22236
Epoch 22237
Epoch 22238
Epoch 22239
Epoch 22240
Epoch 22241
Epoch 22242
Epoch 22243
Epoch 22244
Epoch 22245
Epoch 22246
Epoch 22247
Epoch 22248
Epoch 22249
Epoch 22250
Epoch 22251
Epoch 22252
Epoch 22253
Epoch 22254
Epoch 22255
Epoch 22256
Epoch 22257
Epoch 22258
Epoch 22259
Epoch 22260
Epoch 22261
Epoch 22262
Epoch 22263
Epoch 22264
Epoch 22265
Epoch 22266
Epoch 22267
Epoch 22268
Epoch 22269
Epoch 22270
Epoch 22271
Epoch 22272
Epoch 22273
Epoch 22274
Epoch 22275
Epoch 22276
Epoch 22277
Epoch 22278
Epoch 22279
Epoch 22280
Epoch 22281
Epoch 22282
Epoch 22283
Epoch 22284
Epoch 22285
Epoch 22286
Epoch 22287
Epoch 22288
Epoch 22289
Epoch 22290
Epoch 22291
Epoch 22292
Epoch 22293
Epoch 22294
Epoch 22295
Epoch 22296
Epoch 22297
Epoch 22298
Epoch 22299
Epoch 22300
Epoch 22301
Epoch 22302
Epoch 22303
Epoch 22304
Epoch 22305
Epoch 22306
Epoch 22307
Epoch 22308
Epoch 22309
Epoch 22310
Epoch 22311
Epoch 22312
Epoch 22313
Epoch 22314
Epoch 22315
Epoch 22316
Epoch 22317
Epoch 22318
Epoch 22319
Epoch 22320
Epoch 22321
Epoch 22322
Epoch 22323
Epoch 22324
Epoch 22325
Epoch 22326
Epoch 22327
Epoch 22328
Epoch 22329
Epoch 22330
Epoch 22331
Epoch 22332
Epoch 22333
Epoch 22334
Epoch 22335
Epoch 22336
Epoch 22337
Epoch 22338
Epoch 22339
Epoch 22340
Epoch 22341
Epoch 22342
Epoch 22343
Epoch 22344
Epoch 22345
Epoch 22346
Epoch 22347
Epoch 22348
Epoch 22349
Epoch 22350
Epoch 22351
Epoch 22352
Epoch 22353
Epoch 22354
Epoch 22355
Epoch 22356
Epoch 22357
Epoch 22358
Epoch 22359
Epoch 22360
Epoch 22361
Epoch 22362
Epoch 22363
Epoch 22364
Epoch 22365
Epoch 22366
Epoch 22367
Epoch 22368
Epoch 22369
Epoch 22370
Epoch 22371
Epoch 22372
Epoch 22373
Epoch 22374
Epoch 22375
Epoch 22376
Epoch 22377
Epoch 22378
Epoch 22379
Epoch 22380
Epoch 22381
Epoch 22382
Epoch 22383
Epoch 22384
Epoch 22385
Epoch 22386
Epoch 22387
Epoch 22388
Epoch 22389
Epoch 22390
Epoch 22391
Epoch 22392
Epoch 22393
Epoch 22394
Epoch 22395
Epoch 22396
Epoch 22397
Epoch 22398
Epoch 22399
Epoch 22400
Epoch 22401
Epoch 22402
Epoch 22403
Epoch 22404
Epoch 22405
Epoch 22406
Epoch 22407
Epoch 22408
Epoch 22409
Epoch 22410
Epoch 22411
Epoch 22412
Epoch 22413
Epoch 22414
Epoch 22415
Epoch 22416
Epoch 22417
Epoch 22418
Epoch 22419
Epoch 22420
Epoch 22421
Epoch 22422
Epoch 22423
Epoch 22424
Epoch 22425
Epoch 22426
Epoch 22427
Epoch 22428
Epoch 22429
Epoch 22430
Epoch 22431
Epoch 22432
Epoch 22433
Epoch 22434
Epoch 22435
Epoch 22436
Epoch 22437
Epoch 22438
Epoch 22439
Epoch 22440
Epoch 22441
Epoch 22442
Epoch 22443
Epoch 22444
Epoch 22445
Epoch 22446
Epoch 22447
Epoch 22448
Epoch 22449
Epoch 22450
Epoch 22451
Epoch 22452
Epoch 22453
Epoch 22454
Epoch 22455
Epoch 22456
Epoch 22457
Epoch 22458
Epoch 22459
Epoch 22460
Epoch 22461
Epoch 22462
Epoch 22463
Epoch 22464
Epoch 22465
Epoch 22466
Epoch 22467
Epoch 22468
Epoch 22469
Epoch 22470
Epoch 22471
Epoch 22472
Epoch 22473
Epoch 22474
Epoch 22475
Epoch 22476
Epoch 22477
Epoch 22478
Epoch 22479
Epoch 22480
Epoch 22481
Epoch 22482
Epoch 22483
Epoch 22484
Epoch 22485
Epoch 22486
Epoch 22487
Epoch 22488
Epoch 22489
Epoch 22490
Epoch 22491
Epoch 22492
Epoch 22493
Epoch 22494
Epoch 22495
Epoch 22496
Epoch 22497
Epoch 22498
Epoch 22499
Epoch 22500
Epoch 22501
Epoch 22502
Epoch 22503
Epoch 22504
Epoch 22505
Epoch 22506
Epoch 22507
Epoch 22508
Epoch 22509
Epoch 22510
Epoch 22511
Epoch 22512
Epoch 22513
Epoch 22514
Epoch 22515
Epoch 22516
Epoch 22517
Epoch 22518
Epoch 22519
Epoch 22520
Epoch 22521
Epoch 22522
Epoch 22523
Epoch 22524
Epoch 22525
Epoch 22526
Epoch 22527
Epoch 22528
Epoch 22529
Epoch 22530
Epoch 22531
Epoch 22532
Epoch 22533
Epoch 22534
Epoch 22535
Epoch 22536
Epoch 22537
Epoch 22538
Epoch 22539
Epoch 22540
Epoch 22541
Epoch 22542
Epoch 22543
Epoch 22544
Epoch 22545
Epoch 22546
Epoch 22547
Epoch 22548
Epoch 22549
Epoch 22550
Epoch 22551
Epoch 22552
Epoch 22553
Epoch 22554
Epoch 22555
Epoch 22556
Epoch 22557
Epoch 22558
Epoch 22559
Epoch 22560
Epoch 22561
Epoch 22562
Epoch 22563
Epoch 22564
Epoch 22565
Epoch 22566
Epoch 22567
Epoch 22568
Epoch 22569
Epoch 22570
Epoch 22571
Epoch 22572
Epoch 22573
Epoch 22574
Epoch 22575
Epoch 22576
Epoch 22577
Epoch 22578
Epoch 22579
Epoch 22580
Epoch 22581
Epoch 22582
Epoch 22583
Epoch 22584
Epoch 22585
Epoch 22586
Epoch 22587
Epoch 22588
Epoch 22589
Epoch 22590
Epoch 22591
Epoch 22592
Epoch 22593
Epoch 22594
Epoch 22595
Epoch 22596
Epoch 22597
Epoch 22598
Epoch 22599
Epoch 22600
Epoch 22601
Epoch 22602
Epoch 22603
Epoch 22604
Epoch 22605
Epoch 22606
Epoch 22607
Epoch 22608
Epoch 22609
Epoch 22610
Epoch 22611
Epoch 22612
Epoch 22613
Epoch 22614
Epoch 22615
Epoch 22616
Epoch 22617
Epoch 22618
Epoch 22619
Epoch 22620
Epoch 22621
Epoch 22622
Epoch 22623
Epoch 22624
Epoch 22625
Epoch 22626
Epoch 22627
Epoch 22628
Epoch 22629
Epoch 22630
Epoch 22631
Epoch 22632
Epoch 22633
Epoch 22634
Epoch 22635
Epoch 22636
Epoch 22637
Epoch 22638
Epoch 22639
Epoch 22640
Epoch 22641
Epoch 22642
Epoch 22643
Epoch 22644
Epoch 22645
Epoch 22646
Epoch 22647
Epoch 22648
Epoch 22649
Epoch 22650
Epoch 22651
Epoch 22652
Epoch 22653
Epoch 22654
Epoch 22655
Epoch 22656
Epoch 22657
Epoch 22658
Epoch 22659
Epoch 22660
Epoch 22661
Epoch 22662
Epoch 22663
Epoch 22664
Epoch 22665
Epoch 22666
Epoch 22667
Epoch 22668
Epoch 22669
Epoch 22670
Epoch 22671
Epoch 22672
Epoch 22673
Epoch 22674
Epoch 22675
Epoch 22676
Epoch 22677
Epoch 22678
Epoch 22679
Epoch 22680
Epoch 22681
Epoch 22682
Epoch 22683
Epoch 22684
Epoch 22685
Epoch 22686
Epoch 22687
Epoch 22688
Epoch 22689
Epoch 22690
Epoch 22691
Epoch 22692
Epoch 22693
Epoch 22694
Epoch 22695
Epoch 22696
Epoch 22697
Epoch 22698
Epoch 22699
Epoch 22700
Epoch 22701
Epoch 22702
Epoch 22703
Epoch 22704
Epoch 22705
Epoch 22706
Epoch 22707
Epoch 22708
Epoch 22709
Epoch 22710
Epoch 22711
Epoch 22712
Epoch 22713
Epoch 22714
Epoch 22715
Epoch 22716
Epoch 22717
Epoch 22718
Epoch 22719
Epoch 22720
Epoch 22721
Epoch 22722
Epoch 22723
Epoch 22724
Epoch 22725
Epoch 22726
Epoch 22727
Epoch 22728
Epoch 22729
Epoch 22730
Epoch 22731
Epoch 22732
Epoch 22733
Epoch 22734
Epoch 22735
Epoch 22736
Epoch 22737
Epoch 22738
Epoch 22739
Epoch 22740
Epoch 22741
Epoch 22742
Epoch 22743
Epoch 22744
Epoch 22745
Epoch 22746
Epoch 22747
Epoch 22748
Epoch 22749
Epoch 22750
Epoch 22751
Epoch 22752
Epoch 22753
Epoch 22754
Epoch 22755
Epoch 22756
Epoch 22757
Epoch 22758
Epoch 22759
Epoch 22760
Epoch 22761
Epoch 22762
Epoch 22763
Epoch 22764
Epoch 22765
Epoch 22766
Epoch 22767
Epoch 22768
Epoch 22769
Epoch 22770
Epoch 22771
Epoch 22772
Epoch 22773
Epoch 22774
Epoch 22775
Epoch 22776
Epoch 22777
Epoch 22778
Epoch 22779
Epoch 22780
Epoch 22781
Epoch 22782
Epoch 22783
Epoch 22784
Epoch 22785
Epoch 22786
Epoch 22787
Epoch 22788
Epoch 22789
Epoch 22790
Epoch 22791
Epoch 22792
Epoch 22793
Epoch 22794
Epoch 22795
Epoch 22796
Epoch 22797
Epoch 22798
Epoch 22799
Epoch 22800
Epoch 22801
Epoch 22802
Epoch 22803
Epoch 22804
Epoch 22805
Epoch 22806
Epoch 22807
Epoch 22808
Epoch 22809
Epoch 22810
Epoch 22811
Epoch 22812
Epoch 22813
Epoch 22814
Epoch 22815
Epoch 22816
Epoch 22817
Epoch 22818
Epoch 22819
Epoch 22820
Epoch 22821
Epoch 22822
Epoch 22823
Epoch 22824
Epoch 22825
Epoch 22826
Epoch 22827
Epoch 22828
Epoch 22829
Epoch 22830
Epoch 22831
Epoch 22832
Epoch 22833
Epoch 22834
Epoch 22835
Epoch 22836
Epoch 22837
Epoch 22838
Epoch 22839
Epoch 22840
Epoch 22841
Epoch 22842
Epoch 22843
Epoch 22844
Epoch 22845
Epoch 22846
Epoch 22847
Epoch 22848
Epoch 22849
Epoch 22850
Epoch 22851
Epoch 22852
Epoch 22853
Epoch 22854
Epoch 22855
Epoch 22856
Epoch 22857
Epoch 22858
Epoch 22859
Epoch 22860
Epoch 22861
Epoch 22862
Epoch 22863
Epoch 22864
Epoch 22865
Epoch 22866
Epoch 22867
Epoch 22868
Epoch 22869
Epoch 22870
Epoch 22871
Epoch 22872
Epoch 22873
Epoch 22874
Epoch 22875
Epoch 22876
Epoch 22877
Epoch 22878
Epoch 22879
Epoch 22880
Epoch 22881
Epoch 22882
Epoch 22883
Epoch 22884
Epoch 22885
Epoch 22886
Epoch 22887
Epoch 22888
Epoch 22889
Epoch 22890
Epoch 22891
Epoch 22892
Epoch 22893
Epoch 22894
Epoch 22895
Epoch 22896
Epoch 22897
Epoch 22898
Epoch 22899
Epoch 22900
Epoch 22901
Epoch 22902
Epoch 22903
Epoch 22904
Epoch 22905
Epoch 22906
Epoch 22907
Epoch 22908
Epoch 22909
Epoch 22910
Epoch 22911
Epoch 22912
Epoch 22913
Epoch 22914
Epoch 22915
Epoch 22916
Epoch 22917
Epoch 22918
Epoch 22919
Epoch 22920
Epoch 22921
Epoch 22922
Epoch 22923
Epoch 22924
Epoch 22925
Epoch 22926
Epoch 22927
Epoch 22928
Epoch 22929
Epoch 22930
Epoch 22931
Epoch 22932
Epoch 22933
Epoch 22934
Epoch 22935
Epoch 22936
Epoch 22937
Epoch 22938
Epoch 22939
Epoch 22940
Epoch 22941
Epoch 22942
Epoch 22943
Epoch 22944
Epoch 22945
Epoch 22946
Epoch 22947
Epoch 22948
Epoch 22949
Epoch 22950
Epoch 22951
Epoch 22952
Epoch 22953
Epoch 22954
Epoch 22955
Epoch 22956
Epoch 22957
Epoch 22958
Epoch 22959
Epoch 22960
Epoch 22961
Epoch 22962
Epoch 22963
Epoch 22964
Epoch 22965
Epoch 22966
Epoch 22967
Epoch 22968
Epoch 22969
Epoch 22970
Epoch 22971
Epoch 22972
Epoch 22973
Epoch 22974
Epoch 22975
Epoch 22976
Epoch 22977
Epoch 22978
Epoch 22979
Epoch 22980
Epoch 22981
Epoch 22982
Epoch 22983
Epoch 22984
Epoch 22985
Epoch 22986
Epoch 22987
Epoch 22988
Epoch 22989
Epoch 22990
Epoch 22991
Epoch 22992
Epoch 22993
Epoch 22994
Epoch 22995
Epoch 22996
Epoch 22997
Epoch 22998
Epoch 22999
Epoch 23000
Epoch 23001
Epoch 23002
Epoch 23003
Epoch 23004
Epoch 23005
Epoch 23006
Epoch 23007
Epoch 23008
Epoch 23009
Epoch 23010
Epoch 23011
Epoch 23012
Epoch 23013
Epoch 23014
Epoch 23015
Epoch 23016
Epoch 23017
Epoch 23018
Epoch 23019
Epoch 23020
Epoch 23021
Epoch 23022
Epoch 23023
Epoch 23024
Epoch 23025
Epoch 23026
Epoch 23027
Epoch 23028
Epoch 23029
Epoch 23030
Epoch 23031
Epoch 23032
Epoch 23033
Epoch 23034
Epoch 23035
Epoch 23036
Epoch 23037
Epoch 23038
Epoch 23039
Epoch 23040
Epoch 23041
Epoch 23042
Epoch 23043
Epoch 23044
Epoch 23045
Epoch 23046
Epoch 23047
Epoch 23048
Epoch 23049
Epoch 23050
Epoch 23051
Epoch 23052
Epoch 23053
Epoch 23054
Epoch 23055
Epoch 23056
Epoch 23057
Epoch 23058
Epoch 23059
Epoch 23060
Epoch 23061
Epoch 23062
Epoch 23063
Epoch 23064
Epoch 23065
Epoch 23066
Epoch 23067
Epoch 23068
Epoch 23069
Epoch 23070
Epoch 23071
Epoch 23072
Epoch 23073
Epoch 23074
Epoch 23075
Epoch 23076
Epoch 23077
Epoch 23078
Epoch 23079
Epoch 23080
Epoch 23081
Epoch 23082
Epoch 23083
Epoch 23084
Epoch 23085
Epoch 23086
Epoch 23087
Epoch 23088
Epoch 23089
Epoch 23090
Epoch 23091
Epoch 23092
Epoch 23093
Epoch 23094
Epoch 23095
Epoch 23096
Epoch 23097
Epoch 23098
Epoch 23099
Epoch 23100
Epoch 23101
Epoch 23102
Epoch 23103
Epoch 23104
Epoch 23105
Epoch 23106
Epoch 23107
Epoch 23108
Epoch 23109
Epoch 23110
Epoch 23111
Epoch 23112
Epoch 23113
Epoch 23114
Epoch 23115
Epoch 23116
Epoch 23117
Epoch 23118
Epoch 23119
Epoch 23120
Epoch 23121
Epoch 23122
Epoch 23123
Epoch 23124
Epoch 23125
Epoch 23126
Epoch 23127
Epoch 23128
Epoch 23129
Epoch 23130
Epoch 23131
Epoch 23132
Epoch 23133
Epoch 23134
Epoch 23135
Epoch 23136
Epoch 23137
Epoch 23138
Epoch 23139
Epoch 23140
Epoch 23141
Epoch 23142
Epoch 23143
Epoch 23144
Epoch 23145
Epoch 23146
Epoch 23147
Epoch 23148
Epoch 23149
Epoch 23150
Epoch 23151
Epoch 23152
Epoch 23153
Epoch 23154
Epoch 23155
Epoch 23156
Epoch 23157
Epoch 23158
Epoch 23159
Epoch 23160
Epoch 23161
Epoch 23162
Epoch 23163
Epoch 23164
Epoch 23165
Epoch 23166
Epoch 23167
Epoch 23168
Epoch 23169
Epoch 23170
Epoch 23171
Epoch 23172
Epoch 23173
Epoch 23174
Epoch 23175
Epoch 23176
Epoch 23177
Epoch 23178
Epoch 23179
Epoch 23180
Epoch 23181
Epoch 23182
Epoch 23183
Epoch 23184
Epoch 23185
Epoch 23186
Epoch 23187
Epoch 23188
Epoch 23189
Epoch 23190
Epoch 23191
Epoch 23192
Epoch 23193
Epoch 23194
Epoch 23195
Epoch 23196
Epoch 23197
Epoch 23198
Epoch 23199
Epoch 23200
Epoch 23201
Epoch 23202
Epoch 23203
Epoch 23204
Epoch 23205
Epoch 23206
Epoch 23207
Epoch 23208
Epoch 23209
Epoch 23210
Epoch 23211
Epoch 23212
Epoch 23213
Epoch 23214
Epoch 23215
Epoch 23216
Epoch 23217
Epoch 23218
Epoch 23219
Epoch 23220
Epoch 23221
Epoch 23222
Epoch 23223
Epoch 23224
Epoch 23225
Epoch 23226
Epoch 23227
Epoch 23228
Epoch 23229
Epoch 23230
Epoch 23231
Epoch 23232
Epoch 23233
Epoch 23234
Epoch 23235
Epoch 23236
Epoch 23237
Epoch 23238
Epoch 23239
Epoch 23240
Epoch 23241
Epoch 23242
Epoch 23243
Epoch 23244
Epoch 23245
Epoch 23246
Epoch 23247
Epoch 23248
Epoch 23249
Epoch 23250
Epoch 23251
Epoch 23252
Epoch 23253
Epoch 23254
Epoch 23255
Epoch 23256
Epoch 23257
Epoch 23258
Epoch 23259
Epoch 23260
Epoch 23261
Epoch 23262
Epoch 23263
Epoch 23264
Epoch 23265
Epoch 23266
Epoch 23267
Epoch 23268
Epoch 23269
Epoch 23270
Epoch 23271
Epoch 23272
Epoch 23273
Epoch 23274
Epoch 23275
Epoch 23276
Epoch 23277
Epoch 23278
Epoch 23279
Epoch 23280
Epoch 23281
Epoch 23282
Epoch 23283
Epoch 23284
Epoch 23285
Epoch 23286
Epoch 23287
Epoch 23288
Epoch 23289
Epoch 23290
Epoch 23291
Epoch 23292
Epoch 23293
Epoch 23294
Epoch 23295
Epoch 23296
Epoch 23297
Epoch 23298
Epoch 23299
Epoch 23300
Epoch 23301
Epoch 23302
Epoch 23303
Epoch 23304
Epoch 23305
Epoch 23306
Epoch 23307
Epoch 23308
Epoch 23309
Epoch 23310
Epoch 23311
Epoch 23312
Epoch 23313
Epoch 23314
Epoch 23315
Epoch 23316
Epoch 23317
Epoch 23318
Epoch 23319
Epoch 23320
Epoch 23321
Epoch 23322
Epoch 23323
Epoch 23324
Epoch 23325
Epoch 23326
Epoch 23327
Epoch 23328
Epoch 23329
Epoch 23330
Epoch 23331
Epoch 23332
Epoch 23333
Epoch 23334
Epoch 23335
Epoch 23336
Epoch 23337
Epoch 23338
Epoch 23339
Epoch 23340
Epoch 23341
Epoch 23342
Epoch 23343
Epoch 23344
Epoch 23345
Epoch 23346
Epoch 23347
Epoch 23348
Epoch 23349
Epoch 23350
Epoch 23351
Epoch 23352
Epoch 23353
Epoch 23354
Epoch 23355
Epoch 23356
Epoch 23357
Epoch 23358
Epoch 23359
Epoch 23360
Epoch 23361
Epoch 23362
Epoch 23363
Epoch 23364
Epoch 23365
Epoch 23366
Epoch 23367
Epoch 23368
Epoch 23369
Epoch 23370
Epoch 23371
Epoch 23372
Epoch 23373
Epoch 23374
Epoch 23375
Epoch 23376
Epoch 23377
Epoch 23378
Epoch 23379
Epoch 23380
Epoch 23381
Epoch 23382
Epoch 23383
Epoch 23384
Epoch 23385
Epoch 23386
Epoch 23387
Epoch 23388
Epoch 23389
Epoch 23390
Epoch 23391
Epoch 23392
Epoch 23393
Epoch 23394
Epoch 23395
Epoch 23396
Epoch 23397
Epoch 23398
Epoch 23399
Epoch 23400
Epoch 23401
Epoch 23402
Epoch 23403
Epoch 23404
Epoch 23405
Epoch 23406
Epoch 23407
Epoch 23408
Epoch 23409
Epoch 23410
Epoch 23411
Epoch 23412
Epoch 23413
Epoch 23414
Epoch 23415
Epoch 23416
Epoch 23417
Epoch 23418
Epoch 23419
Epoch 23420
Epoch 23421
Epoch 23422
Epoch 23423
Epoch 23424
Epoch 23425
Epoch 23426
Epoch 23427
Epoch 23428
Epoch 23429
Epoch 23430
Epoch 23431
Epoch 23432
Epoch 23433
Epoch 23434
Epoch 23435
Epoch 23436
Epoch 23437
Epoch 23438
Epoch 23439
Epoch 23440
Epoch 23441
Epoch 23442
Epoch 23443
Epoch 23444
Epoch 23445
Epoch 23446
Epoch 23447
Epoch 23448
Epoch 23449
Epoch 23450
Epoch 23451
Epoch 23452
Epoch 23453
Epoch 23454
Epoch 23455
Epoch 23456
Epoch 23457
Epoch 23458
Epoch 23459
Epoch 23460
Epoch 23461
Epoch 23462
Epoch 23463
Epoch 23464
Epoch 23465
Epoch 23466
Epoch 23467
Epoch 23468
Epoch 23469
Epoch 23470
Epoch 23471
Epoch 23472
Epoch 23473
Epoch 23474
Epoch 23475
Epoch 23476
Epoch 23477
Epoch 23478
Epoch 23479
Epoch 23480
Epoch 23481
Epoch 23482
Epoch 23483
Epoch 23484
Epoch 23485
Epoch 23486
Epoch 23487
Epoch 23488
Epoch 23489
Epoch 23490
Epoch 23491
Epoch 23492
Epoch 23493
Epoch 23494
Epoch 23495
Epoch 23496
Epoch 23497
Epoch 23498
Epoch 23499
Epoch 23500
Epoch 23501
Epoch 23502
Epoch 23503
Epoch 23504
Epoch 23505
Epoch 23506
Epoch 23507
Epoch 23508
Epoch 23509
Epoch 23510
Epoch 23511
Epoch 23512
Epoch 23513
Epoch 23514
Epoch 23515
Epoch 23516
Epoch 23517
Epoch 23518
Epoch 23519
Epoch 23520
Epoch 23521
Epoch 23522
Epoch 23523
Epoch 23524
Epoch 23525
Epoch 23526
Epoch 23527
Epoch 23528
Epoch 23529
Epoch 23530
Epoch 23531
Epoch 23532
Epoch 23533
Epoch 23534
Epoch 23535
Epoch 23536
Epoch 23537
Epoch 23538
Epoch 23539
Epoch 23540
Epoch 23541
Epoch 23542
Epoch 23543
Epoch 23544
Epoch 23545
Epoch 23546
Epoch 23547
Epoch 23548
Epoch 23549
Epoch 23550
Epoch 23551
Epoch 23552
Epoch 23553
Epoch 23554
Epoch 23555
Epoch 23556
Epoch 23557
Epoch 23558
Epoch 23559
Epoch 23560
Epoch 23561
Epoch 23562
Epoch 23563
Epoch 23564
Epoch 23565
Epoch 23566
Epoch 23567
Epoch 23568
Epoch 23569
Epoch 23570
Epoch 23571
Epoch 23572
Epoch 23573
Epoch 23574
Epoch 23575
Epoch 23576
Epoch 23577
Epoch 23578
Epoch 23579
Epoch 23580
Epoch 23581
Epoch 23582
Epoch 23583
Epoch 23584
Epoch 23585
Epoch 23586
Epoch 23587
Epoch 23588
Epoch 23589
Epoch 23590
Epoch 23591
Epoch 23592
Epoch 23593
Epoch 23594
Epoch 23595
Epoch 23596
Epoch 23597
Epoch 23598
Epoch 23599
Epoch 23600
Epoch 23601
Epoch 23602
Epoch 23603
Epoch 23604
Epoch 23605
Epoch 23606
Epoch 23607
Epoch 23608
Epoch 23609
Epoch 23610
Epoch 23611
Epoch 23612
Epoch 23613
Epoch 23614
Epoch 23615
Epoch 23616
Epoch 23617
Epoch 23618
Epoch 23619
Epoch 23620
Epoch 23621
Epoch 23622
Epoch 23623
Epoch 23624
Epoch 23625
Epoch 23626
Epoch 23627
Epoch 23628
Epoch 23629
Epoch 23630
Epoch 23631
Epoch 23632
Epoch 23633
Epoch 23634
Epoch 23635
Epoch 23636
Epoch 23637
Epoch 23638
Epoch 23639
Epoch 23640
Epoch 23641
Epoch 23642
Epoch 23643
Epoch 23644
Epoch 23645
Epoch 23646
Epoch 23647
Epoch 23648
Epoch 23649
Epoch 23650
Epoch 23651
Epoch 23652
Epoch 23653
Epoch 23654
Epoch 23655
Epoch 23656
Epoch 23657
Epoch 23658
Epoch 23659
Epoch 23660
Epoch 23661
Epoch 23662
Epoch 23663
Epoch 23664
Epoch 23665
Epoch 23666
Epoch 23667
Epoch 23668
Epoch 23669
Epoch 23670
Epoch 23671
Epoch 23672
Epoch 23673
Epoch 23674
Epoch 23675
Epoch 23676
Epoch 23677
Epoch 23678
Epoch 23679
Epoch 23680
Epoch 23681
Epoch 23682
Epoch 23683
Epoch 23684
Epoch 23685
Epoch 23686
Epoch 23687
Epoch 23688
Epoch 23689
Epoch 23690
Epoch 23691
Epoch 23692
Epoch 23693
Epoch 23694
Epoch 23695
Epoch 23696
Epoch 23697
Epoch 23698
Epoch 23699
Epoch 23700
Epoch 23701
Epoch 23702
Epoch 23703
Epoch 23704
Epoch 23705
Epoch 23706
Epoch 23707
Epoch 23708
Epoch 23709
Epoch 23710
Epoch 23711
Epoch 23712
Epoch 23713
Epoch 23714
Epoch 23715
Epoch 23716
Epoch 23717
Epoch 23718
Epoch 23719
Epoch 23720
Epoch 23721
Epoch 23722
Epoch 23723
Epoch 23724
Epoch 23725
Epoch 23726
Epoch 23727
Epoch 23728
Epoch 23729
Epoch 23730
Epoch 23731
Epoch 23732
Epoch 23733
Epoch 23734
Epoch 23735
Epoch 23736
Epoch 23737
Epoch 23738
Epoch 23739
Epoch 23740
Epoch 23741
Epoch 23742
Epoch 23743
Epoch 23744
Epoch 23745
Epoch 23746
Epoch 23747
Epoch 23748
Epoch 23749
Epoch 23750
Epoch 23751
Epoch 23752
Epoch 23753
Epoch 23754
Epoch 23755
Epoch 23756
Epoch 23757
Epoch 23758
Epoch 23759
Epoch 23760
Epoch 23761
Epoch 23762
Epoch 23763
Epoch 23764
Epoch 23765
Epoch 23766
Epoch 23767
Epoch 23768
Epoch 23769
Epoch 23770
Epoch 23771
Epoch 23772
Epoch 23773
Epoch 23774
Epoch 23775
Epoch 23776
Epoch 23777
Epoch 23778
Epoch 23779
Epoch 23780
Epoch 23781
Epoch 23782
Epoch 23783
Epoch 23784
Epoch 23785
Epoch 23786
Epoch 23787
Epoch 23788
Epoch 23789
Epoch 23790
Epoch 23791
Epoch 23792
Epoch 23793
Epoch 23794
Epoch 23795
Epoch 23796
Epoch 23797
Epoch 23798
Epoch 23799
Epoch 23800
Epoch 23801
Epoch 23802
Epoch 23803
Epoch 23804
Epoch 23805
Epoch 23806
Epoch 23807
Epoch 23808
Epoch 23809
Epoch 23810
Epoch 23811
Epoch 23812
Epoch 23813
Epoch 23814
Epoch 23815
Epoch 23816
Epoch 23817
Epoch 23818
Epoch 23819
Epoch 23820
Epoch 23821
Epoch 23822
Epoch 23823
Epoch 23824
Epoch 23825
Epoch 23826
Epoch 23827
Epoch 23828
Epoch 23829
Epoch 23830
Epoch 23831
Epoch 23832
Epoch 23833
Epoch 23834
Epoch 23835
Epoch 23836
Epoch 23837
Epoch 23838
Epoch 23839
Epoch 23840
Epoch 23841
Epoch 23842
Epoch 23843
Epoch 23844
Epoch 23845
Epoch 23846
Epoch 23847
Epoch 23848
Epoch 23849
Epoch 23850
Epoch 23851
Epoch 23852
Epoch 23853
Epoch 23854
Epoch 23855
Epoch 23856
Epoch 23857
Epoch 23858
Epoch 23859
Epoch 23860
Epoch 23861
Epoch 23862
Epoch 23863
Epoch 23864
Epoch 23865
Epoch 23866
Epoch 23867
Epoch 23868
Epoch 23869
Epoch 23870
Epoch 23871
Epoch 23872
Epoch 23873
Epoch 23874
Epoch 23875
Epoch 23876
Epoch 23877
Epoch 23878
Epoch 23879
Epoch 23880
Epoch 23881
Epoch 23882
Epoch 23883
Epoch 23884
Epoch 23885
Epoch 23886
Epoch 23887
Epoch 23888
Epoch 23889
Epoch 23890
Epoch 23891
Epoch 23892
Epoch 23893
Epoch 23894
Epoch 23895
Epoch 23896
Epoch 23897
Epoch 23898
Epoch 23899
Epoch 23900
Epoch 23901
Epoch 23902
Epoch 23903
Epoch 23904
Epoch 23905
Epoch 23906
Epoch 23907
Epoch 23908
Epoch 23909
Epoch 23910
Epoch 23911
Epoch 23912
Epoch 23913
Epoch 23914
Epoch 23915
Epoch 23916
Epoch 23917
Epoch 23918
Epoch 23919
Epoch 23920
Epoch 23921
Epoch 23922
Epoch 23923
Epoch 23924
Epoch 23925
Epoch 23926
Epoch 23927
Epoch 23928
Epoch 23929
Epoch 23930
Epoch 23931
Epoch 23932
Epoch 23933
Epoch 23934
Epoch 23935
Epoch 23936
Epoch 23937
Epoch 23938
Epoch 23939
Epoch 23940
Epoch 23941
Epoch 23942
Epoch 23943
Epoch 23944
Epoch 23945
Epoch 23946
Epoch 23947
Epoch 23948
Epoch 23949
Epoch 23950
Epoch 23951
Epoch 23952
Epoch 23953
Epoch 23954
Epoch 23955
Epoch 23956
Epoch 23957
Epoch 23958
Epoch 23959
Epoch 23960
Epoch 23961
Epoch 23962
Epoch 23963
Epoch 23964
Epoch 23965
Epoch 23966
Epoch 23967
Epoch 23968
Epoch 23969
Epoch 23970
Epoch 23971
Epoch 23972
Epoch 23973
Epoch 23974
Epoch 23975
Epoch 23976
Epoch 23977
Epoch 23978
Epoch 23979
Epoch 23980
Epoch 23981
Epoch 23982
Epoch 23983
Epoch 23984
Epoch 23985
Epoch 23986
Epoch 23987
Epoch 23988
Epoch 23989
Epoch 23990
Epoch 23991
Epoch 23992
Epoch 23993
Epoch 23994
Epoch 23995
Epoch 23996
Epoch 23997
Epoch 23998
Epoch 23999
Epoch 24000
Epoch 24001
Epoch 24002
Epoch 24003
Epoch 24004
Epoch 24005
Epoch 24006
Epoch 24007
Epoch 24008
Epoch 24009
Epoch 24010
Epoch 24011
Epoch 24012
Epoch 24013
Epoch 24014
Epoch 24015
Epoch 24016
Epoch 24017
Epoch 24018
Epoch 24019
Epoch 24020
Epoch 24021
Epoch 24022
Epoch 24023
Epoch 24024
Epoch 24025
Epoch 24026
Epoch 24027
Epoch 24028
Epoch 24029
Epoch 24030
Epoch 24031
Epoch 24032
Epoch 24033
Epoch 24034
Epoch 24035
Epoch 24036
Epoch 24037
Epoch 24038
Epoch 24039
Epoch 24040
Epoch 24041
Epoch 24042
Epoch 24043
Epoch 24044
Epoch 24045
Epoch 24046
Epoch 24047
Epoch 24048
Epoch 24049
Epoch 24050
Epoch 24051
Epoch 24052
Epoch 24053
Epoch 24054
Epoch 24055
Epoch 24056
Epoch 24057
Epoch 24058
Epoch 24059
Epoch 24060
Epoch 24061
Epoch 24062
Epoch 24063
Epoch 24064
Epoch 24065
Epoch 24066
Epoch 24067
Epoch 24068
Epoch 24069
Epoch 24070
Epoch 24071
Epoch 24072
Epoch 24073
Epoch 24074
Epoch 24075
Epoch 24076
Epoch 24077
Epoch 24078
Epoch 24079
Epoch 24080
Epoch 24081
Epoch 24082
Epoch 24083
Epoch 24084
Epoch 24085
Epoch 24086
Epoch 24087
Epoch 24088
Epoch 24089
Epoch 24090
Epoch 24091
Epoch 24092
Epoch 24093
Epoch 24094
Epoch 24095
Epoch 24096
Epoch 24097
Epoch 24098
Epoch 24099
Epoch 24100
Epoch 24101
Epoch 24102
Epoch 24103
Epoch 24104
Epoch 24105
Epoch 24106
Epoch 24107
Epoch 24108
Epoch 24109
Epoch 24110
Epoch 24111
Epoch 24112
Epoch 24113
Epoch 24114
Epoch 24115
Epoch 24116
Epoch 24117
Epoch 24118
Epoch 24119
Epoch 24120
Epoch 24121
Epoch 24122
Epoch 24123
Epoch 24124
Epoch 24125
Epoch 24126
Epoch 24127
Epoch 24128
Epoch 24129
Epoch 24130
Epoch 24131
Epoch 24132
Epoch 24133
Epoch 24134
Epoch 24135
Epoch 24136
Epoch 24137
Epoch 24138
Epoch 24139
Epoch 24140
Epoch 24141
Epoch 24142
Epoch 24143
Epoch 24144
Epoch 24145
Epoch 24146
Epoch 24147
Epoch 24148
Epoch 24149
Epoch 24150
Epoch 24151
Epoch 24152
Epoch 24153
Epoch 24154
Epoch 24155
Epoch 24156
Epoch 24157
Epoch 24158
Epoch 24159
Epoch 24160
Epoch 24161
Epoch 24162
Epoch 24163
Epoch 24164
Epoch 24165
Epoch 24166
Epoch 24167
Epoch 24168
Epoch 24169
Epoch 24170
Epoch 24171
Epoch 24172
Epoch 24173
Epoch 24174
Epoch 24175
Epoch 24176
Epoch 24177
Epoch 24178
Epoch 24179
Epoch 24180
Epoch 24181
Epoch 24182
Epoch 24183
Epoch 24184
Epoch 24185
Epoch 24186
Epoch 24187
Epoch 24188
Epoch 24189
Epoch 24190
Epoch 24191
Epoch 24192
Epoch 24193
Epoch 24194
Epoch 24195
Epoch 24196
Epoch 24197
Epoch 24198
Epoch 24199
Epoch 24200
Epoch 24201
Epoch 24202
Epoch 24203
Epoch 24204
Epoch 24205
Epoch 24206
Epoch 24207
Epoch 24208
Epoch 24209
Epoch 24210
Epoch 24211
Epoch 24212
Epoch 24213
Epoch 24214
Epoch 24215
Epoch 24216
Epoch 24217
Epoch 24218
Epoch 24219
Epoch 24220
Epoch 24221
Epoch 24222
Epoch 24223
Epoch 24224
Epoch 24225
Epoch 24226
Epoch 24227
Epoch 24228
Epoch 24229
Epoch 24230
Epoch 24231
Epoch 24232
Epoch 24233
Epoch 24234
Epoch 24235
Epoch 24236
Epoch 24237
Epoch 24238
Epoch 24239
Epoch 24240
Epoch 24241
Epoch 24242
Epoch 24243
Epoch 24244
Epoch 24245
Epoch 24246
Epoch 24247
Epoch 24248
Epoch 24249
Epoch 24250
Epoch 24251
Epoch 24252
Epoch 24253
Epoch 24254
Epoch 24255
Epoch 24256
Epoch 24257
Epoch 24258
Epoch 24259
Epoch 24260
Epoch 24261
Epoch 24262
Epoch 24263
Epoch 24264
Epoch 24265
Epoch 24266
Epoch 24267
Epoch 24268
Epoch 24269
Epoch 24270
Epoch 24271
Epoch 24272
Epoch 24273
Epoch 24274
Epoch 24275
Epoch 24276
Epoch 24277
Epoch 24278
Epoch 24279
Epoch 24280
Epoch 24281
Epoch 24282
Epoch 24283
Epoch 24284
Epoch 24285
Epoch 24286
Epoch 24287
Epoch 24288
Epoch 24289
Epoch 24290
Epoch 24291
Epoch 24292
Epoch 24293
Epoch 24294
Epoch 24295
Epoch 24296
Epoch 24297
Epoch 24298
Epoch 24299
Epoch 24300
Epoch 24301
Epoch 24302
Epoch 24303
Epoch 24304
Epoch 24305
Epoch 24306
Epoch 24307
Epoch 24308
Epoch 24309
Epoch 24310
Epoch 24311
Epoch 24312
Epoch 24313
Epoch 24314
Epoch 24315
Epoch 24316
Epoch 24317
Epoch 24318
Epoch 24319
Epoch 24320
Epoch 24321
Epoch 24322
Epoch 24323
Epoch 24324
Epoch 24325
Epoch 24326
Epoch 24327
Epoch 24328
Epoch 24329
Epoch 24330
Epoch 24331
Epoch 24332
Epoch 24333
Epoch 24334
Epoch 24335
Epoch 24336
Epoch 24337
Epoch 24338
Epoch 24339
Epoch 24340
Epoch 24341
Epoch 24342
Epoch 24343
Epoch 24344
Epoch 24345
Epoch 24346
Epoch 24347
Epoch 24348
Epoch 24349
Epoch 24350
Epoch 24351
Epoch 24352
Epoch 24353
Epoch 24354
Epoch 24355
Epoch 24356
Epoch 24357
Epoch 24358
Epoch 24359
Epoch 24360
Epoch 24361
Epoch 24362
Epoch 24363
Epoch 24364
Epoch 24365
Epoch 24366
Epoch 24367
Epoch 24368
Epoch 24369
Epoch 24370
Epoch 24371
Epoch 24372
Epoch 24373
Epoch 24374
Epoch 24375
Epoch 24376
Epoch 24377
Epoch 24378
Epoch 24379
Epoch 24380
Epoch 24381
Epoch 24382
Epoch 24383
Epoch 24384
Epoch 24385
Epoch 24386
Epoch 24387
Epoch 24388
Epoch 24389
Epoch 24390
Epoch 24391
Epoch 24392
Epoch 24393
Epoch 24394
Epoch 24395
Epoch 24396
Epoch 24397
Epoch 24398
Epoch 24399
Epoch 24400
Epoch 24401
Epoch 24402
Epoch 24403
Epoch 24404
Epoch 24405
Epoch 24406
Epoch 24407
Epoch 24408
Epoch 24409
Epoch 24410
Epoch 24411
Epoch 24412
Epoch 24413
Epoch 24414
Epoch 24415
Epoch 24416
Epoch 24417
Epoch 24418
Epoch 24419
Epoch 24420
Epoch 24421
Epoch 24422
Epoch 24423
Epoch 24424
Epoch 24425
Epoch 24426
Epoch 24427
Epoch 24428
Epoch 24429
Epoch 24430
Epoch 24431
Epoch 24432
Epoch 24433
Epoch 24434
Epoch 24435
Epoch 24436
Epoch 24437
Epoch 24438
Epoch 24439
Epoch 24440
Epoch 24441
Epoch 24442
Epoch 24443
Epoch 24444
Epoch 24445
Epoch 24446
Epoch 24447
Epoch 24448
Epoch 24449
Epoch 24450
Epoch 24451
Epoch 24452
Epoch 24453
Epoch 24454
Epoch 24455
Epoch 24456
Epoch 24457
Epoch 24458
Epoch 24459
Epoch 24460
Epoch 24461
Epoch 24462
Epoch 24463
Epoch 24464
Epoch 24465
Epoch 24466
Epoch 24467
Epoch 24468
Epoch 24469
Epoch 24470
Epoch 24471
Epoch 24472
Epoch 24473
Epoch 24474
Epoch 24475
Epoch 24476
Epoch 24477
Epoch 24478
Epoch 24479
Epoch 24480
Epoch 24481
Epoch 24482
Epoch 24483
Epoch 24484
Epoch 24485
Epoch 24486
Epoch 24487
Epoch 24488
Epoch 24489
Epoch 24490
Epoch 24491
Epoch 24492
Epoch 24493
Epoch 24494
Epoch 24495
Epoch 24496
Epoch 24497
Epoch 24498
Epoch 24499
Epoch 24500
Epoch 24501
Epoch 24502
Epoch 24503
Epoch 24504
Epoch 24505
Epoch 24506
Epoch 24507
Epoch 24508
Epoch 24509
Epoch 24510
Epoch 24511
Epoch 24512
Epoch 24513
Epoch 24514
Epoch 24515
Epoch 24516
Epoch 24517
Epoch 24518
Epoch 24519
Epoch 24520
Epoch 24521
Epoch 24522
Epoch 24523
Epoch 24524
Epoch 24525
Epoch 24526
Epoch 24527
Epoch 24528
Epoch 24529
Epoch 24530
Epoch 24531
Epoch 24532
Epoch 24533
Epoch 24534
Epoch 24535
Epoch 24536
Epoch 24537
Epoch 24538
Epoch 24539
Epoch 24540
Epoch 24541
Epoch 24542
Epoch 24543
Epoch 24544
Epoch 24545
Epoch 24546
Epoch 24547
Epoch 24548
Epoch 24549
Epoch 24550
Epoch 24551
Epoch 24552
Epoch 24553
Epoch 24554
Epoch 24555
Epoch 24556
Epoch 24557
Epoch 24558
Epoch 24559
Epoch 24560
Epoch 24561
Epoch 24562
Epoch 24563
Epoch 24564
Epoch 24565
Epoch 24566
Epoch 24567
Epoch 24568
Epoch 24569
Epoch 24570
Epoch 24571
Epoch 24572
Epoch 24573
Epoch 24574
Epoch 24575
Epoch 24576
Epoch 24577
Epoch 24578
Epoch 24579
Epoch 24580
Epoch 24581
Epoch 24582
Epoch 24583
Epoch 24584
Epoch 24585
Epoch 24586
Epoch 24587
Epoch 24588
Epoch 24589
Epoch 24590
Epoch 24591
Epoch 24592
Epoch 24593
Epoch 24594
Epoch 24595
Epoch 24596
Epoch 24597
Epoch 24598
Epoch 24599
Epoch 24600
Epoch 24601
Epoch 24602
Epoch 24603
Epoch 24604
Epoch 24605
Epoch 24606
Epoch 24607
Epoch 24608
Epoch 24609
Epoch 24610
Epoch 24611
Epoch 24612
Epoch 24613
Epoch 24614
Epoch 24615
Epoch 24616
Epoch 24617
Epoch 24618
Epoch 24619
Epoch 24620
Epoch 24621
Epoch 24622
Epoch 24623
Epoch 24624
Epoch 24625
Epoch 24626
Epoch 24627
Epoch 24628
Epoch 24629
Epoch 24630
Epoch 24631
Epoch 24632
Epoch 24633
Epoch 24634
Epoch 24635
Epoch 24636
Epoch 24637
Epoch 24638
Epoch 24639
Epoch 24640
Epoch 24641
Epoch 24642
Epoch 24643
Epoch 24644
Epoch 24645
Epoch 24646
Epoch 24647
Epoch 24648
Epoch 24649
Epoch 24650
Epoch 24651
Epoch 24652
Epoch 24653
Epoch 24654
Epoch 24655
Epoch 24656
Epoch 24657
Epoch 24658
Epoch 24659
Epoch 24660
Epoch 24661
Epoch 24662
Epoch 24663
Epoch 24664
Epoch 24665
Epoch 24666
Epoch 24667
Epoch 24668
Epoch 24669
Epoch 24670
Epoch 24671
Epoch 24672
Epoch 24673
Epoch 24674
Epoch 24675
Epoch 24676
Epoch 24677
Epoch 24678
Epoch 24679
Epoch 24680
Epoch 24681
Epoch 24682
Epoch 24683
Epoch 24684
Epoch 24685
Epoch 24686
Epoch 24687
Epoch 24688
Epoch 24689
Epoch 24690
Epoch 24691
Epoch 24692
Epoch 24693
Epoch 24694
Epoch 24695
Epoch 24696
Epoch 24697
Epoch 24698
Epoch 24699
Epoch 24700
Epoch 24701
Epoch 24702
Epoch 24703
Epoch 24704
Epoch 24705
Epoch 24706
Epoch 24707
Epoch 24708
Epoch 24709
Epoch 24710
Epoch 24711
Epoch 24712
Epoch 24713
Epoch 24714
Epoch 24715
Epoch 24716
Epoch 24717
Epoch 24718
Epoch 24719
Epoch 24720
Epoch 24721
Epoch 24722
Epoch 24723
Epoch 24724
Epoch 24725
Epoch 24726
Epoch 24727
Epoch 24728
Epoch 24729
Epoch 24730
Epoch 24731
Epoch 24732
Epoch 24733
Epoch 24734
Epoch 24735
Epoch 24736
Epoch 24737
Epoch 24738
Epoch 24739
Epoch 24740
Epoch 24741
Epoch 24742
Epoch 24743
Epoch 24744
Epoch 24745
Epoch 24746
Epoch 24747
Epoch 24748
Epoch 24749
Epoch 24750
Epoch 24751
Epoch 24752
Epoch 24753
Epoch 24754
Epoch 24755
Epoch 24756
Epoch 24757
Epoch 24758
Epoch 24759
Epoch 24760
Epoch 24761
Epoch 24762
Epoch 24763
Epoch 24764
Epoch 24765
Epoch 24766
Epoch 24767
Epoch 24768
Epoch 24769
Epoch 24770
Epoch 24771
Epoch 24772
Epoch 24773
Epoch 24774
Epoch 24775
Epoch 24776
Epoch 24777
Epoch 24778
Epoch 24779
Epoch 24780
Epoch 24781
Epoch 24782
Epoch 24783
Epoch 24784
Epoch 24785
Epoch 24786
Epoch 24787
Epoch 24788
Epoch 24789
Epoch 24790
Epoch 24791
Epoch 24792
Epoch 24793
Epoch 24794
Epoch 24795
Epoch 24796
Epoch 24797
Epoch 24798
Epoch 24799
Epoch 24800
Epoch 24801
Epoch 24802
Epoch 24803
Epoch 24804
Epoch 24805
Epoch 24806
Epoch 24807
Epoch 24808
Epoch 24809
Epoch 24810
Epoch 24811
Epoch 24812
Epoch 24813
Epoch 24814
Epoch 24815
Epoch 24816
Epoch 24817
Epoch 24818
Epoch 24819
Epoch 24820
Epoch 24821
Epoch 24822
Epoch 24823
Epoch 24824
Epoch 24825
Epoch 24826
Epoch 24827
Epoch 24828
Epoch 24829
Epoch 24830
Epoch 24831
Epoch 24832
Epoch 24833
Epoch 24834
Epoch 24835
Epoch 24836
Epoch 24837
Epoch 24838
Epoch 24839
Epoch 24840
Epoch 24841
Epoch 24842
Epoch 24843
Epoch 24844
Epoch 24845
Epoch 24846
Epoch 24847
Epoch 24848
Epoch 24849
Epoch 24850
Epoch 24851
Epoch 24852
Epoch 24853
Epoch 24854
Epoch 24855
Epoch 24856
Epoch 24857
Epoch 24858
Epoch 24859
Epoch 24860
Epoch 24861
Epoch 24862
Epoch 24863
Epoch 24864
Epoch 24865
Epoch 24866
Epoch 24867
Epoch 24868
Epoch 24869
Epoch 24870
Epoch 24871
Epoch 24872
Epoch 24873
Epoch 24874
Epoch 24875
Epoch 24876
Epoch 24877
Epoch 24878
Epoch 24879
Epoch 24880
Epoch 24881
Epoch 24882
Epoch 24883
Epoch 24884
Epoch 24885
Epoch 24886
Epoch 24887
Epoch 24888
Epoch 24889
Epoch 24890
Epoch 24891
Epoch 24892
Epoch 24893
Epoch 24894
Epoch 24895
Epoch 24896
Epoch 24897
Epoch 24898
Epoch 24899
Epoch 24900
Epoch 24901
Epoch 24902
Epoch 24903
Epoch 24904
Epoch 24905
Epoch 24906
Epoch 24907
Epoch 24908
Epoch 24909
Epoch 24910
Epoch 24911
Epoch 24912
Epoch 24913
Epoch 24914
Epoch 24915
Epoch 24916
Epoch 24917
Epoch 24918
Epoch 24919
Epoch 24920
Epoch 24921
Epoch 24922
Epoch 24923
Epoch 24924
Epoch 24925
Epoch 24926
Epoch 24927
Epoch 24928
Epoch 24929
Epoch 24930
Epoch 24931
Epoch 24932
Epoch 24933
Epoch 24934
Epoch 24935
Epoch 24936
Epoch 24937
Epoch 24938
Epoch 24939
Epoch 24940
Epoch 24941
Epoch 24942
Epoch 24943
Epoch 24944
Epoch 24945
Epoch 24946
Epoch 24947
Epoch 24948
Epoch 24949
Epoch 24950
Epoch 24951
Epoch 24952
Epoch 24953
Epoch 24954
Epoch 24955
Epoch 24956
Epoch 24957
Epoch 24958
Epoch 24959
Epoch 24960
Epoch 24961
Epoch 24962
Epoch 24963
Epoch 24964
Epoch 24965
Epoch 24966
Epoch 24967
Epoch 24968
Epoch 24969
Epoch 24970
Epoch 24971
Epoch 24972
Epoch 24973
Epoch 24974
Epoch 24975
Epoch 24976
Epoch 24977
Epoch 24978
Epoch 24979
Epoch 24980
Epoch 24981
Epoch 24982
Epoch 24983
Epoch 24984
Epoch 24985
Epoch 24986
Epoch 24987
Epoch 24988
Epoch 24989
Epoch 24990
Epoch 24991
Epoch 24992
Epoch 24993
Epoch 24994
Epoch 24995
Epoch 24996
Epoch 24997
Epoch 24998
Epoch 24999
Epoch 25000
Epoch 25001
Epoch 25002
Epoch 25003
Epoch 25004
Epoch 25005
Epoch 25006
Epoch 25007
Epoch 25008
Epoch 25009
Epoch 25010
Epoch 25011
Epoch 25012
Epoch 25013
Epoch 25014
Epoch 25015
Epoch 25016
Epoch 25017
Epoch 25018
Epoch 25019
Epoch 25020
Epoch 25021
Epoch 25022
Epoch 25023
Epoch 25024
Epoch 25025
Epoch 25026
Epoch 25027
Epoch 25028
Epoch 25029
Epoch 25030
Epoch 25031
Epoch 25032
Epoch 25033
Epoch 25034
Epoch 25035
Epoch 25036
Epoch 25037
Epoch 25038
Epoch 25039
Epoch 25040
Epoch 25041
Epoch 25042
Epoch 25043
Epoch 25044
Epoch 25045
Epoch 25046
Epoch 25047
Epoch 25048
Epoch 25049
Epoch 25050
Epoch 25051
Epoch 25052
Epoch 25053
Epoch 25054
Epoch 25055
Epoch 25056
Epoch 25057
Epoch 25058
Epoch 25059
Epoch 25060
Epoch 25061
Epoch 25062
Epoch 25063
Epoch 25064
Epoch 25065
Epoch 25066
Epoch 25067
Epoch 25068
Epoch 25069
Epoch 25070
Epoch 25071
Epoch 25072
Epoch 25073
Epoch 25074
Epoch 25075
Epoch 25076
Epoch 25077
Epoch 25078
Epoch 25079
Epoch 25080
Epoch 25081
Epoch 25082
Epoch 25083
Epoch 25084
Epoch 25085
Epoch 25086
Epoch 25087
Epoch 25088
Epoch 25089
Epoch 25090
Epoch 25091
Epoch 25092
Epoch 25093
Epoch 25094
Epoch 25095
Epoch 25096
Epoch 25097
Epoch 25098
Epoch 25099
Epoch 25100
Epoch 25101
Epoch 25102
Epoch 25103
Epoch 25104
Epoch 25105
Epoch 25106
Epoch 25107
Epoch 25108
Epoch 25109
Epoch 25110
Epoch 25111
Epoch 25112
Epoch 25113
Epoch 25114
Epoch 25115
Epoch 25116
Epoch 25117
Epoch 25118
Epoch 25119
Epoch 25120
Epoch 25121
Epoch 25122
Epoch 25123
Epoch 25124
Epoch 25125
Epoch 25126
Epoch 25127
Epoch 25128
Epoch 25129
Epoch 25130
Epoch 25131
Epoch 25132
Epoch 25133
Epoch 25134
Epoch 25135
Epoch 25136
Epoch 25137
Epoch 25138
Epoch 25139
Epoch 25140
Epoch 25141
Epoch 25142
Epoch 25143
Epoch 25144
Epoch 25145
Epoch 25146
Epoch 25147
Epoch 25148
Epoch 25149
Epoch 25150
Epoch 25151
Epoch 25152
Epoch 25153
Epoch 25154
Epoch 25155
Epoch 25156
Epoch 25157
Epoch 25158
Epoch 25159
Epoch 25160
Epoch 25161
Epoch 25162
Epoch 25163
Epoch 25164
Epoch 25165
Epoch 25166
Epoch 25167
Epoch 25168
Epoch 25169
Epoch 25170
Epoch 25171
Epoch 25172
Epoch 25173
Epoch 25174
Epoch 25175
Epoch 25176
Epoch 25177
Epoch 25178
Epoch 25179
Epoch 25180
Epoch 25181
Epoch 25182
Epoch 25183
Epoch 25184
Epoch 25185
Epoch 25186
Epoch 25187
Epoch 25188
Epoch 25189
Epoch 25190
Epoch 25191
Epoch 25192
Epoch 25193
Epoch 25194
Epoch 25195
Epoch 25196
Epoch 25197
Epoch 25198
Epoch 25199
Epoch 25200
Epoch 25201
Epoch 25202
Epoch 25203
Epoch 25204
Epoch 25205
Epoch 25206
Epoch 25207
Epoch 25208
Epoch 25209
Epoch 25210
Epoch 25211
Epoch 25212
Epoch 25213
Epoch 25214
Epoch 25215
Epoch 25216
Epoch 25217
Epoch 25218
Epoch 25219
Epoch 25220
Epoch 25221
Epoch 25222
Epoch 25223
Epoch 25224
Epoch 25225
Epoch 25226
Epoch 25227
Epoch 25228
Epoch 25229
Epoch 25230
Epoch 25231
Epoch 25232
Epoch 25233
Epoch 25234
Epoch 25235
Epoch 25236
Epoch 25237
Epoch 25238
Epoch 25239
Epoch 25240
Epoch 25241
Epoch 25242
Epoch 25243
Epoch 25244
Epoch 25245
Epoch 25246
Epoch 25247
Epoch 25248
Epoch 25249
Epoch 25250
Epoch 25251
Epoch 25252
Epoch 25253
Epoch 25254
Epoch 25255
Epoch 25256
Epoch 25257
Epoch 25258
Epoch 25259
Epoch 25260
Epoch 25261
Epoch 25262
Epoch 25263
Epoch 25264
Epoch 25265
Epoch 25266
Epoch 25267
Epoch 25268
Epoch 25269
Epoch 25270
Epoch 25271
Epoch 25272
Epoch 25273
Epoch 25274
Epoch 25275
Epoch 25276
Epoch 25277
Epoch 25278
Epoch 25279
Epoch 25280
Epoch 25281
Epoch 25282
Epoch 25283
Epoch 25284
Epoch 25285
Epoch 25286
Epoch 25287
Epoch 25288
Epoch 25289
Epoch 25290
Epoch 25291
Epoch 25292
Epoch 25293
Epoch 25294
Epoch 25295
Epoch 25296
Epoch 25297
Epoch 25298
Epoch 25299
Epoch 25300
Epoch 25301
Epoch 25302
Epoch 25303
Epoch 25304
Epoch 25305
Epoch 25306
Epoch 25307
Epoch 25308
Epoch 25309
Epoch 25310
Epoch 25311
Epoch 25312
Epoch 25313
Epoch 25314
Epoch 25315
Epoch 25316
Epoch 25317
Epoch 25318
Epoch 25319
Epoch 25320
Epoch 25321
Epoch 25322
Epoch 25323
Epoch 25324
Epoch 25325
Epoch 25326
Epoch 25327
Epoch 25328
Epoch 25329
Epoch 25330
Epoch 25331
Epoch 25332
Epoch 25333
Epoch 25334
Epoch 25335
Epoch 25336
Epoch 25337
Epoch 25338
Epoch 25339
Epoch 25340
Epoch 25341
Epoch 25342
Epoch 25343
Epoch 25344
Epoch 25345
Epoch 25346
Epoch 25347
Epoch 25348
Epoch 25349
Epoch 25350
Epoch 25351
Epoch 25352
Epoch 25353
Epoch 25354
Epoch 25355
Epoch 25356
Epoch 25357
Epoch 25358
Epoch 25359
Epoch 25360
Epoch 25361
Epoch 25362
Epoch 25363
Epoch 25364
Epoch 25365
Epoch 25366
Epoch 25367
Epoch 25368
Epoch 25369
Epoch 25370
Epoch 25371
Epoch 25372
Epoch 25373
Epoch 25374
Epoch 25375
Epoch 25376
Epoch 25377
Epoch 25378
Epoch 25379
Epoch 25380
Epoch 25381
Epoch 25382
Epoch 25383
Epoch 25384
Epoch 25385
Epoch 25386
Epoch 25387
Epoch 25388
Epoch 25389
Epoch 25390
Epoch 25391
Epoch 25392
Epoch 25393
Epoch 25394
Epoch 25395
Epoch 25396
Epoch 25397
Epoch 25398
Epoch 25399
Epoch 25400
Epoch 25401
Epoch 25402
Epoch 25403
Epoch 25404
Epoch 25405
Epoch 25406
Epoch 25407
Epoch 25408
Epoch 25409
Epoch 25410
Epoch 25411
Epoch 25412
Epoch 25413
Epoch 25414
Epoch 25415
Epoch 25416
Epoch 25417
Epoch 25418
Epoch 25419
Epoch 25420
Epoch 25421
Epoch 25422
Epoch 25423
Epoch 25424
Epoch 25425
Epoch 25426
Epoch 25427
Epoch 25428
Epoch 25429
Epoch 25430
Epoch 25431
Epoch 25432
Epoch 25433
Epoch 25434
Epoch 25435
Epoch 25436
Epoch 25437
Epoch 25438
Epoch 25439
Epoch 25440
Epoch 25441
Epoch 25442
Epoch 25443
Epoch 25444
Epoch 25445
Epoch 25446
Epoch 25447
Epoch 25448
Epoch 25449
Epoch 25450
Epoch 25451
Epoch 25452
Epoch 25453
Epoch 25454
Epoch 25455
Epoch 25456
Epoch 25457
Epoch 25458
Epoch 25459
Epoch 25460
Epoch 25461
Epoch 25462
Epoch 25463
Epoch 25464
Epoch 25465
Epoch 25466
Epoch 25467
Epoch 25468
Epoch 25469
Epoch 25470
Epoch 25471
Epoch 25472
Epoch 25473
Epoch 25474
Epoch 25475
Epoch 25476
Epoch 25477
Epoch 25478
Epoch 25479
Epoch 25480
Epoch 25481
Epoch 25482
Epoch 25483
Epoch 25484
Epoch 25485
Epoch 25486
Epoch 25487
Epoch 25488
Epoch 25489
Epoch 25490
Epoch 25491
Epoch 25492
Epoch 25493
Epoch 25494
Epoch 25495
Epoch 25496
Epoch 25497
Epoch 25498
Epoch 25499
Epoch 25500
Epoch 25501
Epoch 25502
Epoch 25503
Epoch 25504
Epoch 25505
Epoch 25506
Epoch 25507
Epoch 25508
Epoch 25509
Epoch 25510
Epoch 25511
Epoch 25512
Epoch 25513
Epoch 25514
Epoch 25515
Epoch 25516
Epoch 25517
Epoch 25518
Epoch 25519
Epoch 25520
Epoch 25521
Epoch 25522
Epoch 25523
Epoch 25524
Epoch 25525
Epoch 25526
Epoch 25527
Epoch 25528
Epoch 25529
Epoch 25530
Epoch 25531
Epoch 25532
Epoch 25533
Epoch 25534
Epoch 25535
Epoch 25536
Epoch 25537
Epoch 25538
Epoch 25539
Epoch 25540
Epoch 25541
Epoch 25542
Epoch 25543
Epoch 25544
Epoch 25545
Epoch 25546
Epoch 25547
Epoch 25548
Epoch 25549
Epoch 25550
Epoch 25551
Epoch 25552
Epoch 25553
Epoch 25554
Epoch 25555
Epoch 25556
Epoch 25557
Epoch 25558
Epoch 25559
Epoch 25560
Epoch 25561
Epoch 25562
Epoch 25563
Epoch 25564
Epoch 25565
Epoch 25566
Epoch 25567
Epoch 25568
Epoch 25569
Epoch 25570
Epoch 25571
Epoch 25572
Epoch 25573
Epoch 25574
Epoch 25575
Epoch 25576
Epoch 25577
Epoch 25578
Epoch 25579
Epoch 25580
Epoch 25581
Epoch 25582
Epoch 25583
Epoch 25584
Epoch 25585
Epoch 25586
Epoch 25587
Epoch 25588
Epoch 25589
Epoch 25590
Epoch 25591
Epoch 25592
Epoch 25593
Epoch 25594
Epoch 25595
Epoch 25596
Epoch 25597
Epoch 25598
Epoch 25599
Epoch 25600
Epoch 25601
Epoch 25602
Epoch 25603
Epoch 25604
Epoch 25605
Epoch 25606
Epoch 25607
Epoch 25608
Epoch 25609
Epoch 25610
Epoch 25611
Epoch 25612
Epoch 25613
Epoch 25614
Epoch 25615
Epoch 25616
Epoch 25617
Epoch 25618
Epoch 25619
Epoch 25620
Epoch 25621
Epoch 25622
Epoch 25623
Epoch 25624
Epoch 25625
Epoch 25626
Epoch 25627
Epoch 25628
Epoch 25629
Epoch 25630
Epoch 25631
Epoch 25632
Epoch 25633
Epoch 25634
Epoch 25635
Epoch 25636
Epoch 25637
Epoch 25638
Epoch 25639
Epoch 25640
Epoch 25641
Epoch 25642
Epoch 25643
Epoch 25644
Epoch 25645
Epoch 25646
Epoch 25647
Epoch 25648
Epoch 25649
Epoch 25650
Epoch 25651
Epoch 25652
Epoch 25653
Epoch 25654
Epoch 25655
Epoch 25656
Epoch 25657
Epoch 25658
Epoch 25659
Epoch 25660
Epoch 25661
Epoch 25662
Epoch 25663
Epoch 25664
Epoch 25665
Epoch 25666
Epoch 25667
Epoch 25668
Epoch 25669
Epoch 25670
Epoch 25671
Epoch 25672
Epoch 25673
Epoch 25674
Epoch 25675
Epoch 25676
Epoch 25677
Epoch 25678
Epoch 25679
Epoch 25680
Epoch 25681
Epoch 25682
Epoch 25683
Epoch 25684
Epoch 25685
Epoch 25686
Epoch 25687
Epoch 25688
Epoch 25689
Epoch 25690
Epoch 25691
Epoch 25692
Epoch 25693
Epoch 25694
Epoch 25695
Epoch 25696
Epoch 25697
Epoch 25698
Epoch 25699
Epoch 25700
Epoch 25701
Epoch 25702
Epoch 25703
Epoch 25704
Epoch 25705
Epoch 25706
Epoch 25707
Epoch 25708
Epoch 25709
Epoch 25710
Epoch 25711
Epoch 25712
Epoch 25713
Epoch 25714
Epoch 25715
Epoch 25716
Epoch 25717
Epoch 25718
Epoch 25719
Epoch 25720
Epoch 25721
Epoch 25722
Epoch 25723
Epoch 25724
Epoch 25725
Epoch 25726
Epoch 25727
Epoch 25728
Epoch 25729
Epoch 25730
Epoch 25731
Epoch 25732
Epoch 25733
Epoch 25734
Epoch 25735
Epoch 25736
Epoch 25737
Epoch 25738
Epoch 25739
Epoch 25740
Epoch 25741
Epoch 25742
Epoch 25743
Epoch 25744
Epoch 25745
Epoch 25746
Epoch 25747
Epoch 25748
Epoch 25749
Epoch 25750
Epoch 25751
Epoch 25752
Epoch 25753
Epoch 25754
Epoch 25755
Epoch 25756
Epoch 25757
Epoch 25758
Epoch 25759
Epoch 25760
Epoch 25761
Epoch 25762
Epoch 25763
Epoch 25764
Epoch 25765
Epoch 25766
Epoch 25767
Epoch 25768
Epoch 25769
Epoch 25770
Epoch 25771
Epoch 25772
Epoch 25773
Epoch 25774
Epoch 25775
Epoch 25776
Epoch 25777
Epoch 25778
Epoch 25779
Epoch 25780
Epoch 25781
Epoch 25782
Epoch 25783
Epoch 25784
Epoch 25785
Epoch 25786
Epoch 25787
Epoch 25788
Epoch 25789
Epoch 25790
Epoch 25791
Epoch 25792
Epoch 25793
Epoch 25794
Epoch 25795
Epoch 25796
Epoch 25797
Epoch 25798
Epoch 25799
Epoch 25800
Epoch 25801
Epoch 25802
Epoch 25803
Epoch 25804
Epoch 25805
Epoch 25806
Epoch 25807
Epoch 25808
Epoch 25809
Epoch 25810
Epoch 25811
Epoch 25812
Epoch 25813
Epoch 25814
Epoch 25815
Epoch 25816
Epoch 25817
Epoch 25818
Epoch 25819
Epoch 25820
Epoch 25821
Epoch 25822
Epoch 25823
Epoch 25824
Epoch 25825
Epoch 25826
Epoch 25827
Epoch 25828
Epoch 25829
Epoch 25830
Epoch 25831
Epoch 25832
Epoch 25833
Epoch 25834
Epoch 25835
Epoch 25836
Epoch 25837
Epoch 25838
Epoch 25839
Epoch 25840
Epoch 25841
Epoch 25842
Epoch 25843
Epoch 25844
Epoch 25845
Epoch 25846
Epoch 25847
Epoch 25848
Epoch 25849
Epoch 25850
Epoch 25851
Epoch 25852
Epoch 25853
Epoch 25854
Epoch 25855
Epoch 25856
Epoch 25857
Epoch 25858
Epoch 25859
Epoch 25860
Epoch 25861
Epoch 25862
Epoch 25863
Epoch 25864
Epoch 25865
Epoch 25866
Epoch 25867
Epoch 25868
Epoch 25869
Epoch 25870
Epoch 25871
Epoch 25872
Epoch 25873
Epoch 25874
Epoch 25875
Epoch 25876
Epoch 25877
Epoch 25878
Epoch 25879
Epoch 25880
Epoch 25881
Epoch 25882
Epoch 25883
Epoch 25884
Epoch 25885
Epoch 25886
Epoch 25887
Epoch 25888
Epoch 25889
Epoch 25890
Epoch 25891
Epoch 25892
Epoch 25893
Epoch 25894
Epoch 25895
Epoch 25896
Epoch 25897
Epoch 25898
Epoch 25899
Epoch 25900
Epoch 25901
Epoch 25902
Epoch 25903
Epoch 25904
Epoch 25905
Epoch 25906
Epoch 25907
Epoch 25908
Epoch 25909
Epoch 25910
Epoch 25911
Epoch 25912
Epoch 25913
Epoch 25914
Epoch 25915
Epoch 25916
Epoch 25917
Epoch 25918
Epoch 25919
Epoch 25920
Epoch 25921
Epoch 25922
Epoch 25923
Epoch 25924
Epoch 25925
Epoch 25926
Epoch 25927
Epoch 25928
Epoch 25929
Epoch 25930
Epoch 25931
Epoch 25932
Epoch 25933
Epoch 25934
Epoch 25935
Epoch 25936
Epoch 25937
Epoch 25938
Epoch 25939
Epoch 25940
Epoch 25941
Epoch 25942
Epoch 25943
Epoch 25944
Epoch 25945
Epoch 25946
Epoch 25947
Epoch 25948
Epoch 25949
Epoch 25950
Epoch 25951
Epoch 25952
Epoch 25953
Epoch 25954
Epoch 25955
Epoch 25956
Epoch 25957
Epoch 25958
Epoch 25959
Epoch 25960
Epoch 25961
Epoch 25962
Epoch 25963
Epoch 25964
Epoch 25965
Epoch 25966
Epoch 25967
Epoch 25968
Epoch 25969
Epoch 25970
Epoch 25971
Epoch 25972
Epoch 25973
Epoch 25974
Epoch 25975
Epoch 25976
Epoch 25977
Epoch 25978
Epoch 25979
Epoch 25980
Epoch 25981
Epoch 25982
Epoch 25983
Epoch 25984
Epoch 25985
Epoch 25986
Epoch 25987
Epoch 25988
Epoch 25989
Epoch 25990
Epoch 25991
Epoch 25992
Epoch 25993
Epoch 25994
Epoch 25995
Epoch 25996
Epoch 25997
Epoch 25998
Epoch 25999
Epoch 26000
Epoch 26001
Epoch 26002
Epoch 26003
Epoch 26004
Epoch 26005
Epoch 26006
Epoch 26007
Epoch 26008
Epoch 26009
Epoch 26010
Epoch 26011
Epoch 26012
Epoch 26013
Epoch 26014
Epoch 26015
Epoch 26016
Epoch 26017
Epoch 26018
Epoch 26019
Epoch 26020
Epoch 26021
Epoch 26022
Epoch 26023
Epoch 26024
Epoch 26025
Epoch 26026
Epoch 26027
Epoch 26028
Epoch 26029
Epoch 26030
Epoch 26031
Epoch 26032
Epoch 26033
Epoch 26034
Epoch 26035
Epoch 26036
Epoch 26037
Epoch 26038
Epoch 26039
Epoch 26040
Epoch 26041
Epoch 26042
Epoch 26043
Epoch 26044
Epoch 26045
Epoch 26046
Epoch 26047
Epoch 26048
Epoch 26049
Epoch 26050
Epoch 26051
Epoch 26052
Epoch 26053
Epoch 26054
Epoch 26055
Epoch 26056
Epoch 26057
Epoch 26058
Epoch 26059
Epoch 26060
Epoch 26061
Epoch 26062
Epoch 26063
Epoch 26064
Epoch 26065
Epoch 26066
Epoch 26067
Epoch 26068
Epoch 26069
Epoch 26070
Epoch 26071
Epoch 26072
Epoch 26073
Epoch 26074
Epoch 26075
Epoch 26076
Epoch 26077
Epoch 26078
Epoch 26079
Epoch 26080
Epoch 26081
Epoch 26082
Epoch 26083
Epoch 26084
Epoch 26085
Epoch 26086
Epoch 26087
Epoch 26088
Epoch 26089
Epoch 26090
Epoch 26091
Epoch 26092
Epoch 26093
Epoch 26094
Epoch 26095
Epoch 26096
Epoch 26097
Epoch 26098
Epoch 26099
Epoch 26100
Epoch 26101
Epoch 26102
Epoch 26103
Epoch 26104
Epoch 26105
Epoch 26106
Epoch 26107
Epoch 26108
Epoch 26109
Epoch 26110
Epoch 26111
Epoch 26112
Epoch 26113
Epoch 26114
Epoch 26115
Epoch 26116
Epoch 26117
Epoch 26118
Epoch 26119
Epoch 26120
Epoch 26121
Epoch 26122
Epoch 26123
Epoch 26124
Epoch 26125
Epoch 26126
Epoch 26127
Epoch 26128
Epoch 26129
Epoch 26130
Epoch 26131
Epoch 26132
Epoch 26133
Epoch 26134
Epoch 26135
Epoch 26136
Epoch 26137
Epoch 26138
Epoch 26139
Epoch 26140
Epoch 26141
Epoch 26142
Epoch 26143
Epoch 26144
Epoch 26145
Epoch 26146
Epoch 26147
Epoch 26148
Epoch 26149
Epoch 26150
Epoch 26151
Epoch 26152
Epoch 26153
Epoch 26154
Epoch 26155
Epoch 26156
Epoch 26157
Epoch 26158
Epoch 26159
Epoch 26160
Epoch 26161
Epoch 26162
Epoch 26163
Epoch 26164
Epoch 26165
Epoch 26166
Epoch 26167
Epoch 26168
Epoch 26169
Epoch 26170
Epoch 26171
Epoch 26172
Epoch 26173
Epoch 26174
Epoch 26175
Epoch 26176
Epoch 26177
Epoch 26178
Epoch 26179
Epoch 26180
Epoch 26181
Epoch 26182
Epoch 26183
Epoch 26184
Epoch 26185
Epoch 26186
Epoch 26187
Epoch 26188
Epoch 26189
Epoch 26190
Epoch 26191
Epoch 26192
Epoch 26193
Epoch 26194
Epoch 26195
Epoch 26196
Epoch 26197
Epoch 26198
Epoch 26199
Epoch 26200
Epoch 26201
Epoch 26202
Epoch 26203
Epoch 26204
Epoch 26205
Epoch 26206
Epoch 26207
Epoch 26208
Epoch 26209
Epoch 26210
Epoch 26211
Epoch 26212
Epoch 26213
Epoch 26214
Epoch 26215
Epoch 26216
Epoch 26217
Epoch 26218
Epoch 26219
Epoch 26220
Epoch 26221
Epoch 26222
Epoch 26223
Epoch 26224
Epoch 26225
Epoch 26226
Epoch 26227
Epoch 26228
Epoch 26229
Epoch 26230
Epoch 26231
Epoch 26232
Epoch 26233
Epoch 26234
Epoch 26235
Epoch 26236
Epoch 26237
Epoch 26238
Epoch 26239
Epoch 26240
Epoch 26241
Epoch 26242
Epoch 26243
Epoch 26244
Epoch 26245
Epoch 26246
Epoch 26247
Epoch 26248
Epoch 26249
Epoch 26250
Epoch 26251
Epoch 26252
Epoch 26253
Epoch 26254
Epoch 26255
Epoch 26256
Epoch 26257
Epoch 26258
Epoch 26259
Epoch 26260
Epoch 26261
Epoch 26262
Epoch 26263
Epoch 26264
Epoch 26265
Epoch 26266
Epoch 26267
Epoch 26268
Epoch 26269
Epoch 26270
Epoch 26271
Epoch 26272
Epoch 26273
Epoch 26274
Epoch 26275
Epoch 26276
Epoch 26277
Epoch 26278
Epoch 26279
Epoch 26280
Epoch 26281
Epoch 26282
Epoch 26283
Epoch 26284
Epoch 26285
Epoch 26286
Epoch 26287
Epoch 26288
Epoch 26289
Epoch 26290
Epoch 26291
Epoch 26292
Epoch 26293
Epoch 26294
Epoch 26295
Epoch 26296
Epoch 26297
Epoch 26298
Epoch 26299
Epoch 26300
Epoch 26301
Epoch 26302
Epoch 26303
Epoch 26304
Epoch 26305
Epoch 26306
Epoch 26307
Epoch 26308
Epoch 26309
Epoch 26310
Epoch 26311
Epoch 26312
Epoch 26313
Epoch 26314
Epoch 26315
Epoch 26316
Epoch 26317
Epoch 26318
Epoch 26319
Epoch 26320
Epoch 26321
Epoch 26322
Epoch 26323
Epoch 26324
Epoch 26325
Epoch 26326
Epoch 26327
Epoch 26328
Epoch 26329
Epoch 26330
Epoch 26331
Epoch 26332
Epoch 26333
Epoch 26334
Epoch 26335
Epoch 26336
Epoch 26337
Epoch 26338
Epoch 26339
Epoch 26340
Epoch 26341
Epoch 26342
Epoch 26343
Epoch 26344
Epoch 26345
Epoch 26346
Epoch 26347
Epoch 26348
Epoch 26349
Epoch 26350
Epoch 26351
Epoch 26352
Epoch 26353
Epoch 26354
Epoch 26355
Epoch 26356
Epoch 26357
Epoch 26358
Epoch 26359
Epoch 26360
Epoch 26361
Epoch 26362
Epoch 26363
Epoch 26364
Epoch 26365
Epoch 26366
Epoch 26367
Epoch 26368
Epoch 26369
Epoch 26370
Epoch 26371
Epoch 26372
Epoch 26373
Epoch 26374
Epoch 26375
Epoch 26376
Epoch 26377
Epoch 26378
Epoch 26379
Epoch 26380
Epoch 26381
Epoch 26382
Epoch 26383
Epoch 26384
Epoch 26385
Epoch 26386
Epoch 26387
Epoch 26388
Epoch 26389
Epoch 26390
Epoch 26391
Epoch 26392
Epoch 26393
Epoch 26394
Epoch 26395
Epoch 26396
Epoch 26397
Epoch 26398
Epoch 26399
Epoch 26400
Epoch 26401
Epoch 26402
Epoch 26403
Epoch 26404
Epoch 26405
Epoch 26406
Epoch 26407
Epoch 26408
Epoch 26409
Epoch 26410
Epoch 26411
Epoch 26412
Epoch 26413
Epoch 26414
Epoch 26415
Epoch 26416
Epoch 26417
Epoch 26418
Epoch 26419
Epoch 26420
Epoch 26421
Epoch 26422
Epoch 26423
Epoch 26424
Epoch 26425
Epoch 26426
Epoch 26427
Epoch 26428
Epoch 26429
Epoch 26430
Epoch 26431
Epoch 26432
Epoch 26433
Epoch 26434
Epoch 26435
Epoch 26436
Epoch 26437
Epoch 26438
Epoch 26439
Epoch 26440
Epoch 26441
Epoch 26442
Epoch 26443
Epoch 26444
Epoch 26445
Epoch 26446
Epoch 26447
Epoch 26448
Epoch 26449
Epoch 26450
Epoch 26451
Epoch 26452
Epoch 26453
Epoch 26454
Epoch 26455
Epoch 26456
Epoch 26457
Epoch 26458
Epoch 26459
Epoch 26460
Epoch 26461
Epoch 26462
Epoch 26463
Epoch 26464
Epoch 26465
Epoch 26466
Epoch 26467
Epoch 26468
Epoch 26469
Epoch 26470
Epoch 26471
Epoch 26472
Epoch 26473
Epoch 26474
Epoch 26475
Epoch 26476
Epoch 26477
Epoch 26478
Epoch 26479
Epoch 26480
Epoch 26481
Epoch 26482
Epoch 26483
Epoch 26484
Epoch 26485
Epoch 26486
Epoch 26487
Epoch 26488
Epoch 26489
Epoch 26490
Epoch 26491
Epoch 26492
Epoch 26493
Epoch 26494
Epoch 26495
Epoch 26496
Epoch 26497
Epoch 26498
Epoch 26499
Epoch 26500
Epoch 26501
Epoch 26502
Epoch 26503
Epoch 26504
Epoch 26505
Epoch 26506
Epoch 26507
Epoch 26508
Epoch 26509
Epoch 26510
Epoch 26511
Epoch 26512
Epoch 26513
Epoch 26514
Epoch 26515
Epoch 26516
Epoch 26517
Epoch 26518
Epoch 26519
Epoch 26520
Epoch 26521
Epoch 26522
Epoch 26523
Epoch 26524
Epoch 26525
Epoch 26526
Epoch 26527
Epoch 26528
Epoch 26529
Epoch 26530
Epoch 26531
Epoch 26532
Epoch 26533
Epoch 26534
Epoch 26535
Epoch 26536
Epoch 26537
Epoch 26538
Epoch 26539
Epoch 26540
Epoch 26541
Epoch 26542
Epoch 26543
Epoch 26544
Epoch 26545
Epoch 26546
Epoch 26547
Epoch 26548
Epoch 26549
Epoch 26550
Epoch 26551
Epoch 26552
Epoch 26553
Epoch 26554
Epoch 26555
Epoch 26556
Epoch 26557
Epoch 26558
Epoch 26559
Epoch 26560
Epoch 26561
Epoch 26562
Epoch 26563
Epoch 26564
Epoch 26565
Epoch 26566
Epoch 26567
Epoch 26568
Epoch 26569
Epoch 26570
Epoch 26571
Epoch 26572
Epoch 26573
Epoch 26574
Epoch 26575
Epoch 26576
Epoch 26577
Epoch 26578
Epoch 26579
Epoch 26580
Epoch 26581
Epoch 26582
Epoch 26583
Epoch 26584
Epoch 26585
Epoch 26586
Epoch 26587
Epoch 26588
Epoch 26589
Epoch 26590
Epoch 26591
Epoch 26592
Epoch 26593
Epoch 26594
Epoch 26595
Epoch 26596
Epoch 26597
Epoch 26598
Epoch 26599
Epoch 26600
Epoch 26601
Epoch 26602
Epoch 26603
Epoch 26604
Epoch 26605
Epoch 26606
Epoch 26607
Epoch 26608
Epoch 26609
Epoch 26610
Epoch 26611
Epoch 26612
Epoch 26613
Epoch 26614
Epoch 26615
Epoch 26616
Epoch 26617
Epoch 26618
Epoch 26619
Epoch 26620
Epoch 26621
Epoch 26622
Epoch 26623
Epoch 26624
Epoch 26625
Epoch 26626
Epoch 26627
Epoch 26628
Epoch 26629
Epoch 26630
Epoch 26631
Epoch 26632
Epoch 26633
Epoch 26634
Epoch 26635
Epoch 26636
Epoch 26637
Epoch 26638
Epoch 26639
Epoch 26640
Epoch 26641
Epoch 26642
Epoch 26643
Epoch 26644
Epoch 26645
Epoch 26646
Epoch 26647
Epoch 26648
Epoch 26649
Epoch 26650
Epoch 26651
Epoch 26652
Epoch 26653
Epoch 26654
Epoch 26655
Epoch 26656
Epoch 26657
Epoch 26658
Epoch 26659
Epoch 26660
Epoch 26661
Epoch 26662
Epoch 26663
Epoch 26664
Epoch 26665
Epoch 26666
Epoch 26667
Epoch 26668
Epoch 26669
Epoch 26670
Epoch 26671
Epoch 26672
Epoch 26673
Epoch 26674
Epoch 26675
Epoch 26676
Epoch 26677
Epoch 26678
Epoch 26679
Epoch 26680
Epoch 26681
Epoch 26682
Epoch 26683
Epoch 26684
Epoch 26685
Epoch 26686
Epoch 26687
Epoch 26688
Epoch 26689
Epoch 26690
Epoch 26691
Epoch 26692
Epoch 26693
Epoch 26694
Epoch 26695
Epoch 26696
Epoch 26697
Epoch 26698
Epoch 26699
Epoch 26700
Epoch 26701
Epoch 26702
Epoch 26703
Epoch 26704
Epoch 26705
Epoch 26706
Epoch 26707
Epoch 26708
Epoch 26709
Epoch 26710
Epoch 26711
Epoch 26712
Epoch 26713
Epoch 26714
Epoch 26715
Epoch 26716
Epoch 26717
Epoch 26718
Epoch 26719
Epoch 26720
Epoch 26721
Epoch 26722
Epoch 26723
Epoch 26724
Epoch 26725
Epoch 26726
Epoch 26727
Epoch 26728
Epoch 26729
Epoch 26730
Epoch 26731
Epoch 26732
Epoch 26733
Epoch 26734
Epoch 26735
Epoch 26736
Epoch 26737
Epoch 26738
Epoch 26739
Epoch 26740
Epoch 26741
Epoch 26742
Epoch 26743
Epoch 26744
Epoch 26745
Epoch 26746
Epoch 26747
Epoch 26748
Epoch 26749
Epoch 26750
Epoch 26751
Epoch 26752
Epoch 26753
Epoch 26754
Epoch 26755
Epoch 26756
Epoch 26757
Epoch 26758
Epoch 26759
Epoch 26760
Epoch 26761
Epoch 26762
Epoch 26763
Epoch 26764
Epoch 26765
Epoch 26766
Epoch 26767
Epoch 26768
Epoch 26769
Epoch 26770
Epoch 26771
Epoch 26772
Epoch 26773
Epoch 26774
Epoch 26775
Epoch 26776
Epoch 26777
Epoch 26778
Epoch 26779
Epoch 26780
Epoch 26781
Epoch 26782
Epoch 26783
Epoch 26784
Epoch 26785
Epoch 26786
Epoch 26787
Epoch 26788
Epoch 26789
Epoch 26790
Epoch 26791
Epoch 26792
Epoch 26793
Epoch 26794
Epoch 26795
Epoch 26796
Epoch 26797
Epoch 26798
Epoch 26799
Epoch 26800
Epoch 26801
Epoch 26802
Epoch 26803
Epoch 26804
Epoch 26805
Epoch 26806
Epoch 26807
Epoch 26808
Epoch 26809
Epoch 26810
Epoch 26811
Epoch 26812
Epoch 26813
Epoch 26814
Epoch 26815
Epoch 26816
Epoch 26817
Epoch 26818
Epoch 26819
Epoch 26820
Epoch 26821
Epoch 26822
Epoch 26823
Epoch 26824
Epoch 26825
Epoch 26826
Epoch 26827
Epoch 26828
Epoch 26829
Epoch 26830
Epoch 26831
Epoch 26832
Epoch 26833
Epoch 26834
Epoch 26835
Epoch 26836
Epoch 26837
Epoch 26838
Epoch 26839
Epoch 26840
Epoch 26841
Epoch 26842
Epoch 26843
Epoch 26844
Epoch 26845
Epoch 26846
Epoch 26847
Epoch 26848
Epoch 26849
Epoch 26850
Epoch 26851
Epoch 26852
Epoch 26853
Epoch 26854
Epoch 26855
Epoch 26856
Epoch 26857
Epoch 26858
Epoch 26859
Epoch 26860
Epoch 26861
Epoch 26862
Epoch 26863
Epoch 26864
Epoch 26865
Epoch 26866
Epoch 26867
Epoch 26868
Epoch 26869
Epoch 26870
Epoch 26871
Epoch 26872
Epoch 26873
Epoch 26874
Epoch 26875
Epoch 26876
Epoch 26877
Epoch 26878
Epoch 26879
Epoch 26880
Epoch 26881
Epoch 26882
Epoch 26883
Epoch 26884
Epoch 26885
Epoch 26886
Epoch 26887
Epoch 26888
Epoch 26889
Epoch 26890
Epoch 26891
Epoch 26892
Epoch 26893
Epoch 26894
Epoch 26895
Epoch 26896
Epoch 26897
Epoch 26898
Epoch 26899
Epoch 26900
Epoch 26901
Epoch 26902
Epoch 26903
Epoch 26904
Epoch 26905
Epoch 26906
Epoch 26907
Epoch 26908
Epoch 26909
Epoch 26910
Epoch 26911
Epoch 26912
Epoch 26913
Epoch 26914
Epoch 26915
Epoch 26916
Epoch 26917
Epoch 26918
Epoch 26919
Epoch 26920
Epoch 26921
Epoch 26922
Epoch 26923
Epoch 26924
Epoch 26925
Epoch 26926
Epoch 26927
Epoch 26928
Epoch 26929
Epoch 26930
Epoch 26931
Epoch 26932
Epoch 26933
Epoch 26934
Epoch 26935
Epoch 26936
Epoch 26937
Epoch 26938
Epoch 26939
Epoch 26940
Epoch 26941
Epoch 26942
Epoch 26943
Epoch 26944
Epoch 26945
Epoch 26946
Epoch 26947
Epoch 26948
Epoch 26949
Epoch 26950
Epoch 26951
Epoch 26952
Epoch 26953
Epoch 26954
Epoch 26955
Epoch 26956
Epoch 26957
Epoch 26958
Epoch 26959
Epoch 26960
Epoch 26961
Epoch 26962
Epoch 26963
Epoch 26964
Epoch 26965
Epoch 26966
Epoch 26967
Epoch 26968
Epoch 26969
Epoch 26970
Epoch 26971
Epoch 26972
Epoch 26973
Epoch 26974
Epoch 26975
Epoch 26976
Epoch 26977
Epoch 26978
Epoch 26979
Epoch 26980
Epoch 26981
Epoch 26982
Epoch 26983
Epoch 26984
Epoch 26985
Epoch 26986
Epoch 26987
Epoch 26988
Epoch 26989
Epoch 26990
Epoch 26991
Epoch 26992
Epoch 26993
Epoch 26994
Epoch 26995
Epoch 26996
Epoch 26997
Epoch 26998
Epoch 26999
Epoch 27000
Epoch 27001
Epoch 27002
Epoch 27003
Epoch 27004
Epoch 27005
Epoch 27006
Epoch 27007
Epoch 27008
Epoch 27009
Epoch 27010
Epoch 27011
Epoch 27012
Epoch 27013
Epoch 27014
Epoch 27015
Epoch 27016
Epoch 27017
Epoch 27018
Epoch 27019
Epoch 27020
Epoch 27021
Epoch 27022
Epoch 27023
Epoch 27024
Epoch 27025
Epoch 27026
Epoch 27027
Epoch 27028
Epoch 27029
Epoch 27030
Epoch 27031
Epoch 27032
Epoch 27033
Epoch 27034
Epoch 27035
Epoch 27036
Epoch 27037
Epoch 27038
Epoch 27039
Epoch 27040
Epoch 27041
Epoch 27042
Epoch 27043
Epoch 27044
Epoch 27045
Epoch 27046
Epoch 27047
Epoch 27048
Epoch 27049
Epoch 27050
Epoch 27051
Epoch 27052
Epoch 27053
Epoch 27054
Epoch 27055
Epoch 27056
Epoch 27057
Epoch 27058
Epoch 27059
Epoch 27060
Epoch 27061
Epoch 27062
Epoch 27063
Epoch 27064
Epoch 27065
Epoch 27066
Epoch 27067
Epoch 27068
Epoch 27069
Epoch 27070
Epoch 27071
Epoch 27072
Epoch 27073
Epoch 27074
Epoch 27075
Epoch 27076
Epoch 27077
Epoch 27078
Epoch 27079
Epoch 27080
Epoch 27081
Epoch 27082
Epoch 27083
Epoch 27084
Epoch 27085
Epoch 27086
Epoch 27087
Epoch 27088
Epoch 27089
Epoch 27090
Epoch 27091
Epoch 27092
Epoch 27093
Epoch 27094
Epoch 27095
Epoch 27096
Epoch 27097
Epoch 27098
Epoch 27099
Epoch 27100
Epoch 27101
Epoch 27102
Epoch 27103
Epoch 27104
Epoch 27105
Epoch 27106
Epoch 27107
Epoch 27108
Epoch 27109
Epoch 27110
Epoch 27111
Epoch 27112
Epoch 27113
Epoch 27114
Epoch 27115
Epoch 27116
Epoch 27117
Epoch 27118
Epoch 27119
Epoch 27120
Epoch 27121
Epoch 27122
Epoch 27123
Epoch 27124
Epoch 27125
Epoch 27126
Epoch 27127
Epoch 27128
Epoch 27129
Epoch 27130
Epoch 27131
Epoch 27132
Epoch 27133
Epoch 27134
Epoch 27135
Epoch 27136
Epoch 27137
Epoch 27138
Epoch 27139
Epoch 27140
Epoch 27141
Epoch 27142
Epoch 27143
Epoch 27144
Epoch 27145
Epoch 27146
Epoch 27147
Epoch 27148
Epoch 27149
Epoch 27150
Epoch 27151
Epoch 27152
Epoch 27153
Epoch 27154
Epoch 27155
Epoch 27156
Epoch 27157
Epoch 27158
Epoch 27159
Epoch 27160
Epoch 27161
Epoch 27162
Epoch 27163
Epoch 27164
Epoch 27165
Epoch 27166
Epoch 27167
Epoch 27168
Epoch 27169
Epoch 27170
Epoch 27171
Epoch 27172
Epoch 27173
Epoch 27174
Epoch 27175
Epoch 27176
Epoch 27177
Epoch 27178
Epoch 27179
Epoch 27180
Epoch 27181
Epoch 27182
Epoch 27183
Epoch 27184
Epoch 27185
Epoch 27186
Epoch 27187
Epoch 27188
Epoch 27189
Epoch 27190
Epoch 27191
Epoch 27192
Epoch 27193
Epoch 27194
Epoch 27195
Epoch 27196
Epoch 27197
Epoch 27198
Epoch 27199
Epoch 27200
Epoch 27201
Epoch 27202
Epoch 27203
Epoch 27204
Epoch 27205
Epoch 27206
Epoch 27207
Epoch 27208
Epoch 27209
Epoch 27210
Epoch 27211
Epoch 27212
Epoch 27213
Epoch 27214
Epoch 27215
Epoch 27216
Epoch 27217
Epoch 27218
Epoch 27219
Epoch 27220
Epoch 27221
Epoch 27222
Epoch 27223
Epoch 27224
Epoch 27225
Epoch 27226
Epoch 27227
Epoch 27228
Epoch 27229
Epoch 27230
Epoch 27231
Epoch 27232
Epoch 27233
Epoch 27234
Epoch 27235
Epoch 27236
Epoch 27237
Epoch 27238
Epoch 27239
Epoch 27240
Epoch 27241
Epoch 27242
Epoch 27243
Epoch 27244
Epoch 27245
Epoch 27246
Epoch 27247
Epoch 27248
Epoch 27249
Epoch 27250
Epoch 27251
Epoch 27252
Epoch 27253
Epoch 27254
Epoch 27255
Epoch 27256
Epoch 27257
Epoch 27258
Epoch 27259
Epoch 27260
Epoch 27261
Epoch 27262
Epoch 27263
Epoch 27264
Epoch 27265
Epoch 27266
Epoch 27267
Epoch 27268
Epoch 27269
Epoch 27270
Epoch 27271
Epoch 27272
Epoch 27273
Epoch 27274
Epoch 27275
Epoch 27276
Epoch 27277
Epoch 27278
Epoch 27279
Epoch 27280
Epoch 27281
Epoch 27282
Epoch 27283
Epoch 27284
Epoch 27285
Epoch 27286
Epoch 27287
Epoch 27288
Epoch 27289
Epoch 27290
Epoch 27291
Epoch 27292
Epoch 27293
Epoch 27294
Epoch 27295
Epoch 27296
Epoch 27297
Epoch 27298
Epoch 27299
Epoch 27300
Epoch 27301
Epoch 27302
Epoch 27303
Epoch 27304
Epoch 27305
Epoch 27306
Epoch 27307
Epoch 27308
Epoch 27309
Epoch 27310
Epoch 27311
Epoch 27312
Epoch 27313
Epoch 27314
Epoch 27315
Epoch 27316
Epoch 27317
Epoch 27318
Epoch 27319
Epoch 27320
Epoch 27321
Epoch 27322
Epoch 27323
Epoch 27324
Epoch 27325
Epoch 27326
Epoch 27327
Epoch 27328
Epoch 27329
Epoch 27330
Epoch 27331
Epoch 27332
Epoch 27333
Epoch 27334
Epoch 27335
Epoch 27336
Epoch 27337
Epoch 27338
Epoch 27339
Epoch 27340
Epoch 27341
Epoch 27342
Epoch 27343
Epoch 27344
Epoch 27345
Epoch 27346
Epoch 27347
Epoch 27348
Epoch 27349
Epoch 27350
Epoch 27351
Epoch 27352
Epoch 27353
Epoch 27354
Epoch 27355
Epoch 27356
Epoch 27357
Epoch 27358
Epoch 27359
Epoch 27360
Epoch 27361
Epoch 27362
Epoch 27363
Epoch 27364
Epoch 27365
Epoch 27366
Epoch 27367
Epoch 27368
Epoch 27369
Epoch 27370
Epoch 27371
Epoch 27372
Epoch 27373
Epoch 27374
Epoch 27375
Epoch 27376
Epoch 27377
Epoch 27378
Epoch 27379
Epoch 27380
Epoch 27381
Epoch 27382
Epoch 27383
Epoch 27384
Epoch 27385
Epoch 27386
Epoch 27387
Epoch 27388
Epoch 27389
Epoch 27390
Epoch 27391
Epoch 27392
Epoch 27393
Epoch 27394
Epoch 27395
Epoch 27396
Epoch 27397
Epoch 27398
Epoch 27399
Epoch 27400
Epoch 27401
Epoch 27402
Epoch 27403
Epoch 27404
Epoch 27405
Epoch 27406
Epoch 27407
Epoch 27408
Epoch 27409
Epoch 27410
Epoch 27411
Epoch 27412
Epoch 27413
Epoch 27414
Epoch 27415
Epoch 27416
Epoch 27417
Epoch 27418
Epoch 27419
Epoch 27420
Epoch 27421
Epoch 27422
Epoch 27423
Epoch 27424
Epoch 27425
Epoch 27426
Epoch 27427
Epoch 27428
Epoch 27429
Epoch 27430
Epoch 27431
Epoch 27432
Epoch 27433
Epoch 27434
Epoch 27435
Epoch 27436
Epoch 27437
Epoch 27438
Epoch 27439
Epoch 27440
Epoch 27441
Epoch 27442
Epoch 27443
Epoch 27444
Epoch 27445
Epoch 27446
Epoch 27447
Epoch 27448
Epoch 27449
Epoch 27450
Epoch 27451
Epoch 27452
Epoch 27453
Epoch 27454
Epoch 27455
Epoch 27456
Epoch 27457
Epoch 27458
Epoch 27459
Epoch 27460
Epoch 27461
Epoch 27462
Epoch 27463
Epoch 27464
Epoch 27465
Epoch 27466
Epoch 27467
Epoch 27468
Epoch 27469
Epoch 27470
Epoch 27471
Epoch 27472
Epoch 27473
Epoch 27474
Epoch 27475
Epoch 27476
Epoch 27477
Epoch 27478
Epoch 27479
Epoch 27480
Epoch 27481
Epoch 27482
Epoch 27483
Epoch 27484
Epoch 27485
Epoch 27486
Epoch 27487
Epoch 27488
Epoch 27489
Epoch 27490
Epoch 27491
Epoch 27492
Epoch 27493
Epoch 27494
Epoch 27495
Epoch 27496
Epoch 27497
Epoch 27498
Epoch 27499
Epoch 27500
Epoch 27501
Epoch 27502
Epoch 27503
Epoch 27504
Epoch 27505
Epoch 27506
Epoch 27507
Epoch 27508
Epoch 27509
Epoch 27510
Epoch 27511
Epoch 27512
Epoch 27513
Epoch 27514
Epoch 27515
Epoch 27516
Epoch 27517
Epoch 27518
Epoch 27519
Epoch 27520
Epoch 27521
Epoch 27522
Epoch 27523
Epoch 27524
Epoch 27525
Epoch 27526
Epoch 27527
Epoch 27528
Epoch 27529
Epoch 27530
Epoch 27531
Epoch 27532
Epoch 27533
Epoch 27534
Epoch 27535
Epoch 27536
Epoch 27537
Epoch 27538
Epoch 27539
Epoch 27540
Epoch 27541
Epoch 27542
Epoch 27543
Epoch 27544
Epoch 27545
Epoch 27546
Epoch 27547
Epoch 27548
Epoch 27549
Epoch 27550
Epoch 27551
Epoch 27552
Epoch 27553
Epoch 27554
Epoch 27555
Epoch 27556
Epoch 27557
Epoch 27558
Epoch 27559
Epoch 27560
Epoch 27561
Epoch 27562
Epoch 27563
Epoch 27564
Epoch 27565
Epoch 27566
Epoch 27567
Epoch 27568
Epoch 27569
Epoch 27570
Epoch 27571
Epoch 27572
Epoch 27573
Epoch 27574
Epoch 27575
Epoch 27576
Epoch 27577
Epoch 27578
Epoch 27579
Epoch 27580
Epoch 27581
Epoch 27582
Epoch 27583
Epoch 27584
Epoch 27585
Epoch 27586
Epoch 27587
Epoch 27588
Epoch 27589
Epoch 27590
Epoch 27591
Epoch 27592
Epoch 27593
Epoch 27594
Epoch 27595
Epoch 27596
Epoch 27597
Epoch 27598
Epoch 27599
Epoch 27600
Epoch 27601
Epoch 27602
Epoch 27603
Epoch 27604
Epoch 27605
Epoch 27606
Epoch 27607
Epoch 27608
Epoch 27609
Epoch 27610
Epoch 27611
Epoch 27612
Epoch 27613
Epoch 27614
Epoch 27615
Epoch 27616
Epoch 27617
Epoch 27618
Epoch 27619
Epoch 27620
Epoch 27621
Epoch 27622
Epoch 27623
Epoch 27624
Epoch 27625
Epoch 27626
Epoch 27627
Epoch 27628
Epoch 27629
Epoch 27630
Epoch 27631
Epoch 27632
Epoch 27633
Epoch 27634
Epoch 27635
Epoch 27636
Epoch 27637
Epoch 27638
Epoch 27639
Epoch 27640
Epoch 27641
Epoch 27642
Epoch 27643
Epoch 27644
Epoch 27645
Epoch 27646
Epoch 27647
Epoch 27648
Epoch 27649
Epoch 27650
Epoch 27651
Epoch 27652
Epoch 27653
Epoch 27654
Epoch 27655
Epoch 27656
Epoch 27657
Epoch 27658
Epoch 27659
Epoch 27660
Epoch 27661
Epoch 27662
Epoch 27663
Epoch 27664
Epoch 27665
Epoch 27666
Epoch 27667
Epoch 27668
Epoch 27669
Epoch 27670
Epoch 27671
Epoch 27672
Epoch 27673
Epoch 27674
Epoch 27675
Epoch 27676
Epoch 27677
Epoch 27678
Epoch 27679
Epoch 27680
Epoch 27681
Epoch 27682
Epoch 27683
Epoch 27684
Epoch 27685
Epoch 27686
Epoch 27687
Epoch 27688
Epoch 27689
Epoch 27690
Epoch 27691
Epoch 27692
Epoch 27693
Epoch 27694
Epoch 27695
Epoch 27696
Epoch 27697
Epoch 27698
Epoch 27699
Epoch 27700
Epoch 27701
Epoch 27702
Epoch 27703
Epoch 27704
Epoch 27705
Epoch 27706
Epoch 27707
Epoch 27708
Epoch 27709
Epoch 27710
Epoch 27711
Epoch 27712
Epoch 27713
Epoch 27714
Epoch 27715
Epoch 27716
Epoch 27717
Epoch 27718
Epoch 27719
Epoch 27720
Epoch 27721
Epoch 27722
Epoch 27723
Epoch 27724
Epoch 27725
Epoch 27726
Epoch 27727
Epoch 27728
Epoch 27729
Epoch 27730
Epoch 27731
Epoch 27732
Epoch 27733
Epoch 27734
Epoch 27735
Epoch 27736
Epoch 27737
Epoch 27738
Epoch 27739
Epoch 27740
Epoch 27741
Epoch 27742
Epoch 27743
Epoch 27744
Epoch 27745
Epoch 27746
Epoch 27747
Epoch 27748
Epoch 27749
Epoch 27750
Epoch 27751
Epoch 27752
Epoch 27753
Epoch 27754
Epoch 27755
Epoch 27756
Epoch 27757
Epoch 27758
Epoch 27759
Epoch 27760
Epoch 27761
Epoch 27762
Epoch 27763
Epoch 27764
Epoch 27765
Epoch 27766
Epoch 27767
Epoch 27768
Epoch 27769
Epoch 27770
Epoch 27771
Epoch 27772
Epoch 27773
Epoch 27774
Epoch 27775
Epoch 27776
Epoch 27777
Epoch 27778
Epoch 27779
Epoch 27780
Epoch 27781
Epoch 27782
Epoch 27783
Epoch 27784
Epoch 27785
Epoch 27786
Epoch 27787
Epoch 27788
Epoch 27789
Epoch 27790
Epoch 27791
Epoch 27792
Epoch 27793
Epoch 27794
Epoch 27795
Epoch 27796
Epoch 27797
Epoch 27798
Epoch 27799
Epoch 27800
Epoch 27801
Epoch 27802
Epoch 27803
Epoch 27804
Epoch 27805
Epoch 27806
Epoch 27807
Epoch 27808
Epoch 27809
Epoch 27810
Epoch 27811
Epoch 27812
Epoch 27813
Epoch 27814
Epoch 27815
Epoch 27816
Epoch 27817
Epoch 27818
Epoch 27819
Epoch 27820
Epoch 27821
Epoch 27822
Epoch 27823
Epoch 27824
Epoch 27825
Epoch 27826
Epoch 27827
Epoch 27828
Epoch 27829
Epoch 27830
Epoch 27831
Epoch 27832
Epoch 27833
Epoch 27834
Epoch 27835
Epoch 27836
Epoch 27837
Epoch 27838
Epoch 27839
Epoch 27840
Epoch 27841
Epoch 27842
Epoch 27843
Epoch 27844
Epoch 27845
Epoch 27846
Epoch 27847
Epoch 27848
Epoch 27849
Epoch 27850
Epoch 27851
Epoch 27852
Epoch 27853
Epoch 27854
Epoch 27855
Epoch 27856
Epoch 27857
Epoch 27858
Epoch 27859
Epoch 27860
Epoch 27861
Epoch 27862
Epoch 27863
Epoch 27864
Epoch 27865
Epoch 27866
Epoch 27867
Epoch 27868
Epoch 27869
Epoch 27870
Epoch 27871
Epoch 27872
Epoch 27873
Epoch 27874
Epoch 27875
Epoch 27876
Epoch 27877
Epoch 27878
Epoch 27879
Epoch 27880
Epoch 27881
Epoch 27882
Epoch 27883
Epoch 27884
Epoch 27885
Epoch 27886
Epoch 27887
Epoch 27888
Epoch 27889
Epoch 27890
Epoch 27891
Epoch 27892
Epoch 27893
Epoch 27894
Epoch 27895
Epoch 27896
Epoch 27897
Epoch 27898
Epoch 27899
Epoch 27900
Epoch 27901
Epoch 27902
Epoch 27903
Epoch 27904
Epoch 27905
Epoch 27906
Epoch 27907
Epoch 27908
Epoch 27909
Epoch 27910
Epoch 27911
Epoch 27912
Epoch 27913
Epoch 27914
Epoch 27915
Epoch 27916
Epoch 27917
Epoch 27918
Epoch 27919
Epoch 27920
Epoch 27921
Epoch 27922
Epoch 27923
Epoch 27924
Epoch 27925
Epoch 27926
Epoch 27927
Epoch 27928
Epoch 27929
Epoch 27930
Epoch 27931
Epoch 27932
Epoch 27933
Epoch 27934
Epoch 27935
Epoch 27936
Epoch 27937
Epoch 27938
Epoch 27939
Epoch 27940
Epoch 27941
Epoch 27942
Epoch 27943
Epoch 27944
Epoch 27945
Epoch 27946
Epoch 27947
Epoch 27948
Epoch 27949
Epoch 27950
Epoch 27951
Epoch 27952
Epoch 27953
Epoch 27954
Epoch 27955
Epoch 27956
Epoch 27957
Epoch 27958
Epoch 27959
Epoch 27960
Epoch 27961
Epoch 27962
Epoch 27963
Epoch 27964
Epoch 27965
Epoch 27966
Epoch 27967
Epoch 27968
Epoch 27969
Epoch 27970
Epoch 27971
Epoch 27972
Epoch 27973
Epoch 27974
Epoch 27975
Epoch 27976
Epoch 27977
Epoch 27978
Epoch 27979
Epoch 27980
Epoch 27981
Epoch 27982
Epoch 27983
Epoch 27984
Epoch 27985
Epoch 27986
Epoch 27987
Epoch 27988
Epoch 27989
Epoch 27990
Epoch 27991
Epoch 27992
Epoch 27993
Epoch 27994
Epoch 27995
Epoch 27996
Epoch 27997
Epoch 27998
Epoch 27999
Epoch 28000
Epoch 28001
Epoch 28002
Epoch 28003
Epoch 28004
Epoch 28005
Epoch 28006
Epoch 28007
Epoch 28008
Epoch 28009
Epoch 28010
Epoch 28011
Epoch 28012
Epoch 28013
Epoch 28014
Epoch 28015
Epoch 28016
Epoch 28017
Epoch 28018
Epoch 28019
Epoch 28020
Epoch 28021
Epoch 28022
Epoch 28023
Epoch 28024
Epoch 28025
Epoch 28026
Epoch 28027
Epoch 28028
Epoch 28029
Epoch 28030
Epoch 28031
Epoch 28032
Epoch 28033
Epoch 28034
Epoch 28035
Epoch 28036
Epoch 28037
Epoch 28038
Epoch 28039
Epoch 28040
Epoch 28041
Epoch 28042
Epoch 28043
Epoch 28044
Epoch 28045
Epoch 28046
Epoch 28047
Epoch 28048
Epoch 28049
Epoch 28050
Epoch 28051
Epoch 28052
Epoch 28053
Epoch 28054
Epoch 28055
Epoch 28056
Epoch 28057
Epoch 28058
Epoch 28059
Epoch 28060
Epoch 28061
Epoch 28062
Epoch 28063
Epoch 28064
Epoch 28065
Epoch 28066
Epoch 28067
Epoch 28068
Epoch 28069
Epoch 28070
Epoch 28071
Epoch 28072
Epoch 28073
Epoch 28074
Epoch 28075
Epoch 28076
Epoch 28077
Epoch 28078
Epoch 28079
Epoch 28080
Epoch 28081
Epoch 28082
Epoch 28083
Epoch 28084
Epoch 28085
Epoch 28086
Epoch 28087
Epoch 28088
Epoch 28089
Epoch 28090
Epoch 28091
Epoch 28092
Epoch 28093
Epoch 28094
Epoch 28095
Epoch 28096
Epoch 28097
Epoch 28098
Epoch 28099
Epoch 28100
Epoch 28101
Epoch 28102
Epoch 28103
Epoch 28104
Epoch 28105
Epoch 28106
Epoch 28107
Epoch 28108
Epoch 28109
Epoch 28110
Epoch 28111
Epoch 28112
Epoch 28113
Epoch 28114
Epoch 28115
Epoch 28116
Epoch 28117
Epoch 28118
Epoch 28119
Epoch 28120
Epoch 28121
Epoch 28122
Epoch 28123
Epoch 28124
Epoch 28125
Epoch 28126
Epoch 28127
Epoch 28128
Epoch 28129
Epoch 28130
Epoch 28131
Epoch 28132
Epoch 28133
Epoch 28134
Epoch 28135
Epoch 28136
Epoch 28137
Epoch 28138
Epoch 28139
Epoch 28140
Epoch 28141
Epoch 28142
Epoch 28143
Epoch 28144
Epoch 28145
Epoch 28146
Epoch 28147
Epoch 28148
Epoch 28149
Epoch 28150
Epoch 28151
Epoch 28152
Epoch 28153
Epoch 28154
Epoch 28155
Epoch 28156
Epoch 28157
Epoch 28158
Epoch 28159
Epoch 28160
Epoch 28161
Epoch 28162
Epoch 28163
Epoch 28164
Epoch 28165
Epoch 28166
Epoch 28167
Epoch 28168
Epoch 28169
Epoch 28170
Epoch 28171
Epoch 28172
Epoch 28173
Epoch 28174
Epoch 28175
Epoch 28176
Epoch 28177
Epoch 28178
Epoch 28179
Epoch 28180
Epoch 28181
Epoch 28182
Epoch 28183
Epoch 28184
Epoch 28185
Epoch 28186
Epoch 28187
Epoch 28188
Epoch 28189
Epoch 28190
Epoch 28191
Epoch 28192
Epoch 28193
Epoch 28194
Epoch 28195
Epoch 28196
Epoch 28197
Epoch 28198
Epoch 28199
Epoch 28200
Epoch 28201
Epoch 28202
Epoch 28203
Epoch 28204
Epoch 28205
Epoch 28206
Epoch 28207
Epoch 28208
Epoch 28209
Epoch 28210
Epoch 28211
Epoch 28212
Epoch 28213
Epoch 28214
Epoch 28215
Epoch 28216
Epoch 28217
Epoch 28218
Epoch 28219
Epoch 28220
Epoch 28221
Epoch 28222
Epoch 28223
Epoch 28224
Epoch 28225
Epoch 28226
Epoch 28227
Epoch 28228
Epoch 28229
Epoch 28230
Epoch 28231
Epoch 28232
Epoch 28233
Epoch 28234
Epoch 28235
Epoch 28236
Epoch 28237
Epoch 28238
Epoch 28239
Epoch 28240
Epoch 28241
Epoch 28242
Epoch 28243
Epoch 28244
Epoch 28245
Epoch 28246
Epoch 28247
Epoch 28248
Epoch 28249
Epoch 28250
Epoch 28251
Epoch 28252
Epoch 28253
Epoch 28254
Epoch 28255
Epoch 28256
Epoch 28257
Epoch 28258
Epoch 28259
Epoch 28260
Epoch 28261
Epoch 28262
Epoch 28263
Epoch 28264
Epoch 28265
Epoch 28266
Epoch 28267
Epoch 28268
Epoch 28269
Epoch 28270
Epoch 28271
Epoch 28272
Epoch 28273
Epoch 28274
Epoch 28275
Epoch 28276
Epoch 28277
Epoch 28278
Epoch 28279
Epoch 28280
Epoch 28281
Epoch 28282
Epoch 28283
Epoch 28284
Epoch 28285
Epoch 28286
Epoch 28287
Epoch 28288
Epoch 28289
Epoch 28290
Epoch 28291
Epoch 28292
Epoch 28293
Epoch 28294
Epoch 28295
Epoch 28296
Epoch 28297
Epoch 28298
Epoch 28299
Epoch 28300
Epoch 28301
Epoch 28302
Epoch 28303
Epoch 28304
Epoch 28305
Epoch 28306
Epoch 28307
Epoch 28308
Epoch 28309
Epoch 28310
Epoch 28311
Epoch 28312
Epoch 28313
Epoch 28314
Epoch 28315
Epoch 28316
Epoch 28317
Epoch 28318
Epoch 28319
Epoch 28320
Epoch 28321
Epoch 28322
Epoch 28323
Epoch 28324
Epoch 28325
Epoch 28326
Epoch 28327
Epoch 28328
Epoch 28329
Epoch 28330
Epoch 28331
Epoch 28332
Epoch 28333
Epoch 28334
Epoch 28335
Epoch 28336
Epoch 28337
Epoch 28338
Epoch 28339
Epoch 28340
Epoch 28341
Epoch 28342
Epoch 28343
Epoch 28344
Epoch 28345
Epoch 28346
Epoch 28347
Epoch 28348
Epoch 28349
Epoch 28350
Epoch 28351
Epoch 28352
Epoch 28353
Epoch 28354
Epoch 28355
Epoch 28356
Epoch 28357
Epoch 28358
Epoch 28359
Epoch 28360
Epoch 28361
Epoch 28362
Epoch 28363
Epoch 28364
Epoch 28365
Epoch 28366
Epoch 28367
Epoch 28368
Epoch 28369
Epoch 28370
Epoch 28371
Epoch 28372
Epoch 28373
Epoch 28374
Epoch 28375
Epoch 28376
Epoch 28377
Epoch 28378
Epoch 28379
Epoch 28380
Epoch 28381
Epoch 28382
Epoch 28383
Epoch 28384
Epoch 28385
Epoch 28386
Epoch 28387
Epoch 28388
Epoch 28389
Epoch 28390
Epoch 28391
Epoch 28392
Epoch 28393
Epoch 28394
Epoch 28395
Epoch 28396
Epoch 28397
Epoch 28398
Epoch 28399
Epoch 28400
Epoch 28401
Epoch 28402
Epoch 28403
Epoch 28404
Epoch 28405
Epoch 28406
Epoch 28407
Epoch 28408
Epoch 28409
Epoch 28410
Epoch 28411
Epoch 28412
Epoch 28413
Epoch 28414
Epoch 28415
Epoch 28416
Epoch 28417
Epoch 28418
Epoch 28419
Epoch 28420
Epoch 28421
Epoch 28422
Epoch 28423
Epoch 28424
Epoch 28425
Epoch 28426
Epoch 28427
Epoch 28428
Epoch 28429
Epoch 28430
Epoch 28431
Epoch 28432
Epoch 28433
Epoch 28434
Epoch 28435
Epoch 28436
Epoch 28437
Epoch 28438
Epoch 28439
Epoch 28440
Epoch 28441
Epoch 28442
Epoch 28443
Epoch 28444
Epoch 28445
Epoch 28446
Epoch 28447
Epoch 28448
Epoch 28449
Epoch 28450
Epoch 28451
Epoch 28452
Epoch 28453
Epoch 28454
Epoch 28455
Epoch 28456
Epoch 28457
Epoch 28458
Epoch 28459
Epoch 28460
Epoch 28461
Epoch 28462
Epoch 28463
Epoch 28464
Epoch 28465
Epoch 28466
Epoch 28467
Epoch 28468
Epoch 28469
Epoch 28470
Epoch 28471
Epoch 28472
Epoch 28473
Epoch 28474
Epoch 28475
Epoch 28476
Epoch 28477
Epoch 28478
Epoch 28479
Epoch 28480
Epoch 28481
Epoch 28482
Epoch 28483
Epoch 28484
Epoch 28485
Epoch 28486
Epoch 28487
Epoch 28488
Epoch 28489
Epoch 28490
Epoch 28491
Epoch 28492
Epoch 28493
Epoch 28494
Epoch 28495
Epoch 28496
Epoch 28497
Epoch 28498
Epoch 28499
Epoch 28500
Epoch 28501
Epoch 28502
Epoch 28503
Epoch 28504
Epoch 28505
Epoch 28506
Epoch 28507
Epoch 28508
Epoch 28509
Epoch 28510
Epoch 28511
Epoch 28512
Epoch 28513
Epoch 28514
Epoch 28515
Epoch 28516
Epoch 28517
Epoch 28518
Epoch 28519
Epoch 28520
Epoch 28521
Epoch 28522
Epoch 28523
Epoch 28524
Epoch 28525
Epoch 28526
Epoch 28527
Epoch 28528
Epoch 28529
Epoch 28530
Epoch 28531
Epoch 28532
Epoch 28533
Epoch 28534
Epoch 28535
Epoch 28536
Epoch 28537
Epoch 28538
Epoch 28539
Epoch 28540
Epoch 28541
Epoch 28542
Epoch 28543
Epoch 28544
Epoch 28545
Epoch 28546
Epoch 28547
Epoch 28548
Epoch 28549
Epoch 28550
Epoch 28551
Epoch 28552
Epoch 28553
Epoch 28554
Epoch 28555
Epoch 28556
Epoch 28557
Epoch 28558
Epoch 28559
Epoch 28560
Epoch 28561
Epoch 28562
Epoch 28563
Epoch 28564
Epoch 28565
Epoch 28566
Epoch 28567
Epoch 28568
Epoch 28569
Epoch 28570
Epoch 28571
Epoch 28572
Epoch 28573
Epoch 28574
Epoch 28575
Epoch 28576
Epoch 28577
Epoch 28578
Epoch 28579
Epoch 28580
Epoch 28581
Epoch 28582
Epoch 28583
Epoch 28584
Epoch 28585
Epoch 28586
Epoch 28587
Epoch 28588
Epoch 28589
Epoch 28590
Epoch 28591
Epoch 28592
Epoch 28593
Epoch 28594
Epoch 28595
Epoch 28596
Epoch 28597
Epoch 28598
Epoch 28599
Epoch 28600
Epoch 28601
Epoch 28602
Epoch 28603
Epoch 28604
Epoch 28605
Epoch 28606
Epoch 28607
Epoch 28608
Epoch 28609
Epoch 28610
Epoch 28611
Epoch 28612
Epoch 28613
Epoch 28614
Epoch 28615
Epoch 28616
Epoch 28617
Epoch 28618
Epoch 28619
Epoch 28620
Epoch 28621
Epoch 28622
Epoch 28623
Epoch 28624
Epoch 28625
Epoch 28626
Epoch 28627
Epoch 28628
Epoch 28629
Epoch 28630
Epoch 28631
Epoch 28632
Epoch 28633
Epoch 28634
Epoch 28635
Epoch 28636
Epoch 28637
Epoch 28638
Epoch 28639
Epoch 28640
Epoch 28641
Epoch 28642
Epoch 28643
Epoch 28644
Epoch 28645
Epoch 28646
Epoch 28647
Epoch 28648
Epoch 28649
Epoch 28650
Epoch 28651
Epoch 28652
Epoch 28653
Epoch 28654
Epoch 28655
Epoch 28656
Epoch 28657
Epoch 28658
Epoch 28659
Epoch 28660
Epoch 28661
Epoch 28662
Epoch 28663
Epoch 28664
Epoch 28665
Epoch 28666
Epoch 28667
Epoch 28668
Epoch 28669
Epoch 28670
Epoch 28671
Epoch 28672
Epoch 28673
Epoch 28674
Epoch 28675
Epoch 28676
Epoch 28677
Epoch 28678
Epoch 28679
Epoch 28680
Epoch 28681
Epoch 28682
Epoch 28683
Epoch 28684
Epoch 28685
Epoch 28686
Epoch 28687
Epoch 28688
Epoch 28689
Epoch 28690
Epoch 28691
Epoch 28692
Epoch 28693
Epoch 28694
Epoch 28695
Epoch 28696
Epoch 28697
Epoch 28698
Epoch 28699
Epoch 28700
Epoch 28701
Epoch 28702
Epoch 28703
Epoch 28704
Epoch 28705
Epoch 28706
Epoch 28707
Epoch 28708
Epoch 28709
Epoch 28710
Epoch 28711
Epoch 28712
Epoch 28713
Epoch 28714
Epoch 28715
Epoch 28716
Epoch 28717
Epoch 28718
Epoch 28719
Epoch 28720
Epoch 28721
Epoch 28722
Epoch 28723
Epoch 28724
Epoch 28725
Epoch 28726
Epoch 28727
Epoch 28728
Epoch 28729
Epoch 28730
Epoch 28731
Epoch 28732
Epoch 28733
Epoch 28734
Epoch 28735
Epoch 28736
Epoch 28737
Epoch 28738
Epoch 28739
Epoch 28740
Epoch 28741
Epoch 28742
Epoch 28743
Epoch 28744
Epoch 28745
Epoch 28746
Epoch 28747
Epoch 28748
Epoch 28749
Epoch 28750
Epoch 28751
Epoch 28752
Epoch 28753
Epoch 28754
Epoch 28755
Epoch 28756
Epoch 28757
Epoch 28758
Epoch 28759
Epoch 28760
Epoch 28761
Epoch 28762
Epoch 28763
Epoch 28764
Epoch 28765
Epoch 28766
Epoch 28767
Epoch 28768
Epoch 28769
Epoch 28770
Epoch 28771
Epoch 28772
Epoch 28773
Epoch 28774
Epoch 28775
Epoch 28776
Epoch 28777
Epoch 28778
Epoch 28779
Epoch 28780
Epoch 28781
Epoch 28782
Epoch 28783
Epoch 28784
Epoch 28785
Epoch 28786
Epoch 28787
Epoch 28788
Epoch 28789
Epoch 28790
Epoch 28791
Epoch 28792
Epoch 28793
Epoch 28794
Epoch 28795
Epoch 28796
Epoch 28797
Epoch 28798
Epoch 28799
Epoch 28800
Epoch 28801
Epoch 28802
Epoch 28803
Epoch 28804
Epoch 28805
Epoch 28806
Epoch 28807
Epoch 28808
Epoch 28809
Epoch 28810
Epoch 28811
Epoch 28812
Epoch 28813
Epoch 28814
Epoch 28815
Epoch 28816
Epoch 28817
Epoch 28818
Epoch 28819
Epoch 28820
Epoch 28821
Epoch 28822
Epoch 28823
Epoch 28824
Epoch 28825
Epoch 28826
Epoch 28827
Epoch 28828
Epoch 28829
Epoch 28830
Epoch 28831
Epoch 28832
Epoch 28833
Epoch 28834
Epoch 28835
Epoch 28836
Epoch 28837
Epoch 28838
Epoch 28839
Epoch 28840
Epoch 28841
Epoch 28842
Epoch 28843
Epoch 28844
Epoch 28845
Epoch 28846
Epoch 28847
Epoch 28848
Epoch 28849
Epoch 28850
Epoch 28851
Epoch 28852
Epoch 28853
Epoch 28854
Epoch 28855
Epoch 28856
Epoch 28857
Epoch 28858
Epoch 28859
Epoch 28860
Epoch 28861
Epoch 28862
Epoch 28863
Epoch 28864
Epoch 28865
Epoch 28866
Epoch 28867
Epoch 28868
Epoch 28869
Epoch 28870
Epoch 28871
Epoch 28872
Epoch 28873
Epoch 28874
Epoch 28875
Epoch 28876
Epoch 28877
Epoch 28878
Epoch 28879
Epoch 28880
Epoch 28881
Epoch 28882
Epoch 28883
Epoch 28884
Epoch 28885
Epoch 28886
Epoch 28887
Epoch 28888
Epoch 28889
Epoch 28890
Epoch 28891
Epoch 28892
Epoch 28893
Epoch 28894
Epoch 28895
Epoch 28896
Epoch 28897
Epoch 28898
Epoch 28899
Epoch 28900
Epoch 28901
Epoch 28902
Epoch 28903
Epoch 28904
Epoch 28905
Epoch 28906
Epoch 28907
Epoch 28908
Epoch 28909
Epoch 28910
Epoch 28911
Epoch 28912
Epoch 28913
Epoch 28914
Epoch 28915
Epoch 28916
Epoch 28917
Epoch 28918
Epoch 28919
Epoch 28920
Epoch 28921
Epoch 28922
Epoch 28923
Epoch 28924
Epoch 28925
Epoch 28926
Epoch 28927
Epoch 28928
Epoch 28929
Epoch 28930
Epoch 28931
Epoch 28932
Epoch 28933
Epoch 28934
Epoch 28935
Epoch 28936
Epoch 28937
Epoch 28938
Epoch 28939
Epoch 28940
Epoch 28941
Epoch 28942
Epoch 28943
Epoch 28944
Epoch 28945
Epoch 28946
Epoch 28947
Epoch 28948
Epoch 28949
Epoch 28950
Epoch 28951
Epoch 28952
Epoch 28953
Epoch 28954
Epoch 28955
Epoch 28956
Epoch 28957
Epoch 28958
Epoch 28959
Epoch 28960
Epoch 28961
Epoch 28962
Epoch 28963
Epoch 28964
Epoch 28965
Epoch 28966
Epoch 28967
Epoch 28968
Epoch 28969
Epoch 28970
Epoch 28971
Epoch 28972
Epoch 28973
Epoch 28974
Epoch 28975
Epoch 28976
Epoch 28977
Epoch 28978
Epoch 28979
Epoch 28980
Epoch 28981
Epoch 28982
Epoch 28983
Epoch 28984
Epoch 28985
Epoch 28986
Epoch 28987
Epoch 28988
Epoch 28989
Epoch 28990
Epoch 28991
Epoch 28992
Epoch 28993
Epoch 28994
Epoch 28995
Epoch 28996
Epoch 28997
Epoch 28998
Epoch 28999
Epoch 29000
Epoch 29001
Epoch 29002
Epoch 29003
Epoch 29004
Epoch 29005
Epoch 29006
Epoch 29007
Epoch 29008
Epoch 29009
Epoch 29010
Epoch 29011
Epoch 29012
Epoch 29013
Epoch 29014
Epoch 29015
Epoch 29016
Epoch 29017
Epoch 29018
Epoch 29019
Epoch 29020
Epoch 29021
Epoch 29022
Epoch 29023
Epoch 29024
Epoch 29025
Epoch 29026
Epoch 29027
Epoch 29028
Epoch 29029
Epoch 29030
Epoch 29031
Epoch 29032
Epoch 29033
Epoch 29034
Epoch 29035
Epoch 29036
Epoch 29037
Epoch 29038
Epoch 29039
Epoch 29040
Epoch 29041
Epoch 29042
Epoch 29043
Epoch 29044
Epoch 29045
Epoch 29046
Epoch 29047
Epoch 29048
Epoch 29049
Epoch 29050
Epoch 29051
Epoch 29052
Epoch 29053
Epoch 29054
Epoch 29055
Epoch 29056
Epoch 29057
Epoch 29058
Epoch 29059
Epoch 29060
Epoch 29061
Epoch 29062
Epoch 29063
Epoch 29064
Epoch 29065
Epoch 29066
Epoch 29067
Epoch 29068
Epoch 29069
Epoch 29070
Epoch 29071
Epoch 29072
Epoch 29073
Epoch 29074
Epoch 29075
Epoch 29076
Epoch 29077
Epoch 29078
Epoch 29079
Epoch 29080
Epoch 29081
Epoch 29082
Epoch 29083
Epoch 29084
Epoch 29085
Epoch 29086
Epoch 29087
Epoch 29088
Epoch 29089
Epoch 29090
Epoch 29091
Epoch 29092
Epoch 29093
Epoch 29094
Epoch 29095
Epoch 29096
Epoch 29097
Epoch 29098
Epoch 29099
Epoch 29100
Epoch 29101
Epoch 29102
Epoch 29103
Epoch 29104
Epoch 29105
Epoch 29106
Epoch 29107
Epoch 29108
Epoch 29109
Epoch 29110
Epoch 29111
Epoch 29112
Epoch 29113
Epoch 29114
Epoch 29115
Epoch 29116
Epoch 29117
Epoch 29118
Epoch 29119
Epoch 29120
Epoch 29121
Epoch 29122
Epoch 29123
Epoch 29124
Epoch 29125
Epoch 29126
Epoch 29127
Epoch 29128
Epoch 29129
Epoch 29130
Epoch 29131
Epoch 29132
Epoch 29133
Epoch 29134
Epoch 29135
Epoch 29136
Epoch 29137
Epoch 29138
Epoch 29139
Epoch 29140
Epoch 29141
Epoch 29142
Epoch 29143
Epoch 29144
Epoch 29145
Epoch 29146
Epoch 29147
Epoch 29148
Epoch 29149
Epoch 29150
Epoch 29151
Epoch 29152
Epoch 29153
Epoch 29154
Epoch 29155
Epoch 29156
Epoch 29157
Epoch 29158
Epoch 29159
Epoch 29160
Epoch 29161
Epoch 29162
Epoch 29163
Epoch 29164
Epoch 29165
Epoch 29166
Epoch 29167
Epoch 29168
Epoch 29169
Epoch 29170
Epoch 29171
Epoch 29172
Epoch 29173
Epoch 29174
Epoch 29175
Epoch 29176
Epoch 29177
Epoch 29178
Epoch 29179
Epoch 29180
Epoch 29181
Epoch 29182
Epoch 29183
Epoch 29184
Epoch 29185
Epoch 29186
Epoch 29187
Epoch 29188
Epoch 29189
Epoch 29190
Epoch 29191
Epoch 29192
Epoch 29193
Epoch 29194
Epoch 29195
Epoch 29196
Epoch 29197
Epoch 29198
Epoch 29199
Epoch 29200
Epoch 29201
Epoch 29202
Epoch 29203
Epoch 29204
Epoch 29205
Epoch 29206
Epoch 29207
Epoch 29208
Epoch 29209
Epoch 29210
Epoch 29211
Epoch 29212
Epoch 29213
Epoch 29214
Epoch 29215
Epoch 29216
Epoch 29217
Epoch 29218
Epoch 29219
Epoch 29220
Epoch 29221
Epoch 29222
Epoch 29223
Epoch 29224
Epoch 29225
Epoch 29226
Epoch 29227
Epoch 29228
Epoch 29229
Epoch 29230
Epoch 29231
Epoch 29232
Epoch 29233
Epoch 29234
Epoch 29235
Epoch 29236
Epoch 29237
Epoch 29238
Epoch 29239
Epoch 29240
Epoch 29241
Epoch 29242
Epoch 29243
Epoch 29244
Epoch 29245
Epoch 29246
Epoch 29247
Epoch 29248
Epoch 29249
Epoch 29250
Epoch 29251
Epoch 29252
Epoch 29253
Epoch 29254
Epoch 29255
Epoch 29256
Epoch 29257
Epoch 29258
Epoch 29259
Epoch 29260
Epoch 29261
Epoch 29262
Epoch 29263
Epoch 29264
Epoch 29265
Epoch 29266
Epoch 29267
Epoch 29268
Epoch 29269
Epoch 29270
Epoch 29271
Epoch 29272
Epoch 29273
Epoch 29274
Epoch 29275
Epoch 29276
Epoch 29277
Epoch 29278
Epoch 29279
Epoch 29280
Epoch 29281
Epoch 29282
Epoch 29283
Epoch 29284
Epoch 29285
Epoch 29286
Epoch 29287
Epoch 29288
Epoch 29289
Epoch 29290
Epoch 29291
Epoch 29292
Epoch 29293
Epoch 29294
Epoch 29295
Epoch 29296
Epoch 29297
Epoch 29298
Epoch 29299
Epoch 29300
Epoch 29301
Epoch 29302
Epoch 29303
Epoch 29304
Epoch 29305
Epoch 29306
Epoch 29307
Epoch 29308
Epoch 29309
Epoch 29310
Epoch 29311
Epoch 29312
Epoch 29313
Epoch 29314
Epoch 29315
Epoch 29316
Epoch 29317
Epoch 29318
Epoch 29319
Epoch 29320
Epoch 29321
Epoch 29322
Epoch 29323
Epoch 29324
Epoch 29325
Epoch 29326
Epoch 29327
Epoch 29328
Epoch 29329
Epoch 29330
Epoch 29331
Epoch 29332
Epoch 29333
Epoch 29334
Epoch 29335
Epoch 29336
Epoch 29337
Epoch 29338
Epoch 29339
Epoch 29340
Epoch 29341
Epoch 29342
Epoch 29343
Epoch 29344
Epoch 29345
Epoch 29346
Epoch 29347
Epoch 29348
Epoch 29349
Epoch 29350
Epoch 29351
Epoch 29352
Epoch 29353
Epoch 29354
Epoch 29355
Epoch 29356
Epoch 29357
Epoch 29358
Epoch 29359
Epoch 29360
Epoch 29361
Epoch 29362
Epoch 29363
Epoch 29364
Epoch 29365
Epoch 29366
Epoch 29367
Epoch 29368
Epoch 29369
Epoch 29370
Epoch 29371
Epoch 29372
Epoch 29373
Epoch 29374
Epoch 29375
Epoch 29376
Epoch 29377
Epoch 29378
Epoch 29379
Epoch 29380
Epoch 29381
Epoch 29382
Epoch 29383
Epoch 29384
Epoch 29385
Epoch 29386
Epoch 29387
Epoch 29388
Epoch 29389
Epoch 29390
Epoch 29391
Epoch 29392
Epoch 29393
Epoch 29394
Epoch 29395
Epoch 29396
Epoch 29397
Epoch 29398
Epoch 29399
Epoch 29400
Epoch 29401
Epoch 29402
Epoch 29403
Epoch 29404
Epoch 29405
Epoch 29406
Epoch 29407
Epoch 29408
Epoch 29409
Epoch 29410
Epoch 29411
Epoch 29412
Epoch 29413
Epoch 29414
Epoch 29415
Epoch 29416
Epoch 29417
Epoch 29418
Epoch 29419
Epoch 29420
Epoch 29421
Epoch 29422
Epoch 29423
Epoch 29424
Epoch 29425
Epoch 29426
Epoch 29427
Epoch 29428
Epoch 29429
Epoch 29430
Epoch 29431
Epoch 29432
Epoch 29433
Epoch 29434
Epoch 29435
Epoch 29436
Epoch 29437
Epoch 29438
Epoch 29439
Epoch 29440
Epoch 29441
Epoch 29442
Epoch 29443
Epoch 29444
Epoch 29445
Epoch 29446
Epoch 29447
Epoch 29448
Epoch 29449
Epoch 29450
Epoch 29451
Epoch 29452
Epoch 29453
Epoch 29454
Epoch 29455
Epoch 29456
Epoch 29457
Epoch 29458
Epoch 29459
Epoch 29460
Epoch 29461
Epoch 29462
Epoch 29463
Epoch 29464
Epoch 29465
Epoch 29466
Epoch 29467
Epoch 29468
Epoch 29469
Epoch 29470
Epoch 29471
Epoch 29472
Epoch 29473
Epoch 29474
Epoch 29475
Epoch 29476
Epoch 29477
Epoch 29478
Epoch 29479
Epoch 29480
Epoch 29481
Epoch 29482
Epoch 29483
Epoch 29484
Epoch 29485
Epoch 29486
Epoch 29487
Epoch 29488
Epoch 29489
Epoch 29490
Epoch 29491
Epoch 29492
Epoch 29493
Epoch 29494
Epoch 29495
Epoch 29496
Epoch 29497
Epoch 29498
Epoch 29499
Epoch 29500
Epoch 29501
Epoch 29502
Epoch 29503
Epoch 29504
Epoch 29505
Epoch 29506
Epoch 29507
Epoch 29508
Epoch 29509
Epoch 29510
Epoch 29511
Epoch 29512
Epoch 29513
Epoch 29514
Epoch 29515
Epoch 29516
Epoch 29517
Epoch 29518
Epoch 29519
Epoch 29520
Epoch 29521
Epoch 29522
Epoch 29523
Epoch 29524
Epoch 29525
Epoch 29526
Epoch 29527
Epoch 29528
Epoch 29529
Epoch 29530
Epoch 29531
Epoch 29532
Epoch 29533
Epoch 29534
Epoch 29535
Epoch 29536
Epoch 29537
Epoch 29538
Epoch 29539
Epoch 29540
Epoch 29541
Epoch 29542
Epoch 29543
Epoch 29544
Epoch 29545
Epoch 29546
Epoch 29547
Epoch 29548
Epoch 29549
Epoch 29550
Epoch 29551
Epoch 29552
Epoch 29553
Epoch 29554
Epoch 29555
Epoch 29556
Epoch 29557
Epoch 29558
Epoch 29559
Epoch 29560
Epoch 29561
Epoch 29562
Epoch 29563
Epoch 29564
Epoch 29565
Epoch 29566
Epoch 29567
Epoch 29568
Epoch 29569
Epoch 29570
Epoch 29571
Epoch 29572
Epoch 29573
Epoch 29574
Epoch 29575
Epoch 29576
Epoch 29577
Epoch 29578
Epoch 29579
Epoch 29580
Epoch 29581
Epoch 29582
Epoch 29583
Epoch 29584
Epoch 29585
Epoch 29586
Epoch 29587
Epoch 29588
Epoch 29589
Epoch 29590
Epoch 29591
Epoch 29592
Epoch 29593
Epoch 29594
Epoch 29595
Epoch 29596
Epoch 29597
Epoch 29598
Epoch 29599
Epoch 29600
Epoch 29601
Epoch 29602
Epoch 29603
Epoch 29604
Epoch 29605
Epoch 29606
Epoch 29607
Epoch 29608
Epoch 29609
Epoch 29610
Epoch 29611
Epoch 29612
Epoch 29613
Epoch 29614
Epoch 29615
Epoch 29616
Epoch 29617
Epoch 29618
Epoch 29619
Epoch 29620
Epoch 29621
Epoch 29622
Epoch 29623
Epoch 29624
Epoch 29625
Epoch 29626
Epoch 29627
Epoch 29628
Epoch 29629
Epoch 29630
Epoch 29631
Epoch 29632
Epoch 29633
Epoch 29634
Epoch 29635
Epoch 29636
Epoch 29637
Epoch 29638
Epoch 29639
Epoch 29640
Epoch 29641
Epoch 29642
Epoch 29643
Epoch 29644
Epoch 29645
Epoch 29646
Epoch 29647
Epoch 29648
Epoch 29649
Epoch 29650
Epoch 29651
Epoch 29652
Epoch 29653
Epoch 29654
Epoch 29655
Epoch 29656
Epoch 29657
Epoch 29658
Epoch 29659
Epoch 29660
Epoch 29661
Epoch 29662
Epoch 29663
Epoch 29664
Epoch 29665
Epoch 29666
Epoch 29667
Epoch 29668
Epoch 29669
Epoch 29670
Epoch 29671
Epoch 29672
Epoch 29673
Epoch 29674
Epoch 29675
Epoch 29676
Epoch 29677
Epoch 29678
Epoch 29679
Epoch 29680
Epoch 29681
Epoch 29682
Epoch 29683
Epoch 29684
Epoch 29685
Epoch 29686
Epoch 29687
Epoch 29688
Epoch 29689
Epoch 29690
Epoch 29691
Epoch 29692
Epoch 29693
Epoch 29694
Epoch 29695
Epoch 29696
Epoch 29697
Epoch 29698
Epoch 29699
Epoch 29700
Epoch 29701
Epoch 29702
Epoch 29703
Epoch 29704
Epoch 29705
Epoch 29706
Epoch 29707
Epoch 29708
Epoch 29709
Epoch 29710
Epoch 29711
Epoch 29712
Epoch 29713
Epoch 29714
Epoch 29715
Epoch 29716
Epoch 29717
Epoch 29718
Epoch 29719
Epoch 29720
Epoch 29721
Epoch 29722
Epoch 29723
Epoch 29724
Epoch 29725
Epoch 29726
Epoch 29727
Epoch 29728
Epoch 29729
Epoch 29730
Epoch 29731
Epoch 29732
Epoch 29733
Epoch 29734
Epoch 29735
Epoch 29736
Epoch 29737
Epoch 29738
Epoch 29739
Epoch 29740
Epoch 29741
Epoch 29742
Epoch 29743
Epoch 29744
Epoch 29745
Epoch 29746
Epoch 29747
Epoch 29748
Epoch 29749
Epoch 29750
Epoch 29751
Epoch 29752
Epoch 29753
Epoch 29754
Epoch 29755
Epoch 29756
Epoch 29757
Epoch 29758
Epoch 29759
Epoch 29760
Epoch 29761
Epoch 29762
Epoch 29763
Epoch 29764
Epoch 29765
Epoch 29766
Epoch 29767
Epoch 29768
Epoch 29769
Epoch 29770
Epoch 29771
Epoch 29772
Epoch 29773
Epoch 29774
Epoch 29775
Epoch 29776
Epoch 29777
Epoch 29778
Epoch 29779
Epoch 29780
Epoch 29781
Epoch 29782
Epoch 29783
Epoch 29784
Epoch 29785
Epoch 29786
Epoch 29787
Epoch 29788
Epoch 29789
Epoch 29790
Epoch 29791
Epoch 29792
Epoch 29793
Epoch 29794
Epoch 29795
Epoch 29796
Epoch 29797
Epoch 29798
Epoch 29799
Epoch 29800
Epoch 29801
Epoch 29802
Epoch 29803
Epoch 29804
Epoch 29805
Epoch 29806
Epoch 29807
Epoch 29808
Epoch 29809
Epoch 29810
Epoch 29811
Epoch 29812
Epoch 29813
Epoch 29814
Epoch 29815
Epoch 29816
Epoch 29817
Epoch 29818
Epoch 29819
Epoch 29820
Epoch 29821
Epoch 29822
Epoch 29823
Epoch 29824
Epoch 29825
Epoch 29826
Epoch 29827
Epoch 29828
Epoch 29829
Epoch 29830
Epoch 29831
Epoch 29832
Epoch 29833
Epoch 29834
Epoch 29835
Epoch 29836
Epoch 29837
Epoch 29838
Epoch 29839
Epoch 29840
Epoch 29841
Epoch 29842
Epoch 29843
Epoch 29844
Epoch 29845
Epoch 29846
Epoch 29847
Epoch 29848
Epoch 29849
Epoch 29850
Epoch 29851
Epoch 29852
Epoch 29853
Epoch 29854
Epoch 29855
Epoch 29856
Epoch 29857
Epoch 29858
Epoch 29859
Epoch 29860
Epoch 29861
Epoch 29862
Epoch 29863
Epoch 29864
Epoch 29865
Epoch 29866
Epoch 29867
Epoch 29868
Epoch 29869
Epoch 29870
Epoch 29871
Epoch 29872
Epoch 29873
Epoch 29874
Epoch 29875
Epoch 29876
Epoch 29877
Epoch 29878
Epoch 29879
Epoch 29880
Epoch 29881
Epoch 29882
Epoch 29883
Epoch 29884
Epoch 29885
Epoch 29886
Epoch 29887
Epoch 29888
Epoch 29889
Epoch 29890
Epoch 29891
Epoch 29892
Epoch 29893
Epoch 29894
Epoch 29895
Epoch 29896
Epoch 29897
Epoch 29898
Epoch 29899
Epoch 29900
Epoch 29901
Epoch 29902
Epoch 29903
Epoch 29904
Epoch 29905
Epoch 29906
Epoch 29907
Epoch 29908
Epoch 29909
Epoch 29910
Epoch 29911
Epoch 29912
Epoch 29913
Epoch 29914
Epoch 29915
Epoch 29916
Epoch 29917
Epoch 29918
Epoch 29919
Epoch 29920
Epoch 29921
Epoch 29922
Epoch 29923
Epoch 29924
Epoch 29925
Epoch 29926
Epoch 29927
Epoch 29928
Epoch 29929
Epoch 29930
Epoch 29931
Epoch 29932
Epoch 29933
Epoch 29934
Epoch 29935
Epoch 29936
Epoch 29937
Epoch 29938
Epoch 29939
Epoch 29940
Epoch 29941
Epoch 29942
Epoch 29943
Epoch 29944
Epoch 29945
Epoch 29946
Epoch 29947
Epoch 29948
Epoch 29949
Epoch 29950
Epoch 29951
Epoch 29952
Epoch 29953
Epoch 29954
Epoch 29955
Epoch 29956
Epoch 29957
Epoch 29958
Epoch 29959
Epoch 29960
Epoch 29961
Epoch 29962
Epoch 29963
Epoch 29964
Epoch 29965
Epoch 29966
Epoch 29967
Epoch 29968
Epoch 29969
Epoch 29970
Epoch 29971
Epoch 29972
Epoch 29973
Epoch 29974
Epoch 29975
Epoch 29976
Epoch 29977
Epoch 29978
Epoch 29979
Epoch 29980
Epoch 29981
Epoch 29982
Epoch 29983
Epoch 29984
Epoch 29985
Epoch 29986
Epoch 29987
Epoch 29988
Epoch 29989
Epoch 29990
Epoch 29991
Epoch 29992
Epoch 29993
Epoch 29994
Epoch 29995
Epoch 29996
Epoch 29997
Epoch 29998
Epoch 29999
Epoch 30000
Epoch 30001
Epoch 30002
Epoch 30003
Epoch 30004
Epoch 30005
Epoch 30006
Epoch 30007
Epoch 30008
Epoch 30009
Epoch 30010
Epoch 30011
Epoch 30012
Epoch 30013
Epoch 30014
Epoch 30015
Epoch 30016
Epoch 30017
Epoch 30018
Epoch 30019
Epoch 30020
Epoch 30021
Epoch 30022
Epoch 30023
Epoch 30024
Epoch 30025
Epoch 30026
Epoch 30027
Epoch 30028
Epoch 30029
Epoch 30030
Epoch 30031
Epoch 30032
Epoch 30033
Epoch 30034
Epoch 30035
Epoch 30036
Epoch 30037
Epoch 30038
Epoch 30039
Epoch 30040
Epoch 30041
Epoch 30042
Epoch 30043
Epoch 30044
Epoch 30045
Epoch 30046
Epoch 30047
Epoch 30048
Epoch 30049
Epoch 30050
Epoch 30051
Epoch 30052
Epoch 30053
Epoch 30054
Epoch 30055
Epoch 30056
Epoch 30057
Epoch 30058
Epoch 30059
Epoch 30060
Epoch 30061
Epoch 30062
Epoch 30063
Epoch 30064
Epoch 30065
Epoch 30066
Epoch 30067
Epoch 30068
Epoch 30069
Epoch 30070
Epoch 30071
Epoch 30072
Epoch 30073
Epoch 30074
Epoch 30075
Epoch 30076
Epoch 30077
Epoch 30078
Epoch 30079
Epoch 30080
Epoch 30081
Epoch 30082
Epoch 30083
Epoch 30084
Epoch 30085
Epoch 30086
Epoch 30087
Epoch 30088
Epoch 30089
Epoch 30090
Epoch 30091
Epoch 30092
Epoch 30093
Epoch 30094
Epoch 30095
Epoch 30096
Epoch 30097
Epoch 30098
Epoch 30099
Epoch 30100
Epoch 30101
Epoch 30102
Epoch 30103
Epoch 30104
Epoch 30105
Epoch 30106
Epoch 30107
Epoch 30108
Epoch 30109
Epoch 30110
Epoch 30111
Epoch 30112
Epoch 30113
Epoch 30114
Epoch 30115
Epoch 30116
Epoch 30117
Epoch 30118
Epoch 30119
Epoch 30120
Epoch 30121
Epoch 30122
Epoch 30123
Epoch 30124
Epoch 30125
Epoch 30126
Epoch 30127
Epoch 30128
Epoch 30129
Epoch 30130
Epoch 30131
Epoch 30132
Epoch 30133
Epoch 30134
Epoch 30135
Epoch 30136
Epoch 30137
Epoch 30138
Epoch 30139
Epoch 30140
Epoch 30141
Epoch 30142
Epoch 30143
Epoch 30144
Epoch 30145
Epoch 30146
Epoch 30147
Epoch 30148
Epoch 30149
Epoch 30150
Epoch 30151
Epoch 30152
Epoch 30153
Epoch 30154
Epoch 30155
Epoch 30156
Epoch 30157
Epoch 30158
Epoch 30159
Epoch 30160
Epoch 30161
Epoch 30162
Epoch 30163
Epoch 30164
Epoch 30165
Epoch 30166
Epoch 30167
Epoch 30168
Epoch 30169
Epoch 30170
Epoch 30171
Epoch 30172
Epoch 30173
Epoch 30174
Epoch 30175
Epoch 30176
Epoch 30177
Epoch 30178
Epoch 30179
Epoch 30180
Epoch 30181
Epoch 30182
Epoch 30183
Epoch 30184
Epoch 30185
Epoch 30186
Epoch 30187
Epoch 30188
Epoch 30189
Epoch 30190
Epoch 30191
Epoch 30192
Epoch 30193
Epoch 30194
Epoch 30195
Epoch 30196
Epoch 30197
Epoch 30198
Epoch 30199
Epoch 30200
Epoch 30201
Epoch 30202
Epoch 30203
Epoch 30204
Epoch 30205
Epoch 30206
Epoch 30207
Epoch 30208
Epoch 30209
Epoch 30210
Epoch 30211
Epoch 30212
Epoch 30213
Epoch 30214
Epoch 30215
Epoch 30216
Epoch 30217
Epoch 30218
Epoch 30219
Epoch 30220
Epoch 30221
Epoch 30222
Epoch 30223
Epoch 30224
Epoch 30225
Epoch 30226
Epoch 30227
Epoch 30228
Epoch 30229
Epoch 30230
Epoch 30231
Epoch 30232
Epoch 30233
Epoch 30234
Epoch 30235
Epoch 30236
Epoch 30237
Epoch 30238
Epoch 30239
Epoch 30240
Epoch 30241
Epoch 30242
Epoch 30243
Epoch 30244
Epoch 30245
Epoch 30246
Epoch 30247
Epoch 30248
Epoch 30249
Epoch 30250
Epoch 30251
Epoch 30252
Epoch 30253
Epoch 30254
Epoch 30255
Epoch 30256
Epoch 30257
Epoch 30258
Epoch 30259
Epoch 30260
Epoch 30261
Epoch 30262
Epoch 30263
Epoch 30264
Epoch 30265
Epoch 30266
Epoch 30267
Epoch 30268
Epoch 30269
Epoch 30270
Epoch 30271
Epoch 30272
Epoch 30273
Epoch 30274
Epoch 30275
Epoch 30276
Epoch 30277
Epoch 30278
Epoch 30279
Epoch 30280
Epoch 30281
Epoch 30282
Epoch 30283
Epoch 30284
Epoch 30285
Epoch 30286
Epoch 30287
Epoch 30288
Epoch 30289
Epoch 30290
Epoch 30291
Epoch 30292
Epoch 30293
Epoch 30294
Epoch 30295
Epoch 30296
Epoch 30297
Epoch 30298
Epoch 30299
Epoch 30300
Epoch 30301
Epoch 30302
Epoch 30303
Epoch 30304
Epoch 30305
Epoch 30306
Epoch 30307
Epoch 30308
Epoch 30309
Epoch 30310
Epoch 30311
Epoch 30312
Epoch 30313
Epoch 30314
Epoch 30315
Epoch 30316
Epoch 30317
Epoch 30318
Epoch 30319
Epoch 30320
Epoch 30321
Epoch 30322
Epoch 30323
Epoch 30324
Epoch 30325
Epoch 30326
Epoch 30327
Epoch 30328
Epoch 30329
Epoch 30330
Epoch 30331
Epoch 30332
Epoch 30333
Epoch 30334
Epoch 30335
Epoch 30336
Epoch 30337
Epoch 30338
Epoch 30339
Epoch 30340
Epoch 30341
Epoch 30342
Epoch 30343
Epoch 30344
Epoch 30345
Epoch 30346
Epoch 30347
Epoch 30348
Epoch 30349
Epoch 30350
Epoch 30351
Epoch 30352
Epoch 30353
Epoch 30354
Epoch 30355
Epoch 30356
Epoch 30357
Epoch 30358
Epoch 30359
Epoch 30360
Epoch 30361
Epoch 30362
Epoch 30363
Epoch 30364
Epoch 30365
Epoch 30366
Epoch 30367
Epoch 30368
Epoch 30369
Epoch 30370
Epoch 30371
Epoch 30372
Epoch 30373
Epoch 30374
Epoch 30375
Epoch 30376
Epoch 30377
Epoch 30378
Epoch 30379
Epoch 30380
Epoch 30381
Epoch 30382
Epoch 30383
Epoch 30384
Epoch 30385
Epoch 30386
Epoch 30387
Epoch 30388
Epoch 30389
Epoch 30390
Epoch 30391
Epoch 30392
Epoch 30393
Epoch 30394
Epoch 30395
Epoch 30396
Epoch 30397
Epoch 30398
Epoch 30399
Epoch 30400
Epoch 30401
Epoch 30402
Epoch 30403
Epoch 30404
Epoch 30405
Epoch 30406
Epoch 30407
Epoch 30408
Epoch 30409
Epoch 30410
Epoch 30411
Epoch 30412
Epoch 30413
Epoch 30414
Epoch 30415
Epoch 30416
Epoch 30417
Epoch 30418
Epoch 30419
Epoch 30420
Epoch 30421
Epoch 30422
Epoch 30423
Epoch 30424
Epoch 30425
Epoch 30426
Epoch 30427
Epoch 30428
Epoch 30429
Epoch 30430
Epoch 30431
Epoch 30432
Epoch 30433
Epoch 30434
Epoch 30435
Epoch 30436
Epoch 30437
Epoch 30438
Epoch 30439
Epoch 30440
Epoch 30441
Epoch 30442
Epoch 30443
Epoch 30444
Epoch 30445
Epoch 30446
Epoch 30447
Epoch 30448
Epoch 30449
Epoch 30450
Epoch 30451
Epoch 30452
Epoch 30453
Epoch 30454
Epoch 30455
Epoch 30456
Epoch 30457
Epoch 30458
Epoch 30459
Epoch 30460
Epoch 30461
Epoch 30462
Epoch 30463
Epoch 30464
Epoch 30465
Epoch 30466
Epoch 30467
Epoch 30468
Epoch 30469
Epoch 30470
Epoch 30471
Epoch 30472
Epoch 30473
Epoch 30474
Epoch 30475
Epoch 30476
Epoch 30477
Epoch 30478
Epoch 30479
Epoch 30480
Epoch 30481
Epoch 30482
Epoch 30483
Epoch 30484
Epoch 30485
Epoch 30486
Epoch 30487
Epoch 30488
Epoch 30489
Epoch 30490
Epoch 30491
Epoch 30492
Epoch 30493
Epoch 30494
Epoch 30495
Epoch 30496
Epoch 30497
Epoch 30498
Epoch 30499
Epoch 30500
Epoch 30501
Epoch 30502
Epoch 30503
Epoch 30504
Epoch 30505
Epoch 30506
Epoch 30507
Epoch 30508
Epoch 30509
Epoch 30510
Epoch 30511
Epoch 30512
Epoch 30513
Epoch 30514
Epoch 30515
Epoch 30516
Epoch 30517
Epoch 30518
Epoch 30519
Epoch 30520
Epoch 30521
Epoch 30522
Epoch 30523
Epoch 30524
Epoch 30525
Epoch 30526
Epoch 30527
Epoch 30528
Epoch 30529
Epoch 30530
Epoch 30531
Epoch 30532
Epoch 30533
Epoch 30534
Epoch 30535
Epoch 30536
Epoch 30537
Epoch 30538
Epoch 30539
Epoch 30540
Epoch 30541
Epoch 30542
Epoch 30543
Epoch 30544
Epoch 30545
Epoch 30546
Epoch 30547
Epoch 30548
Epoch 30549
Epoch 30550
Epoch 30551
Epoch 30552
Epoch 30553
Epoch 30554
Epoch 30555
Epoch 30556
Epoch 30557
Epoch 30558
Epoch 30559
Epoch 30560
Epoch 30561
Epoch 30562
Epoch 30563
Epoch 30564
Epoch 30565
Epoch 30566
Epoch 30567
Epoch 30568
Epoch 30569
Epoch 30570
Epoch 30571
Epoch 30572
Epoch 30573
Epoch 30574
Epoch 30575
Epoch 30576
Epoch 30577
Epoch 30578
Epoch 30579
Epoch 30580
Epoch 30581
Epoch 30582
Epoch 30583
Epoch 30584
Epoch 30585
Epoch 30586
Epoch 30587
Epoch 30588
Epoch 30589
Epoch 30590
Epoch 30591
Epoch 30592
Epoch 30593
Epoch 30594
Epoch 30595
Epoch 30596
Epoch 30597
Epoch 30598
Epoch 30599
Epoch 30600
Epoch 30601
Epoch 30602
Epoch 30603
Epoch 30604
Epoch 30605
Epoch 30606
Epoch 30607
Epoch 30608
Epoch 30609
Epoch 30610
Epoch 30611
Epoch 30612
Epoch 30613
Epoch 30614
Epoch 30615
Epoch 30616
Epoch 30617
Epoch 30618
Epoch 30619
Epoch 30620
Epoch 30621
Epoch 30622
Epoch 30623
Epoch 30624
Epoch 30625
Epoch 30626
Epoch 30627
Epoch 30628
Epoch 30629
Epoch 30630
Epoch 30631
Epoch 30632
Epoch 30633
Epoch 30634
Epoch 30635
Epoch 30636
Epoch 30637
Epoch 30638
Epoch 30639
Epoch 30640
Epoch 30641
Epoch 30642
Epoch 30643
Epoch 30644
Epoch 30645
Epoch 30646
Epoch 30647
Epoch 30648
Epoch 30649
Epoch 30650
Epoch 30651
Epoch 30652
Epoch 30653
Epoch 30654
Epoch 30655
Epoch 30656
Epoch 30657
Epoch 30658
Epoch 30659
Epoch 30660
Epoch 30661
Epoch 30662
Epoch 30663
Epoch 30664
Epoch 30665
Epoch 30666
Epoch 30667
Epoch 30668
Epoch 30669
Epoch 30670
Epoch 30671
Epoch 30672
Epoch 30673
Epoch 30674
Epoch 30675
Epoch 30676
Epoch 30677
Epoch 30678
Epoch 30679
Epoch 30680
Epoch 30681
Epoch 30682
Epoch 30683
Epoch 30684
Epoch 30685
Epoch 30686
Epoch 30687
Epoch 30688
Epoch 30689
Epoch 30690
Epoch 30691
Epoch 30692
Epoch 30693
Epoch 30694
Epoch 30695
Epoch 30696
Epoch 30697
Epoch 30698
Epoch 30699
Epoch 30700
Epoch 30701
Epoch 30702
Epoch 30703
Epoch 30704
Epoch 30705
Epoch 30706
Epoch 30707
Epoch 30708
Epoch 30709
Epoch 30710
Epoch 30711
Epoch 30712
Epoch 30713
Epoch 30714
Epoch 30715
Epoch 30716
Epoch 30717
Epoch 30718
Epoch 30719
Epoch 30720
Epoch 30721
Epoch 30722
Epoch 30723
Epoch 30724
Epoch 30725
Epoch 30726
Epoch 30727
Epoch 30728
Epoch 30729
Epoch 30730
Epoch 30731
Epoch 30732
Epoch 30733
Epoch 30734
Epoch 30735
Epoch 30736
Epoch 30737
Epoch 30738
Epoch 30739
Epoch 30740
Epoch 30741
Epoch 30742
Epoch 30743
Epoch 30744
Epoch 30745
Epoch 30746
Epoch 30747
Epoch 30748
Epoch 30749
Epoch 30750
Epoch 30751
Epoch 30752
Epoch 30753
Epoch 30754
Epoch 30755
Epoch 30756
Epoch 30757
Epoch 30758
Epoch 30759
Epoch 30760
Epoch 30761
Epoch 30762
Epoch 30763
Epoch 30764
Epoch 30765
Epoch 30766
Epoch 30767
Epoch 30768
Epoch 30769
Epoch 30770
Epoch 30771
Epoch 30772
Epoch 30773
Epoch 30774
Epoch 30775
Epoch 30776
Epoch 30777
Epoch 30778
Epoch 30779
Epoch 30780
Epoch 30781
Epoch 30782
Epoch 30783
Epoch 30784
Epoch 30785
Epoch 30786
Epoch 30787
Epoch 30788
Epoch 30789
Epoch 30790
Epoch 30791
Epoch 30792
Epoch 30793
Epoch 30794
Epoch 30795
Epoch 30796
Epoch 30797
Epoch 30798
Epoch 30799
Epoch 30800
Epoch 30801
Epoch 30802
Epoch 30803
Epoch 30804
Epoch 30805
Epoch 30806
Epoch 30807
Epoch 30808
Epoch 30809
Epoch 30810
Epoch 30811
Epoch 30812
Epoch 30813
Epoch 30814
Epoch 30815
Epoch 30816
Epoch 30817
Epoch 30818
Epoch 30819
Epoch 30820
Epoch 30821
Epoch 30822
Epoch 30823
Epoch 30824
Epoch 30825
Epoch 30826
Epoch 30827
Epoch 30828
Epoch 30829
Epoch 30830
Epoch 30831
Epoch 30832
Epoch 30833
Epoch 30834
Epoch 30835
Epoch 30836
Epoch 30837
Epoch 30838
Epoch 30839
Epoch 30840
Epoch 30841
Epoch 30842
Epoch 30843
Epoch 30844
Epoch 30845
Epoch 30846
Epoch 30847
Epoch 30848
Epoch 30849
Epoch 30850
Epoch 30851
Epoch 30852
Epoch 30853
Epoch 30854
Epoch 30855
Epoch 30856
Epoch 30857
Epoch 30858
Epoch 30859
Epoch 30860
Epoch 30861
Epoch 30862
Epoch 30863
Epoch 30864
Epoch 30865
Epoch 30866
Epoch 30867
Epoch 30868
Epoch 30869
Epoch 30870
Epoch 30871
Epoch 30872
Epoch 30873
Epoch 30874
Epoch 30875
Epoch 30876
Epoch 30877
Epoch 30878
Epoch 30879
Epoch 30880
Epoch 30881
Epoch 30882
Epoch 30883
Epoch 30884
Epoch 30885
Epoch 30886
Epoch 30887
Epoch 30888
Epoch 30889
Epoch 30890
Epoch 30891
Epoch 30892
Epoch 30893
Epoch 30894
Epoch 30895
Epoch 30896
Epoch 30897
Epoch 30898
Epoch 30899
Epoch 30900
Epoch 30901
Epoch 30902
Epoch 30903
Epoch 30904
Epoch 30905
Epoch 30906
Epoch 30907
Epoch 30908
Epoch 30909
Epoch 30910
Epoch 30911
Epoch 30912
Epoch 30913
Epoch 30914
Epoch 30915
Epoch 30916
Epoch 30917
Epoch 30918
Epoch 30919
Epoch 30920
Epoch 30921
Epoch 30922
Epoch 30923
Epoch 30924
Epoch 30925
Epoch 30926
Epoch 30927
Epoch 30928
Epoch 30929
Epoch 30930
Epoch 30931
Epoch 30932
Epoch 30933
Epoch 30934
Epoch 30935
Epoch 30936
Epoch 30937
Epoch 30938
Epoch 30939
Epoch 30940
Epoch 30941
Epoch 30942
Epoch 30943
Epoch 30944
Epoch 30945
Epoch 30946
Epoch 30947
Epoch 30948
Epoch 30949
Epoch 30950
Epoch 30951
Epoch 30952
Epoch 30953
Epoch 30954
Epoch 30955
Epoch 30956
Epoch 30957
Epoch 30958
Epoch 30959
Epoch 30960
Epoch 30961
Epoch 30962
Epoch 30963
Epoch 30964
Epoch 30965
Epoch 30966
Epoch 30967
Epoch 30968
Epoch 30969
Epoch 30970
Epoch 30971
Epoch 30972
Epoch 30973
Epoch 30974
Epoch 30975
Epoch 30976
Epoch 30977
Epoch 30978
Epoch 30979
Epoch 30980
Epoch 30981
Epoch 30982
Epoch 30983
Epoch 30984
Epoch 30985
Epoch 30986
Epoch 30987
Epoch 30988
Epoch 30989
Epoch 30990
Epoch 30991
Epoch 30992
Epoch 30993
Epoch 30994
Epoch 30995
Epoch 30996
Epoch 30997
Epoch 30998
Epoch 30999
Epoch 31000
Epoch 31001
Epoch 31002
Epoch 31003
Epoch 31004
Epoch 31005
Epoch 31006
Epoch 31007
Epoch 31008
Epoch 31009
Epoch 31010
Epoch 31011
Epoch 31012
Epoch 31013
Epoch 31014
Epoch 31015
Epoch 31016
Epoch 31017
Epoch 31018
Epoch 31019
Epoch 31020
Epoch 31021
Epoch 31022
Epoch 31023
Epoch 31024
Epoch 31025
Epoch 31026
Epoch 31027
Epoch 31028
Epoch 31029
Epoch 31030
Epoch 31031
Epoch 31032
Epoch 31033
Epoch 31034
Epoch 31035
Epoch 31036
Epoch 31037
Epoch 31038
Epoch 31039
Epoch 31040
Epoch 31041
Epoch 31042
Epoch 31043
Epoch 31044
Epoch 31045
Epoch 31046
Epoch 31047
Epoch 31048
Epoch 31049
Epoch 31050
Epoch 31051
Epoch 31052
Epoch 31053
Epoch 31054
Epoch 31055
Epoch 31056
Epoch 31057
Epoch 31058
Epoch 31059
Epoch 31060
Epoch 31061
Epoch 31062
Epoch 31063
Epoch 31064
Epoch 31065
Epoch 31066
Epoch 31067
Epoch 31068
Epoch 31069
Epoch 31070
Epoch 31071
Epoch 31072
Epoch 31073
Epoch 31074
Epoch 31075
Epoch 31076
Epoch 31077
Epoch 31078
Epoch 31079
Epoch 31080
Epoch 31081
Epoch 31082
Epoch 31083
Epoch 31084
Epoch 31085
Epoch 31086
Epoch 31087
Epoch 31088
Epoch 31089
Epoch 31090
Epoch 31091
Epoch 31092
Epoch 31093
Epoch 31094
Epoch 31095
Epoch 31096
Epoch 31097
Epoch 31098
Epoch 31099
Epoch 31100
Epoch 31101
Epoch 31102
Epoch 31103
Epoch 31104
Epoch 31105
Epoch 31106
Epoch 31107
Epoch 31108
Epoch 31109
Epoch 31110
Epoch 31111
Epoch 31112
Epoch 31113
Epoch 31114
Epoch 31115
Epoch 31116
Epoch 31117
Epoch 31118
Epoch 31119
Epoch 31120
Epoch 31121
Epoch 31122
Epoch 31123
Epoch 31124
Epoch 31125
Epoch 31126
Epoch 31127
Epoch 31128
Epoch 31129
Epoch 31130
Epoch 31131
Epoch 31132
Epoch 31133
Epoch 31134
Epoch 31135
Epoch 31136
Epoch 31137
Epoch 31138
Epoch 31139
Epoch 31140
Epoch 31141
Epoch 31142
Epoch 31143
Epoch 31144
Epoch 31145
Epoch 31146
Epoch 31147
Epoch 31148
Epoch 31149
Epoch 31150
Epoch 31151
Epoch 31152
Epoch 31153
Epoch 31154
Epoch 31155
Epoch 31156
Epoch 31157
Epoch 31158
Epoch 31159
Epoch 31160
Epoch 31161
Epoch 31162
Epoch 31163
Epoch 31164
Epoch 31165
Epoch 31166
Epoch 31167
Epoch 31168
Epoch 31169
Epoch 31170
Epoch 31171
Epoch 31172
Epoch 31173
Epoch 31174
Epoch 31175
Epoch 31176
Epoch 31177
Epoch 31178
Epoch 31179
Epoch 31180
Epoch 31181
Epoch 31182
Epoch 31183
Epoch 31184
Epoch 31185
Epoch 31186
Epoch 31187
Epoch 31188
Epoch 31189
Epoch 31190
Epoch 31191
Epoch 31192
Epoch 31193
Epoch 31194
Epoch 31195
Epoch 31196
Epoch 31197
Epoch 31198
Epoch 31199
Epoch 31200
Epoch 31201
Epoch 31202
Epoch 31203
Epoch 31204
Epoch 31205
Epoch 31206
Epoch 31207
Epoch 31208
Epoch 31209
Epoch 31210
Epoch 31211
Epoch 31212
Epoch 31213
Epoch 31214
Epoch 31215
Epoch 31216
Epoch 31217
Epoch 31218
Epoch 31219
Epoch 31220
Epoch 31221
Epoch 31222
Epoch 31223
Epoch 31224
Epoch 31225
Epoch 31226
Epoch 31227
Epoch 31228
Epoch 31229
Epoch 31230
Epoch 31231
Epoch 31232
Epoch 31233
Epoch 31234
Epoch 31235
Epoch 31236
Epoch 31237
Epoch 31238
Epoch 31239
Epoch 31240
Epoch 31241
Epoch 31242
Epoch 31243
Epoch 31244
Epoch 31245
Epoch 31246
Epoch 31247
Epoch 31248
Epoch 31249
Epoch 31250
Epoch 31251
Epoch 31252
Epoch 31253
Epoch 31254
Epoch 31255
Epoch 31256
Epoch 31257
Epoch 31258
Epoch 31259
Epoch 31260
Epoch 31261
Epoch 31262
Epoch 31263
Epoch 31264
Epoch 31265
Epoch 31266
Epoch 31267
Epoch 31268
Epoch 31269
Epoch 31270
Epoch 31271
Epoch 31272
Epoch 31273
Epoch 31274
Epoch 31275
Epoch 31276
Epoch 31277
Epoch 31278
Epoch 31279
Epoch 31280
Epoch 31281
Epoch 31282
Epoch 31283
Epoch 31284
Epoch 31285
Epoch 31286
Epoch 31287
Epoch 31288
Epoch 31289
Epoch 31290
Epoch 31291
Epoch 31292
Epoch 31293
Epoch 31294
Epoch 31295
Epoch 31296
Epoch 31297
Epoch 31298
Epoch 31299
Epoch 31300
Epoch 31301
Epoch 31302
Epoch 31303
Epoch 31304
Epoch 31305
Epoch 31306
Epoch 31307
Epoch 31308
Epoch 31309
Epoch 31310
Epoch 31311
Epoch 31312
Epoch 31313
Epoch 31314
Epoch 31315
Epoch 31316
Epoch 31317
Epoch 31318
Epoch 31319
Epoch 31320
Epoch 31321
Epoch 31322
Epoch 31323
Epoch 31324
Epoch 31325
Epoch 31326
Epoch 31327
Epoch 31328
Epoch 31329
Epoch 31330
Epoch 31331
Epoch 31332
Epoch 31333
Epoch 31334
Epoch 31335
Epoch 31336
Epoch 31337
Epoch 31338
Epoch 31339
Epoch 31340
Epoch 31341
Epoch 31342
Epoch 31343
Epoch 31344
Epoch 31345
Epoch 31346
Epoch 31347
Epoch 31348
Epoch 31349
Epoch 31350
Epoch 31351
Epoch 31352
Epoch 31353
Epoch 31354
Epoch 31355
Epoch 31356
Epoch 31357
Epoch 31358
Epoch 31359
Epoch 31360
Epoch 31361
Epoch 31362
Epoch 31363
Epoch 31364
Epoch 31365
Epoch 31366
Epoch 31367
Epoch 31368
Epoch 31369
Epoch 31370
Epoch 31371
Epoch 31372
Epoch 31373
Epoch 31374
Epoch 31375
Epoch 31376
Epoch 31377
Epoch 31378
Epoch 31379
Epoch 31380
Epoch 31381
Epoch 31382
Epoch 31383
Epoch 31384
Epoch 31385
Epoch 31386
Epoch 31387
Epoch 31388
Epoch 31389
Epoch 31390
Epoch 31391
Epoch 31392
Epoch 31393
Epoch 31394
Epoch 31395
Epoch 31396
Epoch 31397
Epoch 31398
Epoch 31399
Epoch 31400
Epoch 31401
Epoch 31402
Epoch 31403
Epoch 31404
Epoch 31405
Epoch 31406
Epoch 31407
Epoch 31408
Epoch 31409
Epoch 31410
Epoch 31411
Epoch 31412
Epoch 31413
Epoch 31414
Epoch 31415
Epoch 31416
Epoch 31417
Epoch 31418
Epoch 31419
Epoch 31420
Epoch 31421
Epoch 31422
Epoch 31423
Epoch 31424
Epoch 31425
Epoch 31426
Epoch 31427
Epoch 31428
Epoch 31429
Epoch 31430
Epoch 31431
Epoch 31432
Epoch 31433
Epoch 31434
Epoch 31435
Epoch 31436
Epoch 31437
Epoch 31438
Epoch 31439
Epoch 31440
Epoch 31441
Epoch 31442
Epoch 31443
Epoch 31444
Epoch 31445
Epoch 31446
Epoch 31447
Epoch 31448
Epoch 31449
Epoch 31450
Epoch 31451
Epoch 31452
Epoch 31453
Epoch 31454
Epoch 31455
Epoch 31456
Epoch 31457
Epoch 31458
Epoch 31459
Epoch 31460
Epoch 31461
Epoch 31462
Epoch 31463
Epoch 31464
Epoch 31465
Epoch 31466
Epoch 31467
Epoch 31468
Epoch 31469
Epoch 31470
Epoch 31471
Epoch 31472
Epoch 31473
Epoch 31474
Epoch 31475
Epoch 31476
Epoch 31477
Epoch 31478
Epoch 31479
Epoch 31480
Epoch 31481
Epoch 31482
Epoch 31483
Epoch 31484
Epoch 31485
Epoch 31486
Epoch 31487
Epoch 31488
Epoch 31489
Epoch 31490
Epoch 31491
Epoch 31492
Epoch 31493
Epoch 31494
Epoch 31495
Epoch 31496
Epoch 31497
Epoch 31498
Epoch 31499
Epoch 31500
Epoch 31501
Epoch 31502
Epoch 31503
Epoch 31504
Epoch 31505
Epoch 31506
Epoch 31507
Epoch 31508
Epoch 31509
Epoch 31510
Epoch 31511
Epoch 31512
Epoch 31513
Epoch 31514
Epoch 31515
Epoch 31516
Epoch 31517
Epoch 31518
Epoch 31519
Epoch 31520
Epoch 31521
Epoch 31522
Epoch 31523
Epoch 31524
Epoch 31525
Epoch 31526
Epoch 31527
Epoch 31528
Epoch 31529
Epoch 31530
Epoch 31531
Epoch 31532
Epoch 31533
Epoch 31534
Epoch 31535
Epoch 31536
Epoch 31537
Epoch 31538
Epoch 31539
Epoch 31540
Epoch 31541
Epoch 31542
Epoch 31543
Epoch 31544
Epoch 31545
Epoch 31546
Epoch 31547
Epoch 31548
Epoch 31549
Epoch 31550
Epoch 31551
Epoch 31552
Epoch 31553
Epoch 31554
Epoch 31555
Epoch 31556
Epoch 31557
Epoch 31558
Epoch 31559
Epoch 31560
Epoch 31561
Epoch 31562
Epoch 31563
Epoch 31564
Epoch 31565
Epoch 31566
Epoch 31567
Epoch 31568
Epoch 31569
Epoch 31570
Epoch 31571
Epoch 31572
Epoch 31573
Epoch 31574
Epoch 31575
Epoch 31576
Epoch 31577
Epoch 31578
Epoch 31579
Epoch 31580
Epoch 31581
Epoch 31582
Epoch 31583
Epoch 31584
Epoch 31585
Epoch 31586
Epoch 31587
Epoch 31588
Epoch 31589
Epoch 31590
Epoch 31591
Epoch 31592
Epoch 31593
Epoch 31594
Epoch 31595
Epoch 31596
Epoch 31597
Epoch 31598
Epoch 31599
Epoch 31600
Epoch 31601
Epoch 31602
Epoch 31603
Epoch 31604
Epoch 31605
Epoch 31606
Epoch 31607
Epoch 31608
Epoch 31609
Epoch 31610
Epoch 31611
Epoch 31612
Epoch 31613
Epoch 31614
Epoch 31615
Epoch 31616
Epoch 31617
Epoch 31618
Epoch 31619
Epoch 31620
Epoch 31621
Epoch 31622
Epoch 31623
Epoch 31624
Epoch 31625
Epoch 31626
Epoch 31627
Epoch 31628
Epoch 31629
Epoch 31630
Epoch 31631
Epoch 31632
Epoch 31633
Epoch 31634
Epoch 31635
Epoch 31636
Epoch 31637
Epoch 31638
Epoch 31639
Epoch 31640
Epoch 31641
Epoch 31642
Epoch 31643
Epoch 31644
Epoch 31645
Epoch 31646
Epoch 31647
Epoch 31648
Epoch 31649
Epoch 31650
Epoch 31651
Epoch 31652
Epoch 31653
Epoch 31654
Epoch 31655
Epoch 31656
Epoch 31657
Epoch 31658
Epoch 31659
Epoch 31660
Epoch 31661
Epoch 31662
Epoch 31663
Epoch 31664
Epoch 31665
Epoch 31666
Epoch 31667
Epoch 31668
Epoch 31669
Epoch 31670
Epoch 31671
Epoch 31672
Epoch 31673
Epoch 31674
Epoch 31675
Epoch 31676
Epoch 31677
Epoch 31678
Epoch 31679
Epoch 31680
Epoch 31681
Epoch 31682
Epoch 31683
Epoch 31684
Epoch 31685
Epoch 31686
Epoch 31687
Epoch 31688
Epoch 31689
Epoch 31690
Epoch 31691
Epoch 31692
Epoch 31693
Epoch 31694
Epoch 31695
Epoch 31696
Epoch 31697
Epoch 31698
Epoch 31699
Epoch 31700
Epoch 31701
Epoch 31702
Epoch 31703
Epoch 31704
Epoch 31705
Epoch 31706
Epoch 31707
Epoch 31708
Epoch 31709
Epoch 31710
Epoch 31711
Epoch 31712
Epoch 31713
Epoch 31714
Epoch 31715
Epoch 31716
Epoch 31717
Epoch 31718
Epoch 31719
Epoch 31720
Epoch 31721
Epoch 31722
Epoch 31723
Epoch 31724
Epoch 31725
Epoch 31726
Epoch 31727
Epoch 31728
Epoch 31729
Epoch 31730
Epoch 31731
Epoch 31732
Epoch 31733
Epoch 31734
Epoch 31735
Epoch 31736
Epoch 31737
Epoch 31738
Epoch 31739
Epoch 31740
Epoch 31741
Epoch 31742
Epoch 31743
Epoch 31744
Epoch 31745
Epoch 31746
Epoch 31747
Epoch 31748
Epoch 31749
Epoch 31750
Epoch 31751
Epoch 31752
Epoch 31753
Epoch 31754
Epoch 31755
Epoch 31756
Epoch 31757
Epoch 31758
Epoch 31759
Epoch 31760
Epoch 31761
Epoch 31762
Epoch 31763
Epoch 31764
Epoch 31765
Epoch 31766
Epoch 31767
Epoch 31768
Epoch 31769
Epoch 31770
Epoch 31771
Epoch 31772
Epoch 31773
Epoch 31774
Epoch 31775
Epoch 31776
Epoch 31777
Epoch 31778
Epoch 31779
Epoch 31780
Epoch 31781
Epoch 31782
Epoch 31783
Epoch 31784
Epoch 31785
Epoch 31786
Epoch 31787
Epoch 31788
Epoch 31789
Epoch 31790
Epoch 31791
Epoch 31792
Epoch 31793
Epoch 31794
Epoch 31795
Epoch 31796
Epoch 31797
Epoch 31798
Epoch 31799
Epoch 31800
Epoch 31801
Epoch 31802
Epoch 31803
Epoch 31804
Epoch 31805
Epoch 31806
Epoch 31807
Epoch 31808
Epoch 31809
Epoch 31810
Epoch 31811
Epoch 31812
Epoch 31813
Epoch 31814
Epoch 31815
Epoch 31816
Epoch 31817
Epoch 31818
Epoch 31819
Epoch 31820
Epoch 31821
Epoch 31822
Epoch 31823
Epoch 31824
Epoch 31825
Epoch 31826
Epoch 31827
Epoch 31828
Epoch 31829
Epoch 31830
Epoch 31831
Epoch 31832
Epoch 31833
Epoch 31834
Epoch 31835
Epoch 31836
Epoch 31837
Epoch 31838
Epoch 31839
Epoch 31840
Epoch 31841
Epoch 31842
Epoch 31843
Epoch 31844
Epoch 31845
Epoch 31846
Epoch 31847
Epoch 31848
Epoch 31849
Epoch 31850
Epoch 31851
Epoch 31852
Epoch 31853
Epoch 31854
Epoch 31855
Epoch 31856
Epoch 31857
Epoch 31858
Epoch 31859
Epoch 31860
Epoch 31861
Epoch 31862
Epoch 31863
Epoch 31864
Epoch 31865
Epoch 31866
Epoch 31867
Epoch 31868
Epoch 31869
Epoch 31870
Epoch 31871
Epoch 31872
Epoch 31873
Epoch 31874
Epoch 31875
Epoch 31876
Epoch 31877
Epoch 31878
Epoch 31879
Epoch 31880
Epoch 31881
Epoch 31882
Epoch 31883
Epoch 31884
Epoch 31885
Epoch 31886
Epoch 31887
Epoch 31888
Epoch 31889
Epoch 31890
Epoch 31891
Epoch 31892
Epoch 31893
Epoch 31894
Epoch 31895
Epoch 31896
Epoch 31897
Epoch 31898
Epoch 31899
Epoch 31900
Epoch 31901
Epoch 31902
Epoch 31903
Epoch 31904
Epoch 31905
Epoch 31906
Epoch 31907
Epoch 31908
Epoch 31909
Epoch 31910
Epoch 31911
Epoch 31912
Epoch 31913
Epoch 31914
Epoch 31915
Epoch 31916
Epoch 31917
Epoch 31918
Epoch 31919
Epoch 31920
Epoch 31921
Epoch 31922
Epoch 31923
Epoch 31924
Epoch 31925
Epoch 31926
Epoch 31927
Epoch 31928
Epoch 31929
Epoch 31930
Epoch 31931
Epoch 31932
Epoch 31933
Epoch 31934
Epoch 31935
Epoch 31936
Epoch 31937
Epoch 31938
Epoch 31939
Epoch 31940
Epoch 31941
Epoch 31942
Epoch 31943
Epoch 31944
Epoch 31945
Epoch 31946
Epoch 31947
Epoch 31948
Epoch 31949
Epoch 31950
Epoch 31951
Epoch 31952
Epoch 31953
Epoch 31954
Epoch 31955
Epoch 31956
Epoch 31957
Epoch 31958
Epoch 31959
Epoch 31960
Epoch 31961
Epoch 31962
Epoch 31963
Epoch 31964
Epoch 31965
Epoch 31966
Epoch 31967
Epoch 31968
Epoch 31969
Epoch 31970
Epoch 31971
Epoch 31972
Epoch 31973
Epoch 31974
Epoch 31975
Epoch 31976
Epoch 31977
Epoch 31978
Epoch 31979
Epoch 31980
Epoch 31981
Epoch 31982
Epoch 31983
Epoch 31984
Epoch 31985
Epoch 31986
Epoch 31987
Epoch 31988
Epoch 31989
Epoch 31990
Epoch 31991
Epoch 31992
Epoch 31993
Epoch 31994
Epoch 31995
Epoch 31996
Epoch 31997
Epoch 31998
Epoch 31999
Epoch 32000
Epoch 32001
Epoch 32002
Epoch 32003
Epoch 32004
Epoch 32005
Epoch 32006
Epoch 32007
Epoch 32008
Epoch 32009
Epoch 32010
Epoch 32011
Epoch 32012
Epoch 32013
Epoch 32014
Epoch 32015
Epoch 32016
Epoch 32017
Epoch 32018
Epoch 32019
Epoch 32020
Epoch 32021
Epoch 32022
Epoch 32023
Epoch 32024
Epoch 32025
Epoch 32026
Epoch 32027
Epoch 32028
Epoch 32029
Epoch 32030
Epoch 32031
Epoch 32032
Epoch 32033
Epoch 32034
Epoch 32035
Epoch 32036
Epoch 32037
Epoch 32038
Epoch 32039
Epoch 32040
Epoch 32041
Epoch 32042
Epoch 32043
Epoch 32044
Epoch 32045
Epoch 32046
Epoch 32047
Epoch 32048
Epoch 32049
Epoch 32050
Epoch 32051
Epoch 32052
Epoch 32053
Epoch 32054
Epoch 32055
Epoch 32056
Epoch 32057
Epoch 32058
Epoch 32059
Epoch 32060
Epoch 32061
Epoch 32062
Epoch 32063
Epoch 32064
Epoch 32065
Epoch 32066
Epoch 32067
Epoch 32068
Epoch 32069
Epoch 32070
Epoch 32071
Epoch 32072
Epoch 32073
Epoch 32074
Epoch 32075
Epoch 32076
Epoch 32077
Epoch 32078
Epoch 32079
Epoch 32080
Epoch 32081
Epoch 32082
Epoch 32083
Epoch 32084
Epoch 32085
Epoch 32086
Epoch 32087
Epoch 32088
Epoch 32089
Epoch 32090
Epoch 32091
Epoch 32092
Epoch 32093
Epoch 32094
Epoch 32095
Epoch 32096
Epoch 32097
Epoch 32098
Epoch 32099
Epoch 32100
Epoch 32101
Epoch 32102
Epoch 32103
Epoch 32104
Epoch 32105
Epoch 32106
Epoch 32107
Epoch 32108
Epoch 32109
Epoch 32110
Epoch 32111
Epoch 32112
Epoch 32113
Epoch 32114
Epoch 32115
Epoch 32116
Epoch 32117
Epoch 32118
Epoch 32119
Epoch 32120
Epoch 32121
Epoch 32122
Epoch 32123
Epoch 32124
Epoch 32125
Epoch 32126
Epoch 32127
Epoch 32128
Epoch 32129
Epoch 32130
Epoch 32131
Epoch 32132
Epoch 32133
Epoch 32134
Epoch 32135
Epoch 32136
Epoch 32137
Epoch 32138
Epoch 32139
Epoch 32140
Epoch 32141
Epoch 32142
Epoch 32143
Epoch 32144
Epoch 32145
Epoch 32146
Epoch 32147
Epoch 32148
Epoch 32149
Epoch 32150
Epoch 32151
Epoch 32152
Epoch 32153
Epoch 32154
Epoch 32155
Epoch 32156
Epoch 32157
Epoch 32158
Epoch 32159
Epoch 32160
Epoch 32161
Epoch 32162
Epoch 32163
Epoch 32164
Epoch 32165
Epoch 32166
Epoch 32167
Epoch 32168
Epoch 32169
Epoch 32170
Epoch 32171
Epoch 32172
Epoch 32173
Epoch 32174
Epoch 32175
Epoch 32176
Epoch 32177
Epoch 32178
Epoch 32179
Epoch 32180
Epoch 32181
Epoch 32182
Epoch 32183
Epoch 32184
Epoch 32185
Epoch 32186
Epoch 32187
Epoch 32188
Epoch 32189
Epoch 32190
Epoch 32191
Epoch 32192
Epoch 32193
Epoch 32194
Epoch 32195
Epoch 32196
Epoch 32197
Epoch 32198
Epoch 32199
Epoch 32200
Epoch 32201
Epoch 32202
Epoch 32203
Epoch 32204
Epoch 32205
Epoch 32206
Epoch 32207
Epoch 32208
Epoch 32209
Epoch 32210
Epoch 32211
Epoch 32212
Epoch 32213
Epoch 32214
Epoch 32215
Epoch 32216
Epoch 32217
Epoch 32218
Epoch 32219
Epoch 32220
Epoch 32221
Epoch 32222
Epoch 32223
Epoch 32224
Epoch 32225
Epoch 32226
Epoch 32227
Epoch 32228
Epoch 32229
Epoch 32230
Epoch 32231
Epoch 32232
Epoch 32233
Epoch 32234
Epoch 32235
Epoch 32236
Epoch 32237
Epoch 32238
Epoch 32239
Epoch 32240
Epoch 32241
Epoch 32242
Epoch 32243
Epoch 32244
Epoch 32245
Epoch 32246
Epoch 32247
Epoch 32248
Epoch 32249
Epoch 32250
Epoch 32251
Epoch 32252
Epoch 32253
Epoch 32254
Epoch 32255
Epoch 32256
Epoch 32257
Epoch 32258
Epoch 32259
Epoch 32260
Epoch 32261
Epoch 32262
Epoch 32263
Epoch 32264
Epoch 32265
Epoch 32266
Epoch 32267
Epoch 32268
Epoch 32269
Epoch 32270
Epoch 32271
Epoch 32272
Epoch 32273
Epoch 32274
Epoch 32275
Epoch 32276
Epoch 32277
Epoch 32278
Epoch 32279
Epoch 32280
Epoch 32281
Epoch 32282
Epoch 32283
Epoch 32284
Epoch 32285
Epoch 32286
Epoch 32287
Epoch 32288
Epoch 32289
Epoch 32290
Epoch 32291
Epoch 32292
Epoch 32293
Epoch 32294
Epoch 32295
Epoch 32296
Epoch 32297
Epoch 32298
Epoch 32299
Epoch 32300
Epoch 32301
Epoch 32302
Epoch 32303
Epoch 32304
Epoch 32305
Epoch 32306
Epoch 32307
Epoch 32308
Epoch 32309
Epoch 32310
Epoch 32311
Epoch 32312
Epoch 32313
Epoch 32314
Epoch 32315
Epoch 32316
Epoch 32317
Epoch 32318
Epoch 32319
Epoch 32320
Epoch 32321
Epoch 32322
Epoch 32323
Epoch 32324
Epoch 32325
Epoch 32326
Epoch 32327
Epoch 32328
Epoch 32329
Epoch 32330
Epoch 32331
Epoch 32332
Epoch 32333
Epoch 32334
Epoch 32335
Epoch 32336
Epoch 32337
Epoch 32338
Epoch 32339
Epoch 32340
Epoch 32341
Epoch 32342
Epoch 32343
Epoch 32344
Epoch 32345
Epoch 32346
Epoch 32347
Epoch 32348
Epoch 32349
Epoch 32350
Epoch 32351
Epoch 32352
Epoch 32353
Epoch 32354
Epoch 32355
Epoch 32356
Epoch 32357
Epoch 32358
Epoch 32359
Epoch 32360
Epoch 32361
Epoch 32362
Epoch 32363
Epoch 32364
Epoch 32365
Epoch 32366
Epoch 32367
Epoch 32368
Epoch 32369
Epoch 32370
Epoch 32371
Epoch 32372
Epoch 32373
Epoch 32374
Epoch 32375
Epoch 32376
Epoch 32377
Epoch 32378
Epoch 32379
Epoch 32380
Epoch 32381
Epoch 32382
Epoch 32383
Epoch 32384
Epoch 32385
Epoch 32386
Epoch 32387
Epoch 32388
Epoch 32389
Epoch 32390
Epoch 32391
Epoch 32392
Epoch 32393
Epoch 32394
Epoch 32395
Epoch 32396
Epoch 32397
Epoch 32398
Epoch 32399
Epoch 32400
Epoch 32401
Epoch 32402
Epoch 32403
Epoch 32404
Epoch 32405
Epoch 32406
Epoch 32407
Epoch 32408
Epoch 32409
Epoch 32410
Epoch 32411
Epoch 32412
Epoch 32413
Epoch 32414
Epoch 32415
Epoch 32416
Epoch 32417
Epoch 32418
Epoch 32419
Epoch 32420
Epoch 32421
Epoch 32422
Epoch 32423
Epoch 32424
Epoch 32425
Epoch 32426
Epoch 32427
Epoch 32428
Epoch 32429
Epoch 32430
Epoch 32431
Epoch 32432
Epoch 32433
Epoch 32434
Epoch 32435
Epoch 32436
Epoch 32437
Epoch 32438
Epoch 32439
Epoch 32440
Epoch 32441
Epoch 32442
Epoch 32443
Epoch 32444
Epoch 32445
Epoch 32446
Epoch 32447
Epoch 32448
Epoch 32449
Epoch 32450
Epoch 32451
Epoch 32452
Epoch 32453
Epoch 32454
Epoch 32455
Epoch 32456
Epoch 32457
Epoch 32458
Epoch 32459
Epoch 32460
Epoch 32461
Epoch 32462
Epoch 32463
Epoch 32464
Epoch 32465
Epoch 32466
Epoch 32467
Epoch 32468
Epoch 32469
Epoch 32470
Epoch 32471
Epoch 32472
Epoch 32473
Epoch 32474
Epoch 32475
Epoch 32476
Epoch 32477
Epoch 32478
Epoch 32479
Epoch 32480
Epoch 32481
Epoch 32482
Epoch 32483
Epoch 32484
Epoch 32485
Epoch 32486
Epoch 32487
Epoch 32488
Epoch 32489
Epoch 32490
Epoch 32491
Epoch 32492
Epoch 32493
Epoch 32494
Epoch 32495
Epoch 32496
Epoch 32497
Epoch 32498
Epoch 32499
Epoch 32500
Epoch 32501
Epoch 32502
Epoch 32503
Epoch 32504
Epoch 32505
Epoch 32506
Epoch 32507
Epoch 32508
Epoch 32509
Epoch 32510
Epoch 32511
Epoch 32512
Epoch 32513
Epoch 32514
Epoch 32515
Epoch 32516
Epoch 32517
Epoch 32518
Epoch 32519
Epoch 32520
Epoch 32521
Epoch 32522
Epoch 32523
Epoch 32524
Epoch 32525
Epoch 32526
Epoch 32527
Epoch 32528
Epoch 32529
Epoch 32530
Epoch 32531
Epoch 32532
Epoch 32533
Epoch 32534
Epoch 32535
Epoch 32536
Epoch 32537
Epoch 32538
Epoch 32539
Epoch 32540
Epoch 32541
Epoch 32542
Epoch 32543
Epoch 32544
Epoch 32545
Epoch 32546
Epoch 32547
Epoch 32548
Epoch 32549
Epoch 32550
Epoch 32551
Epoch 32552
Epoch 32553
Epoch 32554
Epoch 32555
Epoch 32556
Epoch 32557
Epoch 32558
Epoch 32559
Epoch 32560
Epoch 32561
Epoch 32562
Epoch 32563
Epoch 32564
Epoch 32565
Epoch 32566
Epoch 32567
Epoch 32568
Epoch 32569
Epoch 32570
Epoch 32571
Epoch 32572
Epoch 32573
Epoch 32574
Epoch 32575
Epoch 32576
Epoch 32577
Epoch 32578
Epoch 32579
Epoch 32580
Epoch 32581
Epoch 32582
Epoch 32583
Epoch 32584
Epoch 32585
Epoch 32586
Epoch 32587
Epoch 32588
Epoch 32589
Epoch 32590
Epoch 32591
Epoch 32592
Epoch 32593
Epoch 32594
Epoch 32595
Epoch 32596
Epoch 32597
Epoch 32598
Epoch 32599
Epoch 32600
Epoch 32601
Epoch 32602
Epoch 32603
Epoch 32604
Epoch 32605
Epoch 32606
Epoch 32607
Epoch 32608
Epoch 32609
Epoch 32610
Epoch 32611
Epoch 32612
Epoch 32613
Epoch 32614
Epoch 32615
Epoch 32616
Epoch 32617
Epoch 32618
Epoch 32619
Epoch 32620
Epoch 32621
Epoch 32622
Epoch 32623
Epoch 32624
Epoch 32625
Epoch 32626
Epoch 32627
Epoch 32628
Epoch 32629
Epoch 32630
Epoch 32631
Epoch 32632
Epoch 32633
Epoch 32634
Epoch 32635
Epoch 32636
Epoch 32637
Epoch 32638
Epoch 32639
Epoch 32640
Epoch 32641
Epoch 32642
Epoch 32643
Epoch 32644
Epoch 32645
Epoch 32646
Epoch 32647
Epoch 32648
Epoch 32649
Epoch 32650
Epoch 32651
Epoch 32652
Epoch 32653
Epoch 32654
Epoch 32655
Epoch 32656
Epoch 32657
Epoch 32658
Epoch 32659
Epoch 32660
Epoch 32661
Epoch 32662
Epoch 32663
Epoch 32664
Epoch 32665
Epoch 32666
Epoch 32667
Epoch 32668
Epoch 32669
Epoch 32670
Epoch 32671
Epoch 32672
Epoch 32673
Epoch 32674
Epoch 32675
Epoch 32676
Epoch 32677
Epoch 32678
Epoch 32679
Epoch 32680
Epoch 32681
Epoch 32682
Epoch 32683
Epoch 32684
Epoch 32685
Epoch 32686
Epoch 32687
Epoch 32688
Epoch 32689
Epoch 32690
Epoch 32691
Epoch 32692
Epoch 32693
Epoch 32694
Epoch 32695
Epoch 32696
Epoch 32697
Epoch 32698
Epoch 32699
Epoch 32700
Epoch 32701
Epoch 32702
Epoch 32703
Epoch 32704
Epoch 32705
Epoch 32706
Epoch 32707
Epoch 32708
Epoch 32709
Epoch 32710
Epoch 32711
Epoch 32712
Epoch 32713
Epoch 32714
Epoch 32715
Epoch 32716
Epoch 32717
Epoch 32718
Epoch 32719
Epoch 32720
Epoch 32721
Epoch 32722
Epoch 32723
Epoch 32724
Epoch 32725
Epoch 32726
Epoch 32727
Epoch 32728
Epoch 32729
Epoch 32730
Epoch 32731
Epoch 32732
Epoch 32733
Epoch 32734
Epoch 32735
Epoch 32736
Epoch 32737
Epoch 32738
Epoch 32739
Epoch 32740
Epoch 32741
Epoch 32742
Epoch 32743
Epoch 32744
Epoch 32745
Epoch 32746
Epoch 32747
Epoch 32748
Epoch 32749
Epoch 32750
Epoch 32751
Epoch 32752
Epoch 32753
Epoch 32754
Epoch 32755
Epoch 32756
Epoch 32757
Epoch 32758
Epoch 32759
Epoch 32760
Epoch 32761
Epoch 32762
Epoch 32763
Epoch 32764
Epoch 32765
Epoch 32766
Epoch 32767
Epoch 32768
Epoch 32769
Epoch 32770
Epoch 32771
Epoch 32772
Epoch 32773
Epoch 32774
Epoch 32775
Epoch 32776
Epoch 32777
Epoch 32778
Epoch 32779
Epoch 32780
Epoch 32781
Epoch 32782
Epoch 32783
Epoch 32784
Epoch 32785
Epoch 32786
Epoch 32787
Epoch 32788
Epoch 32789
Epoch 32790
Epoch 32791
Epoch 32792
Epoch 32793
Epoch 32794
Epoch 32795
Epoch 32796
Epoch 32797
Epoch 32798
Epoch 32799
Epoch 32800
Epoch 32801
Epoch 32802
Epoch 32803
Epoch 32804
Epoch 32805
Epoch 32806
Epoch 32807
Epoch 32808
Epoch 32809
Epoch 32810
Epoch 32811
Epoch 32812
Epoch 32813
Epoch 32814
Epoch 32815
Epoch 32816
Epoch 32817
Epoch 32818
Epoch 32819
Epoch 32820
Epoch 32821
Epoch 32822
Epoch 32823
Epoch 32824
Epoch 32825
Epoch 32826
Epoch 32827
Epoch 32828
Epoch 32829
Epoch 32830
Epoch 32831
Epoch 32832
Epoch 32833
Epoch 32834
Epoch 32835
Epoch 32836
Epoch 32837
Epoch 32838
Epoch 32839
Epoch 32840
Epoch 32841
Epoch 32842
Epoch 32843
Epoch 32844
Epoch 32845
Epoch 32846
Epoch 32847
Epoch 32848
Epoch 32849
Epoch 32850
Epoch 32851
Epoch 32852
Epoch 32853
Epoch 32854
Epoch 32855
Epoch 32856
Epoch 32857
Epoch 32858
Epoch 32859
Epoch 32860
Epoch 32861
Epoch 32862
Epoch 32863
Epoch 32864
Epoch 32865
Epoch 32866
Epoch 32867
Epoch 32868
Epoch 32869
Epoch 32870
Epoch 32871
Epoch 32872
Epoch 32873
Epoch 32874
Epoch 32875
Epoch 32876
Epoch 32877
Epoch 32878
Epoch 32879
Epoch 32880
Epoch 32881
Epoch 32882
Epoch 32883
Epoch 32884
Epoch 32885
Epoch 32886
Epoch 32887
Epoch 32888
Epoch 32889
Epoch 32890
Epoch 32891
Epoch 32892
Epoch 32893
Epoch 32894
Epoch 32895
Epoch 32896
Epoch 32897
Epoch 32898
Epoch 32899
Epoch 32900
Epoch 32901
Epoch 32902
Epoch 32903
Epoch 32904
Epoch 32905
Epoch 32906
Epoch 32907
Epoch 32908
Epoch 32909
Epoch 32910
Epoch 32911
Epoch 32912
Epoch 32913
Epoch 32914
Epoch 32915
Epoch 32916
Epoch 32917
Epoch 32918
Epoch 32919
Epoch 32920
Epoch 32921
Epoch 32922
Epoch 32923
Epoch 32924
Epoch 32925
Epoch 32926
Epoch 32927
Epoch 32928
Epoch 32929
Epoch 32930
Epoch 32931
Epoch 32932
Epoch 32933
Epoch 32934
Epoch 32935
Epoch 32936
Epoch 32937
Epoch 32938
Epoch 32939
Epoch 32940
Epoch 32941
Epoch 32942
Epoch 32943
Epoch 32944
Epoch 32945
Epoch 32946
Epoch 32947
Epoch 32948
Epoch 32949
Epoch 32950
Epoch 32951
Epoch 32952
Epoch 32953
Epoch 32954
Epoch 32955
Epoch 32956
Epoch 32957
Epoch 32958
Epoch 32959
Epoch 32960
Epoch 32961
Epoch 32962
Epoch 32963
Epoch 32964
Epoch 32965
Epoch 32966
Epoch 32967
Epoch 32968
Epoch 32969
Epoch 32970
Epoch 32971
Epoch 32972
Epoch 32973
Epoch 32974
Epoch 32975
Epoch 32976
Epoch 32977
Epoch 32978
Epoch 32979
Epoch 32980
Epoch 32981
Epoch 32982
Epoch 32983
Epoch 32984
Epoch 32985
Epoch 32986
Epoch 32987
Epoch 32988
Epoch 32989
Epoch 32990
Epoch 32991
Epoch 32992
Epoch 32993
Epoch 32994
Epoch 32995
Epoch 32996
Epoch 32997
Epoch 32998
Epoch 32999
Epoch 33000
Epoch 33001
Epoch 33002
Epoch 33003
Epoch 33004
Epoch 33005
Epoch 33006
Epoch 33007
Epoch 33008
Epoch 33009
Epoch 33010
Epoch 33011
Epoch 33012
Epoch 33013
Epoch 33014
Epoch 33015
Epoch 33016
Epoch 33017
Epoch 33018
Epoch 33019
Epoch 33020
Epoch 33021
Epoch 33022
Epoch 33023
Epoch 33024
Epoch 33025
Epoch 33026
Epoch 33027
Epoch 33028
Epoch 33029
Epoch 33030
Epoch 33031
Epoch 33032
Epoch 33033
Epoch 33034
Epoch 33035
Epoch 33036
Epoch 33037
Epoch 33038
Epoch 33039
Epoch 33040
Epoch 33041
Epoch 33042
Epoch 33043
Epoch 33044
Epoch 33045
Epoch 33046
Epoch 33047
Epoch 33048
Epoch 33049
Epoch 33050
Epoch 33051
Epoch 33052
Epoch 33053
Epoch 33054
Epoch 33055
Epoch 33056
Epoch 33057
Epoch 33058
Epoch 33059
Epoch 33060
Epoch 33061
Epoch 33062
Epoch 33063
Epoch 33064
Epoch 33065
Epoch 33066
Epoch 33067
Epoch 33068
Epoch 33069
Epoch 33070
Epoch 33071
Epoch 33072
Epoch 33073
Epoch 33074
Epoch 33075
Epoch 33076
Epoch 33077
Epoch 33078
Epoch 33079
Epoch 33080
Epoch 33081
Epoch 33082
Epoch 33083
Epoch 33084
Epoch 33085
Epoch 33086
Epoch 33087
Epoch 33088
Epoch 33089
Epoch 33090
Epoch 33091
Epoch 33092
Epoch 33093
Epoch 33094
Epoch 33095
Epoch 33096
Epoch 33097
Epoch 33098
Epoch 33099
Epoch 33100
Epoch 33101
Epoch 33102
Epoch 33103
Epoch 33104
Epoch 33105
Epoch 33106
Epoch 33107
Epoch 33108
Epoch 33109
Epoch 33110
Epoch 33111
Epoch 33112
Epoch 33113
Epoch 33114
Epoch 33115
Epoch 33116
Epoch 33117
Epoch 33118
Epoch 33119
Epoch 33120
Epoch 33121
Epoch 33122
Epoch 33123
Epoch 33124
Epoch 33125
Epoch 33126
Epoch 33127
Epoch 33128
Epoch 33129
Epoch 33130
Epoch 33131
Epoch 33132
Epoch 33133
Epoch 33134
Epoch 33135
Epoch 33136
Epoch 33137
Epoch 33138
Epoch 33139
Epoch 33140
Epoch 33141
Epoch 33142
Epoch 33143
Epoch 33144
Epoch 33145
Epoch 33146
Epoch 33147
Epoch 33148
Epoch 33149
Epoch 33150
Epoch 33151
Epoch 33152
Epoch 33153
Epoch 33154
Epoch 33155
Epoch 33156
Epoch 33157
Epoch 33158
Epoch 33159
Epoch 33160
Epoch 33161
Epoch 33162
Epoch 33163
Epoch 33164
Epoch 33165
Epoch 33166
Epoch 33167
Epoch 33168
Epoch 33169
Epoch 33170
Epoch 33171
Epoch 33172
Epoch 33173
Epoch 33174
Epoch 33175
Epoch 33176
Epoch 33177
Epoch 33178
Epoch 33179
Epoch 33180
Epoch 33181
Epoch 33182
Epoch 33183
Epoch 33184
Epoch 33185
Epoch 33186
Epoch 33187
Epoch 33188
Epoch 33189
Epoch 33190
Epoch 33191
Epoch 33192
Epoch 33193
Epoch 33194
Epoch 33195
Epoch 33196
Epoch 33197
Epoch 33198
Epoch 33199
Epoch 33200
Epoch 33201
Epoch 33202
Epoch 33203
Epoch 33204
Epoch 33205
Epoch 33206
Epoch 33207
Epoch 33208
Epoch 33209
Epoch 33210
Epoch 33211
Epoch 33212
Epoch 33213
Epoch 33214
Epoch 33215
Epoch 33216
Epoch 33217
Epoch 33218
Epoch 33219
Epoch 33220
Epoch 33221
Epoch 33222
Epoch 33223
Epoch 33224
Epoch 33225
Epoch 33226
Epoch 33227
Epoch 33228
Epoch 33229
Epoch 33230
Epoch 33231
Epoch 33232
Epoch 33233
Epoch 33234
Epoch 33235
Epoch 33236
Epoch 33237
Epoch 33238
Epoch 33239
Epoch 33240
Epoch 33241
Epoch 33242
Epoch 33243
Epoch 33244
Epoch 33245
Epoch 33246
Epoch 33247
Epoch 33248
Epoch 33249
Epoch 33250
Epoch 33251
Epoch 33252
Epoch 33253
Epoch 33254
Epoch 33255
Epoch 33256
Epoch 33257
Epoch 33258
Epoch 33259
Epoch 33260
Epoch 33261
Epoch 33262
Epoch 33263
Epoch 33264
Epoch 33265
Epoch 33266
Epoch 33267
Epoch 33268
Epoch 33269
Epoch 33270
Epoch 33271
Epoch 33272
Epoch 33273
Epoch 33274
Epoch 33275
Epoch 33276
Epoch 33277
Epoch 33278
Epoch 33279
Epoch 33280
Epoch 33281
Epoch 33282
Epoch 33283
Epoch 33284
Epoch 33285
Epoch 33286
Epoch 33287
Epoch 33288
Epoch 33289
Epoch 33290
Epoch 33291
Epoch 33292
Epoch 33293
Epoch 33294
Epoch 33295
Epoch 33296
Epoch 33297
Epoch 33298
Epoch 33299
Epoch 33300
Epoch 33301
Epoch 33302
Epoch 33303
Epoch 33304
Epoch 33305
Epoch 33306
Epoch 33307
Epoch 33308
Epoch 33309
Epoch 33310
Epoch 33311
Epoch 33312
Epoch 33313
Epoch 33314
Epoch 33315
Epoch 33316
Epoch 33317
Epoch 33318
Epoch 33319
Epoch 33320
Epoch 33321
Epoch 33322
Epoch 33323
Epoch 33324
Epoch 33325
Epoch 33326
Epoch 33327
Epoch 33328
Epoch 33329
Epoch 33330
Epoch 33331
Epoch 33332
Epoch 33333
Epoch 33334
Epoch 33335
Epoch 33336
Epoch 33337
Epoch 33338
Epoch 33339
Epoch 33340
Epoch 33341
Epoch 33342
Epoch 33343
Epoch 33344
Epoch 33345
Epoch 33346
Epoch 33347
Epoch 33348
Epoch 33349
Epoch 33350
Epoch 33351
Epoch 33352
Epoch 33353
Epoch 33354
Epoch 33355
Epoch 33356
Epoch 33357
Epoch 33358
Epoch 33359
Epoch 33360
Epoch 33361
Epoch 33362
Epoch 33363
Epoch 33364
Epoch 33365
Epoch 33366
Epoch 33367
Epoch 33368
Epoch 33369
Epoch 33370
Epoch 33371
Epoch 33372
Epoch 33373
Epoch 33374
Epoch 33375
Epoch 33376
Epoch 33377
Epoch 33378
Epoch 33379
Epoch 33380
Epoch 33381
Epoch 33382
Epoch 33383
Epoch 33384
Epoch 33385
Epoch 33386
Epoch 33387
Epoch 33388
Epoch 33389
Epoch 33390
Epoch 33391
Epoch 33392
Epoch 33393
Epoch 33394
Epoch 33395
Epoch 33396
Epoch 33397
Epoch 33398
Epoch 33399
Epoch 33400
Epoch 33401
Epoch 33402
Epoch 33403
Epoch 33404
Epoch 33405
Epoch 33406
Epoch 33407
Epoch 33408
Epoch 33409
Epoch 33410
Epoch 33411
Epoch 33412
Epoch 33413
Epoch 33414
Epoch 33415
Epoch 33416
Epoch 33417
Epoch 33418
Epoch 33419
Epoch 33420
Epoch 33421
Epoch 33422
Epoch 33423
Epoch 33424
Epoch 33425
Epoch 33426
Epoch 33427
Epoch 33428
Epoch 33429
Epoch 33430
Epoch 33431
Epoch 33432
Epoch 33433
Epoch 33434
Epoch 33435
Epoch 33436
Epoch 33437
Epoch 33438
Epoch 33439
Epoch 33440
Epoch 33441
Epoch 33442
Epoch 33443
Epoch 33444
Epoch 33445
Epoch 33446
Epoch 33447
Epoch 33448
Epoch 33449
Epoch 33450
Epoch 33451
Epoch 33452
Epoch 33453
Epoch 33454
Epoch 33455
Epoch 33456
Epoch 33457
Epoch 33458
Epoch 33459
Epoch 33460
Epoch 33461
Epoch 33462
Epoch 33463
Epoch 33464
Epoch 33465
Epoch 33466
Epoch 33467
Epoch 33468
Epoch 33469
Epoch 33470
Epoch 33471
Epoch 33472
Epoch 33473
Epoch 33474
Epoch 33475
Epoch 33476
Epoch 33477
Epoch 33478
Epoch 33479
Epoch 33480
Epoch 33481
Epoch 33482
Epoch 33483
Epoch 33484
Epoch 33485
Epoch 33486
Epoch 33487
Epoch 33488
Epoch 33489
Epoch 33490
Epoch 33491
Epoch 33492
Epoch 33493
Epoch 33494
Epoch 33495
Epoch 33496
Epoch 33497
Epoch 33498
Epoch 33499
Epoch 33500
Epoch 33501
Epoch 33502
Epoch 33503
Epoch 33504
Epoch 33505
Epoch 33506
Epoch 33507
Epoch 33508
Epoch 33509
Epoch 33510
Epoch 33511
Epoch 33512
Epoch 33513
Epoch 33514
Epoch 33515
Epoch 33516
Epoch 33517
Epoch 33518
Epoch 33519
Epoch 33520
Epoch 33521
Epoch 33522
Epoch 33523
Epoch 33524
Epoch 33525
Epoch 33526
Epoch 33527
Epoch 33528
Epoch 33529
Epoch 33530
Epoch 33531
Epoch 33532
Epoch 33533
Epoch 33534
Epoch 33535
Epoch 33536
Epoch 33537
Epoch 33538
Epoch 33539
Epoch 33540
Epoch 33541
Epoch 33542
Epoch 33543
Epoch 33544
Epoch 33545
Epoch 33546
Epoch 33547
Epoch 33548
Epoch 33549
Epoch 33550
Epoch 33551
Epoch 33552
Epoch 33553
Epoch 33554
Epoch 33555
Epoch 33556
Epoch 33557
Epoch 33558
Epoch 33559
Epoch 33560
Epoch 33561
Epoch 33562
Epoch 33563
Epoch 33564
Epoch 33565
Epoch 33566
Epoch 33567
Epoch 33568
Epoch 33569
Epoch 33570
Epoch 33571
Epoch 33572
Epoch 33573
Epoch 33574
Epoch 33575
Epoch 33576
Epoch 33577
Epoch 33578
Epoch 33579
Epoch 33580
Epoch 33581
Epoch 33582
Epoch 33583
Epoch 33584
Epoch 33585
Epoch 33586
Epoch 33587
Epoch 33588
Epoch 33589
Epoch 33590
Epoch 33591
Epoch 33592
Epoch 33593
Epoch 33594
Epoch 33595
Epoch 33596
Epoch 33597
Epoch 33598
Epoch 33599
Epoch 33600
Epoch 33601
Epoch 33602
Epoch 33603
Epoch 33604
Epoch 33605
Epoch 33606
Epoch 33607
Epoch 33608
Epoch 33609
Epoch 33610
Epoch 33611
Epoch 33612
Epoch 33613
Epoch 33614
Epoch 33615
Epoch 33616
Epoch 33617
Epoch 33618
Epoch 33619
Epoch 33620
Epoch 33621
Epoch 33622
Epoch 33623
Epoch 33624
Epoch 33625
Epoch 33626
Epoch 33627
Epoch 33628
Epoch 33629
Epoch 33630
Epoch 33631
Epoch 33632
Epoch 33633
Epoch 33634
Epoch 33635
Epoch 33636
Epoch 33637
Epoch 33638
Epoch 33639
Epoch 33640
Epoch 33641
Epoch 33642
Epoch 33643
Epoch 33644
Epoch 33645
Epoch 33646
Epoch 33647
Epoch 33648
Epoch 33649
Epoch 33650
Epoch 33651
Epoch 33652
Epoch 33653
Epoch 33654
Epoch 33655
Epoch 33656
Epoch 33657
Epoch 33658
Epoch 33659
Epoch 33660
Epoch 33661
Epoch 33662
Epoch 33663
Epoch 33664
Epoch 33665
Epoch 33666
Epoch 33667
Epoch 33668
Epoch 33669
Epoch 33670
Epoch 33671
Epoch 33672
Epoch 33673
Epoch 33674
Epoch 33675
Epoch 33676
Epoch 33677
Epoch 33678
Epoch 33679
Epoch 33680
Epoch 33681
Epoch 33682
Epoch 33683
Epoch 33684
Epoch 33685
Epoch 33686
Epoch 33687
Epoch 33688
Epoch 33689
Epoch 33690
Epoch 33691
Epoch 33692
Epoch 33693
Epoch 33694
Epoch 33695
Epoch 33696
Epoch 33697
Epoch 33698
Epoch 33699
Epoch 33700
Epoch 33701
Epoch 33702
Epoch 33703
Epoch 33704
Epoch 33705
Epoch 33706
Epoch 33707
Epoch 33708
Epoch 33709
Epoch 33710
Epoch 33711
Epoch 33712
Epoch 33713
Epoch 33714
Epoch 33715
Epoch 33716
Epoch 33717
Epoch 33718
Epoch 33719
Epoch 33720
Epoch 33721
Epoch 33722
Epoch 33723
Epoch 33724
Epoch 33725
Epoch 33726
Epoch 33727
Epoch 33728
Epoch 33729
Epoch 33730
Epoch 33731
Epoch 33732
Epoch 33733
Epoch 33734
Epoch 33735
Epoch 33736
Epoch 33737
Epoch 33738
Epoch 33739
Epoch 33740
Epoch 33741
Epoch 33742
Epoch 33743
Epoch 33744
Epoch 33745
Epoch 33746
Epoch 33747
Epoch 33748
Epoch 33749
Epoch 33750
Epoch 33751
Epoch 33752
Epoch 33753
Epoch 33754
Epoch 33755
Epoch 33756
Epoch 33757
Epoch 33758
Epoch 33759
Epoch 33760
Epoch 33761
Epoch 33762
Epoch 33763
Epoch 33764
Epoch 33765
Epoch 33766
Epoch 33767
Epoch 33768
Epoch 33769
Epoch 33770
Epoch 33771
Epoch 33772
Epoch 33773
Epoch 33774
Epoch 33775
Epoch 33776
Epoch 33777
Epoch 33778
Epoch 33779
Epoch 33780
Epoch 33781
Epoch 33782
Epoch 33783
Epoch 33784
Epoch 33785
Epoch 33786
Epoch 33787
Epoch 33788
Epoch 33789
Epoch 33790
Epoch 33791
Epoch 33792
Epoch 33793
Epoch 33794
Epoch 33795
Epoch 33796
Epoch 33797
Epoch 33798
Epoch 33799
Epoch 33800
Epoch 33801
Epoch 33802
Epoch 33803
Epoch 33804
Epoch 33805
Epoch 33806
Epoch 33807
Epoch 33808
Epoch 33809
Epoch 33810
Epoch 33811
Epoch 33812
Epoch 33813
Epoch 33814
Epoch 33815
Epoch 33816
Epoch 33817
Epoch 33818
Epoch 33819
Epoch 33820
Epoch 33821
Epoch 33822
Epoch 33823
Epoch 33824
Epoch 33825
Epoch 33826
Epoch 33827
Epoch 33828
Epoch 33829
Epoch 33830
Epoch 33831
Epoch 33832
Epoch 33833
Epoch 33834
Epoch 33835
Epoch 33836
Epoch 33837
Epoch 33838
Epoch 33839
Epoch 33840
Epoch 33841
Epoch 33842
Epoch 33843
Epoch 33844
Epoch 33845
Epoch 33846
Epoch 33847
Epoch 33848
Epoch 33849
Epoch 33850
Epoch 33851
Epoch 33852
Epoch 33853
Epoch 33854
Epoch 33855
Epoch 33856
Epoch 33857
Epoch 33858
Epoch 33859
Epoch 33860
Epoch 33861
Epoch 33862
Epoch 33863
Epoch 33864
Epoch 33865
Epoch 33866
Epoch 33867
Epoch 33868
Epoch 33869
Epoch 33870
Epoch 33871
Epoch 33872
Epoch 33873
Epoch 33874
Epoch 33875
Epoch 33876
Epoch 33877
Epoch 33878
Epoch 33879
Epoch 33880
Epoch 33881
Epoch 33882
Epoch 33883
Epoch 33884
Epoch 33885
Epoch 33886
Epoch 33887
Epoch 33888
Epoch 33889
Epoch 33890
Epoch 33891
Epoch 33892
Epoch 33893
Epoch 33894
Epoch 33895
Epoch 33896
Epoch 33897
Epoch 33898
Epoch 33899
Epoch 33900
Epoch 33901
Epoch 33902
Epoch 33903
Epoch 33904
Epoch 33905
Epoch 33906
Epoch 33907
Epoch 33908
Epoch 33909
Epoch 33910
Epoch 33911
Epoch 33912
Epoch 33913
Epoch 33914
Epoch 33915
Epoch 33916
Epoch 33917
Epoch 33918
Epoch 33919
Epoch 33920
Epoch 33921
Epoch 33922
Epoch 33923
Epoch 33924
Epoch 33925
Epoch 33926
Epoch 33927
Epoch 33928
Epoch 33929
Epoch 33930
Epoch 33931
Epoch 33932
Epoch 33933
Epoch 33934
Epoch 33935
Epoch 33936
Epoch 33937
Epoch 33938
Epoch 33939
Epoch 33940
Epoch 33941
Epoch 33942
Epoch 33943
Epoch 33944
Epoch 33945
Epoch 33946
Epoch 33947
Epoch 33948
Epoch 33949
Epoch 33950
Epoch 33951
Epoch 33952
Epoch 33953
Epoch 33954
Epoch 33955
Epoch 33956
Epoch 33957
Epoch 33958
Epoch 33959
Epoch 33960
Epoch 33961
Epoch 33962
Epoch 33963
Epoch 33964
Epoch 33965
Epoch 33966
Epoch 33967
Epoch 33968
Epoch 33969
Epoch 33970
Epoch 33971
Epoch 33972
Epoch 33973
Epoch 33974
Epoch 33975
Epoch 33976
Epoch 33977
Epoch 33978
Epoch 33979
Epoch 33980
Epoch 33981
Epoch 33982
Epoch 33983
Epoch 33984
Epoch 33985
Epoch 33986
Epoch 33987
Epoch 33988
Epoch 33989
Epoch 33990
Epoch 33991
Epoch 33992
Epoch 33993
Epoch 33994
Epoch 33995
Epoch 33996
Epoch 33997
Epoch 33998
Epoch 33999
Epoch 34000
Epoch 34001
Epoch 34002
Epoch 34003
Epoch 34004
Epoch 34005
Epoch 34006
Epoch 34007
Epoch 34008
Epoch 34009
Epoch 34010
Epoch 34011
Epoch 34012
Epoch 34013
Epoch 34014
Epoch 34015
Epoch 34016
Epoch 34017
Epoch 34018
Epoch 34019
Epoch 34020
Epoch 34021
Epoch 34022
Epoch 34023
Epoch 34024
Epoch 34025
Epoch 34026
Epoch 34027
Epoch 34028
Epoch 34029
Epoch 34030
Epoch 34031
Epoch 34032
Epoch 34033
Epoch 34034
Epoch 34035
Epoch 34036
Epoch 34037
Epoch 34038
Epoch 34039
Epoch 34040
Epoch 34041
Epoch 34042
Epoch 34043
Epoch 34044
Epoch 34045
Epoch 34046
Epoch 34047
Epoch 34048
Epoch 34049
Epoch 34050
Epoch 34051
Epoch 34052
Epoch 34053
Epoch 34054
Epoch 34055
Epoch 34056
Epoch 34057
Epoch 34058
Epoch 34059
Epoch 34060
Epoch 34061
Epoch 34062
Epoch 34063
Epoch 34064
Epoch 34065
Epoch 34066
Epoch 34067
Epoch 34068
Epoch 34069
Epoch 34070
Epoch 34071
Epoch 34072
Epoch 34073
Epoch 34074
Epoch 34075
Epoch 34076
Epoch 34077
Epoch 34078
Epoch 34079
Epoch 34080
Epoch 34081
Epoch 34082
Epoch 34083
Epoch 34084
Epoch 34085
Epoch 34086
Epoch 34087
Epoch 34088
Epoch 34089
Epoch 34090
Epoch 34091
Epoch 34092
Epoch 34093
Epoch 34094
Epoch 34095
Epoch 34096
Epoch 34097
Epoch 34098
Epoch 34099
Epoch 34100
Epoch 34101
Epoch 34102
Epoch 34103
Epoch 34104
Epoch 34105
Epoch 34106
Epoch 34107
Epoch 34108
Epoch 34109
Epoch 34110
Epoch 34111
Epoch 34112
Epoch 34113
Epoch 34114
Epoch 34115
Epoch 34116
Epoch 34117
Epoch 34118
Epoch 34119
Epoch 34120
Epoch 34121
Epoch 34122
Epoch 34123
Epoch 34124
Epoch 34125
Epoch 34126
Epoch 34127
Epoch 34128
Epoch 34129
Epoch 34130
Epoch 34131
Epoch 34132
Epoch 34133
Epoch 34134
Epoch 34135
Epoch 34136
Epoch 34137
Epoch 34138
Epoch 34139
Epoch 34140
Epoch 34141
Epoch 34142
Epoch 34143
Epoch 34144
Epoch 34145
Epoch 34146
Epoch 34147
Epoch 34148
Epoch 34149
Epoch 34150
Epoch 34151
Epoch 34152
Epoch 34153
Epoch 34154
Epoch 34155
Epoch 34156
Epoch 34157
Epoch 34158
Epoch 34159
Epoch 34160
Epoch 34161
Epoch 34162
Epoch 34163
Epoch 34164
Epoch 34165
Epoch 34166
Epoch 34167
Epoch 34168
Epoch 34169
Epoch 34170
Epoch 34171
Epoch 34172
Epoch 34173
Epoch 34174
Epoch 34175
Epoch 34176
Epoch 34177
Epoch 34178
Epoch 34179
Epoch 34180
Epoch 34181
Epoch 34182
Epoch 34183
Epoch 34184
Epoch 34185
Epoch 34186
Epoch 34187
Epoch 34188
Epoch 34189
Epoch 34190
Epoch 34191
Epoch 34192
Epoch 34193
Epoch 34194
Epoch 34195
Epoch 34196
Epoch 34197
Epoch 34198
Epoch 34199
Epoch 34200
Epoch 34201
Epoch 34202
Epoch 34203
Epoch 34204
Epoch 34205
Epoch 34206
Epoch 34207
Epoch 34208
Epoch 34209
Epoch 34210
Epoch 34211
Epoch 34212
Epoch 34213
Epoch 34214
Epoch 34215
Epoch 34216
Epoch 34217
Epoch 34218
Epoch 34219
Epoch 34220
Epoch 34221
Epoch 34222
Epoch 34223
Epoch 34224
Epoch 34225
Epoch 34226
Epoch 34227
Epoch 34228
Epoch 34229
Epoch 34230
Epoch 34231
Epoch 34232
Epoch 34233
Epoch 34234
Epoch 34235
Epoch 34236
Epoch 34237
Epoch 34238
Epoch 34239
Epoch 34240
Epoch 34241
Epoch 34242
Epoch 34243
Epoch 34244
Epoch 34245
Epoch 34246
Epoch 34247
Epoch 34248
Epoch 34249
Epoch 34250
Epoch 34251
Epoch 34252
Epoch 34253
Epoch 34254
Epoch 34255
Epoch 34256
Epoch 34257
Epoch 34258
Epoch 34259
Epoch 34260
Epoch 34261
Epoch 34262
Epoch 34263
Epoch 34264
Epoch 34265
Epoch 34266
Epoch 34267
Epoch 34268
Epoch 34269
Epoch 34270
Epoch 34271
Epoch 34272
Epoch 34273
Epoch 34274
Epoch 34275
Epoch 34276
Epoch 34277
Epoch 34278
Epoch 34279
Epoch 34280
Epoch 34281
Epoch 34282
Epoch 34283
Epoch 34284
Epoch 34285
Epoch 34286
Epoch 34287
Epoch 34288
Epoch 34289
Epoch 34290
Epoch 34291
Epoch 34292
Epoch 34293
Epoch 34294
Epoch 34295
Epoch 34296
Epoch 34297
Epoch 34298
Epoch 34299
Epoch 34300
Epoch 34301
Epoch 34302
Epoch 34303
Epoch 34304
Epoch 34305
Epoch 34306
Epoch 34307
Epoch 34308
Epoch 34309
Epoch 34310
Epoch 34311
Epoch 34312
Epoch 34313
Epoch 34314
Epoch 34315
Epoch 34316
Epoch 34317
Epoch 34318
Epoch 34319
Epoch 34320
Epoch 34321
Epoch 34322
Epoch 34323
Epoch 34324
Epoch 34325
Epoch 34326
Epoch 34327
Epoch 34328
Epoch 34329
Epoch 34330
Epoch 34331
Epoch 34332
Epoch 34333
Epoch 34334
Epoch 34335
Epoch 34336
Epoch 34337
Epoch 34338
Epoch 34339
Epoch 34340
Epoch 34341
Epoch 34342
Epoch 34343
Epoch 34344
Epoch 34345
Epoch 34346
Epoch 34347
Epoch 34348
Epoch 34349
Epoch 34350
Epoch 34351
Epoch 34352
Epoch 34353
Epoch 34354
Epoch 34355
Epoch 34356
Epoch 34357
Epoch 34358
Epoch 34359
Epoch 34360
Epoch 34361
Epoch 34362
Epoch 34363
Epoch 34364
Epoch 34365
Epoch 34366
Epoch 34367
Epoch 34368
Epoch 34369
Epoch 34370
Epoch 34371
Epoch 34372
Epoch 34373
Epoch 34374
Epoch 34375
Epoch 34376
Epoch 34377
Epoch 34378
Epoch 34379
Epoch 34380
Epoch 34381
Epoch 34382
Epoch 34383
Epoch 34384
Epoch 34385
Epoch 34386
Epoch 34387
Epoch 34388
Epoch 34389
Epoch 34390
Epoch 34391
Epoch 34392
Epoch 34393
Epoch 34394
Epoch 34395
Epoch 34396
Epoch 34397
Epoch 34398
Epoch 34399
Epoch 34400
Epoch 34401
Epoch 34402
Epoch 34403
Epoch 34404
Epoch 34405
Epoch 34406
Epoch 34407
Epoch 34408
Epoch 34409
Epoch 34410
Epoch 34411
Epoch 34412
Epoch 34413
Epoch 34414
Epoch 34415
Epoch 34416
Epoch 34417
Epoch 34418
Epoch 34419
Epoch 34420
Epoch 34421
Epoch 34422
Epoch 34423
Epoch 34424
Epoch 34425
Epoch 34426
Epoch 34427
Epoch 34428
Epoch 34429
Epoch 34430
Epoch 34431
Epoch 34432
Epoch 34433
Epoch 34434
Epoch 34435
Epoch 34436
Epoch 34437
Epoch 34438
Epoch 34439
Epoch 34440
Epoch 34441
Epoch 34442
Epoch 34443
Epoch 34444
Epoch 34445
Epoch 34446
Epoch 34447
Epoch 34448
Epoch 34449
Epoch 34450
Epoch 34451
Epoch 34452
Epoch 34453
Epoch 34454
Epoch 34455
Epoch 34456
Epoch 34457
Epoch 34458
Epoch 34459
Epoch 34460
Epoch 34461
Epoch 34462
Epoch 34463
Epoch 34464
Epoch 34465
Epoch 34466
Epoch 34467
Epoch 34468
Epoch 34469
Epoch 34470
Epoch 34471
Epoch 34472
Epoch 34473
Epoch 34474
Epoch 34475
Epoch 34476
Epoch 34477
Epoch 34478
Epoch 34479
Epoch 34480
Epoch 34481
Epoch 34482
Epoch 34483
Epoch 34484
Epoch 34485
Epoch 34486
Epoch 34487
Epoch 34488
Epoch 34489
Epoch 34490
Epoch 34491
Epoch 34492
Epoch 34493
Epoch 34494
Epoch 34495
Epoch 34496
Epoch 34497
Epoch 34498
Epoch 34499
Epoch 34500
Epoch 34501
Epoch 34502
Epoch 34503
Epoch 34504
Epoch 34505
Epoch 34506
Epoch 34507
Epoch 34508
Epoch 34509
Epoch 34510
Epoch 34511
Epoch 34512
Epoch 34513
Epoch 34514
Epoch 34515
Epoch 34516
Epoch 34517
Epoch 34518
Epoch 34519
Epoch 34520
Epoch 34521
Epoch 34522
Epoch 34523
Epoch 34524
Epoch 34525
Epoch 34526
Epoch 34527
Epoch 34528
Epoch 34529
Epoch 34530
Epoch 34531
Epoch 34532
Epoch 34533
Epoch 34534
Epoch 34535
Epoch 34536
Epoch 34537
Epoch 34538
Epoch 34539
Epoch 34540
Epoch 34541
Epoch 34542
Epoch 34543
Epoch 34544
Epoch 34545
Epoch 34546
Epoch 34547
Epoch 34548
Epoch 34549
Epoch 34550
Epoch 34551
Epoch 34552
Epoch 34553
Epoch 34554
Epoch 34555
Epoch 34556
Epoch 34557
Epoch 34558
Epoch 34559
Epoch 34560
Epoch 34561
Epoch 34562
Epoch 34563
Epoch 34564
Epoch 34565
Epoch 34566
Epoch 34567
Epoch 34568
Epoch 34569
Epoch 34570
Epoch 34571
Epoch 34572
Epoch 34573
Epoch 34574
Epoch 34575
Epoch 34576
Epoch 34577
Epoch 34578
Epoch 34579
Epoch 34580
Epoch 34581
Epoch 34582
Epoch 34583
Epoch 34584
Epoch 34585
Epoch 34586
Epoch 34587
Epoch 34588
Epoch 34589
Epoch 34590
Epoch 34591
Epoch 34592
Epoch 34593
Epoch 34594
Epoch 34595
Epoch 34596
Epoch 34597
Epoch 34598
Epoch 34599
Epoch 34600
Epoch 34601
Epoch 34602
Epoch 34603
Epoch 34604
Epoch 34605
Epoch 34606
Epoch 34607
Epoch 34608
Epoch 34609
Epoch 34610
Epoch 34611
Epoch 34612
Epoch 34613
Epoch 34614
Epoch 34615
Epoch 34616
Epoch 34617
Epoch 34618
Epoch 34619
Epoch 34620
Epoch 34621
Epoch 34622
Epoch 34623
Epoch 34624
Epoch 34625
Epoch 34626
Epoch 34627
Epoch 34628
Epoch 34629
Epoch 34630
Epoch 34631
Epoch 34632
Epoch 34633
Epoch 34634
Epoch 34635
Epoch 34636
Epoch 34637
Epoch 34638
Epoch 34639
Epoch 34640
Epoch 34641
Epoch 34642
Epoch 34643
Epoch 34644
Epoch 34645
Epoch 34646
Epoch 34647
Epoch 34648
Epoch 34649
Epoch 34650
Epoch 34651
Epoch 34652
Epoch 34653
Epoch 34654
Epoch 34655
Epoch 34656
Epoch 34657
Epoch 34658
Epoch 34659
Epoch 34660
Epoch 34661
Epoch 34662
Epoch 34663
Epoch 34664
Epoch 34665
Epoch 34666
Epoch 34667
Epoch 34668
Epoch 34669
Epoch 34670
Epoch 34671
Epoch 34672
Epoch 34673
Epoch 34674
Epoch 34675
Epoch 34676
Epoch 34677
Epoch 34678
Epoch 34679
Epoch 34680
Epoch 34681
Epoch 34682
Epoch 34683
Epoch 34684
Epoch 34685
Epoch 34686
Epoch 34687
Epoch 34688
Epoch 34689
Epoch 34690
Epoch 34691
Epoch 34692
Epoch 34693
Epoch 34694
Epoch 34695
Epoch 34696
Epoch 34697
Epoch 34698
Epoch 34699
Epoch 34700
Epoch 34701
Epoch 34702
Epoch 34703
Epoch 34704
Epoch 34705
Epoch 34706
Epoch 34707
Epoch 34708
Epoch 34709
Epoch 34710
Epoch 34711
Epoch 34712
Epoch 34713
Epoch 34714
Epoch 34715
Epoch 34716
Epoch 34717
Epoch 34718
Epoch 34719
Epoch 34720
Epoch 34721
Epoch 34722
Epoch 34723
Epoch 34724
Epoch 34725
Epoch 34726
Epoch 34727
Epoch 34728
Epoch 34729
Epoch 34730
Epoch 34731
Epoch 34732
Epoch 34733
Epoch 34734
Epoch 34735
Epoch 34736
Epoch 34737
Epoch 34738
Epoch 34739
Epoch 34740
Epoch 34741
Epoch 34742
Epoch 34743
Epoch 34744
Epoch 34745
Epoch 34746
Epoch 34747
Epoch 34748
Epoch 34749
Epoch 34750
Epoch 34751
Epoch 34752
Epoch 34753
Epoch 34754
Epoch 34755
Epoch 34756
Epoch 34757
Epoch 34758
Epoch 34759
Epoch 34760
Epoch 34761
Epoch 34762
Epoch 34763
Epoch 34764
Epoch 34765
Epoch 34766
Epoch 34767
Epoch 34768
Epoch 34769
Epoch 34770
Epoch 34771
Epoch 34772
Epoch 34773
Epoch 34774
Epoch 34775
Epoch 34776
Epoch 34777
Epoch 34778
Epoch 34779
Epoch 34780
Epoch 34781
Epoch 34782
Epoch 34783
Epoch 34784
Epoch 34785
Epoch 34786
Epoch 34787
Epoch 34788
Epoch 34789
Epoch 34790
Epoch 34791
Epoch 34792
Epoch 34793
Epoch 34794
Epoch 34795
Epoch 34796
Epoch 34797
Epoch 34798
Epoch 34799
Epoch 34800
Epoch 34801
Epoch 34802
Epoch 34803
Epoch 34804
Epoch 34805
Epoch 34806
Epoch 34807
Epoch 34808
Epoch 34809
Epoch 34810
Epoch 34811
Epoch 34812
Epoch 34813
Epoch 34814
Epoch 34815
Epoch 34816
Epoch 34817
Epoch 34818
Epoch 34819
Epoch 34820
Epoch 34821
Epoch 34822
Epoch 34823
Epoch 34824
Epoch 34825
Epoch 34826
Epoch 34827
Epoch 34828
Epoch 34829
Epoch 34830
Epoch 34831
Epoch 34832
Epoch 34833
Epoch 34834
Epoch 34835
Epoch 34836
Epoch 34837
Epoch 34838
Epoch 34839
Epoch 34840
Epoch 34841
Epoch 34842
Epoch 34843
Epoch 34844
Epoch 34845
Epoch 34846
Epoch 34847
Epoch 34848
Epoch 34849
Epoch 34850
Epoch 34851
Epoch 34852
Epoch 34853
Epoch 34854
Epoch 34855
Epoch 34856
Epoch 34857
Epoch 34858
Epoch 34859
Epoch 34860
Epoch 34861
Epoch 34862
Epoch 34863
Epoch 34864
Epoch 34865
Epoch 34866
Epoch 34867
Epoch 34868
Epoch 34869
Epoch 34870
Epoch 34871
Epoch 34872
Epoch 34873
Epoch 34874
Epoch 34875
Epoch 34876
Epoch 34877
Epoch 34878
Epoch 34879
Epoch 34880
Epoch 34881
Epoch 34882
Epoch 34883
Epoch 34884
Epoch 34885
Epoch 34886
Epoch 34887
Epoch 34888
Epoch 34889
Epoch 34890
Epoch 34891
Epoch 34892
Epoch 34893
Epoch 34894
Epoch 34895
Epoch 34896
Epoch 34897
Epoch 34898
Epoch 34899
Epoch 34900
Epoch 34901
Epoch 34902
Epoch 34903
Epoch 34904
Epoch 34905
Epoch 34906
Epoch 34907
Epoch 34908
Epoch 34909
Epoch 34910
Epoch 34911
Epoch 34912
Epoch 34913
Epoch 34914
Epoch 34915
Epoch 34916
Epoch 34917
Epoch 34918
Epoch 34919
Epoch 34920
Epoch 34921
Epoch 34922
Epoch 34923
Epoch 34924
Epoch 34925
Epoch 34926
Epoch 34927
Epoch 34928
Epoch 34929
Epoch 34930
Epoch 34931
Epoch 34932
Epoch 34933
Epoch 34934
Epoch 34935
Epoch 34936
Epoch 34937
Epoch 34938
Epoch 34939
Epoch 34940
Epoch 34941
Epoch 34942
Epoch 34943
Epoch 34944
Epoch 34945
Epoch 34946
Epoch 34947
Epoch 34948
Epoch 34949
Epoch 34950
Epoch 34951
Epoch 34952
Epoch 34953
Epoch 34954
Epoch 34955
Epoch 34956
Epoch 34957
Epoch 34958
Epoch 34959
Epoch 34960
Epoch 34961
Epoch 34962
Epoch 34963
Epoch 34964
Epoch 34965
Epoch 34966
Epoch 34967
Epoch 34968
Epoch 34969
Epoch 34970
Epoch 34971
Epoch 34972
Epoch 34973
Epoch 34974
Epoch 34975
Epoch 34976
Epoch 34977
Epoch 34978
Epoch 34979
Epoch 34980
Epoch 34981
Epoch 34982
Epoch 34983
Epoch 34984
Epoch 34985
Epoch 34986
Epoch 34987
Epoch 34988
Epoch 34989
Epoch 34990
Epoch 34991
Epoch 34992
Epoch 34993
Epoch 34994
Epoch 34995
Epoch 34996
Epoch 34997
Epoch 34998
Epoch 34999
Epoch 35000
Epoch 35001
Epoch 35002
Epoch 35003
Epoch 35004
Epoch 35005
Epoch 35006
Epoch 35007
Epoch 35008
Epoch 35009
Epoch 35010
Epoch 35011
Epoch 35012
Epoch 35013
Epoch 35014
Epoch 35015
Epoch 35016
Epoch 35017
Epoch 35018
Epoch 35019
Epoch 35020
Epoch 35021
Epoch 35022
Epoch 35023
Epoch 35024
Epoch 35025
Epoch 35026
Epoch 35027
Epoch 35028
Epoch 35029
Epoch 35030
Epoch 35031
Epoch 35032
Epoch 35033
Epoch 35034
Epoch 35035
Epoch 35036
Epoch 35037
Epoch 35038
Epoch 35039
Epoch 35040
Epoch 35041
Epoch 35042
Epoch 35043
Epoch 35044
Epoch 35045
Epoch 35046
Epoch 35047
Epoch 35048
Epoch 35049
Epoch 35050
Epoch 35051
Epoch 35052
Epoch 35053
Epoch 35054
Epoch 35055
Epoch 35056
Epoch 35057
Epoch 35058
Epoch 35059
Epoch 35060
Epoch 35061
Epoch 35062
Epoch 35063
Epoch 35064
Epoch 35065
Epoch 35066
Epoch 35067
Epoch 35068
Epoch 35069
Epoch 35070
Epoch 35071
Epoch 35072
Epoch 35073
Epoch 35074
Epoch 35075
Epoch 35076
Epoch 35077
Epoch 35078
Epoch 35079
Epoch 35080
Epoch 35081
Epoch 35082
Epoch 35083
Epoch 35084
Epoch 35085
Epoch 35086
Epoch 35087
Epoch 35088
Epoch 35089
Epoch 35090
Epoch 35091
Epoch 35092
Epoch 35093
Epoch 35094
Epoch 35095
Epoch 35096
Epoch 35097
Epoch 35098
Epoch 35099
Epoch 35100
Epoch 35101
Epoch 35102
Epoch 35103
Epoch 35104
Epoch 35105
Epoch 35106
Epoch 35107
Epoch 35108
Epoch 35109
Epoch 35110
Epoch 35111
Epoch 35112
Epoch 35113
Epoch 35114
Epoch 35115
Epoch 35116
Epoch 35117
Epoch 35118
Epoch 35119
Epoch 35120
Epoch 35121
Epoch 35122
Epoch 35123
Epoch 35124
Epoch 35125
Epoch 35126
Epoch 35127
Epoch 35128
Epoch 35129
Epoch 35130
Epoch 35131
Epoch 35132
Epoch 35133
Epoch 35134
Epoch 35135
Epoch 35136
Epoch 35137
Epoch 35138
Epoch 35139
Epoch 35140
Epoch 35141
Epoch 35142
Epoch 35143
Epoch 35144
Epoch 35145
Epoch 35146
Epoch 35147
Epoch 35148
Epoch 35149
Epoch 35150
Epoch 35151
Epoch 35152
Epoch 35153
Epoch 35154
Epoch 35155
Epoch 35156
Epoch 35157
Epoch 35158
Epoch 35159
Epoch 35160
Epoch 35161
Epoch 35162
Epoch 35163
Epoch 35164
Epoch 35165
Epoch 35166
Epoch 35167
Epoch 35168
Epoch 35169
Epoch 35170
Epoch 35171
Epoch 35172
Epoch 35173
Epoch 35174
Epoch 35175
Epoch 35176
Epoch 35177
Epoch 35178
Epoch 35179
Epoch 35180
Epoch 35181
Epoch 35182
Epoch 35183
Epoch 35184
Epoch 35185
Epoch 35186
Epoch 35187
Epoch 35188
Epoch 35189
Epoch 35190
Epoch 35191
Epoch 35192
Epoch 35193
Epoch 35194
Epoch 35195
Epoch 35196
Epoch 35197
Epoch 35198
Epoch 35199
Epoch 35200
Epoch 35201
Epoch 35202
Epoch 35203
Epoch 35204
Epoch 35205
Epoch 35206
Epoch 35207
Epoch 35208
Epoch 35209
Epoch 35210
Epoch 35211
Epoch 35212
Epoch 35213
Epoch 35214
Epoch 35215
Epoch 35216
Epoch 35217
Epoch 35218
Epoch 35219
Epoch 35220
Epoch 35221
Epoch 35222
Epoch 35223
Epoch 35224
Epoch 35225
Epoch 35226
Epoch 35227
Epoch 35228
Epoch 35229
Epoch 35230
Epoch 35231
Epoch 35232
Epoch 35233
Epoch 35234
Epoch 35235
Epoch 35236
Epoch 35237
Epoch 35238
Epoch 35239
Epoch 35240
Epoch 35241
Epoch 35242
Epoch 35243
Epoch 35244
Epoch 35245
Epoch 35246
Epoch 35247
Epoch 35248
Epoch 35249
Epoch 35250
Epoch 35251
Epoch 35252
Epoch 35253
Epoch 35254
Epoch 35255
Epoch 35256
Epoch 35257
Epoch 35258
Epoch 35259
Epoch 35260
Epoch 35261
Epoch 35262
Epoch 35263
Epoch 35264
Epoch 35265
Epoch 35266
Epoch 35267
Epoch 35268
Epoch 35269
Epoch 35270
Epoch 35271
Epoch 35272
Epoch 35273
Epoch 35274
Epoch 35275
Epoch 35276
Epoch 35277
Epoch 35278
Epoch 35279
Epoch 35280
Epoch 35281
Epoch 35282
Epoch 35283
Epoch 35284
Epoch 35285
Epoch 35286
Epoch 35287
Epoch 35288
Epoch 35289
Epoch 35290
Epoch 35291
Epoch 35292
Epoch 35293
Epoch 35294
Epoch 35295
Epoch 35296
Epoch 35297
Epoch 35298
Epoch 35299
Epoch 35300
Epoch 35301
Epoch 35302
Epoch 35303
Epoch 35304
Epoch 35305
Epoch 35306
Epoch 35307
Epoch 35308
Epoch 35309
Epoch 35310
Epoch 35311
Epoch 35312
Epoch 35313
Epoch 35314
Epoch 35315
Epoch 35316
Epoch 35317
Epoch 35318
Epoch 35319
Epoch 35320
Epoch 35321
Epoch 35322
Epoch 35323
Epoch 35324
Epoch 35325
Epoch 35326
Epoch 35327
Epoch 35328
Epoch 35329
Epoch 35330
Epoch 35331
Epoch 35332
Epoch 35333
Epoch 35334
Epoch 35335
Epoch 35336
Epoch 35337
Epoch 35338
Epoch 35339
Epoch 35340
Epoch 35341
Epoch 35342
Epoch 35343
Epoch 35344
Epoch 35345
Epoch 35346
Epoch 35347
Epoch 35348
Epoch 35349
Epoch 35350
Epoch 35351
Epoch 35352
Epoch 35353
Epoch 35354
Epoch 35355
Epoch 35356
Epoch 35357
Epoch 35358
Epoch 35359
Epoch 35360
Epoch 35361
Epoch 35362
Epoch 35363
Epoch 35364
Epoch 35365
Epoch 35366
Epoch 35367
Epoch 35368
Epoch 35369
Epoch 35370
Epoch 35371
Epoch 35372
Epoch 35373
Epoch 35374
Epoch 35375
Epoch 35376
Epoch 35377
Epoch 35378
Epoch 35379
Epoch 35380
Epoch 35381
Epoch 35382
Epoch 35383
Epoch 35384
Epoch 35385
Epoch 35386
Epoch 35387
Epoch 35388
Epoch 35389
Epoch 35390
Epoch 35391
Epoch 35392
Epoch 35393
Epoch 35394
Epoch 35395
Epoch 35396
Epoch 35397
Epoch 35398
Epoch 35399
Epoch 35400
Epoch 35401
Epoch 35402
Epoch 35403
Epoch 35404
Epoch 35405
Epoch 35406
Epoch 35407
Epoch 35408
Epoch 35409
Epoch 35410
Epoch 35411
Epoch 35412
Epoch 35413
Epoch 35414
Epoch 35415
Epoch 35416
Epoch 35417
Epoch 35418
Epoch 35419
Epoch 35420
Epoch 35421
Epoch 35422
Epoch 35423
Epoch 35424
Epoch 35425
Epoch 35426
Epoch 35427
Epoch 35428
Epoch 35429
Epoch 35430
Epoch 35431
Epoch 35432
Epoch 35433
Epoch 35434
Epoch 35435
Epoch 35436
Epoch 35437
Epoch 35438
Epoch 35439
Epoch 35440
Epoch 35441
Epoch 35442
Epoch 35443
Epoch 35444
Epoch 35445
Epoch 35446
Epoch 35447
Epoch 35448
Epoch 35449
Epoch 35450
Epoch 35451
Epoch 35452
Epoch 35453
Epoch 35454
Epoch 35455
Epoch 35456
Epoch 35457
Epoch 35458
Epoch 35459
Epoch 35460
Epoch 35461
Epoch 35462
Epoch 35463
Epoch 35464
Epoch 35465
Epoch 35466
Epoch 35467
Epoch 35468
Epoch 35469
Epoch 35470
Epoch 35471
Epoch 35472
Epoch 35473
Epoch 35474
Epoch 35475
Epoch 35476
Epoch 35477
Epoch 35478
Epoch 35479
Epoch 35480
Epoch 35481
Epoch 35482
Epoch 35483
Epoch 35484
Epoch 35485
Epoch 35486
Epoch 35487
Epoch 35488
Epoch 35489
Epoch 35490
Epoch 35491
Epoch 35492
Epoch 35493
Epoch 35494
Epoch 35495
Epoch 35496
Epoch 35497
Epoch 35498
Epoch 35499
Epoch 35500
Epoch 35501
Epoch 35502
Epoch 35503
Epoch 35504
Epoch 35505
Epoch 35506
Epoch 35507
Epoch 35508
Epoch 35509
Epoch 35510
Epoch 35511
Epoch 35512
Epoch 35513
Epoch 35514
Epoch 35515
Epoch 35516
Epoch 35517
Epoch 35518
Epoch 35519
Epoch 35520
Epoch 35521
Epoch 35522
Epoch 35523
Epoch 35524
Epoch 35525
Epoch 35526
Epoch 35527
Epoch 35528
Epoch 35529
Epoch 35530
Epoch 35531
Epoch 35532
Epoch 35533
Epoch 35534
Epoch 35535
Epoch 35536
Epoch 35537
Epoch 35538
Epoch 35539
Epoch 35540
Epoch 35541
Epoch 35542
Epoch 35543
Epoch 35544
Epoch 35545
Epoch 35546
Epoch 35547
Epoch 35548
Epoch 35549
Epoch 35550
Epoch 35551
Epoch 35552
Epoch 35553
Epoch 35554
Epoch 35555
Epoch 35556
Epoch 35557
Epoch 35558
Epoch 35559
Epoch 35560
Epoch 35561
Epoch 35562
Epoch 35563
Epoch 35564
Epoch 35565
Epoch 35566
Epoch 35567
Epoch 35568
Epoch 35569
Epoch 35570
Epoch 35571
Epoch 35572
Epoch 35573
Epoch 35574
Epoch 35575
Epoch 35576
Epoch 35577
Epoch 35578
Epoch 35579
Epoch 35580
Epoch 35581
Epoch 35582
Epoch 35583
Epoch 35584
Epoch 35585
Epoch 35586
Epoch 35587
Epoch 35588
Epoch 35589
Epoch 35590
Epoch 35591
Epoch 35592
Epoch 35593
Epoch 35594
Epoch 35595
Epoch 35596
Epoch 35597
Epoch 35598
Epoch 35599
Epoch 35600
Epoch 35601
Epoch 35602
Epoch 35603
Epoch 35604
Epoch 35605
Epoch 35606
Epoch 35607
Epoch 35608
Epoch 35609
Epoch 35610
Epoch 35611
Epoch 35612
Epoch 35613
Epoch 35614
Epoch 35615
Epoch 35616
Epoch 35617
Epoch 35618
Epoch 35619
Epoch 35620
Epoch 35621
Epoch 35622
Epoch 35623
Epoch 35624
Epoch 35625
Epoch 35626
Epoch 35627
Epoch 35628
Epoch 35629
Epoch 35630
Epoch 35631
Epoch 35632
Epoch 35633
Epoch 35634
Epoch 35635
Epoch 35636
Epoch 35637
Epoch 35638
Epoch 35639
Epoch 35640
Epoch 35641
Epoch 35642
Epoch 35643
Epoch 35644
Epoch 35645
Epoch 35646
Epoch 35647
Epoch 35648
Epoch 35649
Epoch 35650
Epoch 35651
Epoch 35652
Epoch 35653
Epoch 35654
Epoch 35655
Epoch 35656
Epoch 35657
Epoch 35658
Epoch 35659
Epoch 35660
Epoch 35661
Epoch 35662
Epoch 35663
Epoch 35664
Epoch 35665
Epoch 35666
Epoch 35667
Epoch 35668
Epoch 35669
Epoch 35670
Epoch 35671
Epoch 35672
Epoch 35673
Epoch 35674
Epoch 35675
Epoch 35676
Epoch 35677
Epoch 35678
Epoch 35679
Epoch 35680
Epoch 35681
Epoch 35682
Epoch 35683
Epoch 35684
Epoch 35685
Epoch 35686
Epoch 35687
Epoch 35688
Epoch 35689
Epoch 35690
Epoch 35691
Epoch 35692
Epoch 35693
Epoch 35694
Epoch 35695
Epoch 35696
Epoch 35697
Epoch 35698
Epoch 35699
Epoch 35700
Epoch 35701
Epoch 35702
Epoch 35703
Epoch 35704
Epoch 35705
Epoch 35706
Epoch 35707
Epoch 35708
Epoch 35709
Epoch 35710
Epoch 35711
Epoch 35712
Epoch 35713
Epoch 35714
Epoch 35715
Epoch 35716
Epoch 35717
Epoch 35718
Epoch 35719
Epoch 35720
Epoch 35721
Epoch 35722
Epoch 35723
Epoch 35724
Epoch 35725
Epoch 35726
Epoch 35727
Epoch 35728
Epoch 35729
Epoch 35730
Epoch 35731
Epoch 35732
Epoch 35733
Epoch 35734
Epoch 35735
Epoch 35736
Epoch 35737
Epoch 35738
Epoch 35739
Epoch 35740
Epoch 35741
Epoch 35742
Epoch 35743
Epoch 35744
Epoch 35745
Epoch 35746
Epoch 35747
Epoch 35748
Epoch 35749
Epoch 35750
Epoch 35751
Epoch 35752
Epoch 35753
Epoch 35754
Epoch 35755
Epoch 35756
Epoch 35757
Epoch 35758
Epoch 35759
Epoch 35760
Epoch 35761
Epoch 35762
Epoch 35763
Epoch 35764
Epoch 35765
Epoch 35766
Epoch 35767
Epoch 35768
Epoch 35769
Epoch 35770
Epoch 35771
Epoch 35772
Epoch 35773
Epoch 35774
Epoch 35775
Epoch 35776
Epoch 35777
Epoch 35778
Epoch 35779
Epoch 35780
Epoch 35781
Epoch 35782
Epoch 35783
Epoch 35784
Epoch 35785
Epoch 35786
Epoch 35787
Epoch 35788
Epoch 35789
Epoch 35790
Epoch 35791
Epoch 35792
Epoch 35793
Epoch 35794
Epoch 35795
Epoch 35796
Epoch 35797
Epoch 35798
Epoch 35799
Epoch 35800
Epoch 35801
Epoch 35802
Epoch 35803
Epoch 35804
Epoch 35805
Epoch 35806
Epoch 35807
Epoch 35808
Epoch 35809
Epoch 35810
Epoch 35811
Epoch 35812
Epoch 35813
Epoch 35814
Epoch 35815
Epoch 35816
Epoch 35817
Epoch 35818
Epoch 35819
Epoch 35820
Epoch 35821
Epoch 35822
Epoch 35823
Epoch 35824
Epoch 35825
Epoch 35826
Epoch 35827
Epoch 35828
Epoch 35829
Epoch 35830
Epoch 35831
Epoch 35832
Epoch 35833
Epoch 35834
Epoch 35835
Epoch 35836
Epoch 35837
Epoch 35838
Epoch 35839
Epoch 35840
Epoch 35841
Epoch 35842
Epoch 35843
Epoch 35844
Epoch 35845
Epoch 35846
Epoch 35847
Epoch 35848
Epoch 35849
Epoch 35850
Epoch 35851
Epoch 35852
Epoch 35853
Epoch 35854
Epoch 35855
Epoch 35856
Epoch 35857
Epoch 35858
Epoch 35859
Epoch 35860
Epoch 35861
Epoch 35862
Epoch 35863
Epoch 35864
Epoch 35865
Epoch 35866
Epoch 35867
Epoch 35868
Epoch 35869
Epoch 35870
Epoch 35871
Epoch 35872
Epoch 35873
Epoch 35874
Epoch 35875
Epoch 35876
Epoch 35877
Epoch 35878
Epoch 35879
Epoch 35880
Epoch 35881
Epoch 35882
Epoch 35883
Epoch 35884
Epoch 35885
Epoch 35886
Epoch 35887
Epoch 35888
Epoch 35889
Epoch 35890
Epoch 35891
Epoch 35892
Epoch 35893
Epoch 35894
Epoch 35895
Epoch 35896
Epoch 35897
Epoch 35898
Epoch 35899
Epoch 35900
Epoch 35901
Epoch 35902
Epoch 35903
Epoch 35904
Epoch 35905
Epoch 35906
Epoch 35907
Epoch 35908
Epoch 35909
Epoch 35910
Epoch 35911
Epoch 35912
Epoch 35913
Epoch 35914
Epoch 35915
Epoch 35916
Epoch 35917
Epoch 35918
Epoch 35919
Epoch 35920
Epoch 35921
Epoch 35922
Epoch 35923
Epoch 35924
Epoch 35925
Epoch 35926
Epoch 35927
Epoch 35928
Epoch 35929
Epoch 35930
Epoch 35931
Epoch 35932
Epoch 35933
Epoch 35934
Epoch 35935
Epoch 35936
Epoch 35937
Epoch 35938
Epoch 35939
Epoch 35940
Epoch 35941
Epoch 35942
Epoch 35943
Epoch 35944
Epoch 35945
Epoch 35946
Epoch 35947
Epoch 35948
Epoch 35949
Epoch 35950
Epoch 35951
Epoch 35952
Epoch 35953
Epoch 35954
Epoch 35955
Epoch 35956
Epoch 35957
Epoch 35958
Epoch 35959
Epoch 35960
Epoch 35961
Epoch 35962
Epoch 35963
Epoch 35964
Epoch 35965
Epoch 35966
Epoch 35967
Epoch 35968
Epoch 35969
Epoch 35970
Epoch 35971
Epoch 35972
Epoch 35973
Epoch 35974
Epoch 35975
Epoch 35976
Epoch 35977
Epoch 35978
Epoch 35979
Epoch 35980
Epoch 35981
Epoch 35982
Epoch 35983
Epoch 35984
Epoch 35985
Epoch 35986
Epoch 35987
Epoch 35988
Epoch 35989
Epoch 35990
Epoch 35991
Epoch 35992
Epoch 35993
Epoch 35994
Epoch 35995
Epoch 35996
Epoch 35997
Epoch 35998
Epoch 35999
Epoch 36000
Epoch 36001
Epoch 36002
Epoch 36003
Epoch 36004
Epoch 36005
Epoch 36006
Epoch 36007
Epoch 36008
Epoch 36009
Epoch 36010
Epoch 36011
Epoch 36012
Epoch 36013
Epoch 36014
Epoch 36015
Epoch 36016
Epoch 36017
Epoch 36018
Epoch 36019
Epoch 36020
Epoch 36021
Epoch 36022
Epoch 36023
Epoch 36024
Epoch 36025
Epoch 36026
Epoch 36027
Epoch 36028
Epoch 36029
Epoch 36030
Epoch 36031
Epoch 36032
Epoch 36033
Epoch 36034
Epoch 36035
Epoch 36036
Epoch 36037
Epoch 36038
Epoch 36039
Epoch 36040
Epoch 36041
Epoch 36042
Epoch 36043
Epoch 36044
Epoch 36045
Epoch 36046
Epoch 36047
Epoch 36048
Epoch 36049
Epoch 36050
Epoch 36051
Epoch 36052
Epoch 36053
Epoch 36054
Epoch 36055
Epoch 36056
Epoch 36057
Epoch 36058
Epoch 36059
Epoch 36060
Epoch 36061
Epoch 36062
Epoch 36063
Epoch 36064
Epoch 36065
Epoch 36066
Epoch 36067
Epoch 36068
Epoch 36069
Epoch 36070
Epoch 36071
Epoch 36072
Epoch 36073
Epoch 36074
Epoch 36075
Epoch 36076
Epoch 36077
Epoch 36078
Epoch 36079
Epoch 36080
Epoch 36081
Epoch 36082
Epoch 36083
Epoch 36084
Epoch 36085
Epoch 36086
Epoch 36087
Epoch 36088
Epoch 36089
Epoch 36090
Epoch 36091
Epoch 36092
Epoch 36093
Epoch 36094
Epoch 36095
Epoch 36096
Epoch 36097
Epoch 36098
Epoch 36099
Epoch 36100
Epoch 36101
Epoch 36102
Epoch 36103
Epoch 36104
Epoch 36105
Epoch 36106
Epoch 36107
Epoch 36108
Epoch 36109
Epoch 36110
Epoch 36111
Epoch 36112
Epoch 36113
Epoch 36114
Epoch 36115
Epoch 36116
Epoch 36117
Epoch 36118
Epoch 36119
Epoch 36120
Epoch 36121
Epoch 36122
Epoch 36123
Epoch 36124
Epoch 36125
Epoch 36126
Epoch 36127
Epoch 36128
Epoch 36129
Epoch 36130
Epoch 36131
Epoch 36132
Epoch 36133
Epoch 36134
Epoch 36135
Epoch 36136
Epoch 36137
Epoch 36138
Epoch 36139
Epoch 36140
Epoch 36141
Epoch 36142
Epoch 36143
Epoch 36144
Epoch 36145
Epoch 36146
Epoch 36147
Epoch 36148
Epoch 36149
Epoch 36150
Epoch 36151
Epoch 36152
Epoch 36153
Epoch 36154
Epoch 36155
Epoch 36156
Epoch 36157
Epoch 36158
Epoch 36159
Epoch 36160
Epoch 36161
Epoch 36162
Epoch 36163
Epoch 36164
Epoch 36165
Epoch 36166
Epoch 36167
Epoch 36168
Epoch 36169
Epoch 36170
Epoch 36171
Epoch 36172
Epoch 36173
Epoch 36174
Epoch 36175
Epoch 36176
Epoch 36177
Epoch 36178
Epoch 36179
Epoch 36180
Epoch 36181
Epoch 36182
Epoch 36183
Epoch 36184
Epoch 36185
Epoch 36186
Epoch 36187
Epoch 36188
Epoch 36189
Epoch 36190
Epoch 36191
Epoch 36192
Epoch 36193
Epoch 36194
Epoch 36195
Epoch 36196
Epoch 36197
Epoch 36198
Epoch 36199
Epoch 36200
Epoch 36201
Epoch 36202
Epoch 36203
Epoch 36204
Epoch 36205
Epoch 36206
Epoch 36207
Epoch 36208
Epoch 36209
Epoch 36210
Epoch 36211
Epoch 36212
Epoch 36213
Epoch 36214
Epoch 36215
Epoch 36216
Epoch 36217
Epoch 36218
Epoch 36219
Epoch 36220
Epoch 36221
Epoch 36222
Epoch 36223
Epoch 36224
Epoch 36225
Epoch 36226
Epoch 36227
Epoch 36228
Epoch 36229
Epoch 36230
Epoch 36231
Epoch 36232
Epoch 36233
Epoch 36234
Epoch 36235
Epoch 36236
Epoch 36237
Epoch 36238
Epoch 36239
Epoch 36240
Epoch 36241
Epoch 36242
Epoch 36243
Epoch 36244
Epoch 36245
Epoch 36246
Epoch 36247
Epoch 36248
Epoch 36249
Epoch 36250
Epoch 36251
Epoch 36252
Epoch 36253
Epoch 36254
Epoch 36255
Epoch 36256
Epoch 36257
Epoch 36258
Epoch 36259
Epoch 36260
Epoch 36261
Epoch 36262
Epoch 36263
Epoch 36264
Epoch 36265
Epoch 36266
Epoch 36267
Epoch 36268
Epoch 36269
Epoch 36270
Epoch 36271
Epoch 36272
Epoch 36273
Epoch 36274
Epoch 36275
Epoch 36276
Epoch 36277
Epoch 36278
Epoch 36279
Epoch 36280
Epoch 36281
Epoch 36282
Epoch 36283
Epoch 36284
Epoch 36285
Epoch 36286
Epoch 36287
Epoch 36288
Epoch 36289
Epoch 36290
Epoch 36291
Epoch 36292
Epoch 36293
Epoch 36294
Epoch 36295
Epoch 36296
Epoch 36297
Epoch 36298
Epoch 36299
Epoch 36300
Epoch 36301
Epoch 36302
Epoch 36303
Epoch 36304
Epoch 36305
Epoch 36306
Epoch 36307
Epoch 36308
Epoch 36309
Epoch 36310
Epoch 36311
Epoch 36312
Epoch 36313
Epoch 36314
Epoch 36315
Epoch 36316
Epoch 36317
Epoch 36318
Epoch 36319
Epoch 36320
Epoch 36321
Epoch 36322
Epoch 36323
Epoch 36324
Epoch 36325
Epoch 36326
Epoch 36327
Epoch 36328
Epoch 36329
Epoch 36330
Epoch 36331
Epoch 36332
Epoch 36333
Epoch 36334
Epoch 36335
Epoch 36336
Epoch 36337
Epoch 36338
Epoch 36339
Epoch 36340
Epoch 36341
Epoch 36342
Epoch 36343
Epoch 36344
Epoch 36345
Epoch 36346
Epoch 36347
Epoch 36348
Epoch 36349
Epoch 36350
Epoch 36351
Epoch 36352
Epoch 36353
Epoch 36354
Epoch 36355
Epoch 36356
Epoch 36357
Epoch 36358
Epoch 36359
Epoch 36360
Epoch 36361
Epoch 36362
Epoch 36363
Epoch 36364
Epoch 36365
Epoch 36366
Epoch 36367
Epoch 36368
Epoch 36369
Epoch 36370
Epoch 36371
Epoch 36372
Epoch 36373
Epoch 36374
Epoch 36375
Epoch 36376
Epoch 36377
Epoch 36378
Epoch 36379
Epoch 36380
Epoch 36381
Epoch 36382
Epoch 36383
Epoch 36384
Epoch 36385
Epoch 36386
Epoch 36387
Epoch 36388
Epoch 36389
Epoch 36390
Epoch 36391
Epoch 36392
Epoch 36393
Epoch 36394
Epoch 36395
Epoch 36396
Epoch 36397
Epoch 36398
Epoch 36399
Epoch 36400
Epoch 36401
Epoch 36402
Epoch 36403
Epoch 36404
Epoch 36405
Epoch 36406
Epoch 36407
Epoch 36408
Epoch 36409
Epoch 36410
Epoch 36411
Epoch 36412
Epoch 36413
Epoch 36414
Epoch 36415
Epoch 36416
Epoch 36417
Epoch 36418
Epoch 36419
Epoch 36420
Epoch 36421
Epoch 36422
Epoch 36423
Epoch 36424
Epoch 36425
Epoch 36426
Epoch 36427
Epoch 36428
Epoch 36429
Epoch 36430
Epoch 36431
Epoch 36432
Epoch 36433
Epoch 36434
Epoch 36435
Epoch 36436
Epoch 36437
Epoch 36438
Epoch 36439
Epoch 36440
Epoch 36441
Epoch 36442
Epoch 36443
Epoch 36444
Epoch 36445
Epoch 36446
Epoch 36447
Epoch 36448
Epoch 36449
Epoch 36450
Epoch 36451
Epoch 36452
Epoch 36453
Epoch 36454
Epoch 36455
Epoch 36456
Epoch 36457
Epoch 36458
Epoch 36459
Epoch 36460
Epoch 36461
Epoch 36462
Epoch 36463
Epoch 36464
Epoch 36465
Epoch 36466
Epoch 36467
Epoch 36468
Epoch 36469
Epoch 36470
Epoch 36471
Epoch 36472
Epoch 36473
Epoch 36474
Epoch 36475
Epoch 36476
Epoch 36477
Epoch 36478
Epoch 36479
Epoch 36480
Epoch 36481
Epoch 36482
Epoch 36483
Epoch 36484
Epoch 36485
Epoch 36486
Epoch 36487
Epoch 36488
Epoch 36489
Epoch 36490
Epoch 36491
Epoch 36492
Epoch 36493
Epoch 36494
Epoch 36495
Epoch 36496
Epoch 36497
Epoch 36498
Epoch 36499
Epoch 36500
Epoch 36501
Epoch 36502
Epoch 36503
Epoch 36504
Epoch 36505
Epoch 36506
Epoch 36507
Epoch 36508
Epoch 36509
Epoch 36510
Epoch 36511
Epoch 36512
Epoch 36513
Epoch 36514
Epoch 36515
Epoch 36516
Epoch 36517
Epoch 36518
Epoch 36519
Epoch 36520
Epoch 36521
Epoch 36522
Epoch 36523
Epoch 36524
Epoch 36525
Epoch 36526
Epoch 36527
Epoch 36528
Epoch 36529
Epoch 36530
Epoch 36531
Epoch 36532
Epoch 36533
Epoch 36534
Epoch 36535
Epoch 36536
Epoch 36537
Epoch 36538
Epoch 36539
Epoch 36540
Epoch 36541
Epoch 36542
Epoch 36543
Epoch 36544
Epoch 36545
Epoch 36546
Epoch 36547
Epoch 36548
Epoch 36549
Epoch 36550
Epoch 36551
Epoch 36552
Epoch 36553
Epoch 36554
Epoch 36555
Epoch 36556
Epoch 36557
Epoch 36558
Epoch 36559
Epoch 36560
Epoch 36561
Epoch 36562
Epoch 36563
Epoch 36564
Epoch 36565
Epoch 36566
Epoch 36567
Epoch 36568
Epoch 36569
Epoch 36570
Epoch 36571
Epoch 36572
Epoch 36573
Epoch 36574
Epoch 36575
Epoch 36576
Epoch 36577
Epoch 36578
Epoch 36579
Epoch 36580
Epoch 36581
Epoch 36582
Epoch 36583
Epoch 36584
Epoch 36585
Epoch 36586
Epoch 36587
Epoch 36588
Epoch 36589
Epoch 36590
Epoch 36591
Epoch 36592
Epoch 36593
Epoch 36594
Epoch 36595
Epoch 36596
Epoch 36597
Epoch 36598
Epoch 36599
Epoch 36600
Epoch 36601
Epoch 36602
Epoch 36603
Epoch 36604
Epoch 36605
Epoch 36606
Epoch 36607
Epoch 36608
Epoch 36609
Epoch 36610
Epoch 36611
Epoch 36612
Epoch 36613
Epoch 36614
Epoch 36615
Epoch 36616
Epoch 36617
Epoch 36618
Epoch 36619
Epoch 36620
Epoch 36621
Epoch 36622
Epoch 36623
Epoch 36624
Epoch 36625
Epoch 36626
Epoch 36627
Epoch 36628
Epoch 36629
Epoch 36630
Epoch 36631
Epoch 36632
Epoch 36633
Epoch 36634
Epoch 36635
Epoch 36636
Epoch 36637
Epoch 36638
Epoch 36639
Epoch 36640
Epoch 36641
Epoch 36642
Epoch 36643
Epoch 36644
Epoch 36645
Epoch 36646
Epoch 36647
Epoch 36648
Epoch 36649
Epoch 36650
Epoch 36651
Epoch 36652
Epoch 36653
Epoch 36654
Epoch 36655
Epoch 36656
Epoch 36657
Epoch 36658
Epoch 36659
Epoch 36660
Epoch 36661
Epoch 36662
Epoch 36663
Epoch 36664
Epoch 36665
Epoch 36666
Epoch 36667
Epoch 36668
Epoch 36669
Epoch 36670
Epoch 36671
Epoch 36672
Epoch 36673
Epoch 36674
Epoch 36675
Epoch 36676
Epoch 36677
Epoch 36678
Epoch 36679
Epoch 36680
Epoch 36681
Epoch 36682
Epoch 36683
Epoch 36684
Epoch 36685
Epoch 36686
Epoch 36687
Epoch 36688
Epoch 36689
Epoch 36690
Epoch 36691
Epoch 36692
Epoch 36693
Epoch 36694
Epoch 36695
Epoch 36696
Epoch 36697
Epoch 36698
Epoch 36699
Epoch 36700
Epoch 36701
Epoch 36702
Epoch 36703
Epoch 36704
Epoch 36705
Epoch 36706
Epoch 36707
Epoch 36708
Epoch 36709
Epoch 36710
Epoch 36711
Epoch 36712
Epoch 36713
Epoch 36714
Epoch 36715
Epoch 36716
Epoch 36717
Epoch 36718
Epoch 36719
Epoch 36720
Epoch 36721
Epoch 36722
Epoch 36723
Epoch 36724
Epoch 36725
Epoch 36726
Epoch 36727
Epoch 36728
Epoch 36729
Epoch 36730
Epoch 36731
Epoch 36732
Epoch 36733
Epoch 36734
Epoch 36735
Epoch 36736
Epoch 36737
Epoch 36738
Epoch 36739
Epoch 36740
Epoch 36741
Epoch 36742
Epoch 36743
Epoch 36744
Epoch 36745
Epoch 36746
Epoch 36747
Epoch 36748
Epoch 36749
Epoch 36750
Epoch 36751
Epoch 36752
Epoch 36753
Epoch 36754
Epoch 36755
Epoch 36756
Epoch 36757
Epoch 36758
Epoch 36759
Epoch 36760
Epoch 36761
Epoch 36762
Epoch 36763
Epoch 36764
Epoch 36765
Epoch 36766
Epoch 36767
Epoch 36768
Epoch 36769
Epoch 36770
Epoch 36771
Epoch 36772
Epoch 36773
Epoch 36774
Epoch 36775
Epoch 36776
Epoch 36777
Epoch 36778
Epoch 36779
Epoch 36780
Epoch 36781
Epoch 36782
Epoch 36783
Epoch 36784
Epoch 36785
Epoch 36786
Epoch 36787
Epoch 36788
Epoch 36789
Epoch 36790
Epoch 36791
Epoch 36792
Epoch 36793
Epoch 36794
Epoch 36795
Epoch 36796
Epoch 36797
Epoch 36798
Epoch 36799
Epoch 36800
Epoch 36801
Epoch 36802
Epoch 36803
Epoch 36804
Epoch 36805
Epoch 36806
Epoch 36807
Epoch 36808
Epoch 36809
Epoch 36810
Epoch 36811
Epoch 36812
Epoch 36813
Epoch 36814
Epoch 36815
Epoch 36816
Epoch 36817
Epoch 36818
Epoch 36819
Epoch 36820
Epoch 36821
Epoch 36822
Epoch 36823
Epoch 36824
Epoch 36825
Epoch 36826
Epoch 36827
Epoch 36828
Epoch 36829
Epoch 36830
Epoch 36831
Epoch 36832
Epoch 36833
Epoch 36834
Epoch 36835
Epoch 36836
Epoch 36837
Epoch 36838
Epoch 36839
Epoch 36840
Epoch 36841
Epoch 36842
Epoch 36843
Epoch 36844
Epoch 36845
Epoch 36846
Epoch 36847
Epoch 36848
Epoch 36849
Epoch 36850
Epoch 36851
Epoch 36852
Epoch 36853
Epoch 36854
Epoch 36855
Epoch 36856
Epoch 36857
Epoch 36858
Epoch 36859
Epoch 36860
Epoch 36861
Epoch 36862
Epoch 36863
Epoch 36864
Epoch 36865
Epoch 36866
Epoch 36867
Epoch 36868
Epoch 36869
Epoch 36870
Epoch 36871
Epoch 36872
Epoch 36873
Epoch 36874
Epoch 36875
Epoch 36876
Epoch 36877
Epoch 36878
Epoch 36879
Epoch 36880
Epoch 36881
Epoch 36882
Epoch 36883
Epoch 36884
Epoch 36885
Epoch 36886
Epoch 36887
Epoch 36888
Epoch 36889
Epoch 36890
Epoch 36891
Epoch 36892
Epoch 36893
Epoch 36894
Epoch 36895
Epoch 36896
Epoch 36897
Epoch 36898
Epoch 36899
Epoch 36900
Epoch 36901
Epoch 36902
Epoch 36903
Epoch 36904
Epoch 36905
Epoch 36906
Epoch 36907
Epoch 36908
Epoch 36909
Epoch 36910
Epoch 36911
Epoch 36912
Epoch 36913
Epoch 36914
Epoch 36915
Epoch 36916
Epoch 36917
Epoch 36918
Epoch 36919
Epoch 36920
Epoch 36921
Epoch 36922
Epoch 36923
Epoch 36924
Epoch 36925
Epoch 36926
Epoch 36927
Epoch 36928
Epoch 36929
Epoch 36930
Epoch 36931
Epoch 36932
Epoch 36933
Epoch 36934
Epoch 36935
Epoch 36936
Epoch 36937
Epoch 36938
Epoch 36939
Epoch 36940
Epoch 36941
Epoch 36942
Epoch 36943
Epoch 36944
Epoch 36945
Epoch 36946
Epoch 36947
Epoch 36948
Epoch 36949
Epoch 36950
Epoch 36951
Epoch 36952
Epoch 36953
Epoch 36954
Epoch 36955
Epoch 36956
Epoch 36957
Epoch 36958
Epoch 36959
Epoch 36960
Epoch 36961
Epoch 36962
Epoch 36963
Epoch 36964
Epoch 36965
Epoch 36966
Epoch 36967
Epoch 36968
Epoch 36969
Epoch 36970
Epoch 36971
Epoch 36972
Epoch 36973
Epoch 36974
Epoch 36975
Epoch 36976
Epoch 36977
Epoch 36978
Epoch 36979
Epoch 36980
Epoch 36981
Epoch 36982
Epoch 36983
Epoch 36984
Epoch 36985
Epoch 36986
Epoch 36987
Epoch 36988
Epoch 36989
Epoch 36990
Epoch 36991
Epoch 36992
Epoch 36993
Epoch 36994
Epoch 36995
Epoch 36996
Epoch 36997
Epoch 36998
Epoch 36999
Epoch 37000
Epoch 37001
Epoch 37002
Epoch 37003
Epoch 37004
Epoch 37005
Epoch 37006
Epoch 37007
Epoch 37008
Epoch 37009
Epoch 37010
Epoch 37011
Epoch 37012
Epoch 37013
Epoch 37014
Epoch 37015
Epoch 37016
Epoch 37017
Epoch 37018
Epoch 37019
Epoch 37020
Epoch 37021
Epoch 37022
Epoch 37023
Epoch 37024
Epoch 37025
Epoch 37026
Epoch 37027
Epoch 37028
Epoch 37029
Epoch 37030
Epoch 37031
Epoch 37032
Epoch 37033
Epoch 37034
Epoch 37035
Epoch 37036
Epoch 37037
Epoch 37038
Epoch 37039
Epoch 37040
Epoch 37041
Epoch 37042
Epoch 37043
Epoch 37044
Epoch 37045
Epoch 37046
Epoch 37047
Epoch 37048
Epoch 37049
Epoch 37050
Epoch 37051
Epoch 37052
Epoch 37053
Epoch 37054
Epoch 37055
Epoch 37056
Epoch 37057
Epoch 37058
Epoch 37059
Epoch 37060
Epoch 37061
Epoch 37062
Epoch 37063
Epoch 37064
Epoch 37065
Epoch 37066
Epoch 37067
Epoch 37068
Epoch 37069
Epoch 37070
Epoch 37071
Epoch 37072
Epoch 37073
Epoch 37074
Epoch 37075
Epoch 37076
Epoch 37077
Epoch 37078
Epoch 37079
Epoch 37080
Epoch 37081
Epoch 37082
Epoch 37083
Epoch 37084
Epoch 37085
Epoch 37086
Epoch 37087
Epoch 37088
Epoch 37089
Epoch 37090
Epoch 37091
Epoch 37092
Epoch 37093
Epoch 37094
Epoch 37095
Epoch 37096
Epoch 37097
Epoch 37098
Epoch 37099
Epoch 37100
Epoch 37101
Epoch 37102
Epoch 37103
Epoch 37104
Epoch 37105
Epoch 37106
Epoch 37107
Epoch 37108
Epoch 37109
Epoch 37110
Epoch 37111
Epoch 37112
Epoch 37113
Epoch 37114
Epoch 37115
Epoch 37116
Epoch 37117
Epoch 37118
Epoch 37119
Epoch 37120
Epoch 37121
Epoch 37122
Epoch 37123
Epoch 37124
Epoch 37125
Epoch 37126
Epoch 37127
Epoch 37128
Epoch 37129
Epoch 37130
Epoch 37131
Epoch 37132
Epoch 37133
Epoch 37134
Epoch 37135
Epoch 37136
Epoch 37137
Epoch 37138
Epoch 37139
Epoch 37140
Epoch 37141
Epoch 37142
Epoch 37143
Epoch 37144
Epoch 37145
Epoch 37146
Epoch 37147
Epoch 37148
Epoch 37149
Epoch 37150
Epoch 37151
Epoch 37152
Epoch 37153
Epoch 37154
Epoch 37155
Epoch 37156
Epoch 37157
Epoch 37158
Epoch 37159
Epoch 37160
Epoch 37161
Epoch 37162
Epoch 37163
Epoch 37164
Epoch 37165
Epoch 37166
Epoch 37167
Epoch 37168
Epoch 37169
Epoch 37170
Epoch 37171
Epoch 37172
Epoch 37173
Epoch 37174
Epoch 37175
Epoch 37176
Epoch 37177
Epoch 37178
Epoch 37179
Epoch 37180
Epoch 37181
Epoch 37182
Epoch 37183
Epoch 37184
Epoch 37185
Epoch 37186
Epoch 37187
Epoch 37188
Epoch 37189
Epoch 37190
Epoch 37191
Epoch 37192
Epoch 37193
Epoch 37194
Epoch 37195
Epoch 37196
Epoch 37197
Epoch 37198
Epoch 37199
Epoch 37200
Epoch 37201
Epoch 37202
Epoch 37203
Epoch 37204
Epoch 37205
Epoch 37206
Epoch 37207
Epoch 37208
Epoch 37209
Epoch 37210
Epoch 37211
Epoch 37212
Epoch 37213
Epoch 37214
Epoch 37215
Epoch 37216
Epoch 37217
Epoch 37218
Epoch 37219
Epoch 37220
Epoch 37221
Epoch 37222
Epoch 37223
Epoch 37224
Epoch 37225
Epoch 37226
Epoch 37227
Epoch 37228
Epoch 37229
Epoch 37230
Epoch 37231
Epoch 37232
Epoch 37233
Epoch 37234
Epoch 37235
Epoch 37236
Epoch 37237
Epoch 37238
Epoch 37239
Epoch 37240
Epoch 37241
Epoch 37242
Epoch 37243
Epoch 37244
Epoch 37245
Epoch 37246
Epoch 37247
Epoch 37248
Epoch 37249
Epoch 37250
Epoch 37251
Epoch 37252
Epoch 37253
Epoch 37254
Epoch 37255
Epoch 37256
Epoch 37257
Epoch 37258
Epoch 37259
Epoch 37260
Epoch 37261
Epoch 37262
Epoch 37263
Epoch 37264
Epoch 37265
Epoch 37266
Epoch 37267
Epoch 37268
Epoch 37269
Epoch 37270
Epoch 37271
Epoch 37272
Epoch 37273
Epoch 37274
Epoch 37275
Epoch 37276
Epoch 37277
Epoch 37278
Epoch 37279
Epoch 37280
Epoch 37281
Epoch 37282
Epoch 37283
Epoch 37284
Epoch 37285
Epoch 37286
Epoch 37287
Epoch 37288
Epoch 37289
Epoch 37290
Epoch 37291
Epoch 37292
Epoch 37293
Epoch 37294
Epoch 37295
Epoch 37296
Epoch 37297
Epoch 37298
Epoch 37299
Epoch 37300
Epoch 37301
Epoch 37302
Epoch 37303
Epoch 37304
Epoch 37305
Epoch 37306
Epoch 37307
Epoch 37308
Epoch 37309
Epoch 37310
Epoch 37311
Epoch 37312
Epoch 37313
Epoch 37314
Epoch 37315
Epoch 37316
Epoch 37317
Epoch 37318
Epoch 37319
Epoch 37320
Epoch 37321
Epoch 37322
Epoch 37323
Epoch 37324
Epoch 37325
Epoch 37326
Epoch 37327
Epoch 37328
Epoch 37329
Epoch 37330
Epoch 37331
Epoch 37332
Epoch 37333
Epoch 37334
Epoch 37335
Epoch 37336
Epoch 37337
Epoch 37338
Epoch 37339
Epoch 37340
Epoch 37341
Epoch 37342
Epoch 37343
Epoch 37344
Epoch 37345
Epoch 37346
Epoch 37347
Epoch 37348
Epoch 37349
Epoch 37350
Epoch 37351
Epoch 37352
Epoch 37353
Epoch 37354
Epoch 37355
Epoch 37356
Epoch 37357
Epoch 37358
Epoch 37359
Epoch 37360
Epoch 37361
Epoch 37362
Epoch 37363
Epoch 37364
Epoch 37365
Epoch 37366
Epoch 37367
Epoch 37368
Epoch 37369
Epoch 37370
Epoch 37371
Epoch 37372
Epoch 37373
Epoch 37374
Epoch 37375
Epoch 37376
Epoch 37377
Epoch 37378
Epoch 37379
Epoch 37380
Epoch 37381
Epoch 37382
Epoch 37383
Epoch 37384
Epoch 37385
Epoch 37386
Epoch 37387
Epoch 37388
Epoch 37389
Epoch 37390
Epoch 37391
Epoch 37392
Epoch 37393
Epoch 37394
Epoch 37395
Epoch 37396
Epoch 37397
Epoch 37398
Epoch 37399
Epoch 37400
Epoch 37401
Epoch 37402
Epoch 37403
Epoch 37404
Epoch 37405
Epoch 37406
Epoch 37407
Epoch 37408
Epoch 37409
Epoch 37410
Epoch 37411
Epoch 37412
Epoch 37413
Epoch 37414
Epoch 37415
Epoch 37416
Epoch 37417
Epoch 37418
Epoch 37419
Epoch 37420
Epoch 37421
Epoch 37422
Epoch 37423
Epoch 37424
Epoch 37425
Epoch 37426
Epoch 37427
Epoch 37428
Epoch 37429
Epoch 37430
Epoch 37431
Epoch 37432
Epoch 37433
Epoch 37434
Epoch 37435
Epoch 37436
Epoch 37437
Epoch 37438
Epoch 37439
Epoch 37440
Epoch 37441
Epoch 37442
Epoch 37443
Epoch 37444
Epoch 37445
Epoch 37446
Epoch 37447
Epoch 37448
Epoch 37449
Epoch 37450
Epoch 37451
Epoch 37452
Epoch 37453
Epoch 37454
Epoch 37455
Epoch 37456
Epoch 37457
Epoch 37458
Epoch 37459
Epoch 37460
Epoch 37461
Epoch 37462
Epoch 37463
Epoch 37464
Epoch 37465
Epoch 37466
Epoch 37467
Epoch 37468
Epoch 37469
Epoch 37470
Epoch 37471
Epoch 37472
Epoch 37473
Epoch 37474
Epoch 37475
Epoch 37476
Epoch 37477
Epoch 37478
Epoch 37479
Epoch 37480
Epoch 37481
Epoch 37482
Epoch 37483
Epoch 37484
Epoch 37485
Epoch 37486
Epoch 37487
Epoch 37488
Epoch 37489
Epoch 37490
Epoch 37491
Epoch 37492
Epoch 37493
Epoch 37494
Epoch 37495
Epoch 37496
Epoch 37497
Epoch 37498
Epoch 37499
Epoch 37500
Epoch 37501
Epoch 37502
Epoch 37503
Epoch 37504
Epoch 37505
Epoch 37506
Epoch 37507
Epoch 37508
Epoch 37509
Epoch 37510
Epoch 37511
Epoch 37512
Epoch 37513
Epoch 37514
Epoch 37515
Epoch 37516
Epoch 37517
Epoch 37518
Epoch 37519
Epoch 37520
Epoch 37521
Epoch 37522
Epoch 37523
Epoch 37524
Epoch 37525
Epoch 37526
Epoch 37527
Epoch 37528
Epoch 37529
Epoch 37530
Epoch 37531
Epoch 37532
Epoch 37533
Epoch 37534
Epoch 37535
Epoch 37536
Epoch 37537
Epoch 37538
Epoch 37539
Epoch 37540
Epoch 37541
Epoch 37542
Epoch 37543
Epoch 37544
Epoch 37545
Epoch 37546
Epoch 37547
Epoch 37548
Epoch 37549
Epoch 37550
Epoch 37551
Epoch 37552
Epoch 37553
Epoch 37554
Epoch 37555
Epoch 37556
Epoch 37557
Epoch 37558
Epoch 37559
Epoch 37560
Epoch 37561
Epoch 37562
Epoch 37563
Epoch 37564
Epoch 37565
Epoch 37566
Epoch 37567
Epoch 37568
Epoch 37569
Epoch 37570
Epoch 37571
Epoch 37572
Epoch 37573
Epoch 37574
Epoch 37575
Epoch 37576
Epoch 37577
Epoch 37578
Epoch 37579
Epoch 37580
Epoch 37581
Epoch 37582
Epoch 37583
Epoch 37584
Epoch 37585
Epoch 37586
Epoch 37587
Epoch 37588
Epoch 37589
Epoch 37590
Epoch 37591
Epoch 37592
Epoch 37593
Epoch 37594
Epoch 37595
Epoch 37596
Epoch 37597
Epoch 37598
Epoch 37599
Epoch 37600
Epoch 37601
Epoch 37602
Epoch 37603
Epoch 37604
Epoch 37605
Epoch 37606
Epoch 37607
Epoch 37608
Epoch 37609
Epoch 37610
Epoch 37611
Epoch 37612
Epoch 37613
Epoch 37614
Epoch 37615
Epoch 37616
Epoch 37617
Epoch 37618
Epoch 37619
Epoch 37620
Epoch 37621
Epoch 37622
Epoch 37623
Epoch 37624
Epoch 37625
Epoch 37626
Epoch 37627
Epoch 37628
Epoch 37629
Epoch 37630
Epoch 37631
Epoch 37632
Epoch 37633
Epoch 37634
Epoch 37635
Epoch 37636
Epoch 37637
Epoch 37638
Epoch 37639
Epoch 37640
Epoch 37641
Epoch 37642
Epoch 37643
Epoch 37644
Epoch 37645
Epoch 37646
Epoch 37647
Epoch 37648
Epoch 37649
Epoch 37650
Epoch 37651
Epoch 37652
Epoch 37653
Epoch 37654
Epoch 37655
Epoch 37656
Epoch 37657
Epoch 37658
Epoch 37659
Epoch 37660
Epoch 37661
Epoch 37662
Epoch 37663
Epoch 37664
Epoch 37665
Epoch 37666
Epoch 37667
Epoch 37668
Epoch 37669
Epoch 37670
Epoch 37671
Epoch 37672
Epoch 37673
Epoch 37674
Epoch 37675
Epoch 37676
Epoch 37677
Epoch 37678
Epoch 37679
Epoch 37680
Epoch 37681
Epoch 37682
Epoch 37683
Epoch 37684
Epoch 37685
Epoch 37686
Epoch 37687
Epoch 37688
Epoch 37689
Epoch 37690
Epoch 37691
Epoch 37692
Epoch 37693
Epoch 37694
Epoch 37695
Epoch 37696
Epoch 37697
Epoch 37698
Epoch 37699
Epoch 37700
Epoch 37701
Epoch 37702
Epoch 37703
Epoch 37704
Epoch 37705
Epoch 37706
Epoch 37707
Epoch 37708
Epoch 37709
Epoch 37710
Epoch 37711
Epoch 37712
Epoch 37713
Epoch 37714
Epoch 37715
Epoch 37716
Epoch 37717
Epoch 37718
Epoch 37719
Epoch 37720
Epoch 37721
Epoch 37722
Epoch 37723
Epoch 37724
Epoch 37725
Epoch 37726
Epoch 37727
Epoch 37728
Epoch 37729
Epoch 37730
Epoch 37731
Epoch 37732
Epoch 37733
Epoch 37734
Epoch 37735
Epoch 37736
Epoch 37737
Epoch 37738
Epoch 37739
Epoch 37740
Epoch 37741
Epoch 37742
Epoch 37743
Epoch 37744
Epoch 37745
Epoch 37746
Epoch 37747
Epoch 37748
Epoch 37749
Epoch 37750
Epoch 37751
Epoch 37752
Epoch 37753
Epoch 37754
Epoch 37755
Epoch 37756
Epoch 37757
Epoch 37758
Epoch 37759
Epoch 37760
Epoch 37761
Epoch 37762
Epoch 37763
Epoch 37764
Epoch 37765
Epoch 37766
Epoch 37767
Epoch 37768
Epoch 37769
Epoch 37770
Epoch 37771
Epoch 37772
Epoch 37773
Epoch 37774
Epoch 37775
Epoch 37776
Epoch 37777
Epoch 37778
Epoch 37779
Epoch 37780
Epoch 37781
Epoch 37782
Epoch 37783
Epoch 37784
Epoch 37785
Epoch 37786
Epoch 37787
Epoch 37788
Epoch 37789
Epoch 37790
Epoch 37791
Epoch 37792
Epoch 37793
Epoch 37794
Epoch 37795
Epoch 37796
Epoch 37797
Epoch 37798
Epoch 37799
Epoch 37800
Epoch 37801
Epoch 37802
Epoch 37803
Epoch 37804
Epoch 37805
Epoch 37806
Epoch 37807
Epoch 37808
Epoch 37809
Epoch 37810
Epoch 37811
Epoch 37812
Epoch 37813
Epoch 37814
Epoch 37815
Epoch 37816
Epoch 37817
Epoch 37818
Epoch 37819
Epoch 37820
Epoch 37821
Epoch 37822
Epoch 37823
Epoch 37824
Epoch 37825
Epoch 37826
Epoch 37827
Epoch 37828
Epoch 37829
Epoch 37830
Epoch 37831
Epoch 37832
Epoch 37833
Epoch 37834
Epoch 37835
Epoch 37836
Epoch 37837
Epoch 37838
Epoch 37839
Epoch 37840
Epoch 37841
Epoch 37842
Epoch 37843
Epoch 37844
Epoch 37845
Epoch 37846
Epoch 37847
Epoch 37848
Epoch 37849
Epoch 37850
Epoch 37851
Epoch 37852
Epoch 37853
Epoch 37854
Epoch 37855
Epoch 37856
Epoch 37857
Epoch 37858
Epoch 37859
Epoch 37860
Epoch 37861
Epoch 37862
Epoch 37863
Epoch 37864
Epoch 37865
Epoch 37866
Epoch 37867
Epoch 37868
Epoch 37869
Epoch 37870
Epoch 37871
Epoch 37872
Epoch 37873
Epoch 37874
Epoch 37875
Epoch 37876
Epoch 37877
Epoch 37878
Epoch 37879
Epoch 37880
Epoch 37881
Epoch 37882
Epoch 37883
Epoch 37884
Epoch 37885
Epoch 37886
Epoch 37887
Epoch 37888
Epoch 37889
Epoch 37890
Epoch 37891
Epoch 37892
Epoch 37893
Epoch 37894
Epoch 37895
Epoch 37896
Epoch 37897
Epoch 37898
Epoch 37899
Epoch 37900
Epoch 37901
Epoch 37902
Epoch 37903
Epoch 37904
Epoch 37905
Epoch 37906
Epoch 37907
Epoch 37908
Epoch 37909
Epoch 37910
Epoch 37911
Epoch 37912
Epoch 37913
Epoch 37914
Epoch 37915
Epoch 37916
Epoch 37917
Epoch 37918
Epoch 37919
Epoch 37920
Epoch 37921
Epoch 37922
Epoch 37923
Epoch 37924
Epoch 37925
Epoch 37926
Epoch 37927
Epoch 37928
Epoch 37929
Epoch 37930
Epoch 37931
Epoch 37932
Epoch 37933
Epoch 37934
Epoch 37935
Epoch 37936
Epoch 37937
Epoch 37938
Epoch 37939
Epoch 37940
Epoch 37941
Epoch 37942
Epoch 37943
Epoch 37944
Epoch 37945
Epoch 37946
Epoch 37947
Epoch 37948
Epoch 37949
Epoch 37950
Epoch 37951
Epoch 37952
Epoch 37953
Epoch 37954
Epoch 37955
Epoch 37956
Epoch 37957
Epoch 37958
Epoch 37959
Epoch 37960
Epoch 37961
Epoch 37962
Epoch 37963
Epoch 37964
Epoch 37965
Epoch 37966
Epoch 37967
Epoch 37968
Epoch 37969
Epoch 37970
Epoch 37971
Epoch 37972
Epoch 37973
Epoch 37974
Epoch 37975
Epoch 37976
Epoch 37977
Epoch 37978
Epoch 37979
Epoch 37980
Epoch 37981
Epoch 37982
Epoch 37983
Epoch 37984
Epoch 37985
Epoch 37986
Epoch 37987
Epoch 37988
Epoch 37989
Epoch 37990
Epoch 37991
Epoch 37992
Epoch 37993
Epoch 37994
Epoch 37995
Epoch 37996
Epoch 37997
Epoch 37998
Epoch 37999
Epoch 38000
Epoch 38001
Epoch 38002
Epoch 38003
Epoch 38004
Epoch 38005
Epoch 38006
Epoch 38007
Epoch 38008
Epoch 38009
Epoch 38010
Epoch 38011
Epoch 38012
Epoch 38013
Epoch 38014
Epoch 38015
Epoch 38016
Epoch 38017
Epoch 38018
Epoch 38019
Epoch 38020
Epoch 38021
Epoch 38022
Epoch 38023
Epoch 38024
Epoch 38025
Epoch 38026
Epoch 38027
Epoch 38028
Epoch 38029
Epoch 38030
Epoch 38031
Epoch 38032
Epoch 38033
Epoch 38034
Epoch 38035
Epoch 38036
Epoch 38037
Epoch 38038
Epoch 38039
Epoch 38040
Epoch 38041
Epoch 38042
Epoch 38043
Epoch 38044
Epoch 38045
Epoch 38046
Epoch 38047
Epoch 38048
Epoch 38049
Epoch 38050
Epoch 38051
Epoch 38052
Epoch 38053
Epoch 38054
Epoch 38055
Epoch 38056
Epoch 38057
Epoch 38058
Epoch 38059
Epoch 38060
Epoch 38061
Epoch 38062
Epoch 38063
Epoch 38064
Epoch 38065
Epoch 38066
Epoch 38067
Epoch 38068
Epoch 38069
Epoch 38070
Epoch 38071
Epoch 38072
Epoch 38073
Epoch 38074
Epoch 38075
Epoch 38076
Epoch 38077
Epoch 38078
Epoch 38079
Epoch 38080
Epoch 38081
Epoch 38082
Epoch 38083
Epoch 38084
Epoch 38085
Epoch 38086
Epoch 38087
Epoch 38088
Epoch 38089
Epoch 38090
Epoch 38091
Epoch 38092
Epoch 38093
Epoch 38094
Epoch 38095
Epoch 38096
Epoch 38097
Epoch 38098
Epoch 38099
Epoch 38100
Epoch 38101
Epoch 38102
Epoch 38103
Epoch 38104
Epoch 38105
Epoch 38106
Epoch 38107
Epoch 38108
Epoch 38109
Epoch 38110
Epoch 38111
Epoch 38112
Epoch 38113
Epoch 38114
Epoch 38115
Epoch 38116
Epoch 38117
Epoch 38118
Epoch 38119
Epoch 38120
Epoch 38121
Epoch 38122
Epoch 38123
Epoch 38124
Epoch 38125
Epoch 38126
Epoch 38127
Epoch 38128
Epoch 38129
Epoch 38130
Epoch 38131
Epoch 38132
Epoch 38133
Epoch 38134
Epoch 38135
Epoch 38136
Epoch 38137
Epoch 38138
Epoch 38139
Epoch 38140
Epoch 38141
Epoch 38142
Epoch 38143
Epoch 38144
Epoch 38145
Epoch 38146
Epoch 38147
Epoch 38148
Epoch 38149
Epoch 38150
Epoch 38151
Epoch 38152
Epoch 38153
Epoch 38154
Epoch 38155
Epoch 38156
Epoch 38157
Epoch 38158
Epoch 38159
Epoch 38160
Epoch 38161
Epoch 38162
Epoch 38163
Epoch 38164
Epoch 38165
Epoch 38166
Epoch 38167
Epoch 38168
Epoch 38169
Epoch 38170
Epoch 38171
Epoch 38172
Epoch 38173
Epoch 38174
Epoch 38175
Epoch 38176
Epoch 38177
Epoch 38178
Epoch 38179
Epoch 38180
Epoch 38181
Epoch 38182
Epoch 38183
Epoch 38184
Epoch 38185
Epoch 38186
Epoch 38187
Epoch 38188
Epoch 38189
Epoch 38190
Epoch 38191
Epoch 38192
Epoch 38193
Epoch 38194
Epoch 38195
Epoch 38196
Epoch 38197
Epoch 38198
Epoch 38199
Epoch 38200
Epoch 38201
Epoch 38202
Epoch 38203
Epoch 38204
Epoch 38205
Epoch 38206
Epoch 38207
Epoch 38208
Epoch 38209
Epoch 38210
Epoch 38211
Epoch 38212
Epoch 38213
Epoch 38214
Epoch 38215
Epoch 38216
Epoch 38217
Epoch 38218
Epoch 38219
Epoch 38220
Epoch 38221
Epoch 38222
Epoch 38223
Epoch 38224
Epoch 38225
Epoch 38226
Epoch 38227
Epoch 38228
Epoch 38229
Epoch 38230
Epoch 38231
Epoch 38232
Epoch 38233
Epoch 38234
Epoch 38235
Epoch 38236
Epoch 38237
Epoch 38238
Epoch 38239
Epoch 38240
Epoch 38241
Epoch 38242
Epoch 38243
Epoch 38244
Epoch 38245
Epoch 38246
Epoch 38247
Epoch 38248
Epoch 38249
Epoch 38250
Epoch 38251
Epoch 38252
Epoch 38253
Epoch 38254
Epoch 38255
Epoch 38256
Epoch 38257
Epoch 38258
Epoch 38259
Epoch 38260
Epoch 38261
Epoch 38262
Epoch 38263
Epoch 38264
Epoch 38265
Epoch 38266
Epoch 38267
Epoch 38268
Epoch 38269
Epoch 38270
Epoch 38271
Epoch 38272
Epoch 38273
Epoch 38274
Epoch 38275
Epoch 38276
Epoch 38277
Epoch 38278
Epoch 38279
Epoch 38280
Epoch 38281
Epoch 38282
Epoch 38283
Epoch 38284
Epoch 38285
Epoch 38286
Epoch 38287
Epoch 38288
Epoch 38289
Epoch 38290
Epoch 38291
Epoch 38292
Epoch 38293
Epoch 38294
Epoch 38295
Epoch 38296
Epoch 38297
Epoch 38298
Epoch 38299
Epoch 38300
Epoch 38301
Epoch 38302
Epoch 38303
Epoch 38304
Epoch 38305
Epoch 38306
Epoch 38307
Epoch 38308
Epoch 38309
Epoch 38310
Epoch 38311
Epoch 38312
Epoch 38313
Epoch 38314
Epoch 38315
Epoch 38316
Epoch 38317
Epoch 38318
Epoch 38319
Epoch 38320
Epoch 38321
Epoch 38322
Epoch 38323
Epoch 38324
Epoch 38325
Epoch 38326
Epoch 38327
Epoch 38328
Epoch 38329
Epoch 38330
Epoch 38331
Epoch 38332
Epoch 38333
Epoch 38334
Epoch 38335
Epoch 38336
Epoch 38337
Epoch 38338
Epoch 38339
Epoch 38340
Epoch 38341
Epoch 38342
Epoch 38343
Epoch 38344
Epoch 38345
Epoch 38346
Epoch 38347
Epoch 38348
Epoch 38349
Epoch 38350
Epoch 38351
Epoch 38352
Epoch 38353
Epoch 38354
Epoch 38355
Epoch 38356
Epoch 38357
Epoch 38358
Epoch 38359
Epoch 38360
Epoch 38361
Epoch 38362
Epoch 38363
Epoch 38364
Epoch 38365
Epoch 38366
Epoch 38367
Epoch 38368
Epoch 38369
Epoch 38370
Epoch 38371
Epoch 38372
Epoch 38373
Epoch 38374
Epoch 38375
Epoch 38376
Epoch 38377
Epoch 38378
Epoch 38379
Epoch 38380
Epoch 38381
Epoch 38382
Epoch 38383
Epoch 38384
Epoch 38385
Epoch 38386
Epoch 38387
Epoch 38388
Epoch 38389
Epoch 38390
Epoch 38391
Epoch 38392
Epoch 38393
Epoch 38394
Epoch 38395
Epoch 38396
Epoch 38397
Epoch 38398
Epoch 38399
Epoch 38400
Epoch 38401
Epoch 38402
Epoch 38403
Epoch 38404
Epoch 38405
Epoch 38406
Epoch 38407
Epoch 38408
Epoch 38409
Epoch 38410
Epoch 38411
Epoch 38412
Epoch 38413
Epoch 38414
Epoch 38415
Epoch 38416
Epoch 38417
Epoch 38418
Epoch 38419
Epoch 38420
Epoch 38421
Epoch 38422
Epoch 38423
Epoch 38424
Epoch 38425
Epoch 38426
Epoch 38427
Epoch 38428
Epoch 38429
Epoch 38430
Epoch 38431
Epoch 38432
Epoch 38433
Epoch 38434
Epoch 38435
Epoch 38436
Epoch 38437
Epoch 38438
Epoch 38439
Epoch 38440
Epoch 38441
Epoch 38442
Epoch 38443
Epoch 38444
Epoch 38445
Epoch 38446
Epoch 38447
Epoch 38448
Epoch 38449
Epoch 38450
Epoch 38451
Epoch 38452
Epoch 38453
Epoch 38454
Epoch 38455
Epoch 38456
Epoch 38457
Epoch 38458
Epoch 38459
Epoch 38460
Epoch 38461
Epoch 38462
Epoch 38463
Epoch 38464
Epoch 38465
Epoch 38466
Epoch 38467
Epoch 38468
Epoch 38469
Epoch 38470
Epoch 38471
Epoch 38472
Epoch 38473
Epoch 38474
Epoch 38475
Epoch 38476
Epoch 38477
Epoch 38478
Epoch 38479
Epoch 38480
Epoch 38481
Epoch 38482
Epoch 38483
Epoch 38484
Epoch 38485
Epoch 38486
Epoch 38487
Epoch 38488
Epoch 38489
Epoch 38490
Epoch 38491
Epoch 38492
Epoch 38493
Epoch 38494
Epoch 38495
Epoch 38496
Epoch 38497
Epoch 38498
Epoch 38499
Epoch 38500
Epoch 38501
Epoch 38502
Epoch 38503
Epoch 38504
Epoch 38505
Epoch 38506
Epoch 38507
Epoch 38508
Epoch 38509
Epoch 38510
Epoch 38511
Epoch 38512
Epoch 38513
Epoch 38514
Epoch 38515
Epoch 38516
Epoch 38517
Epoch 38518
Epoch 38519
Epoch 38520
Epoch 38521
Epoch 38522
Epoch 38523
Epoch 38524
Epoch 38525
Epoch 38526
Epoch 38527
Epoch 38528
Epoch 38529
Epoch 38530
Epoch 38531
Epoch 38532
Epoch 38533
Epoch 38534
Epoch 38535
Epoch 38536
Epoch 38537
Epoch 38538
Epoch 38539
Epoch 38540
Epoch 38541
Epoch 38542
Epoch 38543
Epoch 38544
Epoch 38545
Epoch 38546
Epoch 38547
Epoch 38548
Epoch 38549
Epoch 38550
Epoch 38551
Epoch 38552
Epoch 38553
Epoch 38554
Epoch 38555
Epoch 38556
Epoch 38557
Epoch 38558
Epoch 38559
Epoch 38560
Epoch 38561
Epoch 38562
Epoch 38563
Epoch 38564
Epoch 38565
Epoch 38566
Epoch 38567
Epoch 38568
Epoch 38569
Epoch 38570
Epoch 38571
Epoch 38572
Epoch 38573
Epoch 38574
Epoch 38575
Epoch 38576
Epoch 38577
Epoch 38578
Epoch 38579
Epoch 38580
Epoch 38581
Epoch 38582
Epoch 38583
Epoch 38584
Epoch 38585
Epoch 38586
Epoch 38587
Epoch 38588
Epoch 38589
Epoch 38590
Epoch 38591
Epoch 38592
Epoch 38593
Epoch 38594
Epoch 38595
Epoch 38596
Epoch 38597
Epoch 38598
Epoch 38599
Epoch 38600
Epoch 38601
Epoch 38602
Epoch 38603
Epoch 38604
Epoch 38605
Epoch 38606
Epoch 38607
Epoch 38608
Epoch 38609
Epoch 38610
Epoch 38611
Epoch 38612
Epoch 38613
Epoch 38614
Epoch 38615
Epoch 38616
Epoch 38617
Epoch 38618
Epoch 38619
Epoch 38620
Epoch 38621
Epoch 38622
Epoch 38623
Epoch 38624
Epoch 38625
Epoch 38626
Epoch 38627
Epoch 38628
Epoch 38629
Epoch 38630
Epoch 38631
Epoch 38632
Epoch 38633
Epoch 38634
Epoch 38635
Epoch 38636
Epoch 38637
Epoch 38638
Epoch 38639
Epoch 38640
Epoch 38641
Epoch 38642
Epoch 38643
Epoch 38644
Epoch 38645
Epoch 38646
Epoch 38647
Epoch 38648
Epoch 38649
Epoch 38650
Epoch 38651
Epoch 38652
Epoch 38653
Epoch 38654
Epoch 38655
Epoch 38656
Epoch 38657
Epoch 38658
Epoch 38659
Epoch 38660
Epoch 38661
Epoch 38662
Epoch 38663
Epoch 38664
Epoch 38665
Epoch 38666
Epoch 38667
Epoch 38668
Epoch 38669
Epoch 38670
Epoch 38671
Epoch 38672
Epoch 38673
Epoch 38674
Epoch 38675
Epoch 38676
Epoch 38677
Epoch 38678
Epoch 38679
Epoch 38680
Epoch 38681
Epoch 38682
Epoch 38683
Epoch 38684
Epoch 38685
Epoch 38686
Epoch 38687
Epoch 38688
Epoch 38689
Epoch 38690
Epoch 38691
Epoch 38692
Epoch 38693
Epoch 38694
Epoch 38695
Epoch 38696
Epoch 38697
Epoch 38698
Epoch 38699
Epoch 38700
Epoch 38701
Epoch 38702
Epoch 38703
Epoch 38704
Epoch 38705
Epoch 38706
Epoch 38707
Epoch 38708
Epoch 38709
Epoch 38710
Epoch 38711
Epoch 38712
Epoch 38713
Epoch 38714
Epoch 38715
Epoch 38716
Epoch 38717
Epoch 38718
Epoch 38719
Epoch 38720
Epoch 38721
Epoch 38722
Epoch 38723
Epoch 38724
Epoch 38725
Epoch 38726
Epoch 38727
Epoch 38728
Epoch 38729
Epoch 38730
Epoch 38731
Epoch 38732
Epoch 38733
Epoch 38734
Epoch 38735
Epoch 38736
Epoch 38737
Epoch 38738
Epoch 38739
Epoch 38740
Epoch 38741
Epoch 38742
Epoch 38743
Epoch 38744
Epoch 38745
Epoch 38746
Epoch 38747
Epoch 38748
Epoch 38749
Epoch 38750
Epoch 38751
Epoch 38752
Epoch 38753
Epoch 38754
Epoch 38755
Epoch 38756
Epoch 38757
Epoch 38758
Epoch 38759
Epoch 38760
Epoch 38761
Epoch 38762
Epoch 38763
Epoch 38764
Epoch 38765
Epoch 38766
Epoch 38767
Epoch 38768
Epoch 38769
Epoch 38770
Epoch 38771
Epoch 38772
Epoch 38773
Epoch 38774
Epoch 38775
Epoch 38776
Epoch 38777
Epoch 38778
Epoch 38779
Epoch 38780
Epoch 38781
Epoch 38782
Epoch 38783
Epoch 38784
Epoch 38785
Epoch 38786
Epoch 38787
Epoch 38788
Epoch 38789
Epoch 38790
Epoch 38791
Epoch 38792
Epoch 38793
Epoch 38794
Epoch 38795
Epoch 38796
Epoch 38797
Epoch 38798
Epoch 38799
Epoch 38800
Epoch 38801
Epoch 38802
Epoch 38803
Epoch 38804
Epoch 38805
Epoch 38806
Epoch 38807
Epoch 38808
Epoch 38809
Epoch 38810
Epoch 38811
Epoch 38812
Epoch 38813
Epoch 38814
Epoch 38815
Epoch 38816
Epoch 38817
Epoch 38818
Epoch 38819
Epoch 38820
Epoch 38821
Epoch 38822
Epoch 38823
Epoch 38824
Epoch 38825
Epoch 38826
Epoch 38827
Epoch 38828
Epoch 38829
Epoch 38830
Epoch 38831
Epoch 38832
Epoch 38833
Epoch 38834
Epoch 38835
Epoch 38836
Epoch 38837
Epoch 38838
Epoch 38839
Epoch 38840
Epoch 38841
Epoch 38842
Epoch 38843
Epoch 38844
Epoch 38845
Epoch 38846
Epoch 38847
Epoch 38848
Epoch 38849
Epoch 38850
Epoch 38851
Epoch 38852
Epoch 38853
Epoch 38854
Epoch 38855
Epoch 38856
Epoch 38857
Epoch 38858
Epoch 38859
Epoch 38860
Epoch 38861
Epoch 38862
Epoch 38863
Epoch 38864
Epoch 38865
Epoch 38866
Epoch 38867
Epoch 38868
Epoch 38869
Epoch 38870
Epoch 38871
Epoch 38872
Epoch 38873
Epoch 38874
Epoch 38875
Epoch 38876
Epoch 38877
Epoch 38878
Epoch 38879
Epoch 38880
Epoch 38881
Epoch 38882
Epoch 38883
Epoch 38884
Epoch 38885
Epoch 38886
Epoch 38887
Epoch 38888
Epoch 38889
Epoch 38890
Epoch 38891
Epoch 38892
Epoch 38893
Epoch 38894
Epoch 38895
Epoch 38896
Epoch 38897
Epoch 38898
Epoch 38899
Epoch 38900
Epoch 38901
Epoch 38902
Epoch 38903
Epoch 38904
Epoch 38905
Epoch 38906
Epoch 38907
Epoch 38908
Epoch 38909
Epoch 38910
Epoch 38911
Epoch 38912
Epoch 38913
Epoch 38914
Epoch 38915
Epoch 38916
Epoch 38917
Epoch 38918
Epoch 38919
Epoch 38920
Epoch 38921
Epoch 38922
Epoch 38923
Epoch 38924
Epoch 38925
Epoch 38926
Epoch 38927
Epoch 38928
Epoch 38929
Epoch 38930
Epoch 38931
Epoch 38932
Epoch 38933
Epoch 38934
Epoch 38935
Epoch 38936
Epoch 38937
Epoch 38938
Epoch 38939
Epoch 38940
Epoch 38941
Epoch 38942
Epoch 38943
Epoch 38944
Epoch 38945
Epoch 38946
Epoch 38947
Epoch 38948
Epoch 38949
Epoch 38950
Epoch 38951
Epoch 38952
Epoch 38953
Epoch 38954
Epoch 38955
Epoch 38956
Epoch 38957
Epoch 38958
Epoch 38959
Epoch 38960
Epoch 38961
Epoch 38962
Epoch 38963
Epoch 38964
Epoch 38965
Epoch 38966
Epoch 38967
Epoch 38968
Epoch 38969
Epoch 38970
Epoch 38971
Epoch 38972
Epoch 38973
Epoch 38974
Epoch 38975
Epoch 38976
Epoch 38977
Epoch 38978
Epoch 38979
Epoch 38980
Epoch 38981
Epoch 38982
Epoch 38983
Epoch 38984
Epoch 38985
Epoch 38986
Epoch 38987
Epoch 38988
Epoch 38989
Epoch 38990
Epoch 38991
Epoch 38992
Epoch 38993
Epoch 38994
Epoch 38995
Epoch 38996
Epoch 38997
Epoch 38998
Epoch 38999
Epoch 39000
Epoch 39001
Epoch 39002
Epoch 39003
Epoch 39004
Epoch 39005
Epoch 39006
Epoch 39007
Epoch 39008
Epoch 39009
Epoch 39010
Epoch 39011
Epoch 39012
Epoch 39013
Epoch 39014
Epoch 39015
Epoch 39016
Epoch 39017
Epoch 39018
Epoch 39019
Epoch 39020
Epoch 39021
Epoch 39022
Epoch 39023
Epoch 39024
Epoch 39025
Epoch 39026
Epoch 39027
Epoch 39028
Epoch 39029
Epoch 39030
Epoch 39031
Epoch 39032
Epoch 39033
Epoch 39034
Epoch 39035
Epoch 39036
Epoch 39037
Epoch 39038
Epoch 39039
Epoch 39040
Epoch 39041
Epoch 39042
Epoch 39043
Epoch 39044
Epoch 39045
Epoch 39046
Epoch 39047
Epoch 39048
Epoch 39049
Epoch 39050
Epoch 39051
Epoch 39052
Epoch 39053
Epoch 39054
Epoch 39055
Epoch 39056
Epoch 39057
Epoch 39058
Epoch 39059
Epoch 39060
Epoch 39061
Epoch 39062
Epoch 39063
Epoch 39064
Epoch 39065
Epoch 39066
Epoch 39067
Epoch 39068
Epoch 39069
Epoch 39070
Epoch 39071
Epoch 39072
Epoch 39073
Epoch 39074
Epoch 39075
Epoch 39076
Epoch 39077
Epoch 39078
Epoch 39079
Epoch 39080
Epoch 39081
Epoch 39082
Epoch 39083
Epoch 39084
Epoch 39085
Epoch 39086
Epoch 39087
Epoch 39088
Epoch 39089
Epoch 39090
Epoch 39091
Epoch 39092
Epoch 39093
Epoch 39094
Epoch 39095
Epoch 39096
Epoch 39097
Epoch 39098
Epoch 39099
Epoch 39100
Epoch 39101
Epoch 39102
Epoch 39103
Epoch 39104
Epoch 39105
Epoch 39106
Epoch 39107
Epoch 39108
Epoch 39109
Epoch 39110
Epoch 39111
Epoch 39112
Epoch 39113
Epoch 39114
Epoch 39115
Epoch 39116
Epoch 39117
Epoch 39118
Epoch 39119
Epoch 39120
Epoch 39121
Epoch 39122
Epoch 39123
Epoch 39124
Epoch 39125
Epoch 39126
Epoch 39127
Epoch 39128
Epoch 39129
Epoch 39130
Epoch 39131
Epoch 39132
Epoch 39133
Epoch 39134
Epoch 39135
Epoch 39136
Epoch 39137
Epoch 39138
Epoch 39139
Epoch 39140
Epoch 39141
Epoch 39142
Epoch 39143
Epoch 39144
Epoch 39145
Epoch 39146
Epoch 39147
Epoch 39148
Epoch 39149
Epoch 39150
Epoch 39151
Epoch 39152
Epoch 39153
Epoch 39154
Epoch 39155
Epoch 39156
Epoch 39157
Epoch 39158
Epoch 39159
Epoch 39160
Epoch 39161
Epoch 39162
Epoch 39163
Epoch 39164
Epoch 39165
Epoch 39166
Epoch 39167
Epoch 39168
Epoch 39169
Epoch 39170
Epoch 39171
Epoch 39172
Epoch 39173
Epoch 39174
Epoch 39175
Epoch 39176
Epoch 39177
Epoch 39178
Epoch 39179
Epoch 39180
Epoch 39181
Epoch 39182
Epoch 39183
Epoch 39184
Epoch 39185
Epoch 39186
Epoch 39187
Epoch 39188
Epoch 39189
Epoch 39190
Epoch 39191
Epoch 39192
Epoch 39193
Epoch 39194
Epoch 39195
Epoch 39196
Epoch 39197
Epoch 39198
Epoch 39199
Epoch 39200
Epoch 39201
Epoch 39202
Epoch 39203
Epoch 39204
Epoch 39205
Epoch 39206
Epoch 39207
Epoch 39208
Epoch 39209
Epoch 39210
Epoch 39211
Epoch 39212
Epoch 39213
Epoch 39214
Epoch 39215
Epoch 39216
Epoch 39217
Epoch 39218
Epoch 39219
Epoch 39220
Epoch 39221
Epoch 39222
Epoch 39223
Epoch 39224
Epoch 39225
Epoch 39226
Epoch 39227
Epoch 39228
Epoch 39229
Epoch 39230
Epoch 39231
Epoch 39232
Epoch 39233
Epoch 39234
Epoch 39235
Epoch 39236
Epoch 39237
Epoch 39238
Epoch 39239
Epoch 39240
Epoch 39241
Epoch 39242
Epoch 39243
Epoch 39244
Epoch 39245
Epoch 39246
Epoch 39247
Epoch 39248
Epoch 39249
Epoch 39250
Epoch 39251
Epoch 39252
Epoch 39253
Epoch 39254
Epoch 39255
Epoch 39256
Epoch 39257
Epoch 39258
Epoch 39259
Epoch 39260
Epoch 39261
Epoch 39262
Epoch 39263
Epoch 39264
Epoch 39265
Epoch 39266
Epoch 39267
Epoch 39268
Epoch 39269
Epoch 39270
Epoch 39271
Epoch 39272
Epoch 39273
Epoch 39274
Epoch 39275
Epoch 39276
Epoch 39277
Epoch 39278
Epoch 39279
Epoch 39280
Epoch 39281
Epoch 39282
Epoch 39283
Epoch 39284
Epoch 39285
Epoch 39286
Epoch 39287
Epoch 39288
Epoch 39289
Epoch 39290
Epoch 39291
Epoch 39292
Epoch 39293
Epoch 39294
Epoch 39295
Epoch 39296
Epoch 39297
Epoch 39298
Epoch 39299
Epoch 39300
Epoch 39301
Epoch 39302
Epoch 39303
Epoch 39304
Epoch 39305
Epoch 39306
Epoch 39307
Epoch 39308
Epoch 39309
Epoch 39310
Epoch 39311
Epoch 39312
Epoch 39313
Epoch 39314
Epoch 39315
Epoch 39316
Epoch 39317
Epoch 39318
Epoch 39319
Epoch 39320
Epoch 39321
Epoch 39322
Epoch 39323
Epoch 39324
Epoch 39325
Epoch 39326
Epoch 39327
Epoch 39328
Epoch 39329
Epoch 39330
Epoch 39331
Epoch 39332
Epoch 39333
Epoch 39334
Epoch 39335
Epoch 39336
Epoch 39337
Epoch 39338
Epoch 39339
Epoch 39340
Epoch 39341
Epoch 39342
Epoch 39343
Epoch 39344
Epoch 39345
Epoch 39346
Epoch 39347
Epoch 39348
Epoch 39349
Epoch 39350
Epoch 39351
Epoch 39352
Epoch 39353
Epoch 39354
Epoch 39355
Epoch 39356
Epoch 39357
Epoch 39358
Epoch 39359
Epoch 39360
Epoch 39361
Epoch 39362
Epoch 39363
Epoch 39364
Epoch 39365
Epoch 39366
Epoch 39367
Epoch 39368
Epoch 39369
Epoch 39370
Epoch 39371
Epoch 39372
Epoch 39373
Epoch 39374
Epoch 39375
Epoch 39376
Epoch 39377
Epoch 39378
Epoch 39379
Epoch 39380
Epoch 39381
Epoch 39382
Epoch 39383
Epoch 39384
Epoch 39385
Epoch 39386
Epoch 39387
Epoch 39388
Epoch 39389
Epoch 39390
Epoch 39391
Epoch 39392
Epoch 39393
Epoch 39394
Epoch 39395
Epoch 39396
Epoch 39397
Epoch 39398
Epoch 39399
Epoch 39400
Epoch 39401
Epoch 39402
Epoch 39403
Epoch 39404
Epoch 39405
Epoch 39406
Epoch 39407
Epoch 39408
Epoch 39409
Epoch 39410
Epoch 39411
Epoch 39412
Epoch 39413
Epoch 39414
Epoch 39415
Epoch 39416
Epoch 39417
Epoch 39418
Epoch 39419
Epoch 39420
Epoch 39421
Epoch 39422
Epoch 39423
Epoch 39424
Epoch 39425
Epoch 39426
Epoch 39427
Epoch 39428
Epoch 39429
Epoch 39430
Epoch 39431
Epoch 39432
Epoch 39433
Epoch 39434
Epoch 39435
Epoch 39436
Epoch 39437
Epoch 39438
Epoch 39439
Epoch 39440
Epoch 39441
Epoch 39442
Epoch 39443
Epoch 39444
Epoch 39445
Epoch 39446
Epoch 39447
Epoch 39448
Epoch 39449
Epoch 39450
Epoch 39451
Epoch 39452
Epoch 39453
Epoch 39454
Epoch 39455
Epoch 39456
Epoch 39457
Epoch 39458
Epoch 39459
Epoch 39460
Epoch 39461
Epoch 39462
Epoch 39463
Epoch 39464
Epoch 39465
Epoch 39466
Epoch 39467
Epoch 39468
Epoch 39469
Epoch 39470
Epoch 39471
Epoch 39472
Epoch 39473
Epoch 39474
Epoch 39475
Epoch 39476
Epoch 39477
Epoch 39478
Epoch 39479
Epoch 39480
Epoch 39481
Epoch 39482
Epoch 39483
Epoch 39484
Epoch 39485
Epoch 39486
Epoch 39487
Epoch 39488
Epoch 39489
Epoch 39490
Epoch 39491
Epoch 39492
Epoch 39493
Epoch 39494
Epoch 39495
Epoch 39496
Epoch 39497
Epoch 39498
Epoch 39499
Epoch 39500
Epoch 39501
Epoch 39502
Epoch 39503
Epoch 39504
Epoch 39505
Epoch 39506
Epoch 39507
Epoch 39508
Epoch 39509
Epoch 39510
Epoch 39511
Epoch 39512
Epoch 39513
Epoch 39514
Epoch 39515
Epoch 39516
Epoch 39517
Epoch 39518
Epoch 39519
Epoch 39520
Epoch 39521
Epoch 39522
Epoch 39523
Epoch 39524
Epoch 39525
Epoch 39526
Epoch 39527
Epoch 39528
Epoch 39529
Epoch 39530
Epoch 39531
Epoch 39532
Epoch 39533
Epoch 39534
Epoch 39535
Epoch 39536
Epoch 39537
Epoch 39538
Epoch 39539
Epoch 39540
Epoch 39541
Epoch 39542
Epoch 39543
Epoch 39544
Epoch 39545
Epoch 39546
Epoch 39547
Epoch 39548
Epoch 39549
Epoch 39550
Epoch 39551
Epoch 39552
Epoch 39553
Epoch 39554
Epoch 39555
Epoch 39556
Epoch 39557
Epoch 39558
Epoch 39559
Epoch 39560
Epoch 39561
Epoch 39562
Epoch 39563
Epoch 39564
Epoch 39565
Epoch 39566
Epoch 39567
Epoch 39568
Epoch 39569
Epoch 39570
Epoch 39571
Epoch 39572
Epoch 39573
Epoch 39574
Epoch 39575
Epoch 39576
Epoch 39577
Epoch 39578
Epoch 39579
Epoch 39580
Epoch 39581
Epoch 39582
Epoch 39583
Epoch 39584
Epoch 39585
Epoch 39586
Epoch 39587
Epoch 39588
Epoch 39589
Epoch 39590
Epoch 39591
Epoch 39592
Epoch 39593
Epoch 39594
Epoch 39595
Epoch 39596
Epoch 39597
Epoch 39598
Epoch 39599
Epoch 39600
Epoch 39601
Epoch 39602
Epoch 39603
Epoch 39604
Epoch 39605
Epoch 39606
Epoch 39607
Epoch 39608
Epoch 39609
Epoch 39610
Epoch 39611
Epoch 39612
Epoch 39613
Epoch 39614
Epoch 39615
Epoch 39616
Epoch 39617
Epoch 39618
Epoch 39619
Epoch 39620
Epoch 39621
Epoch 39622
Epoch 39623
Epoch 39624
Epoch 39625
Epoch 39626
Epoch 39627
Epoch 39628
Epoch 39629
Epoch 39630
Epoch 39631
Epoch 39632
Epoch 39633
Epoch 39634
Epoch 39635
Epoch 39636
Epoch 39637
Epoch 39638
Epoch 39639
Epoch 39640
Epoch 39641
Epoch 39642
Epoch 39643
Epoch 39644
Epoch 39645
Epoch 39646
Epoch 39647
Epoch 39648
Epoch 39649
Epoch 39650
Epoch 39651
Epoch 39652
Epoch 39653
Epoch 39654
Epoch 39655
Epoch 39656
Epoch 39657
Epoch 39658
Epoch 39659
Epoch 39660
Epoch 39661
Epoch 39662
Epoch 39663
Epoch 39664
Epoch 39665
Epoch 39666
Epoch 39667
Epoch 39668
Epoch 39669
Epoch 39670
Epoch 39671
Epoch 39672
Epoch 39673
Epoch 39674
Epoch 39675
Epoch 39676
Epoch 39677
Epoch 39678
Epoch 39679
Epoch 39680
Epoch 39681
Epoch 39682
Epoch 39683
Epoch 39684
Epoch 39685
Epoch 39686
Epoch 39687
Epoch 39688
Epoch 39689
Epoch 39690
Epoch 39691
Epoch 39692
Epoch 39693
Epoch 39694
Epoch 39695
Epoch 39696
Epoch 39697
Epoch 39698
Epoch 39699
Epoch 39700
Epoch 39701
Epoch 39702
Epoch 39703
Epoch 39704
Epoch 39705
Epoch 39706
Epoch 39707
Epoch 39708
Epoch 39709
Epoch 39710
Epoch 39711
Epoch 39712
Epoch 39713
Epoch 39714
Epoch 39715
Epoch 39716
Epoch 39717
Epoch 39718
Epoch 39719
Epoch 39720
Epoch 39721
Epoch 39722
Epoch 39723
Epoch 39724
Epoch 39725
Epoch 39726
Epoch 39727
Epoch 39728
Epoch 39729
Epoch 39730
Epoch 39731
Epoch 39732
Epoch 39733
Epoch 39734
Epoch 39735
Epoch 39736
Epoch 39737
Epoch 39738
Epoch 39739
Epoch 39740
Epoch 39741
Epoch 39742
Epoch 39743
Epoch 39744
Epoch 39745
Epoch 39746
Epoch 39747
Epoch 39748
Epoch 39749
Epoch 39750
Epoch 39751
Epoch 39752
Epoch 39753
Epoch 39754
Epoch 39755
Epoch 39756
Epoch 39757
Epoch 39758
Epoch 39759
Epoch 39760
Epoch 39761
Epoch 39762
Epoch 39763
Epoch 39764
Epoch 39765
Epoch 39766
Epoch 39767
Epoch 39768
Epoch 39769
Epoch 39770
Epoch 39771
Epoch 39772
Epoch 39773
Epoch 39774
Epoch 39775
Epoch 39776
Epoch 39777
Epoch 39778
Epoch 39779
Epoch 39780
Epoch 39781
Epoch 39782
Epoch 39783
Epoch 39784
Epoch 39785
Epoch 39786
Epoch 39787
Epoch 39788
Epoch 39789
Epoch 39790
Epoch 39791
Epoch 39792
Epoch 39793
Epoch 39794
Epoch 39795
Epoch 39796
Epoch 39797
Epoch 39798
Epoch 39799
Epoch 39800
Epoch 39801
Epoch 39802
Epoch 39803
Epoch 39804
Epoch 39805
Epoch 39806
Epoch 39807
Epoch 39808
Epoch 39809
Epoch 39810
Epoch 39811
Epoch 39812
Epoch 39813
Epoch 39814
Epoch 39815
Epoch 39816
Epoch 39817
Epoch 39818
Epoch 39819
Epoch 39820
Epoch 39821
Epoch 39822
Epoch 39823
Epoch 39824
Epoch 39825
Epoch 39826
Epoch 39827
Epoch 39828
Epoch 39829
Epoch 39830
Epoch 39831
Epoch 39832
Epoch 39833
Epoch 39834
Epoch 39835
Epoch 39836
Epoch 39837
Epoch 39838
Epoch 39839
Epoch 39840
Epoch 39841
Epoch 39842
Epoch 39843
Epoch 39844
Epoch 39845
Epoch 39846
Epoch 39847
Epoch 39848
Epoch 39849
Epoch 39850
Epoch 39851
Epoch 39852
Epoch 39853
Epoch 39854
Epoch 39855
Epoch 39856
Epoch 39857
Epoch 39858
Epoch 39859
Epoch 39860
Epoch 39861
Epoch 39862
Epoch 39863
Epoch 39864
Epoch 39865
Epoch 39866
Epoch 39867
Epoch 39868
Epoch 39869
Epoch 39870
Epoch 39871
Epoch 39872
Epoch 39873
Epoch 39874
Epoch 39875
Epoch 39876
Epoch 39877
Epoch 39878
Epoch 39879
Epoch 39880
Epoch 39881
Epoch 39882
Epoch 39883
Epoch 39884
Epoch 39885
Epoch 39886
Epoch 39887
Epoch 39888
Epoch 39889
Epoch 39890
Epoch 39891
Epoch 39892
Epoch 39893
Epoch 39894
Epoch 39895
Epoch 39896
Epoch 39897
Epoch 39898
Epoch 39899
Epoch 39900
Epoch 39901
Epoch 39902
Epoch 39903
Epoch 39904
Epoch 39905
Epoch 39906
Epoch 39907
Epoch 39908
Epoch 39909
Epoch 39910
Epoch 39911
Epoch 39912
Epoch 39913
Epoch 39914
Epoch 39915
Epoch 39916
Epoch 39917
Epoch 39918
Epoch 39919
Epoch 39920
Epoch 39921
Epoch 39922
Epoch 39923
Epoch 39924
Epoch 39925
Epoch 39926
Epoch 39927
Epoch 39928
Epoch 39929
Epoch 39930
Epoch 39931
Epoch 39932
Epoch 39933
Epoch 39934
Epoch 39935
Epoch 39936
Epoch 39937
Epoch 39938
Epoch 39939
Epoch 39940
Epoch 39941
Epoch 39942
Epoch 39943
Epoch 39944
Epoch 39945
Epoch 39946
Epoch 39947
Epoch 39948
Epoch 39949
Epoch 39950
Epoch 39951
Epoch 39952
Epoch 39953
Epoch 39954
Epoch 39955
Epoch 39956
Epoch 39957
Epoch 39958
Epoch 39959
Epoch 39960
Epoch 39961
Epoch 39962
Epoch 39963
Epoch 39964
Epoch 39965
Epoch 39966
Epoch 39967
Epoch 39968
Epoch 39969
Epoch 39970
Epoch 39971
Epoch 39972
Epoch 39973
Epoch 39974
Epoch 39975
Epoch 39976
Epoch 39977
Epoch 39978
Epoch 39979
Epoch 39980
Epoch 39981
Epoch 39982
Epoch 39983
Epoch 39984
Epoch 39985
Epoch 39986
Epoch 39987
Epoch 39988
Epoch 39989
Epoch 39990
Epoch 39991
Epoch 39992
Epoch 39993
Epoch 39994
Epoch 39995
Epoch 39996
Epoch 39997
Epoch 39998
Epoch 39999
Epoch 40000
Epoch 40001
Epoch 40002
Epoch 40003
Epoch 40004
Epoch 40005
Epoch 40006
Epoch 40007
Epoch 40008
Epoch 40009
Epoch 40010
Epoch 40011
Epoch 40012
Epoch 40013
Epoch 40014
Epoch 40015
Epoch 40016
Epoch 40017
Epoch 40018
Epoch 40019
Epoch 40020
Epoch 40021
Epoch 40022
Epoch 40023
Epoch 40024
Epoch 40025
Epoch 40026
Epoch 40027
Epoch 40028
Epoch 40029
Epoch 40030
Epoch 40031
Epoch 40032
Epoch 40033
Epoch 40034
Epoch 40035
Epoch 40036
Epoch 40037
Epoch 40038
Epoch 40039
Epoch 40040
Epoch 40041
Epoch 40042
Epoch 40043
Epoch 40044
Epoch 40045
Epoch 40046
Epoch 40047
Epoch 40048
Epoch 40049
Epoch 40050
Epoch 40051
Epoch 40052
Epoch 40053
Epoch 40054
Epoch 40055
Epoch 40056
Epoch 40057
Epoch 40058
Epoch 40059
Epoch 40060
Epoch 40061
Epoch 40062
Epoch 40063
Epoch 40064
Epoch 40065
Epoch 40066
Epoch 40067
Epoch 40068
Epoch 40069
Epoch 40070
Epoch 40071
Epoch 40072
Epoch 40073
Epoch 40074
Epoch 40075
Epoch 40076
Epoch 40077
Epoch 40078
Epoch 40079
Epoch 40080
Epoch 40081
Epoch 40082
Epoch 40083
Epoch 40084
Epoch 40085
Epoch 40086
Epoch 40087
Epoch 40088
Epoch 40089
Epoch 40090
Epoch 40091
Epoch 40092
Epoch 40093
Epoch 40094
Epoch 40095
Epoch 40096
Epoch 40097
Epoch 40098
Epoch 40099
Epoch 40100
Epoch 40101
Epoch 40102
Epoch 40103
Epoch 40104
Epoch 40105
Epoch 40106
Epoch 40107
Epoch 40108
Epoch 40109
Epoch 40110
Epoch 40111
Epoch 40112
Epoch 40113
Epoch 40114
Epoch 40115
Epoch 40116
Epoch 40117
Epoch 40118
Epoch 40119
Epoch 40120
Epoch 40121
Epoch 40122
Epoch 40123
Epoch 40124
Epoch 40125
Epoch 40126
Epoch 40127
Epoch 40128
Epoch 40129
Epoch 40130
Epoch 40131
Epoch 40132
Epoch 40133
Epoch 40134
Epoch 40135
Epoch 40136
Epoch 40137
Epoch 40138
Epoch 40139
Epoch 40140
Epoch 40141
Epoch 40142
Epoch 40143
Epoch 40144
Epoch 40145
Epoch 40146
Epoch 40147
Epoch 40148
Epoch 40149
Epoch 40150
Epoch 40151
Epoch 40152
Epoch 40153
Epoch 40154
Epoch 40155
Epoch 40156
Epoch 40157
Epoch 40158
Epoch 40159
Epoch 40160
Epoch 40161
Epoch 40162
Epoch 40163
Epoch 40164
Epoch 40165
Epoch 40166
Epoch 40167
Epoch 40168
Epoch 40169
Epoch 40170
Epoch 40171
Epoch 40172
Epoch 40173
Epoch 40174
Epoch 40175
Epoch 40176
Epoch 40177
Epoch 40178
Epoch 40179
Epoch 40180
Epoch 40181
Epoch 40182
Epoch 40183
Epoch 40184
Epoch 40185
Epoch 40186
Epoch 40187
Epoch 40188
Epoch 40189
Epoch 40190
Epoch 40191
Epoch 40192
Epoch 40193
Epoch 40194
Epoch 40195
Epoch 40196
Epoch 40197
Epoch 40198
Epoch 40199
Epoch 40200
Epoch 40201
Epoch 40202
Epoch 40203
Epoch 40204
Epoch 40205
Epoch 40206
Epoch 40207
Epoch 40208
Epoch 40209
Epoch 40210
Epoch 40211
Epoch 40212
Epoch 40213
Epoch 40214
Epoch 40215
Epoch 40216
Epoch 40217
Epoch 40218
Epoch 40219
Epoch 40220
Epoch 40221
Epoch 40222
Epoch 40223
Epoch 40224
Epoch 40225
Epoch 40226
Epoch 40227
Epoch 40228
Epoch 40229
Epoch 40230
Epoch 40231
Epoch 40232
Epoch 40233
Epoch 40234
Epoch 40235
Epoch 40236
Epoch 40237
Epoch 40238
Epoch 40239
Epoch 40240
Epoch 40241
Epoch 40242
Epoch 40243
Epoch 40244
Epoch 40245
Epoch 40246
Epoch 40247
Epoch 40248
Epoch 40249
Epoch 40250
Epoch 40251
Epoch 40252
Epoch 40253
Epoch 40254
Epoch 40255
Epoch 40256
Epoch 40257
Epoch 40258
Epoch 40259
Epoch 40260
Epoch 40261
Epoch 40262
Epoch 40263
Epoch 40264
Epoch 40265
Epoch 40266
Epoch 40267
Epoch 40268
Epoch 40269
Epoch 40270
Epoch 40271
Epoch 40272
Epoch 40273
Epoch 40274
Epoch 40275
Epoch 40276
Epoch 40277
Epoch 40278
Epoch 40279
Epoch 40280
Epoch 40281
Epoch 40282
Epoch 40283
Epoch 40284
Epoch 40285
Epoch 40286
Epoch 40287
Epoch 40288
Epoch 40289
Epoch 40290
Epoch 40291
Epoch 40292
Epoch 40293
Epoch 40294
Epoch 40295
Epoch 40296
Epoch 40297
Epoch 40298
Epoch 40299
Epoch 40300
Epoch 40301
Epoch 40302
Epoch 40303
Epoch 40304
Epoch 40305
Epoch 40306
Epoch 40307
Epoch 40308
Epoch 40309
Epoch 40310
Epoch 40311
Epoch 40312
Epoch 40313
Epoch 40314
Epoch 40315
Epoch 40316
Epoch 40317
Epoch 40318
Epoch 40319
Epoch 40320
Epoch 40321
Epoch 40322
Epoch 40323
Epoch 40324
Epoch 40325
Epoch 40326
Epoch 40327
Epoch 40328
Epoch 40329
Epoch 40330
Epoch 40331
Epoch 40332
Epoch 40333
Epoch 40334
Epoch 40335
Epoch 40336
Epoch 40337
Epoch 40338
Epoch 40339
Epoch 40340
Epoch 40341
Epoch 40342
Epoch 40343
Epoch 40344
Epoch 40345
Epoch 40346
Epoch 40347
Epoch 40348
Epoch 40349
Epoch 40350
Epoch 40351
Epoch 40352
Epoch 40353
Epoch 40354
Epoch 40355
Epoch 40356
Epoch 40357
Epoch 40358
Epoch 40359
Epoch 40360
Epoch 40361
Epoch 40362
Epoch 40363
Epoch 40364
Epoch 40365
Epoch 40366
Epoch 40367
Epoch 40368
Epoch 40369
Epoch 40370
Epoch 40371
Epoch 40372
Epoch 40373
Epoch 40374
Epoch 40375
Epoch 40376
Epoch 40377
Epoch 40378
Epoch 40379
Epoch 40380
Epoch 40381
Epoch 40382
Epoch 40383
Epoch 40384
Epoch 40385
Epoch 40386
Epoch 40387
Epoch 40388
Epoch 40389
Epoch 40390
Epoch 40391
Epoch 40392
Epoch 40393
Epoch 40394
Epoch 40395
Epoch 40396
Epoch 40397
Epoch 40398
Epoch 40399
Epoch 40400
Epoch 40401
Epoch 40402
Epoch 40403
Epoch 40404
Epoch 40405
Epoch 40406
Epoch 40407
Epoch 40408
Epoch 40409
Epoch 40410
Epoch 40411
Epoch 40412
Epoch 40413
Epoch 40414
Epoch 40415
Epoch 40416
Epoch 40417
Epoch 40418
Epoch 40419
Epoch 40420
Epoch 40421
Epoch 40422
Epoch 40423
Epoch 40424
Epoch 40425
Epoch 40426
Epoch 40427
Epoch 40428
Epoch 40429
Epoch 40430
Epoch 40431
Epoch 40432
Epoch 40433
Epoch 40434
Epoch 40435
Epoch 40436
Epoch 40437
Epoch 40438
Epoch 40439
Epoch 40440
Epoch 40441
Epoch 40442
Epoch 40443
Epoch 40444
Epoch 40445
Epoch 40446
Epoch 40447
Epoch 40448
Epoch 40449
Epoch 40450
Epoch 40451
Epoch 40452
Epoch 40453
Epoch 40454
Epoch 40455
Epoch 40456
Epoch 40457
Epoch 40458
Epoch 40459
Epoch 40460
Epoch 40461
Epoch 40462
Epoch 40463
Epoch 40464
Epoch 40465
Epoch 40466
Epoch 40467
Epoch 40468
Epoch 40469
Epoch 40470
Epoch 40471
Epoch 40472
Epoch 40473
Epoch 40474
Epoch 40475
Epoch 40476
Epoch 40477
Epoch 40478
Epoch 40479
Epoch 40480
Epoch 40481
Epoch 40482
Epoch 40483
Epoch 40484
Epoch 40485
Epoch 40486
Epoch 40487
Epoch 40488
Epoch 40489
Epoch 40490
Epoch 40491
Epoch 40492
Epoch 40493
Epoch 40494
Epoch 40495
Epoch 40496
Epoch 40497
Epoch 40498
Epoch 40499
Epoch 40500
Epoch 40501
Epoch 40502
Epoch 40503
Epoch 40504
Epoch 40505
Epoch 40506
Epoch 40507
Epoch 40508
Epoch 40509
Epoch 40510
Epoch 40511
Epoch 40512
Epoch 40513
Epoch 40514
Epoch 40515
Epoch 40516
Epoch 40517
Epoch 40518
Epoch 40519
Epoch 40520
Epoch 40521
Epoch 40522
Epoch 40523
Epoch 40524
Epoch 40525
Epoch 40526
Epoch 40527
Epoch 40528
Epoch 40529
Epoch 40530
Epoch 40531
Epoch 40532
Epoch 40533
Epoch 40534
Epoch 40535
Epoch 40536
Epoch 40537
Epoch 40538
Epoch 40539
Epoch 40540
Epoch 40541
Epoch 40542
Epoch 40543
Epoch 40544
Epoch 40545
Epoch 40546
Epoch 40547
Epoch 40548
Epoch 40549
Epoch 40550
Epoch 40551
Epoch 40552
Epoch 40553
Epoch 40554
Epoch 40555
Epoch 40556
Epoch 40557
Epoch 40558
Epoch 40559
Epoch 40560
Epoch 40561
Epoch 40562
Epoch 40563
Epoch 40564
Epoch 40565
Epoch 40566
Epoch 40567
Epoch 40568
Epoch 40569
Epoch 40570
Epoch 40571
Epoch 40572
Epoch 40573
Epoch 40574
Epoch 40575
Epoch 40576
Epoch 40577
Epoch 40578
Epoch 40579
Epoch 40580
Epoch 40581
Epoch 40582
Epoch 40583
Epoch 40584
Epoch 40585
Epoch 40586
Epoch 40587
Epoch 40588
Epoch 40589
Epoch 40590
Epoch 40591
Epoch 40592
Epoch 40593
Epoch 40594
Epoch 40595
Epoch 40596
Epoch 40597
Epoch 40598
Epoch 40599
Epoch 40600
Epoch 40601
Epoch 40602
Epoch 40603
Epoch 40604
Epoch 40605
Epoch 40606
Epoch 40607
Epoch 40608
Epoch 40609
Epoch 40610
Epoch 40611
Epoch 40612
Epoch 40613
Epoch 40614
Epoch 40615
Epoch 40616
Epoch 40617
Epoch 40618
Epoch 40619
Epoch 40620
Epoch 40621
Epoch 40622
Epoch 40623
Epoch 40624
Epoch 40625
Epoch 40626
Epoch 40627
Epoch 40628
Epoch 40629
Epoch 40630
Epoch 40631
Epoch 40632
Epoch 40633
Epoch 40634
Epoch 40635
Epoch 40636
Epoch 40637
Epoch 40638
Epoch 40639
Epoch 40640
Epoch 40641
Epoch 40642
Epoch 40643
Epoch 40644
Epoch 40645
Epoch 40646
Epoch 40647
Epoch 40648
Epoch 40649
Epoch 40650
Epoch 40651
Epoch 40652
Epoch 40653
Epoch 40654
Epoch 40655
Epoch 40656
Epoch 40657
Epoch 40658
Epoch 40659
Epoch 40660
Epoch 40661
Epoch 40662
Epoch 40663
Epoch 40664
Epoch 40665
Epoch 40666
Epoch 40667
Epoch 40668
Epoch 40669
Epoch 40670
Epoch 40671
Epoch 40672
Epoch 40673
Epoch 40674
Epoch 40675
Epoch 40676
Epoch 40677
Epoch 40678
Epoch 40679
Epoch 40680
Epoch 40681
Epoch 40682
Epoch 40683
Epoch 40684
Epoch 40685
Epoch 40686
Epoch 40687
Epoch 40688
Epoch 40689
Epoch 40690
Epoch 40691
Epoch 40692
Epoch 40693
Epoch 40694
Epoch 40695
Epoch 40696
Epoch 40697
Epoch 40698
Epoch 40699
Epoch 40700
Epoch 40701
Epoch 40702
Epoch 40703
Epoch 40704
Epoch 40705
Epoch 40706
Epoch 40707
Epoch 40708
Epoch 40709
Epoch 40710
Epoch 40711
Epoch 40712
Epoch 40713
Epoch 40714
Epoch 40715
Epoch 40716
Epoch 40717
Epoch 40718
Epoch 40719
Epoch 40720
Epoch 40721
Epoch 40722
Epoch 40723
Epoch 40724
Epoch 40725
Epoch 40726
Epoch 40727
Epoch 40728
Epoch 40729
Epoch 40730
Epoch 40731
Epoch 40732
Epoch 40733
Epoch 40734
Epoch 40735
Epoch 40736
Epoch 40737
Epoch 40738
Epoch 40739
Epoch 40740
Epoch 40741
Epoch 40742
Epoch 40743
Epoch 40744
Epoch 40745
Epoch 40746
Epoch 40747
Epoch 40748
Epoch 40749
Epoch 40750
Epoch 40751
Epoch 40752
Epoch 40753
Epoch 40754
Epoch 40755
Epoch 40756
Epoch 40757
Epoch 40758
Epoch 40759
Epoch 40760
Epoch 40761
Epoch 40762
Epoch 40763
Epoch 40764
Epoch 40765
Epoch 40766
Epoch 40767
Epoch 40768
Epoch 40769
Epoch 40770
Epoch 40771
Epoch 40772
Epoch 40773
Epoch 40774
Epoch 40775
Epoch 40776
Epoch 40777
Epoch 40778
Epoch 40779
Epoch 40780
Epoch 40781
Epoch 40782
Epoch 40783
Epoch 40784
Epoch 40785
Epoch 40786
Epoch 40787
Epoch 40788
Epoch 40789
Epoch 40790
Epoch 40791
Epoch 40792
Epoch 40793
Epoch 40794
Epoch 40795
Epoch 40796
Epoch 40797
Epoch 40798
Epoch 40799
Epoch 40800
Epoch 40801
Epoch 40802
Epoch 40803
Epoch 40804
Epoch 40805
Epoch 40806
Epoch 40807
Epoch 40808
Epoch 40809
Epoch 40810
Epoch 40811
Epoch 40812
Epoch 40813
Epoch 40814
Epoch 40815
Epoch 40816
Epoch 40817
Epoch 40818
Epoch 40819
Epoch 40820
Epoch 40821
Epoch 40822
Epoch 40823
Epoch 40824
Epoch 40825
Epoch 40826
Epoch 40827
Epoch 40828
Epoch 40829
Epoch 40830
Epoch 40831
Epoch 40832
Epoch 40833
Epoch 40834
Epoch 40835
Epoch 40836
Epoch 40837
Epoch 40838
Epoch 40839
Epoch 40840
Epoch 40841
Epoch 40842
Epoch 40843
Epoch 40844
Epoch 40845
Epoch 40846
Epoch 40847
Epoch 40848
Epoch 40849
Epoch 40850
Epoch 40851
Epoch 40852
Epoch 40853
Epoch 40854
Epoch 40855
Epoch 40856
Epoch 40857
Epoch 40858
Epoch 40859
Epoch 40860
Epoch 40861
Epoch 40862
Epoch 40863
Epoch 40864
Epoch 40865
Epoch 40866
Epoch 40867
Epoch 40868
Epoch 40869
Epoch 40870
Epoch 40871
Epoch 40872
Epoch 40873
Epoch 40874
Epoch 40875
Epoch 40876
Epoch 40877
Epoch 40878
Epoch 40879
Epoch 40880
Epoch 40881
Epoch 40882
Epoch 40883
Epoch 40884
Epoch 40885
Epoch 40886
Epoch 40887
Epoch 40888
Epoch 40889
Epoch 40890
Epoch 40891
Epoch 40892
Epoch 40893
Epoch 40894
Epoch 40895
Epoch 40896
Epoch 40897
Epoch 40898
Epoch 40899
Epoch 40900
Epoch 40901
Epoch 40902
Epoch 40903
Epoch 40904
Epoch 40905
Epoch 40906
Epoch 40907
Epoch 40908
Epoch 40909
Epoch 40910
Epoch 40911
Epoch 40912
Epoch 40913
Epoch 40914
Epoch 40915
Epoch 40916
Epoch 40917
Epoch 40918
Epoch 40919
Epoch 40920
Epoch 40921
Epoch 40922
Epoch 40923
Epoch 40924
Epoch 40925
Epoch 40926
Epoch 40927
Epoch 40928
Epoch 40929
Epoch 40930
Epoch 40931
Epoch 40932
Epoch 40933
Epoch 40934
Epoch 40935
Epoch 40936
Epoch 40937
Epoch 40938
Epoch 40939
Epoch 40940
Epoch 40941
Epoch 40942
Epoch 40943
Epoch 40944
Epoch 40945
Epoch 40946
Epoch 40947
Epoch 40948
Epoch 40949
Epoch 40950
Epoch 40951
Epoch 40952
Epoch 40953
Epoch 40954
Epoch 40955
Epoch 40956
Epoch 40957
Epoch 40958
Epoch 40959
Epoch 40960
Epoch 40961
Epoch 40962
Epoch 40963
Epoch 40964
Epoch 40965
Epoch 40966
Epoch 40967
Epoch 40968
Epoch 40969
Epoch 40970
Epoch 40971
Epoch 40972
Epoch 40973
Epoch 40974
Epoch 40975
Epoch 40976
Epoch 40977
Epoch 40978
Epoch 40979
Epoch 40980
Epoch 40981
Epoch 40982
Epoch 40983
Epoch 40984
Epoch 40985
Epoch 40986
Epoch 40987
Epoch 40988
Epoch 40989
Epoch 40990
Epoch 40991
Epoch 40992
Epoch 40993
Epoch 40994
Epoch 40995
Epoch 40996
Epoch 40997
Epoch 40998
Epoch 40999
Epoch 41000
Epoch 41001
Epoch 41002
Epoch 41003
Epoch 41004
Epoch 41005
Epoch 41006
Epoch 41007
Epoch 41008
Epoch 41009
Epoch 41010
Epoch 41011
Epoch 41012
Epoch 41013
Epoch 41014
Epoch 41015
Epoch 41016
Epoch 41017
Epoch 41018
Epoch 41019
Epoch 41020
Epoch 41021
Epoch 41022
Epoch 41023
Epoch 41024
Epoch 41025
Epoch 41026
Epoch 41027
Epoch 41028
Epoch 41029
Epoch 41030
Epoch 41031
Epoch 41032
Epoch 41033
Epoch 41034
Epoch 41035
Epoch 41036
Epoch 41037
Epoch 41038
Epoch 41039
Epoch 41040
Epoch 41041
Epoch 41042
Epoch 41043
Epoch 41044
Epoch 41045
Epoch 41046
Epoch 41047
Epoch 41048
Epoch 41049
Epoch 41050
Epoch 41051
Epoch 41052
Epoch 41053
Epoch 41054
Epoch 41055
Epoch 41056
Epoch 41057
Epoch 41058
Epoch 41059
Epoch 41060
Epoch 41061
Epoch 41062
Epoch 41063
Epoch 41064
Epoch 41065
Epoch 41066
Epoch 41067
Epoch 41068
Epoch 41069
Epoch 41070
Epoch 41071
Epoch 41072
Epoch 41073
Epoch 41074
Epoch 41075
Epoch 41076
Epoch 41077
Epoch 41078
Epoch 41079
Epoch 41080
Epoch 41081
Epoch 41082
Epoch 41083
Epoch 41084
Epoch 41085
Epoch 41086
Epoch 41087
Epoch 41088
Epoch 41089
Epoch 41090
Epoch 41091
Epoch 41092
Epoch 41093
Epoch 41094
Epoch 41095
Epoch 41096
Epoch 41097
Epoch 41098
Epoch 41099
Epoch 41100
Epoch 41101
Epoch 41102
Epoch 41103
Epoch 41104
Epoch 41105
Epoch 41106
Epoch 41107
Epoch 41108
Epoch 41109
Epoch 41110
Epoch 41111
Epoch 41112
Epoch 41113
Epoch 41114
Epoch 41115
Epoch 41116
Epoch 41117
Epoch 41118
Epoch 41119
Epoch 41120
Epoch 41121
Epoch 41122
Epoch 41123
Epoch 41124
Epoch 41125
Epoch 41126
Epoch 41127
Epoch 41128
Epoch 41129
Epoch 41130
Epoch 41131
Epoch 41132
Epoch 41133
Epoch 41134
Epoch 41135
Epoch 41136
Epoch 41137
Epoch 41138
Epoch 41139
Epoch 41140
Epoch 41141
Epoch 41142
Epoch 41143
Epoch 41144
Epoch 41145
Epoch 41146
Epoch 41147
Epoch 41148
Epoch 41149
Epoch 41150
Epoch 41151
Epoch 41152
Epoch 41153
Epoch 41154
Epoch 41155
Epoch 41156
Epoch 41157
Epoch 41158
Epoch 41159
Epoch 41160
Epoch 41161
Epoch 41162
Epoch 41163
Epoch 41164
Epoch 41165
Epoch 41166
Epoch 41167
Epoch 41168
Epoch 41169
Epoch 41170
Epoch 41171
Epoch 41172
Epoch 41173
Epoch 41174
Epoch 41175
Epoch 41176
Epoch 41177
Epoch 41178
Epoch 41179
Epoch 41180
Epoch 41181
Epoch 41182
Epoch 41183
Epoch 41184
Epoch 41185
Epoch 41186
Epoch 41187
Epoch 41188
Epoch 41189
Epoch 41190
Epoch 41191
Epoch 41192
Epoch 41193
Epoch 41194
Epoch 41195
Epoch 41196
Epoch 41197
Epoch 41198
Epoch 41199
Epoch 41200
Epoch 41201
Epoch 41202
Epoch 41203
Epoch 41204
Epoch 41205
Epoch 41206
Epoch 41207
Epoch 41208
Epoch 41209
Epoch 41210
Epoch 41211
Epoch 41212
Epoch 41213
Epoch 41214
Epoch 41215
Epoch 41216
Epoch 41217
Epoch 41218
Epoch 41219
Epoch 41220
Epoch 41221
Epoch 41222
Epoch 41223
Epoch 41224
Epoch 41225
Epoch 41226
Epoch 41227
Epoch 41228
Epoch 41229
Epoch 41230
Epoch 41231
Epoch 41232
Epoch 41233
Epoch 41234
Epoch 41235
Epoch 41236
Epoch 41237
Epoch 41238
Epoch 41239
Epoch 41240
Epoch 41241
Epoch 41242
Epoch 41243
Epoch 41244
Epoch 41245
Epoch 41246
Epoch 41247
Epoch 41248
Epoch 41249
Epoch 41250
Epoch 41251
Epoch 41252
Epoch 41253
Epoch 41254
Epoch 41255
Epoch 41256
Epoch 41257
Epoch 41258
Epoch 41259
Epoch 41260
Epoch 41261
Epoch 41262
Epoch 41263
Epoch 41264
Epoch 41265
Epoch 41266
Epoch 41267
Epoch 41268
Epoch 41269
Epoch 41270
Epoch 41271
Epoch 41272
Epoch 41273
Epoch 41274
Epoch 41275
Epoch 41276
Epoch 41277
Epoch 41278
Epoch 41279
Epoch 41280
Epoch 41281
Epoch 41282
Epoch 41283
Epoch 41284
Epoch 41285
Epoch 41286
Epoch 41287
Epoch 41288
Epoch 41289
Epoch 41290
Epoch 41291
Epoch 41292
Epoch 41293
Epoch 41294
Epoch 41295
Epoch 41296
Epoch 41297
Epoch 41298
Epoch 41299
Epoch 41300
Epoch 41301
Epoch 41302
Epoch 41303
Epoch 41304
Epoch 41305
Epoch 41306
Epoch 41307
Epoch 41308
Epoch 41309
Epoch 41310
Epoch 41311
Epoch 41312
Epoch 41313
Epoch 41314
Epoch 41315
Epoch 41316
Epoch 41317
Epoch 41318
Epoch 41319
Epoch 41320
Epoch 41321
Epoch 41322
Epoch 41323
Epoch 41324
Epoch 41325
Epoch 41326
Epoch 41327
Epoch 41328
Epoch 41329
Epoch 41330
Epoch 41331
Epoch 41332
Epoch 41333
Epoch 41334
Epoch 41335
Epoch 41336
Epoch 41337
Epoch 41338
Epoch 41339
Epoch 41340
Epoch 41341
Epoch 41342
Epoch 41343
Epoch 41344
Epoch 41345
Epoch 41346
Epoch 41347
Epoch 41348
Epoch 41349
Epoch 41350
Epoch 41351
Epoch 41352
Epoch 41353
Epoch 41354
Epoch 41355
Epoch 41356
Epoch 41357
Epoch 41358
Epoch 41359
Epoch 41360
Epoch 41361
Epoch 41362
Epoch 41363
Epoch 41364
Epoch 41365
Epoch 41366
Epoch 41367
Epoch 41368
Epoch 41369
Epoch 41370
Epoch 41371
Epoch 41372
Epoch 41373
Epoch 41374
Epoch 41375
Epoch 41376
Epoch 41377
Epoch 41378
Epoch 41379
Epoch 41380
Epoch 41381
Epoch 41382
Epoch 41383
Epoch 41384
Epoch 41385
Epoch 41386
Epoch 41387
Epoch 41388
Epoch 41389
Epoch 41390
Epoch 41391
Epoch 41392
Epoch 41393
Epoch 41394
Epoch 41395
Epoch 41396
Epoch 41397
Epoch 41398
Epoch 41399
Epoch 41400
Epoch 41401
Epoch 41402
Epoch 41403
Epoch 41404
Epoch 41405
Epoch 41406
Epoch 41407
Epoch 41408
Epoch 41409
Epoch 41410
Epoch 41411
Epoch 41412
Epoch 41413
Epoch 41414
Epoch 41415
Epoch 41416
Epoch 41417
Epoch 41418
Epoch 41419
Epoch 41420
Epoch 41421
Epoch 41422
Epoch 41423
Epoch 41424
Epoch 41425
Epoch 41426
Epoch 41427
Epoch 41428
Epoch 41429
Epoch 41430
Epoch 41431
Epoch 41432
Epoch 41433
Epoch 41434
Epoch 41435
Epoch 41436
Epoch 41437
Epoch 41438
Epoch 41439
Epoch 41440
Epoch 41441
Epoch 41442
Epoch 41443
Epoch 41444
Epoch 41445
Epoch 41446
Epoch 41447
Epoch 41448
Epoch 41449
Epoch 41450
Epoch 41451
Epoch 41452
Epoch 41453
Epoch 41454
Epoch 41455
Epoch 41456
Epoch 41457
Epoch 41458
Epoch 41459
Epoch 41460
Epoch 41461
Epoch 41462
Epoch 41463
Epoch 41464
Epoch 41465
Epoch 41466
Epoch 41467
Epoch 41468
Epoch 41469
Epoch 41470
Epoch 41471
Epoch 41472
Epoch 41473
Epoch 41474
Epoch 41475
Epoch 41476
Epoch 41477
Epoch 41478
Epoch 41479
Epoch 41480
Epoch 41481
Epoch 41482
Epoch 41483
Epoch 41484
Epoch 41485
Epoch 41486
Epoch 41487
Epoch 41488
Epoch 41489
Epoch 41490
Epoch 41491
Epoch 41492
Epoch 41493
Epoch 41494
Epoch 41495
Epoch 41496
Epoch 41497
Epoch 41498
Epoch 41499
Epoch 41500
Epoch 41501
Epoch 41502
Epoch 41503
Epoch 41504
Epoch 41505
Epoch 41506
Epoch 41507
Epoch 41508
Epoch 41509
Epoch 41510
Epoch 41511
Epoch 41512
Epoch 41513
Epoch 41514
Epoch 41515
Epoch 41516
Epoch 41517
Epoch 41518
Epoch 41519
Epoch 41520
Epoch 41521
Epoch 41522
Epoch 41523
Epoch 41524
Epoch 41525
Epoch 41526
Epoch 41527
Epoch 41528
Epoch 41529
Epoch 41530
Epoch 41531
Epoch 41532
Epoch 41533
Epoch 41534
Epoch 41535
Epoch 41536
Epoch 41537
Epoch 41538
Epoch 41539
Epoch 41540
Epoch 41541
Epoch 41542
Epoch 41543
Epoch 41544
Epoch 41545
Epoch 41546
Epoch 41547
Epoch 41548
Epoch 41549
Epoch 41550
Epoch 41551
Epoch 41552
Epoch 41553
Epoch 41554
Epoch 41555
Epoch 41556
Epoch 41557
Epoch 41558
Epoch 41559
Epoch 41560
Epoch 41561
Epoch 41562
Epoch 41563
Epoch 41564
Epoch 41565
Epoch 41566
Epoch 41567
Epoch 41568
Epoch 41569
Epoch 41570
Epoch 41571
Epoch 41572
Epoch 41573
Epoch 41574
Epoch 41575
Epoch 41576
Epoch 41577
Epoch 41578
Epoch 41579
Epoch 41580
Epoch 41581
Epoch 41582
Epoch 41583
Epoch 41584
Epoch 41585
Epoch 41586
Epoch 41587
Epoch 41588
Epoch 41589
Epoch 41590
Epoch 41591
Epoch 41592
Epoch 41593
Epoch 41594
Epoch 41595
Epoch 41596
Epoch 41597
Epoch 41598
Epoch 41599
Epoch 41600
Epoch 41601
Epoch 41602
Epoch 41603
Epoch 41604
Epoch 41605
Epoch 41606
Epoch 41607
Epoch 41608
Epoch 41609
Epoch 41610
Epoch 41611
Epoch 41612
Epoch 41613
Epoch 41614
Epoch 41615
Epoch 41616
Epoch 41617
Epoch 41618
Epoch 41619
Epoch 41620
Epoch 41621
Epoch 41622
Epoch 41623
Epoch 41624
Epoch 41625
Epoch 41626
Epoch 41627
Epoch 41628
Epoch 41629
Epoch 41630
Epoch 41631
Epoch 41632
Epoch 41633
Epoch 41634
Epoch 41635
Epoch 41636
Epoch 41637
Epoch 41638
Epoch 41639
Epoch 41640
Epoch 41641
Epoch 41642
Epoch 41643
Epoch 41644
Epoch 41645
Epoch 41646
Epoch 41647
Epoch 41648
Epoch 41649
Epoch 41650
Epoch 41651
Epoch 41652
Epoch 41653
Epoch 41654
Epoch 41655
Epoch 41656
Epoch 41657
Epoch 41658
Epoch 41659
Epoch 41660
Epoch 41661
Epoch 41662
Epoch 41663
Epoch 41664
Epoch 41665
Epoch 41666
Epoch 41667
Epoch 41668
Epoch 41669
Epoch 41670
Epoch 41671
Epoch 41672
Epoch 41673
Epoch 41674
Epoch 41675
Epoch 41676
Epoch 41677
Epoch 41678
Epoch 41679
Epoch 41680
Epoch 41681
Epoch 41682
Epoch 41683
Epoch 41684
Epoch 41685
Epoch 41686
Epoch 41687
Epoch 41688
Epoch 41689
Epoch 41690
Epoch 41691
Epoch 41692
Epoch 41693
Epoch 41694
Epoch 41695
Epoch 41696
Epoch 41697
Epoch 41698
Epoch 41699
Epoch 41700
Epoch 41701
Epoch 41702
Epoch 41703
Epoch 41704
Epoch 41705
Epoch 41706
Epoch 41707
Epoch 41708
Epoch 41709
Epoch 41710
Epoch 41711
Epoch 41712
Epoch 41713
Epoch 41714
Epoch 41715
Epoch 41716
Epoch 41717
Epoch 41718
Epoch 41719
Epoch 41720
Epoch 41721
Epoch 41722
Epoch 41723
Epoch 41724
Epoch 41725
Epoch 41726
Epoch 41727
Epoch 41728
Epoch 41729
Epoch 41730
Epoch 41731
Epoch 41732
Epoch 41733
Epoch 41734
Epoch 41735
Epoch 41736
Epoch 41737
Epoch 41738
Epoch 41739
Epoch 41740
Epoch 41741
Epoch 41742
Epoch 41743
Epoch 41744
Epoch 41745
Epoch 41746
Epoch 41747
Epoch 41748
Epoch 41749
Epoch 41750
Epoch 41751
Epoch 41752
Epoch 41753
Epoch 41754
Epoch 41755
Epoch 41756
Epoch 41757
Epoch 41758
Epoch 41759
Epoch 41760
Epoch 41761
Epoch 41762
Epoch 41763
Epoch 41764
Epoch 41765
Epoch 41766
Epoch 41767
Epoch 41768
Epoch 41769
Epoch 41770
Epoch 41771
Epoch 41772
Epoch 41773
Epoch 41774
Epoch 41775
Epoch 41776
Epoch 41777
Epoch 41778
Epoch 41779
Epoch 41780
Epoch 41781
Epoch 41782
Epoch 41783
Epoch 41784
Epoch 41785
Epoch 41786
Epoch 41787
Epoch 41788
Epoch 41789
Epoch 41790
Epoch 41791
Epoch 41792
Epoch 41793
Epoch 41794
Epoch 41795
Epoch 41796
Epoch 41797
Epoch 41798
Epoch 41799
Epoch 41800
Epoch 41801
Epoch 41802
Epoch 41803
Epoch 41804
Epoch 41805
Epoch 41806
Epoch 41807
Epoch 41808
Epoch 41809
Epoch 41810
Epoch 41811
Epoch 41812
Epoch 41813
Epoch 41814
Epoch 41815
Epoch 41816
Epoch 41817
Epoch 41818
Epoch 41819
Epoch 41820
Epoch 41821
Epoch 41822
Epoch 41823
Epoch 41824
Epoch 41825
Epoch 41826
Epoch 41827
Epoch 41828
Epoch 41829
Epoch 41830
Epoch 41831
Epoch 41832
Epoch 41833
Epoch 41834
Epoch 41835
Epoch 41836
Epoch 41837
Epoch 41838
Epoch 41839
Epoch 41840
Epoch 41841
Epoch 41842
Epoch 41843
Epoch 41844
Epoch 41845
Epoch 41846
Epoch 41847
Epoch 41848
Epoch 41849
Epoch 41850
Epoch 41851
Epoch 41852
Epoch 41853
Epoch 41854
Epoch 41855
Epoch 41856
Epoch 41857
Epoch 41858
Epoch 41859
Epoch 41860
Epoch 41861
Epoch 41862
Epoch 41863
Epoch 41864
Epoch 41865
Epoch 41866
Epoch 41867
Epoch 41868
Epoch 41869
Epoch 41870
Epoch 41871
Epoch 41872
Epoch 41873
Epoch 41874
Epoch 41875
Epoch 41876
Epoch 41877
Epoch 41878
Epoch 41879
Epoch 41880
Epoch 41881
Epoch 41882
Epoch 41883
Epoch 41884
Epoch 41885
Epoch 41886
Epoch 41887
Epoch 41888
Epoch 41889
Epoch 41890
Epoch 41891
Epoch 41892
Epoch 41893
Epoch 41894
Epoch 41895
Epoch 41896
Epoch 41897
Epoch 41898
Epoch 41899
Epoch 41900
Epoch 41901
Epoch 41902
Epoch 41903
Epoch 41904
Epoch 41905
Epoch 41906
Epoch 41907
Epoch 41908
Epoch 41909
Epoch 41910
Epoch 41911
Epoch 41912
Epoch 41913
Epoch 41914
Epoch 41915
Epoch 41916
Epoch 41917
Epoch 41918
Epoch 41919
Epoch 41920
Epoch 41921
Epoch 41922
Epoch 41923
Epoch 41924
Epoch 41925
Epoch 41926
Epoch 41927
Epoch 41928
Epoch 41929
Epoch 41930
Epoch 41931
Epoch 41932
Epoch 41933
Epoch 41934
Epoch 41935
Epoch 41936
Epoch 41937
Epoch 41938
Epoch 41939
Epoch 41940
Epoch 41941
Epoch 41942
Epoch 41943
Epoch 41944
Epoch 41945
Epoch 41946
Epoch 41947
Epoch 41948
Epoch 41949
Epoch 41950
Epoch 41951
Epoch 41952
Epoch 41953
Epoch 41954
Epoch 41955
Epoch 41956
Epoch 41957
Epoch 41958
Epoch 41959
Epoch 41960
Epoch 41961
Epoch 41962
Epoch 41963
Epoch 41964
Epoch 41965
Epoch 41966
Epoch 41967
Epoch 41968
Epoch 41969
Epoch 41970
Epoch 41971
Epoch 41972
Epoch 41973
Epoch 41974
Epoch 41975
Epoch 41976
Epoch 41977
Epoch 41978
Epoch 41979
Epoch 41980
Epoch 41981
Epoch 41982
Epoch 41983
Epoch 41984
Epoch 41985
Epoch 41986
Epoch 41987
Epoch 41988
Epoch 41989
Epoch 41990
Epoch 41991
Epoch 41992
Epoch 41993
Epoch 41994
Epoch 41995
Epoch 41996
Epoch 41997
Epoch 41998
Epoch 41999
Epoch 42000
Epoch 42001
Epoch 42002
Epoch 42003
Epoch 42004
Epoch 42005
Epoch 42006
Epoch 42007
Epoch 42008
Epoch 42009
Epoch 42010
Epoch 42011
Epoch 42012
Epoch 42013
Epoch 42014
Epoch 42015
Epoch 42016
Epoch 42017
Epoch 42018
Epoch 42019
Epoch 42020
Epoch 42021
Epoch 42022
Epoch 42023
Epoch 42024
Epoch 42025
Epoch 42026
Epoch 42027
Epoch 42028
Epoch 42029
Epoch 42030
Epoch 42031
Epoch 42032
Epoch 42033
Epoch 42034
Epoch 42035
Epoch 42036
Epoch 42037
Epoch 42038
Epoch 42039
Epoch 42040
Epoch 42041
Epoch 42042
Epoch 42043
Epoch 42044
Epoch 42045
Epoch 42046
Epoch 42047
Epoch 42048
Epoch 42049
Epoch 42050
Epoch 42051
Epoch 42052
Epoch 42053
Epoch 42054
Epoch 42055
Epoch 42056
Epoch 42057
Epoch 42058
Epoch 42059
Epoch 42060
Epoch 42061
Epoch 42062
Epoch 42063
Epoch 42064
Epoch 42065
Epoch 42066
Epoch 42067
Epoch 42068
Epoch 42069
Epoch 42070
Epoch 42071
Epoch 42072
Epoch 42073
Epoch 42074
Epoch 42075
Epoch 42076
Epoch 42077
Epoch 42078
Epoch 42079
Epoch 42080
Epoch 42081
Epoch 42082
Epoch 42083
Epoch 42084
Epoch 42085
Epoch 42086
Epoch 42087
Epoch 42088
Epoch 42089
Epoch 42090
Epoch 42091
Epoch 42092
Epoch 42093
Epoch 42094
Epoch 42095
Epoch 42096
Epoch 42097
Epoch 42098
Epoch 42099
Epoch 42100
Epoch 42101
Epoch 42102
Epoch 42103
Epoch 42104
Epoch 42105
Epoch 42106
Epoch 42107
Epoch 42108
Epoch 42109
Epoch 42110
Epoch 42111
Epoch 42112
Epoch 42113
Epoch 42114
Epoch 42115
Epoch 42116
Epoch 42117
Epoch 42118
Epoch 42119
Epoch 42120
Epoch 42121
Epoch 42122
Epoch 42123
Epoch 42124
Epoch 42125
Epoch 42126
Epoch 42127
Epoch 42128
Epoch 42129
Epoch 42130
Epoch 42131
Epoch 42132
Epoch 42133
Epoch 42134
Epoch 42135
Epoch 42136
Epoch 42137
Epoch 42138
Epoch 42139
Epoch 42140
Epoch 42141
Epoch 42142
Epoch 42143
Epoch 42144
Epoch 42145
Epoch 42146
Epoch 42147
Epoch 42148
Epoch 42149
Epoch 42150
Epoch 42151
Epoch 42152
Epoch 42153
Epoch 42154
Epoch 42155
Epoch 42156
Epoch 42157
Epoch 42158
Epoch 42159
Epoch 42160
Epoch 42161
Epoch 42162
Epoch 42163
Epoch 42164
Epoch 42165
Epoch 42166
Epoch 42167
Epoch 42168
Epoch 42169
Epoch 42170
Epoch 42171
Epoch 42172
Epoch 42173
Epoch 42174
Epoch 42175
Epoch 42176
Epoch 42177
Epoch 42178
Epoch 42179
Epoch 42180
Epoch 42181
Epoch 42182
Epoch 42183
Epoch 42184
Epoch 42185
Epoch 42186
Epoch 42187
Epoch 42188
Epoch 42189
Epoch 42190
Epoch 42191
Epoch 42192
Epoch 42193
Epoch 42194
Epoch 42195
Epoch 42196
Epoch 42197
Epoch 42198
Epoch 42199
Epoch 42200
Epoch 42201
Epoch 42202
Epoch 42203
Epoch 42204
Epoch 42205
Epoch 42206
Epoch 42207
Epoch 42208
Epoch 42209
Epoch 42210
Epoch 42211
Epoch 42212
Epoch 42213
Epoch 42214
Epoch 42215
Epoch 42216
Epoch 42217
Epoch 42218
Epoch 42219
Epoch 42220
Epoch 42221
Epoch 42222
Epoch 42223
Epoch 42224
Epoch 42225
Epoch 42226
Epoch 42227
Epoch 42228
Epoch 42229
Epoch 42230
Epoch 42231
Epoch 42232
Epoch 42233
Epoch 42234
Epoch 42235
Epoch 42236
Epoch 42237
Epoch 42238
Epoch 42239
Epoch 42240
Epoch 42241
Epoch 42242
Epoch 42243
Epoch 42244
Epoch 42245
Epoch 42246
Epoch 42247
Epoch 42248
Epoch 42249
Epoch 42250
Epoch 42251
Epoch 42252
Epoch 42253
Epoch 42254
Epoch 42255
Epoch 42256
Epoch 42257
Epoch 42258
Epoch 42259
Epoch 42260
Epoch 42261
Epoch 42262
Epoch 42263
Epoch 42264
Epoch 42265
Epoch 42266
Epoch 42267
Epoch 42268
Epoch 42269
Epoch 42270
Epoch 42271
Epoch 42272
Epoch 42273
Epoch 42274
Epoch 42275
Epoch 42276
Epoch 42277
Epoch 42278
Epoch 42279
Epoch 42280
Epoch 42281
Epoch 42282
Epoch 42283
Epoch 42284
Epoch 42285
Epoch 42286
Epoch 42287
Epoch 42288
Epoch 42289
Epoch 42290
Epoch 42291
Epoch 42292
Epoch 42293
Epoch 42294
Epoch 42295
Epoch 42296
Epoch 42297
Epoch 42298
Epoch 42299
Epoch 42300
Epoch 42301
Epoch 42302
Epoch 42303
Epoch 42304
Epoch 42305
Epoch 42306
Epoch 42307
Epoch 42308
Epoch 42309
Epoch 42310
Epoch 42311
Epoch 42312
Epoch 42313
Epoch 42314
Epoch 42315
Epoch 42316
Epoch 42317
Epoch 42318
Epoch 42319
Epoch 42320
Epoch 42321
Epoch 42322
Epoch 42323
Epoch 42324
Epoch 42325
Epoch 42326
Epoch 42327
Epoch 42328
Epoch 42329
Epoch 42330
Epoch 42331
Epoch 42332
Epoch 42333
Epoch 42334
Epoch 42335
Epoch 42336
Epoch 42337
Epoch 42338
Epoch 42339
Epoch 42340
Epoch 42341
Epoch 42342
Epoch 42343
Epoch 42344
Epoch 42345
Epoch 42346
Epoch 42347
Epoch 42348
Epoch 42349
Epoch 42350
Epoch 42351
Epoch 42352
Epoch 42353
Epoch 42354
Epoch 42355
Epoch 42356
Epoch 42357
Epoch 42358
Epoch 42359
Epoch 42360
Epoch 42361
Epoch 42362
Epoch 42363
Epoch 42364
Epoch 42365
Epoch 42366
Epoch 42367
Epoch 42368
Epoch 42369
Epoch 42370
Epoch 42371
Epoch 42372
Epoch 42373
Epoch 42374
Epoch 42375
Epoch 42376
Epoch 42377
Epoch 42378
Epoch 42379
Epoch 42380
Epoch 42381
Epoch 42382
Epoch 42383
Epoch 42384
Epoch 42385
Epoch 42386
Epoch 42387
Epoch 42388
Epoch 42389
Epoch 42390
Epoch 42391
Epoch 42392
Epoch 42393
Epoch 42394
Epoch 42395
Epoch 42396
Epoch 42397
Epoch 42398
Epoch 42399
Epoch 42400
Epoch 42401
Epoch 42402
Epoch 42403
Epoch 42404
Epoch 42405
Epoch 42406
Epoch 42407
Epoch 42408
Epoch 42409
Epoch 42410
Epoch 42411
Epoch 42412
Epoch 42413
Epoch 42414
Epoch 42415
Epoch 42416
Epoch 42417
Epoch 42418
Epoch 42419
Epoch 42420
Epoch 42421
Epoch 42422
Epoch 42423
Epoch 42424
Epoch 42425
Epoch 42426
Epoch 42427
Epoch 42428
Epoch 42429
Epoch 42430
Epoch 42431
Epoch 42432
Epoch 42433
Epoch 42434
Epoch 42435
Epoch 42436
Epoch 42437
Epoch 42438
Epoch 42439
Epoch 42440
Epoch 42441
Epoch 42442
Epoch 42443
Epoch 42444
Epoch 42445
Epoch 42446
Epoch 42447
Epoch 42448
Epoch 42449
Epoch 42450
Epoch 42451
Epoch 42452
Epoch 42453
Epoch 42454
Epoch 42455
Epoch 42456
Epoch 42457
Epoch 42458
Epoch 42459
Epoch 42460
Epoch 42461
Epoch 42462
Epoch 42463
Epoch 42464
Epoch 42465
Epoch 42466
Epoch 42467
Epoch 42468
Epoch 42469
Epoch 42470
Epoch 42471
Epoch 42472
Epoch 42473
Epoch 42474
Epoch 42475
Epoch 42476
Epoch 42477
Epoch 42478
Epoch 42479
Epoch 42480
Epoch 42481
Epoch 42482
Epoch 42483
Epoch 42484
Epoch 42485
Epoch 42486
Epoch 42487
Epoch 42488
Epoch 42489
Epoch 42490
Epoch 42491
Epoch 42492
Epoch 42493
Epoch 42494
Epoch 42495
Epoch 42496
Epoch 42497
Epoch 42498
Epoch 42499
Epoch 42500
Epoch 42501
Epoch 42502
Epoch 42503
Epoch 42504
Epoch 42505
Epoch 42506
Epoch 42507
Epoch 42508
Epoch 42509
Epoch 42510
Epoch 42511
Epoch 42512
Epoch 42513
Epoch 42514
Epoch 42515
Epoch 42516
Epoch 42517
Epoch 42518
Epoch 42519
Epoch 42520
Epoch 42521
Epoch 42522
Epoch 42523
Epoch 42524
Epoch 42525
Epoch 42526
Epoch 42527
Epoch 42528
Epoch 42529
Epoch 42530
Epoch 42531
Epoch 42532
Epoch 42533
Epoch 42534
Epoch 42535
Epoch 42536
Epoch 42537
Epoch 42538
Epoch 42539
Epoch 42540
Epoch 42541
Epoch 42542
Epoch 42543
Epoch 42544
Epoch 42545
Epoch 42546
Epoch 42547
Epoch 42548
Epoch 42549
Epoch 42550
Epoch 42551
Epoch 42552
Epoch 42553
Epoch 42554
Epoch 42555
Epoch 42556
Epoch 42557
Epoch 42558
Epoch 42559
Epoch 42560
Epoch 42561
Epoch 42562
Epoch 42563
Epoch 42564
Epoch 42565
Epoch 42566
Epoch 42567
Epoch 42568
Epoch 42569
Epoch 42570
Epoch 42571
Epoch 42572
Epoch 42573
Epoch 42574
Epoch 42575
Epoch 42576
Epoch 42577
Epoch 42578
Epoch 42579
Epoch 42580
Epoch 42581
Epoch 42582
Epoch 42583
Epoch 42584
Epoch 42585
Epoch 42586
Epoch 42587
Epoch 42588
Epoch 42589
Epoch 42590
Epoch 42591
Epoch 42592
Epoch 42593
Epoch 42594
Epoch 42595
Epoch 42596
Epoch 42597
Epoch 42598
Epoch 42599
Epoch 42600
Epoch 42601
Epoch 42602
Epoch 42603
Epoch 42604
Epoch 42605
Epoch 42606
Epoch 42607
Epoch 42608
Epoch 42609
Epoch 42610
Epoch 42611
Epoch 42612
Epoch 42613
Epoch 42614
Epoch 42615
Epoch 42616
Epoch 42617
Epoch 42618
Epoch 42619
Epoch 42620
Epoch 42621
Epoch 42622
Epoch 42623
Epoch 42624
Epoch 42625
Epoch 42626
Epoch 42627
Epoch 42628
Epoch 42629
Epoch 42630
Epoch 42631
Epoch 42632
Epoch 42633
Epoch 42634
Epoch 42635
Epoch 42636
Epoch 42637
Epoch 42638
Epoch 42639
Epoch 42640
Epoch 42641
Epoch 42642
Epoch 42643
Epoch 42644
Epoch 42645
Epoch 42646
Epoch 42647
Epoch 42648
Epoch 42649
Epoch 42650
Epoch 42651
Epoch 42652
Epoch 42653
Epoch 42654
Epoch 42655
Epoch 42656
Epoch 42657
Epoch 42658
Epoch 42659
Epoch 42660
Epoch 42661
Epoch 42662
Epoch 42663
Epoch 42664
Epoch 42665
Epoch 42666
Epoch 42667
Epoch 42668
Epoch 42669
Epoch 42670
Epoch 42671
Epoch 42672
Epoch 42673
Epoch 42674
Epoch 42675
Epoch 42676
Epoch 42677
Epoch 42678
Epoch 42679
Epoch 42680
Epoch 42681
Epoch 42682
Epoch 42683
Epoch 42684
Epoch 42685
Epoch 42686
Epoch 42687
Epoch 42688
Epoch 42689
Epoch 42690
Epoch 42691
Epoch 42692
Epoch 42693
Epoch 42694
Epoch 42695
Epoch 42696
Epoch 42697
Epoch 42698
Epoch 42699
Epoch 42700
Epoch 42701
Epoch 42702
Epoch 42703
Epoch 42704
Epoch 42705
Epoch 42706
Epoch 42707
Epoch 42708
Epoch 42709
Epoch 42710
Epoch 42711
Epoch 42712
Epoch 42713
Epoch 42714
Epoch 42715
Epoch 42716
Epoch 42717
Epoch 42718
Epoch 42719
Epoch 42720
Epoch 42721
Epoch 42722
Epoch 42723
Epoch 42724
Epoch 42725
Epoch 42726
Epoch 42727
Epoch 42728
Epoch 42729
Epoch 42730
Epoch 42731
Epoch 42732
Epoch 42733
Epoch 42734
Epoch 42735
Epoch 42736
Epoch 42737
Epoch 42738
Epoch 42739
Epoch 42740
Epoch 42741
Epoch 42742
Epoch 42743
Epoch 42744
Epoch 42745
Epoch 42746
Epoch 42747
Epoch 42748
Epoch 42749
Epoch 42750
Epoch 42751
Epoch 42752
Epoch 42753
Epoch 42754
Epoch 42755
Epoch 42756
Epoch 42757
Epoch 42758
Epoch 42759
Epoch 42760
Epoch 42761
Epoch 42762
Epoch 42763
Epoch 42764
Epoch 42765
Epoch 42766
Epoch 42767
Epoch 42768
Epoch 42769
Epoch 42770
Epoch 42771
Epoch 42772
Epoch 42773
Epoch 42774
Epoch 42775
Epoch 42776
Epoch 42777
Epoch 42778
Epoch 42779
Epoch 42780
Epoch 42781
Epoch 42782
Epoch 42783
Epoch 42784
Epoch 42785
Epoch 42786
Epoch 42787
Epoch 42788
Epoch 42789
Epoch 42790
Epoch 42791
Epoch 42792
Epoch 42793
Epoch 42794
Epoch 42795
Epoch 42796
Epoch 42797
Epoch 42798
Epoch 42799
Epoch 42800
Epoch 42801
Epoch 42802
Epoch 42803
Epoch 42804
Epoch 42805
Epoch 42806
Epoch 42807
Epoch 42808
Epoch 42809
Epoch 42810
Epoch 42811
Epoch 42812
Epoch 42813
Epoch 42814
Epoch 42815
Epoch 42816
Epoch 42817
Epoch 42818
Epoch 42819
Epoch 42820
Epoch 42821
Epoch 42822
Epoch 42823
Epoch 42824
Epoch 42825
Epoch 42826
Epoch 42827
Epoch 42828
Epoch 42829
Epoch 42830
Epoch 42831
Epoch 42832
Epoch 42833
Epoch 42834
Epoch 42835
Epoch 42836
Epoch 42837
Epoch 42838
Epoch 42839
Epoch 42840
Epoch 42841
Epoch 42842
Epoch 42843
Epoch 42844
Epoch 42845
Epoch 42846
Epoch 42847
Epoch 42848
Epoch 42849
Epoch 42850
Epoch 42851
Epoch 42852
Epoch 42853
Epoch 42854
Epoch 42855
Epoch 42856
Epoch 42857
Epoch 42858
Epoch 42859
Epoch 42860
Epoch 42861
Epoch 42862
Epoch 42863
Epoch 42864
Epoch 42865
Epoch 42866
Epoch 42867
Epoch 42868
Epoch 42869
Epoch 42870
Epoch 42871
Epoch 42872
Epoch 42873
Epoch 42874
Epoch 42875
Epoch 42876
Epoch 42877
Epoch 42878
Epoch 42879
Epoch 42880
Epoch 42881
Epoch 42882
Epoch 42883
Epoch 42884
Epoch 42885
Epoch 42886
Epoch 42887
Epoch 42888
Epoch 42889
Epoch 42890
Epoch 42891
Epoch 42892
Epoch 42893
Epoch 42894
Epoch 42895
Epoch 42896
Epoch 42897
Epoch 42898
Epoch 42899
Epoch 42900
Epoch 42901
Epoch 42902
Epoch 42903
Epoch 42904
Epoch 42905
Epoch 42906
Epoch 42907
Epoch 42908
Epoch 42909
Epoch 42910
Epoch 42911
Epoch 42912
Epoch 42913
Epoch 42914
Epoch 42915
Epoch 42916
Epoch 42917
Epoch 42918
Epoch 42919
Epoch 42920
Epoch 42921
Epoch 42922
Epoch 42923
Epoch 42924
Epoch 42925
Epoch 42926
Epoch 42927
Epoch 42928
Epoch 42929
Epoch 42930
Epoch 42931
Epoch 42932
Epoch 42933
Epoch 42934
Epoch 42935
Epoch 42936
Epoch 42937
Epoch 42938
Epoch 42939
Epoch 42940
Epoch 42941
Epoch 42942
Epoch 42943
Epoch 42944
Epoch 42945
Epoch 42946
Epoch 42947
Epoch 42948
Epoch 42949
Epoch 42950
Epoch 42951
Epoch 42952
Epoch 42953
Epoch 42954
Epoch 42955
Epoch 42956
Epoch 42957
Epoch 42958
Epoch 42959
Epoch 42960
Epoch 42961
Epoch 42962
Epoch 42963
Epoch 42964
Epoch 42965
Epoch 42966
Epoch 42967
Epoch 42968
Epoch 42969
Epoch 42970
Epoch 42971
Epoch 42972
Epoch 42973
Epoch 42974
Epoch 42975
Epoch 42976
Epoch 42977
Epoch 42978
Epoch 42979
Epoch 42980
Epoch 42981
Epoch 42982
Epoch 42983
Epoch 42984
Epoch 42985
Epoch 42986
Epoch 42987
Epoch 42988
Epoch 42989
Epoch 42990
Epoch 42991
Epoch 42992
Epoch 42993
Epoch 42994
Epoch 42995
Epoch 42996
Epoch 42997
Epoch 42998
Epoch 42999
Epoch 43000
Epoch 43001
Epoch 43002
Epoch 43003
Epoch 43004
Epoch 43005
Epoch 43006
Epoch 43007
Epoch 43008
Epoch 43009
Epoch 43010
Epoch 43011
Epoch 43012
Epoch 43013
Epoch 43014
Epoch 43015
Epoch 43016
Epoch 43017
Epoch 43018
Epoch 43019
Epoch 43020
Epoch 43021
Epoch 43022
Epoch 43023
Epoch 43024
Epoch 43025
Epoch 43026
Epoch 43027
Epoch 43028
Epoch 43029
Epoch 43030
Epoch 43031
Epoch 43032
Epoch 43033
Epoch 43034
Epoch 43035
Epoch 43036
Epoch 43037
Epoch 43038
Epoch 43039
Epoch 43040
Epoch 43041
Epoch 43042
Epoch 43043
Epoch 43044
Epoch 43045
Epoch 43046
Epoch 43047
Epoch 43048
Epoch 43049
Epoch 43050
Epoch 43051
Epoch 43052
Epoch 43053
Epoch 43054
Epoch 43055
Epoch 43056
Epoch 43057
Epoch 43058
Epoch 43059
Epoch 43060
Epoch 43061
Epoch 43062
Epoch 43063
Epoch 43064
Epoch 43065
Epoch 43066
Epoch 43067
Epoch 43068
Epoch 43069
Epoch 43070
Epoch 43071
Epoch 43072
Epoch 43073
Epoch 43074
Epoch 43075
Epoch 43076
Epoch 43077
Epoch 43078
Epoch 43079
Epoch 43080
Epoch 43081
Epoch 43082
Epoch 43083
Epoch 43084
Epoch 43085
Epoch 43086
Epoch 43087
Epoch 43088
Epoch 43089
Epoch 43090
Epoch 43091
Epoch 43092
Epoch 43093
Epoch 43094
Epoch 43095
Epoch 43096
Epoch 43097
Epoch 43098
Epoch 43099
Epoch 43100
Epoch 43101
Epoch 43102
Epoch 43103
Epoch 43104
Epoch 43105
Epoch 43106
Epoch 43107
Epoch 43108
Epoch 43109
Epoch 43110
Epoch 43111
Epoch 43112
Epoch 43113
Epoch 43114
Epoch 43115
Epoch 43116
Epoch 43117
Epoch 43118
Epoch 43119
Epoch 43120
Epoch 43121
Epoch 43122
Epoch 43123
Epoch 43124
Epoch 43125
Epoch 43126
Epoch 43127
Epoch 43128
Epoch 43129
Epoch 43130
Epoch 43131
Epoch 43132
Epoch 43133
Epoch 43134
Epoch 43135
Epoch 43136
Epoch 43137
Epoch 43138
Epoch 43139
Epoch 43140
Epoch 43141
Epoch 43142
Epoch 43143
Epoch 43144
Epoch 43145
Epoch 43146
Epoch 43147
Epoch 43148
Epoch 43149
Epoch 43150
Epoch 43151
Epoch 43152
Epoch 43153
Epoch 43154
Epoch 43155
Epoch 43156
Epoch 43157
Epoch 43158
Epoch 43159
Epoch 43160
Epoch 43161
Epoch 43162
Epoch 43163
Epoch 43164
Epoch 43165
Epoch 43166
Epoch 43167
Epoch 43168
Epoch 43169
Epoch 43170
Epoch 43171
Epoch 43172
Epoch 43173
Epoch 43174
Epoch 43175
Epoch 43176
Epoch 43177
Epoch 43178
Epoch 43179
Epoch 43180
Epoch 43181
Epoch 43182
Epoch 43183
Epoch 43184
Epoch 43185
Epoch 43186
Epoch 43187
Epoch 43188
Epoch 43189
Epoch 43190
Epoch 43191
Epoch 43192
Epoch 43193
Epoch 43194
Epoch 43195
Epoch 43196
Epoch 43197
Epoch 43198
Epoch 43199
Epoch 43200
Epoch 43201
Epoch 43202
Epoch 43203
Epoch 43204
Epoch 43205
Epoch 43206
Epoch 43207
Epoch 43208
Epoch 43209
Epoch 43210
Epoch 43211
Epoch 43212
Epoch 43213
Epoch 43214
Epoch 43215
Epoch 43216
Epoch 43217
Epoch 43218
Epoch 43219
Epoch 43220
Epoch 43221
Epoch 43222
Epoch 43223
Epoch 43224
Epoch 43225
Epoch 43226
Epoch 43227
Epoch 43228
Epoch 43229
Epoch 43230
Epoch 43231
Epoch 43232
Epoch 43233
Epoch 43234
Epoch 43235
Epoch 43236
Epoch 43237
Epoch 43238
Epoch 43239
Epoch 43240
Epoch 43241
Epoch 43242
Epoch 43243
Epoch 43244
Epoch 43245
Epoch 43246
Epoch 43247
Epoch 43248
Epoch 43249
Epoch 43250
Epoch 43251
Epoch 43252
Epoch 43253
Epoch 43254
Epoch 43255
Epoch 43256
Epoch 43257
Epoch 43258
Epoch 43259
Epoch 43260
Epoch 43261
Epoch 43262
Epoch 43263
Epoch 43264
Epoch 43265
Epoch 43266
Epoch 43267
Epoch 43268
Epoch 43269
Epoch 43270
Epoch 43271
Epoch 43272
Epoch 43273
Epoch 43274
Epoch 43275
Epoch 43276
Epoch 43277
Epoch 43278
Epoch 43279
Epoch 43280
Epoch 43281
Epoch 43282
Epoch 43283
Epoch 43284
Epoch 43285
Epoch 43286
Epoch 43287
Epoch 43288
Epoch 43289
Epoch 43290
Epoch 43291
Epoch 43292
Epoch 43293
Epoch 43294
Epoch 43295
Epoch 43296
Epoch 43297
Epoch 43298
Epoch 43299
Epoch 43300
Epoch 43301
Epoch 43302
Epoch 43303
Epoch 43304
Epoch 43305
Epoch 43306
Epoch 43307
Epoch 43308
Epoch 43309
Epoch 43310
Epoch 43311
Epoch 43312
Epoch 43313
Epoch 43314
Epoch 43315
Epoch 43316
Epoch 43317
Epoch 43318
Epoch 43319
Epoch 43320
Epoch 43321
Epoch 43322
Epoch 43323
Epoch 43324
Epoch 43325
Epoch 43326
Epoch 43327
Epoch 43328
Epoch 43329
Epoch 43330
Epoch 43331
Epoch 43332
Epoch 43333
Epoch 43334
Epoch 43335
Epoch 43336
Epoch 43337
Epoch 43338
Epoch 43339
Epoch 43340
Epoch 43341
Epoch 43342
Epoch 43343
Epoch 43344
Epoch 43345
Epoch 43346
Epoch 43347
Epoch 43348
Epoch 43349
Epoch 43350
Epoch 43351
Epoch 43352
Epoch 43353
Epoch 43354
Epoch 43355
Epoch 43356
Epoch 43357
Epoch 43358
Epoch 43359
Epoch 43360
Epoch 43361
Epoch 43362
Epoch 43363
Epoch 43364
Epoch 43365
Epoch 43366
Epoch 43367
Epoch 43368
Epoch 43369
Epoch 43370
Epoch 43371
Epoch 43372
Epoch 43373
Epoch 43374
Epoch 43375
Epoch 43376
Epoch 43377
Epoch 43378
Epoch 43379
Epoch 43380
Epoch 43381
Epoch 43382
Epoch 43383
Epoch 43384
Epoch 43385
Epoch 43386
Epoch 43387
Epoch 43388
Epoch 43389
Epoch 43390
Epoch 43391
Epoch 43392
Epoch 43393
Epoch 43394
Epoch 43395
Epoch 43396
Epoch 43397
Epoch 43398
Epoch 43399
Epoch 43400
Epoch 43401
Epoch 43402
Epoch 43403
Epoch 43404
Epoch 43405
Epoch 43406
Epoch 43407
Epoch 43408
Epoch 43409
Epoch 43410
Epoch 43411
Epoch 43412
Epoch 43413
Epoch 43414
Epoch 43415
Epoch 43416
Epoch 43417
Epoch 43418
Epoch 43419
Epoch 43420
Epoch 43421
Epoch 43422
Epoch 43423
Epoch 43424
Epoch 43425
Epoch 43426
Epoch 43427
Epoch 43428
Epoch 43429
Epoch 43430
Epoch 43431
Epoch 43432
Epoch 43433
Epoch 43434
Epoch 43435
Epoch 43436
Epoch 43437
Epoch 43438
Epoch 43439
Epoch 43440
Epoch 43441
Epoch 43442
Epoch 43443
Epoch 43444
Epoch 43445
Epoch 43446
Epoch 43447
Epoch 43448
Epoch 43449
Epoch 43450
Epoch 43451
Epoch 43452
Epoch 43453
Epoch 43454
Epoch 43455
Epoch 43456
Epoch 43457
Epoch 43458
Epoch 43459
Epoch 43460
Epoch 43461
Epoch 43462
Epoch 43463
Epoch 43464
Epoch 43465
Epoch 43466
Epoch 43467
Epoch 43468
Epoch 43469
Epoch 43470
Epoch 43471
Epoch 43472
Epoch 43473
Epoch 43474
Epoch 43475
Epoch 43476
Epoch 43477
Epoch 43478
Epoch 43479
Epoch 43480
Epoch 43481
Epoch 43482
Epoch 43483
Epoch 43484
Epoch 43485
Epoch 43486
Epoch 43487
Epoch 43488
Epoch 43489
Epoch 43490
Epoch 43491
Epoch 43492
Epoch 43493
Epoch 43494
Epoch 43495
Epoch 43496
Epoch 43497
Epoch 43498
Epoch 43499
Epoch 43500
Epoch 43501
Epoch 43502
Epoch 43503
Epoch 43504
Epoch 43505
Epoch 43506
Epoch 43507
Epoch 43508
Epoch 43509
Epoch 43510
Epoch 43511
Epoch 43512
Epoch 43513
Epoch 43514
Epoch 43515
Epoch 43516
Epoch 43517
Epoch 43518
Epoch 43519
Epoch 43520
Epoch 43521
Epoch 43522
Epoch 43523
Epoch 43524
Epoch 43525
Epoch 43526
Epoch 43527
Epoch 43528
Epoch 43529
Epoch 43530
Epoch 43531
Epoch 43532
Epoch 43533
Epoch 43534
Epoch 43535
Epoch 43536
Epoch 43537
Epoch 43538
Epoch 43539
Epoch 43540
Epoch 43541
Epoch 43542
Epoch 43543
Epoch 43544
Epoch 43545
Epoch 43546
Epoch 43547
Epoch 43548
Epoch 43549
Epoch 43550
Epoch 43551
Epoch 43552
Epoch 43553
Epoch 43554
Epoch 43555
Epoch 43556
Epoch 43557
Epoch 43558
Epoch 43559
Epoch 43560
Epoch 43561
Epoch 43562
Epoch 43563
Epoch 43564
Epoch 43565
Epoch 43566
Epoch 43567
Epoch 43568
Epoch 43569
Epoch 43570
Epoch 43571
Epoch 43572
Epoch 43573
Epoch 43574
Epoch 43575
Epoch 43576
Epoch 43577
Epoch 43578
Epoch 43579
Epoch 43580
Epoch 43581
Epoch 43582
Epoch 43583
Epoch 43584
Epoch 43585
Epoch 43586
Epoch 43587
Epoch 43588
Epoch 43589
Epoch 43590
Epoch 43591
Epoch 43592
Epoch 43593
Epoch 43594
Epoch 43595
Epoch 43596
Epoch 43597
Epoch 43598
Epoch 43599
Epoch 43600
Epoch 43601
Epoch 43602
Epoch 43603
Epoch 43604
Epoch 43605
Epoch 43606
Epoch 43607
Epoch 43608
Epoch 43609
Epoch 43610
Epoch 43611
Epoch 43612
Epoch 43613
Epoch 43614
Epoch 43615
Epoch 43616
Epoch 43617
Epoch 43618
Epoch 43619
Epoch 43620
Epoch 43621
Epoch 43622
Epoch 43623
Epoch 43624
Epoch 43625
Epoch 43626
Epoch 43627
Epoch 43628
Epoch 43629
Epoch 43630
Epoch 43631
Epoch 43632
Epoch 43633
Epoch 43634
Epoch 43635
Epoch 43636
Epoch 43637
Epoch 43638
Epoch 43639
Epoch 43640
Epoch 43641
Epoch 43642
Epoch 43643
Epoch 43644
Epoch 43645
Epoch 43646
Epoch 43647
Epoch 43648
Epoch 43649
Epoch 43650
Epoch 43651
Epoch 43652
Epoch 43653
Epoch 43654
Epoch 43655
Epoch 43656
Epoch 43657
Epoch 43658
Epoch 43659
Epoch 43660
Epoch 43661
Epoch 43662
Epoch 43663
Epoch 43664
Epoch 43665
Epoch 43666
Epoch 43667
Epoch 43668
Epoch 43669
Epoch 43670
Epoch 43671
Epoch 43672
Epoch 43673
Epoch 43674
Epoch 43675
Epoch 43676
Epoch 43677
Epoch 43678
Epoch 43679
Epoch 43680
Epoch 43681
Epoch 43682
Epoch 43683
Epoch 43684
Epoch 43685
Epoch 43686
Epoch 43687
Epoch 43688
Epoch 43689
Epoch 43690
Epoch 43691
Epoch 43692
Epoch 43693
Epoch 43694
Epoch 43695
Epoch 43696
Epoch 43697
Epoch 43698
Epoch 43699
Epoch 43700
Epoch 43701
Epoch 43702
Epoch 43703
Epoch 43704
Epoch 43705
Epoch 43706
Epoch 43707
Epoch 43708
Epoch 43709
Epoch 43710
Epoch 43711
Epoch 43712
Epoch 43713
Epoch 43714
Epoch 43715
Epoch 43716
Epoch 43717
Epoch 43718
Epoch 43719
Epoch 43720
Epoch 43721
Epoch 43722
Epoch 43723
Epoch 43724
Epoch 43725
Epoch 43726
Epoch 43727
Epoch 43728
Epoch 43729
Epoch 43730
Epoch 43731
Epoch 43732
Epoch 43733
Epoch 43734
Epoch 43735
Epoch 43736
Epoch 43737
Epoch 43738
Epoch 43739
Epoch 43740
Epoch 43741
Epoch 43742
Epoch 43743
Epoch 43744
Epoch 43745
Epoch 43746
Epoch 43747
Epoch 43748
Epoch 43749
Epoch 43750
Epoch 43751
Epoch 43752
Epoch 43753
Epoch 43754
Epoch 43755
Epoch 43756
Epoch 43757
Epoch 43758
Epoch 43759
Epoch 43760
Epoch 43761
Epoch 43762
Epoch 43763
Epoch 43764
Epoch 43765
Epoch 43766
Epoch 43767
Epoch 43768
Epoch 43769
Epoch 43770
Epoch 43771
Epoch 43772
Epoch 43773
Epoch 43774
Epoch 43775
Epoch 43776
Epoch 43777
Epoch 43778
Epoch 43779
Epoch 43780
Epoch 43781
Epoch 43782
Epoch 43783
Epoch 43784
Epoch 43785
Epoch 43786
Epoch 43787
Epoch 43788
Epoch 43789
Epoch 43790
Epoch 43791
Epoch 43792
Epoch 43793
Epoch 43794
Epoch 43795
Epoch 43796
Epoch 43797
Epoch 43798
Epoch 43799
Epoch 43800
Epoch 43801
Epoch 43802
Epoch 43803
Epoch 43804
Epoch 43805
Epoch 43806
Epoch 43807
Epoch 43808
Epoch 43809
Epoch 43810
Epoch 43811
Epoch 43812
Epoch 43813
Epoch 43814
Epoch 43815
Epoch 43816
Epoch 43817
Epoch 43818
Epoch 43819
Epoch 43820
Epoch 43821
Epoch 43822
Epoch 43823
Epoch 43824
Epoch 43825
Epoch 43826
Epoch 43827
Epoch 43828
Epoch 43829
Epoch 43830
Epoch 43831
Epoch 43832
Epoch 43833
Epoch 43834
Epoch 43835
Epoch 43836
Epoch 43837
Epoch 43838
Epoch 43839
Epoch 43840
Epoch 43841
Epoch 43842
Epoch 43843
Epoch 43844
Epoch 43845
Epoch 43846
Epoch 43847
Epoch 43848
Epoch 43849
Epoch 43850
Epoch 43851
Epoch 43852
Epoch 43853
Epoch 43854
Epoch 43855
Epoch 43856
Epoch 43857
Epoch 43858
Epoch 43859
Epoch 43860
Epoch 43861
Epoch 43862
Epoch 43863
Epoch 43864
Epoch 43865
Epoch 43866
Epoch 43867
Epoch 43868
Epoch 43869
Epoch 43870
Epoch 43871
Epoch 43872
Epoch 43873
Epoch 43874
Epoch 43875
Epoch 43876
Epoch 43877
Epoch 43878
Epoch 43879
Epoch 43880
Epoch 43881
Epoch 43882
Epoch 43883
Epoch 43884
Epoch 43885
Epoch 43886
Epoch 43887
Epoch 43888
Epoch 43889
Epoch 43890
Epoch 43891
Epoch 43892
Epoch 43893
Epoch 43894
Epoch 43895
Epoch 43896
Epoch 43897
Epoch 43898
Epoch 43899
Epoch 43900
Epoch 43901
Epoch 43902
Epoch 43903
Epoch 43904
Epoch 43905
Epoch 43906
Epoch 43907
Epoch 43908
Epoch 43909
Epoch 43910
Epoch 43911
Epoch 43912
Epoch 43913
Epoch 43914
Epoch 43915
Epoch 43916
Epoch 43917
Epoch 43918
Epoch 43919
Epoch 43920
Epoch 43921
Epoch 43922
Epoch 43923
Epoch 43924
Epoch 43925
Epoch 43926
Epoch 43927
Epoch 43928
Epoch 43929
Epoch 43930
Epoch 43931
Epoch 43932
Epoch 43933
Epoch 43934
Epoch 43935
Epoch 43936
Epoch 43937
Epoch 43938
Epoch 43939
Epoch 43940
Epoch 43941
Epoch 43942
Epoch 43943
Epoch 43944
Epoch 43945
Epoch 43946
Epoch 43947
Epoch 43948
Epoch 43949
Epoch 43950
Epoch 43951
Epoch 43952
Epoch 43953
Epoch 43954
Epoch 43955
Epoch 43956
Epoch 43957
Epoch 43958
Epoch 43959
Epoch 43960
Epoch 43961
Epoch 43962
Epoch 43963
Epoch 43964
Epoch 43965
Epoch 43966
Epoch 43967
Epoch 43968
Epoch 43969
Epoch 43970
Epoch 43971
Epoch 43972
Epoch 43973
Epoch 43974
Epoch 43975
Epoch 43976
Epoch 43977
Epoch 43978
Epoch 43979
Epoch 43980
Epoch 43981
Epoch 43982
Epoch 43983
Epoch 43984
Epoch 43985
Epoch 43986
Epoch 43987
Epoch 43988
Epoch 43989
Epoch 43990
Epoch 43991
Epoch 43992
Epoch 43993
Epoch 43994
Epoch 43995
Epoch 43996
Epoch 43997
Epoch 43998
Epoch 43999
Epoch 44000
Epoch 44001
Epoch 44002
Epoch 44003
Epoch 44004
Epoch 44005
Epoch 44006
Epoch 44007
Epoch 44008
Epoch 44009
Epoch 44010
Epoch 44011
Epoch 44012
Epoch 44013
Epoch 44014
Epoch 44015
Epoch 44016
Epoch 44017
Epoch 44018
Epoch 44019
Epoch 44020
Epoch 44021
Epoch 44022
Epoch 44023
Epoch 44024
Epoch 44025
Epoch 44026
Epoch 44027
Epoch 44028
Epoch 44029
Epoch 44030
Epoch 44031
Epoch 44032
Epoch 44033
Epoch 44034
Epoch 44035
Epoch 44036
Epoch 44037
Epoch 44038
Epoch 44039
Epoch 44040
Epoch 44041
Epoch 44042
Epoch 44043
Epoch 44044
Epoch 44045
Epoch 44046
Epoch 44047
Epoch 44048
Epoch 44049
Epoch 44050
Epoch 44051
Epoch 44052
Epoch 44053
Epoch 44054
Epoch 44055
Epoch 44056
Epoch 44057
Epoch 44058
Epoch 44059
Epoch 44060
Epoch 44061
Epoch 44062
Epoch 44063
Epoch 44064
Epoch 44065
Epoch 44066
Epoch 44067
Epoch 44068
Epoch 44069
Epoch 44070
Epoch 44071
Epoch 44072
Epoch 44073
Epoch 44074
Epoch 44075
Epoch 44076
Epoch 44077
Epoch 44078
Epoch 44079
Epoch 44080
Epoch 44081
Epoch 44082
Epoch 44083
Epoch 44084
Epoch 44085
Epoch 44086
Epoch 44087
Epoch 44088
Epoch 44089
Epoch 44090
Epoch 44091
Epoch 44092
Epoch 44093
Epoch 44094
Epoch 44095
Epoch 44096
Epoch 44097
Epoch 44098
Epoch 44099
Epoch 44100
Epoch 44101
Epoch 44102
Epoch 44103
Epoch 44104
Epoch 44105
Epoch 44106
Epoch 44107
Epoch 44108
Epoch 44109
Epoch 44110
Epoch 44111
Epoch 44112
Epoch 44113
Epoch 44114
Epoch 44115
Epoch 44116
Epoch 44117
Epoch 44118
Epoch 44119
Epoch 44120
Epoch 44121
Epoch 44122
Epoch 44123
Epoch 44124
Epoch 44125
Epoch 44126
Epoch 44127
Epoch 44128
Epoch 44129
Epoch 44130
Epoch 44131
Epoch 44132
Epoch 44133
Epoch 44134
Epoch 44135
Epoch 44136
Epoch 44137
Epoch 44138
Epoch 44139
Epoch 44140
Epoch 44141
Epoch 44142
Epoch 44143
Epoch 44144
Epoch 44145
Epoch 44146
Epoch 44147
Epoch 44148
Epoch 44149
Epoch 44150
Epoch 44151
Epoch 44152
Epoch 44153
Epoch 44154
Epoch 44155
Epoch 44156
Epoch 44157
Epoch 44158
Epoch 44159
Epoch 44160
Epoch 44161
Epoch 44162
Epoch 44163
Epoch 44164
Epoch 44165
Epoch 44166
Epoch 44167
Epoch 44168
Epoch 44169
Epoch 44170
Epoch 44171
Epoch 44172
Epoch 44173
Epoch 44174
Epoch 44175
Epoch 44176
Epoch 44177
Epoch 44178
Epoch 44179
Epoch 44180
Epoch 44181
Epoch 44182
Epoch 44183
Epoch 44184
Epoch 44185
Epoch 44186
Epoch 44187
Epoch 44188
Epoch 44189
Epoch 44190
Epoch 44191
Epoch 44192
Epoch 44193
Epoch 44194
Epoch 44195
Epoch 44196
Epoch 44197
Epoch 44198
Epoch 44199
Epoch 44200
Epoch 44201
Epoch 44202
Epoch 44203
Epoch 44204
Epoch 44205
Epoch 44206
Epoch 44207
Epoch 44208
Epoch 44209
Epoch 44210
Epoch 44211
Epoch 44212
Epoch 44213
Epoch 44214
Epoch 44215
Epoch 44216
Epoch 44217
Epoch 44218
Epoch 44219
Epoch 44220
Epoch 44221
Epoch 44222
Epoch 44223
Epoch 44224
Epoch 44225
Epoch 44226
Epoch 44227
Epoch 44228
Epoch 44229
Epoch 44230
Epoch 44231
Epoch 44232
Epoch 44233
Epoch 44234
Epoch 44235
Epoch 44236
Epoch 44237
Epoch 44238
Epoch 44239
Epoch 44240
Epoch 44241
Epoch 44242
Epoch 44243
Epoch 44244
Epoch 44245
Epoch 44246
Epoch 44247
Epoch 44248
Epoch 44249
Epoch 44250
Epoch 44251
Epoch 44252
Epoch 44253
Epoch 44254
Epoch 44255
Epoch 44256
Epoch 44257
Epoch 44258
Epoch 44259
Epoch 44260
Epoch 44261
Epoch 44262
Epoch 44263
Epoch 44264
Epoch 44265
Epoch 44266
Epoch 44267
Epoch 44268
Epoch 44269
Epoch 44270
Epoch 44271
Epoch 44272
Epoch 44273
Epoch 44274
Epoch 44275
Epoch 44276
Epoch 44277
Epoch 44278
Epoch 44279
Epoch 44280
Epoch 44281
Epoch 44282
Epoch 44283
Epoch 44284
Epoch 44285
Epoch 44286
Epoch 44287
Epoch 44288
Epoch 44289
Epoch 44290
Epoch 44291
Epoch 44292
Epoch 44293
Epoch 44294
Epoch 44295
Epoch 44296
Epoch 44297
Epoch 44298
Epoch 44299
Epoch 44300
Epoch 44301
Epoch 44302
Epoch 44303
Epoch 44304
Epoch 44305
Epoch 44306
Epoch 44307
Epoch 44308
Epoch 44309
Epoch 44310
Epoch 44311
Epoch 44312
Epoch 44313
Epoch 44314
Epoch 44315
Epoch 44316
Epoch 44317
Epoch 44318
Epoch 44319
Epoch 44320
Epoch 44321
Epoch 44322
Epoch 44323
Epoch 44324
Epoch 44325
Epoch 44326
Epoch 44327
Epoch 44328
Epoch 44329
Epoch 44330
Epoch 44331
Epoch 44332
Epoch 44333
Epoch 44334
Epoch 44335
Epoch 44336
Epoch 44337
Epoch 44338
Epoch 44339
Epoch 44340
Epoch 44341
Epoch 44342
Epoch 44343
Epoch 44344
Epoch 44345
Epoch 44346
Epoch 44347
Epoch 44348
Epoch 44349
Epoch 44350
Epoch 44351
Epoch 44352
Epoch 44353
Epoch 44354
Epoch 44355
Epoch 44356
Epoch 44357
Epoch 44358
Epoch 44359
Epoch 44360
Epoch 44361
Epoch 44362
Epoch 44363
Epoch 44364
Epoch 44365
Epoch 44366
Epoch 44367
Epoch 44368
Epoch 44369
Epoch 44370
Epoch 44371
Epoch 44372
Epoch 44373
Epoch 44374
Epoch 44375
Epoch 44376
Epoch 44377
Epoch 44378
Epoch 44379
Epoch 44380
Epoch 44381
Epoch 44382
Epoch 44383
Epoch 44384
Epoch 44385
Epoch 44386
Epoch 44387
Epoch 44388
Epoch 44389
Epoch 44390
Epoch 44391
Epoch 44392
Epoch 44393
Epoch 44394
Epoch 44395
Epoch 44396
Epoch 44397
Epoch 44398
Epoch 44399
Epoch 44400
Epoch 44401
Epoch 44402
Epoch 44403
Epoch 44404
Epoch 44405
Epoch 44406
Epoch 44407
Epoch 44408
Epoch 44409
Epoch 44410
Epoch 44411
Epoch 44412
Epoch 44413
Epoch 44414
Epoch 44415
Epoch 44416
Epoch 44417
Epoch 44418
Epoch 44419
Epoch 44420
Epoch 44421
Epoch 44422
Epoch 44423
Epoch 44424
Epoch 44425
Epoch 44426
Epoch 44427
Epoch 44428
Epoch 44429
Epoch 44430
Epoch 44431
Epoch 44432
Epoch 44433
Epoch 44434
Epoch 44435
Epoch 44436
Epoch 44437
Epoch 44438
Epoch 44439
Epoch 44440
Epoch 44441
Epoch 44442
Epoch 44443
Epoch 44444
Epoch 44445
Epoch 44446
Epoch 44447
Epoch 44448
Epoch 44449
Epoch 44450
Epoch 44451
Epoch 44452
Epoch 44453
Epoch 44454
Epoch 44455
Epoch 44456
Epoch 44457
Epoch 44458
Epoch 44459
Epoch 44460
Epoch 44461
Epoch 44462
Epoch 44463
Epoch 44464
Epoch 44465
Epoch 44466
Epoch 44467
Epoch 44468
Epoch 44469
Epoch 44470
Epoch 44471
Epoch 44472
Epoch 44473
Epoch 44474
Epoch 44475
Epoch 44476
Epoch 44477
Epoch 44478
Epoch 44479
Epoch 44480
Epoch 44481
Epoch 44482
Epoch 44483
Epoch 44484
Epoch 44485
Epoch 44486
Epoch 44487
Epoch 44488
Epoch 44489
Epoch 44490
Epoch 44491
Epoch 44492
Epoch 44493
Epoch 44494
Epoch 44495
Epoch 44496
Epoch 44497
Epoch 44498
Epoch 44499
Epoch 44500
Epoch 44501
Epoch 44502
Epoch 44503
Epoch 44504
Epoch 44505
Epoch 44506
Epoch 44507
Epoch 44508
Epoch 44509
Epoch 44510
Epoch 44511
Epoch 44512
Epoch 44513
Epoch 44514
Epoch 44515
Epoch 44516
Epoch 44517
Epoch 44518
Epoch 44519
Epoch 44520
Epoch 44521
Epoch 44522
Epoch 44523
Epoch 44524
Epoch 44525
Epoch 44526
Epoch 44527
Epoch 44528
Epoch 44529
Epoch 44530
Epoch 44531
Epoch 44532
Epoch 44533
Epoch 44534
Epoch 44535
Epoch 44536
Epoch 44537
Epoch 44538
Epoch 44539
Epoch 44540
Epoch 44541
Epoch 44542
Epoch 44543
Epoch 44544
Epoch 44545
Epoch 44546
Epoch 44547
Epoch 44548
Epoch 44549
Epoch 44550
Epoch 44551
Epoch 44552
Epoch 44553
Epoch 44554
Epoch 44555
Epoch 44556
Epoch 44557
Epoch 44558
Epoch 44559
Epoch 44560
Epoch 44561
Epoch 44562
Epoch 44563
Epoch 44564
Epoch 44565
Epoch 44566
Epoch 44567
Epoch 44568
Epoch 44569
Epoch 44570
Epoch 44571
Epoch 44572
Epoch 44573
Epoch 44574
Epoch 44575
Epoch 44576
Epoch 44577
Epoch 44578
Epoch 44579
Epoch 44580
Epoch 44581
Epoch 44582
Epoch 44583
Epoch 44584
Epoch 44585
Epoch 44586
Epoch 44587
Epoch 44588
Epoch 44589
Epoch 44590
Epoch 44591
Epoch 44592
Epoch 44593
Epoch 44594
Epoch 44595
Epoch 44596
Epoch 44597
Epoch 44598
Epoch 44599
Epoch 44600
Epoch 44601
Epoch 44602
Epoch 44603
Epoch 44604
Epoch 44605
Epoch 44606
Epoch 44607
Epoch 44608
Epoch 44609
Epoch 44610
Epoch 44611
Epoch 44612
Epoch 44613
Epoch 44614
Epoch 44615
Epoch 44616
Epoch 44617
Epoch 44618
Epoch 44619
Epoch 44620
Epoch 44621
Epoch 44622
Epoch 44623
Epoch 44624
Epoch 44625
Epoch 44626
Epoch 44627
Epoch 44628
Epoch 44629
Epoch 44630
Epoch 44631
Epoch 44632
Epoch 44633
Epoch 44634
Epoch 44635
Epoch 44636
Epoch 44637
Epoch 44638
Epoch 44639
Epoch 44640
Epoch 44641
Epoch 44642
Epoch 44643
Epoch 44644
Epoch 44645
Epoch 44646
Epoch 44647
Epoch 44648
Epoch 44649
Epoch 44650
Epoch 44651
Epoch 44652
Epoch 44653
Epoch 44654
Epoch 44655
Epoch 44656
Epoch 44657
Epoch 44658
Epoch 44659
Epoch 44660
Epoch 44661
Epoch 44662
Epoch 44663
Epoch 44664
Epoch 44665
Epoch 44666
Epoch 44667
Epoch 44668
Epoch 44669
Epoch 44670
Epoch 44671
Epoch 44672
Epoch 44673
Epoch 44674
Epoch 44675
Epoch 44676
Epoch 44677
Epoch 44678
Epoch 44679
Epoch 44680
Epoch 44681
Epoch 44682
Epoch 44683
Epoch 44684
Epoch 44685
Epoch 44686
Epoch 44687
Epoch 44688
Epoch 44689
Epoch 44690
Epoch 44691
Epoch 44692
Epoch 44693
Epoch 44694
Epoch 44695
Epoch 44696
Epoch 44697
Epoch 44698
Epoch 44699
Epoch 44700
Epoch 44701
Epoch 44702
Epoch 44703
Epoch 44704
Epoch 44705
Epoch 44706
Epoch 44707
Epoch 44708
Epoch 44709
Epoch 44710
Epoch 44711
Epoch 44712
Epoch 44713
Epoch 44714
Epoch 44715
Epoch 44716
Epoch 44717
Epoch 44718
Epoch 44719
Epoch 44720
Epoch 44721
Epoch 44722
Epoch 44723
Epoch 44724
Epoch 44725
Epoch 44726
Epoch 44727
Epoch 44728
Epoch 44729
Epoch 44730
Epoch 44731
Epoch 44732
Epoch 44733
Epoch 44734
Epoch 44735
Epoch 44736
Epoch 44737
Epoch 44738
Epoch 44739
Epoch 44740
Epoch 44741
Epoch 44742
Epoch 44743
Epoch 44744
Epoch 44745
Epoch 44746
Epoch 44747
Epoch 44748
Epoch 44749
Epoch 44750
Epoch 44751
Epoch 44752
Epoch 44753
Epoch 44754
Epoch 44755
Epoch 44756
Epoch 44757
Epoch 44758
Epoch 44759
Epoch 44760
Epoch 44761
Epoch 44762
Epoch 44763
Epoch 44764
Epoch 44765
Epoch 44766
Epoch 44767
Epoch 44768
Epoch 44769
Epoch 44770
Epoch 44771
Epoch 44772
Epoch 44773
Epoch 44774
Epoch 44775
Epoch 44776
Epoch 44777
Epoch 44778
Epoch 44779
Epoch 44780
Epoch 44781
Epoch 44782
Epoch 44783
Epoch 44784
Epoch 44785
Epoch 44786
Epoch 44787
Epoch 44788
Epoch 44789
Epoch 44790
Epoch 44791
Epoch 44792
Epoch 44793
Epoch 44794
Epoch 44795
Epoch 44796
Epoch 44797
Epoch 44798
Epoch 44799
Epoch 44800
Epoch 44801
Epoch 44802
Epoch 44803
Epoch 44804
Epoch 44805
Epoch 44806
Epoch 44807
Epoch 44808
Epoch 44809
Epoch 44810
Epoch 44811
Epoch 44812
Epoch 44813
Epoch 44814
Epoch 44815
Epoch 44816
Epoch 44817
Epoch 44818
Epoch 44819
Epoch 44820
Epoch 44821
Epoch 44822
Epoch 44823
Epoch 44824
Epoch 44825
Epoch 44826
Epoch 44827
Epoch 44828
Epoch 44829
Epoch 44830
Epoch 44831
Epoch 44832
Epoch 44833
Epoch 44834
Epoch 44835
Epoch 44836
Epoch 44837
Epoch 44838
Epoch 44839
Epoch 44840
Epoch 44841
Epoch 44842
Epoch 44843
Epoch 44844
Epoch 44845
Epoch 44846
Epoch 44847
Epoch 44848
Epoch 44849
Epoch 44850
Epoch 44851
Epoch 44852
Epoch 44853
Epoch 44854
Epoch 44855
Epoch 44856
Epoch 44857
Epoch 44858
Epoch 44859
Epoch 44860
Epoch 44861
Epoch 44862
Epoch 44863
Epoch 44864
Epoch 44865
Epoch 44866
Epoch 44867
Epoch 44868
Epoch 44869
Epoch 44870
Epoch 44871
Epoch 44872
Epoch 44873
Epoch 44874
Epoch 44875
Epoch 44876
Epoch 44877
Epoch 44878
Epoch 44879
Epoch 44880
Epoch 44881
Epoch 44882
Epoch 44883
Epoch 44884
Epoch 44885
Epoch 44886
Epoch 44887
Epoch 44888
Epoch 44889
Epoch 44890
Epoch 44891
Epoch 44892
Epoch 44893
Epoch 44894
Epoch 44895
Epoch 44896
Epoch 44897
Epoch 44898
Epoch 44899
Epoch 44900
Epoch 44901
Epoch 44902
Epoch 44903
Epoch 44904
Epoch 44905
Epoch 44906
Epoch 44907
Epoch 44908
Epoch 44909
Epoch 44910
Epoch 44911
Epoch 44912
Epoch 44913
Epoch 44914
Epoch 44915
Epoch 44916
Epoch 44917
Epoch 44918
Epoch 44919
Epoch 44920
Epoch 44921
Epoch 44922
Epoch 44923
Epoch 44924
Epoch 44925
Epoch 44926
Epoch 44927
Epoch 44928
Epoch 44929
Epoch 44930
Epoch 44931
Epoch 44932
Epoch 44933
Epoch 44934
Epoch 44935
Epoch 44936
Epoch 44937
Epoch 44938
Epoch 44939
Epoch 44940
Epoch 44941
Epoch 44942
Epoch 44943
Epoch 44944
Epoch 44945
Epoch 44946
Epoch 44947
Epoch 44948
Epoch 44949
Epoch 44950
Epoch 44951
Epoch 44952
Epoch 44953
Epoch 44954
Epoch 44955
Epoch 44956
Epoch 44957
Epoch 44958
Epoch 44959
Epoch 44960
Epoch 44961
Epoch 44962
Epoch 44963
Epoch 44964
Epoch 44965
Epoch 44966
Epoch 44967
Epoch 44968
Epoch 44969
Epoch 44970
Epoch 44971
Epoch 44972
Epoch 44973
Epoch 44974
Epoch 44975
Epoch 44976
Epoch 44977
Epoch 44978
Epoch 44979
Epoch 44980
Epoch 44981
Epoch 44982
Epoch 44983
Epoch 44984
Epoch 44985
Epoch 44986
Epoch 44987
Epoch 44988
Epoch 44989
Epoch 44990
Epoch 44991
Epoch 44992
Epoch 44993
Epoch 44994
Epoch 44995
Epoch 44996
Epoch 44997
Epoch 44998
Epoch 44999
Epoch 45000
Epoch 45001
Epoch 45002
Epoch 45003
Epoch 45004
Epoch 45005
Epoch 45006
Epoch 45007
Epoch 45008
Epoch 45009
Epoch 45010
Epoch 45011
Epoch 45012
Epoch 45013
Epoch 45014
Epoch 45015
Epoch 45016
Epoch 45017
Epoch 45018
Epoch 45019
Epoch 45020
Epoch 45021
Epoch 45022
Epoch 45023
Epoch 45024
Epoch 45025
Epoch 45026
Epoch 45027
Epoch 45028
Epoch 45029
Epoch 45030
Epoch 45031
Epoch 45032
Epoch 45033
Epoch 45034
Epoch 45035
Epoch 45036
Epoch 45037
Epoch 45038
Epoch 45039
Epoch 45040
Epoch 45041
Epoch 45042
Epoch 45043
Epoch 45044
Epoch 45045
Epoch 45046
Epoch 45047
Epoch 45048
Epoch 45049
Epoch 45050
Epoch 45051
Epoch 45052
Epoch 45053
Epoch 45054
Epoch 45055
Epoch 45056
Epoch 45057
Epoch 45058
Epoch 45059
Epoch 45060
Epoch 45061
Epoch 45062
Epoch 45063
Epoch 45064
Epoch 45065
Epoch 45066
Epoch 45067
Epoch 45068
Epoch 45069
Epoch 45070
Epoch 45071
Epoch 45072
Epoch 45073
Epoch 45074
Epoch 45075
Epoch 45076
Epoch 45077
Epoch 45078
Epoch 45079
Epoch 45080
Epoch 45081
Epoch 45082
Epoch 45083
Epoch 45084
Epoch 45085
Epoch 45086
Epoch 45087
Epoch 45088
Epoch 45089
Epoch 45090
Epoch 45091
Epoch 45092
Epoch 45093
Epoch 45094
Epoch 45095
Epoch 45096
Epoch 45097
Epoch 45098
Epoch 45099
Epoch 45100
Epoch 45101
Epoch 45102
Epoch 45103
Epoch 45104
Epoch 45105
Epoch 45106
Epoch 45107
Epoch 45108
Epoch 45109
Epoch 45110
Epoch 45111
Epoch 45112
Epoch 45113
Epoch 45114
Epoch 45115
Epoch 45116
Epoch 45117
Epoch 45118
Epoch 45119
Epoch 45120
Epoch 45121
Epoch 45122
Epoch 45123
Epoch 45124
Epoch 45125
Epoch 45126
Epoch 45127
Epoch 45128
Epoch 45129
Epoch 45130
Epoch 45131
Epoch 45132
Epoch 45133
Epoch 45134
Epoch 45135
Epoch 45136
Epoch 45137
Epoch 45138
Epoch 45139
Epoch 45140
Epoch 45141
Epoch 45142
Epoch 45143
Epoch 45144
Epoch 45145
Epoch 45146
Epoch 45147
Epoch 45148
Epoch 45149
Epoch 45150
Epoch 45151
Epoch 45152
Epoch 45153
Epoch 45154
Epoch 45155
Epoch 45156
Epoch 45157
Epoch 45158
Epoch 45159
Epoch 45160
Epoch 45161
Epoch 45162
Epoch 45163
Epoch 45164
Epoch 45165
Epoch 45166
Epoch 45167
Epoch 45168
Epoch 45169
Epoch 45170
Epoch 45171
Epoch 45172
Epoch 45173
Epoch 45174
Epoch 45175
Epoch 45176
Epoch 45177
Epoch 45178
Epoch 45179
Epoch 45180
Epoch 45181
Epoch 45182
Epoch 45183
Epoch 45184
Epoch 45185
Epoch 45186
Epoch 45187
Epoch 45188
Epoch 45189
Epoch 45190
Epoch 45191
Epoch 45192
Epoch 45193
Epoch 45194
Epoch 45195
Epoch 45196
Epoch 45197
Epoch 45198
Epoch 45199
Epoch 45200
Epoch 45201
Epoch 45202
Epoch 45203
Epoch 45204
Epoch 45205
Epoch 45206
Epoch 45207
Epoch 45208
Epoch 45209
Epoch 45210
Epoch 45211
Epoch 45212
Epoch 45213
Epoch 45214
Epoch 45215
Epoch 45216
Epoch 45217
Epoch 45218
Epoch 45219
Epoch 45220
Epoch 45221
Epoch 45222
Epoch 45223
Epoch 45224
Epoch 45225
Epoch 45226
Epoch 45227
Epoch 45228
Epoch 45229
Epoch 45230
Epoch 45231
Epoch 45232
Epoch 45233
Epoch 45234
Epoch 45235
Epoch 45236
Epoch 45237
Epoch 45238
Epoch 45239
Epoch 45240
Epoch 45241
Epoch 45242
Epoch 45243
Epoch 45244
Epoch 45245
Epoch 45246
Epoch 45247
Epoch 45248
Epoch 45249
Epoch 45250
Epoch 45251
Epoch 45252
Epoch 45253
Epoch 45254
Epoch 45255
Epoch 45256
Epoch 45257
Epoch 45258
Epoch 45259
Epoch 45260
Epoch 45261
Epoch 45262
Epoch 45263
Epoch 45264
Epoch 45265
Epoch 45266
Epoch 45267
Epoch 45268
Epoch 45269
Epoch 45270
Epoch 45271
Epoch 45272
Epoch 45273
Epoch 45274
Epoch 45275
Epoch 45276
Epoch 45277
Epoch 45278
Epoch 45279
Epoch 45280
Epoch 45281
Epoch 45282
Epoch 45283
Epoch 45284
Epoch 45285
Epoch 45286
Epoch 45287
Epoch 45288
Epoch 45289
Epoch 45290
Epoch 45291
Epoch 45292
Epoch 45293
Epoch 45294
Epoch 45295
Epoch 45296
Epoch 45297
Epoch 45298
Epoch 45299
Epoch 45300
Epoch 45301
Epoch 45302
Epoch 45303
Epoch 45304
Epoch 45305
Epoch 45306
Epoch 45307
Epoch 45308
Epoch 45309
Epoch 45310
Epoch 45311
Epoch 45312
Epoch 45313
Epoch 45314
Epoch 45315
Epoch 45316
Epoch 45317
Epoch 45318
Epoch 45319
Epoch 45320
Epoch 45321
Epoch 45322
Epoch 45323
Epoch 45324
Epoch 45325
Epoch 45326
Epoch 45327
Epoch 45328
Epoch 45329
Epoch 45330
Epoch 45331
Epoch 45332
Epoch 45333
Epoch 45334
Epoch 45335
Epoch 45336
Epoch 45337
Epoch 45338
Epoch 45339
Epoch 45340
Epoch 45341
Epoch 45342
Epoch 45343
Epoch 45344
Epoch 45345
Epoch 45346
Epoch 45347
Epoch 45348
Epoch 45349
Epoch 45350
Epoch 45351
Epoch 45352
Epoch 45353
Epoch 45354
Epoch 45355
Epoch 45356
Epoch 45357
Epoch 45358
Epoch 45359
Epoch 45360
Epoch 45361
Epoch 45362
Epoch 45363
Epoch 45364
Epoch 45365
Epoch 45366
Epoch 45367
Epoch 45368
Epoch 45369
Epoch 45370
Epoch 45371
Epoch 45372
Epoch 45373
Epoch 45374
Epoch 45375
Epoch 45376
Epoch 45377
Epoch 45378
Epoch 45379
Epoch 45380
Epoch 45381
Epoch 45382
Epoch 45383
Epoch 45384
Epoch 45385
Epoch 45386
Epoch 45387
Epoch 45388
Epoch 45389
Epoch 45390
Epoch 45391
Epoch 45392
Epoch 45393
Epoch 45394
Epoch 45395
Epoch 45396
Epoch 45397
Epoch 45398
Epoch 45399
Epoch 45400
Epoch 45401
Epoch 45402
Epoch 45403
Epoch 45404
Epoch 45405
Epoch 45406
Epoch 45407
Epoch 45408
Epoch 45409
Epoch 45410
Epoch 45411
Epoch 45412
Epoch 45413
Epoch 45414
Epoch 45415
Epoch 45416
Epoch 45417
Epoch 45418
Epoch 45419
Epoch 45420
Epoch 45421
Epoch 45422
Epoch 45423
Epoch 45424
Epoch 45425
Epoch 45426
Epoch 45427
Epoch 45428
Epoch 45429
Epoch 45430
Epoch 45431
Epoch 45432
Epoch 45433
Epoch 45434
Epoch 45435
Epoch 45436
Epoch 45437
Epoch 45438
Epoch 45439
Epoch 45440
Epoch 45441
Epoch 45442
Epoch 45443
Epoch 45444
Epoch 45445
Epoch 45446
Epoch 45447
Epoch 45448
Epoch 45449
Epoch 45450
Epoch 45451
Epoch 45452
Epoch 45453
Epoch 45454
Epoch 45455
Epoch 45456
Epoch 45457
Epoch 45458
Epoch 45459
Epoch 45460
Epoch 45461
Epoch 45462
Epoch 45463
Epoch 45464
Epoch 45465
Epoch 45466
Epoch 45467
Epoch 45468
Epoch 45469
Epoch 45470
Epoch 45471
Epoch 45472
Epoch 45473
Epoch 45474
Epoch 45475
Epoch 45476
Epoch 45477
Epoch 45478
Epoch 45479
Epoch 45480
Epoch 45481
Epoch 45482
Epoch 45483
Epoch 45484
Epoch 45485
Epoch 45486
Epoch 45487
Epoch 45488
Epoch 45489
Epoch 45490
Epoch 45491
Epoch 45492
Epoch 45493
Epoch 45494
Epoch 45495
Epoch 45496
Epoch 45497
Epoch 45498
Epoch 45499
Epoch 45500
Epoch 45501
Epoch 45502
Epoch 45503
Epoch 45504
Epoch 45505
Epoch 45506
Epoch 45507
Epoch 45508
Epoch 45509
Epoch 45510
Epoch 45511
Epoch 45512
Epoch 45513
Epoch 45514
Epoch 45515
Epoch 45516
Epoch 45517
Epoch 45518
Epoch 45519
Epoch 45520
Epoch 45521
Epoch 45522
Epoch 45523
Epoch 45524
Epoch 45525
Epoch 45526
Epoch 45527
Epoch 45528
Epoch 45529
Epoch 45530
Epoch 45531
Epoch 45532
Epoch 45533
Epoch 45534
Epoch 45535
Epoch 45536
Epoch 45537
Epoch 45538
Epoch 45539
Epoch 45540
Epoch 45541
Epoch 45542
Epoch 45543
Epoch 45544
Epoch 45545
Epoch 45546
Epoch 45547
Epoch 45548
Epoch 45549
Epoch 45550
Epoch 45551
Epoch 45552
Epoch 45553
Epoch 45554
Epoch 45555
Epoch 45556
Epoch 45557
Epoch 45558
Epoch 45559
Epoch 45560
Epoch 45561
Epoch 45562
Epoch 45563
Epoch 45564
Epoch 45565
Epoch 45566
Epoch 45567
Epoch 45568
Epoch 45569
Epoch 45570
Epoch 45571
Epoch 45572
Epoch 45573
Epoch 45574
Epoch 45575
Epoch 45576
Epoch 45577
Epoch 45578
Epoch 45579
Epoch 45580
Epoch 45581
Epoch 45582
Epoch 45583
Epoch 45584
Epoch 45585
Epoch 45586
Epoch 45587
Epoch 45588
Epoch 45589
Epoch 45590
Epoch 45591
Epoch 45592
Epoch 45593
Epoch 45594
Epoch 45595
Epoch 45596
Epoch 45597
Epoch 45598
Epoch 45599
Epoch 45600
Epoch 45601
Epoch 45602
Epoch 45603
Epoch 45604
Epoch 45605
Epoch 45606
Epoch 45607
Epoch 45608
Epoch 45609
Epoch 45610
Epoch 45611
Epoch 45612
Epoch 45613
Epoch 45614
Epoch 45615
Epoch 45616
Epoch 45617
Epoch 45618
Epoch 45619
Epoch 45620
Epoch 45621
Epoch 45622
Epoch 45623
Epoch 45624
Epoch 45625
Epoch 45626
Epoch 45627
Epoch 45628
Epoch 45629
Epoch 45630
Epoch 45631
Epoch 45632
Epoch 45633
Epoch 45634
Epoch 45635
Epoch 45636
Epoch 45637
Epoch 45638
Epoch 45639
Epoch 45640
Epoch 45641
Epoch 45642
Epoch 45643
Epoch 45644
Epoch 45645
Epoch 45646
Epoch 45647
Epoch 45648
Epoch 45649
Epoch 45650
Epoch 45651
Epoch 45652
Epoch 45653
Epoch 45654
Epoch 45655
Epoch 45656
Epoch 45657
Epoch 45658
Epoch 45659
Epoch 45660
Epoch 45661
Epoch 45662
Epoch 45663
Epoch 45664
Epoch 45665
Epoch 45666
Epoch 45667
Epoch 45668
Epoch 45669
Epoch 45670
Epoch 45671
Epoch 45672
Epoch 45673
Epoch 45674
Epoch 45675
Epoch 45676
Epoch 45677
Epoch 45678
Epoch 45679
Epoch 45680
Epoch 45681
Epoch 45682
Epoch 45683
Epoch 45684
Epoch 45685
Epoch 45686
Epoch 45687
Epoch 45688
Epoch 45689
Epoch 45690
Epoch 45691
Epoch 45692
Epoch 45693
Epoch 45694
Epoch 45695
Epoch 45696
Epoch 45697
Epoch 45698
Epoch 45699
Epoch 45700
Epoch 45701
Epoch 45702
Epoch 45703
Epoch 45704
Epoch 45705
Epoch 45706
Epoch 45707
Epoch 45708
Epoch 45709
Epoch 45710
Epoch 45711
Epoch 45712
Epoch 45713
Epoch 45714
Epoch 45715
Epoch 45716
Epoch 45717
Epoch 45718
Epoch 45719
Epoch 45720
Epoch 45721
Epoch 45722
Epoch 45723
Epoch 45724
Epoch 45725
Epoch 45726
Epoch 45727
Epoch 45728
Epoch 45729
Epoch 45730
Epoch 45731
Epoch 45732
Epoch 45733
Epoch 45734
Epoch 45735
Epoch 45736
Epoch 45737
Epoch 45738
Epoch 45739
Epoch 45740
Epoch 45741
Epoch 45742
Epoch 45743
Epoch 45744
Epoch 45745
Epoch 45746
Epoch 45747
Epoch 45748
Epoch 45749
Epoch 45750
Epoch 45751
Epoch 45752
Epoch 45753
Epoch 45754
Epoch 45755
Epoch 45756
Epoch 45757
Epoch 45758
Epoch 45759
Epoch 45760
Epoch 45761
Epoch 45762
Epoch 45763
Epoch 45764
Epoch 45765
Epoch 45766
Epoch 45767
Epoch 45768
Epoch 45769
Epoch 45770
Epoch 45771
Epoch 45772
Epoch 45773
Epoch 45774
Epoch 45775
Epoch 45776
Epoch 45777
Epoch 45778
Epoch 45779
Epoch 45780
Epoch 45781
Epoch 45782
Epoch 45783
Epoch 45784
Epoch 45785
Epoch 45786
Epoch 45787
Epoch 45788
Epoch 45789
Epoch 45790
Epoch 45791
Epoch 45792
Epoch 45793
Epoch 45794
Epoch 45795
Epoch 45796
Epoch 45797
Epoch 45798
Epoch 45799
Epoch 45800
Epoch 45801
Epoch 45802
Epoch 45803
Epoch 45804
Epoch 45805
Epoch 45806
Epoch 45807
Epoch 45808
Epoch 45809
Epoch 45810
Epoch 45811
Epoch 45812
Epoch 45813
Epoch 45814
Epoch 45815
Epoch 45816
Epoch 45817
Epoch 45818
Epoch 45819
Epoch 45820
Epoch 45821
Epoch 45822
Epoch 45823
Epoch 45824
Epoch 45825
Epoch 45826
Epoch 45827
Epoch 45828
Epoch 45829
Epoch 45830
Epoch 45831
Epoch 45832
Epoch 45833
Epoch 45834
Epoch 45835
Epoch 45836
Epoch 45837
Epoch 45838
Epoch 45839
Epoch 45840
Epoch 45841
Epoch 45842
Epoch 45843
Epoch 45844
Epoch 45845
Epoch 45846
Epoch 45847
Epoch 45848
Epoch 45849
Epoch 45850
Epoch 45851
Epoch 45852
Epoch 45853
Epoch 45854
Epoch 45855
Epoch 45856
Epoch 45857
Epoch 45858
Epoch 45859
Epoch 45860
Epoch 45861
Epoch 45862
Epoch 45863
Epoch 45864
Epoch 45865
Epoch 45866
Epoch 45867
Epoch 45868
Epoch 45869
Epoch 45870
Epoch 45871
Epoch 45872
Epoch 45873
Epoch 45874
Epoch 45875
Epoch 45876
Epoch 45877
Epoch 45878
Epoch 45879
Epoch 45880
Epoch 45881
Epoch 45882
Epoch 45883
Epoch 45884
Epoch 45885
Epoch 45886
Epoch 45887
Epoch 45888
Epoch 45889
Epoch 45890
Epoch 45891
Epoch 45892
Epoch 45893
Epoch 45894
Epoch 45895
Epoch 45896
Epoch 45897
Epoch 45898
Epoch 45899
Epoch 45900
Epoch 45901
Epoch 45902
Epoch 45903
Epoch 45904
Epoch 45905
Epoch 45906
Epoch 45907
Epoch 45908
Epoch 45909
Epoch 45910
Epoch 45911
Epoch 45912
Epoch 45913
Epoch 45914
Epoch 45915
Epoch 45916
Epoch 45917
Epoch 45918
Epoch 45919
Epoch 45920
Epoch 45921
Epoch 45922
Epoch 45923
Epoch 45924
Epoch 45925
Epoch 45926
Epoch 45927
Epoch 45928
Epoch 45929
Epoch 45930
Epoch 45931
Epoch 45932
Epoch 45933
Epoch 45934
Epoch 45935
Epoch 45936
Epoch 45937
Epoch 45938
Epoch 45939
Epoch 45940
Epoch 45941
Epoch 45942
Epoch 45943
Epoch 45944
Epoch 45945
Epoch 45946
Epoch 45947
Epoch 45948
Epoch 45949
Epoch 45950
Epoch 45951
Epoch 45952
Epoch 45953
Epoch 45954
Epoch 45955
Epoch 45956
Epoch 45957
Epoch 45958
Epoch 45959
Epoch 45960
Epoch 45961
Epoch 45962
Epoch 45963
Epoch 45964
Epoch 45965
Epoch 45966
Epoch 45967
Epoch 45968
Epoch 45969
Epoch 45970
Epoch 45971
Epoch 45972
Epoch 45973
Epoch 45974
Epoch 45975
Epoch 45976
Epoch 45977
Epoch 45978
Epoch 45979
Epoch 45980
Epoch 45981
Epoch 45982
Epoch 45983
Epoch 45984
Epoch 45985
Epoch 45986
Epoch 45987
Epoch 45988
Epoch 45989
Epoch 45990
Epoch 45991
Epoch 45992
Epoch 45993
Epoch 45994
Epoch 45995
Epoch 45996
Epoch 45997
Epoch 45998
Epoch 45999
Epoch 46000
Epoch 46001
Epoch 46002
Epoch 46003
Epoch 46004
Epoch 46005
Epoch 46006
Epoch 46007
Epoch 46008
Epoch 46009
Epoch 46010
Epoch 46011
Epoch 46012
Epoch 46013
Epoch 46014
Epoch 46015
Epoch 46016
Epoch 46017
Epoch 46018
Epoch 46019
Epoch 46020
Epoch 46021
Epoch 46022
Epoch 46023
Epoch 46024
Epoch 46025
Epoch 46026
Epoch 46027
Epoch 46028
Epoch 46029
Epoch 46030
Epoch 46031
Epoch 46032
Epoch 46033
Epoch 46034
Epoch 46035
Epoch 46036
Epoch 46037
Epoch 46038
Epoch 46039
Epoch 46040
Epoch 46041
Epoch 46042
Epoch 46043
Epoch 46044
Epoch 46045
Epoch 46046
Epoch 46047
Epoch 46048
Epoch 46049
Epoch 46050
Epoch 46051
Epoch 46052
Epoch 46053
Epoch 46054
Epoch 46055
Epoch 46056
Epoch 46057
Epoch 46058
Epoch 46059
Epoch 46060
Epoch 46061
Epoch 46062
Epoch 46063
Epoch 46064
Epoch 46065
Epoch 46066
Epoch 46067
Epoch 46068
Epoch 46069
Epoch 46070
Epoch 46071
Epoch 46072
Epoch 46073
Epoch 46074
Epoch 46075
Epoch 46076
Epoch 46077
Epoch 46078
Epoch 46079
Epoch 46080
Epoch 46081
Epoch 46082
Epoch 46083
Epoch 46084
Epoch 46085
Epoch 46086
Epoch 46087
Epoch 46088
Epoch 46089
Epoch 46090
Epoch 46091
Epoch 46092
Epoch 46093
Epoch 46094
Epoch 46095
Epoch 46096
Epoch 46097
Epoch 46098
Epoch 46099
Epoch 46100
Epoch 46101
Epoch 46102
Epoch 46103
Epoch 46104
Epoch 46105
Epoch 46106
Epoch 46107
Epoch 46108
Epoch 46109
Epoch 46110
Epoch 46111
Epoch 46112
Epoch 46113
Epoch 46114
Epoch 46115
Epoch 46116
Epoch 46117
Epoch 46118
Epoch 46119
Epoch 46120
Epoch 46121
Epoch 46122
Epoch 46123
Epoch 46124
Epoch 46125
Epoch 46126
Epoch 46127
Epoch 46128
Epoch 46129
Epoch 46130
Epoch 46131
Epoch 46132
Epoch 46133
Epoch 46134
Epoch 46135
Epoch 46136
Epoch 46137
Epoch 46138
Epoch 46139
Epoch 46140
Epoch 46141
Epoch 46142
Epoch 46143
Epoch 46144
Epoch 46145
Epoch 46146
Epoch 46147
Epoch 46148
Epoch 46149
Epoch 46150
Epoch 46151
Epoch 46152
Epoch 46153
Epoch 46154
Epoch 46155
Epoch 46156
Epoch 46157
Epoch 46158
Epoch 46159
Epoch 46160
Epoch 46161
Epoch 46162
Epoch 46163
Epoch 46164
Epoch 46165
Epoch 46166
Epoch 46167
Epoch 46168
Epoch 46169
Epoch 46170
Epoch 46171
Epoch 46172
Epoch 46173
Epoch 46174
Epoch 46175
Epoch 46176
Epoch 46177
Epoch 46178
Epoch 46179
Epoch 46180
Epoch 46181
Epoch 46182
Epoch 46183
Epoch 46184
Epoch 46185
Epoch 46186
Epoch 46187
Epoch 46188
Epoch 46189
Epoch 46190
Epoch 46191
Epoch 46192
Epoch 46193
Epoch 46194
Epoch 46195
Epoch 46196
Epoch 46197
Epoch 46198
Epoch 46199
Epoch 46200
Epoch 46201
Epoch 46202
Epoch 46203
Epoch 46204
Epoch 46205
Epoch 46206
Epoch 46207
Epoch 46208
Epoch 46209
Epoch 46210
Epoch 46211
Epoch 46212
Epoch 46213
Epoch 46214
Epoch 46215
Epoch 46216
Epoch 46217
Epoch 46218
Epoch 46219
Epoch 46220
Epoch 46221
Epoch 46222
Epoch 46223
Epoch 46224
Epoch 46225
Epoch 46226
Epoch 46227
Epoch 46228
Epoch 46229
Epoch 46230
Epoch 46231
Epoch 46232
Epoch 46233
Epoch 46234
Epoch 46235
Epoch 46236
Epoch 46237
Epoch 46238
Epoch 46239
Epoch 46240
Epoch 46241
Epoch 46242
Epoch 46243
Epoch 46244
Epoch 46245
Epoch 46246
Epoch 46247
Epoch 46248
Epoch 46249
Epoch 46250
Epoch 46251
Epoch 46252
Epoch 46253
Epoch 46254
Epoch 46255
Epoch 46256
Epoch 46257
Epoch 46258
Epoch 46259
Epoch 46260
Epoch 46261
Epoch 46262
Epoch 46263
Epoch 46264
Epoch 46265
Epoch 46266
Epoch 46267
Epoch 46268
Epoch 46269
Epoch 46270
Epoch 46271
Epoch 46272
Epoch 46273
Epoch 46274
Epoch 46275
Epoch 46276
Epoch 46277
Epoch 46278
Epoch 46279
Epoch 46280
Epoch 46281
Epoch 46282
Epoch 46283
Epoch 46284
Epoch 46285
Epoch 46286
Epoch 46287
Epoch 46288
Epoch 46289
Epoch 46290
Epoch 46291
Epoch 46292
Epoch 46293
Epoch 46294
Epoch 46295
Epoch 46296
Epoch 46297
Epoch 46298
Epoch 46299
Epoch 46300
Epoch 46301
Epoch 46302
Epoch 46303
Epoch 46304
Epoch 46305
Epoch 46306
Epoch 46307
Epoch 46308
Epoch 46309
Epoch 46310
Epoch 46311
Epoch 46312
Epoch 46313
Epoch 46314
Epoch 46315
Epoch 46316
Epoch 46317
Epoch 46318
Epoch 46319
Epoch 46320
Epoch 46321
Epoch 46322
Epoch 46323
Epoch 46324
Epoch 46325
Epoch 46326
Epoch 46327
Epoch 46328
Epoch 46329
Epoch 46330
Epoch 46331
Epoch 46332
Epoch 46333
Epoch 46334
Epoch 46335
Epoch 46336
Epoch 46337
Epoch 46338
Epoch 46339
Epoch 46340
Epoch 46341
Epoch 46342
Epoch 46343
Epoch 46344
Epoch 46345
Epoch 46346
Epoch 46347
Epoch 46348
Epoch 46349
Epoch 46350
Epoch 46351
Epoch 46352
Epoch 46353
Epoch 46354
Epoch 46355
Epoch 46356
Epoch 46357
Epoch 46358
Epoch 46359
Epoch 46360
Epoch 46361
Epoch 46362
Epoch 46363
Epoch 46364
Epoch 46365
Epoch 46366
Epoch 46367
Epoch 46368
Epoch 46369
Epoch 46370
Epoch 46371
Epoch 46372
Epoch 46373
Epoch 46374
Epoch 46375
Epoch 46376
Epoch 46377
Epoch 46378
Epoch 46379
Epoch 46380
Epoch 46381
Epoch 46382
Epoch 46383
Epoch 46384
Epoch 46385
Epoch 46386
Epoch 46387
Epoch 46388
Epoch 46389
Epoch 46390
Epoch 46391
Epoch 46392
Epoch 46393
Epoch 46394
Epoch 46395
Epoch 46396
Epoch 46397
Epoch 46398
Epoch 46399
Epoch 46400
Epoch 46401
Epoch 46402
Epoch 46403
Epoch 46404
Epoch 46405
Epoch 46406
Epoch 46407
Epoch 46408
Epoch 46409
Epoch 46410
Epoch 46411
Epoch 46412
Epoch 46413
Epoch 46414
Epoch 46415
Epoch 46416
Epoch 46417
Epoch 46418
Epoch 46419
Epoch 46420
Epoch 46421
Epoch 46422
Epoch 46423
Epoch 46424
Epoch 46425
Epoch 46426
Epoch 46427
Epoch 46428
Epoch 46429
Epoch 46430
Epoch 46431
Epoch 46432
Epoch 46433
Epoch 46434
Epoch 46435
Epoch 46436
Epoch 46437
Epoch 46438
Epoch 46439
Epoch 46440
Epoch 46441
Epoch 46442
Epoch 46443
Epoch 46444
Epoch 46445
Epoch 46446
Epoch 46447
Epoch 46448
Epoch 46449
Epoch 46450
Epoch 46451
Epoch 46452
Epoch 46453
Epoch 46454
Epoch 46455
Epoch 46456
Epoch 46457
Epoch 46458
Epoch 46459
Epoch 46460
Epoch 46461
Epoch 46462
Epoch 46463
Epoch 46464
Epoch 46465
Epoch 46466
Epoch 46467
Epoch 46468
Epoch 46469
Epoch 46470
Epoch 46471
Epoch 46472
Epoch 46473
Epoch 46474
Epoch 46475
Epoch 46476
Epoch 46477
Epoch 46478
Epoch 46479
Epoch 46480
Epoch 46481
Epoch 46482
Epoch 46483
Epoch 46484
Epoch 46485
Epoch 46486
Epoch 46487
Epoch 46488
Epoch 46489
Epoch 46490
Epoch 46491
Epoch 46492
Epoch 46493
Epoch 46494
Epoch 46495
Epoch 46496
Epoch 46497
Epoch 46498
Epoch 46499
Epoch 46500
Epoch 46501
Epoch 46502
Epoch 46503
Epoch 46504
Epoch 46505
Epoch 46506
Epoch 46507
Epoch 46508
Epoch 46509
Epoch 46510
Epoch 46511
Epoch 46512
Epoch 46513
Epoch 46514
Epoch 46515
Epoch 46516
Epoch 46517
Epoch 46518
Epoch 46519
Epoch 46520
Epoch 46521
Epoch 46522
Epoch 46523
Epoch 46524
Epoch 46525
Epoch 46526
Epoch 46527
Epoch 46528
Epoch 46529
Epoch 46530
Epoch 46531
Epoch 46532
Epoch 46533
Epoch 46534
Epoch 46535
Epoch 46536
Epoch 46537
Epoch 46538
Epoch 46539
Epoch 46540
Epoch 46541
Epoch 46542
Epoch 46543
Epoch 46544
Epoch 46545
Epoch 46546
Epoch 46547
Epoch 46548
Epoch 46549
Epoch 46550
Epoch 46551
Epoch 46552
Epoch 46553
Epoch 46554
Epoch 46555
Epoch 46556
Epoch 46557
Epoch 46558
Epoch 46559
Epoch 46560
Epoch 46561
Epoch 46562
Epoch 46563
Epoch 46564
Epoch 46565
Epoch 46566
Epoch 46567
Epoch 46568
Epoch 46569
Epoch 46570
Epoch 46571
Epoch 46572
Epoch 46573
Epoch 46574
Epoch 46575
Epoch 46576
Epoch 46577
Epoch 46578
Epoch 46579
Epoch 46580
Epoch 46581
Epoch 46582
Epoch 46583
Epoch 46584
Epoch 46585
Epoch 46586
Epoch 46587
Epoch 46588
Epoch 46589
Epoch 46590
Epoch 46591
Epoch 46592
Epoch 46593
Epoch 46594
Epoch 46595
Epoch 46596
Epoch 46597
Epoch 46598
Epoch 46599
Epoch 46600
Epoch 46601
Epoch 46602
Epoch 46603
Epoch 46604
Epoch 46605
Epoch 46606
Epoch 46607
Epoch 46608
Epoch 46609
Epoch 46610
Epoch 46611
Epoch 46612
Epoch 46613
Epoch 46614
Epoch 46615
Epoch 46616
Epoch 46617
Epoch 46618
Epoch 46619
Epoch 46620
Epoch 46621
Epoch 46622
Epoch 46623
Epoch 46624
Epoch 46625
Epoch 46626
Epoch 46627
Epoch 46628
Epoch 46629
Epoch 46630
Epoch 46631
Epoch 46632
Epoch 46633
Epoch 46634
Epoch 46635
Epoch 46636
Epoch 46637
Epoch 46638
Epoch 46639
Epoch 46640
Epoch 46641
Epoch 46642
Epoch 46643
Epoch 46644
Epoch 46645
Epoch 46646
Epoch 46647
Epoch 46648
Epoch 46649
Epoch 46650
Epoch 46651
Epoch 46652
Epoch 46653
Epoch 46654
Epoch 46655
Epoch 46656
Epoch 46657
Epoch 46658
Epoch 46659
Epoch 46660
Epoch 46661
Epoch 46662
Epoch 46663
Epoch 46664
Epoch 46665
Epoch 46666
Epoch 46667
Epoch 46668
Epoch 46669
Epoch 46670
Epoch 46671
Epoch 46672
Epoch 46673
Epoch 46674
Epoch 46675
Epoch 46676
Epoch 46677
Epoch 46678
Epoch 46679
Epoch 46680
Epoch 46681
Epoch 46682
Epoch 46683
Epoch 46684
Epoch 46685
Epoch 46686
Epoch 46687
Epoch 46688
Epoch 46689
Epoch 46690
Epoch 46691
Epoch 46692
Epoch 46693
Epoch 46694
Epoch 46695
Epoch 46696
Epoch 46697
Epoch 46698
Epoch 46699
Epoch 46700
Epoch 46701
Epoch 46702
Epoch 46703
Epoch 46704
Epoch 46705
Epoch 46706
Epoch 46707
Epoch 46708
Epoch 46709
Epoch 46710
Epoch 46711
Epoch 46712
Epoch 46713
Epoch 46714
Epoch 46715
Epoch 46716
Epoch 46717
Epoch 46718
Epoch 46719
Epoch 46720
Epoch 46721
Epoch 46722
Epoch 46723
Epoch 46724
Epoch 46725
Epoch 46726
Epoch 46727
Epoch 46728
Epoch 46729
Epoch 46730
Epoch 46731
Epoch 46732
Epoch 46733
Epoch 46734
Epoch 46735
Epoch 46736
Epoch 46737
Epoch 46738
Epoch 46739
Epoch 46740
Epoch 46741
Epoch 46742
Epoch 46743
Epoch 46744
Epoch 46745
Epoch 46746
Epoch 46747
Epoch 46748
Epoch 46749
Epoch 46750
Epoch 46751
Epoch 46752
Epoch 46753
Epoch 46754
Epoch 46755
Epoch 46756
Epoch 46757
Epoch 46758
Epoch 46759
Epoch 46760
Epoch 46761
Epoch 46762
Epoch 46763
Epoch 46764
Epoch 46765
Epoch 46766
Epoch 46767
Epoch 46768
Epoch 46769
Epoch 46770
Epoch 46771
Epoch 46772
Epoch 46773
Epoch 46774
Epoch 46775
Epoch 46776
Epoch 46777
Epoch 46778
Epoch 46779
Epoch 46780
Epoch 46781
Epoch 46782
Epoch 46783
Epoch 46784
Epoch 46785
Epoch 46786
Epoch 46787
Epoch 46788
Epoch 46789
Epoch 46790
Epoch 46791
Epoch 46792
Epoch 46793
Epoch 46794
Epoch 46795
Epoch 46796
Epoch 46797
Epoch 46798
Epoch 46799
Epoch 46800
Epoch 46801
Epoch 46802
Epoch 46803
Epoch 46804
Epoch 46805
Epoch 46806
Epoch 46807
Epoch 46808
Epoch 46809
Epoch 46810
Epoch 46811
Epoch 46812
Epoch 46813
Epoch 46814
Epoch 46815
Epoch 46816
Epoch 46817
Epoch 46818
Epoch 46819
Epoch 46820
Epoch 46821
Epoch 46822
Epoch 46823
Epoch 46824
Epoch 46825
Epoch 46826
Epoch 46827
Epoch 46828
Epoch 46829
Epoch 46830
Epoch 46831
Epoch 46832
Epoch 46833
Epoch 46834
Epoch 46835
Epoch 46836
Epoch 46837
Epoch 46838
Epoch 46839
Epoch 46840
Epoch 46841
Epoch 46842
Epoch 46843
Epoch 46844
Epoch 46845
Epoch 46846
Epoch 46847
Epoch 46848
Epoch 46849
Epoch 46850
Epoch 46851
Epoch 46852
Epoch 46853
Epoch 46854
Epoch 46855
Epoch 46856
Epoch 46857
Epoch 46858
Epoch 46859
Epoch 46860
Epoch 46861
Epoch 46862
Epoch 46863
Epoch 46864
Epoch 46865
Epoch 46866
Epoch 46867
Epoch 46868
Epoch 46869
Epoch 46870
Epoch 46871
Epoch 46872
Epoch 46873
Epoch 46874
Epoch 46875
Epoch 46876
Epoch 46877
Epoch 46878
Epoch 46879
Epoch 46880
Epoch 46881
Epoch 46882
Epoch 46883
Epoch 46884
Epoch 46885
Epoch 46886
Epoch 46887
Epoch 46888
Epoch 46889
Epoch 46890
Epoch 46891
Epoch 46892
Epoch 46893
Epoch 46894
Epoch 46895
Epoch 46896
Epoch 46897
Epoch 46898
Epoch 46899
Epoch 46900
Epoch 46901
Epoch 46902
Epoch 46903
Epoch 46904
Epoch 46905
Epoch 46906
Epoch 46907
Epoch 46908
Epoch 46909
Epoch 46910
Epoch 46911
Epoch 46912
Epoch 46913
Epoch 46914
Epoch 46915
Epoch 46916
Epoch 46917
Epoch 46918
Epoch 46919
Epoch 46920
Epoch 46921
Epoch 46922
Epoch 46923
Epoch 46924
Epoch 46925
Epoch 46926
Epoch 46927
Epoch 46928
Epoch 46929
Epoch 46930
Epoch 46931
Epoch 46932
Epoch 46933
Epoch 46934
Epoch 46935
Epoch 46936
Epoch 46937
Epoch 46938
Epoch 46939
Epoch 46940
Epoch 46941
Epoch 46942
Epoch 46943
Epoch 46944
Epoch 46945
Epoch 46946
Epoch 46947
Epoch 46948
Epoch 46949
Epoch 46950
Epoch 46951
Epoch 46952
Epoch 46953
Epoch 46954
Epoch 46955
Epoch 46956
Epoch 46957
Epoch 46958
Epoch 46959
Epoch 46960
Epoch 46961
Epoch 46962
Epoch 46963
Epoch 46964
Epoch 46965
Epoch 46966
Epoch 46967
Epoch 46968
Epoch 46969
Epoch 46970
Epoch 46971
Epoch 46972
Epoch 46973
Epoch 46974
Epoch 46975
Epoch 46976
Epoch 46977
Epoch 46978
Epoch 46979
Epoch 46980
Epoch 46981
Epoch 46982
Epoch 46983
Epoch 46984
Epoch 46985
Epoch 46986
Epoch 46987
Epoch 46988
Epoch 46989
Epoch 46990
Epoch 46991
Epoch 46992
Epoch 46993
Epoch 46994
Epoch 46995
Epoch 46996
Epoch 46997
Epoch 46998
Epoch 46999
Epoch 47000
Epoch 47001
Epoch 47002
Epoch 47003
Epoch 47004
Epoch 47005
Epoch 47006
Epoch 47007
Epoch 47008
Epoch 47009
Epoch 47010
Epoch 47011
Epoch 47012
Epoch 47013
Epoch 47014
Epoch 47015
Epoch 47016
Epoch 47017
Epoch 47018
Epoch 47019
Epoch 47020
Epoch 47021
Epoch 47022
Epoch 47023
Epoch 47024
Epoch 47025
Epoch 47026
Epoch 47027
Epoch 47028
Epoch 47029
Epoch 47030
Epoch 47031
Epoch 47032
Epoch 47033
Epoch 47034
Epoch 47035
Epoch 47036
Epoch 47037
Epoch 47038
Epoch 47039
Epoch 47040
Epoch 47041
Epoch 47042
Epoch 47043
Epoch 47044
Epoch 47045
Epoch 47046
Epoch 47047
Epoch 47048
Epoch 47049
Epoch 47050
Epoch 47051
Epoch 47052
Epoch 47053
Epoch 47054
Epoch 47055
Epoch 47056
Epoch 47057
Epoch 47058
Epoch 47059
Epoch 47060
Epoch 47061
Epoch 47062
Epoch 47063
Epoch 47064
Epoch 47065
Epoch 47066
Epoch 47067
Epoch 47068
Epoch 47069
Epoch 47070
Epoch 47071
Epoch 47072
Epoch 47073
Epoch 47074
Epoch 47075
Epoch 47076
Epoch 47077
Epoch 47078
Epoch 47079
Epoch 47080
Epoch 47081
Epoch 47082
Epoch 47083
Epoch 47084
Epoch 47085
Epoch 47086
Epoch 47087
Epoch 47088
Epoch 47089
Epoch 47090
Epoch 47091
Epoch 47092
Epoch 47093
Epoch 47094
Epoch 47095
Epoch 47096
Epoch 47097
Epoch 47098
Epoch 47099
Epoch 47100
Epoch 47101
Epoch 47102
Epoch 47103
Epoch 47104
Epoch 47105
Epoch 47106
Epoch 47107
Epoch 47108
Epoch 47109
Epoch 47110
Epoch 47111
Epoch 47112
Epoch 47113
Epoch 47114
Epoch 47115
Epoch 47116
Epoch 47117
Epoch 47118
Epoch 47119
Epoch 47120
Epoch 47121
Epoch 47122
Epoch 47123
Epoch 47124
Epoch 47125
Epoch 47126
Epoch 47127
Epoch 47128
Epoch 47129
Epoch 47130
Epoch 47131
Epoch 47132
Epoch 47133
Epoch 47134
Epoch 47135
Epoch 47136
Epoch 47137
Epoch 47138
Epoch 47139
Epoch 47140
Epoch 47141
Epoch 47142
Epoch 47143
Epoch 47144
Epoch 47145
Epoch 47146
Epoch 47147
Epoch 47148
Epoch 47149
Epoch 47150
Epoch 47151
Epoch 47152
Epoch 47153
Epoch 47154
Epoch 47155
Epoch 47156
Epoch 47157
Epoch 47158
Epoch 47159
Epoch 47160
Epoch 47161
Epoch 47162
Epoch 47163
Epoch 47164
Epoch 47165
Epoch 47166
Epoch 47167
Epoch 47168
Epoch 47169
Epoch 47170
Epoch 47171
Epoch 47172
Epoch 47173
Epoch 47174
Epoch 47175
Epoch 47176
Epoch 47177
Epoch 47178
Epoch 47179
Epoch 47180
Epoch 47181
Epoch 47182
Epoch 47183
Epoch 47184
Epoch 47185
Epoch 47186
Epoch 47187
Epoch 47188
Epoch 47189
Epoch 47190
Epoch 47191
Epoch 47192
Epoch 47193
Epoch 47194
Epoch 47195
Epoch 47196
Epoch 47197
Epoch 47198
Epoch 47199
Epoch 47200
Epoch 47201
Epoch 47202
Epoch 47203
Epoch 47204
Epoch 47205
Epoch 47206
Epoch 47207
Epoch 47208
Epoch 47209
Epoch 47210
Epoch 47211
Epoch 47212
Epoch 47213
Epoch 47214
Epoch 47215
Epoch 47216
Epoch 47217
Epoch 47218
Epoch 47219
Epoch 47220
Epoch 47221
Epoch 47222
Epoch 47223
Epoch 47224
Epoch 47225
Epoch 47226
Epoch 47227
Epoch 47228
Epoch 47229
Epoch 47230
Epoch 47231
Epoch 47232
Epoch 47233
Epoch 47234
Epoch 47235
Epoch 47236
Epoch 47237
Epoch 47238
Epoch 47239
Epoch 47240
Epoch 47241
Epoch 47242
Epoch 47243
Epoch 47244
Epoch 47245
Epoch 47246
Epoch 47247
Epoch 47248
Epoch 47249
Epoch 47250
Epoch 47251
Epoch 47252
Epoch 47253
Epoch 47254
Epoch 47255
Epoch 47256
Epoch 47257
Epoch 47258
Epoch 47259
Epoch 47260
Epoch 47261
Epoch 47262
Epoch 47263
Epoch 47264
Epoch 47265
Epoch 47266
Epoch 47267
Epoch 47268
Epoch 47269
Epoch 47270
Epoch 47271
Epoch 47272
Epoch 47273
Epoch 47274
Epoch 47275
Epoch 47276
Epoch 47277
Epoch 47278
Epoch 47279
Epoch 47280
Epoch 47281
Epoch 47282
Epoch 47283
Epoch 47284
Epoch 47285
Epoch 47286
Epoch 47287
Epoch 47288
Epoch 47289
Epoch 47290
Epoch 47291
Epoch 47292
Epoch 47293
Epoch 47294
Epoch 47295
Epoch 47296
Epoch 47297
Epoch 47298
Epoch 47299
Epoch 47300
Epoch 47301
Epoch 47302
Epoch 47303
Epoch 47304
Epoch 47305
Epoch 47306
Epoch 47307
Epoch 47308
Epoch 47309
Epoch 47310
Epoch 47311
Epoch 47312
Epoch 47313
Epoch 47314
Epoch 47315
Epoch 47316
Epoch 47317
Epoch 47318
Epoch 47319
Epoch 47320
Epoch 47321
Epoch 47322
Epoch 47323
Epoch 47324
Epoch 47325
Epoch 47326
Epoch 47327
Epoch 47328
Epoch 47329
Epoch 47330
Epoch 47331
Epoch 47332
Epoch 47333
Epoch 47334
Epoch 47335
Epoch 47336
Epoch 47337
Epoch 47338
Epoch 47339
Epoch 47340
Epoch 47341
Epoch 47342
Epoch 47343
Epoch 47344
Epoch 47345
Epoch 47346
Epoch 47347
Epoch 47348
Epoch 47349
Epoch 47350
Epoch 47351
Epoch 47352
Epoch 47353
Epoch 47354
Epoch 47355
Epoch 47356
Epoch 47357
Epoch 47358
Epoch 47359
Epoch 47360
Epoch 47361
Epoch 47362
Epoch 47363
Epoch 47364
Epoch 47365
Epoch 47366
Epoch 47367
Epoch 47368
Epoch 47369
Epoch 47370
Epoch 47371
Epoch 47372
Epoch 47373
Epoch 47374
Epoch 47375
Epoch 47376
Epoch 47377
Epoch 47378
Epoch 47379
Epoch 47380
Epoch 47381
Epoch 47382
Epoch 47383
Epoch 47384
Epoch 47385
Epoch 47386
Epoch 47387
Epoch 47388
Epoch 47389
Epoch 47390
Epoch 47391
Epoch 47392
Epoch 47393
Epoch 47394
Epoch 47395
Epoch 47396
Epoch 47397
Epoch 47398
Epoch 47399
Epoch 47400
Epoch 47401
Epoch 47402
Epoch 47403
Epoch 47404
Epoch 47405
Epoch 47406
Epoch 47407
Epoch 47408
Epoch 47409
Epoch 47410
Epoch 47411
Epoch 47412
Epoch 47413
Epoch 47414
Epoch 47415
Epoch 47416
Epoch 47417
Epoch 47418
Epoch 47419
Epoch 47420
Epoch 47421
Epoch 47422
Epoch 47423
Epoch 47424
Epoch 47425
Epoch 47426
Epoch 47427
Epoch 47428
Epoch 47429
Epoch 47430
Epoch 47431
Epoch 47432
Epoch 47433
Epoch 47434
Epoch 47435
Epoch 47436
Epoch 47437
Epoch 47438
Epoch 47439
Epoch 47440
Epoch 47441
Epoch 47442
Epoch 47443
Epoch 47444
Epoch 47445
Epoch 47446
Epoch 47447
Epoch 47448
Epoch 47449
Epoch 47450
Epoch 47451
Epoch 47452
Epoch 47453
Epoch 47454
Epoch 47455
Epoch 47456
Epoch 47457
Epoch 47458
Epoch 47459
Epoch 47460
Epoch 47461
Epoch 47462
Epoch 47463
Epoch 47464
Epoch 47465
Epoch 47466
Epoch 47467
Epoch 47468
Epoch 47469
Epoch 47470
Epoch 47471
Epoch 47472
Epoch 47473
Epoch 47474
Epoch 47475
Epoch 47476
Epoch 47477
Epoch 47478
Epoch 47479
Epoch 47480
Epoch 47481
Epoch 47482
Epoch 47483
Epoch 47484
Epoch 47485
Epoch 47486
Epoch 47487
Epoch 47488
Epoch 47489
Epoch 47490
Epoch 47491
Epoch 47492
Epoch 47493
Epoch 47494
Epoch 47495
Epoch 47496
Epoch 47497
Epoch 47498
Epoch 47499
Epoch 47500
Epoch 47501
Epoch 47502
Epoch 47503
Epoch 47504
Epoch 47505
Epoch 47506
Epoch 47507
Epoch 47508
Epoch 47509
Epoch 47510
Epoch 47511
Epoch 47512
Epoch 47513
Epoch 47514
Epoch 47515
Epoch 47516
Epoch 47517
Epoch 47518
Epoch 47519
Epoch 47520
Epoch 47521
Epoch 47522
Epoch 47523
Epoch 47524
Epoch 47525
Epoch 47526
Epoch 47527
Epoch 47528
Epoch 47529
Epoch 47530
Epoch 47531
Epoch 47532
Epoch 47533
Epoch 47534
Epoch 47535
Epoch 47536
Epoch 47537
Epoch 47538
Epoch 47539
Epoch 47540
Epoch 47541
Epoch 47542
Epoch 47543
Epoch 47544
Epoch 47545
Epoch 47546
Epoch 47547
Epoch 47548
Epoch 47549
Epoch 47550
Epoch 47551
Epoch 47552
Epoch 47553
Epoch 47554
Epoch 47555
Epoch 47556
Epoch 47557
Epoch 47558
Epoch 47559
Epoch 47560
Epoch 47561
Epoch 47562
Epoch 47563
Epoch 47564
Epoch 47565
Epoch 47566
Epoch 47567
Epoch 47568
Epoch 47569
Epoch 47570
Epoch 47571
Epoch 47572
Epoch 47573
Epoch 47574
Epoch 47575
Epoch 47576
Epoch 47577
Epoch 47578
Epoch 47579
Epoch 47580
Epoch 47581
Epoch 47582
Epoch 47583
Epoch 47584
Epoch 47585
Epoch 47586
Epoch 47587
Epoch 47588
Epoch 47589
Epoch 47590
Epoch 47591
Epoch 47592
Epoch 47593
Epoch 47594
Epoch 47595
Epoch 47596
Epoch 47597
Epoch 47598
Epoch 47599
Epoch 47600
Epoch 47601
Epoch 47602
Epoch 47603
Epoch 47604
Epoch 47605
Epoch 47606
Epoch 47607
Epoch 47608
Epoch 47609
Epoch 47610
Epoch 47611
Epoch 47612
Epoch 47613
Epoch 47614
Epoch 47615
Epoch 47616
Epoch 47617
Epoch 47618
Epoch 47619
Epoch 47620
Epoch 47621
Epoch 47622
Epoch 47623
Epoch 47624
Epoch 47625
Epoch 47626
Epoch 47627
Epoch 47628
Epoch 47629
Epoch 47630
Epoch 47631
Epoch 47632
Epoch 47633
Epoch 47634
Epoch 47635
Epoch 47636
Epoch 47637
Epoch 47638
Epoch 47639
Epoch 47640
Epoch 47641
Epoch 47642
Epoch 47643
Epoch 47644
Epoch 47645
Epoch 47646
Epoch 47647
Epoch 47648
Epoch 47649
Epoch 47650
Epoch 47651
Epoch 47652
Epoch 47653
Epoch 47654
Epoch 47655
Epoch 47656
Epoch 47657
Epoch 47658
Epoch 47659
Epoch 47660
Epoch 47661
Epoch 47662
Epoch 47663
Epoch 47664
Epoch 47665
Epoch 47666
Epoch 47667
Epoch 47668
Epoch 47669
Epoch 47670
Epoch 47671
Epoch 47672
Epoch 47673
Epoch 47674
Epoch 47675
Epoch 47676
Epoch 47677
Epoch 47678
Epoch 47679
Epoch 47680
Epoch 47681
Epoch 47682
Epoch 47683
Epoch 47684
Epoch 47685
Epoch 47686
Epoch 47687
Epoch 47688
Epoch 47689
Epoch 47690
Epoch 47691
Epoch 47692
Epoch 47693
Epoch 47694
Epoch 47695
Epoch 47696
Epoch 47697
Epoch 47698
Epoch 47699
Epoch 47700
Epoch 47701
Epoch 47702
Epoch 47703
Epoch 47704
Epoch 47705
Epoch 47706
Epoch 47707
Epoch 47708
Epoch 47709
Epoch 47710
Epoch 47711
Epoch 47712
Epoch 47713
Epoch 47714
Epoch 47715
Epoch 47716
Epoch 47717
Epoch 47718
Epoch 47719
Epoch 47720
Epoch 47721
Epoch 47722
Epoch 47723
Epoch 47724
Epoch 47725
Epoch 47726
Epoch 47727
Epoch 47728
Epoch 47729
Epoch 47730
Epoch 47731
Epoch 47732
Epoch 47733
Epoch 47734
Epoch 47735
Epoch 47736
Epoch 47737
Epoch 47738
Epoch 47739
Epoch 47740
Epoch 47741
Epoch 47742
Epoch 47743
Epoch 47744
Epoch 47745
Epoch 47746
Epoch 47747
Epoch 47748
Epoch 47749
Epoch 47750
Epoch 47751
Epoch 47752
Epoch 47753
Epoch 47754
Epoch 47755
Epoch 47756
Epoch 47757
Epoch 47758
Epoch 47759
Epoch 47760
Epoch 47761
Epoch 47762
Epoch 47763
Epoch 47764
Epoch 47765
Epoch 47766
Epoch 47767
Epoch 47768
Epoch 47769
Epoch 47770
Epoch 47771
Epoch 47772
Epoch 47773
Epoch 47774
Epoch 47775
Epoch 47776
Epoch 47777
Epoch 47778
Epoch 47779
Epoch 47780
Epoch 47781
Epoch 47782
Epoch 47783
Epoch 47784
Epoch 47785
Epoch 47786
Epoch 47787
Epoch 47788
Epoch 47789
Epoch 47790
Epoch 47791
Epoch 47792
Epoch 47793
Epoch 47794
Epoch 47795
Epoch 47796
Epoch 47797
Epoch 47798
Epoch 47799
Epoch 47800
Epoch 47801
Epoch 47802
Epoch 47803
Epoch 47804
Epoch 47805
Epoch 47806
Epoch 47807
Epoch 47808
Epoch 47809
Epoch 47810
Epoch 47811
Epoch 47812
Epoch 47813
Epoch 47814
Epoch 47815
Epoch 47816
Epoch 47817
Epoch 47818
Epoch 47819
Epoch 47820
Epoch 47821
Epoch 47822
Epoch 47823
Epoch 47824
Epoch 47825
Epoch 47826
Epoch 47827
Epoch 47828
Epoch 47829
Epoch 47830
Epoch 47831
Epoch 47832
Epoch 47833
Epoch 47834
Epoch 47835
Epoch 47836
Epoch 47837
Epoch 47838
Epoch 47839
Epoch 47840
Epoch 47841
Epoch 47842
Epoch 47843
Epoch 47844
Epoch 47845
Epoch 47846
Epoch 47847
Epoch 47848
Epoch 47849
Epoch 47850
Epoch 47851
Epoch 47852
Epoch 47853
Epoch 47854
Epoch 47855
Epoch 47856
Epoch 47857
Epoch 47858
Epoch 47859
Epoch 47860
Epoch 47861
Epoch 47862
Epoch 47863
Epoch 47864
Epoch 47865
Epoch 47866
Epoch 47867
Epoch 47868
Epoch 47869
Epoch 47870
Epoch 47871
Epoch 47872
Epoch 47873
Epoch 47874
Epoch 47875
Epoch 47876
Epoch 47877
Epoch 47878
Epoch 47879
Epoch 47880
Epoch 47881
Epoch 47882
Epoch 47883
Epoch 47884
Epoch 47885
Epoch 47886
Epoch 47887
Epoch 47888
Epoch 47889
Epoch 47890
Epoch 47891
Epoch 47892
Epoch 47893
Epoch 47894
Epoch 47895
Epoch 47896
Epoch 47897
Epoch 47898
Epoch 47899
Epoch 47900
Epoch 47901
Epoch 47902
Epoch 47903
Epoch 47904
Epoch 47905
Epoch 47906
Epoch 47907
Epoch 47908
Epoch 47909
Epoch 47910
Epoch 47911
Epoch 47912
Epoch 47913
Epoch 47914
Epoch 47915
Epoch 47916
Epoch 47917
Epoch 47918
Epoch 47919
Epoch 47920
Epoch 47921
Epoch 47922
Epoch 47923
Epoch 47924
Epoch 47925
Epoch 47926
Epoch 47927
Epoch 47928
Epoch 47929
Epoch 47930
Epoch 47931
Epoch 47932
Epoch 47933
Epoch 47934
Epoch 47935
Epoch 47936
Epoch 47937
Epoch 47938
Epoch 47939
Epoch 47940
Epoch 47941
Epoch 47942
Epoch 47943
Epoch 47944
Epoch 47945
Epoch 47946
Epoch 47947
Epoch 47948
Epoch 47949
Epoch 47950
Epoch 47951
Epoch 47952
Epoch 47953
Epoch 47954
Epoch 47955
Epoch 47956
Epoch 47957
Epoch 47958
Epoch 47959
Epoch 47960
Epoch 47961
Epoch 47962
Epoch 47963
Epoch 47964
Epoch 47965
Epoch 47966
Epoch 47967
Epoch 47968
Epoch 47969
Epoch 47970
Epoch 47971
Epoch 47972
Epoch 47973
Epoch 47974
Epoch 47975
Epoch 47976
Epoch 47977
Epoch 47978
Epoch 47979
Epoch 47980
Epoch 47981
Epoch 47982
Epoch 47983
Epoch 47984
Epoch 47985
Epoch 47986
Epoch 47987
Epoch 47988
Epoch 47989
Epoch 47990
Epoch 47991
Epoch 47992
Epoch 47993
Epoch 47994
Epoch 47995
Epoch 47996
Epoch 47997
Epoch 47998
Epoch 47999
Epoch 48000
Epoch 48001
Epoch 48002
Epoch 48003
Epoch 48004
Epoch 48005
Epoch 48006
Epoch 48007
Epoch 48008
Epoch 48009
Epoch 48010
Epoch 48011
Epoch 48012
Epoch 48013
Epoch 48014
Epoch 48015
Epoch 48016
Epoch 48017
Epoch 48018
Epoch 48019
Epoch 48020
Epoch 48021
Epoch 48022
Epoch 48023
Epoch 48024
Epoch 48025
Epoch 48026
Epoch 48027
Epoch 48028
Epoch 48029
Epoch 48030
Epoch 48031
Epoch 48032
Epoch 48033
Epoch 48034
Epoch 48035
Epoch 48036
Epoch 48037
Epoch 48038
Epoch 48039
Epoch 48040
Epoch 48041
Epoch 48042
Epoch 48043
Epoch 48044
Epoch 48045
Epoch 48046
Epoch 48047
Epoch 48048
Epoch 48049
Epoch 48050
Epoch 48051
Epoch 48052
Epoch 48053
Epoch 48054
Epoch 48055
Epoch 48056
Epoch 48057
Epoch 48058
Epoch 48059
Epoch 48060
Epoch 48061
Epoch 48062
Epoch 48063
Epoch 48064
Epoch 48065
Epoch 48066
Epoch 48067
Epoch 48068
Epoch 48069
Epoch 48070
Epoch 48071
Epoch 48072
Epoch 48073
Epoch 48074
Epoch 48075
Epoch 48076
Epoch 48077
Epoch 48078
Epoch 48079
Epoch 48080
Epoch 48081
Epoch 48082
Epoch 48083
Epoch 48084
Epoch 48085
Epoch 48086
Epoch 48087
Epoch 48088
Epoch 48089
Epoch 48090
Epoch 48091
Epoch 48092
Epoch 48093
Epoch 48094
Epoch 48095
Epoch 48096
Epoch 48097
Epoch 48098
Epoch 48099
Epoch 48100
Epoch 48101
Epoch 48102
Epoch 48103
Epoch 48104
Epoch 48105
Epoch 48106
Epoch 48107
Epoch 48108
Epoch 48109
Epoch 48110
Epoch 48111
Epoch 48112
Epoch 48113
Epoch 48114
Epoch 48115
Epoch 48116
Epoch 48117
Epoch 48118
Epoch 48119
Epoch 48120
Epoch 48121
Epoch 48122
Epoch 48123
Epoch 48124
Epoch 48125
Epoch 48126
Epoch 48127
Epoch 48128
Epoch 48129
Epoch 48130
Epoch 48131
Epoch 48132
Epoch 48133
Epoch 48134
Epoch 48135
Epoch 48136
Epoch 48137
Epoch 48138
Epoch 48139
Epoch 48140
Epoch 48141
Epoch 48142
Epoch 48143
Epoch 48144
Epoch 48145
Epoch 48146
Epoch 48147
Epoch 48148
Epoch 48149
Epoch 48150
Epoch 48151
Epoch 48152
Epoch 48153
Epoch 48154
Epoch 48155
Epoch 48156
Epoch 48157
Epoch 48158
Epoch 48159
Epoch 48160
Epoch 48161
Epoch 48162
Epoch 48163
Epoch 48164
Epoch 48165
Epoch 48166
Epoch 48167
Epoch 48168
Epoch 48169
Epoch 48170
Epoch 48171
Epoch 48172
Epoch 48173
Epoch 48174
Epoch 48175
Epoch 48176
Epoch 48177
Epoch 48178
Epoch 48179
Epoch 48180
Epoch 48181
Epoch 48182
Epoch 48183
Epoch 48184
Epoch 48185
Epoch 48186
Epoch 48187
Epoch 48188
Epoch 48189
Epoch 48190
Epoch 48191
Epoch 48192
Epoch 48193
Epoch 48194
Epoch 48195
Epoch 48196
Epoch 48197
Epoch 48198
Epoch 48199
Epoch 48200
Epoch 48201
Epoch 48202
Epoch 48203
Epoch 48204
Epoch 48205
Epoch 48206
Epoch 48207
Epoch 48208
Epoch 48209
Epoch 48210
Epoch 48211
Epoch 48212
Epoch 48213
Epoch 48214
Epoch 48215
Epoch 48216
Epoch 48217
Epoch 48218
Epoch 48219
Epoch 48220
Epoch 48221
Epoch 48222
Epoch 48223
Epoch 48224
Epoch 48225
Epoch 48226
Epoch 48227
Epoch 48228
Epoch 48229
Epoch 48230
Epoch 48231
Epoch 48232
Epoch 48233
Epoch 48234
Epoch 48235
Epoch 48236
Epoch 48237
Epoch 48238
Epoch 48239
Epoch 48240
Epoch 48241
Epoch 48242
Epoch 48243
Epoch 48244
Epoch 48245
Epoch 48246
Epoch 48247
Epoch 48248
Epoch 48249
Epoch 48250
Epoch 48251
Epoch 48252
Epoch 48253
Epoch 48254
Epoch 48255
Epoch 48256
Epoch 48257
Epoch 48258
Epoch 48259
Epoch 48260
Epoch 48261
Epoch 48262
Epoch 48263
Epoch 48264
Epoch 48265
Epoch 48266
Epoch 48267
Epoch 48268
Epoch 48269
Epoch 48270
Epoch 48271
Epoch 48272
Epoch 48273
Epoch 48274
Epoch 48275
Epoch 48276
Epoch 48277
Epoch 48278
Epoch 48279
Epoch 48280
Epoch 48281
Epoch 48282
Epoch 48283
Epoch 48284
Epoch 48285
Epoch 48286
Epoch 48287
Epoch 48288
Epoch 48289
Epoch 48290
Epoch 48291
Epoch 48292
Epoch 48293
Epoch 48294
Epoch 48295
Epoch 48296
Epoch 48297
Epoch 48298
Epoch 48299
Epoch 48300
Epoch 48301
Epoch 48302
Epoch 48303
Epoch 48304
Epoch 48305
Epoch 48306
Epoch 48307
Epoch 48308
Epoch 48309
Epoch 48310
Epoch 48311
Epoch 48312
Epoch 48313
Epoch 48314
Epoch 48315
Epoch 48316
Epoch 48317
Epoch 48318
Epoch 48319
Epoch 48320
Epoch 48321
Epoch 48322
Epoch 48323
Epoch 48324
Epoch 48325
Epoch 48326
Epoch 48327
Epoch 48328
Epoch 48329
Epoch 48330
Epoch 48331
Epoch 48332
Epoch 48333
Epoch 48334
Epoch 48335
Epoch 48336
Epoch 48337
Epoch 48338
Epoch 48339
Epoch 48340
Epoch 48341
Epoch 48342
Epoch 48343
Epoch 48344
Epoch 48345
Epoch 48346
Epoch 48347
Epoch 48348
Epoch 48349
Epoch 48350
Epoch 48351
Epoch 48352
Epoch 48353
Epoch 48354
Epoch 48355
Epoch 48356
Epoch 48357
Epoch 48358
Epoch 48359
Epoch 48360
Epoch 48361
Epoch 48362
Epoch 48363
Epoch 48364
Epoch 48365
Epoch 48366
Epoch 48367
Epoch 48368
Epoch 48369
Epoch 48370
Epoch 48371
Epoch 48372
Epoch 48373
Epoch 48374
Epoch 48375
Epoch 48376
Epoch 48377
Epoch 48378
Epoch 48379
Epoch 48380
Epoch 48381
Epoch 48382
Epoch 48383
Epoch 48384
Epoch 48385
Epoch 48386
Epoch 48387
Epoch 48388
Epoch 48389
Epoch 48390
Epoch 48391
Epoch 48392
Epoch 48393
Epoch 48394
Epoch 48395
Epoch 48396
Epoch 48397
Epoch 48398
Epoch 48399
Epoch 48400
Epoch 48401
Epoch 48402
Epoch 48403
Epoch 48404
Epoch 48405
Epoch 48406
Epoch 48407
Epoch 48408
Epoch 48409
Epoch 48410
Epoch 48411
Epoch 48412
Epoch 48413
Epoch 48414
Epoch 48415
Epoch 48416
Epoch 48417
Epoch 48418
Epoch 48419
Epoch 48420
Epoch 48421
Epoch 48422
Epoch 48423
Epoch 48424
Epoch 48425
Epoch 48426
Epoch 48427
Epoch 48428
Epoch 48429
Epoch 48430
Epoch 48431
Epoch 48432
Epoch 48433
Epoch 48434
Epoch 48435
Epoch 48436
Epoch 48437
Epoch 48438
Epoch 48439
Epoch 48440
Epoch 48441
Epoch 48442
Epoch 48443
Epoch 48444
Epoch 48445
Epoch 48446
Epoch 48447
Epoch 48448
Epoch 48449
Epoch 48450
Epoch 48451
Epoch 48452
Epoch 48453
Epoch 48454
Epoch 48455
Epoch 48456
Epoch 48457
Epoch 48458
Epoch 48459
Epoch 48460
Epoch 48461
Epoch 48462
Epoch 48463
Epoch 48464
Epoch 48465
Epoch 48466
Epoch 48467
Epoch 48468
Epoch 48469
Epoch 48470
Epoch 48471
Epoch 48472
Epoch 48473
Epoch 48474
Epoch 48475
Epoch 48476
Epoch 48477
Epoch 48478
Epoch 48479
Epoch 48480
Epoch 48481
Epoch 48482
Epoch 48483
Epoch 48484
Epoch 48485
Epoch 48486
Epoch 48487
Epoch 48488
Epoch 48489
Epoch 48490
Epoch 48491
Epoch 48492
Epoch 48493
Epoch 48494
Epoch 48495
Epoch 48496
Epoch 48497
Epoch 48498
Epoch 48499
Epoch 48500
Epoch 48501
Epoch 48502
Epoch 48503
Epoch 48504
Epoch 48505
Epoch 48506
Epoch 48507
Epoch 48508
Epoch 48509
Epoch 48510
Epoch 48511
Epoch 48512
Epoch 48513
Epoch 48514
Epoch 48515
Epoch 48516
Epoch 48517
Epoch 48518
Epoch 48519
Epoch 48520
Epoch 48521
Epoch 48522
Epoch 48523
Epoch 48524
Epoch 48525
Epoch 48526
Epoch 48527
Epoch 48528
Epoch 48529
Epoch 48530
Epoch 48531
Epoch 48532
Epoch 48533
Epoch 48534
Epoch 48535
Epoch 48536
Epoch 48537
Epoch 48538
Epoch 48539
Epoch 48540
Epoch 48541
Epoch 48542
Epoch 48543
Epoch 48544
Epoch 48545
Epoch 48546
Epoch 48547
Epoch 48548
Epoch 48549
Epoch 48550
Epoch 48551
Epoch 48552
Epoch 48553
Epoch 48554
Epoch 48555
Epoch 48556
Epoch 48557
Epoch 48558
Epoch 48559
Epoch 48560
Epoch 48561
Epoch 48562
Epoch 48563
Epoch 48564
Epoch 48565
Epoch 48566
Epoch 48567
Epoch 48568
Epoch 48569
Epoch 48570
Epoch 48571
Epoch 48572
Epoch 48573
Epoch 48574
Epoch 48575
Epoch 48576
Epoch 48577
Epoch 48578
Epoch 48579
Epoch 48580
Epoch 48581
Epoch 48582
Epoch 48583
Epoch 48584
Epoch 48585
Epoch 48586
Epoch 48587
Epoch 48588
Epoch 48589
Epoch 48590
Epoch 48591
Epoch 48592
Epoch 48593
Epoch 48594
Epoch 48595
Epoch 48596
Epoch 48597
Epoch 48598
Epoch 48599
Epoch 48600
Epoch 48601
Epoch 48602
Epoch 48603
Epoch 48604
Epoch 48605
Epoch 48606
Epoch 48607
Epoch 48608
Epoch 48609
Epoch 48610
Epoch 48611
Epoch 48612
Epoch 48613
Epoch 48614
Epoch 48615
Epoch 48616
Epoch 48617
Epoch 48618
Epoch 48619
Epoch 48620
Epoch 48621
Epoch 48622
Epoch 48623
Epoch 48624
Epoch 48625
Epoch 48626
Epoch 48627
Epoch 48628
Epoch 48629
Epoch 48630
Epoch 48631
Epoch 48632
Epoch 48633
Epoch 48634
Epoch 48635
Epoch 48636
Epoch 48637
Epoch 48638
Epoch 48639
Epoch 48640
Epoch 48641
Epoch 48642
Epoch 48643
Epoch 48644
Epoch 48645
Epoch 48646
Epoch 48647
Epoch 48648
Epoch 48649
Epoch 48650
Epoch 48651
Epoch 48652
Epoch 48653
Epoch 48654
Epoch 48655
Epoch 48656
Epoch 48657
Epoch 48658
Epoch 48659
Epoch 48660
Epoch 48661
Epoch 48662
Epoch 48663
Epoch 48664
Epoch 48665
Epoch 48666
Epoch 48667
Epoch 48668
Epoch 48669
Epoch 48670
Epoch 48671
Epoch 48672
Epoch 48673
Epoch 48674
Epoch 48675
Epoch 48676
Epoch 48677
Epoch 48678
Epoch 48679
Epoch 48680
Epoch 48681
Epoch 48682
Epoch 48683
Epoch 48684
Epoch 48685
Epoch 48686
Epoch 48687
Epoch 48688
Epoch 48689
Epoch 48690
Epoch 48691
Epoch 48692
Epoch 48693
Epoch 48694
Epoch 48695
Epoch 48696
Epoch 48697
Epoch 48698
Epoch 48699
Epoch 48700
Epoch 48701
Epoch 48702
Epoch 48703
Epoch 48704
Epoch 48705
Epoch 48706
Epoch 48707
Epoch 48708
Epoch 48709
Epoch 48710
Epoch 48711
Epoch 48712
Epoch 48713
Epoch 48714
Epoch 48715
Epoch 48716
Epoch 48717
Epoch 48718
Epoch 48719
Epoch 48720
Epoch 48721
Epoch 48722
Epoch 48723
Epoch 48724
Epoch 48725
Epoch 48726
Epoch 48727
Epoch 48728
Epoch 48729
Epoch 48730
Epoch 48731
Epoch 48732
Epoch 48733
Epoch 48734
Epoch 48735
Epoch 48736
Epoch 48737
Epoch 48738
Epoch 48739
Epoch 48740
Epoch 48741
Epoch 48742
Epoch 48743
Epoch 48744
Epoch 48745
Epoch 48746
Epoch 48747
Epoch 48748
Epoch 48749
Epoch 48750
Epoch 48751
Epoch 48752
Epoch 48753
Epoch 48754
Epoch 48755
Epoch 48756
Epoch 48757
Epoch 48758
Epoch 48759
Epoch 48760
Epoch 48761
Epoch 48762
Epoch 48763
Epoch 48764
Epoch 48765
Epoch 48766
Epoch 48767
Epoch 48768
Epoch 48769
Epoch 48770
Epoch 48771
Epoch 48772
Epoch 48773
Epoch 48774
Epoch 48775
Epoch 48776
Epoch 48777
Epoch 48778
Epoch 48779
Epoch 48780
Epoch 48781
Epoch 48782
Epoch 48783
Epoch 48784
Epoch 48785
Epoch 48786
Epoch 48787
Epoch 48788
Epoch 48789
Epoch 48790
Epoch 48791
Epoch 48792
Epoch 48793
Epoch 48794
Epoch 48795
Epoch 48796
Epoch 48797
Epoch 48798
Epoch 48799
Epoch 48800
Epoch 48801
Epoch 48802
Epoch 48803
Epoch 48804
Epoch 48805
Epoch 48806
Epoch 48807
Epoch 48808
Epoch 48809
Epoch 48810
Epoch 48811
Epoch 48812
Epoch 48813
Epoch 48814
Epoch 48815
Epoch 48816
Epoch 48817
Epoch 48818
Epoch 48819
Epoch 48820
Epoch 48821
Epoch 48822
Epoch 48823
Epoch 48824
Epoch 48825
Epoch 48826
Epoch 48827
Epoch 48828
Epoch 48829
Epoch 48830
Epoch 48831
Epoch 48832
Epoch 48833
Epoch 48834
Epoch 48835
Epoch 48836
Epoch 48837
Epoch 48838
Epoch 48839
Epoch 48840
Epoch 48841
Epoch 48842
Epoch 48843
Epoch 48844
Epoch 48845
Epoch 48846
Epoch 48847
Epoch 48848
Epoch 48849
Epoch 48850
Epoch 48851
Epoch 48852
Epoch 48853
Epoch 48854
Epoch 48855
Epoch 48856
Epoch 48857
Epoch 48858
Epoch 48859
Epoch 48860
Epoch 48861
Epoch 48862
Epoch 48863
Epoch 48864
Epoch 48865
Epoch 48866
Epoch 48867
Epoch 48868
Epoch 48869
Epoch 48870
Epoch 48871
Epoch 48872
Epoch 48873
Epoch 48874
Epoch 48875
Epoch 48876
Epoch 48877
Epoch 48878
Epoch 48879
Epoch 48880
Epoch 48881
Epoch 48882
Epoch 48883
Epoch 48884
Epoch 48885
Epoch 48886
Epoch 48887
Epoch 48888
Epoch 48889
Epoch 48890
Epoch 48891
Epoch 48892
Epoch 48893
Epoch 48894
Epoch 48895
Epoch 48896
Epoch 48897
Epoch 48898
Epoch 48899
Epoch 48900
Epoch 48901
Epoch 48902
Epoch 48903
Epoch 48904
Epoch 48905
Epoch 48906
Epoch 48907
Epoch 48908
Epoch 48909
Epoch 48910
Epoch 48911
Epoch 48912
Epoch 48913
Epoch 48914
Epoch 48915
Epoch 48916
Epoch 48917
Epoch 48918
Epoch 48919
Epoch 48920
Epoch 48921
Epoch 48922
Epoch 48923
Epoch 48924
Epoch 48925
Epoch 48926
Epoch 48927
Epoch 48928
Epoch 48929
Epoch 48930
Epoch 48931
Epoch 48932
Epoch 48933
Epoch 48934
Epoch 48935
Epoch 48936
Epoch 48937
Epoch 48938
Epoch 48939
Epoch 48940
Epoch 48941
Epoch 48942
Epoch 48943
Epoch 48944
Epoch 48945
Epoch 48946
Epoch 48947
Epoch 48948
Epoch 48949
Epoch 48950
Epoch 48951
Epoch 48952
Epoch 48953
Epoch 48954
Epoch 48955
Epoch 48956
Epoch 48957
Epoch 48958
Epoch 48959
Epoch 48960
Epoch 48961
Epoch 48962
Epoch 48963
Epoch 48964
Epoch 48965
Epoch 48966
Epoch 48967
Epoch 48968
Epoch 48969
Epoch 48970
Epoch 48971
Epoch 48972
Epoch 48973
Epoch 48974
Epoch 48975
Epoch 48976
Epoch 48977
Epoch 48978
Epoch 48979
Epoch 48980
Epoch 48981
Epoch 48982
Epoch 48983
Epoch 48984
Epoch 48985
Epoch 48986
Epoch 48987
Epoch 48988
Epoch 48989
Epoch 48990
Epoch 48991
Epoch 48992
Epoch 48993
Epoch 48994
Epoch 48995
Epoch 48996
Epoch 48997
Epoch 48998
Epoch 48999
Epoch 49000
Epoch 49001
Epoch 49002
Epoch 49003
Epoch 49004
Epoch 49005
Epoch 49006
Epoch 49007
Epoch 49008
Epoch 49009
Epoch 49010
Epoch 49011
Epoch 49012
Epoch 49013
Epoch 49014
Epoch 49015
Epoch 49016
Epoch 49017
Epoch 49018
Epoch 49019
Epoch 49020
Epoch 49021
Epoch 49022
Epoch 49023
Epoch 49024
Epoch 49025
Epoch 49026
Epoch 49027
Epoch 49028
Epoch 49029
Epoch 49030
Epoch 49031
Epoch 49032
Epoch 49033
Epoch 49034
Epoch 49035
Epoch 49036
Epoch 49037
Epoch 49038
Epoch 49039
Epoch 49040
Epoch 49041
Epoch 49042
Epoch 49043
Epoch 49044
Epoch 49045
Epoch 49046
Epoch 49047
Epoch 49048
Epoch 49049
Epoch 49050
Epoch 49051
Epoch 49052
Epoch 49053
Epoch 49054
Epoch 49055
Epoch 49056
Epoch 49057
Epoch 49058
Epoch 49059
Epoch 49060
Epoch 49061
Epoch 49062
Epoch 49063
Epoch 49064
Epoch 49065
Epoch 49066
Epoch 49067
Epoch 49068
Epoch 49069
Epoch 49070
Epoch 49071
Epoch 49072
Epoch 49073
Epoch 49074
Epoch 49075
Epoch 49076
Epoch 49077
Epoch 49078
Epoch 49079
Epoch 49080
Epoch 49081
Epoch 49082
Epoch 49083
Epoch 49084
Epoch 49085
Epoch 49086
Epoch 49087
Epoch 49088
Epoch 49089
Epoch 49090
Epoch 49091
Epoch 49092
Epoch 49093
Epoch 49094
Epoch 49095
Epoch 49096
Epoch 49097
Epoch 49098
Epoch 49099
Epoch 49100
Epoch 49101
Epoch 49102
Epoch 49103
Epoch 49104
Epoch 49105
Epoch 49106
Epoch 49107
Epoch 49108
Epoch 49109
Epoch 49110
Epoch 49111
Epoch 49112
Epoch 49113
Epoch 49114
Epoch 49115
Epoch 49116
Epoch 49117
Epoch 49118
Epoch 49119
Epoch 49120
Epoch 49121
Epoch 49122
Epoch 49123
Epoch 49124
Epoch 49125
Epoch 49126
Epoch 49127
Epoch 49128
Epoch 49129
Epoch 49130
Epoch 49131
Epoch 49132
Epoch 49133
Epoch 49134
Epoch 49135
Epoch 49136
Epoch 49137
Epoch 49138
Epoch 49139
Epoch 49140
Epoch 49141
Epoch 49142
Epoch 49143
Epoch 49144
Epoch 49145
Epoch 49146
Epoch 49147
Epoch 49148
Epoch 49149
Epoch 49150
Epoch 49151
Epoch 49152
Epoch 49153
Epoch 49154
Epoch 49155
Epoch 49156
Epoch 49157
Epoch 49158
Epoch 49159
Epoch 49160
Epoch 49161
Epoch 49162
Epoch 49163
Epoch 49164
Epoch 49165
Epoch 49166
Epoch 49167
Epoch 49168
Epoch 49169
Epoch 49170
Epoch 49171
Epoch 49172
Epoch 49173
Epoch 49174
Epoch 49175
Epoch 49176
Epoch 49177
Epoch 49178
Epoch 49179
Epoch 49180
Epoch 49181
Epoch 49182
Epoch 49183
Epoch 49184
Epoch 49185
Epoch 49186
Epoch 49187
Epoch 49188
Epoch 49189
Epoch 49190
Epoch 49191
Epoch 49192
Epoch 49193
Epoch 49194
Epoch 49195
Epoch 49196
Epoch 49197
Epoch 49198
Epoch 49199
Epoch 49200
Epoch 49201
Epoch 49202
Epoch 49203
Epoch 49204
Epoch 49205
Epoch 49206
Epoch 49207
Epoch 49208
Epoch 49209
Epoch 49210
Epoch 49211
Epoch 49212
Epoch 49213
Epoch 49214
Epoch 49215
Epoch 49216
Epoch 49217
Epoch 49218
Epoch 49219
Epoch 49220
Epoch 49221
Epoch 49222
Epoch 49223
Epoch 49224
Epoch 49225
Epoch 49226
Epoch 49227
Epoch 49228
Epoch 49229
Epoch 49230
Epoch 49231
Epoch 49232
Epoch 49233
Epoch 49234
Epoch 49235
Epoch 49236
Epoch 49237
Epoch 49238
Epoch 49239
Epoch 49240
Epoch 49241
Epoch 49242
Epoch 49243
Epoch 49244
Epoch 49245
Epoch 49246
Epoch 49247
Epoch 49248
Epoch 49249
Epoch 49250
Epoch 49251
Epoch 49252
Epoch 49253
Epoch 49254
Epoch 49255
Epoch 49256
Epoch 49257
Epoch 49258
Epoch 49259
Epoch 49260
Epoch 49261
Epoch 49262
Epoch 49263
Epoch 49264
Epoch 49265
Epoch 49266
Epoch 49267
Epoch 49268
Epoch 49269
Epoch 49270
Epoch 49271
Epoch 49272
Epoch 49273
Epoch 49274
Epoch 49275
Epoch 49276
Epoch 49277
Epoch 49278
Epoch 49279
Epoch 49280
Epoch 49281
Epoch 49282
Epoch 49283
Epoch 49284
Epoch 49285
Epoch 49286
Epoch 49287
Epoch 49288
Epoch 49289
Epoch 49290
Epoch 49291
Epoch 49292
Epoch 49293
Epoch 49294
Epoch 49295
Epoch 49296
Epoch 49297
Epoch 49298
Epoch 49299
Epoch 49300
Epoch 49301
Epoch 49302
Epoch 49303
Epoch 49304
Epoch 49305
Epoch 49306
Epoch 49307
Epoch 49308
Epoch 49309
Epoch 49310
Epoch 49311
Epoch 49312
Epoch 49313
Epoch 49314
Epoch 49315
Epoch 49316
Epoch 49317
Epoch 49318
Epoch 49319
Epoch 49320
Epoch 49321
Epoch 49322
Epoch 49323
Epoch 49324
Epoch 49325
Epoch 49326
Epoch 49327
Epoch 49328
Epoch 49329
Epoch 49330
Epoch 49331
Epoch 49332
Epoch 49333
Epoch 49334
Epoch 49335
Epoch 49336
Epoch 49337
Epoch 49338
Epoch 49339
Epoch 49340
Epoch 49341
Epoch 49342
Epoch 49343
Epoch 49344
Epoch 49345
Epoch 49346
Epoch 49347
Epoch 49348
Epoch 49349
Epoch 49350
Epoch 49351
Epoch 49352
Epoch 49353
Epoch 49354
Epoch 49355
Epoch 49356
Epoch 49357
Epoch 49358
Epoch 49359
Epoch 49360
Epoch 49361
Epoch 49362
Epoch 49363
Epoch 49364
Epoch 49365
Epoch 49366
Epoch 49367
Epoch 49368
Epoch 49369
Epoch 49370
Epoch 49371
Epoch 49372
Epoch 49373
Epoch 49374
Epoch 49375
Epoch 49376
Epoch 49377
Epoch 49378
Epoch 49379
Epoch 49380
Epoch 49381
Epoch 49382
Epoch 49383
Epoch 49384
Epoch 49385
Epoch 49386
Epoch 49387
Epoch 49388
Epoch 49389
Epoch 49390
Epoch 49391
Epoch 49392
Epoch 49393
Epoch 49394
Epoch 49395
Epoch 49396
Epoch 49397
Epoch 49398
Epoch 49399
Epoch 49400
Epoch 49401
Epoch 49402
Epoch 49403
Epoch 49404
Epoch 49405
Epoch 49406
Epoch 49407
Epoch 49408
Epoch 49409
Epoch 49410
Epoch 49411
Epoch 49412
Epoch 49413
Epoch 49414
Epoch 49415
Epoch 49416
Epoch 49417
Epoch 49418
Epoch 49419
Epoch 49420
Epoch 49421
Epoch 49422
Epoch 49423
Epoch 49424
Epoch 49425
Epoch 49426
Epoch 49427
Epoch 49428
Epoch 49429
Epoch 49430
Epoch 49431
Epoch 49432
Epoch 49433
Epoch 49434
Epoch 49435
Epoch 49436
Epoch 49437
Epoch 49438
Epoch 49439
Epoch 49440
Epoch 49441
Epoch 49442
Epoch 49443
Epoch 49444
Epoch 49445
Epoch 49446
Epoch 49447
Epoch 49448
Epoch 49449
Epoch 49450
Epoch 49451
Epoch 49452
Epoch 49453
Epoch 49454
Epoch 49455
Epoch 49456
Epoch 49457
Epoch 49458
Epoch 49459
Epoch 49460
Epoch 49461
Epoch 49462
Epoch 49463
Epoch 49464
Epoch 49465
Epoch 49466
Epoch 49467
Epoch 49468
Epoch 49469
Epoch 49470
Epoch 49471
Epoch 49472
Epoch 49473
Epoch 49474
Epoch 49475
Epoch 49476
Epoch 49477
Epoch 49478
Epoch 49479
Epoch 49480
Epoch 49481
Epoch 49482
Epoch 49483
Epoch 49484
Epoch 49485
Epoch 49486
Epoch 49487
Epoch 49488
Epoch 49489
Epoch 49490
Epoch 49491
Epoch 49492
Epoch 49493
Epoch 49494
Epoch 49495
Epoch 49496
Epoch 49497
Epoch 49498
Epoch 49499
Epoch 49500
Epoch 49501
Epoch 49502
Epoch 49503
Epoch 49504
Epoch 49505
Epoch 49506
Epoch 49507
Epoch 49508
Epoch 49509
Epoch 49510
Epoch 49511
Epoch 49512
Epoch 49513
Epoch 49514
Epoch 49515
Epoch 49516
Epoch 49517
Epoch 49518
Epoch 49519
Epoch 49520
Epoch 49521
Epoch 49522
Epoch 49523
Epoch 49524
Epoch 49525
Epoch 49526
Epoch 49527
Epoch 49528
Epoch 49529
Epoch 49530
Epoch 49531
Epoch 49532
Epoch 49533
Epoch 49534
Epoch 49535
Epoch 49536
Epoch 49537
Epoch 49538
Epoch 49539
Epoch 49540
Epoch 49541
Epoch 49542
Epoch 49543
Epoch 49544
Epoch 49545
Epoch 49546
Epoch 49547
Epoch 49548
Epoch 49549
Epoch 49550
Epoch 49551
Epoch 49552
Epoch 49553
Epoch 49554
Epoch 49555
Epoch 49556
Epoch 49557
Epoch 49558
Epoch 49559
Epoch 49560
Epoch 49561
Epoch 49562
Epoch 49563
Epoch 49564
Epoch 49565
Epoch 49566
Epoch 49567
Epoch 49568
Epoch 49569
Epoch 49570
Epoch 49571
Epoch 49572
Epoch 49573
Epoch 49574
Epoch 49575
Epoch 49576
Epoch 49577
Epoch 49578
Epoch 49579
Epoch 49580
Epoch 49581
Epoch 49582
Epoch 49583
Epoch 49584
Epoch 49585
Epoch 49586
Epoch 49587
Epoch 49588
Epoch 49589
Epoch 49590
Epoch 49591
Epoch 49592
Epoch 49593
Epoch 49594
Epoch 49595
Epoch 49596
Epoch 49597
Epoch 49598
Epoch 49599
Epoch 49600
Epoch 49601
Epoch 49602
Epoch 49603
Epoch 49604
Epoch 49605
Epoch 49606
Epoch 49607
Epoch 49608
Epoch 49609
Epoch 49610
Epoch 49611
Epoch 49612
Epoch 49613
Epoch 49614
Epoch 49615
Epoch 49616
Epoch 49617
Epoch 49618
Epoch 49619
Epoch 49620
Epoch 49621
Epoch 49622
Epoch 49623
Epoch 49624
Epoch 49625
Epoch 49626
Epoch 49627
Epoch 49628
Epoch 49629
Epoch 49630
Epoch 49631
Epoch 49632
Epoch 49633
Epoch 49634
Epoch 49635
Epoch 49636
Epoch 49637
Epoch 49638
Epoch 49639
Epoch 49640
Epoch 49641
Epoch 49642
Epoch 49643
Epoch 49644
Epoch 49645
Epoch 49646
Epoch 49647
Epoch 49648
Epoch 49649
Epoch 49650
Epoch 49651
Epoch 49652
Epoch 49653
Epoch 49654
Epoch 49655
Epoch 49656
Epoch 49657
Epoch 49658
Epoch 49659
Epoch 49660
Epoch 49661
Epoch 49662
Epoch 49663
Epoch 49664
Epoch 49665
Epoch 49666
Epoch 49667
Epoch 49668
Epoch 49669
Epoch 49670
Epoch 49671
Epoch 49672
Epoch 49673
Epoch 49674
Epoch 49675
Epoch 49676
Epoch 49677
Epoch 49678
Epoch 49679
Epoch 49680
Epoch 49681
Epoch 49682
Epoch 49683
Epoch 49684
Epoch 49685
Epoch 49686
Epoch 49687
Epoch 49688
Epoch 49689
Epoch 49690
Epoch 49691
Epoch 49692
Epoch 49693
Epoch 49694
Epoch 49695
Epoch 49696
Epoch 49697
Epoch 49698
Epoch 49699
Epoch 49700
Epoch 49701
Epoch 49702
Epoch 49703
Epoch 49704
Epoch 49705
Epoch 49706
Epoch 49707
Epoch 49708
Epoch 49709
Epoch 49710
Epoch 49711
Epoch 49712
Epoch 49713
Epoch 49714
Epoch 49715
Epoch 49716
Epoch 49717
Epoch 49718
Epoch 49719
Epoch 49720
Epoch 49721
Epoch 49722
Epoch 49723
Epoch 49724
Epoch 49725
Epoch 49726
Epoch 49727
Epoch 49728
Epoch 49729
Epoch 49730
Epoch 49731
Epoch 49732
Epoch 49733
Epoch 49734
Epoch 49735
Epoch 49736
Epoch 49737
Epoch 49738
Epoch 49739
Epoch 49740
Epoch 49741
Epoch 49742
Epoch 49743
Epoch 49744
Epoch 49745
Epoch 49746
Epoch 49747
Epoch 49748
Epoch 49749
Epoch 49750
Epoch 49751
Epoch 49752
Epoch 49753
Epoch 49754
Epoch 49755
Epoch 49756
Epoch 49757
Epoch 49758
Epoch 49759
Epoch 49760
Epoch 49761
Epoch 49762
Epoch 49763
Epoch 49764
Epoch 49765
Epoch 49766
Epoch 49767
Epoch 49768
Epoch 49769
Epoch 49770
Epoch 49771
Epoch 49772
Epoch 49773
Epoch 49774
Epoch 49775
Epoch 49776
Epoch 49777
Epoch 49778
Epoch 49779
Epoch 49780
Epoch 49781
Epoch 49782
Epoch 49783
Epoch 49784
Epoch 49785
Epoch 49786
Epoch 49787
Epoch 49788
Epoch 49789
Epoch 49790
Epoch 49791
Epoch 49792
Epoch 49793
Epoch 49794
Epoch 49795
Epoch 49796
Epoch 49797
Epoch 49798
Epoch 49799
Epoch 49800
Epoch 49801
Epoch 49802
Epoch 49803
Epoch 49804
Epoch 49805
Epoch 49806
Epoch 49807
Epoch 49808
Epoch 49809
Epoch 49810
Epoch 49811
Epoch 49812
Epoch 49813
Epoch 49814
Epoch 49815
Epoch 49816
Epoch 49817
Epoch 49818
Epoch 49819
Epoch 49820
Epoch 49821
Epoch 49822
Epoch 49823
Epoch 49824
Epoch 49825
Epoch 49826
Epoch 49827
Epoch 49828
Epoch 49829
Epoch 49830
Epoch 49831
Epoch 49832
Epoch 49833
Epoch 49834
Epoch 49835
Epoch 49836
Epoch 49837
Epoch 49838
Epoch 49839
Epoch 49840
Epoch 49841
Epoch 49842
Epoch 49843
Epoch 49844
Epoch 49845
Epoch 49846
Epoch 49847
Epoch 49848
Epoch 49849
Epoch 49850
Epoch 49851
Epoch 49852
Epoch 49853
Epoch 49854
Epoch 49855
Epoch 49856
Epoch 49857
Epoch 49858
Epoch 49859
Epoch 49860
Epoch 49861
Epoch 49862
Epoch 49863
Epoch 49864
Epoch 49865
Epoch 49866
Epoch 49867
Epoch 49868
Epoch 49869
Epoch 49870
Epoch 49871
Epoch 49872
Epoch 49873
Epoch 49874
Epoch 49875
Epoch 49876
Epoch 49877
Epoch 49878
Epoch 49879
Epoch 49880
Epoch 49881
Epoch 49882
Epoch 49883
Epoch 49884
Epoch 49885
Epoch 49886
Epoch 49887
Epoch 49888
Epoch 49889
Epoch 49890
Epoch 49891
Epoch 49892
Epoch 49893
Epoch 49894
Epoch 49895
Epoch 49896
Epoch 49897
Epoch 49898
Epoch 49899
Epoch 49900
Epoch 49901
Epoch 49902
Epoch 49903
Epoch 49904
Epoch 49905
Epoch 49906
Epoch 49907
Epoch 49908
Epoch 49909
Epoch 49910
Epoch 49911
Epoch 49912
Epoch 49913
Epoch 49914
Epoch 49915
Epoch 49916
Epoch 49917
Epoch 49918
Epoch 49919
Epoch 49920
Epoch 49921
Epoch 49922
Epoch 49923
Epoch 49924
Epoch 49925
Epoch 49926
Epoch 49927
Epoch 49928
Epoch 49929
Epoch 49930
Epoch 49931
Epoch 49932
Epoch 49933
Epoch 49934
Epoch 49935
Epoch 49936
Epoch 49937
Epoch 49938
Epoch 49939
Epoch 49940
Epoch 49941
Epoch 49942
Epoch 49943
Epoch 49944
Epoch 49945
Epoch 49946
Epoch 49947
Epoch 49948
Epoch 49949
Epoch 49950
Epoch 49951
Epoch 49952
Epoch 49953
Epoch 49954
Epoch 49955
Epoch 49956
Epoch 49957
Epoch 49958
Epoch 49959
Epoch 49960
Epoch 49961
Epoch 49962
Epoch 49963
Epoch 49964
Epoch 49965
Epoch 49966
Epoch 49967
Epoch 49968
Epoch 49969
Epoch 49970
Epoch 49971
Epoch 49972
Epoch 49973
Epoch 49974
Epoch 49975
Epoch 49976
Epoch 49977
Epoch 49978
Epoch 49979
Epoch 49980
Epoch 49981
Epoch 49982
Epoch 49983
Epoch 49984
Epoch 49985
Epoch 49986
Epoch 49987
Epoch 49988
Epoch 49989
Epoch 49990
Epoch 49991
Epoch 49992
Epoch 49993
Epoch 49994
Epoch 49995
Epoch 49996
Epoch 49997
Epoch 49998
Epoch 49999
Epoch 50000
Epoch 50001
Epoch 50002
Epoch 50003
Epoch 50004
Epoch 50005
Epoch 50006
Epoch 50007
Epoch 50008
Epoch 50009
Epoch 50010
Epoch 50011
Epoch 50012
Epoch 50013
Epoch 50014
Epoch 50015
Epoch 50016
Epoch 50017
Epoch 50018
Epoch 50019
Epoch 50020
Epoch 50021
Epoch 50022
Epoch 50023
Epoch 50024
Epoch 50025
Epoch 50026
Epoch 50027
Epoch 50028
Epoch 50029
Epoch 50030
Epoch 50031
Epoch 50032
Epoch 50033
Epoch 50034
Epoch 50035
Epoch 50036
Epoch 50037
Epoch 50038
Epoch 50039
Epoch 50040
Epoch 50041
Epoch 50042
Epoch 50043
Epoch 50044
Epoch 50045
Epoch 50046
Epoch 50047
Epoch 50048
Epoch 50049
Epoch 50050
Epoch 50051
Epoch 50052
Epoch 50053
Epoch 50054
Epoch 50055
Epoch 50056
Epoch 50057
Epoch 50058
Epoch 50059
Epoch 50060
Epoch 50061
Epoch 50062
Epoch 50063
Epoch 50064
Epoch 50065
Epoch 50066
Epoch 50067
Epoch 50068
Epoch 50069
Epoch 50070
Epoch 50071
Epoch 50072
Epoch 50073
Epoch 50074
Epoch 50075
Epoch 50076
Epoch 50077
Epoch 50078
Epoch 50079
Epoch 50080
Epoch 50081
Epoch 50082
Epoch 50083
Epoch 50084
Epoch 50085
Epoch 50086
Epoch 50087
Epoch 50088
Epoch 50089
Epoch 50090
Epoch 50091
Epoch 50092
Epoch 50093
Epoch 50094
Epoch 50095
Epoch 50096
Epoch 50097
Epoch 50098
Epoch 50099
Epoch 50100
Epoch 50101
Epoch 50102
Epoch 50103
Epoch 50104
Epoch 50105
Epoch 50106
Epoch 50107
Epoch 50108
Epoch 50109
Epoch 50110
Epoch 50111
Epoch 50112
Epoch 50113
Epoch 50114
Epoch 50115
Epoch 50116
Epoch 50117
Epoch 50118
Epoch 50119
Epoch 50120
Epoch 50121
Epoch 50122
Epoch 50123
Epoch 50124
Epoch 50125
Epoch 50126
Epoch 50127
Epoch 50128
Epoch 50129
Epoch 50130
Epoch 50131
Epoch 50132
Epoch 50133
Epoch 50134
Epoch 50135
Epoch 50136
Epoch 50137
Epoch 50138
Epoch 50139
Epoch 50140
Epoch 50141
Epoch 50142
Epoch 50143
Epoch 50144
Epoch 50145
Epoch 50146
Epoch 50147
Epoch 50148
Epoch 50149
Epoch 50150
Epoch 50151
Epoch 50152
Epoch 50153
Epoch 50154
Epoch 50155
Epoch 50156
Epoch 50157
Epoch 50158
Epoch 50159
Epoch 50160
Epoch 50161
Epoch 50162
Epoch 50163
Epoch 50164
Epoch 50165
Epoch 50166
Epoch 50167
Epoch 50168
Epoch 50169
Epoch 50170
Epoch 50171
Epoch 50172
Epoch 50173
Epoch 50174
Epoch 50175
Epoch 50176
Epoch 50177
Epoch 50178
Epoch 50179
Epoch 50180
Epoch 50181
Epoch 50182
Epoch 50183
Epoch 50184
Epoch 50185
Epoch 50186
Epoch 50187
Epoch 50188
Epoch 50189
Epoch 50190
Epoch 50191
Epoch 50192
Epoch 50193
Epoch 50194
Epoch 50195
Epoch 50196
Epoch 50197
Epoch 50198
Epoch 50199
Epoch 50200
Epoch 50201
Epoch 50202
Epoch 50203
Epoch 50204
Epoch 50205
Epoch 50206
Epoch 50207
Epoch 50208
Epoch 50209
Epoch 50210
Epoch 50211
Epoch 50212
Epoch 50213
Epoch 50214
Epoch 50215
Epoch 50216
Epoch 50217
Epoch 50218
Epoch 50219
Epoch 50220
Epoch 50221
Epoch 50222
Epoch 50223
Epoch 50224
Epoch 50225
Epoch 50226
Epoch 50227
Epoch 50228
Epoch 50229
Epoch 50230
Epoch 50231
Epoch 50232
Epoch 50233
Epoch 50234
Epoch 50235
Epoch 50236
Epoch 50237
Epoch 50238
Epoch 50239
Epoch 50240
Epoch 50241
Epoch 50242
Epoch 50243
Epoch 50244
Epoch 50245
Epoch 50246
Epoch 50247
Epoch 50248
Epoch 50249
Epoch 50250
Epoch 50251
Epoch 50252
Epoch 50253
Epoch 50254
Epoch 50255
Epoch 50256
Epoch 50257
Epoch 50258
Epoch 50259
Epoch 50260
Epoch 50261
Epoch 50262
Epoch 50263
Epoch 50264
Epoch 50265
Epoch 50266
Epoch 50267
Epoch 50268
Epoch 50269
Epoch 50270
Epoch 50271
Epoch 50272
Epoch 50273
Epoch 50274
Epoch 50275
Epoch 50276
Epoch 50277
Epoch 50278
Epoch 50279
Epoch 50280
Epoch 50281
Epoch 50282
Epoch 50283
Epoch 50284
Epoch 50285
Epoch 50286
Epoch 50287
Epoch 50288
Epoch 50289
Epoch 50290
Epoch 50291
Epoch 50292
Epoch 50293
Epoch 50294
Epoch 50295
Epoch 50296
Epoch 50297
Epoch 50298
Epoch 50299
Epoch 50300
Epoch 50301
Epoch 50302
Epoch 50303
Epoch 50304
Epoch 50305
Epoch 50306
Epoch 50307
Epoch 50308
Epoch 50309
Epoch 50310
Epoch 50311
Epoch 50312
Epoch 50313
Epoch 50314
Epoch 50315
Epoch 50316
Epoch 50317
Epoch 50318
Epoch 50319
Epoch 50320
Epoch 50321
Epoch 50322
Epoch 50323
Epoch 50324
Epoch 50325
Epoch 50326
Epoch 50327
Epoch 50328
Epoch 50329
Epoch 50330
Epoch 50331
Epoch 50332
Epoch 50333
Epoch 50334
Epoch 50335
Epoch 50336
Epoch 50337
Epoch 50338
Epoch 50339
Epoch 50340
Epoch 50341
Epoch 50342
Epoch 50343
Epoch 50344
Epoch 50345
Epoch 50346
Epoch 50347
Epoch 50348
Epoch 50349
Epoch 50350
Epoch 50351
Epoch 50352
Epoch 50353
Epoch 50354
Epoch 50355
Epoch 50356
Epoch 50357
Epoch 50358
Epoch 50359
Epoch 50360
Epoch 50361
Epoch 50362
Epoch 50363
Epoch 50364
Epoch 50365
Epoch 50366
Epoch 50367
Epoch 50368
Epoch 50369
Epoch 50370
Epoch 50371
Epoch 50372
Epoch 50373
Epoch 50374
Epoch 50375
Epoch 50376
Epoch 50377
Epoch 50378
Epoch 50379
Epoch 50380
Epoch 50381
Epoch 50382
Epoch 50383
Epoch 50384
Epoch 50385
Epoch 50386
Epoch 50387
Epoch 50388
Epoch 50389
Epoch 50390
Epoch 50391
Epoch 50392
Epoch 50393
Epoch 50394
Epoch 50395
Epoch 50396
Epoch 50397
Epoch 50398
Epoch 50399
Epoch 50400
Epoch 50401
Epoch 50402
Epoch 50403
Epoch 50404
Epoch 50405
Epoch 50406
Epoch 50407
Epoch 50408
Epoch 50409
Epoch 50410
Epoch 50411
Epoch 50412
Epoch 50413
Epoch 50414
Epoch 50415
Epoch 50416
Epoch 50417
Epoch 50418
Epoch 50419
Epoch 50420
Epoch 50421
Epoch 50422
Epoch 50423
Epoch 50424
Epoch 50425
Epoch 50426
Epoch 50427
Epoch 50428
Epoch 50429
Epoch 50430
Epoch 50431
Epoch 50432
Epoch 50433
Epoch 50434
Epoch 50435
Epoch 50436
Epoch 50437
Epoch 50438
Epoch 50439
Epoch 50440
Epoch 50441
Epoch 50442
Epoch 50443
Epoch 50444
Epoch 50445
Epoch 50446
Epoch 50447
Epoch 50448
Epoch 50449
Epoch 50450
Epoch 50451
Epoch 50452
Epoch 50453
Epoch 50454
Epoch 50455
Epoch 50456
Epoch 50457
Epoch 50458
Epoch 50459
Epoch 50460
Epoch 50461
Epoch 50462
Epoch 50463
Epoch 50464
Epoch 50465
Epoch 50466
Epoch 50467
Epoch 50468
Epoch 50469
Epoch 50470
Epoch 50471
Epoch 50472
Epoch 50473
Epoch 50474
Epoch 50475
Epoch 50476
Epoch 50477
Epoch 50478
Epoch 50479
Epoch 50480
Epoch 50481
Epoch 50482
Epoch 50483
Epoch 50484
Epoch 50485
Epoch 50486
Epoch 50487
Epoch 50488
Epoch 50489
Epoch 50490
Epoch 50491
Epoch 50492
Epoch 50493
Epoch 50494
Epoch 50495
Epoch 50496
Epoch 50497
Epoch 50498
Epoch 50499
Epoch 50500
Epoch 50501
Epoch 50502
Epoch 50503
Epoch 50504
Epoch 50505
Epoch 50506
Epoch 50507
Epoch 50508
Epoch 50509
Epoch 50510
Epoch 50511
Epoch 50512
Epoch 50513
Epoch 50514
Epoch 50515
Epoch 50516
Epoch 50517
Epoch 50518
Epoch 50519
Epoch 50520
Epoch 50521
Epoch 50522
Epoch 50523
Epoch 50524
Epoch 50525
Epoch 50526
Epoch 50527
Epoch 50528
Epoch 50529
Epoch 50530
Epoch 50531
Epoch 50532
Epoch 50533
Epoch 50534
Epoch 50535
Epoch 50536
Epoch 50537
Epoch 50538
Epoch 50539
Epoch 50540
Epoch 50541
Epoch 50542
Epoch 50543
Epoch 50544
Epoch 50545
Epoch 50546
Epoch 50547
Epoch 50548
Epoch 50549
Epoch 50550
Epoch 50551
Epoch 50552
Epoch 50553
Epoch 50554
Epoch 50555
Epoch 50556
Epoch 50557
Epoch 50558
Epoch 50559
Epoch 50560
Epoch 50561
Epoch 50562
Epoch 50563
Epoch 50564
Epoch 50565
Epoch 50566
Epoch 50567
Epoch 50568
Epoch 50569
Epoch 50570
Epoch 50571
Epoch 50572
Epoch 50573
Epoch 50574
Epoch 50575
Epoch 50576
Epoch 50577
Epoch 50578
Epoch 50579
Epoch 50580
Epoch 50581
Epoch 50582
Epoch 50583
Epoch 50584
Epoch 50585
Epoch 50586
Epoch 50587
Epoch 50588
Epoch 50589
Epoch 50590
Epoch 50591
Epoch 50592
Epoch 50593
Epoch 50594
Epoch 50595
Epoch 50596
Epoch 50597
Epoch 50598
Epoch 50599
Epoch 50600
Epoch 50601
Epoch 50602
Epoch 50603
Epoch 50604
Epoch 50605
Epoch 50606
Epoch 50607
Epoch 50608
Epoch 50609
Epoch 50610
Epoch 50611
Epoch 50612
Epoch 50613
Epoch 50614
Epoch 50615
Epoch 50616
Epoch 50617
Epoch 50618
Epoch 50619
Epoch 50620
Epoch 50621
Epoch 50622
Epoch 50623
Epoch 50624
Epoch 50625
Epoch 50626
Epoch 50627
Epoch 50628
Epoch 50629
Epoch 50630
Epoch 50631
Epoch 50632
Epoch 50633
Epoch 50634
Epoch 50635
Epoch 50636
Epoch 50637
Epoch 50638
Epoch 50639
Epoch 50640
Epoch 50641
Epoch 50642
Epoch 50643
Epoch 50644
Epoch 50645
Epoch 50646
Epoch 50647
Epoch 50648
Epoch 50649
Epoch 50650
Epoch 50651
Epoch 50652
Epoch 50653
Epoch 50654
Epoch 50655
Epoch 50656
Epoch 50657
Epoch 50658
Epoch 50659
Epoch 50660
Epoch 50661
Epoch 50662
Epoch 50663
Epoch 50664
Epoch 50665
Epoch 50666
Epoch 50667
Epoch 50668
Epoch 50669
Epoch 50670
Epoch 50671
Epoch 50672
Epoch 50673
Epoch 50674
Epoch 50675
Epoch 50676
Epoch 50677
Epoch 50678
Epoch 50679
Epoch 50680
Epoch 50681
Epoch 50682
Epoch 50683
Epoch 50684
Epoch 50685
Epoch 50686
Epoch 50687
Epoch 50688
Epoch 50689
Epoch 50690
Epoch 50691
Epoch 50692
Epoch 50693
Epoch 50694
Epoch 50695
Epoch 50696
Epoch 50697
Epoch 50698
Epoch 50699
Epoch 50700
Epoch 50701
Epoch 50702
Epoch 50703
Epoch 50704
Epoch 50705
Epoch 50706
Epoch 50707
Epoch 50708
Epoch 50709
Epoch 50710
Epoch 50711
Epoch 50712
Epoch 50713
Epoch 50714
Epoch 50715
Epoch 50716
Epoch 50717
Epoch 50718
Epoch 50719
Epoch 50720
Epoch 50721
Epoch 50722
Epoch 50723
Epoch 50724
Epoch 50725
Epoch 50726
Epoch 50727
Epoch 50728
Epoch 50729
Epoch 50730
Epoch 50731
Epoch 50732
Epoch 50733
Epoch 50734
Epoch 50735
Epoch 50736
Epoch 50737
Epoch 50738
Epoch 50739
Epoch 50740
Epoch 50741
Epoch 50742
Epoch 50743
Epoch 50744
Epoch 50745
Epoch 50746
Epoch 50747
Epoch 50748
Epoch 50749
Epoch 50750
Epoch 50751
Epoch 50752
Epoch 50753
Epoch 50754
Epoch 50755
Epoch 50756
Epoch 50757
Epoch 50758
Epoch 50759
Epoch 50760
Epoch 50761
Epoch 50762
Epoch 50763
Epoch 50764
Epoch 50765
Epoch 50766
Epoch 50767
Epoch 50768
Epoch 50769
Epoch 50770
Epoch 50771
Epoch 50772
Epoch 50773
Epoch 50774
Epoch 50775
Epoch 50776
Epoch 50777
Epoch 50778
Epoch 50779
Epoch 50780
Epoch 50781
Epoch 50782
Epoch 50783
Epoch 50784
Epoch 50785
Epoch 50786
Epoch 50787
Epoch 50788
Epoch 50789
Epoch 50790
Epoch 50791
Epoch 50792
Epoch 50793
Epoch 50794
Epoch 50795
Epoch 50796
Epoch 50797
Epoch 50798
Epoch 50799
Epoch 50800
Epoch 50801
Epoch 50802
Epoch 50803
Epoch 50804
Epoch 50805
Epoch 50806
Epoch 50807
Epoch 50808
Epoch 50809
Epoch 50810
Epoch 50811
Epoch 50812
Epoch 50813
Epoch 50814
Epoch 50815
Epoch 50816
Epoch 50817
Epoch 50818
Epoch 50819
Epoch 50820
Epoch 50821
Epoch 50822
Epoch 50823
Epoch 50824
Epoch 50825
Epoch 50826
Epoch 50827
Epoch 50828
Epoch 50829
Epoch 50830
Epoch 50831
Epoch 50832
Epoch 50833
Epoch 50834
Epoch 50835
Epoch 50836
Epoch 50837
Epoch 50838
Epoch 50839
Epoch 50840
Epoch 50841
Epoch 50842
Epoch 50843
Epoch 50844
Epoch 50845
Epoch 50846
Epoch 50847
Epoch 50848
Epoch 50849
Epoch 50850
Epoch 50851
Epoch 50852
Epoch 50853
Epoch 50854
Epoch 50855
Epoch 50856
Epoch 50857
Epoch 50858
Epoch 50859
Epoch 50860
Epoch 50861
Epoch 50862
Epoch 50863
Epoch 50864
Epoch 50865
Epoch 50866
Epoch 50867
Epoch 50868
Epoch 50869
Epoch 50870
Epoch 50871
Epoch 50872
Epoch 50873
Epoch 50874
Epoch 50875
Epoch 50876
Epoch 50877
Epoch 50878
Epoch 50879
Epoch 50880
Epoch 50881
Epoch 50882
Epoch 50883
Epoch 50884
Epoch 50885
Epoch 50886
Epoch 50887
Epoch 50888
Epoch 50889
Epoch 50890
Epoch 50891
Epoch 50892
Epoch 50893
Epoch 50894
Epoch 50895
Epoch 50896
Epoch 50897
Epoch 50898
Epoch 50899
Epoch 50900
Epoch 50901
Epoch 50902
Epoch 50903
Epoch 50904
Epoch 50905
Epoch 50906
Epoch 50907
Epoch 50908
Epoch 50909
Epoch 50910
Epoch 50911
Epoch 50912
Epoch 50913
Epoch 50914
Epoch 50915
Epoch 50916
Epoch 50917
Epoch 50918
Epoch 50919
Epoch 50920
Epoch 50921
Epoch 50922
Epoch 50923
Epoch 50924
Epoch 50925
Epoch 50926
Epoch 50927
Epoch 50928
Epoch 50929
Epoch 50930
Epoch 50931
Epoch 50932
Epoch 50933
Epoch 50934
Epoch 50935
Epoch 50936
Epoch 50937
Epoch 50938
Epoch 50939
Epoch 50940
Epoch 50941
Epoch 50942
Epoch 50943
Epoch 50944
Epoch 50945
Epoch 50946
Epoch 50947
Epoch 50948
Epoch 50949
Epoch 50950
Epoch 50951
Epoch 50952
Epoch 50953
Epoch 50954
Epoch 50955
Epoch 50956
Epoch 50957
Epoch 50958
Epoch 50959
Epoch 50960
Epoch 50961
Epoch 50962
Epoch 50963
Epoch 50964
Epoch 50965
Epoch 50966
Epoch 50967
Epoch 50968
Epoch 50969
Epoch 50970
Epoch 50971
Epoch 50972
Epoch 50973
Epoch 50974
Epoch 50975
Epoch 50976
Epoch 50977
Epoch 50978
Epoch 50979
Epoch 50980
Epoch 50981
Epoch 50982
Epoch 50983
Epoch 50984
Epoch 50985
Epoch 50986
Epoch 50987
Epoch 50988
Epoch 50989
Epoch 50990
Epoch 50991
Epoch 50992
Epoch 50993
Epoch 50994
Epoch 50995
Epoch 50996
Epoch 50997
Epoch 50998
Epoch 50999
Epoch 51000
Epoch 51001
Epoch 51002
Epoch 51003
Epoch 51004
Epoch 51005
Epoch 51006
Epoch 51007
Epoch 51008
Epoch 51009
Epoch 51010
Epoch 51011
Epoch 51012
Epoch 51013
Epoch 51014
Epoch 51015
Epoch 51016
Epoch 51017
Epoch 51018
Epoch 51019
Epoch 51020
Epoch 51021
Epoch 51022
Epoch 51023
Epoch 51024
Epoch 51025
Epoch 51026
Epoch 51027
Epoch 51028
Epoch 51029
Epoch 51030
Epoch 51031
Epoch 51032
Epoch 51033
Epoch 51034
Epoch 51035
Epoch 51036
Epoch 51037
Epoch 51038
Epoch 51039
Epoch 51040
Epoch 51041
Epoch 51042
Epoch 51043
Epoch 51044
Epoch 51045
Epoch 51046
Epoch 51047
Epoch 51048
Epoch 51049
Epoch 51050
Epoch 51051
Epoch 51052
Epoch 51053
Epoch 51054
Epoch 51055
Epoch 51056
Epoch 51057
Epoch 51058
Epoch 51059
Epoch 51060
Epoch 51061
Epoch 51062
Epoch 51063
Epoch 51064
Epoch 51065
Epoch 51066
Epoch 51067
Epoch 51068
Epoch 51069
Epoch 51070
Epoch 51071
Epoch 51072
Epoch 51073
Epoch 51074
Epoch 51075
Epoch 51076
Epoch 51077
Epoch 51078
Epoch 51079
Epoch 51080
Epoch 51081
Epoch 51082
Epoch 51083
Epoch 51084
Epoch 51085
Epoch 51086
Epoch 51087
Epoch 51088
Epoch 51089
Epoch 51090
Epoch 51091
Epoch 51092
Epoch 51093
Epoch 51094
Epoch 51095
Epoch 51096
Epoch 51097
Epoch 51098
Epoch 51099
Epoch 51100
Epoch 51101
Epoch 51102
Epoch 51103
Epoch 51104
Epoch 51105
Epoch 51106
Epoch 51107
Epoch 51108
Epoch 51109
Epoch 51110
Epoch 51111
Epoch 51112
Epoch 51113
Epoch 51114
Epoch 51115
Epoch 51116
Epoch 51117
Epoch 51118
Epoch 51119
Epoch 51120
Epoch 51121
Epoch 51122
Epoch 51123
Epoch 51124
Epoch 51125
Epoch 51126
Epoch 51127
Epoch 51128
Epoch 51129
Epoch 51130
Epoch 51131
Epoch 51132
Epoch 51133
Epoch 51134
Epoch 51135
Epoch 51136
Epoch 51137
Epoch 51138
Epoch 51139
Epoch 51140
Epoch 51141
Epoch 51142
Epoch 51143
Epoch 51144
Epoch 51145
Epoch 51146
Epoch 51147
Epoch 51148
Epoch 51149
Epoch 51150
Epoch 51151
Epoch 51152
Epoch 51153
Epoch 51154
Epoch 51155
Epoch 51156
Epoch 51157
Epoch 51158
Epoch 51159
Epoch 51160
Epoch 51161
Epoch 51162
Epoch 51163
Epoch 51164
Epoch 51165
Epoch 51166
Epoch 51167
Epoch 51168
Epoch 51169
Epoch 51170
Epoch 51171
Epoch 51172
Epoch 51173
Epoch 51174
Epoch 51175
Epoch 51176
Epoch 51177
Epoch 51178
Epoch 51179
Epoch 51180
Epoch 51181
Epoch 51182
Epoch 51183
Epoch 51184
Epoch 51185
Epoch 51186
Epoch 51187
Epoch 51188
Epoch 51189
Epoch 51190
Epoch 51191
Epoch 51192
Epoch 51193
Epoch 51194
Epoch 51195
Epoch 51196
Epoch 51197
Epoch 51198
Epoch 51199
Epoch 51200
Epoch 51201
Epoch 51202
Epoch 51203
Epoch 51204
Epoch 51205
Epoch 51206
Epoch 51207
Epoch 51208
Epoch 51209
Epoch 51210
Epoch 51211
Epoch 51212
Epoch 51213
Epoch 51214
Epoch 51215
Epoch 51216
Epoch 51217
Epoch 51218
Epoch 51219
Epoch 51220
Epoch 51221
Epoch 51222
Epoch 51223
Epoch 51224
Epoch 51225
Epoch 51226
Epoch 51227
Epoch 51228
Epoch 51229
Epoch 51230
Epoch 51231
Epoch 51232
Epoch 51233
Epoch 51234
Epoch 51235
Epoch 51236
Epoch 51237
Epoch 51238
Epoch 51239
Epoch 51240
Epoch 51241
Epoch 51242
Epoch 51243
Epoch 51244
Epoch 51245
Epoch 51246
Epoch 51247
Epoch 51248
Epoch 51249
Epoch 51250
Epoch 51251
Epoch 51252
Epoch 51253
Epoch 51254
Epoch 51255
Epoch 51256
Epoch 51257
Epoch 51258
Epoch 51259
Epoch 51260
Epoch 51261
Epoch 51262
Epoch 51263
Epoch 51264
Epoch 51265
Epoch 51266
Epoch 51267
Epoch 51268
Epoch 51269
Epoch 51270
Epoch 51271
Epoch 51272
Epoch 51273
Epoch 51274
Epoch 51275
Epoch 51276
Epoch 51277
Epoch 51278
Epoch 51279
Epoch 51280
Epoch 51281
Epoch 51282
Epoch 51283
Epoch 51284
Epoch 51285
Epoch 51286
Epoch 51287
Epoch 51288
Epoch 51289
Epoch 51290
Epoch 51291
Epoch 51292
Epoch 51293
Epoch 51294
Epoch 51295
Epoch 51296
Epoch 51297
Epoch 51298
Epoch 51299
Epoch 51300
Epoch 51301
Epoch 51302
Epoch 51303
Epoch 51304
Epoch 51305
Epoch 51306
Epoch 51307
Epoch 51308
Epoch 51309
Epoch 51310
Epoch 51311
Epoch 51312
Epoch 51313
Epoch 51314
Epoch 51315
Epoch 51316
Epoch 51317
Epoch 51318
Epoch 51319
Epoch 51320
Epoch 51321
Epoch 51322
Epoch 51323
Epoch 51324
Epoch 51325
Epoch 51326
Epoch 51327
Epoch 51328
Epoch 51329
Epoch 51330
Epoch 51331
Epoch 51332
Epoch 51333
Epoch 51334
Epoch 51335
Epoch 51336
Epoch 51337
Epoch 51338
Epoch 51339
Epoch 51340
Epoch 51341
Epoch 51342
Epoch 51343
Epoch 51344
Epoch 51345
Epoch 51346
Epoch 51347
Epoch 51348
Epoch 51349
Epoch 51350
Epoch 51351
Epoch 51352
Epoch 51353
Epoch 51354
Epoch 51355
Epoch 51356
Epoch 51357
Epoch 51358
Epoch 51359
Epoch 51360
Epoch 51361
Epoch 51362
Epoch 51363
Epoch 51364
Epoch 51365
Epoch 51366
Epoch 51367
Epoch 51368
Epoch 51369
Epoch 51370
Epoch 51371
Epoch 51372
Epoch 51373
Epoch 51374
Epoch 51375
Epoch 51376
Epoch 51377
Epoch 51378
Epoch 51379
Epoch 51380
Epoch 51381
Epoch 51382
Epoch 51383
Epoch 51384
Epoch 51385
Epoch 51386
Epoch 51387
Epoch 51388
Epoch 51389
Epoch 51390
Epoch 51391
Epoch 51392
Epoch 51393
Epoch 51394
Epoch 51395
Epoch 51396
Epoch 51397
Epoch 51398
Epoch 51399
Epoch 51400
Epoch 51401
Epoch 51402
Epoch 51403
Epoch 51404
Epoch 51405
Epoch 51406
Epoch 51407
Epoch 51408
Epoch 51409
Epoch 51410
Epoch 51411
Epoch 51412
Epoch 51413
Epoch 51414
Epoch 51415
Epoch 51416
Epoch 51417
Epoch 51418
Epoch 51419
Epoch 51420
Epoch 51421
Epoch 51422
Epoch 51423
Epoch 51424
Epoch 51425
Epoch 51426
Epoch 51427
Epoch 51428
Epoch 51429
Epoch 51430
Epoch 51431
Epoch 51432
Epoch 51433
Epoch 51434
Epoch 51435
Epoch 51436
Epoch 51437
Epoch 51438
Epoch 51439
Epoch 51440
Epoch 51441
Epoch 51442
Epoch 51443
Epoch 51444
Epoch 51445
Epoch 51446
Epoch 51447
Epoch 51448
Epoch 51449
Epoch 51450
Epoch 51451
Epoch 51452
Epoch 51453
Epoch 51454
Epoch 51455
Epoch 51456
Epoch 51457
Epoch 51458
Epoch 51459
Epoch 51460
Epoch 51461
Epoch 51462
Epoch 51463
Epoch 51464
Epoch 51465
Epoch 51466
Epoch 51467
Epoch 51468
Epoch 51469
Epoch 51470
Epoch 51471
Epoch 51472
Epoch 51473
Epoch 51474
Epoch 51475
Epoch 51476
Epoch 51477
Epoch 51478
Epoch 51479
Epoch 51480
Epoch 51481
Epoch 51482
Epoch 51483
Epoch 51484
Epoch 51485
Epoch 51486
Epoch 51487
Epoch 51488
Epoch 51489
Epoch 51490
Epoch 51491
Epoch 51492
Epoch 51493
Epoch 51494
Epoch 51495
Epoch 51496
Epoch 51497
Epoch 51498
Epoch 51499
Epoch 51500
Epoch 51501
Epoch 51502
Epoch 51503
Epoch 51504
Epoch 51505
Epoch 51506
Epoch 51507
Epoch 51508
Epoch 51509
Epoch 51510
Epoch 51511
Epoch 51512
Epoch 51513
Epoch 51514
Epoch 51515
Epoch 51516
Epoch 51517
Epoch 51518
Epoch 51519
Epoch 51520
Epoch 51521
Epoch 51522
Epoch 51523
Epoch 51524
Epoch 51525
Epoch 51526
Epoch 51527
Epoch 51528
Epoch 51529
Epoch 51530
Epoch 51531
Epoch 51532
Epoch 51533
Epoch 51534
Epoch 51535
Epoch 51536
Epoch 51537
Epoch 51538
Epoch 51539
Epoch 51540
Epoch 51541
Epoch 51542
Epoch 51543
Epoch 51544
Epoch 51545
Epoch 51546
Epoch 51547
Epoch 51548
Epoch 51549
Epoch 51550
Epoch 51551
Epoch 51552
Epoch 51553
Epoch 51554
Epoch 51555
Epoch 51556
Epoch 51557
Epoch 51558
Epoch 51559
Epoch 51560
Epoch 51561
Epoch 51562
Epoch 51563
Epoch 51564
Epoch 51565
Epoch 51566
Epoch 51567
Epoch 51568
Epoch 51569
Epoch 51570
Epoch 51571
Epoch 51572
Epoch 51573
Epoch 51574
Epoch 51575
Epoch 51576
Epoch 51577
Epoch 51578
Epoch 51579
Epoch 51580
Epoch 51581
Epoch 51582
Epoch 51583
Epoch 51584
Epoch 51585
Epoch 51586
Epoch 51587
Epoch 51588
Epoch 51589
Epoch 51590
Epoch 51591
Epoch 51592
Epoch 51593
Epoch 51594
Epoch 51595
Epoch 51596
Epoch 51597
Epoch 51598
Epoch 51599
Epoch 51600
Epoch 51601
Epoch 51602
Epoch 51603
Epoch 51604
Epoch 51605
Epoch 51606
Epoch 51607
Epoch 51608
Epoch 51609
Epoch 51610
Epoch 51611
Epoch 51612
Epoch 51613
Epoch 51614
Epoch 51615
Epoch 51616
Epoch 51617
Epoch 51618
Epoch 51619
Epoch 51620
Epoch 51621
Epoch 51622
Epoch 51623
Epoch 51624
Epoch 51625
Epoch 51626
Epoch 51627
Epoch 51628
Epoch 51629
Epoch 51630
Epoch 51631
Epoch 51632
Epoch 51633
Epoch 51634
Epoch 51635
Epoch 51636
Epoch 51637
Epoch 51638
Epoch 51639
Epoch 51640
Epoch 51641
Epoch 51642
Epoch 51643
Epoch 51644
Epoch 51645
Epoch 51646
Epoch 51647
Epoch 51648
Epoch 51649
Epoch 51650
Epoch 51651
Epoch 51652
Epoch 51653
Epoch 51654
Epoch 51655
Epoch 51656
Epoch 51657
Epoch 51658
Epoch 51659
Epoch 51660
Epoch 51661
Epoch 51662
Epoch 51663
Epoch 51664
Epoch 51665
Epoch 51666
Epoch 51667
Epoch 51668
Epoch 51669
Epoch 51670
Epoch 51671
Epoch 51672
Epoch 51673
Epoch 51674
Epoch 51675
Epoch 51676
Epoch 51677
Epoch 51678
Epoch 51679
Epoch 51680
Epoch 51681
Epoch 51682
Epoch 51683
Epoch 51684
Epoch 51685
Epoch 51686
Epoch 51687
Epoch 51688
Epoch 51689
Epoch 51690
Epoch 51691
Epoch 51692
Epoch 51693
Epoch 51694
Epoch 51695
Epoch 51696
Epoch 51697
Epoch 51698
Epoch 51699
Epoch 51700
Epoch 51701
Epoch 51702
Epoch 51703
Epoch 51704
Epoch 51705
Epoch 51706
Epoch 51707
Epoch 51708
Epoch 51709
Epoch 51710
Epoch 51711
Epoch 51712
Epoch 51713
Epoch 51714
Epoch 51715
Epoch 51716
Epoch 51717
Epoch 51718
Epoch 51719
Epoch 51720
Epoch 51721
Epoch 51722
Epoch 51723
Epoch 51724
Epoch 51725
Epoch 51726
Epoch 51727
Epoch 51728
Epoch 51729
Epoch 51730
Epoch 51731
Epoch 51732
Epoch 51733
Epoch 51734
Epoch 51735
Epoch 51736
Epoch 51737
Epoch 51738
Epoch 51739
Epoch 51740
Epoch 51741
Epoch 51742
Epoch 51743
Epoch 51744
Epoch 51745
Epoch 51746
Epoch 51747
Epoch 51748
Epoch 51749
Epoch 51750
Epoch 51751
Epoch 51752
Epoch 51753
Epoch 51754
Epoch 51755
Epoch 51756
Epoch 51757
Epoch 51758
Epoch 51759
Epoch 51760
Epoch 51761
Epoch 51762
Epoch 51763
Epoch 51764
Epoch 51765
Epoch 51766
Epoch 51767
Epoch 51768
Epoch 51769
Epoch 51770
Epoch 51771
Epoch 51772
Epoch 51773
Epoch 51774
Epoch 51775
Epoch 51776
Epoch 51777
Epoch 51778
Epoch 51779
Epoch 51780
Epoch 51781
Epoch 51782
Epoch 51783
Epoch 51784
Epoch 51785
Epoch 51786
Epoch 51787
Epoch 51788
Epoch 51789
Epoch 51790
Epoch 51791
Epoch 51792
Epoch 51793
Epoch 51794
Epoch 51795
Epoch 51796
Epoch 51797
Epoch 51798
Epoch 51799
Epoch 51800
Epoch 51801
Epoch 51802
Epoch 51803
Epoch 51804
Epoch 51805
Epoch 51806
Epoch 51807
Epoch 51808
Epoch 51809
Epoch 51810
Epoch 51811
Epoch 51812
Epoch 51813
Epoch 51814
Epoch 51815
Epoch 51816
Epoch 51817
Epoch 51818
Epoch 51819
Epoch 51820
Epoch 51821
Epoch 51822
Epoch 51823
Epoch 51824
Epoch 51825
Epoch 51826
Epoch 51827
Epoch 51828
Epoch 51829
Epoch 51830
Epoch 51831
Epoch 51832
Epoch 51833
Epoch 51834
Epoch 51835
Epoch 51836
Epoch 51837
Epoch 51838
Epoch 51839
Epoch 51840
Epoch 51841
Epoch 51842
Epoch 51843
Epoch 51844
Epoch 51845
Epoch 51846
Epoch 51847
Epoch 51848
Epoch 51849
Epoch 51850
Epoch 51851
Epoch 51852
Epoch 51853
Epoch 51854
Epoch 51855
Epoch 51856
Epoch 51857
Epoch 51858
Epoch 51859
Epoch 51860
Epoch 51861
Epoch 51862
Epoch 51863
Epoch 51864
Epoch 51865
Epoch 51866
Epoch 51867
Epoch 51868
Epoch 51869
Epoch 51870
Epoch 51871
Epoch 51872
Epoch 51873
Epoch 51874
Epoch 51875
Epoch 51876
Epoch 51877
Epoch 51878
Epoch 51879
Epoch 51880
Epoch 51881
Epoch 51882
Epoch 51883
Epoch 51884
Epoch 51885
Epoch 51886
Epoch 51887
Epoch 51888
Epoch 51889
Epoch 51890
Epoch 51891
Epoch 51892
Epoch 51893
Epoch 51894
Epoch 51895
Epoch 51896
Epoch 51897
Epoch 51898
Epoch 51899
Epoch 51900
Epoch 51901
Epoch 51902
Epoch 51903
Epoch 51904
Epoch 51905
Epoch 51906
Epoch 51907
Epoch 51908
Epoch 51909
Epoch 51910
Epoch 51911
Epoch 51912
Epoch 51913
Epoch 51914
Epoch 51915
Epoch 51916
Epoch 51917
Epoch 51918
Epoch 51919
Epoch 51920
Epoch 51921
Epoch 51922
Epoch 51923
Epoch 51924
Epoch 51925
Epoch 51926
Epoch 51927
Epoch 51928
Epoch 51929
Epoch 51930
Epoch 51931
Epoch 51932
Epoch 51933
Epoch 51934
Epoch 51935
Epoch 51936
Epoch 51937
Epoch 51938
Epoch 51939
Epoch 51940
Epoch 51941
Epoch 51942
Epoch 51943
Epoch 51944
Epoch 51945
Epoch 51946
Epoch 51947
Epoch 51948
Epoch 51949
Epoch 51950
Epoch 51951
Epoch 51952
Epoch 51953
Epoch 51954
Epoch 51955
Epoch 51956
Epoch 51957
Epoch 51958
Epoch 51959
Epoch 51960
Epoch 51961
Epoch 51962
Epoch 51963
Epoch 51964
Epoch 51965
Epoch 51966
Epoch 51967
Epoch 51968
Epoch 51969
Epoch 51970
Epoch 51971
Epoch 51972
Epoch 51973
Epoch 51974
Epoch 51975
Epoch 51976
Epoch 51977
Epoch 51978
Epoch 51979
Epoch 51980
Epoch 51981
Epoch 51982
Epoch 51983
Epoch 51984
Epoch 51985
Epoch 51986
Epoch 51987
Epoch 51988
Epoch 51989
Epoch 51990
Epoch 51991
Epoch 51992
Epoch 51993
Epoch 51994
Epoch 51995
Epoch 51996
Epoch 51997
Epoch 51998
Epoch 51999
Epoch 52000
Epoch 52001
Epoch 52002
Epoch 52003
Epoch 52004
Epoch 52005
Epoch 52006
Epoch 52007
Epoch 52008
Epoch 52009
Epoch 52010
Epoch 52011
Epoch 52012
Epoch 52013
Epoch 52014
Epoch 52015
Epoch 52016
Epoch 52017
Epoch 52018
Epoch 52019
Epoch 52020
Epoch 52021
Epoch 52022
Epoch 52023
Epoch 52024
Epoch 52025
Epoch 52026
Epoch 52027
Epoch 52028
Epoch 52029
Epoch 52030
Epoch 52031
Epoch 52032
Epoch 52033
Epoch 52034
Epoch 52035
Epoch 52036
Epoch 52037
Epoch 52038
Epoch 52039
Epoch 52040
Epoch 52041
Epoch 52042
Epoch 52043
Epoch 52044
Epoch 52045
Epoch 52046
Epoch 52047
Epoch 52048
Epoch 52049
Epoch 52050
Epoch 52051
Epoch 52052
Epoch 52053
Epoch 52054
Epoch 52055
Epoch 52056
Epoch 52057
Epoch 52058
Epoch 52059
Epoch 52060
Epoch 52061
Epoch 52062
Epoch 52063
Epoch 52064
Epoch 52065
Epoch 52066
Epoch 52067
Epoch 52068
Epoch 52069
Epoch 52070
Epoch 52071
Epoch 52072
Epoch 52073
Epoch 52074
Epoch 52075
Epoch 52076
Epoch 52077
Epoch 52078
Epoch 52079
Epoch 52080
Epoch 52081
Epoch 52082
Epoch 52083
Epoch 52084
Epoch 52085
Epoch 52086
Epoch 52087
Epoch 52088
Epoch 52089
Epoch 52090
Epoch 52091
Epoch 52092
Epoch 52093
Epoch 52094
Epoch 52095
Epoch 52096
Epoch 52097
Epoch 52098
Epoch 52099
Epoch 52100
Epoch 52101
Epoch 52102
Epoch 52103
Epoch 52104
Epoch 52105
Epoch 52106
Epoch 52107
Epoch 52108
Epoch 52109
Epoch 52110
Epoch 52111
Epoch 52112
Epoch 52113
Epoch 52114
Epoch 52115
Epoch 52116
Epoch 52117
Epoch 52118
Epoch 52119
Epoch 52120
Epoch 52121
Epoch 52122
Epoch 52123
Epoch 52124
Epoch 52125
Epoch 52126
Epoch 52127
Epoch 52128
Epoch 52129
Epoch 52130
Epoch 52131
Epoch 52132
Epoch 52133
Epoch 52134
Epoch 52135
Epoch 52136
Epoch 52137
Epoch 52138
Epoch 52139
Epoch 52140
Epoch 52141
Epoch 52142
Epoch 52143
Epoch 52144
Epoch 52145
Epoch 52146
Epoch 52147
Epoch 52148
Epoch 52149
Epoch 52150
Epoch 52151
Epoch 52152
Epoch 52153
Epoch 52154
Epoch 52155
Epoch 52156
Epoch 52157
Epoch 52158
Epoch 52159
Epoch 52160
Epoch 52161
Epoch 52162
Epoch 52163
Epoch 52164
Epoch 52165
Epoch 52166
Epoch 52167
Epoch 52168
Epoch 52169
Epoch 52170
Epoch 52171
Epoch 52172
Epoch 52173
Epoch 52174
Epoch 52175
Epoch 52176
Epoch 52177
Epoch 52178
Epoch 52179
Epoch 52180
Epoch 52181
Epoch 52182
Epoch 52183
Epoch 52184
Epoch 52185
Epoch 52186
Epoch 52187
Epoch 52188
Epoch 52189
Epoch 52190
Epoch 52191
Epoch 52192
Epoch 52193
Epoch 52194
Epoch 52195
Epoch 52196
Epoch 52197
Epoch 52198
Epoch 52199
Epoch 52200
Epoch 52201
Epoch 52202
Epoch 52203
Epoch 52204
Epoch 52205
Epoch 52206
Epoch 52207
Epoch 52208
Epoch 52209
Epoch 52210
Epoch 52211
Epoch 52212
Epoch 52213
Epoch 52214
Epoch 52215
Epoch 52216
Epoch 52217
Epoch 52218
Epoch 52219
Epoch 52220
Epoch 52221
Epoch 52222
Epoch 52223
Epoch 52224
Epoch 52225
Epoch 52226
Epoch 52227
Epoch 52228
Epoch 52229
Epoch 52230
Epoch 52231
Epoch 52232
Epoch 52233
Epoch 52234
Epoch 52235
Epoch 52236
Epoch 52237
Epoch 52238
Epoch 52239
Epoch 52240
Epoch 52241
Epoch 52242
Epoch 52243
Epoch 52244
Epoch 52245
Epoch 52246
Epoch 52247
Epoch 52248
Epoch 52249
Epoch 52250
Epoch 52251
Epoch 52252
Epoch 52253
Epoch 52254
Epoch 52255
Epoch 52256
Epoch 52257
Epoch 52258
Epoch 52259
Epoch 52260
Epoch 52261
Epoch 52262
Epoch 52263
Epoch 52264
Epoch 52265
Epoch 52266
Epoch 52267
Epoch 52268
Epoch 52269
Epoch 52270
Epoch 52271
Epoch 52272
Epoch 52273
Epoch 52274
Epoch 52275
Epoch 52276
Epoch 52277
Epoch 52278
Epoch 52279
Epoch 52280
Epoch 52281
Epoch 52282
Epoch 52283
Epoch 52284
Epoch 52285
Epoch 52286
Epoch 52287
Epoch 52288
Epoch 52289
Epoch 52290
Epoch 52291
Epoch 52292
Epoch 52293
Epoch 52294
Epoch 52295
Epoch 52296
Epoch 52297
Epoch 52298
Epoch 52299
Epoch 52300
Epoch 52301
Epoch 52302
Epoch 52303
Epoch 52304
Epoch 52305
Epoch 52306
Epoch 52307
Epoch 52308
Epoch 52309
Epoch 52310
Epoch 52311
Epoch 52312
Epoch 52313
Epoch 52314
Epoch 52315
Epoch 52316
Epoch 52317
Epoch 52318
Epoch 52319
Epoch 52320
Epoch 52321
Epoch 52322
Epoch 52323
Epoch 52324
Epoch 52325
Epoch 52326
Epoch 52327
Epoch 52328
Epoch 52329
Epoch 52330
Epoch 52331
Epoch 52332
Epoch 52333
Epoch 52334
Epoch 52335
Epoch 52336
Epoch 52337
Epoch 52338
Epoch 52339
Epoch 52340
Epoch 52341
Epoch 52342
Epoch 52343
Epoch 52344
Epoch 52345
Epoch 52346
Epoch 52347
Epoch 52348
Epoch 52349
Epoch 52350
Epoch 52351
Epoch 52352
Epoch 52353
Epoch 52354
Epoch 52355
Epoch 52356
Epoch 52357
Epoch 52358
Epoch 52359
Epoch 52360
Epoch 52361
Epoch 52362
Epoch 52363
Epoch 52364
Epoch 52365
Epoch 52366
Epoch 52367
Epoch 52368
Epoch 52369
Epoch 52370
Epoch 52371
Epoch 52372
Epoch 52373
Epoch 52374
Epoch 52375
Epoch 52376
Epoch 52377
Epoch 52378
Epoch 52379
Epoch 52380
Epoch 52381
Epoch 52382
Epoch 52383
Epoch 52384
Epoch 52385
Epoch 52386
Epoch 52387
Epoch 52388
Epoch 52389
Epoch 52390
Epoch 52391
Epoch 52392
Epoch 52393
Epoch 52394
Epoch 52395
Epoch 52396
Epoch 52397
Epoch 52398
Epoch 52399
Epoch 52400
Epoch 52401
Epoch 52402
Epoch 52403
Epoch 52404
Epoch 52405
Epoch 52406
Epoch 52407
Epoch 52408
Epoch 52409
Epoch 52410
Epoch 52411
Epoch 52412
Epoch 52413
Epoch 52414
Epoch 52415
Epoch 52416
Epoch 52417
Epoch 52418
Epoch 52419
Epoch 52420
Epoch 52421
Epoch 52422
Epoch 52423
Epoch 52424
Epoch 52425
Epoch 52426
Epoch 52427
Epoch 52428
Epoch 52429
Epoch 52430
Epoch 52431
Epoch 52432
Epoch 52433
Epoch 52434
Epoch 52435
Epoch 52436
Epoch 52437
Epoch 52438
Epoch 52439
Epoch 52440
Epoch 52441
Epoch 52442
Epoch 52443
Epoch 52444
Epoch 52445
Epoch 52446
Epoch 52447
Epoch 52448
Epoch 52449
Epoch 52450
Epoch 52451
Epoch 52452
Epoch 52453
Epoch 52454
Epoch 52455
Epoch 52456
Epoch 52457
Epoch 52458
Epoch 52459
Epoch 52460
Epoch 52461
Epoch 52462
Epoch 52463
Epoch 52464
Epoch 52465
Epoch 52466
Epoch 52467
Epoch 52468
Epoch 52469
Epoch 52470
Epoch 52471
Epoch 52472
Epoch 52473
Epoch 52474
Epoch 52475
Epoch 52476
Epoch 52477
Epoch 52478
Epoch 52479
Epoch 52480
Epoch 52481
Epoch 52482
Epoch 52483
Epoch 52484
Epoch 52485
Epoch 52486
Epoch 52487
Epoch 52488
Epoch 52489
Epoch 52490
Epoch 52491
Epoch 52492
Epoch 52493
Epoch 52494
Epoch 52495
Epoch 52496
Epoch 52497
Epoch 52498
Epoch 52499
Epoch 52500
Epoch 52501
Epoch 52502
Epoch 52503
Epoch 52504
Epoch 52505
Epoch 52506
Epoch 52507
Epoch 52508
Epoch 52509
Epoch 52510
Epoch 52511
Epoch 52512
Epoch 52513
Epoch 52514
Epoch 52515
Epoch 52516
Epoch 52517
Epoch 52518
Epoch 52519
Epoch 52520
Epoch 52521
Epoch 52522
Epoch 52523
Epoch 52524
Epoch 52525
Epoch 52526
Epoch 52527
Epoch 52528
Epoch 52529
Epoch 52530
Epoch 52531
Epoch 52532
Epoch 52533
Epoch 52534
Epoch 52535
Epoch 52536
Epoch 52537
Epoch 52538
Epoch 52539
Epoch 52540
Epoch 52541
Epoch 52542
Epoch 52543
Epoch 52544
Epoch 52545
Epoch 52546
Epoch 52547
Epoch 52548
Epoch 52549
Epoch 52550
Epoch 52551
Epoch 52552
Epoch 52553
Epoch 52554
Epoch 52555
Epoch 52556
Epoch 52557
Epoch 52558
Epoch 52559
Epoch 52560
Epoch 52561
Epoch 52562
Epoch 52563
Epoch 52564
Epoch 52565
Epoch 52566
Epoch 52567
Epoch 52568
Epoch 52569
Epoch 52570
Epoch 52571
Epoch 52572
Epoch 52573
Epoch 52574
Epoch 52575
Epoch 52576
Epoch 52577
Epoch 52578
Epoch 52579
Epoch 52580
Epoch 52581
Epoch 52582
Epoch 52583
Epoch 52584
Epoch 52585
Epoch 52586
Epoch 52587
Epoch 52588
Epoch 52589
Epoch 52590
Epoch 52591
Epoch 52592
Epoch 52593
Epoch 52594
Epoch 52595
Epoch 52596
Epoch 52597
Epoch 52598
Epoch 52599
Epoch 52600
Epoch 52601
Epoch 52602
Epoch 52603
Epoch 52604
Epoch 52605
Epoch 52606
Epoch 52607
Epoch 52608
Epoch 52609
Epoch 52610
Epoch 52611
Epoch 52612
Epoch 52613
Epoch 52614
Epoch 52615
Epoch 52616
Epoch 52617
Epoch 52618
Epoch 52619
Epoch 52620
Epoch 52621
Epoch 52622
Epoch 52623
Epoch 52624
Epoch 52625
Epoch 52626
Epoch 52627
Epoch 52628
Epoch 52629
Epoch 52630
Epoch 52631
Epoch 52632
Epoch 52633
Epoch 52634
Epoch 52635
Epoch 52636
Epoch 52637
Epoch 52638
Epoch 52639
Epoch 52640
Epoch 52641
Epoch 52642
Epoch 52643
Epoch 52644
Epoch 52645
Epoch 52646
Epoch 52647
Epoch 52648
Epoch 52649
Epoch 52650
Epoch 52651
Epoch 52652
Epoch 52653
Epoch 52654
Epoch 52655
Epoch 52656
Epoch 52657
Epoch 52658
Epoch 52659
Epoch 52660
Epoch 52661
Epoch 52662
Epoch 52663
Epoch 52664
Epoch 52665
Epoch 52666
Epoch 52667
Epoch 52668
Epoch 52669
Epoch 52670
Epoch 52671
Epoch 52672
Epoch 52673
Epoch 52674
Epoch 52675
Epoch 52676
Epoch 52677
Epoch 52678
Epoch 52679
Epoch 52680
Epoch 52681
Epoch 52682
Epoch 52683
Epoch 52684
Epoch 52685
Epoch 52686
Epoch 52687
Epoch 52688
Epoch 52689
Epoch 52690
Epoch 52691
Epoch 52692
Epoch 52693
Epoch 52694
Epoch 52695
Epoch 52696
Epoch 52697
Epoch 52698
Epoch 52699
Epoch 52700
Epoch 52701
Epoch 52702
Epoch 52703
Epoch 52704
Epoch 52705
Epoch 52706
Epoch 52707
Epoch 52708
Epoch 52709
Epoch 52710
Epoch 52711
Epoch 52712
Epoch 52713
Epoch 52714
Epoch 52715
Epoch 52716
Epoch 52717
Epoch 52718
Epoch 52719
Epoch 52720
Epoch 52721
Epoch 52722
Epoch 52723
Epoch 52724
Epoch 52725
Epoch 52726
Epoch 52727
Epoch 52728
Epoch 52729
Epoch 52730
Epoch 52731
Epoch 52732
Epoch 52733
Epoch 52734
Epoch 52735
Epoch 52736
Epoch 52737
Epoch 52738
Epoch 52739
Epoch 52740
Epoch 52741
Epoch 52742
Epoch 52743
Epoch 52744
Epoch 52745
Epoch 52746
Epoch 52747
Epoch 52748
Epoch 52749
Epoch 52750
Epoch 52751
Epoch 52752
Epoch 52753
Epoch 52754
Epoch 52755
Epoch 52756
Epoch 52757
Epoch 52758
Epoch 52759
Epoch 52760
Epoch 52761
Epoch 52762
Epoch 52763
Epoch 52764
Epoch 52765
Epoch 52766
Epoch 52767
Epoch 52768
Epoch 52769
Epoch 52770
Epoch 52771
Epoch 52772
Epoch 52773
Epoch 52774
Epoch 52775
Epoch 52776
Epoch 52777
Epoch 52778
Epoch 52779
Epoch 52780
Epoch 52781
Epoch 52782
Epoch 52783
Epoch 52784
Epoch 52785
Epoch 52786
Epoch 52787
Epoch 52788
Epoch 52789
Epoch 52790
Epoch 52791
Epoch 52792
Epoch 52793
Epoch 52794
Epoch 52795
Epoch 52796
Epoch 52797
Epoch 52798
Epoch 52799
Epoch 52800
Epoch 52801
Epoch 52802
Epoch 52803
Epoch 52804
Epoch 52805
Epoch 52806
Epoch 52807
Epoch 52808
Epoch 52809
Epoch 52810
Epoch 52811
Epoch 52812
Epoch 52813
Epoch 52814
Epoch 52815
Epoch 52816
Epoch 52817
Epoch 52818
Epoch 52819
Epoch 52820
Epoch 52821
Epoch 52822
Epoch 52823
Epoch 52824
Epoch 52825
Epoch 52826
Epoch 52827
Epoch 52828
Epoch 52829
Epoch 52830
Epoch 52831
Epoch 52832
Epoch 52833
Epoch 52834
Epoch 52835
Epoch 52836
Epoch 52837
Epoch 52838
Epoch 52839
Epoch 52840
Epoch 52841
Epoch 52842
Epoch 52843
Epoch 52844
Epoch 52845
Epoch 52846
Epoch 52847
Epoch 52848
Epoch 52849
Epoch 52850
Epoch 52851
Epoch 52852
Epoch 52853
Epoch 52854
Epoch 52855
Epoch 52856
Epoch 52857
Epoch 52858
Epoch 52859
Epoch 52860
Epoch 52861
Epoch 52862
Epoch 52863
Epoch 52864
Epoch 52865
Epoch 52866
Epoch 52867
Epoch 52868
Epoch 52869
Epoch 52870
Epoch 52871
Epoch 52872
Epoch 52873
Epoch 52874
Epoch 52875
Epoch 52876
Epoch 52877
Epoch 52878
Epoch 52879
Epoch 52880
Epoch 52881
Epoch 52882
Epoch 52883
Epoch 52884
Epoch 52885
Epoch 52886
Epoch 52887
Epoch 52888
Epoch 52889
Epoch 52890
Epoch 52891
Epoch 52892
Epoch 52893
Epoch 52894
Epoch 52895
Epoch 52896
Epoch 52897
Epoch 52898
Epoch 52899
Epoch 52900
Epoch 52901
Epoch 52902
Epoch 52903
Epoch 52904
Epoch 52905
Epoch 52906
Epoch 52907
Epoch 52908
Epoch 52909
Epoch 52910
Epoch 52911
Epoch 52912
Epoch 52913
Epoch 52914
Epoch 52915
Epoch 52916
Epoch 52917
Epoch 52918
Epoch 52919
Epoch 52920
Epoch 52921
Epoch 52922
Epoch 52923
Epoch 52924
Epoch 52925
Epoch 52926
Epoch 52927
Epoch 52928
Epoch 52929
Epoch 52930
Epoch 52931
Epoch 52932
Epoch 52933
Epoch 52934
Epoch 52935
Epoch 52936
Epoch 52937
Epoch 52938
Epoch 52939
Epoch 52940
Epoch 52941
Epoch 52942
Epoch 52943
Epoch 52944
Epoch 52945
Epoch 52946
Epoch 52947
Epoch 52948
Epoch 52949
Epoch 52950
Epoch 52951
Epoch 52952
Epoch 52953
Epoch 52954
Epoch 52955
Epoch 52956
Epoch 52957
Epoch 52958
Epoch 52959
Epoch 52960
Epoch 52961
Epoch 52962
Epoch 52963
Epoch 52964
Epoch 52965
Epoch 52966
Epoch 52967
Epoch 52968
Epoch 52969
Epoch 52970
Epoch 52971
Epoch 52972
Epoch 52973
Epoch 52974
Epoch 52975
Epoch 52976
Epoch 52977
Epoch 52978
Epoch 52979
Epoch 52980
Epoch 52981
Epoch 52982
Epoch 52983
Epoch 52984
Epoch 52985
Epoch 52986
Epoch 52987
Epoch 52988
Epoch 52989
Epoch 52990
Epoch 52991
Epoch 52992
Epoch 52993
Epoch 52994
Epoch 52995
Epoch 52996
Epoch 52997
Epoch 52998
Epoch 52999
Epoch 53000
Epoch 53001
Epoch 53002
Epoch 53003
Epoch 53004
Epoch 53005
Epoch 53006
Epoch 53007
Epoch 53008
Epoch 53009
Epoch 53010
Epoch 53011
Epoch 53012
Epoch 53013
Epoch 53014
Epoch 53015
Epoch 53016
Epoch 53017
Epoch 53018
Epoch 53019
Epoch 53020
Epoch 53021
Epoch 53022
Epoch 53023
Epoch 53024
Epoch 53025
Epoch 53026
Epoch 53027
Epoch 53028
Epoch 53029
Epoch 53030
Epoch 53031
Epoch 53032
Epoch 53033
Epoch 53034
Epoch 53035
Epoch 53036
Epoch 53037
Epoch 53038
Epoch 53039
Epoch 53040
Epoch 53041
Epoch 53042
Epoch 53043
Epoch 53044
Epoch 53045
Epoch 53046
Epoch 53047
Epoch 53048
Epoch 53049
Epoch 53050
Epoch 53051
Epoch 53052
Epoch 53053
Epoch 53054
Epoch 53055
Epoch 53056
Epoch 53057
Epoch 53058
Epoch 53059
Epoch 53060
Epoch 53061
Epoch 53062
Epoch 53063
Epoch 53064
Epoch 53065
Epoch 53066
Epoch 53067
Epoch 53068
Epoch 53069
Epoch 53070
Epoch 53071
Epoch 53072
Epoch 53073
Epoch 53074
Epoch 53075
Epoch 53076
Epoch 53077
Epoch 53078
Epoch 53079
Epoch 53080
Epoch 53081
Epoch 53082
Epoch 53083
Epoch 53084
Epoch 53085
Epoch 53086
Epoch 53087
Epoch 53088
Epoch 53089
Epoch 53090
Epoch 53091
Epoch 53092
Epoch 53093
Epoch 53094
Epoch 53095
Epoch 53096
Epoch 53097
Epoch 53098
Epoch 53099
Epoch 53100
Epoch 53101
Epoch 53102
Epoch 53103
Epoch 53104
Epoch 53105
Epoch 53106
Epoch 53107
Epoch 53108
Epoch 53109
Epoch 53110
Epoch 53111
Epoch 53112
Epoch 53113
Epoch 53114
Epoch 53115
Epoch 53116
Epoch 53117
Epoch 53118
Epoch 53119
Epoch 53120
Epoch 53121
Epoch 53122
Epoch 53123
Epoch 53124
Epoch 53125
Epoch 53126
Epoch 53127
Epoch 53128
Epoch 53129
Epoch 53130
Epoch 53131
Epoch 53132
Epoch 53133
Epoch 53134
Epoch 53135
Epoch 53136
Epoch 53137
Epoch 53138
Epoch 53139
Epoch 53140
Epoch 53141
Epoch 53142
Epoch 53143
Epoch 53144
Epoch 53145
Epoch 53146
Epoch 53147
Epoch 53148
Epoch 53149
Epoch 53150
Epoch 53151
Epoch 53152
Epoch 53153
Epoch 53154
Epoch 53155
Epoch 53156
Epoch 53157
Epoch 53158
Epoch 53159
Epoch 53160
Epoch 53161
Epoch 53162
Epoch 53163
Epoch 53164
Epoch 53165
Epoch 53166
Epoch 53167
Epoch 53168
Epoch 53169
Epoch 53170
Epoch 53171
Epoch 53172
Epoch 53173
Epoch 53174
Epoch 53175
Epoch 53176
Epoch 53177
Epoch 53178
Epoch 53179
Epoch 53180
Epoch 53181
Epoch 53182
Epoch 53183
Epoch 53184
Epoch 53185
Epoch 53186
Epoch 53187
Epoch 53188
Epoch 53189
Epoch 53190
Epoch 53191
Epoch 53192
Epoch 53193
Epoch 53194
Epoch 53195
Epoch 53196
Epoch 53197
Epoch 53198
Epoch 53199
Epoch 53200
Epoch 53201
Epoch 53202
Epoch 53203
Epoch 53204
Epoch 53205
Epoch 53206
Epoch 53207
Epoch 53208
Epoch 53209
Epoch 53210
Epoch 53211
Epoch 53212
Epoch 53213
Epoch 53214
Epoch 53215
Epoch 53216
Epoch 53217
Epoch 53218
Epoch 53219
Epoch 53220
Epoch 53221
Epoch 53222
Epoch 53223
Epoch 53224
Epoch 53225
Epoch 53226
Epoch 53227
Epoch 53228
Epoch 53229
Epoch 53230
Epoch 53231
Epoch 53232
Epoch 53233
Epoch 53234
Epoch 53235
Epoch 53236
Epoch 53237
Epoch 53238
Epoch 53239
Epoch 53240
Epoch 53241
Epoch 53242
Epoch 53243
Epoch 53244
Epoch 53245
Epoch 53246
Epoch 53247
Epoch 53248
Epoch 53249
Epoch 53250
Epoch 53251
Epoch 53252
Epoch 53253
Epoch 53254
Epoch 53255
Epoch 53256
Epoch 53257
Epoch 53258
Epoch 53259
Epoch 53260
Epoch 53261
Epoch 53262
Epoch 53263
Epoch 53264
Epoch 53265
Epoch 53266
Epoch 53267
Epoch 53268
Epoch 53269
Epoch 53270
Epoch 53271
Epoch 53272
Epoch 53273
Epoch 53274
Epoch 53275
Epoch 53276
Epoch 53277
Epoch 53278
Epoch 53279
Epoch 53280
Epoch 53281
Epoch 53282
Epoch 53283
Epoch 53284
Epoch 53285
Epoch 53286
Epoch 53287
Epoch 53288
Epoch 53289
Epoch 53290
Epoch 53291
Epoch 53292
Epoch 53293
Epoch 53294
Epoch 53295
Epoch 53296
Epoch 53297
Epoch 53298
Epoch 53299
Epoch 53300
Epoch 53301
Epoch 53302
Epoch 53303
Epoch 53304
Epoch 53305
Epoch 53306
Epoch 53307
Epoch 53308
Epoch 53309
Epoch 53310
Epoch 53311
Epoch 53312
Epoch 53313
Epoch 53314
Epoch 53315
Epoch 53316
Epoch 53317
Epoch 53318
Epoch 53319
Epoch 53320
Epoch 53321
Epoch 53322
Epoch 53323
Epoch 53324
Epoch 53325
Epoch 53326
Epoch 53327
Epoch 53328
Epoch 53329
Epoch 53330
Epoch 53331
Epoch 53332
Epoch 53333
Epoch 53334
Epoch 53335
Epoch 53336
Epoch 53337
Epoch 53338
Epoch 53339
Epoch 53340
Epoch 53341
Epoch 53342
Epoch 53343
Epoch 53344
Epoch 53345
Epoch 53346
Epoch 53347
Epoch 53348
Epoch 53349
Epoch 53350
Epoch 53351
Epoch 53352
Epoch 53353
Epoch 53354
Epoch 53355
Epoch 53356
Epoch 53357
Epoch 53358
Epoch 53359
Epoch 53360
Epoch 53361
Epoch 53362
Epoch 53363
Epoch 53364
Epoch 53365
Epoch 53366
Epoch 53367
Epoch 53368
Epoch 53369
Epoch 53370
Epoch 53371
Epoch 53372
Epoch 53373
Epoch 53374
Epoch 53375
Epoch 53376
Epoch 53377
Epoch 53378
Epoch 53379
Epoch 53380
Epoch 53381
Epoch 53382
Epoch 53383
Epoch 53384
Epoch 53385
Epoch 53386
Epoch 53387
Epoch 53388
Epoch 53389
Epoch 53390
Epoch 53391
Epoch 53392
Epoch 53393
Epoch 53394
Epoch 53395
Epoch 53396
Epoch 53397
Epoch 53398
Epoch 53399
Epoch 53400
Epoch 53401
Epoch 53402
Epoch 53403
Epoch 53404
Epoch 53405
Epoch 53406
Epoch 53407
Epoch 53408
Epoch 53409
Epoch 53410
Epoch 53411
Epoch 53412
Epoch 53413
Epoch 53414
Epoch 53415
Epoch 53416
Epoch 53417
Epoch 53418
Epoch 53419
Epoch 53420
Epoch 53421
Epoch 53422
Epoch 53423
Epoch 53424
Epoch 53425
Epoch 53426
Epoch 53427
Epoch 53428
Epoch 53429
Epoch 53430
Epoch 53431
Epoch 53432
Epoch 53433
Epoch 53434
Epoch 53435
Epoch 53436
Epoch 53437
Epoch 53438
Epoch 53439
Epoch 53440
Epoch 53441
Epoch 53442
Epoch 53443
Epoch 53444
Epoch 53445
Epoch 53446
Epoch 53447
Epoch 53448
Epoch 53449
Epoch 53450
Epoch 53451
Epoch 53452
Epoch 53453
Epoch 53454
Epoch 53455
Epoch 53456
Epoch 53457
Epoch 53458
Epoch 53459
Epoch 53460
Epoch 53461
Epoch 53462
Epoch 53463
Epoch 53464
Epoch 53465
Epoch 53466
Epoch 53467
Epoch 53468
Epoch 53469
Epoch 53470
Epoch 53471
Epoch 53472
Epoch 53473
Epoch 53474
Epoch 53475
Epoch 53476
Epoch 53477
Epoch 53478
Epoch 53479
Epoch 53480
Epoch 53481
Epoch 53482
Epoch 53483
Epoch 53484
Epoch 53485
Epoch 53486
Epoch 53487
Epoch 53488
Epoch 53489
Epoch 53490
Epoch 53491
Epoch 53492
Epoch 53493
Epoch 53494
Epoch 53495
Epoch 53496
Epoch 53497
Epoch 53498
Epoch 53499
Epoch 53500
Epoch 53501
Epoch 53502
Epoch 53503
Epoch 53504
Epoch 53505
Epoch 53506
Epoch 53507
Epoch 53508
Epoch 53509
Epoch 53510
Epoch 53511
Epoch 53512
Epoch 53513
Epoch 53514
Epoch 53515
Epoch 53516
Epoch 53517
Epoch 53518
Epoch 53519
Epoch 53520
Epoch 53521
Epoch 53522
Epoch 53523
Epoch 53524
Epoch 53525
Epoch 53526
Epoch 53527
Epoch 53528
Epoch 53529
Epoch 53530
Epoch 53531
Epoch 53532
Epoch 53533
Epoch 53534
Epoch 53535
Epoch 53536
Epoch 53537
Epoch 53538
Epoch 53539
Epoch 53540
Epoch 53541
Epoch 53542
Epoch 53543
Epoch 53544
Epoch 53545
Epoch 53546
Epoch 53547
Epoch 53548
Epoch 53549
Epoch 53550
Epoch 53551
Epoch 53552
Epoch 53553
Epoch 53554
Epoch 53555
Epoch 53556
Epoch 53557
Epoch 53558
Epoch 53559
Epoch 53560
Epoch 53561
Epoch 53562
Epoch 53563
Epoch 53564
Epoch 53565
Epoch 53566
Epoch 53567
Epoch 53568
Epoch 53569
Epoch 53570
Epoch 53571
Epoch 53572
Epoch 53573
Epoch 53574
Epoch 53575
Epoch 53576
Epoch 53577
Epoch 53578
Epoch 53579
Epoch 53580
Epoch 53581
Epoch 53582
Epoch 53583
Epoch 53584
Epoch 53585
Epoch 53586
Epoch 53587
Epoch 53588
Epoch 53589
Epoch 53590
Epoch 53591
Epoch 53592
Epoch 53593
Epoch 53594
Epoch 53595
Epoch 53596
Epoch 53597
Epoch 53598
Epoch 53599
Epoch 53600
Epoch 53601
Epoch 53602
Epoch 53603
Epoch 53604
Epoch 53605
Epoch 53606
Epoch 53607
Epoch 53608
Epoch 53609
Epoch 53610
Epoch 53611
Epoch 53612
Epoch 53613
Epoch 53614
Epoch 53615
Epoch 53616
Epoch 53617
Epoch 53618
Epoch 53619
Epoch 53620
Epoch 53621
Epoch 53622
Epoch 53623
Epoch 53624
Epoch 53625
Epoch 53626
Epoch 53627
Epoch 53628
Epoch 53629
Epoch 53630
Epoch 53631
Epoch 53632
Epoch 53633
Epoch 53634
Epoch 53635
Epoch 53636
Epoch 53637
Epoch 53638
Epoch 53639
Epoch 53640
Epoch 53641
Epoch 53642
Epoch 53643
Epoch 53644
Epoch 53645
Epoch 53646
Epoch 53647
Epoch 53648
Epoch 53649
Epoch 53650
Epoch 53651
Epoch 53652
Epoch 53653
Epoch 53654
Epoch 53655
Epoch 53656
Epoch 53657
Epoch 53658
Epoch 53659
Epoch 53660
Epoch 53661
Epoch 53662
Epoch 53663
Epoch 53664
Epoch 53665
Epoch 53666
Epoch 53667
Epoch 53668
Epoch 53669
Epoch 53670
Epoch 53671
Epoch 53672
Epoch 53673
Epoch 53674
Epoch 53675
Epoch 53676
Epoch 53677
Epoch 53678
Epoch 53679
Epoch 53680
Epoch 53681
Epoch 53682
Epoch 53683
Epoch 53684
Epoch 53685
Epoch 53686
Epoch 53687
Epoch 53688
Epoch 53689
Epoch 53690
Epoch 53691
Epoch 53692
Epoch 53693
Epoch 53694
Epoch 53695
Epoch 53696
Epoch 53697
Epoch 53698
Epoch 53699
Epoch 53700
Epoch 53701
Epoch 53702
Epoch 53703
Epoch 53704
Epoch 53705
Epoch 53706
Epoch 53707
Epoch 53708
Epoch 53709
Epoch 53710
Epoch 53711
Epoch 53712
Epoch 53713
Epoch 53714
Epoch 53715
Epoch 53716
Epoch 53717
Epoch 53718
Epoch 53719
Epoch 53720
Epoch 53721
Epoch 53722
Epoch 53723
Epoch 53724
Epoch 53725
Epoch 53726
Epoch 53727
Epoch 53728
Epoch 53729
Epoch 53730
Epoch 53731
Epoch 53732
Epoch 53733
Epoch 53734
Epoch 53735
Epoch 53736
Epoch 53737
Epoch 53738
Epoch 53739
Epoch 53740
Epoch 53741
Epoch 53742
Epoch 53743
Epoch 53744
Epoch 53745
Epoch 53746
Epoch 53747
Epoch 53748
Epoch 53749
Epoch 53750
Epoch 53751
Epoch 53752
Epoch 53753
Epoch 53754
Epoch 53755
Epoch 53756
Epoch 53757
Epoch 53758
Epoch 53759
Epoch 53760
Epoch 53761
Epoch 53762
Epoch 53763
Epoch 53764
Epoch 53765
Epoch 53766
Epoch 53767
Epoch 53768
Epoch 53769
Epoch 53770
Epoch 53771
Epoch 53772
Epoch 53773
Epoch 53774
Epoch 53775
Epoch 53776
Epoch 53777
Epoch 53778
Epoch 53779
Epoch 53780
Epoch 53781
Epoch 53782
Epoch 53783
Epoch 53784
Epoch 53785
Epoch 53786
Epoch 53787
Epoch 53788
Epoch 53789
Epoch 53790
Epoch 53791
Epoch 53792
Epoch 53793
Epoch 53794
Epoch 53795
Epoch 53796
Epoch 53797
Epoch 53798
Epoch 53799
Epoch 53800
Epoch 53801
Epoch 53802
Epoch 53803
Epoch 53804
Epoch 53805
Epoch 53806
Epoch 53807
Epoch 53808
Epoch 53809
Epoch 53810
Epoch 53811
Epoch 53812
Epoch 53813
Epoch 53814
Epoch 53815
Epoch 53816
Epoch 53817
Epoch 53818
Epoch 53819
Epoch 53820
Epoch 53821
Epoch 53822
Epoch 53823
Epoch 53824
Epoch 53825
Epoch 53826
Epoch 53827
Epoch 53828
Epoch 53829
Epoch 53830
Epoch 53831
Epoch 53832
Epoch 53833
Epoch 53834
Epoch 53835
Epoch 53836
Epoch 53837
Epoch 53838
Epoch 53839
Epoch 53840
Epoch 53841
Epoch 53842
Epoch 53843
Epoch 53844
Epoch 53845
Epoch 53846
Epoch 53847
Epoch 53848
Epoch 53849
Epoch 53850
Epoch 53851
Epoch 53852
Epoch 53853
Epoch 53854
Epoch 53855
Epoch 53856
Epoch 53857
Epoch 53858
Epoch 53859
Epoch 53860
Epoch 53861
Epoch 53862
Epoch 53863
Epoch 53864
Epoch 53865
Epoch 53866
Epoch 53867
Epoch 53868
Epoch 53869
Epoch 53870
Epoch 53871
Epoch 53872
Epoch 53873
Epoch 53874
Epoch 53875
Epoch 53876
Epoch 53877
Epoch 53878
Epoch 53879
Epoch 53880
Epoch 53881
Epoch 53882
Epoch 53883
Epoch 53884
Epoch 53885
Epoch 53886
Epoch 53887
Epoch 53888
Epoch 53889
Epoch 53890
Epoch 53891
Epoch 53892
Epoch 53893
Epoch 53894
Epoch 53895
Epoch 53896
Epoch 53897
Epoch 53898
Epoch 53899
Epoch 53900
Epoch 53901
Epoch 53902
Epoch 53903
Epoch 53904
Epoch 53905
Epoch 53906
Epoch 53907
Epoch 53908
Epoch 53909
Epoch 53910
Epoch 53911
Epoch 53912
Epoch 53913
Epoch 53914
Epoch 53915
Epoch 53916
Epoch 53917
Epoch 53918
Epoch 53919
Epoch 53920
Epoch 53921
Epoch 53922
Epoch 53923
Epoch 53924
Epoch 53925
Epoch 53926
Epoch 53927
Epoch 53928
Epoch 53929
Epoch 53930
Epoch 53931
Epoch 53932
Epoch 53933
Epoch 53934
Epoch 53935
Epoch 53936
Epoch 53937
Epoch 53938
Epoch 53939
Epoch 53940
Epoch 53941
Epoch 53942
Epoch 53943
Epoch 53944
Epoch 53945
Epoch 53946
Epoch 53947
Epoch 53948
Epoch 53949
Epoch 53950
Epoch 53951
Epoch 53952
Epoch 53953
Epoch 53954
Epoch 53955
Epoch 53956
Epoch 53957
Epoch 53958
Epoch 53959
Epoch 53960
Epoch 53961
Epoch 53962
Epoch 53963
Epoch 53964
Epoch 53965
Epoch 53966
Epoch 53967
Epoch 53968
Epoch 53969
Epoch 53970
Epoch 53971
Epoch 53972
Epoch 53973
Epoch 53974
Epoch 53975
Epoch 53976
Epoch 53977
Epoch 53978
Epoch 53979
Epoch 53980
Epoch 53981
Epoch 53982
Epoch 53983
Epoch 53984
Epoch 53985
Epoch 53986
Epoch 53987
Epoch 53988
Epoch 53989
Epoch 53990
Epoch 53991
Epoch 53992
Epoch 53993
Epoch 53994
Epoch 53995
Epoch 53996
Epoch 53997
Epoch 53998
Epoch 53999
Epoch 54000
Epoch 54001
Epoch 54002
Epoch 54003
Epoch 54004
Epoch 54005
Epoch 54006
Epoch 54007
Epoch 54008
Epoch 54009
Epoch 54010
Epoch 54011
Epoch 54012
Epoch 54013
Epoch 54014
Epoch 54015
Epoch 54016
Epoch 54017
Epoch 54018
Epoch 54019
Epoch 54020
Epoch 54021
Epoch 54022
Epoch 54023
Epoch 54024
Epoch 54025
Epoch 54026
Epoch 54027
Epoch 54028
Epoch 54029
Epoch 54030
Epoch 54031
Epoch 54032
Epoch 54033
Epoch 54034
Epoch 54035
Epoch 54036
Epoch 54037
Epoch 54038
Epoch 54039
Epoch 54040
Epoch 54041
Epoch 54042
Epoch 54043
Epoch 54044
Epoch 54045
Epoch 54046
Epoch 54047
Epoch 54048
Epoch 54049
Epoch 54050
Epoch 54051
Epoch 54052
Epoch 54053
Epoch 54054
Epoch 54055
Epoch 54056
Epoch 54057
Epoch 54058
Epoch 54059
Epoch 54060
Epoch 54061
Epoch 54062
Epoch 54063
Epoch 54064
Epoch 54065
Epoch 54066
Epoch 54067
Epoch 54068
Epoch 54069
Epoch 54070
Epoch 54071
Epoch 54072
Epoch 54073
Epoch 54074
Epoch 54075
Epoch 54076
Epoch 54077
Epoch 54078
Epoch 54079
Epoch 54080
Epoch 54081
Epoch 54082
Epoch 54083
Epoch 54084
Epoch 54085
Epoch 54086
Epoch 54087
Epoch 54088
Epoch 54089
Epoch 54090
Epoch 54091
Epoch 54092
Epoch 54093
Epoch 54094
Epoch 54095
Epoch 54096
Epoch 54097
Epoch 54098
Epoch 54099
Epoch 54100
Epoch 54101
Epoch 54102
Epoch 54103
Epoch 54104
Epoch 54105
Epoch 54106
Epoch 54107
Epoch 54108
Epoch 54109
Epoch 54110
Epoch 54111
Epoch 54112
Epoch 54113
Epoch 54114
Epoch 54115
Epoch 54116
Epoch 54117
Epoch 54118
Epoch 54119
Epoch 54120
Epoch 54121
Epoch 54122
Epoch 54123
Epoch 54124
Epoch 54125
Epoch 54126
Epoch 54127
Epoch 54128
Epoch 54129
Epoch 54130
Epoch 54131
Epoch 54132
Epoch 54133
Epoch 54134
Epoch 54135
Epoch 54136
Epoch 54137
Epoch 54138
Epoch 54139
Epoch 54140
Epoch 54141
Epoch 54142
Epoch 54143
Epoch 54144
Epoch 54145
Epoch 54146
Epoch 54147
Epoch 54148
Epoch 54149
Epoch 54150
Epoch 54151
Epoch 54152
Epoch 54153
Epoch 54154
Epoch 54155
Epoch 54156
Epoch 54157
Epoch 54158
Epoch 54159
Epoch 54160
Epoch 54161
Epoch 54162
Epoch 54163
Epoch 54164
Epoch 54165
Epoch 54166
Epoch 54167
Epoch 54168
Epoch 54169
Epoch 54170
Epoch 54171
Epoch 54172
Epoch 54173
Epoch 54174
Epoch 54175
Epoch 54176
Epoch 54177
Epoch 54178
Epoch 54179
Epoch 54180
Epoch 54181
Epoch 54182
Epoch 54183
Epoch 54184
Epoch 54185
Epoch 54186
Epoch 54187
Epoch 54188
Epoch 54189
Epoch 54190
Epoch 54191
Epoch 54192
Epoch 54193
Epoch 54194
Epoch 54195
Epoch 54196
Epoch 54197
Epoch 54198
Epoch 54199
Epoch 54200
Epoch 54201
Epoch 54202
Epoch 54203
Epoch 54204
Epoch 54205
Epoch 54206
Epoch 54207
Epoch 54208
Epoch 54209
Epoch 54210
Epoch 54211
Epoch 54212
Epoch 54213
Epoch 54214
Epoch 54215
Epoch 54216
Epoch 54217
Epoch 54218
Epoch 54219
Epoch 54220
Epoch 54221
Epoch 54222
Epoch 54223
Epoch 54224
Epoch 54225
Epoch 54226
Epoch 54227
Epoch 54228
Epoch 54229
Epoch 54230
Epoch 54231
Epoch 54232
Epoch 54233
Epoch 54234
Epoch 54235
Epoch 54236
Epoch 54237
Epoch 54238
Epoch 54239
Epoch 54240
Epoch 54241
Epoch 54242
Epoch 54243
Epoch 54244
Epoch 54245
Epoch 54246
Epoch 54247
Epoch 54248
Epoch 54249
Epoch 54250
Epoch 54251
Epoch 54252
Epoch 54253
Epoch 54254
Epoch 54255
Epoch 54256
Epoch 54257
Epoch 54258
Epoch 54259
Epoch 54260
Epoch 54261
Epoch 54262
Epoch 54263
Epoch 54264
Epoch 54265
Epoch 54266
Epoch 54267
Epoch 54268
Epoch 54269
Epoch 54270
Epoch 54271
Epoch 54272
Epoch 54273
Epoch 54274
Epoch 54275
Epoch 54276
Epoch 54277
Epoch 54278
Epoch 54279
Epoch 54280
Epoch 54281
Epoch 54282
Epoch 54283
Epoch 54284
Epoch 54285
Epoch 54286
Epoch 54287
Epoch 54288
Epoch 54289
Epoch 54290
Epoch 54291
Epoch 54292
Epoch 54293
Epoch 54294
Epoch 54295
Epoch 54296
Epoch 54297
Epoch 54298
Epoch 54299
Epoch 54300
Epoch 54301
Epoch 54302
Epoch 54303
Epoch 54304
Epoch 54305
Epoch 54306
Epoch 54307
Epoch 54308
Epoch 54309
Epoch 54310
Epoch 54311
Epoch 54312
Epoch 54313
Epoch 54314
Epoch 54315
Epoch 54316
Epoch 54317
Epoch 54318
Epoch 54319
Epoch 54320
Epoch 54321
Epoch 54322
Epoch 54323
Epoch 54324
Epoch 54325
Epoch 54326
Epoch 54327
Epoch 54328
Epoch 54329
Epoch 54330
Epoch 54331
Epoch 54332
Epoch 54333
Epoch 54334
Epoch 54335
Epoch 54336
Epoch 54337
Epoch 54338
Epoch 54339
Epoch 54340
Epoch 54341
Epoch 54342
Epoch 54343
Epoch 54344
Epoch 54345
Epoch 54346
Epoch 54347
Epoch 54348
Epoch 54349
Epoch 54350
Epoch 54351
Epoch 54352
Epoch 54353
Epoch 54354
Epoch 54355
Epoch 54356
Epoch 54357
Epoch 54358
Epoch 54359
Epoch 54360
Epoch 54361
Epoch 54362
Epoch 54363
Epoch 54364
Epoch 54365
Epoch 54366
Epoch 54367
Epoch 54368
Epoch 54369
Epoch 54370
Epoch 54371
Epoch 54372
Epoch 54373
Epoch 54374
Epoch 54375
Epoch 54376
Epoch 54377
Epoch 54378
Epoch 54379
Epoch 54380
Epoch 54381
Epoch 54382
Epoch 54383
Epoch 54384
Epoch 54385
Epoch 54386
Epoch 54387
Epoch 54388
Epoch 54389
Epoch 54390
Epoch 54391
Epoch 54392
Epoch 54393
Epoch 54394
Epoch 54395
Epoch 54396
Epoch 54397
Epoch 54398
Epoch 54399
Epoch 54400
Epoch 54401
Epoch 54402
Epoch 54403
Epoch 54404
Epoch 54405
Epoch 54406
Epoch 54407
Epoch 54408
Epoch 54409
Epoch 54410
Epoch 54411
Epoch 54412
Epoch 54413
Epoch 54414
Epoch 54415
Epoch 54416
Epoch 54417
Epoch 54418
Epoch 54419
Epoch 54420
Epoch 54421
Epoch 54422
Epoch 54423
Epoch 54424
Epoch 54425
Epoch 54426
Epoch 54427
Epoch 54428
Epoch 54429
Epoch 54430
Epoch 54431
Epoch 54432
Epoch 54433
Epoch 54434
Epoch 54435
Epoch 54436
Epoch 54437
Epoch 54438
Epoch 54439
Epoch 54440
Epoch 54441
Epoch 54442
Epoch 54443
Epoch 54444
Epoch 54445
Epoch 54446
Epoch 54447
Epoch 54448
Epoch 54449
Epoch 54450
Epoch 54451
Epoch 54452
Epoch 54453
Epoch 54454
Epoch 54455
Epoch 54456
Epoch 54457
Epoch 54458
Epoch 54459
Epoch 54460
Epoch 54461
Epoch 54462
Epoch 54463
Epoch 54464
Epoch 54465
Epoch 54466
Epoch 54467
Epoch 54468
Epoch 54469
Epoch 54470
Epoch 54471
Epoch 54472
Epoch 54473
Epoch 54474
Epoch 54475
Epoch 54476
Epoch 54477
Epoch 54478
Epoch 54479
Epoch 54480
Epoch 54481
Epoch 54482
Epoch 54483
Epoch 54484
Epoch 54485
Epoch 54486
Epoch 54487
Epoch 54488
Epoch 54489
Epoch 54490
Epoch 54491
Epoch 54492
Epoch 54493
Epoch 54494
Epoch 54495
Epoch 54496
Epoch 54497
Epoch 54498
Epoch 54499
Epoch 54500
Epoch 54501
Epoch 54502
Epoch 54503
Epoch 54504
Epoch 54505
Epoch 54506
Epoch 54507
Epoch 54508
Epoch 54509
Epoch 54510
Epoch 54511
Epoch 54512
Epoch 54513
Epoch 54514
Epoch 54515
Epoch 54516
Epoch 54517
Epoch 54518
Epoch 54519
Epoch 54520
Epoch 54521
Epoch 54522
Epoch 54523
Epoch 54524
Epoch 54525
Epoch 54526
Epoch 54527
Epoch 54528
Epoch 54529
Epoch 54530
Epoch 54531
Epoch 54532
Epoch 54533
Epoch 54534
Epoch 54535
Epoch 54536
Epoch 54537
Epoch 54538
Epoch 54539
Epoch 54540
Epoch 54541
Epoch 54542
Epoch 54543
Epoch 54544
Epoch 54545
Epoch 54546
Epoch 54547
Epoch 54548
Epoch 54549
Epoch 54550
Epoch 54551
Epoch 54552
Epoch 54553
Epoch 54554
Epoch 54555
Epoch 54556
Epoch 54557
Epoch 54558
Epoch 54559
Epoch 54560
Epoch 54561
Epoch 54562
Epoch 54563
Epoch 54564
Epoch 54565
Epoch 54566
Epoch 54567
Epoch 54568
Epoch 54569
Epoch 54570
Epoch 54571
Epoch 54572
Epoch 54573
Epoch 54574
Epoch 54575
Epoch 54576
Epoch 54577
Epoch 54578
Epoch 54579
Epoch 54580
Epoch 54581
Epoch 54582
Epoch 54583
Epoch 54584
Epoch 54585
Epoch 54586
Epoch 54587
Epoch 54588
Epoch 54589
Epoch 54590
Epoch 54591
Epoch 54592
Epoch 54593
Epoch 54594
Epoch 54595
Epoch 54596
Epoch 54597
Epoch 54598
Epoch 54599
Epoch 54600
Epoch 54601
Epoch 54602
Epoch 54603
Epoch 54604
Epoch 54605
Epoch 54606
Epoch 54607
Epoch 54608
Epoch 54609
Epoch 54610
Epoch 54611
Epoch 54612
Epoch 54613
Epoch 54614
Epoch 54615
Epoch 54616
Epoch 54617
Epoch 54618
Epoch 54619
Epoch 54620
Epoch 54621
Epoch 54622
Epoch 54623
Epoch 54624
Epoch 54625
Epoch 54626
Epoch 54627
Epoch 54628
Epoch 54629
Epoch 54630
Epoch 54631
Epoch 54632
Epoch 54633
Epoch 54634
Epoch 54635
Epoch 54636
Epoch 54637
Epoch 54638
Epoch 54639
Epoch 54640
Epoch 54641
Epoch 54642
Epoch 54643
Epoch 54644
Epoch 54645
Epoch 54646
Epoch 54647
Epoch 54648
Epoch 54649
Epoch 54650
Epoch 54651
Epoch 54652
Epoch 54653
Epoch 54654
Epoch 54655
Epoch 54656
Epoch 54657
Epoch 54658
Epoch 54659
Epoch 54660
Epoch 54661
Epoch 54662
Epoch 54663
Epoch 54664
Epoch 54665
Epoch 54666
Epoch 54667
Epoch 54668
Epoch 54669
Epoch 54670
Epoch 54671
Epoch 54672
Epoch 54673
Epoch 54674
Epoch 54675
Epoch 54676
Epoch 54677
Epoch 54678
Epoch 54679
Epoch 54680
Epoch 54681
Epoch 54682
Epoch 54683
Epoch 54684
Epoch 54685
Epoch 54686
Epoch 54687
Epoch 54688
Epoch 54689
Epoch 54690
Epoch 54691
Epoch 54692
Epoch 54693
Epoch 54694
Epoch 54695
Epoch 54696
Epoch 54697
Epoch 54698
Epoch 54699
Epoch 54700
Epoch 54701
Epoch 54702
Epoch 54703
Epoch 54704
Epoch 54705
Epoch 54706
Epoch 54707
Epoch 54708
Epoch 54709
Epoch 54710
Epoch 54711
Epoch 54712
Epoch 54713
Epoch 54714
Epoch 54715
Epoch 54716
Epoch 54717
Epoch 54718
Epoch 54719
Epoch 54720
Epoch 54721
Epoch 54722
Epoch 54723
Epoch 54724
Epoch 54725
Epoch 54726
Epoch 54727
Epoch 54728
Epoch 54729
Epoch 54730
Epoch 54731
Epoch 54732
Epoch 54733
Epoch 54734
Epoch 54735
Epoch 54736
Epoch 54737
Epoch 54738
Epoch 54739
Epoch 54740
Epoch 54741
Epoch 54742
Epoch 54743
Epoch 54744
Epoch 54745
Epoch 54746
Epoch 54747
Epoch 54748
Epoch 54749
Epoch 54750
Epoch 54751
Epoch 54752
Epoch 54753
Epoch 54754
Epoch 54755
Epoch 54756
Epoch 54757
Epoch 54758
Epoch 54759
Epoch 54760
Epoch 54761
Epoch 54762
Epoch 54763
Epoch 54764
Epoch 54765
Epoch 54766
Epoch 54767
Epoch 54768
Epoch 54769
Epoch 54770
Epoch 54771
Epoch 54772
Epoch 54773
Epoch 54774
Epoch 54775
Epoch 54776
Epoch 54777
Epoch 54778
Epoch 54779
Epoch 54780
Epoch 54781
Epoch 54782
Epoch 54783
Epoch 54784
Epoch 54785
Epoch 54786
Epoch 54787
Epoch 54788
Epoch 54789
Epoch 54790
Epoch 54791
Epoch 54792
Epoch 54793
Epoch 54794
Epoch 54795
Epoch 54796
Epoch 54797
Epoch 54798
Epoch 54799
Epoch 54800
Epoch 54801
Epoch 54802
Epoch 54803
Epoch 54804
Epoch 54805
Epoch 54806
Epoch 54807
Epoch 54808
Epoch 54809
Epoch 54810
Epoch 54811
Epoch 54812
Epoch 54813
Epoch 54814
Epoch 54815
Epoch 54816
Epoch 54817
Epoch 54818
Epoch 54819
Epoch 54820
Epoch 54821
Epoch 54822
Epoch 54823
Epoch 54824
Epoch 54825
Epoch 54826
Epoch 54827
Epoch 54828
Epoch 54829
Epoch 54830
Epoch 54831
Epoch 54832
Epoch 54833
Epoch 54834
Epoch 54835
Epoch 54836
Epoch 54837
Epoch 54838
Epoch 54839
Epoch 54840
Epoch 54841
Epoch 54842
Epoch 54843
Epoch 54844
Epoch 54845
Epoch 54846
Epoch 54847
Epoch 54848
Epoch 54849
Epoch 54850
Epoch 54851
Epoch 54852
Epoch 54853
Epoch 54854
Epoch 54855
Epoch 54856
Epoch 54857
Epoch 54858
Epoch 54859
Epoch 54860
Epoch 54861
Epoch 54862
Epoch 54863
Epoch 54864
Epoch 54865
Epoch 54866
Epoch 54867
Epoch 54868
Epoch 54869
Epoch 54870
Epoch 54871
Epoch 54872
Epoch 54873
Epoch 54874
Epoch 54875
Epoch 54876
Epoch 54877
Epoch 54878
Epoch 54879
Epoch 54880
Epoch 54881
Epoch 54882
Epoch 54883
Epoch 54884
Epoch 54885
Epoch 54886
Epoch 54887
Epoch 54888
Epoch 54889
Epoch 54890
Epoch 54891
Epoch 54892
Epoch 54893
Epoch 54894
Epoch 54895
Epoch 54896
Epoch 54897
Epoch 54898
Epoch 54899
Epoch 54900
Epoch 54901
Epoch 54902
Epoch 54903
Epoch 54904
Epoch 54905
Epoch 54906
Epoch 54907
Epoch 54908
Epoch 54909
Epoch 54910
Epoch 54911
Epoch 54912
Epoch 54913
Epoch 54914
Epoch 54915
Epoch 54916
Epoch 54917
Epoch 54918
Epoch 54919
Epoch 54920
Epoch 54921
Epoch 54922
Epoch 54923
Epoch 54924
Epoch 54925
Epoch 54926
Epoch 54927
Epoch 54928
Epoch 54929
Epoch 54930
Epoch 54931
Epoch 54932
Epoch 54933
Epoch 54934
Epoch 54935
Epoch 54936
Epoch 54937
Epoch 54938
Epoch 54939
Epoch 54940
Epoch 54941
Epoch 54942
Epoch 54943
Epoch 54944
Epoch 54945
Epoch 54946
Epoch 54947
Epoch 54948
Epoch 54949
Epoch 54950
Epoch 54951
Epoch 54952
Epoch 54953
Epoch 54954
Epoch 54955
Epoch 54956
Epoch 54957
Epoch 54958
Epoch 54959
Epoch 54960
Epoch 54961
Epoch 54962
Epoch 54963
Epoch 54964
Epoch 54965
Epoch 54966
Epoch 54967
Epoch 54968
Epoch 54969
Epoch 54970
Epoch 54971
Epoch 54972
Epoch 54973
Epoch 54974
Epoch 54975
Epoch 54976
Epoch 54977
Epoch 54978
Epoch 54979
Epoch 54980
Epoch 54981
Epoch 54982
Epoch 54983
Epoch 54984
Epoch 54985
Epoch 54986
Epoch 54987
Epoch 54988
Epoch 54989
Epoch 54990
Epoch 54991
Epoch 54992
Epoch 54993
Epoch 54994
Epoch 54995
Epoch 54996
Epoch 54997
Epoch 54998
Epoch 54999
Epoch 55000
Epoch 55001
Epoch 55002
Epoch 55003
Epoch 55004
Epoch 55005
Epoch 55006
Epoch 55007
Epoch 55008
Epoch 55009
Epoch 55010
Epoch 55011
Epoch 55012
Epoch 55013
Epoch 55014
Epoch 55015
Epoch 55016
Epoch 55017
Epoch 55018
Epoch 55019
Epoch 55020
Epoch 55021
Epoch 55022
Epoch 55023
Epoch 55024
Epoch 55025
Epoch 55026
Epoch 55027
Epoch 55028
Epoch 55029
Epoch 55030
Epoch 55031
Epoch 55032
Epoch 55033
Epoch 55034
Epoch 55035
Epoch 55036
Epoch 55037
Epoch 55038
Epoch 55039
Epoch 55040
Epoch 55041
Epoch 55042
Epoch 55043
Epoch 55044
Epoch 55045
Epoch 55046
Epoch 55047
Epoch 55048
Epoch 55049
Epoch 55050
Epoch 55051
Epoch 55052
Epoch 55053
Epoch 55054
Epoch 55055
Epoch 55056
Epoch 55057
Epoch 55058
Epoch 55059
Epoch 55060
Epoch 55061
Epoch 55062
Epoch 55063
Epoch 55064
Epoch 55065
Epoch 55066
Epoch 55067
Epoch 55068
Epoch 55069
Epoch 55070
Epoch 55071
Epoch 55072
Epoch 55073
Epoch 55074
Epoch 55075
Epoch 55076
Epoch 55077
Epoch 55078
Epoch 55079
Epoch 55080
Epoch 55081
Epoch 55082
Epoch 55083
Epoch 55084
Epoch 55085
Epoch 55086
Epoch 55087
Epoch 55088
Epoch 55089
Epoch 55090
Epoch 55091
Epoch 55092
Epoch 55093
Epoch 55094
Epoch 55095
Epoch 55096
Epoch 55097
Epoch 55098
Epoch 55099
Epoch 55100
Epoch 55101
Epoch 55102
Epoch 55103
Epoch 55104
Epoch 55105
Epoch 55106
Epoch 55107
Epoch 55108
Epoch 55109
Epoch 55110
Epoch 55111
Epoch 55112
Epoch 55113
Epoch 55114
Epoch 55115
Epoch 55116
Epoch 55117
Epoch 55118
Epoch 55119
Epoch 55120
Epoch 55121
Epoch 55122
Epoch 55123
Epoch 55124
Epoch 55125
Epoch 55126
Epoch 55127
Epoch 55128
Epoch 55129
Epoch 55130
Epoch 55131
Epoch 55132
Epoch 55133
Epoch 55134
Epoch 55135
Epoch 55136
Epoch 55137
Epoch 55138
Epoch 55139
Epoch 55140
Epoch 55141
Epoch 55142
Epoch 55143
Epoch 55144
Epoch 55145
Epoch 55146
Epoch 55147
Epoch 55148
Epoch 55149
Epoch 55150
Epoch 55151
Epoch 55152
Epoch 55153
Epoch 55154
Epoch 55155
Epoch 55156
Epoch 55157
Epoch 55158
Epoch 55159
Epoch 55160
Epoch 55161
Epoch 55162
Epoch 55163
Epoch 55164
Epoch 55165
Epoch 55166
Epoch 55167
Epoch 55168
Epoch 55169
Epoch 55170
Epoch 55171
Epoch 55172
Epoch 55173
Epoch 55174
Epoch 55175
Epoch 55176
Epoch 55177
Epoch 55178
Epoch 55179
Epoch 55180
Epoch 55181
Epoch 55182
Epoch 55183
Epoch 55184
Epoch 55185
Epoch 55186
Epoch 55187
Epoch 55188
Epoch 55189
Epoch 55190
Epoch 55191
Epoch 55192
Epoch 55193
Epoch 55194
Epoch 55195
Epoch 55196
Epoch 55197
Epoch 55198
Epoch 55199
Epoch 55200
Epoch 55201
Epoch 55202
Epoch 55203
Epoch 55204
Epoch 55205
Epoch 55206
Epoch 55207
Epoch 55208
Epoch 55209
Epoch 55210
Epoch 55211
Epoch 55212
Epoch 55213
Epoch 55214
Epoch 55215
Epoch 55216
Epoch 55217
Epoch 55218
Epoch 55219
Epoch 55220
Epoch 55221
Epoch 55222
Epoch 55223
Epoch 55224
Epoch 55225
Epoch 55226
Epoch 55227
Epoch 55228
Epoch 55229
Epoch 55230
Epoch 55231
Epoch 55232
Epoch 55233
Epoch 55234
Epoch 55235
Epoch 55236
Epoch 55237
Epoch 55238
Epoch 55239
Epoch 55240
Epoch 55241
Epoch 55242
Epoch 55243
Epoch 55244
Epoch 55245
Epoch 55246
Epoch 55247
Epoch 55248
Epoch 55249
Epoch 55250
Epoch 55251
Epoch 55252
Epoch 55253
Epoch 55254
Epoch 55255
Epoch 55256
Epoch 55257
Epoch 55258
Epoch 55259
Epoch 55260
Epoch 55261
Epoch 55262
Epoch 55263
Epoch 55264
Epoch 55265
Epoch 55266
Epoch 55267
Epoch 55268
Epoch 55269
Epoch 55270
Epoch 55271
Epoch 55272
Epoch 55273
Epoch 55274
Epoch 55275
Epoch 55276
Epoch 55277
Epoch 55278
Epoch 55279
Epoch 55280
Epoch 55281
Epoch 55282
Epoch 55283
Epoch 55284
Epoch 55285
Epoch 55286
Epoch 55287
Epoch 55288
Epoch 55289
Epoch 55290
Epoch 55291
Epoch 55292
Epoch 55293
Epoch 55294
Epoch 55295
Epoch 55296
Epoch 55297
Epoch 55298
Epoch 55299
Epoch 55300
Epoch 55301
Epoch 55302
Epoch 55303
Epoch 55304
Epoch 55305
Epoch 55306
Epoch 55307
Epoch 55308
Epoch 55309
Epoch 55310
Epoch 55311
Epoch 55312
Epoch 55313
Epoch 55314
Epoch 55315
Epoch 55316
Epoch 55317
Epoch 55318
Epoch 55319
Epoch 55320
Epoch 55321
Epoch 55322
Epoch 55323
Epoch 55324
Epoch 55325
Epoch 55326
Epoch 55327
Epoch 55328
Epoch 55329
Epoch 55330
Epoch 55331
Epoch 55332
Epoch 55333
Epoch 55334
Epoch 55335
Epoch 55336
Epoch 55337
Epoch 55338
Epoch 55339
Epoch 55340
Epoch 55341
Epoch 55342
Epoch 55343
Epoch 55344
Epoch 55345
Epoch 55346
Epoch 55347
Epoch 55348
Epoch 55349
Epoch 55350
Epoch 55351
Epoch 55352
Epoch 55353
Epoch 55354
Epoch 55355
Epoch 55356
Epoch 55357
Epoch 55358
Epoch 55359
Epoch 55360
Epoch 55361
Epoch 55362
Epoch 55363
Epoch 55364
Epoch 55365
Epoch 55366
Epoch 55367
Epoch 55368
Epoch 55369
Epoch 55370
Epoch 55371
Epoch 55372
Epoch 55373
Epoch 55374
Epoch 55375
Epoch 55376
Epoch 55377
Epoch 55378
Epoch 55379
Epoch 55380
Epoch 55381
Epoch 55382
Epoch 55383
Epoch 55384
Epoch 55385
Epoch 55386
Epoch 55387
Epoch 55388
Epoch 55389
Epoch 55390
Epoch 55391
Epoch 55392
Epoch 55393
Epoch 55394
Epoch 55395
Epoch 55396
Epoch 55397
Epoch 55398
Epoch 55399
Epoch 55400
Epoch 55401
Epoch 55402
Epoch 55403
Epoch 55404
Epoch 55405
Epoch 55406
Epoch 55407
Epoch 55408
Epoch 55409
Epoch 55410
Epoch 55411
Epoch 55412
Epoch 55413
Epoch 55414
Epoch 55415
Epoch 55416
Epoch 55417
Epoch 55418
Epoch 55419
Epoch 55420
Epoch 55421
Epoch 55422
Epoch 55423
Epoch 55424
Epoch 55425
Epoch 55426
Epoch 55427
Epoch 55428
Epoch 55429
Epoch 55430
Epoch 55431
Epoch 55432
Epoch 55433
Epoch 55434
Epoch 55435
Epoch 55436
Epoch 55437
Epoch 55438
Epoch 55439
Epoch 55440
Epoch 55441
Epoch 55442
Epoch 55443
Epoch 55444
Epoch 55445
Epoch 55446
Epoch 55447
Epoch 55448
Epoch 55449
Epoch 55450
Epoch 55451
Epoch 55452
Epoch 55453
Epoch 55454
Epoch 55455
Epoch 55456
Epoch 55457
Epoch 55458
Epoch 55459
Epoch 55460
Epoch 55461
Epoch 55462
Epoch 55463
Epoch 55464
Epoch 55465
Epoch 55466
Epoch 55467
Epoch 55468
Epoch 55469
Epoch 55470
Epoch 55471
Epoch 55472
Epoch 55473
Epoch 55474
Epoch 55475
Epoch 55476
Epoch 55477
Epoch 55478
Epoch 55479
Epoch 55480
Epoch 55481
Epoch 55482
Epoch 55483
Epoch 55484
Epoch 55485
Epoch 55486
Epoch 55487
Epoch 55488
Epoch 55489
Epoch 55490
Epoch 55491
Epoch 55492
Epoch 55493
Epoch 55494
Epoch 55495
Epoch 55496
Epoch 55497
Epoch 55498
Epoch 55499
Epoch 55500
Epoch 55501
Epoch 55502
Epoch 55503
Epoch 55504
Epoch 55505
Epoch 55506
Epoch 55507
Epoch 55508
Epoch 55509
Epoch 55510
Epoch 55511
Epoch 55512
Epoch 55513
Epoch 55514
Epoch 55515
Epoch 55516
Epoch 55517
Epoch 55518
Epoch 55519
Epoch 55520
Epoch 55521
Epoch 55522
Epoch 55523
Epoch 55524
Epoch 55525
Epoch 55526
Epoch 55527
Epoch 55528
Epoch 55529
Epoch 55530
Epoch 55531
Epoch 55532
Epoch 55533
Epoch 55534
Epoch 55535
Epoch 55536
Epoch 55537
Epoch 55538
Epoch 55539
Epoch 55540
Epoch 55541
Epoch 55542
Epoch 55543
Epoch 55544
Epoch 55545
Epoch 55546
Epoch 55547
Epoch 55548
Epoch 55549
Epoch 55550
Epoch 55551
Epoch 55552
Epoch 55553
Epoch 55554
Epoch 55555
Epoch 55556
Epoch 55557
Epoch 55558
Epoch 55559
Epoch 55560
Epoch 55561
Epoch 55562
Epoch 55563
Epoch 55564
Epoch 55565
Epoch 55566
Epoch 55567
Epoch 55568
Epoch 55569
Epoch 55570
Epoch 55571
Epoch 55572
Epoch 55573
Epoch 55574
Epoch 55575
Epoch 55576
Epoch 55577
Epoch 55578
Epoch 55579
Epoch 55580
Epoch 55581
Epoch 55582
Epoch 55583
Epoch 55584
Epoch 55585
Epoch 55586
Epoch 55587
Epoch 55588
Epoch 55589
Epoch 55590
Epoch 55591
Epoch 55592
Epoch 55593
Epoch 55594
Epoch 55595
Epoch 55596
Epoch 55597
Epoch 55598
Epoch 55599
Epoch 55600
Epoch 55601
Epoch 55602
Epoch 55603
Epoch 55604
Epoch 55605
Epoch 55606
Epoch 55607
Epoch 55608
Epoch 55609
Epoch 55610
Epoch 55611
Epoch 55612
Epoch 55613
Epoch 55614
Epoch 55615
Epoch 55616
Epoch 55617
Epoch 55618
Epoch 55619
Epoch 55620
Epoch 55621
Epoch 55622
Epoch 55623
Epoch 55624
Epoch 55625
Epoch 55626
Epoch 55627
Epoch 55628
Epoch 55629
Epoch 55630
Epoch 55631
Epoch 55632
Epoch 55633
Epoch 55634
Epoch 55635
Epoch 55636
Epoch 55637
Epoch 55638
Epoch 55639
Epoch 55640
Epoch 55641
Epoch 55642
Epoch 55643
Epoch 55644
Epoch 55645
Epoch 55646
Epoch 55647
Epoch 55648
Epoch 55649
Epoch 55650
Epoch 55651
Epoch 55652
Epoch 55653
Epoch 55654
Epoch 55655
Epoch 55656
Epoch 55657
Epoch 55658
Epoch 55659
Epoch 55660
Epoch 55661
Epoch 55662
Epoch 55663
Epoch 55664
Epoch 55665
Epoch 55666
Epoch 55667
Epoch 55668
Epoch 55669
Epoch 55670
Epoch 55671
Epoch 55672
Epoch 55673
Epoch 55674
Epoch 55675
Epoch 55676
Epoch 55677
Epoch 55678
Epoch 55679
Epoch 55680
Epoch 55681
Epoch 55682
Epoch 55683
Epoch 55684
Epoch 55685
Epoch 55686
Epoch 55687
Epoch 55688
Epoch 55689
Epoch 55690
Epoch 55691
Epoch 55692
Epoch 55693
Epoch 55694
Epoch 55695
Epoch 55696
Epoch 55697
Epoch 55698
Epoch 55699
Epoch 55700
Epoch 55701
Epoch 55702
Epoch 55703
Epoch 55704
Epoch 55705
Epoch 55706
Epoch 55707
Epoch 55708
Epoch 55709
Epoch 55710
Epoch 55711
Epoch 55712
Epoch 55713
Epoch 55714
Epoch 55715
Epoch 55716
Epoch 55717
Epoch 55718
Epoch 55719
Epoch 55720
Epoch 55721
Epoch 55722
Epoch 55723
Epoch 55724
Epoch 55725
Epoch 55726
Epoch 55727
Epoch 55728
Epoch 55729
Epoch 55730
Epoch 55731
Epoch 55732
Epoch 55733
Epoch 55734
Epoch 55735
Epoch 55736
Epoch 55737
Epoch 55738
Epoch 55739
Epoch 55740
Epoch 55741
Epoch 55742
Epoch 55743
Epoch 55744
Epoch 55745
Epoch 55746
Epoch 55747
Epoch 55748
Epoch 55749
Epoch 55750
Epoch 55751
Epoch 55752
Epoch 55753
Epoch 55754
Epoch 55755
Epoch 55756
Epoch 55757
Epoch 55758
Epoch 55759
Epoch 55760
Epoch 55761
Epoch 55762
Epoch 55763
Epoch 55764
Epoch 55765
Epoch 55766
Epoch 55767
Epoch 55768
Epoch 55769
Epoch 55770
Epoch 55771
Epoch 55772
Epoch 55773
Epoch 55774
Epoch 55775
Epoch 55776
Epoch 55777
Epoch 55778
Epoch 55779
Epoch 55780
Epoch 55781
Epoch 55782
Epoch 55783
Epoch 55784
Epoch 55785
Epoch 55786
Epoch 55787
Epoch 55788
Epoch 55789
Epoch 55790
Epoch 55791
Epoch 55792
Epoch 55793
Epoch 55794
Epoch 55795
Epoch 55796
Epoch 55797
Epoch 55798
Epoch 55799
Epoch 55800
Epoch 55801
Epoch 55802
Epoch 55803
Epoch 55804
Epoch 55805
Epoch 55806
Epoch 55807
Epoch 55808
Epoch 55809
Epoch 55810
Epoch 55811
Epoch 55812
Epoch 55813
Epoch 55814
Epoch 55815
Epoch 55816
Epoch 55817
Epoch 55818
Epoch 55819
Epoch 55820
Epoch 55821
Epoch 55822
Epoch 55823
Epoch 55824
Epoch 55825
Epoch 55826
Epoch 55827
Epoch 55828
Epoch 55829
Epoch 55830
Epoch 55831
Epoch 55832
Epoch 55833
Epoch 55834
Epoch 55835
Epoch 55836
Epoch 55837
Epoch 55838
Epoch 55839
Epoch 55840
Epoch 55841
Epoch 55842
Epoch 55843
Epoch 55844
Epoch 55845
Epoch 55846
Epoch 55847
Epoch 55848
Epoch 55849
Epoch 55850
Epoch 55851
Epoch 55852
Epoch 55853
Epoch 55854
Epoch 55855
Epoch 55856
Epoch 55857
Epoch 55858
Epoch 55859
Epoch 55860
Epoch 55861
Epoch 55862
Epoch 55863
Epoch 55864
Epoch 55865
Epoch 55866
Epoch 55867
Epoch 55868
Epoch 55869
Epoch 55870
Epoch 55871
Epoch 55872
Epoch 55873
Epoch 55874
Epoch 55875
Epoch 55876
Epoch 55877
Epoch 55878
Epoch 55879
Epoch 55880
Epoch 55881
Epoch 55882
Epoch 55883
Epoch 55884
Epoch 55885
Epoch 55886
Epoch 55887
Epoch 55888
Epoch 55889
Epoch 55890
Epoch 55891
Epoch 55892
Epoch 55893
Epoch 55894
Epoch 55895
Epoch 55896
Epoch 55897
Epoch 55898
Epoch 55899
Epoch 55900
Epoch 55901
Epoch 55902
Epoch 55903
Epoch 55904
Epoch 55905
Epoch 55906
Epoch 55907
Epoch 55908
Epoch 55909
Epoch 55910
Epoch 55911
Epoch 55912
Epoch 55913
Epoch 55914
Epoch 55915
Epoch 55916
Epoch 55917
Epoch 55918
Epoch 55919
Epoch 55920
Epoch 55921
Epoch 55922
Epoch 55923
Epoch 55924
Epoch 55925
Epoch 55926
Epoch 55927
Epoch 55928
Epoch 55929
Epoch 55930
Epoch 55931
Epoch 55932
Epoch 55933
Epoch 55934
Epoch 55935
Epoch 55936
Epoch 55937
Epoch 55938
Epoch 55939
Epoch 55940
Epoch 55941
Epoch 55942
Epoch 55943
Epoch 55944
Epoch 55945
Epoch 55946
Epoch 55947
Epoch 55948
Epoch 55949
Epoch 55950
Epoch 55951
Epoch 55952
Epoch 55953
Epoch 55954
Epoch 55955
Epoch 55956
Epoch 55957
Epoch 55958
Epoch 55959
Epoch 55960
Epoch 55961
Epoch 55962
Epoch 55963
Epoch 55964
Epoch 55965
Epoch 55966
Epoch 55967
Epoch 55968
Epoch 55969
Epoch 55970
Epoch 55971
Epoch 55972
Epoch 55973
Epoch 55974
Epoch 55975
Epoch 55976
Epoch 55977
Epoch 55978
Epoch 55979
Epoch 55980
Epoch 55981
Epoch 55982
Epoch 55983
Epoch 55984
Epoch 55985
Epoch 55986
Epoch 55987
Epoch 55988
Epoch 55989
Epoch 55990
Epoch 55991
Epoch 55992
Epoch 55993
Epoch 55994
Epoch 55995
Epoch 55996
Epoch 55997
Epoch 55998
Epoch 55999
Epoch 56000
Epoch 56001
Epoch 56002
Epoch 56003
Epoch 56004
Epoch 56005
Epoch 56006
Epoch 56007
Epoch 56008
Epoch 56009
Epoch 56010
Epoch 56011
Epoch 56012
Epoch 56013
Epoch 56014
Epoch 56015
Epoch 56016
Epoch 56017
Epoch 56018
Epoch 56019
Epoch 56020
Epoch 56021
Epoch 56022
Epoch 56023
Epoch 56024
Epoch 56025
Epoch 56026
Epoch 56027
Epoch 56028
Epoch 56029
Epoch 56030
Epoch 56031
Epoch 56032
Epoch 56033
Epoch 56034
Epoch 56035
Epoch 56036
Epoch 56037
Epoch 56038
Epoch 56039
Epoch 56040
Epoch 56041
Epoch 56042
Epoch 56043
Epoch 56044
Epoch 56045
Epoch 56046
Epoch 56047
Epoch 56048
Epoch 56049
Epoch 56050
Epoch 56051
Epoch 56052
Epoch 56053
Epoch 56054
Epoch 56055
Epoch 56056
Epoch 56057
Epoch 56058
Epoch 56059
Epoch 56060
Epoch 56061
Epoch 56062
Epoch 56063
Epoch 56064
Epoch 56065
Epoch 56066
Epoch 56067
Epoch 56068
Epoch 56069
Epoch 56070
Epoch 56071
Epoch 56072
Epoch 56073
Epoch 56074
Epoch 56075
Epoch 56076
Epoch 56077
Epoch 56078
Epoch 56079
Epoch 56080
Epoch 56081
Epoch 56082
Epoch 56083
Epoch 56084
Epoch 56085
Epoch 56086
Epoch 56087
Epoch 56088
Epoch 56089
Epoch 56090
Epoch 56091
Epoch 56092
Epoch 56093
Epoch 56094
Epoch 56095
Epoch 56096
Epoch 56097
Epoch 56098
Epoch 56099
Epoch 56100
Epoch 56101
Epoch 56102
Epoch 56103
Epoch 56104
Epoch 56105
Epoch 56106
Epoch 56107
Epoch 56108
Epoch 56109
Epoch 56110
Epoch 56111
Epoch 56112
Epoch 56113
Epoch 56114
Epoch 56115
Epoch 56116
Epoch 56117
Epoch 56118
Epoch 56119
Epoch 56120
Epoch 56121
Epoch 56122
Epoch 56123
Epoch 56124
Epoch 56125
Epoch 56126
Epoch 56127
Epoch 56128
Epoch 56129
Epoch 56130
Epoch 56131
Epoch 56132
Epoch 56133
Epoch 56134
Epoch 56135
Epoch 56136
Epoch 56137
Epoch 56138
Epoch 56139
Epoch 56140
Epoch 56141
Epoch 56142
Epoch 56143
Epoch 56144
Epoch 56145
Epoch 56146
Epoch 56147
Epoch 56148
Epoch 56149
Epoch 56150
Epoch 56151
Epoch 56152
Epoch 56153
Epoch 56154
Epoch 56155
Epoch 56156
Epoch 56157
Epoch 56158
Epoch 56159
Epoch 56160
Epoch 56161
Epoch 56162
Epoch 56163
Epoch 56164
Epoch 56165
Epoch 56166
Epoch 56167
Epoch 56168
Epoch 56169
Epoch 56170
Epoch 56171
Epoch 56172
Epoch 56173
Epoch 56174
Epoch 56175
Epoch 56176
Epoch 56177
Epoch 56178
Epoch 56179
Epoch 56180
Epoch 56181
Epoch 56182
Epoch 56183
Epoch 56184
Epoch 56185
Epoch 56186
Epoch 56187
Epoch 56188
Epoch 56189
Epoch 56190
Epoch 56191
Epoch 56192
Epoch 56193
Epoch 56194
Epoch 56195
Epoch 56196
Epoch 56197
Epoch 56198
Epoch 56199
Epoch 56200
Epoch 56201
Epoch 56202
Epoch 56203
Epoch 56204
Epoch 56205
Epoch 56206
Epoch 56207
Epoch 56208
Epoch 56209
Epoch 56210
Epoch 56211
Epoch 56212
Epoch 56213
Epoch 56214
Epoch 56215
Epoch 56216
Epoch 56217
Epoch 56218
Epoch 56219
Epoch 56220
Epoch 56221
Epoch 56222
Epoch 56223
Epoch 56224
Epoch 56225
Epoch 56226
Epoch 56227
Epoch 56228
Epoch 56229
Epoch 56230
Epoch 56231
Epoch 56232
Epoch 56233
Epoch 56234
Epoch 56235
Epoch 56236
Epoch 56237
Epoch 56238
Epoch 56239
Epoch 56240
Epoch 56241
Epoch 56242
Epoch 56243
Epoch 56244
Epoch 56245
Epoch 56246
Epoch 56247
Epoch 56248
Epoch 56249
Epoch 56250
Epoch 56251
Epoch 56252
Epoch 56253
Epoch 56254
Epoch 56255
Epoch 56256
Epoch 56257
Epoch 56258
Epoch 56259
Epoch 56260
Epoch 56261
Epoch 56262
Epoch 56263
Epoch 56264
Epoch 56265
Epoch 56266
Epoch 56267
Epoch 56268
Epoch 56269
Epoch 56270
Epoch 56271
Epoch 56272
Epoch 56273
Epoch 56274
Epoch 56275
Epoch 56276
Epoch 56277
Epoch 56278
Epoch 56279
Epoch 56280
Epoch 56281
Epoch 56282
Epoch 56283
Epoch 56284
Epoch 56285
Epoch 56286
Epoch 56287
Epoch 56288
Epoch 56289
Epoch 56290
Epoch 56291
Epoch 56292
Epoch 56293
Epoch 56294
Epoch 56295
Epoch 56296
Epoch 56297
Epoch 56298
Epoch 56299
Epoch 56300
Epoch 56301
Epoch 56302
Epoch 56303
Epoch 56304
Epoch 56305
Epoch 56306
Epoch 56307
Epoch 56308
Epoch 56309
Epoch 56310
Epoch 56311
Epoch 56312
Epoch 56313
Epoch 56314
Epoch 56315
Epoch 56316
Epoch 56317
Epoch 56318
Epoch 56319
Epoch 56320
Epoch 56321
Epoch 56322
Epoch 56323
Epoch 56324
Epoch 56325
Epoch 56326
Epoch 56327
Epoch 56328
Epoch 56329
Epoch 56330
Epoch 56331
Epoch 56332
Epoch 56333
Epoch 56334
Epoch 56335
Epoch 56336
Epoch 56337
Epoch 56338
Epoch 56339
Epoch 56340
Epoch 56341
Epoch 56342
Epoch 56343
Epoch 56344
Epoch 56345
Epoch 56346
Epoch 56347
Epoch 56348
Epoch 56349
Epoch 56350
Epoch 56351
Epoch 56352
Epoch 56353
Epoch 56354
Epoch 56355
Epoch 56356
Epoch 56357
Epoch 56358
Epoch 56359
Epoch 56360
Epoch 56361
Epoch 56362
Epoch 56363
Epoch 56364
Epoch 56365
Epoch 56366
Epoch 56367
Epoch 56368
Epoch 56369
Epoch 56370
Epoch 56371
Epoch 56372
Epoch 56373
Epoch 56374
Epoch 56375
Epoch 56376
Epoch 56377
Epoch 56378
Epoch 56379
Epoch 56380
Epoch 56381
Epoch 56382
Epoch 56383
Epoch 56384
Epoch 56385
Epoch 56386
Epoch 56387
Epoch 56388
Epoch 56389
Epoch 56390
Epoch 56391
Epoch 56392
Epoch 56393
Epoch 56394
Epoch 56395
Epoch 56396
Epoch 56397
Epoch 56398
Epoch 56399
Epoch 56400
Epoch 56401
Epoch 56402
Epoch 56403
Epoch 56404
Epoch 56405
Epoch 56406
Epoch 56407
Epoch 56408
Epoch 56409
Epoch 56410
Epoch 56411
Epoch 56412
Epoch 56413
Epoch 56414
Epoch 56415
Epoch 56416
Epoch 56417
Epoch 56418
Epoch 56419
Epoch 56420
Epoch 56421
Epoch 56422
Epoch 56423
Epoch 56424
Epoch 56425
Epoch 56426
Epoch 56427
Epoch 56428
Epoch 56429
Epoch 56430
Epoch 56431
Epoch 56432
Epoch 56433
Epoch 56434
Epoch 56435
Epoch 56436
Epoch 56437
Epoch 56438
Epoch 56439
Epoch 56440
Epoch 56441
Epoch 56442
Epoch 56443
Epoch 56444
Epoch 56445
Epoch 56446
Epoch 56447
Epoch 56448
Epoch 56449
Epoch 56450
Epoch 56451
Epoch 56452
Epoch 56453
Epoch 56454
Epoch 56455
Epoch 56456
Epoch 56457
Epoch 56458
Epoch 56459
Epoch 56460
Epoch 56461
Epoch 56462
Epoch 56463
Epoch 56464
Epoch 56465
Epoch 56466
Epoch 56467
Epoch 56468
Epoch 56469
Epoch 56470
Epoch 56471
Epoch 56472
Epoch 56473
Epoch 56474
Epoch 56475
Epoch 56476
Epoch 56477
Epoch 56478
Epoch 56479
Epoch 56480
Epoch 56481
Epoch 56482
Epoch 56483
Epoch 56484
Epoch 56485
Epoch 56486
Epoch 56487
Epoch 56488
Epoch 56489
Epoch 56490
Epoch 56491
Epoch 56492
Epoch 56493
Epoch 56494
Epoch 56495
Epoch 56496
Epoch 56497
Epoch 56498
Epoch 56499
Epoch 56500
Epoch 56501
Epoch 56502
Epoch 56503
Epoch 56504
Epoch 56505
Epoch 56506
Epoch 56507
Epoch 56508
Epoch 56509
Epoch 56510
Epoch 56511
Epoch 56512
Epoch 56513
Epoch 56514
Epoch 56515
Epoch 56516
Epoch 56517
Epoch 56518
Epoch 56519
Epoch 56520
Epoch 56521
Epoch 56522
Epoch 56523
Epoch 56524
Epoch 56525
Epoch 56526
Epoch 56527
Epoch 56528
Epoch 56529
Epoch 56530
Epoch 56531
Epoch 56532
Epoch 56533
Epoch 56534
Epoch 56535
Epoch 56536
Epoch 56537
Epoch 56538
Epoch 56539
Epoch 56540
Epoch 56541
Epoch 56542
Epoch 56543
Epoch 56544
Epoch 56545
Epoch 56546
Epoch 56547
Epoch 56548
Epoch 56549
Epoch 56550
Epoch 56551
Epoch 56552
Epoch 56553
Epoch 56554
Epoch 56555
Epoch 56556
Epoch 56557
Epoch 56558
Epoch 56559
Epoch 56560
Epoch 56561
Epoch 56562
Epoch 56563
Epoch 56564
Epoch 56565
Epoch 56566
Epoch 56567
Epoch 56568
Epoch 56569
Epoch 56570
Epoch 56571
Epoch 56572
Epoch 56573
Epoch 56574
Epoch 56575
Epoch 56576
Epoch 56577
Epoch 56578
Epoch 56579
Epoch 56580
Epoch 56581
Epoch 56582
Epoch 56583
Epoch 56584
Epoch 56585
Epoch 56586
Epoch 56587
Epoch 56588
Epoch 56589
Epoch 56590
Epoch 56591
Epoch 56592
Epoch 56593
Epoch 56594
Epoch 56595
Epoch 56596
Epoch 56597
Epoch 56598
Epoch 56599
Epoch 56600
Epoch 56601
Epoch 56602
Epoch 56603
Epoch 56604
Epoch 56605
Epoch 56606
Epoch 56607
Epoch 56608
Epoch 56609
Epoch 56610
Epoch 56611
Epoch 56612
Epoch 56613
Epoch 56614
Epoch 56615
Epoch 56616
Epoch 56617
Epoch 56618
Epoch 56619
Epoch 56620
Epoch 56621
Epoch 56622
Epoch 56623
Epoch 56624
Epoch 56625
Epoch 56626
Epoch 56627
Epoch 56628
Epoch 56629
Epoch 56630
Epoch 56631
Epoch 56632
Epoch 56633
Epoch 56634
Epoch 56635
Epoch 56636
Epoch 56637
Epoch 56638
Epoch 56639
Epoch 56640
Epoch 56641
Epoch 56642
Epoch 56643
Epoch 56644
Epoch 56645
Epoch 56646
Epoch 56647
Epoch 56648
Epoch 56649
Epoch 56650
Epoch 56651
Epoch 56652
Epoch 56653
Epoch 56654
Epoch 56655
Epoch 56656
Epoch 56657
Epoch 56658
Epoch 56659
Epoch 56660
Epoch 56661
Epoch 56662
Epoch 56663
Epoch 56664
Epoch 56665
Epoch 56666
Epoch 56667
Epoch 56668
Epoch 56669
Epoch 56670
Epoch 56671
Epoch 56672
Epoch 56673
Epoch 56674
Epoch 56675
Epoch 56676
Epoch 56677
Epoch 56678
Epoch 56679
Epoch 56680
Epoch 56681
Epoch 56682
Epoch 56683
Epoch 56684
Epoch 56685
Epoch 56686
Epoch 56687
Epoch 56688
Epoch 56689
Epoch 56690
Epoch 56691
Epoch 56692
Epoch 56693
Epoch 56694
Epoch 56695
Epoch 56696
Epoch 56697
Epoch 56698
Epoch 56699
Epoch 56700
Epoch 56701
Epoch 56702
Epoch 56703
Epoch 56704
Epoch 56705
Epoch 56706
Epoch 56707
Epoch 56708
Epoch 56709
Epoch 56710
Epoch 56711
Epoch 56712
Epoch 56713
Epoch 56714
Epoch 56715
Epoch 56716
Epoch 56717
Epoch 56718
Epoch 56719
Epoch 56720
Epoch 56721
Epoch 56722
Epoch 56723
Epoch 56724
Epoch 56725
Epoch 56726
Epoch 56727
Epoch 56728
Epoch 56729
Epoch 56730
Epoch 56731
Epoch 56732
Epoch 56733
Epoch 56734
Epoch 56735
Epoch 56736
Epoch 56737
Epoch 56738
Epoch 56739
Epoch 56740
Epoch 56741
Epoch 56742
Epoch 56743
Epoch 56744
Epoch 56745
Epoch 56746
Epoch 56747
Epoch 56748
Epoch 56749
Epoch 56750
Epoch 56751
Epoch 56752
Epoch 56753
Epoch 56754
Epoch 56755
Epoch 56756
Epoch 56757
Epoch 56758
Epoch 56759
Epoch 56760
Epoch 56761
Epoch 56762
Epoch 56763
Epoch 56764
Epoch 56765
Epoch 56766
Epoch 56767
Epoch 56768
Epoch 56769
Epoch 56770
Epoch 56771
Epoch 56772
Epoch 56773
Epoch 56774
Epoch 56775
Epoch 56776
Epoch 56777
Epoch 56778
Epoch 56779
Epoch 56780
Epoch 56781
Epoch 56782
Epoch 56783
Epoch 56784
Epoch 56785
Epoch 56786
Epoch 56787
Epoch 56788
Epoch 56789
Epoch 56790
Epoch 56791
Epoch 56792
Epoch 56793
Epoch 56794
Epoch 56795
Epoch 56796
Epoch 56797
Epoch 56798
Epoch 56799
Epoch 56800
Epoch 56801
Epoch 56802
Epoch 56803
Epoch 56804
Epoch 56805
Epoch 56806
Epoch 56807
Epoch 56808
Epoch 56809
Epoch 56810
Epoch 56811
Epoch 56812
Epoch 56813
Epoch 56814
Epoch 56815
Epoch 56816
Epoch 56817
Epoch 56818
Epoch 56819
Epoch 56820
Epoch 56821
Epoch 56822
Epoch 56823
Epoch 56824
Epoch 56825
Epoch 56826
Epoch 56827
Epoch 56828
Epoch 56829
Epoch 56830
Epoch 56831
Epoch 56832
Epoch 56833
Epoch 56834
Epoch 56835
Epoch 56836
Epoch 56837
Epoch 56838
Epoch 56839
Epoch 56840
Epoch 56841
Epoch 56842
Epoch 56843
Epoch 56844
Epoch 56845
Epoch 56846
Epoch 56847
Epoch 56848
Epoch 56849
Epoch 56850
Epoch 56851
Epoch 56852
Epoch 56853
Epoch 56854
Epoch 56855
Epoch 56856
Epoch 56857
Epoch 56858
Epoch 56859
Epoch 56860
Epoch 56861
Epoch 56862
Epoch 56863
Epoch 56864
Epoch 56865
Epoch 56866
Epoch 56867
Epoch 56868
Epoch 56869
Epoch 56870
Epoch 56871
Epoch 56872
Epoch 56873
Epoch 56874
Epoch 56875
Epoch 56876
Epoch 56877
Epoch 56878
Epoch 56879
Epoch 56880
Epoch 56881
Epoch 56882
Epoch 56883
Epoch 56884
Epoch 56885
Epoch 56886
Epoch 56887
Epoch 56888
Epoch 56889
Epoch 56890
Epoch 56891
Epoch 56892
Epoch 56893
Epoch 56894
Epoch 56895
Epoch 56896
Epoch 56897
Epoch 56898
Epoch 56899
Epoch 56900
Epoch 56901
Epoch 56902
Epoch 56903
Epoch 56904
Epoch 56905
Epoch 56906
Epoch 56907
Epoch 56908
Epoch 56909
Epoch 56910
Epoch 56911
Epoch 56912
Epoch 56913
Epoch 56914
Epoch 56915
Epoch 56916
Epoch 56917
Epoch 56918
Epoch 56919
Epoch 56920
Epoch 56921
Epoch 56922
Epoch 56923
Epoch 56924
Epoch 56925
Epoch 56926
Epoch 56927
Epoch 56928
Epoch 56929
Epoch 56930
Epoch 56931
Epoch 56932
Epoch 56933
Epoch 56934
Epoch 56935
Epoch 56936
Epoch 56937
Epoch 56938
Epoch 56939
Epoch 56940
Epoch 56941
Epoch 56942
Epoch 56943
Epoch 56944
Epoch 56945
Epoch 56946
Epoch 56947
Epoch 56948
Epoch 56949
Epoch 56950
Epoch 56951
Epoch 56952
Epoch 56953
Epoch 56954
Epoch 56955
Epoch 56956
Epoch 56957
Epoch 56958
Epoch 56959
Epoch 56960
Epoch 56961
Epoch 56962
Epoch 56963
Epoch 56964
Epoch 56965
Epoch 56966
Epoch 56967
Epoch 56968
Epoch 56969
Epoch 56970
Epoch 56971
Epoch 56972
Epoch 56973
Epoch 56974
Epoch 56975
Epoch 56976
Epoch 56977
Epoch 56978
Epoch 56979
Epoch 56980
Epoch 56981
Epoch 56982
Epoch 56983
Epoch 56984
Epoch 56985
Epoch 56986
Epoch 56987
Epoch 56988
Epoch 56989
Epoch 56990
Epoch 56991
Epoch 56992
Epoch 56993
Epoch 56994
Epoch 56995
Epoch 56996
Epoch 56997
Epoch 56998
Epoch 56999
Epoch 57000
Epoch 57001
Epoch 57002
Epoch 57003
Epoch 57004
Epoch 57005
Epoch 57006
Epoch 57007
Epoch 57008
Epoch 57009
Epoch 57010
Epoch 57011
Epoch 57012
Epoch 57013
Epoch 57014
Epoch 57015
Epoch 57016
Epoch 57017
Epoch 57018
Epoch 57019
Epoch 57020
Epoch 57021
Epoch 57022
Epoch 57023
Epoch 57024
Epoch 57025
Epoch 57026
Epoch 57027
Epoch 57028
Epoch 57029
Epoch 57030
Epoch 57031
Epoch 57032
Epoch 57033
Epoch 57034
Epoch 57035
Epoch 57036
Epoch 57037
Epoch 57038
Epoch 57039
Epoch 57040
Epoch 57041
Epoch 57042
Epoch 57043
Epoch 57044
Epoch 57045
Epoch 57046
Epoch 57047
Epoch 57048
Epoch 57049
Epoch 57050
Epoch 57051
Epoch 57052
Epoch 57053
Epoch 57054
Epoch 57055
Epoch 57056
Epoch 57057
Epoch 57058
Epoch 57059
Epoch 57060
Epoch 57061
Epoch 57062
Epoch 57063
Epoch 57064
Epoch 57065
Epoch 57066
Epoch 57067
Epoch 57068
Epoch 57069
Epoch 57070
Epoch 57071
Epoch 57072
Epoch 57073
Epoch 57074
Epoch 57075
Epoch 57076
Epoch 57077
Epoch 57078
Epoch 57079
Epoch 57080
Epoch 57081
Epoch 57082
Epoch 57083
Epoch 57084
Epoch 57085
Epoch 57086
Epoch 57087
Epoch 57088
Epoch 57089
Epoch 57090
Epoch 57091
Epoch 57092
Epoch 57093
Epoch 57094
Epoch 57095
Epoch 57096
Epoch 57097
Epoch 57098
Epoch 57099
Epoch 57100
Epoch 57101
Epoch 57102
Epoch 57103
Epoch 57104
Epoch 57105
Epoch 57106
Epoch 57107
Epoch 57108
Epoch 57109
Epoch 57110
Epoch 57111
Epoch 57112
Epoch 57113
Epoch 57114
Epoch 57115
Epoch 57116
Epoch 57117
Epoch 57118
Epoch 57119
Epoch 57120
Epoch 57121
Epoch 57122
Epoch 57123
Epoch 57124
Epoch 57125
Epoch 57126
Epoch 57127
Epoch 57128
Epoch 57129
Epoch 57130
Epoch 57131
Epoch 57132
Epoch 57133
Epoch 57134
Epoch 57135
Epoch 57136
Epoch 57137
Epoch 57138
Epoch 57139
Epoch 57140
Epoch 57141
Epoch 57142
Epoch 57143
Epoch 57144
Epoch 57145
Epoch 57146
Epoch 57147
Epoch 57148
Epoch 57149
Epoch 57150
Epoch 57151
Epoch 57152
Epoch 57153
Epoch 57154
Epoch 57155
Epoch 57156
Epoch 57157
Epoch 57158
Epoch 57159
Epoch 57160
Epoch 57161
Epoch 57162
Epoch 57163
Epoch 57164
Epoch 57165
Epoch 57166
Epoch 57167
Epoch 57168
Epoch 57169
Epoch 57170
Epoch 57171
Epoch 57172
Epoch 57173
Epoch 57174
Epoch 57175
Epoch 57176
Epoch 57177
Epoch 57178
Epoch 57179
Epoch 57180
Epoch 57181
Epoch 57182
Epoch 57183
Epoch 57184
Epoch 57185
Epoch 57186
Epoch 57187
Epoch 57188
Epoch 57189
Epoch 57190
Epoch 57191
Epoch 57192
Epoch 57193
Epoch 57194
Epoch 57195
Epoch 57196
Epoch 57197
Epoch 57198
Epoch 57199
Epoch 57200
Epoch 57201
Epoch 57202
Epoch 57203
Epoch 57204
Epoch 57205
Epoch 57206
Epoch 57207
Epoch 57208
Epoch 57209
Epoch 57210
Epoch 57211
Epoch 57212
Epoch 57213
Epoch 57214
Epoch 57215
Epoch 57216
Epoch 57217
Epoch 57218
Epoch 57219
Epoch 57220
Epoch 57221
Epoch 57222
Epoch 57223
Epoch 57224
Epoch 57225
Epoch 57226
Epoch 57227
Epoch 57228
Epoch 57229
Epoch 57230
Epoch 57231
Epoch 57232
Epoch 57233
Epoch 57234
Epoch 57235
Epoch 57236
Epoch 57237
Epoch 57238
Epoch 57239
Epoch 57240
Epoch 57241
Epoch 57242
Epoch 57243
Epoch 57244
Epoch 57245
Epoch 57246
Epoch 57247
Epoch 57248
Epoch 57249
Epoch 57250
Epoch 57251
Epoch 57252
Epoch 57253
Epoch 57254
Epoch 57255
Epoch 57256
Epoch 57257
Epoch 57258
Epoch 57259
Epoch 57260
Epoch 57261
Epoch 57262
Epoch 57263
Epoch 57264
Epoch 57265
Epoch 57266
Epoch 57267
Epoch 57268
Epoch 57269
Epoch 57270
Epoch 57271
Epoch 57272
Epoch 57273
Epoch 57274
Epoch 57275
Epoch 57276
Epoch 57277
Epoch 57278
Epoch 57279
Epoch 57280
Epoch 57281
Epoch 57282
Epoch 57283
Epoch 57284
Epoch 57285
Epoch 57286
Epoch 57287
Epoch 57288
Epoch 57289
Epoch 57290
Epoch 57291
Epoch 57292
Epoch 57293
Epoch 57294
Epoch 57295
Epoch 57296
Epoch 57297
Epoch 57298
Epoch 57299
Epoch 57300
Epoch 57301
Epoch 57302
Epoch 57303
Epoch 57304
Epoch 57305
Epoch 57306
Epoch 57307
Epoch 57308
Epoch 57309
Epoch 57310
Epoch 57311
Epoch 57312
Epoch 57313
Epoch 57314
Epoch 57315
Epoch 57316
Epoch 57317
Epoch 57318
Epoch 57319
Epoch 57320
Epoch 57321
Epoch 57322
Epoch 57323
Epoch 57324
Epoch 57325
Epoch 57326
Epoch 57327
Epoch 57328
Epoch 57329
Epoch 57330
Epoch 57331
Epoch 57332
Epoch 57333
Epoch 57334
Epoch 57335
Epoch 57336
Epoch 57337
Epoch 57338
Epoch 57339
Epoch 57340
Epoch 57341
Epoch 57342
Epoch 57343
Epoch 57344
Epoch 57345
Epoch 57346
Epoch 57347
Epoch 57348
Epoch 57349
Epoch 57350
Epoch 57351
Epoch 57352
Epoch 57353
Epoch 57354
Epoch 57355
Epoch 57356
Epoch 57357
Epoch 57358
Epoch 57359
Epoch 57360
Epoch 57361
Epoch 57362
Epoch 57363
Epoch 57364
Epoch 57365
Epoch 57366
Epoch 57367
Epoch 57368
Epoch 57369
Epoch 57370
Epoch 57371
Epoch 57372
Epoch 57373
Epoch 57374
Epoch 57375
Epoch 57376
Epoch 57377
Epoch 57378
Epoch 57379
Epoch 57380
Epoch 57381
Epoch 57382
Epoch 57383
Epoch 57384
Epoch 57385
Epoch 57386
Epoch 57387
Epoch 57388
Epoch 57389
Epoch 57390
Epoch 57391
Epoch 57392
Epoch 57393
Epoch 57394
Epoch 57395
Epoch 57396
Epoch 57397
Epoch 57398
Epoch 57399
Epoch 57400
Epoch 57401
Epoch 57402
Epoch 57403
Epoch 57404
Epoch 57405
Epoch 57406
Epoch 57407
Epoch 57408
Epoch 57409
Epoch 57410
Epoch 57411
Epoch 57412
Epoch 57413
Epoch 57414
Epoch 57415
Epoch 57416
Epoch 57417
Epoch 57418
Epoch 57419
Epoch 57420
Epoch 57421
Epoch 57422
Epoch 57423
Epoch 57424
Epoch 57425
Epoch 57426
Epoch 57427
Epoch 57428
Epoch 57429
Epoch 57430
Epoch 57431
Epoch 57432
Epoch 57433
Epoch 57434
Epoch 57435
Epoch 57436
Epoch 57437
Epoch 57438
Epoch 57439
Epoch 57440
Epoch 57441
Epoch 57442
Epoch 57443
Epoch 57444
Epoch 57445
Epoch 57446
Epoch 57447
Epoch 57448
Epoch 57449
Epoch 57450
Epoch 57451
Epoch 57452
Epoch 57453
Epoch 57454
Epoch 57455
Epoch 57456
Epoch 57457
Epoch 57458
Epoch 57459
Epoch 57460
Epoch 57461
Epoch 57462
Epoch 57463
Epoch 57464
Epoch 57465
Epoch 57466
Epoch 57467
Epoch 57468
Epoch 57469
Epoch 57470
Epoch 57471
Epoch 57472
Epoch 57473
Epoch 57474
Epoch 57475
Epoch 57476
Epoch 57477
Epoch 57478
Epoch 57479
Epoch 57480
Epoch 57481
Epoch 57482
Epoch 57483
Epoch 57484
Epoch 57485
Epoch 57486
Epoch 57487
Epoch 57488
Epoch 57489
Epoch 57490
Epoch 57491
Epoch 57492
Epoch 57493
Epoch 57494
Epoch 57495
Epoch 57496
Epoch 57497
Epoch 57498
Epoch 57499
Epoch 57500
Epoch 57501
Epoch 57502
Epoch 57503
Epoch 57504
Epoch 57505
Epoch 57506
Epoch 57507
Epoch 57508
Epoch 57509
Epoch 57510
Epoch 57511
Epoch 57512
Epoch 57513
Epoch 57514
Epoch 57515
Epoch 57516
Epoch 57517
Epoch 57518
Epoch 57519
Epoch 57520
Epoch 57521
Epoch 57522
Epoch 57523
Epoch 57524
Epoch 57525
Epoch 57526
Epoch 57527
Epoch 57528
Epoch 57529
Epoch 57530
Epoch 57531
Epoch 57532
Epoch 57533
Epoch 57534
Epoch 57535
Epoch 57536
Epoch 57537
Epoch 57538
Epoch 57539
Epoch 57540
Epoch 57541
Epoch 57542
Epoch 57543
Epoch 57544
Epoch 57545
Epoch 57546
Epoch 57547
Epoch 57548
Epoch 57549
Epoch 57550
Epoch 57551
Epoch 57552
Epoch 57553
Epoch 57554
Epoch 57555
Epoch 57556
Epoch 57557
Epoch 57558
Epoch 57559
Epoch 57560
Epoch 57561
Epoch 57562
Epoch 57563
Epoch 57564
Epoch 57565
Epoch 57566
Epoch 57567
Epoch 57568
Epoch 57569
Epoch 57570
Epoch 57571
Epoch 57572
Epoch 57573
Epoch 57574
Epoch 57575
Epoch 57576
Epoch 57577
Epoch 57578
Epoch 57579
Epoch 57580
Epoch 57581
Epoch 57582
Epoch 57583
Epoch 57584
Epoch 57585
Epoch 57586
Epoch 57587
Epoch 57588
Epoch 57589
Epoch 57590
Epoch 57591
Epoch 57592
Epoch 57593
Epoch 57594
Epoch 57595
Epoch 57596
Epoch 57597
Epoch 57598
Epoch 57599
Epoch 57600
Epoch 57601
Epoch 57602
Epoch 57603
Epoch 57604
Epoch 57605
Epoch 57606
Epoch 57607
Epoch 57608
Epoch 57609
Epoch 57610
Epoch 57611
Epoch 57612
Epoch 57613
Epoch 57614
Epoch 57615
Epoch 57616
Epoch 57617
Epoch 57618
Epoch 57619
Epoch 57620
Epoch 57621
Epoch 57622
Epoch 57623
Epoch 57624
Epoch 57625
Epoch 57626
Epoch 57627
Epoch 57628
Epoch 57629
Epoch 57630
Epoch 57631
Epoch 57632
Epoch 57633
Epoch 57634
Epoch 57635
Epoch 57636
Epoch 57637
Epoch 57638
Epoch 57639
Epoch 57640
Epoch 57641
Epoch 57642
Epoch 57643
Epoch 57644
Epoch 57645
Epoch 57646
Epoch 57647
Epoch 57648
Epoch 57649
Epoch 57650
Epoch 57651
Epoch 57652
Epoch 57653
Epoch 57654
Epoch 57655
Epoch 57656
Epoch 57657
Epoch 57658
Epoch 57659
Epoch 57660
Epoch 57661
Epoch 57662
Epoch 57663
Epoch 57664
Epoch 57665
Epoch 57666
Epoch 57667
Epoch 57668
Epoch 57669
Epoch 57670
Epoch 57671
Epoch 57672
Epoch 57673
Epoch 57674
Epoch 57675
Epoch 57676
Epoch 57677
Epoch 57678
Epoch 57679
Epoch 57680
Epoch 57681
Epoch 57682
Epoch 57683
Epoch 57684
Epoch 57685
Epoch 57686
Epoch 57687
Epoch 57688
Epoch 57689
Epoch 57690
Epoch 57691
Epoch 57692
Epoch 57693
Epoch 57694
Epoch 57695
Epoch 57696
Epoch 57697
Epoch 57698
Epoch 57699
Epoch 57700
Epoch 57701
Epoch 57702
Epoch 57703
Epoch 57704
Epoch 57705
Epoch 57706
Epoch 57707
Epoch 57708
Epoch 57709
Epoch 57710
Epoch 57711
Epoch 57712
Epoch 57713
Epoch 57714
Epoch 57715
Epoch 57716
Epoch 57717
Epoch 57718
Epoch 57719
Epoch 57720
Epoch 57721
Epoch 57722
Epoch 57723
Epoch 57724
Epoch 57725
Epoch 57726
Epoch 57727
Epoch 57728
Epoch 57729
Epoch 57730
Epoch 57731
Epoch 57732
Epoch 57733
Epoch 57734
Epoch 57735
Epoch 57736
Epoch 57737
Epoch 57738
Epoch 57739
Epoch 57740
Epoch 57741
Epoch 57742
Epoch 57743
Epoch 57744
Epoch 57745
Epoch 57746
Epoch 57747
Epoch 57748
Epoch 57749
Epoch 57750
Epoch 57751
Epoch 57752
Epoch 57753
Epoch 57754
Epoch 57755
Epoch 57756
Epoch 57757
Epoch 57758
Epoch 57759
Epoch 57760
Epoch 57761
Epoch 57762
Epoch 57763
Epoch 57764
Epoch 57765
Epoch 57766
Epoch 57767
Epoch 57768
Epoch 57769
Epoch 57770
Epoch 57771
Epoch 57772
Epoch 57773
Epoch 57774
Epoch 57775
Epoch 57776
Epoch 57777
Epoch 57778
Epoch 57779
Epoch 57780
Epoch 57781
Epoch 57782
Epoch 57783
Epoch 57784
Epoch 57785
Epoch 57786
Epoch 57787
Epoch 57788
Epoch 57789
Epoch 57790
Epoch 57791
Epoch 57792
Epoch 57793
Epoch 57794
Epoch 57795
Epoch 57796
Epoch 57797
Epoch 57798
Epoch 57799
Epoch 57800
Epoch 57801
Epoch 57802
Epoch 57803
Epoch 57804
Epoch 57805
Epoch 57806
Epoch 57807
Epoch 57808
Epoch 57809
Epoch 57810
Epoch 57811
Epoch 57812
Epoch 57813
Epoch 57814
Epoch 57815
Epoch 57816
Epoch 57817
Epoch 57818
Epoch 57819
Epoch 57820
Epoch 57821
Epoch 57822
Epoch 57823
Epoch 57824
Epoch 57825
Epoch 57826
Epoch 57827
Epoch 57828
Epoch 57829
Epoch 57830
Epoch 57831
Epoch 57832
Epoch 57833
Epoch 57834
Epoch 57835
Epoch 57836
Epoch 57837
Epoch 57838
Epoch 57839
Epoch 57840
Epoch 57841
Epoch 57842
Epoch 57843
Epoch 57844
Epoch 57845
Epoch 57846
Epoch 57847
Epoch 57848
Epoch 57849
Epoch 57850
Epoch 57851
Epoch 57852
Epoch 57853
Epoch 57854
Epoch 57855
Epoch 57856
Epoch 57857
Epoch 57858
Epoch 57859
Epoch 57860
Epoch 57861
Epoch 57862
Epoch 57863
Epoch 57864
Epoch 57865
Epoch 57866
Epoch 57867
Epoch 57868
Epoch 57869
Epoch 57870
Epoch 57871
Epoch 57872
Epoch 57873
Epoch 57874
Epoch 57875
Epoch 57876
Epoch 57877
Epoch 57878
Epoch 57879
Epoch 57880
Epoch 57881
Epoch 57882
Epoch 57883
Epoch 57884
Epoch 57885
Epoch 57886
Epoch 57887
Epoch 57888
Epoch 57889
Epoch 57890
Epoch 57891
Epoch 57892
Epoch 57893
Epoch 57894
Epoch 57895
Epoch 57896
Epoch 57897
Epoch 57898
Epoch 57899
Epoch 57900
Epoch 57901
Epoch 57902
Epoch 57903
Epoch 57904
Epoch 57905
Epoch 57906
Epoch 57907
Epoch 57908
Epoch 57909
Epoch 57910
Epoch 57911
Epoch 57912
Epoch 57913
Epoch 57914
Epoch 57915
Epoch 57916
Epoch 57917
Epoch 57918
Epoch 57919
Epoch 57920
Epoch 57921
Epoch 57922
Epoch 57923
Epoch 57924
Epoch 57925
Epoch 57926
Epoch 57927
Epoch 57928
Epoch 57929
Epoch 57930
Epoch 57931
Epoch 57932
Epoch 57933
Epoch 57934
Epoch 57935
Epoch 57936
Epoch 57937
Epoch 57938
Epoch 57939
Epoch 57940
Epoch 57941
Epoch 57942
Epoch 57943
Epoch 57944
Epoch 57945
Epoch 57946
Epoch 57947
Epoch 57948
Epoch 57949
Epoch 57950
Epoch 57951
Epoch 57952
Epoch 57953
Epoch 57954
Epoch 57955
Epoch 57956
Epoch 57957
Epoch 57958
Epoch 57959
Epoch 57960
Epoch 57961
Epoch 57962
Epoch 57963
Epoch 57964
Epoch 57965
Epoch 57966
Epoch 57967
Epoch 57968
Epoch 57969
Epoch 57970
Epoch 57971
Epoch 57972
Epoch 57973
Epoch 57974
Epoch 57975
Epoch 57976
Epoch 57977
Epoch 57978
Epoch 57979
Epoch 57980
Epoch 57981
Epoch 57982
Epoch 57983
Epoch 57984
Epoch 57985
Epoch 57986
Epoch 57987
Epoch 57988
Epoch 57989
Epoch 57990
Epoch 57991
Epoch 57992
Epoch 57993
Epoch 57994
Epoch 57995
Epoch 57996
Epoch 57997
Epoch 57998
Epoch 57999
Epoch 58000
Epoch 58001
Epoch 58002
Epoch 58003
Epoch 58004
Epoch 58005
Epoch 58006
Epoch 58007
Epoch 58008
Epoch 58009
Epoch 58010
Epoch 58011
Epoch 58012
Epoch 58013
Epoch 58014
Epoch 58015
Epoch 58016
Epoch 58017
Epoch 58018
Epoch 58019
Epoch 58020
Epoch 58021
Epoch 58022
Epoch 58023
Epoch 58024
Epoch 58025
Epoch 58026
Epoch 58027
Epoch 58028
Epoch 58029
Epoch 58030
Epoch 58031
Epoch 58032
Epoch 58033
Epoch 58034
Epoch 58035
Epoch 58036
Epoch 58037
Epoch 58038
Epoch 58039
Epoch 58040
Epoch 58041
Epoch 58042
Epoch 58043
Epoch 58044
Epoch 58045
Epoch 58046
Epoch 58047
Epoch 58048
Epoch 58049
Epoch 58050
Epoch 58051
Epoch 58052
Epoch 58053
Epoch 58054
Epoch 58055
Epoch 58056
Epoch 58057
Epoch 58058
Epoch 58059
Epoch 58060
Epoch 58061
Epoch 58062
Epoch 58063
Epoch 58064
Epoch 58065
Epoch 58066
Epoch 58067
Epoch 58068
Epoch 58069
Epoch 58070
Epoch 58071
Epoch 58072
Epoch 58073
Epoch 58074
Epoch 58075
Epoch 58076
Epoch 58077
Epoch 58078
Epoch 58079
Epoch 58080
Epoch 58081
Epoch 58082
Epoch 58083
Epoch 58084
Epoch 58085
Epoch 58086
Epoch 58087
Epoch 58088
Epoch 58089
Epoch 58090
Epoch 58091
Epoch 58092
Epoch 58093
Epoch 58094
Epoch 58095
Epoch 58096
Epoch 58097
Epoch 58098
Epoch 58099
Epoch 58100
Epoch 58101
Epoch 58102
Epoch 58103
Epoch 58104
Epoch 58105
Epoch 58106
Epoch 58107
Epoch 58108
Epoch 58109
Epoch 58110
Epoch 58111
Epoch 58112
Epoch 58113
Epoch 58114
Epoch 58115
Epoch 58116
Epoch 58117
Epoch 58118
Epoch 58119
Epoch 58120
Epoch 58121
Epoch 58122
Epoch 58123
Epoch 58124
Epoch 58125
Epoch 58126
Epoch 58127
Epoch 58128
Epoch 58129
Epoch 58130
Epoch 58131
Epoch 58132
Epoch 58133
Epoch 58134
Epoch 58135
Epoch 58136
Epoch 58137
Epoch 58138
Epoch 58139
Epoch 58140
Epoch 58141
Epoch 58142
Epoch 58143
Epoch 58144
Epoch 58145
Epoch 58146
Epoch 58147
Epoch 58148
Epoch 58149
Epoch 58150
Epoch 58151
Epoch 58152
Epoch 58153
Epoch 58154
Epoch 58155
Epoch 58156
Epoch 58157
Epoch 58158
Epoch 58159
Epoch 58160
Epoch 58161
Epoch 58162
Epoch 58163
Epoch 58164
Epoch 58165
Epoch 58166
Epoch 58167
Epoch 58168
Epoch 58169
Epoch 58170
Epoch 58171
Epoch 58172
Epoch 58173
Epoch 58174
Epoch 58175
Epoch 58176
Epoch 58177
Epoch 58178
Epoch 58179
Epoch 58180
Epoch 58181
Epoch 58182
Epoch 58183
Epoch 58184
Epoch 58185
Epoch 58186
Epoch 58187
Epoch 58188
Epoch 58189
Epoch 58190
Epoch 58191
Epoch 58192
Epoch 58193
Epoch 58194
Epoch 58195
Epoch 58196
Epoch 58197
Epoch 58198
Epoch 58199
Epoch 58200
Epoch 58201
Epoch 58202
Epoch 58203
Epoch 58204
Epoch 58205
Epoch 58206
Epoch 58207
Epoch 58208
Epoch 58209
Epoch 58210
Epoch 58211
Epoch 58212
Epoch 58213
Epoch 58214
Epoch 58215
Epoch 58216
Epoch 58217
Epoch 58218
Epoch 58219
Epoch 58220
Epoch 58221
Epoch 58222
Epoch 58223
Epoch 58224
Epoch 58225
Epoch 58226
Epoch 58227
Epoch 58228
Epoch 58229
Epoch 58230
Epoch 58231
Epoch 58232
Epoch 58233
Epoch 58234
Epoch 58235
Epoch 58236
Epoch 58237
Epoch 58238
Epoch 58239
Epoch 58240
Epoch 58241
Epoch 58242
Epoch 58243
Epoch 58244
Epoch 58245
Epoch 58246
Epoch 58247
Epoch 58248
Epoch 58249
Epoch 58250
Epoch 58251
Epoch 58252
Epoch 58253
Epoch 58254
Epoch 58255
Epoch 58256
Epoch 58257
Epoch 58258
Epoch 58259
Epoch 58260
Epoch 58261
Epoch 58262
Epoch 58263
Epoch 58264
Epoch 58265
Epoch 58266
Epoch 58267
Epoch 58268
Epoch 58269
Epoch 58270
Epoch 58271
Epoch 58272
Epoch 58273
Epoch 58274
Epoch 58275
Epoch 58276
Epoch 58277
Epoch 58278
Epoch 58279
Epoch 58280
Epoch 58281
Epoch 58282
Epoch 58283
Epoch 58284
Epoch 58285
Epoch 58286
Epoch 58287
Epoch 58288
Epoch 58289
Epoch 58290
Epoch 58291
Epoch 58292
Epoch 58293
Epoch 58294
Epoch 58295
Epoch 58296
Epoch 58297
Epoch 58298
Epoch 58299
Epoch 58300
Epoch 58301
Epoch 58302
Epoch 58303
Epoch 58304
Epoch 58305
Epoch 58306
Epoch 58307
Epoch 58308
Epoch 58309
Epoch 58310
Epoch 58311
Epoch 58312
Epoch 58313
Epoch 58314
Epoch 58315
Epoch 58316
Epoch 58317
Epoch 58318
Epoch 58319
Epoch 58320
Epoch 58321
Epoch 58322
Epoch 58323
Epoch 58324
Epoch 58325
Epoch 58326
Epoch 58327
Epoch 58328
Epoch 58329
Epoch 58330
Epoch 58331
Epoch 58332
Epoch 58333
Epoch 58334
Epoch 58335
Epoch 58336
Epoch 58337
Epoch 58338
Epoch 58339
Epoch 58340
Epoch 58341
Epoch 58342
Epoch 58343
Epoch 58344
Epoch 58345
Epoch 58346
Epoch 58347
Epoch 58348
Epoch 58349
Epoch 58350
Epoch 58351
Epoch 58352
Epoch 58353
Epoch 58354
Epoch 58355
Epoch 58356
Epoch 58357
Epoch 58358
Epoch 58359
Epoch 58360
Epoch 58361
Epoch 58362
Epoch 58363
Epoch 58364
Epoch 58365
Epoch 58366
Epoch 58367
Epoch 58368
Epoch 58369
Epoch 58370
Epoch 58371
Epoch 58372
Epoch 58373
Epoch 58374
Epoch 58375
Epoch 58376
Epoch 58377
Epoch 58378
Epoch 58379
Epoch 58380
Epoch 58381
Epoch 58382
Epoch 58383
Epoch 58384
Epoch 58385
Epoch 58386
Epoch 58387
Epoch 58388
Epoch 58389
Epoch 58390
Epoch 58391
Epoch 58392
Epoch 58393
Epoch 58394
Epoch 58395
Epoch 58396
Epoch 58397
Epoch 58398
Epoch 58399
Epoch 58400
Epoch 58401
Epoch 58402
Epoch 58403
Epoch 58404
Epoch 58405
Epoch 58406
Epoch 58407
Epoch 58408
Epoch 58409
Epoch 58410
Epoch 58411
Epoch 58412
Epoch 58413
Epoch 58414
Epoch 58415
Epoch 58416
Epoch 58417
Epoch 58418
Epoch 58419
Epoch 58420
Epoch 58421
Epoch 58422
Epoch 58423
Epoch 58424
Epoch 58425
Epoch 58426
Epoch 58427
Epoch 58428
Epoch 58429
Epoch 58430
Epoch 58431
Epoch 58432
Epoch 58433
Epoch 58434
Epoch 58435
Epoch 58436
Epoch 58437
Epoch 58438
Epoch 58439
Epoch 58440
Epoch 58441
Epoch 58442
Epoch 58443
Epoch 58444
Epoch 58445
Epoch 58446
Epoch 58447
Epoch 58448
Epoch 58449
Epoch 58450
Epoch 58451
Epoch 58452
Epoch 58453
Epoch 58454
Epoch 58455
Epoch 58456
Epoch 58457
Epoch 58458
Epoch 58459
Epoch 58460
Epoch 58461
Epoch 58462
Epoch 58463
Epoch 58464
Epoch 58465
Epoch 58466
Epoch 58467
Epoch 58468
Epoch 58469
Epoch 58470
Epoch 58471
Epoch 58472
Epoch 58473
Epoch 58474
Epoch 58475
Epoch 58476
Epoch 58477
Epoch 58478
Epoch 58479
Epoch 58480
Epoch 58481
Epoch 58482
Epoch 58483
Epoch 58484
Epoch 58485
Epoch 58486
Epoch 58487
Epoch 58488
Epoch 58489
Epoch 58490
Epoch 58491
Epoch 58492
Epoch 58493
Epoch 58494
Epoch 58495
Epoch 58496
Epoch 58497
Epoch 58498
Epoch 58499
Epoch 58500
Epoch 58501
Epoch 58502
Epoch 58503
Epoch 58504
Epoch 58505
Epoch 58506
Epoch 58507
Epoch 58508
Epoch 58509
Epoch 58510
Epoch 58511
Epoch 58512
Epoch 58513
Epoch 58514
Epoch 58515
Epoch 58516
Epoch 58517
Epoch 58518
Epoch 58519
Epoch 58520
Epoch 58521
Epoch 58522
Epoch 58523
Epoch 58524
Epoch 58525
Epoch 58526
Epoch 58527
Epoch 58528
Epoch 58529
Epoch 58530
Epoch 58531
Epoch 58532
Epoch 58533
Epoch 58534
Epoch 58535
Epoch 58536
Epoch 58537
Epoch 58538
Epoch 58539
Epoch 58540
Epoch 58541
Epoch 58542
Epoch 58543
Epoch 58544
Epoch 58545
Epoch 58546
Epoch 58547
Epoch 58548
Epoch 58549
Epoch 58550
Epoch 58551
Epoch 58552
Epoch 58553
Epoch 58554
Epoch 58555
Epoch 58556
Epoch 58557
Epoch 58558
Epoch 58559
Epoch 58560
Epoch 58561
Epoch 58562
Epoch 58563
Epoch 58564
Epoch 58565
Epoch 58566
Epoch 58567
Epoch 58568
Epoch 58569
Epoch 58570
Epoch 58571
Epoch 58572
Epoch 58573
Epoch 58574
Epoch 58575
Epoch 58576
Epoch 58577
Epoch 58578
Epoch 58579
Epoch 58580
Epoch 58581
Epoch 58582
Epoch 58583
Epoch 58584
Epoch 58585
Epoch 58586
Epoch 58587
Epoch 58588
Epoch 58589
Epoch 58590
Epoch 58591
Epoch 58592
Epoch 58593
Epoch 58594
Epoch 58595
Epoch 58596
Epoch 58597
Epoch 58598
Epoch 58599
Epoch 58600
Epoch 58601
Epoch 58602
Epoch 58603
Epoch 58604
Epoch 58605
Epoch 58606
Epoch 58607
Epoch 58608
Epoch 58609
Epoch 58610
Epoch 58611
Epoch 58612
Epoch 58613
Epoch 58614
Epoch 58615
Epoch 58616
Epoch 58617
Epoch 58618
Epoch 58619
Epoch 58620
Epoch 58621
Epoch 58622
Epoch 58623
Epoch 58624
Epoch 58625
Epoch 58626
Epoch 58627
Epoch 58628
Epoch 58629
Epoch 58630
Epoch 58631
Epoch 58632
Epoch 58633
Epoch 58634
Epoch 58635
Epoch 58636
Epoch 58637
Epoch 58638
Epoch 58639
Epoch 58640
Epoch 58641
Epoch 58642
Epoch 58643
Epoch 58644
Epoch 58645
Epoch 58646
Epoch 58647
Epoch 58648
Epoch 58649
Epoch 58650
Epoch 58651
Epoch 58652
Epoch 58653
Epoch 58654
Epoch 58655
Epoch 58656
Epoch 58657
Epoch 58658
Epoch 58659
Epoch 58660
Epoch 58661
Epoch 58662
Epoch 58663
Epoch 58664
Epoch 58665
Epoch 58666
Epoch 58667
Epoch 58668
Epoch 58669
Epoch 58670
Epoch 58671
Epoch 58672
Epoch 58673
Epoch 58674
Epoch 58675
Epoch 58676
Epoch 58677
Epoch 58678
Epoch 58679
Epoch 58680
Epoch 58681
Epoch 58682
Epoch 58683
Epoch 58684
Epoch 58685
Epoch 58686
Epoch 58687
Epoch 58688
Epoch 58689
Epoch 58690
Epoch 58691
Epoch 58692
Epoch 58693
Epoch 58694
Epoch 58695
Epoch 58696
Epoch 58697
Epoch 58698
Epoch 58699
Epoch 58700
Epoch 58701
Epoch 58702
Epoch 58703
Epoch 58704
Epoch 58705
Epoch 58706
Epoch 58707
Epoch 58708
Epoch 58709
Epoch 58710
Epoch 58711
Epoch 58712
Epoch 58713
Epoch 58714
Epoch 58715
Epoch 58716
Epoch 58717
Epoch 58718
Epoch 58719
Epoch 58720
Epoch 58721
Epoch 58722
Epoch 58723
Epoch 58724
Epoch 58725
Epoch 58726
Epoch 58727
Epoch 58728
Epoch 58729
Epoch 58730
Epoch 58731
Epoch 58732
Epoch 58733
Epoch 58734
Epoch 58735
Epoch 58736
Epoch 58737
Epoch 58738
Epoch 58739
Epoch 58740
Epoch 58741
Epoch 58742
Epoch 58743
Epoch 58744
Epoch 58745
Epoch 58746
Epoch 58747
Epoch 58748
Epoch 58749
Epoch 58750
Epoch 58751
Epoch 58752
Epoch 58753
Epoch 58754
Epoch 58755
Epoch 58756
Epoch 58757
Epoch 58758
Epoch 58759
Epoch 58760
Epoch 58761
Epoch 58762
Epoch 58763
Epoch 58764
Epoch 58765
Epoch 58766
Epoch 58767
Epoch 58768
Epoch 58769
Epoch 58770
Epoch 58771
Epoch 58772
Epoch 58773
Epoch 58774
Epoch 58775
Epoch 58776
Epoch 58777
Epoch 58778
Epoch 58779
Epoch 58780
Epoch 58781
Epoch 58782
Epoch 58783
Epoch 58784
Epoch 58785
Epoch 58786
Epoch 58787
Epoch 58788
Epoch 58789
Epoch 58790
Epoch 58791
Epoch 58792
Epoch 58793
Epoch 58794
Epoch 58795
Epoch 58796
Epoch 58797
Epoch 58798
Epoch 58799
Epoch 58800
Epoch 58801
Epoch 58802
Epoch 58803
Epoch 58804
Epoch 58805
Epoch 58806
Epoch 58807
Epoch 58808
Epoch 58809
Epoch 58810
Epoch 58811
Epoch 58812
Epoch 58813
Epoch 58814
Epoch 58815
Epoch 58816
Epoch 58817
Epoch 58818
Epoch 58819
Epoch 58820
Epoch 58821
Epoch 58822
Epoch 58823
Epoch 58824
Epoch 58825
Epoch 58826
Epoch 58827
Epoch 58828
Epoch 58829
Epoch 58830
Epoch 58831
Epoch 58832
Epoch 58833
Epoch 58834
Epoch 58835
Epoch 58836
Epoch 58837
Epoch 58838
Epoch 58839
Epoch 58840
Epoch 58841
Epoch 58842
Epoch 58843
Epoch 58844
Epoch 58845
Epoch 58846
Epoch 58847
Epoch 58848
Epoch 58849
Epoch 58850
Epoch 58851
Epoch 58852
Epoch 58853
Epoch 58854
Epoch 58855
Epoch 58856
Epoch 58857
Epoch 58858
Epoch 58859
Epoch 58860
Epoch 58861
Epoch 58862
Epoch 58863
Epoch 58864
Epoch 58865
Epoch 58866
Epoch 58867
Epoch 58868
Epoch 58869
Epoch 58870
Epoch 58871
Epoch 58872
Epoch 58873
Epoch 58874
Epoch 58875
Epoch 58876
Epoch 58877
Epoch 58878
Epoch 58879
Epoch 58880
Epoch 58881
Epoch 58882
Epoch 58883
Epoch 58884
Epoch 58885
Epoch 58886
Epoch 58887
Epoch 58888
Epoch 58889
Epoch 58890
Epoch 58891
Epoch 58892
Epoch 58893
Epoch 58894
Epoch 58895
Epoch 58896
Epoch 58897
Epoch 58898
Epoch 58899
Epoch 58900
Epoch 58901
Epoch 58902
Epoch 58903
Epoch 58904
Epoch 58905
Epoch 58906
Epoch 58907
Epoch 58908
Epoch 58909
Epoch 58910
Epoch 58911
Epoch 58912
Epoch 58913
Epoch 58914
Epoch 58915
Epoch 58916
Epoch 58917
Epoch 58918
Epoch 58919
Epoch 58920
Epoch 58921
Epoch 58922
Epoch 58923
Epoch 58924
Epoch 58925
Epoch 58926
Epoch 58927
Epoch 58928
Epoch 58929
Epoch 58930
Epoch 58931
Epoch 58932
Epoch 58933
Epoch 58934
Epoch 58935
Epoch 58936
Epoch 58937
Epoch 58938
Epoch 58939
Epoch 58940
Epoch 58941
Epoch 58942
Epoch 58943
Epoch 58944
Epoch 58945
Epoch 58946
Epoch 58947
Epoch 58948
Epoch 58949
Epoch 58950
Epoch 58951
Epoch 58952
Epoch 58953
Epoch 58954
Epoch 58955
Epoch 58956
Epoch 58957
Epoch 58958
Epoch 58959
Epoch 58960
Epoch 58961
Epoch 58962
Epoch 58963
Epoch 58964
Epoch 58965
Epoch 58966
Epoch 58967
Epoch 58968
Epoch 58969
Epoch 58970
Epoch 58971
Epoch 58972
Epoch 58973
Epoch 58974
Epoch 58975
Epoch 58976
Epoch 58977
Epoch 58978
Epoch 58979
Epoch 58980
Epoch 58981
Epoch 58982
Epoch 58983
Epoch 58984
Epoch 58985
Epoch 58986
Epoch 58987
Epoch 58988
Epoch 58989
Epoch 58990
Epoch 58991
Epoch 58992
Epoch 58993
Epoch 58994
Epoch 58995
Epoch 58996
Epoch 58997
Epoch 58998
Epoch 58999
Epoch 59000
Epoch 59001
Epoch 59002
Epoch 59003
Epoch 59004
Epoch 59005
Epoch 59006
Epoch 59007
Epoch 59008
Epoch 59009
Epoch 59010
Epoch 59011
Epoch 59012
Epoch 59013
Epoch 59014
Epoch 59015
Epoch 59016
Epoch 59017
Epoch 59018
Epoch 59019
Epoch 59020
Epoch 59021
Epoch 59022
Epoch 59023
Epoch 59024
Epoch 59025
Epoch 59026
Epoch 59027
Epoch 59028
Epoch 59029
Epoch 59030
Epoch 59031
Epoch 59032
Epoch 59033
Epoch 59034
Epoch 59035
Epoch 59036
Epoch 59037
Epoch 59038
Epoch 59039
Epoch 59040
Epoch 59041
Epoch 59042
Epoch 59043
Epoch 59044
Epoch 59045
Epoch 59046
Epoch 59047
Epoch 59048
Epoch 59049
Epoch 59050
Epoch 59051
Epoch 59052
Epoch 59053
Epoch 59054
Epoch 59055
Epoch 59056
Epoch 59057
Epoch 59058
Epoch 59059
Epoch 59060
Epoch 59061
Epoch 59062
Epoch 59063
Epoch 59064
Epoch 59065
Epoch 59066
Epoch 59067
Epoch 59068
Epoch 59069
Epoch 59070
Epoch 59071
Epoch 59072
Epoch 59073
Epoch 59074
Epoch 59075
Epoch 59076
Epoch 59077
Epoch 59078
Epoch 59079
Epoch 59080
Epoch 59081
Epoch 59082
Epoch 59083
Epoch 59084
Epoch 59085
Epoch 59086
Epoch 59087
Epoch 59088
Epoch 59089
Epoch 59090
Epoch 59091
Epoch 59092
Epoch 59093
Epoch 59094
Epoch 59095
Epoch 59096
Epoch 59097
Epoch 59098
Epoch 59099
Epoch 59100
Epoch 59101
Epoch 59102
Epoch 59103
Epoch 59104
Epoch 59105
Epoch 59106
Epoch 59107
Epoch 59108
Epoch 59109
Epoch 59110
Epoch 59111
Epoch 59112
Epoch 59113
Epoch 59114
Epoch 59115
Epoch 59116
Epoch 59117
Epoch 59118
Epoch 59119
Epoch 59120
Epoch 59121
Epoch 59122
Epoch 59123
Epoch 59124
Epoch 59125
Epoch 59126
Epoch 59127
Epoch 59128
Epoch 59129
Epoch 59130
Epoch 59131
Epoch 59132
Epoch 59133
Epoch 59134
Epoch 59135
Epoch 59136
Epoch 59137
Epoch 59138
Epoch 59139
Epoch 59140
Epoch 59141
Epoch 59142
Epoch 59143
Epoch 59144
Epoch 59145
Epoch 59146
Epoch 59147
Epoch 59148
Epoch 59149
Epoch 59150
Epoch 59151
Epoch 59152
Epoch 59153
Epoch 59154
Epoch 59155
Epoch 59156
Epoch 59157
Epoch 59158
Epoch 59159
Epoch 59160
Epoch 59161
Epoch 59162
Epoch 59163
Epoch 59164
Epoch 59165
Epoch 59166
Epoch 59167
Epoch 59168
Epoch 59169
Epoch 59170
Epoch 59171
Epoch 59172
Epoch 59173
Epoch 59174
Epoch 59175
Epoch 59176
Epoch 59177
Epoch 59178
Epoch 59179
Epoch 59180
Epoch 59181
Epoch 59182
Epoch 59183
Epoch 59184
Epoch 59185
Epoch 59186
Epoch 59187
Epoch 59188
Epoch 59189
Epoch 59190
Epoch 59191
Epoch 59192
Epoch 59193
Epoch 59194
Epoch 59195
Epoch 59196
Epoch 59197
Epoch 59198
Epoch 59199
Epoch 59200
Epoch 59201
Epoch 59202
Epoch 59203
Epoch 59204
Epoch 59205
Epoch 59206
Epoch 59207
Epoch 59208
Epoch 59209
Epoch 59210
Epoch 59211
Epoch 59212
Epoch 59213
Epoch 59214
Epoch 59215
Epoch 59216
Epoch 59217
Epoch 59218
Epoch 59219
Epoch 59220
Epoch 59221
Epoch 59222
Epoch 59223
Epoch 59224
Epoch 59225
Epoch 59226
Epoch 59227
Epoch 59228
Epoch 59229
Epoch 59230
Epoch 59231
Epoch 59232
Epoch 59233
Epoch 59234
Epoch 59235
Epoch 59236
Epoch 59237
Epoch 59238
Epoch 59239
Epoch 59240
Epoch 59241
Epoch 59242
Epoch 59243
Epoch 59244
Epoch 59245
Epoch 59246
Epoch 59247
Epoch 59248
Epoch 59249
Epoch 59250
Epoch 59251
Epoch 59252
Epoch 59253
Epoch 59254
Epoch 59255
Epoch 59256
Epoch 59257
Epoch 59258
Epoch 59259
Epoch 59260
Epoch 59261
Epoch 59262
Epoch 59263
Epoch 59264
Epoch 59265
Epoch 59266
Epoch 59267
Epoch 59268
Epoch 59269
Epoch 59270
Epoch 59271
Epoch 59272
Epoch 59273
Epoch 59274
Epoch 59275
Epoch 59276
Epoch 59277
Epoch 59278
Epoch 59279
Epoch 59280
Epoch 59281
Epoch 59282
Epoch 59283
Epoch 59284
Epoch 59285
Epoch 59286
Epoch 59287
Epoch 59288
Epoch 59289
Epoch 59290
Epoch 59291
Epoch 59292
Epoch 59293
Epoch 59294
Epoch 59295
Epoch 59296
Epoch 59297
Epoch 59298
Epoch 59299
Epoch 59300
Epoch 59301
Epoch 59302
Epoch 59303
Epoch 59304
Epoch 59305
Epoch 59306
Epoch 59307
Epoch 59308
Epoch 59309
Epoch 59310
Epoch 59311
Epoch 59312
Epoch 59313
Epoch 59314
Epoch 59315
Epoch 59316
Epoch 59317
Epoch 59318
Epoch 59319
Epoch 59320
Epoch 59321
Epoch 59322
Epoch 59323
Epoch 59324
Epoch 59325
Epoch 59326
Epoch 59327
Epoch 59328
Epoch 59329
Epoch 59330
Epoch 59331
Epoch 59332
Epoch 59333
Epoch 59334
Epoch 59335
Epoch 59336
Epoch 59337
Epoch 59338
Epoch 59339
Epoch 59340
Epoch 59341
Epoch 59342
Epoch 59343
Epoch 59344
Epoch 59345
Epoch 59346
Epoch 59347
Epoch 59348
Epoch 59349
Epoch 59350
Epoch 59351
Epoch 59352
Epoch 59353
Epoch 59354
Epoch 59355
Epoch 59356
Epoch 59357
Epoch 59358
Epoch 59359
Epoch 59360
Epoch 59361
Epoch 59362
Epoch 59363
Epoch 59364
Epoch 59365
Epoch 59366
Epoch 59367
Epoch 59368
Epoch 59369
Epoch 59370
Epoch 59371
Epoch 59372
Epoch 59373
Epoch 59374
Epoch 59375
Epoch 59376
Epoch 59377
Epoch 59378
Epoch 59379
Epoch 59380
Epoch 59381
Epoch 59382
Epoch 59383
Epoch 59384
Epoch 59385
Epoch 59386
Epoch 59387
Epoch 59388
Epoch 59389
Epoch 59390
Epoch 59391
Epoch 59392
Epoch 59393
Epoch 59394
Epoch 59395
Epoch 59396
Epoch 59397
Epoch 59398
Epoch 59399
Epoch 59400
Epoch 59401
Epoch 59402
Epoch 59403
Epoch 59404
Epoch 59405
Epoch 59406
Epoch 59407
Epoch 59408
Epoch 59409
Epoch 59410
Epoch 59411
Epoch 59412
Epoch 59413
Epoch 59414
Epoch 59415
Epoch 59416
Epoch 59417
Epoch 59418
Epoch 59419
Epoch 59420
Epoch 59421
Epoch 59422
Epoch 59423
Epoch 59424
Epoch 59425
Epoch 59426
Epoch 59427
Epoch 59428
Epoch 59429
Epoch 59430
Epoch 59431
Epoch 59432
Epoch 59433
Epoch 59434
Epoch 59435
Epoch 59436
Epoch 59437
Epoch 59438
Epoch 59439
Epoch 59440
Epoch 59441
Epoch 59442
Epoch 59443
Epoch 59444
Epoch 59445
Epoch 59446
Epoch 59447
Epoch 59448
Epoch 59449
Epoch 59450
Epoch 59451
Epoch 59452
Epoch 59453
Epoch 59454
Epoch 59455
Epoch 59456
Epoch 59457
Epoch 59458
Epoch 59459
Epoch 59460
Epoch 59461
Epoch 59462
Epoch 59463
Epoch 59464
Epoch 59465
Epoch 59466
Epoch 59467
Epoch 59468
Epoch 59469
Epoch 59470
Epoch 59471
Epoch 59472
Epoch 59473
Epoch 59474
Epoch 59475
Epoch 59476
Epoch 59477
Epoch 59478
Epoch 59479
Epoch 59480
Epoch 59481
Epoch 59482
Epoch 59483
Epoch 59484
Epoch 59485
Epoch 59486
Epoch 59487
Epoch 59488
Epoch 59489
Epoch 59490
Epoch 59491
Epoch 59492
Epoch 59493
Epoch 59494
Epoch 59495
Epoch 59496
Epoch 59497
Epoch 59498
Epoch 59499
Epoch 59500
Epoch 59501
Epoch 59502
Epoch 59503
Epoch 59504
Epoch 59505
Epoch 59506
Epoch 59507
Epoch 59508
Epoch 59509
Epoch 59510
Epoch 59511
Epoch 59512
Epoch 59513
Epoch 59514
Epoch 59515
Epoch 59516
Epoch 59517
Epoch 59518
Epoch 59519
Epoch 59520
Epoch 59521
Epoch 59522
Epoch 59523
Epoch 59524
Epoch 59525
Epoch 59526
Epoch 59527
Epoch 59528
Epoch 59529
Epoch 59530
Epoch 59531
Epoch 59532
Epoch 59533
Epoch 59534
Epoch 59535
Epoch 59536
Epoch 59537
Epoch 59538
Epoch 59539
Epoch 59540
Epoch 59541
Epoch 59542
Epoch 59543
Epoch 59544
Epoch 59545
Epoch 59546
Epoch 59547
Epoch 59548
Epoch 59549
Epoch 59550
Epoch 59551
Epoch 59552
Epoch 59553
Epoch 59554
Epoch 59555
Epoch 59556
Epoch 59557
Epoch 59558
Epoch 59559
Epoch 59560
Epoch 59561
Epoch 59562
Epoch 59563
Epoch 59564
Epoch 59565
Epoch 59566
Epoch 59567
Epoch 59568
Epoch 59569
Epoch 59570
Epoch 59571
Epoch 59572
Epoch 59573
Epoch 59574
Epoch 59575
Epoch 59576
Epoch 59577
Epoch 59578
Epoch 59579
Epoch 59580
Epoch 59581
Epoch 59582
Epoch 59583
Epoch 59584
Epoch 59585
Epoch 59586
Epoch 59587
Epoch 59588
Epoch 59589
Epoch 59590
Epoch 59591
Epoch 59592
Epoch 59593
Epoch 59594
Epoch 59595
Epoch 59596
Epoch 59597
Epoch 59598
Epoch 59599
Epoch 59600
Epoch 59601
Epoch 59602
Epoch 59603
Epoch 59604
Epoch 59605
Epoch 59606
Epoch 59607
Epoch 59608
Epoch 59609
Epoch 59610
Epoch 59611
Epoch 59612
Epoch 59613
Epoch 59614
Epoch 59615
Epoch 59616
Epoch 59617
Epoch 59618
Epoch 59619
Epoch 59620
Epoch 59621
Epoch 59622
Epoch 59623
Epoch 59624
Epoch 59625
Epoch 59626
Epoch 59627
Epoch 59628
Epoch 59629
Epoch 59630
Epoch 59631
Epoch 59632
Epoch 59633
Epoch 59634
Epoch 59635
Epoch 59636
Epoch 59637
Epoch 59638
Epoch 59639
Epoch 59640
Epoch 59641
Epoch 59642
Epoch 59643
Epoch 59644
Epoch 59645
Epoch 59646
Epoch 59647
Epoch 59648
Epoch 59649
Epoch 59650
Epoch 59651
Epoch 59652
Epoch 59653
Epoch 59654
Epoch 59655
Epoch 59656
Epoch 59657
Epoch 59658
Epoch 59659
Epoch 59660
Epoch 59661
Epoch 59662
Epoch 59663
Epoch 59664
Epoch 59665
Epoch 59666
Epoch 59667
Epoch 59668
Epoch 59669
Epoch 59670
Epoch 59671
Epoch 59672
Epoch 59673
Epoch 59674
Epoch 59675
Epoch 59676
Epoch 59677
Epoch 59678
Epoch 59679
Epoch 59680
Epoch 59681
Epoch 59682
Epoch 59683
Epoch 59684
Epoch 59685
Epoch 59686
Epoch 59687
Epoch 59688
Epoch 59689
Epoch 59690
Epoch 59691
Epoch 59692
Epoch 59693
Epoch 59694
Epoch 59695
Epoch 59696
Epoch 59697
Epoch 59698
Epoch 59699
Epoch 59700
Epoch 59701
Epoch 59702
Epoch 59703
Epoch 59704
Epoch 59705
Epoch 59706
Epoch 59707
Epoch 59708
Epoch 59709
Epoch 59710
Epoch 59711
Epoch 59712
Epoch 59713
Epoch 59714
Epoch 59715
Epoch 59716
Epoch 59717
Epoch 59718
Epoch 59719
Epoch 59720
Epoch 59721
Epoch 59722
Epoch 59723
Epoch 59724
Epoch 59725
Epoch 59726
Epoch 59727
Epoch 59728
Epoch 59729
Epoch 59730
Epoch 59731
Epoch 59732
Epoch 59733
Epoch 59734
Epoch 59735
Epoch 59736
Epoch 59737
Epoch 59738
Epoch 59739
Epoch 59740
Epoch 59741
Epoch 59742
Epoch 59743
Epoch 59744
Epoch 59745
Epoch 59746
Epoch 59747
Epoch 59748
Epoch 59749
Epoch 59750
Epoch 59751
Epoch 59752
Epoch 59753
Epoch 59754
Epoch 59755
Epoch 59756
Epoch 59757
Epoch 59758
Epoch 59759
Epoch 59760
Epoch 59761
Epoch 59762
Epoch 59763
Epoch 59764
Epoch 59765
Epoch 59766
Epoch 59767
Epoch 59768
Epoch 59769
Epoch 59770
Epoch 59771
Epoch 59772
Epoch 59773
Epoch 59774
Epoch 59775
Epoch 59776
Epoch 59777
Epoch 59778
Epoch 59779
Epoch 59780
Epoch 59781
Epoch 59782
Epoch 59783
Epoch 59784
Epoch 59785
Epoch 59786
Epoch 59787
Epoch 59788
Epoch 59789
Epoch 59790
Epoch 59791
Epoch 59792
Epoch 59793
Epoch 59794
Epoch 59795
Epoch 59796
Epoch 59797
Epoch 59798
Epoch 59799
Epoch 59800
Epoch 59801
Epoch 59802
Epoch 59803
Epoch 59804
Epoch 59805
Epoch 59806
Epoch 59807
Epoch 59808
Epoch 59809
Epoch 59810
Epoch 59811
Epoch 59812
Epoch 59813
Epoch 59814
Epoch 59815
Epoch 59816
Epoch 59817
Epoch 59818
Epoch 59819
Epoch 59820
Epoch 59821
Epoch 59822
Epoch 59823
Epoch 59824
Epoch 59825
Epoch 59826
Epoch 59827
Epoch 59828
Epoch 59829
Epoch 59830
Epoch 59831
Epoch 59832
Epoch 59833
Epoch 59834
Epoch 59835
Epoch 59836
Epoch 59837
Epoch 59838
Epoch 59839
Epoch 59840
Epoch 59841
Epoch 59842
Epoch 59843
Epoch 59844
Epoch 59845
Epoch 59846
Epoch 59847
Epoch 59848
Epoch 59849
Epoch 59850
Epoch 59851
Epoch 59852
Epoch 59853
Epoch 59854
Epoch 59855
Epoch 59856
Epoch 59857
Epoch 59858
Epoch 59859
Epoch 59860
Epoch 59861
Epoch 59862
Epoch 59863
Epoch 59864
Epoch 59865
Epoch 59866
Epoch 59867
Epoch 59868
Epoch 59869
Epoch 59870
Epoch 59871
Epoch 59872
Epoch 59873
Epoch 59874
Epoch 59875
Epoch 59876
Epoch 59877
Epoch 59878
Epoch 59879
Epoch 59880
Epoch 59881
Epoch 59882
Epoch 59883
Epoch 59884
Epoch 59885
Epoch 59886
Epoch 59887
Epoch 59888
Epoch 59889
Epoch 59890
Epoch 59891
Epoch 59892
Epoch 59893
Epoch 59894
Epoch 59895
Epoch 59896
Epoch 59897
Epoch 59898
Epoch 59899
Epoch 59900
Epoch 59901
Epoch 59902
Epoch 59903
Epoch 59904
Epoch 59905
Epoch 59906
Epoch 59907
Epoch 59908
Epoch 59909
Epoch 59910
Epoch 59911
Epoch 59912
Epoch 59913
Epoch 59914
Epoch 59915
Epoch 59916
Epoch 59917
Epoch 59918
Epoch 59919
Epoch 59920
Epoch 59921
Epoch 59922
Epoch 59923
Epoch 59924
Epoch 59925
Epoch 59926
Epoch 59927
Epoch 59928
Epoch 59929
Epoch 59930
Epoch 59931
Epoch 59932
Epoch 59933
Epoch 59934
Epoch 59935
Epoch 59936
Epoch 59937
Epoch 59938
Epoch 59939
Epoch 59940
Epoch 59941
Epoch 59942
Epoch 59943
Epoch 59944
Epoch 59945
Epoch 59946
Epoch 59947
Epoch 59948
Epoch 59949
Epoch 59950
Epoch 59951
Epoch 59952
Epoch 59953
Epoch 59954
Epoch 59955
Epoch 59956
Epoch 59957
Epoch 59958
Epoch 59959
Epoch 59960
Epoch 59961
Epoch 59962
Epoch 59963
Epoch 59964
Epoch 59965
Epoch 59966
Epoch 59967
Epoch 59968
Epoch 59969
Epoch 59970
Epoch 59971
Epoch 59972
Epoch 59973
Epoch 59974
Epoch 59975
Epoch 59976
Epoch 59977
Epoch 59978
Epoch 59979
Epoch 59980
Epoch 59981
Epoch 59982
Epoch 59983
Epoch 59984
Epoch 59985
Epoch 59986
Epoch 59987
Epoch 59988
Epoch 59989
Epoch 59990
Epoch 59991
Epoch 59992
Epoch 59993
Epoch 59994
Epoch 59995
Epoch 59996
Epoch 59997
Epoch 59998
Epoch 59999
Epoch 60000
