
==============NVSMI LOG==============

Timestamp                                 : Thu Jun 11 08:57:32 2026
Driver Version                            : 570.195.03
CUDA Version                              : 12.8

Attached GPUs                             : 1
GPU 00000000:55:00.0
    Product Name                          : NVIDIA RTX 5000 Ada Generation
    Product Brand                         : NVIDIA RTX
    Product Architecture                  : Ada Lovelace
    Display Mode                          : Enabled
    Display Active                        : Disabled
    Persistence Mode                      : Enabled
    Addressing Mode                       : None
    MIG Mode
        Current                           : N/A
        Pending                           : N/A
    Accounting Mode                       : Disabled
    Accounting Mode Buffer Size           : 4000
    Driver Model
        Current                           : N/A
        Pending                           : N/A
    Serial Number                         : 1323925026117
    GPU UUID                              : GPU-195716a7-5e12-e791-58e0-5e1b6b232715
    Minor Number                          : 0
    VBIOS Version                         : 95.02.5E.00.06
    MultiGPU Board                        : No
    Board ID                              : 0x5500
    Board Part Number                     : 900-5G132-0140-000
    GPU Part Number                       : 26B2-850-A1
    FRU Part Number                       : N/A
    Platform Info
        Chassis Serial Number             : N/A
        Slot Number                       : N/A
        Tray Index                        : N/A
        Host ID                           : N/A
        Peer Type                         : N/A
        Module Id                         : 1
        GPU Fabric GUID                   : N/A
    Inforom Version
        Image Version                     : G132.0550.00.02
        OEM Object                        : 2.1
        ECC Object                        : 6.16
        Power Management Object           : N/A
    Inforom BBX Object Flush
        Latest Timestamp                  : N/A
        Latest Duration                   : N/A
    GPU Operation Mode
        Current                           : N/A
        Pending                           : N/A
    GPU C2C Mode                          : N/A
    GPU Virtualization Mode
        Virtualization Mode               : None
        Host VGPU Mode                    : N/A
        vGPU Heterogeneous Mode           : N/A
    GPU Reset Status
        Reset Required                    : Requested functionality has been deprecated
        Drain and Reset Recommended       : Requested functionality has been deprecated
    GPU Recovery Action                   : None
    GSP Firmware Version                  : 570.195.03
    IBMNPU
        Relaxed Ordering Mode             : N/A
    PCI
        Bus                               : 0x55
        Device                            : 0x00
        Domain                            : 0x0000
        Base Classcode                    : 0x3
        Sub Classcode                     : 0x0
        Device Id                         : 0x26B210DE
        Bus Id                            : 00000000:55:00.0
        Sub System Id                     : 0x17FA1028
        GPU Link Info
            PCIe Generation
                Max                       : 4
                Current                   : 4
                Device Current            : 4
                Device Max                : 4
                Host Max                  : 5
            Link Width
                Max                       : 16x
                Current                   : 16x
        Bridge Chip
            Type                          : N/A
            Firmware                      : N/A
        Replays Since Reset               : 0
        Replay Number Rollovers           : 0
        Tx Throughput                     : 439 KB/s
        Rx Throughput                     : 390 KB/s
        Atomic Caps Outbound              : N/A
        Atomic Caps Inbound               : N/A
    Fan Speed                             : 44 %
    Performance State                     : P0
    Clocks Event Reasons
        Idle                              : Not Active
        Applications Clocks Setting       : Not Active
        SW Power Cap                      : Not Active
        HW Slowdown                       : Not Active
            HW Thermal Slowdown           : Not Active
            HW Power Brake Slowdown       : Not Active
        Sync Boost                        : Not Active
        SW Thermal Slowdown               : Not Active
        Display Clock Setting             : Not Active
    Sparse Operation Mode                 : N/A
    FB Memory Usage
        Total                             : 32760 MiB
        Reserved                          : 544 MiB
        Used                              : 182 MiB
        Free                              : 32035 MiB
    BAR1 Memory Usage
        Total                             : 256 MiB
        Used                              : 25 MiB
        Free                              : 231 MiB
    Conf Compute Protected Memory Usage
        Total                             : 0 MiB
        Used                              : 0 MiB
        Free                              : 0 MiB
    Compute Mode                          : Default
    Utilization
        GPU                               : 0 %
        Memory                            : 0 %
        Encoder                           : 0 %
        Decoder                           : 0 %
        JPEG                              : 0 %
        OFA                               : 0 %
    Encoder Stats
        Active Sessions                   : 0
        Average FPS                       : 0
        Average Latency                   : 0
    FBC Stats
        Active Sessions                   : 0
        Average FPS                       : 0
        Average Latency                   : 0
    DRAM Encryption Mode
        Current                           : N/A
        Pending                           : N/A
    ECC Mode
        Current                           : Disabled
        Pending                           : Disabled
    ECC Errors
        Volatile
            SRAM Correctable              : N/A
            SRAM Uncorrectable Parity     : N/A
            SRAM Uncorrectable SEC-DED    : N/A
            DRAM Correctable              : N/A
            DRAM Uncorrectable            : N/A
        Aggregate
            SRAM Correctable              : N/A
            SRAM Uncorrectable Parity     : N/A
            SRAM Uncorrectable SEC-DED    : N/A
            DRAM Correctable              : N/A
            DRAM Uncorrectable            : N/A
            SRAM Threshold Exceeded       : N/A
        Aggregate Uncorrectable SRAM Sources
            SRAM L2                       : N/A
            SRAM SM                       : N/A
            SRAM Microcontroller          : N/A
            SRAM PCIE                     : N/A
            SRAM Other                    : N/A
    Retired Pages
        Single Bit ECC                    : N/A
        Double Bit ECC                    : N/A
        Pending Page Blacklist            : N/A
    Remapped Rows
        Correctable Error                 : 0
        Uncorrectable Error               : 0
        Pending                           : No
        Remapping Failure Occurred        : No
        Bank Remap Availability Histogram
            Max                           : 128 bank(s)
            High                          : 0 bank(s)
            Partial                       : 0 bank(s)
            Low                           : 0 bank(s)
            None                          : 0 bank(s)
    Temperature
        GPU Current Temp                  : 66 C
        GPU T.Limit Temp                  : 24 C
        GPU Shutdown T.Limit Temp         : -7 C
        GPU Slowdown T.Limit Temp         : -2 C
        GPU Max Operating T.Limit Temp    : 0 C
        GPU Target Temperature            : 84 C
        Memory Current Temp               : N/A
        Memory Max Operating T.Limit Temp : N/A
    GPU Power Readings
        Average Power Draw                : 78.79 W
        Instantaneous Power Draw          : 69.44 W
        Current Power Limit               : 250.00 W
        Requested Power Limit             : 250.00 W
        Default Power Limit               : 250.00 W
        Min Power Limit                   : 100.00 W
        Max Power Limit                   : 250.00 W
    GPU Memory Power Readings 
        Average Power Draw                : N/A
        Instantaneous Power Draw          : N/A
    Module Power Readings
        Average Power Draw                : N/A
        Instantaneous Power Draw          : N/A
        Current Power Limit               : N/A
        Requested Power Limit             : N/A
        Default Power Limit               : N/A
        Min Power Limit                   : N/A
        Max Power Limit                   : N/A
    Power Smoothing                       : N/A
    Workload Power Profiles
        Requested Profiles                : N/A
        Enforced Profiles                 : N/A
    Clocks
        Graphics                          : 2550 MHz
        SM                                : 2550 MHz
        Memory                            : 9001 MHz
        Video                             : 2040 MHz
    Applications Clocks
        Graphics                          : 2550 MHz
        Memory                            : 9001 MHz
    Default Applications Clocks
        Graphics                          : 2550 MHz
        Memory                            : 9001 MHz
    Deferred Clocks
        Memory                            : N/A
    Max Clocks
        Graphics                          : 3105 MHz
        SM                                : 3105 MHz
        Memory                            : 9001 MHz
        Video                             : 2415 MHz
    Max Customer Boost Clocks
        Graphics                          : N/A
    Clock Policy
        Auto Boost                        : N/A
        Auto Boost Default                : N/A
    Voltage
        Graphics                          : N/A
    Fabric
        State                             : N/A
        Status                            : N/A
        CliqueId                          : N/A
        ClusterUUID                       : N/A
        Health
            Bandwidth                     : N/A
            Route Recovery in progress    : N/A
            Route Unhealthy               : N/A
            Access Timeout Recovery       : N/A
    Processes
        GPU instance ID                   : N/A
        Compute instance ID               : N/A
        Process ID                        : 5023
            Type                          : G
            Name                          : /usr/lib/xorg/Xorg
            Used GPU Memory               : 175 MiB
    Capabilities
        EGM                               : disabled

0
ws-l5-030
/home/xuanjie.liu/Projects/S3Plus/VQ/other_task_eval.py:83: FutureWarning: You are using `torch.load` with `weights_only=False` (the current default value), which uses the default pickle module implicitly. It is possible to construct malicious pickle data which will execute arbitrary code during unpickling (See https://github.com/pytorch/pytorch/blob/main/SECURITY.md#untrusted-models for more details). In a future release, the default value for `weights_only` will be flipped to `True`. This limits the functions that could be executed during unpickling. Arbitrary objects will no longer be allowed to be loaded via this mode unless they are explicitly allowlisted by the user via `torch.serialization.add_safe_globals`. We recommend you start setting `weights_only=True` for any use case where you don't have full control of the loaded file. Please open an issue on GitHub for any issues related to this experimental feature.
  self.simple_fc.load_state_dict(torch.load(self.fc_model_path))
Exp path: /home/xuanjie.liu/Projects/S3Plus/VQ/exp/2025.05.18_10vq_Zc[2]_Zs[0]_edim1_[0-20]_plus1024_1_tripleSet_Nothing
{'train_data_path': '/home/xuanjie.liu/Projects/S3Plus/VQ/exp/2025.05.18_10vq_Zc[2]_Zs[0]_edim1_[0-20]_plus1024_1_tripleSet_Nothing/../../../dataset/single_style_pairs(0,20)_tripleSet/train', 'single_img_eval_set_path': '/home/xuanjie.liu/Projects/S3Plus/VQ/exp/2025.05.18_10vq_Zc[2]_Zs[0]_edim1_[0-20]_plus1024_1_tripleSet_Nothing/../../../dataset/(0,20)-FixedPos-oneStyle', 'plus_eval_set_path': ['/home/xuanjie.liu/Projects/S3Plus/VQ/exp/2025.05.18_10vq_Zc[2]_Zs[0]_edim1_[0-20]_plus1024_1_tripleSet_Nothing/../../../dataset/single_style_pairs(0,20)_tripleSet/test_1', '/home/xuanjie.liu/Projects/S3Plus/VQ/exp/2025.05.18_10vq_Zc[2]_Zs[0]_edim1_[0-20]_plus1024_1_tripleSet_Nothing/../../../dataset/single_style_pairs(0,20)_tripleSet/test_2'], 'latent_embedding_1': 2, 'latent_embedding_2': 0, 'multi_num_embeddings': None, 'latent_code_2': 0, 'embedding_dim': 1, 'is_plot_zc_value': True, 'embeddings_num': 10, 'is_plot_vis_num': True, 'kld_loss_scalar': 0.0, 'checkpoint_interval': 2000, 'learning_rate': 0.0001, 'scheduler_base_num': 0.99999, 'max_iter_num': 50001, 'model_path': 'curr_model.pt', 'train_result_path': 'TrainingResults/', 'eval_result_path': 'EvalResults/', 'train_record_path': 'Train_record.txt', 'eval_record_path': 'Eval_record.txt', 'plus_accu_record_path': 'plus_eval.txt', 'log_interval': 500, 'eval_interval': 2000, 'is_save_img': True, 'batch_size': 128, 'is_commutative_train': False, 'is_commutative_all': False, 'z_plus_loss_scalar': 0.02, 'commutative_z_loss_scalar': 0.0, 'associative_z_loss_scalar': 0.0, 'plus_mse_scalar': -1, 'plus_recon_loss_scalar': 3, 'min_loss_scalar': 1e-05, 'K': 1024, 'assoc_aug_range': (-3, 3), 'commitment_scalar': 0.0025, 'embedding_scalar': 0.01, 'isVQStyle': False, 'plus_by_embedding': True, 'plus_by_zcode': False, 'VQPlus_eqLoss_scalar': 0.5, 'is_zc_based_assoc': True, 'is_rand_z_assoc': False, 'is_assoc_on_e': True, 'is_assoc_on_z': False, 'is_assoc_within_batch': True, 'is_switch_digital': False, 'is_full_symm': False, 'is_assoc': False, 'is_twice_oper': False, 'img_noise': 0.0, 'network_config': {'enc_dec': {'img_channel': 3, 'last_H': 4, 'last_W': 4, 'first_ch_num': 16}, 'enc_fc': {'n_units': 128, 'n_hidden_layers': 2}, 'plus': {'plus_unit': 1024, 'n_hidden_layers': 2}}, 'eval_config': {'pipeline_result_path': 'PIPELINE_EVAL', 'optimal_checkpoint_finding_config': {'optimal_checkpoint_num': 'find_by_keys', 'record_name': 'Train_record.txt', 'keys': ['plus_recon', 'plus_z', 'loss_oper', 'loss_ED'], 'iter_after': 0.1}, 'plus_eval_configs': [{'name': 'eval_set', 'eval_set_path_list': ['/home/xuanjie.liu/Projects/S3Plus/VQ/exp/2025.05.18_10vq_Zc[2]_Zs[0]_edim1_[0-20]_plus1024_1_tripleSet_Nothing/../../../dataset/single_style_pairs(0,20)_tripleSet/test_1', '/home/xuanjie.liu/Projects/S3Plus/VQ/exp/2025.05.18_10vq_Zc[2]_Zs[0]_edim1_[0-20]_plus1024_1_tripleSet_Nothing/../../../dataset/single_style_pairs(0,20)_tripleSet/test_2'], 'is_blur': False, 'blur_config': {'kernel_size_choices': (5, 7, 9), 'sigma_range': (0.5, 3.0), 'p_no_blur': 0.0}, 'augment_times': 1}], 'emb_matching_rate_configs': [{'name': 'emb_matching_rate', 'eval_set_path_list': ['/home/xuanjie.liu/Projects/S3Plus/VQ/exp/2025.05.18_10vq_Zc[2]_Zs[0]_edim1_[0-20]_plus1024_1_tripleSet_Nothing/../../../dataset/(0,20)-FixedPos-oneStyle'], 'is_blur': False, 'blur_config': {'kernel_size_choices': (5, 7, 9), 'sigma_range': (0.5, 3.0), 'p_no_blur': 0.0}, 'augment_times': 1}], 'orderliness_configs': [{'name': 'orderliness', 'img_dir_name': 'orderliness', 'eval_set_path_list': ['/home/xuanjie.liu/Projects/S3Plus/VQ/exp/2025.05.18_10vq_Zc[2]_Zs[0]_edim1_[0-20]_plus1024_1_tripleSet_Nothing/../../../dataset/(0,20)-FixedPos-oneStyle'], 'is_blur': False, 'blur_config': {'kernel_size_choices': (5, 7, 9), 'sigma_range': (0.5, 3.0), 'p_no_blur': 0.0}, 'augment_times': 1}], 'interpolate_configs': [{'name': 'train_interpolate', 'eval_set_path_list': ['/home/xuanjie.liu/Projects/S3Plus/VQ/exp/2025.05.18_10vq_Zc[2]_Zs[0]_edim1_[0-20]_plus1024_1_tripleSet_Nothing/../../../dataset/single_style_pairs(0,20)_tripleSet/train'], 'is_blur': False, 'blur_config': {'kernel_size_choices': (5, 7, 9), 'sigma_range': (0.5, 3.0), 'p_no_blur': 0.0}, 'augment_times': 1, 'interpolate_num': 1}]}}
[{'task_name': 'minus_16_1.1', 'train_data_path': '/home/xuanjie.liu/Projects/S3Plus/VQ/exp/2025.05.18_10vq_Zc[2]_Zs[0]_edim1_[0-20]_plus1024_1_tripleSet_Nothing/../../../dataset/single_style_pairs_minus(0,20)/train', 'eval_data_path': '/home/xuanjie.liu/Projects/S3Plus/VQ/exp/2025.05.18_10vq_Zc[2]_Zs[0]_edim1_[0-20]_plus1024_1_tripleSet_Nothing/../../../dataset/single_style_pairs_minus(0,20)/test', 'batch_size': 128, 'train_record_path': 'train_record.txt', 'eval_record_path': 'eval_record.txt', 'pretrained_path': 'checkpoint_40000.pt', 'fc_model_path': 'minus_model.pt', 'max_iter_num': 20001, 'log_interval': 200, 'num_class': 21, 'fc_network_config': {'plus_unit': 16, 'n_hidden_layers': 1}, 'learning_rate': 0.001}]
Sub-Exp path: /home/xuanjie.liu/Projects/S3Plus/VQ/exp/2025.05.18_10vq_Zc[2]_Zs[0]_edim1_[0-20]_plus1024_1_tripleSet_Nothing/1
Optimal checkpoint: 44000
Pretrained Model is loaded
No more training is needed
No more training is needed
No more training is needed
No more training is needed
No more training is needed
No more training is needed
No more training is needed
No more training is needed
No more training is needed
No more training is needed
No more training is needed
No more training is needed
No more training is needed
No more training is needed
No more training is needed
No more training is needed
No more training is needed
No more training is needed
No more training is needed
No more training is needed
Exp path: /home/xuanjie.liu/Projects/S3Plus/VQ/exp/2025.05.18_10vq_Zc[2]_Zs[0]_edim1_[0-20]_plus1024_1_tripleSet_Nothing
{'train_data_path': '/home/xuanjie.liu/Projects/S3Plus/VQ/exp/2025.05.18_10vq_Zc[2]_Zs[0]_edim1_[0-20]_plus1024_1_tripleSet_Nothing/../../../dataset/single_style_pairs(0,20)_tripleSet/train', 'single_img_eval_set_path': '/home/xuanjie.liu/Projects/S3Plus/VQ/exp/2025.05.18_10vq_Zc[2]_Zs[0]_edim1_[0-20]_plus1024_1_tripleSet_Nothing/../../../dataset/(0,20)-FixedPos-oneStyle', 'plus_eval_set_path': ['/home/xuanjie.liu/Projects/S3Plus/VQ/exp/2025.05.18_10vq_Zc[2]_Zs[0]_edim1_[0-20]_plus1024_1_tripleSet_Nothing/../../../dataset/single_style_pairs(0,20)_tripleSet/test_1', '/home/xuanjie.liu/Projects/S3Plus/VQ/exp/2025.05.18_10vq_Zc[2]_Zs[0]_edim1_[0-20]_plus1024_1_tripleSet_Nothing/../../../dataset/single_style_pairs(0,20)_tripleSet/test_2'], 'latent_embedding_1': 2, 'latent_embedding_2': 0, 'multi_num_embeddings': None, 'latent_code_2': 0, 'embedding_dim': 1, 'is_plot_zc_value': True, 'embeddings_num': 10, 'is_plot_vis_num': True, 'kld_loss_scalar': 0.0, 'checkpoint_interval': 2000, 'learning_rate': 0.0001, 'scheduler_base_num': 0.99999, 'max_iter_num': 50001, 'model_path': 'curr_model.pt', 'train_result_path': 'TrainingResults/', 'eval_result_path': 'EvalResults/', 'train_record_path': 'Train_record.txt', 'eval_record_path': 'Eval_record.txt', 'plus_accu_record_path': 'plus_eval.txt', 'log_interval': 500, 'eval_interval': 2000, 'is_save_img': True, 'batch_size': 128, 'is_commutative_train': False, 'is_commutative_all': False, 'z_plus_loss_scalar': 0.02, 'commutative_z_loss_scalar': 0.0, 'associative_z_loss_scalar': 0.0, 'plus_mse_scalar': -1, 'plus_recon_loss_scalar': 3, 'min_loss_scalar': 1e-05, 'K': 1024, 'assoc_aug_range': (-3, 3), 'commitment_scalar': 0.0025, 'embedding_scalar': 0.01, 'isVQStyle': False, 'plus_by_embedding': True, 'plus_by_zcode': False, 'VQPlus_eqLoss_scalar': 0.5, 'is_zc_based_assoc': True, 'is_rand_z_assoc': False, 'is_assoc_on_e': True, 'is_assoc_on_z': False, 'is_assoc_within_batch': True, 'is_switch_digital': False, 'is_full_symm': False, 'is_assoc': False, 'is_twice_oper': False, 'img_noise': 0.0, 'network_config': {'enc_dec': {'img_channel': 3, 'last_H': 4, 'last_W': 4, 'first_ch_num': 16}, 'enc_fc': {'n_units': 128, 'n_hidden_layers': 2}, 'plus': {'plus_unit': 1024, 'n_hidden_layers': 2}}, 'eval_config': {'pipeline_result_path': 'PIPELINE_EVAL', 'optimal_checkpoint_finding_config': {'optimal_checkpoint_num': 'find_by_keys', 'record_name': 'Train_record.txt', 'keys': ['plus_recon', 'plus_z', 'loss_oper', 'loss_ED'], 'iter_after': 0.1}, 'plus_eval_configs': [{'name': 'eval_set', 'eval_set_path_list': ['/home/xuanjie.liu/Projects/S3Plus/VQ/exp/2025.05.18_10vq_Zc[2]_Zs[0]_edim1_[0-20]_plus1024_1_tripleSet_Nothing/../../../dataset/single_style_pairs(0,20)_tripleSet/test_1', '/home/xuanjie.liu/Projects/S3Plus/VQ/exp/2025.05.18_10vq_Zc[2]_Zs[0]_edim1_[0-20]_plus1024_1_tripleSet_Nothing/../../../dataset/single_style_pairs(0,20)_tripleSet/test_2'], 'is_blur': False, 'blur_config': {'kernel_size_choices': (5, 7, 9), 'sigma_range': (0.5, 3.0), 'p_no_blur': 0.0}, 'augment_times': 1}], 'emb_matching_rate_configs': [{'name': 'emb_matching_rate', 'eval_set_path_list': ['/home/xuanjie.liu/Projects/S3Plus/VQ/exp/2025.05.18_10vq_Zc[2]_Zs[0]_edim1_[0-20]_plus1024_1_tripleSet_Nothing/../../../dataset/(0,20)-FixedPos-oneStyle'], 'is_blur': False, 'blur_config': {'kernel_size_choices': (5, 7, 9), 'sigma_range': (0.5, 3.0), 'p_no_blur': 0.0}, 'augment_times': 1}], 'orderliness_configs': [{'name': 'orderliness', 'img_dir_name': 'orderliness', 'eval_set_path_list': ['/home/xuanjie.liu/Projects/S3Plus/VQ/exp/2025.05.18_10vq_Zc[2]_Zs[0]_edim1_[0-20]_plus1024_1_tripleSet_Nothing/../../../dataset/(0,20)-FixedPos-oneStyle'], 'is_blur': False, 'blur_config': {'kernel_size_choices': (5, 7, 9), 'sigma_range': (0.5, 3.0), 'p_no_blur': 0.0}, 'augment_times': 1}], 'interpolate_configs': [{'name': 'train_interpolate', 'eval_set_path_list': ['/home/xuanjie.liu/Projects/S3Plus/VQ/exp/2025.05.18_10vq_Zc[2]_Zs[0]_edim1_[0-20]_plus1024_1_tripleSet_Nothing/../../../dataset/single_style_pairs(0,20)_tripleSet/train'], 'is_blur': False, 'blur_config': {'kernel_size_choices': (5, 7, 9), 'sigma_range': (0.5, 3.0), 'p_no_blur': 0.0}, 'augment_times': 1, 'interpolate_num': 1}]}}
[{'task_name': 'minus_16_1.1', 'train_data_path': '/home/xuanjie.liu/Projects/S3Plus/VQ/exp/2025.05.18_10vq_Zc[2]_Zs[0]_edim1_[0-20]_plus1024_1_tripleSet_Nothing/../../../dataset/single_style_pairs_minus(0,20)/train', 'eval_data_path': '/home/xuanjie.liu/Projects/S3Plus/VQ/exp/2025.05.18_10vq_Zc[2]_Zs[0]_edim1_[0-20]_plus1024_1_tripleSet_Nothing/../../../dataset/single_style_pairs_minus(0,20)/test', 'batch_size': 128, 'train_record_path': 'train_record.txt', 'eval_record_path': 'eval_record.txt', 'pretrained_path': 'checkpoint_40000.pt', 'fc_model_path': 'minus_model.pt', 'max_iter_num': 20001, 'log_interval': 200, 'num_class': 21, 'fc_network_config': {'plus_unit': 16, 'n_hidden_layers': 1}, 'learning_rate': 0.001}]
Sub-Exp path: /home/xuanjie.liu/Projects/S3Plus/VQ/exp/2025.05.18_10vq_Zc[2]_Zs[0]_edim1_[0-20]_plus1024_1_tripleSet_Nothing/2
Optimal checkpoint: 48000
Pretrained Model is loaded
No more training is needed
No more training is needed
No more training is needed
No more training is needed
No more training is needed
No more training is needed
No more training is needed
No more training is needed
No more training is needed
No more training is needed
No more training is needed
No more training is needed
No more training is needed
No more training is needed
No more training is needed
No more training is needed
No more training is needed
No more training is needed
No more training is needed
No more training is needed
Exp path: /home/xuanjie.liu/Projects/S3Plus/VQ/exp/2025.05.18_10vq_Zc[2]_Zs[0]_edim1_[0-20]_plus1024_1_tripleSet_Nothing
{'train_data_path': '/home/xuanjie.liu/Projects/S3Plus/VQ/exp/2025.05.18_10vq_Zc[2]_Zs[0]_edim1_[0-20]_plus1024_1_tripleSet_Nothing/../../../dataset/single_style_pairs(0,20)_tripleSet/train', 'single_img_eval_set_path': '/home/xuanjie.liu/Projects/S3Plus/VQ/exp/2025.05.18_10vq_Zc[2]_Zs[0]_edim1_[0-20]_plus1024_1_tripleSet_Nothing/../../../dataset/(0,20)-FixedPos-oneStyle', 'plus_eval_set_path': ['/home/xuanjie.liu/Projects/S3Plus/VQ/exp/2025.05.18_10vq_Zc[2]_Zs[0]_edim1_[0-20]_plus1024_1_tripleSet_Nothing/../../../dataset/single_style_pairs(0,20)_tripleSet/test_1', '/home/xuanjie.liu/Projects/S3Plus/VQ/exp/2025.05.18_10vq_Zc[2]_Zs[0]_edim1_[0-20]_plus1024_1_tripleSet_Nothing/../../../dataset/single_style_pairs(0,20)_tripleSet/test_2'], 'latent_embedding_1': 2, 'latent_embedding_2': 0, 'multi_num_embeddings': None, 'latent_code_2': 0, 'embedding_dim': 1, 'is_plot_zc_value': True, 'embeddings_num': 10, 'is_plot_vis_num': True, 'kld_loss_scalar': 0.0, 'checkpoint_interval': 2000, 'learning_rate': 0.0001, 'scheduler_base_num': 0.99999, 'max_iter_num': 50001, 'model_path': 'curr_model.pt', 'train_result_path': 'TrainingResults/', 'eval_result_path': 'EvalResults/', 'train_record_path': 'Train_record.txt', 'eval_record_path': 'Eval_record.txt', 'plus_accu_record_path': 'plus_eval.txt', 'log_interval': 500, 'eval_interval': 2000, 'is_save_img': True, 'batch_size': 128, 'is_commutative_train': False, 'is_commutative_all': False, 'z_plus_loss_scalar': 0.02, 'commutative_z_loss_scalar': 0.0, 'associative_z_loss_scalar': 0.0, 'plus_mse_scalar': -1, 'plus_recon_loss_scalar': 3, 'min_loss_scalar': 1e-05, 'K': 1024, 'assoc_aug_range': (-3, 3), 'commitment_scalar': 0.0025, 'embedding_scalar': 0.01, 'isVQStyle': False, 'plus_by_embedding': True, 'plus_by_zcode': False, 'VQPlus_eqLoss_scalar': 0.5, 'is_zc_based_assoc': True, 'is_rand_z_assoc': False, 'is_assoc_on_e': True, 'is_assoc_on_z': False, 'is_assoc_within_batch': True, 'is_switch_digital': False, 'is_full_symm': False, 'is_assoc': False, 'is_twice_oper': False, 'img_noise': 0.0, 'network_config': {'enc_dec': {'img_channel': 3, 'last_H': 4, 'last_W': 4, 'first_ch_num': 16}, 'enc_fc': {'n_units': 128, 'n_hidden_layers': 2}, 'plus': {'plus_unit': 1024, 'n_hidden_layers': 2}}, 'eval_config': {'pipeline_result_path': 'PIPELINE_EVAL', 'optimal_checkpoint_finding_config': {'optimal_checkpoint_num': 'find_by_keys', 'record_name': 'Train_record.txt', 'keys': ['plus_recon', 'plus_z', 'loss_oper', 'loss_ED'], 'iter_after': 0.1}, 'plus_eval_configs': [{'name': 'eval_set', 'eval_set_path_list': ['/home/xuanjie.liu/Projects/S3Plus/VQ/exp/2025.05.18_10vq_Zc[2]_Zs[0]_edim1_[0-20]_plus1024_1_tripleSet_Nothing/../../../dataset/single_style_pairs(0,20)_tripleSet/test_1', '/home/xuanjie.liu/Projects/S3Plus/VQ/exp/2025.05.18_10vq_Zc[2]_Zs[0]_edim1_[0-20]_plus1024_1_tripleSet_Nothing/../../../dataset/single_style_pairs(0,20)_tripleSet/test_2'], 'is_blur': False, 'blur_config': {'kernel_size_choices': (5, 7, 9), 'sigma_range': (0.5, 3.0), 'p_no_blur': 0.0}, 'augment_times': 1}], 'emb_matching_rate_configs': [{'name': 'emb_matching_rate', 'eval_set_path_list': ['/home/xuanjie.liu/Projects/S3Plus/VQ/exp/2025.05.18_10vq_Zc[2]_Zs[0]_edim1_[0-20]_plus1024_1_tripleSet_Nothing/../../../dataset/(0,20)-FixedPos-oneStyle'], 'is_blur': False, 'blur_config': {'kernel_size_choices': (5, 7, 9), 'sigma_range': (0.5, 3.0), 'p_no_blur': 0.0}, 'augment_times': 1}], 'orderliness_configs': [{'name': 'orderliness', 'img_dir_name': 'orderliness', 'eval_set_path_list': ['/home/xuanjie.liu/Projects/S3Plus/VQ/exp/2025.05.18_10vq_Zc[2]_Zs[0]_edim1_[0-20]_plus1024_1_tripleSet_Nothing/../../../dataset/(0,20)-FixedPos-oneStyle'], 'is_blur': False, 'blur_config': {'kernel_size_choices': (5, 7, 9), 'sigma_range': (0.5, 3.0), 'p_no_blur': 0.0}, 'augment_times': 1}], 'interpolate_configs': [{'name': 'train_interpolate', 'eval_set_path_list': ['/home/xuanjie.liu/Projects/S3Plus/VQ/exp/2025.05.18_10vq_Zc[2]_Zs[0]_edim1_[0-20]_plus1024_1_tripleSet_Nothing/../../../dataset/single_style_pairs(0,20)_tripleSet/train'], 'is_blur': False, 'blur_config': {'kernel_size_choices': (5, 7, 9), 'sigma_range': (0.5, 3.0), 'p_no_blur': 0.0}, 'augment_times': 1, 'interpolate_num': 1}]}}
[{'task_name': 'minus_16_1.1', 'train_data_path': '/home/xuanjie.liu/Projects/S3Plus/VQ/exp/2025.05.18_10vq_Zc[2]_Zs[0]_edim1_[0-20]_plus1024_1_tripleSet_Nothing/../../../dataset/single_style_pairs_minus(0,20)/train', 'eval_data_path': '/home/xuanjie.liu/Projects/S3Plus/VQ/exp/2025.05.18_10vq_Zc[2]_Zs[0]_edim1_[0-20]_plus1024_1_tripleSet_Nothing/../../../dataset/single_style_pairs_minus(0,20)/test', 'batch_size': 128, 'train_record_path': 'train_record.txt', 'eval_record_path': 'eval_record.txt', 'pretrained_path': 'checkpoint_40000.pt', 'fc_model_path': 'minus_model.pt', 'max_iter_num': 20001, 'log_interval': 200, 'num_class': 21, 'fc_network_config': {'plus_unit': 16, 'n_hidden_layers': 1}, 'learning_rate': 0.001}]
Sub-Exp path: /home/xuanjie.liu/Projects/S3Plus/VQ/exp/2025.05.18_10vq_Zc[2]_Zs[0]_edim1_[0-20]_plus1024_1_tripleSet_Nothing/3
Optimal checkpoint: 46000
Pretrained Model is loaded
No more training is needed
No more training is needed
No more training is needed
No more training is needed
No more training is needed
No more training is needed
No more training is needed
No more training is needed
No more training is needed
No more training is needed
No more training is needed
No more training is needed
No more training is needed
No more training is needed
No more training is needed
No more training is needed
No more training is needed
No more training is needed
No more training is needed
No more training is needed
Exp path: /home/xuanjie.liu/Projects/S3Plus/VQ/exp/2025.05.18_10vq_Zc[2]_Zs[0]_edim1_[0-20]_plus1024_1_tripleSet_Nothing
{'train_data_path': '/home/xuanjie.liu/Projects/S3Plus/VQ/exp/2025.05.18_10vq_Zc[2]_Zs[0]_edim1_[0-20]_plus1024_1_tripleSet_Nothing/../../../dataset/single_style_pairs(0,20)_tripleSet/train', 'single_img_eval_set_path': '/home/xuanjie.liu/Projects/S3Plus/VQ/exp/2025.05.18_10vq_Zc[2]_Zs[0]_edim1_[0-20]_plus1024_1_tripleSet_Nothing/../../../dataset/(0,20)-FixedPos-oneStyle', 'plus_eval_set_path': ['/home/xuanjie.liu/Projects/S3Plus/VQ/exp/2025.05.18_10vq_Zc[2]_Zs[0]_edim1_[0-20]_plus1024_1_tripleSet_Nothing/../../../dataset/single_style_pairs(0,20)_tripleSet/test_1', '/home/xuanjie.liu/Projects/S3Plus/VQ/exp/2025.05.18_10vq_Zc[2]_Zs[0]_edim1_[0-20]_plus1024_1_tripleSet_Nothing/../../../dataset/single_style_pairs(0,20)_tripleSet/test_2'], 'latent_embedding_1': 2, 'latent_embedding_2': 0, 'multi_num_embeddings': None, 'latent_code_2': 0, 'embedding_dim': 1, 'is_plot_zc_value': True, 'embeddings_num': 10, 'is_plot_vis_num': True, 'kld_loss_scalar': 0.0, 'checkpoint_interval': 2000, 'learning_rate': 0.0001, 'scheduler_base_num': 0.99999, 'max_iter_num': 50001, 'model_path': 'curr_model.pt', 'train_result_path': 'TrainingResults/', 'eval_result_path': 'EvalResults/', 'train_record_path': 'Train_record.txt', 'eval_record_path': 'Eval_record.txt', 'plus_accu_record_path': 'plus_eval.txt', 'log_interval': 500, 'eval_interval': 2000, 'is_save_img': True, 'batch_size': 128, 'is_commutative_train': False, 'is_commutative_all': False, 'z_plus_loss_scalar': 0.02, 'commutative_z_loss_scalar': 0.0, 'associative_z_loss_scalar': 0.0, 'plus_mse_scalar': -1, 'plus_recon_loss_scalar': 3, 'min_loss_scalar': 1e-05, 'K': 1024, 'assoc_aug_range': (-3, 3), 'commitment_scalar': 0.0025, 'embedding_scalar': 0.01, 'isVQStyle': False, 'plus_by_embedding': True, 'plus_by_zcode': False, 'VQPlus_eqLoss_scalar': 0.5, 'is_zc_based_assoc': True, 'is_rand_z_assoc': False, 'is_assoc_on_e': True, 'is_assoc_on_z': False, 'is_assoc_within_batch': True, 'is_switch_digital': False, 'is_full_symm': False, 'is_assoc': False, 'is_twice_oper': False, 'img_noise': 0.0, 'network_config': {'enc_dec': {'img_channel': 3, 'last_H': 4, 'last_W': 4, 'first_ch_num': 16}, 'enc_fc': {'n_units': 128, 'n_hidden_layers': 2}, 'plus': {'plus_unit': 1024, 'n_hidden_layers': 2}}, 'eval_config': {'pipeline_result_path': 'PIPELINE_EVAL', 'optimal_checkpoint_finding_config': {'optimal_checkpoint_num': 'find_by_keys', 'record_name': 'Train_record.txt', 'keys': ['plus_recon', 'plus_z', 'loss_oper', 'loss_ED'], 'iter_after': 0.1}, 'plus_eval_configs': [{'name': 'eval_set', 'eval_set_path_list': ['/home/xuanjie.liu/Projects/S3Plus/VQ/exp/2025.05.18_10vq_Zc[2]_Zs[0]_edim1_[0-20]_plus1024_1_tripleSet_Nothing/../../../dataset/single_style_pairs(0,20)_tripleSet/test_1', '/home/xuanjie.liu/Projects/S3Plus/VQ/exp/2025.05.18_10vq_Zc[2]_Zs[0]_edim1_[0-20]_plus1024_1_tripleSet_Nothing/../../../dataset/single_style_pairs(0,20)_tripleSet/test_2'], 'is_blur': False, 'blur_config': {'kernel_size_choices': (5, 7, 9), 'sigma_range': (0.5, 3.0), 'p_no_blur': 0.0}, 'augment_times': 1}], 'emb_matching_rate_configs': [{'name': 'emb_matching_rate', 'eval_set_path_list': ['/home/xuanjie.liu/Projects/S3Plus/VQ/exp/2025.05.18_10vq_Zc[2]_Zs[0]_edim1_[0-20]_plus1024_1_tripleSet_Nothing/../../../dataset/(0,20)-FixedPos-oneStyle'], 'is_blur': False, 'blur_config': {'kernel_size_choices': (5, 7, 9), 'sigma_range': (0.5, 3.0), 'p_no_blur': 0.0}, 'augment_times': 1}], 'orderliness_configs': [{'name': 'orderliness', 'img_dir_name': 'orderliness', 'eval_set_path_list': ['/home/xuanjie.liu/Projects/S3Plus/VQ/exp/2025.05.18_10vq_Zc[2]_Zs[0]_edim1_[0-20]_plus1024_1_tripleSet_Nothing/../../../dataset/(0,20)-FixedPos-oneStyle'], 'is_blur': False, 'blur_config': {'kernel_size_choices': (5, 7, 9), 'sigma_range': (0.5, 3.0), 'p_no_blur': 0.0}, 'augment_times': 1}], 'interpolate_configs': [{'name': 'train_interpolate', 'eval_set_path_list': ['/home/xuanjie.liu/Projects/S3Plus/VQ/exp/2025.05.18_10vq_Zc[2]_Zs[0]_edim1_[0-20]_plus1024_1_tripleSet_Nothing/../../../dataset/single_style_pairs(0,20)_tripleSet/train'], 'is_blur': False, 'blur_config': {'kernel_size_choices': (5, 7, 9), 'sigma_range': (0.5, 3.0), 'p_no_blur': 0.0}, 'augment_times': 1, 'interpolate_num': 1}]}}
[{'task_name': 'minus_16_1.1', 'train_data_path': '/home/xuanjie.liu/Projects/S3Plus/VQ/exp/2025.05.18_10vq_Zc[2]_Zs[0]_edim1_[0-20]_plus1024_1_tripleSet_Nothing/../../../dataset/single_style_pairs_minus(0,20)/train', 'eval_data_path': '/home/xuanjie.liu/Projects/S3Plus/VQ/exp/2025.05.18_10vq_Zc[2]_Zs[0]_edim1_[0-20]_plus1024_1_tripleSet_Nothing/../../../dataset/single_style_pairs_minus(0,20)/test', 'batch_size': 128, 'train_record_path': 'train_record.txt', 'eval_record_path': 'eval_record.txt', 'pretrained_path': 'checkpoint_40000.pt', 'fc_model_path': 'minus_model.pt', 'max_iter_num': 20001, 'log_interval': 200, 'num_class': 21, 'fc_network_config': {'plus_unit': 16, 'n_hidden_layers': 1}, 'learning_rate': 0.001}]
Sub-Exp path: /home/xuanjie.liu/Projects/S3Plus/VQ/exp/2025.05.18_10vq_Zc[2]_Zs[0]_edim1_[0-20]_plus1024_1_tripleSet_Nothing/4
Optimal checkpoint: 48000
Pretrained Model is loaded
No more training is needed
No more training is needed
No more training is needed
No more training is needed
No more training is needed
No more training is needed
No more training is needed
No more training is needed
No more training is needed
No more training is needed
No more training is needed
No more training is needed
No more training is needed
No more training is needed
No more training is needed
No more training is needed
No more training is needed
No more training is needed
No more training is needed
No more training is needed
Exp path: /home/xuanjie.liu/Projects/S3Plus/VQ/exp/2025.05.18_10vq_Zc[2]_Zs[0]_edim1_[0-20]_plus1024_1_tripleSet_Nothing
{'train_data_path': '/home/xuanjie.liu/Projects/S3Plus/VQ/exp/2025.05.18_10vq_Zc[2]_Zs[0]_edim1_[0-20]_plus1024_1_tripleSet_Nothing/../../../dataset/single_style_pairs(0,20)_tripleSet/train', 'single_img_eval_set_path': '/home/xuanjie.liu/Projects/S3Plus/VQ/exp/2025.05.18_10vq_Zc[2]_Zs[0]_edim1_[0-20]_plus1024_1_tripleSet_Nothing/../../../dataset/(0,20)-FixedPos-oneStyle', 'plus_eval_set_path': ['/home/xuanjie.liu/Projects/S3Plus/VQ/exp/2025.05.18_10vq_Zc[2]_Zs[0]_edim1_[0-20]_plus1024_1_tripleSet_Nothing/../../../dataset/single_style_pairs(0,20)_tripleSet/test_1', '/home/xuanjie.liu/Projects/S3Plus/VQ/exp/2025.05.18_10vq_Zc[2]_Zs[0]_edim1_[0-20]_plus1024_1_tripleSet_Nothing/../../../dataset/single_style_pairs(0,20)_tripleSet/test_2'], 'latent_embedding_1': 2, 'latent_embedding_2': 0, 'multi_num_embeddings': None, 'latent_code_2': 0, 'embedding_dim': 1, 'is_plot_zc_value': True, 'embeddings_num': 10, 'is_plot_vis_num': True, 'kld_loss_scalar': 0.0, 'checkpoint_interval': 2000, 'learning_rate': 0.0001, 'scheduler_base_num': 0.99999, 'max_iter_num': 50001, 'model_path': 'curr_model.pt', 'train_result_path': 'TrainingResults/', 'eval_result_path': 'EvalResults/', 'train_record_path': 'Train_record.txt', 'eval_record_path': 'Eval_record.txt', 'plus_accu_record_path': 'plus_eval.txt', 'log_interval': 500, 'eval_interval': 2000, 'is_save_img': True, 'batch_size': 128, 'is_commutative_train': False, 'is_commutative_all': False, 'z_plus_loss_scalar': 0.02, 'commutative_z_loss_scalar': 0.0, 'associative_z_loss_scalar': 0.0, 'plus_mse_scalar': -1, 'plus_recon_loss_scalar': 3, 'min_loss_scalar': 1e-05, 'K': 1024, 'assoc_aug_range': (-3, 3), 'commitment_scalar': 0.0025, 'embedding_scalar': 0.01, 'isVQStyle': False, 'plus_by_embedding': True, 'plus_by_zcode': False, 'VQPlus_eqLoss_scalar': 0.5, 'is_zc_based_assoc': True, 'is_rand_z_assoc': False, 'is_assoc_on_e': True, 'is_assoc_on_z': False, 'is_assoc_within_batch': True, 'is_switch_digital': False, 'is_full_symm': False, 'is_assoc': False, 'is_twice_oper': False, 'img_noise': 0.0, 'network_config': {'enc_dec': {'img_channel': 3, 'last_H': 4, 'last_W': 4, 'first_ch_num': 16}, 'enc_fc': {'n_units': 128, 'n_hidden_layers': 2}, 'plus': {'plus_unit': 1024, 'n_hidden_layers': 2}}, 'eval_config': {'pipeline_result_path': 'PIPELINE_EVAL', 'optimal_checkpoint_finding_config': {'optimal_checkpoint_num': 'find_by_keys', 'record_name': 'Train_record.txt', 'keys': ['plus_recon', 'plus_z', 'loss_oper', 'loss_ED'], 'iter_after': 0.1}, 'plus_eval_configs': [{'name': 'eval_set', 'eval_set_path_list': ['/home/xuanjie.liu/Projects/S3Plus/VQ/exp/2025.05.18_10vq_Zc[2]_Zs[0]_edim1_[0-20]_plus1024_1_tripleSet_Nothing/../../../dataset/single_style_pairs(0,20)_tripleSet/test_1', '/home/xuanjie.liu/Projects/S3Plus/VQ/exp/2025.05.18_10vq_Zc[2]_Zs[0]_edim1_[0-20]_plus1024_1_tripleSet_Nothing/../../../dataset/single_style_pairs(0,20)_tripleSet/test_2'], 'is_blur': False, 'blur_config': {'kernel_size_choices': (5, 7, 9), 'sigma_range': (0.5, 3.0), 'p_no_blur': 0.0}, 'augment_times': 1}], 'emb_matching_rate_configs': [{'name': 'emb_matching_rate', 'eval_set_path_list': ['/home/xuanjie.liu/Projects/S3Plus/VQ/exp/2025.05.18_10vq_Zc[2]_Zs[0]_edim1_[0-20]_plus1024_1_tripleSet_Nothing/../../../dataset/(0,20)-FixedPos-oneStyle'], 'is_blur': False, 'blur_config': {'kernel_size_choices': (5, 7, 9), 'sigma_range': (0.5, 3.0), 'p_no_blur': 0.0}, 'augment_times': 1}], 'orderliness_configs': [{'name': 'orderliness', 'img_dir_name': 'orderliness', 'eval_set_path_list': ['/home/xuanjie.liu/Projects/S3Plus/VQ/exp/2025.05.18_10vq_Zc[2]_Zs[0]_edim1_[0-20]_plus1024_1_tripleSet_Nothing/../../../dataset/(0,20)-FixedPos-oneStyle'], 'is_blur': False, 'blur_config': {'kernel_size_choices': (5, 7, 9), 'sigma_range': (0.5, 3.0), 'p_no_blur': 0.0}, 'augment_times': 1}], 'interpolate_configs': [{'name': 'train_interpolate', 'eval_set_path_list': ['/home/xuanjie.liu/Projects/S3Plus/VQ/exp/2025.05.18_10vq_Zc[2]_Zs[0]_edim1_[0-20]_plus1024_1_tripleSet_Nothing/../../../dataset/single_style_pairs(0,20)_tripleSet/train'], 'is_blur': False, 'blur_config': {'kernel_size_choices': (5, 7, 9), 'sigma_range': (0.5, 3.0), 'p_no_blur': 0.0}, 'augment_times': 1, 'interpolate_num': 1}]}}
[{'task_name': 'minus_16_1.1', 'train_data_path': '/home/xuanjie.liu/Projects/S3Plus/VQ/exp/2025.05.18_10vq_Zc[2]_Zs[0]_edim1_[0-20]_plus1024_1_tripleSet_Nothing/../../../dataset/single_style_pairs_minus(0,20)/train', 'eval_data_path': '/home/xuanjie.liu/Projects/S3Plus/VQ/exp/2025.05.18_10vq_Zc[2]_Zs[0]_edim1_[0-20]_plus1024_1_tripleSet_Nothing/../../../dataset/single_style_pairs_minus(0,20)/test', 'batch_size': 128, 'train_record_path': 'train_record.txt', 'eval_record_path': 'eval_record.txt', 'pretrained_path': 'checkpoint_40000.pt', 'fc_model_path': 'minus_model.pt', 'max_iter_num': 20001, 'log_interval': 200, 'num_class': 21, 'fc_network_config': {'plus_unit': 16, 'n_hidden_layers': 1}, 'learning_rate': 0.001}]
Sub-Exp path: /home/xuanjie.liu/Projects/S3Plus/VQ/exp/2025.05.18_10vq_Zc[2]_Zs[0]_edim1_[0-20]_plus1024_1_tripleSet_Nothing/5
Optimal checkpoint: 48000
Pretrained Model is loaded
No more training is needed
No more training is needed
No more training is needed
No more training is needed
No more training is needed
No more training is needed
No more training is needed
No more training is needed
No more training is needed
No more training is needed
No more training is needed
No more training is needed
No more training is needed
No more training is needed
No more training is needed
No more training is needed
No more training is needed
No more training is needed
No more training is needed
No more training is needed
Exp path: /home/xuanjie.liu/Projects/S3Plus/VQ/exp/2025.05.18_10vq_Zc[2]_Zs[0]_edim1_[0-20]_plus1024_1_tripleSet_Nothing
{'train_data_path': '/home/xuanjie.liu/Projects/S3Plus/VQ/exp/2025.05.18_10vq_Zc[2]_Zs[0]_edim1_[0-20]_plus1024_1_tripleSet_Nothing/../../../dataset/single_style_pairs(0,20)_tripleSet/train', 'single_img_eval_set_path': '/home/xuanjie.liu/Projects/S3Plus/VQ/exp/2025.05.18_10vq_Zc[2]_Zs[0]_edim1_[0-20]_plus1024_1_tripleSet_Nothing/../../../dataset/(0,20)-FixedPos-oneStyle', 'plus_eval_set_path': ['/home/xuanjie.liu/Projects/S3Plus/VQ/exp/2025.05.18_10vq_Zc[2]_Zs[0]_edim1_[0-20]_plus1024_1_tripleSet_Nothing/../../../dataset/single_style_pairs(0,20)_tripleSet/test_1', '/home/xuanjie.liu/Projects/S3Plus/VQ/exp/2025.05.18_10vq_Zc[2]_Zs[0]_edim1_[0-20]_plus1024_1_tripleSet_Nothing/../../../dataset/single_style_pairs(0,20)_tripleSet/test_2'], 'latent_embedding_1': 2, 'latent_embedding_2': 0, 'multi_num_embeddings': None, 'latent_code_2': 0, 'embedding_dim': 1, 'is_plot_zc_value': True, 'embeddings_num': 10, 'is_plot_vis_num': True, 'kld_loss_scalar': 0.0, 'checkpoint_interval': 2000, 'learning_rate': 0.0001, 'scheduler_base_num': 0.99999, 'max_iter_num': 50001, 'model_path': 'curr_model.pt', 'train_result_path': 'TrainingResults/', 'eval_result_path': 'EvalResults/', 'train_record_path': 'Train_record.txt', 'eval_record_path': 'Eval_record.txt', 'plus_accu_record_path': 'plus_eval.txt', 'log_interval': 500, 'eval_interval': 2000, 'is_save_img': True, 'batch_size': 128, 'is_commutative_train': False, 'is_commutative_all': False, 'z_plus_loss_scalar': 0.02, 'commutative_z_loss_scalar': 0.0, 'associative_z_loss_scalar': 0.0, 'plus_mse_scalar': -1, 'plus_recon_loss_scalar': 3, 'min_loss_scalar': 1e-05, 'K': 1024, 'assoc_aug_range': (-3, 3), 'commitment_scalar': 0.0025, 'embedding_scalar': 0.01, 'isVQStyle': False, 'plus_by_embedding': True, 'plus_by_zcode': False, 'VQPlus_eqLoss_scalar': 0.5, 'is_zc_based_assoc': True, 'is_rand_z_assoc': False, 'is_assoc_on_e': True, 'is_assoc_on_z': False, 'is_assoc_within_batch': True, 'is_switch_digital': False, 'is_full_symm': False, 'is_assoc': False, 'is_twice_oper': False, 'img_noise': 0.0, 'network_config': {'enc_dec': {'img_channel': 3, 'last_H': 4, 'last_W': 4, 'first_ch_num': 16}, 'enc_fc': {'n_units': 128, 'n_hidden_layers': 2}, 'plus': {'plus_unit': 1024, 'n_hidden_layers': 2}}, 'eval_config': {'pipeline_result_path': 'PIPELINE_EVAL', 'optimal_checkpoint_finding_config': {'optimal_checkpoint_num': 'find_by_keys', 'record_name': 'Train_record.txt', 'keys': ['plus_recon', 'plus_z', 'loss_oper', 'loss_ED'], 'iter_after': 0.1}, 'plus_eval_configs': [{'name': 'eval_set', 'eval_set_path_list': ['/home/xuanjie.liu/Projects/S3Plus/VQ/exp/2025.05.18_10vq_Zc[2]_Zs[0]_edim1_[0-20]_plus1024_1_tripleSet_Nothing/../../../dataset/single_style_pairs(0,20)_tripleSet/test_1', '/home/xuanjie.liu/Projects/S3Plus/VQ/exp/2025.05.18_10vq_Zc[2]_Zs[0]_edim1_[0-20]_plus1024_1_tripleSet_Nothing/../../../dataset/single_style_pairs(0,20)_tripleSet/test_2'], 'is_blur': False, 'blur_config': {'kernel_size_choices': (5, 7, 9), 'sigma_range': (0.5, 3.0), 'p_no_blur': 0.0}, 'augment_times': 1}], 'emb_matching_rate_configs': [{'name': 'emb_matching_rate', 'eval_set_path_list': ['/home/xuanjie.liu/Projects/S3Plus/VQ/exp/2025.05.18_10vq_Zc[2]_Zs[0]_edim1_[0-20]_plus1024_1_tripleSet_Nothing/../../../dataset/(0,20)-FixedPos-oneStyle'], 'is_blur': False, 'blur_config': {'kernel_size_choices': (5, 7, 9), 'sigma_range': (0.5, 3.0), 'p_no_blur': 0.0}, 'augment_times': 1}], 'orderliness_configs': [{'name': 'orderliness', 'img_dir_name': 'orderliness', 'eval_set_path_list': ['/home/xuanjie.liu/Projects/S3Plus/VQ/exp/2025.05.18_10vq_Zc[2]_Zs[0]_edim1_[0-20]_plus1024_1_tripleSet_Nothing/../../../dataset/(0,20)-FixedPos-oneStyle'], 'is_blur': False, 'blur_config': {'kernel_size_choices': (5, 7, 9), 'sigma_range': (0.5, 3.0), 'p_no_blur': 0.0}, 'augment_times': 1}], 'interpolate_configs': [{'name': 'train_interpolate', 'eval_set_path_list': ['/home/xuanjie.liu/Projects/S3Plus/VQ/exp/2025.05.18_10vq_Zc[2]_Zs[0]_edim1_[0-20]_plus1024_1_tripleSet_Nothing/../../../dataset/single_style_pairs(0,20)_tripleSet/train'], 'is_blur': False, 'blur_config': {'kernel_size_choices': (5, 7, 9), 'sigma_range': (0.5, 3.0), 'p_no_blur': 0.0}, 'augment_times': 1, 'interpolate_num': 1}]}}
[{'task_name': 'minus_16_1.1', 'train_data_path': '/home/xuanjie.liu/Projects/S3Plus/VQ/exp/2025.05.18_10vq_Zc[2]_Zs[0]_edim1_[0-20]_plus1024_1_tripleSet_Nothing/../../../dataset/single_style_pairs_minus(0,20)/train', 'eval_data_path': '/home/xuanjie.liu/Projects/S3Plus/VQ/exp/2025.05.18_10vq_Zc[2]_Zs[0]_edim1_[0-20]_plus1024_1_tripleSet_Nothing/../../../dataset/single_style_pairs_minus(0,20)/test', 'batch_size': 128, 'train_record_path': 'train_record.txt', 'eval_record_path': 'eval_record.txt', 'pretrained_path': 'checkpoint_40000.pt', 'fc_model_path': 'minus_model.pt', 'max_iter_num': 20001, 'log_interval': 200, 'num_class': 21, 'fc_network_config': {'plus_unit': 16, 'n_hidden_layers': 1}, 'learning_rate': 0.001}]
Sub-Exp path: /home/xuanjie.liu/Projects/S3Plus/VQ/exp/2025.05.18_10vq_Zc[2]_Zs[0]_edim1_[0-20]_plus1024_1_tripleSet_Nothing/6
Optimal checkpoint: 48000
Pretrained Model is loaded
No more training is needed
No more training is needed
No more training is needed
No more training is needed
No more training is needed
No more training is needed
No more training is needed
No more training is needed
No more training is needed
No more training is needed
No more training is needed
No more training is needed
No more training is needed
No more training is needed
No more training is needed
No more training is needed
No more training is needed
No more training is needed
No more training is needed
No more training is needed
Exp path: /home/xuanjie.liu/Projects/S3Plus/VQ/exp/2025.05.18_10vq_Zc[2]_Zs[0]_edim1_[0-20]_plus1024_1_tripleSet_Nothing
{'train_data_path': '/home/xuanjie.liu/Projects/S3Plus/VQ/exp/2025.05.18_10vq_Zc[2]_Zs[0]_edim1_[0-20]_plus1024_1_tripleSet_Nothing/../../../dataset/single_style_pairs(0,20)_tripleSet/train', 'single_img_eval_set_path': '/home/xuanjie.liu/Projects/S3Plus/VQ/exp/2025.05.18_10vq_Zc[2]_Zs[0]_edim1_[0-20]_plus1024_1_tripleSet_Nothing/../../../dataset/(0,20)-FixedPos-oneStyle', 'plus_eval_set_path': ['/home/xuanjie.liu/Projects/S3Plus/VQ/exp/2025.05.18_10vq_Zc[2]_Zs[0]_edim1_[0-20]_plus1024_1_tripleSet_Nothing/../../../dataset/single_style_pairs(0,20)_tripleSet/test_1', '/home/xuanjie.liu/Projects/S3Plus/VQ/exp/2025.05.18_10vq_Zc[2]_Zs[0]_edim1_[0-20]_plus1024_1_tripleSet_Nothing/../../../dataset/single_style_pairs(0,20)_tripleSet/test_2'], 'latent_embedding_1': 2, 'latent_embedding_2': 0, 'multi_num_embeddings': None, 'latent_code_2': 0, 'embedding_dim': 1, 'is_plot_zc_value': True, 'embeddings_num': 10, 'is_plot_vis_num': True, 'kld_loss_scalar': 0.0, 'checkpoint_interval': 2000, 'learning_rate': 0.0001, 'scheduler_base_num': 0.99999, 'max_iter_num': 50001, 'model_path': 'curr_model.pt', 'train_result_path': 'TrainingResults/', 'eval_result_path': 'EvalResults/', 'train_record_path': 'Train_record.txt', 'eval_record_path': 'Eval_record.txt', 'plus_accu_record_path': 'plus_eval.txt', 'log_interval': 500, 'eval_interval': 2000, 'is_save_img': True, 'batch_size': 128, 'is_commutative_train': False, 'is_commutative_all': False, 'z_plus_loss_scalar': 0.02, 'commutative_z_loss_scalar': 0.0, 'associative_z_loss_scalar': 0.0, 'plus_mse_scalar': -1, 'plus_recon_loss_scalar': 3, 'min_loss_scalar': 1e-05, 'K': 1024, 'assoc_aug_range': (-3, 3), 'commitment_scalar': 0.0025, 'embedding_scalar': 0.01, 'isVQStyle': False, 'plus_by_embedding': True, 'plus_by_zcode': False, 'VQPlus_eqLoss_scalar': 0.5, 'is_zc_based_assoc': True, 'is_rand_z_assoc': False, 'is_assoc_on_e': True, 'is_assoc_on_z': False, 'is_assoc_within_batch': True, 'is_switch_digital': False, 'is_full_symm': False, 'is_assoc': False, 'is_twice_oper': False, 'img_noise': 0.0, 'network_config': {'enc_dec': {'img_channel': 3, 'last_H': 4, 'last_W': 4, 'first_ch_num': 16}, 'enc_fc': {'n_units': 128, 'n_hidden_layers': 2}, 'plus': {'plus_unit': 1024, 'n_hidden_layers': 2}}, 'eval_config': {'pipeline_result_path': 'PIPELINE_EVAL', 'optimal_checkpoint_finding_config': {'optimal_checkpoint_num': 'find_by_keys', 'record_name': 'Train_record.txt', 'keys': ['plus_recon', 'plus_z', 'loss_oper', 'loss_ED'], 'iter_after': 0.1}, 'plus_eval_configs': [{'name': 'eval_set', 'eval_set_path_list': ['/home/xuanjie.liu/Projects/S3Plus/VQ/exp/2025.05.18_10vq_Zc[2]_Zs[0]_edim1_[0-20]_plus1024_1_tripleSet_Nothing/../../../dataset/single_style_pairs(0,20)_tripleSet/test_1', '/home/xuanjie.liu/Projects/S3Plus/VQ/exp/2025.05.18_10vq_Zc[2]_Zs[0]_edim1_[0-20]_plus1024_1_tripleSet_Nothing/../../../dataset/single_style_pairs(0,20)_tripleSet/test_2'], 'is_blur': False, 'blur_config': {'kernel_size_choices': (5, 7, 9), 'sigma_range': (0.5, 3.0), 'p_no_blur': 0.0}, 'augment_times': 1}], 'emb_matching_rate_configs': [{'name': 'emb_matching_rate', 'eval_set_path_list': ['/home/xuanjie.liu/Projects/S3Plus/VQ/exp/2025.05.18_10vq_Zc[2]_Zs[0]_edim1_[0-20]_plus1024_1_tripleSet_Nothing/../../../dataset/(0,20)-FixedPos-oneStyle'], 'is_blur': False, 'blur_config': {'kernel_size_choices': (5, 7, 9), 'sigma_range': (0.5, 3.0), 'p_no_blur': 0.0}, 'augment_times': 1}], 'orderliness_configs': [{'name': 'orderliness', 'img_dir_name': 'orderliness', 'eval_set_path_list': ['/home/xuanjie.liu/Projects/S3Plus/VQ/exp/2025.05.18_10vq_Zc[2]_Zs[0]_edim1_[0-20]_plus1024_1_tripleSet_Nothing/../../../dataset/(0,20)-FixedPos-oneStyle'], 'is_blur': False, 'blur_config': {'kernel_size_choices': (5, 7, 9), 'sigma_range': (0.5, 3.0), 'p_no_blur': 0.0}, 'augment_times': 1}], 'interpolate_configs': [{'name': 'train_interpolate', 'eval_set_path_list': ['/home/xuanjie.liu/Projects/S3Plus/VQ/exp/2025.05.18_10vq_Zc[2]_Zs[0]_edim1_[0-20]_plus1024_1_tripleSet_Nothing/../../../dataset/single_style_pairs(0,20)_tripleSet/train'], 'is_blur': False, 'blur_config': {'kernel_size_choices': (5, 7, 9), 'sigma_range': (0.5, 3.0), 'p_no_blur': 0.0}, 'augment_times': 1, 'interpolate_num': 1}]}}
[{'task_name': 'minus_16_1.1', 'train_data_path': '/home/xuanjie.liu/Projects/S3Plus/VQ/exp/2025.05.18_10vq_Zc[2]_Zs[0]_edim1_[0-20]_plus1024_1_tripleSet_Nothing/../../../dataset/single_style_pairs_minus(0,20)/train', 'eval_data_path': '/home/xuanjie.liu/Projects/S3Plus/VQ/exp/2025.05.18_10vq_Zc[2]_Zs[0]_edim1_[0-20]_plus1024_1_tripleSet_Nothing/../../../dataset/single_style_pairs_minus(0,20)/test', 'batch_size': 128, 'train_record_path': 'train_record.txt', 'eval_record_path': 'eval_record.txt', 'pretrained_path': 'checkpoint_40000.pt', 'fc_model_path': 'minus_model.pt', 'max_iter_num': 20001, 'log_interval': 200, 'num_class': 21, 'fc_network_config': {'plus_unit': 16, 'n_hidden_layers': 1}, 'learning_rate': 0.001}]
Sub-Exp path: /home/xuanjie.liu/Projects/S3Plus/VQ/exp/2025.05.18_10vq_Zc[2]_Zs[0]_edim1_[0-20]_plus1024_1_tripleSet_Nothing/7
Optimal checkpoint: 48000
Pretrained Model is loaded
No more training is needed
No more training is needed
No more training is needed
No more training is needed
No more training is needed
No more training is needed
No more training is needed
No more training is needed
No more training is needed
No more training is needed
No more training is needed
No more training is needed
No more training is needed
No more training is needed
No more training is needed
No more training is needed
No more training is needed
No more training is needed
No more training is needed
No more training is needed
Exp path: /home/xuanjie.liu/Projects/S3Plus/VQ/exp/2025.05.18_10vq_Zc[2]_Zs[0]_edim1_[0-20]_plus1024_1_tripleSet_Nothing
{'train_data_path': '/home/xuanjie.liu/Projects/S3Plus/VQ/exp/2025.05.18_10vq_Zc[2]_Zs[0]_edim1_[0-20]_plus1024_1_tripleSet_Nothing/../../../dataset/single_style_pairs(0,20)_tripleSet/train', 'single_img_eval_set_path': '/home/xuanjie.liu/Projects/S3Plus/VQ/exp/2025.05.18_10vq_Zc[2]_Zs[0]_edim1_[0-20]_plus1024_1_tripleSet_Nothing/../../../dataset/(0,20)-FixedPos-oneStyle', 'plus_eval_set_path': ['/home/xuanjie.liu/Projects/S3Plus/VQ/exp/2025.05.18_10vq_Zc[2]_Zs[0]_edim1_[0-20]_plus1024_1_tripleSet_Nothing/../../../dataset/single_style_pairs(0,20)_tripleSet/test_1', '/home/xuanjie.liu/Projects/S3Plus/VQ/exp/2025.05.18_10vq_Zc[2]_Zs[0]_edim1_[0-20]_plus1024_1_tripleSet_Nothing/../../../dataset/single_style_pairs(0,20)_tripleSet/test_2'], 'latent_embedding_1': 2, 'latent_embedding_2': 0, 'multi_num_embeddings': None, 'latent_code_2': 0, 'embedding_dim': 1, 'is_plot_zc_value': True, 'embeddings_num': 10, 'is_plot_vis_num': True, 'kld_loss_scalar': 0.0, 'checkpoint_interval': 2000, 'learning_rate': 0.0001, 'scheduler_base_num': 0.99999, 'max_iter_num': 50001, 'model_path': 'curr_model.pt', 'train_result_path': 'TrainingResults/', 'eval_result_path': 'EvalResults/', 'train_record_path': 'Train_record.txt', 'eval_record_path': 'Eval_record.txt', 'plus_accu_record_path': 'plus_eval.txt', 'log_interval': 500, 'eval_interval': 2000, 'is_save_img': True, 'batch_size': 128, 'is_commutative_train': False, 'is_commutative_all': False, 'z_plus_loss_scalar': 0.02, 'commutative_z_loss_scalar': 0.0, 'associative_z_loss_scalar': 0.0, 'plus_mse_scalar': -1, 'plus_recon_loss_scalar': 3, 'min_loss_scalar': 1e-05, 'K': 1024, 'assoc_aug_range': (-3, 3), 'commitment_scalar': 0.0025, 'embedding_scalar': 0.01, 'isVQStyle': False, 'plus_by_embedding': True, 'plus_by_zcode': False, 'VQPlus_eqLoss_scalar': 0.5, 'is_zc_based_assoc': True, 'is_rand_z_assoc': False, 'is_assoc_on_e': True, 'is_assoc_on_z': False, 'is_assoc_within_batch': True, 'is_switch_digital': False, 'is_full_symm': False, 'is_assoc': False, 'is_twice_oper': False, 'img_noise': 0.0, 'network_config': {'enc_dec': {'img_channel': 3, 'last_H': 4, 'last_W': 4, 'first_ch_num': 16}, 'enc_fc': {'n_units': 128, 'n_hidden_layers': 2}, 'plus': {'plus_unit': 1024, 'n_hidden_layers': 2}}, 'eval_config': {'pipeline_result_path': 'PIPELINE_EVAL', 'optimal_checkpoint_finding_config': {'optimal_checkpoint_num': 'find_by_keys', 'record_name': 'Train_record.txt', 'keys': ['plus_recon', 'plus_z', 'loss_oper', 'loss_ED'], 'iter_after': 0.1}, 'plus_eval_configs': [{'name': 'eval_set', 'eval_set_path_list': ['/home/xuanjie.liu/Projects/S3Plus/VQ/exp/2025.05.18_10vq_Zc[2]_Zs[0]_edim1_[0-20]_plus1024_1_tripleSet_Nothing/../../../dataset/single_style_pairs(0,20)_tripleSet/test_1', '/home/xuanjie.liu/Projects/S3Plus/VQ/exp/2025.05.18_10vq_Zc[2]_Zs[0]_edim1_[0-20]_plus1024_1_tripleSet_Nothing/../../../dataset/single_style_pairs(0,20)_tripleSet/test_2'], 'is_blur': False, 'blur_config': {'kernel_size_choices': (5, 7, 9), 'sigma_range': (0.5, 3.0), 'p_no_blur': 0.0}, 'augment_times': 1}], 'emb_matching_rate_configs': [{'name': 'emb_matching_rate', 'eval_set_path_list': ['/home/xuanjie.liu/Projects/S3Plus/VQ/exp/2025.05.18_10vq_Zc[2]_Zs[0]_edim1_[0-20]_plus1024_1_tripleSet_Nothing/../../../dataset/(0,20)-FixedPos-oneStyle'], 'is_blur': False, 'blur_config': {'kernel_size_choices': (5, 7, 9), 'sigma_range': (0.5, 3.0), 'p_no_blur': 0.0}, 'augment_times': 1}], 'orderliness_configs': [{'name': 'orderliness', 'img_dir_name': 'orderliness', 'eval_set_path_list': ['/home/xuanjie.liu/Projects/S3Plus/VQ/exp/2025.05.18_10vq_Zc[2]_Zs[0]_edim1_[0-20]_plus1024_1_tripleSet_Nothing/../../../dataset/(0,20)-FixedPos-oneStyle'], 'is_blur': False, 'blur_config': {'kernel_size_choices': (5, 7, 9), 'sigma_range': (0.5, 3.0), 'p_no_blur': 0.0}, 'augment_times': 1}], 'interpolate_configs': [{'name': 'train_interpolate', 'eval_set_path_list': ['/home/xuanjie.liu/Projects/S3Plus/VQ/exp/2025.05.18_10vq_Zc[2]_Zs[0]_edim1_[0-20]_plus1024_1_tripleSet_Nothing/../../../dataset/single_style_pairs(0,20)_tripleSet/train'], 'is_blur': False, 'blur_config': {'kernel_size_choices': (5, 7, 9), 'sigma_range': (0.5, 3.0), 'p_no_blur': 0.0}, 'augment_times': 1, 'interpolate_num': 1}]}}
[{'task_name': 'minus_16_1.1', 'train_data_path': '/home/xuanjie.liu/Projects/S3Plus/VQ/exp/2025.05.18_10vq_Zc[2]_Zs[0]_edim1_[0-20]_plus1024_1_tripleSet_Nothing/../../../dataset/single_style_pairs_minus(0,20)/train', 'eval_data_path': '/home/xuanjie.liu/Projects/S3Plus/VQ/exp/2025.05.18_10vq_Zc[2]_Zs[0]_edim1_[0-20]_plus1024_1_tripleSet_Nothing/../../../dataset/single_style_pairs_minus(0,20)/test', 'batch_size': 128, 'train_record_path': 'train_record.txt', 'eval_record_path': 'eval_record.txt', 'pretrained_path': 'checkpoint_40000.pt', 'fc_model_path': 'minus_model.pt', 'max_iter_num': 20001, 'log_interval': 200, 'num_class': 21, 'fc_network_config': {'plus_unit': 16, 'n_hidden_layers': 1}, 'learning_rate': 0.001}]
Sub-Exp path: /home/xuanjie.liu/Projects/S3Plus/VQ/exp/2025.05.18_10vq_Zc[2]_Zs[0]_edim1_[0-20]_plus1024_1_tripleSet_Nothing/8
Optimal checkpoint: 48000
Pretrained Model is loaded
No more training is needed
No more training is needed
No more training is needed
No more training is needed
No more training is needed
No more training is needed
No more training is needed
No more training is needed
No more training is needed
No more training is needed
No more training is needed
No more training is needed
No more training is needed
No more training is needed
No more training is needed
No more training is needed
No more training is needed
No more training is needed
No more training is needed
No more training is needed
Exp path: /home/xuanjie.liu/Projects/S3Plus/VQ/exp/2025.05.18_10vq_Zc[2]_Zs[0]_edim1_[0-20]_plus1024_1_tripleSet_Nothing
{'train_data_path': '/home/xuanjie.liu/Projects/S3Plus/VQ/exp/2025.05.18_10vq_Zc[2]_Zs[0]_edim1_[0-20]_plus1024_1_tripleSet_Nothing/../../../dataset/single_style_pairs(0,20)_tripleSet/train', 'single_img_eval_set_path': '/home/xuanjie.liu/Projects/S3Plus/VQ/exp/2025.05.18_10vq_Zc[2]_Zs[0]_edim1_[0-20]_plus1024_1_tripleSet_Nothing/../../../dataset/(0,20)-FixedPos-oneStyle', 'plus_eval_set_path': ['/home/xuanjie.liu/Projects/S3Plus/VQ/exp/2025.05.18_10vq_Zc[2]_Zs[0]_edim1_[0-20]_plus1024_1_tripleSet_Nothing/../../../dataset/single_style_pairs(0,20)_tripleSet/test_1', '/home/xuanjie.liu/Projects/S3Plus/VQ/exp/2025.05.18_10vq_Zc[2]_Zs[0]_edim1_[0-20]_plus1024_1_tripleSet_Nothing/../../../dataset/single_style_pairs(0,20)_tripleSet/test_2'], 'latent_embedding_1': 2, 'latent_embedding_2': 0, 'multi_num_embeddings': None, 'latent_code_2': 0, 'embedding_dim': 1, 'is_plot_zc_value': True, 'embeddings_num': 10, 'is_plot_vis_num': True, 'kld_loss_scalar': 0.0, 'checkpoint_interval': 2000, 'learning_rate': 0.0001, 'scheduler_base_num': 0.99999, 'max_iter_num': 50001, 'model_path': 'curr_model.pt', 'train_result_path': 'TrainingResults/', 'eval_result_path': 'EvalResults/', 'train_record_path': 'Train_record.txt', 'eval_record_path': 'Eval_record.txt', 'plus_accu_record_path': 'plus_eval.txt', 'log_interval': 500, 'eval_interval': 2000, 'is_save_img': True, 'batch_size': 128, 'is_commutative_train': False, 'is_commutative_all': False, 'z_plus_loss_scalar': 0.02, 'commutative_z_loss_scalar': 0.0, 'associative_z_loss_scalar': 0.0, 'plus_mse_scalar': -1, 'plus_recon_loss_scalar': 3, 'min_loss_scalar': 1e-05, 'K': 1024, 'assoc_aug_range': (-3, 3), 'commitment_scalar': 0.0025, 'embedding_scalar': 0.01, 'isVQStyle': False, 'plus_by_embedding': True, 'plus_by_zcode': False, 'VQPlus_eqLoss_scalar': 0.5, 'is_zc_based_assoc': True, 'is_rand_z_assoc': False, 'is_assoc_on_e': True, 'is_assoc_on_z': False, 'is_assoc_within_batch': True, 'is_switch_digital': False, 'is_full_symm': False, 'is_assoc': False, 'is_twice_oper': False, 'img_noise': 0.0, 'network_config': {'enc_dec': {'img_channel': 3, 'last_H': 4, 'last_W': 4, 'first_ch_num': 16}, 'enc_fc': {'n_units': 128, 'n_hidden_layers': 2}, 'plus': {'plus_unit': 1024, 'n_hidden_layers': 2}}, 'eval_config': {'pipeline_result_path': 'PIPELINE_EVAL', 'optimal_checkpoint_finding_config': {'optimal_checkpoint_num': 'find_by_keys', 'record_name': 'Train_record.txt', 'keys': ['plus_recon', 'plus_z', 'loss_oper', 'loss_ED'], 'iter_after': 0.1}, 'plus_eval_configs': [{'name': 'eval_set', 'eval_set_path_list': ['/home/xuanjie.liu/Projects/S3Plus/VQ/exp/2025.05.18_10vq_Zc[2]_Zs[0]_edim1_[0-20]_plus1024_1_tripleSet_Nothing/../../../dataset/single_style_pairs(0,20)_tripleSet/test_1', '/home/xuanjie.liu/Projects/S3Plus/VQ/exp/2025.05.18_10vq_Zc[2]_Zs[0]_edim1_[0-20]_plus1024_1_tripleSet_Nothing/../../../dataset/single_style_pairs(0,20)_tripleSet/test_2'], 'is_blur': False, 'blur_config': {'kernel_size_choices': (5, 7, 9), 'sigma_range': (0.5, 3.0), 'p_no_blur': 0.0}, 'augment_times': 1}], 'emb_matching_rate_configs': [{'name': 'emb_matching_rate', 'eval_set_path_list': ['/home/xuanjie.liu/Projects/S3Plus/VQ/exp/2025.05.18_10vq_Zc[2]_Zs[0]_edim1_[0-20]_plus1024_1_tripleSet_Nothing/../../../dataset/(0,20)-FixedPos-oneStyle'], 'is_blur': False, 'blur_config': {'kernel_size_choices': (5, 7, 9), 'sigma_range': (0.5, 3.0), 'p_no_blur': 0.0}, 'augment_times': 1}], 'orderliness_configs': [{'name': 'orderliness', 'img_dir_name': 'orderliness', 'eval_set_path_list': ['/home/xuanjie.liu/Projects/S3Plus/VQ/exp/2025.05.18_10vq_Zc[2]_Zs[0]_edim1_[0-20]_plus1024_1_tripleSet_Nothing/../../../dataset/(0,20)-FixedPos-oneStyle'], 'is_blur': False, 'blur_config': {'kernel_size_choices': (5, 7, 9), 'sigma_range': (0.5, 3.0), 'p_no_blur': 0.0}, 'augment_times': 1}], 'interpolate_configs': [{'name': 'train_interpolate', 'eval_set_path_list': ['/home/xuanjie.liu/Projects/S3Plus/VQ/exp/2025.05.18_10vq_Zc[2]_Zs[0]_edim1_[0-20]_plus1024_1_tripleSet_Nothing/../../../dataset/single_style_pairs(0,20)_tripleSet/train'], 'is_blur': False, 'blur_config': {'kernel_size_choices': (5, 7, 9), 'sigma_range': (0.5, 3.0), 'p_no_blur': 0.0}, 'augment_times': 1, 'interpolate_num': 1}]}}
[{'task_name': 'minus_16_1.1', 'train_data_path': '/home/xuanjie.liu/Projects/S3Plus/VQ/exp/2025.05.18_10vq_Zc[2]_Zs[0]_edim1_[0-20]_plus1024_1_tripleSet_Nothing/../../../dataset/single_style_pairs_minus(0,20)/train', 'eval_data_path': '/home/xuanjie.liu/Projects/S3Plus/VQ/exp/2025.05.18_10vq_Zc[2]_Zs[0]_edim1_[0-20]_plus1024_1_tripleSet_Nothing/../../../dataset/single_style_pairs_minus(0,20)/test', 'batch_size': 128, 'train_record_path': 'train_record.txt', 'eval_record_path': 'eval_record.txt', 'pretrained_path': 'checkpoint_40000.pt', 'fc_model_path': 'minus_model.pt', 'max_iter_num': 20001, 'log_interval': 200, 'num_class': 21, 'fc_network_config': {'plus_unit': 16, 'n_hidden_layers': 1}, 'learning_rate': 0.001}]
Sub-Exp path: /home/xuanjie.liu/Projects/S3Plus/VQ/exp/2025.05.18_10vq_Zc[2]_Zs[0]_edim1_[0-20]_plus1024_1_tripleSet_Nothing/9
Optimal checkpoint: 48000
Pretrained Model is loaded
No more training is needed
No more training is needed
No more training is needed
No more training is needed
No more training is needed
No more training is needed
No more training is needed
No more training is needed
No more training is needed
No more training is needed
No more training is needed
No more training is needed
No more training is needed
No more training is needed
No more training is needed
No more training is needed
No more training is needed
No more training is needed
No more training is needed
No more training is needed
Exp path: /home/xuanjie.liu/Projects/S3Plus/VQ/exp/2025.05.18_10vq_Zc[2]_Zs[0]_edim1_[0-20]_plus1024_1_tripleSet_Nothing
{'train_data_path': '/home/xuanjie.liu/Projects/S3Plus/VQ/exp/2025.05.18_10vq_Zc[2]_Zs[0]_edim1_[0-20]_plus1024_1_tripleSet_Nothing/../../../dataset/single_style_pairs(0,20)_tripleSet/train', 'single_img_eval_set_path': '/home/xuanjie.liu/Projects/S3Plus/VQ/exp/2025.05.18_10vq_Zc[2]_Zs[0]_edim1_[0-20]_plus1024_1_tripleSet_Nothing/../../../dataset/(0,20)-FixedPos-oneStyle', 'plus_eval_set_path': ['/home/xuanjie.liu/Projects/S3Plus/VQ/exp/2025.05.18_10vq_Zc[2]_Zs[0]_edim1_[0-20]_plus1024_1_tripleSet_Nothing/../../../dataset/single_style_pairs(0,20)_tripleSet/test_1', '/home/xuanjie.liu/Projects/S3Plus/VQ/exp/2025.05.18_10vq_Zc[2]_Zs[0]_edim1_[0-20]_plus1024_1_tripleSet_Nothing/../../../dataset/single_style_pairs(0,20)_tripleSet/test_2'], 'latent_embedding_1': 2, 'latent_embedding_2': 0, 'multi_num_embeddings': None, 'latent_code_2': 0, 'embedding_dim': 1, 'is_plot_zc_value': True, 'embeddings_num': 10, 'is_plot_vis_num': True, 'kld_loss_scalar': 0.0, 'checkpoint_interval': 2000, 'learning_rate': 0.0001, 'scheduler_base_num': 0.99999, 'max_iter_num': 50001, 'model_path': 'curr_model.pt', 'train_result_path': 'TrainingResults/', 'eval_result_path': 'EvalResults/', 'train_record_path': 'Train_record.txt', 'eval_record_path': 'Eval_record.txt', 'plus_accu_record_path': 'plus_eval.txt', 'log_interval': 500, 'eval_interval': 2000, 'is_save_img': True, 'batch_size': 128, 'is_commutative_train': False, 'is_commutative_all': False, 'z_plus_loss_scalar': 0.02, 'commutative_z_loss_scalar': 0.0, 'associative_z_loss_scalar': 0.0, 'plus_mse_scalar': -1, 'plus_recon_loss_scalar': 3, 'min_loss_scalar': 1e-05, 'K': 1024, 'assoc_aug_range': (-3, 3), 'commitment_scalar': 0.0025, 'embedding_scalar': 0.01, 'isVQStyle': False, 'plus_by_embedding': True, 'plus_by_zcode': False, 'VQPlus_eqLoss_scalar': 0.5, 'is_zc_based_assoc': True, 'is_rand_z_assoc': False, 'is_assoc_on_e': True, 'is_assoc_on_z': False, 'is_assoc_within_batch': True, 'is_switch_digital': False, 'is_full_symm': False, 'is_assoc': False, 'is_twice_oper': False, 'img_noise': 0.0, 'network_config': {'enc_dec': {'img_channel': 3, 'last_H': 4, 'last_W': 4, 'first_ch_num': 16}, 'enc_fc': {'n_units': 128, 'n_hidden_layers': 2}, 'plus': {'plus_unit': 1024, 'n_hidden_layers': 2}}, 'eval_config': {'pipeline_result_path': 'PIPELINE_EVAL', 'optimal_checkpoint_finding_config': {'optimal_checkpoint_num': 'find_by_keys', 'record_name': 'Train_record.txt', 'keys': ['plus_recon', 'plus_z', 'loss_oper', 'loss_ED'], 'iter_after': 0.1}, 'plus_eval_configs': [{'name': 'eval_set', 'eval_set_path_list': ['/home/xuanjie.liu/Projects/S3Plus/VQ/exp/2025.05.18_10vq_Zc[2]_Zs[0]_edim1_[0-20]_plus1024_1_tripleSet_Nothing/../../../dataset/single_style_pairs(0,20)_tripleSet/test_1', '/home/xuanjie.liu/Projects/S3Plus/VQ/exp/2025.05.18_10vq_Zc[2]_Zs[0]_edim1_[0-20]_plus1024_1_tripleSet_Nothing/../../../dataset/single_style_pairs(0,20)_tripleSet/test_2'], 'is_blur': False, 'blur_config': {'kernel_size_choices': (5, 7, 9), 'sigma_range': (0.5, 3.0), 'p_no_blur': 0.0}, 'augment_times': 1}], 'emb_matching_rate_configs': [{'name': 'emb_matching_rate', 'eval_set_path_list': ['/home/xuanjie.liu/Projects/S3Plus/VQ/exp/2025.05.18_10vq_Zc[2]_Zs[0]_edim1_[0-20]_plus1024_1_tripleSet_Nothing/../../../dataset/(0,20)-FixedPos-oneStyle'], 'is_blur': False, 'blur_config': {'kernel_size_choices': (5, 7, 9), 'sigma_range': (0.5, 3.0), 'p_no_blur': 0.0}, 'augment_times': 1}], 'orderliness_configs': [{'name': 'orderliness', 'img_dir_name': 'orderliness', 'eval_set_path_list': ['/home/xuanjie.liu/Projects/S3Plus/VQ/exp/2025.05.18_10vq_Zc[2]_Zs[0]_edim1_[0-20]_plus1024_1_tripleSet_Nothing/../../../dataset/(0,20)-FixedPos-oneStyle'], 'is_blur': False, 'blur_config': {'kernel_size_choices': (5, 7, 9), 'sigma_range': (0.5, 3.0), 'p_no_blur': 0.0}, 'augment_times': 1}], 'interpolate_configs': [{'name': 'train_interpolate', 'eval_set_path_list': ['/home/xuanjie.liu/Projects/S3Plus/VQ/exp/2025.05.18_10vq_Zc[2]_Zs[0]_edim1_[0-20]_plus1024_1_tripleSet_Nothing/../../../dataset/single_style_pairs(0,20)_tripleSet/train'], 'is_blur': False, 'blur_config': {'kernel_size_choices': (5, 7, 9), 'sigma_range': (0.5, 3.0), 'p_no_blur': 0.0}, 'augment_times': 1, 'interpolate_num': 1}]}}
[{'task_name': 'minus_16_1.1', 'train_data_path': '/home/xuanjie.liu/Projects/S3Plus/VQ/exp/2025.05.18_10vq_Zc[2]_Zs[0]_edim1_[0-20]_plus1024_1_tripleSet_Nothing/../../../dataset/single_style_pairs_minus(0,20)/train', 'eval_data_path': '/home/xuanjie.liu/Projects/S3Plus/VQ/exp/2025.05.18_10vq_Zc[2]_Zs[0]_edim1_[0-20]_plus1024_1_tripleSet_Nothing/../../../dataset/single_style_pairs_minus(0,20)/test', 'batch_size': 128, 'train_record_path': 'train_record.txt', 'eval_record_path': 'eval_record.txt', 'pretrained_path': 'checkpoint_40000.pt', 'fc_model_path': 'minus_model.pt', 'max_iter_num': 20001, 'log_interval': 200, 'num_class': 21, 'fc_network_config': {'plus_unit': 16, 'n_hidden_layers': 1}, 'learning_rate': 0.001}]
Sub-Exp path: /home/xuanjie.liu/Projects/S3Plus/VQ/exp/2025.05.18_10vq_Zc[2]_Zs[0]_edim1_[0-20]_plus1024_1_tripleSet_Nothing/10
Optimal checkpoint: 48000
Pretrained Model is loaded
No more training is needed
No more training is needed
No more training is needed
No more training is needed
No more training is needed
No more training is needed
No more training is needed
No more training is needed
No more training is needed
No more training is needed
No more training is needed
No more training is needed
No more training is needed
No more training is needed
No more training is needed
No more training is needed
No more training is needed
No more training is needed
No more training is needed
No more training is needed
Exp path: /home/xuanjie.liu/Projects/S3Plus/VQ/exp/2025.05.18_10vq_Zc[2]_Zs[0]_edim1_[0-20]_plus1024_1_tripleSet_Nothing
{'train_data_path': '/home/xuanjie.liu/Projects/S3Plus/VQ/exp/2025.05.18_10vq_Zc[2]_Zs[0]_edim1_[0-20]_plus1024_1_tripleSet_Nothing/../../../dataset/single_style_pairs(0,20)_tripleSet/train', 'single_img_eval_set_path': '/home/xuanjie.liu/Projects/S3Plus/VQ/exp/2025.05.18_10vq_Zc[2]_Zs[0]_edim1_[0-20]_plus1024_1_tripleSet_Nothing/../../../dataset/(0,20)-FixedPos-oneStyle', 'plus_eval_set_path': ['/home/xuanjie.liu/Projects/S3Plus/VQ/exp/2025.05.18_10vq_Zc[2]_Zs[0]_edim1_[0-20]_plus1024_1_tripleSet_Nothing/../../../dataset/single_style_pairs(0,20)_tripleSet/test_1', '/home/xuanjie.liu/Projects/S3Plus/VQ/exp/2025.05.18_10vq_Zc[2]_Zs[0]_edim1_[0-20]_plus1024_1_tripleSet_Nothing/../../../dataset/single_style_pairs(0,20)_tripleSet/test_2'], 'latent_embedding_1': 2, 'latent_embedding_2': 0, 'multi_num_embeddings': None, 'latent_code_2': 0, 'embedding_dim': 1, 'is_plot_zc_value': True, 'embeddings_num': 10, 'is_plot_vis_num': True, 'kld_loss_scalar': 0.0, 'checkpoint_interval': 2000, 'learning_rate': 0.0001, 'scheduler_base_num': 0.99999, 'max_iter_num': 50001, 'model_path': 'curr_model.pt', 'train_result_path': 'TrainingResults/', 'eval_result_path': 'EvalResults/', 'train_record_path': 'Train_record.txt', 'eval_record_path': 'Eval_record.txt', 'plus_accu_record_path': 'plus_eval.txt', 'log_interval': 500, 'eval_interval': 2000, 'is_save_img': True, 'batch_size': 128, 'is_commutative_train': False, 'is_commutative_all': False, 'z_plus_loss_scalar': 0.02, 'commutative_z_loss_scalar': 0.0, 'associative_z_loss_scalar': 0.0, 'plus_mse_scalar': -1, 'plus_recon_loss_scalar': 3, 'min_loss_scalar': 1e-05, 'K': 1024, 'assoc_aug_range': (-3, 3), 'commitment_scalar': 0.0025, 'embedding_scalar': 0.01, 'isVQStyle': False, 'plus_by_embedding': True, 'plus_by_zcode': False, 'VQPlus_eqLoss_scalar': 0.5, 'is_zc_based_assoc': True, 'is_rand_z_assoc': False, 'is_assoc_on_e': True, 'is_assoc_on_z': False, 'is_assoc_within_batch': True, 'is_switch_digital': False, 'is_full_symm': False, 'is_assoc': False, 'is_twice_oper': False, 'img_noise': 0.0, 'network_config': {'enc_dec': {'img_channel': 3, 'last_H': 4, 'last_W': 4, 'first_ch_num': 16}, 'enc_fc': {'n_units': 128, 'n_hidden_layers': 2}, 'plus': {'plus_unit': 1024, 'n_hidden_layers': 2}}, 'eval_config': {'pipeline_result_path': 'PIPELINE_EVAL', 'optimal_checkpoint_finding_config': {'optimal_checkpoint_num': 'find_by_keys', 'record_name': 'Train_record.txt', 'keys': ['plus_recon', 'plus_z', 'loss_oper', 'loss_ED'], 'iter_after': 0.1}, 'plus_eval_configs': [{'name': 'eval_set', 'eval_set_path_list': ['/home/xuanjie.liu/Projects/S3Plus/VQ/exp/2025.05.18_10vq_Zc[2]_Zs[0]_edim1_[0-20]_plus1024_1_tripleSet_Nothing/../../../dataset/single_style_pairs(0,20)_tripleSet/test_1', '/home/xuanjie.liu/Projects/S3Plus/VQ/exp/2025.05.18_10vq_Zc[2]_Zs[0]_edim1_[0-20]_plus1024_1_tripleSet_Nothing/../../../dataset/single_style_pairs(0,20)_tripleSet/test_2'], 'is_blur': False, 'blur_config': {'kernel_size_choices': (5, 7, 9), 'sigma_range': (0.5, 3.0), 'p_no_blur': 0.0}, 'augment_times': 1}], 'emb_matching_rate_configs': [{'name': 'emb_matching_rate', 'eval_set_path_list': ['/home/xuanjie.liu/Projects/S3Plus/VQ/exp/2025.05.18_10vq_Zc[2]_Zs[0]_edim1_[0-20]_plus1024_1_tripleSet_Nothing/../../../dataset/(0,20)-FixedPos-oneStyle'], 'is_blur': False, 'blur_config': {'kernel_size_choices': (5, 7, 9), 'sigma_range': (0.5, 3.0), 'p_no_blur': 0.0}, 'augment_times': 1}], 'orderliness_configs': [{'name': 'orderliness', 'img_dir_name': 'orderliness', 'eval_set_path_list': ['/home/xuanjie.liu/Projects/S3Plus/VQ/exp/2025.05.18_10vq_Zc[2]_Zs[0]_edim1_[0-20]_plus1024_1_tripleSet_Nothing/../../../dataset/(0,20)-FixedPos-oneStyle'], 'is_blur': False, 'blur_config': {'kernel_size_choices': (5, 7, 9), 'sigma_range': (0.5, 3.0), 'p_no_blur': 0.0}, 'augment_times': 1}], 'interpolate_configs': [{'name': 'train_interpolate', 'eval_set_path_list': ['/home/xuanjie.liu/Projects/S3Plus/VQ/exp/2025.05.18_10vq_Zc[2]_Zs[0]_edim1_[0-20]_plus1024_1_tripleSet_Nothing/../../../dataset/single_style_pairs(0,20)_tripleSet/train'], 'is_blur': False, 'blur_config': {'kernel_size_choices': (5, 7, 9), 'sigma_range': (0.5, 3.0), 'p_no_blur': 0.0}, 'augment_times': 1, 'interpolate_num': 1}]}}
[{'task_name': 'minus_16_1.1', 'train_data_path': '/home/xuanjie.liu/Projects/S3Plus/VQ/exp/2025.05.18_10vq_Zc[2]_Zs[0]_edim1_[0-20]_plus1024_1_tripleSet_Nothing/../../../dataset/single_style_pairs_minus(0,20)/train', 'eval_data_path': '/home/xuanjie.liu/Projects/S3Plus/VQ/exp/2025.05.18_10vq_Zc[2]_Zs[0]_edim1_[0-20]_plus1024_1_tripleSet_Nothing/../../../dataset/single_style_pairs_minus(0,20)/test', 'batch_size': 128, 'train_record_path': 'train_record.txt', 'eval_record_path': 'eval_record.txt', 'pretrained_path': 'checkpoint_40000.pt', 'fc_model_path': 'minus_model.pt', 'max_iter_num': 20001, 'log_interval': 200, 'num_class': 21, 'fc_network_config': {'plus_unit': 16, 'n_hidden_layers': 1}, 'learning_rate': 0.001}]
Sub-Exp path: /home/xuanjie.liu/Projects/S3Plus/VQ/exp/2025.05.18_10vq_Zc[2]_Zs[0]_edim1_[0-20]_plus1024_1_tripleSet_Nothing/11
Optimal checkpoint: 48000
Pretrained Model is loaded
No more training is needed
No more training is needed
No more training is needed
No more training is needed
No more training is needed
No more training is needed
No more training is needed
No more training is needed
No more training is needed
No more training is needed
No more training is needed
No more training is needed
No more training is needed
No more training is needed
No more training is needed
No more training is needed
No more training is needed
No more training is needed
No more training is needed
No more training is needed
Exp path: /home/xuanjie.liu/Projects/S3Plus/VQ/exp/2025.05.18_10vq_Zc[2]_Zs[0]_edim1_[0-20]_plus1024_1_tripleSet_Nothing
{'train_data_path': '/home/xuanjie.liu/Projects/S3Plus/VQ/exp/2025.05.18_10vq_Zc[2]_Zs[0]_edim1_[0-20]_plus1024_1_tripleSet_Nothing/../../../dataset/single_style_pairs(0,20)_tripleSet/train', 'single_img_eval_set_path': '/home/xuanjie.liu/Projects/S3Plus/VQ/exp/2025.05.18_10vq_Zc[2]_Zs[0]_edim1_[0-20]_plus1024_1_tripleSet_Nothing/../../../dataset/(0,20)-FixedPos-oneStyle', 'plus_eval_set_path': ['/home/xuanjie.liu/Projects/S3Plus/VQ/exp/2025.05.18_10vq_Zc[2]_Zs[0]_edim1_[0-20]_plus1024_1_tripleSet_Nothing/../../../dataset/single_style_pairs(0,20)_tripleSet/test_1', '/home/xuanjie.liu/Projects/S3Plus/VQ/exp/2025.05.18_10vq_Zc[2]_Zs[0]_edim1_[0-20]_plus1024_1_tripleSet_Nothing/../../../dataset/single_style_pairs(0,20)_tripleSet/test_2'], 'latent_embedding_1': 2, 'latent_embedding_2': 0, 'multi_num_embeddings': None, 'latent_code_2': 0, 'embedding_dim': 1, 'is_plot_zc_value': True, 'embeddings_num': 10, 'is_plot_vis_num': True, 'kld_loss_scalar': 0.0, 'checkpoint_interval': 2000, 'learning_rate': 0.0001, 'scheduler_base_num': 0.99999, 'max_iter_num': 50001, 'model_path': 'curr_model.pt', 'train_result_path': 'TrainingResults/', 'eval_result_path': 'EvalResults/', 'train_record_path': 'Train_record.txt', 'eval_record_path': 'Eval_record.txt', 'plus_accu_record_path': 'plus_eval.txt', 'log_interval': 500, 'eval_interval': 2000, 'is_save_img': True, 'batch_size': 128, 'is_commutative_train': False, 'is_commutative_all': False, 'z_plus_loss_scalar': 0.02, 'commutative_z_loss_scalar': 0.0, 'associative_z_loss_scalar': 0.0, 'plus_mse_scalar': -1, 'plus_recon_loss_scalar': 3, 'min_loss_scalar': 1e-05, 'K': 1024, 'assoc_aug_range': (-3, 3), 'commitment_scalar': 0.0025, 'embedding_scalar': 0.01, 'isVQStyle': False, 'plus_by_embedding': True, 'plus_by_zcode': False, 'VQPlus_eqLoss_scalar': 0.5, 'is_zc_based_assoc': True, 'is_rand_z_assoc': False, 'is_assoc_on_e': True, 'is_assoc_on_z': False, 'is_assoc_within_batch': True, 'is_switch_digital': False, 'is_full_symm': False, 'is_assoc': False, 'is_twice_oper': False, 'img_noise': 0.0, 'network_config': {'enc_dec': {'img_channel': 3, 'last_H': 4, 'last_W': 4, 'first_ch_num': 16}, 'enc_fc': {'n_units': 128, 'n_hidden_layers': 2}, 'plus': {'plus_unit': 1024, 'n_hidden_layers': 2}}, 'eval_config': {'pipeline_result_path': 'PIPELINE_EVAL', 'optimal_checkpoint_finding_config': {'optimal_checkpoint_num': 'find_by_keys', 'record_name': 'Train_record.txt', 'keys': ['plus_recon', 'plus_z', 'loss_oper', 'loss_ED'], 'iter_after': 0.1}, 'plus_eval_configs': [{'name': 'eval_set', 'eval_set_path_list': ['/home/xuanjie.liu/Projects/S3Plus/VQ/exp/2025.05.18_10vq_Zc[2]_Zs[0]_edim1_[0-20]_plus1024_1_tripleSet_Nothing/../../../dataset/single_style_pairs(0,20)_tripleSet/test_1', '/home/xuanjie.liu/Projects/S3Plus/VQ/exp/2025.05.18_10vq_Zc[2]_Zs[0]_edim1_[0-20]_plus1024_1_tripleSet_Nothing/../../../dataset/single_style_pairs(0,20)_tripleSet/test_2'], 'is_blur': False, 'blur_config': {'kernel_size_choices': (5, 7, 9), 'sigma_range': (0.5, 3.0), 'p_no_blur': 0.0}, 'augment_times': 1}], 'emb_matching_rate_configs': [{'name': 'emb_matching_rate', 'eval_set_path_list': ['/home/xuanjie.liu/Projects/S3Plus/VQ/exp/2025.05.18_10vq_Zc[2]_Zs[0]_edim1_[0-20]_plus1024_1_tripleSet_Nothing/../../../dataset/(0,20)-FixedPos-oneStyle'], 'is_blur': False, 'blur_config': {'kernel_size_choices': (5, 7, 9), 'sigma_range': (0.5, 3.0), 'p_no_blur': 0.0}, 'augment_times': 1}], 'orderliness_configs': [{'name': 'orderliness', 'img_dir_name': 'orderliness', 'eval_set_path_list': ['/home/xuanjie.liu/Projects/S3Plus/VQ/exp/2025.05.18_10vq_Zc[2]_Zs[0]_edim1_[0-20]_plus1024_1_tripleSet_Nothing/../../../dataset/(0,20)-FixedPos-oneStyle'], 'is_blur': False, 'blur_config': {'kernel_size_choices': (5, 7, 9), 'sigma_range': (0.5, 3.0), 'p_no_blur': 0.0}, 'augment_times': 1}], 'interpolate_configs': [{'name': 'train_interpolate', 'eval_set_path_list': ['/home/xuanjie.liu/Projects/S3Plus/VQ/exp/2025.05.18_10vq_Zc[2]_Zs[0]_edim1_[0-20]_plus1024_1_tripleSet_Nothing/../../../dataset/single_style_pairs(0,20)_tripleSet/train'], 'is_blur': False, 'blur_config': {'kernel_size_choices': (5, 7, 9), 'sigma_range': (0.5, 3.0), 'p_no_blur': 0.0}, 'augment_times': 1, 'interpolate_num': 1}]}}
[{'task_name': 'minus_16_1.1', 'train_data_path': '/home/xuanjie.liu/Projects/S3Plus/VQ/exp/2025.05.18_10vq_Zc[2]_Zs[0]_edim1_[0-20]_plus1024_1_tripleSet_Nothing/../../../dataset/single_style_pairs_minus(0,20)/train', 'eval_data_path': '/home/xuanjie.liu/Projects/S3Plus/VQ/exp/2025.05.18_10vq_Zc[2]_Zs[0]_edim1_[0-20]_plus1024_1_tripleSet_Nothing/../../../dataset/single_style_pairs_minus(0,20)/test', 'batch_size': 128, 'train_record_path': 'train_record.txt', 'eval_record_path': 'eval_record.txt', 'pretrained_path': 'checkpoint_40000.pt', 'fc_model_path': 'minus_model.pt', 'max_iter_num': 20001, 'log_interval': 200, 'num_class': 21, 'fc_network_config': {'plus_unit': 16, 'n_hidden_layers': 1}, 'learning_rate': 0.001}]
Sub-Exp path: /home/xuanjie.liu/Projects/S3Plus/VQ/exp/2025.05.18_10vq_Zc[2]_Zs[0]_edim1_[0-20]_plus1024_1_tripleSet_Nothing/12
Optimal checkpoint: 48000
Pretrained Model is loaded
No more training is needed
No more training is needed
No more training is needed
No more training is needed
No more training is needed
No more training is needed
No more training is needed
No more training is needed
No more training is needed
No more training is needed
No more training is needed
No more training is needed
No more training is needed
No more training is needed
No more training is needed
No more training is needed
No more training is needed
No more training is needed
No more training is needed
No more training is needed
Exp path: /home/xuanjie.liu/Projects/S3Plus/VQ/exp/2025.05.18_10vq_Zc[2]_Zs[0]_edim1_[0-20]_plus1024_1_tripleSet_Nothing
{'train_data_path': '/home/xuanjie.liu/Projects/S3Plus/VQ/exp/2025.05.18_10vq_Zc[2]_Zs[0]_edim1_[0-20]_plus1024_1_tripleSet_Nothing/../../../dataset/single_style_pairs(0,20)_tripleSet/train', 'single_img_eval_set_path': '/home/xuanjie.liu/Projects/S3Plus/VQ/exp/2025.05.18_10vq_Zc[2]_Zs[0]_edim1_[0-20]_plus1024_1_tripleSet_Nothing/../../../dataset/(0,20)-FixedPos-oneStyle', 'plus_eval_set_path': ['/home/xuanjie.liu/Projects/S3Plus/VQ/exp/2025.05.18_10vq_Zc[2]_Zs[0]_edim1_[0-20]_plus1024_1_tripleSet_Nothing/../../../dataset/single_style_pairs(0,20)_tripleSet/test_1', '/home/xuanjie.liu/Projects/S3Plus/VQ/exp/2025.05.18_10vq_Zc[2]_Zs[0]_edim1_[0-20]_plus1024_1_tripleSet_Nothing/../../../dataset/single_style_pairs(0,20)_tripleSet/test_2'], 'latent_embedding_1': 2, 'latent_embedding_2': 0, 'multi_num_embeddings': None, 'latent_code_2': 0, 'embedding_dim': 1, 'is_plot_zc_value': True, 'embeddings_num': 10, 'is_plot_vis_num': True, 'kld_loss_scalar': 0.0, 'checkpoint_interval': 2000, 'learning_rate': 0.0001, 'scheduler_base_num': 0.99999, 'max_iter_num': 50001, 'model_path': 'curr_model.pt', 'train_result_path': 'TrainingResults/', 'eval_result_path': 'EvalResults/', 'train_record_path': 'Train_record.txt', 'eval_record_path': 'Eval_record.txt', 'plus_accu_record_path': 'plus_eval.txt', 'log_interval': 500, 'eval_interval': 2000, 'is_save_img': True, 'batch_size': 128, 'is_commutative_train': False, 'is_commutative_all': False, 'z_plus_loss_scalar': 0.02, 'commutative_z_loss_scalar': 0.0, 'associative_z_loss_scalar': 0.0, 'plus_mse_scalar': -1, 'plus_recon_loss_scalar': 3, 'min_loss_scalar': 1e-05, 'K': 1024, 'assoc_aug_range': (-3, 3), 'commitment_scalar': 0.0025, 'embedding_scalar': 0.01, 'isVQStyle': False, 'plus_by_embedding': True, 'plus_by_zcode': False, 'VQPlus_eqLoss_scalar': 0.5, 'is_zc_based_assoc': True, 'is_rand_z_assoc': False, 'is_assoc_on_e': True, 'is_assoc_on_z': False, 'is_assoc_within_batch': True, 'is_switch_digital': False, 'is_full_symm': False, 'is_assoc': False, 'is_twice_oper': False, 'img_noise': 0.0, 'network_config': {'enc_dec': {'img_channel': 3, 'last_H': 4, 'last_W': 4, 'first_ch_num': 16}, 'enc_fc': {'n_units': 128, 'n_hidden_layers': 2}, 'plus': {'plus_unit': 1024, 'n_hidden_layers': 2}}, 'eval_config': {'pipeline_result_path': 'PIPELINE_EVAL', 'optimal_checkpoint_finding_config': {'optimal_checkpoint_num': 'find_by_keys', 'record_name': 'Train_record.txt', 'keys': ['plus_recon', 'plus_z', 'loss_oper', 'loss_ED'], 'iter_after': 0.1}, 'plus_eval_configs': [{'name': 'eval_set', 'eval_set_path_list': ['/home/xuanjie.liu/Projects/S3Plus/VQ/exp/2025.05.18_10vq_Zc[2]_Zs[0]_edim1_[0-20]_plus1024_1_tripleSet_Nothing/../../../dataset/single_style_pairs(0,20)_tripleSet/test_1', '/home/xuanjie.liu/Projects/S3Plus/VQ/exp/2025.05.18_10vq_Zc[2]_Zs[0]_edim1_[0-20]_plus1024_1_tripleSet_Nothing/../../../dataset/single_style_pairs(0,20)_tripleSet/test_2'], 'is_blur': False, 'blur_config': {'kernel_size_choices': (5, 7, 9), 'sigma_range': (0.5, 3.0), 'p_no_blur': 0.0}, 'augment_times': 1}], 'emb_matching_rate_configs': [{'name': 'emb_matching_rate', 'eval_set_path_list': ['/home/xuanjie.liu/Projects/S3Plus/VQ/exp/2025.05.18_10vq_Zc[2]_Zs[0]_edim1_[0-20]_plus1024_1_tripleSet_Nothing/../../../dataset/(0,20)-FixedPos-oneStyle'], 'is_blur': False, 'blur_config': {'kernel_size_choices': (5, 7, 9), 'sigma_range': (0.5, 3.0), 'p_no_blur': 0.0}, 'augment_times': 1}], 'orderliness_configs': [{'name': 'orderliness', 'img_dir_name': 'orderliness', 'eval_set_path_list': ['/home/xuanjie.liu/Projects/S3Plus/VQ/exp/2025.05.18_10vq_Zc[2]_Zs[0]_edim1_[0-20]_plus1024_1_tripleSet_Nothing/../../../dataset/(0,20)-FixedPos-oneStyle'], 'is_blur': False, 'blur_config': {'kernel_size_choices': (5, 7, 9), 'sigma_range': (0.5, 3.0), 'p_no_blur': 0.0}, 'augment_times': 1}], 'interpolate_configs': [{'name': 'train_interpolate', 'eval_set_path_list': ['/home/xuanjie.liu/Projects/S3Plus/VQ/exp/2025.05.18_10vq_Zc[2]_Zs[0]_edim1_[0-20]_plus1024_1_tripleSet_Nothing/../../../dataset/single_style_pairs(0,20)_tripleSet/train'], 'is_blur': False, 'blur_config': {'kernel_size_choices': (5, 7, 9), 'sigma_range': (0.5, 3.0), 'p_no_blur': 0.0}, 'augment_times': 1, 'interpolate_num': 1}]}}
[{'task_name': 'minus_16_1.1', 'train_data_path': '/home/xuanjie.liu/Projects/S3Plus/VQ/exp/2025.05.18_10vq_Zc[2]_Zs[0]_edim1_[0-20]_plus1024_1_tripleSet_Nothing/../../../dataset/single_style_pairs_minus(0,20)/train', 'eval_data_path': '/home/xuanjie.liu/Projects/S3Plus/VQ/exp/2025.05.18_10vq_Zc[2]_Zs[0]_edim1_[0-20]_plus1024_1_tripleSet_Nothing/../../../dataset/single_style_pairs_minus(0,20)/test', 'batch_size': 128, 'train_record_path': 'train_record.txt', 'eval_record_path': 'eval_record.txt', 'pretrained_path': 'checkpoint_40000.pt', 'fc_model_path': 'minus_model.pt', 'max_iter_num': 20001, 'log_interval': 200, 'num_class': 21, 'fc_network_config': {'plus_unit': 16, 'n_hidden_layers': 1}, 'learning_rate': 0.001}]
Sub-Exp path: /home/xuanjie.liu/Projects/S3Plus/VQ/exp/2025.05.18_10vq_Zc[2]_Zs[0]_edim1_[0-20]_plus1024_1_tripleSet_Nothing/13
Optimal checkpoint: 48000
Pretrained Model is loaded
No more training is needed
No more training is needed
No more training is needed
No more training is needed
No more training is needed
No more training is needed
No more training is needed
No more training is needed
No more training is needed
No more training is needed
No more training is needed
No more training is needed
No more training is needed
No more training is needed
No more training is needed
No more training is needed
No more training is needed
No more training is needed
No more training is needed
No more training is needed
Exp path: /home/xuanjie.liu/Projects/S3Plus/VQ/exp/2025.05.18_10vq_Zc[2]_Zs[0]_edim1_[0-20]_plus1024_1_tripleSet_Nothing
{'train_data_path': '/home/xuanjie.liu/Projects/S3Plus/VQ/exp/2025.05.18_10vq_Zc[2]_Zs[0]_edim1_[0-20]_plus1024_1_tripleSet_Nothing/../../../dataset/single_style_pairs(0,20)_tripleSet/train', 'single_img_eval_set_path': '/home/xuanjie.liu/Projects/S3Plus/VQ/exp/2025.05.18_10vq_Zc[2]_Zs[0]_edim1_[0-20]_plus1024_1_tripleSet_Nothing/../../../dataset/(0,20)-FixedPos-oneStyle', 'plus_eval_set_path': ['/home/xuanjie.liu/Projects/S3Plus/VQ/exp/2025.05.18_10vq_Zc[2]_Zs[0]_edim1_[0-20]_plus1024_1_tripleSet_Nothing/../../../dataset/single_style_pairs(0,20)_tripleSet/test_1', '/home/xuanjie.liu/Projects/S3Plus/VQ/exp/2025.05.18_10vq_Zc[2]_Zs[0]_edim1_[0-20]_plus1024_1_tripleSet_Nothing/../../../dataset/single_style_pairs(0,20)_tripleSet/test_2'], 'latent_embedding_1': 2, 'latent_embedding_2': 0, 'multi_num_embeddings': None, 'latent_code_2': 0, 'embedding_dim': 1, 'is_plot_zc_value': True, 'embeddings_num': 10, 'is_plot_vis_num': True, 'kld_loss_scalar': 0.0, 'checkpoint_interval': 2000, 'learning_rate': 0.0001, 'scheduler_base_num': 0.99999, 'max_iter_num': 50001, 'model_path': 'curr_model.pt', 'train_result_path': 'TrainingResults/', 'eval_result_path': 'EvalResults/', 'train_record_path': 'Train_record.txt', 'eval_record_path': 'Eval_record.txt', 'plus_accu_record_path': 'plus_eval.txt', 'log_interval': 500, 'eval_interval': 2000, 'is_save_img': True, 'batch_size': 128, 'is_commutative_train': False, 'is_commutative_all': False, 'z_plus_loss_scalar': 0.02, 'commutative_z_loss_scalar': 0.0, 'associative_z_loss_scalar': 0.0, 'plus_mse_scalar': -1, 'plus_recon_loss_scalar': 3, 'min_loss_scalar': 1e-05, 'K': 1024, 'assoc_aug_range': (-3, 3), 'commitment_scalar': 0.0025, 'embedding_scalar': 0.01, 'isVQStyle': False, 'plus_by_embedding': True, 'plus_by_zcode': False, 'VQPlus_eqLoss_scalar': 0.5, 'is_zc_based_assoc': True, 'is_rand_z_assoc': False, 'is_assoc_on_e': True, 'is_assoc_on_z': False, 'is_assoc_within_batch': True, 'is_switch_digital': False, 'is_full_symm': False, 'is_assoc': False, 'is_twice_oper': False, 'img_noise': 0.0, 'network_config': {'enc_dec': {'img_channel': 3, 'last_H': 4, 'last_W': 4, 'first_ch_num': 16}, 'enc_fc': {'n_units': 128, 'n_hidden_layers': 2}, 'plus': {'plus_unit': 1024, 'n_hidden_layers': 2}}, 'eval_config': {'pipeline_result_path': 'PIPELINE_EVAL', 'optimal_checkpoint_finding_config': {'optimal_checkpoint_num': 'find_by_keys', 'record_name': 'Train_record.txt', 'keys': ['plus_recon', 'plus_z', 'loss_oper', 'loss_ED'], 'iter_after': 0.1}, 'plus_eval_configs': [{'name': 'eval_set', 'eval_set_path_list': ['/home/xuanjie.liu/Projects/S3Plus/VQ/exp/2025.05.18_10vq_Zc[2]_Zs[0]_edim1_[0-20]_plus1024_1_tripleSet_Nothing/../../../dataset/single_style_pairs(0,20)_tripleSet/test_1', '/home/xuanjie.liu/Projects/S3Plus/VQ/exp/2025.05.18_10vq_Zc[2]_Zs[0]_edim1_[0-20]_plus1024_1_tripleSet_Nothing/../../../dataset/single_style_pairs(0,20)_tripleSet/test_2'], 'is_blur': False, 'blur_config': {'kernel_size_choices': (5, 7, 9), 'sigma_range': (0.5, 3.0), 'p_no_blur': 0.0}, 'augment_times': 1}], 'emb_matching_rate_configs': [{'name': 'emb_matching_rate', 'eval_set_path_list': ['/home/xuanjie.liu/Projects/S3Plus/VQ/exp/2025.05.18_10vq_Zc[2]_Zs[0]_edim1_[0-20]_plus1024_1_tripleSet_Nothing/../../../dataset/(0,20)-FixedPos-oneStyle'], 'is_blur': False, 'blur_config': {'kernel_size_choices': (5, 7, 9), 'sigma_range': (0.5, 3.0), 'p_no_blur': 0.0}, 'augment_times': 1}], 'orderliness_configs': [{'name': 'orderliness', 'img_dir_name': 'orderliness', 'eval_set_path_list': ['/home/xuanjie.liu/Projects/S3Plus/VQ/exp/2025.05.18_10vq_Zc[2]_Zs[0]_edim1_[0-20]_plus1024_1_tripleSet_Nothing/../../../dataset/(0,20)-FixedPos-oneStyle'], 'is_blur': False, 'blur_config': {'kernel_size_choices': (5, 7, 9), 'sigma_range': (0.5, 3.0), 'p_no_blur': 0.0}, 'augment_times': 1}], 'interpolate_configs': [{'name': 'train_interpolate', 'eval_set_path_list': ['/home/xuanjie.liu/Projects/S3Plus/VQ/exp/2025.05.18_10vq_Zc[2]_Zs[0]_edim1_[0-20]_plus1024_1_tripleSet_Nothing/../../../dataset/single_style_pairs(0,20)_tripleSet/train'], 'is_blur': False, 'blur_config': {'kernel_size_choices': (5, 7, 9), 'sigma_range': (0.5, 3.0), 'p_no_blur': 0.0}, 'augment_times': 1, 'interpolate_num': 1}]}}
[{'task_name': 'minus_16_1.1', 'train_data_path': '/home/xuanjie.liu/Projects/S3Plus/VQ/exp/2025.05.18_10vq_Zc[2]_Zs[0]_edim1_[0-20]_plus1024_1_tripleSet_Nothing/../../../dataset/single_style_pairs_minus(0,20)/train', 'eval_data_path': '/home/xuanjie.liu/Projects/S3Plus/VQ/exp/2025.05.18_10vq_Zc[2]_Zs[0]_edim1_[0-20]_plus1024_1_tripleSet_Nothing/../../../dataset/single_style_pairs_minus(0,20)/test', 'batch_size': 128, 'train_record_path': 'train_record.txt', 'eval_record_path': 'eval_record.txt', 'pretrained_path': 'checkpoint_40000.pt', 'fc_model_path': 'minus_model.pt', 'max_iter_num': 20001, 'log_interval': 200, 'num_class': 21, 'fc_network_config': {'plus_unit': 16, 'n_hidden_layers': 1}, 'learning_rate': 0.001}]
Sub-Exp path: /home/xuanjie.liu/Projects/S3Plus/VQ/exp/2025.05.18_10vq_Zc[2]_Zs[0]_edim1_[0-20]_plus1024_1_tripleSet_Nothing/14
Optimal checkpoint: 48000
Pretrained Model is loaded
No more training is needed
No more training is needed
No more training is needed
No more training is needed
No more training is needed
No more training is needed
No more training is needed
No more training is needed
No more training is needed
No more training is needed
No more training is needed
No more training is needed
No more training is needed
No more training is needed
No more training is needed
No more training is needed
No more training is needed
No more training is needed
No more training is needed
No more training is needed
Exp path: /home/xuanjie.liu/Projects/S3Plus/VQ/exp/2025.05.18_10vq_Zc[2]_Zs[0]_edim1_[0-20]_plus1024_1_tripleSet_Nothing
{'train_data_path': '/home/xuanjie.liu/Projects/S3Plus/VQ/exp/2025.05.18_10vq_Zc[2]_Zs[0]_edim1_[0-20]_plus1024_1_tripleSet_Nothing/../../../dataset/single_style_pairs(0,20)_tripleSet/train', 'single_img_eval_set_path': '/home/xuanjie.liu/Projects/S3Plus/VQ/exp/2025.05.18_10vq_Zc[2]_Zs[0]_edim1_[0-20]_plus1024_1_tripleSet_Nothing/../../../dataset/(0,20)-FixedPos-oneStyle', 'plus_eval_set_path': ['/home/xuanjie.liu/Projects/S3Plus/VQ/exp/2025.05.18_10vq_Zc[2]_Zs[0]_edim1_[0-20]_plus1024_1_tripleSet_Nothing/../../../dataset/single_style_pairs(0,20)_tripleSet/test_1', '/home/xuanjie.liu/Projects/S3Plus/VQ/exp/2025.05.18_10vq_Zc[2]_Zs[0]_edim1_[0-20]_plus1024_1_tripleSet_Nothing/../../../dataset/single_style_pairs(0,20)_tripleSet/test_2'], 'latent_embedding_1': 2, 'latent_embedding_2': 0, 'multi_num_embeddings': None, 'latent_code_2': 0, 'embedding_dim': 1, 'is_plot_zc_value': True, 'embeddings_num': 10, 'is_plot_vis_num': True, 'kld_loss_scalar': 0.0, 'checkpoint_interval': 2000, 'learning_rate': 0.0001, 'scheduler_base_num': 0.99999, 'max_iter_num': 50001, 'model_path': 'curr_model.pt', 'train_result_path': 'TrainingResults/', 'eval_result_path': 'EvalResults/', 'train_record_path': 'Train_record.txt', 'eval_record_path': 'Eval_record.txt', 'plus_accu_record_path': 'plus_eval.txt', 'log_interval': 500, 'eval_interval': 2000, 'is_save_img': True, 'batch_size': 128, 'is_commutative_train': False, 'is_commutative_all': False, 'z_plus_loss_scalar': 0.02, 'commutative_z_loss_scalar': 0.0, 'associative_z_loss_scalar': 0.0, 'plus_mse_scalar': -1, 'plus_recon_loss_scalar': 3, 'min_loss_scalar': 1e-05, 'K': 1024, 'assoc_aug_range': (-3, 3), 'commitment_scalar': 0.0025, 'embedding_scalar': 0.01, 'isVQStyle': False, 'plus_by_embedding': True, 'plus_by_zcode': False, 'VQPlus_eqLoss_scalar': 0.5, 'is_zc_based_assoc': True, 'is_rand_z_assoc': False, 'is_assoc_on_e': True, 'is_assoc_on_z': False, 'is_assoc_within_batch': True, 'is_switch_digital': False, 'is_full_symm': False, 'is_assoc': False, 'is_twice_oper': False, 'img_noise': 0.0, 'network_config': {'enc_dec': {'img_channel': 3, 'last_H': 4, 'last_W': 4, 'first_ch_num': 16}, 'enc_fc': {'n_units': 128, 'n_hidden_layers': 2}, 'plus': {'plus_unit': 1024, 'n_hidden_layers': 2}}, 'eval_config': {'pipeline_result_path': 'PIPELINE_EVAL', 'optimal_checkpoint_finding_config': {'optimal_checkpoint_num': 'find_by_keys', 'record_name': 'Train_record.txt', 'keys': ['plus_recon', 'plus_z', 'loss_oper', 'loss_ED'], 'iter_after': 0.1}, 'plus_eval_configs': [{'name': 'eval_set', 'eval_set_path_list': ['/home/xuanjie.liu/Projects/S3Plus/VQ/exp/2025.05.18_10vq_Zc[2]_Zs[0]_edim1_[0-20]_plus1024_1_tripleSet_Nothing/../../../dataset/single_style_pairs(0,20)_tripleSet/test_1', '/home/xuanjie.liu/Projects/S3Plus/VQ/exp/2025.05.18_10vq_Zc[2]_Zs[0]_edim1_[0-20]_plus1024_1_tripleSet_Nothing/../../../dataset/single_style_pairs(0,20)_tripleSet/test_2'], 'is_blur': False, 'blur_config': {'kernel_size_choices': (5, 7, 9), 'sigma_range': (0.5, 3.0), 'p_no_blur': 0.0}, 'augment_times': 1}], 'emb_matching_rate_configs': [{'name': 'emb_matching_rate', 'eval_set_path_list': ['/home/xuanjie.liu/Projects/S3Plus/VQ/exp/2025.05.18_10vq_Zc[2]_Zs[0]_edim1_[0-20]_plus1024_1_tripleSet_Nothing/../../../dataset/(0,20)-FixedPos-oneStyle'], 'is_blur': False, 'blur_config': {'kernel_size_choices': (5, 7, 9), 'sigma_range': (0.5, 3.0), 'p_no_blur': 0.0}, 'augment_times': 1}], 'orderliness_configs': [{'name': 'orderliness', 'img_dir_name': 'orderliness', 'eval_set_path_list': ['/home/xuanjie.liu/Projects/S3Plus/VQ/exp/2025.05.18_10vq_Zc[2]_Zs[0]_edim1_[0-20]_plus1024_1_tripleSet_Nothing/../../../dataset/(0,20)-FixedPos-oneStyle'], 'is_blur': False, 'blur_config': {'kernel_size_choices': (5, 7, 9), 'sigma_range': (0.5, 3.0), 'p_no_blur': 0.0}, 'augment_times': 1}], 'interpolate_configs': [{'name': 'train_interpolate', 'eval_set_path_list': ['/home/xuanjie.liu/Projects/S3Plus/VQ/exp/2025.05.18_10vq_Zc[2]_Zs[0]_edim1_[0-20]_plus1024_1_tripleSet_Nothing/../../../dataset/single_style_pairs(0,20)_tripleSet/train'], 'is_blur': False, 'blur_config': {'kernel_size_choices': (5, 7, 9), 'sigma_range': (0.5, 3.0), 'p_no_blur': 0.0}, 'augment_times': 1, 'interpolate_num': 1}]}}
[{'task_name': 'minus_16_1.1', 'train_data_path': '/home/xuanjie.liu/Projects/S3Plus/VQ/exp/2025.05.18_10vq_Zc[2]_Zs[0]_edim1_[0-20]_plus1024_1_tripleSet_Nothing/../../../dataset/single_style_pairs_minus(0,20)/train', 'eval_data_path': '/home/xuanjie.liu/Projects/S3Plus/VQ/exp/2025.05.18_10vq_Zc[2]_Zs[0]_edim1_[0-20]_plus1024_1_tripleSet_Nothing/../../../dataset/single_style_pairs_minus(0,20)/test', 'batch_size': 128, 'train_record_path': 'train_record.txt', 'eval_record_path': 'eval_record.txt', 'pretrained_path': 'checkpoint_40000.pt', 'fc_model_path': 'minus_model.pt', 'max_iter_num': 20001, 'log_interval': 200, 'num_class': 21, 'fc_network_config': {'plus_unit': 16, 'n_hidden_layers': 1}, 'learning_rate': 0.001}]
Sub-Exp path: /home/xuanjie.liu/Projects/S3Plus/VQ/exp/2025.05.18_10vq_Zc[2]_Zs[0]_edim1_[0-20]_plus1024_1_tripleSet_Nothing/15
Optimal checkpoint: 48000
Pretrained Model is loaded
No more training is needed
No more training is needed
No more training is needed
No more training is needed
No more training is needed
No more training is needed
No more training is needed
No more training is needed
No more training is needed
No more training is needed
No more training is needed
No more training is needed
No more training is needed
No more training is needed
No more training is needed
No more training is needed
No more training is needed
No more training is needed
No more training is needed
No more training is needed
Exp path: /home/xuanjie.liu/Projects/S3Plus/VQ/exp/2025.05.18_10vq_Zc[2]_Zs[0]_edim1_[0-20]_plus1024_1_tripleSet_Nothing
{'train_data_path': '/home/xuanjie.liu/Projects/S3Plus/VQ/exp/2025.05.18_10vq_Zc[2]_Zs[0]_edim1_[0-20]_plus1024_1_tripleSet_Nothing/../../../dataset/single_style_pairs(0,20)_tripleSet/train', 'single_img_eval_set_path': '/home/xuanjie.liu/Projects/S3Plus/VQ/exp/2025.05.18_10vq_Zc[2]_Zs[0]_edim1_[0-20]_plus1024_1_tripleSet_Nothing/../../../dataset/(0,20)-FixedPos-oneStyle', 'plus_eval_set_path': ['/home/xuanjie.liu/Projects/S3Plus/VQ/exp/2025.05.18_10vq_Zc[2]_Zs[0]_edim1_[0-20]_plus1024_1_tripleSet_Nothing/../../../dataset/single_style_pairs(0,20)_tripleSet/test_1', '/home/xuanjie.liu/Projects/S3Plus/VQ/exp/2025.05.18_10vq_Zc[2]_Zs[0]_edim1_[0-20]_plus1024_1_tripleSet_Nothing/../../../dataset/single_style_pairs(0,20)_tripleSet/test_2'], 'latent_embedding_1': 2, 'latent_embedding_2': 0, 'multi_num_embeddings': None, 'latent_code_2': 0, 'embedding_dim': 1, 'is_plot_zc_value': True, 'embeddings_num': 10, 'is_plot_vis_num': True, 'kld_loss_scalar': 0.0, 'checkpoint_interval': 2000, 'learning_rate': 0.0001, 'scheduler_base_num': 0.99999, 'max_iter_num': 50001, 'model_path': 'curr_model.pt', 'train_result_path': 'TrainingResults/', 'eval_result_path': 'EvalResults/', 'train_record_path': 'Train_record.txt', 'eval_record_path': 'Eval_record.txt', 'plus_accu_record_path': 'plus_eval.txt', 'log_interval': 500, 'eval_interval': 2000, 'is_save_img': True, 'batch_size': 128, 'is_commutative_train': False, 'is_commutative_all': False, 'z_plus_loss_scalar': 0.02, 'commutative_z_loss_scalar': 0.0, 'associative_z_loss_scalar': 0.0, 'plus_mse_scalar': -1, 'plus_recon_loss_scalar': 3, 'min_loss_scalar': 1e-05, 'K': 1024, 'assoc_aug_range': (-3, 3), 'commitment_scalar': 0.0025, 'embedding_scalar': 0.01, 'isVQStyle': False, 'plus_by_embedding': True, 'plus_by_zcode': False, 'VQPlus_eqLoss_scalar': 0.5, 'is_zc_based_assoc': True, 'is_rand_z_assoc': False, 'is_assoc_on_e': True, 'is_assoc_on_z': False, 'is_assoc_within_batch': True, 'is_switch_digital': False, 'is_full_symm': False, 'is_assoc': False, 'is_twice_oper': False, 'img_noise': 0.0, 'network_config': {'enc_dec': {'img_channel': 3, 'last_H': 4, 'last_W': 4, 'first_ch_num': 16}, 'enc_fc': {'n_units': 128, 'n_hidden_layers': 2}, 'plus': {'plus_unit': 1024, 'n_hidden_layers': 2}}, 'eval_config': {'pipeline_result_path': 'PIPELINE_EVAL', 'optimal_checkpoint_finding_config': {'optimal_checkpoint_num': 'find_by_keys', 'record_name': 'Train_record.txt', 'keys': ['plus_recon', 'plus_z', 'loss_oper', 'loss_ED'], 'iter_after': 0.1}, 'plus_eval_configs': [{'name': 'eval_set', 'eval_set_path_list': ['/home/xuanjie.liu/Projects/S3Plus/VQ/exp/2025.05.18_10vq_Zc[2]_Zs[0]_edim1_[0-20]_plus1024_1_tripleSet_Nothing/../../../dataset/single_style_pairs(0,20)_tripleSet/test_1', '/home/xuanjie.liu/Projects/S3Plus/VQ/exp/2025.05.18_10vq_Zc[2]_Zs[0]_edim1_[0-20]_plus1024_1_tripleSet_Nothing/../../../dataset/single_style_pairs(0,20)_tripleSet/test_2'], 'is_blur': False, 'blur_config': {'kernel_size_choices': (5, 7, 9), 'sigma_range': (0.5, 3.0), 'p_no_blur': 0.0}, 'augment_times': 1}], 'emb_matching_rate_configs': [{'name': 'emb_matching_rate', 'eval_set_path_list': ['/home/xuanjie.liu/Projects/S3Plus/VQ/exp/2025.05.18_10vq_Zc[2]_Zs[0]_edim1_[0-20]_plus1024_1_tripleSet_Nothing/../../../dataset/(0,20)-FixedPos-oneStyle'], 'is_blur': False, 'blur_config': {'kernel_size_choices': (5, 7, 9), 'sigma_range': (0.5, 3.0), 'p_no_blur': 0.0}, 'augment_times': 1}], 'orderliness_configs': [{'name': 'orderliness', 'img_dir_name': 'orderliness', 'eval_set_path_list': ['/home/xuanjie.liu/Projects/S3Plus/VQ/exp/2025.05.18_10vq_Zc[2]_Zs[0]_edim1_[0-20]_plus1024_1_tripleSet_Nothing/../../../dataset/(0,20)-FixedPos-oneStyle'], 'is_blur': False, 'blur_config': {'kernel_size_choices': (5, 7, 9), 'sigma_range': (0.5, 3.0), 'p_no_blur': 0.0}, 'augment_times': 1}], 'interpolate_configs': [{'name': 'train_interpolate', 'eval_set_path_list': ['/home/xuanjie.liu/Projects/S3Plus/VQ/exp/2025.05.18_10vq_Zc[2]_Zs[0]_edim1_[0-20]_plus1024_1_tripleSet_Nothing/../../../dataset/single_style_pairs(0,20)_tripleSet/train'], 'is_blur': False, 'blur_config': {'kernel_size_choices': (5, 7, 9), 'sigma_range': (0.5, 3.0), 'p_no_blur': 0.0}, 'augment_times': 1, 'interpolate_num': 1}]}}
[{'task_name': 'minus_16_1.1', 'train_data_path': '/home/xuanjie.liu/Projects/S3Plus/VQ/exp/2025.05.18_10vq_Zc[2]_Zs[0]_edim1_[0-20]_plus1024_1_tripleSet_Nothing/../../../dataset/single_style_pairs_minus(0,20)/train', 'eval_data_path': '/home/xuanjie.liu/Projects/S3Plus/VQ/exp/2025.05.18_10vq_Zc[2]_Zs[0]_edim1_[0-20]_plus1024_1_tripleSet_Nothing/../../../dataset/single_style_pairs_minus(0,20)/test', 'batch_size': 128, 'train_record_path': 'train_record.txt', 'eval_record_path': 'eval_record.txt', 'pretrained_path': 'checkpoint_40000.pt', 'fc_model_path': 'minus_model.pt', 'max_iter_num': 20001, 'log_interval': 200, 'num_class': 21, 'fc_network_config': {'plus_unit': 16, 'n_hidden_layers': 1}, 'learning_rate': 0.001}]
Sub-Exp path: /home/xuanjie.liu/Projects/S3Plus/VQ/exp/2025.05.18_10vq_Zc[2]_Zs[0]_edim1_[0-20]_plus1024_1_tripleSet_Nothing/16
Optimal checkpoint: 48000
Pretrained Model is loaded
No more training is needed
No more training is needed
No more training is needed
No more training is needed
No more training is needed
No more training is needed
No more training is needed
No more training is needed
No more training is needed
No more training is needed
No more training is needed
No more training is needed
No more training is needed
No more training is needed
No more training is needed
No more training is needed
No more training is needed
No more training is needed
No more training is needed
No more training is needed
Exp path: /home/xuanjie.liu/Projects/S3Plus/VQ/exp/2025.05.18_10vq_Zc[2]_Zs[0]_edim1_[0-20]_plus1024_1_tripleSet_Nothing
{'train_data_path': '/home/xuanjie.liu/Projects/S3Plus/VQ/exp/2025.05.18_10vq_Zc[2]_Zs[0]_edim1_[0-20]_plus1024_1_tripleSet_Nothing/../../../dataset/single_style_pairs(0,20)_tripleSet/train', 'single_img_eval_set_path': '/home/xuanjie.liu/Projects/S3Plus/VQ/exp/2025.05.18_10vq_Zc[2]_Zs[0]_edim1_[0-20]_plus1024_1_tripleSet_Nothing/../../../dataset/(0,20)-FixedPos-oneStyle', 'plus_eval_set_path': ['/home/xuanjie.liu/Projects/S3Plus/VQ/exp/2025.05.18_10vq_Zc[2]_Zs[0]_edim1_[0-20]_plus1024_1_tripleSet_Nothing/../../../dataset/single_style_pairs(0,20)_tripleSet/test_1', '/home/xuanjie.liu/Projects/S3Plus/VQ/exp/2025.05.18_10vq_Zc[2]_Zs[0]_edim1_[0-20]_plus1024_1_tripleSet_Nothing/../../../dataset/single_style_pairs(0,20)_tripleSet/test_2'], 'latent_embedding_1': 2, 'latent_embedding_2': 0, 'multi_num_embeddings': None, 'latent_code_2': 0, 'embedding_dim': 1, 'is_plot_zc_value': True, 'embeddings_num': 10, 'is_plot_vis_num': True, 'kld_loss_scalar': 0.0, 'checkpoint_interval': 2000, 'learning_rate': 0.0001, 'scheduler_base_num': 0.99999, 'max_iter_num': 50001, 'model_path': 'curr_model.pt', 'train_result_path': 'TrainingResults/', 'eval_result_path': 'EvalResults/', 'train_record_path': 'Train_record.txt', 'eval_record_path': 'Eval_record.txt', 'plus_accu_record_path': 'plus_eval.txt', 'log_interval': 500, 'eval_interval': 2000, 'is_save_img': True, 'batch_size': 128, 'is_commutative_train': False, 'is_commutative_all': False, 'z_plus_loss_scalar': 0.02, 'commutative_z_loss_scalar': 0.0, 'associative_z_loss_scalar': 0.0, 'plus_mse_scalar': -1, 'plus_recon_loss_scalar': 3, 'min_loss_scalar': 1e-05, 'K': 1024, 'assoc_aug_range': (-3, 3), 'commitment_scalar': 0.0025, 'embedding_scalar': 0.01, 'isVQStyle': False, 'plus_by_embedding': True, 'plus_by_zcode': False, 'VQPlus_eqLoss_scalar': 0.5, 'is_zc_based_assoc': True, 'is_rand_z_assoc': False, 'is_assoc_on_e': True, 'is_assoc_on_z': False, 'is_assoc_within_batch': True, 'is_switch_digital': False, 'is_full_symm': False, 'is_assoc': False, 'is_twice_oper': False, 'img_noise': 0.0, 'network_config': {'enc_dec': {'img_channel': 3, 'last_H': 4, 'last_W': 4, 'first_ch_num': 16}, 'enc_fc': {'n_units': 128, 'n_hidden_layers': 2}, 'plus': {'plus_unit': 1024, 'n_hidden_layers': 2}}, 'eval_config': {'pipeline_result_path': 'PIPELINE_EVAL', 'optimal_checkpoint_finding_config': {'optimal_checkpoint_num': 'find_by_keys', 'record_name': 'Train_record.txt', 'keys': ['plus_recon', 'plus_z', 'loss_oper', 'loss_ED'], 'iter_after': 0.1}, 'plus_eval_configs': [{'name': 'eval_set', 'eval_set_path_list': ['/home/xuanjie.liu/Projects/S3Plus/VQ/exp/2025.05.18_10vq_Zc[2]_Zs[0]_edim1_[0-20]_plus1024_1_tripleSet_Nothing/../../../dataset/single_style_pairs(0,20)_tripleSet/test_1', '/home/xuanjie.liu/Projects/S3Plus/VQ/exp/2025.05.18_10vq_Zc[2]_Zs[0]_edim1_[0-20]_plus1024_1_tripleSet_Nothing/../../../dataset/single_style_pairs(0,20)_tripleSet/test_2'], 'is_blur': False, 'blur_config': {'kernel_size_choices': (5, 7, 9), 'sigma_range': (0.5, 3.0), 'p_no_blur': 0.0}, 'augment_times': 1}], 'emb_matching_rate_configs': [{'name': 'emb_matching_rate', 'eval_set_path_list': ['/home/xuanjie.liu/Projects/S3Plus/VQ/exp/2025.05.18_10vq_Zc[2]_Zs[0]_edim1_[0-20]_plus1024_1_tripleSet_Nothing/../../../dataset/(0,20)-FixedPos-oneStyle'], 'is_blur': False, 'blur_config': {'kernel_size_choices': (5, 7, 9), 'sigma_range': (0.5, 3.0), 'p_no_blur': 0.0}, 'augment_times': 1}], 'orderliness_configs': [{'name': 'orderliness', 'img_dir_name': 'orderliness', 'eval_set_path_list': ['/home/xuanjie.liu/Projects/S3Plus/VQ/exp/2025.05.18_10vq_Zc[2]_Zs[0]_edim1_[0-20]_plus1024_1_tripleSet_Nothing/../../../dataset/(0,20)-FixedPos-oneStyle'], 'is_blur': False, 'blur_config': {'kernel_size_choices': (5, 7, 9), 'sigma_range': (0.5, 3.0), 'p_no_blur': 0.0}, 'augment_times': 1}], 'interpolate_configs': [{'name': 'train_interpolate', 'eval_set_path_list': ['/home/xuanjie.liu/Projects/S3Plus/VQ/exp/2025.05.18_10vq_Zc[2]_Zs[0]_edim1_[0-20]_plus1024_1_tripleSet_Nothing/../../../dataset/single_style_pairs(0,20)_tripleSet/train'], 'is_blur': False, 'blur_config': {'kernel_size_choices': (5, 7, 9), 'sigma_range': (0.5, 3.0), 'p_no_blur': 0.0}, 'augment_times': 1, 'interpolate_num': 1}]}}
[{'task_name': 'minus_16_1.1', 'train_data_path': '/home/xuanjie.liu/Projects/S3Plus/VQ/exp/2025.05.18_10vq_Zc[2]_Zs[0]_edim1_[0-20]_plus1024_1_tripleSet_Nothing/../../../dataset/single_style_pairs_minus(0,20)/train', 'eval_data_path': '/home/xuanjie.liu/Projects/S3Plus/VQ/exp/2025.05.18_10vq_Zc[2]_Zs[0]_edim1_[0-20]_plus1024_1_tripleSet_Nothing/../../../dataset/single_style_pairs_minus(0,20)/test', 'batch_size': 128, 'train_record_path': 'train_record.txt', 'eval_record_path': 'eval_record.txt', 'pretrained_path': 'checkpoint_40000.pt', 'fc_model_path': 'minus_model.pt', 'max_iter_num': 20001, 'log_interval': 200, 'num_class': 21, 'fc_network_config': {'plus_unit': 16, 'n_hidden_layers': 1}, 'learning_rate': 0.001}]
Sub-Exp path: /home/xuanjie.liu/Projects/S3Plus/VQ/exp/2025.05.18_10vq_Zc[2]_Zs[0]_edim1_[0-20]_plus1024_1_tripleSet_Nothing/17
Optimal checkpoint: 48000
Pretrained Model is loaded
No more training is needed
No more training is needed
No more training is needed
No more training is needed
No more training is needed
No more training is needed
No more training is needed
No more training is needed
No more training is needed
Continue training
FC Model is loaded
13400-loss_z:0.107466,accu:0.999049,loss_recon:0.092416

13400-loss_z:13.664703,accu:0.367089,loss_recon:0.221191

13600-loss_z:0.103996,accu:0.999186,loss_recon:0.093176

13600-loss_z:13.943372,accu:0.35443,loss_recon:0.219207

13800-loss_z:0.099795,accu:0.999212,loss_recon:0.092445

13800-loss_z:14.238409,accu:0.35443,loss_recon:0.22027

14000-loss_z:0.09568,accu:0.99998,loss_recon:0.092371

14000-loss_z:14.560808,accu:0.367089,loss_recon:0.219981

14200-loss_z:0.092588,accu:1.0,loss_recon:0.092076

14200-loss_z:14.830013,accu:0.367089,loss_recon:0.219444

14400-loss_z:0.089749,accu:1.0,loss_recon:0.091867

14400-loss_z:15.169765,accu:0.35443,loss_recon:0.219817

14600-loss_z:0.087727,accu:1.0,loss_recon:0.091858

14600-loss_z:15.472856,accu:0.35443,loss_recon:0.221029

14800-loss_z:0.08399,accu:0.999857,loss_recon:0.091837

14800-loss_z:15.795689,accu:0.35443,loss_recon:0.217562

15000-loss_z:0.081373,accu:1.0,loss_recon:0.091781

15000-loss_z:16.16037,accu:0.35443,loss_recon:0.215799

15200-loss_z:0.078051,accu:1.0,loss_recon:0.091142

15200-loss_z:16.449287,accu:0.35443,loss_recon:0.216844

15400-loss_z:0.075347,accu:1.0,loss_recon:0.091814

15400-loss_z:16.756367,accu:0.35443,loss_recon:0.215721

15600-loss_z:0.073107,accu:1.0,loss_recon:0.091145

15600-loss_z:17.101133,accu:0.35443,loss_recon:0.219842

15800-loss_z:0.069939,accu:1.0,loss_recon:0.091283

15800-loss_z:17.384388,accu:0.35443,loss_recon:0.219866

16000-loss_z:0.06841,accu:1.0,loss_recon:0.090628

16000-loss_z:17.552044,accu:0.35443,loss_recon:0.216007

16200-loss_z:0.066003,accu:1.0,loss_recon:0.09081

16200-loss_z:17.720776,accu:0.35443,loss_recon:0.217783

16400-loss_z:0.062221,accu:1.0,loss_recon:0.091087

16400-loss_z:17.932467,accu:0.35443,loss_recon:0.217139

16600-loss_z:0.060346,accu:1.0,loss_recon:0.09036

16600-loss_z:18.112915,accu:0.341772,loss_recon:0.213878

16800-loss_z:0.0578,accu:1.0,loss_recon:0.090765

16800-loss_z:18.290157,accu:0.35443,loss_recon:0.216517

17000-loss_z:0.055417,accu:1.0,loss_recon:0.090349

17000-loss_z:18.489468,accu:0.35443,loss_recon:0.220589

17200-loss_z:0.054764,accu:1.0,loss_recon:0.090486

17200-loss_z:18.670708,accu:0.35443,loss_recon:0.214848

17400-loss_z:0.051473,accu:1.0,loss_recon:0.09106

17400-loss_z:18.855446,accu:0.35443,loss_recon:0.214822

17600-loss_z:0.049603,accu:1.0,loss_recon:0.090085

17600-loss_z:18.983368,accu:0.341772,loss_recon:0.214647

17800-loss_z:0.048019,accu:1.0,loss_recon:0.089603

17800-loss_z:19.191233,accu:0.35443,loss_recon:0.212484

18000-loss_z:0.046546,accu:1.0,loss_recon:0.090439

18000-loss_z:19.42087,accu:0.341772,loss_recon:0.214893

18200-loss_z:0.044586,accu:1.0,loss_recon:0.089071

18200-loss_z:19.642843,accu:0.329114,loss_recon:0.217826

18400-loss_z:0.042504,accu:1.0,loss_recon:0.089898

18400-loss_z:19.836367,accu:0.341772,loss_recon:0.215445

18600-loss_z:0.041967,accu:1.0,loss_recon:0.090303

18600-loss_z:19.989027,accu:0.341772,loss_recon:0.21344

18800-loss_z:0.040185,accu:1.0,loss_recon:0.090155

18800-loss_z:20.174019,accu:0.35443,loss_recon:0.216097

19000-loss_z:0.038344,accu:1.0,loss_recon:0.089352

19000-loss_z:20.390322,accu:0.35443,loss_recon:0.21469

19200-loss_z:0.037011,accu:1.0,loss_recon:0.089675

19200-loss_z:20.60815,accu:0.35443,loss_recon:0.21779

19400-loss_z:0.035812,accu:1.0,loss_recon:0.089997

19400-loss_z:20.841238,accu:0.341772,loss_recon:0.213906

19600-loss_z:0.034115,accu:1.0,loss_recon:0.089176

19600-loss_z:21.018993,accu:0.341772,loss_recon:0.213136

19800-loss_z:0.033324,accu:1.0,loss_recon:0.089652

19800-loss_z:21.270164,accu:0.341772,loss_recon:0.215645

20000-loss_z:0.031603,accu:1.0,loss_recon:0.089962

20000-loss_z:21.542141,accu:0.329114,loss_recon:0.214582

Continue training
New FC model is initialized
200-loss_z:2.664935,accu:0.169705,loss_recon:1.007581

200-loss_z:2.79296,accu:0.037975,loss_recon:0.614738

400-loss_z:1.96907,accu:0.33901,loss_recon:0.362625

400-loss_z:2.573364,accu:0.063291,loss_recon:0.367383

600-loss_z:1.624014,accu:0.44207,loss_recon:0.246238

600-loss_z:2.580134,accu:0.164557,loss_recon:0.280234

800-loss_z:1.413502,accu:0.506738,loss_recon:0.21349

800-loss_z:2.672961,accu:0.177215,loss_recon:0.251667

1000-loss_z:1.261347,accu:0.565658,loss_recon:0.196799

1000-loss_z:2.803692,accu:0.177215,loss_recon:0.231851

1200-loss_z:1.142775,accu:0.605879,loss_recon:0.186444

1200-loss_z:2.951779,accu:0.202532,loss_recon:0.226703

1400-loss_z:1.050159,accu:0.638796,loss_recon:0.175515

1400-loss_z:3.118931,accu:0.227848,loss_recon:0.226015

1600-loss_z:0.97515,accu:0.655417,loss_recon:0.168058

1600-loss_z:3.272337,accu:0.21519,loss_recon:0.224904

1800-loss_z:0.905293,accu:0.69944,loss_recon:0.163594

1800-loss_z:3.423626,accu:0.240506,loss_recon:0.221312

2000-loss_z:0.848266,accu:0.711582,loss_recon:0.158523

2000-loss_z:3.623276,accu:0.240506,loss_recon:0.22371

2200-loss_z:0.798855,accu:0.731471,loss_recon:0.152035

2200-loss_z:3.843191,accu:0.227848,loss_recon:0.218276

2400-loss_z:0.753404,accu:0.763138,loss_recon:0.146036

2400-loss_z:4.054667,accu:0.227848,loss_recon:0.219659

2600-loss_z:0.710506,accu:0.778984,loss_recon:0.142131

2600-loss_z:4.274008,accu:0.265823,loss_recon:0.210881

2800-loss_z:0.677067,accu:0.801816,loss_recon:0.13855

2800-loss_z:4.516964,accu:0.240506,loss_recon:0.211133

3000-loss_z:0.645401,accu:0.808789,loss_recon:0.135118

3000-loss_z:4.724031,accu:0.278481,loss_recon:0.207689

3200-loss_z:0.616287,accu:0.822669,loss_recon:0.133216

3200-loss_z:4.942931,accu:0.278481,loss_recon:0.207396

3400-loss_z:0.589527,accu:0.835111,loss_recon:0.130207

3400-loss_z:5.213568,accu:0.316456,loss_recon:0.217672

3600-loss_z:0.561599,accu:0.85599,loss_recon:0.127451

3600-loss_z:5.495098,accu:0.303797,loss_recon:0.209218

3800-loss_z:0.540298,accu:0.865339,loss_recon:0.125729

3800-loss_z:5.734504,accu:0.303797,loss_recon:0.209428

4000-loss_z:0.515651,accu:0.883548,loss_recon:0.122335

4000-loss_z:6.001736,accu:0.329114,loss_recon:0.21228

4200-loss_z:0.490938,accu:0.883789,loss_recon:0.1221

4200-loss_z:6.270491,accu:0.329114,loss_recon:0.210699

4400-loss_z:0.474819,accu:0.893665,loss_recon:0.118408

4400-loss_z:6.501946,accu:0.316456,loss_recon:0.214089

4600-loss_z:0.453963,accu:0.906113,loss_recon:0.117131

4600-loss_z:6.746429,accu:0.35443,loss_recon:0.214211

4800-loss_z:0.438145,accu:0.907546,loss_recon:0.115757

4800-loss_z:6.964182,accu:0.341772,loss_recon:0.218149

5000-loss_z:0.421285,accu:0.911647,loss_recon:0.114286

5000-loss_z:7.135157,accu:0.341772,loss_recon:0.216801

5200-loss_z:0.408444,accu:0.916797,loss_recon:0.113887

5200-loss_z:7.282978,accu:0.329114,loss_recon:0.215441

5400-loss_z:0.392153,accu:0.924017,loss_recon:0.112197

5400-loss_z:7.416131,accu:0.341772,loss_recon:0.214637

5600-loss_z:0.379146,accu:0.927943,loss_recon:0.112074

5600-loss_z:7.52504,accu:0.35443,loss_recon:0.218108

5800-loss_z:0.365156,accu:0.933047,loss_recon:0.11169

5800-loss_z:7.680225,accu:0.329114,loss_recon:0.217733

6000-loss_z:0.356295,accu:0.933971,loss_recon:0.111858

6000-loss_z:7.844061,accu:0.316456,loss_recon:0.216859

6200-loss_z:0.341416,accu:0.939375,loss_recon:0.1111

6200-loss_z:8.009036,accu:0.341772,loss_recon:0.216402

6400-loss_z:0.327927,accu:0.94138,loss_recon:0.111016

6400-loss_z:8.18578,accu:0.329114,loss_recon:0.21588

6600-loss_z:0.321493,accu:0.949863,loss_recon:0.11087

6600-loss_z:8.441913,accu:0.329114,loss_recon:0.215191

6800-loss_z:0.308339,accu:0.952129,loss_recon:0.110151

6800-loss_z:8.719281,accu:0.35443,loss_recon:0.219536

7000-loss_z:0.29443,accu:0.956452,loss_recon:0.108868

7000-loss_z:9.000874,accu:0.35443,loss_recon:0.215885

7200-loss_z:0.286438,accu:0.957383,loss_recon:0.110603

7200-loss_z:9.299552,accu:0.341772,loss_recon:0.224476

7400-loss_z:0.273795,accu:0.966387,loss_recon:0.109706

7400-loss_z:9.596098,accu:0.341772,loss_recon:0.220147

7600-loss_z:0.265096,accu:0.969329,loss_recon:0.109191

7600-loss_z:9.93672,accu:0.35443,loss_recon:0.216366

7800-loss_z:0.257702,accu:0.970208,loss_recon:0.109875

7800-loss_z:10.234139,accu:0.35443,loss_recon:0.221869

8000-loss_z:0.250063,accu:0.977852,loss_recon:0.110188

8000-loss_z:10.51773,accu:0.341772,loss_recon:0.219955

8200-loss_z:0.240919,accu:0.978685,loss_recon:0.109189

8200-loss_z:10.800992,accu:0.392405,loss_recon:0.218161

8400-loss_z:0.229694,accu:0.982806,loss_recon:0.109893

8400-loss_z:11.092408,accu:0.35443,loss_recon:0.220001

8600-loss_z:0.225549,accu:0.985918,loss_recon:0.109165

8600-loss_z:11.376041,accu:0.392405,loss_recon:0.220343

8800-loss_z:0.215372,accu:0.988789,loss_recon:0.109648

8800-loss_z:11.680124,accu:0.392405,loss_recon:0.217843

9000-loss_z:0.208828,accu:0.990755,loss_recon:0.109477

9000-loss_z:11.942739,accu:0.392405,loss_recon:0.226899

9200-loss_z:0.202589,accu:0.991348,loss_recon:0.108847

9200-loss_z:12.227388,accu:0.367089,loss_recon:0.222162

9400-loss_z:0.194976,accu:0.994115,loss_recon:0.108829

9400-loss_z:12.499835,accu:0.379747,loss_recon:0.221966

9600-loss_z:0.189535,accu:0.996576,loss_recon:0.109139

9600-loss_z:12.775299,accu:0.367089,loss_recon:0.227577

9800-loss_z:0.182265,accu:0.997676,loss_recon:0.109584

9800-loss_z:13.03539,accu:0.367089,loss_recon:0.223361

10000-loss_z:0.176925,accu:0.997383,loss_recon:0.108814

10000-loss_z:13.316936,accu:0.35443,loss_recon:0.218795

10200-loss_z:0.17323,accu:0.999596,loss_recon:0.109596

10200-loss_z:13.568254,accu:0.35443,loss_recon:0.223821

10400-loss_z:0.164637,accu:0.998717,loss_recon:0.109488

10400-loss_z:13.783574,accu:0.367089,loss_recon:0.222004

10600-loss_z:0.159076,accu:0.999714,loss_recon:0.109102

10600-loss_z:14.042715,accu:0.379747,loss_recon:0.223017

10800-loss_z:0.155269,accu:0.999655,loss_recon:0.108361

10800-loss_z:14.270722,accu:0.367089,loss_recon:0.219794

11000-loss_z:0.148129,accu:1.0,loss_recon:0.108164

11000-loss_z:14.491067,accu:0.367089,loss_recon:0.224984

11200-loss_z:0.143969,accu:1.0,loss_recon:0.10886

11200-loss_z:14.745909,accu:0.367089,loss_recon:0.223591

11400-loss_z:0.139088,accu:1.0,loss_recon:0.108465

11400-loss_z:14.975691,accu:0.367089,loss_recon:0.225365

11600-loss_z:0.133453,accu:0.999941,loss_recon:0.107695

11600-loss_z:15.216513,accu:0.35443,loss_recon:0.226861

11800-loss_z:0.130525,accu:1.0,loss_recon:0.107553

11800-loss_z:15.550103,accu:0.367089,loss_recon:0.223072

12000-loss_z:0.125368,accu:0.999622,loss_recon:0.107563

12000-loss_z:15.833103,accu:0.379747,loss_recon:0.223157

12200-loss_z:0.120999,accu:0.999648,loss_recon:0.107252

12200-loss_z:16.173027,accu:0.379747,loss_recon:0.223652

12400-loss_z:0.115983,accu:1.0,loss_recon:0.106173

12400-loss_z:16.494917,accu:0.379747,loss_recon:0.221828

12600-loss_z:0.11378,accu:0.999863,loss_recon:0.105029

12600-loss_z:16.814156,accu:0.367089,loss_recon:0.227318

12800-loss_z:0.109629,accu:0.999668,loss_recon:0.10468

12800-loss_z:17.203873,accu:0.367089,loss_recon:0.224136

13000-loss_z:0.10555,accu:1.0,loss_recon:0.104942

13000-loss_z:17.50997,accu:0.367089,loss_recon:0.220127

13200-loss_z:0.102486,accu:0.999414,loss_recon:0.104279

13200-loss_z:17.860064,accu:0.367089,loss_recon:0.224251

13400-loss_z:0.099228,accu:1.0,loss_recon:0.103595

13400-loss_z:18.193335,accu:0.379747,loss_recon:0.22626

13600-loss_z:0.09608,accu:0.999818,loss_recon:0.102122

13600-loss_z:18.57515,accu:0.367089,loss_recon:0.229062

13800-loss_z:0.091451,accu:1.0,loss_recon:0.102397

13800-loss_z:18.990149,accu:0.379747,loss_recon:0.222861

14000-loss_z:0.089292,accu:1.0,loss_recon:0.102038

14000-loss_z:19.358036,accu:0.379747,loss_recon:0.224692

14200-loss_z:0.08479,accu:0.999837,loss_recon:0.102765

14200-loss_z:19.767471,accu:0.379747,loss_recon:0.22628

14400-loss_z:0.083115,accu:1.0,loss_recon:0.101657

14400-loss_z:20.187441,accu:0.379747,loss_recon:0.226806

14600-loss_z:0.079637,accu:1.0,loss_recon:0.103312

14600-loss_z:20.534178,accu:0.379747,loss_recon:0.226073

14800-loss_z:0.076824,accu:1.0,loss_recon:0.101091

14800-loss_z:20.970804,accu:0.379747,loss_recon:0.228465

15000-loss_z:0.074194,accu:1.0,loss_recon:0.101712

15000-loss_z:21.385569,accu:0.379747,loss_recon:0.224207

15200-loss_z:0.072178,accu:1.0,loss_recon:0.102647

15200-loss_z:21.812616,accu:0.379747,loss_recon:0.226512

15400-loss_z:0.0696,accu:1.0,loss_recon:0.102861

15400-loss_z:22.204081,accu:0.367089,loss_recon:0.228566

15600-loss_z:0.064823,accu:1.0,loss_recon:0.102194

15600-loss_z:22.600964,accu:0.367089,loss_recon:0.228049

15800-loss_z:0.062837,accu:1.0,loss_recon:0.101921

15800-loss_z:23.041327,accu:0.367089,loss_recon:0.230029

16000-loss_z:0.059304,accu:1.0,loss_recon:0.101487

16000-loss_z:23.459747,accu:0.367089,loss_recon:0.228945

16200-loss_z:0.057009,accu:0.999922,loss_recon:0.101557

16200-loss_z:23.88456,accu:0.379747,loss_recon:0.232451

16400-loss_z:0.054977,accu:1.0,loss_recon:0.101789

16400-loss_z:24.268803,accu:0.379747,loss_recon:0.22946

16600-loss_z:0.051984,accu:1.0,loss_recon:0.101364

16600-loss_z:24.742598,accu:0.379747,loss_recon:0.227072

16800-loss_z:0.050878,accu:1.0,loss_recon:0.101975

16800-loss_z:25.222767,accu:0.379747,loss_recon:0.231437

17000-loss_z:0.04856,accu:1.0,loss_recon:0.101208

17000-loss_z:25.709452,accu:0.379747,loss_recon:0.226977

17200-loss_z:0.046238,accu:1.0,loss_recon:0.101205

17200-loss_z:26.193443,accu:0.379747,loss_recon:0.231496

17400-loss_z:0.043906,accu:1.0,loss_recon:0.101268

17400-loss_z:26.729074,accu:0.379747,loss_recon:0.233781

17600-loss_z:0.042862,accu:1.0,loss_recon:0.102074

17600-loss_z:27.224794,accu:0.379747,loss_recon:0.227808

17800-loss_z:0.040648,accu:1.0,loss_recon:0.101631

17800-loss_z:27.751719,accu:0.379747,loss_recon:0.229991

18000-loss_z:0.039523,accu:1.0,loss_recon:0.101901

18000-loss_z:28.269886,accu:0.367089,loss_recon:0.225886

18200-loss_z:0.03715,accu:1.0,loss_recon:0.102164

18200-loss_z:28.804626,accu:0.367089,loss_recon:0.23693

18400-loss_z:0.035547,accu:1.0,loss_recon:0.101855

18400-loss_z:29.333973,accu:0.379747,loss_recon:0.23419

18600-loss_z:0.034578,accu:1.0,loss_recon:0.101451

18600-loss_z:29.830595,accu:0.367089,loss_recon:0.232103

18800-loss_z:0.033274,accu:1.0,loss_recon:0.101846

18800-loss_z:30.370886,accu:0.379747,loss_recon:0.23134

19000-loss_z:0.031756,accu:1.0,loss_recon:0.101225

19000-loss_z:30.902153,accu:0.379747,loss_recon:0.236515

19200-loss_z:0.030797,accu:1.0,loss_recon:0.102391

19200-loss_z:31.424072,accu:0.379747,loss_recon:0.234153

19400-loss_z:0.029039,accu:1.0,loss_recon:0.101404

19400-loss_z:31.909618,accu:0.379747,loss_recon:0.230532

19600-loss_z:0.028137,accu:1.0,loss_recon:0.101663

19600-loss_z:32.47118,accu:0.367089,loss_recon:0.227892

19800-loss_z:0.02672,accu:1.0,loss_recon:0.10124

19800-loss_z:32.922344,accu:0.392405,loss_recon:0.233705

20000-loss_z:0.02539,accu:1.0,loss_recon:0.101648

20000-loss_z:33.379005,accu:0.379747,loss_recon:0.230776

Continue training
New FC model is initialized
200-loss_z:2.584628,accu:0.166291,loss_recon:0.87866

200-loss_z:2.600583,accu:0.113924,loss_recon:0.476893

400-loss_z:1.909095,accu:0.332318,loss_recon:0.30377

400-loss_z:2.46559,accu:0.126582,loss_recon:0.313118

600-loss_z:1.622963,accu:0.426576,loss_recon:0.215573

600-loss_z:2.41455,accu:0.139241,loss_recon:0.274834

800-loss_z:1.448949,accu:0.470684,loss_recon:0.18256

800-loss_z:2.418752,accu:0.151899,loss_recon:0.264768

1000-loss_z:1.323806,accu:0.51168,loss_recon:0.166625

1000-loss_z:2.503764,accu:0.177215,loss_recon:0.239664

1200-loss_z:1.220022,accu:0.558639,loss_recon:0.159307

1200-loss_z:2.577435,accu:0.202532,loss_recon:0.235056

1400-loss_z:1.13164,accu:0.584635,loss_recon:0.150513

1400-loss_z:2.677992,accu:0.21519,loss_recon:0.228382

1600-loss_z:1.065781,accu:0.624902,loss_recon:0.146592

1600-loss_z:2.816176,accu:0.227848,loss_recon:0.220372

1800-loss_z:1.001165,accu:0.648743,loss_recon:0.13916

1800-loss_z:2.951122,accu:0.202532,loss_recon:0.221437

2000-loss_z:0.946685,accu:0.678594,loss_recon:0.135256

2000-loss_z:3.128733,accu:0.253165,loss_recon:0.214601

2200-loss_z:0.901096,accu:0.687188,loss_recon:0.131965

2200-loss_z:3.329774,accu:0.240506,loss_recon:0.215235

2400-loss_z:0.852793,accu:0.720254,loss_recon:0.128981

2400-loss_z:3.555569,accu:0.253165,loss_recon:0.22019

2600-loss_z:0.814677,accu:0.728411,loss_recon:0.127685

2600-loss_z:3.787424,accu:0.227848,loss_recon:0.219013

2800-loss_z:0.780176,accu:0.748138,loss_recon:0.126023

2800-loss_z:4.037595,accu:0.291139,loss_recon:0.215107

3000-loss_z:0.749735,accu:0.757858,loss_recon:0.124584

3000-loss_z:4.302495,accu:0.265823,loss_recon:0.215354

3200-loss_z:0.717981,accu:0.774596,loss_recon:0.12406

3200-loss_z:4.578215,accu:0.253165,loss_recon:0.214257

3400-loss_z:0.692322,accu:0.782129,loss_recon:0.121089

3400-loss_z:4.859976,accu:0.278481,loss_recon:0.218751

3600-loss_z:0.662061,accu:0.79373,loss_recon:0.11895

3600-loss_z:5.123679,accu:0.278481,loss_recon:0.214415

3800-loss_z:0.640259,accu:0.797272,loss_recon:0.118388

3800-loss_z:5.429291,accu:0.278481,loss_recon:0.219335

4000-loss_z:0.616636,accu:0.805892,loss_recon:0.116095

4000-loss_z:5.685804,accu:0.278481,loss_recon:0.216694

4200-loss_z:0.59876,accu:0.815456,loss_recon:0.116609

4200-loss_z:5.978931,accu:0.291139,loss_recon:0.211569

4400-loss_z:0.578459,accu:0.821615,loss_recon:0.115463

4400-loss_z:6.266471,accu:0.303797,loss_recon:0.215401

4600-loss_z:0.561556,accu:0.835801,loss_recon:0.114682

4600-loss_z:6.567384,accu:0.278481,loss_recon:0.213752

4800-loss_z:0.54615,accu:0.841927,loss_recon:0.114074

4800-loss_z:6.855892,accu:0.303797,loss_recon:0.215026

5000-loss_z:0.524238,accu:0.849316,loss_recon:0.112313

5000-loss_z:7.181644,accu:0.278481,loss_recon:0.215622

5200-loss_z:0.511286,accu:0.858229,loss_recon:0.113062

5200-loss_z:7.486115,accu:0.291139,loss_recon:0.215775

5400-loss_z:0.495671,accu:0.870143,loss_recon:0.113539

5400-loss_z:7.793781,accu:0.303797,loss_recon:0.212109

5600-loss_z:0.482121,accu:0.869759,loss_recon:0.111695

5600-loss_z:8.123631,accu:0.316456,loss_recon:0.210278

5800-loss_z:0.466655,accu:0.878294,loss_recon:0.111495

5800-loss_z:8.496751,accu:0.316456,loss_recon:0.213985

6000-loss_z:0.45367,accu:0.886862,loss_recon:0.111724

6000-loss_z:8.828752,accu:0.303797,loss_recon:0.216549

6200-loss_z:0.441023,accu:0.889271,loss_recon:0.111174

6200-loss_z:9.156853,accu:0.316456,loss_recon:0.206224

6400-loss_z:0.425577,accu:0.900918,loss_recon:0.109735

6400-loss_z:9.505996,accu:0.316456,loss_recon:0.206994

6600-loss_z:0.413105,accu:0.896654,loss_recon:0.10947

6600-loss_z:9.83455,accu:0.316456,loss_recon:0.207398

6800-loss_z:0.403789,accu:0.903802,loss_recon:0.109303

6800-loss_z:10.107106,accu:0.316456,loss_recon:0.21143

7000-loss_z:0.392629,accu:0.910723,loss_recon:0.108726

7000-loss_z:10.401181,accu:0.329114,loss_recon:0.215131

7200-loss_z:0.381742,accu:0.917031,loss_recon:0.108269

7200-loss_z:10.635331,accu:0.329114,loss_recon:0.210013

7400-loss_z:0.374329,accu:0.921732,loss_recon:0.107753

7400-loss_z:10.872464,accu:0.341772,loss_recon:0.206004

7600-loss_z:0.360339,accu:0.924427,loss_recon:0.107569

7600-loss_z:11.195388,accu:0.329114,loss_recon:0.210776

7800-loss_z:0.351566,accu:0.924362,loss_recon:0.106218

7800-loss_z:11.421437,accu:0.329114,loss_recon:0.208457

8000-loss_z:0.34337,accu:0.927904,loss_recon:0.108458

8000-loss_z:11.708423,accu:0.329114,loss_recon:0.212397

8200-loss_z:0.33192,accu:0.931823,loss_recon:0.106194

8200-loss_z:11.934261,accu:0.329114,loss_recon:0.210393

8400-loss_z:0.326071,accu:0.931797,loss_recon:0.10729

8400-loss_z:12.179056,accu:0.316456,loss_recon:0.210831

8600-loss_z:0.317443,accu:0.933197,loss_recon:0.106928

8600-loss_z:12.441266,accu:0.303797,loss_recon:0.21364

8800-loss_z:0.307111,accu:0.937663,loss_recon:0.10548

8800-loss_z:12.734839,accu:0.303797,loss_recon:0.213135

9000-loss_z:0.301593,accu:0.941191,loss_recon:0.106166

9000-loss_z:13.005481,accu:0.329114,loss_recon:0.21321

9200-loss_z:0.294325,accu:0.942793,loss_recon:0.106265

9200-loss_z:13.223225,accu:0.341772,loss_recon:0.210755

9400-loss_z:0.284319,accu:0.947904,loss_recon:0.105568

9400-loss_z:13.478045,accu:0.329114,loss_recon:0.210705

9600-loss_z:0.278523,accu:0.946504,loss_recon:0.107289

9600-loss_z:13.71109,accu:0.329114,loss_recon:0.212342

9800-loss_z:0.268868,accu:0.951556,loss_recon:0.106352

9800-loss_z:13.98908,accu:0.316456,loss_recon:0.211636

10000-loss_z:0.264453,accu:0.951934,loss_recon:0.104803

10000-loss_z:14.21754,accu:0.329114,loss_recon:0.212862

10200-loss_z:0.258237,accu:0.954772,loss_recon:0.105164

10200-loss_z:14.433038,accu:0.329114,loss_recon:0.208704

10400-loss_z:0.250361,accu:0.961159,loss_recon:0.104055

10400-loss_z:14.616009,accu:0.329114,loss_recon:0.21548

10600-loss_z:0.243104,accu:0.965475,loss_recon:0.103723

10600-loss_z:14.895667,accu:0.329114,loss_recon:0.21349

10800-loss_z:0.237766,accu:0.966322,loss_recon:0.103433

10800-loss_z:15.110905,accu:0.316456,loss_recon:0.216214

11000-loss_z:0.232419,accu:0.97084,loss_recon:0.103023

11000-loss_z:15.354936,accu:0.329114,loss_recon:0.211884

11200-loss_z:0.225635,accu:0.973503,loss_recon:0.103247

11200-loss_z:15.59951,accu:0.316456,loss_recon:0.209868

11400-loss_z:0.219433,accu:0.978574,loss_recon:0.102109

11400-loss_z:15.849961,accu:0.329114,loss_recon:0.214169

11600-loss_z:0.213977,accu:0.982201,loss_recon:0.103622

11600-loss_z:16.069494,accu:0.329114,loss_recon:0.214323

11800-loss_z:0.208067,accu:0.983724,loss_recon:0.102493

11800-loss_z:16.295773,accu:0.316456,loss_recon:0.217485

12000-loss_z:0.201021,accu:0.986048,loss_recon:0.103476

12000-loss_z:16.547636,accu:0.329114,loss_recon:0.216215

12200-loss_z:0.195216,accu:0.987161,loss_recon:0.101416

12200-loss_z:16.771563,accu:0.341772,loss_recon:0.21571

12400-loss_z:0.19177,accu:0.989277,loss_recon:0.101762

12400-loss_z:16.999897,accu:0.316456,loss_recon:0.220974

12600-loss_z:0.186401,accu:0.98985,loss_recon:0.10106

12600-loss_z:17.233923,accu:0.35443,loss_recon:0.218671

12800-loss_z:0.17987,accu:0.991914,loss_recon:0.100046

12800-loss_z:17.471958,accu:0.329114,loss_recon:0.224569

13000-loss_z:0.174759,accu:0.992227,loss_recon:0.10025

13000-loss_z:17.669712,accu:0.341772,loss_recon:0.220357

13200-loss_z:0.171715,accu:0.995436,loss_recon:0.100398

13200-loss_z:17.889002,accu:0.341772,loss_recon:0.220367

13400-loss_z:0.167661,accu:0.994857,loss_recon:0.10096

13400-loss_z:18.100691,accu:0.341772,loss_recon:0.220833

13600-loss_z:0.161207,accu:0.997005,loss_recon:0.100373

13600-loss_z:18.303381,accu:0.35443,loss_recon:0.2187

13800-loss_z:0.157195,accu:0.996458,loss_recon:0.099982

13800-loss_z:18.482294,accu:0.35443,loss_recon:0.220219

14000-loss_z:0.153105,accu:0.998184,loss_recon:0.099344

14000-loss_z:18.698061,accu:0.316456,loss_recon:0.223832

14200-loss_z:0.149798,accu:0.998737,loss_recon:0.098896

14200-loss_z:18.858875,accu:0.35443,loss_recon:0.220843

14400-loss_z:0.144114,accu:0.998724,loss_recon:0.09891

14400-loss_z:19.058365,accu:0.341772,loss_recon:0.222827

14600-loss_z:0.140919,accu:0.998034,loss_recon:0.098527

14600-loss_z:19.255194,accu:0.379747,loss_recon:0.225134

14800-loss_z:0.13699,accu:0.999264,loss_recon:0.097811

14800-loss_z:19.393461,accu:0.316456,loss_recon:0.226775

15000-loss_z:0.1331,accu:0.99903,loss_recon:0.097167

15000-loss_z:19.587849,accu:0.329114,loss_recon:0.22282

15200-loss_z:0.131588,accu:0.998665,loss_recon:0.098144

15200-loss_z:18.818331,accu:0.392405,loss_recon:0.229163

15400-loss_z:0.126593,accu:0.999186,loss_recon:0.098635

15400-loss_z:18.235544,accu:0.341772,loss_recon:0.224732

15600-loss_z:0.120429,accu:0.999544,loss_recon:0.096738

15600-loss_z:17.735741,accu:0.329114,loss_recon:0.23066

15800-loss_z:0.116402,accu:1.0,loss_recon:0.09734

15800-loss_z:17.390686,accu:0.303797,loss_recon:0.232208

16000-loss_z:0.113956,accu:0.999759,loss_recon:0.097366

16000-loss_z:17.060249,accu:0.329114,loss_recon:0.222978

16200-loss_z:0.109098,accu:0.999876,loss_recon:0.09624

16200-loss_z:16.744787,accu:0.367089,loss_recon:0.228759

16400-loss_z:0.106717,accu:0.99974,loss_recon:0.096948

16400-loss_z:16.460789,accu:0.316456,loss_recon:0.235124

16600-loss_z:0.102749,accu:0.999818,loss_recon:0.09671

16600-loss_z:16.194979,accu:0.341772,loss_recon:0.229835

16800-loss_z:0.099621,accu:0.999531,loss_recon:0.096417

16800-loss_z:16.000875,accu:0.341772,loss_recon:0.2325

17000-loss_z:0.097379,accu:1.0,loss_recon:0.09606

17000-loss_z:15.761631,accu:0.329114,loss_recon:0.231032

17200-loss_z:0.092668,accu:1.0,loss_recon:0.0965

17200-loss_z:15.638641,accu:0.341772,loss_recon:0.232396

17400-loss_z:0.090273,accu:0.999798,loss_recon:0.096336

17400-loss_z:15.66264,accu:0.35443,loss_recon:0.230043

17600-loss_z:0.088449,accu:1.0,loss_recon:0.095968

17600-loss_z:15.687515,accu:0.341772,loss_recon:0.233696

17800-loss_z:0.085021,accu:1.0,loss_recon:0.095041

17800-loss_z:15.79287,accu:0.35443,loss_recon:0.232955

18000-loss_z:0.081926,accu:1.0,loss_recon:0.095569

18000-loss_z:15.969821,accu:0.341772,loss_recon:0.234894

18200-loss_z:0.08023,accu:1.0,loss_recon:0.095995

18200-loss_z:16.119362,accu:0.341772,loss_recon:0.231254

18400-loss_z:0.076638,accu:1.0,loss_recon:0.096198

18400-loss_z:16.328274,accu:0.341772,loss_recon:0.232166

18600-loss_z:0.074757,accu:1.0,loss_recon:0.095305

18600-loss_z:16.484762,accu:0.341772,loss_recon:0.237103

18800-loss_z:0.072811,accu:1.0,loss_recon:0.09588

18800-loss_z:16.669554,accu:0.341772,loss_recon:0.236842

19000-loss_z:0.071339,accu:1.0,loss_recon:0.096186

19000-loss_z:16.808123,accu:0.341772,loss_recon:0.234587

19200-loss_z:0.068455,accu:1.0,loss_recon:0.095839

19200-loss_z:16.986856,accu:0.341772,loss_recon:0.226455

19400-loss_z:0.066313,accu:1.0,loss_recon:0.095856

19400-loss_z:17.176126,accu:0.341772,loss_recon:0.230722

19600-loss_z:0.064518,accu:1.0,loss_recon:0.096907

19600-loss_z:17.345579,accu:0.329114,loss_recon:0.233704

19800-loss_z:0.06153,accu:1.0,loss_recon:0.09578

19800-loss_z:17.556416,accu:0.35443,loss_recon:0.236901

20000-loss_z:0.059904,accu:1.0,loss_recon:0.094432

20000-loss_z:17.751171,accu:0.367089,loss_recon:0.233916

Continue training
New FC model is initialized
200-loss_z:2.599963,accu:0.186632,loss_recon:1.146158

200-loss_z:2.639546,accu:0.075949,loss_recon:0.608877

400-loss_z:1.937645,accu:0.367363,loss_recon:0.321949

400-loss_z:2.590711,accu:0.088608,loss_recon:0.269624

600-loss_z:1.642317,accu:0.475911,loss_recon:0.207682

600-loss_z:2.600365,accu:0.101266,loss_recon:0.2266

800-loss_z:1.448057,accu:0.525918,loss_recon:0.183888

800-loss_z:2.662023,accu:0.113924,loss_recon:0.221557

1000-loss_z:1.309058,accu:0.562962,loss_recon:0.174357

1000-loss_z:2.73884,accu:0.164557,loss_recon:0.217084

1200-loss_z:1.195304,accu:0.596615,loss_recon:0.167211

1200-loss_z:2.839186,accu:0.177215,loss_recon:0.212482

1400-loss_z:1.096832,accu:0.626986,loss_recon:0.162243

1400-loss_z:3.024008,accu:0.21519,loss_recon:0.211566

1600-loss_z:1.015544,accu:0.662585,loss_recon:0.158853

1600-loss_z:3.186484,accu:0.202532,loss_recon:0.214178

1800-loss_z:0.935461,accu:0.709967,loss_recon:0.154786

1800-loss_z:3.398056,accu:0.265823,loss_recon:0.21373

2000-loss_z:0.877955,accu:0.737806,loss_recon:0.152496

2000-loss_z:3.625554,accu:0.265823,loss_recon:0.215119

2200-loss_z:0.820622,accu:0.774388,loss_recon:0.148429

2200-loss_z:3.870743,accu:0.291139,loss_recon:0.214406

2400-loss_z:0.772375,accu:0.794974,loss_recon:0.146149

2400-loss_z:4.109105,accu:0.291139,loss_recon:0.210341

2600-loss_z:0.730645,accu:0.808932,loss_recon:0.144912

2600-loss_z:4.347914,accu:0.303797,loss_recon:0.212536

2800-loss_z:0.68945,accu:0.830391,loss_recon:0.142641

2800-loss_z:4.583973,accu:0.278481,loss_recon:0.215461

3000-loss_z:0.659414,accu:0.835872,loss_recon:0.1417

3000-loss_z:4.862092,accu:0.303797,loss_recon:0.217949

3200-loss_z:0.625544,accu:0.847904,loss_recon:0.140474

3200-loss_z:5.13604,accu:0.329114,loss_recon:0.214087

3400-loss_z:0.598813,accu:0.843809,loss_recon:0.139634

3400-loss_z:5.443259,accu:0.303797,loss_recon:0.217088

3600-loss_z:0.567423,accu:0.860775,loss_recon:0.13884

3600-loss_z:5.721022,accu:0.303797,loss_recon:0.215068

3800-loss_z:0.543153,accu:0.869518,loss_recon:0.138613

3800-loss_z:5.97788,accu:0.316456,loss_recon:0.218576

4000-loss_z:0.527298,accu:0.868424,loss_recon:0.136569

4000-loss_z:6.260804,accu:0.303797,loss_recon:0.21775

4200-loss_z:0.506694,accu:0.872734,loss_recon:0.137612

4200-loss_z:6.53176,accu:0.303797,loss_recon:0.223231

4400-loss_z:0.480772,accu:0.885306,loss_recon:0.134958

4400-loss_z:6.822312,accu:0.303797,loss_recon:0.221347

4600-loss_z:0.464901,accu:0.888574,loss_recon:0.134797

4600-loss_z:7.114576,accu:0.303797,loss_recon:0.220754

4800-loss_z:0.44546,accu:0.894661,loss_recon:0.133244

4800-loss_z:7.422822,accu:0.303797,loss_recon:0.223577

5000-loss_z:0.4272,accu:0.900957,loss_recon:0.13216

5000-loss_z:7.731146,accu:0.291139,loss_recon:0.226179

5200-loss_z:0.415563,accu:0.903717,loss_recon:0.131563

5200-loss_z:7.986073,accu:0.291139,loss_recon:0.224522

5400-loss_z:0.399587,accu:0.914271,loss_recon:0.133343

5400-loss_z:8.302968,accu:0.316456,loss_recon:0.224309

5600-loss_z:0.384493,accu:0.92056,loss_recon:0.132205

5600-loss_z:8.604989,accu:0.316456,loss_recon:0.222575

5800-loss_z:0.37033,accu:0.929648,loss_recon:0.131204

5800-loss_z:8.917355,accu:0.316456,loss_recon:0.223136

6000-loss_z:0.354485,accu:0.935319,loss_recon:0.130984

6000-loss_z:9.209112,accu:0.329114,loss_recon:0.224488

6200-loss_z:0.345596,accu:0.941237,loss_recon:0.127718

6200-loss_z:9.543395,accu:0.329114,loss_recon:0.226984

6400-loss_z:0.334144,accu:0.947806,loss_recon:0.127866

6400-loss_z:9.851727,accu:0.341772,loss_recon:0.230873

6600-loss_z:0.323394,accu:0.947331,loss_recon:0.12641

6600-loss_z:10.141593,accu:0.329114,loss_recon:0.225524

6800-loss_z:0.313965,accu:0.953431,loss_recon:0.125117

6800-loss_z:10.453282,accu:0.341772,loss_recon:0.226684

7000-loss_z:0.303683,accu:0.955879,loss_recon:0.124572

7000-loss_z:10.780832,accu:0.329114,loss_recon:0.224904

7200-loss_z:0.293001,accu:0.954609,loss_recon:0.123723

7200-loss_z:11.072392,accu:0.35443,loss_recon:0.224377

7400-loss_z:0.283788,accu:0.963724,loss_recon:0.122634

7400-loss_z:11.408372,accu:0.303797,loss_recon:0.223764

7600-loss_z:0.27821,accu:0.96123,loss_recon:0.122064

7600-loss_z:11.677015,accu:0.341772,loss_recon:0.222214

7800-loss_z:0.268406,accu:0.964349,loss_recon:0.121285

7800-loss_z:11.981513,accu:0.329114,loss_recon:0.221706

8000-loss_z:0.259289,accu:0.969577,loss_recon:0.120352

8000-loss_z:12.285567,accu:0.329114,loss_recon:0.22038

8200-loss_z:0.252346,accu:0.970951,loss_recon:0.117804

8200-loss_z:12.607391,accu:0.329114,loss_recon:0.217931

8400-loss_z:0.242787,accu:0.973464,loss_recon:0.117604

8400-loss_z:12.908566,accu:0.329114,loss_recon:0.219723

8600-loss_z:0.234517,accu:0.976458,loss_recon:0.11759

8600-loss_z:13.216571,accu:0.329114,loss_recon:0.218231

8800-loss_z:0.22699,accu:0.971621,loss_recon:0.116256

8800-loss_z:13.560185,accu:0.329114,loss_recon:0.219615

9000-loss_z:0.221549,accu:0.97472,loss_recon:0.116209

9000-loss_z:13.843937,accu:0.316456,loss_recon:0.216014

9200-loss_z:0.215413,accu:0.979688,loss_recon:0.115187

9200-loss_z:14.076932,accu:0.316456,loss_recon:0.216214

9400-loss_z:0.20912,accu:0.97959,loss_recon:0.115595

9400-loss_z:14.300059,accu:0.316456,loss_recon:0.214706

9600-loss_z:0.203083,accu:0.982077,loss_recon:0.11281

9600-loss_z:14.590001,accu:0.329114,loss_recon:0.213191

9800-loss_z:0.195711,accu:0.981217,loss_recon:0.111949

9800-loss_z:14.801016,accu:0.341772,loss_recon:0.215213

10000-loss_z:0.190746,accu:0.981979,loss_recon:0.112264

10000-loss_z:14.978543,accu:0.291139,loss_recon:0.216222

10200-loss_z:0.18499,accu:0.982005,loss_recon:0.111188

10200-loss_z:15.184099,accu:0.316456,loss_recon:0.214293

10400-loss_z:0.177732,accu:0.984251,loss_recon:0.110532

10400-loss_z:15.3159,accu:0.329114,loss_recon:0.21075

10600-loss_z:0.174094,accu:0.984733,loss_recon:0.111716

10600-loss_z:15.558803,accu:0.303797,loss_recon:0.214545

10800-loss_z:0.16998,accu:0.98276,loss_recon:0.109629

10800-loss_z:15.849172,accu:0.316456,loss_recon:0.214039

11000-loss_z:0.163465,accu:0.983307,loss_recon:0.110752

11000-loss_z:16.215443,accu:0.316456,loss_recon:0.213363

11200-loss_z:0.160995,accu:0.98276,loss_recon:0.11047

11200-loss_z:16.549374,accu:0.303797,loss_recon:0.210647

11400-loss_z:0.154122,accu:0.983398,loss_recon:0.108695

11400-loss_z:16.959698,accu:0.303797,loss_recon:0.215069

11600-loss_z:0.147809,accu:0.984954,loss_recon:0.108546

11600-loss_z:17.337065,accu:0.303797,loss_recon:0.210842

11800-loss_z:0.144902,accu:0.985547,loss_recon:0.108806

11800-loss_z:17.750444,accu:0.316456,loss_recon:0.21208

12000-loss_z:0.142663,accu:0.986081,loss_recon:0.109227

12000-loss_z:18.188951,accu:0.316456,loss_recon:0.214327

12200-loss_z:0.13584,accu:0.986348,loss_recon:0.108163

12200-loss_z:18.588066,accu:0.303797,loss_recon:0.214499

12400-loss_z:0.133343,accu:0.987702,loss_recon:0.10871

12400-loss_z:18.938356,accu:0.329114,loss_recon:0.212529

12600-loss_z:0.130762,accu:0.986829,loss_recon:0.108005

12600-loss_z:19.322138,accu:0.341772,loss_recon:0.216057

12800-loss_z:0.126512,accu:0.988236,loss_recon:0.108025

12800-loss_z:19.667591,accu:0.329114,loss_recon:0.21266

13000-loss_z:0.122058,accu:0.987956,loss_recon:0.108342

13000-loss_z:19.990076,accu:0.341772,loss_recon:0.21637

13200-loss_z:0.11882,accu:0.987663,loss_recon:0.107893

13200-loss_z:20.454508,accu:0.35443,loss_recon:0.212604

13400-loss_z:0.115804,accu:0.987813,loss_recon:0.107647

13400-loss_z:20.762749,accu:0.329114,loss_recon:0.212187

13600-loss_z:0.111989,accu:0.989186,loss_recon:0.108245

13600-loss_z:21.063852,accu:0.329114,loss_recon:0.212499

13800-loss_z:0.109647,accu:0.990124,loss_recon:0.107862

13800-loss_z:21.411606,accu:0.341772,loss_recon:0.208648

14000-loss_z:0.105858,accu:0.990501,loss_recon:0.108074

14000-loss_z:21.741076,accu:0.329114,loss_recon:0.208493

14200-loss_z:0.102569,accu:0.992741,loss_recon:0.107699

14200-loss_z:22.091673,accu:0.316456,loss_recon:0.212621

14400-loss_z:0.100312,accu:0.993203,loss_recon:0.106942

14400-loss_z:22.3444,accu:0.329114,loss_recon:0.208484

14600-loss_z:0.097266,accu:0.993789,loss_recon:0.108021

14600-loss_z:22.670788,accu:0.329114,loss_recon:0.209149

14800-loss_z:0.09293,accu:0.992676,loss_recon:0.107121

14800-loss_z:22.916052,accu:0.329114,loss_recon:0.207644

15000-loss_z:0.091472,accu:0.993477,loss_recon:0.106858

15000-loss_z:23.212715,accu:0.329114,loss_recon:0.211072

15200-loss_z:0.090047,accu:0.993952,loss_recon:0.107493

15200-loss_z:23.453011,accu:0.329114,loss_recon:0.207133

15400-loss_z:0.086473,accu:0.996543,loss_recon:0.106305

15400-loss_z:23.560291,accu:0.316456,loss_recon:0.208581

15600-loss_z:0.085455,accu:0.994141,loss_recon:0.106566

15600-loss_z:23.788263,accu:0.316456,loss_recon:0.208336

15800-loss_z:0.081436,accu:0.996849,loss_recon:0.106845

15800-loss_z:23.868193,accu:0.316456,loss_recon:0.211702

16000-loss_z:0.079689,accu:0.9975,loss_recon:0.107074

16000-loss_z:24.004471,accu:0.316456,loss_recon:0.208672

16200-loss_z:0.077458,accu:0.997656,loss_recon:0.106411

16200-loss_z:24.165169,accu:0.316456,loss_recon:0.210606

16400-loss_z:0.074354,accu:0.997852,loss_recon:0.105906

16400-loss_z:24.28153,accu:0.329114,loss_recon:0.207401

16600-loss_z:0.071915,accu:0.997096,loss_recon:0.106177

16600-loss_z:24.405577,accu:0.316456,loss_recon:0.21089

16800-loss_z:0.069316,accu:0.997878,loss_recon:0.10642

16800-loss_z:24.564903,accu:0.316456,loss_recon:0.210566

17000-loss_z:0.06817,accu:0.998757,loss_recon:0.106591

17000-loss_z:24.729715,accu:0.329114,loss_recon:0.205212

17200-loss_z:0.066555,accu:0.99972,loss_recon:0.106226

17200-loss_z:24.824411,accu:0.316456,loss_recon:0.207476

17400-loss_z:0.063562,accu:0.999362,loss_recon:0.106685

17400-loss_z:24.947002,accu:0.316456,loss_recon:0.207605

17600-loss_z:0.062411,accu:0.999329,loss_recon:0.106988

17600-loss_z:25.097862,accu:0.329114,loss_recon:0.208583

17800-loss_z:0.060941,accu:0.999609,loss_recon:0.105493

17800-loss_z:25.257683,accu:0.329114,loss_recon:0.210277

18000-loss_z:0.058237,accu:0.999544,loss_recon:0.106618

18000-loss_z:25.365755,accu:0.316456,loss_recon:0.204711

18200-loss_z:0.056579,accu:0.999941,loss_recon:0.105265

18200-loss_z:25.497732,accu:0.316456,loss_recon:0.205616

18400-loss_z:0.055397,accu:0.999505,loss_recon:0.104725

18400-loss_z:25.659069,accu:0.303797,loss_recon:0.219759

18600-loss_z:0.054403,accu:0.999329,loss_recon:0.105922

18600-loss_z:25.74345,accu:0.329114,loss_recon:0.211185

18800-loss_z:0.052058,accu:0.999531,loss_recon:0.106065

18800-loss_z:25.890551,accu:0.316456,loss_recon:0.204103

19000-loss_z:0.050671,accu:1.0,loss_recon:0.105847

19000-loss_z:25.961456,accu:0.316456,loss_recon:0.209288

19200-loss_z:0.049009,accu:1.0,loss_recon:0.105916

19200-loss_z:26.058702,accu:0.329114,loss_recon:0.20926

19400-loss_z:0.047914,accu:0.999896,loss_recon:0.105751

19400-loss_z:26.242722,accu:0.316456,loss_recon:0.207238

19600-loss_z:0.046565,accu:0.999896,loss_recon:0.105651

19600-loss_z:26.311165,accu:0.316456,loss_recon:0.212585

19800-loss_z:0.044834,accu:0.999733,loss_recon:0.104677

19800-loss_z:26.409124,accu:0.303797,loss_recon:0.207453

20000-loss_z:0.043498,accu:0.999857,loss_recon:0.104523

20000-loss_z:26.5807,accu:0.303797,loss_recon:0.212469

Continue training
New FC model is initialized
200-loss_z:2.680506,accu:0.134834,loss_recon:0.973919

200-loss_z:2.776355,accu:0.075949,loss_recon:0.559159

400-loss_z:2.029756,accu:0.31123,loss_recon:0.34616

400-loss_z:2.635996,accu:0.075949,loss_recon:0.320577

600-loss_z:1.659071,accu:0.419609,loss_recon:0.230495

600-loss_z:2.574589,accu:0.113924,loss_recon:0.25291

800-loss_z:1.458642,accu:0.499167,loss_recon:0.198271

800-loss_z:2.546346,accu:0.113924,loss_recon:0.229582

1000-loss_z:1.318186,accu:0.534004,loss_recon:0.181992

1000-loss_z:2.571965,accu:0.113924,loss_recon:0.20771

1200-loss_z:1.207429,accu:0.586478,loss_recon:0.173666

1200-loss_z:2.656528,accu:0.151899,loss_recon:0.205729

1400-loss_z:1.120718,accu:0.613184,loss_recon:0.166345

1400-loss_z:2.747088,accu:0.164557,loss_recon:0.207995

1600-loss_z:1.050349,accu:0.632676,loss_recon:0.159069

1600-loss_z:2.870701,accu:0.151899,loss_recon:0.211349

1800-loss_z:0.984371,accu:0.655879,loss_recon:0.155048

1800-loss_z:3.031635,accu:0.164557,loss_recon:0.205617

2000-loss_z:0.935922,accu:0.679486,loss_recon:0.152285

2000-loss_z:3.208013,accu:0.164557,loss_recon:0.208824

2200-loss_z:0.882499,accu:0.701999,loss_recon:0.147811

2200-loss_z:3.418962,accu:0.151899,loss_recon:0.213543

2400-loss_z:0.843306,accu:0.71694,loss_recon:0.14465

2400-loss_z:3.608834,accu:0.202532,loss_recon:0.211375

2600-loss_z:0.797157,accu:0.748438,loss_recon:0.142447

2600-loss_z:3.843348,accu:0.164557,loss_recon:0.216897

2800-loss_z:0.760871,accu:0.763223,loss_recon:0.14095

2800-loss_z:4.057641,accu:0.177215,loss_recon:0.215558

3000-loss_z:0.729873,accu:0.782422,loss_recon:0.138141

3000-loss_z:4.222642,accu:0.164557,loss_recon:0.207084

3200-loss_z:0.69201,accu:0.79543,loss_recon:0.137193

3200-loss_z:4.343183,accu:0.151899,loss_recon:0.212189

3400-loss_z:0.662759,accu:0.81806,loss_recon:0.135427

3400-loss_z:4.478948,accu:0.177215,loss_recon:0.210535

3600-loss_z:0.63206,accu:0.835716,loss_recon:0.133727

3600-loss_z:4.619331,accu:0.189873,loss_recon:0.205882

3800-loss_z:0.603808,accu:0.850182,loss_recon:0.131784

3800-loss_z:4.789754,accu:0.202532,loss_recon:0.208703

4000-loss_z:0.580222,accu:0.855684,loss_recon:0.131303

4000-loss_z:4.932133,accu:0.202532,loss_recon:0.204104

4200-loss_z:0.554621,accu:0.868574,loss_recon:0.129126

4200-loss_z:5.114918,accu:0.177215,loss_recon:0.206883

4400-loss_z:0.531422,accu:0.881979,loss_recon:0.127195

4400-loss_z:5.290606,accu:0.21519,loss_recon:0.204992

4600-loss_z:0.51184,accu:0.89627,loss_recon:0.126299

4600-loss_z:5.485246,accu:0.202532,loss_recon:0.201542

4800-loss_z:0.491694,accu:0.905885,loss_recon:0.125211

4800-loss_z:5.727563,accu:0.21519,loss_recon:0.200553

5000-loss_z:0.474074,accu:0.909264,loss_recon:0.124407

5000-loss_z:5.937047,accu:0.202532,loss_recon:0.201798

5200-loss_z:0.452558,accu:0.91513,loss_recon:0.123836

5200-loss_z:6.166598,accu:0.240506,loss_recon:0.203124

5400-loss_z:0.439746,accu:0.91875,loss_recon:0.123506

5400-loss_z:6.421098,accu:0.21519,loss_recon:0.20314

5600-loss_z:0.420603,accu:0.922695,loss_recon:0.121753

5600-loss_z:6.666552,accu:0.227848,loss_recon:0.202207

5800-loss_z:0.406874,accu:0.923639,loss_recon:0.121036

5800-loss_z:6.908694,accu:0.253165,loss_recon:0.205584

6000-loss_z:0.394589,accu:0.931699,loss_recon:0.122198

6000-loss_z:7.187617,accu:0.227848,loss_recon:0.20277

6200-loss_z:0.377287,accu:0.934701,loss_recon:0.122473

6200-loss_z:7.448468,accu:0.265823,loss_recon:0.206969

6400-loss_z:0.367844,accu:0.938672,loss_recon:0.12013

6400-loss_z:7.711007,accu:0.240506,loss_recon:0.207271

6600-loss_z:0.354172,accu:0.937988,loss_recon:0.119856

6600-loss_z:7.926791,accu:0.265823,loss_recon:0.2034

6800-loss_z:0.340907,accu:0.950938,loss_recon:0.120054

6800-loss_z:8.237482,accu:0.265823,loss_recon:0.206468

7000-loss_z:0.336168,accu:0.94873,loss_recon:0.117413

7000-loss_z:8.476675,accu:0.265823,loss_recon:0.207989

7200-loss_z:0.324172,accu:0.949401,loss_recon:0.117028

7200-loss_z:8.746464,accu:0.291139,loss_recon:0.206304

7400-loss_z:0.311909,accu:0.952057,loss_recon:0.117353

7400-loss_z:9.004016,accu:0.278481,loss_recon:0.205678

7600-loss_z:0.303765,accu:0.95457,loss_recon:0.118044

7600-loss_z:9.258665,accu:0.265823,loss_recon:0.206534

7800-loss_z:0.296718,accu:0.956146,loss_recon:0.11827

7800-loss_z:9.510221,accu:0.303797,loss_recon:0.204498

8000-loss_z:0.286156,accu:0.957988,loss_recon:0.115806

8000-loss_z:9.751684,accu:0.265823,loss_recon:0.204401

8200-loss_z:0.279269,accu:0.964232,loss_recon:0.115323

8200-loss_z:10.013903,accu:0.291139,loss_recon:0.208415

8400-loss_z:0.269704,accu:0.960586,loss_recon:0.117055

8400-loss_z:10.254505,accu:0.278481,loss_recon:0.206392

8600-loss_z:0.261477,accu:0.966966,loss_recon:0.116176

8600-loss_z:10.502443,accu:0.291139,loss_recon:0.206707

8800-loss_z:0.253167,accu:0.974082,loss_recon:0.115625

8800-loss_z:10.729131,accu:0.291139,loss_recon:0.207373

9000-loss_z:0.24775,accu:0.973385,loss_recon:0.115207

9000-loss_z:10.981027,accu:0.278481,loss_recon:0.20538

9200-loss_z:0.243493,accu:0.974271,loss_recon:0.114246

9200-loss_z:11.208186,accu:0.265823,loss_recon:0.206362

9400-loss_z:0.233635,accu:0.978444,loss_recon:0.11531

9400-loss_z:11.443097,accu:0.278481,loss_recon:0.208484

9600-loss_z:0.228173,accu:0.977793,loss_recon:0.115075

9600-loss_z:11.654945,accu:0.291139,loss_recon:0.206643

9800-loss_z:0.220827,accu:0.981823,loss_recon:0.114313

9800-loss_z:11.883245,accu:0.291139,loss_recon:0.209826

10000-loss_z:0.21707,accu:0.979453,loss_recon:0.114319

10000-loss_z:12.080259,accu:0.278481,loss_recon:0.211811

10200-loss_z:0.209698,accu:0.982246,loss_recon:0.114528

10200-loss_z:12.305399,accu:0.278481,loss_recon:0.207047

10400-loss_z:0.207114,accu:0.98429,loss_recon:0.114888

10400-loss_z:12.485113,accu:0.278481,loss_recon:0.205927

10600-loss_z:0.199123,accu:0.981283,loss_recon:0.113388

10600-loss_z:12.674828,accu:0.278481,loss_recon:0.209958

10800-loss_z:0.194371,accu:0.982982,loss_recon:0.113277

10800-loss_z:12.881414,accu:0.278481,loss_recon:0.210897

11000-loss_z:0.190359,accu:0.984453,loss_recon:0.113565

11000-loss_z:13.045191,accu:0.278481,loss_recon:0.209698

11200-loss_z:0.183157,accu:0.983796,loss_recon:0.113448

11200-loss_z:13.265705,accu:0.278481,loss_recon:0.209218

11400-loss_z:0.178938,accu:0.985221,loss_recon:0.112525

11400-loss_z:13.4219,accu:0.265823,loss_recon:0.208876

11600-loss_z:0.174649,accu:0.985508,loss_recon:0.113733

11600-loss_z:13.638485,accu:0.265823,loss_recon:0.210203

11800-loss_z:0.170765,accu:0.986478,loss_recon:0.112785

11800-loss_z:13.763213,accu:0.291139,loss_recon:0.213112

12000-loss_z:0.167209,accu:0.988145,loss_recon:0.112515

12000-loss_z:13.978333,accu:0.278481,loss_recon:0.21123

12200-loss_z:0.164319,accu:0.984622,loss_recon:0.113862

12200-loss_z:14.184324,accu:0.265823,loss_recon:0.216494

12400-loss_z:0.159145,accu:0.986081,loss_recon:0.112473

12400-loss_z:14.361129,accu:0.265823,loss_recon:0.216281

12600-loss_z:0.155752,accu:0.988457,loss_recon:0.111929

12600-loss_z:14.540839,accu:0.265823,loss_recon:0.216883

12800-loss_z:0.151034,accu:0.987526,loss_recon:0.113082

12800-loss_z:14.743081,accu:0.265823,loss_recon:0.218163

13000-loss_z:0.1472,accu:0.987396,loss_recon:0.110065

13000-loss_z:14.90256,accu:0.265823,loss_recon:0.21673

13200-loss_z:0.143461,accu:0.990404,loss_recon:0.110102

13200-loss_z:15.12422,accu:0.265823,loss_recon:0.217516

13400-loss_z:0.141989,accu:0.98778,loss_recon:0.111847

13400-loss_z:15.345407,accu:0.278481,loss_recon:0.219763

13600-loss_z:0.138773,accu:0.987721,loss_recon:0.111962

13600-loss_z:15.527551,accu:0.265823,loss_recon:0.21998

13800-loss_z:0.132908,accu:0.991309,loss_recon:0.11118

13800-loss_z:15.69657,accu:0.278481,loss_recon:0.22162

14000-loss_z:0.130567,accu:0.992773,loss_recon:0.112024

14000-loss_z:15.923409,accu:0.278481,loss_recon:0.227027

14200-loss_z:0.127679,accu:0.991576,loss_recon:0.110511

14200-loss_z:16.14604,accu:0.278481,loss_recon:0.218851

14400-loss_z:0.123302,accu:0.992116,loss_recon:0.11086

14400-loss_z:16.351421,accu:0.265823,loss_recon:0.219277

14600-loss_z:0.121368,accu:0.992728,loss_recon:0.111722

14600-loss_z:16.547897,accu:0.278481,loss_recon:0.22609

14800-loss_z:0.11823,accu:0.992891,loss_recon:0.111329

14800-loss_z:16.780602,accu:0.278481,loss_recon:0.227918

15000-loss_z:0.116552,accu:0.989629,loss_recon:0.110764

15000-loss_z:16.959822,accu:0.291139,loss_recon:0.229331

15200-loss_z:0.111419,accu:0.993652,loss_recon:0.111201

15200-loss_z:17.151711,accu:0.278481,loss_recon:0.227915

15400-loss_z:0.108501,accu:0.993633,loss_recon:0.110638

15400-loss_z:17.389526,accu:0.278481,loss_recon:0.226403

15600-loss_z:0.106726,accu:0.992917,loss_recon:0.110463

15600-loss_z:17.62923,accu:0.278481,loss_recon:0.22343

15800-loss_z:0.104368,accu:0.993542,loss_recon:0.110672

15800-loss_z:17.820061,accu:0.278481,loss_recon:0.2276

16000-loss_z:0.100565,accu:0.994082,loss_recon:0.110191

16000-loss_z:18.050089,accu:0.291139,loss_recon:0.223143

16200-loss_z:0.097886,accu:0.994824,loss_recon:0.109949

16200-loss_z:18.284676,accu:0.278481,loss_recon:0.225831

16400-loss_z:0.095263,accu:0.995508,loss_recon:0.109702

16400-loss_z:18.524006,accu:0.278481,loss_recon:0.225927

16600-loss_z:0.093892,accu:0.995638,loss_recon:0.109537

16600-loss_z:18.716068,accu:0.278481,loss_recon:0.227871

16800-loss_z:0.091697,accu:0.995996,loss_recon:0.110189

16800-loss_z:18.956511,accu:0.278481,loss_recon:0.232881

17000-loss_z:0.089299,accu:0.996966,loss_recon:0.110075

17000-loss_z:19.139679,accu:0.278481,loss_recon:0.229385

17200-loss_z:0.0869,accu:0.99765,loss_recon:0.110571

17200-loss_z:19.396441,accu:0.278481,loss_recon:0.227962

17400-loss_z:0.084804,accu:0.99821,loss_recon:0.109451

17400-loss_z:19.579191,accu:0.278481,loss_recon:0.229138

17600-loss_z:0.081712,accu:0.997552,loss_recon:0.110273

17600-loss_z:19.807821,accu:0.278481,loss_recon:0.227659

17800-loss_z:0.07914,accu:0.997233,loss_recon:0.109115

17800-loss_z:19.976452,accu:0.265823,loss_recon:0.236018

18000-loss_z:0.076628,accu:0.997702,loss_recon:0.108479

18000-loss_z:20.19747,accu:0.265823,loss_recon:0.228795

18200-loss_z:0.076415,accu:0.999577,loss_recon:0.108691

18200-loss_z:20.459593,accu:0.278481,loss_recon:0.23234

18400-loss_z:0.073311,accu:0.999199,loss_recon:0.106902

18400-loss_z:20.630489,accu:0.265823,loss_recon:0.232086

18600-loss_z:0.070654,accu:1.0,loss_recon:0.109011

18600-loss_z:20.871605,accu:0.265823,loss_recon:0.232408

18800-loss_z:0.069822,accu:1.0,loss_recon:0.10727

18800-loss_z:21.101835,accu:0.265823,loss_recon:0.233629

19000-loss_z:0.066701,accu:1.0,loss_recon:0.106992

19000-loss_z:21.326805,accu:0.265823,loss_recon:0.232242

19200-loss_z:0.065429,accu:1.0,loss_recon:0.108331

19200-loss_z:21.55254,accu:0.265823,loss_recon:0.235615

19400-loss_z:0.063511,accu:1.0,loss_recon:0.107598

19400-loss_z:21.819822,accu:0.265823,loss_recon:0.232804

19600-loss_z:0.061217,accu:1.0,loss_recon:0.106884

19600-loss_z:22.049833,accu:0.278481,loss_recon:0.231852

19800-loss_z:0.058797,accu:1.0,loss_recon:0.107468

19800-loss_z:22.263075,accu:0.265823,loss_recon:0.232401

20000-loss_z:0.05773,accu:1.0,loss_recon:0.106745

20000-loss_z:22.507015,accu:0.265823,loss_recon:0.235264

Continue training
New FC model is initialized
200-loss_z:2.628902,accu:0.182492,loss_recon:0.906891

200-loss_z:2.708669,accu:0.063291,loss_recon:0.489707

400-loss_z:1.935054,accu:0.367585,loss_recon:0.334566

400-loss_z:2.626367,accu:0.088608,loss_recon:0.282021

600-loss_z:1.596994,accu:0.483926,loss_recon:0.220516

600-loss_z:2.629683,accu:0.177215,loss_recon:0.219268

800-loss_z:1.402099,accu:0.534349,loss_recon:0.18917

800-loss_z:2.671079,accu:0.189873,loss_recon:0.196094

1000-loss_z:1.26583,accu:0.556979,loss_recon:0.172705

1000-loss_z:2.725713,accu:0.202532,loss_recon:0.196408

1200-loss_z:1.155526,accu:0.602826,loss_recon:0.159789

1200-loss_z:2.821692,accu:0.177215,loss_recon:0.19344

1400-loss_z:1.067564,accu:0.635384,loss_recon:0.14844

1400-loss_z:2.918603,accu:0.164557,loss_recon:0.195303

1600-loss_z:0.994234,accu:0.659603,loss_recon:0.139208

1600-loss_z:3.03451,accu:0.21519,loss_recon:0.192689

1800-loss_z:0.936813,accu:0.673262,loss_recon:0.134304

1800-loss_z:3.1816,accu:0.253165,loss_recon:0.193647

2000-loss_z:0.88132,accu:0.688034,loss_recon:0.128982

2000-loss_z:3.368256,accu:0.227848,loss_recon:0.200124

2200-loss_z:0.832946,accu:0.705182,loss_recon:0.126375

2200-loss_z:3.527876,accu:0.253165,loss_recon:0.201088

2400-loss_z:0.786422,accu:0.720221,loss_recon:0.124199

2400-loss_z:3.726359,accu:0.265823,loss_recon:0.209051

2600-loss_z:0.754155,accu:0.742904,loss_recon:0.121564

2600-loss_z:3.932947,accu:0.278481,loss_recon:0.206969

2800-loss_z:0.715917,accu:0.768379,loss_recon:0.118756

2800-loss_z:4.110086,accu:0.303797,loss_recon:0.213675

3000-loss_z:0.685045,accu:0.78929,loss_recon:0.115214

3000-loss_z:4.335501,accu:0.291139,loss_recon:0.209827

3200-loss_z:0.651093,accu:0.803639,loss_recon:0.114306

3200-loss_z:4.554276,accu:0.291139,loss_recon:0.216511

3400-loss_z:0.625091,accu:0.829206,loss_recon:0.112637

3400-loss_z:4.802716,accu:0.291139,loss_recon:0.215596

3600-loss_z:0.596595,accu:0.83916,loss_recon:0.112354

3600-loss_z:4.999168,accu:0.303797,loss_recon:0.220818

3800-loss_z:0.573988,accu:0.852956,loss_recon:0.111006

3800-loss_z:5.202386,accu:0.291139,loss_recon:0.221925

4000-loss_z:0.545069,accu:0.868392,loss_recon:0.11127

4000-loss_z:5.429441,accu:0.316456,loss_recon:0.218454

4200-loss_z:0.52271,accu:0.883405,loss_recon:0.110086

4200-loss_z:5.638221,accu:0.303797,loss_recon:0.219539

4400-loss_z:0.500465,accu:0.885983,loss_recon:0.111359

4400-loss_z:5.882824,accu:0.341772,loss_recon:0.219347

4600-loss_z:0.482186,accu:0.905456,loss_recon:0.111325

4600-loss_z:6.10618,accu:0.316456,loss_recon:0.221871

4800-loss_z:0.464041,accu:0.907728,loss_recon:0.110587

4800-loss_z:6.337764,accu:0.316456,loss_recon:0.223762

5000-loss_z:0.443593,accu:0.921497,loss_recon:0.108869

5000-loss_z:6.562895,accu:0.329114,loss_recon:0.219704

5200-loss_z:0.429356,accu:0.923151,loss_recon:0.10993

5200-loss_z:6.759906,accu:0.316456,loss_recon:0.221271

5400-loss_z:0.411788,accu:0.930378,loss_recon:0.109929

5400-loss_z:6.970169,accu:0.278481,loss_recon:0.218362

5600-loss_z:0.395051,accu:0.935846,loss_recon:0.108012

5600-loss_z:7.184553,accu:0.316456,loss_recon:0.219539

5800-loss_z:0.378102,accu:0.946803,loss_recon:0.108171

5800-loss_z:7.387904,accu:0.329114,loss_recon:0.220429

6000-loss_z:0.368039,accu:0.948327,loss_recon:0.108648

6000-loss_z:7.605899,accu:0.341772,loss_recon:0.219622

6200-loss_z:0.352652,accu:0.957799,loss_recon:0.108305

6200-loss_z:7.820804,accu:0.341772,loss_recon:0.221781

6400-loss_z:0.343737,accu:0.957943,loss_recon:0.107644

6400-loss_z:8.009682,accu:0.341772,loss_recon:0.217149

6600-loss_z:0.327802,accu:0.968027,loss_recon:0.108207

6600-loss_z:8.216279,accu:0.35443,loss_recon:0.218044

6800-loss_z:0.320007,accu:0.971016,loss_recon:0.108019

6800-loss_z:8.449038,accu:0.341772,loss_recon:0.225927

7000-loss_z:0.304991,accu:0.972975,loss_recon:0.106833

7000-loss_z:8.639496,accu:0.367089,loss_recon:0.218851

7200-loss_z:0.292428,accu:0.978125,loss_recon:0.107287

7200-loss_z:8.846498,accu:0.367089,loss_recon:0.217608

7400-loss_z:0.280903,accu:0.978132,loss_recon:0.107051

7400-loss_z:9.052102,accu:0.367089,loss_recon:0.217672

7600-loss_z:0.270204,accu:0.981029,loss_recon:0.106333

7600-loss_z:9.29139,accu:0.341772,loss_recon:0.218537

7800-loss_z:0.262814,accu:0.983477,loss_recon:0.107305

7800-loss_z:9.509101,accu:0.303797,loss_recon:0.21689

8000-loss_z:0.252991,accu:0.984714,loss_recon:0.107066

8000-loss_z:9.704498,accu:0.316456,loss_recon:0.219177

8200-loss_z:0.243806,accu:0.984753,loss_recon:0.106222

8200-loss_z:9.951062,accu:0.329114,loss_recon:0.217293

8400-loss_z:0.235375,accu:0.984811,loss_recon:0.107314

8400-loss_z:10.156761,accu:0.329114,loss_recon:0.215748

8600-loss_z:0.227243,accu:0.984831,loss_recon:0.107121

8600-loss_z:10.430032,accu:0.303797,loss_recon:0.218749

8800-loss_z:0.215636,accu:0.986673,loss_recon:0.106662

8800-loss_z:10.64468,accu:0.316456,loss_recon:0.216802

9000-loss_z:0.209485,accu:0.986654,loss_recon:0.105702

9000-loss_z:10.851561,accu:0.329114,loss_recon:0.220762

9200-loss_z:0.201378,accu:0.988483,loss_recon:0.106596

9200-loss_z:11.044131,accu:0.316456,loss_recon:0.219122

9400-loss_z:0.192452,accu:0.989355,loss_recon:0.106431

9400-loss_z:11.243986,accu:0.329114,loss_recon:0.218288

9600-loss_z:0.185005,accu:0.990007,loss_recon:0.106652

9600-loss_z:11.464154,accu:0.329114,loss_recon:0.219241

9800-loss_z:0.179545,accu:0.989453,loss_recon:0.106593

9800-loss_z:11.630828,accu:0.329114,loss_recon:0.221079

10000-loss_z:0.173158,accu:0.990508,loss_recon:0.106974

10000-loss_z:11.850199,accu:0.341772,loss_recon:0.220541

10200-loss_z:0.166675,accu:0.992129,loss_recon:0.106748

10200-loss_z:12.016734,accu:0.316456,loss_recon:0.220311

10400-loss_z:0.159636,accu:0.993835,loss_recon:0.105824

10400-loss_z:12.282672,accu:0.316456,loss_recon:0.224151

10600-loss_z:0.15331,accu:0.994232,loss_recon:0.106569

10600-loss_z:12.459655,accu:0.303797,loss_recon:0.21635

10800-loss_z:0.149604,accu:0.993333,loss_recon:0.10577

10800-loss_z:12.601888,accu:0.303797,loss_recon:0.217167

11000-loss_z:0.143455,accu:0.993132,loss_recon:0.104738

11000-loss_z:12.837304,accu:0.303797,loss_recon:0.219666

11200-loss_z:0.137941,accu:0.993809,loss_recon:0.105291

11200-loss_z:13.016517,accu:0.303797,loss_recon:0.218063

11400-loss_z:0.132628,accu:0.99373,loss_recon:0.105445

11400-loss_z:13.270432,accu:0.329114,loss_recon:0.215567

11600-loss_z:0.128325,accu:0.993893,loss_recon:0.104102

11600-loss_z:13.478411,accu:0.303797,loss_recon:0.216328

11800-loss_z:0.124929,accu:0.993639,loss_recon:0.104465

11800-loss_z:13.653727,accu:0.316456,loss_recon:0.218855

12000-loss_z:0.119346,accu:0.993301,loss_recon:0.104092

12000-loss_z:13.842058,accu:0.316456,loss_recon:0.225281

12200-loss_z:0.116074,accu:0.993132,loss_recon:0.103147

12200-loss_z:14.013868,accu:0.316456,loss_recon:0.222553

12400-loss_z:0.111194,accu:0.992454,loss_recon:0.10435

12400-loss_z:14.160378,accu:0.316456,loss_recon:0.223362

12600-loss_z:0.106202,accu:0.99347,loss_recon:0.103341

12600-loss_z:14.335262,accu:0.316456,loss_recon:0.219105

12800-loss_z:0.103432,accu:0.993086,loss_recon:0.103889

12800-loss_z:14.481154,accu:0.316456,loss_recon:0.224853

13000-loss_z:0.098718,accu:0.993047,loss_recon:0.103507

13000-loss_z:14.713011,accu:0.329114,loss_recon:0.224174

13200-loss_z:0.094627,accu:0.993815,loss_recon:0.10304

13200-loss_z:14.909377,accu:0.329114,loss_recon:0.221607

13400-loss_z:0.091737,accu:0.993724,loss_recon:0.103393

13400-loss_z:15.098077,accu:0.329114,loss_recon:0.221907

13600-loss_z:0.087939,accu:0.993112,loss_recon:0.102346

13600-loss_z:15.318641,accu:0.329114,loss_recon:0.223344

13800-loss_z:0.08399,accu:0.994577,loss_recon:0.103272

13800-loss_z:15.471617,accu:0.329114,loss_recon:0.219851

14000-loss_z:0.081756,accu:0.993945,loss_recon:0.103371

14000-loss_z:15.692248,accu:0.329114,loss_recon:0.221464

14200-loss_z:0.077246,accu:0.994707,loss_recon:0.102917

14200-loss_z:15.917527,accu:0.316456,loss_recon:0.222403

14400-loss_z:0.075738,accu:0.994772,loss_recon:0.103321

14400-loss_z:16.105078,accu:0.329114,loss_recon:0.223213

14600-loss_z:0.071107,accu:0.996029,loss_recon:0.103426

14600-loss_z:16.327408,accu:0.316456,loss_recon:0.21958

14800-loss_z:0.069713,accu:0.996908,loss_recon:0.103344

14800-loss_z:16.54351,accu:0.316456,loss_recon:0.220568

15000-loss_z:0.06672,accu:0.996126,loss_recon:0.102966

15000-loss_z:16.733461,accu:0.316456,loss_recon:0.220326

15200-loss_z:0.064452,accu:0.997428,loss_recon:0.102983

15200-loss_z:16.913115,accu:0.316456,loss_recon:0.218204

15400-loss_z:0.06214,accu:0.998516,loss_recon:0.102269

15400-loss_z:17.156569,accu:0.316456,loss_recon:0.222284

15600-loss_z:0.058821,accu:0.998652,loss_recon:0.102354

15600-loss_z:17.327868,accu:0.329114,loss_recon:0.222584

15800-loss_z:0.056396,accu:0.999844,loss_recon:0.102897

15800-loss_z:17.530087,accu:0.341772,loss_recon:0.226223

16000-loss_z:0.054171,accu:0.999759,loss_recon:0.103009

16000-loss_z:17.818195,accu:0.329114,loss_recon:0.223208

16200-loss_z:0.051959,accu:0.999688,loss_recon:0.102802

16200-loss_z:17.996532,accu:0.316456,loss_recon:0.22259

16400-loss_z:0.050354,accu:0.999883,loss_recon:0.102295

16400-loss_z:18.222931,accu:0.379747,loss_recon:0.220077

16600-loss_z:0.048093,accu:1.0,loss_recon:0.102097

16600-loss_z:18.445284,accu:0.379747,loss_recon:0.219196

16800-loss_z:0.046639,accu:0.999837,loss_recon:0.102054

16800-loss_z:18.641151,accu:0.367089,loss_recon:0.223936

17000-loss_z:0.044384,accu:1.0,loss_recon:0.101271

17000-loss_z:18.890669,accu:0.341772,loss_recon:0.221115

17200-loss_z:0.042742,accu:1.0,loss_recon:0.102629

17200-loss_z:19.093042,accu:0.35443,loss_recon:0.220429

17400-loss_z:0.040272,accu:1.0,loss_recon:0.10234

17400-loss_z:19.281605,accu:0.35443,loss_recon:0.224453

17600-loss_z:0.03906,accu:1.0,loss_recon:0.103169

17600-loss_z:19.503729,accu:0.329114,loss_recon:0.220382

17800-loss_z:0.03798,accu:1.0,loss_recon:0.102169

17800-loss_z:19.725454,accu:0.35443,loss_recon:0.22121

18000-loss_z:0.035763,accu:1.0,loss_recon:0.102237

18000-loss_z:19.91618,accu:0.35443,loss_recon:0.218055

18200-loss_z:0.034272,accu:1.0,loss_recon:0.101357

18200-loss_z:20.110834,accu:0.329114,loss_recon:0.219133

18400-loss_z:0.033016,accu:1.0,loss_recon:0.102562

18400-loss_z:20.383026,accu:0.341772,loss_recon:0.221682

18600-loss_z:0.03185,accu:1.0,loss_recon:0.102529

18600-loss_z:20.529942,accu:0.341772,loss_recon:0.2225

18800-loss_z:0.030279,accu:1.0,loss_recon:0.102625

18800-loss_z:20.716412,accu:0.341772,loss_recon:0.219512

19000-loss_z:0.028497,accu:1.0,loss_recon:0.102504

19000-loss_z:21.015963,accu:0.341772,loss_recon:0.220911

19200-loss_z:0.027405,accu:1.0,loss_recon:0.10276

19200-loss_z:21.25087,accu:0.329114,loss_recon:0.226795

19400-loss_z:0.026235,accu:1.0,loss_recon:0.101893

19400-loss_z:21.502348,accu:0.341772,loss_recon:0.219859

19600-loss_z:0.025331,accu:1.0,loss_recon:0.102093

19600-loss_z:21.706892,accu:0.341772,loss_recon:0.22281

19800-loss_z:0.023748,accu:1.0,loss_recon:0.102362

19800-loss_z:22.027578,accu:0.329114,loss_recon:0.220557

20000-loss_z:0.023228,accu:1.0,loss_recon:0.102071

20000-loss_z:22.318464,accu:0.341772,loss_recon:0.222342

Continue training
New FC model is initialized
200-loss_z:2.616553,accu:0.162961,loss_recon:0.964437

200-loss_z:2.610829,accu:0.139241,loss_recon:0.539299

400-loss_z:1.94268,accu:0.355059,loss_recon:0.302664

400-loss_z:2.447631,accu:0.126582,loss_recon:0.296441

600-loss_z:1.601682,accu:0.464388,loss_recon:0.225268

600-loss_z:2.376095,accu:0.151899,loss_recon:0.264072

800-loss_z:1.390457,accu:0.541569,loss_recon:0.206316

800-loss_z:2.349346,accu:0.164557,loss_recon:0.252195

1000-loss_z:1.239717,accu:0.609987,loss_recon:0.191476

1000-loss_z:2.36026,accu:0.151899,loss_recon:0.247022

1200-loss_z:1.124184,accu:0.649525,loss_recon:0.180837

1200-loss_z:2.43563,accu:0.227848,loss_recon:0.241891

1400-loss_z:1.028391,accu:0.677461,loss_recon:0.168192

1400-loss_z:2.484521,accu:0.21519,loss_recon:0.238219

1600-loss_z:0.954175,accu:0.711803,loss_recon:0.161004

1600-loss_z:2.554522,accu:0.265823,loss_recon:0.241621

1800-loss_z:0.884334,accu:0.74873,loss_recon:0.15797

1800-loss_z:2.6522,accu:0.265823,loss_recon:0.238557

2000-loss_z:0.830155,accu:0.766029,loss_recon:0.154779

2000-loss_z:2.740778,accu:0.278481,loss_recon:0.237389

2200-loss_z:0.778807,accu:0.786576,loss_recon:0.153751

2200-loss_z:2.872604,accu:0.316456,loss_recon:0.239081

2400-loss_z:0.736421,accu:0.800534,loss_recon:0.152599

2400-loss_z:3.006622,accu:0.291139,loss_recon:0.240877

2600-loss_z:0.697707,accu:0.818359,loss_recon:0.151273

2600-loss_z:3.130187,accu:0.329114,loss_recon:0.239069

2800-loss_z:0.658677,accu:0.837682,loss_recon:0.149341

2800-loss_z:3.30806,accu:0.303797,loss_recon:0.235464

3000-loss_z:0.636912,accu:0.839102,loss_recon:0.148896

3000-loss_z:3.468772,accu:0.303797,loss_recon:0.237691

3200-loss_z:0.602971,accu:0.854993,loss_recon:0.146742

3200-loss_z:3.624652,accu:0.316456,loss_recon:0.236996

3400-loss_z:0.569236,accu:0.87597,loss_recon:0.145697

3400-loss_z:3.838661,accu:0.316456,loss_recon:0.23855

3600-loss_z:0.546375,accu:0.872396,loss_recon:0.145755

3600-loss_z:4.0278,accu:0.329114,loss_recon:0.23499

3800-loss_z:0.523828,accu:0.879023,loss_recon:0.144027

3800-loss_z:4.225267,accu:0.316456,loss_recon:0.236303

4000-loss_z:0.499574,accu:0.883971,loss_recon:0.145432

4000-loss_z:4.419109,accu:0.316456,loss_recon:0.235431

4200-loss_z:0.479923,accu:0.890072,loss_recon:0.143214

4200-loss_z:4.657193,accu:0.329114,loss_recon:0.235336

4400-loss_z:0.455833,accu:0.894336,loss_recon:0.142804

4400-loss_z:4.83173,accu:0.35443,loss_recon:0.233341

4600-loss_z:0.437049,accu:0.894954,loss_recon:0.142906

4600-loss_z:5.049649,accu:0.35443,loss_recon:0.234137

4800-loss_z:0.412666,accu:0.905163,loss_recon:0.142139

4800-loss_z:5.277026,accu:0.35443,loss_recon:0.229108

5000-loss_z:0.391564,accu:0.912533,loss_recon:0.139655

5000-loss_z:5.50965,accu:0.35443,loss_recon:0.230576

5200-loss_z:0.378887,accu:0.921152,loss_recon:0.141116

5200-loss_z:5.717929,accu:0.35443,loss_recon:0.227275

5400-loss_z:0.359279,accu:0.931868,loss_recon:0.140152

5400-loss_z:5.928624,accu:0.35443,loss_recon:0.226721

5600-loss_z:0.346006,accu:0.93222,loss_recon:0.139682

5600-loss_z:6.194241,accu:0.341772,loss_recon:0.227196

5800-loss_z:0.329449,accu:0.938822,loss_recon:0.138406

5800-loss_z:6.451711,accu:0.367089,loss_recon:0.223886

6000-loss_z:0.320407,accu:0.943047,loss_recon:0.135792

6000-loss_z:6.707684,accu:0.35443,loss_recon:0.220284

6200-loss_z:0.307337,accu:0.948379,loss_recon:0.135913

6200-loss_z:6.962705,accu:0.35443,loss_recon:0.220845

6400-loss_z:0.293671,accu:0.956452,loss_recon:0.137186

6400-loss_z:7.229268,accu:0.379747,loss_recon:0.221185

6600-loss_z:0.28029,accu:0.954388,loss_recon:0.134651

6600-loss_z:7.546996,accu:0.379747,loss_recon:0.219753

6800-loss_z:0.269992,accu:0.9564,loss_recon:0.13358

6800-loss_z:7.820436,accu:0.367089,loss_recon:0.221473

7000-loss_z:0.263325,accu:0.96181,loss_recon:0.134428

7000-loss_z:8.098042,accu:0.367089,loss_recon:0.220664

7200-loss_z:0.25135,accu:0.968158,loss_recon:0.135502

7200-loss_z:8.378534,accu:0.392405,loss_recon:0.222686

7400-loss_z:0.240784,accu:0.967995,loss_recon:0.133564

7400-loss_z:8.6666,accu:0.405063,loss_recon:0.221094

7600-loss_z:0.236313,accu:0.966315,loss_recon:0.133963

7600-loss_z:8.959121,accu:0.392405,loss_recon:0.219293

7800-loss_z:0.225178,accu:0.971237,loss_recon:0.132416

7800-loss_z:9.270233,accu:0.405063,loss_recon:0.220624

8000-loss_z:0.215986,accu:0.976289,loss_recon:0.132748

8000-loss_z:9.61207,accu:0.392405,loss_recon:0.216853

8200-loss_z:0.210263,accu:0.976289,loss_recon:0.131889

8200-loss_z:9.949967,accu:0.379747,loss_recon:0.22238

8400-loss_z:0.203023,accu:0.977617,loss_recon:0.130882

8400-loss_z:10.262831,accu:0.392405,loss_recon:0.221873

8600-loss_z:0.19642,accu:0.973887,loss_recon:0.132153

8600-loss_z:10.599164,accu:0.417722,loss_recon:0.219356

8800-loss_z:0.189167,accu:0.980514,loss_recon:0.13092

8800-loss_z:10.926474,accu:0.405063,loss_recon:0.21966

9000-loss_z:0.180257,accu:0.984473,loss_recon:0.131892

9000-loss_z:11.260886,accu:0.392405,loss_recon:0.223514

9200-loss_z:0.174606,accu:0.985247,loss_recon:0.130645

9200-loss_z:11.559834,accu:0.405063,loss_recon:0.221673

9400-loss_z:0.169272,accu:0.986914,loss_recon:0.129687

9400-loss_z:11.87767,accu:0.405063,loss_recon:0.219321

9600-loss_z:0.161207,accu:0.98765,loss_recon:0.129781

9600-loss_z:12.206541,accu:0.392405,loss_recon:0.219184

9800-loss_z:0.156503,accu:0.990547,loss_recon:0.12968

9800-loss_z:12.48344,accu:0.392405,loss_recon:0.220107

10000-loss_z:0.154289,accu:0.990833,loss_recon:0.128616

10000-loss_z:12.81454,accu:0.392405,loss_recon:0.221921

10200-loss_z:0.146009,accu:0.993073,loss_recon:0.127732

10200-loss_z:13.112432,accu:0.379747,loss_recon:0.222447

10400-loss_z:0.141714,accu:0.993314,loss_recon:0.128317

10400-loss_z:13.439421,accu:0.392405,loss_recon:0.222357

10600-loss_z:0.137203,accu:0.995085,loss_recon:0.12839

10600-loss_z:13.745733,accu:0.379747,loss_recon:0.217898

10800-loss_z:0.130246,accu:0.99623,loss_recon:0.128825

10800-loss_z:14.072635,accu:0.379747,loss_recon:0.223992

11000-loss_z:0.126012,accu:0.99763,loss_recon:0.127913

11000-loss_z:14.398377,accu:0.379747,loss_recon:0.2209

11200-loss_z:0.120383,accu:0.997845,loss_recon:0.12909

11200-loss_z:14.751365,accu:0.367089,loss_recon:0.220867

11400-loss_z:0.116774,accu:0.998743,loss_recon:0.128396

11400-loss_z:15.150987,accu:0.367089,loss_recon:0.217875

11600-loss_z:0.112249,accu:0.997461,loss_recon:0.127068

11600-loss_z:15.498529,accu:0.367089,loss_recon:0.223267

11800-loss_z:0.107773,accu:0.999492,loss_recon:0.127154

11800-loss_z:15.830158,accu:0.367089,loss_recon:0.223449

12000-loss_z:0.106187,accu:0.999798,loss_recon:0.12678

12000-loss_z:16.116167,accu:0.341772,loss_recon:0.227259

12200-loss_z:0.100018,accu:0.999668,loss_recon:0.125935

12200-loss_z:16.496151,accu:0.379747,loss_recon:0.221676

12400-loss_z:0.095419,accu:1.0,loss_recon:0.126165

12400-loss_z:16.791416,accu:0.367089,loss_recon:0.22108

12600-loss_z:0.093529,accu:1.0,loss_recon:0.125583

12600-loss_z:17.08988,accu:0.367089,loss_recon:0.219838

12800-loss_z:0.089904,accu:1.0,loss_recon:0.125234

12800-loss_z:17.446802,accu:0.367089,loss_recon:0.218841

13000-loss_z:0.085501,accu:1.0,loss_recon:0.126164

13000-loss_z:17.727421,accu:0.367089,loss_recon:0.220141

13200-loss_z:0.08345,accu:1.0,loss_recon:0.125715

13200-loss_z:18.069012,accu:0.35443,loss_recon:0.219152

13400-loss_z:0.079268,accu:1.0,loss_recon:0.126136

13400-loss_z:18.445854,accu:0.35443,loss_recon:0.217151

13600-loss_z:0.076022,accu:1.0,loss_recon:0.125445

13600-loss_z:18.709827,accu:0.367089,loss_recon:0.220622

13800-loss_z:0.074151,accu:1.0,loss_recon:0.123823

13800-loss_z:18.988546,accu:0.35443,loss_recon:0.217295

14000-loss_z:0.070425,accu:1.0,loss_recon:0.123617

14000-loss_z:19.207182,accu:0.341772,loss_recon:0.217928

14200-loss_z:0.067574,accu:1.0,loss_recon:0.124228

14200-loss_z:19.418089,accu:0.35443,loss_recon:0.217587

14400-loss_z:0.065871,accu:1.0,loss_recon:0.12253

14400-loss_z:19.67112,accu:0.35443,loss_recon:0.220834

14600-loss_z:0.062731,accu:1.0,loss_recon:0.124225

14600-loss_z:19.914848,accu:0.367089,loss_recon:0.21871

14800-loss_z:0.060102,accu:1.0,loss_recon:0.122871

14800-loss_z:20.180693,accu:0.367089,loss_recon:0.219838

15000-loss_z:0.057801,accu:1.0,loss_recon:0.122069

15000-loss_z:20.477539,accu:0.367089,loss_recon:0.218273

15200-loss_z:0.055378,accu:1.0,loss_recon:0.121217

15200-loss_z:20.822424,accu:0.367089,loss_recon:0.218737

15400-loss_z:0.053119,accu:1.0,loss_recon:0.121254

15400-loss_z:21.183592,accu:0.35443,loss_recon:0.221558

15600-loss_z:0.050665,accu:1.0,loss_recon:0.120768

15600-loss_z:21.522974,accu:0.35443,loss_recon:0.222991

15800-loss_z:0.048904,accu:1.0,loss_recon:0.120513

15800-loss_z:21.924559,accu:0.35443,loss_recon:0.219624

16000-loss_z:0.046705,accu:1.0,loss_recon:0.120226

16000-loss_z:22.339058,accu:0.35443,loss_recon:0.216846

16200-loss_z:0.044871,accu:1.0,loss_recon:0.119746

16200-loss_z:22.74547,accu:0.35443,loss_recon:0.221656

16400-loss_z:0.042934,accu:1.0,loss_recon:0.119277

16400-loss_z:23.164135,accu:0.35443,loss_recon:0.223282

16600-loss_z:0.040857,accu:1.0,loss_recon:0.120143

16600-loss_z:23.517015,accu:0.367089,loss_recon:0.219403

16800-loss_z:0.039252,accu:1.0,loss_recon:0.117715

16800-loss_z:23.9398,accu:0.35443,loss_recon:0.22715

17000-loss_z:0.038312,accu:1.0,loss_recon:0.120267

17000-loss_z:24.367012,accu:0.35443,loss_recon:0.221903

17200-loss_z:0.036169,accu:1.0,loss_recon:0.118493

17200-loss_z:24.680099,accu:0.35443,loss_recon:0.221185

17400-loss_z:0.034587,accu:1.0,loss_recon:0.11974

17400-loss_z:25.181261,accu:0.367089,loss_recon:0.222588

17600-loss_z:0.033438,accu:1.0,loss_recon:0.118028

17600-loss_z:25.585464,accu:0.35443,loss_recon:0.225289

17800-loss_z:0.031954,accu:1.0,loss_recon:0.118474

17800-loss_z:26.041893,accu:0.367089,loss_recon:0.223704

18000-loss_z:0.03073,accu:1.0,loss_recon:0.118355

18000-loss_z:26.539595,accu:0.35443,loss_recon:0.22212

18200-loss_z:0.029157,accu:1.0,loss_recon:0.118525

18200-loss_z:27.010019,accu:0.35443,loss_recon:0.222142

18400-loss_z:0.027466,accu:1.0,loss_recon:0.118522

18400-loss_z:27.475351,accu:0.35443,loss_recon:0.220721

18600-loss_z:0.026646,accu:1.0,loss_recon:0.118253

18600-loss_z:27.877899,accu:0.35443,loss_recon:0.2183

18800-loss_z:0.025147,accu:1.0,loss_recon:0.1173

18800-loss_z:28.304882,accu:0.35443,loss_recon:0.223437

19000-loss_z:0.0244,accu:1.0,loss_recon:0.117275

19000-loss_z:28.854137,accu:0.35443,loss_recon:0.223651

19200-loss_z:0.023198,accu:1.0,loss_recon:0.118372

19200-loss_z:29.314537,accu:0.35443,loss_recon:0.220909

19400-loss_z:0.022032,accu:1.0,loss_recon:0.118158

19400-loss_z:29.762794,accu:0.35443,loss_recon:0.21942

19600-loss_z:0.021467,accu:1.0,loss_recon:0.117029

19600-loss_z:30.279993,accu:0.35443,loss_recon:0.224457

19800-loss_z:0.020432,accu:1.0,loss_recon:0.117771

19800-loss_z:30.665051,accu:0.367089,loss_recon:0.225201

20000-loss_z:0.019481,accu:1.0,loss_recon:0.116873

20000-loss_z:31.110754,accu:0.35443,loss_recon:0.223685

Continue training
New FC model is initialized
200-loss_z:2.567651,accu:0.175716,loss_recon:0.876656

200-loss_z:2.650964,accu:0.063291,loss_recon:0.363242

400-loss_z:1.882448,accu:0.351374,loss_recon:0.25327

400-loss_z:2.519379,accu:0.101266,loss_recon:0.238678

600-loss_z:1.540605,accu:0.462363,loss_recon:0.193534

600-loss_z:2.561448,accu:0.113924,loss_recon:0.218989

800-loss_z:1.341282,accu:0.535579,loss_recon:0.176247

800-loss_z:2.622346,accu:0.164557,loss_recon:0.214378

1000-loss_z:1.197741,accu:0.585521,loss_recon:0.165127

1000-loss_z:2.709271,accu:0.177215,loss_recon:0.215338

1200-loss_z:1.096549,accu:0.618952,loss_recon:0.158005

1200-loss_z:2.831526,accu:0.177215,loss_recon:0.212773

1400-loss_z:1.013056,accu:0.637663,loss_recon:0.152263

1400-loss_z:2.955186,accu:0.177215,loss_recon:0.211312

1600-loss_z:0.942477,accu:0.66015,loss_recon:0.145827

1600-loss_z:3.117526,accu:0.164557,loss_recon:0.213499

1800-loss_z:0.882726,accu:0.693216,loss_recon:0.1393

1800-loss_z:3.276011,accu:0.164557,loss_recon:0.215265

2000-loss_z:0.832976,accu:0.732363,loss_recon:0.134276

2000-loss_z:3.431249,accu:0.240506,loss_recon:0.208966

2200-loss_z:0.789037,accu:0.756478,loss_recon:0.131324

2200-loss_z:3.64125,accu:0.240506,loss_recon:0.207534

2400-loss_z:0.743855,accu:0.782214,loss_recon:0.127295

2400-loss_z:3.851673,accu:0.265823,loss_recon:0.206405

2600-loss_z:0.710085,accu:0.791771,loss_recon:0.125319

2600-loss_z:4.091334,accu:0.265823,loss_recon:0.209766

2800-loss_z:0.676224,accu:0.802676,loss_recon:0.122938

2800-loss_z:4.330814,accu:0.240506,loss_recon:0.21167

3000-loss_z:0.648278,accu:0.80681,loss_recon:0.121127

3000-loss_z:4.568169,accu:0.265823,loss_recon:0.214285

3200-loss_z:0.613841,accu:0.832728,loss_recon:0.118558

3200-loss_z:4.822836,accu:0.278481,loss_recon:0.21321

3400-loss_z:0.592177,accu:0.837142,loss_recon:0.117312

3400-loss_z:5.092532,accu:0.278481,loss_recon:0.205775

3600-loss_z:0.563505,accu:0.845417,loss_recon:0.115602

3600-loss_z:5.350564,accu:0.265823,loss_recon:0.210961

3800-loss_z:0.542567,accu:0.848398,loss_recon:0.113255

3800-loss_z:5.615491,accu:0.278481,loss_recon:0.204676

4000-loss_z:0.521721,accu:0.858867,loss_recon:0.112938

4000-loss_z:5.910717,accu:0.291139,loss_recon:0.209035

4200-loss_z:0.500501,accu:0.865026,loss_recon:0.111007

4200-loss_z:6.175394,accu:0.291139,loss_recon:0.204102

4400-loss_z:0.480904,accu:0.872396,loss_recon:0.110913

4400-loss_z:6.500631,accu:0.278481,loss_recon:0.210763

4600-loss_z:0.46081,accu:0.8761,loss_recon:0.109746

4600-loss_z:6.818361,accu:0.278481,loss_recon:0.207947

4800-loss_z:0.447832,accu:0.880814,loss_recon:0.10987

4800-loss_z:7.166977,accu:0.278481,loss_recon:0.210835

5000-loss_z:0.430342,accu:0.887266,loss_recon:0.108006

5000-loss_z:7.463109,accu:0.278481,loss_recon:0.209684

5200-loss_z:0.416027,accu:0.889349,loss_recon:0.109357

5200-loss_z:7.780567,accu:0.291139,loss_recon:0.2058

5400-loss_z:0.405852,accu:0.899674,loss_recon:0.109343

5400-loss_z:8.098554,accu:0.291139,loss_recon:0.212307

5600-loss_z:0.389225,accu:0.908633,loss_recon:0.109125

5600-loss_z:8.453271,accu:0.278481,loss_recon:0.210654

5800-loss_z:0.372161,accu:0.91651,loss_recon:0.108005

5800-loss_z:8.747734,accu:0.303797,loss_recon:0.208931

6000-loss_z:0.36351,accu:0.920345,loss_recon:0.107497

6000-loss_z:9.100489,accu:0.303797,loss_recon:0.208341

6200-loss_z:0.347949,accu:0.927376,loss_recon:0.107185

6200-loss_z:9.435421,accu:0.303797,loss_recon:0.213711

6400-loss_z:0.339439,accu:0.931263,loss_recon:0.107591

6400-loss_z:9.729391,accu:0.329114,loss_recon:0.213905

6600-loss_z:0.327584,accu:0.935098,loss_recon:0.107065

6600-loss_z:10.106415,accu:0.316456,loss_recon:0.210144

6800-loss_z:0.314602,accu:0.943249,loss_recon:0.106415

6800-loss_z:10.538064,accu:0.291139,loss_recon:0.214778

7000-loss_z:0.306851,accu:0.942702,loss_recon:0.107288

7000-loss_z:10.857316,accu:0.329114,loss_recon:0.21707

7200-loss_z:0.293489,accu:0.952689,loss_recon:0.107426

7200-loss_z:11.226127,accu:0.303797,loss_recon:0.21042

7400-loss_z:0.284528,accu:0.957663,loss_recon:0.10576

7400-loss_z:11.6303,accu:0.329114,loss_recon:0.215315

7600-loss_z:0.276597,accu:0.961699,loss_recon:0.10622

7600-loss_z:11.981579,accu:0.303797,loss_recon:0.21439

7800-loss_z:0.263297,accu:0.966523,loss_recon:0.106154

7800-loss_z:12.38386,accu:0.303797,loss_recon:0.218884

8000-loss_z:0.258693,accu:0.970007,loss_recon:0.106009

8000-loss_z:12.76832,accu:0.316456,loss_recon:0.216096

8200-loss_z:0.248161,accu:0.97153,loss_recon:0.106038

8200-loss_z:13.144277,accu:0.316456,loss_recon:0.217511

8400-loss_z:0.241437,accu:0.974388,loss_recon:0.105791

8400-loss_z:13.566237,accu:0.316456,loss_recon:0.213763

8600-loss_z:0.233348,accu:0.974928,loss_recon:0.105851

8600-loss_z:13.911237,accu:0.316456,loss_recon:0.21198

8800-loss_z:0.225624,accu:0.974831,loss_recon:0.10552

8800-loss_z:14.329777,accu:0.316456,loss_recon:0.20989

9000-loss_z:0.218296,accu:0.978997,loss_recon:0.105001

9000-loss_z:14.725042,accu:0.329114,loss_recon:0.217012

9200-loss_z:0.208488,accu:0.982689,loss_recon:0.105335

9200-loss_z:15.068967,accu:0.316456,loss_recon:0.214798

9400-loss_z:0.203522,accu:0.978294,loss_recon:0.106102

9400-loss_z:15.489686,accu:0.303797,loss_recon:0.216653

9600-loss_z:0.197145,accu:0.981999,loss_recon:0.105287

9600-loss_z:15.88096,accu:0.303797,loss_recon:0.214076

9800-loss_z:0.192698,accu:0.983151,loss_recon:0.105311

9800-loss_z:16.278927,accu:0.303797,loss_recon:0.217495

10000-loss_z:0.183568,accu:0.982565,loss_recon:0.105407

10000-loss_z:16.727734,accu:0.316456,loss_recon:0.217681

10200-loss_z:0.176364,accu:0.983294,loss_recon:0.105982

10200-loss_z:17.119463,accu:0.316456,loss_recon:0.218988

10400-loss_z:0.173471,accu:0.988197,loss_recon:0.10587

10400-loss_z:17.518522,accu:0.316456,loss_recon:0.21824

10600-loss_z:0.16901,accu:0.981016,loss_recon:0.104735

10600-loss_z:17.887594,accu:0.303797,loss_recon:0.217933

10800-loss_z:0.161459,accu:0.983789,loss_recon:0.105807

10800-loss_z:18.256538,accu:0.303797,loss_recon:0.214209

11000-loss_z:0.156268,accu:0.987383,loss_recon:0.105513

11000-loss_z:18.680107,accu:0.303797,loss_recon:0.217077

11200-loss_z:0.152662,accu:0.984779,loss_recon:0.104993

11200-loss_z:19.135921,accu:0.329114,loss_recon:0.221546

11400-loss_z:0.147251,accu:0.988561,loss_recon:0.105113

11400-loss_z:19.500631,accu:0.316456,loss_recon:0.216395

11600-loss_z:0.142558,accu:0.98862,loss_recon:0.105055

11600-loss_z:19.943773,accu:0.303797,loss_recon:0.220238

11800-loss_z:0.137352,accu:0.99194,loss_recon:0.105251

11800-loss_z:20.338053,accu:0.303797,loss_recon:0.216426

12000-loss_z:0.133805,accu:0.992201,loss_recon:0.105015

12000-loss_z:20.756397,accu:0.303797,loss_recon:0.217532

12200-loss_z:0.129905,accu:0.990339,loss_recon:0.104848

12200-loss_z:21.241896,accu:0.291139,loss_recon:0.217127

12400-loss_z:0.126516,accu:0.991641,loss_recon:0.104978

12400-loss_z:21.663855,accu:0.291139,loss_recon:0.21919

12600-loss_z:0.123446,accu:0.991608,loss_recon:0.105539

12600-loss_z:22.112574,accu:0.316456,loss_recon:0.220216

12800-loss_z:0.119556,accu:0.992337,loss_recon:0.105373

12800-loss_z:22.515072,accu:0.303797,loss_recon:0.219275

13000-loss_z:0.11483,accu:0.992637,loss_recon:0.105752

13000-loss_z:22.945499,accu:0.316456,loss_recon:0.217737

13200-loss_z:0.111419,accu:0.993737,loss_recon:0.105003

13200-loss_z:23.358297,accu:0.303797,loss_recon:0.219867

13400-loss_z:0.107927,accu:0.993991,loss_recon:0.105103

13400-loss_z:23.784277,accu:0.316456,loss_recon:0.219946

13600-loss_z:0.10524,accu:0.994642,loss_recon:0.10523

13600-loss_z:24.130384,accu:0.316456,loss_recon:0.219653

13800-loss_z:0.101929,accu:0.995742,loss_recon:0.10419

13800-loss_z:24.527704,accu:0.291139,loss_recon:0.220023

14000-loss_z:0.09932,accu:0.997083,loss_recon:0.105584

14000-loss_z:24.951572,accu:0.303797,loss_recon:0.21891

14200-loss_z:0.094493,accu:0.996335,loss_recon:0.104464

14200-loss_z:25.390707,accu:0.291139,loss_recon:0.219582

14400-loss_z:0.091842,accu:0.997767,loss_recon:0.105066

14400-loss_z:25.811136,accu:0.291139,loss_recon:0.219585

14600-loss_z:0.088498,accu:0.997389,loss_recon:0.104618

14600-loss_z:26.234541,accu:0.303797,loss_recon:0.223707

14800-loss_z:0.087673,accu:0.998047,loss_recon:0.104835

14800-loss_z:26.656946,accu:0.278481,loss_recon:0.221922

15000-loss_z:0.083491,accu:0.999355,loss_recon:0.10464

15000-loss_z:27.07794,accu:0.291139,loss_recon:0.217673

15200-loss_z:0.081308,accu:0.999368,loss_recon:0.104988

15200-loss_z:27.521713,accu:0.278481,loss_recon:0.220025

15400-loss_z:0.078819,accu:0.99974,loss_recon:0.104932

15400-loss_z:27.982054,accu:0.291139,loss_recon:0.222321

15600-loss_z:0.075348,accu:0.99929,loss_recon:0.103919

15600-loss_z:28.315615,accu:0.303797,loss_recon:0.219032

15800-loss_z:0.072647,accu:0.999668,loss_recon:0.104439

15800-loss_z:28.701237,accu:0.303797,loss_recon:0.218674

16000-loss_z:0.071292,accu:1.0,loss_recon:0.104885

16000-loss_z:29.037678,accu:0.303797,loss_recon:0.222538

16200-loss_z:0.068631,accu:1.0,loss_recon:0.104592

16200-loss_z:29.423849,accu:0.291139,loss_recon:0.223885

16400-loss_z:0.06702,accu:1.0,loss_recon:0.105158

16400-loss_z:29.845707,accu:0.278481,loss_recon:0.2212

16600-loss_z:0.064012,accu:1.0,loss_recon:0.103737

16600-loss_z:30.197271,accu:0.291139,loss_recon:0.226175

16800-loss_z:0.061987,accu:1.0,loss_recon:0.103458

16800-loss_z:30.54129,accu:0.291139,loss_recon:0.225811

17000-loss_z:0.059727,accu:1.0,loss_recon:0.10417

17000-loss_z:30.933826,accu:0.278481,loss_recon:0.223957

17200-loss_z:0.058996,accu:1.0,loss_recon:0.10476

17200-loss_z:31.312016,accu:0.278481,loss_recon:0.224241

17400-loss_z:0.056624,accu:1.0,loss_recon:0.105201

17400-loss_z:31.680822,accu:0.265823,loss_recon:0.224714

17600-loss_z:0.054014,accu:1.0,loss_recon:0.103432

17600-loss_z:32.064167,accu:0.278481,loss_recon:0.222864

17800-loss_z:0.052783,accu:1.0,loss_recon:0.103217

17800-loss_z:32.419785,accu:0.278481,loss_recon:0.222599

18000-loss_z:0.050576,accu:1.0,loss_recon:0.103703

18000-loss_z:32.80706,accu:0.278481,loss_recon:0.223521

18200-loss_z:0.048842,accu:1.0,loss_recon:0.103074

18200-loss_z:33.100548,accu:0.278481,loss_recon:0.220073

18400-loss_z:0.047481,accu:1.0,loss_recon:0.103398

18400-loss_z:33.451813,accu:0.278481,loss_recon:0.220687

18600-loss_z:0.045252,accu:1.0,loss_recon:0.102953

18600-loss_z:33.825962,accu:0.278481,loss_recon:0.221845

18800-loss_z:0.044542,accu:1.0,loss_recon:0.102412

18800-loss_z:34.161072,accu:0.291139,loss_recon:0.226757

19000-loss_z:0.042823,accu:1.0,loss_recon:0.102956

19000-loss_z:34.557594,accu:0.278481,loss_recon:0.227968

19200-loss_z:0.041055,accu:1.0,loss_recon:0.102978

19200-loss_z:34.932755,accu:0.291139,loss_recon:0.222789

19400-loss_z:0.040264,accu:1.0,loss_recon:0.103777

19400-loss_z:35.2523,accu:0.291139,loss_recon:0.226736

19600-loss_z:0.038681,accu:1.0,loss_recon:0.103028

19600-loss_z:35.647491,accu:0.265823,loss_recon:0.223452

19800-loss_z:0.036397,accu:1.0,loss_recon:0.101501

19800-loss_z:35.970886,accu:0.278481,loss_recon:0.227519

20000-loss_z:0.035539,accu:1.0,loss_recon:0.102042

20000-loss_z:36.287651,accu:0.278481,loss_recon:0.226216

Continue training
New FC model is initialized
200-loss_z:2.577966,accu:0.171668,loss_recon:0.933357

200-loss_z:2.771516,accu:0.126582,loss_recon:0.522183

400-loss_z:1.929807,accu:0.332578,loss_recon:0.322019

400-loss_z:2.668072,accu:0.113924,loss_recon:0.310126

600-loss_z:1.6258,accu:0.440449,loss_recon:0.235936

600-loss_z:2.705719,accu:0.151899,loss_recon:0.251571

800-loss_z:1.445881,accu:0.492943,loss_recon:0.201871

800-loss_z:2.708501,accu:0.164557,loss_recon:0.219997

1000-loss_z:1.309362,accu:0.54,loss_recon:0.177975

1000-loss_z:2.788037,accu:0.177215,loss_recon:0.211733

1200-loss_z:1.197972,accu:0.589102,loss_recon:0.168118

1200-loss_z:2.866434,accu:0.21519,loss_recon:0.21359

1400-loss_z:1.117446,accu:0.619714,loss_recon:0.160559

1400-loss_z:2.936904,accu:0.21519,loss_recon:0.204031

1600-loss_z:1.04323,accu:0.656296,loss_recon:0.152395

1600-loss_z:3.077643,accu:0.253165,loss_recon:0.202586

1800-loss_z:0.979298,accu:0.673717,loss_recon:0.149611

1800-loss_z:3.225278,accu:0.265823,loss_recon:0.202176

2000-loss_z:0.928801,accu:0.685957,loss_recon:0.145274

2000-loss_z:3.369709,accu:0.278481,loss_recon:0.196679

2200-loss_z:0.880435,accu:0.698288,loss_recon:0.141788

2200-loss_z:3.554526,accu:0.265823,loss_recon:0.201323

2400-loss_z:0.836842,accu:0.719727,loss_recon:0.138486

2400-loss_z:3.725055,accu:0.341772,loss_recon:0.199621

2600-loss_z:0.800287,accu:0.728574,loss_recon:0.134384

2600-loss_z:3.936643,accu:0.303797,loss_recon:0.193398

2800-loss_z:0.767502,accu:0.732533,loss_recon:0.130831

2800-loss_z:4.110197,accu:0.291139,loss_recon:0.191542

3000-loss_z:0.736109,accu:0.743125,loss_recon:0.128919

3000-loss_z:4.313114,accu:0.35443,loss_recon:0.188162

3200-loss_z:0.706462,accu:0.755983,loss_recon:0.124698

3200-loss_z:4.514005,accu:0.329114,loss_recon:0.183497

3400-loss_z:0.682698,accu:0.763841,loss_recon:0.121829

3400-loss_z:4.670179,accu:0.291139,loss_recon:0.186086

3600-loss_z:0.656736,accu:0.775046,loss_recon:0.118878

3600-loss_z:4.851728,accu:0.303797,loss_recon:0.182072

3800-loss_z:0.638616,accu:0.787298,loss_recon:0.116764

3800-loss_z:5.031108,accu:0.291139,loss_recon:0.184282

4000-loss_z:0.613363,accu:0.803314,loss_recon:0.113676

4000-loss_z:5.232323,accu:0.291139,loss_recon:0.185352

4200-loss_z:0.594963,accu:0.811888,loss_recon:0.112951

4200-loss_z:5.38024,accu:0.316456,loss_recon:0.182835

4400-loss_z:0.57967,accu:0.827819,loss_recon:0.111539

4400-loss_z:5.547014,accu:0.329114,loss_recon:0.184684

4600-loss_z:0.562787,accu:0.834824,loss_recon:0.109668

4600-loss_z:5.702101,accu:0.303797,loss_recon:0.185545

4800-loss_z:0.545777,accu:0.840716,loss_recon:0.108578

4800-loss_z:5.897954,accu:0.316456,loss_recon:0.182947

5000-loss_z:0.528607,accu:0.847559,loss_recon:0.107485

5000-loss_z:6.04661,accu:0.303797,loss_recon:0.183324

5200-loss_z:0.512258,accu:0.851302,loss_recon:0.107008

5200-loss_z:6.245562,accu:0.303797,loss_recon:0.189324

5400-loss_z:0.498933,accu:0.867279,loss_recon:0.106949

5400-loss_z:6.371379,accu:0.316456,loss_recon:0.182504

5600-loss_z:0.486434,accu:0.864694,loss_recon:0.10562

5600-loss_z:6.539553,accu:0.303797,loss_recon:0.184253

5800-loss_z:0.473107,accu:0.87737,loss_recon:0.104752

5800-loss_z:6.73808,accu:0.303797,loss_recon:0.184186

6000-loss_z:0.460531,accu:0.886289,loss_recon:0.10536

6000-loss_z:6.899162,accu:0.291139,loss_recon:0.185819

6200-loss_z:0.446169,accu:0.886217,loss_recon:0.105006

6200-loss_z:7.070923,accu:0.329114,loss_recon:0.18233

6400-loss_z:0.443227,accu:0.888932,loss_recon:0.104424

6400-loss_z:7.253784,accu:0.316456,loss_recon:0.186809

6600-loss_z:0.425567,accu:0.897585,loss_recon:0.103677

6600-loss_z:7.41489,accu:0.278481,loss_recon:0.183773

6800-loss_z:0.416659,accu:0.899245,loss_recon:0.103217

6800-loss_z:7.580214,accu:0.291139,loss_recon:0.184304

7000-loss_z:0.404294,accu:0.906478,loss_recon:0.102776

7000-loss_z:7.750345,accu:0.329114,loss_recon:0.182602

7200-loss_z:0.398362,accu:0.911452,loss_recon:0.101845

7200-loss_z:7.974187,accu:0.303797,loss_recon:0.185935

7400-loss_z:0.38833,accu:0.909961,loss_recon:0.102386

7400-loss_z:8.18126,accu:0.303797,loss_recon:0.18352

7600-loss_z:0.379963,accu:0.918594,loss_recon:0.101843

7600-loss_z:8.38113,accu:0.329114,loss_recon:0.184309

7800-loss_z:0.371994,accu:0.922188,loss_recon:0.101643

7800-loss_z:8.61319,accu:0.303797,loss_recon:0.187651

8000-loss_z:0.364387,accu:0.924915,loss_recon:0.101269

8000-loss_z:8.819494,accu:0.291139,loss_recon:0.185052

8200-loss_z:0.354583,accu:0.923001,loss_recon:0.100762

8200-loss_z:9.012671,accu:0.316456,loss_recon:0.185074

8400-loss_z:0.347626,accu:0.928874,loss_recon:0.099892

8400-loss_z:9.24555,accu:0.291139,loss_recon:0.184987

8600-loss_z:0.338971,accu:0.932311,loss_recon:0.100543

8600-loss_z:9.474404,accu:0.303797,loss_recon:0.184686

8800-loss_z:0.329223,accu:0.937161,loss_recon:0.099198

8800-loss_z:9.702531,accu:0.303797,loss_recon:0.181951

9000-loss_z:0.325553,accu:0.936276,loss_recon:0.099319

9000-loss_z:9.925586,accu:0.291139,loss_recon:0.183038

9200-loss_z:0.31868,accu:0.939883,loss_recon:0.099128

9200-loss_z:10.134368,accu:0.291139,loss_recon:0.184038

9400-loss_z:0.309718,accu:0.93998,loss_recon:0.098745

9400-loss_z:10.352855,accu:0.303797,loss_recon:0.182854

9600-loss_z:0.302431,accu:0.941322,loss_recon:0.09873

9600-loss_z:10.642862,accu:0.303797,loss_recon:0.183006

9800-loss_z:0.297242,accu:0.944694,loss_recon:0.099085

9800-loss_z:10.897858,accu:0.278481,loss_recon:0.184185

10000-loss_z:0.289015,accu:0.94474,loss_recon:0.097903

10000-loss_z:11.138442,accu:0.316456,loss_recon:0.183293

10200-loss_z:0.284737,accu:0.949922,loss_recon:0.097757

10200-loss_z:11.355839,accu:0.291139,loss_recon:0.185427

10400-loss_z:0.278049,accu:0.954115,loss_recon:0.09814

10400-loss_z:11.541601,accu:0.329114,loss_recon:0.185349

10600-loss_z:0.267531,accu:0.951016,loss_recon:0.096479

10600-loss_z:11.786359,accu:0.316456,loss_recon:0.185438

10800-loss_z:0.262979,accu:0.953014,loss_recon:0.097184

10800-loss_z:11.977597,accu:0.316456,loss_recon:0.185387

11000-loss_z:0.257673,accu:0.955677,loss_recon:0.097849

11000-loss_z:12.202881,accu:0.303797,loss_recon:0.18209

11200-loss_z:0.252531,accu:0.956634,loss_recon:0.097376

11200-loss_z:12.432535,accu:0.316456,loss_recon:0.185306

11400-loss_z:0.246657,accu:0.960156,loss_recon:0.096874

11400-loss_z:12.688506,accu:0.316456,loss_recon:0.18564

11600-loss_z:0.242207,accu:0.959655,loss_recon:0.097133

11600-loss_z:12.882448,accu:0.341772,loss_recon:0.184157

11800-loss_z:0.235859,accu:0.963594,loss_recon:0.096532

11800-loss_z:13.184133,accu:0.329114,loss_recon:0.185

12000-loss_z:0.229555,accu:0.964206,loss_recon:0.096572

12000-loss_z:13.387332,accu:0.329114,loss_recon:0.185917

12200-loss_z:0.22643,accu:0.96528,loss_recon:0.097478

12200-loss_z:13.666183,accu:0.341772,loss_recon:0.187297

12400-loss_z:0.221522,accu:0.966686,loss_recon:0.096516

12400-loss_z:13.893184,accu:0.35443,loss_recon:0.188386

12600-loss_z:0.217406,accu:0.971699,loss_recon:0.096187

12600-loss_z:14.091991,accu:0.35443,loss_recon:0.187836

12800-loss_z:0.210988,accu:0.976608,loss_recon:0.096298

12800-loss_z:14.346114,accu:0.329114,loss_recon:0.188241

13000-loss_z:0.206043,accu:0.975977,loss_recon:0.096161

13000-loss_z:14.559977,accu:0.35443,loss_recon:0.185322

13200-loss_z:0.203865,accu:0.977806,loss_recon:0.096342

13200-loss_z:14.777452,accu:0.329114,loss_recon:0.186944

13400-loss_z:0.198201,accu:0.978086,loss_recon:0.094541

13400-loss_z:15.001712,accu:0.341772,loss_recon:0.189152

13600-loss_z:0.19333,accu:0.980508,loss_recon:0.096421

13600-loss_z:15.258124,accu:0.329114,loss_recon:0.186451

13800-loss_z:0.188465,accu:0.982507,loss_recon:0.094737

13800-loss_z:15.417134,accu:0.341772,loss_recon:0.187416

14000-loss_z:0.18468,accu:0.982422,loss_recon:0.095554

14000-loss_z:15.661098,accu:0.329114,loss_recon:0.185551

14200-loss_z:0.181067,accu:0.982682,loss_recon:0.096098

14200-loss_z:15.943658,accu:0.329114,loss_recon:0.186099

14400-loss_z:0.175894,accu:0.983411,loss_recon:0.096763

14400-loss_z:16.171135,accu:0.35443,loss_recon:0.189842

14600-loss_z:0.174189,accu:0.982721,loss_recon:0.096058

14600-loss_z:16.363686,accu:0.35443,loss_recon:0.185625

14800-loss_z:0.167791,accu:0.984375,loss_recon:0.095276

14800-loss_z:16.612635,accu:0.341772,loss_recon:0.18731

15000-loss_z:0.164664,accu:0.985651,loss_recon:0.096383

15000-loss_z:16.839783,accu:0.341772,loss_recon:0.188991

15200-loss_z:0.161658,accu:0.985345,loss_recon:0.095839

15200-loss_z:17.020691,accu:0.35443,loss_recon:0.187286

15400-loss_z:0.157324,accu:0.986296,loss_recon:0.095312

15400-loss_z:17.274162,accu:0.379747,loss_recon:0.186548

15600-loss_z:0.155141,accu:0.986387,loss_recon:0.09587

15600-loss_z:17.514526,accu:0.35443,loss_recon:0.188999

15800-loss_z:0.149663,accu:0.988138,loss_recon:0.094386

15800-loss_z:17.744604,accu:0.367089,loss_recon:0.186611

16000-loss_z:0.145744,accu:0.987826,loss_recon:0.095345

16000-loss_z:17.978283,accu:0.367089,loss_recon:0.188057

16200-loss_z:0.143454,accu:0.988242,loss_recon:0.09482

16200-loss_z:18.196203,accu:0.379747,loss_recon:0.183448

16400-loss_z:0.137155,accu:0.990892,loss_recon:0.095969

16400-loss_z:18.464588,accu:0.392405,loss_recon:0.185097

16600-loss_z:0.135566,accu:0.988958,loss_recon:0.095041

16600-loss_z:18.801922,accu:0.405063,loss_recon:0.188329

16800-loss_z:0.129658,accu:0.990755,loss_recon:0.094049

16800-loss_z:19.12657,accu:0.379747,loss_recon:0.191775

17000-loss_z:0.128749,accu:0.989382,loss_recon:0.094918

17000-loss_z:19.413643,accu:0.392405,loss_recon:0.185902

17200-loss_z:0.126548,accu:0.988548,loss_recon:0.094005

17200-loss_z:19.71715,accu:0.405063,loss_recon:0.186887

17400-loss_z:0.12304,accu:0.991712,loss_recon:0.094615

17400-loss_z:19.974737,accu:0.392405,loss_recon:0.187082

17600-loss_z:0.120879,accu:0.990703,loss_recon:0.094759

17600-loss_z:20.343088,accu:0.405063,loss_recon:0.189095

17800-loss_z:0.117485,accu:0.991934,loss_recon:0.094808

17800-loss_z:20.627445,accu:0.35443,loss_recon:0.186464

18000-loss_z:0.114332,accu:0.992839,loss_recon:0.094313

18000-loss_z:20.979584,accu:0.379747,loss_recon:0.186318

18200-loss_z:0.109476,accu:0.993652,loss_recon:0.093385

18200-loss_z:21.31707,accu:0.392405,loss_recon:0.18711

18400-loss_z:0.10766,accu:0.993737,loss_recon:0.093534

18400-loss_z:21.640871,accu:0.379747,loss_recon:0.185746

18600-loss_z:0.105495,accu:0.996302,loss_recon:0.094116

18600-loss_z:21.925545,accu:0.379747,loss_recon:0.185646

18800-loss_z:0.103069,accu:0.99765,loss_recon:0.094043

18800-loss_z:22.278784,accu:0.392405,loss_recon:0.186608

19000-loss_z:0.099043,accu:0.997663,loss_recon:0.09307

19000-loss_z:22.603714,accu:0.379747,loss_recon:0.189899

19200-loss_z:0.098729,accu:0.99849,loss_recon:0.094501

19200-loss_z:22.921757,accu:0.379747,loss_recon:0.188394

19400-loss_z:0.094398,accu:0.999609,loss_recon:0.093295

19400-loss_z:23.256786,accu:0.379747,loss_recon:0.187675

19600-loss_z:0.094693,accu:0.998698,loss_recon:0.093004

19600-loss_z:23.565996,accu:0.379747,loss_recon:0.188479

19800-loss_z:0.089642,accu:0.999466,loss_recon:0.092605

19800-loss_z:23.95347,accu:0.392405,loss_recon:0.187344

20000-loss_z:0.087296,accu:1.0,loss_recon:0.092942

20000-loss_z:24.27454,accu:0.392405,loss_recon:0.189056

Continue training
New FC model is initialized
200-loss_z:2.544353,accu:0.19232,loss_recon:1.141613

200-loss_z:2.646708,accu:0.101266,loss_recon:0.517601

400-loss_z:1.862892,accu:0.359251,loss_recon:0.322888

400-loss_z:2.521195,accu:0.177215,loss_recon:0.294407

600-loss_z:1.564308,accu:0.446348,loss_recon:0.221069

600-loss_z:2.505849,accu:0.189873,loss_recon:0.233964

800-loss_z:1.366827,accu:0.53877,loss_recon:0.187122

800-loss_z:2.550921,accu:0.151899,loss_recon:0.211489

1000-loss_z:1.230008,accu:0.602826,loss_recon:0.169926

1000-loss_z:2.641538,accu:0.177215,loss_recon:0.206073

1200-loss_z:1.124485,accu:0.655944,loss_recon:0.160242

1200-loss_z:2.744491,accu:0.202532,loss_recon:0.203735

1400-loss_z:1.041592,accu:0.671335,loss_recon:0.154896

1400-loss_z:2.876843,accu:0.177215,loss_recon:0.202327

1600-loss_z:0.969317,accu:0.693411,loss_recon:0.151949

1600-loss_z:3.034524,accu:0.21519,loss_recon:0.199643

1800-loss_z:0.905507,accu:0.709447,loss_recon:0.147576

1800-loss_z:3.174131,accu:0.21519,loss_recon:0.198691

2000-loss_z:0.85591,accu:0.731068,loss_recon:0.143637

2000-loss_z:3.370867,accu:0.21519,loss_recon:0.198

2200-loss_z:0.811846,accu:0.752507,loss_recon:0.139063

2200-loss_z:3.55326,accu:0.21519,loss_recon:0.19281

2400-loss_z:0.77395,accu:0.76599,loss_recon:0.133797

2400-loss_z:3.739334,accu:0.227848,loss_recon:0.191487

2600-loss_z:0.737789,accu:0.78627,loss_recon:0.131015

2600-loss_z:3.925428,accu:0.291139,loss_recon:0.192587

2800-loss_z:0.701583,accu:0.802279,loss_recon:0.128517

2800-loss_z:4.164523,accu:0.253165,loss_recon:0.190644

3000-loss_z:0.673617,accu:0.810098,loss_recon:0.127932

3000-loss_z:4.37525,accu:0.240506,loss_recon:0.191104

3200-loss_z:0.647715,accu:0.825827,loss_recon:0.126009

3200-loss_z:4.560283,accu:0.265823,loss_recon:0.190046

3400-loss_z:0.618118,accu:0.828555,loss_recon:0.12473

3400-loss_z:4.781329,accu:0.253165,loss_recon:0.188754

3600-loss_z:0.595012,accu:0.843652,loss_recon:0.123404

3600-loss_z:4.97508,accu:0.265823,loss_recon:0.19235

3800-loss_z:0.570811,accu:0.864329,loss_recon:0.122603

3800-loss_z:5.190103,accu:0.253165,loss_recon:0.195091

4000-loss_z:0.551592,accu:0.880677,loss_recon:0.120491

4000-loss_z:5.360899,accu:0.291139,loss_recon:0.191676

4200-loss_z:0.530379,accu:0.887064,loss_recon:0.120628

4200-loss_z:5.572909,accu:0.316456,loss_recon:0.192743

4400-loss_z:0.511609,accu:0.885378,loss_recon:0.11883

4400-loss_z:5.829948,accu:0.265823,loss_recon:0.194232

4600-loss_z:0.496089,accu:0.895807,loss_recon:0.117801

4600-loss_z:6.080034,accu:0.278481,loss_recon:0.197054

4800-loss_z:0.475946,accu:0.901452,loss_recon:0.11896

4800-loss_z:6.250417,accu:0.291139,loss_recon:0.197518

5000-loss_z:0.464687,accu:0.902988,loss_recon:0.118262

5000-loss_z:6.510352,accu:0.278481,loss_recon:0.195112

5200-loss_z:0.447214,accu:0.90929,loss_recon:0.118223

5200-loss_z:6.737082,accu:0.278481,loss_recon:0.196095

5400-loss_z:0.438968,accu:0.912402,loss_recon:0.118537

5400-loss_z:6.95533,accu:0.278481,loss_recon:0.19635

5600-loss_z:0.423855,accu:0.91694,loss_recon:0.11753

5600-loss_z:7.234091,accu:0.291139,loss_recon:0.199981

5800-loss_z:0.413751,accu:0.917585,loss_recon:0.116428

5800-loss_z:7.448948,accu:0.291139,loss_recon:0.19888

6000-loss_z:0.400391,accu:0.925241,loss_recon:0.117206

6000-loss_z:7.698879,accu:0.303797,loss_recon:0.198514

6200-loss_z:0.39073,accu:0.924336,loss_recon:0.11586

6200-loss_z:7.926198,accu:0.291139,loss_recon:0.197942

6400-loss_z:0.375348,accu:0.936361,loss_recon:0.1157

6400-loss_z:8.197791,accu:0.278481,loss_recon:0.200975

6600-loss_z:0.364338,accu:0.935397,loss_recon:0.115818

6600-loss_z:8.423484,accu:0.278481,loss_recon:0.198396

6800-loss_z:0.354349,accu:0.939798,loss_recon:0.115614

6800-loss_z:8.674235,accu:0.278481,loss_recon:0.198558

7000-loss_z:0.34737,accu:0.939727,loss_recon:0.115649

7000-loss_z:8.916955,accu:0.303797,loss_recon:0.201755

7200-loss_z:0.33691,accu:0.942467,loss_recon:0.114995

7200-loss_z:9.142275,accu:0.303797,loss_recon:0.199939

7400-loss_z:0.328628,accu:0.944557,loss_recon:0.11507

7400-loss_z:9.430767,accu:0.316456,loss_recon:0.203459

7600-loss_z:0.317764,accu:0.947467,loss_recon:0.115367

7600-loss_z:9.690104,accu:0.316456,loss_recon:0.200767

7800-loss_z:0.310446,accu:0.950449,loss_recon:0.115918

7800-loss_z:9.949781,accu:0.316456,loss_recon:0.202095

8000-loss_z:0.304113,accu:0.948535,loss_recon:0.115069

8000-loss_z:10.210799,accu:0.316456,loss_recon:0.202902

8200-loss_z:0.298674,accu:0.950345,loss_recon:0.114387

8200-loss_z:10.468133,accu:0.329114,loss_recon:0.20432

8400-loss_z:0.288211,accu:0.95487,loss_recon:0.114789

8400-loss_z:10.76709,accu:0.303797,loss_recon:0.202257

8600-loss_z:0.278923,accu:0.957253,loss_recon:0.113384

8600-loss_z:11.003391,accu:0.316456,loss_recon:0.202887

8800-loss_z:0.275006,accu:0.957656,loss_recon:0.113334

8800-loss_z:11.264806,accu:0.329114,loss_recon:0.204272

9000-loss_z:0.266019,accu:0.955189,loss_recon:0.113092

9000-loss_z:11.516335,accu:0.329114,loss_recon:0.202804

9200-loss_z:0.262496,accu:0.960306,loss_recon:0.113734

9200-loss_z:11.799849,accu:0.329114,loss_recon:0.205211

9400-loss_z:0.251708,accu:0.964219,loss_recon:0.11217

9400-loss_z:12.124856,accu:0.303797,loss_recon:0.20652

9600-loss_z:0.248985,accu:0.96819,loss_recon:0.112207

9600-loss_z:12.345727,accu:0.316456,loss_recon:0.20543

9800-loss_z:0.240646,accu:0.967409,loss_recon:0.112433

9800-loss_z:12.675589,accu:0.303797,loss_recon:0.206216

10000-loss_z:0.237674,accu:0.967201,loss_recon:0.111457

10000-loss_z:12.922358,accu:0.316456,loss_recon:0.206903

10200-loss_z:0.228269,accu:0.968047,loss_recon:0.111752

10200-loss_z:13.194022,accu:0.291139,loss_recon:0.208739

10400-loss_z:0.222521,accu:0.973678,loss_recon:0.111271

10400-loss_z:13.458578,accu:0.303797,loss_recon:0.208388

10600-loss_z:0.217865,accu:0.972878,loss_recon:0.111703

10600-loss_z:13.724692,accu:0.291139,loss_recon:0.209982

10800-loss_z:0.211025,accu:0.975872,loss_recon:0.111029

10800-loss_z:14.015551,accu:0.316456,loss_recon:0.205964

11000-loss_z:0.203105,accu:0.975742,loss_recon:0.110693

11000-loss_z:14.33439,accu:0.316456,loss_recon:0.208073

11200-loss_z:0.201461,accu:0.977773,loss_recon:0.109643

11200-loss_z:14.555154,accu:0.316456,loss_recon:0.20524

11400-loss_z:0.195658,accu:0.980521,loss_recon:0.11009

11400-loss_z:14.869688,accu:0.291139,loss_recon:0.202259

11600-loss_z:0.189552,accu:0.982487,loss_recon:0.108526

11600-loss_z:15.143007,accu:0.291139,loss_recon:0.202336

11800-loss_z:0.184236,accu:0.983177,loss_recon:0.108058

11800-loss_z:15.450852,accu:0.265823,loss_recon:0.203806

12000-loss_z:0.178614,accu:0.987754,loss_recon:0.107696

12000-loss_z:15.763329,accu:0.278481,loss_recon:0.203152

12200-loss_z:0.174015,accu:0.988652,loss_recon:0.108311

12200-loss_z:16.027134,accu:0.265823,loss_recon:0.207912

12400-loss_z:0.169553,accu:0.991042,loss_recon:0.106703

12400-loss_z:16.339434,accu:0.291139,loss_recon:0.20835

12600-loss_z:0.164491,accu:0.991165,loss_recon:0.106853

12600-loss_z:16.657423,accu:0.265823,loss_recon:0.211026

12800-loss_z:0.157785,accu:0.99332,loss_recon:0.106143

12800-loss_z:16.93321,accu:0.303797,loss_recon:0.207289

13000-loss_z:0.156006,accu:0.993913,loss_recon:0.10704

13000-loss_z:17.240049,accu:0.265823,loss_recon:0.20871

13200-loss_z:0.15049,accu:0.996016,loss_recon:0.105003

13200-loss_z:17.524427,accu:0.278481,loss_recon:0.210122

13400-loss_z:0.147433,accu:0.994596,loss_recon:0.105866

13400-loss_z:17.812162,accu:0.341772,loss_recon:0.211902

13600-loss_z:0.142029,accu:0.995938,loss_recon:0.105483

13600-loss_z:18.08272,accu:0.303797,loss_recon:0.2101

13800-loss_z:0.138159,accu:0.996198,loss_recon:0.104853

13800-loss_z:18.398455,accu:0.278481,loss_recon:0.214923

14000-loss_z:0.134691,accu:0.996283,loss_recon:0.104999

14000-loss_z:18.729748,accu:0.265823,loss_recon:0.216139

14200-loss_z:0.132262,accu:0.99681,loss_recon:0.104153

14200-loss_z:19.034271,accu:0.291139,loss_recon:0.216592

14400-loss_z:0.125883,accu:0.997077,loss_recon:0.104909

14400-loss_z:19.27989,accu:0.265823,loss_recon:0.216875

14600-loss_z:0.122512,accu:0.997148,loss_recon:0.103874

14600-loss_z:19.570498,accu:0.291139,loss_recon:0.220023

14800-loss_z:0.11988,accu:0.998236,loss_recon:0.103833

14800-loss_z:19.861979,accu:0.291139,loss_recon:0.215965

15000-loss_z:0.116521,accu:0.998197,loss_recon:0.103023

15000-loss_z:20.184502,accu:0.303797,loss_recon:0.219435

15200-loss_z:0.112601,accu:0.998079,loss_recon:0.103526

15200-loss_z:20.49189,accu:0.291139,loss_recon:0.222471

15400-loss_z:0.109101,accu:0.998216,loss_recon:0.102575

15400-loss_z:20.816206,accu:0.291139,loss_recon:0.223454

15600-loss_z:0.107573,accu:0.998125,loss_recon:0.103715

15600-loss_z:21.106142,accu:0.278481,loss_recon:0.223064

15800-loss_z:0.102046,accu:0.998548,loss_recon:0.103049

15800-loss_z:21.455301,accu:0.316456,loss_recon:0.222299

16000-loss_z:0.101332,accu:0.999264,loss_recon:0.101402

16000-loss_z:21.74645,accu:0.316456,loss_recon:0.225474

16200-loss_z:0.097438,accu:0.998418,loss_recon:0.102693

16200-loss_z:22.127592,accu:0.291139,loss_recon:0.222778

16400-loss_z:0.094081,accu:0.999421,loss_recon:0.101652

16400-loss_z:22.381453,accu:0.303797,loss_recon:0.22325

16600-loss_z:0.093055,accu:0.999069,loss_recon:0.101628

16600-loss_z:22.743851,accu:0.303797,loss_recon:0.223641

16800-loss_z:0.089142,accu:0.999512,loss_recon:0.101912

16800-loss_z:23.075972,accu:0.303797,loss_recon:0.2234

17000-loss_z:0.085376,accu:0.999382,loss_recon:0.101873

17000-loss_z:23.388756,accu:0.303797,loss_recon:0.224797

17200-loss_z:0.083574,accu:0.999499,loss_recon:0.101884

17200-loss_z:23.735527,accu:0.291139,loss_recon:0.226012

17400-loss_z:0.081616,accu:0.999876,loss_recon:0.102019

17400-loss_z:24.062775,accu:0.316456,loss_recon:0.226527

17600-loss_z:0.078774,accu:1.0,loss_recon:0.101035

17600-loss_z:24.39967,accu:0.303797,loss_recon:0.225529

17800-loss_z:0.07584,accu:0.999681,loss_recon:0.101566

17800-loss_z:24.736189,accu:0.303797,loss_recon:0.224501

18000-loss_z:0.073231,accu:0.999922,loss_recon:0.101889

18000-loss_z:25.083736,accu:0.303797,loss_recon:0.225651

18200-loss_z:0.070322,accu:0.999902,loss_recon:0.101258

18200-loss_z:25.401693,accu:0.303797,loss_recon:0.224915

18400-loss_z:0.070208,accu:0.999668,loss_recon:0.102165

18400-loss_z:25.737522,accu:0.316456,loss_recon:0.225165

18600-loss_z:0.066685,accu:1.0,loss_recon:0.101031

18600-loss_z:26.124063,accu:0.303797,loss_recon:0.224648

18800-loss_z:0.06483,accu:0.999857,loss_recon:0.100627

18800-loss_z:26.512846,accu:0.291139,loss_recon:0.226851

19000-loss_z:0.063817,accu:1.0,loss_recon:0.101425

19000-loss_z:26.827257,accu:0.291139,loss_recon:0.225558

19200-loss_z:0.060394,accu:1.0,loss_recon:0.101978

19200-loss_z:27.163136,accu:0.303797,loss_recon:0.22645

19400-loss_z:0.05827,accu:1.0,loss_recon:0.100486

19400-loss_z:27.55648,accu:0.303797,loss_recon:0.227652

19600-loss_z:0.056957,accu:1.0,loss_recon:0.101627

19600-loss_z:27.884336,accu:0.291139,loss_recon:0.22226

19800-loss_z:0.054663,accu:1.0,loss_recon:0.10067

19800-loss_z:28.204903,accu:0.291139,loss_recon:0.226212

20000-loss_z:0.053512,accu:1.0,loss_recon:0.101328

20000-loss_z:28.580751,accu:0.291139,loss_recon:0.22727

Continue training
New FC model is initialized
200-loss_z:2.605869,accu:0.152512,loss_recon:0.927684

200-loss_z:2.704115,accu:0.063291,loss_recon:0.542929

400-loss_z:1.895583,accu:0.349199,loss_recon:0.325285

400-loss_z:2.570532,accu:0.088608,loss_recon:0.346558

600-loss_z:1.567994,accu:0.481745,loss_recon:0.236514

600-loss_z:2.637458,accu:0.126582,loss_recon:0.262715

800-loss_z:1.376256,accu:0.556673,loss_recon:0.199688

800-loss_z:2.779846,accu:0.177215,loss_recon:0.232705

1000-loss_z:1.235244,accu:0.596641,loss_recon:0.181047

1000-loss_z:2.947014,accu:0.21519,loss_recon:0.214344

1200-loss_z:1.126508,accu:0.636204,loss_recon:0.168878

1200-loss_z:3.136271,accu:0.189873,loss_recon:0.219188

1400-loss_z:1.042425,accu:0.658594,loss_recon:0.158892

1400-loss_z:3.365269,accu:0.253165,loss_recon:0.226006

1600-loss_z:0.967791,accu:0.690885,loss_recon:0.152197

1600-loss_z:3.601989,accu:0.291139,loss_recon:0.224665

1800-loss_z:0.911216,accu:0.706302,loss_recon:0.147464

1800-loss_z:3.85115,accu:0.265823,loss_recon:0.231771

2000-loss_z:0.853012,accu:0.737383,loss_recon:0.143615

2000-loss_z:4.094151,accu:0.316456,loss_recon:0.228126

2200-loss_z:0.806913,accu:0.749355,loss_recon:0.13783

2200-loss_z:4.35297,accu:0.303797,loss_recon:0.223956

2400-loss_z:0.767375,accu:0.774792,loss_recon:0.135129

2400-loss_z:4.612825,accu:0.303797,loss_recon:0.218307

2600-loss_z:0.725425,accu:0.788288,loss_recon:0.130053

2600-loss_z:4.865341,accu:0.316456,loss_recon:0.216005

2800-loss_z:0.691797,accu:0.812376,loss_recon:0.12699

2800-loss_z:5.104858,accu:0.316456,loss_recon:0.212715

3000-loss_z:0.660927,accu:0.81235,loss_recon:0.125836

3000-loss_z:5.368183,accu:0.291139,loss_recon:0.214894

3200-loss_z:0.631309,accu:0.824798,loss_recon:0.12301

3200-loss_z:5.579692,accu:0.303797,loss_recon:0.210831

3400-loss_z:0.598591,accu:0.839004,loss_recon:0.12035

3400-loss_z:5.813066,accu:0.316456,loss_recon:0.210599

3600-loss_z:0.572168,accu:0.842474,loss_recon:0.116931

3600-loss_z:6.004088,accu:0.341772,loss_recon:0.207915

3800-loss_z:0.547542,accu:0.849297,loss_recon:0.116081

3800-loss_z:6.221019,accu:0.35443,loss_recon:0.213666

4000-loss_z:0.528098,accu:0.858789,loss_recon:0.11545

4000-loss_z:6.413384,accu:0.367089,loss_recon:0.20885

4200-loss_z:0.505992,accu:0.864271,loss_recon:0.113918

4200-loss_z:6.57216,accu:0.367089,loss_recon:0.208828

4400-loss_z:0.484442,accu:0.87748,loss_recon:0.113273

4400-loss_z:6.759069,accu:0.379747,loss_recon:0.211549

4600-loss_z:0.462781,accu:0.891699,loss_recon:0.112686

4600-loss_z:6.9125,accu:0.367089,loss_recon:0.216594

4800-loss_z:0.444468,accu:0.89263,loss_recon:0.110868

4800-loss_z:7.086123,accu:0.35443,loss_recon:0.211291

5000-loss_z:0.430592,accu:0.896842,loss_recon:0.109846

5000-loss_z:7.238369,accu:0.379747,loss_recon:0.214828

5200-loss_z:0.41684,accu:0.898509,loss_recon:0.108001

5200-loss_z:7.37686,accu:0.35443,loss_recon:0.213821

5400-loss_z:0.398862,accu:0.90513,loss_recon:0.108459

5400-loss_z:7.54188,accu:0.35443,loss_recon:0.211164

5600-loss_z:0.383264,accu:0.910859,loss_recon:0.107636

5600-loss_z:7.66941,accu:0.35443,loss_recon:0.218159

5800-loss_z:0.371794,accu:0.916159,loss_recon:0.107909

5800-loss_z:7.835733,accu:0.35443,loss_recon:0.215156

6000-loss_z:0.357147,accu:0.919368,loss_recon:0.10654

6000-loss_z:7.979461,accu:0.367089,loss_recon:0.215927

6200-loss_z:0.344012,accu:0.920072,loss_recon:0.105651

6200-loss_z:8.125738,accu:0.35443,loss_recon:0.216227

6400-loss_z:0.332825,accu:0.924915,loss_recon:0.106124

6400-loss_z:8.278013,accu:0.392405,loss_recon:0.214865

6600-loss_z:0.318899,accu:0.928086,loss_recon:0.106005

6600-loss_z:8.440395,accu:0.379747,loss_recon:0.220365

6800-loss_z:0.309925,accu:0.92834,loss_recon:0.106547

6800-loss_z:8.561692,accu:0.379747,loss_recon:0.219607

7000-loss_z:0.297849,accu:0.933587,loss_recon:0.105679

7000-loss_z:8.756441,accu:0.367089,loss_recon:0.216715

7200-loss_z:0.290785,accu:0.935378,loss_recon:0.105132

7200-loss_z:8.92572,accu:0.35443,loss_recon:0.219803

7400-loss_z:0.279145,accu:0.93528,loss_recon:0.10426

7400-loss_z:9.093019,accu:0.341772,loss_recon:0.219982

7600-loss_z:0.269077,accu:0.93957,loss_recon:0.104642

7600-loss_z:9.29731,accu:0.329114,loss_recon:0.219812

7800-loss_z:0.26074,accu:0.942474,loss_recon:0.104258

7800-loss_z:9.481543,accu:0.35443,loss_recon:0.223925

8000-loss_z:0.252732,accu:0.948887,loss_recon:0.104807

8000-loss_z:9.691214,accu:0.341772,loss_recon:0.217929

8200-loss_z:0.245746,accu:0.953685,loss_recon:0.104122

8200-loss_z:9.916164,accu:0.35443,loss_recon:0.21602

8400-loss_z:0.237843,accu:0.950671,loss_recon:0.10397

8400-loss_z:10.145705,accu:0.341772,loss_recon:0.218533

8600-loss_z:0.230758,accu:0.955078,loss_recon:0.103841

8600-loss_z:10.317668,accu:0.329114,loss_recon:0.221537

8800-loss_z:0.222753,accu:0.955651,loss_recon:0.104753

8800-loss_z:10.558085,accu:0.341772,loss_recon:0.217575

9000-loss_z:0.216175,accu:0.958874,loss_recon:0.103465

9000-loss_z:10.752617,accu:0.329114,loss_recon:0.215933

9200-loss_z:0.205788,accu:0.96793,loss_recon:0.103943

9200-loss_z:11.013533,accu:0.341772,loss_recon:0.2177

9400-loss_z:0.203257,accu:0.965352,loss_recon:0.104397

9400-loss_z:11.22132,accu:0.35443,loss_recon:0.218091

9600-loss_z:0.196388,accu:0.96584,loss_recon:0.103925

9600-loss_z:11.450809,accu:0.329114,loss_recon:0.218563

9800-loss_z:0.189421,accu:0.970697,loss_recon:0.103119

9800-loss_z:11.640621,accu:0.341772,loss_recon:0.219106

10000-loss_z:0.186823,accu:0.97528,loss_recon:0.103963

10000-loss_z:11.836874,accu:0.329114,loss_recon:0.22175

10200-loss_z:0.1786,accu:0.973698,loss_recon:0.103521

10200-loss_z:12.019492,accu:0.367089,loss_recon:0.21611

10400-loss_z:0.172107,accu:0.977617,loss_recon:0.102669

10400-loss_z:12.262589,accu:0.341772,loss_recon:0.21842

10600-loss_z:0.16822,accu:0.980684,loss_recon:0.103644

10600-loss_z:12.499328,accu:0.35443,loss_recon:0.221055

10800-loss_z:0.164491,accu:0.981914,loss_recon:0.103836

10800-loss_z:12.707822,accu:0.35443,loss_recon:0.217564

11000-loss_z:0.15927,accu:0.984173,loss_recon:0.103022

11000-loss_z:12.910361,accu:0.367089,loss_recon:0.220378

11200-loss_z:0.153943,accu:0.984603,loss_recon:0.103397

11200-loss_z:13.18224,accu:0.367089,loss_recon:0.221419

11400-loss_z:0.149637,accu:0.985326,loss_recon:0.103827

11400-loss_z:13.368313,accu:0.35443,loss_recon:0.220263

11600-loss_z:0.144401,accu:0.986094,loss_recon:0.102474

11600-loss_z:13.643824,accu:0.35443,loss_recon:0.220806

11800-loss_z:0.14016,accu:0.986712,loss_recon:0.102621

11800-loss_z:13.884439,accu:0.35443,loss_recon:0.219395

12000-loss_z:0.13669,accu:0.987702,loss_recon:0.102308

12000-loss_z:14.124422,accu:0.35443,loss_recon:0.216968

12200-loss_z:0.131808,accu:0.988171,loss_recon:0.102898

12200-loss_z:14.390595,accu:0.35443,loss_recon:0.22139

12400-loss_z:0.12967,accu:0.987747,loss_recon:0.102588

12400-loss_z:14.605369,accu:0.379747,loss_recon:0.220906

12600-loss_z:0.124654,accu:0.989232,loss_recon:0.102136

12600-loss_z:14.876848,accu:0.35443,loss_recon:0.216857

12800-loss_z:0.123018,accu:0.991146,loss_recon:0.101483

12800-loss_z:15.107193,accu:0.35443,loss_recon:0.219545

13000-loss_z:0.118425,accu:0.990872,loss_recon:0.101944

13000-loss_z:15.370932,accu:0.379747,loss_recon:0.225112

13200-loss_z:0.114655,accu:0.991784,loss_recon:0.101719

13200-loss_z:15.610459,accu:0.35443,loss_recon:0.225153

13400-loss_z:0.112244,accu:0.994121,loss_recon:0.102467

13400-loss_z:15.855596,accu:0.367089,loss_recon:0.220489

13600-loss_z:0.108844,accu:0.995091,loss_recon:0.101957

13600-loss_z:16.140783,accu:0.367089,loss_recon:0.220103

13800-loss_z:0.104876,accu:0.995117,loss_recon:0.102709

13800-loss_z:16.447622,accu:0.341772,loss_recon:0.219869

14000-loss_z:0.101712,accu:0.994525,loss_recon:0.101976

14000-loss_z:16.854731,accu:0.35443,loss_recon:0.220131

14200-loss_z:0.097934,accu:0.995033,loss_recon:0.102733

14200-loss_z:17.330879,accu:0.367089,loss_recon:0.224761

14400-loss_z:0.095689,accu:0.996589,loss_recon:0.101187

14400-loss_z:17.909924,accu:0.35443,loss_recon:0.220104

14600-loss_z:0.090634,accu:0.996842,loss_recon:0.100728

14600-loss_z:18.453264,accu:0.341772,loss_recon:0.219007

14800-loss_z:0.087054,accu:0.996602,loss_recon:0.100721

14800-loss_z:19.082516,accu:0.341772,loss_recon:0.225923

15000-loss_z:0.084422,accu:0.997344,loss_recon:0.100789

15000-loss_z:19.67078,accu:0.367089,loss_recon:0.223807

15200-loss_z:0.082476,accu:0.996895,loss_recon:0.100533

15200-loss_z:20.269285,accu:0.341772,loss_recon:0.222516

15400-loss_z:0.079932,accu:0.998704,loss_recon:0.101203

15400-loss_z:20.897076,accu:0.35443,loss_recon:0.2229

15600-loss_z:0.077379,accu:0.997962,loss_recon:0.100987

15600-loss_z:21.496916,accu:0.367089,loss_recon:0.224947

15800-loss_z:0.07593,accu:0.999479,loss_recon:0.100898

15800-loss_z:22.067919,accu:0.341772,loss_recon:0.220486

16000-loss_z:0.070635,accu:0.999329,loss_recon:0.100668

16000-loss_z:22.497416,accu:0.367089,loss_recon:0.225271

16200-loss_z:0.066436,accu:0.999557,loss_recon:0.100669

16200-loss_z:23.004942,accu:0.367089,loss_recon:0.217495

16400-loss_z:0.063577,accu:0.999479,loss_recon:0.100273

16400-loss_z:23.470695,accu:0.367089,loss_recon:0.223216

16600-loss_z:0.061701,accu:0.999857,loss_recon:0.101445

16600-loss_z:23.972803,accu:0.367089,loss_recon:0.221174

16800-loss_z:0.059124,accu:1.0,loss_recon:0.100443

16800-loss_z:24.384247,accu:0.367089,loss_recon:0.220582

17000-loss_z:0.057592,accu:1.0,loss_recon:0.100703

17000-loss_z:24.85466,accu:0.35443,loss_recon:0.222289

17200-loss_z:0.055357,accu:1.0,loss_recon:0.101017

17200-loss_z:25.249052,accu:0.35443,loss_recon:0.22057

17400-loss_z:0.053208,accu:0.999896,loss_recon:0.100739

17400-loss_z:25.758932,accu:0.35443,loss_recon:0.216941

17600-loss_z:0.052382,accu:1.0,loss_recon:0.100753

17600-loss_z:26.232971,accu:0.341772,loss_recon:0.220762

17800-loss_z:0.049508,accu:1.0,loss_recon:0.098984

17800-loss_z:26.700968,accu:0.341772,loss_recon:0.21971

18000-loss_z:0.047123,accu:1.0,loss_recon:0.098505

18000-loss_z:27.130733,accu:0.341772,loss_recon:0.222752

18200-loss_z:0.046043,accu:1.0,loss_recon:0.099703

18200-loss_z:27.571218,accu:0.35443,loss_recon:0.225665

18400-loss_z:0.044657,accu:1.0,loss_recon:0.100425

18400-loss_z:27.984907,accu:0.341772,loss_recon:0.222827

18600-loss_z:0.042678,accu:1.0,loss_recon:0.100469

18600-loss_z:28.465134,accu:0.341772,loss_recon:0.221893

18800-loss_z:0.041373,accu:1.0,loss_recon:0.099539

18800-loss_z:28.894815,accu:0.35443,loss_recon:0.226525

19000-loss_z:0.040021,accu:1.0,loss_recon:0.100646

19000-loss_z:29.378588,accu:0.35443,loss_recon:0.223985

19200-loss_z:0.03806,accu:1.0,loss_recon:0.100287

19200-loss_z:29.835882,accu:0.341772,loss_recon:0.226279

19400-loss_z:0.036912,accu:1.0,loss_recon:0.100246

19400-loss_z:30.257917,accu:0.35443,loss_recon:0.220539

19600-loss_z:0.03551,accu:1.0,loss_recon:0.101066

19600-loss_z:30.639652,accu:0.35443,loss_recon:0.225908

19800-loss_z:0.034007,accu:1.0,loss_recon:0.099964

19800-loss_z:30.991833,accu:0.379747,loss_recon:0.2257

20000-loss_z:0.032959,accu:1.0,loss_recon:0.100755

20000-loss_z:31.268356,accu:0.367089,loss_recon:0.219436

Exp path: /home/xuanjie.liu/Projects/S3Plus/VQ/exp/2025.05.18_10vq_Zc[2]_Zs[0]_edim1_[0-20]_plus1024_1_tripleSet_Nothing
{'train_data_path': '/home/xuanjie.liu/Projects/S3Plus/VQ/exp/2025.05.18_10vq_Zc[2]_Zs[0]_edim1_[0-20]_plus1024_1_tripleSet_Nothing/../../../dataset/single_style_pairs(0,20)_tripleSet/train', 'single_img_eval_set_path': '/home/xuanjie.liu/Projects/S3Plus/VQ/exp/2025.05.18_10vq_Zc[2]_Zs[0]_edim1_[0-20]_plus1024_1_tripleSet_Nothing/../../../dataset/(0,20)-FixedPos-oneStyle', 'plus_eval_set_path': ['/home/xuanjie.liu/Projects/S3Plus/VQ/exp/2025.05.18_10vq_Zc[2]_Zs[0]_edim1_[0-20]_plus1024_1_tripleSet_Nothing/../../../dataset/single_style_pairs(0,20)_tripleSet/test_1', '/home/xuanjie.liu/Projects/S3Plus/VQ/exp/2025.05.18_10vq_Zc[2]_Zs[0]_edim1_[0-20]_plus1024_1_tripleSet_Nothing/../../../dataset/single_style_pairs(0,20)_tripleSet/test_2'], 'latent_embedding_1': 2, 'latent_embedding_2': 0, 'multi_num_embeddings': None, 'latent_code_2': 0, 'embedding_dim': 1, 'is_plot_zc_value': True, 'embeddings_num': 10, 'is_plot_vis_num': True, 'kld_loss_scalar': 0.0, 'checkpoint_interval': 2000, 'learning_rate': 0.0001, 'scheduler_base_num': 0.99999, 'max_iter_num': 50001, 'model_path': 'curr_model.pt', 'train_result_path': 'TrainingResults/', 'eval_result_path': 'EvalResults/', 'train_record_path': 'Train_record.txt', 'eval_record_path': 'Eval_record.txt', 'plus_accu_record_path': 'plus_eval.txt', 'log_interval': 500, 'eval_interval': 2000, 'is_save_img': True, 'batch_size': 128, 'is_commutative_train': False, 'is_commutative_all': False, 'z_plus_loss_scalar': 0.02, 'commutative_z_loss_scalar': 0.0, 'associative_z_loss_scalar': 0.0, 'plus_mse_scalar': -1, 'plus_recon_loss_scalar': 3, 'min_loss_scalar': 1e-05, 'K': 1024, 'assoc_aug_range': (-3, 3), 'commitment_scalar': 0.0025, 'embedding_scalar': 0.01, 'isVQStyle': False, 'plus_by_embedding': True, 'plus_by_zcode': False, 'VQPlus_eqLoss_scalar': 0.5, 'is_zc_based_assoc': True, 'is_rand_z_assoc': False, 'is_assoc_on_e': True, 'is_assoc_on_z': False, 'is_assoc_within_batch': True, 'is_switch_digital': False, 'is_full_symm': False, 'is_assoc': False, 'is_twice_oper': False, 'img_noise': 0.0, 'network_config': {'enc_dec': {'img_channel': 3, 'last_H': 4, 'last_W': 4, 'first_ch_num': 16}, 'enc_fc': {'n_units': 128, 'n_hidden_layers': 2}, 'plus': {'plus_unit': 1024, 'n_hidden_layers': 2}}, 'eval_config': {'pipeline_result_path': 'PIPELINE_EVAL', 'optimal_checkpoint_finding_config': {'optimal_checkpoint_num': 'find_by_keys', 'record_name': 'Train_record.txt', 'keys': ['plus_recon', 'plus_z', 'loss_oper', 'loss_ED'], 'iter_after': 0.1}, 'plus_eval_configs': [{'name': 'eval_set', 'eval_set_path_list': ['/home/xuanjie.liu/Projects/S3Plus/VQ/exp/2025.05.18_10vq_Zc[2]_Zs[0]_edim1_[0-20]_plus1024_1_tripleSet_Nothing/../../../dataset/single_style_pairs(0,20)_tripleSet/test_1', '/home/xuanjie.liu/Projects/S3Plus/VQ/exp/2025.05.18_10vq_Zc[2]_Zs[0]_edim1_[0-20]_plus1024_1_tripleSet_Nothing/../../../dataset/single_style_pairs(0,20)_tripleSet/test_2'], 'is_blur': False, 'blur_config': {'kernel_size_choices': (5, 7, 9), 'sigma_range': (0.5, 3.0), 'p_no_blur': 0.0}, 'augment_times': 1}], 'emb_matching_rate_configs': [{'name': 'emb_matching_rate', 'eval_set_path_list': ['/home/xuanjie.liu/Projects/S3Plus/VQ/exp/2025.05.18_10vq_Zc[2]_Zs[0]_edim1_[0-20]_plus1024_1_tripleSet_Nothing/../../../dataset/(0,20)-FixedPos-oneStyle'], 'is_blur': False, 'blur_config': {'kernel_size_choices': (5, 7, 9), 'sigma_range': (0.5, 3.0), 'p_no_blur': 0.0}, 'augment_times': 1}], 'orderliness_configs': [{'name': 'orderliness', 'img_dir_name': 'orderliness', 'eval_set_path_list': ['/home/xuanjie.liu/Projects/S3Plus/VQ/exp/2025.05.18_10vq_Zc[2]_Zs[0]_edim1_[0-20]_plus1024_1_tripleSet_Nothing/../../../dataset/(0,20)-FixedPos-oneStyle'], 'is_blur': False, 'blur_config': {'kernel_size_choices': (5, 7, 9), 'sigma_range': (0.5, 3.0), 'p_no_blur': 0.0}, 'augment_times': 1}], 'interpolate_configs': [{'name': 'train_interpolate', 'eval_set_path_list': ['/home/xuanjie.liu/Projects/S3Plus/VQ/exp/2025.05.18_10vq_Zc[2]_Zs[0]_edim1_[0-20]_plus1024_1_tripleSet_Nothing/../../../dataset/single_style_pairs(0,20)_tripleSet/train'], 'is_blur': False, 'blur_config': {'kernel_size_choices': (5, 7, 9), 'sigma_range': (0.5, 3.0), 'p_no_blur': 0.0}, 'augment_times': 1, 'interpolate_num': 1}]}}
[{'task_name': 'minus_16_1.1', 'train_data_path': '/home/xuanjie.liu/Projects/S3Plus/VQ/exp/2025.05.18_10vq_Zc[2]_Zs[0]_edim1_[0-20]_plus1024_1_tripleSet_Nothing/../../../dataset/single_style_pairs_minus(0,20)/train', 'eval_data_path': '/home/xuanjie.liu/Projects/S3Plus/VQ/exp/2025.05.18_10vq_Zc[2]_Zs[0]_edim1_[0-20]_plus1024_1_tripleSet_Nothing/../../../dataset/single_style_pairs_minus(0,20)/test', 'batch_size': 128, 'train_record_path': 'train_record.txt', 'eval_record_path': 'eval_record.txt', 'pretrained_path': 'checkpoint_40000.pt', 'fc_model_path': 'minus_model.pt', 'max_iter_num': 20001, 'log_interval': 200, 'num_class': 21, 'fc_network_config': {'plus_unit': 16, 'n_hidden_layers': 1}, 'learning_rate': 0.001}]
Sub-Exp path: /home/xuanjie.liu/Projects/S3Plus/VQ/exp/2025.05.18_10vq_Zc[2]_Zs[0]_edim1_[0-20]_plus1024_1_tripleSet_Nothing/18
Optimal checkpoint: 48000
Pretrained Model is loaded
Continue training
New FC model is initialized
200-loss_z:2.562127,accu:0.209324,loss_recon:1.627303

200-loss_z:2.67277,accu:0.063291,loss_recon:0.84807

400-loss_z:1.885735,accu:0.355605,loss_recon:0.523339

400-loss_z:2.56843,accu:0.101266,loss_recon:0.519278

600-loss_z:1.585999,accu:0.433763,loss_recon:0.383445

600-loss_z:2.597995,accu:0.139241,loss_recon:0.459253

800-loss_z:1.39602,accu:0.488646,loss_recon:0.340825

800-loss_z:2.621321,accu:0.202532,loss_recon:0.436475

1000-loss_z:1.270038,accu:0.524616,loss_recon:0.323007

1000-loss_z:2.666959,accu:0.189873,loss_recon:0.429145

1200-loss_z:1.166578,accu:0.563802,loss_recon:0.311465

1200-loss_z:2.699122,accu:0.21519,loss_recon:0.424521

1400-loss_z:1.085851,accu:0.590306,loss_recon:0.301309

1400-loss_z:2.785265,accu:0.202532,loss_recon:0.419924

1600-loss_z:1.009947,accu:0.615911,loss_recon:0.287833

1600-loss_z:2.873252,accu:0.278481,loss_recon:0.422398

1800-loss_z:0.94858,accu:0.660618,loss_recon:0.278694

1800-loss_z:2.971589,accu:0.240506,loss_recon:0.416776

2000-loss_z:0.897394,accu:0.67668,loss_recon:0.268479

2000-loss_z:3.098248,accu:0.265823,loss_recon:0.416154

2200-loss_z:0.847645,accu:0.70446,loss_recon:0.262256

2200-loss_z:3.180244,accu:0.253165,loss_recon:0.419586

2400-loss_z:0.806572,accu:0.718379,loss_recon:0.252672

2400-loss_z:3.290734,accu:0.240506,loss_recon:0.412227

2600-loss_z:0.769182,accu:0.743066,loss_recon:0.253984

2600-loss_z:3.393926,accu:0.240506,loss_recon:0.408237

2800-loss_z:0.733393,accu:0.748177,loss_recon:0.249073

2800-loss_z:3.491342,accu:0.253165,loss_recon:0.410333

3000-loss_z:0.703933,accu:0.751973,loss_recon:0.248367

3000-loss_z:3.654484,accu:0.21519,loss_recon:0.412678

3200-loss_z:0.676165,accu:0.781133,loss_recon:0.242484

3200-loss_z:3.785217,accu:0.21519,loss_recon:0.411939

3400-loss_z:0.654042,accu:0.786139,loss_recon:0.242402

3400-loss_z:3.938785,accu:0.21519,loss_recon:0.417256

3600-loss_z:0.626184,accu:0.795755,loss_recon:0.238934

3600-loss_z:4.062016,accu:0.21519,loss_recon:0.417617

3800-loss_z:0.607267,accu:0.801816,loss_recon:0.239353

3800-loss_z:4.23873,accu:0.21519,loss_recon:0.418353

4000-loss_z:0.584152,accu:0.808841,loss_recon:0.234141

4000-loss_z:4.408261,accu:0.202532,loss_recon:0.41862

4200-loss_z:0.564451,accu:0.820534,loss_recon:0.232716

4200-loss_z:4.567793,accu:0.21519,loss_recon:0.417739

4400-loss_z:0.548094,accu:0.831465,loss_recon:0.22825

4400-loss_z:4.695265,accu:0.21519,loss_recon:0.427018

4600-loss_z:0.530227,accu:0.837057,loss_recon:0.229607

4600-loss_z:4.853147,accu:0.21519,loss_recon:0.426511

4800-loss_z:0.517222,accu:0.850996,loss_recon:0.228833

4800-loss_z:5.050292,accu:0.21519,loss_recon:0.428753

5000-loss_z:0.497857,accu:0.863477,loss_recon:0.22867

5000-loss_z:5.209692,accu:0.21519,loss_recon:0.438827

5200-loss_z:0.487621,accu:0.869102,loss_recon:0.224908

5200-loss_z:5.376571,accu:0.240506,loss_recon:0.436954

5400-loss_z:0.474354,accu:0.878229,loss_recon:0.223087

5400-loss_z:5.556983,accu:0.240506,loss_recon:0.443294

5600-loss_z:0.458932,accu:0.883086,loss_recon:0.222919

5600-loss_z:5.726753,accu:0.240506,loss_recon:0.44176

5800-loss_z:0.447404,accu:0.8886,loss_recon:0.219787

5800-loss_z:5.929824,accu:0.189873,loss_recon:0.438339

6000-loss_z:0.432563,accu:0.895859,loss_recon:0.220574

6000-loss_z:6.082181,accu:0.240506,loss_recon:0.434068

6200-loss_z:0.421176,accu:0.898503,loss_recon:0.220184

6200-loss_z:6.259995,accu:0.21519,loss_recon:0.43744

6400-loss_z:0.410403,accu:0.901048,loss_recon:0.219337

6400-loss_z:6.48617,accu:0.202532,loss_recon:0.439543

6600-loss_z:0.400474,accu:0.900267,loss_recon:0.217543

6600-loss_z:6.67365,accu:0.21519,loss_recon:0.438087

6800-loss_z:0.38885,accu:0.910977,loss_recon:0.218426

6800-loss_z:6.870874,accu:0.21519,loss_recon:0.438615

7000-loss_z:0.379806,accu:0.910801,loss_recon:0.216986

7000-loss_z:7.093781,accu:0.21519,loss_recon:0.436912

7200-loss_z:0.368869,accu:0.918066,loss_recon:0.214957

7200-loss_z:7.303663,accu:0.21519,loss_recon:0.442131

7400-loss_z:0.360463,accu:0.921003,loss_recon:0.215611

7400-loss_z:7.49972,accu:0.21519,loss_recon:0.447511

7600-loss_z:0.346472,accu:0.925645,loss_recon:0.213789

7600-loss_z:7.706578,accu:0.202532,loss_recon:0.439348

7800-loss_z:0.343053,accu:0.930033,loss_recon:0.213209

7800-loss_z:7.925567,accu:0.21519,loss_recon:0.445687

8000-loss_z:0.328047,accu:0.934069,loss_recon:0.216124

8000-loss_z:8.133173,accu:0.202532,loss_recon:0.447154

8200-loss_z:0.322016,accu:0.935111,loss_recon:0.212608

8200-loss_z:8.348534,accu:0.21519,loss_recon:0.445844

8400-loss_z:0.30961,accu:0.93901,loss_recon:0.210748

8400-loss_z:8.579648,accu:0.202532,loss_recon:0.43845

8600-loss_z:0.303064,accu:0.942871,loss_recon:0.20829

8600-loss_z:8.807298,accu:0.202532,loss_recon:0.445454

8800-loss_z:0.29287,accu:0.94485,loss_recon:0.206462

8800-loss_z:9.040162,accu:0.21519,loss_recon:0.437897

9000-loss_z:0.285087,accu:0.947233,loss_recon:0.205772

9000-loss_z:9.288007,accu:0.189873,loss_recon:0.442266

9200-loss_z:0.278196,accu:0.949173,loss_recon:0.206104

9200-loss_z:9.506877,accu:0.227848,loss_recon:0.442915

9400-loss_z:0.268573,accu:0.950423,loss_recon:0.201976

9400-loss_z:9.765166,accu:0.202532,loss_recon:0.438845

9600-loss_z:0.264002,accu:0.953717,loss_recon:0.206157

9600-loss_z:9.983685,accu:0.202532,loss_recon:0.442221

9800-loss_z:0.255074,accu:0.95821,loss_recon:0.202087

9800-loss_z:10.252796,accu:0.21519,loss_recon:0.441571

10000-loss_z:0.246964,accu:0.964733,loss_recon:0.201396

10000-loss_z:10.567584,accu:0.21519,loss_recon:0.439625

10200-loss_z:0.241784,accu:0.967819,loss_recon:0.203009

10200-loss_z:10.83148,accu:0.189873,loss_recon:0.439842

10400-loss_z:0.232484,accu:0.974089,loss_recon:0.201571

10400-loss_z:11.139361,accu:0.202532,loss_recon:0.442025

10600-loss_z:0.228252,accu:0.977435,loss_recon:0.198208

10600-loss_z:11.40656,accu:0.21519,loss_recon:0.444806

10800-loss_z:0.222569,accu:0.975605,loss_recon:0.199432

10800-loss_z:11.716776,accu:0.21519,loss_recon:0.441802

11000-loss_z:0.215529,accu:0.97901,loss_recon:0.200148

11000-loss_z:12.041414,accu:0.202532,loss_recon:0.448228

11200-loss_z:0.208552,accu:0.983027,loss_recon:0.199194

11200-loss_z:12.344265,accu:0.202532,loss_recon:0.448139

11400-loss_z:0.202194,accu:0.982734,loss_recon:0.19803

11400-loss_z:12.670436,accu:0.202532,loss_recon:0.447451

11600-loss_z:0.19837,accu:0.985423,loss_recon:0.197401

11600-loss_z:12.997285,accu:0.202532,loss_recon:0.446497

11800-loss_z:0.192676,accu:0.984453,loss_recon:0.198418

11800-loss_z:13.266898,accu:0.21519,loss_recon:0.448411

12000-loss_z:0.189899,accu:0.988848,loss_recon:0.19576

12000-loss_z:13.584142,accu:0.21519,loss_recon:0.449557

12200-loss_z:0.183246,accu:0.99248,loss_recon:0.198148

12200-loss_z:13.892481,accu:0.21519,loss_recon:0.451102

12400-loss_z:0.178919,accu:0.991094,loss_recon:0.196142

12400-loss_z:14.213235,accu:0.21519,loss_recon:0.450642

12600-loss_z:0.17342,accu:0.99043,loss_recon:0.197234

12600-loss_z:14.505418,accu:0.21519,loss_recon:0.451885

12800-loss_z:0.170294,accu:0.992624,loss_recon:0.195212

12800-loss_z:14.83008,accu:0.202532,loss_recon:0.447628

13000-loss_z:0.165555,accu:0.992715,loss_recon:0.194157

13000-loss_z:15.105803,accu:0.21519,loss_recon:0.451257

13200-loss_z:0.16154,accu:0.992441,loss_recon:0.19644

13200-loss_z:15.431667,accu:0.202532,loss_recon:0.450797

13400-loss_z:0.155106,accu:0.995664,loss_recon:0.196132

13400-loss_z:15.770473,accu:0.177215,loss_recon:0.451134

13600-loss_z:0.153827,accu:0.995833,loss_recon:0.194597

13600-loss_z:16.042246,accu:0.21519,loss_recon:0.451307

13800-loss_z:0.148673,accu:0.996198,loss_recon:0.196337

13800-loss_z:16.331999,accu:0.21519,loss_recon:0.451894

14000-loss_z:0.144378,accu:0.997233,loss_recon:0.196912

14000-loss_z:16.771078,accu:0.189873,loss_recon:0.446997

14200-loss_z:0.140621,accu:0.996947,loss_recon:0.19522

14200-loss_z:17.087551,accu:0.21519,loss_recon:0.453567

14400-loss_z:0.134296,accu:0.997695,loss_recon:0.19314

14400-loss_z:17.390297,accu:0.21519,loss_recon:0.450714

14600-loss_z:0.133257,accu:0.998079,loss_recon:0.194355

14600-loss_z:17.727421,accu:0.189873,loss_recon:0.446894

14800-loss_z:0.129838,accu:0.999154,loss_recon:0.194146

14800-loss_z:18.086226,accu:0.189873,loss_recon:0.450398

15000-loss_z:0.126212,accu:0.999219,loss_recon:0.194707

15000-loss_z:18.434954,accu:0.21519,loss_recon:0.447244

15200-loss_z:0.122748,accu:0.998496,loss_recon:0.194895

15200-loss_z:18.781891,accu:0.202532,loss_recon:0.446434

15400-loss_z:0.119238,accu:0.999714,loss_recon:0.192137

15400-loss_z:19.130556,accu:0.189873,loss_recon:0.442565

15600-loss_z:0.11479,accu:0.999492,loss_recon:0.191319

15600-loss_z:19.463188,accu:0.189873,loss_recon:0.445203

15800-loss_z:0.112113,accu:0.999186,loss_recon:0.194194

15800-loss_z:19.808687,accu:0.177215,loss_recon:0.445556

16000-loss_z:0.109257,accu:0.998737,loss_recon:0.193428

16000-loss_z:20.150791,accu:0.177215,loss_recon:0.450285

16200-loss_z:0.106825,accu:0.999577,loss_recon:0.194156

16200-loss_z:20.491398,accu:0.164557,loss_recon:0.442611

16400-loss_z:0.103642,accu:0.999857,loss_recon:0.19462

16400-loss_z:20.855913,accu:0.189873,loss_recon:0.440934

16600-loss_z:0.100231,accu:0.999922,loss_recon:0.192301

16600-loss_z:21.205286,accu:0.189873,loss_recon:0.449789

16800-loss_z:0.098229,accu:0.99972,loss_recon:0.191945

16800-loss_z:21.539331,accu:0.202532,loss_recon:0.449055

17000-loss_z:0.09552,accu:0.999837,loss_recon:0.194578

17000-loss_z:21.940214,accu:0.164557,loss_recon:0.441057

17200-loss_z:0.092453,accu:1.0,loss_recon:0.191137

17200-loss_z:22.272213,accu:0.177215,loss_recon:0.448225

17400-loss_z:0.08902,accu:0.99957,loss_recon:0.193425

17400-loss_z:22.687241,accu:0.151899,loss_recon:0.450139

17600-loss_z:0.086048,accu:1.0,loss_recon:0.191627

17600-loss_z:23.026705,accu:0.177215,loss_recon:0.451128

17800-loss_z:0.084661,accu:1.0,loss_recon:0.194002

17800-loss_z:23.417063,accu:0.164557,loss_recon:0.448058

18000-loss_z:0.082995,accu:1.0,loss_recon:0.189154

18000-loss_z:23.836103,accu:0.151899,loss_recon:0.446772

18200-loss_z:0.07997,accu:1.0,loss_recon:0.191394

18200-loss_z:24.130812,accu:0.177215,loss_recon:0.447524

18400-loss_z:0.076823,accu:1.0,loss_recon:0.191766

18400-loss_z:24.465475,accu:0.151899,loss_recon:0.449622

18600-loss_z:0.075728,accu:1.0,loss_recon:0.190714

18600-loss_z:24.839542,accu:0.164557,loss_recon:0.452884

18800-loss_z:0.072899,accu:1.0,loss_recon:0.189381

18800-loss_z:25.212513,accu:0.164557,loss_recon:0.447852

19000-loss_z:0.070128,accu:1.0,loss_recon:0.191751

19000-loss_z:25.55764,accu:0.164557,loss_recon:0.445105

19200-loss_z:0.068884,accu:1.0,loss_recon:0.18988

19200-loss_z:25.90304,accu:0.151899,loss_recon:0.445198

19400-loss_z:0.066348,accu:1.0,loss_recon:0.18868

19400-loss_z:26.296263,accu:0.164557,loss_recon:0.442403

19600-loss_z:0.065069,accu:1.0,loss_recon:0.189151

19600-loss_z:26.6304,accu:0.164557,loss_recon:0.443021

19800-loss_z:0.062494,accu:1.0,loss_recon:0.19178

19800-loss_z:27.014465,accu:0.151899,loss_recon:0.445754

20000-loss_z:0.062198,accu:1.0,loss_recon:0.189297

20000-loss_z:27.380909,accu:0.164557,loss_recon:0.441951

Continue training
New FC model is initialized
200-loss_z:2.575152,accu:0.187241,loss_recon:1.586563

200-loss_z:2.558997,accu:0.126582,loss_recon:0.797192

400-loss_z:1.93871,accu:0.338066,loss_recon:0.544248

400-loss_z:2.419469,accu:0.151899,loss_recon:0.522398

600-loss_z:1.638564,accu:0.430007,loss_recon:0.390625

600-loss_z:2.43622,accu:0.126582,loss_recon:0.448829

800-loss_z:1.451762,accu:0.496478,loss_recon:0.327511

800-loss_z:2.442087,accu:0.164557,loss_recon:0.439005

1000-loss_z:1.320462,accu:0.528092,loss_recon:0.301901

1000-loss_z:2.45469,accu:0.164557,loss_recon:0.437997

1200-loss_z:1.210179,accu:0.547116,loss_recon:0.292782

1200-loss_z:2.463469,accu:0.21519,loss_recon:0.417217

1400-loss_z:1.126956,accu:0.586621,loss_recon:0.282923

1400-loss_z:2.523399,accu:0.202532,loss_recon:0.404004

1600-loss_z:1.059796,accu:0.61735,loss_recon:0.272781

1600-loss_z:2.567986,accu:0.240506,loss_recon:0.397035

1800-loss_z:0.992656,accu:0.656699,loss_recon:0.269289

1800-loss_z:2.683233,accu:0.240506,loss_recon:0.396822

2000-loss_z:0.937301,accu:0.692559,loss_recon:0.262375

2000-loss_z:2.809635,accu:0.202532,loss_recon:0.404553

2200-loss_z:0.894743,accu:0.713444,loss_recon:0.25793

2200-loss_z:2.92921,accu:0.189873,loss_recon:0.385724

2400-loss_z:0.854258,accu:0.737389,loss_recon:0.252003

2400-loss_z:3.0493,accu:0.240506,loss_recon:0.391141

2600-loss_z:0.815695,accu:0.751797,loss_recon:0.247563

2600-loss_z:3.171607,accu:0.240506,loss_recon:0.372668

2800-loss_z:0.784668,accu:0.755345,loss_recon:0.241753

2800-loss_z:3.328736,accu:0.253165,loss_recon:0.372652

3000-loss_z:0.750911,accu:0.77179,loss_recon:0.237713

3000-loss_z:3.493855,accu:0.227848,loss_recon:0.369981

3200-loss_z:0.724092,accu:0.775651,loss_recon:0.232625

3200-loss_z:3.684874,accu:0.253165,loss_recon:0.365544

3400-loss_z:0.700392,accu:0.786549,loss_recon:0.230628

3400-loss_z:3.866275,accu:0.21519,loss_recon:0.358754

3600-loss_z:0.676226,accu:0.78125,loss_recon:0.226109

3600-loss_z:4.035748,accu:0.278481,loss_recon:0.355119

3800-loss_z:0.651779,accu:0.800345,loss_recon:0.223121

3800-loss_z:4.240653,accu:0.21519,loss_recon:0.369306

4000-loss_z:0.628152,accu:0.80668,loss_recon:0.22369

4000-loss_z:4.461412,accu:0.265823,loss_recon:0.367315

4200-loss_z:0.61371,accu:0.819023,loss_recon:0.217921

4200-loss_z:4.694325,accu:0.240506,loss_recon:0.370733

4400-loss_z:0.592375,accu:0.826439,loss_recon:0.214744

4400-loss_z:4.932308,accu:0.253165,loss_recon:0.371232

4600-loss_z:0.579065,accu:0.837813,loss_recon:0.210806

4600-loss_z:5.221481,accu:0.227848,loss_recon:0.381093

4800-loss_z:0.564133,accu:0.841393,loss_recon:0.205043

4800-loss_z:5.481387,accu:0.227848,loss_recon:0.393233

5000-loss_z:0.543379,accu:0.844141,loss_recon:0.20343

5000-loss_z:5.833073,accu:0.21519,loss_recon:0.38837

5200-loss_z:0.530764,accu:0.85125,loss_recon:0.20068

5200-loss_z:6.10194,accu:0.21519,loss_recon:0.385421

5400-loss_z:0.511994,accu:0.857936,loss_recon:0.200459

5400-loss_z:6.404805,accu:0.240506,loss_recon:0.387353

5600-loss_z:0.497862,accu:0.855371,loss_recon:0.196176

5600-loss_z:6.648082,accu:0.253165,loss_recon:0.383442

5800-loss_z:0.487165,accu:0.870033,loss_recon:0.196585

5800-loss_z:6.996201,accu:0.21519,loss_recon:0.385816

6000-loss_z:0.472575,accu:0.874121,loss_recon:0.196736

6000-loss_z:7.307071,accu:0.227848,loss_recon:0.387208

6200-loss_z:0.461994,accu:0.875983,loss_recon:0.193019

6200-loss_z:7.590365,accu:0.278481,loss_recon:0.387887

6400-loss_z:0.449661,accu:0.884785,loss_recon:0.192399

6400-loss_z:7.895308,accu:0.227848,loss_recon:0.391048

6600-loss_z:0.438599,accu:0.891771,loss_recon:0.191084

6600-loss_z:8.207866,accu:0.253165,loss_recon:0.394162

6800-loss_z:0.427924,accu:0.895189,loss_recon:0.191082

6800-loss_z:8.543674,accu:0.227848,loss_recon:0.389715

7000-loss_z:0.424793,accu:0.902598,loss_recon:0.191343

7000-loss_z:8.854475,accu:0.240506,loss_recon:0.393726

7200-loss_z:0.412743,accu:0.899915,loss_recon:0.191005

7200-loss_z:9.226166,accu:0.265823,loss_recon:0.394054

7400-loss_z:0.399105,accu:0.908626,loss_recon:0.188919

7400-loss_z:9.529851,accu:0.278481,loss_recon:0.398314

7600-loss_z:0.391708,accu:0.910046,loss_recon:0.189305

7600-loss_z:9.846522,accu:0.253165,loss_recon:0.394574

7800-loss_z:0.382686,accu:0.915221,loss_recon:0.189535

7800-loss_z:10.177756,accu:0.240506,loss_recon:0.395741

8000-loss_z:0.371469,accu:0.923066,loss_recon:0.188634

8000-loss_z:10.553675,accu:0.240506,loss_recon:0.396111

8200-loss_z:0.366825,accu:0.9214,loss_recon:0.188991

8200-loss_z:10.881912,accu:0.253165,loss_recon:0.399869

8400-loss_z:0.354514,accu:0.925898,loss_recon:0.188556

8400-loss_z:11.22005,accu:0.240506,loss_recon:0.393815

8600-loss_z:0.349589,accu:0.927161,loss_recon:0.187461

8600-loss_z:11.575408,accu:0.253165,loss_recon:0.397291

8800-loss_z:0.345502,accu:0.930983,loss_recon:0.187839

8800-loss_z:11.906804,accu:0.265823,loss_recon:0.39588

9000-loss_z:0.338292,accu:0.931465,loss_recon:0.188986

9000-loss_z:12.282616,accu:0.265823,loss_recon:0.395229

9200-loss_z:0.324451,accu:0.932031,loss_recon:0.186251

9200-loss_z:12.65458,accu:0.253165,loss_recon:0.400246

9400-loss_z:0.323815,accu:0.929499,loss_recon:0.185384

9400-loss_z:12.973435,accu:0.265823,loss_recon:0.398458

9600-loss_z:0.315315,accu:0.937181,loss_recon:0.187294

9600-loss_z:13.303375,accu:0.265823,loss_recon:0.40262

9800-loss_z:0.310419,accu:0.937552,loss_recon:0.186977

9800-loss_z:13.6702,accu:0.278481,loss_recon:0.399199

10000-loss_z:0.307462,accu:0.942044,loss_recon:0.18692

10000-loss_z:14.050868,accu:0.278481,loss_recon:0.397699

10200-loss_z:0.296355,accu:0.943997,loss_recon:0.184497

10200-loss_z:14.419095,accu:0.278481,loss_recon:0.400136

10400-loss_z:0.290544,accu:0.943119,loss_recon:0.185762

10400-loss_z:14.801362,accu:0.278481,loss_recon:0.398869

10600-loss_z:0.285262,accu:0.947865,loss_recon:0.185004

10600-loss_z:15.164312,accu:0.278481,loss_recon:0.401234

10800-loss_z:0.277966,accu:0.948717,loss_recon:0.185648

10800-loss_z:15.601833,accu:0.291139,loss_recon:0.397172

11000-loss_z:0.274112,accu:0.94625,loss_recon:0.183776

11000-loss_z:15.942505,accu:0.291139,loss_recon:0.400452

11200-loss_z:0.269571,accu:0.946829,loss_recon:0.184641

11200-loss_z:16.364841,accu:0.291139,loss_recon:0.399322

11400-loss_z:0.263789,accu:0.944622,loss_recon:0.1838

11400-loss_z:16.680969,accu:0.278481,loss_recon:0.407421

11600-loss_z:0.258168,accu:0.94985,loss_recon:0.184

11600-loss_z:17.072893,accu:0.291139,loss_recon:0.401376

11800-loss_z:0.256578,accu:0.949258,loss_recon:0.184509

11800-loss_z:17.470781,accu:0.303797,loss_recon:0.399313

12000-loss_z:0.252223,accu:0.950501,loss_recon:0.184104

12000-loss_z:17.864725,accu:0.291139,loss_recon:0.403195

12200-loss_z:0.245733,accu:0.951621,loss_recon:0.182792

12200-loss_z:18.273678,accu:0.291139,loss_recon:0.39813

12400-loss_z:0.238861,accu:0.952292,loss_recon:0.183881

12400-loss_z:18.678528,accu:0.291139,loss_recon:0.401053

12600-loss_z:0.234479,accu:0.953835,loss_recon:0.182711

12600-loss_z:18.994535,accu:0.303797,loss_recon:0.402075

12800-loss_z:0.231446,accu:0.953438,loss_recon:0.185692

12800-loss_z:19.411707,accu:0.303797,loss_recon:0.399855

13000-loss_z:0.226858,accu:0.955124,loss_recon:0.183679

13000-loss_z:19.837788,accu:0.291139,loss_recon:0.400292

13200-loss_z:0.226921,accu:0.954512,loss_recon:0.184226

13200-loss_z:20.306568,accu:0.303797,loss_recon:0.403459

13400-loss_z:0.221468,accu:0.954023,loss_recon:0.185745

13400-loss_z:20.660688,accu:0.291139,loss_recon:0.397303

13600-loss_z:0.215314,accu:0.957949,loss_recon:0.183483

13600-loss_z:21.142139,accu:0.303797,loss_recon:0.403582

13800-loss_z:0.20922,accu:0.95834,loss_recon:0.182799

13800-loss_z:21.577112,accu:0.303797,loss_recon:0.403421

14000-loss_z:0.207573,accu:0.958561,loss_recon:0.183564

14000-loss_z:22.000248,accu:0.291139,loss_recon:0.406928

14200-loss_z:0.203609,accu:0.959935,loss_recon:0.184041

14200-loss_z:22.466116,accu:0.291139,loss_recon:0.406894

14400-loss_z:0.200789,accu:0.958151,loss_recon:0.182455

14400-loss_z:22.923267,accu:0.291139,loss_recon:0.401688

14600-loss_z:0.197244,accu:0.960046,loss_recon:0.182421

14600-loss_z:23.33848,accu:0.303797,loss_recon:0.39776

14800-loss_z:0.196761,accu:0.960977,loss_recon:0.183381

14800-loss_z:23.803333,accu:0.303797,loss_recon:0.397923

15000-loss_z:0.191406,accu:0.964368,loss_recon:0.181591

15000-loss_z:24.247061,accu:0.278481,loss_recon:0.403666

15200-loss_z:0.191018,accu:0.965462,loss_recon:0.181215

15200-loss_z:24.62985,accu:0.291139,loss_recon:0.401511

15400-loss_z:0.185154,accu:0.966387,loss_recon:0.182025

15400-loss_z:25.057619,accu:0.291139,loss_recon:0.402678

15600-loss_z:0.184858,accu:0.967402,loss_recon:0.182081

15600-loss_z:25.456789,accu:0.291139,loss_recon:0.40164

15800-loss_z:0.176577,accu:0.971276,loss_recon:0.181165

15800-loss_z:25.870047,accu:0.303797,loss_recon:0.405089

16000-loss_z:0.173988,accu:0.969362,loss_recon:0.177224

16000-loss_z:26.269934,accu:0.291139,loss_recon:0.400025

16200-loss_z:0.169295,accu:0.972572,loss_recon:0.177267

16200-loss_z:26.734026,accu:0.278481,loss_recon:0.407383

16400-loss_z:0.167372,accu:0.973008,loss_recon:0.179548

16400-loss_z:27.155546,accu:0.278481,loss_recon:0.406088

16600-loss_z:0.163906,accu:0.970827,loss_recon:0.177059

16600-loss_z:27.566143,accu:0.278481,loss_recon:0.405249

16800-loss_z:0.159893,accu:0.974219,loss_recon:0.17608

16800-loss_z:27.973917,accu:0.278481,loss_recon:0.41216

17000-loss_z:0.155572,accu:0.975137,loss_recon:0.176221

17000-loss_z:28.324509,accu:0.265823,loss_recon:0.407179

17200-loss_z:0.154002,accu:0.973978,loss_recon:0.176884

17200-loss_z:28.824621,accu:0.278481,loss_recon:0.402502

17400-loss_z:0.152035,accu:0.977956,loss_recon:0.175201

17400-loss_z:29.153395,accu:0.278481,loss_recon:0.403532

17600-loss_z:0.150048,accu:0.975189,loss_recon:0.177825

17600-loss_z:29.57267,accu:0.291139,loss_recon:0.407187

17800-loss_z:0.146129,accu:0.980072,loss_recon:0.175502

17800-loss_z:29.969702,accu:0.265823,loss_recon:0.402711

18000-loss_z:0.143871,accu:0.978184,loss_recon:0.176354

18000-loss_z:30.430902,accu:0.278481,loss_recon:0.404247

18200-loss_z:0.141099,accu:0.978841,loss_recon:0.17232

18200-loss_z:30.786726,accu:0.265823,loss_recon:0.407581

18400-loss_z:0.136579,accu:0.980267,loss_recon:0.175739

18400-loss_z:31.242939,accu:0.265823,loss_recon:0.407436

18600-loss_z:0.136879,accu:0.980339,loss_recon:0.174413

18600-loss_z:31.697683,accu:0.253165,loss_recon:0.402736

18800-loss_z:0.132709,accu:0.982467,loss_recon:0.173804

18800-loss_z:32.117233,accu:0.278481,loss_recon:0.40476

19000-loss_z:0.131247,accu:0.981895,loss_recon:0.175609

19000-loss_z:32.601162,accu:0.265823,loss_recon:0.408834

19200-loss_z:0.127411,accu:0.981296,loss_recon:0.174134

19200-loss_z:33.040684,accu:0.265823,loss_recon:0.410516

19400-loss_z:0.126679,accu:0.982266,loss_recon:0.175736

19400-loss_z:33.443951,accu:0.265823,loss_recon:0.408595

19600-loss_z:0.123913,accu:0.980521,loss_recon:0.175644

19600-loss_z:33.925285,accu:0.278481,loss_recon:0.41258

19800-loss_z:0.122084,accu:0.982539,loss_recon:0.172829

19800-loss_z:34.423985,accu:0.265823,loss_recon:0.410489

20000-loss_z:0.121437,accu:0.982103,loss_recon:0.173828

20000-loss_z:34.820225,accu:0.265823,loss_recon:0.406448

Continue training
New FC model is initialized
200-loss_z:2.523734,accu:0.218795,loss_recon:1.227532

200-loss_z:2.581247,accu:0.075949,loss_recon:0.795869

400-loss_z:1.876489,accu:0.361471,loss_recon:0.453448

400-loss_z:2.520079,accu:0.075949,loss_recon:0.533779

600-loss_z:1.579314,accu:0.428809,loss_recon:0.337054

600-loss_z:2.595925,accu:0.075949,loss_recon:0.481991

800-loss_z:1.412002,accu:0.491953,loss_recon:0.302905

800-loss_z:2.725143,accu:0.101266,loss_recon:0.466738

1000-loss_z:1.288367,accu:0.529069,loss_recon:0.287086

1000-loss_z:2.861932,accu:0.126582,loss_recon:0.459316

1200-loss_z:1.196525,accu:0.558887,loss_recon:0.281858

1200-loss_z:3.047613,accu:0.177215,loss_recon:0.452931

1400-loss_z:1.126324,accu:0.581406,loss_recon:0.278337

1400-loss_z:3.214533,accu:0.227848,loss_recon:0.450402

1600-loss_z:1.065798,accu:0.615534,loss_recon:0.274704

1600-loss_z:3.435665,accu:0.227848,loss_recon:0.454609

1800-loss_z:1.010413,accu:0.636074,loss_recon:0.271984

1800-loss_z:3.651695,accu:0.21519,loss_recon:0.453232

2000-loss_z:0.967242,accu:0.649219,loss_recon:0.269159

2000-loss_z:3.901289,accu:0.21519,loss_recon:0.452146

2200-loss_z:0.923335,accu:0.664245,loss_recon:0.267791

2200-loss_z:4.125985,accu:0.21519,loss_recon:0.456524

2400-loss_z:0.890246,accu:0.685143,loss_recon:0.267895

2400-loss_z:4.35225,accu:0.21519,loss_recon:0.44599

2600-loss_z:0.855137,accu:0.696556,loss_recon:0.264045

2600-loss_z:4.607626,accu:0.202532,loss_recon:0.455048

2800-loss_z:0.821413,accu:0.705944,loss_recon:0.262282

2800-loss_z:4.874865,accu:0.202532,loss_recon:0.448477

3000-loss_z:0.787982,accu:0.709342,loss_recon:0.260264

3000-loss_z:5.10516,accu:0.202532,loss_recon:0.443495

3200-loss_z:0.76643,accu:0.7125,loss_recon:0.259797

3200-loss_z:5.365706,accu:0.202532,loss_recon:0.447278

3400-loss_z:0.734966,accu:0.723288,loss_recon:0.256363

3400-loss_z:5.577996,accu:0.21519,loss_recon:0.440051

3600-loss_z:0.711682,accu:0.73582,loss_recon:0.255379

3600-loss_z:5.763278,accu:0.202532,loss_recon:0.43217

3800-loss_z:0.682258,accu:0.745846,loss_recon:0.254588

3800-loss_z:6.019681,accu:0.202532,loss_recon:0.426766

4000-loss_z:0.668087,accu:0.751953,loss_recon:0.251498

4000-loss_z:6.238575,accu:0.202532,loss_recon:0.431317

4200-loss_z:0.645867,accu:0.759466,loss_recon:0.252791

4200-loss_z:6.465399,accu:0.21519,loss_recon:0.429673

4400-loss_z:0.616804,accu:0.780951,loss_recon:0.250605

4400-loss_z:6.688108,accu:0.21519,loss_recon:0.422961

4600-loss_z:0.602815,accu:0.782591,loss_recon:0.249616

4600-loss_z:6.905558,accu:0.21519,loss_recon:0.425417

4800-loss_z:0.579504,accu:0.798939,loss_recon:0.245884

4800-loss_z:7.125583,accu:0.202532,loss_recon:0.414907

5000-loss_z:0.567316,accu:0.811725,loss_recon:0.246612

5000-loss_z:7.400967,accu:0.21519,loss_recon:0.409854

5200-loss_z:0.548802,accu:0.816732,loss_recon:0.243231

5200-loss_z:7.656592,accu:0.202532,loss_recon:0.410467

5400-loss_z:0.529581,accu:0.828711,loss_recon:0.239832

5400-loss_z:7.946677,accu:0.202532,loss_recon:0.414105

5600-loss_z:0.521226,accu:0.823275,loss_recon:0.240934

5600-loss_z:8.254189,accu:0.202532,loss_recon:0.420139

5800-loss_z:0.508511,accu:0.840638,loss_recon:0.235501

5800-loss_z:8.513137,accu:0.202532,loss_recon:0.410028

6000-loss_z:0.493563,accu:0.843633,loss_recon:0.233539

6000-loss_z:8.842031,accu:0.189873,loss_recon:0.401392

6200-loss_z:0.48209,accu:0.849772,loss_recon:0.232019

6200-loss_z:9.209942,accu:0.177215,loss_recon:0.402076

6400-loss_z:0.466752,accu:0.856634,loss_recon:0.229997

6400-loss_z:9.566184,accu:0.189873,loss_recon:0.399585

6600-loss_z:0.455335,accu:0.862292,loss_recon:0.22841

6600-loss_z:9.887486,accu:0.202532,loss_recon:0.39978

6800-loss_z:0.446091,accu:0.857005,loss_recon:0.225618

6800-loss_z:10.295669,accu:0.189873,loss_recon:0.396477

7000-loss_z:0.433638,accu:0.868053,loss_recon:0.225278

7000-loss_z:10.648629,accu:0.189873,loss_recon:0.398938

7200-loss_z:0.417585,accu:0.876484,loss_recon:0.223918

7200-loss_z:11.099148,accu:0.177215,loss_recon:0.396132

7400-loss_z:0.410111,accu:0.880905,loss_recon:0.222932

7400-loss_z:11.397969,accu:0.189873,loss_recon:0.40109

7600-loss_z:0.396893,accu:0.890267,loss_recon:0.221541

7600-loss_z:11.797419,accu:0.189873,loss_recon:0.39928

7800-loss_z:0.384069,accu:0.894564,loss_recon:0.2229

7800-loss_z:12.11699,accu:0.189873,loss_recon:0.39895

8000-loss_z:0.375297,accu:0.899492,loss_recon:0.219769

8000-loss_z:12.475695,accu:0.189873,loss_recon:0.394923

8200-loss_z:0.364698,accu:0.900605,loss_recon:0.22084

8200-loss_z:12.796974,accu:0.21519,loss_recon:0.398103

8400-loss_z:0.355247,accu:0.912767,loss_recon:0.220771

8400-loss_z:13.149439,accu:0.202532,loss_recon:0.393502

8600-loss_z:0.349538,accu:0.912819,loss_recon:0.221961

8600-loss_z:13.494712,accu:0.21519,loss_recon:0.395263

8800-loss_z:0.339259,accu:0.922695,loss_recon:0.219183

8800-loss_z:13.803102,accu:0.227848,loss_recon:0.394406

9000-loss_z:0.327444,accu:0.924063,loss_recon:0.219105

9000-loss_z:14.208014,accu:0.202532,loss_recon:0.395944

9200-loss_z:0.3165,accu:0.929121,loss_recon:0.218731

9200-loss_z:14.511173,accu:0.240506,loss_recon:0.400603

9400-loss_z:0.311282,accu:0.929297,loss_recon:0.217693

9400-loss_z:14.864333,accu:0.21519,loss_recon:0.396732

9600-loss_z:0.303457,accu:0.933704,loss_recon:0.217459

9600-loss_z:15.231694,accu:0.21519,loss_recon:0.402851

9800-loss_z:0.293706,accu:0.938249,loss_recon:0.220775

9800-loss_z:15.564135,accu:0.202532,loss_recon:0.39621

10000-loss_z:0.286412,accu:0.94071,loss_recon:0.218475

10000-loss_z:15.887648,accu:0.202532,loss_recon:0.397872

10200-loss_z:0.28095,accu:0.945911,loss_recon:0.21522

10200-loss_z:16.268677,accu:0.202532,loss_recon:0.39966

10400-loss_z:0.271032,accu:0.948027,loss_recon:0.215154

10400-loss_z:16.568661,accu:0.240506,loss_recon:0.399975

10600-loss_z:0.264938,accu:0.94752,loss_recon:0.215743

10600-loss_z:17.015768,accu:0.227848,loss_recon:0.400357

10800-loss_z:0.258823,accu:0.949557,loss_recon:0.214549

10800-loss_z:17.336828,accu:0.227848,loss_recon:0.401252

11000-loss_z:0.250776,accu:0.951035,loss_recon:0.215685

11000-loss_z:17.69067,accu:0.21519,loss_recon:0.396619

11200-loss_z:0.244529,accu:0.953783,loss_recon:0.215169

11200-loss_z:18.052015,accu:0.21519,loss_recon:0.39812

11400-loss_z:0.240825,accu:0.954382,loss_recon:0.215223

11400-loss_z:18.33359,accu:0.21519,loss_recon:0.400706

11600-loss_z:0.235382,accu:0.95556,loss_recon:0.215618

11600-loss_z:18.6429,accu:0.227848,loss_recon:0.401546

11800-loss_z:0.228533,accu:0.962279,loss_recon:0.215128

11800-loss_z:19.047384,accu:0.21519,loss_recon:0.398859

12000-loss_z:0.221969,accu:0.965391,loss_recon:0.213919

12000-loss_z:19.3209,accu:0.227848,loss_recon:0.400525

12200-loss_z:0.218044,accu:0.96543,loss_recon:0.216561

12200-loss_z:19.684605,accu:0.21519,loss_recon:0.402239

12400-loss_z:0.212013,accu:0.969596,loss_recon:0.214466

12400-loss_z:20.029293,accu:0.202532,loss_recon:0.401805

12600-loss_z:0.209489,accu:0.966732,loss_recon:0.215462

12600-loss_z:20.363344,accu:0.177215,loss_recon:0.398824

12800-loss_z:0.198725,accu:0.972031,loss_recon:0.214146

12800-loss_z:20.784109,accu:0.202532,loss_recon:0.402478

13000-loss_z:0.193995,accu:0.973385,loss_recon:0.212804

13000-loss_z:21.239683,accu:0.21519,loss_recon:0.403178

13200-loss_z:0.188642,accu:0.974805,loss_recon:0.21175

13200-loss_z:21.615206,accu:0.202532,loss_recon:0.402509

13400-loss_z:0.183355,accu:0.974245,loss_recon:0.209149

13400-loss_z:22.004904,accu:0.189873,loss_recon:0.404259

13600-loss_z:0.179412,accu:0.975482,loss_recon:0.210739

13600-loss_z:22.465343,accu:0.202532,loss_recon:0.404099

13800-loss_z:0.172259,accu:0.976042,loss_recon:0.210027

13800-loss_z:22.86973,accu:0.202532,loss_recon:0.406679

14000-loss_z:0.166035,accu:0.976159,loss_recon:0.208847

14000-loss_z:23.334663,accu:0.21519,loss_recon:0.409559

14200-loss_z:0.165714,accu:0.97722,loss_recon:0.20927

14200-loss_z:23.829056,accu:0.189873,loss_recon:0.409213

14400-loss_z:0.15733,accu:0.976048,loss_recon:0.208776

14400-loss_z:24.36414,accu:0.189873,loss_recon:0.40892

14600-loss_z:0.153042,accu:0.977461,loss_recon:0.20806

14600-loss_z:24.941952,accu:0.189873,loss_recon:0.408009

14800-loss_z:0.149175,accu:0.977878,loss_recon:0.206842

14800-loss_z:25.400702,accu:0.189873,loss_recon:0.408274

15000-loss_z:0.146457,accu:0.977096,loss_recon:0.206374

15000-loss_z:26.002495,accu:0.189873,loss_recon:0.407911

15200-loss_z:0.1425,accu:0.979857,loss_recon:0.205181

15200-loss_z:26.558958,accu:0.189873,loss_recon:0.409359

15400-loss_z:0.136616,accu:0.979303,loss_recon:0.205837

15400-loss_z:27.137646,accu:0.189873,loss_recon:0.410753

15600-loss_z:0.134875,accu:0.98002,loss_recon:0.204801

15600-loss_z:27.745108,accu:0.202532,loss_recon:0.413974

15800-loss_z:0.129138,accu:0.979492,loss_recon:0.20283

15800-loss_z:28.254992,accu:0.189873,loss_recon:0.412949

16000-loss_z:0.127183,accu:0.979557,loss_recon:0.207012

16000-loss_z:28.86624,accu:0.189873,loss_recon:0.416653

16200-loss_z:0.123988,accu:0.980273,loss_recon:0.205468

16200-loss_z:29.492443,accu:0.189873,loss_recon:0.418658

16400-loss_z:0.118264,accu:0.983822,loss_recon:0.201461

16400-loss_z:30.110664,accu:0.202532,loss_recon:0.415098

16600-loss_z:0.116871,accu:0.981491,loss_recon:0.20505

16600-loss_z:30.814775,accu:0.202532,loss_recon:0.421318

16800-loss_z:0.11327,accu:0.981133,loss_recon:0.204077

16800-loss_z:31.320053,accu:0.202532,loss_recon:0.415925

17000-loss_z:0.110206,accu:0.982044,loss_recon:0.201676

17000-loss_z:32.094856,accu:0.202532,loss_recon:0.420002

17200-loss_z:0.105383,accu:0.984694,loss_recon:0.199881

17200-loss_z:32.708809,accu:0.189873,loss_recon:0.415797

17400-loss_z:0.103078,accu:0.986061,loss_recon:0.19993

17400-loss_z:33.402073,accu:0.202532,loss_recon:0.428046

17600-loss_z:0.100191,accu:0.985169,loss_recon:0.2017

17600-loss_z:34.078262,accu:0.189873,loss_recon:0.424385

17800-loss_z:0.098174,accu:0.985508,loss_recon:0.201722

17800-loss_z:34.78104,accu:0.21519,loss_recon:0.419058

18000-loss_z:0.097318,accu:0.983932,loss_recon:0.20118

18000-loss_z:35.576,accu:0.21519,loss_recon:0.424743

18200-loss_z:0.092992,accu:0.987448,loss_recon:0.202353

18200-loss_z:36.289326,accu:0.202532,loss_recon:0.424199

18400-loss_z:0.092135,accu:0.98985,loss_recon:0.201675

18400-loss_z:37.047924,accu:0.189873,loss_recon:0.423924

18600-loss_z:0.087173,accu:0.990156,loss_recon:0.201219

18600-loss_z:37.812096,accu:0.202532,loss_recon:0.424927

18800-loss_z:0.08645,accu:0.991816,loss_recon:0.203061

18800-loss_z:38.547665,accu:0.202532,loss_recon:0.432075

19000-loss_z:0.083994,accu:0.989837,loss_recon:0.203453

19000-loss_z:39.147419,accu:0.202532,loss_recon:0.424082

19200-loss_z:0.083308,accu:0.989063,loss_recon:0.201115

19200-loss_z:39.753307,accu:0.202532,loss_recon:0.425405

19400-loss_z:0.081322,accu:0.988086,loss_recon:0.201626

19400-loss_z:40.297562,accu:0.189873,loss_recon:0.431096

19600-loss_z:0.077616,accu:0.989473,loss_recon:0.202981

19600-loss_z:40.857677,accu:0.189873,loss_recon:0.428462

19800-loss_z:0.075345,accu:0.990964,loss_recon:0.19824

19800-loss_z:41.349358,accu:0.189873,loss_recon:0.43751

20000-loss_z:0.074611,accu:0.990664,loss_recon:0.198643

20000-loss_z:41.883816,accu:0.189873,loss_recon:0.435085

Continue training
New FC model is initialized
200-loss_z:2.632528,accu:0.174997,loss_recon:1.457556

200-loss_z:2.653063,accu:0.088608,loss_recon:0.830058

400-loss_z:2.024007,accu:0.281797,loss_recon:0.502511

400-loss_z:2.602466,accu:0.088608,loss_recon:0.579642

600-loss_z:1.71869,accu:0.388158,loss_recon:0.401062

600-loss_z:2.609981,accu:0.075949,loss_recon:0.517173

800-loss_z:1.505766,accu:0.446302,loss_recon:0.358684

800-loss_z:2.609201,accu:0.113924,loss_recon:0.48296

1000-loss_z:1.35724,accu:0.479785,loss_recon:0.322966

1000-loss_z:2.639905,accu:0.139241,loss_recon:0.463163

1200-loss_z:1.246581,accu:0.521816,loss_recon:0.309332

1200-loss_z:2.669287,accu:0.164557,loss_recon:0.449607

1400-loss_z:1.151839,accu:0.571882,loss_recon:0.296653

1400-loss_z:2.737627,accu:0.139241,loss_recon:0.441874

1600-loss_z:1.081063,accu:0.598919,loss_recon:0.287137

1600-loss_z:2.829079,accu:0.177215,loss_recon:0.438468

1800-loss_z:1.015306,accu:0.61916,loss_recon:0.283437

1800-loss_z:2.916962,accu:0.21519,loss_recon:0.416652

2000-loss_z:0.959455,accu:0.650547,loss_recon:0.274089

2000-loss_z:3.009969,accu:0.21519,loss_recon:0.41551

2200-loss_z:0.907203,accu:0.690299,loss_recon:0.26631

2200-loss_z:3.082444,accu:0.227848,loss_recon:0.411159

2400-loss_z:0.872258,accu:0.710684,loss_recon:0.263077

2400-loss_z:3.205881,accu:0.202532,loss_recon:0.409997

2600-loss_z:0.82774,accu:0.728431,loss_recon:0.260679

2600-loss_z:3.303083,accu:0.253165,loss_recon:0.400938

2800-loss_z:0.797253,accu:0.738242,loss_recon:0.256982

2800-loss_z:3.421193,accu:0.253165,loss_recon:0.399466

3000-loss_z:0.764817,accu:0.747396,loss_recon:0.254244

3000-loss_z:3.553426,accu:0.240506,loss_recon:0.399661

3200-loss_z:0.732235,accu:0.770977,loss_recon:0.250112

3200-loss_z:3.671337,accu:0.227848,loss_recon:0.399776

3400-loss_z:0.709851,accu:0.771354,loss_recon:0.247009

3400-loss_z:3.795692,accu:0.240506,loss_recon:0.39626

3600-loss_z:0.692153,accu:0.784082,loss_recon:0.238489

3600-loss_z:3.925611,accu:0.265823,loss_recon:0.396881

3800-loss_z:0.661789,accu:0.791491,loss_recon:0.235257

3800-loss_z:4.08847,accu:0.265823,loss_recon:0.399963

4000-loss_z:0.640361,accu:0.797363,loss_recon:0.234438

4000-loss_z:4.207512,accu:0.291139,loss_recon:0.401359

4200-loss_z:0.624776,accu:0.815911,loss_recon:0.234113

4200-loss_z:4.349559,accu:0.253165,loss_recon:0.407213

4400-loss_z:0.602512,accu:0.821432,loss_recon:0.232375

4400-loss_z:4.521145,accu:0.240506,loss_recon:0.40636

4600-loss_z:0.591855,accu:0.82498,loss_recon:0.228636

4600-loss_z:4.648552,accu:0.303797,loss_recon:0.405035

4800-loss_z:0.574182,accu:0.830273,loss_recon:0.227919

4800-loss_z:4.800282,accu:0.278481,loss_recon:0.406592

5000-loss_z:0.566061,accu:0.834206,loss_recon:0.227586

5000-loss_z:4.985392,accu:0.291139,loss_recon:0.40892

5200-loss_z:0.545341,accu:0.843665,loss_recon:0.224048

5200-loss_z:5.137943,accu:0.35443,loss_recon:0.408687

5400-loss_z:0.535393,accu:0.844095,loss_recon:0.220695

5400-loss_z:5.321634,accu:0.329114,loss_recon:0.408318

5600-loss_z:0.528487,accu:0.843678,loss_recon:0.220288

5600-loss_z:5.457537,accu:0.316456,loss_recon:0.40671

5800-loss_z:0.518116,accu:0.840443,loss_recon:0.221217

5800-loss_z:5.640872,accu:0.303797,loss_recon:0.40719

6000-loss_z:0.506503,accu:0.852819,loss_recon:0.215861

6000-loss_z:5.801043,accu:0.316456,loss_recon:0.408283

6200-loss_z:0.49301,accu:0.853203,loss_recon:0.215542

6200-loss_z:5.991477,accu:0.291139,loss_recon:0.400747

6400-loss_z:0.490853,accu:0.844863,loss_recon:0.213147

6400-loss_z:6.123766,accu:0.316456,loss_recon:0.404769

6600-loss_z:0.473725,accu:0.857826,loss_recon:0.211789

6600-loss_z:6.33209,accu:0.278481,loss_recon:0.400063

6800-loss_z:0.464781,accu:0.865228,loss_recon:0.212503

6800-loss_z:6.469749,accu:0.329114,loss_recon:0.403118

7000-loss_z:0.459542,accu:0.861654,loss_recon:0.209387

7000-loss_z:6.664714,accu:0.341772,loss_recon:0.401437

7200-loss_z:0.452745,accu:0.862246,loss_recon:0.208102

7200-loss_z:6.804046,accu:0.303797,loss_recon:0.397886

7400-loss_z:0.445833,accu:0.86248,loss_recon:0.207203

7400-loss_z:6.977106,accu:0.316456,loss_recon:0.398398

7600-loss_z:0.442657,accu:0.858698,loss_recon:0.207885

7600-loss_z:7.183341,accu:0.316456,loss_recon:0.395069

7800-loss_z:0.4242,accu:0.86597,loss_recon:0.202292

7800-loss_z:7.320363,accu:0.291139,loss_recon:0.398863

8000-loss_z:0.424871,accu:0.863516,loss_recon:0.206445

8000-loss_z:7.507551,accu:0.316456,loss_recon:0.397308

8200-loss_z:0.420302,accu:0.872044,loss_recon:0.204488

8200-loss_z:7.672312,accu:0.329114,loss_recon:0.395622

8400-loss_z:0.415431,accu:0.866706,loss_recon:0.206491

8400-loss_z:7.828054,accu:0.316456,loss_recon:0.390305

8600-loss_z:0.405795,accu:0.868711,loss_recon:0.202499

8600-loss_z:8.005353,accu:0.316456,loss_recon:0.393804

8800-loss_z:0.395718,accu:0.879805,loss_recon:0.202947

8800-loss_z:8.144946,accu:0.316456,loss_recon:0.397074

9000-loss_z:0.392793,accu:0.881973,loss_recon:0.203039

9000-loss_z:8.341837,accu:0.316456,loss_recon:0.396004

9200-loss_z:0.389243,accu:0.877891,loss_recon:0.203654

9200-loss_z:8.510942,accu:0.329114,loss_recon:0.393494

9400-loss_z:0.382916,accu:0.877852,loss_recon:0.203936

9400-loss_z:8.697783,accu:0.316456,loss_recon:0.400553

9600-loss_z:0.377522,accu:0.883444,loss_recon:0.200892

9600-loss_z:8.855709,accu:0.341772,loss_recon:0.392705

9800-loss_z:0.371758,accu:0.882454,loss_recon:0.202684

9800-loss_z:9.053022,accu:0.316456,loss_recon:0.393732

10000-loss_z:0.367269,accu:0.886022,loss_recon:0.202266

10000-loss_z:9.240142,accu:0.341772,loss_recon:0.393464

10200-loss_z:0.361623,accu:0.894258,loss_recon:0.202105

10200-loss_z:9.400917,accu:0.341772,loss_recon:0.397443

10400-loss_z:0.355769,accu:0.888503,loss_recon:0.198955

10400-loss_z:9.571533,accu:0.341772,loss_recon:0.393922

10600-loss_z:0.348915,accu:0.891784,loss_recon:0.201003

10600-loss_z:9.790705,accu:0.35443,loss_recon:0.39275

10800-loss_z:0.349835,accu:0.891947,loss_recon:0.200003

10800-loss_z:9.984985,accu:0.341772,loss_recon:0.39787

11000-loss_z:0.341646,accu:0.895859,loss_recon:0.200984

11000-loss_z:10.150539,accu:0.35443,loss_recon:0.396967

11200-loss_z:0.341208,accu:0.898333,loss_recon:0.203807

11200-loss_z:10.364936,accu:0.35443,loss_recon:0.394477

11400-loss_z:0.332729,accu:0.895586,loss_recon:0.201914

11400-loss_z:10.591439,accu:0.341772,loss_recon:0.400876

11600-loss_z:0.33372,accu:0.905794,loss_recon:0.200993

11600-loss_z:10.759092,accu:0.341772,loss_recon:0.396017

11800-loss_z:0.327309,accu:0.904766,loss_recon:0.200297

11800-loss_z:10.9733,accu:0.341772,loss_recon:0.389565

12000-loss_z:0.322765,accu:0.907096,loss_recon:0.199812

12000-loss_z:11.241756,accu:0.341772,loss_recon:0.394775

12200-loss_z:0.321468,accu:0.905378,loss_recon:0.201442

12200-loss_z:11.383758,accu:0.329114,loss_recon:0.39752

12400-loss_z:0.317571,accu:0.907982,loss_recon:0.201432

12400-loss_z:11.560461,accu:0.341772,loss_recon:0.394524

12600-loss_z:0.312804,accu:0.90873,loss_recon:0.198588

12600-loss_z:11.760105,accu:0.341772,loss_recon:0.393938

12800-loss_z:0.30717,accu:0.912949,loss_recon:0.200066

12800-loss_z:11.971026,accu:0.341772,loss_recon:0.3902

13000-loss_z:0.304233,accu:0.907806,loss_recon:0.198827

13000-loss_z:12.165423,accu:0.341772,loss_recon:0.392484

13200-loss_z:0.303068,accu:0.907357,loss_recon:0.198593

13200-loss_z:12.338409,accu:0.341772,loss_recon:0.397113

13400-loss_z:0.302201,accu:0.911706,loss_recon:0.199772

13400-loss_z:12.549399,accu:0.341772,loss_recon:0.395785

13600-loss_z:0.29011,accu:0.915046,loss_recon:0.1976

13600-loss_z:12.66608,accu:0.329114,loss_recon:0.391625

13800-loss_z:0.290665,accu:0.914329,loss_recon:0.198686

13800-loss_z:12.863914,accu:0.341772,loss_recon:0.389396

14000-loss_z:0.285706,accu:0.917428,loss_recon:0.197223

14000-loss_z:13.034088,accu:0.341772,loss_recon:0.394763

14200-loss_z:0.281471,accu:0.92179,loss_recon:0.201832

14200-loss_z:13.163527,accu:0.341772,loss_recon:0.39644

14400-loss_z:0.279711,accu:0.922337,loss_recon:0.198362

14400-loss_z:13.328103,accu:0.341772,loss_recon:0.395889

14600-loss_z:0.278487,accu:0.922591,loss_recon:0.197295

14600-loss_z:13.446312,accu:0.341772,loss_recon:0.393679

14800-loss_z:0.270535,accu:0.924212,loss_recon:0.200434

14800-loss_z:13.559708,accu:0.341772,loss_recon:0.39451

15000-loss_z:0.270956,accu:0.923125,loss_recon:0.200525

15000-loss_z:13.630735,accu:0.341772,loss_recon:0.391162

15200-loss_z:0.268171,accu:0.923288,loss_recon:0.196834

15200-loss_z:13.810023,accu:0.35443,loss_recon:0.395209

15400-loss_z:0.262908,accu:0.930892,loss_recon:0.196316

15400-loss_z:13.95086,accu:0.35443,loss_recon:0.391827

15600-loss_z:0.263518,accu:0.926048,loss_recon:0.198117

15600-loss_z:14.143626,accu:0.341772,loss_recon:0.399347

15800-loss_z:0.256753,accu:0.930781,loss_recon:0.198362

15800-loss_z:14.358282,accu:0.367089,loss_recon:0.390692

16000-loss_z:0.254019,accu:0.932142,loss_recon:0.199238

16000-loss_z:14.507972,accu:0.341772,loss_recon:0.393269

16200-loss_z:0.249825,accu:0.93168,loss_recon:0.200597

16200-loss_z:14.795129,accu:0.35443,loss_recon:0.392265

16400-loss_z:0.247145,accu:0.934186,loss_recon:0.196458

16400-loss_z:15.0477,accu:0.35443,loss_recon:0.395118

16600-loss_z:0.24417,accu:0.936992,loss_recon:0.199786

16600-loss_z:15.239488,accu:0.35443,loss_recon:0.393345

16800-loss_z:0.240623,accu:0.941582,loss_recon:0.196816

16800-loss_z:15.632611,accu:0.367089,loss_recon:0.392987

17000-loss_z:0.23918,accu:0.939941,loss_recon:0.197036

17000-loss_z:15.990852,accu:0.35443,loss_recon:0.395556

17200-loss_z:0.234716,accu:0.940417,loss_recon:0.196581

17200-loss_z:16.305906,accu:0.35443,loss_recon:0.393024

17400-loss_z:0.231241,accu:0.946602,loss_recon:0.198449

17400-loss_z:16.632641,accu:0.392405,loss_recon:0.399648

17600-loss_z:0.228498,accu:0.950378,loss_recon:0.198159

17600-loss_z:16.9384,accu:0.392405,loss_recon:0.397597

17800-loss_z:0.225192,accu:0.955534,loss_recon:0.197674

17800-loss_z:17.267675,accu:0.379747,loss_recon:0.391869

18000-loss_z:0.220693,accu:0.956784,loss_recon:0.199465

18000-loss_z:17.566133,accu:0.405063,loss_recon:0.393045

18200-loss_z:0.215657,accu:0.957487,loss_recon:0.197106

18200-loss_z:17.901802,accu:0.367089,loss_recon:0.392787

18400-loss_z:0.209257,accu:0.962318,loss_recon:0.1958

18400-loss_z:18.1877,accu:0.405063,loss_recon:0.386314

18600-loss_z:0.207836,accu:0.962467,loss_recon:0.199173

18600-loss_z:18.50563,accu:0.35443,loss_recon:0.395263

18800-loss_z:0.205593,accu:0.964798,loss_recon:0.19913

18800-loss_z:18.83642,accu:0.379747,loss_recon:0.387729

19000-loss_z:0.200403,accu:0.964284,loss_recon:0.197558

19000-loss_z:19.067703,accu:0.392405,loss_recon:0.389119

19200-loss_z:0.198408,accu:0.96681,loss_recon:0.196787

19200-loss_z:19.269787,accu:0.379747,loss_recon:0.389535

19400-loss_z:0.194896,accu:0.966986,loss_recon:0.198437

19400-loss_z:19.434019,accu:0.367089,loss_recon:0.389396

19600-loss_z:0.191974,accu:0.966595,loss_recon:0.197159

19600-loss_z:19.664047,accu:0.405063,loss_recon:0.39391

19800-loss_z:0.190488,accu:0.967552,loss_recon:0.196326

19800-loss_z:19.940756,accu:0.405063,loss_recon:0.392638

20000-loss_z:0.187072,accu:0.971276,loss_recon:0.196447

20000-loss_z:20.016262,accu:0.405063,loss_recon:0.392137

Continue training
New FC model is initialized
200-loss_z:2.542868,accu:0.195397,loss_recon:1.864823

200-loss_z:2.523214,accu:0.101266,loss_recon:1.048376

400-loss_z:1.90012,accu:0.340827,loss_recon:0.604967

400-loss_z:2.43233,accu:0.126582,loss_recon:0.566014

600-loss_z:1.596808,accu:0.411302,loss_recon:0.414484

600-loss_z:2.480061,accu:0.126582,loss_recon:0.504001

800-loss_z:1.415205,accu:0.47599,loss_recon:0.358655

800-loss_z:2.578319,accu:0.164557,loss_recon:0.478839

1000-loss_z:1.268335,accu:0.521862,loss_recon:0.331147

1000-loss_z:2.669976,accu:0.164557,loss_recon:0.462649

1200-loss_z:1.164164,accu:0.561836,loss_recon:0.313731

1200-loss_z:2.770905,accu:0.189873,loss_recon:0.451195

1400-loss_z:1.074824,accu:0.591374,loss_recon:0.300181

1400-loss_z:2.897889,accu:0.202532,loss_recon:0.447793

1600-loss_z:1.004987,accu:0.637441,loss_recon:0.288489

1600-loss_z:3.040881,accu:0.202532,loss_recon:0.437226

1800-loss_z:0.943974,accu:0.674538,loss_recon:0.275361

1800-loss_z:3.140891,accu:0.202532,loss_recon:0.437943

2000-loss_z:0.888587,accu:0.687135,loss_recon:0.268809

2000-loss_z:3.298937,accu:0.227848,loss_recon:0.437815

2200-loss_z:0.844051,accu:0.704069,loss_recon:0.266353

2200-loss_z:3.461481,accu:0.202532,loss_recon:0.430876

2400-loss_z:0.803278,accu:0.718509,loss_recon:0.26026

2400-loss_z:3.600778,accu:0.240506,loss_recon:0.423751

2600-loss_z:0.773172,accu:0.723184,loss_recon:0.258524

2600-loss_z:3.761901,accu:0.202532,loss_recon:0.421176

2800-loss_z:0.737588,accu:0.740612,loss_recon:0.253812

2800-loss_z:3.943789,accu:0.240506,loss_recon:0.4234

3000-loss_z:0.71019,accu:0.747676,loss_recon:0.248004

3000-loss_z:4.099465,accu:0.240506,loss_recon:0.41228

3200-loss_z:0.685004,accu:0.755052,loss_recon:0.247243

3200-loss_z:4.267004,accu:0.227848,loss_recon:0.419102

3400-loss_z:0.66356,accu:0.763587,loss_recon:0.244293

3400-loss_z:4.427847,accu:0.240506,loss_recon:0.418279

3600-loss_z:0.636878,accu:0.76099,loss_recon:0.24298

3600-loss_z:4.587339,accu:0.21519,loss_recon:0.422728

3800-loss_z:0.621036,accu:0.768711,loss_recon:0.240632

3800-loss_z:4.788223,accu:0.21519,loss_recon:0.423546

4000-loss_z:0.602588,accu:0.77123,loss_recon:0.238772

4000-loss_z:4.954398,accu:0.253165,loss_recon:0.42713

4200-loss_z:0.580357,accu:0.782266,loss_recon:0.235833

4200-loss_z:5.115766,accu:0.227848,loss_recon:0.41928

4400-loss_z:0.564538,accu:0.794342,loss_recon:0.234148

4400-loss_z:5.308188,accu:0.278481,loss_recon:0.421019

4600-loss_z:0.545141,accu:0.80321,loss_recon:0.231655

4600-loss_z:5.469744,accu:0.253165,loss_recon:0.417277

4800-loss_z:0.524208,accu:0.819219,loss_recon:0.229052

4800-loss_z:5.614788,accu:0.291139,loss_recon:0.410228

5000-loss_z:0.510418,accu:0.826816,loss_recon:0.229062

5000-loss_z:5.806889,accu:0.278481,loss_recon:0.417164

5200-loss_z:0.498089,accu:0.825501,loss_recon:0.22766

5200-loss_z:5.990656,accu:0.303797,loss_recon:0.416742

5400-loss_z:0.483475,accu:0.837513,loss_recon:0.224516

5400-loss_z:6.164583,accu:0.291139,loss_recon:0.41246

5600-loss_z:0.470814,accu:0.846517,loss_recon:0.223276

5600-loss_z:6.324426,accu:0.291139,loss_recon:0.410173

5800-loss_z:0.458691,accu:0.853047,loss_recon:0.220345

5800-loss_z:6.513423,accu:0.303797,loss_recon:0.414213

6000-loss_z:0.444731,accu:0.866693,loss_recon:0.219861

6000-loss_z:6.69495,accu:0.303797,loss_recon:0.407419

6200-loss_z:0.43354,accu:0.86957,loss_recon:0.216271

6200-loss_z:6.876834,accu:0.303797,loss_recon:0.419659

6400-loss_z:0.422402,accu:0.876862,loss_recon:0.215179

6400-loss_z:7.076047,accu:0.303797,loss_recon:0.420242

6600-loss_z:0.411866,accu:0.881921,loss_recon:0.213211

6600-loss_z:7.312112,accu:0.303797,loss_recon:0.418916

6800-loss_z:0.405387,accu:0.884564,loss_recon:0.211434

6800-loss_z:7.461055,accu:0.303797,loss_recon:0.43191

7000-loss_z:0.392763,accu:0.88748,loss_recon:0.210907

7000-loss_z:7.716154,accu:0.303797,loss_recon:0.419898

7200-loss_z:0.381309,accu:0.887409,loss_recon:0.208446

7200-loss_z:7.894819,accu:0.278481,loss_recon:0.428269

7400-loss_z:0.369618,accu:0.897813,loss_recon:0.206677

7400-loss_z:8.075039,accu:0.303797,loss_recon:0.430269

7600-loss_z:0.363262,accu:0.891419,loss_recon:0.205486

7600-loss_z:8.300554,accu:0.303797,loss_recon:0.435804

7800-loss_z:0.358546,accu:0.899141,loss_recon:0.207073

7800-loss_z:8.480901,accu:0.316456,loss_recon:0.438904

8000-loss_z:0.345315,accu:0.900182,loss_recon:0.204388

8000-loss_z:8.734619,accu:0.303797,loss_recon:0.435908

8200-loss_z:0.340732,accu:0.901198,loss_recon:0.205834

8200-loss_z:8.937224,accu:0.303797,loss_recon:0.440994

8400-loss_z:0.334195,accu:0.905072,loss_recon:0.202682

8400-loss_z:9.146662,accu:0.303797,loss_recon:0.448842

8600-loss_z:0.325591,accu:0.909557,loss_recon:0.202852

8600-loss_z:9.321619,accu:0.291139,loss_recon:0.443299

8800-loss_z:0.314993,accu:0.91043,loss_recon:0.201792

8800-loss_z:9.575942,accu:0.303797,loss_recon:0.444386

9000-loss_z:0.311161,accu:0.916178,loss_recon:0.203432

9000-loss_z:9.756443,accu:0.278481,loss_recon:0.446888

9200-loss_z:0.308489,accu:0.915964,loss_recon:0.203389

9200-loss_z:9.967407,accu:0.303797,loss_recon:0.446857

9400-loss_z:0.296996,accu:0.918574,loss_recon:0.200949

9400-loss_z:10.225482,accu:0.291139,loss_recon:0.448927

9600-loss_z:0.291943,accu:0.916224,loss_recon:0.20092

9600-loss_z:10.42993,accu:0.291139,loss_recon:0.444232

9800-loss_z:0.287542,accu:0.921979,loss_recon:0.200609

9800-loss_z:10.669376,accu:0.278481,loss_recon:0.456739

10000-loss_z:0.279148,accu:0.925326,loss_recon:0.199521

10000-loss_z:10.880249,accu:0.303797,loss_recon:0.453338

10200-loss_z:0.273428,accu:0.923086,loss_recon:0.198431

10200-loss_z:11.120234,accu:0.265823,loss_recon:0.447332

10400-loss_z:0.264104,accu:0.922682,loss_recon:0.19882

10400-loss_z:11.32927,accu:0.291139,loss_recon:0.455324

10600-loss_z:0.260453,accu:0.922376,loss_recon:0.198622

10600-loss_z:11.53861,accu:0.303797,loss_recon:0.458497

10800-loss_z:0.255348,accu:0.92946,loss_recon:0.199351

10800-loss_z:11.749985,accu:0.303797,loss_recon:0.451189

11000-loss_z:0.252673,accu:0.928281,loss_recon:0.197018

11000-loss_z:11.99491,accu:0.291139,loss_recon:0.453885

11200-loss_z:0.242589,accu:0.933014,loss_recon:0.197229

11200-loss_z:12.225401,accu:0.303797,loss_recon:0.448958

11400-loss_z:0.240618,accu:0.93459,loss_recon:0.197739

11400-loss_z:12.466791,accu:0.278481,loss_recon:0.448569

11600-loss_z:0.238439,accu:0.937598,loss_recon:0.196092

11600-loss_z:12.680624,accu:0.303797,loss_recon:0.45462

11800-loss_z:0.229463,accu:0.94377,loss_recon:0.197514

11800-loss_z:12.967779,accu:0.291139,loss_recon:0.448963

12000-loss_z:0.221541,accu:0.939342,loss_recon:0.196673

12000-loss_z:13.211134,accu:0.278481,loss_recon:0.458847

12200-loss_z:0.219186,accu:0.941322,loss_recon:0.197944

12200-loss_z:13.442737,accu:0.291139,loss_recon:0.457438

12400-loss_z:0.214713,accu:0.944128,loss_recon:0.196778

12400-loss_z:13.679959,accu:0.291139,loss_recon:0.454473

12600-loss_z:0.208259,accu:0.948073,loss_recon:0.19572

12600-loss_z:13.97916,accu:0.278481,loss_recon:0.454075

12800-loss_z:0.205774,accu:0.948535,loss_recon:0.195156

12800-loss_z:14.305939,accu:0.291139,loss_recon:0.452682

13000-loss_z:0.202253,accu:0.946908,loss_recon:0.197389

13000-loss_z:14.608077,accu:0.291139,loss_recon:0.458798

13200-loss_z:0.19784,accu:0.948887,loss_recon:0.196392

13200-loss_z:14.912391,accu:0.291139,loss_recon:0.455465

13400-loss_z:0.192226,accu:0.956048,loss_recon:0.194109

13400-loss_z:15.223317,accu:0.265823,loss_recon:0.455584

13600-loss_z:0.190421,accu:0.952832,loss_recon:0.195313

13600-loss_z:15.53271,accu:0.265823,loss_recon:0.460869

13800-loss_z:0.184989,accu:0.956517,loss_recon:0.195407

13800-loss_z:15.798056,accu:0.278481,loss_recon:0.463806

14000-loss_z:0.183585,accu:0.958151,loss_recon:0.192325

14000-loss_z:16.117043,accu:0.278481,loss_recon:0.455608

14200-loss_z:0.175957,accu:0.95918,loss_recon:0.193413

14200-loss_z:16.395947,accu:0.278481,loss_recon:0.451983

14400-loss_z:0.173863,accu:0.961035,loss_recon:0.193204

14400-loss_z:16.765028,accu:0.291139,loss_recon:0.450069

14600-loss_z:0.171305,accu:0.962565,loss_recon:0.192818

14600-loss_z:17.080515,accu:0.278481,loss_recon:0.458539

14800-loss_z:0.167555,accu:0.965384,loss_recon:0.193272

14800-loss_z:17.393478,accu:0.265823,loss_recon:0.451883

15000-loss_z:0.165364,accu:0.965176,loss_recon:0.191852

15000-loss_z:17.654741,accu:0.253165,loss_recon:0.446977

15200-loss_z:0.162284,accu:0.965781,loss_recon:0.191097

15200-loss_z:17.989286,accu:0.253165,loss_recon:0.457203

15400-loss_z:0.158897,accu:0.967721,loss_recon:0.193092

15400-loss_z:18.307587,accu:0.253165,loss_recon:0.457428

15600-loss_z:0.155553,accu:0.968535,loss_recon:0.192847

15600-loss_z:18.665024,accu:0.253165,loss_recon:0.463512

15800-loss_z:0.152149,accu:0.972982,loss_recon:0.192842

15800-loss_z:18.973047,accu:0.240506,loss_recon:0.447471

16000-loss_z:0.148697,accu:0.975221,loss_recon:0.191431

16000-loss_z:19.333406,accu:0.240506,loss_recon:0.45254

16200-loss_z:0.145659,accu:0.975768,loss_recon:0.189226

16200-loss_z:19.651655,accu:0.253165,loss_recon:0.451499

16400-loss_z:0.143632,accu:0.97431,loss_recon:0.190777

16400-loss_z:19.980543,accu:0.253165,loss_recon:0.457817

16600-loss_z:0.142478,accu:0.975039,loss_recon:0.19345

16600-loss_z:20.320177,accu:0.253165,loss_recon:0.462692

16800-loss_z:0.136855,accu:0.978971,loss_recon:0.190417

16800-loss_z:20.670366,accu:0.253165,loss_recon:0.45429

17000-loss_z:0.136934,accu:0.978105,loss_recon:0.191182

17000-loss_z:21.093061,accu:0.240506,loss_recon:0.464682

17200-loss_z:0.132574,accu:0.978828,loss_recon:0.189797

17200-loss_z:21.45286,accu:0.253165,loss_recon:0.45312

17400-loss_z:0.12955,accu:0.979909,loss_recon:0.191776

17400-loss_z:21.81267,accu:0.240506,loss_recon:0.462452

17600-loss_z:0.129893,accu:0.979772,loss_recon:0.19012

17600-loss_z:22.239538,accu:0.253165,loss_recon:0.45712

17800-loss_z:0.123687,accu:0.98026,loss_recon:0.189904

17800-loss_z:22.590879,accu:0.253165,loss_recon:0.454491

18000-loss_z:0.122589,accu:0.983913,loss_recon:0.189044

18000-loss_z:22.908722,accu:0.265823,loss_recon:0.456541

18200-loss_z:0.118677,accu:0.983555,loss_recon:0.191212

18200-loss_z:23.320621,accu:0.253165,loss_recon:0.453834

18400-loss_z:0.119137,accu:0.983587,loss_recon:0.191025

18400-loss_z:23.658176,accu:0.253165,loss_recon:0.458114

18600-loss_z:0.117481,accu:0.98403,loss_recon:0.190788

18600-loss_z:24.050795,accu:0.253165,loss_recon:0.455822

18800-loss_z:0.113027,accu:0.985234,loss_recon:0.188672

18800-loss_z:24.339071,accu:0.253165,loss_recon:0.447615

19000-loss_z:0.112918,accu:0.984818,loss_recon:0.190367

19000-loss_z:24.666603,accu:0.253165,loss_recon:0.457214

19200-loss_z:0.110088,accu:0.985358,loss_recon:0.188377

19200-loss_z:24.978016,accu:0.253165,loss_recon:0.452318

19400-loss_z:0.107854,accu:0.987695,loss_recon:0.191428

19400-loss_z:25.280148,accu:0.253165,loss_recon:0.451731

19600-loss_z:0.105903,accu:0.985273,loss_recon:0.189395

19600-loss_z:25.628405,accu:0.253165,loss_recon:0.457645

19800-loss_z:0.102951,accu:0.986387,loss_recon:0.190102

19800-loss_z:25.943523,accu:0.253165,loss_recon:0.45966

20000-loss_z:0.100901,accu:0.98763,loss_recon:0.189691

20000-loss_z:26.258434,accu:0.253165,loss_recon:0.460676

Continue training
New FC model is initialized
200-loss_z:2.526662,accu:0.19129,loss_recon:1.397562

200-loss_z:2.527873,accu:0.088608,loss_recon:0.816882

400-loss_z:1.840117,accu:0.354505,loss_recon:0.49388

400-loss_z:2.488491,accu:0.113924,loss_recon:0.507659

600-loss_z:1.538882,accu:0.442396,loss_recon:0.369031

600-loss_z:2.593476,accu:0.113924,loss_recon:0.458827

800-loss_z:1.368301,accu:0.497702,loss_recon:0.33132

800-loss_z:2.672592,accu:0.126582,loss_recon:0.427174

1000-loss_z:1.235723,accu:0.541589,loss_recon:0.305045

1000-loss_z:2.792392,accu:0.126582,loss_recon:0.409004

1200-loss_z:1.125639,accu:0.594714,loss_recon:0.291161

1200-loss_z:2.941819,accu:0.151899,loss_recon:0.402592

1400-loss_z:1.043206,accu:0.637129,loss_recon:0.277392

1400-loss_z:3.054266,accu:0.189873,loss_recon:0.400758

1600-loss_z:0.967985,accu:0.654577,loss_recon:0.278624

1600-loss_z:3.230631,accu:0.177215,loss_recon:0.405076

1800-loss_z:0.914315,accu:0.669701,loss_recon:0.2726

1800-loss_z:3.426481,accu:0.21519,loss_recon:0.406594

2000-loss_z:0.860885,accu:0.700768,loss_recon:0.270805

2000-loss_z:3.582986,accu:0.189873,loss_recon:0.404512

2200-loss_z:0.816763,accu:0.700983,loss_recon:0.263895

2200-loss_z:3.698989,accu:0.21519,loss_recon:0.407782

2400-loss_z:0.781215,accu:0.724134,loss_recon:0.263935

2400-loss_z:3.835462,accu:0.253165,loss_recon:0.409178

2600-loss_z:0.748971,accu:0.726999,loss_recon:0.259647

2600-loss_z:3.980469,accu:0.253165,loss_recon:0.414252

2800-loss_z:0.708844,accu:0.756198,loss_recon:0.259912

2800-loss_z:4.121168,accu:0.253165,loss_recon:0.417249

3000-loss_z:0.684063,accu:0.772331,loss_recon:0.254785

3000-loss_z:4.28842,accu:0.253165,loss_recon:0.425876

3200-loss_z:0.650566,accu:0.78612,loss_recon:0.255539

3200-loss_z:4.461164,accu:0.278481,loss_recon:0.422754

3400-loss_z:0.628191,accu:0.799258,loss_recon:0.250091

3400-loss_z:4.604211,accu:0.278481,loss_recon:0.418337

3600-loss_z:0.608073,accu:0.809167,loss_recon:0.252188

3600-loss_z:4.771615,accu:0.253165,loss_recon:0.419767

3800-loss_z:0.584863,accu:0.829609,loss_recon:0.251088

3800-loss_z:4.930599,accu:0.265823,loss_recon:0.423976

4000-loss_z:0.569002,accu:0.836393,loss_recon:0.250002

4000-loss_z:5.109787,accu:0.265823,loss_recon:0.425971

4200-loss_z:0.552598,accu:0.841973,loss_recon:0.250667

4200-loss_z:5.285459,accu:0.265823,loss_recon:0.423515

4400-loss_z:0.538389,accu:0.845508,loss_recon:0.252587

4400-loss_z:5.458056,accu:0.265823,loss_recon:0.424349

4600-loss_z:0.515924,accu:0.855638,loss_recon:0.249293

4600-loss_z:5.659633,accu:0.253165,loss_recon:0.431104

4800-loss_z:0.502972,accu:0.864453,loss_recon:0.251008

4800-loss_z:5.813235,accu:0.265823,loss_recon:0.421569

5000-loss_z:0.489994,accu:0.865293,loss_recon:0.246812

5000-loss_z:6.050222,accu:0.265823,loss_recon:0.429238

5200-loss_z:0.477168,accu:0.86584,loss_recon:0.247516

5200-loss_z:6.240493,accu:0.265823,loss_recon:0.427257

5400-loss_z:0.464592,accu:0.877454,loss_recon:0.24685

5400-loss_z:6.418918,accu:0.278481,loss_recon:0.428929

5600-loss_z:0.451211,accu:0.878555,loss_recon:0.249288

5600-loss_z:6.634882,accu:0.265823,loss_recon:0.424416

5800-loss_z:0.440539,accu:0.880566,loss_recon:0.244818

5800-loss_z:6.87355,accu:0.278481,loss_recon:0.426792

6000-loss_z:0.428903,accu:0.88,loss_recon:0.244968

6000-loss_z:7.075198,accu:0.278481,loss_recon:0.426362

6200-loss_z:0.419976,accu:0.887311,loss_recon:0.243796

6200-loss_z:7.262175,accu:0.278481,loss_recon:0.425453

6400-loss_z:0.410179,accu:0.887077,loss_recon:0.245405

6400-loss_z:7.511015,accu:0.278481,loss_recon:0.423911

6600-loss_z:0.399718,accu:0.890111,loss_recon:0.2451

6600-loss_z:7.71063,accu:0.291139,loss_recon:0.427108

6800-loss_z:0.390208,accu:0.889063,loss_recon:0.244445

6800-loss_z:7.970208,accu:0.265823,loss_recon:0.43171

7000-loss_z:0.382226,accu:0.892005,loss_recon:0.244332

7000-loss_z:8.153785,accu:0.278481,loss_recon:0.434802

7200-loss_z:0.369776,accu:0.893861,loss_recon:0.242392

7200-loss_z:8.376093,accu:0.278481,loss_recon:0.428276

7400-loss_z:0.362123,accu:0.895078,loss_recon:0.244413

7400-loss_z:8.545835,accu:0.303797,loss_recon:0.430458

7600-loss_z:0.351788,accu:0.900697,loss_recon:0.242779

7600-loss_z:8.807962,accu:0.278481,loss_recon:0.429451

7800-loss_z:0.349823,accu:0.896426,loss_recon:0.242235

7800-loss_z:9.020363,accu:0.291139,loss_recon:0.430235

8000-loss_z:0.340362,accu:0.905475,loss_recon:0.241782

8000-loss_z:9.215199,accu:0.278481,loss_recon:0.430617

8200-loss_z:0.334832,accu:0.903053,loss_recon:0.239589

8200-loss_z:9.45612,accu:0.278481,loss_recon:0.432349

8400-loss_z:0.327296,accu:0.909596,loss_recon:0.24139

8400-loss_z:9.663347,accu:0.291139,loss_recon:0.435084

8600-loss_z:0.320351,accu:0.910905,loss_recon:0.239969

8600-loss_z:9.869386,accu:0.278481,loss_recon:0.431839

8800-loss_z:0.312802,accu:0.917819,loss_recon:0.243394

8800-loss_z:10.07402,accu:0.265823,loss_recon:0.426116

9000-loss_z:0.307408,accu:0.915423,loss_recon:0.239591

9000-loss_z:10.30941,accu:0.303797,loss_recon:0.424239

9200-loss_z:0.295855,accu:0.922669,loss_recon:0.242375

9200-loss_z:10.52085,accu:0.303797,loss_recon:0.421382

9400-loss_z:0.295672,accu:0.916361,loss_recon:0.236102

9400-loss_z:10.751631,accu:0.278481,loss_recon:0.420256

9600-loss_z:0.285531,accu:0.920977,loss_recon:0.235768

9600-loss_z:10.883051,accu:0.303797,loss_recon:0.415863

9800-loss_z:0.275846,accu:0.926979,loss_recon:0.23453

9800-loss_z:11.087368,accu:0.291139,loss_recon:0.413553

10000-loss_z:0.272271,accu:0.927995,loss_recon:0.22892

10000-loss_z:11.255128,accu:0.278481,loss_recon:0.418145

10200-loss_z:0.271088,accu:0.921908,loss_recon:0.228099

10200-loss_z:11.472207,accu:0.278481,loss_recon:0.415066

10400-loss_z:0.264651,accu:0.930931,loss_recon:0.230008

10400-loss_z:11.692257,accu:0.278481,loss_recon:0.411479

10600-loss_z:0.256055,accu:0.932064,loss_recon:0.228906

10600-loss_z:11.895664,accu:0.278481,loss_recon:0.410648

10800-loss_z:0.252398,accu:0.942565,loss_recon:0.22736

10800-loss_z:12.102509,accu:0.265823,loss_recon:0.410985

11000-loss_z:0.245187,accu:0.943783,loss_recon:0.225843

11000-loss_z:12.276089,accu:0.265823,loss_recon:0.414029

11200-loss_z:0.242816,accu:0.94776,loss_recon:0.227851

11200-loss_z:12.501813,accu:0.253165,loss_recon:0.414664

11400-loss_z:0.239359,accu:0.953704,loss_recon:0.221641

11400-loss_z:12.742596,accu:0.265823,loss_recon:0.414471

11600-loss_z:0.231934,accu:0.958861,loss_recon:0.218551

11600-loss_z:12.871797,accu:0.253165,loss_recon:0.41245

11800-loss_z:0.226919,accu:0.957422,loss_recon:0.22275

11800-loss_z:13.056882,accu:0.265823,loss_recon:0.415684

12000-loss_z:0.221517,accu:0.960703,loss_recon:0.216926

12000-loss_z:13.249033,accu:0.253165,loss_recon:0.415214

12200-loss_z:0.216342,accu:0.963822,loss_recon:0.219043

12200-loss_z:13.413778,accu:0.253165,loss_recon:0.407395

12400-loss_z:0.21119,accu:0.965417,loss_recon:0.219469

12400-loss_z:13.673729,accu:0.253165,loss_recon:0.409771

12600-loss_z:0.20825,accu:0.964336,loss_recon:0.218996

12600-loss_z:13.816257,accu:0.265823,loss_recon:0.412706

12800-loss_z:0.203813,accu:0.966654,loss_recon:0.215542

12800-loss_z:14.094064,accu:0.240506,loss_recon:0.409575

13000-loss_z:0.198769,accu:0.970046,loss_recon:0.21743

13000-loss_z:14.320584,accu:0.253165,loss_recon:0.411536

13200-loss_z:0.197359,accu:0.971465,loss_recon:0.217169

13200-loss_z:14.578763,accu:0.265823,loss_recon:0.407842

13400-loss_z:0.192378,accu:0.973216,loss_recon:0.215194

13400-loss_z:14.880651,accu:0.265823,loss_recon:0.409054

13600-loss_z:0.185695,accu:0.97446,loss_recon:0.215425

13600-loss_z:15.131764,accu:0.253165,loss_recon:0.40521

13800-loss_z:0.184739,accu:0.976686,loss_recon:0.212824

13800-loss_z:15.392417,accu:0.265823,loss_recon:0.403615

14000-loss_z:0.177272,accu:0.976934,loss_recon:0.215734

14000-loss_z:15.595922,accu:0.253165,loss_recon:0.409731

14200-loss_z:0.176322,accu:0.980951,loss_recon:0.214373

14200-loss_z:15.872481,accu:0.253165,loss_recon:0.410914

14400-loss_z:0.169813,accu:0.983587,loss_recon:0.214416

14400-loss_z:16.123993,accu:0.265823,loss_recon:0.408944

14600-loss_z:0.165941,accu:0.984297,loss_recon:0.211554

14600-loss_z:16.362448,accu:0.278481,loss_recon:0.411563

14800-loss_z:0.1638,accu:0.982578,loss_recon:0.211291

14800-loss_z:16.547129,accu:0.278481,loss_recon:0.406493

15000-loss_z:0.158167,accu:0.985977,loss_recon:0.211171

15000-loss_z:16.749374,accu:0.278481,loss_recon:0.407138

15200-loss_z:0.154666,accu:0.985046,loss_recon:0.21103

15200-loss_z:17.000553,accu:0.265823,loss_recon:0.406486

15400-loss_z:0.152313,accu:0.98877,loss_recon:0.208261

15400-loss_z:17.265636,accu:0.253165,loss_recon:0.412371

15600-loss_z:0.150771,accu:0.98832,loss_recon:0.212076

15600-loss_z:17.462458,accu:0.253165,loss_recon:0.404131

15800-loss_z:0.145986,accu:0.988366,loss_recon:0.209467

15800-loss_z:17.655716,accu:0.253165,loss_recon:0.404807

16000-loss_z:0.142676,accu:0.990072,loss_recon:0.20844

16000-loss_z:17.916948,accu:0.265823,loss_recon:0.405189

16200-loss_z:0.139381,accu:0.991029,loss_recon:0.208547

16200-loss_z:18.127859,accu:0.240506,loss_recon:0.409273

16400-loss_z:0.134991,accu:0.993125,loss_recon:0.209432

16400-loss_z:18.358332,accu:0.253165,loss_recon:0.396033

16600-loss_z:0.132451,accu:0.994121,loss_recon:0.209195

16600-loss_z:18.574837,accu:0.253165,loss_recon:0.402506

16800-loss_z:0.130606,accu:0.995905,loss_recon:0.207691

16800-loss_z:18.849813,accu:0.253165,loss_recon:0.401464

17000-loss_z:0.127076,accu:0.996035,loss_recon:0.206367

17000-loss_z:19.065689,accu:0.253165,loss_recon:0.409936

17200-loss_z:0.123487,accu:0.996243,loss_recon:0.209007

17200-loss_z:19.314808,accu:0.253165,loss_recon:0.404866

17400-loss_z:0.12043,accu:0.996289,loss_recon:0.206877

17400-loss_z:19.529572,accu:0.253165,loss_recon:0.400597

17600-loss_z:0.118725,accu:0.997533,loss_recon:0.206248

17600-loss_z:19.701752,accu:0.253165,loss_recon:0.40802

17800-loss_z:0.115229,accu:0.997344,loss_recon:0.20649

17800-loss_z:19.968367,accu:0.240506,loss_recon:0.401019

18000-loss_z:0.113058,accu:0.997962,loss_recon:0.207807

18000-loss_z:20.132044,accu:0.265823,loss_recon:0.401957

18200-loss_z:0.11101,accu:0.999368,loss_recon:0.204575

18200-loss_z:20.350338,accu:0.253165,loss_recon:0.400674

18400-loss_z:0.107143,accu:0.998757,loss_recon:0.203544

18400-loss_z:20.545931,accu:0.253165,loss_recon:0.401266

18600-loss_z:0.104091,accu:0.999857,loss_recon:0.203907

18600-loss_z:20.765375,accu:0.240506,loss_recon:0.404515

18800-loss_z:0.103043,accu:0.999779,loss_recon:0.20314

18800-loss_z:20.986307,accu:0.240506,loss_recon:0.403196

19000-loss_z:0.100847,accu:0.99974,loss_recon:0.203611

19000-loss_z:21.196884,accu:0.253165,loss_recon:0.398901

19200-loss_z:0.098036,accu:1.0,loss_recon:0.205479

19200-loss_z:21.449202,accu:0.240506,loss_recon:0.404121

19400-loss_z:0.094389,accu:1.0,loss_recon:0.202484

19400-loss_z:21.711418,accu:0.240506,loss_recon:0.402216

19600-loss_z:0.09322,accu:1.0,loss_recon:0.2033

19600-loss_z:21.905548,accu:0.265823,loss_recon:0.404043

19800-loss_z:0.090912,accu:0.999902,loss_recon:0.202103

19800-loss_z:22.147417,accu:0.240506,loss_recon:0.398989

20000-loss_z:0.088358,accu:1.0,loss_recon:0.203755

20000-loss_z:22.323086,accu:0.265823,loss_recon:0.403905

Continue training
New FC model is initialized
200-loss_z:2.563402,accu:0.197483,loss_recon:1.66745

200-loss_z:2.623722,accu:0.088608,loss_recon:0.896898

400-loss_z:1.895255,accu:0.350352,loss_recon:0.584638

400-loss_z:2.594781,accu:0.126582,loss_recon:0.556078

600-loss_z:1.585179,accu:0.437533,loss_recon:0.41795

600-loss_z:2.622417,accu:0.126582,loss_recon:0.481474

800-loss_z:1.40196,accu:0.501458,loss_recon:0.371194

800-loss_z:2.664379,accu:0.139241,loss_recon:0.445019

1000-loss_z:1.267341,accu:0.535527,loss_recon:0.349111

1000-loss_z:2.732316,accu:0.164557,loss_recon:0.426239

1200-loss_z:1.163568,accu:0.581901,loss_recon:0.331429

1200-loss_z:2.828371,accu:0.126582,loss_recon:0.419602

1400-loss_z:1.07409,accu:0.620599,loss_recon:0.319028

1400-loss_z:2.974081,accu:0.177215,loss_recon:0.409347

1600-loss_z:1.011586,accu:0.654063,loss_recon:0.312796

1600-loss_z:3.100343,accu:0.177215,loss_recon:0.403693

1800-loss_z:0.952363,accu:0.675697,loss_recon:0.30242

1800-loss_z:3.310396,accu:0.202532,loss_recon:0.40079

2000-loss_z:0.904784,accu:0.69707,loss_recon:0.297227

2000-loss_z:3.500805,accu:0.189873,loss_recon:0.404114

2200-loss_z:0.849962,accu:0.705599,loss_recon:0.291533

2200-loss_z:3.712762,accu:0.177215,loss_recon:0.412004

2400-loss_z:0.814882,accu:0.721426,loss_recon:0.284522

2400-loss_z:3.963314,accu:0.189873,loss_recon:0.409584

2600-loss_z:0.777313,accu:0.731009,loss_recon:0.279438

2600-loss_z:4.214373,accu:0.177215,loss_recon:0.4054

2800-loss_z:0.740285,accu:0.752656,loss_recon:0.270091

2800-loss_z:4.469378,accu:0.164557,loss_recon:0.401839

3000-loss_z:0.712611,accu:0.756849,loss_recon:0.268151

3000-loss_z:4.789375,accu:0.227848,loss_recon:0.399577

3200-loss_z:0.687751,accu:0.777923,loss_recon:0.26179

3200-loss_z:5.054291,accu:0.227848,loss_recon:0.393293

3400-loss_z:0.663623,accu:0.783678,loss_recon:0.261149

3400-loss_z:5.355039,accu:0.21519,loss_recon:0.396349

3600-loss_z:0.643078,accu:0.786263,loss_recon:0.250759

3600-loss_z:5.645984,accu:0.21519,loss_recon:0.399553

3800-loss_z:0.619123,accu:0.809154,loss_recon:0.244034

3800-loss_z:5.941277,accu:0.253165,loss_recon:0.409564

4000-loss_z:0.59651,accu:0.812624,loss_recon:0.240384

4000-loss_z:6.289102,accu:0.240506,loss_recon:0.400908

4200-loss_z:0.575864,accu:0.82873,loss_recon:0.234981

4200-loss_z:6.635739,accu:0.240506,loss_recon:0.410166

4400-loss_z:0.557644,accu:0.839049,loss_recon:0.230149

4400-loss_z:6.960193,accu:0.240506,loss_recon:0.401821

4600-loss_z:0.541794,accu:0.85071,loss_recon:0.227976

4600-loss_z:7.329009,accu:0.21519,loss_recon:0.402411

4800-loss_z:0.523339,accu:0.859922,loss_recon:0.225512

4800-loss_z:7.648446,accu:0.240506,loss_recon:0.402853

5000-loss_z:0.510021,accu:0.861764,loss_recon:0.222692

5000-loss_z:7.989079,accu:0.253165,loss_recon:0.40805

5200-loss_z:0.49684,accu:0.862956,loss_recon:0.221378

5200-loss_z:8.309971,accu:0.253165,loss_recon:0.408754

5400-loss_z:0.477775,accu:0.875417,loss_recon:0.217952

5400-loss_z:8.68138,accu:0.253165,loss_recon:0.398542

5600-loss_z:0.470661,accu:0.876934,loss_recon:0.216266

5600-loss_z:9.051729,accu:0.240506,loss_recon:0.399856

5800-loss_z:0.45455,accu:0.887051,loss_recon:0.214284

5800-loss_z:9.375829,accu:0.240506,loss_recon:0.393162

6000-loss_z:0.441102,accu:0.894128,loss_recon:0.210395

6000-loss_z:9.719938,accu:0.278481,loss_recon:0.398337

6200-loss_z:0.430692,accu:0.890918,loss_recon:0.210817

6200-loss_z:10.065713,accu:0.278481,loss_recon:0.394179

6400-loss_z:0.416461,accu:0.897539,loss_recon:0.208696

6400-loss_z:10.447086,accu:0.253165,loss_recon:0.390719

6600-loss_z:0.40245,accu:0.903574,loss_recon:0.208781

6600-loss_z:10.842157,accu:0.265823,loss_recon:0.386204

6800-loss_z:0.396116,accu:0.909395,loss_recon:0.206423

6800-loss_z:11.197329,accu:0.278481,loss_recon:0.386579

7000-loss_z:0.38659,accu:0.912552,loss_recon:0.20516

7000-loss_z:11.560414,accu:0.253165,loss_recon:0.38843

7200-loss_z:0.378158,accu:0.91224,loss_recon:0.203741

7200-loss_z:11.923188,accu:0.278481,loss_recon:0.391069

7400-loss_z:0.362557,accu:0.91153,loss_recon:0.202236

7400-loss_z:12.324484,accu:0.240506,loss_recon:0.3941

7600-loss_z:0.357175,accu:0.912826,loss_recon:0.20289

7600-loss_z:12.689354,accu:0.265823,loss_recon:0.389086

7800-loss_z:0.347012,accu:0.917604,loss_recon:0.200845

7800-loss_z:13.071531,accu:0.265823,loss_recon:0.394652

8000-loss_z:0.336911,accu:0.918555,loss_recon:0.201404

8000-loss_z:13.448081,accu:0.265823,loss_recon:0.398718

8200-loss_z:0.335729,accu:0.917233,loss_recon:0.200682

8200-loss_z:13.855127,accu:0.278481,loss_recon:0.3978

8400-loss_z:0.32257,accu:0.922546,loss_recon:0.200972

8400-loss_z:14.235317,accu:0.278481,loss_recon:0.390236

8600-loss_z:0.31745,accu:0.923327,loss_recon:0.19972

8600-loss_z:14.579177,accu:0.291139,loss_recon:0.392153

8800-loss_z:0.309379,accu:0.927858,loss_recon:0.19899

8800-loss_z:14.971122,accu:0.265823,loss_recon:0.38763

9000-loss_z:0.300166,accu:0.924499,loss_recon:0.198226

9000-loss_z:15.369014,accu:0.253165,loss_recon:0.398387

9200-loss_z:0.297633,accu:0.923626,loss_recon:0.199045

9200-loss_z:15.746926,accu:0.265823,loss_recon:0.386004

9400-loss_z:0.290329,accu:0.924245,loss_recon:0.197184

9400-loss_z:16.12755,accu:0.265823,loss_recon:0.391889

9600-loss_z:0.282782,accu:0.933053,loss_recon:0.197074

9600-loss_z:16.501888,accu:0.253165,loss_recon:0.395437

9800-loss_z:0.276546,accu:0.934316,loss_recon:0.197446

9800-loss_z:16.889881,accu:0.253165,loss_recon:0.39517

10000-loss_z:0.271497,accu:0.929961,loss_recon:0.196402

10000-loss_z:17.285126,accu:0.265823,loss_recon:0.394105

10200-loss_z:0.263499,accu:0.93306,loss_recon:0.197246

10200-loss_z:17.692015,accu:0.253165,loss_recon:0.391082

10400-loss_z:0.261661,accu:0.932721,loss_recon:0.195693

10400-loss_z:18.091461,accu:0.265823,loss_recon:0.384827

10600-loss_z:0.255216,accu:0.938288,loss_recon:0.193072

10600-loss_z:18.488134,accu:0.265823,loss_recon:0.391604

10800-loss_z:0.251226,accu:0.936725,loss_recon:0.194016

10800-loss_z:18.917894,accu:0.253165,loss_recon:0.394274

11000-loss_z:0.242359,accu:0.943509,loss_recon:0.1942

11000-loss_z:19.307638,accu:0.265823,loss_recon:0.396058

11200-loss_z:0.239112,accu:0.94235,loss_recon:0.193644

11200-loss_z:19.708929,accu:0.253165,loss_recon:0.387082

11400-loss_z:0.235421,accu:0.94347,loss_recon:0.193635

11400-loss_z:20.083656,accu:0.278481,loss_recon:0.388765

11600-loss_z:0.229664,accu:0.950059,loss_recon:0.193103

11600-loss_z:20.485226,accu:0.253165,loss_recon:0.388251

11800-loss_z:0.226155,accu:0.948333,loss_recon:0.191637

11800-loss_z:20.921932,accu:0.253165,loss_recon:0.390947

12000-loss_z:0.220252,accu:0.950918,loss_recon:0.194919

12000-loss_z:21.310852,accu:0.253165,loss_recon:0.391262

12200-loss_z:0.214033,accu:0.951693,loss_recon:0.193936

12200-loss_z:21.778124,accu:0.253165,loss_recon:0.390177

12400-loss_z:0.210495,accu:0.952923,loss_recon:0.192873

12400-loss_z:22.191877,accu:0.253165,loss_recon:0.392314

12600-loss_z:0.206397,accu:0.959408,loss_recon:0.192718

12600-loss_z:22.592464,accu:0.253165,loss_recon:0.396249

12800-loss_z:0.200456,accu:0.960566,loss_recon:0.191363

12800-loss_z:23.036219,accu:0.265823,loss_recon:0.39446

13000-loss_z:0.199287,accu:0.961628,loss_recon:0.192634

13000-loss_z:23.419796,accu:0.253165,loss_recon:0.394179

13200-loss_z:0.196705,accu:0.962389,loss_recon:0.189676

13200-loss_z:23.860611,accu:0.240506,loss_recon:0.400163

13400-loss_z:0.190706,accu:0.96431,loss_recon:0.191448

13400-loss_z:24.317202,accu:0.253165,loss_recon:0.390711

13600-loss_z:0.187002,accu:0.969225,loss_recon:0.19053

13600-loss_z:24.746628,accu:0.253165,loss_recon:0.394308

13800-loss_z:0.184782,accu:0.975443,loss_recon:0.189754

13800-loss_z:25.224344,accu:0.253165,loss_recon:0.396166

14000-loss_z:0.178705,accu:0.971921,loss_recon:0.189174

14000-loss_z:25.635836,accu:0.253165,loss_recon:0.401202

14200-loss_z:0.177482,accu:0.973952,loss_recon:0.191215

14200-loss_z:26.095879,accu:0.278481,loss_recon:0.399109

14400-loss_z:0.174892,accu:0.981068,loss_recon:0.189829

14400-loss_z:26.518579,accu:0.253165,loss_recon:0.395842

14600-loss_z:0.169298,accu:0.978743,loss_recon:0.189063

14600-loss_z:26.925503,accu:0.278481,loss_recon:0.405423

14800-loss_z:0.162787,accu:0.981628,loss_recon:0.187674

14800-loss_z:27.336861,accu:0.291139,loss_recon:0.409986

15000-loss_z:0.164007,accu:0.981895,loss_recon:0.188195

15000-loss_z:27.738924,accu:0.265823,loss_recon:0.406947

15200-loss_z:0.158972,accu:0.982018,loss_recon:0.18844

15200-loss_z:28.060053,accu:0.291139,loss_recon:0.415689

15400-loss_z:0.155149,accu:0.986595,loss_recon:0.184282

15400-loss_z:28.494913,accu:0.291139,loss_recon:0.4088

15600-loss_z:0.150355,accu:0.984512,loss_recon:0.188174

15600-loss_z:28.882956,accu:0.291139,loss_recon:0.412735

15800-loss_z:0.151718,accu:0.983444,loss_recon:0.184577

15800-loss_z:29.356117,accu:0.278481,loss_recon:0.421391

16000-loss_z:0.147115,accu:0.987279,loss_recon:0.185237

16000-loss_z:29.849312,accu:0.303797,loss_recon:0.411772

16200-loss_z:0.144685,accu:0.987129,loss_recon:0.186187

16200-loss_z:30.321814,accu:0.291139,loss_recon:0.408158

16400-loss_z:0.140951,accu:0.985833,loss_recon:0.183815

16400-loss_z:30.813082,accu:0.278481,loss_recon:0.422472

16600-loss_z:0.138116,accu:0.989167,loss_recon:0.183347

16600-loss_z:31.296661,accu:0.303797,loss_recon:0.426311

16800-loss_z:0.135533,accu:0.989349,loss_recon:0.183781

16800-loss_z:31.781702,accu:0.291139,loss_recon:0.419965

17000-loss_z:0.132379,accu:0.989811,loss_recon:0.185699

17000-loss_z:32.264755,accu:0.303797,loss_recon:0.432104

17200-loss_z:0.127674,accu:0.990781,loss_recon:0.18247

17200-loss_z:32.715012,accu:0.303797,loss_recon:0.425641

17400-loss_z:0.125841,accu:0.990332,loss_recon:0.182974

17400-loss_z:33.233345,accu:0.291139,loss_recon:0.43414

17600-loss_z:0.122899,accu:0.990911,loss_recon:0.184607

17600-loss_z:33.710815,accu:0.303797,loss_recon:0.417473

17800-loss_z:0.120802,accu:0.991829,loss_recon:0.181858

17800-loss_z:34.313793,accu:0.303797,loss_recon:0.430718

18000-loss_z:0.116314,accu:0.993353,loss_recon:0.182561

18000-loss_z:34.847961,accu:0.316456,loss_recon:0.433212

18200-loss_z:0.114158,accu:0.993281,loss_recon:0.182251

18200-loss_z:35.404949,accu:0.291139,loss_recon:0.444908

18400-loss_z:0.113481,accu:0.992988,loss_recon:0.181738

18400-loss_z:35.910732,accu:0.329114,loss_recon:0.428766

18600-loss_z:0.112337,accu:0.993411,loss_recon:0.181419

18600-loss_z:36.51569,accu:0.316456,loss_recon:0.432718

18800-loss_z:0.109486,accu:0.99319,loss_recon:0.180919

18800-loss_z:37.048935,accu:0.303797,loss_recon:0.433156

19000-loss_z:0.106952,accu:0.993919,loss_recon:0.181865

19000-loss_z:37.656277,accu:0.316456,loss_recon:0.443322

19200-loss_z:0.104794,accu:0.994707,loss_recon:0.181257

19200-loss_z:38.200989,accu:0.316456,loss_recon:0.439793

19400-loss_z:0.101905,accu:0.993835,loss_recon:0.181527

19400-loss_z:38.754696,accu:0.329114,loss_recon:0.442193

19600-loss_z:0.10076,accu:0.994909,loss_recon:0.1831

19600-loss_z:39.335735,accu:0.316456,loss_recon:0.434369

19800-loss_z:0.098762,accu:0.995039,loss_recon:0.182714

19800-loss_z:39.959385,accu:0.329114,loss_recon:0.44014

20000-loss_z:0.09498,accu:0.995664,loss_recon:0.181517

20000-loss_z:40.518627,accu:0.329114,loss_recon:0.443349

Continue training
New FC model is initialized
200-loss_z:2.564316,accu:0.159968,loss_recon:1.402953

200-loss_z:2.643085,accu:0.063291,loss_recon:0.824104

400-loss_z:1.953872,accu:0.326823,loss_recon:0.526811

400-loss_z:2.56961,accu:0.063291,loss_recon:0.550724

600-loss_z:1.647887,accu:0.419128,loss_recon:0.383504

600-loss_z:2.616766,accu:0.088608,loss_recon:0.461231

800-loss_z:1.449289,accu:0.473848,loss_recon:0.340743

800-loss_z:2.695297,accu:0.088608,loss_recon:0.43368

1000-loss_z:1.306178,accu:0.496009,loss_recon:0.319351

1000-loss_z:2.778707,accu:0.101266,loss_recon:0.413944

1200-loss_z:1.191101,accu:0.56793,loss_recon:0.305565

1200-loss_z:2.88272,accu:0.177215,loss_recon:0.406583

1400-loss_z:1.10327,accu:0.606875,loss_recon:0.301832

1400-loss_z:3.034921,accu:0.202532,loss_recon:0.404188

1600-loss_z:1.024122,accu:0.639297,loss_recon:0.288766

1600-loss_z:3.22707,accu:0.189873,loss_recon:0.40774

1800-loss_z:0.95489,accu:0.661829,loss_recon:0.284527

1800-loss_z:3.447558,accu:0.189873,loss_recon:0.397859

2000-loss_z:0.903398,accu:0.684453,loss_recon:0.282622

2000-loss_z:3.666861,accu:0.202532,loss_recon:0.392203

2200-loss_z:0.858118,accu:0.695085,loss_recon:0.284217

2200-loss_z:3.869436,accu:0.202532,loss_recon:0.392062

2400-loss_z:0.811213,accu:0.723014,loss_recon:0.274436

2400-loss_z:4.109523,accu:0.202532,loss_recon:0.387945

2600-loss_z:0.775629,accu:0.738496,loss_recon:0.273529

2600-loss_z:4.335451,accu:0.164557,loss_recon:0.38736

2800-loss_z:0.732729,accu:0.759258,loss_recon:0.271732

2800-loss_z:4.610975,accu:0.202532,loss_recon:0.38214

3000-loss_z:0.705726,accu:0.773887,loss_recon:0.266499

3000-loss_z:4.871024,accu:0.177215,loss_recon:0.375683

3200-loss_z:0.672804,accu:0.783613,loss_recon:0.265404

3200-loss_z:5.151178,accu:0.189873,loss_recon:0.367706

3400-loss_z:0.64828,accu:0.789219,loss_recon:0.260745

3400-loss_z:5.413113,accu:0.202532,loss_recon:0.36499

3600-loss_z:0.618386,accu:0.808066,loss_recon:0.256941

3600-loss_z:5.689711,accu:0.21519,loss_recon:0.364965

3800-loss_z:0.594565,accu:0.822728,loss_recon:0.255541

3800-loss_z:5.97417,accu:0.202532,loss_recon:0.362638

4000-loss_z:0.56982,accu:0.825306,loss_recon:0.250954

4000-loss_z:6.243528,accu:0.189873,loss_recon:0.358062

4200-loss_z:0.546184,accu:0.835632,loss_recon:0.252113

4200-loss_z:6.536047,accu:0.202532,loss_recon:0.361714

4400-loss_z:0.523771,accu:0.851243,loss_recon:0.249429

4400-loss_z:6.845911,accu:0.189873,loss_recon:0.360156

4600-loss_z:0.50592,accu:0.860729,loss_recon:0.246678

4600-loss_z:7.153687,accu:0.164557,loss_recon:0.358968

4800-loss_z:0.489231,accu:0.870228,loss_recon:0.243365

4800-loss_z:7.468359,accu:0.189873,loss_recon:0.357516

5000-loss_z:0.462181,accu:0.880033,loss_recon:0.244925

5000-loss_z:7.803914,accu:0.21519,loss_recon:0.355979

5200-loss_z:0.453034,accu:0.886439,loss_recon:0.24125

5200-loss_z:8.180345,accu:0.189873,loss_recon:0.356507

5400-loss_z:0.431708,accu:0.890723,loss_recon:0.240781

5400-loss_z:8.514309,accu:0.189873,loss_recon:0.356365

5600-loss_z:0.417859,accu:0.90319,loss_recon:0.239169

5600-loss_z:8.918361,accu:0.189873,loss_recon:0.352415

5800-loss_z:0.406867,accu:0.914401,loss_recon:0.237772

5800-loss_z:9.35496,accu:0.189873,loss_recon:0.35693

6000-loss_z:0.390755,accu:0.919421,loss_recon:0.233083

6000-loss_z:9.744272,accu:0.177215,loss_recon:0.36077

6200-loss_z:0.375953,accu:0.921217,loss_recon:0.232547

6200-loss_z:10.186398,accu:0.189873,loss_recon:0.358191

6400-loss_z:0.363755,accu:0.933105,loss_recon:0.232327

6400-loss_z:10.65438,accu:0.189873,loss_recon:0.358503

6600-loss_z:0.350418,accu:0.935059,loss_recon:0.22804

6600-loss_z:11.105087,accu:0.189873,loss_recon:0.365304

6800-loss_z:0.341516,accu:0.932865,loss_recon:0.229605

6800-loss_z:11.661041,accu:0.189873,loss_recon:0.369133

7000-loss_z:0.331092,accu:0.941458,loss_recon:0.224525

7000-loss_z:12.160669,accu:0.189873,loss_recon:0.367603

7200-loss_z:0.315776,accu:0.94765,loss_recon:0.226074

7200-loss_z:12.741155,accu:0.189873,loss_recon:0.373497

7400-loss_z:0.30316,accu:0.952878,loss_recon:0.222173

7400-loss_z:13.327911,accu:0.177215,loss_recon:0.370125

7600-loss_z:0.296531,accu:0.95668,loss_recon:0.220727

7600-loss_z:13.887105,accu:0.177215,loss_recon:0.371199

7800-loss_z:0.282456,accu:0.961654,loss_recon:0.220067

7800-loss_z:14.515607,accu:0.177215,loss_recon:0.379225

8000-loss_z:0.274835,accu:0.960592,loss_recon:0.216647

8000-loss_z:15.141951,accu:0.177215,loss_recon:0.373654

8200-loss_z:0.264859,accu:0.967337,loss_recon:0.217324

8200-loss_z:15.769928,accu:0.177215,loss_recon:0.383674

8400-loss_z:0.257807,accu:0.96862,loss_recon:0.214775

8400-loss_z:16.401941,accu:0.177215,loss_recon:0.377037

8600-loss_z:0.246262,accu:0.973281,loss_recon:0.216096

8600-loss_z:17.043539,accu:0.177215,loss_recon:0.380078

8800-loss_z:0.237135,accu:0.974583,loss_recon:0.21417

8800-loss_z:17.735781,accu:0.189873,loss_recon:0.381064

9000-loss_z:0.231708,accu:0.973542,loss_recon:0.211453

9000-loss_z:18.419039,accu:0.189873,loss_recon:0.383456

9200-loss_z:0.220834,accu:0.977839,loss_recon:0.21033

9200-loss_z:19.137966,accu:0.177215,loss_recon:0.385565

9400-loss_z:0.213998,accu:0.977155,loss_recon:0.210212

9400-loss_z:19.78838,accu:0.189873,loss_recon:0.394234

9600-loss_z:0.208089,accu:0.978151,loss_recon:0.209959

9600-loss_z:20.583712,accu:0.189873,loss_recon:0.384987

9800-loss_z:0.198633,accu:0.980319,loss_recon:0.208927

9800-loss_z:21.28311,accu:0.189873,loss_recon:0.386985

10000-loss_z:0.191889,accu:0.982272,loss_recon:0.206869

10000-loss_z:22.009716,accu:0.189873,loss_recon:0.389429

10200-loss_z:0.187835,accu:0.983997,loss_recon:0.207668

10200-loss_z:22.718218,accu:0.189873,loss_recon:0.392127

10400-loss_z:0.18085,accu:0.98625,loss_recon:0.206319

10400-loss_z:23.423182,accu:0.189873,loss_recon:0.393074

10600-loss_z:0.174903,accu:0.988861,loss_recon:0.205114

10600-loss_z:24.301367,accu:0.189873,loss_recon:0.388521

10800-loss_z:0.167783,accu:0.990111,loss_recon:0.206938

10800-loss_z:25.15704,accu:0.189873,loss_recon:0.394625

11000-loss_z:0.162547,accu:0.992995,loss_recon:0.20358

11000-loss_z:25.95866,accu:0.189873,loss_recon:0.392617

11200-loss_z:0.157643,accu:0.993848,loss_recon:0.202518

11200-loss_z:26.786177,accu:0.189873,loss_recon:0.394538

11400-loss_z:0.152607,accu:0.996621,loss_recon:0.200581

11400-loss_z:27.536257,accu:0.189873,loss_recon:0.395678

11600-loss_z:0.147291,accu:0.997682,loss_recon:0.202018

11600-loss_z:28.315311,accu:0.189873,loss_recon:0.391649

11800-loss_z:0.142138,accu:0.997402,loss_recon:0.198708

11800-loss_z:29.076168,accu:0.189873,loss_recon:0.396592

12000-loss_z:0.13541,accu:0.997324,loss_recon:0.198045

12000-loss_z:29.804085,accu:0.189873,loss_recon:0.398543

12200-loss_z:0.131323,accu:0.998724,loss_recon:0.198482

12200-loss_z:30.599068,accu:0.189873,loss_recon:0.394933

12400-loss_z:0.125986,accu:0.998516,loss_recon:0.199259

12400-loss_z:31.371731,accu:0.189873,loss_recon:0.397264

12600-loss_z:0.121865,accu:0.999095,loss_recon:0.195789

12600-loss_z:32.16938,accu:0.189873,loss_recon:0.398642

12800-loss_z:0.118785,accu:0.998971,loss_recon:0.196196

12800-loss_z:33.022873,accu:0.189873,loss_recon:0.402828

13000-loss_z:0.115222,accu:0.99862,loss_recon:0.197866

13000-loss_z:33.796001,accu:0.189873,loss_recon:0.406281

13200-loss_z:0.109749,accu:0.998789,loss_recon:0.197223

13200-loss_z:34.604153,accu:0.189873,loss_recon:0.399575

13400-loss_z:0.106925,accu:0.999694,loss_recon:0.198012

13400-loss_z:35.343014,accu:0.189873,loss_recon:0.404221

13600-loss_z:0.103991,accu:0.999388,loss_recon:0.193786

13600-loss_z:36.128914,accu:0.189873,loss_recon:0.404285

13800-loss_z:0.098682,accu:0.999564,loss_recon:0.196105

13800-loss_z:36.857834,accu:0.189873,loss_recon:0.405072

14000-loss_z:0.096262,accu:0.999551,loss_recon:0.19575

14000-loss_z:37.679131,accu:0.189873,loss_recon:0.406637

14200-loss_z:0.092046,accu:0.999818,loss_recon:0.195843

14200-loss_z:38.496769,accu:0.189873,loss_recon:0.401436

14400-loss_z:0.089479,accu:0.999844,loss_recon:0.193956

14400-loss_z:39.3419,accu:0.189873,loss_recon:0.402389

14600-loss_z:0.086158,accu:1.0,loss_recon:0.195557

14600-loss_z:40.161915,accu:0.189873,loss_recon:0.403094

14800-loss_z:0.083817,accu:1.0,loss_recon:0.1933

14800-loss_z:40.98822,accu:0.189873,loss_recon:0.411453

15000-loss_z:0.080932,accu:1.0,loss_recon:0.191484

15000-loss_z:41.816952,accu:0.189873,loss_recon:0.401019

15200-loss_z:0.076667,accu:1.0,loss_recon:0.192431

15200-loss_z:42.650261,accu:0.189873,loss_recon:0.397187

15400-loss_z:0.074936,accu:1.0,loss_recon:0.191882

15400-loss_z:43.468803,accu:0.189873,loss_recon:0.400251

15600-loss_z:0.072187,accu:1.0,loss_recon:0.193084

15600-loss_z:44.299038,accu:0.189873,loss_recon:0.402555

15800-loss_z:0.07004,accu:1.0,loss_recon:0.190816

15800-loss_z:45.176628,accu:0.189873,loss_recon:0.402382

16000-loss_z:0.067488,accu:1.0,loss_recon:0.191363

16000-loss_z:45.934509,accu:0.202532,loss_recon:0.398343

16200-loss_z:0.063757,accu:1.0,loss_recon:0.189469

16200-loss_z:46.793777,accu:0.189873,loss_recon:0.405053

16400-loss_z:0.062249,accu:1.0,loss_recon:0.190257

16400-loss_z:47.60154,accu:0.189873,loss_recon:0.408152

16600-loss_z:0.059623,accu:1.0,loss_recon:0.190028

16600-loss_z:48.490646,accu:0.189873,loss_recon:0.402524

16800-loss_z:0.057399,accu:1.0,loss_recon:0.188866

16800-loss_z:49.310665,accu:0.189873,loss_recon:0.403073

17000-loss_z:0.055954,accu:1.0,loss_recon:0.190717

17000-loss_z:50.139381,accu:0.189873,loss_recon:0.406674

17200-loss_z:0.053303,accu:1.0,loss_recon:0.189528

17200-loss_z:51.003002,accu:0.189873,loss_recon:0.409229

17400-loss_z:0.051776,accu:1.0,loss_recon:0.189592

17400-loss_z:51.73608,accu:0.189873,loss_recon:0.409241

17600-loss_z:0.049996,accu:1.0,loss_recon:0.188231

17600-loss_z:52.504993,accu:0.189873,loss_recon:0.407576

17800-loss_z:0.047439,accu:1.0,loss_recon:0.18775

17800-loss_z:53.224487,accu:0.202532,loss_recon:0.409168

18000-loss_z:0.045763,accu:1.0,loss_recon:0.188209

18000-loss_z:53.955101,accu:0.189873,loss_recon:0.410048

18200-loss_z:0.044238,accu:1.0,loss_recon:0.186415

18200-loss_z:54.699356,accu:0.189873,loss_recon:0.412345

18400-loss_z:0.041882,accu:1.0,loss_recon:0.184708

18400-loss_z:55.569206,accu:0.202532,loss_recon:0.407333

18600-loss_z:0.04104,accu:1.0,loss_recon:0.185122

18600-loss_z:56.47485,accu:0.202532,loss_recon:0.40956

18800-loss_z:0.039191,accu:1.0,loss_recon:0.187108

18800-loss_z:57.293617,accu:0.202532,loss_recon:0.409654

19000-loss_z:0.038034,accu:1.0,loss_recon:0.183999

19000-loss_z:58.082836,accu:0.202532,loss_recon:0.400032

19200-loss_z:0.036605,accu:1.0,loss_recon:0.182168

19200-loss_z:58.955345,accu:0.202532,loss_recon:0.40408

19400-loss_z:0.034875,accu:1.0,loss_recon:0.182967

19400-loss_z:59.794693,accu:0.202532,loss_recon:0.395814

19600-loss_z:0.033886,accu:1.0,loss_recon:0.18369

19600-loss_z:60.639561,accu:0.202532,loss_recon:0.405421

19800-loss_z:0.03229,accu:1.0,loss_recon:0.182412

19800-loss_z:61.412148,accu:0.202532,loss_recon:0.396666

20000-loss_z:0.031966,accu:1.0,loss_recon:0.183284

20000-loss_z:62.212688,accu:0.202532,loss_recon:0.399542

Continue training
New FC model is initialized
200-loss_z:2.633892,accu:0.148748,loss_recon:1.449449

200-loss_z:2.771918,accu:0.063291,loss_recon:0.822874

400-loss_z:1.987127,accu:0.327285,loss_recon:0.489627

400-loss_z:2.623838,accu:0.088608,loss_recon:0.525426

600-loss_z:1.659418,accu:0.422181,loss_recon:0.365482

600-loss_z:2.541631,accu:0.151899,loss_recon:0.458837

800-loss_z:1.478447,accu:0.48847,loss_recon:0.33069

800-loss_z:2.491335,accu:0.189873,loss_recon:0.434453

1000-loss_z:1.331881,accu:0.524212,loss_recon:0.305976

1000-loss_z:2.538223,accu:0.151899,loss_recon:0.420026

1200-loss_z:1.22987,accu:0.558835,loss_recon:0.289839

1200-loss_z:2.629663,accu:0.177215,loss_recon:0.409732

1400-loss_z:1.150642,accu:0.58627,loss_recon:0.280205

1400-loss_z:2.679044,accu:0.164557,loss_recon:0.411765

1600-loss_z:1.081861,accu:0.606191,loss_recon:0.269664

1600-loss_z:2.796835,accu:0.151899,loss_recon:0.411653

1800-loss_z:1.020992,accu:0.626133,loss_recon:0.261918

1800-loss_z:2.916836,accu:0.189873,loss_recon:0.412451

2000-loss_z:0.964084,accu:0.64293,loss_recon:0.254652

2000-loss_z:3.002379,accu:0.202532,loss_recon:0.411786

2200-loss_z:0.919141,accu:0.666979,loss_recon:0.248822

2200-loss_z:3.093927,accu:0.177215,loss_recon:0.408462

2400-loss_z:0.881928,accu:0.682585,loss_recon:0.245712

2400-loss_z:3.248354,accu:0.202532,loss_recon:0.409291

2600-loss_z:0.8461,accu:0.698372,loss_recon:0.238146

2600-loss_z:3.34335,accu:0.202532,loss_recon:0.409641

2800-loss_z:0.811029,accu:0.716888,loss_recon:0.239706

2800-loss_z:3.523896,accu:0.189873,loss_recon:0.412124

3000-loss_z:0.77947,accu:0.733887,loss_recon:0.237821

3000-loss_z:3.70577,accu:0.164557,loss_recon:0.408159

3200-loss_z:0.751302,accu:0.741549,loss_recon:0.237074

3200-loss_z:3.908884,accu:0.177215,loss_recon:0.408475

3400-loss_z:0.726077,accu:0.747799,loss_recon:0.233107

3400-loss_z:4.109074,accu:0.202532,loss_recon:0.406078

3600-loss_z:0.702322,accu:0.767715,loss_recon:0.231011

3600-loss_z:4.320875,accu:0.240506,loss_recon:0.411032

3800-loss_z:0.681234,accu:0.774941,loss_recon:0.232225

3800-loss_z:4.586148,accu:0.21519,loss_recon:0.41153

4000-loss_z:0.660232,accu:0.777552,loss_recon:0.228863

4000-loss_z:4.825576,accu:0.202532,loss_recon:0.401981

4200-loss_z:0.644616,accu:0.782324,loss_recon:0.225495

4200-loss_z:5.094862,accu:0.202532,loss_recon:0.412455

4400-loss_z:0.627871,accu:0.790104,loss_recon:0.224296

4400-loss_z:5.342337,accu:0.21519,loss_recon:0.406821

4600-loss_z:0.609721,accu:0.803691,loss_recon:0.22495

4600-loss_z:5.628412,accu:0.202532,loss_recon:0.415486

4800-loss_z:0.593089,accu:0.815234,loss_recon:0.225181

4800-loss_z:5.933644,accu:0.240506,loss_recon:0.41781

5000-loss_z:0.57562,accu:0.810938,loss_recon:0.219482

5000-loss_z:6.216032,accu:0.240506,loss_recon:0.422033

5200-loss_z:0.560149,accu:0.821491,loss_recon:0.21938

5200-loss_z:6.513922,accu:0.240506,loss_recon:0.425999

5400-loss_z:0.546295,accu:0.827168,loss_recon:0.215148

5400-loss_z:6.815036,accu:0.253165,loss_recon:0.419783

5600-loss_z:0.538115,accu:0.836107,loss_recon:0.214463

5600-loss_z:7.138356,accu:0.278481,loss_recon:0.420363

5800-loss_z:0.53022,accu:0.831628,loss_recon:0.210011

5800-loss_z:7.468928,accu:0.240506,loss_recon:0.425995

6000-loss_z:0.519243,accu:0.837513,loss_recon:0.209182

6000-loss_z:7.814344,accu:0.253165,loss_recon:0.421269

6200-loss_z:0.504264,accu:0.844186,loss_recon:0.208699

6200-loss_z:8.148002,accu:0.278481,loss_recon:0.424561

6400-loss_z:0.490584,accu:0.854661,loss_recon:0.20876

6400-loss_z:8.485765,accu:0.253165,loss_recon:0.427605

6600-loss_z:0.479692,accu:0.863893,loss_recon:0.206449

6600-loss_z:8.91593,accu:0.265823,loss_recon:0.429163

6800-loss_z:0.475718,accu:0.853743,loss_recon:0.207188

6800-loss_z:9.229236,accu:0.278481,loss_recon:0.432118

7000-loss_z:0.464908,accu:0.85903,loss_recon:0.204975

7000-loss_z:9.661847,accu:0.253165,loss_recon:0.424354

7200-loss_z:0.45776,accu:0.861738,loss_recon:0.205455

7200-loss_z:9.994505,accu:0.265823,loss_recon:0.427972

7400-loss_z:0.444301,accu:0.866686,loss_recon:0.208012

7400-loss_z:10.406238,accu:0.21519,loss_recon:0.42693

7600-loss_z:0.436202,accu:0.870964,loss_recon:0.205689

7600-loss_z:10.715086,accu:0.240506,loss_recon:0.426251

7800-loss_z:0.429842,accu:0.869961,loss_recon:0.204854

7800-loss_z:11.097566,accu:0.240506,loss_recon:0.419745

8000-loss_z:0.42173,accu:0.876335,loss_recon:0.203784

8000-loss_z:11.466955,accu:0.227848,loss_recon:0.426703

8200-loss_z:0.414482,accu:0.873418,loss_recon:0.20319

8200-loss_z:11.831731,accu:0.240506,loss_recon:0.422513

8400-loss_z:0.404546,accu:0.876608,loss_recon:0.202145

8400-loss_z:12.243375,accu:0.227848,loss_recon:0.42344

8600-loss_z:0.401598,accu:0.878451,loss_recon:0.202083

8600-loss_z:12.621473,accu:0.227848,loss_recon:0.421645

8800-loss_z:0.387826,accu:0.881042,loss_recon:0.2002

8800-loss_z:12.964939,accu:0.227848,loss_recon:0.412802

9000-loss_z:0.382913,accu:0.887513,loss_recon:0.20219

9000-loss_z:13.364808,accu:0.202532,loss_recon:0.417362

9200-loss_z:0.376171,accu:0.889056,loss_recon:0.201802

9200-loss_z:13.7925,accu:0.21519,loss_recon:0.416981

9400-loss_z:0.372054,accu:0.886693,loss_recon:0.199741

9400-loss_z:14.192296,accu:0.21519,loss_recon:0.428617

9600-loss_z:0.36512,accu:0.891133,loss_recon:0.200577

9600-loss_z:14.609869,accu:0.21519,loss_recon:0.421537

9800-loss_z:0.361462,accu:0.895951,loss_recon:0.200939

9800-loss_z:15.045478,accu:0.227848,loss_recon:0.41744

10000-loss_z:0.352654,accu:0.890247,loss_recon:0.199964

10000-loss_z:15.471811,accu:0.240506,loss_recon:0.422465

10200-loss_z:0.348867,accu:0.899128,loss_recon:0.20049

10200-loss_z:15.888493,accu:0.240506,loss_recon:0.419258

10400-loss_z:0.346316,accu:0.89319,loss_recon:0.198527

10400-loss_z:16.320126,accu:0.21519,loss_recon:0.416722

10600-loss_z:0.33701,accu:0.900872,loss_recon:0.198557

10600-loss_z:16.777811,accu:0.21519,loss_recon:0.420224

10800-loss_z:0.331566,accu:0.897051,loss_recon:0.197985

10800-loss_z:17.198347,accu:0.253165,loss_recon:0.41333

11000-loss_z:0.32783,accu:0.902611,loss_recon:0.19728

11000-loss_z:17.672131,accu:0.227848,loss_recon:0.420144

11200-loss_z:0.319511,accu:0.908027,loss_recon:0.199521

11200-loss_z:18.141941,accu:0.227848,loss_recon:0.414063

11400-loss_z:0.313153,accu:0.906751,loss_recon:0.19719

11400-loss_z:18.613283,accu:0.253165,loss_recon:0.416232

11600-loss_z:0.306734,accu:0.90944,loss_recon:0.196355

11600-loss_z:19.068045,accu:0.240506,loss_recon:0.416882

11800-loss_z:0.303689,accu:0.912813,loss_recon:0.199199

11800-loss_z:19.478266,accu:0.240506,loss_recon:0.421415

12000-loss_z:0.300526,accu:0.914023,loss_recon:0.196344

12000-loss_z:19.996342,accu:0.227848,loss_recon:0.414571

12200-loss_z:0.296803,accu:0.916569,loss_recon:0.196426

12200-loss_z:20.446659,accu:0.227848,loss_recon:0.415912

12400-loss_z:0.290347,accu:0.914818,loss_recon:0.195465

12400-loss_z:20.92285,accu:0.240506,loss_recon:0.422691

12600-loss_z:0.285827,accu:0.920475,loss_recon:0.196289

12600-loss_z:21.46394,accu:0.240506,loss_recon:0.416258

12800-loss_z:0.285184,accu:0.920221,loss_recon:0.19543

12800-loss_z:21.951717,accu:0.240506,loss_recon:0.414679

13000-loss_z:0.279725,accu:0.925137,loss_recon:0.193174

13000-loss_z:22.467739,accu:0.227848,loss_recon:0.430455

13200-loss_z:0.274627,accu:0.925026,loss_recon:0.19547

13200-loss_z:22.966122,accu:0.202532,loss_recon:0.41943

13400-loss_z:0.267062,accu:0.928477,loss_recon:0.194065

13400-loss_z:23.432833,accu:0.21519,loss_recon:0.427515

13600-loss_z:0.264603,accu:0.931576,loss_recon:0.196122

13600-loss_z:23.844105,accu:0.21519,loss_recon:0.425123

13800-loss_z:0.262525,accu:0.932161,loss_recon:0.194533

13800-loss_z:24.317556,accu:0.227848,loss_recon:0.420092

14000-loss_z:0.254399,accu:0.935664,loss_recon:0.194772

14000-loss_z:24.840508,accu:0.253165,loss_recon:0.426214

14200-loss_z:0.254256,accu:0.936986,loss_recon:0.194742

14200-loss_z:25.257933,accu:0.227848,loss_recon:0.426708

14400-loss_z:0.249062,accu:0.937865,loss_recon:0.198023

14400-loss_z:25.713085,accu:0.227848,loss_recon:0.424931

14600-loss_z:0.245048,accu:0.94138,loss_recon:0.195528

14600-loss_z:26.15468,accu:0.21519,loss_recon:0.428446

14800-loss_z:0.243588,accu:0.940267,loss_recon:0.19476

14800-loss_z:26.498075,accu:0.240506,loss_recon:0.427863

15000-loss_z:0.239718,accu:0.948503,loss_recon:0.192862

15000-loss_z:26.884605,accu:0.227848,loss_recon:0.422321

15200-loss_z:0.233666,accu:0.949017,loss_recon:0.195327

15200-loss_z:27.355774,accu:0.227848,loss_recon:0.42074

15400-loss_z:0.230184,accu:0.95237,loss_recon:0.191508

15400-loss_z:27.807802,accu:0.227848,loss_recon:0.421464

15600-loss_z:0.227518,accu:0.952871,loss_recon:0.193841

15600-loss_z:28.197187,accu:0.189873,loss_recon:0.417947

15800-loss_z:0.221427,accu:0.955951,loss_recon:0.192681

15800-loss_z:28.601118,accu:0.189873,loss_recon:0.419896

16000-loss_z:0.220256,accu:0.957884,loss_recon:0.192847

16000-loss_z:29.033154,accu:0.21519,loss_recon:0.420028

16200-loss_z:0.216784,accu:0.96013,loss_recon:0.191244

16200-loss_z:29.476667,accu:0.21519,loss_recon:0.428058

16400-loss_z:0.216543,accu:0.956198,loss_recon:0.189621

16400-loss_z:29.795784,accu:0.21519,loss_recon:0.423181

16600-loss_z:0.21074,accu:0.962936,loss_recon:0.192445

16600-loss_z:30.253199,accu:0.21519,loss_recon:0.422641

16800-loss_z:0.205034,accu:0.966432,loss_recon:0.191422

16800-loss_z:30.600029,accu:0.189873,loss_recon:0.423796

17000-loss_z:0.205924,accu:0.963568,loss_recon:0.188976

17000-loss_z:30.995909,accu:0.202532,loss_recon:0.428601

17200-loss_z:0.202457,accu:0.964427,loss_recon:0.192047

17200-loss_z:31.398319,accu:0.227848,loss_recon:0.420157

17400-loss_z:0.196614,accu:0.967441,loss_recon:0.191169

17400-loss_z:31.839127,accu:0.202532,loss_recon:0.418955

17600-loss_z:0.195804,accu:0.968854,loss_recon:0.192308

17600-loss_z:32.251942,accu:0.202532,loss_recon:0.423638

17800-loss_z:0.192483,accu:0.969421,loss_recon:0.191261

17800-loss_z:32.627907,accu:0.227848,loss_recon:0.421892

18000-loss_z:0.189846,accu:0.970189,loss_recon:0.188832

18000-loss_z:32.995403,accu:0.21519,loss_recon:0.413974

18200-loss_z:0.186433,accu:0.969063,loss_recon:0.18989

18200-loss_z:33.438217,accu:0.177215,loss_recon:0.42816

18400-loss_z:0.183115,accu:0.97084,loss_recon:0.189992

18400-loss_z:33.78146,accu:0.227848,loss_recon:0.424574

18600-loss_z:0.18006,accu:0.973848,loss_recon:0.190271

18600-loss_z:34.114601,accu:0.202532,loss_recon:0.422484

18800-loss_z:0.178878,accu:0.973665,loss_recon:0.189909

18800-loss_z:34.415096,accu:0.21519,loss_recon:0.427082

19000-loss_z:0.174398,accu:0.973639,loss_recon:0.190867

19000-loss_z:34.671268,accu:0.21519,loss_recon:0.421966

19200-loss_z:0.168785,accu:0.977044,loss_recon:0.189473

19200-loss_z:35.007763,accu:0.189873,loss_recon:0.426917

19400-loss_z:0.159078,accu:0.979212,loss_recon:0.188335

19400-loss_z:35.333164,accu:0.177215,loss_recon:0.429163

19600-loss_z:0.154821,accu:0.979486,loss_recon:0.189127

19600-loss_z:35.602177,accu:0.202532,loss_recon:0.423185

19800-loss_z:0.15085,accu:0.979714,loss_recon:0.191185

19800-loss_z:35.989796,accu:0.21519,loss_recon:0.422746

20000-loss_z:0.146833,accu:0.978965,loss_recon:0.188439

20000-loss_z:36.296951,accu:0.21519,loss_recon:0.436118

Continue training
New FC model is initialized
200-loss_z:2.480686,accu:0.21005,loss_recon:1.788275

200-loss_z:2.559978,accu:0.088608,loss_recon:0.838546

400-loss_z:1.826646,accu:0.376133,loss_recon:0.563519

400-loss_z:2.537474,accu:0.126582,loss_recon:0.593719

600-loss_z:1.553619,accu:0.460397,loss_recon:0.405717

600-loss_z:2.606328,accu:0.139241,loss_recon:0.535528

800-loss_z:1.381555,accu:0.51556,loss_recon:0.346506

800-loss_z:2.676273,accu:0.126582,loss_recon:0.498777

1000-loss_z:1.263624,accu:0.552018,loss_recon:0.310284

1000-loss_z:2.789758,accu:0.177215,loss_recon:0.485288

1200-loss_z:1.160351,accu:0.58638,loss_recon:0.289571

1200-loss_z:2.939137,accu:0.177215,loss_recon:0.486596

1400-loss_z:1.080484,accu:0.624642,loss_recon:0.278745

1400-loss_z:3.072706,accu:0.21519,loss_recon:0.48132

1600-loss_z:1.008296,accu:0.650521,loss_recon:0.272294

1600-loss_z:3.23911,accu:0.21519,loss_recon:0.480645

1800-loss_z:0.953803,accu:0.691484,loss_recon:0.258878

1800-loss_z:3.399357,accu:0.21519,loss_recon:0.48583

2000-loss_z:0.900963,accu:0.721471,loss_recon:0.248387

2000-loss_z:3.60133,accu:0.202532,loss_recon:0.486176

2200-loss_z:0.857334,accu:0.729505,loss_recon:0.245289

2200-loss_z:3.797097,accu:0.240506,loss_recon:0.486543

2400-loss_z:0.815717,accu:0.745664,loss_recon:0.238472

2400-loss_z:3.99247,accu:0.21519,loss_recon:0.481714

2600-loss_z:0.781706,accu:0.758164,loss_recon:0.234287

2600-loss_z:4.206554,accu:0.21519,loss_recon:0.488461

2800-loss_z:0.751402,accu:0.763737,loss_recon:0.22987

2800-loss_z:4.406349,accu:0.227848,loss_recon:0.483845

3000-loss_z:0.72418,accu:0.770762,loss_recon:0.224815

3000-loss_z:4.641572,accu:0.240506,loss_recon:0.488421

3200-loss_z:0.695798,accu:0.776641,loss_recon:0.220742

3200-loss_z:4.834667,accu:0.227848,loss_recon:0.478915

3400-loss_z:0.670498,accu:0.787357,loss_recon:0.220353

3400-loss_z:5.07074,accu:0.240506,loss_recon:0.494566

3600-loss_z:0.647798,accu:0.791908,loss_recon:0.220276

3600-loss_z:5.282834,accu:0.265823,loss_recon:0.495145

3800-loss_z:0.623518,accu:0.799108,loss_recon:0.215309

3800-loss_z:5.507111,accu:0.253165,loss_recon:0.495942

4000-loss_z:0.599502,accu:0.810098,loss_recon:0.216347

4000-loss_z:5.741216,accu:0.265823,loss_recon:0.505017

4200-loss_z:0.577716,accu:0.814922,loss_recon:0.213532

4200-loss_z:5.986278,accu:0.265823,loss_recon:0.505814

4400-loss_z:0.565153,accu:0.821081,loss_recon:0.210651

4400-loss_z:6.274583,accu:0.253165,loss_recon:0.509195

4600-loss_z:0.543603,accu:0.834518,loss_recon:0.207934

4600-loss_z:6.567365,accu:0.265823,loss_recon:0.509878

4800-loss_z:0.523433,accu:0.851393,loss_recon:0.207148

4800-loss_z:6.870986,accu:0.227848,loss_recon:0.505027

5000-loss_z:0.50861,accu:0.861543,loss_recon:0.202718

5000-loss_z:7.142098,accu:0.240506,loss_recon:0.497203

5200-loss_z:0.496594,accu:0.864622,loss_recon:0.200468

5200-loss_z:7.441024,accu:0.240506,loss_recon:0.511566

5400-loss_z:0.487506,accu:0.866074,loss_recon:0.202398

5400-loss_z:7.725224,accu:0.265823,loss_recon:0.508014

5600-loss_z:0.470212,accu:0.873704,loss_recon:0.200509

5600-loss_z:8.025949,accu:0.265823,loss_recon:0.509854

5800-loss_z:0.459839,accu:0.876445,loss_recon:0.197572

5800-loss_z:8.30669,accu:0.253165,loss_recon:0.512807

6000-loss_z:0.445432,accu:0.882676,loss_recon:0.198477

6000-loss_z:8.594164,accu:0.265823,loss_recon:0.508733

6200-loss_z:0.434007,accu:0.887669,loss_recon:0.199895

6200-loss_z:8.876583,accu:0.253165,loss_recon:0.510465

6400-loss_z:0.422536,accu:0.89082,loss_recon:0.200269

6400-loss_z:9.182199,accu:0.265823,loss_recon:0.515348

6600-loss_z:0.413252,accu:0.891061,loss_recon:0.196967

6600-loss_z:9.507795,accu:0.265823,loss_recon:0.510477

6800-loss_z:0.40633,accu:0.893978,loss_recon:0.198854

6800-loss_z:9.759705,accu:0.265823,loss_recon:0.514343

7000-loss_z:0.395411,accu:0.900612,loss_recon:0.197512

7000-loss_z:10.056647,accu:0.278481,loss_recon:0.510343

7200-loss_z:0.385259,accu:0.900228,loss_recon:0.198517

7200-loss_z:10.313772,accu:0.278481,loss_recon:0.521166

7400-loss_z:0.375123,accu:0.903066,loss_recon:0.199433

7400-loss_z:10.595669,accu:0.265823,loss_recon:0.512604

7600-loss_z:0.370388,accu:0.904603,loss_recon:0.198953

7600-loss_z:10.840746,accu:0.291139,loss_recon:0.517369

7800-loss_z:0.359577,accu:0.909577,loss_recon:0.198621

7800-loss_z:11.125202,accu:0.291139,loss_recon:0.514777

8000-loss_z:0.35328,accu:0.908327,loss_recon:0.198796

8000-loss_z:11.40233,accu:0.291139,loss_recon:0.517138

8200-loss_z:0.346446,accu:0.91696,loss_recon:0.195156

8200-loss_z:11.640343,accu:0.303797,loss_recon:0.518945

8400-loss_z:0.341454,accu:0.918242,loss_recon:0.197162

8400-loss_z:11.923666,accu:0.291139,loss_recon:0.509884

8600-loss_z:0.330148,accu:0.925221,loss_recon:0.196823

8600-loss_z:12.220259,accu:0.278481,loss_recon:0.519419

8800-loss_z:0.322767,accu:0.927057,loss_recon:0.197529

8800-loss_z:12.514622,accu:0.278481,loss_recon:0.521604

9000-loss_z:0.314177,accu:0.930677,loss_recon:0.197841

9000-loss_z:12.78963,accu:0.303797,loss_recon:0.515365

9200-loss_z:0.313613,accu:0.932728,loss_recon:0.199621

9200-loss_z:13.112371,accu:0.303797,loss_recon:0.513688

9400-loss_z:0.305349,accu:0.932174,loss_recon:0.198968

9400-loss_z:13.384639,accu:0.278481,loss_recon:0.51341

9600-loss_z:0.298269,accu:0.939251,loss_recon:0.19612

9600-loss_z:13.747559,accu:0.303797,loss_recon:0.518194

9800-loss_z:0.291972,accu:0.942168,loss_recon:0.19798

9800-loss_z:14.010762,accu:0.316456,loss_recon:0.521849

10000-loss_z:0.288387,accu:0.941556,loss_recon:0.197968

10000-loss_z:14.361348,accu:0.316456,loss_recon:0.51581

10200-loss_z:0.278788,accu:0.943288,loss_recon:0.195188

10200-loss_z:14.762794,accu:0.303797,loss_recon:0.518622

10400-loss_z:0.273708,accu:0.950241,loss_recon:0.196656

10400-loss_z:15.046516,accu:0.303797,loss_recon:0.511684

10600-loss_z:0.268305,accu:0.947585,loss_recon:0.195545

10600-loss_z:15.426626,accu:0.316456,loss_recon:0.521066

10800-loss_z:0.264186,accu:0.947943,loss_recon:0.196869

10800-loss_z:15.784239,accu:0.316456,loss_recon:0.519704

11000-loss_z:0.260509,accu:0.949681,loss_recon:0.196919

11000-loss_z:16.076176,accu:0.303797,loss_recon:0.513585

11200-loss_z:0.255224,accu:0.95429,loss_recon:0.19659

11200-loss_z:16.414967,accu:0.316456,loss_recon:0.513346

11400-loss_z:0.245894,accu:0.957891,loss_recon:0.196291

11400-loss_z:16.777006,accu:0.303797,loss_recon:0.510578

11600-loss_z:0.242471,accu:0.955983,loss_recon:0.192528

11600-loss_z:17.136566,accu:0.303797,loss_recon:0.516142

11800-loss_z:0.237177,accu:0.957025,loss_recon:0.195049

11800-loss_z:17.502079,accu:0.316456,loss_recon:0.516192

12000-loss_z:0.23285,accu:0.958932,loss_recon:0.195881

12000-loss_z:17.880571,accu:0.303797,loss_recon:0.516374

12200-loss_z:0.226907,accu:0.960404,loss_recon:0.197246

12200-loss_z:18.252775,accu:0.316456,loss_recon:0.514598

12400-loss_z:0.219917,accu:0.96168,loss_recon:0.19483

12400-loss_z:18.661304,accu:0.329114,loss_recon:0.508796

12600-loss_z:0.219006,accu:0.960247,loss_recon:0.198372

12600-loss_z:19.023064,accu:0.316456,loss_recon:0.513101

12800-loss_z:0.212049,accu:0.961979,loss_recon:0.196617

12800-loss_z:19.411425,accu:0.303797,loss_recon:0.50694

13000-loss_z:0.209688,accu:0.960495,loss_recon:0.196307

13000-loss_z:19.745806,accu:0.291139,loss_recon:0.515427

13200-loss_z:0.202543,accu:0.961536,loss_recon:0.193893

13200-loss_z:20.16345,accu:0.291139,loss_recon:0.510896

13400-loss_z:0.196006,accu:0.964603,loss_recon:0.194795

13400-loss_z:20.557377,accu:0.291139,loss_recon:0.518507

13600-loss_z:0.195291,accu:0.96248,loss_recon:0.197323

13600-loss_z:20.953112,accu:0.303797,loss_recon:0.51321

13800-loss_z:0.190885,accu:0.963496,loss_recon:0.197982

13800-loss_z:21.325745,accu:0.329114,loss_recon:0.509304

14000-loss_z:0.18536,accu:0.963034,loss_recon:0.196848

14000-loss_z:21.768417,accu:0.291139,loss_recon:0.514518

14200-loss_z:0.184557,accu:0.96071,loss_recon:0.194851

14200-loss_z:22.160002,accu:0.291139,loss_recon:0.511347

14400-loss_z:0.178357,accu:0.961895,loss_recon:0.196176

14400-loss_z:22.583111,accu:0.278481,loss_recon:0.510586

14600-loss_z:0.171509,accu:0.964004,loss_recon:0.195564

14600-loss_z:22.971067,accu:0.278481,loss_recon:0.513494

14800-loss_z:0.169985,accu:0.965566,loss_recon:0.195116

14800-loss_z:23.392073,accu:0.291139,loss_recon:0.517323

15000-loss_z:0.16716,accu:0.963698,loss_recon:0.194894

15000-loss_z:23.872919,accu:0.303797,loss_recon:0.506619

15200-loss_z:0.163863,accu:0.965547,loss_recon:0.19418

15200-loss_z:24.27445,accu:0.278481,loss_recon:0.517267

15400-loss_z:0.159166,accu:0.964811,loss_recon:0.196843

15400-loss_z:24.668839,accu:0.303797,loss_recon:0.508984

15600-loss_z:0.154845,accu:0.968991,loss_recon:0.196146

15600-loss_z:25.196926,accu:0.303797,loss_recon:0.515507

15800-loss_z:0.152263,accu:0.968451,loss_recon:0.197731

15800-loss_z:25.648365,accu:0.303797,loss_recon:0.515003

16000-loss_z:0.148399,accu:0.966484,loss_recon:0.196963

16000-loss_z:26.085371,accu:0.303797,loss_recon:0.514473

16200-loss_z:0.145512,accu:0.968906,loss_recon:0.193822

16200-loss_z:26.528772,accu:0.303797,loss_recon:0.513858

16400-loss_z:0.141079,accu:0.972363,loss_recon:0.19519

16400-loss_z:27.044796,accu:0.303797,loss_recon:0.51416

16600-loss_z:0.13656,accu:0.972441,loss_recon:0.194613

16600-loss_z:27.541195,accu:0.316456,loss_recon:0.51046

16800-loss_z:0.134587,accu:0.973952,loss_recon:0.19364

16800-loss_z:28.033865,accu:0.316456,loss_recon:0.515048

17000-loss_z:0.12987,accu:0.974173,loss_recon:0.194736

17000-loss_z:28.561966,accu:0.303797,loss_recon:0.513637

17200-loss_z:0.12619,accu:0.978242,loss_recon:0.196833

17200-loss_z:29.082111,accu:0.316456,loss_recon:0.506655

17400-loss_z:0.126879,accu:0.975039,loss_recon:0.195023

17400-loss_z:29.685123,accu:0.303797,loss_recon:0.514323

17600-loss_z:0.123227,accu:0.975,loss_recon:0.195636

17600-loss_z:30.252607,accu:0.316456,loss_recon:0.510192

17800-loss_z:0.117418,accu:0.980736,loss_recon:0.194972

17800-loss_z:30.82848,accu:0.329114,loss_recon:0.51203

18000-loss_z:0.115976,accu:0.979564,loss_recon:0.19564

18000-loss_z:31.375801,accu:0.316456,loss_recon:0.514057

18200-loss_z:0.114075,accu:0.979577,loss_recon:0.194433

18200-loss_z:31.907507,accu:0.316456,loss_recon:0.508613

18400-loss_z:0.111783,accu:0.981139,loss_recon:0.195028

18400-loss_z:32.447502,accu:0.316456,loss_recon:0.509944

18600-loss_z:0.107329,accu:0.98472,loss_recon:0.195289

18600-loss_z:33.036522,accu:0.316456,loss_recon:0.511174

18800-loss_z:0.105533,accu:0.983835,loss_recon:0.193093

18800-loss_z:33.609333,accu:0.329114,loss_recon:0.507941

19000-loss_z:0.104035,accu:0.984727,loss_recon:0.196714

19000-loss_z:34.146938,accu:0.316456,loss_recon:0.510426

19200-loss_z:0.100655,accu:0.985098,loss_recon:0.193515

19200-loss_z:34.765331,accu:0.316456,loss_recon:0.506514

19400-loss_z:0.099364,accu:0.988503,loss_recon:0.194302

19400-loss_z:35.267784,accu:0.329114,loss_recon:0.50592

19600-loss_z:0.095975,accu:0.988704,loss_recon:0.195297

19600-loss_z:35.855434,accu:0.329114,loss_recon:0.510896

19800-loss_z:0.094271,accu:0.988913,loss_recon:0.193773

19800-loss_z:36.429504,accu:0.316456,loss_recon:0.508287

20000-loss_z:0.09143,accu:0.99235,loss_recon:0.195525

20000-loss_z:36.951881,accu:0.316456,loss_recon:0.508795

Continue training
New FC model is initialized
200-loss_z:2.664023,accu:0.121398,loss_recon:1.498327

200-loss_z:2.64185,accu:0.101266,loss_recon:0.89226

400-loss_z:2.034651,accu:0.306484,loss_recon:0.54905

400-loss_z:2.480932,accu:0.126582,loss_recon:0.563253

600-loss_z:1.691084,accu:0.40571,loss_recon:0.407412

600-loss_z:2.417273,accu:0.164557,loss_recon:0.498619

800-loss_z:1.485394,accu:0.458268,loss_recon:0.369551

800-loss_z:2.386491,accu:0.227848,loss_recon:0.474631

1000-loss_z:1.349504,accu:0.495215,loss_recon:0.35363

1000-loss_z:2.397826,accu:0.202532,loss_recon:0.461981

1200-loss_z:1.239163,accu:0.537715,loss_recon:0.337917

1200-loss_z:2.412482,accu:0.240506,loss_recon:0.443985

1400-loss_z:1.14543,accu:0.576823,loss_recon:0.323575

1400-loss_z:2.451663,accu:0.265823,loss_recon:0.433595

1600-loss_z:1.075213,accu:0.616426,loss_recon:0.310674

1600-loss_z:2.503336,accu:0.240506,loss_recon:0.411302

1800-loss_z:1.016177,accu:0.64082,loss_recon:0.302669

1800-loss_z:2.560609,accu:0.227848,loss_recon:0.404602

2000-loss_z:0.963791,accu:0.669427,loss_recon:0.294304

2000-loss_z:2.618597,accu:0.265823,loss_recon:0.394445

2200-loss_z:0.921488,accu:0.672422,loss_recon:0.285414

2200-loss_z:2.683312,accu:0.240506,loss_recon:0.398418

2400-loss_z:0.878708,accu:0.687604,loss_recon:0.273848

2400-loss_z:2.743747,accu:0.265823,loss_recon:0.396181

2600-loss_z:0.844174,accu:0.693919,loss_recon:0.266447

2600-loss_z:2.848633,accu:0.253165,loss_recon:0.398954

2800-loss_z:0.808234,accu:0.702233,loss_recon:0.256536

2800-loss_z:2.923804,accu:0.265823,loss_recon:0.399977

3000-loss_z:0.78017,accu:0.716654,loss_recon:0.249315

3000-loss_z:2.98375,accu:0.227848,loss_recon:0.404897

3200-loss_z:0.75399,accu:0.727728,loss_recon:0.244514

3200-loss_z:3.052802,accu:0.253165,loss_recon:0.396674

3400-loss_z:0.732024,accu:0.735436,loss_recon:0.240505

3400-loss_z:3.12852,accu:0.21519,loss_recon:0.398797

3600-loss_z:0.705133,accu:0.751178,loss_recon:0.235243

3600-loss_z:3.238254,accu:0.265823,loss_recon:0.396339

3800-loss_z:0.681872,accu:0.762031,loss_recon:0.233656

3800-loss_z:3.293362,accu:0.265823,loss_recon:0.399669

4000-loss_z:0.6612,accu:0.766966,loss_recon:0.231948

4000-loss_z:3.365992,accu:0.278481,loss_recon:0.395776

4200-loss_z:0.645669,accu:0.774766,loss_recon:0.230442

4200-loss_z:3.41404,accu:0.303797,loss_recon:0.399959

4400-loss_z:0.626492,accu:0.769069,loss_recon:0.228282

4400-loss_z:3.506132,accu:0.240506,loss_recon:0.394668

4600-loss_z:0.607101,accu:0.777637,loss_recon:0.225539

4600-loss_z:3.564944,accu:0.265823,loss_recon:0.39056

4800-loss_z:0.588309,accu:0.788587,loss_recon:0.223523

4800-loss_z:3.638905,accu:0.265823,loss_recon:0.398613

5000-loss_z:0.577139,accu:0.797357,loss_recon:0.222306

5000-loss_z:3.656988,accu:0.265823,loss_recon:0.397722

5200-loss_z:0.560658,accu:0.806862,loss_recon:0.221121

5200-loss_z:3.71837,accu:0.253165,loss_recon:0.391923

5400-loss_z:0.542508,accu:0.817012,loss_recon:0.223304

5400-loss_z:3.736742,accu:0.265823,loss_recon:0.387219

5600-loss_z:0.523544,accu:0.826517,loss_recon:0.223339

5600-loss_z:3.853852,accu:0.291139,loss_recon:0.390211

5800-loss_z:0.512124,accu:0.831471,loss_recon:0.220202

5800-loss_z:3.897715,accu:0.265823,loss_recon:0.387955

6000-loss_z:0.500337,accu:0.82877,loss_recon:0.221635

6000-loss_z:3.969477,accu:0.265823,loss_recon:0.389396

6200-loss_z:0.485202,accu:0.835508,loss_recon:0.219888

6200-loss_z:4.037716,accu:0.227848,loss_recon:0.386062

6400-loss_z:0.474957,accu:0.837572,loss_recon:0.220109

6400-loss_z:4.122897,accu:0.253165,loss_recon:0.384791

6600-loss_z:0.461611,accu:0.85554,loss_recon:0.219228

6600-loss_z:4.208324,accu:0.265823,loss_recon:0.386035

6800-loss_z:0.452133,accu:0.858405,loss_recon:0.220558

6800-loss_z:4.294899,accu:0.253165,loss_recon:0.384484

7000-loss_z:0.448652,accu:0.854069,loss_recon:0.217038

7000-loss_z:4.371113,accu:0.253165,loss_recon:0.383084

7200-loss_z:0.434399,accu:0.861074,loss_recon:0.216654

7200-loss_z:4.463476,accu:0.253165,loss_recon:0.384879

7400-loss_z:0.426837,accu:0.870365,loss_recon:0.215868

7400-loss_z:4.627092,accu:0.240506,loss_recon:0.387568

7600-loss_z:0.420577,accu:0.867982,loss_recon:0.216273

7600-loss_z:4.750872,accu:0.253165,loss_recon:0.38515

7800-loss_z:0.410578,accu:0.8775,loss_recon:0.214276

7800-loss_z:4.888083,accu:0.265823,loss_recon:0.381209

8000-loss_z:0.399563,accu:0.878978,loss_recon:0.214154

8000-loss_z:5.007918,accu:0.265823,loss_recon:0.382296

8200-loss_z:0.395957,accu:0.884108,loss_recon:0.212432

8200-loss_z:5.165077,accu:0.253165,loss_recon:0.381419

8400-loss_z:0.387057,accu:0.89252,loss_recon:0.212943

8400-loss_z:5.29263,accu:0.278481,loss_recon:0.380414

8600-loss_z:0.382523,accu:0.891243,loss_recon:0.21276

8600-loss_z:5.458151,accu:0.291139,loss_recon:0.376406

8800-loss_z:0.374046,accu:0.889596,loss_recon:0.209927

8800-loss_z:5.618008,accu:0.265823,loss_recon:0.378143

9000-loss_z:0.36593,accu:0.899941,loss_recon:0.211997

9000-loss_z:5.788121,accu:0.303797,loss_recon:0.374117

9200-loss_z:0.361688,accu:0.90349,loss_recon:0.207468

9200-loss_z:5.92408,accu:0.265823,loss_recon:0.380615

9400-loss_z:0.357206,accu:0.909505,loss_recon:0.205775

9400-loss_z:6.097499,accu:0.265823,loss_recon:0.376713

9600-loss_z:0.348397,accu:0.914941,loss_recon:0.206687

9600-loss_z:6.259893,accu:0.265823,loss_recon:0.380846

9800-loss_z:0.344563,accu:0.910306,loss_recon:0.203874

9800-loss_z:6.430898,accu:0.265823,loss_recon:0.376406

10000-loss_z:0.334177,accu:0.919733,loss_recon:0.204448

10000-loss_z:6.597011,accu:0.265823,loss_recon:0.381853

10200-loss_z:0.330033,accu:0.921751,loss_recon:0.202422

10200-loss_z:6.766542,accu:0.265823,loss_recon:0.382816

10400-loss_z:0.327755,accu:0.923802,loss_recon:0.200747

10400-loss_z:6.948034,accu:0.265823,loss_recon:0.380343

10600-loss_z:0.321712,accu:0.926465,loss_recon:0.200937

10600-loss_z:7.16153,accu:0.253165,loss_recon:0.392342

10800-loss_z:0.317527,accu:0.932363,loss_recon:0.200108

10800-loss_z:7.305038,accu:0.265823,loss_recon:0.386038

11000-loss_z:0.31215,accu:0.934382,loss_recon:0.199754

11000-loss_z:7.510373,accu:0.253165,loss_recon:0.391593

11200-loss_z:0.305454,accu:0.936979,loss_recon:0.198561

11200-loss_z:7.70014,accu:0.253165,loss_recon:0.392609

11400-loss_z:0.300898,accu:0.938105,loss_recon:0.19871

11400-loss_z:7.849761,accu:0.240506,loss_recon:0.387364

11600-loss_z:0.296179,accu:0.940169,loss_recon:0.196333

11600-loss_z:8.040824,accu:0.253165,loss_recon:0.390226

11800-loss_z:0.29151,accu:0.944889,loss_recon:0.198073

11800-loss_z:8.2586,accu:0.265823,loss_recon:0.386838

12000-loss_z:0.286324,accu:0.94349,loss_recon:0.19783

12000-loss_z:8.449176,accu:0.253165,loss_recon:0.393696

12200-loss_z:0.289234,accu:0.939818,loss_recon:0.195701

12200-loss_z:8.632321,accu:0.253165,loss_recon:0.389403

12400-loss_z:0.280071,accu:0.943906,loss_recon:0.194667

12400-loss_z:8.803353,accu:0.253165,loss_recon:0.394151

12600-loss_z:0.277797,accu:0.946803,loss_recon:0.194648

12600-loss_z:9.01454,accu:0.278481,loss_recon:0.392601

12800-loss_z:0.270487,accu:0.952689,loss_recon:0.195622

12800-loss_z:9.186841,accu:0.278481,loss_recon:0.392101

13000-loss_z:0.267889,accu:0.95013,loss_recon:0.191686

13000-loss_z:9.360774,accu:0.265823,loss_recon:0.391373

13200-loss_z:0.265009,accu:0.94834,loss_recon:0.190415

13200-loss_z:9.516909,accu:0.265823,loss_recon:0.388127

13400-loss_z:0.262212,accu:0.953268,loss_recon:0.191792

13400-loss_z:9.726161,accu:0.278481,loss_recon:0.386883

13600-loss_z:0.256018,accu:0.953861,loss_recon:0.192176

13600-loss_z:9.907184,accu:0.265823,loss_recon:0.388205

13800-loss_z:0.250128,accu:0.954577,loss_recon:0.190757

13800-loss_z:10.058875,accu:0.278481,loss_recon:0.381768

14000-loss_z:0.248991,accu:0.955892,loss_recon:0.187316

14000-loss_z:10.257309,accu:0.253165,loss_recon:0.385196

14200-loss_z:0.243475,accu:0.961224,loss_recon:0.188171

14200-loss_z:10.457627,accu:0.291139,loss_recon:0.391759

14400-loss_z:0.243257,accu:0.960033,loss_recon:0.186415

14400-loss_z:10.643997,accu:0.265823,loss_recon:0.400807

14600-loss_z:0.236612,accu:0.958854,loss_recon:0.185662

14600-loss_z:10.842675,accu:0.291139,loss_recon:0.398181

14800-loss_z:0.229234,accu:0.961413,loss_recon:0.184363

14800-loss_z:11.032566,accu:0.278481,loss_recon:0.391566

15000-loss_z:0.230422,accu:0.961426,loss_recon:0.185342

15000-loss_z:11.234524,accu:0.278481,loss_recon:0.391945

15200-loss_z:0.226644,accu:0.962884,loss_recon:0.184902

15200-loss_z:11.454211,accu:0.265823,loss_recon:0.39315

15400-loss_z:0.223497,accu:0.962005,loss_recon:0.182267

15400-loss_z:11.659575,accu:0.278481,loss_recon:0.387099

15600-loss_z:0.220406,accu:0.964635,loss_recon:0.184799

15600-loss_z:11.860315,accu:0.278481,loss_recon:0.388684

15800-loss_z:0.213695,accu:0.965768,loss_recon:0.182414

15800-loss_z:12.072515,accu:0.291139,loss_recon:0.385654

16000-loss_z:0.21684,accu:0.959616,loss_recon:0.181603

16000-loss_z:12.283513,accu:0.291139,loss_recon:0.393124

16200-loss_z:0.210927,accu:0.963307,loss_recon:0.180092

16200-loss_z:12.447541,accu:0.291139,loss_recon:0.388784

16400-loss_z:0.208697,accu:0.964512,loss_recon:0.179421

16400-loss_z:12.707845,accu:0.291139,loss_recon:0.389319

16600-loss_z:0.206972,accu:0.965039,loss_recon:0.178429

16600-loss_z:12.892661,accu:0.291139,loss_recon:0.392706

16800-loss_z:0.199956,accu:0.967897,loss_recon:0.181416

16800-loss_z:13.147552,accu:0.303797,loss_recon:0.390372

17000-loss_z:0.197992,accu:0.965879,loss_recon:0.179205

17000-loss_z:13.324308,accu:0.278481,loss_recon:0.390572

17200-loss_z:0.193097,accu:0.968177,loss_recon:0.181252

17200-loss_z:13.539601,accu:0.278481,loss_recon:0.387321

17400-loss_z:0.19494,accu:0.967663,loss_recon:0.177981

17400-loss_z:13.794752,accu:0.303797,loss_recon:0.390043

17600-loss_z:0.18847,accu:0.971133,loss_recon:0.176669

17600-loss_z:14.008588,accu:0.303797,loss_recon:0.394982

17800-loss_z:0.186428,accu:0.968197,loss_recon:0.177153

17800-loss_z:14.202276,accu:0.278481,loss_recon:0.395097

18000-loss_z:0.184464,accu:0.971139,loss_recon:0.178442

18000-loss_z:14.42686,accu:0.291139,loss_recon:0.395137

18200-loss_z:0.180452,accu:0.971016,loss_recon:0.174587

18200-loss_z:14.605824,accu:0.303797,loss_recon:0.392219

18400-loss_z:0.17792,accu:0.971895,loss_recon:0.176405

18400-loss_z:14.841677,accu:0.303797,loss_recon:0.393602

18600-loss_z:0.17705,accu:0.970514,loss_recon:0.176761

18600-loss_z:15.041121,accu:0.291139,loss_recon:0.397428

18800-loss_z:0.174326,accu:0.972129,loss_recon:0.175168

18800-loss_z:15.202527,accu:0.278481,loss_recon:0.390575

19000-loss_z:0.17159,accu:0.973678,loss_recon:0.175553

19000-loss_z:15.407151,accu:0.291139,loss_recon:0.395901

19200-loss_z:0.17059,accu:0.97474,loss_recon:0.172253

19200-loss_z:15.605203,accu:0.291139,loss_recon:0.399669

19400-loss_z:0.165164,accu:0.973021,loss_recon:0.174392

19400-loss_z:15.736254,accu:0.303797,loss_recon:0.392081

19600-loss_z:0.165414,accu:0.972031,loss_recon:0.174199

19600-loss_z:16.059603,accu:0.291139,loss_recon:0.393166

19800-loss_z:0.160695,accu:0.974238,loss_recon:0.174252

19800-loss_z:16.196268,accu:0.265823,loss_recon:0.393913

20000-loss_z:0.157567,accu:0.974492,loss_recon:0.175137

20000-loss_z:16.389702,accu:0.303797,loss_recon:0.393443

Continue training
New FC model is initialized
200-loss_z:2.552178,accu:0.168474,loss_recon:1.486379

200-loss_z:2.653996,accu:0.075949,loss_recon:0.897767

400-loss_z:1.901845,accu:0.344805,loss_recon:0.559096

400-loss_z:2.543741,accu:0.113924,loss_recon:0.571129

600-loss_z:1.583124,accu:0.436074,loss_recon:0.398226

600-loss_z:2.562151,accu:0.101266,loss_recon:0.521171

800-loss_z:1.392253,accu:0.50929,loss_recon:0.361466

800-loss_z:2.591755,accu:0.151899,loss_recon:0.49054

1000-loss_z:1.26067,accu:0.544609,loss_recon:0.336315

1000-loss_z:2.667961,accu:0.126582,loss_recon:0.469406

1200-loss_z:1.151616,accu:0.58459,loss_recon:0.322957

1200-loss_z:2.799813,accu:0.177215,loss_recon:0.450623

1400-loss_z:1.073036,accu:0.620443,loss_recon:0.312185

1400-loss_z:2.917664,accu:0.177215,loss_recon:0.426257

1600-loss_z:1.006061,accu:0.637695,loss_recon:0.298472

1600-loss_z:3.073968,accu:0.202532,loss_recon:0.417323

1800-loss_z:0.952357,accu:0.657754,loss_recon:0.289249

1800-loss_z:3.227008,accu:0.227848,loss_recon:0.399372

2000-loss_z:0.903472,accu:0.682344,loss_recon:0.279353

2000-loss_z:3.375681,accu:0.202532,loss_recon:0.395167

2200-loss_z:0.860511,accu:0.699492,loss_recon:0.26837

2200-loss_z:3.506279,accu:0.240506,loss_recon:0.389064

2400-loss_z:0.821777,accu:0.715104,loss_recon:0.25798

2400-loss_z:3.624304,accu:0.253165,loss_recon:0.394188

2600-loss_z:0.791558,accu:0.72918,loss_recon:0.251388

2600-loss_z:3.817041,accu:0.253165,loss_recon:0.384901

2800-loss_z:0.757714,accu:0.73556,loss_recon:0.24312

2800-loss_z:3.978689,accu:0.240506,loss_recon:0.380297

3000-loss_z:0.732861,accu:0.748424,loss_recon:0.236429

3000-loss_z:4.148447,accu:0.240506,loss_recon:0.371342

3200-loss_z:0.713001,accu:0.761113,loss_recon:0.237375

3200-loss_z:4.344963,accu:0.265823,loss_recon:0.369938

3400-loss_z:0.688877,accu:0.766771,loss_recon:0.235145

3400-loss_z:4.580588,accu:0.21519,loss_recon:0.358196

3600-loss_z:0.663914,accu:0.78026,loss_recon:0.232348

3600-loss_z:4.781201,accu:0.227848,loss_recon:0.353941

3800-loss_z:0.64146,accu:0.791322,loss_recon:0.225716

3800-loss_z:4.987445,accu:0.265823,loss_recon:0.343022

4000-loss_z:0.621797,accu:0.797363,loss_recon:0.224104

4000-loss_z:5.17439,accu:0.265823,loss_recon:0.343912

4200-loss_z:0.600851,accu:0.810156,loss_recon:0.223159

4200-loss_z:5.4001,accu:0.265823,loss_recon:0.343248

4400-loss_z:0.586294,accu:0.820358,loss_recon:0.220595

4400-loss_z:5.645685,accu:0.240506,loss_recon:0.338557

4600-loss_z:0.567116,accu:0.824622,loss_recon:0.220188

4600-loss_z:5.860342,accu:0.265823,loss_recon:0.337316

4800-loss_z:0.549502,accu:0.838047,loss_recon:0.218892

4800-loss_z:6.104746,accu:0.278481,loss_recon:0.33281

5000-loss_z:0.536911,accu:0.84127,loss_recon:0.217086

5000-loss_z:6.367651,accu:0.278481,loss_recon:0.333106

5200-loss_z:0.517939,accu:0.850482,loss_recon:0.216524

5200-loss_z:6.608813,accu:0.265823,loss_recon:0.329055

5400-loss_z:0.507731,accu:0.855859,loss_recon:0.217239

5400-loss_z:6.89612,accu:0.265823,loss_recon:0.328031

5600-loss_z:0.493483,accu:0.868464,loss_recon:0.215151

5600-loss_z:7.156966,accu:0.278481,loss_recon:0.327071

5800-loss_z:0.475414,accu:0.874915,loss_recon:0.213741

5800-loss_z:7.407322,accu:0.278481,loss_recon:0.325939

6000-loss_z:0.46272,accu:0.881341,loss_recon:0.212505

6000-loss_z:7.70075,accu:0.265823,loss_recon:0.327855

6200-loss_z:0.4472,accu:0.881712,loss_recon:0.211577

6200-loss_z:7.959782,accu:0.278481,loss_recon:0.323607

6400-loss_z:0.440513,accu:0.884941,loss_recon:0.211573

6400-loss_z:8.253354,accu:0.265823,loss_recon:0.320921

6600-loss_z:0.4302,accu:0.89166,loss_recon:0.210473

6600-loss_z:8.533026,accu:0.265823,loss_recon:0.32259

6800-loss_z:0.415732,accu:0.898822,loss_recon:0.209817

6800-loss_z:8.811386,accu:0.253165,loss_recon:0.321269

7000-loss_z:0.405306,accu:0.904661,loss_recon:0.209919

7000-loss_z:9.113058,accu:0.253165,loss_recon:0.318463

7200-loss_z:0.395338,accu:0.910072,loss_recon:0.209059

7200-loss_z:9.390785,accu:0.316456,loss_recon:0.319748

7400-loss_z:0.383103,accu:0.918783,loss_recon:0.208944

7400-loss_z:9.704196,accu:0.278481,loss_recon:0.31572

7600-loss_z:0.371319,accu:0.91847,loss_recon:0.208455

7600-loss_z:10.023726,accu:0.265823,loss_recon:0.319629

7800-loss_z:0.361333,accu:0.923861,loss_recon:0.208749

7800-loss_z:10.287378,accu:0.278481,loss_recon:0.317521

8000-loss_z:0.351774,accu:0.926608,loss_recon:0.208696

8000-loss_z:10.567772,accu:0.291139,loss_recon:0.318961

8200-loss_z:0.339842,accu:0.932214,loss_recon:0.208226

8200-loss_z:10.87002,accu:0.291139,loss_recon:0.317474

8400-loss_z:0.334265,accu:0.932604,loss_recon:0.209826

8400-loss_z:11.164267,accu:0.291139,loss_recon:0.317786

8600-loss_z:0.323246,accu:0.93474,loss_recon:0.208901

8600-loss_z:11.431469,accu:0.278481,loss_recon:0.319166

8800-loss_z:0.316357,accu:0.941634,loss_recon:0.207419

8800-loss_z:11.729442,accu:0.291139,loss_recon:0.316106

9000-loss_z:0.312058,accu:0.939492,loss_recon:0.207744

9000-loss_z:12.018538,accu:0.291139,loss_recon:0.315388

9200-loss_z:0.302356,accu:0.944128,loss_recon:0.209006

9200-loss_z:12.290725,accu:0.303797,loss_recon:0.317579

9400-loss_z:0.296311,accu:0.949447,loss_recon:0.208973

9400-loss_z:12.593663,accu:0.278481,loss_recon:0.312978

9600-loss_z:0.287425,accu:0.951426,loss_recon:0.207664

9600-loss_z:12.861785,accu:0.278481,loss_recon:0.312665

9800-loss_z:0.280489,accu:0.954902,loss_recon:0.204714

9800-loss_z:13.145412,accu:0.278481,loss_recon:0.309014

10000-loss_z:0.272465,accu:0.9586,loss_recon:0.206822

10000-loss_z:13.374661,accu:0.291139,loss_recon:0.310236

10200-loss_z:0.266985,accu:0.959811,loss_recon:0.204856

10200-loss_z:13.678677,accu:0.291139,loss_recon:0.310487

10400-loss_z:0.258378,accu:0.961432,loss_recon:0.203039

10400-loss_z:13.954067,accu:0.265823,loss_recon:0.309344

10600-loss_z:0.25198,accu:0.966777,loss_recon:0.203837

10600-loss_z:14.223636,accu:0.291139,loss_recon:0.308523

10800-loss_z:0.247624,accu:0.967454,loss_recon:0.204062

10800-loss_z:14.508268,accu:0.303797,loss_recon:0.312387

11000-loss_z:0.238919,accu:0.973359,loss_recon:0.202617

11000-loss_z:14.770306,accu:0.265823,loss_recon:0.309456

11200-loss_z:0.232551,accu:0.971628,loss_recon:0.204036

11200-loss_z:15.026915,accu:0.278481,loss_recon:0.309737

11400-loss_z:0.2285,accu:0.974388,loss_recon:0.20249

11400-loss_z:15.28261,accu:0.265823,loss_recon:0.306589

11600-loss_z:0.221134,accu:0.98069,loss_recon:0.203565

11600-loss_z:15.678717,accu:0.278481,loss_recon:0.306815

11800-loss_z:0.212658,accu:0.984596,loss_recon:0.201574

11800-loss_z:16.114344,accu:0.291139,loss_recon:0.312334

12000-loss_z:0.206955,accu:0.985807,loss_recon:0.201687

12000-loss_z:16.65028,accu:0.265823,loss_recon:0.307772

12200-loss_z:0.199942,accu:0.986178,loss_recon:0.201437

12200-loss_z:17.262955,accu:0.265823,loss_recon:0.308258

12400-loss_z:0.193773,accu:0.983698,loss_recon:0.201967

12400-loss_z:17.806204,accu:0.278481,loss_recon:0.309988

12600-loss_z:0.187669,accu:0.987012,loss_recon:0.201363

12600-loss_z:18.233,accu:0.278481,loss_recon:0.311334

12800-loss_z:0.181597,accu:0.988503,loss_recon:0.202437

12800-loss_z:18.638216,accu:0.278481,loss_recon:0.309984

13000-loss_z:0.177128,accu:0.988099,loss_recon:0.201637

13000-loss_z:19.014112,accu:0.265823,loss_recon:0.314875

13200-loss_z:0.173289,accu:0.990833,loss_recon:0.201001

13200-loss_z:19.321123,accu:0.265823,loss_recon:0.313186

13400-loss_z:0.167053,accu:0.988913,loss_recon:0.20007

13400-loss_z:19.659508,accu:0.265823,loss_recon:0.311066

13600-loss_z:0.163506,accu:0.989473,loss_recon:0.201327

13600-loss_z:19.968561,accu:0.278481,loss_recon:0.309141

13800-loss_z:0.157135,accu:0.991797,loss_recon:0.200295

13800-loss_z:20.272379,accu:0.265823,loss_recon:0.30996

14000-loss_z:0.152049,accu:0.992044,loss_recon:0.203541

14000-loss_z:20.544764,accu:0.278481,loss_recon:0.308458

14200-loss_z:0.149472,accu:0.993861,loss_recon:0.201347

14200-loss_z:20.848352,accu:0.265823,loss_recon:0.310776

14400-loss_z:0.145029,accu:0.994577,loss_recon:0.202431

14400-loss_z:21.122929,accu:0.265823,loss_recon:0.305327

14600-loss_z:0.139664,accu:0.994486,loss_recon:0.202912

14600-loss_z:21.483212,accu:0.265823,loss_recon:0.306369

14800-loss_z:0.135827,accu:0.994766,loss_recon:0.200627

14800-loss_z:21.742111,accu:0.265823,loss_recon:0.309204

15000-loss_z:0.132367,accu:0.994427,loss_recon:0.201737

15000-loss_z:22.070625,accu:0.265823,loss_recon:0.307788

15200-loss_z:0.128062,accu:0.996595,loss_recon:0.200668

15200-loss_z:22.370991,accu:0.265823,loss_recon:0.308689

15400-loss_z:0.123863,accu:0.995872,loss_recon:0.200176

15400-loss_z:22.666763,accu:0.265823,loss_recon:0.307792

15600-loss_z:0.120136,accu:0.997454,loss_recon:0.199568

15600-loss_z:22.960062,accu:0.253165,loss_recon:0.311959

15800-loss_z:0.116164,accu:0.997454,loss_recon:0.200043

15800-loss_z:23.270643,accu:0.253165,loss_recon:0.311097

16000-loss_z:0.113516,accu:0.996569,loss_recon:0.202057

16000-loss_z:23.529987,accu:0.265823,loss_recon:0.307049

16200-loss_z:0.108316,accu:0.996367,loss_recon:0.202703

16200-loss_z:23.796717,accu:0.253165,loss_recon:0.305898

16400-loss_z:0.105489,accu:0.997845,loss_recon:0.199486

16400-loss_z:24.119055,accu:0.265823,loss_recon:0.309372

16600-loss_z:0.101738,accu:0.99821,loss_recon:0.200435

16600-loss_z:24.396219,accu:0.253165,loss_recon:0.310016

16800-loss_z:0.098769,accu:0.99735,loss_recon:0.199223

16800-loss_z:24.687918,accu:0.240506,loss_recon:0.310981

17000-loss_z:0.095749,accu:0.996868,loss_recon:0.19938

17000-loss_z:24.946859,accu:0.265823,loss_recon:0.30953

17200-loss_z:0.092787,accu:0.997741,loss_recon:0.200156

17200-loss_z:25.264198,accu:0.253165,loss_recon:0.310577

17400-loss_z:0.090668,accu:0.998574,loss_recon:0.200007

17400-loss_z:25.668163,accu:0.240506,loss_recon:0.306317

17600-loss_z:0.087273,accu:0.99888,loss_recon:0.201092

17600-loss_z:26.032187,accu:0.265823,loss_recon:0.310106

17800-loss_z:0.083785,accu:0.999531,loss_recon:0.19888

17800-loss_z:26.353037,accu:0.240506,loss_recon:0.309718

18000-loss_z:0.082004,accu:0.999551,loss_recon:0.200749

18000-loss_z:26.681328,accu:0.240506,loss_recon:0.308528

18200-loss_z:0.07841,accu:0.999492,loss_recon:0.199581

18200-loss_z:27.126764,accu:0.240506,loss_recon:0.308532

18400-loss_z:0.076752,accu:0.999714,loss_recon:0.198976

18400-loss_z:27.51815,accu:0.240506,loss_recon:0.307361

18600-loss_z:0.07375,accu:0.999564,loss_recon:0.200472

18600-loss_z:27.938881,accu:0.240506,loss_recon:0.308227

18800-loss_z:0.070159,accu:0.999896,loss_recon:0.199079

18800-loss_z:28.250389,accu:0.240506,loss_recon:0.307121

19000-loss_z:0.069461,accu:1.0,loss_recon:0.199614

19000-loss_z:28.71702,accu:0.240506,loss_recon:0.312252

19200-loss_z:0.066575,accu:0.999961,loss_recon:0.201456

19200-loss_z:29.16328,accu:0.278481,loss_recon:0.312833

19400-loss_z:0.064537,accu:1.0,loss_recon:0.198828

19400-loss_z:29.578178,accu:0.240506,loss_recon:0.305132

19600-loss_z:0.062453,accu:1.0,loss_recon:0.199528

19600-loss_z:29.996597,accu:0.240506,loss_recon:0.308984

19800-loss_z:0.059753,accu:1.0,loss_recon:0.199948

19800-loss_z:30.479607,accu:0.240506,loss_recon:0.3083

20000-loss_z:0.057548,accu:1.0,loss_recon:0.199009

20000-loss_z:30.872011,accu:0.240506,loss_recon:0.307302

Continue training
New FC model is initialized
200-loss_z:2.605464,accu:0.200566,loss_recon:1.317874

200-loss_z:2.495646,accu:0.088608,loss_recon:0.791767

400-loss_z:1.928702,accu:0.350384,loss_recon:0.543295

400-loss_z:2.390346,accu:0.101266,loss_recon:0.58463

600-loss_z:1.609096,accu:0.443164,loss_recon:0.430106

600-loss_z:2.433434,accu:0.126582,loss_recon:0.50116

800-loss_z:1.409442,accu:0.485768,loss_recon:0.374846

800-loss_z:2.499284,accu:0.202532,loss_recon:0.449077

1000-loss_z:1.27401,accu:0.526068,loss_recon:0.335046

1000-loss_z:2.601439,accu:0.189873,loss_recon:0.418687

1200-loss_z:1.162597,accu:0.568014,loss_recon:0.309937

1200-loss_z:2.750584,accu:0.21519,loss_recon:0.400371

1400-loss_z:1.083401,accu:0.628704,loss_recon:0.296843

1400-loss_z:2.852171,accu:0.189873,loss_recon:0.397206

1600-loss_z:1.017381,accu:0.644622,loss_recon:0.283044

1600-loss_z:2.965456,accu:0.202532,loss_recon:0.387204

1800-loss_z:0.965985,accu:0.668171,loss_recon:0.272446

1800-loss_z:3.112879,accu:0.177215,loss_recon:0.380916

2000-loss_z:0.914032,accu:0.69002,loss_recon:0.264017

2000-loss_z:3.256411,accu:0.177215,loss_recon:0.379374

2200-loss_z:0.86919,accu:0.69487,loss_recon:0.25866

2200-loss_z:3.394103,accu:0.202532,loss_recon:0.381862

2400-loss_z:0.830516,accu:0.711641,loss_recon:0.255039

2400-loss_z:3.532446,accu:0.202532,loss_recon:0.377545

2600-loss_z:0.798667,accu:0.717936,loss_recon:0.2505

2600-loss_z:3.654598,accu:0.189873,loss_recon:0.374148

2800-loss_z:0.762115,accu:0.744824,loss_recon:0.246972

2800-loss_z:3.789656,accu:0.189873,loss_recon:0.375833

3000-loss_z:0.734868,accu:0.75651,loss_recon:0.242979

3000-loss_z:3.90725,accu:0.177215,loss_recon:0.374418

3200-loss_z:0.708979,accu:0.768392,loss_recon:0.239913

3200-loss_z:4.076026,accu:0.202532,loss_recon:0.37286

3400-loss_z:0.680059,accu:0.777917,loss_recon:0.236362

3400-loss_z:4.236932,accu:0.202532,loss_recon:0.370187

3600-loss_z:0.660315,accu:0.7739,loss_recon:0.235932

3600-loss_z:4.419269,accu:0.227848,loss_recon:0.365361

3800-loss_z:0.642633,accu:0.779368,loss_recon:0.231211

3800-loss_z:4.599688,accu:0.21519,loss_recon:0.367228

4000-loss_z:0.625223,accu:0.788724,loss_recon:0.229694

4000-loss_z:4.819611,accu:0.21519,loss_recon:0.36556

4200-loss_z:0.604297,accu:0.802096,loss_recon:0.225254

4200-loss_z:5.066293,accu:0.202532,loss_recon:0.365969

4400-loss_z:0.586892,accu:0.810605,loss_recon:0.224362

4400-loss_z:5.349581,accu:0.202532,loss_recon:0.362809

4600-loss_z:0.567646,accu:0.810619,loss_recon:0.223523

4600-loss_z:5.653772,accu:0.227848,loss_recon:0.366529

4800-loss_z:0.550159,accu:0.812845,loss_recon:0.223437

4800-loss_z:5.977437,accu:0.21519,loss_recon:0.364382

5000-loss_z:0.543001,accu:0.820241,loss_recon:0.219905

5000-loss_z:6.320898,accu:0.21519,loss_recon:0.362344

5200-loss_z:0.52721,accu:0.829271,loss_recon:0.217975

5200-loss_z:6.610448,accu:0.240506,loss_recon:0.360164

5400-loss_z:0.514389,accu:0.835436,loss_recon:0.216617

5400-loss_z:6.934951,accu:0.21519,loss_recon:0.361048

5600-loss_z:0.500446,accu:0.840996,loss_recon:0.216657

5600-loss_z:7.277624,accu:0.240506,loss_recon:0.359073

5800-loss_z:0.486364,accu:0.849896,loss_recon:0.213816

5800-loss_z:7.570358,accu:0.240506,loss_recon:0.359529

6000-loss_z:0.4765,accu:0.860605,loss_recon:0.213359

6000-loss_z:7.984801,accu:0.227848,loss_recon:0.361405

6200-loss_z:0.459335,accu:0.865013,loss_recon:0.211441

6200-loss_z:8.409579,accu:0.227848,loss_recon:0.357178

6400-loss_z:0.449368,accu:0.863991,loss_recon:0.212252

6400-loss_z:8.803921,accu:0.240506,loss_recon:0.354967

6600-loss_z:0.436364,accu:0.866979,loss_recon:0.208052

6600-loss_z:9.236502,accu:0.227848,loss_recon:0.353993

6800-loss_z:0.42611,accu:0.87347,loss_recon:0.208042

6800-loss_z:9.559965,accu:0.240506,loss_recon:0.354575

7000-loss_z:0.416765,accu:0.877454,loss_recon:0.209829

7000-loss_z:10.015906,accu:0.240506,loss_recon:0.355108

7200-loss_z:0.410473,accu:0.873678,loss_recon:0.2065

7200-loss_z:10.376158,accu:0.240506,loss_recon:0.352178

7400-loss_z:0.395115,accu:0.879141,loss_recon:0.207204

7400-loss_z:10.764571,accu:0.253165,loss_recon:0.354053

7600-loss_z:0.38817,accu:0.878105,loss_recon:0.205248

7600-loss_z:11.142361,accu:0.227848,loss_recon:0.349547

7800-loss_z:0.383978,accu:0.883659,loss_recon:0.202864

7800-loss_z:11.538371,accu:0.253165,loss_recon:0.345107

8000-loss_z:0.376521,accu:0.88487,loss_recon:0.20263

8000-loss_z:11.886281,accu:0.227848,loss_recon:0.347982

8200-loss_z:0.366507,accu:0.885664,loss_recon:0.20128

8200-loss_z:12.272028,accu:0.253165,loss_recon:0.342582

8400-loss_z:0.359864,accu:0.886953,loss_recon:0.200759

8400-loss_z:12.582687,accu:0.227848,loss_recon:0.345703

8600-loss_z:0.355043,accu:0.889199,loss_recon:0.200993

8600-loss_z:12.989965,accu:0.227848,loss_recon:0.344173

8800-loss_z:0.347275,accu:0.89444,loss_recon:0.198573

8800-loss_z:13.369417,accu:0.227848,loss_recon:0.348554

9000-loss_z:0.337876,accu:0.896953,loss_recon:0.199539

9000-loss_z:13.768375,accu:0.240506,loss_recon:0.347243

9200-loss_z:0.336803,accu:0.894193,loss_recon:0.19852

9200-loss_z:14.161606,accu:0.240506,loss_recon:0.341312

9400-loss_z:0.325841,accu:0.90151,loss_recon:0.196527

9400-loss_z:14.47729,accu:0.240506,loss_recon:0.34106

9600-loss_z:0.322643,accu:0.902858,loss_recon:0.195167

9600-loss_z:14.837186,accu:0.240506,loss_recon:0.343258

9800-loss_z:0.318726,accu:0.905078,loss_recon:0.196287

9800-loss_z:15.237997,accu:0.240506,loss_recon:0.342535

10000-loss_z:0.308813,accu:0.907819,loss_recon:0.19378

10000-loss_z:15.612419,accu:0.240506,loss_recon:0.341511

10200-loss_z:0.301138,accu:0.913242,loss_recon:0.195277

10200-loss_z:15.990314,accu:0.240506,loss_recon:0.345691

10400-loss_z:0.295819,accu:0.914395,loss_recon:0.193679

10400-loss_z:16.376154,accu:0.227848,loss_recon:0.34212

10600-loss_z:0.293772,accu:0.919857,loss_recon:0.193773

10600-loss_z:16.821077,accu:0.253165,loss_recon:0.341668

10800-loss_z:0.291984,accu:0.924707,loss_recon:0.19301

10800-loss_z:17.154036,accu:0.240506,loss_recon:0.34173

11000-loss_z:0.282563,accu:0.926146,loss_recon:0.192161

11000-loss_z:17.526297,accu:0.240506,loss_recon:0.342358

11200-loss_z:0.280777,accu:0.920202,loss_recon:0.190509

11200-loss_z:17.905327,accu:0.227848,loss_recon:0.344537

11400-loss_z:0.278236,accu:0.917741,loss_recon:0.190329

11400-loss_z:18.337858,accu:0.240506,loss_recon:0.341348

11600-loss_z:0.270456,accu:0.924408,loss_recon:0.190132

11600-loss_z:18.749599,accu:0.240506,loss_recon:0.344634

11800-loss_z:0.263062,accu:0.92849,loss_recon:0.191054

11800-loss_z:19.24037,accu:0.240506,loss_recon:0.343683

12000-loss_z:0.258986,accu:0.933119,loss_recon:0.190677

12000-loss_z:19.575859,accu:0.227848,loss_recon:0.345197

12200-loss_z:0.257762,accu:0.9236,loss_recon:0.189332

12200-loss_z:19.996649,accu:0.21519,loss_recon:0.344975

12400-loss_z:0.251824,accu:0.931419,loss_recon:0.189423

12400-loss_z:20.377453,accu:0.227848,loss_recon:0.340101

12600-loss_z:0.247117,accu:0.935781,loss_recon:0.191041

12600-loss_z:20.873785,accu:0.227848,loss_recon:0.345276

12800-loss_z:0.245918,accu:0.925378,loss_recon:0.188285

12800-loss_z:21.338102,accu:0.227848,loss_recon:0.34562

13000-loss_z:0.239343,accu:0.930299,loss_recon:0.188389

13000-loss_z:21.868122,accu:0.21519,loss_recon:0.342624

13200-loss_z:0.236056,accu:0.93696,loss_recon:0.189535

13200-loss_z:22.367411,accu:0.202532,loss_recon:0.343783

13400-loss_z:0.231731,accu:0.931628,loss_recon:0.188473

13400-loss_z:22.837299,accu:0.202532,loss_recon:0.344648

13600-loss_z:0.228371,accu:0.937585,loss_recon:0.189179

13600-loss_z:23.508602,accu:0.202532,loss_recon:0.34475

13800-loss_z:0.225744,accu:0.941647,loss_recon:0.1883

13800-loss_z:24.071323,accu:0.189873,loss_recon:0.341144

14000-loss_z:0.224315,accu:0.941217,loss_recon:0.187689

14000-loss_z:24.611355,accu:0.189873,loss_recon:0.344773

14200-loss_z:0.219455,accu:0.941191,loss_recon:0.187888

14200-loss_z:25.266577,accu:0.189873,loss_recon:0.344453

14400-loss_z:0.211578,accu:0.947448,loss_recon:0.187535

14400-loss_z:25.809361,accu:0.189873,loss_recon:0.344861

14600-loss_z:0.210256,accu:0.94778,loss_recon:0.188958

14600-loss_z:26.353979,accu:0.189873,loss_recon:0.34107

14800-loss_z:0.207131,accu:0.953092,loss_recon:0.187818

14800-loss_z:26.882713,accu:0.189873,loss_recon:0.346953

15000-loss_z:0.202,accu:0.955241,loss_recon:0.187351

15000-loss_z:27.382818,accu:0.189873,loss_recon:0.347057

15200-loss_z:0.199074,accu:0.957331,loss_recon:0.186638

15200-loss_z:27.970369,accu:0.189873,loss_recon:0.349752

15400-loss_z:0.196482,accu:0.958639,loss_recon:0.186009

15400-loss_z:28.589659,accu:0.177215,loss_recon:0.345108

15600-loss_z:0.195085,accu:0.9589,loss_recon:0.187794

15600-loss_z:29.313677,accu:0.189873,loss_recon:0.341966

15800-loss_z:0.189535,accu:0.962799,loss_recon:0.184383

15800-loss_z:30.060593,accu:0.189873,loss_recon:0.350109

16000-loss_z:0.184397,accu:0.959271,loss_recon:0.186088

16000-loss_z:30.766527,accu:0.177215,loss_recon:0.346303

16200-loss_z:0.185989,accu:0.961497,loss_recon:0.187963

16200-loss_z:31.501026,accu:0.189873,loss_recon:0.345978

16400-loss_z:0.179802,accu:0.966152,loss_recon:0.186532

16400-loss_z:32.057919,accu:0.177215,loss_recon:0.345484

16600-loss_z:0.176599,accu:0.960371,loss_recon:0.186846

16600-loss_z:32.688835,accu:0.177215,loss_recon:0.343183

16800-loss_z:0.173953,accu:0.965046,loss_recon:0.187643

16800-loss_z:33.218082,accu:0.189873,loss_recon:0.344972

17000-loss_z:0.168557,accu:0.966471,loss_recon:0.18549

17000-loss_z:33.808128,accu:0.189873,loss_recon:0.343094

17200-loss_z:0.164777,accu:0.967754,loss_recon:0.1845

17200-loss_z:34.380215,accu:0.189873,loss_recon:0.35045

17400-loss_z:0.160148,accu:0.969049,loss_recon:0.184551

17400-loss_z:34.905941,accu:0.177215,loss_recon:0.347106

17600-loss_z:0.158981,accu:0.968574,loss_recon:0.185322

17600-loss_z:35.529156,accu:0.177215,loss_recon:0.347409

17800-loss_z:0.154795,accu:0.972702,loss_recon:0.182994

17800-loss_z:36.057209,accu:0.202532,loss_recon:0.345433

18000-loss_z:0.151491,accu:0.973079,loss_recon:0.186237

18000-loss_z:36.624355,accu:0.202532,loss_recon:0.34606

18200-loss_z:0.152066,accu:0.970332,loss_recon:0.185957

18200-loss_z:37.192181,accu:0.189873,loss_recon:0.345477

18400-loss_z:0.145456,accu:0.973594,loss_recon:0.184901

18400-loss_z:37.779289,accu:0.202532,loss_recon:0.345553

18600-loss_z:0.143543,accu:0.971243,loss_recon:0.185477

18600-loss_z:38.34304,accu:0.202532,loss_recon:0.344505

18800-loss_z:0.140753,accu:0.972754,loss_recon:0.18784

18800-loss_z:38.921635,accu:0.202532,loss_recon:0.346058

19000-loss_z:0.136953,accu:0.974974,loss_recon:0.184071

19000-loss_z:39.527889,accu:0.202532,loss_recon:0.352244

19200-loss_z:0.13349,accu:0.975742,loss_recon:0.184523

19200-loss_z:40.209782,accu:0.21519,loss_recon:0.34433

19400-loss_z:0.131935,accu:0.974362,loss_recon:0.184859

19400-loss_z:40.757248,accu:0.202532,loss_recon:0.347319

19600-loss_z:0.130075,accu:0.976159,loss_recon:0.184948

19600-loss_z:41.421474,accu:0.202532,loss_recon:0.346695

19800-loss_z:0.12664,accu:0.978379,loss_recon:0.184637

19800-loss_z:42.020214,accu:0.189873,loss_recon:0.346724

20000-loss_z:0.125725,accu:0.975339,loss_recon:0.185521

20000-loss_z:42.669212,accu:0.202532,loss_recon:0.346533

Continue training
New FC model is initialized
200-loss_z:2.58185,accu:0.180484,loss_recon:1.783418

200-loss_z:2.758433,accu:0.050633,loss_recon:1.027534

400-loss_z:1.983686,accu:0.345293,loss_recon:0.624007

400-loss_z:2.637553,accu:0.088608,loss_recon:0.622985

600-loss_z:1.675286,accu:0.408366,loss_recon:0.413032

600-loss_z:2.63801,accu:0.113924,loss_recon:0.529035

800-loss_z:1.49367,accu:0.451452,loss_recon:0.358312

800-loss_z:2.653214,accu:0.164557,loss_recon:0.493112

1000-loss_z:1.356241,accu:0.485202,loss_recon:0.327071

1000-loss_z:2.705904,accu:0.189873,loss_recon:0.474302

1200-loss_z:1.252318,accu:0.531276,loss_recon:0.299152

1200-loss_z:2.768765,accu:0.164557,loss_recon:0.458744

1400-loss_z:1.169508,accu:0.555781,loss_recon:0.286223

1400-loss_z:2.766787,accu:0.227848,loss_recon:0.449252

1600-loss_z:1.093986,accu:0.590944,loss_recon:0.276045

1600-loss_z:2.817281,accu:0.253165,loss_recon:0.43913

1800-loss_z:1.033152,accu:0.608086,loss_recon:0.271762

1800-loss_z:2.88987,accu:0.253165,loss_recon:0.446022

2000-loss_z:0.9779,accu:0.652064,loss_recon:0.264903

2000-loss_z:2.987697,accu:0.21519,loss_recon:0.442584

2200-loss_z:0.933225,accu:0.681706,loss_recon:0.253414

2200-loss_z:3.064901,accu:0.240506,loss_recon:0.439788

2400-loss_z:0.886029,accu:0.713138,loss_recon:0.244594

2400-loss_z:3.186122,accu:0.227848,loss_recon:0.433772

2600-loss_z:0.847597,accu:0.736816,loss_recon:0.242351

2600-loss_z:3.318338,accu:0.240506,loss_recon:0.434681

2800-loss_z:0.813503,accu:0.752051,loss_recon:0.235717

2800-loss_z:3.441397,accu:0.240506,loss_recon:0.43668

3000-loss_z:0.778364,accu:0.761549,loss_recon:0.236362

3000-loss_z:3.561364,accu:0.227848,loss_recon:0.429847

3200-loss_z:0.75244,accu:0.77847,loss_recon:0.230797

3200-loss_z:3.738633,accu:0.253165,loss_recon:0.433305

3400-loss_z:0.719489,accu:0.791322,loss_recon:0.22755

3400-loss_z:3.887645,accu:0.240506,loss_recon:0.429295

3600-loss_z:0.694556,accu:0.802051,loss_recon:0.23012

3600-loss_z:4.051715,accu:0.253165,loss_recon:0.435523

3800-loss_z:0.670142,accu:0.815638,loss_recon:0.2263

3800-loss_z:4.175277,accu:0.253165,loss_recon:0.440559

4000-loss_z:0.646091,accu:0.82847,loss_recon:0.220517

4000-loss_z:4.298038,accu:0.253165,loss_recon:0.433599

4200-loss_z:0.627446,accu:0.83237,loss_recon:0.219611

4200-loss_z:4.447589,accu:0.240506,loss_recon:0.428928

4400-loss_z:0.612162,accu:0.839095,loss_recon:0.217588

4400-loss_z:4.609609,accu:0.253165,loss_recon:0.430395

4600-loss_z:0.591596,accu:0.844922,loss_recon:0.215925

4600-loss_z:4.735537,accu:0.253165,loss_recon:0.426329

4800-loss_z:0.575829,accu:0.84554,loss_recon:0.211324

4800-loss_z:4.879254,accu:0.291139,loss_recon:0.424693

5000-loss_z:0.557549,accu:0.852513,loss_recon:0.209792

5000-loss_z:5.053976,accu:0.291139,loss_recon:0.428577

5200-loss_z:0.542569,accu:0.858978,loss_recon:0.207603

5200-loss_z:5.225732,accu:0.291139,loss_recon:0.432737

5400-loss_z:0.52359,accu:0.871152,loss_recon:0.207397

5400-loss_z:5.365921,accu:0.278481,loss_recon:0.428266

5600-loss_z:0.517437,accu:0.871426,loss_recon:0.204907

5600-loss_z:5.519191,accu:0.303797,loss_recon:0.428945

5800-loss_z:0.50571,accu:0.873457,loss_recon:0.205448

5800-loss_z:5.701142,accu:0.303797,loss_recon:0.425121

6000-loss_z:0.490187,accu:0.873809,loss_recon:0.203288

6000-loss_z:5.872534,accu:0.291139,loss_recon:0.426454

6200-loss_z:0.471835,accu:0.87347,loss_recon:0.20547

6200-loss_z:6.073341,accu:0.291139,loss_recon:0.430873

6400-loss_z:0.464579,accu:0.872402,loss_recon:0.200436

6400-loss_z:6.269206,accu:0.291139,loss_recon:0.432125

6600-loss_z:0.453863,accu:0.878483,loss_recon:0.19852

6600-loss_z:6.421188,accu:0.278481,loss_recon:0.427121

6800-loss_z:0.443229,accu:0.873919,loss_recon:0.193313

6800-loss_z:6.615164,accu:0.291139,loss_recon:0.429189

7000-loss_z:0.429468,accu:0.880938,loss_recon:0.193193

7000-loss_z:6.792605,accu:0.303797,loss_recon:0.42369

7200-loss_z:0.417813,accu:0.882988,loss_recon:0.191766

7200-loss_z:6.973304,accu:0.291139,loss_recon:0.421072

7400-loss_z:0.406696,accu:0.879512,loss_recon:0.190449

7400-loss_z:7.193764,accu:0.278481,loss_recon:0.42375

7600-loss_z:0.402493,accu:0.886009,loss_recon:0.18975

7600-loss_z:7.377124,accu:0.278481,loss_recon:0.424561

7800-loss_z:0.394425,accu:0.885671,loss_recon:0.189231

7800-loss_z:7.53136,accu:0.278481,loss_recon:0.426789

8000-loss_z:0.386887,accu:0.884206,loss_recon:0.187214

8000-loss_z:7.694338,accu:0.278481,loss_recon:0.419097

8200-loss_z:0.379477,accu:0.884766,loss_recon:0.187605

8200-loss_z:7.870725,accu:0.291139,loss_recon:0.428181

8400-loss_z:0.373521,accu:0.890768,loss_recon:0.189379

8400-loss_z:8.011444,accu:0.291139,loss_recon:0.425665

8600-loss_z:0.364554,accu:0.896536,loss_recon:0.185187

8600-loss_z:8.231671,accu:0.278481,loss_recon:0.432756

8800-loss_z:0.355398,accu:0.900781,loss_recon:0.183577

8800-loss_z:8.377218,accu:0.291139,loss_recon:0.430856

9000-loss_z:0.35136,accu:0.899401,loss_recon:0.183815

9000-loss_z:8.529293,accu:0.291139,loss_recon:0.431788

9200-loss_z:0.349883,accu:0.893268,loss_recon:0.183861

9200-loss_z:8.713726,accu:0.291139,loss_recon:0.433847

9400-loss_z:0.33951,accu:0.904095,loss_recon:0.182375

9400-loss_z:8.869312,accu:0.278481,loss_recon:0.43114

9600-loss_z:0.334387,accu:0.906263,loss_recon:0.181499

9600-loss_z:9.077793,accu:0.291139,loss_recon:0.435765

9800-loss_z:0.322889,accu:0.908893,loss_recon:0.180027

9800-loss_z:9.239232,accu:0.265823,loss_recon:0.439351

10000-loss_z:0.318857,accu:0.911725,loss_recon:0.179932

10000-loss_z:9.369353,accu:0.291139,loss_recon:0.435551

10200-loss_z:0.314264,accu:0.919329,loss_recon:0.179393

10200-loss_z:9.486989,accu:0.291139,loss_recon:0.436074

10400-loss_z:0.307951,accu:0.926361,loss_recon:0.177713

10400-loss_z:9.622675,accu:0.278481,loss_recon:0.436976

10600-loss_z:0.299277,accu:0.929121,loss_recon:0.178792

10600-loss_z:9.805744,accu:0.265823,loss_recon:0.437974

10800-loss_z:0.292459,accu:0.929049,loss_recon:0.179638

10800-loss_z:9.928302,accu:0.253165,loss_recon:0.436826

11000-loss_z:0.291417,accu:0.934525,loss_recon:0.180312

11000-loss_z:10.108895,accu:0.265823,loss_recon:0.437127

11200-loss_z:0.281634,accu:0.934355,loss_recon:0.178544

11200-loss_z:10.26332,accu:0.265823,loss_recon:0.435952

11400-loss_z:0.274973,accu:0.936758,loss_recon:0.176622

11400-loss_z:10.4307,accu:0.278481,loss_recon:0.437654

11600-loss_z:0.273321,accu:0.940944,loss_recon:0.178517

11600-loss_z:10.597351,accu:0.278481,loss_recon:0.440702

11800-loss_z:0.265093,accu:0.941035,loss_recon:0.178895

11800-loss_z:10.750186,accu:0.253165,loss_recon:0.435875

12000-loss_z:0.259161,accu:0.942435,loss_recon:0.177212

12000-loss_z:10.955703,accu:0.265823,loss_recon:0.441413

12200-loss_z:0.256747,accu:0.94554,loss_recon:0.177642

12200-loss_z:11.117174,accu:0.253165,loss_recon:0.442688

12400-loss_z:0.250899,accu:0.945007,loss_recon:0.17683

12400-loss_z:11.272706,accu:0.303797,loss_recon:0.439657

12600-loss_z:0.24592,accu:0.944616,loss_recon:0.176694

12600-loss_z:11.502338,accu:0.265823,loss_recon:0.43367

12800-loss_z:0.242556,accu:0.945,loss_recon:0.177659

12800-loss_z:11.667042,accu:0.253165,loss_recon:0.439141

13000-loss_z:0.236668,accu:0.952767,loss_recon:0.177869

13000-loss_z:11.874205,accu:0.253165,loss_recon:0.436096

13200-loss_z:0.231385,accu:0.949102,loss_recon:0.178882

13200-loss_z:12.048079,accu:0.265823,loss_recon:0.44053

13400-loss_z:0.228636,accu:0.954089,loss_recon:0.178461

13400-loss_z:12.264969,accu:0.278481,loss_recon:0.431018

13600-loss_z:0.223769,accu:0.952611,loss_recon:0.176436

13600-loss_z:12.53351,accu:0.265823,loss_recon:0.437803

13800-loss_z:0.215369,accu:0.954297,loss_recon:0.176256

13800-loss_z:12.818797,accu:0.265823,loss_recon:0.438292

14000-loss_z:0.213149,accu:0.951563,loss_recon:0.177458

14000-loss_z:12.993381,accu:0.253165,loss_recon:0.43643

14200-loss_z:0.207135,accu:0.961387,loss_recon:0.17784

14200-loss_z:13.207827,accu:0.240506,loss_recon:0.436864

14400-loss_z:0.204786,accu:0.960671,loss_recon:0.175769

14400-loss_z:13.424767,accu:0.265823,loss_recon:0.438508

14600-loss_z:0.20067,accu:0.962982,loss_recon:0.176479

14600-loss_z:13.667698,accu:0.253165,loss_recon:0.439

14800-loss_z:0.197888,accu:0.961842,loss_recon:0.178674

14800-loss_z:13.911176,accu:0.265823,loss_recon:0.438585

15000-loss_z:0.193977,accu:0.962383,loss_recon:0.176609

15000-loss_z:14.101054,accu:0.265823,loss_recon:0.434903

15200-loss_z:0.192574,accu:0.962988,loss_recon:0.176559

15200-loss_z:14.308347,accu:0.240506,loss_recon:0.434157

15400-loss_z:0.187563,accu:0.967305,loss_recon:0.174942

15400-loss_z:14.501211,accu:0.253165,loss_recon:0.43699

15600-loss_z:0.184226,accu:0.966999,loss_recon:0.175269

15600-loss_z:14.761328,accu:0.240506,loss_recon:0.437211

15800-loss_z:0.180286,accu:0.967396,loss_recon:0.177726

15800-loss_z:14.97999,accu:0.227848,loss_recon:0.431818

16000-loss_z:0.176793,accu:0.967806,loss_recon:0.175226

16000-loss_z:15.195937,accu:0.265823,loss_recon:0.435902

16200-loss_z:0.171878,accu:0.971771,loss_recon:0.175304

16200-loss_z:15.414655,accu:0.253165,loss_recon:0.436563

16400-loss_z:0.171068,accu:0.971602,loss_recon:0.176449

16400-loss_z:15.623608,accu:0.253165,loss_recon:0.435705

16600-loss_z:0.167942,accu:0.971732,loss_recon:0.174166

16600-loss_z:15.824041,accu:0.253165,loss_recon:0.436886

16800-loss_z:0.16716,accu:0.970872,loss_recon:0.175455

16800-loss_z:16.046791,accu:0.240506,loss_recon:0.435171

17000-loss_z:0.162189,accu:0.972135,loss_recon:0.175084

17000-loss_z:16.292604,accu:0.240506,loss_recon:0.433371

17200-loss_z:0.158009,accu:0.97416,loss_recon:0.174299

17200-loss_z:16.479843,accu:0.240506,loss_recon:0.431683

17400-loss_z:0.157822,accu:0.974479,loss_recon:0.175187

17400-loss_z:16.672253,accu:0.253165,loss_recon:0.4361

17600-loss_z:0.155823,accu:0.976536,loss_recon:0.174433

17600-loss_z:16.912081,accu:0.240506,loss_recon:0.432208

17800-loss_z:0.151931,accu:0.976803,loss_recon:0.173813

17800-loss_z:17.117764,accu:0.240506,loss_recon:0.431087

18000-loss_z:0.149535,accu:0.976986,loss_recon:0.174987

18000-loss_z:17.306187,accu:0.240506,loss_recon:0.430616

18200-loss_z:0.146977,accu:0.978652,loss_recon:0.173338

18200-loss_z:17.552486,accu:0.240506,loss_recon:0.432334

18400-loss_z:0.145199,accu:0.979277,loss_recon:0.174403

18400-loss_z:17.717232,accu:0.240506,loss_recon:0.432092

18600-loss_z:0.141808,accu:0.983659,loss_recon:0.176433

18600-loss_z:17.887178,accu:0.240506,loss_recon:0.433027

18800-loss_z:0.139765,accu:0.980684,loss_recon:0.17273

18800-loss_z:18.144157,accu:0.240506,loss_recon:0.433227

19000-loss_z:0.137643,accu:0.982422,loss_recon:0.173187

19000-loss_z:18.372944,accu:0.240506,loss_recon:0.431702

19200-loss_z:0.135798,accu:0.981901,loss_recon:0.175567

19200-loss_z:18.517437,accu:0.240506,loss_recon:0.430657

19400-loss_z:0.132215,accu:0.985228,loss_recon:0.174321

19400-loss_z:18.752653,accu:0.240506,loss_recon:0.430911

19600-loss_z:0.131517,accu:0.985918,loss_recon:0.174587

19600-loss_z:18.915764,accu:0.240506,loss_recon:0.428826

19800-loss_z:0.126797,accu:0.987467,loss_recon:0.176783

19800-loss_z:19.17354,accu:0.240506,loss_recon:0.430739

20000-loss_z:0.125428,accu:0.986406,loss_recon:0.173198

20000-loss_z:19.325052,accu:0.240506,loss_recon:0.428397

Continue training
New FC model is initialized
200-loss_z:2.594013,accu:0.177861,loss_recon:1.57447

200-loss_z:2.645375,accu:0.088608,loss_recon:0.832825

400-loss_z:1.982556,accu:0.337734,loss_recon:0.507603

400-loss_z:2.504809,accu:0.113924,loss_recon:0.58812

600-loss_z:1.705999,accu:0.423529,loss_recon:0.392848

600-loss_z:2.523548,accu:0.164557,loss_recon:0.518746

800-loss_z:1.509942,accu:0.459134,loss_recon:0.351693

800-loss_z:2.639007,accu:0.126582,loss_recon:0.494462

1000-loss_z:1.367631,accu:0.500273,loss_recon:0.328759

1000-loss_z:2.782051,accu:0.151899,loss_recon:0.484076

1200-loss_z:1.253151,accu:0.566458,loss_recon:0.306087

1200-loss_z:2.945236,accu:0.139241,loss_recon:0.477974

1400-loss_z:1.152587,accu:0.607357,loss_recon:0.290098

1400-loss_z:3.173205,accu:0.164557,loss_recon:0.458755

1600-loss_z:1.06542,accu:0.654173,loss_recon:0.282236

1600-loss_z:3.369312,accu:0.189873,loss_recon:0.454416

1800-loss_z:1.000555,accu:0.680931,loss_recon:0.274708

1800-loss_z:3.593626,accu:0.189873,loss_recon:0.448992

2000-loss_z:0.931004,accu:0.708275,loss_recon:0.264772

2000-loss_z:3.837634,accu:0.21519,loss_recon:0.440498

2200-loss_z:0.872335,accu:0.720794,loss_recon:0.250908

2200-loss_z:4.087832,accu:0.227848,loss_recon:0.433337

2400-loss_z:0.831796,accu:0.747142,loss_recon:0.24776

2400-loss_z:4.33995,accu:0.21519,loss_recon:0.436475

2600-loss_z:0.792079,accu:0.754368,loss_recon:0.233697

2600-loss_z:4.629173,accu:0.227848,loss_recon:0.423142

2800-loss_z:0.756327,accu:0.767448,loss_recon:0.226891

2800-loss_z:4.885302,accu:0.202532,loss_recon:0.415756

3000-loss_z:0.720391,accu:0.773021,loss_recon:0.220028

3000-loss_z:5.147504,accu:0.21519,loss_recon:0.415495

3200-loss_z:0.692629,accu:0.782012,loss_recon:0.216583

3200-loss_z:5.414259,accu:0.202532,loss_recon:0.408084

3400-loss_z:0.663842,accu:0.794102,loss_recon:0.213424

3400-loss_z:5.694479,accu:0.202532,loss_recon:0.407732

3600-loss_z:0.649413,accu:0.791914,loss_recon:0.212794

3600-loss_z:5.947155,accu:0.177215,loss_recon:0.405231

3800-loss_z:0.620789,accu:0.804193,loss_recon:0.210018

3800-loss_z:6.240466,accu:0.202532,loss_recon:0.401971

4000-loss_z:0.609654,accu:0.807858,loss_recon:0.209091

4000-loss_z:6.504473,accu:0.189873,loss_recon:0.398941

4200-loss_z:0.581068,accu:0.817988,loss_recon:0.207096

4200-loss_z:6.784552,accu:0.189873,loss_recon:0.406558

4400-loss_z:0.561913,accu:0.822617,loss_recon:0.204887

4400-loss_z:7.07673,accu:0.177215,loss_recon:0.395041

4600-loss_z:0.537693,accu:0.832728,loss_recon:0.202339

4600-loss_z:7.318441,accu:0.202532,loss_recon:0.395539

4800-loss_z:0.525932,accu:0.838483,loss_recon:0.201605

4800-loss_z:7.617121,accu:0.202532,loss_recon:0.392416

5000-loss_z:0.509645,accu:0.844408,loss_recon:0.200645

5000-loss_z:7.839525,accu:0.189873,loss_recon:0.396423

5200-loss_z:0.493927,accu:0.850944,loss_recon:0.199512

5200-loss_z:8.125754,accu:0.202532,loss_recon:0.389319

5400-loss_z:0.47888,accu:0.86071,loss_recon:0.197285

5400-loss_z:8.435866,accu:0.202532,loss_recon:0.393439

5600-loss_z:0.467814,accu:0.858672,loss_recon:0.198242

5600-loss_z:8.69307,accu:0.189873,loss_recon:0.388474

5800-loss_z:0.453672,accu:0.866706,loss_recon:0.194288

5800-loss_z:8.972586,accu:0.189873,loss_recon:0.390031

6000-loss_z:0.43886,accu:0.872786,loss_recon:0.194995

6000-loss_z:9.26796,accu:0.151899,loss_recon:0.393236

6200-loss_z:0.426656,accu:0.880221,loss_recon:0.19345

6200-loss_z:9.568324,accu:0.189873,loss_recon:0.388914

6400-loss_z:0.416678,accu:0.878581,loss_recon:0.193551

6400-loss_z:9.835721,accu:0.164557,loss_recon:0.394599

6600-loss_z:0.40487,accu:0.886016,loss_recon:0.193169

6600-loss_z:10.113223,accu:0.164557,loss_recon:0.394104

6800-loss_z:0.392412,accu:0.891966,loss_recon:0.191517

6800-loss_z:10.385639,accu:0.151899,loss_recon:0.400471

7000-loss_z:0.384178,accu:0.893978,loss_recon:0.193429

7000-loss_z:10.672321,accu:0.177215,loss_recon:0.39819

7200-loss_z:0.376168,accu:0.894421,loss_recon:0.192396

7200-loss_z:10.960952,accu:0.164557,loss_recon:0.396433

7400-loss_z:0.365054,accu:0.896934,loss_recon:0.189854

7400-loss_z:11.250693,accu:0.139241,loss_recon:0.398441

7600-loss_z:0.352785,accu:0.903607,loss_recon:0.188437

7600-loss_z:11.521373,accu:0.139241,loss_recon:0.400626

7800-loss_z:0.346349,accu:0.905482,loss_recon:0.186346

7800-loss_z:11.809231,accu:0.139241,loss_recon:0.403262

8000-loss_z:0.3404,accu:0.907285,loss_recon:0.18785

8000-loss_z:12.046365,accu:0.151899,loss_recon:0.401947

8200-loss_z:0.328949,accu:0.910703,loss_recon:0.186885

8200-loss_z:12.347457,accu:0.151899,loss_recon:0.400171

8400-loss_z:0.319218,accu:0.917194,loss_recon:0.187526

8400-loss_z:12.625935,accu:0.151899,loss_recon:0.396735

8600-loss_z:0.309275,accu:0.925645,loss_recon:0.185568

8600-loss_z:12.90012,accu:0.164557,loss_recon:0.391261

8800-loss_z:0.302317,accu:0.927116,loss_recon:0.182367

8800-loss_z:13.179264,accu:0.151899,loss_recon:0.390252

9000-loss_z:0.294602,accu:0.927435,loss_recon:0.182009

9000-loss_z:13.464318,accu:0.164557,loss_recon:0.391258

9200-loss_z:0.289901,accu:0.927604,loss_recon:0.180679

9200-loss_z:13.778634,accu:0.164557,loss_recon:0.393462

9400-loss_z:0.28243,accu:0.930306,loss_recon:0.179567

9400-loss_z:14.038856,accu:0.139241,loss_recon:0.388316

9600-loss_z:0.272974,accu:0.933379,loss_recon:0.178191

9600-loss_z:14.341079,accu:0.151899,loss_recon:0.393867

9800-loss_z:0.266207,accu:0.937936,loss_recon:0.177285

9800-loss_z:14.601435,accu:0.151899,loss_recon:0.392502

10000-loss_z:0.259555,accu:0.936921,loss_recon:0.177156

10000-loss_z:14.842878,accu:0.164557,loss_recon:0.395533

10200-loss_z:0.254329,accu:0.939694,loss_recon:0.17615

10200-loss_z:15.060757,accu:0.164557,loss_recon:0.397598

10400-loss_z:0.243373,accu:0.94666,loss_recon:0.176874

10400-loss_z:15.325506,accu:0.151899,loss_recon:0.395173

10600-loss_z:0.238676,accu:0.946445,loss_recon:0.176261

10600-loss_z:15.556989,accu:0.177215,loss_recon:0.400158

10800-loss_z:0.232584,accu:0.948691,loss_recon:0.175191

10800-loss_z:15.75356,accu:0.177215,loss_recon:0.397268

11000-loss_z:0.226858,accu:0.949004,loss_recon:0.176328

11000-loss_z:15.938947,accu:0.164557,loss_recon:0.396263

11200-loss_z:0.224535,accu:0.945951,loss_recon:0.176714

11200-loss_z:16.142076,accu:0.177215,loss_recon:0.402579

11400-loss_z:0.216424,accu:0.947721,loss_recon:0.173485

11400-loss_z:16.31114,accu:0.177215,loss_recon:0.400419

11600-loss_z:0.21334,accu:0.94903,loss_recon:0.174719

11600-loss_z:16.478926,accu:0.177215,loss_recon:0.404274

11800-loss_z:0.204626,accu:0.951699,loss_recon:0.17298

11800-loss_z:16.615425,accu:0.177215,loss_recon:0.406141

12000-loss_z:0.202144,accu:0.952637,loss_recon:0.1743

12000-loss_z:16.776892,accu:0.189873,loss_recon:0.404393

12200-loss_z:0.196226,accu:0.955228,loss_recon:0.17252

12200-loss_z:16.925766,accu:0.177215,loss_recon:0.403508

12400-loss_z:0.191053,accu:0.959408,loss_recon:0.174199

12400-loss_z:17.105299,accu:0.189873,loss_recon:0.40282

12600-loss_z:0.18936,accu:0.959902,loss_recon:0.172281

12600-loss_z:17.325087,accu:0.177215,loss_recon:0.406814

12800-loss_z:0.183476,accu:0.960677,loss_recon:0.174615

12800-loss_z:17.441921,accu:0.177215,loss_recon:0.407848

13000-loss_z:0.183742,accu:0.96194,loss_recon:0.172852

13000-loss_z:17.604717,accu:0.202532,loss_recon:0.411214

13200-loss_z:0.177249,accu:0.964928,loss_recon:0.173615

13200-loss_z:17.775023,accu:0.202532,loss_recon:0.406162

13400-loss_z:0.174029,accu:0.96696,loss_recon:0.172991

13400-loss_z:17.932375,accu:0.202532,loss_recon:0.410695

13600-loss_z:0.167442,accu:0.968926,loss_recon:0.171573

13600-loss_z:18.107414,accu:0.189873,loss_recon:0.406346

13800-loss_z:0.163685,accu:0.967839,loss_recon:0.172495

13800-loss_z:18.295115,accu:0.189873,loss_recon:0.407266

14000-loss_z:0.162807,accu:0.968483,loss_recon:0.172057

14000-loss_z:18.493956,accu:0.202532,loss_recon:0.418572

14200-loss_z:0.156457,accu:0.969779,loss_recon:0.171385

14200-loss_z:18.700649,accu:0.202532,loss_recon:0.411719

14400-loss_z:0.154374,accu:0.970618,loss_recon:0.170832

14400-loss_z:18.928528,accu:0.189873,loss_recon:0.40872

14600-loss_z:0.147682,accu:0.971009,loss_recon:0.171428

14600-loss_z:19.183533,accu:0.189873,loss_recon:0.410271

14800-loss_z:0.147122,accu:0.971107,loss_recon:0.172397

14800-loss_z:19.371252,accu:0.21519,loss_recon:0.410827

15000-loss_z:0.14774,accu:0.968704,loss_recon:0.172451

15000-loss_z:19.604404,accu:0.21519,loss_recon:0.409875

15200-loss_z:0.141692,accu:0.971224,loss_recon:0.17213

15200-loss_z:19.88171,accu:0.177215,loss_recon:0.410788

15400-loss_z:0.137979,accu:0.972669,loss_recon:0.170761

15400-loss_z:20.120996,accu:0.189873,loss_recon:0.413634

15600-loss_z:0.133944,accu:0.970247,loss_recon:0.173033

15600-loss_z:20.339994,accu:0.177215,loss_recon:0.410777

15800-loss_z:0.134049,accu:0.96974,loss_recon:0.172136

15800-loss_z:20.572899,accu:0.189873,loss_recon:0.417542

16000-loss_z:0.128326,accu:0.975299,loss_recon:0.171685

16000-loss_z:20.856634,accu:0.164557,loss_recon:0.414582

16200-loss_z:0.127001,accu:0.973105,loss_recon:0.171375

16200-loss_z:21.08695,accu:0.189873,loss_recon:0.415552

16400-loss_z:0.125535,accu:0.975723,loss_recon:0.169384

16400-loss_z:21.410887,accu:0.164557,loss_recon:0.4152

16600-loss_z:0.118963,accu:0.974121,loss_recon:0.17029

16600-loss_z:21.659618,accu:0.189873,loss_recon:0.41923

16800-loss_z:0.11903,accu:0.972135,loss_recon:0.170824

16800-loss_z:21.9552,accu:0.164557,loss_recon:0.414489

17000-loss_z:0.11557,accu:0.973203,loss_recon:0.171572

17000-loss_z:22.213043,accu:0.189873,loss_recon:0.419785

17200-loss_z:0.111973,accu:0.973743,loss_recon:0.172754

17200-loss_z:22.473995,accu:0.164557,loss_recon:0.417477

17400-loss_z:0.110458,accu:0.973861,loss_recon:0.171884

17400-loss_z:22.756739,accu:0.177215,loss_recon:0.413291

17600-loss_z:0.109851,accu:0.972604,loss_recon:0.171966

17600-loss_z:23.038179,accu:0.177215,loss_recon:0.410355

17800-loss_z:0.105527,accu:0.975723,loss_recon:0.172229

17800-loss_z:23.328592,accu:0.177215,loss_recon:0.417162

18000-loss_z:0.1041,accu:0.976263,loss_recon:0.170894

18000-loss_z:23.639599,accu:0.177215,loss_recon:0.415676

18200-loss_z:0.103026,accu:0.974395,loss_recon:0.172197

18200-loss_z:23.905264,accu:0.177215,loss_recon:0.417933

18400-loss_z:0.101947,accu:0.972826,loss_recon:0.171218

18400-loss_z:24.158852,accu:0.177215,loss_recon:0.4159

18600-loss_z:0.096051,accu:0.976732,loss_recon:0.171949

18600-loss_z:24.452791,accu:0.177215,loss_recon:0.414766

18800-loss_z:0.096507,accu:0.976868,loss_recon:0.171967

18800-loss_z:24.725346,accu:0.177215,loss_recon:0.418061

19000-loss_z:0.093711,accu:0.976732,loss_recon:0.171174

19000-loss_z:24.940081,accu:0.164557,loss_recon:0.417434

19200-loss_z:0.093003,accu:0.977741,loss_recon:0.170432

19200-loss_z:25.248507,accu:0.164557,loss_recon:0.416876

19400-loss_z:0.090288,accu:0.977858,loss_recon:0.172535

19400-loss_z:25.58548,accu:0.164557,loss_recon:0.425168

19600-loss_z:0.08708,accu:0.982493,loss_recon:0.170917

19600-loss_z:25.845936,accu:0.164557,loss_recon:0.418407

19800-loss_z:0.084854,accu:0.980632,loss_recon:0.172237

19800-loss_z:26.166231,accu:0.164557,loss_recon:0.419423

20000-loss_z:0.085294,accu:0.979727,loss_recon:0.168877

20000-loss_z:26.530607,accu:0.164557,loss_recon:0.419341

Continue training
New FC model is initialized
200-loss_z:2.591146,accu:0.172562,loss_recon:1.311895

200-loss_z:2.668744,accu:0.101266,loss_recon:0.729715

400-loss_z:1.981955,accu:0.335026,loss_recon:0.495716

400-loss_z:2.497995,accu:0.126582,loss_recon:0.487561

600-loss_z:1.655388,accu:0.422513,loss_recon:0.367616

600-loss_z:2.468926,accu:0.113924,loss_recon:0.432103

800-loss_z:1.466303,accu:0.478854,loss_recon:0.328697

800-loss_z:2.466893,accu:0.202532,loss_recon:0.415625

1000-loss_z:1.335164,accu:0.503503,loss_recon:0.303052

1000-loss_z:2.489739,accu:0.189873,loss_recon:0.414777

1200-loss_z:1.22889,accu:0.548691,loss_recon:0.290183

1200-loss_z:2.543328,accu:0.139241,loss_recon:0.414715

1400-loss_z:1.151,accu:0.579095,loss_recon:0.285494

1400-loss_z:2.583418,accu:0.151899,loss_recon:0.413782

1600-loss_z:1.078752,accu:0.610326,loss_recon:0.282051

1600-loss_z:2.684346,accu:0.151899,loss_recon:0.416294

1800-loss_z:1.017459,accu:0.644388,loss_recon:0.274091

1800-loss_z:2.747178,accu:0.164557,loss_recon:0.411934

2000-loss_z:0.964795,accu:0.656302,loss_recon:0.274499

2000-loss_z:2.818116,accu:0.202532,loss_recon:0.416514

2200-loss_z:0.919571,accu:0.683092,loss_recon:0.270327

2200-loss_z:2.944051,accu:0.189873,loss_recon:0.414734

2400-loss_z:0.884701,accu:0.686497,loss_recon:0.270811

2400-loss_z:3.03165,accu:0.202532,loss_recon:0.420571

2600-loss_z:0.837428,accu:0.703665,loss_recon:0.268789

2600-loss_z:3.143057,accu:0.227848,loss_recon:0.421072

2800-loss_z:0.809065,accu:0.716699,loss_recon:0.265748

2800-loss_z:3.240931,accu:0.227848,loss_recon:0.407288

3000-loss_z:0.779603,accu:0.721413,loss_recon:0.264607

3000-loss_z:3.348693,accu:0.227848,loss_recon:0.416139

3200-loss_z:0.756709,accu:0.718001,loss_recon:0.257428

3200-loss_z:3.445998,accu:0.227848,loss_recon:0.409705

3400-loss_z:0.730493,accu:0.729147,loss_recon:0.257465

3400-loss_z:3.576372,accu:0.21519,loss_recon:0.41479

3600-loss_z:0.709322,accu:0.736022,loss_recon:0.253986

3600-loss_z:3.688565,accu:0.21519,loss_recon:0.407103

3800-loss_z:0.687691,accu:0.737311,loss_recon:0.252502

3800-loss_z:3.806004,accu:0.21519,loss_recon:0.402459

4000-loss_z:0.66826,accu:0.753535,loss_recon:0.251959

4000-loss_z:3.892866,accu:0.240506,loss_recon:0.404898

4200-loss_z:0.648357,accu:0.76054,loss_recon:0.252453

4200-loss_z:4.013024,accu:0.21519,loss_recon:0.400922

4400-loss_z:0.638232,accu:0.76877,loss_recon:0.247467

4400-loss_z:4.136547,accu:0.227848,loss_recon:0.402452

4600-loss_z:0.620777,accu:0.778548,loss_recon:0.246229

4600-loss_z:4.258399,accu:0.240506,loss_recon:0.400151

4800-loss_z:0.603276,accu:0.782305,loss_recon:0.246183

4800-loss_z:4.33081,accu:0.21519,loss_recon:0.401097

5000-loss_z:0.586418,accu:0.783822,loss_recon:0.246478

5000-loss_z:4.519928,accu:0.227848,loss_recon:0.391709

5200-loss_z:0.578248,accu:0.794609,loss_recon:0.243595

5200-loss_z:4.641945,accu:0.227848,loss_recon:0.398905

5400-loss_z:0.564579,accu:0.797669,loss_recon:0.244283

5400-loss_z:4.774855,accu:0.240506,loss_recon:0.400178

5600-loss_z:0.558237,accu:0.791855,loss_recon:0.243773

5600-loss_z:4.910472,accu:0.227848,loss_recon:0.398273

5800-loss_z:0.538043,accu:0.808118,loss_recon:0.243051

5800-loss_z:5.050271,accu:0.227848,loss_recon:0.396718

6000-loss_z:0.527607,accu:0.81194,loss_recon:0.241722

6000-loss_z:5.184623,accu:0.240506,loss_recon:0.393356

6200-loss_z:0.525159,accu:0.812077,loss_recon:0.241998

6200-loss_z:5.341857,accu:0.227848,loss_recon:0.390722

6400-loss_z:0.514646,accu:0.812272,loss_recon:0.240924

6400-loss_z:5.482703,accu:0.227848,loss_recon:0.394103

6600-loss_z:0.505167,accu:0.816374,loss_recon:0.24059

6600-loss_z:5.60219,accu:0.227848,loss_recon:0.39424

6800-loss_z:0.498082,accu:0.82123,loss_recon:0.240245

6800-loss_z:5.770314,accu:0.227848,loss_recon:0.394061

7000-loss_z:0.485072,accu:0.828984,loss_recon:0.238261

7000-loss_z:5.871449,accu:0.240506,loss_recon:0.391765

7200-loss_z:0.476881,accu:0.830781,loss_recon:0.234957

7200-loss_z:6.080047,accu:0.202532,loss_recon:0.394469

7400-loss_z:0.474285,accu:0.831732,loss_recon:0.236328

7400-loss_z:6.24257,accu:0.21519,loss_recon:0.389776

7600-loss_z:0.467809,accu:0.832285,loss_recon:0.229986

7600-loss_z:6.392764,accu:0.240506,loss_recon:0.393339

7800-loss_z:0.45838,accu:0.839714,loss_recon:0.232195

7800-loss_z:6.591176,accu:0.202532,loss_recon:0.394066

8000-loss_z:0.447077,accu:0.842845,loss_recon:0.231186

8000-loss_z:6.741434,accu:0.21519,loss_recon:0.388686

8200-loss_z:0.442378,accu:0.841901,loss_recon:0.228791

8200-loss_z:6.94372,accu:0.240506,loss_recon:0.390814

8400-loss_z:0.435812,accu:0.847585,loss_recon:0.230119

8400-loss_z:7.176643,accu:0.240506,loss_recon:0.390349

8600-loss_z:0.429074,accu:0.847585,loss_recon:0.229325

8600-loss_z:7.376421,accu:0.253165,loss_recon:0.385346

8800-loss_z:0.432656,accu:0.843451,loss_recon:0.228135

8800-loss_z:7.577161,accu:0.253165,loss_recon:0.384161

9000-loss_z:0.423851,accu:0.851764,loss_recon:0.228418

9000-loss_z:7.782864,accu:0.253165,loss_recon:0.387509

9200-loss_z:0.415556,accu:0.85625,loss_recon:0.229299

9200-loss_z:8.042258,accu:0.240506,loss_recon:0.390598

9400-loss_z:0.413739,accu:0.851465,loss_recon:0.224307

9400-loss_z:8.231694,accu:0.240506,loss_recon:0.392742

9600-loss_z:0.408753,accu:0.856602,loss_recon:0.226109

9600-loss_z:8.490619,accu:0.253165,loss_recon:0.394844

9800-loss_z:0.397927,accu:0.863783,loss_recon:0.225823

9800-loss_z:8.72264,accu:0.240506,loss_recon:0.388652

10000-loss_z:0.394753,accu:0.86681,loss_recon:0.224597

10000-loss_z:8.899387,accu:0.240506,loss_recon:0.388624

10200-loss_z:0.387736,accu:0.871087,loss_recon:0.222653

10200-loss_z:9.134495,accu:0.253165,loss_recon:0.392194

10400-loss_z:0.384702,accu:0.876706,loss_recon:0.225405

10400-loss_z:9.37912,accu:0.240506,loss_recon:0.385223

10600-loss_z:0.380342,accu:0.872786,loss_recon:0.222258

10600-loss_z:9.59565,accu:0.240506,loss_recon:0.390083

10800-loss_z:0.376262,accu:0.881523,loss_recon:0.224246

10800-loss_z:9.814976,accu:0.253165,loss_recon:0.38812

11000-loss_z:0.369723,accu:0.880762,loss_recon:0.218463

11000-loss_z:10.067414,accu:0.240506,loss_recon:0.388941

11200-loss_z:0.366587,accu:0.881029,loss_recon:0.220506

11200-loss_z:10.311259,accu:0.240506,loss_recon:0.384454

11400-loss_z:0.363328,accu:0.883438,loss_recon:0.218583

11400-loss_z:10.463713,accu:0.240506,loss_recon:0.389667

11600-loss_z:0.354889,accu:0.89002,loss_recon:0.218223

11600-loss_z:10.767413,accu:0.240506,loss_recon:0.379678

11800-loss_z:0.351713,accu:0.893835,loss_recon:0.218442

11800-loss_z:11.003757,accu:0.253165,loss_recon:0.381964

12000-loss_z:0.347306,accu:0.895599,loss_recon:0.217577

12000-loss_z:11.226439,accu:0.253165,loss_recon:0.382993

12200-loss_z:0.339423,accu:0.904238,loss_recon:0.217234

12200-loss_z:11.475848,accu:0.240506,loss_recon:0.380002

12400-loss_z:0.336703,accu:0.904043,loss_recon:0.215862

12400-loss_z:11.659214,accu:0.265823,loss_recon:0.380219

12600-loss_z:0.332942,accu:0.908464,loss_recon:0.214453

12600-loss_z:11.914675,accu:0.253165,loss_recon:0.387435

12800-loss_z:0.325194,accu:0.91306,loss_recon:0.215813

12800-loss_z:12.16579,accu:0.265823,loss_recon:0.381184

13000-loss_z:0.316755,accu:0.916634,loss_recon:0.213564

13000-loss_z:12.388455,accu:0.227848,loss_recon:0.386948

13200-loss_z:0.316351,accu:0.918997,loss_recon:0.214006

13200-loss_z:12.61108,accu:0.253165,loss_recon:0.38325

13400-loss_z:0.307732,accu:0.926439,loss_recon:0.214029

13400-loss_z:12.808719,accu:0.240506,loss_recon:0.385709

13600-loss_z:0.306355,accu:0.92209,loss_recon:0.212357

13600-loss_z:12.997761,accu:0.240506,loss_recon:0.385542

13800-loss_z:0.303749,accu:0.921654,loss_recon:0.213338

13800-loss_z:13.274731,accu:0.240506,loss_recon:0.385686

14000-loss_z:0.300002,accu:0.922383,loss_recon:0.212126

14000-loss_z:13.508341,accu:0.265823,loss_recon:0.383185

14200-loss_z:0.295501,accu:0.927194,loss_recon:0.213618

14200-loss_z:13.766532,accu:0.265823,loss_recon:0.381721

14400-loss_z:0.290067,accu:0.930052,loss_recon:0.211145

14400-loss_z:13.946456,accu:0.240506,loss_recon:0.383655

14600-loss_z:0.281714,accu:0.930176,loss_recon:0.211848

14600-loss_z:14.1931,accu:0.265823,loss_recon:0.384993

14800-loss_z:0.279874,accu:0.931198,loss_recon:0.210757

14800-loss_z:14.431541,accu:0.253165,loss_recon:0.385676

15000-loss_z:0.276852,accu:0.932402,loss_recon:0.213342

15000-loss_z:14.650637,accu:0.253165,loss_recon:0.382787

15200-loss_z:0.271154,accu:0.939199,loss_recon:0.211465

15200-loss_z:14.907463,accu:0.265823,loss_recon:0.383702

15400-loss_z:0.267822,accu:0.94043,loss_recon:0.212122

15400-loss_z:15.173868,accu:0.253165,loss_recon:0.382766

15600-loss_z:0.266066,accu:0.937845,loss_recon:0.210448

15600-loss_z:15.419705,accu:0.253165,loss_recon:0.386903

15800-loss_z:0.257014,accu:0.941608,loss_recon:0.209943

15800-loss_z:15.607713,accu:0.253165,loss_recon:0.38023

16000-loss_z:0.257055,accu:0.943034,loss_recon:0.207805

16000-loss_z:15.862719,accu:0.240506,loss_recon:0.385786

16200-loss_z:0.250299,accu:0.942038,loss_recon:0.210508

16200-loss_z:16.178467,accu:0.253165,loss_recon:0.381992

16400-loss_z:0.247983,accu:0.946374,loss_recon:0.209942

16400-loss_z:16.470154,accu:0.240506,loss_recon:0.387373

16600-loss_z:0.246231,accu:0.947845,loss_recon:0.210551

16600-loss_z:16.733091,accu:0.265823,loss_recon:0.381171

16800-loss_z:0.242063,accu:0.947513,loss_recon:0.209517

16800-loss_z:17.003399,accu:0.265823,loss_recon:0.386045

17000-loss_z:0.237437,accu:0.951348,loss_recon:0.210794

17000-loss_z:17.279785,accu:0.265823,loss_recon:0.382713

17200-loss_z:0.23263,accu:0.954134,loss_recon:0.210208

17200-loss_z:17.578981,accu:0.253165,loss_recon:0.384351

17400-loss_z:0.231962,accu:0.952773,loss_recon:0.209311

17400-loss_z:17.842226,accu:0.265823,loss_recon:0.382731

17600-loss_z:0.226287,accu:0.95403,loss_recon:0.208539

17600-loss_z:18.099127,accu:0.253165,loss_recon:0.387261

17800-loss_z:0.225426,accu:0.953952,loss_recon:0.20949

17800-loss_z:18.354994,accu:0.265823,loss_recon:0.382953

18000-loss_z:0.220906,accu:0.957767,loss_recon:0.209418

18000-loss_z:18.627449,accu:0.265823,loss_recon:0.382043

18200-loss_z:0.218193,accu:0.955579,loss_recon:0.207786

18200-loss_z:18.910982,accu:0.265823,loss_recon:0.38531

18400-loss_z:0.215074,accu:0.960534,loss_recon:0.20975

18400-loss_z:19.182146,accu:0.253165,loss_recon:0.383127

18600-loss_z:0.211855,accu:0.959759,loss_recon:0.209656

18600-loss_z:19.459873,accu:0.253165,loss_recon:0.386665

18800-loss_z:0.211325,accu:0.959596,loss_recon:0.210913

18800-loss_z:19.742531,accu:0.265823,loss_recon:0.386651

19000-loss_z:0.204567,accu:0.964277,loss_recon:0.208292

19000-loss_z:19.971821,accu:0.253165,loss_recon:0.384085

19200-loss_z:0.205403,accu:0.962643,loss_recon:0.209481

19200-loss_z:20.290979,accu:0.265823,loss_recon:0.389937

19400-loss_z:0.202103,accu:0.964023,loss_recon:0.208935

19400-loss_z:20.563215,accu:0.278481,loss_recon:0.388824

19600-loss_z:0.196466,accu:0.966165,loss_recon:0.206604

19600-loss_z:20.826241,accu:0.253165,loss_recon:0.389107

19800-loss_z:0.192842,accu:0.968854,loss_recon:0.209352

19800-loss_z:21.146175,accu:0.265823,loss_recon:0.38783

20000-loss_z:0.194017,accu:0.966784,loss_recon:0.209033

20000-loss_z:21.40556,accu:0.265823,loss_recon:0.389124

Continue training
New FC model is initialized
200-loss_z:2.525807,accu:0.178813,loss_recon:1.514426

200-loss_z:2.590249,accu:0.075949,loss_recon:0.814143

400-loss_z:1.883656,accu:0.326862,loss_recon:0.544662

400-loss_z:2.502756,accu:0.126582,loss_recon:0.60039

600-loss_z:1.586382,accu:0.429141,loss_recon:0.435621

600-loss_z:2.583976,accu:0.151899,loss_recon:0.534769

800-loss_z:1.406478,accu:0.49431,loss_recon:0.384282

800-loss_z:2.723464,accu:0.151899,loss_recon:0.497006

1000-loss_z:1.282114,accu:0.540749,loss_recon:0.351902

1000-loss_z:2.859208,accu:0.164557,loss_recon:0.461418

1200-loss_z:1.177186,accu:0.565436,loss_recon:0.328708

1200-loss_z:3.025069,accu:0.21519,loss_recon:0.441211

1400-loss_z:1.101021,accu:0.610684,loss_recon:0.311101

1400-loss_z:3.163524,accu:0.227848,loss_recon:0.426627

1600-loss_z:1.033919,accu:0.633242,loss_recon:0.296077

1600-loss_z:3.301319,accu:0.21519,loss_recon:0.412692

1800-loss_z:0.980226,accu:0.661719,loss_recon:0.281303

1800-loss_z:3.468118,accu:0.253165,loss_recon:0.413055

2000-loss_z:0.934156,accu:0.670638,loss_recon:0.272806

2000-loss_z:3.657479,accu:0.240506,loss_recon:0.401458

2200-loss_z:0.890061,accu:0.695156,loss_recon:0.26447

2200-loss_z:3.823426,accu:0.240506,loss_recon:0.401865

2400-loss_z:0.849296,accu:0.703177,loss_recon:0.259327

2400-loss_z:3.983753,accu:0.265823,loss_recon:0.398009

2600-loss_z:0.818074,accu:0.71735,loss_recon:0.254274

2600-loss_z:4.180107,accu:0.240506,loss_recon:0.39644

2800-loss_z:0.786084,accu:0.729557,loss_recon:0.248421

2800-loss_z:4.354346,accu:0.253165,loss_recon:0.405498

3000-loss_z:0.766595,accu:0.742435,loss_recon:0.243191

3000-loss_z:4.527299,accu:0.265823,loss_recon:0.416354

3200-loss_z:0.735715,accu:0.752826,loss_recon:0.232488

3200-loss_z:4.712065,accu:0.265823,loss_recon:0.414408

3400-loss_z:0.715164,accu:0.755143,loss_recon:0.229311

3400-loss_z:4.872397,accu:0.278481,loss_recon:0.420137

3600-loss_z:0.691992,accu:0.757826,loss_recon:0.225432

3600-loss_z:5.057855,accu:0.265823,loss_recon:0.41405

3800-loss_z:0.674548,accu:0.770189,loss_recon:0.223377

3800-loss_z:5.237285,accu:0.240506,loss_recon:0.415321

4000-loss_z:0.646846,accu:0.777741,loss_recon:0.219401

4000-loss_z:5.448498,accu:0.265823,loss_recon:0.414955

4200-loss_z:0.634023,accu:0.783939,loss_recon:0.216911

4200-loss_z:5.623804,accu:0.253165,loss_recon:0.421659

4400-loss_z:0.620747,accu:0.791009,loss_recon:0.216054

4400-loss_z:5.831677,accu:0.240506,loss_recon:0.412493

4600-loss_z:0.599433,accu:0.790762,loss_recon:0.214234

4600-loss_z:6.004196,accu:0.291139,loss_recon:0.413108

4800-loss_z:0.587498,accu:0.794512,loss_recon:0.21246

4800-loss_z:6.198917,accu:0.303797,loss_recon:0.408012

5000-loss_z:0.570067,accu:0.791777,loss_recon:0.212513

5000-loss_z:6.408248,accu:0.265823,loss_recon:0.418399

5200-loss_z:0.557014,accu:0.799811,loss_recon:0.212226

5200-loss_z:6.628726,accu:0.265823,loss_recon:0.407332

5400-loss_z:0.538849,accu:0.805306,loss_recon:0.209726

5400-loss_z:6.851696,accu:0.265823,loss_recon:0.408017

5600-loss_z:0.526043,accu:0.811029,loss_recon:0.207648

5600-loss_z:7.015584,accu:0.278481,loss_recon:0.408747

5800-loss_z:0.517493,accu:0.813704,loss_recon:0.206958

5800-loss_z:7.257687,accu:0.303797,loss_recon:0.410013

6000-loss_z:0.505061,accu:0.824798,loss_recon:0.206279

6000-loss_z:7.465591,accu:0.265823,loss_recon:0.414201

6200-loss_z:0.492301,accu:0.826074,loss_recon:0.206757

6200-loss_z:7.718357,accu:0.291139,loss_recon:0.413597

6400-loss_z:0.479183,accu:0.835794,loss_recon:0.206815

6400-loss_z:7.942209,accu:0.303797,loss_recon:0.415677

6600-loss_z:0.469049,accu:0.834017,loss_recon:0.205774

6600-loss_z:8.194175,accu:0.291139,loss_recon:0.417076

6800-loss_z:0.463807,accu:0.834603,loss_recon:0.20459

6800-loss_z:8.359837,accu:0.291139,loss_recon:0.419734

7000-loss_z:0.445387,accu:0.844668,loss_recon:0.203827

7000-loss_z:8.581172,accu:0.303797,loss_recon:0.419981

7200-loss_z:0.435651,accu:0.851139,loss_recon:0.202264

7200-loss_z:8.798654,accu:0.303797,loss_recon:0.413717

7400-loss_z:0.422308,accu:0.865605,loss_recon:0.204853

7400-loss_z:9.056014,accu:0.316456,loss_recon:0.422356

7600-loss_z:0.415789,accu:0.864766,loss_recon:0.202582

7600-loss_z:9.28316,accu:0.278481,loss_recon:0.414367

7800-loss_z:0.408517,accu:0.86349,loss_recon:0.201326

7800-loss_z:9.482192,accu:0.303797,loss_recon:0.412587

8000-loss_z:0.395087,accu:0.872337,loss_recon:0.201022

8000-loss_z:9.687483,accu:0.291139,loss_recon:0.409703

8200-loss_z:0.387561,accu:0.883522,loss_recon:0.200471

8200-loss_z:9.887132,accu:0.291139,loss_recon:0.420075

8400-loss_z:0.377027,accu:0.890449,loss_recon:0.200921

8400-loss_z:10.093533,accu:0.278481,loss_recon:0.41575

8600-loss_z:0.369737,accu:0.890052,loss_recon:0.202638

8600-loss_z:10.294651,accu:0.278481,loss_recon:0.41381

8800-loss_z:0.35807,accu:0.905397,loss_recon:0.200738

8800-loss_z:10.493317,accu:0.316456,loss_recon:0.415214

9000-loss_z:0.349472,accu:0.906081,loss_recon:0.199972

9000-loss_z:10.692568,accu:0.303797,loss_recon:0.414164

9200-loss_z:0.344331,accu:0.908053,loss_recon:0.198659

9200-loss_z:10.871061,accu:0.291139,loss_recon:0.41183

9400-loss_z:0.337009,accu:0.915007,loss_recon:0.197757

9400-loss_z:11.093035,accu:0.303797,loss_recon:0.413522

9600-loss_z:0.3265,accu:0.921224,loss_recon:0.197997

9600-loss_z:11.267447,accu:0.316456,loss_recon:0.420672

9800-loss_z:0.320171,accu:0.922396,loss_recon:0.197246

9800-loss_z:11.430601,accu:0.303797,loss_recon:0.418788

10000-loss_z:0.314016,accu:0.926029,loss_recon:0.196255

10000-loss_z:11.645036,accu:0.291139,loss_recon:0.419508

10200-loss_z:0.305946,accu:0.929883,loss_recon:0.195676

10200-loss_z:11.861907,accu:0.291139,loss_recon:0.424922

10400-loss_z:0.299565,accu:0.939694,loss_recon:0.19802

10400-loss_z:11.995881,accu:0.303797,loss_recon:0.419026

10600-loss_z:0.293314,accu:0.942533,loss_recon:0.194055

10600-loss_z:12.222157,accu:0.303797,loss_recon:0.421648

10800-loss_z:0.283324,accu:0.94653,loss_recon:0.194314

10800-loss_z:12.416553,accu:0.291139,loss_recon:0.426637

11000-loss_z:0.281718,accu:0.945267,loss_recon:0.193584

11000-loss_z:12.633468,accu:0.291139,loss_recon:0.423825

11200-loss_z:0.274941,accu:0.945671,loss_recon:0.194275

11200-loss_z:12.825716,accu:0.291139,loss_recon:0.423382

11400-loss_z:0.267726,accu:0.952038,loss_recon:0.194938

11400-loss_z:13.039319,accu:0.291139,loss_recon:0.422125

11600-loss_z:0.262492,accu:0.952813,loss_recon:0.195312

11600-loss_z:13.23943,accu:0.303797,loss_recon:0.41982

11800-loss_z:0.255587,accu:0.953158,loss_recon:0.191997

11800-loss_z:13.473112,accu:0.303797,loss_recon:0.424671

12000-loss_z:0.249697,accu:0.956849,loss_recon:0.194276

12000-loss_z:13.749221,accu:0.291139,loss_recon:0.426563

12200-loss_z:0.247064,accu:0.958678,loss_recon:0.19443

12200-loss_z:13.909884,accu:0.291139,loss_recon:0.427135

12400-loss_z:0.240007,accu:0.957428,loss_recon:0.189632

12400-loss_z:14.077893,accu:0.316456,loss_recon:0.429316

12600-loss_z:0.233125,accu:0.964622,loss_recon:0.189709

12600-loss_z:14.337991,accu:0.303797,loss_recon:0.432604

12800-loss_z:0.227508,accu:0.962708,loss_recon:0.190798

12800-loss_z:14.569739,accu:0.303797,loss_recon:0.43388

13000-loss_z:0.225976,accu:0.963496,loss_recon:0.19105

13000-loss_z:14.787352,accu:0.303797,loss_recon:0.439003

13200-loss_z:0.222574,accu:0.964232,loss_recon:0.189466

13200-loss_z:14.949957,accu:0.316456,loss_recon:0.434882

13400-loss_z:0.216087,accu:0.968249,loss_recon:0.189808

13400-loss_z:15.153749,accu:0.291139,loss_recon:0.444014

13600-loss_z:0.214697,accu:0.969036,loss_recon:0.188227

13600-loss_z:15.33806,accu:0.291139,loss_recon:0.446142

13800-loss_z:0.20845,accu:0.97002,loss_recon:0.187281

13800-loss_z:15.522087,accu:0.278481,loss_recon:0.442288

14000-loss_z:0.204388,accu:0.970625,loss_recon:0.186829

14000-loss_z:15.709921,accu:0.265823,loss_recon:0.444664

14200-loss_z:0.199928,accu:0.971432,loss_recon:0.187013

14200-loss_z:15.904738,accu:0.278481,loss_recon:0.441084

14400-loss_z:0.193852,accu:0.972135,loss_recon:0.185489

14400-loss_z:16.089954,accu:0.291139,loss_recon:0.45209

14600-loss_z:0.192481,accu:0.971198,loss_recon:0.186338

14600-loss_z:16.291687,accu:0.291139,loss_recon:0.446919

14800-loss_z:0.189259,accu:0.973216,loss_recon:0.185806

14800-loss_z:16.458357,accu:0.278481,loss_recon:0.445609

15000-loss_z:0.183626,accu:0.977591,loss_recon:0.183949

15000-loss_z:16.668583,accu:0.291139,loss_recon:0.448776

15200-loss_z:0.179505,accu:0.977064,loss_recon:0.184531

15200-loss_z:16.94186,accu:0.278481,loss_recon:0.443617

15400-loss_z:0.176731,accu:0.975892,loss_recon:0.186495

15400-loss_z:17.189392,accu:0.265823,loss_recon:0.447602

15600-loss_z:0.173197,accu:0.976198,loss_recon:0.184763

15600-loss_z:17.476307,accu:0.278481,loss_recon:0.450126

15800-loss_z:0.170628,accu:0.977988,loss_recon:0.182897

15800-loss_z:17.697647,accu:0.278481,loss_recon:0.447573

16000-loss_z:0.165013,accu:0.979941,loss_recon:0.183567

16000-loss_z:17.953585,accu:0.278481,loss_recon:0.449235

16200-loss_z:0.159681,accu:0.98151,loss_recon:0.183709

16200-loss_z:18.192877,accu:0.265823,loss_recon:0.444426

16400-loss_z:0.158368,accu:0.982728,loss_recon:0.182365

16400-loss_z:18.418259,accu:0.253165,loss_recon:0.44861

16600-loss_z:0.155886,accu:0.983405,loss_recon:0.184268

16600-loss_z:18.697426,accu:0.265823,loss_recon:0.443493

16800-loss_z:0.15139,accu:0.983177,loss_recon:0.181939

16800-loss_z:18.96468,accu:0.265823,loss_recon:0.44743

17000-loss_z:0.14786,accu:0.984056,loss_recon:0.182653

17000-loss_z:19.208477,accu:0.265823,loss_recon:0.446013

17200-loss_z:0.144027,accu:0.985508,loss_recon:0.18178

17200-loss_z:19.470781,accu:0.253165,loss_recon:0.445407

17400-loss_z:0.144335,accu:0.986465,loss_recon:0.183498

17400-loss_z:19.72798,accu:0.278481,loss_recon:0.446905

17600-loss_z:0.138172,accu:0.986816,loss_recon:0.18125

17600-loss_z:19.926928,accu:0.253165,loss_recon:0.445031

17800-loss_z:0.137004,accu:0.988118,loss_recon:0.182575

17800-loss_z:20.160917,accu:0.265823,loss_recon:0.44817

18000-loss_z:0.136527,accu:0.988757,loss_recon:0.181706

18000-loss_z:20.423635,accu:0.253165,loss_recon:0.438669

18200-loss_z:0.129946,accu:0.990944,loss_recon:0.181842

18200-loss_z:20.641817,accu:0.265823,loss_recon:0.450092

18400-loss_z:0.127223,accu:0.988431,loss_recon:0.184543

18400-loss_z:20.8452,accu:0.278481,loss_recon:0.441806

18600-loss_z:0.125246,accu:0.991016,loss_recon:0.182104

18600-loss_z:21.09252,accu:0.265823,loss_recon:0.446982

18800-loss_z:0.122601,accu:0.992773,loss_recon:0.18106

18800-loss_z:21.335943,accu:0.265823,loss_recon:0.443036

19000-loss_z:0.121554,accu:0.99168,loss_recon:0.182645

19000-loss_z:21.516836,accu:0.265823,loss_recon:0.440077

19200-loss_z:0.116935,accu:0.995065,loss_recon:0.179712

19200-loss_z:21.760202,accu:0.303797,loss_recon:0.44883

19400-loss_z:0.114086,accu:0.994518,loss_recon:0.180174

19400-loss_z:21.9869,accu:0.278481,loss_recon:0.437617

19600-loss_z:0.113157,accu:0.996569,loss_recon:0.17996

19600-loss_z:22.204823,accu:0.303797,loss_recon:0.44171

19800-loss_z:0.108821,accu:0.996367,loss_recon:0.179865

19800-loss_z:22.426003,accu:0.278481,loss_recon:0.443495

20000-loss_z:0.10531,accu:0.99707,loss_recon:0.181428

20000-loss_z:22.668953,accu:0.303797,loss_recon:0.442277

Continue training
New FC model is initialized
200-loss_z:2.579208,accu:0.21476,loss_recon:1.517089

200-loss_z:2.578474,accu:0.101266,loss_recon:0.79471

400-loss_z:1.850009,accu:0.3436,loss_recon:0.495599

400-loss_z:2.499279,accu:0.088608,loss_recon:0.55611

600-loss_z:1.546765,accu:0.447409,loss_recon:0.370617

600-loss_z:2.56732,accu:0.075949,loss_recon:0.47849

800-loss_z:1.370962,accu:0.512305,loss_recon:0.333751

800-loss_z:2.658069,accu:0.113924,loss_recon:0.445825

1000-loss_z:1.239119,accu:0.556445,loss_recon:0.307007

1000-loss_z:2.75784,accu:0.113924,loss_recon:0.421261

1200-loss_z:1.143321,accu:0.609023,loss_recon:0.288463

1200-loss_z:2.885179,accu:0.139241,loss_recon:0.407717

1400-loss_z:1.058945,accu:0.636862,loss_recon:0.271534

1400-loss_z:3.01628,accu:0.164557,loss_recon:0.403302

1600-loss_z:0.998074,accu:0.65901,loss_recon:0.267034

1600-loss_z:3.146315,accu:0.21519,loss_recon:0.404012

1800-loss_z:0.943978,accu:0.685339,loss_recon:0.264198

1800-loss_z:3.300875,accu:0.202532,loss_recon:0.399418

2000-loss_z:0.888853,accu:0.689701,loss_recon:0.258373

2000-loss_z:3.452148,accu:0.189873,loss_recon:0.40279

2200-loss_z:0.846002,accu:0.700007,loss_recon:0.252047

2200-loss_z:3.637188,accu:0.189873,loss_recon:0.408982

2400-loss_z:0.80574,accu:0.718535,loss_recon:0.246827

2400-loss_z:3.805181,accu:0.21519,loss_recon:0.408159

2600-loss_z:0.778581,accu:0.712051,loss_recon:0.247145

2600-loss_z:3.973556,accu:0.151899,loss_recon:0.403541

2800-loss_z:0.738899,accu:0.729447,loss_recon:0.242295

2800-loss_z:4.171265,accu:0.177215,loss_recon:0.40326

3000-loss_z:0.7164,accu:0.74321,loss_recon:0.237708

3000-loss_z:4.359525,accu:0.164557,loss_recon:0.401738

3200-loss_z:0.691002,accu:0.750072,loss_recon:0.23549

3200-loss_z:4.533596,accu:0.189873,loss_recon:0.407741

3400-loss_z:0.666501,accu:0.759883,loss_recon:0.23368

3400-loss_z:4.729731,accu:0.189873,loss_recon:0.408694

3600-loss_z:0.649329,accu:0.768906,loss_recon:0.230203

3600-loss_z:4.918522,accu:0.189873,loss_recon:0.406953

3800-loss_z:0.623638,accu:0.774466,loss_recon:0.231005

3800-loss_z:5.11415,accu:0.177215,loss_recon:0.405252

4000-loss_z:0.599482,accu:0.786003,loss_recon:0.225149

4000-loss_z:5.346983,accu:0.177215,loss_recon:0.407382

4200-loss_z:0.579447,accu:0.798086,loss_recon:0.227381

4200-loss_z:5.518486,accu:0.189873,loss_recon:0.408043

4400-loss_z:0.559379,accu:0.818997,loss_recon:0.225633

4400-loss_z:5.736668,accu:0.177215,loss_recon:0.404572

4600-loss_z:0.539371,accu:0.834753,loss_recon:0.223447

4600-loss_z:5.956202,accu:0.21519,loss_recon:0.408279

4800-loss_z:0.521326,accu:0.846914,loss_recon:0.223787

4800-loss_z:6.126307,accu:0.21519,loss_recon:0.409179

5000-loss_z:0.496901,accu:0.867943,loss_recon:0.222567

5000-loss_z:6.337784,accu:0.21519,loss_recon:0.409638

5200-loss_z:0.483884,accu:0.874701,loss_recon:0.221967

5200-loss_z:6.512711,accu:0.21519,loss_recon:0.406283

5400-loss_z:0.465569,accu:0.874036,loss_recon:0.220939

5400-loss_z:6.7124,accu:0.240506,loss_recon:0.412264

5600-loss_z:0.440316,accu:0.893132,loss_recon:0.220779

5600-loss_z:6.951211,accu:0.227848,loss_recon:0.411264

5800-loss_z:0.424003,accu:0.89043,loss_recon:0.220299

5800-loss_z:7.160898,accu:0.21519,loss_recon:0.409927

6000-loss_z:0.409841,accu:0.895944,loss_recon:0.220085

6000-loss_z:7.414783,accu:0.240506,loss_recon:0.412606

6200-loss_z:0.394237,accu:0.902279,loss_recon:0.217206

6200-loss_z:7.693649,accu:0.240506,loss_recon:0.414089

6400-loss_z:0.377247,accu:0.908249,loss_recon:0.216976

6400-loss_z:7.957683,accu:0.21519,loss_recon:0.412296

6600-loss_z:0.365557,accu:0.907585,loss_recon:0.215774

6600-loss_z:8.265639,accu:0.227848,loss_recon:0.411775

6800-loss_z:0.352671,accu:0.913997,loss_recon:0.21263

6800-loss_z:8.538805,accu:0.227848,loss_recon:0.411087

7000-loss_z:0.337607,accu:0.922663,loss_recon:0.211394

7000-loss_z:8.876328,accu:0.21519,loss_recon:0.4107

7200-loss_z:0.327179,accu:0.930879,loss_recon:0.206864

7200-loss_z:9.163589,accu:0.240506,loss_recon:0.418962

7400-loss_z:0.317178,accu:0.932448,loss_recon:0.204008

7400-loss_z:9.485691,accu:0.21519,loss_recon:0.417343

7600-loss_z:0.304985,accu:0.937344,loss_recon:0.200478

7600-loss_z:9.780004,accu:0.21519,loss_recon:0.417126

7800-loss_z:0.295528,accu:0.942884,loss_recon:0.199926

7800-loss_z:10.062017,accu:0.21519,loss_recon:0.415118

8000-loss_z:0.288074,accu:0.946667,loss_recon:0.199636

8000-loss_z:10.342334,accu:0.240506,loss_recon:0.408953

8200-loss_z:0.276453,accu:0.948431,loss_recon:0.195877

8200-loss_z:10.633094,accu:0.240506,loss_recon:0.40723

8400-loss_z:0.26758,accu:0.956947,loss_recon:0.197951

8400-loss_z:11.074877,accu:0.227848,loss_recon:0.407417

8600-loss_z:0.26157,accu:0.95196,loss_recon:0.196929

8600-loss_z:11.480448,accu:0.227848,loss_recon:0.408696

8800-loss_z:0.251739,accu:0.957591,loss_recon:0.19716

8800-loss_z:11.913041,accu:0.240506,loss_recon:0.408913

9000-loss_z:0.240496,accu:0.960918,loss_recon:0.197283

9000-loss_z:12.245184,accu:0.240506,loss_recon:0.409971

9200-loss_z:0.231375,accu:0.963874,loss_recon:0.195297

9200-loss_z:12.605612,accu:0.227848,loss_recon:0.404707

9400-loss_z:0.223374,accu:0.966608,loss_recon:0.195719

9400-loss_z:12.927235,accu:0.21519,loss_recon:0.406522

9600-loss_z:0.216288,accu:0.966263,loss_recon:0.193507

9600-loss_z:13.243226,accu:0.227848,loss_recon:0.405813

9800-loss_z:0.206828,accu:0.973464,loss_recon:0.193675

9800-loss_z:13.51915,accu:0.21519,loss_recon:0.405084

10000-loss_z:0.200774,accu:0.973372,loss_recon:0.192508

10000-loss_z:13.7479,accu:0.227848,loss_recon:0.404226

10200-loss_z:0.193687,accu:0.975215,loss_recon:0.195035

10200-loss_z:14.042321,accu:0.227848,loss_recon:0.411467

10400-loss_z:0.187607,accu:0.97819,loss_recon:0.193484

10400-loss_z:14.369408,accu:0.240506,loss_recon:0.406572

10600-loss_z:0.178532,accu:0.977559,loss_recon:0.193382

10600-loss_z:14.668694,accu:0.227848,loss_recon:0.408695

10800-loss_z:0.174004,accu:0.979089,loss_recon:0.191373

10800-loss_z:14.915798,accu:0.227848,loss_recon:0.405964

11000-loss_z:0.169131,accu:0.980885,loss_recon:0.189003

11000-loss_z:15.183577,accu:0.21519,loss_recon:0.405646

11200-loss_z:0.162105,accu:0.982344,loss_recon:0.191395

11200-loss_z:15.466441,accu:0.21519,loss_recon:0.407928

11400-loss_z:0.157116,accu:0.982936,loss_recon:0.189872

11400-loss_z:15.771372,accu:0.21519,loss_recon:0.411758

11600-loss_z:0.150491,accu:0.98125,loss_recon:0.188722

11600-loss_z:16.083773,accu:0.21519,loss_recon:0.408118

11800-loss_z:0.146165,accu:0.983223,loss_recon:0.189796

11800-loss_z:16.411816,accu:0.21519,loss_recon:0.410969

12000-loss_z:0.141778,accu:0.985924,loss_recon:0.18763

12000-loss_z:16.67725,accu:0.21519,loss_recon:0.408023

12200-loss_z:0.13681,accu:0.984674,loss_recon:0.187061

12200-loss_z:16.966064,accu:0.21519,loss_recon:0.406418

12400-loss_z:0.130549,accu:0.988099,loss_recon:0.187324

12400-loss_z:17.304447,accu:0.21519,loss_recon:0.402742

12600-loss_z:0.129239,accu:0.987129,loss_recon:0.186904

12600-loss_z:17.621731,accu:0.21519,loss_recon:0.403145

12800-loss_z:0.123128,accu:0.98875,loss_recon:0.186575

12800-loss_z:17.953741,accu:0.202532,loss_recon:0.406353

13000-loss_z:0.121024,accu:0.98638,loss_recon:0.181213

13000-loss_z:18.254829,accu:0.21519,loss_recon:0.404887

13200-loss_z:0.115198,accu:0.986569,loss_recon:0.181611

13200-loss_z:18.561665,accu:0.189873,loss_recon:0.411822

13400-loss_z:0.112733,accu:0.988971,loss_recon:0.176299

13400-loss_z:18.881563,accu:0.202532,loss_recon:0.412202

13600-loss_z:0.108827,accu:0.988014,loss_recon:0.176383

13600-loss_z:19.217644,accu:0.202532,loss_recon:0.41277

13800-loss_z:0.105127,accu:0.987077,loss_recon:0.177399

13800-loss_z:19.523865,accu:0.21519,loss_recon:0.409452

14000-loss_z:0.10156,accu:0.989896,loss_recon:0.177073

14000-loss_z:19.865959,accu:0.21519,loss_recon:0.408976

14200-loss_z:0.098181,accu:0.988522,loss_recon:0.175799

14200-loss_z:20.198223,accu:0.21519,loss_recon:0.412191

14400-loss_z:0.095695,accu:0.988503,loss_recon:0.176111

14400-loss_z:20.507015,accu:0.21519,loss_recon:0.409257

14600-loss_z:0.094061,accu:0.987507,loss_recon:0.176031

14600-loss_z:20.8353,accu:0.21519,loss_recon:0.409724

14800-loss_z:0.088808,accu:0.989232,loss_recon:0.175216

14800-loss_z:21.138042,accu:0.227848,loss_recon:0.415174

15000-loss_z:0.085604,accu:0.992624,loss_recon:0.17461

15000-loss_z:21.454767,accu:0.21519,loss_recon:0.409509

15200-loss_z:0.085164,accu:0.990371,loss_recon:0.174399

15200-loss_z:21.776611,accu:0.227848,loss_recon:0.405407

15400-loss_z:0.081894,accu:0.98944,loss_recon:0.174239

15400-loss_z:22.152096,accu:0.227848,loss_recon:0.402627

15600-loss_z:0.077283,accu:0.990729,loss_recon:0.174258

15600-loss_z:22.460104,accu:0.227848,loss_recon:0.403994

15800-loss_z:0.076653,accu:0.990534,loss_recon:0.1742

15800-loss_z:22.757174,accu:0.227848,loss_recon:0.404858

16000-loss_z:0.074013,accu:0.99071,loss_recon:0.176326

16000-loss_z:23.046614,accu:0.227848,loss_recon:0.404631

16200-loss_z:0.071066,accu:0.99127,loss_recon:0.173473

16200-loss_z:23.36018,accu:0.227848,loss_recon:0.403005

16400-loss_z:0.069368,accu:0.99054,loss_recon:0.173336

16400-loss_z:23.669533,accu:0.227848,loss_recon:0.404572

16600-loss_z:0.066811,accu:0.991764,loss_recon:0.173164

16600-loss_z:23.94986,accu:0.227848,loss_recon:0.404396

16800-loss_z:0.064277,accu:0.992357,loss_recon:0.174797

16800-loss_z:24.197979,accu:0.21519,loss_recon:0.407236

17000-loss_z:0.06288,accu:0.992467,loss_recon:0.1732

17000-loss_z:24.551043,accu:0.21519,loss_recon:0.40202

17200-loss_z:0.060427,accu:0.99334,loss_recon:0.174471

17200-loss_z:24.905943,accu:0.21519,loss_recon:0.407071

17400-loss_z:0.059913,accu:0.993431,loss_recon:0.174147

17400-loss_z:25.193468,accu:0.21519,loss_recon:0.403808

17600-loss_z:0.056632,accu:0.995605,loss_recon:0.173113

17600-loss_z:25.483631,accu:0.21519,loss_recon:0.402915

17800-loss_z:0.054655,accu:0.995944,loss_recon:0.172976

17800-loss_z:25.777319,accu:0.21519,loss_recon:0.403368

18000-loss_z:0.052952,accu:0.996478,loss_recon:0.174431

18000-loss_z:26.076651,accu:0.21519,loss_recon:0.401171

18200-loss_z:0.050132,accu:0.998757,loss_recon:0.171447

18200-loss_z:26.323156,accu:0.21519,loss_recon:0.404939

18400-loss_z:0.049549,accu:0.998424,loss_recon:0.172747

18400-loss_z:26.584372,accu:0.21519,loss_recon:0.400155

18600-loss_z:0.047231,accu:0.999121,loss_recon:0.173374

18600-loss_z:26.867332,accu:0.227848,loss_recon:0.399934

18800-loss_z:0.04612,accu:0.99929,loss_recon:0.173185

18800-loss_z:27.128229,accu:0.227848,loss_recon:0.400339

19000-loss_z:0.044313,accu:0.999538,loss_recon:0.171727

19000-loss_z:27.373241,accu:0.21519,loss_recon:0.40262

19200-loss_z:0.04192,accu:0.999824,loss_recon:0.171876

19200-loss_z:27.608692,accu:0.227848,loss_recon:0.396022

19400-loss_z:0.040999,accu:0.99972,loss_recon:0.173958

19400-loss_z:27.908775,accu:0.227848,loss_recon:0.397053

19600-loss_z:0.040315,accu:0.999941,loss_recon:0.171663

19600-loss_z:28.140471,accu:0.227848,loss_recon:0.399934

19800-loss_z:0.038706,accu:0.999876,loss_recon:0.170608

19800-loss_z:28.369898,accu:0.227848,loss_recon:0.395471

20000-loss_z:0.037135,accu:1.0,loss_recon:0.170391

20000-loss_z:28.64237,accu:0.21519,loss_recon:0.395109

Continue training
New FC model is initialized
200-loss_z:2.571916,accu:0.194172,loss_recon:1.412723

200-loss_z:2.69512,accu:0.075949,loss_recon:0.869216

400-loss_z:1.897051,accu:0.335065,loss_recon:0.596222

400-loss_z:2.596665,accu:0.050633,loss_recon:0.667121

600-loss_z:1.583375,accu:0.418457,loss_recon:0.437937

600-loss_z:2.638142,accu:0.101266,loss_recon:0.591633

800-loss_z:1.406914,accu:0.478021,loss_recon:0.370903

800-loss_z:2.693572,accu:0.126582,loss_recon:0.548752

1000-loss_z:1.289825,accu:0.513613,loss_recon:0.339319

1000-loss_z:2.759983,accu:0.202532,loss_recon:0.523965

1200-loss_z:1.188848,accu:0.551471,loss_recon:0.315884

1200-loss_z:2.866854,accu:0.177215,loss_recon:0.497112

1400-loss_z:1.102348,accu:0.606022,loss_recon:0.305448

1400-loss_z:2.96123,accu:0.21519,loss_recon:0.490826

1600-loss_z:1.030637,accu:0.643145,loss_recon:0.291121

1600-loss_z:3.104319,accu:0.227848,loss_recon:0.487045

1800-loss_z:0.968917,accu:0.671914,loss_recon:0.28491

1800-loss_z:3.231219,accu:0.253165,loss_recon:0.480729

2000-loss_z:0.919623,accu:0.689264,loss_recon:0.276011

2000-loss_z:3.394957,accu:0.227848,loss_recon:0.469223

2200-loss_z:0.870763,accu:0.711868,loss_recon:0.271113

2200-loss_z:3.552534,accu:0.240506,loss_recon:0.467804

2400-loss_z:0.827437,accu:0.737201,loss_recon:0.268959

2400-loss_z:3.716979,accu:0.227848,loss_recon:0.462522

2600-loss_z:0.78892,accu:0.764232,loss_recon:0.262438

2600-loss_z:3.892446,accu:0.240506,loss_recon:0.453569

2800-loss_z:0.75476,accu:0.777708,loss_recon:0.258508

2800-loss_z:4.06266,accu:0.265823,loss_recon:0.448545

3000-loss_z:0.725444,accu:0.792533,loss_recon:0.25269

3000-loss_z:4.230194,accu:0.240506,loss_recon:0.445137

3200-loss_z:0.695558,accu:0.81028,loss_recon:0.250535

3200-loss_z:4.438753,accu:0.227848,loss_recon:0.428755

3400-loss_z:0.669021,accu:0.819635,loss_recon:0.251663

3400-loss_z:4.596727,accu:0.21519,loss_recon:0.425427

3600-loss_z:0.642392,accu:0.826107,loss_recon:0.245243

3600-loss_z:4.77599,accu:0.253165,loss_recon:0.420608

3800-loss_z:0.623154,accu:0.832207,loss_recon:0.243038

3800-loss_z:4.961814,accu:0.253165,loss_recon:0.412535

4000-loss_z:0.605512,accu:0.836634,loss_recon:0.242008

4000-loss_z:5.17942,accu:0.240506,loss_recon:0.409898

4200-loss_z:0.586772,accu:0.840586,loss_recon:0.23494

4200-loss_z:5.343844,accu:0.265823,loss_recon:0.40736

4400-loss_z:0.565389,accu:0.850443,loss_recon:0.234321

4400-loss_z:5.546562,accu:0.240506,loss_recon:0.401961

4600-loss_z:0.548414,accu:0.849082,loss_recon:0.231762

4600-loss_z:5.763421,accu:0.240506,loss_recon:0.410791

4800-loss_z:0.534625,accu:0.863776,loss_recon:0.225979

4800-loss_z:5.942302,accu:0.253165,loss_recon:0.414259

5000-loss_z:0.51389,accu:0.869303,loss_recon:0.226184

5000-loss_z:6.12209,accu:0.253165,loss_recon:0.409035

5200-loss_z:0.506092,accu:0.863737,loss_recon:0.22275

5200-loss_z:6.344779,accu:0.227848,loss_recon:0.414196

5400-loss_z:0.494663,accu:0.869954,loss_recon:0.221273

5400-loss_z:6.561751,accu:0.240506,loss_recon:0.415582

5600-loss_z:0.476912,accu:0.870404,loss_recon:0.220743

5600-loss_z:6.733326,accu:0.227848,loss_recon:0.409754

5800-loss_z:0.460275,accu:0.882181,loss_recon:0.216345

5800-loss_z:6.964383,accu:0.240506,loss_recon:0.406095

6000-loss_z:0.451913,accu:0.882266,loss_recon:0.215693

6000-loss_z:7.149449,accu:0.21519,loss_recon:0.406962

6200-loss_z:0.439381,accu:0.884245,loss_recon:0.212598

6200-loss_z:7.390066,accu:0.240506,loss_recon:0.407792

6400-loss_z:0.42975,accu:0.88582,loss_recon:0.2135

6400-loss_z:7.56863,accu:0.227848,loss_recon:0.406064

6600-loss_z:0.417839,accu:0.890143,loss_recon:0.211888

6600-loss_z:7.801191,accu:0.240506,loss_recon:0.404979

6800-loss_z:0.409425,accu:0.888223,loss_recon:0.212579

6800-loss_z:7.972581,accu:0.227848,loss_recon:0.400784

7000-loss_z:0.400529,accu:0.894095,loss_recon:0.212012

7000-loss_z:8.217372,accu:0.227848,loss_recon:0.40382

7200-loss_z:0.388781,accu:0.8989,loss_recon:0.20759

7200-loss_z:8.399591,accu:0.253165,loss_recon:0.398785

7400-loss_z:0.379792,accu:0.903249,loss_recon:0.209733

7400-loss_z:8.645432,accu:0.253165,loss_recon:0.398175

7600-loss_z:0.37154,accu:0.900326,loss_recon:0.205271

7600-loss_z:8.826263,accu:0.227848,loss_recon:0.39656

7800-loss_z:0.364369,accu:0.901133,loss_recon:0.205369

7800-loss_z:9.046687,accu:0.21519,loss_recon:0.401066

8000-loss_z:0.358387,accu:0.909108,loss_recon:0.203602

8000-loss_z:9.26575,accu:0.227848,loss_recon:0.399415

8200-loss_z:0.350629,accu:0.915156,loss_recon:0.203515

8200-loss_z:9.520187,accu:0.265823,loss_recon:0.396738

8400-loss_z:0.347171,accu:0.910358,loss_recon:0.201814

8400-loss_z:9.686844,accu:0.240506,loss_recon:0.398713

8600-loss_z:0.333394,accu:0.911452,loss_recon:0.202294

8600-loss_z:9.881121,accu:0.240506,loss_recon:0.398486

8800-loss_z:0.331339,accu:0.911465,loss_recon:0.201305

8800-loss_z:10.132681,accu:0.253165,loss_recon:0.403864

9000-loss_z:0.325263,accu:0.910508,loss_recon:0.198475

9000-loss_z:10.30229,accu:0.227848,loss_recon:0.400543

9200-loss_z:0.318281,accu:0.918021,loss_recon:0.198259

9200-loss_z:10.516678,accu:0.227848,loss_recon:0.404377

9400-loss_z:0.311472,accu:0.923138,loss_recon:0.198569

9400-loss_z:10.708571,accu:0.265823,loss_recon:0.403277

9600-loss_z:0.312987,accu:0.91929,loss_recon:0.196059

9600-loss_z:10.907034,accu:0.21519,loss_recon:0.402031

9800-loss_z:0.299607,accu:0.92237,loss_recon:0.198648

9800-loss_z:11.135106,accu:0.253165,loss_recon:0.406575

10000-loss_z:0.295985,accu:0.92334,loss_recon:0.197153

10000-loss_z:11.345269,accu:0.253165,loss_recon:0.4045

10200-loss_z:0.290577,accu:0.925898,loss_recon:0.196624

10200-loss_z:11.537868,accu:0.253165,loss_recon:0.400856

10400-loss_z:0.287718,accu:0.924505,loss_recon:0.196817

10400-loss_z:11.749102,accu:0.227848,loss_recon:0.402587

10600-loss_z:0.281597,accu:0.931842,loss_recon:0.195158

10600-loss_z:11.936626,accu:0.240506,loss_recon:0.40606

10800-loss_z:0.277361,accu:0.931335,loss_recon:0.195714

10800-loss_z:12.221996,accu:0.253165,loss_recon:0.402437

11000-loss_z:0.275232,accu:0.925319,loss_recon:0.197455

11000-loss_z:12.41254,accu:0.253165,loss_recon:0.407146

11200-loss_z:0.269447,accu:0.928906,loss_recon:0.195985

11200-loss_z:12.583025,accu:0.240506,loss_recon:0.407957

11400-loss_z:0.266155,accu:0.934316,loss_recon:0.193896

11400-loss_z:12.813696,accu:0.227848,loss_recon:0.405605

11600-loss_z:0.26168,accu:0.933945,loss_recon:0.194982

11600-loss_z:13.069498,accu:0.21519,loss_recon:0.413229

11800-loss_z:0.259652,accu:0.934284,loss_recon:0.194283

11800-loss_z:13.28614,accu:0.240506,loss_recon:0.410294

12000-loss_z:0.250307,accu:0.939479,loss_recon:0.195317

12000-loss_z:13.48565,accu:0.227848,loss_recon:0.407655

12200-loss_z:0.246285,accu:0.938008,loss_recon:0.192796

12200-loss_z:13.795585,accu:0.253165,loss_recon:0.411428

12400-loss_z:0.247348,accu:0.939453,loss_recon:0.193918

12400-loss_z:13.981932,accu:0.227848,loss_recon:0.413091

12600-loss_z:0.2406,accu:0.941354,loss_recon:0.194466

12600-loss_z:14.280097,accu:0.240506,loss_recon:0.414681

12800-loss_z:0.238287,accu:0.941712,loss_recon:0.190144

12800-loss_z:14.511529,accu:0.21519,loss_recon:0.415733

13000-loss_z:0.233406,accu:0.945384,loss_recon:0.19396

13000-loss_z:14.777931,accu:0.227848,loss_recon:0.414409

13200-loss_z:0.231658,accu:0.94276,loss_recon:0.192917

13200-loss_z:15.055298,accu:0.227848,loss_recon:0.418866

13400-loss_z:0.224171,accu:0.946484,loss_recon:0.193521

13400-loss_z:15.346794,accu:0.227848,loss_recon:0.41831

13600-loss_z:0.223915,accu:0.943828,loss_recon:0.192089

13600-loss_z:15.592233,accu:0.240506,loss_recon:0.418917

13800-loss_z:0.21858,accu:0.944277,loss_recon:0.193228

13800-loss_z:15.910603,accu:0.21519,loss_recon:0.417795

14000-loss_z:0.218066,accu:0.947305,loss_recon:0.191583

14000-loss_z:16.236145,accu:0.240506,loss_recon:0.418107

14200-loss_z:0.210146,accu:0.949225,loss_recon:0.191721

14200-loss_z:16.500444,accu:0.227848,loss_recon:0.421676

14400-loss_z:0.211427,accu:0.947559,loss_recon:0.19374

14400-loss_z:16.77434,accu:0.240506,loss_recon:0.42255

14600-loss_z:0.205683,accu:0.949876,loss_recon:0.193414

14600-loss_z:17.02944,accu:0.240506,loss_recon:0.419658

14800-loss_z:0.206415,accu:0.948704,loss_recon:0.193639

14800-loss_z:17.327549,accu:0.227848,loss_recon:0.425577

15000-loss_z:0.203508,accu:0.949186,loss_recon:0.192647

15000-loss_z:17.599163,accu:0.240506,loss_recon:0.42352

15200-loss_z:0.199497,accu:0.95377,loss_recon:0.191712

15200-loss_z:17.896536,accu:0.240506,loss_recon:0.428804

15400-loss_z:0.197296,accu:0.952539,loss_recon:0.191379

15400-loss_z:18.232161,accu:0.240506,loss_recon:0.424279

15600-loss_z:0.193508,accu:0.955052,loss_recon:0.194077

15600-loss_z:18.508169,accu:0.240506,loss_recon:0.423889

15800-loss_z:0.189457,accu:0.957259,loss_recon:0.188151

15800-loss_z:18.764467,accu:0.240506,loss_recon:0.427539

16000-loss_z:0.187372,accu:0.95877,loss_recon:0.190985

16000-loss_z:19.067249,accu:0.240506,loss_recon:0.42862

16200-loss_z:0.185732,accu:0.96127,loss_recon:0.188564

16200-loss_z:19.361185,accu:0.240506,loss_recon:0.427826

16400-loss_z:0.179924,accu:0.959505,loss_recon:0.187156

16400-loss_z:19.668339,accu:0.240506,loss_recon:0.432176

16600-loss_z:0.1811,accu:0.959063,loss_recon:0.18481

16600-loss_z:19.947672,accu:0.253165,loss_recon:0.435444

16800-loss_z:0.178141,accu:0.962858,loss_recon:0.18722

16800-loss_z:20.26017,accu:0.240506,loss_recon:0.427605

17000-loss_z:0.174999,accu:0.962923,loss_recon:0.186496

17000-loss_z:20.542315,accu:0.240506,loss_recon:0.429304

17200-loss_z:0.171633,accu:0.962298,loss_recon:0.186167

17200-loss_z:20.844187,accu:0.240506,loss_recon:0.429343

17400-loss_z:0.171709,accu:0.960065,loss_recon:0.185332

17400-loss_z:21.146458,accu:0.240506,loss_recon:0.426296

17600-loss_z:0.166027,accu:0.964212,loss_recon:0.185809

17600-loss_z:21.46011,accu:0.240506,loss_recon:0.434603

17800-loss_z:0.162754,accu:0.965879,loss_recon:0.186649

17800-loss_z:21.790079,accu:0.240506,loss_recon:0.430943

18000-loss_z:0.160476,accu:0.966309,loss_recon:0.186386

18000-loss_z:22.127594,accu:0.240506,loss_recon:0.436141

18200-loss_z:0.159406,accu:0.968431,loss_recon:0.185854

18200-loss_z:22.37919,accu:0.240506,loss_recon:0.435854

18400-loss_z:0.154902,accu:0.972103,loss_recon:0.18555

18400-loss_z:22.696325,accu:0.240506,loss_recon:0.442043

18600-loss_z:0.156263,accu:0.970117,loss_recon:0.185894

18600-loss_z:23.050629,accu:0.253165,loss_recon:0.440277

18800-loss_z:0.153185,accu:0.969746,loss_recon:0.185169

18800-loss_z:23.446129,accu:0.253165,loss_recon:0.437974

19000-loss_z:0.147728,accu:0.971745,loss_recon:0.184725

19000-loss_z:23.840645,accu:0.240506,loss_recon:0.442309

19200-loss_z:0.144067,accu:0.974355,loss_recon:0.182836

19200-loss_z:24.232485,accu:0.253165,loss_recon:0.439223

19400-loss_z:0.143909,accu:0.972956,loss_recon:0.184545

19400-loss_z:24.63571,accu:0.253165,loss_recon:0.438341

19600-loss_z:0.141189,accu:0.973314,loss_recon:0.184119

19600-loss_z:25.102768,accu:0.253165,loss_recon:0.444433

19800-loss_z:0.138583,accu:0.977194,loss_recon:0.186267

19800-loss_z:25.514843,accu:0.253165,loss_recon:0.442534

20000-loss_z:0.135972,accu:0.976276,loss_recon:0.184278

20000-loss_z:26.000034,accu:0.240506,loss_recon:0.447237

Continue training
New FC model is initialized
200-loss_z:2.565249,accu:0.184365,loss_recon:1.657971

200-loss_z:2.553751,accu:0.050633,loss_recon:0.902882

400-loss_z:1.953208,accu:0.328105,loss_recon:0.625748

400-loss_z:2.444874,accu:0.075949,loss_recon:0.603459

600-loss_z:1.675338,accu:0.408939,loss_recon:0.432097

600-loss_z:2.499712,accu:0.113924,loss_recon:0.519655

800-loss_z:1.491528,accu:0.460384,loss_recon:0.363061

800-loss_z:2.608485,accu:0.126582,loss_recon:0.477933

1000-loss_z:1.370254,accu:0.492279,loss_recon:0.337938

1000-loss_z:2.775677,accu:0.101266,loss_recon:0.451937

1200-loss_z:1.276373,accu:0.525573,loss_recon:0.325381

1200-loss_z:2.955125,accu:0.164557,loss_recon:0.448988

1400-loss_z:1.195782,accu:0.56028,loss_recon:0.308479

1400-loss_z:3.144108,accu:0.139241,loss_recon:0.44253

1600-loss_z:1.138232,accu:0.589297,loss_recon:0.302114

1600-loss_z:3.351361,accu:0.139241,loss_recon:0.440463

1800-loss_z:1.083752,accu:0.611647,loss_recon:0.289039

1800-loss_z:3.604845,accu:0.126582,loss_recon:0.439278

2000-loss_z:1.041286,accu:0.618672,loss_recon:0.275735

2000-loss_z:3.837271,accu:0.151899,loss_recon:0.423465

2200-loss_z:0.993945,accu:0.643105,loss_recon:0.269378

2200-loss_z:4.056876,accu:0.126582,loss_recon:0.423558

2400-loss_z:0.966592,accu:0.646908,loss_recon:0.261955

2400-loss_z:4.313787,accu:0.151899,loss_recon:0.422773

2600-loss_z:0.935214,accu:0.654629,loss_recon:0.256569

2600-loss_z:4.563977,accu:0.177215,loss_recon:0.417366

2800-loss_z:0.90467,accu:0.669648,loss_recon:0.253127

2800-loss_z:4.84915,accu:0.177215,loss_recon:0.41789

3000-loss_z:0.880605,accu:0.672415,loss_recon:0.247473

3000-loss_z:5.189785,accu:0.151899,loss_recon:0.408754

3200-loss_z:0.855264,accu:0.684564,loss_recon:0.244468

3200-loss_z:5.501008,accu:0.177215,loss_recon:0.406132

3400-loss_z:0.831703,accu:0.682435,loss_recon:0.240499

3400-loss_z:5.825828,accu:0.189873,loss_recon:0.402634

3600-loss_z:0.80803,accu:0.693483,loss_recon:0.241569

3600-loss_z:6.160269,accu:0.139241,loss_recon:0.405555

3800-loss_z:0.79791,accu:0.696432,loss_recon:0.239231

3800-loss_z:6.548817,accu:0.202532,loss_recon:0.399871

4000-loss_z:0.777924,accu:0.704661,loss_recon:0.236018

4000-loss_z:6.917427,accu:0.189873,loss_recon:0.399386

4200-loss_z:0.758859,accu:0.714746,loss_recon:0.235699

4200-loss_z:7.337279,accu:0.177215,loss_recon:0.394935

4400-loss_z:0.74176,accu:0.725417,loss_recon:0.232357

4400-loss_z:7.777068,accu:0.202532,loss_recon:0.391577

4600-loss_z:0.728432,accu:0.732298,loss_recon:0.229635

4600-loss_z:8.187562,accu:0.202532,loss_recon:0.391017

4800-loss_z:0.712874,accu:0.732129,loss_recon:0.227386

4800-loss_z:8.588288,accu:0.202532,loss_recon:0.390808

5000-loss_z:0.697686,accu:0.751673,loss_recon:0.224996

5000-loss_z:8.968088,accu:0.164557,loss_recon:0.386438

5200-loss_z:0.685982,accu:0.749284,loss_recon:0.222882

5200-loss_z:9.423084,accu:0.21519,loss_recon:0.385492

5400-loss_z:0.675254,accu:0.749492,loss_recon:0.219508

5400-loss_z:9.794079,accu:0.189873,loss_recon:0.38349

5600-loss_z:0.658721,accu:0.762461,loss_recon:0.218323

5600-loss_z:10.162894,accu:0.164557,loss_recon:0.380217

5800-loss_z:0.650224,accu:0.755156,loss_recon:0.216189

5800-loss_z:10.549834,accu:0.164557,loss_recon:0.379224

6000-loss_z:0.641267,accu:0.750319,loss_recon:0.21456

6000-loss_z:10.97609,accu:0.151899,loss_recon:0.375886

6200-loss_z:0.631262,accu:0.757083,loss_recon:0.21256

6200-loss_z:11.370465,accu:0.151899,loss_recon:0.369583

6400-loss_z:0.621635,accu:0.764375,loss_recon:0.212207

6400-loss_z:11.758326,accu:0.202532,loss_recon:0.366902

6600-loss_z:0.611847,accu:0.764805,loss_recon:0.209838

6600-loss_z:12.151596,accu:0.189873,loss_recon:0.369556

6800-loss_z:0.60317,accu:0.764857,loss_recon:0.20601

6800-loss_z:12.455654,accu:0.227848,loss_recon:0.371299

7000-loss_z:0.599841,accu:0.761803,loss_recon:0.206015

7000-loss_z:12.840573,accu:0.202532,loss_recon:0.367682

7200-loss_z:0.58419,accu:0.772357,loss_recon:0.204164

7200-loss_z:13.156713,accu:0.189873,loss_recon:0.366382

7400-loss_z:0.577549,accu:0.772604,loss_recon:0.2041

7400-loss_z:13.531699,accu:0.189873,loss_recon:0.368004

7600-loss_z:0.575117,accu:0.765983,loss_recon:0.202876

7600-loss_z:13.923512,accu:0.177215,loss_recon:0.368362

7800-loss_z:0.564412,accu:0.772493,loss_recon:0.202489

7800-loss_z:14.278407,accu:0.21519,loss_recon:0.368356

8000-loss_z:0.558829,accu:0.777227,loss_recon:0.203252

8000-loss_z:14.707794,accu:0.177215,loss_recon:0.36723

8200-loss_z:0.554019,accu:0.777624,loss_recon:0.198913

8200-loss_z:15.097007,accu:0.177215,loss_recon:0.365787

8400-loss_z:0.547069,accu:0.783158,loss_recon:0.199608

8400-loss_z:15.523649,accu:0.177215,loss_recon:0.361411

8600-loss_z:0.536268,accu:0.788874,loss_recon:0.199333

8600-loss_z:15.971213,accu:0.202532,loss_recon:0.362441

8800-loss_z:0.527632,accu:0.78998,loss_recon:0.195992

8800-loss_z:16.429497,accu:0.227848,loss_recon:0.364832

9000-loss_z:0.518551,accu:0.805521,loss_recon:0.195671

9000-loss_z:16.882172,accu:0.177215,loss_recon:0.363624

9200-loss_z:0.511424,accu:0.815755,loss_recon:0.19641

9200-loss_z:17.243681,accu:0.202532,loss_recon:0.36412

9400-loss_z:0.505349,accu:0.812018,loss_recon:0.194602

9400-loss_z:17.711063,accu:0.189873,loss_recon:0.365485

9600-loss_z:0.500963,accu:0.819557,loss_recon:0.196338

9600-loss_z:18.136255,accu:0.21519,loss_recon:0.360576

9800-loss_z:0.495621,accu:0.821165,loss_recon:0.195814

9800-loss_z:18.586761,accu:0.202532,loss_recon:0.362269

10000-loss_z:0.483351,accu:0.828353,loss_recon:0.194803

10000-loss_z:18.932924,accu:0.21519,loss_recon:0.361664

10200-loss_z:0.480495,accu:0.822546,loss_recon:0.193364

10200-loss_z:19.387377,accu:0.189873,loss_recon:0.362377

10400-loss_z:0.475459,accu:0.827025,loss_recon:0.192784

10400-loss_z:19.792942,accu:0.202532,loss_recon:0.362049

10600-loss_z:0.469881,accu:0.84224,loss_recon:0.192878

10600-loss_z:20.159935,accu:0.253165,loss_recon:0.361256

10800-loss_z:0.460547,accu:0.837389,loss_recon:0.192159

10800-loss_z:20.546957,accu:0.21519,loss_recon:0.362399

11000-loss_z:0.454864,accu:0.849154,loss_recon:0.192978

11000-loss_z:20.980356,accu:0.202532,loss_recon:0.362059

11200-loss_z:0.450257,accu:0.856335,loss_recon:0.19217

11200-loss_z:21.413404,accu:0.189873,loss_recon:0.361041

11400-loss_z:0.444498,accu:0.852923,loss_recon:0.192051

11400-loss_z:21.782541,accu:0.202532,loss_recon:0.364246

11600-loss_z:0.438493,accu:0.866315,loss_recon:0.191412

11600-loss_z:22.117355,accu:0.202532,loss_recon:0.362104

11800-loss_z:0.43722,accu:0.860573,loss_recon:0.194015

11800-loss_z:22.483109,accu:0.189873,loss_recon:0.363627

12000-loss_z:0.429824,accu:0.870892,loss_recon:0.191094

12000-loss_z:22.8974,accu:0.240506,loss_recon:0.361667

12200-loss_z:0.425919,accu:0.876237,loss_recon:0.191099

12200-loss_z:23.254541,accu:0.177215,loss_recon:0.364233

12400-loss_z:0.421431,accu:0.880391,loss_recon:0.190927

12400-loss_z:23.604706,accu:0.177215,loss_recon:0.361002

12600-loss_z:0.416895,accu:0.879648,loss_recon:0.191653

12600-loss_z:23.947655,accu:0.189873,loss_recon:0.362933

12800-loss_z:0.408528,accu:0.878678,loss_recon:0.190453

12800-loss_z:24.304695,accu:0.240506,loss_recon:0.363224

13000-loss_z:0.401472,accu:0.884264,loss_recon:0.188592

13000-loss_z:24.693735,accu:0.177215,loss_recon:0.361627

13200-loss_z:0.399768,accu:0.888066,loss_recon:0.191436

13200-loss_z:25.085135,accu:0.202532,loss_recon:0.362189

13400-loss_z:0.393743,accu:0.891107,loss_recon:0.188311

13400-loss_z:25.447069,accu:0.177215,loss_recon:0.366565

13600-loss_z:0.391823,accu:0.891107,loss_recon:0.187178

13600-loss_z:25.797367,accu:0.177215,loss_recon:0.367607

13800-loss_z:0.385903,accu:0.900391,loss_recon:0.186911

13800-loss_z:26.06522,accu:0.21519,loss_recon:0.364834

14000-loss_z:0.381001,accu:0.899473,loss_recon:0.185838

14000-loss_z:26.476519,accu:0.202532,loss_recon:0.36478

14200-loss_z:0.375906,accu:0.901751,loss_recon:0.186328

14200-loss_z:26.732418,accu:0.189873,loss_recon:0.369236

14400-loss_z:0.371679,accu:0.901432,loss_recon:0.184273

14400-loss_z:27.014587,accu:0.202532,loss_recon:0.369353

14600-loss_z:0.364667,accu:0.903945,loss_recon:0.185695

14600-loss_z:27.342354,accu:0.177215,loss_recon:0.372243

14800-loss_z:0.364489,accu:0.90571,loss_recon:0.18395

14800-loss_z:27.706228,accu:0.202532,loss_recon:0.375247

15000-loss_z:0.356996,accu:0.908704,loss_recon:0.180935

15000-loss_z:27.955919,accu:0.189873,loss_recon:0.376154

15200-loss_z:0.351027,accu:0.909987,loss_recon:0.183884

15200-loss_z:28.268406,accu:0.164557,loss_recon:0.376059

15400-loss_z:0.348648,accu:0.907624,loss_recon:0.179641

15400-loss_z:28.619184,accu:0.164557,loss_recon:0.382361

15600-loss_z:0.348471,accu:0.914512,loss_recon:0.179921

15600-loss_z:28.89591,accu:0.202532,loss_recon:0.376771

15800-loss_z:0.34238,accu:0.915944,loss_recon:0.181507

15800-loss_z:29.247274,accu:0.177215,loss_recon:0.376527

16000-loss_z:0.340121,accu:0.910645,loss_recon:0.181206

16000-loss_z:29.57649,accu:0.202532,loss_recon:0.377716

16200-loss_z:0.333375,accu:0.921732,loss_recon:0.178305

16200-loss_z:29.958162,accu:0.177215,loss_recon:0.381863

16400-loss_z:0.334876,accu:0.911113,loss_recon:0.17934

16400-loss_z:30.221006,accu:0.202532,loss_recon:0.37944

16600-loss_z:0.329286,accu:0.912904,loss_recon:0.177946

16600-loss_z:30.568882,accu:0.189873,loss_recon:0.381857

16800-loss_z:0.325844,accu:0.91625,loss_recon:0.175128

16800-loss_z:30.91597,accu:0.164557,loss_recon:0.382323

17000-loss_z:0.320871,accu:0.915111,loss_recon:0.177509

17000-loss_z:31.288055,accu:0.189873,loss_recon:0.386486

17200-loss_z:0.316688,accu:0.921087,loss_recon:0.177328

17200-loss_z:31.603649,accu:0.139241,loss_recon:0.386741

17400-loss_z:0.313799,accu:0.924967,loss_recon:0.176558

17400-loss_z:31.953199,accu:0.164557,loss_recon:0.381308

17600-loss_z:0.3117,accu:0.921016,loss_recon:0.173358

17600-loss_z:32.281452,accu:0.164557,loss_recon:0.380233

17800-loss_z:0.308845,accu:0.920046,loss_recon:0.17589

17800-loss_z:32.671375,accu:0.139241,loss_recon:0.386696

18000-loss_z:0.302872,accu:0.922122,loss_recon:0.174189

18000-loss_z:32.914776,accu:0.177215,loss_recon:0.392586

18200-loss_z:0.299031,accu:0.926257,loss_recon:0.174937

18200-loss_z:33.302628,accu:0.151899,loss_recon:0.392655

18400-loss_z:0.295772,accu:0.931224,loss_recon:0.175832

18400-loss_z:33.663914,accu:0.151899,loss_recon:0.390143

18600-loss_z:0.293966,accu:0.928887,loss_recon:0.174841

18600-loss_z:33.997944,accu:0.164557,loss_recon:0.387975

18800-loss_z:0.289755,accu:0.92985,loss_recon:0.173549

18800-loss_z:34.344296,accu:0.151899,loss_recon:0.390056

19000-loss_z:0.287481,accu:0.932507,loss_recon:0.175169

19000-loss_z:34.677059,accu:0.151899,loss_recon:0.388911

19200-loss_z:0.284547,accu:0.930111,loss_recon:0.172831

19200-loss_z:35.015308,accu:0.164557,loss_recon:0.393889

19400-loss_z:0.280849,accu:0.933542,loss_recon:0.174323

19400-loss_z:35.313019,accu:0.151899,loss_recon:0.396811

19600-loss_z:0.273926,accu:0.934453,loss_recon:0.174769

19600-loss_z:35.62775,accu:0.139241,loss_recon:0.396264

19800-loss_z:0.277301,accu:0.934049,loss_recon:0.172443

19800-loss_z:35.959888,accu:0.164557,loss_recon:0.395599

20000-loss_z:0.272934,accu:0.935846,loss_recon:0.173176

20000-loss_z:36.285458,accu:0.151899,loss_recon:0.39466

Exp path: /home/xuanjie.liu/Projects/S3Plus/VQ/exp/2025.05.18_10vq_Zc[2]_Zs[0]_edim1_[0-20]_plus1024_1_tripleSet_Nothing
{'train_data_path': '/home/xuanjie.liu/Projects/S3Plus/VQ/exp/2025.05.18_10vq_Zc[2]_Zs[0]_edim1_[0-20]_plus1024_1_tripleSet_Nothing/../../../dataset/single_style_pairs(0,20)_tripleSet/train', 'single_img_eval_set_path': '/home/xuanjie.liu/Projects/S3Plus/VQ/exp/2025.05.18_10vq_Zc[2]_Zs[0]_edim1_[0-20]_plus1024_1_tripleSet_Nothing/../../../dataset/(0,20)-FixedPos-oneStyle', 'plus_eval_set_path': ['/home/xuanjie.liu/Projects/S3Plus/VQ/exp/2025.05.18_10vq_Zc[2]_Zs[0]_edim1_[0-20]_plus1024_1_tripleSet_Nothing/../../../dataset/single_style_pairs(0,20)_tripleSet/test_1', '/home/xuanjie.liu/Projects/S3Plus/VQ/exp/2025.05.18_10vq_Zc[2]_Zs[0]_edim1_[0-20]_plus1024_1_tripleSet_Nothing/../../../dataset/single_style_pairs(0,20)_tripleSet/test_2'], 'latent_embedding_1': 2, 'latent_embedding_2': 0, 'multi_num_embeddings': None, 'latent_code_2': 0, 'embedding_dim': 1, 'is_plot_zc_value': True, 'embeddings_num': 10, 'is_plot_vis_num': True, 'kld_loss_scalar': 0.0, 'checkpoint_interval': 2000, 'learning_rate': 0.0001, 'scheduler_base_num': 0.99999, 'max_iter_num': 50001, 'model_path': 'curr_model.pt', 'train_result_path': 'TrainingResults/', 'eval_result_path': 'EvalResults/', 'train_record_path': 'Train_record.txt', 'eval_record_path': 'Eval_record.txt', 'plus_accu_record_path': 'plus_eval.txt', 'log_interval': 500, 'eval_interval': 2000, 'is_save_img': True, 'batch_size': 128, 'is_commutative_train': False, 'is_commutative_all': False, 'z_plus_loss_scalar': 0.02, 'commutative_z_loss_scalar': 0.0, 'associative_z_loss_scalar': 0.0, 'plus_mse_scalar': -1, 'plus_recon_loss_scalar': 3, 'min_loss_scalar': 1e-05, 'K': 1024, 'assoc_aug_range': (-3, 3), 'commitment_scalar': 0.0025, 'embedding_scalar': 0.01, 'isVQStyle': False, 'plus_by_embedding': True, 'plus_by_zcode': False, 'VQPlus_eqLoss_scalar': 0.5, 'is_zc_based_assoc': True, 'is_rand_z_assoc': False, 'is_assoc_on_e': True, 'is_assoc_on_z': False, 'is_assoc_within_batch': True, 'is_switch_digital': False, 'is_full_symm': False, 'is_assoc': False, 'is_twice_oper': False, 'img_noise': 0.0, 'network_config': {'enc_dec': {'img_channel': 3, 'last_H': 4, 'last_W': 4, 'first_ch_num': 16}, 'enc_fc': {'n_units': 128, 'n_hidden_layers': 2}, 'plus': {'plus_unit': 1024, 'n_hidden_layers': 2}}, 'eval_config': {'pipeline_result_path': 'PIPELINE_EVAL', 'optimal_checkpoint_finding_config': {'optimal_checkpoint_num': 'find_by_keys', 'record_name': 'Train_record.txt', 'keys': ['plus_recon', 'plus_z', 'loss_oper', 'loss_ED'], 'iter_after': 0.1}, 'plus_eval_configs': [{'name': 'eval_set', 'eval_set_path_list': ['/home/xuanjie.liu/Projects/S3Plus/VQ/exp/2025.05.18_10vq_Zc[2]_Zs[0]_edim1_[0-20]_plus1024_1_tripleSet_Nothing/../../../dataset/single_style_pairs(0,20)_tripleSet/test_1', '/home/xuanjie.liu/Projects/S3Plus/VQ/exp/2025.05.18_10vq_Zc[2]_Zs[0]_edim1_[0-20]_plus1024_1_tripleSet_Nothing/../../../dataset/single_style_pairs(0,20)_tripleSet/test_2'], 'is_blur': False, 'blur_config': {'kernel_size_choices': (5, 7, 9), 'sigma_range': (0.5, 3.0), 'p_no_blur': 0.0}, 'augment_times': 1}], 'emb_matching_rate_configs': [{'name': 'emb_matching_rate', 'eval_set_path_list': ['/home/xuanjie.liu/Projects/S3Plus/VQ/exp/2025.05.18_10vq_Zc[2]_Zs[0]_edim1_[0-20]_plus1024_1_tripleSet_Nothing/../../../dataset/(0,20)-FixedPos-oneStyle'], 'is_blur': False, 'blur_config': {'kernel_size_choices': (5, 7, 9), 'sigma_range': (0.5, 3.0), 'p_no_blur': 0.0}, 'augment_times': 1}], 'orderliness_configs': [{'name': 'orderliness', 'img_dir_name': 'orderliness', 'eval_set_path_list': ['/home/xuanjie.liu/Projects/S3Plus/VQ/exp/2025.05.18_10vq_Zc[2]_Zs[0]_edim1_[0-20]_plus1024_1_tripleSet_Nothing/../../../dataset/(0,20)-FixedPos-oneStyle'], 'is_blur': False, 'blur_config': {'kernel_size_choices': (5, 7, 9), 'sigma_range': (0.5, 3.0), 'p_no_blur': 0.0}, 'augment_times': 1}], 'interpolate_configs': [{'name': 'train_interpolate', 'eval_set_path_list': ['/home/xuanjie.liu/Projects/S3Plus/VQ/exp/2025.05.18_10vq_Zc[2]_Zs[0]_edim1_[0-20]_plus1024_1_tripleSet_Nothing/../../../dataset/single_style_pairs(0,20)_tripleSet/train'], 'is_blur': False, 'blur_config': {'kernel_size_choices': (5, 7, 9), 'sigma_range': (0.5, 3.0), 'p_no_blur': 0.0}, 'augment_times': 1, 'interpolate_num': 1}]}}
[{'task_name': 'minus_16_1.1', 'train_data_path': '/home/xuanjie.liu/Projects/S3Plus/VQ/exp/2025.05.18_10vq_Zc[2]_Zs[0]_edim1_[0-20]_plus1024_1_tripleSet_Nothing/../../../dataset/single_style_pairs_minus(0,20)/train', 'eval_data_path': '/home/xuanjie.liu/Projects/S3Plus/VQ/exp/2025.05.18_10vq_Zc[2]_Zs[0]_edim1_[0-20]_plus1024_1_tripleSet_Nothing/../../../dataset/single_style_pairs_minus(0,20)/test', 'batch_size': 128, 'train_record_path': 'train_record.txt', 'eval_record_path': 'eval_record.txt', 'pretrained_path': 'checkpoint_40000.pt', 'fc_model_path': 'minus_model.pt', 'max_iter_num': 20001, 'log_interval': 200, 'num_class': 21, 'fc_network_config': {'plus_unit': 16, 'n_hidden_layers': 1}, 'learning_rate': 0.001}]
Sub-Exp path: /home/xuanjie.liu/Projects/S3Plus/VQ/exp/2025.05.18_10vq_Zc[2]_Zs[0]_edim1_[0-20]_plus1024_1_tripleSet_Nothing/19
Optimal checkpoint: 48000
Pretrained Model is loaded
Continue training
New FC model is initialized
200-loss_z:2.598659,accu:0.160765,loss_recon:1.134716

200-loss_z:2.60992,accu:0.075949,loss_recon:0.742

400-loss_z:1.961908,accu:0.324668,loss_recon:0.51953

400-loss_z:2.534086,accu:0.113924,loss_recon:0.524221

600-loss_z:1.675409,accu:0.409004,loss_recon:0.400585

600-loss_z:2.634817,accu:0.088608,loss_recon:0.454289

800-loss_z:1.497475,accu:0.457539,loss_recon:0.364813

800-loss_z:2.712006,accu:0.126582,loss_recon:0.42132

1000-loss_z:1.366414,accu:0.51112,loss_recon:0.347523

1000-loss_z:2.830577,accu:0.151899,loss_recon:0.406832

1200-loss_z:1.267106,accu:0.530716,loss_recon:0.339145

1200-loss_z:3.001747,accu:0.189873,loss_recon:0.391277

1400-loss_z:1.179025,accu:0.573815,loss_recon:0.328349

1400-loss_z:3.136519,accu:0.202532,loss_recon:0.377885

1600-loss_z:1.102823,accu:0.613327,loss_recon:0.319727

1600-loss_z:3.301183,accu:0.227848,loss_recon:0.36654

1800-loss_z:1.039731,accu:0.6475,loss_recon:0.312874

1800-loss_z:3.498467,accu:0.227848,loss_recon:0.358203

2000-loss_z:0.979288,accu:0.680456,loss_recon:0.307388

2000-loss_z:3.698187,accu:0.240506,loss_recon:0.359614

2200-loss_z:0.933078,accu:0.707656,loss_recon:0.301503

2200-loss_z:3.922627,accu:0.253165,loss_recon:0.355346

2400-loss_z:0.886525,accu:0.716615,loss_recon:0.295153

2400-loss_z:4.173907,accu:0.227848,loss_recon:0.360144

2600-loss_z:0.846043,accu:0.724889,loss_recon:0.289221

2600-loss_z:4.41012,accu:0.265823,loss_recon:0.358566

2800-loss_z:0.807588,accu:0.735957,loss_recon:0.28036

2800-loss_z:4.63693,accu:0.253165,loss_recon:0.35591

3000-loss_z:0.773754,accu:0.747663,loss_recon:0.275794

3000-loss_z:4.875147,accu:0.253165,loss_recon:0.360381

3200-loss_z:0.747986,accu:0.76028,loss_recon:0.267704

3200-loss_z:5.144899,accu:0.265823,loss_recon:0.363213

3400-loss_z:0.715158,accu:0.763887,loss_recon:0.26557

3400-loss_z:5.383451,accu:0.278481,loss_recon:0.365706

3600-loss_z:0.690444,accu:0.776719,loss_recon:0.25827

3600-loss_z:5.632819,accu:0.253165,loss_recon:0.367759

3800-loss_z:0.667157,accu:0.788438,loss_recon:0.255801

3800-loss_z:5.900833,accu:0.265823,loss_recon:0.367027

4000-loss_z:0.648326,accu:0.795924,loss_recon:0.253719

4000-loss_z:6.137892,accu:0.265823,loss_recon:0.377314

4200-loss_z:0.622247,accu:0.801921,loss_recon:0.251631

4200-loss_z:6.394738,accu:0.253165,loss_recon:0.37967

4400-loss_z:0.60665,accu:0.81625,loss_recon:0.247611

4400-loss_z:6.672205,accu:0.278481,loss_recon:0.38647

4600-loss_z:0.590805,accu:0.810944,loss_recon:0.247604

4600-loss_z:6.955828,accu:0.253165,loss_recon:0.385781

4800-loss_z:0.570863,accu:0.828379,loss_recon:0.241942

4800-loss_z:7.20724,accu:0.291139,loss_recon:0.389631

5000-loss_z:0.554405,accu:0.833952,loss_recon:0.245918

5000-loss_z:7.511137,accu:0.253165,loss_recon:0.392237

5200-loss_z:0.537985,accu:0.842591,loss_recon:0.243194

5200-loss_z:7.784667,accu:0.240506,loss_recon:0.396976

5400-loss_z:0.527396,accu:0.852474,loss_recon:0.239686

5400-loss_z:8.069678,accu:0.240506,loss_recon:0.399726

5600-loss_z:0.508737,accu:0.855378,loss_recon:0.237163

5600-loss_z:8.358585,accu:0.253165,loss_recon:0.397749

5800-loss_z:0.493856,accu:0.863255,loss_recon:0.238289

5800-loss_z:8.6605,accu:0.253165,loss_recon:0.399171

6000-loss_z:0.485249,accu:0.865697,loss_recon:0.235345

6000-loss_z:8.964732,accu:0.227848,loss_recon:0.402117

6200-loss_z:0.479136,accu:0.864564,loss_recon:0.233369

6200-loss_z:9.282666,accu:0.265823,loss_recon:0.40147

6400-loss_z:0.46507,accu:0.872259,loss_recon:0.233076

6400-loss_z:9.645131,accu:0.265823,loss_recon:0.407925

6600-loss_z:0.45539,accu:0.874141,loss_recon:0.230103

6600-loss_z:9.940887,accu:0.278481,loss_recon:0.403553

6800-loss_z:0.442605,accu:0.878698,loss_recon:0.231251

6800-loss_z:10.279779,accu:0.278481,loss_recon:0.405798

7000-loss_z:0.432283,accu:0.881198,loss_recon:0.232092

7000-loss_z:10.619018,accu:0.253165,loss_recon:0.404928

7200-loss_z:0.422572,accu:0.88556,loss_recon:0.226535

7200-loss_z:10.973089,accu:0.278481,loss_recon:0.40822

7400-loss_z:0.417537,accu:0.88569,loss_recon:0.227147

7400-loss_z:11.370103,accu:0.278481,loss_recon:0.411158

7600-loss_z:0.405309,accu:0.887031,loss_recon:0.227873

7600-loss_z:11.776263,accu:0.278481,loss_recon:0.409456

7800-loss_z:0.396087,accu:0.892604,loss_recon:0.225858

7800-loss_z:12.117056,accu:0.291139,loss_recon:0.409944

8000-loss_z:0.387217,accu:0.897754,loss_recon:0.225782

8000-loss_z:12.502674,accu:0.291139,loss_recon:0.406401

8200-loss_z:0.381352,accu:0.897188,loss_recon:0.223725

8200-loss_z:12.926549,accu:0.303797,loss_recon:0.410449

8400-loss_z:0.374298,accu:0.900547,loss_recon:0.222094

8400-loss_z:13.285069,accu:0.291139,loss_recon:0.40496

8600-loss_z:0.366422,accu:0.903092,loss_recon:0.22242

8600-loss_z:13.658816,accu:0.303797,loss_recon:0.406531

8800-loss_z:0.359355,accu:0.902253,loss_recon:0.221431

8800-loss_z:14.034473,accu:0.291139,loss_recon:0.407167

9000-loss_z:0.358578,accu:0.90763,loss_recon:0.22044

9000-loss_z:14.44937,accu:0.278481,loss_recon:0.403109

9200-loss_z:0.347029,accu:0.916497,loss_recon:0.219005

9200-loss_z:14.840925,accu:0.291139,loss_recon:0.408191

9400-loss_z:0.341836,accu:0.917077,loss_recon:0.222781

9400-loss_z:15.300739,accu:0.291139,loss_recon:0.401917

9600-loss_z:0.33724,accu:0.920254,loss_recon:0.22055

9600-loss_z:15.709275,accu:0.291139,loss_recon:0.410539

9800-loss_z:0.326234,accu:0.922201,loss_recon:0.219794

9800-loss_z:16.176558,accu:0.341772,loss_recon:0.404454

10000-loss_z:0.319678,accu:0.925983,loss_recon:0.218667

10000-loss_z:16.624754,accu:0.303797,loss_recon:0.406118

10200-loss_z:0.316328,accu:0.929512,loss_recon:0.213966

10200-loss_z:17.098497,accu:0.329114,loss_recon:0.401813

10400-loss_z:0.30864,accu:0.930286,loss_recon:0.213919

10400-loss_z:17.536076,accu:0.316456,loss_recon:0.410429

10600-loss_z:0.303089,accu:0.934531,loss_recon:0.214958

10600-loss_z:17.934851,accu:0.316456,loss_recon:0.408407

10800-loss_z:0.295281,accu:0.936914,loss_recon:0.212058

10800-loss_z:18.387749,accu:0.329114,loss_recon:0.407962

11000-loss_z:0.292406,accu:0.935039,loss_recon:0.20909

11000-loss_z:18.790142,accu:0.278481,loss_recon:0.409537

11200-loss_z:0.282159,accu:0.94127,loss_recon:0.211557

11200-loss_z:19.24054,accu:0.265823,loss_recon:0.411944

11400-loss_z:0.278643,accu:0.939759,loss_recon:0.211379

11400-loss_z:19.614599,accu:0.265823,loss_recon:0.411262

11600-loss_z:0.276049,accu:0.944948,loss_recon:0.210147

11600-loss_z:19.914652,accu:0.265823,loss_recon:0.417424

11800-loss_z:0.265249,accu:0.952982,loss_recon:0.204769

11800-loss_z:20.331547,accu:0.240506,loss_recon:0.406296

12000-loss_z:0.261008,accu:0.95015,loss_recon:0.207038

12000-loss_z:20.803627,accu:0.240506,loss_recon:0.412613

12200-loss_z:0.260164,accu:0.947826,loss_recon:0.205073

12200-loss_z:21.184515,accu:0.253165,loss_recon:0.414596

12400-loss_z:0.255446,accu:0.948372,loss_recon:0.203344

12400-loss_z:21.595587,accu:0.227848,loss_recon:0.411753

12600-loss_z:0.247756,accu:0.952682,loss_recon:0.210078

12600-loss_z:21.975216,accu:0.240506,loss_recon:0.409692

12800-loss_z:0.244221,accu:0.953704,loss_recon:0.203384

12800-loss_z:22.378195,accu:0.240506,loss_recon:0.41526

13000-loss_z:0.239368,accu:0.956289,loss_recon:0.205283

13000-loss_z:22.761227,accu:0.240506,loss_recon:0.413998

13200-loss_z:0.235207,accu:0.951667,loss_recon:0.203102

13200-loss_z:23.129538,accu:0.240506,loss_recon:0.412193

13400-loss_z:0.233036,accu:0.95748,loss_recon:0.20449

13400-loss_z:23.496613,accu:0.240506,loss_recon:0.412573

13600-loss_z:0.227396,accu:0.956595,loss_recon:0.205384

13600-loss_z:23.87281,accu:0.253165,loss_recon:0.412396

13800-loss_z:0.223487,accu:0.961087,loss_recon:0.204681

13800-loss_z:24.18066,accu:0.240506,loss_recon:0.411899

14000-loss_z:0.221171,accu:0.962656,loss_recon:0.202012

14000-loss_z:24.54455,accu:0.240506,loss_recon:0.409223

14200-loss_z:0.21459,accu:0.959128,loss_recon:0.202332

14200-loss_z:24.912874,accu:0.253165,loss_recon:0.412543

14400-loss_z:0.208332,accu:0.962865,loss_recon:0.20587

14400-loss_z:25.284704,accu:0.265823,loss_recon:0.414366

14600-loss_z:0.206664,accu:0.964538,loss_recon:0.199356

14600-loss_z:25.607435,accu:0.265823,loss_recon:0.412417

14800-loss_z:0.201921,accu:0.965449,loss_recon:0.202395

14800-loss_z:26.002317,accu:0.253165,loss_recon:0.415502

15000-loss_z:0.197296,accu:0.967266,loss_recon:0.201141

15000-loss_z:26.403122,accu:0.253165,loss_recon:0.412855

15200-loss_z:0.195207,accu:0.967122,loss_recon:0.20104

15200-loss_z:26.752607,accu:0.253165,loss_recon:0.410614

15400-loss_z:0.190953,accu:0.966309,loss_recon:0.201213

15400-loss_z:27.175671,accu:0.265823,loss_recon:0.415604

15600-loss_z:0.189232,accu:0.967461,loss_recon:0.201055

15600-loss_z:27.622637,accu:0.278481,loss_recon:0.410042

15800-loss_z:0.186288,accu:0.969121,loss_recon:0.200177

15800-loss_z:28.078381,accu:0.265823,loss_recon:0.411797

16000-loss_z:0.183612,accu:0.965339,loss_recon:0.201329

16000-loss_z:28.504519,accu:0.253165,loss_recon:0.419759

16200-loss_z:0.174764,accu:0.973184,loss_recon:0.200585

16200-loss_z:28.949837,accu:0.265823,loss_recon:0.418846

16400-loss_z:0.174838,accu:0.969674,loss_recon:0.19908

16400-loss_z:29.349928,accu:0.253165,loss_recon:0.415434

16600-loss_z:0.174117,accu:0.971758,loss_recon:0.201042

16600-loss_z:29.762241,accu:0.265823,loss_recon:0.417561

16800-loss_z:0.168891,accu:0.97375,loss_recon:0.201506

16800-loss_z:30.247416,accu:0.265823,loss_recon:0.416126

17000-loss_z:0.166422,accu:0.973268,loss_recon:0.199257

17000-loss_z:30.711796,accu:0.265823,loss_recon:0.417305

17200-loss_z:0.162881,accu:0.976602,loss_recon:0.200203

17200-loss_z:31.159767,accu:0.278481,loss_recon:0.410501

17400-loss_z:0.159931,accu:0.977474,loss_recon:0.19728

17400-loss_z:31.650909,accu:0.278481,loss_recon:0.417401

17600-loss_z:0.159242,accu:0.973171,loss_recon:0.19788

17600-loss_z:32.053501,accu:0.278481,loss_recon:0.417659

17800-loss_z:0.15531,accu:0.976777,loss_recon:0.199294

17800-loss_z:32.548111,accu:0.265823,loss_recon:0.413135

18000-loss_z:0.151547,accu:0.97776,loss_recon:0.197729

18000-loss_z:32.971664,accu:0.265823,loss_recon:0.408987

18200-loss_z:0.148047,accu:0.978353,loss_recon:0.196508

18200-loss_z:33.402122,accu:0.278481,loss_recon:0.413977

18400-loss_z:0.146914,accu:0.982832,loss_recon:0.196923

18400-loss_z:33.941952,accu:0.278481,loss_recon:0.420769

18600-loss_z:0.143759,accu:0.980046,loss_recon:0.19659

18600-loss_z:34.424412,accu:0.278481,loss_recon:0.418068

18800-loss_z:0.140279,accu:0.981966,loss_recon:0.195228

18800-loss_z:34.905689,accu:0.291139,loss_recon:0.421646

19000-loss_z:0.137917,accu:0.980736,loss_recon:0.197326

19000-loss_z:35.39352,accu:0.278481,loss_recon:0.422174

19200-loss_z:0.135571,accu:0.983509,loss_recon:0.199561

19200-loss_z:35.899769,accu:0.291139,loss_recon:0.421516

19400-loss_z:0.133913,accu:0.984212,loss_recon:0.196783

19400-loss_z:36.392471,accu:0.278481,loss_recon:0.423083

19600-loss_z:0.131322,accu:0.984414,loss_recon:0.194954

19600-loss_z:36.859936,accu:0.278481,loss_recon:0.4185

19800-loss_z:0.128588,accu:0.986211,loss_recon:0.197134

19800-loss_z:37.322132,accu:0.291139,loss_recon:0.427275

20000-loss_z:0.126044,accu:0.988822,loss_recon:0.19444

20000-loss_z:37.790932,accu:0.291139,loss_recon:0.413751

Continue training
New FC model is initialized
200-loss_z:2.529159,accu:0.184527,loss_recon:1.029404

200-loss_z:2.578675,accu:0.063291,loss_recon:0.615816

400-loss_z:1.984363,accu:0.293268,loss_recon:0.508206

400-loss_z:2.502658,accu:0.088608,loss_recon:0.444926

600-loss_z:1.73048,accu:0.366992,loss_recon:0.41292

600-loss_z:2.606789,accu:0.075949,loss_recon:0.422151

800-loss_z:1.570719,accu:0.438307,loss_recon:0.372803

800-loss_z:2.700765,accu:0.113924,loss_recon:0.41119

1000-loss_z:1.45231,accu:0.47931,loss_recon:0.354596

1000-loss_z:2.781262,accu:0.113924,loss_recon:0.398425

1200-loss_z:1.358017,accu:0.512643,loss_recon:0.337602

1200-loss_z:2.879167,accu:0.139241,loss_recon:0.380776

1400-loss_z:1.271646,accu:0.517995,loss_recon:0.328317

1400-loss_z:2.98468,accu:0.151899,loss_recon:0.370807

1600-loss_z:1.198417,accu:0.535794,loss_recon:0.314419

1600-loss_z:3.07448,accu:0.139241,loss_recon:0.353519

1800-loss_z:1.128871,accu:0.572454,loss_recon:0.302456

1800-loss_z:3.212956,accu:0.164557,loss_recon:0.351668

2000-loss_z:1.068019,accu:0.605586,loss_recon:0.292801

2000-loss_z:3.360894,accu:0.177215,loss_recon:0.33709

2200-loss_z:1.013516,accu:0.630579,loss_recon:0.284245

2200-loss_z:3.503835,accu:0.139241,loss_recon:0.329513

2400-loss_z:0.961964,accu:0.659564,loss_recon:0.275682

2400-loss_z:3.659913,accu:0.164557,loss_recon:0.322815

2600-loss_z:0.922624,accu:0.671204,loss_recon:0.272385

2600-loss_z:3.822424,accu:0.139241,loss_recon:0.323252

2800-loss_z:0.8777,accu:0.687396,loss_recon:0.26568

2800-loss_z:3.986875,accu:0.164557,loss_recon:0.315487

3000-loss_z:0.845658,accu:0.696387,loss_recon:0.260518

3000-loss_z:4.176467,accu:0.177215,loss_recon:0.31514

3200-loss_z:0.812094,accu:0.71222,loss_recon:0.259349

3200-loss_z:4.297804,accu:0.164557,loss_recon:0.312153

3400-loss_z:0.791697,accu:0.714043,loss_recon:0.254667

3400-loss_z:4.478097,accu:0.189873,loss_recon:0.307318

3600-loss_z:0.75464,accu:0.736862,loss_recon:0.250585

3600-loss_z:4.587906,accu:0.189873,loss_recon:0.306337

3800-loss_z:0.731312,accu:0.744544,loss_recon:0.244347

3800-loss_z:4.759035,accu:0.189873,loss_recon:0.302644

4000-loss_z:0.70503,accu:0.75043,loss_recon:0.244558

4000-loss_z:4.918131,accu:0.189873,loss_recon:0.305199

4200-loss_z:0.68478,accu:0.753919,loss_recon:0.239482

4200-loss_z:5.057203,accu:0.177215,loss_recon:0.308164

4400-loss_z:0.661645,accu:0.765645,loss_recon:0.236781

4400-loss_z:5.214108,accu:0.189873,loss_recon:0.307077

4600-loss_z:0.64353,accu:0.770632,loss_recon:0.23323

4600-loss_z:5.340289,accu:0.189873,loss_recon:0.304953

4800-loss_z:0.623422,accu:0.775775,loss_recon:0.231023

4800-loss_z:5.482172,accu:0.177215,loss_recon:0.307811

5000-loss_z:0.610105,accu:0.77707,loss_recon:0.230405

5000-loss_z:5.621693,accu:0.189873,loss_recon:0.306142

5200-loss_z:0.589673,accu:0.798659,loss_recon:0.225699

5200-loss_z:5.7882,accu:0.189873,loss_recon:0.307106

5400-loss_z:0.573743,accu:0.802396,loss_recon:0.225534

5400-loss_z:5.943692,accu:0.189873,loss_recon:0.304794

5600-loss_z:0.556663,accu:0.816836,loss_recon:0.224488

5600-loss_z:6.114953,accu:0.202532,loss_recon:0.306847

5800-loss_z:0.546791,accu:0.818848,loss_recon:0.221962

5800-loss_z:6.301683,accu:0.189873,loss_recon:0.306965

6000-loss_z:0.532863,accu:0.819603,loss_recon:0.221402

6000-loss_z:6.484137,accu:0.21519,loss_recon:0.307907

6200-loss_z:0.517235,accu:0.82985,loss_recon:0.218628

6200-loss_z:6.71006,accu:0.21519,loss_recon:0.30439

6400-loss_z:0.508853,accu:0.833151,loss_recon:0.218987

6400-loss_z:6.880274,accu:0.21519,loss_recon:0.306794

6600-loss_z:0.493957,accu:0.836732,loss_recon:0.219546

6600-loss_z:7.092362,accu:0.21519,loss_recon:0.310694

6800-loss_z:0.485371,accu:0.84127,loss_recon:0.218676

6800-loss_z:7.252025,accu:0.21519,loss_recon:0.310951

7000-loss_z:0.468853,accu:0.848099,loss_recon:0.217818

7000-loss_z:7.435019,accu:0.21519,loss_recon:0.309269

7200-loss_z:0.454438,accu:0.855495,loss_recon:0.213155

7200-loss_z:7.637791,accu:0.21519,loss_recon:0.306222

7400-loss_z:0.448428,accu:0.856341,loss_recon:0.213803

7400-loss_z:7.870996,accu:0.21519,loss_recon:0.307899

7600-loss_z:0.431628,accu:0.870215,loss_recon:0.214007

7600-loss_z:8.102991,accu:0.21519,loss_recon:0.304877

7800-loss_z:0.424462,accu:0.874297,loss_recon:0.207539

7800-loss_z:8.266556,accu:0.227848,loss_recon:0.305255

8000-loss_z:0.412201,accu:0.876849,loss_recon:0.211712

8000-loss_z:8.51518,accu:0.202532,loss_recon:0.303287

8200-loss_z:0.4033,accu:0.887604,loss_recon:0.21275

8200-loss_z:8.784805,accu:0.227848,loss_recon:0.305397

8400-loss_z:0.393168,accu:0.892083,loss_recon:0.211109

8400-loss_z:8.983193,accu:0.240506,loss_recon:0.300934

8600-loss_z:0.386377,accu:0.89209,loss_recon:0.209534

8600-loss_z:9.262176,accu:0.227848,loss_recon:0.302288

8800-loss_z:0.38119,accu:0.893047,loss_recon:0.205303

8800-loss_z:9.52146,accu:0.253165,loss_recon:0.300763

9000-loss_z:0.370144,accu:0.897051,loss_recon:0.204585

9000-loss_z:9.761577,accu:0.240506,loss_recon:0.300497

9200-loss_z:0.365111,accu:0.895853,loss_recon:0.202895

9200-loss_z:9.997249,accu:0.240506,loss_recon:0.304517

9400-loss_z:0.350312,accu:0.904264,loss_recon:0.201862

9400-loss_z:10.251634,accu:0.227848,loss_recon:0.306324

9600-loss_z:0.347685,accu:0.908893,loss_recon:0.202025

9600-loss_z:10.503787,accu:0.240506,loss_recon:0.308244

9800-loss_z:0.337019,accu:0.913438,loss_recon:0.200022

9800-loss_z:10.719273,accu:0.227848,loss_recon:0.310945

10000-loss_z:0.333961,accu:0.910156,loss_recon:0.200249

10000-loss_z:10.973682,accu:0.227848,loss_recon:0.314403

10200-loss_z:0.324695,accu:0.917155,loss_recon:0.198413

10200-loss_z:11.228756,accu:0.227848,loss_recon:0.316143

10400-loss_z:0.316659,accu:0.920169,loss_recon:0.197472

10400-loss_z:11.503806,accu:0.21519,loss_recon:0.319301

10600-loss_z:0.313075,accu:0.923105,loss_recon:0.196138

10600-loss_z:11.721486,accu:0.21519,loss_recon:0.32203

10800-loss_z:0.306163,accu:0.92873,loss_recon:0.194894

10800-loss_z:12.01544,accu:0.21519,loss_recon:0.32532

11000-loss_z:0.297789,accu:0.932428,loss_recon:0.195281

11000-loss_z:12.248087,accu:0.227848,loss_recon:0.324738

11200-loss_z:0.293186,accu:0.929017,loss_recon:0.18969

11200-loss_z:12.468594,accu:0.253165,loss_recon:0.326736

11400-loss_z:0.285978,accu:0.934701,loss_recon:0.191531

11400-loss_z:12.705934,accu:0.265823,loss_recon:0.327585

11600-loss_z:0.282041,accu:0.938841,loss_recon:0.190109

11600-loss_z:12.967064,accu:0.240506,loss_recon:0.33337

11800-loss_z:0.274134,accu:0.940332,loss_recon:0.18945

11800-loss_z:13.180198,accu:0.240506,loss_recon:0.337291

12000-loss_z:0.269002,accu:0.944232,loss_recon:0.187999

12000-loss_z:13.475387,accu:0.240506,loss_recon:0.340192

12200-loss_z:0.267661,accu:0.942852,loss_recon:0.186878

12200-loss_z:13.683153,accu:0.240506,loss_recon:0.339871

12400-loss_z:0.261349,accu:0.94707,loss_recon:0.186047

12400-loss_z:13.908086,accu:0.227848,loss_recon:0.343946

12600-loss_z:0.252431,accu:0.945182,loss_recon:0.18656

12600-loss_z:14.215944,accu:0.240506,loss_recon:0.343989

12800-loss_z:0.248108,accu:0.949753,loss_recon:0.183158

12800-loss_z:14.463292,accu:0.227848,loss_recon:0.353512

13000-loss_z:0.244391,accu:0.951211,loss_recon:0.181719

13000-loss_z:14.701379,accu:0.253165,loss_recon:0.353299

13200-loss_z:0.235879,accu:0.954688,loss_recon:0.181539

13200-loss_z:14.988657,accu:0.227848,loss_recon:0.354988

13400-loss_z:0.230936,accu:0.956068,loss_recon:0.181648

13400-loss_z:15.216996,accu:0.240506,loss_recon:0.359969

13600-loss_z:0.229342,accu:0.954805,loss_recon:0.179825

13600-loss_z:15.470718,accu:0.227848,loss_recon:0.359416

13800-loss_z:0.223917,accu:0.958021,loss_recon:0.17758

13800-loss_z:15.677176,accu:0.240506,loss_recon:0.365288

14000-loss_z:0.218319,accu:0.9586,loss_recon:0.177171

14000-loss_z:15.922097,accu:0.227848,loss_recon:0.361506

14200-loss_z:0.215198,accu:0.959095,loss_recon:0.176469

14200-loss_z:16.165453,accu:0.240506,loss_recon:0.361105

14400-loss_z:0.212492,accu:0.962129,loss_recon:0.176489

14400-loss_z:16.47298,accu:0.227848,loss_recon:0.354657

14600-loss_z:0.209423,accu:0.958236,loss_recon:0.176351

14600-loss_z:16.663002,accu:0.240506,loss_recon:0.362465

14800-loss_z:0.203575,accu:0.963607,loss_recon:0.176945

14800-loss_z:16.939867,accu:0.227848,loss_recon:0.359355

15000-loss_z:0.198009,accu:0.96349,loss_recon:0.172209

15000-loss_z:17.161951,accu:0.240506,loss_recon:0.361666

15200-loss_z:0.194108,accu:0.96401,loss_recon:0.173846

15200-loss_z:17.399288,accu:0.227848,loss_recon:0.360326

15400-loss_z:0.193069,accu:0.962832,loss_recon:0.175475

15400-loss_z:17.61072,accu:0.227848,loss_recon:0.35635

15600-loss_z:0.186282,accu:0.968223,loss_recon:0.173698

15600-loss_z:17.806648,accu:0.227848,loss_recon:0.355056

15800-loss_z:0.182785,accu:0.966452,loss_recon:0.173324

15800-loss_z:18.053135,accu:0.240506,loss_recon:0.356092

16000-loss_z:0.18104,accu:0.965911,loss_recon:0.172607

16000-loss_z:18.298668,accu:0.227848,loss_recon:0.359424

16200-loss_z:0.176979,accu:0.964896,loss_recon:0.172984

16200-loss_z:18.516394,accu:0.240506,loss_recon:0.359853

16400-loss_z:0.1773,accu:0.962936,loss_recon:0.172486

16400-loss_z:18.741472,accu:0.240506,loss_recon:0.358968

16600-loss_z:0.171635,accu:0.96709,loss_recon:0.170594

16600-loss_z:18.971472,accu:0.227848,loss_recon:0.362343

16800-loss_z:0.170345,accu:0.967142,loss_recon:0.172156

16800-loss_z:19.187546,accu:0.240506,loss_recon:0.362044

17000-loss_z:0.166066,accu:0.966947,loss_recon:0.171548

17000-loss_z:19.395628,accu:0.240506,loss_recon:0.365861

17200-loss_z:0.161005,accu:0.970273,loss_recon:0.173075

17200-loss_z:19.621346,accu:0.240506,loss_recon:0.368647

17400-loss_z:0.161221,accu:0.967852,loss_recon:0.170624

17400-loss_z:19.815243,accu:0.240506,loss_recon:0.362562

17600-loss_z:0.157302,accu:0.969323,loss_recon:0.169241

17600-loss_z:20.015137,accu:0.240506,loss_recon:0.361888

17800-loss_z:0.153611,accu:0.970026,loss_recon:0.173028

17800-loss_z:20.227274,accu:0.253165,loss_recon:0.360712

18000-loss_z:0.151523,accu:0.969056,loss_recon:0.171145

18000-loss_z:20.488131,accu:0.240506,loss_recon:0.371089

18200-loss_z:0.148497,accu:0.970677,loss_recon:0.168995

18200-loss_z:20.648182,accu:0.240506,loss_recon:0.368045

18400-loss_z:0.145883,accu:0.968828,loss_recon:0.168545

18400-loss_z:20.873743,accu:0.253165,loss_recon:0.367158

18600-loss_z:0.143429,accu:0.973353,loss_recon:0.170839

18600-loss_z:21.063126,accu:0.240506,loss_recon:0.365113

18800-loss_z:0.139768,accu:0.97431,loss_recon:0.171338

18800-loss_z:21.274073,accu:0.227848,loss_recon:0.361937

19000-loss_z:0.136709,accu:0.972148,loss_recon:0.170107

19000-loss_z:21.484468,accu:0.253165,loss_recon:0.365401

19200-loss_z:0.134928,accu:0.973828,loss_recon:0.170863

19200-loss_z:21.72744,accu:0.265823,loss_recon:0.364345

19400-loss_z:0.133287,accu:0.972904,loss_recon:0.16785

19400-loss_z:21.944786,accu:0.240506,loss_recon:0.36556

19600-loss_z:0.12943,accu:0.97207,loss_recon:0.169378

19600-loss_z:22.092949,accu:0.265823,loss_recon:0.367562

19800-loss_z:0.128243,accu:0.972624,loss_recon:0.168649

19800-loss_z:22.363424,accu:0.253165,loss_recon:0.364585

20000-loss_z:0.12502,accu:0.973639,loss_recon:0.169388

20000-loss_z:22.546366,accu:0.253165,loss_recon:0.369747

Continue training
New FC model is initialized
200-loss_z:2.637003,accu:0.158239,loss_recon:1.106618

200-loss_z:2.683097,accu:0.063291,loss_recon:0.713373

400-loss_z:2.04511,accu:0.300449,loss_recon:0.53731

400-loss_z:2.562426,accu:0.101266,loss_recon:0.468527

600-loss_z:1.747252,accu:0.377526,loss_recon:0.394192

600-loss_z:2.645094,accu:0.075949,loss_recon:0.425525

800-loss_z:1.562573,accu:0.455143,loss_recon:0.356207

800-loss_z:2.722382,accu:0.063291,loss_recon:0.42327

1000-loss_z:1.422639,accu:0.501764,loss_recon:0.341631

1000-loss_z:2.845791,accu:0.139241,loss_recon:0.416896

1200-loss_z:1.310015,accu:0.538477,loss_recon:0.332184

1200-loss_z:2.933418,accu:0.151899,loss_recon:0.406544

1400-loss_z:1.221241,accu:0.57627,loss_recon:0.32646

1400-loss_z:3.076031,accu:0.164557,loss_recon:0.403788

1600-loss_z:1.145745,accu:0.603815,loss_recon:0.319178

1600-loss_z:3.226343,accu:0.202532,loss_recon:0.397421

1800-loss_z:1.087352,accu:0.618027,loss_recon:0.310142

1800-loss_z:3.351254,accu:0.177215,loss_recon:0.387159

2000-loss_z:1.030698,accu:0.646582,loss_recon:0.305633

2000-loss_z:3.500581,accu:0.21519,loss_recon:0.388903

2200-loss_z:0.987323,accu:0.651413,loss_recon:0.307449

2200-loss_z:3.678747,accu:0.189873,loss_recon:0.384695

2400-loss_z:0.933521,accu:0.685143,loss_recon:0.297176

2400-loss_z:3.853438,accu:0.21519,loss_recon:0.378663

2600-loss_z:0.892047,accu:0.697995,loss_recon:0.294727

2600-loss_z:4.07249,accu:0.202532,loss_recon:0.374753

2800-loss_z:0.862038,accu:0.70998,loss_recon:0.292045

2800-loss_z:4.254259,accu:0.202532,loss_recon:0.368777

3000-loss_z:0.822508,accu:0.721452,loss_recon:0.288266

3000-loss_z:4.443057,accu:0.240506,loss_recon:0.363386

3200-loss_z:0.792758,accu:0.733405,loss_recon:0.284652

3200-loss_z:4.688233,accu:0.227848,loss_recon:0.365333

3400-loss_z:0.760526,accu:0.756133,loss_recon:0.28354

3400-loss_z:4.91258,accu:0.227848,loss_recon:0.357176

3600-loss_z:0.739183,accu:0.7586,loss_recon:0.280311

3600-loss_z:5.152371,accu:0.253165,loss_recon:0.358893

3800-loss_z:0.713448,accu:0.774193,loss_recon:0.276738

3800-loss_z:5.378849,accu:0.240506,loss_recon:0.354907

4000-loss_z:0.687315,accu:0.786712,loss_recon:0.27473

4000-loss_z:5.648367,accu:0.227848,loss_recon:0.352395

4200-loss_z:0.663773,accu:0.798997,loss_recon:0.276003

4200-loss_z:5.875593,accu:0.253165,loss_recon:0.35146

4400-loss_z:0.640237,accu:0.81168,loss_recon:0.271083

4400-loss_z:6.184883,accu:0.202532,loss_recon:0.349225

4600-loss_z:0.620699,accu:0.817051,loss_recon:0.271423

4600-loss_z:6.428745,accu:0.227848,loss_recon:0.348447

4800-loss_z:0.591386,accu:0.832396,loss_recon:0.270693

4800-loss_z:6.676356,accu:0.21519,loss_recon:0.347085

5000-loss_z:0.575466,accu:0.842904,loss_recon:0.268037

5000-loss_z:6.944228,accu:0.227848,loss_recon:0.347769

5200-loss_z:0.554885,accu:0.8461,loss_recon:0.267266

5200-loss_z:7.17472,accu:0.189873,loss_recon:0.343215

5400-loss_z:0.539981,accu:0.848763,loss_recon:0.262418

5400-loss_z:7.453151,accu:0.21519,loss_recon:0.347097

5600-loss_z:0.519872,accu:0.85416,loss_recon:0.262238

5600-loss_z:7.673173,accu:0.202532,loss_recon:0.347176

5800-loss_z:0.510634,accu:0.853125,loss_recon:0.258802

5800-loss_z:7.91573,accu:0.202532,loss_recon:0.347826

6000-loss_z:0.496888,accu:0.859564,loss_recon:0.257929

6000-loss_z:8.146303,accu:0.227848,loss_recon:0.351194

6200-loss_z:0.482056,accu:0.857246,loss_recon:0.2571

6200-loss_z:8.391898,accu:0.227848,loss_recon:0.349905

6400-loss_z:0.473199,accu:0.862624,loss_recon:0.255143

6400-loss_z:8.617771,accu:0.240506,loss_recon:0.351447

6600-loss_z:0.459286,accu:0.872305,loss_recon:0.25371

6600-loss_z:8.873048,accu:0.240506,loss_recon:0.344486

6800-loss_z:0.448426,accu:0.866061,loss_recon:0.256059

6800-loss_z:9.043773,accu:0.240506,loss_recon:0.346164

7000-loss_z:0.438581,accu:0.879967,loss_recon:0.248424

7000-loss_z:9.337509,accu:0.227848,loss_recon:0.344309

7200-loss_z:0.427797,accu:0.878737,loss_recon:0.254307

7200-loss_z:9.546165,accu:0.240506,loss_recon:0.345604

7400-loss_z:0.417164,accu:0.878672,loss_recon:0.250497

7400-loss_z:9.801817,accu:0.253165,loss_recon:0.343109

7600-loss_z:0.409504,accu:0.875684,loss_recon:0.247924

7600-loss_z:10.021788,accu:0.240506,loss_recon:0.344573

7800-loss_z:0.397834,accu:0.884635,loss_recon:0.248506

7800-loss_z:10.27184,accu:0.240506,loss_recon:0.348029

8000-loss_z:0.3882,accu:0.885195,loss_recon:0.248383

8000-loss_z:10.527606,accu:0.265823,loss_recon:0.345686

8200-loss_z:0.377553,accu:0.890026,loss_recon:0.246804

8200-loss_z:10.809378,accu:0.253165,loss_recon:0.347738

8400-loss_z:0.3673,accu:0.88877,loss_recon:0.245273

8400-loss_z:11.026158,accu:0.278481,loss_recon:0.35998

8600-loss_z:0.362853,accu:0.892923,loss_recon:0.245502

8600-loss_z:11.254744,accu:0.253165,loss_recon:0.347692

8800-loss_z:0.354074,accu:0.885807,loss_recon:0.244085

8800-loss_z:11.511214,accu:0.291139,loss_recon:0.351488

9000-loss_z:0.345888,accu:0.884434,loss_recon:0.244772

9000-loss_z:11.875978,accu:0.278481,loss_recon:0.352843

9200-loss_z:0.338968,accu:0.883301,loss_recon:0.243234

9200-loss_z:12.138756,accu:0.278481,loss_recon:0.353318

9400-loss_z:0.335829,accu:0.885182,loss_recon:0.244989

9400-loss_z:12.39035,accu:0.291139,loss_recon:0.353287

9600-loss_z:0.324995,accu:0.891699,loss_recon:0.244338

9600-loss_z:12.723814,accu:0.291139,loss_recon:0.357699

9800-loss_z:0.319995,accu:0.893802,loss_recon:0.242624

9800-loss_z:12.986774,accu:0.278481,loss_recon:0.351179

10000-loss_z:0.311275,accu:0.899108,loss_recon:0.244351

10000-loss_z:13.320144,accu:0.291139,loss_recon:0.356601

10200-loss_z:0.308305,accu:0.904063,loss_recon:0.241154

10200-loss_z:13.598937,accu:0.291139,loss_recon:0.350901

10400-loss_z:0.304272,accu:0.902585,loss_recon:0.241009

10400-loss_z:13.904501,accu:0.303797,loss_recon:0.362441

10600-loss_z:0.295019,accu:0.90722,loss_recon:0.240449

10600-loss_z:14.24883,accu:0.291139,loss_recon:0.356991

10800-loss_z:0.292537,accu:0.906029,loss_recon:0.239601

10800-loss_z:14.636489,accu:0.291139,loss_recon:0.367121

11000-loss_z:0.284198,accu:0.913197,loss_recon:0.239314

11000-loss_z:14.948716,accu:0.291139,loss_recon:0.360069

11200-loss_z:0.280323,accu:0.920885,loss_recon:0.241515

11200-loss_z:15.337385,accu:0.303797,loss_recon:0.360486

11400-loss_z:0.274261,accu:0.917865,loss_recon:0.240788

11400-loss_z:15.648846,accu:0.303797,loss_recon:0.360562

11600-loss_z:0.272409,accu:0.916882,loss_recon:0.239342

11600-loss_z:15.96402,accu:0.303797,loss_recon:0.362966

11800-loss_z:0.264183,accu:0.922188,loss_recon:0.241159

11800-loss_z:16.382833,accu:0.316456,loss_recon:0.368604

12000-loss_z:0.261186,accu:0.921836,loss_recon:0.240904

12000-loss_z:16.666393,accu:0.303797,loss_recon:0.370771

12200-loss_z:0.258967,accu:0.92597,loss_recon:0.236328

12200-loss_z:17.046879,accu:0.303797,loss_recon:0.360661

12400-loss_z:0.254162,accu:0.920508,loss_recon:0.238796

12400-loss_z:17.417517,accu:0.316456,loss_recon:0.367036

12600-loss_z:0.248681,accu:0.926419,loss_recon:0.238952

12600-loss_z:17.707434,accu:0.316456,loss_recon:0.362204

12800-loss_z:0.247675,accu:0.923262,loss_recon:0.239375

12800-loss_z:18.093607,accu:0.291139,loss_recon:0.371935

13000-loss_z:0.242451,accu:0.925573,loss_recon:0.238798

13000-loss_z:18.509352,accu:0.316456,loss_recon:0.368271

13200-loss_z:0.239881,accu:0.928776,loss_recon:0.235893

13200-loss_z:18.912407,accu:0.316456,loss_recon:0.362402

13400-loss_z:0.233242,accu:0.92972,loss_recon:0.235755

13400-loss_z:19.465971,accu:0.316456,loss_recon:0.367266

13600-loss_z:0.229947,accu:0.931576,loss_recon:0.232516

13600-loss_z:19.847477,accu:0.303797,loss_recon:0.364968

13800-loss_z:0.224949,accu:0.933262,loss_recon:0.234349

13800-loss_z:20.18075,accu:0.316456,loss_recon:0.364036

14000-loss_z:0.223411,accu:0.935345,loss_recon:0.236465

14000-loss_z:20.531588,accu:0.316456,loss_recon:0.36126

14200-loss_z:0.219223,accu:0.934792,loss_recon:0.23264

14200-loss_z:21.030832,accu:0.303797,loss_recon:0.370907

14400-loss_z:0.218106,accu:0.939518,loss_recon:0.231471

14400-loss_z:21.515242,accu:0.291139,loss_recon:0.364358

14600-loss_z:0.214557,accu:0.935775,loss_recon:0.231074

14600-loss_z:21.92939,accu:0.278481,loss_recon:0.365053

14800-loss_z:0.209405,accu:0.943978,loss_recon:0.229642

14800-loss_z:22.36558,accu:0.278481,loss_recon:0.368094

15000-loss_z:0.206205,accu:0.939759,loss_recon:0.229436

15000-loss_z:22.857065,accu:0.278481,loss_recon:0.365572

15200-loss_z:0.203307,accu:0.943893,loss_recon:0.229627

15200-loss_z:23.332987,accu:0.265823,loss_recon:0.364593

15400-loss_z:0.200467,accu:0.944655,loss_recon:0.229083

15400-loss_z:23.852673,accu:0.278481,loss_recon:0.361914

15600-loss_z:0.196041,accu:0.946419,loss_recon:0.228716

15600-loss_z:24.428793,accu:0.278481,loss_recon:0.362563

15800-loss_z:0.194015,accu:0.946706,loss_recon:0.227366

15800-loss_z:24.912291,accu:0.253165,loss_recon:0.365694

16000-loss_z:0.188527,accu:0.947402,loss_recon:0.22834

16000-loss_z:25.460194,accu:0.240506,loss_recon:0.362859

16200-loss_z:0.185551,accu:0.948236,loss_recon:0.22545

16200-loss_z:25.957157,accu:0.278481,loss_recon:0.364721

16400-loss_z:0.183321,accu:0.945964,loss_recon:0.225097

16400-loss_z:26.508362,accu:0.240506,loss_recon:0.371713

16600-loss_z:0.183674,accu:0.946732,loss_recon:0.225494

16600-loss_z:26.919155,accu:0.265823,loss_recon:0.364187

16800-loss_z:0.179998,accu:0.950456,loss_recon:0.223417

16800-loss_z:27.534309,accu:0.253165,loss_recon:0.370935

17000-loss_z:0.177755,accu:0.948809,loss_recon:0.222356

17000-loss_z:28.017876,accu:0.265823,loss_recon:0.362218

17200-loss_z:0.174607,accu:0.949811,loss_recon:0.223686

17200-loss_z:28.473677,accu:0.265823,loss_recon:0.372488

17400-loss_z:0.171565,accu:0.950638,loss_recon:0.218291

17400-loss_z:29.00112,accu:0.265823,loss_recon:0.366083

17600-loss_z:0.172266,accu:0.953066,loss_recon:0.218137

17600-loss_z:29.430988,accu:0.265823,loss_recon:0.373006

17800-loss_z:0.166589,accu:0.957344,loss_recon:0.216916

17800-loss_z:29.943096,accu:0.265823,loss_recon:0.369972

18000-loss_z:0.167048,accu:0.952539,loss_recon:0.216304

18000-loss_z:30.373711,accu:0.265823,loss_recon:0.367652

18200-loss_z:0.16512,accu:0.954049,loss_recon:0.211297

18200-loss_z:30.83201,accu:0.253165,loss_recon:0.374353

18400-loss_z:0.162386,accu:0.953353,loss_recon:0.213388

18400-loss_z:31.245098,accu:0.265823,loss_recon:0.364984

18600-loss_z:0.15819,accu:0.956725,loss_recon:0.211668

18600-loss_z:31.692263,accu:0.278481,loss_recon:0.370398

18800-loss_z:0.155388,accu:0.958594,loss_recon:0.214177

18800-loss_z:32.063488,accu:0.265823,loss_recon:0.373397

19000-loss_z:0.157062,accu:0.956784,loss_recon:0.210576

19000-loss_z:32.581425,accu:0.278481,loss_recon:0.367835

19200-loss_z:0.155718,accu:0.958092,loss_recon:0.210895

19200-loss_z:33.093254,accu:0.265823,loss_recon:0.376798

19400-loss_z:0.153544,accu:0.95903,loss_recon:0.209309

19400-loss_z:33.505337,accu:0.265823,loss_recon:0.376431

19600-loss_z:0.152506,accu:0.957949,loss_recon:0.209845

19600-loss_z:34.036156,accu:0.265823,loss_recon:0.372302

19800-loss_z:0.148668,accu:0.959635,loss_recon:0.209334

19800-loss_z:34.51812,accu:0.265823,loss_recon:0.370622

20000-loss_z:0.146443,accu:0.962428,loss_recon:0.211427

20000-loss_z:35.031422,accu:0.265823,loss_recon:0.383698

Continue training
New FC model is initialized
200-loss_z:2.625486,accu:0.170813,loss_recon:1.231943

200-loss_z:2.696398,accu:0.075949,loss_recon:0.715136

400-loss_z:2.029645,accu:0.290553,loss_recon:0.574788

400-loss_z:2.598531,accu:0.088608,loss_recon:0.503566

600-loss_z:1.758563,accu:0.362214,loss_recon:0.423327

600-loss_z:2.629237,accu:0.063291,loss_recon:0.46374

800-loss_z:1.578255,accu:0.417129,loss_recon:0.385458

800-loss_z:2.739906,accu:0.088608,loss_recon:0.453556

1000-loss_z:1.448194,accu:0.471471,loss_recon:0.365831

1000-loss_z:2.872516,accu:0.113924,loss_recon:0.441283

1200-loss_z:1.342205,accu:0.499505,loss_recon:0.356023

1200-loss_z:3.047682,accu:0.139241,loss_recon:0.426365

1400-loss_z:1.255461,accu:0.541107,loss_recon:0.341763

1400-loss_z:3.198547,accu:0.164557,loss_recon:0.41024

1600-loss_z:1.178943,accu:0.561549,loss_recon:0.331647

1600-loss_z:3.348057,accu:0.151899,loss_recon:0.398644

1800-loss_z:1.109508,accu:0.571771,loss_recon:0.32411

1800-loss_z:3.487855,accu:0.139241,loss_recon:0.383944

2000-loss_z:1.052529,accu:0.615501,loss_recon:0.319888

2000-loss_z:3.620375,accu:0.202532,loss_recon:0.370705

2200-loss_z:1.00042,accu:0.641934,loss_recon:0.311825

2200-loss_z:3.799748,accu:0.177215,loss_recon:0.362069

2400-loss_z:0.953511,accu:0.678496,loss_recon:0.309738

2400-loss_z:3.973972,accu:0.164557,loss_recon:0.351375

2600-loss_z:0.914767,accu:0.693561,loss_recon:0.304963

2600-loss_z:4.133951,accu:0.164557,loss_recon:0.346893

2800-loss_z:0.876187,accu:0.711602,loss_recon:0.301406

2800-loss_z:4.293433,accu:0.202532,loss_recon:0.341223

3000-loss_z:0.842038,accu:0.713561,loss_recon:0.293047

3000-loss_z:4.472727,accu:0.189873,loss_recon:0.337208

3200-loss_z:0.809824,accu:0.725651,loss_recon:0.292038

3200-loss_z:4.645661,accu:0.227848,loss_recon:0.336925

3400-loss_z:0.778781,accu:0.730417,loss_recon:0.28951

3400-loss_z:4.851455,accu:0.202532,loss_recon:0.333433

3600-loss_z:0.757668,accu:0.736276,loss_recon:0.280254

3600-loss_z:5.04944,accu:0.202532,loss_recon:0.327001

3800-loss_z:0.732082,accu:0.745098,loss_recon:0.279481

3800-loss_z:5.24703,accu:0.21519,loss_recon:0.329455

4000-loss_z:0.713098,accu:0.751198,loss_recon:0.271083

4000-loss_z:5.447696,accu:0.21519,loss_recon:0.330583

4200-loss_z:0.691674,accu:0.751654,loss_recon:0.269183

4200-loss_z:5.648666,accu:0.202532,loss_recon:0.330849

4400-loss_z:0.674511,accu:0.747565,loss_recon:0.263034

4400-loss_z:5.870604,accu:0.21519,loss_recon:0.329427

4600-loss_z:0.652743,accu:0.7664,loss_recon:0.264713

4600-loss_z:6.087729,accu:0.227848,loss_recon:0.32514

4800-loss_z:0.636603,accu:0.775247,loss_recon:0.257273

4800-loss_z:6.311242,accu:0.227848,loss_recon:0.317816

5000-loss_z:0.62008,accu:0.787409,loss_recon:0.256327

5000-loss_z:6.542832,accu:0.21519,loss_recon:0.318831

5200-loss_z:0.607409,accu:0.786367,loss_recon:0.247808

5200-loss_z:6.784814,accu:0.227848,loss_recon:0.314131

5400-loss_z:0.586188,accu:0.789805,loss_recon:0.245088

5400-loss_z:6.983772,accu:0.202532,loss_recon:0.315731

5600-loss_z:0.569819,accu:0.798522,loss_recon:0.239767

5600-loss_z:7.215286,accu:0.227848,loss_recon:0.31465

5800-loss_z:0.561595,accu:0.803073,loss_recon:0.235658

5800-loss_z:7.431352,accu:0.240506,loss_recon:0.313206

6000-loss_z:0.547462,accu:0.810801,loss_recon:0.234708

6000-loss_z:7.670473,accu:0.240506,loss_recon:0.311461

6200-loss_z:0.536907,accu:0.823717,loss_recon:0.230022

6200-loss_z:7.924873,accu:0.240506,loss_recon:0.312042

6400-loss_z:0.523356,accu:0.819518,loss_recon:0.229125

6400-loss_z:8.138843,accu:0.240506,loss_recon:0.306381

6600-loss_z:0.512592,accu:0.819987,loss_recon:0.222042

6600-loss_z:8.368093,accu:0.265823,loss_recon:0.307852

6800-loss_z:0.50509,accu:0.828626,loss_recon:0.220998

6800-loss_z:8.622593,accu:0.253165,loss_recon:0.30452

7000-loss_z:0.492867,accu:0.838027,loss_recon:0.218348

7000-loss_z:8.877716,accu:0.240506,loss_recon:0.305827

7200-loss_z:0.480769,accu:0.844733,loss_recon:0.21735

7200-loss_z:9.122293,accu:0.240506,loss_recon:0.308785

7400-loss_z:0.471516,accu:0.845898,loss_recon:0.215214

7400-loss_z:9.318964,accu:0.227848,loss_recon:0.306662

7600-loss_z:0.459277,accu:0.854082,loss_recon:0.214076

7600-loss_z:9.54244,accu:0.253165,loss_recon:0.306605

7800-loss_z:0.453585,accu:0.854531,loss_recon:0.212121

7800-loss_z:9.734003,accu:0.240506,loss_recon:0.304862

8000-loss_z:0.439576,accu:0.860228,loss_recon:0.213692

8000-loss_z:9.953189,accu:0.240506,loss_recon:0.303562

8200-loss_z:0.427284,accu:0.869824,loss_recon:0.211493

8200-loss_z:10.188598,accu:0.227848,loss_recon:0.310479

8400-loss_z:0.421895,accu:0.87293,loss_recon:0.210222

8400-loss_z:10.445359,accu:0.21519,loss_recon:0.311385

8600-loss_z:0.410414,accu:0.879915,loss_recon:0.210468

8600-loss_z:10.650507,accu:0.253165,loss_recon:0.313835

8800-loss_z:0.403602,accu:0.881947,loss_recon:0.20822

8800-loss_z:10.888608,accu:0.227848,loss_recon:0.316346

9000-loss_z:0.398517,accu:0.881172,loss_recon:0.20683

9000-loss_z:11.120221,accu:0.253165,loss_recon:0.317541

9200-loss_z:0.389159,accu:0.892936,loss_recon:0.205962

9200-loss_z:11.40027,accu:0.240506,loss_recon:0.316702

9400-loss_z:0.380499,accu:0.895566,loss_recon:0.205625

9400-loss_z:11.619463,accu:0.265823,loss_recon:0.317234

9600-loss_z:0.374835,accu:0.900827,loss_recon:0.205318

9600-loss_z:11.889532,accu:0.253165,loss_recon:0.325016

9800-loss_z:0.368496,accu:0.907096,loss_recon:0.205168

9800-loss_z:12.11935,accu:0.240506,loss_recon:0.319523

10000-loss_z:0.357265,accu:0.90985,loss_recon:0.204274

10000-loss_z:12.322876,accu:0.253165,loss_recon:0.317069

10200-loss_z:0.357831,accu:0.907975,loss_recon:0.205085

10200-loss_z:12.578595,accu:0.240506,loss_recon:0.320807

10400-loss_z:0.346821,accu:0.915254,loss_recon:0.203747

10400-loss_z:12.880989,accu:0.253165,loss_recon:0.327564

10600-loss_z:0.337469,accu:0.918294,loss_recon:0.204584

10600-loss_z:13.12355,accu:0.253165,loss_recon:0.326557

10800-loss_z:0.335595,accu:0.918034,loss_recon:0.204978

10800-loss_z:13.353374,accu:0.240506,loss_recon:0.333183

11000-loss_z:0.326892,accu:0.918112,loss_recon:0.203847

11000-loss_z:13.642907,accu:0.21519,loss_recon:0.322586

11200-loss_z:0.325255,accu:0.921738,loss_recon:0.200637

11200-loss_z:13.909214,accu:0.253165,loss_recon:0.328391

11400-loss_z:0.318644,accu:0.92263,loss_recon:0.203121

11400-loss_z:14.126848,accu:0.240506,loss_recon:0.332687

11600-loss_z:0.30868,accu:0.928926,loss_recon:0.204168

11600-loss_z:14.375902,accu:0.21519,loss_recon:0.323635

11800-loss_z:0.304471,accu:0.925892,loss_recon:0.199638

11800-loss_z:14.616795,accu:0.240506,loss_recon:0.329827

12000-loss_z:0.299338,accu:0.929525,loss_recon:0.199408

12000-loss_z:14.893133,accu:0.21519,loss_recon:0.32961

12200-loss_z:0.290403,accu:0.933145,loss_recon:0.203657

12200-loss_z:15.118663,accu:0.240506,loss_recon:0.333108

12400-loss_z:0.286204,accu:0.935085,loss_recon:0.199838

12400-loss_z:15.389028,accu:0.240506,loss_recon:0.33381

12600-loss_z:0.28537,accu:0.933216,loss_recon:0.200256

12600-loss_z:15.639826,accu:0.227848,loss_recon:0.331734

12800-loss_z:0.277282,accu:0.938952,loss_recon:0.198388

12800-loss_z:15.893691,accu:0.21519,loss_recon:0.331604

13000-loss_z:0.27366,accu:0.939382,loss_recon:0.200626

13000-loss_z:16.128119,accu:0.240506,loss_recon:0.33913

13200-loss_z:0.26976,accu:0.936758,loss_recon:0.198568

13200-loss_z:16.423206,accu:0.227848,loss_recon:0.333937

13400-loss_z:0.263615,accu:0.943346,loss_recon:0.200378

13400-loss_z:16.620745,accu:0.227848,loss_recon:0.336082

13600-loss_z:0.258451,accu:0.943171,loss_recon:0.199704

13600-loss_z:16.893883,accu:0.240506,loss_recon:0.335639

13800-loss_z:0.254192,accu:0.941009,loss_recon:0.200037

13800-loss_z:17.182255,accu:0.227848,loss_recon:0.333069

14000-loss_z:0.251212,accu:0.949551,loss_recon:0.196756

14000-loss_z:17.432066,accu:0.227848,loss_recon:0.338783

14200-loss_z:0.24845,accu:0.94931,loss_recon:0.199125

14200-loss_z:17.658051,accu:0.227848,loss_recon:0.332998

14400-loss_z:0.242377,accu:0.950632,loss_recon:0.200211

14400-loss_z:17.948074,accu:0.21519,loss_recon:0.332995

14600-loss_z:0.238577,accu:0.951992,loss_recon:0.198952

14600-loss_z:18.172655,accu:0.202532,loss_recon:0.330287

14800-loss_z:0.235248,accu:0.955111,loss_recon:0.199153

14800-loss_z:18.434614,accu:0.21519,loss_recon:0.340189

15000-loss_z:0.233454,accu:0.954115,loss_recon:0.197355

15000-loss_z:18.69241,accu:0.21519,loss_recon:0.340491

15200-loss_z:0.225091,accu:0.957539,loss_recon:0.199374

15200-loss_z:18.93646,accu:0.202532,loss_recon:0.339892

15400-loss_z:0.223185,accu:0.960189,loss_recon:0.199987

15400-loss_z:19.149721,accu:0.21519,loss_recon:0.338252

15600-loss_z:0.217986,accu:0.96026,loss_recon:0.200231

15600-loss_z:19.42243,accu:0.202532,loss_recon:0.340715

15800-loss_z:0.213913,accu:0.960527,loss_recon:0.199579

15800-loss_z:19.664703,accu:0.202532,loss_recon:0.336692

16000-loss_z:0.213616,accu:0.961602,loss_recon:0.195077

16000-loss_z:19.901558,accu:0.202532,loss_recon:0.338288

16200-loss_z:0.20904,accu:0.957689,loss_recon:0.196702

16200-loss_z:20.197241,accu:0.202532,loss_recon:0.344129

16400-loss_z:0.206399,accu:0.962259,loss_recon:0.197358

16400-loss_z:20.464565,accu:0.189873,loss_recon:0.336201

16600-loss_z:0.202451,accu:0.965723,loss_recon:0.198359

16600-loss_z:20.745716,accu:0.189873,loss_recon:0.337205

16800-loss_z:0.201286,accu:0.96276,loss_recon:0.196698

16800-loss_z:21.052849,accu:0.202532,loss_recon:0.343016

17000-loss_z:0.195365,accu:0.968014,loss_recon:0.201394

17000-loss_z:21.307169,accu:0.202532,loss_recon:0.337885

17200-loss_z:0.191811,accu:0.967871,loss_recon:0.198698

17200-loss_z:21.603561,accu:0.202532,loss_recon:0.340815

17400-loss_z:0.191785,accu:0.967988,loss_recon:0.195464

17400-loss_z:21.933039,accu:0.202532,loss_recon:0.344746

17600-loss_z:0.189592,accu:0.968828,loss_recon:0.196165

17600-loss_z:22.146805,accu:0.202532,loss_recon:0.344125

17800-loss_z:0.187007,accu:0.966615,loss_recon:0.199031

17800-loss_z:22.379272,accu:0.202532,loss_recon:0.339877

18000-loss_z:0.183549,accu:0.970189,loss_recon:0.19679

18000-loss_z:22.69549,accu:0.202532,loss_recon:0.335558

18200-loss_z:0.17991,accu:0.971335,loss_recon:0.194707

18200-loss_z:23.004538,accu:0.202532,loss_recon:0.335545

18400-loss_z:0.174874,accu:0.973275,loss_recon:0.198649

18400-loss_z:23.303877,accu:0.202532,loss_recon:0.343413

18600-loss_z:0.173848,accu:0.968555,loss_recon:0.196354

18600-loss_z:23.540129,accu:0.202532,loss_recon:0.345565

18800-loss_z:0.171604,accu:0.971504,loss_recon:0.198542

18800-loss_z:23.854959,accu:0.202532,loss_recon:0.342951

19000-loss_z:0.169242,accu:0.975391,loss_recon:0.19844

19000-loss_z:24.142183,accu:0.202532,loss_recon:0.345264

19200-loss_z:0.169344,accu:0.973867,loss_recon:0.196856

19200-loss_z:24.406515,accu:0.202532,loss_recon:0.343258

19400-loss_z:0.165412,accu:0.976022,loss_recon:0.195943

19400-loss_z:24.666012,accu:0.202532,loss_recon:0.338104

19600-loss_z:0.161234,accu:0.978229,loss_recon:0.197358

19600-loss_z:25.016012,accu:0.202532,loss_recon:0.339876

19800-loss_z:0.159081,accu:0.978835,loss_recon:0.199519

19800-loss_z:25.29475,accu:0.202532,loss_recon:0.338641

20000-loss_z:0.157501,accu:0.976589,loss_recon:0.199035

20000-loss_z:25.57235,accu:0.202532,loss_recon:0.339292

Continue training
New FC model is initialized
200-loss_z:2.592573,accu:0.164004,loss_recon:1.429984

200-loss_z:2.675693,accu:0.101266,loss_recon:0.661471

400-loss_z:2.049404,accu:0.29252,loss_recon:0.51349

400-loss_z:2.601909,accu:0.088608,loss_recon:0.473329

600-loss_z:1.795312,accu:0.362904,loss_recon:0.400086

600-loss_z:2.631799,accu:0.101266,loss_recon:0.426161

800-loss_z:1.640179,accu:0.392598,loss_recon:0.370101

800-loss_z:2.658322,accu:0.113924,loss_recon:0.404722

1000-loss_z:1.512922,accu:0.436354,loss_recon:0.35506

1000-loss_z:2.693415,accu:0.113924,loss_recon:0.396875

1200-loss_z:1.400669,accu:0.466484,loss_recon:0.337042

1200-loss_z:2.691949,accu:0.126582,loss_recon:0.380758

1400-loss_z:1.303169,accu:0.510664,loss_recon:0.328643

1400-loss_z:2.750498,accu:0.126582,loss_recon:0.370821

1600-loss_z:1.220186,accu:0.555846,loss_recon:0.318767

1600-loss_z:2.821219,accu:0.139241,loss_recon:0.354821

1800-loss_z:1.154163,accu:0.569375,loss_recon:0.305017

1800-loss_z:2.906019,accu:0.21519,loss_recon:0.343906

2000-loss_z:1.09001,accu:0.606699,loss_recon:0.29711

2000-loss_z:2.989419,accu:0.240506,loss_recon:0.339554

2200-loss_z:1.041885,accu:0.637077,loss_recon:0.290737

2200-loss_z:3.084173,accu:0.240506,loss_recon:0.334939

2400-loss_z:0.992259,accu:0.653919,loss_recon:0.28523

2400-loss_z:3.210438,accu:0.21519,loss_recon:0.328843

2600-loss_z:0.950897,accu:0.669824,loss_recon:0.277436

2600-loss_z:3.319884,accu:0.240506,loss_recon:0.333215

2800-loss_z:0.910415,accu:0.692083,loss_recon:0.271861

2800-loss_z:3.453445,accu:0.265823,loss_recon:0.334145

3000-loss_z:0.879793,accu:0.706491,loss_recon:0.26699

3000-loss_z:3.588177,accu:0.253165,loss_recon:0.331773

3200-loss_z:0.840659,accu:0.714753,loss_recon:0.264624

3200-loss_z:3.729824,accu:0.253165,loss_recon:0.331865

3400-loss_z:0.815566,accu:0.722487,loss_recon:0.261009

3400-loss_z:3.865957,accu:0.291139,loss_recon:0.331157

3600-loss_z:0.791947,accu:0.726576,loss_recon:0.25343

3600-loss_z:4.024533,accu:0.278481,loss_recon:0.332121

3800-loss_z:0.760989,accu:0.752214,loss_recon:0.25049

3800-loss_z:4.166481,accu:0.253165,loss_recon:0.337588

4000-loss_z:0.747235,accu:0.75002,loss_recon:0.246922

4000-loss_z:4.298979,accu:0.265823,loss_recon:0.341092

4200-loss_z:0.725746,accu:0.763958,loss_recon:0.243115

4200-loss_z:4.467431,accu:0.265823,loss_recon:0.339654

4400-loss_z:0.698485,accu:0.777904,loss_recon:0.244221

4400-loss_z:4.610072,accu:0.278481,loss_recon:0.342659

4600-loss_z:0.686553,accu:0.783333,loss_recon:0.242885

4600-loss_z:4.795955,accu:0.291139,loss_recon:0.341079

4800-loss_z:0.662316,accu:0.795443,loss_recon:0.23844

4800-loss_z:4.948163,accu:0.278481,loss_recon:0.345916

5000-loss_z:0.651375,accu:0.806576,loss_recon:0.232215

5000-loss_z:5.121051,accu:0.253165,loss_recon:0.345951

5200-loss_z:0.631032,accu:0.811087,loss_recon:0.23365

5200-loss_z:5.302543,accu:0.291139,loss_recon:0.344734

5400-loss_z:0.616427,accu:0.821471,loss_recon:0.231042

5400-loss_z:5.473755,accu:0.316456,loss_recon:0.348476

5600-loss_z:0.606098,accu:0.821797,loss_recon:0.232739

5600-loss_z:5.67572,accu:0.278481,loss_recon:0.350979

5800-loss_z:0.587651,accu:0.831055,loss_recon:0.228751

5800-loss_z:5.863912,accu:0.291139,loss_recon:0.343659

6000-loss_z:0.574819,accu:0.835319,loss_recon:0.2286

6000-loss_z:6.025261,accu:0.291139,loss_recon:0.340539

6200-loss_z:0.566354,accu:0.832598,loss_recon:0.224778

6200-loss_z:6.245974,accu:0.265823,loss_recon:0.343151

6400-loss_z:0.547717,accu:0.842832,loss_recon:0.229344

6400-loss_z:6.488205,accu:0.278481,loss_recon:0.344177

6600-loss_z:0.537671,accu:0.84735,loss_recon:0.22537

6600-loss_z:6.689006,accu:0.278481,loss_recon:0.345292

6800-loss_z:0.525601,accu:0.851191,loss_recon:0.22469

6800-loss_z:6.955138,accu:0.278481,loss_recon:0.345521

7000-loss_z:0.513469,accu:0.854134,loss_recon:0.223221

7000-loss_z:7.246991,accu:0.240506,loss_recon:0.345436

7200-loss_z:0.500505,accu:0.852637,loss_recon:0.220712

7200-loss_z:7.530349,accu:0.253165,loss_recon:0.347773

7400-loss_z:0.489434,accu:0.864303,loss_recon:0.220736

7400-loss_z:7.817062,accu:0.265823,loss_recon:0.350729

7600-loss_z:0.482642,accu:0.862546,loss_recon:0.218546

7600-loss_z:8.086887,accu:0.253165,loss_recon:0.347016

7800-loss_z:0.475319,accu:0.86416,loss_recon:0.216324

7800-loss_z:8.387916,accu:0.240506,loss_recon:0.347991

8000-loss_z:0.465354,accu:0.866569,loss_recon:0.217189

8000-loss_z:8.656981,accu:0.21519,loss_recon:0.344782

8200-loss_z:0.455212,accu:0.874863,loss_recon:0.218163

8200-loss_z:8.956804,accu:0.227848,loss_recon:0.347373

8400-loss_z:0.447345,accu:0.881237,loss_recon:0.216045

8400-loss_z:9.23277,accu:0.21519,loss_recon:0.350154

8600-loss_z:0.44021,accu:0.881211,loss_recon:0.213195

8600-loss_z:9.505941,accu:0.21519,loss_recon:0.346913

8800-loss_z:0.429867,accu:0.88416,loss_recon:0.214968

8800-loss_z:9.83818,accu:0.253165,loss_recon:0.348075

9000-loss_z:0.421045,accu:0.891426,loss_recon:0.215264

9000-loss_z:10.160758,accu:0.21519,loss_recon:0.35024

9200-loss_z:0.411356,accu:0.886777,loss_recon:0.213572

9200-loss_z:10.428264,accu:0.227848,loss_recon:0.34697

9400-loss_z:0.405303,accu:0.89681,loss_recon:0.212657

9400-loss_z:10.675653,accu:0.227848,loss_recon:0.343524

9600-loss_z:0.398148,accu:0.897559,loss_recon:0.211918

9600-loss_z:10.974065,accu:0.21519,loss_recon:0.346363

9800-loss_z:0.39105,accu:0.901647,loss_recon:0.209769

9800-loss_z:11.271088,accu:0.227848,loss_recon:0.343202

10000-loss_z:0.382886,accu:0.908418,loss_recon:0.207937

10000-loss_z:11.549904,accu:0.227848,loss_recon:0.339666

10200-loss_z:0.376873,accu:0.905143,loss_recon:0.206842

10200-loss_z:11.865686,accu:0.21519,loss_recon:0.337121

10400-loss_z:0.369539,accu:0.907917,loss_recon:0.205988

10400-loss_z:12.166505,accu:0.202532,loss_recon:0.335094

10600-loss_z:0.36173,accu:0.915326,loss_recon:0.205389

10600-loss_z:12.452393,accu:0.227848,loss_recon:0.330797

10800-loss_z:0.356944,accu:0.911178,loss_recon:0.204641

10800-loss_z:12.729997,accu:0.202532,loss_recon:0.335643

11000-loss_z:0.350516,accu:0.9186,loss_recon:0.20518

11000-loss_z:13.002908,accu:0.202532,loss_recon:0.335367

11200-loss_z:0.342186,accu:0.919193,loss_recon:0.20429

11200-loss_z:13.312746,accu:0.21519,loss_recon:0.336069

11400-loss_z:0.33756,accu:0.921869,loss_recon:0.204611

11400-loss_z:13.583628,accu:0.21519,loss_recon:0.335388

11600-loss_z:0.332737,accu:0.922103,loss_recon:0.202919

11600-loss_z:13.866692,accu:0.21519,loss_recon:0.337972

11800-loss_z:0.325577,accu:0.926445,loss_recon:0.201083

11800-loss_z:14.121106,accu:0.21519,loss_recon:0.339352

12000-loss_z:0.320697,accu:0.926159,loss_recon:0.203436

12000-loss_z:14.405918,accu:0.202532,loss_recon:0.342256

12200-loss_z:0.314281,accu:0.926973,loss_recon:0.202811

12200-loss_z:14.747314,accu:0.189873,loss_recon:0.338176

12400-loss_z:0.310924,accu:0.931322,loss_recon:0.202689

12400-loss_z:15.021659,accu:0.227848,loss_recon:0.342213

12600-loss_z:0.305082,accu:0.933294,loss_recon:0.202179

12600-loss_z:15.259581,accu:0.189873,loss_recon:0.341723

12800-loss_z:0.300755,accu:0.930736,loss_recon:0.200134

12800-loss_z:15.567587,accu:0.21519,loss_recon:0.346851

13000-loss_z:0.298694,accu:0.937494,loss_recon:0.200613

13000-loss_z:15.892625,accu:0.202532,loss_recon:0.346935

13200-loss_z:0.291825,accu:0.93957,loss_recon:0.20065

13200-loss_z:16.179295,accu:0.189873,loss_recon:0.345422

13400-loss_z:0.284449,accu:0.940977,loss_recon:0.199218

13400-loss_z:16.429792,accu:0.21519,loss_recon:0.349224

13600-loss_z:0.281038,accu:0.939512,loss_recon:0.200736

13600-loss_z:16.713064,accu:0.202532,loss_recon:0.348573

13800-loss_z:0.279118,accu:0.941348,loss_recon:0.200197

13800-loss_z:16.965769,accu:0.202532,loss_recon:0.341674

14000-loss_z:0.272721,accu:0.945215,loss_recon:0.198462

14000-loss_z:17.211475,accu:0.189873,loss_recon:0.355158

14200-loss_z:0.269111,accu:0.94429,loss_recon:0.198801

14200-loss_z:17.496574,accu:0.202532,loss_recon:0.347914

14400-loss_z:0.263951,accu:0.945664,loss_recon:0.196768

14400-loss_z:17.753706,accu:0.189873,loss_recon:0.349506

14600-loss_z:0.26092,accu:0.943848,loss_recon:0.195382

14600-loss_z:17.991583,accu:0.189873,loss_recon:0.350102

14800-loss_z:0.252225,accu:0.953327,loss_recon:0.197219

14800-loss_z:18.299826,accu:0.189873,loss_recon:0.347094

15000-loss_z:0.253989,accu:0.953646,loss_recon:0.19655

15000-loss_z:18.521643,accu:0.189873,loss_recon:0.346152

15200-loss_z:0.246678,accu:0.956432,loss_recon:0.196382

15200-loss_z:18.699409,accu:0.189873,loss_recon:0.352447

15400-loss_z:0.24535,accu:0.953796,loss_recon:0.192993

15400-loss_z:18.982094,accu:0.202532,loss_recon:0.348242

15600-loss_z:0.239598,accu:0.958223,loss_recon:0.193587

15600-loss_z:19.224176,accu:0.202532,loss_recon:0.353274

15800-loss_z:0.239519,accu:0.960885,loss_recon:0.19485

15800-loss_z:19.433958,accu:0.189873,loss_recon:0.349378

16000-loss_z:0.231405,accu:0.956445,loss_recon:0.194622

16000-loss_z:19.633242,accu:0.189873,loss_recon:0.353692

16200-loss_z:0.229784,accu:0.961159,loss_recon:0.195301

16200-loss_z:19.856251,accu:0.202532,loss_recon:0.355221

16400-loss_z:0.224266,accu:0.965013,loss_recon:0.195366

16400-loss_z:20.103649,accu:0.189873,loss_recon:0.359891

16600-loss_z:0.222463,accu:0.965859,loss_recon:0.190954

16600-loss_z:20.367786,accu:0.189873,loss_recon:0.358043

16800-loss_z:0.222491,accu:0.962526,loss_recon:0.192805

16800-loss_z:20.599648,accu:0.189873,loss_recon:0.362578

17000-loss_z:0.219605,accu:0.964447,loss_recon:0.19205

17000-loss_z:20.8323,accu:0.177215,loss_recon:0.354915

17200-loss_z:0.215724,accu:0.965417,loss_recon:0.192624

17200-loss_z:21.078043,accu:0.177215,loss_recon:0.363437

17400-loss_z:0.21071,accu:0.96748,loss_recon:0.193409

17400-loss_z:21.310535,accu:0.177215,loss_recon:0.359381

17600-loss_z:0.20811,accu:0.970137,loss_recon:0.193091

17600-loss_z:21.500893,accu:0.177215,loss_recon:0.36891

17800-loss_z:0.203163,accu:0.971868,loss_recon:0.192793

17800-loss_z:21.780909,accu:0.177215,loss_recon:0.363939

18000-loss_z:0.203456,accu:0.971673,loss_recon:0.193862

18000-loss_z:22.031683,accu:0.177215,loss_recon:0.36042

18200-loss_z:0.199109,accu:0.975625,loss_recon:0.193112

18200-loss_z:22.211123,accu:0.189873,loss_recon:0.375749

18400-loss_z:0.195731,accu:0.974219,loss_recon:0.192949

18400-loss_z:22.480457,accu:0.177215,loss_recon:0.368867

18600-loss_z:0.192738,accu:0.973197,loss_recon:0.193237

18600-loss_z:22.703814,accu:0.177215,loss_recon:0.36964

18800-loss_z:0.19098,accu:0.97653,loss_recon:0.19205

18800-loss_z:22.984575,accu:0.202532,loss_recon:0.366732

19000-loss_z:0.188995,accu:0.975482,loss_recon:0.188986

19000-loss_z:23.200666,accu:0.189873,loss_recon:0.36886

19200-loss_z:0.186151,accu:0.976341,loss_recon:0.188498

19200-loss_z:23.395367,accu:0.177215,loss_recon:0.366507

19400-loss_z:0.181478,accu:0.978418,loss_recon:0.18895

19400-loss_z:23.698219,accu:0.177215,loss_recon:0.369191

19600-loss_z:0.182826,accu:0.979642,loss_recon:0.189137

19600-loss_z:23.877909,accu:0.189873,loss_recon:0.376783

19800-loss_z:0.178134,accu:0.979961,loss_recon:0.187725

19800-loss_z:24.130457,accu:0.177215,loss_recon:0.372579

20000-loss_z:0.176833,accu:0.98112,loss_recon:0.18987

20000-loss_z:24.337259,accu:0.189873,loss_recon:0.371144

Continue training
New FC model is initialized
200-loss_z:2.588089,accu:0.175574,loss_recon:1.193022

200-loss_z:2.576597,accu:0.075949,loss_recon:0.661824

400-loss_z:1.980364,accu:0.322689,loss_recon:0.560937

400-loss_z:2.482457,accu:0.050633,loss_recon:0.458895

600-loss_z:1.68103,accu:0.400039,loss_recon:0.431522

600-loss_z:2.564069,accu:0.075949,loss_recon:0.395969

800-loss_z:1.503444,accu:0.454479,loss_recon:0.368916

800-loss_z:2.678787,accu:0.088608,loss_recon:0.37547

1000-loss_z:1.376898,accu:0.493978,loss_recon:0.333602

1000-loss_z:2.777433,accu:0.101266,loss_recon:0.369163

1200-loss_z:1.280532,accu:0.534063,loss_recon:0.306884

1200-loss_z:2.870934,accu:0.101266,loss_recon:0.369576

1400-loss_z:1.202581,accu:0.566458,loss_recon:0.291419

1400-loss_z:3.009553,accu:0.101266,loss_recon:0.369368

1600-loss_z:1.132969,accu:0.606615,loss_recon:0.282663

1600-loss_z:3.100672,accu:0.139241,loss_recon:0.370051

1800-loss_z:1.078374,accu:0.61763,loss_recon:0.271843

1800-loss_z:3.202902,accu:0.139241,loss_recon:0.374534

2000-loss_z:1.026508,accu:0.6264,loss_recon:0.263866

2000-loss_z:3.316138,accu:0.151899,loss_recon:0.376491

2200-loss_z:0.98604,accu:0.638743,loss_recon:0.259601

2200-loss_z:3.434986,accu:0.189873,loss_recon:0.370121

2400-loss_z:0.941042,accu:0.657188,loss_recon:0.251257

2400-loss_z:3.547492,accu:0.189873,loss_recon:0.368004

2600-loss_z:0.906184,accu:0.680501,loss_recon:0.248886

2600-loss_z:3.655814,accu:0.202532,loss_recon:0.372404

2800-loss_z:0.869307,accu:0.688906,loss_recon:0.242174

2800-loss_z:3.750495,accu:0.202532,loss_recon:0.369748

3000-loss_z:0.836614,accu:0.709199,loss_recon:0.235977

3000-loss_z:3.903059,accu:0.202532,loss_recon:0.372242

3200-loss_z:0.810834,accu:0.723932,loss_recon:0.235751

3200-loss_z:4.011024,accu:0.21519,loss_recon:0.365222

3400-loss_z:0.787504,accu:0.729961,loss_recon:0.232731

3400-loss_z:4.153148,accu:0.21519,loss_recon:0.366429

3600-loss_z:0.761725,accu:0.746725,loss_recon:0.229099

3600-loss_z:4.321763,accu:0.21519,loss_recon:0.381584

3800-loss_z:0.740143,accu:0.751634,loss_recon:0.224616

3800-loss_z:4.447301,accu:0.227848,loss_recon:0.37696

4000-loss_z:0.715125,accu:0.773691,loss_recon:0.223653

4000-loss_z:4.601763,accu:0.21519,loss_recon:0.390349

4200-loss_z:0.694042,accu:0.777663,loss_recon:0.223261

4200-loss_z:4.773285,accu:0.227848,loss_recon:0.391835

4400-loss_z:0.674499,accu:0.789095,loss_recon:0.218596

4400-loss_z:4.924913,accu:0.240506,loss_recon:0.386509

4600-loss_z:0.658448,accu:0.793398,loss_recon:0.220384

4600-loss_z:5.06672,accu:0.227848,loss_recon:0.386541

4800-loss_z:0.639459,accu:0.804284,loss_recon:0.218298

4800-loss_z:5.248592,accu:0.202532,loss_recon:0.388848

5000-loss_z:0.626179,accu:0.815729,loss_recon:0.218076

5000-loss_z:5.401617,accu:0.227848,loss_recon:0.395985

5200-loss_z:0.608773,accu:0.821393,loss_recon:0.217653

5200-loss_z:5.575738,accu:0.240506,loss_recon:0.411936

5400-loss_z:0.591625,accu:0.823431,loss_recon:0.221312

5400-loss_z:5.724606,accu:0.240506,loss_recon:0.396357

5600-loss_z:0.575971,accu:0.830299,loss_recon:0.216045

5600-loss_z:5.89005,accu:0.240506,loss_recon:0.398719

5800-loss_z:0.562251,accu:0.835892,loss_recon:0.21367

5800-loss_z:6.07514,accu:0.240506,loss_recon:0.399344

6000-loss_z:0.554193,accu:0.833451,loss_recon:0.213766

6000-loss_z:6.230122,accu:0.278481,loss_recon:0.403692

6200-loss_z:0.537571,accu:0.842194,loss_recon:0.213208

6200-loss_z:6.38163,accu:0.278481,loss_recon:0.410046

6400-loss_z:0.526858,accu:0.845254,loss_recon:0.214343

6400-loss_z:6.545466,accu:0.278481,loss_recon:0.417344

6600-loss_z:0.515733,accu:0.845853,loss_recon:0.212765

6600-loss_z:6.65038,accu:0.265823,loss_recon:0.400773

6800-loss_z:0.503418,accu:0.851979,loss_recon:0.212796

6800-loss_z:6.820508,accu:0.291139,loss_recon:0.400461

7000-loss_z:0.491821,accu:0.85903,loss_recon:0.211341

7000-loss_z:6.979383,accu:0.316456,loss_recon:0.402384

7200-loss_z:0.481605,accu:0.864759,loss_recon:0.214356

7200-loss_z:7.135518,accu:0.316456,loss_recon:0.398579

7400-loss_z:0.4731,accu:0.863346,loss_recon:0.20977

7400-loss_z:7.290699,accu:0.291139,loss_recon:0.401347

7600-loss_z:0.466622,accu:0.861745,loss_recon:0.210229

7600-loss_z:7.482795,accu:0.303797,loss_recon:0.408785

7800-loss_z:0.456172,accu:0.868281,loss_recon:0.2096

7800-loss_z:7.609627,accu:0.316456,loss_recon:0.400393

8000-loss_z:0.450799,accu:0.869857,loss_recon:0.207424

8000-loss_z:7.768495,accu:0.316456,loss_recon:0.403165

8200-loss_z:0.439968,accu:0.874388,loss_recon:0.210912

8200-loss_z:7.972728,accu:0.291139,loss_recon:0.409159

8400-loss_z:0.43299,accu:0.878607,loss_recon:0.208515

8400-loss_z:8.126658,accu:0.303797,loss_recon:0.410004

8600-loss_z:0.423242,accu:0.885117,loss_recon:0.21092

8600-loss_z:8.25532,accu:0.303797,loss_recon:0.407903

8800-loss_z:0.41473,accu:0.891172,loss_recon:0.209316

8800-loss_z:8.410709,accu:0.316456,loss_recon:0.408441

9000-loss_z:0.405353,accu:0.890677,loss_recon:0.206648

9000-loss_z:8.606311,accu:0.291139,loss_recon:0.409358

9200-loss_z:0.402346,accu:0.898092,loss_recon:0.201674

9200-loss_z:8.721344,accu:0.316456,loss_recon:0.394644

9400-loss_z:0.39317,accu:0.896745,loss_recon:0.19639

9400-loss_z:8.900393,accu:0.303797,loss_recon:0.40854

9600-loss_z:0.384823,accu:0.904232,loss_recon:0.200724

9600-loss_z:9.045508,accu:0.303797,loss_recon:0.402135

9800-loss_z:0.380015,accu:0.907441,loss_recon:0.196907

9800-loss_z:9.203183,accu:0.316456,loss_recon:0.39537

10000-loss_z:0.375147,accu:0.907585,loss_recon:0.195943

10000-loss_z:9.344366,accu:0.303797,loss_recon:0.396209

10200-loss_z:0.366962,accu:0.911289,loss_recon:0.195069

10200-loss_z:9.511682,accu:0.303797,loss_recon:0.390076

10400-loss_z:0.360952,accu:0.91276,loss_recon:0.194709

10400-loss_z:9.696253,accu:0.291139,loss_recon:0.403844

10600-loss_z:0.355953,accu:0.914069,loss_recon:0.193993

10600-loss_z:9.860841,accu:0.303797,loss_recon:0.39507

10800-loss_z:0.348949,accu:0.918164,loss_recon:0.194785

10800-loss_z:10.003172,accu:0.303797,loss_recon:0.392616

11000-loss_z:0.343558,accu:0.921022,loss_recon:0.192851

11000-loss_z:10.197375,accu:0.316456,loss_recon:0.391641

11200-loss_z:0.335919,accu:0.924915,loss_recon:0.190507

11200-loss_z:10.329637,accu:0.303797,loss_recon:0.408511

11400-loss_z:0.331802,accu:0.924557,loss_recon:0.18819

11400-loss_z:10.548244,accu:0.316456,loss_recon:0.396799

11600-loss_z:0.328333,accu:0.926647,loss_recon:0.190903

11600-loss_z:10.750999,accu:0.303797,loss_recon:0.394717

11800-loss_z:0.320798,accu:0.927259,loss_recon:0.192098

11800-loss_z:10.921218,accu:0.316456,loss_recon:0.406426

12000-loss_z:0.3191,accu:0.928438,loss_recon:0.189969

12000-loss_z:11.07787,accu:0.291139,loss_recon:0.39856

12200-loss_z:0.313423,accu:0.931556,loss_recon:0.189439

12200-loss_z:11.249621,accu:0.303797,loss_recon:0.396802

12400-loss_z:0.306174,accu:0.936862,loss_recon:0.186641

12400-loss_z:11.459327,accu:0.316456,loss_recon:0.396027

12600-loss_z:0.29712,accu:0.937585,loss_recon:0.189717

12600-loss_z:11.675332,accu:0.316456,loss_recon:0.402353

12800-loss_z:0.298243,accu:0.936029,loss_recon:0.188417

12800-loss_z:11.823809,accu:0.291139,loss_recon:0.405153

13000-loss_z:0.294111,accu:0.938906,loss_recon:0.187796

13000-loss_z:12.053973,accu:0.303797,loss_recon:0.397538

13200-loss_z:0.285304,accu:0.94526,loss_recon:0.189429

13200-loss_z:12.267787,accu:0.316456,loss_recon:0.399186

13400-loss_z:0.282669,accu:0.946055,loss_recon:0.186028

13400-loss_z:12.462746,accu:0.316456,loss_recon:0.390583

13600-loss_z:0.280216,accu:0.949193,loss_recon:0.18592

13600-loss_z:12.692935,accu:0.291139,loss_recon:0.390921

13800-loss_z:0.271608,accu:0.949824,loss_recon:0.188229

13800-loss_z:12.919055,accu:0.303797,loss_recon:0.404982

14000-loss_z:0.27439,accu:0.94918,loss_recon:0.186176

14000-loss_z:13.119793,accu:0.303797,loss_recon:0.396874

14200-loss_z:0.267948,accu:0.952116,loss_recon:0.18886

14200-loss_z:13.309269,accu:0.303797,loss_recon:0.395149

14400-loss_z:0.261363,accu:0.957507,loss_recon:0.185853

14400-loss_z:13.515424,accu:0.291139,loss_recon:0.391113

14600-loss_z:0.25851,accu:0.95446,loss_recon:0.186656

14600-loss_z:13.73105,accu:0.291139,loss_recon:0.402232

14800-loss_z:0.253325,accu:0.957142,loss_recon:0.186349

14800-loss_z:13.954099,accu:0.303797,loss_recon:0.407124

15000-loss_z:0.252441,accu:0.955254,loss_recon:0.189038

15000-loss_z:14.142322,accu:0.278481,loss_recon:0.403422

15200-loss_z:0.246181,accu:0.960098,loss_recon:0.184194

15200-loss_z:14.366946,accu:0.278481,loss_recon:0.407913

15400-loss_z:0.241884,accu:0.962298,loss_recon:0.185868

15400-loss_z:14.547568,accu:0.265823,loss_recon:0.412376

15600-loss_z:0.240093,accu:0.961439,loss_recon:0.185987

15600-loss_z:14.784954,accu:0.291139,loss_recon:0.39695

15800-loss_z:0.236616,accu:0.96377,loss_recon:0.186

15800-loss_z:14.976192,accu:0.278481,loss_recon:0.397737

16000-loss_z:0.233131,accu:0.962975,loss_recon:0.18523

16000-loss_z:15.220937,accu:0.265823,loss_recon:0.406538

16200-loss_z:0.229016,accu:0.962676,loss_recon:0.184732

16200-loss_z:15.42033,accu:0.265823,loss_recon:0.396582

16400-loss_z:0.225565,accu:0.963581,loss_recon:0.185695

16400-loss_z:15.580699,accu:0.278481,loss_recon:0.398362

16600-loss_z:0.22112,accu:0.967129,loss_recon:0.182773

16600-loss_z:15.85753,accu:0.265823,loss_recon:0.400256

16800-loss_z:0.216789,accu:0.968776,loss_recon:0.182068

16800-loss_z:15.937984,accu:0.265823,loss_recon:0.415991

17000-loss_z:0.215597,accu:0.96765,loss_recon:0.184413

17000-loss_z:16.23049,accu:0.265823,loss_recon:0.412578

17200-loss_z:0.215711,accu:0.966361,loss_recon:0.183362

17200-loss_z:16.381636,accu:0.278481,loss_recon:0.413684

17400-loss_z:0.209218,accu:0.968385,loss_recon:0.185286

17400-loss_z:16.525803,accu:0.240506,loss_recon:0.402715

17600-loss_z:0.207623,accu:0.970658,loss_recon:0.183928

17600-loss_z:16.694738,accu:0.240506,loss_recon:0.412551

17800-loss_z:0.202127,accu:0.968288,loss_recon:0.183117

17800-loss_z:16.90221,accu:0.253165,loss_recon:0.411777

18000-loss_z:0.200268,accu:0.969922,loss_recon:0.182891

18000-loss_z:17.052839,accu:0.265823,loss_recon:0.399834

18200-loss_z:0.196892,accu:0.972741,loss_recon:0.181904

18200-loss_z:17.288843,accu:0.240506,loss_recon:0.41101

18400-loss_z:0.192539,accu:0.974375,loss_recon:0.182277

18400-loss_z:17.530264,accu:0.240506,loss_recon:0.397615

18600-loss_z:0.19326,accu:0.973939,loss_recon:0.184467

18600-loss_z:17.708736,accu:0.240506,loss_recon:0.408774

18800-loss_z:0.188008,accu:0.974453,loss_recon:0.181644

18800-loss_z:17.913301,accu:0.240506,loss_recon:0.406517

19000-loss_z:0.183676,accu:0.975124,loss_recon:0.181128

19000-loss_z:18.169123,accu:0.240506,loss_recon:0.396008

19200-loss_z:0.181656,accu:0.976465,loss_recon:0.179835

19200-loss_z:18.345682,accu:0.253165,loss_recon:0.406153

19400-loss_z:0.179522,accu:0.97778,loss_recon:0.180528

19400-loss_z:18.589653,accu:0.265823,loss_recon:0.404182

19600-loss_z:0.177943,accu:0.974108,loss_recon:0.181488

19600-loss_z:18.784472,accu:0.265823,loss_recon:0.402398

19800-loss_z:0.172847,accu:0.977038,loss_recon:0.182998

19800-loss_z:18.987579,accu:0.265823,loss_recon:0.395712

20000-loss_z:0.171212,accu:0.97931,loss_recon:0.181934

20000-loss_z:19.259405,accu:0.240506,loss_recon:0.399655

Continue training
New FC model is initialized
200-loss_z:2.636832,accu:0.157565,loss_recon:1.366089

200-loss_z:2.632362,accu:0.050633,loss_recon:0.649108

400-loss_z:2.066403,accu:0.271549,loss_recon:0.633438

400-loss_z:2.491996,accu:0.088608,loss_recon:0.509082

600-loss_z:1.786481,accu:0.346745,loss_recon:0.463007

600-loss_z:2.481205,accu:0.037975,loss_recon:0.431925

800-loss_z:1.607298,accu:0.403984,loss_recon:0.381695

800-loss_z:2.522785,accu:0.101266,loss_recon:0.409132

1000-loss_z:1.470907,accu:0.439199,loss_recon:0.344386

1000-loss_z:2.58231,accu:0.113924,loss_recon:0.39805

1200-loss_z:1.358235,accu:0.483958,loss_recon:0.32468

1200-loss_z:2.66401,accu:0.126582,loss_recon:0.396794

1400-loss_z:1.259412,accu:0.514349,loss_recon:0.31095

1400-loss_z:2.76418,accu:0.151899,loss_recon:0.393025

1600-loss_z:1.179338,accu:0.55554,loss_recon:0.304934

1600-loss_z:2.877776,accu:0.177215,loss_recon:0.392397

1800-loss_z:1.110963,accu:0.592077,loss_recon:0.296204

1800-loss_z:3.017604,accu:0.177215,loss_recon:0.397177

2000-loss_z:1.044599,accu:0.627865,loss_recon:0.288471

2000-loss_z:3.18279,accu:0.164557,loss_recon:0.399681

2200-loss_z:0.99591,accu:0.645156,loss_recon:0.28726

2200-loss_z:3.346938,accu:0.164557,loss_recon:0.395369

2400-loss_z:0.942407,accu:0.664831,loss_recon:0.280818

2400-loss_z:3.51412,accu:0.21519,loss_recon:0.387814

2600-loss_z:0.90275,accu:0.684915,loss_recon:0.276176

2600-loss_z:3.731414,accu:0.189873,loss_recon:0.388508

2800-loss_z:0.861801,accu:0.699368,loss_recon:0.274691

2800-loss_z:3.923879,accu:0.227848,loss_recon:0.377964

3000-loss_z:0.825356,accu:0.723691,loss_recon:0.263929

3000-loss_z:4.108272,accu:0.202532,loss_recon:0.376938

3200-loss_z:0.799287,accu:0.725,loss_recon:0.26138

3200-loss_z:4.316596,accu:0.21519,loss_recon:0.368747

3400-loss_z:0.764277,accu:0.742201,loss_recon:0.255597

3400-loss_z:4.533943,accu:0.21519,loss_recon:0.373983

3600-loss_z:0.736611,accu:0.75194,loss_recon:0.254579

3600-loss_z:4.782191,accu:0.227848,loss_recon:0.374462

3800-loss_z:0.712464,accu:0.766582,loss_recon:0.249399

3800-loss_z:5.003958,accu:0.240506,loss_recon:0.363841

4000-loss_z:0.686628,accu:0.776699,loss_recon:0.249537

4000-loss_z:5.274376,accu:0.240506,loss_recon:0.360897

4200-loss_z:0.666011,accu:0.779655,loss_recon:0.244097

4200-loss_z:5.520335,accu:0.227848,loss_recon:0.363369

4400-loss_z:0.643654,accu:0.791634,loss_recon:0.239095

4400-loss_z:5.781792,accu:0.253165,loss_recon:0.361743

4600-loss_z:0.629584,accu:0.803984,loss_recon:0.233943

4600-loss_z:6.028862,accu:0.240506,loss_recon:0.365884

4800-loss_z:0.614073,accu:0.80903,loss_recon:0.236136

4800-loss_z:6.234258,accu:0.265823,loss_recon:0.3645

5000-loss_z:0.593367,accu:0.817682,loss_recon:0.231625

5000-loss_z:6.507274,accu:0.265823,loss_recon:0.360651

5200-loss_z:0.57759,accu:0.826055,loss_recon:0.233367

5200-loss_z:6.775388,accu:0.253165,loss_recon:0.36619

5400-loss_z:0.562609,accu:0.832116,loss_recon:0.229599

5400-loss_z:7.04568,accu:0.265823,loss_recon:0.364282

5600-loss_z:0.545323,accu:0.842155,loss_recon:0.227406

5600-loss_z:7.327118,accu:0.240506,loss_recon:0.359407

5800-loss_z:0.534008,accu:0.842611,loss_recon:0.225716

5800-loss_z:7.570555,accu:0.253165,loss_recon:0.358688

6000-loss_z:0.522081,accu:0.843255,loss_recon:0.224792

6000-loss_z:7.814369,accu:0.265823,loss_recon:0.359135

6200-loss_z:0.513258,accu:0.845697,loss_recon:0.222659

6200-loss_z:8.082117,accu:0.240506,loss_recon:0.359579

6400-loss_z:0.500474,accu:0.853034,loss_recon:0.223547

6400-loss_z:8.31035,accu:0.240506,loss_recon:0.370025

6600-loss_z:0.488821,accu:0.857695,loss_recon:0.222968

6600-loss_z:8.557985,accu:0.265823,loss_recon:0.356337

6800-loss_z:0.481957,accu:0.853125,loss_recon:0.21988

6800-loss_z:8.816945,accu:0.240506,loss_recon:0.364588

7000-loss_z:0.471438,accu:0.861771,loss_recon:0.218231

7000-loss_z:9.052526,accu:0.253165,loss_recon:0.356497

7200-loss_z:0.458955,accu:0.871107,loss_recon:0.217959

7200-loss_z:9.285831,accu:0.253165,loss_recon:0.362405

7400-loss_z:0.447316,accu:0.877096,loss_recon:0.214012

7400-loss_z:9.568748,accu:0.240506,loss_recon:0.362885

7600-loss_z:0.4416,accu:0.871322,loss_recon:0.216578

7600-loss_z:9.821787,accu:0.240506,loss_recon:0.361942

7800-loss_z:0.436042,accu:0.873516,loss_recon:0.210623

7800-loss_z:10.074502,accu:0.253165,loss_recon:0.356986

8000-loss_z:0.425538,accu:0.877923,loss_recon:0.214848

8000-loss_z:10.327581,accu:0.240506,loss_recon:0.359536

8200-loss_z:0.413729,accu:0.88515,loss_recon:0.214185

8200-loss_z:10.625051,accu:0.21519,loss_recon:0.354546

8400-loss_z:0.410777,accu:0.885931,loss_recon:0.211578

8400-loss_z:10.825841,accu:0.253165,loss_recon:0.360721

8600-loss_z:0.401851,accu:0.889154,loss_recon:0.208099

8600-loss_z:11.117142,accu:0.240506,loss_recon:0.359682

8800-loss_z:0.393611,accu:0.891523,loss_recon:0.208287

8800-loss_z:11.414542,accu:0.240506,loss_recon:0.362674

9000-loss_z:0.388252,accu:0.892708,loss_recon:0.207427

9000-loss_z:11.674805,accu:0.227848,loss_recon:0.363626

9200-loss_z:0.383077,accu:0.890241,loss_recon:0.20603

9200-loss_z:11.937342,accu:0.240506,loss_recon:0.3739

9400-loss_z:0.378036,accu:0.89804,loss_recon:0.206751

9400-loss_z:12.182594,accu:0.240506,loss_recon:0.366192

9600-loss_z:0.36934,accu:0.899414,loss_recon:0.207625

9600-loss_z:12.46897,accu:0.227848,loss_recon:0.361558

9800-loss_z:0.361276,accu:0.90138,loss_recon:0.204291

9800-loss_z:12.688348,accu:0.265823,loss_recon:0.368546

10000-loss_z:0.357925,accu:0.897207,loss_recon:0.201644

10000-loss_z:12.933969,accu:0.253165,loss_recon:0.369772

10200-loss_z:0.351142,accu:0.907318,loss_recon:0.202989

10200-loss_z:13.220932,accu:0.21519,loss_recon:0.367725

10400-loss_z:0.344055,accu:0.911673,loss_recon:0.203803

10400-loss_z:13.410518,accu:0.227848,loss_recon:0.365846

10600-loss_z:0.339787,accu:0.911973,loss_recon:0.202511

10600-loss_z:13.713934,accu:0.227848,loss_recon:0.367211

10800-loss_z:0.332293,accu:0.913275,loss_recon:0.198295

10800-loss_z:13.997935,accu:0.240506,loss_recon:0.363014

11000-loss_z:0.328741,accu:0.914831,loss_recon:0.199294

11000-loss_z:14.237799,accu:0.240506,loss_recon:0.372522

11200-loss_z:0.324853,accu:0.918574,loss_recon:0.200873

11200-loss_z:14.584851,accu:0.202532,loss_recon:0.366971

11400-loss_z:0.317352,accu:0.920208,loss_recon:0.199086

11400-loss_z:14.807665,accu:0.253165,loss_recon:0.377391

11600-loss_z:0.309682,accu:0.923249,loss_recon:0.200153

11600-loss_z:15.150002,accu:0.21519,loss_recon:0.373835

11800-loss_z:0.302775,accu:0.930013,loss_recon:0.199012

11800-loss_z:15.388251,accu:0.202532,loss_recon:0.365939

12000-loss_z:0.299913,accu:0.925742,loss_recon:0.198071

12000-loss_z:15.685639,accu:0.21519,loss_recon:0.36995

12200-loss_z:0.295716,accu:0.930371,loss_recon:0.195958

12200-loss_z:15.974741,accu:0.227848,loss_recon:0.362811

12400-loss_z:0.293335,accu:0.928809,loss_recon:0.198454

12400-loss_z:16.223522,accu:0.189873,loss_recon:0.364501

12600-loss_z:0.287875,accu:0.931536,loss_recon:0.195187

12600-loss_z:16.554434,accu:0.21519,loss_recon:0.373437

12800-loss_z:0.280534,accu:0.931615,loss_recon:0.19571

12800-loss_z:16.871645,accu:0.189873,loss_recon:0.362472

13000-loss_z:0.278106,accu:0.936569,loss_recon:0.195859

13000-loss_z:17.111641,accu:0.227848,loss_recon:0.375136

13200-loss_z:0.271119,accu:0.938145,loss_recon:0.194497

13200-loss_z:17.36685,accu:0.202532,loss_recon:0.371701

13400-loss_z:0.270687,accu:0.935195,loss_recon:0.193677

13400-loss_z:17.608553,accu:0.227848,loss_recon:0.364705

13600-loss_z:0.265199,accu:0.946029,loss_recon:0.193292

13600-loss_z:17.862541,accu:0.202532,loss_recon:0.36856

13800-loss_z:0.262513,accu:0.946126,loss_recon:0.194612

13800-loss_z:18.129959,accu:0.227848,loss_recon:0.371332

14000-loss_z:0.257446,accu:0.945299,loss_recon:0.193218

14000-loss_z:18.457752,accu:0.21519,loss_recon:0.37766

14200-loss_z:0.25244,accu:0.949063,loss_recon:0.192946

14200-loss_z:18.665751,accu:0.202532,loss_recon:0.373364

14400-loss_z:0.250792,accu:0.945195,loss_recon:0.191267

14400-loss_z:18.945049,accu:0.21519,loss_recon:0.367941

14600-loss_z:0.246014,accu:0.949297,loss_recon:0.194035

14600-loss_z:19.209999,accu:0.227848,loss_recon:0.382893

14800-loss_z:0.242676,accu:0.951556,loss_recon:0.192015

14800-loss_z:19.520252,accu:0.227848,loss_recon:0.374307

15000-loss_z:0.236805,accu:0.951888,loss_recon:0.192424

15000-loss_z:19.781786,accu:0.21519,loss_recon:0.356951

15200-loss_z:0.236111,accu:0.947936,loss_recon:0.192434

15200-loss_z:20.06353,accu:0.227848,loss_recon:0.371224

15400-loss_z:0.231949,accu:0.954102,loss_recon:0.190663

15400-loss_z:20.341076,accu:0.21519,loss_recon:0.365421

15600-loss_z:0.228563,accu:0.953346,loss_recon:0.189068

15600-loss_z:20.582008,accu:0.227848,loss_recon:0.367036

15800-loss_z:0.22715,accu:0.955176,loss_recon:0.187679

15800-loss_z:20.85301,accu:0.227848,loss_recon:0.373822

16000-loss_z:0.218643,accu:0.956895,loss_recon:0.189434

16000-loss_z:21.181429,accu:0.21519,loss_recon:0.373727

16200-loss_z:0.219228,accu:0.955768,loss_recon:0.188379

16200-loss_z:21.447042,accu:0.227848,loss_recon:0.361521

16400-loss_z:0.218468,accu:0.953626,loss_recon:0.188023

16400-loss_z:21.700943,accu:0.21519,loss_recon:0.357362

16600-loss_z:0.214326,accu:0.954987,loss_recon:0.187179

16600-loss_z:21.949444,accu:0.21519,loss_recon:0.370627

16800-loss_z:0.209178,accu:0.958301,loss_recon:0.189624

16800-loss_z:22.183125,accu:0.227848,loss_recon:0.369919

17000-loss_z:0.20502,accu:0.956296,loss_recon:0.189413

17000-loss_z:22.443926,accu:0.21519,loss_recon:0.382178

17200-loss_z:0.203737,accu:0.957604,loss_recon:0.189746

17200-loss_z:22.702991,accu:0.21519,loss_recon:0.371219

17400-loss_z:0.202859,accu:0.959622,loss_recon:0.184858

17400-loss_z:23.008207,accu:0.227848,loss_recon:0.371399

17600-loss_z:0.199343,accu:0.960495,loss_recon:0.188193

17600-loss_z:23.254835,accu:0.21519,loss_recon:0.372088

17800-loss_z:0.197457,accu:0.95849,loss_recon:0.184697

17800-loss_z:23.574545,accu:0.202532,loss_recon:0.36475

18000-loss_z:0.19562,accu:0.958079,loss_recon:0.187992

18000-loss_z:23.820463,accu:0.227848,loss_recon:0.359956

18200-loss_z:0.19367,accu:0.962487,loss_recon:0.184113

18200-loss_z:24.070442,accu:0.202532,loss_recon:0.366454

18400-loss_z:0.193411,accu:0.958242,loss_recon:0.186719

18400-loss_z:24.350786,accu:0.21519,loss_recon:0.370734

18600-loss_z:0.18568,accu:0.96112,loss_recon:0.186998

18600-loss_z:24.660671,accu:0.21519,loss_recon:0.369418

18800-loss_z:0.182572,accu:0.965052,loss_recon:0.189748

18800-loss_z:24.904528,accu:0.21519,loss_recon:0.362273

19000-loss_z:0.179879,accu:0.961914,loss_recon:0.187035

19000-loss_z:25.217485,accu:0.21519,loss_recon:0.366376

19200-loss_z:0.179565,accu:0.961458,loss_recon:0.187562

19200-loss_z:25.411516,accu:0.202532,loss_recon:0.362742

19400-loss_z:0.176412,accu:0.965885,loss_recon:0.184222

19400-loss_z:25.696554,accu:0.21519,loss_recon:0.368332

19600-loss_z:0.175336,accu:0.964115,loss_recon:0.182484

19600-loss_z:25.964409,accu:0.202532,loss_recon:0.368597

19800-loss_z:0.172416,accu:0.966712,loss_recon:0.184064

19800-loss_z:26.159946,accu:0.227848,loss_recon:0.370386

20000-loss_z:0.169898,accu:0.968411,loss_recon:0.186032

20000-loss_z:26.394495,accu:0.202532,loss_recon:0.36068

Continue training
New FC model is initialized
200-loss_z:2.669745,accu:0.148612,loss_recon:1.209056

200-loss_z:2.73556,accu:0.075949,loss_recon:0.727301

400-loss_z:2.021365,accu:0.296784,loss_recon:0.507505

400-loss_z:2.560466,accu:0.088608,loss_recon:0.526227

600-loss_z:1.699746,accu:0.424798,loss_recon:0.409912

600-loss_z:2.548419,accu:0.113924,loss_recon:0.454519

800-loss_z:1.510583,accu:0.475827,loss_recon:0.379804

800-loss_z:2.608491,accu:0.101266,loss_recon:0.429835

1000-loss_z:1.383648,accu:0.504753,loss_recon:0.359466

1000-loss_z:2.662817,accu:0.164557,loss_recon:0.406913

1200-loss_z:1.280076,accu:0.53474,loss_recon:0.342692

1200-loss_z:2.731874,accu:0.177215,loss_recon:0.399327

1400-loss_z:1.204921,accu:0.555658,loss_recon:0.332544

1400-loss_z:2.815246,accu:0.177215,loss_recon:0.385705

1600-loss_z:1.145576,accu:0.571042,loss_recon:0.323781

1600-loss_z:2.882734,accu:0.189873,loss_recon:0.376059

1800-loss_z:1.082744,accu:0.590612,loss_recon:0.314656

1800-loss_z:2.938383,accu:0.202532,loss_recon:0.37078

2000-loss_z:1.03613,accu:0.605189,loss_recon:0.312414

2000-loss_z:3.026553,accu:0.202532,loss_recon:0.368683

2200-loss_z:0.99538,accu:0.61319,loss_recon:0.306833

2200-loss_z:3.115047,accu:0.202532,loss_recon:0.367933

2400-loss_z:0.953753,accu:0.637441,loss_recon:0.304604

2400-loss_z:3.213769,accu:0.202532,loss_recon:0.363288

2600-loss_z:0.921232,accu:0.653294,loss_recon:0.29697

2600-loss_z:3.294843,accu:0.202532,loss_recon:0.363371

2800-loss_z:0.885999,accu:0.681432,loss_recon:0.292647

2800-loss_z:3.386085,accu:0.240506,loss_recon:0.36106

3000-loss_z:0.855849,accu:0.691283,loss_recon:0.294729

3000-loss_z:3.485206,accu:0.253165,loss_recon:0.358114

3200-loss_z:0.828445,accu:0.705189,loss_recon:0.290758

3200-loss_z:3.617985,accu:0.291139,loss_recon:0.362238

3400-loss_z:0.802538,accu:0.703444,loss_recon:0.287196

3400-loss_z:3.720347,accu:0.202532,loss_recon:0.353747

3600-loss_z:0.78534,accu:0.717324,loss_recon:0.282731

3600-loss_z:3.82912,accu:0.240506,loss_recon:0.35264

3800-loss_z:0.761875,accu:0.725176,loss_recon:0.282855

3800-loss_z:3.938906,accu:0.265823,loss_recon:0.353993

4000-loss_z:0.742221,accu:0.738665,loss_recon:0.278757

4000-loss_z:4.079651,accu:0.240506,loss_recon:0.350933

4200-loss_z:0.724302,accu:0.737917,loss_recon:0.274951

4200-loss_z:4.185987,accu:0.240506,loss_recon:0.34941

4400-loss_z:0.708907,accu:0.751491,loss_recon:0.273886

4400-loss_z:4.334531,accu:0.21519,loss_recon:0.346419

4600-loss_z:0.693732,accu:0.737246,loss_recon:0.268783

4600-loss_z:4.430027,accu:0.21519,loss_recon:0.353232

4800-loss_z:0.675113,accu:0.760033,loss_recon:0.267225

4800-loss_z:4.571063,accu:0.278481,loss_recon:0.345535

5000-loss_z:0.660248,accu:0.761257,loss_recon:0.263265

5000-loss_z:4.721264,accu:0.21519,loss_recon:0.344629

5200-loss_z:0.639508,accu:0.772363,loss_recon:0.260964

5200-loss_z:4.832552,accu:0.265823,loss_recon:0.340571

5400-loss_z:0.635133,accu:0.767383,loss_recon:0.256588

5400-loss_z:4.952111,accu:0.291139,loss_recon:0.343399

5600-loss_z:0.623091,accu:0.774238,loss_recon:0.255491

5600-loss_z:5.106489,accu:0.21519,loss_recon:0.342119

5800-loss_z:0.603662,accu:0.780111,loss_recon:0.257566

5800-loss_z:5.231653,accu:0.240506,loss_recon:0.348392

6000-loss_z:0.593058,accu:0.788789,loss_recon:0.251782

6000-loss_z:5.400754,accu:0.253165,loss_recon:0.340602

6200-loss_z:0.583498,accu:0.788073,loss_recon:0.244826

6200-loss_z:5.485557,accu:0.240506,loss_recon:0.339589

6400-loss_z:0.573224,accu:0.791113,loss_recon:0.248376

6400-loss_z:5.631359,accu:0.227848,loss_recon:0.339544

6600-loss_z:0.565235,accu:0.802533,loss_recon:0.244947

6600-loss_z:5.769122,accu:0.253165,loss_recon:0.33896

6800-loss_z:0.558306,accu:0.797428,loss_recon:0.243487

6800-loss_z:5.972493,accu:0.253165,loss_recon:0.341805

7000-loss_z:0.543084,accu:0.807259,loss_recon:0.241777

7000-loss_z:6.104023,accu:0.278481,loss_recon:0.336464

7200-loss_z:0.538038,accu:0.806536,loss_recon:0.236794

7200-loss_z:6.25318,accu:0.227848,loss_recon:0.337233

7400-loss_z:0.528579,accu:0.812819,loss_recon:0.239189

7400-loss_z:6.429014,accu:0.253165,loss_recon:0.340653

7600-loss_z:0.51436,accu:0.819642,loss_recon:0.235878

7600-loss_z:6.571846,accu:0.240506,loss_recon:0.33842

7800-loss_z:0.504189,accu:0.824876,loss_recon:0.234447

7800-loss_z:6.740641,accu:0.240506,loss_recon:0.345343

8000-loss_z:0.491721,accu:0.837161,loss_recon:0.230801

8000-loss_z:6.921555,accu:0.253165,loss_recon:0.343049

8200-loss_z:0.48402,accu:0.844824,loss_recon:0.231069

8200-loss_z:7.077147,accu:0.278481,loss_recon:0.351306

8400-loss_z:0.475166,accu:0.851803,loss_recon:0.228087

8400-loss_z:7.26383,accu:0.253165,loss_recon:0.349039

8600-loss_z:0.461304,accu:0.858438,loss_recon:0.229268

8600-loss_z:7.428576,accu:0.291139,loss_recon:0.352204

8800-loss_z:0.455623,accu:0.857832,loss_recon:0.228833

8800-loss_z:7.582762,accu:0.265823,loss_recon:0.354701

9000-loss_z:0.449294,accu:0.860729,loss_recon:0.225981

9000-loss_z:7.766454,accu:0.227848,loss_recon:0.357547

9200-loss_z:0.439005,accu:0.864772,loss_recon:0.22505

9200-loss_z:7.965897,accu:0.278481,loss_recon:0.351096

9400-loss_z:0.428754,accu:0.868424,loss_recon:0.225558

9400-loss_z:8.125003,accu:0.265823,loss_recon:0.36161

9600-loss_z:0.422933,accu:0.880918,loss_recon:0.22089

9600-loss_z:8.319797,accu:0.253165,loss_recon:0.354528

9800-loss_z:0.4107,accu:0.883939,loss_recon:0.221693

9800-loss_z:8.544627,accu:0.253165,loss_recon:0.359232

10000-loss_z:0.401225,accu:0.893359,loss_recon:0.219438

10000-loss_z:8.718746,accu:0.278481,loss_recon:0.364964

10200-loss_z:0.394142,accu:0.904316,loss_recon:0.218739

10200-loss_z:8.910429,accu:0.240506,loss_recon:0.363446

10400-loss_z:0.386148,accu:0.906908,loss_recon:0.220936

10400-loss_z:9.092896,accu:0.253165,loss_recon:0.360476

10600-loss_z:0.382521,accu:0.912122,loss_recon:0.216865

10600-loss_z:9.274191,accu:0.21519,loss_recon:0.35881

10800-loss_z:0.374025,accu:0.916914,loss_recon:0.217885

10800-loss_z:9.41947,accu:0.265823,loss_recon:0.363146

11000-loss_z:0.366103,accu:0.91694,loss_recon:0.215473

11000-loss_z:9.568254,accu:0.227848,loss_recon:0.365222

11200-loss_z:0.355359,accu:0.922539,loss_recon:0.216977

11200-loss_z:9.786265,accu:0.253165,loss_recon:0.371068

11400-loss_z:0.347191,accu:0.923255,loss_recon:0.215419

11400-loss_z:9.969565,accu:0.265823,loss_recon:0.369757

11600-loss_z:0.34074,accu:0.925853,loss_recon:0.214356

11600-loss_z:10.171533,accu:0.240506,loss_recon:0.369434

11800-loss_z:0.335759,accu:0.927454,loss_recon:0.212543

11800-loss_z:10.348825,accu:0.227848,loss_recon:0.380017

12000-loss_z:0.332222,accu:0.928444,loss_recon:0.210497

12000-loss_z:10.567166,accu:0.227848,loss_recon:0.373876

12200-loss_z:0.324387,accu:0.933685,loss_recon:0.21297

12200-loss_z:10.675201,accu:0.227848,loss_recon:0.378973

12400-loss_z:0.317336,accu:0.936549,loss_recon:0.211647

12400-loss_z:10.902255,accu:0.240506,loss_recon:0.371311

12600-loss_z:0.313141,accu:0.932194,loss_recon:0.209288

12600-loss_z:11.043394,accu:0.240506,loss_recon:0.375643

12800-loss_z:0.309427,accu:0.940768,loss_recon:0.209356

12800-loss_z:11.253838,accu:0.227848,loss_recon:0.375541

13000-loss_z:0.303061,accu:0.940788,loss_recon:0.208776

13000-loss_z:11.442076,accu:0.227848,loss_recon:0.383632

13200-loss_z:0.296572,accu:0.941413,loss_recon:0.21035

13200-loss_z:11.599679,accu:0.227848,loss_recon:0.377215

13400-loss_z:0.291459,accu:0.94985,loss_recon:0.209465

13400-loss_z:11.725348,accu:0.240506,loss_recon:0.379895

13600-loss_z:0.284366,accu:0.949056,loss_recon:0.209478

13600-loss_z:11.900783,accu:0.240506,loss_recon:0.380546

13800-loss_z:0.28149,accu:0.953828,loss_recon:0.208191

13800-loss_z:12.090611,accu:0.240506,loss_recon:0.375554

14000-loss_z:0.275372,accu:0.956048,loss_recon:0.205464

14000-loss_z:12.237416,accu:0.227848,loss_recon:0.380452

14200-loss_z:0.271455,accu:0.954987,loss_recon:0.206417

14200-loss_z:12.404131,accu:0.227848,loss_recon:0.383829

14400-loss_z:0.264324,accu:0.955853,loss_recon:0.208838

14400-loss_z:12.572752,accu:0.240506,loss_recon:0.386276

14600-loss_z:0.2612,accu:0.960208,loss_recon:0.20882

14600-loss_z:12.769711,accu:0.21519,loss_recon:0.37871

14800-loss_z:0.253149,accu:0.960137,loss_recon:0.20762

14800-loss_z:12.906779,accu:0.227848,loss_recon:0.380087

15000-loss_z:0.24946,accu:0.959388,loss_recon:0.208913

15000-loss_z:13.068653,accu:0.227848,loss_recon:0.385606

15200-loss_z:0.248039,accu:0.960378,loss_recon:0.204154

15200-loss_z:13.214618,accu:0.240506,loss_recon:0.382455

15400-loss_z:0.24338,accu:0.960645,loss_recon:0.207187

15400-loss_z:13.368979,accu:0.240506,loss_recon:0.391691

15600-loss_z:0.238136,accu:0.963796,loss_recon:0.204906

15600-loss_z:13.58449,accu:0.240506,loss_recon:0.384707

15800-loss_z:0.233688,accu:0.963939,loss_recon:0.204912

15800-loss_z:13.692625,accu:0.240506,loss_recon:0.385217

16000-loss_z:0.230996,accu:0.96444,loss_recon:0.20585

16000-loss_z:13.854467,accu:0.253165,loss_recon:0.38551

16200-loss_z:0.225558,accu:0.967188,loss_recon:0.206428

16200-loss_z:14.036862,accu:0.227848,loss_recon:0.385492

16400-loss_z:0.223348,accu:0.967799,loss_recon:0.205214

16400-loss_z:14.192953,accu:0.227848,loss_recon:0.391026

16600-loss_z:0.218396,accu:0.969089,loss_recon:0.204421

16600-loss_z:14.38473,accu:0.227848,loss_recon:0.393141

16800-loss_z:0.217267,accu:0.967396,loss_recon:0.203416

16800-loss_z:14.481385,accu:0.240506,loss_recon:0.387324

17000-loss_z:0.212178,accu:0.971029,loss_recon:0.205418

17000-loss_z:14.696568,accu:0.253165,loss_recon:0.394807

17200-loss_z:0.208866,accu:0.972129,loss_recon:0.205145

17200-loss_z:14.845876,accu:0.202532,loss_recon:0.394513

17400-loss_z:0.203948,accu:0.972259,loss_recon:0.204367

17400-loss_z:15.011728,accu:0.240506,loss_recon:0.395836

17600-loss_z:0.199791,accu:0.971706,loss_recon:0.204408

17600-loss_z:15.152351,accu:0.227848,loss_recon:0.39121

17800-loss_z:0.197067,accu:0.972415,loss_recon:0.202866

17800-loss_z:15.30839,accu:0.253165,loss_recon:0.393936

18000-loss_z:0.189752,accu:0.973014,loss_recon:0.206106

18000-loss_z:15.463344,accu:0.253165,loss_recon:0.399687

18200-loss_z:0.188397,accu:0.974147,loss_recon:0.202298

18200-loss_z:15.641988,accu:0.265823,loss_recon:0.397988

18400-loss_z:0.183128,accu:0.974551,loss_recon:0.202234

18400-loss_z:15.796674,accu:0.253165,loss_recon:0.3928

18600-loss_z:0.183668,accu:0.972826,loss_recon:0.203169

18600-loss_z:15.917295,accu:0.253165,loss_recon:0.388377

18800-loss_z:0.180121,accu:0.975313,loss_recon:0.201014

18800-loss_z:16.124346,accu:0.240506,loss_recon:0.390157

19000-loss_z:0.175982,accu:0.975117,loss_recon:0.200965

19000-loss_z:16.258392,accu:0.240506,loss_recon:0.395109

19200-loss_z:0.171478,accu:0.976654,loss_recon:0.200375

19200-loss_z:16.424217,accu:0.265823,loss_recon:0.393689

19400-loss_z:0.170708,accu:0.976888,loss_recon:0.200989

19400-loss_z:16.561951,accu:0.253165,loss_recon:0.395138

19600-loss_z:0.166644,accu:0.976217,loss_recon:0.20055

19600-loss_z:16.740313,accu:0.240506,loss_recon:0.398231

19800-loss_z:0.162871,accu:0.979538,loss_recon:0.198474

19800-loss_z:16.900686,accu:0.253165,loss_recon:0.398518

20000-loss_z:0.161758,accu:0.980951,loss_recon:0.20096

20000-loss_z:17.074453,accu:0.240506,loss_recon:0.398664

Continue training
New FC model is initialized
200-loss_z:2.57733,accu:0.187675,loss_recon:1.327738

200-loss_z:2.711073,accu:0.101266,loss_recon:0.703765

400-loss_z:2.027607,accu:0.283105,loss_recon:0.51608

400-loss_z:2.626546,accu:0.088608,loss_recon:0.440641

600-loss_z:1.740141,accu:0.384779,loss_recon:0.417116

600-loss_z:2.611036,accu:0.101266,loss_recon:0.424451

800-loss_z:1.557001,accu:0.439486,loss_recon:0.386215

800-loss_z:2.672373,accu:0.151899,loss_recon:0.415047

1000-loss_z:1.414813,accu:0.491484,loss_recon:0.366459

1000-loss_z:2.761792,accu:0.164557,loss_recon:0.407455

1200-loss_z:1.306134,accu:0.522415,loss_recon:0.353189

1200-loss_z:2.890549,accu:0.177215,loss_recon:0.396753

1400-loss_z:1.226311,accu:0.557103,loss_recon:0.335968

1400-loss_z:2.988272,accu:0.189873,loss_recon:0.3892

1600-loss_z:1.147193,accu:0.587884,loss_recon:0.327908

1600-loss_z:3.135388,accu:0.164557,loss_recon:0.38023

1800-loss_z:1.086156,accu:0.619447,loss_recon:0.315499

1800-loss_z:3.23224,accu:0.202532,loss_recon:0.377714

2000-loss_z:1.030552,accu:0.634421,loss_recon:0.30119

2000-loss_z:3.37732,accu:0.189873,loss_recon:0.368589

2200-loss_z:0.987891,accu:0.64388,loss_recon:0.288647

2200-loss_z:3.499339,accu:0.189873,loss_recon:0.371328

2400-loss_z:0.937072,accu:0.676243,loss_recon:0.273333

2400-loss_z:3.648441,accu:0.177215,loss_recon:0.369105

2600-loss_z:0.906191,accu:0.694564,loss_recon:0.266455

2600-loss_z:3.803411,accu:0.177215,loss_recon:0.371755

2800-loss_z:0.871453,accu:0.698757,loss_recon:0.260266

2800-loss_z:3.907789,accu:0.202532,loss_recon:0.377637

3000-loss_z:0.840014,accu:0.721504,loss_recon:0.255146

3000-loss_z:4.070877,accu:0.240506,loss_recon:0.377112

3200-loss_z:0.811115,accu:0.739245,loss_recon:0.251376

3200-loss_z:4.245666,accu:0.202532,loss_recon:0.386552

3400-loss_z:0.782638,accu:0.753229,loss_recon:0.251293

3400-loss_z:4.414177,accu:0.202532,loss_recon:0.381245

3600-loss_z:0.759743,accu:0.746777,loss_recon:0.244745

3600-loss_z:4.570479,accu:0.21519,loss_recon:0.393534

3800-loss_z:0.73822,accu:0.759154,loss_recon:0.23696

3800-loss_z:4.775773,accu:0.21519,loss_recon:0.386889

4000-loss_z:0.715381,accu:0.776296,loss_recon:0.229633

4000-loss_z:4.946126,accu:0.227848,loss_recon:0.390405

4200-loss_z:0.694606,accu:0.789733,loss_recon:0.222812

4200-loss_z:5.109016,accu:0.253165,loss_recon:0.390028

4400-loss_z:0.672704,accu:0.789707,loss_recon:0.218231

4400-loss_z:5.326409,accu:0.227848,loss_recon:0.387185

4600-loss_z:0.657125,accu:0.806738,loss_recon:0.215624

4600-loss_z:5.570596,accu:0.227848,loss_recon:0.387639

4800-loss_z:0.635263,accu:0.820169,loss_recon:0.212762

4800-loss_z:5.774256,accu:0.253165,loss_recon:0.389602

5000-loss_z:0.614429,accu:0.829479,loss_recon:0.211746

5000-loss_z:6.012097,accu:0.265823,loss_recon:0.38638

5200-loss_z:0.60374,accu:0.826081,loss_recon:0.208862

5200-loss_z:6.293982,accu:0.265823,loss_recon:0.394155

5400-loss_z:0.58565,accu:0.842155,loss_recon:0.203892

5400-loss_z:6.517441,accu:0.227848,loss_recon:0.394044

5600-loss_z:0.571247,accu:0.840417,loss_recon:0.203429

5600-loss_z:6.742723,accu:0.253165,loss_recon:0.392081

5800-loss_z:0.557695,accu:0.847982,loss_recon:0.199709

5800-loss_z:7.011107,accu:0.253165,loss_recon:0.385558

6000-loss_z:0.543181,accu:0.856042,loss_recon:0.200994

6000-loss_z:7.28089,accu:0.253165,loss_recon:0.388475

6200-loss_z:0.526713,accu:0.855059,loss_recon:0.197154

6200-loss_z:7.52819,accu:0.240506,loss_recon:0.386485

6400-loss_z:0.518297,accu:0.856563,loss_recon:0.197436

6400-loss_z:7.827208,accu:0.265823,loss_recon:0.388765

6600-loss_z:0.505999,accu:0.863138,loss_recon:0.195805

6600-loss_z:8.079624,accu:0.253165,loss_recon:0.387246

6800-loss_z:0.492903,accu:0.871009,loss_recon:0.197056

6800-loss_z:8.338051,accu:0.265823,loss_recon:0.395669

7000-loss_z:0.487413,accu:0.865254,loss_recon:0.191681

7000-loss_z:8.628257,accu:0.265823,loss_recon:0.382639

7200-loss_z:0.477162,accu:0.866589,loss_recon:0.193338

7200-loss_z:8.898789,accu:0.265823,loss_recon:0.384862

7400-loss_z:0.467982,accu:0.869329,loss_recon:0.192414

7400-loss_z:9.148578,accu:0.21519,loss_recon:0.39157

7600-loss_z:0.453205,accu:0.877852,loss_recon:0.191096

7600-loss_z:9.388144,accu:0.265823,loss_recon:0.390743

7800-loss_z:0.444506,accu:0.880807,loss_recon:0.189984

7800-loss_z:9.655969,accu:0.240506,loss_recon:0.389744

8000-loss_z:0.437149,accu:0.880677,loss_recon:0.189627

8000-loss_z:9.897602,accu:0.240506,loss_recon:0.388374

8200-loss_z:0.429985,accu:0.884154,loss_recon:0.188682

8200-loss_z:10.12373,accu:0.240506,loss_recon:0.392269

8400-loss_z:0.414111,accu:0.885423,loss_recon:0.186678

8400-loss_z:10.387579,accu:0.253165,loss_recon:0.387552

8600-loss_z:0.403394,accu:0.89222,loss_recon:0.187756

8600-loss_z:10.588789,accu:0.265823,loss_recon:0.40168

8800-loss_z:0.397525,accu:0.900013,loss_recon:0.187223

8800-loss_z:10.814088,accu:0.240506,loss_recon:0.396249

9000-loss_z:0.391973,accu:0.903216,loss_recon:0.18572

9000-loss_z:11.030252,accu:0.240506,loss_recon:0.396149

9200-loss_z:0.380154,accu:0.903783,loss_recon:0.184526

9200-loss_z:11.23095,accu:0.227848,loss_recon:0.398079

9400-loss_z:0.367261,accu:0.913939,loss_recon:0.186523

9400-loss_z:11.418471,accu:0.227848,loss_recon:0.396159

9600-loss_z:0.361825,accu:0.917331,loss_recon:0.184898

9600-loss_z:11.668686,accu:0.240506,loss_recon:0.396212

9800-loss_z:0.358449,accu:0.918353,loss_recon:0.185189

9800-loss_z:11.8204,accu:0.240506,loss_recon:0.394982

10000-loss_z:0.349297,accu:0.919701,loss_recon:0.184461

10000-loss_z:12.045202,accu:0.265823,loss_recon:0.400019

10200-loss_z:0.340241,accu:0.928991,loss_recon:0.18432

10200-loss_z:12.22056,accu:0.240506,loss_recon:0.398756

10400-loss_z:0.336157,accu:0.921979,loss_recon:0.18524

10400-loss_z:12.396489,accu:0.227848,loss_recon:0.404534

10600-loss_z:0.330452,accu:0.928867,loss_recon:0.180115

10600-loss_z:12.58081,accu:0.240506,loss_recon:0.40566

10800-loss_z:0.325748,accu:0.929017,loss_recon:0.181479

10800-loss_z:12.755588,accu:0.253165,loss_recon:0.410305

11000-loss_z:0.319615,accu:0.928691,loss_recon:0.178728

11000-loss_z:12.950231,accu:0.240506,loss_recon:0.412229

11200-loss_z:0.312215,accu:0.931146,loss_recon:0.17709

11200-loss_z:13.189092,accu:0.240506,loss_recon:0.408978

11400-loss_z:0.307115,accu:0.934805,loss_recon:0.178728

11400-loss_z:13.376312,accu:0.227848,loss_recon:0.40407

11600-loss_z:0.296387,accu:0.937233,loss_recon:0.178482

11600-loss_z:13.5766,accu:0.189873,loss_recon:0.402493

11800-loss_z:0.294192,accu:0.935599,loss_recon:0.176012

11800-loss_z:13.760991,accu:0.253165,loss_recon:0.414586

12000-loss_z:0.288093,accu:0.936393,loss_recon:0.177226

12000-loss_z:13.978344,accu:0.21519,loss_recon:0.412656

12200-loss_z:0.283997,accu:0.940423,loss_recon:0.177258

12200-loss_z:14.121534,accu:0.240506,loss_recon:0.414666

12400-loss_z:0.273348,accu:0.944193,loss_recon:0.177217

12400-loss_z:14.269655,accu:0.189873,loss_recon:0.417107

12600-loss_z:0.270796,accu:0.945365,loss_recon:0.177574

12600-loss_z:14.47084,accu:0.21519,loss_recon:0.412214

12800-loss_z:0.266494,accu:0.946712,loss_recon:0.176105

12800-loss_z:14.699948,accu:0.21519,loss_recon:0.418329

13000-loss_z:0.262648,accu:0.947487,loss_recon:0.174324

13000-loss_z:14.83578,accu:0.202532,loss_recon:0.413818

13200-loss_z:0.258675,accu:0.945892,loss_recon:0.174557

13200-loss_z:15.000865,accu:0.21519,loss_recon:0.424923

13400-loss_z:0.251662,accu:0.947552,loss_recon:0.173112

13400-loss_z:15.138478,accu:0.21519,loss_recon:0.418583

13600-loss_z:0.245321,accu:0.951484,loss_recon:0.174899

13600-loss_z:15.347091,accu:0.240506,loss_recon:0.427173

13800-loss_z:0.240797,accu:0.95332,loss_recon:0.173399

13800-loss_z:15.546125,accu:0.21519,loss_recon:0.428126

14000-loss_z:0.23932,accu:0.952357,loss_recon:0.172017

14000-loss_z:15.800193,accu:0.21519,loss_recon:0.415855

14200-loss_z:0.230537,accu:0.954746,loss_recon:0.174127

14200-loss_z:15.994081,accu:0.202532,loss_recon:0.415827

14400-loss_z:0.228477,accu:0.953392,loss_recon:0.174221

14400-loss_z:16.228407,accu:0.21519,loss_recon:0.42292

14600-loss_z:0.22432,accu:0.956257,loss_recon:0.173073

14600-loss_z:16.423563,accu:0.227848,loss_recon:0.423946

14800-loss_z:0.219155,accu:0.955729,loss_recon:0.172831

14800-loss_z:16.613817,accu:0.202532,loss_recon:0.415903

15000-loss_z:0.21526,accu:0.95916,loss_recon:0.172814

15000-loss_z:16.789907,accu:0.189873,loss_recon:0.418363

15200-loss_z:0.212525,accu:0.959219,loss_recon:0.17131

15200-loss_z:16.960091,accu:0.202532,loss_recon:0.437084

15400-loss_z:0.209971,accu:0.962389,loss_recon:0.171695

15400-loss_z:17.183002,accu:0.21519,loss_recon:0.431941

15600-loss_z:0.205094,accu:0.961003,loss_recon:0.172757

15600-loss_z:17.29731,accu:0.21519,loss_recon:0.426822

15800-loss_z:0.199522,accu:0.963092,loss_recon:0.172125

15800-loss_z:17.507454,accu:0.202532,loss_recon:0.433042

16000-loss_z:0.193219,accu:0.966016,loss_recon:0.172093

16000-loss_z:17.696264,accu:0.21519,loss_recon:0.437358

16200-loss_z:0.192215,accu:0.963379,loss_recon:0.173994

16200-loss_z:17.851078,accu:0.21519,loss_recon:0.440053

16400-loss_z:0.188489,accu:0.970065,loss_recon:0.170534

16400-loss_z:18.068981,accu:0.227848,loss_recon:0.428774

16600-loss_z:0.185244,accu:0.968737,loss_recon:0.172429

16600-loss_z:18.20553,accu:0.202532,loss_recon:0.430556

16800-loss_z:0.182968,accu:0.96888,loss_recon:0.171577

16800-loss_z:18.513832,accu:0.227848,loss_recon:0.429366

17000-loss_z:0.178538,accu:0.970299,loss_recon:0.170727

17000-loss_z:18.670206,accu:0.21519,loss_recon:0.434904

17200-loss_z:0.177684,accu:0.969232,loss_recon:0.170289

17200-loss_z:18.866697,accu:0.21519,loss_recon:0.426128

17400-loss_z:0.173743,accu:0.970632,loss_recon:0.169962

17400-loss_z:19.012913,accu:0.202532,loss_recon:0.426442

17600-loss_z:0.169116,accu:0.973223,loss_recon:0.171598

17600-loss_z:19.207544,accu:0.227848,loss_recon:0.425431

17800-loss_z:0.168602,accu:0.973053,loss_recon:0.169951

17800-loss_z:19.377224,accu:0.227848,loss_recon:0.437834

18000-loss_z:0.165666,accu:0.975104,loss_recon:0.17009

18000-loss_z:19.57638,accu:0.227848,loss_recon:0.439534

18200-loss_z:0.161617,accu:0.974499,loss_recon:0.170263

18200-loss_z:19.767786,accu:0.227848,loss_recon:0.436259

18400-loss_z:0.160394,accu:0.974232,loss_recon:0.170031

18400-loss_z:19.934376,accu:0.227848,loss_recon:0.433297

18600-loss_z:0.155608,accu:0.972891,loss_recon:0.169518

18600-loss_z:20.092804,accu:0.21519,loss_recon:0.431775

18800-loss_z:0.153054,accu:0.976276,loss_recon:0.169651

18800-loss_z:20.281507,accu:0.227848,loss_recon:0.435204

19000-loss_z:0.151197,accu:0.974557,loss_recon:0.169734

19000-loss_z:20.482714,accu:0.253165,loss_recon:0.434733

19200-loss_z:0.148206,accu:0.977103,loss_recon:0.169627

19200-loss_z:20.589876,accu:0.227848,loss_recon:0.438077

19400-loss_z:0.148269,accu:0.974622,loss_recon:0.171213

19400-loss_z:20.825748,accu:0.21519,loss_recon:0.456486

19600-loss_z:0.142418,accu:0.979844,loss_recon:0.171576

19600-loss_z:21.005768,accu:0.202532,loss_recon:0.439851

19800-loss_z:0.140797,accu:0.980931,loss_recon:0.167047

19800-loss_z:21.190056,accu:0.202532,loss_recon:0.429881

20000-loss_z:0.138949,accu:0.9786,loss_recon:0.169752

20000-loss_z:21.382236,accu:0.21519,loss_recon:0.436715

Continue training
New FC model is initialized
200-loss_z:2.66082,accu:0.161672,loss_recon:1.057874

200-loss_z:2.74324,accu:0.075949,loss_recon:0.672026

400-loss_z:2.141139,accu:0.272526,loss_recon:0.487677

400-loss_z:2.658308,accu:0.050633,loss_recon:0.497229

600-loss_z:1.849014,accu:0.347428,loss_recon:0.392216

600-loss_z:2.710938,accu:0.037975,loss_recon:0.450404

800-loss_z:1.664216,accu:0.429805,loss_recon:0.365735

800-loss_z:2.800377,accu:0.088608,loss_recon:0.432899

1000-loss_z:1.528253,accu:0.472305,loss_recon:0.348538

1000-loss_z:2.897431,accu:0.075949,loss_recon:0.433607

1200-loss_z:1.418359,accu:0.518997,loss_recon:0.341881

1200-loss_z:3.027749,accu:0.113924,loss_recon:0.428207

1400-loss_z:1.321473,accu:0.540905,loss_recon:0.333461

1400-loss_z:3.207684,accu:0.139241,loss_recon:0.422509

1600-loss_z:1.248455,accu:0.538314,loss_recon:0.329426

1600-loss_z:3.351447,accu:0.151899,loss_recon:0.425627

1800-loss_z:1.186471,accu:0.562773,loss_recon:0.318233

1800-loss_z:3.507382,accu:0.139241,loss_recon:0.419006

2000-loss_z:1.124286,accu:0.577975,loss_recon:0.314537

2000-loss_z:3.691098,accu:0.151899,loss_recon:0.418119

2200-loss_z:1.067162,accu:0.605039,loss_recon:0.303114

2200-loss_z:3.869958,accu:0.164557,loss_recon:0.408178

2400-loss_z:1.024627,accu:0.622188,loss_recon:0.296597

2400-loss_z:4.037713,accu:0.164557,loss_recon:0.401833

2600-loss_z:0.984557,accu:0.642122,loss_recon:0.286057

2600-loss_z:4.198226,accu:0.151899,loss_recon:0.39912

2800-loss_z:0.945677,accu:0.670365,loss_recon:0.277474

2800-loss_z:4.371422,accu:0.126582,loss_recon:0.397677

3000-loss_z:0.913983,accu:0.689544,loss_recon:0.273408

3000-loss_z:4.5195,accu:0.151899,loss_recon:0.397297

3200-loss_z:0.87975,accu:0.706354,loss_recon:0.270455

3200-loss_z:4.619124,accu:0.151899,loss_recon:0.397106

3400-loss_z:0.851176,accu:0.722461,loss_recon:0.265701

3400-loss_z:4.732157,accu:0.164557,loss_recon:0.398964

3600-loss_z:0.832483,accu:0.721595,loss_recon:0.258196

3600-loss_z:4.829794,accu:0.139241,loss_recon:0.405684

3800-loss_z:0.795913,accu:0.747598,loss_recon:0.256315

3800-loss_z:4.960886,accu:0.151899,loss_recon:0.408774

4000-loss_z:0.773796,accu:0.757038,loss_recon:0.251325

4000-loss_z:5.086622,accu:0.177215,loss_recon:0.408866

4200-loss_z:0.752733,accu:0.764499,loss_recon:0.247813

4200-loss_z:5.242365,accu:0.164557,loss_recon:0.411666

4400-loss_z:0.732623,accu:0.764336,loss_recon:0.24289

4400-loss_z:5.402361,accu:0.202532,loss_recon:0.407212

4600-loss_z:0.717785,accu:0.771165,loss_recon:0.238852

4600-loss_z:5.535064,accu:0.189873,loss_recon:0.400074

4800-loss_z:0.69533,accu:0.783932,loss_recon:0.238912

4800-loss_z:5.669188,accu:0.21519,loss_recon:0.400682

5000-loss_z:0.676964,accu:0.782604,loss_recon:0.235901

5000-loss_z:5.84185,accu:0.202532,loss_recon:0.406721

5200-loss_z:0.661647,accu:0.791719,loss_recon:0.23317

5200-loss_z:5.966926,accu:0.21519,loss_recon:0.407142

5400-loss_z:0.645267,accu:0.798919,loss_recon:0.232122

5400-loss_z:6.158451,accu:0.21519,loss_recon:0.409192

5600-loss_z:0.636122,accu:0.809121,loss_recon:0.22977

5600-loss_z:6.309958,accu:0.189873,loss_recon:0.410618

5800-loss_z:0.616472,accu:0.816302,loss_recon:0.225992

5800-loss_z:6.499736,accu:0.227848,loss_recon:0.406485

6000-loss_z:0.608298,accu:0.817044,loss_recon:0.226272

6000-loss_z:6.683371,accu:0.21519,loss_recon:0.407834

6200-loss_z:0.590966,accu:0.829023,loss_recon:0.22324

6200-loss_z:6.835044,accu:0.21519,loss_recon:0.411601

6400-loss_z:0.57962,accu:0.832513,loss_recon:0.225222

6400-loss_z:7.060596,accu:0.21519,loss_recon:0.407698

6600-loss_z:0.572211,accu:0.828392,loss_recon:0.223394

6600-loss_z:7.206575,accu:0.265823,loss_recon:0.411821

6800-loss_z:0.558626,accu:0.836732,loss_recon:0.221659

6800-loss_z:7.412047,accu:0.253165,loss_recon:0.413252

7000-loss_z:0.548221,accu:0.841973,loss_recon:0.220966

7000-loss_z:7.612185,accu:0.265823,loss_recon:0.422656

7200-loss_z:0.539631,accu:0.847363,loss_recon:0.218742

7200-loss_z:7.799868,accu:0.240506,loss_recon:0.411623

7400-loss_z:0.530796,accu:0.843203,loss_recon:0.216981

7400-loss_z:7.993739,accu:0.227848,loss_recon:0.412305

7600-loss_z:0.521304,accu:0.85015,loss_recon:0.218763

7600-loss_z:8.225155,accu:0.265823,loss_recon:0.416929

7800-loss_z:0.511009,accu:0.858789,loss_recon:0.217421

7800-loss_z:8.454346,accu:0.265823,loss_recon:0.412377

8000-loss_z:0.504539,accu:0.861641,loss_recon:0.215939

8000-loss_z:8.708262,accu:0.265823,loss_recon:0.405028

8200-loss_z:0.493263,accu:0.866777,loss_recon:0.215312

8200-loss_z:8.916665,accu:0.265823,loss_recon:0.403609

8400-loss_z:0.485543,accu:0.873118,loss_recon:0.21551

8400-loss_z:9.172028,accu:0.253165,loss_recon:0.398169

8600-loss_z:0.481843,accu:0.873327,loss_recon:0.211574

8600-loss_z:9.446116,accu:0.240506,loss_recon:0.396133

8800-loss_z:0.469942,accu:0.880169,loss_recon:0.21228

8800-loss_z:9.687502,accu:0.265823,loss_recon:0.391041

9000-loss_z:0.468578,accu:0.877214,loss_recon:0.211511

9000-loss_z:9.930499,accu:0.265823,loss_recon:0.384873

9200-loss_z:0.453237,accu:0.886934,loss_recon:0.207614

9200-loss_z:10.117389,accu:0.265823,loss_recon:0.386365

9400-loss_z:0.451158,accu:0.88599,loss_recon:0.212903

9400-loss_z:10.369637,accu:0.265823,loss_recon:0.390212

9600-loss_z:0.445842,accu:0.884115,loss_recon:0.208651

9600-loss_z:10.596899,accu:0.265823,loss_recon:0.390425

9800-loss_z:0.442722,accu:0.883112,loss_recon:0.207464

9800-loss_z:10.855436,accu:0.253165,loss_recon:0.385032

10000-loss_z:0.430882,accu:0.885182,loss_recon:0.204973

10000-loss_z:11.0903,accu:0.265823,loss_recon:0.388585

10200-loss_z:0.426919,accu:0.885332,loss_recon:0.208324

10200-loss_z:11.281467,accu:0.278481,loss_recon:0.387654

10400-loss_z:0.420355,accu:0.893307,loss_recon:0.205311

10400-loss_z:11.533978,accu:0.265823,loss_recon:0.388883

10600-loss_z:0.414506,accu:0.890671,loss_recon:0.204675

10600-loss_z:11.718792,accu:0.253165,loss_recon:0.391644

10800-loss_z:0.408972,accu:0.89946,loss_recon:0.203942

10800-loss_z:11.961871,accu:0.253165,loss_recon:0.392092

11000-loss_z:0.404979,accu:0.897467,loss_recon:0.204011

11000-loss_z:12.194009,accu:0.278481,loss_recon:0.390574

11200-loss_z:0.397779,accu:0.900065,loss_recon:0.20317

11200-loss_z:12.414561,accu:0.278481,loss_recon:0.395408

11400-loss_z:0.393501,accu:0.90265,loss_recon:0.20295

11400-loss_z:12.629071,accu:0.265823,loss_recon:0.390465

11600-loss_z:0.390279,accu:0.90388,loss_recon:0.201787

11600-loss_z:12.892519,accu:0.253165,loss_recon:0.395597

11800-loss_z:0.383108,accu:0.906172,loss_recon:0.200646

11800-loss_z:13.142133,accu:0.240506,loss_recon:0.391764

12000-loss_z:0.38295,accu:0.906979,loss_recon:0.203406

12000-loss_z:13.392668,accu:0.265823,loss_recon:0.386193

12200-loss_z:0.377078,accu:0.910013,loss_recon:0.203716

12200-loss_z:13.655496,accu:0.265823,loss_recon:0.393927

12400-loss_z:0.366149,accu:0.916784,loss_recon:0.20054

12400-loss_z:13.849238,accu:0.253165,loss_recon:0.399167

12600-loss_z:0.366769,accu:0.915358,loss_recon:0.200228

12600-loss_z:14.144309,accu:0.240506,loss_recon:0.398208

12800-loss_z:0.363277,accu:0.915007,loss_recon:0.202444

12800-loss_z:14.401222,accu:0.265823,loss_recon:0.395394

13000-loss_z:0.35885,accu:0.915339,loss_recon:0.200673

13000-loss_z:14.669142,accu:0.253165,loss_recon:0.394317

13200-loss_z:0.355047,accu:0.921296,loss_recon:0.201518

13200-loss_z:14.862095,accu:0.253165,loss_recon:0.389657

13400-loss_z:0.348523,accu:0.918138,loss_recon:0.199174

13400-loss_z:15.109363,accu:0.253165,loss_recon:0.391896

13600-loss_z:0.342081,accu:0.919043,loss_recon:0.200676

13600-loss_z:15.296974,accu:0.253165,loss_recon:0.393607

13800-loss_z:0.342558,accu:0.923346,loss_recon:0.200204

13800-loss_z:15.551163,accu:0.253165,loss_recon:0.392753

14000-loss_z:0.334178,accu:0.923815,loss_recon:0.199907

14000-loss_z:15.777515,accu:0.265823,loss_recon:0.391092

14200-loss_z:0.330239,accu:0.923418,loss_recon:0.198789

14200-loss_z:16.069868,accu:0.265823,loss_recon:0.394611

14400-loss_z:0.331041,accu:0.927279,loss_recon:0.199609

14400-loss_z:16.288847,accu:0.265823,loss_recon:0.390411

14600-loss_z:0.327156,accu:0.930703,loss_recon:0.198725

14600-loss_z:16.527485,accu:0.265823,loss_recon:0.395747

14800-loss_z:0.323499,accu:0.930553,loss_recon:0.199627

14800-loss_z:16.831484,accu:0.278481,loss_recon:0.395513

15000-loss_z:0.322314,accu:0.927448,loss_recon:0.199485

15000-loss_z:17.14941,accu:0.265823,loss_recon:0.391086

15200-loss_z:0.318848,accu:0.927865,loss_recon:0.200094

15200-loss_z:17.417332,accu:0.265823,loss_recon:0.39087

15400-loss_z:0.313974,accu:0.932396,loss_recon:0.199636

15400-loss_z:17.649672,accu:0.291139,loss_recon:0.39468

15600-loss_z:0.312417,accu:0.933555,loss_recon:0.196217

15600-loss_z:17.886841,accu:0.265823,loss_recon:0.394422

15800-loss_z:0.310487,accu:0.934538,loss_recon:0.198437

15800-loss_z:18.22279,accu:0.265823,loss_recon:0.393147

16000-loss_z:0.305575,accu:0.934362,loss_recon:0.197811

16000-loss_z:18.446699,accu:0.278481,loss_recon:0.390619

16200-loss_z:0.304818,accu:0.932122,loss_recon:0.197179

16200-loss_z:18.751095,accu:0.265823,loss_recon:0.395293

16400-loss_z:0.296656,accu:0.936022,loss_recon:0.199035

16400-loss_z:19.032606,accu:0.265823,loss_recon:0.393452

16600-loss_z:0.296166,accu:0.935586,loss_recon:0.194791

16600-loss_z:19.311316,accu:0.278481,loss_recon:0.390689

16800-loss_z:0.295329,accu:0.93806,loss_recon:0.19864

16800-loss_z:19.600981,accu:0.278481,loss_recon:0.388822

17000-loss_z:0.293468,accu:0.939668,loss_recon:0.198115

17000-loss_z:19.905869,accu:0.291139,loss_recon:0.391453

17200-loss_z:0.286955,accu:0.935918,loss_recon:0.197949

17200-loss_z:20.194836,accu:0.316456,loss_recon:0.39454

17400-loss_z:0.283452,accu:0.941042,loss_recon:0.19716

17400-loss_z:20.43289,accu:0.291139,loss_recon:0.394195

17600-loss_z:0.279556,accu:0.93903,loss_recon:0.197051

17600-loss_z:20.720631,accu:0.303797,loss_recon:0.391979

17800-loss_z:0.279802,accu:0.939668,loss_recon:0.194628

17800-loss_z:21.015375,accu:0.291139,loss_recon:0.386702

18000-loss_z:0.273901,accu:0.944479,loss_recon:0.198939

18000-loss_z:21.270412,accu:0.291139,loss_recon:0.390777

18200-loss_z:0.270522,accu:0.941777,loss_recon:0.193934

18200-loss_z:21.530081,accu:0.303797,loss_recon:0.383128

18400-loss_z:0.268849,accu:0.944811,loss_recon:0.196118

18400-loss_z:21.908548,accu:0.303797,loss_recon:0.384239

18600-loss_z:0.267018,accu:0.945716,loss_recon:0.196195

18600-loss_z:22.192005,accu:0.291139,loss_recon:0.39203

18800-loss_z:0.265471,accu:0.94306,loss_recon:0.197329

18800-loss_z:22.511467,accu:0.278481,loss_recon:0.393101

19000-loss_z:0.261819,accu:0.944922,loss_recon:0.195327

19000-loss_z:22.894676,accu:0.278481,loss_recon:0.388173

19200-loss_z:0.260092,accu:0.944746,loss_recon:0.196763

19200-loss_z:23.150049,accu:0.278481,loss_recon:0.387144

19400-loss_z:0.259275,accu:0.94347,loss_recon:0.195416

19400-loss_z:23.394459,accu:0.278481,loss_recon:0.389615

19600-loss_z:0.256177,accu:0.94806,loss_recon:0.196059

19600-loss_z:23.680782,accu:0.303797,loss_recon:0.387863

19800-loss_z:0.254098,accu:0.946198,loss_recon:0.197543

19800-loss_z:24.038136,accu:0.303797,loss_recon:0.38858

20000-loss_z:0.252542,accu:0.947005,loss_recon:0.196021

20000-loss_z:24.253618,accu:0.303797,loss_recon:0.387676

Continue training
New FC model is initialized
200-loss_z:2.63919,accu:0.142478,loss_recon:1.445809

200-loss_z:2.709442,accu:0.037975,loss_recon:0.644448

400-loss_z:2.093586,accu:0.278522,loss_recon:0.552259

400-loss_z:2.664643,accu:0.063291,loss_recon:0.442667

600-loss_z:1.816968,accu:0.351693,loss_recon:0.401066

600-loss_z:2.730172,accu:0.063291,loss_recon:0.397662

800-loss_z:1.643776,accu:0.38347,loss_recon:0.366725

800-loss_z:2.861366,accu:0.075949,loss_recon:0.390447

1000-loss_z:1.504633,accu:0.433268,loss_recon:0.351857

1000-loss_z:2.97506,accu:0.151899,loss_recon:0.386574

1200-loss_z:1.398189,accu:0.476432,loss_recon:0.340352

1200-loss_z:3.092026,accu:0.164557,loss_recon:0.376773

1400-loss_z:1.309164,accu:0.501875,loss_recon:0.332676

1400-loss_z:3.235122,accu:0.177215,loss_recon:0.37953

1600-loss_z:1.230847,accu:0.547826,loss_recon:0.322641

1600-loss_z:3.361278,accu:0.151899,loss_recon:0.37483

1800-loss_z:1.166486,accu:0.58127,loss_recon:0.317185

1800-loss_z:3.510681,accu:0.164557,loss_recon:0.372995

2000-loss_z:1.114159,accu:0.613145,loss_recon:0.317601

2000-loss_z:3.691371,accu:0.177215,loss_recon:0.369408

2200-loss_z:1.063825,accu:0.629948,loss_recon:0.311072

2200-loss_z:3.846172,accu:0.189873,loss_recon:0.366672

2400-loss_z:1.012095,accu:0.658184,loss_recon:0.305238

2400-loss_z:4.028673,accu:0.164557,loss_recon:0.363248

2600-loss_z:0.977417,accu:0.669297,loss_recon:0.30297

2600-loss_z:4.181541,accu:0.189873,loss_recon:0.362019

2800-loss_z:0.937586,accu:0.681211,loss_recon:0.297425

2800-loss_z:4.382797,accu:0.164557,loss_recon:0.35363

3000-loss_z:0.90838,accu:0.696341,loss_recon:0.295181

3000-loss_z:4.589428,accu:0.177215,loss_recon:0.357396

3200-loss_z:0.87481,accu:0.702546,loss_recon:0.288131

3200-loss_z:4.781612,accu:0.177215,loss_recon:0.356542

3400-loss_z:0.845446,accu:0.70472,loss_recon:0.288587

3400-loss_z:4.991647,accu:0.189873,loss_recon:0.356963

3600-loss_z:0.816244,accu:0.717949,loss_recon:0.288564

3600-loss_z:5.213749,accu:0.189873,loss_recon:0.355852

3800-loss_z:0.791588,accu:0.730514,loss_recon:0.284218

3800-loss_z:5.436848,accu:0.189873,loss_recon:0.362365

4000-loss_z:0.771624,accu:0.742246,loss_recon:0.279492

4000-loss_z:5.6251,accu:0.227848,loss_recon:0.357853

4200-loss_z:0.745185,accu:0.744147,loss_recon:0.274763

4200-loss_z:5.844926,accu:0.177215,loss_recon:0.356219

4400-loss_z:0.724204,accu:0.763014,loss_recon:0.271422

4400-loss_z:6.05807,accu:0.202532,loss_recon:0.353225

4600-loss_z:0.69904,accu:0.768633,loss_recon:0.267866

4600-loss_z:6.327837,accu:0.21519,loss_recon:0.352721

4800-loss_z:0.684256,accu:0.782025,loss_recon:0.266065

4800-loss_z:6.538994,accu:0.227848,loss_recon:0.351796

5000-loss_z:0.66677,accu:0.787656,loss_recon:0.258911

5000-loss_z:6.774531,accu:0.253165,loss_recon:0.342109

5200-loss_z:0.649441,accu:0.786237,loss_recon:0.255863

5200-loss_z:7.044673,accu:0.202532,loss_recon:0.341839

5400-loss_z:0.634718,accu:0.797897,loss_recon:0.254485

5400-loss_z:7.265532,accu:0.21519,loss_recon:0.343903

5600-loss_z:0.615578,accu:0.802747,loss_recon:0.250046

5600-loss_z:7.520376,accu:0.21519,loss_recon:0.344489

5800-loss_z:0.59787,accu:0.803236,loss_recon:0.250823

5800-loss_z:7.749372,accu:0.227848,loss_recon:0.338015

6000-loss_z:0.583761,accu:0.810378,loss_recon:0.247546

6000-loss_z:8.002317,accu:0.227848,loss_recon:0.337114

6200-loss_z:0.571275,accu:0.823613,loss_recon:0.243455

6200-loss_z:8.281911,accu:0.240506,loss_recon:0.338914

6400-loss_z:0.561582,accu:0.828092,loss_recon:0.240426

6400-loss_z:8.510617,accu:0.21519,loss_recon:0.335879

6600-loss_z:0.545984,accu:0.835866,loss_recon:0.238804

6600-loss_z:8.762031,accu:0.253165,loss_recon:0.33495

6800-loss_z:0.528843,accu:0.840475,loss_recon:0.238531

6800-loss_z:9.037298,accu:0.240506,loss_recon:0.333546

7000-loss_z:0.520709,accu:0.843014,loss_recon:0.235853

7000-loss_z:9.270276,accu:0.227848,loss_recon:0.332123

7200-loss_z:0.50688,accu:0.848086,loss_recon:0.229901

7200-loss_z:9.51929,accu:0.240506,loss_recon:0.328983

7400-loss_z:0.498467,accu:0.845677,loss_recon:0.229733

7400-loss_z:9.790814,accu:0.253165,loss_recon:0.340882

7600-loss_z:0.483925,accu:0.855456,loss_recon:0.22921

7600-loss_z:10.027617,accu:0.240506,loss_recon:0.331485

7800-loss_z:0.478794,accu:0.855951,loss_recon:0.22504

7800-loss_z:10.311021,accu:0.253165,loss_recon:0.341002

8000-loss_z:0.464372,accu:0.865267,loss_recon:0.223317

8000-loss_z:10.660914,accu:0.227848,loss_recon:0.340856

8200-loss_z:0.455204,accu:0.862897,loss_recon:0.225989

8200-loss_z:11.017724,accu:0.227848,loss_recon:0.336568

8400-loss_z:0.442145,accu:0.878496,loss_recon:0.224573

8400-loss_z:11.349173,accu:0.240506,loss_recon:0.346158

8600-loss_z:0.43711,accu:0.876074,loss_recon:0.219361

8600-loss_z:11.687228,accu:0.240506,loss_recon:0.34559

8800-loss_z:0.428671,accu:0.879785,loss_recon:0.216672

8800-loss_z:12.001453,accu:0.240506,loss_recon:0.338907

9000-loss_z:0.421237,accu:0.883568,loss_recon:0.218656

9000-loss_z:12.351916,accu:0.240506,loss_recon:0.34015

9200-loss_z:0.412755,accu:0.893262,loss_recon:0.216668

9200-loss_z:12.692078,accu:0.253165,loss_recon:0.341366

9400-loss_z:0.406409,accu:0.891738,loss_recon:0.214987

9400-loss_z:13.074659,accu:0.240506,loss_recon:0.341706

9600-loss_z:0.397628,accu:0.898893,loss_recon:0.213723

9600-loss_z:13.417438,accu:0.240506,loss_recon:0.337041

9800-loss_z:0.390697,accu:0.90041,loss_recon:0.211734

9800-loss_z:13.75636,accu:0.253165,loss_recon:0.340425

10000-loss_z:0.381301,accu:0.905039,loss_recon:0.211623

10000-loss_z:14.116055,accu:0.240506,loss_recon:0.33973

10200-loss_z:0.374122,accu:0.905716,loss_recon:0.210144

10200-loss_z:14.451588,accu:0.253165,loss_recon:0.340722

10400-loss_z:0.367441,accu:0.907227,loss_recon:0.209934

10400-loss_z:14.831829,accu:0.253165,loss_recon:0.343846

10600-loss_z:0.357306,accu:0.912572,loss_recon:0.208206

10600-loss_z:15.132443,accu:0.240506,loss_recon:0.340949

10800-loss_z:0.353092,accu:0.920247,loss_recon:0.204252

10800-loss_z:15.478588,accu:0.240506,loss_recon:0.341578

11000-loss_z:0.347309,accu:0.923112,loss_recon:0.206043

11000-loss_z:15.776071,accu:0.227848,loss_recon:0.346158

11200-loss_z:0.343429,accu:0.924063,loss_recon:0.204505

11200-loss_z:16.078854,accu:0.227848,loss_recon:0.343908

11400-loss_z:0.334354,accu:0.929655,loss_recon:0.205604

11400-loss_z:16.366852,accu:0.240506,loss_recon:0.352237

11600-loss_z:0.326799,accu:0.935423,loss_recon:0.205582

11600-loss_z:16.592327,accu:0.227848,loss_recon:0.350978

11800-loss_z:0.324255,accu:0.936914,loss_recon:0.203245

11800-loss_z:16.866735,accu:0.227848,loss_recon:0.351749

12000-loss_z:0.316774,accu:0.939004,loss_recon:0.202334

12000-loss_z:17.066509,accu:0.240506,loss_recon:0.3554

12200-loss_z:0.312295,accu:0.938626,loss_recon:0.201009

12200-loss_z:17.317144,accu:0.265823,loss_recon:0.359237

12400-loss_z:0.302482,accu:0.944349,loss_recon:0.203245

12400-loss_z:17.58147,accu:0.265823,loss_recon:0.351345

12600-loss_z:0.299827,accu:0.948151,loss_recon:0.201995

12600-loss_z:17.823654,accu:0.253165,loss_recon:0.359758

12800-loss_z:0.294276,accu:0.949994,loss_recon:0.20033

12800-loss_z:18.037832,accu:0.227848,loss_recon:0.359309

13000-loss_z:0.290206,accu:0.948333,loss_recon:0.202424

13000-loss_z:18.223969,accu:0.227848,loss_recon:0.362589

13200-loss_z:0.282923,accu:0.950729,loss_recon:0.201329

13200-loss_z:18.494284,accu:0.21519,loss_recon:0.367457

13400-loss_z:0.279976,accu:0.955365,loss_recon:0.198328

13400-loss_z:18.716631,accu:0.21519,loss_recon:0.362619

13600-loss_z:0.276548,accu:0.952721,loss_recon:0.199048

13600-loss_z:18.995529,accu:0.240506,loss_recon:0.360954

13800-loss_z:0.273506,accu:0.953665,loss_recon:0.198724

13800-loss_z:19.262074,accu:0.240506,loss_recon:0.366548

14000-loss_z:0.266383,accu:0.959401,loss_recon:0.193478

14000-loss_z:19.531206,accu:0.240506,loss_recon:0.361582

14200-loss_z:0.258846,accu:0.959844,loss_recon:0.194643

14200-loss_z:19.820816,accu:0.240506,loss_recon:0.355536

14400-loss_z:0.258447,accu:0.958509,loss_recon:0.193681

14400-loss_z:20.019781,accu:0.227848,loss_recon:0.36293

14600-loss_z:0.254293,accu:0.961673,loss_recon:0.190571

14600-loss_z:20.338806,accu:0.240506,loss_recon:0.363326

14800-loss_z:0.245558,accu:0.963704,loss_recon:0.193871

14800-loss_z:20.580805,accu:0.240506,loss_recon:0.362918

15000-loss_z:0.247155,accu:0.963809,loss_recon:0.190673

15000-loss_z:20.80484,accu:0.240506,loss_recon:0.363459

15200-loss_z:0.241904,accu:0.965332,loss_recon:0.188133

15200-loss_z:21.108812,accu:0.240506,loss_recon:0.363416

15400-loss_z:0.236172,accu:0.968053,loss_recon:0.189044

15400-loss_z:21.43322,accu:0.240506,loss_recon:0.368968

15600-loss_z:0.233668,accu:0.968184,loss_recon:0.18745

15600-loss_z:21.699108,accu:0.253165,loss_recon:0.36655

15800-loss_z:0.228293,accu:0.968978,loss_recon:0.187457

15800-loss_z:22.057964,accu:0.253165,loss_recon:0.372018

16000-loss_z:0.222922,accu:0.971439,loss_recon:0.186852

16000-loss_z:22.378454,accu:0.253165,loss_recon:0.371295

16200-loss_z:0.221256,accu:0.969108,loss_recon:0.187003

16200-loss_z:22.634651,accu:0.253165,loss_recon:0.374356

16400-loss_z:0.217927,accu:0.969655,loss_recon:0.18494

16400-loss_z:22.895969,accu:0.240506,loss_recon:0.377864

16600-loss_z:0.211367,accu:0.971139,loss_recon:0.185677

16600-loss_z:23.261209,accu:0.240506,loss_recon:0.380266

16800-loss_z:0.210413,accu:0.970775,loss_recon:0.185303

16800-loss_z:23.499157,accu:0.253165,loss_recon:0.378411

17000-loss_z:0.206141,accu:0.972324,loss_recon:0.183206

17000-loss_z:23.825787,accu:0.253165,loss_recon:0.382659

17200-loss_z:0.201044,accu:0.973353,loss_recon:0.183365

17200-loss_z:24.147974,accu:0.253165,loss_recon:0.384111

17400-loss_z:0.199668,accu:0.973652,loss_recon:0.179823

17400-loss_z:24.393259,accu:0.253165,loss_recon:0.386662

17600-loss_z:0.196327,accu:0.975195,loss_recon:0.182484

17600-loss_z:24.746483,accu:0.253165,loss_recon:0.392086

17800-loss_z:0.194186,accu:0.975026,loss_recon:0.17926

17800-loss_z:25.122171,accu:0.253165,loss_recon:0.389993

18000-loss_z:0.187869,accu:0.975729,loss_recon:0.178215

18000-loss_z:25.497671,accu:0.240506,loss_recon:0.391858

18200-loss_z:0.185255,accu:0.97446,loss_recon:0.178952

18200-loss_z:25.907543,accu:0.253165,loss_recon:0.401122

18400-loss_z:0.182819,accu:0.975247,loss_recon:0.178361

18400-loss_z:26.346745,accu:0.253165,loss_recon:0.390299

18600-loss_z:0.180288,accu:0.979492,loss_recon:0.175465

18600-loss_z:26.663912,accu:0.240506,loss_recon:0.394012

18800-loss_z:0.175459,accu:0.979564,loss_recon:0.175488

18800-loss_z:27.025873,accu:0.240506,loss_recon:0.394858

19000-loss_z:0.174355,accu:0.978105,loss_recon:0.178167

19000-loss_z:27.481037,accu:0.265823,loss_recon:0.394542

19200-loss_z:0.170219,accu:0.97806,loss_recon:0.178

19200-loss_z:27.848955,accu:0.265823,loss_recon:0.395696

19400-loss_z:0.168116,accu:0.979134,loss_recon:0.174877

19400-loss_z:28.195341,accu:0.265823,loss_recon:0.39214

19600-loss_z:0.16663,accu:0.981497,loss_recon:0.175093

19600-loss_z:28.51012,accu:0.265823,loss_recon:0.393762

19800-loss_z:0.162597,accu:0.981986,loss_recon:0.177282

19800-loss_z:28.839615,accu:0.265823,loss_recon:0.400645

20000-loss_z:0.160743,accu:0.98015,loss_recon:0.176567

20000-loss_z:29.10668,accu:0.265823,loss_recon:0.391427

Continue training
New FC model is initialized
200-loss_z:2.568406,accu:0.171117,loss_recon:1.271482

200-loss_z:2.549523,accu:0.088608,loss_recon:0.641624

400-loss_z:1.972696,accu:0.308861,loss_recon:0.596877

400-loss_z:2.45948,accu:0.088608,loss_recon:0.475634

600-loss_z:1.724837,accu:0.378294,loss_recon:0.464233

600-loss_z:2.551352,accu:0.075949,loss_recon:0.406988

800-loss_z:1.558994,accu:0.414505,loss_recon:0.389821

800-loss_z:2.684939,accu:0.075949,loss_recon:0.376705

1000-loss_z:1.443844,accu:0.46819,loss_recon:0.366255

1000-loss_z:2.822743,accu:0.113924,loss_recon:0.363537

1200-loss_z:1.345683,accu:0.493099,loss_recon:0.341917

1200-loss_z:2.940998,accu:0.075949,loss_recon:0.363298

1400-loss_z:1.275495,accu:0.516628,loss_recon:0.334303

1400-loss_z:3.057034,accu:0.113924,loss_recon:0.353396

1600-loss_z:1.197362,accu:0.559225,loss_recon:0.317997

1600-loss_z:3.167993,accu:0.113924,loss_recon:0.341285

1800-loss_z:1.142245,accu:0.58401,loss_recon:0.305362

1800-loss_z:3.286933,accu:0.139241,loss_recon:0.340784

2000-loss_z:1.076148,accu:0.594342,loss_recon:0.296708

2000-loss_z:3.400256,accu:0.139241,loss_recon:0.337977

2200-loss_z:1.021377,accu:0.61599,loss_recon:0.296091

2200-loss_z:3.526459,accu:0.151899,loss_recon:0.338766

2400-loss_z:0.974515,accu:0.629238,loss_recon:0.287043

2400-loss_z:3.663998,accu:0.151899,loss_recon:0.343346

2600-loss_z:0.930109,accu:0.647448,loss_recon:0.282275

2600-loss_z:3.817445,accu:0.126582,loss_recon:0.344115

2800-loss_z:0.88468,accu:0.666523,loss_recon:0.276898

2800-loss_z:3.989387,accu:0.151899,loss_recon:0.356089

3000-loss_z:0.850897,accu:0.683014,loss_recon:0.270882

3000-loss_z:4.142226,accu:0.151899,loss_recon:0.362581

3200-loss_z:0.814774,accu:0.697109,loss_recon:0.264301

3200-loss_z:4.321836,accu:0.151899,loss_recon:0.364164

3400-loss_z:0.776565,accu:0.713125,loss_recon:0.262909

3400-loss_z:4.513014,accu:0.151899,loss_recon:0.368116

3600-loss_z:0.74887,accu:0.737695,loss_recon:0.257444

3600-loss_z:4.702324,accu:0.139241,loss_recon:0.374403

3800-loss_z:0.721526,accu:0.761042,loss_recon:0.258682

3800-loss_z:4.888282,accu:0.164557,loss_recon:0.381008

4000-loss_z:0.692903,accu:0.782253,loss_recon:0.255816

4000-loss_z:5.049608,accu:0.177215,loss_recon:0.381213

4200-loss_z:0.662842,accu:0.810905,loss_recon:0.250535

4200-loss_z:5.267644,accu:0.177215,loss_recon:0.394649

4400-loss_z:0.640323,accu:0.818268,loss_recon:0.247246

4400-loss_z:5.45206,accu:0.189873,loss_recon:0.392275

4600-loss_z:0.619025,accu:0.821745,loss_recon:0.247224

4600-loss_z:5.656435,accu:0.164557,loss_recon:0.397012

4800-loss_z:0.592363,accu:0.838841,loss_recon:0.245981

4800-loss_z:5.846884,accu:0.177215,loss_recon:0.398627

5000-loss_z:0.570436,accu:0.839792,loss_recon:0.244661

5000-loss_z:6.081568,accu:0.177215,loss_recon:0.405546

5200-loss_z:0.549136,accu:0.850176,loss_recon:0.240628

5200-loss_z:6.278839,accu:0.177215,loss_recon:0.409928

5400-loss_z:0.529283,accu:0.866471,loss_recon:0.239002

5400-loss_z:6.53796,accu:0.177215,loss_recon:0.414173

5600-loss_z:0.508662,accu:0.868971,loss_recon:0.238571

5600-loss_z:6.774329,accu:0.177215,loss_recon:0.414686

5800-loss_z:0.493845,accu:0.874479,loss_recon:0.238101

5800-loss_z:7.031765,accu:0.177215,loss_recon:0.414955

6000-loss_z:0.475773,accu:0.87472,loss_recon:0.235793

6000-loss_z:7.277094,accu:0.164557,loss_recon:0.419844

6200-loss_z:0.463656,accu:0.881823,loss_recon:0.233909

6200-loss_z:7.528198,accu:0.164557,loss_recon:0.430553

6400-loss_z:0.441048,accu:0.89349,loss_recon:0.233482

6400-loss_z:7.789423,accu:0.189873,loss_recon:0.426324

6600-loss_z:0.422859,accu:0.894941,loss_recon:0.230145

6600-loss_z:8.125496,accu:0.189873,loss_recon:0.427078

6800-loss_z:0.408541,accu:0.900501,loss_recon:0.231007

6800-loss_z:8.407538,accu:0.189873,loss_recon:0.428164

7000-loss_z:0.396099,accu:0.904056,loss_recon:0.231142

7000-loss_z:8.67897,accu:0.21519,loss_recon:0.438077

7200-loss_z:0.381267,accu:0.908737,loss_recon:0.22475

7200-loss_z:8.995647,accu:0.189873,loss_recon:0.439862

7400-loss_z:0.371692,accu:0.906504,loss_recon:0.225171

7400-loss_z:9.326332,accu:0.202532,loss_recon:0.43707

7600-loss_z:0.356303,accu:0.910299,loss_recon:0.224943

7600-loss_z:9.599652,accu:0.202532,loss_recon:0.445013

7800-loss_z:0.344922,accu:0.915853,loss_recon:0.224732

7800-loss_z:9.929234,accu:0.202532,loss_recon:0.450174

8000-loss_z:0.333389,accu:0.917188,loss_recon:0.22345

8000-loss_z:10.22567,accu:0.202532,loss_recon:0.442761

8200-loss_z:0.325664,accu:0.916055,loss_recon:0.221363

8200-loss_z:10.528367,accu:0.202532,loss_recon:0.45295

8400-loss_z:0.313881,accu:0.920391,loss_recon:0.219333

8400-loss_z:10.823465,accu:0.202532,loss_recon:0.456149

8600-loss_z:0.306762,accu:0.920228,loss_recon:0.220997

8600-loss_z:11.125792,accu:0.227848,loss_recon:0.451891

8800-loss_z:0.294498,accu:0.923984,loss_recon:0.220485

8800-loss_z:11.451849,accu:0.21519,loss_recon:0.45188

9000-loss_z:0.289963,accu:0.922552,loss_recon:0.217884

9000-loss_z:11.793072,accu:0.21519,loss_recon:0.458228

9200-loss_z:0.284005,accu:0.925755,loss_recon:0.217604

9200-loss_z:12.110125,accu:0.21519,loss_recon:0.45492

9400-loss_z:0.272007,accu:0.928639,loss_recon:0.216728

9400-loss_z:12.499834,accu:0.202532,loss_recon:0.457961

9600-loss_z:0.263753,accu:0.932826,loss_recon:0.214623

9600-loss_z:12.818503,accu:0.227848,loss_recon:0.456984

9800-loss_z:0.255529,accu:0.930632,loss_recon:0.215456

9800-loss_z:13.235394,accu:0.202532,loss_recon:0.462843

10000-loss_z:0.246733,accu:0.936992,loss_recon:0.212883

10000-loss_z:13.621114,accu:0.202532,loss_recon:0.458602

10200-loss_z:0.242312,accu:0.937728,loss_recon:0.211388

10200-loss_z:14.030107,accu:0.202532,loss_recon:0.463688

10400-loss_z:0.234807,accu:0.944056,loss_recon:0.212526

10400-loss_z:14.406455,accu:0.202532,loss_recon:0.469163

10600-loss_z:0.233175,accu:0.938438,loss_recon:0.212365

10600-loss_z:14.786867,accu:0.21519,loss_recon:0.470251

10800-loss_z:0.224672,accu:0.942956,loss_recon:0.211606

10800-loss_z:15.202525,accu:0.227848,loss_recon:0.461194

11000-loss_z:0.217581,accu:0.941576,loss_recon:0.207977

11000-loss_z:15.587878,accu:0.21519,loss_recon:0.467128

11200-loss_z:0.212098,accu:0.948906,loss_recon:0.208227

11200-loss_z:16.031727,accu:0.202532,loss_recon:0.46594

11400-loss_z:0.202848,accu:0.954323,loss_recon:0.209382

11400-loss_z:16.448866,accu:0.202532,loss_recon:0.46786

11600-loss_z:0.203174,accu:0.9539,loss_recon:0.209091

11600-loss_z:16.818808,accu:0.21519,loss_recon:0.471807

11800-loss_z:0.195883,accu:0.955449,loss_recon:0.210632

11800-loss_z:17.216736,accu:0.21519,loss_recon:0.480565

12000-loss_z:0.187918,accu:0.957494,loss_recon:0.210136

12000-loss_z:17.663408,accu:0.21519,loss_recon:0.468554

12200-loss_z:0.184602,accu:0.960625,loss_recon:0.208512

12200-loss_z:18.072142,accu:0.21519,loss_recon:0.47375

12400-loss_z:0.182392,accu:0.962578,loss_recon:0.210242

12400-loss_z:18.45853,accu:0.202532,loss_recon:0.475699

12600-loss_z:0.177848,accu:0.96321,loss_recon:0.204128

12600-loss_z:18.874767,accu:0.202532,loss_recon:0.479185

12800-loss_z:0.17134,accu:0.966777,loss_recon:0.205051

12800-loss_z:19.297619,accu:0.189873,loss_recon:0.479885

13000-loss_z:0.168711,accu:0.968496,loss_recon:0.205856

13000-loss_z:19.743015,accu:0.202532,loss_recon:0.479936

13200-loss_z:0.163879,accu:0.969876,loss_recon:0.205156

13200-loss_z:20.17145,accu:0.189873,loss_recon:0.473258

13400-loss_z:0.158035,accu:0.975026,loss_recon:0.205545

13400-loss_z:20.526949,accu:0.189873,loss_recon:0.481868

13600-loss_z:0.153712,accu:0.974434,loss_recon:0.206124

13600-loss_z:21.018974,accu:0.189873,loss_recon:0.47689

13800-loss_z:0.151121,accu:0.974648,loss_recon:0.201704

13800-loss_z:21.481956,accu:0.189873,loss_recon:0.482708

14000-loss_z:0.144867,accu:0.97709,loss_recon:0.203846

14000-loss_z:21.873281,accu:0.189873,loss_recon:0.479681

14200-loss_z:0.140773,accu:0.977064,loss_recon:0.202071

14200-loss_z:22.302141,accu:0.177215,loss_recon:0.481526

14400-loss_z:0.136745,accu:0.979115,loss_recon:0.203215

14400-loss_z:22.725773,accu:0.189873,loss_recon:0.476131

14600-loss_z:0.136047,accu:0.980801,loss_recon:0.204175

14600-loss_z:23.142956,accu:0.189873,loss_recon:0.483467

14800-loss_z:0.131061,accu:0.982246,loss_recon:0.201772

14800-loss_z:23.538252,accu:0.189873,loss_recon:0.484572

15000-loss_z:0.129419,accu:0.982689,loss_recon:0.203341

15000-loss_z:23.983295,accu:0.177215,loss_recon:0.472584

15200-loss_z:0.123035,accu:0.983216,loss_recon:0.201651

15200-loss_z:24.389177,accu:0.177215,loss_recon:0.474405

15400-loss_z:0.120409,accu:0.984232,loss_recon:0.201437

15400-loss_z:24.816719,accu:0.177215,loss_recon:0.487934

15600-loss_z:0.118635,accu:0.985527,loss_recon:0.202134

15600-loss_z:25.256023,accu:0.177215,loss_recon:0.477955

15800-loss_z:0.114445,accu:0.986445,loss_recon:0.202741

15800-loss_z:25.656446,accu:0.177215,loss_recon:0.487807

16000-loss_z:0.11355,accu:0.986022,loss_recon:0.20167

16000-loss_z:26.08679,accu:0.177215,loss_recon:0.481372

16200-loss_z:0.110659,accu:0.986133,loss_recon:0.20291

16200-loss_z:26.565081,accu:0.189873,loss_recon:0.484043

16400-loss_z:0.108026,accu:0.984928,loss_recon:0.199749

16400-loss_z:26.933035,accu:0.177215,loss_recon:0.48782

16600-loss_z:0.104942,accu:0.988652,loss_recon:0.198863

16600-loss_z:27.419792,accu:0.177215,loss_recon:0.48584

16800-loss_z:0.101339,accu:0.987643,loss_recon:0.199259

16800-loss_z:27.827566,accu:0.189873,loss_recon:0.485915

17000-loss_z:0.098259,accu:0.987428,loss_recon:0.199443

17000-loss_z:28.244152,accu:0.189873,loss_recon:0.482612

17200-loss_z:0.096587,accu:0.988275,loss_recon:0.197951

17200-loss_z:28.67864,accu:0.202532,loss_recon:0.484436

17400-loss_z:0.095446,accu:0.988177,loss_recon:0.198726

17400-loss_z:29.064543,accu:0.189873,loss_recon:0.48249

17600-loss_z:0.093117,accu:0.988789,loss_recon:0.196592

17600-loss_z:29.558508,accu:0.202532,loss_recon:0.500792

17800-loss_z:0.090781,accu:0.987572,loss_recon:0.196883

17800-loss_z:29.972551,accu:0.189873,loss_recon:0.496081

18000-loss_z:0.087271,accu:0.98901,loss_recon:0.194575

18000-loss_z:30.405592,accu:0.202532,loss_recon:0.488803

18200-loss_z:0.086287,accu:0.988685,loss_recon:0.193172

18200-loss_z:30.824915,accu:0.202532,loss_recon:0.494436

18400-loss_z:0.082615,accu:0.989733,loss_recon:0.195946

18400-loss_z:31.198437,accu:0.202532,loss_recon:0.498154

18600-loss_z:0.079894,accu:0.988776,loss_recon:0.19295

18600-loss_z:31.669394,accu:0.202532,loss_recon:0.498755

18800-loss_z:0.077377,accu:0.989759,loss_recon:0.192558

18800-loss_z:32.07428,accu:0.202532,loss_recon:0.498646

19000-loss_z:0.075342,accu:0.990632,loss_recon:0.19493

19000-loss_z:32.492134,accu:0.202532,loss_recon:0.500624

19200-loss_z:0.074862,accu:0.990339,loss_recon:0.192907

19200-loss_z:32.922184,accu:0.202532,loss_recon:0.501232

19400-loss_z:0.07269,accu:0.991895,loss_recon:0.193744

19400-loss_z:33.30571,accu:0.202532,loss_recon:0.493531

19600-loss_z:0.071991,accu:0.991693,loss_recon:0.194036

19600-loss_z:33.721466,accu:0.202532,loss_recon:0.502932

19800-loss_z:0.069981,accu:0.989987,loss_recon:0.192111

19800-loss_z:34.075119,accu:0.189873,loss_recon:0.501229

20000-loss_z:0.067063,accu:0.991517,loss_recon:0.191416

20000-loss_z:34.495071,accu:0.189873,loss_recon:0.506556

Continue training
New FC model is initialized
200-loss_z:2.556015,accu:0.175438,loss_recon:1.102632

200-loss_z:2.751062,accu:0.063291,loss_recon:0.660058

400-loss_z:1.97382,accu:0.306491,loss_recon:0.536053

400-loss_z:2.667827,accu:0.088608,loss_recon:0.441365

600-loss_z:1.661275,accu:0.406719,loss_recon:0.398927

600-loss_z:2.773259,accu:0.075949,loss_recon:0.39017

800-loss_z:1.468249,accu:0.48377,loss_recon:0.349242

800-loss_z:2.95489,accu:0.088608,loss_recon:0.366283

1000-loss_z:1.325358,accu:0.539805,loss_recon:0.326536

1000-loss_z:3.15385,accu:0.113924,loss_recon:0.354422

1200-loss_z:1.215958,accu:0.566927,loss_recon:0.312303

1200-loss_z:3.364965,accu:0.139241,loss_recon:0.348419

1400-loss_z:1.133805,accu:0.59291,loss_recon:0.302758

1400-loss_z:3.565234,accu:0.139241,loss_recon:0.344994

1600-loss_z:1.063109,accu:0.629212,loss_recon:0.292542

1600-loss_z:3.818411,accu:0.164557,loss_recon:0.346376

1800-loss_z:0.997579,accu:0.647969,loss_recon:0.28829

1800-loss_z:4.040667,accu:0.151899,loss_recon:0.342769

2000-loss_z:0.944079,accu:0.659935,loss_recon:0.280984

2000-loss_z:4.258472,accu:0.164557,loss_recon:0.344058

2200-loss_z:0.892759,accu:0.699232,loss_recon:0.275075

2200-loss_z:4.500068,accu:0.177215,loss_recon:0.342277

2400-loss_z:0.854385,accu:0.719036,loss_recon:0.265397

2400-loss_z:4.742819,accu:0.177215,loss_recon:0.348924

2600-loss_z:0.816836,accu:0.731523,loss_recon:0.264162

2600-loss_z:4.987189,accu:0.164557,loss_recon:0.35358

2800-loss_z:0.781298,accu:0.751009,loss_recon:0.259363

2800-loss_z:5.181969,accu:0.177215,loss_recon:0.353803

3000-loss_z:0.741696,accu:0.772865,loss_recon:0.255601

3000-loss_z:5.421803,accu:0.202532,loss_recon:0.35452

3200-loss_z:0.716223,accu:0.789049,loss_recon:0.253921

3200-loss_z:5.7021,accu:0.164557,loss_recon:0.35997

3400-loss_z:0.691038,accu:0.794824,loss_recon:0.250347

3400-loss_z:5.932711,accu:0.177215,loss_recon:0.361225

3600-loss_z:0.664669,accu:0.804557,loss_recon:0.246451

3600-loss_z:6.186336,accu:0.164557,loss_recon:0.360567

3800-loss_z:0.641491,accu:0.816016,loss_recon:0.246683

3800-loss_z:6.402621,accu:0.189873,loss_recon:0.362876

4000-loss_z:0.617694,accu:0.825397,loss_recon:0.240666

4000-loss_z:6.629324,accu:0.189873,loss_recon:0.360495

4200-loss_z:0.60413,accu:0.833939,loss_recon:0.236761

4200-loss_z:6.887981,accu:0.189873,loss_recon:0.359275

4400-loss_z:0.576958,accu:0.839954,loss_recon:0.235348

4400-loss_z:7.138347,accu:0.177215,loss_recon:0.352673

4600-loss_z:0.559563,accu:0.84138,loss_recon:0.233245

4600-loss_z:7.334321,accu:0.189873,loss_recon:0.354766

4800-loss_z:0.546007,accu:0.848105,loss_recon:0.235131

4800-loss_z:7.61364,accu:0.202532,loss_recon:0.356681

5000-loss_z:0.526316,accu:0.855788,loss_recon:0.230916

5000-loss_z:7.874838,accu:0.21519,loss_recon:0.361587

5200-loss_z:0.51039,accu:0.856986,loss_recon:0.230383

5200-loss_z:8.199075,accu:0.189873,loss_recon:0.362081

5400-loss_z:0.494517,accu:0.853021,loss_recon:0.226483

5400-loss_z:8.444277,accu:0.21519,loss_recon:0.356528

5600-loss_z:0.481056,accu:0.860332,loss_recon:0.226213

5600-loss_z:8.725556,accu:0.227848,loss_recon:0.362675

5800-loss_z:0.468009,accu:0.864518,loss_recon:0.226788

5800-loss_z:8.972002,accu:0.21519,loss_recon:0.360751

6000-loss_z:0.458796,accu:0.862214,loss_recon:0.222871

6000-loss_z:9.275836,accu:0.21519,loss_recon:0.366513

6200-loss_z:0.442654,accu:0.868053,loss_recon:0.221823

6200-loss_z:9.581774,accu:0.21519,loss_recon:0.36954

6400-loss_z:0.430876,accu:0.878711,loss_recon:0.221417

6400-loss_z:9.894671,accu:0.227848,loss_recon:0.367622

6600-loss_z:0.423561,accu:0.882493,loss_recon:0.21965

6600-loss_z:10.248384,accu:0.21519,loss_recon:0.366992

6800-loss_z:0.408778,accu:0.887695,loss_recon:0.219836

6800-loss_z:10.597903,accu:0.21519,loss_recon:0.366903

7000-loss_z:0.400946,accu:0.88791,loss_recon:0.217373

7000-loss_z:10.939228,accu:0.240506,loss_recon:0.373133

7200-loss_z:0.392551,accu:0.897103,loss_recon:0.218669

7200-loss_z:11.331464,accu:0.21519,loss_recon:0.372825

7400-loss_z:0.384029,accu:0.892181,loss_recon:0.21694

7400-loss_z:11.693081,accu:0.21519,loss_recon:0.374697

7600-loss_z:0.371689,accu:0.904232,loss_recon:0.218901

7600-loss_z:12.052703,accu:0.21519,loss_recon:0.37389

7800-loss_z:0.364329,accu:0.904303,loss_recon:0.218206

7800-loss_z:12.438356,accu:0.189873,loss_recon:0.373765

8000-loss_z:0.358701,accu:0.907513,loss_recon:0.215136

8000-loss_z:12.785472,accu:0.202532,loss_recon:0.380381

8200-loss_z:0.347628,accu:0.910996,loss_recon:0.213265

8200-loss_z:13.143522,accu:0.21519,loss_recon:0.37659

8400-loss_z:0.339199,accu:0.909622,loss_recon:0.214207

8400-loss_z:13.507001,accu:0.189873,loss_recon:0.377153

8600-loss_z:0.331926,accu:0.916921,loss_recon:0.215971

8600-loss_z:13.845362,accu:0.21519,loss_recon:0.377566

8800-loss_z:0.324335,accu:0.916706,loss_recon:0.214105

8800-loss_z:14.230942,accu:0.21519,loss_recon:0.378971

9000-loss_z:0.314822,accu:0.924837,loss_recon:0.213324

9000-loss_z:14.617982,accu:0.21519,loss_recon:0.377795

9200-loss_z:0.309132,accu:0.918874,loss_recon:0.212645

9200-loss_z:14.991259,accu:0.202532,loss_recon:0.388332

9400-loss_z:0.303024,accu:0.92181,loss_recon:0.210736

9400-loss_z:15.339353,accu:0.21519,loss_recon:0.393074

9600-loss_z:0.294515,accu:0.929036,loss_recon:0.210496

9600-loss_z:15.678312,accu:0.202532,loss_recon:0.390436

9800-loss_z:0.289835,accu:0.928249,loss_recon:0.209398

9800-loss_z:16.033382,accu:0.21519,loss_recon:0.390646

10000-loss_z:0.283666,accu:0.931953,loss_recon:0.207805

10000-loss_z:16.435921,accu:0.202532,loss_recon:0.397987

10200-loss_z:0.276274,accu:0.934883,loss_recon:0.210807

10200-loss_z:16.734169,accu:0.202532,loss_recon:0.391607

10400-loss_z:0.271547,accu:0.933066,loss_recon:0.203856

10400-loss_z:17.176777,accu:0.21519,loss_recon:0.397467

10600-loss_z:0.270717,accu:0.933717,loss_recon:0.202654

10600-loss_z:17.52627,accu:0.227848,loss_recon:0.399429

10800-loss_z:0.260284,accu:0.937578,loss_recon:0.207458

10800-loss_z:17.823265,accu:0.227848,loss_recon:0.395268

11000-loss_z:0.251348,accu:0.941341,loss_recon:0.204812

11000-loss_z:18.270098,accu:0.227848,loss_recon:0.404045

11200-loss_z:0.25191,accu:0.936061,loss_recon:0.203844

11200-loss_z:18.62606,accu:0.227848,loss_recon:0.4012

11400-loss_z:0.24244,accu:0.937799,loss_recon:0.205147

11400-loss_z:18.992517,accu:0.227848,loss_recon:0.400614

11600-loss_z:0.238653,accu:0.937695,loss_recon:0.204193

11600-loss_z:19.411041,accu:0.227848,loss_recon:0.399881

11800-loss_z:0.235408,accu:0.939277,loss_recon:0.20627

11800-loss_z:19.787037,accu:0.21519,loss_recon:0.394587

12000-loss_z:0.227443,accu:0.939746,loss_recon:0.204877

12000-loss_z:20.177511,accu:0.240506,loss_recon:0.403039

12200-loss_z:0.224191,accu:0.942819,loss_recon:0.206075

12200-loss_z:20.574282,accu:0.227848,loss_recon:0.403193

12400-loss_z:0.220898,accu:0.94196,loss_recon:0.204496

12400-loss_z:20.929237,accu:0.253165,loss_recon:0.400681

12600-loss_z:0.214237,accu:0.941673,loss_recon:0.202352

12600-loss_z:21.326199,accu:0.227848,loss_recon:0.405238

12800-loss_z:0.212782,accu:0.940475,loss_recon:0.202963

12800-loss_z:21.665571,accu:0.253165,loss_recon:0.398223

13000-loss_z:0.210198,accu:0.943197,loss_recon:0.201447

13000-loss_z:22.08971,accu:0.240506,loss_recon:0.406124

13200-loss_z:0.204226,accu:0.948997,loss_recon:0.204612

13200-loss_z:22.454727,accu:0.227848,loss_recon:0.398632

13400-loss_z:0.199185,accu:0.947702,loss_recon:0.200207

13400-loss_z:22.768059,accu:0.227848,loss_recon:0.399837

13600-loss_z:0.196418,accu:0.949095,loss_recon:0.198616

13600-loss_z:23.14319,accu:0.227848,loss_recon:0.404843

13800-loss_z:0.194226,accu:0.949635,loss_recon:0.201531

13800-loss_z:23.545082,accu:0.240506,loss_recon:0.406816

14000-loss_z:0.188505,accu:0.95554,loss_recon:0.200556

14000-loss_z:23.934053,accu:0.227848,loss_recon:0.409022

14200-loss_z:0.185352,accu:0.954818,loss_recon:0.201899

14200-loss_z:24.327776,accu:0.240506,loss_recon:0.401873

14400-loss_z:0.181863,accu:0.952871,loss_recon:0.201022

14400-loss_z:24.730314,accu:0.227848,loss_recon:0.40802

14600-loss_z:0.17857,accu:0.956029,loss_recon:0.19959

14600-loss_z:25.110973,accu:0.240506,loss_recon:0.406683

14800-loss_z:0.17408,accu:0.957292,loss_recon:0.199239

14800-loss_z:25.495867,accu:0.253165,loss_recon:0.408348

15000-loss_z:0.16967,accu:0.960742,loss_recon:0.198944

15000-loss_z:25.905474,accu:0.240506,loss_recon:0.411227

15200-loss_z:0.169474,accu:0.961211,loss_recon:0.199447

15200-loss_z:26.312225,accu:0.253165,loss_recon:0.413063

15400-loss_z:0.167057,accu:0.962279,loss_recon:0.198443

15400-loss_z:26.726652,accu:0.227848,loss_recon:0.408845

15600-loss_z:0.161457,accu:0.967897,loss_recon:0.197671

15600-loss_z:27.092281,accu:0.253165,loss_recon:0.409683

15800-loss_z:0.162893,accu:0.964043,loss_recon:0.198466

15800-loss_z:27.495684,accu:0.253165,loss_recon:0.415473

16000-loss_z:0.157846,accu:0.965853,loss_recon:0.200025

16000-loss_z:27.992731,accu:0.253165,loss_recon:0.410736

16200-loss_z:0.155843,accu:0.963717,loss_recon:0.19848

16200-loss_z:28.358068,accu:0.253165,loss_recon:0.410734

16400-loss_z:0.152865,accu:0.96916,loss_recon:0.200738

16400-loss_z:28.730864,accu:0.253165,loss_recon:0.401875

16600-loss_z:0.148695,accu:0.970514,loss_recon:0.197124

16600-loss_z:29.084627,accu:0.265823,loss_recon:0.411107

16800-loss_z:0.147055,accu:0.966855,loss_recon:0.19783

16800-loss_z:29.528927,accu:0.265823,loss_recon:0.411359

17000-loss_z:0.148393,accu:0.967969,loss_recon:0.197945

17000-loss_z:29.890875,accu:0.265823,loss_recon:0.413396

17200-loss_z:0.143609,accu:0.97304,loss_recon:0.195861

17200-loss_z:30.280497,accu:0.265823,loss_recon:0.410012

17400-loss_z:0.139695,accu:0.971882,loss_recon:0.195752

17400-loss_z:30.673241,accu:0.253165,loss_recon:0.411999

17600-loss_z:0.137572,accu:0.974531,loss_recon:0.198589

17600-loss_z:31.027534,accu:0.253165,loss_recon:0.414453

17800-loss_z:0.1366,accu:0.973216,loss_recon:0.196662

17800-loss_z:31.388512,accu:0.265823,loss_recon:0.417498

18000-loss_z:0.134094,accu:0.97319,loss_recon:0.198604

18000-loss_z:31.763538,accu:0.265823,loss_recon:0.420557

18200-loss_z:0.132683,accu:0.97332,loss_recon:0.198969

18200-loss_z:32.21384,accu:0.253165,loss_recon:0.416787

18400-loss_z:0.128536,accu:0.97653,loss_recon:0.196595

18400-loss_z:32.516632,accu:0.265823,loss_recon:0.417677

18600-loss_z:0.126836,accu:0.976152,loss_recon:0.197132

18600-loss_z:32.88089,accu:0.265823,loss_recon:0.416067

18800-loss_z:0.125227,accu:0.976654,loss_recon:0.196965

18800-loss_z:33.30505,accu:0.253165,loss_recon:0.419618

19000-loss_z:0.123541,accu:0.977591,loss_recon:0.197373

19000-loss_z:33.636913,accu:0.253165,loss_recon:0.418444

19200-loss_z:0.122862,accu:0.978359,loss_recon:0.195896

19200-loss_z:34.04332,accu:0.265823,loss_recon:0.42512

19400-loss_z:0.120965,accu:0.977637,loss_recon:0.195845

19400-loss_z:34.419716,accu:0.265823,loss_recon:0.421343

19600-loss_z:0.118358,accu:0.978242,loss_recon:0.196878

19600-loss_z:34.746738,accu:0.265823,loss_recon:0.428731

19800-loss_z:0.116049,accu:0.980059,loss_recon:0.194463

19800-loss_z:35.09721,accu:0.265823,loss_recon:0.435422

20000-loss_z:0.113657,accu:0.978164,loss_recon:0.196225

20000-loss_z:35.459465,accu:0.265823,loss_recon:0.428946

Continue training
New FC model is initialized
200-loss_z:2.672771,accu:0.128174,loss_recon:1.319473

200-loss_z:2.66613,accu:0.101266,loss_recon:0.699464

400-loss_z:2.068876,accu:0.286497,loss_recon:0.546692

400-loss_z:2.577145,accu:0.113924,loss_recon:0.58839

600-loss_z:1.776792,accu:0.369538,loss_recon:0.439304

600-loss_z:2.570793,accu:0.139241,loss_recon:0.5387

800-loss_z:1.587161,accu:0.421536,loss_recon:0.393137

800-loss_z:2.603579,accu:0.139241,loss_recon:0.47057

1000-loss_z:1.453757,accu:0.468145,loss_recon:0.356018

1000-loss_z:2.654132,accu:0.177215,loss_recon:0.43948

1200-loss_z:1.342957,accu:0.487135,loss_recon:0.338441

1200-loss_z:2.727972,accu:0.189873,loss_recon:0.424393

1400-loss_z:1.258598,accu:0.513913,loss_recon:0.325237

1400-loss_z:2.831662,accu:0.189873,loss_recon:0.419741

1600-loss_z:1.178227,accu:0.568796,loss_recon:0.318041

1600-loss_z:2.896739,accu:0.21519,loss_recon:0.419444

1800-loss_z:1.110507,accu:0.600638,loss_recon:0.309166

1800-loss_z:3.010194,accu:0.21519,loss_recon:0.41791

2000-loss_z:1.051519,accu:0.621178,loss_recon:0.30859

2000-loss_z:3.088366,accu:0.227848,loss_recon:0.415917

2200-loss_z:1.001373,accu:0.651829,loss_recon:0.297868

2200-loss_z:3.190103,accu:0.227848,loss_recon:0.418841

2400-loss_z:0.954149,accu:0.677539,loss_recon:0.295131

2400-loss_z:3.273996,accu:0.265823,loss_recon:0.417443

2600-loss_z:0.917327,accu:0.696237,loss_recon:0.29173

2600-loss_z:3.368218,accu:0.227848,loss_recon:0.411244

2800-loss_z:0.8731,accu:0.712591,loss_recon:0.290311

2800-loss_z:3.476893,accu:0.253165,loss_recon:0.407296

3000-loss_z:0.840324,accu:0.722611,loss_recon:0.280816

3000-loss_z:3.59893,accu:0.240506,loss_recon:0.397236

3200-loss_z:0.810897,accu:0.733451,loss_recon:0.27122

3200-loss_z:3.728004,accu:0.240506,loss_recon:0.382864

3400-loss_z:0.775863,accu:0.743294,loss_recon:0.260695

3400-loss_z:3.87509,accu:0.240506,loss_recon:0.388649

3600-loss_z:0.751245,accu:0.755033,loss_recon:0.251045

3600-loss_z:4.020664,accu:0.278481,loss_recon:0.389158

3800-loss_z:0.725793,accu:0.773757,loss_recon:0.24758

3800-loss_z:4.199558,accu:0.227848,loss_recon:0.39204

4000-loss_z:0.701511,accu:0.774818,loss_recon:0.242945

4000-loss_z:4.355865,accu:0.278481,loss_recon:0.390354

4200-loss_z:0.679409,accu:0.775716,loss_recon:0.237174

4200-loss_z:4.516144,accu:0.253165,loss_recon:0.388718

4400-loss_z:0.655898,accu:0.787689,loss_recon:0.235452

4400-loss_z:4.698597,accu:0.278481,loss_recon:0.388521

4600-loss_z:0.634065,accu:0.799505,loss_recon:0.232305

4600-loss_z:4.883649,accu:0.240506,loss_recon:0.38291

4800-loss_z:0.616689,accu:0.80571,loss_recon:0.229993

4800-loss_z:5.056191,accu:0.240506,loss_recon:0.390659

5000-loss_z:0.600108,accu:0.806934,loss_recon:0.228781

5000-loss_z:5.241013,accu:0.265823,loss_recon:0.388319

5200-loss_z:0.585877,accu:0.813464,loss_recon:0.2251

5200-loss_z:5.42966,accu:0.253165,loss_recon:0.39278

5400-loss_z:0.568486,accu:0.823965,loss_recon:0.223754

5400-loss_z:5.573279,accu:0.265823,loss_recon:0.389638

5600-loss_z:0.554458,accu:0.81985,loss_recon:0.222262

5600-loss_z:5.784382,accu:0.253165,loss_recon:0.394922

5800-loss_z:0.538765,accu:0.820534,loss_recon:0.221692

5800-loss_z:5.94709,accu:0.253165,loss_recon:0.393561

6000-loss_z:0.523067,accu:0.828138,loss_recon:0.218714

6000-loss_z:6.114967,accu:0.278481,loss_recon:0.39537

6200-loss_z:0.513754,accu:0.833249,loss_recon:0.215666

6200-loss_z:6.296552,accu:0.265823,loss_recon:0.39366

6400-loss_z:0.501991,accu:0.827129,loss_recon:0.21289

6400-loss_z:6.502154,accu:0.278481,loss_recon:0.386294

6600-loss_z:0.491579,accu:0.829811,loss_recon:0.211796

6600-loss_z:6.694797,accu:0.265823,loss_recon:0.38542

6800-loss_z:0.478053,accu:0.833646,loss_recon:0.209681

6800-loss_z:6.878833,accu:0.278481,loss_recon:0.384178

7000-loss_z:0.471117,accu:0.839023,loss_recon:0.204022

7000-loss_z:7.063166,accu:0.278481,loss_recon:0.387473

7200-loss_z:0.458489,accu:0.833809,loss_recon:0.201456

7200-loss_z:7.250027,accu:0.265823,loss_recon:0.386302

7400-loss_z:0.450123,accu:0.839635,loss_recon:0.202397

7400-loss_z:7.467482,accu:0.253165,loss_recon:0.391815

7600-loss_z:0.44185,accu:0.849642,loss_recon:0.199866

7600-loss_z:7.649772,accu:0.253165,loss_recon:0.381981

7800-loss_z:0.433714,accu:0.845104,loss_recon:0.199601

7800-loss_z:7.839178,accu:0.265823,loss_recon:0.387515

8000-loss_z:0.423334,accu:0.851771,loss_recon:0.198986

8000-loss_z:8.048503,accu:0.253165,loss_recon:0.385615

8200-loss_z:0.419232,accu:0.853535,loss_recon:0.195698

8200-loss_z:8.229598,accu:0.253165,loss_recon:0.383584

8400-loss_z:0.41002,accu:0.856009,loss_recon:0.192001

8400-loss_z:8.441178,accu:0.265823,loss_recon:0.385451

8600-loss_z:0.399999,accu:0.866139,loss_recon:0.188616

8600-loss_z:8.636445,accu:0.265823,loss_recon:0.393831

8800-loss_z:0.388548,accu:0.864186,loss_recon:0.187841

8800-loss_z:8.832941,accu:0.265823,loss_recon:0.389795

9000-loss_z:0.385743,accu:0.862025,loss_recon:0.187376

9000-loss_z:9.043445,accu:0.265823,loss_recon:0.396992

9200-loss_z:0.377822,accu:0.86403,loss_recon:0.185456

9200-loss_z:9.211257,accu:0.278481,loss_recon:0.396279

9400-loss_z:0.368214,accu:0.871771,loss_recon:0.185881

9400-loss_z:9.420842,accu:0.265823,loss_recon:0.398468

9600-loss_z:0.365764,accu:0.866081,loss_recon:0.182952

9600-loss_z:9.605857,accu:0.265823,loss_recon:0.392999

9800-loss_z:0.357447,accu:0.878372,loss_recon:0.184084

9800-loss_z:9.806398,accu:0.291139,loss_recon:0.403498

10000-loss_z:0.353804,accu:0.871706,loss_recon:0.181662

10000-loss_z:9.956076,accu:0.303797,loss_recon:0.400586

10200-loss_z:0.346087,accu:0.879727,loss_recon:0.179537

10200-loss_z:10.125588,accu:0.278481,loss_recon:0.411028

10400-loss_z:0.339678,accu:0.88265,loss_recon:0.176934

10400-loss_z:10.313205,accu:0.278481,loss_recon:0.401242

10600-loss_z:0.335916,accu:0.884141,loss_recon:0.176226

10600-loss_z:10.520502,accu:0.316456,loss_recon:0.399765

10800-loss_z:0.329835,accu:0.889798,loss_recon:0.178076

10800-loss_z:10.784774,accu:0.303797,loss_recon:0.406879

11000-loss_z:0.323976,accu:0.883613,loss_recon:0.176099

11000-loss_z:11.011904,accu:0.291139,loss_recon:0.404298

11200-loss_z:0.319224,accu:0.891947,loss_recon:0.173123

11200-loss_z:11.244851,accu:0.291139,loss_recon:0.406688

11400-loss_z:0.316576,accu:0.89319,loss_recon:0.175027

11400-loss_z:11.533195,accu:0.291139,loss_recon:0.408379

11600-loss_z:0.308428,accu:0.8911,loss_recon:0.175713

11600-loss_z:11.76142,accu:0.316456,loss_recon:0.40746

11800-loss_z:0.303456,accu:0.896582,loss_recon:0.174822

11800-loss_z:12.084282,accu:0.291139,loss_recon:0.41348

12000-loss_z:0.299272,accu:0.902233,loss_recon:0.173832

12000-loss_z:12.304506,accu:0.291139,loss_recon:0.412606

12200-loss_z:0.29207,accu:0.90002,loss_recon:0.172811

12200-loss_z:12.555135,accu:0.291139,loss_recon:0.413723

12400-loss_z:0.292503,accu:0.899362,loss_recon:0.175775

12400-loss_z:12.838765,accu:0.303797,loss_recon:0.416332

12600-loss_z:0.287791,accu:0.904076,loss_recon:0.173844

12600-loss_z:13.142464,accu:0.303797,loss_recon:0.416074

12800-loss_z:0.277735,accu:0.905104,loss_recon:0.17299

12800-loss_z:13.388266,accu:0.303797,loss_recon:0.418189

13000-loss_z:0.278133,accu:0.910378,loss_recon:0.17279

13000-loss_z:13.652488,accu:0.303797,loss_recon:0.408349

13200-loss_z:0.268904,accu:0.918047,loss_recon:0.171438

13200-loss_z:13.965094,accu:0.291139,loss_recon:0.412137

13400-loss_z:0.267142,accu:0.91582,loss_recon:0.17228

13400-loss_z:14.205811,accu:0.291139,loss_recon:0.40823

13600-loss_z:0.262589,accu:0.915527,loss_recon:0.171388

13600-loss_z:14.513088,accu:0.291139,loss_recon:0.406683

13800-loss_z:0.259051,accu:0.919896,loss_recon:0.171447

13800-loss_z:14.794282,accu:0.291139,loss_recon:0.405871

14000-loss_z:0.254479,accu:0.922259,loss_recon:0.17113

14000-loss_z:15.096889,accu:0.291139,loss_recon:0.4111

14200-loss_z:0.250943,accu:0.924284,loss_recon:0.169756

14200-loss_z:15.352743,accu:0.278481,loss_recon:0.40271

14400-loss_z:0.249849,accu:0.921172,loss_recon:0.169872

14400-loss_z:15.66356,accu:0.291139,loss_recon:0.408552

14600-loss_z:0.245739,accu:0.922643,loss_recon:0.171093

14600-loss_z:15.955957,accu:0.278481,loss_recon:0.409838

14800-loss_z:0.238878,accu:0.924056,loss_recon:0.170532

14800-loss_z:16.188604,accu:0.278481,loss_recon:0.40468

15000-loss_z:0.237357,accu:0.930573,loss_recon:0.168776

15000-loss_z:16.456167,accu:0.278481,loss_recon:0.407073

15200-loss_z:0.228832,accu:0.932415,loss_recon:0.169632

15200-loss_z:16.75098,accu:0.278481,loss_recon:0.405316

15400-loss_z:0.231729,accu:0.933223,loss_recon:0.170862

15400-loss_z:17.039198,accu:0.278481,loss_recon:0.411658

15600-loss_z:0.226701,accu:0.936042,loss_recon:0.169489

15600-loss_z:17.350191,accu:0.278481,loss_recon:0.403294

15800-loss_z:0.223688,accu:0.934616,loss_recon:0.167151

15800-loss_z:17.605669,accu:0.278481,loss_recon:0.408128

16000-loss_z:0.218216,accu:0.939141,loss_recon:0.167762

16000-loss_z:17.887014,accu:0.278481,loss_recon:0.403397

16200-loss_z:0.21648,accu:0.937246,loss_recon:0.166377

16200-loss_z:18.1833,accu:0.291139,loss_recon:0.404471

16400-loss_z:0.211556,accu:0.941374,loss_recon:0.166651

16400-loss_z:18.459593,accu:0.278481,loss_recon:0.398969

16600-loss_z:0.211875,accu:0.938079,loss_recon:0.166501

16600-loss_z:18.732687,accu:0.278481,loss_recon:0.404791

16800-loss_z:0.207376,accu:0.945697,loss_recon:0.168312

16800-loss_z:19.030474,accu:0.278481,loss_recon:0.40735

17000-loss_z:0.203653,accu:0.948132,loss_recon:0.165983

17000-loss_z:19.350208,accu:0.265823,loss_recon:0.405376

17200-loss_z:0.20017,accu:0.952956,loss_recon:0.165863

17200-loss_z:19.625607,accu:0.278481,loss_recon:0.402762

17400-loss_z:0.199144,accu:0.948066,loss_recon:0.165644

17400-loss_z:19.86986,accu:0.265823,loss_recon:0.406041

17600-loss_z:0.195488,accu:0.951022,loss_recon:0.166292

17600-loss_z:20.189173,accu:0.278481,loss_recon:0.407134

17800-loss_z:0.194396,accu:0.950352,loss_recon:0.166563

17800-loss_z:20.492897,accu:0.265823,loss_recon:0.4081

18000-loss_z:0.193584,accu:0.948607,loss_recon:0.165798

18000-loss_z:20.744686,accu:0.253165,loss_recon:0.405205

18200-loss_z:0.187385,accu:0.951654,loss_recon:0.165228

18200-loss_z:21.075741,accu:0.278481,loss_recon:0.412247

18400-loss_z:0.183572,accu:0.95541,loss_recon:0.165086

18400-loss_z:21.384295,accu:0.291139,loss_recon:0.41263

18600-loss_z:0.18343,accu:0.955488,loss_recon:0.166255

18600-loss_z:21.657305,accu:0.278481,loss_recon:0.409753

18800-loss_z:0.180384,accu:0.957012,loss_recon:0.165152

18800-loss_z:21.907125,accu:0.291139,loss_recon:0.413754

19000-loss_z:0.176499,accu:0.961094,loss_recon:0.165474

19000-loss_z:22.176603,accu:0.291139,loss_recon:0.408927

19200-loss_z:0.174088,accu:0.957129,loss_recon:0.16534

19200-loss_z:22.434427,accu:0.265823,loss_recon:0.406453

19400-loss_z:0.168644,accu:0.962988,loss_recon:0.164498

19400-loss_z:22.640923,accu:0.278481,loss_recon:0.41566

19600-loss_z:0.167509,accu:0.960664,loss_recon:0.165659

19600-loss_z:22.878799,accu:0.278481,loss_recon:0.420369

19800-loss_z:0.162613,accu:0.963763,loss_recon:0.164306

19800-loss_z:23.069214,accu:0.253165,loss_recon:0.416009

20000-loss_z:0.163472,accu:0.963073,loss_recon:0.165588

20000-loss_z:23.248219,accu:0.265823,loss_recon:0.410304

Continue training
New FC model is initialized
200-loss_z:2.626586,accu:0.148677,loss_recon:1.048283

200-loss_z:2.614813,accu:0.063291,loss_recon:0.609555

400-loss_z:2.024898,accu:0.287298,loss_recon:0.49047

400-loss_z:2.509776,accu:0.075949,loss_recon:0.435591

600-loss_z:1.710287,accu:0.377487,loss_recon:0.396871

600-loss_z:2.580061,accu:0.063291,loss_recon:0.386197

800-loss_z:1.527587,accu:0.444199,loss_recon:0.364159

800-loss_z:2.697927,accu:0.101266,loss_recon:0.36433

1000-loss_z:1.385246,accu:0.493138,loss_recon:0.342853

1000-loss_z:2.845471,accu:0.113924,loss_recon:0.364262

1200-loss_z:1.281317,accu:0.529466,loss_recon:0.330603

1200-loss_z:2.994894,accu:0.151899,loss_recon:0.363413

1400-loss_z:1.198183,accu:0.55373,loss_recon:0.320093

1400-loss_z:3.104726,accu:0.21519,loss_recon:0.361092

1600-loss_z:1.127756,accu:0.593639,loss_recon:0.316185

1600-loss_z:3.190639,accu:0.189873,loss_recon:0.355936

1800-loss_z:1.067671,accu:0.631107,loss_recon:0.301835

1800-loss_z:3.29258,accu:0.21519,loss_recon:0.353875

2000-loss_z:1.008255,accu:0.65875,loss_recon:0.294581

2000-loss_z:3.377805,accu:0.21519,loss_recon:0.35276

2200-loss_z:0.953632,accu:0.668086,loss_recon:0.281686

2200-loss_z:3.50994,accu:0.202532,loss_recon:0.356448

2400-loss_z:0.907691,accu:0.683874,loss_recon:0.279262

2400-loss_z:3.653762,accu:0.21519,loss_recon:0.365027

2600-loss_z:0.867912,accu:0.689023,loss_recon:0.273912

2600-loss_z:3.771575,accu:0.202532,loss_recon:0.360294

2800-loss_z:0.83218,accu:0.700846,loss_recon:0.269472

2800-loss_z:3.912292,accu:0.189873,loss_recon:0.36502

3000-loss_z:0.794136,accu:0.710996,loss_recon:0.265388

3000-loss_z:4.065886,accu:0.189873,loss_recon:0.360461

3200-loss_z:0.761122,accu:0.727871,loss_recon:0.259602

3200-loss_z:4.225579,accu:0.202532,loss_recon:0.360358

3400-loss_z:0.729543,accu:0.73584,loss_recon:0.257465

3400-loss_z:4.398569,accu:0.189873,loss_recon:0.361067

3600-loss_z:0.706709,accu:0.739518,loss_recon:0.253388

3600-loss_z:4.544741,accu:0.189873,loss_recon:0.362111

3800-loss_z:0.678884,accu:0.760599,loss_recon:0.250938

3800-loss_z:4.72173,accu:0.189873,loss_recon:0.367718

4000-loss_z:0.649547,accu:0.784798,loss_recon:0.248491

4000-loss_z:4.860912,accu:0.189873,loss_recon:0.363547

4200-loss_z:0.627359,accu:0.794883,loss_recon:0.244526

4200-loss_z:5.060496,accu:0.21519,loss_recon:0.360239

4400-loss_z:0.608146,accu:0.806882,loss_recon:0.236868

4400-loss_z:5.22691,accu:0.202532,loss_recon:0.363081

4600-loss_z:0.586798,accu:0.814284,loss_recon:0.238393

4600-loss_z:5.403888,accu:0.21519,loss_recon:0.368989

4800-loss_z:0.568429,accu:0.822057,loss_recon:0.234653

4800-loss_z:5.582703,accu:0.21519,loss_recon:0.368565

5000-loss_z:0.550269,accu:0.825859,loss_recon:0.230641

5000-loss_z:5.783353,accu:0.21519,loss_recon:0.372672

5200-loss_z:0.533096,accu:0.840378,loss_recon:0.228282

5200-loss_z:6.017744,accu:0.21519,loss_recon:0.37095

5400-loss_z:0.517081,accu:0.840469,loss_recon:0.227335

5400-loss_z:6.216963,accu:0.202532,loss_recon:0.376622

5600-loss_z:0.501214,accu:0.848672,loss_recon:0.22318

5600-loss_z:6.466631,accu:0.227848,loss_recon:0.37851

5800-loss_z:0.485302,accu:0.852122,loss_recon:0.223064

5800-loss_z:6.670758,accu:0.21519,loss_recon:0.385325

6000-loss_z:0.474944,accu:0.86748,loss_recon:0.222279

6000-loss_z:6.904442,accu:0.202532,loss_recon:0.382615

6200-loss_z:0.457567,accu:0.872376,loss_recon:0.21886

6200-loss_z:7.118565,accu:0.227848,loss_recon:0.383809

6400-loss_z:0.444338,accu:0.874915,loss_recon:0.219088

6400-loss_z:7.369635,accu:0.202532,loss_recon:0.383859

6600-loss_z:0.430712,accu:0.881868,loss_recon:0.220043

6600-loss_z:7.584905,accu:0.21519,loss_recon:0.390443

6800-loss_z:0.418399,accu:0.886068,loss_recon:0.212969

6800-loss_z:7.812556,accu:0.21519,loss_recon:0.391621

7000-loss_z:0.407811,accu:0.8939,loss_recon:0.214292

7000-loss_z:8.039334,accu:0.227848,loss_recon:0.396023

7200-loss_z:0.399687,accu:0.894245,loss_recon:0.213813

7200-loss_z:8.286021,accu:0.240506,loss_recon:0.398742

7400-loss_z:0.388408,accu:0.898685,loss_recon:0.213123

7400-loss_z:8.493485,accu:0.240506,loss_recon:0.401369

7600-loss_z:0.372581,accu:0.903626,loss_recon:0.211654

7600-loss_z:8.722247,accu:0.227848,loss_recon:0.403013

7800-loss_z:0.362738,accu:0.90903,loss_recon:0.210884

7800-loss_z:8.941091,accu:0.21519,loss_recon:0.405428

8000-loss_z:0.354413,accu:0.911693,loss_recon:0.20789

8000-loss_z:9.166125,accu:0.253165,loss_recon:0.410654

8200-loss_z:0.342259,accu:0.91888,loss_recon:0.208149

8200-loss_z:9.389016,accu:0.253165,loss_recon:0.413817

8400-loss_z:0.336667,accu:0.919128,loss_recon:0.205061

8400-loss_z:9.607967,accu:0.253165,loss_recon:0.393552

8600-loss_z:0.328536,accu:0.931471,loss_recon:0.202904

8600-loss_z:9.815179,accu:0.265823,loss_recon:0.401078

8800-loss_z:0.316467,accu:0.932253,loss_recon:0.20277

8800-loss_z:10.087028,accu:0.253165,loss_recon:0.403307

9000-loss_z:0.306871,accu:0.938249,loss_recon:0.204367

9000-loss_z:10.319122,accu:0.265823,loss_recon:0.399564

9200-loss_z:0.301061,accu:0.936927,loss_recon:0.202665

9200-loss_z:10.518054,accu:0.253165,loss_recon:0.402349

9400-loss_z:0.293121,accu:0.94056,loss_recon:0.200293

9400-loss_z:10.716831,accu:0.253165,loss_recon:0.413821

9600-loss_z:0.28342,accu:0.946875,loss_recon:0.19811

9600-loss_z:10.928474,accu:0.253165,loss_recon:0.405997

9800-loss_z:0.272991,accu:0.949811,loss_recon:0.197928

9800-loss_z:11.138341,accu:0.253165,loss_recon:0.404029

10000-loss_z:0.266399,accu:0.952155,loss_recon:0.199841

10000-loss_z:11.32633,accu:0.253165,loss_recon:0.405618

10200-loss_z:0.259279,accu:0.951523,loss_recon:0.198458

10200-loss_z:11.514321,accu:0.240506,loss_recon:0.409153

10400-loss_z:0.252669,accu:0.952624,loss_recon:0.197288

10400-loss_z:11.73531,accu:0.253165,loss_recon:0.415562

10600-loss_z:0.241372,accu:0.95903,loss_recon:0.19654

10600-loss_z:11.94919,accu:0.253165,loss_recon:0.413062

10800-loss_z:0.234645,accu:0.955996,loss_recon:0.19401

10800-loss_z:12.1817,accu:0.253165,loss_recon:0.410528

11000-loss_z:0.2298,accu:0.957285,loss_recon:0.19668

11000-loss_z:12.395186,accu:0.253165,loss_recon:0.410803

11200-loss_z:0.224989,accu:0.964017,loss_recon:0.193105

11200-loss_z:12.612382,accu:0.253165,loss_recon:0.414155

11400-loss_z:0.219546,accu:0.964681,loss_recon:0.190635

11400-loss_z:12.856593,accu:0.253165,loss_recon:0.414175

11600-loss_z:0.21205,accu:0.962285,loss_recon:0.189684

11600-loss_z:13.123053,accu:0.253165,loss_recon:0.414152

11800-loss_z:0.204265,accu:0.965469,loss_recon:0.192291

11800-loss_z:13.346239,accu:0.265823,loss_recon:0.414856

12000-loss_z:0.200395,accu:0.966517,loss_recon:0.186842

12000-loss_z:13.611781,accu:0.265823,loss_recon:0.4193

12200-loss_z:0.19217,accu:0.968835,loss_recon:0.190029

12200-loss_z:13.841981,accu:0.265823,loss_recon:0.42336

12400-loss_z:0.187592,accu:0.970163,loss_recon:0.19095

12400-loss_z:14.094869,accu:0.265823,loss_recon:0.41698

12600-loss_z:0.182359,accu:0.971146,loss_recon:0.188221

12600-loss_z:14.321695,accu:0.265823,loss_recon:0.417361

12800-loss_z:0.17779,accu:0.972559,loss_recon:0.187817

12800-loss_z:14.601268,accu:0.265823,loss_recon:0.421053

13000-loss_z:0.17135,accu:0.9739,loss_recon:0.188576

13000-loss_z:14.837036,accu:0.265823,loss_recon:0.426681

13200-loss_z:0.165748,accu:0.971641,loss_recon:0.188329

13200-loss_z:15.084079,accu:0.265823,loss_recon:0.425628

13400-loss_z:0.163633,accu:0.971217,loss_recon:0.18734

13400-loss_z:15.350909,accu:0.265823,loss_recon:0.43644

13600-loss_z:0.159146,accu:0.974596,loss_recon:0.188325

13600-loss_z:15.585962,accu:0.265823,loss_recon:0.437037

13800-loss_z:0.155503,accu:0.973327,loss_recon:0.186043

13800-loss_z:15.824555,accu:0.278481,loss_recon:0.429688

14000-loss_z:0.152066,accu:0.974642,loss_recon:0.186688

14000-loss_z:16.059099,accu:0.265823,loss_recon:0.420723

14200-loss_z:0.145339,accu:0.97834,loss_recon:0.184753

14200-loss_z:16.286617,accu:0.265823,loss_recon:0.424055

14400-loss_z:0.143409,accu:0.97776,loss_recon:0.189808

14400-loss_z:16.542149,accu:0.278481,loss_recon:0.423221

14600-loss_z:0.13769,accu:0.976413,loss_recon:0.184494

14600-loss_z:16.779314,accu:0.278481,loss_recon:0.423368

14800-loss_z:0.134237,accu:0.978691,loss_recon:0.186273

14800-loss_z:17.013521,accu:0.265823,loss_recon:0.425311

15000-loss_z:0.132709,accu:0.978698,loss_recon:0.186567

15000-loss_z:17.260662,accu:0.265823,loss_recon:0.433674

15200-loss_z:0.129798,accu:0.978887,loss_recon:0.184204

15200-loss_z:17.514513,accu:0.265823,loss_recon:0.421862

15400-loss_z:0.125653,accu:0.980951,loss_recon:0.186456

15400-loss_z:17.738518,accu:0.265823,loss_recon:0.428235

15600-loss_z:0.123406,accu:0.980365,loss_recon:0.185338

15600-loss_z:18.012476,accu:0.265823,loss_recon:0.424796

15800-loss_z:0.120153,accu:0.981621,loss_recon:0.182966

15800-loss_z:18.266733,accu:0.265823,loss_recon:0.42798

16000-loss_z:0.11462,accu:0.98168,loss_recon:0.185012

16000-loss_z:18.503691,accu:0.265823,loss_recon:0.42163

16200-loss_z:0.112351,accu:0.983366,loss_recon:0.18407

16200-loss_z:18.754889,accu:0.265823,loss_recon:0.425996

16400-loss_z:0.109455,accu:0.983242,loss_recon:0.184064

16400-loss_z:18.993357,accu:0.265823,loss_recon:0.426736

16600-loss_z:0.106977,accu:0.983678,loss_recon:0.184789

16600-loss_z:19.270546,accu:0.291139,loss_recon:0.431148

16800-loss_z:0.105525,accu:0.984499,loss_recon:0.183879

16800-loss_z:19.471422,accu:0.265823,loss_recon:0.423636

17000-loss_z:0.102209,accu:0.98651,loss_recon:0.184678

17000-loss_z:19.763811,accu:0.253165,loss_recon:0.420278

17200-loss_z:0.099552,accu:0.986901,loss_recon:0.184501

17200-loss_z:19.983572,accu:0.253165,loss_recon:0.424003

17400-loss_z:0.097102,accu:0.986361,loss_recon:0.183728

17400-loss_z:20.195658,accu:0.253165,loss_recon:0.420954

17600-loss_z:0.095861,accu:0.987454,loss_recon:0.18328

17600-loss_z:20.45652,accu:0.265823,loss_recon:0.428177

17800-loss_z:0.092349,accu:0.987298,loss_recon:0.183861

17800-loss_z:20.693388,accu:0.253165,loss_recon:0.430394

18000-loss_z:0.092171,accu:0.987845,loss_recon:0.183608

18000-loss_z:20.959547,accu:0.278481,loss_recon:0.427669

18200-loss_z:0.087082,accu:0.990202,loss_recon:0.186941

18200-loss_z:21.178528,accu:0.278481,loss_recon:0.437519

18400-loss_z:0.086126,accu:0.989902,loss_recon:0.18267

18400-loss_z:21.4335,accu:0.278481,loss_recon:0.432411

18600-loss_z:0.083338,accu:0.990352,loss_recon:0.181642

18600-loss_z:21.737249,accu:0.278481,loss_recon:0.437942

18800-loss_z:0.082377,accu:0.99054,loss_recon:0.181602

18800-loss_z:21.959955,accu:0.265823,loss_recon:0.428893

19000-loss_z:0.078522,accu:0.991387,loss_recon:0.182799

19000-loss_z:22.189018,accu:0.265823,loss_recon:0.421233

19200-loss_z:0.078141,accu:0.991152,loss_recon:0.182929

19200-loss_z:22.406172,accu:0.278481,loss_recon:0.428214

19400-loss_z:0.076997,accu:0.992813,loss_recon:0.181892

19400-loss_z:22.671247,accu:0.265823,loss_recon:0.432369

19600-loss_z:0.075357,accu:0.991829,loss_recon:0.184065

19600-loss_z:22.938549,accu:0.278481,loss_recon:0.431028

19800-loss_z:0.074787,accu:0.992025,loss_recon:0.181588

19800-loss_z:23.195278,accu:0.278481,loss_recon:0.429196

20000-loss_z:0.071962,accu:0.992396,loss_recon:0.181256

20000-loss_z:23.462023,accu:0.278481,loss_recon:0.428675

Continue training
New FC model is initialized
200-loss_z:2.660874,accu:0.159262,loss_recon:1.486719

200-loss_z:2.73247,accu:0.037975,loss_recon:0.802211

400-loss_z:2.032419,accu:0.295527,loss_recon:0.624973

400-loss_z:2.584234,accu:0.075949,loss_recon:0.548218

600-loss_z:1.733797,accu:0.372904,loss_recon:0.44227

600-loss_z:2.662741,accu:0.050633,loss_recon:0.444599

800-loss_z:1.536638,accu:0.456647,loss_recon:0.378568

800-loss_z:2.79014,accu:0.075949,loss_recon:0.423618

1000-loss_z:1.399367,accu:0.502109,loss_recon:0.357687

1000-loss_z:2.923445,accu:0.126582,loss_recon:0.417239

1200-loss_z:1.287782,accu:0.558288,loss_recon:0.349327

1200-loss_z:3.081801,accu:0.177215,loss_recon:0.413521

1400-loss_z:1.193813,accu:0.593027,loss_recon:0.341073

1400-loss_z:3.252783,accu:0.164557,loss_recon:0.407941

1600-loss_z:1.124351,accu:0.604798,loss_recon:0.33731

1600-loss_z:3.424017,accu:0.126582,loss_recon:0.405501

1800-loss_z:1.058841,accu:0.620677,loss_recon:0.330267

1800-loss_z:3.574712,accu:0.164557,loss_recon:0.392122

2000-loss_z:1.004636,accu:0.637604,loss_recon:0.326295

2000-loss_z:3.748758,accu:0.189873,loss_recon:0.38319

2200-loss_z:0.956486,accu:0.653379,loss_recon:0.320145

2200-loss_z:3.922643,accu:0.177215,loss_recon:0.378427

2400-loss_z:0.911561,accu:0.663867,loss_recon:0.315151

2400-loss_z:4.107767,accu:0.202532,loss_recon:0.375038

2600-loss_z:0.87469,accu:0.680521,loss_recon:0.312616

2600-loss_z:4.246926,accu:0.202532,loss_recon:0.371133

2800-loss_z:0.834886,accu:0.695397,loss_recon:0.303168

2800-loss_z:4.425034,accu:0.177215,loss_recon:0.370974

3000-loss_z:0.806514,accu:0.70957,loss_recon:0.304167

3000-loss_z:4.60754,accu:0.189873,loss_recon:0.364292

3200-loss_z:0.776242,accu:0.719629,loss_recon:0.301406

3200-loss_z:4.785226,accu:0.177215,loss_recon:0.362374

3400-loss_z:0.748181,accu:0.727682,loss_recon:0.300135

3400-loss_z:4.957464,accu:0.189873,loss_recon:0.36121

3600-loss_z:0.725978,accu:0.7411,loss_recon:0.296853

3600-loss_z:5.110277,accu:0.21519,loss_recon:0.361196

3800-loss_z:0.700871,accu:0.740755,loss_recon:0.292762

3800-loss_z:5.291616,accu:0.189873,loss_recon:0.363576

4000-loss_z:0.68497,accu:0.748112,loss_recon:0.290541

4000-loss_z:5.457146,accu:0.202532,loss_recon:0.371321

4200-loss_z:0.668499,accu:0.748223,loss_recon:0.288309

4200-loss_z:5.626991,accu:0.21519,loss_recon:0.370375

4400-loss_z:0.647043,accu:0.768242,loss_recon:0.287245

4400-loss_z:5.787372,accu:0.227848,loss_recon:0.372807

4600-loss_z:0.633948,accu:0.763991,loss_recon:0.283082

4600-loss_z:5.95736,accu:0.202532,loss_recon:0.373237

4800-loss_z:0.619926,accu:0.783828,loss_recon:0.278186

4800-loss_z:6.100855,accu:0.227848,loss_recon:0.3783

5000-loss_z:0.603553,accu:0.783659,loss_recon:0.280652

5000-loss_z:6.240288,accu:0.202532,loss_recon:0.379027

5200-loss_z:0.590765,accu:0.785436,loss_recon:0.276439

5200-loss_z:6.403597,accu:0.240506,loss_recon:0.389553

5400-loss_z:0.576185,accu:0.7975,loss_recon:0.27213

5400-loss_z:6.556267,accu:0.240506,loss_recon:0.386841

5600-loss_z:0.567919,accu:0.803861,loss_recon:0.267904

5600-loss_z:6.714118,accu:0.227848,loss_recon:0.389105

5800-loss_z:0.55141,accu:0.808385,loss_recon:0.261618

5800-loss_z:6.890184,accu:0.278481,loss_recon:0.394875

6000-loss_z:0.53966,accu:0.808509,loss_recon:0.257533

6000-loss_z:7.020499,accu:0.240506,loss_recon:0.393356

6200-loss_z:0.534859,accu:0.813516,loss_recon:0.254179

6200-loss_z:7.138883,accu:0.240506,loss_recon:0.397434

6400-loss_z:0.524948,accu:0.812982,loss_recon:0.24876

6400-loss_z:7.299775,accu:0.253165,loss_recon:0.398793

6600-loss_z:0.507111,accu:0.830983,loss_recon:0.242472

6600-loss_z:7.425862,accu:0.265823,loss_recon:0.404111

6800-loss_z:0.504133,accu:0.822051,loss_recon:0.241686

6800-loss_z:7.584144,accu:0.265823,loss_recon:0.413343

7000-loss_z:0.487292,accu:0.831882,loss_recon:0.236237

7000-loss_z:7.749012,accu:0.265823,loss_recon:0.407225

7200-loss_z:0.479283,accu:0.838841,loss_recon:0.232466

7200-loss_z:7.852948,accu:0.278481,loss_recon:0.40873

7400-loss_z:0.471125,accu:0.841947,loss_recon:0.231422

7400-loss_z:8.028596,accu:0.278481,loss_recon:0.417415

7600-loss_z:0.46718,accu:0.839629,loss_recon:0.226008

7600-loss_z:8.198182,accu:0.278481,loss_recon:0.425781

7800-loss_z:0.458171,accu:0.845026,loss_recon:0.226591

7800-loss_z:8.344493,accu:0.265823,loss_recon:0.424458

8000-loss_z:0.445649,accu:0.851458,loss_recon:0.223325

8000-loss_z:8.481872,accu:0.253165,loss_recon:0.421429

8200-loss_z:0.442833,accu:0.850104,loss_recon:0.22166

8200-loss_z:8.62944,accu:0.265823,loss_recon:0.426095

8400-loss_z:0.434534,accu:0.848275,loss_recon:0.220676

8400-loss_z:8.806616,accu:0.253165,loss_recon:0.435273

8600-loss_z:0.42363,accu:0.856862,loss_recon:0.21783

8600-loss_z:8.994512,accu:0.265823,loss_recon:0.434263

8800-loss_z:0.412932,accu:0.858066,loss_recon:0.215649

8800-loss_z:9.144034,accu:0.278481,loss_recon:0.443053

9000-loss_z:0.413179,accu:0.859863,loss_recon:0.213377

9000-loss_z:9.35609,accu:0.265823,loss_recon:0.434128

9200-loss_z:0.403714,accu:0.863203,loss_recon:0.21374

9200-loss_z:9.502032,accu:0.240506,loss_recon:0.432275

9400-loss_z:0.397973,accu:0.863047,loss_recon:0.213963

9400-loss_z:9.663346,accu:0.253165,loss_recon:0.437252

9600-loss_z:0.386661,accu:0.869388,loss_recon:0.212716

9600-loss_z:9.929844,accu:0.253165,loss_recon:0.438894

9800-loss_z:0.385253,accu:0.868555,loss_recon:0.212854

9800-loss_z:10.091422,accu:0.253165,loss_recon:0.452283

10000-loss_z:0.376977,accu:0.8764,loss_recon:0.210139

10000-loss_z:10.330459,accu:0.265823,loss_recon:0.441571

10200-loss_z:0.367862,accu:0.87388,loss_recon:0.212382

10200-loss_z:10.556231,accu:0.253165,loss_recon:0.441782

10400-loss_z:0.365301,accu:0.876751,loss_recon:0.209608

10400-loss_z:10.763448,accu:0.253165,loss_recon:0.456381

10600-loss_z:0.355755,accu:0.882031,loss_recon:0.207757

10600-loss_z:10.958191,accu:0.278481,loss_recon:0.451345

10800-loss_z:0.348783,accu:0.880104,loss_recon:0.208023

10800-loss_z:11.142222,accu:0.253165,loss_recon:0.453

11000-loss_z:0.344847,accu:0.881563,loss_recon:0.206373

11000-loss_z:11.326296,accu:0.253165,loss_recon:0.451765

11200-loss_z:0.340051,accu:0.891341,loss_recon:0.205972

11200-loss_z:11.521362,accu:0.265823,loss_recon:0.452728

11400-loss_z:0.329106,accu:0.897689,loss_recon:0.204791

11400-loss_z:11.653566,accu:0.253165,loss_recon:0.460754

11600-loss_z:0.319249,accu:0.902441,loss_recon:0.206612

11600-loss_z:11.768398,accu:0.278481,loss_recon:0.466084

11800-loss_z:0.311411,accu:0.908841,loss_recon:0.204068

11800-loss_z:11.929827,accu:0.278481,loss_recon:0.466382

12000-loss_z:0.303526,accu:0.920827,loss_recon:0.203608

12000-loss_z:12.209538,accu:0.291139,loss_recon:0.460204

12200-loss_z:0.300697,accu:0.919733,loss_recon:0.201957

12200-loss_z:12.453535,accu:0.265823,loss_recon:0.457095

12400-loss_z:0.293737,accu:0.925827,loss_recon:0.202158

12400-loss_z:12.636701,accu:0.278481,loss_recon:0.46608

12600-loss_z:0.288017,accu:0.93485,loss_recon:0.204121

12600-loss_z:12.898779,accu:0.278481,loss_recon:0.458842

12800-loss_z:0.283722,accu:0.935924,loss_recon:0.202328

12800-loss_z:13.165934,accu:0.278481,loss_recon:0.459047

13000-loss_z:0.276323,accu:0.939733,loss_recon:0.201902

13000-loss_z:13.379651,accu:0.291139,loss_recon:0.46028

13200-loss_z:0.269398,accu:0.943398,loss_recon:0.202954

13200-loss_z:13.610554,accu:0.303797,loss_recon:0.46699

13400-loss_z:0.267224,accu:0.940736,loss_recon:0.198547

13400-loss_z:13.820739,accu:0.291139,loss_recon:0.450313

13600-loss_z:0.262549,accu:0.944128,loss_recon:0.200571

13600-loss_z:14.037832,accu:0.291139,loss_recon:0.464241

13800-loss_z:0.256977,accu:0.945143,loss_recon:0.200339

13800-loss_z:14.240967,accu:0.278481,loss_recon:0.465642

14000-loss_z:0.252313,accu:0.946895,loss_recon:0.199144

14000-loss_z:14.46092,accu:0.278481,loss_recon:0.46486

14200-loss_z:0.246361,accu:0.947025,loss_recon:0.197816

14200-loss_z:14.652406,accu:0.291139,loss_recon:0.461971

14400-loss_z:0.242733,accu:0.946289,loss_recon:0.202402

14400-loss_z:14.835703,accu:0.291139,loss_recon:0.467908

14600-loss_z:0.241403,accu:0.949414,loss_recon:0.201498

14600-loss_z:15.040652,accu:0.265823,loss_recon:0.473335

14800-loss_z:0.237493,accu:0.951029,loss_recon:0.201305

14800-loss_z:15.267609,accu:0.265823,loss_recon:0.465615

15000-loss_z:0.231479,accu:0.957806,loss_recon:0.198661

15000-loss_z:15.489846,accu:0.265823,loss_recon:0.463529

15200-loss_z:0.229945,accu:0.952324,loss_recon:0.199245

15200-loss_z:15.738259,accu:0.253165,loss_recon:0.46518

15400-loss_z:0.225973,accu:0.954154,loss_recon:0.199411

15400-loss_z:15.887649,accu:0.253165,loss_recon:0.464935

15600-loss_z:0.221298,accu:0.954714,loss_recon:0.200548

15600-loss_z:16.137665,accu:0.253165,loss_recon:0.470533

15800-loss_z:0.219447,accu:0.953008,loss_recon:0.198646

15800-loss_z:16.365019,accu:0.253165,loss_recon:0.467362

16000-loss_z:0.215416,accu:0.955462,loss_recon:0.196961

16000-loss_z:16.515692,accu:0.253165,loss_recon:0.464675

16200-loss_z:0.215219,accu:0.953939,loss_recon:0.197478

16200-loss_z:16.712111,accu:0.240506,loss_recon:0.463395

16400-loss_z:0.210774,accu:0.956439,loss_recon:0.198

16400-loss_z:16.898205,accu:0.253165,loss_recon:0.464032

16600-loss_z:0.205345,accu:0.961471,loss_recon:0.198213

16600-loss_z:17.073261,accu:0.240506,loss_recon:0.460459

16800-loss_z:0.203053,accu:0.957246,loss_recon:0.198178

16800-loss_z:17.312239,accu:0.265823,loss_recon:0.46283

17000-loss_z:0.200954,accu:0.957533,loss_recon:0.197037

17000-loss_z:17.49383,accu:0.278481,loss_recon:0.461924

17200-loss_z:0.195216,accu:0.95696,loss_recon:0.197293

17200-loss_z:17.683739,accu:0.278481,loss_recon:0.463572

17400-loss_z:0.193492,accu:0.959733,loss_recon:0.197027

17400-loss_z:17.863218,accu:0.265823,loss_recon:0.468048

17600-loss_z:0.190806,accu:0.957038,loss_recon:0.196446

17600-loss_z:18.027586,accu:0.265823,loss_recon:0.4745

17800-loss_z:0.18829,accu:0.957552,loss_recon:0.197848

17800-loss_z:18.216825,accu:0.265823,loss_recon:0.47246

18000-loss_z:0.18441,accu:0.961732,loss_recon:0.195797

18000-loss_z:18.396574,accu:0.278481,loss_recon:0.476084

18200-loss_z:0.182703,accu:0.960885,loss_recon:0.197247

18200-loss_z:18.548872,accu:0.265823,loss_recon:0.465124

18400-loss_z:0.179442,accu:0.96166,loss_recon:0.197444

18400-loss_z:18.721302,accu:0.278481,loss_recon:0.464007

18600-loss_z:0.176552,accu:0.959935,loss_recon:0.196469

18600-loss_z:18.923006,accu:0.240506,loss_recon:0.464738

18800-loss_z:0.175078,accu:0.963014,loss_recon:0.195524

18800-loss_z:19.102671,accu:0.240506,loss_recon:0.47072

19000-loss_z:0.173592,accu:0.959049,loss_recon:0.198057

19000-loss_z:19.31657,accu:0.253165,loss_recon:0.473265

19200-loss_z:0.170244,accu:0.963822,loss_recon:0.197237

19200-loss_z:19.439495,accu:0.253165,loss_recon:0.464606

19400-loss_z:0.168621,accu:0.963457,loss_recon:0.193707

19400-loss_z:19.665251,accu:0.227848,loss_recon:0.467145

19600-loss_z:0.163661,accu:0.96498,loss_recon:0.197375

19600-loss_z:19.817404,accu:0.240506,loss_recon:0.46488

19800-loss_z:0.161952,accu:0.965579,loss_recon:0.195909

19800-loss_z:19.995146,accu:0.227848,loss_recon:0.481267

20000-loss_z:0.159101,accu:0.965117,loss_recon:0.198932

20000-loss_z:20.189991,accu:0.253165,loss_recon:0.470654

Continue training
New FC model is initialized
200-loss_z:2.561898,accu:0.171195,loss_recon:1.199984

200-loss_z:2.647946,accu:0.075949,loss_recon:0.737165

400-loss_z:1.957924,accu:0.318997,loss_recon:0.635098

400-loss_z:2.569508,accu:0.088608,loss_recon:0.504895

600-loss_z:1.669779,accu:0.395996,loss_recon:0.442485

600-loss_z:2.62387,accu:0.088608,loss_recon:0.424327

800-loss_z:1.485085,accu:0.475827,loss_recon:0.388685

800-loss_z:2.751322,accu:0.101266,loss_recon:0.401967

1000-loss_z:1.35737,accu:0.508932,loss_recon:0.360092

1000-loss_z:2.865785,accu:0.151899,loss_recon:0.397889

1200-loss_z:1.25671,accu:0.52765,loss_recon:0.343705

1200-loss_z:2.93723,accu:0.164557,loss_recon:0.389311

1400-loss_z:1.170411,accu:0.567441,loss_recon:0.335135

1400-loss_z:3.086257,accu:0.164557,loss_recon:0.390398

1600-loss_z:1.106279,accu:0.577969,loss_recon:0.323515

1600-loss_z:3.216818,accu:0.189873,loss_recon:0.38773

1800-loss_z:1.054821,accu:0.601823,loss_recon:0.315666

1800-loss_z:3.333512,accu:0.202532,loss_recon:0.391988

2000-loss_z:1.003145,accu:0.623646,loss_recon:0.30894

2000-loss_z:3.453385,accu:0.177215,loss_recon:0.39482

2200-loss_z:0.951352,accu:0.66209,loss_recon:0.300099

2200-loss_z:3.591569,accu:0.177215,loss_recon:0.410576

2400-loss_z:0.914308,accu:0.682168,loss_recon:0.29416

2400-loss_z:3.715313,accu:0.177215,loss_recon:0.418971

2600-loss_z:0.876671,accu:0.700625,loss_recon:0.291597

2600-loss_z:3.846937,accu:0.177215,loss_recon:0.417892

2800-loss_z:0.839858,accu:0.718574,loss_recon:0.287393

2800-loss_z:3.980142,accu:0.177215,loss_recon:0.425314

3000-loss_z:0.810122,accu:0.748776,loss_recon:0.286381

3000-loss_z:4.142013,accu:0.164557,loss_recon:0.427621

3200-loss_z:0.777579,accu:0.751667,loss_recon:0.281347

3200-loss_z:4.263129,accu:0.189873,loss_recon:0.420242

3400-loss_z:0.752111,accu:0.775371,loss_recon:0.279163

3400-loss_z:4.429884,accu:0.164557,loss_recon:0.433339

3600-loss_z:0.727073,accu:0.788529,loss_recon:0.276148

3600-loss_z:4.580837,accu:0.177215,loss_recon:0.427794

3800-loss_z:0.702885,accu:0.801204,loss_recon:0.278379

3800-loss_z:4.722195,accu:0.164557,loss_recon:0.428177

4000-loss_z:0.676923,accu:0.810326,loss_recon:0.274369

4000-loss_z:4.895721,accu:0.177215,loss_recon:0.432141

4200-loss_z:0.655456,accu:0.816829,loss_recon:0.270593

4200-loss_z:5.055674,accu:0.151899,loss_recon:0.429692

4400-loss_z:0.634884,accu:0.817682,loss_recon:0.270302

4400-loss_z:5.231192,accu:0.202532,loss_recon:0.433347

4600-loss_z:0.614037,accu:0.833464,loss_recon:0.267111

4600-loss_z:5.381402,accu:0.189873,loss_recon:0.444121

4800-loss_z:0.596917,accu:0.823327,loss_recon:0.268855

4800-loss_z:5.579741,accu:0.151899,loss_recon:0.444401

5000-loss_z:0.584209,accu:0.823411,loss_recon:0.263096

5000-loss_z:5.749021,accu:0.202532,loss_recon:0.437944

5200-loss_z:0.566966,accu:0.832057,loss_recon:0.261882

5200-loss_z:5.852993,accu:0.189873,loss_recon:0.440616

5400-loss_z:0.552837,accu:0.83403,loss_recon:0.261296

5400-loss_z:6.048009,accu:0.189873,loss_recon:0.452577

5600-loss_z:0.536431,accu:0.841289,loss_recon:0.260308

5600-loss_z:6.20497,accu:0.177215,loss_recon:0.447581

5800-loss_z:0.528224,accu:0.836797,loss_recon:0.258401

5800-loss_z:6.366277,accu:0.189873,loss_recon:0.449294

6000-loss_z:0.506921,accu:0.848151,loss_recon:0.260306

6000-loss_z:6.539588,accu:0.189873,loss_recon:0.447032

6200-loss_z:0.498875,accu:0.839421,loss_recon:0.255918

6200-loss_z:6.715716,accu:0.164557,loss_recon:0.452915

6400-loss_z:0.488411,accu:0.846582,loss_recon:0.255664

6400-loss_z:6.875479,accu:0.202532,loss_recon:0.460896

6600-loss_z:0.475094,accu:0.850671,loss_recon:0.25218

6600-loss_z:7.019125,accu:0.189873,loss_recon:0.468355

6800-loss_z:0.468652,accu:0.845833,loss_recon:0.253411

6800-loss_z:7.208003,accu:0.189873,loss_recon:0.467287

7000-loss_z:0.457343,accu:0.84819,loss_recon:0.250599

7000-loss_z:7.400769,accu:0.21519,loss_recon:0.472037

7200-loss_z:0.452647,accu:0.849551,loss_recon:0.251183

7200-loss_z:7.581965,accu:0.189873,loss_recon:0.462

7400-loss_z:0.442649,accu:0.850436,loss_recon:0.249797

7400-loss_z:7.776831,accu:0.21519,loss_recon:0.4693

7600-loss_z:0.433003,accu:0.855684,loss_recon:0.24752

7600-loss_z:7.961125,accu:0.21519,loss_recon:0.473546

7800-loss_z:0.424344,accu:0.856413,loss_recon:0.246926

7800-loss_z:8.165697,accu:0.21519,loss_recon:0.479758

8000-loss_z:0.416855,accu:0.858047,loss_recon:0.247165

8000-loss_z:8.359843,accu:0.227848,loss_recon:0.474994

8200-loss_z:0.408029,accu:0.862533,loss_recon:0.246253

8200-loss_z:8.561481,accu:0.227848,loss_recon:0.480608

8400-loss_z:0.404131,accu:0.862956,loss_recon:0.245726

8400-loss_z:8.746037,accu:0.265823,loss_recon:0.47946

8600-loss_z:0.396701,accu:0.862943,loss_recon:0.246417

8600-loss_z:8.896045,accu:0.240506,loss_recon:0.465208

8800-loss_z:0.39241,accu:0.872064,loss_recon:0.243471

8800-loss_z:9.115466,accu:0.21519,loss_recon:0.46649

9000-loss_z:0.380419,accu:0.874974,loss_recon:0.243567

9000-loss_z:9.294943,accu:0.240506,loss_recon:0.468987

9200-loss_z:0.377187,accu:0.876341,loss_recon:0.244026

9200-loss_z:9.481404,accu:0.227848,loss_recon:0.468993

9400-loss_z:0.369336,accu:0.877637,loss_recon:0.243829

9400-loss_z:9.651896,accu:0.240506,loss_recon:0.459002

9600-loss_z:0.365748,accu:0.874212,loss_recon:0.240814

9600-loss_z:9.862594,accu:0.265823,loss_recon:0.461684

9800-loss_z:0.355686,accu:0.885859,loss_recon:0.242113

9800-loss_z:10.080188,accu:0.265823,loss_recon:0.460563

10000-loss_z:0.35442,accu:0.880905,loss_recon:0.238969

10000-loss_z:10.315846,accu:0.227848,loss_recon:0.457884

10200-loss_z:0.346421,accu:0.885892,loss_recon:0.239495

10200-loss_z:10.513372,accu:0.240506,loss_recon:0.459996

10400-loss_z:0.340348,accu:0.892585,loss_recon:0.236896

10400-loss_z:10.760154,accu:0.240506,loss_recon:0.463528

10600-loss_z:0.336732,accu:0.889688,loss_recon:0.2372

10600-loss_z:10.999144,accu:0.227848,loss_recon:0.471198

10800-loss_z:0.33281,accu:0.890501,loss_recon:0.236641

10800-loss_z:11.213181,accu:0.240506,loss_recon:0.47026

11000-loss_z:0.324088,accu:0.895059,loss_recon:0.236

11000-loss_z:11.477266,accu:0.240506,loss_recon:0.47806

11200-loss_z:0.324374,accu:0.896133,loss_recon:0.237844

11200-loss_z:11.735138,accu:0.227848,loss_recon:0.477755

11400-loss_z:0.315507,accu:0.89918,loss_recon:0.233622

11400-loss_z:11.998917,accu:0.227848,loss_recon:0.470094

11600-loss_z:0.314445,accu:0.903177,loss_recon:0.232904

11600-loss_z:12.230556,accu:0.240506,loss_recon:0.470917

11800-loss_z:0.308491,accu:0.90304,loss_recon:0.233232

11800-loss_z:12.467109,accu:0.227848,loss_recon:0.479515

12000-loss_z:0.301975,accu:0.904186,loss_recon:0.231807

12000-loss_z:12.667511,accu:0.227848,loss_recon:0.479672

12200-loss_z:0.301749,accu:0.911693,loss_recon:0.232174

12200-loss_z:12.912779,accu:0.227848,loss_recon:0.473455

12400-loss_z:0.293495,accu:0.917943,loss_recon:0.236575

12400-loss_z:13.19865,accu:0.227848,loss_recon:0.465902

12600-loss_z:0.29175,accu:0.911361,loss_recon:0.233749

12600-loss_z:13.358438,accu:0.240506,loss_recon:0.47382

12800-loss_z:0.285838,accu:0.920202,loss_recon:0.231058

12800-loss_z:13.626096,accu:0.21519,loss_recon:0.477686

13000-loss_z:0.282942,accu:0.919727,loss_recon:0.232022

13000-loss_z:13.877346,accu:0.202532,loss_recon:0.468539

13200-loss_z:0.277663,accu:0.92112,loss_recon:0.231169

13200-loss_z:14.130952,accu:0.202532,loss_recon:0.472748

13400-loss_z:0.273285,accu:0.927585,loss_recon:0.231094

13400-loss_z:14.354893,accu:0.227848,loss_recon:0.471007

13600-loss_z:0.26826,accu:0.926048,loss_recon:0.228201

13600-loss_z:14.578197,accu:0.227848,loss_recon:0.473666

13800-loss_z:0.265045,accu:0.932409,loss_recon:0.232577

13800-loss_z:14.901237,accu:0.21519,loss_recon:0.47197

14000-loss_z:0.261255,accu:0.92959,loss_recon:0.231553

14000-loss_z:15.173265,accu:0.202532,loss_recon:0.460476

14200-loss_z:0.259547,accu:0.934434,loss_recon:0.229491

14200-loss_z:15.434491,accu:0.202532,loss_recon:0.464775

14400-loss_z:0.255157,accu:0.933268,loss_recon:0.229346

14400-loss_z:15.708621,accu:0.21519,loss_recon:0.468821

14600-loss_z:0.251843,accu:0.932513,loss_recon:0.226772

14600-loss_z:15.902927,accu:0.202532,loss_recon:0.472054

14800-loss_z:0.244756,accu:0.939355,loss_recon:0.224377

14800-loss_z:16.101217,accu:0.202532,loss_recon:0.471715

15000-loss_z:0.24195,accu:0.942324,loss_recon:0.228975

15000-loss_z:16.339588,accu:0.202532,loss_recon:0.473026

15200-loss_z:0.238631,accu:0.941589,loss_recon:0.228351

15200-loss_z:16.517408,accu:0.21519,loss_recon:0.471641

15400-loss_z:0.230051,accu:0.948431,loss_recon:0.230379

15400-loss_z:16.743431,accu:0.21519,loss_recon:0.469569

15600-loss_z:0.227451,accu:0.945697,loss_recon:0.226734

15600-loss_z:16.952446,accu:0.21519,loss_recon:0.473885

15800-loss_z:0.228146,accu:0.94696,loss_recon:0.230094

15800-loss_z:17.175611,accu:0.202532,loss_recon:0.466523

16000-loss_z:0.224235,accu:0.947493,loss_recon:0.228414

16000-loss_z:17.370716,accu:0.21519,loss_recon:0.467057

16200-loss_z:0.22048,accu:0.951895,loss_recon:0.23025

16200-loss_z:17.562555,accu:0.21519,loss_recon:0.46437

16400-loss_z:0.215142,accu:0.957832,loss_recon:0.228813

16400-loss_z:17.773527,accu:0.202532,loss_recon:0.47202

16600-loss_z:0.215081,accu:0.956348,loss_recon:0.229787

16600-loss_z:18.005985,accu:0.21519,loss_recon:0.465515

16800-loss_z:0.209094,accu:0.954922,loss_recon:0.230042

16800-loss_z:18.190857,accu:0.202532,loss_recon:0.479675

17000-loss_z:0.209109,accu:0.957559,loss_recon:0.227072

17000-loss_z:18.404116,accu:0.202532,loss_recon:0.476102

17200-loss_z:0.203804,accu:0.955111,loss_recon:0.229154

17200-loss_z:18.622465,accu:0.202532,loss_recon:0.474526

17400-loss_z:0.20032,accu:0.962813,loss_recon:0.230076

17400-loss_z:18.808403,accu:0.202532,loss_recon:0.471824

17600-loss_z:0.197857,accu:0.962754,loss_recon:0.228925

17600-loss_z:19.030651,accu:0.202532,loss_recon:0.477554

17800-loss_z:0.194332,accu:0.9639,loss_recon:0.230391

17800-loss_z:19.254829,accu:0.202532,loss_recon:0.485342

18000-loss_z:0.192885,accu:0.962669,loss_recon:0.230652

18000-loss_z:19.433899,accu:0.202532,loss_recon:0.481133

18200-loss_z:0.188798,accu:0.965977,loss_recon:0.227215

18200-loss_z:19.657532,accu:0.202532,loss_recon:0.477014

18400-loss_z:0.187141,accu:0.965977,loss_recon:0.226947

18400-loss_z:19.859997,accu:0.202532,loss_recon:0.474596

18600-loss_z:0.185134,accu:0.965807,loss_recon:0.227514

18600-loss_z:20.079987,accu:0.21519,loss_recon:0.474825

18800-loss_z:0.181469,accu:0.96735,loss_recon:0.22935

18800-loss_z:20.34342,accu:0.202532,loss_recon:0.478434

19000-loss_z:0.178897,accu:0.969701,loss_recon:0.227808

19000-loss_z:20.541655,accu:0.202532,loss_recon:0.480799

19200-loss_z:0.176336,accu:0.970566,loss_recon:0.226861

19200-loss_z:20.790207,accu:0.21519,loss_recon:0.473764

19400-loss_z:0.172409,accu:0.970762,loss_recon:0.225792

19400-loss_z:21.045813,accu:0.202532,loss_recon:0.481827

19600-loss_z:0.170867,accu:0.970957,loss_recon:0.226656

19600-loss_z:21.321236,accu:0.21519,loss_recon:0.484724

19800-loss_z:0.169538,accu:0.971003,loss_recon:0.225231

19800-loss_z:21.590303,accu:0.21519,loss_recon:0.474236

20000-loss_z:0.166315,accu:0.973359,loss_recon:0.230079

20000-loss_z:21.784014,accu:0.21519,loss_recon:0.482058

Continue training
New FC model is initialized
200-loss_z:2.640089,accu:0.15671,loss_recon:1.297442

200-loss_z:2.508394,accu:0.101266,loss_recon:0.690454

400-loss_z:1.987912,accu:0.309245,loss_recon:0.584337

400-loss_z:2.451823,accu:0.113924,loss_recon:0.488815

600-loss_z:1.708307,accu:0.401621,loss_recon:0.434691

600-loss_z:2.496273,accu:0.139241,loss_recon:0.415858

800-loss_z:1.522402,accu:0.460794,loss_recon:0.372303

800-loss_z:2.624894,accu:0.139241,loss_recon:0.398789

1000-loss_z:1.396194,accu:0.491367,loss_recon:0.342311

1000-loss_z:2.745243,accu:0.177215,loss_recon:0.391308

1200-loss_z:1.293882,accu:0.521569,loss_recon:0.329916

1200-loss_z:2.852649,accu:0.189873,loss_recon:0.387655

1400-loss_z:1.210419,accu:0.544342,loss_recon:0.314303

1400-loss_z:2.994802,accu:0.189873,loss_recon:0.381513

1600-loss_z:1.137469,accu:0.571107,loss_recon:0.305787

1600-loss_z:3.150814,accu:0.189873,loss_recon:0.371244

1800-loss_z:1.073311,accu:0.60349,loss_recon:0.295256

1800-loss_z:3.304729,accu:0.177215,loss_recon:0.363549

2000-loss_z:1.017698,accu:0.626497,loss_recon:0.283595

2000-loss_z:3.478142,accu:0.21519,loss_recon:0.365225

2200-loss_z:0.971736,accu:0.637734,loss_recon:0.27706

2200-loss_z:3.617805,accu:0.21519,loss_recon:0.359272

2400-loss_z:0.925728,accu:0.662604,loss_recon:0.269036

2400-loss_z:3.787439,accu:0.21519,loss_recon:0.348824

2600-loss_z:0.891777,accu:0.68709,loss_recon:0.261472

2600-loss_z:3.957908,accu:0.21519,loss_recon:0.354594

2800-loss_z:0.853497,accu:0.702148,loss_recon:0.257018

2800-loss_z:4.140306,accu:0.189873,loss_recon:0.347892

3000-loss_z:0.826555,accu:0.715195,loss_recon:0.250484

3000-loss_z:4.301182,accu:0.240506,loss_recon:0.349215

3200-loss_z:0.794429,accu:0.734342,loss_recon:0.242623

3200-loss_z:4.49911,accu:0.177215,loss_recon:0.356417

3400-loss_z:0.766833,accu:0.736738,loss_recon:0.240545

3400-loss_z:4.675611,accu:0.189873,loss_recon:0.356548

3600-loss_z:0.741445,accu:0.74804,loss_recon:0.239137

3600-loss_z:4.865097,accu:0.21519,loss_recon:0.354807

3800-loss_z:0.719857,accu:0.75196,loss_recon:0.236134

3800-loss_z:5.048528,accu:0.202532,loss_recon:0.351414

4000-loss_z:0.705738,accu:0.771758,loss_recon:0.231411

4000-loss_z:5.247468,accu:0.227848,loss_recon:0.358454

4200-loss_z:0.677892,accu:0.782786,loss_recon:0.23105

4200-loss_z:5.467405,accu:0.227848,loss_recon:0.35193

4400-loss_z:0.657842,accu:0.800221,loss_recon:0.230221

4400-loss_z:5.670625,accu:0.227848,loss_recon:0.362893

4600-loss_z:0.640422,accu:0.80099,loss_recon:0.225419

4600-loss_z:5.870948,accu:0.21519,loss_recon:0.356528

4800-loss_z:0.619546,accu:0.812331,loss_recon:0.224299

4800-loss_z:6.064277,accu:0.21519,loss_recon:0.361371

5000-loss_z:0.602467,accu:0.818997,loss_recon:0.218935

5000-loss_z:6.263569,accu:0.202532,loss_recon:0.357597

5200-loss_z:0.594146,accu:0.817721,loss_recon:0.217641

5200-loss_z:6.463171,accu:0.21519,loss_recon:0.352485

5400-loss_z:0.574463,accu:0.823099,loss_recon:0.215187

5400-loss_z:6.650978,accu:0.240506,loss_recon:0.364254

5600-loss_z:0.559006,accu:0.830898,loss_recon:0.213688

5600-loss_z:6.9018,accu:0.227848,loss_recon:0.366083

5800-loss_z:0.539975,accu:0.838262,loss_recon:0.21445

5800-loss_z:7.137614,accu:0.21519,loss_recon:0.369112

6000-loss_z:0.531042,accu:0.844967,loss_recon:0.20985

6000-loss_z:7.332907,accu:0.202532,loss_recon:0.369371

6200-loss_z:0.514749,accu:0.845671,loss_recon:0.210629

6200-loss_z:7.576564,accu:0.21519,loss_recon:0.372699

6400-loss_z:0.507581,accu:0.845091,loss_recon:0.207138

6400-loss_z:7.772802,accu:0.227848,loss_recon:0.371679

6600-loss_z:0.495951,accu:0.850065,loss_recon:0.205124

6600-loss_z:8.025494,accu:0.227848,loss_recon:0.376591

6800-loss_z:0.482502,accu:0.858301,loss_recon:0.20768

6800-loss_z:8.273856,accu:0.227848,loss_recon:0.382239

7000-loss_z:0.47332,accu:0.856816,loss_recon:0.20499

7000-loss_z:8.47211,accu:0.21519,loss_recon:0.377827

7200-loss_z:0.461761,accu:0.860332,loss_recon:0.201747

7200-loss_z:8.693225,accu:0.240506,loss_recon:0.377916

7400-loss_z:0.449047,accu:0.869355,loss_recon:0.201756

7400-loss_z:8.985785,accu:0.227848,loss_recon:0.375383

7600-loss_z:0.4416,accu:0.875365,loss_recon:0.199611

7600-loss_z:9.181212,accu:0.21519,loss_recon:0.383612

7800-loss_z:0.430732,accu:0.878171,loss_recon:0.202026

7800-loss_z:9.438123,accu:0.21519,loss_recon:0.38186

8000-loss_z:0.419928,accu:0.889863,loss_recon:0.19862

8000-loss_z:9.682186,accu:0.202532,loss_recon:0.388842

8200-loss_z:0.41212,accu:0.888919,loss_recon:0.197135

8200-loss_z:9.950068,accu:0.189873,loss_recon:0.382465

8400-loss_z:0.403094,accu:0.896432,loss_recon:0.19653

8400-loss_z:10.296515,accu:0.189873,loss_recon:0.387854

8600-loss_z:0.39498,accu:0.900404,loss_recon:0.198339

8600-loss_z:10.603703,accu:0.177215,loss_recon:0.380604

8800-loss_z:0.384095,accu:0.908828,loss_recon:0.194622

8800-loss_z:10.923801,accu:0.189873,loss_recon:0.374778

9000-loss_z:0.37753,accu:0.908145,loss_recon:0.195734

9000-loss_z:11.260662,accu:0.189873,loss_recon:0.382899

9200-loss_z:0.36919,accu:0.909375,loss_recon:0.194689

9200-loss_z:11.619038,accu:0.202532,loss_recon:0.376741

9400-loss_z:0.361216,accu:0.913789,loss_recon:0.19411

9400-loss_z:11.91668,accu:0.202532,loss_recon:0.379449

9600-loss_z:0.354217,accu:0.914896,loss_recon:0.19289

9600-loss_z:12.27219,accu:0.21519,loss_recon:0.386726

9800-loss_z:0.348409,accu:0.918275,loss_recon:0.190123

9800-loss_z:12.54678,accu:0.189873,loss_recon:0.389476

10000-loss_z:0.337468,accu:0.919551,loss_recon:0.190576

10000-loss_z:12.867482,accu:0.189873,loss_recon:0.383804

10200-loss_z:0.329854,accu:0.923262,loss_recon:0.18671

10200-loss_z:13.131153,accu:0.189873,loss_recon:0.386388

10400-loss_z:0.32936,accu:0.922637,loss_recon:0.186734

10400-loss_z:13.458947,accu:0.202532,loss_recon:0.377425

10600-loss_z:0.319421,accu:0.925703,loss_recon:0.188708

10600-loss_z:13.739879,accu:0.202532,loss_recon:0.389525

10800-loss_z:0.313136,accu:0.929674,loss_recon:0.183902

10800-loss_z:13.994123,accu:0.189873,loss_recon:0.38122

11000-loss_z:0.307436,accu:0.925586,loss_recon:0.184874

11000-loss_z:14.279671,accu:0.21519,loss_recon:0.383397

11200-loss_z:0.298579,accu:0.931244,loss_recon:0.184428

11200-loss_z:14.522711,accu:0.21519,loss_recon:0.389015

11400-loss_z:0.293887,accu:0.930013,loss_recon:0.18433

11400-loss_z:14.778794,accu:0.21519,loss_recon:0.379635

11600-loss_z:0.286763,accu:0.93332,loss_recon:0.183185

11600-loss_z:15.022259,accu:0.202532,loss_recon:0.384527

11800-loss_z:0.281645,accu:0.928822,loss_recon:0.185175

11800-loss_z:15.304805,accu:0.21519,loss_recon:0.379771

12000-loss_z:0.274373,accu:0.93457,loss_recon:0.180345

12000-loss_z:15.603196,accu:0.202532,loss_recon:0.377728

12200-loss_z:0.270336,accu:0.932402,loss_recon:0.181669

12200-loss_z:15.871943,accu:0.189873,loss_recon:0.384369

12400-loss_z:0.264954,accu:0.936699,loss_recon:0.180236

12400-loss_z:16.095551,accu:0.202532,loss_recon:0.374647

12600-loss_z:0.26018,accu:0.940117,loss_recon:0.180332

12600-loss_z:16.3797,accu:0.227848,loss_recon:0.381284

12800-loss_z:0.255739,accu:0.937363,loss_recon:0.178871

12800-loss_z:16.659416,accu:0.202532,loss_recon:0.380266

13000-loss_z:0.250095,accu:0.938047,loss_recon:0.180138

13000-loss_z:16.988403,accu:0.227848,loss_recon:0.384468

13200-loss_z:0.246515,accu:0.940339,loss_recon:0.178731

13200-loss_z:17.277477,accu:0.21519,loss_recon:0.383473

13400-loss_z:0.241035,accu:0.938066,loss_recon:0.180498

13400-loss_z:17.544445,accu:0.21519,loss_recon:0.394238

13600-loss_z:0.235107,accu:0.94444,loss_recon:0.179136

13600-loss_z:17.856842,accu:0.227848,loss_recon:0.38482

13800-loss_z:0.229832,accu:0.942669,loss_recon:0.178545

13800-loss_z:18.25668,accu:0.202532,loss_recon:0.385231

14000-loss_z:0.22394,accu:0.945749,loss_recon:0.176638

14000-loss_z:18.550106,accu:0.21519,loss_recon:0.384795

14200-loss_z:0.225076,accu:0.945592,loss_recon:0.177662

14200-loss_z:18.881886,accu:0.227848,loss_recon:0.389194

14400-loss_z:0.215043,accu:0.94832,loss_recon:0.17763

14400-loss_z:19.163404,accu:0.202532,loss_recon:0.381487

14600-loss_z:0.215883,accu:0.948359,loss_recon:0.17588

14600-loss_z:19.4998,accu:0.227848,loss_recon:0.386288

14800-loss_z:0.212314,accu:0.949876,loss_recon:0.17344

14800-loss_z:19.877615,accu:0.240506,loss_recon:0.382276

15000-loss_z:0.207966,accu:0.952435,loss_recon:0.173379

15000-loss_z:20.174965,accu:0.202532,loss_recon:0.387015

15200-loss_z:0.202974,accu:0.952656,loss_recon:0.174152

15200-loss_z:20.615894,accu:0.21519,loss_recon:0.383622

15400-loss_z:0.196311,accu:0.95416,loss_recon:0.173202

15400-loss_z:20.895542,accu:0.21519,loss_recon:0.387439

15600-loss_z:0.19557,accu:0.958477,loss_recon:0.173409

15600-loss_z:21.346167,accu:0.21519,loss_recon:0.381112

15800-loss_z:0.188778,accu:0.961615,loss_recon:0.172269

15800-loss_z:21.685356,accu:0.227848,loss_recon:0.381457

16000-loss_z:0.188877,accu:0.958333,loss_recon:0.171172

16000-loss_z:22.014372,accu:0.202532,loss_recon:0.37651

16200-loss_z:0.18347,accu:0.963509,loss_recon:0.173885

16200-loss_z:22.399837,accu:0.202532,loss_recon:0.3794

16400-loss_z:0.182438,accu:0.962904,loss_recon:0.169501

16400-loss_z:22.74338,accu:0.189873,loss_recon:0.38012

16600-loss_z:0.173973,accu:0.967813,loss_recon:0.173031

16600-loss_z:23.148872,accu:0.202532,loss_recon:0.380026

16800-loss_z:0.173452,accu:0.964648,loss_recon:0.169236

16800-loss_z:23.414404,accu:0.189873,loss_recon:0.378013

17000-loss_z:0.170365,accu:0.970755,loss_recon:0.16972

17000-loss_z:23.730803,accu:0.202532,loss_recon:0.386634

17200-loss_z:0.164559,accu:0.971953,loss_recon:0.169626

17200-loss_z:24.066608,accu:0.21519,loss_recon:0.374555

17400-loss_z:0.16276,accu:0.972122,loss_recon:0.168231

17400-loss_z:24.390669,accu:0.202532,loss_recon:0.383676

17600-loss_z:0.161438,accu:0.970085,loss_recon:0.169854

17600-loss_z:24.710903,accu:0.202532,loss_recon:0.384286

17800-loss_z:0.157949,accu:0.973535,loss_recon:0.168946

17800-loss_z:25.116364,accu:0.189873,loss_recon:0.384244

18000-loss_z:0.156211,accu:0.973665,loss_recon:0.166155

18000-loss_z:25.457605,accu:0.202532,loss_recon:0.377854

18200-loss_z:0.153582,accu:0.975885,loss_recon:0.166577

18200-loss_z:25.77862,accu:0.202532,loss_recon:0.378974

18400-loss_z:0.153266,accu:0.976009,loss_recon:0.167249

18400-loss_z:26.158817,accu:0.202532,loss_recon:0.379026

18600-loss_z:0.148819,accu:0.978164,loss_recon:0.165533

18600-loss_z:26.516218,accu:0.202532,loss_recon:0.377952

18800-loss_z:0.144741,accu:0.979473,loss_recon:0.165777

18800-loss_z:26.825207,accu:0.202532,loss_recon:0.381534

19000-loss_z:0.144259,accu:0.979935,loss_recon:0.165322

19000-loss_z:27.216293,accu:0.202532,loss_recon:0.378136

19200-loss_z:0.141071,accu:0.978874,loss_recon:0.164745

19200-loss_z:27.510029,accu:0.202532,loss_recon:0.37679

19400-loss_z:0.138724,accu:0.980723,loss_recon:0.164078

19400-loss_z:27.903463,accu:0.21519,loss_recon:0.377354

19600-loss_z:0.137121,accu:0.982142,loss_recon:0.162578

19600-loss_z:28.239756,accu:0.202532,loss_recon:0.378987

19800-loss_z:0.13371,accu:0.980254,loss_recon:0.162957

19800-loss_z:28.627779,accu:0.21519,loss_recon:0.388121

20000-loss_z:0.131601,accu:0.981107,loss_recon:0.163226

20000-loss_z:29.00964,accu:0.21519,loss_recon:0.378438

Continue training
New FC model is initialized
200-loss_z:2.543144,accu:0.172011,loss_recon:1.151476

200-loss_z:2.648864,accu:0.075949,loss_recon:0.698355

400-loss_z:2.013433,accu:0.299805,loss_recon:0.529405

400-loss_z:2.558323,accu:0.126582,loss_recon:0.532893

600-loss_z:1.70588,accu:0.40627,loss_recon:0.435529

600-loss_z:2.65176,accu:0.088608,loss_recon:0.493779

800-loss_z:1.518388,accu:0.472474,loss_recon:0.393857

800-loss_z:2.790174,accu:0.088608,loss_recon:0.464095

1000-loss_z:1.372787,accu:0.529694,loss_recon:0.368484

1000-loss_z:2.957929,accu:0.126582,loss_recon:0.441778

1200-loss_z:1.269564,accu:0.546497,loss_recon:0.358398

1200-loss_z:3.131889,accu:0.151899,loss_recon:0.430208

1400-loss_z:1.178893,accu:0.559805,loss_recon:0.343258

1400-loss_z:3.341076,accu:0.164557,loss_recon:0.420685

1600-loss_z:1.112251,accu:0.585794,loss_recon:0.335558

1600-loss_z:3.548699,accu:0.151899,loss_recon:0.419485

1800-loss_z:1.048504,accu:0.610371,loss_recon:0.328547

1800-loss_z:3.72978,accu:0.164557,loss_recon:0.416481

2000-loss_z:0.990339,accu:0.643991,loss_recon:0.327553

2000-loss_z:3.934388,accu:0.189873,loss_recon:0.408515

2200-loss_z:0.94812,accu:0.667422,loss_recon:0.322311

2200-loss_z:4.13553,accu:0.177215,loss_recon:0.398941

2400-loss_z:0.897581,accu:0.697168,loss_recon:0.31446

2400-loss_z:4.382544,accu:0.164557,loss_recon:0.399244

2600-loss_z:0.859126,accu:0.718105,loss_recon:0.308559

2600-loss_z:4.632496,accu:0.177215,loss_recon:0.389677

2800-loss_z:0.823411,accu:0.737878,loss_recon:0.303388

2800-loss_z:4.853036,accu:0.202532,loss_recon:0.390309

3000-loss_z:0.79023,accu:0.748464,loss_recon:0.300093

3000-loss_z:5.075176,accu:0.177215,loss_recon:0.387609

3200-loss_z:0.757959,accu:0.765801,loss_recon:0.286422

3200-loss_z:5.316801,accu:0.177215,loss_recon:0.382967

3400-loss_z:0.730252,accu:0.767721,loss_recon:0.279423

3400-loss_z:5.547311,accu:0.202532,loss_recon:0.383967

3600-loss_z:0.698446,accu:0.777363,loss_recon:0.273248

3600-loss_z:5.794997,accu:0.189873,loss_recon:0.384662

3800-loss_z:0.681827,accu:0.7786,loss_recon:0.269668

3800-loss_z:6.038382,accu:0.21519,loss_recon:0.395389

4000-loss_z:0.657659,accu:0.783952,loss_recon:0.261788

4000-loss_z:6.284233,accu:0.202532,loss_recon:0.398781

4200-loss_z:0.637334,accu:0.795859,loss_recon:0.256889

4200-loss_z:6.501245,accu:0.202532,loss_recon:0.400717

4400-loss_z:0.621831,accu:0.800254,loss_recon:0.248339

4400-loss_z:6.729269,accu:0.227848,loss_recon:0.40365

4600-loss_z:0.60353,accu:0.809557,loss_recon:0.246973

4600-loss_z:6.952275,accu:0.202532,loss_recon:0.40609

4800-loss_z:0.579977,accu:0.814818,loss_recon:0.247848

4800-loss_z:7.193114,accu:0.21519,loss_recon:0.412171

5000-loss_z:0.569787,accu:0.817695,loss_recon:0.243917

5000-loss_z:7.46754,accu:0.253165,loss_recon:0.4107

5200-loss_z:0.547794,accu:0.831849,loss_recon:0.239838

5200-loss_z:7.673512,accu:0.227848,loss_recon:0.408561

5400-loss_z:0.535267,accu:0.828542,loss_recon:0.239002

5400-loss_z:7.911779,accu:0.227848,loss_recon:0.415339

5600-loss_z:0.521177,accu:0.834525,loss_recon:0.239398

5600-loss_z:8.165401,accu:0.21519,loss_recon:0.412066

5800-loss_z:0.504207,accu:0.839336,loss_recon:0.235809

5800-loss_z:8.431001,accu:0.202532,loss_recon:0.414018

6000-loss_z:0.492636,accu:0.841387,loss_recon:0.23194

6000-loss_z:8.661616,accu:0.227848,loss_recon:0.413893

6200-loss_z:0.480968,accu:0.841237,loss_recon:0.228296

6200-loss_z:8.891994,accu:0.227848,loss_recon:0.416353

6400-loss_z:0.466908,accu:0.84806,loss_recon:0.226347

6400-loss_z:9.149646,accu:0.240506,loss_recon:0.411491

6600-loss_z:0.455076,accu:0.854753,loss_recon:0.224361

6600-loss_z:9.403676,accu:0.21519,loss_recon:0.409117

6800-loss_z:0.44251,accu:0.859264,loss_recon:0.222772

6800-loss_z:9.660293,accu:0.202532,loss_recon:0.405568

7000-loss_z:0.4288,accu:0.864993,loss_recon:0.217407

7000-loss_z:9.886949,accu:0.21519,loss_recon:0.404784

7200-loss_z:0.421948,accu:0.867936,loss_recon:0.216974

7200-loss_z:10.12037,accu:0.227848,loss_recon:0.411189

7400-loss_z:0.410746,accu:0.874128,loss_recon:0.215718

7400-loss_z:10.382038,accu:0.240506,loss_recon:0.409046

7600-loss_z:0.399637,accu:0.879805,loss_recon:0.213395

7600-loss_z:10.692281,accu:0.240506,loss_recon:0.404698

7800-loss_z:0.389382,accu:0.886836,loss_recon:0.212324

7800-loss_z:10.967941,accu:0.227848,loss_recon:0.407897

8000-loss_z:0.379347,accu:0.889147,loss_recon:0.211643

8000-loss_z:11.288818,accu:0.240506,loss_recon:0.407218

8200-loss_z:0.371453,accu:0.889245,loss_recon:0.209473

8200-loss_z:11.566772,accu:0.227848,loss_recon:0.409892

8400-loss_z:0.364073,accu:0.89748,loss_recon:0.210037

8400-loss_z:11.843402,accu:0.253165,loss_recon:0.407198

8600-loss_z:0.354868,accu:0.897721,loss_recon:0.210109

8600-loss_z:12.12833,accu:0.240506,loss_recon:0.409251

8800-loss_z:0.347188,accu:0.904616,loss_recon:0.208979

8800-loss_z:12.38533,accu:0.253165,loss_recon:0.410759

9000-loss_z:0.338749,accu:0.906758,loss_recon:0.206577

9000-loss_z:12.680666,accu:0.253165,loss_recon:0.411593

9200-loss_z:0.330382,accu:0.919954,loss_recon:0.20511

9200-loss_z:12.907782,accu:0.240506,loss_recon:0.418995

9400-loss_z:0.322893,accu:0.921061,loss_recon:0.204397

9400-loss_z:13.172012,accu:0.253165,loss_recon:0.417814

9600-loss_z:0.318404,accu:0.923783,loss_recon:0.207316

9600-loss_z:13.381779,accu:0.240506,loss_recon:0.420268

9800-loss_z:0.310605,accu:0.932174,loss_recon:0.206652

9800-loss_z:13.620139,accu:0.227848,loss_recon:0.420603

10000-loss_z:0.300352,accu:0.936875,loss_recon:0.206841

10000-loss_z:13.854609,accu:0.227848,loss_recon:0.414879

10200-loss_z:0.294785,accu:0.942174,loss_recon:0.203451

10200-loss_z:14.056579,accu:0.227848,loss_recon:0.417102

10400-loss_z:0.290321,accu:0.944447,loss_recon:0.203189

10400-loss_z:14.25167,accu:0.21519,loss_recon:0.422952

10600-loss_z:0.283191,accu:0.948431,loss_recon:0.203147

10600-loss_z:14.385101,accu:0.21519,loss_recon:0.418416

10800-loss_z:0.274989,accu:0.949368,loss_recon:0.203323

10800-loss_z:14.641412,accu:0.227848,loss_recon:0.430605

11000-loss_z:0.270046,accu:0.951732,loss_recon:0.203881

11000-loss_z:14.824957,accu:0.227848,loss_recon:0.424273

11200-loss_z:0.263915,accu:0.95416,loss_recon:0.2014

11200-loss_z:15.000357,accu:0.227848,loss_recon:0.428984

11400-loss_z:0.256643,accu:0.952051,loss_recon:0.202251

11400-loss_z:15.149817,accu:0.227848,loss_recon:0.422748

11600-loss_z:0.255708,accu:0.957448,loss_recon:0.203479

11600-loss_z:15.374332,accu:0.227848,loss_recon:0.430631

11800-loss_z:0.247688,accu:0.958965,loss_recon:0.201099

11800-loss_z:15.544316,accu:0.227848,loss_recon:0.425423

12000-loss_z:0.24197,accu:0.957266,loss_recon:0.202287

12000-loss_z:15.72842,accu:0.227848,loss_recon:0.429563

12200-loss_z:0.236286,accu:0.961016,loss_recon:0.199655

12200-loss_z:15.899269,accu:0.21519,loss_recon:0.427301

12400-loss_z:0.231302,accu:0.960475,loss_recon:0.199189

12400-loss_z:16.077551,accu:0.21519,loss_recon:0.422239

12600-loss_z:0.226161,accu:0.959967,loss_recon:0.200968

12600-loss_z:16.249395,accu:0.227848,loss_recon:0.426703

12800-loss_z:0.221755,accu:0.962819,loss_recon:0.199905

12800-loss_z:16.421085,accu:0.227848,loss_recon:0.43231

13000-loss_z:0.217143,accu:0.962793,loss_recon:0.201161

13000-loss_z:16.638151,accu:0.21519,loss_recon:0.429833

13200-loss_z:0.212278,accu:0.963971,loss_recon:0.198866

13200-loss_z:16.809866,accu:0.240506,loss_recon:0.431775

13400-loss_z:0.210579,accu:0.963945,loss_recon:0.20312

13400-loss_z:16.938486,accu:0.240506,loss_recon:0.431721

13600-loss_z:0.202885,accu:0.967624,loss_recon:0.199894

13600-loss_z:17.13439,accu:0.240506,loss_recon:0.431854

13800-loss_z:0.198872,accu:0.966667,loss_recon:0.200168

13800-loss_z:17.226334,accu:0.227848,loss_recon:0.430777

14000-loss_z:0.196391,accu:0.96748,loss_recon:0.201661

14000-loss_z:17.403698,accu:0.227848,loss_recon:0.433868

14200-loss_z:0.190812,accu:0.969727,loss_recon:0.200935

14200-loss_z:17.615124,accu:0.227848,loss_recon:0.435551

14400-loss_z:0.187684,accu:0.971725,loss_recon:0.20259

14400-loss_z:17.719936,accu:0.227848,loss_recon:0.437367

14600-loss_z:0.182799,accu:0.971432,loss_recon:0.197889

14600-loss_z:17.847424,accu:0.227848,loss_recon:0.442618

14800-loss_z:0.180642,accu:0.973958,loss_recon:0.201253

14800-loss_z:17.997149,accu:0.227848,loss_recon:0.44597

15000-loss_z:0.177633,accu:0.970846,loss_recon:0.199413

15000-loss_z:18.123028,accu:0.227848,loss_recon:0.440983

15200-loss_z:0.173379,accu:0.970762,loss_recon:0.199646

15200-loss_z:18.226379,accu:0.227848,loss_recon:0.434348

15400-loss_z:0.168422,accu:0.971823,loss_recon:0.200508

15400-loss_z:18.368351,accu:0.227848,loss_recon:0.441713

15600-loss_z:0.166763,accu:0.972155,loss_recon:0.197783

15600-loss_z:18.54792,accu:0.227848,loss_recon:0.440837

15800-loss_z:0.161433,accu:0.972585,loss_recon:0.199387

15800-loss_z:18.635044,accu:0.227848,loss_recon:0.44402

16000-loss_z:0.156974,accu:0.978014,loss_recon:0.198616

16000-loss_z:18.694691,accu:0.240506,loss_recon:0.44331

16200-loss_z:0.156073,accu:0.975306,loss_recon:0.19848

16200-loss_z:18.800894,accu:0.240506,loss_recon:0.436486

16400-loss_z:0.153309,accu:0.97804,loss_recon:0.19852

16400-loss_z:18.924213,accu:0.227848,loss_recon:0.436926

16600-loss_z:0.151073,accu:0.977578,loss_recon:0.197721

16600-loss_z:19.031425,accu:0.227848,loss_recon:0.431414

16800-loss_z:0.146668,accu:0.974616,loss_recon:0.198353

16800-loss_z:19.174351,accu:0.227848,loss_recon:0.436827

17000-loss_z:0.142796,accu:0.982103,loss_recon:0.197591

17000-loss_z:19.344088,accu:0.21519,loss_recon:0.439627

17200-loss_z:0.140333,accu:0.980638,loss_recon:0.197373

17200-loss_z:19.442013,accu:0.227848,loss_recon:0.436823

17400-loss_z:0.140053,accu:0.97929,loss_recon:0.199698

17400-loss_z:19.601847,accu:0.227848,loss_recon:0.450204

17600-loss_z:0.134971,accu:0.982168,loss_recon:0.19966

17600-loss_z:19.702009,accu:0.227848,loss_recon:0.44756

17800-loss_z:0.131503,accu:0.981204,loss_recon:0.199251

17800-loss_z:19.809843,accu:0.21519,loss_recon:0.442662

18000-loss_z:0.130364,accu:0.981107,loss_recon:0.198314

18000-loss_z:19.876688,accu:0.240506,loss_recon:0.438124

18200-loss_z:0.125301,accu:0.982702,loss_recon:0.19795

18200-loss_z:19.995504,accu:0.21519,loss_recon:0.43978

18400-loss_z:0.124912,accu:0.983086,loss_recon:0.196531

18400-loss_z:20.059797,accu:0.21519,loss_recon:0.443954

18600-loss_z:0.122564,accu:0.98151,loss_recon:0.194581

18600-loss_z:20.277266,accu:0.227848,loss_recon:0.43691

18800-loss_z:0.11894,accu:0.985768,loss_recon:0.196956

18800-loss_z:20.341631,accu:0.227848,loss_recon:0.43143

19000-loss_z:0.116115,accu:0.986009,loss_recon:0.195071

19000-loss_z:20.429798,accu:0.21519,loss_recon:0.431478

19200-loss_z:0.113629,accu:0.986139,loss_recon:0.191955

19200-loss_z:20.53874,accu:0.202532,loss_recon:0.429123

19400-loss_z:0.11085,accu:0.986523,loss_recon:0.195727

19400-loss_z:20.659985,accu:0.21519,loss_recon:0.432009

19600-loss_z:0.111553,accu:0.985553,loss_recon:0.194506

19600-loss_z:20.739651,accu:0.21519,loss_recon:0.428646

19800-loss_z:0.109055,accu:0.986816,loss_recon:0.19632

19800-loss_z:20.856768,accu:0.202532,loss_recon:0.429904

20000-loss_z:0.107121,accu:0.988066,loss_recon:0.194031

20000-loss_z:20.964546,accu:0.21519,loss_recon:0.435581

Continue training
New FC model is initialized
200-loss_z:2.666703,accu:0.159055,loss_recon:1.188665

200-loss_z:2.770131,accu:0.037975,loss_recon:0.679384

400-loss_z:2.060311,accu:0.300898,loss_recon:0.613906

400-loss_z:2.704085,accu:0.063291,loss_recon:0.520507

600-loss_z:1.766724,accu:0.364674,loss_recon:0.462213

600-loss_z:2.82381,accu:0.063291,loss_recon:0.45131

800-loss_z:1.588623,accu:0.417949,loss_recon:0.412718

800-loss_z:2.940494,accu:0.063291,loss_recon:0.433775

1000-loss_z:1.463188,accu:0.462591,loss_recon:0.378302

1000-loss_z:3.114513,accu:0.075949,loss_recon:0.398043

1200-loss_z:1.363699,accu:0.493529,loss_recon:0.355846

1200-loss_z:3.306007,accu:0.088608,loss_recon:0.394833

1400-loss_z:1.275007,accu:0.528255,loss_recon:0.33644

1400-loss_z:3.500512,accu:0.063291,loss_recon:0.398335

1600-loss_z:1.206544,accu:0.547689,loss_recon:0.322486

1600-loss_z:3.68425,accu:0.113924,loss_recon:0.395064

1800-loss_z:1.145127,accu:0.574714,loss_recon:0.312342

1800-loss_z:3.914328,accu:0.101266,loss_recon:0.380082

2000-loss_z:1.090535,accu:0.601126,loss_recon:0.299152

2000-loss_z:4.117411,accu:0.113924,loss_recon:0.377968

2200-loss_z:1.037053,accu:0.615866,loss_recon:0.289363

2200-loss_z:4.341561,accu:0.088608,loss_recon:0.377925

2400-loss_z:1.001955,accu:0.641719,loss_recon:0.284458

2400-loss_z:4.527512,accu:0.113924,loss_recon:0.368392

2600-loss_z:0.953947,accu:0.660566,loss_recon:0.27491

2600-loss_z:4.722152,accu:0.113924,loss_recon:0.375248

2800-loss_z:0.9207,accu:0.680495,loss_recon:0.267609

2800-loss_z:4.890949,accu:0.164557,loss_recon:0.378896

3000-loss_z:0.881326,accu:0.708867,loss_recon:0.268651

3000-loss_z:5.08317,accu:0.126582,loss_recon:0.372848

3200-loss_z:0.845798,accu:0.729043,loss_recon:0.261277

3200-loss_z:5.266198,accu:0.126582,loss_recon:0.36826

3400-loss_z:0.816606,accu:0.755007,loss_recon:0.259032

3400-loss_z:5.470622,accu:0.113924,loss_recon:0.369939

3600-loss_z:0.790862,accu:0.770755,loss_recon:0.254967

3600-loss_z:5.71242,accu:0.126582,loss_recon:0.364928

3800-loss_z:0.762331,accu:0.786641,loss_recon:0.250617

3800-loss_z:5.896628,accu:0.113924,loss_recon:0.369066

4000-loss_z:0.734614,accu:0.793203,loss_recon:0.246727

4000-loss_z:6.19778,accu:0.126582,loss_recon:0.376117

4200-loss_z:0.714708,accu:0.810397,loss_recon:0.24539

4200-loss_z:6.485765,accu:0.113924,loss_recon:0.381446

4400-loss_z:0.688237,accu:0.818438,loss_recon:0.246041

4400-loss_z:6.752358,accu:0.113924,loss_recon:0.375398

4600-loss_z:0.666621,accu:0.829922,loss_recon:0.242085

4600-loss_z:7.068726,accu:0.126582,loss_recon:0.384846

4800-loss_z:0.65039,accu:0.839707,loss_recon:0.240372

4800-loss_z:7.339064,accu:0.126582,loss_recon:0.384622

5000-loss_z:0.627416,accu:0.842975,loss_recon:0.237968

5000-loss_z:7.624708,accu:0.126582,loss_recon:0.385549

5200-loss_z:0.614113,accu:0.852956,loss_recon:0.237608

5200-loss_z:7.943015,accu:0.113924,loss_recon:0.384884

5400-loss_z:0.58869,accu:0.859284,loss_recon:0.237338

5400-loss_z:8.229984,accu:0.113924,loss_recon:0.379349

5600-loss_z:0.572341,accu:0.864401,loss_recon:0.235003

5600-loss_z:8.590555,accu:0.126582,loss_recon:0.389247

5800-loss_z:0.56171,accu:0.867598,loss_recon:0.233288

5800-loss_z:8.916458,accu:0.126582,loss_recon:0.395437

6000-loss_z:0.547891,accu:0.870247,loss_recon:0.233442

6000-loss_z:9.197681,accu:0.126582,loss_recon:0.387771

6200-loss_z:0.529679,accu:0.866797,loss_recon:0.231969

6200-loss_z:9.563418,accu:0.126582,loss_recon:0.387302

6400-loss_z:0.514678,accu:0.868737,loss_recon:0.231931

6400-loss_z:9.92955,accu:0.126582,loss_recon:0.385624

6600-loss_z:0.500503,accu:0.871328,loss_recon:0.228627

6600-loss_z:10.260698,accu:0.113924,loss_recon:0.38911

6800-loss_z:0.487752,accu:0.873105,loss_recon:0.230488

6800-loss_z:10.604509,accu:0.126582,loss_recon:0.385691

7000-loss_z:0.47618,accu:0.87959,loss_recon:0.229932

7000-loss_z:10.955019,accu:0.151899,loss_recon:0.389914

7200-loss_z:0.465809,accu:0.878646,loss_recon:0.224718

7200-loss_z:11.324493,accu:0.139241,loss_recon:0.379891

7400-loss_z:0.456641,accu:0.877305,loss_recon:0.226877

7400-loss_z:11.707544,accu:0.139241,loss_recon:0.38979

7600-loss_z:0.444498,accu:0.878639,loss_recon:0.224036

7600-loss_z:12.096356,accu:0.139241,loss_recon:0.386126

7800-loss_z:0.434207,accu:0.878125,loss_recon:0.223722

7800-loss_z:12.438897,accu:0.126582,loss_recon:0.383733

8000-loss_z:0.422947,accu:0.880384,loss_recon:0.221445

8000-loss_z:12.798541,accu:0.126582,loss_recon:0.389043

8200-loss_z:0.413905,accu:0.885299,loss_recon:0.22263

8200-loss_z:13.191681,accu:0.139241,loss_recon:0.404773

8400-loss_z:0.402083,accu:0.886445,loss_recon:0.223186

8400-loss_z:13.550335,accu:0.151899,loss_recon:0.393946

8600-loss_z:0.395169,accu:0.887695,loss_recon:0.220544

8600-loss_z:13.918256,accu:0.126582,loss_recon:0.388102

8800-loss_z:0.387653,accu:0.89584,loss_recon:0.221944

8800-loss_z:14.306354,accu:0.139241,loss_recon:0.3961

9000-loss_z:0.377018,accu:0.897526,loss_recon:0.217537

9000-loss_z:14.708382,accu:0.139241,loss_recon:0.383339

9200-loss_z:0.367443,accu:0.897975,loss_recon:0.219942

9200-loss_z:15.078932,accu:0.151899,loss_recon:0.390337

9400-loss_z:0.364563,accu:0.899173,loss_recon:0.215481

9400-loss_z:15.489841,accu:0.177215,loss_recon:0.392575

9600-loss_z:0.355193,accu:0.900794,loss_recon:0.215457

9600-loss_z:15.802488,accu:0.139241,loss_recon:0.389963

9800-loss_z:0.350336,accu:0.904303,loss_recon:0.216036

9800-loss_z:16.245518,accu:0.164557,loss_recon:0.3889

10000-loss_z:0.343758,accu:0.904401,loss_recon:0.214258

10000-loss_z:16.629442,accu:0.164557,loss_recon:0.392136

10200-loss_z:0.337633,accu:0.910215,loss_recon:0.211847

10200-loss_z:16.98501,accu:0.164557,loss_recon:0.393585

10400-loss_z:0.327386,accu:0.908027,loss_recon:0.211537

10400-loss_z:17.431227,accu:0.177215,loss_recon:0.405406

10600-loss_z:0.325827,accu:0.90112,loss_recon:0.20912

10600-loss_z:17.736591,accu:0.164557,loss_recon:0.394214

10800-loss_z:0.321582,accu:0.907129,loss_recon:0.207804

10800-loss_z:18.180698,accu:0.151899,loss_recon:0.391377

11000-loss_z:0.310874,accu:0.911556,loss_recon:0.2073

11000-loss_z:18.573442,accu:0.189873,loss_recon:0.393857

11200-loss_z:0.305218,accu:0.914069,loss_recon:0.209173

11200-loss_z:18.991491,accu:0.151899,loss_recon:0.398569

11400-loss_z:0.305429,accu:0.913594,loss_recon:0.206544

11400-loss_z:19.329245,accu:0.164557,loss_recon:0.392607

11600-loss_z:0.293365,accu:0.917643,loss_recon:0.20609

11600-loss_z:19.726501,accu:0.151899,loss_recon:0.399427

11800-loss_z:0.293232,accu:0.914935,loss_recon:0.20207

11800-loss_z:20.093542,accu:0.164557,loss_recon:0.405996

12000-loss_z:0.284316,accu:0.921087,loss_recon:0.206382

12000-loss_z:20.524897,accu:0.164557,loss_recon:0.402957

12200-loss_z:0.280642,accu:0.915352,loss_recon:0.205157

12200-loss_z:20.868813,accu:0.151899,loss_recon:0.395664

12400-loss_z:0.277013,accu:0.91694,loss_recon:0.203687

12400-loss_z:21.20122,accu:0.164557,loss_recon:0.405321

12600-loss_z:0.2731,accu:0.916829,loss_recon:0.20238

12600-loss_z:21.622465,accu:0.139241,loss_recon:0.412627

12800-loss_z:0.266907,accu:0.92207,loss_recon:0.201697

12800-loss_z:22.003178,accu:0.164557,loss_recon:0.409957

13000-loss_z:0.26217,accu:0.923711,loss_recon:0.199815

13000-loss_z:22.368778,accu:0.164557,loss_recon:0.399157

13200-loss_z:0.259279,accu:0.921003,loss_recon:0.199014

13200-loss_z:22.818018,accu:0.164557,loss_recon:0.410558

13400-loss_z:0.253947,accu:0.927858,loss_recon:0.201079

13400-loss_z:23.158279,accu:0.139241,loss_recon:0.419532

13600-loss_z:0.247277,accu:0.928281,loss_recon:0.199454

13600-loss_z:23.492666,accu:0.151899,loss_recon:0.409321

13800-loss_z:0.245002,accu:0.930202,loss_recon:0.197182

13800-loss_z:23.799469,accu:0.177215,loss_recon:0.403181

14000-loss_z:0.24264,accu:0.932721,loss_recon:0.197564

14000-loss_z:24.113308,accu:0.151899,loss_recon:0.410254

14200-loss_z:0.23902,accu:0.933958,loss_recon:0.196719

14200-loss_z:24.37985,accu:0.164557,loss_recon:0.413166

14400-loss_z:0.236075,accu:0.932975,loss_recon:0.196696

14400-loss_z:24.643698,accu:0.151899,loss_recon:0.409101

14600-loss_z:0.231016,accu:0.934134,loss_recon:0.19531

14600-loss_z:24.899036,accu:0.151899,loss_recon:0.404196

14800-loss_z:0.232795,accu:0.933177,loss_recon:0.195975

14800-loss_z:25.210836,accu:0.164557,loss_recon:0.416473

15000-loss_z:0.224048,accu:0.938867,loss_recon:0.195467

15000-loss_z:25.394651,accu:0.164557,loss_recon:0.407684

15200-loss_z:0.221854,accu:0.940996,loss_recon:0.190471

15200-loss_z:25.625603,accu:0.164557,loss_recon:0.412575

15400-loss_z:0.217815,accu:0.945436,loss_recon:0.19295

15400-loss_z:25.867386,accu:0.164557,loss_recon:0.411471

15600-loss_z:0.214111,accu:0.944173,loss_recon:0.193461

15600-loss_z:26.043522,accu:0.164557,loss_recon:0.408784

15800-loss_z:0.208449,accu:0.947396,loss_recon:0.19287

15800-loss_z:26.204464,accu:0.151899,loss_recon:0.408545

16000-loss_z:0.209991,accu:0.946797,loss_recon:0.190507

16000-loss_z:26.365009,accu:0.164557,loss_recon:0.411434

16200-loss_z:0.205202,accu:0.950462,loss_recon:0.194705

16200-loss_z:26.565426,accu:0.151899,loss_recon:0.409818

16400-loss_z:0.204424,accu:0.952702,loss_recon:0.191431

16400-loss_z:26.719715,accu:0.164557,loss_recon:0.411046

16600-loss_z:0.202211,accu:0.956986,loss_recon:0.18992

16600-loss_z:26.943483,accu:0.164557,loss_recon:0.417378

16800-loss_z:0.197391,accu:0.956315,loss_recon:0.190599

16800-loss_z:27.09955,accu:0.164557,loss_recon:0.419615

17000-loss_z:0.192372,accu:0.96347,loss_recon:0.190728

17000-loss_z:27.227573,accu:0.164557,loss_recon:0.418489

17200-loss_z:0.192725,accu:0.95987,loss_recon:0.188393

17200-loss_z:27.372549,accu:0.151899,loss_recon:0.41158

17400-loss_z:0.189747,accu:0.962051,loss_recon:0.19079

17400-loss_z:27.562611,accu:0.164557,loss_recon:0.423901

17600-loss_z:0.186705,accu:0.963164,loss_recon:0.190417

17600-loss_z:27.697182,accu:0.177215,loss_recon:0.415771

17800-loss_z:0.185112,accu:0.966491,loss_recon:0.18781

17800-loss_z:27.843645,accu:0.177215,loss_recon:0.416179

18000-loss_z:0.182711,accu:0.968392,loss_recon:0.189829

18000-loss_z:27.959185,accu:0.177215,loss_recon:0.422571

18200-loss_z:0.181099,accu:0.96776,loss_recon:0.187702

18200-loss_z:28.081947,accu:0.151899,loss_recon:0.423012

18400-loss_z:0.173395,accu:0.975534,loss_recon:0.186404

18400-loss_z:28.165104,accu:0.164557,loss_recon:0.419454

18600-loss_z:0.172516,accu:0.97304,loss_recon:0.187561

18600-loss_z:28.315903,accu:0.177215,loss_recon:0.423783

18800-loss_z:0.17331,accu:0.972936,loss_recon:0.188041

18800-loss_z:28.44207,accu:0.164557,loss_recon:0.431274

19000-loss_z:0.169081,accu:0.973984,loss_recon:0.185952

19000-loss_z:28.540497,accu:0.177215,loss_recon:0.429183

19200-loss_z:0.167382,accu:0.97849,loss_recon:0.187352

19200-loss_z:28.640625,accu:0.164557,loss_recon:0.426009

19400-loss_z:0.163384,accu:0.979896,loss_recon:0.184279

19400-loss_z:28.712507,accu:0.151899,loss_recon:0.434787

19600-loss_z:0.160414,accu:0.980247,loss_recon:0.183369

19600-loss_z:28.83392,accu:0.151899,loss_recon:0.439012

19800-loss_z:0.159993,accu:0.981667,loss_recon:0.185349

19800-loss_z:28.967777,accu:0.151899,loss_recon:0.441816

20000-loss_z:0.159177,accu:0.981387,loss_recon:0.182325

20000-loss_z:29.134224,accu:0.151899,loss_recon:0.422441

Exp path: /home/xuanjie.liu/Projects/S3Plus/VQ/exp/2025.05.18_10vq_Zc[2]_Zs[0]_edim1_[0-20]_plus1024_1_tripleSet_Nothing
{'train_data_path': '/home/xuanjie.liu/Projects/S3Plus/VQ/exp/2025.05.18_10vq_Zc[2]_Zs[0]_edim1_[0-20]_plus1024_1_tripleSet_Nothing/../../../dataset/single_style_pairs(0,20)_tripleSet/train', 'single_img_eval_set_path': '/home/xuanjie.liu/Projects/S3Plus/VQ/exp/2025.05.18_10vq_Zc[2]_Zs[0]_edim1_[0-20]_plus1024_1_tripleSet_Nothing/../../../dataset/(0,20)-FixedPos-oneStyle', 'plus_eval_set_path': ['/home/xuanjie.liu/Projects/S3Plus/VQ/exp/2025.05.18_10vq_Zc[2]_Zs[0]_edim1_[0-20]_plus1024_1_tripleSet_Nothing/../../../dataset/single_style_pairs(0,20)_tripleSet/test_1', '/home/xuanjie.liu/Projects/S3Plus/VQ/exp/2025.05.18_10vq_Zc[2]_Zs[0]_edim1_[0-20]_plus1024_1_tripleSet_Nothing/../../../dataset/single_style_pairs(0,20)_tripleSet/test_2'], 'latent_embedding_1': 2, 'latent_embedding_2': 0, 'multi_num_embeddings': None, 'latent_code_2': 0, 'embedding_dim': 1, 'is_plot_zc_value': True, 'embeddings_num': 10, 'is_plot_vis_num': True, 'kld_loss_scalar': 0.0, 'checkpoint_interval': 2000, 'learning_rate': 0.0001, 'scheduler_base_num': 0.99999, 'max_iter_num': 50001, 'model_path': 'curr_model.pt', 'train_result_path': 'TrainingResults/', 'eval_result_path': 'EvalResults/', 'train_record_path': 'Train_record.txt', 'eval_record_path': 'Eval_record.txt', 'plus_accu_record_path': 'plus_eval.txt', 'log_interval': 500, 'eval_interval': 2000, 'is_save_img': True, 'batch_size': 128, 'is_commutative_train': False, 'is_commutative_all': False, 'z_plus_loss_scalar': 0.02, 'commutative_z_loss_scalar': 0.0, 'associative_z_loss_scalar': 0.0, 'plus_mse_scalar': -1, 'plus_recon_loss_scalar': 3, 'min_loss_scalar': 1e-05, 'K': 1024, 'assoc_aug_range': (-3, 3), 'commitment_scalar': 0.0025, 'embedding_scalar': 0.01, 'isVQStyle': False, 'plus_by_embedding': True, 'plus_by_zcode': False, 'VQPlus_eqLoss_scalar': 0.5, 'is_zc_based_assoc': True, 'is_rand_z_assoc': False, 'is_assoc_on_e': True, 'is_assoc_on_z': False, 'is_assoc_within_batch': True, 'is_switch_digital': False, 'is_full_symm': False, 'is_assoc': False, 'is_twice_oper': False, 'img_noise': 0.0, 'network_config': {'enc_dec': {'img_channel': 3, 'last_H': 4, 'last_W': 4, 'first_ch_num': 16}, 'enc_fc': {'n_units': 128, 'n_hidden_layers': 2}, 'plus': {'plus_unit': 1024, 'n_hidden_layers': 2}}, 'eval_config': {'pipeline_result_path': 'PIPELINE_EVAL', 'optimal_checkpoint_finding_config': {'optimal_checkpoint_num': 'find_by_keys', 'record_name': 'Train_record.txt', 'keys': ['plus_recon', 'plus_z', 'loss_oper', 'loss_ED'], 'iter_after': 0.1}, 'plus_eval_configs': [{'name': 'eval_set', 'eval_set_path_list': ['/home/xuanjie.liu/Projects/S3Plus/VQ/exp/2025.05.18_10vq_Zc[2]_Zs[0]_edim1_[0-20]_plus1024_1_tripleSet_Nothing/../../../dataset/single_style_pairs(0,20)_tripleSet/test_1', '/home/xuanjie.liu/Projects/S3Plus/VQ/exp/2025.05.18_10vq_Zc[2]_Zs[0]_edim1_[0-20]_plus1024_1_tripleSet_Nothing/../../../dataset/single_style_pairs(0,20)_tripleSet/test_2'], 'is_blur': False, 'blur_config': {'kernel_size_choices': (5, 7, 9), 'sigma_range': (0.5, 3.0), 'p_no_blur': 0.0}, 'augment_times': 1}], 'emb_matching_rate_configs': [{'name': 'emb_matching_rate', 'eval_set_path_list': ['/home/xuanjie.liu/Projects/S3Plus/VQ/exp/2025.05.18_10vq_Zc[2]_Zs[0]_edim1_[0-20]_plus1024_1_tripleSet_Nothing/../../../dataset/(0,20)-FixedPos-oneStyle'], 'is_blur': False, 'blur_config': {'kernel_size_choices': (5, 7, 9), 'sigma_range': (0.5, 3.0), 'p_no_blur': 0.0}, 'augment_times': 1}], 'orderliness_configs': [{'name': 'orderliness', 'img_dir_name': 'orderliness', 'eval_set_path_list': ['/home/xuanjie.liu/Projects/S3Plus/VQ/exp/2025.05.18_10vq_Zc[2]_Zs[0]_edim1_[0-20]_plus1024_1_tripleSet_Nothing/../../../dataset/(0,20)-FixedPos-oneStyle'], 'is_blur': False, 'blur_config': {'kernel_size_choices': (5, 7, 9), 'sigma_range': (0.5, 3.0), 'p_no_blur': 0.0}, 'augment_times': 1}], 'interpolate_configs': [{'name': 'train_interpolate', 'eval_set_path_list': ['/home/xuanjie.liu/Projects/S3Plus/VQ/exp/2025.05.18_10vq_Zc[2]_Zs[0]_edim1_[0-20]_plus1024_1_tripleSet_Nothing/../../../dataset/single_style_pairs(0,20)_tripleSet/train'], 'is_blur': False, 'blur_config': {'kernel_size_choices': (5, 7, 9), 'sigma_range': (0.5, 3.0), 'p_no_blur': 0.0}, 'augment_times': 1, 'interpolate_num': 1}]}}
[{'task_name': 'minus_16_1.1', 'train_data_path': '/home/xuanjie.liu/Projects/S3Plus/VQ/exp/2025.05.18_10vq_Zc[2]_Zs[0]_edim1_[0-20]_plus1024_1_tripleSet_Nothing/../../../dataset/single_style_pairs_minus(0,20)/train', 'eval_data_path': '/home/xuanjie.liu/Projects/S3Plus/VQ/exp/2025.05.18_10vq_Zc[2]_Zs[0]_edim1_[0-20]_plus1024_1_tripleSet_Nothing/../../../dataset/single_style_pairs_minus(0,20)/test', 'batch_size': 128, 'train_record_path': 'train_record.txt', 'eval_record_path': 'eval_record.txt', 'pretrained_path': 'checkpoint_40000.pt', 'fc_model_path': 'minus_model.pt', 'max_iter_num': 20001, 'log_interval': 200, 'num_class': 21, 'fc_network_config': {'plus_unit': 16, 'n_hidden_layers': 1}, 'learning_rate': 0.001}]
Sub-Exp path: /home/xuanjie.liu/Projects/S3Plus/VQ/exp/2025.05.18_10vq_Zc[2]_Zs[0]_edim1_[0-20]_plus1024_1_tripleSet_Nothing/20
Optimal checkpoint: 48000
Pretrained Model is loaded
Continue training
New FC model is initialized
200-loss_z:2.458622,accu:0.204874,loss_recon:1.123493

200-loss_z:2.690775,accu:0.063291,loss_recon:0.560088

400-loss_z:1.868609,accu:0.357376,loss_recon:0.441337

400-loss_z:2.615634,accu:0.126582,loss_recon:0.357717

600-loss_z:1.579079,accu:0.446862,loss_recon:0.314304

600-loss_z:2.648801,accu:0.126582,loss_recon:0.310196

800-loss_z:1.401376,accu:0.501458,loss_recon:0.269992

800-loss_z:2.67904,accu:0.164557,loss_recon:0.303682

1000-loss_z:1.268249,accu:0.543626,loss_recon:0.249213

1000-loss_z:2.705215,accu:0.164557,loss_recon:0.300671

1200-loss_z:1.165034,accu:0.594486,loss_recon:0.241719

1200-loss_z:2.734177,accu:0.189873,loss_recon:0.299145

1400-loss_z:1.080631,accu:0.628809,loss_recon:0.231145

1400-loss_z:2.763139,accu:0.177215,loss_recon:0.302394

1600-loss_z:1.011723,accu:0.646953,loss_recon:0.223524

1600-loss_z:2.774414,accu:0.21519,loss_recon:0.304747

1800-loss_z:0.952437,accu:0.679271,loss_recon:0.21644

1800-loss_z:2.800316,accu:0.253165,loss_recon:0.306671

2000-loss_z:0.902353,accu:0.699414,loss_recon:0.211029

2000-loss_z:2.86815,accu:0.240506,loss_recon:0.318075

2200-loss_z:0.845956,accu:0.722975,loss_recon:0.205025

2200-loss_z:2.923093,accu:0.253165,loss_recon:0.31804

2400-loss_z:0.807831,accu:0.739421,loss_recon:0.203882

2400-loss_z:2.990692,accu:0.21519,loss_recon:0.314836

2600-loss_z:0.767612,accu:0.757305,loss_recon:0.194769

2600-loss_z:3.059032,accu:0.227848,loss_recon:0.315708

2800-loss_z:0.728058,accu:0.773893,loss_recon:0.191443

2800-loss_z:3.137539,accu:0.227848,loss_recon:0.318274

3000-loss_z:0.700203,accu:0.793822,loss_recon:0.190847

3000-loss_z:3.215782,accu:0.240506,loss_recon:0.313376

3200-loss_z:0.666386,accu:0.808053,loss_recon:0.188232

3200-loss_z:3.326979,accu:0.253165,loss_recon:0.324844

3400-loss_z:0.642361,accu:0.818171,loss_recon:0.18679

3400-loss_z:3.432838,accu:0.21519,loss_recon:0.317036

3600-loss_z:0.621595,accu:0.823249,loss_recon:0.187405

3600-loss_z:3.531109,accu:0.253165,loss_recon:0.319968

3800-loss_z:0.594603,accu:0.827728,loss_recon:0.184795

3800-loss_z:3.65533,accu:0.253165,loss_recon:0.32478

4000-loss_z:0.575509,accu:0.836178,loss_recon:0.184499

4000-loss_z:3.757907,accu:0.278481,loss_recon:0.328994

4200-loss_z:0.556273,accu:0.847943,loss_recon:0.18267

4200-loss_z:3.902835,accu:0.291139,loss_recon:0.335328

4400-loss_z:0.540579,accu:0.847357,loss_recon:0.179785

4400-loss_z:4.029663,accu:0.278481,loss_recon:0.334654

4600-loss_z:0.524566,accu:0.851048,loss_recon:0.181645

4600-loss_z:4.144706,accu:0.278481,loss_recon:0.327331

4800-loss_z:0.506354,accu:0.859551,loss_recon:0.179855

4800-loss_z:4.278029,accu:0.278481,loss_recon:0.329116

5000-loss_z:0.495467,accu:0.860794,loss_recon:0.178863

5000-loss_z:4.428176,accu:0.278481,loss_recon:0.329365

5200-loss_z:0.478872,accu:0.867448,loss_recon:0.177125

5200-loss_z:4.559557,accu:0.278481,loss_recon:0.329298

5400-loss_z:0.465625,accu:0.875618,loss_recon:0.179029

5400-loss_z:4.707058,accu:0.303797,loss_recon:0.33465

5600-loss_z:0.449704,accu:0.878796,loss_recon:0.174864

5600-loss_z:4.877949,accu:0.316456,loss_recon:0.325311

5800-loss_z:0.441376,accu:0.879954,loss_recon:0.17584

5800-loss_z:5.023206,accu:0.278481,loss_recon:0.329965

6000-loss_z:0.430102,accu:0.883092,loss_recon:0.176047

6000-loss_z:5.167393,accu:0.303797,loss_recon:0.329738

6200-loss_z:0.419421,accu:0.888438,loss_recon:0.175765

6200-loss_z:5.327755,accu:0.278481,loss_recon:0.330829

6400-loss_z:0.410349,accu:0.892266,loss_recon:0.174347

6400-loss_z:5.437934,accu:0.303797,loss_recon:0.325033

6600-loss_z:0.399392,accu:0.895488,loss_recon:0.175588

6600-loss_z:5.568916,accu:0.291139,loss_recon:0.328254

6800-loss_z:0.39097,accu:0.89972,loss_recon:0.173066

6800-loss_z:5.707363,accu:0.265823,loss_recon:0.32751

7000-loss_z:0.379923,accu:0.902188,loss_recon:0.174303

7000-loss_z:5.815617,accu:0.253165,loss_recon:0.32337

7200-loss_z:0.373798,accu:0.905521,loss_recon:0.17413

7200-loss_z:5.917079,accu:0.291139,loss_recon:0.32014

7400-loss_z:0.363384,accu:0.912611,loss_recon:0.171784

7400-loss_z:6.026124,accu:0.278481,loss_recon:0.323833

7600-loss_z:0.353453,accu:0.913874,loss_recon:0.171314

7600-loss_z:6.165687,accu:0.278481,loss_recon:0.325875

7800-loss_z:0.346443,accu:0.916328,loss_recon:0.170198

7800-loss_z:6.294143,accu:0.278481,loss_recon:0.323504

8000-loss_z:0.342235,accu:0.920072,loss_recon:0.171175

8000-loss_z:6.43272,accu:0.291139,loss_recon:0.322803

8200-loss_z:0.332928,accu:0.924316,loss_recon:0.169374

8200-loss_z:6.533123,accu:0.291139,loss_recon:0.323229

8400-loss_z:0.323892,accu:0.92847,loss_recon:0.16915

8400-loss_z:6.680894,accu:0.291139,loss_recon:0.317011

8600-loss_z:0.315023,accu:0.934154,loss_recon:0.169752

8600-loss_z:6.910926,accu:0.265823,loss_recon:0.327061

8800-loss_z:0.309515,accu:0.933275,loss_recon:0.168831

8800-loss_z:7.056006,accu:0.278481,loss_recon:0.323833

9000-loss_z:0.30453,accu:0.936517,loss_recon:0.167972

9000-loss_z:7.206322,accu:0.303797,loss_recon:0.322689

9200-loss_z:0.29944,accu:0.937493,loss_recon:0.16697

9200-loss_z:7.391755,accu:0.303797,loss_recon:0.321021

9400-loss_z:0.289573,accu:0.93804,loss_recon:0.165942

9400-loss_z:7.585491,accu:0.291139,loss_recon:0.326131

9600-loss_z:0.286079,accu:0.936354,loss_recon:0.166694

9600-loss_z:7.74352,accu:0.303797,loss_recon:0.327071

9800-loss_z:0.28262,accu:0.937969,loss_recon:0.164309

9800-loss_z:7.892581,accu:0.265823,loss_recon:0.329413

10000-loss_z:0.275285,accu:0.943639,loss_recon:0.162666

10000-loss_z:8.080309,accu:0.303797,loss_recon:0.329459

10200-loss_z:0.269665,accu:0.940775,loss_recon:0.161416

10200-loss_z:8.251121,accu:0.265823,loss_recon:0.332828

10400-loss_z:0.267068,accu:0.941367,loss_recon:0.162493

10400-loss_z:8.401777,accu:0.303797,loss_recon:0.323627

10600-loss_z:0.255026,accu:0.947643,loss_recon:0.161664

10600-loss_z:8.611806,accu:0.316456,loss_recon:0.32931

10800-loss_z:0.250304,accu:0.94957,loss_recon:0.16122

10800-loss_z:8.782416,accu:0.303797,loss_recon:0.327881

11000-loss_z:0.246738,accu:0.950977,loss_recon:0.159267

11000-loss_z:8.995033,accu:0.291139,loss_recon:0.322093

11200-loss_z:0.240006,accu:0.949544,loss_recon:0.161905

11200-loss_z:9.188105,accu:0.291139,loss_recon:0.322237

11400-loss_z:0.235794,accu:0.949219,loss_recon:0.159607

11400-loss_z:9.328404,accu:0.303797,loss_recon:0.322968

11600-loss_z:0.232796,accu:0.953249,loss_recon:0.158095

11600-loss_z:9.487912,accu:0.303797,loss_recon:0.32201

11800-loss_z:0.227934,accu:0.955143,loss_recon:0.160463

11800-loss_z:9.739646,accu:0.291139,loss_recon:0.322646

12000-loss_z:0.221779,accu:0.95709,loss_recon:0.158854

12000-loss_z:9.862449,accu:0.329114,loss_recon:0.321881

12200-loss_z:0.214847,accu:0.96235,loss_recon:0.15827

12200-loss_z:10.062499,accu:0.303797,loss_recon:0.32581

12400-loss_z:0.213052,accu:0.960156,loss_recon:0.158255

12400-loss_z:10.183837,accu:0.329114,loss_recon:0.322537

12600-loss_z:0.208208,accu:0.959128,loss_recon:0.159467

12600-loss_z:10.406714,accu:0.341772,loss_recon:0.322784

12800-loss_z:0.204457,accu:0.960046,loss_recon:0.157143

12800-loss_z:10.627902,accu:0.316456,loss_recon:0.321239

13000-loss_z:0.199539,accu:0.961478,loss_recon:0.157754

13000-loss_z:10.871581,accu:0.316456,loss_recon:0.323778

13200-loss_z:0.193841,accu:0.964661,loss_recon:0.157422

13200-loss_z:11.057825,accu:0.316456,loss_recon:0.31702

13400-loss_z:0.190604,accu:0.959746,loss_recon:0.15708

13400-loss_z:11.304783,accu:0.329114,loss_recon:0.321047

13600-loss_z:0.186073,accu:0.96334,loss_recon:0.157565

13600-loss_z:11.570736,accu:0.303797,loss_recon:0.318594

13800-loss_z:0.184553,accu:0.965202,loss_recon:0.157694

13800-loss_z:11.788344,accu:0.316456,loss_recon:0.321282

14000-loss_z:0.178392,accu:0.96666,loss_recon:0.156061

14000-loss_z:12.033634,accu:0.291139,loss_recon:0.324905

14200-loss_z:0.175809,accu:0.969629,loss_recon:0.156676

14200-loss_z:12.299816,accu:0.291139,loss_recon:0.327647

14400-loss_z:0.172587,accu:0.966061,loss_recon:0.156626

14400-loss_z:12.579943,accu:0.303797,loss_recon:0.325417

14600-loss_z:0.167712,accu:0.970072,loss_recon:0.155694

14600-loss_z:12.754498,accu:0.291139,loss_recon:0.325836

14800-loss_z:0.164478,accu:0.967611,loss_recon:0.155183

14800-loss_z:13.11659,accu:0.278481,loss_recon:0.324296

15000-loss_z:0.162512,accu:0.96959,loss_recon:0.15409

15000-loss_z:13.329588,accu:0.291139,loss_recon:0.328415

15200-loss_z:0.158155,accu:0.971667,loss_recon:0.155294

15200-loss_z:13.587075,accu:0.265823,loss_recon:0.325666

15400-loss_z:0.156144,accu:0.970436,loss_recon:0.153814

15400-loss_z:13.867715,accu:0.291139,loss_recon:0.333285

15600-loss_z:0.153674,accu:0.975358,loss_recon:0.153277

15600-loss_z:14.06312,accu:0.303797,loss_recon:0.326876

15800-loss_z:0.148618,accu:0.979395,loss_recon:0.154156

15800-loss_z:14.298334,accu:0.291139,loss_recon:0.326018

16000-loss_z:0.148161,accu:0.974798,loss_recon:0.15335

16000-loss_z:14.523635,accu:0.291139,loss_recon:0.334791

16200-loss_z:0.143754,accu:0.975879,loss_recon:0.152441

16200-loss_z:14.749302,accu:0.253165,loss_recon:0.336395

16400-loss_z:0.141532,accu:0.979121,loss_recon:0.153638

16400-loss_z:15.026073,accu:0.265823,loss_recon:0.333374

16600-loss_z:0.138794,accu:0.97901,loss_recon:0.152417

16600-loss_z:15.241405,accu:0.240506,loss_recon:0.333087

16800-loss_z:0.136148,accu:0.979323,loss_recon:0.15218

16800-loss_z:15.426756,accu:0.278481,loss_recon:0.337568

17000-loss_z:0.133894,accu:0.977663,loss_recon:0.153944

17000-loss_z:15.685918,accu:0.278481,loss_recon:0.344267

17200-loss_z:0.130763,accu:0.981582,loss_recon:0.15076

17200-loss_z:15.917269,accu:0.291139,loss_recon:0.335981

17400-loss_z:0.127975,accu:0.98097,loss_recon:0.151002

17400-loss_z:16.141909,accu:0.278481,loss_recon:0.339549

17600-loss_z:0.126769,accu:0.983496,loss_recon:0.152464

17600-loss_z:16.366062,accu:0.291139,loss_recon:0.338105

17800-loss_z:0.123122,accu:0.982272,loss_recon:0.152352

17800-loss_z:16.56881,accu:0.316456,loss_recon:0.342472

18000-loss_z:0.122309,accu:0.985534,loss_recon:0.151538

18000-loss_z:16.801411,accu:0.303797,loss_recon:0.340916

18200-loss_z:0.118624,accu:0.984408,loss_recon:0.152296

18200-loss_z:17.035116,accu:0.303797,loss_recon:0.34013

18400-loss_z:0.117058,accu:0.982962,loss_recon:0.152771

18400-loss_z:17.27137,accu:0.291139,loss_recon:0.347287

18600-loss_z:0.112912,accu:0.984063,loss_recon:0.151356

18600-loss_z:17.475218,accu:0.316456,loss_recon:0.343221

18800-loss_z:0.109455,accu:0.984974,loss_recon:0.149614

18800-loss_z:17.73662,accu:0.316456,loss_recon:0.339486

19000-loss_z:0.109735,accu:0.983509,loss_recon:0.151184

19000-loss_z:17.974405,accu:0.291139,loss_recon:0.342298

19200-loss_z:0.105842,accu:0.986745,loss_recon:0.152536

19200-loss_z:18.182943,accu:0.291139,loss_recon:0.348553

19400-loss_z:0.104077,accu:0.985938,loss_recon:0.151018

19400-loss_z:18.3927,accu:0.329114,loss_recon:0.342722

19600-loss_z:0.102476,accu:0.986641,loss_recon:0.150907

19600-loss_z:18.633369,accu:0.303797,loss_recon:0.343901

19800-loss_z:0.100567,accu:0.986491,loss_recon:0.151111

19800-loss_z:18.85322,accu:0.291139,loss_recon:0.350002

20000-loss_z:0.098388,accu:0.985788,loss_recon:0.149958

20000-loss_z:19.043934,accu:0.291139,loss_recon:0.347883

Continue training
New FC model is initialized
200-loss_z:2.557769,accu:0.195086,loss_recon:1.117294

200-loss_z:2.810691,accu:0.088608,loss_recon:0.503188

400-loss_z:1.910625,accu:0.342363,loss_recon:0.419071

400-loss_z:2.823702,accu:0.151899,loss_recon:0.341253

600-loss_z:1.615837,accu:0.436777,loss_recon:0.331125

600-loss_z:3.028088,accu:0.189873,loss_recon:0.313973

800-loss_z:1.437659,accu:0.496217,loss_recon:0.298812

800-loss_z:3.239668,accu:0.189873,loss_recon:0.303531

1000-loss_z:1.298167,accu:0.55748,loss_recon:0.271637

1000-loss_z:3.417542,accu:0.177215,loss_recon:0.285024

1200-loss_z:1.198783,accu:0.588509,loss_recon:0.250251

1200-loss_z:3.550143,accu:0.202532,loss_recon:0.283341

1400-loss_z:1.107898,accu:0.627988,loss_recon:0.238588

1400-loss_z:3.748995,accu:0.21519,loss_recon:0.282783

1600-loss_z:1.038195,accu:0.660911,loss_recon:0.226875

1600-loss_z:3.930505,accu:0.253165,loss_recon:0.279547

1800-loss_z:0.978276,accu:0.682142,loss_recon:0.218004

1800-loss_z:4.099533,accu:0.21519,loss_recon:0.278671

2000-loss_z:0.921294,accu:0.707533,loss_recon:0.214364

2000-loss_z:4.293442,accu:0.227848,loss_recon:0.280621

2200-loss_z:0.87026,accu:0.722884,loss_recon:0.207617

2200-loss_z:4.5031,accu:0.21519,loss_recon:0.285316

2400-loss_z:0.829359,accu:0.735156,loss_recon:0.205667

2400-loss_z:4.716696,accu:0.202532,loss_recon:0.280835

2600-loss_z:0.793855,accu:0.741855,loss_recon:0.200266

2600-loss_z:4.922833,accu:0.227848,loss_recon:0.284727

2800-loss_z:0.755314,accu:0.76791,loss_recon:0.19624

2800-loss_z:5.162521,accu:0.240506,loss_recon:0.287731

3000-loss_z:0.717869,accu:0.784798,loss_recon:0.191694

3000-loss_z:5.397563,accu:0.21519,loss_recon:0.291107

3200-loss_z:0.69128,accu:0.791608,loss_recon:0.189232

3200-loss_z:5.598174,accu:0.227848,loss_recon:0.295091

3400-loss_z:0.666122,accu:0.808346,loss_recon:0.18661

3400-loss_z:5.796462,accu:0.278481,loss_recon:0.29346

3600-loss_z:0.639417,accu:0.818281,loss_recon:0.183462

3600-loss_z:5.995138,accu:0.265823,loss_recon:0.300373

3800-loss_z:0.616879,accu:0.828874,loss_recon:0.17863

3800-loss_z:6.176558,accu:0.291139,loss_recon:0.301002

4000-loss_z:0.595126,accu:0.8336,loss_recon:0.178599

4000-loss_z:6.375861,accu:0.303797,loss_recon:0.30834

4200-loss_z:0.571517,accu:0.850345,loss_recon:0.176777

4200-loss_z:6.563884,accu:0.291139,loss_recon:0.312278

4400-loss_z:0.546454,accu:0.857826,loss_recon:0.174447

4400-loss_z:6.758208,accu:0.303797,loss_recon:0.306013

4600-loss_z:0.527392,accu:0.867773,loss_recon:0.174414

4600-loss_z:6.973349,accu:0.303797,loss_recon:0.317557

4800-loss_z:0.507288,accu:0.876595,loss_recon:0.171049

4800-loss_z:7.172754,accu:0.291139,loss_recon:0.31325

5000-loss_z:0.496613,accu:0.882871,loss_recon:0.171955

5000-loss_z:7.367433,accu:0.303797,loss_recon:0.314578

5200-loss_z:0.477013,accu:0.890911,loss_recon:0.171214

5200-loss_z:7.575097,accu:0.316456,loss_recon:0.322576

5400-loss_z:0.463144,accu:0.893353,loss_recon:0.169364

5400-loss_z:7.783021,accu:0.316456,loss_recon:0.325468

5600-loss_z:0.446176,accu:0.900443,loss_recon:0.16558

5600-loss_z:7.999553,accu:0.303797,loss_recon:0.336051

5800-loss_z:0.436573,accu:0.90472,loss_recon:0.165735

5800-loss_z:8.164142,accu:0.341772,loss_recon:0.340205

6000-loss_z:0.423482,accu:0.906009,loss_recon:0.166141

6000-loss_z:8.34999,accu:0.35443,loss_recon:0.333795

6200-loss_z:0.412048,accu:0.910768,loss_recon:0.162811

6200-loss_z:8.574223,accu:0.329114,loss_recon:0.338259

6400-loss_z:0.399494,accu:0.910599,loss_recon:0.165137

6400-loss_z:8.751219,accu:0.35443,loss_recon:0.335337

6600-loss_z:0.386483,accu:0.92015,loss_recon:0.162963

6600-loss_z:8.93856,accu:0.35443,loss_recon:0.335879

6800-loss_z:0.376863,accu:0.921289,loss_recon:0.1625

6800-loss_z:9.148536,accu:0.341772,loss_recon:0.339955

7000-loss_z:0.365166,accu:0.925026,loss_recon:0.161606

7000-loss_z:9.367062,accu:0.341772,loss_recon:0.343919

7200-loss_z:0.353554,accu:0.922891,loss_recon:0.158654

7200-loss_z:9.577971,accu:0.329114,loss_recon:0.345463

7400-loss_z:0.347152,accu:0.930345,loss_recon:0.158422

7400-loss_z:9.818871,accu:0.329114,loss_recon:0.358762

7600-loss_z:0.33525,accu:0.93931,loss_recon:0.158702

7600-loss_z:10.043577,accu:0.329114,loss_recon:0.349014

7800-loss_z:0.329193,accu:0.93987,loss_recon:0.158599

7800-loss_z:10.331579,accu:0.329114,loss_recon:0.358017

8000-loss_z:0.319016,accu:0.937174,loss_recon:0.156689

8000-loss_z:10.572189,accu:0.329114,loss_recon:0.348831

8200-loss_z:0.31733,accu:0.942337,loss_recon:0.157594

8200-loss_z:10.826516,accu:0.329114,loss_recon:0.349107

8400-loss_z:0.302104,accu:0.946504,loss_recon:0.156487

8400-loss_z:11.07311,accu:0.35443,loss_recon:0.357759

8600-loss_z:0.296282,accu:0.949538,loss_recon:0.156347

8600-loss_z:11.354673,accu:0.341772,loss_recon:0.358198

8800-loss_z:0.290714,accu:0.950501,loss_recon:0.156322

8800-loss_z:11.62829,accu:0.379747,loss_recon:0.352154

9000-loss_z:0.282748,accu:0.954102,loss_recon:0.155578

9000-loss_z:11.935729,accu:0.379747,loss_recon:0.362543

9200-loss_z:0.276763,accu:0.949635,loss_recon:0.154353

9200-loss_z:12.218423,accu:0.35443,loss_recon:0.357437

9400-loss_z:0.268797,accu:0.957969,loss_recon:0.155763

9400-loss_z:12.535366,accu:0.379747,loss_recon:0.351936

9600-loss_z:0.262738,accu:0.959063,loss_recon:0.153971

9600-loss_z:12.808741,accu:0.367089,loss_recon:0.360316

9800-loss_z:0.262114,accu:0.957474,loss_recon:0.153915

9800-loss_z:13.090842,accu:0.392405,loss_recon:0.358705

10000-loss_z:0.251442,accu:0.95959,loss_recon:0.154188

10000-loss_z:13.401524,accu:0.35443,loss_recon:0.358422

10200-loss_z:0.247302,accu:0.963548,loss_recon:0.154219

10200-loss_z:13.702,accu:0.367089,loss_recon:0.360892

10400-loss_z:0.240265,accu:0.964362,loss_recon:0.155232

10400-loss_z:14.022105,accu:0.392405,loss_recon:0.360068

10600-loss_z:0.237675,accu:0.963704,loss_recon:0.15371

10600-loss_z:14.325133,accu:0.367089,loss_recon:0.364784

10800-loss_z:0.233366,accu:0.963685,loss_recon:0.154158

10800-loss_z:14.669728,accu:0.379747,loss_recon:0.361428

11000-loss_z:0.228979,accu:0.963561,loss_recon:0.153642

11000-loss_z:14.978874,accu:0.35443,loss_recon:0.360256

11200-loss_z:0.219149,accu:0.965866,loss_recon:0.153346

11200-loss_z:15.314348,accu:0.379747,loss_recon:0.363538

11400-loss_z:0.218247,accu:0.967871,loss_recon:0.151593

11400-loss_z:15.621363,accu:0.379747,loss_recon:0.358416

11600-loss_z:0.214749,accu:0.968047,loss_recon:0.15358

11600-loss_z:15.939495,accu:0.379747,loss_recon:0.357111

11800-loss_z:0.209143,accu:0.96875,loss_recon:0.152837

11800-loss_z:16.267172,accu:0.379747,loss_recon:0.360931

12000-loss_z:0.203431,accu:0.96974,loss_recon:0.153361

12000-loss_z:16.559971,accu:0.379747,loss_recon:0.366062

12200-loss_z:0.198346,accu:0.969883,loss_recon:0.151516

12200-loss_z:16.87237,accu:0.379747,loss_recon:0.361578

12400-loss_z:0.196425,accu:0.971745,loss_recon:0.152593

12400-loss_z:17.21879,accu:0.392405,loss_recon:0.367546

12600-loss_z:0.193389,accu:0.969505,loss_recon:0.153558

12600-loss_z:17.563595,accu:0.367089,loss_recon:0.364968

12800-loss_z:0.190115,accu:0.968451,loss_recon:0.152429

12800-loss_z:17.886007,accu:0.379747,loss_recon:0.36749

13000-loss_z:0.186057,accu:0.969857,loss_recon:0.151272

13000-loss_z:18.245159,accu:0.367089,loss_recon:0.373315

13200-loss_z:0.180892,accu:0.971276,loss_recon:0.150634

13200-loss_z:18.619463,accu:0.392405,loss_recon:0.359937

13400-loss_z:0.178447,accu:0.970964,loss_recon:0.153339

13400-loss_z:18.985102,accu:0.392405,loss_recon:0.366503

13600-loss_z:0.173969,accu:0.972897,loss_recon:0.152289

13600-loss_z:19.33732,accu:0.367089,loss_recon:0.362473

13800-loss_z:0.170733,accu:0.971895,loss_recon:0.152055

13800-loss_z:19.68084,accu:0.379747,loss_recon:0.365648

14000-loss_z:0.166566,accu:0.976497,loss_recon:0.152888

14000-loss_z:20.110258,accu:0.417722,loss_recon:0.369682

14200-loss_z:0.163028,accu:0.970892,loss_recon:0.15212

14200-loss_z:20.477112,accu:0.367089,loss_recon:0.368716

14400-loss_z:0.158242,accu:0.973164,loss_recon:0.151315

14400-loss_z:20.818556,accu:0.367089,loss_recon:0.365372

14600-loss_z:0.156047,accu:0.973561,loss_recon:0.151547

14600-loss_z:21.24139,accu:0.35443,loss_recon:0.361996

14800-loss_z:0.15397,accu:0.972331,loss_recon:0.151766

14800-loss_z:21.619595,accu:0.35443,loss_recon:0.363164

15000-loss_z:0.152961,accu:0.972109,loss_recon:0.151474

15000-loss_z:22.069584,accu:0.392405,loss_recon:0.360682

15200-loss_z:0.146774,accu:0.972897,loss_recon:0.15111

15200-loss_z:22.550875,accu:0.379747,loss_recon:0.365848

15400-loss_z:0.146128,accu:0.973659,loss_recon:0.149781

15400-loss_z:23.015047,accu:0.392405,loss_recon:0.370003

15600-loss_z:0.141023,accu:0.976823,loss_recon:0.151601

15600-loss_z:23.338408,accu:0.379747,loss_recon:0.362321

15800-loss_z:0.138096,accu:0.976191,loss_recon:0.151856

15800-loss_z:23.824116,accu:0.405063,loss_recon:0.361579

16000-loss_z:0.13456,accu:0.976777,loss_recon:0.149713

16000-loss_z:24.202213,accu:0.379747,loss_recon:0.363355

16200-loss_z:0.130942,accu:0.977676,loss_recon:0.150458

16200-loss_z:24.661406,accu:0.405063,loss_recon:0.354111

16400-loss_z:0.128615,accu:0.978757,loss_recon:0.150232

16400-loss_z:25.114189,accu:0.392405,loss_recon:0.367826

16600-loss_z:0.126248,accu:0.978079,loss_recon:0.148418

16600-loss_z:25.624134,accu:0.379747,loss_recon:0.367886

16800-loss_z:0.123998,accu:0.977962,loss_recon:0.150031

16800-loss_z:26.105265,accu:0.405063,loss_recon:0.364118

17000-loss_z:0.119351,accu:0.983008,loss_recon:0.14894

17000-loss_z:26.546616,accu:0.392405,loss_recon:0.366409

17200-loss_z:0.117798,accu:0.982227,loss_recon:0.148283

17200-loss_z:27.031923,accu:0.392405,loss_recon:0.36995

17400-loss_z:0.115163,accu:0.98543,loss_recon:0.147715

17400-loss_z:27.519682,accu:0.392405,loss_recon:0.377838

17600-loss_z:0.112084,accu:0.985397,loss_recon:0.149218

17600-loss_z:28.044109,accu:0.405063,loss_recon:0.381701

17800-loss_z:0.110469,accu:0.984577,loss_recon:0.147878

17800-loss_z:28.543282,accu:0.43038,loss_recon:0.367318

18000-loss_z:0.106375,accu:0.988431,loss_recon:0.148124

18000-loss_z:29.037956,accu:0.392405,loss_recon:0.372563

18200-loss_z:0.104281,accu:0.985736,loss_recon:0.148371

18200-loss_z:29.487673,accu:0.405063,loss_recon:0.372133

18400-loss_z:0.10182,accu:0.988053,loss_recon:0.147784

18400-loss_z:30.019108,accu:0.417722,loss_recon:0.377869

18600-loss_z:0.100131,accu:0.992526,loss_recon:0.148099

18600-loss_z:30.543222,accu:0.417722,loss_recon:0.372269

18800-loss_z:0.09699,accu:0.990397,loss_recon:0.148537

18800-loss_z:31.056959,accu:0.417722,loss_recon:0.380708

19000-loss_z:0.093578,accu:0.991445,loss_recon:0.147688

19000-loss_z:31.553585,accu:0.417722,loss_recon:0.376764

19200-loss_z:0.091931,accu:0.991191,loss_recon:0.146933

19200-loss_z:31.991556,accu:0.392405,loss_recon:0.371544

19400-loss_z:0.090368,accu:0.991732,loss_recon:0.15005

19400-loss_z:32.494362,accu:0.43038,loss_recon:0.378642

19600-loss_z:0.087639,accu:0.991784,loss_recon:0.148106

19600-loss_z:32.979069,accu:0.417722,loss_recon:0.38394

19800-loss_z:0.085883,accu:0.992194,loss_recon:0.146133

19800-loss_z:33.501862,accu:0.392405,loss_recon:0.380802

20000-loss_z:0.082113,accu:0.993724,loss_recon:0.148118

20000-loss_z:33.914837,accu:0.417722,loss_recon:0.381291

Continue training
New FC model is initialized
200-loss_z:2.578678,accu:0.176144,loss_recon:1.306146

200-loss_z:2.744656,accu:0.101266,loss_recon:0.561389

400-loss_z:1.96932,accu:0.334212,loss_recon:0.39581

400-loss_z:2.686909,accu:0.075949,loss_recon:0.332562

600-loss_z:1.682675,accu:0.413711,loss_recon:0.274705

600-loss_z:2.656065,accu:0.088608,loss_recon:0.294351

800-loss_z:1.489982,accu:0.50222,loss_recon:0.246804

800-loss_z:2.692254,accu:0.151899,loss_recon:0.292173

1000-loss_z:1.347526,accu:0.553978,loss_recon:0.232247

1000-loss_z:2.739444,accu:0.139241,loss_recon:0.285089

1200-loss_z:1.240001,accu:0.577337,loss_recon:0.22392

1200-loss_z:2.765084,accu:0.164557,loss_recon:0.291496

1400-loss_z:1.150639,accu:0.603763,loss_recon:0.216832

1400-loss_z:2.721117,accu:0.202532,loss_recon:0.283459

1600-loss_z:1.07002,accu:0.634531,loss_recon:0.212173

1600-loss_z:2.724498,accu:0.21519,loss_recon:0.288032

1800-loss_z:1.003589,accu:0.649824,loss_recon:0.20601

1800-loss_z:2.732544,accu:0.202532,loss_recon:0.290595

2000-loss_z:0.941745,accu:0.685039,loss_recon:0.202689

2000-loss_z:2.730697,accu:0.240506,loss_recon:0.285031

2200-loss_z:0.886845,accu:0.696953,loss_recon:0.197633

2200-loss_z:2.726799,accu:0.227848,loss_recon:0.278566

2400-loss_z:0.843116,accu:0.705527,loss_recon:0.197284

2400-loss_z:2.752558,accu:0.253165,loss_recon:0.278359

2600-loss_z:0.798274,accu:0.713945,loss_recon:0.195101

2600-loss_z:2.79543,accu:0.240506,loss_recon:0.298623

2800-loss_z:0.755149,accu:0.735807,loss_recon:0.190377

2800-loss_z:2.865519,accu:0.240506,loss_recon:0.292961

3000-loss_z:0.728709,accu:0.745404,loss_recon:0.19051

3000-loss_z:2.93078,accu:0.240506,loss_recon:0.288758

3200-loss_z:0.69684,accu:0.76931,loss_recon:0.187728

3200-loss_z:3.018728,accu:0.278481,loss_recon:0.292604

3400-loss_z:0.668527,accu:0.785137,loss_recon:0.187139

3400-loss_z:3.119657,accu:0.265823,loss_recon:0.299106

3600-loss_z:0.640473,accu:0.799121,loss_recon:0.185404

3600-loss_z:3.255309,accu:0.291139,loss_recon:0.295977

3800-loss_z:0.619061,accu:0.805697,loss_recon:0.182639

3800-loss_z:3.364756,accu:0.303797,loss_recon:0.30082

4000-loss_z:0.599093,accu:0.815651,loss_recon:0.183663

4000-loss_z:3.493117,accu:0.303797,loss_recon:0.301558

4200-loss_z:0.578209,accu:0.825788,loss_recon:0.181857

4200-loss_z:3.661618,accu:0.316456,loss_recon:0.303129

4400-loss_z:0.558304,accu:0.837233,loss_recon:0.181958

4400-loss_z:3.77671,accu:0.329114,loss_recon:0.303723

4600-loss_z:0.545258,accu:0.848548,loss_recon:0.17973

4600-loss_z:3.954234,accu:0.303797,loss_recon:0.302396

4800-loss_z:0.523489,accu:0.859518,loss_recon:0.180722

4800-loss_z:4.110397,accu:0.291139,loss_recon:0.298254

5000-loss_z:0.512106,accu:0.865508,loss_recon:0.17883

5000-loss_z:4.276384,accu:0.329114,loss_recon:0.313339

5200-loss_z:0.495929,accu:0.871673,loss_recon:0.177064

5200-loss_z:4.428689,accu:0.303797,loss_recon:0.30562

5400-loss_z:0.483908,accu:0.876608,loss_recon:0.1782

5400-loss_z:4.588048,accu:0.329114,loss_recon:0.308636

5600-loss_z:0.467255,accu:0.879948,loss_recon:0.176637

5600-loss_z:4.735964,accu:0.303797,loss_recon:0.305071

5800-loss_z:0.457958,accu:0.880658,loss_recon:0.176746

5800-loss_z:4.904108,accu:0.341772,loss_recon:0.307869

6000-loss_z:0.449229,accu:0.882227,loss_recon:0.176606

6000-loss_z:5.068176,accu:0.367089,loss_recon:0.311134

6200-loss_z:0.433014,accu:0.885026,loss_recon:0.174406

6200-loss_z:5.248435,accu:0.341772,loss_recon:0.30316

6400-loss_z:0.421959,accu:0.889753,loss_recon:0.174294

6400-loss_z:5.420012,accu:0.341772,loss_recon:0.318338

6600-loss_z:0.411153,accu:0.892826,loss_recon:0.175183

6600-loss_z:5.604425,accu:0.341772,loss_recon:0.317053

6800-loss_z:0.401839,accu:0.8961,loss_recon:0.173646

6800-loss_z:5.826017,accu:0.303797,loss_recon:0.322787

7000-loss_z:0.391263,accu:0.902298,loss_recon:0.174897

7000-loss_z:5.986451,accu:0.341772,loss_recon:0.311406

7200-loss_z:0.382737,accu:0.902897,loss_recon:0.175348

7200-loss_z:6.244038,accu:0.316456,loss_recon:0.31123

7400-loss_z:0.373543,accu:0.903359,loss_recon:0.173485

7400-loss_z:6.423327,accu:0.316456,loss_recon:0.312716

7600-loss_z:0.36219,accu:0.90862,loss_recon:0.171635

7600-loss_z:6.637791,accu:0.303797,loss_recon:0.320319

7800-loss_z:0.35416,accu:0.905215,loss_recon:0.173597

7800-loss_z:6.807825,accu:0.303797,loss_recon:0.312905

8000-loss_z:0.345901,accu:0.912546,loss_recon:0.173055

8000-loss_z:7.054174,accu:0.278481,loss_recon:0.306049

8200-loss_z:0.339774,accu:0.91375,loss_recon:0.17301

8200-loss_z:7.232627,accu:0.278481,loss_recon:0.320143

8400-loss_z:0.329529,accu:0.914609,loss_recon:0.17347

8400-loss_z:7.437566,accu:0.278481,loss_recon:0.322632

8600-loss_z:0.322306,accu:0.915592,loss_recon:0.171702

8600-loss_z:7.565339,accu:0.265823,loss_recon:0.316173

8800-loss_z:0.317036,accu:0.913021,loss_recon:0.172117

8800-loss_z:7.748955,accu:0.316456,loss_recon:0.321397

9000-loss_z:0.30872,accu:0.918698,loss_recon:0.170717

9000-loss_z:7.952423,accu:0.278481,loss_recon:0.317343

9200-loss_z:0.298573,accu:0.920033,loss_recon:0.170046

9200-loss_z:8.146131,accu:0.265823,loss_recon:0.318531

9400-loss_z:0.295765,accu:0.918073,loss_recon:0.171316

9400-loss_z:8.328447,accu:0.316456,loss_recon:0.323194

9600-loss_z:0.286602,accu:0.924115,loss_recon:0.169879

9600-loss_z:8.585036,accu:0.291139,loss_recon:0.316009

9800-loss_z:0.279959,accu:0.92623,loss_recon:0.170777

9800-loss_z:8.70472,accu:0.303797,loss_recon:0.31843

10000-loss_z:0.274974,accu:0.92722,loss_recon:0.168746

10000-loss_z:8.946581,accu:0.278481,loss_recon:0.327859

10200-loss_z:0.267981,accu:0.932077,loss_recon:0.17159

10200-loss_z:9.15391,accu:0.278481,loss_recon:0.324114

10400-loss_z:0.26083,accu:0.933789,loss_recon:0.17229

10400-loss_z:9.350583,accu:0.291139,loss_recon:0.322533

10600-loss_z:0.258355,accu:0.935111,loss_recon:0.170414

10600-loss_z:9.568734,accu:0.291139,loss_recon:0.329003

10800-loss_z:0.249343,accu:0.941387,loss_recon:0.168627

10800-loss_z:9.761869,accu:0.291139,loss_recon:0.323575

11000-loss_z:0.246044,accu:0.94194,loss_recon:0.170928

11000-loss_z:9.988464,accu:0.291139,loss_recon:0.324978

11200-loss_z:0.241645,accu:0.947181,loss_recon:0.169543

11200-loss_z:10.193283,accu:0.291139,loss_recon:0.320799

11400-loss_z:0.235578,accu:0.94903,loss_recon:0.169097

11400-loss_z:10.343145,accu:0.278481,loss_recon:0.332571

11600-loss_z:0.2311,accu:0.956367,loss_recon:0.169575

11600-loss_z:10.561175,accu:0.278481,loss_recon:0.331645

11800-loss_z:0.226722,accu:0.955417,loss_recon:0.170531

11800-loss_z:10.742477,accu:0.291139,loss_recon:0.325318

12000-loss_z:0.222512,accu:0.955326,loss_recon:0.169483

12000-loss_z:10.945083,accu:0.291139,loss_recon:0.321554

12200-loss_z:0.213816,accu:0.960254,loss_recon:0.169048

12200-loss_z:11.171511,accu:0.265823,loss_recon:0.325444

12400-loss_z:0.213857,accu:0.957227,loss_recon:0.169215

12400-loss_z:11.385789,accu:0.278481,loss_recon:0.325178

12600-loss_z:0.208398,accu:0.962357,loss_recon:0.16778

12600-loss_z:11.590301,accu:0.278481,loss_recon:0.331774

12800-loss_z:0.203854,accu:0.959375,loss_recon:0.168056

12800-loss_z:11.825026,accu:0.291139,loss_recon:0.326937

13000-loss_z:0.199516,accu:0.961107,loss_recon:0.168162

13000-loss_z:12.005266,accu:0.291139,loss_recon:0.321574

13200-loss_z:0.195391,accu:0.964818,loss_recon:0.168567

13200-loss_z:12.227162,accu:0.265823,loss_recon:0.331239

13400-loss_z:0.19378,accu:0.958678,loss_recon:0.168539

13400-loss_z:12.459625,accu:0.240506,loss_recon:0.331061

13600-loss_z:0.189506,accu:0.962728,loss_recon:0.166815

13600-loss_z:12.66704,accu:0.278481,loss_recon:0.331835

13800-loss_z:0.185541,accu:0.959635,loss_recon:0.169435

13800-loss_z:12.9485,accu:0.265823,loss_recon:0.330125

14000-loss_z:0.183375,accu:0.96069,loss_recon:0.166326

14000-loss_z:13.181633,accu:0.278481,loss_recon:0.324942

14200-loss_z:0.179059,accu:0.96127,loss_recon:0.16759

14200-loss_z:13.420443,accu:0.291139,loss_recon:0.341855

14400-loss_z:0.175154,accu:0.963001,loss_recon:0.166476

14400-loss_z:13.687163,accu:0.278481,loss_recon:0.327869

14600-loss_z:0.172288,accu:0.962129,loss_recon:0.165941

14600-loss_z:13.996179,accu:0.265823,loss_recon:0.334046

14800-loss_z:0.168415,accu:0.963717,loss_recon:0.168194

14800-loss_z:14.209154,accu:0.291139,loss_recon:0.322767

15000-loss_z:0.165079,accu:0.962578,loss_recon:0.167777

15000-loss_z:14.442373,accu:0.278481,loss_recon:0.32907

15200-loss_z:0.164335,accu:0.962246,loss_recon:0.166444

15200-loss_z:14.726487,accu:0.278481,loss_recon:0.325152

15400-loss_z:0.158562,accu:0.963001,loss_recon:0.167588

15400-loss_z:15.066913,accu:0.291139,loss_recon:0.329059

15600-loss_z:0.158234,accu:0.959603,loss_recon:0.166167

15600-loss_z:15.28264,accu:0.291139,loss_recon:0.333977

15800-loss_z:0.152563,accu:0.967012,loss_recon:0.166678

15800-loss_z:15.560635,accu:0.291139,loss_recon:0.334365

16000-loss_z:0.152279,accu:0.962793,loss_recon:0.165117

16000-loss_z:15.80425,accu:0.291139,loss_recon:0.331019

16200-loss_z:0.146735,accu:0.965814,loss_recon:0.164757

16200-loss_z:16.097437,accu:0.278481,loss_recon:0.338391

16400-loss_z:0.147654,accu:0.962292,loss_recon:0.165504

16400-loss_z:16.347843,accu:0.278481,loss_recon:0.338062

16600-loss_z:0.143213,accu:0.966315,loss_recon:0.166949

16600-loss_z:16.600647,accu:0.291139,loss_recon:0.330387

16800-loss_z:0.142044,accu:0.964167,loss_recon:0.166052

16800-loss_z:16.915564,accu:0.278481,loss_recon:0.335851

17000-loss_z:0.139308,accu:0.965176,loss_recon:0.1664

17000-loss_z:17.112797,accu:0.291139,loss_recon:0.330556

17200-loss_z:0.136713,accu:0.964056,loss_recon:0.164518

17200-loss_z:17.408527,accu:0.291139,loss_recon:0.340906

17400-loss_z:0.134093,accu:0.966699,loss_recon:0.166123

17400-loss_z:17.667967,accu:0.278481,loss_recon:0.335885

17600-loss_z:0.133201,accu:0.965352,loss_recon:0.165954

17600-loss_z:17.981022,accu:0.278481,loss_recon:0.341368

17800-loss_z:0.129965,accu:0.966608,loss_recon:0.165091

17800-loss_z:18.203869,accu:0.291139,loss_recon:0.342589

18000-loss_z:0.128401,accu:0.964935,loss_recon:0.165384

18000-loss_z:18.510944,accu:0.278481,loss_recon:0.333197

18200-loss_z:0.127431,accu:0.966634,loss_recon:0.164764

18200-loss_z:18.760086,accu:0.291139,loss_recon:0.334706

18400-loss_z:0.123239,accu:0.966764,loss_recon:0.164384

18400-loss_z:19.031986,accu:0.291139,loss_recon:0.33077

18600-loss_z:0.121317,accu:0.97026,loss_recon:0.168129

18600-loss_z:19.320202,accu:0.291139,loss_recon:0.335542

18800-loss_z:0.120165,accu:0.969089,loss_recon:0.164349

18800-loss_z:19.545572,accu:0.278481,loss_recon:0.335606

19000-loss_z:0.117209,accu:0.96929,loss_recon:0.165421

19000-loss_z:19.855635,accu:0.278481,loss_recon:0.338575

19200-loss_z:0.115226,accu:0.970846,loss_recon:0.166209

19200-loss_z:20.107038,accu:0.291139,loss_recon:0.340532

19400-loss_z:0.113962,accu:0.970404,loss_recon:0.165137

19400-loss_z:20.368696,accu:0.278481,loss_recon:0.332305

19600-loss_z:0.113973,accu:0.968854,loss_recon:0.164657

19600-loss_z:20.539579,accu:0.278481,loss_recon:0.336111

19800-loss_z:0.108792,accu:0.973301,loss_recon:0.164518

19800-loss_z:20.786552,accu:0.278481,loss_recon:0.331665

20000-loss_z:0.109794,accu:0.970443,loss_recon:0.165508

20000-loss_z:21.058117,accu:0.278481,loss_recon:0.330337

Continue training
New FC model is initialized
200-loss_z:2.619147,accu:0.168837,loss_recon:0.949787

200-loss_z:2.746336,accu:0.088608,loss_recon:0.516489

400-loss_z:1.991487,accu:0.31416,loss_recon:0.37219

400-loss_z:2.722859,accu:0.101266,loss_recon:0.342517

600-loss_z:1.705161,accu:0.392728,loss_recon:0.282595

600-loss_z:2.755756,accu:0.113924,loss_recon:0.32104

800-loss_z:1.522552,accu:0.448893,loss_recon:0.263729

800-loss_z:2.766116,accu:0.164557,loss_recon:0.31463

1000-loss_z:1.378592,accu:0.504525,loss_recon:0.251294

1000-loss_z:2.794342,accu:0.151899,loss_recon:0.316035

1200-loss_z:1.267085,accu:0.535124,loss_recon:0.242154

1200-loss_z:2.806147,accu:0.164557,loss_recon:0.316514

1400-loss_z:1.173233,accu:0.548698,loss_recon:0.2339

1400-loss_z:2.846271,accu:0.189873,loss_recon:0.307543

1600-loss_z:1.100853,accu:0.579674,loss_recon:0.232996

1600-loss_z:2.87504,accu:0.177215,loss_recon:0.309612

1800-loss_z:1.033055,accu:0.598125,loss_recon:0.22631

1800-loss_z:2.88422,accu:0.202532,loss_recon:0.310959

2000-loss_z:0.982789,accu:0.606055,loss_recon:0.221441

2000-loss_z:2.90955,accu:0.21519,loss_recon:0.311968

2200-loss_z:0.938788,accu:0.628203,loss_recon:0.214337

2200-loss_z:2.913451,accu:0.227848,loss_recon:0.310351

2400-loss_z:0.890835,accu:0.657285,loss_recon:0.209051

2400-loss_z:2.898957,accu:0.21519,loss_recon:0.324049

2600-loss_z:0.853962,accu:0.678743,loss_recon:0.205802

2600-loss_z:2.916978,accu:0.202532,loss_recon:0.317315

2800-loss_z:0.815363,accu:0.701439,loss_recon:0.203203

2800-loss_z:2.93028,accu:0.189873,loss_recon:0.316377

3000-loss_z:0.781051,accu:0.728607,loss_recon:0.200782

3000-loss_z:2.940005,accu:0.177215,loss_recon:0.324206

3200-loss_z:0.752307,accu:0.740501,loss_recon:0.201539

3200-loss_z:2.926542,accu:0.202532,loss_recon:0.328609

3400-loss_z:0.720286,accu:0.75554,loss_recon:0.198877

3400-loss_z:2.959139,accu:0.253165,loss_recon:0.324848

3600-loss_z:0.690334,accu:0.769466,loss_recon:0.196834

3600-loss_z:2.984523,accu:0.253165,loss_recon:0.325679

3800-loss_z:0.662154,accu:0.779141,loss_recon:0.196642

3800-loss_z:3.044652,accu:0.240506,loss_recon:0.322365

4000-loss_z:0.634013,accu:0.796921,loss_recon:0.193782

4000-loss_z:3.122363,accu:0.253165,loss_recon:0.326207

4200-loss_z:0.616595,accu:0.80862,loss_recon:0.194585

4200-loss_z:3.178061,accu:0.265823,loss_recon:0.327731

4400-loss_z:0.593996,accu:0.818398,loss_recon:0.194608

4400-loss_z:3.27133,accu:0.265823,loss_recon:0.32992

4600-loss_z:0.577884,accu:0.830033,loss_recon:0.195581

4600-loss_z:3.357991,accu:0.291139,loss_recon:0.3287

4800-loss_z:0.555682,accu:0.840365,loss_recon:0.193567

4800-loss_z:3.472378,accu:0.278481,loss_recon:0.325172

5000-loss_z:0.534817,accu:0.863268,loss_recon:0.193428

5000-loss_z:3.524769,accu:0.291139,loss_recon:0.322201

5200-loss_z:0.522866,accu:0.864505,loss_recon:0.193945

5200-loss_z:3.683682,accu:0.265823,loss_recon:0.333895

5400-loss_z:0.505142,accu:0.876165,loss_recon:0.191311

5400-loss_z:3.782752,accu:0.265823,loss_recon:0.326907

5600-loss_z:0.488752,accu:0.88377,loss_recon:0.19087

5600-loss_z:3.86486,accu:0.303797,loss_recon:0.327212

5800-loss_z:0.477346,accu:0.883945,loss_recon:0.190769

5800-loss_z:4.005972,accu:0.316456,loss_recon:0.334886

6000-loss_z:0.456232,accu:0.898053,loss_recon:0.187668

6000-loss_z:4.162707,accu:0.291139,loss_recon:0.333836

6200-loss_z:0.449257,accu:0.895007,loss_recon:0.190552

6200-loss_z:4.297463,accu:0.291139,loss_recon:0.325201

6400-loss_z:0.43354,accu:0.897487,loss_recon:0.188971

6400-loss_z:4.392053,accu:0.291139,loss_recon:0.328301

6600-loss_z:0.421717,accu:0.917259,loss_recon:0.189128

6600-loss_z:4.546098,accu:0.278481,loss_recon:0.332

6800-loss_z:0.410683,accu:0.916673,loss_recon:0.18788

6800-loss_z:4.612298,accu:0.303797,loss_recon:0.339982

7000-loss_z:0.403833,accu:0.913848,loss_recon:0.186342

7000-loss_z:4.783065,accu:0.329114,loss_recon:0.330223

7200-loss_z:0.391239,accu:0.9236,loss_recon:0.189258

7200-loss_z:4.86912,accu:0.329114,loss_recon:0.330548

7400-loss_z:0.379283,accu:0.931882,loss_recon:0.187941

7400-loss_z:4.990923,accu:0.291139,loss_recon:0.331806

7600-loss_z:0.364715,accu:0.934557,loss_recon:0.186189

7600-loss_z:5.100357,accu:0.278481,loss_recon:0.32986

7800-loss_z:0.357214,accu:0.9339,loss_recon:0.187198

7800-loss_z:5.237606,accu:0.316456,loss_recon:0.337852

8000-loss_z:0.349842,accu:0.935417,loss_recon:0.187056

8000-loss_z:5.423395,accu:0.316456,loss_recon:0.33838

8200-loss_z:0.340905,accu:0.939622,loss_recon:0.187413

8200-loss_z:5.531027,accu:0.303797,loss_recon:0.333378

8400-loss_z:0.325881,accu:0.945827,loss_recon:0.185223

8400-loss_z:5.619018,accu:0.316456,loss_recon:0.326285

8600-loss_z:0.320958,accu:0.946191,loss_recon:0.18321

8600-loss_z:5.78038,accu:0.316456,loss_recon:0.337195

8800-loss_z:0.310381,accu:0.949661,loss_recon:0.18147

8800-loss_z:5.961417,accu:0.303797,loss_recon:0.336618

9000-loss_z:0.306892,accu:0.948151,loss_recon:0.181776

9000-loss_z:6.055715,accu:0.316456,loss_recon:0.330674

9200-loss_z:0.299723,accu:0.955202,loss_recon:0.181804

9200-loss_z:6.192944,accu:0.316456,loss_recon:0.327891

9400-loss_z:0.291986,accu:0.953027,loss_recon:0.180348

9400-loss_z:6.355769,accu:0.316456,loss_recon:0.332835

9600-loss_z:0.285042,accu:0.953776,loss_recon:0.179607

9600-loss_z:6.461937,accu:0.341772,loss_recon:0.340719

9800-loss_z:0.275664,accu:0.960273,loss_recon:0.180952

9800-loss_z:6.588481,accu:0.316456,loss_recon:0.334556

10000-loss_z:0.270728,accu:0.954922,loss_recon:0.180275

10000-loss_z:6.745431,accu:0.316456,loss_recon:0.331899

10200-loss_z:0.261021,accu:0.963698,loss_recon:0.181456

10200-loss_z:6.857893,accu:0.303797,loss_recon:0.330438

10400-loss_z:0.25728,accu:0.963529,loss_recon:0.1782

10400-loss_z:6.99636,accu:0.329114,loss_recon:0.344286

10600-loss_z:0.24984,accu:0.961595,loss_recon:0.178732

10600-loss_z:7.124475,accu:0.329114,loss_recon:0.341419

10800-loss_z:0.243449,accu:0.964089,loss_recon:0.178486

10800-loss_z:7.225395,accu:0.329114,loss_recon:0.331089

11000-loss_z:0.239216,accu:0.965443,loss_recon:0.178582

11000-loss_z:7.390059,accu:0.341772,loss_recon:0.339085

11200-loss_z:0.232942,accu:0.966003,loss_recon:0.177261

11200-loss_z:7.483222,accu:0.35443,loss_recon:0.343296

11400-loss_z:0.229838,accu:0.965918,loss_recon:0.179609

11400-loss_z:7.612638,accu:0.341772,loss_recon:0.331991

11600-loss_z:0.223079,accu:0.969909,loss_recon:0.177951

11600-loss_z:7.755345,accu:0.341772,loss_recon:0.341459

11800-loss_z:0.215605,accu:0.970547,loss_recon:0.176054

11800-loss_z:7.898262,accu:0.341772,loss_recon:0.345963

12000-loss_z:0.213436,accu:0.967005,loss_recon:0.179485

12000-loss_z:7.991092,accu:0.316456,loss_recon:0.339874

12200-loss_z:0.208406,accu:0.96888,loss_recon:0.177334

12200-loss_z:8.135769,accu:0.341772,loss_recon:0.344921

12400-loss_z:0.203477,accu:0.969492,loss_recon:0.177755

12400-loss_z:8.258418,accu:0.341772,loss_recon:0.341461

12600-loss_z:0.199029,accu:0.972337,loss_recon:0.178582

12600-loss_z:8.414302,accu:0.341772,loss_recon:0.339975

12800-loss_z:0.196422,accu:0.971315,loss_recon:0.177441

12800-loss_z:8.519901,accu:0.35443,loss_recon:0.340783

13000-loss_z:0.191665,accu:0.972819,loss_recon:0.177103

13000-loss_z:8.694293,accu:0.379747,loss_recon:0.354684

13200-loss_z:0.188565,accu:0.974473,loss_recon:0.177466

13200-loss_z:8.803318,accu:0.329114,loss_recon:0.342928

13400-loss_z:0.181628,accu:0.975508,loss_recon:0.175047

13400-loss_z:8.947007,accu:0.367089,loss_recon:0.341391

13600-loss_z:0.178988,accu:0.978483,loss_recon:0.174974

13600-loss_z:9.087985,accu:0.341772,loss_recon:0.347909

13800-loss_z:0.176482,accu:0.973613,loss_recon:0.176328

13800-loss_z:9.169582,accu:0.35443,loss_recon:0.341016

14000-loss_z:0.170462,accu:0.97763,loss_recon:0.175005

14000-loss_z:9.310752,accu:0.35443,loss_recon:0.344882

14200-loss_z:0.170604,accu:0.976764,loss_recon:0.17651

14200-loss_z:9.421149,accu:0.329114,loss_recon:0.355602

14400-loss_z:0.164666,accu:0.978932,loss_recon:0.176587

14400-loss_z:9.585177,accu:0.341772,loss_recon:0.342496

14600-loss_z:0.156979,accu:0.98151,loss_recon:0.175926

14600-loss_z:9.757119,accu:0.341772,loss_recon:0.343749

14800-loss_z:0.157819,accu:0.978717,loss_recon:0.177532

14800-loss_z:9.830109,accu:0.35443,loss_recon:0.349343

15000-loss_z:0.153914,accu:0.979355,loss_recon:0.175824

15000-loss_z:9.961492,accu:0.379747,loss_recon:0.347275

15200-loss_z:0.14984,accu:0.978249,loss_recon:0.176381

15200-loss_z:10.076191,accu:0.35443,loss_recon:0.356183

15400-loss_z:0.14361,accu:0.980853,loss_recon:0.173867

15400-loss_z:10.151238,accu:0.367089,loss_recon:0.352039

15600-loss_z:0.14316,accu:0.980931,loss_recon:0.17492

15600-loss_z:10.314806,accu:0.35443,loss_recon:0.356821

15800-loss_z:0.141243,accu:0.980189,loss_recon:0.175172

15800-loss_z:10.455797,accu:0.367089,loss_recon:0.348253

16000-loss_z:0.139693,accu:0.978698,loss_recon:0.175765

16000-loss_z:10.573725,accu:0.405063,loss_recon:0.353707

16200-loss_z:0.133933,accu:0.981068,loss_recon:0.174522

16200-loss_z:10.687579,accu:0.379747,loss_recon:0.355964

16400-loss_z:0.130809,accu:0.981113,loss_recon:0.172669

16400-loss_z:10.798995,accu:0.392405,loss_recon:0.347406

16600-loss_z:0.128454,accu:0.984818,loss_recon:0.174533

16600-loss_z:10.949055,accu:0.392405,loss_recon:0.354296

16800-loss_z:0.126253,accu:0.983685,loss_recon:0.175318

16800-loss_z:11.070931,accu:0.405063,loss_recon:0.357928

17000-loss_z:0.12077,accu:0.985117,loss_recon:0.171497

17000-loss_z:11.20329,accu:0.417722,loss_recon:0.351962

17200-loss_z:0.123933,accu:0.982975,loss_recon:0.175096

17200-loss_z:11.359745,accu:0.417722,loss_recon:0.345221

17400-loss_z:0.12018,accu:0.982383,loss_recon:0.174965

17400-loss_z:11.467085,accu:0.417722,loss_recon:0.349281

17600-loss_z:0.114066,accu:0.986348,loss_recon:0.174665

17600-loss_z:11.623373,accu:0.417722,loss_recon:0.356226

17800-loss_z:0.113379,accu:0.985716,loss_recon:0.173855

17800-loss_z:11.749727,accu:0.417722,loss_recon:0.353161

18000-loss_z:0.109374,accu:0.986602,loss_recon:0.174586

18000-loss_z:11.913772,accu:0.417722,loss_recon:0.348665

18200-loss_z:0.107065,accu:0.987148,loss_recon:0.174059

18200-loss_z:12.097625,accu:0.417722,loss_recon:0.35651

18400-loss_z:0.10527,accu:0.986842,loss_recon:0.173803

18400-loss_z:12.231701,accu:0.417722,loss_recon:0.348266

18600-loss_z:0.102776,accu:0.988105,loss_recon:0.173422

18600-loss_z:12.412788,accu:0.417722,loss_recon:0.355718

18800-loss_z:0.102561,accu:0.986439,loss_recon:0.175155

18800-loss_z:12.465556,accu:0.417722,loss_recon:0.361778

19000-loss_z:0.098486,accu:0.98737,loss_recon:0.175721

19000-loss_z:12.506016,accu:0.43038,loss_recon:0.358964

19200-loss_z:0.096609,accu:0.986992,loss_recon:0.174058

19200-loss_z:12.521094,accu:0.405063,loss_recon:0.36163

19400-loss_z:0.09351,accu:0.987552,loss_recon:0.174162

19400-loss_z:12.666622,accu:0.417722,loss_recon:0.352402

19600-loss_z:0.091646,accu:0.987773,loss_recon:0.172801

19600-loss_z:12.759706,accu:0.405063,loss_recon:0.351955

19800-loss_z:0.091038,accu:0.986595,loss_recon:0.173563

19800-loss_z:12.961343,accu:0.392405,loss_recon:0.35757

20000-loss_z:0.087337,accu:0.987318,loss_recon:0.173697

20000-loss_z:13.150749,accu:0.392405,loss_recon:0.353585

Continue training
New FC model is initialized
200-loss_z:2.576367,accu:0.167502,loss_recon:1.07145

200-loss_z:2.548023,accu:0.139241,loss_recon:0.502958

400-loss_z:1.87269,accu:0.358281,loss_recon:0.368622

400-loss_z:2.456613,accu:0.113924,loss_recon:0.344675

600-loss_z:1.561303,accu:0.446276,loss_recon:0.297415

600-loss_z:2.494799,accu:0.126582,loss_recon:0.321837

800-loss_z:1.380759,accu:0.520339,loss_recon:0.269716

800-loss_z:2.514422,accu:0.126582,loss_recon:0.309395

1000-loss_z:1.254269,accu:0.553743,loss_recon:0.252867

1000-loss_z:2.561515,accu:0.151899,loss_recon:0.318844

1200-loss_z:1.14571,accu:0.599375,loss_recon:0.239353

1200-loss_z:2.634252,accu:0.189873,loss_recon:0.322604

1400-loss_z:1.072727,accu:0.631647,loss_recon:0.234287

1400-loss_z:2.703857,accu:0.189873,loss_recon:0.329413

1600-loss_z:1.013085,accu:0.635469,loss_recon:0.227422

1600-loss_z:2.773921,accu:0.253165,loss_recon:0.320702

1800-loss_z:0.954612,accu:0.670033,loss_recon:0.219536

1800-loss_z:2.876206,accu:0.240506,loss_recon:0.326898

2000-loss_z:0.907037,accu:0.693594,loss_recon:0.217018

2000-loss_z:2.974464,accu:0.240506,loss_recon:0.330794

2200-loss_z:0.859355,accu:0.72513,loss_recon:0.211366

2200-loss_z:3.074632,accu:0.240506,loss_recon:0.329196

2400-loss_z:0.822392,accu:0.740378,loss_recon:0.206109

2400-loss_z:3.176217,accu:0.253165,loss_recon:0.329465

2600-loss_z:0.786408,accu:0.760176,loss_recon:0.20163

2600-loss_z:3.292608,accu:0.265823,loss_recon:0.323284

2800-loss_z:0.75109,accu:0.774076,loss_recon:0.199092

2800-loss_z:3.452332,accu:0.265823,loss_recon:0.323644

3000-loss_z:0.717962,accu:0.793874,loss_recon:0.196777

3000-loss_z:3.57272,accu:0.291139,loss_recon:0.326371

3200-loss_z:0.687656,accu:0.802884,loss_recon:0.193124

3200-loss_z:3.75262,accu:0.316456,loss_recon:0.328953

3400-loss_z:0.660174,accu:0.824063,loss_recon:0.192391

3400-loss_z:3.902934,accu:0.303797,loss_recon:0.322996

3600-loss_z:0.633748,accu:0.833509,loss_recon:0.191913

3600-loss_z:4.078454,accu:0.329114,loss_recon:0.328631

3800-loss_z:0.608967,accu:0.843242,loss_recon:0.190945

3800-loss_z:4.241122,accu:0.316456,loss_recon:0.325846

4000-loss_z:0.588373,accu:0.854844,loss_recon:0.187383

4000-loss_z:4.436888,accu:0.329114,loss_recon:0.328101

4200-loss_z:0.566065,accu:0.863242,loss_recon:0.185518

4200-loss_z:4.635601,accu:0.303797,loss_recon:0.328047

4400-loss_z:0.547481,accu:0.874928,loss_recon:0.184294

4400-loss_z:4.793064,accu:0.316456,loss_recon:0.33129

4600-loss_z:0.523037,accu:0.878236,loss_recon:0.182068

4600-loss_z:5.010025,accu:0.341772,loss_recon:0.335954

4800-loss_z:0.502994,accu:0.886335,loss_recon:0.1806

4800-loss_z:5.174261,accu:0.341772,loss_recon:0.326777

5000-loss_z:0.490063,accu:0.890605,loss_recon:0.178368

5000-loss_z:5.358306,accu:0.341772,loss_recon:0.325154

5200-loss_z:0.472079,accu:0.892383,loss_recon:0.175646

5200-loss_z:5.5773,accu:0.341772,loss_recon:0.335606

5400-loss_z:0.455208,accu:0.900358,loss_recon:0.174181

5400-loss_z:5.833227,accu:0.392405,loss_recon:0.338797

5600-loss_z:0.443172,accu:0.907617,loss_recon:0.172723

5600-loss_z:6.040477,accu:0.367089,loss_recon:0.338203

5800-loss_z:0.430418,accu:0.90515,loss_recon:0.171315

5800-loss_z:6.313654,accu:0.341772,loss_recon:0.340362

6000-loss_z:0.415417,accu:0.91097,loss_recon:0.170392

6000-loss_z:6.586461,accu:0.35443,loss_recon:0.339202

6200-loss_z:0.40762,accu:0.906771,loss_recon:0.170917

6200-loss_z:6.849948,accu:0.35443,loss_recon:0.337521

6400-loss_z:0.394307,accu:0.917051,loss_recon:0.166795

6400-loss_z:7.116836,accu:0.379747,loss_recon:0.339727

6600-loss_z:0.383897,accu:0.92168,loss_recon:0.169325

6600-loss_z:7.393702,accu:0.379747,loss_recon:0.345346

6800-loss_z:0.372194,accu:0.915462,loss_recon:0.166699

6800-loss_z:7.676218,accu:0.405063,loss_recon:0.345044

7000-loss_z:0.360451,accu:0.922161,loss_recon:0.167341

7000-loss_z:7.935114,accu:0.367089,loss_recon:0.343945

7200-loss_z:0.352625,accu:0.927253,loss_recon:0.166543

7200-loss_z:8.219915,accu:0.379747,loss_recon:0.340943

7400-loss_z:0.345168,accu:0.931849,loss_recon:0.169041

7400-loss_z:8.499655,accu:0.379747,loss_recon:0.350262

7600-loss_z:0.334003,accu:0.928464,loss_recon:0.16498

7600-loss_z:8.764704,accu:0.379747,loss_recon:0.350024

7800-loss_z:0.326036,accu:0.93138,loss_recon:0.164125

7800-loss_z:9.093794,accu:0.367089,loss_recon:0.342229

8000-loss_z:0.315983,accu:0.937233,loss_recon:0.16583

8000-loss_z:9.368112,accu:0.379747,loss_recon:0.338944

8200-loss_z:0.312559,accu:0.934863,loss_recon:0.166465

8200-loss_z:9.63443,accu:0.379747,loss_recon:0.354635

8400-loss_z:0.301626,accu:0.937578,loss_recon:0.164434

8400-loss_z:9.97208,accu:0.379747,loss_recon:0.349897

8600-loss_z:0.291904,accu:0.946263,loss_recon:0.163363

8600-loss_z:10.243713,accu:0.367089,loss_recon:0.345985

8800-loss_z:0.289366,accu:0.94056,loss_recon:0.164342

8800-loss_z:10.475866,accu:0.367089,loss_recon:0.344342

9000-loss_z:0.27914,accu:0.948503,loss_recon:0.163384

9000-loss_z:10.767236,accu:0.379747,loss_recon:0.342362

9200-loss_z:0.271835,accu:0.949525,loss_recon:0.161744

9200-loss_z:11.087164,accu:0.379747,loss_recon:0.349078

9400-loss_z:0.267717,accu:0.945632,loss_recon:0.162634

9400-loss_z:11.321442,accu:0.35443,loss_recon:0.352536

9600-loss_z:0.261277,accu:0.950625,loss_recon:0.163045

9600-loss_z:11.605743,accu:0.35443,loss_recon:0.33882

9800-loss_z:0.256097,accu:0.950938,loss_recon:0.161524

9800-loss_z:11.92802,accu:0.367089,loss_recon:0.341612

10000-loss_z:0.247699,accu:0.956628,loss_recon:0.161398

10000-loss_z:12.178795,accu:0.367089,loss_recon:0.343028

10200-loss_z:0.244532,accu:0.953796,loss_recon:0.162969

10200-loss_z:12.421268,accu:0.341772,loss_recon:0.339647

10400-loss_z:0.237186,accu:0.954486,loss_recon:0.159474

10400-loss_z:12.712322,accu:0.329114,loss_recon:0.340105

10600-loss_z:0.233321,accu:0.955866,loss_recon:0.161056

10600-loss_z:13.063763,accu:0.35443,loss_recon:0.348197

10800-loss_z:0.225258,accu:0.956009,loss_recon:0.159514

10800-loss_z:13.304749,accu:0.329114,loss_recon:0.337982

11000-loss_z:0.221641,accu:0.958776,loss_recon:0.160513

11000-loss_z:13.602905,accu:0.329114,loss_recon:0.3395

11200-loss_z:0.214928,accu:0.963919,loss_recon:0.158153

11200-loss_z:13.859965,accu:0.329114,loss_recon:0.347886

11400-loss_z:0.212597,accu:0.961673,loss_recon:0.159433

11400-loss_z:14.068661,accu:0.316456,loss_recon:0.34157

11600-loss_z:0.204858,accu:0.964349,loss_recon:0.157687

11600-loss_z:14.263625,accu:0.303797,loss_recon:0.348027

11800-loss_z:0.200307,accu:0.968711,loss_recon:0.157056

11800-loss_z:14.515566,accu:0.329114,loss_recon:0.34744

12000-loss_z:0.196153,accu:0.971628,loss_recon:0.154424

12000-loss_z:14.778473,accu:0.341772,loss_recon:0.345139

12200-loss_z:0.192214,accu:0.971569,loss_recon:0.157131

12200-loss_z:14.981122,accu:0.35443,loss_recon:0.346833

12400-loss_z:0.188796,accu:0.969186,loss_recon:0.157499

12400-loss_z:15.201451,accu:0.303797,loss_recon:0.339994

12600-loss_z:0.182651,accu:0.97151,loss_recon:0.154996

12600-loss_z:15.449004,accu:0.341772,loss_recon:0.3382

12800-loss_z:0.175695,accu:0.974342,loss_recon:0.154618

12800-loss_z:15.668756,accu:0.341772,loss_recon:0.353711

13000-loss_z:0.172549,accu:0.976178,loss_recon:0.153646

13000-loss_z:15.865398,accu:0.341772,loss_recon:0.35014

13200-loss_z:0.1654,accu:0.978405,loss_recon:0.153509

13200-loss_z:16.183783,accu:0.341772,loss_recon:0.358411

13400-loss_z:0.163959,accu:0.975983,loss_recon:0.153139

13400-loss_z:16.493631,accu:0.316456,loss_recon:0.343472

13600-loss_z:0.160136,accu:0.979329,loss_recon:0.153839

13600-loss_z:16.78006,accu:0.341772,loss_recon:0.351689

13800-loss_z:0.155889,accu:0.979401,loss_recon:0.154514

13800-loss_z:17.058771,accu:0.341772,loss_recon:0.3514

14000-loss_z:0.150182,accu:0.980527,loss_recon:0.154033

14000-loss_z:17.277973,accu:0.341772,loss_recon:0.353495

14200-loss_z:0.146571,accu:0.97959,loss_recon:0.154629

14200-loss_z:17.509396,accu:0.329114,loss_recon:0.355545

14400-loss_z:0.144433,accu:0.98138,loss_recon:0.152429

14400-loss_z:17.726095,accu:0.341772,loss_recon:0.352663

14600-loss_z:0.140552,accu:0.983216,loss_recon:0.152678

14600-loss_z:17.918739,accu:0.329114,loss_recon:0.34794

14800-loss_z:0.135708,accu:0.983529,loss_recon:0.153186

14800-loss_z:18.180681,accu:0.341772,loss_recon:0.352513

15000-loss_z:0.130966,accu:0.982272,loss_recon:0.152367

15000-loss_z:18.378035,accu:0.329114,loss_recon:0.353856

15200-loss_z:0.128274,accu:0.98041,loss_recon:0.153698

15200-loss_z:18.714743,accu:0.35443,loss_recon:0.360576

15400-loss_z:0.124202,accu:0.985215,loss_recon:0.153064

15400-loss_z:18.961149,accu:0.341772,loss_recon:0.356767

15600-loss_z:0.123422,accu:0.984323,loss_recon:0.153716

15600-loss_z:19.194778,accu:0.341772,loss_recon:0.363255

15800-loss_z:0.119722,accu:0.985417,loss_recon:0.15417

15800-loss_z:19.475027,accu:0.35443,loss_recon:0.366582

16000-loss_z:0.11534,accu:0.986504,loss_recon:0.153068

16000-loss_z:19.688272,accu:0.35443,loss_recon:0.355249

16200-loss_z:0.111655,accu:0.98806,loss_recon:0.151659

16200-loss_z:19.858879,accu:0.341772,loss_recon:0.358985

16400-loss_z:0.108509,accu:0.989616,loss_recon:0.149839

16400-loss_z:20.04373,accu:0.341772,loss_recon:0.353753

16600-loss_z:0.106106,accu:0.98862,loss_recon:0.153958

16600-loss_z:20.269735,accu:0.341772,loss_recon:0.3542

16800-loss_z:0.103837,accu:0.992161,loss_recon:0.15304

16800-loss_z:20.47971,accu:0.367089,loss_recon:0.354223

17000-loss_z:0.099225,accu:0.993125,loss_recon:0.151002

17000-loss_z:20.678854,accu:0.341772,loss_recon:0.364179

17200-loss_z:0.095653,accu:0.993678,loss_recon:0.149336

17200-loss_z:20.830477,accu:0.35443,loss_recon:0.353549

17400-loss_z:0.093845,accu:0.993965,loss_recon:0.152981

17400-loss_z:20.98958,accu:0.35443,loss_recon:0.361526

17600-loss_z:0.091167,accu:0.994577,loss_recon:0.151569

17600-loss_z:21.149044,accu:0.367089,loss_recon:0.358683

17800-loss_z:0.088299,accu:0.995319,loss_recon:0.151548

17800-loss_z:21.362715,accu:0.341772,loss_recon:0.358219

18000-loss_z:0.085759,accu:0.996686,loss_recon:0.148989

18000-loss_z:21.487692,accu:0.341772,loss_recon:0.365418

18200-loss_z:0.082905,accu:0.996582,loss_recon:0.151975

18200-loss_z:21.659698,accu:0.341772,loss_recon:0.364678

18400-loss_z:0.081501,accu:0.997695,loss_recon:0.151382

18400-loss_z:21.810183,accu:0.341772,loss_recon:0.360102

18600-loss_z:0.077503,accu:0.998066,loss_recon:0.150089

18600-loss_z:21.997759,accu:0.329114,loss_recon:0.355247

18800-loss_z:0.076395,accu:0.99832,loss_recon:0.150372

18800-loss_z:22.137873,accu:0.341772,loss_recon:0.371327

19000-loss_z:0.073801,accu:0.999284,loss_recon:0.150633

19000-loss_z:22.305401,accu:0.329114,loss_recon:0.36472

19200-loss_z:0.071688,accu:0.999779,loss_recon:0.15035

19200-loss_z:22.43948,accu:0.329114,loss_recon:0.360499

19400-loss_z:0.069161,accu:0.999759,loss_recon:0.152167

19400-loss_z:22.584995,accu:0.329114,loss_recon:0.372043

19600-loss_z:0.067122,accu:0.999414,loss_recon:0.150135

19600-loss_z:22.724064,accu:0.35443,loss_recon:0.355325

19800-loss_z:0.065452,accu:0.999557,loss_recon:0.153347

19800-loss_z:22.855095,accu:0.329114,loss_recon:0.368851

20000-loss_z:0.062731,accu:0.999355,loss_recon:0.15167

20000-loss_z:23.033197,accu:0.35443,loss_recon:0.368902

Continue training
New FC model is initialized
200-loss_z:2.599881,accu:0.174259,loss_recon:1.23175

200-loss_z:2.685096,accu:0.050633,loss_recon:0.556337

400-loss_z:1.936929,accu:0.336706,loss_recon:0.416615

400-loss_z:2.548633,accu:0.075949,loss_recon:0.356954

600-loss_z:1.609306,accu:0.441725,loss_recon:0.314973

600-loss_z:2.542795,accu:0.139241,loss_recon:0.319249

800-loss_z:1.410757,accu:0.493867,loss_recon:0.277237

800-loss_z:2.5942,accu:0.139241,loss_recon:0.30125

1000-loss_z:1.271959,accu:0.554323,loss_recon:0.254746

1000-loss_z:2.593463,accu:0.164557,loss_recon:0.295017

1200-loss_z:1.164816,accu:0.593913,loss_recon:0.241672

1200-loss_z:2.621368,accu:0.189873,loss_recon:0.287477

1400-loss_z:1.073093,accu:0.623919,loss_recon:0.231232

1400-loss_z:2.617444,accu:0.21519,loss_recon:0.287576

1600-loss_z:0.994401,accu:0.653066,loss_recon:0.223668

1600-loss_z:2.676856,accu:0.240506,loss_recon:0.288596

1800-loss_z:0.926537,accu:0.680195,loss_recon:0.219477

1800-loss_z:2.73161,accu:0.21519,loss_recon:0.290213

2000-loss_z:0.873827,accu:0.688053,loss_recon:0.215515

2000-loss_z:2.778743,accu:0.202532,loss_recon:0.300986

2200-loss_z:0.826919,accu:0.719759,loss_recon:0.211339

2200-loss_z:2.826693,accu:0.253165,loss_recon:0.301668

2400-loss_z:0.779685,accu:0.75362,loss_recon:0.207592

2400-loss_z:2.854501,accu:0.240506,loss_recon:0.304859

2600-loss_z:0.741231,accu:0.770879,loss_recon:0.205777

2600-loss_z:2.905661,accu:0.240506,loss_recon:0.305774

2800-loss_z:0.709068,accu:0.779076,loss_recon:0.204577

2800-loss_z:2.948315,accu:0.265823,loss_recon:0.310545

3000-loss_z:0.676808,accu:0.788138,loss_recon:0.2016

3000-loss_z:3.015707,accu:0.253165,loss_recon:0.308504

3200-loss_z:0.652131,accu:0.800378,loss_recon:0.201474

3200-loss_z:3.045504,accu:0.253165,loss_recon:0.310388

3400-loss_z:0.622745,accu:0.813014,loss_recon:0.198843

3400-loss_z:3.120374,accu:0.265823,loss_recon:0.315663

3600-loss_z:0.596727,accu:0.822005,loss_recon:0.198613

3600-loss_z:3.165874,accu:0.291139,loss_recon:0.303358

3800-loss_z:0.575618,accu:0.836354,loss_recon:0.198761

3800-loss_z:3.287302,accu:0.303797,loss_recon:0.313469

4000-loss_z:0.555767,accu:0.83224,loss_recon:0.198259

4000-loss_z:3.327975,accu:0.316456,loss_recon:0.302309

4200-loss_z:0.532043,accu:0.85291,loss_recon:0.196743

4200-loss_z:3.439374,accu:0.316456,loss_recon:0.315845

4400-loss_z:0.511253,accu:0.853997,loss_recon:0.196528

4400-loss_z:3.47963,accu:0.329114,loss_recon:0.318096

4600-loss_z:0.496525,accu:0.860007,loss_recon:0.196035

4600-loss_z:3.592293,accu:0.329114,loss_recon:0.316341

4800-loss_z:0.479613,accu:0.874382,loss_recon:0.193581

4800-loss_z:3.68739,accu:0.341772,loss_recon:0.314465

5000-loss_z:0.456683,accu:0.880911,loss_recon:0.191763

5000-loss_z:3.81881,accu:0.341772,loss_recon:0.317902

5200-loss_z:0.443747,accu:0.886237,loss_recon:0.194303

5200-loss_z:3.939336,accu:0.341772,loss_recon:0.31376

5400-loss_z:0.430785,accu:0.888177,loss_recon:0.192461

5400-loss_z:4.047144,accu:0.329114,loss_recon:0.320317

5600-loss_z:0.411781,accu:0.900417,loss_recon:0.192288

5600-loss_z:4.15536,accu:0.316456,loss_recon:0.321945

5800-loss_z:0.400759,accu:0.904219,loss_recon:0.193291

5800-loss_z:4.25324,accu:0.367089,loss_recon:0.328548

6000-loss_z:0.383609,accu:0.912383,loss_recon:0.1926

6000-loss_z:4.385707,accu:0.341772,loss_recon:0.320082

6200-loss_z:0.375427,accu:0.911439,loss_recon:0.190477

6200-loss_z:4.530042,accu:0.341772,loss_recon:0.31925

6400-loss_z:0.3609,accu:0.916094,loss_recon:0.191598

6400-loss_z:4.662043,accu:0.341772,loss_recon:0.323251

6600-loss_z:0.349668,accu:0.921855,loss_recon:0.189956

6600-loss_z:4.798074,accu:0.35443,loss_recon:0.321163

6800-loss_z:0.343622,accu:0.923835,loss_recon:0.19214

6800-loss_z:4.93683,accu:0.379747,loss_recon:0.319349

7000-loss_z:0.328324,accu:0.931999,loss_recon:0.187986

7000-loss_z:5.091957,accu:0.367089,loss_recon:0.316931

7200-loss_z:0.320776,accu:0.928952,loss_recon:0.18887

7200-loss_z:5.240438,accu:0.367089,loss_recon:0.315647

7400-loss_z:0.313393,accu:0.931159,loss_recon:0.188661

7400-loss_z:5.361901,accu:0.392405,loss_recon:0.318908

7600-loss_z:0.303097,accu:0.931849,loss_recon:0.187887

7600-loss_z:5.526293,accu:0.379747,loss_recon:0.31568

7800-loss_z:0.294583,accu:0.938164,loss_recon:0.188004

7800-loss_z:5.669147,accu:0.35443,loss_recon:0.313825

8000-loss_z:0.285543,accu:0.939544,loss_recon:0.188062

8000-loss_z:5.797391,accu:0.379747,loss_recon:0.320602

8200-loss_z:0.278696,accu:0.940592,loss_recon:0.185269

8200-loss_z:5.974991,accu:0.367089,loss_recon:0.321403

8400-loss_z:0.273319,accu:0.940697,loss_recon:0.186024

8400-loss_z:6.118421,accu:0.367089,loss_recon:0.313177

8600-loss_z:0.266421,accu:0.945456,loss_recon:0.187003

8600-loss_z:6.25697,accu:0.379747,loss_recon:0.324725

8800-loss_z:0.257201,accu:0.950293,loss_recon:0.18555

8800-loss_z:6.396173,accu:0.379747,loss_recon:0.320979

9000-loss_z:0.251069,accu:0.947865,loss_recon:0.185814

9000-loss_z:6.566089,accu:0.379747,loss_recon:0.328672

9200-loss_z:0.246517,accu:0.949232,loss_recon:0.184129

9200-loss_z:6.720834,accu:0.379747,loss_recon:0.321811

9400-loss_z:0.239368,accu:0.950697,loss_recon:0.179939

9400-loss_z:6.846747,accu:0.367089,loss_recon:0.314284

9600-loss_z:0.233013,accu:0.954063,loss_recon:0.179298

9600-loss_z:7.032797,accu:0.379747,loss_recon:0.322066

9800-loss_z:0.226906,accu:0.949967,loss_recon:0.177427

9800-loss_z:7.211561,accu:0.379747,loss_recon:0.32491

10000-loss_z:0.22298,accu:0.95515,loss_recon:0.177211

10000-loss_z:7.379862,accu:0.379747,loss_recon:0.321142

10200-loss_z:0.217441,accu:0.956348,loss_recon:0.177802

10200-loss_z:7.531409,accu:0.379747,loss_recon:0.32

10400-loss_z:0.21376,accu:0.953229,loss_recon:0.177294

10400-loss_z:7.672457,accu:0.379747,loss_recon:0.3307

10600-loss_z:0.210404,accu:0.955573,loss_recon:0.177785

10600-loss_z:7.813458,accu:0.379747,loss_recon:0.328277

10800-loss_z:0.202664,accu:0.961003,loss_recon:0.177345

10800-loss_z:7.978998,accu:0.392405,loss_recon:0.32503

11000-loss_z:0.197478,accu:0.960592,loss_recon:0.175042

11000-loss_z:8.194159,accu:0.379747,loss_recon:0.329161

11200-loss_z:0.194709,accu:0.95498,loss_recon:0.174545

11200-loss_z:8.323155,accu:0.379747,loss_recon:0.324248

11400-loss_z:0.194954,accu:0.956549,loss_recon:0.176253

11400-loss_z:8.485505,accu:0.367089,loss_recon:0.327374

11600-loss_z:0.187489,accu:0.960892,loss_recon:0.174878

11600-loss_z:8.591049,accu:0.379747,loss_recon:0.335524

11800-loss_z:0.183578,accu:0.956751,loss_recon:0.174286

11800-loss_z:8.749297,accu:0.367089,loss_recon:0.335159

12000-loss_z:0.178795,accu:0.960059,loss_recon:0.173782

12000-loss_z:8.904174,accu:0.35443,loss_recon:0.328206

12200-loss_z:0.175657,accu:0.960638,loss_recon:0.172393

12200-loss_z:9.043102,accu:0.392405,loss_recon:0.331533

12400-loss_z:0.174196,accu:0.959811,loss_recon:0.172035

12400-loss_z:9.158892,accu:0.379747,loss_recon:0.332251

12600-loss_z:0.16911,accu:0.962448,loss_recon:0.173313

12600-loss_z:9.335105,accu:0.367089,loss_recon:0.330334

12800-loss_z:0.165264,accu:0.96319,loss_recon:0.174028

12800-loss_z:9.511402,accu:0.379747,loss_recon:0.332456

13000-loss_z:0.16462,accu:0.963522,loss_recon:0.173228

13000-loss_z:9.703997,accu:0.379747,loss_recon:0.343001

13200-loss_z:0.156429,accu:0.963346,loss_recon:0.173222

13200-loss_z:9.810749,accu:0.379747,loss_recon:0.336385

13400-loss_z:0.155878,accu:0.964277,loss_recon:0.172213

13400-loss_z:9.982692,accu:0.392405,loss_recon:0.335749

13600-loss_z:0.15232,accu:0.963848,loss_recon:0.172414

13600-loss_z:10.132201,accu:0.405063,loss_recon:0.338655

13800-loss_z:0.14805,accu:0.963958,loss_recon:0.172271

13800-loss_z:10.286187,accu:0.379747,loss_recon:0.341359

14000-loss_z:0.146021,accu:0.971204,loss_recon:0.171999

14000-loss_z:10.469493,accu:0.405063,loss_recon:0.338856

14200-loss_z:0.143183,accu:0.97125,loss_recon:0.171823

14200-loss_z:10.64776,accu:0.405063,loss_recon:0.3332

14400-loss_z:0.140063,accu:0.971471,loss_recon:0.172176

14400-loss_z:10.78936,accu:0.392405,loss_recon:0.335333

14600-loss_z:0.137192,accu:0.972324,loss_recon:0.173555

14600-loss_z:10.94579,accu:0.417722,loss_recon:0.336623

14800-loss_z:0.133256,accu:0.974167,loss_recon:0.172338

14800-loss_z:11.117989,accu:0.392405,loss_recon:0.339409

15000-loss_z:0.132147,accu:0.974518,loss_recon:0.173657

15000-loss_z:11.26738,accu:0.405063,loss_recon:0.337594

15200-loss_z:0.129838,accu:0.975456,loss_recon:0.172902

15200-loss_z:11.495281,accu:0.405063,loss_recon:0.336592

15400-loss_z:0.125767,accu:0.977663,loss_recon:0.170972

15400-loss_z:11.735674,accu:0.392405,loss_recon:0.328894

15600-loss_z:0.124018,accu:0.978587,loss_recon:0.173664

15600-loss_z:11.90485,accu:0.405063,loss_recon:0.332836

15800-loss_z:0.123059,accu:0.975846,loss_recon:0.171603

15800-loss_z:12.121768,accu:0.405063,loss_recon:0.340363

16000-loss_z:0.120389,accu:0.976016,loss_recon:0.171836

16000-loss_z:12.301723,accu:0.417722,loss_recon:0.345059

16200-loss_z:0.116319,accu:0.979642,loss_recon:0.171187

16200-loss_z:12.489605,accu:0.417722,loss_recon:0.344721

16400-loss_z:0.115865,accu:0.978307,loss_recon:0.172622

16400-loss_z:12.726282,accu:0.417722,loss_recon:0.333864

16600-loss_z:0.113929,accu:0.976354,loss_recon:0.171235

16600-loss_z:12.927283,accu:0.417722,loss_recon:0.338062

16800-loss_z:0.110244,accu:0.978939,loss_recon:0.170415

16800-loss_z:13.147118,accu:0.417722,loss_recon:0.335284

17000-loss_z:0.108088,accu:0.981393,loss_recon:0.17246

17000-loss_z:13.431735,accu:0.405063,loss_recon:0.3272

17200-loss_z:0.106075,accu:0.978743,loss_recon:0.17092

17200-loss_z:13.77071,accu:0.43038,loss_recon:0.337038

17400-loss_z:0.103145,accu:0.980775,loss_recon:0.172305

17400-loss_z:14.081817,accu:0.417722,loss_recon:0.348294

17600-loss_z:0.100215,accu:0.981413,loss_recon:0.171428

17600-loss_z:14.358887,accu:0.43038,loss_recon:0.33027

17800-loss_z:0.100382,accu:0.982409,loss_recon:0.171262

17800-loss_z:14.71364,accu:0.43038,loss_recon:0.335264

18000-loss_z:0.097225,accu:0.981895,loss_recon:0.172885

18000-loss_z:14.999506,accu:0.43038,loss_recon:0.338523

18200-loss_z:0.093209,accu:0.983236,loss_recon:0.170299

18200-loss_z:15.300254,accu:0.405063,loss_recon:0.329112

18400-loss_z:0.091711,accu:0.98403,loss_recon:0.171633

18400-loss_z:15.633201,accu:0.417722,loss_recon:0.33972

18600-loss_z:0.089091,accu:0.983887,loss_recon:0.173087

18600-loss_z:15.912857,accu:0.405063,loss_recon:0.339283

18800-loss_z:0.086598,accu:0.987507,loss_recon:0.17198

18800-loss_z:16.234314,accu:0.43038,loss_recon:0.328011

19000-loss_z:0.08522,accu:0.986504,loss_recon:0.172241

19000-loss_z:16.564032,accu:0.405063,loss_recon:0.330446

19200-loss_z:0.083397,accu:0.989889,loss_recon:0.170712

19200-loss_z:16.902832,accu:0.392405,loss_recon:0.334358

19400-loss_z:0.081449,accu:0.990299,loss_recon:0.17138

19400-loss_z:17.226717,accu:0.405063,loss_recon:0.333032

19600-loss_z:0.08046,accu:0.990632,loss_recon:0.171035

19600-loss_z:17.625914,accu:0.405063,loss_recon:0.340281

19800-loss_z:0.077668,accu:0.989049,loss_recon:0.171092

19800-loss_z:17.949183,accu:0.392405,loss_recon:0.333544

20000-loss_z:0.077668,accu:0.99069,loss_recon:0.173344

20000-loss_z:18.321962,accu:0.405063,loss_recon:0.341579

Continue training
New FC model is initialized
200-loss_z:2.556542,accu:0.19734,loss_recon:1.281006

200-loss_z:2.625676,accu:0.101266,loss_recon:0.608951

400-loss_z:1.891217,accu:0.377454,loss_recon:0.458364

400-loss_z:2.606927,accu:0.113924,loss_recon:0.380287

600-loss_z:1.561386,accu:0.494108,loss_recon:0.3329

600-loss_z:2.709788,accu:0.139241,loss_recon:0.335726

800-loss_z:1.358447,accu:0.553288,loss_recon:0.296152

800-loss_z:2.813357,accu:0.189873,loss_recon:0.320221

1000-loss_z:1.218541,accu:0.597747,loss_recon:0.272503

1000-loss_z:2.920124,accu:0.202532,loss_recon:0.304471

1200-loss_z:1.105886,accu:0.625736,loss_recon:0.260151

1200-loss_z:3.053706,accu:0.202532,loss_recon:0.305455

1400-loss_z:1.023896,accu:0.645514,loss_recon:0.249358

1400-loss_z:3.169231,accu:0.202532,loss_recon:0.305373

1600-loss_z:0.951421,accu:0.669069,loss_recon:0.24184

1600-loss_z:3.320714,accu:0.202532,loss_recon:0.304847

1800-loss_z:0.893064,accu:0.689993,loss_recon:0.234626

1800-loss_z:3.442249,accu:0.177215,loss_recon:0.298643

2000-loss_z:0.844127,accu:0.708587,loss_recon:0.226836

2000-loss_z:3.581891,accu:0.189873,loss_recon:0.295372

2200-loss_z:0.796526,accu:0.730729,loss_recon:0.218989

2200-loss_z:3.719112,accu:0.227848,loss_recon:0.296892

2400-loss_z:0.756261,accu:0.76054,loss_recon:0.21495

2400-loss_z:3.838293,accu:0.21519,loss_recon:0.301425

2600-loss_z:0.718501,accu:0.776478,loss_recon:0.207356

2600-loss_z:3.982242,accu:0.253165,loss_recon:0.306456

2800-loss_z:0.684735,accu:0.791432,loss_recon:0.203162

2800-loss_z:4.103307,accu:0.240506,loss_recon:0.304908

3000-loss_z:0.650019,accu:0.804486,loss_recon:0.201545

3000-loss_z:4.255225,accu:0.253165,loss_recon:0.304873

3200-loss_z:0.62199,accu:0.815267,loss_recon:0.198857

3200-loss_z:4.413128,accu:0.265823,loss_recon:0.310552

3400-loss_z:0.599467,accu:0.829785,loss_recon:0.195589

3400-loss_z:4.574605,accu:0.253165,loss_recon:0.31494

3600-loss_z:0.571789,accu:0.840716,loss_recon:0.194045

3600-loss_z:4.740392,accu:0.253165,loss_recon:0.316417

3800-loss_z:0.547079,accu:0.857604,loss_recon:0.192103

3800-loss_z:4.942239,accu:0.278481,loss_recon:0.317335

4000-loss_z:0.525226,accu:0.866283,loss_recon:0.190844

4000-loss_z:5.125123,accu:0.227848,loss_recon:0.318399

4200-loss_z:0.503083,accu:0.888522,loss_recon:0.18952

4200-loss_z:5.311138,accu:0.253165,loss_recon:0.317065

4400-loss_z:0.484896,accu:0.895286,loss_recon:0.187644

4400-loss_z:5.486256,accu:0.253165,loss_recon:0.319933

4600-loss_z:0.463001,accu:0.909674,loss_recon:0.185893

4600-loss_z:5.726202,accu:0.240506,loss_recon:0.324443

4800-loss_z:0.443223,accu:0.920417,loss_recon:0.185015

4800-loss_z:5.961746,accu:0.253165,loss_recon:0.32383

5000-loss_z:0.429042,accu:0.922845,loss_recon:0.185791

5000-loss_z:6.170312,accu:0.265823,loss_recon:0.334746

5200-loss_z:0.410104,accu:0.928691,loss_recon:0.182341

5200-loss_z:6.340288,accu:0.265823,loss_recon:0.327226

5400-loss_z:0.396045,accu:0.926934,loss_recon:0.182433

5400-loss_z:6.523526,accu:0.253165,loss_recon:0.328549

5600-loss_z:0.38419,accu:0.93474,loss_recon:0.182736

5600-loss_z:6.622244,accu:0.253165,loss_recon:0.325627

5800-loss_z:0.37187,accu:0.93819,loss_recon:0.183105

5800-loss_z:6.762283,accu:0.278481,loss_recon:0.332631

6000-loss_z:0.358152,accu:0.941497,loss_recon:0.182448

6000-loss_z:6.905659,accu:0.291139,loss_recon:0.334556

6200-loss_z:0.343673,accu:0.939479,loss_recon:0.183143

6200-loss_z:7.017057,accu:0.278481,loss_recon:0.333334

6400-loss_z:0.334429,accu:0.942363,loss_recon:0.181878

6400-loss_z:7.140997,accu:0.278481,loss_recon:0.340639

6600-loss_z:0.325479,accu:0.953757,loss_recon:0.180475

6600-loss_z:7.266244,accu:0.265823,loss_recon:0.347064

6800-loss_z:0.312633,accu:0.956074,loss_recon:0.180117

6800-loss_z:7.408875,accu:0.253165,loss_recon:0.339853

7000-loss_z:0.30603,accu:0.958424,loss_recon:0.180498

7000-loss_z:7.514626,accu:0.265823,loss_recon:0.344047

7200-loss_z:0.293235,accu:0.959837,loss_recon:0.179931

7200-loss_z:7.644048,accu:0.291139,loss_recon:0.345337

7400-loss_z:0.282524,accu:0.964049,loss_recon:0.176571

7400-loss_z:7.772025,accu:0.291139,loss_recon:0.348154

7600-loss_z:0.273734,accu:0.968053,loss_recon:0.176734

7600-loss_z:7.872069,accu:0.291139,loss_recon:0.343386

7800-loss_z:0.263528,accu:0.966855,loss_recon:0.17515

7800-loss_z:7.969371,accu:0.291139,loss_recon:0.348217

8000-loss_z:0.258483,accu:0.971413,loss_recon:0.175108

8000-loss_z:8.126402,accu:0.303797,loss_recon:0.351905

8200-loss_z:0.246828,accu:0.97487,loss_recon:0.174981

8200-loss_z:8.241441,accu:0.303797,loss_recon:0.348912

8400-loss_z:0.24317,accu:0.976393,loss_recon:0.174141

8400-loss_z:8.363408,accu:0.329114,loss_recon:0.356769

8600-loss_z:0.235608,accu:0.977786,loss_recon:0.17271

8600-loss_z:8.485089,accu:0.303797,loss_recon:0.353785

8800-loss_z:0.227914,accu:0.979147,loss_recon:0.173469

8800-loss_z:8.635668,accu:0.291139,loss_recon:0.354224

9000-loss_z:0.22196,accu:0.979284,loss_recon:0.172812

9000-loss_z:8.741363,accu:0.316456,loss_recon:0.354794

9200-loss_z:0.212271,accu:0.981517,loss_recon:0.172853

9200-loss_z:8.856212,accu:0.291139,loss_recon:0.366673

9400-loss_z:0.205168,accu:0.982057,loss_recon:0.173241

9400-loss_z:8.975966,accu:0.316456,loss_recon:0.35684

9600-loss_z:0.199116,accu:0.985436,loss_recon:0.172146

9600-loss_z:9.105801,accu:0.316456,loss_recon:0.359885

9800-loss_z:0.194476,accu:0.98373,loss_recon:0.170328

9800-loss_z:9.245228,accu:0.329114,loss_recon:0.363862

10000-loss_z:0.187159,accu:0.985586,loss_recon:0.170604

10000-loss_z:9.349949,accu:0.316456,loss_recon:0.372004

10200-loss_z:0.180412,accu:0.987331,loss_recon:0.171635

10200-loss_z:9.483246,accu:0.316456,loss_recon:0.365632

10400-loss_z:0.177385,accu:0.986875,loss_recon:0.171494

10400-loss_z:9.636091,accu:0.329114,loss_recon:0.363282

10600-loss_z:0.170616,accu:0.987578,loss_recon:0.169157

10600-loss_z:9.716765,accu:0.316456,loss_recon:0.369092

10800-loss_z:0.162357,accu:0.988451,loss_recon:0.168064

10800-loss_z:9.865389,accu:0.329114,loss_recon:0.365158

11000-loss_z:0.161611,accu:0.987135,loss_recon:0.16925

11000-loss_z:9.985744,accu:0.329114,loss_recon:0.364861

11200-loss_z:0.156599,accu:0.98888,loss_recon:0.169627

11200-loss_z:10.088795,accu:0.329114,loss_recon:0.369183

11400-loss_z:0.150939,accu:0.989622,loss_recon:0.170651

11400-loss_z:10.304425,accu:0.329114,loss_recon:0.372449

11600-loss_z:0.146016,accu:0.990456,loss_recon:0.169159

11600-loss_z:10.400258,accu:0.329114,loss_recon:0.36791

11800-loss_z:0.140611,accu:0.990703,loss_recon:0.168152

11800-loss_z:10.530394,accu:0.316456,loss_recon:0.37183

12000-loss_z:0.138584,accu:0.991641,loss_recon:0.169163

12000-loss_z:10.692503,accu:0.303797,loss_recon:0.375283

12200-loss_z:0.133902,accu:0.990046,loss_recon:0.169328

12200-loss_z:10.793508,accu:0.316456,loss_recon:0.375583

12400-loss_z:0.127741,accu:0.991458,loss_recon:0.167317

12400-loss_z:10.944655,accu:0.316456,loss_recon:0.370104

12600-loss_z:0.124096,accu:0.9914,loss_recon:0.168465

12600-loss_z:11.075216,accu:0.316456,loss_recon:0.371397

12800-loss_z:0.119535,accu:0.993158,loss_recon:0.168437

12800-loss_z:11.236715,accu:0.316456,loss_recon:0.3734

13000-loss_z:0.11608,accu:0.993607,loss_recon:0.167786

13000-loss_z:11.368744,accu:0.316456,loss_recon:0.37029

13200-loss_z:0.113328,accu:0.992044,loss_recon:0.168201

13200-loss_z:11.508396,accu:0.316456,loss_recon:0.372689

13400-loss_z:0.110539,accu:0.992572,loss_recon:0.166781

13400-loss_z:11.656227,accu:0.303797,loss_recon:0.376408

13600-loss_z:0.103929,accu:0.992715,loss_recon:0.166627

13600-loss_z:11.84903,accu:0.291139,loss_recon:0.380986

13800-loss_z:0.101394,accu:0.993555,loss_recon:0.169377

13800-loss_z:11.989145,accu:0.303797,loss_recon:0.369711

14000-loss_z:0.097755,accu:0.993138,loss_recon:0.165717

14000-loss_z:12.146874,accu:0.303797,loss_recon:0.376518

14200-loss_z:0.09367,accu:0.993353,loss_recon:0.165568

14200-loss_z:12.283008,accu:0.303797,loss_recon:0.38051

14400-loss_z:0.091689,accu:0.994212,loss_recon:0.168693

14400-loss_z:12.462661,accu:0.303797,loss_recon:0.377086

14600-loss_z:0.089724,accu:0.992734,loss_recon:0.16725

14600-loss_z:12.652637,accu:0.303797,loss_recon:0.379927

14800-loss_z:0.084808,accu:0.993301,loss_recon:0.164151

14800-loss_z:12.810126,accu:0.303797,loss_recon:0.371495

15000-loss_z:0.081146,accu:0.993815,loss_recon:0.165331

15000-loss_z:12.906964,accu:0.316456,loss_recon:0.376908

15200-loss_z:0.07807,accu:0.993574,loss_recon:0.164128

15200-loss_z:13.070422,accu:0.316456,loss_recon:0.371053

15400-loss_z:0.076041,accu:0.994069,loss_recon:0.166448

15400-loss_z:13.198618,accu:0.316456,loss_recon:0.374292

15600-loss_z:0.073947,accu:0.993841,loss_recon:0.168328

15600-loss_z:13.374918,accu:0.316456,loss_recon:0.374115

15800-loss_z:0.071057,accu:0.993958,loss_recon:0.16703

15800-loss_z:13.541504,accu:0.303797,loss_recon:0.37646

16000-loss_z:0.067217,accu:0.995612,loss_recon:0.1654

16000-loss_z:13.767461,accu:0.303797,loss_recon:0.380632

16200-loss_z:0.065905,accu:0.99569,loss_recon:0.166856

16200-loss_z:13.992332,accu:0.291139,loss_recon:0.376442

16400-loss_z:0.062694,accu:0.997057,loss_recon:0.164148

16400-loss_z:14.245339,accu:0.291139,loss_recon:0.382435

16600-loss_z:0.061068,accu:0.998711,loss_recon:0.16557

16600-loss_z:14.425682,accu:0.265823,loss_recon:0.373721

16800-loss_z:0.058277,accu:0.998255,loss_recon:0.163727

16800-loss_z:14.790039,accu:0.265823,loss_recon:0.385045

17000-loss_z:0.055534,accu:0.998626,loss_recon:0.167228

17000-loss_z:15.078876,accu:0.278481,loss_recon:0.382679

17200-loss_z:0.053346,accu:0.999857,loss_recon:0.166341

17200-loss_z:15.458598,accu:0.278481,loss_recon:0.386341

17400-loss_z:0.050264,accu:0.99972,loss_recon:0.164465

17400-loss_z:15.863154,accu:0.265823,loss_recon:0.376408

17600-loss_z:0.048678,accu:1.0,loss_recon:0.165354

17600-loss_z:16.407385,accu:0.278481,loss_recon:0.386281

17800-loss_z:0.046506,accu:1.0,loss_recon:0.165643

17800-loss_z:16.907026,accu:0.278481,loss_recon:0.377934

18000-loss_z:0.043958,accu:0.999759,loss_recon:0.164963

18000-loss_z:17.463413,accu:0.278481,loss_recon:0.373503

18200-loss_z:0.042609,accu:1.0,loss_recon:0.165555

18200-loss_z:18.100889,accu:0.278481,loss_recon:0.372957

18400-loss_z:0.040214,accu:1.0,loss_recon:0.163917

18400-loss_z:18.528913,accu:0.278481,loss_recon:0.373254

18600-loss_z:0.039326,accu:1.0,loss_recon:0.164261

18600-loss_z:18.868763,accu:0.278481,loss_recon:0.376324

18800-loss_z:0.037445,accu:1.0,loss_recon:0.164363

18800-loss_z:19.339172,accu:0.265823,loss_recon:0.382562

19000-loss_z:0.03617,accu:1.0,loss_recon:0.16346

19000-loss_z:19.907629,accu:0.253165,loss_recon:0.372753

19200-loss_z:0.03437,accu:1.0,loss_recon:0.165833

19200-loss_z:20.56008,accu:0.253165,loss_recon:0.375747

19400-loss_z:0.032924,accu:1.0,loss_recon:0.162945

19400-loss_z:21.147297,accu:0.227848,loss_recon:0.367728

19600-loss_z:0.031061,accu:1.0,loss_recon:0.162699

19600-loss_z:21.76767,accu:0.227848,loss_recon:0.371651

19800-loss_z:0.030147,accu:1.0,loss_recon:0.162901

19800-loss_z:22.364477,accu:0.253165,loss_recon:0.367046

20000-loss_z:0.028807,accu:1.0,loss_recon:0.163581

20000-loss_z:22.857134,accu:0.240506,loss_recon:0.369379

Continue training
New FC model is initialized
200-loss_z:2.618976,accu:0.140418,loss_recon:1.221107

200-loss_z:2.662977,accu:0.075949,loss_recon:0.604304

400-loss_z:1.982257,accu:0.34222,loss_recon:0.422475

400-loss_z:2.578839,accu:0.088608,loss_recon:0.388283

600-loss_z:1.696206,accu:0.398236,loss_recon:0.294717

600-loss_z:2.579411,accu:0.113924,loss_recon:0.349491

800-loss_z:1.510651,accu:0.463887,loss_recon:0.262879

800-loss_z:2.640444,accu:0.202532,loss_recon:0.333583

1000-loss_z:1.361913,accu:0.504941,loss_recon:0.245877

1000-loss_z:2.688442,accu:0.177215,loss_recon:0.332605

1200-loss_z:1.246189,accu:0.554349,loss_recon:0.23523

1200-loss_z:2.774716,accu:0.177215,loss_recon:0.328673

1400-loss_z:1.156549,accu:0.585553,loss_recon:0.225408

1400-loss_z:2.844553,accu:0.164557,loss_recon:0.320819

1600-loss_z:1.082078,accu:0.620065,loss_recon:0.218843

1600-loss_z:2.954813,accu:0.164557,loss_recon:0.32818

1800-loss_z:1.021272,accu:0.653418,loss_recon:0.213331

1800-loss_z:3.067579,accu:0.177215,loss_recon:0.33376

2000-loss_z:0.961996,accu:0.685345,loss_recon:0.207058

2000-loss_z:3.182766,accu:0.189873,loss_recon:0.315279

2200-loss_z:0.916035,accu:0.712513,loss_recon:0.204254

2200-loss_z:3.288103,accu:0.21519,loss_recon:0.329189

2400-loss_z:0.872262,accu:0.736647,loss_recon:0.199908

2400-loss_z:3.476705,accu:0.202532,loss_recon:0.321199

2600-loss_z:0.829987,accu:0.745163,loss_recon:0.194789

2600-loss_z:3.637814,accu:0.227848,loss_recon:0.329381

2800-loss_z:0.799316,accu:0.749544,loss_recon:0.191615

2800-loss_z:3.783466,accu:0.202532,loss_recon:0.325361

3000-loss_z:0.769449,accu:0.746289,loss_recon:0.190046

3000-loss_z:3.948891,accu:0.21519,loss_recon:0.326044

3200-loss_z:0.740201,accu:0.759603,loss_recon:0.187015

3200-loss_z:4.173496,accu:0.240506,loss_recon:0.326206

3400-loss_z:0.715739,accu:0.76319,loss_recon:0.182506

3400-loss_z:4.344943,accu:0.240506,loss_recon:0.326558

3600-loss_z:0.690625,accu:0.777109,loss_recon:0.180432

3600-loss_z:4.557576,accu:0.227848,loss_recon:0.332559

3800-loss_z:0.667803,accu:0.790313,loss_recon:0.179917

3800-loss_z:4.824518,accu:0.21519,loss_recon:0.326278

4000-loss_z:0.647476,accu:0.801608,loss_recon:0.178701

4000-loss_z:5.06044,accu:0.21519,loss_recon:0.332211

4200-loss_z:0.630815,accu:0.804049,loss_recon:0.179441

4200-loss_z:5.304776,accu:0.227848,loss_recon:0.334994

4400-loss_z:0.61405,accu:0.809232,loss_recon:0.177058

4400-loss_z:5.588809,accu:0.227848,loss_recon:0.339656

4600-loss_z:0.593663,accu:0.807318,loss_recon:0.178198

4600-loss_z:5.86299,accu:0.21519,loss_recon:0.328987

4800-loss_z:0.583842,accu:0.818314,loss_recon:0.175523

4800-loss_z:6.140748,accu:0.227848,loss_recon:0.330767

5000-loss_z:0.564179,accu:0.820501,loss_recon:0.174666

5000-loss_z:6.421902,accu:0.240506,loss_recon:0.333441

5200-loss_z:0.549891,accu:0.825827,loss_recon:0.173995

5200-loss_z:6.756568,accu:0.240506,loss_recon:0.336682

5400-loss_z:0.533746,accu:0.828496,loss_recon:0.172525

5400-loss_z:7.050876,accu:0.21519,loss_recon:0.325954

5600-loss_z:0.530699,accu:0.828158,loss_recon:0.173301

5600-loss_z:7.342108,accu:0.227848,loss_recon:0.335092

5800-loss_z:0.512409,accu:0.832292,loss_recon:0.171414

5800-loss_z:7.632507,accu:0.240506,loss_recon:0.330498

6000-loss_z:0.501678,accu:0.836517,loss_recon:0.171878

6000-loss_z:7.930142,accu:0.240506,loss_recon:0.342451

6200-loss_z:0.487876,accu:0.844076,loss_recon:0.171567

6200-loss_z:8.227005,accu:0.240506,loss_recon:0.326812

6400-loss_z:0.47869,accu:0.839375,loss_recon:0.171469

6400-loss_z:8.555019,accu:0.253165,loss_recon:0.342414

6600-loss_z:0.464687,accu:0.849095,loss_recon:0.170129

6600-loss_z:8.865148,accu:0.253165,loss_recon:0.334452

6800-loss_z:0.455048,accu:0.851784,loss_recon:0.171833

6800-loss_z:9.182658,accu:0.240506,loss_recon:0.339518

7000-loss_z:0.452532,accu:0.84985,loss_recon:0.169268

7000-loss_z:9.586526,accu:0.253165,loss_recon:0.335197

7200-loss_z:0.439848,accu:0.852943,loss_recon:0.171213

7200-loss_z:9.933396,accu:0.227848,loss_recon:0.340414

7400-loss_z:0.430577,accu:0.850951,loss_recon:0.170335

7400-loss_z:10.283479,accu:0.253165,loss_recon:0.339397

7600-loss_z:0.422191,accu:0.857689,loss_recon:0.168375

7600-loss_z:10.64717,accu:0.227848,loss_recon:0.336554

7800-loss_z:0.414572,accu:0.854264,loss_recon:0.169127

7800-loss_z:11.08007,accu:0.240506,loss_recon:0.341248

8000-loss_z:0.407706,accu:0.856719,loss_recon:0.16968

8000-loss_z:11.5113,accu:0.253165,loss_recon:0.347359

8200-loss_z:0.398161,accu:0.865749,loss_recon:0.168818

8200-loss_z:11.91117,accu:0.253165,loss_recon:0.343678

8400-loss_z:0.388903,accu:0.867695,loss_recon:0.167249

8400-loss_z:12.370374,accu:0.291139,loss_recon:0.345378

8600-loss_z:0.380645,accu:0.873073,loss_recon:0.166981

8600-loss_z:12.858199,accu:0.253165,loss_recon:0.346735

8800-loss_z:0.373778,accu:0.872572,loss_recon:0.166771

8800-loss_z:13.284571,accu:0.265823,loss_recon:0.345613

9000-loss_z:0.370768,accu:0.869935,loss_recon:0.165405

9000-loss_z:13.723602,accu:0.265823,loss_recon:0.345158

9200-loss_z:0.361645,accu:0.880729,loss_recon:0.167925

9200-loss_z:14.211737,accu:0.21519,loss_recon:0.342117

9400-loss_z:0.356843,accu:0.878281,loss_recon:0.167071

9400-loss_z:14.688115,accu:0.240506,loss_recon:0.346471

9600-loss_z:0.350259,accu:0.87804,loss_recon:0.165865

9600-loss_z:15.09587,accu:0.240506,loss_recon:0.343879

9800-loss_z:0.342299,accu:0.887116,loss_recon:0.167889

9800-loss_z:15.451336,accu:0.240506,loss_recon:0.351825

10000-loss_z:0.335753,accu:0.889837,loss_recon:0.166844

10000-loss_z:15.795365,accu:0.253165,loss_recon:0.353487

10200-loss_z:0.329246,accu:0.895566,loss_recon:0.165285

10200-loss_z:16.185452,accu:0.240506,loss_recon:0.3547

10400-loss_z:0.323851,accu:0.897591,loss_recon:0.165961

10400-loss_z:16.546986,accu:0.21519,loss_recon:0.353314

10600-loss_z:0.320296,accu:0.902142,loss_recon:0.166252

10600-loss_z:16.858814,accu:0.240506,loss_recon:0.35093

10800-loss_z:0.31055,accu:0.905814,loss_recon:0.165613

10800-loss_z:17.18758,accu:0.240506,loss_recon:0.358272

11000-loss_z:0.305761,accu:0.904688,loss_recon:0.164543

11000-loss_z:17.47547,accu:0.253165,loss_recon:0.352872

11200-loss_z:0.301111,accu:0.907207,loss_recon:0.166629

11200-loss_z:17.711096,accu:0.265823,loss_recon:0.349807

11400-loss_z:0.289011,accu:0.915781,loss_recon:0.161823

11400-loss_z:17.991966,accu:0.253165,loss_recon:0.354602

11600-loss_z:0.287774,accu:0.918626,loss_recon:0.166404

11600-loss_z:18.224405,accu:0.253165,loss_recon:0.359877

11800-loss_z:0.281906,accu:0.919186,loss_recon:0.165293

11800-loss_z:18.512463,accu:0.240506,loss_recon:0.353308

12000-loss_z:0.280226,accu:0.923542,loss_recon:0.167609

12000-loss_z:18.777308,accu:0.265823,loss_recon:0.364499

12200-loss_z:0.269738,accu:0.927324,loss_recon:0.164188

12200-loss_z:19.049133,accu:0.240506,loss_recon:0.355273

12400-loss_z:0.265648,accu:0.92765,loss_recon:0.163815

12400-loss_z:19.273653,accu:0.278481,loss_recon:0.361847

12600-loss_z:0.262682,accu:0.92929,loss_recon:0.164971

12600-loss_z:19.509089,accu:0.278481,loss_recon:0.355768

12800-loss_z:0.253897,accu:0.932051,loss_recon:0.164807

12800-loss_z:19.820103,accu:0.278481,loss_recon:0.354592

13000-loss_z:0.253835,accu:0.930098,loss_recon:0.164666

13000-loss_z:20.115068,accu:0.278481,loss_recon:0.352448

13200-loss_z:0.244315,accu:0.936068,loss_recon:0.164195

13200-loss_z:20.413366,accu:0.278481,loss_recon:0.355737

13400-loss_z:0.242556,accu:0.934382,loss_recon:0.163588

13400-loss_z:20.822878,accu:0.291139,loss_recon:0.36019

13600-loss_z:0.237857,accu:0.938939,loss_recon:0.162558

13600-loss_z:21.157711,accu:0.303797,loss_recon:0.353382

13800-loss_z:0.235146,accu:0.938333,loss_recon:0.165263

13800-loss_z:21.535345,accu:0.278481,loss_recon:0.358781

14000-loss_z:0.228563,accu:0.939362,loss_recon:0.16501

14000-loss_z:21.874683,accu:0.316456,loss_recon:0.359929

14200-loss_z:0.222993,accu:0.945007,loss_recon:0.163114

14200-loss_z:22.259819,accu:0.316456,loss_recon:0.356444

14400-loss_z:0.213242,accu:0.950527,loss_recon:0.162954

14400-loss_z:22.640892,accu:0.329114,loss_recon:0.367831

14600-loss_z:0.212881,accu:0.948398,loss_recon:0.165108

14600-loss_z:22.943722,accu:0.316456,loss_recon:0.355311

14800-loss_z:0.207341,accu:0.951113,loss_recon:0.16385

14800-loss_z:23.26075,accu:0.316456,loss_recon:0.36364

15000-loss_z:0.199253,accu:0.950573,loss_recon:0.162173

15000-loss_z:23.613384,accu:0.316456,loss_recon:0.347192

15200-loss_z:0.197861,accu:0.953717,loss_recon:0.162305

15200-loss_z:23.993599,accu:0.316456,loss_recon:0.360523

15400-loss_z:0.194247,accu:0.959479,loss_recon:0.163696

15400-loss_z:24.448563,accu:0.329114,loss_recon:0.372583

15600-loss_z:0.187571,accu:0.95903,loss_recon:0.161798

15600-loss_z:24.889311,accu:0.329114,loss_recon:0.361246

15800-loss_z:0.185925,accu:0.95903,loss_recon:0.161583

15800-loss_z:25.312708,accu:0.303797,loss_recon:0.359038

16000-loss_z:0.181016,accu:0.961543,loss_recon:0.16068

16000-loss_z:25.791679,accu:0.291139,loss_recon:0.365168

16200-loss_z:0.178162,accu:0.963568,loss_recon:0.162626

16200-loss_z:26.397127,accu:0.316456,loss_recon:0.362679

16400-loss_z:0.172691,accu:0.968711,loss_recon:0.163486

16400-loss_z:27.071487,accu:0.341772,loss_recon:0.356599

16600-loss_z:0.169304,accu:0.970605,loss_recon:0.161376

16600-loss_z:27.675182,accu:0.35443,loss_recon:0.362434

16800-loss_z:0.166553,accu:0.973372,loss_recon:0.162632

16800-loss_z:28.236992,accu:0.341772,loss_recon:0.362565

17000-loss_z:0.162068,accu:0.978379,loss_recon:0.160929

17000-loss_z:28.747009,accu:0.35443,loss_recon:0.36621

17200-loss_z:0.157984,accu:0.978626,loss_recon:0.162335

17200-loss_z:29.208271,accu:0.35443,loss_recon:0.371042

17400-loss_z:0.153968,accu:0.980358,loss_recon:0.162242

17400-loss_z:29.722765,accu:0.35443,loss_recon:0.363539

17600-loss_z:0.150054,accu:0.985924,loss_recon:0.159835

17600-loss_z:30.210356,accu:0.379747,loss_recon:0.374167

17800-loss_z:0.145562,accu:0.98737,loss_recon:0.161259

17800-loss_z:30.607796,accu:0.35443,loss_recon:0.368963

18000-loss_z:0.141625,accu:0.988893,loss_recon:0.160493

18000-loss_z:31.062794,accu:0.367089,loss_recon:0.371992

18200-loss_z:0.137652,accu:0.991029,loss_recon:0.159346

18200-loss_z:31.438147,accu:0.367089,loss_recon:0.37646

18400-loss_z:0.135028,accu:0.992539,loss_recon:0.162172

18400-loss_z:31.823606,accu:0.367089,loss_recon:0.368

18600-loss_z:0.131999,accu:0.993464,loss_recon:0.160346

18600-loss_z:32.137939,accu:0.367089,loss_recon:0.372554

18800-loss_z:0.127641,accu:0.993854,loss_recon:0.161373

18800-loss_z:32.488762,accu:0.392405,loss_recon:0.368023

19000-loss_z:0.123536,accu:0.995,loss_recon:0.160613

19000-loss_z:32.904419,accu:0.379747,loss_recon:0.373473

19200-loss_z:0.122194,accu:0.995391,loss_recon:0.1607

19200-loss_z:33.302742,accu:0.379747,loss_recon:0.375425

19400-loss_z:0.11746,accu:0.996289,loss_recon:0.160632

19400-loss_z:33.743183,accu:0.379747,loss_recon:0.37964

19600-loss_z:0.117125,accu:0.996999,loss_recon:0.162645

19600-loss_z:34.121319,accu:0.392405,loss_recon:0.369562

19800-loss_z:0.11398,accu:0.997721,loss_recon:0.161665

19800-loss_z:34.541634,accu:0.379747,loss_recon:0.374739

20000-loss_z:0.110829,accu:0.998132,loss_recon:0.161252

20000-loss_z:34.954212,accu:0.392405,loss_recon:0.368099

Continue training
New FC model is initialized
200-loss_z:2.599105,accu:0.169705,loss_recon:1.066989

200-loss_z:2.708826,accu:0.113924,loss_recon:0.558708

400-loss_z:1.858166,accu:0.365026,loss_recon:0.469208

400-loss_z:2.654464,accu:0.164557,loss_recon:0.424008

600-loss_z:1.545279,accu:0.466497,loss_recon:0.385281

600-loss_z:2.777415,accu:0.202532,loss_recon:0.390267

800-loss_z:1.369755,accu:0.535612,loss_recon:0.343936

800-loss_z:2.914392,accu:0.177215,loss_recon:0.365795

1000-loss_z:1.240679,accu:0.566055,loss_recon:0.315402

1000-loss_z:3.071388,accu:0.202532,loss_recon:0.335166

1200-loss_z:1.134895,accu:0.597773,loss_recon:0.286622

1200-loss_z:3.250409,accu:0.21519,loss_recon:0.320966

1400-loss_z:1.06221,accu:0.612428,loss_recon:0.268301

1400-loss_z:3.374208,accu:0.21519,loss_recon:0.321514

1600-loss_z:0.9926,accu:0.634167,loss_recon:0.250408

1600-loss_z:3.502317,accu:0.240506,loss_recon:0.317412

1800-loss_z:0.93117,accu:0.65873,loss_recon:0.23836

1800-loss_z:3.638568,accu:0.240506,loss_recon:0.309541

2000-loss_z:0.882159,accu:0.661328,loss_recon:0.229074

2000-loss_z:3.778902,accu:0.291139,loss_recon:0.306391

2200-loss_z:0.844977,accu:0.687975,loss_recon:0.223346

2200-loss_z:3.933861,accu:0.240506,loss_recon:0.307201

2400-loss_z:0.802618,accu:0.715072,loss_recon:0.217707

2400-loss_z:4.073664,accu:0.278481,loss_recon:0.299545

2600-loss_z:0.76542,accu:0.745091,loss_recon:0.211048

2600-loss_z:4.184291,accu:0.303797,loss_recon:0.299768

2800-loss_z:0.735384,accu:0.745176,loss_recon:0.205603

2800-loss_z:4.316161,accu:0.303797,loss_recon:0.303294

3000-loss_z:0.705893,accu:0.764368,loss_recon:0.201697

3000-loss_z:4.501858,accu:0.265823,loss_recon:0.304632

3200-loss_z:0.677543,accu:0.775814,loss_recon:0.200119

3200-loss_z:4.637393,accu:0.265823,loss_recon:0.305147

3400-loss_z:0.655881,accu:0.7825,loss_recon:0.19455

3400-loss_z:4.821202,accu:0.303797,loss_recon:0.306241

3600-loss_z:0.63115,accu:0.796517,loss_recon:0.192556

3600-loss_z:4.94645,accu:0.303797,loss_recon:0.314428

3800-loss_z:0.609716,accu:0.814967,loss_recon:0.192328

3800-loss_z:5.117013,accu:0.291139,loss_recon:0.30454

4000-loss_z:0.584916,accu:0.8325,loss_recon:0.190224

4000-loss_z:5.263624,accu:0.329114,loss_recon:0.313655

4200-loss_z:0.564611,accu:0.836699,loss_recon:0.189188

4200-loss_z:5.49598,accu:0.316456,loss_recon:0.311031

4400-loss_z:0.546124,accu:0.835358,loss_recon:0.187385

4400-loss_z:5.623431,accu:0.329114,loss_recon:0.312061

4600-loss_z:0.533037,accu:0.836816,loss_recon:0.188475

4600-loss_z:5.742667,accu:0.341772,loss_recon:0.31038

4800-loss_z:0.514694,accu:0.848268,loss_recon:0.18686

4800-loss_z:5.991613,accu:0.329114,loss_recon:0.320429

5000-loss_z:0.499631,accu:0.850384,loss_recon:0.184805

5000-loss_z:6.200745,accu:0.341772,loss_recon:0.3217

5200-loss_z:0.484786,accu:0.854303,loss_recon:0.183118

5200-loss_z:6.414887,accu:0.329114,loss_recon:0.319506

5400-loss_z:0.461159,accu:0.862467,loss_recon:0.183915

5400-loss_z:6.625668,accu:0.341772,loss_recon:0.319008

5600-loss_z:0.45053,accu:0.86196,loss_recon:0.181951

5600-loss_z:6.861291,accu:0.329114,loss_recon:0.320324

5800-loss_z:0.439952,accu:0.863548,loss_recon:0.181022

5800-loss_z:7.086648,accu:0.367089,loss_recon:0.319596

6000-loss_z:0.427473,accu:0.86472,loss_recon:0.183104

6000-loss_z:7.334165,accu:0.35443,loss_recon:0.321965

6200-loss_z:0.419513,accu:0.865469,loss_recon:0.181017

6200-loss_z:7.542518,accu:0.341772,loss_recon:0.323035

6400-loss_z:0.409716,accu:0.868932,loss_recon:0.179603

6400-loss_z:7.812353,accu:0.341772,loss_recon:0.326815

6600-loss_z:0.399173,accu:0.869564,loss_recon:0.179526

6600-loss_z:8.07972,accu:0.341772,loss_recon:0.317739

6800-loss_z:0.389773,accu:0.88015,loss_recon:0.179951

6800-loss_z:8.283574,accu:0.341772,loss_recon:0.320612

7000-loss_z:0.380808,accu:0.880462,loss_recon:0.178797

7000-loss_z:8.591315,accu:0.303797,loss_recon:0.326656

7200-loss_z:0.372455,accu:0.88276,loss_recon:0.179187

7200-loss_z:8.823494,accu:0.341772,loss_recon:0.319165

7400-loss_z:0.362941,accu:0.887331,loss_recon:0.179309

7400-loss_z:9.077409,accu:0.329114,loss_recon:0.319937

7600-loss_z:0.355253,accu:0.887376,loss_recon:0.179081

7600-loss_z:9.293932,accu:0.329114,loss_recon:0.328362

7800-loss_z:0.351869,accu:0.889694,loss_recon:0.177892

7800-loss_z:9.535759,accu:0.303797,loss_recon:0.327257

8000-loss_z:0.33951,accu:0.895547,loss_recon:0.177923

8000-loss_z:9.780604,accu:0.316456,loss_recon:0.329122

8200-loss_z:0.333413,accu:0.901289,loss_recon:0.177214

8200-loss_z:10.035579,accu:0.303797,loss_recon:0.328365

8400-loss_z:0.326661,accu:0.900254,loss_recon:0.177187

8400-loss_z:10.276199,accu:0.329114,loss_recon:0.330457

8600-loss_z:0.320546,accu:0.90431,loss_recon:0.177157

8600-loss_z:10.517899,accu:0.329114,loss_recon:0.325206

8800-loss_z:0.315976,accu:0.903112,loss_recon:0.177027

8800-loss_z:10.745408,accu:0.316456,loss_recon:0.328725

9000-loss_z:0.307261,accu:0.905846,loss_recon:0.176556

9000-loss_z:10.97709,accu:0.329114,loss_recon:0.331475

9200-loss_z:0.301229,accu:0.909492,loss_recon:0.174421

9200-loss_z:11.184495,accu:0.329114,loss_recon:0.328586

9400-loss_z:0.29389,accu:0.909551,loss_recon:0.175074

9400-loss_z:11.434691,accu:0.329114,loss_recon:0.330808

9600-loss_z:0.291137,accu:0.913802,loss_recon:0.172441

9600-loss_z:11.697979,accu:0.341772,loss_recon:0.327159

9800-loss_z:0.283019,accu:0.910866,loss_recon:0.172953

9800-loss_z:11.95744,accu:0.341772,loss_recon:0.326215

10000-loss_z:0.278932,accu:0.912311,loss_recon:0.174613

10000-loss_z:12.234611,accu:0.341772,loss_recon:0.331937

10200-loss_z:0.272875,accu:0.917051,loss_recon:0.17276

10200-loss_z:12.458239,accu:0.329114,loss_recon:0.327772

10400-loss_z:0.267201,accu:0.919714,loss_recon:0.171011

10400-loss_z:12.79385,accu:0.329114,loss_recon:0.333315

10600-loss_z:0.264507,accu:0.92138,loss_recon:0.171549

10600-loss_z:13.037348,accu:0.329114,loss_recon:0.328732

10800-loss_z:0.261337,accu:0.922637,loss_recon:0.169994

10800-loss_z:13.30167,accu:0.329114,loss_recon:0.329977

11000-loss_z:0.254265,accu:0.922513,loss_recon:0.16995

11000-loss_z:13.535507,accu:0.329114,loss_recon:0.333785

11200-loss_z:0.248332,accu:0.928783,loss_recon:0.169504

11200-loss_z:13.827124,accu:0.316456,loss_recon:0.332882

11400-loss_z:0.247742,accu:0.927194,loss_recon:0.16756

11400-loss_z:14.098633,accu:0.329114,loss_recon:0.332289

11600-loss_z:0.242216,accu:0.929102,loss_recon:0.167491

11600-loss_z:14.386589,accu:0.316456,loss_recon:0.32471

11800-loss_z:0.239832,accu:0.931563,loss_recon:0.166517

11800-loss_z:14.708377,accu:0.329114,loss_recon:0.334395

12000-loss_z:0.234009,accu:0.934492,loss_recon:0.165828

12000-loss_z:15.020493,accu:0.329114,loss_recon:0.329491

12200-loss_z:0.226762,accu:0.94222,loss_recon:0.16972

12200-loss_z:15.33666,accu:0.329114,loss_recon:0.343446

12400-loss_z:0.222991,accu:0.941178,loss_recon:0.166047

12400-loss_z:15.665049,accu:0.329114,loss_recon:0.334758

12600-loss_z:0.221184,accu:0.937415,loss_recon:0.164472

12600-loss_z:16.003468,accu:0.329114,loss_recon:0.33099

12800-loss_z:0.220446,accu:0.940234,loss_recon:0.165935

12800-loss_z:16.340605,accu:0.316456,loss_recon:0.335187

13000-loss_z:0.213293,accu:0.949798,loss_recon:0.167091

13000-loss_z:16.706522,accu:0.329114,loss_recon:0.335009

13200-loss_z:0.211164,accu:0.948197,loss_recon:0.16546

13200-loss_z:17.067869,accu:0.316456,loss_recon:0.331247

13400-loss_z:0.207512,accu:0.950033,loss_recon:0.164643

13400-loss_z:17.414692,accu:0.316456,loss_recon:0.334943

13600-loss_z:0.205273,accu:0.951504,loss_recon:0.166791

13600-loss_z:17.771055,accu:0.303797,loss_recon:0.33167

13800-loss_z:0.199397,accu:0.954303,loss_recon:0.164873

13800-loss_z:18.176538,accu:0.316456,loss_recon:0.32912

14000-loss_z:0.197799,accu:0.952806,loss_recon:0.164376

14000-loss_z:18.557116,accu:0.329114,loss_recon:0.334496

14200-loss_z:0.19564,accu:0.95138,loss_recon:0.164025

14200-loss_z:18.863962,accu:0.329114,loss_recon:0.337474

14400-loss_z:0.189905,accu:0.952715,loss_recon:0.164178

14400-loss_z:19.221556,accu:0.329114,loss_recon:0.334688

14600-loss_z:0.187464,accu:0.953158,loss_recon:0.165739

14600-loss_z:19.586954,accu:0.341772,loss_recon:0.33253

14800-loss_z:0.184245,accu:0.955176,loss_recon:0.162839

14800-loss_z:19.912712,accu:0.329114,loss_recon:0.334587

15000-loss_z:0.180962,accu:0.955801,loss_recon:0.161294

15000-loss_z:20.256044,accu:0.316456,loss_recon:0.33791

15200-loss_z:0.17751,accu:0.957754,loss_recon:0.16151

15200-loss_z:20.614288,accu:0.316456,loss_recon:0.334257

15400-loss_z:0.176117,accu:0.960723,loss_recon:0.163187

15400-loss_z:20.976797,accu:0.316456,loss_recon:0.337643

15600-loss_z:0.174453,accu:0.957663,loss_recon:0.164134

15600-loss_z:21.34376,accu:0.316456,loss_recon:0.338977

15800-loss_z:0.170518,accu:0.958249,loss_recon:0.161701

15800-loss_z:21.651493,accu:0.329114,loss_recon:0.339878

16000-loss_z:0.168891,accu:0.957702,loss_recon:0.161873

16000-loss_z:21.954897,accu:0.316456,loss_recon:0.345273

16200-loss_z:0.163675,accu:0.962259,loss_recon:0.163144

16200-loss_z:22.310047,accu:0.316456,loss_recon:0.342252

16400-loss_z:0.163356,accu:0.958444,loss_recon:0.162374

16400-loss_z:22.666006,accu:0.316456,loss_recon:0.334402

16600-loss_z:0.16089,accu:0.961217,loss_recon:0.162071

16600-loss_z:22.962429,accu:0.316456,loss_recon:0.343655

16800-loss_z:0.158517,accu:0.960345,loss_recon:0.161015

16800-loss_z:23.344692,accu:0.316456,loss_recon:0.335884

17000-loss_z:0.154873,accu:0.960579,loss_recon:0.16337

17000-loss_z:23.69112,accu:0.329114,loss_recon:0.342033

17200-loss_z:0.152567,accu:0.964147,loss_recon:0.159794

17200-loss_z:24.068548,accu:0.329114,loss_recon:0.339705

17400-loss_z:0.149661,accu:0.962773,loss_recon:0.162827

17400-loss_z:24.32427,accu:0.341772,loss_recon:0.341732

17600-loss_z:0.148357,accu:0.963861,loss_recon:0.16021

17600-loss_z:24.700539,accu:0.329114,loss_recon:0.343407

17800-loss_z:0.148626,accu:0.962116,loss_recon:0.161623

17800-loss_z:25.048004,accu:0.329114,loss_recon:0.341297

18000-loss_z:0.142832,accu:0.968346,loss_recon:0.159906

18000-loss_z:25.43009,accu:0.329114,loss_recon:0.340286

18200-loss_z:0.142603,accu:0.965189,loss_recon:0.162165

18200-loss_z:25.720419,accu:0.341772,loss_recon:0.34083

18400-loss_z:0.138937,accu:0.967826,loss_recon:0.160757

18400-loss_z:26.032925,accu:0.341772,loss_recon:0.337202

18600-loss_z:0.136526,accu:0.969186,loss_recon:0.160969

18600-loss_z:26.377222,accu:0.341772,loss_recon:0.341792

18800-loss_z:0.13463,accu:0.969583,loss_recon:0.159669

18800-loss_z:26.802429,accu:0.341772,loss_recon:0.339211

19000-loss_z:0.134945,accu:0.969863,loss_recon:0.160567

19000-loss_z:27.119894,accu:0.341772,loss_recon:0.340208

19200-loss_z:0.132285,accu:0.970254,loss_recon:0.161653

19200-loss_z:27.41585,accu:0.329114,loss_recon:0.345881

19400-loss_z:0.131311,accu:0.971061,loss_recon:0.161124

19400-loss_z:27.748615,accu:0.341772,loss_recon:0.33866

19600-loss_z:0.127396,accu:0.973652,loss_recon:0.161866

19600-loss_z:28.087383,accu:0.329114,loss_recon:0.340936

19800-loss_z:0.126662,accu:0.974375,loss_recon:0.160847

19800-loss_z:28.45505,accu:0.329114,loss_recon:0.333283

20000-loss_z:0.122685,accu:0.976042,loss_recon:0.161515

20000-loss_z:28.800278,accu:0.341772,loss_recon:0.338854

Continue training
New FC model is initialized
200-loss_z:2.49023,accu:0.204168,loss_recon:0.964495

200-loss_z:2.656279,accu:0.101266,loss_recon:0.598993

400-loss_z:1.830404,accu:0.395456,loss_recon:0.444387

400-loss_z:2.626412,accu:0.126582,loss_recon:0.435951

600-loss_z:1.550357,accu:0.466283,loss_recon:0.331249

600-loss_z:2.724056,accu:0.189873,loss_recon:0.366796

800-loss_z:1.375721,accu:0.513724,loss_recon:0.282347

800-loss_z:2.786392,accu:0.189873,loss_recon:0.342068

1000-loss_z:1.248575,accu:0.56554,loss_recon:0.256974

1000-loss_z:2.841482,accu:0.265823,loss_recon:0.308735

1200-loss_z:1.14603,accu:0.589564,loss_recon:0.235311

1200-loss_z:2.90495,accu:0.265823,loss_recon:0.298564

1400-loss_z:1.058127,accu:0.633613,loss_recon:0.220468

1400-loss_z:2.937412,accu:0.253165,loss_recon:0.291798

1600-loss_z:0.990416,accu:0.659466,loss_recon:0.215949

1600-loss_z:3.008459,accu:0.240506,loss_recon:0.289307

1800-loss_z:0.932832,accu:0.679922,loss_recon:0.205975

1800-loss_z:3.018077,accu:0.291139,loss_recon:0.295096

2000-loss_z:0.885271,accu:0.694434,loss_recon:0.20197

2000-loss_z:3.046892,accu:0.265823,loss_recon:0.297819

2200-loss_z:0.842516,accu:0.711178,loss_recon:0.198612

2200-loss_z:3.082177,accu:0.240506,loss_recon:0.294814

2400-loss_z:0.806465,accu:0.717253,loss_recon:0.193115

2400-loss_z:3.128186,accu:0.240506,loss_recon:0.297206

2600-loss_z:0.773205,accu:0.743796,loss_recon:0.188343

2600-loss_z:3.167874,accu:0.253165,loss_recon:0.296723

2800-loss_z:0.743174,accu:0.758691,loss_recon:0.186915

2800-loss_z:3.264651,accu:0.253165,loss_recon:0.302546

3000-loss_z:0.723337,accu:0.761536,loss_recon:0.18607

3000-loss_z:3.362243,accu:0.265823,loss_recon:0.301303

3200-loss_z:0.697622,accu:0.785163,loss_recon:0.181326

3200-loss_z:3.440982,accu:0.278481,loss_recon:0.29604

3400-loss_z:0.66931,accu:0.785566,loss_recon:0.178286

3400-loss_z:3.586855,accu:0.227848,loss_recon:0.305575

3600-loss_z:0.653408,accu:0.797884,loss_recon:0.177769

3600-loss_z:3.660648,accu:0.265823,loss_recon:0.299019

3800-loss_z:0.630735,accu:0.812285,loss_recon:0.175048

3800-loss_z:3.840132,accu:0.265823,loss_recon:0.304476

4000-loss_z:0.607913,accu:0.821061,loss_recon:0.176057

4000-loss_z:3.952978,accu:0.265823,loss_recon:0.303135

4200-loss_z:0.594343,accu:0.829551,loss_recon:0.1746

4200-loss_z:4.105255,accu:0.265823,loss_recon:0.300488

4400-loss_z:0.574691,accu:0.837591,loss_recon:0.174325

4400-loss_z:4.251653,accu:0.278481,loss_recon:0.294469

4600-loss_z:0.561339,accu:0.849564,loss_recon:0.174959

4600-loss_z:4.397879,accu:0.265823,loss_recon:0.295763

4800-loss_z:0.544401,accu:0.853444,loss_recon:0.171735

4800-loss_z:4.580497,accu:0.291139,loss_recon:0.296685

5000-loss_z:0.52925,accu:0.854635,loss_recon:0.170165

5000-loss_z:4.749084,accu:0.265823,loss_recon:0.292436

5200-loss_z:0.519233,accu:0.860488,loss_recon:0.167192

5200-loss_z:4.933594,accu:0.278481,loss_recon:0.294265

5400-loss_z:0.504813,accu:0.871406,loss_recon:0.166749

5400-loss_z:5.071901,accu:0.303797,loss_recon:0.291148

5600-loss_z:0.48782,accu:0.877363,loss_recon:0.164101

5600-loss_z:5.248754,accu:0.278481,loss_recon:0.293731

5800-loss_z:0.475835,accu:0.871374,loss_recon:0.16258

5800-loss_z:5.404232,accu:0.303797,loss_recon:0.291566

6000-loss_z:0.468691,accu:0.881921,loss_recon:0.161353

6000-loss_z:5.586114,accu:0.291139,loss_recon:0.295715

6200-loss_z:0.457948,accu:0.887767,loss_recon:0.159848

6200-loss_z:5.730563,accu:0.291139,loss_recon:0.296988

6400-loss_z:0.442792,accu:0.896628,loss_recon:0.1576

6400-loss_z:5.940466,accu:0.303797,loss_recon:0.293004

6600-loss_z:0.435333,accu:0.896113,loss_recon:0.158511

6600-loss_z:6.128194,accu:0.303797,loss_recon:0.29838

6800-loss_z:0.424436,accu:0.910911,loss_recon:0.157839

6800-loss_z:6.332642,accu:0.291139,loss_recon:0.299888

7000-loss_z:0.414502,accu:0.914395,loss_recon:0.157025

7000-loss_z:6.505734,accu:0.303797,loss_recon:0.298423

7200-loss_z:0.405118,accu:0.916328,loss_recon:0.157706

7200-loss_z:6.707685,accu:0.316456,loss_recon:0.299073

7400-loss_z:0.39617,accu:0.918717,loss_recon:0.157493

7400-loss_z:6.854842,accu:0.341772,loss_recon:0.304716

7600-loss_z:0.385771,accu:0.923587,loss_recon:0.157346

7600-loss_z:7.054431,accu:0.291139,loss_recon:0.302973

7800-loss_z:0.376034,accu:0.925488,loss_recon:0.156302

7800-loss_z:7.31738,accu:0.316456,loss_recon:0.299376

8000-loss_z:0.368582,accu:0.922194,loss_recon:0.156059

8000-loss_z:7.50088,accu:0.303797,loss_recon:0.303709

8200-loss_z:0.359263,accu:0.929434,loss_recon:0.154421

8200-loss_z:7.713278,accu:0.291139,loss_recon:0.311238

8400-loss_z:0.35098,accu:0.933835,loss_recon:0.154583

8400-loss_z:7.883019,accu:0.303797,loss_recon:0.3075

8600-loss_z:0.3454,accu:0.934401,loss_recon:0.154029

8600-loss_z:8.105771,accu:0.291139,loss_recon:0.306545

8800-loss_z:0.335645,accu:0.936628,loss_recon:0.154607

8800-loss_z:8.34256,accu:0.278481,loss_recon:0.308691

9000-loss_z:0.329021,accu:0.93763,loss_recon:0.154866

9000-loss_z:8.528606,accu:0.291139,loss_recon:0.314439

9200-loss_z:0.324853,accu:0.938509,loss_recon:0.155142

9200-loss_z:8.743342,accu:0.341772,loss_recon:0.30522

9400-loss_z:0.315929,accu:0.938027,loss_recon:0.154408

9400-loss_z:8.974273,accu:0.329114,loss_recon:0.313685

9600-loss_z:0.309831,accu:0.939505,loss_recon:0.153822

9600-loss_z:9.275705,accu:0.341772,loss_recon:0.314606

9800-loss_z:0.302032,accu:0.940872,loss_recon:0.153367

9800-loss_z:9.471617,accu:0.316456,loss_recon:0.316167

10000-loss_z:0.300959,accu:0.940462,loss_recon:0.15449

10000-loss_z:9.76911,accu:0.329114,loss_recon:0.311742

10200-loss_z:0.293782,accu:0.94291,loss_recon:0.154726

10200-loss_z:9.981227,accu:0.316456,loss_recon:0.319278

10400-loss_z:0.283678,accu:0.945423,loss_recon:0.153252

10400-loss_z:10.246124,accu:0.329114,loss_recon:0.318411

10600-loss_z:0.277813,accu:0.947533,loss_recon:0.152881

10600-loss_z:10.484039,accu:0.316456,loss_recon:0.315886

10800-loss_z:0.27164,accu:0.946836,loss_recon:0.152068

10800-loss_z:10.700725,accu:0.316456,loss_recon:0.321383

11000-loss_z:0.266368,accu:0.947819,loss_recon:0.151631

11000-loss_z:10.985572,accu:0.291139,loss_recon:0.320415

11200-loss_z:0.26343,accu:0.946758,loss_recon:0.15378

11200-loss_z:11.165744,accu:0.316456,loss_recon:0.316586

11400-loss_z:0.258239,accu:0.94763,loss_recon:0.151964

11400-loss_z:11.398356,accu:0.303797,loss_recon:0.321228

11600-loss_z:0.253379,accu:0.950234,loss_recon:0.152709

11600-loss_z:11.702404,accu:0.303797,loss_recon:0.320303

11800-loss_z:0.248661,accu:0.949603,loss_recon:0.15189

11800-loss_z:11.915567,accu:0.303797,loss_recon:0.317682

12000-loss_z:0.242555,accu:0.954395,loss_recon:0.15256

12000-loss_z:12.157566,accu:0.291139,loss_recon:0.324134

12200-loss_z:0.236271,accu:0.954154,loss_recon:0.152454

12200-loss_z:12.406179,accu:0.291139,loss_recon:0.321035

12400-loss_z:0.229438,accu:0.957962,loss_recon:0.15211

12400-loss_z:12.676298,accu:0.291139,loss_recon:0.327614

12600-loss_z:0.229207,accu:0.955033,loss_recon:0.151616

12600-loss_z:12.928872,accu:0.291139,loss_recon:0.32719

12800-loss_z:0.224653,accu:0.959564,loss_recon:0.15349

12800-loss_z:13.144464,accu:0.291139,loss_recon:0.33217

13000-loss_z:0.217222,accu:0.96082,loss_recon:0.152085

13000-loss_z:13.387506,accu:0.278481,loss_recon:0.32452

13200-loss_z:0.214055,accu:0.958451,loss_recon:0.153335

13200-loss_z:13.684918,accu:0.291139,loss_recon:0.327348

13400-loss_z:0.208559,accu:0.959023,loss_recon:0.151405

13400-loss_z:13.958314,accu:0.291139,loss_recon:0.328419

13600-loss_z:0.204887,accu:0.96168,loss_recon:0.152165

13600-loss_z:14.178527,accu:0.329114,loss_recon:0.323578

13800-loss_z:0.201477,accu:0.963255,loss_recon:0.15276

13800-loss_z:14.48368,accu:0.291139,loss_recon:0.333935

14000-loss_z:0.19797,accu:0.966973,loss_recon:0.151752

14000-loss_z:14.761946,accu:0.316456,loss_recon:0.32536

14200-loss_z:0.193112,accu:0.969609,loss_recon:0.151984

14200-loss_z:14.979888,accu:0.291139,loss_recon:0.329206

14400-loss_z:0.189258,accu:0.968522,loss_recon:0.152034

14400-loss_z:15.278452,accu:0.316456,loss_recon:0.326871

14600-loss_z:0.18525,accu:0.966061,loss_recon:0.149942

14600-loss_z:15.531556,accu:0.316456,loss_recon:0.334666

14800-loss_z:0.182668,accu:0.967116,loss_recon:0.151472

14800-loss_z:15.801175,accu:0.316456,loss_recon:0.329614

15000-loss_z:0.177107,accu:0.970723,loss_recon:0.15195

15000-loss_z:15.974438,accu:0.303797,loss_recon:0.335666

15200-loss_z:0.173142,accu:0.970833,loss_recon:0.149106

15200-loss_z:16.239662,accu:0.303797,loss_recon:0.32873

15400-loss_z:0.169351,accu:0.970397,loss_recon:0.151885

15400-loss_z:16.482784,accu:0.291139,loss_recon:0.335823

15600-loss_z:0.167747,accu:0.972493,loss_recon:0.151092

15600-loss_z:16.718496,accu:0.303797,loss_recon:0.338388

15800-loss_z:0.163912,accu:0.972012,loss_recon:0.152548

15800-loss_z:16.933264,accu:0.291139,loss_recon:0.337708

16000-loss_z:0.159356,accu:0.972409,loss_recon:0.150813

16000-loss_z:17.204397,accu:0.303797,loss_recon:0.330356

16200-loss_z:0.157315,accu:0.973496,loss_recon:0.15199

16200-loss_z:17.387777,accu:0.303797,loss_recon:0.337209

16400-loss_z:0.153607,accu:0.974284,loss_recon:0.151851

16400-loss_z:17.620703,accu:0.303797,loss_recon:0.339435

16600-loss_z:0.150704,accu:0.97265,loss_recon:0.151791

16600-loss_z:17.857649,accu:0.303797,loss_recon:0.335305

16800-loss_z:0.146773,accu:0.973314,loss_recon:0.151164

16800-loss_z:18.126778,accu:0.278481,loss_recon:0.335338

17000-loss_z:0.14499,accu:0.974512,loss_recon:0.151585

17000-loss_z:18.354219,accu:0.303797,loss_recon:0.341219

17200-loss_z:0.141712,accu:0.976374,loss_recon:0.152249

17200-loss_z:18.629311,accu:0.291139,loss_recon:0.337168

17400-loss_z:0.137379,accu:0.977383,loss_recon:0.150595

17400-loss_z:18.798759,accu:0.291139,loss_recon:0.337432

17600-loss_z:0.134761,accu:0.977266,loss_recon:0.150885

17600-loss_z:18.985355,accu:0.291139,loss_recon:0.336834

17800-loss_z:0.132746,accu:0.9786,loss_recon:0.151153

17800-loss_z:19.280107,accu:0.291139,loss_recon:0.335933

18000-loss_z:0.129885,accu:0.981602,loss_recon:0.151707

18000-loss_z:19.513258,accu:0.291139,loss_recon:0.339897

18200-loss_z:0.127824,accu:0.980833,loss_recon:0.152326

18200-loss_z:19.710274,accu:0.278481,loss_recon:0.337364

18400-loss_z:0.123476,accu:0.979629,loss_recon:0.151665

18400-loss_z:19.889519,accu:0.291139,loss_recon:0.341526

18600-loss_z:0.121311,accu:0.982702,loss_recon:0.150972

18600-loss_z:20.175303,accu:0.291139,loss_recon:0.338526

18800-loss_z:0.120101,accu:0.98457,loss_recon:0.150927

18800-loss_z:20.363703,accu:0.291139,loss_recon:0.334698

19000-loss_z:0.116282,accu:0.98375,loss_recon:0.149649

19000-loss_z:20.546255,accu:0.278481,loss_recon:0.337259

19200-loss_z:0.114077,accu:0.986393,loss_recon:0.151607

19200-loss_z:20.713001,accu:0.303797,loss_recon:0.342891

19400-loss_z:0.111224,accu:0.988542,loss_recon:0.151583

19400-loss_z:20.925474,accu:0.291139,loss_recon:0.340993

19600-loss_z:0.107868,accu:0.988372,loss_recon:0.150485

19600-loss_z:21.213203,accu:0.303797,loss_recon:0.340014

19800-loss_z:0.106343,accu:0.9911,loss_recon:0.149045

19800-loss_z:21.512571,accu:0.303797,loss_recon:0.345842

20000-loss_z:0.104951,accu:0.989264,loss_recon:0.148672

20000-loss_z:21.830256,accu:0.291139,loss_recon:0.34689

Continue training
New FC model is initialized
200-loss_z:2.503837,accu:0.196848,loss_recon:1.491873

200-loss_z:2.713359,accu:0.088608,loss_recon:0.667665

400-loss_z:1.881982,accu:0.355911,loss_recon:0.474605

400-loss_z:2.62888,accu:0.126582,loss_recon:0.37867

600-loss_z:1.608872,accu:0.438503,loss_recon:0.331068

600-loss_z:2.644113,accu:0.164557,loss_recon:0.307487

800-loss_z:1.429772,accu:0.498789,loss_recon:0.291021

800-loss_z:2.74827,accu:0.202532,loss_recon:0.290631

1000-loss_z:1.292004,accu:0.538483,loss_recon:0.273323

1000-loss_z:2.799137,accu:0.189873,loss_recon:0.285183

1200-loss_z:1.183136,accu:0.586914,loss_recon:0.257318

1200-loss_z:2.849356,accu:0.202532,loss_recon:0.282074

1400-loss_z:1.092336,accu:0.617773,loss_recon:0.247159

1400-loss_z:2.899445,accu:0.227848,loss_recon:0.286644

1600-loss_z:1.019099,accu:0.637279,loss_recon:0.240623

1600-loss_z:2.962175,accu:0.253165,loss_recon:0.288393

1800-loss_z:0.960051,accu:0.66972,loss_recon:0.234227

1800-loss_z:3.006886,accu:0.265823,loss_recon:0.282854

2000-loss_z:0.905534,accu:0.700046,loss_recon:0.226128

2000-loss_z:3.059731,accu:0.240506,loss_recon:0.289621

2200-loss_z:0.850443,accu:0.719824,loss_recon:0.219869

2200-loss_z:3.128336,accu:0.265823,loss_recon:0.289764

2400-loss_z:0.802518,accu:0.739824,loss_recon:0.217576

2400-loss_z:3.2041,accu:0.303797,loss_recon:0.290779

2600-loss_z:0.764507,accu:0.756035,loss_recon:0.213703

2600-loss_z:3.254242,accu:0.291139,loss_recon:0.292229

2800-loss_z:0.732693,accu:0.757995,loss_recon:0.208762

2800-loss_z:3.330736,accu:0.329114,loss_recon:0.302565

3000-loss_z:0.698239,accu:0.76668,loss_recon:0.208462

3000-loss_z:3.383144,accu:0.316456,loss_recon:0.302271

3200-loss_z:0.666014,accu:0.777409,loss_recon:0.206932

3200-loss_z:3.463499,accu:0.341772,loss_recon:0.302135

3400-loss_z:0.637378,accu:0.791816,loss_recon:0.202453

3400-loss_z:3.577917,accu:0.316456,loss_recon:0.306054

3600-loss_z:0.613081,accu:0.796243,loss_recon:0.201324

3600-loss_z:3.653594,accu:0.316456,loss_recon:0.301551

3800-loss_z:0.587748,accu:0.810807,loss_recon:0.199292

3800-loss_z:3.728257,accu:0.379747,loss_recon:0.309491

4000-loss_z:0.563215,accu:0.824355,loss_recon:0.197263

4000-loss_z:3.834854,accu:0.341772,loss_recon:0.306359

4200-loss_z:0.549647,accu:0.833945,loss_recon:0.197431

4200-loss_z:3.936979,accu:0.329114,loss_recon:0.315311

4400-loss_z:0.530541,accu:0.842682,loss_recon:0.195629

4400-loss_z:4.056535,accu:0.329114,loss_recon:0.318326

4600-loss_z:0.518348,accu:0.853197,loss_recon:0.193817

4600-loss_z:4.18361,accu:0.329114,loss_recon:0.321965

4800-loss_z:0.494557,accu:0.863236,loss_recon:0.191691

4800-loss_z:4.290544,accu:0.329114,loss_recon:0.321638

5000-loss_z:0.482252,accu:0.873477,loss_recon:0.191197

5000-loss_z:4.440317,accu:0.316456,loss_recon:0.32414

5200-loss_z:0.465438,accu:0.877441,loss_recon:0.19245

5200-loss_z:4.602124,accu:0.316456,loss_recon:0.324656

5400-loss_z:0.450768,accu:0.881191,loss_recon:0.188169

5400-loss_z:4.752938,accu:0.35443,loss_recon:0.319437

5600-loss_z:0.443011,accu:0.880436,loss_recon:0.186822

5600-loss_z:4.900006,accu:0.341772,loss_recon:0.318454

5800-loss_z:0.429051,accu:0.885104,loss_recon:0.187777

5800-loss_z:5.095861,accu:0.341772,loss_recon:0.321325

6000-loss_z:0.417023,accu:0.889883,loss_recon:0.184941

6000-loss_z:5.279764,accu:0.341772,loss_recon:0.320955

6200-loss_z:0.407101,accu:0.896875,loss_recon:0.185992

6200-loss_z:5.48505,accu:0.379747,loss_recon:0.32588

6400-loss_z:0.397343,accu:0.901719,loss_recon:0.186588

6400-loss_z:5.693272,accu:0.341772,loss_recon:0.325128

6600-loss_z:0.385482,accu:0.905703,loss_recon:0.185246

6600-loss_z:5.881153,accu:0.35443,loss_recon:0.3235

6800-loss_z:0.375939,accu:0.906406,loss_recon:0.183008

6800-loss_z:6.106975,accu:0.329114,loss_recon:0.328402

7000-loss_z:0.3659,accu:0.912656,loss_recon:0.182941

7000-loss_z:6.35248,accu:0.35443,loss_recon:0.335643

7200-loss_z:0.35727,accu:0.915846,loss_recon:0.184197

7200-loss_z:6.512404,accu:0.341772,loss_recon:0.330693

7400-loss_z:0.348046,accu:0.921491,loss_recon:0.181293

7400-loss_z:6.762466,accu:0.35443,loss_recon:0.335571

7600-loss_z:0.340503,accu:0.929505,loss_recon:0.180704

7600-loss_z:6.99325,accu:0.341772,loss_recon:0.335924

7800-loss_z:0.33268,accu:0.931198,loss_recon:0.180756

7800-loss_z:7.198215,accu:0.35443,loss_recon:0.341452

8000-loss_z:0.323692,accu:0.930423,loss_recon:0.181686

8000-loss_z:7.442268,accu:0.35443,loss_recon:0.328646

8200-loss_z:0.316866,accu:0.940488,loss_recon:0.180592

8200-loss_z:7.77454,accu:0.341772,loss_recon:0.340495

8400-loss_z:0.310805,accu:0.944369,loss_recon:0.1796

8400-loss_z:8.045536,accu:0.35443,loss_recon:0.341193

8600-loss_z:0.30363,accu:0.946543,loss_recon:0.1797

8600-loss_z:8.222239,accu:0.341772,loss_recon:0.337624

8800-loss_z:0.291938,accu:0.945586,loss_recon:0.177839

8800-loss_z:8.476862,accu:0.35443,loss_recon:0.341058

9000-loss_z:0.288709,accu:0.947474,loss_recon:0.180605

9000-loss_z:8.719442,accu:0.316456,loss_recon:0.351371

9200-loss_z:0.282445,accu:0.955117,loss_recon:0.178681

9200-loss_z:9.012356,accu:0.341772,loss_recon:0.333886

9400-loss_z:0.273801,accu:0.954811,loss_recon:0.178879

9400-loss_z:9.303113,accu:0.341772,loss_recon:0.34276

9600-loss_z:0.26984,accu:0.958268,loss_recon:0.179809

9600-loss_z:9.617594,accu:0.341772,loss_recon:0.338569

9800-loss_z:0.258905,accu:0.959121,loss_recon:0.176362

9800-loss_z:9.959886,accu:0.329114,loss_recon:0.339185

10000-loss_z:0.256704,accu:0.963151,loss_recon:0.178152

10000-loss_z:10.338593,accu:0.329114,loss_recon:0.347818

10200-loss_z:0.251055,accu:0.959655,loss_recon:0.178961

10200-loss_z:10.710249,accu:0.329114,loss_recon:0.348845

10400-loss_z:0.242732,accu:0.964336,loss_recon:0.178406

10400-loss_z:11.021529,accu:0.367089,loss_recon:0.338696

10600-loss_z:0.234782,accu:0.965026,loss_recon:0.177361

10600-loss_z:11.38334,accu:0.316456,loss_recon:0.345497

10800-loss_z:0.233318,accu:0.968405,loss_recon:0.179237

10800-loss_z:11.743663,accu:0.316456,loss_recon:0.338555

11000-loss_z:0.226738,accu:0.965423,loss_recon:0.178677

11000-loss_z:12.150846,accu:0.35443,loss_recon:0.341975

11200-loss_z:0.224129,accu:0.967878,loss_recon:0.17917

11200-loss_z:12.526475,accu:0.316456,loss_recon:0.350369

11400-loss_z:0.218147,accu:0.970599,loss_recon:0.177055

11400-loss_z:12.855461,accu:0.329114,loss_recon:0.33739

11600-loss_z:0.2116,accu:0.970306,loss_recon:0.178774

11600-loss_z:13.323302,accu:0.35443,loss_recon:0.335503

11800-loss_z:0.207203,accu:0.974056,loss_recon:0.178512

11800-loss_z:13.731821,accu:0.316456,loss_recon:0.343773

12000-loss_z:0.202556,accu:0.973418,loss_recon:0.179406

12000-loss_z:14.04009,accu:0.35443,loss_recon:0.336733

12200-loss_z:0.195901,accu:0.97446,loss_recon:0.177155

12200-loss_z:14.48293,accu:0.329114,loss_recon:0.34607

12400-loss_z:0.190778,accu:0.976966,loss_recon:0.176769

12400-loss_z:14.839393,accu:0.316456,loss_recon:0.348087

12600-loss_z:0.186371,accu:0.974974,loss_recon:0.178258

12600-loss_z:15.260015,accu:0.35443,loss_recon:0.342206

12800-loss_z:0.184578,accu:0.975605,loss_recon:0.176931

12800-loss_z:15.613371,accu:0.329114,loss_recon:0.342822

13000-loss_z:0.176319,accu:0.977064,loss_recon:0.175945

13000-loss_z:15.981059,accu:0.341772,loss_recon:0.347693

13200-loss_z:0.174967,accu:0.978477,loss_recon:0.178893

13200-loss_z:16.337965,accu:0.341772,loss_recon:0.338132

13400-loss_z:0.169852,accu:0.978132,loss_recon:0.176395

13400-loss_z:16.693115,accu:0.35443,loss_recon:0.345075

13600-loss_z:0.167479,accu:0.978659,loss_recon:0.176544

13600-loss_z:17.019409,accu:0.329114,loss_recon:0.336481

13800-loss_z:0.163256,accu:0.980397,loss_recon:0.176221

13800-loss_z:17.363707,accu:0.329114,loss_recon:0.338918

14000-loss_z:0.15919,accu:0.977826,loss_recon:0.177954

14000-loss_z:17.772327,accu:0.341772,loss_recon:0.341975

14200-loss_z:0.155471,accu:0.98084,loss_recon:0.176673

14200-loss_z:18.142731,accu:0.316456,loss_recon:0.334631

14400-loss_z:0.150755,accu:0.981563,loss_recon:0.175726

14400-loss_z:18.479849,accu:0.341772,loss_recon:0.340601

14600-loss_z:0.149381,accu:0.980475,loss_recon:0.176736

14600-loss_z:18.946505,accu:0.341772,loss_recon:0.344584

14800-loss_z:0.145967,accu:0.98123,loss_recon:0.1746

14800-loss_z:19.374763,accu:0.341772,loss_recon:0.347488

15000-loss_z:0.143067,accu:0.982142,loss_recon:0.176575

15000-loss_z:19.746765,accu:0.329114,loss_recon:0.338429

15200-loss_z:0.140199,accu:0.982044,loss_recon:0.176805

15200-loss_z:20.094805,accu:0.341772,loss_recon:0.348624

15400-loss_z:0.134173,accu:0.983079,loss_recon:0.176715

15400-loss_z:20.537067,accu:0.316456,loss_recon:0.351963

15600-loss_z:0.131786,accu:0.985788,loss_recon:0.176447

15600-loss_z:20.84757,accu:0.316456,loss_recon:0.343293

15800-loss_z:0.129495,accu:0.984844,loss_recon:0.17422

15800-loss_z:21.235765,accu:0.316456,loss_recon:0.339823

16000-loss_z:0.126955,accu:0.985977,loss_recon:0.174866

16000-loss_z:21.656887,accu:0.316456,loss_recon:0.348756

16200-loss_z:0.12158,accu:0.986309,loss_recon:0.176428

16200-loss_z:22.040125,accu:0.316456,loss_recon:0.336086

16400-loss_z:0.120096,accu:0.989043,loss_recon:0.177031

16400-loss_z:22.318634,accu:0.316456,loss_recon:0.343347

16600-loss_z:0.11528,accu:0.988574,loss_recon:0.174898

16600-loss_z:22.70178,accu:0.303797,loss_recon:0.342033

16800-loss_z:0.114569,accu:0.99041,loss_recon:0.177085

16800-loss_z:23.078686,accu:0.291139,loss_recon:0.342395

17000-loss_z:0.112005,accu:0.99013,loss_recon:0.176193

17000-loss_z:23.451771,accu:0.303797,loss_recon:0.334285

17200-loss_z:0.107159,accu:0.991836,loss_recon:0.174741

17200-loss_z:23.845085,accu:0.303797,loss_recon:0.34299

17400-loss_z:0.10534,accu:0.992897,loss_recon:0.174572

17400-loss_z:24.182541,accu:0.278481,loss_recon:0.349141

17600-loss_z:0.103563,accu:0.993483,loss_recon:0.176681

17600-loss_z:24.506113,accu:0.303797,loss_recon:0.340449

17800-loss_z:0.100319,accu:0.995397,loss_recon:0.175401

17800-loss_z:24.793285,accu:0.329114,loss_recon:0.339752

18000-loss_z:0.098029,accu:0.995553,loss_recon:0.174079

18000-loss_z:25.117014,accu:0.329114,loss_recon:0.338503

18200-loss_z:0.094755,accu:0.995605,loss_recon:0.176136

18200-loss_z:25.418394,accu:0.316456,loss_recon:0.350169

18400-loss_z:0.092577,accu:0.99765,loss_recon:0.173662

18400-loss_z:25.766468,accu:0.316456,loss_recon:0.349614

18600-loss_z:0.090875,accu:0.998385,loss_recon:0.173811

18600-loss_z:26.086107,accu:0.303797,loss_recon:0.339026

18800-loss_z:0.087471,accu:0.997871,loss_recon:0.175861

18800-loss_z:26.359201,accu:0.316456,loss_recon:0.344537

19000-loss_z:0.085727,accu:0.999219,loss_recon:0.172997

19000-loss_z:26.670385,accu:0.316456,loss_recon:0.342128

19200-loss_z:0.08362,accu:0.9986,loss_recon:0.17704

19200-loss_z:27.060322,accu:0.303797,loss_recon:0.347825

19400-loss_z:0.081873,accu:0.999167,loss_recon:0.177439

19400-loss_z:27.403749,accu:0.316456,loss_recon:0.333298

19600-loss_z:0.079182,accu:0.998822,loss_recon:0.174839

19600-loss_z:27.775085,accu:0.316456,loss_recon:0.352282

19800-loss_z:0.077293,accu:0.999076,loss_recon:0.17515

19800-loss_z:28.108608,accu:0.316456,loss_recon:0.33646

20000-loss_z:0.075788,accu:0.999818,loss_recon:0.174722

20000-loss_z:28.410984,accu:0.316456,loss_recon:0.340185

Continue training
New FC model is initialized
200-loss_z:2.545347,accu:0.185408,loss_recon:1.141887

200-loss_z:2.602201,accu:0.088608,loss_recon:0.515116

400-loss_z:1.888609,accu:0.343919,loss_recon:0.373763

400-loss_z:2.534959,accu:0.151899,loss_recon:0.323824

600-loss_z:1.592254,accu:0.416113,loss_recon:0.283137

600-loss_z:2.575158,accu:0.164557,loss_recon:0.305124

800-loss_z:1.397641,accu:0.466667,loss_recon:0.263622

800-loss_z:2.603689,accu:0.177215,loss_recon:0.296224

1000-loss_z:1.249045,accu:0.531875,loss_recon:0.24937

1000-loss_z:2.634739,accu:0.202532,loss_recon:0.295159

1200-loss_z:1.138545,accu:0.576074,loss_recon:0.244291

1200-loss_z:2.693102,accu:0.202532,loss_recon:0.309616

1400-loss_z:1.04719,accu:0.614089,loss_recon:0.237374

1400-loss_z:2.695283,accu:0.227848,loss_recon:0.308433

1600-loss_z:0.975833,accu:0.645944,loss_recon:0.228497

1600-loss_z:2.738874,accu:0.240506,loss_recon:0.307296

1800-loss_z:0.908952,accu:0.675423,loss_recon:0.221513

1800-loss_z:2.766369,accu:0.21519,loss_recon:0.308155

2000-loss_z:0.860863,accu:0.705547,loss_recon:0.217651

2000-loss_z:2.811882,accu:0.227848,loss_recon:0.306541

2200-loss_z:0.816442,accu:0.725833,loss_recon:0.21379

2200-loss_z:2.860771,accu:0.240506,loss_recon:0.309399

2400-loss_z:0.769762,accu:0.748021,loss_recon:0.210045

2400-loss_z:2.943625,accu:0.227848,loss_recon:0.312971

2600-loss_z:0.734047,accu:0.759694,loss_recon:0.20573

2600-loss_z:3.037854,accu:0.253165,loss_recon:0.320285

2800-loss_z:0.704609,accu:0.768503,loss_recon:0.203088

2800-loss_z:3.11364,accu:0.240506,loss_recon:0.313659

3000-loss_z:0.677668,accu:0.780579,loss_recon:0.203919

3000-loss_z:3.217288,accu:0.253165,loss_recon:0.310247

3200-loss_z:0.647351,accu:0.800872,loss_recon:0.199159

3200-loss_z:3.30033,accu:0.265823,loss_recon:0.314846

3400-loss_z:0.622149,accu:0.806582,loss_recon:0.200422

3400-loss_z:3.400669,accu:0.278481,loss_recon:0.309529

3600-loss_z:0.597003,accu:0.812936,loss_recon:0.196191

3600-loss_z:3.541029,accu:0.265823,loss_recon:0.315468

3800-loss_z:0.581139,accu:0.826048,loss_recon:0.196195

3800-loss_z:3.673438,accu:0.278481,loss_recon:0.314655

4000-loss_z:0.556199,accu:0.833118,loss_recon:0.19557

4000-loss_z:3.797289,accu:0.291139,loss_recon:0.315385

4200-loss_z:0.538442,accu:0.841439,loss_recon:0.194896

4200-loss_z:3.947904,accu:0.291139,loss_recon:0.310942

4400-loss_z:0.52369,accu:0.846035,loss_recon:0.192592

4400-loss_z:4.077202,accu:0.291139,loss_recon:0.300286

4600-loss_z:0.508629,accu:0.84278,loss_recon:0.190895

4600-loss_z:4.243409,accu:0.278481,loss_recon:0.311284

4800-loss_z:0.487071,accu:0.854316,loss_recon:0.188479

4800-loss_z:4.399575,accu:0.316456,loss_recon:0.318474

5000-loss_z:0.473017,accu:0.860286,loss_recon:0.189901

5000-loss_z:4.59093,accu:0.303797,loss_recon:0.31172

5200-loss_z:0.465392,accu:0.857695,loss_recon:0.190061

5200-loss_z:4.766435,accu:0.341772,loss_recon:0.310875

5400-loss_z:0.448301,accu:0.867246,loss_recon:0.188549

5400-loss_z:4.951494,accu:0.291139,loss_recon:0.301924

5600-loss_z:0.434843,accu:0.872142,loss_recon:0.188652

5600-loss_z:5.15011,accu:0.329114,loss_recon:0.311442

5800-loss_z:0.418611,accu:0.884303,loss_recon:0.186632

5800-loss_z:5.350106,accu:0.341772,loss_recon:0.304272

6000-loss_z:0.413467,accu:0.882116,loss_recon:0.185357

6000-loss_z:5.520602,accu:0.316456,loss_recon:0.315057

6200-loss_z:0.400336,accu:0.892552,loss_recon:0.185557

6200-loss_z:5.718678,accu:0.341772,loss_recon:0.308698

6400-loss_z:0.38946,accu:0.890814,loss_recon:0.18533

6400-loss_z:5.944724,accu:0.35443,loss_recon:0.310526

6600-loss_z:0.38233,accu:0.889701,loss_recon:0.185747

6600-loss_z:6.135851,accu:0.35443,loss_recon:0.300516

6800-loss_z:0.373509,accu:0.899883,loss_recon:0.184186

6800-loss_z:6.357185,accu:0.341772,loss_recon:0.307697

7000-loss_z:0.360692,accu:0.909427,loss_recon:0.18381

7000-loss_z:6.537595,accu:0.341772,loss_recon:0.307418

7200-loss_z:0.351703,accu:0.914792,loss_recon:0.1839

7200-loss_z:6.734064,accu:0.341772,loss_recon:0.312078

7400-loss_z:0.345479,accu:0.915651,loss_recon:0.183873

7400-loss_z:6.922117,accu:0.367089,loss_recon:0.30733

7600-loss_z:0.334741,accu:0.917194,loss_recon:0.183453

7600-loss_z:7.133342,accu:0.35443,loss_recon:0.307816

7800-loss_z:0.324634,accu:0.934655,loss_recon:0.181826

7800-loss_z:7.389829,accu:0.341772,loss_recon:0.306571

8000-loss_z:0.319527,accu:0.932344,loss_recon:0.183123

8000-loss_z:7.565148,accu:0.367089,loss_recon:0.310176

8200-loss_z:0.307343,accu:0.939492,loss_recon:0.181047

8200-loss_z:7.817944,accu:0.341772,loss_recon:0.312835

8400-loss_z:0.303011,accu:0.940534,loss_recon:0.183608

8400-loss_z:8.104436,accu:0.35443,loss_recon:0.307557

8600-loss_z:0.295747,accu:0.939531,loss_recon:0.182019

8600-loss_z:8.416652,accu:0.329114,loss_recon:0.307878

8800-loss_z:0.286145,accu:0.940879,loss_recon:0.181615

8800-loss_z:8.705121,accu:0.329114,loss_recon:0.301189

9000-loss_z:0.280143,accu:0.945495,loss_recon:0.181176

9000-loss_z:9.047188,accu:0.341772,loss_recon:0.307633

9200-loss_z:0.274031,accu:0.946543,loss_recon:0.182239

9200-loss_z:9.380688,accu:0.341772,loss_recon:0.308663

9400-loss_z:0.268827,accu:0.946816,loss_recon:0.18149

9400-loss_z:9.749215,accu:0.35443,loss_recon:0.312494

9600-loss_z:0.260569,accu:0.952878,loss_recon:0.181756

9600-loss_z:10.106308,accu:0.341772,loss_recon:0.314577

9800-loss_z:0.253335,accu:0.953874,loss_recon:0.180798

9800-loss_z:10.484788,accu:0.341772,loss_recon:0.312768

10000-loss_z:0.243827,accu:0.954258,loss_recon:0.180662

10000-loss_z:10.841295,accu:0.341772,loss_recon:0.313487

10200-loss_z:0.238358,accu:0.961986,loss_recon:0.180138

10200-loss_z:11.174848,accu:0.35443,loss_recon:0.310723

10400-loss_z:0.233601,accu:0.966751,loss_recon:0.180022

10400-loss_z:11.577427,accu:0.341772,loss_recon:0.30866

10600-loss_z:0.223671,accu:0.970645,loss_recon:0.181451

10600-loss_z:12.023664,accu:0.329114,loss_recon:0.308778

10800-loss_z:0.218629,accu:0.971947,loss_recon:0.179655

10800-loss_z:12.423847,accu:0.35443,loss_recon:0.30667

11000-loss_z:0.21318,accu:0.971947,loss_recon:0.178307

11000-loss_z:12.818322,accu:0.341772,loss_recon:0.309756

11200-loss_z:0.209944,accu:0.973561,loss_recon:0.179979

11200-loss_z:13.222947,accu:0.35443,loss_recon:0.304318

11400-loss_z:0.205475,accu:0.974688,loss_recon:0.180555

11400-loss_z:13.55812,accu:0.341772,loss_recon:0.310478

11600-loss_z:0.196303,accu:0.976719,loss_recon:0.179667

11600-loss_z:13.879502,accu:0.35443,loss_recon:0.312391

11800-loss_z:0.192051,accu:0.98638,loss_recon:0.178618

11800-loss_z:14.209752,accu:0.35443,loss_recon:0.311902

12000-loss_z:0.191422,accu:0.981693,loss_recon:0.179049

12000-loss_z:14.543016,accu:0.35443,loss_recon:0.315763

12200-loss_z:0.183529,accu:0.981328,loss_recon:0.178504

12200-loss_z:14.90071,accu:0.35443,loss_recon:0.313811

12400-loss_z:0.182526,accu:0.981784,loss_recon:0.178962

12400-loss_z:15.234576,accu:0.341772,loss_recon:0.30853

12600-loss_z:0.177834,accu:0.983464,loss_recon:0.177926

12600-loss_z:15.599607,accu:0.341772,loss_recon:0.315901

12800-loss_z:0.174334,accu:0.984076,loss_recon:0.179

12800-loss_z:15.910246,accu:0.35443,loss_recon:0.310884

13000-loss_z:0.168083,accu:0.985052,loss_recon:0.179263

13000-loss_z:16.317232,accu:0.341772,loss_recon:0.318649

13200-loss_z:0.166396,accu:0.984824,loss_recon:0.178236

13200-loss_z:16.663204,accu:0.35443,loss_recon:0.314466

13400-loss_z:0.162506,accu:0.982975,loss_recon:0.178135

13400-loss_z:17.06184,accu:0.341772,loss_recon:0.315818

13600-loss_z:0.159706,accu:0.98444,loss_recon:0.177189

13600-loss_z:17.415882,accu:0.35443,loss_recon:0.319883

13800-loss_z:0.152953,accu:0.984922,loss_recon:0.174826

13800-loss_z:17.823597,accu:0.341772,loss_recon:0.317565

14000-loss_z:0.153202,accu:0.98429,loss_recon:0.17449

14000-loss_z:18.183598,accu:0.35443,loss_recon:0.319701

14200-loss_z:0.14696,accu:0.985586,loss_recon:0.175005

14200-loss_z:18.570259,accu:0.341772,loss_recon:0.321437

14400-loss_z:0.142495,accu:0.985951,loss_recon:0.174597

14400-loss_z:18.938641,accu:0.329114,loss_recon:0.319647

14600-loss_z:0.141343,accu:0.984941,loss_recon:0.174187

14600-loss_z:19.332647,accu:0.341772,loss_recon:0.320351

14800-loss_z:0.138856,accu:0.98459,loss_recon:0.175608

14800-loss_z:19.751741,accu:0.341772,loss_recon:0.316817

15000-loss_z:0.135638,accu:0.98362,loss_recon:0.174332

15000-loss_z:20.194906,accu:0.329114,loss_recon:0.326542

15200-loss_z:0.133751,accu:0.984134,loss_recon:0.174337

15200-loss_z:20.636667,accu:0.341772,loss_recon:0.323405

15400-loss_z:0.129028,accu:0.985013,loss_recon:0.172462

15400-loss_z:21.093771,accu:0.35443,loss_recon:0.319717

15600-loss_z:0.12931,accu:0.985124,loss_recon:0.173933

15600-loss_z:21.493567,accu:0.316456,loss_recon:0.328006

15800-loss_z:0.125593,accu:0.983418,loss_recon:0.172679

15800-loss_z:21.947052,accu:0.329114,loss_recon:0.329158

16000-loss_z:0.122828,accu:0.982702,loss_recon:0.171392

16000-loss_z:22.413433,accu:0.329114,loss_recon:0.326997

16200-loss_z:0.119361,accu:0.986393,loss_recon:0.172347

16200-loss_z:22.829149,accu:0.329114,loss_recon:0.327264

16400-loss_z:0.117447,accu:0.986022,loss_recon:0.171559

16400-loss_z:23.256786,accu:0.329114,loss_recon:0.329981

16600-loss_z:0.114714,accu:0.986257,loss_recon:0.171962

16600-loss_z:23.714109,accu:0.329114,loss_recon:0.334439

16800-loss_z:0.113956,accu:0.985456,loss_recon:0.172074

16800-loss_z:24.165131,accu:0.329114,loss_recon:0.331534

17000-loss_z:0.110929,accu:0.984883,loss_recon:0.17002

17000-loss_z:24.650698,accu:0.329114,loss_recon:0.330843

17200-loss_z:0.108391,accu:0.985013,loss_recon:0.170566

17200-loss_z:25.128714,accu:0.329114,loss_recon:0.333445

17400-loss_z:0.106578,accu:0.988913,loss_recon:0.168958

17400-loss_z:25.644819,accu:0.316456,loss_recon:0.333353

17600-loss_z:0.103256,accu:0.987253,loss_recon:0.169104

17600-loss_z:26.149515,accu:0.329114,loss_recon:0.339764

17800-loss_z:0.101494,accu:0.987786,loss_recon:0.168212

17800-loss_z:26.621399,accu:0.329114,loss_recon:0.341003

18000-loss_z:0.099712,accu:0.987018,loss_recon:0.168745

18000-loss_z:27.146,accu:0.329114,loss_recon:0.346845

18200-loss_z:0.098453,accu:0.988802,loss_recon:0.168936

18200-loss_z:27.564379,accu:0.329114,loss_recon:0.341307

18400-loss_z:0.095434,accu:0.988288,loss_recon:0.168341

18400-loss_z:28.155279,accu:0.329114,loss_recon:0.340085

18600-loss_z:0.093564,accu:0.988197,loss_recon:0.166659

18600-loss_z:28.617929,accu:0.329114,loss_recon:0.342283

18800-loss_z:0.092024,accu:0.990892,loss_recon:0.168408

18800-loss_z:29.128881,accu:0.329114,loss_recon:0.349525

19000-loss_z:0.090441,accu:0.990462,loss_recon:0.168157

19000-loss_z:29.696129,accu:0.329114,loss_recon:0.352754

19200-loss_z:0.087786,accu:0.989583,loss_recon:0.167896

19200-loss_z:30.181465,accu:0.329114,loss_recon:0.351548

19400-loss_z:0.085737,accu:0.98987,loss_recon:0.166299

19400-loss_z:30.717714,accu:0.329114,loss_recon:0.350408

19600-loss_z:0.084547,accu:0.992194,loss_recon:0.164417

19600-loss_z:31.298658,accu:0.329114,loss_recon:0.362556

19800-loss_z:0.082794,accu:0.992292,loss_recon:0.166387

19800-loss_z:31.847078,accu:0.316456,loss_recon:0.354113

20000-loss_z:0.081465,accu:0.993333,loss_recon:0.166164

20000-loss_z:32.384975,accu:0.341772,loss_recon:0.360913

Continue training
New FC model is initialized
200-loss_z:2.606709,accu:0.195565,loss_recon:1.270094

200-loss_z:2.771726,accu:0.088608,loss_recon:0.575083

400-loss_z:1.941873,accu:0.351836,loss_recon:0.462076

400-loss_z:2.702836,accu:0.113924,loss_recon:0.360925

600-loss_z:1.621851,accu:0.428704,loss_recon:0.338585

600-loss_z:2.770232,accu:0.126582,loss_recon:0.317086

800-loss_z:1.428238,accu:0.498893,loss_recon:0.295417

800-loss_z:2.870656,accu:0.113924,loss_recon:0.30611

1000-loss_z:1.285896,accu:0.553893,loss_recon:0.271475

1000-loss_z:2.979899,accu:0.139241,loss_recon:0.303023

1200-loss_z:1.177023,accu:0.603763,loss_recon:0.256173

1200-loss_z:3.081988,accu:0.227848,loss_recon:0.304254

1400-loss_z:1.085558,accu:0.641849,loss_recon:0.246414

1400-loss_z:3.206971,accu:0.202532,loss_recon:0.301646

1600-loss_z:1.012693,accu:0.660592,loss_recon:0.239896

1600-loss_z:3.30204,accu:0.265823,loss_recon:0.304943

1800-loss_z:0.944525,accu:0.6989,loss_recon:0.23132

1800-loss_z:3.440639,accu:0.253165,loss_recon:0.304748

2000-loss_z:0.891709,accu:0.717897,loss_recon:0.225456

2000-loss_z:3.567424,accu:0.278481,loss_recon:0.310677

2200-loss_z:0.839807,accu:0.747292,loss_recon:0.220251

2200-loss_z:3.715944,accu:0.291139,loss_recon:0.321176

2400-loss_z:0.800885,accu:0.751947,loss_recon:0.214373

2400-loss_z:3.833502,accu:0.303797,loss_recon:0.319738

2600-loss_z:0.76049,accu:0.778444,loss_recon:0.214449

2600-loss_z:3.949889,accu:0.316456,loss_recon:0.315143

2800-loss_z:0.726478,accu:0.797135,loss_recon:0.209284

2800-loss_z:4.106319,accu:0.303797,loss_recon:0.324265

3000-loss_z:0.696013,accu:0.802611,loss_recon:0.208411

3000-loss_z:4.256613,accu:0.316456,loss_recon:0.324972

3200-loss_z:0.661415,accu:0.823372,loss_recon:0.205984

3200-loss_z:4.406729,accu:0.329114,loss_recon:0.320149

3400-loss_z:0.638968,accu:0.823639,loss_recon:0.205288

3400-loss_z:4.579435,accu:0.341772,loss_recon:0.323878

3600-loss_z:0.613011,accu:0.82666,loss_recon:0.201259

3600-loss_z:4.728594,accu:0.35443,loss_recon:0.320754

3800-loss_z:0.586969,accu:0.835417,loss_recon:0.198371

3800-loss_z:4.899181,accu:0.367089,loss_recon:0.322088

4000-loss_z:0.565533,accu:0.841328,loss_recon:0.19605

4000-loss_z:5.060725,accu:0.329114,loss_recon:0.322022

4200-loss_z:0.54969,accu:0.847904,loss_recon:0.194187

4200-loss_z:5.20779,accu:0.35443,loss_recon:0.317145

4400-loss_z:0.528775,accu:0.864382,loss_recon:0.193406

4400-loss_z:5.368258,accu:0.35443,loss_recon:0.322523

4600-loss_z:0.509082,accu:0.868477,loss_recon:0.189986

4600-loss_z:5.535246,accu:0.329114,loss_recon:0.32117

4800-loss_z:0.492969,accu:0.87944,loss_recon:0.188488

4800-loss_z:5.749266,accu:0.379747,loss_recon:0.324749

5000-loss_z:0.479297,accu:0.879876,loss_recon:0.187385

5000-loss_z:5.88464,accu:0.341772,loss_recon:0.325794

5200-loss_z:0.462171,accu:0.893594,loss_recon:0.18537

5200-loss_z:6.080853,accu:0.341772,loss_recon:0.328716

5400-loss_z:0.448702,accu:0.898229,loss_recon:0.183523

5400-loss_z:6.237631,accu:0.341772,loss_recon:0.333084

5600-loss_z:0.433474,accu:0.901348,loss_recon:0.182088

5600-loss_z:6.455062,accu:0.35443,loss_recon:0.334316

5800-loss_z:0.420744,accu:0.902155,loss_recon:0.181501

5800-loss_z:6.642944,accu:0.379747,loss_recon:0.326736

6000-loss_z:0.410583,accu:0.906608,loss_recon:0.181872

6000-loss_z:6.83299,accu:0.367089,loss_recon:0.33642

6200-loss_z:0.398835,accu:0.908034,loss_recon:0.180793

6200-loss_z:7.020965,accu:0.35443,loss_recon:0.335628

6400-loss_z:0.381813,accu:0.917077,loss_recon:0.180052

6400-loss_z:7.247393,accu:0.367089,loss_recon:0.335734

6600-loss_z:0.373872,accu:0.917474,loss_recon:0.177587

6600-loss_z:7.473137,accu:0.379747,loss_recon:0.336708

6800-loss_z:0.361297,accu:0.926374,loss_recon:0.17937

6800-loss_z:7.732513,accu:0.392405,loss_recon:0.337639

7000-loss_z:0.35268,accu:0.931608,loss_recon:0.180269

7000-loss_z:7.968861,accu:0.392405,loss_recon:0.341418

7200-loss_z:0.342303,accu:0.934876,loss_recon:0.178488

7200-loss_z:8.196029,accu:0.392405,loss_recon:0.341347

7400-loss_z:0.332151,accu:0.933034,loss_recon:0.17721

7400-loss_z:8.429679,accu:0.379747,loss_recon:0.350757

7600-loss_z:0.320927,accu:0.939876,loss_recon:0.177989

7600-loss_z:8.683763,accu:0.379747,loss_recon:0.345208

7800-loss_z:0.312498,accu:0.94235,loss_recon:0.176368

7800-loss_z:8.887921,accu:0.379747,loss_recon:0.336811

8000-loss_z:0.303897,accu:0.941419,loss_recon:0.177306

8000-loss_z:9.134322,accu:0.405063,loss_recon:0.341973

8200-loss_z:0.294767,accu:0.948027,loss_recon:0.175655

8200-loss_z:9.411521,accu:0.367089,loss_recon:0.336452

8400-loss_z:0.287247,accu:0.948027,loss_recon:0.176046

8400-loss_z:9.60699,accu:0.367089,loss_recon:0.34449

8600-loss_z:0.278541,accu:0.953555,loss_recon:0.177747

8600-loss_z:9.836629,accu:0.379747,loss_recon:0.346463

8800-loss_z:0.266098,accu:0.958197,loss_recon:0.175338

8800-loss_z:10.08564,accu:0.367089,loss_recon:0.349904

9000-loss_z:0.258654,accu:0.959049,loss_recon:0.174764

9000-loss_z:10.380091,accu:0.367089,loss_recon:0.350674

9200-loss_z:0.250945,accu:0.959264,loss_recon:0.175741

9200-loss_z:10.558773,accu:0.367089,loss_recon:0.349915

9400-loss_z:0.246189,accu:0.965365,loss_recon:0.17416

9400-loss_z:10.831447,accu:0.35443,loss_recon:0.362491

9600-loss_z:0.239446,accu:0.964408,loss_recon:0.172456

9600-loss_z:11.00057,accu:0.35443,loss_recon:0.348671

9800-loss_z:0.232395,accu:0.966413,loss_recon:0.173015

9800-loss_z:11.248829,accu:0.35443,loss_recon:0.344667

10000-loss_z:0.223526,accu:0.965358,loss_recon:0.175618

10000-loss_z:11.485608,accu:0.341772,loss_recon:0.346508

10200-loss_z:0.217278,accu:0.968991,loss_recon:0.173381

10200-loss_z:11.704645,accu:0.341772,loss_recon:0.354064

10400-loss_z:0.212008,accu:0.97041,loss_recon:0.171907

10400-loss_z:11.926744,accu:0.367089,loss_recon:0.343797

10600-loss_z:0.204765,accu:0.972865,loss_recon:0.173354

10600-loss_z:12.147314,accu:0.329114,loss_recon:0.354564

10800-loss_z:0.199884,accu:0.973001,loss_recon:0.172457

10800-loss_z:12.369918,accu:0.341772,loss_recon:0.360319

11000-loss_z:0.192063,accu:0.97791,loss_recon:0.171715

11000-loss_z:12.621476,accu:0.35443,loss_recon:0.356264

11200-loss_z:0.186718,accu:0.977682,loss_recon:0.172515

11200-loss_z:12.866752,accu:0.35443,loss_recon:0.357846

11400-loss_z:0.18221,accu:0.980417,loss_recon:0.170167

11400-loss_z:13.089629,accu:0.329114,loss_recon:0.358287

11600-loss_z:0.178213,accu:0.982975,loss_recon:0.173174

11600-loss_z:13.310801,accu:0.341772,loss_recon:0.365605

11800-loss_z:0.169917,accu:0.984603,loss_recon:0.170304

11800-loss_z:13.514696,accu:0.341772,loss_recon:0.366253

12000-loss_z:0.164567,accu:0.986973,loss_recon:0.171893

12000-loss_z:13.773362,accu:0.329114,loss_recon:0.364169

12200-loss_z:0.159552,accu:0.987207,loss_recon:0.171507

12200-loss_z:14.014823,accu:0.341772,loss_recon:0.367795

12400-loss_z:0.154411,accu:0.988346,loss_recon:0.172656

12400-loss_z:14.230442,accu:0.341772,loss_recon:0.366162

12600-loss_z:0.149283,accu:0.989635,loss_recon:0.170392

12600-loss_z:14.473568,accu:0.341772,loss_recon:0.371532

12800-loss_z:0.146849,accu:0.991374,loss_recon:0.17111

12800-loss_z:14.7277,accu:0.341772,loss_recon:0.362905

13000-loss_z:0.140999,accu:0.992376,loss_recon:0.171061

13000-loss_z:14.96205,accu:0.341772,loss_recon:0.364966

13200-loss_z:0.137503,accu:0.991628,loss_recon:0.17162

13200-loss_z:15.229165,accu:0.367089,loss_recon:0.368015

13400-loss_z:0.132672,accu:0.991862,loss_recon:0.170077

13400-loss_z:15.475745,accu:0.316456,loss_recon:0.37522

13600-loss_z:0.127741,accu:0.995299,loss_recon:0.170642

13600-loss_z:15.796671,accu:0.316456,loss_recon:0.369649

13800-loss_z:0.124423,accu:0.997337,loss_recon:0.169908

13800-loss_z:16.115721,accu:0.341772,loss_recon:0.369163

14000-loss_z:0.121113,accu:0.995124,loss_recon:0.170338

14000-loss_z:16.402727,accu:0.35443,loss_recon:0.371672

14200-loss_z:0.11839,accu:0.996497,loss_recon:0.170183

14200-loss_z:16.691826,accu:0.316456,loss_recon:0.372521

14400-loss_z:0.112966,accu:0.998001,loss_recon:0.169539

14400-loss_z:16.94799,accu:0.35443,loss_recon:0.38623

14600-loss_z:0.109365,accu:0.997233,loss_recon:0.169836

14600-loss_z:17.147856,accu:0.35443,loss_recon:0.374663

14800-loss_z:0.106349,accu:0.997728,loss_recon:0.168309

14800-loss_z:17.458199,accu:0.341772,loss_recon:0.371399

15000-loss_z:0.103066,accu:0.997344,loss_recon:0.171422

15000-loss_z:17.711571,accu:0.35443,loss_recon:0.371491

15200-loss_z:0.100318,accu:0.996686,loss_recon:0.16884

15200-loss_z:17.942225,accu:0.35443,loss_recon:0.373966

15400-loss_z:0.09741,accu:0.997148,loss_recon:0.169713

15400-loss_z:18.209761,accu:0.35443,loss_recon:0.380073

15600-loss_z:0.095158,accu:0.998965,loss_recon:0.168817

15600-loss_z:18.452726,accu:0.35443,loss_recon:0.367562

15800-loss_z:0.092693,accu:0.998874,loss_recon:0.168732

15800-loss_z:18.783995,accu:0.367089,loss_recon:0.379345

16000-loss_z:0.08934,accu:0.998809,loss_recon:0.16897

16000-loss_z:19.022217,accu:0.367089,loss_recon:0.382195

16200-loss_z:0.087491,accu:0.999076,loss_recon:0.168293

16200-loss_z:19.247847,accu:0.367089,loss_recon:0.377635

16400-loss_z:0.083482,accu:0.999616,loss_recon:0.167942

16400-loss_z:19.530432,accu:0.367089,loss_recon:0.382694

16600-loss_z:0.079853,accu:0.999225,loss_recon:0.16717

16600-loss_z:19.842443,accu:0.367089,loss_recon:0.374817

16800-loss_z:0.078195,accu:0.999238,loss_recon:0.168843

16800-loss_z:20.04402,accu:0.35443,loss_recon:0.387216

17000-loss_z:0.075805,accu:1.0,loss_recon:0.168919

17000-loss_z:20.406151,accu:0.379747,loss_recon:0.374567

17200-loss_z:0.074313,accu:0.999329,loss_recon:0.168117

17200-loss_z:20.657379,accu:0.367089,loss_recon:0.384897

17400-loss_z:0.071867,accu:0.999518,loss_recon:0.167398

17400-loss_z:20.929317,accu:0.379747,loss_recon:0.378433

17600-loss_z:0.06859,accu:0.999837,loss_recon:0.167011

17600-loss_z:21.215034,accu:0.379747,loss_recon:0.384636

17800-loss_z:0.06698,accu:0.999661,loss_recon:0.169202

17800-loss_z:21.584135,accu:0.379747,loss_recon:0.384926

18000-loss_z:0.065484,accu:0.999694,loss_recon:0.168264

18000-loss_z:21.904001,accu:0.392405,loss_recon:0.384422

18200-loss_z:0.062478,accu:0.999701,loss_recon:0.167313

18200-loss_z:22.251507,accu:0.379747,loss_recon:0.387921

18400-loss_z:0.061173,accu:1.0,loss_recon:0.165449

18400-loss_z:22.575958,accu:0.35443,loss_recon:0.389909

18600-loss_z:0.05804,accu:1.0,loss_recon:0.16728

18600-loss_z:22.871586,accu:0.35443,loss_recon:0.386415

18800-loss_z:0.058051,accu:1.0,loss_recon:0.167666

18800-loss_z:23.227423,accu:0.35443,loss_recon:0.383551

19000-loss_z:0.05521,accu:1.0,loss_recon:0.16738

19000-loss_z:23.568993,accu:0.367089,loss_recon:0.385291

19200-loss_z:0.052983,accu:1.0,loss_recon:0.167532

19200-loss_z:23.884279,accu:0.367089,loss_recon:0.393112

19400-loss_z:0.051689,accu:1.0,loss_recon:0.166618

19400-loss_z:24.262091,accu:0.35443,loss_recon:0.375261

19600-loss_z:0.049641,accu:1.0,loss_recon:0.166417

19600-loss_z:24.572168,accu:0.35443,loss_recon:0.38349

19800-loss_z:0.048365,accu:1.0,loss_recon:0.167111

19800-loss_z:24.927731,accu:0.379747,loss_recon:0.385057

20000-loss_z:0.047267,accu:1.0,loss_recon:0.167014

20000-loss_z:25.267097,accu:0.379747,loss_recon:0.38024

Continue training
New FC model is initialized
200-loss_z:2.557347,accu:0.150102,loss_recon:1.134891

200-loss_z:2.590051,accu:0.063291,loss_recon:0.538906

400-loss_z:1.925772,accu:0.322435,loss_recon:0.40217

400-loss_z:2.422794,accu:0.126582,loss_recon:0.359997

600-loss_z:1.626444,accu:0.443158,loss_recon:0.331185

600-loss_z:2.419798,accu:0.113924,loss_recon:0.331481

800-loss_z:1.449311,accu:0.503997,loss_recon:0.306591

800-loss_z:2.478913,accu:0.164557,loss_recon:0.321708

1000-loss_z:1.317645,accu:0.533008,loss_recon:0.289204

1000-loss_z:2.51629,accu:0.177215,loss_recon:0.324757

1200-loss_z:1.212483,accu:0.564603,loss_recon:0.276959

1200-loss_z:2.529541,accu:0.164557,loss_recon:0.317795

1400-loss_z:1.130689,accu:0.580872,loss_recon:0.261937

1400-loss_z:2.540066,accu:0.202532,loss_recon:0.317565

1600-loss_z:1.062485,accu:0.592865,loss_recon:0.250329

1600-loss_z:2.536534,accu:0.177215,loss_recon:0.31649

1800-loss_z:1.000583,accu:0.615202,loss_recon:0.241966

1800-loss_z:2.526422,accu:0.21519,loss_recon:0.318169

2000-loss_z:0.951691,accu:0.64513,loss_recon:0.225301

2000-loss_z:2.518138,accu:0.240506,loss_recon:0.30672

2200-loss_z:0.904207,accu:0.660794,loss_recon:0.213756

2200-loss_z:2.508949,accu:0.227848,loss_recon:0.318103

2400-loss_z:0.862255,accu:0.680254,loss_recon:0.204095

2400-loss_z:2.513538,accu:0.240506,loss_recon:0.314406

2600-loss_z:0.820046,accu:0.706947,loss_recon:0.200879

2600-loss_z:2.498771,accu:0.253165,loss_recon:0.318302

2800-loss_z:0.787428,accu:0.738841,loss_recon:0.195848

2800-loss_z:2.543176,accu:0.253165,loss_recon:0.314501

3000-loss_z:0.753085,accu:0.758496,loss_recon:0.191976

3000-loss_z:2.532408,accu:0.21519,loss_recon:0.318952

3200-loss_z:0.725606,accu:0.773594,loss_recon:0.190917

3200-loss_z:2.562071,accu:0.21519,loss_recon:0.318354

3400-loss_z:0.697712,accu:0.788184,loss_recon:0.188104

3400-loss_z:2.604465,accu:0.253165,loss_recon:0.321138

3600-loss_z:0.667861,accu:0.803151,loss_recon:0.184102

3600-loss_z:2.671303,accu:0.240506,loss_recon:0.321895

3800-loss_z:0.654908,accu:0.812103,loss_recon:0.184085

3800-loss_z:2.725837,accu:0.227848,loss_recon:0.324157

4000-loss_z:0.628065,accu:0.820254,loss_recon:0.181468

4000-loss_z:2.797765,accu:0.240506,loss_recon:0.328672

4200-loss_z:0.603782,accu:0.834382,loss_recon:0.182382

4200-loss_z:2.875943,accu:0.240506,loss_recon:0.331449

4400-loss_z:0.586952,accu:0.839199,loss_recon:0.17954

4400-loss_z:2.945832,accu:0.253165,loss_recon:0.327873

4600-loss_z:0.571842,accu:0.844089,loss_recon:0.180433

4600-loss_z:3.039158,accu:0.253165,loss_recon:0.33023

4800-loss_z:0.55242,accu:0.846133,loss_recon:0.179741

4800-loss_z:3.110841,accu:0.240506,loss_recon:0.337713

5000-loss_z:0.538898,accu:0.849603,loss_recon:0.17908

5000-loss_z:3.200454,accu:0.240506,loss_recon:0.335656

5200-loss_z:0.521685,accu:0.866445,loss_recon:0.176644

5200-loss_z:3.323594,accu:0.253165,loss_recon:0.34281

5400-loss_z:0.509354,accu:0.863516,loss_recon:0.177546

5400-loss_z:3.391009,accu:0.265823,loss_recon:0.339169

5600-loss_z:0.499085,accu:0.862943,loss_recon:0.177699

5600-loss_z:3.499104,accu:0.253165,loss_recon:0.333836

5800-loss_z:0.480454,accu:0.874746,loss_recon:0.177388

5800-loss_z:3.585587,accu:0.240506,loss_recon:0.333592

6000-loss_z:0.470254,accu:0.873431,loss_recon:0.176406

6000-loss_z:3.705143,accu:0.227848,loss_recon:0.337423

6200-loss_z:0.455975,accu:0.880475,loss_recon:0.174789

6200-loss_z:3.817412,accu:0.227848,loss_recon:0.341931

6400-loss_z:0.445797,accu:0.888236,loss_recon:0.174305

6400-loss_z:3.887285,accu:0.240506,loss_recon:0.343882

6600-loss_z:0.437442,accu:0.893092,loss_recon:0.174264

6600-loss_z:3.985646,accu:0.21519,loss_recon:0.345451

6800-loss_z:0.424743,accu:0.898008,loss_recon:0.173714

6800-loss_z:4.10309,accu:0.253165,loss_recon:0.346097

7000-loss_z:0.411115,accu:0.905215,loss_recon:0.172939

7000-loss_z:4.219321,accu:0.253165,loss_recon:0.345622

7200-loss_z:0.402772,accu:0.911471,loss_recon:0.174527

7200-loss_z:4.282254,accu:0.240506,loss_recon:0.345458

7400-loss_z:0.39514,accu:0.917708,loss_recon:0.17394

7400-loss_z:4.392011,accu:0.240506,loss_recon:0.345211

7600-loss_z:0.386091,accu:0.916895,loss_recon:0.172673

7600-loss_z:4.530412,accu:0.240506,loss_recon:0.344232

7800-loss_z:0.370094,accu:0.928158,loss_recon:0.173067

7800-loss_z:4.637844,accu:0.240506,loss_recon:0.343099

8000-loss_z:0.367131,accu:0.929017,loss_recon:0.172521

8000-loss_z:4.752744,accu:0.253165,loss_recon:0.34827

8200-loss_z:0.356594,accu:0.928822,loss_recon:0.172514

8200-loss_z:4.845808,accu:0.240506,loss_recon:0.345657

8400-loss_z:0.347955,accu:0.935527,loss_recon:0.171391

8400-loss_z:4.97415,accu:0.240506,loss_recon:0.344197

8600-loss_z:0.336153,accu:0.943092,loss_recon:0.172217

8600-loss_z:5.101846,accu:0.253165,loss_recon:0.341939

8800-loss_z:0.328954,accu:0.945,loss_recon:0.170316

8800-loss_z:5.231599,accu:0.227848,loss_recon:0.342666

9000-loss_z:0.32135,accu:0.948164,loss_recon:0.171738

9000-loss_z:5.339005,accu:0.265823,loss_recon:0.347965

9200-loss_z:0.313084,accu:0.954115,loss_recon:0.171618

9200-loss_z:5.495762,accu:0.265823,loss_recon:0.342581

9400-loss_z:0.304944,accu:0.952057,loss_recon:0.171224

9400-loss_z:5.622047,accu:0.240506,loss_recon:0.3398

9600-loss_z:0.298395,accu:0.957155,loss_recon:0.170177

9600-loss_z:5.789122,accu:0.253165,loss_recon:0.342368

9800-loss_z:0.292713,accu:0.960228,loss_recon:0.171123

9800-loss_z:5.920639,accu:0.240506,loss_recon:0.346793

10000-loss_z:0.286708,accu:0.958372,loss_recon:0.170245

10000-loss_z:6.101082,accu:0.240506,loss_recon:0.345483

10200-loss_z:0.276825,accu:0.959518,loss_recon:0.170378

10200-loss_z:6.261569,accu:0.253165,loss_recon:0.34219

10400-loss_z:0.273295,accu:0.959883,loss_recon:0.170023

10400-loss_z:6.408934,accu:0.278481,loss_recon:0.34569

10600-loss_z:0.266872,accu:0.964368,loss_recon:0.170415

10600-loss_z:6.599476,accu:0.265823,loss_recon:0.34051

10800-loss_z:0.257813,accu:0.966829,loss_recon:0.169237

10800-loss_z:6.728813,accu:0.265823,loss_recon:0.344788

11000-loss_z:0.250706,accu:0.967194,loss_recon:0.169093

11000-loss_z:6.938673,accu:0.265823,loss_recon:0.341508

11200-loss_z:0.246013,accu:0.967839,loss_recon:0.169187

11200-loss_z:7.107058,accu:0.265823,loss_recon:0.341098

11400-loss_z:0.237749,accu:0.969206,loss_recon:0.165667

11400-loss_z:7.300873,accu:0.278481,loss_recon:0.338381

11600-loss_z:0.232321,accu:0.96972,loss_recon:0.167852

11600-loss_z:7.455936,accu:0.278481,loss_recon:0.342278

11800-loss_z:0.231006,accu:0.966556,loss_recon:0.167107

11800-loss_z:7.672896,accu:0.265823,loss_recon:0.344544

12000-loss_z:0.222324,accu:0.971022,loss_recon:0.167313

12000-loss_z:7.847819,accu:0.253165,loss_recon:0.350881

12200-loss_z:0.218291,accu:0.970358,loss_recon:0.167913

12200-loss_z:8.026305,accu:0.265823,loss_recon:0.355123

12400-loss_z:0.210633,accu:0.976986,loss_recon:0.166285

12400-loss_z:8.175823,accu:0.278481,loss_recon:0.349148

12600-loss_z:0.20722,accu:0.975176,loss_recon:0.165947

12600-loss_z:8.388627,accu:0.278481,loss_recon:0.348604

12800-loss_z:0.204888,accu:0.973164,loss_recon:0.166353

12800-loss_z:8.528692,accu:0.291139,loss_recon:0.343882

13000-loss_z:0.197493,accu:0.975964,loss_recon:0.165658

13000-loss_z:8.783459,accu:0.278481,loss_recon:0.340829

13200-loss_z:0.194036,accu:0.977194,loss_recon:0.166694

13200-loss_z:8.969572,accu:0.291139,loss_recon:0.348538

13400-loss_z:0.185423,accu:0.978464,loss_recon:0.164618

13400-loss_z:9.180634,accu:0.278481,loss_recon:0.341876

13600-loss_z:0.18299,accu:0.978848,loss_recon:0.164958

13600-loss_z:9.343724,accu:0.265823,loss_recon:0.344958

13800-loss_z:0.179112,accu:0.978438,loss_recon:0.166623

13800-loss_z:9.531452,accu:0.291139,loss_recon:0.346069

14000-loss_z:0.173298,accu:0.980807,loss_recon:0.165154

14000-loss_z:9.713115,accu:0.291139,loss_recon:0.35217

14200-loss_z:0.171173,accu:0.97847,loss_recon:0.164263

14200-loss_z:9.859484,accu:0.278481,loss_recon:0.342488

14400-loss_z:0.164237,accu:0.983385,loss_recon:0.164263

14400-loss_z:10.00156,accu:0.265823,loss_recon:0.355146

14600-loss_z:0.161833,accu:0.978926,loss_recon:0.16493

14600-loss_z:10.140217,accu:0.265823,loss_recon:0.345991

14800-loss_z:0.158402,accu:0.98013,loss_recon:0.16439

14800-loss_z:10.24306,accu:0.265823,loss_recon:0.348085

15000-loss_z:0.154429,accu:0.979128,loss_recon:0.163151

15000-loss_z:10.423781,accu:0.253165,loss_recon:0.345136

15200-loss_z:0.150123,accu:0.981263,loss_recon:0.164325

15200-loss_z:10.526927,accu:0.278481,loss_recon:0.346896

15400-loss_z:0.149382,accu:0.977031,loss_recon:0.163806

15400-loss_z:10.679202,accu:0.265823,loss_recon:0.348606

15600-loss_z:0.143948,accu:0.979531,loss_recon:0.162516

15600-loss_z:10.882541,accu:0.253165,loss_recon:0.351179

15800-loss_z:0.140537,accu:0.980072,loss_recon:0.163845

15800-loss_z:11.019018,accu:0.265823,loss_recon:0.346385

16000-loss_z:0.139491,accu:0.978913,loss_recon:0.164713

16000-loss_z:11.17551,accu:0.265823,loss_recon:0.338687

16200-loss_z:0.132285,accu:0.981947,loss_recon:0.164642

16200-loss_z:11.410735,accu:0.253165,loss_recon:0.344688

16400-loss_z:0.131949,accu:0.979785,loss_recon:0.162916

16400-loss_z:11.539809,accu:0.265823,loss_recon:0.352489

16600-loss_z:0.126918,accu:0.979661,loss_recon:0.162846

16600-loss_z:11.653135,accu:0.265823,loss_recon:0.344976

16800-loss_z:0.124953,accu:0.980677,loss_recon:0.163084

16800-loss_z:11.795005,accu:0.265823,loss_recon:0.34561

17000-loss_z:0.12276,accu:0.980566,loss_recon:0.162772

17000-loss_z:11.943426,accu:0.265823,loss_recon:0.351724

17200-loss_z:0.120964,accu:0.980124,loss_recon:0.164043

17200-loss_z:12.091282,accu:0.253165,loss_recon:0.344043

17400-loss_z:0.117816,accu:0.980794,loss_recon:0.163292

17400-loss_z:12.186961,accu:0.278481,loss_recon:0.34439

17600-loss_z:0.117414,accu:0.979453,loss_recon:0.163217

17600-loss_z:12.326745,accu:0.278481,loss_recon:0.34772

17800-loss_z:0.112126,accu:0.981706,loss_recon:0.161531

17800-loss_z:12.412755,accu:0.265823,loss_recon:0.349569

18000-loss_z:0.110832,accu:0.980293,loss_recon:0.163128

18000-loss_z:12.537958,accu:0.278481,loss_recon:0.345062

18200-loss_z:0.111061,accu:0.980117,loss_recon:0.166392

18200-loss_z:12.669805,accu:0.278481,loss_recon:0.352814

18400-loss_z:0.107295,accu:0.979388,loss_recon:0.16192

18400-loss_z:12.76697,accu:0.278481,loss_recon:0.349017

18600-loss_z:0.10357,accu:0.980267,loss_recon:0.161289

18600-loss_z:12.828439,accu:0.291139,loss_recon:0.351048

18800-loss_z:0.100262,accu:0.981178,loss_recon:0.161468

18800-loss_z:12.931403,accu:0.265823,loss_recon:0.345624

19000-loss_z:0.100256,accu:0.980742,loss_recon:0.162563

19000-loss_z:13.085173,accu:0.265823,loss_recon:0.355513

19200-loss_z:0.097972,accu:0.980579,loss_recon:0.162876

19200-loss_z:13.282231,accu:0.265823,loss_recon:0.350652

19400-loss_z:0.095819,accu:0.980247,loss_recon:0.162447

19400-loss_z:13.4043,accu:0.265823,loss_recon:0.346624

19600-loss_z:0.094727,accu:0.98002,loss_recon:0.161798

19600-loss_z:13.502822,accu:0.278481,loss_recon:0.349964

19800-loss_z:0.092946,accu:0.980091,loss_recon:0.163313

19800-loss_z:13.649182,accu:0.278481,loss_recon:0.350635

20000-loss_z:0.090319,accu:0.980514,loss_recon:0.162071

20000-loss_z:13.754962,accu:0.265823,loss_recon:0.354002

Continue training
New FC model is initialized
200-loss_z:2.554574,accu:0.166479,loss_recon:1.215918

200-loss_z:2.541345,accu:0.088608,loss_recon:0.488235

400-loss_z:1.918698,accu:0.351842,loss_recon:0.386375

400-loss_z:2.423362,accu:0.088608,loss_recon:0.344766

600-loss_z:1.623671,accu:0.464186,loss_recon:0.297109

600-loss_z:2.434942,accu:0.189873,loss_recon:0.320105

800-loss_z:1.448638,accu:0.525091,loss_recon:0.269538

800-loss_z:2.465686,accu:0.253165,loss_recon:0.307267

1000-loss_z:1.305719,accu:0.57638,loss_recon:0.255948

1000-loss_z:2.522665,accu:0.202532,loss_recon:0.311731

1200-loss_z:1.194157,accu:0.593724,loss_recon:0.246107

1200-loss_z:2.571889,accu:0.202532,loss_recon:0.311708

1400-loss_z:1.099522,accu:0.628288,loss_recon:0.241379

1400-loss_z:2.618803,accu:0.240506,loss_recon:0.3062

1600-loss_z:1.0226,accu:0.65528,loss_recon:0.232578

1600-loss_z:2.677238,accu:0.21519,loss_recon:0.301499

1800-loss_z:0.955319,accu:0.677155,loss_recon:0.226194

1800-loss_z:2.756419,accu:0.21519,loss_recon:0.306602

2000-loss_z:0.89933,accu:0.683835,loss_recon:0.225779

2000-loss_z:2.850406,accu:0.21519,loss_recon:0.305194

2200-loss_z:0.847352,accu:0.718242,loss_recon:0.220705

2200-loss_z:2.961608,accu:0.253165,loss_recon:0.314493

2400-loss_z:0.807429,accu:0.733574,loss_recon:0.218366

2400-loss_z:3.047933,accu:0.253165,loss_recon:0.310737

2600-loss_z:0.766594,accu:0.757604,loss_recon:0.214141

2600-loss_z:3.171335,accu:0.227848,loss_recon:0.306969

2800-loss_z:0.728174,accu:0.76099,loss_recon:0.21177

2800-loss_z:3.333374,accu:0.240506,loss_recon:0.311969

3000-loss_z:0.693838,accu:0.772227,loss_recon:0.21

3000-loss_z:3.458903,accu:0.278481,loss_recon:0.31141

3200-loss_z:0.668649,accu:0.78793,loss_recon:0.208824

3200-loss_z:3.642157,accu:0.253165,loss_recon:0.315691

3400-loss_z:0.640498,accu:0.795729,loss_recon:0.208091

3400-loss_z:3.832196,accu:0.265823,loss_recon:0.321375

3600-loss_z:0.617227,accu:0.802624,loss_recon:0.203096

3600-loss_z:4.019644,accu:0.240506,loss_recon:0.3171

3800-loss_z:0.587433,accu:0.818431,loss_recon:0.20261

3800-loss_z:4.220887,accu:0.265823,loss_recon:0.320721

4000-loss_z:0.570698,accu:0.825892,loss_recon:0.200859

4000-loss_z:4.420942,accu:0.278481,loss_recon:0.321457

4200-loss_z:0.552492,accu:0.832305,loss_recon:0.199809

4200-loss_z:4.619965,accu:0.278481,loss_recon:0.322783

4400-loss_z:0.53341,accu:0.838965,loss_recon:0.199732

4400-loss_z:4.880411,accu:0.265823,loss_recon:0.322287

4600-loss_z:0.51854,accu:0.840814,loss_recon:0.197465

4600-loss_z:5.071765,accu:0.265823,loss_recon:0.319525

4800-loss_z:0.500661,accu:0.844714,loss_recon:0.196436

4800-loss_z:5.307785,accu:0.278481,loss_recon:0.316504

5000-loss_z:0.48542,accu:0.851842,loss_recon:0.194012

5000-loss_z:5.524386,accu:0.291139,loss_recon:0.318361

5200-loss_z:0.473514,accu:0.857461,loss_recon:0.192594

5200-loss_z:5.775591,accu:0.291139,loss_recon:0.329439

5400-loss_z:0.464517,accu:0.862311,loss_recon:0.191444

5400-loss_z:6.002764,accu:0.316456,loss_recon:0.323121

5600-loss_z:0.451622,accu:0.86526,loss_recon:0.191724

5600-loss_z:6.214625,accu:0.278481,loss_recon:0.322538

5800-loss_z:0.438913,accu:0.869993,loss_recon:0.190506

5800-loss_z:6.466614,accu:0.303797,loss_recon:0.33352

6000-loss_z:0.428293,accu:0.87181,loss_recon:0.189816

6000-loss_z:6.712487,accu:0.291139,loss_recon:0.324932

6200-loss_z:0.417552,accu:0.871563,loss_recon:0.188454

6200-loss_z:6.962153,accu:0.303797,loss_recon:0.331892

6400-loss_z:0.408824,accu:0.876133,loss_recon:0.188044

6400-loss_z:7.198204,accu:0.291139,loss_recon:0.334526

6600-loss_z:0.398117,accu:0.88013,loss_recon:0.186133

6600-loss_z:7.423156,accu:0.291139,loss_recon:0.330696

6800-loss_z:0.390288,accu:0.881478,loss_recon:0.184325

6800-loss_z:7.697163,accu:0.291139,loss_recon:0.33013

7000-loss_z:0.382076,accu:0.887539,loss_recon:0.18419

7000-loss_z:7.948084,accu:0.291139,loss_recon:0.333618

7200-loss_z:0.375349,accu:0.88862,loss_recon:0.184294

7200-loss_z:8.140108,accu:0.329114,loss_recon:0.329759

7400-loss_z:0.364006,accu:0.887969,loss_recon:0.182648

7400-loss_z:8.394874,accu:0.341772,loss_recon:0.337079

7600-loss_z:0.357983,accu:0.888333,loss_recon:0.18224

7600-loss_z:8.61836,accu:0.303797,loss_recon:0.339345

7800-loss_z:0.349975,accu:0.889479,loss_recon:0.181311

7800-loss_z:8.837965,accu:0.329114,loss_recon:0.341619

8000-loss_z:0.349667,accu:0.88765,loss_recon:0.183359

8000-loss_z:9.064835,accu:0.341772,loss_recon:0.338027

8200-loss_z:0.340637,accu:0.892129,loss_recon:0.178274

8200-loss_z:9.305253,accu:0.379747,loss_recon:0.342466

8400-loss_z:0.329325,accu:0.900417,loss_recon:0.178412

8400-loss_z:9.576216,accu:0.329114,loss_recon:0.345294

8600-loss_z:0.32395,accu:0.900573,loss_recon:0.177853

8600-loss_z:9.821332,accu:0.341772,loss_recon:0.360719

8800-loss_z:0.317887,accu:0.898802,loss_recon:0.17834

8800-loss_z:10.059071,accu:0.316456,loss_recon:0.342856

9000-loss_z:0.311809,accu:0.905742,loss_recon:0.17706

9000-loss_z:10.286048,accu:0.341772,loss_recon:0.350293

9200-loss_z:0.309617,accu:0.905579,loss_recon:0.178208

9200-loss_z:10.538007,accu:0.341772,loss_recon:0.347269

9400-loss_z:0.300836,accu:0.910677,loss_recon:0.175086

9400-loss_z:10.801247,accu:0.341772,loss_recon:0.34946

9600-loss_z:0.292563,accu:0.909069,loss_recon:0.176072

9600-loss_z:11.027632,accu:0.35443,loss_recon:0.352017

9800-loss_z:0.290762,accu:0.911107,loss_recon:0.177062

9800-loss_z:11.265306,accu:0.35443,loss_recon:0.357528

10000-loss_z:0.28027,accu:0.920508,loss_recon:0.173893

10000-loss_z:11.512838,accu:0.316456,loss_recon:0.352449

10200-loss_z:0.281137,accu:0.91252,loss_recon:0.174199

10200-loss_z:11.789436,accu:0.35443,loss_recon:0.348857

10400-loss_z:0.275149,accu:0.918809,loss_recon:0.173579

10400-loss_z:12.064818,accu:0.329114,loss_recon:0.358409

10600-loss_z:0.269105,accu:0.919792,loss_recon:0.173189

10600-loss_z:12.321224,accu:0.341772,loss_recon:0.353855

10800-loss_z:0.263958,accu:0.923053,loss_recon:0.171972

10800-loss_z:12.623359,accu:0.329114,loss_recon:0.362842

11000-loss_z:0.258796,accu:0.923796,loss_recon:0.171066

11000-loss_z:12.896798,accu:0.316456,loss_recon:0.362223

11200-loss_z:0.263454,accu:0.925352,loss_recon:0.171744

11200-loss_z:13.183314,accu:0.329114,loss_recon:0.357171

11400-loss_z:0.254659,accu:0.926927,loss_recon:0.171552

11400-loss_z:13.401114,accu:0.316456,loss_recon:0.356636

11600-loss_z:0.251126,accu:0.92832,loss_recon:0.171883

11600-loss_z:13.695875,accu:0.316456,loss_recon:0.360275

11800-loss_z:0.242948,accu:0.933978,loss_recon:0.170494

11800-loss_z:13.965103,accu:0.303797,loss_recon:0.352981

12000-loss_z:0.242418,accu:0.930039,loss_recon:0.170949

12000-loss_z:14.266385,accu:0.316456,loss_recon:0.356323

12200-loss_z:0.233692,accu:0.939212,loss_recon:0.169456

12200-loss_z:14.52203,accu:0.329114,loss_recon:0.364782

12400-loss_z:0.22769,accu:0.94112,loss_recon:0.17196

12400-loss_z:14.832127,accu:0.303797,loss_recon:0.360429

12600-loss_z:0.229369,accu:0.940273,loss_recon:0.169468

12600-loss_z:15.064603,accu:0.316456,loss_recon:0.356355

12800-loss_z:0.222549,accu:0.94556,loss_recon:0.169631

12800-loss_z:15.389882,accu:0.316456,loss_recon:0.36755

13000-loss_z:0.220905,accu:0.945189,loss_recon:0.168727

13000-loss_z:15.67836,accu:0.329114,loss_recon:0.361125

13200-loss_z:0.215172,accu:0.946439,loss_recon:0.169919

13200-loss_z:15.975759,accu:0.303797,loss_recon:0.370052

13400-loss_z:0.212502,accu:0.950762,loss_recon:0.167656

13400-loss_z:16.270815,accu:0.316456,loss_recon:0.362848

13600-loss_z:0.206291,accu:0.950892,loss_recon:0.168965

13600-loss_z:16.58766,accu:0.316456,loss_recon:0.363873

13800-loss_z:0.204618,accu:0.950775,loss_recon:0.170853

13800-loss_z:16.880224,accu:0.316456,loss_recon:0.362103

14000-loss_z:0.199512,accu:0.953965,loss_recon:0.168573

14000-loss_z:17.177795,accu:0.329114,loss_recon:0.36456

14200-loss_z:0.202653,accu:0.949792,loss_recon:0.168761

14200-loss_z:17.521317,accu:0.303797,loss_recon:0.366227

14400-loss_z:0.193274,accu:0.958965,loss_recon:0.16791

14400-loss_z:17.899475,accu:0.291139,loss_recon:0.36854

14600-loss_z:0.186389,accu:0.965944,loss_recon:0.167712

14600-loss_z:18.258699,accu:0.291139,loss_recon:0.360987

14800-loss_z:0.184031,accu:0.969076,loss_recon:0.167734

14800-loss_z:18.66897,accu:0.291139,loss_recon:0.370371

15000-loss_z:0.178719,accu:0.973203,loss_recon:0.167195

15000-loss_z:19.047899,accu:0.303797,loss_recon:0.365054

15200-loss_z:0.174967,accu:0.975527,loss_recon:0.167252

15200-loss_z:19.455126,accu:0.291139,loss_recon:0.362449

15400-loss_z:0.170328,accu:0.974746,loss_recon:0.167739

15400-loss_z:19.805302,accu:0.291139,loss_recon:0.365433

15600-loss_z:0.166171,accu:0.978145,loss_recon:0.165303

15600-loss_z:20.158257,accu:0.291139,loss_recon:0.371866

15800-loss_z:0.16278,accu:0.978613,loss_recon:0.166336

15800-loss_z:20.553953,accu:0.291139,loss_recon:0.364723

16000-loss_z:0.161122,accu:0.98207,loss_recon:0.166694

16000-loss_z:20.934153,accu:0.303797,loss_recon:0.363817

16200-loss_z:0.155991,accu:0.981211,loss_recon:0.168041

16200-loss_z:21.313747,accu:0.303797,loss_recon:0.369325

16400-loss_z:0.15393,accu:0.983411,loss_recon:0.165438

16400-loss_z:21.660465,accu:0.291139,loss_recon:0.371657

16600-loss_z:0.153595,accu:0.983991,loss_recon:0.167041

16600-loss_z:22.034403,accu:0.303797,loss_recon:0.366517

16800-loss_z:0.147843,accu:0.985553,loss_recon:0.166808

16800-loss_z:22.512081,accu:0.291139,loss_recon:0.373588

17000-loss_z:0.144466,accu:0.985879,loss_recon:0.168265

17000-loss_z:22.916964,accu:0.303797,loss_recon:0.380743

17200-loss_z:0.143127,accu:0.986947,loss_recon:0.166642

17200-loss_z:23.338097,accu:0.303797,loss_recon:0.372874

17400-loss_z:0.140761,accu:0.986602,loss_recon:0.164948

17400-loss_z:23.821733,accu:0.303797,loss_recon:0.382424

17600-loss_z:0.136665,accu:0.989935,loss_recon:0.164478

17600-loss_z:24.269073,accu:0.316456,loss_recon:0.377785

17800-loss_z:0.133572,accu:0.988874,loss_recon:0.166568

17800-loss_z:24.705452,accu:0.303797,loss_recon:0.382913

18000-loss_z:0.133064,accu:0.988086,loss_recon:0.167066

18000-loss_z:25.13217,accu:0.316456,loss_recon:0.374034

18200-loss_z:0.128362,accu:0.989284,loss_recon:0.166071

18200-loss_z:25.646301,accu:0.316456,loss_recon:0.382178

18400-loss_z:0.125154,accu:0.98946,loss_recon:0.166046

18400-loss_z:26.12645,accu:0.303797,loss_recon:0.374269

18600-loss_z:0.12457,accu:0.987767,loss_recon:0.164552

18600-loss_z:26.577185,accu:0.303797,loss_recon:0.379694

18800-loss_z:0.1211,accu:0.988698,loss_recon:0.163501

18800-loss_z:27.022312,accu:0.316456,loss_recon:0.378108

19000-loss_z:0.118813,accu:0.989876,loss_recon:0.163418

19000-loss_z:27.536911,accu:0.303797,loss_recon:0.384613

19200-loss_z:0.11748,accu:0.990788,loss_recon:0.162871

19200-loss_z:27.960285,accu:0.316456,loss_recon:0.374297

19400-loss_z:0.11503,accu:0.988691,loss_recon:0.163738

19400-loss_z:28.454321,accu:0.291139,loss_recon:0.376298

19600-loss_z:0.111202,accu:0.988757,loss_recon:0.161664

19600-loss_z:28.920815,accu:0.316456,loss_recon:0.391072

19800-loss_z:0.108934,accu:0.991432,loss_recon:0.161695

19800-loss_z:29.369514,accu:0.303797,loss_recon:0.379843

20000-loss_z:0.107511,accu:0.992188,loss_recon:0.16233

20000-loss_z:29.797766,accu:0.316456,loss_recon:0.390986

Continue training
New FC model is initialized
200-loss_z:2.571487,accu:0.165008,loss_recon:1.249809

200-loss_z:2.721751,accu:0.113924,loss_recon:0.583796

400-loss_z:1.912718,accu:0.334388,loss_recon:0.416402

400-loss_z:2.61354,accu:0.101266,loss_recon:0.405894

600-loss_z:1.615525,accu:0.409883,loss_recon:0.315663

600-loss_z:2.610456,accu:0.101266,loss_recon:0.357599

800-loss_z:1.429692,accu:0.46875,loss_recon:0.281746

800-loss_z:2.605792,accu:0.126582,loss_recon:0.335629

1000-loss_z:1.30072,accu:0.53196,loss_recon:0.261496

1000-loss_z:2.590797,accu:0.151899,loss_recon:0.327652

1200-loss_z:1.192689,accu:0.595117,loss_recon:0.248726

1200-loss_z:2.610531,accu:0.139241,loss_recon:0.326003

1400-loss_z:1.10388,accu:0.631172,loss_recon:0.237461

1400-loss_z:2.694661,accu:0.151899,loss_recon:0.329499

1600-loss_z:1.030575,accu:0.652988,loss_recon:0.229651

1600-loss_z:2.784961,accu:0.189873,loss_recon:0.33507

1800-loss_z:0.970514,accu:0.681491,loss_recon:0.221648

1800-loss_z:2.848576,accu:0.189873,loss_recon:0.332968

2000-loss_z:0.917605,accu:0.707539,loss_recon:0.218293

2000-loss_z:2.9325,accu:0.189873,loss_recon:0.342908

2200-loss_z:0.870869,accu:0.718815,loss_recon:0.213928

2200-loss_z:3.018724,accu:0.227848,loss_recon:0.342573

2400-loss_z:0.828413,accu:0.72959,loss_recon:0.207424

2400-loss_z:3.061354,accu:0.227848,loss_recon:0.344202

2600-loss_z:0.784952,accu:0.759948,loss_recon:0.202135

2600-loss_z:3.106808,accu:0.240506,loss_recon:0.347797

2800-loss_z:0.75645,accu:0.761771,loss_recon:0.199751

2800-loss_z:3.145239,accu:0.240506,loss_recon:0.343412

3000-loss_z:0.727789,accu:0.77793,loss_recon:0.196699

3000-loss_z:3.17453,accu:0.240506,loss_recon:0.349477

3200-loss_z:0.697759,accu:0.775762,loss_recon:0.193809

3200-loss_z:3.232736,accu:0.227848,loss_recon:0.356363

3400-loss_z:0.670897,accu:0.797904,loss_recon:0.190459

3400-loss_z:3.277338,accu:0.240506,loss_recon:0.355923

3600-loss_z:0.648206,accu:0.809915,loss_recon:0.189252

3600-loss_z:3.378008,accu:0.253165,loss_recon:0.348007

3800-loss_z:0.62241,accu:0.81127,loss_recon:0.186325

3800-loss_z:3.453555,accu:0.265823,loss_recon:0.350706

4000-loss_z:0.596772,accu:0.828542,loss_recon:0.187654

4000-loss_z:3.529753,accu:0.303797,loss_recon:0.355544

4200-loss_z:0.572202,accu:0.849538,loss_recon:0.185944

4200-loss_z:3.646566,accu:0.291139,loss_recon:0.355424

4400-loss_z:0.54859,accu:0.845358,loss_recon:0.184214

4400-loss_z:3.786415,accu:0.291139,loss_recon:0.372751

4600-loss_z:0.53119,accu:0.851061,loss_recon:0.18392

4600-loss_z:3.914053,accu:0.303797,loss_recon:0.363676

4800-loss_z:0.511172,accu:0.867096,loss_recon:0.182804

4800-loss_z:4.093318,accu:0.341772,loss_recon:0.368835

5000-loss_z:0.495647,accu:0.869831,loss_recon:0.182551

5000-loss_z:4.278022,accu:0.303797,loss_recon:0.361171

5200-loss_z:0.473031,accu:0.880182,loss_recon:0.18077

5200-loss_z:4.471257,accu:0.316456,loss_recon:0.368934

5400-loss_z:0.463334,accu:0.880742,loss_recon:0.181284

5400-loss_z:4.672476,accu:0.341772,loss_recon:0.378387

5600-loss_z:0.451678,accu:0.892324,loss_recon:0.180861

5600-loss_z:4.885833,accu:0.341772,loss_recon:0.3697

5800-loss_z:0.434542,accu:0.896074,loss_recon:0.180497

5800-loss_z:5.131055,accu:0.316456,loss_recon:0.368903

6000-loss_z:0.424594,accu:0.897083,loss_recon:0.178269

6000-loss_z:5.374001,accu:0.316456,loss_recon:0.369273

6200-loss_z:0.407497,accu:0.905436,loss_recon:0.179216

6200-loss_z:5.636673,accu:0.329114,loss_recon:0.36445

6400-loss_z:0.393895,accu:0.905924,loss_recon:0.179102

6400-loss_z:5.954425,accu:0.35443,loss_recon:0.367384

6600-loss_z:0.384772,accu:0.906009,loss_recon:0.177331

6600-loss_z:6.204323,accu:0.303797,loss_recon:0.379245

6800-loss_z:0.3733,accu:0.91112,loss_recon:0.180062

6800-loss_z:6.491069,accu:0.316456,loss_recon:0.364266

7000-loss_z:0.363076,accu:0.918704,loss_recon:0.176516

7000-loss_z:6.774024,accu:0.329114,loss_recon:0.364628

7200-loss_z:0.35167,accu:0.917813,loss_recon:0.177054

7200-loss_z:7.064753,accu:0.341772,loss_recon:0.369533

7400-loss_z:0.340563,accu:0.925755,loss_recon:0.180451

7400-loss_z:7.312082,accu:0.329114,loss_recon:0.374159

7600-loss_z:0.336172,accu:0.927702,loss_recon:0.178456

7600-loss_z:7.598453,accu:0.341772,loss_recon:0.376614

7800-loss_z:0.324264,accu:0.931973,loss_recon:0.176135

7800-loss_z:7.965474,accu:0.329114,loss_recon:0.370849

8000-loss_z:0.31727,accu:0.934616,loss_recon:0.178449

8000-loss_z:8.281907,accu:0.316456,loss_recon:0.371475

8200-loss_z:0.306868,accu:0.93696,loss_recon:0.176605

8200-loss_z:8.625093,accu:0.329114,loss_recon:0.369812

8400-loss_z:0.299913,accu:0.937064,loss_recon:0.174941

8400-loss_z:8.966695,accu:0.303797,loss_recon:0.368131

8600-loss_z:0.293949,accu:0.937467,loss_recon:0.17522

8600-loss_z:9.285431,accu:0.316456,loss_recon:0.375135

8800-loss_z:0.284939,accu:0.943053,loss_recon:0.176817

8800-loss_z:9.617292,accu:0.329114,loss_recon:0.373597

9000-loss_z:0.279208,accu:0.948828,loss_recon:0.177676

9000-loss_z:9.947178,accu:0.329114,loss_recon:0.372666

9200-loss_z:0.268679,accu:0.950592,loss_recon:0.174708

9200-loss_z:10.312164,accu:0.291139,loss_recon:0.376201

9400-loss_z:0.261725,accu:0.951563,loss_recon:0.175445

9400-loss_z:10.643284,accu:0.303797,loss_recon:0.380955

9600-loss_z:0.258664,accu:0.955124,loss_recon:0.173626

9600-loss_z:10.99426,accu:0.278481,loss_recon:0.375807

9800-loss_z:0.249181,accu:0.955052,loss_recon:0.172207

9800-loss_z:11.329314,accu:0.329114,loss_recon:0.371855

10000-loss_z:0.244568,accu:0.959857,loss_recon:0.174411

10000-loss_z:11.678355,accu:0.316456,loss_recon:0.383199

10200-loss_z:0.236732,accu:0.958704,loss_recon:0.172429

10200-loss_z:12.054125,accu:0.316456,loss_recon:0.375415

10400-loss_z:0.233516,accu:0.964642,loss_recon:0.175041

10400-loss_z:12.453763,accu:0.291139,loss_recon:0.37679

10600-loss_z:0.225425,accu:0.964232,loss_recon:0.173725

10600-loss_z:12.779317,accu:0.341772,loss_recon:0.371991

10800-loss_z:0.222262,accu:0.963138,loss_recon:0.171224

10800-loss_z:13.178267,accu:0.316456,loss_recon:0.373104

11000-loss_z:0.214754,accu:0.968542,loss_recon:0.170236

11000-loss_z:13.55262,accu:0.303797,loss_recon:0.376675

11200-loss_z:0.210558,accu:0.97416,loss_recon:0.167481

11200-loss_z:13.902683,accu:0.316456,loss_recon:0.381211

11400-loss_z:0.20617,accu:0.975319,loss_recon:0.166091

11400-loss_z:14.302069,accu:0.316456,loss_recon:0.383907

11600-loss_z:0.199994,accu:0.975924,loss_recon:0.164138

11600-loss_z:14.691775,accu:0.329114,loss_recon:0.380193

11800-loss_z:0.194136,accu:0.976009,loss_recon:0.164592

11800-loss_z:15.124926,accu:0.303797,loss_recon:0.385107

12000-loss_z:0.188571,accu:0.980605,loss_recon:0.165471

12000-loss_z:15.529476,accu:0.316456,loss_recon:0.390002

12200-loss_z:0.185837,accu:0.979219,loss_recon:0.164549

12200-loss_z:15.885737,accu:0.316456,loss_recon:0.394186

12400-loss_z:0.182999,accu:0.981074,loss_recon:0.163648

12400-loss_z:16.298903,accu:0.316456,loss_recon:0.383496

12600-loss_z:0.176033,accu:0.981191,loss_recon:0.163074

12600-loss_z:16.699337,accu:0.316456,loss_recon:0.382007

12800-loss_z:0.17098,accu:0.984141,loss_recon:0.163596

12800-loss_z:17.132742,accu:0.341772,loss_recon:0.380312

13000-loss_z:0.168072,accu:0.98457,loss_recon:0.163492

13000-loss_z:17.521765,accu:0.316456,loss_recon:0.377959

13200-loss_z:0.165496,accu:0.984876,loss_recon:0.162824

13200-loss_z:17.931608,accu:0.316456,loss_recon:0.386517

13400-loss_z:0.160553,accu:0.985534,loss_recon:0.162124

13400-loss_z:18.370783,accu:0.303797,loss_recon:0.383311

13600-loss_z:0.15398,accu:0.987051,loss_recon:0.161837

13600-loss_z:18.787952,accu:0.316456,loss_recon:0.398079

13800-loss_z:0.152015,accu:0.986198,loss_recon:0.16067

13800-loss_z:19.252174,accu:0.316456,loss_recon:0.393779

14000-loss_z:0.148239,accu:0.987526,loss_recon:0.161867

14000-loss_z:19.641336,accu:0.303797,loss_recon:0.392804

14200-loss_z:0.143541,accu:0.987598,loss_recon:0.16113

14200-loss_z:20.078249,accu:0.316456,loss_recon:0.393028

14400-loss_z:0.141332,accu:0.988737,loss_recon:0.15914

14400-loss_z:20.530174,accu:0.316456,loss_recon:0.391748

14600-loss_z:0.136543,accu:0.988757,loss_recon:0.162246

14600-loss_z:20.968565,accu:0.316456,loss_recon:0.38813

14800-loss_z:0.132485,accu:0.987617,loss_recon:0.159944

14800-loss_z:21.398079,accu:0.291139,loss_recon:0.391444

15000-loss_z:0.1329,accu:0.990358,loss_recon:0.159705

15000-loss_z:21.826185,accu:0.316456,loss_recon:0.38438

15200-loss_z:0.127843,accu:0.991094,loss_recon:0.160539

15200-loss_z:22.207012,accu:0.303797,loss_recon:0.389629

15400-loss_z:0.123958,accu:0.991387,loss_recon:0.158601

15400-loss_z:22.680197,accu:0.316456,loss_recon:0.397039

15600-loss_z:0.121712,accu:0.990299,loss_recon:0.158872

15600-loss_z:23.084167,accu:0.316456,loss_recon:0.394031

15800-loss_z:0.118728,accu:0.99349,loss_recon:0.15734

15800-loss_z:23.532408,accu:0.303797,loss_recon:0.389563

16000-loss_z:0.115732,accu:0.993158,loss_recon:0.158073

16000-loss_z:23.999737,accu:0.316456,loss_recon:0.398848

16200-loss_z:0.11401,accu:0.993913,loss_recon:0.158877

16200-loss_z:24.432312,accu:0.303797,loss_recon:0.403191

16400-loss_z:0.11154,accu:0.993704,loss_recon:0.157999

16400-loss_z:24.90066,accu:0.316456,loss_recon:0.401798

16600-loss_z:0.107528,accu:0.993822,loss_recon:0.15774

16600-loss_z:25.311262,accu:0.316456,loss_recon:0.397543

16800-loss_z:0.104076,accu:0.993802,loss_recon:0.157912

16800-loss_z:25.800451,accu:0.303797,loss_recon:0.41058

17000-loss_z:0.10175,accu:0.995026,loss_recon:0.158761

17000-loss_z:26.218824,accu:0.303797,loss_recon:0.386307

17200-loss_z:0.100728,accu:0.994577,loss_recon:0.157901

17200-loss_z:26.706091,accu:0.303797,loss_recon:0.388783

17400-loss_z:0.097264,accu:0.995189,loss_recon:0.158732

17400-loss_z:27.217867,accu:0.303797,loss_recon:0.401937

17600-loss_z:0.096397,accu:0.996224,loss_recon:0.158122

17600-loss_z:27.732267,accu:0.316456,loss_recon:0.39642

17800-loss_z:0.093149,accu:0.995723,loss_recon:0.15695

17800-loss_z:28.142776,accu:0.316456,loss_recon:0.398028

18000-loss_z:0.090481,accu:0.995625,loss_recon:0.156737

18000-loss_z:28.593655,accu:0.316456,loss_recon:0.39642

18200-loss_z:0.088864,accu:0.996439,loss_recon:0.156956

18200-loss_z:29.105066,accu:0.316456,loss_recon:0.390912

18400-loss_z:0.085487,accu:0.996003,loss_recon:0.157365

18400-loss_z:29.602922,accu:0.303797,loss_recon:0.396964

18600-loss_z:0.083168,accu:0.996862,loss_recon:0.157925

18600-loss_z:30.017965,accu:0.303797,loss_recon:0.389394

18800-loss_z:0.080755,accu:0.996992,loss_recon:0.156635

18800-loss_z:30.537836,accu:0.303797,loss_recon:0.394832

19000-loss_z:0.07904,accu:0.997565,loss_recon:0.155487

19000-loss_z:31.028187,accu:0.303797,loss_recon:0.394231

19200-loss_z:0.077591,accu:0.996953,loss_recon:0.1576

19200-loss_z:31.526346,accu:0.303797,loss_recon:0.398847

19400-loss_z:0.075818,accu:0.997337,loss_recon:0.157075

19400-loss_z:32.009987,accu:0.303797,loss_recon:0.398874

19600-loss_z:0.074692,accu:0.998132,loss_recon:0.15642

19600-loss_z:32.456852,accu:0.316456,loss_recon:0.396365

19800-loss_z:0.070806,accu:0.998945,loss_recon:0.157554

19800-loss_z:32.963745,accu:0.303797,loss_recon:0.4006

20000-loss_z:0.070269,accu:0.998991,loss_recon:0.155514

20000-loss_z:33.47501,accu:0.303797,loss_recon:0.403161

Continue training
New FC model is initialized
200-loss_z:2.488589,accu:0.209454,loss_recon:1.306977

200-loss_z:2.763321,accu:0.113924,loss_recon:0.557505

400-loss_z:1.841776,accu:0.38084,loss_recon:0.433925

400-loss_z:2.739185,accu:0.113924,loss_recon:0.3957

600-loss_z:1.545563,accu:0.478145,loss_recon:0.335375

600-loss_z:2.794753,accu:0.164557,loss_recon:0.352151

800-loss_z:1.356625,accu:0.550365,loss_recon:0.297015

800-loss_z:2.860687,accu:0.177215,loss_recon:0.335344

1000-loss_z:1.22297,accu:0.594089,loss_recon:0.27642

1000-loss_z:2.912183,accu:0.202532,loss_recon:0.332718

1200-loss_z:1.118866,accu:0.620534,loss_recon:0.259584

1200-loss_z:2.994121,accu:0.177215,loss_recon:0.324885

1400-loss_z:1.032949,accu:0.64248,loss_recon:0.249127

1400-loss_z:3.068166,accu:0.227848,loss_recon:0.324937

1600-loss_z:0.967225,accu:0.672559,loss_recon:0.238897

1600-loss_z:3.113272,accu:0.240506,loss_recon:0.328283

1800-loss_z:0.905684,accu:0.68778,loss_recon:0.227809

1800-loss_z:3.192575,accu:0.240506,loss_recon:0.325666

2000-loss_z:0.862831,accu:0.690931,loss_recon:0.223377

2000-loss_z:3.246209,accu:0.265823,loss_recon:0.325199

2200-loss_z:0.819464,accu:0.705866,loss_recon:0.216828

2200-loss_z:3.334976,accu:0.253165,loss_recon:0.331204

2400-loss_z:0.781366,accu:0.715332,loss_recon:0.21277

2400-loss_z:3.408504,accu:0.291139,loss_recon:0.337925

2600-loss_z:0.75362,accu:0.729121,loss_recon:0.21086

2600-loss_z:3.467781,accu:0.278481,loss_recon:0.331753

2800-loss_z:0.721576,accu:0.752923,loss_recon:0.204858

2800-loss_z:3.557228,accu:0.265823,loss_recon:0.331599

3000-loss_z:0.695753,accu:0.771009,loss_recon:0.203261

3000-loss_z:3.626498,accu:0.278481,loss_recon:0.332359

3200-loss_z:0.678274,accu:0.769909,loss_recon:0.200034

3200-loss_z:3.678125,accu:0.303797,loss_recon:0.340336

3400-loss_z:0.651679,accu:0.782188,loss_recon:0.198385

3400-loss_z:3.789613,accu:0.291139,loss_recon:0.341132

3600-loss_z:0.633125,accu:0.79403,loss_recon:0.195125

3600-loss_z:3.873429,accu:0.316456,loss_recon:0.335628

3800-loss_z:0.612593,accu:0.804212,loss_recon:0.194524

3800-loss_z:3.971186,accu:0.329114,loss_recon:0.332314

4000-loss_z:0.595841,accu:0.813561,loss_recon:0.191619

4000-loss_z:4.044602,accu:0.329114,loss_recon:0.33038

4200-loss_z:0.579703,accu:0.813451,loss_recon:0.190392

4200-loss_z:4.249016,accu:0.329114,loss_recon:0.332876

4400-loss_z:0.565521,accu:0.813255,loss_recon:0.191995

4400-loss_z:4.381109,accu:0.329114,loss_recon:0.328121

4600-loss_z:0.549967,accu:0.820671,loss_recon:0.189694

4600-loss_z:4.563446,accu:0.329114,loss_recon:0.333792

4800-loss_z:0.537461,accu:0.824948,loss_recon:0.186681

4800-loss_z:4.796971,accu:0.329114,loss_recon:0.334637

5000-loss_z:0.521887,accu:0.828548,loss_recon:0.186423

5000-loss_z:4.992723,accu:0.341772,loss_recon:0.332591

5200-loss_z:0.50623,accu:0.842116,loss_recon:0.186502

5200-loss_z:5.20632,accu:0.341772,loss_recon:0.332692

5400-loss_z:0.496641,accu:0.846035,loss_recon:0.184745

5400-loss_z:5.414832,accu:0.341772,loss_recon:0.336633

5600-loss_z:0.480377,accu:0.850046,loss_recon:0.180326

5600-loss_z:5.588115,accu:0.35443,loss_recon:0.325971

5800-loss_z:0.473866,accu:0.851341,loss_recon:0.182477

5800-loss_z:5.747448,accu:0.329114,loss_recon:0.331907

6000-loss_z:0.460452,accu:0.852201,loss_recon:0.180072

6000-loss_z:5.918153,accu:0.367089,loss_recon:0.330059

6200-loss_z:0.452677,accu:0.854486,loss_recon:0.174511

6200-loss_z:6.128696,accu:0.341772,loss_recon:0.336603

6400-loss_z:0.446326,accu:0.858464,loss_recon:0.169124

6400-loss_z:6.292966,accu:0.341772,loss_recon:0.340732

6600-loss_z:0.436979,accu:0.863802,loss_recon:0.163983

6600-loss_z:6.524338,accu:0.341772,loss_recon:0.331506

6800-loss_z:0.424223,accu:0.864121,loss_recon:0.162873

6800-loss_z:6.688965,accu:0.341772,loss_recon:0.333276

7000-loss_z:0.414348,accu:0.866719,loss_recon:0.160347

7000-loss_z:6.912962,accu:0.341772,loss_recon:0.331625

7200-loss_z:0.403933,accu:0.876999,loss_recon:0.161643

7200-loss_z:7.134463,accu:0.316456,loss_recon:0.332764

7400-loss_z:0.397018,accu:0.891621,loss_recon:0.157849

7400-loss_z:7.291378,accu:0.341772,loss_recon:0.337735

7600-loss_z:0.389554,accu:0.889219,loss_recon:0.158855

7600-loss_z:7.49847,accu:0.316456,loss_recon:0.334993

7800-loss_z:0.384387,accu:0.896315,loss_recon:0.156905

7800-loss_z:7.717893,accu:0.35443,loss_recon:0.338338

8000-loss_z:0.371937,accu:0.896432,loss_recon:0.156303

8000-loss_z:7.939287,accu:0.35443,loss_recon:0.341345

8200-loss_z:0.368011,accu:0.895658,loss_recon:0.156195

8200-loss_z:8.134265,accu:0.341772,loss_recon:0.342446

8400-loss_z:0.36233,accu:0.902546,loss_recon:0.155637

8400-loss_z:8.350391,accu:0.35443,loss_recon:0.342401

8600-loss_z:0.348136,accu:0.905534,loss_recon:0.152618

8600-loss_z:8.555341,accu:0.316456,loss_recon:0.345454

8800-loss_z:0.344895,accu:0.907005,loss_recon:0.154184

8800-loss_z:8.790282,accu:0.329114,loss_recon:0.334614

9000-loss_z:0.337951,accu:0.907904,loss_recon:0.153304

9000-loss_z:9.035845,accu:0.329114,loss_recon:0.341853

9200-loss_z:0.333509,accu:0.9136,loss_recon:0.152997

9200-loss_z:9.246256,accu:0.329114,loss_recon:0.345442

9400-loss_z:0.325564,accu:0.912246,loss_recon:0.152582

9400-loss_z:9.424906,accu:0.329114,loss_recon:0.342785

9600-loss_z:0.319074,accu:0.918548,loss_recon:0.151373

9600-loss_z:9.637884,accu:0.329114,loss_recon:0.347182

9800-loss_z:0.308387,accu:0.926829,loss_recon:0.150409

9800-loss_z:9.859069,accu:0.329114,loss_recon:0.346675

10000-loss_z:0.305013,accu:0.931725,loss_recon:0.149714

10000-loss_z:10.083331,accu:0.329114,loss_recon:0.348428

10200-loss_z:0.296604,accu:0.936009,loss_recon:0.149862

10200-loss_z:10.278699,accu:0.341772,loss_recon:0.345613

10400-loss_z:0.293165,accu:0.932715,loss_recon:0.148072

10400-loss_z:10.5354,accu:0.341772,loss_recon:0.349243

10600-loss_z:0.287253,accu:0.936367,loss_recon:0.148531

10600-loss_z:10.772986,accu:0.316456,loss_recon:0.352197

10800-loss_z:0.281849,accu:0.941341,loss_recon:0.147384

10800-loss_z:11.026895,accu:0.341772,loss_recon:0.351026

11000-loss_z:0.27687,accu:0.938828,loss_recon:0.148828

11000-loss_z:11.211386,accu:0.329114,loss_recon:0.34894

11200-loss_z:0.270931,accu:0.945879,loss_recon:0.148099

11200-loss_z:11.483042,accu:0.329114,loss_recon:0.349257

11400-loss_z:0.264401,accu:0.942031,loss_recon:0.146938

11400-loss_z:11.701026,accu:0.329114,loss_recon:0.358723

11600-loss_z:0.262739,accu:0.94123,loss_recon:0.148671

11600-loss_z:11.897915,accu:0.341772,loss_recon:0.351156

11800-loss_z:0.255447,accu:0.946178,loss_recon:0.146355

11800-loss_z:12.125132,accu:0.329114,loss_recon:0.349373

12000-loss_z:0.248548,accu:0.949258,loss_recon:0.146188

12000-loss_z:12.347987,accu:0.329114,loss_recon:0.351958

12200-loss_z:0.248317,accu:0.944857,loss_recon:0.147387

12200-loss_z:12.57382,accu:0.329114,loss_recon:0.352259

12400-loss_z:0.242752,accu:0.94959,loss_recon:0.146548

12400-loss_z:12.760388,accu:0.341772,loss_recon:0.353406

12600-loss_z:0.237418,accu:0.952493,loss_recon:0.146204

12600-loss_z:13.081677,accu:0.341772,loss_recon:0.360456

12800-loss_z:0.234697,accu:0.95127,loss_recon:0.145522

12800-loss_z:13.315045,accu:0.329114,loss_recon:0.348409

13000-loss_z:0.230238,accu:0.952383,loss_recon:0.145364

13000-loss_z:13.490073,accu:0.341772,loss_recon:0.357642

13200-loss_z:0.227932,accu:0.950358,loss_recon:0.145615

13200-loss_z:13.747016,accu:0.341772,loss_recon:0.351035

13400-loss_z:0.221071,accu:0.957064,loss_recon:0.144991

13400-loss_z:13.996452,accu:0.316456,loss_recon:0.353967

13600-loss_z:0.217959,accu:0.956035,loss_recon:0.144803

13600-loss_z:14.240267,accu:0.329114,loss_recon:0.352757

13800-loss_z:0.212867,accu:0.957298,loss_recon:0.143738

13800-loss_z:14.447659,accu:0.329114,loss_recon:0.353494

14000-loss_z:0.211872,accu:0.95806,loss_recon:0.144876

14000-loss_z:14.667319,accu:0.329114,loss_recon:0.358059

14200-loss_z:0.207018,accu:0.960755,loss_recon:0.14445

14200-loss_z:14.882429,accu:0.329114,loss_recon:0.353292

14400-loss_z:0.204421,accu:0.961855,loss_recon:0.142447

14400-loss_z:15.098745,accu:0.329114,loss_recon:0.351095

14600-loss_z:0.196729,accu:0.964616,loss_recon:0.143886

14600-loss_z:15.362486,accu:0.341772,loss_recon:0.346388

14800-loss_z:0.195742,accu:0.962891,loss_recon:0.142573

14800-loss_z:15.535451,accu:0.341772,loss_recon:0.355994

15000-loss_z:0.192022,accu:0.967891,loss_recon:0.141819

15000-loss_z:15.775144,accu:0.329114,loss_recon:0.355019

15200-loss_z:0.189436,accu:0.969661,loss_recon:0.143192

15200-loss_z:15.967821,accu:0.329114,loss_recon:0.347129

15400-loss_z:0.185651,accu:0.975553,loss_recon:0.142482

15400-loss_z:16.253603,accu:0.329114,loss_recon:0.354068

15600-loss_z:0.178611,accu:0.976777,loss_recon:0.141995

15600-loss_z:16.522028,accu:0.303797,loss_recon:0.347529

15800-loss_z:0.180753,accu:0.974499,loss_recon:0.143445

15800-loss_z:16.773668,accu:0.329114,loss_recon:0.362581

16000-loss_z:0.17386,accu:0.979049,loss_recon:0.14216

16000-loss_z:16.986883,accu:0.329114,loss_recon:0.356533

16200-loss_z:0.172745,accu:0.978047,loss_recon:0.142563

16200-loss_z:17.284794,accu:0.329114,loss_recon:0.352284

16400-loss_z:0.168824,accu:0.980495,loss_recon:0.14231

16400-loss_z:17.454773,accu:0.316456,loss_recon:0.348612

16600-loss_z:0.163539,accu:0.980638,loss_recon:0.141745

16600-loss_z:17.66931,accu:0.316456,loss_recon:0.348611

16800-loss_z:0.158846,accu:0.983092,loss_recon:0.140628

16800-loss_z:17.909609,accu:0.316456,loss_recon:0.349454

17000-loss_z:0.156114,accu:0.982064,loss_recon:0.142053

17000-loss_z:18.103289,accu:0.316456,loss_recon:0.355794

17200-loss_z:0.153044,accu:0.985182,loss_recon:0.14165

17200-loss_z:18.359297,accu:0.316456,loss_recon:0.363892

17400-loss_z:0.148591,accu:0.985371,loss_recon:0.140644

17400-loss_z:18.639839,accu:0.329114,loss_recon:0.351146

17600-loss_z:0.149658,accu:0.984134,loss_recon:0.141341

17600-loss_z:18.836763,accu:0.316456,loss_recon:0.354882

17800-loss_z:0.146634,accu:0.984648,loss_recon:0.140796

17800-loss_z:19.033802,accu:0.316456,loss_recon:0.354135

18000-loss_z:0.144016,accu:0.984902,loss_recon:0.14037

18000-loss_z:19.27725,accu:0.303797,loss_recon:0.360792

18200-loss_z:0.138219,accu:0.986647,loss_recon:0.138897

18200-loss_z:19.443958,accu:0.329114,loss_recon:0.355713

18400-loss_z:0.136864,accu:0.987682,loss_recon:0.140157

18400-loss_z:19.646889,accu:0.316456,loss_recon:0.355349

18600-loss_z:0.134699,accu:0.98653,loss_recon:0.139847

18600-loss_z:19.855762,accu:0.329114,loss_recon:0.360293

18800-loss_z:0.130625,accu:0.987194,loss_recon:0.141458

18800-loss_z:20.052143,accu:0.303797,loss_recon:0.361208

19000-loss_z:0.128401,accu:0.987585,loss_recon:0.140014

19000-loss_z:20.291296,accu:0.316456,loss_recon:0.356407

19200-loss_z:0.126569,accu:0.98653,loss_recon:0.141461

19200-loss_z:20.481728,accu:0.303797,loss_recon:0.349658

19400-loss_z:0.125094,accu:0.986823,loss_recon:0.139631

19400-loss_z:20.697037,accu:0.316456,loss_recon:0.354869

19600-loss_z:0.122522,accu:0.986634,loss_recon:0.138786

19600-loss_z:20.832186,accu:0.316456,loss_recon:0.360781

19800-loss_z:0.121133,accu:0.985684,loss_recon:0.141178

19800-loss_z:21.052412,accu:0.329114,loss_recon:0.358773

20000-loss_z:0.118976,accu:0.9861,loss_recon:0.140737

20000-loss_z:21.160433,accu:0.329114,loss_recon:0.344613

Continue training
New FC model is initialized
200-loss_z:2.595324,accu:0.167373,loss_recon:0.980131

200-loss_z:2.697914,accu:0.050633,loss_recon:0.576782

400-loss_z:1.954443,accu:0.34543,loss_recon:0.454508

400-loss_z:2.513661,accu:0.113924,loss_recon:0.363796

600-loss_z:1.623561,accu:0.438288,loss_recon:0.339596

600-loss_z:2.488957,accu:0.126582,loss_recon:0.327981

800-loss_z:1.418187,accu:0.515605,loss_recon:0.289922

800-loss_z:2.516134,accu:0.139241,loss_recon:0.31958

1000-loss_z:1.277892,accu:0.565651,loss_recon:0.262798

1000-loss_z:2.561731,accu:0.189873,loss_recon:0.319048

1200-loss_z:1.153978,accu:0.595384,loss_recon:0.242476

1200-loss_z:2.634573,accu:0.227848,loss_recon:0.316133

1400-loss_z:1.062792,accu:0.639993,loss_recon:0.228931

1400-loss_z:2.696628,accu:0.265823,loss_recon:0.316846

1600-loss_z:0.980441,accu:0.670488,loss_recon:0.223916

1600-loss_z:2.831498,accu:0.291139,loss_recon:0.320576

1800-loss_z:0.913857,accu:0.703236,loss_recon:0.217183

1800-loss_z:2.936764,accu:0.291139,loss_recon:0.319033

2000-loss_z:0.859685,accu:0.726152,loss_recon:0.209411

2000-loss_z:3.037621,accu:0.329114,loss_recon:0.312291

2200-loss_z:0.808883,accu:0.75582,loss_recon:0.206149

2200-loss_z:3.169142,accu:0.329114,loss_recon:0.30961

2400-loss_z:0.768606,accu:0.763522,loss_recon:0.202656

2400-loss_z:3.271655,accu:0.316456,loss_recon:0.315907

2600-loss_z:0.726087,accu:0.79013,loss_recon:0.198337

2600-loss_z:3.374097,accu:0.341772,loss_recon:0.309586

2800-loss_z:0.691352,accu:0.799883,loss_recon:0.19249

2800-loss_z:3.493679,accu:0.341772,loss_recon:0.315262

3000-loss_z:0.658303,accu:0.811432,loss_recon:0.187002

3000-loss_z:3.594,accu:0.329114,loss_recon:0.314306

3200-loss_z:0.628599,accu:0.821413,loss_recon:0.185073

3200-loss_z:3.693124,accu:0.316456,loss_recon:0.321516

3400-loss_z:0.60628,accu:0.827956,loss_recon:0.184251

3400-loss_z:3.802644,accu:0.341772,loss_recon:0.325646

3600-loss_z:0.579497,accu:0.841745,loss_recon:0.182073

3600-loss_z:3.910072,accu:0.341772,loss_recon:0.323535

3800-loss_z:0.555502,accu:0.851738,loss_recon:0.180011

3800-loss_z:4.055392,accu:0.329114,loss_recon:0.329527

4000-loss_z:0.534906,accu:0.863965,loss_recon:0.177779

4000-loss_z:4.140469,accu:0.341772,loss_recon:0.324252

4200-loss_z:0.517158,accu:0.866986,loss_recon:0.177577

4200-loss_z:4.251424,accu:0.367089,loss_recon:0.322673

4400-loss_z:0.49684,accu:0.873301,loss_recon:0.174753

4400-loss_z:4.377989,accu:0.367089,loss_recon:0.32673

4600-loss_z:0.477574,accu:0.880033,loss_recon:0.174969

4600-loss_z:4.483032,accu:0.367089,loss_recon:0.334155

4800-loss_z:0.462016,accu:0.886699,loss_recon:0.171991

4800-loss_z:4.604769,accu:0.367089,loss_recon:0.340104

5000-loss_z:0.449701,accu:0.895892,loss_recon:0.171626

5000-loss_z:4.735698,accu:0.367089,loss_recon:0.336535

5200-loss_z:0.431761,accu:0.902728,loss_recon:0.170132

5200-loss_z:4.892435,accu:0.35443,loss_recon:0.336388

5400-loss_z:0.419537,accu:0.906243,loss_recon:0.168208

5400-loss_z:5.022262,accu:0.392405,loss_recon:0.345984

5600-loss_z:0.40828,accu:0.909154,loss_recon:0.165524

5600-loss_z:5.140497,accu:0.367089,loss_recon:0.34407

5800-loss_z:0.395846,accu:0.918945,loss_recon:0.164764

5800-loss_z:5.274841,accu:0.379747,loss_recon:0.34235

6000-loss_z:0.381458,accu:0.925527,loss_recon:0.164535

6000-loss_z:5.425595,accu:0.367089,loss_recon:0.343926

6200-loss_z:0.369682,accu:0.930755,loss_recon:0.16368

6200-loss_z:5.594797,accu:0.367089,loss_recon:0.346325

6400-loss_z:0.356923,accu:0.937617,loss_recon:0.163153

6400-loss_z:5.721693,accu:0.367089,loss_recon:0.336762

6600-loss_z:0.347149,accu:0.938678,loss_recon:0.162107

6600-loss_z:5.845618,accu:0.379747,loss_recon:0.343117

6800-loss_z:0.3381,accu:0.942533,loss_recon:0.162311

6800-loss_z:5.992019,accu:0.392405,loss_recon:0.343618

7000-loss_z:0.326019,accu:0.948978,loss_recon:0.160932

7000-loss_z:6.107764,accu:0.392405,loss_recon:0.353338

7200-loss_z:0.320773,accu:0.95041,loss_recon:0.161888

7200-loss_z:6.247237,accu:0.379747,loss_recon:0.349247

7400-loss_z:0.310877,accu:0.94998,loss_recon:0.160552

7400-loss_z:6.359278,accu:0.379747,loss_recon:0.35466

7600-loss_z:0.299815,accu:0.956576,loss_recon:0.159448

7600-loss_z:6.484419,accu:0.367089,loss_recon:0.353977

7800-loss_z:0.292946,accu:0.956217,loss_recon:0.15974

7800-loss_z:6.593297,accu:0.379747,loss_recon:0.3538

8000-loss_z:0.283773,accu:0.959876,loss_recon:0.158456

8000-loss_z:6.685341,accu:0.367089,loss_recon:0.353974

8200-loss_z:0.272642,accu:0.963613,loss_recon:0.158623

8200-loss_z:6.823487,accu:0.35443,loss_recon:0.353164

8400-loss_z:0.269496,accu:0.965703,loss_recon:0.158454

8400-loss_z:6.877913,accu:0.367089,loss_recon:0.355616

8600-loss_z:0.261236,accu:0.971211,loss_recon:0.159645

8600-loss_z:7.008136,accu:0.367089,loss_recon:0.349581

8800-loss_z:0.254119,accu:0.972936,loss_recon:0.157719

8800-loss_z:7.107428,accu:0.35443,loss_recon:0.349087

9000-loss_z:0.248835,accu:0.972018,loss_recon:0.158035

9000-loss_z:7.208869,accu:0.35443,loss_recon:0.358679

9200-loss_z:0.240304,accu:0.976133,loss_recon:0.157972

9200-loss_z:7.296432,accu:0.367089,loss_recon:0.354012

9400-loss_z:0.234869,accu:0.974544,loss_recon:0.159246

9400-loss_z:7.39977,accu:0.367089,loss_recon:0.348022

9600-loss_z:0.228358,accu:0.977565,loss_recon:0.156707

9600-loss_z:7.517388,accu:0.35443,loss_recon:0.353033

9800-loss_z:0.224613,accu:0.97485,loss_recon:0.157374

9800-loss_z:7.636427,accu:0.35443,loss_recon:0.354941

10000-loss_z:0.216364,accu:0.974395,loss_recon:0.157228

10000-loss_z:7.728817,accu:0.367089,loss_recon:0.350998

10200-loss_z:0.210878,accu:0.979316,loss_recon:0.156582

10200-loss_z:7.841424,accu:0.392405,loss_recon:0.353736

10400-loss_z:0.203833,accu:0.977949,loss_recon:0.155888

10400-loss_z:7.95217,accu:0.367089,loss_recon:0.351214

10600-loss_z:0.201315,accu:0.978112,loss_recon:0.157334

10600-loss_z:8.032904,accu:0.392405,loss_recon:0.352328

10800-loss_z:0.198248,accu:0.975488,loss_recon:0.156854

10800-loss_z:8.147536,accu:0.379747,loss_recon:0.352313

11000-loss_z:0.190882,accu:0.981445,loss_recon:0.157097

11000-loss_z:8.258997,accu:0.367089,loss_recon:0.349333

11200-loss_z:0.186669,accu:0.979355,loss_recon:0.157492

11200-loss_z:8.397982,accu:0.35443,loss_recon:0.351745

11400-loss_z:0.181153,accu:0.979915,loss_recon:0.157611

11400-loss_z:8.513668,accu:0.379747,loss_recon:0.346315

11600-loss_z:0.18012,accu:0.978066,loss_recon:0.158392

11600-loss_z:8.604527,accu:0.379747,loss_recon:0.351302

11800-loss_z:0.173512,accu:0.98099,loss_recon:0.158889

11800-loss_z:8.731942,accu:0.35443,loss_recon:0.344493

12000-loss_z:0.171578,accu:0.978379,loss_recon:0.157392

12000-loss_z:8.842319,accu:0.35443,loss_recon:0.34837

12200-loss_z:0.166528,accu:0.979635,loss_recon:0.157314

12200-loss_z:8.973219,accu:0.367089,loss_recon:0.353792

12400-loss_z:0.159499,accu:0.982122,loss_recon:0.156004

12400-loss_z:9.116408,accu:0.341772,loss_recon:0.349869

12600-loss_z:0.154958,accu:0.983763,loss_recon:0.158034

12600-loss_z:9.200051,accu:0.35443,loss_recon:0.35075

12800-loss_z:0.15283,accu:0.981628,loss_recon:0.15671

12800-loss_z:9.307363,accu:0.367089,loss_recon:0.356482

13000-loss_z:0.150149,accu:0.983503,loss_recon:0.15653

13000-loss_z:9.417479,accu:0.379747,loss_recon:0.351948

13200-loss_z:0.147699,accu:0.980299,loss_recon:0.156461

13200-loss_z:9.54682,accu:0.367089,loss_recon:0.356361

13400-loss_z:0.141524,accu:0.982357,loss_recon:0.156734

13400-loss_z:9.642664,accu:0.379747,loss_recon:0.352477

13600-loss_z:0.139741,accu:0.982331,loss_recon:0.156157

13600-loss_z:9.774298,accu:0.379747,loss_recon:0.352945

13800-loss_z:0.133887,accu:0.983053,loss_recon:0.154676

13800-loss_z:9.891492,accu:0.367089,loss_recon:0.355842

14000-loss_z:0.134804,accu:0.981816,loss_recon:0.156673

14000-loss_z:9.98987,accu:0.367089,loss_recon:0.348573

14200-loss_z:0.129513,accu:0.98265,loss_recon:0.156797

14200-loss_z:10.08982,accu:0.341772,loss_recon:0.349583

14400-loss_z:0.126393,accu:0.981257,loss_recon:0.156926

14400-loss_z:10.236114,accu:0.35443,loss_recon:0.352283

14600-loss_z:0.124385,accu:0.982943,loss_recon:0.156585

14600-loss_z:10.342507,accu:0.329114,loss_recon:0.347655

14800-loss_z:0.119774,accu:0.983503,loss_recon:0.157402

14800-loss_z:10.42703,accu:0.329114,loss_recon:0.346115

15000-loss_z:0.114584,accu:0.986204,loss_recon:0.155167

15000-loss_z:10.585855,accu:0.341772,loss_recon:0.349162

15200-loss_z:0.114271,accu:0.985918,loss_recon:0.157497

15200-loss_z:10.741482,accu:0.316456,loss_recon:0.344151

15400-loss_z:0.111824,accu:0.985729,loss_recon:0.156685

15400-loss_z:10.898966,accu:0.316456,loss_recon:0.350865

15600-loss_z:0.110207,accu:0.986465,loss_recon:0.157194

15600-loss_z:11.069508,accu:0.316456,loss_recon:0.344682

15800-loss_z:0.105869,accu:0.989434,loss_recon:0.157406

15800-loss_z:11.251661,accu:0.329114,loss_recon:0.346734

16000-loss_z:0.102596,accu:0.988737,loss_recon:0.155479

16000-loss_z:11.407257,accu:0.329114,loss_recon:0.350841

16200-loss_z:0.100763,accu:0.987422,loss_recon:0.157016

16200-loss_z:11.517199,accu:0.329114,loss_recon:0.355118

16400-loss_z:0.096031,accu:0.989635,loss_recon:0.156843

16400-loss_z:11.659108,accu:0.341772,loss_recon:0.352307

16600-loss_z:0.093435,accu:0.989993,loss_recon:0.155708

16600-loss_z:11.814139,accu:0.329114,loss_recon:0.34588

16800-loss_z:0.091043,accu:0.987943,loss_recon:0.155095

16800-loss_z:11.953714,accu:0.341772,loss_recon:0.349293

17000-loss_z:0.088434,accu:0.990684,loss_recon:0.156492

17000-loss_z:12.112603,accu:0.329114,loss_recon:0.349432

17200-loss_z:0.087047,accu:0.990033,loss_recon:0.156104

17200-loss_z:12.26286,accu:0.329114,loss_recon:0.354976

17400-loss_z:0.084054,accu:0.989349,loss_recon:0.157178

17400-loss_z:12.438617,accu:0.329114,loss_recon:0.353268

17600-loss_z:0.080253,accu:0.99179,loss_recon:0.154854

17600-loss_z:12.578351,accu:0.316456,loss_recon:0.349857

17800-loss_z:0.080483,accu:0.989766,loss_recon:0.157564

17800-loss_z:12.684255,accu:0.341772,loss_recon:0.349021

18000-loss_z:0.075929,accu:0.991602,loss_recon:0.155263

18000-loss_z:12.856869,accu:0.329114,loss_recon:0.346516

18200-loss_z:0.07623,accu:0.989434,loss_recon:0.156412

18200-loss_z:12.962824,accu:0.316456,loss_recon:0.352545

18400-loss_z:0.074614,accu:0.987227,loss_recon:0.155873

18400-loss_z:13.099017,accu:0.316456,loss_recon:0.351163

18600-loss_z:0.071051,accu:0.990104,loss_recon:0.155331

18600-loss_z:13.229049,accu:0.316456,loss_recon:0.35245

18800-loss_z:0.069546,accu:0.989538,loss_recon:0.154393

18800-loss_z:13.333244,accu:0.341772,loss_recon:0.359951

19000-loss_z:0.069039,accu:0.989277,loss_recon:0.158681

19000-loss_z:13.473835,accu:0.35443,loss_recon:0.353408

19200-loss_z:0.065482,accu:0.991081,loss_recon:0.155352

19200-loss_z:13.590414,accu:0.341772,loss_recon:0.355727

19400-loss_z:0.063683,accu:0.990618,loss_recon:0.154794

19400-loss_z:13.728956,accu:0.329114,loss_recon:0.351759

19600-loss_z:0.061579,accu:0.990762,loss_recon:0.155253

19600-loss_z:13.851943,accu:0.316456,loss_recon:0.348462

19800-loss_z:0.060129,accu:0.992435,loss_recon:0.156503

19800-loss_z:13.997764,accu:0.329114,loss_recon:0.349846

20000-loss_z:0.058283,accu:0.992292,loss_recon:0.155312

20000-loss_z:14.143923,accu:0.329114,loss_recon:0.348774

Continue training
New FC model is initialized
200-loss_z:2.516097,accu:0.169342,loss_recon:1.342167

200-loss_z:2.563984,accu:0.139241,loss_recon:0.70846

400-loss_z:1.860671,accu:0.356621,loss_recon:0.529264

400-loss_z:2.500687,accu:0.113924,loss_recon:0.384876

600-loss_z:1.574508,accu:0.428802,loss_recon:0.359415

600-loss_z:2.509875,accu:0.139241,loss_recon:0.320639

800-loss_z:1.392151,accu:0.47946,loss_recon:0.295027

800-loss_z:2.521826,accu:0.164557,loss_recon:0.305989

1000-loss_z:1.258404,accu:0.525111,loss_recon:0.264261

1000-loss_z:2.541574,accu:0.164557,loss_recon:0.301869

1200-loss_z:1.153452,accu:0.59748,loss_recon:0.248543

1200-loss_z:2.574317,accu:0.177215,loss_recon:0.300745

1400-loss_z:1.06541,accu:0.641296,loss_recon:0.241315

1400-loss_z:2.608326,accu:0.240506,loss_recon:0.298118

1600-loss_z:0.989597,accu:0.661198,loss_recon:0.233559

1600-loss_z:2.672004,accu:0.227848,loss_recon:0.301162

1800-loss_z:0.926729,accu:0.699193,loss_recon:0.229351

1800-loss_z:2.75795,accu:0.240506,loss_recon:0.302246

2000-loss_z:0.869112,accu:0.720508,loss_recon:0.225877

2000-loss_z:2.837056,accu:0.227848,loss_recon:0.299709

2200-loss_z:0.82106,accu:0.742598,loss_recon:0.221645

2200-loss_z:2.916325,accu:0.240506,loss_recon:0.303787

2400-loss_z:0.780291,accu:0.76263,loss_recon:0.219545

2400-loss_z:3.06033,accu:0.253165,loss_recon:0.307582

2600-loss_z:0.741174,accu:0.765143,loss_recon:0.216987

2600-loss_z:3.150196,accu:0.265823,loss_recon:0.306402

2800-loss_z:0.706033,accu:0.785586,loss_recon:0.213336

2800-loss_z:3.283195,accu:0.253165,loss_recon:0.31288

3000-loss_z:0.672544,accu:0.796016,loss_recon:0.212354

3000-loss_z:3.432696,accu:0.240506,loss_recon:0.314603

3200-loss_z:0.647928,accu:0.807031,loss_recon:0.212093

3200-loss_z:3.622747,accu:0.265823,loss_recon:0.315437

3400-loss_z:0.622321,accu:0.819095,loss_recon:0.209461

3400-loss_z:3.753327,accu:0.278481,loss_recon:0.315952

3600-loss_z:0.593197,accu:0.824961,loss_recon:0.208809

3600-loss_z:3.937261,accu:0.291139,loss_recon:0.320824

3800-loss_z:0.573377,accu:0.833431,loss_recon:0.207778

3800-loss_z:4.113777,accu:0.303797,loss_recon:0.318872

4000-loss_z:0.55547,accu:0.841276,loss_recon:0.209456

4000-loss_z:4.309564,accu:0.278481,loss_recon:0.327188

4200-loss_z:0.530183,accu:0.850488,loss_recon:0.204927

4200-loss_z:4.51789,accu:0.291139,loss_recon:0.335051

4400-loss_z:0.511168,accu:0.8564,loss_recon:0.205676

4400-loss_z:4.70235,accu:0.329114,loss_recon:0.323793

4600-loss_z:0.495334,accu:0.85651,loss_recon:0.204827

4600-loss_z:4.965577,accu:0.329114,loss_recon:0.324421

4800-loss_z:0.480405,accu:0.863828,loss_recon:0.203611

4800-loss_z:5.168489,accu:0.35443,loss_recon:0.323029

5000-loss_z:0.462808,accu:0.875977,loss_recon:0.203022

5000-loss_z:5.41469,accu:0.303797,loss_recon:0.331267

5200-loss_z:0.444116,accu:0.881074,loss_recon:0.201115

5200-loss_z:5.650365,accu:0.341772,loss_recon:0.32024

5400-loss_z:0.432977,accu:0.893203,loss_recon:0.202872

5400-loss_z:5.890244,accu:0.329114,loss_recon:0.325593

5600-loss_z:0.424328,accu:0.893353,loss_recon:0.201582

5600-loss_z:6.124004,accu:0.303797,loss_recon:0.325888

5800-loss_z:0.406345,accu:0.906602,loss_recon:0.195648

5800-loss_z:6.3332,accu:0.341772,loss_recon:0.321542

6000-loss_z:0.396673,accu:0.903366,loss_recon:0.193853

6000-loss_z:6.572554,accu:0.329114,loss_recon:0.327867

6200-loss_z:0.384913,accu:0.909746,loss_recon:0.194424

6200-loss_z:6.857615,accu:0.316456,loss_recon:0.327843

6400-loss_z:0.376981,accu:0.911178,loss_recon:0.193167

6400-loss_z:7.050293,accu:0.329114,loss_recon:0.319109

6600-loss_z:0.365907,accu:0.917806,loss_recon:0.193247

6600-loss_z:7.319883,accu:0.341772,loss_recon:0.326766

6800-loss_z:0.351852,accu:0.92834,loss_recon:0.190458

6800-loss_z:7.545934,accu:0.329114,loss_recon:0.319391

7000-loss_z:0.345584,accu:0.929577,loss_recon:0.189957

7000-loss_z:7.790867,accu:0.341772,loss_recon:0.320191

7200-loss_z:0.338536,accu:0.935046,loss_recon:0.19221

7200-loss_z:8.008919,accu:0.341772,loss_recon:0.328479

7400-loss_z:0.326418,accu:0.938945,loss_recon:0.190208

7400-loss_z:8.271215,accu:0.329114,loss_recon:0.329987

7600-loss_z:0.31876,accu:0.948561,loss_recon:0.190298

7600-loss_z:8.519886,accu:0.341772,loss_recon:0.332387

7800-loss_z:0.309006,accu:0.947168,loss_recon:0.190927

7800-loss_z:8.888589,accu:0.341772,loss_recon:0.327091

8000-loss_z:0.300843,accu:0.947715,loss_recon:0.189571

8000-loss_z:9.237459,accu:0.341772,loss_recon:0.320736

8200-loss_z:0.291462,accu:0.957702,loss_recon:0.190953

8200-loss_z:9.560738,accu:0.341772,loss_recon:0.32641

8400-loss_z:0.282939,accu:0.959355,loss_recon:0.189494

8400-loss_z:9.818894,accu:0.35443,loss_recon:0.319954

8600-loss_z:0.275422,accu:0.960964,loss_recon:0.191405

8600-loss_z:10.144661,accu:0.341772,loss_recon:0.327172

8800-loss_z:0.265481,accu:0.965482,loss_recon:0.189294

8800-loss_z:10.45109,accu:0.367089,loss_recon:0.336883

9000-loss_z:0.261599,accu:0.964049,loss_recon:0.188834

9000-loss_z:10.770089,accu:0.329114,loss_recon:0.330471

9200-loss_z:0.253437,accu:0.964395,loss_recon:0.187029

9200-loss_z:11.112443,accu:0.35443,loss_recon:0.333625

9400-loss_z:0.247987,accu:0.967409,loss_recon:0.188297

9400-loss_z:11.384619,accu:0.35443,loss_recon:0.321938

9600-loss_z:0.242199,accu:0.969902,loss_recon:0.189049

9600-loss_z:11.666709,accu:0.367089,loss_recon:0.32976

9800-loss_z:0.233493,accu:0.972663,loss_recon:0.189752

9800-loss_z:11.994108,accu:0.35443,loss_recon:0.330765

10000-loss_z:0.227919,accu:0.974056,loss_recon:0.187712

10000-loss_z:12.325421,accu:0.379747,loss_recon:0.323603

10200-loss_z:0.222643,accu:0.971484,loss_recon:0.187549

10200-loss_z:12.582544,accu:0.379747,loss_recon:0.325694

10400-loss_z:0.217339,accu:0.973958,loss_recon:0.187451

10400-loss_z:12.942983,accu:0.367089,loss_recon:0.332197

10600-loss_z:0.212981,accu:0.974844,loss_recon:0.190771

10600-loss_z:13.259021,accu:0.35443,loss_recon:0.327914

10800-loss_z:0.206326,accu:0.976966,loss_recon:0.189591

10800-loss_z:13.562453,accu:0.367089,loss_recon:0.327802

11000-loss_z:0.198535,accu:0.977617,loss_recon:0.186642

11000-loss_z:13.876007,accu:0.35443,loss_recon:0.335381

11200-loss_z:0.193748,accu:0.977734,loss_recon:0.188167

11200-loss_z:14.184232,accu:0.35443,loss_recon:0.333556

11400-loss_z:0.189953,accu:0.980417,loss_recon:0.1863

11400-loss_z:14.509072,accu:0.35443,loss_recon:0.326378

11600-loss_z:0.186821,accu:0.980169,loss_recon:0.187562

11600-loss_z:14.853508,accu:0.367089,loss_recon:0.326441

11800-loss_z:0.180251,accu:0.979954,loss_recon:0.18581

11800-loss_z:15.263906,accu:0.341772,loss_recon:0.342179

12000-loss_z:0.177992,accu:0.983535,loss_recon:0.186757

12000-loss_z:15.603667,accu:0.35443,loss_recon:0.334094

12200-loss_z:0.172921,accu:0.980469,loss_recon:0.187132

12200-loss_z:15.922403,accu:0.35443,loss_recon:0.340218

12400-loss_z:0.168501,accu:0.983991,loss_recon:0.188666

12400-loss_z:16.299862,accu:0.35443,loss_recon:0.341654

12600-loss_z:0.162936,accu:0.985599,loss_recon:0.18623

12600-loss_z:16.600269,accu:0.35443,loss_recon:0.333722

12800-loss_z:0.158312,accu:0.986198,loss_recon:0.187789

12800-loss_z:16.971849,accu:0.367089,loss_recon:0.335696

13000-loss_z:0.156509,accu:0.985059,loss_recon:0.186611

13000-loss_z:17.369165,accu:0.367089,loss_recon:0.341491

13200-loss_z:0.15302,accu:0.985859,loss_recon:0.186244

13200-loss_z:17.686617,accu:0.35443,loss_recon:0.338386

13400-loss_z:0.149585,accu:0.987402,loss_recon:0.186482

13400-loss_z:18.016125,accu:0.367089,loss_recon:0.335024

13600-loss_z:0.144843,accu:0.987552,loss_recon:0.185118

13600-loss_z:18.277727,accu:0.35443,loss_recon:0.336412

13800-loss_z:0.140764,accu:0.988574,loss_recon:0.184296

13800-loss_z:18.661177,accu:0.379747,loss_recon:0.336511

14000-loss_z:0.137472,accu:0.99002,loss_recon:0.186035

14000-loss_z:18.977562,accu:0.367089,loss_recon:0.341927

14200-loss_z:0.134849,accu:0.989974,loss_recon:0.185855

14200-loss_z:19.279226,accu:0.367089,loss_recon:0.334404

14400-loss_z:0.130879,accu:0.989733,loss_recon:0.185272

14400-loss_z:19.643255,accu:0.35443,loss_recon:0.342819

14600-loss_z:0.127423,accu:0.99194,loss_recon:0.185223

14600-loss_z:19.957529,accu:0.367089,loss_recon:0.340261

14800-loss_z:0.125635,accu:0.992038,loss_recon:0.185566

14800-loss_z:20.277233,accu:0.367089,loss_recon:0.339493

15000-loss_z:0.121646,accu:0.99123,loss_recon:0.18586

15000-loss_z:20.540756,accu:0.367089,loss_recon:0.336957

15200-loss_z:0.117409,accu:0.992396,loss_recon:0.187435

15200-loss_z:20.908752,accu:0.379747,loss_recon:0.348434

15400-loss_z:0.114255,accu:0.993359,loss_recon:0.185949

15400-loss_z:21.228807,accu:0.367089,loss_recon:0.352373

15600-loss_z:0.112874,accu:0.99237,loss_recon:0.185324

15600-loss_z:21.520542,accu:0.379747,loss_recon:0.346057

15800-loss_z:0.109836,accu:0.993587,loss_recon:0.185123

15800-loss_z:21.921074,accu:0.367089,loss_recon:0.343891

16000-loss_z:0.106811,accu:0.993659,loss_recon:0.184437

16000-loss_z:22.160427,accu:0.367089,loss_recon:0.351503

16200-loss_z:0.104732,accu:0.993125,loss_recon:0.185501

16200-loss_z:22.50053,accu:0.367089,loss_recon:0.343502

16400-loss_z:0.101553,accu:0.993978,loss_recon:0.18369

16400-loss_z:22.794405,accu:0.367089,loss_recon:0.345095

16600-loss_z:0.101188,accu:0.993008,loss_recon:0.184857

16600-loss_z:23.144304,accu:0.367089,loss_recon:0.344869

16800-loss_z:0.097037,accu:0.993398,loss_recon:0.186884

16800-loss_z:23.486027,accu:0.367089,loss_recon:0.351421

17000-loss_z:0.094072,accu:0.994915,loss_recon:0.184871

17000-loss_z:23.772137,accu:0.367089,loss_recon:0.33236

17200-loss_z:0.092447,accu:0.995384,loss_recon:0.185555

17200-loss_z:24.146097,accu:0.367089,loss_recon:0.350331

17400-loss_z:0.091044,accu:0.995534,loss_recon:0.185306

17400-loss_z:24.424162,accu:0.367089,loss_recon:0.34664

17600-loss_z:0.086918,accu:0.995924,loss_recon:0.185133

17600-loss_z:24.753695,accu:0.367089,loss_recon:0.337288

17800-loss_z:0.084946,accu:0.997188,loss_recon:0.185774

17800-loss_z:25.038929,accu:0.367089,loss_recon:0.349346

18000-loss_z:0.082173,accu:0.997285,loss_recon:0.186288

18000-loss_z:25.449589,accu:0.367089,loss_recon:0.344653

18200-loss_z:0.081245,accu:0.99748,loss_recon:0.185557

18200-loss_z:25.704512,accu:0.367089,loss_recon:0.351115

18400-loss_z:0.080047,accu:0.997305,loss_recon:0.186853

18400-loss_z:26.025366,accu:0.367089,loss_recon:0.34685

18600-loss_z:0.076334,accu:0.998789,loss_recon:0.18423

18600-loss_z:26.371675,accu:0.367089,loss_recon:0.34145

18800-loss_z:0.07463,accu:0.999408,loss_recon:0.188014

18800-loss_z:26.625015,accu:0.379747,loss_recon:0.342063

19000-loss_z:0.07248,accu:0.998496,loss_recon:0.185189

19000-loss_z:26.978958,accu:0.367089,loss_recon:0.341888

19200-loss_z:0.069922,accu:0.99944,loss_recon:0.185295

19200-loss_z:27.296671,accu:0.405063,loss_recon:0.345559

19400-loss_z:0.068423,accu:0.999622,loss_recon:0.18578

19400-loss_z:27.55386,accu:0.405063,loss_recon:0.345649

19600-loss_z:0.065763,accu:0.999824,loss_recon:0.184038

19600-loss_z:27.850224,accu:0.392405,loss_recon:0.342046

19800-loss_z:0.06389,accu:0.999805,loss_recon:0.18374

19800-loss_z:28.260094,accu:0.392405,loss_recon:0.345351

20000-loss_z:0.061854,accu:0.999902,loss_recon:0.185631

20000-loss_z:28.537153,accu:0.392405,loss_recon:0.341725

Continue training
New FC model is initialized
200-loss_z:2.560742,accu:0.195144,loss_recon:1.351493

200-loss_z:2.589401,accu:0.101266,loss_recon:0.630152

400-loss_z:1.927519,accu:0.349941,loss_recon:0.474071

400-loss_z:2.489954,accu:0.101266,loss_recon:0.425699

600-loss_z:1.636019,accu:0.436133,loss_recon:0.356686

600-loss_z:2.523756,accu:0.113924,loss_recon:0.36667

800-loss_z:1.4396,accu:0.495814,loss_recon:0.310655

800-loss_z:2.55784,accu:0.151899,loss_recon:0.326263

1000-loss_z:1.295633,accu:0.534095,loss_recon:0.287476

1000-loss_z:2.604215,accu:0.164557,loss_recon:0.314893

1200-loss_z:1.189963,accu:0.570794,loss_recon:0.276048

1200-loss_z:2.636283,accu:0.164557,loss_recon:0.306781

1400-loss_z:1.100486,accu:0.609349,loss_recon:0.262626

1400-loss_z:2.685431,accu:0.177215,loss_recon:0.306403

1600-loss_z:1.02085,accu:0.638581,loss_recon:0.255017

1600-loss_z:2.741565,accu:0.202532,loss_recon:0.315185

1800-loss_z:0.959335,accu:0.653229,loss_recon:0.24723

1800-loss_z:2.777942,accu:0.164557,loss_recon:0.305545

2000-loss_z:0.904994,accu:0.691341,loss_recon:0.243132

2000-loss_z:2.812789,accu:0.202532,loss_recon:0.313944

2200-loss_z:0.854629,accu:0.70918,loss_recon:0.239328

2200-loss_z:2.85941,accu:0.21519,loss_recon:0.316529

2400-loss_z:0.811701,accu:0.723548,loss_recon:0.23666

2400-loss_z:2.873914,accu:0.227848,loss_recon:0.31411

2600-loss_z:0.77524,accu:0.745026,loss_recon:0.231633

2600-loss_z:2.93948,accu:0.227848,loss_recon:0.314281

2800-loss_z:0.739378,accu:0.760911,loss_recon:0.227705

2800-loss_z:2.998083,accu:0.240506,loss_recon:0.313769

3000-loss_z:0.710417,accu:0.774902,loss_recon:0.219761

3000-loss_z:3.032478,accu:0.240506,loss_recon:0.318185

3200-loss_z:0.679559,accu:0.784355,loss_recon:0.219757

3200-loss_z:3.086738,accu:0.240506,loss_recon:0.32038

3400-loss_z:0.655082,accu:0.791758,loss_recon:0.212877

3400-loss_z:3.161775,accu:0.227848,loss_recon:0.321965

3600-loss_z:0.631728,accu:0.802357,loss_recon:0.210856

3600-loss_z:3.193684,accu:0.278481,loss_recon:0.319668

3800-loss_z:0.612014,accu:0.804551,loss_recon:0.2079

3800-loss_z:3.268741,accu:0.265823,loss_recon:0.326529

4000-loss_z:0.592119,accu:0.818913,loss_recon:0.208338

4000-loss_z:3.295403,accu:0.278481,loss_recon:0.32035

4200-loss_z:0.571659,accu:0.826641,loss_recon:0.205138

4200-loss_z:3.367551,accu:0.291139,loss_recon:0.323536

4400-loss_z:0.55437,accu:0.821107,loss_recon:0.204234

4400-loss_z:3.42726,accu:0.278481,loss_recon:0.319065

4600-loss_z:0.543558,accu:0.831667,loss_recon:0.205489

4600-loss_z:3.513749,accu:0.303797,loss_recon:0.33743

4800-loss_z:0.52561,accu:0.830319,loss_recon:0.203142

4800-loss_z:3.625512,accu:0.291139,loss_recon:0.333046

5000-loss_z:0.516089,accu:0.84125,loss_recon:0.203125

5000-loss_z:3.731122,accu:0.316456,loss_recon:0.333747

5200-loss_z:0.501571,accu:0.847135,loss_recon:0.20183

5200-loss_z:3.865064,accu:0.278481,loss_recon:0.329196

5400-loss_z:0.486342,accu:0.855046,loss_recon:0.199107

5400-loss_z:3.970108,accu:0.303797,loss_recon:0.324004

5600-loss_z:0.476121,accu:0.866504,loss_recon:0.197069

5600-loss_z:4.111455,accu:0.291139,loss_recon:0.332202

5800-loss_z:0.460362,accu:0.861699,loss_recon:0.196175

5800-loss_z:4.242528,accu:0.329114,loss_recon:0.33449

6000-loss_z:0.449168,accu:0.875104,loss_recon:0.197299

6000-loss_z:4.381986,accu:0.303797,loss_recon:0.333259

6200-loss_z:0.439296,accu:0.884805,loss_recon:0.1968

6200-loss_z:4.572017,accu:0.303797,loss_recon:0.338153

6400-loss_z:0.432943,accu:0.884063,loss_recon:0.195657

6400-loss_z:4.751981,accu:0.303797,loss_recon:0.345985

6600-loss_z:0.416591,accu:0.89819,loss_recon:0.195073

6600-loss_z:4.902714,accu:0.329114,loss_recon:0.339685

6800-loss_z:0.411469,accu:0.89069,loss_recon:0.193456

6800-loss_z:5.052163,accu:0.341772,loss_recon:0.340331

7000-loss_z:0.401992,accu:0.899258,loss_recon:0.194716

7000-loss_z:5.291377,accu:0.35443,loss_recon:0.338435

7200-loss_z:0.390321,accu:0.898288,loss_recon:0.194415

7200-loss_z:5.528511,accu:0.329114,loss_recon:0.3379

7400-loss_z:0.387578,accu:0.89778,loss_recon:0.193811

7400-loss_z:5.777573,accu:0.303797,loss_recon:0.34474

7600-loss_z:0.374439,accu:0.902754,loss_recon:0.192949

7600-loss_z:6.014098,accu:0.303797,loss_recon:0.345973

7800-loss_z:0.367406,accu:0.900501,loss_recon:0.192193

7800-loss_z:6.285872,accu:0.316456,loss_recon:0.346698

8000-loss_z:0.360419,accu:0.904681,loss_recon:0.194615

8000-loss_z:6.563021,accu:0.35443,loss_recon:0.335857

8200-loss_z:0.356996,accu:0.905964,loss_recon:0.194611

8200-loss_z:6.847198,accu:0.341772,loss_recon:0.346026

8400-loss_z:0.344247,accu:0.91877,loss_recon:0.190613

8400-loss_z:7.128032,accu:0.329114,loss_recon:0.352221

8600-loss_z:0.33889,accu:0.910898,loss_recon:0.192626

8600-loss_z:7.33715,accu:0.316456,loss_recon:0.349192

8800-loss_z:0.332898,accu:0.912721,loss_recon:0.191596

8800-loss_z:7.559842,accu:0.316456,loss_recon:0.349869

9000-loss_z:0.326374,accu:0.920951,loss_recon:0.19367

9000-loss_z:7.79048,accu:0.316456,loss_recon:0.345682

9200-loss_z:0.315142,accu:0.922585,loss_recon:0.191892

9200-loss_z:8.002029,accu:0.329114,loss_recon:0.351563

9400-loss_z:0.3134,accu:0.930456,loss_recon:0.19261

9400-loss_z:8.201495,accu:0.329114,loss_recon:0.349347

9600-loss_z:0.308083,accu:0.933177,loss_recon:0.190992

9600-loss_z:8.410785,accu:0.341772,loss_recon:0.349701

9800-loss_z:0.301554,accu:0.931165,loss_recon:0.19237

9800-loss_z:8.619958,accu:0.303797,loss_recon:0.352388

10000-loss_z:0.291292,accu:0.933483,loss_recon:0.193148

10000-loss_z:8.790525,accu:0.291139,loss_recon:0.345354

10200-loss_z:0.289338,accu:0.930508,loss_recon:0.192266

10200-loss_z:8.957479,accu:0.329114,loss_recon:0.339985

10400-loss_z:0.283638,accu:0.939102,loss_recon:0.191926

10400-loss_z:9.142264,accu:0.329114,loss_recon:0.344698

10600-loss_z:0.278406,accu:0.937695,loss_recon:0.191083

10600-loss_z:9.28489,accu:0.316456,loss_recon:0.342127

10800-loss_z:0.268976,accu:0.935052,loss_recon:0.191048

10800-loss_z:9.483294,accu:0.291139,loss_recon:0.343053

11000-loss_z:0.265259,accu:0.939818,loss_recon:0.190974

11000-loss_z:9.62451,accu:0.329114,loss_recon:0.342068

11200-loss_z:0.262607,accu:0.940072,loss_recon:0.191285

11200-loss_z:9.796189,accu:0.316456,loss_recon:0.342714

11400-loss_z:0.256404,accu:0.940788,loss_recon:0.189415

11400-loss_z:9.922252,accu:0.303797,loss_recon:0.338834

11600-loss_z:0.25087,accu:0.947363,loss_recon:0.19042

11600-loss_z:10.089496,accu:0.303797,loss_recon:0.33724

11800-loss_z:0.245806,accu:0.945462,loss_recon:0.188896

11800-loss_z:10.230491,accu:0.303797,loss_recon:0.344849

12000-loss_z:0.242278,accu:0.94612,loss_recon:0.190059

12000-loss_z:10.378271,accu:0.329114,loss_recon:0.33994

12200-loss_z:0.235235,accu:0.950762,loss_recon:0.187403

12200-loss_z:10.519012,accu:0.303797,loss_recon:0.345418

12400-loss_z:0.228391,accu:0.955163,loss_recon:0.186872

12400-loss_z:10.626325,accu:0.316456,loss_recon:0.347916

12600-loss_z:0.226607,accu:0.952956,loss_recon:0.185896

12600-loss_z:10.755935,accu:0.316456,loss_recon:0.348213

12800-loss_z:0.222873,accu:0.956641,loss_recon:0.187313

12800-loss_z:10.888681,accu:0.303797,loss_recon:0.34475

13000-loss_z:0.219846,accu:0.959583,loss_recon:0.186882

13000-loss_z:11.01426,accu:0.303797,loss_recon:0.343833

13200-loss_z:0.213779,accu:0.963555,loss_recon:0.187318

13200-loss_z:11.162147,accu:0.303797,loss_recon:0.350851

13400-loss_z:0.208338,accu:0.960768,loss_recon:0.184979

13400-loss_z:11.300416,accu:0.303797,loss_recon:0.351815

13600-loss_z:0.206405,accu:0.962897,loss_recon:0.185166

13600-loss_z:11.419563,accu:0.303797,loss_recon:0.344611

13800-loss_z:0.200925,accu:0.965449,loss_recon:0.184658

13800-loss_z:11.561787,accu:0.303797,loss_recon:0.343327

14000-loss_z:0.195973,accu:0.967715,loss_recon:0.182542

14000-loss_z:11.670688,accu:0.291139,loss_recon:0.344251

14200-loss_z:0.191187,accu:0.969225,loss_recon:0.181899

14200-loss_z:12.039475,accu:0.303797,loss_recon:0.346015

14400-loss_z:0.188587,accu:0.97207,loss_recon:0.184656

14400-loss_z:12.675002,accu:0.316456,loss_recon:0.347689

14600-loss_z:0.184421,accu:0.970911,loss_recon:0.184183

14600-loss_z:13.13356,accu:0.329114,loss_recon:0.349907

14800-loss_z:0.179994,accu:0.96903,loss_recon:0.184362

14800-loss_z:13.52073,accu:0.303797,loss_recon:0.345983

15000-loss_z:0.177166,accu:0.973236,loss_recon:0.181514

15000-loss_z:13.856749,accu:0.341772,loss_recon:0.344729

15200-loss_z:0.174376,accu:0.975592,loss_recon:0.184499

15200-loss_z:14.206206,accu:0.291139,loss_recon:0.3418

15400-loss_z:0.170231,accu:0.974245,loss_recon:0.182722

15400-loss_z:14.518303,accu:0.341772,loss_recon:0.342528

15600-loss_z:0.167446,accu:0.976458,loss_recon:0.182899

15600-loss_z:14.804815,accu:0.316456,loss_recon:0.343575

15800-loss_z:0.159916,accu:0.977917,loss_recon:0.18135

15800-loss_z:15.112988,accu:0.329114,loss_recon:0.346166

16000-loss_z:0.157439,accu:0.979102,loss_recon:0.183085

16000-loss_z:15.374522,accu:0.341772,loss_recon:0.350241

16200-loss_z:0.154934,accu:0.980046,loss_recon:0.182297

16200-loss_z:15.663116,accu:0.35443,loss_recon:0.347141

16400-loss_z:0.152425,accu:0.980638,loss_recon:0.182548

16400-loss_z:15.989462,accu:0.35443,loss_recon:0.347411

16600-loss_z:0.146838,accu:0.981497,loss_recon:0.180522

16600-loss_z:16.226116,accu:0.329114,loss_recon:0.344329

16800-loss_z:0.142701,accu:0.982012,loss_recon:0.181605

16800-loss_z:16.558855,accu:0.341772,loss_recon:0.3474

17000-loss_z:0.142449,accu:0.981725,loss_recon:0.18197

17000-loss_z:16.807905,accu:0.367089,loss_recon:0.347639

17200-loss_z:0.138631,accu:0.984479,loss_recon:0.18235

17200-loss_z:17.136927,accu:0.35443,loss_recon:0.350813

17400-loss_z:0.135362,accu:0.981908,loss_recon:0.181831

17400-loss_z:17.41263,accu:0.35443,loss_recon:0.348424

17600-loss_z:0.132409,accu:0.983548,loss_recon:0.182097

17600-loss_z:17.630451,accu:0.35443,loss_recon:0.349104

17800-loss_z:0.127379,accu:0.984954,loss_recon:0.182223

17800-loss_z:17.867249,accu:0.367089,loss_recon:0.346618

18000-loss_z:0.127019,accu:0.983802,loss_recon:0.181932

18000-loss_z:18.180408,accu:0.341772,loss_recon:0.351277

18200-loss_z:0.123077,accu:0.985658,loss_recon:0.181493

18200-loss_z:18.494116,accu:0.341772,loss_recon:0.354759

18400-loss_z:0.118529,accu:0.985794,loss_recon:0.1802

18400-loss_z:18.755442,accu:0.35443,loss_recon:0.353164

18600-loss_z:0.116018,accu:0.986764,loss_recon:0.180621

18600-loss_z:19.024099,accu:0.35443,loss_recon:0.347597

18800-loss_z:0.114342,accu:0.987376,loss_recon:0.180756

18800-loss_z:19.282043,accu:0.367089,loss_recon:0.358455

19000-loss_z:0.111471,accu:0.986413,loss_recon:0.182715

19000-loss_z:19.570242,accu:0.367089,loss_recon:0.348564

19200-loss_z:0.110122,accu:0.987174,loss_recon:0.180207

19200-loss_z:19.917521,accu:0.35443,loss_recon:0.350634

19400-loss_z:0.106909,accu:0.988704,loss_recon:0.180505

19400-loss_z:20.179911,accu:0.367089,loss_recon:0.349001

19600-loss_z:0.105985,accu:0.98931,loss_recon:0.180526

19600-loss_z:20.512451,accu:0.35443,loss_recon:0.359745

19800-loss_z:0.102405,accu:0.990039,loss_recon:0.181485

19800-loss_z:20.806608,accu:0.379747,loss_recon:0.353219

20000-loss_z:0.098784,accu:0.990762,loss_recon:0.181115

20000-loss_z:21.110067,accu:0.379747,loss_recon:0.344111

