
==============NVSMI LOG==============

Timestamp                                 : Thu Jun 11 07:10:41 2026
Driver Version                            : 570.195.03
CUDA Version                              : 12.8

Attached GPUs                             : 1
GPU 00000000:55:00.0
    Product Name                          : NVIDIA RTX 5000 Ada Generation
    Product Brand                         : NVIDIA RTX
    Product Architecture                  : Ada Lovelace
    Display Mode                          : Disabled
    Display Active                        : Disabled
    Persistence Mode                      : Enabled
    Addressing Mode                       : None
    MIG Mode
        Current                           : N/A
        Pending                           : N/A
    Accounting Mode                       : Disabled
    Accounting Mode Buffer Size           : 4000
    Driver Model
        Current                           : N/A
        Pending                           : N/A
    Serial Number                         : 1323925025593
    GPU UUID                              : GPU-ab7a1592-7552-8cc4-e37d-5bf593bd0807
    Minor Number                          : 0
    VBIOS Version                         : 95.02.5E.00.06
    MultiGPU Board                        : No
    Board ID                              : 0x5500
    Board Part Number                     : 900-5G132-0140-000
    GPU Part Number                       : 26B2-850-A1
    FRU Part Number                       : N/A
    Platform Info
        Chassis Serial Number             : N/A
        Slot Number                       : N/A
        Tray Index                        : N/A
        Host ID                           : N/A
        Peer Type                         : N/A
        Module Id                         : 1
        GPU Fabric GUID                   : N/A
    Inforom Version
        Image Version                     : G132.0550.00.02
        OEM Object                        : 2.1
        ECC Object                        : 6.16
        Power Management Object           : N/A
    Inforom BBX Object Flush
        Latest Timestamp                  : N/A
        Latest Duration                   : N/A
    GPU Operation Mode
        Current                           : N/A
        Pending                           : N/A
    GPU C2C Mode                          : N/A
    GPU Virtualization Mode
        Virtualization Mode               : None
        Host VGPU Mode                    : N/A
        vGPU Heterogeneous Mode           : N/A
    GPU Reset Status
        Reset Required                    : Requested functionality has been deprecated
        Drain and Reset Recommended       : Requested functionality has been deprecated
    GPU Recovery Action                   : None
    GSP Firmware Version                  : 570.195.03
    IBMNPU
        Relaxed Ordering Mode             : N/A
    PCI
        Bus                               : 0x55
        Device                            : 0x00
        Domain                            : 0x0000
        Base Classcode                    : 0x3
        Sub Classcode                     : 0x0
        Device Id                         : 0x26B210DE
        Bus Id                            : 00000000:55:00.0
        Sub System Id                     : 0x17FA1028
        GPU Link Info
            PCIe Generation
                Max                       : 4
                Current                   : 1
                Device Current            : 1
                Device Max                : 4
                Host Max                  : 5
            Link Width
                Max                       : 16x
                Current                   : 16x
        Bridge Chip
            Type                          : N/A
            Firmware                      : N/A
        Replays Since Reset               : 0
        Replay Number Rollovers           : 0
        Tx Throughput                     : 390 KB/s
        Rx Throughput                     : 341 KB/s
        Atomic Caps Outbound              : N/A
        Atomic Caps Inbound               : N/A
    Fan Speed                             : 30 %
    Performance State                     : P8
    Clocks Event Reasons
        Idle                              : Active
        Applications Clocks Setting       : Not Active
        SW Power Cap                      : Not Active
        HW Slowdown                       : Not Active
            HW Thermal Slowdown           : Not Active
            HW Power Brake Slowdown       : Not Active
        Sync Boost                        : Not Active
        SW Thermal Slowdown               : Not Active
        Display Clock Setting             : Not Active
    Sparse Operation Mode                 : N/A
    FB Memory Usage
        Total                             : 32760 MiB
        Reserved                          : 530 MiB
        Used                              : 27 MiB
        Free                              : 32204 MiB
    BAR1 Memory Usage
        Total                             : 256 MiB
        Used                              : 11 MiB
        Free                              : 245 MiB
    Conf Compute Protected Memory Usage
        Total                             : 0 MiB
        Used                              : 0 MiB
        Free                              : 0 MiB
    Compute Mode                          : Default
    Utilization
        GPU                               : 0 %
        Memory                            : 0 %
        Encoder                           : 0 %
        Decoder                           : 0 %
        JPEG                              : 0 %
        OFA                               : 0 %
    Encoder Stats
        Active Sessions                   : 0
        Average FPS                       : 0
        Average Latency                   : 0
    FBC Stats
        Active Sessions                   : 0
        Average FPS                       : 0
        Average Latency                   : 0
    DRAM Encryption Mode
        Current                           : N/A
        Pending                           : N/A
    ECC Mode
        Current                           : Disabled
        Pending                           : Disabled
    ECC Errors
        Volatile
            SRAM Correctable              : N/A
            SRAM Uncorrectable Parity     : N/A
            SRAM Uncorrectable SEC-DED    : N/A
            DRAM Correctable              : N/A
            DRAM Uncorrectable            : N/A
        Aggregate
            SRAM Correctable              : N/A
            SRAM Uncorrectable Parity     : N/A
            SRAM Uncorrectable SEC-DED    : N/A
            DRAM Correctable              : N/A
            DRAM Uncorrectable            : N/A
            SRAM Threshold Exceeded       : N/A
        Aggregate Uncorrectable SRAM Sources
            SRAM L2                       : N/A
            SRAM SM                       : N/A
            SRAM Microcontroller          : N/A
            SRAM PCIE                     : N/A
            SRAM Other                    : N/A
    Retired Pages
        Single Bit ECC                    : N/A
        Double Bit ECC                    : N/A
        Pending Page Blacklist            : N/A
    Remapped Rows
        Correctable Error                 : 0
        Uncorrectable Error               : 0
        Pending                           : No
        Remapping Failure Occurred        : No
        Bank Remap Availability Histogram
            Max                           : 128 bank(s)
            High                          : 0 bank(s)
            Partial                       : 0 bank(s)
            Low                           : 0 bank(s)
            None                          : 0 bank(s)
    Temperature
        GPU Current Temp                  : 36 C
        GPU T.Limit Temp                  : 50 C
        GPU Shutdown T.Limit Temp         : -7 C
        GPU Slowdown T.Limit Temp         : -2 C
        GPU Max Operating T.Limit Temp    : 0 C
        GPU Target Temperature            : 84 C
        Memory Current Temp               : N/A
        Memory Max Operating T.Limit Temp : N/A
    GPU Power Readings
        Average Power Draw                : 16.41 W
        Instantaneous Power Draw          : 16.48 W
        Current Power Limit               : 250.00 W
        Requested Power Limit             : 250.00 W
        Default Power Limit               : 250.00 W
        Min Power Limit                   : 100.00 W
        Max Power Limit                   : 250.00 W
    GPU Memory Power Readings 
        Average Power Draw                : N/A
        Instantaneous Power Draw          : N/A
    Module Power Readings
        Average Power Draw                : N/A
        Instantaneous Power Draw          : N/A
        Current Power Limit               : N/A
        Requested Power Limit             : N/A
        Default Power Limit               : N/A
        Min Power Limit                   : N/A
        Max Power Limit                   : N/A
    Power Smoothing                       : N/A
    Workload Power Profiles
        Requested Profiles                : N/A
        Enforced Profiles                 : N/A
    Clocks
        Graphics                          : 210 MHz
        SM                                : 210 MHz
        Memory                            : 405 MHz
        Video                             : 1185 MHz
    Applications Clocks
        Graphics                          : 2550 MHz
        Memory                            : 9001 MHz
    Default Applications Clocks
        Graphics                          : 2550 MHz
        Memory                            : 9001 MHz
    Deferred Clocks
        Memory                            : N/A
    Max Clocks
        Graphics                          : 3105 MHz
        SM                                : 3105 MHz
        Memory                            : 9001 MHz
        Video                             : 2415 MHz
    Max Customer Boost Clocks
        Graphics                          : N/A
    Clock Policy
        Auto Boost                        : N/A
        Auto Boost Default                : N/A
    Voltage
        Graphics                          : N/A
    Fabric
        State                             : N/A
        Status                            : N/A
        CliqueId                          : N/A
        ClusterUUID                       : N/A
        Health
            Bandwidth                     : N/A
            Route Recovery in progress    : N/A
            Route Unhealthy               : N/A
            Access Timeout Recovery       : N/A
    Processes
        GPU instance ID                   : N/A
        Compute instance ID               : N/A
        Process ID                        : 5031
            Type                          : G
            Name                          : /usr/lib/xorg/Xorg
            Used GPU Memory               : 20 MiB
    Capabilities
        EGM                               : disabled

0
ws-l5-029
/home/xuanjie.liu/Projects/S3Plus/VQ/other_task_eval.py:83: FutureWarning: You are using `torch.load` with `weights_only=False` (the current default value), which uses the default pickle module implicitly. It is possible to construct malicious pickle data which will execute arbitrary code during unpickling (See https://github.com/pytorch/pytorch/blob/main/SECURITY.md#untrusted-models for more details). In a future release, the default value for `weights_only` will be flipped to `True`. This limits the functions that could be executed during unpickling. Arbitrary objects will no longer be allowed to be loaded via this mode unless they are explicitly allowlisted by the user via `torch.serialization.add_safe_globals`. We recommend you start setting `weights_only=True` for any use case where you don't have full control of the loaded file. Please open an issue on GitHub for any issues related to this experimental feature.
  self.simple_fc.load_state_dict(torch.load(self.fc_model_path))
Exp path: /home/xuanjie.liu/Projects/S3Plus/VQ/exp/2025.05.19_10vq_Zc[2]_Zs[0]_edim1_[0-20]_plus1024_1_tripleSet_Nothing_trainAll
{'train_data_path': '/home/xuanjie.liu/Projects/S3Plus/VQ/exp/2025.05.19_10vq_Zc[2]_Zs[0]_edim1_[0-20]_plus1024_1_tripleSet_Nothing_trainAll/../../../dataset/single_style_pairs(0,20)_tripleSet_trainAll/train', 'single_img_eval_set_path': '/home/xuanjie.liu/Projects/S3Plus/VQ/exp/2025.05.19_10vq_Zc[2]_Zs[0]_edim1_[0-20]_plus1024_1_tripleSet_Nothing_trainAll/../../../dataset/(0,20)-FixedPos-oneStyle', 'plus_eval_set_path': ['/home/xuanjie.liu/Projects/S3Plus/VQ/exp/2025.05.19_10vq_Zc[2]_Zs[0]_edim1_[0-20]_plus1024_1_tripleSet_Nothing_trainAll/../../../dataset/single_style_pairs(0,20)_tripleSet/test_1', '/home/xuanjie.liu/Projects/S3Plus/VQ/exp/2025.05.19_10vq_Zc[2]_Zs[0]_edim1_[0-20]_plus1024_1_tripleSet_Nothing_trainAll/../../../dataset/single_style_pairs(0,20)_tripleSet/test_2'], 'latent_embedding_1': 2, 'latent_embedding_2': 0, 'multi_num_embeddings': None, 'latent_code_2': 0, 'embedding_dim': 1, 'is_plot_zc_value': True, 'embeddings_num': 10, 'is_plot_vis_num': True, 'kld_loss_scalar': 0.0, 'checkpoint_interval': 2000, 'learning_rate': 0.0001, 'scheduler_base_num': 0.99999, 'max_iter_num': 50001, 'model_path': 'curr_model.pt', 'train_result_path': 'TrainingResults/', 'eval_result_path': 'EvalResults/', 'train_record_path': 'Train_record.txt', 'eval_record_path': 'Eval_record.txt', 'plus_accu_record_path': 'plus_eval.txt', 'log_interval': 500, 'eval_interval': 2000, 'is_save_img': True, 'batch_size': 128, 'is_commutative_train': False, 'is_commutative_all': False, 'z_plus_loss_scalar': 0.02, 'commutative_z_loss_scalar': 0.0, 'associative_z_loss_scalar': 0.0, 'plus_mse_scalar': -1, 'plus_recon_loss_scalar': 3, 'min_loss_scalar': 1e-05, 'K': 1024, 'assoc_aug_range': (-3, 3), 'commitment_scalar': 0.0025, 'embedding_scalar': 0.01, 'isVQStyle': False, 'plus_by_embedding': True, 'plus_by_zcode': False, 'VQPlus_eqLoss_scalar': 0.5, 'is_zc_based_assoc': True, 'is_rand_z_assoc': False, 'is_assoc_within_batch': True, 'is_switch_digital': False, 'is_full_symm': False, 'is_assoc': False, 'is_twice_oper': False, 'img_noise': 0.0, 'network_config': {'enc_dec': {'img_channel': 3, 'last_H': 4, 'last_W': 4, 'first_ch_num': 16}, 'enc_fc': {'n_units': 128, 'n_hidden_layers': 2}, 'plus': {'plus_unit': 1024, 'n_hidden_layers': 2}}, 'eval_config': {'pipeline_result_path': 'PIPELINE_EVAL', 'optimal_checkpoint_finding_config': {'optimal_checkpoint_num': 'find_by_keys', 'record_name': 'Train_record.txt', 'keys': ['plus_recon', 'plus_z', 'loss_oper', 'loss_ED'], 'iter_after': 0.1}, 'plus_eval_configs': [{'name': 'eval_set', 'eval_set_path_list': ['/home/xuanjie.liu/Projects/S3Plus/VQ/exp/2025.05.19_10vq_Zc[2]_Zs[0]_edim1_[0-20]_plus1024_1_tripleSet_Nothing_trainAll/../../../dataset/single_style_pairs(0,20)_tripleSet/test_1', '/home/xuanjie.liu/Projects/S3Plus/VQ/exp/2025.05.19_10vq_Zc[2]_Zs[0]_edim1_[0-20]_plus1024_1_tripleSet_Nothing_trainAll/../../../dataset/single_style_pairs(0,20)_tripleSet/test_2'], 'is_blur': False, 'blur_config': {'kernel_size_choices': (5, 7, 9), 'sigma_range': (0.5, 3.0), 'p_no_blur': 0.0}, 'augment_times': 1}], 'emb_matching_rate_configs': [{'name': 'emb_matching_rate', 'eval_set_path_list': ['/home/xuanjie.liu/Projects/S3Plus/VQ/exp/2025.05.19_10vq_Zc[2]_Zs[0]_edim1_[0-20]_plus1024_1_tripleSet_Nothing_trainAll/../../../dataset/(0,20)-FixedPos-oneStyle'], 'is_blur': False, 'blur_config': {'kernel_size_choices': (5, 7, 9), 'sigma_range': (0.5, 3.0), 'p_no_blur': 0.0}, 'augment_times': 1}], 'orderliness_configs': [{'name': 'orderliness', 'img_dir_name': 'orderliness', 'eval_set_path_list': ['/home/xuanjie.liu/Projects/S3Plus/VQ/exp/2025.05.19_10vq_Zc[2]_Zs[0]_edim1_[0-20]_plus1024_1_tripleSet_Nothing_trainAll/../../../dataset/(0,20)-FixedPos-oneStyle'], 'is_blur': False, 'blur_config': {'kernel_size_choices': (5, 7, 9), 'sigma_range': (0.5, 3.0), 'p_no_blur': 0.0}, 'augment_times': 1}], 'interpolate_configs': [{'name': 'train_interpolate', 'eval_set_path_list': ['/home/xuanjie.liu/Projects/S3Plus/VQ/exp/2025.05.19_10vq_Zc[2]_Zs[0]_edim1_[0-20]_plus1024_1_tripleSet_Nothing_trainAll/../../../dataset/single_style_pairs(0,20)_tripleSet/train'], 'is_blur': False, 'blur_config': {'kernel_size_choices': (5, 7, 9), 'sigma_range': (0.5, 3.0), 'p_no_blur': 0.0}, 'augment_times': 1, 'interpolate_num': 1}]}}
[{'task_name': 'minus_16_1.1', 'train_data_path': '/home/xuanjie.liu/Projects/S3Plus/VQ/exp/2025.05.19_10vq_Zc[2]_Zs[0]_edim1_[0-20]_plus1024_1_tripleSet_Nothing_trainAll/../../../dataset/single_style_pairs_minus(0,20)/train', 'eval_data_path': '/home/xuanjie.liu/Projects/S3Plus/VQ/exp/2025.05.19_10vq_Zc[2]_Zs[0]_edim1_[0-20]_plus1024_1_tripleSet_Nothing_trainAll/../../../dataset/single_style_pairs_minus(0,20)/test', 'batch_size': 128, 'train_record_path': 'train_record.txt', 'eval_record_path': 'eval_record.txt', 'pretrained_path': 'checkpoint_40000.pt', 'fc_model_path': 'minus_model.pt', 'max_iter_num': 20001, 'log_interval': 200, 'num_class': 21, 'fc_network_config': {'plus_unit': 16, 'n_hidden_layers': 1}, 'learning_rate': 0.001}]
Sub-Exp path: /home/xuanjie.liu/Projects/S3Plus/VQ/exp/2025.05.19_10vq_Zc[2]_Zs[0]_edim1_[0-20]_plus1024_1_tripleSet_Nothing_trainAll/1
Optimal checkpoint: 48000
Pretrained Model is loaded
No more training is needed
No more training is needed
No more training is needed
No more training is needed
No more training is needed
No more training is needed
No more training is needed
No more training is needed
No more training is needed
No more training is needed
No more training is needed
No more training is needed
No more training is needed
No more training is needed
No more training is needed
No more training is needed
No more training is needed
No more training is needed
No more training is needed
No more training is needed
Exp path: /home/xuanjie.liu/Projects/S3Plus/VQ/exp/2025.05.19_10vq_Zc[2]_Zs[0]_edim1_[0-20]_plus1024_1_tripleSet_Nothing_trainAll
{'train_data_path': '/home/xuanjie.liu/Projects/S3Plus/VQ/exp/2025.05.19_10vq_Zc[2]_Zs[0]_edim1_[0-20]_plus1024_1_tripleSet_Nothing_trainAll/../../../dataset/single_style_pairs(0,20)_tripleSet_trainAll/train', 'single_img_eval_set_path': '/home/xuanjie.liu/Projects/S3Plus/VQ/exp/2025.05.19_10vq_Zc[2]_Zs[0]_edim1_[0-20]_plus1024_1_tripleSet_Nothing_trainAll/../../../dataset/(0,20)-FixedPos-oneStyle', 'plus_eval_set_path': ['/home/xuanjie.liu/Projects/S3Plus/VQ/exp/2025.05.19_10vq_Zc[2]_Zs[0]_edim1_[0-20]_plus1024_1_tripleSet_Nothing_trainAll/../../../dataset/single_style_pairs(0,20)_tripleSet/test_1', '/home/xuanjie.liu/Projects/S3Plus/VQ/exp/2025.05.19_10vq_Zc[2]_Zs[0]_edim1_[0-20]_plus1024_1_tripleSet_Nothing_trainAll/../../../dataset/single_style_pairs(0,20)_tripleSet/test_2'], 'latent_embedding_1': 2, 'latent_embedding_2': 0, 'multi_num_embeddings': None, 'latent_code_2': 0, 'embedding_dim': 1, 'is_plot_zc_value': True, 'embeddings_num': 10, 'is_plot_vis_num': True, 'kld_loss_scalar': 0.0, 'checkpoint_interval': 2000, 'learning_rate': 0.0001, 'scheduler_base_num': 0.99999, 'max_iter_num': 50001, 'model_path': 'curr_model.pt', 'train_result_path': 'TrainingResults/', 'eval_result_path': 'EvalResults/', 'train_record_path': 'Train_record.txt', 'eval_record_path': 'Eval_record.txt', 'plus_accu_record_path': 'plus_eval.txt', 'log_interval': 500, 'eval_interval': 2000, 'is_save_img': True, 'batch_size': 128, 'is_commutative_train': False, 'is_commutative_all': False, 'z_plus_loss_scalar': 0.02, 'commutative_z_loss_scalar': 0.0, 'associative_z_loss_scalar': 0.0, 'plus_mse_scalar': -1, 'plus_recon_loss_scalar': 3, 'min_loss_scalar': 1e-05, 'K': 1024, 'assoc_aug_range': (-3, 3), 'commitment_scalar': 0.0025, 'embedding_scalar': 0.01, 'isVQStyle': False, 'plus_by_embedding': True, 'plus_by_zcode': False, 'VQPlus_eqLoss_scalar': 0.5, 'is_zc_based_assoc': True, 'is_rand_z_assoc': False, 'is_assoc_within_batch': True, 'is_switch_digital': False, 'is_full_symm': False, 'is_assoc': False, 'is_twice_oper': False, 'img_noise': 0.0, 'network_config': {'enc_dec': {'img_channel': 3, 'last_H': 4, 'last_W': 4, 'first_ch_num': 16}, 'enc_fc': {'n_units': 128, 'n_hidden_layers': 2}, 'plus': {'plus_unit': 1024, 'n_hidden_layers': 2}}, 'eval_config': {'pipeline_result_path': 'PIPELINE_EVAL', 'optimal_checkpoint_finding_config': {'optimal_checkpoint_num': 'find_by_keys', 'record_name': 'Train_record.txt', 'keys': ['plus_recon', 'plus_z', 'loss_oper', 'loss_ED'], 'iter_after': 0.1}, 'plus_eval_configs': [{'name': 'eval_set', 'eval_set_path_list': ['/home/xuanjie.liu/Projects/S3Plus/VQ/exp/2025.05.19_10vq_Zc[2]_Zs[0]_edim1_[0-20]_plus1024_1_tripleSet_Nothing_trainAll/../../../dataset/single_style_pairs(0,20)_tripleSet/test_1', '/home/xuanjie.liu/Projects/S3Plus/VQ/exp/2025.05.19_10vq_Zc[2]_Zs[0]_edim1_[0-20]_plus1024_1_tripleSet_Nothing_trainAll/../../../dataset/single_style_pairs(0,20)_tripleSet/test_2'], 'is_blur': False, 'blur_config': {'kernel_size_choices': (5, 7, 9), 'sigma_range': (0.5, 3.0), 'p_no_blur': 0.0}, 'augment_times': 1}], 'emb_matching_rate_configs': [{'name': 'emb_matching_rate', 'eval_set_path_list': ['/home/xuanjie.liu/Projects/S3Plus/VQ/exp/2025.05.19_10vq_Zc[2]_Zs[0]_edim1_[0-20]_plus1024_1_tripleSet_Nothing_trainAll/../../../dataset/(0,20)-FixedPos-oneStyle'], 'is_blur': False, 'blur_config': {'kernel_size_choices': (5, 7, 9), 'sigma_range': (0.5, 3.0), 'p_no_blur': 0.0}, 'augment_times': 1}], 'orderliness_configs': [{'name': 'orderliness', 'img_dir_name': 'orderliness', 'eval_set_path_list': ['/home/xuanjie.liu/Projects/S3Plus/VQ/exp/2025.05.19_10vq_Zc[2]_Zs[0]_edim1_[0-20]_plus1024_1_tripleSet_Nothing_trainAll/../../../dataset/(0,20)-FixedPos-oneStyle'], 'is_blur': False, 'blur_config': {'kernel_size_choices': (5, 7, 9), 'sigma_range': (0.5, 3.0), 'p_no_blur': 0.0}, 'augment_times': 1}], 'interpolate_configs': [{'name': 'train_interpolate', 'eval_set_path_list': ['/home/xuanjie.liu/Projects/S3Plus/VQ/exp/2025.05.19_10vq_Zc[2]_Zs[0]_edim1_[0-20]_plus1024_1_tripleSet_Nothing_trainAll/../../../dataset/single_style_pairs(0,20)_tripleSet/train'], 'is_blur': False, 'blur_config': {'kernel_size_choices': (5, 7, 9), 'sigma_range': (0.5, 3.0), 'p_no_blur': 0.0}, 'augment_times': 1, 'interpolate_num': 1}]}}
[{'task_name': 'minus_16_1.1', 'train_data_path': '/home/xuanjie.liu/Projects/S3Plus/VQ/exp/2025.05.19_10vq_Zc[2]_Zs[0]_edim1_[0-20]_plus1024_1_tripleSet_Nothing_trainAll/../../../dataset/single_style_pairs_minus(0,20)/train', 'eval_data_path': '/home/xuanjie.liu/Projects/S3Plus/VQ/exp/2025.05.19_10vq_Zc[2]_Zs[0]_edim1_[0-20]_plus1024_1_tripleSet_Nothing_trainAll/../../../dataset/single_style_pairs_minus(0,20)/test', 'batch_size': 128, 'train_record_path': 'train_record.txt', 'eval_record_path': 'eval_record.txt', 'pretrained_path': 'checkpoint_40000.pt', 'fc_model_path': 'minus_model.pt', 'max_iter_num': 20001, 'log_interval': 200, 'num_class': 21, 'fc_network_config': {'plus_unit': 16, 'n_hidden_layers': 1}, 'learning_rate': 0.001}]
Sub-Exp path: /home/xuanjie.liu/Projects/S3Plus/VQ/exp/2025.05.19_10vq_Zc[2]_Zs[0]_edim1_[0-20]_plus1024_1_tripleSet_Nothing_trainAll/2
Optimal checkpoint: 48000
Pretrained Model is loaded
No more training is needed
No more training is needed
No more training is needed
No more training is needed
No more training is needed
No more training is needed
No more training is needed
No more training is needed
No more training is needed
No more training is needed
No more training is needed
No more training is needed
No more training is needed
No more training is needed
No more training is needed
No more training is needed
No more training is needed
No more training is needed
No more training is needed
No more training is needed
Exp path: /home/xuanjie.liu/Projects/S3Plus/VQ/exp/2025.05.19_10vq_Zc[2]_Zs[0]_edim1_[0-20]_plus1024_1_tripleSet_Nothing_trainAll
{'train_data_path': '/home/xuanjie.liu/Projects/S3Plus/VQ/exp/2025.05.19_10vq_Zc[2]_Zs[0]_edim1_[0-20]_plus1024_1_tripleSet_Nothing_trainAll/../../../dataset/single_style_pairs(0,20)_tripleSet_trainAll/train', 'single_img_eval_set_path': '/home/xuanjie.liu/Projects/S3Plus/VQ/exp/2025.05.19_10vq_Zc[2]_Zs[0]_edim1_[0-20]_plus1024_1_tripleSet_Nothing_trainAll/../../../dataset/(0,20)-FixedPos-oneStyle', 'plus_eval_set_path': ['/home/xuanjie.liu/Projects/S3Plus/VQ/exp/2025.05.19_10vq_Zc[2]_Zs[0]_edim1_[0-20]_plus1024_1_tripleSet_Nothing_trainAll/../../../dataset/single_style_pairs(0,20)_tripleSet/test_1', '/home/xuanjie.liu/Projects/S3Plus/VQ/exp/2025.05.19_10vq_Zc[2]_Zs[0]_edim1_[0-20]_plus1024_1_tripleSet_Nothing_trainAll/../../../dataset/single_style_pairs(0,20)_tripleSet/test_2'], 'latent_embedding_1': 2, 'latent_embedding_2': 0, 'multi_num_embeddings': None, 'latent_code_2': 0, 'embedding_dim': 1, 'is_plot_zc_value': True, 'embeddings_num': 10, 'is_plot_vis_num': True, 'kld_loss_scalar': 0.0, 'checkpoint_interval': 2000, 'learning_rate': 0.0001, 'scheduler_base_num': 0.99999, 'max_iter_num': 50001, 'model_path': 'curr_model.pt', 'train_result_path': 'TrainingResults/', 'eval_result_path': 'EvalResults/', 'train_record_path': 'Train_record.txt', 'eval_record_path': 'Eval_record.txt', 'plus_accu_record_path': 'plus_eval.txt', 'log_interval': 500, 'eval_interval': 2000, 'is_save_img': True, 'batch_size': 128, 'is_commutative_train': False, 'is_commutative_all': False, 'z_plus_loss_scalar': 0.02, 'commutative_z_loss_scalar': 0.0, 'associative_z_loss_scalar': 0.0, 'plus_mse_scalar': -1, 'plus_recon_loss_scalar': 3, 'min_loss_scalar': 1e-05, 'K': 1024, 'assoc_aug_range': (-3, 3), 'commitment_scalar': 0.0025, 'embedding_scalar': 0.01, 'isVQStyle': False, 'plus_by_embedding': True, 'plus_by_zcode': False, 'VQPlus_eqLoss_scalar': 0.5, 'is_zc_based_assoc': True, 'is_rand_z_assoc': False, 'is_assoc_within_batch': True, 'is_switch_digital': False, 'is_full_symm': False, 'is_assoc': False, 'is_twice_oper': False, 'img_noise': 0.0, 'network_config': {'enc_dec': {'img_channel': 3, 'last_H': 4, 'last_W': 4, 'first_ch_num': 16}, 'enc_fc': {'n_units': 128, 'n_hidden_layers': 2}, 'plus': {'plus_unit': 1024, 'n_hidden_layers': 2}}, 'eval_config': {'pipeline_result_path': 'PIPELINE_EVAL', 'optimal_checkpoint_finding_config': {'optimal_checkpoint_num': 'find_by_keys', 'record_name': 'Train_record.txt', 'keys': ['plus_recon', 'plus_z', 'loss_oper', 'loss_ED'], 'iter_after': 0.1}, 'plus_eval_configs': [{'name': 'eval_set', 'eval_set_path_list': ['/home/xuanjie.liu/Projects/S3Plus/VQ/exp/2025.05.19_10vq_Zc[2]_Zs[0]_edim1_[0-20]_plus1024_1_tripleSet_Nothing_trainAll/../../../dataset/single_style_pairs(0,20)_tripleSet/test_1', '/home/xuanjie.liu/Projects/S3Plus/VQ/exp/2025.05.19_10vq_Zc[2]_Zs[0]_edim1_[0-20]_plus1024_1_tripleSet_Nothing_trainAll/../../../dataset/single_style_pairs(0,20)_tripleSet/test_2'], 'is_blur': False, 'blur_config': {'kernel_size_choices': (5, 7, 9), 'sigma_range': (0.5, 3.0), 'p_no_blur': 0.0}, 'augment_times': 1}], 'emb_matching_rate_configs': [{'name': 'emb_matching_rate', 'eval_set_path_list': ['/home/xuanjie.liu/Projects/S3Plus/VQ/exp/2025.05.19_10vq_Zc[2]_Zs[0]_edim1_[0-20]_plus1024_1_tripleSet_Nothing_trainAll/../../../dataset/(0,20)-FixedPos-oneStyle'], 'is_blur': False, 'blur_config': {'kernel_size_choices': (5, 7, 9), 'sigma_range': (0.5, 3.0), 'p_no_blur': 0.0}, 'augment_times': 1}], 'orderliness_configs': [{'name': 'orderliness', 'img_dir_name': 'orderliness', 'eval_set_path_list': ['/home/xuanjie.liu/Projects/S3Plus/VQ/exp/2025.05.19_10vq_Zc[2]_Zs[0]_edim1_[0-20]_plus1024_1_tripleSet_Nothing_trainAll/../../../dataset/(0,20)-FixedPos-oneStyle'], 'is_blur': False, 'blur_config': {'kernel_size_choices': (5, 7, 9), 'sigma_range': (0.5, 3.0), 'p_no_blur': 0.0}, 'augment_times': 1}], 'interpolate_configs': [{'name': 'train_interpolate', 'eval_set_path_list': ['/home/xuanjie.liu/Projects/S3Plus/VQ/exp/2025.05.19_10vq_Zc[2]_Zs[0]_edim1_[0-20]_plus1024_1_tripleSet_Nothing_trainAll/../../../dataset/single_style_pairs(0,20)_tripleSet/train'], 'is_blur': False, 'blur_config': {'kernel_size_choices': (5, 7, 9), 'sigma_range': (0.5, 3.0), 'p_no_blur': 0.0}, 'augment_times': 1, 'interpolate_num': 1}]}}
[{'task_name': 'minus_16_1.1', 'train_data_path': '/home/xuanjie.liu/Projects/S3Plus/VQ/exp/2025.05.19_10vq_Zc[2]_Zs[0]_edim1_[0-20]_plus1024_1_tripleSet_Nothing_trainAll/../../../dataset/single_style_pairs_minus(0,20)/train', 'eval_data_path': '/home/xuanjie.liu/Projects/S3Plus/VQ/exp/2025.05.19_10vq_Zc[2]_Zs[0]_edim1_[0-20]_plus1024_1_tripleSet_Nothing_trainAll/../../../dataset/single_style_pairs_minus(0,20)/test', 'batch_size': 128, 'train_record_path': 'train_record.txt', 'eval_record_path': 'eval_record.txt', 'pretrained_path': 'checkpoint_40000.pt', 'fc_model_path': 'minus_model.pt', 'max_iter_num': 20001, 'log_interval': 200, 'num_class': 21, 'fc_network_config': {'plus_unit': 16, 'n_hidden_layers': 1}, 'learning_rate': 0.001}]
Sub-Exp path: /home/xuanjie.liu/Projects/S3Plus/VQ/exp/2025.05.19_10vq_Zc[2]_Zs[0]_edim1_[0-20]_plus1024_1_tripleSet_Nothing_trainAll/3
Optimal checkpoint: 48000
Pretrained Model is loaded
No more training is needed
No more training is needed
No more training is needed
No more training is needed
No more training is needed
No more training is needed
No more training is needed
No more training is needed
No more training is needed
No more training is needed
No more training is needed
No more training is needed
No more training is needed
No more training is needed
No more training is needed
No more training is needed
No more training is needed
No more training is needed
No more training is needed
No more training is needed
Exp path: /home/xuanjie.liu/Projects/S3Plus/VQ/exp/2025.05.19_10vq_Zc[2]_Zs[0]_edim1_[0-20]_plus1024_1_tripleSet_Nothing_trainAll
{'train_data_path': '/home/xuanjie.liu/Projects/S3Plus/VQ/exp/2025.05.19_10vq_Zc[2]_Zs[0]_edim1_[0-20]_plus1024_1_tripleSet_Nothing_trainAll/../../../dataset/single_style_pairs(0,20)_tripleSet_trainAll/train', 'single_img_eval_set_path': '/home/xuanjie.liu/Projects/S3Plus/VQ/exp/2025.05.19_10vq_Zc[2]_Zs[0]_edim1_[0-20]_plus1024_1_tripleSet_Nothing_trainAll/../../../dataset/(0,20)-FixedPos-oneStyle', 'plus_eval_set_path': ['/home/xuanjie.liu/Projects/S3Plus/VQ/exp/2025.05.19_10vq_Zc[2]_Zs[0]_edim1_[0-20]_plus1024_1_tripleSet_Nothing_trainAll/../../../dataset/single_style_pairs(0,20)_tripleSet/test_1', '/home/xuanjie.liu/Projects/S3Plus/VQ/exp/2025.05.19_10vq_Zc[2]_Zs[0]_edim1_[0-20]_plus1024_1_tripleSet_Nothing_trainAll/../../../dataset/single_style_pairs(0,20)_tripleSet/test_2'], 'latent_embedding_1': 2, 'latent_embedding_2': 0, 'multi_num_embeddings': None, 'latent_code_2': 0, 'embedding_dim': 1, 'is_plot_zc_value': True, 'embeddings_num': 10, 'is_plot_vis_num': True, 'kld_loss_scalar': 0.0, 'checkpoint_interval': 2000, 'learning_rate': 0.0001, 'scheduler_base_num': 0.99999, 'max_iter_num': 50001, 'model_path': 'curr_model.pt', 'train_result_path': 'TrainingResults/', 'eval_result_path': 'EvalResults/', 'train_record_path': 'Train_record.txt', 'eval_record_path': 'Eval_record.txt', 'plus_accu_record_path': 'plus_eval.txt', 'log_interval': 500, 'eval_interval': 2000, 'is_save_img': True, 'batch_size': 128, 'is_commutative_train': False, 'is_commutative_all': False, 'z_plus_loss_scalar': 0.02, 'commutative_z_loss_scalar': 0.0, 'associative_z_loss_scalar': 0.0, 'plus_mse_scalar': -1, 'plus_recon_loss_scalar': 3, 'min_loss_scalar': 1e-05, 'K': 1024, 'assoc_aug_range': (-3, 3), 'commitment_scalar': 0.0025, 'embedding_scalar': 0.01, 'isVQStyle': False, 'plus_by_embedding': True, 'plus_by_zcode': False, 'VQPlus_eqLoss_scalar': 0.5, 'is_zc_based_assoc': True, 'is_rand_z_assoc': False, 'is_assoc_within_batch': True, 'is_switch_digital': False, 'is_full_symm': False, 'is_assoc': False, 'is_twice_oper': False, 'img_noise': 0.0, 'network_config': {'enc_dec': {'img_channel': 3, 'last_H': 4, 'last_W': 4, 'first_ch_num': 16}, 'enc_fc': {'n_units': 128, 'n_hidden_layers': 2}, 'plus': {'plus_unit': 1024, 'n_hidden_layers': 2}}, 'eval_config': {'pipeline_result_path': 'PIPELINE_EVAL', 'optimal_checkpoint_finding_config': {'optimal_checkpoint_num': 'find_by_keys', 'record_name': 'Train_record.txt', 'keys': ['plus_recon', 'plus_z', 'loss_oper', 'loss_ED'], 'iter_after': 0.1}, 'plus_eval_configs': [{'name': 'eval_set', 'eval_set_path_list': ['/home/xuanjie.liu/Projects/S3Plus/VQ/exp/2025.05.19_10vq_Zc[2]_Zs[0]_edim1_[0-20]_plus1024_1_tripleSet_Nothing_trainAll/../../../dataset/single_style_pairs(0,20)_tripleSet/test_1', '/home/xuanjie.liu/Projects/S3Plus/VQ/exp/2025.05.19_10vq_Zc[2]_Zs[0]_edim1_[0-20]_plus1024_1_tripleSet_Nothing_trainAll/../../../dataset/single_style_pairs(0,20)_tripleSet/test_2'], 'is_blur': False, 'blur_config': {'kernel_size_choices': (5, 7, 9), 'sigma_range': (0.5, 3.0), 'p_no_blur': 0.0}, 'augment_times': 1}], 'emb_matching_rate_configs': [{'name': 'emb_matching_rate', 'eval_set_path_list': ['/home/xuanjie.liu/Projects/S3Plus/VQ/exp/2025.05.19_10vq_Zc[2]_Zs[0]_edim1_[0-20]_plus1024_1_tripleSet_Nothing_trainAll/../../../dataset/(0,20)-FixedPos-oneStyle'], 'is_blur': False, 'blur_config': {'kernel_size_choices': (5, 7, 9), 'sigma_range': (0.5, 3.0), 'p_no_blur': 0.0}, 'augment_times': 1}], 'orderliness_configs': [{'name': 'orderliness', 'img_dir_name': 'orderliness', 'eval_set_path_list': ['/home/xuanjie.liu/Projects/S3Plus/VQ/exp/2025.05.19_10vq_Zc[2]_Zs[0]_edim1_[0-20]_plus1024_1_tripleSet_Nothing_trainAll/../../../dataset/(0,20)-FixedPos-oneStyle'], 'is_blur': False, 'blur_config': {'kernel_size_choices': (5, 7, 9), 'sigma_range': (0.5, 3.0), 'p_no_blur': 0.0}, 'augment_times': 1}], 'interpolate_configs': [{'name': 'train_interpolate', 'eval_set_path_list': ['/home/xuanjie.liu/Projects/S3Plus/VQ/exp/2025.05.19_10vq_Zc[2]_Zs[0]_edim1_[0-20]_plus1024_1_tripleSet_Nothing_trainAll/../../../dataset/single_style_pairs(0,20)_tripleSet/train'], 'is_blur': False, 'blur_config': {'kernel_size_choices': (5, 7, 9), 'sigma_range': (0.5, 3.0), 'p_no_blur': 0.0}, 'augment_times': 1, 'interpolate_num': 1}]}}
[{'task_name': 'minus_16_1.1', 'train_data_path': '/home/xuanjie.liu/Projects/S3Plus/VQ/exp/2025.05.19_10vq_Zc[2]_Zs[0]_edim1_[0-20]_plus1024_1_tripleSet_Nothing_trainAll/../../../dataset/single_style_pairs_minus(0,20)/train', 'eval_data_path': '/home/xuanjie.liu/Projects/S3Plus/VQ/exp/2025.05.19_10vq_Zc[2]_Zs[0]_edim1_[0-20]_plus1024_1_tripleSet_Nothing_trainAll/../../../dataset/single_style_pairs_minus(0,20)/test', 'batch_size': 128, 'train_record_path': 'train_record.txt', 'eval_record_path': 'eval_record.txt', 'pretrained_path': 'checkpoint_40000.pt', 'fc_model_path': 'minus_model.pt', 'max_iter_num': 20001, 'log_interval': 200, 'num_class': 21, 'fc_network_config': {'plus_unit': 16, 'n_hidden_layers': 1}, 'learning_rate': 0.001}]
Sub-Exp path: /home/xuanjie.liu/Projects/S3Plus/VQ/exp/2025.05.19_10vq_Zc[2]_Zs[0]_edim1_[0-20]_plus1024_1_tripleSet_Nothing_trainAll/4
Optimal checkpoint: 48000
Pretrained Model is loaded
No more training is needed
No more training is needed
No more training is needed
No more training is needed
No more training is needed
No more training is needed
No more training is needed
No more training is needed
No more training is needed
No more training is needed
No more training is needed
No more training is needed
No more training is needed
No more training is needed
No more training is needed
No more training is needed
No more training is needed
No more training is needed
No more training is needed
No more training is needed
Exp path: /home/xuanjie.liu/Projects/S3Plus/VQ/exp/2025.05.19_10vq_Zc[2]_Zs[0]_edim1_[0-20]_plus1024_1_tripleSet_Nothing_trainAll
{'train_data_path': '/home/xuanjie.liu/Projects/S3Plus/VQ/exp/2025.05.19_10vq_Zc[2]_Zs[0]_edim1_[0-20]_plus1024_1_tripleSet_Nothing_trainAll/../../../dataset/single_style_pairs(0,20)_tripleSet_trainAll/train', 'single_img_eval_set_path': '/home/xuanjie.liu/Projects/S3Plus/VQ/exp/2025.05.19_10vq_Zc[2]_Zs[0]_edim1_[0-20]_plus1024_1_tripleSet_Nothing_trainAll/../../../dataset/(0,20)-FixedPos-oneStyle', 'plus_eval_set_path': ['/home/xuanjie.liu/Projects/S3Plus/VQ/exp/2025.05.19_10vq_Zc[2]_Zs[0]_edim1_[0-20]_plus1024_1_tripleSet_Nothing_trainAll/../../../dataset/single_style_pairs(0,20)_tripleSet/test_1', '/home/xuanjie.liu/Projects/S3Plus/VQ/exp/2025.05.19_10vq_Zc[2]_Zs[0]_edim1_[0-20]_plus1024_1_tripleSet_Nothing_trainAll/../../../dataset/single_style_pairs(0,20)_tripleSet/test_2'], 'latent_embedding_1': 2, 'latent_embedding_2': 0, 'multi_num_embeddings': None, 'latent_code_2': 0, 'embedding_dim': 1, 'is_plot_zc_value': True, 'embeddings_num': 10, 'is_plot_vis_num': True, 'kld_loss_scalar': 0.0, 'checkpoint_interval': 2000, 'learning_rate': 0.0001, 'scheduler_base_num': 0.99999, 'max_iter_num': 50001, 'model_path': 'curr_model.pt', 'train_result_path': 'TrainingResults/', 'eval_result_path': 'EvalResults/', 'train_record_path': 'Train_record.txt', 'eval_record_path': 'Eval_record.txt', 'plus_accu_record_path': 'plus_eval.txt', 'log_interval': 500, 'eval_interval': 2000, 'is_save_img': True, 'batch_size': 128, 'is_commutative_train': False, 'is_commutative_all': False, 'z_plus_loss_scalar': 0.02, 'commutative_z_loss_scalar': 0.0, 'associative_z_loss_scalar': 0.0, 'plus_mse_scalar': -1, 'plus_recon_loss_scalar': 3, 'min_loss_scalar': 1e-05, 'K': 1024, 'assoc_aug_range': (-3, 3), 'commitment_scalar': 0.0025, 'embedding_scalar': 0.01, 'isVQStyle': False, 'plus_by_embedding': True, 'plus_by_zcode': False, 'VQPlus_eqLoss_scalar': 0.5, 'is_zc_based_assoc': True, 'is_rand_z_assoc': False, 'is_assoc_within_batch': True, 'is_switch_digital': False, 'is_full_symm': False, 'is_assoc': False, 'is_twice_oper': False, 'img_noise': 0.0, 'network_config': {'enc_dec': {'img_channel': 3, 'last_H': 4, 'last_W': 4, 'first_ch_num': 16}, 'enc_fc': {'n_units': 128, 'n_hidden_layers': 2}, 'plus': {'plus_unit': 1024, 'n_hidden_layers': 2}}, 'eval_config': {'pipeline_result_path': 'PIPELINE_EVAL', 'optimal_checkpoint_finding_config': {'optimal_checkpoint_num': 'find_by_keys', 'record_name': 'Train_record.txt', 'keys': ['plus_recon', 'plus_z', 'loss_oper', 'loss_ED'], 'iter_after': 0.1}, 'plus_eval_configs': [{'name': 'eval_set', 'eval_set_path_list': ['/home/xuanjie.liu/Projects/S3Plus/VQ/exp/2025.05.19_10vq_Zc[2]_Zs[0]_edim1_[0-20]_plus1024_1_tripleSet_Nothing_trainAll/../../../dataset/single_style_pairs(0,20)_tripleSet/test_1', '/home/xuanjie.liu/Projects/S3Plus/VQ/exp/2025.05.19_10vq_Zc[2]_Zs[0]_edim1_[0-20]_plus1024_1_tripleSet_Nothing_trainAll/../../../dataset/single_style_pairs(0,20)_tripleSet/test_2'], 'is_blur': False, 'blur_config': {'kernel_size_choices': (5, 7, 9), 'sigma_range': (0.5, 3.0), 'p_no_blur': 0.0}, 'augment_times': 1}], 'emb_matching_rate_configs': [{'name': 'emb_matching_rate', 'eval_set_path_list': ['/home/xuanjie.liu/Projects/S3Plus/VQ/exp/2025.05.19_10vq_Zc[2]_Zs[0]_edim1_[0-20]_plus1024_1_tripleSet_Nothing_trainAll/../../../dataset/(0,20)-FixedPos-oneStyle'], 'is_blur': False, 'blur_config': {'kernel_size_choices': (5, 7, 9), 'sigma_range': (0.5, 3.0), 'p_no_blur': 0.0}, 'augment_times': 1}], 'orderliness_configs': [{'name': 'orderliness', 'img_dir_name': 'orderliness', 'eval_set_path_list': ['/home/xuanjie.liu/Projects/S3Plus/VQ/exp/2025.05.19_10vq_Zc[2]_Zs[0]_edim1_[0-20]_plus1024_1_tripleSet_Nothing_trainAll/../../../dataset/(0,20)-FixedPos-oneStyle'], 'is_blur': False, 'blur_config': {'kernel_size_choices': (5, 7, 9), 'sigma_range': (0.5, 3.0), 'p_no_blur': 0.0}, 'augment_times': 1}], 'interpolate_configs': [{'name': 'train_interpolate', 'eval_set_path_list': ['/home/xuanjie.liu/Projects/S3Plus/VQ/exp/2025.05.19_10vq_Zc[2]_Zs[0]_edim1_[0-20]_plus1024_1_tripleSet_Nothing_trainAll/../../../dataset/single_style_pairs(0,20)_tripleSet/train'], 'is_blur': False, 'blur_config': {'kernel_size_choices': (5, 7, 9), 'sigma_range': (0.5, 3.0), 'p_no_blur': 0.0}, 'augment_times': 1, 'interpolate_num': 1}]}}
[{'task_name': 'minus_16_1.1', 'train_data_path': '/home/xuanjie.liu/Projects/S3Plus/VQ/exp/2025.05.19_10vq_Zc[2]_Zs[0]_edim1_[0-20]_plus1024_1_tripleSet_Nothing_trainAll/../../../dataset/single_style_pairs_minus(0,20)/train', 'eval_data_path': '/home/xuanjie.liu/Projects/S3Plus/VQ/exp/2025.05.19_10vq_Zc[2]_Zs[0]_edim1_[0-20]_plus1024_1_tripleSet_Nothing_trainAll/../../../dataset/single_style_pairs_minus(0,20)/test', 'batch_size': 128, 'train_record_path': 'train_record.txt', 'eval_record_path': 'eval_record.txt', 'pretrained_path': 'checkpoint_40000.pt', 'fc_model_path': 'minus_model.pt', 'max_iter_num': 20001, 'log_interval': 200, 'num_class': 21, 'fc_network_config': {'plus_unit': 16, 'n_hidden_layers': 1}, 'learning_rate': 0.001}]
Sub-Exp path: /home/xuanjie.liu/Projects/S3Plus/VQ/exp/2025.05.19_10vq_Zc[2]_Zs[0]_edim1_[0-20]_plus1024_1_tripleSet_Nothing_trainAll/5
Optimal checkpoint: 46000
Pretrained Model is loaded
No more training is needed
No more training is needed
No more training is needed
No more training is needed
No more training is needed
No more training is needed
No more training is needed
No more training is needed
No more training is needed
No more training is needed
No more training is needed
No more training is needed
No more training is needed
No more training is needed
No more training is needed
No more training is needed
No more training is needed
No more training is needed
No more training is needed
No more training is needed
Exp path: /home/xuanjie.liu/Projects/S3Plus/VQ/exp/2025.05.19_10vq_Zc[2]_Zs[0]_edim1_[0-20]_plus1024_1_tripleSet_Nothing_trainAll
{'train_data_path': '/home/xuanjie.liu/Projects/S3Plus/VQ/exp/2025.05.19_10vq_Zc[2]_Zs[0]_edim1_[0-20]_plus1024_1_tripleSet_Nothing_trainAll/../../../dataset/single_style_pairs(0,20)_tripleSet_trainAll/train', 'single_img_eval_set_path': '/home/xuanjie.liu/Projects/S3Plus/VQ/exp/2025.05.19_10vq_Zc[2]_Zs[0]_edim1_[0-20]_plus1024_1_tripleSet_Nothing_trainAll/../../../dataset/(0,20)-FixedPos-oneStyle', 'plus_eval_set_path': ['/home/xuanjie.liu/Projects/S3Plus/VQ/exp/2025.05.19_10vq_Zc[2]_Zs[0]_edim1_[0-20]_plus1024_1_tripleSet_Nothing_trainAll/../../../dataset/single_style_pairs(0,20)_tripleSet/test_1', '/home/xuanjie.liu/Projects/S3Plus/VQ/exp/2025.05.19_10vq_Zc[2]_Zs[0]_edim1_[0-20]_plus1024_1_tripleSet_Nothing_trainAll/../../../dataset/single_style_pairs(0,20)_tripleSet/test_2'], 'latent_embedding_1': 2, 'latent_embedding_2': 0, 'multi_num_embeddings': None, 'latent_code_2': 0, 'embedding_dim': 1, 'is_plot_zc_value': True, 'embeddings_num': 10, 'is_plot_vis_num': True, 'kld_loss_scalar': 0.0, 'checkpoint_interval': 2000, 'learning_rate': 0.0001, 'scheduler_base_num': 0.99999, 'max_iter_num': 50001, 'model_path': 'curr_model.pt', 'train_result_path': 'TrainingResults/', 'eval_result_path': 'EvalResults/', 'train_record_path': 'Train_record.txt', 'eval_record_path': 'Eval_record.txt', 'plus_accu_record_path': 'plus_eval.txt', 'log_interval': 500, 'eval_interval': 2000, 'is_save_img': True, 'batch_size': 128, 'is_commutative_train': False, 'is_commutative_all': False, 'z_plus_loss_scalar': 0.02, 'commutative_z_loss_scalar': 0.0, 'associative_z_loss_scalar': 0.0, 'plus_mse_scalar': -1, 'plus_recon_loss_scalar': 3, 'min_loss_scalar': 1e-05, 'K': 1024, 'assoc_aug_range': (-3, 3), 'commitment_scalar': 0.0025, 'embedding_scalar': 0.01, 'isVQStyle': False, 'plus_by_embedding': True, 'plus_by_zcode': False, 'VQPlus_eqLoss_scalar': 0.5, 'is_zc_based_assoc': True, 'is_rand_z_assoc': False, 'is_assoc_within_batch': True, 'is_switch_digital': False, 'is_full_symm': False, 'is_assoc': False, 'is_twice_oper': False, 'img_noise': 0.0, 'network_config': {'enc_dec': {'img_channel': 3, 'last_H': 4, 'last_W': 4, 'first_ch_num': 16}, 'enc_fc': {'n_units': 128, 'n_hidden_layers': 2}, 'plus': {'plus_unit': 1024, 'n_hidden_layers': 2}}, 'eval_config': {'pipeline_result_path': 'PIPELINE_EVAL', 'optimal_checkpoint_finding_config': {'optimal_checkpoint_num': 'find_by_keys', 'record_name': 'Train_record.txt', 'keys': ['plus_recon', 'plus_z', 'loss_oper', 'loss_ED'], 'iter_after': 0.1}, 'plus_eval_configs': [{'name': 'eval_set', 'eval_set_path_list': ['/home/xuanjie.liu/Projects/S3Plus/VQ/exp/2025.05.19_10vq_Zc[2]_Zs[0]_edim1_[0-20]_plus1024_1_tripleSet_Nothing_trainAll/../../../dataset/single_style_pairs(0,20)_tripleSet/test_1', '/home/xuanjie.liu/Projects/S3Plus/VQ/exp/2025.05.19_10vq_Zc[2]_Zs[0]_edim1_[0-20]_plus1024_1_tripleSet_Nothing_trainAll/../../../dataset/single_style_pairs(0,20)_tripleSet/test_2'], 'is_blur': False, 'blur_config': {'kernel_size_choices': (5, 7, 9), 'sigma_range': (0.5, 3.0), 'p_no_blur': 0.0}, 'augment_times': 1}], 'emb_matching_rate_configs': [{'name': 'emb_matching_rate', 'eval_set_path_list': ['/home/xuanjie.liu/Projects/S3Plus/VQ/exp/2025.05.19_10vq_Zc[2]_Zs[0]_edim1_[0-20]_plus1024_1_tripleSet_Nothing_trainAll/../../../dataset/(0,20)-FixedPos-oneStyle'], 'is_blur': False, 'blur_config': {'kernel_size_choices': (5, 7, 9), 'sigma_range': (0.5, 3.0), 'p_no_blur': 0.0}, 'augment_times': 1}], 'orderliness_configs': [{'name': 'orderliness', 'img_dir_name': 'orderliness', 'eval_set_path_list': ['/home/xuanjie.liu/Projects/S3Plus/VQ/exp/2025.05.19_10vq_Zc[2]_Zs[0]_edim1_[0-20]_plus1024_1_tripleSet_Nothing_trainAll/../../../dataset/(0,20)-FixedPos-oneStyle'], 'is_blur': False, 'blur_config': {'kernel_size_choices': (5, 7, 9), 'sigma_range': (0.5, 3.0), 'p_no_blur': 0.0}, 'augment_times': 1}], 'interpolate_configs': [{'name': 'train_interpolate', 'eval_set_path_list': ['/home/xuanjie.liu/Projects/S3Plus/VQ/exp/2025.05.19_10vq_Zc[2]_Zs[0]_edim1_[0-20]_plus1024_1_tripleSet_Nothing_trainAll/../../../dataset/single_style_pairs(0,20)_tripleSet/train'], 'is_blur': False, 'blur_config': {'kernel_size_choices': (5, 7, 9), 'sigma_range': (0.5, 3.0), 'p_no_blur': 0.0}, 'augment_times': 1, 'interpolate_num': 1}]}}
[{'task_name': 'minus_16_1.1', 'train_data_path': '/home/xuanjie.liu/Projects/S3Plus/VQ/exp/2025.05.19_10vq_Zc[2]_Zs[0]_edim1_[0-20]_plus1024_1_tripleSet_Nothing_trainAll/../../../dataset/single_style_pairs_minus(0,20)/train', 'eval_data_path': '/home/xuanjie.liu/Projects/S3Plus/VQ/exp/2025.05.19_10vq_Zc[2]_Zs[0]_edim1_[0-20]_plus1024_1_tripleSet_Nothing_trainAll/../../../dataset/single_style_pairs_minus(0,20)/test', 'batch_size': 128, 'train_record_path': 'train_record.txt', 'eval_record_path': 'eval_record.txt', 'pretrained_path': 'checkpoint_40000.pt', 'fc_model_path': 'minus_model.pt', 'max_iter_num': 20001, 'log_interval': 200, 'num_class': 21, 'fc_network_config': {'plus_unit': 16, 'n_hidden_layers': 1}, 'learning_rate': 0.001}]
Sub-Exp path: /home/xuanjie.liu/Projects/S3Plus/VQ/exp/2025.05.19_10vq_Zc[2]_Zs[0]_edim1_[0-20]_plus1024_1_tripleSet_Nothing_trainAll/6
Optimal checkpoint: 46000
Pretrained Model is loaded
No more training is needed
No more training is needed
No more training is needed
No more training is needed
No more training is needed
No more training is needed
No more training is needed
No more training is needed
No more training is needed
No more training is needed
No more training is needed
No more training is needed
No more training is needed
No more training is needed
No more training is needed
No more training is needed
No more training is needed
No more training is needed
No more training is needed
No more training is needed
Exp path: /home/xuanjie.liu/Projects/S3Plus/VQ/exp/2025.05.19_10vq_Zc[2]_Zs[0]_edim1_[0-20]_plus1024_1_tripleSet_Nothing_trainAll
{'train_data_path': '/home/xuanjie.liu/Projects/S3Plus/VQ/exp/2025.05.19_10vq_Zc[2]_Zs[0]_edim1_[0-20]_plus1024_1_tripleSet_Nothing_trainAll/../../../dataset/single_style_pairs(0,20)_tripleSet_trainAll/train', 'single_img_eval_set_path': '/home/xuanjie.liu/Projects/S3Plus/VQ/exp/2025.05.19_10vq_Zc[2]_Zs[0]_edim1_[0-20]_plus1024_1_tripleSet_Nothing_trainAll/../../../dataset/(0,20)-FixedPos-oneStyle', 'plus_eval_set_path': ['/home/xuanjie.liu/Projects/S3Plus/VQ/exp/2025.05.19_10vq_Zc[2]_Zs[0]_edim1_[0-20]_plus1024_1_tripleSet_Nothing_trainAll/../../../dataset/single_style_pairs(0,20)_tripleSet/test_1', '/home/xuanjie.liu/Projects/S3Plus/VQ/exp/2025.05.19_10vq_Zc[2]_Zs[0]_edim1_[0-20]_plus1024_1_tripleSet_Nothing_trainAll/../../../dataset/single_style_pairs(0,20)_tripleSet/test_2'], 'latent_embedding_1': 2, 'latent_embedding_2': 0, 'multi_num_embeddings': None, 'latent_code_2': 0, 'embedding_dim': 1, 'is_plot_zc_value': True, 'embeddings_num': 10, 'is_plot_vis_num': True, 'kld_loss_scalar': 0.0, 'checkpoint_interval': 2000, 'learning_rate': 0.0001, 'scheduler_base_num': 0.99999, 'max_iter_num': 50001, 'model_path': 'curr_model.pt', 'train_result_path': 'TrainingResults/', 'eval_result_path': 'EvalResults/', 'train_record_path': 'Train_record.txt', 'eval_record_path': 'Eval_record.txt', 'plus_accu_record_path': 'plus_eval.txt', 'log_interval': 500, 'eval_interval': 2000, 'is_save_img': True, 'batch_size': 128, 'is_commutative_train': False, 'is_commutative_all': False, 'z_plus_loss_scalar': 0.02, 'commutative_z_loss_scalar': 0.0, 'associative_z_loss_scalar': 0.0, 'plus_mse_scalar': -1, 'plus_recon_loss_scalar': 3, 'min_loss_scalar': 1e-05, 'K': 1024, 'assoc_aug_range': (-3, 3), 'commitment_scalar': 0.0025, 'embedding_scalar': 0.01, 'isVQStyle': False, 'plus_by_embedding': True, 'plus_by_zcode': False, 'VQPlus_eqLoss_scalar': 0.5, 'is_zc_based_assoc': True, 'is_rand_z_assoc': False, 'is_assoc_within_batch': True, 'is_switch_digital': False, 'is_full_symm': False, 'is_assoc': False, 'is_twice_oper': False, 'img_noise': 0.0, 'network_config': {'enc_dec': {'img_channel': 3, 'last_H': 4, 'last_W': 4, 'first_ch_num': 16}, 'enc_fc': {'n_units': 128, 'n_hidden_layers': 2}, 'plus': {'plus_unit': 1024, 'n_hidden_layers': 2}}, 'eval_config': {'pipeline_result_path': 'PIPELINE_EVAL', 'optimal_checkpoint_finding_config': {'optimal_checkpoint_num': 'find_by_keys', 'record_name': 'Train_record.txt', 'keys': ['plus_recon', 'plus_z', 'loss_oper', 'loss_ED'], 'iter_after': 0.1}, 'plus_eval_configs': [{'name': 'eval_set', 'eval_set_path_list': ['/home/xuanjie.liu/Projects/S3Plus/VQ/exp/2025.05.19_10vq_Zc[2]_Zs[0]_edim1_[0-20]_plus1024_1_tripleSet_Nothing_trainAll/../../../dataset/single_style_pairs(0,20)_tripleSet/test_1', '/home/xuanjie.liu/Projects/S3Plus/VQ/exp/2025.05.19_10vq_Zc[2]_Zs[0]_edim1_[0-20]_plus1024_1_tripleSet_Nothing_trainAll/../../../dataset/single_style_pairs(0,20)_tripleSet/test_2'], 'is_blur': False, 'blur_config': {'kernel_size_choices': (5, 7, 9), 'sigma_range': (0.5, 3.0), 'p_no_blur': 0.0}, 'augment_times': 1}], 'emb_matching_rate_configs': [{'name': 'emb_matching_rate', 'eval_set_path_list': ['/home/xuanjie.liu/Projects/S3Plus/VQ/exp/2025.05.19_10vq_Zc[2]_Zs[0]_edim1_[0-20]_plus1024_1_tripleSet_Nothing_trainAll/../../../dataset/(0,20)-FixedPos-oneStyle'], 'is_blur': False, 'blur_config': {'kernel_size_choices': (5, 7, 9), 'sigma_range': (0.5, 3.0), 'p_no_blur': 0.0}, 'augment_times': 1}], 'orderliness_configs': [{'name': 'orderliness', 'img_dir_name': 'orderliness', 'eval_set_path_list': ['/home/xuanjie.liu/Projects/S3Plus/VQ/exp/2025.05.19_10vq_Zc[2]_Zs[0]_edim1_[0-20]_plus1024_1_tripleSet_Nothing_trainAll/../../../dataset/(0,20)-FixedPos-oneStyle'], 'is_blur': False, 'blur_config': {'kernel_size_choices': (5, 7, 9), 'sigma_range': (0.5, 3.0), 'p_no_blur': 0.0}, 'augment_times': 1}], 'interpolate_configs': [{'name': 'train_interpolate', 'eval_set_path_list': ['/home/xuanjie.liu/Projects/S3Plus/VQ/exp/2025.05.19_10vq_Zc[2]_Zs[0]_edim1_[0-20]_plus1024_1_tripleSet_Nothing_trainAll/../../../dataset/single_style_pairs(0,20)_tripleSet/train'], 'is_blur': False, 'blur_config': {'kernel_size_choices': (5, 7, 9), 'sigma_range': (0.5, 3.0), 'p_no_blur': 0.0}, 'augment_times': 1, 'interpolate_num': 1}]}}
[{'task_name': 'minus_16_1.1', 'train_data_path': '/home/xuanjie.liu/Projects/S3Plus/VQ/exp/2025.05.19_10vq_Zc[2]_Zs[0]_edim1_[0-20]_plus1024_1_tripleSet_Nothing_trainAll/../../../dataset/single_style_pairs_minus(0,20)/train', 'eval_data_path': '/home/xuanjie.liu/Projects/S3Plus/VQ/exp/2025.05.19_10vq_Zc[2]_Zs[0]_edim1_[0-20]_plus1024_1_tripleSet_Nothing_trainAll/../../../dataset/single_style_pairs_minus(0,20)/test', 'batch_size': 128, 'train_record_path': 'train_record.txt', 'eval_record_path': 'eval_record.txt', 'pretrained_path': 'checkpoint_40000.pt', 'fc_model_path': 'minus_model.pt', 'max_iter_num': 20001, 'log_interval': 200, 'num_class': 21, 'fc_network_config': {'plus_unit': 16, 'n_hidden_layers': 1}, 'learning_rate': 0.001}]
Sub-Exp path: /home/xuanjie.liu/Projects/S3Plus/VQ/exp/2025.05.19_10vq_Zc[2]_Zs[0]_edim1_[0-20]_plus1024_1_tripleSet_Nothing_trainAll/7
Optimal checkpoint: 46000
Pretrained Model is loaded
No more training is needed
No more training is needed
No more training is needed
No more training is needed
No more training is needed
No more training is needed
No more training is needed
No more training is needed
No more training is needed
No more training is needed
No more training is needed
No more training is needed
No more training is needed
No more training is needed
No more training is needed
No more training is needed
No more training is needed
No more training is needed
No more training is needed
No more training is needed
Exp path: /home/xuanjie.liu/Projects/S3Plus/VQ/exp/2025.05.19_10vq_Zc[2]_Zs[0]_edim1_[0-20]_plus1024_1_tripleSet_Nothing_trainAll
{'train_data_path': '/home/xuanjie.liu/Projects/S3Plus/VQ/exp/2025.05.19_10vq_Zc[2]_Zs[0]_edim1_[0-20]_plus1024_1_tripleSet_Nothing_trainAll/../../../dataset/single_style_pairs(0,20)_tripleSet_trainAll/train', 'single_img_eval_set_path': '/home/xuanjie.liu/Projects/S3Plus/VQ/exp/2025.05.19_10vq_Zc[2]_Zs[0]_edim1_[0-20]_plus1024_1_tripleSet_Nothing_trainAll/../../../dataset/(0,20)-FixedPos-oneStyle', 'plus_eval_set_path': ['/home/xuanjie.liu/Projects/S3Plus/VQ/exp/2025.05.19_10vq_Zc[2]_Zs[0]_edim1_[0-20]_plus1024_1_tripleSet_Nothing_trainAll/../../../dataset/single_style_pairs(0,20)_tripleSet/test_1', '/home/xuanjie.liu/Projects/S3Plus/VQ/exp/2025.05.19_10vq_Zc[2]_Zs[0]_edim1_[0-20]_plus1024_1_tripleSet_Nothing_trainAll/../../../dataset/single_style_pairs(0,20)_tripleSet/test_2'], 'latent_embedding_1': 2, 'latent_embedding_2': 0, 'multi_num_embeddings': None, 'latent_code_2': 0, 'embedding_dim': 1, 'is_plot_zc_value': True, 'embeddings_num': 10, 'is_plot_vis_num': True, 'kld_loss_scalar': 0.0, 'checkpoint_interval': 2000, 'learning_rate': 0.0001, 'scheduler_base_num': 0.99999, 'max_iter_num': 50001, 'model_path': 'curr_model.pt', 'train_result_path': 'TrainingResults/', 'eval_result_path': 'EvalResults/', 'train_record_path': 'Train_record.txt', 'eval_record_path': 'Eval_record.txt', 'plus_accu_record_path': 'plus_eval.txt', 'log_interval': 500, 'eval_interval': 2000, 'is_save_img': True, 'batch_size': 128, 'is_commutative_train': False, 'is_commutative_all': False, 'z_plus_loss_scalar': 0.02, 'commutative_z_loss_scalar': 0.0, 'associative_z_loss_scalar': 0.0, 'plus_mse_scalar': -1, 'plus_recon_loss_scalar': 3, 'min_loss_scalar': 1e-05, 'K': 1024, 'assoc_aug_range': (-3, 3), 'commitment_scalar': 0.0025, 'embedding_scalar': 0.01, 'isVQStyle': False, 'plus_by_embedding': True, 'plus_by_zcode': False, 'VQPlus_eqLoss_scalar': 0.5, 'is_zc_based_assoc': True, 'is_rand_z_assoc': False, 'is_assoc_within_batch': True, 'is_switch_digital': False, 'is_full_symm': False, 'is_assoc': False, 'is_twice_oper': False, 'img_noise': 0.0, 'network_config': {'enc_dec': {'img_channel': 3, 'last_H': 4, 'last_W': 4, 'first_ch_num': 16}, 'enc_fc': {'n_units': 128, 'n_hidden_layers': 2}, 'plus': {'plus_unit': 1024, 'n_hidden_layers': 2}}, 'eval_config': {'pipeline_result_path': 'PIPELINE_EVAL', 'optimal_checkpoint_finding_config': {'optimal_checkpoint_num': 'find_by_keys', 'record_name': 'Train_record.txt', 'keys': ['plus_recon', 'plus_z', 'loss_oper', 'loss_ED'], 'iter_after': 0.1}, 'plus_eval_configs': [{'name': 'eval_set', 'eval_set_path_list': ['/home/xuanjie.liu/Projects/S3Plus/VQ/exp/2025.05.19_10vq_Zc[2]_Zs[0]_edim1_[0-20]_plus1024_1_tripleSet_Nothing_trainAll/../../../dataset/single_style_pairs(0,20)_tripleSet/test_1', '/home/xuanjie.liu/Projects/S3Plus/VQ/exp/2025.05.19_10vq_Zc[2]_Zs[0]_edim1_[0-20]_plus1024_1_tripleSet_Nothing_trainAll/../../../dataset/single_style_pairs(0,20)_tripleSet/test_2'], 'is_blur': False, 'blur_config': {'kernel_size_choices': (5, 7, 9), 'sigma_range': (0.5, 3.0), 'p_no_blur': 0.0}, 'augment_times': 1}], 'emb_matching_rate_configs': [{'name': 'emb_matching_rate', 'eval_set_path_list': ['/home/xuanjie.liu/Projects/S3Plus/VQ/exp/2025.05.19_10vq_Zc[2]_Zs[0]_edim1_[0-20]_plus1024_1_tripleSet_Nothing_trainAll/../../../dataset/(0,20)-FixedPos-oneStyle'], 'is_blur': False, 'blur_config': {'kernel_size_choices': (5, 7, 9), 'sigma_range': (0.5, 3.0), 'p_no_blur': 0.0}, 'augment_times': 1}], 'orderliness_configs': [{'name': 'orderliness', 'img_dir_name': 'orderliness', 'eval_set_path_list': ['/home/xuanjie.liu/Projects/S3Plus/VQ/exp/2025.05.19_10vq_Zc[2]_Zs[0]_edim1_[0-20]_plus1024_1_tripleSet_Nothing_trainAll/../../../dataset/(0,20)-FixedPos-oneStyle'], 'is_blur': False, 'blur_config': {'kernel_size_choices': (5, 7, 9), 'sigma_range': (0.5, 3.0), 'p_no_blur': 0.0}, 'augment_times': 1}], 'interpolate_configs': [{'name': 'train_interpolate', 'eval_set_path_list': ['/home/xuanjie.liu/Projects/S3Plus/VQ/exp/2025.05.19_10vq_Zc[2]_Zs[0]_edim1_[0-20]_plus1024_1_tripleSet_Nothing_trainAll/../../../dataset/single_style_pairs(0,20)_tripleSet/train'], 'is_blur': False, 'blur_config': {'kernel_size_choices': (5, 7, 9), 'sigma_range': (0.5, 3.0), 'p_no_blur': 0.0}, 'augment_times': 1, 'interpolate_num': 1}]}}
[{'task_name': 'minus_16_1.1', 'train_data_path': '/home/xuanjie.liu/Projects/S3Plus/VQ/exp/2025.05.19_10vq_Zc[2]_Zs[0]_edim1_[0-20]_plus1024_1_tripleSet_Nothing_trainAll/../../../dataset/single_style_pairs_minus(0,20)/train', 'eval_data_path': '/home/xuanjie.liu/Projects/S3Plus/VQ/exp/2025.05.19_10vq_Zc[2]_Zs[0]_edim1_[0-20]_plus1024_1_tripleSet_Nothing_trainAll/../../../dataset/single_style_pairs_minus(0,20)/test', 'batch_size': 128, 'train_record_path': 'train_record.txt', 'eval_record_path': 'eval_record.txt', 'pretrained_path': 'checkpoint_40000.pt', 'fc_model_path': 'minus_model.pt', 'max_iter_num': 20001, 'log_interval': 200, 'num_class': 21, 'fc_network_config': {'plus_unit': 16, 'n_hidden_layers': 1}, 'learning_rate': 0.001}]
Sub-Exp path: /home/xuanjie.liu/Projects/S3Plus/VQ/exp/2025.05.19_10vq_Zc[2]_Zs[0]_edim1_[0-20]_plus1024_1_tripleSet_Nothing_trainAll/8
Optimal checkpoint: 46000
Pretrained Model is loaded
No more training is needed
No more training is needed
No more training is needed
No more training is needed
No more training is needed
No more training is needed
No more training is needed
No more training is needed
No more training is needed
No more training is needed
No more training is needed
No more training is needed
No more training is needed
No more training is needed
No more training is needed
No more training is needed
No more training is needed
No more training is needed
No more training is needed
No more training is needed
Exp path: /home/xuanjie.liu/Projects/S3Plus/VQ/exp/2025.05.19_10vq_Zc[2]_Zs[0]_edim1_[0-20]_plus1024_1_tripleSet_Nothing_trainAll
{'train_data_path': '/home/xuanjie.liu/Projects/S3Plus/VQ/exp/2025.05.19_10vq_Zc[2]_Zs[0]_edim1_[0-20]_plus1024_1_tripleSet_Nothing_trainAll/../../../dataset/single_style_pairs(0,20)_tripleSet_trainAll/train', 'single_img_eval_set_path': '/home/xuanjie.liu/Projects/S3Plus/VQ/exp/2025.05.19_10vq_Zc[2]_Zs[0]_edim1_[0-20]_plus1024_1_tripleSet_Nothing_trainAll/../../../dataset/(0,20)-FixedPos-oneStyle', 'plus_eval_set_path': ['/home/xuanjie.liu/Projects/S3Plus/VQ/exp/2025.05.19_10vq_Zc[2]_Zs[0]_edim1_[0-20]_plus1024_1_tripleSet_Nothing_trainAll/../../../dataset/single_style_pairs(0,20)_tripleSet/test_1', '/home/xuanjie.liu/Projects/S3Plus/VQ/exp/2025.05.19_10vq_Zc[2]_Zs[0]_edim1_[0-20]_plus1024_1_tripleSet_Nothing_trainAll/../../../dataset/single_style_pairs(0,20)_tripleSet/test_2'], 'latent_embedding_1': 2, 'latent_embedding_2': 0, 'multi_num_embeddings': None, 'latent_code_2': 0, 'embedding_dim': 1, 'is_plot_zc_value': True, 'embeddings_num': 10, 'is_plot_vis_num': True, 'kld_loss_scalar': 0.0, 'checkpoint_interval': 2000, 'learning_rate': 0.0001, 'scheduler_base_num': 0.99999, 'max_iter_num': 50001, 'model_path': 'curr_model.pt', 'train_result_path': 'TrainingResults/', 'eval_result_path': 'EvalResults/', 'train_record_path': 'Train_record.txt', 'eval_record_path': 'Eval_record.txt', 'plus_accu_record_path': 'plus_eval.txt', 'log_interval': 500, 'eval_interval': 2000, 'is_save_img': True, 'batch_size': 128, 'is_commutative_train': False, 'is_commutative_all': False, 'z_plus_loss_scalar': 0.02, 'commutative_z_loss_scalar': 0.0, 'associative_z_loss_scalar': 0.0, 'plus_mse_scalar': -1, 'plus_recon_loss_scalar': 3, 'min_loss_scalar': 1e-05, 'K': 1024, 'assoc_aug_range': (-3, 3), 'commitment_scalar': 0.0025, 'embedding_scalar': 0.01, 'isVQStyle': False, 'plus_by_embedding': True, 'plus_by_zcode': False, 'VQPlus_eqLoss_scalar': 0.5, 'is_zc_based_assoc': True, 'is_rand_z_assoc': False, 'is_assoc_within_batch': True, 'is_switch_digital': False, 'is_full_symm': False, 'is_assoc': False, 'is_twice_oper': False, 'img_noise': 0.0, 'network_config': {'enc_dec': {'img_channel': 3, 'last_H': 4, 'last_W': 4, 'first_ch_num': 16}, 'enc_fc': {'n_units': 128, 'n_hidden_layers': 2}, 'plus': {'plus_unit': 1024, 'n_hidden_layers': 2}}, 'eval_config': {'pipeline_result_path': 'PIPELINE_EVAL', 'optimal_checkpoint_finding_config': {'optimal_checkpoint_num': 'find_by_keys', 'record_name': 'Train_record.txt', 'keys': ['plus_recon', 'plus_z', 'loss_oper', 'loss_ED'], 'iter_after': 0.1}, 'plus_eval_configs': [{'name': 'eval_set', 'eval_set_path_list': ['/home/xuanjie.liu/Projects/S3Plus/VQ/exp/2025.05.19_10vq_Zc[2]_Zs[0]_edim1_[0-20]_plus1024_1_tripleSet_Nothing_trainAll/../../../dataset/single_style_pairs(0,20)_tripleSet/test_1', '/home/xuanjie.liu/Projects/S3Plus/VQ/exp/2025.05.19_10vq_Zc[2]_Zs[0]_edim1_[0-20]_plus1024_1_tripleSet_Nothing_trainAll/../../../dataset/single_style_pairs(0,20)_tripleSet/test_2'], 'is_blur': False, 'blur_config': {'kernel_size_choices': (5, 7, 9), 'sigma_range': (0.5, 3.0), 'p_no_blur': 0.0}, 'augment_times': 1}], 'emb_matching_rate_configs': [{'name': 'emb_matching_rate', 'eval_set_path_list': ['/home/xuanjie.liu/Projects/S3Plus/VQ/exp/2025.05.19_10vq_Zc[2]_Zs[0]_edim1_[0-20]_plus1024_1_tripleSet_Nothing_trainAll/../../../dataset/(0,20)-FixedPos-oneStyle'], 'is_blur': False, 'blur_config': {'kernel_size_choices': (5, 7, 9), 'sigma_range': (0.5, 3.0), 'p_no_blur': 0.0}, 'augment_times': 1}], 'orderliness_configs': [{'name': 'orderliness', 'img_dir_name': 'orderliness', 'eval_set_path_list': ['/home/xuanjie.liu/Projects/S3Plus/VQ/exp/2025.05.19_10vq_Zc[2]_Zs[0]_edim1_[0-20]_plus1024_1_tripleSet_Nothing_trainAll/../../../dataset/(0,20)-FixedPos-oneStyle'], 'is_blur': False, 'blur_config': {'kernel_size_choices': (5, 7, 9), 'sigma_range': (0.5, 3.0), 'p_no_blur': 0.0}, 'augment_times': 1}], 'interpolate_configs': [{'name': 'train_interpolate', 'eval_set_path_list': ['/home/xuanjie.liu/Projects/S3Plus/VQ/exp/2025.05.19_10vq_Zc[2]_Zs[0]_edim1_[0-20]_plus1024_1_tripleSet_Nothing_trainAll/../../../dataset/single_style_pairs(0,20)_tripleSet/train'], 'is_blur': False, 'blur_config': {'kernel_size_choices': (5, 7, 9), 'sigma_range': (0.5, 3.0), 'p_no_blur': 0.0}, 'augment_times': 1, 'interpolate_num': 1}]}}
[{'task_name': 'minus_16_1.1', 'train_data_path': '/home/xuanjie.liu/Projects/S3Plus/VQ/exp/2025.05.19_10vq_Zc[2]_Zs[0]_edim1_[0-20]_plus1024_1_tripleSet_Nothing_trainAll/../../../dataset/single_style_pairs_minus(0,20)/train', 'eval_data_path': '/home/xuanjie.liu/Projects/S3Plus/VQ/exp/2025.05.19_10vq_Zc[2]_Zs[0]_edim1_[0-20]_plus1024_1_tripleSet_Nothing_trainAll/../../../dataset/single_style_pairs_minus(0,20)/test', 'batch_size': 128, 'train_record_path': 'train_record.txt', 'eval_record_path': 'eval_record.txt', 'pretrained_path': 'checkpoint_40000.pt', 'fc_model_path': 'minus_model.pt', 'max_iter_num': 20001, 'log_interval': 200, 'num_class': 21, 'fc_network_config': {'plus_unit': 16, 'n_hidden_layers': 1}, 'learning_rate': 0.001}]
Sub-Exp path: /home/xuanjie.liu/Projects/S3Plus/VQ/exp/2025.05.19_10vq_Zc[2]_Zs[0]_edim1_[0-20]_plus1024_1_tripleSet_Nothing_trainAll/9
Optimal checkpoint: 48000
Pretrained Model is loaded
No more training is needed
No more training is needed
No more training is needed
No more training is needed
No more training is needed
No more training is needed
No more training is needed
No more training is needed
No more training is needed
No more training is needed
No more training is needed
No more training is needed
No more training is needed
No more training is needed
No more training is needed
No more training is needed
No more training is needed
No more training is needed
No more training is needed
No more training is needed
Exp path: /home/xuanjie.liu/Projects/S3Plus/VQ/exp/2025.05.19_10vq_Zc[2]_Zs[0]_edim1_[0-20]_plus1024_1_tripleSet_Nothing_trainAll
{'train_data_path': '/home/xuanjie.liu/Projects/S3Plus/VQ/exp/2025.05.19_10vq_Zc[2]_Zs[0]_edim1_[0-20]_plus1024_1_tripleSet_Nothing_trainAll/../../../dataset/single_style_pairs(0,20)_tripleSet_trainAll/train', 'single_img_eval_set_path': '/home/xuanjie.liu/Projects/S3Plus/VQ/exp/2025.05.19_10vq_Zc[2]_Zs[0]_edim1_[0-20]_plus1024_1_tripleSet_Nothing_trainAll/../../../dataset/(0,20)-FixedPos-oneStyle', 'plus_eval_set_path': ['/home/xuanjie.liu/Projects/S3Plus/VQ/exp/2025.05.19_10vq_Zc[2]_Zs[0]_edim1_[0-20]_plus1024_1_tripleSet_Nothing_trainAll/../../../dataset/single_style_pairs(0,20)_tripleSet/test_1', '/home/xuanjie.liu/Projects/S3Plus/VQ/exp/2025.05.19_10vq_Zc[2]_Zs[0]_edim1_[0-20]_plus1024_1_tripleSet_Nothing_trainAll/../../../dataset/single_style_pairs(0,20)_tripleSet/test_2'], 'latent_embedding_1': 2, 'latent_embedding_2': 0, 'multi_num_embeddings': None, 'latent_code_2': 0, 'embedding_dim': 1, 'is_plot_zc_value': True, 'embeddings_num': 10, 'is_plot_vis_num': True, 'kld_loss_scalar': 0.0, 'checkpoint_interval': 2000, 'learning_rate': 0.0001, 'scheduler_base_num': 0.99999, 'max_iter_num': 50001, 'model_path': 'curr_model.pt', 'train_result_path': 'TrainingResults/', 'eval_result_path': 'EvalResults/', 'train_record_path': 'Train_record.txt', 'eval_record_path': 'Eval_record.txt', 'plus_accu_record_path': 'plus_eval.txt', 'log_interval': 500, 'eval_interval': 2000, 'is_save_img': True, 'batch_size': 128, 'is_commutative_train': False, 'is_commutative_all': False, 'z_plus_loss_scalar': 0.02, 'commutative_z_loss_scalar': 0.0, 'associative_z_loss_scalar': 0.0, 'plus_mse_scalar': -1, 'plus_recon_loss_scalar': 3, 'min_loss_scalar': 1e-05, 'K': 1024, 'assoc_aug_range': (-3, 3), 'commitment_scalar': 0.0025, 'embedding_scalar': 0.01, 'isVQStyle': False, 'plus_by_embedding': True, 'plus_by_zcode': False, 'VQPlus_eqLoss_scalar': 0.5, 'is_zc_based_assoc': True, 'is_rand_z_assoc': False, 'is_assoc_within_batch': True, 'is_switch_digital': False, 'is_full_symm': False, 'is_assoc': False, 'is_twice_oper': False, 'img_noise': 0.0, 'network_config': {'enc_dec': {'img_channel': 3, 'last_H': 4, 'last_W': 4, 'first_ch_num': 16}, 'enc_fc': {'n_units': 128, 'n_hidden_layers': 2}, 'plus': {'plus_unit': 1024, 'n_hidden_layers': 2}}, 'eval_config': {'pipeline_result_path': 'PIPELINE_EVAL', 'optimal_checkpoint_finding_config': {'optimal_checkpoint_num': 'find_by_keys', 'record_name': 'Train_record.txt', 'keys': ['plus_recon', 'plus_z', 'loss_oper', 'loss_ED'], 'iter_after': 0.1}, 'plus_eval_configs': [{'name': 'eval_set', 'eval_set_path_list': ['/home/xuanjie.liu/Projects/S3Plus/VQ/exp/2025.05.19_10vq_Zc[2]_Zs[0]_edim1_[0-20]_plus1024_1_tripleSet_Nothing_trainAll/../../../dataset/single_style_pairs(0,20)_tripleSet/test_1', '/home/xuanjie.liu/Projects/S3Plus/VQ/exp/2025.05.19_10vq_Zc[2]_Zs[0]_edim1_[0-20]_plus1024_1_tripleSet_Nothing_trainAll/../../../dataset/single_style_pairs(0,20)_tripleSet/test_2'], 'is_blur': False, 'blur_config': {'kernel_size_choices': (5, 7, 9), 'sigma_range': (0.5, 3.0), 'p_no_blur': 0.0}, 'augment_times': 1}], 'emb_matching_rate_configs': [{'name': 'emb_matching_rate', 'eval_set_path_list': ['/home/xuanjie.liu/Projects/S3Plus/VQ/exp/2025.05.19_10vq_Zc[2]_Zs[0]_edim1_[0-20]_plus1024_1_tripleSet_Nothing_trainAll/../../../dataset/(0,20)-FixedPos-oneStyle'], 'is_blur': False, 'blur_config': {'kernel_size_choices': (5, 7, 9), 'sigma_range': (0.5, 3.0), 'p_no_blur': 0.0}, 'augment_times': 1}], 'orderliness_configs': [{'name': 'orderliness', 'img_dir_name': 'orderliness', 'eval_set_path_list': ['/home/xuanjie.liu/Projects/S3Plus/VQ/exp/2025.05.19_10vq_Zc[2]_Zs[0]_edim1_[0-20]_plus1024_1_tripleSet_Nothing_trainAll/../../../dataset/(0,20)-FixedPos-oneStyle'], 'is_blur': False, 'blur_config': {'kernel_size_choices': (5, 7, 9), 'sigma_range': (0.5, 3.0), 'p_no_blur': 0.0}, 'augment_times': 1}], 'interpolate_configs': [{'name': 'train_interpolate', 'eval_set_path_list': ['/home/xuanjie.liu/Projects/S3Plus/VQ/exp/2025.05.19_10vq_Zc[2]_Zs[0]_edim1_[0-20]_plus1024_1_tripleSet_Nothing_trainAll/../../../dataset/single_style_pairs(0,20)_tripleSet/train'], 'is_blur': False, 'blur_config': {'kernel_size_choices': (5, 7, 9), 'sigma_range': (0.5, 3.0), 'p_no_blur': 0.0}, 'augment_times': 1, 'interpolate_num': 1}]}}
[{'task_name': 'minus_16_1.1', 'train_data_path': '/home/xuanjie.liu/Projects/S3Plus/VQ/exp/2025.05.19_10vq_Zc[2]_Zs[0]_edim1_[0-20]_plus1024_1_tripleSet_Nothing_trainAll/../../../dataset/single_style_pairs_minus(0,20)/train', 'eval_data_path': '/home/xuanjie.liu/Projects/S3Plus/VQ/exp/2025.05.19_10vq_Zc[2]_Zs[0]_edim1_[0-20]_plus1024_1_tripleSet_Nothing_trainAll/../../../dataset/single_style_pairs_minus(0,20)/test', 'batch_size': 128, 'train_record_path': 'train_record.txt', 'eval_record_path': 'eval_record.txt', 'pretrained_path': 'checkpoint_40000.pt', 'fc_model_path': 'minus_model.pt', 'max_iter_num': 20001, 'log_interval': 200, 'num_class': 21, 'fc_network_config': {'plus_unit': 16, 'n_hidden_layers': 1}, 'learning_rate': 0.001}]
Sub-Exp path: /home/xuanjie.liu/Projects/S3Plus/VQ/exp/2025.05.19_10vq_Zc[2]_Zs[0]_edim1_[0-20]_plus1024_1_tripleSet_Nothing_trainAll/10
Optimal checkpoint: 46000
Pretrained Model is loaded
No more training is needed
No more training is needed
No more training is needed
No more training is needed
No more training is needed
No more training is needed
No more training is needed
No more training is needed
No more training is needed
No more training is needed
No more training is needed
No more training is needed
No more training is needed
No more training is needed
No more training is needed
No more training is needed
No more training is needed
No more training is needed
No more training is needed
No more training is needed
Exp path: /home/xuanjie.liu/Projects/S3Plus/VQ/exp/2025.05.19_10vq_Zc[2]_Zs[0]_edim1_[0-20]_plus1024_1_tripleSet_Nothing_trainAll
{'train_data_path': '/home/xuanjie.liu/Projects/S3Plus/VQ/exp/2025.05.19_10vq_Zc[2]_Zs[0]_edim1_[0-20]_plus1024_1_tripleSet_Nothing_trainAll/../../../dataset/single_style_pairs(0,20)_tripleSet_trainAll/train', 'single_img_eval_set_path': '/home/xuanjie.liu/Projects/S3Plus/VQ/exp/2025.05.19_10vq_Zc[2]_Zs[0]_edim1_[0-20]_plus1024_1_tripleSet_Nothing_trainAll/../../../dataset/(0,20)-FixedPos-oneStyle', 'plus_eval_set_path': ['/home/xuanjie.liu/Projects/S3Plus/VQ/exp/2025.05.19_10vq_Zc[2]_Zs[0]_edim1_[0-20]_plus1024_1_tripleSet_Nothing_trainAll/../../../dataset/single_style_pairs(0,20)_tripleSet/test_1', '/home/xuanjie.liu/Projects/S3Plus/VQ/exp/2025.05.19_10vq_Zc[2]_Zs[0]_edim1_[0-20]_plus1024_1_tripleSet_Nothing_trainAll/../../../dataset/single_style_pairs(0,20)_tripleSet/test_2'], 'latent_embedding_1': 2, 'latent_embedding_2': 0, 'multi_num_embeddings': None, 'latent_code_2': 0, 'embedding_dim': 1, 'is_plot_zc_value': True, 'embeddings_num': 10, 'is_plot_vis_num': True, 'kld_loss_scalar': 0.0, 'checkpoint_interval': 2000, 'learning_rate': 0.0001, 'scheduler_base_num': 0.99999, 'max_iter_num': 50001, 'model_path': 'curr_model.pt', 'train_result_path': 'TrainingResults/', 'eval_result_path': 'EvalResults/', 'train_record_path': 'Train_record.txt', 'eval_record_path': 'Eval_record.txt', 'plus_accu_record_path': 'plus_eval.txt', 'log_interval': 500, 'eval_interval': 2000, 'is_save_img': True, 'batch_size': 128, 'is_commutative_train': False, 'is_commutative_all': False, 'z_plus_loss_scalar': 0.02, 'commutative_z_loss_scalar': 0.0, 'associative_z_loss_scalar': 0.0, 'plus_mse_scalar': -1, 'plus_recon_loss_scalar': 3, 'min_loss_scalar': 1e-05, 'K': 1024, 'assoc_aug_range': (-3, 3), 'commitment_scalar': 0.0025, 'embedding_scalar': 0.01, 'isVQStyle': False, 'plus_by_embedding': True, 'plus_by_zcode': False, 'VQPlus_eqLoss_scalar': 0.5, 'is_zc_based_assoc': True, 'is_rand_z_assoc': False, 'is_assoc_within_batch': True, 'is_switch_digital': False, 'is_full_symm': False, 'is_assoc': False, 'is_twice_oper': False, 'img_noise': 0.0, 'network_config': {'enc_dec': {'img_channel': 3, 'last_H': 4, 'last_W': 4, 'first_ch_num': 16}, 'enc_fc': {'n_units': 128, 'n_hidden_layers': 2}, 'plus': {'plus_unit': 1024, 'n_hidden_layers': 2}}, 'eval_config': {'pipeline_result_path': 'PIPELINE_EVAL', 'optimal_checkpoint_finding_config': {'optimal_checkpoint_num': 'find_by_keys', 'record_name': 'Train_record.txt', 'keys': ['plus_recon', 'plus_z', 'loss_oper', 'loss_ED'], 'iter_after': 0.1}, 'plus_eval_configs': [{'name': 'eval_set', 'eval_set_path_list': ['/home/xuanjie.liu/Projects/S3Plus/VQ/exp/2025.05.19_10vq_Zc[2]_Zs[0]_edim1_[0-20]_plus1024_1_tripleSet_Nothing_trainAll/../../../dataset/single_style_pairs(0,20)_tripleSet/test_1', '/home/xuanjie.liu/Projects/S3Plus/VQ/exp/2025.05.19_10vq_Zc[2]_Zs[0]_edim1_[0-20]_plus1024_1_tripleSet_Nothing_trainAll/../../../dataset/single_style_pairs(0,20)_tripleSet/test_2'], 'is_blur': False, 'blur_config': {'kernel_size_choices': (5, 7, 9), 'sigma_range': (0.5, 3.0), 'p_no_blur': 0.0}, 'augment_times': 1}], 'emb_matching_rate_configs': [{'name': 'emb_matching_rate', 'eval_set_path_list': ['/home/xuanjie.liu/Projects/S3Plus/VQ/exp/2025.05.19_10vq_Zc[2]_Zs[0]_edim1_[0-20]_plus1024_1_tripleSet_Nothing_trainAll/../../../dataset/(0,20)-FixedPos-oneStyle'], 'is_blur': False, 'blur_config': {'kernel_size_choices': (5, 7, 9), 'sigma_range': (0.5, 3.0), 'p_no_blur': 0.0}, 'augment_times': 1}], 'orderliness_configs': [{'name': 'orderliness', 'img_dir_name': 'orderliness', 'eval_set_path_list': ['/home/xuanjie.liu/Projects/S3Plus/VQ/exp/2025.05.19_10vq_Zc[2]_Zs[0]_edim1_[0-20]_plus1024_1_tripleSet_Nothing_trainAll/../../../dataset/(0,20)-FixedPos-oneStyle'], 'is_blur': False, 'blur_config': {'kernel_size_choices': (5, 7, 9), 'sigma_range': (0.5, 3.0), 'p_no_blur': 0.0}, 'augment_times': 1}], 'interpolate_configs': [{'name': 'train_interpolate', 'eval_set_path_list': ['/home/xuanjie.liu/Projects/S3Plus/VQ/exp/2025.05.19_10vq_Zc[2]_Zs[0]_edim1_[0-20]_plus1024_1_tripleSet_Nothing_trainAll/../../../dataset/single_style_pairs(0,20)_tripleSet/train'], 'is_blur': False, 'blur_config': {'kernel_size_choices': (5, 7, 9), 'sigma_range': (0.5, 3.0), 'p_no_blur': 0.0}, 'augment_times': 1, 'interpolate_num': 1}]}}
[{'task_name': 'minus_16_1.1', 'train_data_path': '/home/xuanjie.liu/Projects/S3Plus/VQ/exp/2025.05.19_10vq_Zc[2]_Zs[0]_edim1_[0-20]_plus1024_1_tripleSet_Nothing_trainAll/../../../dataset/single_style_pairs_minus(0,20)/train', 'eval_data_path': '/home/xuanjie.liu/Projects/S3Plus/VQ/exp/2025.05.19_10vq_Zc[2]_Zs[0]_edim1_[0-20]_plus1024_1_tripleSet_Nothing_trainAll/../../../dataset/single_style_pairs_minus(0,20)/test', 'batch_size': 128, 'train_record_path': 'train_record.txt', 'eval_record_path': 'eval_record.txt', 'pretrained_path': 'checkpoint_40000.pt', 'fc_model_path': 'minus_model.pt', 'max_iter_num': 20001, 'log_interval': 200, 'num_class': 21, 'fc_network_config': {'plus_unit': 16, 'n_hidden_layers': 1}, 'learning_rate': 0.001}]
Sub-Exp path: /home/xuanjie.liu/Projects/S3Plus/VQ/exp/2025.05.19_10vq_Zc[2]_Zs[0]_edim1_[0-20]_plus1024_1_tripleSet_Nothing_trainAll/11
Optimal checkpoint: 46000
Pretrained Model is loaded
No more training is needed
No more training is needed
No more training is needed
No more training is needed
No more training is needed
No more training is needed
No more training is needed
No more training is needed
No more training is needed
No more training is needed
No more training is needed
No more training is needed
No more training is needed
No more training is needed
No more training is needed
No more training is needed
No more training is needed
No more training is needed
No more training is needed
No more training is needed
Exp path: /home/xuanjie.liu/Projects/S3Plus/VQ/exp/2025.05.19_10vq_Zc[2]_Zs[0]_edim1_[0-20]_plus1024_1_tripleSet_Nothing_trainAll
{'train_data_path': '/home/xuanjie.liu/Projects/S3Plus/VQ/exp/2025.05.19_10vq_Zc[2]_Zs[0]_edim1_[0-20]_plus1024_1_tripleSet_Nothing_trainAll/../../../dataset/single_style_pairs(0,20)_tripleSet_trainAll/train', 'single_img_eval_set_path': '/home/xuanjie.liu/Projects/S3Plus/VQ/exp/2025.05.19_10vq_Zc[2]_Zs[0]_edim1_[0-20]_plus1024_1_tripleSet_Nothing_trainAll/../../../dataset/(0,20)-FixedPos-oneStyle', 'plus_eval_set_path': ['/home/xuanjie.liu/Projects/S3Plus/VQ/exp/2025.05.19_10vq_Zc[2]_Zs[0]_edim1_[0-20]_plus1024_1_tripleSet_Nothing_trainAll/../../../dataset/single_style_pairs(0,20)_tripleSet/test_1', '/home/xuanjie.liu/Projects/S3Plus/VQ/exp/2025.05.19_10vq_Zc[2]_Zs[0]_edim1_[0-20]_plus1024_1_tripleSet_Nothing_trainAll/../../../dataset/single_style_pairs(0,20)_tripleSet/test_2'], 'latent_embedding_1': 2, 'latent_embedding_2': 0, 'multi_num_embeddings': None, 'latent_code_2': 0, 'embedding_dim': 1, 'is_plot_zc_value': True, 'embeddings_num': 10, 'is_plot_vis_num': True, 'kld_loss_scalar': 0.0, 'checkpoint_interval': 2000, 'learning_rate': 0.0001, 'scheduler_base_num': 0.99999, 'max_iter_num': 50001, 'model_path': 'curr_model.pt', 'train_result_path': 'TrainingResults/', 'eval_result_path': 'EvalResults/', 'train_record_path': 'Train_record.txt', 'eval_record_path': 'Eval_record.txt', 'plus_accu_record_path': 'plus_eval.txt', 'log_interval': 500, 'eval_interval': 2000, 'is_save_img': True, 'batch_size': 128, 'is_commutative_train': False, 'is_commutative_all': False, 'z_plus_loss_scalar': 0.02, 'commutative_z_loss_scalar': 0.0, 'associative_z_loss_scalar': 0.0, 'plus_mse_scalar': -1, 'plus_recon_loss_scalar': 3, 'min_loss_scalar': 1e-05, 'K': 1024, 'assoc_aug_range': (-3, 3), 'commitment_scalar': 0.0025, 'embedding_scalar': 0.01, 'isVQStyle': False, 'plus_by_embedding': True, 'plus_by_zcode': False, 'VQPlus_eqLoss_scalar': 0.5, 'is_zc_based_assoc': True, 'is_rand_z_assoc': False, 'is_assoc_within_batch': True, 'is_switch_digital': False, 'is_full_symm': False, 'is_assoc': False, 'is_twice_oper': False, 'img_noise': 0.0, 'network_config': {'enc_dec': {'img_channel': 3, 'last_H': 4, 'last_W': 4, 'first_ch_num': 16}, 'enc_fc': {'n_units': 128, 'n_hidden_layers': 2}, 'plus': {'plus_unit': 1024, 'n_hidden_layers': 2}}, 'eval_config': {'pipeline_result_path': 'PIPELINE_EVAL', 'optimal_checkpoint_finding_config': {'optimal_checkpoint_num': 'find_by_keys', 'record_name': 'Train_record.txt', 'keys': ['plus_recon', 'plus_z', 'loss_oper', 'loss_ED'], 'iter_after': 0.1}, 'plus_eval_configs': [{'name': 'eval_set', 'eval_set_path_list': ['/home/xuanjie.liu/Projects/S3Plus/VQ/exp/2025.05.19_10vq_Zc[2]_Zs[0]_edim1_[0-20]_plus1024_1_tripleSet_Nothing_trainAll/../../../dataset/single_style_pairs(0,20)_tripleSet/test_1', '/home/xuanjie.liu/Projects/S3Plus/VQ/exp/2025.05.19_10vq_Zc[2]_Zs[0]_edim1_[0-20]_plus1024_1_tripleSet_Nothing_trainAll/../../../dataset/single_style_pairs(0,20)_tripleSet/test_2'], 'is_blur': False, 'blur_config': {'kernel_size_choices': (5, 7, 9), 'sigma_range': (0.5, 3.0), 'p_no_blur': 0.0}, 'augment_times': 1}], 'emb_matching_rate_configs': [{'name': 'emb_matching_rate', 'eval_set_path_list': ['/home/xuanjie.liu/Projects/S3Plus/VQ/exp/2025.05.19_10vq_Zc[2]_Zs[0]_edim1_[0-20]_plus1024_1_tripleSet_Nothing_trainAll/../../../dataset/(0,20)-FixedPos-oneStyle'], 'is_blur': False, 'blur_config': {'kernel_size_choices': (5, 7, 9), 'sigma_range': (0.5, 3.0), 'p_no_blur': 0.0}, 'augment_times': 1}], 'orderliness_configs': [{'name': 'orderliness', 'img_dir_name': 'orderliness', 'eval_set_path_list': ['/home/xuanjie.liu/Projects/S3Plus/VQ/exp/2025.05.19_10vq_Zc[2]_Zs[0]_edim1_[0-20]_plus1024_1_tripleSet_Nothing_trainAll/../../../dataset/(0,20)-FixedPos-oneStyle'], 'is_blur': False, 'blur_config': {'kernel_size_choices': (5, 7, 9), 'sigma_range': (0.5, 3.0), 'p_no_blur': 0.0}, 'augment_times': 1}], 'interpolate_configs': [{'name': 'train_interpolate', 'eval_set_path_list': ['/home/xuanjie.liu/Projects/S3Plus/VQ/exp/2025.05.19_10vq_Zc[2]_Zs[0]_edim1_[0-20]_plus1024_1_tripleSet_Nothing_trainAll/../../../dataset/single_style_pairs(0,20)_tripleSet/train'], 'is_blur': False, 'blur_config': {'kernel_size_choices': (5, 7, 9), 'sigma_range': (0.5, 3.0), 'p_no_blur': 0.0}, 'augment_times': 1, 'interpolate_num': 1}]}}
[{'task_name': 'minus_16_1.1', 'train_data_path': '/home/xuanjie.liu/Projects/S3Plus/VQ/exp/2025.05.19_10vq_Zc[2]_Zs[0]_edim1_[0-20]_plus1024_1_tripleSet_Nothing_trainAll/../../../dataset/single_style_pairs_minus(0,20)/train', 'eval_data_path': '/home/xuanjie.liu/Projects/S3Plus/VQ/exp/2025.05.19_10vq_Zc[2]_Zs[0]_edim1_[0-20]_plus1024_1_tripleSet_Nothing_trainAll/../../../dataset/single_style_pairs_minus(0,20)/test', 'batch_size': 128, 'train_record_path': 'train_record.txt', 'eval_record_path': 'eval_record.txt', 'pretrained_path': 'checkpoint_40000.pt', 'fc_model_path': 'minus_model.pt', 'max_iter_num': 20001, 'log_interval': 200, 'num_class': 21, 'fc_network_config': {'plus_unit': 16, 'n_hidden_layers': 1}, 'learning_rate': 0.001}]
Sub-Exp path: /home/xuanjie.liu/Projects/S3Plus/VQ/exp/2025.05.19_10vq_Zc[2]_Zs[0]_edim1_[0-20]_plus1024_1_tripleSet_Nothing_trainAll/12
Optimal checkpoint: 48000
Pretrained Model is loaded
No more training is needed
No more training is needed
No more training is needed
No more training is needed
No more training is needed
No more training is needed
No more training is needed
No more training is needed
No more training is needed
No more training is needed
No more training is needed
No more training is needed
No more training is needed
No more training is needed
No more training is needed
No more training is needed
No more training is needed
No more training is needed
No more training is needed
No more training is needed
Exp path: /home/xuanjie.liu/Projects/S3Plus/VQ/exp/2025.05.19_10vq_Zc[2]_Zs[0]_edim1_[0-20]_plus1024_1_tripleSet_Nothing_trainAll
{'train_data_path': '/home/xuanjie.liu/Projects/S3Plus/VQ/exp/2025.05.19_10vq_Zc[2]_Zs[0]_edim1_[0-20]_plus1024_1_tripleSet_Nothing_trainAll/../../../dataset/single_style_pairs(0,20)_tripleSet_trainAll/train', 'single_img_eval_set_path': '/home/xuanjie.liu/Projects/S3Plus/VQ/exp/2025.05.19_10vq_Zc[2]_Zs[0]_edim1_[0-20]_plus1024_1_tripleSet_Nothing_trainAll/../../../dataset/(0,20)-FixedPos-oneStyle', 'plus_eval_set_path': ['/home/xuanjie.liu/Projects/S3Plus/VQ/exp/2025.05.19_10vq_Zc[2]_Zs[0]_edim1_[0-20]_plus1024_1_tripleSet_Nothing_trainAll/../../../dataset/single_style_pairs(0,20)_tripleSet/test_1', '/home/xuanjie.liu/Projects/S3Plus/VQ/exp/2025.05.19_10vq_Zc[2]_Zs[0]_edim1_[0-20]_plus1024_1_tripleSet_Nothing_trainAll/../../../dataset/single_style_pairs(0,20)_tripleSet/test_2'], 'latent_embedding_1': 2, 'latent_embedding_2': 0, 'multi_num_embeddings': None, 'latent_code_2': 0, 'embedding_dim': 1, 'is_plot_zc_value': True, 'embeddings_num': 10, 'is_plot_vis_num': True, 'kld_loss_scalar': 0.0, 'checkpoint_interval': 2000, 'learning_rate': 0.0001, 'scheduler_base_num': 0.99999, 'max_iter_num': 50001, 'model_path': 'curr_model.pt', 'train_result_path': 'TrainingResults/', 'eval_result_path': 'EvalResults/', 'train_record_path': 'Train_record.txt', 'eval_record_path': 'Eval_record.txt', 'plus_accu_record_path': 'plus_eval.txt', 'log_interval': 500, 'eval_interval': 2000, 'is_save_img': True, 'batch_size': 128, 'is_commutative_train': False, 'is_commutative_all': False, 'z_plus_loss_scalar': 0.02, 'commutative_z_loss_scalar': 0.0, 'associative_z_loss_scalar': 0.0, 'plus_mse_scalar': -1, 'plus_recon_loss_scalar': 3, 'min_loss_scalar': 1e-05, 'K': 1024, 'assoc_aug_range': (-3, 3), 'commitment_scalar': 0.0025, 'embedding_scalar': 0.01, 'isVQStyle': False, 'plus_by_embedding': True, 'plus_by_zcode': False, 'VQPlus_eqLoss_scalar': 0.5, 'is_zc_based_assoc': True, 'is_rand_z_assoc': False, 'is_assoc_within_batch': True, 'is_switch_digital': False, 'is_full_symm': False, 'is_assoc': False, 'is_twice_oper': False, 'img_noise': 0.0, 'network_config': {'enc_dec': {'img_channel': 3, 'last_H': 4, 'last_W': 4, 'first_ch_num': 16}, 'enc_fc': {'n_units': 128, 'n_hidden_layers': 2}, 'plus': {'plus_unit': 1024, 'n_hidden_layers': 2}}, 'eval_config': {'pipeline_result_path': 'PIPELINE_EVAL', 'optimal_checkpoint_finding_config': {'optimal_checkpoint_num': 'find_by_keys', 'record_name': 'Train_record.txt', 'keys': ['plus_recon', 'plus_z', 'loss_oper', 'loss_ED'], 'iter_after': 0.1}, 'plus_eval_configs': [{'name': 'eval_set', 'eval_set_path_list': ['/home/xuanjie.liu/Projects/S3Plus/VQ/exp/2025.05.19_10vq_Zc[2]_Zs[0]_edim1_[0-20]_plus1024_1_tripleSet_Nothing_trainAll/../../../dataset/single_style_pairs(0,20)_tripleSet/test_1', '/home/xuanjie.liu/Projects/S3Plus/VQ/exp/2025.05.19_10vq_Zc[2]_Zs[0]_edim1_[0-20]_plus1024_1_tripleSet_Nothing_trainAll/../../../dataset/single_style_pairs(0,20)_tripleSet/test_2'], 'is_blur': False, 'blur_config': {'kernel_size_choices': (5, 7, 9), 'sigma_range': (0.5, 3.0), 'p_no_blur': 0.0}, 'augment_times': 1}], 'emb_matching_rate_configs': [{'name': 'emb_matching_rate', 'eval_set_path_list': ['/home/xuanjie.liu/Projects/S3Plus/VQ/exp/2025.05.19_10vq_Zc[2]_Zs[0]_edim1_[0-20]_plus1024_1_tripleSet_Nothing_trainAll/../../../dataset/(0,20)-FixedPos-oneStyle'], 'is_blur': False, 'blur_config': {'kernel_size_choices': (5, 7, 9), 'sigma_range': (0.5, 3.0), 'p_no_blur': 0.0}, 'augment_times': 1}], 'orderliness_configs': [{'name': 'orderliness', 'img_dir_name': 'orderliness', 'eval_set_path_list': ['/home/xuanjie.liu/Projects/S3Plus/VQ/exp/2025.05.19_10vq_Zc[2]_Zs[0]_edim1_[0-20]_plus1024_1_tripleSet_Nothing_trainAll/../../../dataset/(0,20)-FixedPos-oneStyle'], 'is_blur': False, 'blur_config': {'kernel_size_choices': (5, 7, 9), 'sigma_range': (0.5, 3.0), 'p_no_blur': 0.0}, 'augment_times': 1}], 'interpolate_configs': [{'name': 'train_interpolate', 'eval_set_path_list': ['/home/xuanjie.liu/Projects/S3Plus/VQ/exp/2025.05.19_10vq_Zc[2]_Zs[0]_edim1_[0-20]_plus1024_1_tripleSet_Nothing_trainAll/../../../dataset/single_style_pairs(0,20)_tripleSet/train'], 'is_blur': False, 'blur_config': {'kernel_size_choices': (5, 7, 9), 'sigma_range': (0.5, 3.0), 'p_no_blur': 0.0}, 'augment_times': 1, 'interpolate_num': 1}]}}
[{'task_name': 'minus_16_1.1', 'train_data_path': '/home/xuanjie.liu/Projects/S3Plus/VQ/exp/2025.05.19_10vq_Zc[2]_Zs[0]_edim1_[0-20]_plus1024_1_tripleSet_Nothing_trainAll/../../../dataset/single_style_pairs_minus(0,20)/train', 'eval_data_path': '/home/xuanjie.liu/Projects/S3Plus/VQ/exp/2025.05.19_10vq_Zc[2]_Zs[0]_edim1_[0-20]_plus1024_1_tripleSet_Nothing_trainAll/../../../dataset/single_style_pairs_minus(0,20)/test', 'batch_size': 128, 'train_record_path': 'train_record.txt', 'eval_record_path': 'eval_record.txt', 'pretrained_path': 'checkpoint_40000.pt', 'fc_model_path': 'minus_model.pt', 'max_iter_num': 20001, 'log_interval': 200, 'num_class': 21, 'fc_network_config': {'plus_unit': 16, 'n_hidden_layers': 1}, 'learning_rate': 0.001}]
Sub-Exp path: /home/xuanjie.liu/Projects/S3Plus/VQ/exp/2025.05.19_10vq_Zc[2]_Zs[0]_edim1_[0-20]_plus1024_1_tripleSet_Nothing_trainAll/13
Optimal checkpoint: 48000
Pretrained Model is loaded
No more training is needed
No more training is needed
No more training is needed
No more training is needed
No more training is needed
No more training is needed
No more training is needed
No more training is needed
No more training is needed
No more training is needed
No more training is needed
No more training is needed
No more training is needed
No more training is needed
No more training is needed
No more training is needed
No more training is needed
No more training is needed
No more training is needed
No more training is needed
Exp path: /home/xuanjie.liu/Projects/S3Plus/VQ/exp/2025.05.19_10vq_Zc[2]_Zs[0]_edim1_[0-20]_plus1024_1_tripleSet_Nothing_trainAll
{'train_data_path': '/home/xuanjie.liu/Projects/S3Plus/VQ/exp/2025.05.19_10vq_Zc[2]_Zs[0]_edim1_[0-20]_plus1024_1_tripleSet_Nothing_trainAll/../../../dataset/single_style_pairs(0,20)_tripleSet_trainAll/train', 'single_img_eval_set_path': '/home/xuanjie.liu/Projects/S3Plus/VQ/exp/2025.05.19_10vq_Zc[2]_Zs[0]_edim1_[0-20]_plus1024_1_tripleSet_Nothing_trainAll/../../../dataset/(0,20)-FixedPos-oneStyle', 'plus_eval_set_path': ['/home/xuanjie.liu/Projects/S3Plus/VQ/exp/2025.05.19_10vq_Zc[2]_Zs[0]_edim1_[0-20]_plus1024_1_tripleSet_Nothing_trainAll/../../../dataset/single_style_pairs(0,20)_tripleSet/test_1', '/home/xuanjie.liu/Projects/S3Plus/VQ/exp/2025.05.19_10vq_Zc[2]_Zs[0]_edim1_[0-20]_plus1024_1_tripleSet_Nothing_trainAll/../../../dataset/single_style_pairs(0,20)_tripleSet/test_2'], 'latent_embedding_1': 2, 'latent_embedding_2': 0, 'multi_num_embeddings': None, 'latent_code_2': 0, 'embedding_dim': 1, 'is_plot_zc_value': True, 'embeddings_num': 10, 'is_plot_vis_num': True, 'kld_loss_scalar': 0.0, 'checkpoint_interval': 2000, 'learning_rate': 0.0001, 'scheduler_base_num': 0.99999, 'max_iter_num': 50001, 'model_path': 'curr_model.pt', 'train_result_path': 'TrainingResults/', 'eval_result_path': 'EvalResults/', 'train_record_path': 'Train_record.txt', 'eval_record_path': 'Eval_record.txt', 'plus_accu_record_path': 'plus_eval.txt', 'log_interval': 500, 'eval_interval': 2000, 'is_save_img': True, 'batch_size': 128, 'is_commutative_train': False, 'is_commutative_all': False, 'z_plus_loss_scalar': 0.02, 'commutative_z_loss_scalar': 0.0, 'associative_z_loss_scalar': 0.0, 'plus_mse_scalar': -1, 'plus_recon_loss_scalar': 3, 'min_loss_scalar': 1e-05, 'K': 1024, 'assoc_aug_range': (-3, 3), 'commitment_scalar': 0.0025, 'embedding_scalar': 0.01, 'isVQStyle': False, 'plus_by_embedding': True, 'plus_by_zcode': False, 'VQPlus_eqLoss_scalar': 0.5, 'is_zc_based_assoc': True, 'is_rand_z_assoc': False, 'is_assoc_within_batch': True, 'is_switch_digital': False, 'is_full_symm': False, 'is_assoc': False, 'is_twice_oper': False, 'img_noise': 0.0, 'network_config': {'enc_dec': {'img_channel': 3, 'last_H': 4, 'last_W': 4, 'first_ch_num': 16}, 'enc_fc': {'n_units': 128, 'n_hidden_layers': 2}, 'plus': {'plus_unit': 1024, 'n_hidden_layers': 2}}, 'eval_config': {'pipeline_result_path': 'PIPELINE_EVAL', 'optimal_checkpoint_finding_config': {'optimal_checkpoint_num': 'find_by_keys', 'record_name': 'Train_record.txt', 'keys': ['plus_recon', 'plus_z', 'loss_oper', 'loss_ED'], 'iter_after': 0.1}, 'plus_eval_configs': [{'name': 'eval_set', 'eval_set_path_list': ['/home/xuanjie.liu/Projects/S3Plus/VQ/exp/2025.05.19_10vq_Zc[2]_Zs[0]_edim1_[0-20]_plus1024_1_tripleSet_Nothing_trainAll/../../../dataset/single_style_pairs(0,20)_tripleSet/test_1', '/home/xuanjie.liu/Projects/S3Plus/VQ/exp/2025.05.19_10vq_Zc[2]_Zs[0]_edim1_[0-20]_plus1024_1_tripleSet_Nothing_trainAll/../../../dataset/single_style_pairs(0,20)_tripleSet/test_2'], 'is_blur': False, 'blur_config': {'kernel_size_choices': (5, 7, 9), 'sigma_range': (0.5, 3.0), 'p_no_blur': 0.0}, 'augment_times': 1}], 'emb_matching_rate_configs': [{'name': 'emb_matching_rate', 'eval_set_path_list': ['/home/xuanjie.liu/Projects/S3Plus/VQ/exp/2025.05.19_10vq_Zc[2]_Zs[0]_edim1_[0-20]_plus1024_1_tripleSet_Nothing_trainAll/../../../dataset/(0,20)-FixedPos-oneStyle'], 'is_blur': False, 'blur_config': {'kernel_size_choices': (5, 7, 9), 'sigma_range': (0.5, 3.0), 'p_no_blur': 0.0}, 'augment_times': 1}], 'orderliness_configs': [{'name': 'orderliness', 'img_dir_name': 'orderliness', 'eval_set_path_list': ['/home/xuanjie.liu/Projects/S3Plus/VQ/exp/2025.05.19_10vq_Zc[2]_Zs[0]_edim1_[0-20]_plus1024_1_tripleSet_Nothing_trainAll/../../../dataset/(0,20)-FixedPos-oneStyle'], 'is_blur': False, 'blur_config': {'kernel_size_choices': (5, 7, 9), 'sigma_range': (0.5, 3.0), 'p_no_blur': 0.0}, 'augment_times': 1}], 'interpolate_configs': [{'name': 'train_interpolate', 'eval_set_path_list': ['/home/xuanjie.liu/Projects/S3Plus/VQ/exp/2025.05.19_10vq_Zc[2]_Zs[0]_edim1_[0-20]_plus1024_1_tripleSet_Nothing_trainAll/../../../dataset/single_style_pairs(0,20)_tripleSet/train'], 'is_blur': False, 'blur_config': {'kernel_size_choices': (5, 7, 9), 'sigma_range': (0.5, 3.0), 'p_no_blur': 0.0}, 'augment_times': 1, 'interpolate_num': 1}]}}
[{'task_name': 'minus_16_1.1', 'train_data_path': '/home/xuanjie.liu/Projects/S3Plus/VQ/exp/2025.05.19_10vq_Zc[2]_Zs[0]_edim1_[0-20]_plus1024_1_tripleSet_Nothing_trainAll/../../../dataset/single_style_pairs_minus(0,20)/train', 'eval_data_path': '/home/xuanjie.liu/Projects/S3Plus/VQ/exp/2025.05.19_10vq_Zc[2]_Zs[0]_edim1_[0-20]_plus1024_1_tripleSet_Nothing_trainAll/../../../dataset/single_style_pairs_minus(0,20)/test', 'batch_size': 128, 'train_record_path': 'train_record.txt', 'eval_record_path': 'eval_record.txt', 'pretrained_path': 'checkpoint_40000.pt', 'fc_model_path': 'minus_model.pt', 'max_iter_num': 20001, 'log_interval': 200, 'num_class': 21, 'fc_network_config': {'plus_unit': 16, 'n_hidden_layers': 1}, 'learning_rate': 0.001}]
Sub-Exp path: /home/xuanjie.liu/Projects/S3Plus/VQ/exp/2025.05.19_10vq_Zc[2]_Zs[0]_edim1_[0-20]_plus1024_1_tripleSet_Nothing_trainAll/14
Optimal checkpoint: 48000
Pretrained Model is loaded
No more training is needed
No more training is needed
No more training is needed
No more training is needed
No more training is needed
No more training is needed
No more training is needed
No more training is needed
No more training is needed
No more training is needed
No more training is needed
No more training is needed
No more training is needed
No more training is needed
No more training is needed
No more training is needed
No more training is needed
No more training is needed
No more training is needed
No more training is needed
Exp path: /home/xuanjie.liu/Projects/S3Plus/VQ/exp/2025.05.19_10vq_Zc[2]_Zs[0]_edim1_[0-20]_plus1024_1_tripleSet_Nothing_trainAll
{'train_data_path': '/home/xuanjie.liu/Projects/S3Plus/VQ/exp/2025.05.19_10vq_Zc[2]_Zs[0]_edim1_[0-20]_plus1024_1_tripleSet_Nothing_trainAll/../../../dataset/single_style_pairs(0,20)_tripleSet_trainAll/train', 'single_img_eval_set_path': '/home/xuanjie.liu/Projects/S3Plus/VQ/exp/2025.05.19_10vq_Zc[2]_Zs[0]_edim1_[0-20]_plus1024_1_tripleSet_Nothing_trainAll/../../../dataset/(0,20)-FixedPos-oneStyle', 'plus_eval_set_path': ['/home/xuanjie.liu/Projects/S3Plus/VQ/exp/2025.05.19_10vq_Zc[2]_Zs[0]_edim1_[0-20]_plus1024_1_tripleSet_Nothing_trainAll/../../../dataset/single_style_pairs(0,20)_tripleSet/test_1', '/home/xuanjie.liu/Projects/S3Plus/VQ/exp/2025.05.19_10vq_Zc[2]_Zs[0]_edim1_[0-20]_plus1024_1_tripleSet_Nothing_trainAll/../../../dataset/single_style_pairs(0,20)_tripleSet/test_2'], 'latent_embedding_1': 2, 'latent_embedding_2': 0, 'multi_num_embeddings': None, 'latent_code_2': 0, 'embedding_dim': 1, 'is_plot_zc_value': True, 'embeddings_num': 10, 'is_plot_vis_num': True, 'kld_loss_scalar': 0.0, 'checkpoint_interval': 2000, 'learning_rate': 0.0001, 'scheduler_base_num': 0.99999, 'max_iter_num': 50001, 'model_path': 'curr_model.pt', 'train_result_path': 'TrainingResults/', 'eval_result_path': 'EvalResults/', 'train_record_path': 'Train_record.txt', 'eval_record_path': 'Eval_record.txt', 'plus_accu_record_path': 'plus_eval.txt', 'log_interval': 500, 'eval_interval': 2000, 'is_save_img': True, 'batch_size': 128, 'is_commutative_train': False, 'is_commutative_all': False, 'z_plus_loss_scalar': 0.02, 'commutative_z_loss_scalar': 0.0, 'associative_z_loss_scalar': 0.0, 'plus_mse_scalar': -1, 'plus_recon_loss_scalar': 3, 'min_loss_scalar': 1e-05, 'K': 1024, 'assoc_aug_range': (-3, 3), 'commitment_scalar': 0.0025, 'embedding_scalar': 0.01, 'isVQStyle': False, 'plus_by_embedding': True, 'plus_by_zcode': False, 'VQPlus_eqLoss_scalar': 0.5, 'is_zc_based_assoc': True, 'is_rand_z_assoc': False, 'is_assoc_within_batch': True, 'is_switch_digital': False, 'is_full_symm': False, 'is_assoc': False, 'is_twice_oper': False, 'img_noise': 0.0, 'network_config': {'enc_dec': {'img_channel': 3, 'last_H': 4, 'last_W': 4, 'first_ch_num': 16}, 'enc_fc': {'n_units': 128, 'n_hidden_layers': 2}, 'plus': {'plus_unit': 1024, 'n_hidden_layers': 2}}, 'eval_config': {'pipeline_result_path': 'PIPELINE_EVAL', 'optimal_checkpoint_finding_config': {'optimal_checkpoint_num': 'find_by_keys', 'record_name': 'Train_record.txt', 'keys': ['plus_recon', 'plus_z', 'loss_oper', 'loss_ED'], 'iter_after': 0.1}, 'plus_eval_configs': [{'name': 'eval_set', 'eval_set_path_list': ['/home/xuanjie.liu/Projects/S3Plus/VQ/exp/2025.05.19_10vq_Zc[2]_Zs[0]_edim1_[0-20]_plus1024_1_tripleSet_Nothing_trainAll/../../../dataset/single_style_pairs(0,20)_tripleSet/test_1', '/home/xuanjie.liu/Projects/S3Plus/VQ/exp/2025.05.19_10vq_Zc[2]_Zs[0]_edim1_[0-20]_plus1024_1_tripleSet_Nothing_trainAll/../../../dataset/single_style_pairs(0,20)_tripleSet/test_2'], 'is_blur': False, 'blur_config': {'kernel_size_choices': (5, 7, 9), 'sigma_range': (0.5, 3.0), 'p_no_blur': 0.0}, 'augment_times': 1}], 'emb_matching_rate_configs': [{'name': 'emb_matching_rate', 'eval_set_path_list': ['/home/xuanjie.liu/Projects/S3Plus/VQ/exp/2025.05.19_10vq_Zc[2]_Zs[0]_edim1_[0-20]_plus1024_1_tripleSet_Nothing_trainAll/../../../dataset/(0,20)-FixedPos-oneStyle'], 'is_blur': False, 'blur_config': {'kernel_size_choices': (5, 7, 9), 'sigma_range': (0.5, 3.0), 'p_no_blur': 0.0}, 'augment_times': 1}], 'orderliness_configs': [{'name': 'orderliness', 'img_dir_name': 'orderliness', 'eval_set_path_list': ['/home/xuanjie.liu/Projects/S3Plus/VQ/exp/2025.05.19_10vq_Zc[2]_Zs[0]_edim1_[0-20]_plus1024_1_tripleSet_Nothing_trainAll/../../../dataset/(0,20)-FixedPos-oneStyle'], 'is_blur': False, 'blur_config': {'kernel_size_choices': (5, 7, 9), 'sigma_range': (0.5, 3.0), 'p_no_blur': 0.0}, 'augment_times': 1}], 'interpolate_configs': [{'name': 'train_interpolate', 'eval_set_path_list': ['/home/xuanjie.liu/Projects/S3Plus/VQ/exp/2025.05.19_10vq_Zc[2]_Zs[0]_edim1_[0-20]_plus1024_1_tripleSet_Nothing_trainAll/../../../dataset/single_style_pairs(0,20)_tripleSet/train'], 'is_blur': False, 'blur_config': {'kernel_size_choices': (5, 7, 9), 'sigma_range': (0.5, 3.0), 'p_no_blur': 0.0}, 'augment_times': 1, 'interpolate_num': 1}]}}
[{'task_name': 'minus_16_1.1', 'train_data_path': '/home/xuanjie.liu/Projects/S3Plus/VQ/exp/2025.05.19_10vq_Zc[2]_Zs[0]_edim1_[0-20]_plus1024_1_tripleSet_Nothing_trainAll/../../../dataset/single_style_pairs_minus(0,20)/train', 'eval_data_path': '/home/xuanjie.liu/Projects/S3Plus/VQ/exp/2025.05.19_10vq_Zc[2]_Zs[0]_edim1_[0-20]_plus1024_1_tripleSet_Nothing_trainAll/../../../dataset/single_style_pairs_minus(0,20)/test', 'batch_size': 128, 'train_record_path': 'train_record.txt', 'eval_record_path': 'eval_record.txt', 'pretrained_path': 'checkpoint_40000.pt', 'fc_model_path': 'minus_model.pt', 'max_iter_num': 20001, 'log_interval': 200, 'num_class': 21, 'fc_network_config': {'plus_unit': 16, 'n_hidden_layers': 1}, 'learning_rate': 0.001}]
Sub-Exp path: /home/xuanjie.liu/Projects/S3Plus/VQ/exp/2025.05.19_10vq_Zc[2]_Zs[0]_edim1_[0-20]_plus1024_1_tripleSet_Nothing_trainAll/15
Optimal checkpoint: 48000
Pretrained Model is loaded
No more training is needed
No more training is needed
No more training is needed
No more training is needed
No more training is needed
No more training is needed
No more training is needed
No more training is needed
No more training is needed
No more training is needed
No more training is needed
No more training is needed
No more training is needed
No more training is needed
No more training is needed
No more training is needed
No more training is needed
No more training is needed
No more training is needed
No more training is needed
Exp path: /home/xuanjie.liu/Projects/S3Plus/VQ/exp/2025.05.19_10vq_Zc[2]_Zs[0]_edim1_[0-20]_plus1024_1_tripleSet_Nothing_trainAll
{'train_data_path': '/home/xuanjie.liu/Projects/S3Plus/VQ/exp/2025.05.19_10vq_Zc[2]_Zs[0]_edim1_[0-20]_plus1024_1_tripleSet_Nothing_trainAll/../../../dataset/single_style_pairs(0,20)_tripleSet_trainAll/train', 'single_img_eval_set_path': '/home/xuanjie.liu/Projects/S3Plus/VQ/exp/2025.05.19_10vq_Zc[2]_Zs[0]_edim1_[0-20]_plus1024_1_tripleSet_Nothing_trainAll/../../../dataset/(0,20)-FixedPos-oneStyle', 'plus_eval_set_path': ['/home/xuanjie.liu/Projects/S3Plus/VQ/exp/2025.05.19_10vq_Zc[2]_Zs[0]_edim1_[0-20]_plus1024_1_tripleSet_Nothing_trainAll/../../../dataset/single_style_pairs(0,20)_tripleSet/test_1', '/home/xuanjie.liu/Projects/S3Plus/VQ/exp/2025.05.19_10vq_Zc[2]_Zs[0]_edim1_[0-20]_plus1024_1_tripleSet_Nothing_trainAll/../../../dataset/single_style_pairs(0,20)_tripleSet/test_2'], 'latent_embedding_1': 2, 'latent_embedding_2': 0, 'multi_num_embeddings': None, 'latent_code_2': 0, 'embedding_dim': 1, 'is_plot_zc_value': True, 'embeddings_num': 10, 'is_plot_vis_num': True, 'kld_loss_scalar': 0.0, 'checkpoint_interval': 2000, 'learning_rate': 0.0001, 'scheduler_base_num': 0.99999, 'max_iter_num': 50001, 'model_path': 'curr_model.pt', 'train_result_path': 'TrainingResults/', 'eval_result_path': 'EvalResults/', 'train_record_path': 'Train_record.txt', 'eval_record_path': 'Eval_record.txt', 'plus_accu_record_path': 'plus_eval.txt', 'log_interval': 500, 'eval_interval': 2000, 'is_save_img': True, 'batch_size': 128, 'is_commutative_train': False, 'is_commutative_all': False, 'z_plus_loss_scalar': 0.02, 'commutative_z_loss_scalar': 0.0, 'associative_z_loss_scalar': 0.0, 'plus_mse_scalar': -1, 'plus_recon_loss_scalar': 3, 'min_loss_scalar': 1e-05, 'K': 1024, 'assoc_aug_range': (-3, 3), 'commitment_scalar': 0.0025, 'embedding_scalar': 0.01, 'isVQStyle': False, 'plus_by_embedding': True, 'plus_by_zcode': False, 'VQPlus_eqLoss_scalar': 0.5, 'is_zc_based_assoc': True, 'is_rand_z_assoc': False, 'is_assoc_within_batch': True, 'is_switch_digital': False, 'is_full_symm': False, 'is_assoc': False, 'is_twice_oper': False, 'img_noise': 0.0, 'network_config': {'enc_dec': {'img_channel': 3, 'last_H': 4, 'last_W': 4, 'first_ch_num': 16}, 'enc_fc': {'n_units': 128, 'n_hidden_layers': 2}, 'plus': {'plus_unit': 1024, 'n_hidden_layers': 2}}, 'eval_config': {'pipeline_result_path': 'PIPELINE_EVAL', 'optimal_checkpoint_finding_config': {'optimal_checkpoint_num': 'find_by_keys', 'record_name': 'Train_record.txt', 'keys': ['plus_recon', 'plus_z', 'loss_oper', 'loss_ED'], 'iter_after': 0.1}, 'plus_eval_configs': [{'name': 'eval_set', 'eval_set_path_list': ['/home/xuanjie.liu/Projects/S3Plus/VQ/exp/2025.05.19_10vq_Zc[2]_Zs[0]_edim1_[0-20]_plus1024_1_tripleSet_Nothing_trainAll/../../../dataset/single_style_pairs(0,20)_tripleSet/test_1', '/home/xuanjie.liu/Projects/S3Plus/VQ/exp/2025.05.19_10vq_Zc[2]_Zs[0]_edim1_[0-20]_plus1024_1_tripleSet_Nothing_trainAll/../../../dataset/single_style_pairs(0,20)_tripleSet/test_2'], 'is_blur': False, 'blur_config': {'kernel_size_choices': (5, 7, 9), 'sigma_range': (0.5, 3.0), 'p_no_blur': 0.0}, 'augment_times': 1}], 'emb_matching_rate_configs': [{'name': 'emb_matching_rate', 'eval_set_path_list': ['/home/xuanjie.liu/Projects/S3Plus/VQ/exp/2025.05.19_10vq_Zc[2]_Zs[0]_edim1_[0-20]_plus1024_1_tripleSet_Nothing_trainAll/../../../dataset/(0,20)-FixedPos-oneStyle'], 'is_blur': False, 'blur_config': {'kernel_size_choices': (5, 7, 9), 'sigma_range': (0.5, 3.0), 'p_no_blur': 0.0}, 'augment_times': 1}], 'orderliness_configs': [{'name': 'orderliness', 'img_dir_name': 'orderliness', 'eval_set_path_list': ['/home/xuanjie.liu/Projects/S3Plus/VQ/exp/2025.05.19_10vq_Zc[2]_Zs[0]_edim1_[0-20]_plus1024_1_tripleSet_Nothing_trainAll/../../../dataset/(0,20)-FixedPos-oneStyle'], 'is_blur': False, 'blur_config': {'kernel_size_choices': (5, 7, 9), 'sigma_range': (0.5, 3.0), 'p_no_blur': 0.0}, 'augment_times': 1}], 'interpolate_configs': [{'name': 'train_interpolate', 'eval_set_path_list': ['/home/xuanjie.liu/Projects/S3Plus/VQ/exp/2025.05.19_10vq_Zc[2]_Zs[0]_edim1_[0-20]_plus1024_1_tripleSet_Nothing_trainAll/../../../dataset/single_style_pairs(0,20)_tripleSet/train'], 'is_blur': False, 'blur_config': {'kernel_size_choices': (5, 7, 9), 'sigma_range': (0.5, 3.0), 'p_no_blur': 0.0}, 'augment_times': 1, 'interpolate_num': 1}]}}
[{'task_name': 'minus_16_1.1', 'train_data_path': '/home/xuanjie.liu/Projects/S3Plus/VQ/exp/2025.05.19_10vq_Zc[2]_Zs[0]_edim1_[0-20]_plus1024_1_tripleSet_Nothing_trainAll/../../../dataset/single_style_pairs_minus(0,20)/train', 'eval_data_path': '/home/xuanjie.liu/Projects/S3Plus/VQ/exp/2025.05.19_10vq_Zc[2]_Zs[0]_edim1_[0-20]_plus1024_1_tripleSet_Nothing_trainAll/../../../dataset/single_style_pairs_minus(0,20)/test', 'batch_size': 128, 'train_record_path': 'train_record.txt', 'eval_record_path': 'eval_record.txt', 'pretrained_path': 'checkpoint_40000.pt', 'fc_model_path': 'minus_model.pt', 'max_iter_num': 20001, 'log_interval': 200, 'num_class': 21, 'fc_network_config': {'plus_unit': 16, 'n_hidden_layers': 1}, 'learning_rate': 0.001}]
Sub-Exp path: /home/xuanjie.liu/Projects/S3Plus/VQ/exp/2025.05.19_10vq_Zc[2]_Zs[0]_edim1_[0-20]_plus1024_1_tripleSet_Nothing_trainAll/16
Optimal checkpoint: 48000
Pretrained Model is loaded
No more training is needed
No more training is needed
No more training is needed
No more training is needed
No more training is needed
No more training is needed
No more training is needed
No more training is needed
No more training is needed
No more training is needed
No more training is needed
No more training is needed
No more training is needed
No more training is needed
No more training is needed
No more training is needed
No more training is needed
No more training is needed
No more training is needed
No more training is needed
Exp path: /home/xuanjie.liu/Projects/S3Plus/VQ/exp/2025.05.19_10vq_Zc[2]_Zs[0]_edim1_[0-20]_plus1024_1_tripleSet_Nothing_trainAll
{'train_data_path': '/home/xuanjie.liu/Projects/S3Plus/VQ/exp/2025.05.19_10vq_Zc[2]_Zs[0]_edim1_[0-20]_plus1024_1_tripleSet_Nothing_trainAll/../../../dataset/single_style_pairs(0,20)_tripleSet_trainAll/train', 'single_img_eval_set_path': '/home/xuanjie.liu/Projects/S3Plus/VQ/exp/2025.05.19_10vq_Zc[2]_Zs[0]_edim1_[0-20]_plus1024_1_tripleSet_Nothing_trainAll/../../../dataset/(0,20)-FixedPos-oneStyle', 'plus_eval_set_path': ['/home/xuanjie.liu/Projects/S3Plus/VQ/exp/2025.05.19_10vq_Zc[2]_Zs[0]_edim1_[0-20]_plus1024_1_tripleSet_Nothing_trainAll/../../../dataset/single_style_pairs(0,20)_tripleSet/test_1', '/home/xuanjie.liu/Projects/S3Plus/VQ/exp/2025.05.19_10vq_Zc[2]_Zs[0]_edim1_[0-20]_plus1024_1_tripleSet_Nothing_trainAll/../../../dataset/single_style_pairs(0,20)_tripleSet/test_2'], 'latent_embedding_1': 2, 'latent_embedding_2': 0, 'multi_num_embeddings': None, 'latent_code_2': 0, 'embedding_dim': 1, 'is_plot_zc_value': True, 'embeddings_num': 10, 'is_plot_vis_num': True, 'kld_loss_scalar': 0.0, 'checkpoint_interval': 2000, 'learning_rate': 0.0001, 'scheduler_base_num': 0.99999, 'max_iter_num': 50001, 'model_path': 'curr_model.pt', 'train_result_path': 'TrainingResults/', 'eval_result_path': 'EvalResults/', 'train_record_path': 'Train_record.txt', 'eval_record_path': 'Eval_record.txt', 'plus_accu_record_path': 'plus_eval.txt', 'log_interval': 500, 'eval_interval': 2000, 'is_save_img': True, 'batch_size': 128, 'is_commutative_train': False, 'is_commutative_all': False, 'z_plus_loss_scalar': 0.02, 'commutative_z_loss_scalar': 0.0, 'associative_z_loss_scalar': 0.0, 'plus_mse_scalar': -1, 'plus_recon_loss_scalar': 3, 'min_loss_scalar': 1e-05, 'K': 1024, 'assoc_aug_range': (-3, 3), 'commitment_scalar': 0.0025, 'embedding_scalar': 0.01, 'isVQStyle': False, 'plus_by_embedding': True, 'plus_by_zcode': False, 'VQPlus_eqLoss_scalar': 0.5, 'is_zc_based_assoc': True, 'is_rand_z_assoc': False, 'is_assoc_within_batch': True, 'is_switch_digital': False, 'is_full_symm': False, 'is_assoc': False, 'is_twice_oper': False, 'img_noise': 0.0, 'network_config': {'enc_dec': {'img_channel': 3, 'last_H': 4, 'last_W': 4, 'first_ch_num': 16}, 'enc_fc': {'n_units': 128, 'n_hidden_layers': 2}, 'plus': {'plus_unit': 1024, 'n_hidden_layers': 2}}, 'eval_config': {'pipeline_result_path': 'PIPELINE_EVAL', 'optimal_checkpoint_finding_config': {'optimal_checkpoint_num': 'find_by_keys', 'record_name': 'Train_record.txt', 'keys': ['plus_recon', 'plus_z', 'loss_oper', 'loss_ED'], 'iter_after': 0.1}, 'plus_eval_configs': [{'name': 'eval_set', 'eval_set_path_list': ['/home/xuanjie.liu/Projects/S3Plus/VQ/exp/2025.05.19_10vq_Zc[2]_Zs[0]_edim1_[0-20]_plus1024_1_tripleSet_Nothing_trainAll/../../../dataset/single_style_pairs(0,20)_tripleSet/test_1', '/home/xuanjie.liu/Projects/S3Plus/VQ/exp/2025.05.19_10vq_Zc[2]_Zs[0]_edim1_[0-20]_plus1024_1_tripleSet_Nothing_trainAll/../../../dataset/single_style_pairs(0,20)_tripleSet/test_2'], 'is_blur': False, 'blur_config': {'kernel_size_choices': (5, 7, 9), 'sigma_range': (0.5, 3.0), 'p_no_blur': 0.0}, 'augment_times': 1}], 'emb_matching_rate_configs': [{'name': 'emb_matching_rate', 'eval_set_path_list': ['/home/xuanjie.liu/Projects/S3Plus/VQ/exp/2025.05.19_10vq_Zc[2]_Zs[0]_edim1_[0-20]_plus1024_1_tripleSet_Nothing_trainAll/../../../dataset/(0,20)-FixedPos-oneStyle'], 'is_blur': False, 'blur_config': {'kernel_size_choices': (5, 7, 9), 'sigma_range': (0.5, 3.0), 'p_no_blur': 0.0}, 'augment_times': 1}], 'orderliness_configs': [{'name': 'orderliness', 'img_dir_name': 'orderliness', 'eval_set_path_list': ['/home/xuanjie.liu/Projects/S3Plus/VQ/exp/2025.05.19_10vq_Zc[2]_Zs[0]_edim1_[0-20]_plus1024_1_tripleSet_Nothing_trainAll/../../../dataset/(0,20)-FixedPos-oneStyle'], 'is_blur': False, 'blur_config': {'kernel_size_choices': (5, 7, 9), 'sigma_range': (0.5, 3.0), 'p_no_blur': 0.0}, 'augment_times': 1}], 'interpolate_configs': [{'name': 'train_interpolate', 'eval_set_path_list': ['/home/xuanjie.liu/Projects/S3Plus/VQ/exp/2025.05.19_10vq_Zc[2]_Zs[0]_edim1_[0-20]_plus1024_1_tripleSet_Nothing_trainAll/../../../dataset/single_style_pairs(0,20)_tripleSet/train'], 'is_blur': False, 'blur_config': {'kernel_size_choices': (5, 7, 9), 'sigma_range': (0.5, 3.0), 'p_no_blur': 0.0}, 'augment_times': 1, 'interpolate_num': 1}]}}
[{'task_name': 'minus_16_1.1', 'train_data_path': '/home/xuanjie.liu/Projects/S3Plus/VQ/exp/2025.05.19_10vq_Zc[2]_Zs[0]_edim1_[0-20]_plus1024_1_tripleSet_Nothing_trainAll/../../../dataset/single_style_pairs_minus(0,20)/train', 'eval_data_path': '/home/xuanjie.liu/Projects/S3Plus/VQ/exp/2025.05.19_10vq_Zc[2]_Zs[0]_edim1_[0-20]_plus1024_1_tripleSet_Nothing_trainAll/../../../dataset/single_style_pairs_minus(0,20)/test', 'batch_size': 128, 'train_record_path': 'train_record.txt', 'eval_record_path': 'eval_record.txt', 'pretrained_path': 'checkpoint_40000.pt', 'fc_model_path': 'minus_model.pt', 'max_iter_num': 20001, 'log_interval': 200, 'num_class': 21, 'fc_network_config': {'plus_unit': 16, 'n_hidden_layers': 1}, 'learning_rate': 0.001}]
Sub-Exp path: /home/xuanjie.liu/Projects/S3Plus/VQ/exp/2025.05.19_10vq_Zc[2]_Zs[0]_edim1_[0-20]_plus1024_1_tripleSet_Nothing_trainAll/17
Optimal checkpoint: 48000
Pretrained Model is loaded
No more training is needed
No more training is needed
No more training is needed
No more training is needed
No more training is needed
Continue training
FC Model is loaded
10600-loss_z:0.020836,accu:1.0,loss_recon:0.032438

10600-loss_z:8.323917,accu:0.594937,loss_recon:0.137132

10800-loss_z:0.018823,accu:1.0,loss_recon:0.032185

10800-loss_z:8.561082,accu:0.607595,loss_recon:0.136704

11000-loss_z:0.017119,accu:1.0,loss_recon:0.032269

11000-loss_z:8.781981,accu:0.594937,loss_recon:0.138678

11200-loss_z:0.015574,accu:1.0,loss_recon:0.032466

11200-loss_z:8.991311,accu:0.582278,loss_recon:0.136834

11400-loss_z:0.013848,accu:1.0,loss_recon:0.031799

11400-loss_z:9.210634,accu:0.594937,loss_recon:0.13891

11600-loss_z:0.012525,accu:1.0,loss_recon:0.031734

11600-loss_z:9.385214,accu:0.594937,loss_recon:0.140037

11800-loss_z:0.011281,accu:1.0,loss_recon:0.031706

11800-loss_z:9.583765,accu:0.607595,loss_recon:0.139484

12000-loss_z:0.010077,accu:1.0,loss_recon:0.03119

12000-loss_z:9.750911,accu:0.620253,loss_recon:0.137123

12200-loss_z:0.009047,accu:1.0,loss_recon:0.031324

12200-loss_z:9.936184,accu:0.607595,loss_recon:0.138818

12400-loss_z:0.008181,accu:1.0,loss_recon:0.031157

12400-loss_z:10.143512,accu:0.594937,loss_recon:0.1378

12600-loss_z:0.007512,accu:1.0,loss_recon:0.031186

12600-loss_z:10.304709,accu:0.594937,loss_recon:0.138715

12800-loss_z:0.006854,accu:1.0,loss_recon:0.031092

12800-loss_z:10.477277,accu:0.607595,loss_recon:0.141108

13000-loss_z:0.006131,accu:1.0,loss_recon:0.031068

13000-loss_z:10.694138,accu:0.594937,loss_recon:0.138092

13200-loss_z:0.00555,accu:1.0,loss_recon:0.030671

13200-loss_z:10.840706,accu:0.594937,loss_recon:0.136215

13400-loss_z:0.00496,accu:1.0,loss_recon:0.031063

13400-loss_z:11.028193,accu:0.607595,loss_recon:0.137538

13600-loss_z:0.004532,accu:1.0,loss_recon:0.030682

13600-loss_z:11.229276,accu:0.594937,loss_recon:0.137651

13800-loss_z:0.004048,accu:1.0,loss_recon:0.031002

13800-loss_z:11.377497,accu:0.607595,loss_recon:0.140897

14000-loss_z:0.003624,accu:1.0,loss_recon:0.030693

14000-loss_z:11.554154,accu:0.607595,loss_recon:0.139685

14200-loss_z:0.00331,accu:1.0,loss_recon:0.030627

14200-loss_z:11.732458,accu:0.607595,loss_recon:0.139628

14400-loss_z:0.002956,accu:1.0,loss_recon:0.030657

14400-loss_z:11.901337,accu:0.594937,loss_recon:0.142478

14600-loss_z:0.002678,accu:1.0,loss_recon:0.030585

14600-loss_z:12.068883,accu:0.607595,loss_recon:0.140339

14800-loss_z:0.002376,accu:1.0,loss_recon:0.030574

14800-loss_z:12.227267,accu:0.607595,loss_recon:0.136188

15000-loss_z:0.002136,accu:1.0,loss_recon:0.03068

15000-loss_z:12.394672,accu:0.607595,loss_recon:0.139515

15200-loss_z:0.001941,accu:1.0,loss_recon:0.03081

15200-loss_z:12.585957,accu:0.607595,loss_recon:0.140983

15400-loss_z:0.001732,accu:1.0,loss_recon:0.030306

15400-loss_z:12.744716,accu:0.607595,loss_recon:0.138857

15600-loss_z:0.001561,accu:1.0,loss_recon:0.030539

15600-loss_z:12.873748,accu:0.607595,loss_recon:0.141155

15800-loss_z:0.001389,accu:1.0,loss_recon:0.030503

15800-loss_z:13.062253,accu:0.607595,loss_recon:0.141189

16000-loss_z:0.001247,accu:1.0,loss_recon:0.03069

16000-loss_z:13.181078,accu:0.607595,loss_recon:0.137764

16200-loss_z:0.001136,accu:1.0,loss_recon:0.030475

16200-loss_z:13.342684,accu:0.620253,loss_recon:0.140543

16400-loss_z:0.000995,accu:1.0,loss_recon:0.030385

16400-loss_z:13.490573,accu:0.620253,loss_recon:0.137181

16600-loss_z:0.00089,accu:1.0,loss_recon:0.030772

16600-loss_z:13.651078,accu:0.632911,loss_recon:0.138836

16800-loss_z:0.000799,accu:1.0,loss_recon:0.030348

16800-loss_z:13.793769,accu:0.632911,loss_recon:0.141727

17000-loss_z:0.000714,accu:1.0,loss_recon:0.030369

17000-loss_z:13.970913,accu:0.632911,loss_recon:0.142249

17200-loss_z:0.000641,accu:1.0,loss_recon:0.030213

17200-loss_z:14.120936,accu:0.632911,loss_recon:0.14039

17400-loss_z:0.000563,accu:1.0,loss_recon:0.030644

17400-loss_z:14.245366,accu:0.632911,loss_recon:0.139336

17600-loss_z:0.000494,accu:1.0,loss_recon:0.030013

17600-loss_z:14.393716,accu:0.632911,loss_recon:0.138727

17800-loss_z:0.000452,accu:1.0,loss_recon:0.030485

17800-loss_z:14.57964,accu:0.632911,loss_recon:0.138538

18000-loss_z:0.000393,accu:1.0,loss_recon:0.029992

18000-loss_z:14.74648,accu:0.632911,loss_recon:0.136893

18200-loss_z:0.000339,accu:1.0,loss_recon:0.030421

18200-loss_z:14.87856,accu:0.620253,loss_recon:0.137612

18400-loss_z:0.000294,accu:1.0,loss_recon:0.030182

18400-loss_z:14.989427,accu:0.620253,loss_recon:0.139174

18600-loss_z:0.000261,accu:1.0,loss_recon:0.030101

18600-loss_z:15.091049,accu:0.632911,loss_recon:0.136738

18800-loss_z:0.000227,accu:1.0,loss_recon:0.029954

18800-loss_z:15.181721,accu:0.632911,loss_recon:0.139618

19000-loss_z:0.000195,accu:1.0,loss_recon:0.030275

19000-loss_z:15.319274,accu:0.620253,loss_recon:0.136625

19200-loss_z:0.000177,accu:1.0,loss_recon:0.030251

19200-loss_z:15.441254,accu:0.632911,loss_recon:0.138671

19400-loss_z:0.000157,accu:1.0,loss_recon:0.030049

19400-loss_z:15.569677,accu:0.620253,loss_recon:0.138356

19600-loss_z:0.000137,accu:1.0,loss_recon:0.029922

19600-loss_z:15.715584,accu:0.620253,loss_recon:0.138977

19800-loss_z:0.000122,accu:1.0,loss_recon:0.030142

19800-loss_z:15.87237,accu:0.620253,loss_recon:0.138391

20000-loss_z:0.000108,accu:1.0,loss_recon:0.029963

20000-loss_z:16.046375,accu:0.607595,loss_recon:0.135985

Continue training
New FC model is initialized
200-loss_z:2.645307,accu:0.153439,loss_recon:1.087574

200-loss_z:2.705912,accu:0.050633,loss_recon:0.61893

400-loss_z:1.941864,accu:0.356992,loss_recon:0.48561

400-loss_z:2.437461,accu:0.101266,loss_recon:0.431837

600-loss_z:1.512608,accu:0.532715,loss_recon:0.339255

600-loss_z:2.298729,accu:0.240506,loss_recon:0.314365

800-loss_z:1.258142,accu:0.658001,loss_recon:0.246524

800-loss_z:2.238714,accu:0.240506,loss_recon:0.24513

1000-loss_z:1.086675,accu:0.705221,loss_recon:0.184352

1000-loss_z:2.217131,accu:0.316456,loss_recon:0.216646

1200-loss_z:0.960145,accu:0.756849,loss_recon:0.149392

1200-loss_z:2.225016,accu:0.291139,loss_recon:0.202127

1400-loss_z:0.861636,accu:0.814017,loss_recon:0.124849

1400-loss_z:2.228923,accu:0.367089,loss_recon:0.19284

1600-loss_z:0.779785,accu:0.844258,loss_recon:0.112489

1600-loss_z:2.23229,accu:0.379747,loss_recon:0.195679

1800-loss_z:0.707424,accu:0.875983,loss_recon:0.103469

1800-loss_z:2.256795,accu:0.392405,loss_recon:0.189453

2000-loss_z:0.648156,accu:0.896354,loss_recon:0.095785

2000-loss_z:2.25967,accu:0.405063,loss_recon:0.183911

2200-loss_z:0.600115,accu:0.901882,loss_recon:0.090137

2200-loss_z:2.307856,accu:0.43038,loss_recon:0.182093

2400-loss_z:0.55064,accu:0.913581,loss_recon:0.084582

2400-loss_z:2.358739,accu:0.43038,loss_recon:0.173641

2600-loss_z:0.506932,accu:0.925853,loss_recon:0.080487

2600-loss_z:2.446597,accu:0.455696,loss_recon:0.17465

2800-loss_z:0.468315,accu:0.94291,loss_recon:0.075683

2800-loss_z:2.495151,accu:0.493671,loss_recon:0.173241

3000-loss_z:0.432799,accu:0.952474,loss_recon:0.072436

3000-loss_z:2.597414,accu:0.518987,loss_recon:0.174295

3200-loss_z:0.402984,accu:0.966139,loss_recon:0.070346

3200-loss_z:2.69422,accu:0.481013,loss_recon:0.166664

3400-loss_z:0.371534,accu:0.978431,loss_recon:0.067435

3400-loss_z:2.821298,accu:0.531646,loss_recon:0.171912

3600-loss_z:0.344078,accu:0.984414,loss_recon:0.064539

3600-loss_z:2.94101,accu:0.531646,loss_recon:0.162481

3800-loss_z:0.317658,accu:0.985326,loss_recon:0.062983

3800-loss_z:3.083498,accu:0.544304,loss_recon:0.159346

4000-loss_z:0.295478,accu:0.991426,loss_recon:0.060286

4000-loss_z:3.193622,accu:0.556962,loss_recon:0.157576

4200-loss_z:0.272291,accu:0.991777,loss_recon:0.059301

4200-loss_z:3.353722,accu:0.544304,loss_recon:0.158117

4400-loss_z:0.251579,accu:0.993854,loss_recon:0.058374

4400-loss_z:3.499188,accu:0.56962,loss_recon:0.161496

4600-loss_z:0.235174,accu:0.993392,loss_recon:0.056569

4600-loss_z:3.671605,accu:0.56962,loss_recon:0.153676

4800-loss_z:0.218726,accu:0.993027,loss_recon:0.056196

4800-loss_z:3.830215,accu:0.594937,loss_recon:0.161201

5000-loss_z:0.201741,accu:0.995365,loss_recon:0.055756

5000-loss_z:4.015738,accu:0.594937,loss_recon:0.157792

5200-loss_z:0.185736,accu:0.996035,loss_recon:0.05513

5200-loss_z:4.172514,accu:0.594937,loss_recon:0.155875

5400-loss_z:0.172068,accu:0.998112,loss_recon:0.054359

5400-loss_z:4.367499,accu:0.594937,loss_recon:0.152652

5600-loss_z:0.158229,accu:0.999056,loss_recon:0.054565

5600-loss_z:4.550361,accu:0.582278,loss_recon:0.158876

5800-loss_z:0.146018,accu:0.999837,loss_recon:0.053881

5800-loss_z:4.760063,accu:0.56962,loss_recon:0.154548

6000-loss_z:0.133862,accu:1.0,loss_recon:0.054597

6000-loss_z:4.997144,accu:0.56962,loss_recon:0.156702

6200-loss_z:0.124176,accu:1.0,loss_recon:0.053976

6200-loss_z:5.231551,accu:0.582278,loss_recon:0.165138

6400-loss_z:0.114117,accu:1.0,loss_recon:0.053609

6400-loss_z:5.496462,accu:0.582278,loss_recon:0.157179

6600-loss_z:0.104269,accu:1.0,loss_recon:0.053482

6600-loss_z:5.726187,accu:0.582278,loss_recon:0.157194

6800-loss_z:0.097046,accu:1.0,loss_recon:0.053044

6800-loss_z:5.984734,accu:0.582278,loss_recon:0.153025

7000-loss_z:0.088078,accu:1.0,loss_recon:0.05339

7000-loss_z:6.286809,accu:0.582278,loss_recon:0.157731

7200-loss_z:0.081498,accu:1.0,loss_recon:0.052712

7200-loss_z:6.557693,accu:0.594937,loss_recon:0.15804

7400-loss_z:0.073962,accu:1.0,loss_recon:0.052404

7400-loss_z:6.827111,accu:0.582278,loss_recon:0.155379

7600-loss_z:0.067709,accu:1.0,loss_recon:0.053002

7600-loss_z:7.129839,accu:0.594937,loss_recon:0.15564

7800-loss_z:0.061633,accu:1.0,loss_recon:0.05246

7800-loss_z:7.42044,accu:0.582278,loss_recon:0.159446

8000-loss_z:0.055461,accu:1.0,loss_recon:0.052878

8000-loss_z:7.718561,accu:0.607595,loss_recon:0.157544

8200-loss_z:0.05221,accu:1.0,loss_recon:0.05284

8200-loss_z:7.997983,accu:0.582278,loss_recon:0.155267

8400-loss_z:0.04725,accu:1.0,loss_recon:0.052636

8400-loss_z:8.32801,accu:0.594937,loss_recon:0.1551

8600-loss_z:0.042682,accu:1.0,loss_recon:0.052223

8600-loss_z:8.610622,accu:0.607595,loss_recon:0.156633

8800-loss_z:0.038964,accu:1.0,loss_recon:0.052512

8800-loss_z:8.909837,accu:0.582278,loss_recon:0.151909

9000-loss_z:0.035572,accu:1.0,loss_recon:0.051947

9000-loss_z:9.192675,accu:0.594937,loss_recon:0.154076

9200-loss_z:0.032376,accu:1.0,loss_recon:0.052093

9200-loss_z:9.482533,accu:0.582278,loss_recon:0.158999

9400-loss_z:0.029164,accu:1.0,loss_recon:0.051507

9400-loss_z:9.784487,accu:0.582278,loss_recon:0.153548

9600-loss_z:0.026735,accu:1.0,loss_recon:0.052091

9600-loss_z:10.087916,accu:0.594937,loss_recon:0.152758

9800-loss_z:0.023857,accu:1.0,loss_recon:0.051435

9800-loss_z:10.409456,accu:0.594937,loss_recon:0.151602

10000-loss_z:0.021687,accu:1.0,loss_recon:0.051242

10000-loss_z:10.692413,accu:0.582278,loss_recon:0.152045

10200-loss_z:0.019973,accu:1.0,loss_recon:0.051356

10200-loss_z:10.979266,accu:0.582278,loss_recon:0.151581

10400-loss_z:0.018091,accu:1.0,loss_recon:0.0518

10400-loss_z:11.25585,accu:0.594937,loss_recon:0.149421

10600-loss_z:0.016458,accu:1.0,loss_recon:0.051868

10600-loss_z:11.569692,accu:0.594937,loss_recon:0.151648

10800-loss_z:0.014651,accu:1.0,loss_recon:0.050765

10800-loss_z:11.911069,accu:0.582278,loss_recon:0.152194

11000-loss_z:0.013284,accu:1.0,loss_recon:0.051805

11000-loss_z:12.173607,accu:0.582278,loss_recon:0.14754

11200-loss_z:0.012074,accu:1.0,loss_recon:0.050743

11200-loss_z:12.487804,accu:0.56962,loss_recon:0.148919

11400-loss_z:0.01106,accu:1.0,loss_recon:0.050916

11400-loss_z:12.801501,accu:0.56962,loss_recon:0.148012

11600-loss_z:0.009929,accu:1.0,loss_recon:0.051259

11600-loss_z:13.082155,accu:0.582278,loss_recon:0.142344

11800-loss_z:0.008706,accu:1.0,loss_recon:0.050767

11800-loss_z:13.366856,accu:0.56962,loss_recon:0.14589

12000-loss_z:0.008091,accu:1.0,loss_recon:0.050684

12000-loss_z:13.64627,accu:0.556962,loss_recon:0.149952

12200-loss_z:0.00727,accu:1.0,loss_recon:0.050557

12200-loss_z:13.965346,accu:0.56962,loss_recon:0.151545

12400-loss_z:0.00653,accu:1.0,loss_recon:0.051165

12400-loss_z:14.219773,accu:0.56962,loss_recon:0.143988

12600-loss_z:0.005961,accu:1.0,loss_recon:0.050578

12600-loss_z:14.510366,accu:0.556962,loss_recon:0.151604

12800-loss_z:0.005339,accu:1.0,loss_recon:0.051416

12800-loss_z:14.799692,accu:0.556962,loss_recon:0.145887

13000-loss_z:0.004745,accu:1.0,loss_recon:0.050424

13000-loss_z:15.035577,accu:0.556962,loss_recon:0.148218

13200-loss_z:0.004254,accu:1.0,loss_recon:0.050425

13200-loss_z:15.284925,accu:0.544304,loss_recon:0.148296

13400-loss_z:0.003874,accu:1.0,loss_recon:0.05061

13400-loss_z:15.512464,accu:0.544304,loss_recon:0.143142

13600-loss_z:0.003439,accu:1.0,loss_recon:0.050345

13600-loss_z:15.677216,accu:0.544304,loss_recon:0.148155

13800-loss_z:0.003133,accu:1.0,loss_recon:0.049944

13800-loss_z:15.903813,accu:0.531646,loss_recon:0.148739

14000-loss_z:0.002716,accu:1.0,loss_recon:0.050947

14000-loss_z:16.40654,accu:0.531646,loss_recon:0.141733

14200-loss_z:0.002466,accu:1.0,loss_recon:0.050594

14200-loss_z:17.028618,accu:0.531646,loss_recon:0.148894

14400-loss_z:0.002217,accu:1.0,loss_recon:0.050343

14400-loss_z:17.710827,accu:0.531646,loss_recon:0.151467

14600-loss_z:0.002003,accu:1.0,loss_recon:0.050899

14600-loss_z:18.202202,accu:0.518987,loss_recon:0.148555

14800-loss_z:0.001733,accu:1.0,loss_recon:0.050364

14800-loss_z:18.708813,accu:0.531646,loss_recon:0.142815

15000-loss_z:0.001567,accu:1.0,loss_recon:0.050877

15000-loss_z:19.170544,accu:0.531646,loss_recon:0.146193

15200-loss_z:0.001403,accu:1.0,loss_recon:0.050936

15200-loss_z:19.572279,accu:0.531646,loss_recon:0.147546

15400-loss_z:0.001213,accu:1.0,loss_recon:0.050763

15400-loss_z:19.994284,accu:0.531646,loss_recon:0.149103

15600-loss_z:0.001109,accu:1.0,loss_recon:0.050488

15600-loss_z:20.383348,accu:0.531646,loss_recon:0.14891

15800-loss_z:0.000979,accu:1.0,loss_recon:0.050393

15800-loss_z:20.765614,accu:0.518987,loss_recon:0.147557

16000-loss_z:0.000892,accu:1.0,loss_recon:0.050314

16000-loss_z:21.130167,accu:0.518987,loss_recon:0.148091

16200-loss_z:0.000778,accu:1.0,loss_recon:0.050579

16200-loss_z:21.533327,accu:0.518987,loss_recon:0.147729

16400-loss_z:0.000678,accu:1.0,loss_recon:0.050067

16400-loss_z:21.869547,accu:0.518987,loss_recon:0.148545

16600-loss_z:0.00061,accu:1.0,loss_recon:0.050366

16600-loss_z:22.245878,accu:0.506329,loss_recon:0.144552

16800-loss_z:0.000544,accu:1.0,loss_recon:0.050043

16800-loss_z:22.566601,accu:0.506329,loss_recon:0.150574

17000-loss_z:0.000488,accu:1.0,loss_recon:0.050308

17000-loss_z:22.956692,accu:0.506329,loss_recon:0.147697

17200-loss_z:0.000431,accu:1.0,loss_recon:0.050872

17200-loss_z:23.346411,accu:0.506329,loss_recon:0.145967

17400-loss_z:0.000375,accu:1.0,loss_recon:0.050322

17400-loss_z:23.646019,accu:0.506329,loss_recon:0.142596

17600-loss_z:0.000336,accu:1.0,loss_recon:0.050992

17600-loss_z:23.960825,accu:0.506329,loss_recon:0.146073

17800-loss_z:0.000294,accu:1.0,loss_recon:0.050431

17800-loss_z:24.296326,accu:0.506329,loss_recon:0.146816

18000-loss_z:0.000266,accu:1.0,loss_recon:0.05022

18000-loss_z:24.587877,accu:0.506329,loss_recon:0.144985

18200-loss_z:0.000234,accu:1.0,loss_recon:0.050784

18200-loss_z:24.855028,accu:0.506329,loss_recon:0.146072

18400-loss_z:0.000206,accu:1.0,loss_recon:0.050397

18400-loss_z:25.205236,accu:0.506329,loss_recon:0.146643

18600-loss_z:0.00018,accu:1.0,loss_recon:0.050277

18600-loss_z:25.51965,accu:0.518987,loss_recon:0.145191

18800-loss_z:0.000162,accu:1.0,loss_recon:0.050407

18800-loss_z:25.815775,accu:0.518987,loss_recon:0.144369

19000-loss_z:0.000139,accu:1.0,loss_recon:0.049878

19000-loss_z:26.101265,accu:0.518987,loss_recon:0.144202

19200-loss_z:0.000124,accu:1.0,loss_recon:0.04968

19200-loss_z:26.43224,accu:0.518987,loss_recon:0.140708

19400-loss_z:0.000111,accu:1.0,loss_recon:0.049423

19400-loss_z:26.739342,accu:0.518987,loss_recon:0.146451

19600-loss_z:9.6e-05,accu:1.0,loss_recon:0.048924

19600-loss_z:27.061054,accu:0.518987,loss_recon:0.13638

19800-loss_z:8.7e-05,accu:1.0,loss_recon:0.049615

19800-loss_z:27.377377,accu:0.531646,loss_recon:0.143313

20000-loss_z:7.6e-05,accu:1.0,loss_recon:0.048634

20000-loss_z:27.694067,accu:0.518987,loss_recon:0.139272

Continue training
New FC model is initialized
200-loss_z:2.687249,accu:0.170787,loss_recon:1.119998

200-loss_z:2.871176,accu:0.088608,loss_recon:0.608073

400-loss_z:2.042795,accu:0.331178,loss_recon:0.522907

400-loss_z:2.758875,accu:0.063291,loss_recon:0.450972

600-loss_z:1.707614,accu:0.408874,loss_recon:0.370252

600-loss_z:2.657536,accu:0.164557,loss_recon:0.356901

800-loss_z:1.460144,accu:0.507676,loss_recon:0.259398

800-loss_z:2.560706,accu:0.21519,loss_recon:0.285759

1000-loss_z:1.271611,accu:0.612376,loss_recon:0.190164

1000-loss_z:2.570403,accu:0.291139,loss_recon:0.229208

1200-loss_z:1.122127,accu:0.673288,loss_recon:0.145403

1200-loss_z:2.537985,accu:0.303797,loss_recon:0.20055

1400-loss_z:1.003202,accu:0.71748,loss_recon:0.122089

1400-loss_z:2.543785,accu:0.291139,loss_recon:0.184801

1600-loss_z:0.911169,accu:0.746771,loss_recon:0.109015

1600-loss_z:2.583513,accu:0.35443,loss_recon:0.174412

1800-loss_z:0.830827,accu:0.773509,loss_recon:0.097808

1800-loss_z:2.615708,accu:0.35443,loss_recon:0.166667

2000-loss_z:0.764647,accu:0.797057,loss_recon:0.091161

2000-loss_z:2.688211,accu:0.379747,loss_recon:0.156223

2200-loss_z:0.707219,accu:0.828431,loss_recon:0.084563

2200-loss_z:2.723186,accu:0.379747,loss_recon:0.150691

2400-loss_z:0.654166,accu:0.849141,loss_recon:0.080769

2400-loss_z:2.734707,accu:0.392405,loss_recon:0.149532

2600-loss_z:0.609189,accu:0.873392,loss_recon:0.078432

2600-loss_z:2.76531,accu:0.379747,loss_recon:0.150716

2800-loss_z:0.571302,accu:0.890195,loss_recon:0.075148

2800-loss_z:2.775244,accu:0.43038,loss_recon:0.146711

3000-loss_z:0.530958,accu:0.905983,loss_recon:0.072629

3000-loss_z:2.842605,accu:0.417722,loss_recon:0.143975

3200-loss_z:0.501525,accu:0.920059,loss_recon:0.069215

3200-loss_z:2.863492,accu:0.468354,loss_recon:0.141199

3400-loss_z:0.471599,accu:0.927448,loss_recon:0.066234

3400-loss_z:2.859626,accu:0.417722,loss_recon:0.136731

3600-loss_z:0.442127,accu:0.944505,loss_recon:0.062401

3600-loss_z:2.910068,accu:0.43038,loss_recon:0.137356

3800-loss_z:0.416776,accu:0.948874,loss_recon:0.0604

3800-loss_z:2.929675,accu:0.43038,loss_recon:0.134154

4000-loss_z:0.390326,accu:0.959564,loss_recon:0.058049

4000-loss_z:2.938508,accu:0.443038,loss_recon:0.128112

4200-loss_z:0.369723,accu:0.966348,loss_recon:0.054576

4200-loss_z:2.985275,accu:0.455696,loss_recon:0.128045

4400-loss_z:0.348175,accu:0.971986,loss_recon:0.052984

4400-loss_z:3.013839,accu:0.455696,loss_recon:0.119917

4600-loss_z:0.329501,accu:0.974115,loss_recon:0.051028

4600-loss_z:3.069664,accu:0.455696,loss_recon:0.120414

4800-loss_z:0.312756,accu:0.979342,loss_recon:0.049896

4800-loss_z:3.091425,accu:0.455696,loss_recon:0.115983

5000-loss_z:0.293594,accu:0.982109,loss_recon:0.049404

5000-loss_z:3.124953,accu:0.468354,loss_recon:0.115777

5200-loss_z:0.278153,accu:0.984727,loss_recon:0.048024

5200-loss_z:3.161429,accu:0.481013,loss_recon:0.117648

5400-loss_z:0.261509,accu:0.987103,loss_recon:0.047585

5400-loss_z:3.184716,accu:0.468354,loss_recon:0.1142

5600-loss_z:0.244933,accu:0.987181,loss_recon:0.046862

5600-loss_z:3.18091,accu:0.481013,loss_recon:0.112996

5800-loss_z:0.233228,accu:0.991582,loss_recon:0.045847

5800-loss_z:3.253453,accu:0.506329,loss_recon:0.112918

6000-loss_z:0.218998,accu:0.992819,loss_recon:0.044868

6000-loss_z:3.282665,accu:0.506329,loss_recon:0.111402

6200-loss_z:0.208193,accu:0.994297,loss_recon:0.04485

6200-loss_z:3.339635,accu:0.518987,loss_recon:0.112255

6400-loss_z:0.19454,accu:0.996283,loss_recon:0.043764

6400-loss_z:3.313034,accu:0.506329,loss_recon:0.111778

6600-loss_z:0.184218,accu:0.996836,loss_recon:0.044302

6600-loss_z:3.380869,accu:0.518987,loss_recon:0.110132

6800-loss_z:0.173701,accu:0.997572,loss_recon:0.043697

6800-loss_z:3.416811,accu:0.506329,loss_recon:0.110682

7000-loss_z:0.163526,accu:0.998047,loss_recon:0.042687

7000-loss_z:3.3944,accu:0.531646,loss_recon:0.107308

7200-loss_z:0.155143,accu:0.998053,loss_recon:0.041922

7200-loss_z:3.470962,accu:0.506329,loss_recon:0.108553

7400-loss_z:0.145347,accu:0.999206,loss_recon:0.041262

7400-loss_z:3.517265,accu:0.531646,loss_recon:0.107096

7600-loss_z:0.137332,accu:0.998965,loss_recon:0.041547

7600-loss_z:3.490621,accu:0.506329,loss_recon:0.106215

7800-loss_z:0.128194,accu:0.999779,loss_recon:0.041184

7800-loss_z:3.52075,accu:0.531646,loss_recon:0.108182

8000-loss_z:0.120614,accu:0.999844,loss_recon:0.040606

8000-loss_z:3.52911,accu:0.531646,loss_recon:0.106281

8200-loss_z:0.11503,accu:0.999596,loss_recon:0.040443

8200-loss_z:3.539848,accu:0.531646,loss_recon:0.106388

8400-loss_z:0.106665,accu:1.0,loss_recon:0.040025

8400-loss_z:3.528623,accu:0.544304,loss_recon:0.103625

8600-loss_z:0.101064,accu:1.0,loss_recon:0.04003

8600-loss_z:3.520322,accu:0.531646,loss_recon:0.107881

8800-loss_z:0.095154,accu:1.0,loss_recon:0.039625

8800-loss_z:3.504004,accu:0.531646,loss_recon:0.101545

9000-loss_z:0.088306,accu:1.0,loss_recon:0.040063

9000-loss_z:3.443295,accu:0.544304,loss_recon:0.102338

9200-loss_z:0.083163,accu:1.0,loss_recon:0.039154

9200-loss_z:3.440574,accu:0.531646,loss_recon:0.10589

9400-loss_z:0.07755,accu:1.0,loss_recon:0.038484

9400-loss_z:3.461586,accu:0.544304,loss_recon:0.10329

9600-loss_z:0.073264,accu:1.0,loss_recon:0.037959

9600-loss_z:3.420516,accu:0.556962,loss_recon:0.103622

9800-loss_z:0.067852,accu:1.0,loss_recon:0.037991

9800-loss_z:3.430084,accu:0.544304,loss_recon:0.102791

10000-loss_z:0.062566,accu:1.0,loss_recon:0.03735

10000-loss_z:3.539765,accu:0.544304,loss_recon:0.10017

10200-loss_z:0.05879,accu:1.0,loss_recon:0.036968

10200-loss_z:3.639707,accu:0.544304,loss_recon:0.104901

10400-loss_z:0.055059,accu:1.0,loss_recon:0.03675

10400-loss_z:3.703213,accu:0.544304,loss_recon:0.104143

10600-loss_z:0.05103,accu:1.0,loss_recon:0.036873

10600-loss_z:3.855945,accu:0.556962,loss_recon:0.104399

10800-loss_z:0.047587,accu:1.0,loss_recon:0.036749

10800-loss_z:3.976064,accu:0.556962,loss_recon:0.101339

11000-loss_z:0.044258,accu:1.0,loss_recon:0.035991

11000-loss_z:4.035983,accu:0.56962,loss_recon:0.101435

11200-loss_z:0.041196,accu:1.0,loss_recon:0.036411

11200-loss_z:4.195797,accu:0.556962,loss_recon:0.101334

11400-loss_z:0.039069,accu:1.0,loss_recon:0.035785

11400-loss_z:4.298638,accu:0.56962,loss_recon:0.105543

11600-loss_z:0.036111,accu:1.0,loss_recon:0.035178

11600-loss_z:4.394685,accu:0.56962,loss_recon:0.101658

11800-loss_z:0.033026,accu:1.0,loss_recon:0.035026

11800-loss_z:4.512494,accu:0.582278,loss_recon:0.104548

12000-loss_z:0.030832,accu:1.0,loss_recon:0.035111

12000-loss_z:4.646722,accu:0.582278,loss_recon:0.100956

12200-loss_z:0.028622,accu:1.0,loss_recon:0.03446

12200-loss_z:4.762811,accu:0.56962,loss_recon:0.105471

12400-loss_z:0.026951,accu:1.0,loss_recon:0.03416

12400-loss_z:4.892194,accu:0.56962,loss_recon:0.104589

12600-loss_z:0.024606,accu:1.0,loss_recon:0.034192

12600-loss_z:4.996095,accu:0.582278,loss_recon:0.104413

12800-loss_z:0.022621,accu:1.0,loss_recon:0.033689

12800-loss_z:5.12401,accu:0.556962,loss_recon:0.099578

13000-loss_z:0.021168,accu:1.0,loss_recon:0.033355

13000-loss_z:5.280302,accu:0.582278,loss_recon:0.102651

13200-loss_z:0.019616,accu:1.0,loss_recon:0.033231

13200-loss_z:5.370733,accu:0.594937,loss_recon:0.102567

13400-loss_z:0.018021,accu:1.0,loss_recon:0.032475

13400-loss_z:5.462969,accu:0.594937,loss_recon:0.103821

13600-loss_z:0.016773,accu:1.0,loss_recon:0.032852

13600-loss_z:5.547893,accu:0.594937,loss_recon:0.099963

13800-loss_z:0.015342,accu:1.0,loss_recon:0.032567

13800-loss_z:5.701296,accu:0.594937,loss_recon:0.101013

14000-loss_z:0.014093,accu:1.0,loss_recon:0.033005

14000-loss_z:5.797165,accu:0.607595,loss_recon:0.102505

14200-loss_z:0.013136,accu:1.0,loss_recon:0.032382

14200-loss_z:5.913561,accu:0.594937,loss_recon:0.10209

14400-loss_z:0.012156,accu:1.0,loss_recon:0.032181

14400-loss_z:6.039102,accu:0.607595,loss_recon:0.103087

14600-loss_z:0.011222,accu:1.0,loss_recon:0.032364

14600-loss_z:6.129918,accu:0.607595,loss_recon:0.101918

14800-loss_z:0.010268,accu:1.0,loss_recon:0.032097

14800-loss_z:6.273679,accu:0.607595,loss_recon:0.098858

15000-loss_z:0.009373,accu:1.0,loss_recon:0.032207

15000-loss_z:6.408153,accu:0.594937,loss_recon:0.105916

15200-loss_z:0.008541,accu:1.0,loss_recon:0.031704

15200-loss_z:6.50464,accu:0.594937,loss_recon:0.102031

15400-loss_z:0.007925,accu:1.0,loss_recon:0.031949

15400-loss_z:6.561472,accu:0.594937,loss_recon:0.101603

15600-loss_z:0.007357,accu:1.0,loss_recon:0.031775

15600-loss_z:6.7044,accu:0.594937,loss_recon:0.101719

15800-loss_z:0.006737,accu:1.0,loss_recon:0.031699

15800-loss_z:6.848001,accu:0.594937,loss_recon:0.101927

16000-loss_z:0.00613,accu:1.0,loss_recon:0.031988

16000-loss_z:6.940339,accu:0.582278,loss_recon:0.104312

16200-loss_z:0.005533,accu:1.0,loss_recon:0.031604

16200-loss_z:7.094029,accu:0.582278,loss_recon:0.099595

16400-loss_z:0.005048,accu:1.0,loss_recon:0.031136

16400-loss_z:7.189291,accu:0.582278,loss_recon:0.10099

16600-loss_z:0.004666,accu:1.0,loss_recon:0.031561

16600-loss_z:7.316585,accu:0.582278,loss_recon:0.098642

16800-loss_z:0.004307,accu:1.0,loss_recon:0.031231

16800-loss_z:7.494848,accu:0.582278,loss_recon:0.101873

17000-loss_z:0.003824,accu:1.0,loss_recon:0.031361

17000-loss_z:7.63636,accu:0.594937,loss_recon:0.099065

17200-loss_z:0.003561,accu:1.0,loss_recon:0.031419

17200-loss_z:7.767502,accu:0.582278,loss_recon:0.101702

17400-loss_z:0.003209,accu:1.0,loss_recon:0.031188

17400-loss_z:7.914657,accu:0.56962,loss_recon:0.102091

17600-loss_z:0.002929,accu:1.0,loss_recon:0.030941

17600-loss_z:8.016611,accu:0.582278,loss_recon:0.100871

17800-loss_z:0.002643,accu:1.0,loss_recon:0.030704

17800-loss_z:8.151828,accu:0.582278,loss_recon:0.104207

18000-loss_z:0.002418,accu:1.0,loss_recon:0.03106

18000-loss_z:8.248795,accu:0.582278,loss_recon:0.099358

18200-loss_z:0.002239,accu:1.0,loss_recon:0.030874

18200-loss_z:8.379127,accu:0.582278,loss_recon:0.102969

18400-loss_z:0.002009,accu:1.0,loss_recon:0.030695

18400-loss_z:8.521943,accu:0.594937,loss_recon:0.104185

18600-loss_z:0.001789,accu:1.0,loss_recon:0.030649

18600-loss_z:8.599995,accu:0.582278,loss_recon:0.103172

18800-loss_z:0.001651,accu:1.0,loss_recon:0.030736

18800-loss_z:8.793695,accu:0.582278,loss_recon:0.101478

19000-loss_z:0.001512,accu:1.0,loss_recon:0.030625

19000-loss_z:8.904285,accu:0.582278,loss_recon:0.103884

19200-loss_z:0.001372,accu:1.0,loss_recon:0.030734

19200-loss_z:9.051633,accu:0.582278,loss_recon:0.101038

19400-loss_z:0.001253,accu:1.0,loss_recon:0.030459

19400-loss_z:9.211501,accu:0.607595,loss_recon:0.1012

19600-loss_z:0.001135,accu:1.0,loss_recon:0.030396

19600-loss_z:9.32899,accu:0.594937,loss_recon:0.101358

19800-loss_z:0.001027,accu:1.0,loss_recon:0.0304

19800-loss_z:9.438001,accu:0.594937,loss_recon:0.101363

20000-loss_z:0.00093,accu:1.0,loss_recon:0.030471

20000-loss_z:9.582176,accu:0.582278,loss_recon:0.100464

Continue training
New FC model is initialized
200-loss_z:2.640869,accu:0.167146,loss_recon:1.186492

200-loss_z:2.714526,accu:0.063291,loss_recon:0.695079

400-loss_z:1.983886,accu:0.330755,loss_recon:0.526759

400-loss_z:2.485755,accu:0.101266,loss_recon:0.424266

600-loss_z:1.605781,accu:0.473229,loss_recon:0.345492

600-loss_z:2.38556,accu:0.139241,loss_recon:0.339648

800-loss_z:1.357156,accu:0.559349,loss_recon:0.22904

800-loss_z:2.355733,accu:0.227848,loss_recon:0.253883

1000-loss_z:1.186768,accu:0.646348,loss_recon:0.156663

1000-loss_z:2.339588,accu:0.240506,loss_recon:0.207571

1200-loss_z:1.055285,accu:0.704564,loss_recon:0.121685

1200-loss_z:2.380805,accu:0.329114,loss_recon:0.18934

1400-loss_z:0.939011,accu:0.773118,loss_recon:0.106043

1400-loss_z:2.431136,accu:0.316456,loss_recon:0.183229

1600-loss_z:0.843854,accu:0.800749,loss_recon:0.096987

1600-loss_z:2.528489,accu:0.405063,loss_recon:0.177284

1800-loss_z:0.763849,accu:0.834258,loss_recon:0.088903

1800-loss_z:2.561839,accu:0.417722,loss_recon:0.168557

2000-loss_z:0.699515,accu:0.853724,loss_recon:0.082662

2000-loss_z:2.668164,accu:0.43038,loss_recon:0.167537

2200-loss_z:0.64223,accu:0.879036,loss_recon:0.075823

2200-loss_z:2.738254,accu:0.417722,loss_recon:0.166337

2400-loss_z:0.593926,accu:0.900645,loss_recon:0.071819

2400-loss_z:2.795956,accu:0.455696,loss_recon:0.161238

2600-loss_z:0.551905,accu:0.91804,loss_recon:0.069056

2600-loss_z:2.869932,accu:0.518987,loss_recon:0.160221

2800-loss_z:0.508734,accu:0.928483,loss_recon:0.066386

2800-loss_z:2.955487,accu:0.443038,loss_recon:0.1552

3000-loss_z:0.473877,accu:0.943424,loss_recon:0.064459

3000-loss_z:3.04912,accu:0.493671,loss_recon:0.15384

3200-loss_z:0.440622,accu:0.947904,loss_recon:0.062907

3200-loss_z:3.163594,accu:0.506329,loss_recon:0.154475

3400-loss_z:0.408545,accu:0.960846,loss_recon:0.0623

3400-loss_z:3.256148,accu:0.518987,loss_recon:0.154474

3600-loss_z:0.381888,accu:0.965983,loss_recon:0.060541

3600-loss_z:3.355087,accu:0.506329,loss_recon:0.151406

3800-loss_z:0.352343,accu:0.973027,loss_recon:0.059856

3800-loss_z:3.464144,accu:0.544304,loss_recon:0.152524

4000-loss_z:0.331775,accu:0.978496,loss_recon:0.058023

4000-loss_z:3.620735,accu:0.544304,loss_recon:0.156559

4200-loss_z:0.306884,accu:0.979779,loss_recon:0.057732

4200-loss_z:3.691063,accu:0.544304,loss_recon:0.156386

4400-loss_z:0.28562,accu:0.982344,loss_recon:0.057452

4400-loss_z:3.821886,accu:0.556962,loss_recon:0.1552

4600-loss_z:0.266819,accu:0.985072,loss_recon:0.056953

4600-loss_z:3.948967,accu:0.531646,loss_recon:0.155546

4800-loss_z:0.249137,accu:0.985052,loss_recon:0.05637

4800-loss_z:4.070608,accu:0.544304,loss_recon:0.154147

5000-loss_z:0.233701,accu:0.984629,loss_recon:0.055701

5000-loss_z:4.190875,accu:0.531646,loss_recon:0.158424

5200-loss_z:0.216124,accu:0.9875,loss_recon:0.056053

5200-loss_z:4.329356,accu:0.531646,loss_recon:0.156611

5400-loss_z:0.201799,accu:0.988138,loss_recon:0.055424

5400-loss_z:4.436872,accu:0.556962,loss_recon:0.157927

5600-loss_z:0.188306,accu:0.991237,loss_recon:0.054349

5600-loss_z:4.605868,accu:0.56962,loss_recon:0.155532

5800-loss_z:0.175145,accu:0.991074,loss_recon:0.054467

5800-loss_z:4.748989,accu:0.594937,loss_recon:0.159257

6000-loss_z:0.162658,accu:0.992044,loss_recon:0.054242

6000-loss_z:4.891255,accu:0.582278,loss_recon:0.158742

6200-loss_z:0.150754,accu:0.993066,loss_recon:0.052676

6200-loss_z:5.041613,accu:0.556962,loss_recon:0.166188

6400-loss_z:0.142476,accu:0.9939,loss_recon:0.053087

6400-loss_z:5.210821,accu:0.556962,loss_recon:0.161861

6600-loss_z:0.131674,accu:0.995632,loss_recon:0.052506

6600-loss_z:5.352776,accu:0.556962,loss_recon:0.163464

6800-loss_z:0.122764,accu:0.996966,loss_recon:0.05286

6800-loss_z:5.493062,accu:0.556962,loss_recon:0.168533

7000-loss_z:0.114526,accu:0.996413,loss_recon:0.052633

7000-loss_z:5.613502,accu:0.544304,loss_recon:0.164661

7200-loss_z:0.106121,accu:0.999408,loss_recon:0.052508

7200-loss_z:5.774946,accu:0.56962,loss_recon:0.167716

7400-loss_z:0.099437,accu:0.999596,loss_recon:0.051432

7400-loss_z:5.924362,accu:0.56962,loss_recon:0.167491

7600-loss_z:0.092832,accu:1.0,loss_recon:0.051854

7600-loss_z:6.035292,accu:0.544304,loss_recon:0.166234

7800-loss_z:0.085557,accu:0.999772,loss_recon:0.051711

7800-loss_z:6.176561,accu:0.556962,loss_recon:0.164711

8000-loss_z:0.07889,accu:0.999772,loss_recon:0.051261

8000-loss_z:6.285821,accu:0.556962,loss_recon:0.164534

8200-loss_z:0.074062,accu:1.0,loss_recon:0.049698

8200-loss_z:6.409933,accu:0.56962,loss_recon:0.169199

8400-loss_z:0.06974,accu:1.0,loss_recon:0.05072

8400-loss_z:6.541539,accu:0.556962,loss_recon:0.164772

8600-loss_z:0.064132,accu:1.0,loss_recon:0.04985

8600-loss_z:6.639951,accu:0.56962,loss_recon:0.165372

8800-loss_z:0.059094,accu:1.0,loss_recon:0.049722

8800-loss_z:6.742397,accu:0.556962,loss_recon:0.170872

9000-loss_z:0.05469,accu:1.0,loss_recon:0.049544

9000-loss_z:6.858179,accu:0.56962,loss_recon:0.167203

9200-loss_z:0.051223,accu:1.0,loss_recon:0.049977

9200-loss_z:6.93342,accu:0.56962,loss_recon:0.167384

9400-loss_z:0.046631,accu:1.0,loss_recon:0.049488

9400-loss_z:7.096428,accu:0.56962,loss_recon:0.168947

9600-loss_z:0.0436,accu:1.0,loss_recon:0.049587

9600-loss_z:7.168136,accu:0.582278,loss_recon:0.16683

9800-loss_z:0.04044,accu:1.0,loss_recon:0.049523

9800-loss_z:7.245734,accu:0.56962,loss_recon:0.171874

10000-loss_z:0.03784,accu:1.0,loss_recon:0.049498

10000-loss_z:7.400085,accu:0.582278,loss_recon:0.167022

10200-loss_z:0.034193,accu:1.0,loss_recon:0.049062

10200-loss_z:7.473294,accu:0.582278,loss_recon:0.169514

10400-loss_z:0.032455,accu:1.0,loss_recon:0.049312

10400-loss_z:7.579964,accu:0.56962,loss_recon:0.172972

10600-loss_z:0.02908,accu:1.0,loss_recon:0.04882

10600-loss_z:7.671694,accu:0.544304,loss_recon:0.167988

10800-loss_z:0.027328,accu:1.0,loss_recon:0.049441

10800-loss_z:7.791991,accu:0.56962,loss_recon:0.172293

11000-loss_z:0.025356,accu:1.0,loss_recon:0.048924

11000-loss_z:7.896323,accu:0.544304,loss_recon:0.168061

11200-loss_z:0.023019,accu:1.0,loss_recon:0.049444

11200-loss_z:7.972488,accu:0.544304,loss_recon:0.173225

11400-loss_z:0.021543,accu:1.0,loss_recon:0.048366

11400-loss_z:8.067946,accu:0.518987,loss_recon:0.173928

11600-loss_z:0.019222,accu:1.0,loss_recon:0.049129

11600-loss_z:8.181813,accu:0.544304,loss_recon:0.171044

11800-loss_z:0.01762,accu:1.0,loss_recon:0.049498

11800-loss_z:8.32279,accu:0.556962,loss_recon:0.171711

12000-loss_z:0.016506,accu:1.0,loss_recon:0.049475

12000-loss_z:8.426071,accu:0.544304,loss_recon:0.177653

12200-loss_z:0.015105,accu:1.0,loss_recon:0.049271

12200-loss_z:8.527704,accu:0.56962,loss_recon:0.174655

12400-loss_z:0.013768,accu:1.0,loss_recon:0.049039

12400-loss_z:8.637691,accu:0.56962,loss_recon:0.173003

12600-loss_z:0.012823,accu:1.0,loss_recon:0.049308

12600-loss_z:8.754057,accu:0.56962,loss_recon:0.176719

12800-loss_z:0.011363,accu:1.0,loss_recon:0.049063

12800-loss_z:8.862164,accu:0.56962,loss_recon:0.171118

13000-loss_z:0.010359,accu:1.0,loss_recon:0.048619

13000-loss_z:9.026843,accu:0.594937,loss_recon:0.173814

13200-loss_z:0.009381,accu:1.0,loss_recon:0.049345

13200-loss_z:9.176847,accu:0.582278,loss_recon:0.17467

13400-loss_z:0.008744,accu:1.0,loss_recon:0.049213

13400-loss_z:9.350842,accu:0.594937,loss_recon:0.173817

13600-loss_z:0.007814,accu:1.0,loss_recon:0.049565

13600-loss_z:9.53773,accu:0.582278,loss_recon:0.173773

13800-loss_z:0.00712,accu:1.0,loss_recon:0.048799

13800-loss_z:9.714416,accu:0.582278,loss_recon:0.172096

14000-loss_z:0.006439,accu:1.0,loss_recon:0.049599

14000-loss_z:9.895522,accu:0.594937,loss_recon:0.169875

14200-loss_z:0.005922,accu:1.0,loss_recon:0.048676

14200-loss_z:10.047337,accu:0.594937,loss_recon:0.171994

14400-loss_z:0.005355,accu:1.0,loss_recon:0.048425

14400-loss_z:10.265144,accu:0.594937,loss_recon:0.174168

14600-loss_z:0.004822,accu:1.0,loss_recon:0.048372

14600-loss_z:10.428214,accu:0.594937,loss_recon:0.174822

14800-loss_z:0.004386,accu:1.0,loss_recon:0.047801

14800-loss_z:10.599146,accu:0.594937,loss_recon:0.177891

15000-loss_z:0.003965,accu:1.0,loss_recon:0.047527

15000-loss_z:10.76404,accu:0.582278,loss_recon:0.174175

15200-loss_z:0.003635,accu:1.0,loss_recon:0.048303

15200-loss_z:10.937901,accu:0.594937,loss_recon:0.174785

15400-loss_z:0.003221,accu:1.0,loss_recon:0.047836

15400-loss_z:11.102407,accu:0.582278,loss_recon:0.172379

15600-loss_z:0.002908,accu:1.0,loss_recon:0.047845

15600-loss_z:11.254059,accu:0.594937,loss_recon:0.173919

15800-loss_z:0.002641,accu:1.0,loss_recon:0.047136

15800-loss_z:11.444684,accu:0.594937,loss_recon:0.175527

16000-loss_z:0.002453,accu:1.0,loss_recon:0.047417

16000-loss_z:11.587617,accu:0.594937,loss_recon:0.173946

16200-loss_z:0.002149,accu:1.0,loss_recon:0.04694

16200-loss_z:11.764933,accu:0.594937,loss_recon:0.179451

16400-loss_z:0.001955,accu:1.0,loss_recon:0.046962

16400-loss_z:11.934519,accu:0.594937,loss_recon:0.179583

16600-loss_z:0.001771,accu:1.0,loss_recon:0.046925

16600-loss_z:12.102512,accu:0.594937,loss_recon:0.179335

16800-loss_z:0.001594,accu:1.0,loss_recon:0.047097

16800-loss_z:12.233725,accu:0.594937,loss_recon:0.180568

17000-loss_z:0.001448,accu:1.0,loss_recon:0.047187

17000-loss_z:12.441175,accu:0.594937,loss_recon:0.182741

17200-loss_z:0.001304,accu:1.0,loss_recon:0.046985

17200-loss_z:12.573102,accu:0.594937,loss_recon:0.17902

17400-loss_z:0.001156,accu:1.0,loss_recon:0.047284

17400-loss_z:12.748924,accu:0.594937,loss_recon:0.182311

17600-loss_z:0.001033,accu:1.0,loss_recon:0.047275

17600-loss_z:12.863695,accu:0.594937,loss_recon:0.17878

17800-loss_z:0.000932,accu:1.0,loss_recon:0.046066

17800-loss_z:12.99356,accu:0.594937,loss_recon:0.179317

18000-loss_z:0.00085,accu:1.0,loss_recon:0.046946

18000-loss_z:13.20311,accu:0.594937,loss_recon:0.18047

18200-loss_z:0.000757,accu:1.0,loss_recon:0.047099

18200-loss_z:13.320756,accu:0.594937,loss_recon:0.177652

18400-loss_z:0.000669,accu:1.0,loss_recon:0.046853

18400-loss_z:13.47844,accu:0.594937,loss_recon:0.183067

18600-loss_z:0.000607,accu:1.0,loss_recon:0.046647

18600-loss_z:13.662104,accu:0.582278,loss_recon:0.181563

18800-loss_z:0.000533,accu:1.0,loss_recon:0.046689

18800-loss_z:13.812928,accu:0.582278,loss_recon:0.182989

19000-loss_z:0.000486,accu:1.0,loss_recon:0.047116

19000-loss_z:13.984971,accu:0.582278,loss_recon:0.180394

19200-loss_z:0.000445,accu:1.0,loss_recon:0.046508

19200-loss_z:14.132292,accu:0.582278,loss_recon:0.185726

19400-loss_z:0.000381,accu:1.0,loss_recon:0.046761

19400-loss_z:14.314821,accu:0.582278,loss_recon:0.17989

19600-loss_z:0.000349,accu:1.0,loss_recon:0.046859

19600-loss_z:14.434365,accu:0.582278,loss_recon:0.1864

19800-loss_z:0.000305,accu:1.0,loss_recon:0.046272

19800-loss_z:14.609149,accu:0.582278,loss_recon:0.185404

20000-loss_z:0.000279,accu:1.0,loss_recon:0.046734

20000-loss_z:14.731886,accu:0.582278,loss_recon:0.181126

Continue training
New FC model is initialized
200-loss_z:2.669052,accu:0.181475,loss_recon:0.9992

200-loss_z:2.828155,accu:0.101266,loss_recon:0.602959

400-loss_z:1.987159,accu:0.347285,loss_recon:0.457543

400-loss_z:2.652436,accu:0.063291,loss_recon:0.441379

600-loss_z:1.596666,accu:0.470612,loss_recon:0.305474

600-loss_z:2.546618,accu:0.177215,loss_recon:0.335301

800-loss_z:1.347327,accu:0.597188,loss_recon:0.213543

800-loss_z:2.543079,accu:0.227848,loss_recon:0.255566

1000-loss_z:1.16414,accu:0.66847,loss_recon:0.172456

1000-loss_z:2.554097,accu:0.227848,loss_recon:0.220814

1200-loss_z:1.027879,accu:0.737057,loss_recon:0.149759

1200-loss_z:2.541706,accu:0.278481,loss_recon:0.204922

1400-loss_z:0.913367,accu:0.782982,loss_recon:0.132019

1400-loss_z:2.597675,accu:0.316456,loss_recon:0.19091

1600-loss_z:0.82178,accu:0.812891,loss_recon:0.122098

1600-loss_z:2.593391,accu:0.341772,loss_recon:0.180639

1800-loss_z:0.745698,accu:0.856152,loss_recon:0.10991

1800-loss_z:2.598206,accu:0.367089,loss_recon:0.165218

2000-loss_z:0.680157,accu:0.871947,loss_recon:0.103997

2000-loss_z:2.630877,accu:0.379747,loss_recon:0.15905

2200-loss_z:0.622862,accu:0.89623,loss_recon:0.094522

2200-loss_z:2.662759,accu:0.443038,loss_recon:0.150397

2400-loss_z:0.573511,accu:0.909505,loss_recon:0.090338

2400-loss_z:2.711788,accu:0.417722,loss_recon:0.151593

2600-loss_z:0.530543,accu:0.928242,loss_recon:0.084793

2600-loss_z:2.765647,accu:0.43038,loss_recon:0.140563

2800-loss_z:0.488908,accu:0.935104,loss_recon:0.080717

2800-loss_z:2.858417,accu:0.443038,loss_recon:0.139767

3000-loss_z:0.453689,accu:0.950228,loss_recon:0.07696

3000-loss_z:2.901159,accu:0.518987,loss_recon:0.136109

3200-loss_z:0.421802,accu:0.954043,loss_recon:0.072587

3200-loss_z:2.985455,accu:0.493671,loss_recon:0.13221

3400-loss_z:0.395332,accu:0.959193,loss_recon:0.070443

3400-loss_z:3.047895,accu:0.481013,loss_recon:0.126961

3600-loss_z:0.368311,accu:0.968001,loss_recon:0.066914

3600-loss_z:3.142653,accu:0.493671,loss_recon:0.12832

3800-loss_z:0.343457,accu:0.968451,loss_recon:0.064511

3800-loss_z:3.211862,accu:0.468354,loss_recon:0.127606

4000-loss_z:0.320264,accu:0.974499,loss_recon:0.062876

4000-loss_z:3.303172,accu:0.493671,loss_recon:0.124766

4200-loss_z:0.300747,accu:0.978145,loss_recon:0.060232

4200-loss_z:3.369182,accu:0.506329,loss_recon:0.123849

4400-loss_z:0.279243,accu:0.985313,loss_recon:0.058105

4400-loss_z:3.454586,accu:0.544304,loss_recon:0.117372

4600-loss_z:0.262902,accu:0.988047,loss_recon:0.054589

4600-loss_z:3.531307,accu:0.531646,loss_recon:0.117228

4800-loss_z:0.248555,accu:0.988815,loss_recon:0.05076

4800-loss_z:3.619069,accu:0.518987,loss_recon:0.117836

5000-loss_z:0.230734,accu:0.989193,loss_recon:0.047423

5000-loss_z:3.72957,accu:0.518987,loss_recon:0.116967

5200-loss_z:0.21629,accu:0.989772,loss_recon:0.046835

5200-loss_z:3.799649,accu:0.531646,loss_recon:0.115232

5400-loss_z:0.20452,accu:0.992031,loss_recon:0.045679

5400-loss_z:3.922051,accu:0.544304,loss_recon:0.115513

5600-loss_z:0.190952,accu:0.996536,loss_recon:0.044838

5600-loss_z:4.015003,accu:0.544304,loss_recon:0.11515

5800-loss_z:0.179332,accu:0.997077,loss_recon:0.043966

5800-loss_z:4.111141,accu:0.544304,loss_recon:0.114263

6000-loss_z:0.165568,accu:0.998444,loss_recon:0.042788

6000-loss_z:4.197311,accu:0.556962,loss_recon:0.114753

6200-loss_z:0.158324,accu:0.998997,loss_recon:0.042923

6200-loss_z:4.316401,accu:0.556962,loss_recon:0.112809

6400-loss_z:0.145407,accu:0.999238,loss_recon:0.04255

6400-loss_z:4.407833,accu:0.531646,loss_recon:0.119655

6600-loss_z:0.136345,accu:0.999427,loss_recon:0.042288

6600-loss_z:4.533992,accu:0.544304,loss_recon:0.11827

6800-loss_z:0.12888,accu:1.0,loss_recon:0.041926

6800-loss_z:4.652957,accu:0.556962,loss_recon:0.119455

7000-loss_z:0.120589,accu:1.0,loss_recon:0.041765

7000-loss_z:4.822857,accu:0.556962,loss_recon:0.120561

7200-loss_z:0.112529,accu:1.0,loss_recon:0.04145

7200-loss_z:4.98637,accu:0.582278,loss_recon:0.122346

7400-loss_z:0.103852,accu:1.0,loss_recon:0.041248

7400-loss_z:5.142148,accu:0.556962,loss_recon:0.120937

7600-loss_z:0.096626,accu:1.0,loss_recon:0.041093

7600-loss_z:5.273311,accu:0.556962,loss_recon:0.119966

7800-loss_z:0.089662,accu:1.0,loss_recon:0.040419

7800-loss_z:5.398201,accu:0.594937,loss_recon:0.121158

8000-loss_z:0.082922,accu:1.0,loss_recon:0.040608

8000-loss_z:5.542854,accu:0.594937,loss_recon:0.125844

8200-loss_z:0.077631,accu:1.0,loss_recon:0.040198

8200-loss_z:5.736675,accu:0.56962,loss_recon:0.126596

8400-loss_z:0.071744,accu:1.0,loss_recon:0.040022

8400-loss_z:5.856878,accu:0.56962,loss_recon:0.12647

8600-loss_z:0.06707,accu:1.0,loss_recon:0.040003

8600-loss_z:6.018867,accu:0.582278,loss_recon:0.129549

8800-loss_z:0.062378,accu:1.0,loss_recon:0.039404

8800-loss_z:6.137507,accu:0.56962,loss_recon:0.132223

9000-loss_z:0.057985,accu:1.0,loss_recon:0.039678

9000-loss_z:6.348986,accu:0.56962,loss_recon:0.13072

9200-loss_z:0.053252,accu:1.0,loss_recon:0.039554

9200-loss_z:6.492785,accu:0.556962,loss_recon:0.127576

9400-loss_z:0.049047,accu:1.0,loss_recon:0.039019

9400-loss_z:6.635771,accu:0.556962,loss_recon:0.133795

9600-loss_z:0.045221,accu:1.0,loss_recon:0.039183

9600-loss_z:6.836776,accu:0.556962,loss_recon:0.129597

9800-loss_z:0.041686,accu:1.0,loss_recon:0.039379

9800-loss_z:6.959889,accu:0.56962,loss_recon:0.133056

10000-loss_z:0.038545,accu:1.0,loss_recon:0.03902

10000-loss_z:7.104157,accu:0.582278,loss_recon:0.135384

10200-loss_z:0.035685,accu:1.0,loss_recon:0.039117

10200-loss_z:7.335874,accu:0.544304,loss_recon:0.136606

10400-loss_z:0.032494,accu:1.0,loss_recon:0.038958

10400-loss_z:7.511931,accu:0.544304,loss_recon:0.133095

10600-loss_z:0.02996,accu:1.0,loss_recon:0.038807

10600-loss_z:7.691851,accu:0.544304,loss_recon:0.132309

10800-loss_z:0.027426,accu:1.0,loss_recon:0.038997

10800-loss_z:7.860963,accu:0.544304,loss_recon:0.137372

11000-loss_z:0.024889,accu:1.0,loss_recon:0.039388

11000-loss_z:8.073829,accu:0.556962,loss_recon:0.136992

11200-loss_z:0.023215,accu:1.0,loss_recon:0.038779

11200-loss_z:8.284004,accu:0.531646,loss_recon:0.142232

11400-loss_z:0.021045,accu:1.0,loss_recon:0.038683

11400-loss_z:8.4612,accu:0.544304,loss_recon:0.137314

11600-loss_z:0.019151,accu:1.0,loss_recon:0.038956

11600-loss_z:8.658478,accu:0.544304,loss_recon:0.141257

11800-loss_z:0.017571,accu:1.0,loss_recon:0.038853

11800-loss_z:8.860588,accu:0.544304,loss_recon:0.137685

12000-loss_z:0.01609,accu:1.0,loss_recon:0.03847

12000-loss_z:9.031636,accu:0.544304,loss_recon:0.135587

12200-loss_z:0.014865,accu:1.0,loss_recon:0.038424

12200-loss_z:9.25394,accu:0.531646,loss_recon:0.136567

12400-loss_z:0.01333,accu:1.0,loss_recon:0.038801

12400-loss_z:9.50129,accu:0.531646,loss_recon:0.137671

12600-loss_z:0.012075,accu:1.0,loss_recon:0.038962

12600-loss_z:9.680939,accu:0.531646,loss_recon:0.134651

12800-loss_z:0.010888,accu:1.0,loss_recon:0.038773

12800-loss_z:9.88915,accu:0.531646,loss_recon:0.134066

13000-loss_z:0.010046,accu:1.0,loss_recon:0.038683

13000-loss_z:10.065928,accu:0.506329,loss_recon:0.135533

13200-loss_z:0.009203,accu:1.0,loss_recon:0.038547

13200-loss_z:10.319571,accu:0.518987,loss_recon:0.139492

13400-loss_z:0.008225,accu:1.0,loss_recon:0.038676

13400-loss_z:10.535164,accu:0.506329,loss_recon:0.135423

13600-loss_z:0.007434,accu:1.0,loss_recon:0.038399

13600-loss_z:10.714328,accu:0.518987,loss_recon:0.136348

13800-loss_z:0.006794,accu:1.0,loss_recon:0.038818

13800-loss_z:10.95451,accu:0.518987,loss_recon:0.134439

14000-loss_z:0.006116,accu:1.0,loss_recon:0.038565

14000-loss_z:11.128224,accu:0.518987,loss_recon:0.141328

14200-loss_z:0.005569,accu:1.0,loss_recon:0.038687

14200-loss_z:11.36078,accu:0.518987,loss_recon:0.137742

14400-loss_z:0.005029,accu:1.0,loss_recon:0.038708

14400-loss_z:11.578249,accu:0.518987,loss_recon:0.136335

14600-loss_z:0.004563,accu:1.0,loss_recon:0.038706

14600-loss_z:11.823474,accu:0.506329,loss_recon:0.141855

14800-loss_z:0.004115,accu:1.0,loss_recon:0.038327

14800-loss_z:12.002667,accu:0.506329,loss_recon:0.135872

15000-loss_z:0.003687,accu:1.0,loss_recon:0.038297

15000-loss_z:12.260076,accu:0.518987,loss_recon:0.140965

15200-loss_z:0.003306,accu:1.0,loss_recon:0.038094

15200-loss_z:12.46226,accu:0.531646,loss_recon:0.139149

15400-loss_z:0.002972,accu:1.0,loss_recon:0.038861

15400-loss_z:12.681204,accu:0.518987,loss_recon:0.132843

15600-loss_z:0.002663,accu:1.0,loss_recon:0.038139

15600-loss_z:12.867906,accu:0.518987,loss_recon:0.137865

15800-loss_z:0.002434,accu:1.0,loss_recon:0.037995

15800-loss_z:13.110456,accu:0.518987,loss_recon:0.136985

16000-loss_z:0.002196,accu:1.0,loss_recon:0.038372

16000-loss_z:13.311745,accu:0.518987,loss_recon:0.140526

16200-loss_z:0.001993,accu:1.0,loss_recon:0.038847

16200-loss_z:13.539087,accu:0.544304,loss_recon:0.13476

16400-loss_z:0.001768,accu:1.0,loss_recon:0.03902

16400-loss_z:13.77612,accu:0.544304,loss_recon:0.136136

16600-loss_z:0.001597,accu:1.0,loss_recon:0.038534

16600-loss_z:13.987172,accu:0.518987,loss_recon:0.140376

16800-loss_z:0.001449,accu:1.0,loss_recon:0.038335

16800-loss_z:14.160087,accu:0.531646,loss_recon:0.139416

17000-loss_z:0.001308,accu:1.0,loss_recon:0.03821

17000-loss_z:14.343899,accu:0.518987,loss_recon:0.141974

17200-loss_z:0.001168,accu:1.0,loss_recon:0.038628

17200-loss_z:14.567442,accu:0.531646,loss_recon:0.142412

17400-loss_z:0.001044,accu:1.0,loss_recon:0.038473

17400-loss_z:14.732141,accu:0.544304,loss_recon:0.140584

17600-loss_z:0.000944,accu:1.0,loss_recon:0.038181

17600-loss_z:14.892638,accu:0.544304,loss_recon:0.137694

17800-loss_z:0.000835,accu:1.0,loss_recon:0.038503

17800-loss_z:15.134058,accu:0.556962,loss_recon:0.138198

18000-loss_z:0.000757,accu:1.0,loss_recon:0.038359

18000-loss_z:15.295534,accu:0.544304,loss_recon:0.13943

18200-loss_z:0.000681,accu:1.0,loss_recon:0.038444

18200-loss_z:15.490322,accu:0.544304,loss_recon:0.138516

18400-loss_z:0.000616,accu:1.0,loss_recon:0.038008

18400-loss_z:15.700299,accu:0.544304,loss_recon:0.139379

18600-loss_z:0.000548,accu:1.0,loss_recon:0.03832

18600-loss_z:15.814289,accu:0.531646,loss_recon:0.138455

18800-loss_z:0.000495,accu:1.0,loss_recon:0.038022

18800-loss_z:16.068396,accu:0.544304,loss_recon:0.135471

19000-loss_z:0.000445,accu:1.0,loss_recon:0.038545

19000-loss_z:16.216988,accu:0.531646,loss_recon:0.144069

19200-loss_z:0.000396,accu:1.0,loss_recon:0.038513

19200-loss_z:16.424036,accu:0.544304,loss_recon:0.14047

19400-loss_z:0.00036,accu:1.0,loss_recon:0.038156

19400-loss_z:16.589432,accu:0.531646,loss_recon:0.139368

19600-loss_z:0.000317,accu:1.0,loss_recon:0.038231

19600-loss_z:16.720884,accu:0.531646,loss_recon:0.142042

19800-loss_z:0.000287,accu:1.0,loss_recon:0.038652

19800-loss_z:16.935043,accu:0.544304,loss_recon:0.145273

20000-loss_z:0.000257,accu:1.0,loss_recon:0.038239

20000-loss_z:17.100729,accu:0.531646,loss_recon:0.138767

Continue training
New FC model is initialized
200-loss_z:2.688183,accu:0.175334,loss_recon:1.03203

200-loss_z:2.816962,accu:0.075949,loss_recon:0.599516

400-loss_z:1.95365,accu:0.371289,loss_recon:0.468566

400-loss_z:2.554515,accu:0.088608,loss_recon:0.403379

600-loss_z:1.546186,accu:0.511497,loss_recon:0.324451

600-loss_z:2.410551,accu:0.164557,loss_recon:0.294206

800-loss_z:1.31586,accu:0.600853,loss_recon:0.245225

800-loss_z:2.308731,accu:0.21519,loss_recon:0.248358

1000-loss_z:1.150228,accu:0.67123,loss_recon:0.200769

1000-loss_z:2.277991,accu:0.227848,loss_recon:0.223166

1200-loss_z:1.027643,accu:0.708119,loss_recon:0.165717

1200-loss_z:2.271197,accu:0.278481,loss_recon:0.200838

1400-loss_z:0.928209,accu:0.75151,loss_recon:0.13862

1400-loss_z:2.299044,accu:0.341772,loss_recon:0.182604

1600-loss_z:0.846595,accu:0.789987,loss_recon:0.114883

1600-loss_z:2.300496,accu:0.329114,loss_recon:0.171472

1800-loss_z:0.777794,accu:0.824212,loss_recon:0.093013

1800-loss_z:2.337336,accu:0.35443,loss_recon:0.160491

2000-loss_z:0.717521,accu:0.846582,loss_recon:0.078369

2000-loss_z:2.36136,accu:0.443038,loss_recon:0.154719

2200-loss_z:0.664069,accu:0.871348,loss_recon:0.070529

2200-loss_z:2.395331,accu:0.417722,loss_recon:0.14463

2400-loss_z:0.611621,accu:0.892337,loss_recon:0.063287

2400-loss_z:2.460511,accu:0.443038,loss_recon:0.144954

2600-loss_z:0.573283,accu:0.900052,loss_recon:0.058877

2600-loss_z:2.479841,accu:0.455696,loss_recon:0.137676

2800-loss_z:0.534313,accu:0.909642,loss_recon:0.054557

2800-loss_z:2.52818,accu:0.468354,loss_recon:0.129627

3000-loss_z:0.493642,accu:0.927031,loss_recon:0.051656

3000-loss_z:2.601758,accu:0.506329,loss_recon:0.126132

3200-loss_z:0.45834,accu:0.94015,loss_recon:0.048755

3200-loss_z:2.647966,accu:0.506329,loss_recon:0.126374

3400-loss_z:0.428349,accu:0.948197,loss_recon:0.046395

3400-loss_z:2.719554,accu:0.518987,loss_recon:0.124883

3600-loss_z:0.399371,accu:0.957207,loss_recon:0.045077

3600-loss_z:2.798304,accu:0.518987,loss_recon:0.122681

3800-loss_z:0.376353,accu:0.967064,loss_recon:0.044759

3800-loss_z:2.887868,accu:0.531646,loss_recon:0.12128

4000-loss_z:0.352837,accu:0.971022,loss_recon:0.043486

4000-loss_z:2.937204,accu:0.518987,loss_recon:0.123184

4200-loss_z:0.329051,accu:0.983229,loss_recon:0.043479

4200-loss_z:3.010232,accu:0.506329,loss_recon:0.122422

4400-loss_z:0.306268,accu:0.987637,loss_recon:0.042979

4400-loss_z:3.076743,accu:0.518987,loss_recon:0.123592

4600-loss_z:0.287293,accu:0.995931,loss_recon:0.042537

4600-loss_z:3.191302,accu:0.531646,loss_recon:0.122148

4800-loss_z:0.267495,accu:0.996276,loss_recon:0.041982

4800-loss_z:3.261585,accu:0.518987,loss_recon:0.120443

5000-loss_z:0.249181,accu:0.99694,loss_recon:0.041634

5000-loss_z:3.384708,accu:0.531646,loss_recon:0.120978

5200-loss_z:0.234026,accu:0.999258,loss_recon:0.041343

5200-loss_z:3.509343,accu:0.506329,loss_recon:0.124429

5400-loss_z:0.217676,accu:0.99916,loss_recon:0.041093

5400-loss_z:3.660851,accu:0.506329,loss_recon:0.122309

5600-loss_z:0.203853,accu:1.0,loss_recon:0.040643

5600-loss_z:3.769365,accu:0.518987,loss_recon:0.124387

5800-loss_z:0.189254,accu:0.999792,loss_recon:0.041288

5800-loss_z:3.910707,accu:0.531646,loss_recon:0.124321

6000-loss_z:0.174743,accu:1.0,loss_recon:0.04062

6000-loss_z:4.036479,accu:0.531646,loss_recon:0.123269

6200-loss_z:0.162752,accu:1.0,loss_recon:0.040464

6200-loss_z:4.191249,accu:0.544304,loss_recon:0.12499

6400-loss_z:0.151472,accu:1.0,loss_recon:0.040864

6400-loss_z:4.340242,accu:0.531646,loss_recon:0.124727

6600-loss_z:0.139313,accu:1.0,loss_recon:0.039892

6600-loss_z:4.538426,accu:0.531646,loss_recon:0.123903

6800-loss_z:0.128906,accu:1.0,loss_recon:0.040703

6800-loss_z:4.661582,accu:0.518987,loss_recon:0.126968

7000-loss_z:0.11926,accu:1.0,loss_recon:0.039624

7000-loss_z:4.795234,accu:0.531646,loss_recon:0.124569

7200-loss_z:0.11038,accu:1.0,loss_recon:0.040688

7200-loss_z:4.954731,accu:0.518987,loss_recon:0.126606

7400-loss_z:0.101301,accu:1.0,loss_recon:0.040805

7400-loss_z:5.11509,accu:0.518987,loss_recon:0.124915

7600-loss_z:0.093094,accu:1.0,loss_recon:0.040189

7600-loss_z:5.28958,accu:0.518987,loss_recon:0.127785

7800-loss_z:0.085295,accu:1.0,loss_recon:0.040033

7800-loss_z:5.477948,accu:0.518987,loss_recon:0.125186

8000-loss_z:0.078384,accu:1.0,loss_recon:0.040306

8000-loss_z:5.6371,accu:0.518987,loss_recon:0.127581

8200-loss_z:0.073022,accu:1.0,loss_recon:0.040288

8200-loss_z:5.81669,accu:0.556962,loss_recon:0.128219

8400-loss_z:0.066973,accu:1.0,loss_recon:0.03974

8400-loss_z:6.000538,accu:0.531646,loss_recon:0.127816

8600-loss_z:0.061242,accu:1.0,loss_recon:0.040116

8600-loss_z:6.204184,accu:0.531646,loss_recon:0.129556

8800-loss_z:0.056064,accu:1.0,loss_recon:0.040437

8800-loss_z:6.414187,accu:0.518987,loss_recon:0.12759

9000-loss_z:0.051082,accu:1.0,loss_recon:0.039673

9000-loss_z:6.622408,accu:0.531646,loss_recon:0.129773

9200-loss_z:0.047176,accu:1.0,loss_recon:0.039526

9200-loss_z:6.828328,accu:0.531646,loss_recon:0.128388

9400-loss_z:0.042715,accu:1.0,loss_recon:0.039651

9400-loss_z:7.08101,accu:0.506329,loss_recon:0.129606

9600-loss_z:0.039077,accu:1.0,loss_recon:0.038682

9600-loss_z:7.257425,accu:0.544304,loss_recon:0.128653

9800-loss_z:0.035947,accu:1.0,loss_recon:0.03817

9800-loss_z:7.476332,accu:0.518987,loss_recon:0.128769

10000-loss_z:0.032261,accu:1.0,loss_recon:0.038453

10000-loss_z:7.675603,accu:0.531646,loss_recon:0.130625

10200-loss_z:0.02966,accu:1.0,loss_recon:0.037878

10200-loss_z:7.876812,accu:0.531646,loss_recon:0.12951

10400-loss_z:0.027016,accu:1.0,loss_recon:0.03765

10400-loss_z:8.111803,accu:0.518987,loss_recon:0.134216

10600-loss_z:0.024569,accu:1.0,loss_recon:0.037328

10600-loss_z:8.338086,accu:0.531646,loss_recon:0.132049

10800-loss_z:0.022196,accu:1.0,loss_recon:0.037691

10800-loss_z:8.565677,accu:0.518987,loss_recon:0.134063

11000-loss_z:0.020304,accu:1.0,loss_recon:0.037437

11000-loss_z:8.831375,accu:0.518987,loss_recon:0.130914

11200-loss_z:0.018421,accu:1.0,loss_recon:0.03765

11200-loss_z:9.047391,accu:0.518987,loss_recon:0.134445

11400-loss_z:0.016665,accu:1.0,loss_recon:0.037565

11400-loss_z:9.291771,accu:0.518987,loss_recon:0.129759

11600-loss_z:0.01518,accu:1.0,loss_recon:0.037333

11600-loss_z:9.512899,accu:0.518987,loss_recon:0.133197

11800-loss_z:0.013866,accu:1.0,loss_recon:0.037073

11800-loss_z:9.719815,accu:0.531646,loss_recon:0.131481

12000-loss_z:0.01274,accu:1.0,loss_recon:0.037063

12000-loss_z:9.962932,accu:0.531646,loss_recon:0.134093

12200-loss_z:0.011381,accu:1.0,loss_recon:0.036714

12200-loss_z:10.209828,accu:0.531646,loss_recon:0.1333

12400-loss_z:0.010111,accu:1.0,loss_recon:0.036679

12400-loss_z:10.41733,accu:0.518987,loss_recon:0.134766

12600-loss_z:0.009273,accu:1.0,loss_recon:0.036983

12600-loss_z:10.665716,accu:0.531646,loss_recon:0.137759

12800-loss_z:0.008322,accu:1.0,loss_recon:0.036767

12800-loss_z:10.885642,accu:0.518987,loss_recon:0.1328

13000-loss_z:0.007596,accu:1.0,loss_recon:0.036396

13000-loss_z:11.096372,accu:0.518987,loss_recon:0.133987

13200-loss_z:0.006892,accu:1.0,loss_recon:0.037072

13200-loss_z:11.323403,accu:0.518987,loss_recon:0.137359

13400-loss_z:0.006286,accu:1.0,loss_recon:0.036882

13400-loss_z:11.575282,accu:0.506329,loss_recon:0.135938

13600-loss_z:0.0056,accu:1.0,loss_recon:0.036526

13600-loss_z:11.748212,accu:0.531646,loss_recon:0.134707

13800-loss_z:0.005099,accu:1.0,loss_recon:0.03642

13800-loss_z:11.95949,accu:0.531646,loss_recon:0.133679

14000-loss_z:0.004521,accu:1.0,loss_recon:0.036316

14000-loss_z:12.189475,accu:0.531646,loss_recon:0.137193

14200-loss_z:0.004033,accu:1.0,loss_recon:0.036312

14200-loss_z:12.376812,accu:0.531646,loss_recon:0.135018

14400-loss_z:0.003693,accu:1.0,loss_recon:0.036627

14400-loss_z:12.53441,accu:0.531646,loss_recon:0.134877

14600-loss_z:0.003264,accu:1.0,loss_recon:0.036114

14600-loss_z:12.781214,accu:0.518987,loss_recon:0.13532

14800-loss_z:0.002985,accu:1.0,loss_recon:0.035993

14800-loss_z:13.029011,accu:0.544304,loss_recon:0.135917

15000-loss_z:0.002668,accu:1.0,loss_recon:0.035736

15000-loss_z:13.223611,accu:0.544304,loss_recon:0.133848

15200-loss_z:0.002396,accu:1.0,loss_recon:0.036037

15200-loss_z:13.441919,accu:0.544304,loss_recon:0.136445

15400-loss_z:0.002145,accu:1.0,loss_recon:0.035975

15400-loss_z:13.642409,accu:0.531646,loss_recon:0.135535

15600-loss_z:0.001943,accu:1.0,loss_recon:0.035972

15600-loss_z:13.863383,accu:0.544304,loss_recon:0.134314

15800-loss_z:0.001741,accu:1.0,loss_recon:0.035656

15800-loss_z:14.075409,accu:0.544304,loss_recon:0.132993

16000-loss_z:0.001545,accu:1.0,loss_recon:0.03606

16000-loss_z:14.260947,accu:0.544304,loss_recon:0.13304

16200-loss_z:0.001378,accu:1.0,loss_recon:0.036241

16200-loss_z:14.484706,accu:0.531646,loss_recon:0.138907

16400-loss_z:0.001265,accu:1.0,loss_recon:0.036221

16400-loss_z:14.654169,accu:0.544304,loss_recon:0.134949

16600-loss_z:0.001134,accu:1.0,loss_recon:0.035627

16600-loss_z:14.848212,accu:0.544304,loss_recon:0.136312

16800-loss_z:0.000985,accu:1.0,loss_recon:0.035767

16800-loss_z:15.063804,accu:0.544304,loss_recon:0.13123

17000-loss_z:0.000899,accu:1.0,loss_recon:0.035495

17000-loss_z:15.284439,accu:0.544304,loss_recon:0.133647

17200-loss_z:0.00079,accu:1.0,loss_recon:0.036013

17200-loss_z:15.497917,accu:0.544304,loss_recon:0.133046

17400-loss_z:0.000714,accu:1.0,loss_recon:0.036234

17400-loss_z:15.723002,accu:0.544304,loss_recon:0.131905

17600-loss_z:0.000645,accu:1.0,loss_recon:0.035431

17600-loss_z:15.966396,accu:0.531646,loss_recon:0.131188

17800-loss_z:0.000568,accu:1.0,loss_recon:0.035506

17800-loss_z:16.179884,accu:0.544304,loss_recon:0.132247

18000-loss_z:0.000501,accu:1.0,loss_recon:0.034976

18000-loss_z:16.393406,accu:0.544304,loss_recon:0.133272

18200-loss_z:0.00045,accu:1.0,loss_recon:0.035241

18200-loss_z:16.646845,accu:0.544304,loss_recon:0.134811

18400-loss_z:0.0004,accu:1.0,loss_recon:0.035646

18400-loss_z:16.855885,accu:0.544304,loss_recon:0.133712

18600-loss_z:0.000357,accu:1.0,loss_recon:0.035233

18600-loss_z:17.071657,accu:0.544304,loss_recon:0.132872

18800-loss_z:0.000324,accu:1.0,loss_recon:0.035083

18800-loss_z:17.298685,accu:0.531646,loss_recon:0.132826

19000-loss_z:0.000285,accu:1.0,loss_recon:0.035578

19000-loss_z:17.492434,accu:0.531646,loss_recon:0.133802

19200-loss_z:0.000253,accu:1.0,loss_recon:0.035377

19200-loss_z:17.740669,accu:0.531646,loss_recon:0.133228

19400-loss_z:0.000228,accu:1.0,loss_recon:0.035256

19400-loss_z:17.92831,accu:0.544304,loss_recon:0.133491

19600-loss_z:0.000205,accu:1.0,loss_recon:0.034998

19600-loss_z:18.136366,accu:0.531646,loss_recon:0.130374

19800-loss_z:0.000176,accu:1.0,loss_recon:0.034918

19800-loss_z:18.369373,accu:0.531646,loss_recon:0.133202

20000-loss_z:0.000157,accu:1.0,loss_recon:0.034785

20000-loss_z:18.557774,accu:0.531646,loss_recon:0.132327

Continue training
New FC model is initialized
200-loss_z:2.711937,accu:0.14227,loss_recon:1.147921

200-loss_z:2.859456,accu:0.037975,loss_recon:0.527146

400-loss_z:2.01843,accu:0.354753,loss_recon:0.427523

400-loss_z:2.598858,accu:0.101266,loss_recon:0.355682

600-loss_z:1.590986,accu:0.514954,loss_recon:0.269693

600-loss_z:2.435342,accu:0.177215,loss_recon:0.279357

800-loss_z:1.325312,accu:0.58752,loss_recon:0.200953

800-loss_z:2.328516,accu:0.240506,loss_recon:0.238257

1000-loss_z:1.147073,accu:0.664049,loss_recon:0.156291

1000-loss_z:2.266003,accu:0.240506,loss_recon:0.196984

1200-loss_z:1.019927,accu:0.720137,loss_recon:0.12501

1200-loss_z:2.226806,accu:0.278481,loss_recon:0.173256

1400-loss_z:0.907766,accu:0.777799,loss_recon:0.103096

1400-loss_z:2.215158,accu:0.303797,loss_recon:0.157025

1600-loss_z:0.823366,accu:0.821126,loss_recon:0.08847

1600-loss_z:2.190943,accu:0.367089,loss_recon:0.141122

1800-loss_z:0.748941,accu:0.859089,loss_recon:0.077599

1800-loss_z:2.212608,accu:0.379747,loss_recon:0.132993

2000-loss_z:0.689347,accu:0.879115,loss_recon:0.07299

2000-loss_z:2.167201,accu:0.43038,loss_recon:0.124824

2200-loss_z:0.634677,accu:0.882572,loss_recon:0.069384

2200-loss_z:2.222685,accu:0.392405,loss_recon:0.120211

2400-loss_z:0.587503,accu:0.892376,loss_recon:0.066326

2400-loss_z:2.235794,accu:0.455696,loss_recon:0.114899

2600-loss_z:0.545295,accu:0.90377,loss_recon:0.064187

2600-loss_z:2.244985,accu:0.493671,loss_recon:0.111732

2800-loss_z:0.508649,accu:0.910872,loss_recon:0.062022

2800-loss_z:2.288474,accu:0.468354,loss_recon:0.108237

3000-loss_z:0.473162,accu:0.926042,loss_recon:0.060252

3000-loss_z:2.303331,accu:0.443038,loss_recon:0.104741

3200-loss_z:0.441489,accu:0.935605,loss_recon:0.058196

3200-loss_z:2.347562,accu:0.493671,loss_recon:0.104691

3400-loss_z:0.412553,accu:0.942155,loss_recon:0.055888

3400-loss_z:2.386522,accu:0.455696,loss_recon:0.103025

3600-loss_z:0.383998,accu:0.95138,loss_recon:0.054919

3600-loss_z:2.445835,accu:0.493671,loss_recon:0.100195

3800-loss_z:0.364502,accu:0.965853,loss_recon:0.053734

3800-loss_z:2.483238,accu:0.493671,loss_recon:0.097918

4000-loss_z:0.34001,accu:0.967617,loss_recon:0.05261

4000-loss_z:2.553149,accu:0.468354,loss_recon:0.102216

4200-loss_z:0.318171,accu:0.978229,loss_recon:0.051613

4200-loss_z:2.636253,accu:0.481013,loss_recon:0.097369

4400-loss_z:0.29787,accu:0.985977,loss_recon:0.051125

4400-loss_z:2.675372,accu:0.493671,loss_recon:0.098281

4600-loss_z:0.28105,accu:0.987155,loss_recon:0.049504

4600-loss_z:2.753277,accu:0.493671,loss_recon:0.099974

4800-loss_z:0.262191,accu:0.990625,loss_recon:0.048637

4800-loss_z:2.820903,accu:0.493671,loss_recon:0.101291

5000-loss_z:0.244514,accu:0.991829,loss_recon:0.047179

5000-loss_z:2.897421,accu:0.481013,loss_recon:0.103691

5200-loss_z:0.230168,accu:0.993529,loss_recon:0.046955

5200-loss_z:2.995615,accu:0.518987,loss_recon:0.099026

5400-loss_z:0.215746,accu:0.995039,loss_recon:0.045994

5400-loss_z:3.09451,accu:0.468354,loss_recon:0.097525

5600-loss_z:0.201353,accu:0.995417,loss_recon:0.04547

5600-loss_z:3.188768,accu:0.518987,loss_recon:0.098163

5800-loss_z:0.190684,accu:0.996784,loss_recon:0.045496

5800-loss_z:3.290266,accu:0.506329,loss_recon:0.09663

6000-loss_z:0.179896,accu:0.997435,loss_recon:0.044915

6000-loss_z:3.404246,accu:0.518987,loss_recon:0.093444

6200-loss_z:0.168181,accu:0.997995,loss_recon:0.04363

6200-loss_z:3.508244,accu:0.531646,loss_recon:0.096792

6400-loss_z:0.15765,accu:0.998451,loss_recon:0.043532

6400-loss_z:3.654733,accu:0.506329,loss_recon:0.093973

6600-loss_z:0.148208,accu:0.999408,loss_recon:0.042805

6600-loss_z:3.758935,accu:0.493671,loss_recon:0.095829

6800-loss_z:0.136431,accu:0.998008,loss_recon:0.042243

6800-loss_z:3.922463,accu:0.518987,loss_recon:0.096202

7000-loss_z:0.128492,accu:1.0,loss_recon:0.042313

7000-loss_z:4.051836,accu:0.493671,loss_recon:0.096082

7200-loss_z:0.120469,accu:0.999505,loss_recon:0.041723

7200-loss_z:4.188657,accu:0.493671,loss_recon:0.093875

7400-loss_z:0.111757,accu:0.999414,loss_recon:0.041586

7400-loss_z:4.32415,accu:0.544304,loss_recon:0.097305

7600-loss_z:0.105135,accu:0.999779,loss_recon:0.041398

7600-loss_z:4.458178,accu:0.518987,loss_recon:0.095958

7800-loss_z:0.097591,accu:1.0,loss_recon:0.040554

7800-loss_z:4.625226,accu:0.531646,loss_recon:0.095551

8000-loss_z:0.091721,accu:1.0,loss_recon:0.039188

8000-loss_z:4.726918,accu:0.556962,loss_recon:0.096789

8200-loss_z:0.084995,accu:1.0,loss_recon:0.038915

8200-loss_z:4.897438,accu:0.544304,loss_recon:0.097644

8400-loss_z:0.079099,accu:1.0,loss_recon:0.03874

8400-loss_z:5.031336,accu:0.556962,loss_recon:0.099643

8600-loss_z:0.07447,accu:1.0,loss_recon:0.038121

8600-loss_z:5.156302,accu:0.544304,loss_recon:0.098617

8800-loss_z:0.069471,accu:1.0,loss_recon:0.03848

8800-loss_z:5.354526,accu:0.518987,loss_recon:0.096237

9000-loss_z:0.06364,accu:1.0,loss_recon:0.037789

9000-loss_z:5.483372,accu:0.544304,loss_recon:0.096851

9200-loss_z:0.059098,accu:1.0,loss_recon:0.037089

9200-loss_z:5.627602,accu:0.556962,loss_recon:0.098774

9400-loss_z:0.054058,accu:1.0,loss_recon:0.036342

9400-loss_z:5.778772,accu:0.556962,loss_recon:0.099625

9600-loss_z:0.05092,accu:1.0,loss_recon:0.036194

9600-loss_z:5.905348,accu:0.544304,loss_recon:0.102246

9800-loss_z:0.046793,accu:1.0,loss_recon:0.035757

9800-loss_z:6.037023,accu:0.544304,loss_recon:0.101258

10000-loss_z:0.043786,accu:1.0,loss_recon:0.035548

10000-loss_z:6.115722,accu:0.56962,loss_recon:0.09963

10200-loss_z:0.039956,accu:1.0,loss_recon:0.035428

10200-loss_z:6.283469,accu:0.56962,loss_recon:0.099144

10400-loss_z:0.037181,accu:1.0,loss_recon:0.03522

10400-loss_z:6.392504,accu:0.582278,loss_recon:0.101338

10600-loss_z:0.034362,accu:1.0,loss_recon:0.035494

10600-loss_z:6.547529,accu:0.582278,loss_recon:0.100624

10800-loss_z:0.031469,accu:1.0,loss_recon:0.035136

10800-loss_z:6.824419,accu:0.582278,loss_recon:0.10135

11000-loss_z:0.028436,accu:1.0,loss_recon:0.034669

11000-loss_z:7.302554,accu:0.56962,loss_recon:0.10058

11200-loss_z:0.026817,accu:1.0,loss_recon:0.034979

11200-loss_z:7.568865,accu:0.582278,loss_recon:0.101579

11400-loss_z:0.024658,accu:1.0,loss_recon:0.034728

11400-loss_z:7.899454,accu:0.582278,loss_recon:0.101573

11600-loss_z:0.022809,accu:1.0,loss_recon:0.034623

11600-loss_z:8.185794,accu:0.582278,loss_recon:0.101508

11800-loss_z:0.021131,accu:1.0,loss_recon:0.034676

11800-loss_z:8.39761,accu:0.582278,loss_recon:0.099515

12000-loss_z:0.019176,accu:1.0,loss_recon:0.035091

12000-loss_z:8.688812,accu:0.56962,loss_recon:0.103017

12200-loss_z:0.017254,accu:1.0,loss_recon:0.034772

12200-loss_z:8.911844,accu:0.56962,loss_recon:0.100618

12400-loss_z:0.016075,accu:1.0,loss_recon:0.034534

12400-loss_z:9.17797,accu:0.56962,loss_recon:0.100669

12600-loss_z:0.015,accu:1.0,loss_recon:0.034687

12600-loss_z:9.425218,accu:0.56962,loss_recon:0.100859

12800-loss_z:0.01341,accu:1.0,loss_recon:0.035033

12800-loss_z:9.68133,accu:0.582278,loss_recon:0.103944

13000-loss_z:0.012202,accu:1.0,loss_recon:0.034413

13000-loss_z:9.924886,accu:0.582278,loss_recon:0.106027

13200-loss_z:0.011318,accu:1.0,loss_recon:0.034619

13200-loss_z:10.209563,accu:0.582278,loss_recon:0.102616

13400-loss_z:0.010194,accu:1.0,loss_recon:0.034461

13400-loss_z:10.44566,accu:0.56962,loss_recon:0.106048

13600-loss_z:0.009464,accu:1.0,loss_recon:0.03429

13600-loss_z:10.656702,accu:0.56962,loss_recon:0.102311

13800-loss_z:0.008676,accu:1.0,loss_recon:0.034571

13800-loss_z:10.893219,accu:0.582278,loss_recon:0.101961

14000-loss_z:0.00785,accu:1.0,loss_recon:0.034188

14000-loss_z:11.146935,accu:0.56962,loss_recon:0.102414

14200-loss_z:0.007244,accu:1.0,loss_recon:0.034335

14200-loss_z:11.339063,accu:0.56962,loss_recon:0.105091

14400-loss_z:0.006458,accu:1.0,loss_recon:0.034357

14400-loss_z:11.603884,accu:0.56962,loss_recon:0.10341

14600-loss_z:0.005958,accu:1.0,loss_recon:0.034113

14600-loss_z:11.80134,accu:0.556962,loss_recon:0.103659

14800-loss_z:0.005385,accu:1.0,loss_recon:0.034595

14800-loss_z:12.041531,accu:0.56962,loss_recon:0.107877

15000-loss_z:0.004998,accu:1.0,loss_recon:0.034091

15000-loss_z:12.257461,accu:0.56962,loss_recon:0.101856

15200-loss_z:0.004491,accu:1.0,loss_recon:0.034383

15200-loss_z:12.479516,accu:0.556962,loss_recon:0.102879

15400-loss_z:0.00405,accu:1.0,loss_recon:0.034046

15400-loss_z:12.672307,accu:0.556962,loss_recon:0.101708

15600-loss_z:0.003739,accu:1.0,loss_recon:0.034523

15600-loss_z:12.864717,accu:0.556962,loss_recon:0.103206

15800-loss_z:0.003358,accu:1.0,loss_recon:0.03405

15800-loss_z:13.062099,accu:0.544304,loss_recon:0.102951

16000-loss_z:0.003067,accu:1.0,loss_recon:0.0341

16000-loss_z:13.247038,accu:0.544304,loss_recon:0.103031

16200-loss_z:0.002788,accu:1.0,loss_recon:0.033875

16200-loss_z:13.488244,accu:0.544304,loss_recon:0.105184

16400-loss_z:0.002515,accu:1.0,loss_recon:0.034344

16400-loss_z:13.683677,accu:0.544304,loss_recon:0.102966

16600-loss_z:0.002231,accu:1.0,loss_recon:0.03418

16600-loss_z:13.842469,accu:0.544304,loss_recon:0.104169

16800-loss_z:0.002043,accu:1.0,loss_recon:0.034158

16800-loss_z:14.06237,accu:0.544304,loss_recon:0.103041

17000-loss_z:0.001851,accu:1.0,loss_recon:0.034306

17000-loss_z:14.279135,accu:0.556962,loss_recon:0.101676

17200-loss_z:0.001652,accu:1.0,loss_recon:0.03398

17200-loss_z:14.416412,accu:0.556962,loss_recon:0.103533

17400-loss_z:0.001486,accu:1.0,loss_recon:0.034377

17400-loss_z:14.600957,accu:0.556962,loss_recon:0.102838

17600-loss_z:0.001339,accu:1.0,loss_recon:0.033847

17600-loss_z:14.767307,accu:0.556962,loss_recon:0.103515

17800-loss_z:0.001211,accu:1.0,loss_recon:0.034081

17800-loss_z:14.874741,accu:0.544304,loss_recon:0.102206

18000-loss_z:0.001099,accu:1.0,loss_recon:0.033893

18000-loss_z:15.053556,accu:0.556962,loss_recon:0.103767

18200-loss_z:0.000989,accu:1.0,loss_recon:0.03422

18200-loss_z:15.225289,accu:0.556962,loss_recon:0.102343

18400-loss_z:0.00089,accu:1.0,loss_recon:0.034317

18400-loss_z:15.330571,accu:0.556962,loss_recon:0.103847

18600-loss_z:0.000782,accu:1.0,loss_recon:0.033792

18600-loss_z:15.520168,accu:0.56962,loss_recon:0.107357

18800-loss_z:0.000716,accu:1.0,loss_recon:0.033856

18800-loss_z:15.647633,accu:0.56962,loss_recon:0.104926

19000-loss_z:0.000643,accu:1.0,loss_recon:0.033708

19000-loss_z:15.784898,accu:0.556962,loss_recon:0.103716

19200-loss_z:0.000571,accu:1.0,loss_recon:0.033733

19200-loss_z:15.910797,accu:0.544304,loss_recon:0.101077

19400-loss_z:0.000524,accu:1.0,loss_recon:0.03343

19400-loss_z:16.037878,accu:0.556962,loss_recon:0.103469

19600-loss_z:0.000469,accu:1.0,loss_recon:0.03404

19600-loss_z:16.186388,accu:0.544304,loss_recon:0.105083

19800-loss_z:0.000414,accu:1.0,loss_recon:0.033594

19800-loss_z:16.352816,accu:0.544304,loss_recon:0.101962

20000-loss_z:0.000368,accu:1.0,loss_recon:0.033345

20000-loss_z:16.427572,accu:0.544304,loss_recon:0.105587

Continue training
New FC model is initialized
200-loss_z:2.635439,accu:0.173197,loss_recon:1.067522

200-loss_z:2.871944,accu:0.075949,loss_recon:0.810731

400-loss_z:1.918045,accu:0.365397,loss_recon:0.594222

400-loss_z:2.646739,accu:0.088608,loss_recon:0.597873

600-loss_z:1.525066,accu:0.503861,loss_recon:0.446375

600-loss_z:2.489793,accu:0.189873,loss_recon:0.435956

800-loss_z:1.291559,accu:0.604603,loss_recon:0.300691

800-loss_z:2.393461,accu:0.177215,loss_recon:0.314629

1000-loss_z:1.125304,accu:0.682572,loss_recon:0.217655

1000-loss_z:2.368279,accu:0.265823,loss_recon:0.277447

1200-loss_z:1.001455,accu:0.731738,loss_recon:0.180475

1200-loss_z:2.32226,accu:0.278481,loss_recon:0.253655

1400-loss_z:0.899139,accu:0.782845,loss_recon:0.160975

1400-loss_z:2.299874,accu:0.291139,loss_recon:0.234691

1600-loss_z:0.814439,accu:0.80735,loss_recon:0.146318

1600-loss_z:2.291421,accu:0.367089,loss_recon:0.221632

1800-loss_z:0.73866,accu:0.834759,loss_recon:0.137337

1800-loss_z:2.314244,accu:0.392405,loss_recon:0.216405

2000-loss_z:0.680438,accu:0.86446,loss_recon:0.130949

2000-loss_z:2.349032,accu:0.417722,loss_recon:0.207216

2200-loss_z:0.625343,accu:0.891055,loss_recon:0.124253

2200-loss_z:2.372491,accu:0.43038,loss_recon:0.199887

2400-loss_z:0.575034,accu:0.90416,loss_recon:0.120348

2400-loss_z:2.42028,accu:0.455696,loss_recon:0.192422

2600-loss_z:0.538542,accu:0.909798,loss_recon:0.115705

2600-loss_z:2.449881,accu:0.455696,loss_recon:0.186094

2800-loss_z:0.500159,accu:0.9286,loss_recon:0.110268

2800-loss_z:2.476504,accu:0.43038,loss_recon:0.179014

3000-loss_z:0.466193,accu:0.944714,loss_recon:0.107171

3000-loss_z:2.500091,accu:0.468354,loss_recon:0.173048

3200-loss_z:0.433521,accu:0.950176,loss_recon:0.102835

3200-loss_z:2.549407,accu:0.443038,loss_recon:0.166506

3400-loss_z:0.405958,accu:0.961419,loss_recon:0.099877

3400-loss_z:2.600538,accu:0.518987,loss_recon:0.165915

3600-loss_z:0.378379,accu:0.968457,loss_recon:0.098428

3600-loss_z:2.619312,accu:0.506329,loss_recon:0.164034

3800-loss_z:0.355719,accu:0.977513,loss_recon:0.09555

3800-loss_z:2.641534,accu:0.518987,loss_recon:0.159714

4000-loss_z:0.330968,accu:0.979538,loss_recon:0.094316

4000-loss_z:2.694233,accu:0.493671,loss_recon:0.15973

4200-loss_z:0.31128,accu:0.986452,loss_recon:0.093645

4200-loss_z:2.717532,accu:0.493671,loss_recon:0.156088

4400-loss_z:0.286703,accu:0.991016,loss_recon:0.09046

4400-loss_z:2.76531,accu:0.506329,loss_recon:0.151927

4600-loss_z:0.266636,accu:0.997467,loss_recon:0.089494

4600-loss_z:2.825236,accu:0.518987,loss_recon:0.153046

4800-loss_z:0.249561,accu:0.998835,loss_recon:0.08732

4800-loss_z:2.879971,accu:0.518987,loss_recon:0.149078

5000-loss_z:0.232361,accu:0.999447,loss_recon:0.086817

5000-loss_z:2.939327,accu:0.531646,loss_recon:0.151654

5200-loss_z:0.215072,accu:0.999473,loss_recon:0.084321

5200-loss_z:2.994601,accu:0.556962,loss_recon:0.14987

5400-loss_z:0.200287,accu:0.999063,loss_recon:0.081974

5400-loss_z:3.144382,accu:0.544304,loss_recon:0.144294

5600-loss_z:0.186175,accu:0.999714,loss_recon:0.079716

5600-loss_z:3.282808,accu:0.544304,loss_recon:0.142089

5800-loss_z:0.17459,accu:0.999857,loss_recon:0.078066

5800-loss_z:3.475437,accu:0.531646,loss_recon:0.144482

6000-loss_z:0.158069,accu:1.0,loss_recon:0.076941

6000-loss_z:3.655144,accu:0.556962,loss_recon:0.141822

6200-loss_z:0.147044,accu:1.0,loss_recon:0.075697

6200-loss_z:3.869886,accu:0.531646,loss_recon:0.142976

6400-loss_z:0.137327,accu:1.0,loss_recon:0.074202

6400-loss_z:4.005626,accu:0.556962,loss_recon:0.144954

6600-loss_z:0.127934,accu:1.0,loss_recon:0.071876

6600-loss_z:4.160233,accu:0.56962,loss_recon:0.141615

6800-loss_z:0.118198,accu:1.0,loss_recon:0.070941

6800-loss_z:4.305962,accu:0.582278,loss_recon:0.140159

7000-loss_z:0.109274,accu:1.0,loss_recon:0.069853

7000-loss_z:4.455927,accu:0.582278,loss_recon:0.138296

7200-loss_z:0.100488,accu:1.0,loss_recon:0.069134

7200-loss_z:4.604738,accu:0.56962,loss_recon:0.137252

7400-loss_z:0.093589,accu:1.0,loss_recon:0.068465

7400-loss_z:4.768518,accu:0.56962,loss_recon:0.138549

7600-loss_z:0.085987,accu:1.0,loss_recon:0.06728

7600-loss_z:4.923483,accu:0.582278,loss_recon:0.13738

7800-loss_z:0.079295,accu:1.0,loss_recon:0.066111

7800-loss_z:5.076134,accu:0.594937,loss_recon:0.134273

8000-loss_z:0.07329,accu:1.0,loss_recon:0.065242

8000-loss_z:5.253964,accu:0.582278,loss_recon:0.134378

8200-loss_z:0.068508,accu:1.0,loss_recon:0.064781

8200-loss_z:5.363906,accu:0.594937,loss_recon:0.136674

8400-loss_z:0.062019,accu:1.0,loss_recon:0.063668

8400-loss_z:5.491487,accu:0.56962,loss_recon:0.134864

8600-loss_z:0.057406,accu:1.0,loss_recon:0.063149

8600-loss_z:5.688153,accu:0.594937,loss_recon:0.135466

8800-loss_z:0.053098,accu:1.0,loss_recon:0.063377

8800-loss_z:5.834467,accu:0.594937,loss_recon:0.136147

9000-loss_z:0.049043,accu:1.0,loss_recon:0.062808

9000-loss_z:5.980785,accu:0.607595,loss_recon:0.132234

9200-loss_z:0.044727,accu:1.0,loss_recon:0.062569

9200-loss_z:6.122643,accu:0.594937,loss_recon:0.133494

9400-loss_z:0.04155,accu:1.0,loss_recon:0.061802

9400-loss_z:6.283291,accu:0.607595,loss_recon:0.134273

9600-loss_z:0.038064,accu:1.0,loss_recon:0.061142

9600-loss_z:6.414552,accu:0.607595,loss_recon:0.133834

9800-loss_z:0.035091,accu:1.0,loss_recon:0.059924

9800-loss_z:6.595551,accu:0.607595,loss_recon:0.12929

10000-loss_z:0.032204,accu:1.0,loss_recon:0.059751

10000-loss_z:6.767933,accu:0.607595,loss_recon:0.127137

10200-loss_z:0.029693,accu:1.0,loss_recon:0.059517

10200-loss_z:6.895085,accu:0.607595,loss_recon:0.130299

10400-loss_z:0.027547,accu:1.0,loss_recon:0.058031

10400-loss_z:7.026069,accu:0.620253,loss_recon:0.13213

10600-loss_z:0.024773,accu:1.0,loss_recon:0.059021

10600-loss_z:7.196644,accu:0.620253,loss_recon:0.128677

10800-loss_z:0.022702,accu:1.0,loss_recon:0.058205

10800-loss_z:7.36344,accu:0.620253,loss_recon:0.135758

11000-loss_z:0.020683,accu:1.0,loss_recon:0.058004

11000-loss_z:7.502904,accu:0.620253,loss_recon:0.133105

11200-loss_z:0.019326,accu:1.0,loss_recon:0.058089

11200-loss_z:7.645149,accu:0.607595,loss_recon:0.128867

11400-loss_z:0.017249,accu:1.0,loss_recon:0.058071

11400-loss_z:7.7974,accu:0.594937,loss_recon:0.130113

11600-loss_z:0.015826,accu:1.0,loss_recon:0.057776

11600-loss_z:7.923664,accu:0.594937,loss_recon:0.132853

11800-loss_z:0.014328,accu:1.0,loss_recon:0.057118

11800-loss_z:8.100324,accu:0.594937,loss_recon:0.128148

12000-loss_z:0.013174,accu:1.0,loss_recon:0.056605

12000-loss_z:8.270164,accu:0.594937,loss_recon:0.128585

12200-loss_z:0.012061,accu:1.0,loss_recon:0.055957

12200-loss_z:8.432156,accu:0.594937,loss_recon:0.128898

12400-loss_z:0.011081,accu:1.0,loss_recon:0.055831

12400-loss_z:8.565237,accu:0.594937,loss_recon:0.129508

12600-loss_z:0.010006,accu:1.0,loss_recon:0.054815

12600-loss_z:8.681491,accu:0.607595,loss_recon:0.12875

12800-loss_z:0.009065,accu:1.0,loss_recon:0.054469

12800-loss_z:8.849791,accu:0.594937,loss_recon:0.123269

13000-loss_z:0.008306,accu:1.0,loss_recon:0.054061

13000-loss_z:8.991095,accu:0.620253,loss_recon:0.125319

13200-loss_z:0.007548,accu:1.0,loss_recon:0.053766

13200-loss_z:9.147574,accu:0.620253,loss_recon:0.122026

13400-loss_z:0.006874,accu:1.0,loss_recon:0.05367

13400-loss_z:9.29837,accu:0.607595,loss_recon:0.124987

13600-loss_z:0.006171,accu:1.0,loss_recon:0.053446

13600-loss_z:9.406175,accu:0.607595,loss_recon:0.123324

13800-loss_z:0.005655,accu:1.0,loss_recon:0.052864

13800-loss_z:9.55923,accu:0.607595,loss_recon:0.121934

14000-loss_z:0.005085,accu:1.0,loss_recon:0.052281

14000-loss_z:9.644156,accu:0.607595,loss_recon:0.122436

14200-loss_z:0.004676,accu:1.0,loss_recon:0.051848

14200-loss_z:9.787339,accu:0.620253,loss_recon:0.124786

14400-loss_z:0.004193,accu:1.0,loss_recon:0.051388

14400-loss_z:9.977713,accu:0.607595,loss_recon:0.12143

14600-loss_z:0.003713,accu:1.0,loss_recon:0.050574

14600-loss_z:10.173425,accu:0.594937,loss_recon:0.121181

14800-loss_z:0.003335,accu:1.0,loss_recon:0.050779

14800-loss_z:10.319755,accu:0.594937,loss_recon:0.119243

15000-loss_z:0.002991,accu:1.0,loss_recon:0.050386

15000-loss_z:10.476984,accu:0.594937,loss_recon:0.120556

15200-loss_z:0.00274,accu:1.0,loss_recon:0.050953

15200-loss_z:10.597828,accu:0.594937,loss_recon:0.12226

15400-loss_z:0.002458,accu:1.0,loss_recon:0.049681

15400-loss_z:10.677284,accu:0.594937,loss_recon:0.116328

15600-loss_z:0.002225,accu:1.0,loss_recon:0.05011

15600-loss_z:10.815351,accu:0.594937,loss_recon:0.115518

15800-loss_z:0.002016,accu:1.0,loss_recon:0.050134

15800-loss_z:10.929867,accu:0.594937,loss_recon:0.117181

16000-loss_z:0.001796,accu:1.0,loss_recon:0.049224

16000-loss_z:11.015347,accu:0.607595,loss_recon:0.120722

16200-loss_z:0.001619,accu:1.0,loss_recon:0.04918

16200-loss_z:11.114288,accu:0.607595,loss_recon:0.117721

16400-loss_z:0.001465,accu:1.0,loss_recon:0.049355

16400-loss_z:11.187851,accu:0.607595,loss_recon:0.119903

16600-loss_z:0.001316,accu:1.0,loss_recon:0.048802

16600-loss_z:11.309566,accu:0.607595,loss_recon:0.122791

16800-loss_z:0.001186,accu:1.0,loss_recon:0.049224

16800-loss_z:11.420335,accu:0.607595,loss_recon:0.118195

17000-loss_z:0.001064,accu:1.0,loss_recon:0.048393

17000-loss_z:11.505312,accu:0.607595,loss_recon:0.120921

17200-loss_z:0.000947,accu:1.0,loss_recon:0.048892

17200-loss_z:11.65272,accu:0.607595,loss_recon:0.117118

17400-loss_z:0.000853,accu:1.0,loss_recon:0.047519

17400-loss_z:11.734653,accu:0.607595,loss_recon:0.117798

17600-loss_z:0.000777,accu:1.0,loss_recon:0.048451

17600-loss_z:11.834085,accu:0.607595,loss_recon:0.121174

17800-loss_z:0.000689,accu:1.0,loss_recon:0.048169

17800-loss_z:12.005758,accu:0.607595,loss_recon:0.117574

18000-loss_z:0.000616,accu:1.0,loss_recon:0.048286

18000-loss_z:12.152863,accu:0.607595,loss_recon:0.11621

18200-loss_z:0.000549,accu:1.0,loss_recon:0.0485

18200-loss_z:12.21484,accu:0.594937,loss_recon:0.118537

18400-loss_z:0.000497,accu:1.0,loss_recon:0.048731

18400-loss_z:12.367846,accu:0.607595,loss_recon:0.121885

18600-loss_z:0.000453,accu:1.0,loss_recon:0.048007

18600-loss_z:12.46896,accu:0.607595,loss_recon:0.117976

18800-loss_z:0.000399,accu:1.0,loss_recon:0.047219

18800-loss_z:12.607355,accu:0.607595,loss_recon:0.11685

19000-loss_z:0.000359,accu:1.0,loss_recon:0.047191

19000-loss_z:12.687799,accu:0.607595,loss_recon:0.116136

19200-loss_z:0.000326,accu:1.0,loss_recon:0.046277

19200-loss_z:12.81714,accu:0.607595,loss_recon:0.112725

19400-loss_z:0.000297,accu:1.0,loss_recon:0.046728

19400-loss_z:12.881057,accu:0.594937,loss_recon:0.115545

19600-loss_z:0.00026,accu:1.0,loss_recon:0.046723

19600-loss_z:13.019466,accu:0.594937,loss_recon:0.114853

19800-loss_z:0.000233,accu:1.0,loss_recon:0.046457

19800-loss_z:13.065212,accu:0.607595,loss_recon:0.115281

20000-loss_z:0.000209,accu:1.0,loss_recon:0.046786

20000-loss_z:13.151798,accu:0.594937,loss_recon:0.116448

Continue training
New FC model is initialized
200-loss_z:2.644389,accu:0.180348,loss_recon:1.062733

200-loss_z:2.760531,accu:0.101266,loss_recon:0.627699

400-loss_z:1.943054,accu:0.340872,loss_recon:0.565691

400-loss_z:2.481671,accu:0.113924,loss_recon:0.465088

600-loss_z:1.556718,accu:0.471582,loss_recon:0.450705

600-loss_z:2.327752,accu:0.164557,loss_recon:0.378313

800-loss_z:1.317588,accu:0.574186,loss_recon:0.335721

800-loss_z:2.247667,accu:0.189873,loss_recon:0.280736

1000-loss_z:1.147503,accu:0.619154,loss_recon:0.239876

1000-loss_z:2.208964,accu:0.21519,loss_recon:0.230651

1200-loss_z:1.018294,accu:0.696602,loss_recon:0.182666

1200-loss_z:2.188424,accu:0.291139,loss_recon:0.195271

1400-loss_z:0.918388,accu:0.74362,loss_recon:0.146449

1400-loss_z:2.143647,accu:0.316456,loss_recon:0.184771

1600-loss_z:0.833212,accu:0.777057,loss_recon:0.122386

1600-loss_z:2.144685,accu:0.35443,loss_recon:0.174925

1800-loss_z:0.754615,accu:0.803125,loss_recon:0.105021

1800-loss_z:2.14047,accu:0.417722,loss_recon:0.168334

2000-loss_z:0.691615,accu:0.822005,loss_recon:0.092138

2000-loss_z:2.166744,accu:0.417722,loss_recon:0.159488

2200-loss_z:0.635791,accu:0.850723,loss_recon:0.081759

2200-loss_z:2.186778,accu:0.455696,loss_recon:0.154235

2400-loss_z:0.587003,accu:0.867871,loss_recon:0.07273

2400-loss_z:2.202586,accu:0.455696,loss_recon:0.153997

2600-loss_z:0.540515,accu:0.893691,loss_recon:0.067831

2600-loss_z:2.246308,accu:0.493671,loss_recon:0.151873

2800-loss_z:0.498702,accu:0.920514,loss_recon:0.064432

2800-loss_z:2.301076,accu:0.493671,loss_recon:0.148604

3000-loss_z:0.463592,accu:0.940794,loss_recon:0.063274

3000-loss_z:2.375798,accu:0.481013,loss_recon:0.146318

3200-loss_z:0.431435,accu:0.945169,loss_recon:0.060375

3200-loss_z:2.418522,accu:0.506329,loss_recon:0.142094

3400-loss_z:0.397187,accu:0.955345,loss_recon:0.059091

3400-loss_z:2.490435,accu:0.544304,loss_recon:0.142902

3600-loss_z:0.37187,accu:0.965404,loss_recon:0.057763

3600-loss_z:2.573111,accu:0.56962,loss_recon:0.139165

3800-loss_z:0.344194,accu:0.970814,loss_recon:0.056163

3800-loss_z:2.645302,accu:0.556962,loss_recon:0.13545

4000-loss_z:0.321235,accu:0.971504,loss_recon:0.056302

4000-loss_z:2.694216,accu:0.556962,loss_recon:0.135133

4200-loss_z:0.299216,accu:0.980104,loss_recon:0.054608

4200-loss_z:2.77148,accu:0.582278,loss_recon:0.133299

4400-loss_z:0.277533,accu:0.984362,loss_recon:0.053748

4400-loss_z:2.829042,accu:0.594937,loss_recon:0.132284

4600-loss_z:0.258775,accu:0.985358,loss_recon:0.051669

4600-loss_z:2.888637,accu:0.607595,loss_recon:0.130091

4800-loss_z:0.240339,accu:0.990872,loss_recon:0.049496

4800-loss_z:2.949077,accu:0.607595,loss_recon:0.122711

5000-loss_z:0.223579,accu:0.993444,loss_recon:0.048392

5000-loss_z:2.996642,accu:0.607595,loss_recon:0.12267

5200-loss_z:0.206527,accu:0.996302,loss_recon:0.048154

5200-loss_z:3.060329,accu:0.607595,loss_recon:0.120342

5400-loss_z:0.194103,accu:0.997064,loss_recon:0.046688

5400-loss_z:3.131683,accu:0.607595,loss_recon:0.125845

5600-loss_z:0.180342,accu:0.998763,loss_recon:0.045495

5600-loss_z:3.20235,accu:0.620253,loss_recon:0.123691

5800-loss_z:0.165848,accu:1.0,loss_recon:0.045529

5800-loss_z:3.273803,accu:0.620253,loss_recon:0.122683

6000-loss_z:0.151445,accu:0.999876,loss_recon:0.044496

6000-loss_z:3.33659,accu:0.620253,loss_recon:0.120773

6200-loss_z:0.140592,accu:1.0,loss_recon:0.044989

6200-loss_z:3.440797,accu:0.632911,loss_recon:0.121465

6400-loss_z:0.130021,accu:1.0,loss_recon:0.044182

6400-loss_z:3.507907,accu:0.620253,loss_recon:0.120134

6600-loss_z:0.119723,accu:1.0,loss_recon:0.044376

6600-loss_z:3.610397,accu:0.632911,loss_recon:0.119136

6800-loss_z:0.110631,accu:1.0,loss_recon:0.043756

6800-loss_z:3.671808,accu:0.620253,loss_recon:0.121403

7000-loss_z:0.101835,accu:1.0,loss_recon:0.0441

7000-loss_z:3.699868,accu:0.632911,loss_recon:0.121252

7200-loss_z:0.092341,accu:1.0,loss_recon:0.043866

7200-loss_z:3.79402,accu:0.632911,loss_recon:0.121748

7400-loss_z:0.084691,accu:1.0,loss_recon:0.043231

7400-loss_z:3.851583,accu:0.632911,loss_recon:0.121703

7600-loss_z:0.076844,accu:1.0,loss_recon:0.043351

7600-loss_z:3.918651,accu:0.620253,loss_recon:0.122164

7800-loss_z:0.071006,accu:1.0,loss_recon:0.042988

7800-loss_z:3.983301,accu:0.658228,loss_recon:0.12147

8000-loss_z:0.063669,accu:1.0,loss_recon:0.043284

8000-loss_z:3.991945,accu:0.64557,loss_recon:0.123006

8200-loss_z:0.059122,accu:1.0,loss_recon:0.043245

8200-loss_z:4.042451,accu:0.670886,loss_recon:0.121674

8400-loss_z:0.05381,accu:1.0,loss_recon:0.042582

8400-loss_z:4.137352,accu:0.64557,loss_recon:0.121579

8600-loss_z:0.048749,accu:1.0,loss_recon:0.04256

8600-loss_z:4.201938,accu:0.670886,loss_recon:0.12367

8800-loss_z:0.04488,accu:1.0,loss_recon:0.042844

8800-loss_z:4.252952,accu:0.658228,loss_recon:0.120053

9000-loss_z:0.040313,accu:1.0,loss_recon:0.042878

9000-loss_z:4.333103,accu:0.64557,loss_recon:0.123267

9200-loss_z:0.036782,accu:1.0,loss_recon:0.042425

9200-loss_z:4.398911,accu:0.64557,loss_recon:0.123275

9400-loss_z:0.03362,accu:1.0,loss_recon:0.043045

9400-loss_z:4.514729,accu:0.64557,loss_recon:0.123618

9600-loss_z:0.030427,accu:1.0,loss_recon:0.042912

9600-loss_z:4.568149,accu:0.64557,loss_recon:0.123048

9800-loss_z:0.02755,accu:1.0,loss_recon:0.04251

9800-loss_z:4.648223,accu:0.64557,loss_recon:0.12322

10000-loss_z:0.025179,accu:1.0,loss_recon:0.042698

10000-loss_z:4.737643,accu:0.658228,loss_recon:0.123406

10200-loss_z:0.022568,accu:1.0,loss_recon:0.042567

10200-loss_z:4.821328,accu:0.64557,loss_recon:0.122639

10400-loss_z:0.020566,accu:1.0,loss_recon:0.04249

10400-loss_z:4.901586,accu:0.64557,loss_recon:0.124073

10600-loss_z:0.018825,accu:1.0,loss_recon:0.042419

10600-loss_z:4.978348,accu:0.64557,loss_recon:0.125584

10800-loss_z:0.01694,accu:1.0,loss_recon:0.043133

10800-loss_z:5.098626,accu:0.64557,loss_recon:0.125081

11000-loss_z:0.015251,accu:1.0,loss_recon:0.042509

11000-loss_z:5.194829,accu:0.64557,loss_recon:0.124535

11200-loss_z:0.013813,accu:1.0,loss_recon:0.042373

11200-loss_z:5.255583,accu:0.64557,loss_recon:0.123915

11400-loss_z:0.012454,accu:1.0,loss_recon:0.042345

11400-loss_z:5.360649,accu:0.64557,loss_recon:0.127245

11600-loss_z:0.011164,accu:1.0,loss_recon:0.042184

11600-loss_z:5.449941,accu:0.64557,loss_recon:0.125224

11800-loss_z:0.010112,accu:1.0,loss_recon:0.042344

11800-loss_z:5.569217,accu:0.64557,loss_recon:0.12559

12000-loss_z:0.009073,accu:1.0,loss_recon:0.042724

12000-loss_z:5.667951,accu:0.64557,loss_recon:0.12525

12200-loss_z:0.008256,accu:1.0,loss_recon:0.041921

12200-loss_z:5.7983,accu:0.632911,loss_recon:0.124238

12400-loss_z:0.007434,accu:1.0,loss_recon:0.042522

12400-loss_z:5.858318,accu:0.632911,loss_recon:0.124844

12600-loss_z:0.006584,accu:1.0,loss_recon:0.042412

12600-loss_z:5.99311,accu:0.620253,loss_recon:0.12518

12800-loss_z:0.006029,accu:1.0,loss_recon:0.042698

12800-loss_z:6.066216,accu:0.632911,loss_recon:0.126917

13000-loss_z:0.005343,accu:1.0,loss_recon:0.042351

13000-loss_z:6.179876,accu:0.620253,loss_recon:0.123409

13200-loss_z:0.004847,accu:1.0,loss_recon:0.042546

13200-loss_z:6.280894,accu:0.632911,loss_recon:0.125173

13400-loss_z:0.004352,accu:1.0,loss_recon:0.042379

13400-loss_z:6.398376,accu:0.632911,loss_recon:0.122829

13600-loss_z:0.003962,accu:1.0,loss_recon:0.04263

13600-loss_z:6.522522,accu:0.632911,loss_recon:0.122963

13800-loss_z:0.003529,accu:1.0,loss_recon:0.041784

13800-loss_z:6.6682,accu:0.620253,loss_recon:0.123508

14000-loss_z:0.003167,accu:1.0,loss_recon:0.041562

14000-loss_z:6.773435,accu:0.620253,loss_recon:0.122627

14200-loss_z:0.002849,accu:1.0,loss_recon:0.041688

14200-loss_z:6.937818,accu:0.620253,loss_recon:0.125835

14400-loss_z:0.002516,accu:1.0,loss_recon:0.041276

14400-loss_z:7.051863,accu:0.620253,loss_recon:0.124118

14600-loss_z:0.002268,accu:1.0,loss_recon:0.041548

14600-loss_z:7.144528,accu:0.620253,loss_recon:0.12233

14800-loss_z:0.002032,accu:1.0,loss_recon:0.041689

14800-loss_z:7.20744,accu:0.632911,loss_recon:0.124015

15000-loss_z:0.001808,accu:1.0,loss_recon:0.041168

15000-loss_z:7.374691,accu:0.632911,loss_recon:0.121466

15200-loss_z:0.001614,accu:1.0,loss_recon:0.041469

15200-loss_z:7.453883,accu:0.632911,loss_recon:0.124161

15400-loss_z:0.001474,accu:1.0,loss_recon:0.041397

15400-loss_z:7.612806,accu:0.64557,loss_recon:0.121742

15600-loss_z:0.001313,accu:1.0,loss_recon:0.04212

15600-loss_z:7.755463,accu:0.620253,loss_recon:0.11917

15800-loss_z:0.001167,accu:1.0,loss_recon:0.041236

15800-loss_z:7.874293,accu:0.620253,loss_recon:0.120404

16000-loss_z:0.001054,accu:1.0,loss_recon:0.041422

16000-loss_z:7.971619,accu:0.632911,loss_recon:0.120581

16200-loss_z:0.000916,accu:1.0,loss_recon:0.04161

16200-loss_z:8.024704,accu:0.632911,loss_recon:0.118327

16400-loss_z:0.000843,accu:1.0,loss_recon:0.041004

16400-loss_z:8.208589,accu:0.594937,loss_recon:0.120781

16600-loss_z:0.000738,accu:1.0,loss_recon:0.04094

16600-loss_z:8.255919,accu:0.607595,loss_recon:0.120622

16800-loss_z:0.00066,accu:1.0,loss_recon:0.041307

16800-loss_z:8.356047,accu:0.607595,loss_recon:0.116034

17000-loss_z:0.000586,accu:1.0,loss_recon:0.041512

17000-loss_z:8.43998,accu:0.607595,loss_recon:0.114712

17200-loss_z:0.000525,accu:1.0,loss_recon:0.041195

17200-loss_z:8.570718,accu:0.607595,loss_recon:0.120396

17400-loss_z:0.000473,accu:1.0,loss_recon:0.041281

17400-loss_z:8.659499,accu:0.607595,loss_recon:0.116843

17600-loss_z:0.00041,accu:1.0,loss_recon:0.041024

17600-loss_z:8.796404,accu:0.607595,loss_recon:0.115872

17800-loss_z:0.000369,accu:1.0,loss_recon:0.040954

17800-loss_z:8.856484,accu:0.607595,loss_recon:0.1185

18000-loss_z:0.00033,accu:1.0,loss_recon:0.040766

18000-loss_z:8.981843,accu:0.607595,loss_recon:0.115711

18200-loss_z:0.000295,accu:1.0,loss_recon:0.04057

18200-loss_z:9.083962,accu:0.607595,loss_recon:0.116005

18400-loss_z:0.000264,accu:1.0,loss_recon:0.041017

18400-loss_z:9.209491,accu:0.607595,loss_recon:0.114794

18600-loss_z:0.000235,accu:1.0,loss_recon:0.040498

18600-loss_z:9.308799,accu:0.607595,loss_recon:0.11636

18800-loss_z:0.000206,accu:1.0,loss_recon:0.040921

18800-loss_z:9.450076,accu:0.607595,loss_recon:0.114356

19000-loss_z:0.000182,accu:1.0,loss_recon:0.040464

19000-loss_z:9.514032,accu:0.607595,loss_recon:0.117201

19200-loss_z:0.000164,accu:1.0,loss_recon:0.040589

19200-loss_z:9.595905,accu:0.607595,loss_recon:0.114873

19400-loss_z:0.000143,accu:1.0,loss_recon:0.040732

19400-loss_z:9.743173,accu:0.607595,loss_recon:0.113853

19600-loss_z:0.000127,accu:1.0,loss_recon:0.039985

19600-loss_z:9.810135,accu:0.607595,loss_recon:0.114314

19800-loss_z:0.000113,accu:1.0,loss_recon:0.039803

19800-loss_z:9.923575,accu:0.607595,loss_recon:0.112695

20000-loss_z:0.000101,accu:1.0,loss_recon:0.040742

20000-loss_z:10.011213,accu:0.607595,loss_recon:0.114257

Continue training
New FC model is initialized
200-loss_z:2.577701,accu:0.179312,loss_recon:1.010502

200-loss_z:2.701171,accu:0.101266,loss_recon:0.628192

400-loss_z:1.874867,accu:0.396172,loss_recon:0.517348

400-loss_z:2.515749,accu:0.113924,loss_recon:0.431338

600-loss_z:1.481749,accu:0.549674,loss_recon:0.3394

600-loss_z:2.486797,accu:0.21519,loss_recon:0.32531

800-loss_z:1.254439,accu:0.642754,loss_recon:0.225413

800-loss_z:2.48767,accu:0.253165,loss_recon:0.232573

1000-loss_z:1.093121,accu:0.697552,loss_recon:0.166072

1000-loss_z:2.521368,accu:0.265823,loss_recon:0.195971

1200-loss_z:0.972135,accu:0.734974,loss_recon:0.126457

1200-loss_z:2.576939,accu:0.278481,loss_recon:0.169443

1400-loss_z:0.87846,accu:0.766556,loss_recon:0.105146

1400-loss_z:2.588717,accu:0.291139,loss_recon:0.153937

1600-loss_z:0.797789,accu:0.802441,loss_recon:0.091235

1600-loss_z:2.614253,accu:0.341772,loss_recon:0.148692

1800-loss_z:0.731981,accu:0.813796,loss_recon:0.085362

1800-loss_z:2.64031,accu:0.367089,loss_recon:0.144997

2000-loss_z:0.676662,accu:0.84276,loss_recon:0.078772

2000-loss_z:2.682429,accu:0.367089,loss_recon:0.13922

2200-loss_z:0.627471,accu:0.857858,loss_recon:0.074565

2200-loss_z:2.712223,accu:0.405063,loss_recon:0.135733

2400-loss_z:0.580183,accu:0.86776,loss_recon:0.069736

2400-loss_z:2.759513,accu:0.392405,loss_recon:0.132031

2600-loss_z:0.543184,accu:0.887181,loss_recon:0.065021

2600-loss_z:2.794451,accu:0.417722,loss_recon:0.127824

2800-loss_z:0.503865,accu:0.900527,loss_recon:0.061342

2800-loss_z:2.833366,accu:0.405063,loss_recon:0.124129

3000-loss_z:0.473566,accu:0.910723,loss_recon:0.059054

3000-loss_z:2.885797,accu:0.417722,loss_recon:0.119909

3200-loss_z:0.444543,accu:0.922611,loss_recon:0.055699

3200-loss_z:2.984746,accu:0.417722,loss_recon:0.115486

3400-loss_z:0.414216,accu:0.93724,loss_recon:0.052161

3400-loss_z:3.081429,accu:0.43038,loss_recon:0.112602

3600-loss_z:0.387549,accu:0.947168,loss_recon:0.051183

3600-loss_z:3.159242,accu:0.43038,loss_recon:0.108307

3800-loss_z:0.364053,accu:0.958079,loss_recon:0.049807

3800-loss_z:3.226233,accu:0.43038,loss_recon:0.107448

4000-loss_z:0.344532,accu:0.970189,loss_recon:0.048874

4000-loss_z:3.337312,accu:0.468354,loss_recon:0.104756

4200-loss_z:0.322081,accu:0.970306,loss_recon:0.047406

4200-loss_z:3.435672,accu:0.481013,loss_recon:0.106838

4400-loss_z:0.301089,accu:0.973626,loss_recon:0.046506

4400-loss_z:3.566035,accu:0.443038,loss_recon:0.105178

4600-loss_z:0.284415,accu:0.979303,loss_recon:0.046187

4600-loss_z:3.665822,accu:0.493671,loss_recon:0.108707

4800-loss_z:0.267243,accu:0.981185,loss_recon:0.045845

4800-loss_z:3.792081,accu:0.518987,loss_recon:0.110146

5000-loss_z:0.249293,accu:0.983587,loss_recon:0.044855

5000-loss_z:3.914174,accu:0.518987,loss_recon:0.109015

5200-loss_z:0.235701,accu:0.985716,loss_recon:0.044032

5200-loss_z:4.01276,accu:0.544304,loss_recon:0.108229

5400-loss_z:0.222662,accu:0.992962,loss_recon:0.044057

5400-loss_z:4.131694,accu:0.544304,loss_recon:0.110147

5600-loss_z:0.2086,accu:0.993724,loss_recon:0.043559

5600-loss_z:4.291975,accu:0.556962,loss_recon:0.111637

5800-loss_z:0.196694,accu:0.994668,loss_recon:0.04289

5800-loss_z:4.389468,accu:0.56962,loss_recon:0.109018

6000-loss_z:0.184237,accu:0.997415,loss_recon:0.041997

6000-loss_z:4.51186,accu:0.556962,loss_recon:0.11465

6200-loss_z:0.175012,accu:0.9986,loss_recon:0.04134

6200-loss_z:4.669561,accu:0.556962,loss_recon:0.113852

6400-loss_z:0.165124,accu:0.998398,loss_recon:0.040457

6400-loss_z:4.861456,accu:0.556962,loss_recon:0.115292

6600-loss_z:0.15315,accu:0.999219,loss_recon:0.0405

6600-loss_z:5.059614,accu:0.582278,loss_recon:0.112058

6800-loss_z:0.143992,accu:0.999798,loss_recon:0.039942

6800-loss_z:5.278101,accu:0.582278,loss_recon:0.117025

7000-loss_z:0.135573,accu:0.999883,loss_recon:0.039989

7000-loss_z:5.502885,accu:0.56962,loss_recon:0.113091

7200-loss_z:0.125392,accu:1.0,loss_recon:0.040093

7200-loss_z:5.762617,accu:0.582278,loss_recon:0.114473

7400-loss_z:0.118741,accu:1.0,loss_recon:0.039762

7400-loss_z:6.038902,accu:0.556962,loss_recon:0.11637

7600-loss_z:0.109843,accu:1.0,loss_recon:0.039824

7600-loss_z:6.307474,accu:0.556962,loss_recon:0.111854

7800-loss_z:0.103677,accu:1.0,loss_recon:0.039333

7800-loss_z:6.620801,accu:0.56962,loss_recon:0.112744

8000-loss_z:0.09783,accu:1.0,loss_recon:0.039987

8000-loss_z:6.907618,accu:0.582278,loss_recon:0.111762

8200-loss_z:0.090708,accu:1.0,loss_recon:0.039514

8200-loss_z:7.179451,accu:0.594937,loss_recon:0.114394

8400-loss_z:0.083825,accu:1.0,loss_recon:0.039358

8400-loss_z:7.513792,accu:0.620253,loss_recon:0.113096

8600-loss_z:0.077174,accu:1.0,loss_recon:0.039261

8600-loss_z:7.809473,accu:0.620253,loss_recon:0.115006

8800-loss_z:0.071759,accu:1.0,loss_recon:0.039641

8800-loss_z:8.071054,accu:0.607595,loss_recon:0.112873

9000-loss_z:0.06703,accu:1.0,loss_recon:0.039376

9000-loss_z:8.305066,accu:0.632911,loss_recon:0.114044

9200-loss_z:0.061458,accu:1.0,loss_recon:0.039315

9200-loss_z:8.558378,accu:0.632911,loss_recon:0.11378

9400-loss_z:0.057705,accu:1.0,loss_recon:0.038968

9400-loss_z:8.809525,accu:0.632911,loss_recon:0.112037

9600-loss_z:0.052403,accu:1.0,loss_recon:0.039347

9600-loss_z:9.034539,accu:0.64557,loss_recon:0.111327

9800-loss_z:0.049429,accu:1.0,loss_recon:0.039739

9800-loss_z:9.221516,accu:0.632911,loss_recon:0.111836

10000-loss_z:0.046005,accu:1.0,loss_recon:0.039243

10000-loss_z:9.47396,accu:0.632911,loss_recon:0.114736

10200-loss_z:0.042095,accu:1.0,loss_recon:0.039006

10200-loss_z:9.65225,accu:0.64557,loss_recon:0.112836

10400-loss_z:0.038948,accu:1.0,loss_recon:0.039407

10400-loss_z:9.880758,accu:0.64557,loss_recon:0.114848

10600-loss_z:0.036043,accu:1.0,loss_recon:0.039361

10600-loss_z:10.080924,accu:0.64557,loss_recon:0.113419

10800-loss_z:0.033526,accu:1.0,loss_recon:0.038913

10800-loss_z:10.284658,accu:0.658228,loss_recon:0.115155

11000-loss_z:0.031198,accu:1.0,loss_recon:0.039091

11000-loss_z:10.479523,accu:0.64557,loss_recon:0.115379

11200-loss_z:0.028042,accu:1.0,loss_recon:0.038948

11200-loss_z:10.660741,accu:0.64557,loss_recon:0.113431

11400-loss_z:0.025818,accu:1.0,loss_recon:0.039142

11400-loss_z:10.891643,accu:0.64557,loss_recon:0.111906

11600-loss_z:0.023688,accu:1.0,loss_recon:0.038471

11600-loss_z:11.058172,accu:0.64557,loss_recon:0.112178

11800-loss_z:0.022129,accu:1.0,loss_recon:0.039191

11800-loss_z:11.256358,accu:0.64557,loss_recon:0.115725

12000-loss_z:0.020197,accu:1.0,loss_recon:0.038724

12000-loss_z:11.51008,accu:0.658228,loss_recon:0.113988

12200-loss_z:0.018421,accu:1.0,loss_recon:0.038509

12200-loss_z:11.722874,accu:0.658228,loss_recon:0.112238

12400-loss_z:0.016848,accu:1.0,loss_recon:0.039024

12400-loss_z:11.956037,accu:0.64557,loss_recon:0.115039

12600-loss_z:0.015527,accu:1.0,loss_recon:0.039037

12600-loss_z:12.227964,accu:0.64557,loss_recon:0.115436

12800-loss_z:0.01433,accu:1.0,loss_recon:0.038399

12800-loss_z:12.50626,accu:0.64557,loss_recon:0.114592

13000-loss_z:0.012872,accu:1.0,loss_recon:0.038918

13000-loss_z:12.812755,accu:0.64557,loss_recon:0.114115

13200-loss_z:0.01171,accu:1.0,loss_recon:0.038754

13200-loss_z:13.109125,accu:0.64557,loss_recon:0.117291

13400-loss_z:0.010743,accu:1.0,loss_recon:0.038802

13400-loss_z:13.452312,accu:0.64557,loss_recon:0.116661

13600-loss_z:0.009787,accu:1.0,loss_recon:0.039112

13600-loss_z:13.766384,accu:0.64557,loss_recon:0.115217

13800-loss_z:0.008886,accu:1.0,loss_recon:0.038754

13800-loss_z:14.095407,accu:0.64557,loss_recon:0.114565

14000-loss_z:0.008011,accu:1.0,loss_recon:0.039331

14000-loss_z:14.459751,accu:0.658228,loss_recon:0.115253

14200-loss_z:0.007464,accu:1.0,loss_recon:0.038849

14200-loss_z:14.758179,accu:0.658228,loss_recon:0.116954

14400-loss_z:0.006642,accu:1.0,loss_recon:0.038598

14400-loss_z:15.133406,accu:0.670886,loss_recon:0.116065

14600-loss_z:0.006161,accu:1.0,loss_recon:0.038928

14600-loss_z:15.444084,accu:0.670886,loss_recon:0.114012

14800-loss_z:0.005622,accu:1.0,loss_recon:0.039323

14800-loss_z:15.80896,accu:0.670886,loss_recon:0.114026

15000-loss_z:0.005014,accu:1.0,loss_recon:0.038943

15000-loss_z:16.188993,accu:0.670886,loss_recon:0.117983

15200-loss_z:0.004554,accu:1.0,loss_recon:0.038377

15200-loss_z:16.496527,accu:0.658228,loss_recon:0.113948

15400-loss_z:0.004215,accu:1.0,loss_recon:0.03828

15400-loss_z:16.869949,accu:0.670886,loss_recon:0.116481

15600-loss_z:0.003786,accu:1.0,loss_recon:0.038555

15600-loss_z:17.220383,accu:0.658228,loss_recon:0.115196

15800-loss_z:0.003398,accu:1.0,loss_recon:0.03861

15800-loss_z:17.55545,accu:0.658228,loss_recon:0.117482

16000-loss_z:0.00315,accu:1.0,loss_recon:0.038604

16000-loss_z:17.904398,accu:0.670886,loss_recon:0.113255

16200-loss_z:0.002822,accu:1.0,loss_recon:0.038126

16200-loss_z:18.30361,accu:0.670886,loss_recon:0.116841

16400-loss_z:0.002573,accu:1.0,loss_recon:0.038623

16400-loss_z:18.709997,accu:0.683544,loss_recon:0.114873

16600-loss_z:0.002307,accu:1.0,loss_recon:0.038255

16600-loss_z:19.075909,accu:0.670886,loss_recon:0.117149

16800-loss_z:0.002114,accu:1.0,loss_recon:0.038182

16800-loss_z:19.418901,accu:0.670886,loss_recon:0.117312

17000-loss_z:0.001878,accu:1.0,loss_recon:0.037916

17000-loss_z:19.782396,accu:0.670886,loss_recon:0.117718

17200-loss_z:0.001693,accu:1.0,loss_recon:0.038677

17200-loss_z:20.14319,accu:0.683544,loss_recon:0.114481

17400-loss_z:0.001574,accu:1.0,loss_recon:0.037985

17400-loss_z:20.55172,accu:0.683544,loss_recon:0.114747

17600-loss_z:0.001393,accu:1.0,loss_recon:0.038242

17600-loss_z:20.961878,accu:0.658228,loss_recon:0.114239

17800-loss_z:0.001253,accu:1.0,loss_recon:0.038247

17800-loss_z:21.356628,accu:0.670886,loss_recon:0.115998

18000-loss_z:0.001146,accu:1.0,loss_recon:0.038284

18000-loss_z:21.665434,accu:0.64557,loss_recon:0.113145

18200-loss_z:0.001033,accu:1.0,loss_recon:0.037686

18200-loss_z:22.025841,accu:0.658228,loss_recon:0.110289

18400-loss_z:0.000926,accu:1.0,loss_recon:0.038462

18400-loss_z:22.350908,accu:0.64557,loss_recon:0.112999

18600-loss_z:0.000823,accu:1.0,loss_recon:0.037819

18600-loss_z:22.648109,accu:0.64557,loss_recon:0.113768

18800-loss_z:0.000746,accu:1.0,loss_recon:0.037855

18800-loss_z:22.97183,accu:0.632911,loss_recon:0.110519

19000-loss_z:0.000677,accu:1.0,loss_recon:0.037907

19000-loss_z:23.318335,accu:0.632911,loss_recon:0.109748

19200-loss_z:0.000598,accu:1.0,loss_recon:0.03822

19200-loss_z:23.60923,accu:0.607595,loss_recon:0.112586

19400-loss_z:0.000543,accu:1.0,loss_recon:0.037671

19400-loss_z:23.925776,accu:0.607595,loss_recon:0.107881

19600-loss_z:0.000484,accu:1.0,loss_recon:0.037915

19600-loss_z:24.195805,accu:0.620253,loss_recon:0.11302

19800-loss_z:0.00044,accu:1.0,loss_recon:0.03806

19800-loss_z:24.536985,accu:0.620253,loss_recon:0.110466

20000-loss_z:0.000398,accu:1.0,loss_recon:0.038017

20000-loss_z:24.817322,accu:0.620253,loss_recon:0.10903

Continue training
New FC model is initialized
200-loss_z:2.607022,accu:0.149662,loss_recon:1.185924

200-loss_z:2.687038,accu:0.075949,loss_recon:0.674812

400-loss_z:1.918332,accu:0.357819,loss_recon:0.597222

400-loss_z:2.537367,accu:0.151899,loss_recon:0.415908

600-loss_z:1.497794,accu:0.536478,loss_recon:0.338888

600-loss_z:2.400346,accu:0.21519,loss_recon:0.297924

800-loss_z:1.227107,accu:0.632031,loss_recon:0.225582

800-loss_z:2.331138,accu:0.265823,loss_recon:0.238322

1000-loss_z:1.045137,accu:0.700716,loss_recon:0.164065

1000-loss_z:2.303347,accu:0.291139,loss_recon:0.201244

1200-loss_z:0.91091,accu:0.759714,loss_recon:0.1305

1200-loss_z:2.301646,accu:0.303797,loss_recon:0.177683

1400-loss_z:0.811448,accu:0.802051,loss_recon:0.113585

1400-loss_z:2.277971,accu:0.341772,loss_recon:0.16612

1600-loss_z:0.733928,accu:0.826914,loss_recon:0.100631

1600-loss_z:2.288,accu:0.392405,loss_recon:0.15027

1800-loss_z:0.662527,accu:0.854284,loss_recon:0.090663

1800-loss_z:2.32542,accu:0.443038,loss_recon:0.139414

2000-loss_z:0.603384,accu:0.884544,loss_recon:0.080392

2000-loss_z:2.379991,accu:0.468354,loss_recon:0.13153

2200-loss_z:0.551536,accu:0.904277,loss_recon:0.073583

2200-loss_z:2.42767,accu:0.506329,loss_recon:0.127568

2400-loss_z:0.501522,accu:0.926198,loss_recon:0.071057

2400-loss_z:2.508851,accu:0.481013,loss_recon:0.121541

2600-loss_z:0.46261,accu:0.939681,loss_recon:0.065455

2600-loss_z:2.572886,accu:0.481013,loss_recon:0.11556

2800-loss_z:0.425097,accu:0.958848,loss_recon:0.062827

2800-loss_z:2.627726,accu:0.481013,loss_recon:0.114225

3000-loss_z:0.392734,accu:0.965866,loss_recon:0.06046

3000-loss_z:2.696398,accu:0.506329,loss_recon:0.113475

3200-loss_z:0.360757,accu:0.972832,loss_recon:0.059501

3200-loss_z:2.745004,accu:0.506329,loss_recon:0.110467

3400-loss_z:0.333168,accu:0.97957,loss_recon:0.058474

3400-loss_z:2.802023,accu:0.493671,loss_recon:0.107874

3600-loss_z:0.307379,accu:0.987194,loss_recon:0.057554

3600-loss_z:2.877282,accu:0.493671,loss_recon:0.105791

3800-loss_z:0.284166,accu:0.988431,loss_recon:0.056686

3800-loss_z:2.937733,accu:0.506329,loss_recon:0.10962

4000-loss_z:0.262063,accu:0.989095,loss_recon:0.056618

4000-loss_z:3.060987,accu:0.531646,loss_recon:0.110895

4200-loss_z:0.243574,accu:0.991217,loss_recon:0.055042

4200-loss_z:3.149638,accu:0.544304,loss_recon:0.106408

4400-loss_z:0.224525,accu:0.993483,loss_recon:0.055133

4400-loss_z:3.236544,accu:0.518987,loss_recon:0.105995

4600-loss_z:0.206422,accu:0.993646,loss_recon:0.053814

4600-loss_z:3.326327,accu:0.518987,loss_recon:0.106026

4800-loss_z:0.191791,accu:0.994544,loss_recon:0.052978

4800-loss_z:3.449894,accu:0.506329,loss_recon:0.105948

5000-loss_z:0.177845,accu:0.997552,loss_recon:0.050753

5000-loss_z:3.554113,accu:0.544304,loss_recon:0.106946

5200-loss_z:0.162923,accu:0.999264,loss_recon:0.050137

5200-loss_z:3.668668,accu:0.493671,loss_recon:0.107431

5400-loss_z:0.151059,accu:0.999486,loss_recon:0.049733

5400-loss_z:3.803546,accu:0.518987,loss_recon:0.106847

5600-loss_z:0.138793,accu:0.999323,loss_recon:0.048605

5600-loss_z:3.944662,accu:0.518987,loss_recon:0.108057

5800-loss_z:0.128311,accu:1.0,loss_recon:0.048427

5800-loss_z:4.047598,accu:0.531646,loss_recon:0.107029

6000-loss_z:0.118871,accu:0.999779,loss_recon:0.048597

6000-loss_z:4.179321,accu:0.544304,loss_recon:0.108402

6200-loss_z:0.109648,accu:1.0,loss_recon:0.047794

6200-loss_z:4.321088,accu:0.518987,loss_recon:0.1068

6400-loss_z:0.100565,accu:1.0,loss_recon:0.04696

6400-loss_z:4.456413,accu:0.531646,loss_recon:0.108413

6600-loss_z:0.092103,accu:1.0,loss_recon:0.046851

6600-loss_z:4.558866,accu:0.531646,loss_recon:0.109943

6800-loss_z:0.08439,accu:1.0,loss_recon:0.04663

6800-loss_z:4.655913,accu:0.544304,loss_recon:0.109433

7000-loss_z:0.077853,accu:1.0,loss_recon:0.045508

7000-loss_z:4.780349,accu:0.582278,loss_recon:0.107023

7200-loss_z:0.071263,accu:1.0,loss_recon:0.045519

7200-loss_z:4.867959,accu:0.556962,loss_recon:0.109287

7400-loss_z:0.065033,accu:1.0,loss_recon:0.045234

7400-loss_z:4.961228,accu:0.556962,loss_recon:0.107828

7600-loss_z:0.060224,accu:1.0,loss_recon:0.04459

7600-loss_z:5.066138,accu:0.556962,loss_recon:0.111297

7800-loss_z:0.054399,accu:1.0,loss_recon:0.04379

7800-loss_z:5.173988,accu:0.544304,loss_recon:0.107627

8000-loss_z:0.049826,accu:1.0,loss_recon:0.04303

8000-loss_z:5.278438,accu:0.544304,loss_recon:0.105853

8200-loss_z:0.046353,accu:1.0,loss_recon:0.042192

8200-loss_z:5.383576,accu:0.56962,loss_recon:0.105462

8400-loss_z:0.042104,accu:1.0,loss_recon:0.042041

8400-loss_z:5.490891,accu:0.56962,loss_recon:0.103538

8600-loss_z:0.038115,accu:1.0,loss_recon:0.041396

8600-loss_z:5.562344,accu:0.556962,loss_recon:0.104475

8800-loss_z:0.034725,accu:1.0,loss_recon:0.041339

8800-loss_z:5.653322,accu:0.556962,loss_recon:0.103434

9000-loss_z:0.031739,accu:1.0,loss_recon:0.040761

9000-loss_z:5.752608,accu:0.56962,loss_recon:0.101862

9200-loss_z:0.029037,accu:1.0,loss_recon:0.040575

9200-loss_z:5.852852,accu:0.56962,loss_recon:0.100254

9400-loss_z:0.026112,accu:1.0,loss_recon:0.040075

9400-loss_z:5.944525,accu:0.594937,loss_recon:0.099314

9600-loss_z:0.023691,accu:1.0,loss_recon:0.039777

9600-loss_z:6.038569,accu:0.582278,loss_recon:0.098347

9800-loss_z:0.021606,accu:1.0,loss_recon:0.040034

9800-loss_z:6.099853,accu:0.594937,loss_recon:0.099197

10000-loss_z:0.019485,accu:1.0,loss_recon:0.039288

10000-loss_z:6.217557,accu:0.594937,loss_recon:0.096064

10200-loss_z:0.017493,accu:1.0,loss_recon:0.039248

10200-loss_z:6.327092,accu:0.582278,loss_recon:0.096833

10400-loss_z:0.015849,accu:1.0,loss_recon:0.039088

10400-loss_z:6.417949,accu:0.594937,loss_recon:0.098386

10600-loss_z:0.014259,accu:1.0,loss_recon:0.038798

10600-loss_z:6.571394,accu:0.594937,loss_recon:0.095227

10800-loss_z:0.012945,accu:1.0,loss_recon:0.038502

10800-loss_z:6.656719,accu:0.594937,loss_recon:0.095849

11000-loss_z:0.01153,accu:1.0,loss_recon:0.038295

11000-loss_z:6.714471,accu:0.594937,loss_recon:0.09879

11200-loss_z:0.010535,accu:1.0,loss_recon:0.03795

11200-loss_z:6.817485,accu:0.607595,loss_recon:0.097856

11400-loss_z:0.009331,accu:1.0,loss_recon:0.037916

11400-loss_z:6.923689,accu:0.607595,loss_recon:0.097927

11600-loss_z:0.008427,accu:1.0,loss_recon:0.037848

11600-loss_z:7.011396,accu:0.594937,loss_recon:0.099209

11800-loss_z:0.007579,accu:1.0,loss_recon:0.037635

11800-loss_z:7.083555,accu:0.607595,loss_recon:0.099492

12000-loss_z:0.006667,accu:1.0,loss_recon:0.03753

12000-loss_z:7.164983,accu:0.607595,loss_recon:0.100237

12200-loss_z:0.006059,accu:1.0,loss_recon:0.037092

12200-loss_z:7.26115,accu:0.607595,loss_recon:0.100192

12400-loss_z:0.005376,accu:1.0,loss_recon:0.03756

12400-loss_z:7.38976,accu:0.607595,loss_recon:0.102539

12600-loss_z:0.004831,accu:1.0,loss_recon:0.037286

12600-loss_z:7.464594,accu:0.607595,loss_recon:0.100927

12800-loss_z:0.004318,accu:1.0,loss_recon:0.037373

12800-loss_z:7.571538,accu:0.607595,loss_recon:0.102228

13000-loss_z:0.003828,accu:1.0,loss_recon:0.036937

13000-loss_z:7.663293,accu:0.607595,loss_recon:0.101317

13200-loss_z:0.00348,accu:1.0,loss_recon:0.036945

13200-loss_z:7.776292,accu:0.620253,loss_recon:0.100946

13400-loss_z:0.00306,accu:1.0,loss_recon:0.037001

13400-loss_z:7.905181,accu:0.620253,loss_recon:0.100906

13600-loss_z:0.002768,accu:1.0,loss_recon:0.036742

13600-loss_z:8.020538,accu:0.607595,loss_recon:0.103551

13800-loss_z:0.002441,accu:1.0,loss_recon:0.036306

13800-loss_z:8.126094,accu:0.607595,loss_recon:0.101417

14000-loss_z:0.002162,accu:1.0,loss_recon:0.036649

14000-loss_z:8.231887,accu:0.607595,loss_recon:0.104027

14200-loss_z:0.001897,accu:1.0,loss_recon:0.036463

14200-loss_z:8.351058,accu:0.594937,loss_recon:0.102798

14400-loss_z:0.001754,accu:1.0,loss_recon:0.036534

14400-loss_z:8.464577,accu:0.607595,loss_recon:0.102245

14600-loss_z:0.001538,accu:1.0,loss_recon:0.036594

14600-loss_z:8.582651,accu:0.607595,loss_recon:0.103028

14800-loss_z:0.001347,accu:1.0,loss_recon:0.036286

14800-loss_z:8.666458,accu:0.607595,loss_recon:0.104594

15000-loss_z:0.001218,accu:1.0,loss_recon:0.036604

15000-loss_z:8.762323,accu:0.607595,loss_recon:0.105732

15200-loss_z:0.001064,accu:1.0,loss_recon:0.036399

15200-loss_z:8.868002,accu:0.607595,loss_recon:0.105178

15400-loss_z:0.000943,accu:1.0,loss_recon:0.036206

15400-loss_z:8.954897,accu:0.607595,loss_recon:0.103105

15600-loss_z:0.000845,accu:1.0,loss_recon:0.036679

15600-loss_z:9.056911,accu:0.607595,loss_recon:0.10537

15800-loss_z:0.000742,accu:1.0,loss_recon:0.035955

15800-loss_z:9.136483,accu:0.620253,loss_recon:0.102767

16000-loss_z:0.000649,accu:1.0,loss_recon:0.036583

16000-loss_z:9.249599,accu:0.607595,loss_recon:0.105299

16200-loss_z:0.000584,accu:1.0,loss_recon:0.036225

16200-loss_z:9.376775,accu:0.594937,loss_recon:0.103586

16400-loss_z:0.00051,accu:1.0,loss_recon:0.036031

16400-loss_z:9.464706,accu:0.594937,loss_recon:0.103367

16600-loss_z:0.00046,accu:1.0,loss_recon:0.036316

16600-loss_z:9.594818,accu:0.594937,loss_recon:0.104253

16800-loss_z:0.000393,accu:1.0,loss_recon:0.036191

16800-loss_z:9.712658,accu:0.594937,loss_recon:0.10706

17000-loss_z:0.000357,accu:1.0,loss_recon:0.036079

17000-loss_z:9.846168,accu:0.594937,loss_recon:0.105621

17200-loss_z:0.000308,accu:1.0,loss_recon:0.035702

17200-loss_z:9.974796,accu:0.594937,loss_recon:0.108784

17400-loss_z:0.000267,accu:1.0,loss_recon:0.035943

17400-loss_z:10.060193,accu:0.594937,loss_recon:0.106538

17600-loss_z:0.00024,accu:1.0,loss_recon:0.036024

17600-loss_z:10.181342,accu:0.594937,loss_recon:0.107125

17800-loss_z:0.000213,accu:1.0,loss_recon:0.035208

17800-loss_z:10.294965,accu:0.594937,loss_recon:0.107767

18000-loss_z:0.000189,accu:1.0,loss_recon:0.03583

18000-loss_z:10.415292,accu:0.607595,loss_recon:0.109934

18200-loss_z:0.000162,accu:1.0,loss_recon:0.03556

18200-loss_z:10.534978,accu:0.607595,loss_recon:0.109207

18400-loss_z:0.000145,accu:1.0,loss_recon:0.035581

18400-loss_z:10.657493,accu:0.607595,loss_recon:0.112441

18600-loss_z:0.000126,accu:1.0,loss_recon:0.035278

18600-loss_z:10.754354,accu:0.594937,loss_recon:0.110271

18800-loss_z:0.000112,accu:1.0,loss_recon:0.035141

18800-loss_z:10.867457,accu:0.594937,loss_recon:0.112586

19000-loss_z:9.8e-05,accu:1.0,loss_recon:0.035296

19000-loss_z:10.975896,accu:0.582278,loss_recon:0.108544

19200-loss_z:8.7e-05,accu:1.0,loss_recon:0.034989

19200-loss_z:11.12068,accu:0.582278,loss_recon:0.10991

19400-loss_z:7.6e-05,accu:1.0,loss_recon:0.03502

19400-loss_z:11.263337,accu:0.582278,loss_recon:0.110867

19600-loss_z:6.6e-05,accu:1.0,loss_recon:0.034989

19600-loss_z:11.354752,accu:0.582278,loss_recon:0.109958

19800-loss_z:5.7e-05,accu:1.0,loss_recon:0.035096

19800-loss_z:11.497815,accu:0.582278,loss_recon:0.111499

20000-loss_z:5e-05,accu:1.0,loss_recon:0.034832

20000-loss_z:11.635088,accu:0.582278,loss_recon:0.114471

Continue training
New FC model is initialized
200-loss_z:2.623778,accu:0.17297,loss_recon:1.210404

200-loss_z:2.709407,accu:0.063291,loss_recon:0.763033

400-loss_z:1.918901,accu:0.361628,loss_recon:0.601809

400-loss_z:2.526786,accu:0.101266,loss_recon:0.588951

600-loss_z:1.510567,accu:0.530892,loss_recon:0.494493

600-loss_z:2.377525,accu:0.151899,loss_recon:0.512562

800-loss_z:1.276253,accu:0.616309,loss_recon:0.392975

800-loss_z:2.317035,accu:0.21519,loss_recon:0.428271

1000-loss_z:1.116437,accu:0.686152,loss_recon:0.313588

1000-loss_z:2.295561,accu:0.227848,loss_recon:0.352955

1200-loss_z:0.992695,accu:0.729948,loss_recon:0.24938

1200-loss_z:2.295215,accu:0.240506,loss_recon:0.297665

1400-loss_z:0.889595,accu:0.778138,loss_recon:0.207183

1400-loss_z:2.2892,accu:0.291139,loss_recon:0.263898

1600-loss_z:0.807321,accu:0.825892,loss_recon:0.181735

1600-loss_z:2.285779,accu:0.35443,loss_recon:0.242297

1800-loss_z:0.734046,accu:0.841719,loss_recon:0.16592

1800-loss_z:2.313517,accu:0.367089,loss_recon:0.222325

2000-loss_z:0.667627,accu:0.865547,loss_recon:0.155661

2000-loss_z:2.342007,accu:0.392405,loss_recon:0.214357

2200-loss_z:0.61621,accu:0.883281,loss_recon:0.146355

2200-loss_z:2.383494,accu:0.379747,loss_recon:0.20169

2400-loss_z:0.566395,accu:0.900026,loss_recon:0.135937

2400-loss_z:2.42436,accu:0.417722,loss_recon:0.189043

2600-loss_z:0.522799,accu:0.907435,loss_recon:0.126735

2600-loss_z:2.463238,accu:0.443038,loss_recon:0.176987

2800-loss_z:0.483911,accu:0.924154,loss_recon:0.121658

2800-loss_z:2.524916,accu:0.43038,loss_recon:0.172441

3000-loss_z:0.450152,accu:0.935749,loss_recon:0.113538

3000-loss_z:2.568999,accu:0.43038,loss_recon:0.1674

3200-loss_z:0.416993,accu:0.943659,loss_recon:0.110335

3200-loss_z:2.626653,accu:0.455696,loss_recon:0.164633

3400-loss_z:0.388332,accu:0.952813,loss_recon:0.106708

3400-loss_z:2.661999,accu:0.481013,loss_recon:0.159784

3600-loss_z:0.359857,accu:0.96362,loss_recon:0.10292

3600-loss_z:2.722106,accu:0.455696,loss_recon:0.158381

3800-loss_z:0.334445,accu:0.967526,loss_recon:0.100883

3800-loss_z:2.775795,accu:0.468354,loss_recon:0.159909

4000-loss_z:0.308035,accu:0.973405,loss_recon:0.100418

4000-loss_z:2.795654,accu:0.518987,loss_recon:0.154664

4200-loss_z:0.2869,accu:0.978815,loss_recon:0.097196

4200-loss_z:2.885049,accu:0.518987,loss_recon:0.154674

4400-loss_z:0.267415,accu:0.981055,loss_recon:0.095274

4400-loss_z:2.948499,accu:0.518987,loss_recon:0.150197

4600-loss_z:0.247383,accu:0.988008,loss_recon:0.092638

4600-loss_z:3.019261,accu:0.468354,loss_recon:0.150163

4800-loss_z:0.231279,accu:0.990918,loss_recon:0.091972

4800-loss_z:3.090042,accu:0.493671,loss_recon:0.148848

5000-loss_z:0.21409,accu:0.989883,loss_recon:0.092166

5000-loss_z:3.157355,accu:0.493671,loss_recon:0.146113

5200-loss_z:0.199355,accu:0.993145,loss_recon:0.090855

5200-loss_z:3.233433,accu:0.468354,loss_recon:0.141729

5400-loss_z:0.185206,accu:0.994948,loss_recon:0.089043

5400-loss_z:3.360891,accu:0.481013,loss_recon:0.139479

5600-loss_z:0.172935,accu:0.99526,loss_recon:0.089508

5600-loss_z:3.466659,accu:0.481013,loss_recon:0.141393

5800-loss_z:0.160245,accu:0.995749,loss_recon:0.088606

5800-loss_z:3.534249,accu:0.493671,loss_recon:0.139174

6000-loss_z:0.149897,accu:0.997409,loss_recon:0.088842

6000-loss_z:3.628749,accu:0.493671,loss_recon:0.133463

6200-loss_z:0.140682,accu:0.997018,loss_recon:0.087252

6200-loss_z:3.730948,accu:0.481013,loss_recon:0.135232

6400-loss_z:0.131575,accu:0.998945,loss_recon:0.086897

6400-loss_z:3.872055,accu:0.468354,loss_recon:0.135971

6600-loss_z:0.122296,accu:0.998672,loss_recon:0.086314

6600-loss_z:3.988116,accu:0.481013,loss_recon:0.140182

6800-loss_z:0.113444,accu:0.999427,loss_recon:0.086206

6800-loss_z:4.135722,accu:0.481013,loss_recon:0.134369

7000-loss_z:0.104331,accu:1.0,loss_recon:0.08507

7000-loss_z:4.248143,accu:0.506329,loss_recon:0.140701

7200-loss_z:0.097502,accu:0.99957,loss_recon:0.085039

7200-loss_z:4.371057,accu:0.506329,loss_recon:0.137533

7400-loss_z:0.091325,accu:0.999733,loss_recon:0.085443

7400-loss_z:4.509082,accu:0.481013,loss_recon:0.136768

7600-loss_z:0.084695,accu:1.0,loss_recon:0.084954

7600-loss_z:4.650408,accu:0.493671,loss_recon:0.133592

7800-loss_z:0.078723,accu:1.0,loss_recon:0.084066

7800-loss_z:4.781369,accu:0.506329,loss_recon:0.135458

8000-loss_z:0.073134,accu:1.0,loss_recon:0.082954

8000-loss_z:4.938282,accu:0.481013,loss_recon:0.135654

8200-loss_z:0.068352,accu:1.0,loss_recon:0.083488

8200-loss_z:5.069245,accu:0.493671,loss_recon:0.135274

8400-loss_z:0.063494,accu:1.0,loss_recon:0.082448

8400-loss_z:5.184351,accu:0.481013,loss_recon:0.136582

8600-loss_z:0.058524,accu:1.0,loss_recon:0.083556

8600-loss_z:5.35441,accu:0.518987,loss_recon:0.139146

8800-loss_z:0.053938,accu:1.0,loss_recon:0.080442

8800-loss_z:5.509238,accu:0.518987,loss_recon:0.140686

9000-loss_z:0.049853,accu:1.0,loss_recon:0.081546

9000-loss_z:5.699021,accu:0.506329,loss_recon:0.139543

9200-loss_z:0.045841,accu:1.0,loss_recon:0.080293

9200-loss_z:5.854278,accu:0.506329,loss_recon:0.139572

9400-loss_z:0.042933,accu:1.0,loss_recon:0.08063

9400-loss_z:5.989064,accu:0.518987,loss_recon:0.145768

9600-loss_z:0.039292,accu:1.0,loss_recon:0.081509

9600-loss_z:6.122028,accu:0.518987,loss_recon:0.143741

9800-loss_z:0.036581,accu:1.0,loss_recon:0.079764

9800-loss_z:6.280766,accu:0.531646,loss_recon:0.1493

10000-loss_z:0.033571,accu:1.0,loss_recon:0.078209

10000-loss_z:6.470329,accu:0.518987,loss_recon:0.146258

10200-loss_z:0.03105,accu:1.0,loss_recon:0.078542

10200-loss_z:6.619076,accu:0.544304,loss_recon:0.152829

10400-loss_z:0.028637,accu:1.0,loss_recon:0.079856

10400-loss_z:6.814517,accu:0.544304,loss_recon:0.154383

10600-loss_z:0.025973,accu:1.0,loss_recon:0.078564

10600-loss_z:6.973203,accu:0.518987,loss_recon:0.149475

10800-loss_z:0.023928,accu:1.0,loss_recon:0.077747

10800-loss_z:7.146103,accu:0.531646,loss_recon:0.1507

11000-loss_z:0.021652,accu:1.0,loss_recon:0.077654

11000-loss_z:7.328672,accu:0.531646,loss_recon:0.155394

11200-loss_z:0.019878,accu:1.0,loss_recon:0.076586

11200-loss_z:7.523726,accu:0.531646,loss_recon:0.149033

11400-loss_z:0.018055,accu:1.0,loss_recon:0.076365

11400-loss_z:7.670024,accu:0.531646,loss_recon:0.146025

11600-loss_z:0.016483,accu:1.0,loss_recon:0.077046

11600-loss_z:7.867673,accu:0.531646,loss_recon:0.150468

11800-loss_z:0.015299,accu:1.0,loss_recon:0.076798

11800-loss_z:8.034572,accu:0.531646,loss_recon:0.149785

12000-loss_z:0.013838,accu:1.0,loss_recon:0.076157

12000-loss_z:8.218085,accu:0.531646,loss_recon:0.153572

12200-loss_z:0.012673,accu:1.0,loss_recon:0.076114

12200-loss_z:8.415041,accu:0.518987,loss_recon:0.149462

12400-loss_z:0.011566,accu:1.0,loss_recon:0.07636

12400-loss_z:8.63728,accu:0.506329,loss_recon:0.150948

12600-loss_z:0.010489,accu:1.0,loss_recon:0.076126

12600-loss_z:8.786248,accu:0.518987,loss_recon:0.151775

12800-loss_z:0.009587,accu:1.0,loss_recon:0.076495

12800-loss_z:8.992014,accu:0.506329,loss_recon:0.150817

13000-loss_z:0.008686,accu:1.0,loss_recon:0.076641

13000-loss_z:9.193196,accu:0.506329,loss_recon:0.153892

13200-loss_z:0.007861,accu:1.0,loss_recon:0.074898

13200-loss_z:9.387864,accu:0.506329,loss_recon:0.152491

13400-loss_z:0.007227,accu:1.0,loss_recon:0.073437

13400-loss_z:9.563125,accu:0.506329,loss_recon:0.153871

13600-loss_z:0.006497,accu:1.0,loss_recon:0.073446

13600-loss_z:9.816399,accu:0.506329,loss_recon:0.153451

13800-loss_z:0.005975,accu:1.0,loss_recon:0.073305

13800-loss_z:9.967546,accu:0.506329,loss_recon:0.151103

14000-loss_z:0.005317,accu:1.0,loss_recon:0.073206

14000-loss_z:10.155644,accu:0.506329,loss_recon:0.151707

14200-loss_z:0.004935,accu:1.0,loss_recon:0.071909

14200-loss_z:10.311895,accu:0.506329,loss_recon:0.15218

14400-loss_z:0.00444,accu:1.0,loss_recon:0.072047

14400-loss_z:10.511787,accu:0.506329,loss_recon:0.152529

14600-loss_z:0.004031,accu:1.0,loss_recon:0.07029

14600-loss_z:10.697559,accu:0.506329,loss_recon:0.151055

14800-loss_z:0.003598,accu:1.0,loss_recon:0.069014

14800-loss_z:10.901967,accu:0.518987,loss_recon:0.152214

15000-loss_z:0.003353,accu:1.0,loss_recon:0.067477

15000-loss_z:11.112897,accu:0.518987,loss_recon:0.153652

15200-loss_z:0.002973,accu:1.0,loss_recon:0.06504

15200-loss_z:11.256314,accu:0.518987,loss_recon:0.158683

15400-loss_z:0.00267,accu:1.0,loss_recon:0.064564

15400-loss_z:11.477151,accu:0.518987,loss_recon:0.157363

15600-loss_z:0.002426,accu:1.0,loss_recon:0.06359

15600-loss_z:11.650256,accu:0.518987,loss_recon:0.15116

15800-loss_z:0.002205,accu:1.0,loss_recon:0.060999

15800-loss_z:11.847538,accu:0.518987,loss_recon:0.15822

16000-loss_z:0.001991,accu:1.0,loss_recon:0.059433

16000-loss_z:11.995883,accu:0.518987,loss_recon:0.162071

16200-loss_z:0.001776,accu:1.0,loss_recon:0.057804

16200-loss_z:12.22818,accu:0.518987,loss_recon:0.165623

16400-loss_z:0.001645,accu:1.0,loss_recon:0.058336

16400-loss_z:12.405776,accu:0.518987,loss_recon:0.162492

16600-loss_z:0.00147,accu:1.0,loss_recon:0.056416

16600-loss_z:12.586037,accu:0.518987,loss_recon:0.164667

16800-loss_z:0.001332,accu:1.0,loss_recon:0.056944

16800-loss_z:12.79445,accu:0.518987,loss_recon:0.16679

17000-loss_z:0.001187,accu:1.0,loss_recon:0.056105

17000-loss_z:12.983996,accu:0.518987,loss_recon:0.165912

17200-loss_z:0.001085,accu:1.0,loss_recon:0.056094

17200-loss_z:13.156,accu:0.518987,loss_recon:0.163369

17400-loss_z:0.000977,accu:1.0,loss_recon:0.054888

17400-loss_z:13.345489,accu:0.518987,loss_recon:0.167359

17600-loss_z:0.00088,accu:1.0,loss_recon:0.055425

17600-loss_z:13.520226,accu:0.518987,loss_recon:0.167077

17800-loss_z:0.000793,accu:1.0,loss_recon:0.054744

17800-loss_z:13.717565,accu:0.518987,loss_recon:0.165267

18000-loss_z:0.000711,accu:1.0,loss_recon:0.05465

18000-loss_z:13.897535,accu:0.518987,loss_recon:0.171598

18200-loss_z:0.000642,accu:1.0,loss_recon:0.054142

18200-loss_z:14.070596,accu:0.518987,loss_recon:0.163759

18400-loss_z:0.000579,accu:1.0,loss_recon:0.054342

18400-loss_z:14.264619,accu:0.518987,loss_recon:0.164994

18600-loss_z:0.000516,accu:1.0,loss_recon:0.053704

18600-loss_z:14.443548,accu:0.531646,loss_recon:0.164942

18800-loss_z:0.000473,accu:1.0,loss_recon:0.05389

18800-loss_z:14.663011,accu:0.544304,loss_recon:0.167012

19000-loss_z:0.000418,accu:1.0,loss_recon:0.054162

19000-loss_z:14.835247,accu:0.544304,loss_recon:0.165319

19200-loss_z:0.000381,accu:1.0,loss_recon:0.053826

19200-loss_z:15.057408,accu:0.544304,loss_recon:0.166648

19400-loss_z:0.000339,accu:1.0,loss_recon:0.052916

19400-loss_z:15.195746,accu:0.531646,loss_recon:0.16796

19600-loss_z:0.000306,accu:1.0,loss_recon:0.053273

19600-loss_z:15.37805,accu:0.544304,loss_recon:0.171266

19800-loss_z:0.000276,accu:1.0,loss_recon:0.052772

19800-loss_z:15.532217,accu:0.556962,loss_recon:0.168591

20000-loss_z:0.000244,accu:1.0,loss_recon:0.052125

20000-loss_z:15.732534,accu:0.544304,loss_recon:0.163532

Continue training
New FC model is initialized
200-loss_z:2.636263,accu:0.173333,loss_recon:1.02928

200-loss_z:2.676899,accu:0.050633,loss_recon:0.701704

400-loss_z:1.911705,accu:0.379655,loss_recon:0.518611

400-loss_z:2.413887,accu:0.126582,loss_recon:0.436998

600-loss_z:1.488871,accu:0.534987,loss_recon:0.334925

600-loss_z:2.304432,accu:0.177215,loss_recon:0.311656

800-loss_z:1.230806,accu:0.643776,loss_recon:0.228926

800-loss_z:2.255278,accu:0.21519,loss_recon:0.244945

1000-loss_z:1.057492,accu:0.714948,loss_recon:0.182101

1000-loss_z:2.214392,accu:0.291139,loss_recon:0.215345

1200-loss_z:0.931157,accu:0.769271,loss_recon:0.155039

1200-loss_z:2.146722,accu:0.341772,loss_recon:0.196162

1400-loss_z:0.833642,accu:0.810397,loss_recon:0.132409

1400-loss_z:2.092303,accu:0.379747,loss_recon:0.180531

1600-loss_z:0.748904,accu:0.842747,loss_recon:0.119883

1600-loss_z:2.06791,accu:0.405063,loss_recon:0.173935

1800-loss_z:0.68336,accu:0.862227,loss_recon:0.108533

1800-loss_z:2.052821,accu:0.443038,loss_recon:0.16169

2000-loss_z:0.623106,accu:0.88043,loss_recon:0.100787

2000-loss_z:2.055127,accu:0.443038,loss_recon:0.155551

2200-loss_z:0.569402,accu:0.901315,loss_recon:0.095092

2200-loss_z:2.04546,accu:0.443038,loss_recon:0.151079

2400-loss_z:0.528157,accu:0.91485,loss_recon:0.092232

2400-loss_z:2.038357,accu:0.468354,loss_recon:0.146295

2600-loss_z:0.483074,accu:0.93179,loss_recon:0.087625

2600-loss_z:2.042657,accu:0.455696,loss_recon:0.145801

2800-loss_z:0.448378,accu:0.939935,loss_recon:0.084924

2800-loss_z:2.071444,accu:0.506329,loss_recon:0.145229

3000-loss_z:0.415532,accu:0.955638,loss_recon:0.081473

3000-loss_z:2.056708,accu:0.531646,loss_recon:0.143005

3200-loss_z:0.384945,accu:0.961283,loss_recon:0.080765

3200-loss_z:2.084483,accu:0.531646,loss_recon:0.14309

3400-loss_z:0.35678,accu:0.968255,loss_recon:0.079037

3400-loss_z:2.117203,accu:0.544304,loss_recon:0.143329

3600-loss_z:0.333399,accu:0.967598,loss_recon:0.07725

3600-loss_z:2.11466,accu:0.556962,loss_recon:0.149302

3800-loss_z:0.307204,accu:0.979173,loss_recon:0.076313

3800-loss_z:2.149152,accu:0.582278,loss_recon:0.153199

4000-loss_z:0.2866,accu:0.982734,loss_recon:0.074929

4000-loss_z:2.152618,accu:0.582278,loss_recon:0.156226

4200-loss_z:0.267688,accu:0.987513,loss_recon:0.073489

4200-loss_z:2.173312,accu:0.556962,loss_recon:0.155534

4400-loss_z:0.248558,accu:0.993197,loss_recon:0.07183

4400-loss_z:2.199218,accu:0.594937,loss_recon:0.160863

4600-loss_z:0.230694,accu:0.994336,loss_recon:0.071073

4600-loss_z:2.232676,accu:0.594937,loss_recon:0.163549

4800-loss_z:0.216319,accu:0.999434,loss_recon:0.070128

4800-loss_z:2.245944,accu:0.620253,loss_recon:0.165676

5000-loss_z:0.199945,accu:0.998464,loss_recon:0.069206

5000-loss_z:2.302843,accu:0.620253,loss_recon:0.164919

5200-loss_z:0.185573,accu:0.998737,loss_recon:0.069392

5200-loss_z:2.340947,accu:0.64557,loss_recon:0.168772

5400-loss_z:0.17412,accu:0.998893,loss_recon:0.068944

5400-loss_z:2.362246,accu:0.658228,loss_recon:0.169395

5600-loss_z:0.162522,accu:0.999779,loss_recon:0.067603

5600-loss_z:2.441715,accu:0.64557,loss_recon:0.167916

5800-loss_z:0.150043,accu:1.0,loss_recon:0.067825

5800-loss_z:2.509881,accu:0.658228,loss_recon:0.163806

6000-loss_z:0.141037,accu:1.0,loss_recon:0.066294

6000-loss_z:2.625301,accu:0.64557,loss_recon:0.166398

6200-loss_z:0.128563,accu:0.999876,loss_recon:0.066313

6200-loss_z:2.771867,accu:0.64557,loss_recon:0.164314

6400-loss_z:0.121671,accu:1.0,loss_recon:0.065917

6400-loss_z:2.8991,accu:0.64557,loss_recon:0.167907

6600-loss_z:0.112107,accu:1.0,loss_recon:0.06624

6600-loss_z:3.027011,accu:0.658228,loss_recon:0.165255

6800-loss_z:0.105029,accu:1.0,loss_recon:0.065986

6800-loss_z:3.166383,accu:0.658228,loss_recon:0.168411

7000-loss_z:0.096366,accu:1.0,loss_recon:0.065157

7000-loss_z:3.283426,accu:0.658228,loss_recon:0.165873

7200-loss_z:0.089975,accu:1.0,loss_recon:0.064268

7200-loss_z:3.397224,accu:0.670886,loss_recon:0.165773

7400-loss_z:0.08524,accu:1.0,loss_recon:0.064184

7400-loss_z:3.551926,accu:0.670886,loss_recon:0.16868

7600-loss_z:0.077775,accu:1.0,loss_recon:0.063557

7600-loss_z:3.73544,accu:0.658228,loss_recon:0.167391

7800-loss_z:0.071721,accu:1.0,loss_recon:0.06313

7800-loss_z:3.971066,accu:0.670886,loss_recon:0.163934

8000-loss_z:0.065932,accu:1.0,loss_recon:0.06269

8000-loss_z:4.185138,accu:0.670886,loss_recon:0.162555

8200-loss_z:0.060582,accu:1.0,loss_recon:0.06205

8200-loss_z:4.349432,accu:0.658228,loss_recon:0.163958

8400-loss_z:0.056707,accu:1.0,loss_recon:0.061761

8400-loss_z:4.563997,accu:0.64557,loss_recon:0.166488

8600-loss_z:0.052809,accu:1.0,loss_recon:0.061188

8600-loss_z:4.679269,accu:0.670886,loss_recon:0.165242

8800-loss_z:0.048393,accu:1.0,loss_recon:0.060651

8800-loss_z:4.862469,accu:0.64557,loss_recon:0.161871

9000-loss_z:0.045316,accu:1.0,loss_recon:0.060604

9000-loss_z:5.0299,accu:0.64557,loss_recon:0.162843

9200-loss_z:0.041232,accu:1.0,loss_recon:0.059472

9200-loss_z:5.135658,accu:0.658228,loss_recon:0.151109

9400-loss_z:0.038384,accu:1.0,loss_recon:0.058821

9400-loss_z:5.247082,accu:0.632911,loss_recon:0.150405

9600-loss_z:0.034917,accu:1.0,loss_recon:0.058567

9600-loss_z:5.339481,accu:0.632911,loss_recon:0.151992

9800-loss_z:0.032026,accu:1.0,loss_recon:0.058231

9800-loss_z:5.416525,accu:0.64557,loss_recon:0.152216

10000-loss_z:0.029021,accu:1.0,loss_recon:0.056612

10000-loss_z:5.560345,accu:0.632911,loss_recon:0.147948

10200-loss_z:0.026617,accu:1.0,loss_recon:0.05706

10200-loss_z:5.663367,accu:0.632911,loss_recon:0.148231

10400-loss_z:0.024366,accu:1.0,loss_recon:0.056543

10400-loss_z:5.788695,accu:0.64557,loss_recon:0.1482

10600-loss_z:0.022329,accu:1.0,loss_recon:0.056251

10600-loss_z:5.908697,accu:0.64557,loss_recon:0.150059

10800-loss_z:0.020443,accu:1.0,loss_recon:0.055298

10800-loss_z:6.072464,accu:0.620253,loss_recon:0.142002

11000-loss_z:0.0185,accu:1.0,loss_recon:0.055089

11000-loss_z:6.214276,accu:0.620253,loss_recon:0.141055

11200-loss_z:0.01698,accu:1.0,loss_recon:0.053398

11200-loss_z:6.349062,accu:0.620253,loss_recon:0.136184

11400-loss_z:0.015471,accu:1.0,loss_recon:0.051513

11400-loss_z:6.491168,accu:0.620253,loss_recon:0.133416

11600-loss_z:0.014046,accu:1.0,loss_recon:0.051022

11600-loss_z:6.60346,accu:0.632911,loss_recon:0.130933

11800-loss_z:0.012654,accu:1.0,loss_recon:0.050049

11800-loss_z:6.758343,accu:0.620253,loss_recon:0.126254

12000-loss_z:0.011721,accu:1.0,loss_recon:0.049909

12000-loss_z:6.894398,accu:0.620253,loss_recon:0.12652

12200-loss_z:0.010396,accu:1.0,loss_recon:0.049205

12200-loss_z:7.015585,accu:0.620253,loss_recon:0.128335

12400-loss_z:0.009529,accu:1.0,loss_recon:0.047201

12400-loss_z:7.12899,accu:0.607595,loss_recon:0.125861

12600-loss_z:0.008682,accu:1.0,loss_recon:0.046672

12600-loss_z:7.292146,accu:0.620253,loss_recon:0.124178

12800-loss_z:0.007811,accu:1.0,loss_recon:0.045786

12800-loss_z:7.397017,accu:0.620253,loss_recon:0.12575

13000-loss_z:0.00699,accu:1.0,loss_recon:0.045711

13000-loss_z:7.512302,accu:0.607595,loss_recon:0.126762

13200-loss_z:0.006502,accu:1.0,loss_recon:0.045439

13200-loss_z:7.602554,accu:0.620253,loss_recon:0.125435

13400-loss_z:0.005877,accu:1.0,loss_recon:0.044394

13400-loss_z:7.745716,accu:0.620253,loss_recon:0.129005

13600-loss_z:0.00522,accu:1.0,loss_recon:0.044861

13600-loss_z:7.806435,accu:0.620253,loss_recon:0.126862

13800-loss_z:0.004753,accu:1.0,loss_recon:0.044225

13800-loss_z:7.933419,accu:0.620253,loss_recon:0.128999

14000-loss_z:0.004284,accu:1.0,loss_recon:0.044829

14000-loss_z:8.021327,accu:0.632911,loss_recon:0.131117

14200-loss_z:0.003941,accu:1.0,loss_recon:0.043581

14200-loss_z:8.144659,accu:0.632911,loss_recon:0.129485

14400-loss_z:0.003507,accu:1.0,loss_recon:0.044133

14400-loss_z:8.257818,accu:0.632911,loss_recon:0.128835

14600-loss_z:0.003139,accu:1.0,loss_recon:0.043611

14600-loss_z:8.341101,accu:0.632911,loss_recon:0.127834

14800-loss_z:0.002819,accu:1.0,loss_recon:0.043756

14800-loss_z:8.431867,accu:0.632911,loss_recon:0.131962

15000-loss_z:0.002589,accu:1.0,loss_recon:0.043386

15000-loss_z:8.745203,accu:0.632911,loss_recon:0.13133

15200-loss_z:0.002292,accu:1.0,loss_recon:0.043314

15200-loss_z:9.148851,accu:0.658228,loss_recon:0.129904

15400-loss_z:0.002074,accu:1.0,loss_recon:0.043413

15400-loss_z:9.489946,accu:0.632911,loss_recon:0.127718

15600-loss_z:0.001881,accu:1.0,loss_recon:0.04307

15600-loss_z:9.791451,accu:0.658228,loss_recon:0.129719

15800-loss_z:0.001676,accu:1.0,loss_recon:0.042942

15800-loss_z:10.106977,accu:0.64557,loss_recon:0.132248

16000-loss_z:0.001492,accu:1.0,loss_recon:0.043648

16000-loss_z:10.380479,accu:0.658228,loss_recon:0.130132

16200-loss_z:0.001342,accu:1.0,loss_recon:0.042855

16200-loss_z:10.661777,accu:0.632911,loss_recon:0.131418

16400-loss_z:0.001232,accu:1.0,loss_recon:0.042375

16400-loss_z:10.925402,accu:0.658228,loss_recon:0.133753

16600-loss_z:0.001075,accu:1.0,loss_recon:0.042628

16600-loss_z:11.164496,accu:0.64557,loss_recon:0.131982

16800-loss_z:0.000984,accu:1.0,loss_recon:0.042816

16800-loss_z:11.377142,accu:0.64557,loss_recon:0.132992

17000-loss_z:0.000879,accu:1.0,loss_recon:0.041823

17000-loss_z:11.622645,accu:0.64557,loss_recon:0.135316

17200-loss_z:0.000785,accu:1.0,loss_recon:0.04227

17200-loss_z:11.879994,accu:0.658228,loss_recon:0.13486

17400-loss_z:0.000704,accu:1.0,loss_recon:0.04201

17400-loss_z:12.110077,accu:0.64557,loss_recon:0.132113

17600-loss_z:0.000628,accu:1.0,loss_recon:0.041977

17600-loss_z:12.329693,accu:0.64557,loss_recon:0.132053

17800-loss_z:0.000573,accu:1.0,loss_recon:0.041872

17800-loss_z:12.531836,accu:0.64557,loss_recon:0.133889

18000-loss_z:0.000507,accu:1.0,loss_recon:0.041839

18000-loss_z:12.804323,accu:0.670886,loss_recon:0.130871

18200-loss_z:0.000454,accu:1.0,loss_recon:0.041609

18200-loss_z:13.011632,accu:0.64557,loss_recon:0.132255

18400-loss_z:0.000411,accu:1.0,loss_recon:0.042141

18400-loss_z:13.252626,accu:0.64557,loss_recon:0.133328

18600-loss_z:0.000365,accu:1.0,loss_recon:0.042077

18600-loss_z:13.451124,accu:0.64557,loss_recon:0.134306

18800-loss_z:0.000329,accu:1.0,loss_recon:0.042093

18800-loss_z:13.658315,accu:0.658228,loss_recon:0.132892

19000-loss_z:0.000295,accu:1.0,loss_recon:0.041863

19000-loss_z:13.843309,accu:0.658228,loss_recon:0.133825

19200-loss_z:0.000256,accu:1.0,loss_recon:0.042408

19200-loss_z:14.070494,accu:0.658228,loss_recon:0.134861

19400-loss_z:0.000234,accu:1.0,loss_recon:0.04166

19400-loss_z:14.266118,accu:0.658228,loss_recon:0.135448

19600-loss_z:0.000207,accu:1.0,loss_recon:0.041515

19600-loss_z:14.48362,accu:0.64557,loss_recon:0.135807

19800-loss_z:0.000186,accu:1.0,loss_recon:0.041745

19800-loss_z:14.670877,accu:0.64557,loss_recon:0.136165

20000-loss_z:0.000167,accu:1.0,loss_recon:0.041806

20000-loss_z:14.907211,accu:0.658228,loss_recon:0.134216

Continue training
New FC model is initialized
200-loss_z:2.635779,accu:0.16997,loss_recon:1.089153

200-loss_z:2.874848,accu:0.088608,loss_recon:0.623658

400-loss_z:1.990247,accu:0.348203,loss_recon:0.532895

400-loss_z:2.645079,accu:0.139241,loss_recon:0.4658

600-loss_z:1.583256,accu:0.494128,loss_recon:0.359894

600-loss_z:2.600144,accu:0.139241,loss_recon:0.337921

800-loss_z:1.327486,accu:0.597656,loss_recon:0.255722

800-loss_z:2.63858,accu:0.21519,loss_recon:0.273132

1000-loss_z:1.165491,accu:0.68401,loss_recon:0.203635

1000-loss_z:2.679638,accu:0.202532,loss_recon:0.241521

1200-loss_z:1.026334,accu:0.746426,loss_recon:0.170834

1200-loss_z:2.744049,accu:0.21519,loss_recon:0.214747

1400-loss_z:0.918841,accu:0.765286,loss_recon:0.148422

1400-loss_z:2.786282,accu:0.291139,loss_recon:0.200493

1600-loss_z:0.830789,accu:0.808405,loss_recon:0.133597

1600-loss_z:2.829917,accu:0.367089,loss_recon:0.189771

1800-loss_z:0.750759,accu:0.841654,loss_recon:0.121711

1800-loss_z:2.885238,accu:0.316456,loss_recon:0.180071

2000-loss_z:0.687665,accu:0.86666,loss_recon:0.112781

2000-loss_z:2.956932,accu:0.367089,loss_recon:0.163663

2200-loss_z:0.625685,accu:0.880794,loss_recon:0.104028

2200-loss_z:3.019687,accu:0.392405,loss_recon:0.15028

2400-loss_z:0.579753,accu:0.896263,loss_recon:0.096794

2400-loss_z:3.086882,accu:0.35443,loss_recon:0.140835

2600-loss_z:0.535601,accu:0.922135,loss_recon:0.090699

2600-loss_z:3.161862,accu:0.417722,loss_recon:0.129402

2800-loss_z:0.491127,accu:0.940638,loss_recon:0.08374

2800-loss_z:3.260101,accu:0.43038,loss_recon:0.127815

3000-loss_z:0.455065,accu:0.953294,loss_recon:0.079626

3000-loss_z:3.326093,accu:0.405063,loss_recon:0.122273

3200-loss_z:0.421133,accu:0.959525,loss_recon:0.075506

3200-loss_z:3.391482,accu:0.43038,loss_recon:0.118145

3400-loss_z:0.390184,accu:0.968997,loss_recon:0.071514

3400-loss_z:3.464328,accu:0.468354,loss_recon:0.11628

3600-loss_z:0.356113,accu:0.973887,loss_recon:0.06765

3600-loss_z:3.565579,accu:0.468354,loss_recon:0.115215

3800-loss_z:0.330143,accu:0.97778,loss_recon:0.065276

3800-loss_z:3.65713,accu:0.481013,loss_recon:0.111909

4000-loss_z:0.30672,accu:0.981712,loss_recon:0.063149

4000-loss_z:3.73137,accu:0.493671,loss_recon:0.111756

4200-loss_z:0.279406,accu:0.985469,loss_recon:0.062063

4200-loss_z:3.819375,accu:0.506329,loss_recon:0.11425

4400-loss_z:0.256894,accu:0.989102,loss_recon:0.059962

4400-loss_z:3.852645,accu:0.506329,loss_recon:0.110211

4600-loss_z:0.235515,accu:0.993411,loss_recon:0.058088

4600-loss_z:3.908086,accu:0.531646,loss_recon:0.112596

4800-loss_z:0.218671,accu:0.995898,loss_recon:0.055872

4800-loss_z:3.955398,accu:0.544304,loss_recon:0.113612

5000-loss_z:0.200981,accu:0.997897,loss_recon:0.054622

5000-loss_z:3.884914,accu:0.56962,loss_recon:0.114744

5200-loss_z:0.185284,accu:0.999336,loss_recon:0.053587

5200-loss_z:3.923155,accu:0.56962,loss_recon:0.116971

5400-loss_z:0.170596,accu:0.999512,loss_recon:0.053579

5400-loss_z:4.01662,accu:0.56962,loss_recon:0.114833

5600-loss_z:0.157339,accu:1.0,loss_recon:0.052466

5600-loss_z:4.183564,accu:0.56962,loss_recon:0.11131

5800-loss_z:0.146286,accu:1.0,loss_recon:0.051793

5800-loss_z:4.338933,accu:0.56962,loss_recon:0.110079

6000-loss_z:0.135076,accu:1.0,loss_recon:0.052029

6000-loss_z:4.478732,accu:0.56962,loss_recon:0.114468

6200-loss_z:0.124394,accu:1.0,loss_recon:0.051097

6200-loss_z:4.658508,accu:0.582278,loss_recon:0.111003

6400-loss_z:0.113409,accu:1.0,loss_recon:0.051206

6400-loss_z:4.79499,accu:0.556962,loss_recon:0.110658

6600-loss_z:0.106177,accu:1.0,loss_recon:0.050686

6600-loss_z:4.997183,accu:0.56962,loss_recon:0.115136

6800-loss_z:0.097023,accu:1.0,loss_recon:0.050027

6800-loss_z:5.124404,accu:0.556962,loss_recon:0.112431

7000-loss_z:0.089035,accu:1.0,loss_recon:0.050831

7000-loss_z:5.295847,accu:0.56962,loss_recon:0.111827

7200-loss_z:0.082053,accu:1.0,loss_recon:0.05031

7200-loss_z:5.480153,accu:0.531646,loss_recon:0.113236

7400-loss_z:0.074485,accu:1.0,loss_recon:0.050223

7400-loss_z:5.67886,accu:0.531646,loss_recon:0.113334

7600-loss_z:0.06863,accu:1.0,loss_recon:0.050017

7600-loss_z:5.797344,accu:0.544304,loss_recon:0.113896

7800-loss_z:0.062347,accu:1.0,loss_recon:0.050374

7800-loss_z:5.98433,accu:0.556962,loss_recon:0.11427

8000-loss_z:0.057066,accu:1.0,loss_recon:0.050102

8000-loss_z:6.129454,accu:0.544304,loss_recon:0.113867

8200-loss_z:0.052289,accu:1.0,loss_recon:0.050692

8200-loss_z:6.274863,accu:0.544304,loss_recon:0.115107

8400-loss_z:0.04712,accu:1.0,loss_recon:0.050208

8400-loss_z:6.461795,accu:0.544304,loss_recon:0.11338

8600-loss_z:0.043121,accu:1.0,loss_recon:0.049834

8600-loss_z:6.620562,accu:0.544304,loss_recon:0.115581

8800-loss_z:0.039769,accu:1.0,loss_recon:0.049147

8800-loss_z:6.753818,accu:0.56962,loss_recon:0.11342

9000-loss_z:0.035998,accu:1.0,loss_recon:0.049742

9000-loss_z:6.946456,accu:0.56962,loss_recon:0.115463

9200-loss_z:0.032923,accu:1.0,loss_recon:0.048737

9200-loss_z:7.102536,accu:0.556962,loss_recon:0.114586

9400-loss_z:0.029831,accu:1.0,loss_recon:0.049365

9400-loss_z:7.246865,accu:0.556962,loss_recon:0.113127

9600-loss_z:0.027241,accu:1.0,loss_recon:0.049019

9600-loss_z:7.404335,accu:0.556962,loss_recon:0.11563

9800-loss_z:0.024677,accu:1.0,loss_recon:0.048626

9800-loss_z:7.562716,accu:0.531646,loss_recon:0.112387

10000-loss_z:0.022049,accu:1.0,loss_recon:0.048367

10000-loss_z:7.706513,accu:0.544304,loss_recon:0.112208

10200-loss_z:0.019941,accu:1.0,loss_recon:0.047669

10200-loss_z:7.88071,accu:0.544304,loss_recon:0.114789

10400-loss_z:0.018122,accu:1.0,loss_recon:0.048328

10400-loss_z:8.044207,accu:0.544304,loss_recon:0.114783

10600-loss_z:0.016393,accu:1.0,loss_recon:0.047409

10600-loss_z:8.21404,accu:0.544304,loss_recon:0.116574

10800-loss_z:0.014791,accu:1.0,loss_recon:0.047323

10800-loss_z:8.34652,accu:0.544304,loss_recon:0.112189

11000-loss_z:0.013248,accu:1.0,loss_recon:0.047082

11000-loss_z:8.508756,accu:0.556962,loss_recon:0.11464

11200-loss_z:0.01201,accu:1.0,loss_recon:0.04793

11200-loss_z:8.663054,accu:0.544304,loss_recon:0.119113

11400-loss_z:0.01072,accu:1.0,loss_recon:0.047052

11400-loss_z:8.818533,accu:0.544304,loss_recon:0.111501

11600-loss_z:0.009681,accu:1.0,loss_recon:0.046476

11600-loss_z:8.972417,accu:0.531646,loss_recon:0.114751

11800-loss_z:0.008853,accu:1.0,loss_recon:0.046896

11800-loss_z:9.181268,accu:0.544304,loss_recon:0.111816

12000-loss_z:0.007755,accu:1.0,loss_recon:0.04744

12000-loss_z:9.354354,accu:0.544304,loss_recon:0.11476

12200-loss_z:0.006972,accu:1.0,loss_recon:0.046828

12200-loss_z:9.528382,accu:0.531646,loss_recon:0.117065

12400-loss_z:0.006317,accu:1.0,loss_recon:0.046494

12400-loss_z:9.685401,accu:0.531646,loss_recon:0.115994

12600-loss_z:0.005663,accu:1.0,loss_recon:0.04712

12600-loss_z:9.841232,accu:0.531646,loss_recon:0.113337

12800-loss_z:0.005141,accu:1.0,loss_recon:0.047

12800-loss_z:10.001557,accu:0.531646,loss_recon:0.114422

13000-loss_z:0.004624,accu:1.0,loss_recon:0.046199

13000-loss_z:10.096295,accu:0.518987,loss_recon:0.119354

13200-loss_z:0.004111,accu:1.0,loss_recon:0.045708

13200-loss_z:10.341803,accu:0.531646,loss_recon:0.118445

13400-loss_z:0.003637,accu:1.0,loss_recon:0.045677

13400-loss_z:10.460833,accu:0.544304,loss_recon:0.12027

13600-loss_z:0.003266,accu:1.0,loss_recon:0.045931

13600-loss_z:10.5614,accu:0.518987,loss_recon:0.121338

13800-loss_z:0.002923,accu:1.0,loss_recon:0.046181

13800-loss_z:10.663199,accu:0.518987,loss_recon:0.118452

14000-loss_z:0.002621,accu:1.0,loss_recon:0.045836

14000-loss_z:10.800534,accu:0.518987,loss_recon:0.116897

14200-loss_z:0.002312,accu:1.0,loss_recon:0.046204

14200-loss_z:10.971994,accu:0.531646,loss_recon:0.113929

14400-loss_z:0.002054,accu:1.0,loss_recon:0.045434

14400-loss_z:11.154696,accu:0.544304,loss_recon:0.123586

14600-loss_z:0.001875,accu:1.0,loss_recon:0.045823

14600-loss_z:11.257769,accu:0.531646,loss_recon:0.123408

14800-loss_z:0.001637,accu:1.0,loss_recon:0.045905

14800-loss_z:11.392582,accu:0.531646,loss_recon:0.121871

15000-loss_z:0.001443,accu:1.0,loss_recon:0.045917

15000-loss_z:11.567545,accu:0.531646,loss_recon:0.115609

15200-loss_z:0.001286,accu:1.0,loss_recon:0.045863

15200-loss_z:11.72121,accu:0.544304,loss_recon:0.116762

15400-loss_z:0.001174,accu:1.0,loss_recon:0.044783

15400-loss_z:11.800018,accu:0.518987,loss_recon:0.120038

15600-loss_z:0.001039,accu:1.0,loss_recon:0.045668

15600-loss_z:11.965384,accu:0.531646,loss_recon:0.117967

15800-loss_z:0.000939,accu:1.0,loss_recon:0.045754

15800-loss_z:12.124328,accu:0.531646,loss_recon:0.117641

16000-loss_z:0.000821,accu:1.0,loss_recon:0.045832

16000-loss_z:12.223014,accu:0.531646,loss_recon:0.119393

16200-loss_z:0.000727,accu:1.0,loss_recon:0.04548

16200-loss_z:12.37739,accu:0.518987,loss_recon:0.118068

16400-loss_z:0.000648,accu:1.0,loss_recon:0.045114

16400-loss_z:12.488832,accu:0.518987,loss_recon:0.124182

16600-loss_z:0.000575,accu:1.0,loss_recon:0.044778

16600-loss_z:12.62384,accu:0.531646,loss_recon:0.121271

16800-loss_z:0.000515,accu:1.0,loss_recon:0.044558

16800-loss_z:12.762392,accu:0.518987,loss_recon:0.122038

17000-loss_z:0.000447,accu:1.0,loss_recon:0.044207

17000-loss_z:12.898797,accu:0.518987,loss_recon:0.12656

17200-loss_z:0.00041,accu:1.0,loss_recon:0.045143

17200-loss_z:13.001589,accu:0.518987,loss_recon:0.122093

17400-loss_z:0.000359,accu:1.0,loss_recon:0.045151

17400-loss_z:13.183005,accu:0.518987,loss_recon:0.116758

17600-loss_z:0.00032,accu:1.0,loss_recon:0.044086

17600-loss_z:13.307974,accu:0.518987,loss_recon:0.124076

17800-loss_z:0.000283,accu:1.0,loss_recon:0.044708

17800-loss_z:13.486614,accu:0.518987,loss_recon:0.121383

18000-loss_z:0.000253,accu:1.0,loss_recon:0.044871

18000-loss_z:13.659081,accu:0.531646,loss_recon:0.119727

18200-loss_z:0.000221,accu:1.0,loss_recon:0.044189

18200-loss_z:13.795465,accu:0.518987,loss_recon:0.119839

18400-loss_z:0.000196,accu:1.0,loss_recon:0.044575

18400-loss_z:13.936758,accu:0.518987,loss_recon:0.121844

18600-loss_z:0.000175,accu:1.0,loss_recon:0.044433

18600-loss_z:14.136532,accu:0.518987,loss_recon:0.120785

18800-loss_z:0.000154,accu:1.0,loss_recon:0.045215

18800-loss_z:14.299237,accu:0.518987,loss_recon:0.120586

19000-loss_z:0.000135,accu:1.0,loss_recon:0.044205

19000-loss_z:14.463007,accu:0.518987,loss_recon:0.118432

19200-loss_z:0.000119,accu:1.0,loss_recon:0.045204

19200-loss_z:14.604218,accu:0.518987,loss_recon:0.122062

19400-loss_z:0.000105,accu:1.0,loss_recon:0.044381

19400-loss_z:14.727434,accu:0.518987,loss_recon:0.121639

19600-loss_z:9.2e-05,accu:1.0,loss_recon:0.044856

19600-loss_z:14.913713,accu:0.518987,loss_recon:0.120953

19800-loss_z:8.4e-05,accu:1.0,loss_recon:0.04429

19800-loss_z:14.974109,accu:0.518987,loss_recon:0.122344

20000-loss_z:7.2e-05,accu:1.0,loss_recon:0.044406

20000-loss_z:15.201488,accu:0.518987,loss_recon:0.120657

Continue training
New FC model is initialized
200-loss_z:2.681286,accu:0.138474,loss_recon:1.062443

200-loss_z:2.874448,accu:0.037975,loss_recon:0.541258

400-loss_z:2.072173,accu:0.284245,loss_recon:0.482847

400-loss_z:2.687623,accu:0.126582,loss_recon:0.367741

600-loss_z:1.653666,accu:0.45847,loss_recon:0.317055

600-loss_z:2.574507,accu:0.189873,loss_recon:0.281049

800-loss_z:1.369518,accu:0.554922,loss_recon:0.242811

800-loss_z:2.483781,accu:0.240506,loss_recon:0.25461

1000-loss_z:1.180282,accu:0.640033,loss_recon:0.208942

1000-loss_z:2.416618,accu:0.240506,loss_recon:0.2294

1200-loss_z:1.041389,accu:0.727995,loss_recon:0.17903

1200-loss_z:2.444637,accu:0.240506,loss_recon:0.211958

1400-loss_z:0.926712,accu:0.772695,loss_recon:0.152924

1400-loss_z:2.492623,accu:0.278481,loss_recon:0.194651

1600-loss_z:0.840288,accu:0.807572,loss_recon:0.128618

1600-loss_z:2.475996,accu:0.303797,loss_recon:0.179568

1800-loss_z:0.761485,accu:0.850137,loss_recon:0.109717

1800-loss_z:2.517838,accu:0.341772,loss_recon:0.168927

2000-loss_z:0.695016,accu:0.871445,loss_recon:0.094854

2000-loss_z:2.557674,accu:0.35443,loss_recon:0.150869

2200-loss_z:0.638621,accu:0.882949,loss_recon:0.081793

2200-loss_z:2.573452,accu:0.392405,loss_recon:0.142255

2400-loss_z:0.585585,accu:0.891758,loss_recon:0.07469

2400-loss_z:2.62818,accu:0.405063,loss_recon:0.135656

2600-loss_z:0.546726,accu:0.89502,loss_recon:0.069626

2600-loss_z:2.677032,accu:0.417722,loss_recon:0.132061

2800-loss_z:0.503489,accu:0.907201,loss_recon:0.066127

2800-loss_z:2.708857,accu:0.405063,loss_recon:0.126356

3000-loss_z:0.469107,accu:0.914577,loss_recon:0.063158

3000-loss_z:2.759501,accu:0.43038,loss_recon:0.124657

3200-loss_z:0.440005,accu:0.92724,loss_recon:0.062321

3200-loss_z:2.815245,accu:0.443038,loss_recon:0.123242

3400-loss_z:0.412588,accu:0.931465,loss_recon:0.060809

3400-loss_z:2.898242,accu:0.443038,loss_recon:0.122063

3600-loss_z:0.382689,accu:0.936738,loss_recon:0.059452

3600-loss_z:2.951655,accu:0.455696,loss_recon:0.12253

3800-loss_z:0.361668,accu:0.945749,loss_recon:0.056491

3800-loss_z:3.046647,accu:0.455696,loss_recon:0.116737

4000-loss_z:0.337613,accu:0.954622,loss_recon:0.055395

4000-loss_z:3.208423,accu:0.481013,loss_recon:0.118106

4200-loss_z:0.31861,accu:0.954779,loss_recon:0.053713

4200-loss_z:3.328394,accu:0.468354,loss_recon:0.117079

4400-loss_z:0.296935,accu:0.967428,loss_recon:0.052484

4400-loss_z:3.476726,accu:0.493671,loss_recon:0.115399

4600-loss_z:0.280694,accu:0.973997,loss_recon:0.05087

4600-loss_z:3.619769,accu:0.481013,loss_recon:0.113875

4800-loss_z:0.262323,accu:0.984694,loss_recon:0.049332

4800-loss_z:3.757573,accu:0.481013,loss_recon:0.110393

5000-loss_z:0.246561,accu:0.98679,loss_recon:0.04919

5000-loss_z:3.91215,accu:0.493671,loss_recon:0.114269

5200-loss_z:0.231882,accu:0.987904,loss_recon:0.048067

5200-loss_z:4.05938,accu:0.493671,loss_recon:0.110939

5400-loss_z:0.218649,accu:0.991217,loss_recon:0.047214

5400-loss_z:4.208365,accu:0.481013,loss_recon:0.108853

5600-loss_z:0.206658,accu:0.99181,loss_recon:0.047322

5600-loss_z:4.357526,accu:0.506329,loss_recon:0.110545

5800-loss_z:0.192194,accu:0.993509,loss_recon:0.046727

5800-loss_z:4.475638,accu:0.518987,loss_recon:0.112098

6000-loss_z:0.181004,accu:0.996289,loss_recon:0.045551

6000-loss_z:4.642708,accu:0.518987,loss_recon:0.110284

6200-loss_z:0.170739,accu:0.994876,loss_recon:0.045255

6200-loss_z:4.79564,accu:0.531646,loss_recon:0.112763

6400-loss_z:0.159032,accu:0.99528,loss_recon:0.04544

6400-loss_z:4.902328,accu:0.531646,loss_recon:0.109605

6600-loss_z:0.149545,accu:0.998887,loss_recon:0.045276

6600-loss_z:5.080419,accu:0.531646,loss_recon:0.111297

6800-loss_z:0.139671,accu:0.999518,loss_recon:0.045313

6800-loss_z:5.211661,accu:0.531646,loss_recon:0.112602

7000-loss_z:0.131253,accu:0.999212,loss_recon:0.04504

7000-loss_z:5.356789,accu:0.544304,loss_recon:0.112059

7200-loss_z:0.12215,accu:0.999453,loss_recon:0.044327

7200-loss_z:5.516569,accu:0.531646,loss_recon:0.11102

7400-loss_z:0.113712,accu:0.999896,loss_recon:0.044655

7400-loss_z:5.654022,accu:0.518987,loss_recon:0.111894

7600-loss_z:0.107096,accu:1.0,loss_recon:0.04443

7600-loss_z:5.80457,accu:0.531646,loss_recon:0.114653

7800-loss_z:0.100778,accu:1.0,loss_recon:0.044575

7800-loss_z:5.984948,accu:0.556962,loss_recon:0.112387

8000-loss_z:0.094203,accu:1.0,loss_recon:0.044028

8000-loss_z:6.158568,accu:0.556962,loss_recon:0.114545

8200-loss_z:0.085505,accu:1.0,loss_recon:0.043749

8200-loss_z:6.472909,accu:0.56962,loss_recon:0.113839

8400-loss_z:0.078349,accu:1.0,loss_recon:0.043895

8400-loss_z:6.748083,accu:0.56962,loss_recon:0.11509

8600-loss_z:0.072687,accu:1.0,loss_recon:0.043645

8600-loss_z:7.046041,accu:0.56962,loss_recon:0.114193

8800-loss_z:0.067861,accu:1.0,loss_recon:0.043499

8800-loss_z:7.381208,accu:0.56962,loss_recon:0.111998

9000-loss_z:0.062172,accu:1.0,loss_recon:0.043928

9000-loss_z:7.654916,accu:0.56962,loss_recon:0.112906

9200-loss_z:0.057539,accu:1.0,loss_recon:0.043516

9200-loss_z:7.942843,accu:0.582278,loss_recon:0.116102

9400-loss_z:0.052883,accu:1.0,loss_recon:0.043288

9400-loss_z:8.154902,accu:0.56962,loss_recon:0.112988

9600-loss_z:0.048647,accu:1.0,loss_recon:0.043905

9600-loss_z:8.434621,accu:0.582278,loss_recon:0.112152

9800-loss_z:0.04495,accu:1.0,loss_recon:0.043228

9800-loss_z:8.678315,accu:0.56962,loss_recon:0.112678

10000-loss_z:0.040775,accu:1.0,loss_recon:0.043323

10000-loss_z:8.947122,accu:0.594937,loss_recon:0.112112

10200-loss_z:0.038121,accu:1.0,loss_recon:0.043486

10200-loss_z:9.214725,accu:0.594937,loss_recon:0.11299

10400-loss_z:0.03473,accu:1.0,loss_recon:0.042224

10400-loss_z:9.479491,accu:0.582278,loss_recon:0.112902

10600-loss_z:0.031655,accu:1.0,loss_recon:0.042388

10600-loss_z:9.779254,accu:0.594937,loss_recon:0.113667

10800-loss_z:0.029402,accu:1.0,loss_recon:0.042852

10800-loss_z:10.028794,accu:0.594937,loss_recon:0.113088

11000-loss_z:0.026832,accu:1.0,loss_recon:0.042577

11000-loss_z:10.28882,accu:0.594937,loss_recon:0.112174

11200-loss_z:0.024329,accu:1.0,loss_recon:0.042977

11200-loss_z:10.603199,accu:0.582278,loss_recon:0.114096

11400-loss_z:0.022272,accu:1.0,loss_recon:0.042709

11400-loss_z:10.900543,accu:0.594937,loss_recon:0.113655

11600-loss_z:0.020336,accu:1.0,loss_recon:0.042643

11600-loss_z:11.154496,accu:0.594937,loss_recon:0.113877

11800-loss_z:0.018354,accu:1.0,loss_recon:0.042795

11800-loss_z:11.463497,accu:0.582278,loss_recon:0.115057

12000-loss_z:0.016794,accu:1.0,loss_recon:0.042467

12000-loss_z:11.704865,accu:0.594937,loss_recon:0.113069

12200-loss_z:0.015618,accu:1.0,loss_recon:0.042664

12200-loss_z:11.934088,accu:0.607595,loss_recon:0.111393

12400-loss_z:0.013888,accu:1.0,loss_recon:0.042755

12400-loss_z:12.194269,accu:0.620253,loss_recon:0.111769

12600-loss_z:0.012706,accu:1.0,loss_recon:0.042017

12600-loss_z:12.408066,accu:0.632911,loss_recon:0.113273

12800-loss_z:0.01143,accu:1.0,loss_recon:0.042289

12800-loss_z:12.626644,accu:0.607595,loss_recon:0.112557

13000-loss_z:0.010634,accu:1.0,loss_recon:0.04259

13000-loss_z:12.842785,accu:0.582278,loss_recon:0.113845

13200-loss_z:0.009452,accu:1.0,loss_recon:0.042495

13200-loss_z:13.020879,accu:0.620253,loss_recon:0.113898

13400-loss_z:0.00865,accu:1.0,loss_recon:0.042339

13400-loss_z:13.266691,accu:0.607595,loss_recon:0.111761

13600-loss_z:0.007799,accu:1.0,loss_recon:0.041874

13600-loss_z:13.485341,accu:0.594937,loss_recon:0.11252

13800-loss_z:0.007066,accu:1.0,loss_recon:0.042428

13800-loss_z:13.675641,accu:0.607595,loss_recon:0.112203

14000-loss_z:0.006234,accu:1.0,loss_recon:0.042047

14000-loss_z:13.879933,accu:0.607595,loss_recon:0.110543

14200-loss_z:0.005637,accu:1.0,loss_recon:0.042475

14200-loss_z:14.103162,accu:0.594937,loss_recon:0.115176

14400-loss_z:0.005108,accu:1.0,loss_recon:0.042127

14400-loss_z:14.312238,accu:0.594937,loss_recon:0.112157

14600-loss_z:0.004628,accu:1.0,loss_recon:0.041932

14600-loss_z:14.573488,accu:0.607595,loss_recon:0.113849

14800-loss_z:0.004207,accu:1.0,loss_recon:0.042359

14800-loss_z:14.756963,accu:0.582278,loss_recon:0.111969

15000-loss_z:0.00373,accu:1.0,loss_recon:0.042401

15000-loss_z:14.981171,accu:0.607595,loss_recon:0.112261

15200-loss_z:0.003301,accu:1.0,loss_recon:0.04202

15200-loss_z:15.196793,accu:0.594937,loss_recon:0.114876

15400-loss_z:0.002992,accu:1.0,loss_recon:0.042765

15400-loss_z:15.404975,accu:0.607595,loss_recon:0.113259

15600-loss_z:0.002759,accu:1.0,loss_recon:0.041999

15600-loss_z:15.657239,accu:0.56962,loss_recon:0.11341

15800-loss_z:0.002413,accu:1.0,loss_recon:0.042534

15800-loss_z:15.821012,accu:0.582278,loss_recon:0.11314

16000-loss_z:0.002204,accu:1.0,loss_recon:0.041804

16000-loss_z:16.037565,accu:0.582278,loss_recon:0.115195

16200-loss_z:0.001962,accu:1.0,loss_recon:0.042325

16200-loss_z:16.261169,accu:0.582278,loss_recon:0.113946

16400-loss_z:0.001788,accu:1.0,loss_recon:0.042138

16400-loss_z:16.450708,accu:0.582278,loss_recon:0.112119

16600-loss_z:0.001566,accu:1.0,loss_recon:0.041807

16600-loss_z:16.641842,accu:0.582278,loss_recon:0.112061

16800-loss_z:0.00142,accu:1.0,loss_recon:0.041972

16800-loss_z:16.849463,accu:0.56962,loss_recon:0.113605

17000-loss_z:0.001253,accu:1.0,loss_recon:0.041982

17000-loss_z:17.006256,accu:0.582278,loss_recon:0.113909

17200-loss_z:0.001132,accu:1.0,loss_recon:0.042189

17200-loss_z:17.232332,accu:0.56962,loss_recon:0.114068

17400-loss_z:0.00103,accu:1.0,loss_recon:0.042037

17400-loss_z:17.385143,accu:0.582278,loss_recon:0.115579

17600-loss_z:0.000908,accu:1.0,loss_recon:0.042379

17600-loss_z:17.567133,accu:0.582278,loss_recon:0.112724

17800-loss_z:0.000829,accu:1.0,loss_recon:0.042197

17800-loss_z:17.764498,accu:0.56962,loss_recon:0.111774

18000-loss_z:0.000732,accu:1.0,loss_recon:0.042423

18000-loss_z:17.886658,accu:0.582278,loss_recon:0.113496

18200-loss_z:0.000658,accu:1.0,loss_recon:0.042135

18200-loss_z:18.092793,accu:0.582278,loss_recon:0.114585

18400-loss_z:0.000588,accu:1.0,loss_recon:0.04154

18400-loss_z:18.272596,accu:0.582278,loss_recon:0.113743

18600-loss_z:0.000527,accu:1.0,loss_recon:0.042272

18600-loss_z:18.462423,accu:0.582278,loss_recon:0.115156

18800-loss_z:0.000478,accu:1.0,loss_recon:0.041651

18800-loss_z:18.656076,accu:0.582278,loss_recon:0.112258

19000-loss_z:0.000416,accu:1.0,loss_recon:0.042155

19000-loss_z:18.829697,accu:0.582278,loss_recon:0.110455

19200-loss_z:0.000372,accu:1.0,loss_recon:0.042453

19200-loss_z:18.98189,accu:0.582278,loss_recon:0.114742

19400-loss_z:0.000334,accu:1.0,loss_recon:0.041777

19400-loss_z:19.175041,accu:0.594937,loss_recon:0.109768

19600-loss_z:0.0003,accu:1.0,loss_recon:0.04187

19600-loss_z:19.337374,accu:0.594937,loss_recon:0.116831

19800-loss_z:0.000264,accu:1.0,loss_recon:0.04224

19800-loss_z:19.501421,accu:0.594937,loss_recon:0.113094

20000-loss_z:0.000235,accu:1.0,loss_recon:0.042367

20000-loss_z:19.693811,accu:0.594937,loss_recon:0.113481

Exp path: /home/xuanjie.liu/Projects/S3Plus/VQ/exp/2025.05.19_10vq_Zc[2]_Zs[0]_edim1_[0-20]_plus1024_1_tripleSet_Nothing_trainAll
{'train_data_path': '/home/xuanjie.liu/Projects/S3Plus/VQ/exp/2025.05.19_10vq_Zc[2]_Zs[0]_edim1_[0-20]_plus1024_1_tripleSet_Nothing_trainAll/../../../dataset/single_style_pairs(0,20)_tripleSet_trainAll/train', 'single_img_eval_set_path': '/home/xuanjie.liu/Projects/S3Plus/VQ/exp/2025.05.19_10vq_Zc[2]_Zs[0]_edim1_[0-20]_plus1024_1_tripleSet_Nothing_trainAll/../../../dataset/(0,20)-FixedPos-oneStyle', 'plus_eval_set_path': ['/home/xuanjie.liu/Projects/S3Plus/VQ/exp/2025.05.19_10vq_Zc[2]_Zs[0]_edim1_[0-20]_plus1024_1_tripleSet_Nothing_trainAll/../../../dataset/single_style_pairs(0,20)_tripleSet/test_1', '/home/xuanjie.liu/Projects/S3Plus/VQ/exp/2025.05.19_10vq_Zc[2]_Zs[0]_edim1_[0-20]_plus1024_1_tripleSet_Nothing_trainAll/../../../dataset/single_style_pairs(0,20)_tripleSet/test_2'], 'latent_embedding_1': 2, 'latent_embedding_2': 0, 'multi_num_embeddings': None, 'latent_code_2': 0, 'embedding_dim': 1, 'is_plot_zc_value': True, 'embeddings_num': 10, 'is_plot_vis_num': True, 'kld_loss_scalar': 0.0, 'checkpoint_interval': 2000, 'learning_rate': 0.0001, 'scheduler_base_num': 0.99999, 'max_iter_num': 50001, 'model_path': 'curr_model.pt', 'train_result_path': 'TrainingResults/', 'eval_result_path': 'EvalResults/', 'train_record_path': 'Train_record.txt', 'eval_record_path': 'Eval_record.txt', 'plus_accu_record_path': 'plus_eval.txt', 'log_interval': 500, 'eval_interval': 2000, 'is_save_img': True, 'batch_size': 128, 'is_commutative_train': False, 'is_commutative_all': False, 'z_plus_loss_scalar': 0.02, 'commutative_z_loss_scalar': 0.0, 'associative_z_loss_scalar': 0.0, 'plus_mse_scalar': -1, 'plus_recon_loss_scalar': 3, 'min_loss_scalar': 1e-05, 'K': 1024, 'assoc_aug_range': (-3, 3), 'commitment_scalar': 0.0025, 'embedding_scalar': 0.01, 'isVQStyle': False, 'plus_by_embedding': True, 'plus_by_zcode': False, 'VQPlus_eqLoss_scalar': 0.5, 'is_zc_based_assoc': True, 'is_rand_z_assoc': False, 'is_assoc_within_batch': True, 'is_switch_digital': False, 'is_full_symm': False, 'is_assoc': False, 'is_twice_oper': False, 'img_noise': 0.0, 'network_config': {'enc_dec': {'img_channel': 3, 'last_H': 4, 'last_W': 4, 'first_ch_num': 16}, 'enc_fc': {'n_units': 128, 'n_hidden_layers': 2}, 'plus': {'plus_unit': 1024, 'n_hidden_layers': 2}}, 'eval_config': {'pipeline_result_path': 'PIPELINE_EVAL', 'optimal_checkpoint_finding_config': {'optimal_checkpoint_num': 'find_by_keys', 'record_name': 'Train_record.txt', 'keys': ['plus_recon', 'plus_z', 'loss_oper', 'loss_ED'], 'iter_after': 0.1}, 'plus_eval_configs': [{'name': 'eval_set', 'eval_set_path_list': ['/home/xuanjie.liu/Projects/S3Plus/VQ/exp/2025.05.19_10vq_Zc[2]_Zs[0]_edim1_[0-20]_plus1024_1_tripleSet_Nothing_trainAll/../../../dataset/single_style_pairs(0,20)_tripleSet/test_1', '/home/xuanjie.liu/Projects/S3Plus/VQ/exp/2025.05.19_10vq_Zc[2]_Zs[0]_edim1_[0-20]_plus1024_1_tripleSet_Nothing_trainAll/../../../dataset/single_style_pairs(0,20)_tripleSet/test_2'], 'is_blur': False, 'blur_config': {'kernel_size_choices': (5, 7, 9), 'sigma_range': (0.5, 3.0), 'p_no_blur': 0.0}, 'augment_times': 1}], 'emb_matching_rate_configs': [{'name': 'emb_matching_rate', 'eval_set_path_list': ['/home/xuanjie.liu/Projects/S3Plus/VQ/exp/2025.05.19_10vq_Zc[2]_Zs[0]_edim1_[0-20]_plus1024_1_tripleSet_Nothing_trainAll/../../../dataset/(0,20)-FixedPos-oneStyle'], 'is_blur': False, 'blur_config': {'kernel_size_choices': (5, 7, 9), 'sigma_range': (0.5, 3.0), 'p_no_blur': 0.0}, 'augment_times': 1}], 'orderliness_configs': [{'name': 'orderliness', 'img_dir_name': 'orderliness', 'eval_set_path_list': ['/home/xuanjie.liu/Projects/S3Plus/VQ/exp/2025.05.19_10vq_Zc[2]_Zs[0]_edim1_[0-20]_plus1024_1_tripleSet_Nothing_trainAll/../../../dataset/(0,20)-FixedPos-oneStyle'], 'is_blur': False, 'blur_config': {'kernel_size_choices': (5, 7, 9), 'sigma_range': (0.5, 3.0), 'p_no_blur': 0.0}, 'augment_times': 1}], 'interpolate_configs': [{'name': 'train_interpolate', 'eval_set_path_list': ['/home/xuanjie.liu/Projects/S3Plus/VQ/exp/2025.05.19_10vq_Zc[2]_Zs[0]_edim1_[0-20]_plus1024_1_tripleSet_Nothing_trainAll/../../../dataset/single_style_pairs(0,20)_tripleSet/train'], 'is_blur': False, 'blur_config': {'kernel_size_choices': (5, 7, 9), 'sigma_range': (0.5, 3.0), 'p_no_blur': 0.0}, 'augment_times': 1, 'interpolate_num': 1}]}}
[{'task_name': 'minus_16_1.1', 'train_data_path': '/home/xuanjie.liu/Projects/S3Plus/VQ/exp/2025.05.19_10vq_Zc[2]_Zs[0]_edim1_[0-20]_plus1024_1_tripleSet_Nothing_trainAll/../../../dataset/single_style_pairs_minus(0,20)/train', 'eval_data_path': '/home/xuanjie.liu/Projects/S3Plus/VQ/exp/2025.05.19_10vq_Zc[2]_Zs[0]_edim1_[0-20]_plus1024_1_tripleSet_Nothing_trainAll/../../../dataset/single_style_pairs_minus(0,20)/test', 'batch_size': 128, 'train_record_path': 'train_record.txt', 'eval_record_path': 'eval_record.txt', 'pretrained_path': 'checkpoint_40000.pt', 'fc_model_path': 'minus_model.pt', 'max_iter_num': 20001, 'log_interval': 200, 'num_class': 21, 'fc_network_config': {'plus_unit': 16, 'n_hidden_layers': 1}, 'learning_rate': 0.001}]
Sub-Exp path: /home/xuanjie.liu/Projects/S3Plus/VQ/exp/2025.05.19_10vq_Zc[2]_Zs[0]_edim1_[0-20]_plus1024_1_tripleSet_Nothing_trainAll/18
Optimal checkpoint: 46000
Pretrained Model is loaded
Continue training
New FC model is initialized
200-loss_z:2.582716,accu:0.195047,loss_recon:2.536939

200-loss_z:2.663019,accu:0.063291,loss_recon:1.94835

400-loss_z:1.874295,accu:0.418118,loss_recon:1.514897

400-loss_z:2.564423,accu:0.139241,loss_recon:1.613763

600-loss_z:1.508356,accu:0.546296,loss_recon:1.339289

600-loss_z:2.562784,accu:0.21519,loss_recon:1.528271

800-loss_z:1.286982,accu:0.561738,loss_recon:1.220031

800-loss_z:2.567177,accu:0.21519,loss_recon:1.341796

1000-loss_z:1.128638,accu:0.644766,loss_recon:1.088602

1000-loss_z:2.621345,accu:0.240506,loss_recon:1.185185

1200-loss_z:1.010561,accu:0.676842,loss_recon:0.94271

1200-loss_z:2.684888,accu:0.278481,loss_recon:1.056757

1400-loss_z:0.913742,accu:0.741074,loss_recon:0.837422

1400-loss_z:2.779294,accu:0.278481,loss_recon:0.958869

1600-loss_z:0.83204,accu:0.770482,loss_recon:0.754611

1600-loss_z:2.907958,accu:0.329114,loss_recon:0.90617

1800-loss_z:0.754186,accu:0.795579,loss_recon:0.696881

1800-loss_z:3.070495,accu:0.329114,loss_recon:0.840495

2000-loss_z:0.69346,accu:0.826185,loss_recon:0.639776

2000-loss_z:3.212167,accu:0.341772,loss_recon:0.794298

2200-loss_z:0.636006,accu:0.849193,loss_recon:0.568499

2200-loss_z:3.426053,accu:0.367089,loss_recon:0.746306

2400-loss_z:0.591046,accu:0.867383,loss_recon:0.53077

2400-loss_z:3.621325,accu:0.379747,loss_recon:0.755989

2600-loss_z:0.539821,accu:0.892904,loss_recon:0.490312

2600-loss_z:3.817834,accu:0.405063,loss_recon:0.718621

2800-loss_z:0.497412,accu:0.912702,loss_recon:0.4549

2800-loss_z:4.003481,accu:0.43038,loss_recon:0.709041

3000-loss_z:0.461027,accu:0.911621,loss_recon:0.42923

3000-loss_z:4.264466,accu:0.443038,loss_recon:0.712144

3200-loss_z:0.429526,accu:0.924785,loss_recon:0.411156

3200-loss_z:4.491645,accu:0.43038,loss_recon:0.696492

3400-loss_z:0.394599,accu:0.940736,loss_recon:0.386923

3400-loss_z:4.741268,accu:0.443038,loss_recon:0.707017

3600-loss_z:0.363801,accu:0.94806,loss_recon:0.376219

3600-loss_z:5.017753,accu:0.443038,loss_recon:0.699313

3800-loss_z:0.340932,accu:0.952285,loss_recon:0.365532

3800-loss_z:5.276014,accu:0.443038,loss_recon:0.699878

4000-loss_z:0.314799,accu:0.957051,loss_recon:0.349195

4000-loss_z:5.56432,accu:0.43038,loss_recon:0.683238

4200-loss_z:0.293283,accu:0.961693,loss_recon:0.330998

4200-loss_z:5.876705,accu:0.405063,loss_recon:0.652315

4400-loss_z:0.272235,accu:0.965397,loss_recon:0.309835

4400-loss_z:6.144213,accu:0.405063,loss_recon:0.640234

4600-loss_z:0.254111,accu:0.967565,loss_recon:0.29795

4600-loss_z:6.466985,accu:0.417722,loss_recon:0.64503

4800-loss_z:0.238067,accu:0.970618,loss_recon:0.287296

4800-loss_z:6.792202,accu:0.43038,loss_recon:0.643332

5000-loss_z:0.22202,accu:0.972617,loss_recon:0.280586

5000-loss_z:7.115631,accu:0.417722,loss_recon:0.641424

5200-loss_z:0.207208,accu:0.974551,loss_recon:0.274969

5200-loss_z:7.402627,accu:0.43038,loss_recon:0.654116

5400-loss_z:0.192904,accu:0.975547,loss_recon:0.268215

5400-loss_z:7.76277,accu:0.417722,loss_recon:0.647038

5600-loss_z:0.179043,accu:0.977415,loss_recon:0.267281

5600-loss_z:8.099801,accu:0.43038,loss_recon:0.654421

5800-loss_z:0.168245,accu:0.981647,loss_recon:0.265988

5800-loss_z:8.402394,accu:0.405063,loss_recon:0.657403

6000-loss_z:0.15606,accu:0.983783,loss_recon:0.262028

6000-loss_z:8.763577,accu:0.405063,loss_recon:0.650637

6200-loss_z:0.145993,accu:0.984622,loss_recon:0.260941

6200-loss_z:9.092165,accu:0.417722,loss_recon:0.654913

6400-loss_z:0.13877,accu:0.989336,loss_recon:0.257322

6400-loss_z:9.423008,accu:0.43038,loss_recon:0.660175

6600-loss_z:0.129451,accu:0.98834,loss_recon:0.255379

6600-loss_z:9.776478,accu:0.405063,loss_recon:0.66559

6800-loss_z:0.118952,accu:0.991934,loss_recon:0.25403

6800-loss_z:10.115946,accu:0.417722,loss_recon:0.663661

7000-loss_z:0.111278,accu:0.994629,loss_recon:0.249491

7000-loss_z:10.469099,accu:0.417722,loss_recon:0.662435

7200-loss_z:0.106371,accu:0.995905,loss_recon:0.246401

7200-loss_z:10.811352,accu:0.417722,loss_recon:0.657363

7400-loss_z:0.097973,accu:0.998574,loss_recon:0.246213

7400-loss_z:11.135489,accu:0.417722,loss_recon:0.670793

7600-loss_z:0.090734,accu:0.998398,loss_recon:0.244706

7600-loss_z:11.490079,accu:0.405063,loss_recon:0.67514

7800-loss_z:0.085505,accu:0.999753,loss_recon:0.242193

7800-loss_z:11.810063,accu:0.417722,loss_recon:0.67609

8000-loss_z:0.080502,accu:1.0,loss_recon:0.241667

8000-loss_z:12.149579,accu:0.417722,loss_recon:0.681032

8200-loss_z:0.075537,accu:1.0,loss_recon:0.237237

8200-loss_z:12.479284,accu:0.392405,loss_recon:0.712564

8400-loss_z:0.071885,accu:0.999857,loss_recon:0.233982

8400-loss_z:12.787904,accu:0.417722,loss_recon:0.702563

8600-loss_z:0.066429,accu:1.0,loss_recon:0.233016

8600-loss_z:13.115837,accu:0.417722,loss_recon:0.711095

8800-loss_z:0.06226,accu:1.0,loss_recon:0.233276

8800-loss_z:13.429905,accu:0.405063,loss_recon:0.710871

9000-loss_z:0.057581,accu:1.0,loss_recon:0.230148

9000-loss_z:13.768862,accu:0.392405,loss_recon:0.714765

9200-loss_z:0.053847,accu:1.0,loss_recon:0.229496

9200-loss_z:14.089296,accu:0.417722,loss_recon:0.723201

9400-loss_z:0.049832,accu:1.0,loss_recon:0.22823

9400-loss_z:14.431489,accu:0.405063,loss_recon:0.739841

9600-loss_z:0.046248,accu:1.0,loss_recon:0.226799

9600-loss_z:14.72502,accu:0.417722,loss_recon:0.730647

9800-loss_z:0.043055,accu:1.0,loss_recon:0.229953

9800-loss_z:15.021121,accu:0.405063,loss_recon:0.733124

10000-loss_z:0.039254,accu:1.0,loss_recon:0.226291

10000-loss_z:15.31531,accu:0.43038,loss_recon:0.737814

10200-loss_z:0.036041,accu:1.0,loss_recon:0.227845

10200-loss_z:15.627965,accu:0.405063,loss_recon:0.735931

10400-loss_z:0.033399,accu:1.0,loss_recon:0.224963

10400-loss_z:15.908697,accu:0.392405,loss_recon:0.745778

10600-loss_z:0.031127,accu:1.0,loss_recon:0.223451

10600-loss_z:16.235104,accu:0.392405,loss_recon:0.753768

10800-loss_z:0.028665,accu:1.0,loss_recon:0.224409

10800-loss_z:16.54583,accu:0.405063,loss_recon:0.757471

11000-loss_z:0.02667,accu:1.0,loss_recon:0.223799

11000-loss_z:16.794247,accu:0.379747,loss_recon:0.773093

11200-loss_z:0.024862,accu:1.0,loss_recon:0.223781

11200-loss_z:17.072807,accu:0.392405,loss_recon:0.791813

11400-loss_z:0.022833,accu:1.0,loss_recon:0.225078

11400-loss_z:17.307306,accu:0.392405,loss_recon:0.769518

11600-loss_z:0.0213,accu:1.0,loss_recon:0.222698

11600-loss_z:17.587576,accu:0.405063,loss_recon:0.781998

11800-loss_z:0.01955,accu:1.0,loss_recon:0.222709

11800-loss_z:17.778021,accu:0.379747,loss_recon:0.7758

12000-loss_z:0.017882,accu:1.0,loss_recon:0.221622

12000-loss_z:18.016712,accu:0.405063,loss_recon:0.771221

12200-loss_z:0.016547,accu:1.0,loss_recon:0.22333

12200-loss_z:18.083084,accu:0.405063,loss_recon:0.78943

12400-loss_z:0.015259,accu:1.0,loss_recon:0.222177

12400-loss_z:18.014338,accu:0.392405,loss_recon:0.770721

12600-loss_z:0.01403,accu:1.0,loss_recon:0.224098

12600-loss_z:18.027592,accu:0.405063,loss_recon:0.775811

12800-loss_z:0.012784,accu:1.0,loss_recon:0.222176

12800-loss_z:17.957821,accu:0.405063,loss_recon:0.788043

13000-loss_z:0.012145,accu:1.0,loss_recon:0.219994

13000-loss_z:17.961226,accu:0.379747,loss_recon:0.78645

13200-loss_z:0.011001,accu:1.0,loss_recon:0.220142

13200-loss_z:17.916975,accu:0.392405,loss_recon:0.789602

13400-loss_z:0.010351,accu:1.0,loss_recon:0.223637

13400-loss_z:17.914047,accu:0.392405,loss_recon:0.77991

13600-loss_z:0.009364,accu:1.0,loss_recon:0.220717

13600-loss_z:17.960758,accu:0.379747,loss_recon:0.787523

13800-loss_z:0.008546,accu:1.0,loss_recon:0.223519

13800-loss_z:17.956747,accu:0.379747,loss_recon:0.789116

14000-loss_z:0.007947,accu:1.0,loss_recon:0.220422

14000-loss_z:17.990177,accu:0.405063,loss_recon:0.772749

14200-loss_z:0.007196,accu:1.0,loss_recon:0.222404

14200-loss_z:18.117922,accu:0.379747,loss_recon:0.778454

14400-loss_z:0.006643,accu:1.0,loss_recon:0.220951

14400-loss_z:18.15592,accu:0.405063,loss_recon:0.788982

14600-loss_z:0.00616,accu:1.0,loss_recon:0.223068

14600-loss_z:18.210091,accu:0.392405,loss_recon:0.782539

14800-loss_z:0.005676,accu:1.0,loss_recon:0.219425

14800-loss_z:18.338137,accu:0.392405,loss_recon:0.799889

15000-loss_z:0.00519,accu:1.0,loss_recon:0.22058

15000-loss_z:18.391544,accu:0.379747,loss_recon:0.806619

15200-loss_z:0.004771,accu:1.0,loss_recon:0.220509

15200-loss_z:18.427076,accu:0.392405,loss_recon:0.807496

15400-loss_z:0.004255,accu:1.0,loss_recon:0.218889

15400-loss_z:18.527178,accu:0.405063,loss_recon:0.800781

15600-loss_z:0.003915,accu:1.0,loss_recon:0.219703

15600-loss_z:18.588123,accu:0.379747,loss_recon:0.805778

15800-loss_z:0.003457,accu:1.0,loss_recon:0.220448

15800-loss_z:18.589546,accu:0.405063,loss_recon:0.796163

16000-loss_z:0.003184,accu:1.0,loss_recon:0.218446

16000-loss_z:18.652023,accu:0.392405,loss_recon:0.805586

16200-loss_z:0.00283,accu:1.0,loss_recon:0.220168

16200-loss_z:18.720224,accu:0.405063,loss_recon:0.805233

16400-loss_z:0.002557,accu:1.0,loss_recon:0.21849

16400-loss_z:18.846611,accu:0.405063,loss_recon:0.795264

16600-loss_z:0.002301,accu:1.0,loss_recon:0.221684

16600-loss_z:18.971708,accu:0.405063,loss_recon:0.819876

16800-loss_z:0.002103,accu:1.0,loss_recon:0.21884

16800-loss_z:19.099083,accu:0.392405,loss_recon:0.79158

17000-loss_z:0.001902,accu:1.0,loss_recon:0.219437

17000-loss_z:19.225323,accu:0.392405,loss_recon:0.80302

17200-loss_z:0.001713,accu:1.0,loss_recon:0.218658

17200-loss_z:19.375519,accu:0.417722,loss_recon:0.797555

17400-loss_z:0.001533,accu:1.0,loss_recon:0.218721

17400-loss_z:19.502771,accu:0.392405,loss_recon:0.811428

17600-loss_z:0.001428,accu:1.0,loss_recon:0.218564

17600-loss_z:19.649969,accu:0.417722,loss_recon:0.791808

17800-loss_z:0.001245,accu:1.0,loss_recon:0.220146

17800-loss_z:19.807434,accu:0.392405,loss_recon:0.808155

18000-loss_z:0.001159,accu:1.0,loss_recon:0.219916

18000-loss_z:20.013073,accu:0.379747,loss_recon:0.801091

18200-loss_z:0.001026,accu:1.0,loss_recon:0.21848

18200-loss_z:20.143326,accu:0.367089,loss_recon:0.795022

18400-loss_z:0.000943,accu:1.0,loss_recon:0.218808

18400-loss_z:20.317808,accu:0.379747,loss_recon:0.811495

18600-loss_z:0.000835,accu:1.0,loss_recon:0.217146

18600-loss_z:20.514944,accu:0.379747,loss_recon:0.808692

18800-loss_z:0.000752,accu:1.0,loss_recon:0.220139

18800-loss_z:20.657736,accu:0.379747,loss_recon:0.798322

19000-loss_z:0.00069,accu:1.0,loss_recon:0.220598

19000-loss_z:20.869869,accu:0.392405,loss_recon:0.803235

19200-loss_z:0.000611,accu:1.0,loss_recon:0.217988

19200-loss_z:21.079781,accu:0.367089,loss_recon:0.807371

19400-loss_z:0.000548,accu:1.0,loss_recon:0.216531

19400-loss_z:21.252405,accu:0.379747,loss_recon:0.801467

19600-loss_z:0.000493,accu:1.0,loss_recon:0.215688

19600-loss_z:21.449537,accu:0.392405,loss_recon:0.803617

19800-loss_z:0.000437,accu:1.0,loss_recon:0.219362

19800-loss_z:21.649151,accu:0.379747,loss_recon:0.811365

20000-loss_z:0.000396,accu:1.0,loss_recon:0.219169

20000-loss_z:21.852137,accu:0.379747,loss_recon:0.807101

Continue training
New FC model is initialized
200-loss_z:2.692574,accu:0.160869,loss_recon:2.499337

200-loss_z:2.653279,accu:0.050633,loss_recon:1.820068

400-loss_z:2.059194,accu:0.359727,loss_recon:1.521965

400-loss_z:2.46483,accu:0.126582,loss_recon:1.61197

600-loss_z:1.602484,accu:0.485488,loss_recon:1.328597

600-loss_z:2.427229,accu:0.139241,loss_recon:1.443933

800-loss_z:1.344419,accu:0.591217,loss_recon:1.200296

800-loss_z:2.450446,accu:0.151899,loss_recon:1.272779

1000-loss_z:1.170702,accu:0.640449,loss_recon:1.055626

1000-loss_z:2.540234,accu:0.240506,loss_recon:1.095862

1200-loss_z:1.036366,accu:0.68901,loss_recon:0.907265

1200-loss_z:2.643768,accu:0.227848,loss_recon:0.947907

1400-loss_z:0.931726,accu:0.741673,loss_recon:0.779154

1400-loss_z:2.770463,accu:0.265823,loss_recon:0.877732

1600-loss_z:0.844173,accu:0.764844,loss_recon:0.71295

1600-loss_z:2.917756,accu:0.253165,loss_recon:0.832782

1800-loss_z:0.77075,accu:0.788223,loss_recon:0.637499

1800-loss_z:3.065758,accu:0.291139,loss_recon:0.762674

2000-loss_z:0.713463,accu:0.806315,loss_recon:0.594541

2000-loss_z:3.217603,accu:0.316456,loss_recon:0.765933

2200-loss_z:0.662808,accu:0.831979,loss_recon:0.55643

2200-loss_z:3.365972,accu:0.291139,loss_recon:0.77276

2400-loss_z:0.616237,accu:0.852246,loss_recon:0.528851

2400-loss_z:3.527528,accu:0.278481,loss_recon:0.7756

2600-loss_z:0.568729,accu:0.877975,loss_recon:0.504304

2600-loss_z:3.699682,accu:0.291139,loss_recon:0.771608

2800-loss_z:0.532846,accu:0.891497,loss_recon:0.479615

2800-loss_z:3.871467,accu:0.303797,loss_recon:0.736998

3000-loss_z:0.495673,accu:0.910924,loss_recon:0.457107

3000-loss_z:4.062828,accu:0.291139,loss_recon:0.730854

3200-loss_z:0.467445,accu:0.916354,loss_recon:0.444469

3200-loss_z:4.260943,accu:0.291139,loss_recon:0.727133

3400-loss_z:0.431549,accu:0.937279,loss_recon:0.437714

3400-loss_z:4.452572,accu:0.291139,loss_recon:0.717619

3600-loss_z:0.409451,accu:0.940091,loss_recon:0.425287

3600-loss_z:4.665797,accu:0.291139,loss_recon:0.754464

3800-loss_z:0.382298,accu:0.942064,loss_recon:0.415403

3800-loss_z:4.879479,accu:0.303797,loss_recon:0.733729

4000-loss_z:0.359384,accu:0.951777,loss_recon:0.406797

4000-loss_z:5.101336,accu:0.291139,loss_recon:0.727888

4200-loss_z:0.335803,accu:0.958874,loss_recon:0.401567

4200-loss_z:5.390123,accu:0.303797,loss_recon:0.752048

4400-loss_z:0.315706,accu:0.958509,loss_recon:0.394262

4400-loss_z:5.587755,accu:0.316456,loss_recon:0.74497

4600-loss_z:0.29719,accu:0.965072,loss_recon:0.381959

4600-loss_z:5.813993,accu:0.329114,loss_recon:0.73276

4800-loss_z:0.280738,accu:0.970299,loss_recon:0.384864

4800-loss_z:6.081178,accu:0.316456,loss_recon:0.752324

5000-loss_z:0.264314,accu:0.974889,loss_recon:0.381012

5000-loss_z:6.329857,accu:0.303797,loss_recon:0.754015

5200-loss_z:0.248948,accu:0.982474,loss_recon:0.368076

5200-loss_z:6.596499,accu:0.341772,loss_recon:0.752885

5400-loss_z:0.232969,accu:0.9839,loss_recon:0.361133

5400-loss_z:6.8519,accu:0.35443,loss_recon:0.756321

5600-loss_z:0.219713,accu:0.98623,loss_recon:0.356043

5600-loss_z:7.126681,accu:0.35443,loss_recon:0.735118

5800-loss_z:0.206559,accu:0.991263,loss_recon:0.356653

5800-loss_z:7.375387,accu:0.341772,loss_recon:0.750115

6000-loss_z:0.193883,accu:0.991393,loss_recon:0.347873

6000-loss_z:7.674553,accu:0.35443,loss_recon:0.748434

6200-loss_z:0.184039,accu:0.992533,loss_recon:0.352031

6200-loss_z:7.951048,accu:0.341772,loss_recon:0.756372

6400-loss_z:0.17133,accu:0.994993,loss_recon:0.33933

6400-loss_z:8.223841,accu:0.367089,loss_recon:0.7526

6600-loss_z:0.161522,accu:0.993431,loss_recon:0.327969

6600-loss_z:8.507847,accu:0.35443,loss_recon:0.730183

6800-loss_z:0.151874,accu:0.99625,loss_recon:0.32843

6800-loss_z:8.791665,accu:0.367089,loss_recon:0.740251

7000-loss_z:0.141173,accu:0.997493,loss_recon:0.333265

7000-loss_z:9.082589,accu:0.35443,loss_recon:0.743602

7200-loss_z:0.131839,accu:0.997708,loss_recon:0.326063

7200-loss_z:9.394619,accu:0.379747,loss_recon:0.73085

7400-loss_z:0.124183,accu:0.998438,loss_recon:0.326466

7400-loss_z:9.700392,accu:0.367089,loss_recon:0.751113

7600-loss_z:0.116619,accu:0.998607,loss_recon:0.33059

7600-loss_z:9.993297,accu:0.341772,loss_recon:0.755608

7800-loss_z:0.109621,accu:0.998926,loss_recon:0.322597

7800-loss_z:10.300102,accu:0.35443,loss_recon:0.739429

8000-loss_z:0.101429,accu:0.999876,loss_recon:0.322787

8000-loss_z:10.569197,accu:0.379747,loss_recon:0.749789

8200-loss_z:0.095111,accu:1.0,loss_recon:0.325049

8200-loss_z:10.916775,accu:0.392405,loss_recon:0.752828

8400-loss_z:0.08866,accu:1.0,loss_recon:0.322871

8400-loss_z:11.202366,accu:0.367089,loss_recon:0.740241

8600-loss_z:0.083531,accu:0.999941,loss_recon:0.315686

8600-loss_z:11.527427,accu:0.367089,loss_recon:0.732764

8800-loss_z:0.076627,accu:1.0,loss_recon:0.319642

8800-loss_z:11.860923,accu:0.379747,loss_recon:0.748981

9000-loss_z:0.070745,accu:1.0,loss_recon:0.316597

9000-loss_z:12.21062,accu:0.379747,loss_recon:0.756082

9200-loss_z:0.066421,accu:1.0,loss_recon:0.314831

9200-loss_z:12.55096,accu:0.379747,loss_recon:0.741429

9400-loss_z:0.060744,accu:1.0,loss_recon:0.314237

9400-loss_z:12.89282,accu:0.379747,loss_recon:0.750374

9600-loss_z:0.05743,accu:1.0,loss_recon:0.31421

9600-loss_z:13.220818,accu:0.379747,loss_recon:0.735382

9800-loss_z:0.052596,accu:1.0,loss_recon:0.313516

9800-loss_z:13.575591,accu:0.392405,loss_recon:0.749201

10000-loss_z:0.048594,accu:1.0,loss_recon:0.311422

10000-loss_z:13.915333,accu:0.379747,loss_recon:0.737695

10200-loss_z:0.044913,accu:1.0,loss_recon:0.309317

10200-loss_z:14.246078,accu:0.379747,loss_recon:0.751372

10400-loss_z:0.041566,accu:1.0,loss_recon:0.313306

10400-loss_z:14.554873,accu:0.379747,loss_recon:0.738836

10600-loss_z:0.037878,accu:1.0,loss_recon:0.312799

10600-loss_z:14.869334,accu:0.379747,loss_recon:0.75645

10800-loss_z:0.035224,accu:1.0,loss_recon:0.310379

10800-loss_z:15.101275,accu:0.379747,loss_recon:0.726254

11000-loss_z:0.032371,accu:1.0,loss_recon:0.309743

11000-loss_z:15.374628,accu:0.35443,loss_recon:0.738317

11200-loss_z:0.029532,accu:1.0,loss_recon:0.311673

11200-loss_z:15.717937,accu:0.379747,loss_recon:0.744812

11400-loss_z:0.027143,accu:1.0,loss_recon:0.309241

11400-loss_z:16.107157,accu:0.392405,loss_recon:0.732866

11600-loss_z:0.024887,accu:1.0,loss_recon:0.310296

11600-loss_z:16.558315,accu:0.379747,loss_recon:0.745274

11800-loss_z:0.022505,accu:1.0,loss_recon:0.309422

11800-loss_z:17.051395,accu:0.392405,loss_recon:0.750281

12000-loss_z:0.020876,accu:1.0,loss_recon:0.308646

12000-loss_z:17.535275,accu:0.392405,loss_recon:0.749938

12200-loss_z:0.019472,accu:1.0,loss_recon:0.306081

12200-loss_z:18.006891,accu:0.392405,loss_recon:0.750846

12400-loss_z:0.017468,accu:1.0,loss_recon:0.304654

12400-loss_z:18.501213,accu:0.392405,loss_recon:0.737772

12600-loss_z:0.015852,accu:1.0,loss_recon:0.303188

12600-loss_z:18.923903,accu:0.379747,loss_recon:0.768017

12800-loss_z:0.014535,accu:1.0,loss_recon:0.302914

12800-loss_z:19.381443,accu:0.379747,loss_recon:0.745015

13000-loss_z:0.013165,accu:1.0,loss_recon:0.304489

13000-loss_z:19.873177,accu:0.379747,loss_recon:0.740812

13200-loss_z:0.01219,accu:1.0,loss_recon:0.30369

13200-loss_z:20.349482,accu:0.379747,loss_recon:0.749815

13400-loss_z:0.011011,accu:1.0,loss_recon:0.302202

13400-loss_z:20.848532,accu:0.367089,loss_recon:0.757407

13600-loss_z:0.010106,accu:1.0,loss_recon:0.304186

13600-loss_z:21.279894,accu:0.379747,loss_recon:0.726259

13800-loss_z:0.009152,accu:1.0,loss_recon:0.297079

13800-loss_z:21.748236,accu:0.379747,loss_recon:0.750374

14000-loss_z:0.008362,accu:1.0,loss_recon:0.305056

14000-loss_z:22.212839,accu:0.367089,loss_recon:0.752005

14200-loss_z:0.007592,accu:1.0,loss_recon:0.30091

14200-loss_z:22.634794,accu:0.379747,loss_recon:0.758952

14400-loss_z:0.007015,accu:1.0,loss_recon:0.30623

14400-loss_z:23.083385,accu:0.379747,loss_recon:0.743734

14600-loss_z:0.006267,accu:1.0,loss_recon:0.299624

14600-loss_z:23.529583,accu:0.379747,loss_recon:0.733257

14800-loss_z:0.005699,accu:1.0,loss_recon:0.300209

14800-loss_z:23.964212,accu:0.379747,loss_recon:0.755759

15000-loss_z:0.005139,accu:1.0,loss_recon:0.30368

15000-loss_z:24.423359,accu:0.379747,loss_recon:0.765506

15200-loss_z:0.00469,accu:1.0,loss_recon:0.302707

15200-loss_z:24.828762,accu:0.379747,loss_recon:0.774267

15400-loss_z:0.004292,accu:1.0,loss_recon:0.299755

15400-loss_z:25.289726,accu:0.379747,loss_recon:0.785316

15600-loss_z:0.00387,accu:1.0,loss_recon:0.303287

15600-loss_z:25.681669,accu:0.379747,loss_recon:0.752849

15800-loss_z:0.003482,accu:1.0,loss_recon:0.300684

15800-loss_z:26.138567,accu:0.379747,loss_recon:0.763013

16000-loss_z:0.003144,accu:1.0,loss_recon:0.298041

16000-loss_z:26.588709,accu:0.379747,loss_recon:0.787658

16200-loss_z:0.002906,accu:1.0,loss_recon:0.296169

16200-loss_z:27.031763,accu:0.379747,loss_recon:0.769877

16400-loss_z:0.002585,accu:1.0,loss_recon:0.299401

16400-loss_z:27.468447,accu:0.379747,loss_recon:0.759054

16600-loss_z:0.002348,accu:1.0,loss_recon:0.293411

16600-loss_z:27.97718,accu:0.379747,loss_recon:0.769769

16800-loss_z:0.002135,accu:1.0,loss_recon:0.282695

16800-loss_z:28.380083,accu:0.379747,loss_recon:0.762501

17000-loss_z:0.001923,accu:1.0,loss_recon:0.280784

17000-loss_z:28.849312,accu:0.367089,loss_recon:0.755678

17200-loss_z:0.001729,accu:1.0,loss_recon:0.280916

17200-loss_z:29.307045,accu:0.379747,loss_recon:0.761616

17400-loss_z:0.001562,accu:1.0,loss_recon:0.277707

17400-loss_z:29.779303,accu:0.367089,loss_recon:0.745001

17600-loss_z:0.001426,accu:1.0,loss_recon:0.278333

17600-loss_z:30.192961,accu:0.367089,loss_recon:0.743107

17800-loss_z:0.001283,accu:1.0,loss_recon:0.276247

17800-loss_z:30.641153,accu:0.367089,loss_recon:0.733033

18000-loss_z:0.001143,accu:1.0,loss_recon:0.277769

18000-loss_z:31.08252,accu:0.367089,loss_recon:0.74225

18200-loss_z:0.001028,accu:1.0,loss_recon:0.273806

18200-loss_z:31.511385,accu:0.367089,loss_recon:0.720296

18400-loss_z:0.000939,accu:1.0,loss_recon:0.27565

18400-loss_z:31.99465,accu:0.367089,loss_recon:0.734254

18600-loss_z:0.000836,accu:1.0,loss_recon:0.274542

18600-loss_z:32.393974,accu:0.367089,loss_recon:0.745056

18800-loss_z:0.000751,accu:1.0,loss_recon:0.273969

18800-loss_z:32.866318,accu:0.367089,loss_recon:0.735861

19000-loss_z:0.000677,accu:1.0,loss_recon:0.273634

19000-loss_z:33.289555,accu:0.367089,loss_recon:0.73337

19200-loss_z:0.000598,accu:1.0,loss_recon:0.268523

19200-loss_z:33.753448,accu:0.367089,loss_recon:0.726405

19400-loss_z:0.00054,accu:1.0,loss_recon:0.268194

19400-loss_z:34.205284,accu:0.367089,loss_recon:0.733917

19600-loss_z:0.000493,accu:1.0,loss_recon:0.270758

19600-loss_z:34.626408,accu:0.367089,loss_recon:0.744295

19800-loss_z:0.000434,accu:1.0,loss_recon:0.270672

19800-loss_z:35.065163,accu:0.367089,loss_recon:0.757117

20000-loss_z:0.000396,accu:1.0,loss_recon:0.268788

20000-loss_z:35.546989,accu:0.367089,loss_recon:0.749393

Continue training
New FC model is initialized
200-loss_z:2.573182,accu:0.202425,loss_recon:2.602174

200-loss_z:2.685891,accu:0.050633,loss_recon:1.884322

400-loss_z:1.893198,accu:0.413177,loss_recon:1.500519

400-loss_z:2.541398,accu:0.177215,loss_recon:1.56916

600-loss_z:1.518273,accu:0.52373,loss_recon:1.325533

600-loss_z:2.52975,accu:0.240506,loss_recon:1.483344

800-loss_z:1.293406,accu:0.588398,loss_recon:1.254061

800-loss_z:2.575507,accu:0.265823,loss_recon:1.435992

1000-loss_z:1.121265,accu:0.669336,loss_recon:1.165624

1000-loss_z:2.677269,accu:0.240506,loss_recon:1.349071

1200-loss_z:0.996217,accu:0.723646,loss_recon:1.103242

1200-loss_z:2.752904,accu:0.21519,loss_recon:1.30744

1400-loss_z:0.894891,accu:0.780827,loss_recon:1.039059

1400-loss_z:2.875466,accu:0.240506,loss_recon:1.262634

1600-loss_z:0.819727,accu:0.796302,loss_recon:0.971952

1600-loss_z:2.958225,accu:0.253165,loss_recon:1.192548

1800-loss_z:0.750779,accu:0.822786,loss_recon:0.914058

1800-loss_z:3.075803,accu:0.253165,loss_recon:1.096617

2000-loss_z:0.691413,accu:0.84209,loss_recon:0.805425

2000-loss_z:3.1962,accu:0.265823,loss_recon:1.012957

2200-loss_z:0.639922,accu:0.865736,loss_recon:0.711704

2200-loss_z:3.306966,accu:0.265823,loss_recon:0.937092

2400-loss_z:0.594908,accu:0.877253,loss_recon:0.658289

2400-loss_z:3.470809,accu:0.278481,loss_recon:0.858814

2600-loss_z:0.557822,accu:0.888177,loss_recon:0.605245

2600-loss_z:3.583707,accu:0.278481,loss_recon:0.819445

2800-loss_z:0.516186,accu:0.908151,loss_recon:0.56724

2800-loss_z:3.730241,accu:0.278481,loss_recon:0.777474

3000-loss_z:0.492535,accu:0.904401,loss_recon:0.523622

3000-loss_z:3.874313,accu:0.303797,loss_recon:0.74895

3200-loss_z:0.455499,accu:0.916484,loss_recon:0.498818

3200-loss_z:4.054904,accu:0.265823,loss_recon:0.737873

3400-loss_z:0.43312,accu:0.918053,loss_recon:0.481205

3400-loss_z:4.233162,accu:0.278481,loss_recon:0.719663

3600-loss_z:0.402877,accu:0.929427,loss_recon:0.464937

3600-loss_z:4.392156,accu:0.303797,loss_recon:0.712696

3800-loss_z:0.376515,accu:0.933366,loss_recon:0.450337

3800-loss_z:4.587163,accu:0.291139,loss_recon:0.703162

4000-loss_z:0.357329,accu:0.935423,loss_recon:0.4347

4000-loss_z:4.781511,accu:0.303797,loss_recon:0.687068

4200-loss_z:0.334401,accu:0.945684,loss_recon:0.419236

4200-loss_z:4.987894,accu:0.278481,loss_recon:0.680184

4400-loss_z:0.32077,accu:0.94638,loss_recon:0.406194

4400-loss_z:5.219457,accu:0.291139,loss_recon:0.668083

4600-loss_z:0.300731,accu:0.952734,loss_recon:0.395371

4600-loss_z:5.42361,accu:0.291139,loss_recon:0.648728

4800-loss_z:0.281848,accu:0.953294,loss_recon:0.382357

4800-loss_z:5.646737,accu:0.291139,loss_recon:0.636166

5000-loss_z:0.264162,accu:0.958288,loss_recon:0.376065

5000-loss_z:5.890029,accu:0.278481,loss_recon:0.637047

5200-loss_z:0.250834,accu:0.960996,loss_recon:0.363349

5200-loss_z:6.154836,accu:0.291139,loss_recon:0.620979

5400-loss_z:0.238436,accu:0.963125,loss_recon:0.361421

5400-loss_z:6.400953,accu:0.303797,loss_recon:0.633537

5600-loss_z:0.225227,accu:0.962975,loss_recon:0.355597

5600-loss_z:6.690629,accu:0.316456,loss_recon:0.603306

5800-loss_z:0.212844,accu:0.964733,loss_recon:0.347439

5800-loss_z:6.979007,accu:0.303797,loss_recon:0.612661

6000-loss_z:0.203619,accu:0.962949,loss_recon:0.339747

6000-loss_z:7.264314,accu:0.291139,loss_recon:0.609148

6200-loss_z:0.194214,accu:0.967129,loss_recon:0.333268

6200-loss_z:7.529895,accu:0.278481,loss_recon:0.591764

6400-loss_z:0.182861,accu:0.96944,loss_recon:0.326548

6400-loss_z:7.861789,accu:0.278481,loss_recon:0.597761

6600-loss_z:0.173342,accu:0.972174,loss_recon:0.327095

6600-loss_z:8.2101,accu:0.278481,loss_recon:0.595991

6800-loss_z:0.167099,accu:0.974128,loss_recon:0.320821

6800-loss_z:8.499711,accu:0.278481,loss_recon:0.592284

7000-loss_z:0.157456,accu:0.976712,loss_recon:0.31369

7000-loss_z:8.796814,accu:0.253165,loss_recon:0.59444

7200-loss_z:0.150259,accu:0.978678,loss_recon:0.311927

7200-loss_z:9.169529,accu:0.265823,loss_recon:0.587653

7400-loss_z:0.143422,accu:0.981868,loss_recon:0.30913

7400-loss_z:9.535141,accu:0.265823,loss_recon:0.58426

7600-loss_z:0.135134,accu:0.984342,loss_recon:0.307623

7600-loss_z:9.870107,accu:0.265823,loss_recon:0.577961

7800-loss_z:0.130846,accu:0.984434,loss_recon:0.30228

7800-loss_z:10.290068,accu:0.265823,loss_recon:0.591039

8000-loss_z:0.123809,accu:0.987103,loss_recon:0.301036

8000-loss_z:10.680571,accu:0.278481,loss_recon:0.587042

8200-loss_z:0.118511,accu:0.987083,loss_recon:0.30097

8200-loss_z:11.116277,accu:0.278481,loss_recon:0.585036

8400-loss_z:0.113785,accu:0.987402,loss_recon:0.30218

8400-loss_z:11.477172,accu:0.291139,loss_recon:0.578899

8600-loss_z:0.106578,accu:0.986973,loss_recon:0.297227

8600-loss_z:11.919017,accu:0.278481,loss_recon:0.588178

8800-loss_z:0.103148,accu:0.987617,loss_recon:0.297265

8800-loss_z:12.338226,accu:0.278481,loss_recon:0.587041

9000-loss_z:0.098673,accu:0.98776,loss_recon:0.294563

9000-loss_z:12.731509,accu:0.278481,loss_recon:0.580732

9200-loss_z:0.095764,accu:0.987819,loss_recon:0.29635

9200-loss_z:13.191723,accu:0.265823,loss_recon:0.565586

9400-loss_z:0.093272,accu:0.986224,loss_recon:0.293123

9400-loss_z:13.599087,accu:0.278481,loss_recon:0.574216

9600-loss_z:0.089983,accu:0.986061,loss_recon:0.296877

9600-loss_z:14.044419,accu:0.278481,loss_recon:0.569904

9800-loss_z:0.084149,accu:0.987051,loss_recon:0.292219

9800-loss_z:14.420848,accu:0.278481,loss_recon:0.570994

10000-loss_z:0.080719,accu:0.988711,loss_recon:0.292721

10000-loss_z:14.86433,accu:0.265823,loss_recon:0.575695

10200-loss_z:0.077304,accu:0.987148,loss_recon:0.293013

10200-loss_z:15.278814,accu:0.316456,loss_recon:0.56852

10400-loss_z:0.07475,accu:0.988053,loss_recon:0.293018

10400-loss_z:15.709022,accu:0.265823,loss_recon:0.56471

10600-loss_z:0.072106,accu:0.987858,loss_recon:0.286789

10600-loss_z:16.129463,accu:0.240506,loss_recon:0.585094

10800-loss_z:0.068836,accu:0.987832,loss_recon:0.286033

10800-loss_z:16.569056,accu:0.253165,loss_recon:0.564519

11000-loss_z:0.06613,accu:0.987279,loss_recon:0.28276

11000-loss_z:17.021849,accu:0.253165,loss_recon:0.583667

11200-loss_z:0.063313,accu:0.988561,loss_recon:0.28225

11200-loss_z:17.396076,accu:0.253165,loss_recon:0.584144

11400-loss_z:0.060376,accu:0.989707,loss_recon:0.283744

11400-loss_z:17.81856,accu:0.253165,loss_recon:0.586817

11600-loss_z:0.05972,accu:0.988372,loss_recon:0.280823

11600-loss_z:18.216574,accu:0.253165,loss_recon:0.580715

11800-loss_z:0.057344,accu:0.987884,loss_recon:0.278973

11800-loss_z:18.630287,accu:0.253165,loss_recon:0.581795

12000-loss_z:0.054159,accu:0.988626,loss_recon:0.277839

12000-loss_z:19.017538,accu:0.253165,loss_recon:0.583869

12200-loss_z:0.051902,accu:0.9889,loss_recon:0.2793

12200-loss_z:19.410591,accu:0.253165,loss_recon:0.584205

12400-loss_z:0.050043,accu:0.988633,loss_recon:0.280261

12400-loss_z:19.829805,accu:0.253165,loss_recon:0.587718

12600-loss_z:0.048794,accu:0.988893,loss_recon:0.279116

12600-loss_z:20.228872,accu:0.253165,loss_recon:0.579416

12800-loss_z:0.047212,accu:0.988229,loss_recon:0.278899

12800-loss_z:20.587921,accu:0.253165,loss_recon:0.578114

13000-loss_z:0.044502,accu:0.990091,loss_recon:0.274177

13000-loss_z:20.9918,accu:0.253165,loss_recon:0.577167

13200-loss_z:0.042259,accu:0.990221,loss_recon:0.275585

13200-loss_z:21.330034,accu:0.265823,loss_recon:0.584506

13400-loss_z:0.041544,accu:0.991211,loss_recon:0.273939

13400-loss_z:21.704823,accu:0.253165,loss_recon:0.589452

13600-loss_z:0.040131,accu:0.990898,loss_recon:0.276646

13600-loss_z:22.060209,accu:0.265823,loss_recon:0.604012

13800-loss_z:0.038766,accu:0.991823,loss_recon:0.273045

13800-loss_z:22.39432,accu:0.240506,loss_recon:0.597806

14000-loss_z:0.036806,accu:0.992207,loss_recon:0.273286

14000-loss_z:22.734488,accu:0.240506,loss_recon:0.587813

14200-loss_z:0.034084,accu:0.993913,loss_recon:0.270776

14200-loss_z:23.105669,accu:0.240506,loss_recon:0.594165

14400-loss_z:0.034158,accu:0.99347,loss_recon:0.273141

14400-loss_z:23.46969,accu:0.240506,loss_recon:0.602425

14600-loss_z:0.032237,accu:0.99416,loss_recon:0.270752

14600-loss_z:23.801348,accu:0.240506,loss_recon:0.601941

14800-loss_z:0.030534,accu:0.995085,loss_recon:0.267986

14800-loss_z:24.140223,accu:0.240506,loss_recon:0.599349

15000-loss_z:0.029427,accu:0.995521,loss_recon:0.269254

15000-loss_z:24.500223,accu:0.240506,loss_recon:0.607535

15200-loss_z:0.0285,accu:0.995098,loss_recon:0.270223

15200-loss_z:24.854572,accu:0.240506,loss_recon:0.588527

15400-loss_z:0.027199,accu:0.996191,loss_recon:0.270535

15400-loss_z:25.171864,accu:0.240506,loss_recon:0.596504

15600-loss_z:0.026209,accu:0.996999,loss_recon:0.270223

15600-loss_z:25.499737,accu:0.240506,loss_recon:0.619903

15800-loss_z:0.024291,accu:0.998073,loss_recon:0.265563

15800-loss_z:25.755434,accu:0.240506,loss_recon:0.609147

16000-loss_z:0.023316,accu:0.99875,loss_recon:0.265989

16000-loss_z:26.051498,accu:0.240506,loss_recon:0.593472

16200-loss_z:0.022493,accu:0.998711,loss_recon:0.268965

16200-loss_z:26.390551,accu:0.253165,loss_recon:0.607062

16400-loss_z:0.021095,accu:0.998802,loss_recon:0.266255

16400-loss_z:26.721561,accu:0.253165,loss_recon:0.595857

16600-loss_z:0.020418,accu:0.999036,loss_recon:0.266273

16600-loss_z:27.030945,accu:0.253165,loss_recon:0.597475

16800-loss_z:0.020594,accu:0.998991,loss_recon:0.272259

16800-loss_z:27.358698,accu:0.253165,loss_recon:0.609044

17000-loss_z:0.018593,accu:0.999733,loss_recon:0.265677

17000-loss_z:27.72393,accu:0.253165,loss_recon:0.59739

17200-loss_z:0.017843,accu:0.99998,loss_recon:0.267747

17200-loss_z:28.067732,accu:0.253165,loss_recon:0.608994

17400-loss_z:0.017429,accu:1.0,loss_recon:0.267391

17400-loss_z:28.540546,accu:0.253165,loss_recon:0.605672

17600-loss_z:0.016131,accu:1.0,loss_recon:0.262745

17600-loss_z:29.15307,accu:0.253165,loss_recon:0.607313

17800-loss_z:0.014749,accu:1.0,loss_recon:0.266408

17800-loss_z:29.717583,accu:0.253165,loss_recon:0.615659

18000-loss_z:0.014721,accu:1.0,loss_recon:0.264291

18000-loss_z:30.244221,accu:0.253165,loss_recon:0.612054

18200-loss_z:0.013725,accu:1.0,loss_recon:0.260375

18200-loss_z:30.775965,accu:0.253165,loss_recon:0.613068

18400-loss_z:0.012956,accu:1.0,loss_recon:0.262766

18400-loss_z:31.321449,accu:0.253165,loss_recon:0.611804

18600-loss_z:0.012395,accu:1.0,loss_recon:0.264189

18600-loss_z:31.837658,accu:0.253165,loss_recon:0.61594

18800-loss_z:0.011791,accu:1.0,loss_recon:0.265174

18800-loss_z:32.417213,accu:0.253165,loss_recon:0.614146

19000-loss_z:0.010922,accu:1.0,loss_recon:0.265149

19000-loss_z:32.955044,accu:0.253165,loss_recon:0.623152

19200-loss_z:0.010234,accu:1.0,loss_recon:0.265629

19200-loss_z:33.622833,accu:0.253165,loss_recon:0.615195

19400-loss_z:0.00989,accu:1.0,loss_recon:0.261226

19400-loss_z:34.171017,accu:0.253165,loss_recon:0.629088

19600-loss_z:0.009507,accu:1.0,loss_recon:0.264623

19600-loss_z:34.659218,accu:0.240506,loss_recon:0.629938

19800-loss_z:0.008917,accu:1.0,loss_recon:0.262537

19800-loss_z:35.22654,accu:0.240506,loss_recon:0.624915

20000-loss_z:0.008553,accu:1.0,loss_recon:0.261023

20000-loss_z:35.643181,accu:0.253165,loss_recon:0.629102

Continue training
New FC model is initialized
200-loss_z:2.607199,accu:0.180368,loss_recon:2.493115

200-loss_z:2.659896,accu:0.113924,loss_recon:1.823196

400-loss_z:1.8571,accu:0.377845,loss_recon:1.455499

400-loss_z:2.506786,accu:0.151899,loss_recon:1.485267

600-loss_z:1.493659,accu:0.507344,loss_recon:1.240227

600-loss_z:2.471424,accu:0.177215,loss_recon:1.374798

800-loss_z:1.260376,accu:0.632513,loss_recon:1.087969

800-loss_z:2.455306,accu:0.177215,loss_recon:1.244764

1000-loss_z:1.095838,accu:0.673294,loss_recon:0.947139

1000-loss_z:2.49038,accu:0.240506,loss_recon:1.150726

1200-loss_z:0.979767,accu:0.723346,loss_recon:0.873306

1200-loss_z:2.550091,accu:0.253165,loss_recon:1.080753

1400-loss_z:0.892973,accu:0.744479,loss_recon:0.824601

1400-loss_z:2.631394,accu:0.253165,loss_recon:1.04514

1600-loss_z:0.824361,accu:0.766217,loss_recon:0.741076

1600-loss_z:2.688226,accu:0.265823,loss_recon:1.01052

1800-loss_z:0.763547,accu:0.785397,loss_recon:0.66919

1800-loss_z:2.742209,accu:0.278481,loss_recon:0.966614

2000-loss_z:0.708807,accu:0.804935,loss_recon:0.618013

2000-loss_z:2.790545,accu:0.329114,loss_recon:0.935188

2200-loss_z:0.661946,accu:0.825977,loss_recon:0.575246

2200-loss_z:2.870985,accu:0.329114,loss_recon:0.903334

2400-loss_z:0.620131,accu:0.831999,loss_recon:0.538006

2400-loss_z:2.925022,accu:0.329114,loss_recon:0.903699

2600-loss_z:0.586294,accu:0.847975,loss_recon:0.513459

2600-loss_z:3.030056,accu:0.329114,loss_recon:0.881615

2800-loss_z:0.551545,accu:0.868796,loss_recon:0.497262

2800-loss_z:3.077768,accu:0.341772,loss_recon:0.849152

3000-loss_z:0.5166,accu:0.878294,loss_recon:0.469251

3000-loss_z:3.174563,accu:0.316456,loss_recon:0.840176

3200-loss_z:0.4904,accu:0.897227,loss_recon:0.454134

3200-loss_z:3.234046,accu:0.341772,loss_recon:0.865223

3400-loss_z:0.462758,accu:0.902103,loss_recon:0.433903

3400-loss_z:3.325238,accu:0.367089,loss_recon:0.863377

3600-loss_z:0.439078,accu:0.914049,loss_recon:0.422499

3600-loss_z:3.423806,accu:0.367089,loss_recon:0.843524

3800-loss_z:0.416352,accu:0.920117,loss_recon:0.402908

3800-loss_z:3.516347,accu:0.367089,loss_recon:0.86193

4000-loss_z:0.395612,accu:0.927728,loss_recon:0.386563

4000-loss_z:3.618901,accu:0.379747,loss_recon:0.846894

4200-loss_z:0.373228,accu:0.935501,loss_recon:0.386151

4200-loss_z:3.681181,accu:0.379747,loss_recon:0.837498

4400-loss_z:0.355528,accu:0.940026,loss_recon:0.377858

4400-loss_z:3.811289,accu:0.367089,loss_recon:0.855373

4600-loss_z:0.336755,accu:0.942018,loss_recon:0.367304

4600-loss_z:3.925592,accu:0.379747,loss_recon:0.83871

4800-loss_z:0.317554,accu:0.951973,loss_recon:0.34847

4800-loss_z:4.01563,accu:0.367089,loss_recon:0.82716

5000-loss_z:0.301018,accu:0.96304,loss_recon:0.335992

5000-loss_z:4.137603,accu:0.367089,loss_recon:0.800371

5200-loss_z:0.285422,accu:0.961803,loss_recon:0.325235

5200-loss_z:4.289347,accu:0.367089,loss_recon:0.79113

5400-loss_z:0.270622,accu:0.965098,loss_recon:0.32422

5400-loss_z:4.409361,accu:0.367089,loss_recon:0.772796

5600-loss_z:0.255827,accu:0.971921,loss_recon:0.313201

5600-loss_z:4.531651,accu:0.379747,loss_recon:0.77395

5800-loss_z:0.240375,accu:0.977585,loss_recon:0.313216

5800-loss_z:4.707259,accu:0.35443,loss_recon:0.769867

6000-loss_z:0.225432,accu:0.980085,loss_recon:0.311282

6000-loss_z:4.829048,accu:0.35443,loss_recon:0.771482

6200-loss_z:0.211709,accu:0.984056,loss_recon:0.305145

6200-loss_z:4.981908,accu:0.35443,loss_recon:0.766334

6400-loss_z:0.201383,accu:0.989935,loss_recon:0.302567

6400-loss_z:5.132562,accu:0.367089,loss_recon:0.756706

6600-loss_z:0.189169,accu:0.990964,loss_recon:0.302156

6600-loss_z:5.305311,accu:0.35443,loss_recon:0.738559

6800-loss_z:0.17884,accu:0.992962,loss_recon:0.299798

6800-loss_z:5.46689,accu:0.341772,loss_recon:0.738827

7000-loss_z:0.166555,accu:0.995977,loss_recon:0.293136

7000-loss_z:5.620848,accu:0.341772,loss_recon:0.745356

7200-loss_z:0.157058,accu:0.995469,loss_recon:0.29046

7200-loss_z:5.779224,accu:0.341772,loss_recon:0.73347

7400-loss_z:0.148025,accu:0.997311,loss_recon:0.285759

7400-loss_z:5.963421,accu:0.367089,loss_recon:0.740554

7600-loss_z:0.140113,accu:0.997363,loss_recon:0.290442

7600-loss_z:6.114452,accu:0.341772,loss_recon:0.740515

7800-loss_z:0.130124,accu:0.997461,loss_recon:0.28764

7800-loss_z:6.30897,accu:0.341772,loss_recon:0.735604

8000-loss_z:0.122679,accu:0.998802,loss_recon:0.287926

8000-loss_z:6.489941,accu:0.35443,loss_recon:0.71766

8200-loss_z:0.116249,accu:0.998307,loss_recon:0.282497

8200-loss_z:6.662344,accu:0.367089,loss_recon:0.73906

8400-loss_z:0.106774,accu:0.998919,loss_recon:0.284065

8400-loss_z:6.888474,accu:0.367089,loss_recon:0.73008

8600-loss_z:0.100221,accu:0.998711,loss_recon:0.280739

8600-loss_z:7.088574,accu:0.35443,loss_recon:0.720046

8800-loss_z:0.094948,accu:0.999538,loss_recon:0.283017

8800-loss_z:7.278914,accu:0.379747,loss_recon:0.740766

9000-loss_z:0.088479,accu:0.999557,loss_recon:0.277491

9000-loss_z:7.462554,accu:0.367089,loss_recon:0.714952

9200-loss_z:0.083523,accu:0.999635,loss_recon:0.279844

9200-loss_z:7.643152,accu:0.367089,loss_recon:0.718706

9400-loss_z:0.078306,accu:1.0,loss_recon:0.284989

9400-loss_z:7.90728,accu:0.379747,loss_recon:0.714127

9600-loss_z:0.073,accu:0.999798,loss_recon:0.279391

9600-loss_z:8.137244,accu:0.367089,loss_recon:0.709444

9800-loss_z:0.06933,accu:0.999818,loss_recon:0.277379

9800-loss_z:8.353554,accu:0.379747,loss_recon:0.704118

10000-loss_z:0.064909,accu:1.0,loss_recon:0.278695

10000-loss_z:8.555907,accu:0.35443,loss_recon:0.703187

10200-loss_z:0.060135,accu:1.0,loss_recon:0.278914

10200-loss_z:8.778188,accu:0.367089,loss_recon:0.703884

10400-loss_z:0.056255,accu:1.0,loss_recon:0.277254

10400-loss_z:9.049734,accu:0.367089,loss_recon:0.694001

10600-loss_z:0.052803,accu:1.0,loss_recon:0.276428

10600-loss_z:9.295377,accu:0.35443,loss_recon:0.70048

10800-loss_z:0.049872,accu:1.0,loss_recon:0.275866

10800-loss_z:9.506379,accu:0.35443,loss_recon:0.710958

11000-loss_z:0.045838,accu:1.0,loss_recon:0.271089

11000-loss_z:9.709483,accu:0.329114,loss_recon:0.714359

11200-loss_z:0.043165,accu:1.0,loss_recon:0.275068

11200-loss_z:9.970681,accu:0.35443,loss_recon:0.709723

11400-loss_z:0.04006,accu:1.0,loss_recon:0.275049

11400-loss_z:10.216818,accu:0.35443,loss_recon:0.707203

11600-loss_z:0.036813,accu:1.0,loss_recon:0.26759

11600-loss_z:10.440089,accu:0.341772,loss_recon:0.711177

11800-loss_z:0.03449,accu:1.0,loss_recon:0.267906

11800-loss_z:10.680869,accu:0.329114,loss_recon:0.719829

12000-loss_z:0.031996,accu:1.0,loss_recon:0.266782

12000-loss_z:10.988524,accu:0.341772,loss_recon:0.713018

12200-loss_z:0.030337,accu:1.0,loss_recon:0.265389

12200-loss_z:11.204742,accu:0.341772,loss_recon:0.724173

12400-loss_z:0.028125,accu:1.0,loss_recon:0.258934

12400-loss_z:11.470325,accu:0.341772,loss_recon:0.712933

12600-loss_z:0.025791,accu:1.0,loss_recon:0.255693

12600-loss_z:11.737102,accu:0.341772,loss_recon:0.696275

12800-loss_z:0.024188,accu:1.0,loss_recon:0.248869

12800-loss_z:11.997172,accu:0.329114,loss_recon:0.685542

13000-loss_z:0.022308,accu:1.0,loss_recon:0.246054

13000-loss_z:12.284355,accu:0.341772,loss_recon:0.675267

13200-loss_z:0.020687,accu:1.0,loss_recon:0.244764

13200-loss_z:12.53688,accu:0.35443,loss_recon:0.654934

13400-loss_z:0.019282,accu:1.0,loss_recon:0.240861

13400-loss_z:12.827083,accu:0.35443,loss_recon:0.655905

13600-loss_z:0.017551,accu:1.0,loss_recon:0.239615

13600-loss_z:13.118187,accu:0.35443,loss_recon:0.6515

13800-loss_z:0.016267,accu:1.0,loss_recon:0.242222

13800-loss_z:13.437831,accu:0.35443,loss_recon:0.656321

14000-loss_z:0.015186,accu:1.0,loss_recon:0.24364

14000-loss_z:13.716089,accu:0.341772,loss_recon:0.6656

14200-loss_z:0.013938,accu:1.0,loss_recon:0.242854

14200-loss_z:14.039371,accu:0.35443,loss_recon:0.651077

14400-loss_z:0.012854,accu:1.0,loss_recon:0.240746

14400-loss_z:14.347432,accu:0.329114,loss_recon:0.662522

14600-loss_z:0.011939,accu:1.0,loss_recon:0.237259

14600-loss_z:14.625974,accu:0.341772,loss_recon:0.643319

14800-loss_z:0.011073,accu:1.0,loss_recon:0.238755

14800-loss_z:14.94806,accu:0.341772,loss_recon:0.649727

15000-loss_z:0.010131,accu:1.0,loss_recon:0.239453

15000-loss_z:15.241772,accu:0.329114,loss_recon:0.654403

15200-loss_z:0.009195,accu:1.0,loss_recon:0.243648

15200-loss_z:15.570848,accu:0.316456,loss_recon:0.644296

15400-loss_z:0.008451,accu:1.0,loss_recon:0.23996

15400-loss_z:15.884825,accu:0.341772,loss_recon:0.648025

15600-loss_z:0.007752,accu:1.0,loss_recon:0.23706

15600-loss_z:16.180948,accu:0.329114,loss_recon:0.644213

15800-loss_z:0.007135,accu:1.0,loss_recon:0.239178

15800-loss_z:16.491337,accu:0.329114,loss_recon:0.641677

16000-loss_z:0.006554,accu:1.0,loss_recon:0.240234

16000-loss_z:16.831636,accu:0.329114,loss_recon:0.63976

16200-loss_z:0.006176,accu:1.0,loss_recon:0.240315

16200-loss_z:17.207506,accu:0.316456,loss_recon:0.657556

16400-loss_z:0.005486,accu:1.0,loss_recon:0.237754

16400-loss_z:17.532375,accu:0.329114,loss_recon:0.646078

16600-loss_z:0.00503,accu:1.0,loss_recon:0.238419

16600-loss_z:17.863361,accu:0.329114,loss_recon:0.638834

16800-loss_z:0.004622,accu:1.0,loss_recon:0.238598

16800-loss_z:18.173847,accu:0.291139,loss_recon:0.641748

17000-loss_z:0.004313,accu:1.0,loss_recon:0.238635

17000-loss_z:18.553495,accu:0.329114,loss_recon:0.637559

17200-loss_z:0.003898,accu:1.0,loss_recon:0.237872

17200-loss_z:18.861959,accu:0.303797,loss_recon:0.647258

17400-loss_z:0.003602,accu:1.0,loss_recon:0.238063

17400-loss_z:19.213909,accu:0.316456,loss_recon:0.64753

17600-loss_z:0.003314,accu:1.0,loss_recon:0.238155

17600-loss_z:19.528509,accu:0.303797,loss_recon:0.648003

17800-loss_z:0.002973,accu:1.0,loss_recon:0.235593

17800-loss_z:19.895773,accu:0.303797,loss_recon:0.649127

18000-loss_z:0.002725,accu:1.0,loss_recon:0.238095

18000-loss_z:20.24428,accu:0.303797,loss_recon:0.655957

18200-loss_z:0.002524,accu:1.0,loss_recon:0.235022

18200-loss_z:20.604071,accu:0.303797,loss_recon:0.652732

18400-loss_z:0.002307,accu:1.0,loss_recon:0.239176

18400-loss_z:20.990032,accu:0.303797,loss_recon:0.642959

18600-loss_z:0.002082,accu:1.0,loss_recon:0.235424

18600-loss_z:21.383789,accu:0.303797,loss_recon:0.647004

18800-loss_z:0.001897,accu:1.0,loss_recon:0.237994

18800-loss_z:21.794338,accu:0.316456,loss_recon:0.643119

19000-loss_z:0.001722,accu:1.0,loss_recon:0.238051

19000-loss_z:22.276531,accu:0.329114,loss_recon:0.650909

19200-loss_z:0.001578,accu:1.0,loss_recon:0.237287

19200-loss_z:22.773773,accu:0.329114,loss_recon:0.639568

19400-loss_z:0.001455,accu:1.0,loss_recon:0.235965

19400-loss_z:23.285364,accu:0.329114,loss_recon:0.639148

19600-loss_z:0.001288,accu:1.0,loss_recon:0.23755

19600-loss_z:23.792698,accu:0.341772,loss_recon:0.642311

19800-loss_z:0.001183,accu:1.0,loss_recon:0.234703

19800-loss_z:24.288944,accu:0.341772,loss_recon:0.641967

20000-loss_z:0.001074,accu:1.0,loss_recon:0.237799

20000-loss_z:24.83646,accu:0.341772,loss_recon:0.633467

Continue training
New FC model is initialized
200-loss_z:2.61429,accu:0.172283,loss_recon:2.310509

200-loss_z:2.689157,accu:0.075949,loss_recon:1.832211

400-loss_z:1.943388,accu:0.368698,loss_recon:1.501188

400-loss_z:2.585709,accu:0.126582,loss_recon:1.48389

600-loss_z:1.565047,accu:0.48487,loss_recon:1.296761

600-loss_z:2.602973,accu:0.164557,loss_recon:1.382035

800-loss_z:1.340342,accu:0.577129,loss_recon:1.153617

800-loss_z:2.682586,accu:0.177215,loss_recon:1.279522

1000-loss_z:1.182422,accu:0.623203,loss_recon:1.037029

1000-loss_z:2.763385,accu:0.240506,loss_recon:1.118467

1200-loss_z:1.065033,accu:0.672194,loss_recon:0.906413

1200-loss_z:2.905049,accu:0.278481,loss_recon:0.974969

1400-loss_z:0.966028,accu:0.719635,loss_recon:0.814937

1400-loss_z:3.036654,accu:0.278481,loss_recon:0.921911

1600-loss_z:0.877638,accu:0.776257,loss_recon:0.742478

1600-loss_z:3.200234,accu:0.291139,loss_recon:0.843259

1800-loss_z:0.810529,accu:0.799069,loss_recon:0.688799

1800-loss_z:3.357276,accu:0.278481,loss_recon:0.822431

2000-loss_z:0.746622,accu:0.822721,loss_recon:0.658263

2000-loss_z:3.534926,accu:0.291139,loss_recon:0.789657

2200-loss_z:0.698734,accu:0.831992,loss_recon:0.622979

2200-loss_z:3.733434,accu:0.303797,loss_recon:0.77716

2400-loss_z:0.647719,accu:0.852064,loss_recon:0.586727

2400-loss_z:3.904434,accu:0.278481,loss_recon:0.754626

2600-loss_z:0.60933,accu:0.867734,loss_recon:0.560616

2600-loss_z:4.144414,accu:0.291139,loss_recon:0.735538

2800-loss_z:0.565394,accu:0.881855,loss_recon:0.533675

2800-loss_z:4.369135,accu:0.303797,loss_recon:0.736869

3000-loss_z:0.528205,accu:0.896816,loss_recon:0.503465

3000-loss_z:4.586133,accu:0.303797,loss_recon:0.713173

3200-loss_z:0.488948,accu:0.917331,loss_recon:0.483005

3200-loss_z:4.805573,accu:0.316456,loss_recon:0.699566

3400-loss_z:0.454249,accu:0.930599,loss_recon:0.464387

3400-loss_z:5.094423,accu:0.316456,loss_recon:0.701322

3600-loss_z:0.427022,accu:0.938717,loss_recon:0.441644

3600-loss_z:5.37745,accu:0.278481,loss_recon:0.707209

3800-loss_z:0.397818,accu:0.940475,loss_recon:0.419956

3800-loss_z:5.651707,accu:0.316456,loss_recon:0.679439

4000-loss_z:0.373042,accu:0.941341,loss_recon:0.408554

4000-loss_z:5.941385,accu:0.278481,loss_recon:0.65908

4200-loss_z:0.352389,accu:0.944388,loss_recon:0.399852

4200-loss_z:6.246769,accu:0.265823,loss_recon:0.658711

4400-loss_z:0.330746,accu:0.946263,loss_recon:0.393114

4400-loss_z:6.579841,accu:0.316456,loss_recon:0.644204

4600-loss_z:0.309224,accu:0.951784,loss_recon:0.379767

4600-loss_z:6.917116,accu:0.303797,loss_recon:0.633874

4800-loss_z:0.290175,accu:0.954681,loss_recon:0.371032

4800-loss_z:7.302092,accu:0.303797,loss_recon:0.632479

5000-loss_z:0.276725,accu:0.963652,loss_recon:0.363995

5000-loss_z:7.659119,accu:0.329114,loss_recon:0.620364

5200-loss_z:0.256933,accu:0.969564,loss_recon:0.36331

5200-loss_z:8.057522,accu:0.316456,loss_recon:0.627992

5400-loss_z:0.243364,accu:0.976517,loss_recon:0.356253

5400-loss_z:8.455775,accu:0.329114,loss_recon:0.603468

5600-loss_z:0.229024,accu:0.980781,loss_recon:0.348614

5600-loss_z:8.850913,accu:0.316456,loss_recon:0.594306

5800-loss_z:0.213114,accu:0.981901,loss_recon:0.351965

5800-loss_z:9.230074,accu:0.316456,loss_recon:0.599433

6000-loss_z:0.20284,accu:0.986003,loss_recon:0.347523

6000-loss_z:9.638615,accu:0.329114,loss_recon:0.582813

6200-loss_z:0.192566,accu:0.989505,loss_recon:0.341929

6200-loss_z:10.049189,accu:0.329114,loss_recon:0.588434

6400-loss_z:0.182147,accu:0.989909,loss_recon:0.332713

6400-loss_z:10.443518,accu:0.303797,loss_recon:0.574758

6600-loss_z:0.171633,accu:0.992559,loss_recon:0.325787

6600-loss_z:10.826111,accu:0.329114,loss_recon:0.577281

6800-loss_z:0.16216,accu:0.993737,loss_recon:0.326578

6800-loss_z:11.208253,accu:0.303797,loss_recon:0.580789

7000-loss_z:0.154762,accu:0.994264,loss_recon:0.322223

7000-loss_z:11.61037,accu:0.329114,loss_recon:0.569575

7200-loss_z:0.144984,accu:0.995378,loss_recon:0.323188

7200-loss_z:11.946494,accu:0.341772,loss_recon:0.556793

7400-loss_z:0.137242,accu:0.997695,loss_recon:0.31593

7400-loss_z:12.385111,accu:0.316456,loss_recon:0.560033

7600-loss_z:0.130852,accu:0.998385,loss_recon:0.313838

7600-loss_z:12.779737,accu:0.329114,loss_recon:0.559823

7800-loss_z:0.123052,accu:0.998763,loss_recon:0.314593

7800-loss_z:13.161948,accu:0.303797,loss_recon:0.546709

8000-loss_z:0.116969,accu:0.998802,loss_recon:0.313793

8000-loss_z:13.562052,accu:0.341772,loss_recon:0.547469

8200-loss_z:0.111197,accu:0.998796,loss_recon:0.310535

8200-loss_z:14.002481,accu:0.341772,loss_recon:0.538709

8400-loss_z:0.105771,accu:0.99931,loss_recon:0.306687

8400-loss_z:14.370638,accu:0.341772,loss_recon:0.52768

8600-loss_z:0.09825,accu:0.999785,loss_recon:0.309412

8600-loss_z:14.772777,accu:0.35443,loss_recon:0.548472

8800-loss_z:0.093986,accu:1.0,loss_recon:0.307532

8800-loss_z:15.171733,accu:0.341772,loss_recon:0.542857

9000-loss_z:0.089155,accu:1.0,loss_recon:0.304623

9000-loss_z:15.570875,accu:0.316456,loss_recon:0.538845

9200-loss_z:0.08374,accu:1.0,loss_recon:0.305711

9200-loss_z:16.007669,accu:0.341772,loss_recon:0.540834

9400-loss_z:0.079257,accu:0.999876,loss_recon:0.304263

9400-loss_z:16.418478,accu:0.341772,loss_recon:0.537057

9600-loss_z:0.075568,accu:1.0,loss_recon:0.303314

9600-loss_z:16.831041,accu:0.341772,loss_recon:0.535949

9800-loss_z:0.069275,accu:1.0,loss_recon:0.300354

9800-loss_z:17.261473,accu:0.329114,loss_recon:0.530262

10000-loss_z:0.066751,accu:1.0,loss_recon:0.300671

10000-loss_z:17.673912,accu:0.329114,loss_recon:0.546411

10200-loss_z:0.063276,accu:1.0,loss_recon:0.29848

10200-loss_z:18.098841,accu:0.329114,loss_recon:0.545189

10400-loss_z:0.058929,accu:1.0,loss_recon:0.297805

10400-loss_z:18.582335,accu:0.329114,loss_recon:0.545407

10600-loss_z:0.055545,accu:1.0,loss_recon:0.295576

10600-loss_z:19.041107,accu:0.329114,loss_recon:0.543194

10800-loss_z:0.053327,accu:1.0,loss_recon:0.298861

10800-loss_z:19.450497,accu:0.329114,loss_recon:0.535389

11000-loss_z:0.050416,accu:1.0,loss_recon:0.292042

11000-loss_z:19.913424,accu:0.329114,loss_recon:0.55026

11200-loss_z:0.04743,accu:1.0,loss_recon:0.291652

11200-loss_z:20.335306,accu:0.329114,loss_recon:0.540822

11400-loss_z:0.044253,accu:1.0,loss_recon:0.293068

11400-loss_z:20.77043,accu:0.329114,loss_recon:0.540985

11600-loss_z:0.041245,accu:1.0,loss_recon:0.293905

11600-loss_z:21.232239,accu:0.316456,loss_recon:0.548608

11800-loss_z:0.039484,accu:1.0,loss_recon:0.295177

11800-loss_z:21.752562,accu:0.341772,loss_recon:0.545974

12000-loss_z:0.037096,accu:1.0,loss_recon:0.28999

12000-loss_z:22.174129,accu:0.316456,loss_recon:0.53822

12200-loss_z:0.034665,accu:1.0,loss_recon:0.287392

12200-loss_z:22.672165,accu:0.316456,loss_recon:0.53393

12400-loss_z:0.032327,accu:1.0,loss_recon:0.288447

12400-loss_z:23.278526,accu:0.316456,loss_recon:0.539595

12600-loss_z:0.030708,accu:1.0,loss_recon:0.288381

12600-loss_z:24.101278,accu:0.316456,loss_recon:0.54516

12800-loss_z:0.028881,accu:1.0,loss_recon:0.288931

12800-loss_z:24.826715,accu:0.303797,loss_recon:0.542351

13000-loss_z:0.027102,accu:1.0,loss_recon:0.287369

13000-loss_z:25.420799,accu:0.341772,loss_recon:0.5287

13200-loss_z:0.025067,accu:1.0,loss_recon:0.285505

13200-loss_z:26.045738,accu:0.303797,loss_recon:0.542113

13400-loss_z:0.023547,accu:1.0,loss_recon:0.28704

13400-loss_z:26.627136,accu:0.329114,loss_recon:0.535763

13600-loss_z:0.022341,accu:1.0,loss_recon:0.282411

13600-loss_z:27.220379,accu:0.341772,loss_recon:0.529524

13800-loss_z:0.020782,accu:1.0,loss_recon:0.284472

13800-loss_z:27.772915,accu:0.329114,loss_recon:0.53788

14000-loss_z:0.019222,accu:1.0,loss_recon:0.285288

14000-loss_z:28.305799,accu:0.329114,loss_recon:0.522209

14200-loss_z:0.018022,accu:1.0,loss_recon:0.280792

14200-loss_z:28.877975,accu:0.316456,loss_recon:0.525264

14400-loss_z:0.016696,accu:1.0,loss_recon:0.283764

14400-loss_z:29.391262,accu:0.316456,loss_recon:0.526175

14600-loss_z:0.015386,accu:1.0,loss_recon:0.280826

14600-loss_z:29.90799,accu:0.303797,loss_recon:0.526329

14800-loss_z:0.014882,accu:1.0,loss_recon:0.282258

14800-loss_z:30.447874,accu:0.303797,loss_recon:0.528168

15000-loss_z:0.013468,accu:1.0,loss_recon:0.281098

15000-loss_z:30.990986,accu:0.316456,loss_recon:0.520225

15200-loss_z:0.012509,accu:1.0,loss_recon:0.281897

15200-loss_z:31.560064,accu:0.316456,loss_recon:0.523296

15400-loss_z:0.011744,accu:1.0,loss_recon:0.279953

15400-loss_z:32.120358,accu:0.316456,loss_recon:0.519915

15600-loss_z:0.010993,accu:1.0,loss_recon:0.279692

15600-loss_z:32.696957,accu:0.316456,loss_recon:0.538686

15800-loss_z:0.010287,accu:1.0,loss_recon:0.277706

15800-loss_z:33.232117,accu:0.316456,loss_recon:0.530155

16000-loss_z:0.009484,accu:1.0,loss_recon:0.277418

16000-loss_z:33.849613,accu:0.303797,loss_recon:0.537379

16200-loss_z:0.008846,accu:1.0,loss_recon:0.274158

16200-loss_z:34.349686,accu:0.316456,loss_recon:0.532567

16400-loss_z:0.00827,accu:1.0,loss_recon:0.276384

16400-loss_z:34.926743,accu:0.303797,loss_recon:0.534196

16600-loss_z:0.007531,accu:1.0,loss_recon:0.274413

16600-loss_z:35.502777,accu:0.316456,loss_recon:0.530891

16800-loss_z:0.007063,accu:1.0,loss_recon:0.277255

16800-loss_z:36.023849,accu:0.316456,loss_recon:0.532313

17000-loss_z:0.006649,accu:1.0,loss_recon:0.274157

17000-loss_z:36.63969,accu:0.329114,loss_recon:0.540275

17200-loss_z:0.006026,accu:1.0,loss_recon:0.275111

17200-loss_z:37.178089,accu:0.316456,loss_recon:0.540323

17400-loss_z:0.005556,accu:1.0,loss_recon:0.274104

17400-loss_z:37.73745,accu:0.329114,loss_recon:0.553625

17600-loss_z:0.005199,accu:1.0,loss_recon:0.27472

17600-loss_z:38.303646,accu:0.329114,loss_recon:0.547895

17800-loss_z:0.004829,accu:1.0,loss_recon:0.273814

17800-loss_z:38.877174,accu:0.329114,loss_recon:0.560021

18000-loss_z:0.004448,accu:1.0,loss_recon:0.269593

18000-loss_z:39.415237,accu:0.329114,loss_recon:0.560295

18200-loss_z:0.004109,accu:1.0,loss_recon:0.269983

18200-loss_z:40.019302,accu:0.329114,loss_recon:0.559385

18400-loss_z:0.003796,accu:1.0,loss_recon:0.272043

18400-loss_z:40.541523,accu:0.35443,loss_recon:0.568691

18600-loss_z:0.003499,accu:1.0,loss_recon:0.270806

18600-loss_z:41.074532,accu:0.35443,loss_recon:0.552048

18800-loss_z:0.003263,accu:1.0,loss_recon:0.270199

18800-loss_z:41.674576,accu:0.341772,loss_recon:0.549414

19000-loss_z:0.003006,accu:1.0,loss_recon:0.266797

19000-loss_z:42.189316,accu:0.341772,loss_recon:0.551622

19200-loss_z:0.002751,accu:1.0,loss_recon:0.26849

19200-loss_z:42.814419,accu:0.341772,loss_recon:0.547035

19400-loss_z:0.002541,accu:1.0,loss_recon:0.265685

19400-loss_z:43.393906,accu:0.35443,loss_recon:0.568563

19600-loss_z:0.002303,accu:1.0,loss_recon:0.269257

19600-loss_z:43.889122,accu:0.35443,loss_recon:0.559821

19800-loss_z:0.002125,accu:1.0,loss_recon:0.26645

19800-loss_z:44.432667,accu:0.35443,loss_recon:0.568871

20000-loss_z:0.001977,accu:1.0,loss_recon:0.263633

20000-loss_z:44.982967,accu:0.35443,loss_recon:0.555836

Continue training
New FC model is initialized
200-loss_z:2.685561,accu:0.139517,loss_recon:2.292218

200-loss_z:2.778019,accu:0.063291,loss_recon:1.619164

400-loss_z:1.991946,accu:0.374733,loss_recon:1.317595

400-loss_z:2.667338,accu:0.151899,loss_recon:1.195287

600-loss_z:1.614951,accu:0.478711,loss_recon:1.000777

600-loss_z:2.591604,accu:0.227848,loss_recon:0.960308

800-loss_z:1.385399,accu:0.544974,loss_recon:0.791529

800-loss_z:2.612252,accu:0.240506,loss_recon:0.870243

1000-loss_z:1.213093,accu:0.597129,loss_recon:0.666087

1000-loss_z:2.6492,accu:0.227848,loss_recon:0.824304

1200-loss_z:1.083947,accu:0.640221,loss_recon:0.580042

1200-loss_z:2.720004,accu:0.240506,loss_recon:0.795295

1400-loss_z:0.970846,accu:0.691178,loss_recon:0.525399

1400-loss_z:2.794538,accu:0.265823,loss_recon:0.79193

1600-loss_z:0.88215,accu:0.72599,loss_recon:0.47978

1600-loss_z:2.894726,accu:0.316456,loss_recon:0.786605

1800-loss_z:0.803392,accu:0.776829,loss_recon:0.462352

1800-loss_z:3.0264,accu:0.316456,loss_recon:0.816121

2000-loss_z:0.73369,accu:0.821061,loss_recon:0.432194

2000-loss_z:3.171472,accu:0.253165,loss_recon:0.809397

2200-loss_z:0.672493,accu:0.855671,loss_recon:0.418895

2200-loss_z:3.282063,accu:0.291139,loss_recon:0.804416

2400-loss_z:0.6176,accu:0.893053,loss_recon:0.404231

2400-loss_z:3.45291,accu:0.303797,loss_recon:0.776607

2600-loss_z:0.576842,accu:0.900612,loss_recon:0.395899

2600-loss_z:3.59887,accu:0.265823,loss_recon:0.800228

2800-loss_z:0.536892,accu:0.909036,loss_recon:0.383182

2800-loss_z:3.747411,accu:0.265823,loss_recon:0.776284

3000-loss_z:0.501616,accu:0.91791,loss_recon:0.379934

3000-loss_z:3.907945,accu:0.265823,loss_recon:0.762058

3200-loss_z:0.47018,accu:0.923509,loss_recon:0.370431

3200-loss_z:4.053006,accu:0.265823,loss_recon:0.782653

3400-loss_z:0.440011,accu:0.928073,loss_recon:0.36819

3400-loss_z:4.222468,accu:0.265823,loss_recon:0.77059

3600-loss_z:0.409117,accu:0.930671,loss_recon:0.364969

3600-loss_z:4.408129,accu:0.278481,loss_recon:0.76979

3800-loss_z:0.382147,accu:0.938294,loss_recon:0.362613

3800-loss_z:4.580463,accu:0.291139,loss_recon:0.77115

4000-loss_z:0.362442,accu:0.946048,loss_recon:0.357569

4000-loss_z:4.731113,accu:0.303797,loss_recon:0.781504

4200-loss_z:0.340947,accu:0.954056,loss_recon:0.354864

4200-loss_z:4.909312,accu:0.303797,loss_recon:0.772465

4400-loss_z:0.31799,accu:0.96181,loss_recon:0.357393

4400-loss_z:5.082308,accu:0.303797,loss_recon:0.769322

4600-loss_z:0.301147,accu:0.960638,loss_recon:0.353546

4600-loss_z:5.250101,accu:0.278481,loss_recon:0.793876

4800-loss_z:0.282425,accu:0.965625,loss_recon:0.351605

4800-loss_z:5.431913,accu:0.291139,loss_recon:0.763016

5000-loss_z:0.264187,accu:0.973848,loss_recon:0.352125

5000-loss_z:5.617968,accu:0.291139,loss_recon:0.783376

5200-loss_z:0.247716,accu:0.97791,loss_recon:0.348311

5200-loss_z:5.830066,accu:0.303797,loss_recon:0.777654

5400-loss_z:0.233901,accu:0.98123,loss_recon:0.347578

5400-loss_z:6.023248,accu:0.291139,loss_recon:0.774253

5600-loss_z:0.218921,accu:0.986022,loss_recon:0.346259

5600-loss_z:6.246023,accu:0.291139,loss_recon:0.773792

5800-loss_z:0.204383,accu:0.988281,loss_recon:0.342673

5800-loss_z:6.44064,accu:0.291139,loss_recon:0.769067

6000-loss_z:0.193069,accu:0.988542,loss_recon:0.341178

6000-loss_z:6.695649,accu:0.303797,loss_recon:0.788938

6200-loss_z:0.178884,accu:0.991172,loss_recon:0.340206

6200-loss_z:6.903258,accu:0.278481,loss_recon:0.763358

6400-loss_z:0.169011,accu:0.99127,loss_recon:0.339879

6400-loss_z:7.141625,accu:0.303797,loss_recon:0.759681

6600-loss_z:0.157749,accu:0.990605,loss_recon:0.334234

6600-loss_z:7.328095,accu:0.291139,loss_recon:0.769203

6800-loss_z:0.147822,accu:0.992852,loss_recon:0.337105

6800-loss_z:7.603486,accu:0.253165,loss_recon:0.772009

7000-loss_z:0.139636,accu:0.992324,loss_recon:0.332158

7000-loss_z:7.833391,accu:0.253165,loss_recon:0.776241

7200-loss_z:0.130938,accu:0.995059,loss_recon:0.324735

7200-loss_z:8.060898,accu:0.278481,loss_recon:0.746936

7400-loss_z:0.123242,accu:0.995182,loss_recon:0.320523

7400-loss_z:8.346271,accu:0.265823,loss_recon:0.78123

7600-loss_z:0.115137,accu:0.996986,loss_recon:0.318787

7600-loss_z:8.572365,accu:0.253165,loss_recon:0.7773

7800-loss_z:0.107939,accu:0.998236,loss_recon:0.314107

7800-loss_z:8.818913,accu:0.253165,loss_recon:0.769271

8000-loss_z:0.101049,accu:0.998561,loss_recon:0.308918

8000-loss_z:9.093637,accu:0.265823,loss_recon:0.782202

8200-loss_z:0.094938,accu:0.998796,loss_recon:0.310526

8200-loss_z:9.333643,accu:0.240506,loss_recon:0.81807

8400-loss_z:0.089564,accu:0.998685,loss_recon:0.307254

8400-loss_z:9.577814,accu:0.227848,loss_recon:0.788211

8600-loss_z:0.084524,accu:0.999479,loss_recon:0.307267

8600-loss_z:9.870152,accu:0.240506,loss_recon:0.803179

8800-loss_z:0.07919,accu:0.99974,loss_recon:0.305235

8800-loss_z:10.102963,accu:0.227848,loss_recon:0.814812

9000-loss_z:0.074169,accu:0.999655,loss_recon:0.304859

9000-loss_z:10.398128,accu:0.240506,loss_recon:0.806412

9200-loss_z:0.070155,accu:0.999759,loss_recon:0.304521

9200-loss_z:10.636993,accu:0.240506,loss_recon:0.801867

9400-loss_z:0.065892,accu:0.999961,loss_recon:0.302991

9400-loss_z:10.939209,accu:0.240506,loss_recon:0.788676

9600-loss_z:0.062465,accu:0.999818,loss_recon:0.299969

9600-loss_z:11.163153,accu:0.227848,loss_recon:0.819608

9800-loss_z:0.058923,accu:0.999837,loss_recon:0.306019

9800-loss_z:11.415337,accu:0.240506,loss_recon:0.803235

10000-loss_z:0.055405,accu:1.0,loss_recon:0.300809

10000-loss_z:11.69407,accu:0.227848,loss_recon:0.814964

10200-loss_z:0.052661,accu:0.999818,loss_recon:0.300825

10200-loss_z:11.929886,accu:0.21519,loss_recon:0.822647

10400-loss_z:0.049105,accu:1.0,loss_recon:0.296301

10400-loss_z:12.190323,accu:0.227848,loss_recon:0.812719

10600-loss_z:0.046661,accu:1.0,loss_recon:0.303165

10600-loss_z:12.468154,accu:0.227848,loss_recon:0.799368

10800-loss_z:0.044269,accu:1.0,loss_recon:0.299626

10800-loss_z:12.724173,accu:0.240506,loss_recon:0.806451

11000-loss_z:0.040957,accu:1.0,loss_recon:0.297218

11000-loss_z:12.976564,accu:0.240506,loss_recon:0.823

11200-loss_z:0.038808,accu:1.0,loss_recon:0.299438

11200-loss_z:13.202732,accu:0.240506,loss_recon:0.820174

11400-loss_z:0.036804,accu:1.0,loss_recon:0.299263

11400-loss_z:13.436782,accu:0.227848,loss_recon:0.81878

11600-loss_z:0.035192,accu:1.0,loss_recon:0.297661

11600-loss_z:13.652838,accu:0.240506,loss_recon:0.809913

11800-loss_z:0.032875,accu:1.0,loss_recon:0.296181

11800-loss_z:13.923865,accu:0.227848,loss_recon:0.827202

12000-loss_z:0.031318,accu:1.0,loss_recon:0.299007

12000-loss_z:14.130152,accu:0.240506,loss_recon:0.814556

12200-loss_z:0.029228,accu:1.0,loss_recon:0.296964

12200-loss_z:14.363929,accu:0.240506,loss_recon:0.826187

12400-loss_z:0.028473,accu:1.0,loss_recon:0.298061

12400-loss_z:14.630406,accu:0.240506,loss_recon:0.808916

12600-loss_z:0.02647,accu:1.0,loss_recon:0.297007

12600-loss_z:14.862693,accu:0.253165,loss_recon:0.818456

12800-loss_z:0.024904,accu:1.0,loss_recon:0.296385

12800-loss_z:15.075278,accu:0.240506,loss_recon:0.80472

13000-loss_z:0.023523,accu:1.0,loss_recon:0.298147

13000-loss_z:15.324373,accu:0.253165,loss_recon:0.796204

13200-loss_z:0.022334,accu:1.0,loss_recon:0.297695

13200-loss_z:15.538865,accu:0.253165,loss_recon:0.811399

13400-loss_z:0.021256,accu:1.0,loss_recon:0.296524

13400-loss_z:15.727165,accu:0.240506,loss_recon:0.836323

13600-loss_z:0.020359,accu:1.0,loss_recon:0.301776

13600-loss_z:15.927311,accu:0.253165,loss_recon:0.817066

13800-loss_z:0.018989,accu:1.0,loss_recon:0.296958

13800-loss_z:16.192057,accu:0.253165,loss_recon:0.824562

14000-loss_z:0.017917,accu:1.0,loss_recon:0.296716

14000-loss_z:16.422682,accu:0.240506,loss_recon:0.803644

14200-loss_z:0.016986,accu:1.0,loss_recon:0.299375

14200-loss_z:16.640253,accu:0.240506,loss_recon:0.81737

14400-loss_z:0.016162,accu:1.0,loss_recon:0.298148

14400-loss_z:16.850658,accu:0.253165,loss_recon:0.793559

14600-loss_z:0.015242,accu:1.0,loss_recon:0.300852

14600-loss_z:17.068634,accu:0.240506,loss_recon:0.827172

14800-loss_z:0.014616,accu:1.0,loss_recon:0.298456

14800-loss_z:17.292809,accu:0.253165,loss_recon:0.811151

15000-loss_z:0.01373,accu:1.0,loss_recon:0.298088

15000-loss_z:17.529024,accu:0.253165,loss_recon:0.808315

15200-loss_z:0.012858,accu:1.0,loss_recon:0.295323

15200-loss_z:17.748276,accu:0.253165,loss_recon:0.803167

15400-loss_z:0.012472,accu:1.0,loss_recon:0.299288

15400-loss_z:18.011728,accu:0.240506,loss_recon:0.830117

15600-loss_z:0.011738,accu:1.0,loss_recon:0.300808

15600-loss_z:18.248442,accu:0.253165,loss_recon:0.822498

15800-loss_z:0.011009,accu:1.0,loss_recon:0.297731

15800-loss_z:18.458244,accu:0.265823,loss_recon:0.819156

16000-loss_z:0.010449,accu:1.0,loss_recon:0.293964

16000-loss_z:18.681099,accu:0.253165,loss_recon:0.80423

16200-loss_z:0.009746,accu:1.0,loss_recon:0.299833

16200-loss_z:18.907677,accu:0.240506,loss_recon:0.792281

16400-loss_z:0.009342,accu:1.0,loss_recon:0.297351

16400-loss_z:19.169895,accu:0.265823,loss_recon:0.815355

16600-loss_z:0.008823,accu:1.0,loss_recon:0.29869

16600-loss_z:19.39777,accu:0.278481,loss_recon:0.811756

16800-loss_z:0.008412,accu:1.0,loss_recon:0.298228

16800-loss_z:19.61484,accu:0.253165,loss_recon:0.809756

17000-loss_z:0.008062,accu:1.0,loss_recon:0.298769

17000-loss_z:19.893082,accu:0.265823,loss_recon:0.81364

17200-loss_z:0.00753,accu:1.0,loss_recon:0.295973

17200-loss_z:20.088009,accu:0.253165,loss_recon:0.813142

17400-loss_z:0.007075,accu:1.0,loss_recon:0.298944

17400-loss_z:20.354708,accu:0.240506,loss_recon:0.802308

17600-loss_z:0.006658,accu:1.0,loss_recon:0.296269

17600-loss_z:20.602715,accu:0.253165,loss_recon:0.817939

17800-loss_z:0.006372,accu:1.0,loss_recon:0.29605

17800-loss_z:20.847441,accu:0.253165,loss_recon:0.805332

18000-loss_z:0.006075,accu:1.0,loss_recon:0.297254

18000-loss_z:21.132481,accu:0.253165,loss_recon:0.810167

18200-loss_z:0.005639,accu:1.0,loss_recon:0.297924

18200-loss_z:21.392834,accu:0.253165,loss_recon:0.80899

18400-loss_z:0.005281,accu:1.0,loss_recon:0.297494

18400-loss_z:21.638088,accu:0.265823,loss_recon:0.806378

18600-loss_z:0.004916,accu:1.0,loss_recon:0.296582

18600-loss_z:21.9631,accu:0.253165,loss_recon:0.821858

18800-loss_z:0.004832,accu:1.0,loss_recon:0.298585

18800-loss_z:22.193098,accu:0.278481,loss_recon:0.815398

19000-loss_z:0.004471,accu:1.0,loss_recon:0.299824

19000-loss_z:22.476786,accu:0.265823,loss_recon:0.826693

19200-loss_z:0.004233,accu:1.0,loss_recon:0.299358

19200-loss_z:22.744909,accu:0.278481,loss_recon:0.830445

19400-loss_z:0.004061,accu:1.0,loss_recon:0.294697

19400-loss_z:23.034472,accu:0.253165,loss_recon:0.822419

19600-loss_z:0.003596,accu:1.0,loss_recon:0.296977

19600-loss_z:23.336412,accu:0.253165,loss_recon:0.816823

19800-loss_z:0.003534,accu:1.0,loss_recon:0.300419

19800-loss_z:23.602619,accu:0.253165,loss_recon:0.832511

20000-loss_z:0.003193,accu:1.0,loss_recon:0.295606

20000-loss_z:23.887951,accu:0.253165,loss_recon:0.813988

Continue training
New FC model is initialized
200-loss_z:2.556497,accu:0.169076,loss_recon:2.345262

200-loss_z:2.678008,accu:0.126582,loss_recon:1.504884

400-loss_z:1.876473,accu:0.39444,loss_recon:1.345592

400-loss_z:2.528419,accu:0.151899,loss_recon:1.290619

600-loss_z:1.534014,accu:0.514876,loss_recon:1.112543

600-loss_z:2.510489,accu:0.21519,loss_recon:1.127671

800-loss_z:1.320733,accu:0.594902,loss_recon:0.927781

800-loss_z:2.564711,accu:0.21519,loss_recon:0.949226

1000-loss_z:1.165428,accu:0.669382,loss_recon:0.731429

1000-loss_z:2.656156,accu:0.240506,loss_recon:0.851297

1200-loss_z:1.038412,accu:0.708073,loss_recon:0.601344

1200-loss_z:2.786356,accu:0.253165,loss_recon:0.773216

1400-loss_z:0.949219,accu:0.729896,loss_recon:0.541073

1400-loss_z:2.902522,accu:0.253165,loss_recon:0.753327

1600-loss_z:0.879616,accu:0.754603,loss_recon:0.497907

1600-loss_z:2.992721,accu:0.265823,loss_recon:0.728734

1800-loss_z:0.818276,accu:0.767565,loss_recon:0.476191

1800-loss_z:3.070426,accu:0.303797,loss_recon:0.739452

2000-loss_z:0.764893,accu:0.781497,loss_recon:0.456039

2000-loss_z:3.184086,accu:0.316456,loss_recon:0.731012

2200-loss_z:0.713119,accu:0.807168,loss_recon:0.445366

2200-loss_z:3.276962,accu:0.291139,loss_recon:0.720239

2400-loss_z:0.671529,accu:0.820579,loss_recon:0.433936

2400-loss_z:3.366639,accu:0.291139,loss_recon:0.704427

2600-loss_z:0.631305,accu:0.833509,loss_recon:0.420212

2600-loss_z:3.480937,accu:0.291139,loss_recon:0.734564

2800-loss_z:0.598161,accu:0.840964,loss_recon:0.411664

2800-loss_z:3.559651,accu:0.303797,loss_recon:0.744255

3000-loss_z:0.567405,accu:0.845807,loss_recon:0.406543

3000-loss_z:3.65589,accu:0.303797,loss_recon:0.747985

3200-loss_z:0.537564,accu:0.858197,loss_recon:0.399288

3200-loss_z:3.749783,accu:0.329114,loss_recon:0.737617

3400-loss_z:0.50759,accu:0.865905,loss_recon:0.396138

3400-loss_z:3.876462,accu:0.303797,loss_recon:0.766908

3600-loss_z:0.484677,accu:0.876628,loss_recon:0.393145

3600-loss_z:4.012676,accu:0.303797,loss_recon:0.754191

3800-loss_z:0.459627,accu:0.896146,loss_recon:0.393362

3800-loss_z:4.141094,accu:0.35443,loss_recon:0.76694

4000-loss_z:0.435365,accu:0.898691,loss_recon:0.383961

4000-loss_z:4.262584,accu:0.291139,loss_recon:0.793861

4200-loss_z:0.416676,accu:0.916055,loss_recon:0.382773

4200-loss_z:4.401079,accu:0.329114,loss_recon:0.802234

4400-loss_z:0.400229,accu:0.923991,loss_recon:0.382869

4400-loss_z:4.530507,accu:0.329114,loss_recon:0.801595

4600-loss_z:0.382168,accu:0.926582,loss_recon:0.381123

4600-loss_z:4.706215,accu:0.316456,loss_recon:0.782342

4800-loss_z:0.362887,accu:0.929421,loss_recon:0.374645

4800-loss_z:4.877026,accu:0.329114,loss_recon:0.826237

5000-loss_z:0.344698,accu:0.942721,loss_recon:0.37132

5000-loss_z:5.070758,accu:0.341772,loss_recon:0.832213

5200-loss_z:0.327936,accu:0.94362,loss_recon:0.369649

5200-loss_z:5.275423,accu:0.341772,loss_recon:0.841484

5400-loss_z:0.314824,accu:0.949258,loss_recon:0.363337

5400-loss_z:5.442805,accu:0.35443,loss_recon:0.819302

5600-loss_z:0.29752,accu:0.958939,loss_recon:0.362171

5600-loss_z:5.671349,accu:0.35443,loss_recon:0.832236

5800-loss_z:0.285122,accu:0.965007,loss_recon:0.362121

5800-loss_z:5.858621,accu:0.35443,loss_recon:0.829925

6000-loss_z:0.272743,accu:0.965755,loss_recon:0.357412

6000-loss_z:6.087928,accu:0.35443,loss_recon:0.811974

6200-loss_z:0.260695,accu:0.970267,loss_recon:0.354847

6200-loss_z:6.363623,accu:0.367089,loss_recon:0.792584

6400-loss_z:0.246051,accu:0.975039,loss_recon:0.355591

6400-loss_z:6.570967,accu:0.392405,loss_recon:0.797655

6600-loss_z:0.243526,accu:0.972669,loss_recon:0.350332

6600-loss_z:6.784831,accu:0.367089,loss_recon:0.771625

6800-loss_z:0.22531,accu:0.977461,loss_recon:0.344727

6800-loss_z:7.008394,accu:0.35443,loss_recon:0.798922

7000-loss_z:0.216829,accu:0.978958,loss_recon:0.344066

7000-loss_z:7.250539,accu:0.367089,loss_recon:0.776293

7200-loss_z:0.205212,accu:0.977572,loss_recon:0.346826

7200-loss_z:7.483564,accu:0.379747,loss_recon:0.7678

7400-loss_z:0.196382,accu:0.980495,loss_recon:0.341002

7400-loss_z:7.752312,accu:0.379747,loss_recon:0.760715

7600-loss_z:0.187977,accu:0.982539,loss_recon:0.338257

7600-loss_z:7.982987,accu:0.367089,loss_recon:0.752715

7800-loss_z:0.179545,accu:0.984694,loss_recon:0.334313

7800-loss_z:8.232152,accu:0.379747,loss_recon:0.772537

8000-loss_z:0.171902,accu:0.98334,loss_recon:0.334577

8000-loss_z:8.518806,accu:0.367089,loss_recon:0.737955

8200-loss_z:0.166828,accu:0.981751,loss_recon:0.332304

8200-loss_z:8.787759,accu:0.367089,loss_recon:0.744226

8400-loss_z:0.157326,accu:0.982422,loss_recon:0.334252

8400-loss_z:9.041862,accu:0.367089,loss_recon:0.741505

8600-loss_z:0.151963,accu:0.981289,loss_recon:0.332036

8600-loss_z:9.35477,accu:0.379747,loss_recon:0.756965

8800-loss_z:0.145055,accu:0.987201,loss_recon:0.327892

8800-loss_z:9.629469,accu:0.405063,loss_recon:0.76348

9000-loss_z:0.138743,accu:0.985605,loss_recon:0.324465

9000-loss_z:9.938507,accu:0.392405,loss_recon:0.759836

9200-loss_z:0.1325,accu:0.983997,loss_recon:0.326504

9200-loss_z:10.252856,accu:0.392405,loss_recon:0.735483

9400-loss_z:0.127839,accu:0.983385,loss_recon:0.323295

9400-loss_z:10.559038,accu:0.405063,loss_recon:0.74962

9600-loss_z:0.121229,accu:0.984746,loss_recon:0.32248

9600-loss_z:10.883715,accu:0.417722,loss_recon:0.733267

9800-loss_z:0.116283,accu:0.990495,loss_recon:0.322095

9800-loss_z:11.232989,accu:0.417722,loss_recon:0.757907

10000-loss_z:0.110492,accu:0.990677,loss_recon:0.31962

10000-loss_z:11.545887,accu:0.417722,loss_recon:0.750191

10200-loss_z:0.106049,accu:0.989154,loss_recon:0.318528

10200-loss_z:11.9343,accu:0.417722,loss_recon:0.748509

10400-loss_z:0.101551,accu:0.988073,loss_recon:0.317607

10400-loss_z:12.302889,accu:0.405063,loss_recon:0.758729

10600-loss_z:0.09702,accu:0.98974,loss_recon:0.308471

10600-loss_z:12.670483,accu:0.405063,loss_recon:0.747514

10800-loss_z:0.093863,accu:0.988763,loss_recon:0.305612

10800-loss_z:13.024855,accu:0.405063,loss_recon:0.717047

11000-loss_z:0.0896,accu:0.990664,loss_recon:0.303651

11000-loss_z:13.376101,accu:0.405063,loss_recon:0.748828

11200-loss_z:0.086599,accu:0.991667,loss_recon:0.300357

11200-loss_z:13.742354,accu:0.405063,loss_recon:0.736908

11400-loss_z:0.080929,accu:0.990391,loss_recon:0.295384

11400-loss_z:14.090501,accu:0.405063,loss_recon:0.712888

11600-loss_z:0.079459,accu:0.990859,loss_recon:0.287945

11600-loss_z:14.429845,accu:0.405063,loss_recon:0.740687

11800-loss_z:0.074884,accu:0.991738,loss_recon:0.280854

11800-loss_z:14.781919,accu:0.417722,loss_recon:0.717877

12000-loss_z:0.072034,accu:0.991667,loss_recon:0.274929

12000-loss_z:15.111659,accu:0.405063,loss_recon:0.721584

12200-loss_z:0.069053,accu:0.992246,loss_recon:0.27265

12200-loss_z:15.471743,accu:0.405063,loss_recon:0.702372

12400-loss_z:0.066085,accu:0.992806,loss_recon:0.265799

12400-loss_z:15.886144,accu:0.405063,loss_recon:0.705917

12600-loss_z:0.061607,accu:0.993346,loss_recon:0.264613

12600-loss_z:16.319384,accu:0.405063,loss_recon:0.678578

12800-loss_z:0.060765,accu:0.993014,loss_recon:0.26399

12800-loss_z:16.703236,accu:0.405063,loss_recon:0.712494

13000-loss_z:0.057875,accu:0.991576,loss_recon:0.261851

13000-loss_z:17.05854,accu:0.417722,loss_recon:0.684478

13200-loss_z:0.055109,accu:0.993464,loss_recon:0.258324

13200-loss_z:17.460661,accu:0.417722,loss_recon:0.685837

13400-loss_z:0.05301,accu:0.992435,loss_recon:0.257085

13400-loss_z:17.791504,accu:0.417722,loss_recon:0.690074

13600-loss_z:0.049463,accu:0.992715,loss_recon:0.253983

13600-loss_z:18.113945,accu:0.417722,loss_recon:0.688984

13800-loss_z:0.04829,accu:0.993431,loss_recon:0.254558

13800-loss_z:18.459623,accu:0.417722,loss_recon:0.68061

14000-loss_z:0.045412,accu:0.994173,loss_recon:0.24997

14000-loss_z:18.800314,accu:0.417722,loss_recon:0.660183

14200-loss_z:0.043816,accu:0.993971,loss_recon:0.251096

14200-loss_z:19.121828,accu:0.417722,loss_recon:0.678727

14400-loss_z:0.041975,accu:0.994609,loss_recon:0.245407

14400-loss_z:19.431757,accu:0.417722,loss_recon:0.668129

14600-loss_z:0.0403,accu:0.994811,loss_recon:0.246957

14600-loss_z:19.753727,accu:0.417722,loss_recon:0.684181

14800-loss_z:0.038289,accu:0.99502,loss_recon:0.248749

14800-loss_z:20.044336,accu:0.417722,loss_recon:0.687893

15000-loss_z:0.036421,accu:0.995579,loss_recon:0.243496

15000-loss_z:20.379107,accu:0.417722,loss_recon:0.677416

15200-loss_z:0.034939,accu:0.995534,loss_recon:0.242604

15200-loss_z:20.711449,accu:0.417722,loss_recon:0.683788

15400-loss_z:0.033395,accu:0.996999,loss_recon:0.240991

15400-loss_z:21.01441,accu:0.417722,loss_recon:0.672661

15600-loss_z:0.031514,accu:0.99849,loss_recon:0.242213

15600-loss_z:21.363714,accu:0.417722,loss_recon:0.690583

15800-loss_z:0.030074,accu:0.998757,loss_recon:0.238196

15800-loss_z:21.719969,accu:0.417722,loss_recon:0.669672

16000-loss_z:0.029101,accu:0.998789,loss_recon:0.238175

16000-loss_z:22.075207,accu:0.417722,loss_recon:0.672143

16200-loss_z:0.027411,accu:0.997832,loss_recon:0.239209

16200-loss_z:22.396919,accu:0.405063,loss_recon:0.673108

16400-loss_z:0.026157,accu:0.998854,loss_recon:0.235916

16400-loss_z:22.732822,accu:0.43038,loss_recon:0.674876

16600-loss_z:0.024955,accu:0.998659,loss_recon:0.233493

16600-loss_z:23.051632,accu:0.405063,loss_recon:0.664052

16800-loss_z:0.024144,accu:0.999329,loss_recon:0.234141

16800-loss_z:23.402401,accu:0.417722,loss_recon:0.674677

17000-loss_z:0.022853,accu:0.999219,loss_recon:0.234982

17000-loss_z:23.726788,accu:0.417722,loss_recon:0.665879

17200-loss_z:0.021725,accu:0.999355,loss_recon:0.232922

17200-loss_z:24.068895,accu:0.405063,loss_recon:0.681067

17400-loss_z:0.021085,accu:0.999961,loss_recon:0.235215

17400-loss_z:24.383793,accu:0.43038,loss_recon:0.679171

17600-loss_z:0.019583,accu:0.999824,loss_recon:0.231202

17600-loss_z:24.733555,accu:0.417722,loss_recon:0.674648

17800-loss_z:0.0192,accu:1.0,loss_recon:0.233295

17800-loss_z:25.058445,accu:0.43038,loss_recon:0.663932

18000-loss_z:0.018033,accu:1.0,loss_recon:0.233756

18000-loss_z:25.410995,accu:0.417722,loss_recon:0.681502

18200-loss_z:0.017011,accu:1.0,loss_recon:0.231952

18200-loss_z:25.75028,accu:0.417722,loss_recon:0.674347

18400-loss_z:0.016747,accu:1.0,loss_recon:0.232356

18400-loss_z:26.071463,accu:0.417722,loss_recon:0.689459

18600-loss_z:0.01568,accu:1.0,loss_recon:0.231217

18600-loss_z:26.426643,accu:0.417722,loss_recon:0.670765

18800-loss_z:0.015081,accu:1.0,loss_recon:0.230059

18800-loss_z:26.837666,accu:0.417722,loss_recon:0.668882

19000-loss_z:0.01414,accu:1.0,loss_recon:0.229098

19000-loss_z:27.189014,accu:0.417722,loss_recon:0.672373

19200-loss_z:0.013514,accu:1.0,loss_recon:0.23129

19200-loss_z:27.52091,accu:0.417722,loss_recon:0.668098

19400-loss_z:0.012889,accu:1.0,loss_recon:0.229795

19400-loss_z:27.895931,accu:0.417722,loss_recon:0.653094

19600-loss_z:0.01222,accu:1.0,loss_recon:0.228401

19600-loss_z:28.333147,accu:0.417722,loss_recon:0.669247

19800-loss_z:0.011461,accu:1.0,loss_recon:0.228312

19800-loss_z:28.706429,accu:0.443038,loss_recon:0.670185

20000-loss_z:0.01095,accu:1.0,loss_recon:0.229615

20000-loss_z:29.113955,accu:0.417722,loss_recon:0.660828

Continue training
New FC model is initialized
200-loss_z:2.607168,accu:0.168001,loss_recon:2.636041

200-loss_z:2.586771,accu:0.025316,loss_recon:1.984426

400-loss_z:1.886514,accu:0.37332,loss_recon:1.643662

400-loss_z:2.417292,accu:0.126582,loss_recon:1.613111

600-loss_z:1.513582,accu:0.512155,loss_recon:1.274983

600-loss_z:2.390485,accu:0.164557,loss_recon:1.182124

800-loss_z:1.284368,accu:0.598118,loss_recon:0.951793

800-loss_z:2.442801,accu:0.189873,loss_recon:0.941247

1000-loss_z:1.135775,accu:0.646237,loss_recon:0.796592

1000-loss_z:2.501526,accu:0.202532,loss_recon:0.872525

1200-loss_z:1.020001,accu:0.68248,loss_recon:0.709545

1200-loss_z:2.600486,accu:0.240506,loss_recon:0.828054

1400-loss_z:0.928485,accu:0.7139,loss_recon:0.647937

1400-loss_z:2.68662,accu:0.278481,loss_recon:0.799009

1600-loss_z:0.840719,accu:0.760723,loss_recon:0.602595

1600-loss_z:2.796578,accu:0.240506,loss_recon:0.771116

1800-loss_z:0.77724,accu:0.789017,loss_recon:0.558472

1800-loss_z:2.925971,accu:0.240506,loss_recon:0.754943

2000-loss_z:0.718059,accu:0.820488,loss_recon:0.521263

2000-loss_z:3.019149,accu:0.253165,loss_recon:0.751851

2200-loss_z:0.663147,accu:0.83862,loss_recon:0.500805

2200-loss_z:3.140102,accu:0.253165,loss_recon:0.740676

2400-loss_z:0.620267,accu:0.849108,loss_recon:0.474467

2400-loss_z:3.286512,accu:0.265823,loss_recon:0.753165

2600-loss_z:0.580077,accu:0.864714,loss_recon:0.452639

2600-loss_z:3.437725,accu:0.240506,loss_recon:0.739553

2800-loss_z:0.539081,accu:0.876797,loss_recon:0.436928

2800-loss_z:3.601056,accu:0.291139,loss_recon:0.729736

3000-loss_z:0.508732,accu:0.880768,loss_recon:0.422815

3000-loss_z:3.782286,accu:0.278481,loss_recon:0.728887

3200-loss_z:0.481543,accu:0.890775,loss_recon:0.404151

3200-loss_z:3.980781,accu:0.227848,loss_recon:0.703829

3400-loss_z:0.449361,accu:0.90793,loss_recon:0.388299

3400-loss_z:4.196038,accu:0.303797,loss_recon:0.702221

3600-loss_z:0.424045,accu:0.916589,loss_recon:0.365637

3600-loss_z:4.427613,accu:0.278481,loss_recon:0.678677

3800-loss_z:0.399766,accu:0.925007,loss_recon:0.358005

3800-loss_z:4.680628,accu:0.278481,loss_recon:0.665854

4000-loss_z:0.37751,accu:0.933503,loss_recon:0.342386

4000-loss_z:4.937859,accu:0.316456,loss_recon:0.663301

4200-loss_z:0.357039,accu:0.938939,loss_recon:0.330129

4200-loss_z:5.234122,accu:0.265823,loss_recon:0.645473

4400-loss_z:0.335266,accu:0.945977,loss_recon:0.316632

4400-loss_z:5.497465,accu:0.303797,loss_recon:0.638189

4600-loss_z:0.317337,accu:0.955833,loss_recon:0.301774

4600-loss_z:5.826723,accu:0.303797,loss_recon:0.635528

4800-loss_z:0.299757,accu:0.962891,loss_recon:0.297526

4800-loss_z:6.148274,accu:0.303797,loss_recon:0.647162

5000-loss_z:0.281275,accu:0.965658,loss_recon:0.285861

5000-loss_z:6.457651,accu:0.291139,loss_recon:0.637416

5200-loss_z:0.267732,accu:0.973711,loss_recon:0.279458

5200-loss_z:6.820729,accu:0.316456,loss_recon:0.642725

5400-loss_z:0.249393,accu:0.980612,loss_recon:0.273188

5400-loss_z:7.167966,accu:0.329114,loss_recon:0.642622

5600-loss_z:0.236597,accu:0.98153,loss_recon:0.267032

5600-loss_z:7.548081,accu:0.329114,loss_recon:0.634257

5800-loss_z:0.222241,accu:0.988685,loss_recon:0.262201

5800-loss_z:8.067251,accu:0.341772,loss_recon:0.64138

6000-loss_z:0.207199,accu:0.991563,loss_recon:0.256594

6000-loss_z:8.562129,accu:0.35443,loss_recon:0.624993

6200-loss_z:0.192894,accu:0.991263,loss_recon:0.253578

6200-loss_z:9.002099,accu:0.329114,loss_recon:0.64103

6400-loss_z:0.182487,accu:0.992142,loss_recon:0.255305

6400-loss_z:9.454022,accu:0.329114,loss_recon:0.640351

6600-loss_z:0.169706,accu:0.99429,loss_recon:0.253501

6600-loss_z:9.838728,accu:0.329114,loss_recon:0.636631

6800-loss_z:0.159898,accu:0.994772,loss_recon:0.24861

6800-loss_z:10.218941,accu:0.341772,loss_recon:0.640118

7000-loss_z:0.150399,accu:0.995124,loss_recon:0.245114

7000-loss_z:10.600676,accu:0.329114,loss_recon:0.6309

7200-loss_z:0.141905,accu:0.995697,loss_recon:0.246847

7200-loss_z:11.03562,accu:0.316456,loss_recon:0.640488

7400-loss_z:0.132207,accu:0.99694,loss_recon:0.245982

7400-loss_z:11.455931,accu:0.341772,loss_recon:0.622548

7600-loss_z:0.123263,accu:0.996999,loss_recon:0.246068

7600-loss_z:11.871283,accu:0.329114,loss_recon:0.636681

7800-loss_z:0.117269,accu:0.997552,loss_recon:0.245088

7800-loss_z:12.326958,accu:0.341772,loss_recon:0.646441

8000-loss_z:0.109167,accu:0.99877,loss_recon:0.243627

8000-loss_z:12.735239,accu:0.329114,loss_recon:0.638652

8200-loss_z:0.100397,accu:0.998919,loss_recon:0.240737

8200-loss_z:13.169411,accu:0.316456,loss_recon:0.645453

8400-loss_z:0.094365,accu:0.9989,loss_recon:0.240954

8400-loss_z:13.54276,accu:0.329114,loss_recon:0.643637

8600-loss_z:0.088507,accu:0.99916,loss_recon:0.238593

8600-loss_z:13.975419,accu:0.316456,loss_recon:0.642126

8800-loss_z:0.082696,accu:0.99916,loss_recon:0.23905

8800-loss_z:14.362631,accu:0.303797,loss_recon:0.64141

9000-loss_z:0.077374,accu:0.999479,loss_recon:0.235696

9000-loss_z:14.744935,accu:0.316456,loss_recon:0.628899

9200-loss_z:0.072885,accu:0.99959,loss_recon:0.236577

9200-loss_z:15.199608,accu:0.316456,loss_recon:0.622286

9400-loss_z:0.067203,accu:1.0,loss_recon:0.236184

9400-loss_z:15.609295,accu:0.329114,loss_recon:0.638115

9600-loss_z:0.062974,accu:1.0,loss_recon:0.236292

9600-loss_z:16.073549,accu:0.316456,loss_recon:0.649722

9800-loss_z:0.059625,accu:0.999844,loss_recon:0.232272

9800-loss_z:16.511007,accu:0.303797,loss_recon:0.65135

10000-loss_z:0.054733,accu:1.0,loss_recon:0.236099

10000-loss_z:16.955976,accu:0.291139,loss_recon:0.657026

10200-loss_z:0.051728,accu:1.0,loss_recon:0.232825

10200-loss_z:17.387291,accu:0.291139,loss_recon:0.641377

10400-loss_z:0.048263,accu:0.999837,loss_recon:0.233894

10400-loss_z:17.819004,accu:0.303797,loss_recon:0.634984

10600-loss_z:0.044974,accu:1.0,loss_recon:0.229693

10600-loss_z:18.251175,accu:0.316456,loss_recon:0.645186

10800-loss_z:0.042029,accu:1.0,loss_recon:0.232083

10800-loss_z:18.702311,accu:0.329114,loss_recon:0.65647

11000-loss_z:0.039665,accu:1.0,loss_recon:0.230594

11000-loss_z:19.128803,accu:0.316456,loss_recon:0.655341

11200-loss_z:0.036955,accu:1.0,loss_recon:0.229628

11200-loss_z:19.5763,accu:0.316456,loss_recon:0.65688

11400-loss_z:0.034104,accu:1.0,loss_recon:0.230597

11400-loss_z:19.97559,accu:0.316456,loss_recon:0.649801

11600-loss_z:0.032458,accu:1.0,loss_recon:0.230351

11600-loss_z:20.432253,accu:0.316456,loss_recon:0.666261

11800-loss_z:0.030161,accu:1.0,loss_recon:0.230953

11800-loss_z:20.870523,accu:0.316456,loss_recon:0.657128

12000-loss_z:0.028021,accu:1.0,loss_recon:0.227683

12000-loss_z:21.295532,accu:0.329114,loss_recon:0.643502

12200-loss_z:0.025887,accu:1.0,loss_recon:0.225715

12200-loss_z:21.762199,accu:0.329114,loss_recon:0.660151

12400-loss_z:0.024068,accu:1.0,loss_recon:0.226994

12400-loss_z:22.188368,accu:0.329114,loss_recon:0.658022

12600-loss_z:0.022306,accu:1.0,loss_recon:0.225672

12600-loss_z:22.621859,accu:0.329114,loss_recon:0.667537

12800-loss_z:0.020974,accu:1.0,loss_recon:0.22788

12800-loss_z:23.050297,accu:0.329114,loss_recon:0.675029

13000-loss_z:0.019235,accu:1.0,loss_recon:0.226654

13000-loss_z:23.475336,accu:0.329114,loss_recon:0.664031

13200-loss_z:0.018362,accu:1.0,loss_recon:0.225248

13200-loss_z:23.898556,accu:0.329114,loss_recon:0.670013

13400-loss_z:0.016872,accu:1.0,loss_recon:0.225289

13400-loss_z:24.339924,accu:0.329114,loss_recon:0.682891

13600-loss_z:0.015799,accu:1.0,loss_recon:0.222481

13600-loss_z:24.862579,accu:0.329114,loss_recon:0.676662

13800-loss_z:0.014587,accu:1.0,loss_recon:0.223913

13800-loss_z:25.261024,accu:0.329114,loss_recon:0.676567

14000-loss_z:0.013708,accu:1.0,loss_recon:0.222273

14000-loss_z:25.712189,accu:0.316456,loss_recon:0.674323

14200-loss_z:0.012744,accu:1.0,loss_recon:0.222844

14200-loss_z:26.15811,accu:0.316456,loss_recon:0.700086

14400-loss_z:0.011904,accu:1.0,loss_recon:0.223417

14400-loss_z:26.622772,accu:0.316456,loss_recon:0.689742

14600-loss_z:0.010992,accu:1.0,loss_recon:0.219612

14600-loss_z:27.032003,accu:0.316456,loss_recon:0.683068

14800-loss_z:0.010292,accu:1.0,loss_recon:0.221711

14800-loss_z:27.498198,accu:0.316456,loss_recon:0.690516

15000-loss_z:0.00938,accu:1.0,loss_recon:0.221862

15000-loss_z:27.96615,accu:0.316456,loss_recon:0.686826

15200-loss_z:0.00892,accu:1.0,loss_recon:0.222217

15200-loss_z:28.477919,accu:0.316456,loss_recon:0.691193

15400-loss_z:0.008011,accu:1.0,loss_recon:0.220879

15400-loss_z:28.907795,accu:0.316456,loss_recon:0.671174

15600-loss_z:0.007516,accu:1.0,loss_recon:0.220138

15600-loss_z:29.411976,accu:0.316456,loss_recon:0.678175

15800-loss_z:0.007079,accu:1.0,loss_recon:0.21913

15800-loss_z:29.869722,accu:0.316456,loss_recon:0.670017

16000-loss_z:0.006514,accu:1.0,loss_recon:0.218068

16000-loss_z:30.405403,accu:0.316456,loss_recon:0.678308

16200-loss_z:0.006087,accu:1.0,loss_recon:0.218285

16200-loss_z:30.844402,accu:0.316456,loss_recon:0.672009

16400-loss_z:0.005692,accu:1.0,loss_recon:0.218131

16400-loss_z:31.328873,accu:0.329114,loss_recon:0.684628

16600-loss_z:0.005164,accu:1.0,loss_recon:0.218775

16600-loss_z:31.868454,accu:0.316456,loss_recon:0.678117

16800-loss_z:0.00487,accu:1.0,loss_recon:0.218546

16800-loss_z:32.373837,accu:0.316456,loss_recon:0.68047

17000-loss_z:0.004404,accu:1.0,loss_recon:0.215695

17000-loss_z:32.879944,accu:0.316456,loss_recon:0.695184

17200-loss_z:0.004157,accu:1.0,loss_recon:0.215412

17200-loss_z:33.396782,accu:0.316456,loss_recon:0.678016

17400-loss_z:0.00382,accu:1.0,loss_recon:0.217646

17400-loss_z:33.90432,accu:0.316456,loss_recon:0.662377

17600-loss_z:0.003524,accu:1.0,loss_recon:0.215394

17600-loss_z:34.348183,accu:0.316456,loss_recon:0.671331

17800-loss_z:0.003309,accu:1.0,loss_recon:0.215223

17800-loss_z:34.853519,accu:0.329114,loss_recon:0.674972

18000-loss_z:0.00303,accu:1.0,loss_recon:0.213662

18000-loss_z:35.393803,accu:0.316456,loss_recon:0.672677

18200-loss_z:0.002806,accu:1.0,loss_recon:0.214841

18200-loss_z:35.86417,accu:0.316456,loss_recon:0.659843

18400-loss_z:0.002581,accu:1.0,loss_recon:0.214019

18400-loss_z:36.37785,accu:0.316456,loss_recon:0.685637

18600-loss_z:0.002347,accu:1.0,loss_recon:0.214505

18600-loss_z:36.871445,accu:0.329114,loss_recon:0.67819

18800-loss_z:0.002242,accu:1.0,loss_recon:0.214963

18800-loss_z:37.40012,accu:0.316456,loss_recon:0.662074

19000-loss_z:0.00204,accu:1.0,loss_recon:0.212057

19000-loss_z:37.919773,accu:0.316456,loss_recon:0.669105

19200-loss_z:0.001875,accu:1.0,loss_recon:0.21393

19200-loss_z:38.375648,accu:0.316456,loss_recon:0.668773

19400-loss_z:0.0017,accu:1.0,loss_recon:0.214645

19400-loss_z:38.854626,accu:0.316456,loss_recon:0.675585

19600-loss_z:0.001593,accu:1.0,loss_recon:0.213063

19600-loss_z:39.462719,accu:0.316456,loss_recon:0.671457

19800-loss_z:0.001491,accu:1.0,loss_recon:0.213064

19800-loss_z:39.898777,accu:0.316456,loss_recon:0.66116

20000-loss_z:0.001364,accu:1.0,loss_recon:0.213122

20000-loss_z:40.442352,accu:0.316456,loss_recon:0.68398

Continue training
New FC model is initialized
200-loss_z:2.555585,accu:0.168532,loss_recon:2.406356

200-loss_z:2.515959,accu:0.113924,loss_recon:2.026826

400-loss_z:1.88137,accu:0.385091,loss_recon:1.550944

400-loss_z:2.335127,accu:0.126582,loss_recon:1.530313

600-loss_z:1.504293,accu:0.501458,loss_recon:1.194411

600-loss_z:2.324694,accu:0.177215,loss_recon:1.318068

800-loss_z:1.271392,accu:0.592962,loss_recon:0.998946

800-loss_z:2.339126,accu:0.21519,loss_recon:1.055877

1000-loss_z:1.114542,accu:0.649342,loss_recon:0.805513

1000-loss_z:2.390067,accu:0.189873,loss_recon:0.885833

1200-loss_z:0.995142,accu:0.694023,loss_recon:0.696804

1200-loss_z:2.472524,accu:0.21519,loss_recon:0.82749

1400-loss_z:0.896429,accu:0.735964,loss_recon:0.616836

1400-loss_z:2.549466,accu:0.253165,loss_recon:0.803548

1600-loss_z:0.827503,accu:0.764759,loss_recon:0.553176

1600-loss_z:2.64452,accu:0.278481,loss_recon:0.774174

1800-loss_z:0.767072,accu:0.795475,loss_recon:0.51016

1800-loss_z:2.722476,accu:0.303797,loss_recon:0.744622

2000-loss_z:0.712461,accu:0.81752,loss_recon:0.488639

2000-loss_z:2.811246,accu:0.341772,loss_recon:0.738805

2200-loss_z:0.664366,accu:0.833542,loss_recon:0.463209

2200-loss_z:2.90396,accu:0.316456,loss_recon:0.737394

2400-loss_z:0.619718,accu:0.848001,loss_recon:0.436605

2400-loss_z:3.023587,accu:0.303797,loss_recon:0.706394

2600-loss_z:0.582904,accu:0.859408,loss_recon:0.42785

2600-loss_z:3.137686,accu:0.303797,loss_recon:0.722336

2800-loss_z:0.548612,accu:0.870326,loss_recon:0.414444

2800-loss_z:3.248713,accu:0.367089,loss_recon:0.711259

3000-loss_z:0.516078,accu:0.881289,loss_recon:0.409081

3000-loss_z:3.367119,accu:0.367089,loss_recon:0.706018

3200-loss_z:0.48881,accu:0.885111,loss_recon:0.400737

3200-loss_z:3.491402,accu:0.35443,loss_recon:0.686649

3400-loss_z:0.460655,accu:0.889974,loss_recon:0.386936

3400-loss_z:3.602745,accu:0.367089,loss_recon:0.686238

3600-loss_z:0.430699,accu:0.906335,loss_recon:0.382394

3600-loss_z:3.724955,accu:0.367089,loss_recon:0.684706

3800-loss_z:0.406709,accu:0.919844,loss_recon:0.375856

3800-loss_z:3.832003,accu:0.341772,loss_recon:0.670803

4000-loss_z:0.385439,accu:0.928659,loss_recon:0.372279

4000-loss_z:3.993672,accu:0.341772,loss_recon:0.669724

4200-loss_z:0.362961,accu:0.92916,loss_recon:0.369463

4200-loss_z:4.115911,accu:0.35443,loss_recon:0.652432

4400-loss_z:0.3381,accu:0.938581,loss_recon:0.357233

4400-loss_z:4.263261,accu:0.35443,loss_recon:0.677145

4600-loss_z:0.320584,accu:0.944264,loss_recon:0.351692

4600-loss_z:4.422463,accu:0.329114,loss_recon:0.661437

4800-loss_z:0.303773,accu:0.95071,loss_recon:0.347763

4800-loss_z:4.560166,accu:0.329114,loss_recon:0.671136

5000-loss_z:0.285058,accu:0.951055,loss_recon:0.343193

5000-loss_z:4.686913,accu:0.35443,loss_recon:0.680659

5200-loss_z:0.269441,accu:0.958613,loss_recon:0.339885

5200-loss_z:4.833974,accu:0.329114,loss_recon:0.667628

5400-loss_z:0.25379,accu:0.964857,loss_recon:0.334657

5400-loss_z:4.975026,accu:0.329114,loss_recon:0.657104

5600-loss_z:0.23721,accu:0.966484,loss_recon:0.330042

5600-loss_z:5.133808,accu:0.35443,loss_recon:0.675128

5800-loss_z:0.225331,accu:0.968197,loss_recon:0.328144

5800-loss_z:5.282468,accu:0.329114,loss_recon:0.668281

6000-loss_z:0.212384,accu:0.975417,loss_recon:0.329211

6000-loss_z:5.42367,accu:0.341772,loss_recon:0.673454

6200-loss_z:0.198656,accu:0.978366,loss_recon:0.326149

6200-loss_z:5.610751,accu:0.341772,loss_recon:0.662916

6400-loss_z:0.188681,accu:0.983893,loss_recon:0.324974

6400-loss_z:5.730094,accu:0.341772,loss_recon:0.666872

6600-loss_z:0.17584,accu:0.985449,loss_recon:0.318609

6600-loss_z:5.934544,accu:0.329114,loss_recon:0.656508

6800-loss_z:0.166192,accu:0.991296,loss_recon:0.319425

6800-loss_z:6.1141,accu:0.329114,loss_recon:0.666458

7000-loss_z:0.157766,accu:0.99,loss_recon:0.319119

7000-loss_z:6.369363,accu:0.341772,loss_recon:0.65319

7200-loss_z:0.147964,accu:0.991237,loss_recon:0.316684

7200-loss_z:6.547217,accu:0.35443,loss_recon:0.659112

7400-loss_z:0.138474,accu:0.992253,loss_recon:0.314172

7400-loss_z:6.796835,accu:0.35443,loss_recon:0.663662

7600-loss_z:0.130135,accu:0.993366,loss_recon:0.314421

7600-loss_z:7.002111,accu:0.35443,loss_recon:0.638413

7800-loss_z:0.123382,accu:0.991426,loss_recon:0.311447

7800-loss_z:7.220657,accu:0.379747,loss_recon:0.653351

8000-loss_z:0.115213,accu:0.993346,loss_recon:0.309393

8000-loss_z:7.43139,accu:0.35443,loss_recon:0.649277

8200-loss_z:0.110702,accu:0.994766,loss_recon:0.307501

8200-loss_z:7.638731,accu:0.379747,loss_recon:0.648063

8400-loss_z:0.102627,accu:0.995189,loss_recon:0.302533

8400-loss_z:7.886415,accu:0.341772,loss_recon:0.645151

8600-loss_z:0.098771,accu:0.994186,loss_recon:0.299733

8600-loss_z:8.126528,accu:0.367089,loss_recon:0.663072

8800-loss_z:0.093577,accu:0.995137,loss_recon:0.298372

8800-loss_z:8.341813,accu:0.379747,loss_recon:0.653037

9000-loss_z:0.088143,accu:0.995332,loss_recon:0.294675

9000-loss_z:8.599495,accu:0.379747,loss_recon:0.649227

9200-loss_z:0.082816,accu:0.995501,loss_recon:0.29095

9200-loss_z:8.829043,accu:0.367089,loss_recon:0.645685

9400-loss_z:0.079166,accu:0.995527,loss_recon:0.285389

9400-loss_z:9.058712,accu:0.367089,loss_recon:0.645952

9600-loss_z:0.075263,accu:0.995371,loss_recon:0.281887

9600-loss_z:9.287144,accu:0.35443,loss_recon:0.643968

9800-loss_z:0.071374,accu:0.996341,loss_recon:0.279931

9800-loss_z:9.488484,accu:0.367089,loss_recon:0.659403

10000-loss_z:0.067551,accu:0.997031,loss_recon:0.278857

10000-loss_z:9.781683,accu:0.367089,loss_recon:0.630953

10200-loss_z:0.063586,accu:0.996237,loss_recon:0.274959

10200-loss_z:9.967324,accu:0.367089,loss_recon:0.641457

10400-loss_z:0.05954,accu:0.997637,loss_recon:0.271459

10400-loss_z:10.236676,accu:0.367089,loss_recon:0.632683

10600-loss_z:0.057071,accu:0.997565,loss_recon:0.265529

10600-loss_z:10.47885,accu:0.35443,loss_recon:0.639343

10800-loss_z:0.053419,accu:0.997428,loss_recon:0.265466

10800-loss_z:10.738988,accu:0.329114,loss_recon:0.640862

11000-loss_z:0.050726,accu:0.998288,loss_recon:0.25873

11000-loss_z:10.963348,accu:0.341772,loss_recon:0.64275

11200-loss_z:0.047517,accu:0.9986,loss_recon:0.262218

11200-loss_z:11.2111,accu:0.329114,loss_recon:0.626296

11400-loss_z:0.045536,accu:0.99957,loss_recon:0.25891

11400-loss_z:11.481045,accu:0.316456,loss_recon:0.618467

11600-loss_z:0.043062,accu:0.999375,loss_recon:0.256097

11600-loss_z:11.761997,accu:0.341772,loss_recon:0.625103

11800-loss_z:0.040936,accu:0.999674,loss_recon:0.256306

11800-loss_z:12.065704,accu:0.35443,loss_recon:0.649635

12000-loss_z:0.038909,accu:0.99877,loss_recon:0.257326

12000-loss_z:12.312448,accu:0.35443,loss_recon:0.624428

12200-loss_z:0.03613,accu:0.999421,loss_recon:0.255591

12200-loss_z:12.625104,accu:0.367089,loss_recon:0.630261

12400-loss_z:0.033898,accu:0.999232,loss_recon:0.254591

12400-loss_z:12.921839,accu:0.367089,loss_recon:0.639262

12600-loss_z:0.032321,accu:0.999492,loss_recon:0.253624

12600-loss_z:13.192137,accu:0.341772,loss_recon:0.634302

12800-loss_z:0.03035,accu:0.999837,loss_recon:0.253476

12800-loss_z:13.453678,accu:0.35443,loss_recon:0.628136

13000-loss_z:0.028743,accu:0.999883,loss_recon:0.254081

13000-loss_z:13.755697,accu:0.341772,loss_recon:0.636941

13200-loss_z:0.02726,accu:1.0,loss_recon:0.253083

13200-loss_z:14.071112,accu:0.367089,loss_recon:0.63905

13400-loss_z:0.025725,accu:1.0,loss_recon:0.250127

13400-loss_z:14.329042,accu:0.341772,loss_recon:0.624318

13600-loss_z:0.024355,accu:0.999902,loss_recon:0.248512

13600-loss_z:14.601536,accu:0.341772,loss_recon:0.646162

13800-loss_z:0.022851,accu:0.999876,loss_recon:0.250149

13800-loss_z:14.891148,accu:0.341772,loss_recon:0.631771

14000-loss_z:0.021789,accu:1.0,loss_recon:0.248982

14000-loss_z:15.190105,accu:0.329114,loss_recon:0.634939

14200-loss_z:0.019813,accu:1.0,loss_recon:0.246434

14200-loss_z:15.435752,accu:0.341772,loss_recon:0.642524

14400-loss_z:0.019039,accu:1.0,loss_recon:0.2468

14400-loss_z:15.731714,accu:0.329114,loss_recon:0.669994

14600-loss_z:0.017979,accu:1.0,loss_recon:0.247354

14600-loss_z:16.044453,accu:0.316456,loss_recon:0.643342

14800-loss_z:0.016502,accu:1.0,loss_recon:0.248814

14800-loss_z:16.325354,accu:0.329114,loss_recon:0.637687

15000-loss_z:0.016007,accu:1.0,loss_recon:0.244865

15000-loss_z:16.632303,accu:0.316456,loss_recon:0.643072

15200-loss_z:0.014787,accu:1.0,loss_recon:0.248484

15200-loss_z:16.938101,accu:0.316456,loss_recon:0.641378

15400-loss_z:0.013776,accu:1.0,loss_recon:0.249927

15400-loss_z:17.214552,accu:0.329114,loss_recon:0.643776

15600-loss_z:0.012862,accu:1.0,loss_recon:0.244666

15600-loss_z:17.508047,accu:0.316456,loss_recon:0.652098

15800-loss_z:0.012366,accu:1.0,loss_recon:0.243512

15800-loss_z:17.811146,accu:0.329114,loss_recon:0.635052

16000-loss_z:0.011828,accu:1.0,loss_recon:0.244746

16000-loss_z:18.101894,accu:0.341772,loss_recon:0.637444

16200-loss_z:0.011048,accu:1.0,loss_recon:0.246987

16200-loss_z:18.395906,accu:0.316456,loss_recon:0.640542

16400-loss_z:0.01005,accu:1.0,loss_recon:0.244099

16400-loss_z:18.707201,accu:0.316456,loss_recon:0.650015

16600-loss_z:0.0095,accu:1.0,loss_recon:0.245744

16600-loss_z:19.059134,accu:0.316456,loss_recon:0.636634

16800-loss_z:0.008929,accu:1.0,loss_recon:0.243674

16800-loss_z:19.365108,accu:0.303797,loss_recon:0.637298

17000-loss_z:0.008291,accu:1.0,loss_recon:0.24376

17000-loss_z:19.692129,accu:0.303797,loss_recon:0.641317

17200-loss_z:0.007957,accu:1.0,loss_recon:0.244433

17200-loss_z:20.049612,accu:0.316456,loss_recon:0.659851

17400-loss_z:0.007364,accu:1.0,loss_recon:0.243671

17400-loss_z:20.356842,accu:0.303797,loss_recon:0.6371

17600-loss_z:0.00678,accu:1.0,loss_recon:0.24476

17600-loss_z:20.76372,accu:0.303797,loss_recon:0.650737

17800-loss_z:0.006375,accu:1.0,loss_recon:0.244779

17800-loss_z:21.059525,accu:0.316456,loss_recon:0.656044

18000-loss_z:0.005705,accu:1.0,loss_recon:0.243855

18000-loss_z:21.439032,accu:0.303797,loss_recon:0.637103

18200-loss_z:0.005286,accu:1.0,loss_recon:0.242399

18200-loss_z:21.837341,accu:0.303797,loss_recon:0.648709

18400-loss_z:0.004836,accu:1.0,loss_recon:0.243482

18400-loss_z:22.212528,accu:0.303797,loss_recon:0.638846

18600-loss_z:0.004461,accu:1.0,loss_recon:0.244967

18600-loss_z:22.584038,accu:0.303797,loss_recon:0.655787

18800-loss_z:0.004123,accu:1.0,loss_recon:0.241057

18800-loss_z:22.966661,accu:0.291139,loss_recon:0.631978

19000-loss_z:0.003676,accu:1.0,loss_recon:0.244469

19000-loss_z:23.329243,accu:0.291139,loss_recon:0.630578

19200-loss_z:0.003366,accu:1.0,loss_recon:0.243967

19200-loss_z:23.74103,accu:0.303797,loss_recon:0.626666

19400-loss_z:0.003026,accu:1.0,loss_recon:0.241561

19400-loss_z:24.128239,accu:0.291139,loss_recon:0.650034

19600-loss_z:0.002774,accu:1.0,loss_recon:0.241557

19600-loss_z:24.50802,accu:0.278481,loss_recon:0.651526

19800-loss_z:0.002566,accu:1.0,loss_recon:0.239967

19800-loss_z:24.987749,accu:0.278481,loss_recon:0.634284

20000-loss_z:0.002336,accu:1.0,loss_recon:0.240612

20000-loss_z:25.426783,accu:0.265823,loss_recon:0.639355

Continue training
New FC model is initialized
200-loss_z:2.659272,accu:0.142257,loss_recon:2.274417

200-loss_z:2.813706,accu:0.075949,loss_recon:1.645279

400-loss_z:2.064632,accu:0.320697,loss_recon:1.381698

400-loss_z:2.778053,accu:0.113924,loss_recon:1.375583

600-loss_z:1.692407,accu:0.435677,loss_recon:1.140707

600-loss_z:2.783447,accu:0.21519,loss_recon:1.166287

800-loss_z:1.459328,accu:0.541172,loss_recon:0.924021

800-loss_z:2.763218,accu:0.164557,loss_recon:1.007764

1000-loss_z:1.273786,accu:0.604264,loss_recon:0.792232

1000-loss_z:2.764808,accu:0.189873,loss_recon:0.94116

1200-loss_z:1.137446,accu:0.648138,loss_recon:0.708416

1200-loss_z:2.8204,accu:0.189873,loss_recon:0.89576

1400-loss_z:1.033024,accu:0.686732,loss_recon:0.651956

1400-loss_z:2.874027,accu:0.240506,loss_recon:0.865934

1600-loss_z:0.941469,accu:0.721693,loss_recon:0.597822

1600-loss_z:2.935257,accu:0.265823,loss_recon:0.865631

1800-loss_z:0.867464,accu:0.759928,loss_recon:0.558199

1800-loss_z:3.005627,accu:0.278481,loss_recon:0.832126

2000-loss_z:0.806159,accu:0.783164,loss_recon:0.524871

2000-loss_z:3.086182,accu:0.291139,loss_recon:0.817107

2200-loss_z:0.753823,accu:0.805326,loss_recon:0.484133

2200-loss_z:3.199528,accu:0.303797,loss_recon:0.805267

2400-loss_z:0.70122,accu:0.830801,loss_recon:0.442917

2400-loss_z:3.317476,accu:0.329114,loss_recon:0.790216

2600-loss_z:0.65959,accu:0.845495,loss_recon:0.413095

2600-loss_z:3.418979,accu:0.316456,loss_recon:0.769791

2800-loss_z:0.620288,accu:0.854583,loss_recon:0.389269

2800-loss_z:3.522443,accu:0.316456,loss_recon:0.735623

3000-loss_z:0.591963,accu:0.868242,loss_recon:0.375882

3000-loss_z:3.605918,accu:0.341772,loss_recon:0.726766

3200-loss_z:0.555713,accu:0.884505,loss_recon:0.354227

3200-loss_z:3.723296,accu:0.316456,loss_recon:0.720832

3400-loss_z:0.526383,accu:0.894661,loss_recon:0.339108

3400-loss_z:3.805167,accu:0.303797,loss_recon:0.713641

3600-loss_z:0.498985,accu:0.904115,loss_recon:0.331666

3600-loss_z:3.914549,accu:0.329114,loss_recon:0.698906

3800-loss_z:0.473186,accu:0.911777,loss_recon:0.323792

3800-loss_z:4.018437,accu:0.329114,loss_recon:0.698225

4000-loss_z:0.451065,accu:0.911576,loss_recon:0.316444

4000-loss_z:4.129699,accu:0.341772,loss_recon:0.718225

4200-loss_z:0.426818,accu:0.91847,loss_recon:0.307092

4200-loss_z:4.25201,accu:0.329114,loss_recon:0.705128

4400-loss_z:0.405024,accu:0.931484,loss_recon:0.297045

4400-loss_z:4.39332,accu:0.341772,loss_recon:0.686186

4600-loss_z:0.386773,accu:0.931641,loss_recon:0.293229

4600-loss_z:4.524327,accu:0.316456,loss_recon:0.671191

4800-loss_z:0.365904,accu:0.934525,loss_recon:0.285255

4800-loss_z:4.673115,accu:0.303797,loss_recon:0.678501

5000-loss_z:0.346298,accu:0.938757,loss_recon:0.286254

5000-loss_z:4.849509,accu:0.316456,loss_recon:0.643715

5200-loss_z:0.331076,accu:0.944987,loss_recon:0.278485

5200-loss_z:4.984259,accu:0.316456,loss_recon:0.673045

5400-loss_z:0.314701,accu:0.950983,loss_recon:0.274653

5400-loss_z:5.121416,accu:0.303797,loss_recon:0.653197

5600-loss_z:0.300078,accu:0.956634,loss_recon:0.276306

5600-loss_z:5.309047,accu:0.303797,loss_recon:0.644696

5800-loss_z:0.284858,accu:0.957897,loss_recon:0.273371

5800-loss_z:5.439342,accu:0.329114,loss_recon:0.662096

6000-loss_z:0.267458,accu:0.96707,loss_recon:0.27271

6000-loss_z:5.577163,accu:0.316456,loss_recon:0.639438

6200-loss_z:0.25423,accu:0.97028,loss_recon:0.272704

6200-loss_z:5.74403,accu:0.303797,loss_recon:0.624144

6400-loss_z:0.247842,accu:0.979004,loss_recon:0.271168

6400-loss_z:5.860109,accu:0.329114,loss_recon:0.626722

6600-loss_z:0.233072,accu:0.984583,loss_recon:0.266251

6600-loss_z:5.995128,accu:0.329114,loss_recon:0.611375

6800-loss_z:0.220154,accu:0.985677,loss_recon:0.265273

6800-loss_z:6.171529,accu:0.303797,loss_recon:0.656281

7000-loss_z:0.207773,accu:0.989811,loss_recon:0.26637

7000-loss_z:6.334213,accu:0.303797,loss_recon:0.63115

7200-loss_z:0.197195,accu:0.990319,loss_recon:0.264561

7200-loss_z:6.457946,accu:0.316456,loss_recon:0.654263

7400-loss_z:0.187434,accu:0.991413,loss_recon:0.262063

7400-loss_z:6.601966,accu:0.329114,loss_recon:0.623345

7600-loss_z:0.177568,accu:0.99224,loss_recon:0.264915

7600-loss_z:6.749914,accu:0.341772,loss_recon:0.631777

7800-loss_z:0.168641,accu:0.994661,loss_recon:0.262121

7800-loss_z:6.884497,accu:0.341772,loss_recon:0.641949

8000-loss_z:0.158616,accu:0.993327,loss_recon:0.259675

8000-loss_z:7.031178,accu:0.367089,loss_recon:0.629826

8200-loss_z:0.151536,accu:0.994818,loss_recon:0.261375

8200-loss_z:7.196406,accu:0.35443,loss_recon:0.632431

8400-loss_z:0.143625,accu:0.994681,loss_recon:0.258698

8400-loss_z:7.343576,accu:0.329114,loss_recon:0.62722

8600-loss_z:0.136742,accu:0.995195,loss_recon:0.256656

8600-loss_z:7.490171,accu:0.329114,loss_recon:0.602916

8800-loss_z:0.128195,accu:0.995117,loss_recon:0.259354

8800-loss_z:7.582944,accu:0.35443,loss_recon:0.615734

9000-loss_z:0.121909,accu:0.995371,loss_recon:0.259043

9000-loss_z:7.694701,accu:0.367089,loss_recon:0.621377

9200-loss_z:0.112076,accu:0.995169,loss_recon:0.256229

9200-loss_z:7.839944,accu:0.379747,loss_recon:0.629474

9400-loss_z:0.106776,accu:0.995645,loss_recon:0.256655

9400-loss_z:8.013433,accu:0.379747,loss_recon:0.645071

9600-loss_z:0.100973,accu:0.99584,loss_recon:0.25601

9600-loss_z:8.228977,accu:0.379747,loss_recon:0.62522

9800-loss_z:0.095498,accu:0.99625,loss_recon:0.256884

9800-loss_z:8.424582,accu:0.392405,loss_recon:0.63673

10000-loss_z:0.090212,accu:0.996146,loss_recon:0.256081

10000-loss_z:8.660625,accu:0.379747,loss_recon:0.631344

10200-loss_z:0.085329,accu:0.997051,loss_recon:0.255834

10200-loss_z:8.860195,accu:0.392405,loss_recon:0.646259

10400-loss_z:0.079489,accu:0.996986,loss_recon:0.254408

10400-loss_z:9.03499,accu:0.392405,loss_recon:0.612171

10600-loss_z:0.075924,accu:0.998249,loss_recon:0.254781

10600-loss_z:9.205118,accu:0.392405,loss_recon:0.621307

10800-loss_z:0.071129,accu:0.998333,loss_recon:0.258786

10800-loss_z:9.310095,accu:0.392405,loss_recon:0.634064

11000-loss_z:0.066949,accu:0.998965,loss_recon:0.254089

11000-loss_z:9.36865,accu:0.392405,loss_recon:0.622441

11200-loss_z:0.062917,accu:0.998203,loss_recon:0.252267

11200-loss_z:9.361726,accu:0.367089,loss_recon:0.618808

11400-loss_z:0.059017,accu:0.999212,loss_recon:0.250078

11400-loss_z:9.455327,accu:0.379747,loss_recon:0.611961

11600-loss_z:0.056777,accu:0.999753,loss_recon:0.250283

11600-loss_z:9.550262,accu:0.367089,loss_recon:0.623811

11800-loss_z:0.053717,accu:0.99929,loss_recon:0.252085

11800-loss_z:9.546815,accu:0.379747,loss_recon:0.616427

12000-loss_z:0.050997,accu:1.0,loss_recon:0.246229

12000-loss_z:9.649982,accu:0.379747,loss_recon:0.627411

12200-loss_z:0.0468,accu:0.999661,loss_recon:0.247121

12200-loss_z:9.726281,accu:0.392405,loss_recon:0.621616

12400-loss_z:0.04409,accu:0.999857,loss_recon:0.247987

12400-loss_z:9.808708,accu:0.392405,loss_recon:0.630867

12600-loss_z:0.041836,accu:0.999922,loss_recon:0.24631

12600-loss_z:9.920782,accu:0.405063,loss_recon:0.609099

12800-loss_z:0.039548,accu:1.0,loss_recon:0.247552

12800-loss_z:10.024065,accu:0.379747,loss_recon:0.617761

13000-loss_z:0.037398,accu:1.0,loss_recon:0.245613

13000-loss_z:10.155869,accu:0.392405,loss_recon:0.617284

13200-loss_z:0.035584,accu:1.0,loss_recon:0.245927

13200-loss_z:10.256252,accu:0.392405,loss_recon:0.611617

13400-loss_z:0.033579,accu:1.0,loss_recon:0.248631

13400-loss_z:10.351357,accu:0.392405,loss_recon:0.617833

13600-loss_z:0.03047,accu:1.0,loss_recon:0.248044

13600-loss_z:10.45674,accu:0.405063,loss_recon:0.632923

13800-loss_z:0.029421,accu:1.0,loss_recon:0.245962

13800-loss_z:10.592116,accu:0.392405,loss_recon:0.624766

14000-loss_z:0.027259,accu:1.0,loss_recon:0.245251

14000-loss_z:10.699551,accu:0.392405,loss_recon:0.624307

14200-loss_z:0.025868,accu:1.0,loss_recon:0.24665

14200-loss_z:10.787489,accu:0.392405,loss_recon:0.603953

14400-loss_z:0.024068,accu:1.0,loss_recon:0.24531

14400-loss_z:10.951061,accu:0.392405,loss_recon:0.583934

14600-loss_z:0.022896,accu:1.0,loss_recon:0.243612

14600-loss_z:11.06039,accu:0.392405,loss_recon:0.620405

14800-loss_z:0.021708,accu:1.0,loss_recon:0.246107

14800-loss_z:11.202514,accu:0.392405,loss_recon:0.610459

15000-loss_z:0.020002,accu:1.0,loss_recon:0.243235

15000-loss_z:11.336933,accu:0.405063,loss_recon:0.632958

15200-loss_z:0.018625,accu:1.0,loss_recon:0.240208

15200-loss_z:11.471114,accu:0.405063,loss_recon:0.622705

15400-loss_z:0.017594,accu:1.0,loss_recon:0.2438

15400-loss_z:11.60719,accu:0.417722,loss_recon:0.602957

15600-loss_z:0.016875,accu:1.0,loss_recon:0.245158

15600-loss_z:11.732349,accu:0.417722,loss_recon:0.637392

15800-loss_z:0.015393,accu:1.0,loss_recon:0.241944

15800-loss_z:11.936275,accu:0.405063,loss_recon:0.624677

16000-loss_z:0.014648,accu:1.0,loss_recon:0.242385

16000-loss_z:12.208299,accu:0.405063,loss_recon:0.613165

16200-loss_z:0.013798,accu:1.0,loss_recon:0.242302

16200-loss_z:12.391612,accu:0.405063,loss_recon:0.616922

16400-loss_z:0.012603,accu:1.0,loss_recon:0.240145

16400-loss_z:12.668268,accu:0.392405,loss_recon:0.608831

16600-loss_z:0.011888,accu:1.0,loss_recon:0.240773

16600-loss_z:12.925966,accu:0.405063,loss_recon:0.600721

16800-loss_z:0.011135,accu:1.0,loss_recon:0.241871

16800-loss_z:13.13633,accu:0.405063,loss_recon:0.609738

17000-loss_z:0.010429,accu:1.0,loss_recon:0.242096

17000-loss_z:13.342871,accu:0.405063,loss_recon:0.605945

17200-loss_z:0.009635,accu:1.0,loss_recon:0.241641

17200-loss_z:13.60794,accu:0.392405,loss_recon:0.602422

17400-loss_z:0.009051,accu:1.0,loss_recon:0.241761

17400-loss_z:13.819963,accu:0.43038,loss_recon:0.613594

17600-loss_z:0.008204,accu:1.0,loss_recon:0.241147

17600-loss_z:14.011749,accu:0.405063,loss_recon:0.638756

17800-loss_z:0.007743,accu:1.0,loss_recon:0.241569

17800-loss_z:14.241909,accu:0.417722,loss_recon:0.627569

18000-loss_z:0.007339,accu:1.0,loss_recon:0.239493

18000-loss_z:14.440932,accu:0.417722,loss_recon:0.616143

18200-loss_z:0.006733,accu:1.0,loss_recon:0.242103

18200-loss_z:14.650393,accu:0.43038,loss_recon:0.601721

18400-loss_z:0.006259,accu:1.0,loss_recon:0.24239

18400-loss_z:14.838172,accu:0.417722,loss_recon:0.635521

18600-loss_z:0.005857,accu:1.0,loss_recon:0.241694

18600-loss_z:15.025159,accu:0.417722,loss_recon:0.586335

18800-loss_z:0.005281,accu:1.0,loss_recon:0.240186

18800-loss_z:15.201805,accu:0.417722,loss_recon:0.621185

19000-loss_z:0.004958,accu:1.0,loss_recon:0.239282

19000-loss_z:15.442218,accu:0.417722,loss_recon:0.597602

19200-loss_z:0.00467,accu:1.0,loss_recon:0.239247

19200-loss_z:15.632892,accu:0.417722,loss_recon:0.620309

19400-loss_z:0.004251,accu:1.0,loss_recon:0.23918

19400-loss_z:15.809328,accu:0.417722,loss_recon:0.621197

19600-loss_z:0.003985,accu:1.0,loss_recon:0.243604

19600-loss_z:16.024677,accu:0.417722,loss_recon:0.627377

19800-loss_z:0.003638,accu:1.0,loss_recon:0.239831

19800-loss_z:16.209513,accu:0.417722,loss_recon:0.610776

20000-loss_z:0.003399,accu:1.0,loss_recon:0.240432

20000-loss_z:16.394684,accu:0.417722,loss_recon:0.596968

Continue training
New FC model is initialized
200-loss_z:2.638276,accu:0.165695,loss_recon:2.283596

200-loss_z:2.698918,accu:0.075949,loss_recon:1.847846

400-loss_z:1.975741,accu:0.347624,loss_recon:1.473586

400-loss_z:2.574255,accu:0.126582,loss_recon:1.570464

600-loss_z:1.550369,accu:0.482357,loss_recon:1.236957

600-loss_z:2.574062,accu:0.164557,loss_recon:1.292318

800-loss_z:1.297365,accu:0.573197,loss_recon:1.018853

800-loss_z:2.620958,accu:0.164557,loss_recon:1.041079

1000-loss_z:1.131548,accu:0.637728,loss_recon:0.839093

1000-loss_z:2.704513,accu:0.189873,loss_recon:0.898788

1200-loss_z:1.004698,accu:0.714818,loss_recon:0.731568

1200-loss_z:2.803955,accu:0.202532,loss_recon:0.82219

1400-loss_z:0.907783,accu:0.750332,loss_recon:0.641255

1400-loss_z:2.938943,accu:0.21519,loss_recon:0.776974

1600-loss_z:0.829548,accu:0.773561,loss_recon:0.593517

1600-loss_z:3.037466,accu:0.240506,loss_recon:0.745574

1800-loss_z:0.761977,accu:0.796504,loss_recon:0.557501

1800-loss_z:3.175332,accu:0.265823,loss_recon:0.740941

2000-loss_z:0.703568,accu:0.822552,loss_recon:0.51515

2000-loss_z:3.303358,accu:0.240506,loss_recon:0.725178

2200-loss_z:0.65282,accu:0.833743,loss_recon:0.486476

2200-loss_z:3.441417,accu:0.253165,loss_recon:0.726137

2400-loss_z:0.611318,accu:0.847539,loss_recon:0.462254

2400-loss_z:3.580675,accu:0.291139,loss_recon:0.730409

2600-loss_z:0.569255,accu:0.864095,loss_recon:0.448342

2600-loss_z:3.744065,accu:0.278481,loss_recon:0.736616

2800-loss_z:0.539404,accu:0.877181,loss_recon:0.424581

2800-loss_z:3.852034,accu:0.253165,loss_recon:0.726553

3000-loss_z:0.502517,accu:0.894596,loss_recon:0.421359

3000-loss_z:3.983249,accu:0.303797,loss_recon:0.73549

3200-loss_z:0.47018,accu:0.903333,loss_recon:0.412437

3200-loss_z:4.167115,accu:0.303797,loss_recon:0.727758

3400-loss_z:0.443247,accu:0.915612,loss_recon:0.403893

3400-loss_z:4.289786,accu:0.303797,loss_recon:0.761665

3600-loss_z:0.416869,accu:0.923965,loss_recon:0.402553

3600-loss_z:4.427189,accu:0.303797,loss_recon:0.758843

3800-loss_z:0.391256,accu:0.930944,loss_recon:0.397395

3800-loss_z:4.540374,accu:0.303797,loss_recon:0.717123

4000-loss_z:0.367604,accu:0.947624,loss_recon:0.389781

4000-loss_z:4.705832,accu:0.278481,loss_recon:0.752693

4200-loss_z:0.345649,accu:0.951699,loss_recon:0.38767

4200-loss_z:4.839923,accu:0.303797,loss_recon:0.718107

4400-loss_z:0.324929,accu:0.955508,loss_recon:0.385371

4400-loss_z:5.028921,accu:0.303797,loss_recon:0.724796

4600-loss_z:0.303766,accu:0.958893,loss_recon:0.377444

4600-loss_z:5.182582,accu:0.291139,loss_recon:0.723345

4800-loss_z:0.28649,accu:0.961504,loss_recon:0.380687

4800-loss_z:5.388233,accu:0.303797,loss_recon:0.710928

5000-loss_z:0.270251,accu:0.968184,loss_recon:0.379655

5000-loss_z:5.540992,accu:0.303797,loss_recon:0.73822

5200-loss_z:0.25304,accu:0.970755,loss_recon:0.370982

5200-loss_z:5.716321,accu:0.316456,loss_recon:0.713354

5400-loss_z:0.237634,accu:0.979225,loss_recon:0.367738

5400-loss_z:5.916146,accu:0.291139,loss_recon:0.726842

5600-loss_z:0.222901,accu:0.982109,loss_recon:0.370295

5600-loss_z:6.116944,accu:0.291139,loss_recon:0.734834

5800-loss_z:0.208213,accu:0.983314,loss_recon:0.366089

5800-loss_z:6.304878,accu:0.303797,loss_recon:0.728189

6000-loss_z:0.200581,accu:0.980716,loss_recon:0.357278

6000-loss_z:6.478152,accu:0.278481,loss_recon:0.704878

6200-loss_z:0.186441,accu:0.983411,loss_recon:0.356426

6200-loss_z:6.638426,accu:0.303797,loss_recon:0.679624

6400-loss_z:0.175837,accu:0.984544,loss_recon:0.347841

6400-loss_z:6.835732,accu:0.303797,loss_recon:0.691522

6600-loss_z:0.166782,accu:0.985775,loss_recon:0.346512

6600-loss_z:7.018869,accu:0.303797,loss_recon:0.653476

6800-loss_z:0.157344,accu:0.987988,loss_recon:0.34084

6800-loss_z:7.210911,accu:0.303797,loss_recon:0.680201

7000-loss_z:0.147841,accu:0.986973,loss_recon:0.341247

7000-loss_z:7.391324,accu:0.303797,loss_recon:0.655431

7200-loss_z:0.137587,accu:0.987806,loss_recon:0.33486

7200-loss_z:7.608374,accu:0.291139,loss_recon:0.654819

7400-loss_z:0.130855,accu:0.98707,loss_recon:0.33469

7400-loss_z:7.788871,accu:0.291139,loss_recon:0.654221

7600-loss_z:0.122018,accu:0.988607,loss_recon:0.334983

7600-loss_z:7.968325,accu:0.316456,loss_recon:0.66926

7800-loss_z:0.114642,accu:0.99002,loss_recon:0.330305

7800-loss_z:8.163123,accu:0.316456,loss_recon:0.642881

8000-loss_z:0.110669,accu:0.988978,loss_recon:0.324728

8000-loss_z:8.381931,accu:0.316456,loss_recon:0.652394

8200-loss_z:0.103407,accu:0.989414,loss_recon:0.323796

8200-loss_z:8.585335,accu:0.316456,loss_recon:0.635968

8400-loss_z:0.097022,accu:0.991654,loss_recon:0.32074

8400-loss_z:8.77986,accu:0.316456,loss_recon:0.638499

8600-loss_z:0.092365,accu:0.993021,loss_recon:0.306733

8600-loss_z:8.982406,accu:0.329114,loss_recon:0.625524

8800-loss_z:0.085965,accu:0.99444,loss_recon:0.300276

8800-loss_z:9.196228,accu:0.316456,loss_recon:0.628665

9000-loss_z:0.081615,accu:0.994251,loss_recon:0.300144

9000-loss_z:9.401691,accu:0.329114,loss_recon:0.621194

9200-loss_z:0.076799,accu:0.995957,loss_recon:0.294584

9200-loss_z:9.627604,accu:0.329114,loss_recon:0.622011

9400-loss_z:0.072626,accu:0.997422,loss_recon:0.290223

9400-loss_z:9.825333,accu:0.329114,loss_recon:0.612489

9600-loss_z:0.067936,accu:0.996699,loss_recon:0.289177

9600-loss_z:10.084512,accu:0.341772,loss_recon:0.608315

9800-loss_z:0.064095,accu:0.997344,loss_recon:0.284054

9800-loss_z:10.361635,accu:0.329114,loss_recon:0.610784

10000-loss_z:0.06019,accu:0.998789,loss_recon:0.278095

10000-loss_z:10.53936,accu:0.329114,loss_recon:0.600759

10200-loss_z:0.055793,accu:0.997507,loss_recon:0.277358

10200-loss_z:10.817682,accu:0.303797,loss_recon:0.620502

10400-loss_z:0.053011,accu:0.997936,loss_recon:0.272387

10400-loss_z:11.06545,accu:0.303797,loss_recon:0.632302

10600-loss_z:0.049806,accu:0.99916,loss_recon:0.275216

10600-loss_z:11.358291,accu:0.316456,loss_recon:0.607874

10800-loss_z:0.047851,accu:0.999824,loss_recon:0.268172

10800-loss_z:11.581972,accu:0.303797,loss_recon:0.615259

11000-loss_z:0.044866,accu:0.999674,loss_recon:0.269774

11000-loss_z:11.849953,accu:0.316456,loss_recon:0.614631

11200-loss_z:0.041584,accu:0.999818,loss_recon:0.264251

11200-loss_z:12.081569,accu:0.316456,loss_recon:0.625437

11400-loss_z:0.038823,accu:0.999896,loss_recon:0.258059

11400-loss_z:12.314827,accu:0.316456,loss_recon:0.604922

11600-loss_z:0.037366,accu:0.999798,loss_recon:0.253846

11600-loss_z:12.579713,accu:0.316456,loss_recon:0.616464

11800-loss_z:0.035214,accu:1.0,loss_recon:0.252911

11800-loss_z:12.824152,accu:0.316456,loss_recon:0.616539

12000-loss_z:0.032849,accu:1.0,loss_recon:0.249433

12000-loss_z:13.083442,accu:0.329114,loss_recon:0.62124

12200-loss_z:0.030787,accu:1.0,loss_recon:0.24743

12200-loss_z:13.365339,accu:0.316456,loss_recon:0.612913

12400-loss_z:0.028912,accu:0.999896,loss_recon:0.247664

12400-loss_z:13.551999,accu:0.316456,loss_recon:0.61038

12600-loss_z:0.026698,accu:1.0,loss_recon:0.243838

12600-loss_z:13.8529,accu:0.316456,loss_recon:0.596983

12800-loss_z:0.026024,accu:1.0,loss_recon:0.240043

12800-loss_z:14.066139,accu:0.316456,loss_recon:0.6034

13000-loss_z:0.024149,accu:1.0,loss_recon:0.241409

13000-loss_z:14.291594,accu:0.316456,loss_recon:0.602232

13200-loss_z:0.023015,accu:1.0,loss_recon:0.240863

13200-loss_z:14.550138,accu:0.316456,loss_recon:0.595225

13400-loss_z:0.021371,accu:1.0,loss_recon:0.237041

13400-loss_z:14.797728,accu:0.316456,loss_recon:0.587682

13600-loss_z:0.020073,accu:1.0,loss_recon:0.237123

13600-loss_z:15.023989,accu:0.329114,loss_recon:0.593703

13800-loss_z:0.01877,accu:1.0,loss_recon:0.235028

13800-loss_z:15.25207,accu:0.329114,loss_recon:0.594525

14000-loss_z:0.018201,accu:1.0,loss_recon:0.236834

14000-loss_z:15.491138,accu:0.316456,loss_recon:0.609322

14200-loss_z:0.016437,accu:1.0,loss_recon:0.233282

14200-loss_z:15.75283,accu:0.329114,loss_recon:0.594196

14400-loss_z:0.015535,accu:1.0,loss_recon:0.23663

14400-loss_z:16.015043,accu:0.329114,loss_recon:0.598353

14600-loss_z:0.014936,accu:1.0,loss_recon:0.229678

14600-loss_z:16.278437,accu:0.329114,loss_recon:0.598096

14800-loss_z:0.013463,accu:1.0,loss_recon:0.232802

14800-loss_z:16.52759,accu:0.341772,loss_recon:0.588956

15000-loss_z:0.013018,accu:1.0,loss_recon:0.234934

15000-loss_z:16.794283,accu:0.316456,loss_recon:0.597173

15200-loss_z:0.012203,accu:1.0,loss_recon:0.233325

15200-loss_z:17.05554,accu:0.341772,loss_recon:0.599061

15400-loss_z:0.011524,accu:1.0,loss_recon:0.228646

15400-loss_z:17.332668,accu:0.316456,loss_recon:0.600757

15600-loss_z:0.010658,accu:1.0,loss_recon:0.228106

15600-loss_z:17.583693,accu:0.329114,loss_recon:0.586175

15800-loss_z:0.009847,accu:1.0,loss_recon:0.229616

15800-loss_z:17.815395,accu:0.329114,loss_recon:0.598523

16000-loss_z:0.009337,accu:1.0,loss_recon:0.230744

16000-loss_z:18.086946,accu:0.316456,loss_recon:0.591003

16200-loss_z:0.008675,accu:1.0,loss_recon:0.227643

16200-loss_z:18.316906,accu:0.316456,loss_recon:0.598973

16400-loss_z:0.008078,accu:1.0,loss_recon:0.232105

16400-loss_z:18.600101,accu:0.329114,loss_recon:0.602804

16600-loss_z:0.007485,accu:1.0,loss_recon:0.230571

16600-loss_z:18.822998,accu:0.316456,loss_recon:0.594965

16800-loss_z:0.007109,accu:1.0,loss_recon:0.228843

16800-loss_z:19.073341,accu:0.316456,loss_recon:0.598658

17000-loss_z:0.006534,accu:1.0,loss_recon:0.227993

17000-loss_z:19.28157,accu:0.316456,loss_recon:0.591927

17200-loss_z:0.006097,accu:1.0,loss_recon:0.229348

17200-loss_z:19.4923,accu:0.329114,loss_recon:0.612842

17400-loss_z:0.005594,accu:1.0,loss_recon:0.228088

17400-loss_z:19.731596,accu:0.316456,loss_recon:0.606713

17600-loss_z:0.005246,accu:1.0,loss_recon:0.229649

17600-loss_z:19.946396,accu:0.329114,loss_recon:0.600577

17800-loss_z:0.004872,accu:1.0,loss_recon:0.226336

17800-loss_z:20.204853,accu:0.329114,loss_recon:0.601034

18000-loss_z:0.004649,accu:1.0,loss_recon:0.227672

18000-loss_z:20.409452,accu:0.329114,loss_recon:0.585248

18200-loss_z:0.004187,accu:1.0,loss_recon:0.229564

18200-loss_z:20.650351,accu:0.329114,loss_recon:0.600633

18400-loss_z:0.003973,accu:1.0,loss_recon:0.226627

18400-loss_z:20.85478,accu:0.329114,loss_recon:0.604039

18600-loss_z:0.003637,accu:1.0,loss_recon:0.227547

18600-loss_z:21.060671,accu:0.329114,loss_recon:0.596655

18800-loss_z:0.003462,accu:1.0,loss_recon:0.227355

18800-loss_z:21.293758,accu:0.329114,loss_recon:0.596481

19000-loss_z:0.003191,accu:1.0,loss_recon:0.227942

19000-loss_z:21.533094,accu:0.329114,loss_recon:0.59279

19200-loss_z:0.002973,accu:1.0,loss_recon:0.228157

19200-loss_z:21.761568,accu:0.329114,loss_recon:0.587286

19400-loss_z:0.002751,accu:1.0,loss_recon:0.22642

19400-loss_z:21.978458,accu:0.329114,loss_recon:0.600971

19600-loss_z:0.002467,accu:1.0,loss_recon:0.22766

19600-loss_z:22.215864,accu:0.329114,loss_recon:0.595775

19800-loss_z:0.002313,accu:1.0,loss_recon:0.226545

19800-loss_z:22.409882,accu:0.341772,loss_recon:0.596518

20000-loss_z:0.002164,accu:1.0,loss_recon:0.229546

20000-loss_z:22.630327,accu:0.329114,loss_recon:0.58279

Continue training
New FC model is initialized
200-loss_z:2.672662,accu:0.204926,loss_recon:2.187833

200-loss_z:2.863909,accu:0.075949,loss_recon:1.670918

400-loss_z:2.007535,accu:0.347572,loss_recon:1.263359

400-loss_z:2.695566,accu:0.139241,loss_recon:1.230716

600-loss_z:1.610984,accu:0.489408,loss_recon:0.976688

600-loss_z:2.656987,accu:0.189873,loss_recon:1.019953

800-loss_z:1.365627,accu:0.58097,loss_recon:0.811829

800-loss_z:2.690519,accu:0.189873,loss_recon:0.925454

1000-loss_z:1.192104,accu:0.632611,loss_recon:0.71135

1000-loss_z:2.773914,accu:0.278481,loss_recon:0.888041

1200-loss_z:1.065425,accu:0.673138,loss_recon:0.640489

1200-loss_z:2.855574,accu:0.278481,loss_recon:0.893598

1400-loss_z:0.956294,accu:0.715033,loss_recon:0.589853

1400-loss_z:2.92128,accu:0.265823,loss_recon:0.861104

1600-loss_z:0.867424,accu:0.757793,loss_recon:0.537854

1600-loss_z:3.034522,accu:0.291139,loss_recon:0.824889

1800-loss_z:0.791492,accu:0.790423,loss_recon:0.494734

1800-loss_z:3.110556,accu:0.278481,loss_recon:0.799647

2000-loss_z:0.733071,accu:0.831816,loss_recon:0.455808

2000-loss_z:3.213833,accu:0.265823,loss_recon:0.797437

2200-loss_z:0.673364,accu:0.848763,loss_recon:0.423728

2200-loss_z:3.345528,accu:0.303797,loss_recon:0.765861

2400-loss_z:0.621792,accu:0.856237,loss_recon:0.401024

2400-loss_z:3.446275,accu:0.316456,loss_recon:0.773623

2600-loss_z:0.577369,accu:0.875182,loss_recon:0.385701

2600-loss_z:3.602368,accu:0.341772,loss_recon:0.779916

2800-loss_z:0.541697,accu:0.894772,loss_recon:0.369654

2800-loss_z:3.710614,accu:0.316456,loss_recon:0.784344

3000-loss_z:0.508004,accu:0.900944,loss_recon:0.352455

3000-loss_z:3.873891,accu:0.316456,loss_recon:0.789121

3200-loss_z:0.471005,accu:0.915404,loss_recon:0.342737

3200-loss_z:4.013319,accu:0.303797,loss_recon:0.809466

3400-loss_z:0.43979,accu:0.924948,loss_recon:0.334012

3400-loss_z:4.176181,accu:0.316456,loss_recon:0.795678

3600-loss_z:0.415255,accu:0.932734,loss_recon:0.319374

3600-loss_z:4.336323,accu:0.329114,loss_recon:0.809831

3800-loss_z:0.388969,accu:0.955592,loss_recon:0.315991

3800-loss_z:4.51555,accu:0.303797,loss_recon:0.799279

4000-loss_z:0.364262,accu:0.965553,loss_recon:0.308175

4000-loss_z:4.679332,accu:0.329114,loss_recon:0.806543

4200-loss_z:0.337528,accu:0.979212,loss_recon:0.301746

4200-loss_z:4.849959,accu:0.341772,loss_recon:0.80028

4400-loss_z:0.319403,accu:0.979993,loss_recon:0.300147

4400-loss_z:5.04059,accu:0.35443,loss_recon:0.799726

4600-loss_z:0.302435,accu:0.986309,loss_recon:0.293032

4600-loss_z:5.232458,accu:0.35443,loss_recon:0.789744

4800-loss_z:0.281175,accu:0.988379,loss_recon:0.287704

4800-loss_z:5.419785,accu:0.329114,loss_recon:0.788021

5000-loss_z:0.263865,accu:0.991113,loss_recon:0.281584

5000-loss_z:5.605438,accu:0.341772,loss_recon:0.783185

5200-loss_z:0.245181,accu:0.993177,loss_recon:0.281761

5200-loss_z:5.796767,accu:0.329114,loss_recon:0.774264

5400-loss_z:0.233357,accu:0.997676,loss_recon:0.277731

5400-loss_z:6.002678,accu:0.329114,loss_recon:0.779447

5600-loss_z:0.216909,accu:0.99918,loss_recon:0.278064

5600-loss_z:6.213646,accu:0.341772,loss_recon:0.765435

5800-loss_z:0.203778,accu:0.999297,loss_recon:0.275073

5800-loss_z:6.406379,accu:0.329114,loss_recon:0.766461

6000-loss_z:0.190989,accu:0.99998,loss_recon:0.270237

6000-loss_z:6.638669,accu:0.341772,loss_recon:0.753561

6200-loss_z:0.182426,accu:0.999759,loss_recon:0.268663

6200-loss_z:6.824481,accu:0.329114,loss_recon:0.769568

6400-loss_z:0.168609,accu:1.0,loss_recon:0.270532

6400-loss_z:7.038228,accu:0.316456,loss_recon:0.772129

6600-loss_z:0.16007,accu:1.0,loss_recon:0.267101

6600-loss_z:7.282876,accu:0.329114,loss_recon:0.745006

6800-loss_z:0.147899,accu:1.0,loss_recon:0.263393

6800-loss_z:7.488029,accu:0.329114,loss_recon:0.752851

7000-loss_z:0.139472,accu:1.0,loss_recon:0.262446

7000-loss_z:7.747177,accu:0.316456,loss_recon:0.757328

7200-loss_z:0.13199,accu:1.0,loss_recon:0.262521

7200-loss_z:7.951569,accu:0.316456,loss_recon:0.746156

7400-loss_z:0.123739,accu:1.0,loss_recon:0.260153

7400-loss_z:8.196047,accu:0.316456,loss_recon:0.732482

7600-loss_z:0.114421,accu:1.0,loss_recon:0.25869

7600-loss_z:8.446548,accu:0.316456,loss_recon:0.727983

7800-loss_z:0.10789,accu:1.0,loss_recon:0.258455

7800-loss_z:8.640077,accu:0.316456,loss_recon:0.741912

8000-loss_z:0.100931,accu:1.0,loss_recon:0.260004

8000-loss_z:8.871556,accu:0.316456,loss_recon:0.762595

8200-loss_z:0.093711,accu:1.0,loss_recon:0.257817

8200-loss_z:9.108072,accu:0.303797,loss_recon:0.736419

8400-loss_z:0.09001,accu:1.0,loss_recon:0.256864

8400-loss_z:9.354121,accu:0.316456,loss_recon:0.732378

8600-loss_z:0.083072,accu:1.0,loss_recon:0.254807

8600-loss_z:9.566672,accu:0.316456,loss_recon:0.724971

8800-loss_z:0.077738,accu:1.0,loss_recon:0.252777

8800-loss_z:9.832545,accu:0.316456,loss_recon:0.718231

9000-loss_z:0.072286,accu:1.0,loss_recon:0.251694

9000-loss_z:10.082196,accu:0.316456,loss_recon:0.720562

9200-loss_z:0.066957,accu:1.0,loss_recon:0.251429

9200-loss_z:10.311426,accu:0.303797,loss_recon:0.725248

9400-loss_z:0.062202,accu:1.0,loss_recon:0.249528

9400-loss_z:10.580073,accu:0.303797,loss_recon:0.713718

9600-loss_z:0.058571,accu:1.0,loss_recon:0.251978

9600-loss_z:10.818554,accu:0.303797,loss_recon:0.707751

9800-loss_z:0.054152,accu:1.0,loss_recon:0.253341

9800-loss_z:11.03817,accu:0.303797,loss_recon:0.722983

10000-loss_z:0.05074,accu:1.0,loss_recon:0.249375

10000-loss_z:11.340047,accu:0.316456,loss_recon:0.718537

10200-loss_z:0.046603,accu:1.0,loss_recon:0.247137

10200-loss_z:11.561672,accu:0.303797,loss_recon:0.707523

10400-loss_z:0.04375,accu:1.0,loss_recon:0.247098

10400-loss_z:11.805769,accu:0.303797,loss_recon:0.704139

10600-loss_z:0.040203,accu:1.0,loss_recon:0.24571

10600-loss_z:12.097892,accu:0.303797,loss_recon:0.711597

10800-loss_z:0.037489,accu:1.0,loss_recon:0.243915

10800-loss_z:12.343636,accu:0.303797,loss_recon:0.719126

11000-loss_z:0.034922,accu:1.0,loss_recon:0.238893

11000-loss_z:12.601455,accu:0.303797,loss_recon:0.723934

11200-loss_z:0.032092,accu:1.0,loss_recon:0.239211

11200-loss_z:12.872126,accu:0.316456,loss_recon:0.734024

11400-loss_z:0.029892,accu:1.0,loss_recon:0.234948

11400-loss_z:13.143051,accu:0.316456,loss_recon:0.736043

11600-loss_z:0.027663,accu:1.0,loss_recon:0.23719

11600-loss_z:13.411252,accu:0.316456,loss_recon:0.730316

11800-loss_z:0.025672,accu:1.0,loss_recon:0.234949

11800-loss_z:13.700246,accu:0.316456,loss_recon:0.745092

12000-loss_z:0.02368,accu:1.0,loss_recon:0.232921

12000-loss_z:13.984458,accu:0.329114,loss_recon:0.754046

12200-loss_z:0.021982,accu:1.0,loss_recon:0.231119

12200-loss_z:14.25547,accu:0.329114,loss_recon:0.751089

12400-loss_z:0.020134,accu:1.0,loss_recon:0.231944

12400-loss_z:14.549434,accu:0.329114,loss_recon:0.740928

12600-loss_z:0.018736,accu:1.0,loss_recon:0.229461

12600-loss_z:14.826346,accu:0.316456,loss_recon:0.757098

12800-loss_z:0.017303,accu:1.0,loss_recon:0.229399

12800-loss_z:15.11164,accu:0.316456,loss_recon:0.731264

13000-loss_z:0.015917,accu:1.0,loss_recon:0.230011

13000-loss_z:15.416043,accu:0.316456,loss_recon:0.743606

13200-loss_z:0.014749,accu:1.0,loss_recon:0.227568

13200-loss_z:15.714508,accu:0.329114,loss_recon:0.754053

13400-loss_z:0.013601,accu:1.0,loss_recon:0.22744

13400-loss_z:16.030058,accu:0.329114,loss_recon:0.748172

13600-loss_z:0.012447,accu:1.0,loss_recon:0.226021

13600-loss_z:16.33194,accu:0.329114,loss_recon:0.739662

13800-loss_z:0.011571,accu:1.0,loss_recon:0.224568

13800-loss_z:16.62439,accu:0.316456,loss_recon:0.765219

14000-loss_z:0.010391,accu:1.0,loss_recon:0.22571

14000-loss_z:16.940351,accu:0.329114,loss_recon:0.760502

14200-loss_z:0.009703,accu:1.0,loss_recon:0.226731

14200-loss_z:17.253244,accu:0.329114,loss_recon:0.744344

14400-loss_z:0.008858,accu:1.0,loss_recon:0.226147

14400-loss_z:17.615442,accu:0.303797,loss_recon:0.749914

14600-loss_z:0.008179,accu:1.0,loss_recon:0.225442

14600-loss_z:17.917965,accu:0.316456,loss_recon:0.749263

14800-loss_z:0.007583,accu:1.0,loss_recon:0.226701

14800-loss_z:18.243631,accu:0.316456,loss_recon:0.754902

15000-loss_z:0.006944,accu:1.0,loss_recon:0.224252

15000-loss_z:18.557484,accu:0.316456,loss_recon:0.751106

15200-loss_z:0.006378,accu:1.0,loss_recon:0.226242

15200-loss_z:18.859436,accu:0.303797,loss_recon:0.762551

15400-loss_z:0.005865,accu:1.0,loss_recon:0.223942

15400-loss_z:19.198637,accu:0.316456,loss_recon:0.762998

15600-loss_z:0.005337,accu:1.0,loss_recon:0.22574

15600-loss_z:19.528166,accu:0.316456,loss_recon:0.752284

15800-loss_z:0.004861,accu:1.0,loss_recon:0.225228

15800-loss_z:19.864168,accu:0.316456,loss_recon:0.754175

16000-loss_z:0.00451,accu:1.0,loss_recon:0.226372

16000-loss_z:20.200943,accu:0.316456,loss_recon:0.760575

16200-loss_z:0.004107,accu:1.0,loss_recon:0.224825

16200-loss_z:20.533663,accu:0.316456,loss_recon:0.763494

16400-loss_z:0.003735,accu:1.0,loss_recon:0.226266

16400-loss_z:20.867998,accu:0.316456,loss_recon:0.771347

16600-loss_z:0.003358,accu:1.0,loss_recon:0.224437

16600-loss_z:21.198761,accu:0.316456,loss_recon:0.75147

16800-loss_z:0.003124,accu:1.0,loss_recon:0.222642

16800-loss_z:21.530449,accu:0.316456,loss_recon:0.758396

17000-loss_z:0.002855,accu:1.0,loss_recon:0.223593

17000-loss_z:21.879171,accu:0.316456,loss_recon:0.760567

17200-loss_z:0.002653,accu:1.0,loss_recon:0.224782

17200-loss_z:22.189268,accu:0.303797,loss_recon:0.773956

17400-loss_z:0.002395,accu:1.0,loss_recon:0.223701

17400-loss_z:22.535975,accu:0.316456,loss_recon:0.769704

17600-loss_z:0.002189,accu:1.0,loss_recon:0.222155

17600-loss_z:22.883816,accu:0.303797,loss_recon:0.75913

17800-loss_z:0.002024,accu:1.0,loss_recon:0.224708

17800-loss_z:23.212214,accu:0.303797,loss_recon:0.768703

18000-loss_z:0.001849,accu:1.0,loss_recon:0.224584

18000-loss_z:23.531473,accu:0.303797,loss_recon:0.756021

18200-loss_z:0.001634,accu:1.0,loss_recon:0.223556

18200-loss_z:23.89019,accu:0.303797,loss_recon:0.782832

18400-loss_z:0.001528,accu:1.0,loss_recon:0.223085

18400-loss_z:24.236473,accu:0.303797,loss_recon:0.769958

18600-loss_z:0.001376,accu:1.0,loss_recon:0.223258

18600-loss_z:24.553572,accu:0.303797,loss_recon:0.782503

18800-loss_z:0.001239,accu:1.0,loss_recon:0.221753

18800-loss_z:24.924263,accu:0.303797,loss_recon:0.770755

19000-loss_z:0.001146,accu:1.0,loss_recon:0.223722

19000-loss_z:25.276005,accu:0.303797,loss_recon:0.769221

19200-loss_z:0.001047,accu:1.0,loss_recon:0.220732

19200-loss_z:25.633677,accu:0.303797,loss_recon:0.767796

19400-loss_z:0.00095,accu:1.0,loss_recon:0.224208

19400-loss_z:25.992994,accu:0.303797,loss_recon:0.762962

19600-loss_z:0.000835,accu:1.0,loss_recon:0.223964

19600-loss_z:26.329411,accu:0.303797,loss_recon:0.779729

19800-loss_z:0.000775,accu:1.0,loss_recon:0.221268

19800-loss_z:26.688433,accu:0.303797,loss_recon:0.776771

20000-loss_z:0.000707,accu:1.0,loss_recon:0.222028

20000-loss_z:27.041679,accu:0.303797,loss_recon:0.768887

Continue training
New FC model is initialized
200-loss_z:2.642234,accu:0.171875,loss_recon:2.446991

200-loss_z:2.728334,accu:0.101266,loss_recon:1.860812

400-loss_z:1.975987,accu:0.344525,loss_recon:1.550772

400-loss_z:2.598969,accu:0.088608,loss_recon:1.373973

600-loss_z:1.610823,accu:0.472715,loss_recon:1.153207

600-loss_z:2.620504,accu:0.113924,loss_recon:1.07913

800-loss_z:1.390081,accu:0.530397,loss_recon:0.927822

800-loss_z:2.637673,accu:0.151899,loss_recon:0.934716

1000-loss_z:1.223385,accu:0.576426,loss_recon:0.773068

1000-loss_z:2.681828,accu:0.202532,loss_recon:0.828652

1200-loss_z:1.097653,accu:0.60599,loss_recon:0.675435

1200-loss_z:2.785537,accu:0.240506,loss_recon:0.772615

1400-loss_z:0.995601,accu:0.657663,loss_recon:0.613409

1400-loss_z:2.896897,accu:0.253165,loss_recon:0.739003

1600-loss_z:0.900119,accu:0.69957,loss_recon:0.560263

1600-loss_z:3.020244,accu:0.240506,loss_recon:0.727837

1800-loss_z:0.83463,accu:0.743717,loss_recon:0.52694

1800-loss_z:3.156,accu:0.316456,loss_recon:0.701437

2000-loss_z:0.766189,accu:0.777116,loss_recon:0.502696

2000-loss_z:3.329515,accu:0.278481,loss_recon:0.713932

2200-loss_z:0.719891,accu:0.806693,loss_recon:0.482604

2200-loss_z:3.488057,accu:0.329114,loss_recon:0.700247

2400-loss_z:0.666866,accu:0.827832,loss_recon:0.465826

2400-loss_z:3.652898,accu:0.329114,loss_recon:0.682176

2600-loss_z:0.628272,accu:0.850397,loss_recon:0.443632

2600-loss_z:3.822134,accu:0.367089,loss_recon:0.67209

2800-loss_z:0.584593,accu:0.866042,loss_recon:0.430625

2800-loss_z:4.005869,accu:0.35443,loss_recon:0.66408

3000-loss_z:0.54886,accu:0.882305,loss_recon:0.409305

3000-loss_z:4.205214,accu:0.329114,loss_recon:0.685125

3200-loss_z:0.51818,accu:0.895365,loss_recon:0.400551

3200-loss_z:4.385422,accu:0.367089,loss_recon:0.680467

3400-loss_z:0.487714,accu:0.89931,loss_recon:0.388931

3400-loss_z:4.558754,accu:0.341772,loss_recon:0.678162

3600-loss_z:0.455982,accu:0.91069,loss_recon:0.38608

3600-loss_z:4.760581,accu:0.35443,loss_recon:0.694154

3800-loss_z:0.428119,accu:0.918906,loss_recon:0.381161

3800-loss_z:4.974696,accu:0.303797,loss_recon:0.728473

4000-loss_z:0.403125,accu:0.925579,loss_recon:0.378885

4000-loss_z:5.20642,accu:0.329114,loss_recon:0.708977

4200-loss_z:0.379937,accu:0.9286,loss_recon:0.371482

4200-loss_z:5.398591,accu:0.329114,loss_recon:0.714667

4400-loss_z:0.356239,accu:0.93987,loss_recon:0.369984

4400-loss_z:5.625968,accu:0.303797,loss_recon:0.712073

4600-loss_z:0.336781,accu:0.947324,loss_recon:0.361975

4600-loss_z:5.849399,accu:0.303797,loss_recon:0.740032

4800-loss_z:0.319055,accu:0.950326,loss_recon:0.355422

4800-loss_z:6.062686,accu:0.278481,loss_recon:0.74204

5000-loss_z:0.302857,accu:0.959225,loss_recon:0.349265

5000-loss_z:6.25501,accu:0.329114,loss_recon:0.770421

5200-loss_z:0.287929,accu:0.959753,loss_recon:0.343968

5200-loss_z:6.4795,accu:0.316456,loss_recon:0.75562

5400-loss_z:0.26914,accu:0.969577,loss_recon:0.337979

5400-loss_z:6.7095,accu:0.316456,loss_recon:0.729528

5600-loss_z:0.257485,accu:0.969889,loss_recon:0.33758

5600-loss_z:6.933737,accu:0.316456,loss_recon:0.764681

5800-loss_z:0.241594,accu:0.970104,loss_recon:0.333201

5800-loss_z:7.163333,accu:0.303797,loss_recon:0.783961

6000-loss_z:0.231105,accu:0.969733,loss_recon:0.330693

6000-loss_z:7.373781,accu:0.303797,loss_recon:0.793477

6200-loss_z:0.217376,accu:0.969401,loss_recon:0.321519

6200-loss_z:7.609244,accu:0.303797,loss_recon:0.786074

6400-loss_z:0.207033,accu:0.972539,loss_recon:0.327402

6400-loss_z:7.821229,accu:0.303797,loss_recon:0.78705

6600-loss_z:0.195585,accu:0.97293,loss_recon:0.321263

6600-loss_z:8.048785,accu:0.303797,loss_recon:0.811553

6800-loss_z:0.187159,accu:0.971992,loss_recon:0.315686

6800-loss_z:8.266724,accu:0.303797,loss_recon:0.813195

7000-loss_z:0.175059,accu:0.978066,loss_recon:0.316762

7000-loss_z:8.507481,accu:0.316456,loss_recon:0.808227

7200-loss_z:0.168978,accu:0.977806,loss_recon:0.316895

7200-loss_z:8.727848,accu:0.303797,loss_recon:0.803488

7400-loss_z:0.162124,accu:0.979056,loss_recon:0.311934

7400-loss_z:8.955899,accu:0.329114,loss_recon:0.813631

7600-loss_z:0.151299,accu:0.979792,loss_recon:0.311444

7600-loss_z:9.214072,accu:0.316456,loss_recon:0.829624

7800-loss_z:0.144695,accu:0.980723,loss_recon:0.311931

7800-loss_z:9.47348,accu:0.316456,loss_recon:0.803695

8000-loss_z:0.138322,accu:0.984421,loss_recon:0.308279

8000-loss_z:9.699735,accu:0.316456,loss_recon:0.802944

8200-loss_z:0.130451,accu:0.983151,loss_recon:0.309961

8200-loss_z:9.981923,accu:0.329114,loss_recon:0.797948

8400-loss_z:0.125145,accu:0.98623,loss_recon:0.308896

8400-loss_z:10.196922,accu:0.329114,loss_recon:0.826232

8600-loss_z:0.119692,accu:0.986061,loss_recon:0.306671

8600-loss_z:10.465135,accu:0.329114,loss_recon:0.818018

8800-loss_z:0.11339,accu:0.986868,loss_recon:0.305681

8800-loss_z:10.72366,accu:0.35443,loss_recon:0.817044

9000-loss_z:0.109088,accu:0.988932,loss_recon:0.309015

9000-loss_z:11.007412,accu:0.35443,loss_recon:0.815359

9200-loss_z:0.102274,accu:0.990651,loss_recon:0.305407

9200-loss_z:11.247752,accu:0.341772,loss_recon:0.827054

9400-loss_z:0.097782,accu:0.99054,loss_recon:0.302544

9400-loss_z:11.525144,accu:0.341772,loss_recon:0.817494

9600-loss_z:0.092928,accu:0.992122,loss_recon:0.302695

9600-loss_z:11.786732,accu:0.341772,loss_recon:0.823737

9800-loss_z:0.088868,accu:0.99306,loss_recon:0.300947

9800-loss_z:12.097005,accu:0.35443,loss_recon:0.810136

10000-loss_z:0.085005,accu:0.993379,loss_recon:0.298756

10000-loss_z:12.356921,accu:0.379747,loss_recon:0.822652

10200-loss_z:0.082059,accu:0.994811,loss_recon:0.301302

10200-loss_z:12.607623,accu:0.379747,loss_recon:0.843858

10400-loss_z:0.076193,accu:0.996947,loss_recon:0.298039

10400-loss_z:12.91837,accu:0.367089,loss_recon:0.832384

10600-loss_z:0.072765,accu:0.997643,loss_recon:0.295843

10600-loss_z:13.179341,accu:0.35443,loss_recon:0.833861

10800-loss_z:0.071214,accu:0.996328,loss_recon:0.29628

10800-loss_z:13.475803,accu:0.367089,loss_recon:0.784707

11000-loss_z:0.066078,accu:0.998164,loss_recon:0.296812

11000-loss_z:13.741461,accu:0.367089,loss_recon:0.799726

11200-loss_z:0.062906,accu:0.998145,loss_recon:0.294942

11200-loss_z:14.023438,accu:0.35443,loss_recon:0.787827

11400-loss_z:0.060236,accu:0.999212,loss_recon:0.297807

11400-loss_z:14.325262,accu:0.35443,loss_recon:0.805934

11600-loss_z:0.056799,accu:0.998867,loss_recon:0.297236

11600-loss_z:14.638789,accu:0.367089,loss_recon:0.775359

11800-loss_z:0.054441,accu:0.999368,loss_recon:0.292955

11800-loss_z:14.937284,accu:0.329114,loss_recon:0.781143

12000-loss_z:0.052046,accu:0.999492,loss_recon:0.292963

12000-loss_z:15.17845,accu:0.329114,loss_recon:0.785904

12200-loss_z:0.049819,accu:0.999531,loss_recon:0.290924

12200-loss_z:15.462943,accu:0.35443,loss_recon:0.802194

12400-loss_z:0.0456,accu:1.0,loss_recon:0.293852

12400-loss_z:15.759242,accu:0.341772,loss_recon:0.810921

12600-loss_z:0.044358,accu:0.999896,loss_recon:0.29211

12600-loss_z:16.050903,accu:0.35443,loss_recon:0.805452

12800-loss_z:0.042293,accu:1.0,loss_recon:0.289996

12800-loss_z:16.347054,accu:0.341772,loss_recon:0.811578

13000-loss_z:0.040311,accu:0.999896,loss_recon:0.293907

13000-loss_z:16.64749,accu:0.329114,loss_recon:0.809041

13200-loss_z:0.038694,accu:1.0,loss_recon:0.289651

13200-loss_z:16.911747,accu:0.341772,loss_recon:0.804976

13400-loss_z:0.036564,accu:1.0,loss_recon:0.287852

13400-loss_z:17.237089,accu:0.329114,loss_recon:0.7935

13600-loss_z:0.034449,accu:0.999941,loss_recon:0.285691

13600-loss_z:17.482227,accu:0.329114,loss_recon:0.780211

13800-loss_z:0.032811,accu:0.999876,loss_recon:0.286566

13800-loss_z:17.755318,accu:0.329114,loss_recon:0.791285

14000-loss_z:0.031234,accu:1.0,loss_recon:0.28555

14000-loss_z:18.085371,accu:0.329114,loss_recon:0.80742

14200-loss_z:0.029347,accu:1.0,loss_recon:0.285095

14200-loss_z:18.381401,accu:0.341772,loss_recon:0.755796

14400-loss_z:0.028365,accu:1.0,loss_recon:0.286637

14400-loss_z:18.715694,accu:0.329114,loss_recon:0.763908

14600-loss_z:0.02708,accu:1.0,loss_recon:0.280838

14600-loss_z:19.024925,accu:0.341772,loss_recon:0.784763

14800-loss_z:0.025391,accu:1.0,loss_recon:0.278253

14800-loss_z:19.31164,accu:0.341772,loss_recon:0.792408

15000-loss_z:0.024165,accu:1.0,loss_recon:0.278393

15000-loss_z:19.590832,accu:0.341772,loss_recon:0.774925

15200-loss_z:0.023003,accu:1.0,loss_recon:0.276915

15200-loss_z:19.90218,accu:0.341772,loss_recon:0.765313

15400-loss_z:0.021705,accu:1.0,loss_recon:0.278741

15400-loss_z:20.198694,accu:0.341772,loss_recon:0.771477

15600-loss_z:0.020795,accu:1.0,loss_recon:0.277163

15600-loss_z:20.511543,accu:0.341772,loss_recon:0.766108

15800-loss_z:0.019699,accu:1.0,loss_recon:0.273411

15800-loss_z:20.818779,accu:0.341772,loss_recon:0.778106

16000-loss_z:0.019081,accu:1.0,loss_recon:0.274325

16000-loss_z:21.108753,accu:0.341772,loss_recon:0.763993

16200-loss_z:0.017717,accu:1.0,loss_recon:0.273086

16200-loss_z:21.429131,accu:0.35443,loss_recon:0.766041

16400-loss_z:0.016902,accu:1.0,loss_recon:0.272501

16400-loss_z:21.769144,accu:0.341772,loss_recon:0.73704

16600-loss_z:0.016193,accu:1.0,loss_recon:0.274899

16600-loss_z:22.083252,accu:0.329114,loss_recon:0.782717

16800-loss_z:0.015591,accu:1.0,loss_recon:0.271071

16800-loss_z:22.420668,accu:0.341772,loss_recon:0.781611

17000-loss_z:0.014604,accu:1.0,loss_recon:0.274131

17000-loss_z:22.745932,accu:0.329114,loss_recon:0.771269

17200-loss_z:0.013764,accu:1.0,loss_recon:0.272101

17200-loss_z:23.063757,accu:0.341772,loss_recon:0.749657

17400-loss_z:0.013348,accu:1.0,loss_recon:0.273118

17400-loss_z:23.365244,accu:0.341772,loss_recon:0.742959

17600-loss_z:0.012986,accu:1.0,loss_recon:0.272152

17600-loss_z:23.789846,accu:0.341772,loss_recon:0.727627

17800-loss_z:0.011923,accu:1.0,loss_recon:0.270426

17800-loss_z:24.082899,accu:0.341772,loss_recon:0.791268

18000-loss_z:0.01146,accu:1.0,loss_recon:0.276421

18000-loss_z:24.39814,accu:0.35443,loss_recon:0.764714

18200-loss_z:0.010717,accu:1.0,loss_recon:0.271176

18200-loss_z:24.722719,accu:0.341772,loss_recon:0.772558

18400-loss_z:0.01022,accu:1.0,loss_recon:0.272458

18400-loss_z:25.04459,accu:0.341772,loss_recon:0.771696

18600-loss_z:0.009563,accu:1.0,loss_recon:0.272627

18600-loss_z:25.398258,accu:0.341772,loss_recon:0.753491

18800-loss_z:0.009217,accu:1.0,loss_recon:0.27103

18800-loss_z:25.725101,accu:0.341772,loss_recon:0.762496

19000-loss_z:0.008637,accu:1.0,loss_recon:0.271687

19000-loss_z:26.064098,accu:0.35443,loss_recon:0.744886

19200-loss_z:0.008346,accu:1.0,loss_recon:0.268992

19200-loss_z:26.428974,accu:0.35443,loss_recon:0.749705

19400-loss_z:0.008046,accu:1.0,loss_recon:0.269959

19400-loss_z:26.772791,accu:0.35443,loss_recon:0.767623

19600-loss_z:0.007412,accu:1.0,loss_recon:0.269166

19600-loss_z:27.13932,accu:0.341772,loss_recon:0.760435

19800-loss_z:0.006979,accu:1.0,loss_recon:0.270188

19800-loss_z:27.49033,accu:0.35443,loss_recon:0.74757

20000-loss_z:0.006664,accu:1.0,loss_recon:0.270632

20000-loss_z:27.859819,accu:0.35443,loss_recon:0.77186

Continue training
New FC model is initialized
200-loss_z:2.650044,accu:0.199672,loss_recon:2.374845

200-loss_z:2.694752,accu:0.088608,loss_recon:1.586081

400-loss_z:1.940188,accu:0.373275,loss_recon:1.391429

400-loss_z:2.557987,accu:0.139241,loss_recon:1.332438

600-loss_z:1.569351,accu:0.489518,loss_recon:1.138515

600-loss_z:2.528546,accu:0.202532,loss_recon:1.11964

800-loss_z:1.335819,accu:0.561543,loss_recon:0.945965

800-loss_z:2.538786,accu:0.227848,loss_recon:0.966793

1000-loss_z:1.161833,accu:0.62375,loss_recon:0.801568

1000-loss_z:2.622585,accu:0.278481,loss_recon:0.917095

1200-loss_z:1.039364,accu:0.673431,loss_recon:0.719323

1200-loss_z:2.70255,accu:0.316456,loss_recon:0.868192

1400-loss_z:0.943609,accu:0.712702,loss_recon:0.641701

1400-loss_z:2.789311,accu:0.291139,loss_recon:0.839244

1600-loss_z:0.86051,accu:0.742832,loss_recon:0.589044

1600-loss_z:2.863727,accu:0.35443,loss_recon:0.835217

1800-loss_z:0.795458,accu:0.768314,loss_recon:0.552062

1800-loss_z:2.986669,accu:0.316456,loss_recon:0.7635

2000-loss_z:0.740592,accu:0.798503,loss_recon:0.511654

2000-loss_z:3.096018,accu:0.291139,loss_recon:0.740028

2200-loss_z:0.690849,accu:0.822734,loss_recon:0.472098

2200-loss_z:3.213918,accu:0.329114,loss_recon:0.714771

2400-loss_z:0.647691,accu:0.838092,loss_recon:0.435788

2400-loss_z:3.302771,accu:0.316456,loss_recon:0.683535

2600-loss_z:0.606077,accu:0.858249,loss_recon:0.408283

2600-loss_z:3.421111,accu:0.303797,loss_recon:0.70079

2800-loss_z:0.570204,accu:0.872962,loss_recon:0.389429

2800-loss_z:3.531563,accu:0.291139,loss_recon:0.699447

3000-loss_z:0.538119,accu:0.888431,loss_recon:0.371737

3000-loss_z:3.618001,accu:0.316456,loss_recon:0.69411

3200-loss_z:0.508496,accu:0.905586,loss_recon:0.358397

3200-loss_z:3.720422,accu:0.291139,loss_recon:0.675388

3400-loss_z:0.478006,accu:0.916608,loss_recon:0.347093

3400-loss_z:3.819952,accu:0.291139,loss_recon:0.694086

3600-loss_z:0.454566,accu:0.918424,loss_recon:0.336782

3600-loss_z:3.896087,accu:0.303797,loss_recon:0.687492

3800-loss_z:0.426505,accu:0.923438,loss_recon:0.32657

3800-loss_z:4.028972,accu:0.291139,loss_recon:0.679222

4000-loss_z:0.40269,accu:0.928861,loss_recon:0.320349

4000-loss_z:4.129797,accu:0.303797,loss_recon:0.660474

4200-loss_z:0.380935,accu:0.933626,loss_recon:0.312908

4200-loss_z:4.208157,accu:0.303797,loss_recon:0.662035

4400-loss_z:0.360102,accu:0.938398,loss_recon:0.304742

4400-loss_z:4.32719,accu:0.291139,loss_recon:0.67532

4600-loss_z:0.339762,accu:0.944245,loss_recon:0.303316

4600-loss_z:4.387206,accu:0.291139,loss_recon:0.681486

4800-loss_z:0.323677,accu:0.954805,loss_recon:0.296675

4800-loss_z:4.523685,accu:0.303797,loss_recon:0.682249

5000-loss_z:0.303724,accu:0.960684,loss_recon:0.293871

5000-loss_z:4.641086,accu:0.303797,loss_recon:0.677957

5200-loss_z:0.290321,accu:0.966595,loss_recon:0.28812

5200-loss_z:4.798448,accu:0.303797,loss_recon:0.683846

5400-loss_z:0.273306,accu:0.967982,loss_recon:0.283446

5400-loss_z:4.886948,accu:0.291139,loss_recon:0.697822

5600-loss_z:0.257831,accu:0.973418,loss_recon:0.282796

5600-loss_z:4.997214,accu:0.278481,loss_recon:0.715122

5800-loss_z:0.245205,accu:0.97681,loss_recon:0.276781

5800-loss_z:5.096618,accu:0.278481,loss_recon:0.720479

6000-loss_z:0.231823,accu:0.975449,loss_recon:0.273384

6000-loss_z:5.234205,accu:0.278481,loss_recon:0.735141

6200-loss_z:0.220595,accu:0.975273,loss_recon:0.272156

6200-loss_z:5.318098,accu:0.265823,loss_recon:0.718009

6400-loss_z:0.208079,accu:0.975378,loss_recon:0.270236

6400-loss_z:5.443172,accu:0.278481,loss_recon:0.744984

6600-loss_z:0.196393,accu:0.979212,loss_recon:0.2673

6600-loss_z:5.630523,accu:0.265823,loss_recon:0.715141

6800-loss_z:0.184265,accu:0.978105,loss_recon:0.266935

6800-loss_z:5.820576,accu:0.291139,loss_recon:0.746336

7000-loss_z:0.17589,accu:0.980137,loss_recon:0.263074

7000-loss_z:6.034255,accu:0.265823,loss_recon:0.742421

7200-loss_z:0.166555,accu:0.977643,loss_recon:0.260027

7200-loss_z:6.264618,accu:0.253165,loss_recon:0.743005

7400-loss_z:0.157956,accu:0.977962,loss_recon:0.259067

7400-loss_z:6.499429,accu:0.265823,loss_recon:0.774925

7600-loss_z:0.150879,accu:0.979837,loss_recon:0.255684

7600-loss_z:6.698634,accu:0.265823,loss_recon:0.737244

7800-loss_z:0.143074,accu:0.98112,loss_recon:0.256866

7800-loss_z:6.943773,accu:0.278481,loss_recon:0.770044

8000-loss_z:0.136985,accu:0.980104,loss_recon:0.258201

8000-loss_z:7.169892,accu:0.278481,loss_recon:0.75999

8200-loss_z:0.131745,accu:0.97916,loss_recon:0.256506

8200-loss_z:7.439062,accu:0.278481,loss_recon:0.739919

8400-loss_z:0.124833,accu:0.98237,loss_recon:0.254642

8400-loss_z:7.715164,accu:0.278481,loss_recon:0.765944

8600-loss_z:0.117162,accu:0.983913,loss_recon:0.254106

8600-loss_z:7.977822,accu:0.291139,loss_recon:0.765468

8800-loss_z:0.11108,accu:0.984284,loss_recon:0.25246

8800-loss_z:8.257008,accu:0.278481,loss_recon:0.775471

9000-loss_z:0.104965,accu:0.987337,loss_recon:0.250882

9000-loss_z:8.50932,accu:0.278481,loss_recon:0.753419

9200-loss_z:0.10037,accu:0.986243,loss_recon:0.248043

9200-loss_z:8.763533,accu:0.265823,loss_recon:0.760333

9400-loss_z:0.096476,accu:0.985358,loss_recon:0.251289

9400-loss_z:9.030562,accu:0.291139,loss_recon:0.766895

9600-loss_z:0.091426,accu:0.990254,loss_recon:0.249424

9600-loss_z:9.303813,accu:0.316456,loss_recon:0.762688

9800-loss_z:0.087374,accu:0.990794,loss_recon:0.250983

9800-loss_z:9.570842,accu:0.291139,loss_recon:0.771453

10000-loss_z:0.082631,accu:0.992038,loss_recon:0.249608

10000-loss_z:9.829776,accu:0.303797,loss_recon:0.761857

10200-loss_z:0.079486,accu:0.991348,loss_recon:0.245876

10200-loss_z:10.051364,accu:0.303797,loss_recon:0.767634

10400-loss_z:0.074768,accu:0.992389,loss_recon:0.24538

10400-loss_z:10.316402,accu:0.303797,loss_recon:0.762717

10600-loss_z:0.071755,accu:0.993086,loss_recon:0.24341

10600-loss_z:10.606238,accu:0.303797,loss_recon:0.771195

10800-loss_z:0.068332,accu:0.992643,loss_recon:0.240607

10800-loss_z:10.879359,accu:0.303797,loss_recon:0.774655

11000-loss_z:0.065068,accu:0.993796,loss_recon:0.24304

11000-loss_z:11.094871,accu:0.291139,loss_recon:0.782988

11200-loss_z:0.060787,accu:0.994499,loss_recon:0.242698

11200-loss_z:11.351946,accu:0.291139,loss_recon:0.782086

11400-loss_z:0.059266,accu:0.993828,loss_recon:0.242018

11400-loss_z:11.610585,accu:0.291139,loss_recon:0.799062

11600-loss_z:0.055669,accu:0.994225,loss_recon:0.242619

11600-loss_z:11.870961,accu:0.278481,loss_recon:0.777226

11800-loss_z:0.053806,accu:0.994694,loss_recon:0.240569

11800-loss_z:12.083697,accu:0.291139,loss_recon:0.76937

12000-loss_z:0.050401,accu:0.995182,loss_recon:0.239086

12000-loss_z:12.319983,accu:0.291139,loss_recon:0.776022

12200-loss_z:0.048483,accu:0.995514,loss_recon:0.239781

12200-loss_z:12.519271,accu:0.291139,loss_recon:0.784129

12400-loss_z:0.045363,accu:0.9964,loss_recon:0.237684

12400-loss_z:12.762524,accu:0.291139,loss_recon:0.786971

12600-loss_z:0.042813,accu:0.995723,loss_recon:0.237845

12600-loss_z:12.987561,accu:0.278481,loss_recon:0.769824

12800-loss_z:0.041221,accu:0.996953,loss_recon:0.238447

12800-loss_z:13.30983,accu:0.253165,loss_recon:0.758384

13000-loss_z:0.038866,accu:0.997064,loss_recon:0.23804

13000-loss_z:13.474801,accu:0.240506,loss_recon:0.779586

13200-loss_z:0.037657,accu:0.997826,loss_recon:0.238671

13200-loss_z:13.73428,accu:0.253165,loss_recon:0.785509

13400-loss_z:0.036072,accu:0.997611,loss_recon:0.237708

13400-loss_z:13.889666,accu:0.240506,loss_recon:0.765507

13600-loss_z:0.034126,accu:0.997129,loss_recon:0.237113

13600-loss_z:14.062406,accu:0.253165,loss_recon:0.787942

13800-loss_z:0.032934,accu:0.997988,loss_recon:0.236655

13800-loss_z:14.273325,accu:0.253165,loss_recon:0.795572

14000-loss_z:0.03131,accu:0.999115,loss_recon:0.235601

14000-loss_z:14.49303,accu:0.265823,loss_recon:0.795508

14200-loss_z:0.029042,accu:0.998789,loss_recon:0.237835

14200-loss_z:14.652864,accu:0.265823,loss_recon:0.790095

14400-loss_z:0.028436,accu:0.998997,loss_recon:0.23217

14400-loss_z:14.878928,accu:0.265823,loss_recon:0.78604

14600-loss_z:0.026545,accu:0.998802,loss_recon:0.235695

14600-loss_z:15.090372,accu:0.265823,loss_recon:0.787387

14800-loss_z:0.02551,accu:0.999349,loss_recon:0.234327

14800-loss_z:15.253253,accu:0.265823,loss_recon:0.795271

15000-loss_z:0.024848,accu:0.998652,loss_recon:0.234752

15000-loss_z:15.438651,accu:0.278481,loss_recon:0.797389

15200-loss_z:0.023132,accu:0.999876,loss_recon:0.233603

15200-loss_z:15.618642,accu:0.265823,loss_recon:0.799859

15400-loss_z:0.021622,accu:1.0,loss_recon:0.236666

15400-loss_z:15.853934,accu:0.265823,loss_recon:0.792544

15600-loss_z:0.020288,accu:0.999896,loss_recon:0.234108

15600-loss_z:16.036499,accu:0.265823,loss_recon:0.796095

15800-loss_z:0.019198,accu:0.999896,loss_recon:0.236903

15800-loss_z:16.237127,accu:0.265823,loss_recon:0.809057

16000-loss_z:0.018826,accu:1.0,loss_recon:0.234205

16000-loss_z:16.418636,accu:0.278481,loss_recon:0.811659

16200-loss_z:0.017748,accu:0.99974,loss_recon:0.233324

16200-loss_z:16.552275,accu:0.265823,loss_recon:0.802443

16400-loss_z:0.016854,accu:1.0,loss_recon:0.233892

16400-loss_z:16.755932,accu:0.278481,loss_recon:0.793165

16600-loss_z:0.016043,accu:1.0,loss_recon:0.233833

16600-loss_z:16.87546,accu:0.278481,loss_recon:0.797909

16800-loss_z:0.015109,accu:1.0,loss_recon:0.232356

16800-loss_z:17.006014,accu:0.278481,loss_recon:0.794802

17000-loss_z:0.014224,accu:1.0,loss_recon:0.234775

17000-loss_z:17.156462,accu:0.291139,loss_recon:0.784451

17200-loss_z:0.013752,accu:1.0,loss_recon:0.232182

17200-loss_z:17.320797,accu:0.278481,loss_recon:0.826718

17400-loss_z:0.0128,accu:1.0,loss_recon:0.234046

17400-loss_z:17.394369,accu:0.278481,loss_recon:0.810875

17600-loss_z:0.012538,accu:1.0,loss_recon:0.234688

17600-loss_z:17.577547,accu:0.291139,loss_recon:0.806615

17800-loss_z:0.011703,accu:1.0,loss_recon:0.232735

17800-loss_z:17.720304,accu:0.278481,loss_recon:0.824266

18000-loss_z:0.011182,accu:1.0,loss_recon:0.230024

18000-loss_z:17.864096,accu:0.278481,loss_recon:0.791247

18200-loss_z:0.010433,accu:1.0,loss_recon:0.2315

18200-loss_z:17.997644,accu:0.278481,loss_recon:0.795493

18400-loss_z:0.009779,accu:1.0,loss_recon:0.232507

18400-loss_z:18.083389,accu:0.278481,loss_recon:0.79094

18600-loss_z:0.009309,accu:1.0,loss_recon:0.230382

18600-loss_z:18.150583,accu:0.278481,loss_recon:0.790634

18800-loss_z:0.008567,accu:1.0,loss_recon:0.233864

18800-loss_z:18.333704,accu:0.265823,loss_recon:0.797441

19000-loss_z:0.008221,accu:1.0,loss_recon:0.232157

19000-loss_z:18.455595,accu:0.278481,loss_recon:0.796169

19200-loss_z:0.007846,accu:1.0,loss_recon:0.233165

19200-loss_z:18.53569,accu:0.278481,loss_recon:0.79785

19400-loss_z:0.00719,accu:1.0,loss_recon:0.234579

19400-loss_z:18.662836,accu:0.278481,loss_recon:0.799398

19600-loss_z:0.00678,accu:1.0,loss_recon:0.232283

19600-loss_z:18.969084,accu:0.278481,loss_recon:0.792079

19800-loss_z:0.006397,accu:1.0,loss_recon:0.234562

19800-loss_z:19.808817,accu:0.265823,loss_recon:0.831711

20000-loss_z:0.00619,accu:1.0,loss_recon:0.233247

20000-loss_z:20.474247,accu:0.278481,loss_recon:0.803383

Continue training
New FC model is initialized
200-loss_z:2.624404,accu:0.19116,loss_recon:2.386633

200-loss_z:2.82371,accu:0.075949,loss_recon:1.806783

400-loss_z:1.974936,accu:0.384408,loss_recon:1.356671

400-loss_z:2.758116,accu:0.113924,loss_recon:1.282804

600-loss_z:1.615079,accu:0.474368,loss_recon:0.966936

600-loss_z:2.733104,accu:0.164557,loss_recon:0.963234

800-loss_z:1.383458,accu:0.538372,loss_recon:0.76037

800-loss_z:2.771153,accu:0.177215,loss_recon:0.824589

1000-loss_z:1.225877,accu:0.603997,loss_recon:0.666249

1000-loss_z:2.819256,accu:0.189873,loss_recon:0.801737

1200-loss_z:1.104577,accu:0.659733,loss_recon:0.598087

1200-loss_z:2.920647,accu:0.227848,loss_recon:0.77634

1400-loss_z:1.008382,accu:0.710293,loss_recon:0.555299

1400-loss_z:3.051136,accu:0.303797,loss_recon:0.780839

1600-loss_z:0.921592,accu:0.747402,loss_recon:0.515359

1600-loss_z:3.123201,accu:0.278481,loss_recon:0.776966

1800-loss_z:0.84817,accu:0.772318,loss_recon:0.487909

1800-loss_z:3.26527,accu:0.291139,loss_recon:0.752054

2000-loss_z:0.783953,accu:0.789759,loss_recon:0.467491

2000-loss_z:3.376734,accu:0.278481,loss_recon:0.76094

2200-loss_z:0.730137,accu:0.81084,loss_recon:0.435429

2200-loss_z:3.541333,accu:0.329114,loss_recon:0.747574

2400-loss_z:0.679998,accu:0.834779,loss_recon:0.410403

2400-loss_z:3.683693,accu:0.278481,loss_recon:0.74975

2600-loss_z:0.635513,accu:0.8464,loss_recon:0.390163

2600-loss_z:3.866066,accu:0.303797,loss_recon:0.753979

2800-loss_z:0.598846,accu:0.862344,loss_recon:0.375453

2800-loss_z:4.034829,accu:0.316456,loss_recon:0.737994

3000-loss_z:0.559893,accu:0.877096,loss_recon:0.363631

3000-loss_z:4.205828,accu:0.316456,loss_recon:0.733285

3200-loss_z:0.525623,accu:0.892904,loss_recon:0.357286

3200-loss_z:4.361151,accu:0.291139,loss_recon:0.743971

3400-loss_z:0.492559,accu:0.9064,loss_recon:0.348653

3400-loss_z:4.524802,accu:0.303797,loss_recon:0.761757

3600-loss_z:0.470093,accu:0.918887,loss_recon:0.34882

3600-loss_z:4.69663,accu:0.329114,loss_recon:0.771979

3800-loss_z:0.446324,accu:0.921543,loss_recon:0.341237

3800-loss_z:4.839253,accu:0.316456,loss_recon:0.772141

4000-loss_z:0.416872,accu:0.933314,loss_recon:0.337819

4000-loss_z:5.032154,accu:0.316456,loss_recon:0.757514

4200-loss_z:0.395674,accu:0.946875,loss_recon:0.333496

4200-loss_z:5.205185,accu:0.341772,loss_recon:0.7786

4400-loss_z:0.376333,accu:0.949941,loss_recon:0.333509

4400-loss_z:5.3819,accu:0.341772,loss_recon:0.777844

4600-loss_z:0.357454,accu:0.953529,loss_recon:0.327714

4600-loss_z:5.550392,accu:0.35443,loss_recon:0.790066

4800-loss_z:0.335368,accu:0.960514,loss_recon:0.325285

4800-loss_z:5.733794,accu:0.367089,loss_recon:0.809579

5000-loss_z:0.319195,accu:0.965176,loss_recon:0.324202

5000-loss_z:5.927081,accu:0.367089,loss_recon:0.807195

5200-loss_z:0.302126,accu:0.973242,loss_recon:0.321767

5200-loss_z:6.093623,accu:0.367089,loss_recon:0.823678

5400-loss_z:0.285245,accu:0.973229,loss_recon:0.320103

5400-loss_z:6.296007,accu:0.367089,loss_recon:0.799956

5600-loss_z:0.269466,accu:0.978301,loss_recon:0.314521

5600-loss_z:6.500978,accu:0.392405,loss_recon:0.811874

5800-loss_z:0.258726,accu:0.978561,loss_recon:0.312157

5800-loss_z:6.681494,accu:0.367089,loss_recon:0.824931

6000-loss_z:0.246666,accu:0.983125,loss_recon:0.308868

6000-loss_z:6.872421,accu:0.405063,loss_recon:0.809624

6200-loss_z:0.233493,accu:0.984277,loss_recon:0.310273

6200-loss_z:7.097229,accu:0.392405,loss_recon:0.817572

6400-loss_z:0.219933,accu:0.985449,loss_recon:0.3081

6400-loss_z:7.305607,accu:0.405063,loss_recon:0.824014

6600-loss_z:0.209138,accu:0.987461,loss_recon:0.304297

6600-loss_z:7.485081,accu:0.405063,loss_recon:0.833325

6800-loss_z:0.197226,accu:0.989453,loss_recon:0.299996

6800-loss_z:7.689267,accu:0.43038,loss_recon:0.822262

7000-loss_z:0.189663,accu:0.988848,loss_recon:0.302601

7000-loss_z:7.862519,accu:0.43038,loss_recon:0.854024

7200-loss_z:0.177281,accu:0.990059,loss_recon:0.301031

7200-loss_z:8.027625,accu:0.417722,loss_recon:0.843769

7400-loss_z:0.168018,accu:0.991908,loss_recon:0.301675

7400-loss_z:8.151711,accu:0.392405,loss_recon:0.858651

7600-loss_z:0.158831,accu:0.992917,loss_recon:0.298493

7600-loss_z:8.262407,accu:0.405063,loss_recon:0.840872

7800-loss_z:0.1505,accu:0.992689,loss_recon:0.297316

7800-loss_z:8.405767,accu:0.405063,loss_recon:0.85657

8000-loss_z:0.142619,accu:0.99487,loss_recon:0.298909

8000-loss_z:8.455803,accu:0.405063,loss_recon:0.835187

8200-loss_z:0.13529,accu:0.995059,loss_recon:0.297371

8200-loss_z:8.476405,accu:0.43038,loss_recon:0.839352

8400-loss_z:0.129121,accu:0.996563,loss_recon:0.296359

8400-loss_z:8.518516,accu:0.43038,loss_recon:0.845986

8600-loss_z:0.121586,accu:0.995964,loss_recon:0.294114

8600-loss_z:8.551884,accu:0.417722,loss_recon:0.85222

8800-loss_z:0.114732,accu:0.996764,loss_recon:0.295886

8800-loss_z:8.601682,accu:0.43038,loss_recon:0.83785

9000-loss_z:0.107428,accu:0.997617,loss_recon:0.296444

9000-loss_z:8.67592,accu:0.417722,loss_recon:0.822631

9200-loss_z:0.102876,accu:0.999186,loss_recon:0.291483

9200-loss_z:8.748597,accu:0.417722,loss_recon:0.819259

9400-loss_z:0.09742,accu:0.998763,loss_recon:0.295776

9400-loss_z:8.803306,accu:0.405063,loss_recon:0.840612

9600-loss_z:0.09177,accu:0.998939,loss_recon:0.291511

9600-loss_z:8.878291,accu:0.392405,loss_recon:0.821518

9800-loss_z:0.086513,accu:0.999635,loss_recon:0.289881

9800-loss_z:8.960255,accu:0.417722,loss_recon:0.827529

10000-loss_z:0.083931,accu:0.999902,loss_recon:0.291287

10000-loss_z:9.061516,accu:0.405063,loss_recon:0.836161

10200-loss_z:0.079016,accu:0.999668,loss_recon:0.291424

10200-loss_z:9.203525,accu:0.392405,loss_recon:0.801183

10400-loss_z:0.073428,accu:0.999798,loss_recon:0.290847

10400-loss_z:9.295918,accu:0.392405,loss_recon:0.809362

10600-loss_z:0.07011,accu:0.999896,loss_recon:0.288616

10600-loss_z:9.411493,accu:0.417722,loss_recon:0.809309

10800-loss_z:0.065927,accu:1.0,loss_recon:0.289981

10800-loss_z:9.59962,accu:0.392405,loss_recon:0.82918

11000-loss_z:0.061738,accu:1.0,loss_recon:0.288202

11000-loss_z:9.692681,accu:0.392405,loss_recon:0.808614

11200-loss_z:0.059562,accu:1.0,loss_recon:0.287047

11200-loss_z:9.881584,accu:0.417722,loss_recon:0.822979

11400-loss_z:0.055478,accu:1.0,loss_recon:0.289971

11400-loss_z:10.031428,accu:0.405063,loss_recon:0.821252

11600-loss_z:0.05261,accu:1.0,loss_recon:0.28982

11600-loss_z:10.188918,accu:0.417722,loss_recon:0.821043

11800-loss_z:0.050253,accu:1.0,loss_recon:0.288843

11800-loss_z:10.362223,accu:0.417722,loss_recon:0.816244

12000-loss_z:0.047258,accu:1.0,loss_recon:0.290811

12000-loss_z:10.551805,accu:0.417722,loss_recon:0.828131

12200-loss_z:0.044911,accu:1.0,loss_recon:0.287371

12200-loss_z:10.729609,accu:0.392405,loss_recon:0.826978

12400-loss_z:0.042466,accu:1.0,loss_recon:0.292292

12400-loss_z:10.924072,accu:0.417722,loss_recon:0.805893

12600-loss_z:0.040132,accu:1.0,loss_recon:0.290912

12600-loss_z:11.135962,accu:0.405063,loss_recon:0.815306

12800-loss_z:0.037855,accu:1.0,loss_recon:0.285785

12800-loss_z:11.338128,accu:0.392405,loss_recon:0.818925

13000-loss_z:0.035958,accu:1.0,loss_recon:0.287848

13000-loss_z:11.533449,accu:0.392405,loss_recon:0.832126

13200-loss_z:0.033932,accu:1.0,loss_recon:0.286403

13200-loss_z:11.724082,accu:0.379747,loss_recon:0.836609

13400-loss_z:0.031542,accu:1.0,loss_recon:0.287423

13400-loss_z:11.970569,accu:0.392405,loss_recon:0.835547

13600-loss_z:0.030274,accu:1.0,loss_recon:0.286551

13600-loss_z:12.193961,accu:0.379747,loss_recon:0.825262

13800-loss_z:0.028343,accu:1.0,loss_recon:0.285996

13800-loss_z:12.421442,accu:0.379747,loss_recon:0.834287

14000-loss_z:0.026853,accu:1.0,loss_recon:0.283566

14000-loss_z:12.645732,accu:0.392405,loss_recon:0.820561

14200-loss_z:0.025683,accu:1.0,loss_recon:0.284869

14200-loss_z:12.874273,accu:0.392405,loss_recon:0.819313

14400-loss_z:0.024037,accu:1.0,loss_recon:0.282009

14400-loss_z:13.06098,accu:0.392405,loss_recon:0.834353

14600-loss_z:0.022471,accu:1.0,loss_recon:0.283721

14600-loss_z:13.297708,accu:0.392405,loss_recon:0.820885

14800-loss_z:0.021592,accu:1.0,loss_recon:0.283747

14800-loss_z:13.502377,accu:0.392405,loss_recon:0.814206

15000-loss_z:0.019814,accu:1.0,loss_recon:0.28227

15000-loss_z:13.736401,accu:0.392405,loss_recon:0.833593

15200-loss_z:0.018919,accu:1.0,loss_recon:0.282824

15200-loss_z:13.952539,accu:0.392405,loss_recon:0.84828

15400-loss_z:0.017594,accu:1.0,loss_recon:0.285615

15400-loss_z:14.176561,accu:0.392405,loss_recon:0.832842

15600-loss_z:0.016593,accu:1.0,loss_recon:0.28191

15600-loss_z:14.385992,accu:0.392405,loss_recon:0.832893

15800-loss_z:0.015695,accu:1.0,loss_recon:0.280273

15800-loss_z:14.597373,accu:0.392405,loss_recon:0.82697

16000-loss_z:0.014513,accu:1.0,loss_recon:0.279386

16000-loss_z:14.760827,accu:0.392405,loss_recon:0.834005

16200-loss_z:0.013786,accu:1.0,loss_recon:0.281871

16200-loss_z:14.973374,accu:0.392405,loss_recon:0.823419

16400-loss_z:0.012889,accu:1.0,loss_recon:0.281751

16400-loss_z:15.148804,accu:0.392405,loss_recon:0.827404

16600-loss_z:0.012326,accu:1.0,loss_recon:0.283564

16600-loss_z:15.34901,accu:0.379747,loss_recon:0.841022

16800-loss_z:0.011549,accu:1.0,loss_recon:0.280042

16800-loss_z:15.473784,accu:0.392405,loss_recon:0.850251

17000-loss_z:0.010624,accu:1.0,loss_recon:0.279625

17000-loss_z:15.721947,accu:0.379747,loss_recon:0.836816

17200-loss_z:0.009908,accu:1.0,loss_recon:0.280764

17200-loss_z:15.891091,accu:0.379747,loss_recon:0.847778

17400-loss_z:0.009429,accu:1.0,loss_recon:0.278177

17400-loss_z:16.063568,accu:0.379747,loss_recon:0.853626

17600-loss_z:0.008825,accu:1.0,loss_recon:0.279887

17600-loss_z:16.242355,accu:0.379747,loss_recon:0.844792

17800-loss_z:0.008411,accu:1.0,loss_recon:0.280822

17800-loss_z:16.380701,accu:0.379747,loss_recon:0.827442

18000-loss_z:0.007854,accu:1.0,loss_recon:0.279364

18000-loss_z:16.519758,accu:0.379747,loss_recon:0.850895

18200-loss_z:0.007234,accu:1.0,loss_recon:0.278593

18200-loss_z:16.671509,accu:0.379747,loss_recon:0.832038

18400-loss_z:0.006918,accu:1.0,loss_recon:0.278058

18400-loss_z:16.882275,accu:0.379747,loss_recon:0.824513

18600-loss_z:0.006441,accu:1.0,loss_recon:0.277118

18600-loss_z:16.994223,accu:0.379747,loss_recon:0.81386

18800-loss_z:0.005983,accu:1.0,loss_recon:0.276263

18800-loss_z:17.212748,accu:0.379747,loss_recon:0.80684

19000-loss_z:0.005636,accu:1.0,loss_recon:0.275524

19000-loss_z:17.372379,accu:0.379747,loss_recon:0.816541

19200-loss_z:0.005259,accu:1.0,loss_recon:0.274378

19200-loss_z:17.505304,accu:0.379747,loss_recon:0.810811

19400-loss_z:0.004981,accu:1.0,loss_recon:0.273229

19400-loss_z:17.758549,accu:0.379747,loss_recon:0.83066

19600-loss_z:0.00452,accu:1.0,loss_recon:0.270941

19600-loss_z:17.919115,accu:0.379747,loss_recon:0.802166

19800-loss_z:0.004281,accu:1.0,loss_recon:0.266955

19800-loss_z:18.124508,accu:0.379747,loss_recon:0.826054

20000-loss_z:0.004042,accu:1.0,loss_recon:0.268458

20000-loss_z:18.318472,accu:0.379747,loss_recon:0.815203

Continue training
New FC model is initialized
200-loss_z:2.588444,accu:0.193084,loss_recon:2.809522

200-loss_z:2.657638,accu:0.088608,loss_recon:1.873553

400-loss_z:1.870167,accu:0.386738,loss_recon:1.584912

400-loss_z:2.530646,accu:0.189873,loss_recon:1.537436

600-loss_z:1.50855,accu:0.50821,loss_recon:1.275259

600-loss_z:2.570829,accu:0.202532,loss_recon:1.269284

800-loss_z:1.27717,accu:0.586621,loss_recon:1.056367

800-loss_z:2.653904,accu:0.21519,loss_recon:0.983103

1000-loss_z:1.133567,accu:0.62821,loss_recon:0.876453

1000-loss_z:2.727011,accu:0.240506,loss_recon:0.831952

1200-loss_z:1.018111,accu:0.685404,loss_recon:0.774955

1200-loss_z:2.826693,accu:0.291139,loss_recon:0.753339

1400-loss_z:0.92548,accu:0.7075,loss_recon:0.688095

1400-loss_z:2.926029,accu:0.265823,loss_recon:0.708582

1600-loss_z:0.850905,accu:0.732721,loss_recon:0.616295

1600-loss_z:3.051237,accu:0.303797,loss_recon:0.67625

1800-loss_z:0.784335,accu:0.772012,loss_recon:0.558238

1800-loss_z:3.205629,accu:0.291139,loss_recon:0.673359

2000-loss_z:0.732941,accu:0.78278,loss_recon:0.517649

2000-loss_z:3.353443,accu:0.329114,loss_recon:0.671014

2200-loss_z:0.684719,accu:0.804622,loss_recon:0.488193

2200-loss_z:3.513394,accu:0.316456,loss_recon:0.664502

2400-loss_z:0.636663,accu:0.829434,loss_recon:0.471568

2400-loss_z:3.676385,accu:0.303797,loss_recon:0.67447

2600-loss_z:0.595845,accu:0.84584,loss_recon:0.451285

2600-loss_z:3.867916,accu:0.329114,loss_recon:0.664466

2800-loss_z:0.560691,accu:0.860566,loss_recon:0.435906

2800-loss_z:4.047767,accu:0.316456,loss_recon:0.666846

3000-loss_z:0.523233,accu:0.872311,loss_recon:0.421928

3000-loss_z:4.218127,accu:0.35443,loss_recon:0.681606

3200-loss_z:0.491253,accu:0.884603,loss_recon:0.419256

3200-loss_z:4.381364,accu:0.367089,loss_recon:0.678198

3400-loss_z:0.46257,accu:0.895436,loss_recon:0.408513

3400-loss_z:4.569306,accu:0.367089,loss_recon:0.670158

3600-loss_z:0.438964,accu:0.90612,loss_recon:0.405869

3600-loss_z:4.758141,accu:0.367089,loss_recon:0.672766

3800-loss_z:0.412247,accu:0.918945,loss_recon:0.400753

3800-loss_z:4.92121,accu:0.35443,loss_recon:0.662549

4000-loss_z:0.390196,accu:0.922318,loss_recon:0.39618

4000-loss_z:5.130935,accu:0.405063,loss_recon:0.678095

4200-loss_z:0.36656,accu:0.932051,loss_recon:0.389543

4200-loss_z:5.378048,accu:0.367089,loss_recon:0.680148

4400-loss_z:0.347636,accu:0.937389,loss_recon:0.38876

4400-loss_z:5.58345,accu:0.379747,loss_recon:0.70153

4600-loss_z:0.33103,accu:0.940521,loss_recon:0.385464

4600-loss_z:5.795547,accu:0.392405,loss_recon:0.688649

4800-loss_z:0.313325,accu:0.946081,loss_recon:0.384659

4800-loss_z:6.05245,accu:0.379747,loss_recon:0.70468

5000-loss_z:0.29531,accu:0.956602,loss_recon:0.382064

5000-loss_z:6.290339,accu:0.392405,loss_recon:0.68947

5200-loss_z:0.278828,accu:0.962031,loss_recon:0.377942

5200-loss_z:6.573784,accu:0.379747,loss_recon:0.692459

5400-loss_z:0.269655,accu:0.963034,loss_recon:0.376061

5400-loss_z:6.796762,accu:0.341772,loss_recon:0.685907

5600-loss_z:0.255545,accu:0.969264,loss_recon:0.374904

5600-loss_z:7.105232,accu:0.35443,loss_recon:0.68304

5800-loss_z:0.241237,accu:0.968913,loss_recon:0.373056

5800-loss_z:7.323055,accu:0.341772,loss_recon:0.686641

6000-loss_z:0.231075,accu:0.970293,loss_recon:0.378542

6000-loss_z:7.600408,accu:0.329114,loss_recon:0.677141

6200-loss_z:0.216541,accu:0.975,loss_recon:0.370205

6200-loss_z:7.896399,accu:0.35443,loss_recon:0.663824

6400-loss_z:0.208045,accu:0.976022,loss_recon:0.367523

6400-loss_z:8.177722,accu:0.367089,loss_recon:0.665198

6600-loss_z:0.198791,accu:0.977272,loss_recon:0.36979

6600-loss_z:8.466624,accu:0.367089,loss_recon:0.676726

6800-loss_z:0.189128,accu:0.982155,loss_recon:0.365862

6800-loss_z:8.742495,accu:0.379747,loss_recon:0.662161

7000-loss_z:0.178332,accu:0.980547,loss_recon:0.369319

7000-loss_z:9.031509,accu:0.35443,loss_recon:0.670607

7200-loss_z:0.172031,accu:0.982279,loss_recon:0.363252

7200-loss_z:9.307179,accu:0.367089,loss_recon:0.677367

7400-loss_z:0.164573,accu:0.985918,loss_recon:0.35777

7400-loss_z:9.579859,accu:0.379747,loss_recon:0.667778

7600-loss_z:0.154495,accu:0.987214,loss_recon:0.356705

7600-loss_z:9.890028,accu:0.379747,loss_recon:0.673172

7800-loss_z:0.147716,accu:0.987832,loss_recon:0.351116

7800-loss_z:10.192081,accu:0.35443,loss_recon:0.673591

8000-loss_z:0.141914,accu:0.986237,loss_recon:0.353447

8000-loss_z:10.505973,accu:0.379747,loss_recon:0.661209

8200-loss_z:0.133861,accu:0.986478,loss_recon:0.352684

8200-loss_z:10.789721,accu:0.35443,loss_recon:0.665399

8400-loss_z:0.127806,accu:0.988711,loss_recon:0.349972

8400-loss_z:11.08167,accu:0.35443,loss_recon:0.665685

8600-loss_z:0.121651,accu:0.988158,loss_recon:0.353665

8600-loss_z:11.410715,accu:0.367089,loss_recon:0.656019

8800-loss_z:0.117615,accu:0.984948,loss_recon:0.349121

8800-loss_z:11.712183,accu:0.35443,loss_recon:0.663468

9000-loss_z:0.112982,accu:0.985866,loss_recon:0.34522

9000-loss_z:12.01196,accu:0.341772,loss_recon:0.664778

9200-loss_z:0.106361,accu:0.989779,loss_recon:0.347729

9200-loss_z:12.32162,accu:0.341772,loss_recon:0.645846

9400-loss_z:0.103719,accu:0.989082,loss_recon:0.344897

9400-loss_z:12.60322,accu:0.379747,loss_recon:0.656994

9600-loss_z:0.09737,accu:0.990553,loss_recon:0.344701

9600-loss_z:12.967531,accu:0.341772,loss_recon:0.64713

9800-loss_z:0.094001,accu:0.989609,loss_recon:0.34378

9800-loss_z:13.261983,accu:0.35443,loss_recon:0.657185

10000-loss_z:0.089985,accu:0.988639,loss_recon:0.345745

10000-loss_z:13.606089,accu:0.35443,loss_recon:0.663438

10200-loss_z:0.084802,accu:0.990716,loss_recon:0.345626

10200-loss_z:13.926805,accu:0.35443,loss_recon:0.651546

10400-loss_z:0.082405,accu:0.990807,loss_recon:0.344762

10400-loss_z:14.281156,accu:0.367089,loss_recon:0.640443

10600-loss_z:0.077936,accu:0.99125,loss_recon:0.339189

10600-loss_z:14.597114,accu:0.367089,loss_recon:0.63437

10800-loss_z:0.073966,accu:0.990117,loss_recon:0.33753

10800-loss_z:14.957216,accu:0.35443,loss_recon:0.641229

11000-loss_z:0.071227,accu:0.991263,loss_recon:0.335134

11000-loss_z:15.299685,accu:0.35443,loss_recon:0.635145

11200-loss_z:0.067378,accu:0.991725,loss_recon:0.338804

11200-loss_z:15.665453,accu:0.367089,loss_recon:0.641324

11400-loss_z:0.065341,accu:0.990586,loss_recon:0.338558

11400-loss_z:16.011673,accu:0.35443,loss_recon:0.647134

11600-loss_z:0.06255,accu:0.992161,loss_recon:0.337323

11600-loss_z:16.35881,accu:0.367089,loss_recon:0.653237

11800-loss_z:0.059221,accu:0.993073,loss_recon:0.3345

11800-loss_z:16.749828,accu:0.35443,loss_recon:0.635799

12000-loss_z:0.057392,accu:0.992513,loss_recon:0.333977

12000-loss_z:17.048471,accu:0.367089,loss_recon:0.633862

12200-loss_z:0.053572,accu:0.993236,loss_recon:0.336021

12200-loss_z:17.480352,accu:0.35443,loss_recon:0.637016

12400-loss_z:0.051493,accu:0.994134,loss_recon:0.33553

12400-loss_z:17.821564,accu:0.367089,loss_recon:0.650428

12600-loss_z:0.048044,accu:0.995072,loss_recon:0.330783

12600-loss_z:18.181219,accu:0.367089,loss_recon:0.644893

12800-loss_z:0.046407,accu:0.995716,loss_recon:0.338216

12800-loss_z:18.527332,accu:0.367089,loss_recon:0.628209

13000-loss_z:0.045156,accu:0.995306,loss_recon:0.334198

13000-loss_z:18.908329,accu:0.367089,loss_recon:0.638413

13200-loss_z:0.043664,accu:0.995176,loss_recon:0.333434

13200-loss_z:19.294062,accu:0.367089,loss_recon:0.645781

13400-loss_z:0.041086,accu:0.996523,loss_recon:0.333432

13400-loss_z:19.676687,accu:0.367089,loss_recon:0.630464

13600-loss_z:0.038728,accu:0.996875,loss_recon:0.334181

13600-loss_z:20.054325,accu:0.35443,loss_recon:0.644373

13800-loss_z:0.037431,accu:0.997656,loss_recon:0.337678

13800-loss_z:20.460789,accu:0.35443,loss_recon:0.646923

14000-loss_z:0.036455,accu:0.998288,loss_recon:0.333562

14000-loss_z:20.887636,accu:0.35443,loss_recon:0.639337

14200-loss_z:0.033909,accu:0.997227,loss_recon:0.332863

14200-loss_z:21.27343,accu:0.35443,loss_recon:0.632712

14400-loss_z:0.033346,accu:0.998594,loss_recon:0.333566

14400-loss_z:21.665833,accu:0.35443,loss_recon:0.642802

14600-loss_z:0.031907,accu:0.998783,loss_recon:0.337602

14600-loss_z:22.072775,accu:0.35443,loss_recon:0.631633

14800-loss_z:0.029724,accu:0.999414,loss_recon:0.333502

14800-loss_z:22.460253,accu:0.35443,loss_recon:0.639683

15000-loss_z:0.029507,accu:0.999596,loss_recon:0.334142

15000-loss_z:22.864613,accu:0.35443,loss_recon:0.627529

15200-loss_z:0.028025,accu:0.99959,loss_recon:0.332985

15200-loss_z:23.254086,accu:0.35443,loss_recon:0.630218

15400-loss_z:0.025584,accu:1.0,loss_recon:0.329174

15400-loss_z:23.650492,accu:0.35443,loss_recon:0.639506

15600-loss_z:0.025303,accu:0.999701,loss_recon:0.33357

15600-loss_z:24.042309,accu:0.35443,loss_recon:0.63531

15800-loss_z:0.024255,accu:0.999694,loss_recon:0.333691

15800-loss_z:24.439981,accu:0.35443,loss_recon:0.636357

16000-loss_z:0.022523,accu:1.0,loss_recon:0.332155

16000-loss_z:24.876917,accu:0.35443,loss_recon:0.641057

16200-loss_z:0.02263,accu:0.999922,loss_recon:0.333684

16200-loss_z:25.326649,accu:0.35443,loss_recon:0.633061

16400-loss_z:0.021083,accu:1.0,loss_recon:0.329695

16400-loss_z:25.670473,accu:0.35443,loss_recon:0.638717

16600-loss_z:0.020121,accu:1.0,loss_recon:0.32891

16600-loss_z:26.138872,accu:0.329114,loss_recon:0.629616

16800-loss_z:0.018883,accu:1.0,loss_recon:0.326542

16800-loss_z:26.562336,accu:0.341772,loss_recon:0.653784

17000-loss_z:0.018734,accu:1.0,loss_recon:0.324578

17000-loss_z:26.98288,accu:0.35443,loss_recon:0.639443

17200-loss_z:0.017724,accu:1.0,loss_recon:0.325366

17200-loss_z:27.356689,accu:0.341772,loss_recon:0.640326

17400-loss_z:0.016499,accu:1.0,loss_recon:0.323971

17400-loss_z:27.806467,accu:0.329114,loss_recon:0.646672

17600-loss_z:0.015481,accu:1.0,loss_recon:0.324448

17600-loss_z:28.291264,accu:0.316456,loss_recon:0.64732

17800-loss_z:0.015076,accu:1.0,loss_recon:0.322747

17800-loss_z:28.681875,accu:0.316456,loss_recon:0.647934

18000-loss_z:0.01439,accu:1.0,loss_recon:0.323726

18000-loss_z:29.144241,accu:0.316456,loss_recon:0.670166

18200-loss_z:0.013532,accu:1.0,loss_recon:0.320783

18200-loss_z:29.616051,accu:0.316456,loss_recon:0.667866

18400-loss_z:0.013111,accu:1.0,loss_recon:0.322339

18400-loss_z:30.04104,accu:0.316456,loss_recon:0.661957

18600-loss_z:0.01268,accu:1.0,loss_recon:0.319537

18600-loss_z:30.510225,accu:0.316456,loss_recon:0.670905

18800-loss_z:0.012191,accu:1.0,loss_recon:0.32304

18800-loss_z:30.937944,accu:0.316456,loss_recon:0.662449

19000-loss_z:0.011499,accu:1.0,loss_recon:0.320372

19000-loss_z:31.382856,accu:0.316456,loss_recon:0.654458

19200-loss_z:0.010824,accu:1.0,loss_recon:0.324454

19200-loss_z:31.790339,accu:0.316456,loss_recon:0.690196

19400-loss_z:0.009867,accu:1.0,loss_recon:0.317913

19400-loss_z:32.263584,accu:0.316456,loss_recon:0.687595

19600-loss_z:0.009991,accu:1.0,loss_recon:0.322082

19600-loss_z:32.698479,accu:0.316456,loss_recon:0.681989

19800-loss_z:0.00917,accu:1.0,loss_recon:0.317508

19800-loss_z:33.171001,accu:0.316456,loss_recon:0.672557

20000-loss_z:0.008712,accu:1.0,loss_recon:0.321834

20000-loss_z:33.578411,accu:0.329114,loss_recon:0.660643

Continue training
New FC model is initialized
200-loss_z:2.660151,accu:0.156885,loss_recon:2.544864

200-loss_z:2.760465,accu:0.050633,loss_recon:1.665761

400-loss_z:2.113202,accu:0.314323,loss_recon:1.447537

400-loss_z:2.663242,accu:0.101266,loss_recon:1.241011

600-loss_z:1.733312,accu:0.433053,loss_recon:1.093081

600-loss_z:2.610563,accu:0.139241,loss_recon:1.028702

800-loss_z:1.437557,accu:0.544987,loss_recon:0.906883

800-loss_z:2.622751,accu:0.139241,loss_recon:0.942716

1000-loss_z:1.245785,accu:0.584277,loss_recon:0.791952

1000-loss_z:2.707244,accu:0.202532,loss_recon:0.876283

1200-loss_z:1.108187,accu:0.626797,loss_recon:0.719461

1200-loss_z:2.770456,accu:0.202532,loss_recon:0.848638

1400-loss_z:1.005138,accu:0.665573,loss_recon:0.66644

1400-loss_z:2.859091,accu:0.21519,loss_recon:0.794039

1600-loss_z:0.917015,accu:0.726452,loss_recon:0.637164

1600-loss_z:2.968035,accu:0.21519,loss_recon:0.78263

1800-loss_z:0.847205,accu:0.751829,loss_recon:0.609003

1800-loss_z:3.074775,accu:0.253165,loss_recon:0.758016

2000-loss_z:0.786794,accu:0.777181,loss_recon:0.587789

2000-loss_z:3.173033,accu:0.253165,loss_recon:0.736507

2200-loss_z:0.730358,accu:0.798984,loss_recon:0.556125

2200-loss_z:3.262717,accu:0.303797,loss_recon:0.704826

2400-loss_z:0.678333,accu:0.828158,loss_recon:0.528809

2400-loss_z:3.35015,accu:0.265823,loss_recon:0.714957

2600-loss_z:0.632367,accu:0.850052,loss_recon:0.500291

2600-loss_z:3.431534,accu:0.278481,loss_recon:0.683369

2800-loss_z:0.593496,accu:0.874095,loss_recon:0.47786

2800-loss_z:3.545332,accu:0.240506,loss_recon:0.686076

3000-loss_z:0.555514,accu:0.890658,loss_recon:0.454201

3000-loss_z:3.647137,accu:0.278481,loss_recon:0.706409

3200-loss_z:0.524385,accu:0.898132,loss_recon:0.438158

3200-loss_z:3.750504,accu:0.265823,loss_recon:0.697317

3400-loss_z:0.491439,accu:0.912259,loss_recon:0.420666

3400-loss_z:3.888422,accu:0.278481,loss_recon:0.719673

3600-loss_z:0.458433,accu:0.915182,loss_recon:0.402761

3600-loss_z:4.013348,accu:0.253165,loss_recon:0.717759

3800-loss_z:0.429902,accu:0.925046,loss_recon:0.388437

3800-loss_z:4.111767,accu:0.291139,loss_recon:0.7245

4000-loss_z:0.405705,accu:0.926888,loss_recon:0.376685

4000-loss_z:4.235546,accu:0.278481,loss_recon:0.73856

4200-loss_z:0.381454,accu:0.929909,loss_recon:0.362245

4200-loss_z:4.380158,accu:0.265823,loss_recon:0.703163

4400-loss_z:0.358546,accu:0.939668,loss_recon:0.35364

4400-loss_z:4.531242,accu:0.278481,loss_recon:0.686927

4600-loss_z:0.336502,accu:0.942487,loss_recon:0.342842

4600-loss_z:4.640015,accu:0.278481,loss_recon:0.698006

4800-loss_z:0.317009,accu:0.951087,loss_recon:0.334196

4800-loss_z:4.753628,accu:0.303797,loss_recon:0.698453

5000-loss_z:0.298889,accu:0.959375,loss_recon:0.329191

5000-loss_z:4.886182,accu:0.278481,loss_recon:0.695607

5200-loss_z:0.275135,accu:0.975469,loss_recon:0.326986

5200-loss_z:4.996823,accu:0.316456,loss_recon:0.705905

5400-loss_z:0.262164,accu:0.973529,loss_recon:0.32546

5400-loss_z:5.135546,accu:0.316456,loss_recon:0.692175

5600-loss_z:0.244581,accu:0.977435,loss_recon:0.322094

5600-loss_z:5.279365,accu:0.329114,loss_recon:0.713065

5800-loss_z:0.232296,accu:0.980892,loss_recon:0.315972

5800-loss_z:5.383409,accu:0.316456,loss_recon:0.724292

6000-loss_z:0.21563,accu:0.983483,loss_recon:0.313064

6000-loss_z:5.496217,accu:0.291139,loss_recon:0.698854

6200-loss_z:0.201626,accu:0.98293,loss_recon:0.31363

6200-loss_z:5.614661,accu:0.303797,loss_recon:0.698931

6400-loss_z:0.189326,accu:0.983776,loss_recon:0.309276

6400-loss_z:5.750945,accu:0.316456,loss_recon:0.693443

6600-loss_z:0.174629,accu:0.986048,loss_recon:0.306906

6600-loss_z:5.881149,accu:0.329114,loss_recon:0.699673

6800-loss_z:0.163866,accu:0.989876,loss_recon:0.302377

6800-loss_z:6.045424,accu:0.316456,loss_recon:0.683514

7000-loss_z:0.151489,accu:0.991374,loss_recon:0.296621

7000-loss_z:6.184078,accu:0.303797,loss_recon:0.696971

7200-loss_z:0.140614,accu:0.992897,loss_recon:0.295797

7200-loss_z:6.347277,accu:0.291139,loss_recon:0.6964

7400-loss_z:0.128352,accu:0.993262,loss_recon:0.295503

7400-loss_z:6.505438,accu:0.316456,loss_recon:0.680114

7600-loss_z:0.120361,accu:0.997207,loss_recon:0.29272

7600-loss_z:6.674161,accu:0.329114,loss_recon:0.679442

7800-loss_z:0.109685,accu:0.998652,loss_recon:0.288005

7800-loss_z:6.83115,accu:0.303797,loss_recon:0.663843

8000-loss_z:0.101863,accu:0.999544,loss_recon:0.287747

8000-loss_z:7.005867,accu:0.303797,loss_recon:0.657232

8200-loss_z:0.094396,accu:1.0,loss_recon:0.284938

8200-loss_z:7.236763,accu:0.316456,loss_recon:0.661062

8400-loss_z:0.086723,accu:1.0,loss_recon:0.281906

8400-loss_z:7.435622,accu:0.316456,loss_recon:0.666016

8600-loss_z:0.078178,accu:1.0,loss_recon:0.279546

8600-loss_z:7.655174,accu:0.316456,loss_recon:0.651638

8800-loss_z:0.07293,accu:0.999896,loss_recon:0.277954

8800-loss_z:7.887554,accu:0.329114,loss_recon:0.669268

9000-loss_z:0.066461,accu:1.0,loss_recon:0.276494

9000-loss_z:8.130287,accu:0.329114,loss_recon:0.647328

9200-loss_z:0.060541,accu:1.0,loss_recon:0.275562

9200-loss_z:8.378778,accu:0.341772,loss_recon:0.637468

9400-loss_z:0.056216,accu:1.0,loss_recon:0.274238

9400-loss_z:8.616377,accu:0.329114,loss_recon:0.644868

9600-loss_z:0.051026,accu:1.0,loss_recon:0.270845

9600-loss_z:8.868935,accu:0.329114,loss_recon:0.628964

9800-loss_z:0.046879,accu:1.0,loss_recon:0.271537

9800-loss_z:9.095407,accu:0.316456,loss_recon:0.634509

10000-loss_z:0.043717,accu:1.0,loss_recon:0.27079

10000-loss_z:9.356531,accu:0.329114,loss_recon:0.619443

10200-loss_z:0.039727,accu:1.0,loss_recon:0.270215

10200-loss_z:9.584573,accu:0.329114,loss_recon:0.617427

10400-loss_z:0.036088,accu:1.0,loss_recon:0.267184

10400-loss_z:9.841029,accu:0.329114,loss_recon:0.630801

10600-loss_z:0.032863,accu:1.0,loss_recon:0.266299

10600-loss_z:10.097947,accu:0.316456,loss_recon:0.603282

10800-loss_z:0.030281,accu:1.0,loss_recon:0.265992

10800-loss_z:10.287323,accu:0.303797,loss_recon:0.610708

11000-loss_z:0.028301,accu:1.0,loss_recon:0.264261

11000-loss_z:10.58534,accu:0.303797,loss_recon:0.604716

11200-loss_z:0.025615,accu:1.0,loss_recon:0.260606

11200-loss_z:10.819069,accu:0.303797,loss_recon:0.601688

11400-loss_z:0.023595,accu:1.0,loss_recon:0.260142

11400-loss_z:11.084773,accu:0.303797,loss_recon:0.600327

11600-loss_z:0.021681,accu:1.0,loss_recon:0.258508

11600-loss_z:11.328704,accu:0.303797,loss_recon:0.581475

11800-loss_z:0.019805,accu:1.0,loss_recon:0.255655

11800-loss_z:11.575556,accu:0.303797,loss_recon:0.586581

12000-loss_z:0.018426,accu:1.0,loss_recon:0.253976

12000-loss_z:11.82058,accu:0.303797,loss_recon:0.599658

12200-loss_z:0.016914,accu:1.0,loss_recon:0.252571

12200-loss_z:12.07375,accu:0.316456,loss_recon:0.593901

12400-loss_z:0.015465,accu:1.0,loss_recon:0.24959

12400-loss_z:12.332956,accu:0.316456,loss_recon:0.617325

12600-loss_z:0.014113,accu:1.0,loss_recon:0.247613

12600-loss_z:12.602083,accu:0.316456,loss_recon:0.584842

12800-loss_z:0.012878,accu:1.0,loss_recon:0.24918

12800-loss_z:12.884268,accu:0.316456,loss_recon:0.588378

13000-loss_z:0.011802,accu:1.0,loss_recon:0.24896

13000-loss_z:13.156911,accu:0.303797,loss_recon:0.595551

13200-loss_z:0.01074,accu:1.0,loss_recon:0.251401

13200-loss_z:13.399429,accu:0.316456,loss_recon:0.598941

13400-loss_z:0.009842,accu:1.0,loss_recon:0.244933

13400-loss_z:13.653741,accu:0.316456,loss_recon:0.593122

13600-loss_z:0.009007,accu:1.0,loss_recon:0.246401

13600-loss_z:13.896112,accu:0.316456,loss_recon:0.598511

13800-loss_z:0.008312,accu:1.0,loss_recon:0.245871

13800-loss_z:14.18676,accu:0.303797,loss_recon:0.575188

14000-loss_z:0.007654,accu:1.0,loss_recon:0.24184

14000-loss_z:14.419366,accu:0.316456,loss_recon:0.591275

14200-loss_z:0.006865,accu:1.0,loss_recon:0.242938

14200-loss_z:14.699742,accu:0.303797,loss_recon:0.588914

14400-loss_z:0.006329,accu:1.0,loss_recon:0.24365

14400-loss_z:14.968373,accu:0.303797,loss_recon:0.597686

14600-loss_z:0.005789,accu:1.0,loss_recon:0.240565

14600-loss_z:15.257384,accu:0.291139,loss_recon:0.591744

14800-loss_z:0.00532,accu:1.0,loss_recon:0.240817

14800-loss_z:15.526631,accu:0.303797,loss_recon:0.587388

15000-loss_z:0.00482,accu:1.0,loss_recon:0.241288

15000-loss_z:15.831535,accu:0.291139,loss_recon:0.593122

15200-loss_z:0.004357,accu:1.0,loss_recon:0.239323

15200-loss_z:16.028374,accu:0.291139,loss_recon:0.586531

15400-loss_z:0.003987,accu:1.0,loss_recon:0.238877

15400-loss_z:16.3445,accu:0.291139,loss_recon:0.594385

15600-loss_z:0.003641,accu:1.0,loss_recon:0.241256

15600-loss_z:16.588682,accu:0.291139,loss_recon:0.588084

15800-loss_z:0.003341,accu:1.0,loss_recon:0.239871

15800-loss_z:16.855904,accu:0.291139,loss_recon:0.592297

16000-loss_z:0.003024,accu:1.0,loss_recon:0.239952

16000-loss_z:17.093536,accu:0.291139,loss_recon:0.586425

16200-loss_z:0.002789,accu:1.0,loss_recon:0.239483

16200-loss_z:17.339674,accu:0.303797,loss_recon:0.58149

16400-loss_z:0.002468,accu:1.0,loss_recon:0.236361

16400-loss_z:17.54369,accu:0.303797,loss_recon:0.585812

16600-loss_z:0.002288,accu:1.0,loss_recon:0.238792

16600-loss_z:17.759022,accu:0.291139,loss_recon:0.591848

16800-loss_z:0.002067,accu:1.0,loss_recon:0.236135

16800-loss_z:17.95401,accu:0.303797,loss_recon:0.602304

17000-loss_z:0.001884,accu:1.0,loss_recon:0.238855

17000-loss_z:18.191544,accu:0.316456,loss_recon:0.59193

17200-loss_z:0.001714,accu:1.0,loss_recon:0.237992

17200-loss_z:18.428637,accu:0.303797,loss_recon:0.581848

17400-loss_z:0.001527,accu:1.0,loss_recon:0.236502

17400-loss_z:18.575521,accu:0.316456,loss_recon:0.582695

17600-loss_z:0.00143,accu:1.0,loss_recon:0.236687

17600-loss_z:18.76923,accu:0.316456,loss_recon:0.591665

17800-loss_z:0.001254,accu:1.0,loss_recon:0.235862

17800-loss_z:18.938965,accu:0.316456,loss_recon:0.583863

18000-loss_z:0.001154,accu:1.0,loss_recon:0.238537

18000-loss_z:19.026363,accu:0.329114,loss_recon:0.600616

18200-loss_z:0.001029,accu:1.0,loss_recon:0.235959

18200-loss_z:19.163952,accu:0.316456,loss_recon:0.576142

18400-loss_z:0.000937,accu:1.0,loss_recon:0.234013

18400-loss_z:19.333063,accu:0.316456,loss_recon:0.590311

18600-loss_z:0.000859,accu:1.0,loss_recon:0.233911

18600-loss_z:19.470156,accu:0.316456,loss_recon:0.590106

18800-loss_z:0.000778,accu:1.0,loss_recon:0.234884

18800-loss_z:19.633131,accu:0.316456,loss_recon:0.603272

19000-loss_z:0.000699,accu:1.0,loss_recon:0.232305

19000-loss_z:19.775045,accu:0.303797,loss_recon:0.590198

19200-loss_z:0.000638,accu:1.0,loss_recon:0.233544

19200-loss_z:20.009039,accu:0.291139,loss_recon:0.60507

19400-loss_z:0.000577,accu:1.0,loss_recon:0.234369

19400-loss_z:20.168188,accu:0.316456,loss_recon:0.56995

19600-loss_z:0.000516,accu:1.0,loss_recon:0.234021

19600-loss_z:20.385122,accu:0.316456,loss_recon:0.587543

19800-loss_z:0.000464,accu:1.0,loss_recon:0.231825

19800-loss_z:20.56633,accu:0.303797,loss_recon:0.576983

20000-loss_z:0.000421,accu:1.0,loss_recon:0.234279

20000-loss_z:20.732893,accu:0.316456,loss_recon:0.577556

Continue training
New FC model is initialized
200-loss_z:2.581923,accu:0.18476,loss_recon:2.364846

200-loss_z:2.676927,accu:0.088608,loss_recon:1.746236

400-loss_z:1.936627,accu:0.342559,loss_recon:1.378228

400-loss_z:2.499268,accu:0.139241,loss_recon:1.356362

600-loss_z:1.574219,accu:0.476217,loss_recon:1.071544

600-loss_z:2.471376,accu:0.139241,loss_recon:1.175203

800-loss_z:1.342772,accu:0.57487,loss_recon:0.893125

800-loss_z:2.485742,accu:0.202532,loss_recon:1.068243

1000-loss_z:1.177017,accu:0.638503,loss_recon:0.79171

1000-loss_z:2.541749,accu:0.240506,loss_recon:0.994041

1200-loss_z:1.045723,accu:0.687005,loss_recon:0.721147

1200-loss_z:2.663224,accu:0.253165,loss_recon:0.953568

1400-loss_z:0.945101,accu:0.711549,loss_recon:0.662228

1400-loss_z:2.780853,accu:0.240506,loss_recon:0.922378

1600-loss_z:0.869964,accu:0.738717,loss_recon:0.603031

1600-loss_z:2.885612,accu:0.316456,loss_recon:0.928974

1800-loss_z:0.798263,accu:0.773079,loss_recon:0.568557

1800-loss_z:2.99927,accu:0.303797,loss_recon:0.921036

2000-loss_z:0.734011,accu:0.815371,loss_recon:0.551487

2000-loss_z:3.129121,accu:0.278481,loss_recon:0.919102

2200-loss_z:0.682324,accu:0.834766,loss_recon:0.540457

2200-loss_z:3.301488,accu:0.316456,loss_recon:0.905903

2400-loss_z:0.634407,accu:0.854779,loss_recon:0.5156

2400-loss_z:3.452694,accu:0.291139,loss_recon:0.900218

2600-loss_z:0.597005,accu:0.864251,loss_recon:0.508757

2600-loss_z:3.600217,accu:0.291139,loss_recon:0.892872

2800-loss_z:0.556391,accu:0.882428,loss_recon:0.495841

2800-loss_z:3.756776,accu:0.265823,loss_recon:0.875005

3000-loss_z:0.525201,accu:0.886165,loss_recon:0.488479

3000-loss_z:3.917784,accu:0.253165,loss_recon:0.869564

3200-loss_z:0.495094,accu:0.897884,loss_recon:0.483902

3200-loss_z:4.082673,accu:0.253165,loss_recon:0.838396

3400-loss_z:0.468146,accu:0.909349,loss_recon:0.472124

3400-loss_z:4.227722,accu:0.278481,loss_recon:0.836785

3600-loss_z:0.437254,accu:0.908815,loss_recon:0.462699

3600-loss_z:4.404552,accu:0.265823,loss_recon:0.835078

3800-loss_z:0.4137,accu:0.921869,loss_recon:0.458496

3800-loss_z:4.579157,accu:0.316456,loss_recon:0.816903

4000-loss_z:0.393013,accu:0.923464,loss_recon:0.446422

4000-loss_z:4.731193,accu:0.291139,loss_recon:0.792181

4200-loss_z:0.371787,accu:0.933079,loss_recon:0.435922

4200-loss_z:4.885272,accu:0.303797,loss_recon:0.815916

4400-loss_z:0.354838,accu:0.936556,loss_recon:0.429938

4400-loss_z:5.028518,accu:0.329114,loss_recon:0.812543

4600-loss_z:0.334132,accu:0.939655,loss_recon:0.423628

4600-loss_z:5.192744,accu:0.316456,loss_recon:0.816793

4800-loss_z:0.318739,accu:0.944401,loss_recon:0.416124

4800-loss_z:5.406208,accu:0.303797,loss_recon:0.831443

5000-loss_z:0.30238,accu:0.945026,loss_recon:0.406239

5000-loss_z:5.571928,accu:0.35443,loss_recon:0.860569

5200-loss_z:0.285262,accu:0.948223,loss_recon:0.40916

5200-loss_z:5.737027,accu:0.341772,loss_recon:0.84156

5400-loss_z:0.268455,accu:0.955749,loss_recon:0.39993

5400-loss_z:5.94457,accu:0.329114,loss_recon:0.846749

5600-loss_z:0.256735,accu:0.953145,loss_recon:0.394465

5600-loss_z:6.145175,accu:0.35443,loss_recon:0.844484

5800-loss_z:0.244544,accu:0.958626,loss_recon:0.393693

5800-loss_z:6.330875,accu:0.329114,loss_recon:0.845708

6000-loss_z:0.229797,accu:0.962324,loss_recon:0.386374

6000-loss_z:6.589729,accu:0.291139,loss_recon:0.869636

6200-loss_z:0.220441,accu:0.965378,loss_recon:0.387083

6200-loss_z:6.772535,accu:0.329114,loss_recon:0.85935

6400-loss_z:0.209076,accu:0.967129,loss_recon:0.385132

6400-loss_z:7.027486,accu:0.329114,loss_recon:0.851618

6600-loss_z:0.199293,accu:0.969251,loss_recon:0.374868

6600-loss_z:7.27883,accu:0.341772,loss_recon:0.870723

6800-loss_z:0.189473,accu:0.968275,loss_recon:0.375936

6800-loss_z:7.508836,accu:0.341772,loss_recon:0.869355

7000-loss_z:0.182316,accu:0.971563,loss_recon:0.374066

7000-loss_z:7.752028,accu:0.341772,loss_recon:0.86458

7200-loss_z:0.172452,accu:0.976556,loss_recon:0.370135

7200-loss_z:7.996042,accu:0.341772,loss_recon:0.877235

7400-loss_z:0.165128,accu:0.978118,loss_recon:0.371721

7400-loss_z:8.255806,accu:0.35443,loss_recon:0.876512

7600-loss_z:0.156741,accu:0.979915,loss_recon:0.368354

7600-loss_z:8.528926,accu:0.341772,loss_recon:0.849001

7800-loss_z:0.149094,accu:0.983542,loss_recon:0.365643

7800-loss_z:8.791559,accu:0.341772,loss_recon:0.856829

8000-loss_z:0.141508,accu:0.985273,loss_recon:0.361036

8000-loss_z:9.097994,accu:0.341772,loss_recon:0.869695

8200-loss_z:0.135137,accu:0.987207,loss_recon:0.358782

8200-loss_z:9.386634,accu:0.341772,loss_recon:0.865972

8400-loss_z:0.128607,accu:0.98931,loss_recon:0.363681

8400-loss_z:9.663898,accu:0.341772,loss_recon:0.862543

8600-loss_z:0.120588,accu:0.992064,loss_recon:0.360182

8600-loss_z:9.945211,accu:0.341772,loss_recon:0.861477

8800-loss_z:0.115946,accu:0.994167,loss_recon:0.360993

8800-loss_z:10.219707,accu:0.341772,loss_recon:0.866763

9000-loss_z:0.108346,accu:0.995033,loss_recon:0.360032

9000-loss_z:10.506414,accu:0.341772,loss_recon:0.856566

9200-loss_z:0.103276,accu:0.995501,loss_recon:0.35698

9200-loss_z:10.782948,accu:0.341772,loss_recon:0.871527

9400-loss_z:0.098431,accu:0.99597,loss_recon:0.355112

9400-loss_z:11.079181,accu:0.341772,loss_recon:0.87026

9600-loss_z:0.093529,accu:0.997083,loss_recon:0.357152

9600-loss_z:11.386729,accu:0.341772,loss_recon:0.860983

9800-loss_z:0.087507,accu:0.9989,loss_recon:0.359146

9800-loss_z:11.666554,accu:0.341772,loss_recon:0.870389

10000-loss_z:0.083788,accu:0.998607,loss_recon:0.356531

10000-loss_z:11.92232,accu:0.341772,loss_recon:0.864524

10200-loss_z:0.079513,accu:0.999102,loss_recon:0.351008

10200-loss_z:12.230767,accu:0.341772,loss_recon:0.860973

10400-loss_z:0.07463,accu:0.999414,loss_recon:0.360493

10400-loss_z:12.495986,accu:0.341772,loss_recon:0.868555

10600-loss_z:0.071769,accu:0.999766,loss_recon:0.353052

10600-loss_z:12.832778,accu:0.341772,loss_recon:0.874935

10800-loss_z:0.066705,accu:0.999329,loss_recon:0.354479

10800-loss_z:13.138112,accu:0.341772,loss_recon:0.856198

11000-loss_z:0.062623,accu:0.999863,loss_recon:0.352214

11000-loss_z:13.471389,accu:0.329114,loss_recon:0.857547

11200-loss_z:0.059029,accu:1.0,loss_recon:0.352087

11200-loss_z:13.801174,accu:0.329114,loss_recon:0.860782

11400-loss_z:0.056651,accu:1.0,loss_recon:0.351119

11400-loss_z:14.065978,accu:0.35443,loss_recon:0.862454

11600-loss_z:0.051902,accu:1.0,loss_recon:0.347371

11600-loss_z:14.374699,accu:0.341772,loss_recon:0.890196

11800-loss_z:0.050193,accu:1.0,loss_recon:0.353806

11800-loss_z:14.674553,accu:0.341772,loss_recon:0.87373

12000-loss_z:0.046706,accu:1.0,loss_recon:0.347774

12000-loss_z:14.998055,accu:0.341772,loss_recon:0.863602

12200-loss_z:0.043459,accu:1.0,loss_recon:0.350365

12200-loss_z:15.329844,accu:0.35443,loss_recon:0.873643

12400-loss_z:0.041082,accu:1.0,loss_recon:0.348162

12400-loss_z:15.662513,accu:0.35443,loss_recon:0.870522

12600-loss_z:0.039133,accu:1.0,loss_recon:0.350159

12600-loss_z:16.007566,accu:0.35443,loss_recon:0.869853

12800-loss_z:0.036591,accu:1.0,loss_recon:0.346586

12800-loss_z:16.311926,accu:0.35443,loss_recon:0.892611

13000-loss_z:0.034133,accu:1.0,loss_recon:0.349266

13000-loss_z:16.685452,accu:0.35443,loss_recon:0.867289

13200-loss_z:0.032421,accu:1.0,loss_recon:0.344584

13200-loss_z:17.002348,accu:0.35443,loss_recon:0.873249

13400-loss_z:0.030095,accu:1.0,loss_recon:0.345622

13400-loss_z:17.341808,accu:0.35443,loss_recon:0.898892

13600-loss_z:0.028772,accu:1.0,loss_recon:0.345672

13600-loss_z:17.660614,accu:0.341772,loss_recon:0.866481

13800-loss_z:0.027192,accu:1.0,loss_recon:0.347075

13800-loss_z:18.024044,accu:0.341772,loss_recon:0.86012

14000-loss_z:0.025339,accu:1.0,loss_recon:0.344532

14000-loss_z:18.390068,accu:0.341772,loss_recon:0.862393

14200-loss_z:0.023553,accu:1.0,loss_recon:0.348351

14200-loss_z:18.731497,accu:0.341772,loss_recon:0.90404

14400-loss_z:0.022252,accu:1.0,loss_recon:0.346093

14400-loss_z:19.083923,accu:0.341772,loss_recon:0.870649

14600-loss_z:0.021225,accu:1.0,loss_recon:0.342736

14600-loss_z:19.448963,accu:0.341772,loss_recon:0.874766

14800-loss_z:0.019444,accu:1.0,loss_recon:0.342921

14800-loss_z:19.774656,accu:0.35443,loss_recon:0.87995

15000-loss_z:0.018313,accu:1.0,loss_recon:0.346623

15000-loss_z:20.166876,accu:0.35443,loss_recon:0.875617

15200-loss_z:0.017425,accu:1.0,loss_recon:0.348064

15200-loss_z:20.531843,accu:0.35443,loss_recon:0.87974

15400-loss_z:0.016507,accu:1.0,loss_recon:0.345128

15400-loss_z:20.895073,accu:0.35443,loss_recon:0.884701

15600-loss_z:0.015102,accu:1.0,loss_recon:0.343591

15600-loss_z:21.258667,accu:0.35443,loss_recon:0.875503

15800-loss_z:0.01439,accu:1.0,loss_recon:0.340583

15800-loss_z:21.651054,accu:0.35443,loss_recon:0.879767

16000-loss_z:0.013152,accu:1.0,loss_recon:0.345735

16000-loss_z:21.976181,accu:0.35443,loss_recon:0.869609

16200-loss_z:0.012367,accu:1.0,loss_recon:0.344658

16200-loss_z:22.355175,accu:0.35443,loss_recon:0.879427

16400-loss_z:0.011631,accu:1.0,loss_recon:0.337617

16400-loss_z:22.763027,accu:0.35443,loss_recon:0.875691

16600-loss_z:0.010749,accu:1.0,loss_recon:0.343152

16600-loss_z:23.120871,accu:0.35443,loss_recon:0.88822

16800-loss_z:0.010156,accu:1.0,loss_recon:0.344282

16800-loss_z:23.478657,accu:0.35443,loss_recon:0.884811

17000-loss_z:0.009413,accu:1.0,loss_recon:0.341505

17000-loss_z:23.89768,accu:0.35443,loss_recon:0.878652

17200-loss_z:0.008851,accu:1.0,loss_recon:0.340324

17200-loss_z:24.341354,accu:0.35443,loss_recon:0.864117

17400-loss_z:0.008128,accu:1.0,loss_recon:0.346507

17400-loss_z:24.759724,accu:0.35443,loss_recon:0.880498

17600-loss_z:0.007534,accu:1.0,loss_recon:0.343607

17600-loss_z:25.16188,accu:0.35443,loss_recon:0.882325

17800-loss_z:0.00702,accu:1.0,loss_recon:0.343135

17800-loss_z:25.508492,accu:0.367089,loss_recon:0.886275

18000-loss_z:0.006538,accu:1.0,loss_recon:0.339174

18000-loss_z:25.88863,accu:0.35443,loss_recon:0.871835

18200-loss_z:0.00605,accu:1.0,loss_recon:0.336536

18200-loss_z:26.269766,accu:0.35443,loss_recon:0.868939

18400-loss_z:0.005633,accu:1.0,loss_recon:0.336845

18400-loss_z:26.625982,accu:0.35443,loss_recon:0.877803

18600-loss_z:0.005221,accu:1.0,loss_recon:0.344106

18600-loss_z:27.046562,accu:0.35443,loss_recon:0.881772

18800-loss_z:0.004885,accu:1.0,loss_recon:0.34141

18800-loss_z:27.457758,accu:0.367089,loss_recon:0.8716

19000-loss_z:0.00451,accu:1.0,loss_recon:0.33439

19000-loss_z:27.903284,accu:0.35443,loss_recon:0.882669

19200-loss_z:0.004255,accu:1.0,loss_recon:0.335306

19200-loss_z:28.327738,accu:0.35443,loss_recon:0.879084

19400-loss_z:0.003932,accu:1.0,loss_recon:0.334236

19400-loss_z:28.760143,accu:0.379747,loss_recon:0.8689

19600-loss_z:0.00366,accu:1.0,loss_recon:0.334969

19600-loss_z:29.179699,accu:0.367089,loss_recon:0.871073

19800-loss_z:0.003364,accu:1.0,loss_recon:0.336334

19800-loss_z:29.625429,accu:0.35443,loss_recon:0.881568

20000-loss_z:0.003101,accu:1.0,loss_recon:0.338117

20000-loss_z:30.094952,accu:0.341772,loss_recon:0.880764

Continue training
New FC model is initialized
200-loss_z:2.654908,accu:0.14571,loss_recon:2.100421

200-loss_z:2.664928,accu:0.075949,loss_recon:1.675372

400-loss_z:1.922038,accu:0.347995,loss_recon:1.39972

400-loss_z:2.527289,accu:0.139241,loss_recon:1.502136

600-loss_z:1.542653,accu:0.50237,loss_recon:1.282377

600-loss_z:2.524077,accu:0.177215,loss_recon:1.445588

800-loss_z:1.327069,accu:0.556068,loss_recon:1.167457

800-loss_z:2.552045,accu:0.151899,loss_recon:1.266636

1000-loss_z:1.188003,accu:0.596536,loss_recon:1.032926

1000-loss_z:2.601071,accu:0.177215,loss_recon:1.086109

1200-loss_z:1.070911,accu:0.641549,loss_recon:0.931892

1200-loss_z:2.665175,accu:0.189873,loss_recon:0.930639

1400-loss_z:0.987844,accu:0.672103,loss_recon:0.824152

1400-loss_z:2.708294,accu:0.189873,loss_recon:0.866897

1600-loss_z:0.920658,accu:0.714173,loss_recon:0.727346

1600-loss_z:2.748511,accu:0.227848,loss_recon:0.848033

1800-loss_z:0.867288,accu:0.733971,loss_recon:0.677377

1800-loss_z:2.78729,accu:0.202532,loss_recon:0.835746

2000-loss_z:0.810905,accu:0.747259,loss_recon:0.633715

2000-loss_z:2.870003,accu:0.240506,loss_recon:0.847555

2200-loss_z:0.763708,accu:0.766888,loss_recon:0.594364

2200-loss_z:2.923702,accu:0.253165,loss_recon:0.839729

2400-loss_z:0.720749,accu:0.794473,loss_recon:0.565326

2400-loss_z:2.993019,accu:0.278481,loss_recon:0.821919

2600-loss_z:0.682282,accu:0.812109,loss_recon:0.539128

2600-loss_z:3.074875,accu:0.265823,loss_recon:0.809781

2800-loss_z:0.647909,accu:0.82112,loss_recon:0.505501

2800-loss_z:3.175803,accu:0.265823,loss_recon:0.807979

3000-loss_z:0.618005,accu:0.835755,loss_recon:0.476641

3000-loss_z:3.258068,accu:0.291139,loss_recon:0.791042

3200-loss_z:0.587186,accu:0.845007,loss_recon:0.451358

3200-loss_z:3.340634,accu:0.278481,loss_recon:0.811423

3400-loss_z:0.563579,accu:0.8536,loss_recon:0.439892

3400-loss_z:3.426577,accu:0.278481,loss_recon:0.806263

3600-loss_z:0.534571,accu:0.858822,loss_recon:0.422363

3600-loss_z:3.568624,accu:0.278481,loss_recon:0.820573

3800-loss_z:0.508902,accu:0.867546,loss_recon:0.407084

3800-loss_z:3.680484,accu:0.341772,loss_recon:0.833563

4000-loss_z:0.49067,accu:0.87569,loss_recon:0.387485

4000-loss_z:3.782166,accu:0.303797,loss_recon:0.870314

4200-loss_z:0.4694,accu:0.887161,loss_recon:0.372743

4200-loss_z:3.91426,accu:0.341772,loss_recon:0.888029

4400-loss_z:0.448611,accu:0.89319,loss_recon:0.360048

4400-loss_z:4.031274,accu:0.341772,loss_recon:0.900657

4600-loss_z:0.431402,accu:0.901204,loss_recon:0.346665

4600-loss_z:4.115205,accu:0.341772,loss_recon:0.918677

4800-loss_z:0.407565,accu:0.910944,loss_recon:0.339023

4800-loss_z:4.281847,accu:0.329114,loss_recon:0.937091

5000-loss_z:0.387595,accu:0.919961,loss_recon:0.330152

5000-loss_z:4.438212,accu:0.341772,loss_recon:0.956697

5200-loss_z:0.372289,accu:0.92819,loss_recon:0.322544

5200-loss_z:4.616674,accu:0.35443,loss_recon:0.983685

5400-loss_z:0.35736,accu:0.937109,loss_recon:0.314419

5400-loss_z:4.758641,accu:0.329114,loss_recon:0.975696

5600-loss_z:0.33542,accu:0.951081,loss_recon:0.311345

5600-loss_z:4.944064,accu:0.35443,loss_recon:0.943266

5800-loss_z:0.320606,accu:0.958001,loss_recon:0.306433

5800-loss_z:5.120231,accu:0.329114,loss_recon:0.940827

6000-loss_z:0.306011,accu:0.962012,loss_recon:0.300134

6000-loss_z:5.290032,accu:0.367089,loss_recon:0.970899

6200-loss_z:0.291742,accu:0.969115,loss_recon:0.296058

6200-loss_z:5.449667,accu:0.379747,loss_recon:0.989503

6400-loss_z:0.279316,accu:0.967591,loss_recon:0.29488

6400-loss_z:5.660301,accu:0.392405,loss_recon:0.979817

6600-loss_z:0.26151,accu:0.974466,loss_recon:0.294933

6600-loss_z:5.824576,accu:0.35443,loss_recon:1.007749

6800-loss_z:0.24516,accu:0.981536,loss_recon:0.292611

6800-loss_z:6.042927,accu:0.367089,loss_recon:1.013534

7000-loss_z:0.233936,accu:0.981556,loss_recon:0.29288

7000-loss_z:6.251259,accu:0.379747,loss_recon:1.002374

7200-loss_z:0.220763,accu:0.987109,loss_recon:0.285978

7200-loss_z:6.464529,accu:0.379747,loss_recon:1.012079

7400-loss_z:0.208484,accu:0.990736,loss_recon:0.287227

7400-loss_z:6.711503,accu:0.367089,loss_recon:0.997179

7600-loss_z:0.196005,accu:0.992031,loss_recon:0.287447

7600-loss_z:6.924847,accu:0.379747,loss_recon:0.998379

7800-loss_z:0.185708,accu:0.992194,loss_recon:0.282815

7800-loss_z:7.134627,accu:0.392405,loss_recon:0.996926

8000-loss_z:0.173391,accu:0.992526,loss_recon:0.280667

8000-loss_z:7.38671,accu:0.392405,loss_recon:0.98508

8200-loss_z:0.164259,accu:0.993411,loss_recon:0.28331

8200-loss_z:7.616202,accu:0.379747,loss_recon:0.979025

8400-loss_z:0.155476,accu:0.993646,loss_recon:0.282409

8400-loss_z:7.850381,accu:0.379747,loss_recon:1.034273

8600-loss_z:0.147156,accu:0.994414,loss_recon:0.282156

8600-loss_z:8.095449,accu:0.367089,loss_recon:0.996006

8800-loss_z:0.139293,accu:0.994714,loss_recon:0.28093

8800-loss_z:8.327572,accu:0.35443,loss_recon:1.025551

9000-loss_z:0.129614,accu:0.995124,loss_recon:0.28138

9000-loss_z:8.61746,accu:0.379747,loss_recon:0.987119

9200-loss_z:0.122088,accu:0.996322,loss_recon:0.278246

9200-loss_z:8.844366,accu:0.379747,loss_recon:0.998058

9400-loss_z:0.115095,accu:0.994857,loss_recon:0.281042

9400-loss_z:9.110134,accu:0.35443,loss_recon:1.019543

9600-loss_z:0.108231,accu:0.997617,loss_recon:0.27801

9600-loss_z:9.356031,accu:0.379747,loss_recon:0.993276

9800-loss_z:0.10337,accu:0.997376,loss_recon:0.276037

9800-loss_z:9.639675,accu:0.379747,loss_recon:1.004115

10000-loss_z:0.09566,accu:0.998307,loss_recon:0.278342

10000-loss_z:9.926123,accu:0.379747,loss_recon:1.024525

10200-loss_z:0.091195,accu:0.999043,loss_recon:0.276548

10200-loss_z:10.145627,accu:0.367089,loss_recon:1.031409

10400-loss_z:0.084465,accu:0.99903,loss_recon:0.279993

10400-loss_z:10.394529,accu:0.392405,loss_recon:1.02644

10600-loss_z:0.080806,accu:0.999531,loss_recon:0.276827

10600-loss_z:10.626107,accu:0.379747,loss_recon:1.009343

10800-loss_z:0.075109,accu:0.99974,loss_recon:0.277976

10800-loss_z:10.883107,accu:0.379747,loss_recon:1.034459

11000-loss_z:0.070929,accu:1.0,loss_recon:0.277926

11000-loss_z:11.137446,accu:0.379747,loss_recon:1.0244

11200-loss_z:0.0663,accu:1.0,loss_recon:0.277768

11200-loss_z:11.407034,accu:0.379747,loss_recon:1.007689

11400-loss_z:0.062817,accu:1.0,loss_recon:0.276008

11400-loss_z:11.622334,accu:0.392405,loss_recon:1.036492

11600-loss_z:0.058688,accu:1.0,loss_recon:0.276635

11600-loss_z:11.90987,accu:0.379747,loss_recon:1.033242

11800-loss_z:0.054468,accu:1.0,loss_recon:0.275005

11800-loss_z:12.164442,accu:0.35443,loss_recon:1.046319

12000-loss_z:0.05206,accu:1.0,loss_recon:0.274641

12000-loss_z:12.417804,accu:0.35443,loss_recon:1.009612

12200-loss_z:0.04849,accu:1.0,loss_recon:0.27754

12200-loss_z:12.689701,accu:0.341772,loss_recon:1.037885

12400-loss_z:0.04556,accu:1.0,loss_recon:0.278388

12400-loss_z:12.898077,accu:0.341772,loss_recon:1.045765

12600-loss_z:0.042873,accu:1.0,loss_recon:0.276286

12600-loss_z:13.186023,accu:0.341772,loss_recon:1.042886

12800-loss_z:0.039843,accu:1.0,loss_recon:0.275271

12800-loss_z:13.447271,accu:0.329114,loss_recon:1.031153

13000-loss_z:0.037287,accu:1.0,loss_recon:0.273675

13000-loss_z:13.678155,accu:0.341772,loss_recon:1.054561

13200-loss_z:0.035158,accu:1.0,loss_recon:0.27275

13200-loss_z:13.9097,accu:0.329114,loss_recon:1.045042

13400-loss_z:0.032873,accu:1.0,loss_recon:0.277979

13400-loss_z:14.170632,accu:0.329114,loss_recon:1.037704

13600-loss_z:0.030962,accu:1.0,loss_recon:0.274276

13600-loss_z:14.450059,accu:0.341772,loss_recon:1.02509

13800-loss_z:0.029177,accu:1.0,loss_recon:0.271214

13800-loss_z:14.696082,accu:0.329114,loss_recon:1.036976

14000-loss_z:0.02713,accu:1.0,loss_recon:0.274738

14000-loss_z:14.965302,accu:0.35443,loss_recon:1.045072

14200-loss_z:0.025315,accu:1.0,loss_recon:0.272111

14200-loss_z:15.242778,accu:0.329114,loss_recon:1.034655

14400-loss_z:0.024014,accu:1.0,loss_recon:0.273572

14400-loss_z:15.504718,accu:0.316456,loss_recon:1.041317

14600-loss_z:0.022245,accu:1.0,loss_recon:0.273749

14600-loss_z:15.741458,accu:0.329114,loss_recon:1.045694

14800-loss_z:0.020544,accu:1.0,loss_recon:0.272087

14800-loss_z:16.023371,accu:0.329114,loss_recon:1.054509

15000-loss_z:0.019156,accu:1.0,loss_recon:0.272745

15000-loss_z:16.242256,accu:0.341772,loss_recon:1.057197

15200-loss_z:0.01815,accu:1.0,loss_recon:0.272638

15200-loss_z:16.49774,accu:0.35443,loss_recon:1.070255

15400-loss_z:0.0167,accu:1.0,loss_recon:0.270817

15400-loss_z:16.7391,accu:0.341772,loss_recon:1.076763

15600-loss_z:0.015409,accu:1.0,loss_recon:0.273047

15600-loss_z:16.980661,accu:0.329114,loss_recon:1.080514

15800-loss_z:0.014404,accu:1.0,loss_recon:0.272773

15800-loss_z:17.237598,accu:0.35443,loss_recon:1.039111

16000-loss_z:0.013444,accu:1.0,loss_recon:0.2726

16000-loss_z:17.47962,accu:0.341772,loss_recon:1.062097

16200-loss_z:0.012476,accu:1.0,loss_recon:0.271572

16200-loss_z:17.725418,accu:0.329114,loss_recon:1.063104

16400-loss_z:0.011775,accu:1.0,loss_recon:0.273165

16400-loss_z:17.978104,accu:0.341772,loss_recon:1.068539

16600-loss_z:0.010853,accu:1.0,loss_recon:0.27337

16600-loss_z:18.233822,accu:0.35443,loss_recon:1.032421

16800-loss_z:0.010042,accu:1.0,loss_recon:0.27244

16800-loss_z:18.493641,accu:0.341772,loss_recon:1.05356

17000-loss_z:0.009375,accu:1.0,loss_recon:0.270925

17000-loss_z:18.705004,accu:0.329114,loss_recon:1.042137

17200-loss_z:0.008696,accu:1.0,loss_recon:0.268751

17200-loss_z:18.983458,accu:0.341772,loss_recon:1.077077

17400-loss_z:0.007971,accu:1.0,loss_recon:0.271321

17400-loss_z:19.212538,accu:0.341772,loss_recon:1.068846

17600-loss_z:0.00755,accu:1.0,loss_recon:0.269798

17600-loss_z:19.443293,accu:0.35443,loss_recon:1.058761

17800-loss_z:0.006968,accu:1.0,loss_recon:0.269839

17800-loss_z:19.694296,accu:0.341772,loss_recon:1.055641

18000-loss_z:0.00653,accu:1.0,loss_recon:0.269224

18000-loss_z:19.96209,accu:0.329114,loss_recon:1.08489

18200-loss_z:0.005872,accu:1.0,loss_recon:0.270676

18200-loss_z:20.122541,accu:0.329114,loss_recon:1.045949

18400-loss_z:0.005599,accu:1.0,loss_recon:0.270889

18400-loss_z:20.368832,accu:0.329114,loss_recon:1.049764

18600-loss_z:0.005163,accu:1.0,loss_recon:0.268382

18600-loss_z:20.592241,accu:0.341772,loss_recon:1.063788

18800-loss_z:0.004798,accu:1.0,loss_recon:0.265899

18800-loss_z:20.82221,accu:0.35443,loss_recon:1.048689

19000-loss_z:0.004458,accu:1.0,loss_recon:0.26739

19000-loss_z:21.03084,accu:0.329114,loss_recon:1.039301

19200-loss_z:0.004137,accu:1.0,loss_recon:0.266582

19200-loss_z:21.262283,accu:0.329114,loss_recon:1.046515

19400-loss_z:0.003866,accu:1.0,loss_recon:0.267228

19400-loss_z:21.455875,accu:0.329114,loss_recon:1.055037

19600-loss_z:0.003515,accu:1.0,loss_recon:0.265238

19600-loss_z:21.673595,accu:0.341772,loss_recon:1.046986

19800-loss_z:0.003227,accu:1.0,loss_recon:0.266311

19800-loss_z:21.863195,accu:0.341772,loss_recon:1.076439

20000-loss_z:0.003008,accu:1.0,loss_recon:0.264867

20000-loss_z:22.08979,accu:0.341772,loss_recon:1.035538

Continue training
New FC model is initialized
200-loss_z:2.677436,accu:0.173495,loss_recon:2.399997

200-loss_z:2.693631,accu:0.050633,loss_recon:1.845557

400-loss_z:2.022663,accu:0.397441,loss_recon:1.509026

400-loss_z:2.554898,accu:0.151899,loss_recon:1.520111

600-loss_z:1.603873,accu:0.530339,loss_recon:1.278878

600-loss_z:2.541956,accu:0.126582,loss_recon:1.310258

800-loss_z:1.360302,accu:0.593431,loss_recon:1.061772

800-loss_z:2.611597,accu:0.21519,loss_recon:1.072542

1000-loss_z:1.19783,accu:0.629746,loss_recon:0.874651

1000-loss_z:2.718556,accu:0.202532,loss_recon:0.917168

1200-loss_z:1.077824,accu:0.670365,loss_recon:0.751919

1200-loss_z:2.821019,accu:0.21519,loss_recon:0.822096

1400-loss_z:0.982835,accu:0.717214,loss_recon:0.670546

1400-loss_z:2.918659,accu:0.21519,loss_recon:0.766545

1600-loss_z:0.905347,accu:0.740293,loss_recon:0.620716

1600-loss_z:3.036944,accu:0.240506,loss_recon:0.740606

1800-loss_z:0.847941,accu:0.753164,loss_recon:0.575936

1800-loss_z:3.122182,accu:0.21519,loss_recon:0.729746

2000-loss_z:0.791016,accu:0.766439,loss_recon:0.539015

2000-loss_z:3.231051,accu:0.21519,loss_recon:0.71604

2200-loss_z:0.743272,accu:0.782389,loss_recon:0.511316

2200-loss_z:3.324899,accu:0.202532,loss_recon:0.707463

2400-loss_z:0.702313,accu:0.78498,loss_recon:0.486163

2400-loss_z:3.402692,accu:0.240506,loss_recon:0.686319

2600-loss_z:0.658619,accu:0.798438,loss_recon:0.471739

2600-loss_z:3.490463,accu:0.240506,loss_recon:0.689724

2800-loss_z:0.624658,accu:0.814831,loss_recon:0.449878

2800-loss_z:3.531581,accu:0.21519,loss_recon:0.694046

3000-loss_z:0.592457,accu:0.836243,loss_recon:0.432115

3000-loss_z:3.624268,accu:0.202532,loss_recon:0.700799

3200-loss_z:0.563828,accu:0.842402,loss_recon:0.412125

3200-loss_z:3.710267,accu:0.21519,loss_recon:0.676888

3400-loss_z:0.538296,accu:0.853112,loss_recon:0.389033

3400-loss_z:3.798964,accu:0.202532,loss_recon:0.694361

3600-loss_z:0.509169,accu:0.870898,loss_recon:0.377583

3600-loss_z:3.884279,accu:0.21519,loss_recon:0.687349

3800-loss_z:0.488249,accu:0.877624,loss_recon:0.366156

3800-loss_z:3.985632,accu:0.21519,loss_recon:0.705107

4000-loss_z:0.46284,accu:0.895013,loss_recon:0.352051

4000-loss_z:4.080861,accu:0.227848,loss_recon:0.70218

4200-loss_z:0.444069,accu:0.897441,loss_recon:0.347464

4200-loss_z:4.158631,accu:0.189873,loss_recon:0.705464

4400-loss_z:0.42352,accu:0.90485,loss_recon:0.336805

4400-loss_z:4.251468,accu:0.227848,loss_recon:0.704607

4600-loss_z:0.41024,accu:0.909023,loss_recon:0.331998

4600-loss_z:4.332559,accu:0.253165,loss_recon:0.690943

4800-loss_z:0.390079,accu:0.915736,loss_recon:0.331218

4800-loss_z:4.436121,accu:0.227848,loss_recon:0.71564

5000-loss_z:0.37415,accu:0.92472,loss_recon:0.324943

5000-loss_z:4.511214,accu:0.227848,loss_recon:0.697781

5200-loss_z:0.36075,accu:0.927487,loss_recon:0.321312

5200-loss_z:4.574935,accu:0.227848,loss_recon:0.706752

5400-loss_z:0.345548,accu:0.931875,loss_recon:0.31978

5400-loss_z:4.694497,accu:0.253165,loss_recon:0.713664

5600-loss_z:0.326476,accu:0.94112,loss_recon:0.313475

5600-loss_z:4.786027,accu:0.265823,loss_recon:0.70506

5800-loss_z:0.3174,accu:0.945156,loss_recon:0.313369

5800-loss_z:4.889279,accu:0.278481,loss_recon:0.713275

6000-loss_z:0.30484,accu:0.949811,loss_recon:0.308543

6000-loss_z:5.056085,accu:0.303797,loss_recon:0.712173

6200-loss_z:0.293533,accu:0.956419,loss_recon:0.301416

6200-loss_z:5.160296,accu:0.291139,loss_recon:0.710729

6400-loss_z:0.279216,accu:0.960215,loss_recon:0.300202

6400-loss_z:5.313764,accu:0.291139,loss_recon:0.706452

6600-loss_z:0.26942,accu:0.965957,loss_recon:0.297172

6600-loss_z:5.448751,accu:0.303797,loss_recon:0.70885

6800-loss_z:0.259524,accu:0.968392,loss_recon:0.297329

6800-loss_z:5.623362,accu:0.278481,loss_recon:0.695368

7000-loss_z:0.250171,accu:0.972031,loss_recon:0.288621

7000-loss_z:5.707025,accu:0.278481,loss_recon:0.680491

7200-loss_z:0.239371,accu:0.973789,loss_recon:0.286506

7200-loss_z:5.833385,accu:0.278481,loss_recon:0.693595

7400-loss_z:0.227205,accu:0.97653,loss_recon:0.281869

7400-loss_z:5.958275,accu:0.303797,loss_recon:0.674514

7600-loss_z:0.217058,accu:0.979128,loss_recon:0.281488

7600-loss_z:6.114458,accu:0.291139,loss_recon:0.642284

7800-loss_z:0.207863,accu:0.986842,loss_recon:0.273652

7800-loss_z:6.244483,accu:0.278481,loss_recon:0.626984

8000-loss_z:0.201106,accu:0.987363,loss_recon:0.274073

8000-loss_z:6.39131,accu:0.265823,loss_recon:0.61863

8200-loss_z:0.192397,accu:0.988294,loss_recon:0.268284

8200-loss_z:6.495883,accu:0.278481,loss_recon:0.622656

8400-loss_z:0.184232,accu:0.98957,loss_recon:0.267419

8400-loss_z:6.64842,accu:0.265823,loss_recon:0.613413

8600-loss_z:0.176058,accu:0.991875,loss_recon:0.264926

8600-loss_z:6.760776,accu:0.278481,loss_recon:0.608081

8800-loss_z:0.168121,accu:0.992878,loss_recon:0.256158

8800-loss_z:6.917813,accu:0.265823,loss_recon:0.595455

9000-loss_z:0.15905,accu:0.993939,loss_recon:0.254268

9000-loss_z:7.036511,accu:0.278481,loss_recon:0.582792

9200-loss_z:0.153262,accu:0.994212,loss_recon:0.247397

9200-loss_z:7.146551,accu:0.253165,loss_recon:0.584365

9400-loss_z:0.144217,accu:0.995768,loss_recon:0.243588

9400-loss_z:7.238646,accu:0.278481,loss_recon:0.572351

9600-loss_z:0.139329,accu:0.996445,loss_recon:0.241814

9600-loss_z:7.356599,accu:0.253165,loss_recon:0.569765

9800-loss_z:0.132082,accu:0.996829,loss_recon:0.240562

9800-loss_z:7.480396,accu:0.278481,loss_recon:0.569171

10000-loss_z:0.126459,accu:0.996973,loss_recon:0.238621

10000-loss_z:7.64558,accu:0.291139,loss_recon:0.56895

10200-loss_z:0.119459,accu:0.998665,loss_recon:0.236634

10200-loss_z:7.782397,accu:0.278481,loss_recon:0.557898

10400-loss_z:0.113835,accu:0.997715,loss_recon:0.231719

10400-loss_z:7.945606,accu:0.291139,loss_recon:0.573808

10600-loss_z:0.107624,accu:0.998236,loss_recon:0.229306

10600-loss_z:8.093164,accu:0.291139,loss_recon:0.573336

10800-loss_z:0.102432,accu:0.998919,loss_recon:0.22617

10800-loss_z:8.256016,accu:0.265823,loss_recon:0.552989

11000-loss_z:0.097538,accu:0.998496,loss_recon:0.225603

11000-loss_z:8.433176,accu:0.291139,loss_recon:0.563487

11200-loss_z:0.092524,accu:0.997682,loss_recon:0.222175

11200-loss_z:8.563023,accu:0.278481,loss_recon:0.571704

11400-loss_z:0.089427,accu:0.999271,loss_recon:0.222118

11400-loss_z:8.721824,accu:0.278481,loss_recon:0.564184

11600-loss_z:0.084031,accu:0.999896,loss_recon:0.220809

11600-loss_z:8.93172,accu:0.291139,loss_recon:0.583201

11800-loss_z:0.079268,accu:0.999583,loss_recon:0.219789

11800-loss_z:9.093992,accu:0.291139,loss_recon:0.579982

12000-loss_z:0.075819,accu:0.999401,loss_recon:0.221705

12000-loss_z:9.269769,accu:0.291139,loss_recon:0.56815

12200-loss_z:0.071955,accu:0.999486,loss_recon:0.219432

12200-loss_z:9.401262,accu:0.291139,loss_recon:0.57142

12400-loss_z:0.067435,accu:1.0,loss_recon:0.221312

12400-loss_z:9.58213,accu:0.291139,loss_recon:0.569993

12600-loss_z:0.064301,accu:1.0,loss_recon:0.220066

12600-loss_z:9.698631,accu:0.278481,loss_recon:0.570656

12800-loss_z:0.0603,accu:1.0,loss_recon:0.21933

12800-loss_z:9.929198,accu:0.278481,loss_recon:0.570654

13000-loss_z:0.057537,accu:1.0,loss_recon:0.217323

13000-loss_z:10.12502,accu:0.278481,loss_recon:0.567642

13200-loss_z:0.053941,accu:1.0,loss_recon:0.215546

13200-loss_z:10.280967,accu:0.291139,loss_recon:0.564252

13400-loss_z:0.051754,accu:1.0,loss_recon:0.219376

13400-loss_z:10.457294,accu:0.278481,loss_recon:0.578518

13600-loss_z:0.048549,accu:1.0,loss_recon:0.21711

13600-loss_z:10.640249,accu:0.278481,loss_recon:0.565525

13800-loss_z:0.046154,accu:1.0,loss_recon:0.218612

13800-loss_z:10.747173,accu:0.278481,loss_recon:0.574248

14000-loss_z:0.043205,accu:1.0,loss_recon:0.21557

14000-loss_z:10.909174,accu:0.278481,loss_recon:0.58813

14200-loss_z:0.041456,accu:1.0,loss_recon:0.215324

14200-loss_z:11.063951,accu:0.278481,loss_recon:0.570488

14400-loss_z:0.039125,accu:1.0,loss_recon:0.216583

14400-loss_z:11.214887,accu:0.278481,loss_recon:0.560584

14600-loss_z:0.036879,accu:1.0,loss_recon:0.216646

14600-loss_z:11.405076,accu:0.278481,loss_recon:0.572283

14800-loss_z:0.034983,accu:1.0,loss_recon:0.217289

14800-loss_z:11.535106,accu:0.278481,loss_recon:0.572537

15000-loss_z:0.033172,accu:1.0,loss_recon:0.215423

15000-loss_z:11.689572,accu:0.278481,loss_recon:0.571954

15200-loss_z:0.030697,accu:1.0,loss_recon:0.213386

15200-loss_z:11.837545,accu:0.278481,loss_recon:0.580301

15400-loss_z:0.029327,accu:1.0,loss_recon:0.218277

15400-loss_z:11.985956,accu:0.278481,loss_recon:0.56758

15600-loss_z:0.027522,accu:1.0,loss_recon:0.214491

15600-loss_z:12.171128,accu:0.278481,loss_recon:0.585609

15800-loss_z:0.026178,accu:1.0,loss_recon:0.214527

15800-loss_z:12.257442,accu:0.278481,loss_recon:0.57028

16000-loss_z:0.024393,accu:1.0,loss_recon:0.216254

16000-loss_z:12.459356,accu:0.278481,loss_recon:0.58258

16200-loss_z:0.023327,accu:1.0,loss_recon:0.217321

16200-loss_z:12.579167,accu:0.278481,loss_recon:0.581889

16400-loss_z:0.021521,accu:1.0,loss_recon:0.212389

16400-loss_z:12.690057,accu:0.278481,loss_recon:0.573252

16600-loss_z:0.020647,accu:1.0,loss_recon:0.215058

16600-loss_z:12.843041,accu:0.278481,loss_recon:0.580761

16800-loss_z:0.019079,accu:1.0,loss_recon:0.216329

16800-loss_z:13.043195,accu:0.278481,loss_recon:0.568705

17000-loss_z:0.017832,accu:1.0,loss_recon:0.212734

17000-loss_z:13.201201,accu:0.291139,loss_recon:0.567361

17200-loss_z:0.016346,accu:1.0,loss_recon:0.213779

17200-loss_z:13.326655,accu:0.278481,loss_recon:0.571065

17400-loss_z:0.015179,accu:1.0,loss_recon:0.212886

17400-loss_z:13.457093,accu:0.278481,loss_recon:0.590936

17600-loss_z:0.014083,accu:1.0,loss_recon:0.212352

17600-loss_z:13.65781,accu:0.291139,loss_recon:0.570378

17800-loss_z:0.013312,accu:1.0,loss_recon:0.214126

17800-loss_z:13.771958,accu:0.278481,loss_recon:0.570367

18000-loss_z:0.012539,accu:1.0,loss_recon:0.213345

18000-loss_z:13.916599,accu:0.278481,loss_recon:0.564919

18200-loss_z:0.011751,accu:1.0,loss_recon:0.216377

18200-loss_z:14.088084,accu:0.278481,loss_recon:0.58473

18400-loss_z:0.010942,accu:1.0,loss_recon:0.213523

18400-loss_z:14.216946,accu:0.253165,loss_recon:0.584618

18600-loss_z:0.010176,accu:1.0,loss_recon:0.212424

18600-loss_z:14.337562,accu:0.265823,loss_recon:0.556025

18800-loss_z:0.009574,accu:1.0,loss_recon:0.212634

18800-loss_z:14.48143,accu:0.265823,loss_recon:0.564076

19000-loss_z:0.009048,accu:1.0,loss_recon:0.212326

19000-loss_z:14.677898,accu:0.265823,loss_recon:0.562732

19200-loss_z:0.008394,accu:1.0,loss_recon:0.213846

19200-loss_z:14.863856,accu:0.253165,loss_recon:0.554263

19400-loss_z:0.007821,accu:1.0,loss_recon:0.211246

19400-loss_z:15.037107,accu:0.278481,loss_recon:0.559696

19600-loss_z:0.007366,accu:1.0,loss_recon:0.212558

19600-loss_z:15.164957,accu:0.265823,loss_recon:0.569034

19800-loss_z:0.006826,accu:1.0,loss_recon:0.2127

19800-loss_z:15.361684,accu:0.278481,loss_recon:0.555293

20000-loss_z:0.006379,accu:1.0,loss_recon:0.213056

20000-loss_z:15.490417,accu:0.278481,loss_recon:0.53755

Exp path: /home/xuanjie.liu/Projects/S3Plus/VQ/exp/2025.05.19_10vq_Zc[2]_Zs[0]_edim1_[0-20]_plus1024_1_tripleSet_Nothing_trainAll
{'train_data_path': '/home/xuanjie.liu/Projects/S3Plus/VQ/exp/2025.05.19_10vq_Zc[2]_Zs[0]_edim1_[0-20]_plus1024_1_tripleSet_Nothing_trainAll/../../../dataset/single_style_pairs(0,20)_tripleSet_trainAll/train', 'single_img_eval_set_path': '/home/xuanjie.liu/Projects/S3Plus/VQ/exp/2025.05.19_10vq_Zc[2]_Zs[0]_edim1_[0-20]_plus1024_1_tripleSet_Nothing_trainAll/../../../dataset/(0,20)-FixedPos-oneStyle', 'plus_eval_set_path': ['/home/xuanjie.liu/Projects/S3Plus/VQ/exp/2025.05.19_10vq_Zc[2]_Zs[0]_edim1_[0-20]_plus1024_1_tripleSet_Nothing_trainAll/../../../dataset/single_style_pairs(0,20)_tripleSet/test_1', '/home/xuanjie.liu/Projects/S3Plus/VQ/exp/2025.05.19_10vq_Zc[2]_Zs[0]_edim1_[0-20]_plus1024_1_tripleSet_Nothing_trainAll/../../../dataset/single_style_pairs(0,20)_tripleSet/test_2'], 'latent_embedding_1': 2, 'latent_embedding_2': 0, 'multi_num_embeddings': None, 'latent_code_2': 0, 'embedding_dim': 1, 'is_plot_zc_value': True, 'embeddings_num': 10, 'is_plot_vis_num': True, 'kld_loss_scalar': 0.0, 'checkpoint_interval': 2000, 'learning_rate': 0.0001, 'scheduler_base_num': 0.99999, 'max_iter_num': 50001, 'model_path': 'curr_model.pt', 'train_result_path': 'TrainingResults/', 'eval_result_path': 'EvalResults/', 'train_record_path': 'Train_record.txt', 'eval_record_path': 'Eval_record.txt', 'plus_accu_record_path': 'plus_eval.txt', 'log_interval': 500, 'eval_interval': 2000, 'is_save_img': True, 'batch_size': 128, 'is_commutative_train': False, 'is_commutative_all': False, 'z_plus_loss_scalar': 0.02, 'commutative_z_loss_scalar': 0.0, 'associative_z_loss_scalar': 0.0, 'plus_mse_scalar': -1, 'plus_recon_loss_scalar': 3, 'min_loss_scalar': 1e-05, 'K': 1024, 'assoc_aug_range': (-3, 3), 'commitment_scalar': 0.0025, 'embedding_scalar': 0.01, 'isVQStyle': False, 'plus_by_embedding': True, 'plus_by_zcode': False, 'VQPlus_eqLoss_scalar': 0.5, 'is_zc_based_assoc': True, 'is_rand_z_assoc': False, 'is_assoc_within_batch': True, 'is_switch_digital': False, 'is_full_symm': False, 'is_assoc': False, 'is_twice_oper': False, 'img_noise': 0.0, 'network_config': {'enc_dec': {'img_channel': 3, 'last_H': 4, 'last_W': 4, 'first_ch_num': 16}, 'enc_fc': {'n_units': 128, 'n_hidden_layers': 2}, 'plus': {'plus_unit': 1024, 'n_hidden_layers': 2}}, 'eval_config': {'pipeline_result_path': 'PIPELINE_EVAL', 'optimal_checkpoint_finding_config': {'optimal_checkpoint_num': 'find_by_keys', 'record_name': 'Train_record.txt', 'keys': ['plus_recon', 'plus_z', 'loss_oper', 'loss_ED'], 'iter_after': 0.1}, 'plus_eval_configs': [{'name': 'eval_set', 'eval_set_path_list': ['/home/xuanjie.liu/Projects/S3Plus/VQ/exp/2025.05.19_10vq_Zc[2]_Zs[0]_edim1_[0-20]_plus1024_1_tripleSet_Nothing_trainAll/../../../dataset/single_style_pairs(0,20)_tripleSet/test_1', '/home/xuanjie.liu/Projects/S3Plus/VQ/exp/2025.05.19_10vq_Zc[2]_Zs[0]_edim1_[0-20]_plus1024_1_tripleSet_Nothing_trainAll/../../../dataset/single_style_pairs(0,20)_tripleSet/test_2'], 'is_blur': False, 'blur_config': {'kernel_size_choices': (5, 7, 9), 'sigma_range': (0.5, 3.0), 'p_no_blur': 0.0}, 'augment_times': 1}], 'emb_matching_rate_configs': [{'name': 'emb_matching_rate', 'eval_set_path_list': ['/home/xuanjie.liu/Projects/S3Plus/VQ/exp/2025.05.19_10vq_Zc[2]_Zs[0]_edim1_[0-20]_plus1024_1_tripleSet_Nothing_trainAll/../../../dataset/(0,20)-FixedPos-oneStyle'], 'is_blur': False, 'blur_config': {'kernel_size_choices': (5, 7, 9), 'sigma_range': (0.5, 3.0), 'p_no_blur': 0.0}, 'augment_times': 1}], 'orderliness_configs': [{'name': 'orderliness', 'img_dir_name': 'orderliness', 'eval_set_path_list': ['/home/xuanjie.liu/Projects/S3Plus/VQ/exp/2025.05.19_10vq_Zc[2]_Zs[0]_edim1_[0-20]_plus1024_1_tripleSet_Nothing_trainAll/../../../dataset/(0,20)-FixedPos-oneStyle'], 'is_blur': False, 'blur_config': {'kernel_size_choices': (5, 7, 9), 'sigma_range': (0.5, 3.0), 'p_no_blur': 0.0}, 'augment_times': 1}], 'interpolate_configs': [{'name': 'train_interpolate', 'eval_set_path_list': ['/home/xuanjie.liu/Projects/S3Plus/VQ/exp/2025.05.19_10vq_Zc[2]_Zs[0]_edim1_[0-20]_plus1024_1_tripleSet_Nothing_trainAll/../../../dataset/single_style_pairs(0,20)_tripleSet/train'], 'is_blur': False, 'blur_config': {'kernel_size_choices': (5, 7, 9), 'sigma_range': (0.5, 3.0), 'p_no_blur': 0.0}, 'augment_times': 1, 'interpolate_num': 1}]}}
[{'task_name': 'minus_16_1.1', 'train_data_path': '/home/xuanjie.liu/Projects/S3Plus/VQ/exp/2025.05.19_10vq_Zc[2]_Zs[0]_edim1_[0-20]_plus1024_1_tripleSet_Nothing_trainAll/../../../dataset/single_style_pairs_minus(0,20)/train', 'eval_data_path': '/home/xuanjie.liu/Projects/S3Plus/VQ/exp/2025.05.19_10vq_Zc[2]_Zs[0]_edim1_[0-20]_plus1024_1_tripleSet_Nothing_trainAll/../../../dataset/single_style_pairs_minus(0,20)/test', 'batch_size': 128, 'train_record_path': 'train_record.txt', 'eval_record_path': 'eval_record.txt', 'pretrained_path': 'checkpoint_40000.pt', 'fc_model_path': 'minus_model.pt', 'max_iter_num': 20001, 'log_interval': 200, 'num_class': 21, 'fc_network_config': {'plus_unit': 16, 'n_hidden_layers': 1}, 'learning_rate': 0.001}]
Sub-Exp path: /home/xuanjie.liu/Projects/S3Plus/VQ/exp/2025.05.19_10vq_Zc[2]_Zs[0]_edim1_[0-20]_plus1024_1_tripleSet_Nothing_trainAll/19
Optimal checkpoint: 46000
Pretrained Model is loaded
Continue training
New FC model is initialized
200-loss_z:2.521817,accu:0.207135,loss_recon:3.251992

200-loss_z:2.619979,accu:0.063291,loss_recon:2.23717

400-loss_z:1.768046,accu:0.377878,loss_recon:1.088853

400-loss_z:2.431746,accu:0.126582,loss_recon:1.112527

600-loss_z:1.448433,accu:0.485944,loss_recon:0.682367

600-loss_z:2.411988,accu:0.151899,loss_recon:0.92873

800-loss_z:1.244638,accu:0.610944,loss_recon:0.565249

800-loss_z:2.427033,accu:0.189873,loss_recon:0.817306

1000-loss_z:1.096958,accu:0.677702,loss_recon:0.502815

1000-loss_z:2.50938,accu:0.253165,loss_recon:0.754895

1200-loss_z:0.986508,accu:0.723711,loss_recon:0.452581

1200-loss_z:2.608686,accu:0.227848,loss_recon:0.723157

1400-loss_z:0.890096,accu:0.778034,loss_recon:0.43411

1400-loss_z:2.744801,accu:0.291139,loss_recon:0.671762

1600-loss_z:0.817753,accu:0.80123,loss_recon:0.403467

1600-loss_z:2.858134,accu:0.316456,loss_recon:0.637595

1800-loss_z:0.748074,accu:0.828828,loss_recon:0.388137

1800-loss_z:3.035012,accu:0.265823,loss_recon:0.613408

2000-loss_z:0.688981,accu:0.831439,loss_recon:0.360764

2000-loss_z:3.144884,accu:0.329114,loss_recon:0.569976

2200-loss_z:0.631479,accu:0.85528,loss_recon:0.340933

2200-loss_z:3.276974,accu:0.367089,loss_recon:0.540895

2400-loss_z:0.590347,accu:0.871016,loss_recon:0.329151

2400-loss_z:3.41906,accu:0.367089,loss_recon:0.524649

2600-loss_z:0.552302,accu:0.877461,loss_recon:0.319435

2600-loss_z:3.572906,accu:0.367089,loss_recon:0.529234

2800-loss_z:0.516414,accu:0.885794,loss_recon:0.304336

2800-loss_z:3.704239,accu:0.367089,loss_recon:0.518486

3000-loss_z:0.483966,accu:0.896159,loss_recon:0.290801

3000-loss_z:3.850045,accu:0.367089,loss_recon:0.507263

3200-loss_z:0.446118,accu:0.904434,loss_recon:0.279701

3200-loss_z:4.024675,accu:0.367089,loss_recon:0.489872

3400-loss_z:0.424099,accu:0.909844,loss_recon:0.270994

3400-loss_z:4.180017,accu:0.367089,loss_recon:0.488957

3600-loss_z:0.39813,accu:0.915085,loss_recon:0.266321

3600-loss_z:4.361604,accu:0.379747,loss_recon:0.487746

3800-loss_z:0.373396,accu:0.923939,loss_recon:0.258567

3800-loss_z:4.505082,accu:0.367089,loss_recon:0.506415

4000-loss_z:0.350231,accu:0.932266,loss_recon:0.251481

4000-loss_z:4.712637,accu:0.379747,loss_recon:0.488822

4200-loss_z:0.331648,accu:0.933431,loss_recon:0.246426

4200-loss_z:4.915918,accu:0.379747,loss_recon:0.493082

4400-loss_z:0.311421,accu:0.943477,loss_recon:0.236043

4400-loss_z:5.09285,accu:0.367089,loss_recon:0.483661

4600-loss_z:0.295187,accu:0.944889,loss_recon:0.234832

4600-loss_z:5.324478,accu:0.367089,loss_recon:0.483887

4800-loss_z:0.279777,accu:0.95166,loss_recon:0.231105

4800-loss_z:5.506779,accu:0.379747,loss_recon:0.478932

5000-loss_z:0.262431,accu:0.959909,loss_recon:0.225199

5000-loss_z:5.724686,accu:0.379747,loss_recon:0.465872

5200-loss_z:0.251769,accu:0.95877,loss_recon:0.221705

5200-loss_z:5.951232,accu:0.379747,loss_recon:0.455069

5400-loss_z:0.237357,accu:0.966029,loss_recon:0.210757

5400-loss_z:6.179352,accu:0.367089,loss_recon:0.45423

5600-loss_z:0.222067,accu:0.971908,loss_recon:0.203986

5600-loss_z:6.409034,accu:0.35443,loss_recon:0.433202

5800-loss_z:0.214107,accu:0.974492,loss_recon:0.20215

5800-loss_z:6.659908,accu:0.379747,loss_recon:0.444113

6000-loss_z:0.201497,accu:0.976315,loss_recon:0.198268

6000-loss_z:6.927832,accu:0.35443,loss_recon:0.43978

6200-loss_z:0.192938,accu:0.977871,loss_recon:0.196246

6200-loss_z:7.184941,accu:0.35443,loss_recon:0.434994

6400-loss_z:0.180749,accu:0.981855,loss_recon:0.194387

6400-loss_z:7.435727,accu:0.367089,loss_recon:0.429046

6600-loss_z:0.173506,accu:0.982096,loss_recon:0.191505

6600-loss_z:7.720061,accu:0.367089,loss_recon:0.427844

6800-loss_z:0.166935,accu:0.981406,loss_recon:0.190478

6800-loss_z:7.973518,accu:0.379747,loss_recon:0.42042

7000-loss_z:0.155567,accu:0.983919,loss_recon:0.191072

7000-loss_z:8.245266,accu:0.379747,loss_recon:0.428647

7200-loss_z:0.150614,accu:0.983698,loss_recon:0.188808

7200-loss_z:8.514119,accu:0.379747,loss_recon:0.41857

7400-loss_z:0.140848,accu:0.983835,loss_recon:0.186593

7400-loss_z:8.812544,accu:0.367089,loss_recon:0.417367

7600-loss_z:0.133087,accu:0.985417,loss_recon:0.187147

7600-loss_z:9.079313,accu:0.379747,loss_recon:0.418039

7800-loss_z:0.127205,accu:0.987005,loss_recon:0.186483

7800-loss_z:9.383864,accu:0.392405,loss_recon:0.414477

8000-loss_z:0.121066,accu:0.990091,loss_recon:0.186472

8000-loss_z:9.699538,accu:0.379747,loss_recon:0.416543

8200-loss_z:0.11651,accu:0.990247,loss_recon:0.184464

8200-loss_z:9.984837,accu:0.379747,loss_recon:0.410504

8400-loss_z:0.10974,accu:0.991074,loss_recon:0.184452

8400-loss_z:10.281537,accu:0.367089,loss_recon:0.401937

8600-loss_z:0.104783,accu:0.995007,loss_recon:0.182014

8600-loss_z:10.606179,accu:0.379747,loss_recon:0.399863

8800-loss_z:0.099016,accu:0.997988,loss_recon:0.18113

8800-loss_z:10.944565,accu:0.379747,loss_recon:0.400144

9000-loss_z:0.094686,accu:0.998034,loss_recon:0.181165

9000-loss_z:11.273765,accu:0.379747,loss_recon:0.405068

9200-loss_z:0.089185,accu:0.998385,loss_recon:0.181439

9200-loss_z:11.576098,accu:0.392405,loss_recon:0.396144

9400-loss_z:0.083292,accu:0.999245,loss_recon:0.179435

9400-loss_z:11.878882,accu:0.379747,loss_recon:0.394002

9600-loss_z:0.079244,accu:0.999759,loss_recon:0.179235

9600-loss_z:12.191514,accu:0.379747,loss_recon:0.394981

9800-loss_z:0.076009,accu:0.999629,loss_recon:0.179299

9800-loss_z:12.523872,accu:0.367089,loss_recon:0.390117

10000-loss_z:0.07242,accu:1.0,loss_recon:0.181154

10000-loss_z:12.896911,accu:0.35443,loss_recon:0.392181

10200-loss_z:0.068937,accu:1.0,loss_recon:0.178358

10200-loss_z:13.25143,accu:0.379747,loss_recon:0.38443

10400-loss_z:0.064582,accu:1.0,loss_recon:0.17837

10400-loss_z:13.633111,accu:0.35443,loss_recon:0.390719

10600-loss_z:0.060807,accu:1.0,loss_recon:0.175653

10600-loss_z:13.972048,accu:0.329114,loss_recon:0.396009

10800-loss_z:0.057836,accu:1.0,loss_recon:0.175554

10800-loss_z:14.327171,accu:0.367089,loss_recon:0.39267

11000-loss_z:0.055231,accu:1.0,loss_recon:0.173209

11000-loss_z:14.71153,accu:0.392405,loss_recon:0.383732

11200-loss_z:0.051367,accu:1.0,loss_recon:0.173744

11200-loss_z:15.093269,accu:0.35443,loss_recon:0.382213

11400-loss_z:0.048752,accu:1.0,loss_recon:0.172181

11400-loss_z:15.476658,accu:0.35443,loss_recon:0.377453

11600-loss_z:0.045125,accu:1.0,loss_recon:0.175243

11600-loss_z:15.832201,accu:0.379747,loss_recon:0.384786

11800-loss_z:0.042963,accu:1.0,loss_recon:0.171018

11800-loss_z:16.19953,accu:0.379747,loss_recon:0.381743

12000-loss_z:0.039731,accu:1.0,loss_recon:0.174025

12000-loss_z:16.594479,accu:0.367089,loss_recon:0.37931

12200-loss_z:0.037823,accu:1.0,loss_recon:0.174008

12200-loss_z:16.863466,accu:0.379747,loss_recon:0.381307

12400-loss_z:0.035646,accu:1.0,loss_recon:0.173779

12400-loss_z:17.26755,accu:0.367089,loss_recon:0.376016

12600-loss_z:0.033981,accu:1.0,loss_recon:0.171541

12600-loss_z:17.52634,accu:0.367089,loss_recon:0.387328

12800-loss_z:0.031751,accu:1.0,loss_recon:0.171399

12800-loss_z:17.887211,accu:0.379747,loss_recon:0.382232

13000-loss_z:0.030312,accu:1.0,loss_recon:0.171981

13000-loss_z:18.200584,accu:0.367089,loss_recon:0.38639

13200-loss_z:0.027878,accu:1.0,loss_recon:0.169517

13200-loss_z:18.547083,accu:0.367089,loss_recon:0.389788

13400-loss_z:0.026265,accu:1.0,loss_recon:0.169491

13400-loss_z:18.855444,accu:0.367089,loss_recon:0.377886

13600-loss_z:0.025084,accu:1.0,loss_recon:0.169689

13600-loss_z:19.197683,accu:0.367089,loss_recon:0.381083

13800-loss_z:0.023379,accu:1.0,loss_recon:0.169038

13800-loss_z:19.529398,accu:0.367089,loss_recon:0.377826

14000-loss_z:0.021715,accu:1.0,loss_recon:0.168972

14000-loss_z:19.833893,accu:0.367089,loss_recon:0.381456

14200-loss_z:0.020366,accu:1.0,loss_recon:0.169971

14200-loss_z:20.161903,accu:0.367089,loss_recon:0.375824

14400-loss_z:0.01918,accu:1.0,loss_recon:0.168823

14400-loss_z:20.531578,accu:0.367089,loss_recon:0.384628

14600-loss_z:0.01798,accu:1.0,loss_recon:0.168939

14600-loss_z:20.775797,accu:0.367089,loss_recon:0.377179

14800-loss_z:0.016665,accu:1.0,loss_recon:0.170438

14800-loss_z:21.117769,accu:0.367089,loss_recon:0.377596

15000-loss_z:0.015693,accu:1.0,loss_recon:0.168883

15000-loss_z:21.419874,accu:0.367089,loss_recon:0.387029

15200-loss_z:0.014746,accu:1.0,loss_recon:0.1714

15200-loss_z:21.718233,accu:0.367089,loss_recon:0.370999

15400-loss_z:0.0138,accu:1.0,loss_recon:0.16908

15400-loss_z:22.066435,accu:0.367089,loss_recon:0.384011

15600-loss_z:0.012924,accu:1.0,loss_recon:0.171239

15600-loss_z:22.313938,accu:0.35443,loss_recon:0.388712

15800-loss_z:0.012168,accu:1.0,loss_recon:0.167902

15800-loss_z:22.630703,accu:0.35443,loss_recon:0.380068

16000-loss_z:0.011422,accu:1.0,loss_recon:0.166428

16000-loss_z:22.912594,accu:0.35443,loss_recon:0.384881

16200-loss_z:0.010579,accu:1.0,loss_recon:0.165794

16200-loss_z:23.195143,accu:0.367089,loss_recon:0.376773

16400-loss_z:0.009951,accu:1.0,loss_recon:0.163933

16400-loss_z:23.484106,accu:0.341772,loss_recon:0.380642

16600-loss_z:0.00926,accu:1.0,loss_recon:0.166686

16600-loss_z:23.804098,accu:0.341772,loss_recon:0.372781

16800-loss_z:0.008652,accu:1.0,loss_recon:0.162819

16800-loss_z:24.040028,accu:0.341772,loss_recon:0.377572

17000-loss_z:0.008004,accu:1.0,loss_recon:0.16499

17000-loss_z:24.345549,accu:0.35443,loss_recon:0.378872

17200-loss_z:0.007575,accu:1.0,loss_recon:0.162401

17200-loss_z:24.631674,accu:0.35443,loss_recon:0.378226

17400-loss_z:0.006989,accu:1.0,loss_recon:0.165354

17400-loss_z:24.905579,accu:0.341772,loss_recon:0.383915

17600-loss_z:0.006522,accu:1.0,loss_recon:0.164621

17600-loss_z:25.188057,accu:0.341772,loss_recon:0.373293

17800-loss_z:0.006062,accu:1.0,loss_recon:0.164717

17800-loss_z:25.443764,accu:0.35443,loss_recon:0.380818

18000-loss_z:0.005548,accu:1.0,loss_recon:0.164253

18000-loss_z:25.746813,accu:0.341772,loss_recon:0.380126

18200-loss_z:0.005189,accu:1.0,loss_recon:0.163371

18200-loss_z:25.972246,accu:0.35443,loss_recon:0.377238

18400-loss_z:0.004976,accu:1.0,loss_recon:0.165438

18400-loss_z:26.284502,accu:0.35443,loss_recon:0.385276

18600-loss_z:0.004603,accu:1.0,loss_recon:0.163443

18600-loss_z:26.596691,accu:0.341772,loss_recon:0.372146

18800-loss_z:0.004227,accu:1.0,loss_recon:0.163101

18800-loss_z:26.862822,accu:0.341772,loss_recon:0.384369

19000-loss_z:0.003945,accu:1.0,loss_recon:0.162035

19000-loss_z:27.149878,accu:0.35443,loss_recon:0.377849

19200-loss_z:0.003591,accu:1.0,loss_recon:0.162307

19200-loss_z:27.407793,accu:0.341772,loss_recon:0.378247

19400-loss_z:0.003323,accu:1.0,loss_recon:0.162656

19400-loss_z:27.744341,accu:0.341772,loss_recon:0.382215

19600-loss_z:0.003095,accu:1.0,loss_recon:0.163537

19600-loss_z:27.971472,accu:0.367089,loss_recon:0.375851

19800-loss_z:0.002841,accu:1.0,loss_recon:0.160907

19800-loss_z:28.244345,accu:0.367089,loss_recon:0.386985

20000-loss_z:0.002692,accu:1.0,loss_recon:0.162664

20000-loss_z:28.556606,accu:0.379747,loss_recon:0.379893

Continue training
New FC model is initialized
200-loss_z:2.473397,accu:0.23008,loss_recon:3.329887

200-loss_z:2.524001,accu:0.088608,loss_recon:1.706912

400-loss_z:1.7915,accu:0.402747,loss_recon:1.191997

400-loss_z:2.448035,accu:0.088608,loss_recon:1.023559

600-loss_z:1.458489,accu:0.514147,loss_recon:0.721723

600-loss_z:2.606994,accu:0.139241,loss_recon:0.982477

800-loss_z:1.256285,accu:0.601504,loss_recon:0.611464

800-loss_z:2.810062,accu:0.189873,loss_recon:0.925635

1000-loss_z:1.10542,accu:0.656204,loss_recon:0.530278

1000-loss_z:3.073716,accu:0.240506,loss_recon:0.884673

1200-loss_z:0.99605,accu:0.695658,loss_recon:0.480856

1200-loss_z:3.412822,accu:0.253165,loss_recon:0.848735

1400-loss_z:0.899621,accu:0.723704,loss_recon:0.443424

1400-loss_z:3.712785,accu:0.265823,loss_recon:0.814867

1600-loss_z:0.81833,accu:0.761419,loss_recon:0.418896

1600-loss_z:4.083987,accu:0.278481,loss_recon:0.792513

1800-loss_z:0.754519,accu:0.788945,loss_recon:0.384281

1800-loss_z:4.43071,accu:0.278481,loss_recon:0.756273

2000-loss_z:0.691597,accu:0.807318,loss_recon:0.358809

2000-loss_z:4.788351,accu:0.291139,loss_recon:0.716194

2200-loss_z:0.637991,accu:0.829089,loss_recon:0.336351

2200-loss_z:5.193812,accu:0.329114,loss_recon:0.689955

2400-loss_z:0.588002,accu:0.850866,loss_recon:0.317281

2400-loss_z:5.56992,accu:0.329114,loss_recon:0.648404

2600-loss_z:0.546021,accu:0.86388,loss_recon:0.301316

2600-loss_z:5.962884,accu:0.35443,loss_recon:0.643211

2800-loss_z:0.507735,accu:0.891139,loss_recon:0.287143

2800-loss_z:6.346656,accu:0.303797,loss_recon:0.622519

3000-loss_z:0.474806,accu:0.908841,loss_recon:0.275775

3000-loss_z:6.723974,accu:0.35443,loss_recon:0.603528

3200-loss_z:0.446436,accu:0.919193,loss_recon:0.256207

3200-loss_z:7.102207,accu:0.367089,loss_recon:0.588449

3400-loss_z:0.419236,accu:0.93334,loss_recon:0.24851

3400-loss_z:7.491836,accu:0.405063,loss_recon:0.581816

3600-loss_z:0.39032,accu:0.941556,loss_recon:0.237541

3600-loss_z:7.924309,accu:0.417722,loss_recon:0.56911

3800-loss_z:0.366,accu:0.954414,loss_recon:0.224593

3800-loss_z:8.336408,accu:0.392405,loss_recon:0.582334

4000-loss_z:0.341983,accu:0.95916,loss_recon:0.21406

4000-loss_z:8.778665,accu:0.379747,loss_recon:0.552739

4200-loss_z:0.324722,accu:0.960697,loss_recon:0.205819

4200-loss_z:9.232416,accu:0.43038,loss_recon:0.545568

4400-loss_z:0.304916,accu:0.968743,loss_recon:0.19802

4400-loss_z:9.690594,accu:0.417722,loss_recon:0.543802

4600-loss_z:0.283463,accu:0.974661,loss_recon:0.19005

4600-loss_z:10.121483,accu:0.443038,loss_recon:0.533621

4800-loss_z:0.266145,accu:0.97679,loss_recon:0.183646

4800-loss_z:10.602849,accu:0.455696,loss_recon:0.53436

5000-loss_z:0.253914,accu:0.976771,loss_recon:0.179776

5000-loss_z:11.067417,accu:0.481013,loss_recon:0.52052

5200-loss_z:0.235581,accu:0.980957,loss_recon:0.175806

5200-loss_z:11.568229,accu:0.468354,loss_recon:0.512495

5400-loss_z:0.221631,accu:0.978522,loss_recon:0.169404

5400-loss_z:12.047803,accu:0.481013,loss_recon:0.498706

5600-loss_z:0.210843,accu:0.981074,loss_recon:0.167997

5600-loss_z:12.549815,accu:0.493671,loss_recon:0.500458

5800-loss_z:0.196306,accu:0.980247,loss_recon:0.164315

5800-loss_z:13.087779,accu:0.493671,loss_recon:0.503178

6000-loss_z:0.183893,accu:0.983392,loss_recon:0.161715

6000-loss_z:13.57653,accu:0.506329,loss_recon:0.503164

6200-loss_z:0.173134,accu:0.983672,loss_recon:0.157842

6200-loss_z:14.086518,accu:0.506329,loss_recon:0.503309

6400-loss_z:0.16117,accu:0.989961,loss_recon:0.156013

6400-loss_z:14.633866,accu:0.493671,loss_recon:0.501306

6600-loss_z:0.151401,accu:0.991693,loss_recon:0.154602

6600-loss_z:15.158238,accu:0.518987,loss_recon:0.515671

6800-loss_z:0.144357,accu:0.99041,loss_recon:0.153623

6800-loss_z:15.711013,accu:0.493671,loss_recon:0.511357

7000-loss_z:0.133585,accu:0.993438,loss_recon:0.152756

7000-loss_z:16.232662,accu:0.506329,loss_recon:0.532282

7200-loss_z:0.123825,accu:0.993607,loss_recon:0.150319

7200-loss_z:16.828503,accu:0.493671,loss_recon:0.546582

7400-loss_z:0.117445,accu:0.994479,loss_recon:0.149746

7400-loss_z:17.360422,accu:0.506329,loss_recon:0.5332

7600-loss_z:0.109431,accu:0.997253,loss_recon:0.148513

7600-loss_z:17.917898,accu:0.506329,loss_recon:0.548035

7800-loss_z:0.101564,accu:0.997279,loss_recon:0.14819

7800-loss_z:18.554541,accu:0.518987,loss_recon:0.528098

8000-loss_z:0.096142,accu:0.999466,loss_recon:0.14653

8000-loss_z:19.134125,accu:0.518987,loss_recon:0.549538

8200-loss_z:0.090961,accu:0.99998,loss_recon:0.146056

8200-loss_z:19.761909,accu:0.518987,loss_recon:0.535096

8400-loss_z:0.085154,accu:0.998997,loss_recon:0.142955

8400-loss_z:20.396994,accu:0.518987,loss_recon:0.545915

8600-loss_z:0.0795,accu:0.999518,loss_recon:0.144713

8600-loss_z:21.032267,accu:0.518987,loss_recon:0.546782

8800-loss_z:0.073839,accu:0.99946,loss_recon:0.143338

8800-loss_z:21.68984,accu:0.493671,loss_recon:0.549679

9000-loss_z:0.069159,accu:0.999759,loss_recon:0.143047

9000-loss_z:22.351728,accu:0.518987,loss_recon:0.538108

9200-loss_z:0.064324,accu:1.0,loss_recon:0.140057

9200-loss_z:23.007175,accu:0.506329,loss_recon:0.545819

9400-loss_z:0.060471,accu:1.0,loss_recon:0.141363

9400-loss_z:23.692371,accu:0.518987,loss_recon:0.558395

9600-loss_z:0.057663,accu:1.0,loss_recon:0.139649

9600-loss_z:24.411983,accu:0.506329,loss_recon:0.561017

9800-loss_z:0.052926,accu:1.0,loss_recon:0.136525

9800-loss_z:25.100576,accu:0.506329,loss_recon:0.538151

10000-loss_z:0.049577,accu:1.0,loss_recon:0.137892

10000-loss_z:25.776474,accu:0.493671,loss_recon:0.54486

10200-loss_z:0.046623,accu:1.0,loss_recon:0.135963

10200-loss_z:26.417345,accu:0.493671,loss_recon:0.551704

10400-loss_z:0.042599,accu:1.0,loss_recon:0.136476

10400-loss_z:27.15764,accu:0.493671,loss_recon:0.551048

10600-loss_z:0.040802,accu:1.0,loss_recon:0.136744

10600-loss_z:27.809795,accu:0.468354,loss_recon:0.543271

10800-loss_z:0.038261,accu:1.0,loss_recon:0.13474

10800-loss_z:28.488844,accu:0.506329,loss_recon:0.552042

11000-loss_z:0.035855,accu:1.0,loss_recon:0.134553

11000-loss_z:29.21302,accu:0.493671,loss_recon:0.561241

11200-loss_z:0.033232,accu:1.0,loss_recon:0.134042

11200-loss_z:29.83256,accu:0.493671,loss_recon:0.540411

11400-loss_z:0.030599,accu:1.0,loss_recon:0.13332

11400-loss_z:30.473278,accu:0.493671,loss_recon:0.53837

11600-loss_z:0.029313,accu:1.0,loss_recon:0.132506

11600-loss_z:31.205334,accu:0.481013,loss_recon:0.54896

11800-loss_z:0.02741,accu:1.0,loss_recon:0.131372

11800-loss_z:31.83285,accu:0.506329,loss_recon:0.553444

12000-loss_z:0.024925,accu:1.0,loss_recon:0.12867

12000-loss_z:32.491093,accu:0.506329,loss_recon:0.547856

12200-loss_z:0.024143,accu:1.0,loss_recon:0.127683

12200-loss_z:33.170582,accu:0.493671,loss_recon:0.553862

12400-loss_z:0.022641,accu:1.0,loss_recon:0.127605

12400-loss_z:33.802891,accu:0.506329,loss_recon:0.544206

12600-loss_z:0.021083,accu:1.0,loss_recon:0.127943

12600-loss_z:34.49641,accu:0.493671,loss_recon:0.547484

12800-loss_z:0.019481,accu:1.0,loss_recon:0.126456

12800-loss_z:35.146755,accu:0.481013,loss_recon:0.543162

13000-loss_z:0.018512,accu:1.0,loss_recon:0.125984

13000-loss_z:35.755756,accu:0.493671,loss_recon:0.538101

13200-loss_z:0.017338,accu:1.0,loss_recon:0.127058

13200-loss_z:36.36834,accu:0.493671,loss_recon:0.541568

13400-loss_z:0.016199,accu:1.0,loss_recon:0.123151

13400-loss_z:37.036438,accu:0.481013,loss_recon:0.544061

13600-loss_z:0.014717,accu:1.0,loss_recon:0.122509

13600-loss_z:37.728428,accu:0.481013,loss_recon:0.532888

13800-loss_z:0.013843,accu:1.0,loss_recon:0.122863

13800-loss_z:38.334843,accu:0.506329,loss_recon:0.542226

14000-loss_z:0.013136,accu:1.0,loss_recon:0.122407

14000-loss_z:38.994205,accu:0.481013,loss_recon:0.535675

14200-loss_z:0.012407,accu:1.0,loss_recon:0.121633

14200-loss_z:39.619686,accu:0.506329,loss_recon:0.548607

14400-loss_z:0.010986,accu:1.0,loss_recon:0.121778

14400-loss_z:40.23806,accu:0.493671,loss_recon:0.547136

14600-loss_z:0.010506,accu:1.0,loss_recon:0.12141

14600-loss_z:40.843876,accu:0.493671,loss_recon:0.540054

14800-loss_z:0.009973,accu:1.0,loss_recon:0.121101

14800-loss_z:41.443954,accu:0.493671,loss_recon:0.562565

15000-loss_z:0.009129,accu:1.0,loss_recon:0.120698

15000-loss_z:42.027164,accu:0.506329,loss_recon:0.541436

15200-loss_z:0.008756,accu:1.0,loss_recon:0.120467

15200-loss_z:42.61792,accu:0.493671,loss_recon:0.552289

15400-loss_z:0.008186,accu:1.0,loss_recon:0.119982

15400-loss_z:43.142906,accu:0.506329,loss_recon:0.548766

15600-loss_z:0.007527,accu:1.0,loss_recon:0.120737

15600-loss_z:43.722958,accu:0.493671,loss_recon:0.550245

15800-loss_z:0.006994,accu:1.0,loss_recon:0.120817

15800-loss_z:44.386173,accu:0.493671,loss_recon:0.541959

16000-loss_z:0.006487,accu:1.0,loss_recon:0.119078

16000-loss_z:44.924751,accu:0.493671,loss_recon:0.540645

16200-loss_z:0.005991,accu:1.0,loss_recon:0.119901

16200-loss_z:45.431648,accu:0.518987,loss_recon:0.559296

16400-loss_z:0.005743,accu:1.0,loss_recon:0.119015

16400-loss_z:46.019318,accu:0.518987,loss_recon:0.551299

16600-loss_z:0.005211,accu:1.0,loss_recon:0.118194

16600-loss_z:46.615086,accu:0.518987,loss_recon:0.5506

16800-loss_z:0.00489,accu:1.0,loss_recon:0.118114

16800-loss_z:47.276245,accu:0.518987,loss_recon:0.541981

17000-loss_z:0.004589,accu:1.0,loss_recon:0.116621

17000-loss_z:47.937817,accu:0.518987,loss_recon:0.535946

17200-loss_z:0.004308,accu:1.0,loss_recon:0.11786

17200-loss_z:48.574242,accu:0.493671,loss_recon:0.539981

17400-loss_z:0.003867,accu:1.0,loss_recon:0.117069

17400-loss_z:49.230251,accu:0.518987,loss_recon:0.539864

17600-loss_z:0.003689,accu:1.0,loss_recon:0.115897

17600-loss_z:49.896736,accu:0.506329,loss_recon:0.555669

17800-loss_z:0.003378,accu:1.0,loss_recon:0.116692

17800-loss_z:50.516579,accu:0.518987,loss_recon:0.538244

18000-loss_z:0.003134,accu:1.0,loss_recon:0.117432

18000-loss_z:51.200935,accu:0.506329,loss_recon:0.536165

18200-loss_z:0.002925,accu:1.0,loss_recon:0.117234

18200-loss_z:51.853565,accu:0.506329,loss_recon:0.547125

18400-loss_z:0.002717,accu:1.0,loss_recon:0.11577

18400-loss_z:52.533554,accu:0.506329,loss_recon:0.533103

18600-loss_z:0.002486,accu:1.0,loss_recon:0.116365

18600-loss_z:53.221611,accu:0.493671,loss_recon:0.548308

18800-loss_z:0.002297,accu:1.0,loss_recon:0.115226

18800-loss_z:53.918365,accu:0.493671,loss_recon:0.532197

19000-loss_z:0.002194,accu:1.0,loss_recon:0.116844

19000-loss_z:54.63868,accu:0.481013,loss_recon:0.537979

19200-loss_z:0.002033,accu:1.0,loss_recon:0.117163

19200-loss_z:55.301617,accu:0.468354,loss_recon:0.531059

19400-loss_z:0.001803,accu:1.0,loss_recon:0.115928

19400-loss_z:55.985092,accu:0.481013,loss_recon:0.525815

19600-loss_z:0.001771,accu:1.0,loss_recon:0.116515

19600-loss_z:56.738411,accu:0.481013,loss_recon:0.540748

19800-loss_z:0.001559,accu:1.0,loss_recon:0.114519

19800-loss_z:57.386288,accu:0.481013,loss_recon:0.538814

20000-loss_z:0.001469,accu:1.0,loss_recon:0.114988

20000-loss_z:58.123367,accu:0.468354,loss_recon:0.541577

Continue training
New FC model is initialized
200-loss_z:2.52104,accu:0.208774,loss_recon:2.727082

200-loss_z:2.526764,accu:0.063291,loss_recon:1.453087

400-loss_z:1.870131,accu:0.351426,loss_recon:0.906446

400-loss_z:2.370537,accu:0.101266,loss_recon:0.943172

600-loss_z:1.545484,accu:0.477806,loss_recon:0.599907

600-loss_z:2.389824,accu:0.126582,loss_recon:0.77951

800-loss_z:1.314174,accu:0.593327,loss_recon:0.485112

800-loss_z:2.562791,accu:0.164557,loss_recon:0.682891

1000-loss_z:1.15361,accu:0.656152,loss_recon:0.414312

1000-loss_z:2.746635,accu:0.189873,loss_recon:0.627192

1200-loss_z:1.024635,accu:0.7089,loss_recon:0.379252

1200-loss_z:2.985563,accu:0.202532,loss_recon:0.579901

1400-loss_z:0.931113,accu:0.743301,loss_recon:0.346895

1400-loss_z:3.263261,accu:0.253165,loss_recon:0.537502

1600-loss_z:0.849298,accu:0.778639,loss_recon:0.312992

1600-loss_z:3.540355,accu:0.278481,loss_recon:0.505463

1800-loss_z:0.782629,accu:0.803698,loss_recon:0.294982

1800-loss_z:3.834665,accu:0.303797,loss_recon:0.474936

2000-loss_z:0.722405,accu:0.821152,loss_recon:0.276057

2000-loss_z:4.136301,accu:0.341772,loss_recon:0.468839

2200-loss_z:0.672401,accu:0.845768,loss_recon:0.268227

2200-loss_z:4.444099,accu:0.367089,loss_recon:0.456796

2400-loss_z:0.625766,accu:0.864915,loss_recon:0.259237

2400-loss_z:4.748907,accu:0.35443,loss_recon:0.45431

2600-loss_z:0.579543,accu:0.877122,loss_recon:0.249378

2600-loss_z:5.088068,accu:0.35443,loss_recon:0.448803

2800-loss_z:0.54722,accu:0.892832,loss_recon:0.247242

2800-loss_z:5.409845,accu:0.35443,loss_recon:0.439491

3000-loss_z:0.512455,accu:0.906374,loss_recon:0.240867

3000-loss_z:5.736671,accu:0.392405,loss_recon:0.438297

3200-loss_z:0.485309,accu:0.91474,loss_recon:0.236056

3200-loss_z:6.057619,accu:0.341772,loss_recon:0.434063

3400-loss_z:0.455868,accu:0.926276,loss_recon:0.233131

3400-loss_z:6.433887,accu:0.417722,loss_recon:0.443316

3600-loss_z:0.426329,accu:0.932324,loss_recon:0.229047

3600-loss_z:6.768051,accu:0.392405,loss_recon:0.427371

3800-loss_z:0.403752,accu:0.942676,loss_recon:0.224103

3800-loss_z:7.076243,accu:0.405063,loss_recon:0.427899

4000-loss_z:0.380525,accu:0.950768,loss_recon:0.222453

4000-loss_z:7.408025,accu:0.379747,loss_recon:0.425501

4200-loss_z:0.361262,accu:0.952103,loss_recon:0.219953

4200-loss_z:7.709766,accu:0.379747,loss_recon:0.412522

4400-loss_z:0.339682,accu:0.959173,loss_recon:0.217032

4400-loss_z:8.07344,accu:0.35443,loss_recon:0.403574

4600-loss_z:0.320137,accu:0.962799,loss_recon:0.208898

4600-loss_z:8.391527,accu:0.405063,loss_recon:0.39777

4800-loss_z:0.306329,accu:0.964342,loss_recon:0.20637

4800-loss_z:8.710492,accu:0.379747,loss_recon:0.382565

5000-loss_z:0.289063,accu:0.967721,loss_recon:0.199874

5000-loss_z:9.06164,accu:0.367089,loss_recon:0.372801

5200-loss_z:0.273768,accu:0.969863,loss_recon:0.19229

5200-loss_z:9.398991,accu:0.379747,loss_recon:0.366481

5400-loss_z:0.258718,accu:0.972656,loss_recon:0.190012

5400-loss_z:9.781089,accu:0.392405,loss_recon:0.366305

5600-loss_z:0.243995,accu:0.974245,loss_recon:0.186193

5600-loss_z:10.133856,accu:0.379747,loss_recon:0.362542

5800-loss_z:0.227898,accu:0.97918,loss_recon:0.180484

5800-loss_z:10.454918,accu:0.405063,loss_recon:0.358713

6000-loss_z:0.216759,accu:0.983678,loss_recon:0.179369

6000-loss_z:10.815015,accu:0.392405,loss_recon:0.359216

6200-loss_z:0.204276,accu:0.982109,loss_recon:0.175936

6200-loss_z:11.170877,accu:0.417722,loss_recon:0.356996

6400-loss_z:0.195194,accu:0.983724,loss_recon:0.172378

6400-loss_z:11.560105,accu:0.392405,loss_recon:0.345357

6600-loss_z:0.181004,accu:0.984987,loss_recon:0.167694

6600-loss_z:11.934136,accu:0.392405,loss_recon:0.343086

6800-loss_z:0.171388,accu:0.986387,loss_recon:0.165903

6800-loss_z:12.329074,accu:0.392405,loss_recon:0.33781

7000-loss_z:0.164015,accu:0.987402,loss_recon:0.163927

7000-loss_z:12.729869,accu:0.392405,loss_recon:0.331378

7200-loss_z:0.15408,accu:0.987546,loss_recon:0.159701

7200-loss_z:13.091182,accu:0.392405,loss_recon:0.322776

7400-loss_z:0.14458,accu:0.989108,loss_recon:0.15821

7400-loss_z:13.478262,accu:0.405063,loss_recon:0.318658

7600-loss_z:0.1357,accu:0.99125,loss_recon:0.156386

7600-loss_z:13.883933,accu:0.405063,loss_recon:0.316714

7800-loss_z:0.130056,accu:0.988685,loss_recon:0.153279

7800-loss_z:14.270904,accu:0.417722,loss_recon:0.31296

8000-loss_z:0.122137,accu:0.990605,loss_recon:0.151344

8000-loss_z:14.665585,accu:0.405063,loss_recon:0.313231

8200-loss_z:0.114185,accu:0.990195,loss_recon:0.151179

8200-loss_z:15.122952,accu:0.405063,loss_recon:0.309667

8400-loss_z:0.108638,accu:0.991712,loss_recon:0.148602

8400-loss_z:15.465631,accu:0.405063,loss_recon:0.307698

8600-loss_z:0.105249,accu:0.991712,loss_recon:0.147607

8600-loss_z:15.838461,accu:0.405063,loss_recon:0.307764

8800-loss_z:0.097457,accu:0.992572,loss_recon:0.144719

8800-loss_z:16.236954,accu:0.405063,loss_recon:0.306635

9000-loss_z:0.093509,accu:0.992435,loss_recon:0.145357

9000-loss_z:16.64435,accu:0.417722,loss_recon:0.304841

9200-loss_z:0.086386,accu:0.996654,loss_recon:0.145816

9200-loss_z:17.118551,accu:0.392405,loss_recon:0.306094

9400-loss_z:0.081897,accu:0.995098,loss_recon:0.143222

9400-loss_z:17.652784,accu:0.379747,loss_recon:0.306767

9600-loss_z:0.077843,accu:0.99707,loss_recon:0.143242

9600-loss_z:18.101316,accu:0.405063,loss_recon:0.303377

9800-loss_z:0.074094,accu:0.997279,loss_recon:0.144737

9800-loss_z:18.664314,accu:0.379747,loss_recon:0.308123

10000-loss_z:0.069745,accu:0.998066,loss_recon:0.14038

10000-loss_z:19.163219,accu:0.43038,loss_recon:0.310843

10200-loss_z:0.06523,accu:0.998802,loss_recon:0.140475

10200-loss_z:19.686861,accu:0.417722,loss_recon:0.306737

10400-loss_z:0.061314,accu:0.999395,loss_recon:0.140461

10400-loss_z:20.232763,accu:0.405063,loss_recon:0.304592

10600-loss_z:0.059162,accu:0.999141,loss_recon:0.141824

10600-loss_z:20.677494,accu:0.43038,loss_recon:0.30535

10800-loss_z:0.055237,accu:1.0,loss_recon:0.140145

10800-loss_z:21.112789,accu:0.405063,loss_recon:0.307123

11000-loss_z:0.052403,accu:1.0,loss_recon:0.137135

11000-loss_z:21.567261,accu:0.405063,loss_recon:0.312153

11200-loss_z:0.049302,accu:0.999798,loss_recon:0.137193

11200-loss_z:21.946779,accu:0.43038,loss_recon:0.314528

11400-loss_z:0.046259,accu:1.0,loss_recon:0.137205

11400-loss_z:22.38273,accu:0.392405,loss_recon:0.31308

11600-loss_z:0.043876,accu:1.0,loss_recon:0.134693

11600-loss_z:22.710421,accu:0.417722,loss_recon:0.319442

11800-loss_z:0.041358,accu:1.0,loss_recon:0.135231

11800-loss_z:23.05547,accu:0.392405,loss_recon:0.321706

12000-loss_z:0.038631,accu:1.0,loss_recon:0.135854

12000-loss_z:23.459448,accu:0.417722,loss_recon:0.31979

12200-loss_z:0.036343,accu:1.0,loss_recon:0.134437

12200-loss_z:23.855009,accu:0.405063,loss_recon:0.319046

12400-loss_z:0.034303,accu:1.0,loss_recon:0.132477

12400-loss_z:24.242937,accu:0.417722,loss_recon:0.31813

12600-loss_z:0.032614,accu:1.0,loss_recon:0.134825

12600-loss_z:24.631227,accu:0.405063,loss_recon:0.323418

12800-loss_z:0.029321,accu:1.0,loss_recon:0.132659

12800-loss_z:24.980759,accu:0.392405,loss_recon:0.319298

13000-loss_z:0.028216,accu:1.0,loss_recon:0.134973

13000-loss_z:25.36721,accu:0.405063,loss_recon:0.31853

13200-loss_z:0.026284,accu:1.0,loss_recon:0.133716

13200-loss_z:25.778551,accu:0.405063,loss_recon:0.320056

13400-loss_z:0.024758,accu:1.0,loss_recon:0.13427

13400-loss_z:26.159369,accu:0.417722,loss_recon:0.320481

13600-loss_z:0.023165,accu:1.0,loss_recon:0.13268

13600-loss_z:26.615246,accu:0.417722,loss_recon:0.321047

13800-loss_z:0.021555,accu:1.0,loss_recon:0.132389

13800-loss_z:26.968819,accu:0.417722,loss_recon:0.320235

14000-loss_z:0.019776,accu:1.0,loss_recon:0.133487

14000-loss_z:27.406107,accu:0.417722,loss_recon:0.31879

14200-loss_z:0.018902,accu:1.0,loss_recon:0.133234

14200-loss_z:27.816816,accu:0.417722,loss_recon:0.318669

14400-loss_z:0.017657,accu:1.0,loss_recon:0.132658

14400-loss_z:28.196587,accu:0.417722,loss_recon:0.32118

14600-loss_z:0.016428,accu:1.0,loss_recon:0.132142

14600-loss_z:28.573486,accu:0.405063,loss_recon:0.324045

14800-loss_z:0.015381,accu:1.0,loss_recon:0.132256

14800-loss_z:28.977415,accu:0.417722,loss_recon:0.324635

15000-loss_z:0.014285,accu:1.0,loss_recon:0.130608

15000-loss_z:29.383718,accu:0.417722,loss_recon:0.32828

15200-loss_z:0.013352,accu:1.0,loss_recon:0.131252

15200-loss_z:29.826082,accu:0.417722,loss_recon:0.328402

15400-loss_z:0.0122,accu:1.0,loss_recon:0.131381

15400-loss_z:30.249567,accu:0.392405,loss_recon:0.32405

15600-loss_z:0.011674,accu:1.0,loss_recon:0.131458

15600-loss_z:30.596312,accu:0.405063,loss_recon:0.32813

15800-loss_z:0.010625,accu:1.0,loss_recon:0.131588

15800-loss_z:31.077532,accu:0.417722,loss_recon:0.329693

16000-loss_z:0.009711,accu:1.0,loss_recon:0.129367

16000-loss_z:31.452154,accu:0.417722,loss_recon:0.321587

16200-loss_z:0.00895,accu:1.0,loss_recon:0.130284

16200-loss_z:31.911402,accu:0.417722,loss_recon:0.327727

16400-loss_z:0.008379,accu:1.0,loss_recon:0.129344

16400-loss_z:32.334209,accu:0.417722,loss_recon:0.329417

16600-loss_z:0.007882,accu:1.0,loss_recon:0.131335

16600-loss_z:32.714596,accu:0.417722,loss_recon:0.332594

16800-loss_z:0.00736,accu:1.0,loss_recon:0.12994

16800-loss_z:33.142662,accu:0.417722,loss_recon:0.326993

17000-loss_z:0.006712,accu:1.0,loss_recon:0.129452

17000-loss_z:33.508751,accu:0.417722,loss_recon:0.324133

17200-loss_z:0.006121,accu:1.0,loss_recon:0.131559

17200-loss_z:33.931992,accu:0.417722,loss_recon:0.3316

17400-loss_z:0.005811,accu:1.0,loss_recon:0.129797

17400-loss_z:34.355492,accu:0.417722,loss_recon:0.328873

17600-loss_z:0.005411,accu:1.0,loss_recon:0.130224

17600-loss_z:34.830025,accu:0.417722,loss_recon:0.323041

17800-loss_z:0.004964,accu:1.0,loss_recon:0.130485

17800-loss_z:35.215923,accu:0.417722,loss_recon:0.336012

18000-loss_z:0.004571,accu:1.0,loss_recon:0.129177

18000-loss_z:35.662003,accu:0.417722,loss_recon:0.332285

18200-loss_z:0.004194,accu:1.0,loss_recon:0.129484

18200-loss_z:36.135578,accu:0.417722,loss_recon:0.332571

18400-loss_z:0.003909,accu:1.0,loss_recon:0.127826

18400-loss_z:36.539234,accu:0.417722,loss_recon:0.330349

18600-loss_z:0.003525,accu:1.0,loss_recon:0.129003

18600-loss_z:37.016529,accu:0.417722,loss_recon:0.32464

18800-loss_z:0.003293,accu:1.0,loss_recon:0.129626

18800-loss_z:37.453033,accu:0.417722,loss_recon:0.325246

19000-loss_z:0.003005,accu:1.0,loss_recon:0.128838

19000-loss_z:37.946995,accu:0.417722,loss_recon:0.324122

19200-loss_z:0.002778,accu:1.0,loss_recon:0.126024

19200-loss_z:38.402718,accu:0.405063,loss_recon:0.331489

19400-loss_z:0.002595,accu:1.0,loss_recon:0.125568

19400-loss_z:38.990894,accu:0.405063,loss_recon:0.33035

19600-loss_z:0.002333,accu:1.0,loss_recon:0.125332

19600-loss_z:39.491375,accu:0.405063,loss_recon:0.327608

19800-loss_z:0.00217,accu:1.0,loss_recon:0.124098

19800-loss_z:39.905209,accu:0.405063,loss_recon:0.337742

20000-loss_z:0.00202,accu:1.0,loss_recon:0.12418

20000-loss_z:40.382545,accu:0.405063,loss_recon:0.34052

Continue training
New FC model is initialized
200-loss_z:2.50867,accu:0.19587,loss_recon:3.275057

200-loss_z:2.568929,accu:0.126582,loss_recon:2.05522

400-loss_z:1.804982,accu:0.369486,loss_recon:1.261197

400-loss_z:2.540197,accu:0.126582,loss_recon:1.050125

600-loss_z:1.466733,accu:0.470111,loss_recon:0.681838

600-loss_z:2.669721,accu:0.101266,loss_recon:0.845129

800-loss_z:1.264436,accu:0.559596,loss_recon:0.52003

800-loss_z:2.85234,accu:0.164557,loss_recon:0.738507

1000-loss_z:1.111545,accu:0.647702,loss_recon:0.431493

1000-loss_z:3.078835,accu:0.126582,loss_recon:0.656332

1200-loss_z:0.987639,accu:0.711322,loss_recon:0.371356

1200-loss_z:3.313222,accu:0.177215,loss_recon:0.607224

1400-loss_z:0.881821,accu:0.75306,loss_recon:0.326371

1400-loss_z:3.570606,accu:0.189873,loss_recon:0.545752

1600-loss_z:0.799128,accu:0.77248,loss_recon:0.292737

1600-loss_z:3.851794,accu:0.21519,loss_recon:0.516142

1800-loss_z:0.738468,accu:0.802767,loss_recon:0.273389

1800-loss_z:4.137475,accu:0.240506,loss_recon:0.486284

2000-loss_z:0.682316,accu:0.839297,loss_recon:0.251654

2000-loss_z:4.464643,accu:0.278481,loss_recon:0.478709

2200-loss_z:0.628888,accu:0.857773,loss_recon:0.236761

2200-loss_z:4.773953,accu:0.278481,loss_recon:0.457984

2400-loss_z:0.58306,accu:0.871842,loss_recon:0.229322

2400-loss_z:5.126193,accu:0.265823,loss_recon:0.451391

2600-loss_z:0.545445,accu:0.88599,loss_recon:0.219893

2600-loss_z:5.457514,accu:0.278481,loss_recon:0.451567

2800-loss_z:0.506519,accu:0.89832,loss_recon:0.212929

2800-loss_z:5.761474,accu:0.303797,loss_recon:0.438427

3000-loss_z:0.48396,accu:0.912285,loss_recon:0.208391

3000-loss_z:6.102578,accu:0.316456,loss_recon:0.445951

3200-loss_z:0.450688,accu:0.92791,loss_recon:0.203731

3200-loss_z:6.423288,accu:0.35443,loss_recon:0.444472

3400-loss_z:0.424162,accu:0.933626,loss_recon:0.198034

3400-loss_z:6.746382,accu:0.329114,loss_recon:0.443148

3600-loss_z:0.399195,accu:0.941361,loss_recon:0.19398

3600-loss_z:7.038214,accu:0.35443,loss_recon:0.446079

3800-loss_z:0.376861,accu:0.944303,loss_recon:0.188711

3800-loss_z:7.363822,accu:0.367089,loss_recon:0.439273

4000-loss_z:0.356325,accu:0.950013,loss_recon:0.186182

4000-loss_z:7.663639,accu:0.35443,loss_recon:0.440553

4200-loss_z:0.33672,accu:0.954876,loss_recon:0.184652

4200-loss_z:7.970977,accu:0.379747,loss_recon:0.448748

4400-loss_z:0.316947,accu:0.95487,loss_recon:0.181219

4400-loss_z:8.290692,accu:0.379747,loss_recon:0.444964

4600-loss_z:0.300883,accu:0.959805,loss_recon:0.180431

4600-loss_z:8.614357,accu:0.392405,loss_recon:0.441669

4800-loss_z:0.280404,accu:0.964388,loss_recon:0.179292

4800-loss_z:8.92171,accu:0.405063,loss_recon:0.441014

5000-loss_z:0.263656,accu:0.967253,loss_recon:0.175359

5000-loss_z:9.245801,accu:0.392405,loss_recon:0.439231

5200-loss_z:0.246569,accu:0.97319,loss_recon:0.174492

5200-loss_z:9.559525,accu:0.379747,loss_recon:0.451567

5400-loss_z:0.233176,accu:0.975579,loss_recon:0.173289

5400-loss_z:9.890092,accu:0.379747,loss_recon:0.438568

5600-loss_z:0.219421,accu:0.977604,loss_recon:0.171602

5600-loss_z:10.226632,accu:0.405063,loss_recon:0.455125

5800-loss_z:0.207609,accu:0.980697,loss_recon:0.172107

5800-loss_z:10.546658,accu:0.405063,loss_recon:0.436595

6000-loss_z:0.197578,accu:0.982168,loss_recon:0.169675

6000-loss_z:10.874609,accu:0.405063,loss_recon:0.442604

6200-loss_z:0.184392,accu:0.983874,loss_recon:0.16564

6200-loss_z:11.180406,accu:0.417722,loss_recon:0.450771

6400-loss_z:0.175163,accu:0.98459,loss_recon:0.165977

6400-loss_z:11.476166,accu:0.417722,loss_recon:0.456534

6600-loss_z:0.167456,accu:0.985527,loss_recon:0.165668

6600-loss_z:11.775466,accu:0.417722,loss_recon:0.458067

6800-loss_z:0.155912,accu:0.984694,loss_recon:0.163542

6800-loss_z:12.019065,accu:0.43038,loss_recon:0.457246

7000-loss_z:0.146321,accu:0.986556,loss_recon:0.163045

7000-loss_z:12.234468,accu:0.43038,loss_recon:0.458467

7200-loss_z:0.139014,accu:0.988177,loss_recon:0.161808

7200-loss_z:12.42722,accu:0.417722,loss_recon:0.455125

7400-loss_z:0.129897,accu:0.988893,loss_recon:0.160671

7400-loss_z:12.61531,accu:0.468354,loss_recon:0.467969

7600-loss_z:0.123478,accu:0.988255,loss_recon:0.160869

7600-loss_z:12.815517,accu:0.468354,loss_recon:0.462358

7800-loss_z:0.116522,accu:0.989505,loss_recon:0.16089

7800-loss_z:12.910964,accu:0.481013,loss_recon:0.461999

8000-loss_z:0.110295,accu:0.990736,loss_recon:0.160673

8000-loss_z:13.096326,accu:0.468354,loss_recon:0.470375

8200-loss_z:0.103124,accu:0.992578,loss_recon:0.160698

8200-loss_z:13.298737,accu:0.443038,loss_recon:0.458778

8400-loss_z:0.099056,accu:0.991693,loss_recon:0.160366

8400-loss_z:13.525168,accu:0.455696,loss_recon:0.46238

8600-loss_z:0.091608,accu:0.993737,loss_recon:0.160683

8600-loss_z:13.794894,accu:0.455696,loss_recon:0.454978

8800-loss_z:0.088357,accu:0.995358,loss_recon:0.158748

8800-loss_z:14.153827,accu:0.443038,loss_recon:0.466717

9000-loss_z:0.081969,accu:0.997148,loss_recon:0.158351

9000-loss_z:14.540398,accu:0.455696,loss_recon:0.458514

9200-loss_z:0.077925,accu:0.997012,loss_recon:0.158747

9200-loss_z:14.952049,accu:0.443038,loss_recon:0.456266

9400-loss_z:0.072137,accu:0.999017,loss_recon:0.158117

9400-loss_z:15.372128,accu:0.443038,loss_recon:0.464331

9600-loss_z:0.069433,accu:0.998613,loss_recon:0.156872

9600-loss_z:15.531611,accu:0.443038,loss_recon:0.456855

9800-loss_z:0.063917,accu:0.998281,loss_recon:0.154558

9800-loss_z:15.692208,accu:0.481013,loss_recon:0.459514

10000-loss_z:0.0601,accu:0.999616,loss_recon:0.1516

10000-loss_z:15.976665,accu:0.468354,loss_recon:0.461009

10200-loss_z:0.056074,accu:0.99931,loss_recon:0.153972

10200-loss_z:16.237619,accu:0.481013,loss_recon:0.463622

10400-loss_z:0.053068,accu:0.999837,loss_recon:0.152826

10400-loss_z:16.639025,accu:0.455696,loss_recon:0.45793

10600-loss_z:0.04991,accu:1.0,loss_recon:0.15348

10600-loss_z:17.058191,accu:0.468354,loss_recon:0.459415

10800-loss_z:0.045229,accu:0.999896,loss_recon:0.153419

10800-loss_z:17.462751,accu:0.443038,loss_recon:0.454264

11000-loss_z:0.042586,accu:1.0,loss_recon:0.150923

11000-loss_z:17.973877,accu:0.455696,loss_recon:0.455249

11200-loss_z:0.039582,accu:1.0,loss_recon:0.151356

11200-loss_z:18.418247,accu:0.468354,loss_recon:0.465881

11400-loss_z:0.037279,accu:1.0,loss_recon:0.149853

11400-loss_z:18.991011,accu:0.468354,loss_recon:0.47262

11600-loss_z:0.035372,accu:1.0,loss_recon:0.150896

11600-loss_z:19.541443,accu:0.481013,loss_recon:0.46934

11800-loss_z:0.033402,accu:1.0,loss_recon:0.148714

11800-loss_z:20.118742,accu:0.481013,loss_recon:0.474313

12000-loss_z:0.030855,accu:1.0,loss_recon:0.149675

12000-loss_z:20.577812,accu:0.506329,loss_recon:0.476044

12200-loss_z:0.029257,accu:1.0,loss_recon:0.149427

12200-loss_z:21.144539,accu:0.493671,loss_recon:0.476173

12400-loss_z:0.027131,accu:1.0,loss_recon:0.148105

12400-loss_z:21.684389,accu:0.481013,loss_recon:0.4742

12600-loss_z:0.025795,accu:1.0,loss_recon:0.149438

12600-loss_z:22.214735,accu:0.481013,loss_recon:0.476091

12800-loss_z:0.02462,accu:1.0,loss_recon:0.147297

12800-loss_z:22.734396,accu:0.468354,loss_recon:0.473625

13000-loss_z:0.022927,accu:1.0,loss_recon:0.148604

13000-loss_z:23.323421,accu:0.481013,loss_recon:0.475479

13200-loss_z:0.021249,accu:1.0,loss_recon:0.147057

13200-loss_z:23.841743,accu:0.468354,loss_recon:0.468301

13400-loss_z:0.020025,accu:1.0,loss_recon:0.146397

13400-loss_z:24.352631,accu:0.468354,loss_recon:0.478812

13600-loss_z:0.018418,accu:1.0,loss_recon:0.145043

13600-loss_z:24.741491,accu:0.455696,loss_recon:0.486591

13800-loss_z:0.017226,accu:1.0,loss_recon:0.146723

13800-loss_z:25.18981,accu:0.468354,loss_recon:0.466503

14000-loss_z:0.016201,accu:1.0,loss_recon:0.147147

14000-loss_z:25.503256,accu:0.443038,loss_recon:0.472988

14200-loss_z:0.015351,accu:1.0,loss_recon:0.145681

14200-loss_z:25.822273,accu:0.443038,loss_recon:0.489896

14400-loss_z:0.014184,accu:1.0,loss_recon:0.146334

14400-loss_z:26.233492,accu:0.455696,loss_recon:0.467979

14600-loss_z:0.012956,accu:1.0,loss_recon:0.145346

14600-loss_z:26.467493,accu:0.455696,loss_recon:0.483871

14800-loss_z:0.012159,accu:1.0,loss_recon:0.146268

14800-loss_z:26.724585,accu:0.443038,loss_recon:0.467069

15000-loss_z:0.011407,accu:1.0,loss_recon:0.14478

15000-loss_z:26.910202,accu:0.443038,loss_recon:0.469005

15200-loss_z:0.010527,accu:1.0,loss_recon:0.147496

15200-loss_z:27.160583,accu:0.443038,loss_recon:0.480729

15400-loss_z:0.009751,accu:1.0,loss_recon:0.14608

15400-loss_z:27.417175,accu:0.455696,loss_recon:0.475562

15600-loss_z:0.00911,accu:1.0,loss_recon:0.146358

15600-loss_z:27.560587,accu:0.443038,loss_recon:0.478505

15800-loss_z:0.008537,accu:1.0,loss_recon:0.144561

15800-loss_z:27.779785,accu:0.443038,loss_recon:0.476582

16000-loss_z:0.007678,accu:1.0,loss_recon:0.14359

16000-loss_z:27.926453,accu:0.43038,loss_recon:0.472323

16200-loss_z:0.007195,accu:1.0,loss_recon:0.145384

16200-loss_z:28.049437,accu:0.443038,loss_recon:0.480794

16400-loss_z:0.0068,accu:1.0,loss_recon:0.146791

16400-loss_z:28.207863,accu:0.455696,loss_recon:0.478643

16600-loss_z:0.0064,accu:1.0,loss_recon:0.14643

16600-loss_z:28.316036,accu:0.443038,loss_recon:0.480652

16800-loss_z:0.005795,accu:1.0,loss_recon:0.145735

16800-loss_z:28.481922,accu:0.443038,loss_recon:0.478006

17000-loss_z:0.005345,accu:1.0,loss_recon:0.143508

17000-loss_z:28.541599,accu:0.443038,loss_recon:0.476014

17200-loss_z:0.0048,accu:1.0,loss_recon:0.143696

17200-loss_z:28.730179,accu:0.443038,loss_recon:0.482691

17400-loss_z:0.00456,accu:1.0,loss_recon:0.145354

17400-loss_z:28.912823,accu:0.443038,loss_recon:0.484784

17600-loss_z:0.004095,accu:1.0,loss_recon:0.144115

17600-loss_z:29.081036,accu:0.443038,loss_recon:0.484073

17800-loss_z:0.003847,accu:1.0,loss_recon:0.143515

17800-loss_z:29.263483,accu:0.443038,loss_recon:0.485374

18000-loss_z:0.003646,accu:1.0,loss_recon:0.144878

18000-loss_z:29.475262,accu:0.443038,loss_recon:0.474017

18200-loss_z:0.003164,accu:1.0,loss_recon:0.144563

18200-loss_z:29.619913,accu:0.443038,loss_recon:0.484589

18400-loss_z:0.002963,accu:1.0,loss_recon:0.144045

18400-loss_z:29.794313,accu:0.443038,loss_recon:0.481032

18600-loss_z:0.002683,accu:1.0,loss_recon:0.144966

18600-loss_z:30.023872,accu:0.443038,loss_recon:0.484824

18800-loss_z:0.002508,accu:1.0,loss_recon:0.144746

18800-loss_z:30.122852,accu:0.455696,loss_recon:0.493656

19000-loss_z:0.002345,accu:1.0,loss_recon:0.144499

19000-loss_z:30.301819,accu:0.455696,loss_recon:0.500084

19200-loss_z:0.002174,accu:1.0,loss_recon:0.145047

19200-loss_z:30.439342,accu:0.455696,loss_recon:0.490776

19400-loss_z:0.002005,accu:1.0,loss_recon:0.145432

19400-loss_z:30.740643,accu:0.443038,loss_recon:0.472875

19600-loss_z:0.001779,accu:1.0,loss_recon:0.147054

19600-loss_z:30.710363,accu:0.455696,loss_recon:0.491785

19800-loss_z:0.001637,accu:1.0,loss_recon:0.145866

19800-loss_z:30.955114,accu:0.443038,loss_recon:0.484637

20000-loss_z:0.001532,accu:1.0,loss_recon:0.144824

20000-loss_z:31.171692,accu:0.443038,loss_recon:0.489441

Continue training
New FC model is initialized
200-loss_z:2.451249,accu:0.231039,loss_recon:2.877563

200-loss_z:2.573459,accu:0.139241,loss_recon:1.6348

400-loss_z:1.725951,accu:0.393991,loss_recon:0.966513

400-loss_z:2.485786,accu:0.139241,loss_recon:0.932328

600-loss_z:1.40413,accu:0.520918,loss_recon:0.630564

600-loss_z:2.552694,accu:0.202532,loss_recon:0.74943

800-loss_z:1.204457,accu:0.619746,loss_recon:0.497727

800-loss_z:2.741023,accu:0.240506,loss_recon:0.675292

1000-loss_z:1.064757,accu:0.688411,loss_recon:0.436039

1000-loss_z:2.966819,accu:0.202532,loss_recon:0.647302

1200-loss_z:0.937667,accu:0.751283,loss_recon:0.385682

1200-loss_z:3.231449,accu:0.265823,loss_recon:0.606493

1400-loss_z:0.842333,accu:0.794134,loss_recon:0.348287

1400-loss_z:3.56034,accu:0.253165,loss_recon:0.596392

1600-loss_z:0.756721,accu:0.835697,loss_recon:0.319405

1600-loss_z:3.901031,accu:0.329114,loss_recon:0.578419

1800-loss_z:0.686154,accu:0.858672,loss_recon:0.301935

1800-loss_z:4.215679,accu:0.303797,loss_recon:0.56585

2000-loss_z:0.629152,accu:0.877051,loss_recon:0.289013

2000-loss_z:4.572573,accu:0.329114,loss_recon:0.558561

2200-loss_z:0.572399,accu:0.891738,loss_recon:0.271837

2200-loss_z:4.944067,accu:0.35443,loss_recon:0.570673

2400-loss_z:0.531462,accu:0.899837,loss_recon:0.265841

2400-loss_z:5.337511,accu:0.329114,loss_recon:0.556215

2600-loss_z:0.487024,accu:0.905827,loss_recon:0.251676

2600-loss_z:5.696745,accu:0.35443,loss_recon:0.554202

2800-loss_z:0.451226,accu:0.909642,loss_recon:0.241898

2800-loss_z:6.071752,accu:0.329114,loss_recon:0.541455

3000-loss_z:0.420638,accu:0.9136,loss_recon:0.233358

3000-loss_z:6.408037,accu:0.35443,loss_recon:0.524005

3200-loss_z:0.392316,accu:0.916986,loss_recon:0.227115

3200-loss_z:6.749952,accu:0.35443,loss_recon:0.523902

3400-loss_z:0.364397,accu:0.920176,loss_recon:0.219797

3400-loss_z:7.070116,accu:0.367089,loss_recon:0.516305

3600-loss_z:0.337611,accu:0.926361,loss_recon:0.214489

3600-loss_z:7.433432,accu:0.367089,loss_recon:0.506227

3800-loss_z:0.317411,accu:0.932207,loss_recon:0.208428

3800-loss_z:7.787367,accu:0.367089,loss_recon:0.503928

4000-loss_z:0.294456,accu:0.938086,loss_recon:0.20204

4000-loss_z:8.121752,accu:0.367089,loss_recon:0.500564

4200-loss_z:0.276542,accu:0.937363,loss_recon:0.198306

4200-loss_z:8.491184,accu:0.35443,loss_recon:0.483683

4400-loss_z:0.260749,accu:0.94918,loss_recon:0.193096

4400-loss_z:8.820798,accu:0.35443,loss_recon:0.467371

4600-loss_z:0.242902,accu:0.951439,loss_recon:0.190682

4600-loss_z:9.161477,accu:0.329114,loss_recon:0.461249

4800-loss_z:0.228662,accu:0.956895,loss_recon:0.186426

4800-loss_z:9.516075,accu:0.341772,loss_recon:0.449198

5000-loss_z:0.216206,accu:0.957747,loss_recon:0.179611

5000-loss_z:9.830308,accu:0.35443,loss_recon:0.442492

5200-loss_z:0.204665,accu:0.964004,loss_recon:0.176834

5200-loss_z:10.186832,accu:0.341772,loss_recon:0.43981

5400-loss_z:0.190302,accu:0.967227,loss_recon:0.173331

5400-loss_z:10.527594,accu:0.35443,loss_recon:0.433977

5600-loss_z:0.18078,accu:0.971673,loss_recon:0.170975

5600-loss_z:10.847737,accu:0.379747,loss_recon:0.426046

5800-loss_z:0.169938,accu:0.975104,loss_recon:0.169358

5800-loss_z:11.155784,accu:0.392405,loss_recon:0.431106

6000-loss_z:0.159603,accu:0.977943,loss_recon:0.16919

6000-loss_z:11.495054,accu:0.405063,loss_recon:0.430384

6200-loss_z:0.150113,accu:0.984336,loss_recon:0.167828

6200-loss_z:11.842646,accu:0.392405,loss_recon:0.417381

6400-loss_z:0.144748,accu:0.9825,loss_recon:0.168416

6400-loss_z:12.178879,accu:0.367089,loss_recon:0.422832

6600-loss_z:0.134977,accu:0.986693,loss_recon:0.164345

6600-loss_z:12.505745,accu:0.392405,loss_recon:0.420667

6800-loss_z:0.126478,accu:0.987858,loss_recon:0.162951

6800-loss_z:12.876058,accu:0.392405,loss_recon:0.42023

7000-loss_z:0.121185,accu:0.988958,loss_recon:0.162328

7000-loss_z:13.218444,accu:0.405063,loss_recon:0.429412

7200-loss_z:0.112086,accu:0.990592,loss_recon:0.161525

7200-loss_z:13.579717,accu:0.405063,loss_recon:0.428209

7400-loss_z:0.10855,accu:0.990449,loss_recon:0.160437

7400-loss_z:13.947397,accu:0.379747,loss_recon:0.430463

7600-loss_z:0.101943,accu:0.993796,loss_recon:0.159431

7600-loss_z:14.27624,accu:0.392405,loss_recon:0.423691

7800-loss_z:0.09564,accu:0.992975,loss_recon:0.158885

7800-loss_z:14.656133,accu:0.405063,loss_recon:0.425541

8000-loss_z:0.091136,accu:0.995182,loss_recon:0.158093

8000-loss_z:15.003602,accu:0.392405,loss_recon:0.422632

8200-loss_z:0.088099,accu:0.996341,loss_recon:0.155676

8200-loss_z:15.374156,accu:0.392405,loss_recon:0.421581

8400-loss_z:0.082322,accu:0.996621,loss_recon:0.154955

8400-loss_z:15.804483,accu:0.405063,loss_recon:0.42135

8600-loss_z:0.078492,accu:0.9986,loss_recon:0.154264

8600-loss_z:16.192795,accu:0.405063,loss_recon:0.422501

8800-loss_z:0.072781,accu:0.998626,loss_recon:0.155322

8800-loss_z:16.615631,accu:0.417722,loss_recon:0.416673

9000-loss_z:0.06938,accu:0.999544,loss_recon:0.152888

9000-loss_z:17.05994,accu:0.417722,loss_recon:0.425167

9200-loss_z:0.065315,accu:0.999837,loss_recon:0.151475

9200-loss_z:17.45809,accu:0.405063,loss_recon:0.413626

9400-loss_z:0.062,accu:0.999681,loss_recon:0.151218

9400-loss_z:17.827551,accu:0.417722,loss_recon:0.421155

9600-loss_z:0.059395,accu:1.0,loss_recon:0.152809

9600-loss_z:18.267561,accu:0.43038,loss_recon:0.417096

9800-loss_z:0.056115,accu:1.0,loss_recon:0.150407

9800-loss_z:18.684004,accu:0.405063,loss_recon:0.427675

10000-loss_z:0.051949,accu:1.0,loss_recon:0.151072

10000-loss_z:19.147554,accu:0.417722,loss_recon:0.414274

10200-loss_z:0.049393,accu:1.0,loss_recon:0.148865

10200-loss_z:19.572554,accu:0.392405,loss_recon:0.425522

10400-loss_z:0.047165,accu:1.0,loss_recon:0.148241

10400-loss_z:20.037846,accu:0.43038,loss_recon:0.423107

10600-loss_z:0.043708,accu:1.0,loss_recon:0.149545

10600-loss_z:20.418697,accu:0.405063,loss_recon:0.422545

10800-loss_z:0.041134,accu:1.0,loss_recon:0.150862

10800-loss_z:20.887638,accu:0.405063,loss_recon:0.422682

11000-loss_z:0.038187,accu:1.0,loss_recon:0.148914

11000-loss_z:21.389719,accu:0.43038,loss_recon:0.419452

11200-loss_z:0.036854,accu:1.0,loss_recon:0.147563

11200-loss_z:21.880171,accu:0.43038,loss_recon:0.423406

11400-loss_z:0.033541,accu:1.0,loss_recon:0.147927

11400-loss_z:22.350832,accu:0.417722,loss_recon:0.426329

11600-loss_z:0.031905,accu:1.0,loss_recon:0.148124

11600-loss_z:22.865021,accu:0.43038,loss_recon:0.415484

11800-loss_z:0.029533,accu:1.0,loss_recon:0.146157

11800-loss_z:23.38982,accu:0.43038,loss_recon:0.419657

12000-loss_z:0.028078,accu:1.0,loss_recon:0.145583

12000-loss_z:23.852732,accu:0.443038,loss_recon:0.428987

12200-loss_z:0.026603,accu:1.0,loss_recon:0.145193

12200-loss_z:24.322163,accu:0.468354,loss_recon:0.424437

12400-loss_z:0.025294,accu:1.0,loss_recon:0.146576

12400-loss_z:24.907377,accu:0.468354,loss_recon:0.413665

12600-loss_z:0.022906,accu:1.0,loss_recon:0.144337

12600-loss_z:25.459688,accu:0.455696,loss_recon:0.42266

12800-loss_z:0.021486,accu:1.0,loss_recon:0.145619

12800-loss_z:26.042444,accu:0.468354,loss_recon:0.421382

13000-loss_z:0.020532,accu:1.0,loss_recon:0.14201

13000-loss_z:26.539961,accu:0.468354,loss_recon:0.430941

13200-loss_z:0.019343,accu:1.0,loss_recon:0.142142

13200-loss_z:27.08827,accu:0.481013,loss_recon:0.43307

13400-loss_z:0.018073,accu:1.0,loss_recon:0.142752

13400-loss_z:27.620211,accu:0.468354,loss_recon:0.415094

13600-loss_z:0.016607,accu:1.0,loss_recon:0.140559

13600-loss_z:28.094112,accu:0.481013,loss_recon:0.421006

13800-loss_z:0.015802,accu:1.0,loss_recon:0.140617

13800-loss_z:28.615702,accu:0.468354,loss_recon:0.41132

14000-loss_z:0.014633,accu:1.0,loss_recon:0.139137

14000-loss_z:29.098871,accu:0.443038,loss_recon:0.413225

14200-loss_z:0.013995,accu:1.0,loss_recon:0.138567

14200-loss_z:29.602575,accu:0.455696,loss_recon:0.418519

14400-loss_z:0.01283,accu:1.0,loss_recon:0.139284

14400-loss_z:30.114981,accu:0.455696,loss_recon:0.414294

14600-loss_z:0.011733,accu:1.0,loss_recon:0.135719

14600-loss_z:30.51959,accu:0.481013,loss_recon:0.41502

14800-loss_z:0.01125,accu:1.0,loss_recon:0.136982

14800-loss_z:30.925144,accu:0.455696,loss_recon:0.409006

15000-loss_z:0.010419,accu:1.0,loss_recon:0.134631

15000-loss_z:31.33353,accu:0.443038,loss_recon:0.415256

15200-loss_z:0.009838,accu:1.0,loss_recon:0.136094

15200-loss_z:31.801119,accu:0.455696,loss_recon:0.418351

15400-loss_z:0.009165,accu:1.0,loss_recon:0.135838

15400-loss_z:32.262005,accu:0.443038,loss_recon:0.414985

15600-loss_z:0.008571,accu:1.0,loss_recon:0.136418

15600-loss_z:32.71455,accu:0.455696,loss_recon:0.407118

15800-loss_z:0.008099,accu:1.0,loss_recon:0.134605

15800-loss_z:33.171623,accu:0.443038,loss_recon:0.416776

16000-loss_z:0.007391,accu:1.0,loss_recon:0.132634

16000-loss_z:33.576706,accu:0.43038,loss_recon:0.42333

16200-loss_z:0.006913,accu:1.0,loss_recon:0.133127

16200-loss_z:33.955704,accu:0.468354,loss_recon:0.410974

16400-loss_z:0.006376,accu:1.0,loss_recon:0.132155

16400-loss_z:34.47002,accu:0.443038,loss_recon:0.416956

16600-loss_z:0.005858,accu:1.0,loss_recon:0.130819

16600-loss_z:34.830803,accu:0.455696,loss_recon:0.408899

16800-loss_z:0.005416,accu:1.0,loss_recon:0.130845

16800-loss_z:35.158066,accu:0.455696,loss_recon:0.411318

17000-loss_z:0.0051,accu:1.0,loss_recon:0.129267

17000-loss_z:35.471737,accu:0.455696,loss_recon:0.411555

17200-loss_z:0.004559,accu:1.0,loss_recon:0.129293

17200-loss_z:35.80011,accu:0.443038,loss_recon:0.409392

17400-loss_z:0.004466,accu:1.0,loss_recon:0.131141

17400-loss_z:36.137875,accu:0.468354,loss_recon:0.406481

17600-loss_z:0.00406,accu:1.0,loss_recon:0.129731

17600-loss_z:36.333698,accu:0.455696,loss_recon:0.409794

17800-loss_z:0.003796,accu:1.0,loss_recon:0.129448

17800-loss_z:36.431499,accu:0.455696,loss_recon:0.41305

18000-loss_z:0.003433,accu:1.0,loss_recon:0.128893

18000-loss_z:36.585201,accu:0.468354,loss_recon:0.412666

18200-loss_z:0.003262,accu:1.0,loss_recon:0.128889

18200-loss_z:36.812305,accu:0.455696,loss_recon:0.400696

18400-loss_z:0.002995,accu:1.0,loss_recon:0.127519

18400-loss_z:37.009384,accu:0.443038,loss_recon:0.415017

18600-loss_z:0.002758,accu:1.0,loss_recon:0.128696

18600-loss_z:37.229328,accu:0.455696,loss_recon:0.407464

18800-loss_z:0.002596,accu:1.0,loss_recon:0.128761

18800-loss_z:37.616184,accu:0.443038,loss_recon:0.407576

19000-loss_z:0.002336,accu:1.0,loss_recon:0.126964

19000-loss_z:37.948826,accu:0.455696,loss_recon:0.40586

19200-loss_z:0.002232,accu:1.0,loss_recon:0.129514

19200-loss_z:38.324131,accu:0.443038,loss_recon:0.407202

19400-loss_z:0.001993,accu:1.0,loss_recon:0.127285

19400-loss_z:38.662037,accu:0.443038,loss_recon:0.412229

19600-loss_z:0.001849,accu:1.0,loss_recon:0.127414

19600-loss_z:39.207886,accu:0.443038,loss_recon:0.414391

19800-loss_z:0.001699,accu:1.0,loss_recon:0.129406

19800-loss_z:39.617126,accu:0.43038,loss_recon:0.411439

20000-loss_z:0.001658,accu:1.0,loss_recon:0.127339

20000-loss_z:40.066528,accu:0.443038,loss_recon:0.411698

Continue training
New FC model is initialized
200-loss_z:2.44725,accu:0.190545,loss_recon:2.791293

200-loss_z:2.528157,accu:0.075949,loss_recon:1.62441

400-loss_z:1.811038,accu:0.329492,loss_recon:1.005583

400-loss_z:2.44292,accu:0.088608,loss_recon:0.92736

600-loss_z:1.498153,accu:0.488268,loss_recon:0.66305

600-loss_z:2.498996,accu:0.139241,loss_recon:0.78469

800-loss_z:1.286474,accu:0.600052,loss_recon:0.521892

800-loss_z:2.629637,accu:0.139241,loss_recon:0.712394

1000-loss_z:1.130687,accu:0.646745,loss_recon:0.44833

1000-loss_z:2.836843,accu:0.202532,loss_recon:0.68346

1200-loss_z:1.010863,accu:0.707839,loss_recon:0.403866

1200-loss_z:3.037911,accu:0.253165,loss_recon:0.657493

1400-loss_z:0.911941,accu:0.757272,loss_recon:0.372682

1400-loss_z:3.346419,accu:0.278481,loss_recon:0.643607

1600-loss_z:0.830191,accu:0.793105,loss_recon:0.349831

1600-loss_z:3.673841,accu:0.291139,loss_recon:0.619018

1800-loss_z:0.758115,accu:0.824271,loss_recon:0.333033

1800-loss_z:3.964563,accu:0.291139,loss_recon:0.590637

2000-loss_z:0.700918,accu:0.83459,loss_recon:0.312002

2000-loss_z:4.331715,accu:0.303797,loss_recon:0.593078

2200-loss_z:0.648265,accu:0.859596,loss_recon:0.293568

2200-loss_z:4.650505,accu:0.341772,loss_recon:0.580345

2400-loss_z:0.6021,accu:0.88235,loss_recon:0.27867

2400-loss_z:5.025096,accu:0.316456,loss_recon:0.566102

2600-loss_z:0.56353,accu:0.897533,loss_recon:0.263324

2600-loss_z:5.412733,accu:0.367089,loss_recon:0.552228

2800-loss_z:0.525118,accu:0.912793,loss_recon:0.249824

2800-loss_z:5.796855,accu:0.341772,loss_recon:0.55048

3000-loss_z:0.495354,accu:0.924759,loss_recon:0.240541

3000-loss_z:6.186268,accu:0.379747,loss_recon:0.540212

3200-loss_z:0.463299,accu:0.928359,loss_recon:0.228126

3200-loss_z:6.5637,accu:0.341772,loss_recon:0.524336

3400-loss_z:0.433345,accu:0.939635,loss_recon:0.215605

3400-loss_z:6.954569,accu:0.35443,loss_recon:0.518997

3600-loss_z:0.410003,accu:0.945469,loss_recon:0.208673

3600-loss_z:7.310378,accu:0.367089,loss_recon:0.529664

3800-loss_z:0.383329,accu:0.955085,loss_recon:0.204343

3800-loss_z:7.735451,accu:0.379747,loss_recon:0.512547

4000-loss_z:0.359693,accu:0.953639,loss_recon:0.201521

4000-loss_z:8.098522,accu:0.379747,loss_recon:0.502472

4200-loss_z:0.343834,accu:0.960117,loss_recon:0.1949

4200-loss_z:8.533478,accu:0.405063,loss_recon:0.494914

4400-loss_z:0.324106,accu:0.968405,loss_recon:0.19146

4400-loss_z:8.912975,accu:0.367089,loss_recon:0.479766

4600-loss_z:0.303411,accu:0.974635,loss_recon:0.187195

4600-loss_z:9.332267,accu:0.405063,loss_recon:0.482647

4800-loss_z:0.289219,accu:0.976439,loss_recon:0.183717

4800-loss_z:9.735744,accu:0.43038,loss_recon:0.48907

5000-loss_z:0.276063,accu:0.980586,loss_recon:0.180947

5000-loss_z:10.16334,accu:0.417722,loss_recon:0.480506

5200-loss_z:0.257873,accu:0.982617,loss_recon:0.177621

5200-loss_z:10.58547,accu:0.43038,loss_recon:0.481051

5400-loss_z:0.244132,accu:0.985091,loss_recon:0.178455

5400-loss_z:11.036427,accu:0.417722,loss_recon:0.475516

5600-loss_z:0.230465,accu:0.988053,loss_recon:0.176385

5600-loss_z:11.501991,accu:0.443038,loss_recon:0.479248

5800-loss_z:0.221073,accu:0.990449,loss_recon:0.17255

5800-loss_z:11.921873,accu:0.443038,loss_recon:0.487264

6000-loss_z:0.207719,accu:0.992057,loss_recon:0.173615

6000-loss_z:12.313185,accu:0.455696,loss_recon:0.479787

6200-loss_z:0.197446,accu:0.993314,loss_recon:0.175369

6200-loss_z:12.794861,accu:0.455696,loss_recon:0.471842

6400-loss_z:0.185007,accu:0.994154,loss_recon:0.16964

6400-loss_z:13.314135,accu:0.468354,loss_recon:0.48451

6600-loss_z:0.175707,accu:0.994779,loss_recon:0.171974

6600-loss_z:13.779022,accu:0.481013,loss_recon:0.490101

6800-loss_z:0.165681,accu:0.994941,loss_recon:0.171902

6800-loss_z:14.265724,accu:0.493671,loss_recon:0.475264

7000-loss_z:0.156012,accu:0.996263,loss_recon:0.171988

7000-loss_z:14.798428,accu:0.481013,loss_recon:0.493024

7200-loss_z:0.146836,accu:0.99724,loss_recon:0.169641

7200-loss_z:15.357204,accu:0.493671,loss_recon:0.482697

7400-loss_z:0.13912,accu:0.997448,loss_recon:0.169709

7400-loss_z:15.833498,accu:0.493671,loss_recon:0.482827

7600-loss_z:0.13209,accu:0.99752,loss_recon:0.169994

7600-loss_z:16.387501,accu:0.443038,loss_recon:0.490703

7800-loss_z:0.123342,accu:0.998965,loss_recon:0.170343

7800-loss_z:16.932974,accu:0.468354,loss_recon:0.486341

8000-loss_z:0.115837,accu:0.999232,loss_recon:0.168187

8000-loss_z:17.48049,accu:0.481013,loss_recon:0.495686

8200-loss_z:0.108865,accu:0.999271,loss_recon:0.169499

8200-loss_z:18.040932,accu:0.468354,loss_recon:0.48819

8400-loss_z:0.10097,accu:0.999759,loss_recon:0.167656

8400-loss_z:18.619747,accu:0.481013,loss_recon:0.499759

8600-loss_z:0.095236,accu:1.0,loss_recon:0.167845

8600-loss_z:19.111412,accu:0.468354,loss_recon:0.486631

8800-loss_z:0.090335,accu:1.0,loss_recon:0.168203

8800-loss_z:19.668816,accu:0.506329,loss_recon:0.486136

9000-loss_z:0.082653,accu:0.99998,loss_recon:0.166456

9000-loss_z:20.198605,accu:0.506329,loss_recon:0.482964

9200-loss_z:0.07892,accu:1.0,loss_recon:0.168145

9200-loss_z:20.773321,accu:0.506329,loss_recon:0.486187

9400-loss_z:0.073617,accu:1.0,loss_recon:0.166688

9400-loss_z:21.352135,accu:0.506329,loss_recon:0.481293

9600-loss_z:0.067942,accu:1.0,loss_recon:0.165884

9600-loss_z:21.924023,accu:0.493671,loss_recon:0.487178

9800-loss_z:0.064062,accu:1.0,loss_recon:0.166719

9800-loss_z:22.506491,accu:0.506329,loss_recon:0.477771

10000-loss_z:0.060046,accu:1.0,loss_recon:0.169447

10000-loss_z:23.109945,accu:0.493671,loss_recon:0.479538

10200-loss_z:0.056153,accu:1.0,loss_recon:0.166224

10200-loss_z:23.677139,accu:0.506329,loss_recon:0.479955

10400-loss_z:0.052199,accu:1.0,loss_recon:0.165558

10400-loss_z:24.320559,accu:0.506329,loss_recon:0.484037

10600-loss_z:0.048498,accu:1.0,loss_recon:0.164609

10600-loss_z:24.965443,accu:0.493671,loss_recon:0.483803

10800-loss_z:0.046078,accu:1.0,loss_recon:0.165978

10800-loss_z:25.51174,accu:0.481013,loss_recon:0.487518

11000-loss_z:0.041956,accu:1.0,loss_recon:0.165979

11000-loss_z:26.071642,accu:0.493671,loss_recon:0.477381

11200-loss_z:0.039175,accu:1.0,loss_recon:0.164755

11200-loss_z:26.566162,accu:0.468354,loss_recon:0.478487

11400-loss_z:0.036858,accu:1.0,loss_recon:0.164934

11400-loss_z:27.143385,accu:0.468354,loss_recon:0.480914

11600-loss_z:0.033837,accu:1.0,loss_recon:0.166369

11600-loss_z:27.742077,accu:0.481013,loss_recon:0.487187

11800-loss_z:0.031449,accu:1.0,loss_recon:0.165467

11800-loss_z:28.250393,accu:0.455696,loss_recon:0.474007

12000-loss_z:0.029225,accu:1.0,loss_recon:0.163682

12000-loss_z:28.767738,accu:0.481013,loss_recon:0.481691

12200-loss_z:0.027132,accu:1.0,loss_recon:0.163686

12200-loss_z:29.257692,accu:0.493671,loss_recon:0.477381

12400-loss_z:0.025393,accu:1.0,loss_recon:0.165258

12400-loss_z:29.841393,accu:0.468354,loss_recon:0.488599

12600-loss_z:0.023265,accu:1.0,loss_recon:0.163809

12600-loss_z:30.356501,accu:0.493671,loss_recon:0.473406

12800-loss_z:0.021288,accu:1.0,loss_recon:0.163237

12800-loss_z:30.9217,accu:0.468354,loss_recon:0.474183

13000-loss_z:0.01977,accu:1.0,loss_recon:0.164537

13000-loss_z:31.462187,accu:0.468354,loss_recon:0.484144

13200-loss_z:0.018778,accu:1.0,loss_recon:0.164084

13200-loss_z:32.071896,accu:0.468354,loss_recon:0.481701

13400-loss_z:0.017006,accu:1.0,loss_recon:0.163618

13400-loss_z:32.637703,accu:0.443038,loss_recon:0.473038

13600-loss_z:0.015651,accu:1.0,loss_recon:0.162366

13600-loss_z:33.285282,accu:0.455696,loss_recon:0.486417

13800-loss_z:0.014411,accu:1.0,loss_recon:0.164515

13800-loss_z:33.893238,accu:0.455696,loss_recon:0.486257

14000-loss_z:0.013322,accu:1.0,loss_recon:0.163453

14000-loss_z:34.502705,accu:0.443038,loss_recon:0.470818

14200-loss_z:0.012307,accu:1.0,loss_recon:0.162849

14200-loss_z:35.19088,accu:0.443038,loss_recon:0.480017

14400-loss_z:0.011194,accu:1.0,loss_recon:0.164172

14400-loss_z:35.846428,accu:0.443038,loss_recon:0.480882

14600-loss_z:0.010559,accu:1.0,loss_recon:0.162904

14600-loss_z:36.407951,accu:0.455696,loss_recon:0.486651

14800-loss_z:0.009669,accu:1.0,loss_recon:0.161957

14800-loss_z:37.072273,accu:0.455696,loss_recon:0.477687

15000-loss_z:0.008691,accu:1.0,loss_recon:0.161868

15000-loss_z:37.721672,accu:0.455696,loss_recon:0.473129

15200-loss_z:0.008076,accu:1.0,loss_recon:0.160824

15200-loss_z:38.43095,accu:0.468354,loss_recon:0.481999

15400-loss_z:0.007469,accu:1.0,loss_recon:0.161072

15400-loss_z:39.062645,accu:0.443038,loss_recon:0.473021

15600-loss_z:0.006813,accu:1.0,loss_recon:0.158629

15600-loss_z:39.718033,accu:0.455696,loss_recon:0.482668

15800-loss_z:0.006342,accu:1.0,loss_recon:0.159492

15800-loss_z:40.40715,accu:0.468354,loss_recon:0.46533

16000-loss_z:0.005776,accu:1.0,loss_recon:0.157391

16000-loss_z:41.059074,accu:0.443038,loss_recon:0.469123

16200-loss_z:0.005284,accu:1.0,loss_recon:0.159199

16200-loss_z:41.710915,accu:0.455696,loss_recon:0.475713

16400-loss_z:0.004884,accu:1.0,loss_recon:0.159723

16400-loss_z:42.390923,accu:0.443038,loss_recon:0.483969

16600-loss_z:0.00445,accu:1.0,loss_recon:0.157824

16600-loss_z:43.113029,accu:0.443038,loss_recon:0.459715

16800-loss_z:0.004042,accu:1.0,loss_recon:0.158416

16800-loss_z:43.713905,accu:0.443038,loss_recon:0.46675

17000-loss_z:0.00371,accu:1.0,loss_recon:0.158308

17000-loss_z:44.37743,accu:0.443038,loss_recon:0.460134

17200-loss_z:0.003366,accu:1.0,loss_recon:0.157961

17200-loss_z:45.081268,accu:0.417722,loss_recon:0.469224

17400-loss_z:0.00313,accu:1.0,loss_recon:0.156709

17400-loss_z:45.711533,accu:0.443038,loss_recon:0.465864

17600-loss_z:0.002823,accu:1.0,loss_recon:0.156886

17600-loss_z:46.480747,accu:0.43038,loss_recon:0.469855

17800-loss_z:0.002575,accu:1.0,loss_recon:0.156363

17800-loss_z:47.261055,accu:0.43038,loss_recon:0.463064

18000-loss_z:0.002358,accu:1.0,loss_recon:0.156908

18000-loss_z:48.022709,accu:0.443038,loss_recon:0.467688

18200-loss_z:0.002121,accu:1.0,loss_recon:0.157036

18200-loss_z:48.936623,accu:0.43038,loss_recon:0.457257

18400-loss_z:0.001952,accu:1.0,loss_recon:0.157851

18400-loss_z:49.795353,accu:0.443038,loss_recon:0.474837

18600-loss_z:0.001788,accu:1.0,loss_recon:0.157079

18600-loss_z:50.50943,accu:0.43038,loss_recon:0.459826

18800-loss_z:0.001625,accu:1.0,loss_recon:0.158452

18800-loss_z:51.258392,accu:0.43038,loss_recon:0.457948

19000-loss_z:0.001481,accu:1.0,loss_recon:0.154582

19000-loss_z:51.827656,accu:0.43038,loss_recon:0.461541

19200-loss_z:0.001324,accu:1.0,loss_recon:0.15673

19200-loss_z:52.487484,accu:0.43038,loss_recon:0.46291

19400-loss_z:0.001222,accu:1.0,loss_recon:0.155369

19400-loss_z:53.062737,accu:0.43038,loss_recon:0.46496

19600-loss_z:0.001111,accu:1.0,loss_recon:0.156596

19600-loss_z:53.591511,accu:0.43038,loss_recon:0.460087

19800-loss_z:0.001016,accu:1.0,loss_recon:0.157051

19800-loss_z:54.078434,accu:0.443038,loss_recon:0.459926

20000-loss_z:0.000907,accu:1.0,loss_recon:0.156384

20000-loss_z:54.555763,accu:0.43038,loss_recon:0.466474

Continue training
New FC model is initialized
200-loss_z:2.554397,accu:0.179409,loss_recon:2.652819

200-loss_z:2.620324,accu:0.050633,loss_recon:1.576006

400-loss_z:1.87903,accu:0.323809,loss_recon:1.027444

400-loss_z:2.57626,accu:0.113924,loss_recon:1.046301

600-loss_z:1.555966,accu:0.451204,loss_recon:0.758509

600-loss_z:2.701772,accu:0.139241,loss_recon:0.949727

800-loss_z:1.337413,accu:0.558242,loss_recon:0.62945

800-loss_z:2.946677,accu:0.189873,loss_recon:0.865365

1000-loss_z:1.175754,accu:0.643561,loss_recon:0.560663

1000-loss_z:3.209662,accu:0.151899,loss_recon:0.789161

1200-loss_z:1.046383,accu:0.696979,loss_recon:0.516505

1200-loss_z:3.503032,accu:0.21519,loss_recon:0.760629

1400-loss_z:0.935144,accu:0.759368,loss_recon:0.475605

1400-loss_z:3.830117,accu:0.202532,loss_recon:0.751601

1600-loss_z:0.851811,accu:0.785931,loss_recon:0.44575

1600-loss_z:4.211598,accu:0.21519,loss_recon:0.696135

1800-loss_z:0.773322,accu:0.813008,loss_recon:0.412689

1800-loss_z:4.595018,accu:0.240506,loss_recon:0.67553

2000-loss_z:0.705551,accu:0.828242,loss_recon:0.382056

2000-loss_z:5.009804,accu:0.21519,loss_recon:0.652682

2200-loss_z:0.65655,accu:0.854206,loss_recon:0.36803

2200-loss_z:5.391035,accu:0.240506,loss_recon:0.626922

2400-loss_z:0.602119,accu:0.866276,loss_recon:0.343228

2400-loss_z:5.854014,accu:0.278481,loss_recon:0.606602

2600-loss_z:0.557236,accu:0.887956,loss_recon:0.32462

2600-loss_z:6.268888,accu:0.316456,loss_recon:0.588798

2800-loss_z:0.518095,accu:0.904082,loss_recon:0.30832

2800-loss_z:6.674848,accu:0.329114,loss_recon:0.581289

3000-loss_z:0.483558,accu:0.912174,loss_recon:0.294865

3000-loss_z:7.154961,accu:0.316456,loss_recon:0.55579

3200-loss_z:0.449129,accu:0.930208,loss_recon:0.2824

3200-loss_z:7.536636,accu:0.341772,loss_recon:0.560545

3400-loss_z:0.418413,accu:0.94291,loss_recon:0.268672

3400-loss_z:8.05222,accu:0.303797,loss_recon:0.564188

3600-loss_z:0.39626,accu:0.947702,loss_recon:0.261436

3600-loss_z:8.49328,accu:0.316456,loss_recon:0.571217

3800-loss_z:0.371232,accu:0.952923,loss_recon:0.25608

3800-loss_z:8.960191,accu:0.329114,loss_recon:0.56679

4000-loss_z:0.348816,accu:0.956973,loss_recon:0.244342

4000-loss_z:9.467013,accu:0.341772,loss_recon:0.562478

4200-loss_z:0.327503,accu:0.962741,loss_recon:0.237738

4200-loss_z:9.952037,accu:0.316456,loss_recon:0.557275

4400-loss_z:0.30741,accu:0.965833,loss_recon:0.234964

4400-loss_z:10.512421,accu:0.341772,loss_recon:0.55828

4600-loss_z:0.2897,accu:0.966882,loss_recon:0.235314

4600-loss_z:10.986306,accu:0.316456,loss_recon:0.558553

4800-loss_z:0.275688,accu:0.968483,loss_recon:0.230613

4800-loss_z:11.50897,accu:0.329114,loss_recon:0.565187

5000-loss_z:0.261886,accu:0.971608,loss_recon:0.227142

5000-loss_z:12.040627,accu:0.341772,loss_recon:0.563118

5200-loss_z:0.242864,accu:0.978776,loss_recon:0.222762

5200-loss_z:12.600777,accu:0.35443,loss_recon:0.549035

5400-loss_z:0.231898,accu:0.981354,loss_recon:0.220404

5400-loss_z:13.123017,accu:0.35443,loss_recon:0.549032

5600-loss_z:0.21802,accu:0.982454,loss_recon:0.217693

5600-loss_z:13.666835,accu:0.367089,loss_recon:0.54954

5800-loss_z:0.206942,accu:0.986133,loss_recon:0.210516

5800-loss_z:14.204931,accu:0.367089,loss_recon:0.551763

6000-loss_z:0.194183,accu:0.98778,loss_recon:0.207235

6000-loss_z:14.772552,accu:0.367089,loss_recon:0.550022

6200-loss_z:0.181937,accu:0.991146,loss_recon:0.200697

6200-loss_z:15.346148,accu:0.367089,loss_recon:0.565312

6400-loss_z:0.17178,accu:0.991686,loss_recon:0.199162

6400-loss_z:15.885015,accu:0.379747,loss_recon:0.545086

6600-loss_z:0.16264,accu:0.992786,loss_recon:0.193926

6600-loss_z:16.479471,accu:0.392405,loss_recon:0.543427

6800-loss_z:0.153837,accu:0.99321,loss_recon:0.191332

6800-loss_z:17.061279,accu:0.379747,loss_recon:0.551012

7000-loss_z:0.143102,accu:0.994635,loss_recon:0.183186

7000-loss_z:17.647333,accu:0.392405,loss_recon:0.537173

7200-loss_z:0.137428,accu:0.994505,loss_recon:0.183823

7200-loss_z:18.304972,accu:0.405063,loss_recon:0.540965

7400-loss_z:0.127201,accu:0.996582,loss_recon:0.178326

7400-loss_z:19.01799,accu:0.405063,loss_recon:0.549704

7600-loss_z:0.121971,accu:0.996354,loss_recon:0.174986

7600-loss_z:19.658766,accu:0.43038,loss_recon:0.53606

7800-loss_z:0.114105,accu:0.998132,loss_recon:0.173421

7800-loss_z:20.281094,accu:0.405063,loss_recon:0.53671

8000-loss_z:0.107212,accu:0.997819,loss_recon:0.169865

8000-loss_z:20.940641,accu:0.417722,loss_recon:0.532649

8200-loss_z:0.10072,accu:0.99903,loss_recon:0.167319

8200-loss_z:21.610046,accu:0.405063,loss_recon:0.528191

8400-loss_z:0.095556,accu:0.998626,loss_recon:0.164553

8400-loss_z:22.238562,accu:0.417722,loss_recon:0.530906

8600-loss_z:0.090314,accu:0.998698,loss_recon:0.162776

8600-loss_z:22.893459,accu:0.392405,loss_recon:0.529584

8800-loss_z:0.083826,accu:0.998835,loss_recon:0.161784

8800-loss_z:23.537048,accu:0.43038,loss_recon:0.523923

9000-loss_z:0.079173,accu:0.999453,loss_recon:0.158713

9000-loss_z:24.206314,accu:0.417722,loss_recon:0.52885

9200-loss_z:0.075079,accu:0.999512,loss_recon:0.160689

9200-loss_z:24.877213,accu:0.417722,loss_recon:0.525196

9400-loss_z:0.070271,accu:0.999401,loss_recon:0.159843

9400-loss_z:25.572233,accu:0.43038,loss_recon:0.525577

9600-loss_z:0.066973,accu:0.999883,loss_recon:0.157542

9600-loss_z:26.218363,accu:0.417722,loss_recon:0.521826

9800-loss_z:0.062895,accu:1.0,loss_recon:0.15746

9800-loss_z:26.872824,accu:0.417722,loss_recon:0.526934

10000-loss_z:0.05891,accu:1.0,loss_recon:0.155341

10000-loss_z:27.505049,accu:0.443038,loss_recon:0.519712

10200-loss_z:0.05704,accu:0.999896,loss_recon:0.155813

10200-loss_z:28.172064,accu:0.43038,loss_recon:0.518892

10400-loss_z:0.053618,accu:0.999479,loss_recon:0.154411

10400-loss_z:28.774256,accu:0.43038,loss_recon:0.515553

10600-loss_z:0.051237,accu:1.0,loss_recon:0.154333

10600-loss_z:29.460789,accu:0.43038,loss_recon:0.521808

10800-loss_z:0.047912,accu:1.0,loss_recon:0.150957

10800-loss_z:30.072216,accu:0.43038,loss_recon:0.520757

11000-loss_z:0.04558,accu:1.0,loss_recon:0.150953

11000-loss_z:30.642878,accu:0.443038,loss_recon:0.51682

11200-loss_z:0.042922,accu:0.999837,loss_recon:0.150822

11200-loss_z:31.214575,accu:0.455696,loss_recon:0.515919

11400-loss_z:0.040953,accu:1.0,loss_recon:0.149962

11400-loss_z:31.822834,accu:0.43038,loss_recon:0.516658

11600-loss_z:0.038827,accu:1.0,loss_recon:0.150049

11600-loss_z:32.358147,accu:0.43038,loss_recon:0.519429

11800-loss_z:0.03633,accu:1.0,loss_recon:0.148595

11800-loss_z:32.913975,accu:0.455696,loss_recon:0.519685

12000-loss_z:0.034777,accu:1.0,loss_recon:0.149634

12000-loss_z:33.44957,accu:0.43038,loss_recon:0.517794

12200-loss_z:0.032828,accu:1.0,loss_recon:0.149715

12200-loss_z:33.919437,accu:0.43038,loss_recon:0.521562

12400-loss_z:0.030401,accu:1.0,loss_recon:0.148183

12400-loss_z:34.294724,accu:0.43038,loss_recon:0.509785

12600-loss_z:0.029531,accu:1.0,loss_recon:0.148073

12600-loss_z:34.695919,accu:0.443038,loss_recon:0.522332

12800-loss_z:0.027161,accu:1.0,loss_recon:0.148925

12800-loss_z:35.09922,accu:0.443038,loss_recon:0.513486

13000-loss_z:0.025952,accu:1.0,loss_recon:0.147408

13000-loss_z:35.49873,accu:0.405063,loss_recon:0.51605

13200-loss_z:0.024917,accu:1.0,loss_recon:0.149332

13200-loss_z:35.923862,accu:0.417722,loss_recon:0.508571

13400-loss_z:0.024,accu:1.0,loss_recon:0.148878

13400-loss_z:36.292286,accu:0.43038,loss_recon:0.517713

13600-loss_z:0.022185,accu:1.0,loss_recon:0.148159

13600-loss_z:36.651516,accu:0.43038,loss_recon:0.509918

13800-loss_z:0.021203,accu:1.0,loss_recon:0.148292

13800-loss_z:37.023037,accu:0.417722,loss_recon:0.511288

14000-loss_z:0.019929,accu:1.0,loss_recon:0.148818

14000-loss_z:37.416542,accu:0.417722,loss_recon:0.510543

14200-loss_z:0.019032,accu:1.0,loss_recon:0.145426

14200-loss_z:37.76582,accu:0.43038,loss_recon:0.511744

14400-loss_z:0.017832,accu:1.0,loss_recon:0.1475

14400-loss_z:38.13586,accu:0.43038,loss_recon:0.507603

14600-loss_z:0.017246,accu:1.0,loss_recon:0.146677

14600-loss_z:38.543449,accu:0.43038,loss_recon:0.510019

14800-loss_z:0.015948,accu:1.0,loss_recon:0.146725

14800-loss_z:38.845715,accu:0.417722,loss_recon:0.502988

15000-loss_z:0.015257,accu:1.0,loss_recon:0.145728

15000-loss_z:39.207851,accu:0.443038,loss_recon:0.507924

15200-loss_z:0.014327,accu:1.0,loss_recon:0.143703

15200-loss_z:39.525723,accu:0.417722,loss_recon:0.499228

15400-loss_z:0.013733,accu:1.0,loss_recon:0.145829

15400-loss_z:39.922115,accu:0.43038,loss_recon:0.503006

15600-loss_z:0.013066,accu:1.0,loss_recon:0.144569

15600-loss_z:40.36372,accu:0.43038,loss_recon:0.501123

15800-loss_z:0.012167,accu:1.0,loss_recon:0.145102

15800-loss_z:40.750973,accu:0.43038,loss_recon:0.496273

16000-loss_z:0.011477,accu:1.0,loss_recon:0.145185

16000-loss_z:41.161728,accu:0.43038,loss_recon:0.499166

16200-loss_z:0.01101,accu:1.0,loss_recon:0.144259

16200-loss_z:41.532574,accu:0.443038,loss_recon:0.499681

16400-loss_z:0.010621,accu:1.0,loss_recon:0.143101

16400-loss_z:41.909267,accu:0.43038,loss_recon:0.497328

16600-loss_z:0.010173,accu:1.0,loss_recon:0.142333

16600-loss_z:42.30294,accu:0.443038,loss_recon:0.500098

16800-loss_z:0.00938,accu:1.0,loss_recon:0.14408

16800-loss_z:42.776005,accu:0.443038,loss_recon:0.503458

17000-loss_z:0.00893,accu:1.0,loss_recon:0.144269

17000-loss_z:43.209644,accu:0.443038,loss_recon:0.504023

17200-loss_z:0.008352,accu:1.0,loss_recon:0.142236

17200-loss_z:43.644279,accu:0.443038,loss_recon:0.50144

17400-loss_z:0.007946,accu:1.0,loss_recon:0.142336

17400-loss_z:44.127377,accu:0.443038,loss_recon:0.502174

17600-loss_z:0.007612,accu:1.0,loss_recon:0.143764

17600-loss_z:44.566631,accu:0.443038,loss_recon:0.498671

17800-loss_z:0.007139,accu:1.0,loss_recon:0.143772

17800-loss_z:45.013672,accu:0.443038,loss_recon:0.498041

18000-loss_z:0.006898,accu:1.0,loss_recon:0.144035

18000-loss_z:45.532642,accu:0.443038,loss_recon:0.496725

18200-loss_z:0.006247,accu:1.0,loss_recon:0.142266

18200-loss_z:46.048679,accu:0.443038,loss_recon:0.501321

18400-loss_z:0.006055,accu:1.0,loss_recon:0.143146

18400-loss_z:46.513138,accu:0.443038,loss_recon:0.505264

18600-loss_z:0.005739,accu:1.0,loss_recon:0.141942

18600-loss_z:46.902145,accu:0.43038,loss_recon:0.501105

18800-loss_z:0.005457,accu:1.0,loss_recon:0.142857

18800-loss_z:47.306576,accu:0.43038,loss_recon:0.502917

19000-loss_z:0.005091,accu:1.0,loss_recon:0.14234

19000-loss_z:47.76582,accu:0.443038,loss_recon:0.507036

19200-loss_z:0.004938,accu:1.0,loss_recon:0.143208

19200-loss_z:48.278278,accu:0.43038,loss_recon:0.496971

19400-loss_z:0.004558,accu:1.0,loss_recon:0.140741

19400-loss_z:48.637669,accu:0.443038,loss_recon:0.504686

19600-loss_z:0.004387,accu:1.0,loss_recon:0.143535

19600-loss_z:49.176155,accu:0.43038,loss_recon:0.509875

19800-loss_z:0.004126,accu:1.0,loss_recon:0.141546

19800-loss_z:49.353535,accu:0.443038,loss_recon:0.513857

20000-loss_z:0.0039,accu:1.0,loss_recon:0.141262

20000-loss_z:49.562309,accu:0.443038,loss_recon:0.521712

Continue training
New FC model is initialized
200-loss_z:2.493,accu:0.224548,loss_recon:2.764709

200-loss_z:2.682166,accu:0.050633,loss_recon:1.488248

400-loss_z:1.845634,accu:0.355091,loss_recon:0.866119

400-loss_z:2.57932,accu:0.075949,loss_recon:0.940975

600-loss_z:1.545257,accu:0.477754,loss_recon:0.622025

600-loss_z:2.561402,accu:0.113924,loss_recon:0.786975

800-loss_z:1.332692,accu:0.563561,loss_recon:0.508584

800-loss_z:2.628646,accu:0.113924,loss_recon:0.681741

1000-loss_z:1.175285,accu:0.621823,loss_recon:0.442448

1000-loss_z:2.788401,accu:0.21519,loss_recon:0.621885

1200-loss_z:1.046539,accu:0.672969,loss_recon:0.401188

1200-loss_z:3.00727,accu:0.177215,loss_recon:0.572635

1400-loss_z:0.937122,accu:0.723685,loss_recon:0.36628

1400-loss_z:3.247649,accu:0.240506,loss_recon:0.534022

1600-loss_z:0.845,accu:0.762767,loss_recon:0.345386

1600-loss_z:3.537439,accu:0.291139,loss_recon:0.518615

1800-loss_z:0.774624,accu:0.791341,loss_recon:0.330232

1800-loss_z:3.82649,accu:0.329114,loss_recon:0.502855

2000-loss_z:0.702947,accu:0.836439,loss_recon:0.314063

2000-loss_z:4.123476,accu:0.316456,loss_recon:0.482944

2200-loss_z:0.653299,accu:0.856901,loss_recon:0.304214

2200-loss_z:4.464605,accu:0.341772,loss_recon:0.466281

2400-loss_z:0.599087,accu:0.879746,loss_recon:0.29169

2400-loss_z:4.815498,accu:0.341772,loss_recon:0.456574

2600-loss_z:0.553527,accu:0.893405,loss_recon:0.278722

2600-loss_z:5.155847,accu:0.35443,loss_recon:0.452309

2800-loss_z:0.513379,accu:0.912311,loss_recon:0.268969

2800-loss_z:5.512642,accu:0.367089,loss_recon:0.46204

3000-loss_z:0.47975,accu:0.923529,loss_recon:0.260143

3000-loss_z:5.871217,accu:0.367089,loss_recon:0.4514

3200-loss_z:0.443951,accu:0.936719,loss_recon:0.253802

3200-loss_z:6.208761,accu:0.392405,loss_recon:0.449451

3400-loss_z:0.416626,accu:0.944206,loss_recon:0.247772

3400-loss_z:6.576076,accu:0.379747,loss_recon:0.449136

3600-loss_z:0.390548,accu:0.952415,loss_recon:0.244268

3600-loss_z:6.95928,accu:0.379747,loss_recon:0.448922

3800-loss_z:0.366376,accu:0.9589,loss_recon:0.239698

3800-loss_z:7.341445,accu:0.367089,loss_recon:0.444587

4000-loss_z:0.341026,accu:0.973236,loss_recon:0.233952

4000-loss_z:7.677208,accu:0.392405,loss_recon:0.435635

4200-loss_z:0.319597,accu:0.973438,loss_recon:0.230629

4200-loss_z:8.121654,accu:0.379747,loss_recon:0.445203

4400-loss_z:0.3039,accu:0.977422,loss_recon:0.226513

4400-loss_z:8.478455,accu:0.367089,loss_recon:0.427911

4600-loss_z:0.281534,accu:0.979727,loss_recon:0.220876

4600-loss_z:8.890005,accu:0.367089,loss_recon:0.427357

4800-loss_z:0.264651,accu:0.981426,loss_recon:0.217357

4800-loss_z:9.312655,accu:0.367089,loss_recon:0.411685

5000-loss_z:0.250735,accu:0.983783,loss_recon:0.211977

5000-loss_z:9.695745,accu:0.379747,loss_recon:0.407663

5200-loss_z:0.23793,accu:0.984206,loss_recon:0.207586

5200-loss_z:10.132834,accu:0.379747,loss_recon:0.415077

5400-loss_z:0.224268,accu:0.987122,loss_recon:0.20598

5400-loss_z:10.568198,accu:0.379747,loss_recon:0.405264

5600-loss_z:0.211845,accu:0.98791,loss_recon:0.205037

5600-loss_z:10.968384,accu:0.367089,loss_recon:0.405551

5800-loss_z:0.196717,accu:0.990794,loss_recon:0.201804

5800-loss_z:11.385415,accu:0.392405,loss_recon:0.40802

6000-loss_z:0.185749,accu:0.992793,loss_recon:0.200141

6000-loss_z:11.869061,accu:0.392405,loss_recon:0.413875

6200-loss_z:0.176078,accu:0.993691,loss_recon:0.196078

6200-loss_z:12.354654,accu:0.367089,loss_recon:0.408884

6400-loss_z:0.166479,accu:0.994798,loss_recon:0.192486

6400-loss_z:12.828364,accu:0.379747,loss_recon:0.393155

6600-loss_z:0.157217,accu:0.996185,loss_recon:0.187493

6600-loss_z:13.351805,accu:0.379747,loss_recon:0.394145

6800-loss_z:0.148375,accu:0.998105,loss_recon:0.184986

6800-loss_z:13.845108,accu:0.379747,loss_recon:0.397925

7000-loss_z:0.139878,accu:0.997897,loss_recon:0.184351

7000-loss_z:14.347332,accu:0.379747,loss_recon:0.39064

7200-loss_z:0.132847,accu:0.998587,loss_recon:0.183035

7200-loss_z:14.887887,accu:0.379747,loss_recon:0.397676

7400-loss_z:0.125528,accu:0.998477,loss_recon:0.182005

7400-loss_z:15.420002,accu:0.392405,loss_recon:0.392454

7600-loss_z:0.118367,accu:0.998574,loss_recon:0.179615

7600-loss_z:16.039083,accu:0.379747,loss_recon:0.391251

7800-loss_z:0.112021,accu:0.999564,loss_recon:0.175554

7800-loss_z:16.627197,accu:0.379747,loss_recon:0.392759

8000-loss_z:0.104934,accu:0.999245,loss_recon:0.175555

8000-loss_z:17.196878,accu:0.379747,loss_recon:0.393968

8200-loss_z:0.099013,accu:0.999063,loss_recon:0.173271

8200-loss_z:17.787128,accu:0.379747,loss_recon:0.397247

8400-loss_z:0.094311,accu:0.999473,loss_recon:0.17495

8400-loss_z:18.427483,accu:0.367089,loss_recon:0.397008

8600-loss_z:0.089433,accu:1.0,loss_recon:0.172309

8600-loss_z:19.070646,accu:0.392405,loss_recon:0.388294

8800-loss_z:0.083934,accu:1.0,loss_recon:0.16947

8800-loss_z:19.670717,accu:0.405063,loss_recon:0.392209

9000-loss_z:0.079606,accu:0.999798,loss_recon:0.172609

9000-loss_z:20.326357,accu:0.405063,loss_recon:0.391443

9200-loss_z:0.074599,accu:1.0,loss_recon:0.170139

9200-loss_z:20.976807,accu:0.392405,loss_recon:0.394475

9400-loss_z:0.071032,accu:1.0,loss_recon:0.169979

9400-loss_z:21.618032,accu:0.417722,loss_recon:0.399114

9600-loss_z:0.06727,accu:1.0,loss_recon:0.168457

9600-loss_z:22.457047,accu:0.405063,loss_recon:0.404422

9800-loss_z:0.063935,accu:1.0,loss_recon:0.167117

9800-loss_z:23.316353,accu:0.405063,loss_recon:0.391136

10000-loss_z:0.059533,accu:1.0,loss_recon:0.166808

10000-loss_z:24.148043,accu:0.392405,loss_recon:0.39652

10200-loss_z:0.056913,accu:1.0,loss_recon:0.163223

10200-loss_z:25.005514,accu:0.379747,loss_recon:0.393746

10400-loss_z:0.054558,accu:1.0,loss_recon:0.161387

10400-loss_z:25.816578,accu:0.417722,loss_recon:0.394471

10600-loss_z:0.05133,accu:1.0,loss_recon:0.159946

10600-loss_z:26.627939,accu:0.417722,loss_recon:0.399773

10800-loss_z:0.048445,accu:1.0,loss_recon:0.159408

10800-loss_z:27.415648,accu:0.392405,loss_recon:0.39808

11000-loss_z:0.045711,accu:1.0,loss_recon:0.155477

11000-loss_z:28.117004,accu:0.405063,loss_recon:0.384799

11200-loss_z:0.04303,accu:1.0,loss_recon:0.152886

11200-loss_z:28.924524,accu:0.392405,loss_recon:0.381075

11400-loss_z:0.04157,accu:1.0,loss_recon:0.150788

11400-loss_z:29.726887,accu:0.392405,loss_recon:0.384315

11600-loss_z:0.038429,accu:1.0,loss_recon:0.149654

11600-loss_z:30.419582,accu:0.379747,loss_recon:0.392177

11800-loss_z:0.036782,accu:1.0,loss_recon:0.149854

11800-loss_z:31.256372,accu:0.379747,loss_recon:0.387431

12000-loss_z:0.03494,accu:1.0,loss_recon:0.148723

12000-loss_z:32.02729,accu:0.35443,loss_recon:0.39542

12200-loss_z:0.033014,accu:1.0,loss_recon:0.147956

12200-loss_z:32.821335,accu:0.367089,loss_recon:0.397997

12400-loss_z:0.030963,accu:1.0,loss_recon:0.147788

12400-loss_z:33.57724,accu:0.35443,loss_recon:0.387363

12600-loss_z:0.029251,accu:1.0,loss_recon:0.146884

12600-loss_z:34.343399,accu:0.367089,loss_recon:0.383005

12800-loss_z:0.027865,accu:1.0,loss_recon:0.145477

12800-loss_z:35.084801,accu:0.341772,loss_recon:0.395282

13000-loss_z:0.026137,accu:1.0,loss_recon:0.146187

13000-loss_z:35.877144,accu:0.35443,loss_recon:0.398632

13200-loss_z:0.02459,accu:1.0,loss_recon:0.144778

13200-loss_z:36.656078,accu:0.35443,loss_recon:0.39613

13400-loss_z:0.022941,accu:1.0,loss_recon:0.144441

13400-loss_z:37.447567,accu:0.35443,loss_recon:0.396049

13600-loss_z:0.02196,accu:1.0,loss_recon:0.145018

13600-loss_z:38.210766,accu:0.35443,loss_recon:0.391396

13800-loss_z:0.02059,accu:1.0,loss_recon:0.144816

13800-loss_z:39.082233,accu:0.341772,loss_recon:0.38287

14000-loss_z:0.019294,accu:1.0,loss_recon:0.143489

14000-loss_z:39.776207,accu:0.341772,loss_recon:0.39206

14200-loss_z:0.018055,accu:1.0,loss_recon:0.143618

14200-loss_z:40.644745,accu:0.367089,loss_recon:0.396006

14400-loss_z:0.017315,accu:1.0,loss_recon:0.142741

14400-loss_z:41.342331,accu:0.35443,loss_recon:0.39599

14600-loss_z:0.016413,accu:1.0,loss_recon:0.142408

14600-loss_z:42.120819,accu:0.35443,loss_recon:0.393652

14800-loss_z:0.014979,accu:1.0,loss_recon:0.141227

14800-loss_z:42.940601,accu:0.35443,loss_recon:0.396156

15000-loss_z:0.0145,accu:1.0,loss_recon:0.141978

15000-loss_z:43.674877,accu:0.341772,loss_recon:0.393891

15200-loss_z:0.013298,accu:1.0,loss_recon:0.142195

15200-loss_z:44.440281,accu:0.341772,loss_recon:0.394333

15400-loss_z:0.012631,accu:1.0,loss_recon:0.14059

15400-loss_z:45.22887,accu:0.367089,loss_recon:0.40451

15600-loss_z:0.011811,accu:1.0,loss_recon:0.140737

15600-loss_z:45.944595,accu:0.329114,loss_recon:0.401204

15800-loss_z:0.011254,accu:1.0,loss_recon:0.140432

15800-loss_z:46.759476,accu:0.35443,loss_recon:0.399153

16000-loss_z:0.010363,accu:1.0,loss_recon:0.139437

16000-loss_z:47.454689,accu:0.35443,loss_recon:0.394939

16200-loss_z:0.009924,accu:1.0,loss_recon:0.140246

16200-loss_z:48.270187,accu:0.35443,loss_recon:0.412641

16400-loss_z:0.009164,accu:1.0,loss_recon:0.139081

16400-loss_z:49.072273,accu:0.35443,loss_recon:0.407662

16600-loss_z:0.008584,accu:1.0,loss_recon:0.141456

16600-loss_z:49.762085,accu:0.329114,loss_recon:0.405619

16800-loss_z:0.008007,accu:1.0,loss_recon:0.138346

16800-loss_z:50.612831,accu:0.35443,loss_recon:0.402724

17000-loss_z:0.007557,accu:1.0,loss_recon:0.139941

17000-loss_z:51.343433,accu:0.35443,loss_recon:0.409528

17200-loss_z:0.007202,accu:1.0,loss_recon:0.137998

17200-loss_z:52.092945,accu:0.35443,loss_recon:0.409318

17400-loss_z:0.006862,accu:1.0,loss_recon:0.139623

17400-loss_z:52.875687,accu:0.341772,loss_recon:0.403375

17600-loss_z:0.006385,accu:1.0,loss_recon:0.137875

17600-loss_z:53.553001,accu:0.35443,loss_recon:0.412898

17800-loss_z:0.005847,accu:1.0,loss_recon:0.13769

17800-loss_z:54.415756,accu:0.341772,loss_recon:0.418602

18000-loss_z:0.005484,accu:1.0,loss_recon:0.13698

18000-loss_z:55.126057,accu:0.341772,loss_recon:0.418991

18200-loss_z:0.00513,accu:1.0,loss_recon:0.138533

18200-loss_z:55.89724,accu:0.341772,loss_recon:0.420565

18400-loss_z:0.004899,accu:1.0,loss_recon:0.137997

18400-loss_z:56.647713,accu:0.341772,loss_recon:0.413129

18600-loss_z:0.004598,accu:1.0,loss_recon:0.137432

18600-loss_z:57.405235,accu:0.341772,loss_recon:0.428814

18800-loss_z:0.004249,accu:1.0,loss_recon:0.138514

18800-loss_z:58.134693,accu:0.341772,loss_recon:0.415429

19000-loss_z:0.00387,accu:1.0,loss_recon:0.135508

19000-loss_z:58.910854,accu:0.341772,loss_recon:0.42509

19200-loss_z:0.003723,accu:1.0,loss_recon:0.137808

19200-loss_z:59.663895,accu:0.341772,loss_recon:0.427476

19400-loss_z:0.00346,accu:1.0,loss_recon:0.136885

19400-loss_z:60.514149,accu:0.341772,loss_recon:0.428016

19600-loss_z:0.003238,accu:1.0,loss_recon:0.138179

19600-loss_z:61.274235,accu:0.341772,loss_recon:0.423521

19800-loss_z:0.003035,accu:1.0,loss_recon:0.138069

19800-loss_z:62.056252,accu:0.341772,loss_recon:0.415216

20000-loss_z:0.002806,accu:1.0,loss_recon:0.138802

20000-loss_z:62.783371,accu:0.341772,loss_recon:0.422159

Continue training
New FC model is initialized
200-loss_z:2.484163,accu:0.223045,loss_recon:3.543159

200-loss_z:2.529058,accu:0.088608,loss_recon:2.313884

400-loss_z:1.805281,accu:0.377949,loss_recon:1.263112

400-loss_z:2.414851,accu:0.075949,loss_recon:1.06247

600-loss_z:1.485241,accu:0.491855,loss_recon:0.644753

600-loss_z:2.394398,accu:0.126582,loss_recon:0.86018

800-loss_z:1.278541,accu:0.583789,loss_recon:0.50322

800-loss_z:2.413935,accu:0.202532,loss_recon:0.792658

1000-loss_z:1.11811,accu:0.659349,loss_recon:0.437413

1000-loss_z:2.479824,accu:0.164557,loss_recon:0.734574

1200-loss_z:1.002777,accu:0.714642,loss_recon:0.392464

1200-loss_z:2.559808,accu:0.202532,loss_recon:0.719588

1400-loss_z:0.90247,accu:0.759355,loss_recon:0.363042

1400-loss_z:2.657417,accu:0.240506,loss_recon:0.68804

1600-loss_z:0.81842,accu:0.795358,loss_recon:0.335873

1600-loss_z:2.751205,accu:0.265823,loss_recon:0.690123

1800-loss_z:0.746856,accu:0.820755,loss_recon:0.323361

1800-loss_z:2.893555,accu:0.278481,loss_recon:0.648724

2000-loss_z:0.688889,accu:0.833203,loss_recon:0.308037

2000-loss_z:3.034508,accu:0.291139,loss_recon:0.649677

2200-loss_z:0.639321,accu:0.844043,loss_recon:0.289918

2200-loss_z:3.180688,accu:0.291139,loss_recon:0.635637

2400-loss_z:0.587595,accu:0.86735,loss_recon:0.274572

2400-loss_z:3.344476,accu:0.291139,loss_recon:0.595292

2600-loss_z:0.551168,accu:0.874603,loss_recon:0.253839

2600-loss_z:3.489908,accu:0.291139,loss_recon:0.588931

2800-loss_z:0.513957,accu:0.884616,loss_recon:0.238716

2800-loss_z:3.673967,accu:0.291139,loss_recon:0.551398

3000-loss_z:0.480339,accu:0.887689,loss_recon:0.223259

3000-loss_z:3.827141,accu:0.303797,loss_recon:0.5267

3200-loss_z:0.448507,accu:0.897956,loss_recon:0.214138

3200-loss_z:3.992069,accu:0.303797,loss_recon:0.511768

3400-loss_z:0.41898,accu:0.90987,loss_recon:0.204994

3400-loss_z:4.203515,accu:0.316456,loss_recon:0.493862

3600-loss_z:0.398241,accu:0.907813,loss_recon:0.197439

3600-loss_z:4.334524,accu:0.316456,loss_recon:0.484202

3800-loss_z:0.372789,accu:0.917695,loss_recon:0.190613

3800-loss_z:4.556603,accu:0.316456,loss_recon:0.489312

4000-loss_z:0.3534,accu:0.921439,loss_recon:0.183187

4000-loss_z:4.742964,accu:0.316456,loss_recon:0.463798

4200-loss_z:0.333504,accu:0.934525,loss_recon:0.171104

4200-loss_z:4.950485,accu:0.329114,loss_recon:0.456963

4400-loss_z:0.31087,accu:0.940378,loss_recon:0.163438

4400-loss_z:5.17385,accu:0.329114,loss_recon:0.442584

4600-loss_z:0.295767,accu:0.946022,loss_recon:0.155715

4600-loss_z:5.36346,accu:0.316456,loss_recon:0.43202

4800-loss_z:0.277295,accu:0.957526,loss_recon:0.151615

4800-loss_z:5.596451,accu:0.316456,loss_recon:0.405168

5000-loss_z:0.262849,accu:0.964863,loss_recon:0.146495

5000-loss_z:5.794382,accu:0.329114,loss_recon:0.406826

5200-loss_z:0.24809,accu:0.96821,loss_recon:0.145707

5200-loss_z:6.081083,accu:0.316456,loss_recon:0.399765

5400-loss_z:0.235223,accu:0.972357,loss_recon:0.14251

5400-loss_z:6.263207,accu:0.329114,loss_recon:0.388639

5600-loss_z:0.221118,accu:0.974798,loss_recon:0.140918

5600-loss_z:6.491212,accu:0.316456,loss_recon:0.389908

5800-loss_z:0.210798,accu:0.981393,loss_recon:0.140465

5800-loss_z:6.69093,accu:0.316456,loss_recon:0.38365

6000-loss_z:0.199451,accu:0.986745,loss_recon:0.140836

6000-loss_z:6.966262,accu:0.341772,loss_recon:0.38175

6200-loss_z:0.187212,accu:0.991061,loss_recon:0.138658

6200-loss_z:7.130684,accu:0.329114,loss_recon:0.379272

6400-loss_z:0.174815,accu:0.991504,loss_recon:0.13643

6400-loss_z:7.360244,accu:0.35443,loss_recon:0.374629

6600-loss_z:0.166451,accu:0.992331,loss_recon:0.134385

6600-loss_z:7.523068,accu:0.35443,loss_recon:0.390088

6800-loss_z:0.15631,accu:0.993151,loss_recon:0.131987

6800-loss_z:7.737688,accu:0.329114,loss_recon:0.37491

7000-loss_z:0.146866,accu:0.994264,loss_recon:0.129856

7000-loss_z:7.951741,accu:0.316456,loss_recon:0.388748

7200-loss_z:0.140365,accu:0.994414,loss_recon:0.129202

7200-loss_z:8.155271,accu:0.35443,loss_recon:0.385623

7400-loss_z:0.132316,accu:0.995319,loss_recon:0.128851

7400-loss_z:8.366643,accu:0.316456,loss_recon:0.389963

7600-loss_z:0.126379,accu:0.994362,loss_recon:0.128493

7600-loss_z:8.573423,accu:0.316456,loss_recon:0.398898

7800-loss_z:0.118822,accu:0.994342,loss_recon:0.128144

7800-loss_z:8.806774,accu:0.329114,loss_recon:0.395258

8000-loss_z:0.111909,accu:0.996146,loss_recon:0.126296

8000-loss_z:9.059898,accu:0.329114,loss_recon:0.391701

8200-loss_z:0.107295,accu:0.99599,loss_recon:0.12631

8200-loss_z:9.278944,accu:0.329114,loss_recon:0.403928

8400-loss_z:0.102941,accu:0.996491,loss_recon:0.126052

8400-loss_z:9.496015,accu:0.329114,loss_recon:0.407135

8600-loss_z:0.095915,accu:0.997161,loss_recon:0.125436

8600-loss_z:9.705682,accu:0.329114,loss_recon:0.404044

8800-loss_z:0.090692,accu:0.997813,loss_recon:0.123352

8800-loss_z:9.965193,accu:0.303797,loss_recon:0.419619

9000-loss_z:0.084804,accu:0.99778,loss_recon:0.122801

9000-loss_z:10.165956,accu:0.303797,loss_recon:0.417066

9200-loss_z:0.080624,accu:0.998138,loss_recon:0.122553

9200-loss_z:10.415216,accu:0.329114,loss_recon:0.414268

9400-loss_z:0.077128,accu:0.998685,loss_recon:0.122358

9400-loss_z:10.631705,accu:0.316456,loss_recon:0.434986

9600-loss_z:0.072493,accu:0.999368,loss_recon:0.123148

9600-loss_z:10.855891,accu:0.316456,loss_recon:0.430593

9800-loss_z:0.0689,accu:0.999316,loss_recon:0.121991

9800-loss_z:11.095633,accu:0.329114,loss_recon:0.444408

10000-loss_z:0.064142,accu:0.999674,loss_recon:0.120283

10000-loss_z:11.347061,accu:0.316456,loss_recon:0.450782

10200-loss_z:0.060779,accu:0.99972,loss_recon:0.121375

10200-loss_z:11.599021,accu:0.316456,loss_recon:0.444228

10400-loss_z:0.058967,accu:0.998932,loss_recon:0.121913

10400-loss_z:11.837535,accu:0.341772,loss_recon:0.449189

10600-loss_z:0.055231,accu:0.999681,loss_recon:0.120329

10600-loss_z:12.088188,accu:0.316456,loss_recon:0.442635

10800-loss_z:0.051195,accu:0.999857,loss_recon:0.119937

10800-loss_z:12.30757,accu:0.329114,loss_recon:0.442012

11000-loss_z:0.048246,accu:1.0,loss_recon:0.120432

11000-loss_z:12.599363,accu:0.341772,loss_recon:0.44328

11200-loss_z:0.045127,accu:1.0,loss_recon:0.119879

11200-loss_z:12.817115,accu:0.341772,loss_recon:0.439659

11400-loss_z:0.04296,accu:1.0,loss_recon:0.119842

11400-loss_z:13.076657,accu:0.35443,loss_recon:0.438071

11600-loss_z:0.040086,accu:1.0,loss_recon:0.119626

11600-loss_z:13.288828,accu:0.316456,loss_recon:0.443947

11800-loss_z:0.037273,accu:1.0,loss_recon:0.119235

11800-loss_z:13.572565,accu:0.35443,loss_recon:0.444642

12000-loss_z:0.034707,accu:1.0,loss_recon:0.118775

12000-loss_z:13.802586,accu:0.341772,loss_recon:0.44499

12200-loss_z:0.03287,accu:1.0,loss_recon:0.119873

12200-loss_z:14.032343,accu:0.341772,loss_recon:0.440531

12400-loss_z:0.030917,accu:1.0,loss_recon:0.118079

12400-loss_z:14.253799,accu:0.341772,loss_recon:0.438083

12600-loss_z:0.029396,accu:1.0,loss_recon:0.119578

12600-loss_z:14.499883,accu:0.35443,loss_recon:0.441001

12800-loss_z:0.026852,accu:1.0,loss_recon:0.118106

12800-loss_z:14.746031,accu:0.329114,loss_recon:0.440541

13000-loss_z:0.025958,accu:1.0,loss_recon:0.118665

13000-loss_z:14.940124,accu:0.341772,loss_recon:0.445768

13200-loss_z:0.023628,accu:1.0,loss_recon:0.118105

13200-loss_z:15.227383,accu:0.341772,loss_recon:0.442398

13400-loss_z:0.022675,accu:1.0,loss_recon:0.118526

13400-loss_z:15.392406,accu:0.341772,loss_recon:0.442057

13600-loss_z:0.021577,accu:1.0,loss_recon:0.118276

13600-loss_z:15.560794,accu:0.341772,loss_recon:0.444896

13800-loss_z:0.019622,accu:1.0,loss_recon:0.118487

13800-loss_z:15.79486,accu:0.341772,loss_recon:0.452913

14000-loss_z:0.018944,accu:1.0,loss_recon:0.119301

14000-loss_z:16.030966,accu:0.341772,loss_recon:0.443131

14200-loss_z:0.017197,accu:1.0,loss_recon:0.118771

14200-loss_z:16.230717,accu:0.35443,loss_recon:0.438994

14400-loss_z:0.016246,accu:1.0,loss_recon:0.118572

14400-loss_z:16.45137,accu:0.341772,loss_recon:0.44281

14600-loss_z:0.015396,accu:1.0,loss_recon:0.120432

14600-loss_z:16.651634,accu:0.341772,loss_recon:0.444762

14800-loss_z:0.014214,accu:1.0,loss_recon:0.11779

14800-loss_z:16.908478,accu:0.329114,loss_recon:0.436659

15000-loss_z:0.013277,accu:1.0,loss_recon:0.118039

15000-loss_z:17.119604,accu:0.35443,loss_recon:0.455924

15200-loss_z:0.01263,accu:1.0,loss_recon:0.119055

15200-loss_z:17.34791,accu:0.316456,loss_recon:0.440054

15400-loss_z:0.011461,accu:1.0,loss_recon:0.117897

15400-loss_z:17.568058,accu:0.329114,loss_recon:0.447259

15600-loss_z:0.0109,accu:1.0,loss_recon:0.119574

15600-loss_z:17.79063,accu:0.329114,loss_recon:0.436638

15800-loss_z:0.010252,accu:1.0,loss_recon:0.118364

15800-loss_z:17.974567,accu:0.341772,loss_recon:0.449421

16000-loss_z:0.009299,accu:1.0,loss_recon:0.117028

16000-loss_z:18.208742,accu:0.341772,loss_recon:0.443187

16200-loss_z:0.008564,accu:1.0,loss_recon:0.118447

16200-loss_z:18.399467,accu:0.329114,loss_recon:0.436938

16400-loss_z:0.008148,accu:1.0,loss_recon:0.118168

16400-loss_z:18.569433,accu:0.341772,loss_recon:0.451777

16600-loss_z:0.007601,accu:1.0,loss_recon:0.118203

16600-loss_z:18.827681,accu:0.341772,loss_recon:0.445626

16800-loss_z:0.007084,accu:1.0,loss_recon:0.118515

16800-loss_z:19.076155,accu:0.341772,loss_recon:0.440721

17000-loss_z:0.006608,accu:1.0,loss_recon:0.118548

17000-loss_z:19.270647,accu:0.35443,loss_recon:0.442687

17200-loss_z:0.006205,accu:1.0,loss_recon:0.118099

17200-loss_z:19.566692,accu:0.341772,loss_recon:0.440758

17400-loss_z:0.005757,accu:1.0,loss_recon:0.119004

17400-loss_z:19.766888,accu:0.35443,loss_recon:0.432831

17600-loss_z:0.005304,accu:1.0,loss_recon:0.119011

17600-loss_z:20.006588,accu:0.341772,loss_recon:0.456933

17800-loss_z:0.005016,accu:1.0,loss_recon:0.117848

17800-loss_z:20.22904,accu:0.341772,loss_recon:0.453052

18000-loss_z:0.004618,accu:1.0,loss_recon:0.117113

18000-loss_z:20.480373,accu:0.341772,loss_recon:0.448621

18200-loss_z:0.004226,accu:1.0,loss_recon:0.11811

18200-loss_z:20.712826,accu:0.341772,loss_recon:0.438443

18400-loss_z:0.003972,accu:1.0,loss_recon:0.118053

18400-loss_z:20.975569,accu:0.35443,loss_recon:0.443687

18600-loss_z:0.003731,accu:1.0,loss_recon:0.118346

18600-loss_z:21.26156,accu:0.341772,loss_recon:0.447455

18800-loss_z:0.00337,accu:1.0,loss_recon:0.117826

18800-loss_z:21.490036,accu:0.35443,loss_recon:0.435075

19000-loss_z:0.003201,accu:1.0,loss_recon:0.118327

19000-loss_z:21.735363,accu:0.341772,loss_recon:0.448284

19200-loss_z:0.003022,accu:1.0,loss_recon:0.11808

19200-loss_z:22.032021,accu:0.35443,loss_recon:0.444944

19400-loss_z:0.002813,accu:1.0,loss_recon:0.11882

19400-loss_z:22.304523,accu:0.329114,loss_recon:0.433992

19600-loss_z:0.002592,accu:1.0,loss_recon:0.116987

19600-loss_z:22.581255,accu:0.341772,loss_recon:0.433213

19800-loss_z:0.002349,accu:1.0,loss_recon:0.116533

19800-loss_z:22.839506,accu:0.367089,loss_recon:0.438903

20000-loss_z:0.002224,accu:1.0,loss_recon:0.117402

20000-loss_z:23.077341,accu:0.35443,loss_recon:0.442835

Continue training
New FC model is initialized
200-loss_z:2.482392,accu:0.191225,loss_recon:3.380721

200-loss_z:2.527843,accu:0.075949,loss_recon:1.799489

400-loss_z:1.79616,accu:0.383711,loss_recon:1.48847

400-loss_z:2.398834,accu:0.075949,loss_recon:1.082964

600-loss_z:1.4557,accu:0.522513,loss_recon:0.912141

600-loss_z:2.398834,accu:0.101266,loss_recon:1.022672

800-loss_z:1.241686,accu:0.622135,loss_recon:0.699758

800-loss_z:2.462153,accu:0.164557,loss_recon:0.962046

1000-loss_z:1.089528,accu:0.693926,loss_recon:0.596277

1000-loss_z:2.537997,accu:0.164557,loss_recon:0.865969

1200-loss_z:0.969482,accu:0.763522,loss_recon:0.505418

1200-loss_z:2.6537,accu:0.227848,loss_recon:0.803886

1400-loss_z:0.861938,accu:0.817773,loss_recon:0.446922

1400-loss_z:2.80775,accu:0.240506,loss_recon:0.749012

1600-loss_z:0.782665,accu:0.840365,loss_recon:0.407391

1600-loss_z:2.892699,accu:0.265823,loss_recon:0.700045

1800-loss_z:0.719775,accu:0.859473,loss_recon:0.371637

1800-loss_z:3.031077,accu:0.316456,loss_recon:0.685254

2000-loss_z:0.652522,accu:0.871556,loss_recon:0.352774

2000-loss_z:3.192983,accu:0.303797,loss_recon:0.660614

2200-loss_z:0.599816,accu:0.880605,loss_recon:0.331403

2200-loss_z:3.331607,accu:0.329114,loss_recon:0.641966

2400-loss_z:0.558095,accu:0.887513,loss_recon:0.320274

2400-loss_z:3.48272,accu:0.367089,loss_recon:0.64362

2600-loss_z:0.51454,accu:0.894193,loss_recon:0.30309

2600-loss_z:3.670254,accu:0.341772,loss_recon:0.627119

2800-loss_z:0.481434,accu:0.906829,loss_recon:0.296922

2800-loss_z:3.827011,accu:0.316456,loss_recon:0.644431

3000-loss_z:0.444735,accu:0.920378,loss_recon:0.29443

3000-loss_z:3.966028,accu:0.379747,loss_recon:0.628627

3200-loss_z:0.41268,accu:0.927813,loss_recon:0.287879

3200-loss_z:4.142986,accu:0.367089,loss_recon:0.626928

3400-loss_z:0.384522,accu:0.929948,loss_recon:0.283734

3400-loss_z:4.296083,accu:0.35443,loss_recon:0.630356

3600-loss_z:0.360659,accu:0.937702,loss_recon:0.27954

3600-loss_z:4.469041,accu:0.379747,loss_recon:0.642004

3800-loss_z:0.338235,accu:0.940391,loss_recon:0.277976

3800-loss_z:4.631972,accu:0.405063,loss_recon:0.624608

4000-loss_z:0.314001,accu:0.944837,loss_recon:0.279873

4000-loss_z:4.79343,accu:0.379747,loss_recon:0.641673

4200-loss_z:0.2963,accu:0.945664,loss_recon:0.268331

4200-loss_z:4.951342,accu:0.379747,loss_recon:0.639032

4400-loss_z:0.280773,accu:0.951536,loss_recon:0.266351

4400-loss_z:5.13335,accu:0.367089,loss_recon:0.645423

4600-loss_z:0.261497,accu:0.954994,loss_recon:0.264123

4600-loss_z:5.298688,accu:0.379747,loss_recon:0.636654

4800-loss_z:0.244141,accu:0.962493,loss_recon:0.260053

4800-loss_z:5.469463,accu:0.367089,loss_recon:0.639529

5000-loss_z:0.231446,accu:0.966283,loss_recon:0.261618

5000-loss_z:5.647417,accu:0.392405,loss_recon:0.627333

5200-loss_z:0.219183,accu:0.970586,loss_recon:0.256242

5200-loss_z:5.824657,accu:0.392405,loss_recon:0.647222

5400-loss_z:0.203272,accu:0.971419,loss_recon:0.252389

5400-loss_z:6.009142,accu:0.367089,loss_recon:0.641806

5600-loss_z:0.192719,accu:0.976055,loss_recon:0.251147

5600-loss_z:6.198311,accu:0.392405,loss_recon:0.645145

5800-loss_z:0.182945,accu:0.976374,loss_recon:0.244776

5800-loss_z:6.406582,accu:0.392405,loss_recon:0.640107

6000-loss_z:0.176198,accu:0.982448,loss_recon:0.243246

6000-loss_z:6.593424,accu:0.392405,loss_recon:0.631522

6200-loss_z:0.161702,accu:0.983659,loss_recon:0.239689

6200-loss_z:6.816643,accu:0.392405,loss_recon:0.636162

6400-loss_z:0.154782,accu:0.987259,loss_recon:0.238234

6400-loss_z:6.999549,accu:0.392405,loss_recon:0.629702

6600-loss_z:0.146815,accu:0.991706,loss_recon:0.232847

6600-loss_z:7.214223,accu:0.405063,loss_recon:0.626675

6800-loss_z:0.137761,accu:0.989017,loss_recon:0.230119

6800-loss_z:7.433371,accu:0.405063,loss_recon:0.624799

7000-loss_z:0.131441,accu:0.990599,loss_recon:0.228969

7000-loss_z:7.678744,accu:0.367089,loss_recon:0.633261

7200-loss_z:0.121897,accu:0.991628,loss_recon:0.226288

7200-loss_z:7.902358,accu:0.392405,loss_recon:0.630558

7400-loss_z:0.115087,accu:0.99263,loss_recon:0.226297

7400-loss_z:8.088778,accu:0.379747,loss_recon:0.619591

7600-loss_z:0.109068,accu:0.993652,loss_recon:0.226929

7600-loss_z:8.299225,accu:0.417722,loss_recon:0.621553

7800-loss_z:0.101781,accu:0.993073,loss_recon:0.222409

7800-loss_z:8.573174,accu:0.392405,loss_recon:0.620572

8000-loss_z:0.098239,accu:0.993867,loss_recon:0.223876

8000-loss_z:8.79079,accu:0.405063,loss_recon:0.619984

8200-loss_z:0.091,accu:0.993932,loss_recon:0.222507

8200-loss_z:9.018915,accu:0.405063,loss_recon:0.613766

8400-loss_z:0.086638,accu:0.994772,loss_recon:0.221212

8400-loss_z:9.239591,accu:0.417722,loss_recon:0.630324

8600-loss_z:0.082249,accu:0.994453,loss_recon:0.220728

8600-loss_z:9.536485,accu:0.405063,loss_recon:0.619064

8800-loss_z:0.076523,accu:0.995488,loss_recon:0.21768

8800-loss_z:9.806833,accu:0.405063,loss_recon:0.613208

9000-loss_z:0.071711,accu:0.996016,loss_recon:0.215742

9000-loss_z:10.065135,accu:0.43038,loss_recon:0.608778

9200-loss_z:0.067675,accu:0.997044,loss_recon:0.213075

9200-loss_z:10.340428,accu:0.405063,loss_recon:0.616507

9400-loss_z:0.063532,accu:0.996979,loss_recon:0.214755

9400-loss_z:10.619218,accu:0.405063,loss_recon:0.605439

9600-loss_z:0.061077,accu:0.998138,loss_recon:0.208344

9600-loss_z:10.925048,accu:0.405063,loss_recon:0.60503

9800-loss_z:0.056094,accu:0.999616,loss_recon:0.207514

9800-loss_z:11.231795,accu:0.405063,loss_recon:0.606592

10000-loss_z:0.052293,accu:0.998646,loss_recon:0.206024

10000-loss_z:11.497187,accu:0.417722,loss_recon:0.61224

10200-loss_z:0.050102,accu:1.0,loss_recon:0.205103

10200-loss_z:11.770652,accu:0.392405,loss_recon:0.597637

10400-loss_z:0.047678,accu:1.0,loss_recon:0.203829

10400-loss_z:12.094501,accu:0.392405,loss_recon:0.604656

10600-loss_z:0.043201,accu:1.0,loss_recon:0.202272

10600-loss_z:12.360036,accu:0.392405,loss_recon:0.60658

10800-loss_z:0.04136,accu:1.0,loss_recon:0.19942

10800-loss_z:12.703275,accu:0.379747,loss_recon:0.593814

11000-loss_z:0.038797,accu:1.0,loss_recon:0.196512

11000-loss_z:12.990075,accu:0.392405,loss_recon:0.620115

11200-loss_z:0.036579,accu:1.0,loss_recon:0.192511

11200-loss_z:13.295689,accu:0.379747,loss_recon:0.613883

11400-loss_z:0.034154,accu:1.0,loss_recon:0.19301

11400-loss_z:13.596431,accu:0.392405,loss_recon:0.626508

11600-loss_z:0.031744,accu:1.0,loss_recon:0.188657

11600-loss_z:13.886201,accu:0.392405,loss_recon:0.636117

11800-loss_z:0.030484,accu:1.0,loss_recon:0.18905

11800-loss_z:14.175527,accu:0.379747,loss_recon:0.636333

12000-loss_z:0.027854,accu:1.0,loss_recon:0.186072

12000-loss_z:14.461415,accu:0.379747,loss_recon:0.642048

12200-loss_z:0.026586,accu:1.0,loss_recon:0.184027

12200-loss_z:14.768071,accu:0.367089,loss_recon:0.641414

12400-loss_z:0.024426,accu:1.0,loss_recon:0.181783

12400-loss_z:15.164089,accu:0.392405,loss_recon:0.639173

12600-loss_z:0.022187,accu:1.0,loss_recon:0.182042

12600-loss_z:15.513271,accu:0.392405,loss_recon:0.660922

12800-loss_z:0.021396,accu:1.0,loss_recon:0.177949

12800-loss_z:16.698195,accu:0.379747,loss_recon:0.657802

13000-loss_z:0.019888,accu:1.0,loss_recon:0.177859

13000-loss_z:17.897261,accu:0.379747,loss_recon:0.648318

13200-loss_z:0.018459,accu:1.0,loss_recon:0.175915

13200-loss_z:18.965706,accu:0.379747,loss_recon:0.670338

13400-loss_z:0.017102,accu:1.0,loss_recon:0.176275

13400-loss_z:19.87369,accu:0.379747,loss_recon:0.664781

13600-loss_z:0.015916,accu:1.0,loss_recon:0.175041

13600-loss_z:20.647902,accu:0.379747,loss_recon:0.666735

13800-loss_z:0.014736,accu:1.0,loss_recon:0.172886

13800-loss_z:21.334639,accu:0.379747,loss_recon:0.65802

14000-loss_z:0.013881,accu:1.0,loss_recon:0.170446

14000-loss_z:22.00174,accu:0.379747,loss_recon:0.658063

14200-loss_z:0.012698,accu:1.0,loss_recon:0.170303

14200-loss_z:22.686121,accu:0.379747,loss_recon:0.670672

14400-loss_z:0.011816,accu:1.0,loss_recon:0.169498

14400-loss_z:23.346773,accu:0.379747,loss_recon:0.665523

14600-loss_z:0.010818,accu:1.0,loss_recon:0.167247

14600-loss_z:23.90447,accu:0.379747,loss_recon:0.666193

14800-loss_z:0.010317,accu:1.0,loss_recon:0.168121

14800-loss_z:24.470722,accu:0.379747,loss_recon:0.670215

15000-loss_z:0.009456,accu:1.0,loss_recon:0.165431

15000-loss_z:24.985357,accu:0.392405,loss_recon:0.662429

15200-loss_z:0.008857,accu:1.0,loss_recon:0.164368

15200-loss_z:25.442572,accu:0.379747,loss_recon:0.684442

15400-loss_z:0.008164,accu:1.0,loss_recon:0.165372

15400-loss_z:25.953833,accu:0.379747,loss_recon:0.670522

15600-loss_z:0.007533,accu:1.0,loss_recon:0.164689

15600-loss_z:26.445084,accu:0.392405,loss_recon:0.680685

15800-loss_z:0.006923,accu:1.0,loss_recon:0.163234

15800-loss_z:26.886274,accu:0.392405,loss_recon:0.668508

16000-loss_z:0.006503,accu:1.0,loss_recon:0.163198

16000-loss_z:27.375923,accu:0.379747,loss_recon:0.671823

16200-loss_z:0.005958,accu:1.0,loss_recon:0.163125

16200-loss_z:27.877031,accu:0.392405,loss_recon:0.670143

16400-loss_z:0.005352,accu:1.0,loss_recon:0.161757

16400-loss_z:28.22864,accu:0.392405,loss_recon:0.663972

16600-loss_z:0.005043,accu:1.0,loss_recon:0.160832

16600-loss_z:28.730852,accu:0.405063,loss_recon:0.677162

16800-loss_z:0.004706,accu:1.0,loss_recon:0.162821

16800-loss_z:29.147675,accu:0.405063,loss_recon:0.682336

17000-loss_z:0.004327,accu:1.0,loss_recon:0.161437

17000-loss_z:29.571552,accu:0.405063,loss_recon:0.678445

17200-loss_z:0.003905,accu:1.0,loss_recon:0.162123

17200-loss_z:30.028055,accu:0.405063,loss_recon:0.674474

17400-loss_z:0.003671,accu:1.0,loss_recon:0.161424

17400-loss_z:30.50432,accu:0.405063,loss_recon:0.675632

17600-loss_z:0.003287,accu:1.0,loss_recon:0.160673

17600-loss_z:30.938726,accu:0.405063,loss_recon:0.67015

17800-loss_z:0.003143,accu:1.0,loss_recon:0.160511

17800-loss_z:31.401258,accu:0.405063,loss_recon:0.666321

18000-loss_z:0.002859,accu:1.0,loss_recon:0.159395

18000-loss_z:31.822195,accu:0.405063,loss_recon:0.681226

18200-loss_z:0.002556,accu:1.0,loss_recon:0.158587

18200-loss_z:32.300198,accu:0.405063,loss_recon:0.671059

18400-loss_z:0.002378,accu:1.0,loss_recon:0.159599

18400-loss_z:32.695404,accu:0.405063,loss_recon:0.672024

18600-loss_z:0.002193,accu:1.0,loss_recon:0.159602

18600-loss_z:33.166756,accu:0.417722,loss_recon:0.667908

18800-loss_z:0.002023,accu:1.0,loss_recon:0.159445

18800-loss_z:33.648487,accu:0.43038,loss_recon:0.669107

19000-loss_z:0.001893,accu:1.0,loss_recon:0.158446

19000-loss_z:34.089024,accu:0.43038,loss_recon:0.684465

19200-loss_z:0.001688,accu:1.0,loss_recon:0.159909

19200-loss_z:34.561401,accu:0.417722,loss_recon:0.673062

19400-loss_z:0.001562,accu:1.0,loss_recon:0.158613

19400-loss_z:35.035019,accu:0.417722,loss_recon:0.663867

19600-loss_z:0.001373,accu:1.0,loss_recon:0.158549

19600-loss_z:35.522141,accu:0.417722,loss_recon:0.662125

19800-loss_z:0.001283,accu:1.0,loss_recon:0.158316

19800-loss_z:35.997471,accu:0.417722,loss_recon:0.662101

20000-loss_z:0.001188,accu:1.0,loss_recon:0.156686

20000-loss_z:36.395466,accu:0.405063,loss_recon:0.658094

Continue training
New FC model is initialized
200-loss_z:2.562937,accu:0.172691,loss_recon:3.021156

200-loss_z:2.531437,accu:0.050633,loss_recon:1.462774

400-loss_z:1.952477,accu:0.333789,loss_recon:1.025506

400-loss_z:2.358731,accu:0.075949,loss_recon:1.005286

600-loss_z:1.584761,accu:0.437324,loss_recon:0.750316

600-loss_z:2.293589,accu:0.139241,loss_recon:0.933643

800-loss_z:1.342323,accu:0.582689,loss_recon:0.646041

800-loss_z:2.296973,accu:0.151899,loss_recon:0.853808

1000-loss_z:1.166528,accu:0.661777,loss_recon:0.559785

1000-loss_z:2.328099,accu:0.265823,loss_recon:0.79917

1200-loss_z:1.033191,accu:0.708105,loss_recon:0.486769

1200-loss_z:2.422108,accu:0.278481,loss_recon:0.733054

1400-loss_z:0.927081,accu:0.76043,loss_recon:0.424323

1400-loss_z:2.538839,accu:0.291139,loss_recon:0.644906

1600-loss_z:0.839174,accu:0.80334,loss_recon:0.368531

1600-loss_z:2.665912,accu:0.303797,loss_recon:0.575049

1800-loss_z:0.759052,accu:0.82946,loss_recon:0.331101

1800-loss_z:2.769699,accu:0.392405,loss_recon:0.550436

2000-loss_z:0.693579,accu:0.853294,loss_recon:0.305444

2000-loss_z:2.924435,accu:0.367089,loss_recon:0.506412

2200-loss_z:0.640231,accu:0.873919,loss_recon:0.281981

2200-loss_z:3.085416,accu:0.367089,loss_recon:0.489047

2400-loss_z:0.591289,accu:0.890391,loss_recon:0.260578

2400-loss_z:3.244509,accu:0.367089,loss_recon:0.455944

2600-loss_z:0.548822,accu:0.904564,loss_recon:0.245315

2600-loss_z:3.409523,accu:0.35443,loss_recon:0.447986

2800-loss_z:0.511083,accu:0.912741,loss_recon:0.234921

2800-loss_z:3.589027,accu:0.379747,loss_recon:0.43681

3000-loss_z:0.475416,accu:0.925755,loss_recon:0.220543

3000-loss_z:3.732652,accu:0.43038,loss_recon:0.421737

3200-loss_z:0.446001,accu:0.937311,loss_recon:0.211679

3200-loss_z:3.920808,accu:0.443038,loss_recon:0.412799

3400-loss_z:0.417097,accu:0.948047,loss_recon:0.202526

3400-loss_z:4.088011,accu:0.443038,loss_recon:0.400743

3600-loss_z:0.389351,accu:0.953724,loss_recon:0.190807

3600-loss_z:4.271685,accu:0.481013,loss_recon:0.394394

3800-loss_z:0.364992,accu:0.959284,loss_recon:0.185955

3800-loss_z:4.476894,accu:0.468354,loss_recon:0.386159

4000-loss_z:0.339178,accu:0.964368,loss_recon:0.178164

4000-loss_z:4.683237,accu:0.443038,loss_recon:0.379141

4200-loss_z:0.320342,accu:0.969212,loss_recon:0.174443

4200-loss_z:4.871222,accu:0.468354,loss_recon:0.380486

4400-loss_z:0.301028,accu:0.969922,loss_recon:0.171594

4400-loss_z:5.075047,accu:0.481013,loss_recon:0.370993

4600-loss_z:0.281367,accu:0.978548,loss_recon:0.164183

4600-loss_z:5.280009,accu:0.468354,loss_recon:0.374026

4800-loss_z:0.266281,accu:0.97873,loss_recon:0.162437

4800-loss_z:5.512453,accu:0.455696,loss_recon:0.362028

5000-loss_z:0.247772,accu:0.982832,loss_recon:0.15883

5000-loss_z:5.67198,accu:0.506329,loss_recon:0.366712

5200-loss_z:0.233336,accu:0.98196,loss_recon:0.155186

5200-loss_z:5.930521,accu:0.481013,loss_recon:0.353043

5400-loss_z:0.222692,accu:0.981081,loss_recon:0.154807

5400-loss_z:6.136287,accu:0.506329,loss_recon:0.354865

5600-loss_z:0.208031,accu:0.982565,loss_recon:0.154185

5600-loss_z:6.330913,accu:0.493671,loss_recon:0.357729

5800-loss_z:0.195767,accu:0.982858,loss_recon:0.150147

5800-loss_z:6.567816,accu:0.481013,loss_recon:0.356539

6000-loss_z:0.185301,accu:0.981374,loss_recon:0.147661

6000-loss_z:6.767896,accu:0.493671,loss_recon:0.355162

6200-loss_z:0.1743,accu:0.980866,loss_recon:0.14516

6200-loss_z:6.995774,accu:0.468354,loss_recon:0.352213

6400-loss_z:0.165665,accu:0.983809,loss_recon:0.145497

6400-loss_z:7.2342,accu:0.493671,loss_recon:0.348828

6600-loss_z:0.152781,accu:0.982526,loss_recon:0.14317

6600-loss_z:7.450286,accu:0.481013,loss_recon:0.346895

6800-loss_z:0.144773,accu:0.985658,loss_recon:0.140055

6800-loss_z:7.654121,accu:0.468354,loss_recon:0.340537

7000-loss_z:0.136067,accu:0.98778,loss_recon:0.139228

7000-loss_z:7.877023,accu:0.468354,loss_recon:0.352564

7200-loss_z:0.127493,accu:0.989342,loss_recon:0.136524

7200-loss_z:8.087467,accu:0.468354,loss_recon:0.346183

7400-loss_z:0.118998,accu:0.992168,loss_recon:0.13288

7400-loss_z:8.332518,accu:0.468354,loss_recon:0.345329

7600-loss_z:0.112854,accu:0.993698,loss_recon:0.133331

7600-loss_z:8.52045,accu:0.468354,loss_recon:0.347335

7800-loss_z:0.106881,accu:0.992331,loss_recon:0.133509

7800-loss_z:8.742209,accu:0.468354,loss_recon:0.344772

8000-loss_z:0.102006,accu:0.992754,loss_recon:0.133864

8000-loss_z:8.988225,accu:0.443038,loss_recon:0.351024

8200-loss_z:0.094168,accu:0.992897,loss_recon:0.13156

8200-loss_z:9.18327,accu:0.468354,loss_recon:0.353453

8400-loss_z:0.089756,accu:0.99151,loss_recon:0.131265

8400-loss_z:9.427904,accu:0.443038,loss_recon:0.349878

8600-loss_z:0.08384,accu:0.994284,loss_recon:0.132077

8600-loss_z:9.639679,accu:0.455696,loss_recon:0.348852

8800-loss_z:0.078885,accu:0.993796,loss_recon:0.128706

8800-loss_z:9.84733,accu:0.455696,loss_recon:0.355001

9000-loss_z:0.074174,accu:0.993594,loss_recon:0.128827

9000-loss_z:10.124134,accu:0.455696,loss_recon:0.362679

9200-loss_z:0.070259,accu:0.994225,loss_recon:0.128593

9200-loss_z:10.329826,accu:0.443038,loss_recon:0.345094

9400-loss_z:0.066245,accu:0.994857,loss_recon:0.128681

9400-loss_z:10.53319,accu:0.455696,loss_recon:0.349391

9600-loss_z:0.061199,accu:0.995449,loss_recon:0.128217

9600-loss_z:10.715411,accu:0.468354,loss_recon:0.354086

9800-loss_z:0.058597,accu:0.997715,loss_recon:0.129155

9800-loss_z:10.944297,accu:0.468354,loss_recon:0.34706

10000-loss_z:0.054585,accu:0.997884,loss_recon:0.127017

10000-loss_z:11.150439,accu:0.455696,loss_recon:0.346203

10200-loss_z:0.051896,accu:0.998457,loss_recon:0.128237

10200-loss_z:11.388541,accu:0.468354,loss_recon:0.343399

10400-loss_z:0.048892,accu:0.999518,loss_recon:0.126544

10400-loss_z:11.627024,accu:0.481013,loss_recon:0.347264

10600-loss_z:0.045451,accu:0.99957,loss_recon:0.127126

10600-loss_z:11.8425,accu:0.481013,loss_recon:0.338043

10800-loss_z:0.042586,accu:1.0,loss_recon:0.126259

10800-loss_z:12.116028,accu:0.481013,loss_recon:0.344985

11000-loss_z:0.039741,accu:1.0,loss_recon:0.127048

11000-loss_z:12.312532,accu:0.468354,loss_recon:0.344051

11200-loss_z:0.038458,accu:1.0,loss_recon:0.126386

11200-loss_z:12.550986,accu:0.455696,loss_recon:0.33724

11400-loss_z:0.035979,accu:1.0,loss_recon:0.12723

11400-loss_z:12.803144,accu:0.455696,loss_recon:0.339946

11600-loss_z:0.032963,accu:1.0,loss_recon:0.12647

11600-loss_z:13.095768,accu:0.455696,loss_recon:0.336575

11800-loss_z:0.03164,accu:1.0,loss_recon:0.126153

11800-loss_z:13.364556,accu:0.468354,loss_recon:0.345511

12000-loss_z:0.029214,accu:1.0,loss_recon:0.126519

12000-loss_z:13.632618,accu:0.455696,loss_recon:0.342345

12200-loss_z:0.02714,accu:1.0,loss_recon:0.126411

12200-loss_z:13.907159,accu:0.455696,loss_recon:0.343699

12400-loss_z:0.025917,accu:1.0,loss_recon:0.126157

12400-loss_z:14.186548,accu:0.443038,loss_recon:0.344981

12600-loss_z:0.024509,accu:1.0,loss_recon:0.126323

12600-loss_z:14.463209,accu:0.443038,loss_recon:0.342726

12800-loss_z:0.022324,accu:1.0,loss_recon:0.127559

12800-loss_z:14.734071,accu:0.443038,loss_recon:0.341993

13000-loss_z:0.020896,accu:1.0,loss_recon:0.125024

13000-loss_z:15.052492,accu:0.443038,loss_recon:0.342021

13200-loss_z:0.019448,accu:1.0,loss_recon:0.123884

13200-loss_z:15.317837,accu:0.443038,loss_recon:0.346326

13400-loss_z:0.018171,accu:1.0,loss_recon:0.12519

13400-loss_z:15.619081,accu:0.443038,loss_recon:0.346059

13600-loss_z:0.016927,accu:1.0,loss_recon:0.124191

13600-loss_z:15.936329,accu:0.443038,loss_recon:0.345394

13800-loss_z:0.015944,accu:1.0,loss_recon:0.123986

13800-loss_z:16.266426,accu:0.455696,loss_recon:0.346821

14000-loss_z:0.014577,accu:1.0,loss_recon:0.126176

14000-loss_z:16.606094,accu:0.455696,loss_recon:0.345097

14200-loss_z:0.013504,accu:1.0,loss_recon:0.123526

14200-loss_z:16.930214,accu:0.455696,loss_recon:0.352998

14400-loss_z:0.012654,accu:1.0,loss_recon:0.124246

14400-loss_z:17.24375,accu:0.443038,loss_recon:0.340415

14600-loss_z:0.01175,accu:1.0,loss_recon:0.124546

14600-loss_z:17.57279,accu:0.43038,loss_recon:0.340321

14800-loss_z:0.010935,accu:1.0,loss_recon:0.123373

14800-loss_z:17.895599,accu:0.43038,loss_recon:0.350481

15000-loss_z:0.010116,accu:1.0,loss_recon:0.124205

15000-loss_z:18.164192,accu:0.443038,loss_recon:0.350037

15200-loss_z:0.009079,accu:1.0,loss_recon:0.124333

15200-loss_z:18.491985,accu:0.443038,loss_recon:0.344376

15400-loss_z:0.008613,accu:1.0,loss_recon:0.123372

15400-loss_z:18.819811,accu:0.443038,loss_recon:0.341783

15600-loss_z:0.007886,accu:1.0,loss_recon:0.122537

15600-loss_z:19.122244,accu:0.443038,loss_recon:0.350592

15800-loss_z:0.007473,accu:1.0,loss_recon:0.123409

15800-loss_z:19.351509,accu:0.443038,loss_recon:0.349942

16000-loss_z:0.006733,accu:1.0,loss_recon:0.123671

16000-loss_z:19.700644,accu:0.443038,loss_recon:0.335775

16200-loss_z:0.006293,accu:1.0,loss_recon:0.122622

16200-loss_z:20.001665,accu:0.443038,loss_recon:0.333597

16400-loss_z:0.005676,accu:1.0,loss_recon:0.121678

16400-loss_z:20.311062,accu:0.443038,loss_recon:0.33911

16600-loss_z:0.005137,accu:1.0,loss_recon:0.121937

16600-loss_z:20.649345,accu:0.417722,loss_recon:0.338923

16800-loss_z:0.004741,accu:1.0,loss_recon:0.122463

16800-loss_z:21.03421,accu:0.417722,loss_recon:0.34017

17000-loss_z:0.00447,accu:1.0,loss_recon:0.120726

17000-loss_z:21.988287,accu:0.443038,loss_recon:0.332867

17200-loss_z:0.004019,accu:1.0,loss_recon:0.12151

17200-loss_z:22.833519,accu:0.417722,loss_recon:0.340795

17400-loss_z:0.003638,accu:1.0,loss_recon:0.120118

17400-loss_z:23.634874,accu:0.43038,loss_recon:0.338044

17600-loss_z:0.003341,accu:1.0,loss_recon:0.120161

17600-loss_z:24.379557,accu:0.417722,loss_recon:0.338272

17800-loss_z:0.003133,accu:1.0,loss_recon:0.121321

17800-loss_z:25.057423,accu:0.43038,loss_recon:0.327064

18000-loss_z:0.002775,accu:1.0,loss_recon:0.1214

18000-loss_z:25.635429,accu:0.443038,loss_recon:0.333479

18200-loss_z:0.002556,accu:1.0,loss_recon:0.119818

18200-loss_z:26.169399,accu:0.443038,loss_recon:0.329094

18400-loss_z:0.002398,accu:1.0,loss_recon:0.120928

18400-loss_z:26.610161,accu:0.43038,loss_recon:0.330045

18600-loss_z:0.002161,accu:1.0,loss_recon:0.12088

18600-loss_z:27.095821,accu:0.443038,loss_recon:0.340055

18800-loss_z:0.001937,accu:1.0,loss_recon:0.121691

18800-loss_z:27.572166,accu:0.455696,loss_recon:0.333679

19000-loss_z:0.001763,accu:1.0,loss_recon:0.120089

19000-loss_z:27.95166,accu:0.443038,loss_recon:0.334658

19200-loss_z:0.00163,accu:1.0,loss_recon:0.119759

19200-loss_z:28.390352,accu:0.443038,loss_recon:0.33849

19400-loss_z:0.001422,accu:1.0,loss_recon:0.12039

19400-loss_z:28.771563,accu:0.443038,loss_recon:0.327832

19600-loss_z:0.001326,accu:1.0,loss_recon:0.121176

19600-loss_z:29.13483,accu:0.455696,loss_recon:0.336069

19800-loss_z:0.001258,accu:1.0,loss_recon:0.121136

19800-loss_z:29.538729,accu:0.443038,loss_recon:0.326568

20000-loss_z:0.001109,accu:1.0,loss_recon:0.120831

20000-loss_z:29.89637,accu:0.443038,loss_recon:0.338826

Continue training
New FC model is initialized
200-loss_z:2.568878,accu:0.191847,loss_recon:3.178594

200-loss_z:2.626923,accu:0.113924,loss_recon:1.833284

400-loss_z:1.841623,accu:0.370859,loss_recon:1.146388

400-loss_z:2.450455,accu:0.113924,loss_recon:1.136065

600-loss_z:1.487749,accu:0.480293,loss_recon:0.705428

600-loss_z:2.442919,accu:0.126582,loss_recon:0.840196

800-loss_z:1.288029,accu:0.58179,loss_recon:0.534771

800-loss_z:2.512559,accu:0.164557,loss_recon:0.688412

1000-loss_z:1.133365,accu:0.666068,loss_recon:0.453037

1000-loss_z:2.592096,accu:0.227848,loss_recon:0.619115

1200-loss_z:1.016175,accu:0.734714,loss_recon:0.409362

1200-loss_z:2.681911,accu:0.240506,loss_recon:0.579739

1400-loss_z:0.922983,accu:0.756953,loss_recon:0.379197

1400-loss_z:2.806571,accu:0.278481,loss_recon:0.563678

1600-loss_z:0.840665,accu:0.783698,loss_recon:0.355756

1600-loss_z:2.959935,accu:0.316456,loss_recon:0.547906

1800-loss_z:0.778655,accu:0.804375,loss_recon:0.340367

1800-loss_z:3.087103,accu:0.329114,loss_recon:0.53967

2000-loss_z:0.71118,accu:0.815638,loss_recon:0.321098

2000-loss_z:3.252613,accu:0.367089,loss_recon:0.53346

2200-loss_z:0.661006,accu:0.828711,loss_recon:0.304251

2200-loss_z:3.406002,accu:0.367089,loss_recon:0.532637

2400-loss_z:0.614943,accu:0.844303,loss_recon:0.293126

2400-loss_z:3.55497,accu:0.392405,loss_recon:0.532601

2600-loss_z:0.573332,accu:0.851615,loss_recon:0.278856

2600-loss_z:3.733808,accu:0.379747,loss_recon:0.500862

2800-loss_z:0.543013,accu:0.858568,loss_recon:0.270658

2800-loss_z:3.907259,accu:0.367089,loss_recon:0.503275

3000-loss_z:0.506483,accu:0.874551,loss_recon:0.259413

3000-loss_z:4.118979,accu:0.35443,loss_recon:0.495225

3200-loss_z:0.475658,accu:0.879629,loss_recon:0.247229

3200-loss_z:4.304194,accu:0.392405,loss_recon:0.498116

3400-loss_z:0.44945,accu:0.884668,loss_recon:0.231709

3400-loss_z:4.495676,accu:0.392405,loss_recon:0.494225

3600-loss_z:0.424796,accu:0.893385,loss_recon:0.23295

3600-loss_z:4.66101,accu:0.405063,loss_recon:0.488119

3800-loss_z:0.400924,accu:0.918379,loss_recon:0.224712

3800-loss_z:4.906597,accu:0.43038,loss_recon:0.49118

4000-loss_z:0.375908,accu:0.92903,loss_recon:0.222583

4000-loss_z:5.107614,accu:0.43038,loss_recon:0.493542

4200-loss_z:0.355486,accu:0.944434,loss_recon:0.220503

4200-loss_z:5.304545,accu:0.468354,loss_recon:0.508264

4400-loss_z:0.327932,accu:0.951484,loss_recon:0.216495

4400-loss_z:5.511321,accu:0.443038,loss_recon:0.49313

4600-loss_z:0.312191,accu:0.966452,loss_recon:0.216086

4600-loss_z:5.770177,accu:0.468354,loss_recon:0.502277

4800-loss_z:0.293487,accu:0.971634,loss_recon:0.212037

4800-loss_z:5.987407,accu:0.468354,loss_recon:0.502716

5000-loss_z:0.275781,accu:0.974889,loss_recon:0.210396

5000-loss_z:6.241558,accu:0.455696,loss_recon:0.502912

5200-loss_z:0.259571,accu:0.975508,loss_recon:0.208277

5200-loss_z:6.512103,accu:0.481013,loss_recon:0.505126

5400-loss_z:0.243856,accu:0.977507,loss_recon:0.20529

5400-loss_z:6.779336,accu:0.443038,loss_recon:0.515732

5600-loss_z:0.231334,accu:0.976374,loss_recon:0.203975

5600-loss_z:7.03027,accu:0.43038,loss_recon:0.517295

5800-loss_z:0.218886,accu:0.978268,loss_recon:0.203672

5800-loss_z:7.289542,accu:0.443038,loss_recon:0.516282

6000-loss_z:0.206801,accu:0.979577,loss_recon:0.202449

6000-loss_z:7.565381,accu:0.455696,loss_recon:0.510705

6200-loss_z:0.195384,accu:0.979453,loss_recon:0.201197

6200-loss_z:7.88782,accu:0.468354,loss_recon:0.515364

6400-loss_z:0.1824,accu:0.982533,loss_recon:0.197518

6400-loss_z:8.122713,accu:0.481013,loss_recon:0.519206

6600-loss_z:0.173393,accu:0.983945,loss_recon:0.198425

6600-loss_z:8.45967,accu:0.481013,loss_recon:0.511417

6800-loss_z:0.161539,accu:0.984453,loss_recon:0.196233

6800-loss_z:8.750238,accu:0.493671,loss_recon:0.511676

7000-loss_z:0.151895,accu:0.984049,loss_recon:0.192161

7000-loss_z:8.991823,accu:0.493671,loss_recon:0.515209

7200-loss_z:0.143996,accu:0.987637,loss_recon:0.193781

7200-loss_z:9.280385,accu:0.493671,loss_recon:0.521232

7400-loss_z:0.134165,accu:0.990658,loss_recon:0.191561

7400-loss_z:9.583093,accu:0.481013,loss_recon:0.50926

7600-loss_z:0.129132,accu:0.991953,loss_recon:0.189788

7600-loss_z:9.859213,accu:0.493671,loss_recon:0.515602

7800-loss_z:0.120413,accu:0.992734,loss_recon:0.188361

7800-loss_z:10.136348,accu:0.493671,loss_recon:0.517898

8000-loss_z:0.113031,accu:0.994544,loss_recon:0.186962

8000-loss_z:10.421145,accu:0.493671,loss_recon:0.513134

8200-loss_z:0.106313,accu:0.997181,loss_recon:0.188413

8200-loss_z:10.689114,accu:0.493671,loss_recon:0.510301

8400-loss_z:0.100648,accu:0.997559,loss_recon:0.184452

8400-loss_z:10.967299,accu:0.493671,loss_recon:0.507733

8600-loss_z:0.093972,accu:0.996667,loss_recon:0.186152

8600-loss_z:11.269986,accu:0.481013,loss_recon:0.510922

8800-loss_z:0.088895,accu:0.998027,loss_recon:0.183145

8800-loss_z:11.513442,accu:0.468354,loss_recon:0.514822

9000-loss_z:0.084787,accu:0.998926,loss_recon:0.186162

9000-loss_z:11.825948,accu:0.481013,loss_recon:0.515119

9200-loss_z:0.078057,accu:1.0,loss_recon:0.183324

9200-loss_z:12.081988,accu:0.455696,loss_recon:0.519924

9400-loss_z:0.074565,accu:0.999792,loss_recon:0.182855

9400-loss_z:12.338951,accu:0.481013,loss_recon:0.514473

9600-loss_z:0.069373,accu:0.999759,loss_recon:0.18168

9600-loss_z:12.622129,accu:0.481013,loss_recon:0.514787

9800-loss_z:0.06531,accu:1.0,loss_recon:0.182757

9800-loss_z:12.848469,accu:0.481013,loss_recon:0.511585

10000-loss_z:0.060559,accu:1.0,loss_recon:0.182835

10000-loss_z:13.099195,accu:0.481013,loss_recon:0.519799

10200-loss_z:0.057683,accu:1.0,loss_recon:0.182475

10200-loss_z:13.364335,accu:0.468354,loss_recon:0.507611

10400-loss_z:0.052781,accu:1.0,loss_recon:0.181975

10400-loss_z:13.641345,accu:0.493671,loss_recon:0.508305

10600-loss_z:0.049875,accu:1.0,loss_recon:0.18018

10600-loss_z:13.827258,accu:0.481013,loss_recon:0.509389

10800-loss_z:0.04662,accu:1.0,loss_recon:0.180144

10800-loss_z:14.096967,accu:0.468354,loss_recon:0.505429

11000-loss_z:0.044022,accu:1.0,loss_recon:0.181677

11000-loss_z:14.369618,accu:0.481013,loss_recon:0.509955

11200-loss_z:0.040858,accu:1.0,loss_recon:0.180932

11200-loss_z:14.604288,accu:0.481013,loss_recon:0.508962

11400-loss_z:0.03783,accu:1.0,loss_recon:0.179813

11400-loss_z:14.830895,accu:0.443038,loss_recon:0.513607

11600-loss_z:0.035818,accu:1.0,loss_recon:0.182125

11600-loss_z:15.033546,accu:0.443038,loss_recon:0.505532

11800-loss_z:0.033041,accu:1.0,loss_recon:0.178772

11800-loss_z:15.247437,accu:0.455696,loss_recon:0.515287

12000-loss_z:0.031086,accu:1.0,loss_recon:0.181111

12000-loss_z:15.502789,accu:0.43038,loss_recon:0.498833

12200-loss_z:0.029236,accu:1.0,loss_recon:0.179597

12200-loss_z:15.692413,accu:0.443038,loss_recon:0.516434

12400-loss_z:0.02724,accu:1.0,loss_recon:0.180361

12400-loss_z:15.912641,accu:0.443038,loss_recon:0.505119

12600-loss_z:0.025275,accu:1.0,loss_recon:0.181463

12600-loss_z:16.14945,accu:0.443038,loss_recon:0.502949

12800-loss_z:0.023178,accu:1.0,loss_recon:0.179309

12800-loss_z:16.370077,accu:0.43038,loss_recon:0.512188

13000-loss_z:0.021654,accu:1.0,loss_recon:0.178371

13000-loss_z:16.59841,accu:0.43038,loss_recon:0.506656

13200-loss_z:0.019852,accu:1.0,loss_recon:0.177177

13200-loss_z:16.796642,accu:0.443038,loss_recon:0.510811

13400-loss_z:0.018495,accu:1.0,loss_recon:0.178344

13400-loss_z:17.0546,accu:0.43038,loss_recon:0.510241

13600-loss_z:0.01719,accu:1.0,loss_recon:0.177469

13600-loss_z:17.327702,accu:0.43038,loss_recon:0.495748

13800-loss_z:0.016014,accu:1.0,loss_recon:0.178123

13800-loss_z:17.671755,accu:0.455696,loss_recon:0.511102

14000-loss_z:0.015072,accu:1.0,loss_recon:0.178621

14000-loss_z:17.913334,accu:0.43038,loss_recon:0.505885

14200-loss_z:0.013557,accu:1.0,loss_recon:0.17689

14200-loss_z:18.206795,accu:0.443038,loss_recon:0.505356

14400-loss_z:0.012753,accu:1.0,loss_recon:0.178241

14400-loss_z:18.535103,accu:0.43038,loss_recon:0.509527

14600-loss_z:0.011778,accu:1.0,loss_recon:0.177558

14600-loss_z:18.806648,accu:0.43038,loss_recon:0.502676

14800-loss_z:0.01059,accu:1.0,loss_recon:0.177208

14800-loss_z:19.166313,accu:0.417722,loss_recon:0.500549

15000-loss_z:0.010011,accu:1.0,loss_recon:0.178719

15000-loss_z:19.571793,accu:0.417722,loss_recon:0.500133

15200-loss_z:0.009065,accu:1.0,loss_recon:0.177868

15200-loss_z:19.882429,accu:0.417722,loss_recon:0.505751

15400-loss_z:0.008407,accu:1.0,loss_recon:0.177702

15400-loss_z:20.257355,accu:0.405063,loss_recon:0.506857

15600-loss_z:0.007782,accu:1.0,loss_recon:0.177833

15600-loss_z:20.595764,accu:0.405063,loss_recon:0.50494

15800-loss_z:0.00691,accu:1.0,loss_recon:0.176126

15800-loss_z:20.920307,accu:0.417722,loss_recon:0.507225

16000-loss_z:0.006621,accu:1.0,loss_recon:0.178056

16000-loss_z:21.285728,accu:0.405063,loss_recon:0.506109

16200-loss_z:0.006003,accu:1.0,loss_recon:0.177219

16200-loss_z:21.650656,accu:0.405063,loss_recon:0.510475

16400-loss_z:0.005489,accu:1.0,loss_recon:0.178166

16400-loss_z:21.966028,accu:0.405063,loss_recon:0.508818

16600-loss_z:0.005013,accu:1.0,loss_recon:0.178749

16600-loss_z:22.30114,accu:0.417722,loss_recon:0.507346

16800-loss_z:0.004629,accu:1.0,loss_recon:0.176386

16800-loss_z:22.594561,accu:0.417722,loss_recon:0.51108

17000-loss_z:0.004282,accu:1.0,loss_recon:0.176672

17000-loss_z:22.948696,accu:0.392405,loss_recon:0.510722

17200-loss_z:0.003916,accu:1.0,loss_recon:0.176968

17200-loss_z:23.272015,accu:0.392405,loss_recon:0.520348

17400-loss_z:0.003523,accu:1.0,loss_recon:0.176476

17400-loss_z:23.556589,accu:0.405063,loss_recon:0.50927

17600-loss_z:0.003292,accu:1.0,loss_recon:0.177595

17600-loss_z:23.870251,accu:0.392405,loss_recon:0.510004

17800-loss_z:0.002965,accu:1.0,loss_recon:0.174327

17800-loss_z:24.114971,accu:0.392405,loss_recon:0.507044

18000-loss_z:0.002718,accu:1.0,loss_recon:0.176108

18000-loss_z:24.425842,accu:0.379747,loss_recon:0.506913

18200-loss_z:0.002527,accu:1.0,loss_recon:0.176249

18200-loss_z:24.721666,accu:0.392405,loss_recon:0.508781

18400-loss_z:0.002269,accu:1.0,loss_recon:0.176009

18400-loss_z:25.032799,accu:0.392405,loss_recon:0.504451

18600-loss_z:0.002051,accu:1.0,loss_recon:0.175264

18600-loss_z:25.375765,accu:0.392405,loss_recon:0.502618

18800-loss_z:0.001887,accu:1.0,loss_recon:0.17407

18800-loss_z:25.639986,accu:0.379747,loss_recon:0.512958

19000-loss_z:0.001709,accu:1.0,loss_recon:0.173815

19000-loss_z:25.967062,accu:0.379747,loss_recon:0.51189

19200-loss_z:0.001548,accu:1.0,loss_recon:0.175065

19200-loss_z:26.255407,accu:0.379747,loss_recon:0.50519

19400-loss_z:0.001408,accu:1.0,loss_recon:0.175317

19400-loss_z:26.510189,accu:0.392405,loss_recon:0.514366

19600-loss_z:0.0013,accu:1.0,loss_recon:0.176073

19600-loss_z:26.840944,accu:0.392405,loss_recon:0.507273

19800-loss_z:0.001181,accu:1.0,loss_recon:0.175994

19800-loss_z:27.15044,accu:0.379747,loss_recon:0.504986

20000-loss_z:0.001039,accu:1.0,loss_recon:0.172667

20000-loss_z:27.484518,accu:0.379747,loss_recon:0.508295

Continue training
New FC model is initialized
200-loss_z:2.536983,accu:0.187811,loss_recon:3.074615

200-loss_z:2.546073,accu:0.063291,loss_recon:1.909485

400-loss_z:1.873103,accu:0.33582,loss_recon:1.048461

400-loss_z:2.376196,accu:0.126582,loss_recon:0.981758

600-loss_z:1.548656,accu:0.437546,loss_recon:0.656131

600-loss_z:2.368141,accu:0.139241,loss_recon:0.81453

800-loss_z:1.353,accu:0.523835,loss_recon:0.543438

800-loss_z:2.389709,accu:0.189873,loss_recon:0.726992

1000-loss_z:1.204236,accu:0.620931,loss_recon:0.475946

1000-loss_z:2.472032,accu:0.240506,loss_recon:0.660638

1200-loss_z:1.081414,accu:0.683522,loss_recon:0.411249

1200-loss_z:2.57273,accu:0.278481,loss_recon:0.623309

1400-loss_z:0.984438,accu:0.721667,loss_recon:0.363025

1400-loss_z:2.689038,accu:0.291139,loss_recon:0.586509

1600-loss_z:0.899583,accu:0.748288,loss_recon:0.321681

1600-loss_z:2.856137,accu:0.341772,loss_recon:0.559783

1800-loss_z:0.826007,accu:0.774531,loss_recon:0.297737

1800-loss_z:3.048661,accu:0.367089,loss_recon:0.521096

2000-loss_z:0.770045,accu:0.787129,loss_recon:0.275726

2000-loss_z:3.223186,accu:0.329114,loss_recon:0.505604

2200-loss_z:0.718717,accu:0.802415,loss_recon:0.261749

2200-loss_z:3.400955,accu:0.392405,loss_recon:0.482557

2400-loss_z:0.67442,accu:0.816823,loss_recon:0.245745

2400-loss_z:3.588916,accu:0.379747,loss_recon:0.477001

2600-loss_z:0.630753,accu:0.842572,loss_recon:0.230053

2600-loss_z:3.808028,accu:0.392405,loss_recon:0.459227

2800-loss_z:0.59594,accu:0.852936,loss_recon:0.222554

2800-loss_z:4.008088,accu:0.379747,loss_recon:0.453839

3000-loss_z:0.55728,accu:0.870319,loss_recon:0.209666

3000-loss_z:4.211519,accu:0.367089,loss_recon:0.443763

3200-loss_z:0.525184,accu:0.888971,loss_recon:0.201633

3200-loss_z:4.380499,accu:0.405063,loss_recon:0.42733

3400-loss_z:0.49439,accu:0.903125,loss_recon:0.198384

3400-loss_z:4.56702,accu:0.392405,loss_recon:0.422843

3600-loss_z:0.463514,accu:0.919837,loss_recon:0.193258

3600-loss_z:4.808053,accu:0.417722,loss_recon:0.415233

3800-loss_z:0.43585,accu:0.932279,loss_recon:0.189888

3800-loss_z:4.995832,accu:0.417722,loss_recon:0.415555

4000-loss_z:0.406631,accu:0.941745,loss_recon:0.183887

4000-loss_z:5.265286,accu:0.43038,loss_recon:0.408382

4200-loss_z:0.381912,accu:0.949922,loss_recon:0.185535

4200-loss_z:5.502244,accu:0.43038,loss_recon:0.400692

4400-loss_z:0.360612,accu:0.954922,loss_recon:0.18471

4400-loss_z:5.701338,accu:0.455696,loss_recon:0.403845

4600-loss_z:0.335194,accu:0.958613,loss_recon:0.179738

4600-loss_z:5.9184,accu:0.417722,loss_recon:0.394864

4800-loss_z:0.314147,accu:0.959193,loss_recon:0.178474

4800-loss_z:6.162645,accu:0.417722,loss_recon:0.399427

5000-loss_z:0.294684,accu:0.962285,loss_recon:0.177653

5000-loss_z:6.398931,accu:0.43038,loss_recon:0.402449

5200-loss_z:0.27317,accu:0.965215,loss_recon:0.173171

5200-loss_z:6.625219,accu:0.417722,loss_recon:0.398935

5400-loss_z:0.25841,accu:0.972754,loss_recon:0.171865

5400-loss_z:6.826691,accu:0.417722,loss_recon:0.389791

5600-loss_z:0.242986,accu:0.975749,loss_recon:0.174566

5600-loss_z:7.07756,accu:0.443038,loss_recon:0.387898

5800-loss_z:0.227731,accu:0.981556,loss_recon:0.171372

5800-loss_z:7.28964,accu:0.417722,loss_recon:0.385579

6000-loss_z:0.21334,accu:0.97819,loss_recon:0.171008

6000-loss_z:7.511549,accu:0.43038,loss_recon:0.386154

6200-loss_z:0.199412,accu:0.982467,loss_recon:0.168287

6200-loss_z:7.716342,accu:0.443038,loss_recon:0.36914

6400-loss_z:0.189415,accu:0.985326,loss_recon:0.16774

6400-loss_z:7.975405,accu:0.417722,loss_recon:0.370432

6600-loss_z:0.176783,accu:0.986706,loss_recon:0.165525

6600-loss_z:8.175885,accu:0.455696,loss_recon:0.36538

6800-loss_z:0.168011,accu:0.988314,loss_recon:0.164281

6800-loss_z:8.383937,accu:0.468354,loss_recon:0.370078

7000-loss_z:0.156598,accu:0.991536,loss_recon:0.163457

7000-loss_z:8.572139,accu:0.468354,loss_recon:0.37492

7200-loss_z:0.146828,accu:0.992786,loss_recon:0.161615

7200-loss_z:8.817403,accu:0.481013,loss_recon:0.369078

7400-loss_z:0.139014,accu:0.996361,loss_recon:0.161521

7400-loss_z:9.078441,accu:0.493671,loss_recon:0.364173

7600-loss_z:0.130112,accu:0.998034,loss_recon:0.159612

7600-loss_z:9.295082,accu:0.468354,loss_recon:0.367667

7800-loss_z:0.122348,accu:0.998385,loss_recon:0.157155

7800-loss_z:9.514933,accu:0.493671,loss_recon:0.366137

8000-loss_z:0.115985,accu:0.999596,loss_recon:0.157491

8000-loss_z:9.718138,accu:0.493671,loss_recon:0.36933

8200-loss_z:0.10719,accu:0.99946,loss_recon:0.155661

8200-loss_z:9.977362,accu:0.506329,loss_recon:0.365976

8400-loss_z:0.101316,accu:1.0,loss_recon:0.155075

8400-loss_z:10.223886,accu:0.493671,loss_recon:0.358721

8600-loss_z:0.096026,accu:0.999857,loss_recon:0.155281

8600-loss_z:10.445184,accu:0.493671,loss_recon:0.381286

8800-loss_z:0.089521,accu:1.0,loss_recon:0.154265

8800-loss_z:10.7314,accu:0.493671,loss_recon:0.358715

9000-loss_z:0.084437,accu:0.999837,loss_recon:0.154072

9000-loss_z:10.961934,accu:0.506329,loss_recon:0.370566

9200-loss_z:0.081283,accu:1.0,loss_recon:0.155708

9200-loss_z:11.208207,accu:0.481013,loss_recon:0.367914

9400-loss_z:0.075039,accu:0.999876,loss_recon:0.155436

9400-loss_z:11.44136,accu:0.493671,loss_recon:0.362836

9600-loss_z:0.071493,accu:1.0,loss_recon:0.151889

9600-loss_z:11.664433,accu:0.493671,loss_recon:0.363867

9800-loss_z:0.066695,accu:1.0,loss_recon:0.152471

9800-loss_z:11.923167,accu:0.493671,loss_recon:0.368514

10000-loss_z:0.063717,accu:1.0,loss_recon:0.153765

10000-loss_z:12.165935,accu:0.493671,loss_recon:0.368508

10200-loss_z:0.059681,accu:1.0,loss_recon:0.152565

10200-loss_z:12.370271,accu:0.518987,loss_recon:0.377313

10400-loss_z:0.05585,accu:1.0,loss_recon:0.15433

10400-loss_z:12.621735,accu:0.493671,loss_recon:0.373176

10600-loss_z:0.052402,accu:1.0,loss_recon:0.152677

10600-loss_z:12.909345,accu:0.518987,loss_recon:0.374051

10800-loss_z:0.049446,accu:1.0,loss_recon:0.151008

10800-loss_z:13.139435,accu:0.468354,loss_recon:0.377338

11000-loss_z:0.046197,accu:1.0,loss_recon:0.152403

11000-loss_z:13.368443,accu:0.493671,loss_recon:0.363203

11200-loss_z:0.043611,accu:1.0,loss_recon:0.151112

11200-loss_z:13.598205,accu:0.506329,loss_recon:0.375206

11400-loss_z:0.040948,accu:1.0,loss_recon:0.154258

11400-loss_z:13.81334,accu:0.481013,loss_recon:0.369565

11600-loss_z:0.038052,accu:1.0,loss_recon:0.151119

11600-loss_z:14.0218,accu:0.493671,loss_recon:0.376269

11800-loss_z:0.035281,accu:1.0,loss_recon:0.151325

11800-loss_z:14.275726,accu:0.455696,loss_recon:0.374612

12000-loss_z:0.033544,accu:1.0,loss_recon:0.152466

12000-loss_z:14.429324,accu:0.468354,loss_recon:0.368236

12200-loss_z:0.031746,accu:1.0,loss_recon:0.154461

12200-loss_z:14.618396,accu:0.481013,loss_recon:0.377634

12400-loss_z:0.029414,accu:1.0,loss_recon:0.151347

12400-loss_z:14.766081,accu:0.481013,loss_recon:0.375792

12600-loss_z:0.027631,accu:1.0,loss_recon:0.152245

12600-loss_z:14.993073,accu:0.481013,loss_recon:0.38082

12800-loss_z:0.025494,accu:1.0,loss_recon:0.151497

12800-loss_z:15.173399,accu:0.493671,loss_recon:0.374871

13000-loss_z:0.023935,accu:1.0,loss_recon:0.149889

13000-loss_z:15.405712,accu:0.468354,loss_recon:0.377281

13200-loss_z:0.022603,accu:1.0,loss_recon:0.150078

13200-loss_z:15.588511,accu:0.481013,loss_recon:0.367883

13400-loss_z:0.021018,accu:1.0,loss_recon:0.150807

13400-loss_z:15.817973,accu:0.481013,loss_recon:0.367902

13600-loss_z:0.019658,accu:1.0,loss_recon:0.1523

13600-loss_z:16.047514,accu:0.468354,loss_recon:0.382338

13800-loss_z:0.018183,accu:1.0,loss_recon:0.152917

13800-loss_z:16.242464,accu:0.468354,loss_recon:0.369924

14000-loss_z:0.017145,accu:1.0,loss_recon:0.152063

14000-loss_z:16.495226,accu:0.481013,loss_recon:0.374065

14200-loss_z:0.016201,accu:1.0,loss_recon:0.151389

14200-loss_z:16.701283,accu:0.468354,loss_recon:0.379411

14400-loss_z:0.014968,accu:1.0,loss_recon:0.15089

14400-loss_z:16.926849,accu:0.468354,loss_recon:0.379584

14600-loss_z:0.014066,accu:1.0,loss_recon:0.149353

14600-loss_z:17.18836,accu:0.468354,loss_recon:0.365441

14800-loss_z:0.013133,accu:1.0,loss_recon:0.150794

14800-loss_z:17.40065,accu:0.455696,loss_recon:0.360132

15000-loss_z:0.012398,accu:1.0,loss_recon:0.150657

15000-loss_z:17.593491,accu:0.455696,loss_recon:0.374023

15200-loss_z:0.011361,accu:1.0,loss_recon:0.149759

15200-loss_z:17.84486,accu:0.455696,loss_recon:0.365592

15400-loss_z:0.010604,accu:1.0,loss_recon:0.148948

15400-loss_z:18.106718,accu:0.455696,loss_recon:0.377431

15600-loss_z:0.010135,accu:1.0,loss_recon:0.148976

15600-loss_z:18.316799,accu:0.455696,loss_recon:0.358469

15800-loss_z:0.009329,accu:1.0,loss_recon:0.149575

15800-loss_z:18.527836,accu:0.455696,loss_recon:0.363938

16000-loss_z:0.008769,accu:1.0,loss_recon:0.149781

16000-loss_z:18.747892,accu:0.455696,loss_recon:0.370235

16200-loss_z:0.007996,accu:1.0,loss_recon:0.150431

16200-loss_z:18.984396,accu:0.455696,loss_recon:0.375683

16400-loss_z:0.007566,accu:1.0,loss_recon:0.151893

16400-loss_z:19.187542,accu:0.455696,loss_recon:0.366188

16600-loss_z:0.006977,accu:1.0,loss_recon:0.1499

16600-loss_z:19.417427,accu:0.455696,loss_recon:0.359735

16800-loss_z:0.006687,accu:1.0,loss_recon:0.149871

16800-loss_z:19.690502,accu:0.455696,loss_recon:0.370279

17000-loss_z:0.006064,accu:1.0,loss_recon:0.14898

17000-loss_z:19.881735,accu:0.468354,loss_recon:0.374082

17200-loss_z:0.005775,accu:1.0,loss_recon:0.149541

17200-loss_z:20.106937,accu:0.455696,loss_recon:0.367285

17400-loss_z:0.005355,accu:1.0,loss_recon:0.149182

17400-loss_z:20.385002,accu:0.455696,loss_recon:0.371217

17600-loss_z:0.004984,accu:1.0,loss_recon:0.14952

17600-loss_z:20.570908,accu:0.455696,loss_recon:0.374607

17800-loss_z:0.004669,accu:1.0,loss_recon:0.151125

17800-loss_z:20.802088,accu:0.455696,loss_recon:0.367324

18000-loss_z:0.004296,accu:1.0,loss_recon:0.148764

18000-loss_z:21.030161,accu:0.468354,loss_recon:0.354545

18200-loss_z:0.004025,accu:1.0,loss_recon:0.149663

18200-loss_z:21.244503,accu:0.455696,loss_recon:0.352664

18400-loss_z:0.003843,accu:1.0,loss_recon:0.150126

18400-loss_z:21.442503,accu:0.455696,loss_recon:0.364484

18600-loss_z:0.003548,accu:1.0,loss_recon:0.14979

18600-loss_z:21.650648,accu:0.455696,loss_recon:0.34732

18800-loss_z:0.003178,accu:1.0,loss_recon:0.141899

18800-loss_z:21.903328,accu:0.468354,loss_recon:0.345816

19000-loss_z:0.003004,accu:1.0,loss_recon:0.139144

19000-loss_z:22.120686,accu:0.455696,loss_recon:0.346707

19200-loss_z:0.002757,accu:1.0,loss_recon:0.135578

19200-loss_z:22.340412,accu:0.455696,loss_recon:0.34289

19400-loss_z:0.002558,accu:1.0,loss_recon:0.135171

19400-loss_z:22.55549,accu:0.455696,loss_recon:0.338057

19600-loss_z:0.002462,accu:1.0,loss_recon:0.133961

19600-loss_z:22.819208,accu:0.455696,loss_recon:0.339489

19800-loss_z:0.002224,accu:1.0,loss_recon:0.130096

19800-loss_z:22.947573,accu:0.455696,loss_recon:0.33613

20000-loss_z:0.002033,accu:1.0,loss_recon:0.128138

20000-loss_z:23.256729,accu:0.455696,loss_recon:0.339834

Continue training
New FC model is initialized
200-loss_z:2.522636,accu:0.203578,loss_recon:2.872885

200-loss_z:2.513271,accu:0.139241,loss_recon:1.596098

400-loss_z:1.767335,accu:0.382708,loss_recon:0.90764

400-loss_z:2.408293,accu:0.139241,loss_recon:1.021263

600-loss_z:1.424999,accu:0.497897,loss_recon:0.62366

600-loss_z:2.524142,accu:0.177215,loss_recon:0.932671

800-loss_z:1.223619,accu:0.59653,loss_recon:0.546158

800-loss_z:2.631435,accu:0.227848,loss_recon:0.86719

1000-loss_z:1.076281,accu:0.661074,loss_recon:0.503198

1000-loss_z:2.791278,accu:0.253165,loss_recon:0.795019

1200-loss_z:0.964859,accu:0.713197,loss_recon:0.476584

1200-loss_z:2.943379,accu:0.278481,loss_recon:0.760153

1400-loss_z:0.872478,accu:0.763828,loss_recon:0.444927

1400-loss_z:3.090276,accu:0.329114,loss_recon:0.709107

1600-loss_z:0.798302,accu:0.788184,loss_recon:0.404213

1600-loss_z:3.311666,accu:0.316456,loss_recon:0.681093

1800-loss_z:0.728576,accu:0.824349,loss_recon:0.379336

1800-loss_z:3.497841,accu:0.303797,loss_recon:0.643637

2000-loss_z:0.677654,accu:0.844564,loss_recon:0.360084

2000-loss_z:3.711217,accu:0.303797,loss_recon:0.627626

2200-loss_z:0.631878,accu:0.868307,loss_recon:0.347972

2200-loss_z:3.920514,accu:0.291139,loss_recon:0.605766

2400-loss_z:0.584475,accu:0.890619,loss_recon:0.326374

2400-loss_z:4.138062,accu:0.316456,loss_recon:0.5894

2600-loss_z:0.545132,accu:0.895586,loss_recon:0.316091

2600-loss_z:4.342175,accu:0.303797,loss_recon:0.567717

2800-loss_z:0.513015,accu:0.9,loss_recon:0.306236

2800-loss_z:4.571622,accu:0.303797,loss_recon:0.562878

3000-loss_z:0.475733,accu:0.914167,loss_recon:0.295154

3000-loss_z:4.790427,accu:0.341772,loss_recon:0.551408

3200-loss_z:0.447661,accu:0.926211,loss_recon:0.292686

3200-loss_z:5.006731,accu:0.329114,loss_recon:0.537185

3400-loss_z:0.419393,accu:0.938151,loss_recon:0.283484

3400-loss_z:5.244117,accu:0.329114,loss_recon:0.521434

3600-loss_z:0.394661,accu:0.936823,loss_recon:0.280028

3600-loss_z:5.435779,accu:0.367089,loss_recon:0.510301

3800-loss_z:0.366802,accu:0.943919,loss_recon:0.273014

3800-loss_z:5.732359,accu:0.35443,loss_recon:0.504212

4000-loss_z:0.34087,accu:0.952363,loss_recon:0.264477

4000-loss_z:5.988202,accu:0.35443,loss_recon:0.500644

4200-loss_z:0.319798,accu:0.955742,loss_recon:0.2617

4200-loss_z:6.234691,accu:0.379747,loss_recon:0.501577

4400-loss_z:0.297863,accu:0.96181,loss_recon:0.262515

4400-loss_z:6.44347,accu:0.367089,loss_recon:0.487858

4600-loss_z:0.278623,accu:0.962624,loss_recon:0.257189

4600-loss_z:6.693797,accu:0.367089,loss_recon:0.481293

4800-loss_z:0.26115,accu:0.968893,loss_recon:0.252634

4800-loss_z:6.951903,accu:0.379747,loss_recon:0.487205

5000-loss_z:0.242854,accu:0.972975,loss_recon:0.249744

5000-loss_z:7.175457,accu:0.392405,loss_recon:0.486443

5200-loss_z:0.22909,accu:0.971198,loss_recon:0.243746

5200-loss_z:7.43996,accu:0.379747,loss_recon:0.487396

5400-loss_z:0.216272,accu:0.976055,loss_recon:0.246684

5400-loss_z:7.713852,accu:0.379747,loss_recon:0.47529

5600-loss_z:0.202738,accu:0.980319,loss_recon:0.241948

5600-loss_z:7.931639,accu:0.35443,loss_recon:0.469687

5800-loss_z:0.190055,accu:0.978763,loss_recon:0.235271

5800-loss_z:8.187006,accu:0.367089,loss_recon:0.470394

6000-loss_z:0.179557,accu:0.983229,loss_recon:0.236127

6000-loss_z:8.48001,accu:0.367089,loss_recon:0.469384

6200-loss_z:0.169969,accu:0.982878,loss_recon:0.231199

6200-loss_z:8.759645,accu:0.35443,loss_recon:0.47461

6400-loss_z:0.156703,accu:0.985007,loss_recon:0.227155

6400-loss_z:9.022578,accu:0.367089,loss_recon:0.444889

6600-loss_z:0.149564,accu:0.985384,loss_recon:0.226341

6600-loss_z:9.278057,accu:0.35443,loss_recon:0.44996

6800-loss_z:0.139137,accu:0.987214,loss_recon:0.222202

6800-loss_z:9.516551,accu:0.367089,loss_recon:0.450136

7000-loss_z:0.129957,accu:0.987454,loss_recon:0.221707

7000-loss_z:9.804957,accu:0.367089,loss_recon:0.443382

7200-loss_z:0.124884,accu:0.987181,loss_recon:0.215421

7200-loss_z:10.059453,accu:0.367089,loss_recon:0.434352

7400-loss_z:0.116632,accu:0.987884,loss_recon:0.208443

7400-loss_z:10.255975,accu:0.379747,loss_recon:0.429545

7600-loss_z:0.108281,accu:0.988242,loss_recon:0.20555

7600-loss_z:10.481219,accu:0.367089,loss_recon:0.416449

7800-loss_z:0.100517,accu:0.990853,loss_recon:0.203754

7800-loss_z:10.670719,accu:0.329114,loss_recon:0.413151

8000-loss_z:0.095156,accu:0.994355,loss_recon:0.200513

8000-loss_z:10.991274,accu:0.341772,loss_recon:0.411072

8200-loss_z:0.090354,accu:0.995156,loss_recon:0.198918

8200-loss_z:11.281332,accu:0.35443,loss_recon:0.403973

8400-loss_z:0.084032,accu:0.993405,loss_recon:0.19278

8400-loss_z:11.542739,accu:0.367089,loss_recon:0.402099

8600-loss_z:0.07962,accu:0.998366,loss_recon:0.19066

8600-loss_z:11.806231,accu:0.367089,loss_recon:0.401307

8800-loss_z:0.074284,accu:0.999004,loss_recon:0.187084

8800-loss_z:12.063754,accu:0.379747,loss_recon:0.397477

9000-loss_z:0.070348,accu:0.999753,loss_recon:0.182298

9000-loss_z:12.336391,accu:0.379747,loss_recon:0.40209

9200-loss_z:0.066444,accu:0.998698,loss_recon:0.179649

9200-loss_z:12.628374,accu:0.35443,loss_recon:0.399554

9400-loss_z:0.062691,accu:0.999876,loss_recon:0.176163

9400-loss_z:12.897575,accu:0.379747,loss_recon:0.40214

9600-loss_z:0.058604,accu:1.0,loss_recon:0.174561

9600-loss_z:13.177921,accu:0.367089,loss_recon:0.407435

9800-loss_z:0.055267,accu:1.0,loss_recon:0.1732

9800-loss_z:13.472098,accu:0.35443,loss_recon:0.400394

10000-loss_z:0.052162,accu:1.0,loss_recon:0.169921

10000-loss_z:13.724038,accu:0.35443,loss_recon:0.402728

10200-loss_z:0.048686,accu:1.0,loss_recon:0.169975

10200-loss_z:13.99905,accu:0.341772,loss_recon:0.396132

10400-loss_z:0.045431,accu:1.0,loss_recon:0.168295

10400-loss_z:14.260936,accu:0.367089,loss_recon:0.390501

10600-loss_z:0.042885,accu:1.0,loss_recon:0.166721

10600-loss_z:14.551731,accu:0.35443,loss_recon:0.392807

10800-loss_z:0.039575,accu:1.0,loss_recon:0.16312

10800-loss_z:14.787289,accu:0.35443,loss_recon:0.394848

11000-loss_z:0.037779,accu:1.0,loss_recon:0.1595

11000-loss_z:15.020917,accu:0.341772,loss_recon:0.378495

11200-loss_z:0.03561,accu:1.0,loss_recon:0.156932

11200-loss_z:15.267329,accu:0.341772,loss_recon:0.371419

11400-loss_z:0.032966,accu:1.0,loss_recon:0.156264

11400-loss_z:15.510164,accu:0.35443,loss_recon:0.375688

11600-loss_z:0.031166,accu:1.0,loss_recon:0.155562

11600-loss_z:15.780334,accu:0.341772,loss_recon:0.372627

11800-loss_z:0.028088,accu:1.0,loss_recon:0.154862

11800-loss_z:16.038189,accu:0.341772,loss_recon:0.377298

12000-loss_z:0.027074,accu:1.0,loss_recon:0.153218

12000-loss_z:16.291107,accu:0.35443,loss_recon:0.374037

12200-loss_z:0.025261,accu:1.0,loss_recon:0.153355

12200-loss_z:16.562283,accu:0.341772,loss_recon:0.370206

12400-loss_z:0.023207,accu:1.0,loss_recon:0.151476

12400-loss_z:16.795847,accu:0.35443,loss_recon:0.366736

12600-loss_z:0.021585,accu:1.0,loss_recon:0.150125

12600-loss_z:17.080942,accu:0.35443,loss_recon:0.364296

12800-loss_z:0.019936,accu:1.0,loss_recon:0.14906

12800-loss_z:17.345137,accu:0.367089,loss_recon:0.364038

13000-loss_z:0.018639,accu:1.0,loss_recon:0.148865

13000-loss_z:17.603146,accu:0.35443,loss_recon:0.362956

13200-loss_z:0.017669,accu:1.0,loss_recon:0.147193

13200-loss_z:17.88743,accu:0.367089,loss_recon:0.362171

13400-loss_z:0.015942,accu:1.0,loss_recon:0.146215

13400-loss_z:18.154692,accu:0.367089,loss_recon:0.355678

13600-loss_z:0.015033,accu:1.0,loss_recon:0.146057

13600-loss_z:18.409046,accu:0.367089,loss_recon:0.365403

13800-loss_z:0.014046,accu:1.0,loss_recon:0.148298

13800-loss_z:18.669844,accu:0.367089,loss_recon:0.356584

14000-loss_z:0.012696,accu:1.0,loss_recon:0.14653

14000-loss_z:18.969587,accu:0.367089,loss_recon:0.365758

14200-loss_z:0.012162,accu:1.0,loss_recon:0.147643

14200-loss_z:19.288769,accu:0.367089,loss_recon:0.362275

14400-loss_z:0.011048,accu:1.0,loss_recon:0.146825

14400-loss_z:19.586908,accu:0.367089,loss_recon:0.368176

14600-loss_z:0.010339,accu:1.0,loss_recon:0.147423

14600-loss_z:19.920902,accu:0.367089,loss_recon:0.36285

14800-loss_z:0.009303,accu:1.0,loss_recon:0.146076

14800-loss_z:20.185553,accu:0.367089,loss_recon:0.363545

15000-loss_z:0.008905,accu:1.0,loss_recon:0.145321

15000-loss_z:20.492674,accu:0.367089,loss_recon:0.363763

15200-loss_z:0.00801,accu:1.0,loss_recon:0.14552

15200-loss_z:20.829002,accu:0.367089,loss_recon:0.361626

15400-loss_z:0.007518,accu:1.0,loss_recon:0.146247

15400-loss_z:21.152472,accu:0.367089,loss_recon:0.359477

15600-loss_z:0.00696,accu:1.0,loss_recon:0.145836

15600-loss_z:21.43767,accu:0.367089,loss_recon:0.359262

15800-loss_z:0.006343,accu:1.0,loss_recon:0.143884

15800-loss_z:21.8048,accu:0.367089,loss_recon:0.365465

16000-loss_z:0.005755,accu:1.0,loss_recon:0.146188

16000-loss_z:22.12302,accu:0.367089,loss_recon:0.358427

16200-loss_z:0.005399,accu:1.0,loss_recon:0.143374

16200-loss_z:22.513863,accu:0.367089,loss_recon:0.358181

16400-loss_z:0.005003,accu:1.0,loss_recon:0.143816

16400-loss_z:22.836239,accu:0.367089,loss_recon:0.361808

16600-loss_z:0.004486,accu:1.0,loss_recon:0.142094

16600-loss_z:23.196135,accu:0.367089,loss_recon:0.359155

16800-loss_z:0.004161,accu:1.0,loss_recon:0.14102

16800-loss_z:23.509214,accu:0.367089,loss_recon:0.354919

17000-loss_z:0.003797,accu:1.0,loss_recon:0.139771

17000-loss_z:23.88459,accu:0.379747,loss_recon:0.35665

17200-loss_z:0.003474,accu:1.0,loss_recon:0.138499

17200-loss_z:24.225206,accu:0.379747,loss_recon:0.356106

17400-loss_z:0.003259,accu:1.0,loss_recon:0.138046

17400-loss_z:24.560766,accu:0.379747,loss_recon:0.353746

17600-loss_z:0.002924,accu:1.0,loss_recon:0.138243

17600-loss_z:24.921986,accu:0.379747,loss_recon:0.357761

17800-loss_z:0.002645,accu:1.0,loss_recon:0.13788

17800-loss_z:25.251221,accu:0.379747,loss_recon:0.349188

18000-loss_z:0.002456,accu:1.0,loss_recon:0.13754

18000-loss_z:25.634371,accu:0.392405,loss_recon:0.350509

18200-loss_z:0.00228,accu:1.0,loss_recon:0.137466

18200-loss_z:26.015232,accu:0.392405,loss_recon:0.353514

18400-loss_z:0.002117,accu:1.0,loss_recon:0.137488

18400-loss_z:26.392881,accu:0.392405,loss_recon:0.346667

18600-loss_z:0.001922,accu:1.0,loss_recon:0.136949

18600-loss_z:27.621801,accu:0.392405,loss_recon:0.347813

18800-loss_z:0.001784,accu:1.0,loss_recon:0.136243

18800-loss_z:28.89794,accu:0.392405,loss_recon:0.349826

19000-loss_z:0.001564,accu:1.0,loss_recon:0.134495

19000-loss_z:29.913887,accu:0.392405,loss_recon:0.359935

19200-loss_z:0.001435,accu:1.0,loss_recon:0.13553

19200-loss_z:30.801836,accu:0.405063,loss_recon:0.36079

19400-loss_z:0.001309,accu:1.0,loss_recon:0.136097

19400-loss_z:31.582848,accu:0.405063,loss_recon:0.35319

19600-loss_z:0.00121,accu:1.0,loss_recon:0.136316

19600-loss_z:32.392532,accu:0.405063,loss_recon:0.358919

19800-loss_z:0.00112,accu:1.0,loss_recon:0.134242

19800-loss_z:33.078766,accu:0.405063,loss_recon:0.354973

20000-loss_z:0.001009,accu:1.0,loss_recon:0.134987

20000-loss_z:33.813721,accu:0.392405,loss_recon:0.353267

Continue training
New FC model is initialized
200-loss_z:2.610431,accu:0.174771,loss_recon:3.168846

200-loss_z:2.711718,accu:0.088608,loss_recon:1.462992

400-loss_z:1.940087,accu:0.32888,loss_recon:1.00311

400-loss_z:2.527102,accu:0.075949,loss_recon:0.881999

600-loss_z:1.583794,accu:0.423086,loss_recon:0.645612

600-loss_z:2.593657,accu:0.113924,loss_recon:0.768491

800-loss_z:1.367852,accu:0.531296,loss_recon:0.537215

800-loss_z:2.758567,accu:0.126582,loss_recon:0.728399

1000-loss_z:1.208147,accu:0.61487,loss_recon:0.482552

1000-loss_z:2.994277,accu:0.164557,loss_recon:0.691544

1200-loss_z:1.073961,accu:0.669902,loss_recon:0.444983

1200-loss_z:3.239221,accu:0.240506,loss_recon:0.65276

1400-loss_z:0.963271,accu:0.723066,loss_recon:0.419183

1400-loss_z:3.572714,accu:0.253165,loss_recon:0.61007

1600-loss_z:0.86653,accu:0.759232,loss_recon:0.390595

1600-loss_z:3.903354,accu:0.265823,loss_recon:0.581784

1800-loss_z:0.792011,accu:0.800124,loss_recon:0.369712

1800-loss_z:4.260355,accu:0.291139,loss_recon:0.574828

2000-loss_z:0.722862,accu:0.823203,loss_recon:0.352278

2000-loss_z:4.622673,accu:0.329114,loss_recon:0.550434

2200-loss_z:0.667097,accu:0.842637,loss_recon:0.340642

2200-loss_z:4.969702,accu:0.341772,loss_recon:0.547161

2400-loss_z:0.618812,accu:0.856367,loss_recon:0.331012

2400-loss_z:5.325926,accu:0.341772,loss_recon:0.522174

2600-loss_z:0.572726,accu:0.875632,loss_recon:0.31444

2600-loss_z:5.658752,accu:0.329114,loss_recon:0.501213

2800-loss_z:0.532054,accu:0.893672,loss_recon:0.292634

2800-loss_z:5.979262,accu:0.341772,loss_recon:0.484421

3000-loss_z:0.492992,accu:0.904512,loss_recon:0.278747

3000-loss_z:6.349944,accu:0.35443,loss_recon:0.471551

3200-loss_z:0.456533,accu:0.916908,loss_recon:0.262635

3200-loss_z:6.695228,accu:0.367089,loss_recon:0.461082

3400-loss_z:0.425896,accu:0.923275,loss_recon:0.254624

3400-loss_z:6.95562,accu:0.341772,loss_recon:0.45623

3600-loss_z:0.395369,accu:0.934622,loss_recon:0.247314

3600-loss_z:7.270493,accu:0.392405,loss_recon:0.443668

3800-loss_z:0.369342,accu:0.938516,loss_recon:0.240848

3800-loss_z:7.531934,accu:0.35443,loss_recon:0.442893

4000-loss_z:0.345421,accu:0.94526,loss_recon:0.231378

4000-loss_z:7.849524,accu:0.35443,loss_recon:0.430166

4200-loss_z:0.32605,accu:0.955059,loss_recon:0.225205

4200-loss_z:8.123503,accu:0.392405,loss_recon:0.431164

4400-loss_z:0.30185,accu:0.960195,loss_recon:0.216386

4400-loss_z:8.410426,accu:0.392405,loss_recon:0.412573

4600-loss_z:0.285641,accu:0.965625,loss_recon:0.211782

4600-loss_z:8.66613,accu:0.379747,loss_recon:0.402672

4800-loss_z:0.269026,accu:0.971419,loss_recon:0.202413

4800-loss_z:8.917441,accu:0.405063,loss_recon:0.399289

5000-loss_z:0.250175,accu:0.97571,loss_recon:0.196647

5000-loss_z:9.213577,accu:0.367089,loss_recon:0.395932

5200-loss_z:0.237187,accu:0.978822,loss_recon:0.187155

5200-loss_z:9.445855,accu:0.405063,loss_recon:0.396687

5400-loss_z:0.223361,accu:0.980553,loss_recon:0.180813

5400-loss_z:9.739161,accu:0.392405,loss_recon:0.392465

5600-loss_z:0.209587,accu:0.988262,loss_recon:0.175093

5600-loss_z:10.024342,accu:0.392405,loss_recon:0.4097

5800-loss_z:0.197253,accu:0.989661,loss_recon:0.172271

5800-loss_z:10.294891,accu:0.417722,loss_recon:0.406775

6000-loss_z:0.184797,accu:0.992878,loss_recon:0.169198

6000-loss_z:10.566278,accu:0.405063,loss_recon:0.412599

6200-loss_z:0.175148,accu:0.993932,loss_recon:0.166249

6200-loss_z:10.848327,accu:0.417722,loss_recon:0.408985

6400-loss_z:0.1644,accu:0.994648,loss_recon:0.164362

6400-loss_z:11.132795,accu:0.417722,loss_recon:0.412231

6600-loss_z:0.155721,accu:0.997064,loss_recon:0.164439

6600-loss_z:11.44018,accu:0.43038,loss_recon:0.411222

6800-loss_z:0.146945,accu:0.997207,loss_recon:0.160746

6800-loss_z:11.708726,accu:0.417722,loss_recon:0.41624

7000-loss_z:0.137066,accu:0.997031,loss_recon:0.160777

7000-loss_z:12.007795,accu:0.43038,loss_recon:0.412481

7200-loss_z:0.130708,accu:0.997578,loss_recon:0.157012

7200-loss_z:12.269915,accu:0.43038,loss_recon:0.421815

7400-loss_z:0.123411,accu:0.998509,loss_recon:0.16075

7400-loss_z:12.567805,accu:0.43038,loss_recon:0.420901

7600-loss_z:0.114852,accu:0.998945,loss_recon:0.156662

7600-loss_z:12.892859,accu:0.443038,loss_recon:0.416865

7800-loss_z:0.108734,accu:0.998294,loss_recon:0.156052

7800-loss_z:13.13467,accu:0.417722,loss_recon:0.412675

8000-loss_z:0.101803,accu:0.998633,loss_recon:0.154629

8000-loss_z:13.477547,accu:0.43038,loss_recon:0.416937

8200-loss_z:0.09559,accu:0.999661,loss_recon:0.152802

8200-loss_z:13.81104,accu:0.43038,loss_recon:0.413595

8400-loss_z:0.090532,accu:0.999303,loss_recon:0.151635

8400-loss_z:14.117058,accu:0.43038,loss_recon:0.411383

8600-loss_z:0.084238,accu:0.999779,loss_recon:0.150606

8600-loss_z:14.48369,accu:0.43038,loss_recon:0.410684

8800-loss_z:0.080107,accu:1.0,loss_recon:0.149516

8800-loss_z:14.774042,accu:0.43038,loss_recon:0.409223

9000-loss_z:0.075443,accu:0.999961,loss_recon:0.147778

9000-loss_z:15.135348,accu:0.443038,loss_recon:0.402248

9200-loss_z:0.071229,accu:1.0,loss_recon:0.148471

9200-loss_z:15.404762,accu:0.443038,loss_recon:0.402968

9400-loss_z:0.067039,accu:1.0,loss_recon:0.148015

9400-loss_z:15.795084,accu:0.443038,loss_recon:0.406683

9600-loss_z:0.063385,accu:1.0,loss_recon:0.146719

9600-loss_z:16.11632,accu:0.455696,loss_recon:0.402515

9800-loss_z:0.059651,accu:1.0,loss_recon:0.145957

9800-loss_z:16.422709,accu:0.455696,loss_recon:0.408957

10000-loss_z:0.055637,accu:1.0,loss_recon:0.142835

10000-loss_z:16.785866,accu:0.455696,loss_recon:0.412163

10200-loss_z:0.052131,accu:1.0,loss_recon:0.144528

10200-loss_z:17.120329,accu:0.443038,loss_recon:0.407179

10400-loss_z:0.048593,accu:1.0,loss_recon:0.145013

10400-loss_z:17.470812,accu:0.455696,loss_recon:0.407125

10600-loss_z:0.046889,accu:1.0,loss_recon:0.142674

10600-loss_z:17.846651,accu:0.443038,loss_recon:0.409627

10800-loss_z:0.043662,accu:1.0,loss_recon:0.140978

10800-loss_z:18.176443,accu:0.468354,loss_recon:0.411793

11000-loss_z:0.040436,accu:1.0,loss_recon:0.142414

11000-loss_z:18.561285,accu:0.443038,loss_recon:0.410484

11200-loss_z:0.039002,accu:1.0,loss_recon:0.1421

11200-loss_z:18.974077,accu:0.455696,loss_recon:0.416405

11400-loss_z:0.035986,accu:1.0,loss_recon:0.141216

11400-loss_z:19.335596,accu:0.443038,loss_recon:0.409163

11600-loss_z:0.033841,accu:1.0,loss_recon:0.143385

11600-loss_z:19.748953,accu:0.443038,loss_recon:0.408696

11800-loss_z:0.031706,accu:1.0,loss_recon:0.142011

11800-loss_z:20.144266,accu:0.443038,loss_recon:0.414759

12000-loss_z:0.029765,accu:1.0,loss_recon:0.145667

12000-loss_z:20.564219,accu:0.455696,loss_recon:0.413568

12200-loss_z:0.028194,accu:1.0,loss_recon:0.141287

12200-loss_z:21.027323,accu:0.455696,loss_recon:0.409571

12400-loss_z:0.02608,accu:1.0,loss_recon:0.142565

12400-loss_z:21.481085,accu:0.455696,loss_recon:0.41065

12600-loss_z:0.024638,accu:1.0,loss_recon:0.140892

12600-loss_z:21.890011,accu:0.443038,loss_recon:0.410033

12800-loss_z:0.022333,accu:1.0,loss_recon:0.139995

12800-loss_z:22.340839,accu:0.43038,loss_recon:0.409093

13000-loss_z:0.021264,accu:1.0,loss_recon:0.141279

13000-loss_z:22.756254,accu:0.43038,loss_recon:0.408797

13200-loss_z:0.01986,accu:1.0,loss_recon:0.140592

13200-loss_z:23.252659,accu:0.443038,loss_recon:0.409659

13400-loss_z:0.01866,accu:1.0,loss_recon:0.141262

13400-loss_z:23.759123,accu:0.443038,loss_recon:0.411271

13600-loss_z:0.017801,accu:1.0,loss_recon:0.142535

13600-loss_z:24.179472,accu:0.43038,loss_recon:0.409793

13800-loss_z:0.016111,accu:1.0,loss_recon:0.140232

13800-loss_z:24.718386,accu:0.443038,loss_recon:0.413141

14000-loss_z:0.015322,accu:1.0,loss_recon:0.140732

14000-loss_z:25.208939,accu:0.43038,loss_recon:0.410777

14200-loss_z:0.014225,accu:1.0,loss_recon:0.140269

14200-loss_z:25.709385,accu:0.43038,loss_recon:0.406865

14400-loss_z:0.013422,accu:1.0,loss_recon:0.139854

14400-loss_z:26.291677,accu:0.443038,loss_recon:0.410231

14600-loss_z:0.012549,accu:1.0,loss_recon:0.140716

14600-loss_z:26.796309,accu:0.43038,loss_recon:0.410634

14800-loss_z:0.011483,accu:1.0,loss_recon:0.141659

14800-loss_z:27.328588,accu:0.443038,loss_recon:0.41242

15000-loss_z:0.010473,accu:1.0,loss_recon:0.140975

15000-loss_z:27.861403,accu:0.443038,loss_recon:0.406075

15200-loss_z:0.009907,accu:1.0,loss_recon:0.141137

15200-loss_z:28.374802,accu:0.43038,loss_recon:0.404409

15400-loss_z:0.009369,accu:1.0,loss_recon:0.139858

15400-loss_z:28.916525,accu:0.43038,loss_recon:0.405436

15600-loss_z:0.008705,accu:1.0,loss_recon:0.138528

15600-loss_z:29.497812,accu:0.43038,loss_recon:0.412288

15800-loss_z:0.007967,accu:1.0,loss_recon:0.140496

15800-loss_z:30.0467,accu:0.43038,loss_recon:0.408793

16000-loss_z:0.007473,accu:1.0,loss_recon:0.139208

16000-loss_z:30.643499,accu:0.43038,loss_recon:0.410447

16200-loss_z:0.007098,accu:1.0,loss_recon:0.139675

16200-loss_z:31.164755,accu:0.455696,loss_recon:0.405541

16400-loss_z:0.006422,accu:1.0,loss_recon:0.139596

16400-loss_z:31.708271,accu:0.443038,loss_recon:0.402412

16600-loss_z:0.005932,accu:1.0,loss_recon:0.139458

16600-loss_z:32.2976,accu:0.443038,loss_recon:0.40798

16800-loss_z:0.005634,accu:1.0,loss_recon:0.140891

16800-loss_z:32.9062,accu:0.443038,loss_recon:0.409865

17000-loss_z:0.005169,accu:1.0,loss_recon:0.139638

17000-loss_z:33.434448,accu:0.443038,loss_recon:0.407648

17200-loss_z:0.00478,accu:1.0,loss_recon:0.139771

17200-loss_z:33.948437,accu:0.417722,loss_recon:0.412074

17400-loss_z:0.004456,accu:1.0,loss_recon:0.14111

17400-loss_z:34.591694,accu:0.443038,loss_recon:0.403341

17600-loss_z:0.004095,accu:1.0,loss_recon:0.139294

17600-loss_z:35.156586,accu:0.443038,loss_recon:0.413458

17800-loss_z:0.003796,accu:1.0,loss_recon:0.13974

17800-loss_z:35.761658,accu:0.43038,loss_recon:0.414198

18000-loss_z:0.003485,accu:1.0,loss_recon:0.140111

18000-loss_z:36.394085,accu:0.417722,loss_recon:0.410772

18200-loss_z:0.003237,accu:1.0,loss_recon:0.140128

18200-loss_z:36.984058,accu:0.405063,loss_recon:0.403137

18400-loss_z:0.003044,accu:1.0,loss_recon:0.138429

18400-loss_z:37.578632,accu:0.405063,loss_recon:0.411667

18600-loss_z:0.002777,accu:1.0,loss_recon:0.138858

18600-loss_z:38.208092,accu:0.405063,loss_recon:0.407874

18800-loss_z:0.002574,accu:1.0,loss_recon:0.138439

18800-loss_z:38.797512,accu:0.405063,loss_recon:0.40828

19000-loss_z:0.002379,accu:1.0,loss_recon:0.13936

19000-loss_z:39.327942,accu:0.405063,loss_recon:0.411646

19200-loss_z:0.002187,accu:1.0,loss_recon:0.139864

19200-loss_z:39.899101,accu:0.405063,loss_recon:0.405522

19400-loss_z:0.002055,accu:1.0,loss_recon:0.140073

19400-loss_z:40.461639,accu:0.417722,loss_recon:0.406275

19600-loss_z:0.001866,accu:1.0,loss_recon:0.138432

19600-loss_z:40.939472,accu:0.392405,loss_recon:0.411574

19800-loss_z:0.001709,accu:1.0,loss_recon:0.139375

19800-loss_z:41.454872,accu:0.405063,loss_recon:0.405056

20000-loss_z:0.001588,accu:1.0,loss_recon:0.139609

20000-loss_z:41.96154,accu:0.405063,loss_recon:0.408901

Continue training
New FC model is initialized
200-loss_z:2.507227,accu:0.206532,loss_recon:3.020329

200-loss_z:2.432166,accu:0.139241,loss_recon:1.633077

400-loss_z:1.811012,accu:0.365195,loss_recon:0.940968

400-loss_z:2.313203,accu:0.113924,loss_recon:0.955662

600-loss_z:1.474736,accu:0.493027,loss_recon:0.638569

600-loss_z:2.29926,accu:0.189873,loss_recon:0.836636

800-loss_z:1.247616,accu:0.607617,loss_recon:0.54185

800-loss_z:2.343427,accu:0.202532,loss_recon:0.788338

1000-loss_z:1.086823,accu:0.688184,loss_recon:0.484478

1000-loss_z:2.434978,accu:0.240506,loss_recon:0.752234

1200-loss_z:0.96466,accu:0.751458,loss_recon:0.448507

1200-loss_z:2.601075,accu:0.21519,loss_recon:0.705946

1400-loss_z:0.859882,accu:0.797513,loss_recon:0.415673

1400-loss_z:2.799042,accu:0.227848,loss_recon:0.683002

1600-loss_z:0.771132,accu:0.823021,loss_recon:0.386673

1600-loss_z:3.015727,accu:0.265823,loss_recon:0.650675

1800-loss_z:0.695719,accu:0.847083,loss_recon:0.353332

1800-loss_z:3.287009,accu:0.278481,loss_recon:0.634796

2000-loss_z:0.631634,accu:0.878906,loss_recon:0.342683

2000-loss_z:3.572127,accu:0.303797,loss_recon:0.598935

2200-loss_z:0.572868,accu:0.901296,loss_recon:0.322363

2200-loss_z:3.90812,accu:0.316456,loss_recon:0.567205

2400-loss_z:0.522871,accu:0.921055,loss_recon:0.304513

2400-loss_z:4.218578,accu:0.316456,loss_recon:0.545078

2600-loss_z:0.47817,accu:0.932591,loss_recon:0.295566

2600-loss_z:4.536569,accu:0.341772,loss_recon:0.538321

2800-loss_z:0.437647,accu:0.942871,loss_recon:0.279929

2800-loss_z:4.89787,accu:0.35443,loss_recon:0.52288

3000-loss_z:0.404747,accu:0.94974,loss_recon:0.268638

3000-loss_z:5.310723,accu:0.329114,loss_recon:0.516246

3200-loss_z:0.368934,accu:0.955436,loss_recon:0.260001

3200-loss_z:5.663678,accu:0.379747,loss_recon:0.499477

3400-loss_z:0.340481,accu:0.967975,loss_recon:0.252784

3400-loss_z:6.047123,accu:0.379747,loss_recon:0.507023

3600-loss_z:0.317354,accu:0.972728,loss_recon:0.247965

3600-loss_z:6.420466,accu:0.367089,loss_recon:0.499011

3800-loss_z:0.292925,accu:0.97694,loss_recon:0.244051

3800-loss_z:6.786325,accu:0.405063,loss_recon:0.492492

4000-loss_z:0.270041,accu:0.98248,loss_recon:0.237696

4000-loss_z:7.159491,accu:0.43038,loss_recon:0.485961

4200-loss_z:0.251845,accu:0.982448,loss_recon:0.233883

4200-loss_z:7.498874,accu:0.405063,loss_recon:0.47776

4400-loss_z:0.230191,accu:0.988522,loss_recon:0.231351

4400-loss_z:7.903183,accu:0.392405,loss_recon:0.467207

4600-loss_z:0.217073,accu:0.990313,loss_recon:0.225887

4600-loss_z:8.251683,accu:0.392405,loss_recon:0.471364

4800-loss_z:0.197899,accu:0.993021,loss_recon:0.223068

4800-loss_z:8.650873,accu:0.405063,loss_recon:0.470509

5000-loss_z:0.183644,accu:0.996328,loss_recon:0.218079

5000-loss_z:8.966284,accu:0.417722,loss_recon:0.469761

5200-loss_z:0.173047,accu:0.99444,loss_recon:0.218792

5200-loss_z:9.333385,accu:0.43038,loss_recon:0.458843

5400-loss_z:0.159514,accu:0.995944,loss_recon:0.215821

5400-loss_z:9.653321,accu:0.417722,loss_recon:0.459496

5600-loss_z:0.145918,accu:0.998411,loss_recon:0.216266

5600-loss_z:10.01493,accu:0.417722,loss_recon:0.463609

5800-loss_z:0.136978,accu:0.99957,loss_recon:0.211398

5800-loss_z:10.342424,accu:0.405063,loss_recon:0.455591

6000-loss_z:0.128671,accu:0.998926,loss_recon:0.210742

6000-loss_z:10.69365,accu:0.417722,loss_recon:0.466813

6200-loss_z:0.120165,accu:0.998854,loss_recon:0.207672

6200-loss_z:10.994826,accu:0.417722,loss_recon:0.467916

6400-loss_z:0.113116,accu:0.999186,loss_recon:0.204579

6400-loss_z:11.299803,accu:0.417722,loss_recon:0.457874

6600-loss_z:0.104814,accu:0.999512,loss_recon:0.208554

6600-loss_z:11.64962,accu:0.417722,loss_recon:0.456187

6800-loss_z:0.096738,accu:0.999857,loss_recon:0.207037

6800-loss_z:11.97925,accu:0.417722,loss_recon:0.45754

7000-loss_z:0.090695,accu:1.0,loss_recon:0.201172

7000-loss_z:12.319283,accu:0.43038,loss_recon:0.454189

7200-loss_z:0.085118,accu:1.0,loss_recon:0.198463

7200-loss_z:12.64141,accu:0.405063,loss_recon:0.458199

7400-loss_z:0.078899,accu:1.0,loss_recon:0.198322

7400-loss_z:12.979776,accu:0.405063,loss_recon:0.44818

7600-loss_z:0.075335,accu:0.99946,loss_recon:0.194564

7600-loss_z:13.267873,accu:0.43038,loss_recon:0.449291

7800-loss_z:0.06943,accu:1.0,loss_recon:0.193133

7800-loss_z:13.592687,accu:0.43038,loss_recon:0.447332

8000-loss_z:0.064739,accu:1.0,loss_recon:0.18837

8000-loss_z:13.948349,accu:0.43038,loss_recon:0.439607

8200-loss_z:0.06106,accu:1.0,loss_recon:0.184701

8200-loss_z:14.295111,accu:0.417722,loss_recon:0.450262

8400-loss_z:0.057516,accu:1.0,loss_recon:0.18179

8400-loss_z:14.600356,accu:0.43038,loss_recon:0.451754

8600-loss_z:0.052673,accu:1.0,loss_recon:0.180778

8600-loss_z:14.871104,accu:0.43038,loss_recon:0.43707

8800-loss_z:0.049543,accu:1.0,loss_recon:0.177552

8800-loss_z:15.157286,accu:0.443038,loss_recon:0.451749

9000-loss_z:0.046434,accu:1.0,loss_recon:0.178407

9000-loss_z:15.459777,accu:0.455696,loss_recon:0.443914

9200-loss_z:0.043374,accu:1.0,loss_recon:0.178761

9200-loss_z:15.697963,accu:0.455696,loss_recon:0.447754

9400-loss_z:0.039161,accu:1.0,loss_recon:0.175209

9400-loss_z:15.930307,accu:0.443038,loss_recon:0.453482

9600-loss_z:0.037807,accu:1.0,loss_recon:0.175598

9600-loss_z:16.166431,accu:0.43038,loss_recon:0.444575

9800-loss_z:0.034233,accu:1.0,loss_recon:0.172779

9800-loss_z:16.390574,accu:0.455696,loss_recon:0.450927

10000-loss_z:0.031781,accu:1.0,loss_recon:0.174646

10000-loss_z:16.644821,accu:0.443038,loss_recon:0.445904

10200-loss_z:0.030358,accu:1.0,loss_recon:0.17299

10200-loss_z:16.904142,accu:0.455696,loss_recon:0.441089

10400-loss_z:0.027651,accu:1.0,loss_recon:0.172646

10400-loss_z:17.11219,accu:0.43038,loss_recon:0.440235

10600-loss_z:0.025693,accu:1.0,loss_recon:0.170919

10600-loss_z:17.384604,accu:0.443038,loss_recon:0.45083

10800-loss_z:0.024245,accu:1.0,loss_recon:0.171232

10800-loss_z:17.702618,accu:0.443038,loss_recon:0.444707

11000-loss_z:0.022527,accu:1.0,loss_recon:0.170324

11000-loss_z:17.965403,accu:0.443038,loss_recon:0.439788

11200-loss_z:0.020709,accu:1.0,loss_recon:0.169079

11200-loss_z:18.296768,accu:0.455696,loss_recon:0.447658

11400-loss_z:0.019272,accu:1.0,loss_recon:0.169527

11400-loss_z:18.726181,accu:0.468354,loss_recon:0.44149

11600-loss_z:0.017434,accu:1.0,loss_recon:0.169436

11600-loss_z:19.068951,accu:0.455696,loss_recon:0.434003

11800-loss_z:0.016416,accu:1.0,loss_recon:0.168721

11800-loss_z:19.431295,accu:0.468354,loss_recon:0.446915

12000-loss_z:0.015409,accu:1.0,loss_recon:0.170978

12000-loss_z:19.850458,accu:0.468354,loss_recon:0.445192

12200-loss_z:0.014516,accu:1.0,loss_recon:0.170061

12200-loss_z:20.183525,accu:0.468354,loss_recon:0.43873

12400-loss_z:0.013167,accu:1.0,loss_recon:0.167484

12400-loss_z:20.641359,accu:0.468354,loss_recon:0.436614

12600-loss_z:0.012193,accu:1.0,loss_recon:0.168889

12600-loss_z:21.008026,accu:0.468354,loss_recon:0.445147

12800-loss_z:0.011145,accu:1.0,loss_recon:0.16689

12800-loss_z:21.4743,accu:0.468354,loss_recon:0.440864

13000-loss_z:0.010487,accu:1.0,loss_recon:0.167123

13000-loss_z:21.814638,accu:0.468354,loss_recon:0.443942

13200-loss_z:0.009822,accu:1.0,loss_recon:0.167095

13200-loss_z:22.233131,accu:0.468354,loss_recon:0.443083

13400-loss_z:0.009013,accu:1.0,loss_recon:0.166516

13400-loss_z:22.599098,accu:0.468354,loss_recon:0.439033

13600-loss_z:0.008364,accu:1.0,loss_recon:0.166051

13600-loss_z:23.065159,accu:0.468354,loss_recon:0.441345

13800-loss_z:0.007603,accu:1.0,loss_recon:0.165883

13800-loss_z:23.490566,accu:0.493671,loss_recon:0.440228

14000-loss_z:0.006964,accu:1.0,loss_recon:0.16689

14000-loss_z:23.874586,accu:0.493671,loss_recon:0.435667

14200-loss_z:0.006516,accu:1.0,loss_recon:0.164559

14200-loss_z:24.283886,accu:0.481013,loss_recon:0.433045

14400-loss_z:0.005927,accu:1.0,loss_recon:0.165622

14400-loss_z:24.651398,accu:0.493671,loss_recon:0.446477

14600-loss_z:0.005453,accu:1.0,loss_recon:0.165971

14600-loss_z:25.089499,accu:0.493671,loss_recon:0.435679

14800-loss_z:0.004886,accu:1.0,loss_recon:0.165422

14800-loss_z:25.447567,accu:0.493671,loss_recon:0.434561

15000-loss_z:0.004529,accu:1.0,loss_recon:0.165792

15000-loss_z:25.847179,accu:0.493671,loss_recon:0.444526

15200-loss_z:0.004106,accu:1.0,loss_recon:0.167019

15200-loss_z:26.229403,accu:0.493671,loss_recon:0.440979

15400-loss_z:0.003719,accu:1.0,loss_recon:0.165454

15400-loss_z:26.621855,accu:0.493671,loss_recon:0.435686

15600-loss_z:0.003451,accu:1.0,loss_recon:0.165655

15600-loss_z:26.979343,accu:0.493671,loss_recon:0.445015

15800-loss_z:0.003208,accu:1.0,loss_recon:0.165319

15800-loss_z:27.328876,accu:0.493671,loss_recon:0.4373

16000-loss_z:0.002913,accu:1.0,loss_recon:0.165843

16000-loss_z:27.639757,accu:0.493671,loss_recon:0.445211

16200-loss_z:0.002647,accu:1.0,loss_recon:0.163939

16200-loss_z:28.018494,accu:0.493671,loss_recon:0.439725

16400-loss_z:0.002466,accu:1.0,loss_recon:0.163873

16400-loss_z:28.355946,accu:0.506329,loss_recon:0.44224

16600-loss_z:0.002212,accu:1.0,loss_recon:0.163714

16600-loss_z:28.754105,accu:0.481013,loss_recon:0.436791

16800-loss_z:0.002029,accu:1.0,loss_recon:0.163377

16800-loss_z:29.158617,accu:0.493671,loss_recon:0.437787

17000-loss_z:0.001869,accu:1.0,loss_recon:0.163601

17000-loss_z:29.643551,accu:0.481013,loss_recon:0.43048

17200-loss_z:0.001668,accu:1.0,loss_recon:0.163175

17200-loss_z:30.048903,accu:0.493671,loss_recon:0.44416

17400-loss_z:0.001529,accu:1.0,loss_recon:0.162436

17400-loss_z:30.425995,accu:0.506329,loss_recon:0.439554

17600-loss_z:0.001392,accu:1.0,loss_recon:0.162945

17600-loss_z:30.822514,accu:0.506329,loss_recon:0.435766

17800-loss_z:0.001275,accu:1.0,loss_recon:0.163148

17800-loss_z:31.254765,accu:0.506329,loss_recon:0.44397

18000-loss_z:0.001157,accu:1.0,loss_recon:0.162224

18000-loss_z:31.672085,accu:0.506329,loss_recon:0.443105

18200-loss_z:0.001058,accu:1.0,loss_recon:0.164002

18200-loss_z:31.994854,accu:0.518987,loss_recon:0.43519

18400-loss_z:0.000969,accu:1.0,loss_recon:0.16281

18400-loss_z:32.461292,accu:0.506329,loss_recon:0.438908

18600-loss_z:0.000856,accu:1.0,loss_recon:0.166378

18600-loss_z:32.892799,accu:0.506329,loss_recon:0.43454

18800-loss_z:0.000777,accu:1.0,loss_recon:0.163378

18800-loss_z:33.342773,accu:0.506329,loss_recon:0.436038

19000-loss_z:0.000704,accu:1.0,loss_recon:0.162285

19000-loss_z:33.866837,accu:0.506329,loss_recon:0.443754

19200-loss_z:0.000645,accu:1.0,loss_recon:0.161605

19200-loss_z:34.375561,accu:0.506329,loss_recon:0.441129

19400-loss_z:0.000585,accu:1.0,loss_recon:0.164941

19400-loss_z:34.855377,accu:0.493671,loss_recon:0.440696

19600-loss_z:0.000532,accu:1.0,loss_recon:0.162792

19600-loss_z:35.319626,accu:0.493671,loss_recon:0.434927

19800-loss_z:0.00048,accu:1.0,loss_recon:0.162923

19800-loss_z:35.773548,accu:0.493671,loss_recon:0.431615

20000-loss_z:0.000434,accu:1.0,loss_recon:0.162308

20000-loss_z:36.19973,accu:0.493671,loss_recon:0.435199

Continue training
New FC model is initialized
200-loss_z:2.524311,accu:0.181534,loss_recon:2.529141

200-loss_z:2.648736,accu:0.101266,loss_recon:1.691549

400-loss_z:1.871248,accu:0.356706,loss_recon:0.892549

400-loss_z:2.528725,accu:0.101266,loss_recon:0.975012

600-loss_z:1.523206,accu:0.495241,loss_recon:0.613543

600-loss_z:2.690542,accu:0.139241,loss_recon:0.813287

800-loss_z:1.319068,accu:0.588301,loss_recon:0.51357

800-loss_z:2.861457,accu:0.227848,loss_recon:0.716041

1000-loss_z:1.169459,accu:0.647018,loss_recon:0.440323

1000-loss_z:3.144841,accu:0.21519,loss_recon:0.671989

1200-loss_z:1.049595,accu:0.710872,loss_recon:0.405653

1200-loss_z:3.486193,accu:0.278481,loss_recon:0.627544

1400-loss_z:0.953366,accu:0.741563,loss_recon:0.374897

1400-loss_z:3.793673,accu:0.303797,loss_recon:0.603821

1600-loss_z:0.865566,accu:0.775807,loss_recon:0.355596

1600-loss_z:4.218453,accu:0.303797,loss_recon:0.580862

1800-loss_z:0.791091,accu:0.809225,loss_recon:0.338306

1800-loss_z:4.574173,accu:0.329114,loss_recon:0.56183

2000-loss_z:0.727458,accu:0.835358,loss_recon:0.326986

2000-loss_z:5.006247,accu:0.316456,loss_recon:0.539629

2200-loss_z:0.66423,accu:0.861784,loss_recon:0.317997

2200-loss_z:5.406767,accu:0.329114,loss_recon:0.536508

2400-loss_z:0.611455,accu:0.881406,loss_recon:0.302641

2400-loss_z:5.843359,accu:0.316456,loss_recon:0.528231

2600-loss_z:0.563588,accu:0.905592,loss_recon:0.296044

2600-loss_z:6.258064,accu:0.303797,loss_recon:0.52976

2800-loss_z:0.520897,accu:0.926738,loss_recon:0.286628

2800-loss_z:6.652263,accu:0.329114,loss_recon:0.512265

3000-loss_z:0.481137,accu:0.937995,loss_recon:0.280194

3000-loss_z:7.051906,accu:0.316456,loss_recon:0.517375

3200-loss_z:0.447088,accu:0.95026,loss_recon:0.276804

3200-loss_z:7.457859,accu:0.329114,loss_recon:0.510422

3400-loss_z:0.414481,accu:0.958665,loss_recon:0.266314

3400-loss_z:7.878151,accu:0.329114,loss_recon:0.504934

3600-loss_z:0.388194,accu:0.965059,loss_recon:0.266624

3600-loss_z:8.307615,accu:0.367089,loss_recon:0.507567

3800-loss_z:0.361003,accu:0.967318,loss_recon:0.263752

3800-loss_z:8.782076,accu:0.341772,loss_recon:0.485542

4000-loss_z:0.336348,accu:0.974714,loss_recon:0.262692

4000-loss_z:9.225295,accu:0.35443,loss_recon:0.491857

4200-loss_z:0.314247,accu:0.979193,loss_recon:0.255587

4200-loss_z:9.708307,accu:0.367089,loss_recon:0.488168

4400-loss_z:0.295931,accu:0.982344,loss_recon:0.255815

4400-loss_z:10.205745,accu:0.35443,loss_recon:0.474673

4600-loss_z:0.276542,accu:0.985456,loss_recon:0.255621

4600-loss_z:10.677325,accu:0.379747,loss_recon:0.462802

4800-loss_z:0.260591,accu:0.98987,loss_recon:0.249254

4800-loss_z:11.177665,accu:0.329114,loss_recon:0.462698

5000-loss_z:0.243196,accu:0.989824,loss_recon:0.242345

5000-loss_z:11.664574,accu:0.35443,loss_recon:0.453787

5200-loss_z:0.227706,accu:0.991113,loss_recon:0.240448

5200-loss_z:12.224164,accu:0.379747,loss_recon:0.442572

5400-loss_z:0.212863,accu:0.990326,loss_recon:0.231803

5400-loss_z:12.724457,accu:0.392405,loss_recon:0.451337

5600-loss_z:0.199017,accu:0.992637,loss_recon:0.23324

5600-loss_z:13.246368,accu:0.392405,loss_recon:0.444099

5800-loss_z:0.188452,accu:0.992122,loss_recon:0.229048

5800-loss_z:13.786703,accu:0.43038,loss_recon:0.437727

6000-loss_z:0.176197,accu:0.993132,loss_recon:0.228834

6000-loss_z:14.328152,accu:0.405063,loss_recon:0.448495

6200-loss_z:0.164817,accu:0.993535,loss_recon:0.226597

6200-loss_z:14.859838,accu:0.405063,loss_recon:0.442041

6400-loss_z:0.15396,accu:0.994779,loss_recon:0.221465

6400-loss_z:15.396846,accu:0.417722,loss_recon:0.435647

6600-loss_z:0.144895,accu:0.995241,loss_recon:0.221672

6600-loss_z:15.964011,accu:0.405063,loss_recon:0.430745

6800-loss_z:0.134871,accu:0.996009,loss_recon:0.221409

6800-loss_z:16.561638,accu:0.405063,loss_recon:0.435113

7000-loss_z:0.127382,accu:0.995618,loss_recon:0.21865

7000-loss_z:17.107939,accu:0.417722,loss_recon:0.430876

7200-loss_z:0.119364,accu:0.997122,loss_recon:0.216278

7200-loss_z:17.686995,accu:0.379747,loss_recon:0.434323

7400-loss_z:0.111646,accu:0.997044,loss_recon:0.213523

7400-loss_z:18.237513,accu:0.417722,loss_recon:0.427153

7600-loss_z:0.104786,accu:0.998008,loss_recon:0.209679

7600-loss_z:18.786884,accu:0.405063,loss_recon:0.433383

7800-loss_z:0.098168,accu:0.999655,loss_recon:0.210006

7800-loss_z:19.33629,accu:0.417722,loss_recon:0.41888

8000-loss_z:0.091683,accu:0.99974,loss_recon:0.209274

8000-loss_z:19.883484,accu:0.417722,loss_recon:0.421487

8200-loss_z:0.085625,accu:0.998971,loss_recon:0.205532

8200-loss_z:20.46699,accu:0.417722,loss_recon:0.417155

8400-loss_z:0.08051,accu:0.999004,loss_recon:0.200756

8400-loss_z:21.034613,accu:0.443038,loss_recon:0.42209

8600-loss_z:0.07633,accu:0.999798,loss_recon:0.199982

8600-loss_z:21.577991,accu:0.417722,loss_recon:0.414808

8800-loss_z:0.071374,accu:0.999531,loss_recon:0.196922

8800-loss_z:22.135704,accu:0.405063,loss_recon:0.406359

9000-loss_z:0.066946,accu:0.999961,loss_recon:0.193608

9000-loss_z:22.656775,accu:0.405063,loss_recon:0.400928

9200-loss_z:0.062714,accu:0.999733,loss_recon:0.191042

9200-loss_z:23.21147,accu:0.405063,loss_recon:0.409548

9400-loss_z:0.058346,accu:0.999896,loss_recon:0.187423

9400-loss_z:23.748417,accu:0.405063,loss_recon:0.408986

9600-loss_z:0.055689,accu:0.999896,loss_recon:0.187688

9600-loss_z:24.290174,accu:0.417722,loss_recon:0.403129

9800-loss_z:0.051809,accu:1.0,loss_recon:0.188524

9800-loss_z:24.812159,accu:0.405063,loss_recon:0.404947

10000-loss_z:0.04885,accu:0.999538,loss_recon:0.181857

10000-loss_z:25.342939,accu:0.417722,loss_recon:0.397875

10200-loss_z:0.04554,accu:1.0,loss_recon:0.183179

10200-loss_z:25.865116,accu:0.405063,loss_recon:0.392492

10400-loss_z:0.042993,accu:0.99998,loss_recon:0.180168

10400-loss_z:26.453714,accu:0.405063,loss_recon:0.394713

10600-loss_z:0.039879,accu:1.0,loss_recon:0.178922

10600-loss_z:26.939911,accu:0.405063,loss_recon:0.388047

10800-loss_z:0.037983,accu:1.0,loss_recon:0.177397

10800-loss_z:27.440025,accu:0.405063,loss_recon:0.380874

11000-loss_z:0.035516,accu:1.0,loss_recon:0.174754

11000-loss_z:27.92882,accu:0.405063,loss_recon:0.38508

11200-loss_z:0.033329,accu:1.0,loss_recon:0.174547

11200-loss_z:28.351099,accu:0.417722,loss_recon:0.382117

11400-loss_z:0.031055,accu:1.0,loss_recon:0.173815

11400-loss_z:28.787285,accu:0.405063,loss_recon:0.384847

11600-loss_z:0.029467,accu:1.0,loss_recon:0.172212

11600-loss_z:29.226364,accu:0.417722,loss_recon:0.395416

11800-loss_z:0.027131,accu:1.0,loss_recon:0.172329

11800-loss_z:29.609011,accu:0.417722,loss_recon:0.384281

12000-loss_z:0.025406,accu:1.0,loss_recon:0.171001

12000-loss_z:30.017553,accu:0.405063,loss_recon:0.386804

12200-loss_z:0.02409,accu:1.0,loss_recon:0.168787

12200-loss_z:30.343298,accu:0.379747,loss_recon:0.379949

12400-loss_z:0.021882,accu:1.0,loss_recon:0.168466

12400-loss_z:30.70929,accu:0.35443,loss_recon:0.384131

12600-loss_z:0.02101,accu:1.0,loss_recon:0.168194

12600-loss_z:31.034035,accu:0.379747,loss_recon:0.380507

12800-loss_z:0.019779,accu:1.0,loss_recon:0.168197

12800-loss_z:31.266064,accu:0.379747,loss_recon:0.386345

13000-loss_z:0.017975,accu:1.0,loss_recon:0.167617

13000-loss_z:31.551285,accu:0.392405,loss_recon:0.382148

13200-loss_z:0.017542,accu:1.0,loss_recon:0.167511

13200-loss_z:31.759327,accu:0.392405,loss_recon:0.392435

13400-loss_z:0.015856,accu:1.0,loss_recon:0.166972

13400-loss_z:32.058632,accu:0.392405,loss_recon:0.382034

13600-loss_z:0.014629,accu:1.0,loss_recon:0.166116

13600-loss_z:32.318047,accu:0.392405,loss_recon:0.386822

13800-loss_z:0.013894,accu:1.0,loss_recon:0.164022

13800-loss_z:32.559586,accu:0.405063,loss_recon:0.381917

14000-loss_z:0.012637,accu:1.0,loss_recon:0.163947

14000-loss_z:32.854401,accu:0.392405,loss_recon:0.382598

14200-loss_z:0.011763,accu:1.0,loss_recon:0.164641

14200-loss_z:33.090309,accu:0.405063,loss_recon:0.39133

14400-loss_z:0.011193,accu:1.0,loss_recon:0.163093

14400-loss_z:33.385288,accu:0.405063,loss_recon:0.392288

14600-loss_z:0.01031,accu:1.0,loss_recon:0.162651

14600-loss_z:33.709042,accu:0.405063,loss_recon:0.39762

14800-loss_z:0.009226,accu:1.0,loss_recon:0.162983

14800-loss_z:34.080185,accu:0.405063,loss_recon:0.393168

15000-loss_z:0.008684,accu:1.0,loss_recon:0.16303

15000-loss_z:34.489197,accu:0.405063,loss_recon:0.386655

15200-loss_z:0.008156,accu:1.0,loss_recon:0.163303

15200-loss_z:34.954067,accu:0.392405,loss_recon:0.375293

15400-loss_z:0.00742,accu:1.0,loss_recon:0.163141

15400-loss_z:35.578148,accu:0.405063,loss_recon:0.395666

15600-loss_z:0.006943,accu:1.0,loss_recon:0.16068

15600-loss_z:36.169094,accu:0.417722,loss_recon:0.386664

15800-loss_z:0.006609,accu:1.0,loss_recon:0.160249

15800-loss_z:36.822273,accu:0.405063,loss_recon:0.383365

16000-loss_z:0.006225,accu:1.0,loss_recon:0.160672

16000-loss_z:37.475853,accu:0.405063,loss_recon:0.391697

16200-loss_z:0.005703,accu:1.0,loss_recon:0.160111

16200-loss_z:38.015179,accu:0.367089,loss_recon:0.397481

16400-loss_z:0.005162,accu:1.0,loss_recon:0.158921

16400-loss_z:38.715408,accu:0.367089,loss_recon:0.399163

16600-loss_z:0.004812,accu:1.0,loss_recon:0.158337

16600-loss_z:39.309593,accu:0.379747,loss_recon:0.394263

16800-loss_z:0.004549,accu:1.0,loss_recon:0.157276

16800-loss_z:39.977566,accu:0.367089,loss_recon:0.385412

17000-loss_z:0.004224,accu:1.0,loss_recon:0.156053

17000-loss_z:40.562199,accu:0.379747,loss_recon:0.383209

17200-loss_z:0.003828,accu:1.0,loss_recon:0.154849

17200-loss_z:41.18409,accu:0.379747,loss_recon:0.388253

17400-loss_z:0.003655,accu:1.0,loss_recon:0.153336

17400-loss_z:41.792389,accu:0.367089,loss_recon:0.391957

17600-loss_z:0.003406,accu:1.0,loss_recon:0.152404

17600-loss_z:42.408455,accu:0.379747,loss_recon:0.409647

17800-loss_z:0.003105,accu:1.0,loss_recon:0.151975

17800-loss_z:43.034973,accu:0.379747,loss_recon:0.403823

18000-loss_z:0.002927,accu:1.0,loss_recon:0.149589

18000-loss_z:43.630592,accu:0.379747,loss_recon:0.408142

18200-loss_z:0.002672,accu:1.0,loss_recon:0.147758

18200-loss_z:44.245174,accu:0.367089,loss_recon:0.397646

18400-loss_z:0.002465,accu:1.0,loss_recon:0.148675

18400-loss_z:44.877068,accu:0.379747,loss_recon:0.408472

18600-loss_z:0.002267,accu:1.0,loss_recon:0.148665

18600-loss_z:45.496639,accu:0.367089,loss_recon:0.408717

18800-loss_z:0.002248,accu:1.0,loss_recon:0.1479

18800-loss_z:46.158798,accu:0.367089,loss_recon:0.406819

19000-loss_z:0.001982,accu:1.0,loss_recon:0.147915

19000-loss_z:46.861439,accu:0.367089,loss_recon:0.414915

19200-loss_z:0.001858,accu:1.0,loss_recon:0.146022

19200-loss_z:47.610104,accu:0.367089,loss_recon:0.414996

19400-loss_z:0.001725,accu:1.0,loss_recon:0.146367

19400-loss_z:48.195904,accu:0.367089,loss_recon:0.416607

19600-loss_z:0.001604,accu:1.0,loss_recon:0.146025

19600-loss_z:48.889721,accu:0.367089,loss_recon:0.418345

19800-loss_z:0.001449,accu:1.0,loss_recon:0.145797

19800-loss_z:49.546677,accu:0.367089,loss_recon:0.412215

20000-loss_z:0.001389,accu:1.0,loss_recon:0.145228

20000-loss_z:50.205093,accu:0.367089,loss_recon:0.416799

Continue training
New FC model is initialized
200-loss_z:2.526333,accu:0.200307,loss_recon:3.073565

200-loss_z:2.550853,accu:0.063291,loss_recon:1.664983

400-loss_z:1.833821,accu:0.349733,loss_recon:1.096387

400-loss_z:2.429428,accu:0.139241,loss_recon:1.120119

600-loss_z:1.478983,accu:0.474193,loss_recon:0.782807

600-loss_z:2.483444,accu:0.189873,loss_recon:0.862931

800-loss_z:1.26436,accu:0.589473,loss_recon:0.632601

800-loss_z:2.563391,accu:0.177215,loss_recon:0.724538

1000-loss_z:1.109084,accu:0.68444,loss_recon:0.5303

1000-loss_z:2.698778,accu:0.177215,loss_recon:0.658383

1200-loss_z:0.985978,accu:0.728281,loss_recon:0.462548

1200-loss_z:2.810742,accu:0.21519,loss_recon:0.612188

1400-loss_z:0.887876,accu:0.770605,loss_recon:0.406271

1400-loss_z:2.954856,accu:0.227848,loss_recon:0.562527

1600-loss_z:0.813887,accu:0.79877,loss_recon:0.350681

1600-loss_z:3.098491,accu:0.21519,loss_recon:0.543405

1800-loss_z:0.743582,accu:0.82446,loss_recon:0.306713

1800-loss_z:3.27961,accu:0.253165,loss_recon:0.539

2000-loss_z:0.686853,accu:0.828171,loss_recon:0.272855

2000-loss_z:3.440386,accu:0.253165,loss_recon:0.51605

2200-loss_z:0.636829,accu:0.860234,loss_recon:0.241132

2200-loss_z:3.612155,accu:0.291139,loss_recon:0.488805

2400-loss_z:0.587474,accu:0.878053,loss_recon:0.223142

2400-loss_z:3.800614,accu:0.291139,loss_recon:0.476418

2600-loss_z:0.543889,accu:0.887474,loss_recon:0.204186

2600-loss_z:3.998984,accu:0.316456,loss_recon:0.463769

2800-loss_z:0.50715,accu:0.90235,loss_recon:0.18828

2800-loss_z:4.193079,accu:0.316456,loss_recon:0.442604

3000-loss_z:0.473691,accu:0.905423,loss_recon:0.176618

3000-loss_z:4.388128,accu:0.316456,loss_recon:0.421928

3200-loss_z:0.44704,accu:0.916224,loss_recon:0.166167

3200-loss_z:4.580103,accu:0.341772,loss_recon:0.428451

3400-loss_z:0.420004,accu:0.922142,loss_recon:0.157682

3400-loss_z:4.783593,accu:0.329114,loss_recon:0.40946

3600-loss_z:0.393511,accu:0.929674,loss_recon:0.150859

3600-loss_z:5.009367,accu:0.316456,loss_recon:0.402449

3800-loss_z:0.369519,accu:0.937884,loss_recon:0.145919

3800-loss_z:5.229057,accu:0.341772,loss_recon:0.39466

4000-loss_z:0.352259,accu:0.942135,loss_recon:0.142675

4000-loss_z:5.443387,accu:0.329114,loss_recon:0.388764

4200-loss_z:0.333904,accu:0.946523,loss_recon:0.138631

4200-loss_z:5.700697,accu:0.367089,loss_recon:0.387033

4400-loss_z:0.310563,accu:0.954889,loss_recon:0.135462

4400-loss_z:5.924735,accu:0.367089,loss_recon:0.375411

4600-loss_z:0.29667,accu:0.965326,loss_recon:0.133529

4600-loss_z:6.146074,accu:0.367089,loss_recon:0.377748

4800-loss_z:0.278109,accu:0.970143,loss_recon:0.13237

4800-loss_z:6.359493,accu:0.341772,loss_recon:0.378306

5000-loss_z:0.262806,accu:0.972142,loss_recon:0.132457

5000-loss_z:6.579765,accu:0.341772,loss_recon:0.377546

5200-loss_z:0.251702,accu:0.973353,loss_recon:0.129921

5200-loss_z:6.810495,accu:0.367089,loss_recon:0.378707

5400-loss_z:0.236412,accu:0.980033,loss_recon:0.130565

5400-loss_z:7.041375,accu:0.329114,loss_recon:0.380657

5600-loss_z:0.22437,accu:0.981367,loss_recon:0.128654

5600-loss_z:7.233557,accu:0.329114,loss_recon:0.374408

5800-loss_z:0.212411,accu:0.98513,loss_recon:0.129255

5800-loss_z:7.462314,accu:0.341772,loss_recon:0.38178

6000-loss_z:0.20218,accu:0.985579,loss_recon:0.128775

6000-loss_z:7.683724,accu:0.329114,loss_recon:0.374643

6200-loss_z:0.19118,accu:0.988236,loss_recon:0.127273

6200-loss_z:7.86412,accu:0.35443,loss_recon:0.378468

6400-loss_z:0.181781,accu:0.988594,loss_recon:0.127126

6400-loss_z:8.107479,accu:0.329114,loss_recon:0.381279

6600-loss_z:0.173484,accu:0.991523,loss_recon:0.128477

6600-loss_z:8.342505,accu:0.316456,loss_recon:0.379665

6800-loss_z:0.165006,accu:0.993763,loss_recon:0.126719

6800-loss_z:8.565802,accu:0.316456,loss_recon:0.385911

7000-loss_z:0.156774,accu:0.993665,loss_recon:0.125825

7000-loss_z:8.779193,accu:0.329114,loss_recon:0.37731

7200-loss_z:0.148817,accu:0.996908,loss_recon:0.12695

7200-loss_z:9.01532,accu:0.316456,loss_recon:0.374144

7400-loss_z:0.140594,accu:0.996035,loss_recon:0.125527

7400-loss_z:9.221202,accu:0.316456,loss_recon:0.377872

7600-loss_z:0.132434,accu:0.997214,loss_recon:0.127144

7600-loss_z:9.452049,accu:0.303797,loss_recon:0.368346

7800-loss_z:0.124899,accu:0.998424,loss_recon:0.12733

7800-loss_z:9.631952,accu:0.341772,loss_recon:0.377059

8000-loss_z:0.11745,accu:0.99834,loss_recon:0.125125

8000-loss_z:9.855909,accu:0.341772,loss_recon:0.37294

8200-loss_z:0.112707,accu:0.997448,loss_recon:0.124829

8200-loss_z:10.067196,accu:0.367089,loss_recon:0.383523

8400-loss_z:0.106599,accu:0.999772,loss_recon:0.125572

8400-loss_z:10.329335,accu:0.341772,loss_recon:0.374178

8600-loss_z:0.100885,accu:0.999714,loss_recon:0.12635

8600-loss_z:10.561666,accu:0.35443,loss_recon:0.376754

8800-loss_z:0.095082,accu:0.999818,loss_recon:0.124884

8800-loss_z:10.793032,accu:0.341772,loss_recon:0.377955

9000-loss_z:0.090445,accu:0.999401,loss_recon:0.124059

9000-loss_z:10.963861,accu:0.35443,loss_recon:0.374444

9200-loss_z:0.084887,accu:0.999518,loss_recon:0.1243

9200-loss_z:11.21283,accu:0.35443,loss_recon:0.374645

9400-loss_z:0.080327,accu:0.999818,loss_recon:0.123842

9400-loss_z:11.436139,accu:0.341772,loss_recon:0.376032

9600-loss_z:0.076941,accu:1.0,loss_recon:0.124334

9600-loss_z:11.675561,accu:0.367089,loss_recon:0.37401

9800-loss_z:0.071932,accu:1.0,loss_recon:0.122484

9800-loss_z:11.928292,accu:0.367089,loss_recon:0.373363

10000-loss_z:0.067659,accu:1.0,loss_recon:0.123235

10000-loss_z:12.116311,accu:0.35443,loss_recon:0.365106

10200-loss_z:0.063999,accu:1.0,loss_recon:0.122987

10200-loss_z:12.377661,accu:0.367089,loss_recon:0.370344

10400-loss_z:0.06029,accu:1.0,loss_recon:0.123235

10400-loss_z:12.624266,accu:0.367089,loss_recon:0.370102

10600-loss_z:0.056682,accu:1.0,loss_recon:0.124412

10600-loss_z:12.805807,accu:0.367089,loss_recon:0.373633

10800-loss_z:0.054604,accu:1.0,loss_recon:0.122465

10800-loss_z:13.041213,accu:0.379747,loss_recon:0.37287

11000-loss_z:0.049498,accu:1.0,loss_recon:0.123525

11000-loss_z:13.281952,accu:0.35443,loss_recon:0.370712

11200-loss_z:0.047414,accu:1.0,loss_recon:0.123736

11200-loss_z:13.503592,accu:0.35443,loss_recon:0.373618

11400-loss_z:0.044868,accu:1.0,loss_recon:0.123718

11400-loss_z:13.700798,accu:0.367089,loss_recon:0.377414

11600-loss_z:0.041655,accu:1.0,loss_recon:0.120936

11600-loss_z:13.955875,accu:0.367089,loss_recon:0.374645

11800-loss_z:0.039648,accu:1.0,loss_recon:0.123472

11800-loss_z:14.261694,accu:0.35443,loss_recon:0.368658

12000-loss_z:0.035985,accu:1.0,loss_recon:0.12283

12000-loss_z:14.460131,accu:0.367089,loss_recon:0.373211

12200-loss_z:0.035136,accu:1.0,loss_recon:0.122224

12200-loss_z:14.717429,accu:0.367089,loss_recon:0.369112

12400-loss_z:0.03218,accu:1.0,loss_recon:0.121367

12400-loss_z:14.957311,accu:0.35443,loss_recon:0.376019

12600-loss_z:0.030123,accu:1.0,loss_recon:0.122199

12600-loss_z:15.241385,accu:0.35443,loss_recon:0.370552

12800-loss_z:0.028192,accu:1.0,loss_recon:0.120675

12800-loss_z:15.482026,accu:0.35443,loss_recon:0.372935

13000-loss_z:0.026053,accu:1.0,loss_recon:0.119462

13000-loss_z:15.72012,accu:0.35443,loss_recon:0.374204

13200-loss_z:0.024755,accu:1.0,loss_recon:0.120198

13200-loss_z:16.017649,accu:0.341772,loss_recon:0.373736

13400-loss_z:0.023236,accu:1.0,loss_recon:0.122244

13400-loss_z:16.206924,accu:0.379747,loss_recon:0.375132

13600-loss_z:0.021173,accu:1.0,loss_recon:0.121163

13600-loss_z:16.543995,accu:0.367089,loss_recon:0.36831

13800-loss_z:0.019971,accu:1.0,loss_recon:0.120782

13800-loss_z:16.742144,accu:0.367089,loss_recon:0.373487

14000-loss_z:0.018467,accu:1.0,loss_recon:0.120004

14000-loss_z:17.05604,accu:0.367089,loss_recon:0.37512

14200-loss_z:0.01754,accu:1.0,loss_recon:0.12235

14200-loss_z:17.300346,accu:0.379747,loss_recon:0.36844

14400-loss_z:0.016179,accu:1.0,loss_recon:0.120962

14400-loss_z:17.527458,accu:0.379747,loss_recon:0.370579

14600-loss_z:0.015035,accu:1.0,loss_recon:0.1215

14600-loss_z:17.761316,accu:0.379747,loss_recon:0.376315

14800-loss_z:0.014066,accu:1.0,loss_recon:0.120386

14800-loss_z:18.046587,accu:0.392405,loss_recon:0.371416

15000-loss_z:0.012928,accu:1.0,loss_recon:0.121348

15000-loss_z:18.391012,accu:0.379747,loss_recon:0.369322

15200-loss_z:0.011974,accu:1.0,loss_recon:0.121865

15200-loss_z:18.587055,accu:0.392405,loss_recon:0.365411

15400-loss_z:0.011307,accu:1.0,loss_recon:0.122112

15400-loss_z:18.877234,accu:0.392405,loss_recon:0.365173

15600-loss_z:0.01041,accu:1.0,loss_recon:0.120541

15600-loss_z:19.068672,accu:0.392405,loss_recon:0.367404

15800-loss_z:0.009523,accu:1.0,loss_recon:0.119905

15800-loss_z:19.383774,accu:0.392405,loss_recon:0.367424

16000-loss_z:0.008913,accu:1.0,loss_recon:0.121113

16000-loss_z:19.650898,accu:0.392405,loss_recon:0.365187

16200-loss_z:0.008104,accu:1.0,loss_recon:0.119545

16200-loss_z:19.88883,accu:0.392405,loss_recon:0.371978

16400-loss_z:0.007554,accu:1.0,loss_recon:0.118603

16400-loss_z:20.182674,accu:0.392405,loss_recon:0.367578

16600-loss_z:0.00685,accu:1.0,loss_recon:0.118618

16600-loss_z:20.486654,accu:0.392405,loss_recon:0.365232

16800-loss_z:0.006456,accu:1.0,loss_recon:0.119876

16800-loss_z:20.783716,accu:0.392405,loss_recon:0.36878

17000-loss_z:0.005965,accu:1.0,loss_recon:0.119846

17000-loss_z:21.03751,accu:0.392405,loss_recon:0.368372

17200-loss_z:0.005478,accu:1.0,loss_recon:0.118015

17200-loss_z:21.366173,accu:0.392405,loss_recon:0.36344

17400-loss_z:0.005078,accu:1.0,loss_recon:0.118625

17400-loss_z:21.635685,accu:0.405063,loss_recon:0.364934

17600-loss_z:0.004629,accu:1.0,loss_recon:0.117971

17600-loss_z:21.92625,accu:0.392405,loss_recon:0.36546

17800-loss_z:0.004326,accu:1.0,loss_recon:0.117851

17800-loss_z:22.208416,accu:0.392405,loss_recon:0.362134

18000-loss_z:0.003912,accu:1.0,loss_recon:0.11913

18000-loss_z:22.53577,accu:0.392405,loss_recon:0.362311

18200-loss_z:0.003694,accu:1.0,loss_recon:0.118419

18200-loss_z:22.805473,accu:0.392405,loss_recon:0.364751

18400-loss_z:0.003306,accu:1.0,loss_recon:0.118868

18400-loss_z:23.187588,accu:0.379747,loss_recon:0.366376

18600-loss_z:0.003106,accu:1.0,loss_recon:0.118436

18600-loss_z:23.425697,accu:0.392405,loss_recon:0.356378

18800-loss_z:0.002825,accu:1.0,loss_recon:0.119911

18800-loss_z:23.752537,accu:0.392405,loss_recon:0.363337

19000-loss_z:0.002599,accu:1.0,loss_recon:0.117791

19000-loss_z:24.146498,accu:0.392405,loss_recon:0.35468

19200-loss_z:0.002376,accu:1.0,loss_recon:0.119281

19200-loss_z:24.427845,accu:0.392405,loss_recon:0.363045

19400-loss_z:0.002198,accu:1.0,loss_recon:0.118511

19400-loss_z:24.718122,accu:0.392405,loss_recon:0.357748

19600-loss_z:0.001983,accu:1.0,loss_recon:0.117776

19600-loss_z:25.024656,accu:0.392405,loss_recon:0.360318

19800-loss_z:0.001858,accu:1.0,loss_recon:0.117629

19800-loss_z:25.37398,accu:0.379747,loss_recon:0.356118

20000-loss_z:0.00167,accu:1.0,loss_recon:0.118342

20000-loss_z:25.695269,accu:0.405063,loss_recon:0.356862

Continue training
New FC model is initialized
200-loss_z:2.421267,accu:0.229452,loss_recon:2.866588

200-loss_z:2.51822,accu:0.101266,loss_recon:1.569682

400-loss_z:1.680359,accu:0.435299,loss_recon:1.051716

400-loss_z:2.395368,accu:0.164557,loss_recon:1.048412

600-loss_z:1.351678,accu:0.529772,loss_recon:0.799312

600-loss_z:2.440001,accu:0.189873,loss_recon:0.944503

800-loss_z:1.166784,accu:0.633249,loss_recon:0.670088

800-loss_z:2.518183,accu:0.189873,loss_recon:0.847408

1000-loss_z:1.026241,accu:0.699622,loss_recon:0.568356

1000-loss_z:2.667275,accu:0.240506,loss_recon:0.785653

1200-loss_z:0.923132,accu:0.763027,loss_recon:0.502539

1200-loss_z:2.805509,accu:0.278481,loss_recon:0.71287

1400-loss_z:0.8353,accu:0.803529,loss_recon:0.447102

1400-loss_z:2.942677,accu:0.303797,loss_recon:0.674481

1600-loss_z:0.762852,accu:0.832467,loss_recon:0.407685

1600-loss_z:3.088714,accu:0.329114,loss_recon:0.62743

1800-loss_z:0.700681,accu:0.860404,loss_recon:0.384185

1800-loss_z:3.277924,accu:0.35443,loss_recon:0.609089

2000-loss_z:0.645356,accu:0.87418,loss_recon:0.359834

2000-loss_z:3.407746,accu:0.367089,loss_recon:0.59413

2200-loss_z:0.597618,accu:0.883424,loss_recon:0.344706

2200-loss_z:3.562791,accu:0.379747,loss_recon:0.570891

2400-loss_z:0.549966,accu:0.89931,loss_recon:0.329032

2400-loss_z:3.726224,accu:0.35443,loss_recon:0.562819

2600-loss_z:0.508553,accu:0.917956,loss_recon:0.317986

2600-loss_z:3.862961,accu:0.367089,loss_recon:0.550585

2800-loss_z:0.476926,accu:0.928132,loss_recon:0.305789

2800-loss_z:4.029229,accu:0.392405,loss_recon:0.543441

3000-loss_z:0.440932,accu:0.937116,loss_recon:0.296987

3000-loss_z:4.180748,accu:0.392405,loss_recon:0.532178

3200-loss_z:0.409522,accu:0.943815,loss_recon:0.28833

3200-loss_z:4.312112,accu:0.392405,loss_recon:0.528109

3400-loss_z:0.384153,accu:0.950573,loss_recon:0.281001

3400-loss_z:4.449659,accu:0.417722,loss_recon:0.51375

3600-loss_z:0.354391,accu:0.961061,loss_recon:0.275015

3600-loss_z:4.635129,accu:0.405063,loss_recon:0.513102

3800-loss_z:0.333012,accu:0.96498,loss_recon:0.266322

3800-loss_z:4.744736,accu:0.417722,loss_recon:0.502284

4000-loss_z:0.311487,accu:0.968555,loss_recon:0.257172

4000-loss_z:4.923675,accu:0.405063,loss_recon:0.487654

4200-loss_z:0.289085,accu:0.970846,loss_recon:0.247803

4200-loss_z:5.064779,accu:0.43038,loss_recon:0.489364

4400-loss_z:0.270192,accu:0.977174,loss_recon:0.2402

4400-loss_z:5.247227,accu:0.417722,loss_recon:0.475864

4600-loss_z:0.252459,accu:0.976576,loss_recon:0.232278

4600-loss_z:5.36973,accu:0.443038,loss_recon:0.476417

4800-loss_z:0.236335,accu:0.979036,loss_recon:0.222061

4800-loss_z:5.551678,accu:0.443038,loss_recon:0.464815

5000-loss_z:0.222849,accu:0.9814,loss_recon:0.220571

5000-loss_z:5.690482,accu:0.417722,loss_recon:0.464462

5200-loss_z:0.205936,accu:0.984596,loss_recon:0.213821

5200-loss_z:5.850742,accu:0.455696,loss_recon:0.450992

5400-loss_z:0.193553,accu:0.983392,loss_recon:0.212463

5400-loss_z:6.023367,accu:0.443038,loss_recon:0.449047

5600-loss_z:0.183277,accu:0.986081,loss_recon:0.20896

5600-loss_z:6.187709,accu:0.443038,loss_recon:0.442476

5800-loss_z:0.170029,accu:0.988366,loss_recon:0.205259

5800-loss_z:6.348927,accu:0.468354,loss_recon:0.432311

6000-loss_z:0.161752,accu:0.988333,loss_recon:0.205026

6000-loss_z:6.485975,accu:0.43038,loss_recon:0.43225

6200-loss_z:0.149999,accu:0.993053,loss_recon:0.20542

6200-loss_z:6.644504,accu:0.443038,loss_recon:0.430299

6400-loss_z:0.139477,accu:0.99276,loss_recon:0.199297

6400-loss_z:6.789658,accu:0.468354,loss_recon:0.413766

6600-loss_z:0.132165,accu:0.99401,loss_recon:0.197814

6600-loss_z:6.957557,accu:0.455696,loss_recon:0.406464

6800-loss_z:0.124034,accu:0.993073,loss_recon:0.195138

6800-loss_z:7.142908,accu:0.481013,loss_recon:0.40556

7000-loss_z:0.116386,accu:0.994401,loss_recon:0.190927

7000-loss_z:7.29555,accu:0.455696,loss_recon:0.419701

7200-loss_z:0.111596,accu:0.995046,loss_recon:0.191099

7200-loss_z:7.457714,accu:0.468354,loss_recon:0.397675

7400-loss_z:0.105394,accu:0.99599,loss_recon:0.190889

7400-loss_z:7.581571,accu:0.455696,loss_recon:0.399181

7600-loss_z:0.098224,accu:0.996204,loss_recon:0.188767

7600-loss_z:7.706454,accu:0.455696,loss_recon:0.398672

7800-loss_z:0.089715,accu:0.996484,loss_recon:0.185479

7800-loss_z:7.874095,accu:0.455696,loss_recon:0.400366

8000-loss_z:0.087065,accu:0.99873,loss_recon:0.186436

8000-loss_z:8.036312,accu:0.468354,loss_recon:0.390735

8200-loss_z:0.081986,accu:0.998092,loss_recon:0.183312

8200-loss_z:8.200434,accu:0.455696,loss_recon:0.393367

8400-loss_z:0.0767,accu:0.999642,loss_recon:0.183662

8400-loss_z:8.343019,accu:0.468354,loss_recon:0.398494

8600-loss_z:0.07302,accu:0.999583,loss_recon:0.182486

8600-loss_z:8.493587,accu:0.455696,loss_recon:0.399742

8800-loss_z:0.068291,accu:0.999199,loss_recon:0.180992

8800-loss_z:8.618342,accu:0.468354,loss_recon:0.395205

9000-loss_z:0.065308,accu:0.999557,loss_recon:0.18349

9000-loss_z:8.807011,accu:0.468354,loss_recon:0.402251

9200-loss_z:0.060406,accu:0.999941,loss_recon:0.179251

9200-loss_z:8.970891,accu:0.455696,loss_recon:0.393486

9400-loss_z:0.057801,accu:1.0,loss_recon:0.179486

9400-loss_z:9.116063,accu:0.455696,loss_recon:0.398281

9600-loss_z:0.053834,accu:1.0,loss_recon:0.177969

9600-loss_z:9.282787,accu:0.443038,loss_recon:0.39602

9800-loss_z:0.051408,accu:1.0,loss_recon:0.179736

9800-loss_z:9.459293,accu:0.468354,loss_recon:0.400116

10000-loss_z:0.048446,accu:1.0,loss_recon:0.176806

10000-loss_z:9.645522,accu:0.455696,loss_recon:0.39607

10200-loss_z:0.045623,accu:1.0,loss_recon:0.178688

10200-loss_z:9.887376,accu:0.468354,loss_recon:0.398945

10400-loss_z:0.042114,accu:1.0,loss_recon:0.180073

10400-loss_z:10.012995,accu:0.443038,loss_recon:0.395052

10600-loss_z:0.039961,accu:1.0,loss_recon:0.17795

10600-loss_z:10.266469,accu:0.443038,loss_recon:0.395659

10800-loss_z:0.037963,accu:1.0,loss_recon:0.178239

10800-loss_z:10.457552,accu:0.443038,loss_recon:0.39244

11000-loss_z:0.035624,accu:1.0,loss_recon:0.175501

11000-loss_z:10.703135,accu:0.417722,loss_recon:0.395139

11200-loss_z:0.033091,accu:1.0,loss_recon:0.174843

11200-loss_z:10.890375,accu:0.443038,loss_recon:0.396425

11400-loss_z:0.03163,accu:1.0,loss_recon:0.177978

11400-loss_z:11.113035,accu:0.455696,loss_recon:0.387392

11600-loss_z:0.029411,accu:1.0,loss_recon:0.174347

11600-loss_z:11.413124,accu:0.443038,loss_recon:0.398579

11800-loss_z:0.027144,accu:1.0,loss_recon:0.173262

11800-loss_z:11.620099,accu:0.455696,loss_recon:0.391872

12000-loss_z:0.025887,accu:1.0,loss_recon:0.173795

12000-loss_z:11.873602,accu:0.455696,loss_recon:0.391955

12200-loss_z:0.023905,accu:1.0,loss_recon:0.174351

12200-loss_z:12.070826,accu:0.468354,loss_recon:0.400805

12400-loss_z:0.022794,accu:1.0,loss_recon:0.173232

12400-loss_z:12.325738,accu:0.455696,loss_recon:0.392177

12600-loss_z:0.021393,accu:1.0,loss_recon:0.171741

12600-loss_z:12.584696,accu:0.455696,loss_recon:0.387971

12800-loss_z:0.020045,accu:1.0,loss_recon:0.172194

12800-loss_z:12.860061,accu:0.417722,loss_recon:0.394334

13000-loss_z:0.018707,accu:1.0,loss_recon:0.171246

13000-loss_z:13.051942,accu:0.455696,loss_recon:0.390219

13200-loss_z:0.017456,accu:1.0,loss_recon:0.171884

13200-loss_z:13.310081,accu:0.443038,loss_recon:0.396301

13400-loss_z:0.015916,accu:1.0,loss_recon:0.170045

13400-loss_z:13.584522,accu:0.443038,loss_recon:0.393288

13600-loss_z:0.015154,accu:1.0,loss_recon:0.171237

13600-loss_z:13.843683,accu:0.443038,loss_recon:0.391663

13800-loss_z:0.014011,accu:1.0,loss_recon:0.169932

13800-loss_z:14.076324,accu:0.443038,loss_recon:0.392694

14000-loss_z:0.013124,accu:1.0,loss_recon:0.168809

14000-loss_z:14.323092,accu:0.455696,loss_recon:0.401529

14200-loss_z:0.012438,accu:1.0,loss_recon:0.170312

14200-loss_z:14.554601,accu:0.43038,loss_recon:0.400778

14400-loss_z:0.011446,accu:1.0,loss_recon:0.167511

14400-loss_z:14.820915,accu:0.443038,loss_recon:0.400912

14600-loss_z:0.010433,accu:1.0,loss_recon:0.170821

14600-loss_z:15.056334,accu:0.43038,loss_recon:0.392677

14800-loss_z:0.010087,accu:1.0,loss_recon:0.169128

14800-loss_z:15.272439,accu:0.443038,loss_recon:0.400805

15000-loss_z:0.009131,accu:1.0,loss_recon:0.168258

15000-loss_z:15.489064,accu:0.443038,loss_recon:0.392444

15200-loss_z:0.008642,accu:1.0,loss_recon:0.167843

15200-loss_z:15.734216,accu:0.443038,loss_recon:0.405193

15400-loss_z:0.007821,accu:1.0,loss_recon:0.165858

15400-loss_z:15.942816,accu:0.443038,loss_recon:0.40412

15600-loss_z:0.007409,accu:1.0,loss_recon:0.167022

15600-loss_z:16.185911,accu:0.443038,loss_recon:0.400982

15800-loss_z:0.00685,accu:1.0,loss_recon:0.166422

15800-loss_z:16.414938,accu:0.443038,loss_recon:0.40736

16000-loss_z:0.006281,accu:1.0,loss_recon:0.167439

16000-loss_z:16.685144,accu:0.443038,loss_recon:0.40075

16200-loss_z:0.005805,accu:1.0,loss_recon:0.166845

16200-loss_z:16.932148,accu:0.443038,loss_recon:0.40069

16400-loss_z:0.005455,accu:1.0,loss_recon:0.168587

16400-loss_z:17.192459,accu:0.443038,loss_recon:0.404877

16600-loss_z:0.005103,accu:1.0,loss_recon:0.166608

16600-loss_z:17.480747,accu:0.443038,loss_recon:0.405452

16800-loss_z:0.004544,accu:1.0,loss_recon:0.166462

16800-loss_z:17.722815,accu:0.43038,loss_recon:0.40238

17000-loss_z:0.004213,accu:1.0,loss_recon:0.166205

17000-loss_z:17.921732,accu:0.443038,loss_recon:0.398209

17200-loss_z:0.003936,accu:1.0,loss_recon:0.165618

17200-loss_z:18.207329,accu:0.417722,loss_recon:0.403226

17400-loss_z:0.003607,accu:1.0,loss_recon:0.166158

17400-loss_z:18.462873,accu:0.43038,loss_recon:0.399399

17600-loss_z:0.003269,accu:1.0,loss_recon:0.166177

17600-loss_z:18.719986,accu:0.43038,loss_recon:0.407045

17800-loss_z:0.003064,accu:1.0,loss_recon:0.166383

17800-loss_z:18.974861,accu:0.43038,loss_recon:0.408611

18000-loss_z:0.002757,accu:1.0,loss_recon:0.168743

18000-loss_z:19.280426,accu:0.405063,loss_recon:0.400494

18200-loss_z:0.002496,accu:1.0,loss_recon:0.166898

18200-loss_z:19.474823,accu:0.417722,loss_recon:0.406263

18400-loss_z:0.002358,accu:1.0,loss_recon:0.165438

18400-loss_z:19.838779,accu:0.417722,loss_recon:0.409143

18600-loss_z:0.002133,accu:1.0,loss_recon:0.166033

18600-loss_z:20.077612,accu:0.43038,loss_recon:0.402562

18800-loss_z:0.001956,accu:1.0,loss_recon:0.163094

18800-loss_z:20.385202,accu:0.417722,loss_recon:0.410864

19000-loss_z:0.001796,accu:1.0,loss_recon:0.165174

19000-loss_z:20.670189,accu:0.417722,loss_recon:0.404001

19200-loss_z:0.001595,accu:1.0,loss_recon:0.163543

19200-loss_z:20.944983,accu:0.43038,loss_recon:0.404255

19400-loss_z:0.00149,accu:1.0,loss_recon:0.163381

19400-loss_z:21.264769,accu:0.417722,loss_recon:0.415106

19600-loss_z:0.001369,accu:1.0,loss_recon:0.166681

19600-loss_z:21.562555,accu:0.43038,loss_recon:0.408887

19800-loss_z:0.001211,accu:1.0,loss_recon:0.163425

19800-loss_z:21.815487,accu:0.43038,loss_recon:0.413491

20000-loss_z:0.001095,accu:1.0,loss_recon:0.163999

20000-loss_z:22.153545,accu:0.417722,loss_recon:0.410599

Continue training
New FC model is initialized
200-loss_z:2.471013,accu:0.204751,loss_recon:3.103833

200-loss_z:2.544115,accu:0.101266,loss_recon:1.549865

400-loss_z:1.724405,accu:0.377441,loss_recon:1.142595

400-loss_z:2.577123,accu:0.113924,loss_recon:1.109622

600-loss_z:1.425011,accu:0.491289,loss_recon:0.84377

600-loss_z:2.804682,accu:0.151899,loss_recon:1.057706

800-loss_z:1.233768,accu:0.592389,loss_recon:0.698321

800-loss_z:3.023602,accu:0.151899,loss_recon:0.963714

1000-loss_z:1.097766,accu:0.638711,loss_recon:0.592284

1000-loss_z:3.280739,accu:0.139241,loss_recon:0.854028

1200-loss_z:0.992008,accu:0.683125,loss_recon:0.515966

1200-loss_z:3.560336,accu:0.151899,loss_recon:0.75755

1400-loss_z:0.898798,accu:0.714186,loss_recon:0.454244

1400-loss_z:3.85242,accu:0.202532,loss_recon:0.719759

1600-loss_z:0.82078,accu:0.761009,loss_recon:0.410522

1600-loss_z:4.11055,accu:0.189873,loss_recon:0.664342

1800-loss_z:0.757898,accu:0.788958,loss_recon:0.37508

1800-loss_z:4.393202,accu:0.21519,loss_recon:0.637499

2000-loss_z:0.703357,accu:0.820957,loss_recon:0.345664

2000-loss_z:4.666171,accu:0.202532,loss_recon:0.626729

2200-loss_z:0.654859,accu:0.825684,loss_recon:0.32958

2200-loss_z:5.009005,accu:0.21519,loss_recon:0.603516

2400-loss_z:0.611212,accu:0.845859,loss_recon:0.307414

2400-loss_z:5.287326,accu:0.227848,loss_recon:0.573773

2600-loss_z:0.572938,accu:0.864655,loss_recon:0.291746

2600-loss_z:5.623581,accu:0.240506,loss_recon:0.550878

2800-loss_z:0.53305,accu:0.880436,loss_recon:0.277717

2800-loss_z:5.916006,accu:0.227848,loss_recon:0.519114

3000-loss_z:0.495979,accu:0.894538,loss_recon:0.265937

3000-loss_z:6.232565,accu:0.240506,loss_recon:0.509407

3200-loss_z:0.467551,accu:0.900807,loss_recon:0.254397

3200-loss_z:6.548275,accu:0.291139,loss_recon:0.484827

3400-loss_z:0.439345,accu:0.919857,loss_recon:0.246043

3400-loss_z:6.892953,accu:0.240506,loss_recon:0.471475

3600-loss_z:0.40902,accu:0.93127,loss_recon:0.237247

3600-loss_z:7.177854,accu:0.303797,loss_recon:0.456679

3800-loss_z:0.384314,accu:0.935957,loss_recon:0.231182

3800-loss_z:7.54112,accu:0.278481,loss_recon:0.447207

4000-loss_z:0.363894,accu:0.940286,loss_recon:0.221443

4000-loss_z:7.870449,accu:0.316456,loss_recon:0.445676

4200-loss_z:0.340856,accu:0.944688,loss_recon:0.217182

4200-loss_z:8.16853,accu:0.291139,loss_recon:0.433711

4400-loss_z:0.320219,accu:0.948691,loss_recon:0.213368

4400-loss_z:8.514597,accu:0.316456,loss_recon:0.42643

4600-loss_z:0.300506,accu:0.952214,loss_recon:0.206732

4600-loss_z:8.839259,accu:0.341772,loss_recon:0.417364

4800-loss_z:0.282734,accu:0.955462,loss_recon:0.202338

4800-loss_z:9.174514,accu:0.367089,loss_recon:0.4148

5000-loss_z:0.267407,accu:0.957337,loss_recon:0.199286

5000-loss_z:9.468546,accu:0.379747,loss_recon:0.408257

5200-loss_z:0.251333,accu:0.956914,loss_recon:0.190604

5200-loss_z:9.783041,accu:0.35443,loss_recon:0.39961

5400-loss_z:0.238334,accu:0.961491,loss_recon:0.186126

5400-loss_z:10.114382,accu:0.379747,loss_recon:0.396813

5600-loss_z:0.22414,accu:0.963939,loss_recon:0.182598

5600-loss_z:10.431399,accu:0.35443,loss_recon:0.383249

5800-loss_z:0.212452,accu:0.968145,loss_recon:0.175498

5800-loss_z:10.745845,accu:0.35443,loss_recon:0.372181

6000-loss_z:0.200848,accu:0.96903,loss_recon:0.173777

6000-loss_z:11.062037,accu:0.367089,loss_recon:0.359177

6200-loss_z:0.189278,accu:0.970384,loss_recon:0.171112

6200-loss_z:11.391864,accu:0.367089,loss_recon:0.357233

6400-loss_z:0.179447,accu:0.97084,loss_recon:0.170525

6400-loss_z:11.692156,accu:0.367089,loss_recon:0.358742

6600-loss_z:0.170796,accu:0.978783,loss_recon:0.169969

6600-loss_z:11.99964,accu:0.367089,loss_recon:0.358938

6800-loss_z:0.160067,accu:0.976426,loss_recon:0.168919

6800-loss_z:12.304018,accu:0.35443,loss_recon:0.355453

7000-loss_z:0.152945,accu:0.981712,loss_recon:0.167401

7000-loss_z:12.588395,accu:0.367089,loss_recon:0.350577

7200-loss_z:0.143483,accu:0.982891,loss_recon:0.166836

7200-loss_z:12.887791,accu:0.35443,loss_recon:0.351203

7400-loss_z:0.134951,accu:0.98765,loss_recon:0.166507

7400-loss_z:13.185272,accu:0.367089,loss_recon:0.35196

7600-loss_z:0.129154,accu:0.989036,loss_recon:0.165811

7600-loss_z:13.47611,accu:0.367089,loss_recon:0.34808

7800-loss_z:0.122828,accu:0.990527,loss_recon:0.167033

7800-loss_z:13.776662,accu:0.367089,loss_recon:0.344179

8000-loss_z:0.114185,accu:0.991875,loss_recon:0.165838

8000-loss_z:14.096267,accu:0.367089,loss_recon:0.349729

8200-loss_z:0.109509,accu:0.991608,loss_recon:0.164114

8200-loss_z:14.327317,accu:0.35443,loss_recon:0.34556

8400-loss_z:0.103678,accu:0.993952,loss_recon:0.165904

8400-loss_z:14.554125,accu:0.392405,loss_recon:0.344476

8600-loss_z:0.096789,accu:0.996706,loss_recon:0.164757

8600-loss_z:14.873784,accu:0.367089,loss_recon:0.348834

8800-loss_z:0.092814,accu:0.997311,loss_recon:0.163392

8800-loss_z:15.056001,accu:0.379747,loss_recon:0.347568

9000-loss_z:0.089253,accu:0.997741,loss_recon:0.164471

9000-loss_z:15.231996,accu:0.367089,loss_recon:0.341761

9200-loss_z:0.08369,accu:0.998952,loss_recon:0.160993

9200-loss_z:15.344378,accu:0.379747,loss_recon:0.341115

9400-loss_z:0.078879,accu:0.999447,loss_recon:0.161923

9400-loss_z:15.421365,accu:0.341772,loss_recon:0.338073

9600-loss_z:0.074054,accu:0.999479,loss_recon:0.1624

9600-loss_z:15.431812,accu:0.367089,loss_recon:0.337094

9800-loss_z:0.071133,accu:0.999557,loss_recon:0.159669

9800-loss_z:15.44544,accu:0.379747,loss_recon:0.338573

10000-loss_z:0.066017,accu:0.999876,loss_recon:0.159593

10000-loss_z:15.373114,accu:0.367089,loss_recon:0.332788

10200-loss_z:0.062588,accu:0.999629,loss_recon:0.15974

10200-loss_z:15.386895,accu:0.379747,loss_recon:0.336957

10400-loss_z:0.059053,accu:1.0,loss_recon:0.158514

10400-loss_z:15.41417,accu:0.379747,loss_recon:0.333779

10600-loss_z:0.056219,accu:1.0,loss_recon:0.159523

10600-loss_z:15.498956,accu:0.367089,loss_recon:0.333489

10800-loss_z:0.053085,accu:1.0,loss_recon:0.15718

10800-loss_z:15.616426,accu:0.379747,loss_recon:0.341434

11000-loss_z:0.049913,accu:1.0,loss_recon:0.157054

11000-loss_z:15.7277,accu:0.379747,loss_recon:0.335396

11200-loss_z:0.04655,accu:1.0,loss_recon:0.156229

11200-loss_z:15.850092,accu:0.379747,loss_recon:0.333319

11400-loss_z:0.044211,accu:1.0,loss_recon:0.15691

11400-loss_z:16.014038,accu:0.392405,loss_recon:0.336308

11600-loss_z:0.043,accu:1.0,loss_recon:0.156993

11600-loss_z:16.138437,accu:0.35443,loss_recon:0.331195

11800-loss_z:0.039569,accu:1.0,loss_recon:0.154978

11800-loss_z:16.367321,accu:0.379747,loss_recon:0.334568

12000-loss_z:0.036998,accu:1.0,loss_recon:0.156128

12000-loss_z:16.676994,accu:0.405063,loss_recon:0.33389

12200-loss_z:0.03467,accu:1.0,loss_recon:0.154053

12200-loss_z:16.971775,accu:0.367089,loss_recon:0.334565

12400-loss_z:0.033272,accu:1.0,loss_recon:0.153214

12400-loss_z:17.289026,accu:0.392405,loss_recon:0.332921

12600-loss_z:0.031248,accu:1.0,loss_recon:0.154283

12600-loss_z:17.626543,accu:0.405063,loss_recon:0.330706

12800-loss_z:0.029808,accu:1.0,loss_recon:0.152081

12800-loss_z:17.841667,accu:0.379747,loss_recon:0.326985

13000-loss_z:0.028407,accu:1.0,loss_recon:0.152495

13000-loss_z:18.153675,accu:0.392405,loss_recon:0.325995

13200-loss_z:0.026421,accu:1.0,loss_recon:0.152555

13200-loss_z:18.429474,accu:0.392405,loss_recon:0.330987

13400-loss_z:0.024994,accu:1.0,loss_recon:0.151489

13400-loss_z:18.830246,accu:0.405063,loss_recon:0.326169

13600-loss_z:0.023549,accu:1.0,loss_recon:0.152175

13600-loss_z:19.145178,accu:0.392405,loss_recon:0.326398

13800-loss_z:0.022075,accu:1.0,loss_recon:0.150057

13800-loss_z:19.450495,accu:0.405063,loss_recon:0.330627

14000-loss_z:0.020746,accu:1.0,loss_recon:0.148638

14000-loss_z:19.762348,accu:0.379747,loss_recon:0.32591

14200-loss_z:0.019759,accu:1.0,loss_recon:0.150663

14200-loss_z:20.095493,accu:0.367089,loss_recon:0.326173

14400-loss_z:0.018371,accu:1.0,loss_recon:0.148906

14400-loss_z:20.361208,accu:0.367089,loss_recon:0.328544

14600-loss_z:0.01717,accu:1.0,loss_recon:0.148218

14600-loss_z:20.629822,accu:0.367089,loss_recon:0.322189

14800-loss_z:0.01565,accu:1.0,loss_recon:0.146994

14800-loss_z:21.060976,accu:0.367089,loss_recon:0.322926

15000-loss_z:0.01441,accu:1.0,loss_recon:0.149089

15000-loss_z:21.39929,accu:0.35443,loss_recon:0.319848

15200-loss_z:0.013357,accu:1.0,loss_recon:0.146557

15200-loss_z:21.640343,accu:0.35443,loss_recon:0.320928

15400-loss_z:0.012438,accu:1.0,loss_recon:0.1441

15400-loss_z:21.777813,accu:0.392405,loss_recon:0.312172

15600-loss_z:0.01122,accu:1.0,loss_recon:0.145448

15600-loss_z:22.091709,accu:0.392405,loss_recon:0.314115

15800-loss_z:0.010343,accu:1.0,loss_recon:0.14478

15800-loss_z:22.315834,accu:0.392405,loss_recon:0.31389

16000-loss_z:0.009869,accu:1.0,loss_recon:0.144681

16000-loss_z:22.563057,accu:0.392405,loss_recon:0.312265

16200-loss_z:0.009274,accu:1.0,loss_recon:0.1433

16200-loss_z:22.811657,accu:0.392405,loss_recon:0.315456

16400-loss_z:0.008512,accu:1.0,loss_recon:0.142926

16400-loss_z:23.092485,accu:0.379747,loss_recon:0.316001

16600-loss_z:0.007843,accu:1.0,loss_recon:0.144976

16600-loss_z:23.37281,accu:0.367089,loss_recon:0.311242

16800-loss_z:0.007457,accu:1.0,loss_recon:0.143958

16800-loss_z:23.644514,accu:0.379747,loss_recon:0.314628

17000-loss_z:0.006936,accu:1.0,loss_recon:0.143291

17000-loss_z:23.867306,accu:0.35443,loss_recon:0.314547

17200-loss_z:0.00632,accu:1.0,loss_recon:0.141262

17200-loss_z:24.146477,accu:0.35443,loss_recon:0.31131

17400-loss_z:0.005952,accu:1.0,loss_recon:0.143571

17400-loss_z:24.454609,accu:0.367089,loss_recon:0.311105

17600-loss_z:0.005429,accu:1.0,loss_recon:0.142599

17600-loss_z:24.78421,accu:0.35443,loss_recon:0.311514

17800-loss_z:0.004931,accu:1.0,loss_recon:0.142496

17800-loss_z:25.131403,accu:0.35443,loss_recon:0.307477

18000-loss_z:0.004666,accu:1.0,loss_recon:0.14059

18000-loss_z:25.418177,accu:0.35443,loss_recon:0.310528

18200-loss_z:0.004405,accu:1.0,loss_recon:0.141097

18200-loss_z:25.666922,accu:0.367089,loss_recon:0.31023

18400-loss_z:0.004,accu:1.0,loss_recon:0.1409

18400-loss_z:25.913221,accu:0.35443,loss_recon:0.310116

18600-loss_z:0.003836,accu:1.0,loss_recon:0.140185

18600-loss_z:26.260208,accu:0.35443,loss_recon:0.308672

18800-loss_z:0.003513,accu:1.0,loss_recon:0.138423

18800-loss_z:26.583221,accu:0.35443,loss_recon:0.307156

19000-loss_z:0.003341,accu:1.0,loss_recon:0.139241

19000-loss_z:26.850756,accu:0.367089,loss_recon:0.308707

19200-loss_z:0.002992,accu:1.0,loss_recon:0.138962

19200-loss_z:27.23271,accu:0.367089,loss_recon:0.310329

19400-loss_z:0.002779,accu:1.0,loss_recon:0.138116

19400-loss_z:27.515604,accu:0.367089,loss_recon:0.306505

19600-loss_z:0.002481,accu:1.0,loss_recon:0.137312

19600-loss_z:27.806406,accu:0.367089,loss_recon:0.309054

19800-loss_z:0.00234,accu:1.0,loss_recon:0.137696

19800-loss_z:28.100721,accu:0.35443,loss_recon:0.309482

20000-loss_z:0.002093,accu:1.0,loss_recon:0.135895

20000-loss_z:28.495834,accu:0.367089,loss_recon:0.310222

Exp path: /home/xuanjie.liu/Projects/S3Plus/VQ/exp/2025.05.19_10vq_Zc[2]_Zs[0]_edim1_[0-20]_plus1024_1_tripleSet_Nothing_trainAll
{'train_data_path': '/home/xuanjie.liu/Projects/S3Plus/VQ/exp/2025.05.19_10vq_Zc[2]_Zs[0]_edim1_[0-20]_plus1024_1_tripleSet_Nothing_trainAll/../../../dataset/single_style_pairs(0,20)_tripleSet_trainAll/train', 'single_img_eval_set_path': '/home/xuanjie.liu/Projects/S3Plus/VQ/exp/2025.05.19_10vq_Zc[2]_Zs[0]_edim1_[0-20]_plus1024_1_tripleSet_Nothing_trainAll/../../../dataset/(0,20)-FixedPos-oneStyle', 'plus_eval_set_path': ['/home/xuanjie.liu/Projects/S3Plus/VQ/exp/2025.05.19_10vq_Zc[2]_Zs[0]_edim1_[0-20]_plus1024_1_tripleSet_Nothing_trainAll/../../../dataset/single_style_pairs(0,20)_tripleSet/test_1', '/home/xuanjie.liu/Projects/S3Plus/VQ/exp/2025.05.19_10vq_Zc[2]_Zs[0]_edim1_[0-20]_plus1024_1_tripleSet_Nothing_trainAll/../../../dataset/single_style_pairs(0,20)_tripleSet/test_2'], 'latent_embedding_1': 2, 'latent_embedding_2': 0, 'multi_num_embeddings': None, 'latent_code_2': 0, 'embedding_dim': 1, 'is_plot_zc_value': True, 'embeddings_num': 10, 'is_plot_vis_num': True, 'kld_loss_scalar': 0.0, 'checkpoint_interval': 2000, 'learning_rate': 0.0001, 'scheduler_base_num': 0.99999, 'max_iter_num': 50001, 'model_path': 'curr_model.pt', 'train_result_path': 'TrainingResults/', 'eval_result_path': 'EvalResults/', 'train_record_path': 'Train_record.txt', 'eval_record_path': 'Eval_record.txt', 'plus_accu_record_path': 'plus_eval.txt', 'log_interval': 500, 'eval_interval': 2000, 'is_save_img': True, 'batch_size': 128, 'is_commutative_train': False, 'is_commutative_all': False, 'z_plus_loss_scalar': 0.02, 'commutative_z_loss_scalar': 0.0, 'associative_z_loss_scalar': 0.0, 'plus_mse_scalar': -1, 'plus_recon_loss_scalar': 3, 'min_loss_scalar': 1e-05, 'K': 1024, 'assoc_aug_range': (-3, 3), 'commitment_scalar': 0.0025, 'embedding_scalar': 0.01, 'isVQStyle': False, 'plus_by_embedding': True, 'plus_by_zcode': False, 'VQPlus_eqLoss_scalar': 0.5, 'is_zc_based_assoc': True, 'is_rand_z_assoc': False, 'is_assoc_within_batch': True, 'is_switch_digital': False, 'is_full_symm': False, 'is_assoc': False, 'is_twice_oper': False, 'img_noise': 0.0, 'network_config': {'enc_dec': {'img_channel': 3, 'last_H': 4, 'last_W': 4, 'first_ch_num': 16}, 'enc_fc': {'n_units': 128, 'n_hidden_layers': 2}, 'plus': {'plus_unit': 1024, 'n_hidden_layers': 2}}, 'eval_config': {'pipeline_result_path': 'PIPELINE_EVAL', 'optimal_checkpoint_finding_config': {'optimal_checkpoint_num': 'find_by_keys', 'record_name': 'Train_record.txt', 'keys': ['plus_recon', 'plus_z', 'loss_oper', 'loss_ED'], 'iter_after': 0.1}, 'plus_eval_configs': [{'name': 'eval_set', 'eval_set_path_list': ['/home/xuanjie.liu/Projects/S3Plus/VQ/exp/2025.05.19_10vq_Zc[2]_Zs[0]_edim1_[0-20]_plus1024_1_tripleSet_Nothing_trainAll/../../../dataset/single_style_pairs(0,20)_tripleSet/test_1', '/home/xuanjie.liu/Projects/S3Plus/VQ/exp/2025.05.19_10vq_Zc[2]_Zs[0]_edim1_[0-20]_plus1024_1_tripleSet_Nothing_trainAll/../../../dataset/single_style_pairs(0,20)_tripleSet/test_2'], 'is_blur': False, 'blur_config': {'kernel_size_choices': (5, 7, 9), 'sigma_range': (0.5, 3.0), 'p_no_blur': 0.0}, 'augment_times': 1}], 'emb_matching_rate_configs': [{'name': 'emb_matching_rate', 'eval_set_path_list': ['/home/xuanjie.liu/Projects/S3Plus/VQ/exp/2025.05.19_10vq_Zc[2]_Zs[0]_edim1_[0-20]_plus1024_1_tripleSet_Nothing_trainAll/../../../dataset/(0,20)-FixedPos-oneStyle'], 'is_blur': False, 'blur_config': {'kernel_size_choices': (5, 7, 9), 'sigma_range': (0.5, 3.0), 'p_no_blur': 0.0}, 'augment_times': 1}], 'orderliness_configs': [{'name': 'orderliness', 'img_dir_name': 'orderliness', 'eval_set_path_list': ['/home/xuanjie.liu/Projects/S3Plus/VQ/exp/2025.05.19_10vq_Zc[2]_Zs[0]_edim1_[0-20]_plus1024_1_tripleSet_Nothing_trainAll/../../../dataset/(0,20)-FixedPos-oneStyle'], 'is_blur': False, 'blur_config': {'kernel_size_choices': (5, 7, 9), 'sigma_range': (0.5, 3.0), 'p_no_blur': 0.0}, 'augment_times': 1}], 'interpolate_configs': [{'name': 'train_interpolate', 'eval_set_path_list': ['/home/xuanjie.liu/Projects/S3Plus/VQ/exp/2025.05.19_10vq_Zc[2]_Zs[0]_edim1_[0-20]_plus1024_1_tripleSet_Nothing_trainAll/../../../dataset/single_style_pairs(0,20)_tripleSet/train'], 'is_blur': False, 'blur_config': {'kernel_size_choices': (5, 7, 9), 'sigma_range': (0.5, 3.0), 'p_no_blur': 0.0}, 'augment_times': 1, 'interpolate_num': 1}]}}
[{'task_name': 'minus_16_1.1', 'train_data_path': '/home/xuanjie.liu/Projects/S3Plus/VQ/exp/2025.05.19_10vq_Zc[2]_Zs[0]_edim1_[0-20]_plus1024_1_tripleSet_Nothing_trainAll/../../../dataset/single_style_pairs_minus(0,20)/train', 'eval_data_path': '/home/xuanjie.liu/Projects/S3Plus/VQ/exp/2025.05.19_10vq_Zc[2]_Zs[0]_edim1_[0-20]_plus1024_1_tripleSet_Nothing_trainAll/../../../dataset/single_style_pairs_minus(0,20)/test', 'batch_size': 128, 'train_record_path': 'train_record.txt', 'eval_record_path': 'eval_record.txt', 'pretrained_path': 'checkpoint_40000.pt', 'fc_model_path': 'minus_model.pt', 'max_iter_num': 20001, 'log_interval': 200, 'num_class': 21, 'fc_network_config': {'plus_unit': 16, 'n_hidden_layers': 1}, 'learning_rate': 0.001}]
Sub-Exp path: /home/xuanjie.liu/Projects/S3Plus/VQ/exp/2025.05.19_10vq_Zc[2]_Zs[0]_edim1_[0-20]_plus1024_1_tripleSet_Nothing_trainAll/20
Optimal checkpoint: 46000
Pretrained Model is loaded
Continue training
New FC model is initialized
200-loss_z:2.46789,accu:0.192177,loss_recon:1.2001

200-loss_z:2.51531,accu:0.126582,loss_recon:0.571656

400-loss_z:1.874834,accu:0.319642,loss_recon:0.339072

400-loss_z:2.374029,accu:0.151899,loss_recon:0.311505

600-loss_z:1.557672,accu:0.451055,loss_recon:0.168921

600-loss_z:2.353481,accu:0.177215,loss_recon:0.221552

800-loss_z:1.333454,accu:0.577031,loss_recon:0.104064

800-loss_z:2.354669,accu:0.21519,loss_recon:0.158968

1000-loss_z:1.167439,accu:0.653809,loss_recon:0.077995

1000-loss_z:2.36693,accu:0.278481,loss_recon:0.128331

1200-loss_z:1.04267,accu:0.707174,loss_recon:0.066804

1200-loss_z:2.397355,accu:0.329114,loss_recon:0.11571

1400-loss_z:0.939953,accu:0.771309,loss_recon:0.058943

1400-loss_z:2.404636,accu:0.35443,loss_recon:0.102026

1600-loss_z:0.856624,accu:0.818887,loss_recon:0.052564

1600-loss_z:2.466949,accu:0.367089,loss_recon:0.098528

1800-loss_z:0.783422,accu:0.866595,loss_recon:0.047468

1800-loss_z:2.537686,accu:0.341772,loss_recon:0.090063

2000-loss_z:0.718519,accu:0.889512,loss_recon:0.04201

2000-loss_z:2.606237,accu:0.455696,loss_recon:0.080354

2200-loss_z:0.661077,accu:0.91056,loss_recon:0.037833

2200-loss_z:2.668642,accu:0.455696,loss_recon:0.07475

2400-loss_z:0.613144,accu:0.916374,loss_recon:0.034865

2400-loss_z:2.75534,accu:0.481013,loss_recon:0.067512

2600-loss_z:0.564319,accu:0.934368,loss_recon:0.03225

2600-loss_z:2.860986,accu:0.493671,loss_recon:0.062592

2800-loss_z:0.526407,accu:0.945228,loss_recon:0.030317

2800-loss_z:2.990361,accu:0.506329,loss_recon:0.057363

3000-loss_z:0.488798,accu:0.951947,loss_recon:0.028555

3000-loss_z:3.068947,accu:0.544304,loss_recon:0.055235

3200-loss_z:0.454717,accu:0.956087,loss_recon:0.026265

3200-loss_z:3.187934,accu:0.556962,loss_recon:0.053763

3400-loss_z:0.42494,accu:0.960911,loss_recon:0.025094

3400-loss_z:3.314052,accu:0.56962,loss_recon:0.049831

3600-loss_z:0.396114,accu:0.965918,loss_recon:0.023525

3600-loss_z:3.497249,accu:0.582278,loss_recon:0.048854

3800-loss_z:0.369694,accu:0.963496,loss_recon:0.022298

3800-loss_z:3.623983,accu:0.582278,loss_recon:0.049052

4000-loss_z:0.345005,accu:0.96778,loss_recon:0.021548

4000-loss_z:3.835589,accu:0.56962,loss_recon:0.046812

4200-loss_z:0.323719,accu:0.977884,loss_recon:0.021062

4200-loss_z:3.980228,accu:0.620253,loss_recon:0.046495

4400-loss_z:0.301251,accu:0.982389,loss_recon:0.02055

4400-loss_z:4.148417,accu:0.620253,loss_recon:0.044224

4600-loss_z:0.282773,accu:0.98293,loss_recon:0.019754

4600-loss_z:4.328502,accu:0.632911,loss_recon:0.045119

4800-loss_z:0.264436,accu:0.989284,loss_recon:0.01954

4800-loss_z:4.522067,accu:0.620253,loss_recon:0.041098

5000-loss_z:0.248515,accu:0.990885,loss_recon:0.018864

5000-loss_z:4.707628,accu:0.620253,loss_recon:0.04205

5200-loss_z:0.230828,accu:0.991875,loss_recon:0.019008

5200-loss_z:4.982993,accu:0.632911,loss_recon:0.042708

5400-loss_z:0.216339,accu:0.99515,loss_recon:0.018809

5400-loss_z:5.204175,accu:0.632911,loss_recon:0.041283

5600-loss_z:0.201297,accu:0.996927,loss_recon:0.018423

5600-loss_z:5.431382,accu:0.632911,loss_recon:0.043481

5800-loss_z:0.189365,accu:0.998848,loss_recon:0.018131

5800-loss_z:5.623846,accu:0.64557,loss_recon:0.042106

6000-loss_z:0.177039,accu:0.99998,loss_recon:0.017859

6000-loss_z:5.909488,accu:0.632911,loss_recon:0.042322

6200-loss_z:0.165937,accu:1.0,loss_recon:0.017771

6200-loss_z:6.147879,accu:0.620253,loss_recon:0.041334

6400-loss_z:0.154048,accu:1.0,loss_recon:0.017646

6400-loss_z:6.381077,accu:0.64557,loss_recon:0.041943

6600-loss_z:0.142406,accu:1.0,loss_recon:0.017372

6600-loss_z:6.637091,accu:0.64557,loss_recon:0.040144

6800-loss_z:0.133596,accu:1.0,loss_recon:0.017372

6800-loss_z:6.870995,accu:0.632911,loss_recon:0.038661

7000-loss_z:0.124267,accu:1.0,loss_recon:0.017057

7000-loss_z:7.135837,accu:0.632911,loss_recon:0.03864

7200-loss_z:0.117259,accu:1.0,loss_recon:0.017075

7200-loss_z:7.432502,accu:0.632911,loss_recon:0.037957

7400-loss_z:0.108762,accu:1.0,loss_recon:0.01699

7400-loss_z:7.72311,accu:0.658228,loss_recon:0.039835

7600-loss_z:0.100995,accu:1.0,loss_recon:0.016915

7600-loss_z:8.026745,accu:0.64557,loss_recon:0.039147

7800-loss_z:0.093103,accu:1.0,loss_recon:0.016625

7800-loss_z:8.30482,accu:0.632911,loss_recon:0.038459

8000-loss_z:0.088757,accu:1.0,loss_recon:0.016713

8000-loss_z:8.613529,accu:0.632911,loss_recon:0.036699

8200-loss_z:0.081323,accu:1.0,loss_recon:0.016607

8200-loss_z:8.929553,accu:0.64557,loss_recon:0.039566

8400-loss_z:0.07575,accu:1.0,loss_recon:0.016463

8400-loss_z:9.306616,accu:0.658228,loss_recon:0.037761

8600-loss_z:0.070384,accu:1.0,loss_recon:0.016408

8600-loss_z:9.688266,accu:0.632911,loss_recon:0.038098

8800-loss_z:0.065401,accu:1.0,loss_recon:0.016483

8800-loss_z:10.113837,accu:0.64557,loss_recon:0.038618

9000-loss_z:0.06136,accu:1.0,loss_recon:0.016313

9000-loss_z:10.448083,accu:0.632911,loss_recon:0.037634

9200-loss_z:0.056867,accu:1.0,loss_recon:0.016275

9200-loss_z:10.878664,accu:0.632911,loss_recon:0.038169

9400-loss_z:0.05302,accu:1.0,loss_recon:0.016268

9400-loss_z:11.248281,accu:0.632911,loss_recon:0.038374

9600-loss_z:0.048271,accu:1.0,loss_recon:0.016074

9600-loss_z:11.61437,accu:0.632911,loss_recon:0.038196

9800-loss_z:0.045704,accu:1.0,loss_recon:0.016032

9800-loss_z:12.060576,accu:0.632911,loss_recon:0.037124

10000-loss_z:0.041826,accu:1.0,loss_recon:0.016168

10000-loss_z:12.463171,accu:0.632911,loss_recon:0.036658

10200-loss_z:0.039002,accu:1.0,loss_recon:0.015813

10200-loss_z:12.922227,accu:0.607595,loss_recon:0.036793

10400-loss_z:0.036037,accu:1.0,loss_recon:0.016246

10400-loss_z:13.356538,accu:0.607595,loss_recon:0.036437

10600-loss_z:0.033136,accu:1.0,loss_recon:0.01611

10600-loss_z:13.820469,accu:0.620253,loss_recon:0.036483

10800-loss_z:0.030983,accu:1.0,loss_recon:0.015999

10800-loss_z:14.263495,accu:0.607595,loss_recon:0.036187

11000-loss_z:0.028368,accu:1.0,loss_recon:0.016161

11000-loss_z:14.73668,accu:0.620253,loss_recon:0.035143

11200-loss_z:0.026579,accu:1.0,loss_recon:0.016081

11200-loss_z:15.139422,accu:0.620253,loss_recon:0.036979

11400-loss_z:0.024451,accu:1.0,loss_recon:0.015976

11400-loss_z:15.606169,accu:0.620253,loss_recon:0.037282

11600-loss_z:0.022672,accu:1.0,loss_recon:0.016164

11600-loss_z:16.055971,accu:0.632911,loss_recon:0.037245

11800-loss_z:0.020765,accu:1.0,loss_recon:0.015949

11800-loss_z:16.490723,accu:0.632911,loss_recon:0.035353

12000-loss_z:0.019367,accu:1.0,loss_recon:0.015982

12000-loss_z:16.981165,accu:0.632911,loss_recon:0.036738

12200-loss_z:0.017938,accu:1.0,loss_recon:0.01606

12200-loss_z:17.409569,accu:0.607595,loss_recon:0.03555

12400-loss_z:0.016178,accu:1.0,loss_recon:0.015879

12400-loss_z:17.87063,accu:0.620253,loss_recon:0.036457

12600-loss_z:0.014969,accu:1.0,loss_recon:0.015778

12600-loss_z:18.359428,accu:0.620253,loss_recon:0.03549

12800-loss_z:0.013892,accu:1.0,loss_recon:0.015794

12800-loss_z:18.806364,accu:0.632911,loss_recon:0.037404

13000-loss_z:0.012805,accu:1.0,loss_recon:0.015977

13000-loss_z:19.229589,accu:0.632911,loss_recon:0.036323

13200-loss_z:0.011705,accu:1.0,loss_recon:0.016031

13200-loss_z:19.650909,accu:0.64557,loss_recon:0.035454

13400-loss_z:0.010762,accu:1.0,loss_recon:0.015756

13400-loss_z:20.134487,accu:0.632911,loss_recon:0.035875

13600-loss_z:0.009761,accu:1.0,loss_recon:0.015993

13600-loss_z:20.496801,accu:0.632911,loss_recon:0.037444

13800-loss_z:0.009113,accu:1.0,loss_recon:0.015938

13800-loss_z:20.891468,accu:0.632911,loss_recon:0.037244

14000-loss_z:0.008348,accu:1.0,loss_recon:0.015939

14000-loss_z:21.385416,accu:0.632911,loss_recon:0.036869

14200-loss_z:0.007596,accu:1.0,loss_recon:0.015711

14200-loss_z:21.815992,accu:0.632911,loss_recon:0.035769

14400-loss_z:0.007002,accu:1.0,loss_recon:0.015693

14400-loss_z:22.213999,accu:0.632911,loss_recon:0.036351

14600-loss_z:0.006397,accu:1.0,loss_recon:0.015888

14600-loss_z:22.628073,accu:0.632911,loss_recon:0.036229

14800-loss_z:0.005923,accu:1.0,loss_recon:0.015888

14800-loss_z:23.037773,accu:0.620253,loss_recon:0.035947

15000-loss_z:0.005386,accu:1.0,loss_recon:0.015814

15000-loss_z:23.43475,accu:0.632911,loss_recon:0.035261

15200-loss_z:0.004895,accu:1.0,loss_recon:0.01574

15200-loss_z:23.838676,accu:0.632911,loss_recon:0.035553

15400-loss_z:0.004529,accu:1.0,loss_recon:0.015726

15400-loss_z:24.209085,accu:0.620253,loss_recon:0.035517

15600-loss_z:0.004044,accu:1.0,loss_recon:0.015794

15600-loss_z:24.579451,accu:0.620253,loss_recon:0.037876

15800-loss_z:0.003753,accu:1.0,loss_recon:0.015802

15800-loss_z:24.992064,accu:0.620253,loss_recon:0.036797

16000-loss_z:0.003393,accu:1.0,loss_recon:0.015885

16000-loss_z:25.354345,accu:0.632911,loss_recon:0.036756

16200-loss_z:0.003096,accu:1.0,loss_recon:0.015704

16200-loss_z:25.7015,accu:0.632911,loss_recon:0.036166

16400-loss_z:0.002805,accu:1.0,loss_recon:0.015709

16400-loss_z:26.037308,accu:0.64557,loss_recon:0.03576

16600-loss_z:0.002547,accu:1.0,loss_recon:0.015554

16600-loss_z:26.441616,accu:0.64557,loss_recon:0.037994

16800-loss_z:0.002371,accu:1.0,loss_recon:0.015711

16800-loss_z:26.766148,accu:0.64557,loss_recon:0.037216

17000-loss_z:0.00217,accu:1.0,loss_recon:0.015833

17000-loss_z:27.122629,accu:0.64557,loss_recon:0.038049

17200-loss_z:0.001949,accu:1.0,loss_recon:0.015736

17200-loss_z:27.517204,accu:0.64557,loss_recon:0.036568

17400-loss_z:0.001767,accu:1.0,loss_recon:0.01577

17400-loss_z:27.856855,accu:0.658228,loss_recon:0.035063

17600-loss_z:0.001609,accu:1.0,loss_recon:0.015719

17600-loss_z:28.167292,accu:0.620253,loss_recon:0.03629

17800-loss_z:0.001454,accu:1.0,loss_recon:0.015952

17800-loss_z:28.529146,accu:0.632911,loss_recon:0.035502

18000-loss_z:0.001328,accu:1.0,loss_recon:0.015736

18000-loss_z:28.905636,accu:0.632911,loss_recon:0.036217

18200-loss_z:0.001192,accu:1.0,loss_recon:0.015796

18200-loss_z:29.197182,accu:0.620253,loss_recon:0.036563

18400-loss_z:0.001105,accu:1.0,loss_recon:0.015698

18400-loss_z:29.568298,accu:0.620253,loss_recon:0.035739

18600-loss_z:0.001016,accu:1.0,loss_recon:0.015756

18600-loss_z:29.903509,accu:0.632911,loss_recon:0.0349

18800-loss_z:0.000906,accu:1.0,loss_recon:0.015902

18800-loss_z:30.243155,accu:0.632911,loss_recon:0.03746

19000-loss_z:0.000813,accu:1.0,loss_recon:0.015911

19000-loss_z:30.546152,accu:0.632911,loss_recon:0.036023

19200-loss_z:0.000754,accu:1.0,loss_recon:0.015656

19200-loss_z:30.915049,accu:0.620253,loss_recon:0.034823

19400-loss_z:0.000669,accu:1.0,loss_recon:0.015833

19400-loss_z:31.176306,accu:0.620253,loss_recon:0.036518

19600-loss_z:0.000614,accu:1.0,loss_recon:0.015747

19600-loss_z:31.471779,accu:0.620253,loss_recon:0.036131

19800-loss_z:0.000556,accu:1.0,loss_recon:0.015701

19800-loss_z:31.813313,accu:0.632911,loss_recon:0.035633

20000-loss_z:0.000506,accu:1.0,loss_recon:0.015669

20000-loss_z:32.12738,accu:0.620253,loss_recon:0.036833

Continue training
New FC model is initialized
200-loss_z:2.541756,accu:0.198403,loss_recon:1.296623

200-loss_z:2.583182,accu:0.075949,loss_recon:0.612157

400-loss_z:1.836206,accu:0.384134,loss_recon:0.335601

400-loss_z:2.483284,accu:0.139241,loss_recon:0.240304

600-loss_z:1.513293,accu:0.48569,loss_recon:0.166446

600-loss_z:2.464379,accu:0.177215,loss_recon:0.153655

800-loss_z:1.30778,accu:0.583965,loss_recon:0.109919

800-loss_z:2.468823,accu:0.202532,loss_recon:0.120057

1000-loss_z:1.154862,accu:0.657572,loss_recon:0.082506

1000-loss_z:2.500537,accu:0.240506,loss_recon:0.099641

1200-loss_z:1.025383,accu:0.721432,loss_recon:0.065121

1200-loss_z:2.553842,accu:0.253165,loss_recon:0.088826

1400-loss_z:0.927148,accu:0.773242,loss_recon:0.054864

1400-loss_z:2.633271,accu:0.265823,loss_recon:0.076074

1600-loss_z:0.845147,accu:0.807311,loss_recon:0.048524

1600-loss_z:2.697134,accu:0.278481,loss_recon:0.072127

1800-loss_z:0.776641,accu:0.831152,loss_recon:0.043824

1800-loss_z:2.770815,accu:0.265823,loss_recon:0.065554

2000-loss_z:0.715762,accu:0.850872,loss_recon:0.038912

2000-loss_z:2.880132,accu:0.379747,loss_recon:0.06169

2200-loss_z:0.668112,accu:0.87332,loss_recon:0.034619

2200-loss_z:2.951977,accu:0.379747,loss_recon:0.058353

2400-loss_z:0.615807,accu:0.887565,loss_recon:0.031725

2400-loss_z:3.053102,accu:0.392405,loss_recon:0.052363

2600-loss_z:0.579874,accu:0.90638,loss_recon:0.028591

2600-loss_z:3.185883,accu:0.405063,loss_recon:0.047905

2800-loss_z:0.537808,accu:0.917539,loss_recon:0.025633

2800-loss_z:3.23875,accu:0.405063,loss_recon:0.046471

3000-loss_z:0.503519,accu:0.927448,loss_recon:0.023128

3000-loss_z:3.341483,accu:0.405063,loss_recon:0.04677

3200-loss_z:0.476061,accu:0.934284,loss_recon:0.021711

3200-loss_z:3.454471,accu:0.417722,loss_recon:0.045338

3400-loss_z:0.444528,accu:0.942266,loss_recon:0.020385

3400-loss_z:3.565012,accu:0.405063,loss_recon:0.045588

3600-loss_z:0.418251,accu:0.944967,loss_recon:0.019598

3600-loss_z:3.666722,accu:0.443038,loss_recon:0.041979

3800-loss_z:0.391857,accu:0.950579,loss_recon:0.019234

3800-loss_z:3.77462,accu:0.455696,loss_recon:0.041698

4000-loss_z:0.369313,accu:0.953385,loss_recon:0.018445

4000-loss_z:3.863916,accu:0.455696,loss_recon:0.041076

4200-loss_z:0.348539,accu:0.960482,loss_recon:0.017893

4200-loss_z:3.987384,accu:0.493671,loss_recon:0.04012

4400-loss_z:0.326008,accu:0.965104,loss_recon:0.01747

4400-loss_z:4.095676,accu:0.455696,loss_recon:0.038812

4600-loss_z:0.303583,accu:0.969499,loss_recon:0.017225

4600-loss_z:4.206873,accu:0.506329,loss_recon:0.03879

4800-loss_z:0.284843,accu:0.97543,loss_recon:0.01693

4800-loss_z:4.275551,accu:0.518987,loss_recon:0.036614

5000-loss_z:0.26893,accu:0.978053,loss_recon:0.016557

5000-loss_z:4.415574,accu:0.544304,loss_recon:0.037384

5200-loss_z:0.252218,accu:0.980892,loss_recon:0.016522

5200-loss_z:4.517714,accu:0.506329,loss_recon:0.034508

5400-loss_z:0.236344,accu:0.982513,loss_recon:0.016397

5400-loss_z:4.698516,accu:0.518987,loss_recon:0.036415

5600-loss_z:0.225697,accu:0.985495,loss_recon:0.016314

5600-loss_z:4.80984,accu:0.544304,loss_recon:0.035889

5800-loss_z:0.210381,accu:0.987253,loss_recon:0.016024

5800-loss_z:4.95851,accu:0.506329,loss_recon:0.035215

6000-loss_z:0.199199,accu:0.99071,loss_recon:0.015976

6000-loss_z:5.083751,accu:0.531646,loss_recon:0.035625

6200-loss_z:0.186555,accu:0.990605,loss_recon:0.015726

6200-loss_z:5.19249,accu:0.506329,loss_recon:0.033911

6400-loss_z:0.175713,accu:0.991458,loss_recon:0.015719

6400-loss_z:5.363767,accu:0.493671,loss_recon:0.035057

6600-loss_z:0.164592,accu:0.994206,loss_recon:0.015871

6600-loss_z:5.509393,accu:0.506329,loss_recon:0.03559

6800-loss_z:0.15435,accu:0.995443,loss_recon:0.015832

6800-loss_z:5.603533,accu:0.544304,loss_recon:0.035112

7000-loss_z:0.145686,accu:0.997454,loss_recon:0.01572

7000-loss_z:5.755557,accu:0.493671,loss_recon:0.036455

7200-loss_z:0.136871,accu:0.998053,loss_recon:0.01584

7200-loss_z:5.775073,accu:0.531646,loss_recon:0.033699

7400-loss_z:0.128133,accu:0.999036,loss_recon:0.015494

7400-loss_z:5.828298,accu:0.531646,loss_recon:0.034219

7600-loss_z:0.121836,accu:0.99959,loss_recon:0.015462

7600-loss_z:5.897542,accu:0.531646,loss_recon:0.035258

7800-loss_z:0.111524,accu:0.999297,loss_recon:0.015647

7800-loss_z:5.913844,accu:0.531646,loss_recon:0.034834

8000-loss_z:0.105543,accu:1.0,loss_recon:0.015476

8000-loss_z:5.939487,accu:0.556962,loss_recon:0.036089

8200-loss_z:0.098043,accu:0.999857,loss_recon:0.015474

8200-loss_z:6.011236,accu:0.531646,loss_recon:0.034289

8400-loss_z:0.092137,accu:1.0,loss_recon:0.015451

8400-loss_z:6.118184,accu:0.556962,loss_recon:0.034026

8600-loss_z:0.085354,accu:1.0,loss_recon:0.015328

8600-loss_z:6.172547,accu:0.56962,loss_recon:0.03399

8800-loss_z:0.080614,accu:1.0,loss_recon:0.015479

8800-loss_z:6.246986,accu:0.544304,loss_recon:0.033484

9000-loss_z:0.074538,accu:1.0,loss_recon:0.015257

9000-loss_z:6.380242,accu:0.544304,loss_recon:0.033411

9200-loss_z:0.070296,accu:1.0,loss_recon:0.015242

9200-loss_z:6.507676,accu:0.544304,loss_recon:0.034522

9400-loss_z:0.064849,accu:1.0,loss_recon:0.015275

9400-loss_z:6.620238,accu:0.544304,loss_recon:0.034204

9600-loss_z:0.059717,accu:1.0,loss_recon:0.015153

9600-loss_z:6.772046,accu:0.556962,loss_recon:0.03358

9800-loss_z:0.056439,accu:1.0,loss_recon:0.015458

9800-loss_z:6.829961,accu:0.582278,loss_recon:0.033587

10000-loss_z:0.052412,accu:1.0,loss_recon:0.015378

10000-loss_z:7.012627,accu:0.56962,loss_recon:0.034921

10200-loss_z:0.048508,accu:1.0,loss_recon:0.015272

10200-loss_z:7.149965,accu:0.582278,loss_recon:0.033399

10400-loss_z:0.04522,accu:1.0,loss_recon:0.015072

10400-loss_z:7.385926,accu:0.607595,loss_recon:0.033221

10600-loss_z:0.041075,accu:1.0,loss_recon:0.015277

10600-loss_z:7.619494,accu:0.607595,loss_recon:0.033552

10800-loss_z:0.038463,accu:1.0,loss_recon:0.015055

10800-loss_z:7.785251,accu:0.594937,loss_recon:0.034638

11000-loss_z:0.035935,accu:1.0,loss_recon:0.01497

11000-loss_z:7.949221,accu:0.56962,loss_recon:0.034386

11200-loss_z:0.03352,accu:1.0,loss_recon:0.015074

11200-loss_z:8.146852,accu:0.556962,loss_recon:0.034076

11400-loss_z:0.030643,accu:1.0,loss_recon:0.01495

11400-loss_z:8.36352,accu:0.594937,loss_recon:0.033635

11600-loss_z:0.028211,accu:1.0,loss_recon:0.015053

11600-loss_z:8.604294,accu:0.594937,loss_recon:0.032344

11800-loss_z:0.025963,accu:1.0,loss_recon:0.014951

11800-loss_z:8.769564,accu:0.594937,loss_recon:0.033812

12000-loss_z:0.024204,accu:1.0,loss_recon:0.014817

12000-loss_z:8.988207,accu:0.607595,loss_recon:0.033167

12200-loss_z:0.022706,accu:1.0,loss_recon:0.014719

12200-loss_z:9.255382,accu:0.594937,loss_recon:0.033534

12400-loss_z:0.020734,accu:1.0,loss_recon:0.014849

12400-loss_z:9.471791,accu:0.594937,loss_recon:0.031965

12600-loss_z:0.01924,accu:1.0,loss_recon:0.014813

12600-loss_z:9.652405,accu:0.632911,loss_recon:0.032929

12800-loss_z:0.017727,accu:1.0,loss_recon:0.015075

12800-loss_z:9.880823,accu:0.632911,loss_recon:0.033001

13000-loss_z:0.016497,accu:1.0,loss_recon:0.014756

13000-loss_z:10.187837,accu:0.620253,loss_recon:0.032376

13200-loss_z:0.014879,accu:1.0,loss_recon:0.014944

13200-loss_z:10.447074,accu:0.620253,loss_recon:0.032529

13400-loss_z:0.01402,accu:1.0,loss_recon:0.014823

13400-loss_z:10.702583,accu:0.632911,loss_recon:0.032538

13600-loss_z:0.012753,accu:1.0,loss_recon:0.014856

13600-loss_z:10.94066,accu:0.632911,loss_recon:0.033217

13800-loss_z:0.01186,accu:1.0,loss_recon:0.01478

13800-loss_z:11.228206,accu:0.632911,loss_recon:0.032051

14000-loss_z:0.010997,accu:1.0,loss_recon:0.014879

14000-loss_z:11.456313,accu:0.620253,loss_recon:0.033927

14200-loss_z:0.009937,accu:1.0,loss_recon:0.014754

14200-loss_z:11.689275,accu:0.632911,loss_recon:0.032998

14400-loss_z:0.009162,accu:1.0,loss_recon:0.014871

14400-loss_z:11.96854,accu:0.632911,loss_recon:0.034116

14600-loss_z:0.008395,accu:1.0,loss_recon:0.014768

14600-loss_z:12.278628,accu:0.620253,loss_recon:0.031829

14800-loss_z:0.007886,accu:1.0,loss_recon:0.014634

14800-loss_z:12.527231,accu:0.620253,loss_recon:0.03355

15000-loss_z:0.007172,accu:1.0,loss_recon:0.014538

15000-loss_z:12.786427,accu:0.632911,loss_recon:0.0327

15200-loss_z:0.006718,accu:1.0,loss_recon:0.014449

15200-loss_z:13.029402,accu:0.620253,loss_recon:0.033576

15400-loss_z:0.006047,accu:1.0,loss_recon:0.014702

15400-loss_z:13.281992,accu:0.632911,loss_recon:0.03354

15600-loss_z:0.005514,accu:1.0,loss_recon:0.014481

15600-loss_z:13.587481,accu:0.620253,loss_recon:0.032594

15800-loss_z:0.005101,accu:1.0,loss_recon:0.014353

15800-loss_z:13.819942,accu:0.620253,loss_recon:0.032221

16000-loss_z:0.004667,accu:1.0,loss_recon:0.014418

16000-loss_z:14.094889,accu:0.620253,loss_recon:0.032132

16200-loss_z:0.004207,accu:1.0,loss_recon:0.014447

16200-loss_z:14.330606,accu:0.620253,loss_recon:0.032151

16400-loss_z:0.003945,accu:1.0,loss_recon:0.014271

16400-loss_z:14.620436,accu:0.620253,loss_recon:0.032389

16600-loss_z:0.003587,accu:1.0,loss_recon:0.014087

16600-loss_z:14.893244,accu:0.632911,loss_recon:0.032325

16800-loss_z:0.003263,accu:1.0,loss_recon:0.013819

16800-loss_z:15.181569,accu:0.620253,loss_recon:0.031681

17000-loss_z:0.002985,accu:1.0,loss_recon:0.013729

17000-loss_z:15.39955,accu:0.632911,loss_recon:0.032227

17200-loss_z:0.002726,accu:1.0,loss_recon:0.013474

17200-loss_z:15.575427,accu:0.620253,loss_recon:0.031642

17400-loss_z:0.002498,accu:1.0,loss_recon:0.013343

17400-loss_z:15.817783,accu:0.632911,loss_recon:0.031151

17600-loss_z:0.002264,accu:1.0,loss_recon:0.013354

17600-loss_z:16.036051,accu:0.632911,loss_recon:0.030354

17800-loss_z:0.002075,accu:1.0,loss_recon:0.013154

17800-loss_z:16.274931,accu:0.632911,loss_recon:0.030508

18000-loss_z:0.001891,accu:1.0,loss_recon:0.013252

18000-loss_z:16.525688,accu:0.632911,loss_recon:0.031278

18200-loss_z:0.001746,accu:1.0,loss_recon:0.013012

18200-loss_z:16.792879,accu:0.632911,loss_recon:0.030002

18400-loss_z:0.001573,accu:1.0,loss_recon:0.012933

18400-loss_z:16.971699,accu:0.632911,loss_recon:0.03071

18600-loss_z:0.001471,accu:1.0,loss_recon:0.012699

18600-loss_z:17.225098,accu:0.64557,loss_recon:0.032774

18800-loss_z:0.001305,accu:1.0,loss_recon:0.012596

18800-loss_z:17.534168,accu:0.658228,loss_recon:0.031878

19000-loss_z:0.001177,accu:1.0,loss_recon:0.012396

19000-loss_z:17.777851,accu:0.658228,loss_recon:0.034318

19200-loss_z:0.001072,accu:1.0,loss_recon:0.012367

19200-loss_z:17.997416,accu:0.658228,loss_recon:0.033569

19400-loss_z:0.00099,accu:1.0,loss_recon:0.012183

19400-loss_z:18.271301,accu:0.658228,loss_recon:0.033626

19600-loss_z:0.000891,accu:1.0,loss_recon:0.012323

19600-loss_z:18.493662,accu:0.658228,loss_recon:0.033257

19800-loss_z:0.000802,accu:1.0,loss_recon:0.012116

19800-loss_z:18.987505,accu:0.658228,loss_recon:0.034123

20000-loss_z:0.000743,accu:1.0,loss_recon:0.01207

20000-loss_z:19.416378,accu:0.658228,loss_recon:0.033866

Continue training
New FC model is initialized
200-loss_z:2.512581,accu:0.15798,loss_recon:1.242364

200-loss_z:2.586378,accu:0.063291,loss_recon:0.562565

400-loss_z:1.874339,accu:0.343112,loss_recon:0.256261

400-loss_z:2.523014,accu:0.151899,loss_recon:0.245494

600-loss_z:1.558609,accu:0.477454,loss_recon:0.117348

600-loss_z:2.513657,accu:0.164557,loss_recon:0.155565

800-loss_z:1.359896,accu:0.585495,loss_recon:0.072918

800-loss_z:2.549086,accu:0.177215,loss_recon:0.108783

1000-loss_z:1.213513,accu:0.657044,loss_recon:0.05586

1000-loss_z:2.612607,accu:0.240506,loss_recon:0.083605

1200-loss_z:1.095685,accu:0.712331,loss_recon:0.04557

1200-loss_z:2.655508,accu:0.240506,loss_recon:0.073594

1400-loss_z:0.995012,accu:0.751178,loss_recon:0.039191

1400-loss_z:2.723428,accu:0.303797,loss_recon:0.066824

1600-loss_z:0.907299,accu:0.798633,loss_recon:0.034117

1600-loss_z:2.763755,accu:0.367089,loss_recon:0.059898

1800-loss_z:0.83362,accu:0.840052,loss_recon:0.030781

1800-loss_z:2.856135,accu:0.341772,loss_recon:0.056895

2000-loss_z:0.769294,accu:0.866185,loss_recon:0.028559

2000-loss_z:2.938611,accu:0.329114,loss_recon:0.055047

2200-loss_z:0.712939,accu:0.864004,loss_recon:0.026613

2200-loss_z:3.019103,accu:0.379747,loss_recon:0.053557

2400-loss_z:0.668383,accu:0.886497,loss_recon:0.025156

2400-loss_z:3.093869,accu:0.367089,loss_recon:0.051914

2600-loss_z:0.625707,accu:0.897246,loss_recon:0.024666

2600-loss_z:3.171615,accu:0.392405,loss_recon:0.050981

2800-loss_z:0.582356,accu:0.910749,loss_recon:0.024158

2800-loss_z:3.260697,accu:0.443038,loss_recon:0.049399

3000-loss_z:0.544395,accu:0.917806,loss_recon:0.023535

3000-loss_z:3.344548,accu:0.443038,loss_recon:0.049826

3200-loss_z:0.511598,accu:0.934564,loss_recon:0.023247

3200-loss_z:3.441281,accu:0.455696,loss_recon:0.045889

3400-loss_z:0.484377,accu:0.935651,loss_recon:0.023025

3400-loss_z:3.546141,accu:0.455696,loss_recon:0.046882

3600-loss_z:0.455112,accu:0.93834,loss_recon:0.022501

3600-loss_z:3.643589,accu:0.506329,loss_recon:0.048298

3800-loss_z:0.433166,accu:0.943646,loss_recon:0.021417

3800-loss_z:3.773173,accu:0.493671,loss_recon:0.048349

4000-loss_z:0.40715,accu:0.948828,loss_recon:0.021408

4000-loss_z:3.896273,accu:0.493671,loss_recon:0.048661

4200-loss_z:0.384427,accu:0.951523,loss_recon:0.021319

4200-loss_z:4.006856,accu:0.493671,loss_recon:0.047429

4400-loss_z:0.364135,accu:0.954408,loss_recon:0.021274

4400-loss_z:4.149533,accu:0.506329,loss_recon:0.046696

4600-loss_z:0.344307,accu:0.958958,loss_recon:0.020895

4600-loss_z:4.311103,accu:0.481013,loss_recon:0.049128

4800-loss_z:0.32609,accu:0.962669,loss_recon:0.020151

4800-loss_z:4.469814,accu:0.506329,loss_recon:0.050419

5000-loss_z:0.307697,accu:0.970931,loss_recon:0.020285

5000-loss_z:4.633597,accu:0.481013,loss_recon:0.048968

5200-loss_z:0.289575,accu:0.973314,loss_recon:0.019808

5200-loss_z:4.745677,accu:0.506329,loss_recon:0.050356

5400-loss_z:0.279184,accu:0.97724,loss_recon:0.019967

5400-loss_z:4.923331,accu:0.518987,loss_recon:0.048549

5600-loss_z:0.262598,accu:0.980833,loss_recon:0.019863

5600-loss_z:5.10692,accu:0.518987,loss_recon:0.050956

5800-loss_z:0.247882,accu:0.984264,loss_recon:0.019732

5800-loss_z:5.273019,accu:0.531646,loss_recon:0.049972

6000-loss_z:0.234443,accu:0.98765,loss_recon:0.019324

6000-loss_z:5.410085,accu:0.493671,loss_recon:0.049971

6200-loss_z:0.225108,accu:0.988568,loss_recon:0.019078

6200-loss_z:5.618456,accu:0.518987,loss_recon:0.04863

6400-loss_z:0.210849,accu:0.991224,loss_recon:0.019449

6400-loss_z:5.750027,accu:0.518987,loss_recon:0.048659

6600-loss_z:0.200482,accu:0.993092,loss_recon:0.019284

6600-loss_z:5.939993,accu:0.544304,loss_recon:0.050191

6800-loss_z:0.190069,accu:0.993288,loss_recon:0.01885

6800-loss_z:6.127811,accu:0.518987,loss_recon:0.051353

7000-loss_z:0.178416,accu:0.994427,loss_recon:0.019115

7000-loss_z:6.342924,accu:0.544304,loss_recon:0.049984

7200-loss_z:0.172306,accu:0.997728,loss_recon:0.018876

7200-loss_z:6.494018,accu:0.544304,loss_recon:0.049461

7400-loss_z:0.163108,accu:0.998418,loss_recon:0.01875

7400-loss_z:6.686134,accu:0.506329,loss_recon:0.051663

7600-loss_z:0.155463,accu:0.998574,loss_recon:0.019183

7600-loss_z:6.879691,accu:0.531646,loss_recon:0.051351

7800-loss_z:0.146585,accu:0.999355,loss_recon:0.018924

7800-loss_z:7.055511,accu:0.531646,loss_recon:0.051828

8000-loss_z:0.138427,accu:0.999655,loss_recon:0.018513

8000-loss_z:7.260118,accu:0.531646,loss_recon:0.052314

8200-loss_z:0.132071,accu:0.999193,loss_recon:0.018778

8200-loss_z:7.471553,accu:0.531646,loss_recon:0.052956

8400-loss_z:0.124341,accu:0.999896,loss_recon:0.018354

8400-loss_z:7.680668,accu:0.531646,loss_recon:0.052836

8600-loss_z:0.11766,accu:1.0,loss_recon:0.018175

8600-loss_z:7.860665,accu:0.544304,loss_recon:0.05274

8800-loss_z:0.113266,accu:1.0,loss_recon:0.017925

8800-loss_z:8.030812,accu:0.544304,loss_recon:0.052085

9000-loss_z:0.106562,accu:1.0,loss_recon:0.017814

9000-loss_z:8.249296,accu:0.556962,loss_recon:0.053655

9200-loss_z:0.100517,accu:1.0,loss_recon:0.017941

9200-loss_z:8.460047,accu:0.518987,loss_recon:0.055029

9400-loss_z:0.094989,accu:1.0,loss_recon:0.017837

9400-loss_z:8.654979,accu:0.544304,loss_recon:0.055487

9600-loss_z:0.090911,accu:1.0,loss_recon:0.017585

9600-loss_z:8.849752,accu:0.556962,loss_recon:0.05495

9800-loss_z:0.084978,accu:1.0,loss_recon:0.017387

9800-loss_z:9.027739,accu:0.556962,loss_recon:0.054099

10000-loss_z:0.080649,accu:1.0,loss_recon:0.01668

10000-loss_z:9.252178,accu:0.556962,loss_recon:0.052634

10200-loss_z:0.07683,accu:1.0,loss_recon:0.016379

10200-loss_z:9.456085,accu:0.544304,loss_recon:0.055345

10400-loss_z:0.071583,accu:1.0,loss_recon:0.016228

10400-loss_z:9.633986,accu:0.544304,loss_recon:0.052211

10600-loss_z:0.067397,accu:1.0,loss_recon:0.015876

10600-loss_z:9.909607,accu:0.531646,loss_recon:0.051917

10800-loss_z:0.06398,accu:1.0,loss_recon:0.015976

10800-loss_z:10.088879,accu:0.544304,loss_recon:0.051812

11000-loss_z:0.060479,accu:1.0,loss_recon:0.01579

11000-loss_z:10.29813,accu:0.544304,loss_recon:0.054743

11200-loss_z:0.0567,accu:1.0,loss_recon:0.016057

11200-loss_z:10.468512,accu:0.531646,loss_recon:0.054726

11400-loss_z:0.053519,accu:1.0,loss_recon:0.015804

11400-loss_z:10.686111,accu:0.531646,loss_recon:0.053166

11600-loss_z:0.050586,accu:1.0,loss_recon:0.015974

11600-loss_z:10.908066,accu:0.531646,loss_recon:0.053915

11800-loss_z:0.048118,accu:1.0,loss_recon:0.015659

11800-loss_z:11.079337,accu:0.531646,loss_recon:0.052498

12000-loss_z:0.04486,accu:1.0,loss_recon:0.015487

12000-loss_z:11.305986,accu:0.544304,loss_recon:0.051924

12200-loss_z:0.042067,accu:1.0,loss_recon:0.015112

12200-loss_z:11.510462,accu:0.544304,loss_recon:0.051916

12400-loss_z:0.039188,accu:1.0,loss_recon:0.015444

12400-loss_z:11.051758,accu:0.531646,loss_recon:0.051419

12600-loss_z:0.037737,accu:1.0,loss_recon:0.015308

12600-loss_z:10.617543,accu:0.556962,loss_recon:0.052008

12800-loss_z:0.035137,accu:1.0,loss_recon:0.015016

12800-loss_z:10.361673,accu:0.556962,loss_recon:0.049231

13000-loss_z:0.03324,accu:1.0,loss_recon:0.015432

13000-loss_z:10.134466,accu:0.582278,loss_recon:0.049787

13200-loss_z:0.030437,accu:1.0,loss_recon:0.015399

13200-loss_z:10.093006,accu:0.556962,loss_recon:0.051153

13400-loss_z:0.028751,accu:1.0,loss_recon:0.015454

13400-loss_z:10.246867,accu:0.556962,loss_recon:0.052597

13600-loss_z:0.027076,accu:1.0,loss_recon:0.015409

13600-loss_z:10.36071,accu:0.56962,loss_recon:0.051135

13800-loss_z:0.025769,accu:1.0,loss_recon:0.015261

13800-loss_z:10.516018,accu:0.582278,loss_recon:0.048973

14000-loss_z:0.02392,accu:1.0,loss_recon:0.015053

14000-loss_z:10.601846,accu:0.56962,loss_recon:0.053001

14200-loss_z:0.022384,accu:1.0,loss_recon:0.015032

14200-loss_z:10.679814,accu:0.556962,loss_recon:0.051636

14400-loss_z:0.021032,accu:1.0,loss_recon:0.014994

14400-loss_z:10.834815,accu:0.594937,loss_recon:0.052266

14600-loss_z:0.019668,accu:1.0,loss_recon:0.014855

14600-loss_z:10.973608,accu:0.556962,loss_recon:0.050618

14800-loss_z:0.018672,accu:1.0,loss_recon:0.014825

14800-loss_z:11.107176,accu:0.556962,loss_recon:0.049228

15000-loss_z:0.017175,accu:1.0,loss_recon:0.014817

15000-loss_z:11.239057,accu:0.582278,loss_recon:0.053049

15200-loss_z:0.016218,accu:1.0,loss_recon:0.014596

15200-loss_z:11.327498,accu:0.56962,loss_recon:0.049611

15400-loss_z:0.014927,accu:1.0,loss_recon:0.014684

15400-loss_z:11.425227,accu:0.56962,loss_recon:0.048649

15600-loss_z:0.014014,accu:1.0,loss_recon:0.014476

15600-loss_z:11.590661,accu:0.594937,loss_recon:0.049595

15800-loss_z:0.013226,accu:1.0,loss_recon:0.014267

15800-loss_z:11.713943,accu:0.582278,loss_recon:0.047972

16000-loss_z:0.012259,accu:1.0,loss_recon:0.014296

16000-loss_z:11.835782,accu:0.582278,loss_recon:0.050089

16200-loss_z:0.011544,accu:1.0,loss_recon:0.014345

16200-loss_z:11.964687,accu:0.582278,loss_recon:0.047632

16400-loss_z:0.010618,accu:1.0,loss_recon:0.014391

16400-loss_z:12.098152,accu:0.594937,loss_recon:0.049047

16600-loss_z:0.009889,accu:1.0,loss_recon:0.014065

16600-loss_z:12.268715,accu:0.582278,loss_recon:0.047453

16800-loss_z:0.009131,accu:1.0,loss_recon:0.013917

16800-loss_z:12.358826,accu:0.582278,loss_recon:0.048958

17000-loss_z:0.008647,accu:1.0,loss_recon:0.014238

17000-loss_z:12.498117,accu:0.582278,loss_recon:0.048728

17200-loss_z:0.007968,accu:1.0,loss_recon:0.013899

17200-loss_z:12.599967,accu:0.582278,loss_recon:0.046376

17400-loss_z:0.007315,accu:1.0,loss_recon:0.013992

17400-loss_z:12.793291,accu:0.582278,loss_recon:0.047045

17600-loss_z:0.006801,accu:1.0,loss_recon:0.013971

17600-loss_z:12.927533,accu:0.56962,loss_recon:0.048189

17800-loss_z:0.006439,accu:1.0,loss_recon:0.013924

17800-loss_z:13.024705,accu:0.56962,loss_recon:0.047122

18000-loss_z:0.005957,accu:1.0,loss_recon:0.013788

18000-loss_z:13.112858,accu:0.556962,loss_recon:0.046477

18200-loss_z:0.005624,accu:1.0,loss_recon:0.013881

18200-loss_z:13.26499,accu:0.56962,loss_recon:0.047923

18400-loss_z:0.005046,accu:1.0,loss_recon:0.013792

18400-loss_z:13.698822,accu:0.56962,loss_recon:0.047232

18600-loss_z:0.004734,accu:1.0,loss_recon:0.014088

18600-loss_z:14.202612,accu:0.56962,loss_recon:0.046983

18800-loss_z:0.00444,accu:1.0,loss_recon:0.014027

18800-loss_z:14.745892,accu:0.556962,loss_recon:0.044612

19000-loss_z:0.004088,accu:1.0,loss_recon:0.013743

19000-loss_z:15.370329,accu:0.544304,loss_recon:0.047242

19200-loss_z:0.003737,accu:1.0,loss_recon:0.013887

19200-loss_z:15.869414,accu:0.556962,loss_recon:0.045954

19400-loss_z:0.003467,accu:1.0,loss_recon:0.013632

19400-loss_z:16.329882,accu:0.556962,loss_recon:0.045943

19600-loss_z:0.003222,accu:1.0,loss_recon:0.013626

19600-loss_z:16.978148,accu:0.556962,loss_recon:0.044463

19800-loss_z:0.002937,accu:1.0,loss_recon:0.013746

19800-loss_z:17.5012,accu:0.556962,loss_recon:0.046342

20000-loss_z:0.00274,accu:1.0,loss_recon:0.013737

20000-loss_z:18.033211,accu:0.556962,loss_recon:0.045748

Continue training
New FC model is initialized
200-loss_z:2.58606,accu:0.187759,loss_recon:1.374646

200-loss_z:2.703496,accu:0.113924,loss_recon:0.731967

400-loss_z:1.9021,accu:0.365911,loss_recon:0.379658

400-loss_z:2.592751,accu:0.126582,loss_recon:0.345111

600-loss_z:1.574702,accu:0.486159,loss_recon:0.200684

600-loss_z:2.613734,accu:0.164557,loss_recon:0.240207

800-loss_z:1.371354,accu:0.56207,loss_recon:0.119481

800-loss_z:2.580951,accu:0.227848,loss_recon:0.171433

1000-loss_z:1.208591,accu:0.628158,loss_recon:0.082958

1000-loss_z:2.557945,accu:0.253165,loss_recon:0.139929

1200-loss_z:1.083646,accu:0.677741,loss_recon:0.06978

1200-loss_z:2.59707,accu:0.265823,loss_recon:0.127197

1400-loss_z:0.979814,accu:0.739102,loss_recon:0.060949

1400-loss_z:2.645365,accu:0.341772,loss_recon:0.120443

1600-loss_z:0.878562,accu:0.79444,loss_recon:0.056783

1600-loss_z:2.724978,accu:0.35443,loss_recon:0.119758

1800-loss_z:0.791121,accu:0.832715,loss_recon:0.052875

1800-loss_z:2.817606,accu:0.367089,loss_recon:0.115458

2000-loss_z:0.723604,accu:0.866257,loss_recon:0.050841

2000-loss_z:2.926631,accu:0.405063,loss_recon:0.119417

2200-loss_z:0.661699,accu:0.888522,loss_recon:0.048626

2200-loss_z:3.048978,accu:0.43038,loss_recon:0.12314

2400-loss_z:0.608158,accu:0.90541,loss_recon:0.045076

2400-loss_z:3.141217,accu:0.443038,loss_recon:0.120508

2600-loss_z:0.561363,accu:0.927565,loss_recon:0.042122

2600-loss_z:3.242435,accu:0.468354,loss_recon:0.117003

2800-loss_z:0.51902,accu:0.936758,loss_recon:0.038456

2800-loss_z:3.369653,accu:0.493671,loss_recon:0.103594

3000-loss_z:0.480714,accu:0.944036,loss_recon:0.035838

3000-loss_z:3.474708,accu:0.468354,loss_recon:0.101434

3200-loss_z:0.447187,accu:0.954505,loss_recon:0.033849

3200-loss_z:3.598879,accu:0.518987,loss_recon:0.092101

3400-loss_z:0.41366,accu:0.965182,loss_recon:0.031691

3400-loss_z:3.70038,accu:0.493671,loss_recon:0.095472

3600-loss_z:0.384995,accu:0.968529,loss_recon:0.029868

3600-loss_z:3.819183,accu:0.518987,loss_recon:0.083021

3800-loss_z:0.359667,accu:0.976068,loss_recon:0.028591

3800-loss_z:3.936859,accu:0.531646,loss_recon:0.080183

4000-loss_z:0.333113,accu:0.979961,loss_recon:0.027331

4000-loss_z:4.068229,accu:0.531646,loss_recon:0.075797

4200-loss_z:0.309298,accu:0.980026,loss_recon:0.02601

4200-loss_z:4.219676,accu:0.518987,loss_recon:0.070322

4400-loss_z:0.290179,accu:0.982298,loss_recon:0.024886

4400-loss_z:4.334203,accu:0.556962,loss_recon:0.070051

4600-loss_z:0.269827,accu:0.985898,loss_recon:0.024317

4600-loss_z:4.453925,accu:0.556962,loss_recon:0.070746

4800-loss_z:0.253015,accu:0.988138,loss_recon:0.02335

4800-loss_z:4.585102,accu:0.544304,loss_recon:0.063252

5000-loss_z:0.236178,accu:0.989251,loss_recon:0.02275

5000-loss_z:4.728337,accu:0.56962,loss_recon:0.061662

5200-loss_z:0.220952,accu:0.988978,loss_recon:0.021142

5200-loss_z:4.85993,accu:0.56962,loss_recon:0.057672

5400-loss_z:0.204215,accu:0.991341,loss_recon:0.020298

5400-loss_z:4.983569,accu:0.556962,loss_recon:0.057288

5600-loss_z:0.19229,accu:0.992018,loss_recon:0.019606

5600-loss_z:5.10851,accu:0.556962,loss_recon:0.055935

5800-loss_z:0.180979,accu:0.994779,loss_recon:0.019351

5800-loss_z:5.263495,accu:0.556962,loss_recon:0.054008

6000-loss_z:0.169211,accu:0.997422,loss_recon:0.018805

6000-loss_z:5.386896,accu:0.556962,loss_recon:0.054566

6200-loss_z:0.156574,accu:0.998587,loss_recon:0.018328

6200-loss_z:5.540315,accu:0.556962,loss_recon:0.052312

6400-loss_z:0.14756,accu:0.998711,loss_recon:0.018153

6400-loss_z:5.67196,accu:0.56962,loss_recon:0.050975

6600-loss_z:0.139555,accu:1.0,loss_recon:0.017871

6600-loss_z:5.84328,accu:0.544304,loss_recon:0.051274

6800-loss_z:0.128024,accu:0.999863,loss_recon:0.017729

6800-loss_z:5.942147,accu:0.556962,loss_recon:0.051532

7000-loss_z:0.119726,accu:0.999941,loss_recon:0.01753

7000-loss_z:6.11084,accu:0.56962,loss_recon:0.050736

7200-loss_z:0.111314,accu:1.0,loss_recon:0.017262

7200-loss_z:6.21838,accu:0.582278,loss_recon:0.051263

7400-loss_z:0.105304,accu:1.0,loss_recon:0.017135

7400-loss_z:6.388288,accu:0.582278,loss_recon:0.050733

7600-loss_z:0.099166,accu:1.0,loss_recon:0.017159

7600-loss_z:6.535627,accu:0.56962,loss_recon:0.051632

7800-loss_z:0.092463,accu:1.0,loss_recon:0.017032

7800-loss_z:6.652019,accu:0.56962,loss_recon:0.049538

8000-loss_z:0.086587,accu:1.0,loss_recon:0.01695

8000-loss_z:6.765087,accu:0.594937,loss_recon:0.051128

8200-loss_z:0.079194,accu:1.0,loss_recon:0.016753

8200-loss_z:6.754357,accu:0.56962,loss_recon:0.049255

8400-loss_z:0.073707,accu:1.0,loss_recon:0.016773

8400-loss_z:6.661033,accu:0.56962,loss_recon:0.049025

8600-loss_z:0.069345,accu:1.0,loss_recon:0.016789

8600-loss_z:6.714742,accu:0.582278,loss_recon:0.050937

8800-loss_z:0.064403,accu:1.0,loss_recon:0.016796

8800-loss_z:6.646598,accu:0.582278,loss_recon:0.048817

9000-loss_z:0.059945,accu:1.0,loss_recon:0.016438

9000-loss_z:6.496283,accu:0.582278,loss_recon:0.048988

9200-loss_z:0.055268,accu:1.0,loss_recon:0.016567

9200-loss_z:6.4146,accu:0.582278,loss_recon:0.049836

9400-loss_z:0.051883,accu:1.0,loss_recon:0.016525

9400-loss_z:6.39016,accu:0.56962,loss_recon:0.049124

9600-loss_z:0.048022,accu:1.0,loss_recon:0.01647

9600-loss_z:6.530834,accu:0.56962,loss_recon:0.047749

9800-loss_z:0.044356,accu:1.0,loss_recon:0.01619

9800-loss_z:6.666129,accu:0.56962,loss_recon:0.048686

10000-loss_z:0.041597,accu:1.0,loss_recon:0.0164

10000-loss_z:6.898708,accu:0.56962,loss_recon:0.047933

10200-loss_z:0.038263,accu:1.0,loss_recon:0.016107

10200-loss_z:7.154832,accu:0.56962,loss_recon:0.047249

10400-loss_z:0.035539,accu:1.0,loss_recon:0.016392

10400-loss_z:7.362926,accu:0.582278,loss_recon:0.047346

10600-loss_z:0.032856,accu:1.0,loss_recon:0.016094

10600-loss_z:7.645103,accu:0.582278,loss_recon:0.048061

10800-loss_z:0.030315,accu:1.0,loss_recon:0.016184

10800-loss_z:7.88468,accu:0.582278,loss_recon:0.047937

11000-loss_z:0.028333,accu:1.0,loss_recon:0.016216

11000-loss_z:8.170388,accu:0.582278,loss_recon:0.048069

11200-loss_z:0.026105,accu:1.0,loss_recon:0.01594

11200-loss_z:8.422616,accu:0.582278,loss_recon:0.04528

11400-loss_z:0.02397,accu:1.0,loss_recon:0.015927

11400-loss_z:8.681813,accu:0.582278,loss_recon:0.047203

11600-loss_z:0.022052,accu:1.0,loss_recon:0.016194

11600-loss_z:8.876437,accu:0.594937,loss_recon:0.045735

11800-loss_z:0.021029,accu:1.0,loss_recon:0.015916

11800-loss_z:9.058784,accu:0.582278,loss_recon:0.04587

12000-loss_z:0.018965,accu:1.0,loss_recon:0.015816

12000-loss_z:9.335657,accu:0.582278,loss_recon:0.048402

12200-loss_z:0.017334,accu:1.0,loss_recon:0.015905

12200-loss_z:9.576226,accu:0.582278,loss_recon:0.044195

12400-loss_z:0.016171,accu:1.0,loss_recon:0.015684

12400-loss_z:9.873713,accu:0.594937,loss_recon:0.043979

12600-loss_z:0.014731,accu:1.0,loss_recon:0.015613

12600-loss_z:10.200562,accu:0.594937,loss_recon:0.044123

12800-loss_z:0.013415,accu:1.0,loss_recon:0.01539

12800-loss_z:10.467665,accu:0.594937,loss_recon:0.044338

13000-loss_z:0.01234,accu:1.0,loss_recon:0.01487

13000-loss_z:10.808086,accu:0.582278,loss_recon:0.0449

13200-loss_z:0.011392,accu:1.0,loss_recon:0.014852

13200-loss_z:11.097867,accu:0.594937,loss_recon:0.042631

13400-loss_z:0.010394,accu:1.0,loss_recon:0.014491

13400-loss_z:11.395389,accu:0.582278,loss_recon:0.043653

13600-loss_z:0.009456,accu:1.0,loss_recon:0.014391

13600-loss_z:11.6793,accu:0.56962,loss_recon:0.042514

13800-loss_z:0.008707,accu:1.0,loss_recon:0.014345

13800-loss_z:11.938762,accu:0.56962,loss_recon:0.044105

14000-loss_z:0.008123,accu:1.0,loss_recon:0.014131

14000-loss_z:12.283123,accu:0.582278,loss_recon:0.04283

14200-loss_z:0.00738,accu:1.0,loss_recon:0.014075

14200-loss_z:12.613242,accu:0.582278,loss_recon:0.041889

14400-loss_z:0.006792,accu:1.0,loss_recon:0.013972

14400-loss_z:12.892202,accu:0.582278,loss_recon:0.04038

14600-loss_z:0.006196,accu:1.0,loss_recon:0.013802

14600-loss_z:13.13123,accu:0.594937,loss_recon:0.041658

14800-loss_z:0.005733,accu:1.0,loss_recon:0.013811

14800-loss_z:13.432697,accu:0.594937,loss_recon:0.040811

15000-loss_z:0.005338,accu:1.0,loss_recon:0.013783

15000-loss_z:13.740879,accu:0.594937,loss_recon:0.042372

15200-loss_z:0.004765,accu:1.0,loss_recon:0.013477

15200-loss_z:14.058581,accu:0.594937,loss_recon:0.040751

15400-loss_z:0.00434,accu:1.0,loss_recon:0.01341

15400-loss_z:14.340691,accu:0.582278,loss_recon:0.040742

15600-loss_z:0.003992,accu:1.0,loss_recon:0.013333

15600-loss_z:14.636049,accu:0.582278,loss_recon:0.042135

15800-loss_z:0.003618,accu:1.0,loss_recon:0.013273

15800-loss_z:14.999884,accu:0.582278,loss_recon:0.041382

16000-loss_z:0.003372,accu:1.0,loss_recon:0.01346

16000-loss_z:15.304017,accu:0.582278,loss_recon:0.041013

16200-loss_z:0.003066,accu:1.0,loss_recon:0.01323

16200-loss_z:15.647421,accu:0.582278,loss_recon:0.041475

16400-loss_z:0.002788,accu:1.0,loss_recon:0.013391

16400-loss_z:15.967477,accu:0.582278,loss_recon:0.042572

16600-loss_z:0.002566,accu:1.0,loss_recon:0.013504

16600-loss_z:16.305647,accu:0.582278,loss_recon:0.041118

16800-loss_z:0.002345,accu:1.0,loss_recon:0.013327

16800-loss_z:16.653593,accu:0.582278,loss_recon:0.041975

17000-loss_z:0.002109,accu:1.0,loss_recon:0.01328

17000-loss_z:16.954601,accu:0.582278,loss_recon:0.040302

17200-loss_z:0.001906,accu:1.0,loss_recon:0.013244

17200-loss_z:17.238277,accu:0.582278,loss_recon:0.04066

17400-loss_z:0.001734,accu:1.0,loss_recon:0.013186

17400-loss_z:17.558962,accu:0.582278,loss_recon:0.040528

17600-loss_z:0.001617,accu:1.0,loss_recon:0.013125

17600-loss_z:17.868034,accu:0.582278,loss_recon:0.040847

17800-loss_z:0.001447,accu:1.0,loss_recon:0.013092

17800-loss_z:18.211283,accu:0.582278,loss_recon:0.039438

18000-loss_z:0.001344,accu:1.0,loss_recon:0.013045

18000-loss_z:18.467623,accu:0.582278,loss_recon:0.040511

18200-loss_z:0.001198,accu:1.0,loss_recon:0.013007

18200-loss_z:18.822968,accu:0.56962,loss_recon:0.03997

18400-loss_z:0.001102,accu:1.0,loss_recon:0.013188

18400-loss_z:19.10799,accu:0.582278,loss_recon:0.038185

18600-loss_z:0.001004,accu:1.0,loss_recon:0.013106

18600-loss_z:19.463587,accu:0.582278,loss_recon:0.039102

18800-loss_z:0.000913,accu:1.0,loss_recon:0.013076

18800-loss_z:19.830204,accu:0.582278,loss_recon:0.040051

19000-loss_z:0.000831,accu:1.0,loss_recon:0.012945

19000-loss_z:20.167761,accu:0.582278,loss_recon:0.03881

19200-loss_z:0.000745,accu:1.0,loss_recon:0.012935

19200-loss_z:20.520077,accu:0.594937,loss_recon:0.037784

19400-loss_z:0.000681,accu:1.0,loss_recon:0.012983

19400-loss_z:20.838911,accu:0.607595,loss_recon:0.039797

19600-loss_z:0.000614,accu:1.0,loss_recon:0.012846

19600-loss_z:21.234411,accu:0.607595,loss_recon:0.039916

19800-loss_z:0.00056,accu:1.0,loss_recon:0.013101

19800-loss_z:21.584423,accu:0.620253,loss_recon:0.038561

20000-loss_z:0.000506,accu:1.0,loss_recon:0.012994

20000-loss_z:21.894331,accu:0.620253,loss_recon:0.039232

Continue training
New FC model is initialized
200-loss_z:2.551921,accu:0.169627,loss_recon:1.22766

200-loss_z:2.655272,accu:0.101266,loss_recon:0.674275

400-loss_z:1.870216,accu:0.328522,loss_recon:0.36153

400-loss_z:2.557894,accu:0.177215,loss_recon:0.310658

600-loss_z:1.5492,accu:0.471257,loss_recon:0.173702

600-loss_z:2.560388,accu:0.164557,loss_recon:0.188571

800-loss_z:1.332751,accu:0.566191,loss_recon:0.102343

800-loss_z:2.549313,accu:0.227848,loss_recon:0.129334

1000-loss_z:1.17258,accu:0.628483,loss_recon:0.071701

1000-loss_z:2.522221,accu:0.291139,loss_recon:0.102423

1200-loss_z:1.05562,accu:0.704727,loss_recon:0.05984

1200-loss_z:2.45276,accu:0.278481,loss_recon:0.088811

1400-loss_z:0.953457,accu:0.76248,loss_recon:0.049484

1400-loss_z:2.448045,accu:0.303797,loss_recon:0.071155

1600-loss_z:0.86385,accu:0.818555,loss_recon:0.041981

1600-loss_z:2.506367,accu:0.341772,loss_recon:0.06469

1800-loss_z:0.791934,accu:0.837201,loss_recon:0.036866

1800-loss_z:2.54642,accu:0.367089,loss_recon:0.058293

2000-loss_z:0.725,accu:0.854525,loss_recon:0.033542

2000-loss_z:2.616954,accu:0.367089,loss_recon:0.054503

2200-loss_z:0.666452,accu:0.866276,loss_recon:0.031066

2200-loss_z:2.71022,accu:0.379747,loss_recon:0.049506

2400-loss_z:0.621957,accu:0.8714,loss_recon:0.028898

2400-loss_z:2.786189,accu:0.392405,loss_recon:0.044408

2600-loss_z:0.577578,accu:0.888906,loss_recon:0.026071

2600-loss_z:2.91964,accu:0.417722,loss_recon:0.041945

2800-loss_z:0.539113,accu:0.903516,loss_recon:0.024178

2800-loss_z:3.021442,accu:0.405063,loss_recon:0.03944

3000-loss_z:0.499872,accu:0.915703,loss_recon:0.022866

3000-loss_z:3.159206,accu:0.443038,loss_recon:0.037638

3200-loss_z:0.468966,accu:0.926751,loss_recon:0.021973

3200-loss_z:3.277689,accu:0.417722,loss_recon:0.036744

3400-loss_z:0.437858,accu:0.937676,loss_recon:0.020754

3400-loss_z:3.449018,accu:0.43038,loss_recon:0.034654

3600-loss_z:0.410226,accu:0.94752,loss_recon:0.019831

3600-loss_z:3.557705,accu:0.443038,loss_recon:0.033211

3800-loss_z:0.386899,accu:0.952474,loss_recon:0.018908

3800-loss_z:3.706488,accu:0.43038,loss_recon:0.030505

4000-loss_z:0.359625,accu:0.959251,loss_recon:0.018031

4000-loss_z:3.851431,accu:0.481013,loss_recon:0.029289

4200-loss_z:0.335434,accu:0.967259,loss_recon:0.017524

4200-loss_z:4.021264,accu:0.443038,loss_recon:0.028958

4400-loss_z:0.314236,accu:0.974479,loss_recon:0.016859

4400-loss_z:4.167264,accu:0.468354,loss_recon:0.028646

4600-loss_z:0.297284,accu:0.978333,loss_recon:0.016688

4600-loss_z:4.307794,accu:0.468354,loss_recon:0.02857

4800-loss_z:0.278459,accu:0.982975,loss_recon:0.016216

4800-loss_z:4.471833,accu:0.468354,loss_recon:0.029097

5000-loss_z:0.259495,accu:0.983763,loss_recon:0.015807

5000-loss_z:4.663512,accu:0.481013,loss_recon:0.029653

5200-loss_z:0.242769,accu:0.9875,loss_recon:0.015553

5200-loss_z:4.837436,accu:0.468354,loss_recon:0.029488

5400-loss_z:0.226415,accu:0.989492,loss_recon:0.015427

5400-loss_z:5.008538,accu:0.455696,loss_recon:0.029574

5600-loss_z:0.211312,accu:0.991563,loss_recon:0.015195

5600-loss_z:5.154127,accu:0.481013,loss_recon:0.028817

5800-loss_z:0.19619,accu:0.99431,loss_recon:0.015348

5800-loss_z:5.296388,accu:0.493671,loss_recon:0.028837

6000-loss_z:0.182743,accu:0.99599,loss_recon:0.014958

6000-loss_z:5.396079,accu:0.493671,loss_recon:0.028572

6200-loss_z:0.170375,accu:0.99832,loss_recon:0.015028

6200-loss_z:5.49795,accu:0.506329,loss_recon:0.029125

6400-loss_z:0.157491,accu:0.999512,loss_recon:0.014696

6400-loss_z:5.636782,accu:0.544304,loss_recon:0.029418

6600-loss_z:0.144086,accu:1.0,loss_recon:0.014813

6600-loss_z:5.775101,accu:0.556962,loss_recon:0.030272

6800-loss_z:0.134058,accu:1.0,loss_recon:0.014668

6800-loss_z:5.883178,accu:0.544304,loss_recon:0.029094

7000-loss_z:0.123868,accu:1.0,loss_recon:0.014653

7000-loss_z:6.016659,accu:0.56962,loss_recon:0.028898

7200-loss_z:0.114676,accu:1.0,loss_recon:0.014474

7200-loss_z:6.179957,accu:0.556962,loss_recon:0.02995

7400-loss_z:0.105141,accu:1.0,loss_recon:0.014489

7400-loss_z:6.309349,accu:0.556962,loss_recon:0.028793

7600-loss_z:0.096781,accu:1.0,loss_recon:0.014394

7600-loss_z:6.438165,accu:0.544304,loss_recon:0.028917

7800-loss_z:0.089846,accu:1.0,loss_recon:0.014312

7800-loss_z:6.641541,accu:0.544304,loss_recon:0.030251

8000-loss_z:0.083273,accu:1.0,loss_recon:0.014273

8000-loss_z:6.845839,accu:0.544304,loss_recon:0.029388

8200-loss_z:0.076941,accu:1.0,loss_recon:0.014

8200-loss_z:6.985871,accu:0.531646,loss_recon:0.028976

8400-loss_z:0.070715,accu:1.0,loss_recon:0.013913

8400-loss_z:7.17338,accu:0.518987,loss_recon:0.029289

8600-loss_z:0.06559,accu:1.0,loss_recon:0.01421

8600-loss_z:7.332546,accu:0.544304,loss_recon:0.030184

8800-loss_z:0.060285,accu:1.0,loss_recon:0.014129

8800-loss_z:7.484334,accu:0.544304,loss_recon:0.02902

9000-loss_z:0.054194,accu:1.0,loss_recon:0.013942

9000-loss_z:7.722768,accu:0.531646,loss_recon:0.02864

9200-loss_z:0.049,accu:1.0,loss_recon:0.013655

9200-loss_z:8.255089,accu:0.544304,loss_recon:0.029589

9400-loss_z:0.044584,accu:1.0,loss_recon:0.013703

9400-loss_z:8.789178,accu:0.531646,loss_recon:0.029308

9600-loss_z:0.040851,accu:1.0,loss_recon:0.013645

9600-loss_z:9.100207,accu:0.556962,loss_recon:0.029927

9800-loss_z:0.037182,accu:1.0,loss_recon:0.01359

9800-loss_z:9.463808,accu:0.56962,loss_recon:0.030192

10000-loss_z:0.033678,accu:1.0,loss_recon:0.013662

10000-loss_z:9.763476,accu:0.582278,loss_recon:0.030962

10200-loss_z:0.030798,accu:1.0,loss_recon:0.013447

10200-loss_z:10.048646,accu:0.56962,loss_recon:0.030329

10400-loss_z:0.027948,accu:1.0,loss_recon:0.013453

10400-loss_z:10.307798,accu:0.556962,loss_recon:0.030638

10600-loss_z:0.025501,accu:1.0,loss_recon:0.01346

10600-loss_z:10.537667,accu:0.531646,loss_recon:0.030393

10800-loss_z:0.023127,accu:1.0,loss_recon:0.013313

10800-loss_z:10.759518,accu:0.531646,loss_recon:0.030732

11000-loss_z:0.021007,accu:1.0,loss_recon:0.013272

11000-loss_z:10.962901,accu:0.544304,loss_recon:0.030669

11200-loss_z:0.018589,accu:1.0,loss_recon:0.013417

11200-loss_z:11.130434,accu:0.531646,loss_recon:0.032209

11400-loss_z:0.017018,accu:1.0,loss_recon:0.013145

11400-loss_z:11.355186,accu:0.531646,loss_recon:0.030276

11600-loss_z:0.015524,accu:1.0,loss_recon:0.013096

11600-loss_z:11.574869,accu:0.531646,loss_recon:0.030741

11800-loss_z:0.013945,accu:1.0,loss_recon:0.013259

11800-loss_z:11.712549,accu:0.531646,loss_recon:0.030842

12000-loss_z:0.012641,accu:1.0,loss_recon:0.013247

12000-loss_z:11.892019,accu:0.531646,loss_recon:0.030869

12200-loss_z:0.011456,accu:1.0,loss_recon:0.012946

12200-loss_z:12.16172,accu:0.531646,loss_recon:0.029998

12400-loss_z:0.010198,accu:1.0,loss_recon:0.012946

12400-loss_z:12.367825,accu:0.531646,loss_recon:0.030843

12600-loss_z:0.009084,accu:1.0,loss_recon:0.013064

12600-loss_z:12.564456,accu:0.544304,loss_recon:0.03107

12800-loss_z:0.008361,accu:1.0,loss_recon:0.012884

12800-loss_z:12.76914,accu:0.531646,loss_recon:0.031528

13000-loss_z:0.007466,accu:1.0,loss_recon:0.0129

13000-loss_z:12.963287,accu:0.544304,loss_recon:0.030879

13200-loss_z:0.006798,accu:1.0,loss_recon:0.012701

13200-loss_z:13.165024,accu:0.544304,loss_recon:0.030666

13400-loss_z:0.006039,accu:1.0,loss_recon:0.012786

13400-loss_z:13.390475,accu:0.544304,loss_recon:0.031748

13600-loss_z:0.005576,accu:1.0,loss_recon:0.012719

13600-loss_z:13.529417,accu:0.544304,loss_recon:0.031047

13800-loss_z:0.005002,accu:1.0,loss_recon:0.012684

13800-loss_z:13.781672,accu:0.544304,loss_recon:0.031378

14000-loss_z:0.004473,accu:1.0,loss_recon:0.012771

14000-loss_z:13.978924,accu:0.544304,loss_recon:0.031739

14200-loss_z:0.004086,accu:1.0,loss_recon:0.012588

14200-loss_z:14.220205,accu:0.544304,loss_recon:0.031197

14400-loss_z:0.003698,accu:1.0,loss_recon:0.012653

14400-loss_z:14.395906,accu:0.544304,loss_recon:0.031246

14600-loss_z:0.003307,accu:1.0,loss_recon:0.01259

14600-loss_z:14.629895,accu:0.556962,loss_recon:0.032089

14800-loss_z:0.003004,accu:1.0,loss_recon:0.012469

14800-loss_z:14.890806,accu:0.556962,loss_recon:0.031186

15000-loss_z:0.002712,accu:1.0,loss_recon:0.012604

15000-loss_z:15.175665,accu:0.556962,loss_recon:0.030809

15200-loss_z:0.002452,accu:1.0,loss_recon:0.012605

15200-loss_z:15.400787,accu:0.556962,loss_recon:0.030893

15400-loss_z:0.002204,accu:1.0,loss_recon:0.012553

15400-loss_z:15.716575,accu:0.556962,loss_recon:0.031174

15600-loss_z:0.001996,accu:1.0,loss_recon:0.012308

15600-loss_z:15.992867,accu:0.556962,loss_recon:0.031181

15800-loss_z:0.001772,accu:1.0,loss_recon:0.012397

15800-loss_z:16.256081,accu:0.556962,loss_recon:0.031368

16000-loss_z:0.001591,accu:1.0,loss_recon:0.012211

16000-loss_z:16.521639,accu:0.556962,loss_recon:0.031305

16200-loss_z:0.001434,accu:1.0,loss_recon:0.012314

16200-loss_z:16.849369,accu:0.556962,loss_recon:0.031984

16400-loss_z:0.001279,accu:1.0,loss_recon:0.012214

16400-loss_z:17.069006,accu:0.556962,loss_recon:0.031444

16600-loss_z:0.001164,accu:1.0,loss_recon:0.012217

16600-loss_z:17.317713,accu:0.556962,loss_recon:0.032152

16800-loss_z:0.001041,accu:1.0,loss_recon:0.012171

16800-loss_z:17.573483,accu:0.556962,loss_recon:0.032708

17000-loss_z:0.000929,accu:1.0,loss_recon:0.012079

17000-loss_z:17.838343,accu:0.556962,loss_recon:0.031917

17200-loss_z:0.000834,accu:1.0,loss_recon:0.01213

17200-loss_z:18.049959,accu:0.556962,loss_recon:0.032892

17400-loss_z:0.000762,accu:1.0,loss_recon:0.012023

17400-loss_z:18.290924,accu:0.56962,loss_recon:0.032586

17600-loss_z:0.000686,accu:1.0,loss_recon:0.012124

17600-loss_z:18.48473,accu:0.556962,loss_recon:0.033357

17800-loss_z:0.000614,accu:1.0,loss_recon:0.011891

17800-loss_z:18.750225,accu:0.556962,loss_recon:0.032556

18000-loss_z:0.000554,accu:1.0,loss_recon:0.011984

18000-loss_z:19.004686,accu:0.56962,loss_recon:0.032808

18200-loss_z:0.000495,accu:1.0,loss_recon:0.011956

18200-loss_z:19.277632,accu:0.56962,loss_recon:0.032497

18400-loss_z:0.000446,accu:1.0,loss_recon:0.011838

18400-loss_z:19.463058,accu:0.56962,loss_recon:0.03292

18600-loss_z:0.000401,accu:1.0,loss_recon:0.011629

18600-loss_z:19.719511,accu:0.56962,loss_recon:0.032458

18800-loss_z:0.000366,accu:1.0,loss_recon:0.011259

18800-loss_z:19.960892,accu:0.56962,loss_recon:0.032258

19000-loss_z:0.000329,accu:1.0,loss_recon:0.010855

19000-loss_z:20.157482,accu:0.56962,loss_recon:0.033811

19200-loss_z:0.000292,accu:1.0,loss_recon:0.010545

19200-loss_z:20.446505,accu:0.56962,loss_recon:0.034658

19400-loss_z:0.000264,accu:1.0,loss_recon:0.01019

19400-loss_z:20.703161,accu:0.56962,loss_recon:0.034376

19600-loss_z:0.000239,accu:1.0,loss_recon:0.010101

19600-loss_z:20.914946,accu:0.56962,loss_recon:0.033487

19800-loss_z:0.000215,accu:1.0,loss_recon:0.009803

19800-loss_z:21.163879,accu:0.56962,loss_recon:0.033168

20000-loss_z:0.000194,accu:1.0,loss_recon:0.009753

20000-loss_z:21.415934,accu:0.56962,loss_recon:0.033488

Continue training
New FC model is initialized
200-loss_z:2.540281,accu:0.195371,loss_recon:1.253869

200-loss_z:2.684826,accu:0.101266,loss_recon:0.612747

400-loss_z:1.901306,accu:0.37571,loss_recon:0.408585

400-loss_z:2.536081,accu:0.113924,loss_recon:0.342736

600-loss_z:1.554471,accu:0.470495,loss_recon:0.268565

600-loss_z:2.512366,accu:0.189873,loss_recon:0.292677

800-loss_z:1.344346,accu:0.562884,loss_recon:0.211542

800-loss_z:2.55488,accu:0.253165,loss_recon:0.23402

1000-loss_z:1.194338,accu:0.629453,loss_recon:0.145612

1000-loss_z:2.605287,accu:0.291139,loss_recon:0.164387

1200-loss_z:1.073114,accu:0.697572,loss_recon:0.0964

1200-loss_z:2.671169,accu:0.329114,loss_recon:0.121794

1400-loss_z:0.984157,accu:0.738737,loss_recon:0.071639

1400-loss_z:2.750222,accu:0.367089,loss_recon:0.104808

1600-loss_z:0.895805,accu:0.781647,loss_recon:0.061229

1600-loss_z:2.834422,accu:0.379747,loss_recon:0.095464

1800-loss_z:0.825951,accu:0.816536,loss_recon:0.053871

1800-loss_z:2.911237,accu:0.405063,loss_recon:0.084984

2000-loss_z:0.761336,accu:0.833203,loss_recon:0.04828

2000-loss_z:2.99242,accu:0.417722,loss_recon:0.078924

2200-loss_z:0.706421,accu:0.857279,loss_recon:0.044549

2200-loss_z:3.080636,accu:0.443038,loss_recon:0.075258

2400-loss_z:0.661902,accu:0.871315,loss_recon:0.04133

2400-loss_z:3.10612,accu:0.455696,loss_recon:0.072429

2600-loss_z:0.616228,accu:0.891921,loss_recon:0.039234

2600-loss_z:3.175379,accu:0.455696,loss_recon:0.070994

2800-loss_z:0.575847,accu:0.908216,loss_recon:0.036467

2800-loss_z:3.190996,accu:0.481013,loss_recon:0.069609

3000-loss_z:0.540959,accu:0.921289,loss_recon:0.035035

3000-loss_z:3.157126,accu:0.468354,loss_recon:0.068622

3200-loss_z:0.508641,accu:0.938711,loss_recon:0.032837

3200-loss_z:3.119272,accu:0.468354,loss_recon:0.064426

3400-loss_z:0.478477,accu:0.945964,loss_recon:0.031573

3400-loss_z:3.074927,accu:0.468354,loss_recon:0.06157

3600-loss_z:0.449802,accu:0.955169,loss_recon:0.030638

3600-loss_z:3.122432,accu:0.506329,loss_recon:0.05678

3800-loss_z:0.421537,accu:0.967806,loss_recon:0.029295

3800-loss_z:3.266779,accu:0.468354,loss_recon:0.054911

4000-loss_z:0.397469,accu:0.971172,loss_recon:0.029313

4000-loss_z:3.439596,accu:0.506329,loss_recon:0.054085

4200-loss_z:0.374101,accu:0.974063,loss_recon:0.028638

4200-loss_z:3.684317,accu:0.493671,loss_recon:0.052935

4400-loss_z:0.351719,accu:0.979727,loss_recon:0.027778

4400-loss_z:3.909332,accu:0.481013,loss_recon:0.0529

4600-loss_z:0.331282,accu:0.985482,loss_recon:0.027562

4600-loss_z:4.139934,accu:0.493671,loss_recon:0.052303

4800-loss_z:0.308168,accu:0.985618,loss_recon:0.027508

4800-loss_z:4.376016,accu:0.544304,loss_recon:0.052032

5000-loss_z:0.289275,accu:0.991458,loss_recon:0.027107

5000-loss_z:4.567792,accu:0.518987,loss_recon:0.052706

5200-loss_z:0.271385,accu:0.991589,loss_recon:0.026679

5200-loss_z:4.853388,accu:0.493671,loss_recon:0.053283

5400-loss_z:0.252692,accu:0.993223,loss_recon:0.026614

5400-loss_z:5.077302,accu:0.518987,loss_recon:0.053471

5600-loss_z:0.240002,accu:0.995033,loss_recon:0.026285

5600-loss_z:5.353215,accu:0.506329,loss_recon:0.053601

5800-loss_z:0.225559,accu:0.995592,loss_recon:0.025905

5800-loss_z:5.621884,accu:0.531646,loss_recon:0.053015

6000-loss_z:0.212797,accu:0.995339,loss_recon:0.025808

6000-loss_z:5.891458,accu:0.506329,loss_recon:0.052982

6200-loss_z:0.199608,accu:0.996211,loss_recon:0.026105

6200-loss_z:6.208194,accu:0.506329,loss_recon:0.051663

6400-loss_z:0.187853,accu:0.996973,loss_recon:0.026112

6400-loss_z:6.517054,accu:0.518987,loss_recon:0.051805

6600-loss_z:0.179223,accu:0.999349,loss_recon:0.025763

6600-loss_z:6.85238,accu:0.506329,loss_recon:0.050769

6800-loss_z:0.166157,accu:0.9989,loss_recon:0.02538

6800-loss_z:7.179807,accu:0.506329,loss_recon:0.050083

7000-loss_z:0.156367,accu:0.999512,loss_recon:0.025673

7000-loss_z:7.476149,accu:0.506329,loss_recon:0.051087

7200-loss_z:0.148613,accu:0.999818,loss_recon:0.024833

7200-loss_z:7.778749,accu:0.506329,loss_recon:0.051321

7400-loss_z:0.139363,accu:0.999759,loss_recon:0.025092

7400-loss_z:8.036167,accu:0.518987,loss_recon:0.049621

7600-loss_z:0.13103,accu:1.0,loss_recon:0.025265

7600-loss_z:8.339698,accu:0.506329,loss_recon:0.049431

7800-loss_z:0.122346,accu:1.0,loss_recon:0.024959

7800-loss_z:8.606206,accu:0.531646,loss_recon:0.050405

8000-loss_z:0.115552,accu:1.0,loss_recon:0.024457

8000-loss_z:8.910297,accu:0.544304,loss_recon:0.04986

8200-loss_z:0.107934,accu:1.0,loss_recon:0.024143

8200-loss_z:9.173331,accu:0.531646,loss_recon:0.049375

8400-loss_z:0.101751,accu:1.0,loss_recon:0.02397

8400-loss_z:9.427135,accu:0.544304,loss_recon:0.049664

8600-loss_z:0.095302,accu:1.0,loss_recon:0.023744

8600-loss_z:9.758923,accu:0.544304,loss_recon:0.050246

8800-loss_z:0.088146,accu:1.0,loss_recon:0.023624

8800-loss_z:10.141079,accu:0.544304,loss_recon:0.049242

9000-loss_z:0.08352,accu:1.0,loss_recon:0.023394

9000-loss_z:10.466734,accu:0.544304,loss_recon:0.048221

9200-loss_z:0.078661,accu:1.0,loss_recon:0.02349

9200-loss_z:10.773952,accu:0.544304,loss_recon:0.050106

9400-loss_z:0.073257,accu:1.0,loss_recon:0.023166

9400-loss_z:11.075356,accu:0.544304,loss_recon:0.049602

9600-loss_z:0.068783,accu:1.0,loss_recon:0.022605

9600-loss_z:11.376321,accu:0.556962,loss_recon:0.050181

9800-loss_z:0.064014,accu:1.0,loss_recon:0.022556

9800-loss_z:11.667142,accu:0.544304,loss_recon:0.048786

10000-loss_z:0.06053,accu:1.0,loss_recon:0.022103

10000-loss_z:12.034389,accu:0.556962,loss_recon:0.050066

10200-loss_z:0.056368,accu:1.0,loss_recon:0.021786

10200-loss_z:12.332774,accu:0.544304,loss_recon:0.048419

10400-loss_z:0.052204,accu:1.0,loss_recon:0.022116

10400-loss_z:12.619848,accu:0.556962,loss_recon:0.048799

10600-loss_z:0.049445,accu:1.0,loss_recon:0.021709

10600-loss_z:12.929593,accu:0.544304,loss_recon:0.05025

10800-loss_z:0.045844,accu:1.0,loss_recon:0.021671

10800-loss_z:13.273226,accu:0.544304,loss_recon:0.049344

11000-loss_z:0.043012,accu:1.0,loss_recon:0.021664

11000-loss_z:13.618156,accu:0.544304,loss_recon:0.049556

11200-loss_z:0.040177,accu:1.0,loss_recon:0.02158

11200-loss_z:13.899697,accu:0.544304,loss_recon:0.050069

11400-loss_z:0.037357,accu:1.0,loss_recon:0.021336

11400-loss_z:14.264349,accu:0.544304,loss_recon:0.048209

11600-loss_z:0.034413,accu:1.0,loss_recon:0.020682

11600-loss_z:14.549062,accu:0.544304,loss_recon:0.048884

11800-loss_z:0.032559,accu:1.0,loss_recon:0.020999

11800-loss_z:14.836642,accu:0.556962,loss_recon:0.049632

12000-loss_z:0.030071,accu:1.0,loss_recon:0.021055

12000-loss_z:15.132536,accu:0.544304,loss_recon:0.048585

12200-loss_z:0.028333,accu:1.0,loss_recon:0.020734

12200-loss_z:15.42908,accu:0.544304,loss_recon:0.048082

12400-loss_z:0.02592,accu:1.0,loss_recon:0.020911

12400-loss_z:15.753057,accu:0.544304,loss_recon:0.048206

12600-loss_z:0.024172,accu:1.0,loss_recon:0.020586

12600-loss_z:16.072269,accu:0.544304,loss_recon:0.049336

12800-loss_z:0.022485,accu:1.0,loss_recon:0.020657

12800-loss_z:16.396441,accu:0.556962,loss_recon:0.048782

13000-loss_z:0.020955,accu:1.0,loss_recon:0.020328

13000-loss_z:16.695845,accu:0.544304,loss_recon:0.048886

13200-loss_z:0.019308,accu:1.0,loss_recon:0.020365

13200-loss_z:17.01606,accu:0.556962,loss_recon:0.047889

13400-loss_z:0.018151,accu:1.0,loss_recon:0.020514

13400-loss_z:17.289839,accu:0.556962,loss_recon:0.04884

13600-loss_z:0.016722,accu:1.0,loss_recon:0.020425

13600-loss_z:17.602043,accu:0.556962,loss_recon:0.048583

13800-loss_z:0.015297,accu:1.0,loss_recon:0.020348

13800-loss_z:17.879255,accu:0.556962,loss_recon:0.048177

14000-loss_z:0.014429,accu:1.0,loss_recon:0.020215

14000-loss_z:18.181053,accu:0.556962,loss_recon:0.048182

14200-loss_z:0.013239,accu:1.0,loss_recon:0.019912

14200-loss_z:18.57202,accu:0.556962,loss_recon:0.048201

14400-loss_z:0.012251,accu:1.0,loss_recon:0.020129

14400-loss_z:18.842604,accu:0.556962,loss_recon:0.048295

14600-loss_z:0.011413,accu:1.0,loss_recon:0.019923

14600-loss_z:19.129444,accu:0.556962,loss_recon:0.047428

14800-loss_z:0.010615,accu:1.0,loss_recon:0.019752

14800-loss_z:19.47854,accu:0.544304,loss_recon:0.048784

15000-loss_z:0.009622,accu:1.0,loss_recon:0.019761

15000-loss_z:19.69771,accu:0.556962,loss_recon:0.047651

15200-loss_z:0.00901,accu:1.0,loss_recon:0.019991

15200-loss_z:20.00843,accu:0.556962,loss_recon:0.049313

15400-loss_z:0.008327,accu:1.0,loss_recon:0.02001

15400-loss_z:20.253141,accu:0.556962,loss_recon:0.047583

15600-loss_z:0.00771,accu:1.0,loss_recon:0.01979

15600-loss_z:20.562052,accu:0.556962,loss_recon:0.048128

15800-loss_z:0.007131,accu:1.0,loss_recon:0.019516

15800-loss_z:20.842157,accu:0.556962,loss_recon:0.047999

16000-loss_z:0.00656,accu:1.0,loss_recon:0.019629

16000-loss_z:21.15011,accu:0.556962,loss_recon:0.047993

16200-loss_z:0.006034,accu:1.0,loss_recon:0.019522

16200-loss_z:21.421766,accu:0.556962,loss_recon:0.047361

16400-loss_z:0.005558,accu:1.0,loss_recon:0.019732

16400-loss_z:21.73332,accu:0.556962,loss_recon:0.048354

16600-loss_z:0.005142,accu:1.0,loss_recon:0.019613

16600-loss_z:22.006458,accu:0.544304,loss_recon:0.047463

16800-loss_z:0.004788,accu:1.0,loss_recon:0.019608

16800-loss_z:22.272343,accu:0.544304,loss_recon:0.048442

17000-loss_z:0.004342,accu:1.0,loss_recon:0.019612

17000-loss_z:22.60478,accu:0.544304,loss_recon:0.047942

17200-loss_z:0.00396,accu:1.0,loss_recon:0.019155

17200-loss_z:22.91799,accu:0.531646,loss_recon:0.047651

17400-loss_z:0.003612,accu:1.0,loss_recon:0.019224

17400-loss_z:23.2075,accu:0.544304,loss_recon:0.047445

17600-loss_z:0.003346,accu:1.0,loss_recon:0.019045

17600-loss_z:23.53377,accu:0.531646,loss_recon:0.049703

17800-loss_z:0.003043,accu:1.0,loss_recon:0.018792

17800-loss_z:23.784777,accu:0.544304,loss_recon:0.047845

18000-loss_z:0.002783,accu:1.0,loss_recon:0.01908

18000-loss_z:24.095724,accu:0.531646,loss_recon:0.048718

18200-loss_z:0.002565,accu:1.0,loss_recon:0.018514

18200-loss_z:24.442791,accu:0.531646,loss_recon:0.049277

18400-loss_z:0.002375,accu:1.0,loss_recon:0.018959

18400-loss_z:24.686705,accu:0.544304,loss_recon:0.050826

18600-loss_z:0.00214,accu:1.0,loss_recon:0.018685

18600-loss_z:24.984978,accu:0.531646,loss_recon:0.047368

18800-loss_z:0.001927,accu:1.0,loss_recon:0.018978

18800-loss_z:25.228727,accu:0.544304,loss_recon:0.048659

19000-loss_z:0.00179,accu:1.0,loss_recon:0.018882

19000-loss_z:25.553907,accu:0.531646,loss_recon:0.048496

19200-loss_z:0.00162,accu:1.0,loss_recon:0.018508

19200-loss_z:25.804487,accu:0.531646,loss_recon:0.048102

19400-loss_z:0.001478,accu:1.0,loss_recon:0.018401

19400-loss_z:26.082664,accu:0.531646,loss_recon:0.048533

19600-loss_z:0.001369,accu:1.0,loss_recon:0.018384

19600-loss_z:26.382862,accu:0.531646,loss_recon:0.049692

19800-loss_z:0.001246,accu:1.0,loss_recon:0.018709

19800-loss_z:26.679499,accu:0.531646,loss_recon:0.047913

20000-loss_z:0.001134,accu:1.0,loss_recon:0.018234

20000-loss_z:26.955488,accu:0.531646,loss_recon:0.048371

Continue training
New FC model is initialized
200-loss_z:2.572699,accu:0.19975,loss_recon:1.014416

200-loss_z:2.689541,accu:0.113924,loss_recon:0.585429

400-loss_z:1.9664,accu:0.361986,loss_recon:0.311229

400-loss_z:2.643213,accu:0.139241,loss_recon:0.243376

600-loss_z:1.653674,accu:0.473535,loss_recon:0.153793

600-loss_z:2.686269,accu:0.189873,loss_recon:0.194321

800-loss_z:1.449221,accu:0.514089,loss_recon:0.113757

800-loss_z:2.721591,accu:0.189873,loss_recon:0.165417

1000-loss_z:1.29802,accu:0.577871,loss_recon:0.087979

1000-loss_z:2.768707,accu:0.227848,loss_recon:0.140135

1200-loss_z:1.173033,accu:0.627624,loss_recon:0.070402

1200-loss_z:2.840675,accu:0.240506,loss_recon:0.106138

1400-loss_z:1.077147,accu:0.68459,loss_recon:0.057683

1400-loss_z:2.904508,accu:0.278481,loss_recon:0.090141

1600-loss_z:0.990243,accu:0.762643,loss_recon:0.048471

1600-loss_z:3.034353,accu:0.291139,loss_recon:0.07836

1800-loss_z:0.90923,accu:0.800671,loss_recon:0.043246

1800-loss_z:3.143677,accu:0.303797,loss_recon:0.074054

2000-loss_z:0.840357,accu:0.829095,loss_recon:0.038752

2000-loss_z:3.25922,accu:0.278481,loss_recon:0.068351

2200-loss_z:0.779217,accu:0.841393,loss_recon:0.035946

2200-loss_z:3.386848,accu:0.341772,loss_recon:0.062975

2400-loss_z:0.728346,accu:0.862331,loss_recon:0.034917

2400-loss_z:3.525888,accu:0.341772,loss_recon:0.058638

2600-loss_z:0.680197,accu:0.886706,loss_recon:0.032485

2600-loss_z:3.674381,accu:0.341772,loss_recon:0.057376

2800-loss_z:0.637092,accu:0.900872,loss_recon:0.032076

2800-loss_z:3.871361,accu:0.379747,loss_recon:0.05673

3000-loss_z:0.59709,accu:0.909954,loss_recon:0.030972

3000-loss_z:4.059116,accu:0.455696,loss_recon:0.053937

3200-loss_z:0.566278,accu:0.925046,loss_recon:0.029951

3200-loss_z:4.244422,accu:0.405063,loss_recon:0.051153

3400-loss_z:0.529446,accu:0.934746,loss_recon:0.029166

3400-loss_z:4.462858,accu:0.417722,loss_recon:0.049187

3600-loss_z:0.500905,accu:0.940495,loss_recon:0.028124

3600-loss_z:4.648322,accu:0.405063,loss_recon:0.049041

3800-loss_z:0.473851,accu:0.941693,loss_recon:0.027972

3800-loss_z:4.820048,accu:0.405063,loss_recon:0.047413

4000-loss_z:0.448862,accu:0.94998,loss_recon:0.026615

4000-loss_z:5.020492,accu:0.443038,loss_recon:0.046492

4200-loss_z:0.420395,accu:0.954674,loss_recon:0.025642

4200-loss_z:5.24965,accu:0.455696,loss_recon:0.043754

4400-loss_z:0.402571,accu:0.959505,loss_recon:0.024781

4400-loss_z:5.399175,accu:0.405063,loss_recon:0.045808

4600-loss_z:0.382779,accu:0.964056,loss_recon:0.024308

4600-loss_z:5.576587,accu:0.443038,loss_recon:0.04533

4800-loss_z:0.363401,accu:0.966849,loss_recon:0.023621

4800-loss_z:5.780486,accu:0.43038,loss_recon:0.042397

5000-loss_z:0.344176,accu:0.96972,loss_recon:0.022923

5000-loss_z:5.973073,accu:0.455696,loss_recon:0.045801

5200-loss_z:0.326592,accu:0.970866,loss_recon:0.022168

5200-loss_z:6.137868,accu:0.481013,loss_recon:0.044699

5400-loss_z:0.30946,accu:0.972318,loss_recon:0.021237

5400-loss_z:6.307811,accu:0.43038,loss_recon:0.043976

5600-loss_z:0.294068,accu:0.974121,loss_recon:0.020426

5600-loss_z:6.517091,accu:0.455696,loss_recon:0.047944

5800-loss_z:0.281839,accu:0.975306,loss_recon:0.019445

5800-loss_z:6.708283,accu:0.481013,loss_recon:0.050912

6000-loss_z:0.269197,accu:0.977865,loss_recon:0.019587

6000-loss_z:6.792367,accu:0.493671,loss_recon:0.044256

6200-loss_z:0.255767,accu:0.979857,loss_recon:0.019437

6200-loss_z:6.976151,accu:0.481013,loss_recon:0.047756

6400-loss_z:0.24485,accu:0.982389,loss_recon:0.018545

6400-loss_z:7.107664,accu:0.506329,loss_recon:0.04965

6600-loss_z:0.232898,accu:0.98252,loss_recon:0.018759

6600-loss_z:7.230942,accu:0.481013,loss_recon:0.052425

6800-loss_z:0.218899,accu:0.985332,loss_recon:0.018432

6800-loss_z:7.343306,accu:0.493671,loss_recon:0.051846

7000-loss_z:0.210267,accu:0.986543,loss_recon:0.017906

7000-loss_z:7.3599,accu:0.506329,loss_recon:0.052318

7200-loss_z:0.200918,accu:0.988646,loss_recon:0.017973

7200-loss_z:7.333926,accu:0.493671,loss_recon:0.049534

7400-loss_z:0.189993,accu:0.990482,loss_recon:0.017545

7400-loss_z:7.298455,accu:0.506329,loss_recon:0.051089

7600-loss_z:0.182526,accu:0.990299,loss_recon:0.017628

7600-loss_z:7.41878,accu:0.531646,loss_recon:0.054645

7800-loss_z:0.173856,accu:0.99377,loss_recon:0.017349

7800-loss_z:7.681498,accu:0.518987,loss_recon:0.051793

8000-loss_z:0.163718,accu:0.995111,loss_recon:0.017845

8000-loss_z:8.016665,accu:0.544304,loss_recon:0.051841

8200-loss_z:0.153599,accu:0.995078,loss_recon:0.017474

8200-loss_z:8.36639,accu:0.531646,loss_recon:0.055085

8400-loss_z:0.147759,accu:0.995143,loss_recon:0.017584

8400-loss_z:8.660965,accu:0.544304,loss_recon:0.055528

8600-loss_z:0.139888,accu:0.997513,loss_recon:0.017283

8600-loss_z:8.870605,accu:0.544304,loss_recon:0.055762

8800-loss_z:0.134156,accu:0.99834,loss_recon:0.017323

8800-loss_z:9.063934,accu:0.544304,loss_recon:0.052738

9000-loss_z:0.126973,accu:0.998932,loss_recon:0.017329

9000-loss_z:9.306823,accu:0.531646,loss_recon:0.057047

9200-loss_z:0.121406,accu:0.998333,loss_recon:0.017137

9200-loss_z:9.621211,accu:0.544304,loss_recon:0.056154

9400-loss_z:0.113659,accu:0.998574,loss_recon:0.017135

9400-loss_z:9.90784,accu:0.544304,loss_recon:0.057651

9600-loss_z:0.108269,accu:0.999922,loss_recon:0.01711

9600-loss_z:10.295271,accu:0.556962,loss_recon:0.055531

9800-loss_z:0.102309,accu:0.999798,loss_recon:0.016976

9800-loss_z:10.705699,accu:0.556962,loss_recon:0.054305

10000-loss_z:0.096195,accu:0.999759,loss_recon:0.016739

10000-loss_z:11.10386,accu:0.56962,loss_recon:0.055521

10200-loss_z:0.092222,accu:1.0,loss_recon:0.016852

10200-loss_z:11.556601,accu:0.56962,loss_recon:0.05443

10400-loss_z:0.086477,accu:1.0,loss_recon:0.015679

10400-loss_z:12.041082,accu:0.56962,loss_recon:0.053519

10600-loss_z:0.082018,accu:1.0,loss_recon:0.015273

10600-loss_z:12.486939,accu:0.56962,loss_recon:0.052192

10800-loss_z:0.076655,accu:1.0,loss_recon:0.014589

10800-loss_z:12.921298,accu:0.56962,loss_recon:0.05252

11000-loss_z:0.072773,accu:1.0,loss_recon:0.014223

11000-loss_z:13.269655,accu:0.56962,loss_recon:0.05024

11200-loss_z:0.069338,accu:1.0,loss_recon:0.013831

11200-loss_z:13.690243,accu:0.556962,loss_recon:0.050271

11400-loss_z:0.065524,accu:1.0,loss_recon:0.013971

11400-loss_z:14.118924,accu:0.544304,loss_recon:0.047845

11600-loss_z:0.063015,accu:1.0,loss_recon:0.013695

11600-loss_z:14.428736,accu:0.56962,loss_recon:0.048391

11800-loss_z:0.059452,accu:1.0,loss_recon:0.013607

11800-loss_z:14.853401,accu:0.556962,loss_recon:0.047108

12000-loss_z:0.05568,accu:1.0,loss_recon:0.013554

12000-loss_z:15.215224,accu:0.582278,loss_recon:0.048458

12200-loss_z:0.052685,accu:1.0,loss_recon:0.013467

12200-loss_z:15.630974,accu:0.56962,loss_recon:0.044851

12400-loss_z:0.05002,accu:1.0,loss_recon:0.013381

12400-loss_z:16.017834,accu:0.544304,loss_recon:0.046322

12600-loss_z:0.046746,accu:1.0,loss_recon:0.013125

12600-loss_z:16.295063,accu:0.56962,loss_recon:0.044851

12800-loss_z:0.043691,accu:1.0,loss_recon:0.013125

12800-loss_z:16.634501,accu:0.531646,loss_recon:0.046604

13000-loss_z:0.041528,accu:1.0,loss_recon:0.01305

13000-loss_z:16.985338,accu:0.544304,loss_recon:0.045873

13200-loss_z:0.039762,accu:1.0,loss_recon:0.012932

13200-loss_z:17.284485,accu:0.544304,loss_recon:0.048221

13400-loss_z:0.037026,accu:1.0,loss_recon:0.012936

13400-loss_z:17.582615,accu:0.56962,loss_recon:0.045434

13600-loss_z:0.035022,accu:1.0,loss_recon:0.012719

13600-loss_z:17.873571,accu:0.544304,loss_recon:0.044026

13800-loss_z:0.032501,accu:1.0,loss_recon:0.012755

13800-loss_z:18.085585,accu:0.544304,loss_recon:0.044358

14000-loss_z:0.03136,accu:1.0,loss_recon:0.012634

14000-loss_z:18.356827,accu:0.56962,loss_recon:0.045426

14200-loss_z:0.029407,accu:1.0,loss_recon:0.012583

14200-loss_z:18.577936,accu:0.556962,loss_recon:0.045722

14400-loss_z:0.027293,accu:1.0,loss_recon:0.01251

14400-loss_z:18.895023,accu:0.544304,loss_recon:0.046061

14600-loss_z:0.02608,accu:1.0,loss_recon:0.012629

14600-loss_z:19.108917,accu:0.531646,loss_recon:0.044645

14800-loss_z:0.024285,accu:1.0,loss_recon:0.012436

14800-loss_z:19.342157,accu:0.544304,loss_recon:0.042914

15000-loss_z:0.022496,accu:1.0,loss_recon:0.012293

15000-loss_z:19.496855,accu:0.531646,loss_recon:0.044848

15200-loss_z:0.021732,accu:1.0,loss_recon:0.012172

15200-loss_z:19.747871,accu:0.544304,loss_recon:0.043565

15400-loss_z:0.020244,accu:1.0,loss_recon:0.012204

15400-loss_z:19.89698,accu:0.531646,loss_recon:0.042571

15600-loss_z:0.018984,accu:1.0,loss_recon:0.01225

15600-loss_z:20.030254,accu:0.544304,loss_recon:0.042042

15800-loss_z:0.017875,accu:1.0,loss_recon:0.012062

15800-loss_z:20.13463,accu:0.544304,loss_recon:0.042574

16000-loss_z:0.016807,accu:1.0,loss_recon:0.011921

16000-loss_z:20.250362,accu:0.506329,loss_recon:0.041052

16200-loss_z:0.015534,accu:1.0,loss_recon:0.012013

16200-loss_z:20.307016,accu:0.531646,loss_recon:0.044122

16400-loss_z:0.014607,accu:1.0,loss_recon:0.012069

16400-loss_z:20.443523,accu:0.531646,loss_recon:0.044202

16600-loss_z:0.013634,accu:1.0,loss_recon:0.012003

16600-loss_z:20.531506,accu:0.531646,loss_recon:0.042263

16800-loss_z:0.012894,accu:1.0,loss_recon:0.012001

16800-loss_z:20.610792,accu:0.544304,loss_recon:0.042474

17000-loss_z:0.011929,accu:1.0,loss_recon:0.01198

17000-loss_z:20.657732,accu:0.506329,loss_recon:0.043771

17200-loss_z:0.011195,accu:1.0,loss_recon:0.011949

17200-loss_z:20.698767,accu:0.518987,loss_recon:0.042666

17400-loss_z:0.010632,accu:1.0,loss_recon:0.011914

17400-loss_z:20.83626,accu:0.531646,loss_recon:0.042308

17600-loss_z:0.009829,accu:1.0,loss_recon:0.012067

17600-loss_z:20.977865,accu:0.531646,loss_recon:0.042555

17800-loss_z:0.009139,accu:1.0,loss_recon:0.011889

17800-loss_z:21.121803,accu:0.506329,loss_recon:0.044235

18000-loss_z:0.008495,accu:1.0,loss_recon:0.011809

18000-loss_z:21.314966,accu:0.506329,loss_recon:0.042089

18200-loss_z:0.007949,accu:1.0,loss_recon:0.011889

18200-loss_z:21.692492,accu:0.506329,loss_recon:0.043433

18400-loss_z:0.007419,accu:1.0,loss_recon:0.011916

18400-loss_z:22.041426,accu:0.506329,loss_recon:0.044083

18600-loss_z:0.007,accu:1.0,loss_recon:0.011823

18600-loss_z:22.452147,accu:0.518987,loss_recon:0.044699

18800-loss_z:0.006441,accu:1.0,loss_recon:0.011834

18800-loss_z:22.894321,accu:0.506329,loss_recon:0.042811

19000-loss_z:0.005951,accu:1.0,loss_recon:0.011724

19000-loss_z:23.346287,accu:0.506329,loss_recon:0.045807

19200-loss_z:0.005581,accu:1.0,loss_recon:0.011773

19200-loss_z:23.784407,accu:0.506329,loss_recon:0.044115

19400-loss_z:0.005196,accu:1.0,loss_recon:0.011716

19400-loss_z:24.275738,accu:0.506329,loss_recon:0.041636

19600-loss_z:0.004836,accu:1.0,loss_recon:0.011625

19600-loss_z:24.64259,accu:0.506329,loss_recon:0.041447

19800-loss_z:0.004473,accu:1.0,loss_recon:0.011579

19800-loss_z:25.065908,accu:0.518987,loss_recon:0.043422

20000-loss_z:0.004184,accu:1.0,loss_recon:0.01163

20000-loss_z:25.547878,accu:0.506329,loss_recon:0.04358

Continue training
New FC model is initialized
200-loss_z:2.491706,accu:0.215796,loss_recon:1.057099

200-loss_z:2.624131,accu:0.075949,loss_recon:0.442369

400-loss_z:1.812164,accu:0.356803,loss_recon:0.24508

400-loss_z:2.538731,accu:0.139241,loss_recon:0.257819

600-loss_z:1.513837,accu:0.483444,loss_recon:0.132277

600-loss_z:2.532047,accu:0.139241,loss_recon:0.170316

800-loss_z:1.316142,accu:0.567832,loss_recon:0.086089

800-loss_z:2.557684,accu:0.189873,loss_recon:0.1295

1000-loss_z:1.158369,accu:0.657702,loss_recon:0.062006

1000-loss_z:2.600357,accu:0.265823,loss_recon:0.111198

1200-loss_z:1.037013,accu:0.727878,loss_recon:0.052291

1200-loss_z:2.647851,accu:0.240506,loss_recon:0.101263

1400-loss_z:0.93545,accu:0.781081,loss_recon:0.046315

1400-loss_z:2.685462,accu:0.265823,loss_recon:0.09277

1600-loss_z:0.849442,accu:0.818587,loss_recon:0.041603

1600-loss_z:2.776081,accu:0.316456,loss_recon:0.086648

1800-loss_z:0.783144,accu:0.842969,loss_recon:0.038161

1800-loss_z:2.859543,accu:0.303797,loss_recon:0.088488

2000-loss_z:0.720914,accu:0.86696,loss_recon:0.035967

2000-loss_z:2.951725,accu:0.329114,loss_recon:0.085834

2200-loss_z:0.668052,accu:0.887565,loss_recon:0.032921

2200-loss_z:3.007982,accu:0.329114,loss_recon:0.086778

2400-loss_z:0.624099,accu:0.897546,loss_recon:0.030832

2400-loss_z:3.123746,accu:0.316456,loss_recon:0.084266

2600-loss_z:0.582999,accu:0.913327,loss_recon:0.02935

2600-loss_z:3.221485,accu:0.341772,loss_recon:0.084176

2800-loss_z:0.546523,accu:0.92153,loss_recon:0.027707

2800-loss_z:3.325395,accu:0.341772,loss_recon:0.081844

3000-loss_z:0.513756,accu:0.928796,loss_recon:0.026738

3000-loss_z:3.445914,accu:0.379747,loss_recon:0.081636

3200-loss_z:0.482538,accu:0.935957,loss_recon:0.026216

3200-loss_z:3.534649,accu:0.379747,loss_recon:0.080799

3400-loss_z:0.455641,accu:0.940026,loss_recon:0.025379

3400-loss_z:3.696582,accu:0.43038,loss_recon:0.080038

3600-loss_z:0.431139,accu:0.937962,loss_recon:0.024957

3600-loss_z:3.82695,accu:0.43038,loss_recon:0.076095

3800-loss_z:0.404107,accu:0.946934,loss_recon:0.024207

3800-loss_z:4.034803,accu:0.379747,loss_recon:0.074954

4000-loss_z:0.379778,accu:0.951172,loss_recon:0.024291

4000-loss_z:4.212076,accu:0.43038,loss_recon:0.072672

4200-loss_z:0.359139,accu:0.953092,loss_recon:0.022821

4200-loss_z:4.437063,accu:0.417722,loss_recon:0.069776

4400-loss_z:0.342518,accu:0.954434,loss_recon:0.022301

4400-loss_z:4.6275,accu:0.405063,loss_recon:0.069827

4600-loss_z:0.323368,accu:0.958535,loss_recon:0.022115

4600-loss_z:4.829276,accu:0.43038,loss_recon:0.067647

4800-loss_z:0.307326,accu:0.962259,loss_recon:0.021447

4800-loss_z:5.064842,accu:0.417722,loss_recon:0.066989

5000-loss_z:0.295628,accu:0.967617,loss_recon:0.020978

5000-loss_z:5.280761,accu:0.443038,loss_recon:0.064328

5200-loss_z:0.27632,accu:0.972474,loss_recon:0.020606

5200-loss_z:5.50774,accu:0.455696,loss_recon:0.064141

5400-loss_z:0.265749,accu:0.975111,loss_recon:0.019595

5400-loss_z:5.786003,accu:0.443038,loss_recon:0.062034

5600-loss_z:0.248315,accu:0.97916,loss_recon:0.019304

5600-loss_z:6.092575,accu:0.443038,loss_recon:0.062722

5800-loss_z:0.239763,accu:0.981165,loss_recon:0.018934

5800-loss_z:6.340666,accu:0.455696,loss_recon:0.063288

6000-loss_z:0.223348,accu:0.984303,loss_recon:0.018455

6000-loss_z:6.626795,accu:0.481013,loss_recon:0.061506

6200-loss_z:0.212573,accu:0.987467,loss_recon:0.018166

6200-loss_z:6.948825,accu:0.455696,loss_recon:0.062889

6400-loss_z:0.201056,accu:0.988464,loss_recon:0.017889

6400-loss_z:7.285797,accu:0.468354,loss_recon:0.063157

6600-loss_z:0.191342,accu:0.991986,loss_recon:0.017817

6600-loss_z:7.657767,accu:0.493671,loss_recon:0.061173

6800-loss_z:0.181672,accu:0.993561,loss_recon:0.017294

6800-loss_z:8.04599,accu:0.493671,loss_recon:0.062713

7000-loss_z:0.171893,accu:0.996061,loss_recon:0.017111

7000-loss_z:8.470069,accu:0.506329,loss_recon:0.063545

7200-loss_z:0.16128,accu:0.997207,loss_recon:0.017088

7200-loss_z:8.842146,accu:0.518987,loss_recon:0.062062

7400-loss_z:0.154631,accu:0.999297,loss_recon:0.016651

7400-loss_z:9.300759,accu:0.518987,loss_recon:0.062922

7600-loss_z:0.145242,accu:0.999258,loss_recon:0.016559

7600-loss_z:9.714411,accu:0.544304,loss_recon:0.061668

7800-loss_z:0.137847,accu:0.99974,loss_recon:0.016408

7800-loss_z:10.292293,accu:0.544304,loss_recon:0.062054

8000-loss_z:0.128751,accu:0.999694,loss_recon:0.016303

8000-loss_z:10.7175,accu:0.556962,loss_recon:0.059236

8200-loss_z:0.122637,accu:1.0,loss_recon:0.016348

8200-loss_z:11.28452,accu:0.544304,loss_recon:0.059964

8400-loss_z:0.116271,accu:0.999902,loss_recon:0.016004

8400-loss_z:11.835785,accu:0.556962,loss_recon:0.058951

8600-loss_z:0.109929,accu:1.0,loss_recon:0.015613

8600-loss_z:12.33909,accu:0.531646,loss_recon:0.060531

8800-loss_z:0.103331,accu:1.0,loss_recon:0.015751

8800-loss_z:13.013433,accu:0.531646,loss_recon:0.0594

9000-loss_z:0.097462,accu:1.0,loss_recon:0.015721

9000-loss_z:13.514922,accu:0.56962,loss_recon:0.05986

9200-loss_z:0.092432,accu:1.0,loss_recon:0.015339

9200-loss_z:14.193501,accu:0.556962,loss_recon:0.06012

9400-loss_z:0.087968,accu:1.0,loss_recon:0.015419

9400-loss_z:14.839939,accu:0.544304,loss_recon:0.059262

9600-loss_z:0.081838,accu:1.0,loss_recon:0.015228

9600-loss_z:15.436823,accu:0.556962,loss_recon:0.057749

9800-loss_z:0.077297,accu:1.0,loss_recon:0.01525

9800-loss_z:16.135658,accu:0.56962,loss_recon:0.05817

10000-loss_z:0.072249,accu:1.0,loss_recon:0.015299

10000-loss_z:16.788988,accu:0.56962,loss_recon:0.05758

10200-loss_z:0.068684,accu:1.0,loss_recon:0.015234

10200-loss_z:17.425808,accu:0.531646,loss_recon:0.057867

10400-loss_z:0.064609,accu:1.0,loss_recon:0.014964

10400-loss_z:18.173929,accu:0.531646,loss_recon:0.057853

10600-loss_z:0.0608,accu:1.0,loss_recon:0.01516

10600-loss_z:18.815804,accu:0.56962,loss_recon:0.056177

10800-loss_z:0.056449,accu:1.0,loss_recon:0.014965

10800-loss_z:19.571333,accu:0.506329,loss_recon:0.055706

11000-loss_z:0.052547,accu:1.0,loss_recon:0.014477

11000-loss_z:20.345236,accu:0.506329,loss_recon:0.053648

11200-loss_z:0.048993,accu:1.0,loss_recon:0.01442

11200-loss_z:21.023577,accu:0.544304,loss_recon:0.054381

11400-loss_z:0.045921,accu:1.0,loss_recon:0.014131

11400-loss_z:21.760273,accu:0.506329,loss_recon:0.057153

11600-loss_z:0.042392,accu:1.0,loss_recon:0.014172

11600-loss_z:22.546541,accu:0.518987,loss_recon:0.056085

11800-loss_z:0.040163,accu:1.0,loss_recon:0.013794

11800-loss_z:23.312521,accu:0.531646,loss_recon:0.056717

12000-loss_z:0.037407,accu:1.0,loss_recon:0.013695

12000-loss_z:24.144072,accu:0.518987,loss_recon:0.058781

12200-loss_z:0.034778,accu:1.0,loss_recon:0.013798

12200-loss_z:25.01025,accu:0.531646,loss_recon:0.059163

12400-loss_z:0.032642,accu:1.0,loss_recon:0.013791

12400-loss_z:25.887138,accu:0.531646,loss_recon:0.061223

12600-loss_z:0.030317,accu:1.0,loss_recon:0.013627

12600-loss_z:26.721157,accu:0.518987,loss_recon:0.060008

12800-loss_z:0.02813,accu:1.0,loss_recon:0.013432

12800-loss_z:27.6147,accu:0.531646,loss_recon:0.060252

13000-loss_z:0.026763,accu:1.0,loss_recon:0.013392

13000-loss_z:28.491844,accu:0.506329,loss_recon:0.06106

13200-loss_z:0.024306,accu:1.0,loss_recon:0.013154

13200-loss_z:29.334463,accu:0.518987,loss_recon:0.061795

13400-loss_z:0.022773,accu:1.0,loss_recon:0.013062

13400-loss_z:30.161316,accu:0.531646,loss_recon:0.063256

13600-loss_z:0.021077,accu:1.0,loss_recon:0.012634

13600-loss_z:31.052454,accu:0.531646,loss_recon:0.062959

13800-loss_z:0.019548,accu:1.0,loss_recon:0.012917

13800-loss_z:31.899355,accu:0.531646,loss_recon:0.062674

14000-loss_z:0.018386,accu:1.0,loss_recon:0.012577

14000-loss_z:32.736179,accu:0.518987,loss_recon:0.062249

14200-loss_z:0.017057,accu:1.0,loss_recon:0.012769

14200-loss_z:33.626957,accu:0.518987,loss_recon:0.064137

14400-loss_z:0.015813,accu:1.0,loss_recon:0.012888

14400-loss_z:34.437187,accu:0.531646,loss_recon:0.063736

14600-loss_z:0.014436,accu:1.0,loss_recon:0.01276

14600-loss_z:35.324097,accu:0.544304,loss_recon:0.068336

14800-loss_z:0.013622,accu:1.0,loss_recon:0.012639

14800-loss_z:36.150555,accu:0.544304,loss_recon:0.06499

15000-loss_z:0.012645,accu:1.0,loss_recon:0.012653

15000-loss_z:37.042667,accu:0.518987,loss_recon:0.063557

15200-loss_z:0.011568,accu:1.0,loss_recon:0.012425

15200-loss_z:37.897358,accu:0.544304,loss_recon:0.065181

15400-loss_z:0.010697,accu:1.0,loss_recon:0.012511

15400-loss_z:38.70002,accu:0.531646,loss_recon:0.064082

15600-loss_z:0.00995,accu:1.0,loss_recon:0.012445

15600-loss_z:39.45697,accu:0.544304,loss_recon:0.066207

15800-loss_z:0.009147,accu:1.0,loss_recon:0.012363

15800-loss_z:40.161163,accu:0.531646,loss_recon:0.065111

16000-loss_z:0.008391,accu:1.0,loss_recon:0.01236

16000-loss_z:40.789135,accu:0.544304,loss_recon:0.066201

16200-loss_z:0.007745,accu:1.0,loss_recon:0.012475

16200-loss_z:41.433998,accu:0.518987,loss_recon:0.064593

16400-loss_z:0.007233,accu:1.0,loss_recon:0.012724

16400-loss_z:42.063602,accu:0.544304,loss_recon:0.066255

16600-loss_z:0.006601,accu:1.0,loss_recon:0.012309

16600-loss_z:42.727955,accu:0.556962,loss_recon:0.066742

16800-loss_z:0.006136,accu:1.0,loss_recon:0.012438

16800-loss_z:43.349724,accu:0.556962,loss_recon:0.065005

17000-loss_z:0.00559,accu:1.0,loss_recon:0.012502

17000-loss_z:44.027302,accu:0.544304,loss_recon:0.066456

17200-loss_z:0.005209,accu:1.0,loss_recon:0.012299

17200-loss_z:44.618984,accu:0.531646,loss_recon:0.0658

17400-loss_z:0.004783,accu:1.0,loss_recon:0.012357

17400-loss_z:45.104412,accu:0.544304,loss_recon:0.06549

17600-loss_z:0.004475,accu:1.0,loss_recon:0.012648

17600-loss_z:45.624496,accu:0.556962,loss_recon:0.065054

17800-loss_z:0.004051,accu:1.0,loss_recon:0.012012

17800-loss_z:46.258354,accu:0.518987,loss_recon:0.065557

18000-loss_z:0.003678,accu:1.0,loss_recon:0.012541

18000-loss_z:46.765713,accu:0.544304,loss_recon:0.068832

18200-loss_z:0.003423,accu:1.0,loss_recon:0.012398

18200-loss_z:47.43845,accu:0.531646,loss_recon:0.065793

18400-loss_z:0.003087,accu:1.0,loss_recon:0.012354

18400-loss_z:47.950413,accu:0.531646,loss_recon:0.065386

18600-loss_z:0.002856,accu:1.0,loss_recon:0.012179

18600-loss_z:48.571865,accu:0.556962,loss_recon:0.067495

18800-loss_z:0.002618,accu:1.0,loss_recon:0.012174

18800-loss_z:49.252014,accu:0.544304,loss_recon:0.066052

19000-loss_z:0.002386,accu:1.0,loss_recon:0.012228

19000-loss_z:49.940907,accu:0.544304,loss_recon:0.066902

19200-loss_z:0.002173,accu:1.0,loss_recon:0.012191

19200-loss_z:50.75341,accu:0.544304,loss_recon:0.067282

19400-loss_z:0.002012,accu:1.0,loss_recon:0.012371

19400-loss_z:51.53912,accu:0.544304,loss_recon:0.066973

19600-loss_z:0.00183,accu:1.0,loss_recon:0.012155

19600-loss_z:52.403522,accu:0.556962,loss_recon:0.067657

19800-loss_z:0.001672,accu:1.0,loss_recon:0.012196

19800-loss_z:53.27013,accu:0.531646,loss_recon:0.066731

20000-loss_z:0.00154,accu:1.0,loss_recon:0.012459

20000-loss_z:54.215729,accu:0.556962,loss_recon:0.065088

Continue training
New FC model is initialized
200-loss_z:2.598294,accu:0.16186,loss_recon:1.138885

200-loss_z:2.691129,accu:0.101266,loss_recon:0.682384

400-loss_z:1.914902,accu:0.360651,loss_recon:0.331058

400-loss_z:2.653027,accu:0.126582,loss_recon:0.268027

600-loss_z:1.577142,accu:0.45123,loss_recon:0.12996

600-loss_z:2.705685,accu:0.151899,loss_recon:0.133915

800-loss_z:1.359918,accu:0.598249,loss_recon:0.079219

800-loss_z:2.773874,accu:0.265823,loss_recon:0.087742

1000-loss_z:1.194796,accu:0.661595,loss_recon:0.054779

1000-loss_z:2.876327,accu:0.316456,loss_recon:0.068829

1200-loss_z:1.068235,accu:0.724408,loss_recon:0.042508

1200-loss_z:2.983227,accu:0.253165,loss_recon:0.055151

1400-loss_z:0.964999,accu:0.766556,loss_recon:0.035289

1400-loss_z:3.096414,accu:0.316456,loss_recon:0.047164

1600-loss_z:0.881135,accu:0.789792,loss_recon:0.029705

1600-loss_z:3.18958,accu:0.316456,loss_recon:0.038998

1800-loss_z:0.813791,accu:0.820501,loss_recon:0.026755

1800-loss_z:3.305764,accu:0.341772,loss_recon:0.03631

2000-loss_z:0.747745,accu:0.852012,loss_recon:0.024637

2000-loss_z:3.426738,accu:0.341772,loss_recon:0.034372

2200-loss_z:0.695953,accu:0.882663,loss_recon:0.023155

2200-loss_z:3.542433,accu:0.367089,loss_recon:0.031862

2400-loss_z:0.649403,accu:0.90293,loss_recon:0.021346

2400-loss_z:3.67445,accu:0.341772,loss_recon:0.030741

2600-loss_z:0.606711,accu:0.917454,loss_recon:0.020109

2600-loss_z:3.749028,accu:0.417722,loss_recon:0.030063

2800-loss_z:0.572719,accu:0.925846,loss_recon:0.019463

2800-loss_z:3.887704,accu:0.367089,loss_recon:0.030855

3000-loss_z:0.536928,accu:0.929609,loss_recon:0.019094

3000-loss_z:3.979466,accu:0.417722,loss_recon:0.030021

3200-loss_z:0.5055,accu:0.935026,loss_recon:0.018289

3200-loss_z:4.094932,accu:0.443038,loss_recon:0.029212

3400-loss_z:0.476121,accu:0.949622,loss_recon:0.018236

3400-loss_z:4.230291,accu:0.443038,loss_recon:0.03019

3600-loss_z:0.448143,accu:0.952031,loss_recon:0.017615

3600-loss_z:4.333671,accu:0.405063,loss_recon:0.028603

3800-loss_z:0.426552,accu:0.954531,loss_recon:0.017607

3800-loss_z:4.455115,accu:0.417722,loss_recon:0.02951

4000-loss_z:0.404721,accu:0.956315,loss_recon:0.017409

4000-loss_z:4.619458,accu:0.405063,loss_recon:0.029899

4200-loss_z:0.383312,accu:0.959063,loss_recon:0.017124

4200-loss_z:4.750922,accu:0.455696,loss_recon:0.028588

4400-loss_z:0.367718,accu:0.95903,loss_recon:0.017175

4400-loss_z:4.922079,accu:0.417722,loss_recon:0.030222

4600-loss_z:0.345363,accu:0.962096,loss_recon:0.016969

4600-loss_z:5.104109,accu:0.43038,loss_recon:0.030305

4800-loss_z:0.329534,accu:0.965143,loss_recon:0.016632

4800-loss_z:5.237265,accu:0.417722,loss_recon:0.029811

5000-loss_z:0.31533,accu:0.968542,loss_recon:0.016705

5000-loss_z:5.422908,accu:0.455696,loss_recon:0.029179

5200-loss_z:0.302976,accu:0.965716,loss_recon:0.016454

5200-loss_z:5.622796,accu:0.455696,loss_recon:0.029553

5400-loss_z:0.284644,accu:0.97166,loss_recon:0.016191

5400-loss_z:5.785888,accu:0.518987,loss_recon:0.029666

5600-loss_z:0.272897,accu:0.968079,loss_recon:0.016105

5600-loss_z:5.955789,accu:0.493671,loss_recon:0.029771

5800-loss_z:0.260923,accu:0.970228,loss_recon:0.015988

5800-loss_z:6.103763,accu:0.455696,loss_recon:0.030049

6000-loss_z:0.247179,accu:0.973503,loss_recon:0.016027

6000-loss_z:6.276124,accu:0.443038,loss_recon:0.029321

6200-loss_z:0.237618,accu:0.97179,loss_recon:0.016165

6200-loss_z:6.41832,accu:0.455696,loss_recon:0.030012

6400-loss_z:0.228411,accu:0.975124,loss_recon:0.015819

6400-loss_z:6.582677,accu:0.481013,loss_recon:0.030204

6600-loss_z:0.219307,accu:0.977982,loss_recon:0.01556

6600-loss_z:6.744134,accu:0.518987,loss_recon:0.030151

6800-loss_z:0.209038,accu:0.981263,loss_recon:0.015572

6800-loss_z:6.921548,accu:0.493671,loss_recon:0.030212

7000-loss_z:0.198626,accu:0.982103,loss_recon:0.015752

7000-loss_z:7.084361,accu:0.468354,loss_recon:0.029657

7200-loss_z:0.192677,accu:0.985117,loss_recon:0.015503

7200-loss_z:7.219412,accu:0.506329,loss_recon:0.030143

7400-loss_z:0.185048,accu:0.985612,loss_recon:0.015655

7400-loss_z:7.47153,accu:0.493671,loss_recon:0.030763

7600-loss_z:0.173668,accu:0.987754,loss_recon:0.015577

7600-loss_z:7.594403,accu:0.506329,loss_recon:0.029955

7800-loss_z:0.165364,accu:0.991693,loss_recon:0.015365

7800-loss_z:7.763504,accu:0.506329,loss_recon:0.030557

8000-loss_z:0.157984,accu:0.992682,loss_recon:0.015503

8000-loss_z:7.906219,accu:0.493671,loss_recon:0.030427

8200-loss_z:0.152446,accu:0.994661,loss_recon:0.015267

8200-loss_z:8.104614,accu:0.506329,loss_recon:0.031315

8400-loss_z:0.146536,accu:0.995547,loss_recon:0.0154

8400-loss_z:8.27815,accu:0.481013,loss_recon:0.031158

8600-loss_z:0.139959,accu:0.996315,loss_recon:0.015395

8600-loss_z:8.443463,accu:0.481013,loss_recon:0.030249

8800-loss_z:0.133805,accu:0.998034,loss_recon:0.015232

8800-loss_z:8.640433,accu:0.493671,loss_recon:0.031066

9000-loss_z:0.126721,accu:0.996895,loss_recon:0.015517

9000-loss_z:8.843211,accu:0.506329,loss_recon:0.03026

9200-loss_z:0.122927,accu:0.998112,loss_recon:0.015475

9200-loss_z:9.020795,accu:0.493671,loss_recon:0.030746

9400-loss_z:0.115748,accu:0.999531,loss_recon:0.015112

9400-loss_z:9.186158,accu:0.506329,loss_recon:0.03098

9600-loss_z:0.109764,accu:0.999902,loss_recon:0.01509

9600-loss_z:9.405299,accu:0.493671,loss_recon:0.031154

9800-loss_z:0.106646,accu:0.999863,loss_recon:0.015332

9800-loss_z:9.5635,accu:0.493671,loss_recon:0.031734

10000-loss_z:0.099111,accu:1.0,loss_recon:0.015205

10000-loss_z:9.724566,accu:0.518987,loss_recon:0.030949

10200-loss_z:0.096272,accu:1.0,loss_recon:0.015182

10200-loss_z:9.945756,accu:0.506329,loss_recon:0.031072

10400-loss_z:0.091937,accu:0.999961,loss_recon:0.015459

10400-loss_z:10.118074,accu:0.506329,loss_recon:0.030007

10600-loss_z:0.087139,accu:1.0,loss_recon:0.015118

10600-loss_z:10.30882,accu:0.506329,loss_recon:0.030117

10800-loss_z:0.083255,accu:1.0,loss_recon:0.015125

10800-loss_z:10.484979,accu:0.493671,loss_recon:0.031242

11000-loss_z:0.078287,accu:1.0,loss_recon:0.015111

11000-loss_z:10.719365,accu:0.506329,loss_recon:0.031215

11200-loss_z:0.073799,accu:1.0,loss_recon:0.015409

11200-loss_z:10.922242,accu:0.506329,loss_recon:0.030761

11400-loss_z:0.069794,accu:1.0,loss_recon:0.015198

11400-loss_z:11.101532,accu:0.506329,loss_recon:0.030589

11600-loss_z:0.065676,accu:1.0,loss_recon:0.015103

11600-loss_z:11.304091,accu:0.493671,loss_recon:0.03127

11800-loss_z:0.062146,accu:1.0,loss_recon:0.015097

11800-loss_z:11.501984,accu:0.506329,loss_recon:0.030678

12000-loss_z:0.05939,accu:1.0,loss_recon:0.015216

12000-loss_z:11.634813,accu:0.518987,loss_recon:0.031143

12200-loss_z:0.054255,accu:1.0,loss_recon:0.0152

12200-loss_z:11.802682,accu:0.493671,loss_recon:0.030959

12400-loss_z:0.052693,accu:1.0,loss_recon:0.015178

12400-loss_z:12.01799,accu:0.506329,loss_recon:0.031628

12600-loss_z:0.048949,accu:1.0,loss_recon:0.014839

12600-loss_z:12.15906,accu:0.493671,loss_recon:0.031253

12800-loss_z:0.045132,accu:1.0,loss_recon:0.015051

12800-loss_z:12.335681,accu:0.518987,loss_recon:0.031445

13000-loss_z:0.043506,accu:1.0,loss_recon:0.015209

13000-loss_z:12.476259,accu:0.518987,loss_recon:0.031756

13200-loss_z:0.040403,accu:1.0,loss_recon:0.015072

13200-loss_z:12.645095,accu:0.518987,loss_recon:0.030872

13400-loss_z:0.038084,accu:1.0,loss_recon:0.014939

13400-loss_z:12.83493,accu:0.531646,loss_recon:0.031968

13600-loss_z:0.03529,accu:1.0,loss_recon:0.015156

13600-loss_z:13.005737,accu:0.518987,loss_recon:0.032042

13800-loss_z:0.033788,accu:1.0,loss_recon:0.015021

13800-loss_z:13.215922,accu:0.531646,loss_recon:0.031112

14000-loss_z:0.031504,accu:1.0,loss_recon:0.015039

14000-loss_z:13.425604,accu:0.531646,loss_recon:0.031824

14200-loss_z:0.029598,accu:1.0,loss_recon:0.014932

14200-loss_z:13.570768,accu:0.531646,loss_recon:0.030896

14400-loss_z:0.027563,accu:1.0,loss_recon:0.014988

14400-loss_z:13.794354,accu:0.518987,loss_recon:0.031532

14600-loss_z:0.025907,accu:1.0,loss_recon:0.014872

14600-loss_z:14.012633,accu:0.531646,loss_recon:0.032552

14800-loss_z:0.024377,accu:1.0,loss_recon:0.014766

14800-loss_z:14.194318,accu:0.531646,loss_recon:0.031454

15000-loss_z:0.022577,accu:1.0,loss_recon:0.01484

15000-loss_z:14.435988,accu:0.506329,loss_recon:0.031176

15200-loss_z:0.021012,accu:1.0,loss_recon:0.01485

15200-loss_z:14.661312,accu:0.493671,loss_recon:0.031538

15400-loss_z:0.01993,accu:1.0,loss_recon:0.014679

15400-loss_z:14.903297,accu:0.531646,loss_recon:0.03179

15600-loss_z:0.018324,accu:1.0,loss_recon:0.01487

15600-loss_z:15.185876,accu:0.531646,loss_recon:0.030981

15800-loss_z:0.017316,accu:1.0,loss_recon:0.014884

15800-loss_z:15.417493,accu:0.493671,loss_recon:0.031173

16000-loss_z:0.016504,accu:1.0,loss_recon:0.014811

16000-loss_z:15.701722,accu:0.493671,loss_recon:0.031032

16200-loss_z:0.015333,accu:1.0,loss_recon:0.014873

16200-loss_z:15.960492,accu:0.506329,loss_recon:0.030927

16400-loss_z:0.014288,accu:1.0,loss_recon:0.014688

16400-loss_z:16.27655,accu:0.506329,loss_recon:0.031458

16600-loss_z:0.013204,accu:1.0,loss_recon:0.014802

16600-loss_z:16.550783,accu:0.481013,loss_recon:0.031219

16800-loss_z:0.012297,accu:1.0,loss_recon:0.014569

16800-loss_z:16.854944,accu:0.518987,loss_recon:0.031076

17000-loss_z:0.011583,accu:1.0,loss_recon:0.014738

17000-loss_z:17.123274,accu:0.531646,loss_recon:0.031321

17200-loss_z:0.010765,accu:1.0,loss_recon:0.014766

17200-loss_z:17.473238,accu:0.506329,loss_recon:0.031108

17400-loss_z:0.010073,accu:1.0,loss_recon:0.014745

17400-loss_z:17.778002,accu:0.531646,loss_recon:0.032634

17600-loss_z:0.009285,accu:1.0,loss_recon:0.014835

17600-loss_z:18.103642,accu:0.531646,loss_recon:0.031538

17800-loss_z:0.008636,accu:1.0,loss_recon:0.014685

17800-loss_z:18.434839,accu:0.531646,loss_recon:0.031245

18000-loss_z:0.007946,accu:1.0,loss_recon:0.01506

18000-loss_z:18.770742,accu:0.531646,loss_recon:0.032299

18200-loss_z:0.007552,accu:1.0,loss_recon:0.01483

18200-loss_z:19.13512,accu:0.544304,loss_recon:0.031694

18400-loss_z:0.006944,accu:1.0,loss_recon:0.014619

18400-loss_z:19.425024,accu:0.531646,loss_recon:0.031029

18600-loss_z:0.006305,accu:1.0,loss_recon:0.01474

18600-loss_z:19.777153,accu:0.544304,loss_recon:0.03138

18800-loss_z:0.006017,accu:1.0,loss_recon:0.014807

18800-loss_z:20.101072,accu:0.531646,loss_recon:0.031513

19000-loss_z:0.005508,accu:1.0,loss_recon:0.014766

19000-loss_z:20.432688,accu:0.518987,loss_recon:0.03188

19200-loss_z:0.005108,accu:1.0,loss_recon:0.014768

19200-loss_z:20.822384,accu:0.531646,loss_recon:0.031872

19400-loss_z:0.004788,accu:1.0,loss_recon:0.014728

19400-loss_z:21.1469,accu:0.531646,loss_recon:0.032093

19600-loss_z:0.004398,accu:1.0,loss_recon:0.014779

19600-loss_z:21.524801,accu:0.531646,loss_recon:0.031932

19800-loss_z:0.004036,accu:1.0,loss_recon:0.014801

19800-loss_z:21.85475,accu:0.518987,loss_recon:0.031647

20000-loss_z:0.003767,accu:1.0,loss_recon:0.014877

20000-loss_z:22.220984,accu:0.531646,loss_recon:0.032732

Continue training
New FC model is initialized
200-loss_z:2.608961,accu:0.169161,loss_recon:1.084821

200-loss_z:2.614991,accu:0.101266,loss_recon:0.503193

400-loss_z:1.882152,accu:0.354121,loss_recon:0.281464

400-loss_z:2.469269,accu:0.164557,loss_recon:0.204713

600-loss_z:1.557058,accu:0.448099,loss_recon:0.119483

600-loss_z:2.491893,accu:0.202532,loss_recon:0.125009

800-loss_z:1.357321,accu:0.547454,loss_recon:0.076288

800-loss_z:2.534802,accu:0.227848,loss_recon:0.098715

1000-loss_z:1.208026,accu:0.62373,loss_recon:0.060903

1000-loss_z:2.620434,accu:0.291139,loss_recon:0.092215

1200-loss_z:1.092901,accu:0.690736,loss_recon:0.051901

1200-loss_z:2.67931,accu:0.303797,loss_recon:0.083644

1400-loss_z:0.989957,accu:0.758522,loss_recon:0.043611

1400-loss_z:2.800032,accu:0.341772,loss_recon:0.07568

1600-loss_z:0.904901,accu:0.789342,loss_recon:0.038902

1600-loss_z:2.907693,accu:0.341772,loss_recon:0.069751

1800-loss_z:0.832343,accu:0.815391,loss_recon:0.035323

1800-loss_z:3.023464,accu:0.35443,loss_recon:0.063522

2000-loss_z:0.768703,accu:0.841875,loss_recon:0.032522

2000-loss_z:3.137526,accu:0.379747,loss_recon:0.059896

2200-loss_z:0.716816,accu:0.862461,loss_recon:0.030632

2200-loss_z:3.246202,accu:0.392405,loss_recon:0.058224

2400-loss_z:0.665074,accu:0.872728,loss_recon:0.029068

2400-loss_z:3.381039,accu:0.392405,loss_recon:0.054577

2600-loss_z:0.623292,accu:0.893145,loss_recon:0.028252

2600-loss_z:3.515202,accu:0.392405,loss_recon:0.052251

2800-loss_z:0.580751,accu:0.914225,loss_recon:0.027212

2800-loss_z:3.651898,accu:0.405063,loss_recon:0.052621

3000-loss_z:0.541973,accu:0.928223,loss_recon:0.025938

3000-loss_z:3.79235,accu:0.405063,loss_recon:0.049658

3200-loss_z:0.507066,accu:0.935456,loss_recon:0.024943

3200-loss_z:3.91034,accu:0.417722,loss_recon:0.049704

3400-loss_z:0.47823,accu:0.941471,loss_recon:0.023926

3400-loss_z:4.038005,accu:0.405063,loss_recon:0.048457

3600-loss_z:0.445449,accu:0.94388,loss_recon:0.023205

3600-loss_z:4.156993,accu:0.417722,loss_recon:0.046947

3800-loss_z:0.419459,accu:0.954844,loss_recon:0.0228

3800-loss_z:4.299286,accu:0.455696,loss_recon:0.046575

4000-loss_z:0.394138,accu:0.961777,loss_recon:0.022097

4000-loss_z:4.44704,accu:0.455696,loss_recon:0.044397

4200-loss_z:0.372808,accu:0.966139,loss_recon:0.021898

4200-loss_z:4.594421,accu:0.455696,loss_recon:0.043309

4400-loss_z:0.350077,accu:0.96875,loss_recon:0.021025

4400-loss_z:4.788023,accu:0.468354,loss_recon:0.044088

4600-loss_z:0.330982,accu:0.970443,loss_recon:0.020907

4600-loss_z:4.96539,accu:0.481013,loss_recon:0.042114

4800-loss_z:0.311457,accu:0.97429,loss_recon:0.020561

4800-loss_z:5.161909,accu:0.481013,loss_recon:0.042174

5000-loss_z:0.293369,accu:0.977702,loss_recon:0.020196

5000-loss_z:5.352708,accu:0.481013,loss_recon:0.039618

5200-loss_z:0.27671,accu:0.980833,loss_recon:0.019753

5200-loss_z:5.577073,accu:0.493671,loss_recon:0.039645

5400-loss_z:0.261748,accu:0.982806,loss_recon:0.019858

5400-loss_z:5.777623,accu:0.481013,loss_recon:0.039876

5600-loss_z:0.247541,accu:0.986315,loss_recon:0.019424

5600-loss_z:5.974551,accu:0.518987,loss_recon:0.039238

5800-loss_z:0.235643,accu:0.986751,loss_recon:0.019026

5800-loss_z:6.189805,accu:0.506329,loss_recon:0.038095

6000-loss_z:0.221251,accu:0.989766,loss_recon:0.018765

6000-loss_z:6.366148,accu:0.518987,loss_recon:0.040041

6200-loss_z:0.211421,accu:0.989902,loss_recon:0.018928

6200-loss_z:6.537433,accu:0.506329,loss_recon:0.037419

6400-loss_z:0.197339,accu:0.993594,loss_recon:0.018753

6400-loss_z:6.730834,accu:0.518987,loss_recon:0.036852

6600-loss_z:0.187077,accu:0.996641,loss_recon:0.018421

6600-loss_z:6.894248,accu:0.518987,loss_recon:0.03743

6800-loss_z:0.176898,accu:0.998307,loss_recon:0.018655

6800-loss_z:7.027066,accu:0.531646,loss_recon:0.037584

7000-loss_z:0.165952,accu:0.998073,loss_recon:0.018521

7000-loss_z:7.175849,accu:0.518987,loss_recon:0.036777

7200-loss_z:0.157932,accu:0.998763,loss_recon:0.018348

7200-loss_z:7.365573,accu:0.531646,loss_recon:0.035859

7400-loss_z:0.149064,accu:0.999499,loss_recon:0.018034

7400-loss_z:7.497617,accu:0.56962,loss_recon:0.035167

7600-loss_z:0.141686,accu:0.999896,loss_recon:0.017963

7600-loss_z:7.709939,accu:0.518987,loss_recon:0.034778

7800-loss_z:0.132346,accu:1.0,loss_recon:0.018131

7800-loss_z:7.926482,accu:0.518987,loss_recon:0.035484

8000-loss_z:0.123781,accu:1.0,loss_recon:0.017544

8000-loss_z:8.1376,accu:0.518987,loss_recon:0.035267

8200-loss_z:0.118382,accu:1.0,loss_recon:0.017607

8200-loss_z:8.354102,accu:0.506329,loss_recon:0.034014

8400-loss_z:0.110693,accu:1.0,loss_recon:0.017261

8400-loss_z:8.515699,accu:0.556962,loss_recon:0.034543

8600-loss_z:0.104642,accu:1.0,loss_recon:0.017288

8600-loss_z:8.68632,accu:0.56962,loss_recon:0.034201

8800-loss_z:0.099277,accu:1.0,loss_recon:0.016781

8800-loss_z:8.845201,accu:0.556962,loss_recon:0.034123

9000-loss_z:0.092347,accu:1.0,loss_recon:0.016997

9000-loss_z:8.963832,accu:0.518987,loss_recon:0.034696

9200-loss_z:0.086778,accu:1.0,loss_recon:0.016873

9200-loss_z:9.182565,accu:0.531646,loss_recon:0.035456

9400-loss_z:0.08164,accu:1.0,loss_recon:0.016906

9400-loss_z:9.347931,accu:0.531646,loss_recon:0.034947

9600-loss_z:0.075289,accu:1.0,loss_recon:0.016646

9600-loss_z:9.569285,accu:0.556962,loss_recon:0.033683

9800-loss_z:0.070665,accu:1.0,loss_recon:0.016631

9800-loss_z:9.748713,accu:0.518987,loss_recon:0.034455

10000-loss_z:0.065924,accu:1.0,loss_recon:0.01669

10000-loss_z:9.95134,accu:0.544304,loss_recon:0.035802

10200-loss_z:0.061824,accu:1.0,loss_recon:0.016581

10200-loss_z:10.142654,accu:0.518987,loss_recon:0.03532

10400-loss_z:0.058395,accu:1.0,loss_recon:0.016642

10400-loss_z:10.422333,accu:0.544304,loss_recon:0.03499

10600-loss_z:0.053915,accu:1.0,loss_recon:0.016476

10600-loss_z:10.764171,accu:0.531646,loss_recon:0.035114

10800-loss_z:0.050321,accu:1.0,loss_recon:0.016442

10800-loss_z:11.29146,accu:0.531646,loss_recon:0.035343

11000-loss_z:0.047213,accu:1.0,loss_recon:0.0162

11000-loss_z:11.879991,accu:0.544304,loss_recon:0.034898

11200-loss_z:0.04357,accu:1.0,loss_recon:0.016403

11200-loss_z:12.505033,accu:0.544304,loss_recon:0.036202

11400-loss_z:0.040511,accu:1.0,loss_recon:0.016233

11400-loss_z:13.138645,accu:0.544304,loss_recon:0.034626

11600-loss_z:0.038191,accu:1.0,loss_recon:0.016043

11600-loss_z:13.672059,accu:0.556962,loss_recon:0.033314

11800-loss_z:0.035389,accu:1.0,loss_recon:0.016196

11800-loss_z:14.281873,accu:0.544304,loss_recon:0.035304

12000-loss_z:0.032852,accu:1.0,loss_recon:0.016147

12000-loss_z:14.903086,accu:0.544304,loss_recon:0.035229

12200-loss_z:0.030515,accu:1.0,loss_recon:0.016031

12200-loss_z:15.474667,accu:0.544304,loss_recon:0.035777

12400-loss_z:0.028451,accu:1.0,loss_recon:0.016111

12400-loss_z:16.07283,accu:0.544304,loss_recon:0.035632

12600-loss_z:0.026295,accu:1.0,loss_recon:0.015963

12600-loss_z:16.612667,accu:0.544304,loss_recon:0.035157

12800-loss_z:0.024294,accu:1.0,loss_recon:0.015973

12800-loss_z:17.104574,accu:0.544304,loss_recon:0.036001

13000-loss_z:0.022665,accu:1.0,loss_recon:0.015716

13000-loss_z:17.547693,accu:0.544304,loss_recon:0.0364

13200-loss_z:0.021026,accu:1.0,loss_recon:0.015627

13200-loss_z:18.128101,accu:0.544304,loss_recon:0.036553

13400-loss_z:0.019481,accu:1.0,loss_recon:0.015831

13400-loss_z:18.563969,accu:0.556962,loss_recon:0.036369

13600-loss_z:0.018039,accu:1.0,loss_recon:0.015443

13600-loss_z:18.990759,accu:0.544304,loss_recon:0.037096

13800-loss_z:0.016738,accu:1.0,loss_recon:0.015433

13800-loss_z:19.444187,accu:0.544304,loss_recon:0.038005

14000-loss_z:0.015368,accu:1.0,loss_recon:0.015355

14000-loss_z:19.857336,accu:0.544304,loss_recon:0.037905

14200-loss_z:0.014001,accu:1.0,loss_recon:0.015418

14200-loss_z:20.374527,accu:0.556962,loss_recon:0.036962

14400-loss_z:0.013196,accu:1.0,loss_recon:0.015475

14400-loss_z:20.93347,accu:0.556962,loss_recon:0.036447

14600-loss_z:0.01221,accu:1.0,loss_recon:0.015266

14600-loss_z:21.733673,accu:0.544304,loss_recon:0.03742

14800-loss_z:0.011174,accu:1.0,loss_recon:0.015356

14800-loss_z:22.809999,accu:0.556962,loss_recon:0.037275

15000-loss_z:0.010446,accu:1.0,loss_recon:0.015145

15000-loss_z:23.999857,accu:0.556962,loss_recon:0.037208

15200-loss_z:0.009474,accu:1.0,loss_recon:0.015461

15200-loss_z:25.293272,accu:0.556962,loss_recon:0.037164

15400-loss_z:0.008918,accu:1.0,loss_recon:0.015304

15400-loss_z:26.455084,accu:0.544304,loss_recon:0.038239

15600-loss_z:0.008082,accu:1.0,loss_recon:0.015393

15600-loss_z:27.663948,accu:0.544304,loss_recon:0.036922

15800-loss_z:0.007538,accu:1.0,loss_recon:0.015349

15800-loss_z:28.702951,accu:0.556962,loss_recon:0.036861

16000-loss_z:0.006851,accu:1.0,loss_recon:0.015127

16000-loss_z:30.052544,accu:0.544304,loss_recon:0.037644

16200-loss_z:0.006414,accu:1.0,loss_recon:0.015216

16200-loss_z:31.154131,accu:0.531646,loss_recon:0.037426

16400-loss_z:0.005899,accu:1.0,loss_recon:0.015328

16400-loss_z:32.253139,accu:0.544304,loss_recon:0.037764

16600-loss_z:0.005457,accu:1.0,loss_recon:0.014898

16600-loss_z:32.987389,accu:0.544304,loss_recon:0.037018

16800-loss_z:0.005107,accu:1.0,loss_recon:0.014904

16800-loss_z:33.669895,accu:0.531646,loss_recon:0.037014

17000-loss_z:0.004601,accu:1.0,loss_recon:0.014906

17000-loss_z:34.281788,accu:0.544304,loss_recon:0.037254

17200-loss_z:0.004251,accu:1.0,loss_recon:0.015051

17200-loss_z:34.870155,accu:0.531646,loss_recon:0.038082

17400-loss_z:0.003876,accu:1.0,loss_recon:0.014703

17400-loss_z:35.414722,accu:0.556962,loss_recon:0.036052

17600-loss_z:0.00354,accu:1.0,loss_recon:0.015028

17600-loss_z:35.872715,accu:0.544304,loss_recon:0.037836

17800-loss_z:0.00332,accu:1.0,loss_recon:0.014726

17800-loss_z:36.487946,accu:0.544304,loss_recon:0.036919

18000-loss_z:0.003058,accu:1.0,loss_recon:0.014824

18000-loss_z:37.016415,accu:0.556962,loss_recon:0.037286

18200-loss_z:0.002764,accu:1.0,loss_recon:0.014899

18200-loss_z:37.532719,accu:0.556962,loss_recon:0.037737

18400-loss_z:0.002543,accu:1.0,loss_recon:0.014873

18400-loss_z:37.965305,accu:0.556962,loss_recon:0.037868

18600-loss_z:0.002346,accu:1.0,loss_recon:0.014806

18600-loss_z:38.443611,accu:0.56962,loss_recon:0.036848

18800-loss_z:0.002133,accu:1.0,loss_recon:0.014778

18800-loss_z:38.955311,accu:0.56962,loss_recon:0.03721

19000-loss_z:0.00194,accu:1.0,loss_recon:0.01493

19000-loss_z:39.469337,accu:0.556962,loss_recon:0.036718

19200-loss_z:0.001826,accu:1.0,loss_recon:0.014916

19200-loss_z:39.93821,accu:0.556962,loss_recon:0.038531

19400-loss_z:0.001669,accu:1.0,loss_recon:0.01493

19400-loss_z:40.456127,accu:0.556962,loss_recon:0.036972

19600-loss_z:0.001498,accu:1.0,loss_recon:0.014824

19600-loss_z:40.90551,accu:0.544304,loss_recon:0.038348

19800-loss_z:0.001396,accu:1.0,loss_recon:0.014657

19800-loss_z:41.424072,accu:0.56962,loss_recon:0.039311

20000-loss_z:0.001275,accu:1.0,loss_recon:0.014772

20000-loss_z:41.956585,accu:0.556962,loss_recon:0.037324

Continue training
New FC model is initialized
200-loss_z:2.570139,accu:0.173015,loss_recon:1.44506

200-loss_z:2.486012,accu:0.101266,loss_recon:0.727074

400-loss_z:1.82672,accu:0.371341,loss_recon:0.456735

400-loss_z:2.356539,accu:0.151899,loss_recon:0.358122

600-loss_z:1.506384,accu:0.497975,loss_recon:0.244187

600-loss_z:2.316207,accu:0.21519,loss_recon:0.280089

800-loss_z:1.300229,accu:0.587513,loss_recon:0.186248

800-loss_z:2.303442,accu:0.227848,loss_recon:0.231298

1000-loss_z:1.14031,accu:0.68653,loss_recon:0.134833

1000-loss_z:2.307702,accu:0.278481,loss_recon:0.185958

1200-loss_z:1.016979,accu:0.733529,loss_recon:0.093801

1200-loss_z:2.323954,accu:0.316456,loss_recon:0.149944

1400-loss_z:0.919781,accu:0.765371,loss_recon:0.077167

1400-loss_z:2.360497,accu:0.316456,loss_recon:0.13055

1600-loss_z:0.833045,accu:0.816556,loss_recon:0.066697

1600-loss_z:2.394646,accu:0.341772,loss_recon:0.106702

1800-loss_z:0.767124,accu:0.847487,loss_recon:0.057546

1800-loss_z:2.394583,accu:0.379747,loss_recon:0.094598

2000-loss_z:0.706155,accu:0.866699,loss_recon:0.050464

2000-loss_z:2.473796,accu:0.35443,loss_recon:0.083341

2200-loss_z:0.654018,accu:0.876126,loss_recon:0.044942

2200-loss_z:2.586946,accu:0.329114,loss_recon:0.077278

2400-loss_z:0.601495,accu:0.888372,loss_recon:0.042038

2400-loss_z:2.691603,accu:0.379747,loss_recon:0.07433

2600-loss_z:0.55967,accu:0.900488,loss_recon:0.038382

2600-loss_z:2.820366,accu:0.43038,loss_recon:0.071991

2800-loss_z:0.521972,accu:0.913568,loss_recon:0.035552

2800-loss_z:2.977089,accu:0.379747,loss_recon:0.066441

3000-loss_z:0.481154,accu:0.923913,loss_recon:0.032458

3000-loss_z:3.102057,accu:0.405063,loss_recon:0.063079

3200-loss_z:0.446234,accu:0.94401,loss_recon:0.030674

3200-loss_z:3.242861,accu:0.43038,loss_recon:0.062951

3400-loss_z:0.414222,accu:0.951803,loss_recon:0.029835

3400-loss_z:3.423748,accu:0.417722,loss_recon:0.061225

3600-loss_z:0.382349,accu:0.958665,loss_recon:0.028837

3600-loss_z:3.599835,accu:0.392405,loss_recon:0.059181

3800-loss_z:0.354135,accu:0.968073,loss_recon:0.027541

3800-loss_z:3.77166,accu:0.417722,loss_recon:0.059483

4000-loss_z:0.33137,accu:0.975833,loss_recon:0.026718

4000-loss_z:3.942976,accu:0.443038,loss_recon:0.058951

4200-loss_z:0.307993,accu:0.97651,loss_recon:0.02575

4200-loss_z:4.16031,accu:0.455696,loss_recon:0.059992

4400-loss_z:0.287037,accu:0.981159,loss_recon:0.025159

4400-loss_z:4.340039,accu:0.43038,loss_recon:0.05984

4600-loss_z:0.268056,accu:0.983724,loss_recon:0.024551

4600-loss_z:4.527282,accu:0.455696,loss_recon:0.058361

4800-loss_z:0.250211,accu:0.987982,loss_recon:0.023856

4800-loss_z:4.701231,accu:0.468354,loss_recon:0.057895

5000-loss_z:0.231977,accu:0.992578,loss_recon:0.02336

5000-loss_z:4.892199,accu:0.481013,loss_recon:0.056987

5200-loss_z:0.215052,accu:0.99125,loss_recon:0.021837

5200-loss_z:5.113778,accu:0.455696,loss_recon:0.05503

5400-loss_z:0.199228,accu:0.992611,loss_recon:0.020972

5400-loss_z:5.286168,accu:0.481013,loss_recon:0.054409

5600-loss_z:0.186123,accu:0.996152,loss_recon:0.019582

5600-loss_z:5.442521,accu:0.468354,loss_recon:0.05424

5800-loss_z:0.174788,accu:0.998294,loss_recon:0.019456

5800-loss_z:5.628899,accu:0.506329,loss_recon:0.053504

6000-loss_z:0.16144,accu:0.998678,loss_recon:0.018875

6000-loss_z:5.81407,accu:0.506329,loss_recon:0.053495

6200-loss_z:0.151146,accu:0.998789,loss_recon:0.01826

6200-loss_z:6.036058,accu:0.493671,loss_recon:0.053196

6400-loss_z:0.139131,accu:0.999121,loss_recon:0.018236

6400-loss_z:6.23287,accu:0.481013,loss_recon:0.053151

6600-loss_z:0.130626,accu:0.999271,loss_recon:0.017916

6600-loss_z:6.447956,accu:0.481013,loss_recon:0.052693

6800-loss_z:0.122402,accu:0.999844,loss_recon:0.017854

6800-loss_z:6.693294,accu:0.481013,loss_recon:0.052118

7000-loss_z:0.110395,accu:0.999518,loss_recon:0.017353

7000-loss_z:6.902731,accu:0.506329,loss_recon:0.052348

7200-loss_z:0.105013,accu:0.999766,loss_recon:0.016984

7200-loss_z:7.15304,accu:0.493671,loss_recon:0.051328

7400-loss_z:0.096929,accu:0.999902,loss_recon:0.016687

7400-loss_z:7.407073,accu:0.493671,loss_recon:0.05174

7600-loss_z:0.090592,accu:0.99901,loss_recon:0.016634

7600-loss_z:7.678226,accu:0.481013,loss_recon:0.049156

7800-loss_z:0.083124,accu:1.0,loss_recon:0.016502

7800-loss_z:7.958626,accu:0.493671,loss_recon:0.052783

8000-loss_z:0.077885,accu:1.0,loss_recon:0.016605

8000-loss_z:8.207986,accu:0.481013,loss_recon:0.048749

8200-loss_z:0.071476,accu:1.0,loss_recon:0.016112

8200-loss_z:8.529227,accu:0.468354,loss_recon:0.04969

8400-loss_z:0.067107,accu:1.0,loss_recon:0.016024

8400-loss_z:8.788961,accu:0.481013,loss_recon:0.050033

8600-loss_z:0.061149,accu:1.0,loss_recon:0.015781

8600-loss_z:9.10917,accu:0.481013,loss_recon:0.048555

8800-loss_z:0.057084,accu:1.0,loss_recon:0.015721

8800-loss_z:9.403855,accu:0.468354,loss_recon:0.048072

9000-loss_z:0.052474,accu:1.0,loss_recon:0.01536

9000-loss_z:9.712728,accu:0.468354,loss_recon:0.04773

9200-loss_z:0.049074,accu:1.0,loss_recon:0.015028

9200-loss_z:9.9866,accu:0.468354,loss_recon:0.046818

9400-loss_z:0.045019,accu:1.0,loss_recon:0.014911

9400-loss_z:10.272875,accu:0.468354,loss_recon:0.046206

9600-loss_z:0.04226,accu:1.0,loss_recon:0.014572

9600-loss_z:10.560699,accu:0.481013,loss_recon:0.045556

9800-loss_z:0.038132,accu:1.0,loss_recon:0.014635

9800-loss_z:10.907842,accu:0.481013,loss_recon:0.045306

10000-loss_z:0.035583,accu:1.0,loss_recon:0.014555

10000-loss_z:11.095004,accu:0.481013,loss_recon:0.044503

10200-loss_z:0.032045,accu:1.0,loss_recon:0.014384

10200-loss_z:11.430547,accu:0.481013,loss_recon:0.044396

10400-loss_z:0.030217,accu:1.0,loss_recon:0.014327

10400-loss_z:11.733333,accu:0.506329,loss_recon:0.04384

10600-loss_z:0.028063,accu:1.0,loss_recon:0.014244

10600-loss_z:11.989213,accu:0.481013,loss_recon:0.044561

10800-loss_z:0.025476,accu:1.0,loss_recon:0.014274

10800-loss_z:12.237342,accu:0.481013,loss_recon:0.04287

11000-loss_z:0.023652,accu:1.0,loss_recon:0.01434

11000-loss_z:12.493821,accu:0.481013,loss_recon:0.042568

11200-loss_z:0.021521,accu:1.0,loss_recon:0.014158

11200-loss_z:12.735077,accu:0.493671,loss_recon:0.042807

11400-loss_z:0.01969,accu:1.0,loss_recon:0.014272

11400-loss_z:12.988383,accu:0.481013,loss_recon:0.04338

11600-loss_z:0.018178,accu:1.0,loss_recon:0.014012

11600-loss_z:13.281378,accu:0.481013,loss_recon:0.043215

11800-loss_z:0.016659,accu:1.0,loss_recon:0.014184

11800-loss_z:13.48155,accu:0.468354,loss_recon:0.043123

12000-loss_z:0.015388,accu:1.0,loss_recon:0.014008

12000-loss_z:13.722012,accu:0.481013,loss_recon:0.041676

12200-loss_z:0.014265,accu:1.0,loss_recon:0.013979

12200-loss_z:13.955507,accu:0.493671,loss_recon:0.042235

12400-loss_z:0.012683,accu:1.0,loss_recon:0.013753

12400-loss_z:14.193056,accu:0.493671,loss_recon:0.042212

12600-loss_z:0.011777,accu:1.0,loss_recon:0.013929

12600-loss_z:14.402297,accu:0.493671,loss_recon:0.041753

12800-loss_z:0.010776,accu:1.0,loss_recon:0.013613

12800-loss_z:14.648484,accu:0.493671,loss_recon:0.042175

13000-loss_z:0.009964,accu:1.0,loss_recon:0.013803

13000-loss_z:14.792354,accu:0.493671,loss_recon:0.041444

13200-loss_z:0.009184,accu:1.0,loss_recon:0.013793

13200-loss_z:14.999686,accu:0.506329,loss_recon:0.042043

13400-loss_z:0.008251,accu:1.0,loss_recon:0.013665

13400-loss_z:15.209295,accu:0.506329,loss_recon:0.043464

13600-loss_z:0.007577,accu:1.0,loss_recon:0.013756

13600-loss_z:15.419752,accu:0.493671,loss_recon:0.042097

13800-loss_z:0.006992,accu:1.0,loss_recon:0.013889

13800-loss_z:15.669262,accu:0.506329,loss_recon:0.041641

14000-loss_z:0.006312,accu:1.0,loss_recon:0.013611

14000-loss_z:15.830143,accu:0.493671,loss_recon:0.042338

14200-loss_z:0.005814,accu:1.0,loss_recon:0.013702

14200-loss_z:15.995189,accu:0.493671,loss_recon:0.04288

14400-loss_z:0.005271,accu:1.0,loss_recon:0.01355

14400-loss_z:15.618206,accu:0.481013,loss_recon:0.041603

14600-loss_z:0.004847,accu:1.0,loss_recon:0.013465

14600-loss_z:15.032904,accu:0.481013,loss_recon:0.04125

14800-loss_z:0.004427,accu:1.0,loss_recon:0.013526

14800-loss_z:14.513505,accu:0.493671,loss_recon:0.040748

15000-loss_z:0.00398,accu:1.0,loss_recon:0.013689

15000-loss_z:14.047475,accu:0.481013,loss_recon:0.041766

15200-loss_z:0.003652,accu:1.0,loss_recon:0.013691

15200-loss_z:13.854933,accu:0.481013,loss_recon:0.041272

15400-loss_z:0.003344,accu:1.0,loss_recon:0.013492

15400-loss_z:13.671447,accu:0.481013,loss_recon:0.041263

15600-loss_z:0.003038,accu:1.0,loss_recon:0.013495

15600-loss_z:13.747594,accu:0.481013,loss_recon:0.040238

15800-loss_z:0.00275,accu:1.0,loss_recon:0.013715

15800-loss_z:13.874497,accu:0.481013,loss_recon:0.040633

16000-loss_z:0.002533,accu:1.0,loss_recon:0.013399

16000-loss_z:13.942791,accu:0.481013,loss_recon:0.042286

16200-loss_z:0.002325,accu:1.0,loss_recon:0.013444

16200-loss_z:14.093381,accu:0.493671,loss_recon:0.041398

16400-loss_z:0.002091,accu:1.0,loss_recon:0.01341

16400-loss_z:14.250372,accu:0.481013,loss_recon:0.04079

16600-loss_z:0.001883,accu:1.0,loss_recon:0.013462

16600-loss_z:14.361495,accu:0.481013,loss_recon:0.040254

16800-loss_z:0.001761,accu:1.0,loss_recon:0.013451

16800-loss_z:14.417568,accu:0.493671,loss_recon:0.040045

17000-loss_z:0.001562,accu:1.0,loss_recon:0.013511

17000-loss_z:14.559717,accu:0.481013,loss_recon:0.041049

17200-loss_z:0.001453,accu:1.0,loss_recon:0.013405

17200-loss_z:14.621749,accu:0.481013,loss_recon:0.041336

17400-loss_z:0.001321,accu:1.0,loss_recon:0.013418

17400-loss_z:14.768961,accu:0.493671,loss_recon:0.041071

17600-loss_z:0.001175,accu:1.0,loss_recon:0.013254

17600-loss_z:14.767839,accu:0.493671,loss_recon:0.041327

17800-loss_z:0.001101,accu:1.0,loss_recon:0.013105

17800-loss_z:14.946259,accu:0.493671,loss_recon:0.040437

18000-loss_z:0.000986,accu:1.0,loss_recon:0.013322

18000-loss_z:15.078937,accu:0.493671,loss_recon:0.039916

18200-loss_z:0.000873,accu:1.0,loss_recon:0.013398

18200-loss_z:15.276202,accu:0.493671,loss_recon:0.041109

18400-loss_z:0.000808,accu:1.0,loss_recon:0.013486

18400-loss_z:15.409663,accu:0.493671,loss_recon:0.040647

18600-loss_z:0.000734,accu:1.0,loss_recon:0.013231

18600-loss_z:15.529898,accu:0.506329,loss_recon:0.039797

18800-loss_z:0.000672,accu:1.0,loss_recon:0.013331

18800-loss_z:15.699162,accu:0.506329,loss_recon:0.04081

19000-loss_z:0.000612,accu:1.0,loss_recon:0.01331

19000-loss_z:15.915651,accu:0.493671,loss_recon:0.042801

19200-loss_z:0.000559,accu:1.0,loss_recon:0.013205

19200-loss_z:16.102861,accu:0.493671,loss_recon:0.040152

19400-loss_z:0.000502,accu:1.0,loss_recon:0.013262

19400-loss_z:16.308147,accu:0.493671,loss_recon:0.040477

19600-loss_z:0.000446,accu:1.0,loss_recon:0.013261

19600-loss_z:16.550272,accu:0.493671,loss_recon:0.040781

19800-loss_z:0.000419,accu:1.0,loss_recon:0.013204

19800-loss_z:16.739397,accu:0.493671,loss_recon:0.040622

20000-loss_z:0.000383,accu:1.0,loss_recon:0.013335

20000-loss_z:16.918495,accu:0.493671,loss_recon:0.041263

Continue training
New FC model is initialized
200-loss_z:2.52157,accu:0.180154,loss_recon:1.229098

200-loss_z:2.580265,accu:0.139241,loss_recon:0.615902

400-loss_z:1.820229,accu:0.371263,loss_recon:0.350521

400-loss_z:2.523145,accu:0.139241,loss_recon:0.250308

600-loss_z:1.512225,accu:0.478314,loss_recon:0.17739

600-loss_z:2.544624,accu:0.151899,loss_recon:0.168673

800-loss_z:1.3335,accu:0.556413,loss_recon:0.117342

800-loss_z:2.575678,accu:0.240506,loss_recon:0.131484

1000-loss_z:1.193072,accu:0.608418,loss_recon:0.089364

1000-loss_z:2.571465,accu:0.265823,loss_recon:0.112452

1200-loss_z:1.083656,accu:0.664967,loss_recon:0.076639

1200-loss_z:2.577546,accu:0.278481,loss_recon:0.099144

1400-loss_z:0.990106,accu:0.715013,loss_recon:0.067958

1400-loss_z:2.581411,accu:0.316456,loss_recon:0.090786

1600-loss_z:0.916306,accu:0.752852,loss_recon:0.061695

1600-loss_z:2.631388,accu:0.329114,loss_recon:0.081854

1800-loss_z:0.838388,accu:0.795983,loss_recon:0.056202

1800-loss_z:2.718069,accu:0.329114,loss_recon:0.077314

2000-loss_z:0.7769,accu:0.832747,loss_recon:0.049358

2000-loss_z:2.80098,accu:0.341772,loss_recon:0.069332

2200-loss_z:0.720398,accu:0.859525,loss_recon:0.041288

2200-loss_z:2.860325,accu:0.379747,loss_recon:0.059847

2400-loss_z:0.667569,accu:0.892064,loss_recon:0.034114

2400-loss_z:2.971761,accu:0.405063,loss_recon:0.052533

2600-loss_z:0.617905,accu:0.914655,loss_recon:0.030114

2600-loss_z:3.073951,accu:0.379747,loss_recon:0.050452

2800-loss_z:0.575564,accu:0.92668,loss_recon:0.027932

2800-loss_z:3.181934,accu:0.405063,loss_recon:0.048616

3000-loss_z:0.536823,accu:0.936634,loss_recon:0.02629

3000-loss_z:3.327368,accu:0.392405,loss_recon:0.047768

3200-loss_z:0.500882,accu:0.943926,loss_recon:0.025547

3200-loss_z:3.46707,accu:0.43038,loss_recon:0.046596

3400-loss_z:0.467489,accu:0.953268,loss_recon:0.025002

3400-loss_z:3.58754,accu:0.43038,loss_recon:0.045908

3600-loss_z:0.436869,accu:0.959277,loss_recon:0.02466

3600-loss_z:3.738447,accu:0.43038,loss_recon:0.044863

3800-loss_z:0.409049,accu:0.963125,loss_recon:0.023594

3800-loss_z:3.873406,accu:0.405063,loss_recon:0.042375

4000-loss_z:0.384671,accu:0.967467,loss_recon:0.023601

4000-loss_z:4.019796,accu:0.405063,loss_recon:0.042702

4200-loss_z:0.358907,accu:0.973164,loss_recon:0.023558

4200-loss_z:4.153887,accu:0.417722,loss_recon:0.042405

4400-loss_z:0.335996,accu:0.976589,loss_recon:0.022992

4400-loss_z:4.293205,accu:0.455696,loss_recon:0.041859

4600-loss_z:0.315069,accu:0.979505,loss_recon:0.022919

4600-loss_z:4.477956,accu:0.43038,loss_recon:0.041782

4800-loss_z:0.297353,accu:0.983112,loss_recon:0.023

4800-loss_z:4.631842,accu:0.455696,loss_recon:0.041773

5000-loss_z:0.277074,accu:0.985521,loss_recon:0.022436

5000-loss_z:4.808008,accu:0.468354,loss_recon:0.041598

5200-loss_z:0.262813,accu:0.985443,loss_recon:0.022778

5200-loss_z:4.998394,accu:0.455696,loss_recon:0.041231

5400-loss_z:0.243677,accu:0.989362,loss_recon:0.022491

5400-loss_z:5.127922,accu:0.468354,loss_recon:0.041376

5600-loss_z:0.229722,accu:0.99319,loss_recon:0.022522

5600-loss_z:5.352829,accu:0.481013,loss_recon:0.041627

5800-loss_z:0.216025,accu:0.99293,loss_recon:0.022297

5800-loss_z:5.490653,accu:0.468354,loss_recon:0.041102

6000-loss_z:0.202041,accu:0.993926,loss_recon:0.02195

6000-loss_z:5.717275,accu:0.481013,loss_recon:0.041503

6200-loss_z:0.191762,accu:0.996608,loss_recon:0.022328

6200-loss_z:5.926805,accu:0.481013,loss_recon:0.041037

6400-loss_z:0.181175,accu:0.997389,loss_recon:0.022008

6400-loss_z:6.077638,accu:0.481013,loss_recon:0.041194

6600-loss_z:0.168651,accu:0.997135,loss_recon:0.022196

6600-loss_z:6.273244,accu:0.481013,loss_recon:0.041068

6800-loss_z:0.158878,accu:0.998652,loss_recon:0.021923

6800-loss_z:6.467893,accu:0.481013,loss_recon:0.041103

7000-loss_z:0.148788,accu:0.998424,loss_recon:0.02168

7000-loss_z:6.662477,accu:0.506329,loss_recon:0.040849

7200-loss_z:0.140765,accu:0.998789,loss_recon:0.021292

7200-loss_z:6.822042,accu:0.493671,loss_recon:0.040869

7400-loss_z:0.13195,accu:0.998997,loss_recon:0.021809

7400-loss_z:7.032268,accu:0.493671,loss_recon:0.039307

7600-loss_z:0.125145,accu:0.999616,loss_recon:0.021139

7600-loss_z:7.198545,accu:0.493671,loss_recon:0.039826

7800-loss_z:0.116779,accu:0.999941,loss_recon:0.02134

7800-loss_z:7.340264,accu:0.506329,loss_recon:0.040073

8000-loss_z:0.11191,accu:0.999876,loss_recon:0.021016

8000-loss_z:7.538638,accu:0.506329,loss_recon:0.039384

8200-loss_z:0.104328,accu:0.999818,loss_recon:0.021466

8200-loss_z:7.678781,accu:0.493671,loss_recon:0.041915

8400-loss_z:0.098186,accu:1.0,loss_recon:0.021178

8400-loss_z:7.788087,accu:0.493671,loss_recon:0.039607

8600-loss_z:0.092271,accu:0.999753,loss_recon:0.021115

8600-loss_z:7.831154,accu:0.518987,loss_recon:0.039562

8800-loss_z:0.086134,accu:1.0,loss_recon:0.020997

8800-loss_z:7.80105,accu:0.518987,loss_recon:0.0388

9000-loss_z:0.081105,accu:1.0,loss_recon:0.021

9000-loss_z:7.87422,accu:0.506329,loss_recon:0.037813

9200-loss_z:0.075804,accu:1.0,loss_recon:0.021023

9200-loss_z:7.933098,accu:0.518987,loss_recon:0.039988

9400-loss_z:0.071066,accu:1.0,loss_recon:0.020827

9400-loss_z:7.96942,accu:0.518987,loss_recon:0.039734

9600-loss_z:0.066858,accu:1.0,loss_recon:0.020982

9600-loss_z:8.156285,accu:0.506329,loss_recon:0.039367

9800-loss_z:0.062742,accu:1.0,loss_recon:0.020368

9800-loss_z:8.260027,accu:0.518987,loss_recon:0.038175

10000-loss_z:0.059804,accu:1.0,loss_recon:0.020137

10000-loss_z:8.44114,accu:0.518987,loss_recon:0.037717

10200-loss_z:0.055801,accu:1.0,loss_recon:0.020212

10200-loss_z:8.59102,accu:0.518987,loss_recon:0.039277

10400-loss_z:0.051284,accu:1.0,loss_recon:0.019967

10400-loss_z:8.768661,accu:0.506329,loss_recon:0.037157

10600-loss_z:0.049003,accu:1.0,loss_recon:0.020032

10600-loss_z:8.936802,accu:0.518987,loss_recon:0.039881

10800-loss_z:0.044884,accu:1.0,loss_recon:0.019922

10800-loss_z:9.125805,accu:0.506329,loss_recon:0.039486

11000-loss_z:0.042515,accu:1.0,loss_recon:0.019755

11000-loss_z:9.315521,accu:0.531646,loss_recon:0.036729

11200-loss_z:0.039005,accu:1.0,loss_recon:0.019614

11200-loss_z:9.529843,accu:0.518987,loss_recon:0.036155

11400-loss_z:0.037676,accu:1.0,loss_recon:0.019458

11400-loss_z:9.757964,accu:0.506329,loss_recon:0.038178

11600-loss_z:0.035153,accu:1.0,loss_recon:0.019618

11600-loss_z:9.969118,accu:0.518987,loss_recon:0.036115

11800-loss_z:0.032064,accu:1.0,loss_recon:0.01934

11800-loss_z:10.158528,accu:0.506329,loss_recon:0.035667

12000-loss_z:0.030239,accu:1.0,loss_recon:0.019376

12000-loss_z:10.36666,accu:0.518987,loss_recon:0.037433

12200-loss_z:0.028253,accu:1.0,loss_recon:0.019235

12200-loss_z:10.568932,accu:0.518987,loss_recon:0.037175

12400-loss_z:0.026169,accu:1.0,loss_recon:0.01933

12400-loss_z:10.781545,accu:0.506329,loss_recon:0.036987

12600-loss_z:0.024589,accu:1.0,loss_recon:0.019529

12600-loss_z:10.968829,accu:0.506329,loss_recon:0.037601

12800-loss_z:0.022885,accu:1.0,loss_recon:0.019218

12800-loss_z:11.159393,accu:0.506329,loss_recon:0.038082

13000-loss_z:0.02156,accu:1.0,loss_recon:0.019065

13000-loss_z:11.321251,accu:0.506329,loss_recon:0.036426

13200-loss_z:0.019675,accu:1.0,loss_recon:0.019299

13200-loss_z:11.583551,accu:0.506329,loss_recon:0.036314

13400-loss_z:0.018358,accu:1.0,loss_recon:0.018945

13400-loss_z:11.772435,accu:0.506329,loss_recon:0.036486

13600-loss_z:0.016874,accu:1.0,loss_recon:0.018918

13600-loss_z:11.928029,accu:0.493671,loss_recon:0.036271

13800-loss_z:0.015691,accu:1.0,loss_recon:0.018876

13800-loss_z:12.0931,accu:0.493671,loss_recon:0.035165

14000-loss_z:0.014495,accu:1.0,loss_recon:0.018462

14000-loss_z:12.285403,accu:0.493671,loss_recon:0.036803

14200-loss_z:0.013457,accu:1.0,loss_recon:0.0188

14200-loss_z:12.505864,accu:0.506329,loss_recon:0.03647

14400-loss_z:0.01262,accu:1.0,loss_recon:0.019234

14400-loss_z:12.729471,accu:0.493671,loss_recon:0.036373

14600-loss_z:0.011416,accu:1.0,loss_recon:0.019012

14600-loss_z:12.878665,accu:0.506329,loss_recon:0.036124

14800-loss_z:0.010733,accu:1.0,loss_recon:0.019116

14800-loss_z:13.049865,accu:0.506329,loss_recon:0.036653

15000-loss_z:0.010009,accu:1.0,loss_recon:0.019216

15000-loss_z:13.173125,accu:0.506329,loss_recon:0.036724

15200-loss_z:0.00918,accu:1.0,loss_recon:0.018798

15200-loss_z:13.361338,accu:0.506329,loss_recon:0.036266

15400-loss_z:0.008477,accu:1.0,loss_recon:0.019298

15400-loss_z:13.578375,accu:0.506329,loss_recon:0.036364

15600-loss_z:0.007827,accu:1.0,loss_recon:0.018761

15600-loss_z:13.664454,accu:0.506329,loss_recon:0.035942

15800-loss_z:0.007241,accu:1.0,loss_recon:0.018764

15800-loss_z:13.842811,accu:0.518987,loss_recon:0.035488

16000-loss_z:0.00667,accu:1.0,loss_recon:0.018994

16000-loss_z:14.029655,accu:0.506329,loss_recon:0.035932

16200-loss_z:0.00604,accu:1.0,loss_recon:0.018666

16200-loss_z:14.145391,accu:0.518987,loss_recon:0.036339

16400-loss_z:0.005611,accu:1.0,loss_recon:0.018577

16400-loss_z:14.32095,accu:0.506329,loss_recon:0.035881

16600-loss_z:0.005219,accu:1.0,loss_recon:0.018879

16600-loss_z:14.492083,accu:0.531646,loss_recon:0.038274

16800-loss_z:0.00472,accu:1.0,loss_recon:0.018813

16800-loss_z:14.664282,accu:0.506329,loss_recon:0.036701

17000-loss_z:0.004395,accu:1.0,loss_recon:0.018566

17000-loss_z:14.800321,accu:0.531646,loss_recon:0.036274

17200-loss_z:0.004002,accu:1.0,loss_recon:0.018607

17200-loss_z:14.822584,accu:0.531646,loss_recon:0.03648

17400-loss_z:0.003721,accu:1.0,loss_recon:0.018883

17400-loss_z:14.942914,accu:0.531646,loss_recon:0.03656

17600-loss_z:0.003342,accu:1.0,loss_recon:0.018957

17600-loss_z:15.20533,accu:0.544304,loss_recon:0.034969

17800-loss_z:0.00312,accu:1.0,loss_recon:0.018446

17800-loss_z:15.5936,accu:0.531646,loss_recon:0.035108

18000-loss_z:0.002843,accu:1.0,loss_recon:0.018611

18000-loss_z:15.923841,accu:0.531646,loss_recon:0.035682

18200-loss_z:0.002568,accu:1.0,loss_recon:0.018485

18200-loss_z:16.160486,accu:0.531646,loss_recon:0.03625

18400-loss_z:0.0023,accu:1.0,loss_recon:0.018216

18400-loss_z:16.36689,accu:0.506329,loss_recon:0.036393

18600-loss_z:0.002148,accu:1.0,loss_recon:0.018352

18600-loss_z:16.463354,accu:0.506329,loss_recon:0.035857

18800-loss_z:0.001971,accu:1.0,loss_recon:0.018497

18800-loss_z:16.669886,accu:0.531646,loss_recon:0.036199

19000-loss_z:0.001796,accu:1.0,loss_recon:0.018521

19000-loss_z:16.85589,accu:0.506329,loss_recon:0.036552

19200-loss_z:0.001619,accu:1.0,loss_recon:0.018055

19200-loss_z:17.128899,accu:0.518987,loss_recon:0.037117

19400-loss_z:0.001501,accu:1.0,loss_recon:0.018035

19400-loss_z:17.377689,accu:0.518987,loss_recon:0.036483

19600-loss_z:0.001338,accu:1.0,loss_recon:0.01813

19600-loss_z:17.708651,accu:0.531646,loss_recon:0.036327

19800-loss_z:0.001215,accu:1.0,loss_recon:0.017792

19800-loss_z:18.060345,accu:0.544304,loss_recon:0.035923

20000-loss_z:0.001114,accu:1.0,loss_recon:0.017844

20000-loss_z:18.39823,accu:0.531646,loss_recon:0.035874

Continue training
New FC model is initialized
200-loss_z:2.636987,accu:0.151456,loss_recon:1.75498

200-loss_z:2.720695,accu:0.126582,loss_recon:0.724918

400-loss_z:1.89389,accu:0.379479,loss_recon:0.429452

400-loss_z:2.52692,accu:0.151899,loss_recon:0.342418

600-loss_z:1.552203,accu:0.486908,loss_recon:0.244933

600-loss_z:2.46439,accu:0.202532,loss_recon:0.241743

800-loss_z:1.344527,accu:0.574342,loss_recon:0.160396

800-loss_z:2.463268,accu:0.227848,loss_recon:0.186091

1000-loss_z:1.194467,accu:0.656699,loss_recon:0.113555

1000-loss_z:2.480994,accu:0.329114,loss_recon:0.158907

1200-loss_z:1.073974,accu:0.704557,loss_recon:0.088129

1200-loss_z:2.496168,accu:0.316456,loss_recon:0.134476

1400-loss_z:0.976185,accu:0.75599,loss_recon:0.067372

1400-loss_z:2.518847,accu:0.35443,loss_recon:0.116172

1600-loss_z:0.89469,accu:0.782207,loss_recon:0.054915

1600-loss_z:2.557933,accu:0.379747,loss_recon:0.105345

1800-loss_z:0.822065,accu:0.816641,loss_recon:0.047222

1800-loss_z:2.611317,accu:0.367089,loss_recon:0.097998

2000-loss_z:0.756183,accu:0.853815,loss_recon:0.042664

2000-loss_z:2.690924,accu:0.35443,loss_recon:0.094288

2200-loss_z:0.704628,accu:0.879316,loss_recon:0.039294

2200-loss_z:2.748104,accu:0.43038,loss_recon:0.090468

2400-loss_z:0.655825,accu:0.894076,loss_recon:0.037751

2400-loss_z:2.839708,accu:0.379747,loss_recon:0.085595

2600-loss_z:0.604871,accu:0.905625,loss_recon:0.035961

2600-loss_z:2.922651,accu:0.43038,loss_recon:0.078631

2800-loss_z:0.567755,accu:0.915586,loss_recon:0.034442

2800-loss_z:2.987681,accu:0.417722,loss_recon:0.07679

3000-loss_z:0.526232,accu:0.926172,loss_recon:0.033688

3000-loss_z:3.056266,accu:0.468354,loss_recon:0.077979

3200-loss_z:0.493822,accu:0.933835,loss_recon:0.032856

3200-loss_z:3.099736,accu:0.493671,loss_recon:0.074781

3400-loss_z:0.459837,accu:0.944382,loss_recon:0.031951

3400-loss_z:3.191255,accu:0.468354,loss_recon:0.074876

3600-loss_z:0.432557,accu:0.952051,loss_recon:0.030715

3600-loss_z:3.230991,accu:0.468354,loss_recon:0.072394

3800-loss_z:0.407171,accu:0.958932,loss_recon:0.029632

3800-loss_z:3.239616,accu:0.506329,loss_recon:0.068125

4000-loss_z:0.383066,accu:0.964173,loss_recon:0.028313

4000-loss_z:3.245612,accu:0.468354,loss_recon:0.06768

4200-loss_z:0.360906,accu:0.971549,loss_recon:0.027887

4200-loss_z:3.247143,accu:0.506329,loss_recon:0.067917

4400-loss_z:0.341059,accu:0.978932,loss_recon:0.027368

4400-loss_z:3.239722,accu:0.493671,loss_recon:0.065633

4600-loss_z:0.323085,accu:0.979375,loss_recon:0.026393

4600-loss_z:3.286392,accu:0.481013,loss_recon:0.066402

4800-loss_z:0.304384,accu:0.984661,loss_recon:0.025936

4800-loss_z:3.376302,accu:0.518987,loss_recon:0.065784

5000-loss_z:0.287476,accu:0.982865,loss_recon:0.025348

5000-loss_z:3.447605,accu:0.506329,loss_recon:0.061973

5200-loss_z:0.272005,accu:0.986198,loss_recon:0.025193

5200-loss_z:3.606515,accu:0.518987,loss_recon:0.061753

5400-loss_z:0.256731,accu:0.987858,loss_recon:0.024196

5400-loss_z:3.660838,accu:0.481013,loss_recon:0.063115

5600-loss_z:0.239725,accu:0.98877,loss_recon:0.023929

5600-loss_z:3.789284,accu:0.481013,loss_recon:0.064162

5800-loss_z:0.228442,accu:0.989004,loss_recon:0.023558

5800-loss_z:3.949666,accu:0.518987,loss_recon:0.062208

6000-loss_z:0.218042,accu:0.992331,loss_recon:0.023308

6000-loss_z:4.104148,accu:0.506329,loss_recon:0.060222

6200-loss_z:0.205782,accu:0.992786,loss_recon:0.022741

6200-loss_z:4.277166,accu:0.518987,loss_recon:0.061776

6400-loss_z:0.193839,accu:0.994043,loss_recon:0.022178

6400-loss_z:4.410862,accu:0.493671,loss_recon:0.06018

6600-loss_z:0.183499,accu:0.994095,loss_recon:0.02205

6600-loss_z:4.581575,accu:0.493671,loss_recon:0.061575

6800-loss_z:0.176079,accu:0.994212,loss_recon:0.021743

6800-loss_z:4.688299,accu:0.518987,loss_recon:0.061125

7000-loss_z:0.16632,accu:0.995052,loss_recon:0.021799

7000-loss_z:4.810896,accu:0.531646,loss_recon:0.061792

7200-loss_z:0.157471,accu:0.994922,loss_recon:0.021581

7200-loss_z:5.033679,accu:0.531646,loss_recon:0.061442

7400-loss_z:0.149122,accu:0.996068,loss_recon:0.021365

7400-loss_z:5.148047,accu:0.556962,loss_recon:0.060249

7600-loss_z:0.140009,accu:0.995586,loss_recon:0.020712

7600-loss_z:5.322031,accu:0.506329,loss_recon:0.059034

7800-loss_z:0.133427,accu:0.997077,loss_recon:0.020713

7800-loss_z:5.442252,accu:0.556962,loss_recon:0.060336

8000-loss_z:0.125734,accu:0.998587,loss_recon:0.02063

8000-loss_z:5.607877,accu:0.518987,loss_recon:0.058699

8200-loss_z:0.118203,accu:0.998346,loss_recon:0.020276

8200-loss_z:5.737005,accu:0.544304,loss_recon:0.059575

8400-loss_z:0.114237,accu:0.999479,loss_recon:0.019973

8400-loss_z:5.904329,accu:0.531646,loss_recon:0.058457

8600-loss_z:0.106664,accu:0.999147,loss_recon:0.019931

8600-loss_z:6.045842,accu:0.56962,loss_recon:0.056074

8800-loss_z:0.1009,accu:0.999772,loss_recon:0.01971

8800-loss_z:6.244066,accu:0.544304,loss_recon:0.057327

9000-loss_z:0.096008,accu:0.999499,loss_recon:0.019455

9000-loss_z:6.387609,accu:0.544304,loss_recon:0.057073

9200-loss_z:0.08918,accu:0.999818,loss_recon:0.019014

9200-loss_z:6.46314,accu:0.56962,loss_recon:0.055302

9400-loss_z:0.085341,accu:1.0,loss_recon:0.01873

9400-loss_z:6.519298,accu:0.556962,loss_recon:0.052284

9600-loss_z:0.081152,accu:1.0,loss_recon:0.018352

9600-loss_z:6.69628,accu:0.56962,loss_recon:0.05608

9800-loss_z:0.075163,accu:1.0,loss_recon:0.017964

9800-loss_z:6.889646,accu:0.582278,loss_recon:0.052991

10000-loss_z:0.072212,accu:1.0,loss_recon:0.017636

10000-loss_z:7.052318,accu:0.556962,loss_recon:0.051478

10200-loss_z:0.06759,accu:1.0,loss_recon:0.017951

10200-loss_z:7.227073,accu:0.582278,loss_recon:0.05222

10400-loss_z:0.064373,accu:1.0,loss_recon:0.017245

10400-loss_z:7.352697,accu:0.556962,loss_recon:0.051175

10600-loss_z:0.060164,accu:1.0,loss_recon:0.016983

10600-loss_z:7.562952,accu:0.556962,loss_recon:0.049187

10800-loss_z:0.057222,accu:1.0,loss_recon:0.016318

10800-loss_z:7.719959,accu:0.582278,loss_recon:0.0493

11000-loss_z:0.05423,accu:1.0,loss_recon:0.015821

11000-loss_z:7.852136,accu:0.594937,loss_recon:0.046384

11200-loss_z:0.050004,accu:1.0,loss_recon:0.01562

11200-loss_z:8.006687,accu:0.594937,loss_recon:0.044418

11400-loss_z:0.047504,accu:1.0,loss_recon:0.015667

11400-loss_z:8.168752,accu:0.56962,loss_recon:0.044806

11600-loss_z:0.044982,accu:1.0,loss_recon:0.015221

11600-loss_z:8.355081,accu:0.594937,loss_recon:0.043459

11800-loss_z:0.042299,accu:1.0,loss_recon:0.015159

11800-loss_z:8.521253,accu:0.594937,loss_recon:0.043458

12000-loss_z:0.039887,accu:1.0,loss_recon:0.015099

12000-loss_z:8.668225,accu:0.594937,loss_recon:0.04302

12200-loss_z:0.037733,accu:1.0,loss_recon:0.014863

12200-loss_z:8.82494,accu:0.582278,loss_recon:0.041484

12400-loss_z:0.035235,accu:1.0,loss_recon:0.015114

12400-loss_z:9.050163,accu:0.582278,loss_recon:0.041409

12600-loss_z:0.033128,accu:1.0,loss_recon:0.01482

12600-loss_z:9.183791,accu:0.582278,loss_recon:0.039981

12800-loss_z:0.031122,accu:1.0,loss_recon:0.014677

12800-loss_z:9.370613,accu:0.582278,loss_recon:0.039893

13000-loss_z:0.029254,accu:1.0,loss_recon:0.01449

13000-loss_z:9.515468,accu:0.594937,loss_recon:0.040487

13200-loss_z:0.027243,accu:1.0,loss_recon:0.014392

13200-loss_z:9.66308,accu:0.582278,loss_recon:0.039183

13400-loss_z:0.025096,accu:1.0,loss_recon:0.014457

13400-loss_z:9.797269,accu:0.607595,loss_recon:0.03948

13600-loss_z:0.023677,accu:1.0,loss_recon:0.014346

13600-loss_z:9.896871,accu:0.594937,loss_recon:0.038141

13800-loss_z:0.022218,accu:1.0,loss_recon:0.014303

13800-loss_z:10.065532,accu:0.607595,loss_recon:0.039407

14000-loss_z:0.020933,accu:1.0,loss_recon:0.014232

14000-loss_z:10.235337,accu:0.594937,loss_recon:0.039927

14200-loss_z:0.019484,accu:1.0,loss_recon:0.013953

14200-loss_z:10.30193,accu:0.607595,loss_recon:0.03962

14400-loss_z:0.018342,accu:1.0,loss_recon:0.014146

14400-loss_z:10.481208,accu:0.607595,loss_recon:0.039067

14600-loss_z:0.017207,accu:1.0,loss_recon:0.013943

14600-loss_z:10.68666,accu:0.607595,loss_recon:0.040325

14800-loss_z:0.015964,accu:1.0,loss_recon:0.014141

14800-loss_z:10.834995,accu:0.620253,loss_recon:0.039688

15000-loss_z:0.014717,accu:1.0,loss_recon:0.014237

15000-loss_z:10.951533,accu:0.607595,loss_recon:0.040112

15200-loss_z:0.013821,accu:1.0,loss_recon:0.014186

15200-loss_z:11.149408,accu:0.607595,loss_recon:0.040591

15400-loss_z:0.012949,accu:1.0,loss_recon:0.013959

15400-loss_z:11.460382,accu:0.607595,loss_recon:0.039359

15600-loss_z:0.01204,accu:1.0,loss_recon:0.014081

15600-loss_z:11.857251,accu:0.607595,loss_recon:0.039568

15800-loss_z:0.011152,accu:1.0,loss_recon:0.013791

15800-loss_z:12.233799,accu:0.620253,loss_recon:0.040776

16000-loss_z:0.010384,accu:1.0,loss_recon:0.013782

16000-loss_z:12.663344,accu:0.620253,loss_recon:0.04031

16200-loss_z:0.009601,accu:1.0,loss_recon:0.013914

16200-loss_z:12.960348,accu:0.607595,loss_recon:0.040146

16400-loss_z:0.009008,accu:1.0,loss_recon:0.013886

16400-loss_z:13.236109,accu:0.607595,loss_recon:0.040654

16600-loss_z:0.008323,accu:1.0,loss_recon:0.013853

16600-loss_z:13.467377,accu:0.620253,loss_recon:0.041609

16800-loss_z:0.007817,accu:1.0,loss_recon:0.01387

16800-loss_z:13.763655,accu:0.594937,loss_recon:0.042465

17000-loss_z:0.007155,accu:1.0,loss_recon:0.013726

17000-loss_z:14.029344,accu:0.607595,loss_recon:0.040686

17200-loss_z:0.006536,accu:1.0,loss_recon:0.013682

17200-loss_z:14.242828,accu:0.607595,loss_recon:0.040634

17400-loss_z:0.006098,accu:1.0,loss_recon:0.013718

17400-loss_z:14.471128,accu:0.607595,loss_recon:0.041155

17600-loss_z:0.005652,accu:1.0,loss_recon:0.013915

17600-loss_z:14.745633,accu:0.582278,loss_recon:0.042122

17800-loss_z:0.005241,accu:1.0,loss_recon:0.013623

17800-loss_z:15.010608,accu:0.582278,loss_recon:0.04079

18000-loss_z:0.004854,accu:1.0,loss_recon:0.013721

18000-loss_z:15.251831,accu:0.582278,loss_recon:0.042137

18200-loss_z:0.0045,accu:1.0,loss_recon:0.013686

18200-loss_z:15.526699,accu:0.607595,loss_recon:0.041216

18400-loss_z:0.00412,accu:1.0,loss_recon:0.01394

18400-loss_z:15.843325,accu:0.582278,loss_recon:0.042258

18600-loss_z:0.003778,accu:1.0,loss_recon:0.013553

18600-loss_z:16.039017,accu:0.594937,loss_recon:0.040976

18800-loss_z:0.003547,accu:1.0,loss_recon:0.013668

18800-loss_z:16.242443,accu:0.582278,loss_recon:0.040494

19000-loss_z:0.003238,accu:1.0,loss_recon:0.013612

19000-loss_z:16.462431,accu:0.582278,loss_recon:0.0422

19200-loss_z:0.002969,accu:1.0,loss_recon:0.013696

19200-loss_z:16.700573,accu:0.594937,loss_recon:0.041854

19400-loss_z:0.002748,accu:1.0,loss_recon:0.013432

19400-loss_z:17.009729,accu:0.56962,loss_recon:0.042285

19600-loss_z:0.002579,accu:1.0,loss_recon:0.013299

19600-loss_z:17.071707,accu:0.582278,loss_recon:0.041803

19800-loss_z:0.00229,accu:1.0,loss_recon:0.013439

19800-loss_z:17.323156,accu:0.56962,loss_recon:0.041509

20000-loss_z:0.002164,accu:1.0,loss_recon:0.013507

20000-loss_z:17.572428,accu:0.582278,loss_recon:0.041805

Continue training
New FC model is initialized
200-loss_z:2.492208,accu:0.177725,loss_recon:1.181824

200-loss_z:2.648627,accu:0.113924,loss_recon:0.603677

400-loss_z:1.896006,accu:0.328359,loss_recon:0.414504

400-loss_z:2.541683,accu:0.126582,loss_recon:0.340725

600-loss_z:1.585587,accu:0.442422,loss_recon:0.262036

600-loss_z:2.498463,accu:0.189873,loss_recon:0.248337

800-loss_z:1.370464,accu:0.553945,loss_recon:0.17658

800-loss_z:2.490763,accu:0.278481,loss_recon:0.190425

1000-loss_z:1.215694,accu:0.647044,loss_recon:0.118353

1000-loss_z:2.533457,accu:0.265823,loss_recon:0.144086

1200-loss_z:1.096449,accu:0.716973,loss_recon:0.087515

1200-loss_z:2.578959,accu:0.303797,loss_recon:0.117424

1400-loss_z:0.996822,accu:0.740573,loss_recon:0.071669

1400-loss_z:2.633462,accu:0.316456,loss_recon:0.099218

1600-loss_z:0.913985,accu:0.764355,loss_recon:0.060696

1600-loss_z:2.678582,accu:0.341772,loss_recon:0.09129

1800-loss_z:0.841332,accu:0.796634,loss_recon:0.051789

1800-loss_z:2.758569,accu:0.341772,loss_recon:0.083259

2000-loss_z:0.777352,accu:0.814674,loss_recon:0.045155

2000-loss_z:2.82306,accu:0.35443,loss_recon:0.075076

2200-loss_z:0.724445,accu:0.838411,loss_recon:0.040124

2200-loss_z:2.914007,accu:0.341772,loss_recon:0.07572

2400-loss_z:0.673438,accu:0.85791,loss_recon:0.037494

2400-loss_z:2.991387,accu:0.392405,loss_recon:0.070812

2600-loss_z:0.626145,accu:0.879264,loss_recon:0.03531

2600-loss_z:3.098803,accu:0.405063,loss_recon:0.069568

2800-loss_z:0.588337,accu:0.892324,loss_recon:0.033429

2800-loss_z:3.217781,accu:0.417722,loss_recon:0.067605

3000-loss_z:0.554592,accu:0.908717,loss_recon:0.031162

3000-loss_z:3.297024,accu:0.455696,loss_recon:0.062568

3200-loss_z:0.517387,accu:0.917214,loss_recon:0.030341

3200-loss_z:3.410081,accu:0.455696,loss_recon:0.060551

3400-loss_z:0.484909,accu:0.92485,loss_recon:0.02923

3400-loss_z:3.504757,accu:0.468354,loss_recon:0.057162

3600-loss_z:0.458743,accu:0.93319,loss_recon:0.027972

3600-loss_z:3.658894,accu:0.481013,loss_recon:0.057385

3800-loss_z:0.432701,accu:0.942363,loss_recon:0.026798

3800-loss_z:3.754194,accu:0.468354,loss_recon:0.053845

4000-loss_z:0.406295,accu:0.94793,loss_recon:0.026611

4000-loss_z:3.889288,accu:0.468354,loss_recon:0.0536

4200-loss_z:0.383832,accu:0.953958,loss_recon:0.025772

4200-loss_z:4.067285,accu:0.506329,loss_recon:0.051997

4400-loss_z:0.367126,accu:0.963568,loss_recon:0.024615

4400-loss_z:4.243712,accu:0.481013,loss_recon:0.053038

4600-loss_z:0.347432,accu:0.969902,loss_recon:0.024328

4600-loss_z:4.389842,accu:0.506329,loss_recon:0.053077

4800-loss_z:0.330085,accu:0.970775,loss_recon:0.024307

4800-loss_z:4.590295,accu:0.506329,loss_recon:0.050824

5000-loss_z:0.310442,accu:0.971523,loss_recon:0.023619

5000-loss_z:4.744819,accu:0.531646,loss_recon:0.051478

5200-loss_z:0.296915,accu:0.980716,loss_recon:0.023304

5200-loss_z:4.878946,accu:0.518987,loss_recon:0.052159

5400-loss_z:0.279432,accu:0.98248,loss_recon:0.023345

5400-loss_z:5.074318,accu:0.493671,loss_recon:0.051203

5600-loss_z:0.268801,accu:0.98472,loss_recon:0.023247

5600-loss_z:5.218991,accu:0.506329,loss_recon:0.050613

5800-loss_z:0.253615,accu:0.984948,loss_recon:0.023237

5800-loss_z:5.379641,accu:0.506329,loss_recon:0.050051

6000-loss_z:0.242316,accu:0.985443,loss_recon:0.022528

6000-loss_z:5.557303,accu:0.506329,loss_recon:0.050073

6200-loss_z:0.23058,accu:0.988594,loss_recon:0.022322

6200-loss_z:5.708169,accu:0.518987,loss_recon:0.050718

6400-loss_z:0.220362,accu:0.989089,loss_recon:0.022542

6400-loss_z:5.863832,accu:0.493671,loss_recon:0.050289

6600-loss_z:0.208994,accu:0.990241,loss_recon:0.022312

6600-loss_z:6.052276,accu:0.544304,loss_recon:0.050369

6800-loss_z:0.199736,accu:0.992441,loss_recon:0.022031

6800-loss_z:6.214753,accu:0.518987,loss_recon:0.051755

7000-loss_z:0.189222,accu:0.993014,loss_recon:0.022164

7000-loss_z:6.376765,accu:0.518987,loss_recon:0.050691

7200-loss_z:0.183706,accu:0.994329,loss_recon:0.02201

7200-loss_z:6.505672,accu:0.518987,loss_recon:0.051769

7400-loss_z:0.174513,accu:0.99502,loss_recon:0.021966

7400-loss_z:6.656387,accu:0.544304,loss_recon:0.050089

7600-loss_z:0.166712,accu:0.997279,loss_recon:0.021543

7600-loss_z:6.830413,accu:0.531646,loss_recon:0.050026

7800-loss_z:0.156967,accu:0.998092,loss_recon:0.02146

7800-loss_z:7.023642,accu:0.544304,loss_recon:0.052215

8000-loss_z:0.14878,accu:0.997402,loss_recon:0.02089

8000-loss_z:7.191759,accu:0.556962,loss_recon:0.050994

8200-loss_z:0.140953,accu:0.999818,loss_recon:0.020584

8200-loss_z:7.412856,accu:0.544304,loss_recon:0.051558

8400-loss_z:0.132391,accu:0.999818,loss_recon:0.020136

8400-loss_z:7.647908,accu:0.544304,loss_recon:0.052689

8600-loss_z:0.124403,accu:1.0,loss_recon:0.019569

8600-loss_z:7.81617,accu:0.544304,loss_recon:0.052804

8800-loss_z:0.118109,accu:1.0,loss_recon:0.019042

8800-loss_z:8.013244,accu:0.544304,loss_recon:0.051765

9000-loss_z:0.112156,accu:1.0,loss_recon:0.018765

9000-loss_z:8.235865,accu:0.544304,loss_recon:0.049776

9200-loss_z:0.106509,accu:1.0,loss_recon:0.018382

9200-loss_z:8.391171,accu:0.544304,loss_recon:0.049918

9400-loss_z:0.101544,accu:1.0,loss_recon:0.018178

9400-loss_z:8.584489,accu:0.544304,loss_recon:0.049095

9600-loss_z:0.094686,accu:1.0,loss_recon:0.017942

9600-loss_z:8.749269,accu:0.544304,loss_recon:0.050563

9800-loss_z:0.089625,accu:1.0,loss_recon:0.017868

9800-loss_z:8.977402,accu:0.544304,loss_recon:0.051276

10000-loss_z:0.083838,accu:1.0,loss_recon:0.017362

10000-loss_z:9.221633,accu:0.544304,loss_recon:0.050021

10200-loss_z:0.07879,accu:1.0,loss_recon:0.016993

10200-loss_z:9.47954,accu:0.544304,loss_recon:0.050762

10400-loss_z:0.074766,accu:1.0,loss_recon:0.016659

10400-loss_z:9.80305,accu:0.531646,loss_recon:0.050407

10600-loss_z:0.070671,accu:1.0,loss_recon:0.016391

10600-loss_z:10.145136,accu:0.544304,loss_recon:0.049523

10800-loss_z:0.06705,accu:1.0,loss_recon:0.016624

10800-loss_z:10.40032,accu:0.556962,loss_recon:0.052089

11000-loss_z:0.06284,accu:1.0,loss_recon:0.016192

11000-loss_z:10.815668,accu:0.556962,loss_recon:0.052683

11200-loss_z:0.059949,accu:1.0,loss_recon:0.01594

11200-loss_z:11.049632,accu:0.544304,loss_recon:0.050088

11400-loss_z:0.056533,accu:1.0,loss_recon:0.016039

11400-loss_z:11.439315,accu:0.556962,loss_recon:0.051918

11600-loss_z:0.052951,accu:1.0,loss_recon:0.015604

11600-loss_z:11.788367,accu:0.531646,loss_recon:0.050899

11800-loss_z:0.050139,accu:1.0,loss_recon:0.015517

11800-loss_z:12.153876,accu:0.544304,loss_recon:0.052632

12000-loss_z:0.047446,accu:1.0,loss_recon:0.015559

12000-loss_z:12.467813,accu:0.556962,loss_recon:0.053534

12200-loss_z:0.04434,accu:1.0,loss_recon:0.015443

12200-loss_z:12.914201,accu:0.544304,loss_recon:0.053279

12400-loss_z:0.041763,accu:1.0,loss_recon:0.015414

12400-loss_z:13.135824,accu:0.544304,loss_recon:0.052218

12600-loss_z:0.039638,accu:1.0,loss_recon:0.015343

12600-loss_z:13.512713,accu:0.544304,loss_recon:0.05274

12800-loss_z:0.037244,accu:1.0,loss_recon:0.015254

12800-loss_z:13.874888,accu:0.556962,loss_recon:0.05194

13000-loss_z:0.034866,accu:1.0,loss_recon:0.015251

13000-loss_z:14.16263,accu:0.556962,loss_recon:0.054343

13200-loss_z:0.032408,accu:1.0,loss_recon:0.015093

13200-loss_z:14.489913,accu:0.556962,loss_recon:0.050429

13400-loss_z:0.030707,accu:1.0,loss_recon:0.015209

13400-loss_z:14.781922,accu:0.544304,loss_recon:0.051841

13600-loss_z:0.029113,accu:1.0,loss_recon:0.015329

13600-loss_z:15.125531,accu:0.556962,loss_recon:0.05245

13800-loss_z:0.027471,accu:1.0,loss_recon:0.015332

13800-loss_z:15.384146,accu:0.556962,loss_recon:0.051671

14000-loss_z:0.02587,accu:1.0,loss_recon:0.014986

14000-loss_z:15.726331,accu:0.556962,loss_recon:0.050765

14200-loss_z:0.023912,accu:1.0,loss_recon:0.015369

14200-loss_z:15.982317,accu:0.56962,loss_recon:0.051338

14400-loss_z:0.022346,accu:1.0,loss_recon:0.015189

14400-loss_z:16.324728,accu:0.556962,loss_recon:0.050798

14600-loss_z:0.021386,accu:1.0,loss_recon:0.015075

14600-loss_z:16.637892,accu:0.556962,loss_recon:0.050209

14800-loss_z:0.019843,accu:1.0,loss_recon:0.014879

14800-loss_z:16.829277,accu:0.556962,loss_recon:0.051264

15000-loss_z:0.018612,accu:1.0,loss_recon:0.015211

15000-loss_z:17.088984,accu:0.556962,loss_recon:0.049487

15200-loss_z:0.017487,accu:1.0,loss_recon:0.015038

15200-loss_z:17.332233,accu:0.56962,loss_recon:0.049834

15400-loss_z:0.016473,accu:1.0,loss_recon:0.015366

15400-loss_z:17.584852,accu:0.56962,loss_recon:0.051783

15600-loss_z:0.015501,accu:1.0,loss_recon:0.01513

15600-loss_z:17.886852,accu:0.582278,loss_recon:0.050361

15800-loss_z:0.014635,accu:1.0,loss_recon:0.014869

15800-loss_z:18.200142,accu:0.56962,loss_recon:0.051205

16000-loss_z:0.013579,accu:1.0,loss_recon:0.014953

16000-loss_z:18.387188,accu:0.556962,loss_recon:0.051761

16200-loss_z:0.012609,accu:1.0,loss_recon:0.014995

16200-loss_z:18.697748,accu:0.544304,loss_recon:0.052065

16400-loss_z:0.011878,accu:1.0,loss_recon:0.014991

16400-loss_z:18.956306,accu:0.56962,loss_recon:0.05141

16600-loss_z:0.011121,accu:1.0,loss_recon:0.014976

16600-loss_z:19.203909,accu:0.556962,loss_recon:0.052916

16800-loss_z:0.01034,accu:1.0,loss_recon:0.01473

16800-loss_z:19.485983,accu:0.544304,loss_recon:0.053576

17000-loss_z:0.00965,accu:1.0,loss_recon:0.014643

17000-loss_z:19.69005,accu:0.556962,loss_recon:0.051475

17200-loss_z:0.009134,accu:1.0,loss_recon:0.014754

17200-loss_z:19.959631,accu:0.556962,loss_recon:0.053076

17400-loss_z:0.008537,accu:1.0,loss_recon:0.014709

17400-loss_z:20.223352,accu:0.556962,loss_recon:0.051856

17600-loss_z:0.007914,accu:1.0,loss_recon:0.014649

17600-loss_z:20.490417,accu:0.531646,loss_recon:0.05438

17800-loss_z:0.007456,accu:1.0,loss_recon:0.0145

17800-loss_z:20.731035,accu:0.544304,loss_recon:0.051926

18000-loss_z:0.006895,accu:1.0,loss_recon:0.014444

18000-loss_z:20.999718,accu:0.544304,loss_recon:0.052294

18200-loss_z:0.006452,accu:1.0,loss_recon:0.014639

18200-loss_z:21.297113,accu:0.544304,loss_recon:0.053782

18400-loss_z:0.006001,accu:1.0,loss_recon:0.014708

18400-loss_z:21.580343,accu:0.531646,loss_recon:0.053467

18600-loss_z:0.005466,accu:1.0,loss_recon:0.014891

18600-loss_z:21.848675,accu:0.544304,loss_recon:0.052874

18800-loss_z:0.005171,accu:1.0,loss_recon:0.014572

18800-loss_z:22.044554,accu:0.531646,loss_recon:0.053945

19000-loss_z:0.004895,accu:1.0,loss_recon:0.014527

19000-loss_z:22.388697,accu:0.531646,loss_recon:0.052663

19200-loss_z:0.004468,accu:1.0,loss_recon:0.014604

19200-loss_z:22.674852,accu:0.531646,loss_recon:0.052157

19400-loss_z:0.004199,accu:1.0,loss_recon:0.014437

19400-loss_z:22.885708,accu:0.544304,loss_recon:0.05246

19600-loss_z:0.003883,accu:1.0,loss_recon:0.014384

19600-loss_z:23.139309,accu:0.556962,loss_recon:0.053045

19800-loss_z:0.003518,accu:1.0,loss_recon:0.014577

19800-loss_z:23.446365,accu:0.531646,loss_recon:0.052047

20000-loss_z:0.003397,accu:1.0,loss_recon:0.014446

20000-loss_z:23.68726,accu:0.531646,loss_recon:0.052665

Continue training
New FC model is initialized
200-loss_z:2.54603,accu:0.200942,loss_recon:1.128972

200-loss_z:2.542682,accu:0.113924,loss_recon:0.564175

400-loss_z:1.861529,accu:0.359746,loss_recon:0.325035

400-loss_z:2.434669,accu:0.177215,loss_recon:0.239981

600-loss_z:1.539506,accu:0.448529,loss_recon:0.154213

600-loss_z:2.314207,accu:0.227848,loss_recon:0.15961

800-loss_z:1.331559,accu:0.572214,loss_recon:0.103579

800-loss_z:2.233688,accu:0.291139,loss_recon:0.129406

1000-loss_z:1.171252,accu:0.657897,loss_recon:0.077143

1000-loss_z:2.19267,accu:0.316456,loss_recon:0.111205

1200-loss_z:1.044834,accu:0.728607,loss_recon:0.063398

1200-loss_z:2.148229,accu:0.392405,loss_recon:0.102823

1400-loss_z:0.941104,accu:0.784388,loss_recon:0.05286

1400-loss_z:2.119311,accu:0.405063,loss_recon:0.091624

1600-loss_z:0.851456,accu:0.829043,loss_recon:0.046229

1600-loss_z:2.091589,accu:0.443038,loss_recon:0.084257

1800-loss_z:0.774046,accu:0.85306,loss_recon:0.041277

1800-loss_z:2.109594,accu:0.455696,loss_recon:0.07467

2000-loss_z:0.710783,accu:0.868451,loss_recon:0.036397

2000-loss_z:2.131718,accu:0.481013,loss_recon:0.068143

2200-loss_z:0.65304,accu:0.896823,loss_recon:0.032865

2200-loss_z:2.170369,accu:0.518987,loss_recon:0.064811

2400-loss_z:0.595824,accu:0.919922,loss_recon:0.029338

2400-loss_z:2.243209,accu:0.468354,loss_recon:0.061461

2600-loss_z:0.552587,accu:0.929473,loss_recon:0.026738

2600-loss_z:2.286869,accu:0.518987,loss_recon:0.057638

2800-loss_z:0.508986,accu:0.939557,loss_recon:0.02465

2800-loss_z:2.362162,accu:0.544304,loss_recon:0.056017

3000-loss_z:0.472506,accu:0.951419,loss_recon:0.023066

3000-loss_z:2.416956,accu:0.531646,loss_recon:0.055531

3200-loss_z:0.435244,accu:0.961055,loss_recon:0.022442

3200-loss_z:2.518485,accu:0.518987,loss_recon:0.052651

3400-loss_z:0.402916,accu:0.968522,loss_recon:0.021379

3400-loss_z:2.554583,accu:0.582278,loss_recon:0.051013

3600-loss_z:0.375197,accu:0.972637,loss_recon:0.020584

3600-loss_z:2.648559,accu:0.56962,loss_recon:0.049792

3800-loss_z:0.344417,accu:0.980378,loss_recon:0.01994

3800-loss_z:2.712904,accu:0.582278,loss_recon:0.047088

4000-loss_z:0.321713,accu:0.981204,loss_recon:0.019292

4000-loss_z:2.794185,accu:0.594937,loss_recon:0.046534

4200-loss_z:0.299322,accu:0.982767,loss_recon:0.018939

4200-loss_z:2.865991,accu:0.594937,loss_recon:0.044181

4400-loss_z:0.274831,accu:0.985065,loss_recon:0.018852

4400-loss_z:2.932826,accu:0.607595,loss_recon:0.0435

4600-loss_z:0.257239,accu:0.985247,loss_recon:0.018562

4600-loss_z:3.005495,accu:0.582278,loss_recon:0.042947

4800-loss_z:0.240577,accu:0.98502,loss_recon:0.018279

4800-loss_z:3.047221,accu:0.582278,loss_recon:0.043556

5000-loss_z:0.223251,accu:0.98707,loss_recon:0.018033

5000-loss_z:3.133036,accu:0.594937,loss_recon:0.043082

5200-loss_z:0.206893,accu:0.987272,loss_recon:0.018146

5200-loss_z:3.188969,accu:0.582278,loss_recon:0.042384

5400-loss_z:0.191872,accu:0.989206,loss_recon:0.017645

5400-loss_z:3.298099,accu:0.607595,loss_recon:0.0426

5600-loss_z:0.178359,accu:0.991276,loss_recon:0.01754

5600-loss_z:3.374221,accu:0.632911,loss_recon:0.04212

5800-loss_z:0.163627,accu:0.993353,loss_recon:0.017688

5800-loss_z:3.439201,accu:0.632911,loss_recon:0.040773

6000-loss_z:0.152164,accu:0.995905,loss_recon:0.017476

6000-loss_z:3.547449,accu:0.632911,loss_recon:0.040575

6200-loss_z:0.142517,accu:0.999102,loss_recon:0.016958

6200-loss_z:3.593632,accu:0.632911,loss_recon:0.040481

6400-loss_z:0.130358,accu:0.999876,loss_recon:0.017011

6400-loss_z:3.686796,accu:0.620253,loss_recon:0.039235

6600-loss_z:0.121544,accu:1.0,loss_recon:0.017266

6600-loss_z:3.760083,accu:0.632911,loss_recon:0.040045

6800-loss_z:0.110707,accu:1.0,loss_recon:0.016913

6800-loss_z:3.872468,accu:0.620253,loss_recon:0.039949

7000-loss_z:0.102229,accu:1.0,loss_recon:0.016788

7000-loss_z:3.982817,accu:0.607595,loss_recon:0.04067

7200-loss_z:0.094417,accu:1.0,loss_recon:0.016813

7200-loss_z:4.079635,accu:0.632911,loss_recon:0.038966

7400-loss_z:0.087075,accu:1.0,loss_recon:0.016695

7400-loss_z:4.17021,accu:0.607595,loss_recon:0.039674

7600-loss_z:0.079315,accu:1.0,loss_recon:0.016434

7600-loss_z:4.280158,accu:0.620253,loss_recon:0.038664

7800-loss_z:0.073121,accu:1.0,loss_recon:0.016688

7800-loss_z:4.355901,accu:0.620253,loss_recon:0.038256

8000-loss_z:0.067246,accu:1.0,loss_recon:0.016468

8000-loss_z:4.473774,accu:0.594937,loss_recon:0.038643

8200-loss_z:0.062069,accu:1.0,loss_recon:0.016554

8200-loss_z:4.583079,accu:0.607595,loss_recon:0.038886

8400-loss_z:0.057105,accu:1.0,loss_recon:0.016608

8400-loss_z:4.72066,accu:0.607595,loss_recon:0.038857

8600-loss_z:0.052102,accu:1.0,loss_recon:0.01657

8600-loss_z:4.860458,accu:0.607595,loss_recon:0.037816

8800-loss_z:0.048258,accu:1.0,loss_recon:0.016621

8800-loss_z:4.986284,accu:0.594937,loss_recon:0.038776

9000-loss_z:0.043921,accu:1.0,loss_recon:0.016451

9000-loss_z:5.101211,accu:0.607595,loss_recon:0.03849

9200-loss_z:0.04064,accu:1.0,loss_recon:0.016325

9200-loss_z:5.202577,accu:0.607595,loss_recon:0.038391

9400-loss_z:0.037177,accu:1.0,loss_recon:0.0163

9400-loss_z:5.369394,accu:0.607595,loss_recon:0.038117

9600-loss_z:0.033603,accu:1.0,loss_recon:0.01611

9600-loss_z:5.539588,accu:0.607595,loss_recon:0.038944

9800-loss_z:0.030824,accu:1.0,loss_recon:0.016604

9800-loss_z:5.688484,accu:0.607595,loss_recon:0.038842

10000-loss_z:0.028327,accu:1.0,loss_recon:0.01637

10000-loss_z:5.883617,accu:0.594937,loss_recon:0.037567

10200-loss_z:0.026013,accu:1.0,loss_recon:0.016164

10200-loss_z:6.056361,accu:0.594937,loss_recon:0.037014

10400-loss_z:0.023609,accu:1.0,loss_recon:0.015998

10400-loss_z:6.242987,accu:0.594937,loss_recon:0.03725

10600-loss_z:0.02171,accu:1.0,loss_recon:0.015897

10600-loss_z:6.470147,accu:0.594937,loss_recon:0.037142

10800-loss_z:0.019292,accu:1.0,loss_recon:0.015744

10800-loss_z:6.737329,accu:0.594937,loss_recon:0.037073

11000-loss_z:0.017632,accu:1.0,loss_recon:0.015833

11000-loss_z:6.947878,accu:0.582278,loss_recon:0.036557

11200-loss_z:0.016465,accu:1.0,loss_recon:0.015849

11200-loss_z:7.135695,accu:0.582278,loss_recon:0.036674

11400-loss_z:0.014751,accu:1.0,loss_recon:0.015716

11400-loss_z:7.319882,accu:0.582278,loss_recon:0.035976

11600-loss_z:0.01336,accu:1.0,loss_recon:0.015674

11600-loss_z:7.641727,accu:0.582278,loss_recon:0.036228

11800-loss_z:0.012177,accu:1.0,loss_recon:0.015625

11800-loss_z:7.930695,accu:0.582278,loss_recon:0.036423

12000-loss_z:0.011008,accu:1.0,loss_recon:0.015722

12000-loss_z:8.222627,accu:0.594937,loss_recon:0.0375

12200-loss_z:0.010063,accu:1.0,loss_recon:0.015738

12200-loss_z:8.551248,accu:0.582278,loss_recon:0.035386

12400-loss_z:0.009012,accu:1.0,loss_recon:0.015612

12400-loss_z:8.863952,accu:0.594937,loss_recon:0.035953

12600-loss_z:0.00823,accu:1.0,loss_recon:0.015701

12600-loss_z:9.123957,accu:0.582278,loss_recon:0.035445

12800-loss_z:0.007385,accu:1.0,loss_recon:0.015402

12800-loss_z:9.400308,accu:0.582278,loss_recon:0.034821

13000-loss_z:0.006655,accu:1.0,loss_recon:0.015708

13000-loss_z:9.623566,accu:0.582278,loss_recon:0.034419

13200-loss_z:0.006055,accu:1.0,loss_recon:0.015599

13200-loss_z:9.921355,accu:0.582278,loss_recon:0.034297

13400-loss_z:0.005494,accu:1.0,loss_recon:0.015717

13400-loss_z:10.158876,accu:0.582278,loss_recon:0.035122

13600-loss_z:0.004993,accu:1.0,loss_recon:0.0154

13600-loss_z:10.393585,accu:0.582278,loss_recon:0.035666

13800-loss_z:0.004476,accu:1.0,loss_recon:0.015212

13800-loss_z:10.647495,accu:0.582278,loss_recon:0.035077

14000-loss_z:0.004085,accu:1.0,loss_recon:0.015479

14000-loss_z:10.866512,accu:0.582278,loss_recon:0.035021

14200-loss_z:0.003644,accu:1.0,loss_recon:0.015398

14200-loss_z:11.115477,accu:0.582278,loss_recon:0.034809

14400-loss_z:0.003297,accu:1.0,loss_recon:0.015052

14400-loss_z:11.398149,accu:0.582278,loss_recon:0.033671

14600-loss_z:0.003007,accu:1.0,loss_recon:0.015217

14600-loss_z:11.61813,accu:0.582278,loss_recon:0.034177

14800-loss_z:0.002712,accu:1.0,loss_recon:0.01527

14800-loss_z:11.855172,accu:0.582278,loss_recon:0.035082

15000-loss_z:0.002454,accu:1.0,loss_recon:0.014927

15000-loss_z:12.068002,accu:0.582278,loss_recon:0.03413

15200-loss_z:0.002199,accu:1.0,loss_recon:0.015083

15200-loss_z:12.299848,accu:0.582278,loss_recon:0.033332

15400-loss_z:0.001994,accu:1.0,loss_recon:0.015158

15400-loss_z:12.547037,accu:0.582278,loss_recon:0.033126

15600-loss_z:0.001792,accu:1.0,loss_recon:0.014991

15600-loss_z:12.737955,accu:0.582278,loss_recon:0.033481

15800-loss_z:0.001622,accu:1.0,loss_recon:0.015245

15800-loss_z:12.965851,accu:0.582278,loss_recon:0.03357

16000-loss_z:0.001455,accu:1.0,loss_recon:0.01496

16000-loss_z:13.180736,accu:0.582278,loss_recon:0.032966

16200-loss_z:0.001307,accu:1.0,loss_recon:0.015005

16200-loss_z:13.36972,accu:0.582278,loss_recon:0.032841

16400-loss_z:0.001191,accu:1.0,loss_recon:0.015053

16400-loss_z:13.593407,accu:0.582278,loss_recon:0.033399

16600-loss_z:0.001069,accu:1.0,loss_recon:0.014936

16600-loss_z:13.777617,accu:0.582278,loss_recon:0.033638

16800-loss_z:0.00095,accu:1.0,loss_recon:0.014717

16800-loss_z:13.931843,accu:0.582278,loss_recon:0.034294

17000-loss_z:0.000857,accu:1.0,loss_recon:0.014859

17000-loss_z:14.108665,accu:0.582278,loss_recon:0.032697

17200-loss_z:0.000775,accu:1.0,loss_recon:0.015178

17200-loss_z:14.259792,accu:0.582278,loss_recon:0.033815

17400-loss_z:0.000699,accu:1.0,loss_recon:0.015039

17400-loss_z:14.479404,accu:0.582278,loss_recon:0.033441

17600-loss_z:0.000628,accu:1.0,loss_recon:0.015067

17600-loss_z:14.633116,accu:0.594937,loss_recon:0.032883

17800-loss_z:0.000564,accu:1.0,loss_recon:0.014706

17800-loss_z:14.834621,accu:0.582278,loss_recon:0.032717

18000-loss_z:0.000506,accu:1.0,loss_recon:0.014818

18000-loss_z:14.992586,accu:0.594937,loss_recon:0.033795

18200-loss_z:0.000451,accu:1.0,loss_recon:0.014638

18200-loss_z:15.192176,accu:0.582278,loss_recon:0.033599

18400-loss_z:0.000406,accu:1.0,loss_recon:0.014966

18400-loss_z:15.334329,accu:0.582278,loss_recon:0.03321

18600-loss_z:0.000365,accu:1.0,loss_recon:0.014737

18600-loss_z:15.541873,accu:0.582278,loss_recon:0.034094

18800-loss_z:0.000324,accu:1.0,loss_recon:0.014703

18800-loss_z:15.71509,accu:0.582278,loss_recon:0.033397

19000-loss_z:0.000292,accu:1.0,loss_recon:0.014681

19000-loss_z:15.880301,accu:0.594937,loss_recon:0.033194

19200-loss_z:0.000263,accu:1.0,loss_recon:0.014807

19200-loss_z:15.987636,accu:0.607595,loss_recon:0.03319

19400-loss_z:0.000236,accu:1.0,loss_recon:0.015017

19400-loss_z:16.224173,accu:0.607595,loss_recon:0.032542

19600-loss_z:0.000208,accu:1.0,loss_recon:0.014774

19600-loss_z:16.3915,accu:0.607595,loss_recon:0.032479

19800-loss_z:0.000189,accu:1.0,loss_recon:0.014674

19800-loss_z:16.577616,accu:0.594937,loss_recon:0.032262

20000-loss_z:0.000169,accu:1.0,loss_recon:0.0148

20000-loss_z:16.788012,accu:0.594937,loss_recon:0.03339

Continue training
New FC model is initialized
200-loss_z:2.532614,accu:0.215122,loss_recon:1.222844

200-loss_z:2.632022,accu:0.126582,loss_recon:0.557982

400-loss_z:1.916391,accu:0.352845,loss_recon:0.294682

400-loss_z:2.497474,accu:0.126582,loss_recon:0.207126

600-loss_z:1.611855,accu:0.443874,loss_recon:0.144181

600-loss_z:2.407067,accu:0.151899,loss_recon:0.139436

800-loss_z:1.400918,accu:0.5161,loss_recon:0.109099

800-loss_z:2.347599,accu:0.189873,loss_recon:0.117908

1000-loss_z:1.243607,accu:0.585872,loss_recon:0.088876

1000-loss_z:2.348407,accu:0.253165,loss_recon:0.104302

1200-loss_z:1.121211,accu:0.654238,loss_recon:0.072899

1200-loss_z:2.353823,accu:0.265823,loss_recon:0.09125

1400-loss_z:1.023608,accu:0.71765,loss_recon:0.060336

1400-loss_z:2.384288,accu:0.35443,loss_recon:0.080334

1600-loss_z:0.937841,accu:0.756159,loss_recon:0.048865

1600-loss_z:2.436505,accu:0.291139,loss_recon:0.069568

1800-loss_z:0.864615,accu:0.79416,loss_recon:0.040475

1800-loss_z:2.507739,accu:0.367089,loss_recon:0.062107

2000-loss_z:0.802851,accu:0.826582,loss_recon:0.036904

2000-loss_z:2.60513,accu:0.405063,loss_recon:0.060977

2200-loss_z:0.7446,accu:0.855807,loss_recon:0.033141

2200-loss_z:2.68495,accu:0.443038,loss_recon:0.056516

2400-loss_z:0.68628,accu:0.887474,loss_recon:0.030916

2400-loss_z:2.777489,accu:0.481013,loss_recon:0.052934

2600-loss_z:0.639227,accu:0.897376,loss_recon:0.02887

2600-loss_z:2.849722,accu:0.468354,loss_recon:0.05167

2800-loss_z:0.594582,accu:0.89903,loss_recon:0.027255

2800-loss_z:2.970768,accu:0.531646,loss_recon:0.047861

3000-loss_z:0.556016,accu:0.90875,loss_recon:0.025367

3000-loss_z:3.049801,accu:0.518987,loss_recon:0.047779

3200-loss_z:0.523644,accu:0.923698,loss_recon:0.023703

3200-loss_z:3.160316,accu:0.531646,loss_recon:0.045384

3400-loss_z:0.49276,accu:0.930104,loss_recon:0.02318

3400-loss_z:3.272633,accu:0.531646,loss_recon:0.04404

3600-loss_z:0.458999,accu:0.943978,loss_recon:0.021866

3600-loss_z:3.364004,accu:0.531646,loss_recon:0.044458

3800-loss_z:0.432036,accu:0.945052,loss_recon:0.021077

3800-loss_z:3.505159,accu:0.544304,loss_recon:0.042809

4000-loss_z:0.40867,accu:0.95401,loss_recon:0.020756

4000-loss_z:3.610655,accu:0.556962,loss_recon:0.043279

4200-loss_z:0.382977,accu:0.958743,loss_recon:0.020346

4200-loss_z:3.756195,accu:0.556962,loss_recon:0.041957

4400-loss_z:0.359736,accu:0.966374,loss_recon:0.019814

4400-loss_z:3.898679,accu:0.56962,loss_recon:0.042587

4600-loss_z:0.339891,accu:0.975052,loss_recon:0.019334

4600-loss_z:4.045223,accu:0.594937,loss_recon:0.042117

4800-loss_z:0.320228,accu:0.977852,loss_recon:0.019114

4800-loss_z:4.19116,accu:0.556962,loss_recon:0.041618

5000-loss_z:0.3006,accu:0.97929,loss_recon:0.019069

5000-loss_z:4.323173,accu:0.594937,loss_recon:0.042312

5200-loss_z:0.28526,accu:0.980384,loss_recon:0.018663

5200-loss_z:4.468836,accu:0.594937,loss_recon:0.040378

5400-loss_z:0.269151,accu:0.988216,loss_recon:0.018693

5400-loss_z:4.643505,accu:0.56962,loss_recon:0.041672

5600-loss_z:0.252286,accu:0.993184,loss_recon:0.018385

5600-loss_z:4.826802,accu:0.620253,loss_recon:0.041087

5800-loss_z:0.236987,accu:0.992096,loss_recon:0.018158

5800-loss_z:4.962723,accu:0.607595,loss_recon:0.040923

6000-loss_z:0.223366,accu:0.994141,loss_recon:0.018021

6000-loss_z:5.168981,accu:0.594937,loss_recon:0.040563

6200-loss_z:0.212209,accu:0.994701,loss_recon:0.017948

6200-loss_z:5.358409,accu:0.620253,loss_recon:0.041543

6400-loss_z:0.200664,accu:0.99487,loss_recon:0.017991

6400-loss_z:5.54195,accu:0.64557,loss_recon:0.040915

6600-loss_z:0.18739,accu:0.997461,loss_recon:0.017691

6600-loss_z:5.71114,accu:0.620253,loss_recon:0.041298

6800-loss_z:0.177395,accu:0.998503,loss_recon:0.017556

6800-loss_z:5.892894,accu:0.632911,loss_recon:0.042642

7000-loss_z:0.165333,accu:0.999596,loss_recon:0.017449

7000-loss_z:6.09143,accu:0.632911,loss_recon:0.041724

7200-loss_z:0.158519,accu:0.999043,loss_recon:0.017233

7200-loss_z:6.278473,accu:0.632911,loss_recon:0.041862

7400-loss_z:0.146855,accu:0.999896,loss_recon:0.017266

7400-loss_z:6.467605,accu:0.620253,loss_recon:0.041339

7600-loss_z:0.137885,accu:0.999857,loss_recon:0.01707

7600-loss_z:6.661935,accu:0.632911,loss_recon:0.04177

7800-loss_z:0.131132,accu:1.0,loss_recon:0.016903

7800-loss_z:6.869329,accu:0.632911,loss_recon:0.041689

8000-loss_z:0.122121,accu:1.0,loss_recon:0.016889

8000-loss_z:7.030083,accu:0.64557,loss_recon:0.040872

8200-loss_z:0.114144,accu:1.0,loss_recon:0.01648

8200-loss_z:7.179871,accu:0.620253,loss_recon:0.041071

8400-loss_z:0.106328,accu:1.0,loss_recon:0.016547

8400-loss_z:7.332808,accu:0.632911,loss_recon:0.041252

8600-loss_z:0.099165,accu:1.0,loss_recon:0.016173

8600-loss_z:7.495567,accu:0.632911,loss_recon:0.042165

8800-loss_z:0.09327,accu:1.0,loss_recon:0.016229

8800-loss_z:7.627584,accu:0.632911,loss_recon:0.042919

9000-loss_z:0.085669,accu:1.0,loss_recon:0.016423

9000-loss_z:7.794399,accu:0.620253,loss_recon:0.042753

9200-loss_z:0.08001,accu:1.0,loss_recon:0.016354

9200-loss_z:7.969054,accu:0.632911,loss_recon:0.042774

9400-loss_z:0.074794,accu:1.0,loss_recon:0.016262

9400-loss_z:8.146165,accu:0.632911,loss_recon:0.043918

9600-loss_z:0.07014,accu:1.0,loss_recon:0.016396

9600-loss_z:8.30857,accu:0.632911,loss_recon:0.043121

9800-loss_z:0.064258,accu:1.0,loss_recon:0.016307

9800-loss_z:8.45377,accu:0.632911,loss_recon:0.042963

10000-loss_z:0.060458,accu:1.0,loss_recon:0.016068

10000-loss_z:8.597958,accu:0.64557,loss_recon:0.043907

10200-loss_z:0.05591,accu:1.0,loss_recon:0.016313

10200-loss_z:8.75035,accu:0.64557,loss_recon:0.043258

10400-loss_z:0.05196,accu:1.0,loss_recon:0.016373

10400-loss_z:8.928314,accu:0.64557,loss_recon:0.044198

10600-loss_z:0.048512,accu:1.0,loss_recon:0.016174

10600-loss_z:9.065867,accu:0.632911,loss_recon:0.042822

10800-loss_z:0.044548,accu:1.0,loss_recon:0.015926

10800-loss_z:9.216599,accu:0.658228,loss_recon:0.042654

11000-loss_z:0.041196,accu:1.0,loss_recon:0.016031

11000-loss_z:9.369839,accu:0.64557,loss_recon:0.043283

11200-loss_z:0.038014,accu:1.0,loss_recon:0.015807

11200-loss_z:9.499343,accu:0.658228,loss_recon:0.043943

11400-loss_z:0.035065,accu:1.0,loss_recon:0.015872

11400-loss_z:9.670068,accu:0.658228,loss_recon:0.043339

11600-loss_z:0.032369,accu:1.0,loss_recon:0.015725

11600-loss_z:9.820709,accu:0.658228,loss_recon:0.043405

11800-loss_z:0.029739,accu:1.0,loss_recon:0.015752

11800-loss_z:10.053191,accu:0.632911,loss_recon:0.04435

12000-loss_z:0.027569,accu:1.0,loss_recon:0.015642

12000-loss_z:10.328696,accu:0.64557,loss_recon:0.042932

12200-loss_z:0.025514,accu:1.0,loss_recon:0.015855

12200-loss_z:10.674255,accu:0.632911,loss_recon:0.043976

12400-loss_z:0.023322,accu:1.0,loss_recon:0.015659

12400-loss_z:11.022367,accu:0.632911,loss_recon:0.042624

12600-loss_z:0.021591,accu:1.0,loss_recon:0.015749

12600-loss_z:11.388584,accu:0.632911,loss_recon:0.043625

12800-loss_z:0.019592,accu:1.0,loss_recon:0.015692

12800-loss_z:11.788349,accu:0.620253,loss_recon:0.043528

13000-loss_z:0.018306,accu:1.0,loss_recon:0.01576

13000-loss_z:12.168012,accu:0.620253,loss_recon:0.044304

13200-loss_z:0.01675,accu:1.0,loss_recon:0.015842

13200-loss_z:12.515625,accu:0.620253,loss_recon:0.043461

13400-loss_z:0.015268,accu:1.0,loss_recon:0.015733

13400-loss_z:12.956619,accu:0.620253,loss_recon:0.04318

13600-loss_z:0.014107,accu:1.0,loss_recon:0.015826

13600-loss_z:13.40991,accu:0.620253,loss_recon:0.045048

13800-loss_z:0.012747,accu:1.0,loss_recon:0.015457

13800-loss_z:13.839949,accu:0.632911,loss_recon:0.043409

14000-loss_z:0.011934,accu:1.0,loss_recon:0.015684

14000-loss_z:14.192894,accu:0.632911,loss_recon:0.044339

14200-loss_z:0.010941,accu:1.0,loss_recon:0.015717

14200-loss_z:14.601817,accu:0.632911,loss_recon:0.044429

14400-loss_z:0.010135,accu:1.0,loss_recon:0.015364

14400-loss_z:15.006392,accu:0.620253,loss_recon:0.044136

14600-loss_z:0.009184,accu:1.0,loss_recon:0.015364

14600-loss_z:15.501584,accu:0.620253,loss_recon:0.044309

14800-loss_z:0.008434,accu:1.0,loss_recon:0.015374

14800-loss_z:15.929348,accu:0.620253,loss_recon:0.044527

15000-loss_z:0.007685,accu:1.0,loss_recon:0.015427

15000-loss_z:16.380571,accu:0.620253,loss_recon:0.044322

15200-loss_z:0.007048,accu:1.0,loss_recon:0.01533

15200-loss_z:16.818062,accu:0.620253,loss_recon:0.044604

15400-loss_z:0.006485,accu:1.0,loss_recon:0.015296

15400-loss_z:17.205561,accu:0.620253,loss_recon:0.043895

15600-loss_z:0.005827,accu:1.0,loss_recon:0.015369

15600-loss_z:17.675575,accu:0.620253,loss_recon:0.044684

15800-loss_z:0.005429,accu:1.0,loss_recon:0.015428

15800-loss_z:18.151936,accu:0.620253,loss_recon:0.044049

16000-loss_z:0.004879,accu:1.0,loss_recon:0.015317

16000-loss_z:18.652044,accu:0.620253,loss_recon:0.043387

16200-loss_z:0.004469,accu:1.0,loss_recon:0.014948

16200-loss_z:19.131235,accu:0.620253,loss_recon:0.043134

16400-loss_z:0.003994,accu:1.0,loss_recon:0.015187

16400-loss_z:19.565601,accu:0.620253,loss_recon:0.04477

16600-loss_z:0.003727,accu:1.0,loss_recon:0.014964

16600-loss_z:20.042997,accu:0.620253,loss_recon:0.044084

16800-loss_z:0.003421,accu:1.0,loss_recon:0.014952

16800-loss_z:20.489958,accu:0.607595,loss_recon:0.043939

17000-loss_z:0.003112,accu:1.0,loss_recon:0.014958

17000-loss_z:21.00185,accu:0.620253,loss_recon:0.043985

17200-loss_z:0.002812,accu:1.0,loss_recon:0.015114

17200-loss_z:21.441221,accu:0.620253,loss_recon:0.042768

17400-loss_z:0.002584,accu:1.0,loss_recon:0.015372

17400-loss_z:21.856771,accu:0.620253,loss_recon:0.04234

17600-loss_z:0.002331,accu:1.0,loss_recon:0.015083

17600-loss_z:22.33131,accu:0.620253,loss_recon:0.043156

17800-loss_z:0.002152,accu:1.0,loss_recon:0.015115

17800-loss_z:22.827827,accu:0.620253,loss_recon:0.044428

18000-loss_z:0.001939,accu:1.0,loss_recon:0.014921

18000-loss_z:23.296625,accu:0.620253,loss_recon:0.043552

18200-loss_z:0.001744,accu:1.0,loss_recon:0.015327

18200-loss_z:23.771358,accu:0.620253,loss_recon:0.04329

18400-loss_z:0.00158,accu:1.0,loss_recon:0.014602

18400-loss_z:24.244263,accu:0.620253,loss_recon:0.044236

18600-loss_z:0.001471,accu:1.0,loss_recon:0.015017

18600-loss_z:24.700996,accu:0.620253,loss_recon:0.043504

18800-loss_z:0.001317,accu:1.0,loss_recon:0.014946

18800-loss_z:25.191891,accu:0.620253,loss_recon:0.043422

19000-loss_z:0.001186,accu:1.0,loss_recon:0.015042

19000-loss_z:25.691263,accu:0.620253,loss_recon:0.042737

19200-loss_z:0.001055,accu:1.0,loss_recon:0.015128

19200-loss_z:26.174948,accu:0.620253,loss_recon:0.041765

19400-loss_z:0.000977,accu:1.0,loss_recon:0.01522

19400-loss_z:26.629988,accu:0.620253,loss_recon:0.041378

19600-loss_z:0.000886,accu:1.0,loss_recon:0.014915

19600-loss_z:27.081816,accu:0.620253,loss_recon:0.042627

19800-loss_z:0.000816,accu:1.0,loss_recon:0.014957

19800-loss_z:27.577608,accu:0.620253,loss_recon:0.041452

20000-loss_z:0.000734,accu:1.0,loss_recon:0.014759

20000-loss_z:28.006557,accu:0.632911,loss_recon:0.042674

Continue training
New FC model is initialized
200-loss_z:2.57417,accu:0.187707,loss_recon:1.184844

200-loss_z:2.755442,accu:0.088608,loss_recon:0.594686

400-loss_z:1.912604,accu:0.380983,loss_recon:0.323394

400-loss_z:2.612757,accu:0.101266,loss_recon:0.284158

600-loss_z:1.601786,accu:0.494616,loss_recon:0.149997

600-loss_z:2.500057,accu:0.177215,loss_recon:0.19992

800-loss_z:1.376695,accu:0.581126,loss_recon:0.09876

800-loss_z:2.423991,accu:0.202532,loss_recon:0.162189

1000-loss_z:1.210868,accu:0.660273,loss_recon:0.072626

1000-loss_z:2.371207,accu:0.291139,loss_recon:0.133279

1200-loss_z:1.082779,accu:0.717904,loss_recon:0.059238

1200-loss_z:2.329469,accu:0.265823,loss_recon:0.118614

1400-loss_z:0.985899,accu:0.753633,loss_recon:0.050216

1400-loss_z:2.272139,accu:0.316456,loss_recon:0.10677

1600-loss_z:0.895632,accu:0.79457,loss_recon:0.045155

1600-loss_z:2.24387,accu:0.367089,loss_recon:0.097286

1800-loss_z:0.826273,accu:0.822422,loss_recon:0.040138

1800-loss_z:2.194453,accu:0.367089,loss_recon:0.090174

2000-loss_z:0.766027,accu:0.845658,loss_recon:0.036337

2000-loss_z:2.219824,accu:0.379747,loss_recon:0.087033

2200-loss_z:0.713222,accu:0.868509,loss_recon:0.033074

2200-loss_z:2.221242,accu:0.392405,loss_recon:0.085842

2400-loss_z:0.667123,accu:0.877454,loss_recon:0.030435

2400-loss_z:2.244918,accu:0.417722,loss_recon:0.079831

2600-loss_z:0.623041,accu:0.888444,loss_recon:0.029488

2600-loss_z:2.291151,accu:0.417722,loss_recon:0.077676

2800-loss_z:0.58542,accu:0.887949,loss_recon:0.027819

2800-loss_z:2.314041,accu:0.455696,loss_recon:0.075962

3000-loss_z:0.551182,accu:0.905,loss_recon:0.026584

3000-loss_z:2.37985,accu:0.455696,loss_recon:0.074474

3200-loss_z:0.519413,accu:0.913958,loss_recon:0.02623

3200-loss_z:2.426481,accu:0.531646,loss_recon:0.072451

3400-loss_z:0.489566,accu:0.918268,loss_recon:0.025632

3400-loss_z:2.518357,accu:0.518987,loss_recon:0.075275

3600-loss_z:0.460607,accu:0.931641,loss_recon:0.024322

3600-loss_z:2.574509,accu:0.518987,loss_recon:0.073036

3800-loss_z:0.433436,accu:0.942611,loss_recon:0.023442

3800-loss_z:2.674587,accu:0.506329,loss_recon:0.072047

4000-loss_z:0.406641,accu:0.950013,loss_recon:0.023514

4000-loss_z:2.765273,accu:0.544304,loss_recon:0.071892

4200-loss_z:0.383878,accu:0.961908,loss_recon:0.022026

4200-loss_z:2.870197,accu:0.531646,loss_recon:0.071541

4400-loss_z:0.361053,accu:0.967604,loss_recon:0.021896

4400-loss_z:2.959716,accu:0.544304,loss_recon:0.066625

4600-loss_z:0.342433,accu:0.966921,loss_recon:0.020754

4600-loss_z:3.083208,accu:0.531646,loss_recon:0.068196

4800-loss_z:0.321726,accu:0.974486,loss_recon:0.02036

4800-loss_z:3.188592,accu:0.556962,loss_recon:0.066253

5000-loss_z:0.302173,accu:0.977207,loss_recon:0.019804

5000-loss_z:3.313666,accu:0.518987,loss_recon:0.063692

5200-loss_z:0.285742,accu:0.978385,loss_recon:0.019537

5200-loss_z:3.442581,accu:0.544304,loss_recon:0.064866

5400-loss_z:0.268006,accu:0.980638,loss_recon:0.018998

5400-loss_z:3.515479,accu:0.544304,loss_recon:0.064337

5600-loss_z:0.25516,accu:0.980983,loss_recon:0.018796

5600-loss_z:3.654794,accu:0.56962,loss_recon:0.063717

5800-loss_z:0.239996,accu:0.984564,loss_recon:0.018153

5800-loss_z:3.783113,accu:0.556962,loss_recon:0.062565

6000-loss_z:0.225844,accu:0.985228,loss_recon:0.017692

6000-loss_z:3.978941,accu:0.56962,loss_recon:0.064639

6200-loss_z:0.212044,accu:0.986738,loss_recon:0.017719

6200-loss_z:4.134006,accu:0.56962,loss_recon:0.062409

6400-loss_z:0.198587,accu:0.98666,loss_recon:0.017735

6400-loss_z:4.368548,accu:0.544304,loss_recon:0.062334

6600-loss_z:0.188322,accu:0.989668,loss_recon:0.016895

6600-loss_z:4.563241,accu:0.556962,loss_recon:0.060265

6800-loss_z:0.177789,accu:0.990944,loss_recon:0.017135

6800-loss_z:4.818028,accu:0.56962,loss_recon:0.061075

7000-loss_z:0.168879,accu:0.992474,loss_recon:0.017008

7000-loss_z:5.015691,accu:0.531646,loss_recon:0.058599

7200-loss_z:0.159012,accu:0.992689,loss_recon:0.016787

7200-loss_z:5.267738,accu:0.56962,loss_recon:0.059382

7400-loss_z:0.148146,accu:0.993867,loss_recon:0.016515

7400-loss_z:5.44222,accu:0.544304,loss_recon:0.05837

7600-loss_z:0.141837,accu:0.99321,loss_recon:0.016446

7600-loss_z:5.684254,accu:0.531646,loss_recon:0.0599

7800-loss_z:0.132321,accu:0.995234,loss_recon:0.016262

7800-loss_z:5.900388,accu:0.531646,loss_recon:0.059656

8000-loss_z:0.127127,accu:0.994486,loss_recon:0.015961

8000-loss_z:6.132631,accu:0.544304,loss_recon:0.060066

8200-loss_z:0.117006,accu:0.995716,loss_recon:0.016212

8200-loss_z:6.37057,accu:0.556962,loss_recon:0.057377

8400-loss_z:0.110579,accu:0.995996,loss_recon:0.015764

8400-loss_z:6.587244,accu:0.556962,loss_recon:0.057659

8600-loss_z:0.104043,accu:0.997259,loss_recon:0.015881

8600-loss_z:6.854838,accu:0.531646,loss_recon:0.057182

8800-loss_z:0.099697,accu:0.998659,loss_recon:0.015729

8800-loss_z:7.064883,accu:0.56962,loss_recon:0.057207

9000-loss_z:0.092217,accu:0.998418,loss_recon:0.015542

9000-loss_z:7.238432,accu:0.531646,loss_recon:0.057222

9200-loss_z:0.08669,accu:0.998958,loss_recon:0.015754

9200-loss_z:7.495741,accu:0.556962,loss_recon:0.057903

9400-loss_z:0.081072,accu:0.999141,loss_recon:0.015445

9400-loss_z:7.724914,accu:0.556962,loss_recon:0.057142

9600-loss_z:0.076817,accu:0.999857,loss_recon:0.015355

9600-loss_z:7.948468,accu:0.556962,loss_recon:0.05756

9800-loss_z:0.071926,accu:1.0,loss_recon:0.015336

9800-loss_z:8.189938,accu:0.544304,loss_recon:0.058984

10000-loss_z:0.067493,accu:1.0,loss_recon:0.015247

10000-loss_z:8.453902,accu:0.518987,loss_recon:0.056386

10200-loss_z:0.063969,accu:1.0,loss_recon:0.015082

10200-loss_z:8.693708,accu:0.506329,loss_recon:0.057192

10400-loss_z:0.058282,accu:1.0,loss_recon:0.015115

10400-loss_z:8.941578,accu:0.556962,loss_recon:0.057607

10600-loss_z:0.055649,accu:1.0,loss_recon:0.015216

10600-loss_z:9.194485,accu:0.556962,loss_recon:0.055369

10800-loss_z:0.052271,accu:1.0,loss_recon:0.015011

10800-loss_z:9.470274,accu:0.56962,loss_recon:0.054869

11000-loss_z:0.04868,accu:1.0,loss_recon:0.014844

11000-loss_z:9.689788,accu:0.544304,loss_recon:0.05639

11200-loss_z:0.045721,accu:1.0,loss_recon:0.014835

11200-loss_z:9.914952,accu:0.544304,loss_recon:0.056004

11400-loss_z:0.042867,accu:1.0,loss_recon:0.014915

11400-loss_z:10.151389,accu:0.531646,loss_recon:0.054259

11600-loss_z:0.039963,accu:1.0,loss_recon:0.014865

11600-loss_z:10.385936,accu:0.544304,loss_recon:0.054727

11800-loss_z:0.037193,accu:1.0,loss_recon:0.014908

11800-loss_z:10.634275,accu:0.544304,loss_recon:0.054087

12000-loss_z:0.034545,accu:1.0,loss_recon:0.014499

12000-loss_z:10.867711,accu:0.556962,loss_recon:0.053009

12200-loss_z:0.032871,accu:1.0,loss_recon:0.014659

12200-loss_z:11.144563,accu:0.531646,loss_recon:0.052725

12400-loss_z:0.030691,accu:1.0,loss_recon:0.014733

12400-loss_z:11.341416,accu:0.556962,loss_recon:0.052059

12600-loss_z:0.028271,accu:1.0,loss_recon:0.014764

12600-loss_z:11.575866,accu:0.518987,loss_recon:0.052577

12800-loss_z:0.027125,accu:1.0,loss_recon:0.014578

12800-loss_z:11.854556,accu:0.531646,loss_recon:0.052433

13000-loss_z:0.025239,accu:1.0,loss_recon:0.014459

13000-loss_z:12.129354,accu:0.544304,loss_recon:0.051161

13200-loss_z:0.023316,accu:1.0,loss_recon:0.014548

13200-loss_z:12.368566,accu:0.544304,loss_recon:0.050903

13400-loss_z:0.021578,accu:1.0,loss_recon:0.014538

13400-loss_z:12.623783,accu:0.544304,loss_recon:0.050807

13600-loss_z:0.02057,accu:1.0,loss_recon:0.014475

13600-loss_z:12.844664,accu:0.544304,loss_recon:0.051209

13800-loss_z:0.019215,accu:1.0,loss_recon:0.014514

13800-loss_z:13.08806,accu:0.544304,loss_recon:0.050018

14000-loss_z:0.017717,accu:1.0,loss_recon:0.014278

14000-loss_z:13.321299,accu:0.556962,loss_recon:0.049164

14200-loss_z:0.016679,accu:1.0,loss_recon:0.014442

14200-loss_z:13.521776,accu:0.556962,loss_recon:0.050141

14400-loss_z:0.015727,accu:1.0,loss_recon:0.014265

14400-loss_z:13.74765,accu:0.556962,loss_recon:0.050916

14600-loss_z:0.014529,accu:1.0,loss_recon:0.014366

14600-loss_z:13.958771,accu:0.556962,loss_recon:0.049921

14800-loss_z:0.013636,accu:1.0,loss_recon:0.014351

14800-loss_z:14.157404,accu:0.544304,loss_recon:0.049444

15000-loss_z:0.01241,accu:1.0,loss_recon:0.014346

15000-loss_z:14.407126,accu:0.544304,loss_recon:0.049974

15200-loss_z:0.011801,accu:1.0,loss_recon:0.014328

15200-loss_z:14.621954,accu:0.544304,loss_recon:0.048921

15400-loss_z:0.010755,accu:1.0,loss_recon:0.014269

15400-loss_z:14.841478,accu:0.544304,loss_recon:0.049216

15600-loss_z:0.01017,accu:1.0,loss_recon:0.014193

15600-loss_z:15.034332,accu:0.544304,loss_recon:0.049231

15800-loss_z:0.009531,accu:1.0,loss_recon:0.014198

15800-loss_z:15.205322,accu:0.544304,loss_recon:0.048908

16000-loss_z:0.008729,accu:1.0,loss_recon:0.014247

16000-loss_z:15.349591,accu:0.531646,loss_recon:0.048479

16200-loss_z:0.008238,accu:1.0,loss_recon:0.014434

16200-loss_z:15.472292,accu:0.531646,loss_recon:0.04988

16400-loss_z:0.007621,accu:1.0,loss_recon:0.014144

16400-loss_z:15.484165,accu:0.531646,loss_recon:0.04769

16600-loss_z:0.006921,accu:1.0,loss_recon:0.014184

16600-loss_z:15.543166,accu:0.531646,loss_recon:0.048165

16800-loss_z:0.006646,accu:1.0,loss_recon:0.013898

16800-loss_z:15.673733,accu:0.531646,loss_recon:0.048506

17000-loss_z:0.006138,accu:1.0,loss_recon:0.014238

17000-loss_z:15.816099,accu:0.531646,loss_recon:0.048529

17200-loss_z:0.005691,accu:1.0,loss_recon:0.013887

17200-loss_z:16.069298,accu:0.531646,loss_recon:0.047651

17400-loss_z:0.005259,accu:1.0,loss_recon:0.013971

17400-loss_z:16.136248,accu:0.531646,loss_recon:0.047251

17600-loss_z:0.004847,accu:1.0,loss_recon:0.013759

17600-loss_z:16.309904,accu:0.531646,loss_recon:0.04814

17800-loss_z:0.004597,accu:1.0,loss_recon:0.013898

17800-loss_z:16.488836,accu:0.531646,loss_recon:0.046811

18000-loss_z:0.004146,accu:1.0,loss_recon:0.013714

18000-loss_z:16.580442,accu:0.531646,loss_recon:0.046969

18200-loss_z:0.003864,accu:1.0,loss_recon:0.013766

18200-loss_z:16.611805,accu:0.531646,loss_recon:0.046964

18400-loss_z:0.00358,accu:1.0,loss_recon:0.013818

18400-loss_z:16.553772,accu:0.531646,loss_recon:0.047268

18600-loss_z:0.003252,accu:1.0,loss_recon:0.013693

18600-loss_z:16.603983,accu:0.544304,loss_recon:0.048585

18800-loss_z:0.003017,accu:1.0,loss_recon:0.013616

18800-loss_z:16.726267,accu:0.544304,loss_recon:0.047743

19000-loss_z:0.002775,accu:1.0,loss_recon:0.013554

19000-loss_z:16.846407,accu:0.544304,loss_recon:0.046308

19200-loss_z:0.002567,accu:1.0,loss_recon:0.013224

19200-loss_z:17.051104,accu:0.544304,loss_recon:0.046096

19400-loss_z:0.002405,accu:1.0,loss_recon:0.013458

19400-loss_z:17.237638,accu:0.544304,loss_recon:0.047092

19600-loss_z:0.002173,accu:1.0,loss_recon:0.013291

19600-loss_z:17.514263,accu:0.556962,loss_recon:0.046256

19800-loss_z:0.002025,accu:1.0,loss_recon:0.013134

19800-loss_z:17.708792,accu:0.544304,loss_recon:0.045566

20000-loss_z:0.001877,accu:1.0,loss_recon:0.013219

20000-loss_z:18.005756,accu:0.556962,loss_recon:0.045843

Continue training
New FC model is initialized
200-loss_z:2.574256,accu:0.1749,loss_recon:1.030404

200-loss_z:2.671798,accu:0.139241,loss_recon:0.533383

400-loss_z:1.874121,accu:0.374668,loss_recon:0.28415

400-loss_z:2.545924,accu:0.151899,loss_recon:0.254251

600-loss_z:1.541412,accu:0.461074,loss_recon:0.153318

600-loss_z:2.542394,accu:0.21519,loss_recon:0.189916

800-loss_z:1.33782,accu:0.55375,loss_recon:0.105291

800-loss_z:2.557369,accu:0.227848,loss_recon:0.144884

1000-loss_z:1.185571,accu:0.638991,loss_recon:0.07378

1000-loss_z:2.602586,accu:0.265823,loss_recon:0.105216

1200-loss_z:1.067546,accu:0.700417,loss_recon:0.056348

1200-loss_z:2.65645,accu:0.329114,loss_recon:0.090478

1400-loss_z:0.966488,accu:0.755267,loss_recon:0.045998

1400-loss_z:2.701419,accu:0.367089,loss_recon:0.07876

1600-loss_z:0.879815,accu:0.807539,loss_recon:0.038209

1600-loss_z:2.765744,accu:0.367089,loss_recon:0.066905

1800-loss_z:0.80912,accu:0.839596,loss_recon:0.032386

1800-loss_z:2.862233,accu:0.443038,loss_recon:0.05923

2000-loss_z:0.74607,accu:0.858594,loss_recon:0.027999

2000-loss_z:2.937806,accu:0.43038,loss_recon:0.052698

2200-loss_z:0.688237,accu:0.877643,loss_recon:0.025182

2200-loss_z:3.01122,accu:0.506329,loss_recon:0.047187

2400-loss_z:0.635091,accu:0.892845,loss_recon:0.022613

2400-loss_z:3.108304,accu:0.493671,loss_recon:0.043083

2600-loss_z:0.591116,accu:0.909251,loss_recon:0.021284

2600-loss_z:3.20462,accu:0.544304,loss_recon:0.04146

2800-loss_z:0.549019,accu:0.922552,loss_recon:0.0202

2800-loss_z:3.301953,accu:0.582278,loss_recon:0.038723

3000-loss_z:0.511705,accu:0.932148,loss_recon:0.019279

3000-loss_z:3.385498,accu:0.531646,loss_recon:0.036719

3200-loss_z:0.478389,accu:0.945189,loss_recon:0.018573

3200-loss_z:3.482039,accu:0.544304,loss_recon:0.036071

3400-loss_z:0.445361,accu:0.951133,loss_recon:0.018444

3400-loss_z:3.625548,accu:0.582278,loss_recon:0.034428

3600-loss_z:0.417989,accu:0.959134,loss_recon:0.018166

3600-loss_z:3.712417,accu:0.594937,loss_recon:0.034164

3800-loss_z:0.390539,accu:0.963105,loss_recon:0.017912

3800-loss_z:3.823324,accu:0.582278,loss_recon:0.034479

4000-loss_z:0.364665,accu:0.968053,loss_recon:0.017715

4000-loss_z:3.926585,accu:0.594937,loss_recon:0.034125

4200-loss_z:0.34211,accu:0.972878,loss_recon:0.017685

4200-loss_z:4.077758,accu:0.607595,loss_recon:0.033489

4400-loss_z:0.316748,accu:0.97625,loss_recon:0.017308

4400-loss_z:4.157814,accu:0.607595,loss_recon:0.032277

4600-loss_z:0.297824,accu:0.978548,loss_recon:0.016842

4600-loss_z:4.3055,accu:0.594937,loss_recon:0.03319

4800-loss_z:0.280131,accu:0.985612,loss_recon:0.016802

4800-loss_z:4.430006,accu:0.607595,loss_recon:0.033734

5000-loss_z:0.262278,accu:0.989583,loss_recon:0.016485

5000-loss_z:4.548324,accu:0.607595,loss_recon:0.032251

5200-loss_z:0.245702,accu:0.991725,loss_recon:0.016443

5200-loss_z:4.6743,accu:0.658228,loss_recon:0.034326

5400-loss_z:0.229623,accu:0.996315,loss_recon:0.01632

5400-loss_z:4.824499,accu:0.632911,loss_recon:0.03221

5600-loss_z:0.21288,accu:0.997995,loss_recon:0.016234

5600-loss_z:4.949446,accu:0.607595,loss_recon:0.032327

5800-loss_z:0.202125,accu:0.997565,loss_recon:0.016026

5800-loss_z:5.05806,accu:0.607595,loss_recon:0.033177

6000-loss_z:0.187194,accu:0.998691,loss_recon:0.015955

6000-loss_z:5.165087,accu:0.594937,loss_recon:0.031848

6200-loss_z:0.176496,accu:0.999323,loss_recon:0.015901

6200-loss_z:5.289103,accu:0.594937,loss_recon:0.03336

6400-loss_z:0.163823,accu:1.0,loss_recon:0.01594

6400-loss_z:5.383371,accu:0.607595,loss_recon:0.032636

6600-loss_z:0.152845,accu:0.999753,loss_recon:0.015764

6600-loss_z:5.476569,accu:0.607595,loss_recon:0.032362

6800-loss_z:0.144349,accu:1.0,loss_recon:0.015751

6800-loss_z:5.576296,accu:0.594937,loss_recon:0.031835

7000-loss_z:0.133805,accu:1.0,loss_recon:0.015756

7000-loss_z:5.658252,accu:0.607595,loss_recon:0.032847

7200-loss_z:0.124759,accu:1.0,loss_recon:0.01549

7200-loss_z:5.733994,accu:0.620253,loss_recon:0.032236

7400-loss_z:0.11707,accu:1.0,loss_recon:0.015853

7400-loss_z:5.763438,accu:0.607595,loss_recon:0.03264

7600-loss_z:0.108749,accu:1.0,loss_recon:0.015855

7600-loss_z:5.787147,accu:0.620253,loss_recon:0.032351

7800-loss_z:0.10097,accu:1.0,loss_recon:0.015416

7800-loss_z:5.772805,accu:0.620253,loss_recon:0.032004

8000-loss_z:0.095125,accu:1.0,loss_recon:0.015489

8000-loss_z:5.670927,accu:0.620253,loss_recon:0.033258

8200-loss_z:0.088158,accu:1.0,loss_recon:0.015267

8200-loss_z:5.852896,accu:0.620253,loss_recon:0.031227

8400-loss_z:0.082515,accu:1.0,loss_recon:0.015456

8400-loss_z:5.97121,accu:0.620253,loss_recon:0.032246

8600-loss_z:0.075953,accu:1.0,loss_recon:0.015493

8600-loss_z:6.231135,accu:0.632911,loss_recon:0.032595

8800-loss_z:0.070961,accu:1.0,loss_recon:0.015625

8800-loss_z:6.604172,accu:0.632911,loss_recon:0.031883

9000-loss_z:0.065651,accu:1.0,loss_recon:0.015436

9000-loss_z:6.86561,accu:0.632911,loss_recon:0.032056

9200-loss_z:0.061371,accu:1.0,loss_recon:0.015371

9200-loss_z:7.180933,accu:0.620253,loss_recon:0.032519

9400-loss_z:0.057739,accu:1.0,loss_recon:0.015352

9400-loss_z:7.507442,accu:0.632911,loss_recon:0.031675

9600-loss_z:0.052707,accu:1.0,loss_recon:0.015185

9600-loss_z:7.852375,accu:0.632911,loss_recon:0.031898

9800-loss_z:0.049809,accu:1.0,loss_recon:0.015148

9800-loss_z:8.176216,accu:0.632911,loss_recon:0.033123

10000-loss_z:0.045804,accu:1.0,loss_recon:0.015144

10000-loss_z:8.537746,accu:0.632911,loss_recon:0.032095

10200-loss_z:0.042333,accu:1.0,loss_recon:0.015104

10200-loss_z:8.905035,accu:0.632911,loss_recon:0.033336

10400-loss_z:0.039408,accu:1.0,loss_recon:0.01502

10400-loss_z:9.242141,accu:0.620253,loss_recon:0.031954

10600-loss_z:0.036505,accu:1.0,loss_recon:0.0151

10600-loss_z:9.548418,accu:0.620253,loss_recon:0.031958

10800-loss_z:0.03348,accu:1.0,loss_recon:0.015091

10800-loss_z:9.907002,accu:0.632911,loss_recon:0.030386

11000-loss_z:0.031186,accu:1.0,loss_recon:0.015084

11000-loss_z:10.256696,accu:0.632911,loss_recon:0.030852

11200-loss_z:0.028268,accu:1.0,loss_recon:0.014874

11200-loss_z:10.571783,accu:0.620253,loss_recon:0.030919

11400-loss_z:0.026273,accu:1.0,loss_recon:0.014813

11400-loss_z:10.912921,accu:0.620253,loss_recon:0.031638

11600-loss_z:0.024122,accu:1.0,loss_recon:0.015048

11600-loss_z:11.226165,accu:0.620253,loss_recon:0.031386

11800-loss_z:0.022505,accu:1.0,loss_recon:0.014879

11800-loss_z:11.541197,accu:0.632911,loss_recon:0.030839

12000-loss_z:0.021091,accu:1.0,loss_recon:0.014912

12000-loss_z:11.851825,accu:0.632911,loss_recon:0.032145

12200-loss_z:0.018853,accu:1.0,loss_recon:0.01482

12200-loss_z:12.222385,accu:0.632911,loss_recon:0.031745

12400-loss_z:0.017968,accu:1.0,loss_recon:0.014781

12400-loss_z:12.530035,accu:0.632911,loss_recon:0.0312

12600-loss_z:0.016292,accu:1.0,loss_recon:0.014583

12600-loss_z:12.875951,accu:0.632911,loss_recon:0.029791

12800-loss_z:0.01476,accu:1.0,loss_recon:0.014756

12800-loss_z:13.171402,accu:0.64557,loss_recon:0.030669

13000-loss_z:0.01375,accu:1.0,loss_recon:0.014741

13000-loss_z:13.507108,accu:0.632911,loss_recon:0.031032

13200-loss_z:0.012696,accu:1.0,loss_recon:0.014886

13200-loss_z:13.836775,accu:0.632911,loss_recon:0.03062

13400-loss_z:0.011513,accu:1.0,loss_recon:0.014918

13400-loss_z:14.180148,accu:0.64557,loss_recon:0.03046

13600-loss_z:0.010608,accu:1.0,loss_recon:0.01481

13600-loss_z:14.47322,accu:0.632911,loss_recon:0.03104

13800-loss_z:0.009843,accu:1.0,loss_recon:0.014758

13800-loss_z:14.797801,accu:0.632911,loss_recon:0.031

14000-loss_z:0.009047,accu:1.0,loss_recon:0.014421

14000-loss_z:15.081394,accu:0.64557,loss_recon:0.03148

14200-loss_z:0.008257,accu:1.0,loss_recon:0.014705

14200-loss_z:15.430502,accu:0.632911,loss_recon:0.031194

14400-loss_z:0.007555,accu:1.0,loss_recon:0.014525

14400-loss_z:15.714246,accu:0.632911,loss_recon:0.030239

14600-loss_z:0.006877,accu:1.0,loss_recon:0.014595

14600-loss_z:16.063185,accu:0.64557,loss_recon:0.030615

14800-loss_z:0.006286,accu:1.0,loss_recon:0.014524

14800-loss_z:16.341427,accu:0.632911,loss_recon:0.031139

15000-loss_z:0.005713,accu:1.0,loss_recon:0.014659

15000-loss_z:16.677364,accu:0.632911,loss_recon:0.030737

15200-loss_z:0.005356,accu:1.0,loss_recon:0.014574

15200-loss_z:17.003637,accu:0.632911,loss_recon:0.030873

15400-loss_z:0.004876,accu:1.0,loss_recon:0.014383

15400-loss_z:17.316742,accu:0.632911,loss_recon:0.030555

15600-loss_z:0.004398,accu:1.0,loss_recon:0.014398

15600-loss_z:17.710445,accu:0.620253,loss_recon:0.031046

15800-loss_z:0.004107,accu:1.0,loss_recon:0.014644

15800-loss_z:18.031851,accu:0.632911,loss_recon:0.03057

16000-loss_z:0.003687,accu:1.0,loss_recon:0.014459

16000-loss_z:18.361164,accu:0.620253,loss_recon:0.030429

16200-loss_z:0.003418,accu:1.0,loss_recon:0.014378

16200-loss_z:18.680277,accu:0.64557,loss_recon:0.030072

16400-loss_z:0.003133,accu:1.0,loss_recon:0.014748

16400-loss_z:18.992889,accu:0.632911,loss_recon:0.030479

16600-loss_z:0.002905,accu:1.0,loss_recon:0.014394

16600-loss_z:19.314383,accu:0.632911,loss_recon:0.03086

16800-loss_z:0.00258,accu:1.0,loss_recon:0.014545

16800-loss_z:19.551643,accu:0.632911,loss_recon:0.030485

17000-loss_z:0.002402,accu:1.0,loss_recon:0.014475

17000-loss_z:19.865108,accu:0.632911,loss_recon:0.031197

17200-loss_z:0.002171,accu:1.0,loss_recon:0.0144

17200-loss_z:20.113552,accu:0.632911,loss_recon:0.030692

17400-loss_z:0.001981,accu:1.0,loss_recon:0.014483

17400-loss_z:20.377686,accu:0.632911,loss_recon:0.030292

17600-loss_z:0.001811,accu:1.0,loss_recon:0.014487

17600-loss_z:20.639101,accu:0.632911,loss_recon:0.031073

17800-loss_z:0.001648,accu:1.0,loss_recon:0.014517

17800-loss_z:20.964359,accu:0.632911,loss_recon:0.031448

18000-loss_z:0.001536,accu:1.0,loss_recon:0.014656

18000-loss_z:21.208332,accu:0.632911,loss_recon:0.031425

18200-loss_z:0.001384,accu:1.0,loss_recon:0.014523

18200-loss_z:21.540205,accu:0.607595,loss_recon:0.030707

18400-loss_z:0.001257,accu:1.0,loss_recon:0.01434

18400-loss_z:21.794161,accu:0.620253,loss_recon:0.030379

18600-loss_z:0.001148,accu:1.0,loss_recon:0.014143

18600-loss_z:22.095219,accu:0.594937,loss_recon:0.030747

18800-loss_z:0.001041,accu:1.0,loss_recon:0.014365

18800-loss_z:22.338833,accu:0.632911,loss_recon:0.031661

19000-loss_z:0.000964,accu:1.0,loss_recon:0.01413

19000-loss_z:22.638798,accu:0.607595,loss_recon:0.030941

19200-loss_z:0.000886,accu:1.0,loss_recon:0.014248

19200-loss_z:22.926601,accu:0.607595,loss_recon:0.030544

19400-loss_z:0.000801,accu:1.0,loss_recon:0.014192

19400-loss_z:23.159266,accu:0.607595,loss_recon:0.031486

19600-loss_z:0.000725,accu:1.0,loss_recon:0.01427

19600-loss_z:23.470179,accu:0.607595,loss_recon:0.032048

19800-loss_z:0.000657,accu:1.0,loss_recon:0.014302

19800-loss_z:23.718225,accu:0.607595,loss_recon:0.030758

20000-loss_z:0.000603,accu:1.0,loss_recon:0.014129

20000-loss_z:24.038311,accu:0.607595,loss_recon:0.030466

Continue training
New FC model is initialized
200-loss_z:2.648685,accu:0.144253,loss_recon:0.950419

200-loss_z:2.802386,accu:0.075949,loss_recon:0.404674

400-loss_z:2.014834,accu:0.3139,loss_recon:0.223983

400-loss_z:2.636624,accu:0.113924,loss_recon:0.193405

600-loss_z:1.678317,accu:0.421608,loss_recon:0.10428

600-loss_z:2.595894,accu:0.151899,loss_recon:0.14036

800-loss_z:1.467367,accu:0.531029,loss_recon:0.072944

800-loss_z:2.585958,accu:0.189873,loss_recon:0.111189

1000-loss_z:1.317219,accu:0.586185,loss_recon:0.056864

1000-loss_z:2.58239,accu:0.227848,loss_recon:0.093926

1200-loss_z:1.195231,accu:0.634798,loss_recon:0.04789

1200-loss_z:2.57752,accu:0.291139,loss_recon:0.079004

1400-loss_z:1.094406,accu:0.677839,loss_recon:0.042234

1400-loss_z:2.564202,accu:0.316456,loss_recon:0.069596

1600-loss_z:1.002245,accu:0.724004,loss_recon:0.038704

1600-loss_z:2.501859,accu:0.35443,loss_recon:0.062375

1800-loss_z:0.923112,accu:0.767474,loss_recon:0.035219

1800-loss_z:2.447112,accu:0.341772,loss_recon:0.058426

2000-loss_z:0.852908,accu:0.787331,loss_recon:0.03257

2000-loss_z:2.434701,accu:0.341772,loss_recon:0.052849

2200-loss_z:0.793475,accu:0.810879,loss_recon:0.030242

2200-loss_z:2.398262,accu:0.405063,loss_recon:0.051873

2400-loss_z:0.742385,accu:0.838802,loss_recon:0.02884

2400-loss_z:2.358348,accu:0.367089,loss_recon:0.049575

2600-loss_z:0.694879,accu:0.85056,loss_recon:0.027859

2600-loss_z:2.341753,accu:0.405063,loss_recon:0.04599

2800-loss_z:0.649781,accu:0.873223,loss_recon:0.027086

2800-loss_z:2.363019,accu:0.392405,loss_recon:0.046953

3000-loss_z:0.611402,accu:0.888346,loss_recon:0.026303

3000-loss_z:2.359347,accu:0.455696,loss_recon:0.04463

3200-loss_z:0.571124,accu:0.909362,loss_recon:0.025007

3200-loss_z:2.414868,accu:0.518987,loss_recon:0.043484

3400-loss_z:0.537553,accu:0.92252,loss_recon:0.02478

3400-loss_z:2.485918,accu:0.531646,loss_recon:0.041599

3600-loss_z:0.506273,accu:0.942116,loss_recon:0.024053

3600-loss_z:2.544081,accu:0.531646,loss_recon:0.041961

3800-loss_z:0.476838,accu:0.947826,loss_recon:0.023125

3800-loss_z:2.585948,accu:0.56962,loss_recon:0.042057

4000-loss_z:0.452338,accu:0.956523,loss_recon:0.023026

4000-loss_z:2.668103,accu:0.56962,loss_recon:0.040386

4200-loss_z:0.426076,accu:0.968561,loss_recon:0.022961

4200-loss_z:2.752682,accu:0.594937,loss_recon:0.040654

4400-loss_z:0.402397,accu:0.974544,loss_recon:0.022467

4400-loss_z:2.852279,accu:0.56962,loss_recon:0.041183

4600-loss_z:0.379155,accu:0.980885,loss_recon:0.022218

4600-loss_z:2.977417,accu:0.594937,loss_recon:0.039398

4800-loss_z:0.358463,accu:0.987435,loss_recon:0.021925

4800-loss_z:3.124752,accu:0.582278,loss_recon:0.040857

5000-loss_z:0.335113,accu:0.991563,loss_recon:0.022098

5000-loss_z:3.269488,accu:0.582278,loss_recon:0.037982

5200-loss_z:0.316805,accu:0.991595,loss_recon:0.021869

5200-loss_z:3.393895,accu:0.607595,loss_recon:0.036701

5400-loss_z:0.29746,accu:0.993079,loss_recon:0.021399

5400-loss_z:3.546455,accu:0.594937,loss_recon:0.038042

5600-loss_z:0.279817,accu:0.995892,loss_recon:0.021503

5600-loss_z:3.727144,accu:0.594937,loss_recon:0.036405

5800-loss_z:0.265477,accu:0.996087,loss_recon:0.020259

5800-loss_z:3.853045,accu:0.594937,loss_recon:0.035052

6000-loss_z:0.249789,accu:0.995091,loss_recon:0.019572

6000-loss_z:4.029835,accu:0.607595,loss_recon:0.034095

6200-loss_z:0.23371,accu:0.99918,loss_recon:0.019058

6200-loss_z:4.24759,accu:0.607595,loss_recon:0.035118

6400-loss_z:0.223168,accu:0.999427,loss_recon:0.01894

6400-loss_z:4.384753,accu:0.594937,loss_recon:0.03388

6600-loss_z:0.209638,accu:0.997578,loss_recon:0.018298

6600-loss_z:4.548416,accu:0.594937,loss_recon:0.033261

6800-loss_z:0.196577,accu:0.999655,loss_recon:0.018086

6800-loss_z:4.762544,accu:0.632911,loss_recon:0.031754

7000-loss_z:0.185497,accu:0.998711,loss_recon:0.017469

7000-loss_z:4.927857,accu:0.620253,loss_recon:0.031338

7200-loss_z:0.175259,accu:1.0,loss_recon:0.017461

7200-loss_z:5.134975,accu:0.64557,loss_recon:0.031957

7400-loss_z:0.163938,accu:1.0,loss_recon:0.016917

7400-loss_z:5.304446,accu:0.632911,loss_recon:0.031094

7600-loss_z:0.155222,accu:0.999922,loss_recon:0.016792

7600-loss_z:5.493588,accu:0.670886,loss_recon:0.030782

7800-loss_z:0.1455,accu:1.0,loss_recon:0.016784

7800-loss_z:5.69865,accu:0.632911,loss_recon:0.030555

8000-loss_z:0.136787,accu:1.0,loss_recon:0.016311

8000-loss_z:5.889781,accu:0.64557,loss_recon:0.032396

8200-loss_z:0.128474,accu:1.0,loss_recon:0.016403

8200-loss_z:6.112777,accu:0.64557,loss_recon:0.030443

8400-loss_z:0.120764,accu:1.0,loss_recon:0.016154

8400-loss_z:6.284083,accu:0.683544,loss_recon:0.029425

8600-loss_z:0.112074,accu:1.0,loss_recon:0.016271

8600-loss_z:6.516712,accu:0.670886,loss_recon:0.029684

8800-loss_z:0.106531,accu:1.0,loss_recon:0.015789

8800-loss_z:6.703965,accu:0.708861,loss_recon:0.030151

9000-loss_z:0.099162,accu:1.0,loss_recon:0.015595

9000-loss_z:6.964176,accu:0.683544,loss_recon:0.02804

9200-loss_z:0.09264,accu:1.0,loss_recon:0.01598

9200-loss_z:7.158504,accu:0.696203,loss_recon:0.029258

9400-loss_z:0.085977,accu:1.0,loss_recon:0.015355

9400-loss_z:7.380907,accu:0.696203,loss_recon:0.028802

9600-loss_z:0.08193,accu:1.0,loss_recon:0.015285

9600-loss_z:7.636821,accu:0.683544,loss_recon:0.0289

9800-loss_z:0.076559,accu:1.0,loss_recon:0.015729

9800-loss_z:7.85193,accu:0.696203,loss_recon:0.029685

10000-loss_z:0.071145,accu:1.0,loss_recon:0.015297

10000-loss_z:8.085472,accu:0.696203,loss_recon:0.028125

10200-loss_z:0.066305,accu:1.0,loss_recon:0.014876

10200-loss_z:8.372959,accu:0.696203,loss_recon:0.02885

10400-loss_z:0.062167,accu:1.0,loss_recon:0.014939

10400-loss_z:8.566011,accu:0.696203,loss_recon:0.029107

10600-loss_z:0.058043,accu:1.0,loss_recon:0.014739

10600-loss_z:8.783195,accu:0.683544,loss_recon:0.028605

10800-loss_z:0.054985,accu:1.0,loss_recon:0.014722

10800-loss_z:9.06323,accu:0.696203,loss_recon:0.028434

11000-loss_z:0.051381,accu:1.0,loss_recon:0.015122

11000-loss_z:9.308059,accu:0.696203,loss_recon:0.027423

11200-loss_z:0.048156,accu:1.0,loss_recon:0.014641

11200-loss_z:9.508376,accu:0.696203,loss_recon:0.027619

11400-loss_z:0.045305,accu:1.0,loss_recon:0.014713

11400-loss_z:9.791857,accu:0.696203,loss_recon:0.028985

11600-loss_z:0.042143,accu:1.0,loss_recon:0.01456

11600-loss_z:10.050932,accu:0.721519,loss_recon:0.029618

11800-loss_z:0.039473,accu:1.0,loss_recon:0.014424

11800-loss_z:10.305649,accu:0.696203,loss_recon:0.028696

12000-loss_z:0.036641,accu:1.0,loss_recon:0.014697

12000-loss_z:10.585122,accu:0.708861,loss_recon:0.02885

12200-loss_z:0.034134,accu:1.0,loss_recon:0.014415

12200-loss_z:10.867979,accu:0.721519,loss_recon:0.028108

12400-loss_z:0.032167,accu:1.0,loss_recon:0.014353

12400-loss_z:11.125647,accu:0.721519,loss_recon:0.027328

12600-loss_z:0.030271,accu:1.0,loss_recon:0.014457

12600-loss_z:11.388104,accu:0.696203,loss_recon:0.028823

12800-loss_z:0.02785,accu:1.0,loss_recon:0.014217

12800-loss_z:11.684257,accu:0.708861,loss_recon:0.027421

13000-loss_z:0.026561,accu:1.0,loss_recon:0.014244

13000-loss_z:11.999347,accu:0.721519,loss_recon:0.026498

13200-loss_z:0.024745,accu:1.0,loss_recon:0.014409

13200-loss_z:12.230482,accu:0.721519,loss_recon:0.029338

13400-loss_z:0.023031,accu:1.0,loss_recon:0.014147

13400-loss_z:12.564716,accu:0.708861,loss_recon:0.028973

13600-loss_z:0.021575,accu:1.0,loss_recon:0.014464

13600-loss_z:12.904094,accu:0.734177,loss_recon:0.028271

13800-loss_z:0.020233,accu:1.0,loss_recon:0.014116

13800-loss_z:13.221122,accu:0.721519,loss_recon:0.028526

14000-loss_z:0.018569,accu:1.0,loss_recon:0.01413

14000-loss_z:13.55449,accu:0.734177,loss_recon:0.028476

14200-loss_z:0.017833,accu:1.0,loss_recon:0.014341

14200-loss_z:13.959482,accu:0.721519,loss_recon:0.029534

14400-loss_z:0.016263,accu:1.0,loss_recon:0.014597

14400-loss_z:14.270902,accu:0.708861,loss_recon:0.028216

14600-loss_z:0.01532,accu:1.0,loss_recon:0.014517

14600-loss_z:14.690003,accu:0.708861,loss_recon:0.028479

14800-loss_z:0.013907,accu:1.0,loss_recon:0.014298

14800-loss_z:15.054621,accu:0.708861,loss_recon:0.028708

15000-loss_z:0.01315,accu:1.0,loss_recon:0.01429

15000-loss_z:15.494006,accu:0.721519,loss_recon:0.027927

15200-loss_z:0.012075,accu:1.0,loss_recon:0.014034

15200-loss_z:15.904013,accu:0.708861,loss_recon:0.027807

15400-loss_z:0.011198,accu:1.0,loss_recon:0.014102

15400-loss_z:16.319145,accu:0.696203,loss_recon:0.029153

15600-loss_z:0.010393,accu:1.0,loss_recon:0.014296

15600-loss_z:16.779802,accu:0.708861,loss_recon:0.028073

15800-loss_z:0.009898,accu:1.0,loss_recon:0.013911

15800-loss_z:17.275629,accu:0.708861,loss_recon:0.028434

16000-loss_z:0.00903,accu:1.0,loss_recon:0.01394

16000-loss_z:17.752766,accu:0.708861,loss_recon:0.029957

16200-loss_z:0.008504,accu:1.0,loss_recon:0.013999

16200-loss_z:18.205961,accu:0.708861,loss_recon:0.029059

16400-loss_z:0.007801,accu:1.0,loss_recon:0.013774

16400-loss_z:18.719664,accu:0.708861,loss_recon:0.028375

16600-loss_z:0.007268,accu:1.0,loss_recon:0.013919

16600-loss_z:19.283886,accu:0.708861,loss_recon:0.027581

16800-loss_z:0.006775,accu:1.0,loss_recon:0.014044

16800-loss_z:19.839792,accu:0.708861,loss_recon:0.027941

17000-loss_z:0.006251,accu:1.0,loss_recon:0.014132

17000-loss_z:20.331808,accu:0.708861,loss_recon:0.029086

17200-loss_z:0.005812,accu:1.0,loss_recon:0.013526

17200-loss_z:20.905014,accu:0.708861,loss_recon:0.027576

17400-loss_z:0.0053,accu:1.0,loss_recon:0.013664

17400-loss_z:21.503357,accu:0.708861,loss_recon:0.030292

17600-loss_z:0.004956,accu:1.0,loss_recon:0.013654

17600-loss_z:22.040882,accu:0.708861,loss_recon:0.02547

17800-loss_z:0.004583,accu:1.0,loss_recon:0.013558

17800-loss_z:22.692461,accu:0.708861,loss_recon:0.027389

18000-loss_z:0.004193,accu:1.0,loss_recon:0.013719

18000-loss_z:23.192019,accu:0.696203,loss_recon:0.026483

18200-loss_z:0.004006,accu:1.0,loss_recon:0.013376

18200-loss_z:23.750605,accu:0.708861,loss_recon:0.026063

18400-loss_z:0.003666,accu:1.0,loss_recon:0.013311

18400-loss_z:24.336096,accu:0.708861,loss_recon:0.025666

18600-loss_z:0.003465,accu:1.0,loss_recon:0.013148

18600-loss_z:24.9224,accu:0.708861,loss_recon:0.025227

18800-loss_z:0.003137,accu:1.0,loss_recon:0.013222

18800-loss_z:25.512943,accu:0.696203,loss_recon:0.026815

19000-loss_z:0.002874,accu:1.0,loss_recon:0.013262

19000-loss_z:26.120272,accu:0.696203,loss_recon:0.025218

19200-loss_z:0.002629,accu:1.0,loss_recon:0.013189

19200-loss_z:26.675488,accu:0.696203,loss_recon:0.026784

19400-loss_z:0.002499,accu:1.0,loss_recon:0.013208

19400-loss_z:27.224735,accu:0.696203,loss_recon:0.02697

19600-loss_z:0.002289,accu:1.0,loss_recon:0.013141

19600-loss_z:27.724804,accu:0.696203,loss_recon:0.025577

19800-loss_z:0.00211,accu:1.0,loss_recon:0.012965

19800-loss_z:28.314091,accu:0.683544,loss_recon:0.027191

20000-loss_z:0.001975,accu:1.0,loss_recon:0.013166

20000-loss_z:28.865009,accu:0.696203,loss_recon:0.026603

Continue training
New FC model is initialized
200-loss_z:2.615183,accu:0.179487,loss_recon:0.800646

200-loss_z:2.620442,accu:0.151899,loss_recon:0.413415

400-loss_z:1.867814,accu:0.38528,loss_recon:0.199756

400-loss_z:2.478726,accu:0.189873,loss_recon:0.235948

600-loss_z:1.544948,accu:0.501536,loss_recon:0.115606

600-loss_z:2.498545,accu:0.189873,loss_recon:0.186194

800-loss_z:1.348476,accu:0.562943,loss_recon:0.083384

800-loss_z:2.549462,accu:0.227848,loss_recon:0.134873

1000-loss_z:1.215162,accu:0.636374,loss_recon:0.068098

1000-loss_z:2.579195,accu:0.253165,loss_recon:0.119753

1200-loss_z:1.106285,accu:0.699486,loss_recon:0.053724

1200-loss_z:2.642776,accu:0.291139,loss_recon:0.10264

1400-loss_z:1.011513,accu:0.739538,loss_recon:0.045913

1400-loss_z:2.72156,accu:0.35443,loss_recon:0.099746

1600-loss_z:0.932884,accu:0.789076,loss_recon:0.040498

1600-loss_z:2.823555,accu:0.392405,loss_recon:0.094121

1800-loss_z:0.861212,accu:0.817728,loss_recon:0.037388

1800-loss_z:2.902627,accu:0.379747,loss_recon:0.086875

2000-loss_z:0.800478,accu:0.835566,loss_recon:0.035828

2000-loss_z:2.998159,accu:0.405063,loss_recon:0.081159

2200-loss_z:0.74746,accu:0.856543,loss_recon:0.032991

2200-loss_z:3.094754,accu:0.405063,loss_recon:0.079452

2400-loss_z:0.70295,accu:0.87235,loss_recon:0.032104

2400-loss_z:3.208347,accu:0.392405,loss_recon:0.073007

2600-loss_z:0.653129,accu:0.896328,loss_recon:0.02999

2600-loss_z:3.322021,accu:0.443038,loss_recon:0.066016

2800-loss_z:0.610652,accu:0.904323,loss_recon:0.028858

2800-loss_z:3.459231,accu:0.443038,loss_recon:0.063374

3000-loss_z:0.577227,accu:0.908965,loss_recon:0.026929

3000-loss_z:3.568794,accu:0.468354,loss_recon:0.061157

3200-loss_z:0.538505,accu:0.914701,loss_recon:0.026075

3200-loss_z:3.731744,accu:0.455696,loss_recon:0.058564

3400-loss_z:0.507995,accu:0.92179,loss_recon:0.024741

3400-loss_z:3.880411,accu:0.468354,loss_recon:0.056224

3600-loss_z:0.48116,accu:0.940964,loss_recon:0.024207

3600-loss_z:4.042529,accu:0.455696,loss_recon:0.056163

3800-loss_z:0.452206,accu:0.947702,loss_recon:0.023355

3800-loss_z:4.199358,accu:0.468354,loss_recon:0.051574

4000-loss_z:0.427284,accu:0.960924,loss_recon:0.022222

4000-loss_z:4.365773,accu:0.481013,loss_recon:0.050002

4200-loss_z:0.404104,accu:0.967852,loss_recon:0.021301

4200-loss_z:4.525731,accu:0.493671,loss_recon:0.049805

4400-loss_z:0.379693,accu:0.969655,loss_recon:0.020349

4400-loss_z:4.703251,accu:0.506329,loss_recon:0.044749

4600-loss_z:0.359928,accu:0.974993,loss_recon:0.019683

4600-loss_z:4.83997,accu:0.468354,loss_recon:0.044789

4800-loss_z:0.340191,accu:0.977754,loss_recon:0.018551

4800-loss_z:5.023156,accu:0.493671,loss_recon:0.043365

5000-loss_z:0.320979,accu:0.981999,loss_recon:0.018088

5000-loss_z:5.154932,accu:0.481013,loss_recon:0.042309

5200-loss_z:0.300974,accu:0.983281,loss_recon:0.017774

5200-loss_z:5.36265,accu:0.493671,loss_recon:0.041994

5400-loss_z:0.287342,accu:0.985378,loss_recon:0.017377

5400-loss_z:5.512285,accu:0.481013,loss_recon:0.041446

5600-loss_z:0.26909,accu:0.984043,loss_recon:0.017068

5600-loss_z:5.685297,accu:0.481013,loss_recon:0.039924

5800-loss_z:0.253999,accu:0.985332,loss_recon:0.016903

5800-loss_z:5.814704,accu:0.493671,loss_recon:0.039189

6000-loss_z:0.242708,accu:0.985664,loss_recon:0.016334

6000-loss_z:5.985167,accu:0.481013,loss_recon:0.039464

6200-loss_z:0.225569,accu:0.988301,loss_recon:0.016318

6200-loss_z:6.121798,accu:0.493671,loss_recon:0.037099

6400-loss_z:0.216031,accu:0.989082,loss_recon:0.015511

6400-loss_z:6.276299,accu:0.493671,loss_recon:0.038521

6600-loss_z:0.201294,accu:0.989473,loss_recon:0.01547

6600-loss_z:6.435524,accu:0.506329,loss_recon:0.03688

6800-loss_z:0.18857,accu:0.993262,loss_recon:0.015164

6800-loss_z:6.592132,accu:0.493671,loss_recon:0.036704

7000-loss_z:0.179558,accu:0.996113,loss_recon:0.014906

7000-loss_z:6.734244,accu:0.518987,loss_recon:0.036818

7200-loss_z:0.167402,accu:0.997096,loss_recon:0.014929

7200-loss_z:6.879058,accu:0.518987,loss_recon:0.035799

7400-loss_z:0.157559,accu:0.997852,loss_recon:0.014746

7400-loss_z:7.07508,accu:0.506329,loss_recon:0.035748

7600-loss_z:0.150691,accu:0.998086,loss_recon:0.014702

7600-loss_z:7.229031,accu:0.518987,loss_recon:0.035637

7800-loss_z:0.140992,accu:0.999408,loss_recon:0.014738

7800-loss_z:7.38499,accu:0.506329,loss_recon:0.034671

8000-loss_z:0.132131,accu:0.999147,loss_recon:0.014771

8000-loss_z:7.537975,accu:0.518987,loss_recon:0.03528

8200-loss_z:0.123789,accu:0.999056,loss_recon:0.014477

8200-loss_z:7.715246,accu:0.518987,loss_recon:0.034583

8400-loss_z:0.11601,accu:0.999355,loss_recon:0.014723

8400-loss_z:7.859213,accu:0.531646,loss_recon:0.03577

8600-loss_z:0.109069,accu:0.999395,loss_recon:0.01455

8600-loss_z:7.986294,accu:0.531646,loss_recon:0.034799

8800-loss_z:0.101571,accu:0.999876,loss_recon:0.014418

8800-loss_z:8.176455,accu:0.531646,loss_recon:0.035704

9000-loss_z:0.094693,accu:1.0,loss_recon:0.014349

9000-loss_z:8.29838,accu:0.518987,loss_recon:0.034958

9200-loss_z:0.086808,accu:0.999883,loss_recon:0.014226

9200-loss_z:8.430001,accu:0.531646,loss_recon:0.034377

9400-loss_z:0.081288,accu:0.999805,loss_recon:0.014235

9400-loss_z:8.587526,accu:0.531646,loss_recon:0.033921

9600-loss_z:0.075932,accu:1.0,loss_recon:0.014013

9600-loss_z:8.709399,accu:0.518987,loss_recon:0.033739

9800-loss_z:0.070478,accu:1.0,loss_recon:0.014136

9800-loss_z:8.870668,accu:0.544304,loss_recon:0.034868

10000-loss_z:0.065618,accu:1.0,loss_recon:0.013808

10000-loss_z:8.990672,accu:0.544304,loss_recon:0.034379

10200-loss_z:0.061367,accu:1.0,loss_recon:0.013804

10200-loss_z:9.15424,accu:0.531646,loss_recon:0.034315

10400-loss_z:0.05751,accu:1.0,loss_recon:0.013735

10400-loss_z:9.343533,accu:0.544304,loss_recon:0.03415

10600-loss_z:0.052057,accu:1.0,loss_recon:0.01358

10600-loss_z:9.49016,accu:0.531646,loss_recon:0.033926

10800-loss_z:0.048735,accu:1.0,loss_recon:0.013632

10800-loss_z:9.634944,accu:0.531646,loss_recon:0.034631

11000-loss_z:0.045323,accu:1.0,loss_recon:0.013564

11000-loss_z:9.818187,accu:0.531646,loss_recon:0.0333

11200-loss_z:0.042355,accu:1.0,loss_recon:0.013517

11200-loss_z:10.031756,accu:0.531646,loss_recon:0.034345

11400-loss_z:0.03904,accu:1.0,loss_recon:0.01338

11400-loss_z:10.182346,accu:0.556962,loss_recon:0.033741

11600-loss_z:0.036053,accu:1.0,loss_recon:0.013557

11600-loss_z:10.402786,accu:0.544304,loss_recon:0.033829

11800-loss_z:0.033641,accu:1.0,loss_recon:0.013489

11800-loss_z:10.59742,accu:0.544304,loss_recon:0.03342

12000-loss_z:0.030427,accu:1.0,loss_recon:0.013537

12000-loss_z:10.746949,accu:0.544304,loss_recon:0.03472

12200-loss_z:0.028251,accu:1.0,loss_recon:0.013468

12200-loss_z:10.991228,accu:0.531646,loss_recon:0.034048

12400-loss_z:0.026319,accu:1.0,loss_recon:0.013518

12400-loss_z:11.215028,accu:0.544304,loss_recon:0.034975

12600-loss_z:0.024221,accu:1.0,loss_recon:0.013331

12600-loss_z:11.394108,accu:0.556962,loss_recon:0.034132

12800-loss_z:0.0221,accu:1.0,loss_recon:0.013245

12800-loss_z:11.586821,accu:0.556962,loss_recon:0.033734

13000-loss_z:0.020497,accu:1.0,loss_recon:0.013365

13000-loss_z:11.787108,accu:0.544304,loss_recon:0.032474

13200-loss_z:0.0189,accu:1.0,loss_recon:0.013236

13200-loss_z:12.01015,accu:0.556962,loss_recon:0.033524

13400-loss_z:0.017252,accu:1.0,loss_recon:0.013222

13400-loss_z:12.234507,accu:0.556962,loss_recon:0.033942

13600-loss_z:0.016048,accu:1.0,loss_recon:0.013046

13600-loss_z:12.420086,accu:0.56962,loss_recon:0.033425

13800-loss_z:0.014689,accu:1.0,loss_recon:0.013113

13800-loss_z:12.63542,accu:0.56962,loss_recon:0.033986

14000-loss_z:0.013439,accu:1.0,loss_recon:0.013084

14000-loss_z:12.889644,accu:0.56962,loss_recon:0.033476

14200-loss_z:0.012483,accu:1.0,loss_recon:0.012932

14200-loss_z:13.094127,accu:0.582278,loss_recon:0.032146

14400-loss_z:0.011365,accu:1.0,loss_recon:0.012837

14400-loss_z:13.294904,accu:0.582278,loss_recon:0.034257

14600-loss_z:0.010279,accu:1.0,loss_recon:0.013

14600-loss_z:13.517324,accu:0.582278,loss_recon:0.033455

14800-loss_z:0.009507,accu:1.0,loss_recon:0.013021

14800-loss_z:13.752285,accu:0.582278,loss_recon:0.033583

15000-loss_z:0.00887,accu:1.0,loss_recon:0.013025

15000-loss_z:13.916827,accu:0.582278,loss_recon:0.032016

15200-loss_z:0.008078,accu:1.0,loss_recon:0.01287

15200-loss_z:14.162807,accu:0.582278,loss_recon:0.033066

15400-loss_z:0.007309,accu:1.0,loss_recon:0.012931

15400-loss_z:14.416046,accu:0.56962,loss_recon:0.034974

15600-loss_z:0.006684,accu:1.0,loss_recon:0.012987

15600-loss_z:14.595539,accu:0.582278,loss_recon:0.032316

15800-loss_z:0.006151,accu:1.0,loss_recon:0.01291

15800-loss_z:14.839629,accu:0.582278,loss_recon:0.032917

16000-loss_z:0.005666,accu:1.0,loss_recon:0.012794

16000-loss_z:15.062067,accu:0.582278,loss_recon:0.03272

16200-loss_z:0.00511,accu:1.0,loss_recon:0.012811

16200-loss_z:15.273794,accu:0.582278,loss_recon:0.032509

16400-loss_z:0.004733,accu:1.0,loss_recon:0.012841

16400-loss_z:15.45433,accu:0.582278,loss_recon:0.0323

16600-loss_z:0.004277,accu:1.0,loss_recon:0.012253

16600-loss_z:15.714338,accu:0.582278,loss_recon:0.032131

16800-loss_z:0.003905,accu:1.0,loss_recon:0.012232

16800-loss_z:15.868215,accu:0.582278,loss_recon:0.032399

17000-loss_z:0.003579,accu:1.0,loss_recon:0.012194

17000-loss_z:16.092213,accu:0.582278,loss_recon:0.031845

17200-loss_z:0.003266,accu:1.0,loss_recon:0.012057

17200-loss_z:16.270508,accu:0.582278,loss_recon:0.031775

17400-loss_z:0.002968,accu:1.0,loss_recon:0.011936

17400-loss_z:16.488226,accu:0.582278,loss_recon:0.032924

17600-loss_z:0.002714,accu:1.0,loss_recon:0.0118

17600-loss_z:16.679779,accu:0.582278,loss_recon:0.032087

17800-loss_z:0.002454,accu:1.0,loss_recon:0.011655

17800-loss_z:16.91188,accu:0.56962,loss_recon:0.031503

18000-loss_z:0.002253,accu:1.0,loss_recon:0.011998

18000-loss_z:17.09971,accu:0.582278,loss_recon:0.031473

18200-loss_z:0.002037,accu:1.0,loss_recon:0.011693

18200-loss_z:17.273962,accu:0.582278,loss_recon:0.030178

18400-loss_z:0.001866,accu:1.0,loss_recon:0.011673

18400-loss_z:17.473486,accu:0.582278,loss_recon:0.032161

18600-loss_z:0.001704,accu:1.0,loss_recon:0.011558

18600-loss_z:17.672565,accu:0.56962,loss_recon:0.030838

18800-loss_z:0.001543,accu:1.0,loss_recon:0.011679

18800-loss_z:17.891874,accu:0.56962,loss_recon:0.032413

19000-loss_z:0.001384,accu:1.0,loss_recon:0.011626

19000-loss_z:18.083719,accu:0.582278,loss_recon:0.03289

19200-loss_z:0.001277,accu:1.0,loss_recon:0.011502

19200-loss_z:18.240313,accu:0.56962,loss_recon:0.030421

19400-loss_z:0.001146,accu:1.0,loss_recon:0.011554

19400-loss_z:18.430723,accu:0.56962,loss_recon:0.031544

19600-loss_z:0.001055,accu:1.0,loss_recon:0.011495

19600-loss_z:18.58778,accu:0.56962,loss_recon:0.032864

19800-loss_z:0.000947,accu:1.0,loss_recon:0.011564

19800-loss_z:18.745619,accu:0.556962,loss_recon:0.031441

20000-loss_z:0.000866,accu:1.0,loss_recon:0.011443

20000-loss_z:18.966839,accu:0.56962,loss_recon:0.032029

