{
    "substraction_one": {
        "value": "0.39 \\pm 0.1",
        "mean": 0.38607589999999997,
        "std": 0.09677545995338901,
        "max": 0.56962,
        "min": 0.202532,
        "count": 20
    },
    "eval_set_one2n_accu": {
        "value": "0.0 \\pm 0.01",
        "mean": 0.0018404907975460125,
        "std": 0.008022513393019643,
        "max": 0.03680981595092025,
        "min": 0.0,
        "count": 20
    },
    "eval_set_one2one_accu": {
        "value": "0.0 \\pm 0.01",
        "mean": 0.0018404907975460125,
        "std": 0.008022513393019643,
        "max": 0.03680981595092025,
        "min": 0.0,
        "count": 20
    },
    "eval_set_one2n_accu_cycle": {
        "value": "0.01 \\pm 0.02",
        "mean": 0.013496932515337425,
        "std": 0.02067766815503401,
        "max": 0.0736196319018405,
        "min": 0.0,
        "count": 20
    },
    "eval_set_one2one_accu_cycle": {
        "value": "0.01 \\pm 0.02",
        "mean": 0.013496932515337425,
        "std": 0.02067766815503401,
        "max": 0.0736196319018405,
        "min": 0.0,
        "count": 20
    },
    "eval_set_emb_select_accu": {
        "value": "0.04 \\pm 0.02",
        "mean": 0.04447852760736196,
        "std": 0.021241085432225845,
        "max": 0.08588957055214724,
        "min": 0.006134969325153374,
        "count": 20
    },
    "eval_set_emb_select_accu_cycle": {
        "value": "0.04 \\pm 0.02",
        "mean": 0.0441717791411043,
        "std": 0.01974659747169458,
        "max": 0.0736196319018405,
        "min": 0.006134969325153374,
        "count": 20
    },
    "eval_set_emb_self_consistency": {
        "value": "0.09 \\pm 0.22",
        "mean": 0.08987730061349694,
        "std": 0.22413449443295347,
        "max": 0.7730061349693251,
        "min": 0.0,
        "count": 20
    },
    "eval_set_emb_label_consistency": {
        "value": "0.15 \\pm 0.36",
        "mean": 0.15,
        "std": 0.3570714214271425,
        "max": 1.0,
        "min": 0.0,
        "count": 20
    },
    "eval_set_z_c_recognition_rate": {
        "value": "0.06 \\pm 0.18",
        "mean": 0.059815950920245387,
        "std": 0.1810686595197337,
        "max": 0.7177914110429447,
        "min": 0.0,
        "count": 20
    },
    "eval_set_z_c_cycle_recognition_rate": {
        "value": "0.37 \\pm 0.41",
        "mean": 0.37453987730061356,
        "std": 0.40565313010866066,
        "max": 1.0,
        "min": 0.0,
        "count": 20
    },
    "emb_matching_rate_one2n": {
        "value": "0.98 \\pm 0.03",
        "mean": 0.976190476190476,
        "std": 0.031943828249997,
        "max": 1.0,
        "min": 0.9047619047619048,
        "count": 20
    },
    "emb_matching_rate_one2one": {
        "value": "0.98 \\pm 0.03",
        "mean": 0.976190476190476,
        "std": 0.031943828249997,
        "max": 1.0,
        "min": 0.9047619047619048,
        "count": 20
    },
    "orderliness": {
        "value": "0.9 \\pm 0.04",
        "mean": 0.9037499999999999,
        "std": 0.044913110558054206,
        "max": 1.0,
        "min": 0.825,
        "count": 20
    },
    "train_interpolate_modedict": {
        "value": "0.0 \\pm 0.01",
        "mean": 0.002857142857142857,
        "std": 0.010476190476190476,
        "max": 0.047619047619047616,
        "min": 0.0,
        "count": 20
    },
    "train_interpolate_cycle_modedict": {
        "value": "0.01 \\pm 0.02",
        "mean": 0.014761904761904759,
        "std": 0.02263282788250694,
        "max": 0.06666666666666667,
        "min": 0.0,
        "count": 20
    },
    "train_interpolate_selection": {
        "value": "0.05 \\pm 0.02",
        "mean": 0.047142857142857146,
        "std": 0.02492164592024671,
        "max": 0.10476190476190476,
        "min": 0.009523809523809525,
        "count": 20
    },
    "train_interpolate_cycle_selection": {
        "value": "0.05 \\pm 0.02",
        "mean": 0.0461904761904762,
        "std": 0.020264688410431633,
        "max": 0.08571428571428572,
        "min": 0.01904761904761905,
        "count": 20
    }
}