{
    "substraction_one": [
        0.329114,
        0.341772,
        0.202532,
        0.303797,
        0.316456,
        0.531646,
        0.56962,
        0.341772,
        0.468354,
        0.43038,
        0.329114,
        0.506329,
        0.329114,
        0.35443,
        0.35443,
        0.531646,
        0.43038,
        0.468354,
        0.303797,
        0.278481
    ],
    "eval_set_one2n_accu": [
        0.0,
        0.0,
        0.0,
        0.0,
        0.0,
        0.0,
        0.0,
        0.03680981595092025,
        0.0,
        0.0,
        0.0,
        0.0,
        0.0,
        0.0,
        0.0,
        0.0,
        0.0,
        0.0,
        0.0,
        0.0
    ],
    "eval_set_one2one_accu": [
        0.0,
        0.0,
        0.0,
        0.0,
        0.0,
        0.0,
        0.0,
        0.03680981595092025,
        0.0,
        0.0,
        0.0,
        0.0,
        0.0,
        0.0,
        0.0,
        0.0,
        0.0,
        0.0,
        0.0,
        0.0
    ],
    "eval_set_one2n_accu_cycle": [
        0.0,
        0.03067484662576687,
        0.0,
        0.0736196319018405,
        0.0,
        0.0,
        0.0,
        0.03680981595092025,
        0.03680981595092025,
        0.0,
        0.0,
        0.0,
        0.0,
        0.018404907975460124,
        0.006134969325153374,
        0.0,
        0.049079754601226995,
        0.018404907975460124,
        0.0,
        0.0
    ],
    "eval_set_one2one_accu_cycle": [
        0.0,
        0.03067484662576687,
        0.0,
        0.0736196319018405,
        0.0,
        0.0,
        0.0,
        0.03680981595092025,
        0.03680981595092025,
        0.0,
        0.0,
        0.0,
        0.0,
        0.018404907975460124,
        0.006134969325153374,
        0.0,
        0.049079754601226995,
        0.018404907975460124,
        0.0,
        0.0
    ],
    "eval_set_emb_select_accu": [
        0.0736196319018405,
        0.08588957055214724,
        0.04294478527607362,
        0.06134969325153374,
        0.06748466257668712,
        0.05521472392638037,
        0.024539877300613498,
        0.049079754601226995,
        0.024539877300613498,
        0.049079754601226995,
        0.03067484662576687,
        0.04294478527607362,
        0.049079754601226995,
        0.03067484662576687,
        0.006134969325153374,
        0.05521472392638037,
        0.049079754601226995,
        0.018404907975460124,
        0.06748466257668712,
        0.006134969325153374
    ],
    "eval_set_emb_select_accu_cycle": [
        0.0736196319018405,
        0.04294478527607362,
        0.04294478527607362,
        0.0736196319018405,
        0.06134969325153374,
        0.0736196319018405,
        0.018404907975460124,
        0.04294478527607362,
        0.03680981595092025,
        0.049079754601226995,
        0.03067484662576687,
        0.05521472392638037,
        0.018404907975460124,
        0.04294478527607362,
        0.006134969325153374,
        0.05521472392638037,
        0.049079754601226995,
        0.018404907975460124,
        0.06748466257668712,
        0.024539877300613498
    ],
    "eval_set_emb_self_consistency": [
        0.0,
        0.0,
        0.0,
        0.0,
        0.006134969325153374,
        0.0,
        0.0,
        0.7177914110429447,
        0.0,
        0.0,
        0.7730061349693251,
        0.0,
        0.0,
        0.0,
        0.0,
        0.08588957055214724,
        0.0,
        0.0,
        0.2147239263803681,
        0.0
    ],
    "eval_set_emb_label_consistency": [
        0,
        0,
        0,
        0,
        0,
        0,
        0,
        1.0,
        0,
        0,
        1.0,
        0,
        0,
        0,
        0,
        0,
        0,
        0,
        1.0,
        0
    ],
    "eval_set_z_c_recognition_rate": [
        0.0,
        0.0,
        0.0,
        0.0,
        0.0,
        0.0,
        0.0,
        0.7177914110429447,
        0.0,
        0.0,
        0.4601226993865031,
        0.0,
        0.0,
        0.0,
        0.0,
        0.0,
        0.0,
        0.0,
        0.018404907975460124,
        0.0
    ],
    "eval_set_z_c_cycle_recognition_rate": [
        0.0,
        0.5521472392638037,
        0.1901840490797546,
        1.0,
        0.0,
        0.1656441717791411,
        0.0,
        0.7177914110429447,
        0.852760736196319,
        0.0,
        0.4601226993865031,
        0.0,
        0.0,
        0.5460122699386503,
        0.9877300613496932,
        0.0,
        1.0,
        1.0,
        0.018404907975460124,
        0.0
    ],
    "emb_matching_rate_one2n": [
        1.0,
        0.9523809523809523,
        0.9523809523809523,
        1.0,
        0.9047619047619048,
        1.0,
        1.0,
        1.0,
        0.9523809523809523,
        0.9523809523809523,
        1.0,
        1.0,
        1.0,
        0.9523809523809523,
        1.0,
        1.0,
        1.0,
        1.0,
        0.9523809523809523,
        0.9047619047619048
    ],
    "emb_matching_rate_one2one": [
        1.0,
        0.9523809523809523,
        0.9523809523809523,
        1.0,
        0.9047619047619048,
        1.0,
        1.0,
        1.0,
        0.9523809523809523,
        0.9523809523809523,
        1.0,
        1.0,
        1.0,
        0.9523809523809523,
        1.0,
        1.0,
        1.0,
        1.0,
        0.9523809523809523,
        0.9047619047619048
    ],
    "orderliness": [
        0.95,
        0.9,
        0.85,
        0.9,
        0.85,
        0.95,
        0.95,
        0.9,
        0.925,
        0.925,
        0.875,
        0.85,
        0.9,
        0.825,
        1.0,
        0.95,
        0.95,
        0.9,
        0.85,
        0.875
    ],
    "train_interpolate_modedict": [
        0.0,
        0.0,
        0.0,
        0.0,
        0.0,
        0.0,
        0.0,
        0.047619047619047616,
        0.0,
        0.0,
        0.009523809523809525,
        0.0,
        0.0,
        0.0,
        0.0,
        0.0,
        0.0,
        0.0,
        0.0,
        0.0
    ],
    "train_interpolate_cycle_modedict": [
        0.0,
        0.01904761904761905,
        0.0,
        0.06666666666666667,
        0.0,
        0.0,
        0.0,
        0.047619047619047616,
        0.047619047619047616,
        0.0,
        0.009523809523809525,
        0.0,
        0.0,
        0.0,
        0.01904761904761905,
        0.0,
        0.06666666666666667,
        0.01904761904761905,
        0.0,
        0.0
    ],
    "train_interpolate_selection": [
        0.06666666666666667,
        0.08571428571428572,
        0.02857142857142857,
        0.06666666666666667,
        0.10476190476190476,
        0.05714285714285714,
        0.0380952380952381,
        0.047619047619047616,
        0.01904761904761905,
        0.047619047619047616,
        0.05714285714285714,
        0.009523809523809525,
        0.0380952380952381,
        0.02857142857142857,
        0.01904761904761905,
        0.047619047619047616,
        0.06666666666666667,
        0.01904761904761905,
        0.0761904761904762,
        0.01904761904761905
    ],
    "train_interpolate_cycle_selection": [
        0.047619047619047616,
        0.0380952380952381,
        0.02857142857142857,
        0.06666666666666667,
        0.06666666666666667,
        0.047619047619047616,
        0.05714285714285714,
        0.05714285714285714,
        0.047619047619047616,
        0.06666666666666667,
        0.02857142857142857,
        0.01904761904761905,
        0.02857142857142857,
        0.02857142857142857,
        0.01904761904761905,
        0.08571428571428572,
        0.06666666666666667,
        0.01904761904761905,
        0.0761904761904762,
        0.02857142857142857
    ]
}