{
    "Train_record_accuracy": {
        "value": "0.55 \\pm 0.23",
        "mean": 0.54511315,
        "std": 0.23344905561369808,
        "max": 0.721517,
        "min": 0.208822,
        "count": 20
    },
    "Val_record_accuracy": {
        "value": "0.54 \\pm 0.24",
        "mean": 0.53860675,
        "std": 0.23875186363374737,
        "max": 0.723958,
        "min": 0.144531,
        "count": 20
    },
    "Val_ood_record_accuracy": {
        "value": "0.45 \\pm 0.18",
        "mean": 0.4457683,
        "std": 0.18065549966361388,
        "max": 0.636719,
        "min": 0.136719,
        "count": 20
    }
}