{
    "Train_record_accuracy": [
        0.22054,
        0.717041,
        0.72111,
        0.71639,
        0.23999,
        0.720703,
        0.721517,
        0.715576,
        0.717529,
        0.208822,
        0.713704,
        0.227295,
        0.242269,
        0.713216,
        0.218913,
        0.710531,
        0.232015,
        0.7146,
        0.715902,
        0.7146
    ],
    "Val_record_accuracy": [
        0.203125,
        0.71875,
        0.716146,
        0.700521,
        0.208333,
        0.701823,
        0.723958,
        0.709635,
        0.714844,
        0.235677,
        0.692708,
        0.144531,
        0.164063,
        0.721354,
        0.295573,
        0.71224,
        0.259115,
        0.717448,
        0.709635,
        0.722656
    ],
    "Val_ood_record_accuracy": [
        0.221354,
        0.580729,
        0.5625,
        0.546875,
        0.220052,
        0.544271,
        0.58724,
        0.628906,
        0.5625,
        0.239583,
        0.552083,
        0.174479,
        0.136719,
        0.558594,
        0.201823,
        0.571615,
        0.227865,
        0.636719,
        0.557292,
        0.604167
    ]
}