{
  "val_label_acc": {
    "exp_2": {
      "1.0": 1.0,
      "2.0": 0.9992163009404389,
      "3.0": 0.998792270531401,
      "4.0": 0.9768595041322314,
      "5.0": 0.9795501022494888,
      "6.0": 0.9642857142857143,
      "7.0": 0.875,
      "8.0": 0.8713235294117647,
      "9.0": 0.7850467289719626,
      "10.0": 0.9219858156028369
    },
    "exp_3": {
      "1.0": 1.0,
      "2.0": 0.9992163009404389,
      "3.0": 1.0,
      "4.0": 0.9851239669421488,
      "5.0": 0.9877300613496932,
      "6.0": 0.9532967032967034,
      "7.0": 0.8785714285714286,
      "8.0": 0.8566176470588235,
      "9.0": 0.8504672897196262,
      "10.0": 0.9219858156028369
    },
    "exp_4": {
      "1.0": 1.0,
      "2.0": 1.0,
      "3.0": 0.9975845410628019,
      "4.0": 0.9570247933884297,
      "5.0": 0.9263803680981595,
      "6.0": 0.8791208791208791,
      "7.0": 0.8535714285714285,
      "8.0": 0.8345588235294118,
      "9.0": 0.7710280373831776,
      "10.0": 0.8936170212765957
    },
    "exp_6": {
      "1.0": 1.0,
      "2.0": 0.9992163009404389,
      "3.0": 1.0,
      "4.0": 0.9785123966942149,
      "5.0": 0.9713701431492843,
      "6.0": 0.9340659340659341,
      "7.0": 0.85,
      "8.0": 0.8014705882352942,
      "9.0": 0.9018691588785047,
      "10.0": 0.9574468085106383
    },
    "exp_7": {
      "1.0": 1.0,
      "2.0": 1.0,
      "3.0": 1.0,
      "4.0": 0.9851239669421488,
      "5.0": 0.9815950920245399,
      "6.0": 0.9725274725274725,
      "7.0": 0.9321428571428572,
      "8.0": 0.8933823529411765,
      "9.0": 0.897196261682243,
      "10.0": 0.8652482269503546
    },
    "exp_8": {
      "1.0": 1.0,
      "2.0": 0.9992163009404389,
      "3.0": 0.998792270531401,
      "4.0": 0.9752066115702479,
      "5.0": 0.983640081799591,
      "6.0": 0.9395604395604396,
      "7.0": 0.8642857142857143,
      "8.0": 0.8823529411764706,
      "9.0": 0.677570093457944,
      "10.0": 0.9432624113475178
    },
    "exp_9": {
      "1.0": 1.0,
      "2.0": 1.0,
      "3.0": 0.998792270531401,
      "4.0": 0.9785123966942149,
      "5.0": 0.9877300613496932,
      "6.0": 0.9615384615384616,
      "7.0": 0.9392857142857143,
      "8.0": 0.9117647058823529,
      "9.0": 0.8691588785046729,
      "10.0": 0.8794326241134752
    },
    "exp_11": {
      "1.0": 1.0,
      "2.0": 1.0,
      "3.0": 0.998792270531401,
      "4.0": 0.9619834710743802,
      "5.0": 0.9141104294478528,
      "6.0": 0.8379120879120879,
      "7.0": 0.8,
      "8.0": 0.7904411764705882,
      "9.0": 0.7289719626168224,
      "10.0": 0.574468085106383
    },
    "exp_14": {
      "1.0": 1.0,
      "2.0": 0.9984326018808778,
      "3.0": 1.0,
      "4.0": 0.9801652892561984,
      "5.0": 0.9713701431492843,
      "6.0": 0.9725274725274725,
      "7.0": 0.9214285714285714,
      "8.0": 0.9080882352941176,
      "9.0": 0.9392523364485982,
      "10.0": 0.9078014184397163
    },
    "exp_16": {
      "1.0": 1.0,
      "2.0": 0.9992163009404389,
      "3.0": 0.9975845410628019,
      "4.0": 0.9553719008264463,
      "5.0": 0.9488752556237219,
      "6.0": 0.9065934065934066,
      "7.0": 0.8535714285714285,
      "8.0": 0.8345588235294118,
      "9.0": 0.8691588785046729,
      "10.0": 0.6453900709219859
    },
    "exp_18": {
      "1.0": 1.0,
      "2.0": 0.9984326018808778,
      "3.0": 0.9903381642512077,
      "4.0": 0.9636363636363636,
      "5.0": 0.9468302658486708,
      "6.0": 0.8928571428571429,
      "7.0": 0.8464285714285714,
      "8.0": 0.8786764705882353,
      "9.0": 0.8925233644859814,
      "10.0": 0.8439716312056738
    },
    "exp_19": {
      "1.0": 1.0,
      "2.0": 1.0,
      "3.0": 1.0,
      "4.0": 0.9570247933884297,
      "5.0": 0.9202453987730062,
      "6.0": 0.8461538461538461,
      "7.0": 0.7928571428571428,
      "8.0": 0.7536764705882353,
      "9.0": 0.7476635514018691,
      "10.0": 0.6950354609929078
    },
    "exp_20": {
      "1.0": 1.0,
      "2.0": 0.9992163009404389,
      "3.0": 1.0,
      "4.0": 0.9834710743801653,
      "5.0": 0.967280163599182,
      "6.0": 0.8928571428571429,
      "7.0": 0.8857142857142857,
      "8.0": 0.8529411764705882,
      "9.0": 0.7990654205607477,
      "10.0": 0.6950354609929078
    }
  },
  "val_obj_acc": {
    "exp_2": {
      "cloud": 0.967479674796748,
      "crossed_swords": 0.9902439024390244,
      "heart": 0.9852941176470589,
      "radioactive": 0.9739837398373984,
      "skull": 0.9836601307189542,
      "sun": 0.9447154471544715,
      "telephone": 0.9869918699186991,
      "white_king": 0.9853658536585366,
      "white_knight": 0.9691056910569106,
      "white_rook": 0.943089430894309
    },
    "exp_3": {
      "cloud": 0.9382113821138212,
      "crossed_swords": 0.9804878048780488,
      "heart": 0.9852941176470589,
      "radioactive": 0.9951219512195122,
      "skull": 0.9950980392156863,
      "sun": 0.9821138211382113,
      "telephone": 0.9934959349593496,
      "white_king": 0.9788617886178862,
      "white_knight": 0.943089430894309,
      "white_rook": 0.9658536585365853
    },
    "exp_4": {
      "cloud": 0.9528455284552846,
      "crossed_swords": 0.9886178861788618,
      "heart": 0.9607843137254902,
      "radioactive": 0.9869918699186991,
      "skull": 0.9738562091503268,
      "sun": 0.959349593495935,
      "telephone": 0.8943089430894309,
      "white_king": 0.9772357723577236,
      "white_knight": 0.9300813008130081,
      "white_rook": 0.9560975609756097
    },
    "exp_6": {
      "cloud": 0.9398373983739837,
      "crossed_swords": 0.9707317073170731,
      "heart": 0.9803921568627451,
      "radioactive": 0.9821138211382113,
      "skull": 0.9869281045751634,
      "sun": 0.9804878048780488,
      "telephone": 0.9544715447154472,
      "white_king": 0.9723577235772358,
      "white_knight": 0.9772357723577236,
      "white_rook": 0.9707317073170731
    },
    "exp_7": {
      "cloud": 0.9788617886178862,
      "crossed_swords": 0.9951219512195122,
      "heart": 0.9901960784313726,
      "radioactive": 0.9951219512195122,
      "skull": 0.9934640522875817,
      "sun": 0.9772357723577236,
      "telephone": 0.9788617886178862,
      "white_king": 0.9821138211382113,
      "white_knight": 0.9463414634146341,
      "white_rook": 0.9723577235772358
    },
    "exp_8": {
      "cloud": 0.9772357723577236,
      "crossed_swords": 0.9886178861788618,
      "heart": 0.9820261437908496,
      "radioactive": 0.991869918699187,
      "skull": 0.9738562091503268,
      "sun": 0.9626016260162602,
      "telephone": 0.9040650406504065,
      "white_king": 0.9707317073170731,
      "white_knight": 0.9739837398373984,
      "white_rook": 0.959349593495935
    },
    "exp_9": {
      "cloud": 0.9739837398373984,
      "crossed_swords": 0.9951219512195122,
      "heart": 0.9705882352941176,
      "radioactive": 0.9967479674796748,
      "skull": 0.9950980392156863,
      "sun": 0.9821138211382113,
      "telephone": 0.9853658536585366,
      "white_king": 0.975609756097561,
      "white_knight": 0.9788617886178862,
      "white_rook": 0.9512195121951219
    },
    "exp_11": {
      "cloud": 0.8747967479674796,
      "crossed_swords": 0.975609756097561,
      "heart": 0.8333333333333334,
      "radioactive": 0.9642276422764228,
      "skull": 0.9918300653594772,
      "sun": 0.9609756097560975,
      "telephone": 0.9723577235772358,
      "white_king": 0.967479674796748,
      "white_knight": 0.9219512195121952,
      "white_rook": 0.9577235772357724
    },
    "exp_14": {
      "cloud": 0.9560975609756097,
      "crossed_swords": 0.9869918699186991,
      "heart": 0.988562091503268,
      "radioactive": 0.9967479674796748,
      "skull": 0.9983660130718954,
      "sun": 0.9772357723577236,
      "telephone": 0.9853658536585366,
      "white_king": 0.9853658536585366,
      "white_knight": 0.9788617886178862,
      "white_rook": 0.9658536585365853
    },
    "exp_16": {
      "cloud": 0.9609756097560975,
      "crossed_swords": 0.9707317073170731,
      "heart": 0.9852941176470589,