{
  "val_label_acc": {
    "exp_2": {
      "1.0": 1.0,
      "2.0": 0.9992006394884093,
      "3.0": 0.994199535962877,
      "4.0": 0.9824561403508771,
      "5.0": 0.9827956989247312,
      "6.0": 0.9470899470899471,
      "7.0": 0.905511811023622,
      "8.0": 0.8639705882352942,
      "9.0": 0.7908163265306123,
      "10.0": 0.9594594594594594
    },
    "exp_3": {
      "1.0": 1.0,
      "2.0": 1.0,
      "3.0": 0.9965197215777262,
      "4.0": 0.9840510366826156,
      "5.0": 0.9806451612903225,
      "6.0": 0.9285714285714286,
      "7.0": 0.8937007874015748,
      "8.0": 0.8713235294117647,
      "9.0": 0.8163265306122449,
      "10.0": 0.9459459459459459
    },
    "exp_4": {
      "1.0": 1.0,
      "2.0": 0.9992006394884093,
      "3.0": 0.9918793503480279,
      "4.0": 0.9505582137161085,
      "5.0": 0.9311827956989247,
      "6.0": 0.8756613756613757,
      "7.0": 0.8740157480314961,
      "8.0": 0.8786764705882353,
      "9.0": 0.7704081632653061,
      "10.0": 0.8986486486486487
    },
    "exp_6": {
      "1.0": 1.0,
      "2.0": 1.0,
      "3.0": 0.994199535962877,
      "4.0": 0.9744816586921851,
      "5.0": 0.946236559139785,
      "6.0": 0.9232804232804233,
      "7.0": 0.905511811023622,
      "8.0": 0.7610294117647058,
      "9.0": 0.8724489795918368,
      "10.0": 0.972972972972973
    },
    "exp_7": {
      "1.0": 1.0,
      "2.0": 1.0,
      "3.0": 0.9965197215777262,
      "4.0": 0.9776714513556619,
      "5.0": 0.978494623655914,
      "6.0": 0.955026455026455,
      "7.0": 0.9291338582677166,
      "8.0": 0.9117647058823529,
      "9.0": 0.8826530612244898,
      "10.0": 0.8783783783783784
    },
    "exp_8": {
      "1.0": 1.0,
      "2.0": 0.9992006394884093,
      "3.0": 0.9918793503480279,
      "4.0": 0.9840510366826156,
      "5.0": 0.9720430107526882,
      "6.0": 0.9338624338624338,
      "7.0": 0.8858267716535433,
      "8.0": 0.8823529411764706,
      "9.0": 0.6836734693877551,
      "10.0": 0.9797297297297297
    },
    "exp_9": {
      "1.0": 1.0,
      "2.0": 0.9992006394884093,
      "3.0": 0.9953596287703016,
      "4.0": 0.9856459330143541,
      "5.0": 0.9827956989247312,
      "6.0": 0.9708994708994709,
      "7.0": 0.9251968503937008,
      "8.0": 0.9117647058823529,
      "9.0": 0.8673469387755102,
      "10.0": 0.8918918918918919
    },
    "exp_11": {
      "1.0": 1.0,
      "2.0": 1.0,
      "3.0": 0.9965197215777262,
      "4.0": 0.9728867623604466,
      "5.0": 0.9204301075268817,
      "6.0": 0.8518518518518519,
      "7.0": 0.8110236220472441,
      "8.0": 0.8272058823529411,
      "9.0": 0.7295918367346939,
      "10.0": 0.5945945945945946
    },
    "exp_14": {
      "1.0": 1.0,
      "2.0": 1.0,
      "3.0": 0.9965197215777262,
      "4.0": 0.9824561403508771,
      "5.0": 0.9720430107526882,
      "6.0": 0.9682539682539683,
      "7.0": 0.9488188976377953,
      "8.0": 0.875,
      "9.0": 0.9336734693877551,
      "10.0": 0.9121621621621622
    },
    "exp_16": {
      "1.0": 1.0,
      "2.0": 1.0,
      "3.0": 0.9930394431554525,
      "4.0": 0.9617224880382775,
      "5.0": 0.9634408602150538,
      "6.0": 0.91005291005291,
      "7.0": 0.84251968503937,
      "8.0": 0.8455882352941176,
      "9.0": 0.8469387755102041,
      "10.0": 0.6621621621621622
    },
    "exp_18": {
      "1.0": 1.0,
      "2.0": 0.9992006394884093,
      "3.0": 0.9872389791183295,
      "4.0": 0.9681020733652312,
      "5.0": 0.9483870967741935,
      "6.0": 0.9047619047619048,
      "7.0": 0.9094488188976378,
      "8.0": 0.8566176470588235,
      "9.0": 0.8877551020408163,
      "10.0": 0.831081081081081
    },
    "exp_19": {
      "1.0": 1.0,
      "2.0": 1.0,
      "3.0": 0.9953596287703016,
      "4.0": 0.9505582137161085,
      "5.0": 0.8989247311827957,
      "6.0": 0.8941798941798942,
      "7.0": 0.8228346456692913,
      "8.0": 0.7647058823529411,
      "9.0": 0.7602040816326531,
      "10.0": 0.6959459459459459
    },
    "exp_20": {
      "1.0": 1.0,
      "2.0": 0.9992006394884093,
      "3.0": 0.9965197215777262,
      "4.0": 0.9792663476874003,
      "5.0": 0.9827956989247312,
      "6.0": 0.9391534391534392,
      "7.0": 0.9291338582677166,
      "8.0": 0.8529411764705882,
      "9.0": 0.8163265306122449,
      "10.0": 0.75
    }
  },
  "val_obj_acc": {
    "exp_2": {
      "cloud": 0.9788617886178862,
      "crossed_swords": 0.9853658536585366,
      "heart": 0.9918300653594772,
      "radioactive": 0.9707317073170731,
      "skull": 0.9738562091503268,
      "sun": 0.9577235772357724,
      "telephone": 0.9788617886178862,
      "white_king": 0.9951219512195122,
      "white_knight": 0.9609756097560975,
      "white_rook": 0.9577235772357724
    },
    "exp_3": {
      "cloud": 0.926829268292683,
      "crossed_swords": 0.9772357723577236,
      "heart": 0.9934640522875817,
      "radioactive": 0.9934959349593496,
      "skull": 0.9836601307189542,
      "sun": 0.9902439024390244,
      "telephone": 0.9869918699186991,
      "white_king": 0.9902439024390244,
      "white_knight": 0.9365853658536586,
      "white_rook": 0.9691056910569106
    },
    "exp_4": {
      "cloud": 0.9691056910569106,
      "crossed_swords": 0.9772357723577236,
      "heart": 0.9705882352941176,
      "radioactive": 0.991869918699187,
      "skull": 0.9656862745098039,
      "sun": 0.9642276422764228,
      "telephone": 0.8975609756097561,
      "white_king": 0.991869918699187,
      "white_knight": 0.9170731707317074,
      "white_rook": 0.959349593495935
    },
    "exp_6": {
      "cloud": 0.9463414634146341,
      "crossed_swords": 0.9609756097560975,
      "heart": 0.988562091503268,
      "radioactive": 0.9691056910569106,
      "skull": 0.9722222222222222,
      "sun": 0.9902439024390244,
      "telephone": 0.9495934959349593,
      "white_king": 0.9772357723577236,
      "white_knight": 0.9577235772357724,
      "white_rook": 0.9739837398373984
    },
    "exp_7": {
      "cloud": 0.975609756097561,
      "crossed_swords": 0.9869918699186991,
      "heart": 0.9950980392156863,
      "radioactive": 0.9951219512195122,
      "skull": 0.9852941176470589,
      "sun": 0.9788617886178862,
      "telephone": 0.9788617886178862,
      "white_king": 0.9886178861788618,
      "white_knight": 0.9479674796747968,
      "white_rook": 0.9609756097560975
    },
    "exp_8": {
      "cloud": 0.9739837398373984,
      "crossed_swords": 0.983739837398374,
      "heart": 0.9950980392156863,
      "radioactive": 0.9853658536585366,
      "skull": 0.9558823529411765,
      "sun": 0.9642276422764228,
      "telephone": 0.9154471544715447,
      "white_king": 0.9886178861788618,
      "white_knight": 0.9707317073170731,
      "white_rook": 0.9707317073170731
    },
    "exp_9": {
      "cloud": 0.983739837398374,
      "crossed_swords": 0.9804878048780488,
      "heart": 0.9950980392156863,
      "radioactive": 0.9951219512195122,
      "skull": 0.9852941176470589,
      "sun": 0.991869918699187,
      "telephone": 0.9869918699186991,
      "white_king": 0.9853658536585366,
      "white_knight": 0.9544715447154472,
      "white_rook": 0.9495934959349593
    },
    "exp_11": {
      "cloud": 0.8926829268292683,
      "crossed_swords": 0.9626016260162602,
      "heart": 0.8758169934640523,
      "radioactive": 0.9658536585365853,
      "skull": 0.9836601307189542,
      "sun": 0.9577235772357724,
      "telephone": 0.967479674796748,
      "white_king": 0.9853658536585366,
      "white_knight": 0.9170731707317074,
      "white_rook": 0.9691056910569106
    },
    "exp_14": {
      "cloud": 0.9642276422764228,
      "crossed_swords": 0.9821138211382113,
      "heart": 0.9950980392156863,
      "radioactive": 0.9967479674796748,
      "skull": 0.9787581699346405,
      "sun": 0.9886178861788618,
      "telephone": 0.9772357723577236,
      "white_king": 0.991869918699187,
      "white_knight": 0.9658536585365853,
      "white_rook": 0.9772357723577236
    },
    "exp_16": {
      "cloud": 0.9788617886178862,