{
  "val_label_acc": {
    "exp_2": {
      "1.0": 1.0,
      "2.0": 0.9988095238095238,
      "3.0": 0.9961759082217974,
      "4.0": 0.984,
      "5.0": 0.9572649572649573,
      "6.0": 0.9325842696629213,
      "7.0": 0.9090909090909091,
      "8.0": 0.24686192468619247,
      "9.0": 0.19329073482428116,
      "10.0": 0.18719211822660098
    },
    "exp_3": {
      "1.0": 1.0,
      "2.0": 1.0,
      "3.0": 0.996116504854369,
      "4.0": 0.9915014164305949,
      "5.0": 0.9835390946502057,
      "6.0": 0.9421965317919075,
      "7.0": 0.9210526315789473,
      "8.0": 0.2691131498470948,
      "9.0": 0.20561941251596424,
      "10.0": 0.18219749652294853
    },
    "exp_4": {
      "1.0": 1.0,
      "2.0": 0.9988372093023256,
      "3.0": 0.9943181818181818,
      "4.0": 0.9549295774647887,
      "5.0": 0.9285714285714286,
      "6.0": 0.8502994011976048,
      "7.0": 0.912,
      "8.0": 0.2593103448275862,
      "9.0": 0.18758256274768825,
      "10.0": 0.17065868263473055
    },
    "exp_6": {
      "1.0": 1.0,
      "2.0": 1.0,
      "3.0": 0.9981684981684982,
      "4.0": 0.989247311827957,
      "5.0": 0.9631147540983607,
      "6.0": 0.9333333333333333,
      "7.0": 0.8837209302325582,
      "8.0": 0.2206703910614525,
      "9.0": 0.2171344165435746,
      "10.0": 0.18386243386243387
    },
    "exp_7": {
      "1.0": 1.0,
      "2.0": 1.0,
      "3.0": 0.9980119284294234,
      "4.0": 0.9920212765957447,
      "5.0": 0.9651162790697675,
      "6.0": 0.9378531073446328,
      "7.0": 0.917910447761194,
      "8.0": 0.2678062678062678,
      "9.0": 0.20116618075801748,
      "10.0": 0.1662269129287599
    },
    "exp_8": {
      "1.0": 1.0,
      "2.0": 1.0,
      "3.0": 0.9942084942084942,
      "4.0": 0.9812332439678284,
      "5.0": 0.9543568464730291,
      "6.0": 0.9095744680851063,
      "7.0": 0.7984496124031008,
      "8.0": 0.2520775623268698,
      "9.0": 0.14479025710419485,
      "10.0": 0.19533527696793002
    },
    "exp_9": {
      "1.0": 1.0,
      "2.0": 1.0,
      "3.0": 0.9980732177263969,
      "4.0": 0.9947643979057592,
      "5.0": 0.987603305785124,
      "6.0": 0.9766081871345029,
      "7.0": 0.9448818897637795,
      "8.0": 0.2506393861892583,
      "9.0": 0.21216617210682492,
      "10.0": 0.17048710601719197
    },
    "exp_11": {
      "1.0": 1.0,
      "2.0": 1.0,
      "3.0": 1.0,
      "4.0": 0.9739583333333334,
      "5.0": 0.920704845814978,
      "6.0": 0.8846153846153846,
      "7.0": 0.8394160583941606,
      "8.0": 0.2567204301075269,
      "9.0": 0.1772357723577236,
      "10.0": 0.11265822784810127
    },
    "exp_14": {
      "1.0": 1.0,
      "2.0": 1.0,
      "3.0": 1.0,
      "4.0": 0.9843342036553525,
      "5.0": 0.9563318777292577,
      "6.0": 0.9318181818181818,
      "7.0": 0.8863636363636364,
      "8.0": 0.2689075630252101,
      "9.0": 0.23472222222222222,
      "10.0": 0.16895604395604397
    },
    "exp_16": {
      "1.0": 1.0,
      "2.0": 1.0,
      "3.0": 1.0,
      "4.0": 0.9753424657534246,
      "5.0": 0.9523809523809523,
      "6.0": 0.9052631578947369,
      "7.0": 0.8623188405797102,
      "8.0": 0.2686781609195402,
      "9.0": 0.2100954979536153,
      "10.0": 0.11885245901639344
    },
    "exp_18": {
      "1.0": 1.0,
      "2.0": 1.0,
      "3.0": 0.9856887298747764,
      "4.0": 0.962059620596206,
      "5.0": 0.9307359307359307,
      "6.0": 0.9175824175824175,
      "7.0": 0.849624060150376,
      "8.0": 0.26443768996960487,
      "9.0": 0.21853388658367912,
      "10.0": 0.14882506527415143
    },
    "exp_19": {
      "1.0": 1.0,
      "2.0": 1.0,
      "3.0": 0.9963436928702011,
      "4.0": 0.9759036144578314,
      "5.0": 0.9507575757575758,
      "6.0": 0.8111111111111111,
      "7.0": 0.8181818181818182,
      "8.0": 0.23388305847076463,
      "9.0": 0.18588873812754408,
      "10.0": 0.125
    },
    "exp_20": {
      "1.0": 1.0,
      "2.0": 1.0,
      "3.0": 1.0,
      "4.0": 0.9972972972972973,
      "5.0": 0.983739837398374,
      "6.0": 0.8693181818181818,
      "7.0": 0.9076923076923077,
      "8.0": 0.2621359223300971,
      "9.0": 0.19615912208504802,
      "10.0": 0.15177304964539007
    }
  },
  "val_obj_acc": {
    "exp_2": {
      "cloud": 0.7092511013215859,
      "crossed_swords": 0.7306547619047619,
      "heart": 0.7224546722454672,
      "radioactive": 0.719626168224299,
      "skull": 0.7297297297297297,
      "sun": 0.6979655712050078,
      "telephone": 0.7198748043818466,
      "white_king": 0.7070175438596491,
      "white_knight": 0.7124183006535948,
      "white_rook": 0.7017543859649122
    },
    "exp_3": {
      "cloud": 0.697594501718213,
      "crossed_swords": 0.7239185750636132,
      "heart": 0.7262996941896025,
      "radioactive": 0.7294685990338164,
      "skull": 0.7271386430678466,
      "sun": 0.7312775330396476,
      "telephone": 0.7132132132132132,
      "white_king": 0.7098039215686275,
      "white_knight": 0.7269303201506592,
      "white_rook": 0.7149532710280374
    },
    "exp_4": {
      "cloud": 0.7159090909090909,
      "crossed_swords": 0.7232704402515723,
      "heart": 0.7254901960784313,
      "radioactive": 0.7260726072607261,
      "skull": 0.7237076648841355,
      "sun": 0.7219152854511971,
      "telephone": 0.6559139784946236,
      "white_king": 0.7015503875968992,
      "white_knight": 0.7019400352733686,
      "white_rook": 0.7214285714285714
    },
    "exp_6": {
      "cloud": 0.7083333333333334,
      "crossed_swords": 0.7087378640776699,
      "heart": 0.7254901960784313,
      "radioactive": 0.7161084529505582,
      "skull": 0.7237008871989861,
      "sun": 0.7282608695652174,
      "telephone": 0.7112526539278131,
      "white_king": 0.7119565217391305,
      "white_knight": 0.7058823529411765,
      "white_rook": 0.7163120567375887
    },
    "exp_7": {
      "cloud": 0.7212475633528265,
      "crossed_swords": 0.7324364723467862,
      "heart": 0.7243319268635724,
      "radioactive": 0.7207678883071553,
      "skull": 0.7192982456140351,
      "sun": 0.7181964573268921,
      "telephone": 0.7206572769953051,
      "white_king": 0.7174211248285323,
      "white_knight": 0.6894586894586895,
      "white_rook": 0.7260034904013961
    },
    "exp_8": {
      "cloud": 0.7121879588839941,
      "crossed_swords": 0.7176470588235294,
      "heart": 0.7318007662835249,
      "radioactive": 0.7228070175438597,
      "skull": 0.7174887892376681,
      "sun": 0.7116666666666667,
      "telephone": 0.6594827586206896,
      "white_king": 0.7058823529411765,
      "white_knight": 0.7081081081081081,
      "white_rook": 0.7128205128205128
    },
    "exp_9": {
      "cloud": 0.7085828343313373,
      "crossed_swords": 0.7240829346092504,
      "heart": 0.7256944444444444,
      "radioactive": 0.7298636926889716,
      "skull": 0.7324263038548753,
      "sun": 0.72,
      "telephone": 0.7166666666666667,
      "white_king": 0.7207977207977208,
      "white_knight": 0.7132987910189983,
      "white_rook": 0.717948717948718
    },
    "exp_11": {
      "cloud": 0.6795321637426901,
      "crossed_swords": 0.7024390243902439,
      "heart": 0.660377358490566,
      "radioactive": 0.7283950617283951,
      "skull": 0.7316666666666667,
      "sun": 0.7133956386292835,
      "telephone": 0.7112970711297071,
      "white_king": 0.7112299465240641,
      "white_knight": 0.6910994764397905,
      "white_rook": 0.711755233494364
    },
    "exp_14": {
      "cloud": 0.7064017660044151,
      "crossed_swords": 0.7121951219512195,
      "heart": 0.7288359788359788,
      "radioactive": 0.7294469357249627,
      "skull": 0.7268722466960352,
      "sun": 0.721183800623053,
      "telephone": 0.7085271317829457,
      "white_king": 0.7234848484848485,
      "white_knight": 0.7166666666666667,
      "white_rook": 0.7189189189189189
    },
    "exp_16": {
      "cloud": 0.7217261904761905,
      "crossed_swords": 0.7081481481481482,
      "heart": 0.7311827956989247,
      "radioactive": 0.7158931082981715,