{
  "val_label_acc": {
    "exp_2": {
      "1.0": 1.0,
      "2.0": 1.0,
      "3.0": 0.99812734082397,
      "4.0": 0.9895561357702349,
      "5.0": 0.9673469387755103,
      "6.0": 0.9371428571428572,
      "7.0": 0.9032258064516129,
      "8.0": 0.2757078986587183,
      "9.0": 0.1773981603153745,
      "10.0": 0.1972027972027972
    },
    "exp_3": {
      "1.0": 1.0,
      "2.0": 1.0,
      "3.0": 0.99812734082397,
      "4.0": 0.9843342036553525,
      "5.0": 0.963265306122449,
      "6.0": 0.9314285714285714,
      "7.0": 0.9032258064516129,
      "8.0": 0.27123695976154993,
      "9.0": 0.19316688567674112,
      "10.0": 0.1902097902097902
    },
    "exp_4": {
      "1.0": 1.0,
      "2.0": 1.0,
      "3.0": 0.9943820224719101,
      "4.0": 0.9765013054830287,
      "5.0": 0.9224489795918367,
      "6.0": 0.8742857142857143,
      "7.0": 0.8306451612903226,
      "8.0": 0.2637853949329359,
      "9.0": 0.18922470433639949,
      "10.0": 0.17342657342657342
    },
    "exp_6": {
      "1.0": 1.0,
      "2.0": 1.0,
      "3.0": 0.9925093632958801,
      "4.0": 0.9608355091383812,
      "5.0": 0.9673469387755103,
      "6.0": 0.92,
      "7.0": 0.8629032258064516,
      "8.0": 0.2488822652757079,
      "9.0": 0.20367936925098554,
      "10.0": 0.1902097902097902
    },
    "exp_7": {
      "1.0": 1.0,
      "2.0": 1.0,
      "3.0": 0.9962546816479401,
      "4.0": 0.9895561357702349,
      "5.0": 0.9795918367346939,
      "6.0": 0.96,
      "7.0": 0.9274193548387096,
      "8.0": 0.27719821162444114,
      "9.0": 0.20630749014454666,
      "10.0": 0.16363636363636364
    },
    "exp_8": {
      "1.0": 1.0,
      "2.0": 1.0,
      "3.0": 0.9962546816479401,
      "4.0": 0.9869451697127938,
      "5.0": 0.9673469387755103,
      "6.0": 0.9085714285714286,
      "7.0": 0.8306451612903226,
      "8.0": 0.27421758569299554,
      "9.0": 0.1498028909329829,
      "10.0": 0.1916083916083916
    },
    "exp_9": {
      "1.0": 1.0,
      "2.0": 1.0,
      "3.0": 0.99812734082397,
      "4.0": 0.9869451697127938,
      "5.0": 0.9795918367346939,
      "6.0": 0.9371428571428572,
      "7.0": 0.8870967741935484,
      "8.0": 0.28017883755588674,
      "9.0": 0.19710906701708278,
      "10.0": 0.18181818181818182
    },
    "exp_11": {
      "1.0": 1.0,
      "2.0": 1.0,
      "3.0": 0.99812734082397,
      "4.0": 0.9738903394255874,
      "5.0": 0.9387755102040817,
      "6.0": 0.8228571428571428,
      "7.0": 0.75,
      "8.0": 0.2593144560357675,
      "9.0": 0.1590013140604468,
      "10.0": 0.11048951048951049
    },
    "exp_14": {
      "1.0": 1.0,
      "2.0": 1.0,
      "3.0": 1.0,
      "4.0": 0.9817232375979112,
      "5.0": 0.9877551020408163,
      "6.0": 0.9657142857142857,
      "7.0": 0.9516129032258065,
      "8.0": 0.26825633383010433,
      "9.0": 0.21681997371879105,
      "10.0": 0.18601398601398603
    },
    "exp_16": {
      "1.0": 1.0,
      "2.0": 1.0,
      "3.0": 1.0,
      "4.0": 0.9738903394255874,
      "5.0": 0.9306122448979591,
      "6.0": 0.8857142857142857,
      "7.0": 0.8387096774193549,
      "8.0": 0.2637853949329359,
      "9.0": 0.20630749014454666,
      "10.0": 0.13706293706293707
    },
    "exp_18": {
      "1.0": 1.0,
      "2.0": 1.0,
      "3.0": 0.9887640449438202,
      "4.0": 0.9556135770234987,
      "5.0": 0.9673469387755103,
      "6.0": 0.8971428571428571,
      "7.0": 0.8629032258064516,
      "8.0": 0.27719821162444114,
      "9.0": 0.19842312746386334,
      "10.0": 0.15804195804195803
    },
    "exp_19": {
      "1.0": 1.0,
      "2.0": 1.0,
      "3.0": 0.9962546816479401,
      "4.0": 0.9503916449086162,
      "5.0": 0.9306122448979591,
      "6.0": 0.8342857142857143,
      "7.0": 0.7983870967741935,
      "8.0": 0.23099850968703428,
      "9.0": 0.18396846254927726,
      "10.0": 0.1258741258741259
    },
    "exp_20": {
      "1.0": 1.0,
      "2.0": 1.0,
      "3.0": 0.99812734082397,
      "4.0": 0.9921671018276762,
      "5.0": 0.9510204081632653,
      "6.0": 0.9085714285714286,
      "7.0": 0.8387096774193549,
      "8.0": 0.2697466467958271,
      "9.0": 0.1773981603153745,
      "10.0": 0.14685314685314685
    }
  },
  "val_obj_acc": {
    "exp_2": {
      "cloud": 0.7191358024691358,
      "crossed_swords": 0.7299270072992701,
      "heart": 0.7300884955752213,
      "radioactive": 0.714859437751004,
      "skull": 0.7195767195767195,
      "sun": 0.7060478199718706,
      "telephone": 0.7242063492063492,
      "white_king": 0.7261146496815286,
      "white_knight": 0.7303703703703703,
      "white_rook": 0.6929824561403509
    },
    "exp_3": {
      "cloud": 0.6867283950617284,
      "crossed_swords": 0.7262773722627737,
      "heart": 0.7315634218289085,
      "radioactive": 0.7329317269076305,
      "skull": 0.7283950617283951,
      "sun": 0.7341772151898734,
      "telephone": 0.7242063492063492,
      "white_king": 0.7197452229299363,
      "white_knight": 0.7051851851851851,
      "white_rook": 0.7087719298245614
    },
    "exp_4": {
      "cloud": 0.7160493827160493,
      "crossed_swords": 0.7287104622871047,
      "heart": 0.7182890855457227,
      "radioactive": 0.7289156626506024,
      "skull": 0.7107583774250441,
      "sun": 0.7257383966244726,
      "telephone": 0.6646825396825397,
      "white_king": 0.7176220806794055,
      "white_knight": 0.6933333333333334,
      "white_rook": 0.6929824561403509
    },
    "exp_6": {
      "cloud": 0.6929012345679012,
      "crossed_swords": 0.7116788321167883,
      "heart": 0.7286135693215339,
      "radioactive": 0.7108433734939759,
      "skull": 0.7266313932980599,
      "sun": 0.729957805907173,
      "telephone": 0.7123015873015873,
      "white_king": 0.7112526539278131,
      "white_knight": 0.7214814814814815,
      "white_rook": 0.7070175438596491
    },
    "exp_7": {
      "cloud": 0.720679012345679,
      "crossed_swords": 0.7299270072992701,
      "heart": 0.7315634218289085,
      "radioactive": 0.7228915662650602,
      "skull": 0.7213403880070547,
      "sun": 0.7285513361462729,
      "telephone": 0.7063492063492064,
      "white_king": 0.721868365180467,
      "white_knight": 0.7096296296296296,
      "white_rook": 0.7105263157894737
    },
    "exp_8": {
      "cloud": 0.7191358024691358,
      "crossed_swords": 0.7226277372262774,
      "heart": 0.7227138643067846,
      "radioactive": 0.7188755020080321,
      "skull": 0.7107583774250441,
      "sun": 0.710267229254571,
      "telephone": 0.6825396825396826,
      "white_king": 0.721868365180467,
      "white_knight": 0.717037037037037,
      "white_rook": 0.6947368421052632
    },
    "exp_9": {
      "cloud": 0.7222222222222222,
      "crossed_swords": 0.7262773722627737,
      "heart": 0.7138643067846607,
      "radioactive": 0.7248995983935743,
      "skull": 0.7266313932980599,
      "sun": 0.7313642756680732,
      "telephone": 0.7202380952380952,
      "white_king": 0.7239915074309978,
      "white_knight": 0.7185185185185186,
      "white_rook": 0.6982456140350877
    },
    "exp_11": {
      "cloud": 0.6805555555555556,
      "crossed_swords": 0.7141119221411192,
      "heart": 0.616519174041298,
      "radioactive": 0.7088353413654619,
      "skull": 0.7248677248677249,
      "sun": 0.7215189873417721,
      "telephone": 0.7023809523809523,
      "white_king": 0.721868365180467,
      "white_knight": 0.6918518518518518,
      "white_rook": 0.7
    },
    "exp_14": {
      "cloud": 0.7083333333333334,
      "crossed_swords": 0.7262773722627737,
      "heart": 0.7300884955752213,
      "radioactive": 0.7309236947791165,
      "skull": 0.7213403880070547,
      "sun": 0.7327707454289732,
      "telephone": 0.7301587301587301,
      "white_king": 0.7303609341825902,
      "white_knight": 0.7229629629629629,
      "white_rook": 0.7157894736842105
    },
    "exp_16": {
      "cloud": 0.7191358024691358,
      "crossed_swords": 0.7201946472019465,
      "heart": 0.7286135693215339,
      "radioactive": 0.7208835341365462,