{
  "val_label_acc": {
    "exp_2": {
      "1.0": 1.0,
      "2.0": 0.9988290398126464,
      "3.0": 1.0,
      "4.0": 0.9833333333333333,
      "5.0": 0.9761904761904762,
      "6.0": 0.9523809523809523,
      "7.0": 0.8863636363636364,
      "8.0": 0.2807807807807808,
      "9.0": 0.17597087378640777,
      "10.0": 0.18345864661654135
    },
    "exp_3": {
      "1.0": 1.0,
      "2.0": 0.9988290398126464,
      "3.0": 1.0,
      "4.0": 0.9972222222222222,
      "5.0": 0.9801587301587301,
      "6.0": 0.9523809523809523,
      "7.0": 0.9318181818181818,
      "8.0": 0.27177177177177175,
      "9.0": 0.1808252427184466,
      "10.0": 0.1849624060150376
    },
    "exp_4": {
      "1.0": 1.0,
      "2.0": 0.9988290398126464,
      "3.0": 0.9907063197026023,
      "4.0": 0.9611111111111111,
      "5.0": 0.9365079365079365,
      "6.0": 0.8809523809523809,
      "7.0": 0.9015151515151515,
      "8.0": 0.2732732732732733,
      "9.0": 0.16140776699029127,
      "10.0": 0.18195488721804512
    },
    "exp_6": {
      "1.0": 1.0,
      "2.0": 0.9988290398126464,
      "3.0": 0.9962825278810409,
      "4.0": 0.975,
      "5.0": 0.9761904761904762,
      "6.0": 0.8809523809523809,
      "7.0": 0.9015151515151515,
      "8.0": 0.24324324324324326,
      "9.0": 0.20509708737864077,
      "10.0": 0.18947368421052632
    },
    "exp_7": {
      "1.0": 1.0,
      "2.0": 1.0,
      "3.0": 1.0,
      "4.0": 0.9888888888888889,
      "5.0": 0.9761904761904762,
      "6.0": 0.9702380952380952,
      "7.0": 0.946969696969697,
      "8.0": 0.2957957957957958,
      "9.0": 0.19781553398058252,
      "10.0": 0.1699248120300752
    },
    "exp_8": {
      "1.0": 1.0,
      "2.0": 0.9988290398126464,
      "3.0": 1.0,
      "4.0": 0.9916666666666667,
      "5.0": 0.9682539682539683,
      "6.0": 0.9523809523809523,
      "7.0": 0.9090909090909091,
      "8.0": 0.2882882882882883,
      "9.0": 0.14805825242718446,
      "10.0": 0.19548872180451127
    },
    "exp_9": {
      "1.0": 1.0,
      "2.0": 1.0,
      "3.0": 1.0,
      "4.0": 0.9944444444444445,
      "5.0": 0.996031746031746,
      "6.0": 0.9880952380952381,
      "7.0": 0.9545454545454546,
      "8.0": 0.3033033033033033,
      "9.0": 0.19781553398058252,
      "10.0": 0.17293233082706766
    },
    "exp_11": {
      "1.0": 1.0,
      "2.0": 1.0,
      "3.0": 1.0,
      "4.0": 0.9805555555555555,
      "5.0": 0.9682539682539683,
      "6.0": 0.875,
      "7.0": 0.8560606060606061,
      "8.0": 0.27627627627627627,
      "9.0": 0.16990291262135923,
      "10.0": 0.1037593984962406
    },
    "exp_14": {
      "1.0": 1.0,
      "2.0": 0.9988290398126464,
      "3.0": 1.0,
      "4.0": 0.9833333333333333,
      "5.0": 0.996031746031746,
      "6.0": 0.9404761904761905,
      "7.0": 0.9621212121212122,
      "8.0": 0.2882882882882883,
      "9.0": 0.21723300970873785,
      "10.0": 0.17894736842105263
    },
    "exp_16": {
      "1.0": 1.0,
      "2.0": 0.9988290398126464,
      "3.0": 0.9944237918215614,
      "4.0": 0.9722222222222222,
      "5.0": 0.9563492063492064,
      "6.0": 0.8630952380952381,
      "7.0": 0.8636363636363636,
      "8.0": 0.2807807807807808,
      "9.0": 0.20145631067961164,
      "10.0": 0.12631578947368421
    },
    "exp_18": {
      "1.0": 1.0,
      "2.0": 0.9988290398126464,
      "3.0": 0.983271375464684,
      "4.0": 0.9527777777777777,
      "5.0": 0.9365079365079365,
      "6.0": 0.8928571428571429,
      "7.0": 0.8712121212121212,
      "8.0": 0.27927927927927926,
      "9.0": 0.2087378640776699,
      "10.0": 0.16090225563909774
    },
    "exp_19": {
      "1.0": 1.0,
      "2.0": 0.9988290398126464,
      "3.0": 0.9981412639405205,
      "4.0": 0.975,
      "5.0": 0.9484126984126984,
      "6.0": 0.9226190476190477,
      "7.0": 0.8257575757575758,
      "8.0": 0.2702702702702703,
      "9.0": 0.1796116504854369,
      "10.0": 0.12631578947368421
    },
    "exp_20": {
      "1.0": 1.0,
      "2.0": 0.9988290398126464,
      "3.0": 0.9981412639405205,
      "4.0": 0.9888888888888889,
      "5.0": 0.9920634920634921,
      "6.0": 0.9226190476190477,
      "7.0": 0.9166666666666666,
      "8.0": 0.2882882882882883,
      "9.0": 0.18446601941747573,
      "10.0": 0.1548872180451128
    }
  },
  "val_obj_acc": {
    "exp_2": {
      "cloud": 0.7155322862129145,
      "crossed_swords": 0.7274074074074074,
      "heart": 0.7222222222222222,
      "radioactive": 0.7,
      "skull": 0.7282051282051282,
      "sun": 0.7089430894308943,
      "telephone": 0.7242302543507363,
      "white_king": 0.7242063492063492,
      "white_knight": 0.7203856749311295,
      "white_rook": 0.7038567493112947
    },
    "exp_3": {
      "cloud": 0.6928446771378709,
      "crossed_swords": 0.7229629629629629,
      "heart": 0.7268518518518519,
      "radioactive": 0.7314814814814815,
      "skull": 0.7282051282051282,
      "sun": 0.7300813008130081,
      "telephone": 0.7255689424364123,
      "white_king": 0.7103174603174603,
      "white_knight": 0.7066115702479339,
      "white_rook": 0.7176308539944903
    },
    "exp_4": {
      "cloud": 0.7068062827225131,
      "crossed_swords": 0.725925925925926,
      "heart": 0.720679012345679,
      "radioactive": 0.7240740740740741,
      "skull": 0.717948717948718,
      "sun": 0.7235772357723578,
      "telephone": 0.6613119143239625,
      "white_king": 0.7242063492063492,
      "white_knight": 0.7011019283746557,
      "white_rook": 0.7024793388429752
    },
    "exp_6": {
      "cloud": 0.6963350785340314,
      "crossed_swords": 0.7037037037037037,
      "heart": 0.7253086419753086,
      "radioactive": 0.7092592592592593,
      "skull": 0.7282051282051282,
      "sun": 0.7284552845528456,
      "telephone": 0.7095046854082999,
      "white_king": 0.7123015873015873,
      "white_knight": 0.721763085399449,
      "white_rook": 0.7203856749311295
    },
    "exp_7": {
      "cloud": 0.7207678883071553,
      "crossed_swords": 0.7333333333333333,
      "heart": 0.7283950617283951,
      "radioactive": 0.7277777777777777,
      "skull": 0.7307692307692307,
      "sun": 0.7300813008130081,
      "telephone": 0.7175368139223561,
      "white_king": 0.7182539682539683,
      "white_knight": 0.709366391184573,
      "white_rook": 0.7162534435261708
    },
    "exp_8": {
      "cloud": 0.7172774869109948,
      "crossed_swords": 0.7288888888888889,
      "heart": 0.7299382716049383,
      "radioactive": 0.7148148148148148,
      "skull": 0.717948717948718,
      "sun": 0.7105691056910569,
      "telephone": 0.6934404283801874,
      "white_king": 0.7162698412698413,
      "white_knight": 0.721763085399449,
      "white_rook": 0.7148760330578512
    },
    "exp_9": {
      "cloud": 0.7242582897033158,
      "crossed_swords": 0.7348148148148148,
      "heart": 0.7237654320987654,
      "radioactive": 0.725925925925926,
      "skull": 0.7333333333333333,
      "sun": 0.7300813008130081,
      "telephone": 0.7269076305220884,
      "white_king": 0.7301587301587301,
      "white_knight": 0.7245179063360881,
      "white_rook": 0.7079889807162535
    },
    "exp_11": {
      "cloud": 0.6771378708551483,
      "crossed_swords": 0.7125925925925926,
      "heart": 0.6712962962962963,
      "radioactive": 0.7129629629629629,
      "skull": 0.7256410256410256,
      "sun": 0.7024390243902439,
      "telephone": 0.713520749665328,
      "white_king": 0.7242063492063492,
      "white_knight": 0.7011019283746557,
      "white_rook": 0.7107438016528925
    },
    "exp_14": {
      "cloud": 0.7137870855148342,
      "crossed_swords": 0.7244444444444444,
      "heart": 0.7299382716049383,
      "radioactive": 0.7314814814814815,
      "skull": 0.7307692307692307,
      "sun": 0.7252032520325203,
      "telephone": 0.7228915662650602,
      "white_king": 0.7281746031746031,
      "white_knight": 0.7258953168044077,
      "white_rook": 0.7231404958677686
    },
    "exp_16": {
      "cloud": 0.7225130890052356,
      "crossed_swords": 0.7155555555555555,