{
  "val_label_acc": {
    "exp_2": {
      "1.0": 1.0,
      "2.0": 1.0,
      "3.0": 1.0,
      "4.0": 0.9800613496932515,
      "5.0": 0.9759825327510917,
      "6.0": 0.94,
      "7.0": 0.8993055555555556,
      "8.0": 0.8489795918367347,
      "9.0": 0.7876106194690266,
      "10.0": 0.9457364341085271
    },
    "exp_3": {
      "1.0": 1.0,
      "2.0": 1.0,
      "3.0": 1.0,
      "4.0": 0.9861963190184049,
      "5.0": 0.9716157205240175,
      "6.0": 0.9285714285714286,
      "7.0": 0.8958333333333334,
      "8.0": 0.8734693877551021,
      "9.0": 0.8230088495575221,
      "10.0": 0.937984496124031
    },
    "exp_4": {
      "1.0": 1.0,
      "2.0": 0.9991935483870967,
      "3.0": 0.9965156794425087,
      "4.0": 0.9493865030674846,
      "5.0": 0.9323144104803494,
      "6.0": 0.8828571428571429,
      "7.0": 0.9097222222222222,
      "8.0": 0.8857142857142857,
      "9.0": 0.8141592920353983,
      "10.0": 0.875968992248062
    },
    "exp_6": {
      "1.0": 1.0,
      "2.0": 1.0,
      "3.0": 0.9988385598141696,
      "4.0": 0.9769938650306749,
      "5.0": 0.9585152838427947,
      "6.0": 0.9085714285714286,
      "7.0": 0.8194444444444444,
      "8.0": 0.7591836734693878,
      "9.0": 0.8849557522123894,
      "10.0": 0.9302325581395349
    },
    "exp_7": {
      "1.0": 1.0,
      "2.0": 1.0,
      "3.0": 1.0,
      "4.0": 0.9815950920245399,
      "5.0": 0.9694323144104804,
      "6.0": 0.9371428571428572,
      "7.0": 0.9270833333333334,
      "8.0": 0.9061224489795918,
      "9.0": 0.8805309734513275,
      "10.0": 0.9069767441860465
    },
    "exp_8": {
      "1.0": 1.0,
      "2.0": 1.0,
      "3.0": 0.9988385598141696,
      "4.0": 0.9861963190184049,
      "5.0": 0.962882096069869,
      "6.0": 0.9342857142857143,
      "7.0": 0.8611111111111112,
      "8.0": 0.8571428571428571,
      "9.0": 0.6415929203539823,
      "10.0": 0.9767441860465116
    },
    "exp_9": {
      "1.0": 1.0,
      "2.0": 1.0,
      "3.0": 1.0,
      "4.0": 0.9923312883435583,
      "5.0": 0.9847161572052402,
      "6.0": 0.96,
      "7.0": 0.9340277777777778,
      "8.0": 0.9306122448979591,
      "9.0": 0.9070796460176991,
      "10.0": 0.8914728682170543
    },
    "exp_11": {
      "1.0": 1.0,
      "2.0": 1.0,
      "3.0": 1.0,
      "4.0": 0.9723926380368099,
      "5.0": 0.9213973799126638,
      "6.0": 0.8457142857142858,
      "7.0": 0.8368055555555556,
      "8.0": 0.8204081632653061,
      "9.0": 0.7212389380530974,
      "10.0": 0.5581395348837209
    },
    "exp_14": {
      "1.0": 1.0,
      "2.0": 1.0,
      "3.0": 0.9988385598141696,
      "4.0": 0.9769938650306749,
      "5.0": 0.9672489082969432,
      "6.0": 0.94,
      "7.0": 0.90625,
      "8.0": 0.8734693877551021,
      "9.0": 0.9247787610619469,
      "10.0": 0.8837209302325582
    },
    "exp_16": {
      "1.0": 1.0,
      "2.0": 1.0,
      "3.0": 0.9976771196283392,
      "4.0": 0.9585889570552147,
      "5.0": 0.9454148471615721,
      "6.0": 0.8971428571428571,
      "7.0": 0.8923611111111112,
      "8.0": 0.8612244897959184,
      "9.0": 0.8938053097345132,
      "10.0": 0.689922480620155
    },
    "exp_18": {
      "1.0": 1.0,
      "2.0": 1.0,
      "3.0": 0.9941927990708479,
      "4.0": 0.9662576687116564,
      "5.0": 0.9497816593886463,
      "6.0": 0.9142857142857143,
      "7.0": 0.8784722222222222,
      "8.0": 0.8530612244897959,
      "9.0": 0.8805309734513275,
      "10.0": 0.7906976744186046
    },
    "exp_19": {
      "1.0": 1.0,
      "2.0": 1.0,
      "3.0": 1.0,
      "4.0": 0.9631901840490797,
      "5.0": 0.925764192139738,
      "6.0": 0.8542857142857143,
      "7.0": 0.8159722222222222,
      "8.0": 0.7877551020408163,
      "9.0": 0.7787610619469026,
      "10.0": 0.6821705426356589
    },
    "exp_20": {
      "1.0": 1.0,
      "2.0": 1.0,
      "3.0": 1.0,
      "4.0": 0.9846625766871165,
      "5.0": 0.9694323144104804,
      "6.0": 0.8857142857142857,
      "7.0": 0.9166666666666666,
      "8.0": 0.8816326530612245,
      "9.0": 0.8230088495575221,
      "10.0": 0.7209302325581395
    }
  },
  "val_obj_acc": {
    "exp_2": {
      "cloud": 0.959349593495935,
      "crossed_swords": 0.9869918699186991,
      "heart": 0.9852941176470589,
      "radioactive": 0.9788617886178862,
      "skull": 0.9689542483660131,
      "sun": 0.9512195121951219,
      "telephone": 0.9707317073170731,
      "white_king": 0.9804878048780488,
      "white_knight": 0.9788617886178862,
      "white_rook": 0.9691056910569106
    },
    "exp_3": {
      "cloud": 0.9008130081300812,
      "crossed_swords": 0.983739837398374,
      "heart": 0.9901960784313726,
      "radioactive": 0.9983739837398374,
      "skull": 0.9820261437908496,
      "sun": 0.991869918699187,
      "telephone": 0.9739837398373984,
      "white_king": 0.967479674796748,
      "white_knight": 0.9723577235772358,
      "white_rook": 0.9853658536585366
    },
    "exp_4": {
      "cloud": 0.9544715447154472,
      "crossed_swords": 0.9869918699186991,
      "heart": 0.9754901960784313,
      "radioactive": 0.9983739837398374,
      "skull": 0.9607843137254902,
      "sun": 0.9821138211382113,
      "telephone": 0.8861788617886179,
      "white_king": 0.967479674796748,
      "white_knight": 0.9512195121951219,
      "white_rook": 0.9772357723577236
    },
    "exp_6": {
      "cloud": 0.9121951219512195,
      "crossed_swords": 0.967479674796748,
      "heart": 0.9918300653594772,
      "radioactive": 0.9821138211382113,
      "skull": 0.9738562091503268,
      "sun": 0.9934959349593496,
      "telephone": 0.926829268292683,
      "white_king": 0.9626016260162602,
      "white_knight": 0.9691056910569106,
      "white_rook": 0.9739837398373984
    },
    "exp_7": {
      "cloud": 0.959349593495935,
      "crossed_swords": 0.9983739837398374,
      "heart": 0.9934640522875817,
      "radioactive": 0.991869918699187,
      "skull": 0.9771241830065359,
      "sun": 0.983739837398374,
      "telephone": 0.9609756097560975,
      "white_king": 0.9691056910569106,
      "white_knight": 0.967479674796748,
      "white_rook": 0.9853658536585366
    },
    "exp_8": {
      "cloud": 0.9560975609756097,
      "crossed_swords": 0.9934959349593496,
      "heart": 0.9918300653594772,
      "radioactive": 0.9853658536585366,
      "skull": 0.9575163398692811,
      "sun": 0.9707317073170731,
      "telephone": 0.8829268292682927,
      "white_king": 0.9691056910569106,
      "white_knight": 0.9788617886178862,
      "white_rook": 0.9739837398373984
    },
    "exp_9": {
      "cloud": 0.9739837398373984,
      "crossed_swords": 0.991869918699187,
      "heart": 0.9950980392156863,
      "radioactive": 0.9951219512195122,
      "skull": 0.9820261437908496,
      "sun": 0.9951219512195122,
      "telephone": 0.9772357723577236,
      "white_king": 0.983739837398374,
      "white_knight": 0.9707317073170731,
      "white_rook": 0.9772357723577236
    },
    "exp_11": {
      "cloud": 0.8894308943089431,
      "crossed_swords": 0.9707317073170731,
      "heart": 0.8562091503267973,
      "radioactive": 0.967479674796748,
      "skull": 0.9836601307189542,
      "sun": 0.9691056910569106,
      "telephone": 0.9577235772357724,
      "white_king": 0.9560975609756097,
      "white_knight": 0.9512195121951219,
      "white_rook": 0.9788617886178862
    },
    "exp_14": {
      "cloud": 0.9398373983739837,
      "crossed_swords": 0.9804878048780488,
      "heart": 0.9934640522875817,
      "radioactive": 0.9967479674796748,
      "skull": 0.9738562091503268,
      "sun": 0.9853658536585366,
      "telephone": 0.967479674796748,
      "white_king": 0.983739837398374,
      "white_knight": 0.9788617886178862,
      "white_rook": 0.9691056910569106
    },
    "exp_16": {
      "cloud": 0.9691056910569106,
      "crossed_swords": 0.9788617886178862,
      "heart": 0.9901960784313726,
      "radioactive": 0.9886178861788618,
      "skull": 0.9803921568627451,
      "sun": 0.9886178861788618,
      "telephone": 0.967479674796748,