{
    "eval_set_one2n_accu": {
        "value": "0.89 \\pm 0.12",
        "mean": 0.8937691717791412,
        "std": 0.12055128590864106,
        "max": 0.9766104294478528,
        "min": 0.40644171779141103,
        "count": 20
    },
    "eval_set_one2one_accu": {
        "value": "0.71 \\pm 0.11",
        "mean": 0.7077453987730061,
        "std": 0.11183131310169149,
        "max": 0.8911042944785276,
        "min": 0.40644171779141103,
        "count": 20
    },
    "eval_set_one2n_accu_cycle": {
        "value": "0.95 \\pm 0.15",
        "mean": 0.9504026073619631,
        "std": 0.14549363402613485,
        "max": 1.0,
        "min": 0.3416411042944785,
        "count": 20
    },
    "eval_set_one2one_accu_cycle": {
        "value": "0.86 \\pm 0.14",
        "mean": 0.8601418711656443,
        "std": 0.1428920364372715,
        "max": 1.0,
        "min": 0.3416411042944785,
        "count": 20
    },
    "eval_set_emb_select_accu": {
        "value": "0.95 \\pm 0.13",
        "mean": 0.9514762269938652,
        "std": 0.13454516249481976,
        "max": 1.0,
        "min": 0.3976226993865031,
        "count": 20
    },
    "eval_set_emb_select_accu_cycle": {
        "value": "0.95 \\pm 0.15",
        "mean": 0.9475268404907974,
        "std": 0.15045878765558118,
        "max": 1.0,
        "min": 0.32016871165644173,
        "count": 20
    },
    "eval_set_emb_self_consistency": {
        "value": "0.79 \\pm 0.09",
        "mean": 0.7900306748466258,
        "std": 0.08792299147813427,
        "max": 1.0,
        "min": 0.6123466257668712,
        "count": 20
    },
    "eval_set_emb_label_consistency": {
        "value": "0.99 \\pm 0.03",
        "mean": 0.9931149225921775,
        "std": 0.02992112269873855,
        "max": 1.0,
        "min": 0.8626923076923076,
        "count": 20
    },
    "eval_set_z_c_recognition_rate": {
        "value": "0.94 \\pm 0.05",
        "mean": 0.9378067484662577,
        "std": 0.04583869356196905,
        "max": 1.0,
        "min": 0.7998466257668712,
        "count": 20
    },
    "eval_set_z_c_cycle_recognition_rate": {
        "value": "1.0 \\pm 0.01",
        "mean": 0.9980061349693251,
        "std": 0.005997550295325441,
        "max": 1.0,
        "min": 0.9739263803680982,
        "count": 20
    },
    "emb_matching_rate_one2n": {
        "value": "0.98 \\pm 0.09",
        "mean": 0.975,
        "std": 0.08623457336817368,
        "max": 1.0,
        "min": 0.6101190476190477,
        "count": 20
    },
    "emb_matching_rate_one2one": {
        "value": "0.75 \\pm 0.13",
        "mean": 0.752529761904762,
        "std": 0.13178602010438983,
        "max": 0.9791666666666666,
        "min": 0.5208333333333334,
        "count": 20
    },
    "orderliness": {
        "value": "0.96 \\pm 0.09",
        "mean": 0.9645000000000001,
        "std": 0.08845408413408622,
        "max": 1.0,
        "min": 0.5874999999999999,
        "count": 20
    }
}