{
    "eval_set_one2n_accu": [
        0.40644171779141103,
        0.9444018404907976,
        0.9497699386503068,
        0.8742331288343558,
        0.911042944785276,
        0.7998466257668712,
        0.932898773006135,
        0.8976226993865031,
        0.9543711656441718,
        0.9275306748466258,
        0.8914877300613497,
        0.9313650306748467,
        0.9133435582822086,
        0.9490030674846626,
        0.9620398773006135,
        0.9658742331288344,
        0.9631901840490797,
        0.8220858895705522,
        0.9022239263803681,
        0.9766104294478528
    ],
    "eval_set_one2one_accu": [
        0.40644171779141103,
        0.8531441717791411,
        0.5103527607361963,
        0.727760736196319,
        0.6480061349693251,
        0.7032208588957055,
        0.6702453987730062,
        0.6499233128834356,
        0.6096625766871165,
        0.700920245398773,
        0.7914110429447853,
        0.6924846625766872,
        0.8220858895705522,
        0.7480828220858896,
        0.6641104294478528,
        0.8911042944785276,
        0.8063650306748467,
        0.8220858895705522,
        0.7315950920245399,
        0.7059049079754601
    ],
    "eval_set_one2n_accu_cycle": [
        0.3416411042944785,
        1.0,
        0.9750766871165644,
        1.0,
        1.0,
        1.0,
        0.9992331288343558,
        0.9244631901840491,
        0.9988496932515337,
        1.0,
        1.0,
        0.9720092024539877,
        1.0,
        1.0,
        0.9819785276073619,
        1.0,
        1.0,
        0.8220858895705522,
        0.9938650306748467,
        0.9988496932515337
    ],
    "eval_set_one2one_accu_cycle": [
        0.3416411042944785,
        0.9992331288343558,
        0.8504601226993865,
        0.8048312883435583,
        0.8397239263803681,
        0.9041411042944786,
        0.7929447852760736,
        0.7465490797546013,
        0.8178680981595092,
        0.9727760736196319,
        1.0,
        0.8592791411042945,
        0.9367331288343558,
        0.9171779141104295,
        0.7818251533742331,
        1.0,
        1.0,
        0.8220858895705522,
        0.9455521472392638,
        0.8700153374233128
    ],
    "eval_set_emb_select_accu": [
        0.3976226993865031,
        1.0,
        0.9528374233128835,
        1.0,
        0.9992331288343558,
        1.0,
        0.9969325153374233,
        0.8895705521472392,
        0.9988496932515337,
        0.9988496932515337,
        1.0,
        0.9927147239263804,
        1.0,
        0.9988496932515337,
        0.9896472392638037,
        1.0,
        1.0,
        0.8220858895705522,
        0.9946319018404908,
        0.9976993865030674
    ],
    "eval_set_emb_select_accu_cycle": [
        0.32016871165644173,
        1.0,
        0.9440184049079755,
        1.0,
        1.0,
        1.0,
        0.9973159509202454,
        0.8968558282208589,
        0.9988496932515337,
        1.0,
        1.0,
        0.9927147239263804,
        1.0,
        0.9988496932515337,
        0.9888803680981595,
        1.0,
        1.0,
        0.8220858895705522,
        0.995398773006135,
        0.995398773006135
    ],
    "eval_set_emb_self_consistency": [
        0.8600460122699386,
        0.8531441717791411,
        0.6123466257668712,
        0.7128067484662577,
        0.6913343558282209,
        0.7059049079754601,
        0.803680981595092,
        0.8880368098159509,
        0.7112730061349694,
        0.723159509202454,
        0.7914110429447853,
        0.825920245398773,
        0.8351226993865031,
        0.8263036809815951,
        0.6825153374233128,
        0.8911042944785276,
        0.8063650306748467,
        1.0,
        0.7818251533742331,
        0.7983128834355828
    ],
    "eval_set_emb_label_consistency": [
        0.8626923076923076,
        1.0,
        0.9996061441512406,
        1.0,
        1.0,
        1.0,
        1.0,
        1.0,
        1.0,
        1.0,
        1.0,
        1.0,
        1.0,
        1.0,
        1.0,
        1.0,
        1.0,
        1.0,
        1.0,
        1.0
    ],
    "eval_set_z_c_recognition_rate": [
        0.9969325153374233,
        0.9444018404907976,
        0.973542944785276,
        0.8742331288343558,
        0.911042944785276,
        0.7998466257668712,
        0.9336656441717791,
        0.9712423312883436,
        0.9555214723926381,
        0.9275306748466258,
        0.8914877300613497,
        0.933282208588957,
        0.9133435582822086,
        0.9490030674846626,
        0.9693251533742331,
        0.9658742331288344,
        0.9631901840490797,
        1.0,
        0.9049079754601227,
        0.977760736196319
    ],
    "eval_set_z_c_cycle_recognition_rate": [
        1.0,
        1.0,
        1.0,
        1.0,
        1.0,
        1.0,
        1.0,
        1.0,
        1.0,
        1.0,
        1.0,
        0.9739263803680982,
        1.0,
        1.0,
        0.9896472392638037,
        1.0,
        1.0,
        1.0,
        0.9965490797546013,
        1.0
    ],
    "emb_matching_rate_one2n": [
        0.6101190476190477,
        1.0,
        0.9880952380952381,
        1.0,
        1.0,
        1.0,
        1.0,
        1.0,
        1.0,
        1.0,
        1.0,
        1.0,
        1.0,
        1.0,
        0.9970238095238095,
        1.0,
        1.0,
        0.9047619047619048,
        1.0,
        1.0
    ],
    "emb_matching_rate_one2one": [
        0.6101190476190477,
        0.9107142857142857,
        0.5357142857142857,
        0.8214285714285714,
        0.7529761904761905,
        0.8541666666666666,
        0.6934523809523809,
        0.5208333333333334,
        0.8035714285714286,
        0.7351190476190477,
        0.9791666666666666,
        0.6369047619047619,
        0.7976190476190477,
        0.7023809523809523,
        0.6130952380952381,
        0.9166666666666666,
        0.9464285714285714,
        0.8720238095238095,
        0.6785714285714286,
        0.6696428571428571
    ],
    "orderliness": [
        0.5874999999999999,
        0.975,
        0.9650000000000001,
        0.975,
        1.0,
        1.0,
        0.9974999999999999,
        0.9824999999999999,
        1.0,
        0.9674999999999999,
        0.975,
        1.0,
        0.9724999999999999,
        1.0,
        1.0,
        1.0,
        0.975,
        0.9250000000000002,
        1.0,
        0.9925
    ]
}