epoch,a,b,add_target,mm21_target,total_epochs,q1_exclusive_rate,q2_exclusive_rate,split_rate,tie_or_missing_rate,q1_exclusive_count,q2_exclusive_count,split_count,tie_or_missing_count
0,0,2,2,0,1,0.0,0.0,0.0,1.0,0,0,0,1
0,0,5,5,0,1,0.0,0.0,0.0,1.0,0,0,0,1
0,0,6,6,0,1,0.0,0.0,0.0,1.0,0,0,0,1
0,0,7,7,0,1,0.0,0.0,0.0,1.0,0,0,0,1
0,0,8,8,0,1,0.0,0.0,0.0,1.0,0,0,0,1
0,0,10,10,0,1,0.0,0.0,0.0,1.0,0,0,0,1
0,0,11,11,0,1,0.0,0.0,0.0,1.0,0,0,0,1
0,0,14,14,0,1,0.0,0.0,0.0,1.0,0,0,0,1
0,0,15,15,0,1,0.0,0.0,0.0,1.0,0,0,0,1
0,0,16,16,0,1,0.0,0.0,0.0,1.0,0,0,0,1
0,0,20,20,0,1,0.0,0.0,0.0,1.0,0,0,0,1
0,1,0,1,0,1,0.0,0.0,0.0,1.0,0,0,0,1
0,1,1,2,1,1,0.0,0.0,0.0,1.0,0,0,0,1
0,1,3,4,3,1,0.0,0.0,0.0,1.0,0,0,0,1
0,1,4,5,4,1,0.0,0.0,0.0,1.0,0,0,0,1
0,1,5,6,5,1,0.0,0.0,0.0,1.0,0,0,0,1
0,1,7,8,7,1,0.0,0.0,0.0,1.0,0,0,0,1
0,1,8,9,8,1,0.0,0.0,0.0,1.0,0,0,0,1
0,1,9,10,9,1,0.0,0.0,0.0,1.0,0,0,0,1
0,1,11,12,11,1,0.0,0.0,0.0,1.0,0,0,0,1
0,1,13,14,13,1,0.0,0.0,0.0,1.0,0,0,0,1
0,1,14,15,14,1,0.0,0.0,0.0,1.0,0,0,0,1
0,1,18,19,18,1,0.0,0.0,0.0,1.0,0,0,0,1
0,1,19,20,19,1,0.0,0.0,0.0,1.0,0,0,0,1
0,2,3,5,6,1,0.0,0.0,0.0,1.0,0,0,0,1
0,2,8,10,16,1,0.0,0.0,0.0,1.0,0,0,0,1
0,2,10,12,20,1,0.0,0.0,0.0,1.0,0,0,0,1
0,2,11,13,1,1,0.0,0.0,0.0,1.0,0,0,0,1
0,2,12,14,3,1,0.0,0.0,0.0,1.0,0,0,0,1
0,2,14,16,7,1,0.0,0.0,0.0,1.0,0,0,0,1
0,2,15,17,9,1,0.0,0.0,0.0,1.0,0,0,0,1
0,2,18,20,15,1,0.0,0.0,0.0,1.0,0,0,0,1
0,3,0,3,0,1,0.0,0.0,0.0,1.0,0,0,0,1
0,3,2,5,6,1,0.0,0.0,0.0,1.0,0,0,0,1
0,3,4,7,12,1,0.0,0.0,0.0,1.0,0,0,0,1
0,3,5,8,15,1,0.0,0.0,0.0,1.0,0,0,0,1
0,3,6,9,18,1,0.0,0.0,0.0,1.0,0,0,0,1
0,3,7,10,0,1,0.0,0.0,0.0,1.0,0,0,0,1
0,3,8,11,3,1,0.0,0.0,0.0,1.0,0,0,0,1
0,3,9,12,6,1,0.0,0.0,0.0,1.0,0,0,0,1
0,3,10,13,9,1,0.0,0.0,0.0,1.0,0,0,0,1
0,3,13,16,18,1,0.0,0.0,0.0,1.0,0,0,0,1
0,3,14,17,0,1,0.0,0.0,0.0,1.0,0,0,0,1
0,3,15,18,3,1,0.0,0.0,0.0,1.0,0,0,0,1
0,3,16,19,6,1,0.0,0.0,0.0,1.0,0,0,0,1
0,3,17,20,9,1,0.0,0.0,0.0,1.0,0,0,0,1
0,4,0,4,0,1,0.0,0.0,0.0,1.0,0,0,0,1
0,4,2,6,8,1,0.0,0.0,0.0,1.0,0,0,0,1
0,4,5,9,20,1,0.0,0.0,0.0,1.0,0,0,0,1
0,4,6,10,3,1,0.0,0.0,0.0,1.0,0,0,0,1
0,4,7,11,7,1,0.0,0.0,0.0,1.0,0,0,0,1
0,4,8,12,11,1,0.0,0.0,0.0,1.0,0,0,0,1
0,4,9,13,15,1,0.0,0.0,0.0,1.0,0,0,0,1
0,4,10,14,19,1,0.0,0.0,0.0,1.0,0,0,0,1
0,4,11,15,2,1,0.0,0.0,0.0,1.0,0,0,0,1
0,4,12,16,6,1,0.0,0.0,0.0,1.0,0,0,0,1
0,4,13,17,10,1,0.0,0.0,0.0,1.0,0,0,0,1
0,4,14,18,14,1,0.0,0.0,0.0,1.0,0,0,0,1
0,4,16,20,1,1,0.0,0.0,0.0,1.0,0,0,0,1
0,5,0,5,0,1,0.0,0.0,0.0,1.0,0,0,0,1
0,5,2,7,10,1,0.0,0.0,0.0,1.0,0,0,0,1
0,5,3,8,15,1,0.0,0.0,0.0,1.0,0,0,0,1
0,5,4,9,20,1,0.0,0.0,0.0,1.0,0,0,0,1
0,5,5,10,4,1,0.0,0.0,0.0,1.0,0,0,0,1
0,5,7,12,14,1,0.0,0.0,0.0,1.0,0,0,0,1
0,5,9,14,3,1,0.0,0.0,0.0,1.0,0,0,0,1
0,5,10,15,8,1,0.0,0.0,0.0,1.0,0,0,0,1
0,5,11,16,13,1,0.0,0.0,0.0,1.0,0,0,0,1
0,5,12,17,18,1,0.0,0.0,0.0,1.0,0,0,0,1
0,5,14,19,7,1,0.0,0.0,0.0,1.0,0,0,0,1
0,5,15,20,12,1,0.0,0.0,0.0,1.0,0,0,0,1
0,6,1,7,6,1,0.0,0.0,0.0,1.0,0,0,0,1
0,6,2,8,12,1,0.0,0.0,0.0,1.0,0,0,0,1
0,6,6,12,15,1,0.0,0.0,0.0,1.0,0,0,0,1
0,6,8,14,6,1,0.0,0.0,0.0,1.0,0,0,0,1
0,6,9,15,12,1,0.0,0.0,0.0,1.0,0,0,0,1
0,6,12,18,9,1,0.0,0.0,0.0,1.0,0,0,0,1
0,6,13,19,15,1,0.0,0.0,0.0,1.0,0,0,0,1
0,7,0,7,0,1,0.0,0.0,0.0,1.0,0,0,0,1
0,7,1,8,7,1,0.0,0.0,0.0,1.0,0,0,0,1
0,7,3,10,0,1,0.0,0.0,0.0,1.0,0,0,0,1
0,7,4,11,7,1,0.0,0.0,0.0,1.0,0,0,0,1
0,7,7,14,7,1,0.0,0.0,0.0,1.0,0,0,0,1
0,7,8,15,14,1,0.0,0.0,0.0,1.0,0,0,0,1
0,7,9,16,0,1,0.0,0.0,0.0,1.0,0,0,0,1
0,7,11,18,14,1,0.0,0.0,0.0,1.0,0,0,0,1
0,7,13,20,7,1,0.0,0.0,0.0,1.0,0,0,0,1
0,8,0,8,0,1,0.0,0.0,0.0,1.0,0,0,0,1
0,8,1,9,8,1,0.0,0.0,0.0,1.0,0,0,0,1
0,8,3,11,3,1,0.0,0.0,0.0,1.0,0,0,0,1
0,8,5,13,19,1,0.0,0.0,0.0,1.0,0,0,0,1
0,8,6,14,6,1,0.0,0.0,0.0,1.0,0,0,0,1
0,8,7,15,14,1,0.0,0.0,0.0,1.0,0,0,0,1
0,8,9,17,9,1,0.0,0.0,0.0,1.0,0,0,0,1
0,8,11,19,4,1,0.0,0.0,0.0,1.0,0,0,0,1
0,8,12,20,12,1,0.0,0.0,0.0,1.0,0,0,0,1
0,9,4,13,15,1,0.0,0.0,0.0,1.0,0,0,0,1
0,9,5,14,3,1,0.0,0.0,0.0,1.0,0,0,0,1
0,9,6,15,12,1,0.0,0.0,0.0,1.0,0,0,0,1
0,9,7,16,0,1,0.0,0.0,0.0,1.0,0,0,0,1
0,9,8,17,9,1,0.0,0.0,0.0,1.0,0,0,0,1
0,9,11,20,15,1,0.0,0.0,0.0,1.0,0,0,0,1
0,10,0,10,0,1,0.0,0.0,0.0,1.0,0,0,0,1
0,10,1,11,10,1,0.0,0.0,0.0,1.0,0,0,0,1
0,10,2,12,20,1,0.0,0.0,0.0,1.0,0,0,0,1
0,10,4,14,19,1,0.0,0.0,0.0,1.0,0,0,0,1
0,10,5,15,8,1,0.0,0.0,0.0,1.0,0,0,0,1
0,10,6,16,18,1,0.0,0.0,0.0,1.0,0,0,0,1
0,10,7,17,7,1,0.0,0.0,0.0,1.0,0,0,0,1
0,10,8,18,17,1,0.0,0.0,0.0,1.0,0,0,0,1
0,10,9,19,6,1,0.0,0.0,0.0,1.0,0,0,0,1
0,11,0,11,0,1,0.0,0.0,0.0,1.0,0,0,0,1
0,11,1,12,11,1,0.0,0.0,0.0,1.0,0,0,0,1
0,11,2,13,1,1,0.0,0.0,0.0,1.0,0,0,0,1
0,11,6,17,3,1,0.0,0.0,0.0,1.0,0,0,0,1
0,11,8,19,4,1,0.0,0.0,0.0,1.0,0,0,0,1
0,11,9,20,15,1,0.0,0.0,0.0,1.0,0,0,0,1
0,12,0,12,0,1,0.0,0.0,0.0,1.0,0,0,0,1
0,12,1,13,12,1,0.0,0.0,0.0,1.0,0,0,0,1
0,12,4,16,6,1,0.0,0.0,0.0,1.0,0,0,0,1
0,12,5,17,18,1,0.0,0.0,0.0,1.0,0,0,0,1
0,12,6,18,9,1,0.0,0.0,0.0,1.0,0,0,0,1
0,12,8,20,12,1,0.0,0.0,0.0,1.0,0,0,0,1
0,13,1,14,13,1,0.0,0.0,0.0,1.0,0,0,0,1
0,13,3,16,18,1,0.0,0.0,0.0,1.0,0,0,0,1
0,13,4,17,10,1,0.0,0.0,0.0,1.0,0,0,0,1
0,13,5,18,2,1,0.0,0.0,0.0,1.0,0,0,0,1
0,14,0,14,0,1,0.0,0.0,0.0,1.0,0,0,0,1
0,14,1,15,14,1,0.0,0.0,0.0,1.0,0,0,0,1
0,14,2,16,7,1,0.0,0.0,0.0,1.0,0,0,0,1
0,14,3,17,0,1,0.0,0.0,0.0,1.0,0,0,0,1
0,14,4,18,14,1,0.0,0.0,0.0,1.0,0,0,0,1
0,14,5,19,7,1,0.0,0.0,0.0,1.0,0,0,0,1
0,15,0,15,0,1,0.0,0.0,0.0,1.0,0,0,0,1
0,15,2,17,9,1,0.0,0.0,0.0,1.0,0,0,0,1
0,16,0,16,0,1,0.0,0.0,0.0,1.0,0,0,0,1
0,16,2,18,11,1,0.0,0.0,0.0,1.0,0,0,0,1
0,16,3,19,6,1,0.0,0.0,0.0,1.0,0,0,0,1
0,17,0,17,0,1,0.0,0.0,0.0,1.0,0,0,0,1
0,17,1,18,17,1,0.0,0.0,0.0,1.0,0,0,0,1
0,17,2,19,13,1,0.0,0.0,0.0,1.0,0,0,0,1
0,17,3,20,9,1,0.0,0.0,0.0,1.0,0,0,0,1
0,18,0,18,0,1,0.0,0.0,0.0,1.0,0,0,0,1
0,18,2,20,15,1,0.0,0.0,0.0,1.0,0,0,0,1
0,19,0,19,0,1,0.0,0.0,0.0,1.0,0,0,0,1
0,19,1,20,19,1,0.0,0.0,0.0,1.0,0,0,0,1
0,20,0,20,0,1,0.0,0.0,0.0,1.0,0,0,0,1
500,0,2,2,0,500,0.0,0.004,0.958,0.038,0,2,479,19
500,0,5,5,0,500,0.006,0.008,0.954,0.032,3,4,477,16
500,0,6,6,0,500,0.028,0.01,0.908,0.054,14,5,454,27
500,0,7,7,0,500,0.954,0.004,0.0,0.042,477,2,0,21
500,0,8,8,0,500,0.044,0.004,0.918,0.034,22,2,459,17
500,0,10,10,0,500,0.012,0.008,0.936,0.044,6,4,468,22
500,0,11,11,0,500,0.008,0.006,0.948,0.038,4,3,474,19
500,0,14,14,0,500,0.658,0.008,0.26,0.074,329,4,130,37
500,0,15,15,0,500,0.016,0.008,0.94,0.036,8,4,470,18
500,0,16,16,0,500,0.008,0.008,0.944,0.04,4,4,472,20
500,0,20,20,0,500,0.028,0.006,0.928,0.038,14,3,464,19
500,1,0,1,0,500,0.002,0.002,0.964,0.032,1,1,482,16
500,1,1,2,1,500,0.05,0.254,0.426,0.27,25,127,213,135
500,1,3,4,3,500,0.244,0.136,0.308,0.312,122,68,154,156
500,1,4,5,4,500,0.086,0.298,0.452,0.164,43,149,226,82
500,1,5,6,5,500,0.06,0.086,0.468,0.386,30,43,234,193
500,1,7,8,7,500,0.054,0.014,0.89,0.042,27,7,445,21
500,1,8,9,8,500,0.086,0.04,0.804,0.07,43,20,402,35
500,1,9,10,9,500,0.062,0.04,0.824,0.074,31,20,412,37
500,1,11,12,11,500,0.056,0.038,0.848,0.058,28,19,424,29
500,1,13,14,13,500,0.096,0.01,0.824,0.07,48,5,412,35
500,1,14,15,14,500,0.108,0.046,0.75,0.096,54,23,375,48
500,1,18,19,18,500,0.164,0.082,0.606,0.148,82,41,303,74
500,1,19,20,19,500,0.102,0.074,0.63,0.194,51,37,315,97
500,2,3,5,6,500,0.102,0.092,0.614,0.192,51,46,307,96
500,2,8,10,16,500,0.09,0.174,0.406,0.33,45,87,203,165
500,2,10,12,20,500,0.098,0.046,0.712,0.144,49,23,356,72
500,2,11,13,1,500,0.046,0.484,0.166,0.304,23,242,83,152
500,2,12,14,3,500,0.11,0.052,0.716,0.122,55,26,358,61
500,2,14,16,7,500,0.002,0.006,0.948,0.044,1,3,474,22
500,2,15,17,9,500,0.136,0.054,0.708,0.102,68,27,354,51
500,2,18,20,15,500,0.102,0.668,0.07,0.16,51,334,35,80
500,3,0,3,0,500,0.076,0.01,0.884,0.03,38,5,442,15
500,3,2,5,6,500,0.064,0.152,0.58,0.204,32,76,290,102
500,3,4,7,12,500,0.214,0.042,0.668,0.076,107,21,334,38
500,3,5,8,15,500,0.086,0.19,0.52,0.204,43,95,260,102
500,3,6,9,18,500,0.168,0.114,0.626,0.092,84,57,313,46
500,3,7,10,0,500,0.018,0.01,0.94,0.032,9,5,470,16
500,3,8,11,3,500,0.018,0.09,0.82,0.072,9,45,410,36
500,3,9,12,6,500,0.122,0.04,0.75,0.088,61,20,375,44
500,3,10,13,9,500,0.042,0.026,0.856,0.076,21,13,428,38
500,3,13,16,18,500,0.118,0.034,0.624,0.224,59,17,312,112
500,3,14,17,0,500,0.056,0.016,0.872,0.056,28,8,436,28
500,3,15,18,3,500,0.5,0.08,0.234,0.186,250,40,117,93
500,3,16,19,6,500,0.05,0.02,0.874,0.056,25,10,437,28
500,3,17,20,9,500,0.14,0.048,0.692,0.12,70,24,346,60
500,4,0,4,0,500,0.004,0.0,0.956,0.04,2,0,478,20
500,4,2,6,8,500,0.106,0.098,0.656,0.14,53,49,328,70
500,4,5,9,20,500,0.122,0.018,0.79,0.07,61,9,395,35
500,4,6,10,3,500,0.112,0.128,0.61,0.15,56,64,305,75
500,4,7,11,7,500,0.012,0.004,0.936,0.048,6,2,468,24
500,4,8,12,11,500,0.048,0.048,0.856,0.048,24,24,428,24
500,4,9,13,15,500,0.08,0.208,0.482,0.23,40,104,241,115
500,4,10,14,19,500,0.448,0.02,0.376,0.156,224,10,188,78
500,4,11,15,2,500,0.038,0.128,0.618,0.216,19,64,309,108
500,4,12,16,6,500,0.252,0.056,0.43,0.262,126,28,215,131
500,4,13,17,10,500,0.06,0.018,0.85,0.072,30,9,425,36
500,4,14,18,14,500,0.118,0.022,0.784,0.076,59,11,392,38
500,4,16,20,1,500,0.002,0.098,0.848,0.052,1,49,424,26
500,5,0,5,0,500,0.002,0.004,0.966,0.028,1,2,483,14
500,5,2,7,10,500,0.034,0.026,0.862,0.078,17,13,431,39
500,5,3,8,15,500,0.068,0.114,0.656,0.162,34,57,328,81
500,5,4,9,20,500,0.116,0.026,0.784,0.074,58,13,392,37
500,5,5,10,4,500,0.044,0.612,0.194,0.15,22,306,97,75
500,5,7,12,14,500,0.218,0.058,0.63,0.094,109,29,315,47
500,5,9,14,3,500,0.082,0.04,0.73,0.148,41,20,365,74
500,5,10,15,8,500,0.058,0.058,0.796,0.088,29,29,398,44
500,5,11,16,13,500,0.024,0.072,0.776,0.128,12,36,388,64
500,5,12,17,18,500,0.046,0.074,0.684,0.196,23,37,342,98
500,5,14,19,7,500,0.072,0.032,0.844,0.052,36,16,422,26
500,5,15,20,12,500,0.142,0.078,0.612,0.168,71,39,306,84
500,6,1,7,6,500,0.082,0.018,0.85,0.05,41,9,425,25
500,6,2,8,12,500,0.084,0.042,0.772,0.102,42,21,386,51
500,6,6,12,15,500,0.23,0.094,0.552,0.124,115,47,276,62
500,6,8,14,6,500,0.086,0.022,0.81,0.082,43,11,405,41
500,6,9,15,12,500,0.07,0.04,0.762,0.128,35,20,381,64
500,6,12,18,9,500,0.148,0.07,0.684,0.098,74,35,342,49
500,6,13,19,15,500,0.106,0.048,0.77,0.076,53,24,385,38
500,7,0,7,0,500,0.952,0.004,0.004,0.04,476,2,2,20
500,7,1,8,7,500,0.034,0.016,0.922,0.028,17,8,461,14
500,7,3,10,0,500,0.01,0.008,0.948,0.034,5,4,474,17
500,7,4,11,7,500,0.002,0.012,0.942,0.044,1,6,471,22
500,7,7,14,7,500,0.722,0.008,0.194,0.076,361,4,97,38
500,7,8,15,14,500,0.086,0.048,0.796,0.07,43,24,398,35
500,7,9,16,0,500,0.006,0.008,0.924,0.062,3,4,462,31
500,7,11,18,14,500,0.284,0.068,0.55,0.098,142,34,275,49
500,7,13,20,7,500,0.03,0.008,0.908,0.054,15,4,454,27
500,8,0,8,0,500,0.034,0.002,0.93,0.034,17,1,465,17
500,8,1,9,8,500,0.07,0.036,0.834,0.06,35,18,417,30
500,8,3,11,3,500,0.034,0.09,0.802,0.074,17,45,401,37
500,8,5,13,19,500,0.05,0.02,0.858,0.072,25,10,429,36
500,8,6,14,6,500,0.106,0.016,0.798,0.08,53,8,399,40
500,8,7,15,14,500,0.116,0.048,0.748,0.088,58,24,374,44
500,8,9,17,9,500,0.054,0.026,0.848,0.072,27,13,424,36
500,8,11,19,4,500,0.034,0.006,0.88,0.08,17,3,440,40
500,8,12,20,12,500,0.12,0.086,0.63,0.164,60,43,315,82
500,9,4,13,15,500,0.106,0.294,0.42,0.18,53,147,210,90
500,9,5,14,3,500,0.14,0.044,0.734,0.082,70,22,367,41
500,9,6,15,12,500,0.112,0.04,0.716,0.132,56,20,358,66
500,9,7,16,0,500,0.006,0.008,0.94,0.046,3,4,470,23
500,9,8,17,9,500,0.056,0.054,0.776,0.114,28,27,388,57
500,9,11,20,15,500,0.084,0.6,0.064,0.252,42,300,32,126
500,10,0,10,0,500,0.014,0.008,0.944,0.034,7,4,472,17
500,10,1,11,10,500,0.126,0.284,0.336,0.254,63,142,168,127
500,10,2,12,20,500,0.172,0.108,0.562,0.158,86,54,281,79
500,10,4,14,19,500,0.326,0.024,0.486,0.164,163,12,243,82
500,10,5,15,8,500,0.058,0.054,0.78,0.108,29,27,390,54
500,10,6,16,18,500,0.116,0.028,0.544,0.312,58,14,272,156
500,10,7,17,7,500,0.034,0.004,0.918,0.044,17,2,459,22
500,10,8,18,17,500,0.136,0.038,0.65,0.176,68,19,325,88
500,10,9,19,6,500,0.068,0.04,0.808,0.084,34,20,404,42
500,11,0,11,0,500,0.012,0.004,0.946,0.038,6,2,473,19
500,11,1,12,11,500,0.028,0.034,0.858,0.08,14,17,429,40
500,11,2,13,1,500,0.018,0.426,0.21,0.346,9,213,105,173
500,11,6,17,3,500,0.062,0.026,0.854,0.058,31,13,427,29
500,11,8,19,4,500,0.056,0.014,0.884,0.046,28,7,442,23
500,11,9,20,15,500,0.074,0.66,0.076,0.19,37,330,38,95
500,12,0,12,0,500,0.044,0.002,0.922,0.032,22,1,461,16
500,12,1,13,12,500,0.088,0.042,0.71,0.16,44,21,355,80
500,12,4,16,6,500,0.13,0.056,0.712,0.102,65,28,356,51
500,12,5,17,18,500,0.06,0.082,0.696,0.162,30,41,348,81
500,12,6,18,9,500,0.196,0.074,0.622,0.108,98,37,311,54
500,12,8,20,12,500,0.124,0.056,0.68,0.14,62,28,340,70
500,13,1,14,13,500,0.122,0.01,0.786,0.082,61,5,393,41
500,13,3,16,18,500,0.144,0.052,0.582,0.222,72,26,291,111
500,13,4,17,10,500,0.02,0.042,0.864,0.074,10,21,432,37
500,13,5,18,2,500,0.092,0.05,0.726,0.132,46,25,363,66
500,14,0,14,0,500,0.67,0.002,0.242,0.086,335,1,121,43
500,14,1,15,14,500,0.078,0.056,0.796,0.07,39,28,398,35
500,14,2,16,7,500,0.01,0.012,0.924,0.054,5,6,462,27
500,14,3,17,0,500,0.028,0.004,0.916,0.052,14,2,458,26
500,14,4,18,14,500,0.244,0.028,0.652,0.076,122,14,326,38
500,14,5,19,7,500,0.102,0.018,0.832,0.048,51,9,416,24
500,15,0,15,0,500,0.018,0.008,0.94,0.034,9,4,470,17
500,15,2,17,9,500,0.082,0.04,0.79,0.088,41,20,395,44
500,16,0,16,0,500,0.006,0.006,0.934,0.054,3,3,467,27
500,16,2,18,11,500,0.024,0.056,0.864,0.056,12,28,432,28
500,16,3,19,6,500,0.078,0.018,0.808,0.096,39,9,404,48
500,17,0,17,0,500,0.014,0.0,0.93,0.056,7,0,465,28
500,17,1,18,17,500,0.156,0.022,0.7,0.122,78,11,350,61
500,17,2,19,13,500,0.068,0.016,0.854,0.062,34,8,427,31
500,17,3,20,9,500,0.142,0.036,0.746,0.076,71,18,373,38
500,18,0,18,0,500,0.02,0.002,0.944,0.034,10,1,472,17
500,18,2,20,15,500,0.138,0.518,0.14,0.204,69,259,70,102
500,19,0,19,0,500,0.016,0.004,0.94,0.04,8,2,470,20
500,19,1,20,19,500,0.122,0.044,0.736,0.098,61,22,368,49
500,20,0,20,0,500,0.014,0.004,0.946,0.036,7,2,473,18
1000,0,2,2,0,500,0.0,0.0,1.0,0.0,0,0,500,0
1000,0,5,5,0,500,0.0,0.0,1.0,0.0,0,0,500,0
1000,0,6,6,0,500,0.046,0.0,0.942,0.012,23,0,471,6
1000,0,7,7,0,500,0.82,0.02,0.044,0.116,410,10,22,58
1000,0,8,8,0,500,0.0,0.0,1.0,0.0,0,0,500,0
1000,0,10,10,0,500,0.0,0.0,0.998,0.002,0,0,499,1
1000,0,11,11,0,500,0.0,0.0,1.0,0.0,0,0,500,0
1000,0,14,14,0,500,0.404,0.004,0.548,0.044,202,2,274,22
1000,0,15,15,0,500,0.012,0.006,0.982,0.0,6,3,491,0
1000,0,16,16,0,500,0.0,0.0,1.0,0.0,0,0,500,0
1000,0,20,20,0,500,0.0,0.002,0.998,0.0,0,1,499,0
1000,1,0,1,0,500,0.0,0.0,0.998,0.002,0,0,499,1
1000,1,1,2,1,500,0.068,0.058,0.51,0.364,34,29,255,182
1000,1,3,4,3,500,0.124,0.19,0.386,0.3,62,95,193,150
1000,1,4,5,4,500,0.052,0.05,0.858,0.04,26,25,429,20
1000,1,5,6,5,500,0.014,0.02,0.802,0.164,7,10,401,82
1000,1,7,8,7,500,0.0,0.0,1.0,0.0,0,0,500,0
1000,1,8,9,8,500,0.002,0.008,0.99,0.0,1,4,495,0
1000,1,9,10,9,500,0.01,0.012,0.978,0.0,5,6,489,0
1000,1,11,12,11,500,0.018,0.012,0.956,0.014,9,6,478,7
1000,1,13,14,13,500,0.008,0.002,0.988,0.002,4,1,494,1
1000,1,14,15,14,500,0.012,0.03,0.938,0.02,6,15,469,10
1000,1,18,19,18,500,0.246,0.012,0.656,0.086,123,6,328,43
1000,1,19,20,19,500,0.046,0.04,0.894,0.02,23,20,447,10
1000,2,3,5,6,500,0.008,0.034,0.89,0.068,4,17,445,34
1000,2,8,10,16,500,0.116,0.062,0.518,0.304,58,31,259,152
1000,2,10,12,20,500,0.0,0.0,1.0,0.0,0,0,500,0
1000,2,11,13,1,500,0.016,0.582,0.122,0.28,8,291,61,140
1000,2,12,14,3,500,0.008,0.008,0.984,0.0,4,4,492,0
1000,2,14,16,7,500,0.0,0.0,1.0,0.0,0,0,500,0
1000,2,15,17,9,500,0.108,0.024,0.858,0.01,54,12,429,5
1000,2,18,20,15,500,0.028,0.73,0.092,0.15,14,365,46,75
1000,3,0,3,0,500,0.004,0.002,0.994,0.0,2,1,497,0
1000,3,2,5,6,500,0.006,0.1,0.732,0.162,3,50,366,81
1000,3,4,7,12,500,0.326,0.042,0.592,0.04,163,21,296,20
1000,3,5,8,15,500,0.018,0.108,0.822,0.052,9,54,411,26
1000,3,6,9,18,500,0.08,0.094,0.78,0.046,40,47,390,23
1000,3,7,10,0,500,0.0,0.0,1.0,0.0,0,0,500,0
1000,3,8,11,3,500,0.01,0.032,0.944,0.014,5,16,472,7
1000,3,9,12,6,500,0.008,0.002,0.99,0.0,4,1,495,0
1000,3,10,13,9,500,0.0,0.0,1.0,0.0,0,0,500,0
1000,3,13,16,18,500,0.112,0.026,0.668,0.194,56,13,334,97
1000,3,14,17,0,500,0.0,0.0,1.0,0.0,0,0,500,0
1000,3,15,18,3,500,0.69,0.028,0.176,0.106,345,14,88,53
1000,3,16,19,6,500,0.0,0.002,0.998,0.0,0,1,499,0
1000,3,17,20,9,500,0.0,0.006,0.994,0.0,0,3,497,0
1000,4,0,4,0,500,0.0,0.0,1.0,0.0,0,0,500,0
1000,4,2,6,8,500,0.026,0.042,0.93,0.002,13,21,465,1
1000,4,5,9,20,500,0.002,0.002,0.996,0.0,1,1,498,0
1000,4,6,10,3,500,0.162,0.05,0.724,0.064,81,25,362,32
1000,4,7,11,7,500,0.0,0.0,1.0,0.0,0,0,500,0
1000,4,8,12,11,500,0.016,0.02,0.96,0.004,8,10,480,2
1000,4,9,13,15,500,0.018,0.42,0.342,0.22,9,210,171,110
1000,4,10,14,19,500,0.05,0.0,0.94,0.01,25,0,470,5
1000,4,11,15,2,500,0.014,0.01,0.904,0.072,7,5,452,36
1000,4,12,16,6,500,0.034,0.002,0.93,0.034,17,1,465,17
1000,4,13,17,10,500,0.016,0.0,0.982,0.002,8,0,491,1
1000,4,14,18,14,500,0.066,0.01,0.904,0.02,33,5,452,10
1000,4,16,20,1,500,0.0,0.002,0.998,0.0,0,1,499,0
1000,5,0,5,0,500,0.002,0.0,0.998,0.0,1,0,499,0
1000,5,2,7,10,500,0.0,0.0,1.0,0.0,0,0,500,0
1000,5,3,8,15,500,0.022,0.086,0.844,0.048,11,43,422,24
1000,5,4,9,20,500,0.002,0.002,0.996,0.0,1,1,498,0
1000,5,5,10,4,500,0.054,0.068,0.84,0.038,27,34,420,19
1000,5,7,12,14,500,0.03,0.046,0.924,0.0,15,23,462,0
1000,5,9,14,3,500,0.004,0.01,0.986,0.0,2,5,493,0
1000,5,10,15,8,500,0.002,0.02,0.968,0.01,1,10,484,5
1000,5,11,16,13,500,0.03,0.0,0.902,0.068,15,0,451,34
1000,5,12,17,18,500,0.004,0.006,0.99,0.0,2,3,495,0
1000,5,14,19,7,500,0.012,0.002,0.986,0.0,6,1,493,0
1000,5,15,20,12,500,0.01,0.002,0.982,0.006,5,1,491,3
1000,6,1,7,6,500,0.016,0.0,0.984,0.0,8,0,492,0
1000,6,2,8,12,500,0.014,0.0,0.986,0.0,7,0,493,0
1000,6,6,12,15,500,0.024,0.008,0.958,0.01,12,4,479,5
1000,6,8,14,6,500,0.026,0.008,0.95,0.016,13,4,475,8
1000,6,9,15,12,500,0.016,0.036,0.934,0.014,8,18,467,7
1000,6,12,18,9,500,0.036,0.092,0.854,0.018,18,46,427,9
1000,6,13,19,15,500,0.006,0.004,0.99,0.0,3,2,495,0
1000,7,0,7,0,500,0.762,0.01,0.086,0.142,381,5,43,71
1000,7,1,8,7,500,0.002,0.002,0.996,0.0,1,1,498,0
1000,7,3,10,0,500,0.0,0.0,1.0,0.0,0,0,500,0
1000,7,4,11,7,500,0.0,0.0,1.0,0.0,0,0,500,0
1000,7,7,14,7,500,0.148,0.014,0.736,0.102,74,7,368,51
1000,7,8,15,14,500,0.022,0.04,0.916,0.022,11,20,458,11
1000,7,9,16,0,500,0.0,0.0,1.0,0.0,0,0,500,0
1000,7,11,18,14,500,0.08,0.016,0.88,0.024,40,8,440,12
1000,7,13,20,7,500,0.0,0.0,1.0,0.0,0,0,500,0
1000,8,0,8,0,500,0.0,0.0,1.0,0.0,0,0,500,0
1000,8,1,9,8,500,0.004,0.002,0.994,0.0,2,1,497,0
1000,8,3,11,3,500,0.008,0.014,0.966,0.012,4,7,483,6
1000,8,5,13,19,500,0.0,0.0,1.0,0.0,0,0,500,0
1000,8,6,14,6,500,0.022,0.0,0.97,0.008,11,0,485,4
1000,8,7,15,14,500,0.04,0.052,0.874,0.034,20,26,437,17
1000,8,9,17,9,500,0.008,0.004,0.988,0.0,4,2,494,0
1000,8,11,19,4,500,0.0,0.0,0.998,0.002,0,0,499,1
1000,8,12,20,12,500,0.004,0.0,0.996,0.0,2,0,498,0
1000,9,4,13,15,500,0.086,0.208,0.582,0.124,43,104,291,62
1000,9,5,14,3,500,0.026,0.026,0.948,0.0,13,13,474,0
1000,9,6,15,12,500,0.008,0.002,0.982,0.008,4,1,491,4
1000,9,7,16,0,500,0.0,0.0,1.0,0.0,0,0,500,0
1000,9,8,17,9,500,0.012,0.008,0.98,0.0,6,4,490,0
1000,9,11,20,15,500,0.024,0.788,0.076,0.112,12,394,38,56
1000,10,0,10,0,500,0.0,0.0,1.0,0.0,0,0,500,0
1000,10,1,11,10,500,0.35,0.044,0.404,0.202,175,22,202,101
1000,10,2,12,20,500,0.012,0.01,0.978,0.0,6,5,489,0
1000,10,4,14,19,500,0.03,0.0,0.97,0.0,15,0,485,0
1000,10,5,15,8,500,0.014,0.014,0.966,0.006,7,7,483,3
1000,10,6,16,18,500,0.01,0.004,0.952,0.034,5,2,476,17
1000,10,7,17,7,500,0.0,0.0,1.0,0.0,0,0,500,0
1000,10,8,18,17,500,0.032,0.012,0.922,0.034,16,6,461,17
1000,10,9,19,6,500,0.0,0.0,1.0,0.0,0,0,500,0
1000,11,0,11,0,500,0.0,0.0,1.0,0.0,0,0,500,0
1000,11,1,12,11,500,0.004,0.002,0.986,0.008,2,1,493,4
1000,11,2,13,1,500,0.108,0.218,0.2,0.474,54,109,100,237
1000,11,6,17,3,500,0.014,0.002,0.982,0.002,7,1,491,1
1000,11,8,19,4,500,0.002,0.0,0.998,0.0,1,0,499,0
1000,11,9,20,15,500,0.014,0.874,0.04,0.072,7,437,20,36
1000,12,0,12,0,500,0.006,0.0,0.994,0.0,3,0,497,0
1000,12,1,13,12,500,0.006,0.006,0.982,0.006,3,3,491,3
1000,12,4,16,6,500,0.002,0.0,0.998,0.0,1,0,499,0
1000,12,5,17,18,500,0.002,0.004,0.994,0.0,1,2,497,0
1000,12,6,18,9,500,0.084,0.066,0.812,0.038,42,33,406,19
1000,12,8,20,12,500,0.0,0.002,0.998,0.0,0,1,499,0
1000,13,1,14,13,500,0.008,0.002,0.99,0.0,4,1,495,0
1000,13,3,16,18,500,0.018,0.004,0.928,0.05,9,2,464,25
1000,13,4,17,10,500,0.036,0.0,0.954,0.01,18,0,477,5
1000,13,5,18,2,500,0.0,0.0,1.0,0.0,0,0,500,0
1000,14,0,14,0,500,0.376,0.012,0.536,0.076,188,6,268,38
1000,14,1,15,14,500,0.018,0.026,0.948,0.008,9,13,474,4
1000,14,2,16,7,500,0.0,0.0,1.0,0.0,0,0,500,0
1000,14,3,17,0,500,0.0,0.0,1.0,0.0,0,0,500,0
1000,14,4,18,14,500,0.094,0.008,0.872,0.026,47,4,436,13
1000,14,5,19,7,500,0.008,0.0,0.992,0.0,4,0,496,0
1000,15,0,15,0,500,0.002,0.002,0.996,0.0,1,1,498,0
1000,15,2,17,9,500,0.082,0.01,0.898,0.01,41,5,449,5
1000,16,0,16,0,500,0.0,0.0,1.0,0.0,0,0,500,0
1000,16,2,18,11,500,0.0,0.0,1.0,0.0,0,0,500,0
1000,16,3,19,6,500,0.0,0.002,0.998,0.0,0,1,499,0
1000,17,0,17,0,500,0.0,0.0,1.0,0.0,0,0,500,0
1000,17,1,18,17,500,0.012,0.008,0.972,0.008,6,4,486,4
1000,17,2,19,13,500,0.0,0.0,1.0,0.0,0,0,500,0
1000,17,3,20,9,500,0.002,0.002,0.996,0.0,1,1,498,0
1000,18,0,18,0,500,0.0,0.0,1.0,0.0,0,0,500,0
1000,18,2,20,15,500,0.106,0.368,0.174,0.352,53,184,87,176
1000,19,0,19,0,500,0.0,0.0,1.0,0.0,0,0,500,0
1000,19,1,20,19,500,0.038,0.062,0.886,0.014,19,31,443,7
1000,20,0,20,0,500,0.0,0.0,1.0,0.0,0,0,500,0
1500,0,2,2,0,500,0.0,0.0,1.0,0.0,0,0,500,0
1500,0,5,5,0,500,0.0,0.0,1.0,0.0,0,0,500,0
1500,0,6,6,0,500,0.014,0.0,0.982,0.004,7,0,491,2
1500,0,7,7,0,500,0.85,0.006,0.058,0.086,425,3,29,43
1500,0,8,8,0,500,0.0,0.0,1.0,0.0,0,0,500,0
1500,0,10,10,0,500,0.0,0.0,1.0,0.0,0,0,500,0
1500,0,11,11,0,500,0.0,0.0,1.0,0.0,0,0,500,0
1500,0,14,14,0,500,0.556,0.008,0.404,0.032,278,4,202,16
1500,0,15,15,0,500,0.006,0.002,0.992,0.0,3,1,496,0
1500,0,16,16,0,500,0.0,0.0,1.0,0.0,0,0,500,0
1500,0,20,20,0,500,0.0,0.0,1.0,0.0,0,0,500,0
1500,1,0,1,0,500,0.0,0.0,1.0,0.0,0,0,500,0
1500,1,1,2,1,500,0.184,0.028,0.452,0.336,92,14,226,168
1500,1,3,4,3,500,0.118,0.26,0.296,0.326,59,130,148,163
1500,1,4,5,4,500,0.02,0.016,0.962,0.002,10,8,481,1
1500,1,5,6,5,500,0.024,0.026,0.584,0.366,12,13,292,183
1500,1,7,8,7,500,0.0,0.006,0.994,0.0,0,3,497,0
1500,1,8,9,8,500,0.008,0.004,0.986,0.002,4,2,493,1
1500,1,9,10,9,500,0.008,0.016,0.972,0.004,4,8,486,2
1500,1,11,12,11,500,0.008,0.002,0.986,0.004,4,1,493,2
1500,1,13,14,13,500,0.006,0.004,0.982,0.008,3,2,491,4
1500,1,14,15,14,500,0.006,0.026,0.964,0.004,3,13,482,2
1500,1,18,19,18,500,0.164,0.02,0.606,0.21,82,10,303,105
1500,1,19,20,19,500,0.056,0.098,0.802,0.044,28,49,401,22
1500,2,3,5,6,500,0.03,0.09,0.644,0.236,15,45,322,118
1500,2,8,10,16,500,0.24,0.006,0.336,0.418,120,3,168,209
1500,2,10,12,20,500,0.0,0.0,1.0,0.0,0,0,500,0
1500,2,11,13,1,500,0.02,0.456,0.166,0.358,10,228,83,179
1500,2,12,14,3,500,0.006,0.034,0.96,0.0,3,17,480,0
1500,2,14,16,7,500,0.0,0.0,1.0,0.0,0,0,500,0
1500,2,15,17,9,500,0.104,0.014,0.876,0.006,52,7,438,3
1500,2,18,20,15,500,0.026,0.686,0.118,0.17,13,343,59,85
1500,3,0,3,0,500,0.006,0.0,0.994,0.0,3,0,497,0
1500,3,2,5,6,500,0.044,0.072,0.608,0.276,22,36,304,138
1500,3,4,7,12,500,0.172,0.102,0.65,0.076,86,51,325,38
1500,3,5,8,15,500,0.0,0.16,0.784,0.056,0,80,392,28
1500,3,6,9,18,500,0.104,0.066,0.702,0.128,52,33,351,64
1500,3,7,10,0,500,0.0,0.0,1.0,0.0,0,0,500,0
1500,3,8,11,3,500,0.008,0.044,0.942,0.006,4,22,471,3
1500,3,9,12,6,500,0.004,0.012,0.984,0.0,2,6,492,0
1500,3,10,13,9,500,0.0,0.0,1.0,0.0,0,0,500,0
1500,3,13,16,18,500,0.03,0.01,0.91,0.05,15,5,455,25
1500,3,14,17,0,500,0.0,0.002,0.998,0.0,0,1,499,0
1500,3,15,18,3,500,0.708,0.034,0.156,0.102,354,17,78,51
1500,3,16,19,6,500,0.0,0.0,1.0,0.0,0,0,500,0
1500,3,17,20,9,500,0.004,0.008,0.988,0.0,2,4,494,0
1500,4,0,4,0,500,0.0,0.0,1.0,0.0,0,0,500,0
1500,4,2,6,8,500,0.046,0.148,0.736,0.07,23,74,368,35
1500,4,5,9,20,500,0.002,0.018,0.98,0.0,1,9,490,0
1500,4,6,10,3,500,0.174,0.036,0.742,0.048,87,18,371,24
1500,4,7,11,7,500,0.0,0.0,1.0,0.0,0,0,500,0
1500,4,8,12,11,500,0.016,0.01,0.968,0.006,8,5,484,3
1500,4,9,13,15,500,0.012,0.57,0.286,0.132,6,285,143,66
1500,4,10,14,19,500,0.008,0.0,0.992,0.0,4,0,496,0
1500,4,11,15,2,500,0.01,0.006,0.884,0.1,5,3,442,50
1500,4,12,16,6,500,0.002,0.0,0.996,0.002,1,0,498,1
1500,4,13,17,10,500,0.012,0.002,0.982,0.004,6,1,491,2
1500,4,14,18,14,500,0.018,0.036,0.93,0.016,9,18,465,8
1500,4,16,20,1,500,0.0,0.004,0.996,0.0,0,2,498,0
1500,5,0,5,0,500,0.0,0.0,1.0,0.0,0,0,500,0
1500,5,2,7,10,500,0.0,0.0,1.0,0.0,0,0,500,0
1500,5,3,8,15,500,0.01,0.064,0.886,0.04,5,32,443,20
1500,5,4,9,20,500,0.002,0.01,0.986,0.002,1,5,493,1
1500,5,5,10,4,500,0.024,0.146,0.758,0.072,12,73,379,36
1500,5,7,12,14,500,0.002,0.008,0.99,0.0,1,4,495,0
1500,5,9,14,3,500,0.004,0.008,0.988,0.0,2,4,494,0
1500,5,10,15,8,500,0.01,0.122,0.846,0.022,5,61,423,11
1500,5,11,16,13,500,0.008,0.0,0.984,0.008,4,0,492,4
1500,5,12,17,18,500,0.018,0.01,0.964,0.008,9,5,482,4
1500,5,14,19,7,500,0.004,0.002,0.994,0.0,2,1,497,0
1500,5,15,20,12,500,0.01,0.006,0.98,0.004,5,3,490,2
1500,6,1,7,6,500,0.016,0.0,0.984,0.0,8,0,492,0
1500,6,2,8,12,500,0.034,0.004,0.956,0.006,17,2,478,3
1500,6,6,12,15,500,0.008,0.006,0.954,0.032,4,3,477,16
1500,6,8,14,6,500,0.03,0.002,0.956,0.012,15,1,478,6
1500,6,9,15,12,500,0.032,0.014,0.936,0.018,16,7,468,9
1500,6,12,18,9,500,0.088,0.074,0.712,0.126,44,37,356,63
1500,6,13,19,15,500,0.006,0.012,0.982,0.0,3,6,491,0
1500,7,0,7,0,500,0.898,0.002,0.044,0.056,449,1,22,28
1500,7,1,8,7,500,0.002,0.0,0.998,0.0,1,0,499,0
1500,7,3,10,0,500,0.0,0.0,1.0,0.0,0,0,500,0
1500,7,4,11,7,500,0.0,0.0,1.0,0.0,0,0,500,0
1500,7,7,14,7,500,0.27,0.012,0.62,0.098,135,6,310,49
1500,7,8,15,14,500,0.004,0.038,0.938,0.02,2,19,469,10
1500,7,9,16,0,500,0.0,0.0,1.0,0.0,0,0,500,0
1500,7,11,18,14,500,0.028,0.022,0.942,0.008,14,11,471,4
1500,7,13,20,7,500,0.0,0.0,1.0,0.0,0,0,500,0
1500,8,0,8,0,500,0.0,0.0,1.0,0.0,0,0,500,0
1500,8,1,9,8,500,0.006,0.002,0.99,0.002,3,1,495,1
1500,8,3,11,3,500,0.016,0.04,0.924,0.02,8,20,462,10
1500,8,5,13,19,500,0.0,0.0,1.0,0.0,0,0,500,0
1500,8,6,14,6,500,0.04,0.004,0.94,0.016,20,2,470,8
1500,8,7,15,14,500,0.004,0.046,0.91,0.04,2,23,455,20
1500,8,9,17,9,500,0.014,0.02,0.966,0.0,7,10,483,0
1500,8,11,19,4,500,0.0,0.0,1.0,0.0,0,0,500,0
1500,8,12,20,12,500,0.008,0.002,0.99,0.0,4,1,495,0
1500,9,4,13,15,500,0.024,0.382,0.434,0.16,12,191,217,80
1500,9,5,14,3,500,0.01,0.008,0.978,0.004,5,4,489,2
1500,9,6,15,12,500,0.012,0.024,0.942,0.022,6,12,471,11
1500,9,7,16,0,500,0.0,0.0,1.0,0.0,0,0,500,0
1500,9,8,17,9,500,0.018,0.006,0.968,0.008,9,3,484,4
1500,9,11,20,15,500,0.014,0.822,0.062,0.102,7,411,31,51
1500,10,0,10,0,500,0.0,0.0,1.0,0.0,0,0,500,0
1500,10,1,11,10,500,0.01,0.0,0.99,0.0,5,0,495,0
1500,10,2,12,20,500,0.008,0.004,0.988,0.0,4,2,494,0
1500,10,4,14,19,500,0.018,0.002,0.978,0.002,9,1,489,1
1500,10,5,15,8,500,0.004,0.054,0.922,0.02,2,27,461,10
1500,10,6,16,18,500,0.02,0.006,0.948,0.026,10,3,474,13
1500,10,7,17,7,500,0.002,0.0,0.998,0.0,1,0,499,0
1500,10,8,18,17,500,0.05,0.032,0.814,0.104,25,16,407,52
1500,10,9,19,6,500,0.0,0.0,1.0,0.0,0,0,500,0
1500,11,0,11,0,500,0.0,0.0,1.0,0.0,0,0,500,0
1500,11,1,12,11,500,0.006,0.0,0.988,0.006,3,0,494,3
1500,11,2,13,1,500,0.128,0.138,0.272,0.462,64,69,136,231
1500,11,6,17,3,500,0.01,0.006,0.984,0.0,5,3,492,0
1500,11,8,19,4,500,0.0,0.0,1.0,0.0,0,0,500,0
1500,11,9,20,15,500,0.014,0.83,0.082,0.074,7,415,41,37
1500,12,0,12,0,500,0.0,0.0,1.0,0.0,0,0,500,0
1500,12,1,13,12,500,0.006,0.004,0.99,0.0,3,2,495,0
1500,12,4,16,6,500,0.004,0.002,0.994,0.0,2,1,497,0
1500,12,5,17,18,500,0.03,0.014,0.928,0.028,15,7,464,14
1500,12,6,18,9,500,0.126,0.026,0.706,0.142,63,13,353,71
1500,12,8,20,12,500,0.002,0.0,0.998,0.0,1,0,499,0
1500,13,1,14,13,500,0.018,0.004,0.978,0.0,9,2,489,0
1500,13,3,16,18,500,0.022,0.002,0.952,0.024,11,1,476,12
1500,13,4,17,10,500,0.02,0.008,0.964,0.008,10,4,482,4
1500,13,5,18,2,500,0.0,0.002,0.994,0.004,0,1,497,2
1500,14,0,14,0,500,0.426,0.006,0.506,0.062,213,3,253,31
1500,14,1,15,14,500,0.036,0.028,0.9,0.036,18,14,450,18
1500,14,2,16,7,500,0.0,0.002,0.998,0.0,0,1,499,0
1500,14,3,17,0,500,0.002,0.0,0.998,0.0,1,0,499,0
1500,14,4,18,14,500,0.028,0.026,0.93,0.016,14,13,465,8
1500,14,5,19,7,500,0.01,0.0,0.99,0.0,5,0,495,0
1500,15,0,15,0,500,0.002,0.0,0.998,0.0,1,0,499,0
1500,15,2,17,9,500,0.092,0.012,0.896,0.0,46,6,448,0
1500,16,0,16,0,500,0.0,0.0,1.0,0.0,0,0,500,0
1500,16,2,18,11,500,0.004,0.004,0.992,0.0,2,2,496,0
1500,16,3,19,6,500,0.0,0.0,0.998,0.002,0,0,499,1
1500,17,0,17,0,500,0.0,0.0,1.0,0.0,0,0,500,0
1500,17,1,18,17,500,0.058,0.026,0.788,0.128,29,13,394,64
1500,17,2,19,13,500,0.0,0.0,1.0,0.0,0,0,500,0
1500,17,3,20,9,500,0.004,0.014,0.98,0.002,2,7,490,1
1500,18,0,18,0,500,0.0,0.0,1.0,0.0,0,0,500,0
1500,18,2,20,15,500,0.08,0.412,0.202,0.306,40,206,101,153
1500,19,0,19,0,500,0.0,0.0,1.0,0.0,0,0,500,0
1500,19,1,20,19,500,0.02,0.2,0.676,0.104,10,100,338,52
1500,20,0,20,0,500,0.0,0.0,1.0,0.0,0,0,500,0
2000,0,2,2,0,500,0.0,0.0,1.0,0.0,0,0,500,0
2000,0,5,5,0,500,0.0,0.0,1.0,0.0,0,0,500,0
2000,0,6,6,0,500,0.006,0.0,0.992,0.002,3,0,496,1
2000,0,7,7,0,500,0.69,0.01,0.136,0.164,345,5,68,82
2000,0,8,8,0,500,0.0,0.0,1.0,0.0,0,0,500,0
2000,0,10,10,0,500,0.0,0.0,1.0,0.0,0,0,500,0
2000,0,11,11,0,500,0.0,0.0,1.0,0.0,0,0,500,0
2000,0,14,14,0,500,0.208,0.022,0.708,0.062,104,11,354,31
2000,0,15,15,0,500,0.008,0.0,0.99,0.002,4,0,495,1
2000,0,16,16,0,500,0.0,0.0,1.0,0.0,0,0,500,0
2000,0,20,20,0,500,0.0,0.0,1.0,0.0,0,0,500,0
2000,1,0,1,0,500,0.0,0.0,1.0,0.0,0,0,500,0
2000,1,1,2,1,500,0.062,0.028,0.498,0.412,31,14,249,206
2000,1,3,4,3,500,0.118,0.264,0.314,0.304,59,132,157,152
2000,1,4,5,4,500,0.006,0.002,0.992,0.0,3,1,496,0
2000,1,5,6,5,500,0.006,0.024,0.59,0.38,3,12,295,190
2000,1,7,8,7,500,0.0,0.0,1.0,0.0,0,0,500,0
2000,1,8,9,8,500,0.01,0.002,0.982,0.006,5,1,491,3
2000,1,9,10,9,500,0.004,0.028,0.964,0.004,2,14,482,2
2000,1,11,12,11,500,0.012,0.0,0.982,0.006,6,0,491,3
2000,1,13,14,13,500,0.012,0.0,0.986,0.002,6,0,493,1
2000,1,14,15,14,500,0.004,0.01,0.982,0.004,2,5,491,2
2000,1,18,19,18,500,0.14,0.052,0.662,0.146,70,26,331,73
2000,1,19,20,19,500,0.076,0.042,0.828,0.054,38,21,414,27
2000,2,3,5,6,500,0.018,0.144,0.454,0.384,9,72,227,192
2000,2,8,10,16,500,0.206,0.042,0.342,0.41,103,21,171,205
2000,2,10,12,20,500,0.004,0.002,0.994,0.0,2,1,497,0
2000,2,11,13,1,500,0.006,0.588,0.112,0.294,3,294,56,147
2000,2,12,14,3,500,0.008,0.02,0.966,0.006,4,10,483,3
2000,2,14,16,7,500,0.0,0.0,1.0,0.0,0,0,500,0
2000,2,15,17,9,500,0.108,0.038,0.838,0.016,54,19,419,8
2000,2,18,20,15,500,0.082,0.47,0.168,0.28,41,235,84,140
2000,3,0,3,0,500,0.0,0.0,1.0,0.0,0,0,500,0
2000,3,2,5,6,500,0.02,0.108,0.636,0.236,10,54,318,118
2000,3,4,7,12,500,0.122,0.082,0.738,0.058,61,41,369,29
2000,3,5,8,15,500,0.004,0.108,0.832,0.056,2,54,416,28
2000,3,6,9,18,500,0.094,0.056,0.682,0.168,47,28,341,84
2000,3,7,10,0,500,0.002,0.0,0.998,0.0,1,0,499,0
2000,3,8,11,3,500,0.018,0.058,0.92,0.004,9,29,460,2
2000,3,9,12,6,500,0.004,0.022,0.972,0.002,2,11,486,1
2000,3,10,13,9,500,0.002,0.002,0.994,0.002,1,1,497,1
2000,3,13,16,18,500,0.03,0.0,0.952,0.018,15,0,476,9
2000,3,14,17,0,500,0.0,0.002,0.998,0.0,0,1,499,0
2000,3,15,18,3,500,0.662,0.038,0.198,0.102,331,19,99,51
2000,3,16,19,6,500,0.0,0.002,0.998,0.0,0,1,499,0
2000,3,17,20,9,500,0.008,0.028,0.964,0.0,4,14,482,0
2000,4,0,4,0,500,0.0,0.0,1.0,0.0,0,0,500,0
2000,4,2,6,8,500,0.066,0.06,0.826,0.048,33,30,413,24
2000,4,5,9,20,500,0.0,0.006,0.994,0.0,0,3,497,0
2000,4,6,10,3,500,0.196,0.062,0.566,0.176,98,31,283,88
2000,4,7,11,7,500,0.0,0.0,1.0,0.0,0,0,500,0
2000,4,8,12,11,500,0.014,0.004,0.98,0.002,7,2,490,1
2000,4,9,13,15,500,0.012,0.428,0.4,0.16,6,214,200,80
2000,4,10,14,19,500,0.044,0.01,0.946,0.0,22,5,473,0
2000,4,11,15,2,500,0.008,0.006,0.978,0.008,4,3,489,4
2000,4,12,16,6,500,0.002,0.0,0.998,0.0,1,0,499,0
2000,4,13,17,10,500,0.024,0.002,0.968,0.006,12,1,484,3
2000,4,14,18,14,500,0.028,0.018,0.946,0.008,14,9,473,4
2000,4,16,20,1,500,0.0,0.0,1.0,0.0,0,0,500,0
2000,5,0,5,0,500,0.0,0.0,1.0,0.0,0,0,500,0
2000,5,2,7,10,500,0.0,0.0,1.0,0.0,0,0,500,0
2000,5,3,8,15,500,0.006,0.12,0.818,0.056,3,60,409,28
2000,5,4,9,20,500,0.002,0.0,0.998,0.0,1,0,499,0
2000,5,5,10,4,500,0.036,0.222,0.624,0.118,18,111,312,59
2000,5,7,12,14,500,0.008,0.016,0.972,0.004,4,8,486,2
2000,5,9,14,3,500,0.008,0.022,0.97,0.0,4,11,485,0
2000,5,10,15,8,500,0.0,0.088,0.858,0.054,0,44,429,27
2000,5,11,16,13,500,0.014,0.006,0.974,0.006,7,3,487,3
2000,5,12,17,18,500,0.058,0.012,0.898,0.032,29,6,449,16
2000,5,14,19,7,500,0.004,0.004,0.992,0.0,2,2,496,0
2000,5,15,20,12,500,0.018,0.004,0.978,0.0,9,2,489,0
2000,6,1,7,6,500,0.008,0.008,0.984,0.0,4,4,492,0
2000,6,2,8,12,500,0.098,0.0,0.876,0.026,49,0,438,13
2000,6,6,12,15,500,0.016,0.018,0.914,0.052,8,9,457,26
2000,6,8,14,6,500,0.004,0.0,0.99,0.006,2,0,495,3
2000,6,9,15,12,500,0.034,0.016,0.93,0.02,17,8,465,10
2000,6,12,18,9,500,0.098,0.06,0.762,0.08,49,30,381,40
2000,6,13,19,15,500,0.028,0.034,0.936,0.002,14,17,468,1
2000,7,0,7,0,500,0.904,0.002,0.052,0.042,452,1,26,21
2000,7,1,8,7,500,0.006,0.0,0.992,0.002,3,0,496,1
2000,7,3,10,0,500,0.0,0.0,1.0,0.0,0,0,500,0
2000,7,4,11,7,500,0.0,0.0,1.0,0.0,0,0,500,0
2000,7,7,14,7,500,0.216,0.016,0.684,0.084,108,8,342,42
2000,7,8,15,14,500,0.004,0.018,0.968,0.01,2,9,484,5
2000,7,9,16,0,500,0.0,0.0,1.0,0.0,0,0,500,0
2000,7,11,18,14,500,0.008,0.006,0.982,0.004,4,3,491,2
2000,7,13,20,7,500,0.0,0.002,0.998,0.0,0,1,499,0
2000,8,0,8,0,500,0.0,0.0,1.0,0.0,0,0,500,0
2000,8,1,9,8,500,0.024,0.006,0.938,0.032,12,3,469,16
2000,8,3,11,3,500,0.02,0.108,0.862,0.01,10,54,431,5
2000,8,5,13,19,500,0.0,0.0,1.0,0.0,0,0,500,0
2000,8,6,14,6,500,0.01,0.002,0.978,0.01,5,1,489,5
2000,8,7,15,14,500,0.008,0.02,0.95,0.022,4,10,475,11
2000,8,9,17,9,500,0.004,0.022,0.974,0.0,2,11,487,0
2000,8,11,19,4,500,0.0,0.0,0.996,0.004,0,0,498,2
2000,8,12,20,12,500,0.002,0.002,0.996,0.0,1,1,498,0
2000,9,4,13,15,500,0.03,0.296,0.488,0.186,15,148,244,93
2000,9,5,14,3,500,0.006,0.012,0.976,0.006,3,6,488,3
2000,9,6,15,12,500,0.024,0.01,0.946,0.02,12,5,473,10
2000,9,7,16,0,500,0.0,0.0,1.0,0.0,0,0,500,0
2000,9,8,17,9,500,0.016,0.018,0.966,0.0,8,9,483,0
2000,9,11,20,15,500,0.018,0.648,0.124,0.21,9,324,62,105
2000,10,0,10,0,500,0.0,0.0,1.0,0.0,0,0,500,0
2000,10,1,11,10,500,0.026,0.006,0.962,0.006,13,3,481,3
2000,10,2,12,20,500,0.028,0.01,0.962,0.0,14,5,481,0
2000,10,4,14,19,500,0.052,0.012,0.928,0.008,26,6,464,4
2000,10,5,15,8,500,0.004,0.074,0.896,0.026,2,37,448,13
2000,10,6,16,18,500,0.024,0.004,0.938,0.034,12,2,469,17
2000,10,7,17,7,500,0.0,0.0,1.0,0.0,0,0,500,0
2000,10,8,18,17,500,0.104,0.01,0.706,0.18,52,5,353,90
2000,10,9,19,6,500,0.0,0.0,1.0,0.0,0,0,500,0
2000,11,0,11,0,500,0.0,0.0,1.0,0.0,0,0,500,0
2000,11,1,12,11,500,0.014,0.0,0.982,0.004,7,0,491,2
2000,11,2,13,1,500,0.064,0.2,0.258,0.478,32,100,129,239
2000,11,6,17,3,500,0.006,0.014,0.98,0.0,3,7,490,0
2000,11,8,19,4,500,0.0,0.0,1.0,0.0,0,0,500,0
2000,11,9,20,15,500,0.022,0.812,0.076,0.09,11,406,38,45
2000,12,0,12,0,500,0.0,0.0,1.0,0.0,0,0,500,0
2000,12,1,13,12,500,0.008,0.004,0.986,0.002,4,2,493,1
2000,12,4,16,6,500,0.0,0.0,1.0,0.0,0,0,500,0
2000,12,5,17,18,500,0.042,0.016,0.934,0.008,21,8,467,4
2000,12,6,18,9,500,0.198,0.04,0.658,0.104,99,20,329,52
2000,12,8,20,12,500,0.004,0.002,0.994,0.0,2,1,497,0
2000,13,1,14,13,500,0.006,0.0,0.992,0.002,3,0,496,1
2000,13,3,16,18,500,0.054,0.0,0.906,0.04,27,0,453,20
2000,13,4,17,10,500,0.014,0.006,0.976,0.004,7,3,488,2
2000,13,5,18,2,500,0.0,0.002,0.998,0.0,0,1,499,0
2000,14,0,14,0,500,0.348,0.008,0.608,0.036,174,4,304,18
2000,14,1,15,14,500,0.0,0.02,0.97,0.01,0,10,485,5
2000,14,2,16,7,500,0.0,0.0,1.0,0.0,0,0,500,0
2000,14,3,17,0,500,0.0,0.0,1.0,0.0,0,0,500,0
2000,14,4,18,14,500,0.028,0.018,0.944,0.01,14,9,472,5
2000,14,5,19,7,500,0.0,0.004,0.996,0.0,0,2,498,0
2000,15,0,15,0,500,0.002,0.0,0.998,0.0,1,0,499,0
2000,15,2,17,9,500,0.104,0.034,0.846,0.016,52,17,423,8
2000,16,0,16,0,500,0.0,0.0,1.0,0.0,0,0,500,0
2000,16,2,18,11,500,0.0,0.0,1.0,0.0,0,0,500,0
2000,16,3,19,6,500,0.0,0.0,1.0,0.0,0,0,500,0
2000,17,0,17,0,500,0.0,0.0,1.0,0.0,0,0,500,0
2000,17,1,18,17,500,0.076,0.006,0.862,0.056,38,3,431,28
2000,17,2,19,13,500,0.0,0.0,1.0,0.0,0,0,500,0
2000,17,3,20,9,500,0.004,0.016,0.98,0.0,2,8,490,0
2000,18,0,18,0,500,0.002,0.0,0.998,0.0,1,0,499,0
2000,18,2,20,15,500,0.028,0.556,0.17,0.246,14,278,85,123
2000,19,0,19,0,500,0.0,0.0,1.0,0.0,0,0,500,0
2000,19,1,20,19,500,0.044,0.024,0.918,0.014,22,12,459,7
2000,20,0,20,0,500,0.0,0.0,1.0,0.0,0,0,500,0
2500,0,2,2,0,500,0.0,0.0,1.0,0.0,0,0,500,0
2500,0,5,5,0,500,0.0,0.0,1.0,0.0,0,0,500,0
2500,0,6,6,0,500,0.0,0.0,0.996,0.004,0,0,498,2
2500,0,7,7,0,500,0.708,0.014,0.1,0.178,354,7,50,89
2500,0,8,8,0,500,0.0,0.0,1.0,0.0,0,0,500,0
2500,0,10,10,0,500,0.0,0.0,1.0,0.0,0,0,500,0
2500,0,11,11,0,500,0.0,0.0,1.0,0.0,0,0,500,0
2500,0,14,14,0,500,0.36,0.012,0.574,0.054,180,6,287,27
2500,0,15,15,0,500,0.012,0.002,0.984,0.002,6,1,492,1
2500,0,16,16,0,500,0.0,0.0,1.0,0.0,0,0,500,0
2500,0,20,20,0,500,0.0,0.0,1.0,0.0,0,0,500,0
2500,1,0,1,0,500,0.0,0.0,1.0,0.0,0,0,500,0
2500,1,1,2,1,500,0.04,0.076,0.472,0.412,20,38,236,206
2500,1,3,4,3,500,0.202,0.08,0.394,0.324,101,40,197,162
2500,1,4,5,4,500,0.004,0.006,0.99,0.0,2,3,495,0
2500,1,5,6,5,500,0.008,0.01,0.7,0.282,4,5,350,141
2500,1,7,8,7,500,0.0,0.002,0.998,0.0,0,1,499,0
2500,1,8,9,8,500,0.026,0.0,0.966,0.008,13,0,483,4
2500,1,9,10,9,500,0.002,0.016,0.982,0.0,1,8,491,0
2500,1,11,12,11,500,0.006,0.002,0.992,0.0,3,1,496,0
2500,1,13,14,13,500,0.002,0.0,0.996,0.002,1,0,498,1
2500,1,14,15,14,500,0.004,0.034,0.928,0.034,2,17,464,17
2500,1,18,19,18,500,0.078,0.034,0.728,0.16,39,17,364,80
2500,1,19,20,19,500,0.078,0.032,0.84,0.05,39,16,420,25
2500,2,3,5,6,500,0.03,0.074,0.606,0.29,15,37,303,145
2500,2,8,10,16,500,0.17,0.044,0.404,0.382,85,22,202,191
2500,2,10,12,20,500,0.002,0.006,0.992,0.0,1,3,496,0
2500,2,11,13,1,500,0.018,0.454,0.18,0.348,9,227,90,174
2500,2,12,14,3,500,0.014,0.012,0.974,0.0,7,6,487,0
2500,2,14,16,7,500,0.0,0.0,1.0,0.0,0,0,500,0
2500,2,15,17,9,500,0.086,0.02,0.876,0.018,43,10,438,9
2500,2,18,20,15,500,0.052,0.576,0.144,0.228,26,288,72,114
2500,3,0,3,0,500,0.0,0.002,0.998,0.0,0,1,499,0
2500,3,2,5,6,500,0.026,0.036,0.74,0.198,13,18,370,99
2500,3,4,7,12,500,0.234,0.046,0.642,0.078,117,23,321,39
2500,3,5,8,15,500,0.006,0.132,0.796,0.066,3,66,398,33
2500,3,6,9,18,500,0.158,0.062,0.638,0.142,79,31,319,71
2500,3,7,10,0,500,0.0,0.0,1.0,0.0,0,0,500,0
2500,3,8,11,3,500,0.006,0.052,0.928,0.014,3,26,464,7
2500,3,9,12,6,500,0.004,0.004,0.992,0.0,2,2,496,0
2500,3,10,13,9,500,0.0,0.006,0.994,0.0,0,3,497,0
2500,3,13,16,18,500,0.022,0.01,0.954,0.014,11,5,477,7
2500,3,14,17,0,500,0.002,0.0,0.998,0.0,1,0,499,0
2500,3,15,18,3,500,0.732,0.014,0.158,0.096,366,7,79,48
2500,3,16,19,6,500,0.0,0.002,0.998,0.0,0,1,499,0
2500,3,17,20,9,500,0.008,0.014,0.976,0.002,4,7,488,1
2500,4,0,4,0,500,0.0,0.002,0.998,0.0,0,1,499,0
2500,4,2,6,8,500,0.064,0.032,0.874,0.03,32,16,437,15
2500,4,5,9,20,500,0.002,0.002,0.996,0.0,1,1,498,0
2500,4,6,10,3,500,0.288,0.066,0.45,0.196,144,33,225,98
2500,4,7,11,7,500,0.0,0.0,1.0,0.0,0,0,500,0
2500,4,8,12,11,500,0.01,0.01,0.978,0.002,5,5,489,1
2500,4,9,13,15,500,0.012,0.508,0.298,0.182,6,254,149,91
2500,4,10,14,19,500,0.026,0.012,0.962,0.0,13,6,481,0
2500,4,11,15,2,500,0.01,0.006,0.958,0.026,5,3,479,13
2500,4,12,16,6,500,0.0,0.0,1.0,0.0,0,0,500,0
2500,4,13,17,10,500,0.008,0.0,0.992,0.0,4,0,496,0
2500,4,14,18,14,500,0.01,0.014,0.972,0.004,5,7,486,2
2500,4,16,20,1,500,0.0,0.004,0.996,0.0,0,2,498,0
2500,5,0,5,0,500,0.0,0.0,1.0,0.0,0,0,500,0
2500,5,2,7,10,500,0.0,0.0,1.0,0.0,0,0,500,0
2500,5,3,8,15,500,0.008,0.116,0.828,0.048,4,58,414,24
2500,5,4,9,20,500,0.002,0.004,0.994,0.0,1,2,497,0
2500,5,5,10,4,500,0.058,0.16,0.662,0.12,29,80,331,60
2500,5,7,12,14,500,0.008,0.024,0.968,0.0,4,12,484,0
2500,5,9,14,3,500,0.016,0.012,0.966,0.006,8,6,483,3
2500,5,10,15,8,500,0.006,0.156,0.794,0.044,3,78,397,22
2500,5,11,16,13,500,0.016,0.0,0.976,0.008,8,0,488,4
2500,5,12,17,18,500,0.058,0.0,0.916,0.026,29,0,458,13
2500,5,14,19,7,500,0.018,0.014,0.968,0.0,9,7,484,0
2500,5,15,20,12,500,0.004,0.006,0.99,0.0,2,3,495,0
2500,6,1,7,6,500,0.002,0.0,0.998,0.0,1,0,499,0
2500,6,2,8,12,500,0.076,0.0,0.912,0.012,38,0,456,6
2500,6,6,12,15,500,0.02,0.004,0.95,0.026,10,2,475,13
2500,6,8,14,6,500,0.012,0.004,0.98,0.004,6,2,490,2
2500,6,9,15,12,500,0.038,0.008,0.918,0.036,19,4,459,18
2500,6,12,18,9,500,0.154,0.022,0.746,0.078,77,11,373,39
2500,6,13,19,15,500,0.028,0.004,0.966,0.002,14,2,483,1
2500,7,0,7,0,500,0.68,0.03,0.088,0.202,340,15,44,101
2500,7,1,8,7,500,0.0,0.0,1.0,0.0,0,0,500,0
2500,7,3,10,0,500,0.0,0.0,1.0,0.0,0,0,500,0
2500,7,4,11,7,500,0.0,0.0,1.0,0.0,0,0,500,0
2500,7,7,14,7,500,0.262,0.024,0.602,0.112,131,12,301,56
2500,7,8,15,14,500,0.014,0.026,0.948,0.012,7,13,474,6
2500,7,9,16,0,500,0.0,0.0,1.0,0.0,0,0,500,0
2500,7,11,18,14,500,0.006,0.02,0.97,0.004,3,10,485,2
2500,7,13,20,7,500,0.0,0.0,1.0,0.0,0,0,500,0
2500,8,0,8,0,500,0.0,0.0,1.0,0.0,0,0,500,0
2500,8,1,9,8,500,0.034,0.008,0.946,0.012,17,4,473,6
2500,8,3,11,3,500,0.03,0.026,0.894,0.05,15,13,447,25
2500,8,5,13,19,500,0.002,0.0,0.998,0.0,1,0,499,0
2500,8,6,14,6,500,0.014,0.008,0.976,0.002,7,4,488,1
2500,8,7,15,14,500,0.002,0.064,0.892,0.042,1,32,446,21
2500,8,9,17,9,500,0.006,0.014,0.98,0.0,3,7,490,0
2500,8,11,19,4,500,0.0,0.0,1.0,0.0,0,0,500,0
2500,8,12,20,12,500,0.0,0.004,0.996,0.0,0,2,498,0
2500,9,4,13,15,500,0.022,0.376,0.432,0.17,11,188,216,85
2500,9,5,14,3,500,0.01,0.012,0.978,0.0,5,6,489,0
2500,9,6,15,12,500,0.014,0.014,0.948,0.024,7,7,474,12
2500,9,7,16,0,500,0.0,0.0,1.0,0.0,0,0,500,0
2500,9,8,17,9,500,0.004,0.02,0.976,0.0,2,10,488,0
2500,9,11,20,15,500,0.014,0.744,0.116,0.126,7,372,58,63
2500,10,0,10,0,500,0.0,0.0,1.0,0.0,0,0,500,0
2500,10,1,11,10,500,0.002,0.0,0.998,0.0,1,0,499,0
2500,10,2,12,20,500,0.032,0.01,0.936,0.022,16,5,468,11
2500,10,4,14,19,500,0.018,0.008,0.966,0.008,9,4,483,4
2500,10,5,15,8,500,0.006,0.124,0.81,0.06,3,62,405,30
2500,10,6,16,18,500,0.01,0.01,0.97,0.01,5,5,485,5
2500,10,7,17,7,500,0.002,0.0,0.998,0.0,1,0,499,0
2500,10,8,18,17,500,0.066,0.008,0.834,0.092,33,4,417,46
2500,10,9,19,6,500,0.0,0.0,1.0,0.0,0,0,500,0
2500,11,0,11,0,500,0.0,0.0,1.0,0.0,0,0,500,0
2500,11,1,12,11,500,0.004,0.0,0.996,0.0,2,0,498,0
2500,11,2,13,1,500,0.078,0.286,0.176,0.46,39,143,88,230
2500,11,6,17,3,500,0.006,0.008,0.986,0.0,3,4,493,0
2500,11,8,19,4,500,0.0,0.0,1.0,0.0,0,0,500,0
2500,11,9,20,15,500,0.036,0.762,0.114,0.088,18,381,57,44
2500,12,0,12,0,500,0.0,0.0,1.0,0.0,0,0,500,0
2500,12,1,13,12,500,0.01,0.004,0.986,0.0,5,2,493,0
2500,12,4,16,6,500,0.004,0.002,0.992,0.002,2,1,496,1
2500,12,5,17,18,500,0.058,0.002,0.896,0.044,29,1,448,22
2500,12,6,18,9,500,0.176,0.024,0.752,0.048,88,12,376,24
2500,12,8,20,12,500,0.004,0.0,0.996,0.0,2,0,498,0
2500,13,1,14,13,500,0.012,0.0,0.986,0.002,6,0,493,1
2500,13,3,16,18,500,0.046,0.006,0.886,0.062,23,3,443,31
2500,13,4,17,10,500,0.004,0.002,0.992,0.002,2,1,496,1
2500,13,5,18,2,500,0.0,0.0,1.0,0.0,0,0,500,0
2500,14,0,14,0,500,0.294,0.014,0.656,0.036,147,7,328,18
2500,14,1,15,14,500,0.01,0.034,0.906,0.05,5,17,453,25
2500,14,2,16,7,500,0.0,0.0,1.0,0.0,0,0,500,0
2500,14,3,17,0,500,0.002,0.002,0.992,0.004,1,1,496,2
2500,14,4,18,14,500,0.024,0.034,0.934,0.008,12,17,467,4
2500,14,5,19,7,500,0.004,0.004,0.992,0.0,2,2,496,0
2500,15,0,15,0,500,0.01,0.002,0.988,0.0,5,1,494,0
2500,15,2,17,9,500,0.096,0.01,0.888,0.006,48,5,444,3
2500,16,0,16,0,500,0.0,0.0,1.0,0.0,0,0,500,0
2500,16,2,18,11,500,0.0,0.002,0.998,0.0,0,1,499,0
2500,16,3,19,6,500,0.0,0.004,0.996,0.0,0,2,498,0
2500,17,0,17,0,500,0.002,0.0,0.998,0.0,1,0,499,0
2500,17,1,18,17,500,0.07,0.004,0.872,0.054,35,2,436,27
2500,17,2,19,13,500,0.0,0.002,0.998,0.0,0,1,499,0
2500,17,3,20,9,500,0.006,0.016,0.978,0.0,3,8,489,0
2500,18,0,18,0,500,0.002,0.0,0.998,0.0,1,0,499,0
2500,18,2,20,15,500,0.078,0.49,0.164,0.268,39,245,82,134
2500,19,0,19,0,500,0.0,0.0,1.0,0.0,0,0,500,0
2500,19,1,20,19,500,0.072,0.012,0.866,0.05,36,6,433,25
2500,20,0,20,0,500,0.0,0.0,1.0,0.0,0,0,500,0
3000,0,2,2,0,500,0.0,0.0,1.0,0.0,0,0,500,0
3000,0,5,5,0,500,0.0,0.0,1.0,0.0,0,0,500,0
3000,0,6,6,0,500,0.004,0.002,0.99,0.004,2,1,495,2
3000,0,7,7,0,500,0.792,0.02,0.08,0.108,396,10,40,54
3000,0,8,8,0,500,0.0,0.0,1.0,0.0,0,0,500,0
3000,0,10,10,0,500,0.0,0.0,1.0,0.0,0,0,500,0
3000,0,11,11,0,500,0.0,0.0,1.0,0.0,0,0,500,0
3000,0,14,14,0,500,0.34,0.0,0.614,0.046,170,0,307,23
3000,0,15,15,0,500,0.008,0.0,0.992,0.0,4,0,496,0
3000,0,16,16,0,500,0.0,0.0,1.0,0.0,0,0,500,0
3000,0,20,20,0,500,0.0,0.0,1.0,0.0,0,0,500,0
3000,1,0,1,0,500,0.0,0.0,1.0,0.0,0,0,500,0
3000,1,1,2,1,500,0.066,0.076,0.48,0.378,33,38,240,189
3000,1,3,4,3,500,0.208,0.164,0.298,0.33,104,82,149,165
3000,1,4,5,4,500,0.044,0.056,0.876,0.024,22,28,438,12
3000,1,5,6,5,500,0.004,0.004,0.768,0.224,2,2,384,112
3000,1,7,8,7,500,0.0,0.0,1.0,0.0,0,0,500,0
3000,1,8,9,8,500,0.056,0.012,0.882,0.05,28,6,441,25
3000,1,9,10,9,500,0.01,0.012,0.978,0.0,5,6,489,0
3000,1,11,12,11,500,0.008,0.0,0.99,0.002,4,0,495,1
3000,1,13,14,13,500,0.002,0.0,0.998,0.0,1,0,499,0
3000,1,14,15,14,500,0.01,0.044,0.908,0.038,5,22,454,19
3000,1,18,19,18,500,0.212,0.032,0.648,0.108,106,16,324,54
3000,1,19,20,19,500,0.106,0.016,0.788,0.09,53,8,394,45
3000,2,3,5,6,500,0.018,0.05,0.716,0.216,9,25,358,108
3000,2,8,10,16,500,0.112,0.04,0.488,0.36,56,20,244,180
3000,2,10,12,20,500,0.0,0.004,0.996,0.0,0,2,498,0
3000,2,11,13,1,500,0.04,0.356,0.224,0.38,20,178,112,190
3000,2,12,14,3,500,0.002,0.008,0.99,0.0,1,4,495,0
3000,2,14,16,7,500,0.0,0.0,1.0,0.0,0,0,500,0
3000,2,15,17,9,500,0.164,0.01,0.792,0.034,82,5,396,17
3000,2,18,20,15,500,0.114,0.412,0.15,0.324,57,206,75,162
3000,3,0,3,0,500,0.0,0.002,0.998,0.0,0,1,499,0
3000,3,2,5,6,500,0.02,0.032,0.736,0.212,10,16,368,106
3000,3,4,7,12,500,0.064,0.082,0.8,0.054,32,41,400,27
3000,3,5,8,15,500,0.006,0.148,0.752,0.094,3,74,376,47
3000,3,6,9,18,500,0.07,0.086,0.778,0.066,35,43,389,33
3000,3,7,10,0,500,0.0,0.0,1.0,0.0,0,0,500,0
3000,3,8,11,3,500,0.02,0.068,0.902,0.01,10,34,451,5
3000,3,9,12,6,500,0.004,0.008,0.988,0.0,2,4,494,0
3000,3,10,13,9,500,0.0,0.0,1.0,0.0,0,0,500,0
3000,3,13,16,18,500,0.03,0.004,0.96,0.006,15,2,480,3
3000,3,14,17,0,500,0.0,0.0,1.0,0.0,0,0,500,0
3000,3,15,18,3,500,0.7,0.03,0.168,0.102,350,15,84,51
3000,3,16,19,6,500,0.0,0.0,1.0,0.0,0,0,500,0
3000,3,17,20,9,500,0.01,0.016,0.974,0.0,5,8,487,0
3000,4,0,4,0,500,0.0,0.0,1.0,0.0,0,0,500,0
3000,4,2,6,8,500,0.012,0.032,0.926,0.03,6,16,463,15
3000,4,5,9,20,500,0.0,0.002,0.998,0.0,0,1,499,0
3000,4,6,10,3,500,0.276,0.094,0.444,0.186,138,47,222,93
3000,4,7,11,7,500,0.0,0.0,1.0,0.0,0,0,500,0
3000,4,8,12,11,500,0.012,0.006,0.982,0.0,6,3,491,0
3000,4,9,13,15,500,0.012,0.498,0.326,0.164,6,249,163,82
3000,4,10,14,19,500,0.02,0.008,0.972,0.0,10,4,486,0
3000,4,11,15,2,500,0.01,0.018,0.938,0.034,5,9,469,17
3000,4,12,16,6,500,0.0,0.002,0.998,0.0,0,1,499,0
3000,4,13,17,10,500,0.012,0.002,0.986,0.0,6,1,493,0
3000,4,14,18,14,500,0.02,0.026,0.94,0.014,10,13,470,7
3000,4,16,20,1,500,0.0,0.0,1.0,0.0,0,0,500,0
3000,5,0,5,0,500,0.0,0.0,1.0,0.0,0,0,500,0
3000,5,2,7,10,500,0.0,0.0,1.0,0.0,0,0,500,0
3000,5,3,8,15,500,0.004,0.148,0.794,0.054,2,74,397,27
3000,5,4,9,20,500,0.002,0.002,0.996,0.0,1,1,498,0
3000,5,5,10,4,500,0.032,0.028,0.922,0.018,16,14,461,9
3000,5,7,12,14,500,0.01,0.01,0.978,0.002,5,5,489,1
3000,5,9,14,3,500,0.004,0.004,0.992,0.0,2,2,496,0
3000,5,10,15,8,500,0.004,0.094,0.85,0.052,2,47,425,26
3000,5,11,16,13,500,0.002,0.002,0.988,0.008,1,1,494,4
3000,5,12,17,18,500,0.068,0.016,0.882,0.034,34,8,441,17
3000,5,14,19,7,500,0.016,0.008,0.976,0.0,8,4,488,0
3000,5,15,20,12,500,0.006,0.004,0.99,0.0,3,2,495,0
3000,6,1,7,6,500,0.002,0.006,0.99,0.002,1,3,495,1
3000,6,2,8,12,500,0.098,0.008,0.864,0.03,49,4,432,15
3000,6,6,12,15,500,0.02,0.008,0.944,0.028,10,4,472,14
3000,6,8,14,6,500,0.016,0.0,0.982,0.002,8,0,491,1
3000,6,9,15,12,500,0.01,0.008,0.964,0.018,5,4,482,9
3000,6,12,18,9,500,0.072,0.116,0.748,0.064,36,58,374,32
3000,6,13,19,15,500,0.018,0.004,0.974,0.004,9,2,487,2
3000,7,0,7,0,500,0.638,0.028,0.166,0.168,319,14,83,84
3000,7,1,8,7,500,0.0,0.0,1.0,0.0,0,0,500,0
3000,7,3,10,0,500,0.0,0.0,1.0,0.0,0,0,500,0
3000,7,4,11,7,500,0.0,0.0,1.0,0.0,0,0,500,0
3000,7,7,14,7,500,0.072,0.03,0.834,0.064,36,15,417,32
3000,7,8,15,14,500,0.01,0.038,0.93,0.022,5,19,465,11
3000,7,9,16,0,500,0.0,0.0,1.0,0.0,0,0,500,0
3000,7,11,18,14,500,0.01,0.022,0.958,0.01,5,11,479,5
3000,7,13,20,7,500,0.0,0.0,1.0,0.0,0,0,500,0
3000,8,0,8,0,500,0.0,0.0,1.0,0.0,0,0,500,0
3000,8,1,9,8,500,0.022,0.006,0.958,0.014,11,3,479,7
3000,8,3,11,3,500,0.016,0.096,0.862,0.026,8,48,431,13
3000,8,5,13,19,500,0.0,0.0,1.0,0.0,0,0,500,0
3000,8,6,14,6,500,0.016,0.0,0.976,0.008,8,0,488,4
3000,8,7,15,14,500,0.002,0.06,0.906,0.032,1,30,453,16
3000,8,9,17,9,500,0.004,0.008,0.988,0.0,2,4,494,0
3000,8,11,19,4,500,0.0,0.0,1.0,0.0,0,0,500,0
3000,8,12,20,12,500,0.004,0.0,0.996,0.0,2,0,498,0
3000,9,4,13,15,500,0.01,0.35,0.402,0.238,5,175,201,119
3000,9,5,14,3,500,0.014,0.006,0.98,0.0,7,3,490,0
3000,9,6,15,12,500,0.006,0.016,0.956,0.022,3,8,478,11
3000,9,7,16,0,500,0.0,0.0,1.0,0.0,0,0,500,0
3000,9,8,17,9,500,0.0,0.014,0.986,0.0,0,7,493,0
3000,9,11,20,15,500,0.012,0.758,0.13,0.1,6,379,65,50
3000,10,0,10,0,500,0.0,0.0,1.0,0.0,0,0,500,0
3000,10,1,11,10,500,0.008,0.0,0.992,0.0,4,0,496,0
3000,10,2,12,20,500,0.0,0.002,0.998,0.0,0,1,499,0
3000,10,4,14,19,500,0.018,0.002,0.98,0.0,9,1,490,0
3000,10,5,15,8,500,0.002,0.118,0.8,0.08,1,59,400,40
3000,10,6,16,18,500,0.028,0.0,0.96,0.012,14,0,480,6
3000,10,7,17,7,500,0.004,0.0,0.996,0.0,2,0,498,0
3000,10,8,18,17,500,0.016,0.018,0.958,0.008,8,9,479,4
3000,10,9,19,6,500,0.0,0.002,0.998,0.0,0,1,499,0
3000,11,0,11,0,500,0.0,0.0,1.0,0.0,0,0,500,0
3000,11,1,12,11,500,0.008,0.004,0.988,0.0,4,2,494,0
3000,11,2,13,1,500,0.056,0.212,0.322,0.41,28,106,161,205
3000,11,6,17,3,500,0.01,0.002,0.986,0.002,5,1,493,1
3000,11,8,19,4,500,0.0,0.0,1.0,0.0,0,0,500,0
3000,11,9,20,15,500,0.054,0.704,0.144,0.098,27,352,72,49
3000,12,0,12,0,500,0.0,0.0,1.0,0.0,0,0,500,0
3000,12,1,13,12,500,0.01,0.004,0.984,0.002,5,2,492,1
3000,12,4,16,6,500,0.002,0.002,0.996,0.0,1,1,498,0
3000,12,5,17,18,500,0.054,0.012,0.9,0.034,27,6,450,17
3000,12,6,18,9,500,0.072,0.072,0.78,0.076,36,36,390,38
3000,12,8,20,12,500,0.004,0.004,0.992,0.0,2,2,496,0
3000,13,1,14,13,500,0.004,0.0,0.996,0.0,2,0,498,0
3000,13,3,16,18,500,0.03,0.004,0.95,0.016,15,2,475,8
3000,13,4,17,10,500,0.012,0.002,0.986,0.0,6,1,493,0
3000,13,5,18,2,500,0.0,0.0,1.0,0.0,0,0,500,0
3000,14,0,14,0,500,0.258,0.022,0.652,0.068,129,11,326,34
3000,14,1,15,14,500,0.01,0.024,0.948,0.018,5,12,474,9
3000,14,2,16,7,500,0.0,0.0,1.0,0.0,0,0,500,0
3000,14,3,17,0,500,0.0,0.0,1.0,0.0,0,0,500,0
3000,14,4,18,14,500,0.032,0.028,0.932,0.008,16,14,466,4
3000,14,5,19,7,500,0.01,0.018,0.972,0.0,5,9,486,0
3000,15,0,15,0,500,0.004,0.0,0.996,0.0,2,0,498,0
3000,15,2,17,9,500,0.122,0.014,0.842,0.022,61,7,421,11
3000,16,0,16,0,500,0.0,0.0,1.0,0.0,0,0,500,0
3000,16,2,18,11,500,0.0,0.0,1.0,0.0,0,0,500,0
3000,16,3,19,6,500,0.002,0.0,0.998,0.0,1,0,499,0
3000,17,0,17,0,500,0.0,0.0,1.0,0.0,0,0,500,0
3000,17,1,18,17,500,0.084,0.036,0.774,0.106,42,18,387,53
3000,17,2,19,13,500,0.0,0.0,1.0,0.0,0,0,500,0
3000,17,3,20,9,500,0.008,0.004,0.988,0.0,4,2,494,0
3000,18,0,18,0,500,0.0,0.0,1.0,0.0,0,0,500,0
3000,18,2,20,15,500,0.126,0.314,0.232,0.328,63,157,116,164
3000,19,0,19,0,500,0.0,0.0,1.0,0.0,0,0,500,0
3000,19,1,20,19,500,0.042,0.028,0.856,0.074,21,14,428,37
3000,20,0,20,0,500,0.0,0.0,1.0,0.0,0,0,500,0
3500,0,2,2,0,500,0.0,0.0,1.0,0.0,0,0,500,0
3500,0,5,5,0,500,0.0,0.0,1.0,0.0,0,0,500,0
3500,0,6,6,0,500,0.0,0.0,0.996,0.004,0,0,498,2
3500,0,7,7,0,500,0.398,0.056,0.298,0.248,199,28,149,124
3500,0,8,8,0,500,0.0,0.0,1.0,0.0,0,0,500,0
3500,0,10,10,0,500,0.0,0.0,1.0,0.0,0,0,500,0
3500,0,11,11,0,500,0.0,0.0,1.0,0.0,0,0,500,0
3500,0,14,14,0,500,0.144,0.012,0.818,0.026,72,6,409,13
3500,0,15,15,0,500,0.004,0.002,0.992,0.002,2,1,496,1
3500,0,16,16,0,500,0.0,0.0,1.0,0.0,0,0,500,0
3500,0,20,20,0,500,0.0,0.0,1.0,0.0,0,0,500,0
3500,1,0,1,0,500,0.0,0.0,1.0,0.0,0,0,500,0
3500,1,1,2,1,500,0.058,0.208,0.486,0.248,29,104,243,124
3500,1,3,4,3,500,0.144,0.184,0.374,0.298,72,92,187,149
3500,1,4,5,4,500,0.014,0.002,0.984,0.0,7,1,492,0
3500,1,5,6,5,500,0.034,0.022,0.614,0.33,17,11,307,165
3500,1,7,8,7,500,0.0,0.002,0.998,0.0,0,1,499,0
3500,1,8,9,8,500,0.05,0.02,0.864,0.066,25,10,432,33
3500,1,9,10,9,500,0.0,0.004,0.996,0.0,0,2,498,0
3500,1,11,12,11,500,0.014,0.0,0.984,0.002,7,0,492,1
3500,1,13,14,13,500,0.004,0.0,0.992,0.004,2,0,496,2
3500,1,14,15,14,500,0.0,0.054,0.886,0.06,0,27,443,30
3500,1,18,19,18,500,0.272,0.022,0.642,0.064,136,11,321,32
3500,1,19,20,19,500,0.162,0.022,0.73,0.086,81,11,365,43
3500,2,3,5,6,500,0.028,0.066,0.618,0.288,14,33,309,144
3500,2,8,10,16,500,0.076,0.022,0.504,0.398,38,11,252,199
3500,2,10,12,20,500,0.002,0.0,0.996,0.002,1,0,498,1
3500,2,11,13,1,500,0.018,0.492,0.21,0.28,9,246,105,140
3500,2,12,14,3,500,0.002,0.006,0.992,0.0,1,3,496,0
3500,2,14,16,7,500,0.0,0.0,1.0,0.0,0,0,500,0
3500,2,15,17,9,500,0.152,0.006,0.824,0.018,76,3,412,9
3500,2,18,20,15,500,0.104,0.346,0.198,0.352,52,173,99,176
3500,3,0,3,0,500,0.0,0.002,0.998,0.0,0,1,499,0
3500,3,2,5,6,500,0.046,0.046,0.642,0.266,23,23,321,133
3500,3,4,7,12,500,0.184,0.04,0.71,0.066,92,20,355,33
3500,3,5,8,15,500,0.004,0.086,0.862,0.048,2,43,431,24
3500,3,6,9,18,500,0.118,0.084,0.728,0.07,59,42,364,35
3500,3,7,10,0,500,0.0,0.0,1.0,0.0,0,0,500,0
3500,3,8,11,3,500,0.01,0.134,0.844,0.012,5,67,422,6
3500,3,9,12,6,500,0.006,0.002,0.992,0.0,3,1,496,0
3500,3,10,13,9,500,0.0,0.002,0.998,0.0,0,1,499,0
3500,3,13,16,18,500,0.02,0.006,0.96,0.014,10,3,480,7
3500,3,14,17,0,500,0.0,0.0,1.0,0.0,0,0,500,0
3500,3,15,18,3,500,0.704,0.024,0.18,0.092,352,12,90,46
3500,3,16,19,6,500,0.0,0.0,1.0,0.0,0,0,500,0
3500,3,17,20,9,500,0.012,0.01,0.978,0.0,6,5,489,0
3500,4,0,4,0,500,0.0,0.0,1.0,0.0,0,0,500,0
3500,4,2,6,8,500,0.04,0.012,0.928,0.02,20,6,464,10
3500,4,5,9,20,500,0.0,0.0,1.0,0.0,0,0,500,0
3500,4,6,10,3,500,0.21,0.108,0.468,0.214,105,54,234,107
3500,4,7,11,7,500,0.0,0.0,1.0,0.0,0,0,500,0
3500,4,8,12,11,500,0.024,0.004,0.97,0.002,12,2,485,1
3500,4,9,13,15,500,0.008,0.376,0.364,0.252,4,188,182,126
3500,4,10,14,19,500,0.008,0.0,0.99,0.002,4,0,495,1
3500,4,11,15,2,500,0.002,0.018,0.97,0.01,1,9,485,5
3500,4,12,16,6,500,0.0,0.002,0.998,0.0,0,1,499,0
3500,4,13,17,10,500,0.004,0.0,0.996,0.0,2,0,498,0
3500,4,14,18,14,500,0.032,0.04,0.916,0.012,16,20,458,6
3500,4,16,20,1,500,0.0,0.0,1.0,0.0,0,0,500,0
3500,5,0,5,0,500,0.0,0.0,1.0,0.0,0,0,500,0
3500,5,2,7,10,500,0.0,0.0,1.0,0.0,0,0,500,0
3500,5,3,8,15,500,0.006,0.082,0.86,0.052,3,41,430,26
3500,5,4,9,20,500,0.002,0.002,0.996,0.0,1,1,498,0
3500,5,5,10,4,500,0.048,0.074,0.826,0.052,24,37,413,26
3500,5,7,12,14,500,0.006,0.04,0.954,0.0,3,20,477,0
3500,5,9,14,3,500,0.01,0.004,0.986,0.0,5,2,493,0
3500,5,10,15,8,500,0.002,0.06,0.914,0.024,1,30,457,12
3500,5,11,16,13,500,0.006,0.0,0.992,0.002,3,0,496,1
3500,5,12,17,18,500,0.064,0.014,0.884,0.038,32,7,442,19
3500,5,14,19,7,500,0.02,0.03,0.93,0.02,10,15,465,10
3500,5,15,20,12,500,0.016,0.016,0.966,0.002,8,8,483,1
3500,6,1,7,6,500,0.008,0.002,0.988,0.002,4,1,494,1
3500,6,2,8,12,500,0.138,0.008,0.824,0.03,69,4,412,15
3500,6,6,12,15,500,0.008,0.012,0.974,0.006,4,6,487,3
3500,6,8,14,6,500,0.016,0.004,0.978,0.002,8,2,489,1
3500,6,9,15,12,500,0.012,0.016,0.96,0.012,6,8,480,6
3500,6,12,18,9,500,0.098,0.084,0.71,0.108,49,42,355,54
3500,6,13,19,15,500,0.01,0.0,0.988,0.002,5,0,494,1
3500,7,0,7,0,500,0.23,0.068,0.408,0.294,115,34,204,147
3500,7,1,8,7,500,0.004,0.0,0.996,0.0,2,0,498,0
3500,7,3,10,0,500,0.0,0.0,1.0,0.0,0,0,500,0
3500,7,4,11,7,500,0.0,0.0,1.0,0.0,0,0,500,0
3500,7,7,14,7,500,0.176,0.022,0.662,0.14,88,11,331,70
3500,7,8,15,14,500,0.0,0.052,0.928,0.02,0,26,464,10
3500,7,9,16,0,500,0.0,0.0,1.0,0.0,0,0,500,0
3500,7,11,18,14,500,0.018,0.026,0.948,0.008,9,13,474,4
3500,7,13,20,7,500,0.0,0.0,1.0,0.0,0,0,500,0
3500,8,0,8,0,500,0.0,0.0,1.0,0.0,0,0,500,0
3500,8,1,9,8,500,0.018,0.008,0.964,0.01,9,4,482,5
3500,8,3,11,3,500,0.188,0.056,0.506,0.25,94,28,253,125
3500,8,5,13,19,500,0.0,0.0,1.0,0.0,0,0,500,0
3500,8,6,14,6,500,0.012,0.0,0.986,0.002,6,0,493,1
3500,8,7,15,14,500,0.034,0.044,0.886,0.036,17,22,443,18
3500,8,9,17,9,500,0.004,0.014,0.982,0.0,2,7,491,0
3500,8,11,19,4,500,0.0,0.0,1.0,0.0,0,0,500,0
3500,8,12,20,12,500,0.002,0.002,0.996,0.0,1,1,498,0
3500,9,4,13,15,500,0.014,0.304,0.474,0.208,7,152,237,104
3500,9,5,14,3,500,0.01,0.004,0.986,0.0,5,2,493,0
3500,9,6,15,12,500,0.022,0.01,0.952,0.016,11,5,476,8
3500,9,7,16,0,500,0.0,0.0,1.0,0.0,0,0,500,0
3500,9,8,17,9,500,0.002,0.008,0.99,0.0,1,4,495,0
3500,9,11,20,15,500,0.02,0.822,0.086,0.072,10,411,43,36
3500,10,0,10,0,500,0.0,0.0,1.0,0.0,0,0,500,0
3500,10,1,11,10,500,0.0,0.0,1.0,0.0,0,0,500,0
3500,10,2,12,20,500,0.016,0.002,0.978,0.004,8,1,489,2
3500,10,4,14,19,500,0.008,0.002,0.99,0.0,4,1,495,0
3500,10,5,15,8,500,0.004,0.05,0.908,0.038,2,25,454,19
3500,10,6,16,18,500,0.014,0.002,0.974,0.01,7,1,487,5
3500,10,7,17,7,500,0.0,0.002,0.998,0.0,0,1,499,0
3500,10,8,18,17,500,0.036,0.02,0.876,0.068,18,10,438,34
3500,10,9,19,6,500,0.0,0.0,1.0,0.0,0,0,500,0
3500,11,0,11,0,500,0.0,0.0,1.0,0.0,0,0,500,0
3500,11,1,12,11,500,0.004,0.0,0.996,0.0,2,0,498,0
3500,11,2,13,1,500,0.024,0.23,0.252,0.494,12,115,126,247
3500,11,6,17,3,500,0.062,0.002,0.934,0.002,31,1,467,1
3500,11,8,19,4,500,0.0,0.0,1.0,0.0,0,0,500,0
3500,11,9,20,15,500,0.06,0.658,0.132,0.15,30,329,66,75
3500,12,0,12,0,500,0.0,0.0,1.0,0.0,0,0,500,0
3500,12,1,13,12,500,0.0,0.0,1.0,0.0,0,0,500,0
3500,12,4,16,6,500,0.0,0.008,0.992,0.0,0,4,496,0
3500,12,5,17,18,500,0.084,0.016,0.842,0.058,42,8,421,29
3500,12,6,18,9,500,0.086,0.046,0.8,0.068,43,23,400,34
3500,12,8,20,12,500,0.004,0.002,0.994,0.0,2,1,497,0
3500,13,1,14,13,500,0.006,0.0,0.992,0.002,3,0,496,1
3500,13,3,16,18,500,0.02,0.002,0.97,0.008,10,1,485,4
3500,13,4,17,10,500,0.006,0.0,0.994,0.0,3,0,497,0
3500,13,5,18,2,500,0.002,0.0,0.998,0.0,1,0,499,0
3500,14,0,14,0,500,0.172,0.008,0.764,0.056,86,4,382,28
3500,14,1,15,14,500,0.002,0.02,0.968,0.01,1,10,484,5
3500,14,2,16,7,500,0.0,0.0,1.0,0.0,0,0,500,0
3500,14,3,17,0,500,0.0,0.002,0.998,0.0,0,1,499,0
3500,14,4,18,14,500,0.026,0.032,0.936,0.006,13,16,468,3
3500,14,5,19,7,500,0.014,0.034,0.92,0.032,7,17,460,16
3500,15,0,15,0,500,0.0,0.0,1.0,0.0,0,0,500,0
3500,15,2,17,9,500,0.158,0.004,0.828,0.01,79,2,414,5
3500,16,0,16,0,500,0.0,0.0,1.0,0.0,0,0,500,0
3500,16,2,18,11,500,0.0,0.002,0.996,0.002,0,1,498,1
3500,16,3,19,6,500,0.0,0.0,1.0,0.0,0,0,500,0
3500,17,0,17,0,500,0.0,0.0,1.0,0.0,0,0,500,0
3500,17,1,18,17,500,0.056,0.02,0.782,0.142,28,10,391,71
3500,17,2,19,13,500,0.0,0.0,1.0,0.0,0,0,500,0
3500,17,3,20,9,500,0.012,0.006,0.982,0.0,6,3,491,0
3500,18,0,18,0,500,0.0,0.0,1.0,0.0,0,0,500,0
3500,18,2,20,15,500,0.158,0.248,0.214,0.38,79,124,107,190
3500,19,0,19,0,500,0.0,0.0,1.0,0.0,0,0,500,0
3500,19,1,20,19,500,0.108,0.02,0.834,0.038,54,10,417,19
3500,20,0,20,0,500,0.0,0.0,1.0,0.0,0,0,500,0
4000,0,2,2,0,500,0.0,0.0,1.0,0.0,0,0,500,0
4000,0,5,5,0,500,0.0,0.0,1.0,0.0,0,0,500,0
4000,0,6,6,0,500,0.0,0.0,0.996,0.004,0,0,498,2
4000,0,7,7,0,500,0.468,0.042,0.234,0.256,234,21,117,128
4000,0,8,8,0,500,0.0,0.0,1.0,0.0,0,0,500,0
4000,0,10,10,0,500,0.0,0.0,1.0,0.0,0,0,500,0
4000,0,11,11,0,500,0.0,0.0,1.0,0.0,0,0,500,0
4000,0,14,14,0,500,0.156,0.016,0.814,0.014,78,8,407,7
4000,0,15,15,0,500,0.006,0.0,0.994,0.0,3,0,497,0
4000,0,16,16,0,500,0.0,0.0,1.0,0.0,0,0,500,0
4000,0,20,20,0,500,0.002,0.0,0.998,0.0,1,0,499,0
4000,1,0,1,0,500,0.0,0.0,1.0,0.0,0,0,500,0
4000,1,1,2,1,500,0.042,0.082,0.448,0.428,21,41,224,214
4000,1,3,4,3,500,0.144,0.13,0.422,0.304,72,65,211,152
4000,1,4,5,4,500,0.012,0.004,0.98,0.004,6,2,490,2
4000,1,5,6,5,500,0.014,0.006,0.772,0.208,7,3,386,104
4000,1,7,8,7,500,0.002,0.004,0.992,0.002,1,2,496,1
4000,1,8,9,8,500,0.004,0.006,0.978,0.012,2,3,489,6
4000,1,9,10,9,500,0.0,0.008,0.986,0.006,0,4,493,3
4000,1,11,12,11,500,0.032,0.016,0.896,0.056,16,8,448,28
4000,1,13,14,13,500,0.006,0.0,0.994,0.0,3,0,497,0
4000,1,14,15,14,500,0.006,0.066,0.826,0.102,3,33,413,51
4000,1,18,19,18,500,0.158,0.052,0.7,0.09,79,26,350,45
4000,1,19,20,19,500,0.122,0.02,0.806,0.052,61,10,403,26
4000,2,3,5,6,500,0.058,0.034,0.746,0.162,29,17,373,81
4000,2,8,10,16,500,0.114,0.048,0.432,0.406,57,24,216,203
4000,2,10,12,20,500,0.0,0.0,1.0,0.0,0,0,500,0
4000,2,11,13,1,500,0.034,0.28,0.252,0.434,17,140,126,217
4000,2,12,14,3,500,0.002,0.0,0.998,0.0,1,0,499,0
4000,2,14,16,7,500,0.0,0.0,1.0,0.0,0,0,500,0
4000,2,15,17,9,500,0.138,0.026,0.796,0.04,69,13,398,20
4000,2,18,20,15,500,0.108,0.38,0.216,0.296,54,190,108,148
4000,3,0,3,0,500,0.004,0.004,0.992,0.0,2,2,496,0
4000,3,2,5,6,500,0.034,0.024,0.778,0.164,17,12,389,82
4000,3,4,7,12,500,0.264,0.06,0.594,0.082,132,30,297,41
4000,3,5,8,15,500,0.002,0.098,0.834,0.066,1,49,417,33
4000,3,6,9,18,500,0.1,0.062,0.72,0.118,50,31,360,59
4000,3,7,10,0,500,0.0,0.0,1.0,0.0,0,0,500,0
4000,3,8,11,3,500,0.004,0.044,0.942,0.01,2,22,471,5
4000,3,9,12,6,500,0.006,0.01,0.982,0.002,3,5,491,1
4000,3,10,13,9,500,0.0,0.0,1.0,0.0,0,0,500,0
4000,3,13,16,18,500,0.022,0.002,0.962,0.014,11,1,481,7
4000,3,14,17,0,500,0.002,0.002,0.996,0.0,1,1,498,0
4000,3,15,18,3,500,0.764,0.034,0.14,0.062,382,17,70,31
4000,3,16,19,6,500,0.0,0.0,1.0,0.0,0,0,500,0
4000,3,17,20,9,500,0.004,0.006,0.99,0.0,2,3,495,0
4000,4,0,4,0,500,0.0,0.0,1.0,0.0,0,0,500,0
4000,4,2,6,8,500,0.044,0.012,0.938,0.006,22,6,469,3
4000,4,5,9,20,500,0.002,0.016,0.982,0.0,1,8,491,0
4000,4,6,10,3,500,0.14,0.142,0.586,0.132,70,71,293,66
4000,4,7,11,7,500,0.0,0.0,1.0,0.0,0,0,500,0
4000,4,8,12,11,500,0.024,0.006,0.966,0.004,12,3,483,2
4000,4,9,13,15,500,0.016,0.376,0.374,0.234,8,188,187,117
4000,4,10,14,19,500,0.016,0.0,0.984,0.0,8,0,492,0
4000,4,11,15,2,500,0.012,0.008,0.97,0.01,6,4,485,5
4000,4,12,16,6,500,0.006,0.002,0.992,0.0,3,1,496,0
4000,4,13,17,10,500,0.006,0.002,0.988,0.004,3,1,494,2
4000,4,14,18,14,500,0.026,0.036,0.932,0.006,13,18,466,3
4000,4,16,20,1,500,0.0,0.0,1.0,0.0,0,0,500,0
4000,5,0,5,0,500,0.0,0.0,1.0,0.0,0,0,500,0
4000,5,2,7,10,500,0.0,0.0,1.0,0.0,0,0,500,0
4000,5,3,8,15,500,0.002,0.11,0.828,0.06,1,55,414,30
4000,5,4,9,20,500,0.0,0.002,0.998,0.0,0,1,499,0
4000,5,5,10,4,500,0.034,0.02,0.922,0.024,17,10,461,12
4000,5,7,12,14,500,0.036,0.03,0.924,0.01,18,15,462,5
4000,5,9,14,3,500,0.01,0.004,0.986,0.0,5,2,493,0
4000,5,10,15,8,500,0.008,0.058,0.914,0.02,4,29,457,10
4000,5,11,16,13,500,0.002,0.0,0.992,0.006,1,0,496,3
4000,5,12,17,18,500,0.066,0.02,0.892,0.022,33,10,446,11
4000,5,14,19,7,500,0.002,0.048,0.932,0.018,1,24,466,9
4000,5,15,20,12,500,0.028,0.002,0.964,0.006,14,1,482,3
4000,6,1,7,6,500,0.006,0.0,0.994,0.0,3,0,497,0
4000,6,2,8,12,500,0.104,0.006,0.88,0.01,52,3,440,5
4000,6,6,12,15,500,0.024,0.002,0.968,0.006,12,1,484,3
4000,6,8,14,6,500,0.024,0.012,0.956,0.008,12,6,478,4
4000,6,9,15,12,500,0.024,0.012,0.944,0.02,12,6,472,10
4000,6,12,18,9,500,0.08,0.054,0.746,0.12,40,27,373,60
4000,6,13,19,15,500,0.004,0.002,0.994,0.0,2,1,497,0
4000,7,0,7,0,500,0.404,0.046,0.292,0.258,202,23,146,129
4000,7,1,8,7,500,0.0,0.0,1.0,0.0,0,0,500,0
4000,7,3,10,0,500,0.0,0.0,1.0,0.0,0,0,500,0
4000,7,4,11,7,500,0.0,0.0,1.0,0.0,0,0,500,0
4000,7,7,14,7,500,0.164,0.034,0.692,0.11,82,17,346,55
4000,7,8,15,14,500,0.002,0.05,0.91,0.038,1,25,455,19
4000,7,9,16,0,500,0.0,0.0,1.0,0.0,0,0,500,0
4000,7,11,18,14,500,0.006,0.036,0.948,0.01,3,18,474,5
4000,7,13,20,7,500,0.002,0.0,0.998,0.0,1,0,499,0
4000,8,0,8,0,500,0.0,0.0,1.0,0.0,0,0,500,0
4000,8,1,9,8,500,0.01,0.0,0.974,0.016,5,0,487,8
4000,8,3,11,3,500,0.054,0.024,0.84,0.082,27,12,420,41
4000,8,5,13,19,500,0.0,0.002,0.998,0.0,0,1,499,0
4000,8,6,14,6,500,0.008,0.006,0.978,0.008,4,3,489,4
4000,8,7,15,14,500,0.014,0.064,0.876,0.046,7,32,438,23
4000,8,9,17,9,500,0.012,0.02,0.964,0.004,6,10,482,2
4000,8,11,19,4,500,0.0,0.0,1.0,0.0,0,0,500,0
4000,8,12,20,12,500,0.0,0.0,0.998,0.002,0,0,499,1
4000,9,4,13,15,500,0.022,0.34,0.464,0.174,11,170,232,87
4000,9,5,14,3,500,0.006,0.014,0.98,0.0,3,7,490,0
4000,9,6,15,12,500,0.0,0.008,0.98,0.012,0,4,490,6
4000,9,7,16,0,500,0.0,0.0,1.0,0.0,0,0,500,0
4000,9,8,17,9,500,0.006,0.016,0.978,0.0,3,8,489,0
4000,9,11,20,15,500,0.012,0.79,0.096,0.102,6,395,48,51
4000,10,0,10,0,500,0.0,0.0,1.0,0.0,0,0,500,0
4000,10,1,11,10,500,0.008,0.0,0.992,0.0,4,0,496,0
4000,10,2,12,20,500,0.006,0.004,0.99,0.0,3,2,495,0
4000,10,4,14,19,500,0.028,0.008,0.964,0.0,14,4,482,0
4000,10,5,15,8,500,0.002,0.026,0.956,0.016,1,13,478,8
4000,10,6,16,18,500,0.016,0.002,0.97,0.012,8,1,485,6
4000,10,7,17,7,500,0.0,0.0,1.0,0.0,0,0,500,0
4000,10,8,18,17,500,0.058,0.006,0.876,0.06,29,3,438,30
4000,10,9,19,6,500,0.0,0.0,1.0,0.0,0,0,500,0
4000,11,0,11,0,500,0.0,0.0,1.0,0.0,0,0,500,0
4000,11,1,12,11,500,0.01,0.006,0.972,0.012,5,3,486,6
4000,11,2,13,1,500,0.014,0.382,0.226,0.378,7,191,113,189
4000,11,6,17,3,500,0.024,0.004,0.972,0.0,12,2,486,0
4000,11,8,19,4,500,0.0,0.0,1.0,0.0,0,0,500,0
4000,11,9,20,15,500,0.082,0.402,0.222,0.294,41,201,111,147
4000,12,0,12,0,500,0.0,0.0,1.0,0.0,0,0,500,0
4000,12,1,13,12,500,0.004,0.002,0.994,0.0,2,1,497,0
4000,12,4,16,6,500,0.002,0.004,0.992,0.002,1,2,496,1
4000,12,5,17,18,500,0.06,0.008,0.902,0.03,30,4,451,15
4000,12,6,18,9,500,0.136,0.068,0.668,0.128,68,34,334,64
4000,12,8,20,12,500,0.002,0.002,0.994,0.002,1,1,497,1
4000,13,1,14,13,500,0.002,0.0,0.998,0.0,1,0,499,0
4000,13,3,16,18,500,0.022,0.0,0.958,0.02,11,0,479,10
4000,13,4,17,10,500,0.016,0.0,0.984,0.0,8,0,492,0
4000,13,5,18,2,500,0.002,0.004,0.994,0.0,1,2,497,0
4000,14,0,14,0,500,0.174,0.018,0.78,0.028,87,9,390,14
4000,14,1,15,14,500,0.018,0.038,0.868,0.076,9,19,434,38
4000,14,2,16,7,500,0.0,0.0,1.0,0.0,0,0,500,0
4000,14,3,17,0,500,0.002,0.0,0.998,0.0,1,0,499,0
4000,14,4,18,14,500,0.008,0.032,0.95,0.01,4,16,475,5
4000,14,5,19,7,500,0.01,0.046,0.934,0.01,5,23,467,5
4000,15,0,15,0,500,0.002,0.0,0.998,0.0,1,0,499,0
4000,15,2,17,9,500,0.1,0.02,0.856,0.024,50,10,428,12
4000,16,0,16,0,500,0.0,0.0,1.0,0.0,0,0,500,0
4000,16,2,18,11,500,0.0,0.0,1.0,0.0,0,0,500,0
4000,16,3,19,6,500,0.0,0.0,1.0,0.0,0,0,500,0
4000,17,0,17,0,500,0.0,0.0,1.0,0.0,0,0,500,0
4000,17,1,18,17,500,0.09,0.01,0.844,0.056,45,5,422,28
4000,17,2,19,13,500,0.002,0.0,0.998,0.0,1,0,499,0
4000,17,3,20,9,500,0.002,0.006,0.992,0.0,1,3,496,0
4000,18,0,18,0,500,0.0,0.0,1.0,0.0,0,0,500,0
4000,18,2,20,15,500,0.124,0.316,0.226,0.334,62,158,113,167
4000,19,0,19,0,500,0.0,0.0,1.0,0.0,0,0,500,0
4000,19,1,20,19,500,0.074,0.034,0.818,0.074,37,17,409,37
4000,20,0,20,0,500,0.0,0.0,1.0,0.0,0,0,500,0
4500,0,2,2,0,500,0.0,0.0,1.0,0.0,0,0,500,0
4500,0,5,5,0,500,0.0,0.0,1.0,0.0,0,0,500,0
4500,0,6,6,0,500,0.0,0.0,0.998,0.002,0,0,499,1
4500,0,7,7,0,500,0.276,0.038,0.38,0.306,138,19,190,153
4500,0,8,8,0,500,0.0,0.0,1.0,0.0,0,0,500,0
4500,0,10,10,0,500,0.0,0.0,1.0,0.0,0,0,500,0
4500,0,11,11,0,500,0.0,0.0,1.0,0.0,0,0,500,0
4500,0,14,14,0,500,0.206,0.014,0.744,0.036,103,7,372,18
4500,0,15,15,0,500,0.002,0.0,0.998,0.0,1,0,499,0
4500,0,16,16,0,500,0.0,0.0,1.0,0.0,0,0,500,0
4500,0,20,20,0,500,0.0,0.0,1.0,0.0,0,0,500,0
4500,1,0,1,0,500,0.0,0.0,1.0,0.0,0,0,500,0
4500,1,1,2,1,500,0.07,0.12,0.438,0.372,35,60,219,186
4500,1,3,4,3,500,0.194,0.06,0.394,0.352,97,30,197,176
4500,1,4,5,4,500,0.024,0.004,0.97,0.002,12,2,485,1
4500,1,5,6,5,500,0.014,0.032,0.626,0.328,7,16,313,164
4500,1,7,8,7,500,0.002,0.0,0.998,0.0,1,0,499,0
4500,1,8,9,8,500,0.006,0.008,0.97,0.016,3,4,485,8
4500,1,9,10,9,500,0.004,0.008,0.984,0.004,2,4,492,2
4500,1,11,12,11,500,0.004,0.0,0.994,0.002,2,0,497,1
4500,1,13,14,13,500,0.008,0.0,0.992,0.0,4,0,496,0
4500,1,14,15,14,500,0.01,0.068,0.82,0.102,5,34,410,51
4500,1,18,19,18,500,0.212,0.058,0.534,0.196,106,29,267,98
4500,1,19,20,19,500,0.092,0.034,0.786,0.088,46,17,393,44
4500,2,3,5,6,500,0.026,0.062,0.614,0.298,13,31,307,149
4500,2,8,10,16,500,0.1,0.052,0.436,0.412,50,26,218,206
4500,2,10,12,20,500,0.0,0.0,1.0,0.0,0,0,500,0
4500,2,11,13,1,500,0.076,0.2,0.24,0.484,38,100,120,242
4500,2,12,14,3,500,0.006,0.004,0.99,0.0,3,2,495,0
4500,2,14,16,7,500,0.0,0.0,1.0,0.0,0,0,500,0
4500,2,15,17,9,500,0.12,0.01,0.856,0.014,60,5,428,7
4500,2,18,20,15,500,0.068,0.37,0.198,0.364,34,185,99,182
4500,3,0,3,0,500,0.002,0.0,0.998,0.0,1,0,499,0
4500,3,2,5,6,500,0.022,0.064,0.666,0.248,11,32,333,124
4500,3,4,7,12,500,0.192,0.076,0.664,0.068,96,38,332,34
4500,3,5,8,15,500,0.008,0.04,0.938,0.014,4,20,469,7
4500,3,6,9,18,500,0.18,0.032,0.706,0.082,90,16,353,41
4500,3,7,10,0,500,0.0,0.0,1.0,0.0,0,0,500,0
4500,3,8,11,3,500,0.026,0.036,0.924,0.014,13,18,462,7
4500,3,9,12,6,500,0.002,0.01,0.984,0.004,1,5,492,2
4500,3,10,13,9,500,0.0,0.002,0.998,0.0,0,1,499,0
4500,3,13,16,18,500,0.016,0.004,0.972,0.008,8,2,486,4
4500,3,14,17,0,500,0.0,0.0,1.0,0.0,0,0,500,0
4500,3,15,18,3,500,0.678,0.034,0.176,0.112,339,17,88,56
4500,3,16,19,6,500,0.0,0.0,1.0,0.0,0,0,500,0
4500,3,17,20,9,500,0.002,0.002,0.996,0.0,1,1,498,0
4500,4,0,4,0,500,0.0,0.0,1.0,0.0,0,0,500,0
4500,4,2,6,8,500,0.072,0.034,0.854,0.04,36,17,427,20
4500,4,5,9,20,500,0.0,0.006,0.994,0.0,0,3,497,0
4500,4,6,10,3,500,0.114,0.156,0.604,0.126,57,78,302,63
4500,4,7,11,7,500,0.0,0.0,1.0,0.0,0,0,500,0
4500,4,8,12,11,500,0.008,0.008,0.984,0.0,4,4,492,0
4500,4,9,13,15,500,0.016,0.338,0.39,0.256,8,169,195,128
4500,4,10,14,19,500,0.02,0.006,0.974,0.0,10,3,487,0
4500,4,11,15,2,500,0.004,0.01,0.966,0.02,2,5,483,10
4500,4,12,16,6,500,0.0,0.004,0.992,0.004,0,2,496,2
4500,4,13,17,10,500,0.008,0.002,0.99,0.0,4,1,495,0
4500,4,14,18,14,500,0.026,0.036,0.932,0.006,13,18,466,3
4500,4,16,20,1,500,0.0,0.0,1.0,0.0,0,0,500,0
4500,5,0,5,0,500,0.0,0.0,1.0,0.0,0,0,500,0
4500,5,2,7,10,500,0.0,0.002,0.998,0.0,0,1,499,0
4500,5,3,8,15,500,0.002,0.036,0.948,0.014,1,18,474,7
4500,5,4,9,20,500,0.0,0.002,0.998,0.0,0,1,499,0
4500,5,5,10,4,500,0.014,0.028,0.954,0.004,7,14,477,2
4500,5,7,12,14,500,0.006,0.038,0.954,0.002,3,19,477,1
4500,5,9,14,3,500,0.004,0.008,0.988,0.0,2,4,494,0
4500,5,10,15,8,500,0.0,0.032,0.964,0.004,0,16,482,2
4500,5,11,16,13,500,0.008,0.0,0.992,0.0,4,0,496,0
4500,5,12,17,18,500,0.116,0.024,0.842,0.018,58,12,421,9
4500,5,14,19,7,500,0.012,0.062,0.856,0.07,6,31,428,35
4500,5,15,20,12,500,0.022,0.008,0.97,0.0,11,4,485,0
4500,6,1,7,6,500,0.004,0.002,0.994,0.0,2,1,497,0
4500,6,2,8,12,500,0.098,0.002,0.878,0.022,49,1,439,11
4500,6,6,12,15,500,0.018,0.004,0.968,0.01,9,2,484,5
4500,6,8,14,6,500,0.02,0.012,0.948,0.02,10,6,474,10
4500,6,9,15,12,500,0.016,0.022,0.944,0.018,8,11,472,9
4500,6,12,18,9,500,0.166,0.022,0.716,0.096,83,11,358,48
4500,6,13,19,15,500,0.012,0.008,0.98,0.0,6,4,490,0
4500,7,0,7,0,500,0.292,0.028,0.392,0.288,146,14,196,144
4500,7,1,8,7,500,0.0,0.0,1.0,0.0,0,0,500,0
4500,7,3,10,0,500,0.0,0.0,1.0,0.0,0,0,500,0
4500,7,4,11,7,500,0.0,0.0,1.0,0.0,0,0,500,0
4500,7,7,14,7,500,0.296,0.01,0.638,0.056,148,5,319,28
4500,7,8,15,14,500,0.0,0.038,0.95,0.012,0,19,475,6
4500,7,9,16,0,500,0.0,0.0,1.0,0.0,0,0,500,0
4500,7,11,18,14,500,0.01,0.02,0.962,0.008,5,10,481,4
4500,7,13,20,7,500,0.0,0.0,1.0,0.0,0,0,500,0
4500,8,0,8,0,500,0.002,0.0,0.998,0.0,1,0,499,0
4500,8,1,9,8,500,0.004,0.002,0.992,0.002,2,1,496,1
4500,8,3,11,3,500,0.006,0.02,0.972,0.002,3,10,486,1
4500,8,5,13,19,500,0.0,0.0,1.0,0.0,0,0,500,0
4500,8,6,14,6,500,0.016,0.008,0.974,0.002,8,4,487,1
4500,8,7,15,14,500,0.0,0.042,0.934,0.024,0,21,467,12
4500,8,9,17,9,500,0.012,0.004,0.984,0.0,6,2,492,0
4500,8,11,19,4,500,0.0,0.002,0.998,0.0,0,1,499,0
4500,8,12,20,12,500,0.0,0.002,0.998,0.0,0,1,499,0
4500,9,4,13,15,500,0.022,0.228,0.484,0.266,11,114,242,133
4500,9,5,14,3,500,0.01,0.008,0.982,0.0,5,4,491,0
4500,9,6,15,12,500,0.014,0.006,0.972,0.008,7,3,486,4
4500,9,7,16,0,500,0.0,0.0,1.0,0.0,0,0,500,0
4500,9,8,17,9,500,0.008,0.016,0.976,0.0,4,8,488,0
4500,9,11,20,15,500,0.026,0.772,0.1,0.102,13,386,50,51
4500,10,0,10,0,500,0.0,0.0,1.0,0.0,0,0,500,0
4500,10,1,11,10,500,0.006,0.0,0.994,0.0,3,0,497,0
4500,10,2,12,20,500,0.008,0.004,0.988,0.0,4,2,494,0
4500,10,4,14,19,500,0.024,0.016,0.956,0.004,12,8,478,2
4500,10,5,15,8,500,0.0,0.012,0.982,0.006,0,6,491,3
4500,10,6,16,18,500,0.024,0.006,0.964,0.006,12,3,482,3
4500,10,7,17,7,500,0.0,0.0,1.0,0.0,0,0,500,0
4500,10,8,18,17,500,0.054,0.002,0.922,0.022,27,1,461,11
4500,10,9,19,6,500,0.0,0.0,1.0,0.0,0,0,500,0
4500,11,0,11,0,500,0.0,0.0,1.0,0.0,0,0,500,0
4500,11,1,12,11,500,0.004,0.0,0.996,0.0,2,0,498,0
4500,11,2,13,1,500,0.026,0.372,0.226,0.376,13,186,113,188
4500,11,6,17,3,500,0.006,0.006,0.988,0.0,3,3,494,0
4500,11,8,19,4,500,0.0,0.0,1.0,0.0,0,0,500,0
4500,11,9,20,15,500,0.072,0.57,0.124,0.234,36,285,62,117
4500,12,0,12,0,500,0.002,0.0,0.998,0.0,1,0,499,0
4500,12,1,13,12,500,0.002,0.004,0.99,0.004,1,2,495,2
4500,12,4,16,6,500,0.0,0.002,0.998,0.0,0,1,499,0
4500,12,5,17,18,500,0.06,0.018,0.904,0.018,30,9,452,9
4500,12,6,18,9,500,0.166,0.024,0.686,0.124,83,12,343,62
4500,12,8,20,12,500,0.0,0.002,0.998,0.0,0,1,499,0
4500,13,1,14,13,500,0.006,0.0,0.994,0.0,3,0,497,0
4500,13,3,16,18,500,0.042,0.012,0.922,0.024,21,6,461,12
4500,13,4,17,10,500,0.006,0.0,0.994,0.0,3,0,497,0
4500,13,5,18,2,500,0.0,0.002,0.998,0.0,0,1,499,0
4500,14,0,14,0,500,0.2,0.008,0.768,0.024,100,4,384,12
4500,14,1,15,14,500,0.01,0.034,0.862,0.094,5,17,431,47
4500,14,2,16,7,500,0.0,0.0,1.0,0.0,0,0,500,0
4500,14,3,17,0,500,0.002,0.004,0.994,0.0,1,2,497,0
4500,14,4,18,14,500,0.02,0.036,0.938,0.006,10,18,469,3
4500,14,5,19,7,500,0.046,0.06,0.82,0.074,23,30,410,37
4500,15,0,15,0,500,0.0,0.0,1.0,0.0,0,0,500,0
4500,15,2,17,9,500,0.048,0.014,0.93,0.008,24,7,465,4
4500,16,0,16,0,500,0.0,0.0,1.0,0.0,0,0,500,0
4500,16,2,18,11,500,0.002,0.0,0.998,0.0,1,0,499,0
4500,16,3,19,6,500,0.002,0.0,0.998,0.0,1,0,499,0
4500,17,0,17,0,500,0.0,0.0,1.0,0.0,0,0,500,0
4500,17,1,18,17,500,0.122,0.004,0.832,0.042,61,2,416,21
4500,17,2,19,13,500,0.0,0.002,0.998,0.0,0,1,499,0
4500,17,3,20,9,500,0.002,0.014,0.984,0.0,1,7,492,0
4500,18,0,18,0,500,0.0,0.0,1.0,0.0,0,0,500,0
4500,18,2,20,15,500,0.09,0.308,0.188,0.414,45,154,94,207
4500,19,0,19,0,500,0.0,0.0,1.0,0.0,0,0,500,0
4500,19,1,20,19,500,0.054,0.06,0.814,0.072,27,30,407,36
4500,20,0,20,0,500,0.0,0.0,1.0,0.0,0,0,500,0
5000,0,2,2,0,500,0.0,0.0,1.0,0.0,0,0,500,0
5000,0,5,5,0,500,0.0,0.0,1.0,0.0,0,0,500,0
5000,0,6,6,0,500,0.0,0.002,0.994,0.004,0,1,497,2
5000,0,7,7,0,500,0.364,0.048,0.236,0.352,182,24,118,176
5000,0,8,8,0,500,0.0,0.0,1.0,0.0,0,0,500,0
5000,0,10,10,0,500,0.0,0.0,1.0,0.0,0,0,500,0
5000,0,11,11,0,500,0.0,0.0,1.0,0.0,0,0,500,0
5000,0,14,14,0,500,0.252,0.024,0.694,0.03,126,12,347,15
5000,0,15,15,0,500,0.0,0.0,1.0,0.0,0,0,500,0
5000,0,16,16,0,500,0.0,0.0,1.0,0.0,0,0,500,0
5000,0,20,20,0,500,0.0,0.0,1.0,0.0,0,0,500,0
5000,1,0,1,0,500,0.0,0.0,1.0,0.0,0,0,500,0
5000,1,1,2,1,500,0.03,0.164,0.468,0.338,15,82,234,169
5000,1,3,4,3,500,0.19,0.12,0.404,0.286,95,60,202,143
5000,1,4,5,4,500,0.008,0.0,0.992,0.0,4,0,496,0
5000,1,5,6,5,500,0.028,0.026,0.458,0.488,14,13,229,244
5000,1,7,8,7,500,0.004,0.0,0.996,0.0,2,0,498,0
5000,1,8,9,8,500,0.002,0.0,0.994,0.004,1,0,497,2
5000,1,9,10,9,500,0.002,0.006,0.986,0.006,1,3,493,3
5000,1,11,12,11,500,0.004,0.002,0.994,0.0,2,1,497,0
5000,1,13,14,13,500,0.004,0.0,0.996,0.0,2,0,498,0
5000,1,14,15,14,500,0.022,0.052,0.656,0.27,11,26,328,135
5000,1,18,19,18,500,0.204,0.048,0.612,0.136,102,24,306,68
5000,1,19,20,19,500,0.174,0.018,0.762,0.046,87,9,381,23
5000,2,3,5,6,500,0.014,0.06,0.62,0.306,7,30,310,153
5000,2,8,10,16,500,0.056,0.022,0.528,0.394,28,11,264,197
5000,2,10,12,20,500,0.0,0.002,0.998,0.0,0,1,499,0
5000,2,11,13,1,500,0.104,0.166,0.164,0.566,52,83,82,283
5000,2,12,14,3,500,0.012,0.008,0.98,0.0,6,4,490,0
5000,2,14,16,7,500,0.0,0.0,1.0,0.0,0,0,500,0
5000,2,15,17,9,500,0.096,0.006,0.884,0.014,48,3,442,7
5000,2,18,20,15,500,0.094,0.324,0.236,0.346,47,162,118,173
5000,3,0,3,0,500,0.0,0.0,1.0,0.0,0,0,500,0
5000,3,2,5,6,500,0.026,0.058,0.574,0.342,13,29,287,171
5000,3,4,7,12,500,0.238,0.072,0.59,0.1,119,36,295,50
5000,3,5,8,15,500,0.006,0.05,0.926,0.018,3,25,463,9
5000,3,6,9,18,500,0.168,0.046,0.652,0.134,84,23,326,67
5000,3,7,10,0,500,0.0,0.0,1.0,0.0,0,0,500,0
5000,3,8,11,3,500,0.008,0.016,0.97,0.006,4,8,485,3
5000,3,9,12,6,500,0.002,0.016,0.98,0.002,1,8,490,1
5000,3,10,13,9,500,0.0,0.0,1.0,0.0,0,0,500,0
5000,3,13,16,18,500,0.022,0.004,0.96,0.014,11,2,480,7
5000,3,14,17,0,500,0.0,0.0,1.0,0.0,0,0,500,0
5000,3,15,18,3,500,0.642,0.044,0.192,0.122,321,22,96,61
5000,3,16,19,6,500,0.0,0.002,0.998,0.0,0,1,499,0
5000,3,17,20,9,500,0.0,0.01,0.99,0.0,0,5,495,0
5000,4,0,4,0,500,0.0,0.0,1.0,0.0,0,0,500,0
5000,4,2,6,8,500,0.094,0.01,0.882,0.014,47,5,441,7
5000,4,5,9,20,500,0.002,0.0,0.998,0.0,1,0,499,0
5000,4,6,10,3,500,0.108,0.14,0.622,0.13,54,70,311,65
5000,4,7,11,7,500,0.0,0.0,1.0,0.0,0,0,500,0
5000,4,8,12,11,500,0.002,0.0,0.994,0.004,1,0,497,2
5000,4,9,13,15,500,0.004,0.308,0.382,0.306,2,154,191,153
5000,4,10,14,19,500,0.008,0.002,0.99,0.0,4,1,495,0
5000,4,11,15,2,500,0.0,0.0,0.98,0.02,0,0,490,10
5000,4,12,16,6,500,0.002,0.0,0.998,0.0,1,0,499,0
5000,4,13,17,10,500,0.004,0.0,0.996,0.0,2,0,498,0
5000,4,14,18,14,500,0.01,0.012,0.974,0.004,5,6,487,2
5000,4,16,20,1,500,0.0,0.0,1.0,0.0,0,0,500,0
5000,5,0,5,0,500,0.0,0.0,1.0,0.0,0,0,500,0
5000,5,2,7,10,500,0.0,0.0,1.0,0.0,0,0,500,0
5000,5,3,8,15,500,0.002,0.036,0.942,0.02,1,18,471,10
5000,5,4,9,20,500,0.0,0.004,0.996,0.0,0,2,498,0
5000,5,5,10,4,500,0.026,0.02,0.946,0.008,13,10,473,4
5000,5,7,12,14,500,0.004,0.028,0.966,0.002,2,14,483,1
5000,5,9,14,3,500,0.016,0.004,0.98,0.0,8,2,490,0
5000,5,10,15,8,500,0.004,0.02,0.972,0.004,2,10,486,2
5000,5,11,16,13,500,0.008,0.014,0.972,0.006,4,7,486,3
5000,5,12,17,18,500,0.072,0.016,0.894,0.018,36,8,447,9
5000,5,14,19,7,500,0.012,0.08,0.872,0.036,6,40,436,18
5000,5,15,20,12,500,0.014,0.018,0.968,0.0,7,9,484,0
5000,6,1,7,6,500,0.012,0.004,0.982,0.002,6,2,491,1
5000,6,2,8,12,500,0.118,0.016,0.814,0.052,59,8,407,26
5000,6,6,12,15,500,0.006,0.006,0.976,0.012,3,3,488,6
5000,6,8,14,6,500,0.02,0.004,0.97,0.006,10,2,485,3
5000,6,9,15,12,500,0.012,0.01,0.946,0.032,6,5,473,16
5000,6,12,18,9,500,0.116,0.018,0.814,0.052,58,9,407,26
5000,6,13,19,15,500,0.006,0.004,0.99,0.0,3,2,495,0
5000,7,0,7,0,500,0.262,0.046,0.322,0.37,131,23,161,185
5000,7,1,8,7,500,0.0,0.0,1.0,0.0,0,0,500,0
5000,7,3,10,0,500,0.002,0.0,0.998,0.0,1,0,499,0
5000,7,4,11,7,500,0.0,0.0,1.0,0.0,0,0,500,0
5000,7,7,14,7,500,0.178,0.026,0.706,0.09,89,13,353,45
5000,7,8,15,14,500,0.008,0.04,0.914,0.038,4,20,457,19
5000,7,9,16,0,500,0.0,0.0,1.0,0.0,0,0,500,0
5000,7,11,18,14,500,0.01,0.028,0.96,0.002,5,14,480,1
5000,7,13,20,7,500,0.0,0.0,1.0,0.0,0,0,500,0
5000,8,0,8,0,500,0.0,0.0,1.0,0.0,0,0,500,0
5000,8,1,9,8,500,0.024,0.006,0.964,0.006,12,3,482,3
5000,8,3,11,3,500,0.01,0.02,0.964,0.006,5,10,482,3
5000,8,5,13,19,500,0.0,0.0,1.0,0.0,0,0,500,0
5000,8,6,14,6,500,0.01,0.002,0.984,0.004,5,1,492,2
5000,8,7,15,14,500,0.022,0.034,0.932,0.012,11,17,466,6
5000,8,9,17,9,500,0.008,0.01,0.982,0.0,4,5,491,0
5000,8,11,19,4,500,0.0,0.0,1.0,0.0,0,0,500,0
5000,8,12,20,12,500,0.0,0.002,0.998,0.0,0,1,499,0
5000,9,4,13,15,500,0.016,0.352,0.422,0.21,8,176,211,105
5000,9,5,14,3,500,0.002,0.008,0.99,0.0,1,4,495,0
5000,9,6,15,12,500,0.018,0.02,0.924,0.038,9,10,462,19
5000,9,7,16,0,500,0.0,0.0,1.0,0.0,0,0,500,0
5000,9,8,17,9,500,0.006,0.02,0.974,0.0,3,10,487,0
5000,9,11,20,15,500,0.018,0.862,0.052,0.068,9,431,26,34
5000,10,0,10,0,500,0.0,0.0,1.0,0.0,0,0,500,0
5000,10,1,11,10,500,0.002,0.0,0.998,0.0,1,0,499,0
5000,10,2,12,20,500,0.006,0.004,0.984,0.006,3,2,492,3
5000,10,4,14,19,500,0.022,0.008,0.97,0.0,11,4,485,0
5000,10,5,15,8,500,0.002,0.016,0.972,0.01,1,8,486,5
5000,10,6,16,18,500,0.024,0.004,0.956,0.016,12,2,478,8
5000,10,7,17,7,500,0.0,0.0,1.0,0.0,0,0,500,0
5000,10,8,18,17,500,0.05,0.002,0.922,0.026,25,1,461,13
5000,10,9,19,6,500,0.0,0.0,1.0,0.0,0,0,500,0
5000,11,0,11,0,500,0.0,0.0,1.0,0.0,0,0,500,0
5000,11,1,12,11,500,0.002,0.002,0.996,0.0,1,1,498,0
5000,11,2,13,1,500,0.04,0.252,0.28,0.428,20,126,140,214
5000,11,6,17,3,500,0.01,0.0,0.982,0.008,5,0,491,4
5000,11,8,19,4,500,0.0,0.0,1.0,0.0,0,0,500,0
5000,11,9,20,15,500,0.056,0.58,0.13,0.234,28,290,65,117
5000,12,0,12,0,500,0.0,0.0,1.0,0.0,0,0,500,0
5000,12,1,13,12,500,0.008,0.006,0.986,0.0,4,3,493,0
5000,12,4,16,6,500,0.0,0.006,0.994,0.0,0,3,497,0
5000,12,5,17,18,500,0.088,0.006,0.88,0.026,44,3,440,13
5000,12,6,18,9,500,0.212,0.01,0.71,0.068,106,5,355,34
5000,12,8,20,12,500,0.002,0.002,0.996,0.0,1,1,498,0
5000,13,1,14,13,500,0.008,0.0,0.99,0.002,4,0,495,1
5000,13,3,16,18,500,0.026,0.002,0.956,0.016,13,1,478,8
5000,13,4,17,10,500,0.004,0.0,0.996,0.0,2,0,498,0
5000,13,5,18,2,500,0.004,0.0,0.996,0.0,2,0,498,0
5000,14,0,14,0,500,0.154,0.018,0.806,0.022,77,9,403,11
5000,14,1,15,14,500,0.024,0.028,0.762,0.186,12,14,381,93
5000,14,2,16,7,500,0.0,0.0,1.0,0.0,0,0,500,0
5000,14,3,17,0,500,0.0,0.0,1.0,0.0,0,0,500,0
5000,14,4,18,14,500,0.036,0.024,0.936,0.004,18,12,468,2
5000,14,5,19,7,500,0.024,0.06,0.866,0.05,12,30,433,25
5000,15,0,15,0,500,0.0,0.0,1.0,0.0,0,0,500,0
5000,15,2,17,9,500,0.062,0.004,0.922,0.012,31,2,461,6
5000,16,0,16,0,500,0.0,0.0,1.0,0.0,0,0,500,0
5000,16,2,18,11,500,0.0,0.0,1.0,0.0,0,0,500,0
5000,16,3,19,6,500,0.0,0.0,1.0,0.0,0,0,500,0
5000,17,0,17,0,500,0.0,0.0,1.0,0.0,0,0,500,0
5000,17,1,18,17,500,0.218,0.002,0.706,0.074,109,1,353,37
5000,17,2,19,13,500,0.0,0.004,0.996,0.0,0,2,498,0
5000,17,3,20,9,500,0.008,0.006,0.986,0.0,4,3,493,0
5000,18,0,18,0,500,0.0,0.0,1.0,0.0,0,0,500,0
5000,18,2,20,15,500,0.084,0.256,0.276,0.384,42,128,138,192
5000,19,0,19,0,500,0.0,0.0,1.0,0.0,0,0,500,0
5000,19,1,20,19,500,0.098,0.022,0.85,0.03,49,11,425,15
5000,20,0,20,0,500,0.0,0.0,1.0,0.0,0,0,500,0
5500,0,2,2,0,500,0.0,0.0,1.0,0.0,0,0,500,0
5500,0,5,5,0,500,0.0,0.0,1.0,0.0,0,0,500,0
5500,0,6,6,0,500,0.002,0.002,0.992,0.004,1,1,496,2
5500,0,7,7,0,500,0.224,0.054,0.324,0.398,112,27,162,199
5500,0,8,8,0,500,0.0,0.0,1.0,0.0,0,0,500,0
5500,0,10,10,0,500,0.0,0.0,1.0,0.0,0,0,500,0
5500,0,11,11,0,500,0.0,0.0,1.0,0.0,0,0,500,0
5500,0,14,14,0,500,0.136,0.042,0.796,0.026,68,21,398,13
5500,0,15,15,0,500,0.002,0.002,0.996,0.0,1,1,498,0
5500,0,16,16,0,500,0.0,0.0,1.0,0.0,0,0,500,0
5500,0,20,20,0,500,0.0,0.0,1.0,0.0,0,0,500,0
5500,1,0,1,0,500,0.0,0.0,1.0,0.0,0,0,500,0
5500,1,1,2,1,500,0.026,0.418,0.216,0.34,13,209,108,170
5500,1,3,4,3,500,0.136,0.146,0.352,0.366,68,73,176,183
5500,1,4,5,4,500,0.004,0.0,0.996,0.0,2,0,498,0
5500,1,5,6,5,500,0.016,0.004,0.834,0.146,8,2,417,73
5500,1,7,8,7,500,0.0,0.0,0.998,0.002,0,0,499,1
5500,1,8,9,8,500,0.002,0.012,0.976,0.01,1,6,488,5
5500,1,9,10,9,500,0.002,0.01,0.988,0.0,1,5,494,0
5500,1,11,12,11,500,0.012,0.0,0.986,0.002,6,0,493,1
5500,1,13,14,13,500,0.002,0.0,0.998,0.0,1,0,499,0
5500,1,14,15,14,500,0.022,0.07,0.682,0.226,11,35,341,113
5500,1,18,19,18,500,0.29,0.024,0.57,0.116,145,12,285,58
5500,1,19,20,19,500,0.124,0.044,0.758,0.074,62,22,379,37
5500,2,3,5,6,500,0.026,0.02,0.85,0.104,13,10,425,52
5500,2,8,10,16,500,0.094,0.038,0.51,0.358,47,19,255,179
5500,2,10,12,20,500,0.0,0.002,0.998,0.0,0,1,499,0
5500,2,11,13,1,500,0.07,0.098,0.258,0.574,35,49,129,287
5500,2,12,14,3,500,0.014,0.004,0.982,0.0,7,2,491,0
5500,2,14,16,7,500,0.0,0.0,1.0,0.0,0,0,500,0
5500,2,15,17,9,500,0.124,0.008,0.846,0.022,62,4,423,11
5500,2,18,20,15,500,0.14,0.226,0.258,0.376,70,113,129,188
5500,3,0,3,0,500,0.0,0.0,1.0,0.0,0,0,500,0
5500,3,2,5,6,500,0.012,0.016,0.742,0.23,6,8,371,115
5500,3,4,7,12,500,0.372,0.014,0.526,0.088,186,7,263,44
5500,3,5,8,15,500,0.004,0.082,0.86,0.054,2,41,430,27
5500,3,6,9,18,500,0.122,0.074,0.748,0.056,61,37,374,28
5500,3,7,10,0,500,0.0,0.0,1.0,0.0,0,0,500,0
5500,3,8,11,3,500,0.024,0.024,0.946,0.006,12,12,473,3
5500,3,9,12,6,500,0.018,0.01,0.97,0.002,9,5,485,1
5500,3,10,13,9,500,0.0,0.0,1.0,0.0,0,0,500,0
5500,3,13,16,18,500,0.034,0.014,0.922,0.03,17,7,461,15
5500,3,14,17,0,500,0.006,0.0,0.994,0.0,3,0,497,0
5500,3,15,18,3,500,0.632,0.058,0.21,0.1,316,29,105,50
5500,3,16,19,6,500,0.0,0.0,1.0,0.0,0,0,500,0
5500,3,17,20,9,500,0.006,0.014,0.98,0.0,3,7,490,0
5500,4,0,4,0,500,0.0,0.0,1.0,0.0,0,0,500,0
5500,4,2,6,8,500,0.106,0.002,0.86,0.032,53,1,430,16
5500,4,5,9,20,500,0.002,0.004,0.994,0.0,1,2,497,0
5500,4,6,10,3,500,0.094,0.094,0.718,0.094,47,47,359,47
5500,4,7,11,7,500,0.0,0.0,1.0,0.0,0,0,500,0
5500,4,8,12,11,500,0.018,0.0,0.98,0.002,9,0,490,1
5500,4,9,13,15,500,0.008,0.424,0.35,0.218,4,212,175,109
5500,4,10,14,19,500,0.012,0.0,0.988,0.0,6,0,494,0
5500,4,11,15,2,500,0.0,0.016,0.96,0.024,0,8,480,12
5500,4,12,16,6,500,0.004,0.002,0.994,0.0,2,1,497,0
5500,4,13,17,10,500,0.002,0.0,0.998,0.0,1,0,499,0
5500,4,14,18,14,500,0.012,0.026,0.956,0.006,6,13,478,3
5500,4,16,20,1,500,0.0,0.0,1.0,0.0,0,0,500,0
5500,5,0,5,0,500,0.0,0.0,1.0,0.0,0,0,500,0
5500,5,2,7,10,500,0.0,0.0,1.0,0.0,0,0,500,0
5500,5,3,8,15,500,0.012,0.086,0.85,0.052,6,43,425,26
5500,5,4,9,20,500,0.0,0.01,0.99,0.0,0,5,495,0
5500,5,5,10,4,500,0.036,0.014,0.926,0.024,18,7,463,12
5500,5,7,12,14,500,0.052,0.03,0.904,0.014,26,15,452,7
5500,5,9,14,3,500,0.006,0.0,0.994,0.0,3,0,497,0
5500,5,10,15,8,500,0.014,0.06,0.89,0.036,7,30,445,18
5500,5,11,16,13,500,0.0,0.002,0.998,0.0,0,1,499,0
5500,5,12,17,18,500,0.062,0.022,0.892,0.024,31,11,446,12
5500,5,14,19,7,500,0.044,0.034,0.896,0.026,22,17,448,13
5500,5,15,20,12,500,0.014,0.016,0.97,0.0,7,8,485,0
5500,6,1,7,6,500,0.002,0.004,0.994,0.0,1,2,497,0
5500,6,2,8,12,500,0.046,0.012,0.926,0.016,23,6,463,8
5500,6,6,12,15,500,0.028,0.008,0.95,0.014,14,4,475,7
5500,6,8,14,6,500,0.016,0.008,0.97,0.006,8,4,485,3
5500,6,9,15,12,500,0.018,0.004,0.968,0.01,9,2,484,5
5500,6,12,18,9,500,0.12,0.028,0.74,0.112,60,14,370,56
5500,6,13,19,15,500,0.008,0.002,0.988,0.002,4,1,494,1
5500,7,0,7,0,500,0.144,0.06,0.37,0.426,72,30,185,213
5500,7,1,8,7,500,0.002,0.0,0.998,0.0,1,0,499,0
5500,7,3,10,0,500,0.0,0.0,1.0,0.0,0,0,500,0
5500,7,4,11,7,500,0.0,0.0,1.0,0.0,0,0,500,0
5500,7,7,14,7,500,0.144,0.046,0.706,0.104,72,23,353,52
5500,7,8,15,14,500,0.032,0.09,0.802,0.076,16,45,401,38
5500,7,9,16,0,500,0.0,0.0,1.0,0.0,0,0,500,0
5500,7,11,18,14,500,0.014,0.038,0.944,0.004,7,19,472,2
5500,7,13,20,7,500,0.0,0.0,1.0,0.0,0,0,500,0
5500,8,0,8,0,500,0.0,0.0,1.0,0.0,0,0,500,0
5500,8,1,9,8,500,0.01,0.002,0.982,0.006,5,1,491,3
5500,8,3,11,3,500,0.008,0.032,0.952,0.008,4,16,476,4
5500,8,5,13,19,500,0.0,0.0,1.0,0.0,0,0,500,0
5500,8,6,14,6,500,0.006,0.004,0.984,0.006,3,2,492,3
5500,8,7,15,14,500,0.006,0.066,0.892,0.036,3,33,446,18
5500,8,9,17,9,500,0.012,0.012,0.976,0.0,6,6,488,0
5500,8,11,19,4,500,0.002,0.0,0.986,0.012,1,0,493,6
5500,8,12,20,12,500,0.0,0.004,0.996,0.0,0,2,498,0
5500,9,4,13,15,500,0.024,0.29,0.42,0.266,12,145,210,133
5500,9,5,14,3,500,0.004,0.006,0.99,0.0,2,3,495,0
5500,9,6,15,12,500,0.034,0.016,0.942,0.008,17,8,471,4
5500,9,7,16,0,500,0.0,0.0,1.0,0.0,0,0,500,0
5500,9,8,17,9,500,0.016,0.008,0.976,0.0,8,4,488,0
5500,9,11,20,15,500,0.062,0.58,0.154,0.204,31,290,77,102
5500,10,0,10,0,500,0.0,0.0,1.0,0.0,0,0,500,0
5500,10,1,11,10,500,0.0,0.0,1.0,0.0,0,0,500,0
5500,10,2,12,20,500,0.008,0.002,0.988,0.002,4,1,494,1
5500,10,4,14,19,500,0.028,0.0,0.97,0.002,14,0,485,1
5500,10,5,15,8,500,0.012,0.038,0.902,0.048,6,19,451,24
5500,10,6,16,18,500,0.022,0.002,0.972,0.004,11,1,486,2
5500,10,7,17,7,500,0.0,0.0,1.0,0.0,0,0,500,0
5500,10,8,18,17,500,0.088,0.002,0.86,0.05,44,1,430,25
5500,10,9,19,6,500,0.0,0.0,1.0,0.0,0,0,500,0
5500,11,0,11,0,500,0.0,0.0,1.0,0.0,0,0,500,0
5500,11,1,12,11,500,0.004,0.0,0.996,0.0,2,0,498,0
5500,11,2,13,1,500,0.05,0.2,0.25,0.5,25,100,125,250
5500,11,6,17,3,500,0.068,0.0,0.892,0.04,34,0,446,20
5500,11,8,19,4,500,0.0,0.0,0.998,0.002,0,0,499,1
5500,11,9,20,15,500,0.07,0.48,0.19,0.26,35,240,95,130
5500,12,0,12,0,500,0.0,0.0,1.0,0.0,0,0,500,0
5500,12,1,13,12,500,0.002,0.004,0.986,0.008,1,2,493,4
5500,12,4,16,6,500,0.0,0.004,0.996,0.0,0,2,498,0
5500,12,5,17,18,500,0.082,0.02,0.884,0.014,41,10,442,7
5500,12,6,18,9,500,0.074,0.056,0.766,0.104,37,28,383,52
5500,12,8,20,12,500,0.002,0.004,0.994,0.0,1,2,497,0
5500,13,1,14,13,500,0.008,0.0,0.992,0.0,4,0,496,0
5500,13,3,16,18,500,0.026,0.002,0.97,0.002,13,1,485,1
5500,13,4,17,10,500,0.008,0.0,0.992,0.0,4,0,496,0
5500,13,5,18,2,500,0.006,0.004,0.986,0.004,3,2,493,2
5500,14,0,14,0,500,0.106,0.032,0.826,0.036,53,16,413,18
5500,14,1,15,14,500,0.026,0.024,0.766,0.184,13,12,383,92
5500,14,2,16,7,500,0.0,0.0,1.0,0.0,0,0,500,0
5500,14,3,17,0,500,0.004,0.0,0.996,0.0,2,0,498,0
5500,14,4,18,14,500,0.02,0.036,0.936,0.008,10,18,468,4
5500,14,5,19,7,500,0.088,0.026,0.866,0.02,44,13,433,10
5500,15,0,15,0,500,0.0,0.002,0.998,0.0,0,1,499,0
5500,15,2,17,9,500,0.106,0.002,0.87,0.022,53,1,435,11
5500,16,0,16,0,500,0.0,0.0,1.0,0.0,0,0,500,0
5500,16,2,18,11,500,0.0,0.0,1.0,0.0,0,0,500,0
5500,16,3,19,6,500,0.0,0.0,1.0,0.0,0,0,500,0
5500,17,0,17,0,500,0.0,0.0,1.0,0.0,0,0,500,0
5500,17,1,18,17,500,0.122,0.004,0.818,0.056,61,2,409,28
5500,17,2,19,13,500,0.0,0.0,1.0,0.0,0,0,500,0
5500,17,3,20,9,500,0.006,0.006,0.988,0.0,3,3,494,0
5500,18,0,18,0,500,0.0,0.0,1.0,0.0,0,0,500,0
5500,18,2,20,15,500,0.196,0.204,0.268,0.332,98,102,134,166
5500,19,0,19,0,500,0.0,0.0,1.0,0.0,0,0,500,0
5500,19,1,20,19,500,0.142,0.048,0.756,0.054,71,24,378,27
5500,20,0,20,0,500,0.0,0.0,1.0,0.0,0,0,500,0
6000,0,2,2,0,500,0.0,0.0,1.0,0.0,0,0,500,0
6000,0,5,5,0,500,0.0,0.0,1.0,0.0,0,0,500,0
6000,0,6,6,0,500,0.004,0.0,0.986,0.01,2,0,493,5
6000,0,7,7,0,500,0.334,0.054,0.266,0.346,167,27,133,173
6000,0,8,8,0,500,0.0,0.0,1.0,0.0,0,0,500,0
6000,0,10,10,0,500,0.0,0.0,1.0,0.0,0,0,500,0
6000,0,11,11,0,500,0.0,0.0,1.0,0.0,0,0,500,0
6000,0,14,14,0,500,0.238,0.024,0.698,0.04,119,12,349,20
6000,0,15,15,0,500,0.002,0.0,0.998,0.0,1,0,499,0
6000,0,16,16,0,500,0.0,0.0,1.0,0.0,0,0,500,0
6000,0,20,20,0,500,0.0,0.0,1.0,0.0,0,0,500,0
6000,1,0,1,0,500,0.0,0.0,0.998,0.002,0,0,499,1
6000,1,1,2,1,500,0.016,0.288,0.506,0.19,8,144,253,95
6000,1,3,4,3,500,0.23,0.11,0.336,0.324,115,55,168,162
6000,1,4,5,4,500,0.006,0.004,0.988,0.002,3,2,494,1
6000,1,5,6,5,500,0.048,0.018,0.502,0.432,24,9,251,216
6000,1,7,8,7,500,0.002,0.0,0.998,0.0,1,0,499,0
6000,1,8,9,8,500,0.0,0.0,0.994,0.006,0,0,497,3
6000,1,9,10,9,500,0.002,0.006,0.992,0.0,1,3,496,0
6000,1,11,12,11,500,0.004,0.0,0.996,0.0,2,0,498,0
6000,1,13,14,13,500,0.004,0.0,0.996,0.0,2,0,498,0
6000,1,14,15,14,500,0.024,0.06,0.794,0.122,12,30,397,61
6000,1,18,19,18,500,0.302,0.004,0.55,0.144,151,2,275,72
6000,1,19,20,19,500,0.188,0.02,0.696,0.096,94,10,348,48
6000,2,3,5,6,500,0.078,0.1,0.566,0.256,39,50,283,128
6000,2,8,10,16,500,0.102,0.006,0.496,0.396,51,3,248,198
6000,2,10,12,20,500,0.0,0.0,1.0,0.0,0,0,500,0
6000,2,11,13,1,500,0.096,0.19,0.248,0.466,48,95,124,233
6000,2,12,14,3,500,0.014,0.004,0.982,0.0,7,2,491,0
6000,2,14,16,7,500,0.0,0.0,1.0,0.0,0,0,500,0
6000,2,15,17,9,500,0.074,0.014,0.908,0.004,37,7,454,2
6000,2,18,20,15,500,0.17,0.248,0.232,0.35,85,124,116,175
6000,3,0,3,0,500,0.0,0.008,0.992,0.0,0,4,496,0
6000,3,2,5,6,500,0.034,0.076,0.576,0.314,17,38,288,157
6000,3,4,7,12,500,0.114,0.02,0.836,0.03,57,10,418,15
6000,3,5,8,15,500,0.004,0.02,0.972,0.004,2,10,486,2
6000,3,6,9,18,500,0.186,0.072,0.594,0.148,93,36,297,74
6000,3,7,10,0,500,0.0,0.0,1.0,0.0,0,0,500,0
6000,3,8,11,3,500,0.014,0.012,0.966,0.008,7,6,483,4
6000,3,9,12,6,500,0.006,0.006,0.982,0.006,3,3,491,3
6000,3,10,13,9,500,0.0,0.0,1.0,0.0,0,0,500,0
6000,3,13,16,18,500,0.018,0.008,0.954,0.02,9,4,477,10
6000,3,14,17,0,500,0.002,0.002,0.996,0.0,1,1,498,0
6000,3,15,18,3,500,0.648,0.042,0.224,0.086,324,21,112,43
6000,3,16,19,6,500,0.0,0.0,1.0,0.0,0,0,500,0
6000,3,17,20,9,500,0.004,0.01,0.986,0.0,2,5,493,0
6000,4,0,4,0,500,0.0,0.0,1.0,0.0,0,0,500,0
6000,4,2,6,8,500,0.082,0.034,0.864,0.02,41,17,432,10
6000,4,5,9,20,500,0.0,0.0,1.0,0.0,0,0,500,0
6000,4,6,10,3,500,0.054,0.06,0.86,0.026,27,30,430,13
6000,4,7,11,7,500,0.0,0.0,1.0,0.0,0,0,500,0
6000,4,8,12,11,500,0.002,0.01,0.986,0.002,1,5,493,1
6000,4,9,13,15,500,0.012,0.438,0.278,0.272,6,219,139,136
6000,4,10,14,19,500,0.012,0.0,0.988,0.0,6,0,494,0
6000,4,11,15,2,500,0.002,0.006,0.978,0.014,1,3,489,7
6000,4,12,16,6,500,0.002,0.0,0.998,0.0,1,0,499,0
6000,4,13,17,10,500,0.002,0.0,0.998,0.0,1,0,499,0
6000,4,14,18,14,500,0.03,0.062,0.896,0.012,15,31,448,6
6000,4,16,20,1,500,0.0,0.0,1.0,0.0,0,0,500,0
6000,5,0,5,0,500,0.0,0.0,1.0,0.0,0,0,500,0
6000,5,2,7,10,500,0.0,0.0,1.0,0.0,0,0,500,0
6000,5,3,8,15,500,0.006,0.024,0.962,0.008,3,12,481,4
6000,5,4,9,20,500,0.0,0.0,1.0,0.0,0,0,500,0
6000,5,5,10,4,500,0.014,0.022,0.96,0.004,7,11,480,2
6000,5,7,12,14,500,0.006,0.012,0.976,0.006,3,6,488,3
6000,5,9,14,3,500,0.014,0.004,0.982,0.0,7,2,491,0
6000,5,10,15,8,500,0.016,0.004,0.972,0.008,8,2,486,4
6000,5,11,16,13,500,0.016,0.006,0.974,0.004,8,3,487,2
6000,5,12,17,18,500,0.05,0.008,0.934,0.008,25,4,467,4
6000,5,14,19,7,500,0.052,0.024,0.884,0.04,26,12,442,20
6000,5,15,20,12,500,0.022,0.008,0.97,0.0,11,4,485,0
6000,6,1,7,6,500,0.002,0.0,0.998,0.0,1,0,499,0
6000,6,2,8,12,500,0.04,0.004,0.944,0.012,20,2,472,6
6000,6,6,12,15,500,0.016,0.006,0.94,0.038,8,3,470,19
6000,6,8,14,6,500,0.008,0.002,0.98,0.01,4,1,490,5
6000,6,9,15,12,500,0.014,0.016,0.958,0.012,7,8,479,6
6000,6,12,18,9,500,0.098,0.028,0.802,0.072,49,14,401,36
6000,6,13,19,15,500,0.008,0.004,0.988,0.0,4,2,494,0
6000,7,0,7,0,500,0.388,0.04,0.234,0.338,194,20,117,169
6000,7,1,8,7,500,0.004,0.0,0.996,0.0,2,0,498,0
6000,7,3,10,0,500,0.0,0.0,1.0,0.0,0,0,500,0
6000,7,4,11,7,500,0.0,0.0,1.0,0.0,0,0,500,0
6000,7,7,14,7,500,0.156,0.02,0.768,0.056,78,10,384,28
6000,7,8,15,14,500,0.02,0.056,0.868,0.056,10,28,434,28
6000,7,9,16,0,500,0.0,0.0,1.0,0.0,0,0,500,0
6000,7,11,18,14,500,0.006,0.048,0.942,0.004,3,24,471,2
6000,7,13,20,7,500,0.0,0.0,1.0,0.0,0,0,500,0
6000,8,0,8,0,500,0.0,0.0,1.0,0.0,0,0,500,0
6000,8,1,9,8,500,0.008,0.004,0.988,0.0,4,2,494,0
6000,8,3,11,3,500,0.026,0.01,0.96,0.004,13,5,480,2
6000,8,5,13,19,500,0.0,0.0,1.0,0.0,0,0,500,0
6000,8,6,14,6,500,0.012,0.01,0.966,0.012,6,5,483,6
6000,8,7,15,14,500,0.032,0.05,0.88,0.038,16,25,440,19
6000,8,9,17,9,500,0.014,0.008,0.978,0.0,7,4,489,0
6000,8,11,19,4,500,0.0,0.0,0.996,0.004,0,0,498,2
6000,8,12,20,12,500,0.004,0.008,0.988,0.0,2,4,494,0
6000,9,4,13,15,500,0.016,0.436,0.336,0.212,8,218,168,106
6000,9,5,14,3,500,0.018,0.006,0.976,0.0,9,3,488,0
6000,9,6,15,12,500,0.018,0.02,0.95,0.012,9,10,475,6
6000,9,7,16,0,500,0.0,0.0,1.0,0.0,0,0,500,0
6000,9,8,17,9,500,0.014,0.006,0.98,0.0,7,3,490,0
6000,9,11,20,15,500,0.15,0.368,0.186,0.296,75,184,93,148
6000,10,0,10,0,500,0.0,0.0,1.0,0.0,0,0,500,0
6000,10,1,11,10,500,0.002,0.0,0.998,0.0,1,0,499,0
6000,10,2,12,20,500,0.004,0.0,0.996,0.0,2,0,498,0
6000,10,4,14,19,500,0.02,0.006,0.972,0.002,10,3,486,1
6000,10,5,15,8,500,0.004,0.012,0.978,0.006,2,6,489,3
6000,10,6,16,18,500,0.032,0.002,0.956,0.01,16,1,478,5
6000,10,7,17,7,500,0.0,0.0,1.0,0.0,0,0,500,0
6000,10,8,18,17,500,0.042,0.0,0.942,0.016,21,0,471,8
6000,10,9,19,6,500,0.0,0.0,1.0,0.0,0,0,500,0
6000,11,0,11,0,500,0.0,0.0,1.0,0.0,0,0,500,0
6000,11,1,12,11,500,0.002,0.0,0.992,0.006,1,0,496,3
6000,11,2,13,1,500,0.042,0.282,0.242,0.434,21,141,121,217
6000,11,6,17,3,500,0.004,0.0,0.996,0.0,2,0,498,0
6000,11,8,19,4,500,0.0,0.0,1.0,0.0,0,0,500,0
6000,11,9,20,15,500,0.086,0.376,0.16,0.378,43,188,80,189
6000,12,0,12,0,500,0.0,0.0,1.0,0.0,0,0,500,0
6000,12,1,13,12,500,0.006,0.002,0.988,0.004,3,1,494,2
6000,12,4,16,6,500,0.0,0.002,0.998,0.0,0,1,499,0
6000,12,5,17,18,500,0.024,0.002,0.958,0.016,12,1,479,8
6000,12,6,18,9,500,0.088,0.034,0.798,0.08,44,17,399,40
6000,12,8,20,12,500,0.002,0.0,0.996,0.002,1,0,498,1
6000,13,1,14,13,500,0.006,0.0,0.994,0.0,3,0,497,0
6000,13,3,16,18,500,0.018,0.008,0.97,0.004,9,4,485,2
6000,13,4,17,10,500,0.008,0.002,0.99,0.0,4,1,495,0
6000,13,5,18,2,500,0.002,0.0,0.998,0.0,1,0,499,0
6000,14,0,14,0,500,0.128,0.014,0.842,0.016,64,7,421,8
6000,14,1,15,14,500,0.006,0.026,0.848,0.12,3,13,424,60
6000,14,2,16,7,500,0.0,0.0,1.0,0.0,0,0,500,0
6000,14,3,17,0,500,0.0,0.0,1.0,0.0,0,0,500,0
6000,14,4,18,14,500,0.026,0.042,0.924,0.008,13,21,462,4
6000,14,5,19,7,500,0.024,0.044,0.888,0.044,12,22,444,22
6000,15,0,15,0,500,0.002,0.0,0.998,0.0,1,0,499,0
6000,15,2,17,9,500,0.058,0.014,0.92,0.008,29,7,460,4
6000,16,0,16,0,500,0.0,0.0,1.0,0.0,0,0,500,0
6000,16,2,18,11,500,0.0,0.0,1.0,0.0,0,0,500,0
6000,16,3,19,6,500,0.0,0.0,1.0,0.0,0,0,500,0
6000,17,0,17,0,500,0.0,0.0,1.0,0.0,0,0,500,0
6000,17,1,18,17,500,0.094,0.01,0.862,0.034,47,5,431,17
6000,17,2,19,13,500,0.0,0.0,1.0,0.0,0,0,500,0
6000,17,3,20,9,500,0.006,0.014,0.978,0.002,3,7,489,1
6000,18,0,18,0,500,0.0,0.0,1.0,0.0,0,0,500,0
6000,18,2,20,15,500,0.216,0.244,0.182,0.358,108,122,91,179
6000,19,0,19,0,500,0.0,0.0,1.0,0.0,0,0,500,0
6000,19,1,20,19,500,0.22,0.032,0.66,0.088,110,16,330,44
6000,20,0,20,0,500,0.0,0.0,1.0,0.0,0,0,500,0
6500,0,2,2,0,500,0.0,0.0,1.0,0.0,0,0,500,0
6500,0,5,5,0,500,0.0,0.0,1.0,0.0,0,0,500,0
6500,0,6,6,0,500,0.0,0.0,0.994,0.006,0,0,497,3
6500,0,7,7,0,500,0.09,0.098,0.43,0.382,45,49,215,191
6500,0,8,8,0,500,0.0,0.0,1.0,0.0,0,0,500,0
6500,0,10,10,0,500,0.0,0.0,1.0,0.0,0,0,500,0
6500,0,11,11,0,500,0.0,0.0,1.0,0.0,0,0,500,0
6500,0,14,14,0,500,0.038,0.024,0.92,0.018,19,12,460,9
6500,0,15,15,0,500,0.0,0.0,1.0,0.0,0,0,500,0
6500,0,16,16,0,500,0.0,0.0,1.0,0.0,0,0,500,0
6500,0,20,20,0,500,0.0,0.0,1.0,0.0,0,0,500,0
6500,1,0,1,0,500,0.0,0.0,1.0,0.0,0,0,500,0
6500,1,1,2,1,500,0.022,0.234,0.384,0.36,11,117,192,180
6500,1,3,4,3,500,0.238,0.066,0.36,0.336,119,33,180,168
6500,1,4,5,4,500,0.02,0.002,0.974,0.004,10,1,487,2
6500,1,5,6,5,500,0.024,0.024,0.61,0.342,12,12,305,171
6500,1,7,8,7,500,0.002,0.002,0.996,0.0,1,1,498,0
6500,1,8,9,8,500,0.018,0.0,0.964,0.018,9,0,482,9
6500,1,9,10,9,500,0.0,0.01,0.99,0.0,0,5,495,0
6500,1,11,12,11,500,0.016,0.012,0.97,0.002,8,6,485,1
6500,1,13,14,13,500,0.006,0.0,0.994,0.0,3,0,497,0
6500,1,14,15,14,500,0.004,0.078,0.824,0.094,2,39,412,47
6500,1,18,19,18,500,0.32,0.026,0.522,0.132,160,13,261,66
6500,1,19,20,19,500,0.198,0.07,0.672,0.06,99,35,336,30
6500,2,3,5,6,500,0.04,0.036,0.638,0.286,20,18,319,143
6500,2,8,10,16,500,0.118,0.04,0.492,0.35,59,20,246,175
6500,2,10,12,20,500,0.0,0.0,1.0,0.0,0,0,500,0
6500,2,11,13,1,500,0.112,0.15,0.274,0.464,56,75,137,232
6500,2,12,14,3,500,0.012,0.006,0.982,0.0,6,3,491,0
6500,2,14,16,7,500,0.0,0.0,1.0,0.0,0,0,500,0
6500,2,15,17,9,500,0.104,0.016,0.874,0.006,52,8,437,3
6500,2,18,20,15,500,0.156,0.244,0.238,0.362,78,122,119,181
6500,3,0,3,0,500,0.0,0.0,1.0,0.0,0,0,500,0
6500,3,2,5,6,500,0.03,0.068,0.616,0.286,15,34,308,143
6500,3,4,7,12,500,0.048,0.036,0.906,0.01,24,18,453,5
6500,3,5,8,15,500,0.008,0.042,0.938,0.012,4,21,469,6
6500,3,6,9,18,500,0.174,0.046,0.692,0.088,87,23,346,44
6500,3,7,10,0,500,0.0,0.0,1.0,0.0,0,0,500,0
6500,3,8,11,3,500,0.018,0.012,0.964,0.006,9,6,482,3
6500,3,9,12,6,500,0.008,0.014,0.974,0.004,4,7,487,2
6500,3,10,13,9,500,0.0,0.0,1.0,0.0,0,0,500,0
6500,3,13,16,18,500,0.034,0.016,0.922,0.028,17,8,461,14
6500,3,14,17,0,500,0.0,0.0,1.0,0.0,0,0,500,0
6500,3,15,18,3,500,0.63,0.054,0.216,0.1,315,27,108,50
6500,3,16,19,6,500,0.0,0.0,1.0,0.0,0,0,500,0
6500,3,17,20,9,500,0.004,0.004,0.99,0.002,2,2,495,1
6500,4,0,4,0,500,0.0,0.0,1.0,0.0,0,0,500,0
6500,4,2,6,8,500,0.118,0.048,0.788,0.046,59,24,394,23
6500,4,5,9,20,500,0.0,0.004,0.996,0.0,0,2,498,0
6500,4,6,10,3,500,0.084,0.124,0.736,0.056,42,62,368,28
6500,4,7,11,7,500,0.0,0.0,1.0,0.0,0,0,500,0
6500,4,8,12,11,500,0.008,0.018,0.972,0.002,4,9,486,1
6500,4,9,13,15,500,0.008,0.43,0.332,0.23,4,215,166,115
6500,4,10,14,19,500,0.008,0.0,0.992,0.0,4,0,496,0
6500,4,11,15,2,500,0.002,0.004,0.986,0.008,1,2,493,4
6500,4,12,16,6,500,0.0,0.002,0.998,0.0,0,1,499,0
6500,4,13,17,10,500,0.006,0.0,0.994,0.0,3,0,497,0
6500,4,14,18,14,500,0.018,0.034,0.928,0.02,9,17,464,10
6500,4,16,20,1,500,0.0,0.0,1.0,0.0,0,0,500,0
6500,5,0,5,0,500,0.0,0.0,1.0,0.0,0,0,500,0
6500,5,2,7,10,500,0.0,0.0,1.0,0.0,0,0,500,0
6500,5,3,8,15,500,0.004,0.02,0.974,0.002,2,10,487,1
6500,5,4,9,20,500,0.0,0.004,0.996,0.0,0,2,498,0
6500,5,5,10,4,500,0.006,0.024,0.97,0.0,3,12,485,0
6500,5,7,12,14,500,0.004,0.076,0.898,0.022,2,38,449,11
6500,5,9,14,3,500,0.008,0.006,0.984,0.002,4,3,492,1
6500,5,10,15,8,500,0.008,0.006,0.978,0.008,4,3,489,4
6500,5,11,16,13,500,0.024,0.004,0.932,0.04,12,2,466,20
6500,5,12,17,18,500,0.054,0.0,0.944,0.002,27,0,472,1
6500,5,14,19,7,500,0.022,0.012,0.918,0.048,11,6,459,24
6500,5,15,20,12,500,0.016,0.0,0.984,0.0,8,0,492,0
6500,6,1,7,6,500,0.014,0.0,0.98,0.006,7,0,490,3
6500,6,2,8,12,500,0.044,0.008,0.908,0.04,22,4,454,20
6500,6,6,12,15,500,0.014,0.0,0.974,0.012,7,0,487,6
6500,6,8,14,6,500,0.024,0.002,0.972,0.002,12,1,486,1
6500,6,9,15,12,500,0.022,0.006,0.96,0.012,11,3,480,6
6500,6,12,18,9,500,0.13,0.05,0.664,0.156,65,25,332,78
6500,6,13,19,15,500,0.014,0.002,0.984,0.0,7,1,492,0
6500,7,0,7,0,500,0.078,0.116,0.428,0.378,39,58,214,189
6500,7,1,8,7,500,0.0,0.0,1.0,0.0,0,0,500,0
6500,7,3,10,0,500,0.0,0.0,1.0,0.0,0,0,500,0
6500,7,4,11,7,500,0.0,0.0,1.0,0.0,0,0,500,0
6500,7,7,14,7,500,0.164,0.038,0.742,0.056,82,19,371,28
6500,7,8,15,14,500,0.006,0.056,0.886,0.052,3,28,443,26
6500,7,9,16,0,500,0.0,0.0,1.0,0.0,0,0,500,0
6500,7,11,18,14,500,0.008,0.026,0.962,0.004,4,13,481,2
6500,7,13,20,7,500,0.0,0.0,1.0,0.0,0,0,500,0
6500,8,0,8,0,500,0.0,0.0,1.0,0.0,0,0,500,0
6500,8,1,9,8,500,0.036,0.002,0.96,0.002,18,1,480,1
6500,8,3,11,3,500,0.05,0.024,0.884,0.042,25,12,442,21
6500,8,5,13,19,500,0.0,0.0,1.0,0.0,0,0,500,0
6500,8,6,14,6,500,0.054,0.006,0.932,0.008,27,3,466,4
6500,8,7,15,14,500,0.006,0.038,0.936,0.02,3,19,468,10
6500,8,9,17,9,500,0.008,0.012,0.98,0.0,4,6,490,0
6500,8,11,19,4,500,0.0,0.0,1.0,0.0,0,0,500,0
6500,8,12,20,12,500,0.004,0.0,0.996,0.0,2,0,498,0
6500,9,4,13,15,500,0.032,0.202,0.376,0.39,16,101,188,195
6500,9,5,14,3,500,0.002,0.002,0.996,0.0,1,1,498,0
6500,9,6,15,12,500,0.008,0.006,0.972,0.014,4,3,486,7
6500,9,7,16,0,500,0.0,0.0,1.0,0.0,0,0,500,0
6500,9,8,17,9,500,0.006,0.012,0.982,0.0,3,6,491,0
6500,9,11,20,15,500,0.124,0.346,0.202,0.328,62,173,101,164
6500,10,0,10,0,500,0.0,0.0,1.0,0.0,0,0,500,0
6500,10,1,11,10,500,0.002,0.002,0.996,0.0,1,1,498,0
6500,10,2,12,20,500,0.01,0.0,0.99,0.0,5,0,495,0
6500,10,4,14,19,500,0.008,0.0,0.992,0.0,4,0,496,0
6500,10,5,15,8,500,0.0,0.006,0.988,0.006,0,3,494,3
6500,10,6,16,18,500,0.018,0.004,0.968,0.01,9,2,484,5
6500,10,7,17,7,500,0.0,0.0,1.0,0.0,0,0,500,0
6500,10,8,18,17,500,0.078,0.004,0.902,0.016,39,2,451,8
6500,10,9,19,6,500,0.0,0.0,1.0,0.0,0,0,500,0
6500,11,0,11,0,500,0.0,0.0,1.0,0.0,0,0,500,0
6500,11,1,12,11,500,0.006,0.004,0.99,0.0,3,2,495,0
6500,11,2,13,1,500,0.086,0.254,0.248,0.412,43,127,124,206
6500,11,6,17,3,500,0.008,0.002,0.99,0.0,4,1,495,0
6500,11,8,19,4,500,0.0,0.0,1.0,0.0,0,0,500,0
6500,11,9,20,15,500,0.052,0.46,0.18,0.308,26,230,90,154
6500,12,0,12,0,500,0.0,0.0,1.0,0.0,0,0,500,0
6500,12,1,13,12,500,0.01,0.006,0.978,0.006,5,3,489,3
6500,12,4,16,6,500,0.0,0.004,0.996,0.0,0,2,498,0
6500,12,5,17,18,500,0.056,0.008,0.928,0.008,28,4,464,4
6500,12,6,18,9,500,0.178,0.036,0.652,0.134,89,18,326,67
6500,12,8,20,12,500,0.006,0.01,0.984,0.0,3,5,492,0
6500,13,1,14,13,500,0.006,0.0,0.994,0.0,3,0,497,0
6500,13,3,16,18,500,0.04,0.008,0.934,0.018,20,4,467,9
6500,13,4,17,10,500,0.008,0.0,0.992,0.0,4,0,496,0
6500,13,5,18,2,500,0.004,0.002,0.994,0.0,2,1,497,0
6500,14,0,14,0,500,0.02,0.024,0.938,0.018,10,12,469,9
6500,14,1,15,14,500,0.0,0.032,0.844,0.124,0,16,422,62
6500,14,2,16,7,500,0.0,0.0,1.0,0.0,0,0,500,0
6500,14,3,17,0,500,0.0,0.002,0.998,0.0,0,1,499,0
6500,14,4,18,14,500,0.016,0.028,0.952,0.004,8,14,476,2
6500,14,5,19,7,500,0.016,0.02,0.918,0.046,8,10,459,23
6500,15,0,15,0,500,0.0,0.0,1.0,0.0,0,0,500,0
6500,15,2,17,9,500,0.094,0.028,0.872,0.006,47,14,436,3
6500,16,0,16,0,500,0.0,0.0,1.0,0.0,0,0,500,0
6500,16,2,18,11,500,0.0,0.0,1.0,0.0,0,0,500,0
6500,16,3,19,6,500,0.0,0.0,1.0,0.0,0,0,500,0
6500,17,0,17,0,500,0.0,0.0,1.0,0.0,0,0,500,0
6500,17,1,18,17,500,0.092,0.008,0.888,0.012,46,4,444,6
6500,17,2,19,13,500,0.0,0.0,1.0,0.0,0,0,500,0
6500,17,3,20,9,500,0.002,0.0,0.998,0.0,1,0,499,0
6500,18,0,18,0,500,0.0,0.0,0.998,0.002,0,0,499,1
6500,18,2,20,15,500,0.214,0.216,0.206,0.364,107,108,103,182
6500,19,0,19,0,500,0.0,0.0,1.0,0.0,0,0,500,0
6500,19,1,20,19,500,0.132,0.098,0.654,0.116,66,49,327,58
6500,20,0,20,0,500,0.0,0.0,1.0,0.0,0,0,500,0
7000,0,2,2,0,500,0.0,0.0,1.0,0.0,0,0,500,0
7000,0,5,5,0,500,0.0,0.0,1.0,0.0,0,0,500,0
7000,0,6,6,0,500,0.002,0.0,0.988,0.01,1,0,494,5
7000,0,7,7,0,500,0.172,0.068,0.31,0.45,86,34,155,225
7000,0,8,8,0,500,0.002,0.0,0.998,0.0,1,0,499,0
7000,0,10,10,0,500,0.0,0.0,1.0,0.0,0,0,500,0
7000,0,11,11,0,500,0.0,0.0,1.0,0.0,0,0,500,0
7000,0,14,14,0,500,0.082,0.024,0.88,0.014,41,12,440,7
7000,0,15,15,0,500,0.004,0.0,0.996,0.0,2,0,498,0
7000,0,16,16,0,500,0.0,0.0,1.0,0.0,0,0,500,0
7000,0,20,20,0,500,0.0,0.0,1.0,0.0,0,0,500,0
7000,1,0,1,0,500,0.0,0.0,1.0,0.0,0,0,500,0
7000,1,1,2,1,500,0.052,0.042,0.596,0.31,26,21,298,155
7000,1,3,4,3,500,0.298,0.052,0.324,0.326,149,26,162,163
7000,1,4,5,4,500,0.014,0.004,0.976,0.006,7,2,488,3
7000,1,5,6,5,500,0.012,0.046,0.524,0.418,6,23,262,209
7000,1,7,8,7,500,0.006,0.0,0.994,0.0,3,0,497,0
7000,1,8,9,8,500,0.016,0.0,0.976,0.008,8,0,488,4
7000,1,9,10,9,500,0.002,0.002,0.996,0.0,1,1,498,0
7000,1,11,12,11,500,0.004,0.0,0.996,0.0,2,0,498,0
7000,1,13,14,13,500,0.0,0.0,1.0,0.0,0,0,500,0
7000,1,14,15,14,500,0.006,0.068,0.75,0.176,3,34,375,88
7000,1,18,19,18,500,0.23,0.034,0.582,0.154,115,17,291,77
7000,1,19,20,19,500,0.032,0.04,0.91,0.018,16,20,455,9
7000,2,3,5,6,500,0.026,0.066,0.498,0.41,13,33,249,205
7000,2,8,10,16,500,0.09,0.032,0.462,0.416,45,16,231,208
7000,2,10,12,20,500,0.0,0.0,1.0,0.0,0,0,500,0
7000,2,11,13,1,500,0.032,0.434,0.178,0.356,16,217,89,178
7000,2,12,14,3,500,0.012,0.016,0.972,0.0,6,8,486,0
7000,2,14,16,7,500,0.0,0.0,1.0,0.0,0,0,500,0
7000,2,15,17,9,500,0.124,0.008,0.85,0.018,62,4,425,9
7000,2,18,20,15,500,0.158,0.242,0.236,0.364,79,121,118,182
7000,3,0,3,0,500,0.002,0.006,0.992,0.0,1,3,496,0
7000,3,2,5,6,500,0.052,0.098,0.538,0.312,26,49,269,156
7000,3,4,7,12,500,0.212,0.014,0.664,0.11,106,7,332,55
7000,3,5,8,15,500,0.022,0.018,0.93,0.03,11,9,465,15
7000,3,6,9,18,500,0.142,0.026,0.736,0.096,71,13,368,48
7000,3,7,10,0,500,0.0,0.0,1.0,0.0,0,0,500,0
7000,3,8,11,3,500,0.038,0.024,0.92,0.018,19,12,460,9
7000,3,9,12,6,500,0.008,0.01,0.982,0.0,4,5,491,0
7000,3,10,13,9,500,0.0,0.0,1.0,0.0,0,0,500,0
7000,3,13,16,18,500,0.028,0.0,0.956,0.016,14,0,478,8
7000,3,14,17,0,500,0.0,0.0,1.0,0.0,0,0,500,0
7000,3,15,18,3,500,0.616,0.05,0.246,0.088,308,25,123,44
7000,3,16,19,6,500,0.006,0.0,0.994,0.0,3,0,497,0
7000,3,17,20,9,500,0.0,0.006,0.994,0.0,0,3,497,0
7000,4,0,4,0,500,0.0,0.0,1.0,0.0,0,0,500,0
7000,4,2,6,8,500,0.024,0.034,0.92,0.022,12,17,460,11
7000,4,5,9,20,500,0.0,0.0,1.0,0.0,0,0,500,0
7000,4,6,10,3,500,0.136,0.09,0.662,0.112,68,45,331,56
7000,4,7,11,7,500,0.0,0.0,1.0,0.0,0,0,500,0
7000,4,8,12,11,500,0.02,0.014,0.964,0.002,10,7,482,1
7000,4,9,13,15,500,0.012,0.406,0.328,0.254,6,203,164,127
7000,4,10,14,19,500,0.02,0.0,0.98,0.0,10,0,490,0
7000,4,11,15,2,500,0.004,0.008,0.978,0.01,2,4,489,5
7000,4,12,16,6,500,0.0,0.0,1.0,0.0,0,0,500,0
7000,4,13,17,10,500,0.008,0.002,0.99,0.0,4,1,495,0
7000,4,14,18,14,500,0.02,0.058,0.912,0.01,10,29,456,5
7000,4,16,20,1,500,0.0,0.0,1.0,0.0,0,0,500,0
7000,5,0,5,0,500,0.0,0.0,1.0,0.0,0,0,500,0
7000,5,2,7,10,500,0.0,0.0,1.0,0.0,0,0,500,0
7000,5,3,8,15,500,0.01,0.02,0.954,0.016,5,10,477,8
7000,5,4,9,20,500,0.002,0.002,0.996,0.0,1,1,498,0
7000,5,5,10,4,500,0.016,0.012,0.968,0.004,8,6,484,2
7000,5,7,12,14,500,0.076,0.032,0.864,0.028,38,16,432,14
7000,5,9,14,3,500,0.006,0.01,0.984,0.0,3,5,492,0
7000,5,10,15,8,500,0.03,0.008,0.944,0.018,15,4,472,9
7000,5,11,16,13,500,0.008,0.0,0.988,0.004,4,0,494,2
7000,5,12,17,18,500,0.064,0.06,0.854,0.022,32,30,427,11
7000,5,14,19,7,500,0.048,0.042,0.892,0.018,24,21,446,9
7000,5,15,20,12,500,0.014,0.006,0.98,0.0,7,3,490,0
7000,6,1,7,6,500,0.006,0.0,0.992,0.002,3,0,496,1
7000,6,2,8,12,500,0.052,0.008,0.934,0.006,26,4,467,3
7000,6,6,12,15,500,0.018,0.002,0.974,0.006,9,1,487,3
7000,6,8,14,6,500,0.008,0.006,0.976,0.01,4,3,488,5
7000,6,9,15,12,500,0.014,0.006,0.966,0.014,7,3,483,7
7000,6,12,18,9,500,0.142,0.04,0.686,0.132,71,20,343,66
7000,6,13,19,15,500,0.012,0.002,0.984,0.002,6,1,492,1
7000,7,0,7,0,500,0.178,0.076,0.348,0.398,89,38,174,199
7000,7,1,8,7,500,0.006,0.0,0.994,0.0,3,0,497,0
7000,7,3,10,0,500,0.0,0.0,1.0,0.0,0,0,500,0
7000,7,4,11,7,500,0.0,0.0,1.0,0.0,0,0,500,0
7000,7,7,14,7,500,0.148,0.012,0.794,0.046,74,6,397,23
7000,7,8,15,14,500,0.01,0.052,0.834,0.104,5,26,417,52
7000,7,9,16,0,500,0.0,0.0,1.0,0.0,0,0,500,0
7000,7,11,18,14,500,0.006,0.056,0.928,0.01,3,28,464,5
7000,7,13,20,7,500,0.0,0.0,1.0,0.0,0,0,500,0
7000,8,0,8,0,500,0.0,0.0,1.0,0.0,0,0,500,0
7000,8,1,9,8,500,0.044,0.0,0.948,0.008,22,0,474,4
7000,8,3,11,3,500,0.03,0.02,0.922,0.028,15,10,461,14
7000,8,5,13,19,500,0.0,0.0,1.0,0.0,0,0,500,0
7000,8,6,14,6,500,0.008,0.002,0.982,0.008,4,1,491,4
7000,8,7,15,14,500,0.008,0.058,0.868,0.066,4,29,434,33
7000,8,9,17,9,500,0.004,0.004,0.992,0.0,2,2,496,0
7000,8,11,19,4,500,0.0,0.0,0.996,0.004,0,0,498,2
7000,8,12,20,12,500,0.002,0.004,0.994,0.0,1,2,497,0
7000,9,4,13,15,500,0.042,0.23,0.452,0.276,21,115,226,138
7000,9,5,14,3,500,0.0,0.01,0.99,0.0,0,5,495,0
7000,9,6,15,12,500,0.02,0.01,0.954,0.016,10,5,477,8
7000,9,7,16,0,500,0.0,0.0,1.0,0.0,0,0,500,0
7000,9,8,17,9,500,0.008,0.002,0.99,0.0,4,1,495,0
7000,9,11,20,15,500,0.078,0.378,0.194,0.35,39,189,97,175
7000,10,0,10,0,500,0.0,0.0,1.0,0.0,0,0,500,0
7000,10,1,11,10,500,0.004,0.0,0.996,0.0,2,0,498,0
7000,10,2,12,20,500,0.002,0.002,0.996,0.0,1,1,498,0
7000,10,4,14,19,500,0.01,0.002,0.986,0.002,5,1,493,1
7000,10,5,15,8,500,0.03,0.006,0.952,0.012,15,3,476,6
7000,10,6,16,18,500,0.022,0.002,0.954,0.022,11,1,477,11
7000,10,7,17,7,500,0.0,0.0,1.0,0.0,0,0,500,0
7000,10,8,18,17,500,0.076,0.008,0.866,0.05,38,4,433,25
7000,10,9,19,6,500,0.002,0.0,0.998,0.0,1,0,499,0
7000,11,0,11,0,500,0.0,0.0,1.0,0.0,0,0,500,0
7000,11,1,12,11,500,0.002,0.0,0.998,0.0,1,0,499,0
7000,11,2,13,1,500,0.036,0.436,0.21,0.318,18,218,105,159
7000,11,6,17,3,500,0.002,0.0,0.998,0.0,1,0,499,0
7000,11,8,19,4,500,0.0,0.0,0.996,0.004,0,0,498,2
7000,11,9,20,15,500,0.06,0.468,0.192,0.28,30,234,96,140
7000,12,0,12,0,500,0.002,0.0,0.998,0.0,1,0,499,0
7000,12,1,13,12,500,0.0,0.008,0.992,0.0,0,4,496,0
7000,12,4,16,6,500,0.0,0.0,1.0,0.0,0,0,500,0
7000,12,5,17,18,500,0.06,0.036,0.886,0.018,30,18,443,9
7000,12,6,18,9,500,0.098,0.038,0.766,0.098,49,19,383,49
7000,12,8,20,12,500,0.0,0.004,0.996,0.0,0,2,498,0
7000,13,1,14,13,500,0.0,0.0,1.0,0.0,0,0,500,0
7000,13,3,16,18,500,0.034,0.002,0.95,0.014,17,1,475,7
7000,13,4,17,10,500,0.006,0.0,0.994,0.0,3,0,497,0
7000,13,5,18,2,500,0.004,0.002,0.986,0.008,2,1,493,4
7000,14,0,14,0,500,0.058,0.026,0.89,0.026,29,13,445,13
7000,14,1,15,14,500,0.046,0.032,0.814,0.108,23,16,407,54
7000,14,2,16,7,500,0.0,0.0,1.0,0.0,0,0,500,0
7000,14,3,17,0,500,0.004,0.0,0.996,0.0,2,0,498,0
7000,14,4,18,14,500,0.008,0.04,0.948,0.004,4,20,474,2
7000,14,5,19,7,500,0.008,0.018,0.94,0.034,4,9,470,17
7000,15,0,15,0,500,0.0,0.0,1.0,0.0,0,0,500,0
7000,15,2,17,9,500,0.102,0.01,0.874,0.014,51,5,437,7
7000,16,0,16,0,500,0.0,0.0,1.0,0.0,0,0,500,0
7000,16,2,18,11,500,0.0,0.002,0.998,0.0,0,1,499,0
7000,16,3,19,6,500,0.0,0.0,1.0,0.0,0,0,500,0
7000,17,0,17,0,500,0.002,0.0,0.998,0.0,1,0,499,0
7000,17,1,18,17,500,0.066,0.008,0.896,0.03,33,4,448,15
7000,17,2,19,13,500,0.0,0.0,1.0,0.0,0,0,500,0
7000,17,3,20,9,500,0.002,0.002,0.996,0.0,1,1,498,0
7000,18,0,18,0,500,0.0,0.002,0.998,0.0,0,1,499,0
7000,18,2,20,15,500,0.116,0.236,0.236,0.412,58,118,118,206
7000,19,0,19,0,500,0.0,0.0,1.0,0.0,0,0,500,0
7000,19,1,20,19,500,0.082,0.056,0.808,0.054,41,28,404,27
7000,20,0,20,0,500,0.0,0.0,1.0,0.0,0,0,500,0
7500,0,2,2,0,500,0.0,0.0,1.0,0.0,0,0,500,0
7500,0,5,5,0,500,0.0,0.0,1.0,0.0,0,0,500,0
7500,0,6,6,0,500,0.002,0.0,0.988,0.01,1,0,494,5
7500,0,7,7,0,500,0.16,0.07,0.366,0.404,80,35,183,202
7500,0,8,8,0,500,0.0,0.0,1.0,0.0,0,0,500,0
7500,0,10,10,0,500,0.0,0.0,1.0,0.0,0,0,500,0
7500,0,11,11,0,500,0.0,0.0,1.0,0.0,0,0,500,0
7500,0,14,14,0,500,0.066,0.02,0.904,0.01,33,10,452,5
7500,0,15,15,0,500,0.002,0.0,0.998,0.0,1,0,499,0
7500,0,16,16,0,500,0.0,0.0,1.0,0.0,0,0,500,0
7500,0,20,20,0,500,0.0,0.0,1.0,0.0,0,0,500,0
7500,1,0,1,0,500,0.0,0.0,1.0,0.0,0,0,500,0
7500,1,1,2,1,500,0.038,0.036,0.556,0.37,19,18,278,185
7500,1,3,4,3,500,0.262,0.074,0.366,0.298,131,37,183,149
7500,1,4,5,4,500,0.018,0.0,0.964,0.018,9,0,482,9
7500,1,5,6,5,500,0.008,0.05,0.69,0.252,4,25,345,126
7500,1,7,8,7,500,0.0,0.0,1.0,0.0,0,0,500,0
7500,1,8,9,8,500,0.008,0.0,0.99,0.002,4,0,495,1
7500,1,9,10,9,500,0.0,0.01,0.99,0.0,0,5,495,0
7500,1,11,12,11,500,0.002,0.0,0.998,0.0,1,0,499,0
7500,1,13,14,13,500,0.002,0.002,0.996,0.0,1,1,498,0
7500,1,14,15,14,500,0.006,0.038,0.83,0.126,3,19,415,63
7500,1,18,19,18,500,0.206,0.046,0.692,0.056,103,23,346,28
7500,1,19,20,19,500,0.104,0.012,0.804,0.08,52,6,402,40
7500,2,3,5,6,500,0.012,0.078,0.562,0.348,6,39,281,174
7500,2,8,10,16,500,0.142,0.02,0.398,0.44,71,10,199,220
7500,2,10,12,20,500,0.002,0.004,0.992,0.002,1,2,496,1
7500,2,11,13,1,500,0.038,0.404,0.19,0.368,19,202,95,184
7500,2,12,14,3,500,0.008,0.0,0.992,0.0,4,0,496,0
7500,2,14,16,7,500,0.0,0.0,1.0,0.0,0,0,500,0
7500,2,15,17,9,500,0.146,0.014,0.8,0.04,73,7,400,20
7500,2,18,20,15,500,0.114,0.314,0.21,0.362,57,157,105,181
7500,3,0,3,0,500,0.0,0.004,0.996,0.0,0,2,498,0
7500,3,2,5,6,500,0.016,0.068,0.612,0.304,8,34,306,152
7500,3,4,7,12,500,0.082,0.064,0.77,0.084,41,32,385,42
7500,3,5,8,15,500,0.02,0.012,0.956,0.012,10,6,478,6
7500,3,6,9,18,500,0.128,0.052,0.766,0.054,64,26,383,27
7500,3,7,10,0,500,0.0,0.0,1.0,0.0,0,0,500,0
7500,3,8,11,3,500,0.026,0.042,0.918,0.014,13,21,459,7
7500,3,9,12,6,500,0.008,0.006,0.986,0.0,4,3,493,0
7500,3,10,13,9,500,0.0,0.002,0.998,0.0,0,1,499,0
7500,3,13,16,18,500,0.036,0.004,0.95,0.01,18,2,475,5
7500,3,14,17,0,500,0.002,0.006,0.992,0.0,1,3,496,0
7500,3,15,18,3,500,0.636,0.048,0.226,0.09,318,24,113,45
7500,3,16,19,6,500,0.0,0.002,0.998,0.0,0,1,499,0
7500,3,17,20,9,500,0.002,0.004,0.994,0.0,1,2,497,0
7500,4,0,4,0,500,0.0,0.0,1.0,0.0,0,0,500,0
7500,4,2,6,8,500,0.01,0.07,0.896,0.024,5,35,448,12
7500,4,5,9,20,500,0.002,0.0,0.998,0.0,1,0,499,0
7500,4,6,10,3,500,0.062,0.08,0.822,0.036,31,40,411,18
7500,4,7,11,7,500,0.0,0.0,1.0,0.0,0,0,500,0
7500,4,8,12,11,500,0.016,0.006,0.978,0.0,8,3,489,0
7500,4,9,13,15,500,0.012,0.412,0.31,0.266,6,206,155,133
7500,4,10,14,19,500,0.006,0.0,0.994,0.0,3,0,497,0
7500,4,11,15,2,500,0.006,0.004,0.964,0.026,3,2,482,13
7500,4,12,16,6,500,0.0,0.0,1.0,0.0,0,0,500,0
7500,4,13,17,10,500,0.004,0.0,0.994,0.002,2,0,497,1
7500,4,14,18,14,500,0.018,0.038,0.934,0.01,9,19,467,5
7500,4,16,20,1,500,0.0,0.002,0.998,0.0,0,1,499,0
7500,5,0,5,0,500,0.0,0.0,1.0,0.0,0,0,500,0
7500,5,2,7,10,500,0.0,0.0,1.0,0.0,0,0,500,0
7500,5,3,8,15,500,0.014,0.022,0.948,0.016,7,11,474,8
7500,5,4,9,20,500,0.0,0.002,0.998,0.0,0,1,499,0
7500,5,5,10,4,500,0.008,0.006,0.98,0.006,4,3,490,3
7500,5,7,12,14,500,0.012,0.066,0.902,0.02,6,33,451,10
7500,5,9,14,3,500,0.004,0.006,0.99,0.0,2,3,495,0
7500,5,10,15,8,500,0.022,0.008,0.958,0.012,11,4,479,6
7500,5,11,16,13,500,0.002,0.0,0.998,0.0,1,0,499,0
7500,5,12,17,18,500,0.068,0.014,0.89,0.028,34,7,445,14
7500,5,14,19,7,500,0.012,0.016,0.928,0.044,6,8,464,22
7500,5,15,20,12,500,0.002,0.014,0.982,0.002,1,7,491,1
7500,6,1,7,6,500,0.006,0.0,0.994,0.0,3,0,497,0
7500,6,2,8,12,500,0.042,0.004,0.948,0.006,21,2,474,3
7500,6,6,12,15,500,0.012,0.004,0.974,0.01,6,2,487,5
7500,6,8,14,6,500,0.016,0.002,0.978,0.004,8,1,489,2
7500,6,9,15,12,500,0.006,0.004,0.978,0.012,3,2,489,6
7500,6,12,18,9,500,0.216,0.058,0.578,0.148,108,29,289,74
7500,6,13,19,15,500,0.01,0.002,0.986,0.002,5,1,493,1
7500,7,0,7,0,500,0.246,0.052,0.368,0.334,123,26,184,167
7500,7,1,8,7,500,0.0,0.0,0.998,0.002,0,0,499,1
7500,7,3,10,0,500,0.0,0.002,0.998,0.0,0,1,499,0
7500,7,4,11,7,500,0.0,0.0,1.0,0.0,0,0,500,0
7500,7,7,14,7,500,0.084,0.034,0.858,0.024,42,17,429,12
7500,7,8,15,14,500,0.006,0.042,0.932,0.02,3,21,466,10
7500,7,9,16,0,500,0.0,0.0,1.0,0.0,0,0,500,0
7500,7,11,18,14,500,0.008,0.04,0.942,0.01,4,20,471,5
7500,7,13,20,7,500,0.0,0.0,1.0,0.0,0,0,500,0
7500,8,0,8,0,500,0.0,0.0,1.0,0.0,0,0,500,0
7500,8,1,9,8,500,0.0,0.002,0.996,0.002,0,1,498,1
7500,8,3,11,3,500,0.016,0.02,0.956,0.008,8,10,478,4
7500,8,5,13,19,500,0.0,0.0,1.0,0.0,0,0,500,0
7500,8,6,14,6,500,0.012,0.0,0.984,0.004,6,0,492,2
7500,8,7,15,14,500,0.002,0.046,0.918,0.034,1,23,459,17
7500,8,9,17,9,500,0.008,0.004,0.988,0.0,4,2,494,0
7500,8,11,19,4,500,0.0,0.0,1.0,0.0,0,0,500,0
7500,8,12,20,12,500,0.002,0.006,0.992,0.0,1,3,496,0
7500,9,4,13,15,500,0.056,0.226,0.39,0.328,28,113,195,164
7500,9,5,14,3,500,0.0,0.002,0.998,0.0,0,1,499,0
7500,9,6,15,12,500,0.02,0.016,0.952,0.012,10,8,476,6
7500,9,7,16,0,500,0.0,0.0,1.0,0.0,0,0,500,0
7500,9,8,17,9,500,0.004,0.006,0.99,0.0,2,3,495,0
7500,9,11,20,15,500,0.028,0.458,0.15,0.364,14,229,75,182
7500,10,0,10,0,500,0.0,0.0,1.0,0.0,0,0,500,0
7500,10,1,11,10,500,0.002,0.0,0.998,0.0,1,0,499,0
7500,10,2,12,20,500,0.004,0.0,0.996,0.0,2,0,498,0
7500,10,4,14,19,500,0.004,0.002,0.994,0.0,2,1,497,0
7500,10,5,15,8,500,0.016,0.004,0.972,0.008,8,2,486,4
7500,10,6,16,18,500,0.016,0.002,0.976,0.006,8,1,488,3
7500,10,7,17,7,500,0.0,0.0,1.0,0.0,0,0,500,0
7500,10,8,18,17,500,0.072,0.002,0.904,0.022,36,1,452,11
7500,10,9,19,6,500,0.0,0.002,0.998,0.0,0,1,499,0
7500,11,0,11,0,500,0.0,0.0,1.0,0.0,0,0,500,0
7500,11,1,12,11,500,0.004,0.0,0.996,0.0,2,0,498,0
7500,11,2,13,1,500,0.02,0.48,0.178,0.322,10,240,89,161
7500,11,6,17,3,500,0.018,0.002,0.974,0.006,9,1,487,3
7500,11,8,19,4,500,0.0,0.0,1.0,0.0,0,0,500,0
7500,11,9,20,15,500,0.07,0.4,0.214,0.316,35,200,107,158
7500,12,0,12,0,500,0.002,0.0,0.998,0.0,1,0,499,0
7500,12,1,13,12,500,0.0,0.0,1.0,0.0,0,0,500,0
7500,12,4,16,6,500,0.0,0.0,1.0,0.0,0,0,500,0
7500,12,5,17,18,500,0.05,0.012,0.92,0.018,25,6,460,9
7500,12,6,18,9,500,0.124,0.054,0.726,0.096,62,27,363,48
7500,12,8,20,12,500,0.0,0.006,0.994,0.0,0,3,497,0
7500,13,1,14,13,500,0.004,0.004,0.99,0.002,2,2,495,1
7500,13,3,16,18,500,0.03,0.002,0.958,0.01,15,1,479,5
7500,13,4,17,10,500,0.004,0.0,0.996,0.0,2,0,498,0
7500,13,5,18,2,500,0.0,0.0,1.0,0.0,0,0,500,0
7500,14,0,14,0,500,0.028,0.026,0.936,0.01,14,13,468,5
7500,14,1,15,14,500,0.004,0.018,0.9,0.078,2,9,450,39
7500,14,2,16,7,500,0.0,0.0,1.0,0.0,0,0,500,0
7500,14,3,17,0,500,0.0,0.0,1.0,0.0,0,0,500,0
7500,14,4,18,14,500,0.026,0.038,0.928,0.008,13,19,464,4
7500,14,5,19,7,500,0.014,0.006,0.93,0.05,7,3,465,25
7500,15,0,15,0,500,0.0,0.0,1.0,0.0,0,0,500,0
7500,15,2,17,9,500,0.2,0.006,0.756,0.038,100,3,378,19
7500,16,0,16,0,500,0.0,0.0,1.0,0.0,0,0,500,0
7500,16,2,18,11,500,0.0,0.0,1.0,0.0,0,0,500,0
7500,16,3,19,6,500,0.002,0.0,0.998,0.0,1,0,499,0
7500,17,0,17,0,500,0.0,0.0,1.0,0.0,0,0,500,0
7500,17,1,18,17,500,0.094,0.022,0.836,0.048,47,11,418,24
7500,17,2,19,13,500,0.0,0.0,1.0,0.0,0,0,500,0
7500,17,3,20,9,500,0.002,0.002,0.996,0.0,1,1,498,0
7500,18,0,18,0,500,0.0,0.0,1.0,0.0,0,0,500,0
7500,18,2,20,15,500,0.074,0.23,0.216,0.48,37,115,108,240
7500,19,0,19,0,500,0.0,0.0,1.0,0.0,0,0,500,0
7500,19,1,20,19,500,0.172,0.012,0.66,0.156,86,6,330,78
7500,20,0,20,0,500,0.0,0.0,1.0,0.0,0,0,500,0
8000,0,2,2,0,500,0.0,0.0,1.0,0.0,0,0,500,0
8000,0,5,5,0,500,0.0,0.0,1.0,0.0,0,0,500,0
8000,0,6,6,0,500,0.0,0.0,0.986,0.014,0,0,493,7
8000,0,7,7,0,500,0.04,0.166,0.394,0.4,20,83,197,200
8000,0,8,8,0,500,0.0,0.0,1.0,0.0,0,0,500,0
8000,0,10,10,0,500,0.0,0.0,1.0,0.0,0,0,500,0
8000,0,11,11,0,500,0.0,0.0,1.0,0.0,0,0,500,0
8000,0,14,14,0,500,0.124,0.042,0.798,0.036,62,21,399,18
8000,0,15,15,0,500,0.002,0.0,0.998,0.0,1,0,499,0
8000,0,16,16,0,500,0.0,0.0,1.0,0.0,0,0,500,0
8000,0,20,20,0,500,0.0,0.0,1.0,0.0,0,0,500,0
8000,1,0,1,0,500,0.0,0.0,1.0,0.0,0,0,500,0
8000,1,1,2,1,500,0.03,0.064,0.564,0.342,15,32,282,171
8000,1,3,4,3,500,0.194,0.1,0.424,0.282,97,50,212,141
8000,1,4,5,4,500,0.036,0.0,0.96,0.004,18,0,480,2
8000,1,5,6,5,500,0.03,0.028,0.438,0.504,15,14,219,252
8000,1,7,8,7,500,0.0,0.0,1.0,0.0,0,0,500,0
8000,1,8,9,8,500,0.01,0.0,0.99,0.0,5,0,495,0
8000,1,9,10,9,500,0.002,0.016,0.976,0.006,1,8,488,3
8000,1,11,12,11,500,0.004,0.002,0.994,0.0,2,1,497,0
8000,1,13,14,13,500,0.008,0.0,0.992,0.0,4,0,496,0
8000,1,14,15,14,500,0.002,0.056,0.786,0.156,1,28,393,78
8000,1,18,19,18,500,0.134,0.064,0.74,0.062,67,32,370,31
8000,1,19,20,19,500,0.064,0.014,0.884,0.038,32,7,442,19
8000,2,3,5,6,500,0.038,0.096,0.436,0.43,19,48,218,215
8000,2,8,10,16,500,0.146,0.022,0.372,0.46,73,11,186,230
8000,2,10,12,20,500,0.0,0.0,1.0,0.0,0,0,500,0
8000,2,11,13,1,500,0.024,0.358,0.2,0.418,12,179,100,209
8000,2,12,14,3,500,0.006,0.006,0.988,0.0,3,3,494,0
8000,2,14,16,7,500,0.0,0.0,1.0,0.0,0,0,500,0
8000,2,15,17,9,500,0.17,0.012,0.776,0.042,85,6,388,21
8000,2,18,20,15,500,0.144,0.292,0.232,0.332,72,146,116,166
8000,3,0,3,0,500,0.002,0.0,0.998,0.0,1,0,499,0
8000,3,2,5,6,500,0.04,0.098,0.528,0.334,20,49,264,167
8000,3,4,7,12,500,0.07,0.074,0.766,0.09,35,37,383,45
8000,3,5,8,15,500,0.01,0.016,0.958,0.016,5,8,479,8
8000,3,6,9,18,500,0.126,0.088,0.708,0.078,63,44,354,39
8000,3,7,10,0,500,0.0,0.0,1.0,0.0,0,0,500,0
8000,3,8,11,3,500,0.014,0.038,0.944,0.004,7,19,472,2
8000,3,9,12,6,500,0.012,0.01,0.978,0.0,6,5,489,0
8000,3,10,13,9,500,0.0,0.0,1.0,0.0,0,0,500,0
8000,3,13,16,18,500,0.024,0.002,0.962,0.012,12,1,481,6
8000,3,14,17,0,500,0.0,0.002,0.998,0.0,0,1,499,0
8000,3,15,18,3,500,0.542,0.098,0.27,0.09,271,49,135,45
8000,3,16,19,6,500,0.0,0.002,0.998,0.0,0,1,499,0
8000,3,17,20,9,500,0.004,0.006,0.99,0.0,2,3,495,0
8000,4,0,4,0,500,0.0,0.0,1.0,0.0,0,0,500,0
8000,4,2,6,8,500,0.038,0.084,0.866,0.012,19,42,433,6
8000,4,5,9,20,500,0.002,0.0,0.998,0.0,1,0,499,0
8000,4,6,10,3,500,0.12,0.12,0.686,0.074,60,60,343,37
8000,4,7,11,7,500,0.0,0.0,1.0,0.0,0,0,500,0
8000,4,8,12,11,500,0.008,0.014,0.976,0.002,4,7,488,1
8000,4,9,13,15,500,0.01,0.438,0.394,0.158,5,219,197,79
8000,4,10,14,19,500,0.004,0.0,0.996,0.0,2,0,498,0
8000,4,11,15,2,500,0.002,0.002,0.988,0.008,1,1,494,4
8000,4,12,16,6,500,0.004,0.0,0.996,0.0,2,0,498,0
8000,4,13,17,10,500,0.006,0.004,0.988,0.002,3,2,494,1
8000,4,14,18,14,500,0.018,0.05,0.924,0.008,9,25,462,4
8000,4,16,20,1,500,0.0,0.0,1.0,0.0,0,0,500,0
8000,5,0,5,0,500,0.0,0.0,1.0,0.0,0,0,500,0
8000,5,2,7,10,500,0.0,0.0,1.0,0.0,0,0,500,0
8000,5,3,8,15,500,0.012,0.022,0.954,0.012,6,11,477,6
8000,5,4,9,20,500,0.002,0.002,0.996,0.0,1,1,498,0
8000,5,5,10,4,500,0.018,0.024,0.958,0.0,9,12,479,0
8000,5,7,12,14,500,0.002,0.086,0.908,0.004,1,43,454,2
8000,5,9,14,3,500,0.002,0.01,0.988,0.0,1,5,494,0
8000,5,10,15,8,500,0.022,0.016,0.946,0.016,11,8,473,8
8000,5,11,16,13,500,0.01,0.002,0.986,0.002,5,1,493,1
8000,5,12,17,18,500,0.056,0.016,0.902,0.026,28,8,451,13
8000,5,14,19,7,500,0.018,0.088,0.806,0.088,9,44,403,44
8000,5,15,20,12,500,0.006,0.006,0.986,0.002,3,3,493,1
8000,6,1,7,6,500,0.004,0.0,0.996,0.0,2,0,498,0
8000,6,2,8,12,500,0.056,0.016,0.912,0.016,28,8,456,8
8000,6,6,12,15,500,0.02,0.006,0.966,0.008,10,3,483,4
8000,6,8,14,6,500,0.012,0.002,0.982,0.004,6,1,491,2
8000,6,9,15,12,500,0.02,0.016,0.946,0.018,10,8,473,9
8000,6,12,18,9,500,0.106,0.098,0.68,0.116,53,49,340,58
8000,6,13,19,15,500,0.014,0.014,0.972,0.0,7,7,486,0
8000,7,0,7,0,500,0.05,0.172,0.398,0.38,25,86,199,190
8000,7,1,8,7,500,0.0,0.0,1.0,0.0,0,0,500,0
8000,7,3,10,0,500,0.0,0.0,1.0,0.0,0,0,500,0
8000,7,4,11,7,500,0.0,0.0,1.0,0.0,0,0,500,0
8000,7,7,14,7,500,0.06,0.058,0.806,0.076,30,29,403,38
8000,7,8,15,14,500,0.042,0.066,0.828,0.064,21,33,414,32
8000,7,9,16,0,500,0.0,0.0,1.0,0.0,0,0,500,0
8000,7,11,18,14,500,0.026,0.052,0.92,0.002,13,26,460,1
8000,7,13,20,7,500,0.0,0.0,1.0,0.0,0,0,500,0
8000,8,0,8,0,500,0.0,0.0,1.0,0.0,0,0,500,0
8000,8,1,9,8,500,0.018,0.008,0.968,0.006,9,4,484,3
8000,8,3,11,3,500,0.02,0.01,0.97,0.0,10,5,485,0
8000,8,5,13,19,500,0.0,0.0,1.0,0.0,0,0,500,0
8000,8,6,14,6,500,0.028,0.002,0.964,0.006,14,1,482,3
8000,8,7,15,14,500,0.0,0.028,0.95,0.022,0,14,475,11
8000,8,9,17,9,500,0.002,0.004,0.994,0.0,1,2,497,0
8000,8,11,19,4,500,0.0,0.0,1.0,0.0,0,0,500,0
8000,8,12,20,12,500,0.0,0.0,1.0,0.0,0,0,500,0
8000,9,4,13,15,500,0.03,0.284,0.442,0.244,15,142,221,122
8000,9,5,14,3,500,0.008,0.016,0.976,0.0,4,8,488,0
8000,9,6,15,12,500,0.022,0.024,0.928,0.026,11,12,464,13
8000,9,7,16,0,500,0.0,0.0,1.0,0.0,0,0,500,0
8000,9,8,17,9,500,0.006,0.012,0.982,0.0,3,6,491,0
8000,9,11,20,15,500,0.014,0.668,0.114,0.204,7,334,57,102
8000,10,0,10,0,500,0.0,0.0,1.0,0.0,0,0,500,0
8000,10,1,11,10,500,0.002,0.0,0.998,0.0,1,0,499,0
8000,10,2,12,20,500,0.01,0.0,0.99,0.0,5,0,495,0
8000,10,4,14,19,500,0.014,0.004,0.98,0.002,7,2,490,1
8000,10,5,15,8,500,0.008,0.008,0.978,0.006,4,4,489,3
8000,10,6,16,18,500,0.026,0.0,0.968,0.006,13,0,484,3
8000,10,7,17,7,500,0.0,0.0,1.0,0.0,0,0,500,0
8000,10,8,18,17,500,0.062,0.006,0.926,0.006,31,3,463,3
8000,10,9,19,6,500,0.0,0.0,1.0,0.0,0,0,500,0
8000,11,0,11,0,500,0.0,0.0,1.0,0.0,0,0,500,0
8000,11,1,12,11,500,0.002,0.0,0.996,0.002,1,0,498,1
8000,11,2,13,1,500,0.004,0.616,0.142,0.238,2,308,71,119
8000,11,6,17,3,500,0.004,0.008,0.986,0.002,2,4,493,1
8000,11,8,19,4,500,0.002,0.0,0.998,0.0,1,0,499,0
8000,11,9,20,15,500,0.044,0.622,0.126,0.208,22,311,63,104
8000,12,0,12,0,500,0.0,0.0,1.0,0.0,0,0,500,0
8000,12,1,13,12,500,0.012,0.002,0.984,0.002,6,1,492,1
8000,12,4,16,6,500,0.0,0.01,0.99,0.0,0,5,495,0
8000,12,5,17,18,500,0.056,0.03,0.896,0.018,28,15,448,9
8000,12,6,18,9,500,0.076,0.084,0.762,0.078,38,42,381,39
8000,12,8,20,12,500,0.0,0.0,0.998,0.002,0,0,499,1
8000,13,1,14,13,500,0.0,0.0,0.998,0.002,0,0,499,1
8000,13,3,16,18,500,0.022,0.0,0.968,0.01,11,0,484,5
8000,13,4,17,10,500,0.006,0.002,0.992,0.0,3,1,496,0
8000,13,5,18,2,500,0.0,0.002,0.992,0.006,0,1,496,3
8000,14,0,14,0,500,0.106,0.042,0.818,0.034,53,21,409,17
8000,14,1,15,14,500,0.014,0.046,0.796,0.144,7,23,398,72
8000,14,2,16,7,500,0.0,0.0,1.0,0.0,0,0,500,0
8000,14,3,17,0,500,0.0,0.002,0.998,0.0,0,1,499,0
8000,14,4,18,14,500,0.034,0.052,0.896,0.018,17,26,448,9
8000,14,5,19,7,500,0.01,0.058,0.884,0.048,5,29,442,24
8000,15,0,15,0,500,0.004,0.0,0.996,0.0,2,0,498,0
8000,15,2,17,9,500,0.13,0.014,0.81,0.046,65,7,405,23
8000,16,0,16,0,500,0.0,0.0,1.0,0.0,0,0,500,0
8000,16,2,18,11,500,0.0,0.0,1.0,0.0,0,0,500,0
8000,16,3,19,6,500,0.0,0.0,1.0,0.0,0,0,500,0
8000,17,0,17,0,500,0.0,0.0,1.0,0.0,0,0,500,0
8000,17,1,18,17,500,0.072,0.0,0.9,0.028,36,0,450,14
8000,17,2,19,13,500,0.0,0.0,1.0,0.0,0,0,500,0
8000,17,3,20,9,500,0.0,0.006,0.994,0.0,0,3,497,0
8000,18,0,18,0,500,0.0,0.0,1.0,0.0,0,0,500,0
8000,18,2,20,15,500,0.098,0.292,0.222,0.388,49,146,111,194
8000,19,0,19,0,500,0.0,0.0,1.0,0.0,0,0,500,0
8000,19,1,20,19,500,0.062,0.006,0.892,0.04,31,3,446,20
8000,20,0,20,0,500,0.0,0.0,1.0,0.0,0,0,500,0
8500,0,2,2,0,500,0.0,0.0,1.0,0.0,0,0,500,0
8500,0,5,5,0,500,0.0,0.0,1.0,0.0,0,0,500,0
8500,0,6,6,0,500,0.0,0.002,0.992,0.006,0,1,496,3
8500,0,7,7,0,500,0.062,0.14,0.342,0.456,31,70,171,228
8500,0,8,8,0,500,0.0,0.0,1.0,0.0,0,0,500,0
8500,0,10,10,0,500,0.0,0.0,1.0,0.0,0,0,500,0
8500,0,11,11,0,500,0.0,0.0,1.0,0.0,0,0,500,0
8500,0,14,14,0,500,0.058,0.048,0.854,0.04,29,24,427,20
8500,0,15,15,0,500,0.0,0.0,1.0,0.0,0,0,500,0
8500,0,16,16,0,500,0.0,0.0,1.0,0.0,0,0,500,0
8500,0,20,20,0,500,0.0,0.0,1.0,0.0,0,0,500,0
8500,1,0,1,0,500,0.0,0.0,1.0,0.0,0,0,500,0
8500,1,1,2,1,500,0.042,0.074,0.422,0.462,21,37,211,231
8500,1,3,4,3,500,0.166,0.074,0.314,0.446,83,37,157,223
8500,1,4,5,4,500,0.002,0.0,0.998,0.0,1,0,499,0
8500,1,5,6,5,500,0.044,0.018,0.41,0.528,22,9,205,264
8500,1,7,8,7,500,0.0,0.0,0.998,0.002,0,0,499,1
8500,1,8,9,8,500,0.004,0.004,0.99,0.002,2,2,495,1
8500,1,9,10,9,500,0.0,0.014,0.984,0.002,0,7,492,1
8500,1,11,12,11,500,0.0,0.002,0.996,0.002,0,1,498,1
8500,1,13,14,13,500,0.002,0.0,0.998,0.0,1,0,499,0
8500,1,14,15,14,500,0.004,0.09,0.664,0.242,2,45,332,121
8500,1,18,19,18,500,0.18,0.03,0.742,0.048,90,15,371,24
8500,1,19,20,19,500,0.04,0.044,0.89,0.026,20,22,445,13
8500,2,3,5,6,500,0.058,0.074,0.504,0.364,29,37,252,182
8500,2,8,10,16,500,0.104,0.008,0.464,0.424,52,4,232,212
8500,2,10,12,20,500,0.002,0.0,0.998,0.0,1,0,499,0
8500,2,11,13,1,500,0.012,0.512,0.21,0.266,6,256,105,133
8500,2,12,14,3,500,0.004,0.002,0.994,0.0,2,1,497,0
8500,2,14,16,7,500,0.0,0.002,0.998,0.0,0,1,499,0
8500,2,15,17,9,500,0.064,0.012,0.922,0.002,32,6,461,1
8500,2,18,20,15,500,0.108,0.33,0.196,0.366,54,165,98,183
8500,3,0,3,0,500,0.002,0.0,0.998,0.0,1,0,499,0
8500,3,2,5,6,500,0.052,0.112,0.498,0.338,26,56,249,169
8500,3,4,7,12,500,0.202,0.022,0.67,0.106,101,11,335,53
8500,3,5,8,15,500,0.014,0.012,0.942,0.032,7,6,471,16
8500,3,6,9,18,500,0.126,0.03,0.756,0.088,63,15,378,44
8500,3,7,10,0,500,0.0,0.0,1.0,0.0,0,0,500,0
8500,3,8,11,3,500,0.024,0.036,0.934,0.006,12,18,467,3
8500,3,9,12,6,500,0.022,0.004,0.974,0.0,11,2,487,0
8500,3,10,13,9,500,0.0,0.0,1.0,0.0,0,0,500,0
8500,3,13,16,18,500,0.01,0.0,0.972,0.018,5,0,486,9
8500,3,14,17,0,500,0.0,0.002,0.998,0.0,0,1,499,0
8500,3,15,18,3,500,0.604,0.054,0.248,0.094,302,27,124,47
8500,3,16,19,6,500,0.0,0.0,1.0,0.0,0,0,500,0
8500,3,17,20,9,500,0.002,0.004,0.994,0.0,1,2,497,0
8500,4,0,4,0,500,0.0,0.0,1.0,0.0,0,0,500,0
8500,4,2,6,8,500,0.09,0.028,0.806,0.076,45,14,403,38
8500,4,5,9,20,500,0.002,0.002,0.996,0.0,1,1,498,0
8500,4,6,10,3,500,0.186,0.094,0.562,0.158,93,47,281,79
8500,4,7,11,7,500,0.0,0.002,0.998,0.0,0,1,499,0
8500,4,8,12,11,500,0.01,0.002,0.988,0.0,5,1,494,0
8500,4,9,13,15,500,0.008,0.48,0.342,0.17,4,240,171,85
8500,4,10,14,19,500,0.004,0.0,0.996,0.0,2,0,498,0
8500,4,11,15,2,500,0.004,0.002,0.984,0.01,2,1,492,5
8500,4,12,16,6,500,0.002,0.002,0.994,0.002,1,1,497,1
8500,4,13,17,10,500,0.004,0.0,0.996,0.0,2,0,498,0
8500,4,14,18,14,500,0.02,0.054,0.906,0.02,10,27,453,10
8500,4,16,20,1,500,0.0,0.0,1.0,0.0,0,0,500,0
8500,5,0,5,0,500,0.0,0.0,1.0,0.0,0,0,500,0
8500,5,2,7,10,500,0.0,0.0,1.0,0.0,0,0,500,0
8500,5,3,8,15,500,0.02,0.044,0.902,0.034,10,22,451,17
8500,5,4,9,20,500,0.002,0.002,0.996,0.0,1,1,498,0
8500,5,5,10,4,500,0.042,0.034,0.902,0.022,21,17,451,11
8500,5,7,12,14,500,0.002,0.112,0.874,0.012,1,56,437,6
8500,5,9,14,3,500,0.006,0.006,0.988,0.0,3,3,494,0
8500,5,10,15,8,500,0.002,0.004,0.992,0.002,1,2,496,1
8500,5,11,16,13,500,0.0,0.0,1.0,0.0,0,0,500,0
8500,5,12,17,18,500,0.08,0.01,0.906,0.004,40,5,453,2
8500,5,14,19,7,500,0.032,0.014,0.914,0.04,16,7,457,20
8500,5,15,20,12,500,0.008,0.008,0.982,0.002,4,4,491,1
8500,6,1,7,6,500,0.008,0.0,0.992,0.0,4,0,496,0
8500,6,2,8,12,500,0.06,0.006,0.932,0.002,30,3,466,1
8500,6,6,12,15,500,0.012,0.002,0.986,0.0,6,1,493,0
8500,6,8,14,6,500,0.008,0.004,0.984,0.004,4,2,492,2
8500,6,9,15,12,500,0.014,0.006,0.974,0.006,7,3,487,3
8500,6,12,18,9,500,0.116,0.082,0.672,0.13,58,41,336,65
8500,6,13,19,15,500,0.006,0.004,0.99,0.0,3,2,495,0
8500,7,0,7,0,500,0.054,0.14,0.398,0.408,27,70,199,204
8500,7,1,8,7,500,0.0,0.0,1.0,0.0,0,0,500,0
8500,7,3,10,0,500,0.0,0.0,1.0,0.0,0,0,500,0
8500,7,4,11,7,500,0.0,0.0,1.0,0.0,0,0,500,0
8500,7,7,14,7,500,0.048,0.054,0.868,0.03,24,27,434,15
8500,7,8,15,14,500,0.004,0.108,0.766,0.122,2,54,383,61
8500,7,9,16,0,500,0.0,0.0,1.0,0.0,0,0,500,0
8500,7,11,18,14,500,0.048,0.074,0.864,0.014,24,37,432,7
8500,7,13,20,7,500,0.002,0.0,0.998,0.0,1,0,499,0
8500,8,0,8,0,500,0.0,0.0,1.0,0.0,0,0,500,0
8500,8,1,9,8,500,0.004,0.0,0.996,0.0,2,0,498,0
8500,8,3,11,3,500,0.05,0.022,0.9,0.028,25,11,450,14
8500,8,5,13,19,500,0.0,0.0,1.0,0.0,0,0,500,0
8500,8,6,14,6,500,0.024,0.006,0.956,0.014,12,3,478,7
8500,8,7,15,14,500,0.004,0.076,0.834,0.086,2,38,417,43
8500,8,9,17,9,500,0.006,0.002,0.99,0.002,3,1,495,1
8500,8,11,19,4,500,0.0,0.0,1.0,0.0,0,0,500,0
8500,8,12,20,12,500,0.0,0.0,1.0,0.0,0,0,500,0
8500,9,4,13,15,500,0.022,0.338,0.394,0.246,11,169,197,123
8500,9,5,14,3,500,0.002,0.004,0.994,0.0,1,2,497,0
8500,9,6,15,12,500,0.014,0.008,0.97,0.008,7,4,485,4
8500,9,7,16,0,500,0.0,0.0,1.0,0.0,0,0,500,0
8500,9,8,17,9,500,0.01,0.01,0.98,0.0,5,5,490,0
8500,9,11,20,15,500,0.006,0.822,0.092,0.08,3,411,46,40
8500,10,0,10,0,500,0.0,0.0,1.0,0.0,0,0,500,0
8500,10,1,11,10,500,0.0,0.0,1.0,0.0,0,0,500,0
8500,10,2,12,20,500,0.004,0.0,0.996,0.0,2,0,498,0
8500,10,4,14,19,500,0.01,0.002,0.988,0.0,5,1,494,0
8500,10,5,15,8,500,0.002,0.002,0.988,0.008,1,1,494,4
8500,10,6,16,18,500,0.01,0.004,0.984,0.002,5,2,492,1
8500,10,7,17,7,500,0.0,0.0,1.0,0.0,0,0,500,0
8500,10,8,18,17,500,0.06,0.014,0.914,0.012,30,7,457,6
8500,10,9,19,6,500,0.0,0.0,1.0,0.0,0,0,500,0
8500,11,0,11,0,500,0.0,0.0,1.0,0.0,0,0,500,0
8500,11,1,12,11,500,0.002,0.0,0.998,0.0,1,0,499,0
8500,11,2,13,1,500,0.014,0.532,0.164,0.29,7,266,82,145
8500,11,6,17,3,500,0.014,0.002,0.97,0.014,7,1,485,7
8500,11,8,19,4,500,0.0,0.002,0.998,0.0,0,1,499,0
8500,11,9,20,15,500,0.062,0.584,0.136,0.218,31,292,68,109
8500,12,0,12,0,500,0.0,0.0,1.0,0.0,0,0,500,0
8500,12,1,13,12,500,0.006,0.002,0.992,0.0,3,1,496,0
8500,12,4,16,6,500,0.002,0.002,0.996,0.0,1,1,498,0
8500,12,5,17,18,500,0.062,0.014,0.924,0.0,31,7,462,0
8500,12,6,18,9,500,0.086,0.068,0.764,0.082,43,34,382,41
8500,12,8,20,12,500,0.0,0.0,1.0,0.0,0,0,500,0
8500,13,1,14,13,500,0.002,0.0,0.998,0.0,1,0,499,0
8500,13,3,16,18,500,0.02,0.004,0.96,0.016,10,2,480,8
8500,13,4,17,10,500,0.004,0.0,0.996,0.0,2,0,498,0
8500,13,5,18,2,500,0.0,0.0,1.0,0.0,0,0,500,0
8500,14,0,14,0,500,0.032,0.05,0.902,0.016,16,25,451,8
8500,14,1,15,14,500,0.02,0.026,0.782,0.172,10,13,391,86
8500,14,2,16,7,500,0.0,0.0,1.0,0.0,0,0,500,0
8500,14,3,17,0,500,0.002,0.0,0.998,0.0,1,0,499,0
8500,14,4,18,14,500,0.022,0.052,0.912,0.014,11,26,456,7
8500,14,5,19,7,500,0.054,0.014,0.89,0.042,27,7,445,21
8500,15,0,15,0,500,0.0,0.002,0.998,0.0,0,1,499,0
8500,15,2,17,9,500,0.056,0.008,0.93,0.006,28,4,465,3
8500,16,0,16,0,500,0.0,0.0,1.0,0.0,0,0,500,0
8500,16,2,18,11,500,0.0,0.0,1.0,0.0,0,0,500,0
8500,16,3,19,6,500,0.0,0.0,1.0,0.0,0,0,500,0
8500,17,0,17,0,500,0.0,0.0,1.0,0.0,0,0,500,0
8500,17,1,18,17,500,0.092,0.004,0.882,0.022,46,2,441,11
8500,17,2,19,13,500,0.0,0.0,1.0,0.0,0,0,500,0
8500,17,3,20,9,500,0.004,0.004,0.992,0.0,2,2,496,0
8500,18,0,18,0,500,0.0,0.0,1.0,0.0,0,0,500,0
8500,18,2,20,15,500,0.17,0.266,0.202,0.362,85,133,101,181
8500,19,0,19,0,500,0.0,0.0,1.0,0.0,0,0,500,0
8500,19,1,20,19,500,0.08,0.048,0.81,0.062,40,24,405,31
8500,20,0,20,0,500,0.0,0.0,1.0,0.0,0,0,500,0
9000,0,2,2,0,500,0.0,0.0,1.0,0.0,0,0,500,0
9000,0,5,5,0,500,0.0,0.0,1.0,0.0,0,0,500,0
9000,0,6,6,0,500,0.002,0.0,0.994,0.004,1,0,497,2
9000,0,7,7,0,500,0.092,0.088,0.438,0.382,46,44,219,191
9000,0,8,8,0,500,0.0,0.0,1.0,0.0,0,0,500,0
9000,0,10,10,0,500,0.0,0.0,1.0,0.0,0,0,500,0
9000,0,11,11,0,500,0.0,0.0,1.0,0.0,0,0,500,0
9000,0,14,14,0,500,0.074,0.028,0.884,0.014,37,14,442,7
9000,0,15,15,0,500,0.004,0.0,0.996,0.0,2,0,498,0
9000,0,16,16,0,500,0.0,0.0,1.0,0.0,0,0,500,0
9000,0,20,20,0,500,0.0,0.0,1.0,0.0,0,0,500,0
9000,1,0,1,0,500,0.0,0.0,1.0,0.0,0,0,500,0
9000,1,1,2,1,500,0.016,0.352,0.318,0.314,8,176,159,157
9000,1,3,4,3,500,0.212,0.164,0.356,0.268,106,82,178,134
9000,1,4,5,4,500,0.0,0.0,1.0,0.0,0,0,500,0
9000,1,5,6,5,500,0.022,0.026,0.6,0.352,11,13,300,176
9000,1,7,8,7,500,0.002,0.0,0.996,0.002,1,0,498,1
9000,1,8,9,8,500,0.0,0.002,0.998,0.0,0,1,499,0
9000,1,9,10,9,500,0.006,0.01,0.978,0.006,3,5,489,3
9000,1,11,12,11,500,0.004,0.0,0.996,0.0,2,0,498,0
9000,1,13,14,13,500,0.006,0.0,0.994,0.0,3,0,497,0
9000,1,14,15,14,500,0.002,0.032,0.866,0.1,1,16,433,50
9000,1,18,19,18,500,0.128,0.06,0.756,0.056,64,30,378,28
9000,1,19,20,19,500,0.04,0.002,0.954,0.004,20,1,477,2
9000,2,3,5,6,500,0.026,0.076,0.73,0.168,13,38,365,84
9000,2,8,10,16,500,0.134,0.032,0.406,0.428,67,16,203,214
9000,2,10,12,20,500,0.006,0.0,0.994,0.0,3,0,497,0
9000,2,11,13,1,500,0.058,0.238,0.296,0.408,29,119,148,204
9000,2,12,14,3,500,0.004,0.006,0.99,0.0,2,3,495,0
9000,2,14,16,7,500,0.0,0.0,1.0,0.0,0,0,500,0
9000,2,15,17,9,500,0.054,0.008,0.93,0.008,27,4,465,4
9000,2,18,20,15,500,0.214,0.156,0.242,0.388,107,78,121,194
9000,3,0,3,0,500,0.0,0.0,1.0,0.0,0,0,500,0
9000,3,2,5,6,500,0.022,0.038,0.718,0.222,11,19,359,111
9000,3,4,7,12,500,0.096,0.048,0.828,0.028,48,24,414,14
9000,3,5,8,15,500,0.012,0.01,0.964,0.014,6,5,482,7
9000,3,6,9,18,500,0.21,0.02,0.65,0.12,105,10,325,60
9000,3,7,10,0,500,0.0,0.0,1.0,0.0,0,0,500,0
9000,3,8,11,3,500,0.014,0.002,0.982,0.002,7,1,491,1
9000,3,9,12,6,500,0.004,0.004,0.99,0.002,2,2,495,1
9000,3,10,13,9,500,0.0,0.0,1.0,0.0,0,0,500,0
9000,3,13,16,18,500,0.018,0.002,0.974,0.006,9,1,487,3
9000,3,14,17,0,500,0.004,0.002,0.994,0.0,2,1,497,0
9000,3,15,18,3,500,0.59,0.046,0.254,0.11,295,23,127,55
9000,3,16,19,6,500,0.002,0.0,0.998,0.0,1,0,499,0
9000,3,17,20,9,500,0.006,0.004,0.988,0.002,3,2,494,1
9000,4,0,4,0,500,0.0,0.0,1.0,0.0,0,0,500,0
9000,4,2,6,8,500,0.022,0.034,0.942,0.002,11,17,471,1
9000,4,5,9,20,500,0.0,0.002,0.998,0.0,0,1,499,0
9000,4,6,10,3,500,0.112,0.122,0.63,0.136,56,61,315,68
9000,4,7,11,7,500,0.0,0.0,1.0,0.0,0,0,500,0
9000,4,8,12,11,500,0.014,0.004,0.982,0.0,7,2,491,0
9000,4,9,13,15,500,0.012,0.468,0.262,0.258,6,234,131,129
9000,4,10,14,19,500,0.03,0.004,0.966,0.0,15,2,483,0
9000,4,11,15,2,500,0.0,0.01,0.984,0.006,0,5,492,3
9000,4,12,16,6,500,0.0,0.0,1.0,0.0,0,0,500,0
9000,4,13,17,10,500,0.002,0.0,0.996,0.002,1,0,498,1
9000,4,14,18,14,500,0.014,0.032,0.952,0.002,7,16,476,1
9000,4,16,20,1,500,0.0,0.0,1.0,0.0,0,0,500,0
9000,5,0,5,0,500,0.0,0.0,1.0,0.0,0,0,500,0
9000,5,2,7,10,500,0.0,0.002,0.998,0.0,0,1,499,0
9000,5,3,8,15,500,0.008,0.002,0.978,0.012,4,1,489,6
9000,5,4,9,20,500,0.0,0.0,1.0,0.0,0,0,500,0
9000,5,5,10,4,500,0.0,0.006,0.992,0.002,0,3,496,1
9000,5,7,12,14,500,0.014,0.074,0.902,0.01,7,37,451,5
9000,5,9,14,3,500,0.002,0.012,0.986,0.0,1,6,493,0
9000,5,10,15,8,500,0.036,0.02,0.93,0.014,18,10,465,7
9000,5,11,16,13,500,0.0,0.0,0.998,0.002,0,0,499,1
9000,5,12,17,18,500,0.054,0.006,0.928,0.012,27,3,464,6
9000,5,14,19,7,500,0.02,0.03,0.938,0.012,10,15,469,6
9000,5,15,20,12,500,0.026,0.008,0.96,0.006,13,4,480,3
9000,6,1,7,6,500,0.002,0.004,0.992,0.002,1,2,496,1
9000,6,2,8,12,500,0.088,0.002,0.894,0.016,44,1,447,8
9000,6,6,12,15,500,0.008,0.008,0.976,0.008,4,4,488,4
9000,6,8,14,6,500,0.008,0.0,0.984,0.008,4,0,492,4
9000,6,9,15,12,500,0.008,0.012,0.956,0.024,4,6,478,12
9000,6,12,18,9,500,0.124,0.038,0.734,0.104,62,19,367,52
9000,6,13,19,15,500,0.016,0.004,0.98,0.0,8,2,490,0
9000,7,0,7,0,500,0.082,0.114,0.52,0.284,41,57,260,142
9000,7,1,8,7,500,0.0,0.0,0.998,0.002,0,0,499,1
9000,7,3,10,0,500,0.0,0.0,1.0,0.0,0,0,500,0
9000,7,4,11,7,500,0.0,0.0,1.0,0.0,0,0,500,0
9000,7,7,14,7,500,0.09,0.042,0.838,0.03,45,21,419,15
9000,7,8,15,14,500,0.002,0.046,0.902,0.05,1,23,451,25
9000,7,9,16,0,500,0.0,0.0,1.0,0.0,0,0,500,0
9000,7,11,18,14,500,0.008,0.052,0.926,0.014,4,26,463,7
9000,7,13,20,7,500,0.0,0.0,1.0,0.0,0,0,500,0
9000,8,0,8,0,500,0.0,0.0,1.0,0.0,0,0,500,0
9000,8,1,9,8,500,0.022,0.002,0.972,0.004,11,1,486,2
9000,8,3,11,3,500,0.018,0.0,0.976,0.006,9,0,488,3
9000,8,5,13,19,500,0.0,0.0,1.0,0.0,0,0,500,0
9000,8,6,14,6,500,0.008,0.002,0.986,0.004,4,1,493,2
9000,8,7,15,14,500,0.012,0.044,0.912,0.032,6,22,456,16
9000,8,9,17,9,500,0.002,0.002,0.996,0.0,1,1,498,0
9000,8,11,19,4,500,0.0,0.0,1.0,0.0,0,0,500,0
9000,8,12,20,12,500,0.004,0.006,0.99,0.0,2,3,495,0
9000,9,4,13,15,500,0.016,0.33,0.39,0.264,8,165,195,132
9000,9,5,14,3,500,0.004,0.002,0.994,0.0,2,1,497,0
9000,9,6,15,12,500,0.02,0.006,0.96,0.014,10,3,480,7
9000,9,7,16,0,500,0.0,0.0,1.0,0.0,0,0,500,0
9000,9,8,17,9,500,0.004,0.01,0.986,0.0,2,5,493,0
9000,9,11,20,15,500,0.012,0.766,0.1,0.122,6,383,50,61
9000,10,0,10,0,500,0.0,0.0,1.0,0.0,0,0,500,0
9000,10,1,11,10,500,0.0,0.002,0.996,0.002,0,1,498,1
9000,10,2,12,20,500,0.006,0.0,0.994,0.0,3,0,497,0
9000,10,4,14,19,500,0.034,0.004,0.962,0.0,17,2,481,0
9000,10,5,15,8,500,0.042,0.004,0.944,0.01,21,2,472,5
9000,10,6,16,18,500,0.02,0.0,0.966,0.014,10,0,483,7
9000,10,7,17,7,500,0.002,0.0,0.998,0.0,1,0,499,0
9000,10,8,18,17,500,0.02,0.002,0.97,0.008,10,1,485,4
9000,10,9,19,6,500,0.0,0.0,1.0,0.0,0,0,500,0
9000,11,0,11,0,500,0.0,0.0,1.0,0.0,0,0,500,0
9000,11,1,12,11,500,0.008,0.002,0.99,0.0,4,1,495,0
9000,11,2,13,1,500,0.04,0.348,0.228,0.384,20,174,114,192
9000,11,6,17,3,500,0.008,0.0,0.99,0.002,4,0,495,1
9000,11,8,19,4,500,0.0,0.0,1.0,0.0,0,0,500,0
9000,11,9,20,15,500,0.084,0.364,0.268,0.284,42,182,134,142
9000,12,0,12,0,500,0.004,0.0,0.996,0.0,2,0,498,0
9000,12,1,13,12,500,0.004,0.0,0.994,0.002,2,0,497,1
9000,12,4,16,6,500,0.0,0.002,0.998,0.0,0,1,499,0
9000,12,5,17,18,500,0.058,0.006,0.932,0.004,29,3,466,2
9000,12,6,18,9,500,0.11,0.058,0.744,0.088,55,29,372,44
9000,12,8,20,12,500,0.006,0.004,0.99,0.0,3,2,495,0
9000,13,1,14,13,500,0.0,0.004,0.996,0.0,0,2,498,0
9000,13,3,16,18,500,0.05,0.008,0.906,0.036,25,4,453,18
9000,13,4,17,10,500,0.006,0.0,0.994,0.0,3,0,497,0
9000,13,5,18,2,500,0.0,0.002,0.996,0.002,0,1,498,1
9000,14,0,14,0,500,0.034,0.036,0.916,0.014,17,18,458,7
9000,14,1,15,14,500,0.074,0.012,0.802,0.112,37,6,401,56
9000,14,2,16,7,500,0.0,0.0,1.0,0.0,0,0,500,0
9000,14,3,17,0,500,0.0,0.002,0.998,0.0,0,1,499,0
9000,14,4,18,14,500,0.012,0.042,0.938,0.008,6,21,469,4
9000,14,5,19,7,500,0.016,0.014,0.96,0.01,8,7,480,5
9000,15,0,15,0,500,0.002,0.002,0.996,0.0,1,1,498,0
9000,15,2,17,9,500,0.074,0.012,0.9,0.014,37,6,450,7
9000,16,0,16,0,500,0.0,0.0,1.0,0.0,0,0,500,0
9000,16,2,18,11,500,0.0,0.0,1.0,0.0,0,0,500,0
9000,16,3,19,6,500,0.002,0.0,0.998,0.0,1,0,499,0
9000,17,0,17,0,500,0.0,0.0,1.0,0.0,0,0,500,0
9000,17,1,18,17,500,0.072,0.002,0.898,0.028,36,1,449,14
9000,17,2,19,13,500,0.002,0.0,0.998,0.0,1,0,499,0
9000,17,3,20,9,500,0.004,0.012,0.984,0.0,2,6,492,0
9000,18,0,18,0,500,0.0,0.0,1.0,0.0,0,0,500,0
9000,18,2,20,15,500,0.242,0.12,0.268,0.37,121,60,134,185
9000,19,0,19,0,500,0.0,0.0,1.0,0.0,0,0,500,0
9000,19,1,20,19,500,0.124,0.018,0.818,0.04,62,9,409,20
9000,20,0,20,0,500,0.0,0.0,1.0,0.0,0,0,500,0
9500,0,2,2,0,500,0.0,0.0,1.0,0.0,0,0,500,0
9500,0,5,5,0,500,0.0,0.0,1.0,0.0,0,0,500,0
9500,0,6,6,0,500,0.002,0.0,0.99,0.008,1,0,495,4
9500,0,7,7,0,500,0.058,0.196,0.296,0.45,29,98,148,225
9500,0,8,8,0,500,0.0,0.0,1.0,0.0,0,0,500,0
9500,0,10,10,0,500,0.0,0.0,1.0,0.0,0,0,500,0
9500,0,11,11,0,500,0.0,0.0,1.0,0.0,0,0,500,0
9500,0,14,14,0,500,0.122,0.038,0.762,0.078,61,19,381,39
9500,0,15,15,0,500,0.002,0.0,0.996,0.002,1,0,498,1
9500,0,16,16,0,500,0.0,0.0,1.0,0.0,0,0,500,0
9500,0,20,20,0,500,0.0,0.0,1.0,0.0,0,0,500,0
9500,1,0,1,0,500,0.0,0.0,1.0,0.0,0,0,500,0
9500,1,1,2,1,500,0.028,0.222,0.342,0.408,14,111,171,204
9500,1,3,4,3,500,0.188,0.054,0.438,0.32,94,27,219,160
9500,1,4,5,4,500,0.004,0.0,0.996,0.0,2,0,498,0
9500,1,5,6,5,500,0.026,0.004,0.718,0.252,13,2,359,126
9500,1,7,8,7,500,0.002,0.0,0.998,0.0,1,0,499,0
9500,1,8,9,8,500,0.07,0.008,0.882,0.04,35,4,441,20
9500,1,9,10,9,500,0.0,0.002,0.998,0.0,0,1,499,0
9500,1,11,12,11,500,0.006,0.0,0.994,0.0,3,0,497,0
9500,1,13,14,13,500,0.006,0.0,0.994,0.0,3,0,497,0
9500,1,14,15,14,500,0.018,0.008,0.818,0.156,9,4,409,78
9500,1,18,19,18,500,0.208,0.034,0.654,0.104,104,17,327,52
9500,1,19,20,19,500,0.082,0.018,0.82,0.08,41,9,410,40
9500,2,3,5,6,500,0.042,0.058,0.654,0.246,21,29,327,123
9500,2,8,10,16,500,0.12,0.014,0.39,0.476,60,7,195,238
9500,2,10,12,20,500,0.0,0.0,1.0,0.0,0,0,500,0
9500,2,11,13,1,500,0.044,0.248,0.29,0.418,22,124,145,209
9500,2,12,14,3,500,0.008,0.012,0.98,0.0,4,6,490,0
9500,2,14,16,7,500,0.0,0.0,1.0,0.0,0,0,500,0
9500,2,15,17,9,500,0.082,0.022,0.886,0.01,41,11,443,5
9500,2,18,20,15,500,0.194,0.224,0.212,0.37,97,112,106,185
9500,3,0,3,0,500,0.002,0.006,0.992,0.0,1,3,496,0
9500,3,2,5,6,500,0.018,0.06,0.726,0.196,9,30,363,98
9500,3,4,7,12,500,0.188,0.028,0.662,0.122,94,14,331,61
9500,3,5,8,15,500,0.006,0.002,0.986,0.006,3,1,493,3
9500,3,6,9,18,500,0.2,0.07,0.622,0.108,100,35,311,54
9500,3,7,10,0,500,0.0,0.0,1.0,0.0,0,0,500,0
9500,3,8,11,3,500,0.006,0.004,0.988,0.002,3,2,494,1
9500,3,9,12,6,500,0.004,0.002,0.992,0.002,2,1,496,1
9500,3,10,13,9,500,0.0,0.0,1.0,0.0,0,0,500,0
9500,3,13,16,18,500,0.006,0.002,0.984,0.008,3,1,492,4
9500,3,14,17,0,500,0.0,0.004,0.996,0.0,0,2,498,0
9500,3,15,18,3,500,0.702,0.046,0.17,0.082,351,23,85,41
9500,3,16,19,6,500,0.002,0.0,0.998,0.0,1,0,499,0
9500,3,17,20,9,500,0.008,0.012,0.98,0.0,4,6,490,0
9500,4,0,4,0,500,0.0,0.0,1.0,0.0,0,0,500,0
9500,4,2,6,8,500,0.018,0.03,0.938,0.014,9,15,469,7
9500,4,5,9,20,500,0.002,0.004,0.994,0.0,1,2,497,0
9500,4,6,10,3,500,0.096,0.14,0.668,0.096,48,70,334,48
9500,4,7,11,7,500,0.0,0.0,1.0,0.0,0,0,500,0
9500,4,8,12,11,500,0.018,0.006,0.976,0.0,9,3,488,0
9500,4,9,13,15,500,0.008,0.384,0.404,0.204,4,192,202,102
9500,4,10,14,19,500,0.008,0.0,0.992,0.0,4,0,496,0
9500,4,11,15,2,500,0.0,0.002,0.976,0.022,0,1,488,11
9500,4,12,16,6,500,0.0,0.0,0.996,0.004,0,0,498,2
9500,4,13,17,10,500,0.006,0.002,0.992,0.0,3,1,496,0
9500,4,14,18,14,500,0.028,0.04,0.926,0.006,14,20,463,3
9500,4,16,20,1,500,0.0,0.0,1.0,0.0,0,0,500,0
9500,5,0,5,0,500,0.0,0.0,1.0,0.0,0,0,500,0
9500,5,2,7,10,500,0.0,0.0,1.0,0.0,0,0,500,0
9500,5,3,8,15,500,0.002,0.018,0.968,0.012,1,9,484,6
9500,5,4,9,20,500,0.002,0.002,0.996,0.0,1,1,498,0
9500,5,5,10,4,500,0.016,0.034,0.924,0.026,8,17,462,13
9500,5,7,12,14,500,0.042,0.054,0.888,0.016,21,27,444,8
9500,5,9,14,3,500,0.0,0.012,0.988,0.0,0,6,494,0
9500,5,10,15,8,500,0.016,0.006,0.974,0.004,8,3,487,2
9500,5,11,16,13,500,0.0,0.0,1.0,0.0,0,0,500,0
9500,5,12,17,18,500,0.04,0.022,0.926,0.012,20,11,463,6
9500,5,14,19,7,500,0.076,0.074,0.794,0.056,38,37,397,28
9500,5,15,20,12,500,0.016,0.004,0.98,0.0,8,2,490,0
9500,6,1,7,6,500,0.008,0.0,0.992,0.0,4,0,496,0
9500,6,2,8,12,500,0.06,0.004,0.918,0.018,30,2,459,9
9500,6,6,12,15,500,0.008,0.002,0.966,0.024,4,1,483,12
9500,6,8,14,6,500,0.012,0.006,0.976,0.006,6,3,488,3
9500,6,9,15,12,500,0.014,0.01,0.954,0.022,7,5,477,11
9500,6,12,18,9,500,0.154,0.042,0.712,0.092,77,21,356,46
9500,6,13,19,15,500,0.014,0.004,0.982,0.0,7,2,491,0
9500,7,0,7,0,500,0.098,0.186,0.31,0.406,49,93,155,203
9500,7,1,8,7,500,0.0,0.0,1.0,0.0,0,0,500,0
9500,7,3,10,0,500,0.0,0.0,1.0,0.0,0,0,500,0
9500,7,4,11,7,500,0.0,0.0,1.0,0.0,0,0,500,0
9500,7,7,14,7,500,0.084,0.058,0.788,0.07,42,29,394,35
9500,7,8,15,14,500,0.0,0.062,0.902,0.036,0,31,451,18
9500,7,9,16,0,500,0.0,0.0,1.0,0.0,0,0,500,0
9500,7,11,18,14,500,0.016,0.036,0.936,0.012,8,18,468,6
9500,7,13,20,7,500,0.0,0.0,1.0,0.0,0,0,500,0
9500,8,0,8,0,500,0.0,0.0,1.0,0.0,0,0,500,0
9500,8,1,9,8,500,0.016,0.0,0.984,0.0,8,0,492,0
9500,8,3,11,3,500,0.012,0.008,0.976,0.004,6,4,488,2
9500,8,5,13,19,500,0.0,0.002,0.998,0.0,0,1,499,0
9500,8,6,14,6,500,0.02,0.006,0.948,0.026,10,3,474,13
9500,8,7,15,14,500,0.004,0.036,0.918,0.042,2,18,459,21
9500,8,9,17,9,500,0.002,0.002,0.996,0.0,1,1,498,0
9500,8,11,19,4,500,0.0,0.0,0.996,0.004,0,0,498,2
9500,8,12,20,12,500,0.0,0.002,0.998,0.0,0,1,499,0
9500,9,4,13,15,500,0.026,0.318,0.492,0.164,13,159,246,82
9500,9,5,14,3,500,0.012,0.012,0.976,0.0,6,6,488,0
9500,9,6,15,12,500,0.01,0.004,0.97,0.016,5,2,485,8
9500,9,7,16,0,500,0.0,0.0,1.0,0.0,0,0,500,0
9500,9,8,17,9,500,0.006,0.016,0.978,0.0,3,8,489,0
9500,9,11,20,15,500,0.002,0.854,0.086,0.058,1,427,43,29
9500,10,0,10,0,500,0.0,0.0,1.0,0.0,0,0,500,0
9500,10,1,11,10,500,0.0,0.002,0.994,0.004,0,1,497,2
9500,10,2,12,20,500,0.008,0.0,0.99,0.002,4,0,495,1
9500,10,4,14,19,500,0.012,0.0,0.988,0.0,6,0,494,0
9500,10,5,15,8,500,0.006,0.002,0.99,0.002,3,1,495,1
9500,10,6,16,18,500,0.006,0.0,0.988,0.006,3,0,494,3
9500,10,7,17,7,500,0.0,0.0,1.0,0.0,0,0,500,0
9500,10,8,18,17,500,0.056,0.002,0.93,0.012,28,1,465,6
9500,10,9,19,6,500,0.0,0.004,0.996,0.0,0,2,498,0
9500,11,0,11,0,500,0.0,0.0,1.0,0.0,0,0,500,0
9500,11,1,12,11,500,0.002,0.002,0.994,0.002,1,1,497,1
9500,11,2,13,1,500,0.034,0.3,0.292,0.374,17,150,146,187
9500,11,6,17,3,500,0.01,0.006,0.984,0.0,5,3,492,0
9500,11,8,19,4,500,0.0,0.0,1.0,0.0,0,0,500,0
9500,11,9,20,15,500,0.016,0.748,0.106,0.13,8,374,53,65
9500,12,0,12,0,500,0.006,0.002,0.992,0.0,3,1,496,0
9500,12,1,13,12,500,0.004,0.004,0.99,0.002,2,2,495,1
9500,12,4,16,6,500,0.002,0.006,0.99,0.002,1,3,495,1
9500,12,5,17,18,500,0.046,0.008,0.944,0.002,23,4,472,1
9500,12,6,18,9,500,0.174,0.056,0.656,0.114,87,28,328,57
9500,12,8,20,12,500,0.002,0.004,0.992,0.002,1,2,496,1
9500,13,1,14,13,500,0.006,0.0,0.992,0.002,3,0,496,1
9500,13,3,16,18,500,0.03,0.004,0.954,0.012,15,2,477,6
9500,13,4,17,10,500,0.008,0.0,0.992,0.0,4,0,496,0
9500,13,5,18,2,500,0.01,0.0,0.988,0.002,5,0,494,1
9500,14,0,14,0,500,0.066,0.034,0.852,0.048,33,17,426,24
9500,14,1,15,14,500,0.02,0.024,0.888,0.068,10,12,444,34
9500,14,2,16,7,500,0.0,0.0,1.0,0.0,0,0,500,0
9500,14,3,17,0,500,0.0,0.0,1.0,0.0,0,0,500,0
9500,14,4,18,14,500,0.024,0.032,0.94,0.004,12,16,470,2
9500,14,5,19,7,500,0.068,0.04,0.83,0.062,34,20,415,31
9500,15,0,15,0,500,0.0,0.0,1.0,0.0,0,0,500,0
9500,15,2,17,9,500,0.08,0.016,0.892,0.012,40,8,446,6
9500,16,0,16,0,500,0.0,0.0,1.0,0.0,0,0,500,0
9500,16,2,18,11,500,0.0,0.0,1.0,0.0,0,0,500,0
9500,16,3,19,6,500,0.002,0.002,0.996,0.0,1,1,498,0
9500,17,0,17,0,500,0.0,0.0,1.0,0.0,0,0,500,0
9500,17,1,18,17,500,0.056,0.01,0.924,0.01,28,5,462,5
9500,17,2,19,13,500,0.0,0.0,1.0,0.0,0,0,500,0
9500,17,3,20,9,500,0.01,0.008,0.982,0.0,5,4,491,0
9500,18,0,18,0,500,0.0,0.0,1.0,0.0,0,0,500,0
9500,18,2,20,15,500,0.206,0.164,0.194,0.436,103,82,97,218
9500,19,0,19,0,500,0.0,0.0,1.0,0.0,0,0,500,0
9500,19,1,20,19,500,0.184,0.016,0.712,0.088,92,8,356,44
9500,20,0,20,0,500,0.0,0.0,1.0,0.0,0,0,500,0
10000,0,2,2,0,500,0.0,0.0,1.0,0.0,0,0,500,0
10000,0,5,5,0,500,0.0,0.0,1.0,0.0,0,0,500,0
10000,0,6,6,0,500,0.002,0.0,0.99,0.008,1,0,495,4
10000,0,7,7,0,500,0.038,0.236,0.328,0.398,19,118,164,199
10000,0,8,8,0,500,0.0,0.0,1.0,0.0,0,0,500,0
10000,0,10,10,0,500,0.0,0.0,1.0,0.0,0,0,500,0
10000,0,11,11,0,500,0.0,0.0,1.0,0.0,0,0,500,0
10000,0,14,14,0,500,0.154,0.054,0.726,0.066,77,27,363,33
10000,0,15,15,0,500,0.004,0.002,0.994,0.0,2,1,497,0
10000,0,16,16,0,500,0.0,0.0,1.0,0.0,0,0,500,0
10000,0,20,20,0,500,0.0,0.0,1.0,0.0,0,0,500,0
10000,1,0,1,0,500,0.0,0.0,1.0,0.0,0,0,500,0
10000,1,1,2,1,500,0.01,0.294,0.514,0.182,5,147,257,91
10000,1,3,4,3,500,0.294,0.032,0.352,0.322,147,16,176,161
10000,1,4,5,4,500,0.008,0.0,0.992,0.0,4,0,496,0
10000,1,5,6,5,500,0.034,0.04,0.408,0.518,17,20,204,259
10000,1,7,8,7,500,0.0,0.0,1.0,0.0,0,0,500,0
10000,1,8,9,8,500,0.0,0.008,0.988,0.004,0,4,494,2
10000,1,9,10,9,500,0.004,0.01,0.986,0.0,2,5,493,0
10000,1,11,12,11,500,0.0,0.0,0.998,0.002,0,0,499,1
10000,1,13,14,13,500,0.004,0.0,0.996,0.0,2,0,498,0
10000,1,14,15,14,500,0.014,0.032,0.816,0.138,7,16,408,69
10000,1,18,19,18,500,0.3,0.028,0.55,0.122,150,14,275,61
10000,1,19,20,19,500,0.054,0.008,0.886,0.052,27,4,443,26
10000,2,3,5,6,500,0.046,0.134,0.478,0.342,23,67,239,171
10000,2,8,10,16,500,0.094,0.022,0.434,0.45,47,11,217,225
10000,2,10,12,20,500,0.002,0.0,0.998,0.0,1,0,499,0
10000,2,11,13,1,500,0.042,0.292,0.224,0.442,21,146,112,221
10000,2,12,14,3,500,0.004,0.014,0.98,0.002,2,7,490,1
10000,2,14,16,7,500,0.0,0.0,1.0,0.0,0,0,500,0
10000,2,15,17,9,500,0.054,0.016,0.92,0.01,27,8,460,5
10000,2,18,20,15,500,0.156,0.196,0.234,0.414,78,98,117,207
10000,3,0,3,0,500,0.002,0.004,0.994,0.0,1,2,497,0
10000,3,2,5,6,500,0.052,0.128,0.512,0.308,26,64,256,154
10000,3,4,7,12,500,0.128,0.032,0.738,0.102,64,16,369,51
10000,3,5,8,15,500,0.006,0.004,0.99,0.0,3,2,495,0
10000,3,6,9,18,500,0.15,0.02,0.728,0.102,75,10,364,51
10000,3,7,10,0,500,0.0,0.0,1.0,0.0,0,0,500,0
10000,3,8,11,3,500,0.014,0.032,0.954,0.0,7,16,477,0
10000,3,9,12,6,500,0.008,0.002,0.99,0.0,4,1,495,0
10000,3,10,13,9,500,0.0,0.0,1.0,0.0,0,0,500,0
10000,3,13,16,18,500,0.016,0.004,0.968,0.012,8,2,484,6
10000,3,14,17,0,500,0.0,0.0,1.0,0.0,0,0,500,0
10000,3,15,18,3,500,0.594,0.07,0.23,0.106,297,35,115,53
10000,3,16,19,6,500,0.0,0.0,1.0,0.0,0,0,500,0
10000,3,17,20,9,500,0.0,0.002,0.998,0.0,0,1,499,0
10000,4,0,4,0,500,0.0,0.0,1.0,0.0,0,0,500,0
10000,4,2,6,8,500,0.034,0.014,0.946,0.006,17,7,473,3
10000,4,5,9,20,500,0.0,0.0,1.0,0.0,0,0,500,0
10000,4,6,10,3,500,0.132,0.162,0.544,0.162,66,81,272,81
10000,4,7,11,7,500,0.0,0.0,1.0,0.0,0,0,500,0
10000,4,8,12,11,500,0.02,0.006,0.966,0.008,10,3,483,4
10000,4,9,13,15,500,0.008,0.442,0.338,0.212,4,221,169,106
10000,4,10,14,19,500,0.012,0.0,0.988,0.0,6,0,494,0
10000,4,11,15,2,500,0.002,0.006,0.966,0.026,1,3,483,13
10000,4,12,16,6,500,0.002,0.0,0.998,0.0,1,0,499,0
10000,4,13,17,10,500,0.006,0.004,0.99,0.0,3,2,495,0
10000,4,14,18,14,500,0.004,0.056,0.934,0.006,2,28,467,3
10000,4,16,20,1,500,0.0,0.0,1.0,0.0,0,0,500,0
10000,5,0,5,0,500,0.0,0.0,1.0,0.0,0,0,500,0
10000,5,2,7,10,500,0.0,0.002,0.998,0.0,0,1,499,0
10000,5,3,8,15,500,0.01,0.022,0.962,0.006,5,11,481,3
10000,5,4,9,20,500,0.0,0.004,0.996,0.0,0,2,498,0
10000,5,5,10,4,500,0.052,0.036,0.874,0.038,26,18,437,19
10000,5,7,12,14,500,0.032,0.042,0.9,0.026,16,21,450,13
10000,5,9,14,3,500,0.002,0.006,0.992,0.0,1,3,496,0
10000,5,10,15,8,500,0.022,0.01,0.962,0.006,11,5,481,3
10000,5,11,16,13,500,0.006,0.002,0.988,0.004,3,1,494,2
10000,5,12,17,18,500,0.048,0.004,0.934,0.014,24,2,467,7
10000,5,14,19,7,500,0.018,0.044,0.888,0.05,9,22,444,25
10000,5,15,20,12,500,0.012,0.01,0.976,0.002,6,5,488,1
10000,6,1,7,6,500,0.002,0.0,0.998,0.0,1,0,499,0
10000,6,2,8,12,500,0.038,0.008,0.944,0.01,19,4,472,5
10000,6,6,12,15,500,0.008,0.0,0.988,0.004,4,0,494,2
10000,6,8,14,6,500,0.018,0.0,0.98,0.002,9,0,490,1
10000,6,9,15,12,500,0.02,0.004,0.966,0.01,10,2,483,5
10000,6,12,18,9,500,0.092,0.03,0.766,0.112,46,15,383,56
10000,6,13,19,15,500,0.006,0.002,0.99,0.002,3,1,495,1
10000,7,0,7,0,500,0.064,0.262,0.256,0.418,32,131,128,209
10000,7,1,8,7,500,0.0,0.0,1.0,0.0,0,0,500,0
10000,7,3,10,0,500,0.0,0.0,1.0,0.0,0,0,500,0
10000,7,4,11,7,500,0.0,0.0,1.0,0.0,0,0,500,0
10000,7,7,14,7,500,0.108,0.048,0.728,0.116,54,24,364,58
10000,7,8,15,14,500,0.0,0.03,0.964,0.006,0,15,482,3
10000,7,9,16,0,500,0.0,0.0,1.0,0.0,0,0,500,0
10000,7,11,18,14,500,0.008,0.04,0.928,0.024,4,20,464,12
10000,7,13,20,7,500,0.0,0.0,1.0,0.0,0,0,500,0
10000,8,0,8,0,500,0.0,0.0,1.0,0.0,0,0,500,0
10000,8,1,9,8,500,0.0,0.006,0.994,0.0,0,3,497,0
10000,8,3,11,3,500,0.018,0.012,0.96,0.01,9,6,480,5
10000,8,5,13,19,500,0.0,0.0,1.0,0.0,0,0,500,0
10000,8,6,14,6,500,0.014,0.002,0.978,0.006,7,1,489,3
10000,8,7,15,14,500,0.008,0.028,0.958,0.006,4,14,479,3
10000,8,9,17,9,500,0.004,0.0,0.996,0.0,2,0,498,0
10000,8,11,19,4,500,0.0,0.0,1.0,0.0,0,0,500,0
10000,8,12,20,12,500,0.002,0.002,0.996,0.0,1,1,498,0
10000,9,4,13,15,500,0.018,0.358,0.426,0.198,9,179,213,99
10000,9,5,14,3,500,0.002,0.008,0.99,0.0,1,4,495,0
10000,9,6,15,12,500,0.02,0.01,0.958,0.012,10,5,479,6
10000,9,7,16,0,500,0.0,0.0,1.0,0.0,0,0,500,0
10000,9,8,17,9,500,0.014,0.004,0.982,0.0,7,2,491,0
10000,9,11,20,15,500,0.006,0.852,0.058,0.084,3,426,29,42
10000,10,0,10,0,500,0.0,0.0,1.0,0.0,0,0,500,0
10000,10,1,11,10,500,0.002,0.002,0.996,0.0,1,1,498,0
10000,10,2,12,20,500,0.008,0.0,0.992,0.0,4,0,496,0
10000,10,4,14,19,500,0.006,0.0,0.994,0.0,3,0,497,0
10000,10,5,15,8,500,0.02,0.004,0.972,0.004,10,2,486,2
10000,10,6,16,18,500,0.004,0.002,0.988,0.006,2,1,494,3
10000,10,7,17,7,500,0.002,0.0,0.998,0.0,1,0,499,0
10000,10,8,18,17,500,0.074,0.0,0.896,0.03,37,0,448,15
10000,10,9,19,6,500,0.0,0.0,1.0,0.0,0,0,500,0
10000,11,0,11,0,500,0.0,0.0,1.0,0.0,0,0,500,0
10000,11,1,12,11,500,0.002,0.002,0.99,0.006,1,1,495,3
10000,11,2,13,1,500,0.026,0.408,0.21,0.356,13,204,105,178
10000,11,6,17,3,500,0.004,0.0,0.996,0.0,2,0,498,0
10000,11,8,19,4,500,0.0,0.0,1.0,0.0,0,0,500,0
10000,11,9,20,15,500,0.028,0.824,0.078,0.07,14,412,39,35
10000,12,0,12,0,500,0.01,0.0,0.99,0.0,5,0,495,0
10000,12,1,13,12,500,0.002,0.0,0.996,0.002,1,0,498,1
10000,12,4,16,6,500,0.004,0.002,0.994,0.0,2,1,497,0
10000,12,5,17,18,500,0.046,0.01,0.936,0.008,23,5,468,4
10000,12,6,18,9,500,0.15,0.022,0.756,0.072,75,11,378,36
10000,12,8,20,12,500,0.002,0.004,0.994,0.0,1,2,497,0
10000,13,1,14,13,500,0.004,0.0,0.996,0.0,2,0,498,0
10000,13,3,16,18,500,0.028,0.016,0.94,0.016,14,8,470,8
10000,13,4,17,10,500,0.01,0.002,0.988,0.0,5,1,494,0
10000,13,5,18,2,500,0.0,0.0,1.0,0.0,0,0,500,0
10000,14,0,14,0,500,0.088,0.064,0.79,0.058,44,32,395,29
10000,14,1,15,14,500,0.058,0.038,0.744,0.16,29,19,372,80
10000,14,2,16,7,500,0.0,0.0,1.0,0.0,0,0,500,0
10000,14,3,17,0,500,0.0,0.002,0.998,0.0,0,1,499,0
10000,14,4,18,14,500,0.006,0.058,0.912,0.024,3,29,456,12
10000,14,5,19,7,500,0.018,0.044,0.892,0.046,9,22,446,23
10000,15,0,15,0,500,0.0,0.0,1.0,0.0,0,0,500,0
10000,15,2,17,9,500,0.072,0.03,0.874,0.024,36,15,437,12
10000,16,0,16,0,500,0.0,0.0,1.0,0.0,0,0,500,0
10000,16,2,18,11,500,0.0,0.0,1.0,0.0,0,0,500,0
10000,16,3,19,6,500,0.0,0.0,1.0,0.0,0,0,500,0
10000,17,0,17,0,500,0.0,0.0,1.0,0.0,0,0,500,0
10000,17,1,18,17,500,0.098,0.002,0.886,0.014,49,1,443,7
10000,17,2,19,13,500,0.0,0.0,1.0,0.0,0,0,500,0
10000,17,3,20,9,500,0.006,0.012,0.982,0.0,3,6,491,0
10000,18,0,18,0,500,0.0,0.0,1.0,0.0,0,0,500,0
10000,18,2,20,15,500,0.176,0.198,0.236,0.39,88,99,118,195
10000,19,0,19,0,500,0.0,0.0,1.0,0.0,0,0,500,0
10000,19,1,20,19,500,0.108,0.01,0.82,0.062,54,5,410,31
10000,20,0,20,0,500,0.0,0.0,1.0,0.0,0,0,500,0
10500,0,2,2,0,500,0.0,0.0,1.0,0.0,0,0,500,0
10500,0,5,5,0,500,0.0,0.0,1.0,0.0,0,0,500,0
10500,0,6,6,0,500,0.002,0.0,0.988,0.01,1,0,494,5
10500,0,7,7,0,500,0.106,0.168,0.35,0.376,53,84,175,188
10500,0,8,8,0,500,0.0,0.0,1.0,0.0,0,0,500,0
10500,0,10,10,0,500,0.0,0.0,1.0,0.0,0,0,500,0
10500,0,11,11,0,500,0.0,0.0,1.0,0.0,0,0,500,0
10500,0,14,14,0,500,0.062,0.056,0.832,0.05,31,28,416,25
10500,0,15,15,0,500,0.0,0.0,1.0,0.0,0,0,500,0
10500,0,16,16,0,500,0.0,0.0,1.0,0.0,0,0,500,0
10500,0,20,20,0,500,0.0,0.0,1.0,0.0,0,0,500,0
10500,1,0,1,0,500,0.0,0.0,1.0,0.0,0,0,500,0
10500,1,1,2,1,500,0.042,0.124,0.446,0.388,21,62,223,194
10500,1,3,4,3,500,0.274,0.092,0.32,0.314,137,46,160,157
10500,1,4,5,4,500,0.01,0.0,0.99,0.0,5,0,495,0
10500,1,5,6,5,500,0.018,0.018,0.56,0.404,9,9,280,202
10500,1,7,8,7,500,0.0,0.0,1.0,0.0,0,0,500,0
10500,1,8,9,8,500,0.0,0.0,1.0,0.0,0,0,500,0
10500,1,9,10,9,500,0.002,0.006,0.992,0.0,1,3,496,0
10500,1,11,12,11,500,0.002,0.0,0.998,0.0,1,0,499,0
10500,1,13,14,13,500,0.002,0.0,0.998,0.0,1,0,499,0
10500,1,14,15,14,500,0.028,0.024,0.72,0.228,14,12,360,114
10500,1,18,19,18,500,0.116,0.052,0.784,0.048,58,26,392,24
10500,1,19,20,19,500,0.124,0.024,0.774,0.078,62,12,387,39
10500,2,3,5,6,500,0.038,0.066,0.566,0.33,19,33,283,165
10500,2,8,10,16,500,0.088,0.012,0.494,0.406,44,6,247,203
10500,2,10,12,20,500,0.0,0.0,0.998,0.002,0,0,499,1
10500,2,11,13,1,500,0.076,0.192,0.312,0.42,38,96,156,210
10500,2,12,14,3,500,0.018,0.0,0.982,0.0,9,0,491,0
10500,2,14,16,7,500,0.0,0.0,1.0,0.0,0,0,500,0
10500,2,15,17,9,500,0.058,0.012,0.928,0.002,29,6,464,1
10500,2,18,20,15,500,0.102,0.27,0.218,0.41,51,135,109,205
10500,3,0,3,0,500,0.004,0.006,0.99,0.0,2,3,495,0
10500,3,2,5,6,500,0.038,0.072,0.574,0.316,19,36,287,158
10500,3,4,7,12,500,0.244,0.058,0.578,0.12,122,29,289,60
10500,3,5,8,15,500,0.018,0.012,0.966,0.004,9,6,483,2
10500,3,6,9,18,500,0.098,0.042,0.81,0.05,49,21,405,25
10500,3,7,10,0,500,0.0,0.0,1.0,0.0,0,0,500,0
10500,3,8,11,3,500,0.016,0.08,0.9,0.004,8,40,450,2
10500,3,9,12,6,500,0.01,0.006,0.982,0.002,5,3,491,1
10500,3,10,13,9,500,0.002,0.0,0.998,0.0,1,0,499,0
10500,3,13,16,18,500,0.01,0.008,0.974,0.008,5,4,487,4
10500,3,14,17,0,500,0.0,0.0,1.0,0.0,0,0,500,0
10500,3,15,18,3,500,0.536,0.07,0.292,0.102,268,35,146,51
10500,3,16,19,6,500,0.004,0.0,0.996,0.0,2,0,498,0
10500,3,17,20,9,500,0.004,0.012,0.984,0.0,2,6,492,0
10500,4,0,4,0,500,0.0,0.0,1.0,0.0,0,0,500,0
10500,4,2,6,8,500,0.042,0.026,0.918,0.014,21,13,459,7
10500,4,5,9,20,500,0.0,0.004,0.996,0.0,0,2,498,0
10500,4,6,10,3,500,0.076,0.102,0.766,0.056,38,51,383,28
10500,4,7,11,7,500,0.0,0.0,1.0,0.0,0,0,500,0
10500,4,8,12,11,500,0.012,0.012,0.974,0.002,6,6,487,1
10500,4,9,13,15,500,0.008,0.34,0.318,0.334,4,170,159,167
10500,4,10,14,19,500,0.062,0.02,0.914,0.004,31,10,457,2
10500,4,11,15,2,500,0.002,0.008,0.98,0.01,1,4,490,5
10500,4,12,16,6,500,0.0,0.0,0.998,0.002,0,0,499,1
10500,4,13,17,10,500,0.004,0.002,0.994,0.0,2,1,497,0
10500,4,14,18,14,500,0.044,0.064,0.872,0.02,22,32,436,10
10500,4,16,20,1,500,0.0,0.0,1.0,0.0,0,0,500,0
10500,5,0,5,0,500,0.0,0.0,1.0,0.0,0,0,500,0
10500,5,2,7,10,500,0.0,0.0,1.0,0.0,0,0,500,0
10500,5,3,8,15,500,0.016,0.012,0.96,0.012,8,6,480,6
10500,5,4,9,20,500,0.002,0.016,0.982,0.0,1,8,491,0
10500,5,5,10,4,500,0.012,0.034,0.942,0.012,6,17,471,6
10500,5,7,12,14,500,0.028,0.038,0.924,0.01,14,19,462,5
10500,5,9,14,3,500,0.006,0.008,0.986,0.0,3,4,493,0
10500,5,10,15,8,500,0.014,0.002,0.98,0.004,7,1,490,2
10500,5,11,16,13,500,0.004,0.006,0.988,0.002,2,3,494,1
10500,5,12,17,18,500,0.038,0.012,0.942,0.008,19,6,471,4
10500,5,14,19,7,500,0.024,0.032,0.918,0.026,12,16,459,13
10500,5,15,20,12,500,0.004,0.006,0.99,0.0,2,3,495,0
10500,6,1,7,6,500,0.004,0.0,0.996,0.0,2,0,498,0
10500,6,2,8,12,500,0.036,0.0,0.958,0.006,18,0,479,3
10500,6,6,12,15,500,0.022,0.004,0.964,0.01,11,2,482,5
10500,6,8,14,6,500,0.012,0.002,0.976,0.01,6,1,488,5
10500,6,9,15,12,500,0.012,0.0,0.976,0.012,6,0,488,6
10500,6,12,18,9,500,0.068,0.07,0.84,0.022,34,35,420,11
10500,6,13,19,15,500,0.012,0.0,0.986,0.002,6,0,493,1
10500,7,0,7,0,500,0.068,0.2,0.348,0.384,34,100,174,192
10500,7,1,8,7,500,0.004,0.0,0.996,0.0,2,0,498,0
10500,7,3,10,0,500,0.0,0.0,1.0,0.0,0,0,500,0
10500,7,4,11,7,500,0.0,0.0,1.0,0.0,0,0,500,0
10500,7,7,14,7,500,0.14,0.052,0.704,0.104,70,26,352,52
10500,7,8,15,14,500,0.0,0.066,0.898,0.036,0,33,449,18
10500,7,9,16,0,500,0.0,0.0,1.0,0.0,0,0,500,0
10500,7,11,18,14,500,0.01,0.048,0.936,0.006,5,24,468,3
10500,7,13,20,7,500,0.0,0.002,0.996,0.002,0,1,498,1
10500,8,0,8,0,500,0.0,0.0,1.0,0.0,0,0,500,0
10500,8,1,9,8,500,0.014,0.004,0.974,0.008,7,2,487,4
10500,8,3,11,3,500,0.026,0.024,0.936,0.014,13,12,468,7
10500,8,5,13,19,500,0.0,0.0,1.0,0.0,0,0,500,0
10500,8,6,14,6,500,0.006,0.0,0.988,0.006,3,0,494,3
10500,8,7,15,14,500,0.002,0.038,0.942,0.018,1,19,471,9
10500,8,9,17,9,500,0.004,0.002,0.994,0.0,2,1,497,0
10500,8,11,19,4,500,0.0,0.0,1.0,0.0,0,0,500,0
10500,8,12,20,12,500,0.0,0.002,0.996,0.002,0,1,498,1
10500,9,4,13,15,500,0.014,0.418,0.346,0.222,7,209,173,111
10500,9,5,14,3,500,0.016,0.004,0.98,0.0,8,2,490,0
10500,9,6,15,12,500,0.016,0.006,0.964,0.014,8,3,482,7
10500,9,7,16,0,500,0.0,0.0,1.0,0.0,0,0,500,0
10500,9,8,17,9,500,0.01,0.004,0.986,0.0,5,2,493,0
10500,9,11,20,15,500,0.01,0.83,0.09,0.07,5,415,45,35
10500,10,0,10,0,500,0.0,0.0,1.0,0.0,0,0,500,0
10500,10,1,11,10,500,0.0,0.0,1.0,0.0,0,0,500,0
10500,10,2,12,20,500,0.018,0.0,0.982,0.0,9,0,491,0
10500,10,4,14,19,500,0.074,0.03,0.884,0.012,37,15,442,6
10500,10,5,15,8,500,0.014,0.006,0.972,0.008,7,3,486,4
10500,10,6,16,18,500,0.004,0.004,0.988,0.004,2,2,494,2
10500,10,7,17,7,500,0.0,0.0,1.0,0.0,0,0,500,0
10500,10,8,18,17,500,0.058,0.0,0.918,0.024,29,0,459,12
10500,10,9,19,6,500,0.0,0.002,0.998,0.0,0,1,499,0
10500,11,0,11,0,500,0.0,0.0,1.0,0.0,0,0,500,0
10500,11,1,12,11,500,0.004,0.0,0.994,0.002,2,0,497,1
10500,11,2,13,1,500,0.052,0.184,0.304,0.46,26,92,152,230
10500,11,6,17,3,500,0.002,0.004,0.992,0.002,1,2,496,1
10500,11,8,19,4,500,0.0,0.0,0.998,0.002,0,0,499,1
10500,11,9,20,15,500,0.014,0.804,0.09,0.092,7,402,45,46
10500,12,0,12,0,500,0.0,0.0,1.0,0.0,0,0,500,0
10500,12,1,13,12,500,0.002,0.004,0.988,0.006,1,2,494,3
10500,12,4,16,6,500,0.0,0.002,0.998,0.0,0,1,499,0
10500,12,5,17,18,500,0.028,0.018,0.954,0.0,14,9,477,0
10500,12,6,18,9,500,0.092,0.044,0.804,0.06,46,22,402,30
10500,12,8,20,12,500,0.002,0.004,0.994,0.0,1,2,497,0
10500,13,1,14,13,500,0.004,0.0,0.996,0.0,2,0,498,0
10500,13,3,16,18,500,0.024,0.006,0.944,0.026,12,3,472,13
10500,13,4,17,10,500,0.006,0.0,0.994,0.0,3,0,497,0
10500,13,5,18,2,500,0.0,0.0,1.0,0.0,0,0,500,0
10500,14,0,14,0,500,0.048,0.038,0.882,0.032,24,19,441,16
10500,14,1,15,14,500,0.124,0.024,0.634,0.218,62,12,317,109
10500,14,2,16,7,500,0.0,0.0,1.0,0.0,0,0,500,0
10500,14,3,17,0,500,0.002,0.0,0.998,0.0,1,0,499,0
10500,14,4,18,14,500,0.01,0.034,0.948,0.008,5,17,474,4
10500,14,5,19,7,500,0.036,0.014,0.928,0.022,18,7,464,11
10500,15,0,15,0,500,0.0,0.0,1.0,0.0,0,0,500,0
10500,15,2,17,9,500,0.106,0.07,0.818,0.006,53,35,409,3
10500,16,0,16,0,500,0.0,0.0,1.0,0.0,0,0,500,0
10500,16,2,18,11,500,0.0,0.0,1.0,0.0,0,0,500,0
10500,16,3,19,6,500,0.0,0.002,0.998,0.0,0,1,499,0
10500,17,0,17,0,500,0.0,0.0,1.0,0.0,0,0,500,0
10500,17,1,18,17,500,0.07,0.004,0.91,0.016,35,2,455,8
10500,17,2,19,13,500,0.0,0.0,1.0,0.0,0,0,500,0
10500,17,3,20,9,500,0.006,0.008,0.986,0.0,3,4,493,0
10500,18,0,18,0,500,0.0,0.0,1.0,0.0,0,0,500,0
10500,18,2,20,15,500,0.162,0.194,0.212,0.432,81,97,106,216
10500,19,0,19,0,500,0.0,0.0,1.0,0.0,0,0,500,0
10500,19,1,20,19,500,0.114,0.018,0.804,0.064,57,9,402,32
10500,20,0,20,0,500,0.0,0.0,1.0,0.0,0,0,500,0
11000,0,2,2,0,500,0.0,0.0,1.0,0.0,0,0,500,0
11000,0,5,5,0,500,0.0,0.0,1.0,0.0,0,0,500,0
11000,0,6,6,0,500,0.0,0.002,0.994,0.004,0,1,497,2
11000,0,7,7,0,500,0.128,0.102,0.37,0.4,64,51,185,200
11000,0,8,8,0,500,0.0,0.0,1.0,0.0,0,0,500,0
11000,0,10,10,0,500,0.0,0.0,1.0,0.0,0,0,500,0
11000,0,11,11,0,500,0.0,0.0,1.0,0.0,0,0,500,0
11000,0,14,14,0,500,0.04,0.03,0.888,0.042,20,15,444,21
11000,0,15,15,0,500,0.002,0.0,0.998,0.0,1,0,499,0
11000,0,16,16,0,500,0.0,0.0,1.0,0.0,0,0,500,0
11000,0,20,20,0,500,0.0,0.002,0.998,0.0,0,1,499,0
11000,1,0,1,0,500,0.0,0.0,1.0,0.0,0,0,500,0
11000,1,1,2,1,500,0.032,0.224,0.352,0.392,16,112,176,196
11000,1,3,4,3,500,0.268,0.1,0.304,0.328,134,50,152,164
11000,1,4,5,4,500,0.006,0.0,0.994,0.0,3,0,497,0
11000,1,5,6,5,500,0.028,0.012,0.552,0.408,14,6,276,204
11000,1,7,8,7,500,0.002,0.0,0.998,0.0,1,0,499,0
11000,1,8,9,8,500,0.006,0.004,0.99,0.0,3,2,495,0
11000,1,9,10,9,500,0.0,0.004,0.996,0.0,0,2,498,0
11000,1,11,12,11,500,0.008,0.004,0.988,0.0,4,2,494,0
11000,1,13,14,13,500,0.002,0.0,0.994,0.004,1,0,497,2
11000,1,14,15,14,500,0.008,0.04,0.742,0.21,4,20,371,105
11000,1,18,19,18,500,0.228,0.056,0.59,0.126,114,28,295,63
11000,1,19,20,19,500,0.074,0.048,0.798,0.08,37,24,399,40
11000,2,3,5,6,500,0.05,0.074,0.568,0.308,25,37,284,154
11000,2,8,10,16,500,0.152,0.01,0.476,0.362,76,5,238,181
11000,2,10,12,20,500,0.002,0.0,0.998,0.0,1,0,499,0
11000,2,11,13,1,500,0.05,0.318,0.262,0.37,25,159,131,185
11000,2,12,14,3,500,0.008,0.008,0.982,0.002,4,4,491,1
11000,2,14,16,7,500,0.0,0.0,1.0,0.0,0,0,500,0
11000,2,15,17,9,500,0.06,0.014,0.906,0.02,30,7,453,10
11000,2,18,20,15,500,0.118,0.266,0.212,0.404,59,133,106,202
11000,3,0,3,0,500,0.0,0.004,0.996,0.0,0,2,498,0
11000,3,2,5,6,500,0.056,0.056,0.584,0.304,28,28,292,152
11000,3,4,7,12,500,0.21,0.048,0.584,0.158,105,24,292,79
11000,3,5,8,15,500,0.02,0.01,0.954,0.016,10,5,477,8
11000,3,6,9,18,500,0.164,0.036,0.728,0.072,82,18,364,36
11000,3,7,10,0,500,0.0,0.0,1.0,0.0,0,0,500,0
11000,3,8,11,3,500,0.014,0.09,0.884,0.012,7,45,442,6
11000,3,9,12,6,500,0.004,0.008,0.988,0.0,2,4,494,0
11000,3,10,13,9,500,0.0,0.002,0.998,0.0,0,1,499,0
11000,3,13,16,18,500,0.024,0.002,0.964,0.01,12,1,482,5
11000,3,14,17,0,500,0.002,0.0,0.998,0.0,1,0,499,0
11000,3,15,18,3,500,0.586,0.05,0.258,0.106,293,25,129,53
11000,3,16,19,6,500,0.0,0.0,1.0,0.0,0,0,500,0
11000,3,17,20,9,500,0.014,0.008,0.978,0.0,7,4,489,0
11000,4,0,4,0,500,0.0,0.0,1.0,0.0,0,0,500,0
11000,4,2,6,8,500,0.04,0.034,0.918,0.008,20,17,459,4
11000,4,5,9,20,500,0.0,0.0,1.0,0.0,0,0,500,0
11000,4,6,10,3,500,0.098,0.124,0.71,0.068,49,62,355,34
11000,4,7,11,7,500,0.0,0.0,1.0,0.0,0,0,500,0
11000,4,8,12,11,500,0.004,0.002,0.99,0.004,2,1,495,2
11000,4,9,13,15,500,0.018,0.276,0.442,0.264,9,138,221,132
11000,4,10,14,19,500,0.072,0.008,0.92,0.0,36,4,460,0
11000,4,11,15,2,500,0.002,0.006,0.984,0.008,1,3,492,4
11000,4,12,16,6,500,0.0,0.0,1.0,0.0,0,0,500,0
11000,4,13,17,10,500,0.006,0.002,0.98,0.012,3,1,490,6
11000,4,14,18,14,500,0.02,0.05,0.92,0.01,10,25,460,5
11000,4,16,20,1,500,0.0,0.0,1.0,0.0,0,0,500,0
11000,5,0,5,0,500,0.0,0.0,1.0,0.0,0,0,500,0
11000,5,2,7,10,500,0.0,0.0,1.0,0.0,0,0,500,0
11000,5,3,8,15,500,0.014,0.012,0.96,0.014,7,6,480,7
11000,5,4,9,20,500,0.002,0.004,0.994,0.0,1,2,497,0
11000,5,5,10,4,500,0.042,0.054,0.872,0.032,21,27,436,16
11000,5,7,12,14,500,0.0,0.066,0.92,0.014,0,33,460,7
11000,5,9,14,3,500,0.006,0.01,0.984,0.0,3,5,492,0
11000,5,10,15,8,500,0.014,0.0,0.984,0.002,7,0,492,1
11000,5,11,16,13,500,0.002,0.002,0.994,0.002,1,1,497,1
11000,5,12,17,18,500,0.05,0.002,0.932,0.016,25,1,466,8
11000,5,14,19,7,500,0.016,0.09,0.836,0.058,8,45,418,29
11000,5,15,20,12,500,0.002,0.012,0.982,0.004,1,6,491,2
11000,6,1,7,6,500,0.0,0.01,0.99,0.0,0,5,495,0
11000,6,2,8,12,500,0.078,0.02,0.87,0.032,39,10,435,16
11000,6,6,12,15,500,0.018,0.002,0.97,0.01,9,1,485,5
11000,6,8,14,6,500,0.014,0.002,0.972,0.012,7,1,486,6
11000,6,9,15,12,500,0.01,0.016,0.968,0.006,5,8,484,3
11000,6,12,18,9,500,0.12,0.066,0.73,0.084,60,33,365,42
11000,6,13,19,15,500,0.008,0.0,0.992,0.0,4,0,496,0
11000,7,0,7,0,500,0.144,0.116,0.384,0.356,72,58,192,178
11000,7,1,8,7,500,0.0,0.0,0.998,0.002,0,0,499,1
11000,7,3,10,0,500,0.0,0.0,1.0,0.0,0,0,500,0
11000,7,4,11,7,500,0.0,0.0,1.0,0.0,0,0,500,0
11000,7,7,14,7,500,0.044,0.058,0.838,0.06,22,29,419,30
11000,7,8,15,14,500,0.004,0.072,0.854,0.07,2,36,427,35
11000,7,9,16,0,500,0.0,0.0,1.0,0.0,0,0,500,0
11000,7,11,18,14,500,0.006,0.052,0.934,0.008,3,26,467,4
11000,7,13,20,7,500,0.0,0.0,1.0,0.0,0,0,500,0
11000,8,0,8,0,500,0.0,0.0,1.0,0.0,0,0,500,0
11000,8,1,9,8,500,0.002,0.004,0.992,0.002,1,2,496,1
11000,8,3,11,3,500,0.026,0.018,0.944,0.012,13,9,472,6
11000,8,5,13,19,500,0.0,0.0,1.0,0.0,0,0,500,0
11000,8,6,14,6,500,0.012,0.0,0.986,0.002,6,0,493,1
11000,8,7,15,14,500,0.002,0.08,0.872,0.046,1,40,436,23
11000,8,9,17,9,500,0.01,0.004,0.986,0.0,5,2,493,0
11000,8,11,19,4,500,0.002,0.0,0.998,0.0,1,0,499,0
11000,8,12,20,12,500,0.0,0.0,1.0,0.0,0,0,500,0
11000,9,4,13,15,500,0.012,0.49,0.364,0.134,6,245,182,67
11000,9,5,14,3,500,0.002,0.008,0.99,0.0,1,4,495,0
11000,9,6,15,12,500,0.014,0.02,0.942,0.024,7,10,471,12
11000,9,7,16,0,500,0.0,0.0,1.0,0.0,0,0,500,0
11000,9,8,17,9,500,0.012,0.008,0.98,0.0,6,4,490,0
11000,9,11,20,15,500,0.008,0.852,0.066,0.074,4,426,33,37
11000,10,0,10,0,500,0.0,0.0,1.0,0.0,0,0,500,0
11000,10,1,11,10,500,0.002,0.0,0.996,0.002,1,0,498,1
11000,10,2,12,20,500,0.01,0.002,0.988,0.0,5,1,494,0
11000,10,4,14,19,500,0.088,0.0,0.912,0.0,44,0,456,0
11000,10,5,15,8,500,0.01,0.0,0.982,0.008,5,0,491,4
11000,10,6,16,18,500,0.016,0.002,0.976,0.006,8,1,488,3
11000,10,7,17,7,500,0.0,0.0,1.0,0.0,0,0,500,0
11000,10,8,18,17,500,0.09,0.004,0.884,0.022,45,2,442,11
11000,10,9,19,6,500,0.0,0.0,1.0,0.0,0,0,500,0
11000,11,0,11,0,500,0.0,0.0,1.0,0.0,0,0,500,0
11000,11,1,12,11,500,0.01,0.002,0.988,0.0,5,1,494,0
11000,11,2,13,1,500,0.058,0.366,0.246,0.33,29,183,123,165
11000,11,6,17,3,500,0.01,0.0,0.99,0.0,5,0,495,0
11000,11,8,19,4,500,0.0,0.0,1.0,0.0,0,0,500,0
11000,11,9,20,15,500,0.02,0.838,0.06,0.082,10,419,30,41
11000,12,0,12,0,500,0.002,0.0,0.998,0.0,1,0,499,0
11000,12,1,13,12,500,0.002,0.002,0.992,0.004,1,1,496,2
11000,12,4,16,6,500,0.0,0.002,0.998,0.0,0,1,499,0
11000,12,5,17,18,500,0.06,0.016,0.902,0.022,30,8,451,11
11000,12,6,18,9,500,0.13,0.066,0.724,0.08,65,33,362,40
11000,12,8,20,12,500,0.0,0.004,0.996,0.0,0,2,498,0
11000,13,1,14,13,500,0.0,0.0,1.0,0.0,0,0,500,0
11000,13,3,16,18,500,0.022,0.004,0.968,0.006,11,2,484,3
11000,13,4,17,10,500,0.006,0.0,0.99,0.004,3,0,495,2
11000,13,5,18,2,500,0.002,0.0,0.996,0.002,1,0,498,1
11000,14,0,14,0,500,0.054,0.028,0.9,0.018,27,14,450,9
11000,14,1,15,14,500,0.02,0.026,0.8,0.154,10,13,400,77
11000,14,2,16,7,500,0.0,0.0,1.0,0.0,0,0,500,0
11000,14,3,17,0,500,0.0,0.002,0.998,0.0,0,1,499,0
11000,14,4,18,14,500,0.006,0.064,0.92,0.01,3,32,460,5
11000,14,5,19,7,500,0.016,0.032,0.926,0.026,8,16,463,13
11000,15,0,15,0,500,0.006,0.0,0.994,0.0,3,0,497,0
11000,15,2,17,9,500,0.088,0.01,0.874,0.028,44,5,437,14
11000,16,0,16,0,500,0.0,0.0,1.0,0.0,0,0,500,0
11000,16,2,18,11,500,0.0,0.0,1.0,0.0,0,0,500,0
11000,16,3,19,6,500,0.0,0.0,1.0,0.0,0,0,500,0
11000,17,0,17,0,500,0.0,0.0,1.0,0.0,0,0,500,0
11000,17,1,18,17,500,0.056,0.008,0.91,0.026,28,4,455,13
11000,17,2,19,13,500,0.0,0.0,1.0,0.0,0,0,500,0
11000,17,3,20,9,500,0.014,0.012,0.974,0.0,7,6,487,0
11000,18,0,18,0,500,0.0,0.0,1.0,0.0,0,0,500,0
11000,18,2,20,15,500,0.144,0.306,0.196,0.354,72,153,98,177
11000,19,0,19,0,500,0.0,0.0,1.0,0.0,0,0,500,0
11000,19,1,20,19,500,0.06,0.026,0.852,0.062,30,13,426,31
11000,20,0,20,0,500,0.0,0.0,1.0,0.0,0,0,500,0
11500,0,2,2,0,500,0.0,0.0,1.0,0.0,0,0,500,0
11500,0,5,5,0,500,0.0,0.0,1.0,0.0,0,0,500,0
11500,0,6,6,0,500,0.0,0.0,0.99,0.01,0,0,495,5
11500,0,7,7,0,500,0.038,0.224,0.362,0.376,19,112,181,188
11500,0,8,8,0,500,0.0,0.0,1.0,0.0,0,0,500,0
11500,0,10,10,0,500,0.0,0.0,1.0,0.0,0,0,500,0
11500,0,11,11,0,500,0.0,0.0,1.0,0.0,0,0,500,0
11500,0,14,14,0,500,0.084,0.048,0.846,0.022,42,24,423,11
11500,0,15,15,0,500,0.002,0.0,0.998,0.0,1,0,499,0
11500,0,16,16,0,500,0.0,0.0,1.0,0.0,0,0,500,0
11500,0,20,20,0,500,0.0,0.0,1.0,0.0,0,0,500,0
11500,1,0,1,0,500,0.0,0.0,1.0,0.0,0,0,500,0
11500,1,1,2,1,500,0.016,0.382,0.344,0.258,8,191,172,129
11500,1,3,4,3,500,0.228,0.052,0.336,0.384,114,26,168,192
11500,1,4,5,4,500,0.008,0.002,0.99,0.0,4,1,495,0
11500,1,5,6,5,500,0.046,0.018,0.53,0.406,23,9,265,203
11500,1,7,8,7,500,0.0,0.0,1.0,0.0,0,0,500,0
11500,1,8,9,8,500,0.008,0.002,0.99,0.0,4,1,495,0
11500,1,9,10,9,500,0.0,0.008,0.992,0.0,0,4,496,0
11500,1,11,12,11,500,0.002,0.002,0.996,0.0,1,1,498,0
11500,1,13,14,13,500,0.0,0.0,1.0,0.0,0,0,500,0
11500,1,14,15,14,500,0.008,0.016,0.848,0.128,4,8,424,64
11500,1,18,19,18,500,0.304,0.038,0.514,0.144,152,19,257,72
11500,1,19,20,19,500,0.052,0.028,0.86,0.06,26,14,430,30
11500,2,3,5,6,500,0.022,0.072,0.58,0.326,11,36,290,163
11500,2,8,10,16,500,0.14,0.012,0.514,0.334,70,6,257,167
11500,2,10,12,20,500,0.0,0.002,0.998,0.0,0,1,499,0
11500,2,11,13,1,500,0.066,0.26,0.226,0.448,33,130,113,224
11500,2,12,14,3,500,0.006,0.0,0.994,0.0,3,0,497,0
11500,2,14,16,7,500,0.0,0.0,1.0,0.0,0,0,500,0
11500,2,15,17,9,500,0.152,0.006,0.826,0.016,76,3,413,8
11500,2,18,20,15,500,0.108,0.25,0.178,0.464,54,125,89,232
11500,3,0,3,0,500,0.002,0.004,0.994,0.0,1,2,497,0
11500,3,2,5,6,500,0.042,0.076,0.52,0.362,21,38,260,181
11500,3,4,7,12,500,0.14,0.046,0.75,0.064,70,23,375,32
11500,3,5,8,15,500,0.002,0.014,0.976,0.008,1,7,488,4
11500,3,6,9,18,500,0.24,0.016,0.636,0.108,120,8,318,54
11500,3,7,10,0,500,0.0,0.0,1.0,0.0,0,0,500,0
11500,3,8,11,3,500,0.042,0.036,0.882,0.04,21,18,441,20
11500,3,9,12,6,500,0.006,0.012,0.98,0.002,3,6,490,1
11500,3,10,13,9,500,0.0,0.0,0.998,0.002,0,0,499,1
11500,3,13,16,18,500,0.024,0.002,0.962,0.012,12,1,481,6
11500,3,14,17,0,500,0.004,0.0,0.996,0.0,2,0,498,0
11500,3,15,18,3,500,0.694,0.024,0.19,0.092,347,12,95,46
11500,3,16,19,6,500,0.0,0.0,1.0,0.0,0,0,500,0
11500,3,17,20,9,500,0.0,0.008,0.992,0.0,0,4,496,0
11500,4,0,4,0,500,0.0,0.0,1.0,0.0,0,0,500,0
11500,4,2,6,8,500,0.062,0.026,0.898,0.014,31,13,449,7
11500,4,5,9,20,500,0.0,0.004,0.996,0.0,0,2,498,0
11500,4,6,10,3,500,0.042,0.108,0.818,0.032,21,54,409,16
11500,4,7,11,7,500,0.0,0.0,1.0,0.0,0,0,500,0
11500,4,8,12,11,500,0.026,0.002,0.964,0.008,13,1,482,4
11500,4,9,13,15,500,0.008,0.222,0.456,0.314,4,111,228,157
11500,4,10,14,19,500,0.052,0.03,0.918,0.0,26,15,459,0
11500,4,11,15,2,500,0.0,0.004,0.982,0.014,0,2,491,7
11500,4,12,16,6,500,0.002,0.0,0.996,0.002,1,0,498,1
11500,4,13,17,10,500,0.004,0.0,0.996,0.0,2,0,498,0
11500,4,14,18,14,500,0.006,0.024,0.958,0.012,3,12,479,6
11500,4,16,20,1,500,0.0,0.0,1.0,0.0,0,0,500,0
11500,5,0,5,0,500,0.0,0.0,1.0,0.0,0,0,500,0
11500,5,2,7,10,500,0.0,0.0,1.0,0.0,0,0,500,0
11500,5,3,8,15,500,0.01,0.014,0.97,0.006,5,7,485,3
11500,5,4,9,20,500,0.0,0.0,1.0,0.0,0,0,500,0
11500,5,5,10,4,500,0.088,0.028,0.836,0.048,44,14,418,24
11500,5,7,12,14,500,0.0,0.124,0.866,0.01,0,62,433,5
11500,5,9,14,3,500,0.006,0.004,0.99,0.0,3,2,495,0
11500,5,10,15,8,500,0.012,0.002,0.984,0.002,6,1,492,1
11500,5,11,16,13,500,0.004,0.0,0.996,0.0,2,0,498,0
11500,5,12,17,18,500,0.096,0.004,0.89,0.01,48,2,445,5
11500,5,14,19,7,500,0.058,0.014,0.904,0.024,29,7,452,12
11500,5,15,20,12,500,0.01,0.014,0.976,0.0,5,7,488,0
11500,6,1,7,6,500,0.01,0.002,0.988,0.0,5,1,494,0
11500,6,2,8,12,500,0.068,0.014,0.902,0.016,34,7,451,8
11500,6,6,12,15,500,0.012,0.002,0.976,0.01,6,1,488,5
11500,6,8,14,6,500,0.014,0.0,0.984,0.002,7,0,492,1
11500,6,9,15,12,500,0.006,0.01,0.978,0.006,3,5,489,3
11500,6,12,18,9,500,0.138,0.012,0.72,0.13,69,6,360,65
11500,6,13,19,15,500,0.012,0.002,0.986,0.0,6,1,493,0
11500,7,0,7,0,500,0.03,0.248,0.334,0.388,15,124,167,194
11500,7,1,8,7,500,0.002,0.0,0.998,0.0,1,0,499,0
11500,7,3,10,0,500,0.0,0.0,1.0,0.0,0,0,500,0
11500,7,4,11,7,500,0.0,0.0,1.0,0.0,0,0,500,0
11500,7,7,14,7,500,0.064,0.076,0.762,0.098,32,38,381,49
11500,7,8,15,14,500,0.03,0.038,0.926,0.006,15,19,463,3
11500,7,9,16,0,500,0.0,0.0,1.0,0.0,0,0,500,0
11500,7,11,18,14,500,0.006,0.04,0.95,0.004,3,20,475,2
11500,7,13,20,7,500,0.002,0.0,0.998,0.0,1,0,499,0
11500,8,0,8,0,500,0.0,0.0,1.0,0.0,0,0,500,0
11500,8,1,9,8,500,0.01,0.0,0.988,0.002,5,0,494,1
11500,8,3,11,3,500,0.036,0.018,0.936,0.01,18,9,468,5
11500,8,5,13,19,500,0.0,0.0,1.0,0.0,0,0,500,0
11500,8,6,14,6,500,0.008,0.0,0.986,0.006,4,0,493,3
11500,8,7,15,14,500,0.004,0.032,0.944,0.02,2,16,472,10
11500,8,9,17,9,500,0.008,0.004,0.988,0.0,4,2,494,0
11500,8,11,19,4,500,0.002,0.0,0.998,0.0,1,0,499,0
11500,8,12,20,12,500,0.0,0.0,1.0,0.0,0,0,500,0
11500,9,4,13,15,500,0.02,0.336,0.426,0.218,10,168,213,109
11500,9,5,14,3,500,0.002,0.002,0.996,0.0,1,1,498,0
11500,9,6,15,12,500,0.006,0.014,0.964,0.016,3,7,482,8
11500,9,7,16,0,500,0.0,0.0,1.0,0.0,0,0,500,0
11500,9,8,17,9,500,0.01,0.01,0.98,0.0,5,5,490,0
11500,9,11,20,15,500,0.012,0.88,0.052,0.056,6,440,26,28
11500,10,0,10,0,500,0.0,0.0,1.0,0.0,0,0,500,0
11500,10,1,11,10,500,0.004,0.0,0.996,0.0,2,0,498,0
11500,10,2,12,20,500,0.006,0.002,0.992,0.0,3,1,496,0
11500,10,4,14,19,500,0.042,0.002,0.956,0.0,21,1,478,0
11500,10,5,15,8,500,0.002,0.002,0.99,0.006,1,1,495,3
11500,10,6,16,18,500,0.042,0.0,0.948,0.01,21,0,474,5
11500,10,7,17,7,500,0.0,0.0,1.0,0.0,0,0,500,0
11500,10,8,18,17,500,0.09,0.0,0.898,0.012,45,0,449,6
11500,10,9,19,6,500,0.0,0.0,1.0,0.0,0,0,500,0
11500,11,0,11,0,500,0.0,0.0,1.0,0.0,0,0,500,0
11500,11,1,12,11,500,0.01,0.0,0.986,0.004,5,0,493,2
11500,11,2,13,1,500,0.106,0.134,0.242,0.518,53,67,121,259
11500,11,6,17,3,500,0.012,0.004,0.982,0.002,6,2,491,1
11500,11,8,19,4,500,0.0,0.0,1.0,0.0,0,0,500,0
11500,11,9,20,15,500,0.028,0.696,0.14,0.136,14,348,70,68
11500,12,0,12,0,500,0.0,0.0,1.0,0.0,0,0,500,0
11500,12,1,13,12,500,0.002,0.004,0.994,0.0,1,2,497,0
11500,12,4,16,6,500,0.002,0.0,0.998,0.0,1,0,499,0
11500,12,5,17,18,500,0.084,0.0,0.912,0.004,42,0,456,2
11500,12,6,18,9,500,0.158,0.03,0.694,0.118,79,15,347,59
11500,12,8,20,12,500,0.0,0.002,0.998,0.0,0,1,499,0
11500,13,1,14,13,500,0.0,0.0,1.0,0.0,0,0,500,0
11500,13,3,16,18,500,0.038,0.002,0.928,0.032,19,1,464,16
11500,13,4,17,10,500,0.002,0.0,0.998,0.0,1,0,499,0
11500,13,5,18,2,500,0.002,0.0,0.998,0.0,1,0,499,0
11500,14,0,14,0,500,0.07,0.052,0.854,0.024,35,26,427,12
11500,14,1,15,14,500,0.04,0.02,0.872,0.068,20,10,436,34
11500,14,2,16,7,500,0.0,0.0,1.0,0.0,0,0,500,0
11500,14,3,17,0,500,0.002,0.0,0.998,0.0,1,0,499,0
11500,14,4,18,14,500,0.012,0.052,0.926,0.01,6,26,463,5
11500,14,5,19,7,500,0.138,0.008,0.78,0.074,69,4,390,37
11500,15,0,15,0,500,0.002,0.0,0.998,0.0,1,0,499,0
11500,15,2,17,9,500,0.14,0.01,0.82,0.03,70,5,410,15
11500,16,0,16,0,500,0.0,0.0,1.0,0.0,0,0,500,0
11500,16,2,18,11,500,0.0,0.0,1.0,0.0,0,0,500,0
11500,16,3,19,6,500,0.002,0.0,0.998,0.0,1,0,499,0
11500,17,0,17,0,500,0.0,0.0,1.0,0.0,0,0,500,0
11500,17,1,18,17,500,0.066,0.0,0.924,0.01,33,0,462,5
11500,17,2,19,13,500,0.0,0.0,1.0,0.0,0,0,500,0
11500,17,3,20,9,500,0.002,0.004,0.994,0.0,1,2,497,0
11500,18,0,18,0,500,0.0,0.0,1.0,0.0,0,0,500,0
11500,18,2,20,15,500,0.076,0.258,0.196,0.47,38,129,98,235
11500,19,0,19,0,500,0.0,0.0,1.0,0.0,0,0,500,0
11500,19,1,20,19,500,0.048,0.022,0.9,0.03,24,11,450,15
11500,20,0,20,0,500,0.0,0.0,1.0,0.0,0,0,500,0
12000,0,2,2,0,500,0.0,0.0,1.0,0.0,0,0,500,0
12000,0,5,5,0,500,0.0,0.0,1.0,0.0,0,0,500,0
12000,0,6,6,0,500,0.002,0.004,0.982,0.012,1,2,491,6
12000,0,7,7,0,500,0.056,0.274,0.31,0.36,28,137,155,180
12000,0,8,8,0,500,0.002,0.002,0.996,0.0,1,1,498,0
12000,0,10,10,0,500,0.0,0.0,1.0,0.0,0,0,500,0
12000,0,11,11,0,500,0.0,0.0,1.0,0.0,0,0,500,0
12000,0,14,14,0,500,0.074,0.066,0.808,0.052,37,33,404,26
12000,0,15,15,0,500,0.002,0.002,0.996,0.0,1,1,498,0
12000,0,16,16,0,500,0.0,0.0,1.0,0.0,0,0,500,0
12000,0,20,20,0,500,0.0,0.0,1.0,0.0,0,0,500,0
12000,1,0,1,0,500,0.0,0.0,1.0,0.0,0,0,500,0
12000,1,1,2,1,500,0.038,0.112,0.398,0.452,19,56,199,226
12000,1,3,4,3,500,0.182,0.132,0.396,0.29,91,66,198,145
12000,1,4,5,4,500,0.01,0.0,0.978,0.012,5,0,489,6
12000,1,5,6,5,500,0.026,0.024,0.48,0.47,13,12,240,235
12000,1,7,8,7,500,0.0,0.0,0.998,0.002,0,0,499,1
12000,1,8,9,8,500,0.002,0.002,0.996,0.0,1,1,498,0
12000,1,9,10,9,500,0.002,0.004,0.994,0.0,1,2,497,0
12000,1,11,12,11,500,0.004,0.002,0.994,0.0,2,1,497,0
12000,1,13,14,13,500,0.002,0.0,0.998,0.0,1,0,499,0
12000,1,14,15,14,500,0.012,0.038,0.602,0.348,6,19,301,174
12000,1,18,19,18,500,0.23,0.026,0.634,0.11,115,13,317,55
12000,1,19,20,19,500,0.062,0.012,0.9,0.026,31,6,450,13
12000,2,3,5,6,500,0.038,0.076,0.594,0.292,19,38,297,146
12000,2,8,10,16,500,0.166,0.03,0.372,0.432,83,15,186,216
12000,2,10,12,20,500,0.0,0.004,0.996,0.0,0,2,498,0
12000,2,11,13,1,500,0.05,0.23,0.264,0.456,25,115,132,228
12000,2,12,14,3,500,0.002,0.006,0.992,0.0,1,3,496,0
12000,2,14,16,7,500,0.0,0.0,1.0,0.0,0,0,500,0
12000,2,15,17,9,500,0.04,0.012,0.946,0.002,20,6,473,1
12000,2,18,20,15,500,0.192,0.132,0.262,0.414,96,66,131,207
12000,3,0,3,0,500,0.002,0.01,0.988,0.0,1,5,494,0
12000,3,2,5,6,500,0.052,0.076,0.568,0.304,26,38,284,152
12000,3,4,7,12,500,0.158,0.024,0.76,0.058,79,12,380,29
12000,3,5,8,15,500,0.018,0.01,0.958,0.014,9,5,479,7
12000,3,6,9,18,500,0.206,0.028,0.634,0.132,103,14,317,66
12000,3,7,10,0,500,0.0,0.0,1.0,0.0,0,0,500,0
12000,3,8,11,3,500,0.022,0.012,0.952,0.014,11,6,476,7
12000,3,9,12,6,500,0.006,0.002,0.99,0.002,3,1,495,1
12000,3,10,13,9,500,0.0,0.002,0.998,0.0,0,1,499,0
12000,3,13,16,18,500,0.012,0.0,0.978,0.01,6,0,489,5
12000,3,14,17,0,500,0.002,0.0,0.998,0.0,1,0,499,0
12000,3,15,18,3,500,0.568,0.068,0.258,0.106,284,34,129,53
12000,3,16,19,6,500,0.0,0.0,1.0,0.0,0,0,500,0
12000,3,17,20,9,500,0.0,0.016,0.984,0.0,0,8,492,0
12000,4,0,4,0,500,0.0,0.0,1.0,0.0,0,0,500,0
12000,4,2,6,8,500,0.088,0.032,0.844,0.036,44,16,422,18
12000,4,5,9,20,500,0.0,0.0,1.0,0.0,0,0,500,0
12000,4,6,10,3,500,0.08,0.082,0.736,0.102,40,41,368,51
12000,4,7,11,7,500,0.0,0.0,1.0,0.0,0,0,500,0
12000,4,8,12,11,500,0.014,0.006,0.978,0.002,7,3,489,1
12000,4,9,13,15,500,0.018,0.256,0.368,0.358,9,128,184,179
12000,4,10,14,19,500,0.03,0.0,0.97,0.0,15,0,485,0
12000,4,11,15,2,500,0.006,0.006,0.98,0.008,3,3,490,4
12000,4,12,16,6,500,0.0,0.0,0.998,0.002,0,0,499,1
12000,4,13,17,10,500,0.002,0.0,0.998,0.0,1,0,499,0
12000,4,14,18,14,500,0.01,0.042,0.926,0.022,5,21,463,11
12000,4,16,20,1,500,0.0,0.0,1.0,0.0,0,0,500,0
12000,5,0,5,0,500,0.0,0.0,1.0,0.0,0,0,500,0
12000,5,2,7,10,500,0.0,0.0,1.0,0.0,0,0,500,0
12000,5,3,8,15,500,0.018,0.01,0.966,0.006,9,5,483,3
12000,5,4,9,20,500,0.002,0.002,0.996,0.0,1,1,498,0
12000,5,5,10,4,500,0.032,0.026,0.932,0.01,16,13,466,5
12000,5,7,12,14,500,0.032,0.056,0.89,0.022,16,28,445,11
12000,5,9,14,3,500,0.002,0.004,0.994,0.0,1,2,497,0
12000,5,10,15,8,500,0.044,0.004,0.944,0.008,22,2,472,4
12000,5,11,16,13,500,0.002,0.002,0.994,0.002,1,1,497,1
12000,5,12,17,18,500,0.05,0.03,0.91,0.01,25,15,455,5
12000,5,14,19,7,500,0.088,0.02,0.83,0.062,44,10,415,31
12000,5,15,20,12,500,0.016,0.012,0.972,0.0,8,6,486,0
12000,6,1,7,6,500,0.0,0.0,1.0,0.0,0,0,500,0
12000,6,2,8,12,500,0.074,0.012,0.87,0.044,37,6,435,22
12000,6,6,12,15,500,0.026,0.012,0.938,0.024,13,6,469,12
12000,6,8,14,6,500,0.006,0.004,0.984,0.006,3,2,492,3
12000,6,9,15,12,500,0.018,0.006,0.962,0.014,9,3,481,7
12000,6,12,18,9,500,0.168,0.044,0.692,0.096,84,22,346,48
12000,6,13,19,15,500,0.018,0.008,0.974,0.0,9,4,487,0
12000,7,0,7,0,500,0.1,0.286,0.272,0.342,50,143,136,171
12000,7,1,8,7,500,0.0,0.0,0.998,0.002,0,0,499,1
12000,7,3,10,0,500,0.0,0.0,1.0,0.0,0,0,500,0
12000,7,4,11,7,500,0.0,0.0,1.0,0.0,0,0,500,0
12000,7,7,14,7,500,0.094,0.138,0.598,0.17,47,69,299,85
12000,7,8,15,14,500,0.026,0.078,0.784,0.112,13,39,392,56
12000,7,9,16,0,500,0.0,0.0,1.0,0.0,0,0,500,0
12000,7,11,18,14,500,0.004,0.036,0.954,0.006,2,18,477,3
12000,7,13,20,7,500,0.0,0.0,0.996,0.004,0,0,498,2
12000,8,0,8,0,500,0.002,0.0,0.998,0.0,1,0,499,0
12000,8,1,9,8,500,0.01,0.002,0.988,0.0,5,1,494,0
12000,8,3,11,3,500,0.012,0.008,0.974,0.006,6,4,487,3
12000,8,5,13,19,500,0.0,0.0,1.0,0.0,0,0,500,0
12000,8,6,14,6,500,0.004,0.0,0.994,0.002,2,0,497,1
12000,8,7,15,14,500,0.322,0.032,0.584,0.062,161,16,292,31
12000,8,9,17,9,500,0.004,0.016,0.98,0.0,2,8,490,0
12000,8,11,19,4,500,0.0,0.0,1.0,0.0,0,0,500,0
12000,8,12,20,12,500,0.0,0.004,0.996,0.0,0,2,498,0
12000,9,4,13,15,500,0.03,0.194,0.454,0.322,15,97,227,161
12000,9,5,14,3,500,0.0,0.006,0.994,0.0,0,3,497,0
12000,9,6,15,12,500,0.02,0.02,0.932,0.028,10,10,466,14
12000,9,7,16,0,500,0.0,0.0,1.0,0.0,0,0,500,0
12000,9,8,17,9,500,0.008,0.024,0.968,0.0,4,12,484,0
12000,9,11,20,15,500,0.004,0.858,0.074,0.064,2,429,37,32
12000,10,0,10,0,500,0.0,0.0,1.0,0.0,0,0,500,0
12000,10,1,11,10,500,0.004,0.002,0.992,0.002,2,1,496,1
12000,10,2,12,20,500,0.006,0.0,0.994,0.0,3,0,497,0
12000,10,4,14,19,500,0.038,0.0,0.962,0.0,19,0,481,0
12000,10,5,15,8,500,0.034,0.0,0.958,0.008,17,0,479,4
12000,10,6,16,18,500,0.022,0.004,0.962,0.012,11,2,481,6
12000,10,7,17,7,500,0.0,0.0,1.0,0.0,0,0,500,0
12000,10,8,18,17,500,0.086,0.002,0.898,0.014,43,1,449,7
12000,10,9,19,6,500,0.0,0.0,0.998,0.002,0,0,499,1
12000,11,0,11,0,500,0.0,0.0,1.0,0.0,0,0,500,0
12000,11,1,12,11,500,0.004,0.0,0.996,0.0,2,0,498,0
12000,11,2,13,1,500,0.114,0.212,0.23,0.444,57,106,115,222
12000,11,6,17,3,500,0.012,0.0,0.98,0.008,6,0,490,4
12000,11,8,19,4,500,0.0,0.0,1.0,0.0,0,0,500,0
12000,11,9,20,15,500,0.042,0.538,0.186,0.234,21,269,93,117
12000,12,0,12,0,500,0.0,0.002,0.998,0.0,0,1,499,0
12000,12,1,13,12,500,0.0,0.006,0.994,0.0,0,3,497,0
12000,12,4,16,6,500,0.0,0.002,0.998,0.0,0,1,499,0
12000,12,5,17,18,500,0.07,0.022,0.898,0.01,35,11,449,5
12000,12,6,18,9,500,0.12,0.056,0.698,0.126,60,28,349,63
12000,12,8,20,12,500,0.0,0.006,0.994,0.0,0,3,497,0
12000,13,1,14,13,500,0.002,0.0,0.998,0.0,1,0,499,0
12000,13,3,16,18,500,0.02,0.002,0.966,0.012,10,1,483,6
12000,13,4,17,10,500,0.004,0.002,0.994,0.0,2,1,497,0
12000,13,5,18,2,500,0.0,0.0,1.0,0.0,0,0,500,0
12000,14,0,14,0,500,0.054,0.104,0.76,0.082,27,52,380,41
12000,14,1,15,14,500,0.016,0.066,0.666,0.252,8,33,333,126
12000,14,2,16,7,500,0.0,0.0,1.0,0.0,0,0,500,0
12000,14,3,17,0,500,0.0,0.004,0.996,0.0,0,2,498,0
12000,14,4,18,14,500,0.022,0.04,0.924,0.014,11,20,462,7
12000,14,5,19,7,500,0.044,0.02,0.906,0.03,22,10,453,15
12000,15,0,15,0,500,0.004,0.002,0.994,0.0,2,1,497,0
12000,15,2,17,9,500,0.06,0.028,0.906,0.006,30,14,453,3
12000,16,0,16,0,500,0.0,0.0,1.0,0.0,0,0,500,0
12000,16,2,18,11,500,0.0,0.0,1.0,0.0,0,0,500,0
12000,16,3,19,6,500,0.0,0.002,0.998,0.0,0,1,499,0
12000,17,0,17,0,500,0.0,0.0,1.0,0.0,0,0,500,0
12000,17,1,18,17,500,0.058,0.006,0.92,0.016,29,3,460,8
12000,17,2,19,13,500,0.0,0.0,1.0,0.0,0,0,500,0
12000,17,3,20,9,500,0.006,0.012,0.982,0.0,3,6,491,0
12000,18,0,18,0,500,0.0,0.0,1.0,0.0,0,0,500,0
12000,18,2,20,15,500,0.21,0.144,0.252,0.394,105,72,126,197
12000,19,0,19,0,500,0.0,0.0,1.0,0.0,0,0,500,0
12000,19,1,20,19,500,0.116,0.018,0.832,0.034,58,9,416,17
12000,20,0,20,0,500,0.002,0.002,0.996,0.0,1,1,498,0
12500,0,2,2,0,500,0.0,0.0,1.0,0.0,0,0,500,0
12500,0,5,5,0,500,0.0,0.0,1.0,0.0,0,0,500,0
12500,0,6,6,0,500,0.006,0.002,0.976,0.016,3,1,488,8
12500,0,7,7,0,500,0.022,0.252,0.326,0.4,11,126,163,200
12500,0,8,8,0,500,0.0,0.0,1.0,0.0,0,0,500,0
12500,0,10,10,0,500,0.0,0.0,1.0,0.0,0,0,500,0
12500,0,11,11,0,500,0.0,0.0,1.0,0.0,0,0,500,0
12500,0,14,14,0,500,0.018,0.054,0.864,0.064,9,27,432,32
12500,0,15,15,0,500,0.0,0.0,1.0,0.0,0,0,500,0
12500,0,16,16,0,500,0.0,0.0,1.0,0.0,0,0,500,0
12500,0,20,20,0,500,0.0,0.0,1.0,0.0,0,0,500,0
12500,1,0,1,0,500,0.0,0.0,1.0,0.0,0,0,500,0
12500,1,1,2,1,500,0.062,0.168,0.326,0.444,31,84,163,222
12500,1,3,4,3,500,0.202,0.09,0.324,0.384,101,45,162,192
12500,1,4,5,4,500,0.032,0.002,0.962,0.004,16,1,481,2
12500,1,5,6,5,500,0.018,0.04,0.38,0.562,9,20,190,281
12500,1,7,8,7,500,0.0,0.0,1.0,0.0,0,0,500,0
12500,1,8,9,8,500,0.008,0.002,0.99,0.0,4,1,495,0
12500,1,9,10,9,500,0.0,0.01,0.99,0.0,0,5,495,0
12500,1,11,12,11,500,0.004,0.006,0.988,0.002,2,3,494,1
12500,1,13,14,13,500,0.002,0.0,0.998,0.0,1,0,499,0
12500,1,14,15,14,500,0.006,0.022,0.728,0.244,3,11,364,122
12500,1,18,19,18,500,0.262,0.032,0.618,0.088,131,16,309,44
12500,1,19,20,19,500,0.148,0.022,0.766,0.064,74,11,383,32
12500,2,3,5,6,500,0.046,0.054,0.498,0.402,23,27,249,201
12500,2,8,10,16,500,0.146,0.01,0.378,0.466,73,5,189,233
12500,2,10,12,20,500,0.0,0.002,0.998,0.0,0,1,499,0
12500,2,11,13,1,500,0.068,0.236,0.238,0.458,34,118,119,229
12500,2,12,14,3,500,0.016,0.0,0.978,0.006,8,0,489,3
12500,2,14,16,7,500,0.0,0.0,1.0,0.0,0,0,500,0
12500,2,15,17,9,500,0.084,0.018,0.892,0.006,42,9,446,3
12500,2,18,20,15,500,0.15,0.234,0.214,0.402,75,117,107,201
12500,3,0,3,0,500,0.0,0.002,0.998,0.0,0,1,499,0
12500,3,2,5,6,500,0.048,0.064,0.522,0.366,24,32,261,183
12500,3,4,7,12,500,0.238,0.018,0.682,0.062,119,9,341,31
12500,3,5,8,15,500,0.016,0.006,0.968,0.01,8,3,484,5
12500,3,6,9,18,500,0.116,0.046,0.77,0.068,58,23,385,34
12500,3,7,10,0,500,0.0,0.0,1.0,0.0,0,0,500,0
12500,3,8,11,3,500,0.004,0.002,0.99,0.004,2,1,495,2
12500,3,9,12,6,500,0.006,0.004,0.99,0.0,3,2,495,0
12500,3,10,13,9,500,0.0,0.006,0.994,0.0,0,3,497,0
12500,3,13,16,18,500,0.018,0.004,0.968,0.01,9,2,484,5
12500,3,14,17,0,500,0.006,0.002,0.992,0.0,3,1,496,0
12500,3,15,18,3,500,0.594,0.06,0.25,0.096,297,30,125,48
12500,3,16,19,6,500,0.0,0.0,1.0,0.0,0,0,500,0
12500,3,17,20,9,500,0.002,0.012,0.986,0.0,1,6,493,0
12500,4,0,4,0,500,0.0,0.0,1.0,0.0,0,0,500,0
12500,4,2,6,8,500,0.048,0.1,0.79,0.062,24,50,395,31
12500,4,5,9,20,500,0.0,0.006,0.994,0.0,0,3,497,0
12500,4,6,10,3,500,0.132,0.058,0.662,0.148,66,29,331,74
12500,4,7,11,7,500,0.0,0.0,1.0,0.0,0,0,500,0
12500,4,8,12,11,500,0.01,0.01,0.98,0.0,5,5,490,0
12500,4,9,13,15,500,0.024,0.378,0.278,0.32,12,189,139,160
12500,4,10,14,19,500,0.014,0.006,0.98,0.0,7,3,490,0
12500,4,11,15,2,500,0.004,0.002,0.992,0.002,2,1,496,1
12500,4,12,16,6,500,0.0,0.0,1.0,0.0,0,0,500,0
12500,4,13,17,10,500,0.002,0.0,0.998,0.0,1,0,499,0
12500,4,14,18,14,500,0.012,0.028,0.952,0.008,6,14,476,4
12500,4,16,20,1,500,0.0,0.002,0.998,0.0,0,1,499,0
12500,5,0,5,0,500,0.0,0.0,1.0,0.0,0,0,500,0
12500,5,2,7,10,500,0.0,0.0,1.0,0.0,0,0,500,0
12500,5,3,8,15,500,0.014,0.006,0.972,0.008,7,3,486,4
12500,5,4,9,20,500,0.006,0.004,0.99,0.0,3,2,495,0
12500,5,5,10,4,500,0.02,0.052,0.912,0.016,10,26,456,8
12500,5,7,12,14,500,0.058,0.042,0.88,0.02,29,21,440,10
12500,5,9,14,3,500,0.002,0.002,0.996,0.0,1,1,498,0
12500,5,10,15,8,500,0.012,0.0,0.968,0.02,6,0,484,10
12500,5,11,16,13,500,0.002,0.002,0.992,0.004,1,1,496,2
12500,5,12,17,18,500,0.06,0.012,0.918,0.01,30,6,459,5
12500,5,14,19,7,500,0.04,0.022,0.918,0.02,20,11,459,10
12500,5,15,20,12,500,0.016,0.004,0.98,0.0,8,2,490,0
12500,6,1,7,6,500,0.002,0.0,0.998,0.0,1,0,499,0
12500,6,2,8,12,500,0.082,0.014,0.858,0.046,41,7,429,23
12500,6,6,12,15,500,0.006,0.002,0.992,0.0,3,1,496,0
12500,6,8,14,6,500,0.01,0.004,0.982,0.004,5,2,491,2
12500,6,9,15,12,500,0.008,0.012,0.966,0.014,4,6,483,7
12500,6,12,18,9,500,0.162,0.044,0.708,0.086,81,22,354,43
12500,6,13,19,15,500,0.012,0.004,0.984,0.0,6,2,492,0
12500,7,0,7,0,500,0.016,0.238,0.332,0.414,8,119,166,207
12500,7,1,8,7,500,0.002,0.0,0.998,0.0,1,0,499,0
12500,7,3,10,0,500,0.0,0.0,1.0,0.0,0,0,500,0
12500,7,4,11,7,500,0.0,0.0,1.0,0.0,0,0,500,0
12500,7,7,14,7,500,0.05,0.16,0.54,0.25,25,80,270,125
12500,7,8,15,14,500,0.01,0.056,0.826,0.108,5,28,413,54
12500,7,9,16,0,500,0.0,0.0,1.0,0.0,0,0,500,0
12500,7,11,18,14,500,0.014,0.024,0.952,0.01,7,12,476,5
12500,7,13,20,7,500,0.0,0.0,1.0,0.0,0,0,500,0
12500,8,0,8,0,500,0.0,0.0,1.0,0.0,0,0,500,0
12500,8,1,9,8,500,0.006,0.0,0.994,0.0,3,0,497,0
12500,8,3,11,3,500,0.03,0.01,0.956,0.004,15,5,478,2
12500,8,5,13,19,500,0.0,0.0,1.0,0.0,0,0,500,0
12500,8,6,14,6,500,0.008,0.0,0.99,0.002,4,0,495,1
12500,8,7,15,14,500,0.188,0.04,0.694,0.078,94,20,347,39
12500,8,9,17,9,500,0.008,0.016,0.976,0.0,4,8,488,0
12500,8,11,19,4,500,0.0,0.0,0.998,0.002,0,0,499,1
12500,8,12,20,12,500,0.0,0.0,1.0,0.0,0,0,500,0
12500,9,4,13,15,500,0.046,0.348,0.404,0.202,23,174,202,101
12500,9,5,14,3,500,0.01,0.008,0.982,0.0,5,4,491,0
12500,9,6,15,12,500,0.012,0.014,0.952,0.022,6,7,476,11
12500,9,7,16,0,500,0.0,0.0,1.0,0.0,0,0,500,0
12500,9,8,17,9,500,0.004,0.026,0.97,0.0,2,13,485,0
12500,9,11,20,15,500,0.004,0.86,0.054,0.082,2,430,27,41
12500,10,0,10,0,500,0.0,0.0,1.0,0.0,0,0,500,0
12500,10,1,11,10,500,0.002,0.0,0.994,0.004,1,0,497,2
12500,10,2,12,20,500,0.01,0.0,0.99,0.0,5,0,495,0
12500,10,4,14,19,500,0.0,0.006,0.994,0.0,0,3,497,0
12500,10,5,15,8,500,0.004,0.0,0.988,0.008,2,0,494,4
12500,10,6,16,18,500,0.012,0.0,0.984,0.004,6,0,492,2
12500,10,7,17,7,500,0.0,0.0,1.0,0.0,0,0,500,0
12500,10,8,18,17,500,0.066,0.002,0.916,0.016,33,1,458,8
12500,10,9,19,6,500,0.0,0.0,1.0,0.0,0,0,500,0
12500,11,0,11,0,500,0.0,0.0,1.0,0.0,0,0,500,0
12500,11,1,12,11,500,0.01,0.008,0.972,0.01,5,4,486,5
12500,11,2,13,1,500,0.104,0.224,0.254,0.418,52,112,127,209
12500,11,6,17,3,500,0.038,0.0,0.96,0.002,19,0,480,1
12500,11,8,19,4,500,0.002,0.002,0.996,0.0,1,1,498,0
12500,11,9,20,15,500,0.03,0.686,0.134,0.15,15,343,67,75
12500,12,0,12,0,500,0.0,0.0,1.0,0.0,0,0,500,0
12500,12,1,13,12,500,0.002,0.004,0.994,0.0,1,2,497,0
12500,12,4,16,6,500,0.002,0.002,0.996,0.0,1,1,498,0
12500,12,5,17,18,500,0.086,0.014,0.884,0.016,43,7,442,8
12500,12,6,18,9,500,0.094,0.042,0.812,0.052,47,21,406,26
12500,12,8,20,12,500,0.0,0.002,0.998,0.0,0,1,499,0
12500,13,1,14,13,500,0.0,0.002,0.998,0.0,0,1,499,0
12500,13,3,16,18,500,0.032,0.002,0.95,0.016,16,1,475,8
12500,13,4,17,10,500,0.004,0.0,0.996,0.0,2,0,498,0
12500,13,5,18,2,500,0.0,0.002,0.996,0.002,0,1,498,1
12500,14,0,14,0,500,0.014,0.064,0.894,0.028,7,32,447,14
12500,14,1,15,14,500,0.006,0.038,0.678,0.278,3,19,339,139
12500,14,2,16,7,500,0.0,0.0,1.0,0.0,0,0,500,0
12500,14,3,17,0,500,0.002,0.0,0.998,0.0,1,0,499,0
12500,14,4,18,14,500,0.01,0.036,0.944,0.01,5,18,472,5
12500,14,5,19,7,500,0.102,0.008,0.868,0.022,51,4,434,11
12500,15,0,15,0,500,0.0,0.002,0.998,0.0,0,1,499,0
12500,15,2,17,9,500,0.048,0.018,0.932,0.002,24,9,466,1
12500,16,0,16,0,500,0.0,0.0,1.0,0.0,0,0,500,0
12500,16,2,18,11,500,0.0,0.0,1.0,0.0,0,0,500,0
12500,16,3,19,6,500,0.0,0.0,1.0,0.0,0,0,500,0
12500,17,0,17,0,500,0.0,0.0,1.0,0.0,0,0,500,0
12500,17,1,18,17,500,0.044,0.016,0.93,0.01,22,8,465,5
12500,17,2,19,13,500,0.0,0.0,1.0,0.0,0,0,500,0
12500,17,3,20,9,500,0.006,0.008,0.986,0.0,3,4,493,0
12500,18,0,18,0,500,0.0,0.0,1.0,0.0,0,0,500,0
12500,18,2,20,15,500,0.136,0.18,0.246,0.438,68,90,123,219
12500,19,0,19,0,500,0.0,0.0,1.0,0.0,0,0,500,0
12500,19,1,20,19,500,0.118,0.028,0.792,0.062,59,14,396,31
12500,20,0,20,0,500,0.0,0.0,1.0,0.0,0,0,500,0
13000,0,2,2,0,500,0.0,0.0,1.0,0.0,0,0,500,0
13000,0,5,5,0,500,0.0,0.0,1.0,0.0,0,0,500,0
13000,0,6,6,0,500,0.002,0.002,0.986,0.01,1,1,493,5
13000,0,7,7,0,500,0.012,0.22,0.384,0.384,6,110,192,192
13000,0,8,8,0,500,0.0,0.0,1.0,0.0,0,0,500,0
13000,0,10,10,0,500,0.0,0.0,1.0,0.0,0,0,500,0
13000,0,11,11,0,500,0.0,0.0,1.0,0.0,0,0,500,0
13000,0,14,14,0,500,0.016,0.046,0.924,0.014,8,23,462,7
13000,0,15,15,0,500,0.0,0.0,1.0,0.0,0,0,500,0
13000,0,16,16,0,500,0.0,0.0,1.0,0.0,0,0,500,0
13000,0,20,20,0,500,0.0,0.0,1.0,0.0,0,0,500,0
13000,1,0,1,0,500,0.0,0.0,1.0,0.0,0,0,500,0
13000,1,1,2,1,500,0.018,0.174,0.426,0.382,9,87,213,191
13000,1,3,4,3,500,0.15,0.152,0.326,0.372,75,76,163,186
13000,1,4,5,4,500,0.0,0.0,1.0,0.0,0,0,500,0
13000,1,5,6,5,500,0.03,0.052,0.35,0.568,15,26,175,284
13000,1,7,8,7,500,0.0,0.0,1.0,0.0,0,0,500,0
13000,1,8,9,8,500,0.008,0.0,0.992,0.0,4,0,496,0
13000,1,9,10,9,500,0.0,0.01,0.99,0.0,0,5,495,0
13000,1,11,12,11,500,0.002,0.0,0.998,0.0,1,0,499,0
13000,1,13,14,13,500,0.002,0.0,0.998,0.0,1,0,499,0
13000,1,14,15,14,500,0.02,0.042,0.746,0.192,10,21,373,96
13000,1,18,19,18,500,0.352,0.016,0.492,0.14,176,8,246,70
13000,1,19,20,19,500,0.106,0.024,0.826,0.044,53,12,413,22
13000,2,3,5,6,500,0.032,0.122,0.45,0.396,16,61,225,198
13000,2,8,10,16,500,0.152,0.008,0.426,0.414,76,4,213,207
13000,2,10,12,20,500,0.002,0.004,0.994,0.0,1,2,497,0
13000,2,11,13,1,500,0.022,0.502,0.21,0.266,11,251,105,133
13000,2,12,14,3,500,0.004,0.006,0.99,0.0,2,3,495,0
13000,2,14,16,7,500,0.0,0.0,1.0,0.0,0,0,500,0
13000,2,15,17,9,500,0.146,0.018,0.804,0.032,73,9,402,16
13000,2,18,20,15,500,0.172,0.156,0.224,0.448,86,78,112,224
13000,3,0,3,0,500,0.002,0.002,0.996,0.0,1,1,498,0
13000,3,2,5,6,500,0.042,0.148,0.438,0.372,21,74,219,186
13000,3,4,7,12,500,0.248,0.02,0.628,0.104,124,10,314,52
13000,3,5,8,15,500,0.008,0.008,0.98,0.004,4,4,490,2
13000,3,6,9,18,500,0.222,0.034,0.664,0.08,111,17,332,40
13000,3,7,10,0,500,0.0,0.0,1.0,0.0,0,0,500,0
13000,3,8,11,3,500,0.026,0.04,0.93,0.004,13,20,465,2
13000,3,9,12,6,500,0.006,0.008,0.986,0.0,3,4,493,0
13000,3,10,13,9,500,0.0,0.0,1.0,0.0,0,0,500,0
13000,3,13,16,18,500,0.024,0.006,0.956,0.014,12,3,478,7
13000,3,14,17,0,500,0.0,0.0,1.0,0.0,0,0,500,0
13000,3,15,18,3,500,0.656,0.028,0.232,0.084,328,14,116,42
13000,3,16,19,6,500,0.0,0.002,0.998,0.0,0,1,499,0
13000,3,17,20,9,500,0.01,0.002,0.988,0.0,5,1,494,0
13000,4,0,4,0,500,0.0,0.0,1.0,0.0,0,0,500,0
13000,4,2,6,8,500,0.052,0.052,0.87,0.026,26,26,435,13
13000,4,5,9,20,500,0.002,0.002,0.996,0.0,1,1,498,0
13000,4,6,10,3,500,0.16,0.074,0.606,0.16,80,37,303,80
13000,4,7,11,7,500,0.0,0.0,1.0,0.0,0,0,500,0
13000,4,8,12,11,500,0.016,0.014,0.962,0.008,8,7,481,4
13000,4,9,13,15,500,0.016,0.426,0.36,0.198,8,213,180,99
13000,4,10,14,19,500,0.018,0.0,0.982,0.0,9,0,491,0
13000,4,11,15,2,500,0.002,0.006,0.986,0.006,1,3,493,3
13000,4,12,16,6,500,0.004,0.0,0.996,0.0,2,0,498,0
13000,4,13,17,10,500,0.006,0.0,0.994,0.0,3,0,497,0
13000,4,14,18,14,500,0.006,0.06,0.926,0.008,3,30,463,4
13000,4,16,20,1,500,0.0,0.0,1.0,0.0,0,0,500,0
13000,5,0,5,0,500,0.0,0.0,1.0,0.0,0,0,500,0
13000,5,2,7,10,500,0.0,0.0,1.0,0.0,0,0,500,0
13000,5,3,8,15,500,0.012,0.012,0.974,0.002,6,6,487,1
13000,5,4,9,20,500,0.008,0.006,0.986,0.0,4,3,493,0
13000,5,5,10,4,500,0.006,0.016,0.97,0.008,3,8,485,4
13000,5,7,12,14,500,0.01,0.076,0.894,0.02,5,38,447,10
13000,5,9,14,3,500,0.01,0.004,0.986,0.0,5,2,493,0
13000,5,10,15,8,500,0.01,0.004,0.978,0.008,5,2,489,4
13000,5,11,16,13,500,0.0,0.0,0.998,0.002,0,0,499,1
13000,5,12,17,18,500,0.082,0.022,0.868,0.028,41,11,434,14
13000,5,14,19,7,500,0.044,0.04,0.838,0.078,22,20,419,39
13000,5,15,20,12,500,0.016,0.01,0.972,0.002,8,5,486,1
13000,6,1,7,6,500,0.0,0.0,1.0,0.0,0,0,500,0
13000,6,2,8,12,500,0.062,0.006,0.908,0.024,31,3,454,12
13000,6,6,12,15,500,0.012,0.008,0.978,0.002,6,4,489,1
13000,6,8,14,6,500,0.004,0.0,0.986,0.01,2,0,493,5
13000,6,9,15,12,500,0.008,0.028,0.954,0.01,4,14,477,5
13000,6,12,18,9,500,0.184,0.04,0.698,0.078,92,20,349,39
13000,6,13,19,15,500,0.018,0.002,0.978,0.002,9,1,489,1
13000,7,0,7,0,500,0.01,0.218,0.408,0.364,5,109,204,182
13000,7,1,8,7,500,0.0,0.0,1.0,0.0,0,0,500,0
13000,7,3,10,0,500,0.0,0.0,1.0,0.0,0,0,500,0
13000,7,4,11,7,500,0.0,0.0,1.0,0.0,0,0,500,0
13000,7,7,14,7,500,0.078,0.126,0.638,0.158,39,63,319,79
13000,7,8,15,14,500,0.002,0.062,0.866,0.07,1,31,433,35
13000,7,9,16,0,500,0.0,0.0,1.0,0.0,0,0,500,0
13000,7,11,18,14,500,0.006,0.05,0.93,0.014,3,25,465,7
13000,7,13,20,7,500,0.0,0.0,1.0,0.0,0,0,500,0
13000,8,0,8,0,500,0.0,0.0,1.0,0.0,0,0,500,0
13000,8,1,9,8,500,0.018,0.002,0.974,0.006,9,1,487,3
13000,8,3,11,3,500,0.126,0.042,0.614,0.218,63,21,307,109
13000,8,5,13,19,500,0.0,0.0,1.0,0.0,0,0,500,0
13000,8,6,14,6,500,0.014,0.006,0.978,0.002,7,3,489,1
13000,8,7,15,14,500,0.008,0.02,0.912,0.06,4,10,456,30
13000,8,9,17,9,500,0.008,0.016,0.976,0.0,4,8,488,0
13000,8,11,19,4,500,0.0,0.0,1.0,0.0,0,0,500,0
13000,8,12,20,12,500,0.0,0.0,1.0,0.0,0,0,500,0
13000,9,4,13,15,500,0.028,0.372,0.382,0.218,14,186,191,109
13000,9,5,14,3,500,0.0,0.008,0.992,0.0,0,4,496,0
13000,9,6,15,12,500,0.008,0.01,0.972,0.01,4,5,486,5
13000,9,7,16,0,500,0.0,0.0,1.0,0.0,0,0,500,0
13000,9,8,17,9,500,0.006,0.016,0.978,0.0,3,8,489,0
13000,9,11,20,15,500,0.008,0.894,0.054,0.044,4,447,27,22
13000,10,0,10,0,500,0.0,0.0,1.0,0.0,0,0,500,0
13000,10,1,11,10,500,0.004,0.0,0.996,0.0,2,0,498,0
13000,10,2,12,20,500,0.0,0.0,1.0,0.0,0,0,500,0
13000,10,4,14,19,500,0.014,0.004,0.982,0.0,7,2,491,0
13000,10,5,15,8,500,0.008,0.004,0.988,0.0,4,2,494,0
13000,10,6,16,18,500,0.012,0.006,0.972,0.01,6,3,486,5
13000,10,7,17,7,500,0.0,0.0,1.0,0.0,0,0,500,0
13000,10,8,18,17,500,0.08,0.002,0.888,0.03,40,1,444,15
13000,10,9,19,6,500,0.0,0.002,0.998,0.0,0,1,499,0
13000,11,0,11,0,500,0.0,0.0,1.0,0.0,0,0,500,0
13000,11,1,12,11,500,0.006,0.0,0.992,0.002,3,0,496,1
13000,11,2,13,1,500,0.04,0.344,0.258,0.358,20,172,129,179
13000,11,6,17,3,500,0.008,0.0,0.988,0.004,4,0,494,2
13000,11,8,19,4,500,0.0,0.0,1.0,0.0,0,0,500,0
13000,11,9,20,15,500,0.02,0.734,0.142,0.104,10,367,71,52
13000,12,0,12,0,500,0.002,0.004,0.994,0.0,1,2,497,0
13000,12,1,13,12,500,0.004,0.01,0.986,0.0,2,5,493,0
13000,12,4,16,6,500,0.0,0.016,0.984,0.0,0,8,492,0
13000,12,5,17,18,500,0.064,0.006,0.908,0.022,32,3,454,11
13000,12,6,18,9,500,0.216,0.048,0.66,0.076,108,24,330,38
13000,12,8,20,12,500,0.0,0.0,1.0,0.0,0,0,500,0
13000,13,1,14,13,500,0.004,0.0,0.996,0.0,2,0,498,0
13000,13,3,16,18,500,0.026,0.01,0.95,0.014,13,5,475,7
13000,13,4,17,10,500,0.002,0.0,0.996,0.002,1,0,498,1
13000,13,5,18,2,500,0.0,0.0,1.0,0.0,0,0,500,0
13000,14,0,14,0,500,0.036,0.072,0.852,0.04,18,36,426,20
13000,14,1,15,14,500,0.028,0.01,0.766,0.196,14,5,383,98
13000,14,2,16,7,500,0.0,0.0,1.0,0.0,0,0,500,0
13000,14,3,17,0,500,0.004,0.002,0.994,0.0,2,1,497,0
13000,14,4,18,14,500,0.03,0.072,0.872,0.026,15,36,436,13
13000,14,5,19,7,500,0.06,0.058,0.804,0.078,30,29,402,39
13000,15,0,15,0,500,0.0,0.0,1.0,0.0,0,0,500,0
13000,15,2,17,9,500,0.094,0.022,0.862,0.022,47,11,431,11
13000,16,0,16,0,500,0.0,0.0,1.0,0.0,0,0,500,0
13000,16,2,18,11,500,0.0,0.0,1.0,0.0,0,0,500,0
13000,16,3,19,6,500,0.0,0.0,1.0,0.0,0,0,500,0
13000,17,0,17,0,500,0.0,0.0,1.0,0.0,0,0,500,0
13000,17,1,18,17,500,0.078,0.008,0.89,0.024,39,4,445,12
13000,17,2,19,13,500,0.0,0.0,1.0,0.0,0,0,500,0
13000,17,3,20,9,500,0.01,0.006,0.984,0.0,5,3,492,0
13000,18,0,18,0,500,0.0,0.002,0.998,0.0,0,1,499,0
13000,18,2,20,15,500,0.144,0.172,0.272,0.412,72,86,136,206
13000,19,0,19,0,500,0.0,0.0,1.0,0.0,0,0,500,0
13000,19,1,20,19,500,0.098,0.044,0.792,0.066,49,22,396,33
13000,20,0,20,0,500,0.0,0.0,1.0,0.0,0,0,500,0
13500,0,2,2,0,500,0.0,0.0,1.0,0.0,0,0,500,0
13500,0,5,5,0,500,0.0,0.0,1.0,0.0,0,0,500,0
13500,0,6,6,0,500,0.002,0.004,0.982,0.012,1,2,491,6
13500,0,7,7,0,500,0.014,0.256,0.322,0.408,7,128,161,204
13500,0,8,8,0,500,0.0,0.0,1.0,0.0,0,0,500,0
13500,0,10,10,0,500,0.0,0.0,1.0,0.0,0,0,500,0
13500,0,11,11,0,500,0.0,0.0,1.0,0.0,0,0,500,0
13500,0,14,14,0,500,0.062,0.06,0.808,0.07,31,30,404,35
13500,0,15,15,0,500,0.002,0.002,0.996,0.0,1,1,498,0
13500,0,16,16,0,500,0.0,0.0,1.0,0.0,0,0,500,0
13500,0,20,20,0,500,0.0,0.0,1.0,0.0,0,0,500,0
13500,1,0,1,0,500,0.0,0.0,1.0,0.0,0,0,500,0
13500,1,1,2,1,500,0.026,0.376,0.32,0.278,13,188,160,139
13500,1,3,4,3,500,0.122,0.148,0.38,0.35,61,74,190,175
13500,1,4,5,4,500,0.006,0.008,0.986,0.0,3,4,493,0
13500,1,5,6,5,500,0.014,0.054,0.488,0.444,7,27,244,222
13500,1,7,8,7,500,0.0,0.0,1.0,0.0,0,0,500,0
13500,1,8,9,8,500,0.0,0.0,1.0,0.0,0,0,500,0
13500,1,9,10,9,500,0.004,0.006,0.988,0.002,2,3,494,1
13500,1,11,12,11,500,0.0,0.0,0.998,0.002,0,0,499,1
13500,1,13,14,13,500,0.0,0.0,1.0,0.0,0,0,500,0
13500,1,14,15,14,500,0.014,0.088,0.712,0.186,7,44,356,93
13500,1,18,19,18,500,0.304,0.012,0.596,0.088,152,6,298,44
13500,1,19,20,19,500,0.042,0.064,0.846,0.048,21,32,423,24
13500,2,3,5,6,500,0.028,0.082,0.498,0.392,14,41,249,196
13500,2,8,10,16,500,0.154,0.012,0.358,0.476,77,6,179,238
13500,2,10,12,20,500,0.002,0.002,0.996,0.0,1,1,498,0
13500,2,11,13,1,500,0.07,0.23,0.29,0.41,35,115,145,205
13500,2,12,14,3,500,0.008,0.006,0.982,0.004,4,3,491,2
13500,2,14,16,7,500,0.0,0.0,1.0,0.0,0,0,500,0
13500,2,15,17,9,500,0.198,0.026,0.756,0.02,99,13,378,10
13500,2,18,20,15,500,0.216,0.162,0.17,0.452,108,81,85,226
13500,3,0,3,0,500,0.0,0.0,1.0,0.0,0,0,500,0
13500,3,2,5,6,500,0.024,0.078,0.47,0.428,12,39,235,214
13500,3,4,7,12,500,0.086,0.014,0.838,0.062,43,7,419,31
13500,3,5,8,15,500,0.006,0.014,0.978,0.002,3,7,489,1
13500,3,6,9,18,500,0.166,0.032,0.724,0.078,83,16,362,39
13500,3,7,10,0,500,0.0,0.0,1.0,0.0,0,0,500,0
13500,3,8,11,3,500,0.018,0.016,0.96,0.006,9,8,480,3
13500,3,9,12,6,500,0.004,0.008,0.988,0.0,2,4,494,0
13500,3,10,13,9,500,0.0,0.002,0.998,0.0,0,1,499,0
13500,3,13,16,18,500,0.022,0.002,0.964,0.012,11,1,482,6
13500,3,14,17,0,500,0.004,0.0,0.996,0.0,2,0,498,0
13500,3,15,18,3,500,0.638,0.028,0.236,0.098,319,14,118,49
13500,3,16,19,6,500,0.0,0.0,1.0,0.0,0,0,500,0
13500,3,17,20,9,500,0.002,0.008,0.99,0.0,1,4,495,0
13500,4,0,4,0,500,0.0,0.0,1.0,0.0,0,0,500,0
13500,4,2,6,8,500,0.008,0.09,0.882,0.02,4,45,441,10
13500,4,5,9,20,500,0.0,0.002,0.998,0.0,0,1,499,0
13500,4,6,10,3,500,0.174,0.144,0.548,0.134,87,72,274,67
13500,4,7,11,7,500,0.0,0.0,1.0,0.0,0,0,500,0
13500,4,8,12,11,500,0.012,0.002,0.982,0.004,6,1,491,2
13500,4,9,13,15,500,0.014,0.424,0.294,0.268,7,212,147,134
13500,4,10,14,19,500,0.014,0.002,0.984,0.0,7,1,492,0
13500,4,11,15,2,500,0.004,0.004,0.986,0.006,2,2,493,3
13500,4,12,16,6,500,0.0,0.006,0.992,0.002,0,3,496,1
13500,4,13,17,10,500,0.006,0.002,0.992,0.0,3,1,496,0
13500,4,14,18,14,500,0.01,0.072,0.908,0.01,5,36,454,5
13500,4,16,20,1,500,0.0,0.0,1.0,0.0,0,0,500,0
13500,5,0,5,0,500,0.0,0.0,1.0,0.0,0,0,500,0
13500,5,2,7,10,500,0.0,0.0,1.0,0.0,0,0,500,0
13500,5,3,8,15,500,0.03,0.024,0.938,0.008,15,12,469,4
13500,5,4,9,20,500,0.0,0.006,0.994,0.0,0,3,497,0
13500,5,5,10,4,500,0.008,0.008,0.984,0.0,4,4,492,0
13500,5,7,12,14,500,0.056,0.078,0.842,0.024,28,39,421,12
13500,5,9,14,3,500,0.004,0.004,0.992,0.0,2,2,496,0
13500,5,10,15,8,500,0.026,0.0,0.972,0.002,13,0,486,1
13500,5,11,16,13,500,0.004,0.0,0.992,0.004,2,0,496,2
13500,5,12,17,18,500,0.09,0.022,0.87,0.018,45,11,435,9
13500,5,14,19,7,500,0.06,0.012,0.878,0.05,30,6,439,25
13500,5,15,20,12,500,0.008,0.0,0.99,0.002,4,0,495,1
13500,6,1,7,6,500,0.0,0.0,1.0,0.0,0,0,500,0
13500,6,2,8,12,500,0.048,0.008,0.934,0.01,24,4,467,5
13500,6,6,12,15,500,0.022,0.004,0.97,0.004,11,2,485,2
13500,6,8,14,6,500,0.004,0.0,0.994,0.002,2,0,497,1
13500,6,9,15,12,500,0.004,0.014,0.974,0.008,2,7,487,4
13500,6,12,18,9,500,0.148,0.03,0.734,0.088,74,15,367,44
13500,6,13,19,15,500,0.01,0.002,0.988,0.0,5,1,494,0
13500,7,0,7,0,500,0.026,0.296,0.332,0.346,13,148,166,173
13500,7,1,8,7,500,0.0,0.002,0.998,0.0,0,1,499,0
13500,7,3,10,0,500,0.0,0.0,1.0,0.0,0,0,500,0
13500,7,4,11,7,500,0.0,0.0,1.0,0.0,0,0,500,0
13500,7,7,14,7,500,0.118,0.128,0.54,0.214,59,64,270,107
13500,7,8,15,14,500,0.014,0.082,0.858,0.046,7,41,429,23
13500,7,9,16,0,500,0.0,0.0,1.0,0.0,0,0,500,0
13500,7,11,18,14,500,0.006,0.036,0.948,0.01,3,18,474,5
13500,7,13,20,7,500,0.0,0.0,1.0,0.0,0,0,500,0
13500,8,0,8,0,500,0.0,0.0,1.0,0.0,0,0,500,0
13500,8,1,9,8,500,0.008,0.002,0.99,0.0,4,1,495,0
13500,8,3,11,3,500,0.1,0.014,0.812,0.074,50,7,406,37
13500,8,5,13,19,500,0.0,0.0,1.0,0.0,0,0,500,0
13500,8,6,14,6,500,0.008,0.0,0.986,0.006,4,0,493,3
13500,8,7,15,14,500,0.008,0.02,0.938,0.034,4,10,469,17
13500,8,9,17,9,500,0.004,0.002,0.994,0.0,2,1,497,0
13500,8,11,19,4,500,0.0,0.002,0.998,0.0,0,1,499,0
13500,8,12,20,12,500,0.002,0.0,0.998,0.0,1,0,499,0
13500,9,4,13,15,500,0.032,0.31,0.484,0.174,16,155,242,87
13500,9,5,14,3,500,0.004,0.004,0.992,0.0,2,2,496,0
13500,9,6,15,12,500,0.008,0.006,0.982,0.004,4,3,491,2
13500,9,7,16,0,500,0.0,0.0,1.0,0.0,0,0,500,0
13500,9,8,17,9,500,0.004,0.002,0.994,0.0,2,1,497,0
13500,9,11,20,15,500,0.01,0.872,0.064,0.054,5,436,32,27
13500,10,0,10,0,500,0.0,0.0,1.0,0.0,0,0,500,0
13500,10,1,11,10,500,0.002,0.0,0.996,0.002,1,0,498,1
13500,10,2,12,20,500,0.014,0.002,0.984,0.0,7,1,492,0
13500,10,4,14,19,500,0.01,0.002,0.988,0.0,5,1,494,0
13500,10,5,15,8,500,0.002,0.002,0.994,0.002,1,1,497,1
13500,10,6,16,18,500,0.018,0.0,0.978,0.004,9,0,489,2
13500,10,7,17,7,500,0.0,0.0,1.0,0.0,0,0,500,0
13500,10,8,18,17,500,0.092,0.008,0.884,0.016,46,4,442,8
13500,10,9,19,6,500,0.0,0.0,1.0,0.0,0,0,500,0
13500,11,0,11,0,500,0.0,0.0,1.0,0.0,0,0,500,0
13500,11,1,12,11,500,0.002,0.002,0.996,0.0,1,1,498,0
13500,11,2,13,1,500,0.082,0.156,0.294,0.468,41,78,147,234
13500,11,6,17,3,500,0.008,0.006,0.984,0.002,4,3,492,1
13500,11,8,19,4,500,0.002,0.0,0.996,0.002,1,0,498,1
13500,11,9,20,15,500,0.034,0.666,0.162,0.138,17,333,81,69
13500,12,0,12,0,500,0.006,0.006,0.988,0.0,3,3,494,0
13500,12,1,13,12,500,0.002,0.002,0.994,0.002,1,1,497,1
13500,12,4,16,6,500,0.0,0.0,1.0,0.0,0,0,500,0
13500,12,5,17,18,500,0.08,0.012,0.898,0.01,40,6,449,5
13500,12,6,18,9,500,0.16,0.03,0.736,0.074,80,15,368,37
13500,12,8,20,12,500,0.0,0.008,0.992,0.0,0,4,496,0
13500,13,1,14,13,500,0.002,0.0,0.998,0.0,1,0,499,0
13500,13,3,16,18,500,0.014,0.0,0.984,0.002,7,0,492,1
13500,13,4,17,10,500,0.006,0.002,0.992,0.0,3,1,496,0
13500,13,5,18,2,500,0.002,0.0,0.996,0.002,1,0,498,1
13500,14,0,14,0,500,0.04,0.068,0.82,0.072,20,34,410,36
13500,14,1,15,14,500,0.01,0.032,0.688,0.27,5,16,344,135
13500,14,2,16,7,500,0.0,0.0,1.0,0.0,0,0,500,0
13500,14,3,17,0,500,0.004,0.002,0.994,0.0,2,1,497,0
13500,14,4,18,14,500,0.014,0.066,0.906,0.014,7,33,453,7
13500,14,5,19,7,500,0.056,0.02,0.85,0.074,28,10,425,37
13500,15,0,15,0,500,0.0,0.002,0.998,0.0,0,1,499,0
13500,15,2,17,9,500,0.228,0.028,0.716,0.028,114,14,358,14
13500,16,0,16,0,500,0.0,0.0,1.0,0.0,0,0,500,0
13500,16,2,18,11,500,0.0,0.0,1.0,0.0,0,0,500,0
13500,16,3,19,6,500,0.0,0.002,0.998,0.0,0,1,499,0
13500,17,0,17,0,500,0.0,0.0,1.0,0.0,0,0,500,0
13500,17,1,18,17,500,0.124,0.006,0.858,0.012,62,3,429,6
13500,17,2,19,13,500,0.0,0.0,1.0,0.0,0,0,500,0
13500,17,3,20,9,500,0.004,0.006,0.99,0.0,2,3,495,0
13500,18,0,18,0,500,0.0,0.0,0.998,0.002,0,0,499,1
13500,18,2,20,15,500,0.202,0.146,0.192,0.46,101,73,96,230
13500,19,0,19,0,500,0.0,0.0,1.0,0.0,0,0,500,0
13500,19,1,20,19,500,0.084,0.056,0.746,0.114,42,28,373,57
13500,20,0,20,0,500,0.0,0.0,1.0,0.0,0,0,500,0
14000,0,2,2,0,500,0.0,0.0,1.0,0.0,0,0,500,0
14000,0,5,5,0,500,0.0,0.0,1.0,0.0,0,0,500,0
14000,0,6,6,0,500,0.002,0.0,0.984,0.014,1,0,492,7
14000,0,7,7,0,500,0.02,0.358,0.31,0.312,10,179,155,156
14000,0,8,8,0,500,0.002,0.0,0.998,0.0,1,0,499,0
14000,0,10,10,0,500,0.0,0.0,1.0,0.0,0,0,500,0
14000,0,11,11,0,500,0.0,0.0,1.0,0.0,0,0,500,0
14000,0,14,14,0,500,0.084,0.066,0.798,0.052,42,33,399,26
14000,0,15,15,0,500,0.0,0.002,0.998,0.0,0,1,499,0
14000,0,16,16,0,500,0.0,0.0,1.0,0.0,0,0,500,0
14000,0,20,20,0,500,0.0,0.0,1.0,0.0,0,0,500,0
14000,1,0,1,0,500,0.0,0.0,1.0,0.0,0,0,500,0
14000,1,1,2,1,500,0.0,0.902,0.054,0.044,0,451,27,22
14000,1,3,4,3,500,0.132,0.06,0.356,0.452,66,30,178,226
14000,1,4,5,4,500,0.008,0.002,0.99,0.0,4,1,495,0
14000,1,5,6,5,500,0.04,0.04,0.464,0.456,20,20,232,228
14000,1,7,8,7,500,0.0,0.0,1.0,0.0,0,0,500,0
14000,1,8,9,8,500,0.014,0.0,0.986,0.0,7,0,493,0
14000,1,9,10,9,500,0.0,0.006,0.994,0.0,0,3,497,0
14000,1,11,12,11,500,0.002,0.0,0.998,0.0,1,0,499,0
14000,1,13,14,13,500,0.006,0.0,0.994,0.0,3,0,497,0
14000,1,14,15,14,500,0.06,0.064,0.76,0.116,30,32,380,58
14000,1,18,19,18,500,0.256,0.03,0.64,0.074,128,15,320,37
14000,1,19,20,19,500,0.042,0.032,0.902,0.024,21,16,451,12
14000,2,3,5,6,500,0.034,0.084,0.506,0.376,17,42,253,188
14000,2,8,10,16,500,0.108,0.004,0.444,0.444,54,2,222,222
14000,2,10,12,20,500,0.004,0.0,0.996,0.0,2,0,498,0
14000,2,11,13,1,500,0.058,0.228,0.292,0.422,29,114,146,211
14000,2,12,14,3,500,0.002,0.002,0.996,0.0,1,1,498,0
14000,2,14,16,7,500,0.0,0.0,1.0,0.0,0,0,500,0
14000,2,15,17,9,500,0.108,0.002,0.874,0.016,54,1,437,8
14000,2,18,20,15,500,0.236,0.15,0.242,0.372,118,75,121,186
14000,3,0,3,0,500,0.004,0.006,0.99,0.0,2,3,495,0
14000,3,2,5,6,500,0.024,0.132,0.472,0.372,12,66,236,186
14000,3,4,7,12,500,0.15,0.028,0.752,0.07,75,14,376,35
14000,3,5,8,15,500,0.038,0.018,0.932,0.012,19,9,466,6
14000,3,6,9,18,500,0.118,0.038,0.794,0.05,59,19,397,25
14000,3,7,10,0,500,0.0,0.0,1.0,0.0,0,0,500,0
14000,3,8,11,3,500,0.014,0.006,0.978,0.002,7,3,489,1
14000,3,9,12,6,500,0.004,0.004,0.992,0.0,2,2,496,0
14000,3,10,13,9,500,0.0,0.0,1.0,0.0,0,0,500,0
14000,3,13,16,18,500,0.02,0.002,0.962,0.016,10,1,481,8
14000,3,14,17,0,500,0.0,0.004,0.996,0.0,0,2,498,0
14000,3,15,18,3,500,0.644,0.028,0.236,0.092,322,14,118,46
14000,3,16,19,6,500,0.0,0.0,1.0,0.0,0,0,500,0
14000,3,17,20,9,500,0.006,0.028,0.966,0.0,3,14,483,0
14000,4,0,4,0,500,0.0,0.0,1.0,0.0,0,0,500,0
14000,4,2,6,8,500,0.018,0.01,0.97,0.002,9,5,485,1
14000,4,5,9,20,500,0.0,0.004,0.996,0.0,0,2,498,0
14000,4,6,10,3,500,0.108,0.142,0.644,0.106,54,71,322,53
14000,4,7,11,7,500,0.0,0.0,1.0,0.0,0,0,500,0
14000,4,8,12,11,500,0.008,0.0,0.992,0.0,4,0,496,0
14000,4,9,13,15,500,0.006,0.362,0.276,0.356,3,181,138,178
14000,4,10,14,19,500,0.016,0.0,0.984,0.0,8,0,492,0
14000,4,11,15,2,500,0.002,0.0,0.99,0.008,1,0,495,4
14000,4,12,16,6,500,0.0,0.0,0.994,0.006,0,0,497,3
14000,4,13,17,10,500,0.002,0.0,0.998,0.0,1,0,499,0
14000,4,14,18,14,500,0.012,0.048,0.928,0.012,6,24,464,6
14000,4,16,20,1,500,0.0,0.0,0.998,0.002,0,0,499,1
14000,5,0,5,0,500,0.0,0.0,1.0,0.0,0,0,500,0
14000,5,2,7,10,500,0.0,0.0,1.0,0.0,0,0,500,0
14000,5,3,8,15,500,0.014,0.006,0.97,0.01,7,3,485,5
14000,5,4,9,20,500,0.0,0.004,0.996,0.0,0,2,498,0
14000,5,5,10,4,500,0.004,0.026,0.966,0.004,2,13,483,2
14000,5,7,12,14,500,0.048,0.046,0.862,0.044,24,23,431,22
14000,5,9,14,3,500,0.002,0.0,0.998,0.0,1,0,499,0
14000,5,10,15,8,500,0.1,0.006,0.864,0.03,50,3,432,15
14000,5,11,16,13,500,0.008,0.002,0.986,0.004,4,1,493,2
14000,5,12,17,18,500,0.098,0.018,0.866,0.018,49,9,433,9
14000,5,14,19,7,500,0.042,0.04,0.888,0.03,21,20,444,15
14000,5,15,20,12,500,0.008,0.006,0.986,0.0,4,3,493,0
14000,6,1,7,6,500,0.004,0.002,0.994,0.0,2,1,497,0
14000,6,2,8,12,500,0.114,0.0,0.878,0.008,57,0,439,4
14000,6,6,12,15,500,0.02,0.01,0.954,0.016,10,5,477,8
14000,6,8,14,6,500,0.014,0.0,0.984,0.002,7,0,492,1
14000,6,9,15,12,500,0.012,0.01,0.968,0.01,6,5,484,5
14000,6,12,18,9,500,0.132,0.046,0.754,0.068,66,23,377,34
14000,6,13,19,15,500,0.008,0.0,0.992,0.0,4,0,496,0
14000,7,0,7,0,500,0.01,0.354,0.298,0.338,5,177,149,169
14000,7,1,8,7,500,0.0,0.0,1.0,0.0,0,0,500,0
14000,7,3,10,0,500,0.0,0.0,1.0,0.0,0,0,500,0
14000,7,4,11,7,500,0.0,0.0,1.0,0.0,0,0,500,0
14000,7,7,14,7,500,0.094,0.11,0.55,0.246,47,55,275,123
14000,7,8,15,14,500,0.004,0.102,0.818,0.076,2,51,409,38
14000,7,9,16,0,500,0.0,0.0,1.0,0.0,0,0,500,0
14000,7,11,18,14,500,0.008,0.036,0.952,0.004,4,18,476,2
14000,7,13,20,7,500,0.0,0.0,1.0,0.0,0,0,500,0
14000,8,0,8,0,500,0.0,0.0,1.0,0.0,0,0,500,0
14000,8,1,9,8,500,0.026,0.002,0.97,0.002,13,1,485,1
14000,8,3,11,3,500,0.066,0.028,0.86,0.046,33,14,430,23
14000,8,5,13,19,500,0.0,0.0,1.0,0.0,0,0,500,0
14000,8,6,14,6,500,0.004,0.002,0.994,0.0,2,1,497,0
14000,8,7,15,14,500,0.006,0.048,0.906,0.04,3,24,453,20
14000,8,9,17,9,500,0.002,0.002,0.996,0.0,1,1,498,0
14000,8,11,19,4,500,0.0,0.0,1.0,0.0,0,0,500,0
14000,8,12,20,12,500,0.006,0.002,0.992,0.0,3,1,496,0
14000,9,4,13,15,500,0.03,0.354,0.404,0.212,15,177,202,106
14000,9,5,14,3,500,0.002,0.0,0.998,0.0,1,0,499,0
14000,9,6,15,12,500,0.028,0.004,0.946,0.022,14,2,473,11
14000,9,7,16,0,500,0.0,0.0,1.0,0.0,0,0,500,0
14000,9,8,17,9,500,0.006,0.008,0.986,0.0,3,4,493,0
14000,9,11,20,15,500,0.004,0.886,0.044,0.066,2,443,22,33
14000,10,0,10,0,500,0.0,0.0,1.0,0.0,0,0,500,0
14000,10,1,11,10,500,0.002,0.002,0.996,0.0,1,1,498,0
14000,10,2,12,20,500,0.012,0.0,0.988,0.0,6,0,494,0
14000,10,4,14,19,500,0.008,0.0,0.992,0.0,4,0,496,0
14000,10,5,15,8,500,0.034,0.004,0.946,0.016,17,2,473,8
14000,10,6,16,18,500,0.008,0.004,0.988,0.0,4,2,494,0
14000,10,7,17,7,500,0.0,0.0,1.0,0.0,0,0,500,0
14000,10,8,18,17,500,0.094,0.006,0.88,0.02,47,3,440,10
14000,10,9,19,6,500,0.0,0.0,1.0,0.0,0,0,500,0
14000,11,0,11,0,500,0.0,0.0,1.0,0.0,0,0,500,0
14000,11,1,12,11,500,0.008,0.004,0.984,0.004,4,2,492,2
14000,11,2,13,1,500,0.028,0.304,0.284,0.384,14,152,142,192
14000,11,6,17,3,500,0.004,0.002,0.992,0.002,2,1,496,1
14000,11,8,19,4,500,0.0,0.0,1.0,0.0,0,0,500,0
14000,11,9,20,15,500,0.074,0.566,0.206,0.154,37,283,103,77
14000,12,0,12,0,500,0.002,0.0,0.998,0.0,1,0,499,0
14000,12,1,13,12,500,0.0,0.0,1.0,0.0,0,0,500,0
14000,12,4,16,6,500,0.002,0.004,0.994,0.0,1,2,497,0
14000,12,5,17,18,500,0.074,0.028,0.886,0.012,37,14,443,6
14000,12,6,18,9,500,0.116,0.026,0.794,0.064,58,13,397,32
14000,12,8,20,12,500,0.0,0.002,0.998,0.0,0,1,499,0
14000,13,1,14,13,500,0.0,0.0,1.0,0.0,0,0,500,0
14000,13,3,16,18,500,0.028,0.002,0.95,0.02,14,1,475,10
14000,13,4,17,10,500,0.004,0.0,0.996,0.0,2,0,498,0
14000,13,5,18,2,500,0.0,0.0,1.0,0.0,0,0,500,0
14000,14,0,14,0,500,0.056,0.082,0.784,0.078,28,41,392,39
14000,14,1,15,14,500,0.006,0.02,0.89,0.084,3,10,445,42
14000,14,2,16,7,500,0.0,0.0,1.0,0.0,0,0,500,0
14000,14,3,17,0,500,0.008,0.0,0.99,0.002,4,0,495,1
14000,14,4,18,14,500,0.042,0.068,0.878,0.012,21,34,439,6
14000,14,5,19,7,500,0.046,0.034,0.882,0.038,23,17,441,19
14000,15,0,15,0,500,0.0,0.0,1.0,0.0,0,0,500,0
14000,15,2,17,9,500,0.094,0.02,0.866,0.02,47,10,433,10
14000,16,0,16,0,500,0.0,0.0,1.0,0.0,0,0,500,0
14000,16,2,18,11,500,0.0,0.0,1.0,0.0,0,0,500,0
14000,16,3,19,6,500,0.0,0.002,0.998,0.0,0,1,499,0
14000,17,0,17,0,500,0.0,0.0,1.0,0.0,0,0,500,0
14000,17,1,18,17,500,0.084,0.004,0.898,0.014,42,2,449,7
14000,17,2,19,13,500,0.0,0.0,1.0,0.0,0,0,500,0
14000,17,3,20,9,500,0.0,0.018,0.98,0.002,0,9,490,1
14000,18,0,18,0,500,0.0,0.0,1.0,0.0,0,0,500,0
14000,18,2,20,15,500,0.23,0.094,0.272,0.404,115,47,136,202
14000,19,0,19,0,500,0.002,0.0,0.996,0.002,1,0,498,1
14000,19,1,20,19,500,0.058,0.03,0.87,0.042,29,15,435,21
14000,20,0,20,0,500,0.0,0.0,1.0,0.0,0,0,500,0
14500,0,2,2,0,500,0.0,0.0,1.0,0.0,0,0,500,0
14500,0,5,5,0,500,0.0,0.0,1.0,0.0,0,0,500,0
14500,0,6,6,0,500,0.0,0.0,0.978,0.022,0,0,489,11
14500,0,7,7,0,500,0.002,0.322,0.268,0.408,1,161,134,204
14500,0,8,8,0,500,0.0,0.0,1.0,0.0,0,0,500,0
14500,0,10,10,0,500,0.0,0.0,1.0,0.0,0,0,500,0
14500,0,11,11,0,500,0.0,0.0,1.0,0.0,0,0,500,0
14500,0,14,14,0,500,0.074,0.068,0.786,0.072,37,34,393,36
14500,0,15,15,0,500,0.002,0.0,0.998,0.0,1,0,499,0
14500,0,16,16,0,500,0.0,0.0,1.0,0.0,0,0,500,0
14500,0,20,20,0,500,0.0,0.0,1.0,0.0,0,0,500,0
14500,1,0,1,0,500,0.0,0.0,1.0,0.0,0,0,500,0
14500,1,1,2,1,500,0.002,0.87,0.06,0.068,1,435,30,34
14500,1,3,4,3,500,0.196,0.07,0.418,0.316,98,35,209,158
14500,1,4,5,4,500,0.004,0.002,0.994,0.0,2,1,497,0
14500,1,5,6,5,500,0.006,0.02,0.576,0.398,3,10,288,199
14500,1,7,8,7,500,0.0,0.0,1.0,0.0,0,0,500,0
14500,1,8,9,8,500,0.01,0.0,0.984,0.006,5,0,492,3
14500,1,9,10,9,500,0.01,0.012,0.978,0.0,5,6,489,0
14500,1,11,12,11,500,0.004,0.0,0.996,0.0,2,0,498,0
14500,1,13,14,13,500,0.004,0.0,0.996,0.0,2,0,498,0
14500,1,14,15,14,500,0.05,0.05,0.622,0.278,25,25,311,139
14500,1,18,19,18,500,0.32,0.022,0.576,0.082,160,11,288,41
14500,1,19,20,19,500,0.034,0.046,0.878,0.042,17,23,439,21
14500,2,3,5,6,500,0.018,0.092,0.654,0.236,9,46,327,118
14500,2,8,10,16,500,0.194,0.012,0.358,0.436,97,6,179,218
14500,2,10,12,20,500,0.0,0.0,1.0,0.0,0,0,500,0
14500,2,11,13,1,500,0.034,0.312,0.216,0.438,17,156,108,219
14500,2,12,14,3,500,0.01,0.0,0.99,0.0,5,0,495,0
14500,2,14,16,7,500,0.0,0.0,1.0,0.0,0,0,500,0
14500,2,15,17,9,500,0.112,0.018,0.834,0.036,56,9,417,18
14500,2,18,20,15,500,0.338,0.088,0.166,0.408,169,44,83,204
14500,3,0,3,0,500,0.006,0.004,0.988,0.002,3,2,494,1
14500,3,2,5,6,500,0.018,0.062,0.73,0.19,9,31,365,95
14500,3,4,7,12,500,0.07,0.022,0.872,0.036,35,11,436,18
14500,3,5,8,15,500,0.026,0.008,0.93,0.036,13,4,465,18
14500,3,6,9,18,500,0.114,0.048,0.778,0.06,57,24,389,30
14500,3,7,10,0,500,0.0,0.0,1.0,0.0,0,0,500,0
14500,3,8,11,3,500,0.01,0.01,0.98,0.0,5,5,490,0
14500,3,9,12,6,500,0.002,0.0,0.998,0.0,1,0,499,0
14500,3,10,13,9,500,0.0,0.002,0.998,0.0,0,1,499,0
14500,3,13,16,18,500,0.02,0.002,0.964,0.014,10,1,482,7
14500,3,14,17,0,500,0.004,0.0,0.996,0.0,2,0,498,0
14500,3,15,18,3,500,0.602,0.05,0.238,0.11,301,25,119,55
14500,3,16,19,6,500,0.002,0.0,0.998,0.0,1,0,499,0
14500,3,17,20,9,500,0.008,0.006,0.986,0.0,4,3,493,0
14500,4,0,4,0,500,0.0,0.0,1.0,0.0,0,0,500,0
14500,4,2,6,8,500,0.018,0.036,0.936,0.01,9,18,468,5
14500,4,5,9,20,500,0.002,0.004,0.994,0.0,1,2,497,0
14500,4,6,10,3,500,0.188,0.092,0.578,0.142,94,46,289,71
14500,4,7,11,7,500,0.0,0.0,1.0,0.0,0,0,500,0
14500,4,8,12,11,500,0.016,0.004,0.978,0.002,8,2,489,1
14500,4,9,13,15,500,0.014,0.27,0.364,0.352,7,135,182,176
14500,4,10,14,19,500,0.01,0.0,0.99,0.0,5,0,495,0
14500,4,11,15,2,500,0.006,0.002,0.984,0.008,3,1,492,4
14500,4,12,16,6,500,0.0,0.004,0.994,0.002,0,2,497,1
14500,4,13,17,10,500,0.008,0.0,0.988,0.004,4,0,494,2
14500,4,14,18,14,500,0.01,0.028,0.934,0.028,5,14,467,14
14500,4,16,20,1,500,0.0,0.0,1.0,0.0,0,0,500,0
14500,5,0,5,0,500,0.0,0.0,1.0,0.0,0,0,500,0
14500,5,2,7,10,500,0.0,0.0,1.0,0.0,0,0,500,0
14500,5,3,8,15,500,0.012,0.008,0.94,0.04,6,4,470,20
14500,5,4,9,20,500,0.0,0.012,0.988,0.0,0,6,494,0
14500,5,5,10,4,500,0.068,0.036,0.854,0.042,34,18,427,21
14500,5,7,12,14,500,0.014,0.042,0.924,0.02,7,21,462,10
14500,5,9,14,3,500,0.006,0.0,0.994,0.0,3,0,497,0
14500,5,10,15,8,500,0.072,0.0,0.882,0.046,36,0,441,23
14500,5,11,16,13,500,0.008,0.002,0.99,0.0,4,1,495,0
14500,5,12,17,18,500,0.094,0.042,0.852,0.012,47,21,426,6
14500,5,14,19,7,500,0.064,0.056,0.824,0.056,32,28,412,28
14500,5,15,20,12,500,0.004,0.0,0.994,0.002,2,0,497,1
14500,6,1,7,6,500,0.002,0.0,0.998,0.0,1,0,499,0
14500,6,2,8,12,500,0.112,0.01,0.85,0.028,56,5,425,14
14500,6,6,12,15,500,0.004,0.004,0.98,0.012,2,2,490,6
14500,6,8,14,6,500,0.014,0.004,0.976,0.006,7,2,488,3
14500,6,9,15,12,500,0.006,0.018,0.95,0.026,3,9,475,13
14500,6,12,18,9,500,0.124,0.038,0.766,0.072,62,19,383,36
14500,6,13,19,15,500,0.004,0.004,0.992,0.0,2,2,496,0
14500,7,0,7,0,500,0.012,0.322,0.286,0.38,6,161,143,190
14500,7,1,8,7,500,0.004,0.0,0.996,0.0,2,0,498,0
14500,7,3,10,0,500,0.0,0.0,1.0,0.0,0,0,500,0
14500,7,4,11,7,500,0.0,0.0,1.0,0.0,0,0,500,0
14500,7,7,14,7,500,0.064,0.128,0.648,0.16,32,64,324,80
14500,7,8,15,14,500,0.0,0.064,0.886,0.05,0,32,443,25
14500,7,9,16,0,500,0.0,0.0,1.0,0.0,0,0,500,0
14500,7,11,18,14,500,0.016,0.032,0.938,0.014,8,16,469,7
14500,7,13,20,7,500,0.0,0.0,1.0,0.0,0,0,500,0
14500,8,0,8,0,500,0.0,0.0,1.0,0.0,0,0,500,0
14500,8,1,9,8,500,0.016,0.002,0.98,0.002,8,1,490,1
14500,8,3,11,3,500,0.038,0.006,0.922,0.034,19,3,461,17
14500,8,5,13,19,500,0.0,0.0,1.0,0.0,0,0,500,0
14500,8,6,14,6,500,0.012,0.002,0.978,0.008,6,1,489,4
14500,8,7,15,14,500,0.006,0.042,0.828,0.124,3,21,414,62
14500,8,9,17,9,500,0.002,0.008,0.99,0.0,1,4,495,0
14500,8,11,19,4,500,0.0,0.0,1.0,0.0,0,0,500,0
14500,8,12,20,12,500,0.0,0.0,1.0,0.0,0,0,500,0
14500,9,4,13,15,500,0.028,0.274,0.414,0.284,14,137,207,142
14500,9,5,14,3,500,0.002,0.004,0.992,0.002,1,2,496,1
14500,9,6,15,12,500,0.006,0.012,0.968,0.014,3,6,484,7
14500,9,7,16,0,500,0.0,0.0,1.0,0.0,0,0,500,0
14500,9,8,17,9,500,0.006,0.016,0.978,0.0,3,8,489,0
14500,9,11,20,15,500,0.01,0.84,0.078,0.072,5,420,39,36
14500,10,0,10,0,500,0.0,0.0,1.0,0.0,0,0,500,0
14500,10,1,11,10,500,0.002,0.0,0.998,0.0,1,0,499,0
14500,10,2,12,20,500,0.004,0.0,0.996,0.0,2,0,498,0
14500,10,4,14,19,500,0.01,0.002,0.988,0.0,5,1,494,0
14500,10,5,15,8,500,0.02,0.004,0.934,0.042,10,2,467,21
14500,10,6,16,18,500,0.018,0.002,0.976,0.004,9,1,488,2
14500,10,7,17,7,500,0.002,0.0,0.998,0.0,1,0,499,0
14500,10,8,18,17,500,0.096,0.004,0.866,0.034,48,2,433,17
14500,10,9,19,6,500,0.0,0.002,0.998,0.0,0,1,499,0
14500,11,0,11,0,500,0.0,0.0,1.0,0.0,0,0,500,0
14500,11,1,12,11,500,0.004,0.0,0.996,0.0,2,0,498,0
14500,11,2,13,1,500,0.014,0.394,0.182,0.41,7,197,91,205
14500,11,6,17,3,500,0.006,0.006,0.986,0.002,3,3,493,1
14500,11,8,19,4,500,0.0,0.0,1.0,0.0,0,0,500,0
14500,11,9,20,15,500,0.108,0.442,0.246,0.204,54,221,123,102
14500,12,0,12,0,500,0.002,0.002,0.996,0.0,1,1,498,0
14500,12,1,13,12,500,0.006,0.002,0.988,0.004,3,1,494,2
14500,12,4,16,6,500,0.004,0.006,0.988,0.002,2,3,494,1
14500,12,5,17,18,500,0.034,0.02,0.938,0.008,17,10,469,4
14500,12,6,18,9,500,0.14,0.034,0.754,0.072,70,17,377,36
14500,12,8,20,12,500,0.0,0.0,1.0,0.0,0,0,500,0
14500,13,1,14,13,500,0.002,0.0,0.996,0.002,1,0,498,1
14500,13,3,16,18,500,0.012,0.002,0.984,0.002,6,1,492,1
14500,13,4,17,10,500,0.008,0.002,0.988,0.002,4,1,494,1
14500,13,5,18,2,500,0.004,0.002,0.994,0.0,2,1,497,0
14500,14,0,14,0,500,0.054,0.066,0.822,0.058,27,33,411,29
14500,14,1,15,14,500,0.058,0.042,0.678,0.222,29,21,339,111
14500,14,2,16,7,500,0.0,0.0,1.0,0.0,0,0,500,0
14500,14,3,17,0,500,0.0,0.0,1.0,0.0,0,0,500,0
14500,14,4,18,14,500,0.016,0.04,0.93,0.014,8,20,465,7
14500,14,5,19,7,500,0.066,0.008,0.872,0.054,33,4,436,27
14500,15,0,15,0,500,0.0,0.0,1.0,0.0,0,0,500,0
14500,15,2,17,9,500,0.096,0.038,0.824,0.042,48,19,412,21
14500,16,0,16,0,500,0.0,0.0,1.0,0.0,0,0,500,0
14500,16,2,18,11,500,0.0,0.0,1.0,0.0,0,0,500,0
14500,16,3,19,6,500,0.0,0.0,1.0,0.0,0,0,500,0
14500,17,0,17,0,500,0.0,0.0,1.0,0.0,0,0,500,0
14500,17,1,18,17,500,0.08,0.006,0.898,0.016,40,3,449,8
14500,17,2,19,13,500,0.0,0.0,1.0,0.0,0,0,500,0
14500,17,3,20,9,500,0.004,0.004,0.992,0.0,2,2,496,0
14500,18,0,18,0,500,0.0,0.0,1.0,0.0,0,0,500,0
14500,18,2,20,15,500,0.312,0.108,0.18,0.4,156,54,90,200
14500,19,0,19,0,500,0.0,0.0,1.0,0.0,0,0,500,0
14500,19,1,20,19,500,0.058,0.036,0.858,0.048,29,18,429,24
14500,20,0,20,0,500,0.0,0.0,1.0,0.0,0,0,500,0
15000,0,2,2,0,500,0.0,0.0,1.0,0.0,0,0,500,0
15000,0,5,5,0,500,0.0,0.0,1.0,0.0,0,0,500,0
15000,0,6,6,0,500,0.004,0.002,0.97,0.024,2,1,485,12
15000,0,7,7,0,500,0.022,0.29,0.31,0.378,11,145,155,189
15000,0,8,8,0,500,0.0,0.0,1.0,0.0,0,0,500,0
15000,0,10,10,0,500,0.0,0.0,1.0,0.0,0,0,500,0
15000,0,11,11,0,500,0.0,0.0,1.0,0.0,0,0,500,0
15000,0,14,14,0,500,0.08,0.036,0.832,0.052,40,18,416,26
15000,0,15,15,0,500,0.002,0.0,0.998,0.0,1,0,499,0
15000,0,16,16,0,500,0.0,0.0,1.0,0.0,0,0,500,0
15000,0,20,20,0,500,0.0,0.002,0.998,0.0,0,1,499,0
15000,1,0,1,0,500,0.0,0.0,1.0,0.0,0,0,500,0
15000,1,1,2,1,500,0.002,0.74,0.11,0.148,1,370,55,74
15000,1,3,4,3,500,0.184,0.106,0.366,0.344,92,53,183,172
15000,1,4,5,4,500,0.006,0.0,0.994,0.0,3,0,497,0
15000,1,5,6,5,500,0.05,0.022,0.518,0.41,25,11,259,205
15000,1,7,8,7,500,0.0,0.0,1.0,0.0,0,0,500,0
15000,1,8,9,8,500,0.008,0.0,0.992,0.0,4,0,496,0
15000,1,9,10,9,500,0.0,0.006,0.994,0.0,0,3,497,0
15000,1,11,12,11,500,0.006,0.102,0.884,0.008,3,51,442,4
15000,1,13,14,13,500,0.002,0.0,0.99,0.008,1,0,495,4
15000,1,14,15,14,500,0.028,0.028,0.738,0.206,14,14,369,103
15000,1,18,19,18,500,0.276,0.032,0.624,0.068,138,16,312,34
15000,1,19,20,19,500,0.134,0.052,0.77,0.044,67,26,385,22
15000,2,3,5,6,500,0.054,0.046,0.648,0.252,27,23,324,126
15000,2,8,10,16,500,0.182,0.006,0.396,0.416,91,3,198,208
15000,2,10,12,20,500,0.002,0.0,0.998,0.0,1,0,499,0
15000,2,11,13,1,500,0.018,0.27,0.276,0.436,9,135,138,218
15000,2,12,14,3,500,0.014,0.006,0.98,0.0,7,3,490,0
15000,2,14,16,7,500,0.0,0.0,1.0,0.0,0,0,500,0
15000,2,15,17,9,500,0.07,0.018,0.902,0.01,35,9,451,5
15000,2,18,20,15,500,0.246,0.132,0.232,0.39,123,66,116,195
15000,3,0,3,0,500,0.002,0.006,0.992,0.0,1,3,496,0
15000,3,2,5,6,500,0.048,0.032,0.696,0.224,24,16,348,112
15000,3,4,7,12,500,0.112,0.02,0.846,0.022,56,10,423,11
15000,3,5,8,15,500,0.022,0.016,0.938,0.024,11,8,469,12
15000,3,6,9,18,500,0.212,0.026,0.68,0.082,106,13,340,41
15000,3,7,10,0,500,0.0,0.0,1.0,0.0,0,0,500,0
15000,3,8,11,3,500,0.018,0.016,0.96,0.006,9,8,480,3
15000,3,9,12,6,500,0.008,0.008,0.978,0.006,4,4,489,3
15000,3,10,13,9,500,0.0,0.0,0.998,0.002,0,0,499,1
15000,3,13,16,18,500,0.018,0.004,0.968,0.01,9,2,484,5
15000,3,14,17,0,500,0.002,0.0,0.998,0.0,1,0,499,0
15000,3,15,18,3,500,0.572,0.048,0.282,0.098,286,24,141,49
15000,3,16,19,6,500,0.0,0.0,1.0,0.0,0,0,500,0
15000,3,17,20,9,500,0.002,0.004,0.994,0.0,1,2,497,0
15000,4,0,4,0,500,0.0,0.0,1.0,0.0,0,0,500,0
15000,4,2,6,8,500,0.03,0.05,0.898,0.022,15,25,449,11
15000,4,5,9,20,500,0.0,0.0,1.0,0.0,0,0,500,0
15000,4,6,10,3,500,0.22,0.138,0.464,0.178,110,69,232,89
15000,4,7,11,7,500,0.0,0.0,1.0,0.0,0,0,500,0
15000,4,8,12,11,500,0.008,0.006,0.984,0.002,4,3,492,1
15000,4,9,13,15,500,0.004,0.334,0.384,0.278,2,167,192,139
15000,4,10,14,19,500,0.022,0.0,0.978,0.0,11,0,489,0
15000,4,11,15,2,500,0.0,0.006,0.99,0.004,0,3,495,2
15000,4,12,16,6,500,0.002,0.002,0.996,0.0,1,1,498,0
15000,4,13,17,10,500,0.006,0.0,0.994,0.0,3,0,497,0
15000,4,14,18,14,500,0.012,0.028,0.96,0.0,6,14,480,0
15000,4,16,20,1,500,0.0,0.0,1.0,0.0,0,0,500,0
15000,5,0,5,0,500,0.0,0.0,1.0,0.0,0,0,500,0
15000,5,2,7,10,500,0.0,0.0,1.0,0.0,0,0,500,0
15000,5,3,8,15,500,0.008,0.014,0.944,0.034,4,7,472,17
15000,5,4,9,20,500,0.0,0.0,1.0,0.0,0,0,500,0
15000,5,5,10,4,500,0.02,0.024,0.952,0.004,10,12,476,2
15000,5,7,12,14,500,0.012,0.04,0.948,0.0,6,20,474,0
15000,5,9,14,3,500,0.006,0.01,0.984,0.0,3,5,492,0
15000,5,10,15,8,500,0.018,0.0,0.982,0.0,9,0,491,0
15000,5,11,16,13,500,0.002,0.0,0.992,0.006,1,0,496,3
15000,5,12,17,18,500,0.082,0.022,0.868,0.028,41,11,434,14
15000,5,14,19,7,500,0.016,0.078,0.86,0.046,8,39,430,23
15000,5,15,20,12,500,0.012,0.012,0.976,0.0,6,6,488,0
15000,6,1,7,6,500,0.006,0.0,0.994,0.0,3,0,497,0
15000,6,2,8,12,500,0.11,0.02,0.8,0.07,55,10,400,35
15000,6,6,12,15,500,0.022,0.012,0.96,0.006,11,6,480,3
15000,6,8,14,6,500,0.022,0.002,0.968,0.008,11,1,484,4
15000,6,9,15,12,500,0.01,0.01,0.964,0.016,5,5,482,8
15000,6,12,18,9,500,0.182,0.028,0.694,0.096,91,14,347,48
15000,6,13,19,15,500,0.014,0.0,0.986,0.0,7,0,493,0
15000,7,0,7,0,500,0.018,0.26,0.326,0.396,9,130,163,198
15000,7,1,8,7,500,0.0,0.0,0.998,0.002,0,0,499,1
15000,7,3,10,0,500,0.0,0.0,1.0,0.0,0,0,500,0
15000,7,4,11,7,500,0.0,0.0,1.0,0.0,0,0,500,0
15000,7,7,14,7,500,0.052,0.086,0.676,0.186,26,43,338,93
15000,7,8,15,14,500,0.0,0.078,0.852,0.07,0,39,426,35
15000,7,9,16,0,500,0.0,0.0,1.0,0.0,0,0,500,0
15000,7,11,18,14,500,0.01,0.036,0.952,0.002,5,18,476,1
15000,7,13,20,7,500,0.002,0.0,0.996,0.002,1,0,498,1
15000,8,0,8,0,500,0.0,0.004,0.996,0.0,0,2,498,0
15000,8,1,9,8,500,0.024,0.0,0.974,0.002,12,0,487,1
15000,8,3,11,3,500,0.016,0.014,0.948,0.022,8,7,474,11
15000,8,5,13,19,500,0.0,0.0,1.0,0.0,0,0,500,0
15000,8,6,14,6,500,0.016,0.0,0.968,0.016,8,0,484,8
15000,8,7,15,14,500,0.016,0.096,0.766,0.122,8,48,383,61
15000,8,9,17,9,500,0.002,0.004,0.994,0.0,1,2,497,0
15000,8,11,19,4,500,0.0,0.002,0.998,0.0,0,1,499,0
15000,8,12,20,12,500,0.004,0.002,0.994,0.0,2,1,497,0
15000,9,4,13,15,500,0.034,0.23,0.51,0.226,17,115,255,113
15000,9,5,14,3,500,0.0,0.006,0.994,0.0,0,3,497,0
15000,9,6,15,12,500,0.018,0.014,0.932,0.036,9,7,466,18
15000,9,7,16,0,500,0.0,0.0,1.0,0.0,0,0,500,0
15000,9,8,17,9,500,0.004,0.016,0.98,0.0,2,8,490,0
15000,9,11,20,15,500,0.016,0.826,0.07,0.088,8,413,35,44
15000,10,0,10,0,500,0.0,0.0,1.0,0.0,0,0,500,0
15000,10,1,11,10,500,0.002,0.0,0.998,0.0,1,0,499,0
15000,10,2,12,20,500,0.006,0.0,0.994,0.0,3,0,497,0
15000,10,4,14,19,500,0.014,0.0,0.986,0.0,7,0,493,0
15000,10,5,15,8,500,0.014,0.012,0.972,0.002,7,6,486,1
15000,10,6,16,18,500,0.018,0.002,0.976,0.004,9,1,488,2
15000,10,7,17,7,500,0.0,0.0,1.0,0.0,0,0,500,0
15000,10,8,18,17,500,0.102,0.002,0.842,0.054,51,1,421,27
15000,10,9,19,6,500,0.0,0.0,1.0,0.0,0,0,500,0
15000,11,0,11,0,500,0.0,0.0,1.0,0.0,0,0,500,0
15000,11,1,12,11,500,0.002,0.016,0.978,0.004,1,8,489,2
15000,11,2,13,1,500,0.016,0.34,0.246,0.398,8,170,123,199
15000,11,6,17,3,500,0.008,0.002,0.99,0.0,4,1,495,0
15000,11,8,19,4,500,0.0,0.0,1.0,0.0,0,0,500,0
15000,11,9,20,15,500,0.074,0.442,0.226,0.258,37,221,113,129
15000,12,0,12,0,500,0.004,0.002,0.994,0.0,2,1,497,0
15000,12,1,13,12,500,0.0,0.004,0.996,0.0,0,2,498,0
15000,12,4,16,6,500,0.0,0.0,1.0,0.0,0,0,500,0
15000,12,5,17,18,500,0.034,0.008,0.946,0.012,17,4,473,6
15000,12,6,18,9,500,0.15,0.026,0.744,0.08,75,13,372,40
15000,12,8,20,12,500,0.0,0.006,0.994,0.0,0,3,497,0
15000,13,1,14,13,500,0.0,0.0,1.0,0.0,0,0,500,0
15000,13,3,16,18,500,0.016,0.002,0.968,0.014,8,1,484,7
15000,13,4,17,10,500,0.004,0.0,0.996,0.0,2,0,498,0
15000,13,5,18,2,500,0.0,0.002,0.998,0.0,0,1,499,0
15000,14,0,14,0,500,0.076,0.052,0.834,0.038,38,26,417,19
15000,14,1,15,14,500,0.056,0.054,0.64,0.25,28,27,320,125
15000,14,2,16,7,500,0.0,0.0,1.0,0.0,0,0,500,0
15000,14,3,17,0,500,0.0,0.004,0.996,0.0,0,2,498,0
15000,14,4,18,14,500,0.022,0.014,0.96,0.004,11,7,480,2
15000,14,5,19,7,500,0.016,0.016,0.95,0.018,8,8,475,9
15000,15,0,15,0,500,0.0,0.0,1.0,0.0,0,0,500,0
15000,15,2,17,9,500,0.12,0.016,0.838,0.026,60,8,419,13
15000,16,0,16,0,500,0.0,0.0,1.0,0.0,0,0,500,0
15000,16,2,18,11,500,0.0,0.0,1.0,0.0,0,0,500,0
15000,16,3,19,6,500,0.0,0.0,1.0,0.0,0,0,500,0
15000,17,0,17,0,500,0.0,0.0,1.0,0.0,0,0,500,0
15000,17,1,18,17,500,0.086,0.002,0.868,0.044,43,1,434,22
15000,17,2,19,13,500,0.0,0.0,1.0,0.0,0,0,500,0
15000,17,3,20,9,500,0.006,0.002,0.992,0.0,3,1,496,0
15000,18,0,18,0,500,0.0,0.0,1.0,0.0,0,0,500,0
15000,18,2,20,15,500,0.174,0.17,0.238,0.418,87,85,119,209
15000,19,0,19,0,500,0.002,0.0,0.998,0.0,1,0,499,0
15000,19,1,20,19,500,0.058,0.028,0.882,0.032,29,14,441,16
15000,20,0,20,0,500,0.0,0.0,1.0,0.0,0,0,500,0
15500,0,2,2,0,500,0.0,0.0,1.0,0.0,0,0,500,0
15500,0,5,5,0,500,0.0,0.0,1.0,0.0,0,0,500,0
15500,0,6,6,0,500,0.01,0.004,0.972,0.014,5,2,486,7
15500,0,7,7,0,500,0.036,0.206,0.33,0.428,18,103,165,214
15500,0,8,8,0,500,0.0,0.0,1.0,0.0,0,0,500,0
15500,0,10,10,0,500,0.0,0.0,1.0,0.0,0,0,500,0
15500,0,11,11,0,500,0.0,0.0,1.0,0.0,0,0,500,0
15500,0,14,14,0,500,0.086,0.018,0.862,0.034,43,9,431,17
15500,0,15,15,0,500,0.004,0.0,0.996,0.0,2,0,498,0
15500,0,16,16,0,500,0.0,0.0,1.0,0.0,0,0,500,0
15500,0,20,20,0,500,0.0,0.0,1.0,0.0,0,0,500,0
15500,1,0,1,0,500,0.0,0.0,1.0,0.0,0,0,500,0
15500,1,1,2,1,500,0.018,0.38,0.274,0.328,9,190,137,164
15500,1,3,4,3,500,0.228,0.078,0.382,0.312,114,39,191,156
15500,1,4,5,4,500,0.004,0.002,0.994,0.0,2,1,497,0
15500,1,5,6,5,500,0.022,0.05,0.436,0.492,11,25,218,246
15500,1,7,8,7,500,0.0,0.0,1.0,0.0,0,0,500,0
15500,1,8,9,8,500,0.012,0.004,0.984,0.0,6,2,492,0
15500,1,9,10,9,500,0.0,0.004,0.996,0.0,0,2,498,0
15500,1,11,12,11,500,0.004,0.0,0.996,0.0,2,0,498,0
15500,1,13,14,13,500,0.002,0.0,0.998,0.0,1,0,499,0
15500,1,14,15,14,500,0.016,0.012,0.862,0.11,8,6,431,55
15500,1,18,19,18,500,0.298,0.03,0.504,0.168,149,15,252,84
15500,1,19,20,19,500,0.108,0.016,0.824,0.052,54,8,412,26
15500,2,3,5,6,500,0.032,0.086,0.562,0.32,16,43,281,160
15500,2,8,10,16,500,0.17,0.006,0.408,0.416,85,3,204,208
15500,2,10,12,20,500,0.0,0.0,0.998,0.002,0,0,499,1
15500,2,11,13,1,500,0.016,0.394,0.23,0.36,8,197,115,180
15500,2,12,14,3,500,0.006,0.0,0.994,0.0,3,0,497,0
15500,2,14,16,7,500,0.0,0.0,1.0,0.0,0,0,500,0
15500,2,15,17,9,500,0.052,0.022,0.91,0.016,26,11,455,8
15500,2,18,20,15,500,0.268,0.142,0.24,0.35,134,71,120,175
15500,3,0,3,0,500,0.0,0.006,0.994,0.0,0,3,497,0
15500,3,2,5,6,500,0.044,0.072,0.608,0.276,22,36,304,138
15500,3,4,7,12,500,0.078,0.024,0.86,0.038,39,12,430,19
15500,3,5,8,15,500,0.034,0.012,0.936,0.018,17,6,468,9
15500,3,6,9,18,500,0.158,0.034,0.682,0.126,79,17,341,63
15500,3,7,10,0,500,0.0,0.0,1.0,0.0,0,0,500,0
15500,3,8,11,3,500,0.024,0.012,0.954,0.01,12,6,477,5
15500,3,9,12,6,500,0.0,0.002,0.996,0.002,0,1,498,1
15500,3,10,13,9,500,0.0,0.002,0.998,0.0,0,1,499,0
15500,3,13,16,18,500,0.04,0.0,0.936,0.024,20,0,468,12
15500,3,14,17,0,500,0.002,0.0,0.998,0.0,1,0,499,0
15500,3,15,18,3,500,0.618,0.038,0.244,0.1,309,19,122,50
15500,3,16,19,6,500,0.0,0.0,1.0,0.0,0,0,500,0
15500,3,17,20,9,500,0.0,0.008,0.992,0.0,0,4,496,0
15500,4,0,4,0,500,0.0,0.0,1.0,0.0,0,0,500,0
15500,4,2,6,8,500,0.03,0.006,0.942,0.022,15,3,471,11
15500,4,5,9,20,500,0.0,0.004,0.996,0.0,0,2,498,0
15500,4,6,10,3,500,0.308,0.054,0.438,0.2,154,27,219,100
15500,4,7,11,7,500,0.0,0.0,1.0,0.0,0,0,500,0
15500,4,8,12,11,500,0.024,0.014,0.954,0.008,12,7,477,4
15500,4,9,13,15,500,0.018,0.336,0.358,0.288,9,168,179,144
15500,4,10,14,19,500,0.01,0.0,0.99,0.0,5,0,495,0
15500,4,11,15,2,500,0.002,0.002,0.972,0.024,1,1,486,12
15500,4,12,16,6,500,0.004,0.0,0.996,0.0,2,0,498,0
15500,4,13,17,10,500,0.006,0.0,0.994,0.0,3,0,497,0
15500,4,14,18,14,500,0.01,0.032,0.952,0.006,5,16,476,3
15500,4,16,20,1,500,0.0,0.0,1.0,0.0,0,0,500,0
15500,5,0,5,0,500,0.0,0.0,1.0,0.0,0,0,500,0
15500,5,2,7,10,500,0.0,0.0,1.0,0.0,0,0,500,0
15500,5,3,8,15,500,0.024,0.016,0.948,0.012,12,8,474,6
15500,5,4,9,20,500,0.0,0.002,0.998,0.0,0,1,499,0
15500,5,5,10,4,500,0.01,0.018,0.97,0.002,5,9,485,1
15500,5,7,12,14,500,0.006,0.012,0.98,0.002,3,6,490,1
15500,5,9,14,3,500,0.006,0.004,0.99,0.0,3,2,495,0
15500,5,10,15,8,500,0.042,0.008,0.946,0.004,21,4,473,2
15500,5,11,16,13,500,0.002,0.002,0.994,0.002,1,1,497,1
15500,5,12,17,18,500,0.066,0.034,0.888,0.012,33,17,444,6
15500,5,14,19,7,500,0.028,0.054,0.886,0.032,14,27,443,16
15500,5,15,20,12,500,0.01,0.012,0.976,0.002,5,6,488,1
15500,6,1,7,6,500,0.006,0.0,0.992,0.002,3,0,496,1
15500,6,2,8,12,500,0.136,0.002,0.824,0.038,68,1,412,19
15500,6,6,12,15,500,0.014,0.002,0.974,0.01,7,1,487,5
15500,6,8,14,6,500,0.008,0.002,0.986,0.004,4,1,493,2
15500,6,9,15,12,500,0.004,0.008,0.974,0.014,2,4,487,7
15500,6,12,18,9,500,0.156,0.056,0.706,0.082,78,28,353,41
15500,6,13,19,15,500,0.018,0.002,0.98,0.0,9,1,490,0
15500,7,0,7,0,500,0.034,0.208,0.334,0.424,17,104,167,212
15500,7,1,8,7,500,0.0,0.0,1.0,0.0,0,0,500,0
15500,7,3,10,0,500,0.0,0.0,1.0,0.0,0,0,500,0
15500,7,4,11,7,500,0.0,0.0,1.0,0.0,0,0,500,0
15500,7,7,14,7,500,0.07,0.05,0.836,0.044,35,25,418,22
15500,7,8,15,14,500,0.0,0.048,0.92,0.032,0,24,460,16
15500,7,9,16,0,500,0.0,0.0,1.0,0.0,0,0,500,0
15500,7,11,18,14,500,0.01,0.03,0.952,0.008,5,15,476,4
15500,7,13,20,7,500,0.0,0.0,1.0,0.0,0,0,500,0
15500,8,0,8,0,500,0.0,0.0,1.0,0.0,0,0,500,0
15500,8,1,9,8,500,0.038,0.006,0.952,0.004,19,3,476,2
15500,8,3,11,3,500,0.072,0.01,0.858,0.06,36,5,429,30
15500,8,5,13,19,500,0.0,0.0,1.0,0.0,0,0,500,0
15500,8,6,14,6,500,0.008,0.0,0.982,0.01,4,0,491,5
15500,8,7,15,14,500,0.002,0.088,0.782,0.128,1,44,391,64
15500,8,9,17,9,500,0.004,0.008,0.988,0.0,2,4,494,0
15500,8,11,19,4,500,0.0,0.0,1.0,0.0,0,0,500,0
15500,8,12,20,12,500,0.0,0.008,0.992,0.0,0,4,496,0
15500,9,4,13,15,500,0.04,0.276,0.426,0.258,20,138,213,129
15500,9,5,14,3,500,0.0,0.0,1.0,0.0,0,0,500,0
15500,9,6,15,12,500,0.022,0.008,0.94,0.03,11,4,470,15
15500,9,7,16,0,500,0.0,0.0,1.0,0.0,0,0,500,0
15500,9,8,17,9,500,0.006,0.018,0.976,0.0,3,9,488,0
15500,9,11,20,15,500,0.014,0.836,0.072,0.078,7,418,36,39
15500,10,0,10,0,500,0.0,0.0,1.0,0.0,0,0,500,0
15500,10,1,11,10,500,0.0,0.002,0.998,0.0,0,1,499,0
15500,10,2,12,20,500,0.018,0.002,0.98,0.0,9,1,490,0
15500,10,4,14,19,500,0.02,0.002,0.978,0.0,10,1,489,0
15500,10,5,15,8,500,0.036,0.012,0.942,0.01,18,6,471,5
15500,10,6,16,18,500,0.014,0.0,0.982,0.004,7,0,491,2
15500,10,7,17,7,500,0.0,0.0,1.0,0.0,0,0,500,0
15500,10,8,18,17,500,0.084,0.002,0.884,0.03,42,1,442,15
15500,10,9,19,6,500,0.002,0.0,0.998,0.0,1,0,499,0
15500,11,0,11,0,500,0.0,0.0,1.0,0.0,0,0,500,0
15500,11,1,12,11,500,0.006,0.0,0.994,0.0,3,0,497,0
15500,11,2,13,1,500,0.024,0.264,0.238,0.474,12,132,119,237
15500,11,6,17,3,500,0.006,0.002,0.992,0.0,3,1,496,0
15500,11,8,19,4,500,0.002,0.0,0.998,0.0,1,0,499,0
15500,11,9,20,15,500,0.096,0.432,0.246,0.226,48,216,123,113
15500,12,0,12,0,500,0.0,0.0,1.0,0.0,0,0,500,0
15500,12,1,13,12,500,0.002,0.0,0.998,0.0,1,0,499,0
15500,12,4,16,6,500,0.0,0.002,0.998,0.0,0,1,499,0
15500,12,5,17,18,500,0.046,0.018,0.924,0.012,23,9,462,6
15500,12,6,18,9,500,0.13,0.034,0.734,0.102,65,17,367,51
15500,12,8,20,12,500,0.0,0.01,0.99,0.0,0,5,495,0
15500,13,1,14,13,500,0.002,0.0,0.998,0.0,1,0,499,0
15500,13,3,16,18,500,0.02,0.0,0.96,0.02,10,0,480,10
15500,13,4,17,10,500,0.002,0.0,0.998,0.0,1,0,499,0
15500,13,5,18,2,500,0.0,0.002,0.998,0.0,0,1,499,0
15500,14,0,14,0,500,0.06,0.038,0.862,0.04,30,19,431,20
15500,14,1,15,14,500,0.022,0.012,0.902,0.064,11,6,451,32
15500,14,2,16,7,500,0.0,0.0,1.0,0.0,0,0,500,0
15500,14,3,17,0,500,0.0,0.0,1.0,0.0,0,0,500,0
15500,14,4,18,14,500,0.026,0.038,0.912,0.024,13,19,456,12
15500,14,5,19,7,500,0.034,0.062,0.878,0.026,17,31,439,13
15500,15,0,15,0,500,0.004,0.0,0.996,0.0,2,0,498,0
15500,15,2,17,9,500,0.078,0.022,0.884,0.016,39,11,442,8
15500,16,0,16,0,500,0.0,0.0,1.0,0.0,0,0,500,0
15500,16,2,18,11,500,0.0,0.002,0.998,0.0,0,1,499,0
15500,16,3,19,6,500,0.002,0.002,0.996,0.0,1,1,498,0
15500,17,0,17,0,500,0.0,0.0,1.0,0.0,0,0,500,0
15500,17,1,18,17,500,0.096,0.008,0.872,0.024,48,4,436,12
15500,17,2,19,13,500,0.0,0.0,1.0,0.0,0,0,500,0
15500,17,3,20,9,500,0.002,0.008,0.988,0.002,1,4,494,1
15500,18,0,18,0,500,0.002,0.002,0.996,0.0,1,1,498,0
15500,18,2,20,15,500,0.18,0.152,0.256,0.412,90,76,128,206
15500,19,0,19,0,500,0.002,0.0,0.998,0.0,1,0,499,0
15500,19,1,20,19,500,0.09,0.036,0.84,0.034,45,18,420,17
15500,20,0,20,0,500,0.0,0.002,0.998,0.0,0,1,499,0
16000,0,2,2,0,500,0.0,0.0,1.0,0.0,0,0,500,0
16000,0,5,5,0,500,0.0,0.0,1.0,0.0,0,0,500,0
16000,0,6,6,0,500,0.0,0.002,0.99,0.008,0,1,495,4
16000,0,7,7,0,500,0.038,0.262,0.32,0.38,19,131,160,190
16000,0,8,8,0,500,0.0,0.0,1.0,0.0,0,0,500,0
16000,0,10,10,0,500,0.0,0.0,1.0,0.0,0,0,500,0
16000,0,11,11,0,500,0.0,0.0,1.0,0.0,0,0,500,0
16000,0,14,14,0,500,0.076,0.036,0.858,0.03,38,18,429,15
16000,0,15,15,0,500,0.0,0.0,1.0,0.0,0,0,500,0
16000,0,16,16,0,500,0.0,0.0,1.0,0.0,0,0,500,0
16000,0,20,20,0,500,0.0,0.0,1.0,0.0,0,0,500,0
16000,1,0,1,0,500,0.0,0.0,1.0,0.0,0,0,500,0
16000,1,1,2,1,500,0.018,0.194,0.276,0.512,9,97,138,256
16000,1,3,4,3,500,0.216,0.19,0.29,0.304,108,95,145,152
16000,1,4,5,4,500,0.014,0.002,0.984,0.0,7,1,492,0
16000,1,5,6,5,500,0.028,0.028,0.434,0.51,14,14,217,255
16000,1,7,8,7,500,0.0,0.0,1.0,0.0,0,0,500,0
16000,1,8,9,8,500,0.002,0.0,0.998,0.0,1,0,499,0
16000,1,9,10,9,500,0.0,0.008,0.992,0.0,0,4,496,0
16000,1,11,12,11,500,0.002,0.0,0.998,0.0,1,0,499,0
16000,1,13,14,13,500,0.0,0.0,1.0,0.0,0,0,500,0
16000,1,14,15,14,500,0.022,0.01,0.798,0.17,11,5,399,85
16000,1,18,19,18,500,0.312,0.026,0.48,0.182,156,13,240,91
16000,1,19,20,19,500,0.04,0.014,0.922,0.024,20,7,461,12
16000,2,3,5,6,500,0.068,0.054,0.548,0.33,34,27,274,165
16000,2,8,10,16,500,0.158,0.018,0.408,0.416,79,9,204,208
16000,2,10,12,20,500,0.0,0.0,1.0,0.0,0,0,500,0
16000,2,11,13,1,500,0.038,0.234,0.244,0.484,19,117,122,242
16000,2,12,14,3,500,0.002,0.0,0.998,0.0,1,0,499,0
16000,2,14,16,7,500,0.0,0.0,1.0,0.0,0,0,500,0
16000,2,15,17,9,500,0.13,0.014,0.824,0.032,65,7,412,16
16000,2,18,20,15,500,0.244,0.164,0.21,0.382,122,82,105,191
16000,3,0,3,0,500,0.002,0.002,0.996,0.0,1,1,498,0
16000,3,2,5,6,500,0.048,0.038,0.548,0.366,24,19,274,183
16000,3,4,7,12,500,0.13,0.02,0.82,0.03,65,10,410,15
16000,3,5,8,15,500,0.014,0.004,0.978,0.004,7,2,489,2
16000,3,6,9,18,500,0.184,0.048,0.678,0.09,92,24,339,45
16000,3,7,10,0,500,0.0,0.0,1.0,0.0,0,0,500,0
16000,3,8,11,3,500,0.006,0.006,0.98,0.008,3,3,490,4
16000,3,9,12,6,500,0.004,0.004,0.992,0.0,2,2,496,0
16000,3,10,13,9,500,0.0,0.0,0.998,0.002,0,0,499,1
16000,3,13,16,18,500,0.024,0.004,0.956,0.016,12,2,478,8
16000,3,14,17,0,500,0.0,0.0,1.0,0.0,0,0,500,0
16000,3,15,18,3,500,0.624,0.04,0.244,0.092,312,20,122,46
16000,3,16,19,6,500,0.0,0.0,1.0,0.0,0,0,500,0
16000,3,17,20,9,500,0.006,0.006,0.988,0.0,3,3,494,0
16000,4,0,4,0,500,0.0,0.0,1.0,0.0,0,0,500,0
16000,4,2,6,8,500,0.048,0.01,0.924,0.018,24,5,462,9
16000,4,5,9,20,500,0.0,0.0,1.0,0.0,0,0,500,0
16000,4,6,10,3,500,0.192,0.128,0.54,0.14,96,64,270,70
16000,4,7,11,7,500,0.0,0.0,1.0,0.0,0,0,500,0
16000,4,8,12,11,500,0.004,0.004,0.99,0.002,2,2,495,1
16000,4,9,13,15,500,0.014,0.306,0.308,0.372,7,153,154,186
16000,4,10,14,19,500,0.006,0.0,0.994,0.0,3,0,497,0
16000,4,11,15,2,500,0.0,0.004,0.988,0.008,0,2,494,4
16000,4,12,16,6,500,0.002,0.0,0.998,0.0,1,0,499,0
16000,4,13,17,10,500,0.0,0.0,1.0,0.0,0,0,500,0
16000,4,14,18,14,500,0.022,0.03,0.946,0.002,11,15,473,1
16000,4,16,20,1,500,0.0,0.0,1.0,0.0,0,0,500,0
16000,5,0,5,0,500,0.0,0.0,1.0,0.0,0,0,500,0
16000,5,2,7,10,500,0.0,0.0,1.0,0.0,0,0,500,0
16000,5,3,8,15,500,0.02,0.012,0.966,0.002,10,6,483,1
16000,5,4,9,20,500,0.0,0.006,0.994,0.0,0,3,497,0
16000,5,5,10,4,500,0.112,0.042,0.784,0.062,56,21,392,31
16000,5,7,12,14,500,0.014,0.044,0.942,0.0,7,22,471,0
16000,5,9,14,3,500,0.006,0.004,0.99,0.0,3,2,495,0
16000,5,10,15,8,500,0.01,0.0,0.986,0.004,5,0,493,2
16000,5,11,16,13,500,0.004,0.0,0.996,0.0,2,0,498,0
16000,5,12,17,18,500,0.09,0.002,0.894,0.014,45,1,447,7
16000,5,14,19,7,500,0.038,0.032,0.886,0.044,19,16,443,22
16000,5,15,20,12,500,0.016,0.012,0.972,0.0,8,6,486,0
16000,6,1,7,6,500,0.002,0.0,0.994,0.004,1,0,497,2
16000,6,2,8,12,500,0.086,0.006,0.876,0.032,43,3,438,16
16000,6,6,12,15,500,0.002,0.004,0.988,0.006,1,2,494,3
16000,6,8,14,6,500,0.02,0.002,0.974,0.004,10,1,487,2
16000,6,9,15,12,500,0.006,0.0,0.974,0.02,3,0,487,10
16000,6,12,18,9,500,0.184,0.036,0.648,0.132,92,18,324,66
16000,6,13,19,15,500,0.004,0.0,0.996,0.0,2,0,498,0
16000,7,0,7,0,500,0.022,0.266,0.34,0.372,11,133,170,186
16000,7,1,8,7,500,0.002,0.002,0.996,0.0,1,1,498,0
16000,7,3,10,0,500,0.0,0.0,1.0,0.0,0,0,500,0
16000,7,4,11,7,500,0.0,0.0,1.0,0.0,0,0,500,0
16000,7,7,14,7,500,0.084,0.098,0.684,0.134,42,49,342,67
16000,7,8,15,14,500,0.016,0.06,0.86,0.064,8,30,430,32
16000,7,9,16,0,500,0.0,0.0,1.0,0.0,0,0,500,0
16000,7,11,18,14,500,0.022,0.036,0.938,0.004,11,18,469,2
16000,7,13,20,7,500,0.0,0.0,1.0,0.0,0,0,500,0
16000,8,0,8,0,500,0.0,0.0,1.0,0.0,0,0,500,0
16000,8,1,9,8,500,0.008,0.0,0.988,0.004,4,0,494,2
16000,8,3,11,3,500,0.028,0.026,0.922,0.024,14,13,461,12
16000,8,5,13,19,500,0.0,0.002,0.998,0.0,0,1,499,0
16000,8,6,14,6,500,0.0,0.0,0.998,0.002,0,0,499,1
16000,8,7,15,14,500,0.036,0.068,0.768,0.128,18,34,384,64
16000,8,9,17,9,500,0.016,0.01,0.974,0.0,8,5,487,0
16000,8,11,19,4,500,0.0,0.0,1.0,0.0,0,0,500,0
16000,8,12,20,12,500,0.0,0.006,0.994,0.0,0,3,497,0
16000,9,4,13,15,500,0.022,0.348,0.352,0.278,11,174,176,139
16000,9,5,14,3,500,0.006,0.01,0.982,0.002,3,5,491,1
16000,9,6,15,12,500,0.024,0.004,0.94,0.032,12,2,470,16
16000,9,7,16,0,500,0.0,0.0,1.0,0.0,0,0,500,0
16000,9,8,17,9,500,0.002,0.01,0.988,0.0,1,5,494,0
16000,9,11,20,15,500,0.02,0.802,0.11,0.068,10,401,55,34
16000,10,0,10,0,500,0.0,0.0,1.0,0.0,0,0,500,0
16000,10,1,11,10,500,0.0,0.0,1.0,0.0,0,0,500,0
16000,10,2,12,20,500,0.004,0.0,0.996,0.0,2,0,498,0
16000,10,4,14,19,500,0.01,0.004,0.986,0.0,5,2,493,0
16000,10,5,15,8,500,0.014,0.004,0.974,0.008,7,2,487,4
16000,10,6,16,18,500,0.012,0.0,0.988,0.0,6,0,494,0
16000,10,7,17,7,500,0.0,0.0,1.0,0.0,0,0,500,0
16000,10,8,18,17,500,0.082,0.004,0.886,0.028,41,2,443,14
16000,10,9,19,6,500,0.0,0.0,1.0,0.0,0,0,500,0
16000,11,0,11,0,500,0.0,0.0,1.0,0.0,0,0,500,0
16000,11,1,12,11,500,0.006,0.004,0.99,0.0,3,2,495,0
16000,11,2,13,1,500,0.06,0.232,0.26,0.448,30,116,130,224
16000,11,6,17,3,500,0.008,0.0,0.99,0.002,4,0,495,1
16000,11,8,19,4,500,0.0,0.002,0.996,0.002,0,1,498,1
16000,11,9,20,15,500,0.058,0.494,0.19,0.258,29,247,95,129
16000,12,0,12,0,500,0.0,0.002,0.998,0.0,0,1,499,0
16000,12,1,13,12,500,0.004,0.004,0.992,0.0,2,2,496,0
16000,12,4,16,6,500,0.002,0.004,0.994,0.0,1,2,497,0
16000,12,5,17,18,500,0.042,0.002,0.936,0.02,21,1,468,10
16000,12,6,18,9,500,0.222,0.036,0.664,0.078,111,18,332,39
16000,12,8,20,12,500,0.0,0.004,0.996,0.0,0,2,498,0
16000,13,1,14,13,500,0.002,0.002,0.996,0.0,1,1,498,0
16000,13,3,16,18,500,0.014,0.002,0.978,0.006,7,1,489,3
16000,13,4,17,10,500,0.002,0.0,0.998,0.0,1,0,499,0
16000,13,5,18,2,500,0.0,0.002,0.996,0.002,0,1,498,1
16000,14,0,14,0,500,0.11,0.046,0.816,0.028,55,23,408,14
16000,14,1,15,14,500,0.014,0.006,0.842,0.138,7,3,421,69
16000,14,2,16,7,500,0.0,0.0,1.0,0.0,0,0,500,0
16000,14,3,17,0,500,0.002,0.0,0.998,0.0,1,0,499,0
16000,14,4,18,14,500,0.016,0.028,0.948,0.008,8,14,474,4
16000,14,5,19,7,500,0.068,0.022,0.818,0.092,34,11,409,46
16000,15,0,15,0,500,0.0,0.0,1.0,0.0,0,0,500,0
16000,15,2,17,9,500,0.112,0.014,0.846,0.028,56,7,423,14
16000,16,0,16,0,500,0.0,0.0,1.0,0.0,0,0,500,0
16000,16,2,18,11,500,0.0,0.0,1.0,0.0,0,0,500,0
16000,16,3,19,6,500,0.0,0.002,0.998,0.0,0,1,499,0
16000,17,0,17,0,500,0.0,0.0,1.0,0.0,0,0,500,0
16000,17,1,18,17,500,0.11,0.002,0.852,0.036,55,1,426,18
16000,17,2,19,13,500,0.0,0.0,1.0,0.0,0,0,500,0
16000,17,3,20,9,500,0.002,0.0,0.998,0.0,1,0,499,0
16000,18,0,18,0,500,0.0,0.002,0.998,0.0,0,1,499,0
16000,18,2,20,15,500,0.174,0.2,0.27,0.356,87,100,135,178
16000,19,0,19,0,500,0.0,0.0,1.0,0.0,0,0,500,0
16000,19,1,20,19,500,0.166,0.02,0.756,0.058,83,10,378,29
16000,20,0,20,0,500,0.0,0.0,1.0,0.0,0,0,500,0
16500,0,2,2,0,500,0.0,0.0,1.0,0.0,0,0,500,0
16500,0,5,5,0,500,0.0,0.0,1.0,0.0,0,0,500,0
16500,0,6,6,0,500,0.004,0.0,0.99,0.006,2,0,495,3
16500,0,7,7,0,500,0.018,0.212,0.404,0.366,9,106,202,183
16500,0,8,8,0,500,0.0,0.0,1.0,0.0,0,0,500,0
16500,0,10,10,0,500,0.0,0.0,1.0,0.0,0,0,500,0
16500,0,11,11,0,500,0.0,0.0,1.0,0.0,0,0,500,0
16500,0,14,14,0,500,0.016,0.04,0.924,0.02,8,20,462,10
16500,0,15,15,0,500,0.006,0.0,0.992,0.002,3,0,496,1
16500,0,16,16,0,500,0.0,0.0,1.0,0.0,0,0,500,0
16500,0,20,20,0,500,0.0,0.0,1.0,0.0,0,0,500,0
16500,1,0,1,0,500,0.0,0.0,1.0,0.0,0,0,500,0
16500,1,1,2,1,500,0.036,0.17,0.382,0.412,18,85,191,206
16500,1,3,4,3,500,0.104,0.164,0.388,0.344,52,82,194,172
16500,1,4,5,4,500,0.004,0.002,0.994,0.0,2,1,497,0
16500,1,5,6,5,500,0.024,0.022,0.464,0.49,12,11,232,245
16500,1,7,8,7,500,0.0,0.0,1.0,0.0,0,0,500,0
16500,1,8,9,8,500,0.008,0.0,0.992,0.0,4,0,496,0
16500,1,9,10,9,500,0.004,0.01,0.984,0.002,2,5,492,1
16500,1,11,12,11,500,0.006,0.002,0.992,0.0,3,1,496,0
16500,1,13,14,13,500,0.0,0.0,1.0,0.0,0,0,500,0
16500,1,14,15,14,500,0.024,0.026,0.79,0.16,12,13,395,80
16500,1,18,19,18,500,0.104,0.046,0.79,0.06,52,23,395,30
16500,1,19,20,19,500,0.126,0.002,0.85,0.022,63,1,425,11
16500,2,3,5,6,500,0.042,0.084,0.514,0.36,21,42,257,180
16500,2,8,10,16,500,0.18,0.008,0.324,0.488,90,4,162,244
16500,2,10,12,20,500,0.0,0.002,0.998,0.0,0,1,499,0
16500,2,11,13,1,500,0.042,0.27,0.242,0.446,21,135,121,223
16500,2,12,14,3,500,0.008,0.0,0.992,0.0,4,0,496,0
16500,2,14,16,7,500,0.0,0.0,1.0,0.0,0,0,500,0
16500,2,15,17,9,500,0.104,0.014,0.868,0.014,52,7,434,7
16500,2,18,20,15,500,0.248,0.136,0.222,0.394,124,68,111,197
16500,3,0,3,0,500,0.0,0.004,0.996,0.0,0,2,498,0
16500,3,2,5,6,500,0.028,0.08,0.526,0.366,14,40,263,183
16500,3,4,7,12,500,0.12,0.028,0.822,0.03,60,14,411,15
16500,3,5,8,15,500,0.052,0.004,0.93,0.014,26,2,465,7
16500,3,6,9,18,500,0.14,0.036,0.772,0.052,70,18,386,26
16500,3,7,10,0,500,0.0,0.0,1.0,0.0,0,0,500,0
16500,3,8,11,3,500,0.02,0.018,0.952,0.01,10,9,476,5
16500,3,9,12,6,500,0.012,0.01,0.974,0.004,6,5,487,2
16500,3,10,13,9,500,0.0,0.0,1.0,0.0,0,0,500,0
16500,3,13,16,18,500,0.018,0.0,0.972,0.01,9,0,486,5
16500,3,14,17,0,500,0.002,0.004,0.994,0.0,1,2,497,0
16500,3,15,18,3,500,0.618,0.05,0.226,0.106,309,25,113,53
16500,3,16,19,6,500,0.0,0.0,1.0,0.0,0,0,500,0
16500,3,17,20,9,500,0.002,0.004,0.994,0.0,1,2,497,0
16500,4,0,4,0,500,0.0,0.0,1.0,0.0,0,0,500,0
16500,4,2,6,8,500,0.046,0.008,0.932,0.014,23,4,466,7
16500,4,5,9,20,500,0.0,0.0,1.0,0.0,0,0,500,0
16500,4,6,10,3,500,0.208,0.064,0.638,0.09,104,32,319,45
16500,4,7,11,7,500,0.0,0.0,1.0,0.0,0,0,500,0
16500,4,8,12,11,500,0.012,0.004,0.982,0.002,6,2,491,1
16500,4,9,13,15,500,0.014,0.376,0.342,0.268,7,188,171,134
16500,4,10,14,19,500,0.018,0.002,0.98,0.0,9,1,490,0
16500,4,11,15,2,500,0.0,0.004,0.994,0.002,0,2,497,1
16500,4,12,16,6,500,0.002,0.0,0.996,0.002,1,0,498,1
16500,4,13,17,10,500,0.004,0.0,0.996,0.0,2,0,498,0
16500,4,14,18,14,500,0.008,0.024,0.968,0.0,4,12,484,0
16500,4,16,20,1,500,0.0,0.002,0.998,0.0,0,1,499,0
16500,5,0,5,0,500,0.0,0.0,1.0,0.0,0,0,500,0
16500,5,2,7,10,500,0.002,0.0,0.998,0.0,1,0,499,0
16500,5,3,8,15,500,0.008,0.014,0.966,0.012,4,7,483,6
16500,5,4,9,20,500,0.002,0.002,0.996,0.0,1,1,498,0
16500,5,5,10,4,500,0.188,0.05,0.68,0.082,94,25,340,41
16500,5,7,12,14,500,0.006,0.028,0.96,0.006,3,14,480,3
16500,5,9,14,3,500,0.0,0.0,1.0,0.0,0,0,500,0
16500,5,10,15,8,500,0.036,0.006,0.952,0.006,18,3,476,3
16500,5,11,16,13,500,0.004,0.004,0.992,0.0,2,2,496,0
16500,5,12,17,18,500,0.112,0.02,0.826,0.042,56,10,413,21
16500,5,14,19,7,500,0.034,0.068,0.85,0.048,17,34,425,24
16500,5,15,20,12,500,0.004,0.0,0.996,0.0,2,0,498,0
16500,6,1,7,6,500,0.002,0.0,0.998,0.0,1,0,499,0
16500,6,2,8,12,500,0.108,0.004,0.866,0.022,54,2,433,11
16500,6,6,12,15,500,0.01,0.004,0.984,0.002,5,2,492,1
16500,6,8,14,6,500,0.012,0.004,0.976,0.008,6,2,488,4
16500,6,9,15,12,500,0.008,0.016,0.962,0.014,4,8,481,7
16500,6,12,18,9,500,0.126,0.05,0.79,0.034,63,25,395,17
16500,6,13,19,15,500,0.012,0.002,0.984,0.002,6,1,492,1
16500,7,0,7,0,500,0.008,0.276,0.39,0.326,4,138,195,163
16500,7,1,8,7,500,0.0,0.002,0.998,0.0,0,1,499,0
16500,7,3,10,0,500,0.0,0.0,1.0,0.0,0,0,500,0
16500,7,4,11,7,500,0.0,0.0,1.0,0.0,0,0,500,0
16500,7,7,14,7,500,0.064,0.102,0.624,0.21,32,51,312,105
16500,7,8,15,14,500,0.004,0.062,0.86,0.074,2,31,430,37
16500,7,9,16,0,500,0.0,0.0,1.0,0.0,0,0,500,0
16500,7,11,18,14,500,0.014,0.028,0.954,0.004,7,14,477,2
16500,7,13,20,7,500,0.0,0.0,1.0,0.0,0,0,500,0
16500,8,0,8,0,500,0.0,0.0,1.0,0.0,0,0,500,0
16500,8,1,9,8,500,0.014,0.002,0.98,0.004,7,1,490,2
16500,8,3,11,3,500,0.02,0.028,0.934,0.018,10,14,467,9
16500,8,5,13,19,500,0.0,0.0,1.0,0.0,0,0,500,0
16500,8,6,14,6,500,0.004,0.0,0.994,0.002,2,0,497,1
16500,8,7,15,14,500,0.016,0.106,0.784,0.094,8,53,392,47
16500,8,9,17,9,500,0.0,0.012,0.988,0.0,0,6,494,0
16500,8,11,19,4,500,0.0,0.0,1.0,0.0,0,0,500,0
16500,8,12,20,12,500,0.004,0.002,0.994,0.0,2,1,497,0
16500,9,4,13,15,500,0.038,0.342,0.438,0.182,19,171,219,91
16500,9,5,14,3,500,0.002,0.0,0.998,0.0,1,0,499,0
16500,9,6,15,12,500,0.018,0.008,0.952,0.022,9,4,476,11
16500,9,7,16,0,500,0.0,0.0,1.0,0.0,0,0,500,0
16500,9,8,17,9,500,0.006,0.002,0.992,0.0,3,1,496,0
16500,9,11,20,15,500,0.01,0.818,0.082,0.09,5,409,41,45
16500,10,0,10,0,500,0.0,0.0,1.0,0.0,0,0,500,0
16500,10,1,11,10,500,0.002,0.0,0.998,0.0,1,0,499,0
16500,10,2,12,20,500,0.006,0.0,0.994,0.0,3,0,497,0
16500,10,4,14,19,500,0.018,0.006,0.976,0.0,9,3,488,0
16500,10,5,15,8,500,0.022,0.0,0.976,0.002,11,0,488,1
16500,10,6,16,18,500,0.004,0.004,0.992,0.0,2,2,496,0
16500,10,7,17,7,500,0.004,0.0,0.996,0.0,2,0,498,0
16500,10,8,18,17,500,0.106,0.012,0.826,0.056,53,6,413,28
16500,10,9,19,6,500,0.002,0.0,0.998,0.0,1,0,499,0
16500,11,0,11,0,500,0.0,0.0,1.0,0.0,0,0,500,0
16500,11,1,12,11,500,0.004,0.002,0.994,0.0,2,1,497,0
16500,11,2,13,1,500,0.062,0.366,0.204,0.368,31,183,102,184
16500,11,6,17,3,500,0.004,0.0,0.996,0.0,2,0,498,0
16500,11,8,19,4,500,0.0,0.0,0.998,0.002,0,0,499,1
16500,11,9,20,15,500,0.048,0.524,0.184,0.244,24,262,92,122
16500,12,0,12,0,500,0.0,0.002,0.998,0.0,0,1,499,0
16500,12,1,13,12,500,0.0,0.002,0.998,0.0,0,1,499,0
16500,12,4,16,6,500,0.0,0.004,0.996,0.0,0,2,498,0
16500,12,5,17,18,500,0.054,0.02,0.898,0.028,27,10,449,14
16500,12,6,18,9,500,0.142,0.038,0.778,0.042,71,19,389,21
16500,12,8,20,12,500,0.0,0.0,1.0,0.0,0,0,500,0
16500,13,1,14,13,500,0.0,0.0,0.996,0.004,0,0,498,2
16500,13,3,16,18,500,0.018,0.002,0.96,0.02,9,1,480,10
16500,13,4,17,10,500,0.008,0.0,0.992,0.0,4,0,496,0
16500,13,5,18,2,500,0.002,0.0,0.996,0.002,1,0,498,1
16500,14,0,14,0,500,0.032,0.04,0.912,0.016,16,20,456,8
16500,14,1,15,14,500,0.028,0.008,0.912,0.052,14,4,456,26
16500,14,2,16,7,500,0.0,0.0,1.0,0.0,0,0,500,0
16500,14,3,17,0,500,0.0,0.0,1.0,0.0,0,0,500,0
16500,14,4,18,14,500,0.004,0.018,0.978,0.0,2,9,489,0
16500,14,5,19,7,500,0.03,0.014,0.918,0.038,15,7,459,19
16500,15,0,15,0,500,0.004,0.0,0.996,0.0,2,0,498,0
16500,15,2,17,9,500,0.098,0.01,0.872,0.02,49,5,436,10
16500,16,0,16,0,500,0.0,0.0,1.0,0.0,0,0,500,0
16500,16,2,18,11,500,0.0,0.002,0.998,0.0,0,1,499,0
16500,16,3,19,6,500,0.0,0.0,1.0,0.0,0,0,500,0
16500,17,0,17,0,500,0.0,0.0,1.0,0.0,0,0,500,0
16500,17,1,18,17,500,0.094,0.01,0.862,0.034,47,5,431,17
16500,17,2,19,13,500,0.0,0.0,1.0,0.0,0,0,500,0
16500,17,3,20,9,500,0.004,0.008,0.988,0.0,2,4,494,0
16500,18,0,18,0,500,0.0,0.0,1.0,0.0,0,0,500,0
16500,18,2,20,15,500,0.254,0.138,0.23,0.378,127,69,115,189
16500,19,0,19,0,500,0.0,0.0,1.0,0.0,0,0,500,0
16500,19,1,20,19,500,0.13,0.012,0.792,0.066,65,6,396,33
16500,20,0,20,0,500,0.0,0.0,1.0,0.0,0,0,500,0
17000,0,2,2,0,500,0.0,0.0,1.0,0.0,0,0,500,0
17000,0,5,5,0,500,0.0,0.0,1.0,0.0,0,0,500,0
17000,0,6,6,0,500,0.004,0.002,0.982,0.012,2,1,491,6
17000,0,7,7,0,500,0.04,0.32,0.264,0.376,20,160,132,188
17000,0,8,8,0,500,0.0,0.0,1.0,0.0,0,0,500,0
17000,0,10,10,0,500,0.0,0.0,1.0,0.0,0,0,500,0
17000,0,11,11,0,500,0.0,0.0,1.0,0.0,0,0,500,0
17000,0,14,14,0,500,0.03,0.05,0.88,0.04,15,25,440,20
17000,0,15,15,0,500,0.002,0.0,0.998,0.0,1,0,499,0
17000,0,16,16,0,500,0.0,0.0,1.0,0.0,0,0,500,0
17000,0,20,20,0,500,0.0,0.0,1.0,0.0,0,0,500,0
17000,1,0,1,0,500,0.0,0.0,1.0,0.0,0,0,500,0
17000,1,1,2,1,500,0.016,0.484,0.21,0.29,8,242,105,145
17000,1,3,4,3,500,0.098,0.188,0.384,0.33,49,94,192,165
17000,1,4,5,4,500,0.006,0.002,0.992,0.0,3,1,496,0
17000,1,5,6,5,500,0.026,0.028,0.434,0.512,13,14,217,256
17000,1,7,8,7,500,0.0,0.002,0.998,0.0,0,1,499,0
17000,1,8,9,8,500,0.002,0.002,0.996,0.0,1,1,498,0
17000,1,9,10,9,500,0.004,0.012,0.984,0.0,2,6,492,0
17000,1,11,12,11,500,0.0,0.002,0.998,0.0,0,1,499,0
17000,1,13,14,13,500,0.0,0.0,1.0,0.0,0,0,500,0
17000,1,14,15,14,500,0.016,0.03,0.748,0.206,8,15,374,103
17000,1,18,19,18,500,0.14,0.026,0.794,0.04,70,13,397,20
17000,1,19,20,19,500,0.026,0.008,0.96,0.006,13,4,480,3
17000,2,3,5,6,500,0.044,0.064,0.566,0.326,22,32,283,163
17000,2,8,10,16,500,0.218,0.004,0.396,0.382,109,2,198,191
17000,2,10,12,20,500,0.0,0.0,1.0,0.0,0,0,500,0
17000,2,11,13,1,500,0.068,0.19,0.294,0.448,34,95,147,224
17000,2,12,14,3,500,0.006,0.0,0.994,0.0,3,0,497,0
17000,2,14,16,7,500,0.0,0.0,1.0,0.0,0,0,500,0
17000,2,15,17,9,500,0.14,0.008,0.824,0.028,70,4,412,14
17000,2,18,20,15,500,0.286,0.102,0.232,0.38,143,51,116,190
17000,3,0,3,0,500,0.0,0.002,0.998,0.0,0,1,499,0
17000,3,2,5,6,500,0.056,0.05,0.616,0.278,28,25,308,139
17000,3,4,7,12,500,0.072,0.028,0.884,0.016,36,14,442,8
17000,3,5,8,15,500,0.016,0.022,0.954,0.008,8,11,477,4
17000,3,6,9,18,500,0.138,0.04,0.756,0.066,69,20,378,33
17000,3,7,10,0,500,0.0,0.0,1.0,0.0,0,0,500,0
17000,3,8,11,3,500,0.034,0.006,0.958,0.002,17,3,479,1
17000,3,9,12,6,500,0.006,0.008,0.986,0.0,3,4,493,0
17000,3,10,13,9,500,0.0,0.0,1.0,0.0,0,0,500,0
17000,3,13,16,18,500,0.014,0.004,0.976,0.006,7,2,488,3
17000,3,14,17,0,500,0.002,0.004,0.994,0.0,1,2,497,0
17000,3,15,18,3,500,0.634,0.054,0.234,0.078,317,27,117,39
17000,3,16,19,6,500,0.0,0.0,1.0,0.0,0,0,500,0
17000,3,17,20,9,500,0.002,0.026,0.972,0.0,1,13,486,0
17000,4,0,4,0,500,0.0,0.0,1.0,0.0,0,0,500,0
17000,4,2,6,8,500,0.034,0.038,0.912,0.016,17,19,456,8
17000,4,5,9,20,500,0.0,0.004,0.996,0.0,0,2,498,0
17000,4,6,10,3,500,0.222,0.062,0.594,0.122,111,31,297,61
17000,4,7,11,7,500,0.0,0.0,1.0,0.0,0,0,500,0
17000,4,8,12,11,500,0.024,0.01,0.966,0.0,12,5,483,0
17000,4,9,13,15,500,0.02,0.232,0.416,0.332,10,116,208,166
17000,4,10,14,19,500,0.012,0.002,0.986,0.0,6,1,493,0
17000,4,11,15,2,500,0.006,0.0,0.978,0.016,3,0,489,8
17000,4,12,16,6,500,0.0,0.0,1.0,0.0,0,0,500,0
17000,4,13,17,10,500,0.002,0.0,0.998,0.0,1,0,499,0
17000,4,14,18,14,500,0.0,0.024,0.97,0.006,0,12,485,3
17000,4,16,20,1,500,0.0,0.0,1.0,0.0,0,0,500,0
17000,5,0,5,0,500,0.0,0.0,1.0,0.0,0,0,500,0
17000,5,2,7,10,500,0.0,0.0,1.0,0.0,0,0,500,0
17000,5,3,8,15,500,0.004,0.018,0.966,0.012,2,9,483,6
17000,5,4,9,20,500,0.0,0.0,1.0,0.0,0,0,500,0
17000,5,5,10,4,500,0.076,0.024,0.842,0.058,38,12,421,29
17000,5,7,12,14,500,0.022,0.068,0.898,0.012,11,34,449,6
17000,5,9,14,3,500,0.0,0.002,0.998,0.0,0,1,499,0
17000,5,10,15,8,500,0.006,0.006,0.976,0.012,3,3,488,6
17000,5,11,16,13,500,0.006,0.0,0.992,0.002,3,0,496,1
17000,5,12,17,18,500,0.088,0.018,0.858,0.036,44,9,429,18
17000,5,14,19,7,500,0.054,0.008,0.916,0.022,27,4,458,11
17000,5,15,20,12,500,0.008,0.012,0.976,0.004,4,6,488,2
17000,6,1,7,6,500,0.002,0.0,0.998,0.0,1,0,499,0
17000,6,2,8,12,500,0.056,0.002,0.928,0.014,28,1,464,7
17000,6,6,12,15,500,0.006,0.01,0.974,0.01,3,5,487,5
17000,6,8,14,6,500,0.006,0.004,0.99,0.0,3,2,495,0
17000,6,9,15,12,500,0.01,0.014,0.956,0.02,5,7,478,10
17000,6,12,18,9,500,0.094,0.042,0.804,0.06,47,21,402,30
17000,6,13,19,15,500,0.024,0.006,0.97,0.0,12,3,485,0
17000,7,0,7,0,500,0.034,0.304,0.262,0.4,17,152,131,200
17000,7,1,8,7,500,0.002,0.0,0.998,0.0,1,0,499,0
17000,7,3,10,0,500,0.0,0.0,1.0,0.0,0,0,500,0
17000,7,4,11,7,500,0.0,0.002,0.998,0.0,0,1,499,0
17000,7,7,14,7,500,0.05,0.07,0.724,0.156,25,35,362,78
17000,7,8,15,14,500,0.006,0.072,0.858,0.064,3,36,429,32
17000,7,9,16,0,500,0.0,0.0,1.0,0.0,0,0,500,0
17000,7,11,18,14,500,0.01,0.04,0.936,0.014,5,20,468,7
17000,7,13,20,7,500,0.0,0.0,1.0,0.0,0,0,500,0
17000,8,0,8,0,500,0.0,0.0,1.0,0.0,0,0,500,0
17000,8,1,9,8,500,0.008,0.002,0.986,0.004,4,1,493,2
17000,8,3,11,3,500,0.044,0.028,0.906,0.022,22,14,453,11
17000,8,5,13,19,500,0.0,0.0,1.0,0.0,0,0,500,0
17000,8,6,14,6,500,0.006,0.002,0.992,0.0,3,1,496,0
17000,8,7,15,14,500,0.014,0.036,0.902,0.048,7,18,451,24
17000,8,9,17,9,500,0.0,0.008,0.992,0.0,0,4,496,0
17000,8,11,19,4,500,0.0,0.0,1.0,0.0,0,0,500,0
17000,8,12,20,12,500,0.004,0.012,0.982,0.002,2,6,491,1
17000,9,4,13,15,500,0.026,0.292,0.43,0.252,13,146,215,126
17000,9,5,14,3,500,0.002,0.0,0.998,0.0,1,0,499,0
17000,9,6,15,12,500,0.002,0.012,0.968,0.018,1,6,484,9
17000,9,7,16,0,500,0.0,0.0,1.0,0.0,0,0,500,0
17000,9,8,17,9,500,0.006,0.024,0.97,0.0,3,12,485,0
17000,9,11,20,15,500,0.004,0.87,0.06,0.066,2,435,30,33
17000,10,0,10,0,500,0.0,0.0,1.0,0.0,0,0,500,0
17000,10,1,11,10,500,0.004,0.0,0.99,0.006,2,0,495,3
17000,10,2,12,20,500,0.004,0.0,0.996,0.0,2,0,498,0
17000,10,4,14,19,500,0.024,0.004,0.972,0.0,12,2,486,0
17000,10,5,15,8,500,0.006,0.004,0.986,0.004,3,2,493,2
17000,10,6,16,18,500,0.016,0.002,0.98,0.002,8,1,490,1
17000,10,7,17,7,500,0.0,0.0,1.0,0.0,0,0,500,0
17000,10,8,18,17,500,0.118,0.006,0.818,0.058,59,3,409,29
17000,10,9,19,6,500,0.0,0.0,1.0,0.0,0,0,500,0
17000,11,0,11,0,500,0.0,0.0,1.0,0.0,0,0,500,0
17000,11,1,12,11,500,0.002,0.0,0.998,0.0,1,0,499,0
17000,11,2,13,1,500,0.046,0.212,0.288,0.454,23,106,144,227
17000,11,6,17,3,500,0.004,0.0,0.996,0.0,2,0,498,0
17000,11,8,19,4,500,0.0,0.0,1.0,0.0,0,0,500,0
17000,11,9,20,15,500,0.094,0.414,0.226,0.266,47,207,113,133
17000,12,0,12,0,500,0.006,0.0,0.994,0.0,3,0,497,0
17000,12,1,13,12,500,0.006,0.0,0.994,0.0,3,0,497,0
17000,12,4,16,6,500,0.004,0.004,0.992,0.0,2,2,496,0
17000,12,5,17,18,500,0.074,0.026,0.876,0.024,37,13,438,12
17000,12,6,18,9,500,0.132,0.028,0.8,0.04,66,14,400,20
17000,12,8,20,12,500,0.0,0.006,0.994,0.0,0,3,497,0
17000,13,1,14,13,500,0.002,0.0,0.998,0.0,1,0,499,0
17000,13,3,16,18,500,0.032,0.004,0.936,0.028,16,2,468,14
17000,13,4,17,10,500,0.006,0.0,0.994,0.0,3,0,497,0
17000,13,5,18,2,500,0.0,0.0,1.0,0.0,0,0,500,0
17000,14,0,14,0,500,0.082,0.044,0.84,0.034,41,22,420,17
17000,14,1,15,14,500,0.05,0.008,0.816,0.126,25,4,408,63
17000,14,2,16,7,500,0.0,0.0,1.0,0.0,0,0,500,0
17000,14,3,17,0,500,0.002,0.004,0.994,0.0,1,2,497,0
17000,14,4,18,14,500,0.002,0.018,0.974,0.006,1,9,487,3
17000,14,5,19,7,500,0.066,0.026,0.84,0.068,33,13,420,34
17000,15,0,15,0,500,0.0,0.0,1.0,0.0,0,0,500,0
17000,15,2,17,9,500,0.138,0.012,0.82,0.03,69,6,410,15
17000,16,0,16,0,500,0.0,0.0,1.0,0.0,0,0,500,0
17000,16,2,18,11,500,0.0,0.0,1.0,0.0,0,0,500,0
17000,16,3,19,6,500,0.0,0.0,1.0,0.0,0,0,500,0
17000,17,0,17,0,500,0.0,0.0,1.0,0.0,0,0,500,0
17000,17,1,18,17,500,0.046,0.006,0.93,0.018,23,3,465,9
17000,17,2,19,13,500,0.0,0.0,1.0,0.0,0,0,500,0
17000,17,3,20,9,500,0.002,0.004,0.994,0.0,1,2,497,0
17000,18,0,18,0,500,0.0,0.0,1.0,0.0,0,0,500,0
17000,18,2,20,15,500,0.462,0.062,0.18,0.296,231,31,90,148
17000,19,0,19,0,500,0.0,0.0,1.0,0.0,0,0,500,0
17000,19,1,20,19,500,0.072,0.012,0.89,0.026,36,6,445,13
17000,20,0,20,0,500,0.0,0.0,1.0,0.0,0,0,500,0
17500,0,2,2,0,500,0.0,0.0,1.0,0.0,0,0,500,0
17500,0,5,5,0,500,0.0,0.0,0.998,0.002,0,0,499,1
17500,0,6,6,0,500,0.008,0.0,0.974,0.018,4,0,487,9
17500,0,7,7,0,500,0.03,0.326,0.31,0.334,15,163,155,167
17500,0,8,8,0,500,0.0,0.0,1.0,0.0,0,0,500,0
17500,0,10,10,0,500,0.0,0.0,1.0,0.0,0,0,500,0
17500,0,11,11,0,500,0.0,0.0,1.0,0.0,0,0,500,0
17500,0,14,14,0,500,0.074,0.068,0.8,0.058,37,34,400,29
17500,0,15,15,0,500,0.01,0.002,0.988,0.0,5,1,494,0
17500,0,16,16,0,500,0.0,0.0,1.0,0.0,0,0,500,0
17500,0,20,20,0,500,0.0,0.0,1.0,0.0,0,0,500,0
17500,1,0,1,0,500,0.0,0.0,1.0,0.0,0,0,500,0
17500,1,1,2,1,500,0.01,0.864,0.07,0.056,5,432,35,28
17500,1,3,4,3,500,0.108,0.172,0.386,0.334,54,86,193,167
17500,1,4,5,4,500,0.008,0.0,0.992,0.0,4,0,496,0
17500,1,5,6,5,500,0.026,0.048,0.296,0.63,13,24,148,315
17500,1,7,8,7,500,0.008,0.002,0.99,0.0,4,1,495,0
17500,1,8,9,8,500,0.002,0.002,0.996,0.0,1,1,498,0
17500,1,9,10,9,500,0.0,0.002,0.998,0.0,0,1,499,0
17500,1,11,12,11,500,0.002,0.0,0.998,0.0,1,0,499,0
17500,1,13,14,13,500,0.002,0.004,0.994,0.0,1,2,497,0
17500,1,14,15,14,500,0.006,0.158,0.672,0.164,3,79,336,82
17500,1,18,19,18,500,0.334,0.018,0.56,0.088,167,9,280,44
17500,1,19,20,19,500,0.082,0.05,0.852,0.016,41,25,426,8
17500,2,3,5,6,500,0.056,0.062,0.454,0.428,28,31,227,214
17500,2,8,10,16,500,0.124,0.006,0.404,0.466,62,3,202,233
17500,2,10,12,20,500,0.0,0.0,1.0,0.0,0,0,500,0
17500,2,11,13,1,500,0.054,0.208,0.266,0.472,27,104,133,236
17500,2,12,14,3,500,0.014,0.008,0.978,0.0,7,4,489,0
17500,2,14,16,7,500,0.0,0.0,1.0,0.0,0,0,500,0
17500,2,15,17,9,500,0.134,0.024,0.802,0.04,67,12,401,20
17500,2,18,20,15,500,0.202,0.142,0.23,0.426,101,71,115,213
17500,3,0,3,0,500,0.002,0.008,0.99,0.0,1,4,495,0
17500,3,2,5,6,500,0.05,0.078,0.47,0.402,25,39,235,201
17500,3,4,7,12,500,0.106,0.026,0.822,0.046,53,13,411,23
17500,3,5,8,15,500,0.012,0.016,0.968,0.004,6,8,484,2
17500,3,6,9,18,500,0.114,0.028,0.822,0.036,57,14,411,18
17500,3,7,10,0,500,0.0,0.0,1.0,0.0,0,0,500,0
17500,3,8,11,3,500,0.028,0.008,0.956,0.008,14,4,478,4
17500,3,9,12,6,500,0.016,0.008,0.974,0.002,8,4,487,1
17500,3,10,13,9,500,0.0,0.0,1.0,0.0,0,0,500,0
17500,3,13,16,18,500,0.034,0.002,0.952,0.012,17,1,476,6
17500,3,14,17,0,500,0.002,0.0,0.998,0.0,1,0,499,0
17500,3,15,18,3,500,0.626,0.052,0.222,0.1,313,26,111,50
17500,3,16,19,6,500,0.0,0.0,1.0,0.0,0,0,500,0
17500,3,17,20,9,500,0.006,0.012,0.982,0.0,3,6,491,0
17500,4,0,4,0,500,0.0,0.0,1.0,0.0,0,0,500,0
17500,4,2,6,8,500,0.06,0.042,0.862,0.036,30,21,431,18
17500,4,5,9,20,500,0.0,0.0,1.0,0.0,0,0,500,0
17500,4,6,10,3,500,0.178,0.032,0.684,0.106,89,16,342,53
17500,4,7,11,7,500,0.0,0.0,1.0,0.0,0,0,500,0
17500,4,8,12,11,500,0.006,0.002,0.988,0.004,3,1,494,2
17500,4,9,13,15,500,0.01,0.318,0.368,0.304,5,159,184,152
17500,4,10,14,19,500,0.016,0.0,0.984,0.0,8,0,492,0
17500,4,11,15,2,500,0.004,0.0,0.992,0.004,2,0,496,2
17500,4,12,16,6,500,0.006,0.004,0.99,0.0,3,2,495,0
17500,4,13,17,10,500,0.006,0.002,0.992,0.0,3,1,496,0
17500,4,14,18,14,500,0.014,0.014,0.97,0.002,7,7,485,1
17500,4,16,20,1,500,0.0,0.0,1.0,0.0,0,0,500,0
17500,5,0,5,0,500,0.0,0.0,1.0,0.0,0,0,500,0
17500,5,2,7,10,500,0.0,0.0,1.0,0.0,0,0,500,0
17500,5,3,8,15,500,0.014,0.018,0.964,0.004,7,9,482,2
17500,5,4,9,20,500,0.002,0.0,0.998,0.0,1,0,499,0
17500,5,5,10,4,500,0.014,0.05,0.936,0.0,7,25,468,0
17500,5,7,12,14,500,0.038,0.056,0.878,0.028,19,28,439,14
17500,5,9,14,3,500,0.002,0.008,0.99,0.0,1,4,495,0
17500,5,10,15,8,500,0.012,0.0,0.986,0.002,6,0,493,1
17500,5,11,16,13,500,0.002,0.002,0.996,0.0,1,1,498,0
17500,5,12,17,18,500,0.074,0.006,0.89,0.03,37,3,445,15
17500,5,14,19,7,500,0.03,0.008,0.942,0.02,15,4,471,10
17500,5,15,20,12,500,0.01,0.006,0.982,0.002,5,3,491,1
17500,6,1,7,6,500,0.004,0.0,0.996,0.0,2,0,498,0
17500,6,2,8,12,500,0.032,0.004,0.958,0.006,16,2,479,3
17500,6,6,12,15,500,0.018,0.002,0.97,0.01,9,1,485,5
17500,6,8,14,6,500,0.012,0.0,0.986,0.002,6,0,493,1
17500,6,9,15,12,500,0.016,0.008,0.94,0.036,8,4,470,18
17500,6,12,18,9,500,0.064,0.04,0.868,0.028,32,20,434,14
17500,6,13,19,15,500,0.014,0.0,0.986,0.0,7,0,493,0
17500,7,0,7,0,500,0.026,0.314,0.322,0.338,13,157,161,169
17500,7,1,8,7,500,0.002,0.0,0.998,0.0,1,0,499,0
17500,7,3,10,0,500,0.0,0.0,1.0,0.0,0,0,500,0
17500,7,4,11,7,500,0.0,0.0,1.0,0.0,0,0,500,0
17500,7,7,14,7,500,0.056,0.084,0.73,0.13,28,42,365,65
17500,7,8,15,14,500,0.004,0.066,0.868,0.062,2,33,434,31
17500,7,9,16,0,500,0.0,0.0,1.0,0.0,0,0,500,0
17500,7,11,18,14,500,0.03,0.082,0.848,0.04,15,41,424,20
17500,7,13,20,7,500,0.0,0.0,1.0,0.0,0,0,500,0
17500,8,0,8,0,500,0.0,0.0,1.0,0.0,0,0,500,0
17500,8,1,9,8,500,0.022,0.006,0.964,0.008,11,3,482,4
17500,8,3,11,3,500,0.028,0.016,0.918,0.038,14,8,459,19
17500,8,5,13,19,500,0.0,0.0,1.0,0.0,0,0,500,0
17500,8,6,14,6,500,0.01,0.002,0.978,0.01,5,1,489,5
17500,8,7,15,14,500,0.01,0.064,0.86,0.066,5,32,430,33
17500,8,9,17,9,500,0.0,0.002,0.998,0.0,0,1,499,0
17500,8,11,19,4,500,0.0,0.0,1.0,0.0,0,0,500,0
17500,8,12,20,12,500,0.004,0.0,0.996,0.0,2,0,498,0
17500,9,4,13,15,500,0.036,0.266,0.494,0.204,18,133,247,102
17500,9,5,14,3,500,0.002,0.002,0.996,0.0,1,1,498,0
17500,9,6,15,12,500,0.006,0.002,0.964,0.028,3,1,482,14
17500,9,7,16,0,500,0.0,0.0,1.0,0.0,0,0,500,0
17500,9,8,17,9,500,0.002,0.006,0.992,0.0,1,3,496,0
17500,9,11,20,15,500,0.006,0.848,0.058,0.088,3,424,29,44
17500,10,0,10,0,500,0.0,0.0,1.0,0.0,0,0,500,0
17500,10,1,11,10,500,0.002,0.004,0.992,0.002,1,2,496,1
17500,10,2,12,20,500,0.002,0.0,0.998,0.0,1,0,499,0
17500,10,4,14,19,500,0.01,0.0,0.99,0.0,5,0,495,0
17500,10,5,15,8,500,0.006,0.0,0.992,0.002,3,0,496,1
17500,10,6,16,18,500,0.022,0.002,0.974,0.002,11,1,487,1
17500,10,7,17,7,500,0.0,0.0,1.0,0.0,0,0,500,0
17500,10,8,18,17,500,0.098,0.02,0.838,0.044,49,10,419,22
17500,10,9,19,6,500,0.0,0.0,1.0,0.0,0,0,500,0
17500,11,0,11,0,500,0.0,0.0,1.0,0.0,0,0,500,0
17500,11,1,12,11,500,0.002,0.0,0.998,0.0,1,0,499,0
17500,11,2,13,1,500,0.058,0.192,0.274,0.476,29,96,137,238
17500,11,6,17,3,500,0.006,0.0,0.992,0.002,3,0,496,1
17500,11,8,19,4,500,0.0,0.0,1.0,0.0,0,0,500,0
17500,11,9,20,15,500,0.09,0.364,0.23,0.316,45,182,115,158
17500,12,0,12,0,500,0.002,0.0,0.998,0.0,1,0,499,0
17500,12,1,13,12,500,0.0,0.008,0.992,0.0,0,4,496,0
17500,12,4,16,6,500,0.0,0.0,1.0,0.0,0,0,500,0
17500,12,5,17,18,500,0.066,0.014,0.902,0.018,33,7,451,9
17500,12,6,18,9,500,0.076,0.032,0.86,0.032,38,16,430,16
17500,12,8,20,12,500,0.0,0.002,0.998,0.0,0,1,499,0
17500,13,1,14,13,500,0.0,0.0,0.998,0.002,0,0,499,1
17500,13,3,16,18,500,0.022,0.0,0.968,0.01,11,0,484,5
17500,13,4,17,10,500,0.014,0.0,0.982,0.004,7,0,491,2
17500,13,5,18,2,500,0.0,0.002,0.996,0.002,0,1,498,1
17500,14,0,14,0,500,0.074,0.086,0.768,0.072,37,43,384,36
17500,14,1,15,14,500,0.038,0.026,0.736,0.2,19,13,368,100
17500,14,2,16,7,500,0.0,0.0,1.0,0.0,0,0,500,0
17500,14,3,17,0,500,0.002,0.0,0.998,0.0,1,0,499,0
17500,14,4,18,14,500,0.02,0.028,0.94,0.012,10,14,470,6
17500,14,5,19,7,500,0.056,0.008,0.916,0.02,28,4,458,10
17500,15,0,15,0,500,0.0,0.0,1.0,0.0,0,0,500,0
17500,15,2,17,9,500,0.138,0.018,0.808,0.036,69,9,404,18
17500,16,0,16,0,500,0.0,0.0,1.0,0.0,0,0,500,0
17500,16,2,18,11,500,0.0,0.0,1.0,0.0,0,0,500,0
17500,16,3,19,6,500,0.0,0.0,1.0,0.0,0,0,500,0
17500,17,0,17,0,500,0.0,0.0,1.0,0.0,0,0,500,0
17500,17,1,18,17,500,0.092,0.004,0.878,0.026,46,2,439,13
17500,17,2,19,13,500,0.0,0.0,1.0,0.0,0,0,500,0
17500,17,3,20,9,500,0.004,0.014,0.982,0.0,2,7,491,0
17500,18,0,18,0,500,0.0,0.002,0.996,0.002,0,1,498,1
17500,18,2,20,15,500,0.298,0.092,0.228,0.382,149,46,114,191
17500,19,0,19,0,500,0.0,0.0,1.0,0.0,0,0,500,0
17500,19,1,20,19,500,0.056,0.014,0.906,0.024,28,7,453,12
17500,20,0,20,0,500,0.0,0.0,1.0,0.0,0,0,500,0
18000,0,2,2,0,500,0.0,0.0,1.0,0.0,0,0,500,0
18000,0,5,5,0,500,0.0,0.0,1.0,0.0,0,0,500,0
18000,0,6,6,0,500,0.008,0.0,0.968,0.024,4,0,484,12
18000,0,7,7,0,500,0.02,0.32,0.318,0.342,10,160,159,171
18000,0,8,8,0,500,0.0,0.0,1.0,0.0,0,0,500,0
18000,0,10,10,0,500,0.0,0.0,1.0,0.0,0,0,500,0
18000,0,11,11,0,500,0.0,0.0,1.0,0.0,0,0,500,0
18000,0,14,14,0,500,0.05,0.07,0.794,0.086,25,35,397,43
18000,0,15,15,0,500,0.01,0.0,0.99,0.0,5,0,495,0
18000,0,16,16,0,500,0.0,0.0,1.0,0.0,0,0,500,0
18000,0,20,20,0,500,0.0,0.0,1.0,0.0,0,0,500,0
18000,1,0,1,0,500,0.0,0.0,1.0,0.0,0,0,500,0
18000,1,1,2,1,500,0.002,0.712,0.144,0.142,1,356,72,71
18000,1,3,4,3,500,0.158,0.094,0.41,0.338,79,47,205,169
18000,1,4,5,4,500,0.01,0.0,0.99,0.0,5,0,495,0
18000,1,5,6,5,500,0.01,0.024,0.59,0.376,5,12,295,188
18000,1,7,8,7,500,0.002,0.0,0.998,0.0,1,0,499,0
18000,1,8,9,8,500,0.014,0.004,0.978,0.004,7,2,489,2
18000,1,9,10,9,500,0.006,0.014,0.98,0.0,3,7,490,0
18000,1,11,12,11,500,0.0,0.0,1.0,0.0,0,0,500,0
18000,1,13,14,13,500,0.0,0.0,0.996,0.004,0,0,498,2
18000,1,14,15,14,500,0.024,0.052,0.742,0.182,12,26,371,91
18000,1,18,19,18,500,0.31,0.014,0.534,0.142,155,7,267,71
18000,1,19,20,19,500,0.052,0.032,0.816,0.1,26,16,408,50
18000,2,3,5,6,500,0.022,0.04,0.658,0.28,11,20,329,140
18000,2,8,10,16,500,0.238,0.01,0.402,0.35,119,5,201,175
18000,2,10,12,20,500,0.0,0.002,0.998,0.0,0,1,499,0
18000,2,11,13,1,500,0.074,0.096,0.262,0.568,37,48,131,284
18000,2,12,14,3,500,0.012,0.008,0.98,0.0,6,4,490,0
18000,2,14,16,7,500,0.0,0.0,1.0,0.0,0,0,500,0
18000,2,15,17,9,500,0.11,0.004,0.866,0.02,55,2,433,10
18000,2,18,20,15,500,0.172,0.22,0.268,0.34,86,110,134,170
18000,3,0,3,0,500,0.004,0.008,0.988,0.0,2,4,494,0
18000,3,2,5,6,500,0.018,0.042,0.724,0.216,9,21,362,108
18000,3,4,7,12,500,0.12,0.012,0.834,0.034,60,6,417,17
18000,3,5,8,15,500,0.02,0.006,0.974,0.0,10,3,487,0
18000,3,6,9,18,500,0.148,0.044,0.744,0.064,74,22,372,32
18000,3,7,10,0,500,0.0,0.0,1.0,0.0,0,0,500,0
18000,3,8,11,3,500,0.02,0.034,0.94,0.006,10,17,470,3
18000,3,9,12,6,500,0.012,0.01,0.978,0.0,6,5,489,0
18000,3,10,13,9,500,0.0,0.0,1.0,0.0,0,0,500,0
18000,3,13,16,18,500,0.018,0.0,0.97,0.012,9,0,485,6
18000,3,14,17,0,500,0.0,0.002,0.998,0.0,0,1,499,0
18000,3,15,18,3,500,0.624,0.076,0.21,0.09,312,38,105,45
18000,3,16,19,6,500,0.0,0.0,1.0,0.0,0,0,500,0
18000,3,17,20,9,500,0.006,0.004,0.99,0.0,3,2,495,0
18000,4,0,4,0,500,0.0,0.0,1.0,0.0,0,0,500,0
18000,4,2,6,8,500,0.05,0.074,0.854,0.022,25,37,427,11
18000,4,5,9,20,500,0.0,0.0,1.0,0.0,0,0,500,0
18000,4,6,10,3,500,0.11,0.056,0.79,0.044,55,28,395,22
18000,4,7,11,7,500,0.0,0.0,1.0,0.0,0,0,500,0
18000,4,8,12,11,500,0.012,0.008,0.974,0.006,6,4,487,3
18000,4,9,13,15,500,0.024,0.292,0.37,0.314,12,146,185,157
18000,4,10,14,19,500,0.014,0.006,0.98,0.0,7,3,490,0
18000,4,11,15,2,500,0.0,0.002,0.992,0.006,0,1,496,3
18000,4,12,16,6,500,0.0,0.002,0.998,0.0,0,1,499,0
18000,4,13,17,10,500,0.006,0.0,0.994,0.0,3,0,497,0
18000,4,14,18,14,500,0.012,0.034,0.952,0.002,6,17,476,1
18000,4,16,20,1,500,0.0,0.0,1.0,0.0,0,0,500,0
18000,5,0,5,0,500,0.0,0.0,1.0,0.0,0,0,500,0
18000,5,2,7,10,500,0.0,0.0,1.0,0.0,0,0,500,0
18000,5,3,8,15,500,0.01,0.004,0.97,0.016,5,2,485,8
18000,5,4,9,20,500,0.002,0.006,0.992,0.0,1,3,496,0
18000,5,5,10,4,500,0.006,0.008,0.984,0.002,3,4,492,1
18000,5,7,12,14,500,0.026,0.036,0.918,0.02,13,18,459,10
18000,5,9,14,3,500,0.004,0.004,0.99,0.002,2,2,495,1
18000,5,10,15,8,500,0.068,0.004,0.92,0.008,34,2,460,4
18000,5,11,16,13,500,0.002,0.004,0.994,0.0,1,2,497,0
18000,5,12,17,18,500,0.09,0.018,0.874,0.018,45,9,437,9
18000,5,14,19,7,500,0.02,0.072,0.832,0.076,10,36,416,38
18000,5,15,20,12,500,0.008,0.004,0.988,0.0,4,2,494,0
18000,6,1,7,6,500,0.002,0.0,0.998,0.0,1,0,499,0
18000,6,2,8,12,500,0.076,0.008,0.894,0.022,38,4,447,11
18000,6,6,12,15,500,0.018,0.01,0.962,0.01,9,5,481,5
18000,6,8,14,6,500,0.012,0.01,0.97,0.008,6,5,485,4
18000,6,9,15,12,500,0.006,0.012,0.968,0.014,3,6,484,7
18000,6,12,18,9,500,0.094,0.092,0.76,0.054,47,46,380,27
18000,6,13,19,15,500,0.02,0.002,0.974,0.004,10,1,487,2
18000,7,0,7,0,500,0.028,0.288,0.342,0.342,14,144,171,171
18000,7,1,8,7,500,0.002,0.0,0.998,0.0,1,0,499,0
18000,7,3,10,0,500,0.0,0.0,1.0,0.0,0,0,500,0
18000,7,4,11,7,500,0.0,0.0,1.0,0.0,0,0,500,0
18000,7,7,14,7,500,0.038,0.124,0.654,0.184,19,62,327,92
18000,7,8,15,14,500,0.03,0.05,0.87,0.05,15,25,435,25
18000,7,9,16,0,500,0.0,0.0,1.0,0.0,0,0,500,0
18000,7,11,18,14,500,0.012,0.054,0.926,0.008,6,27,463,4
18000,7,13,20,7,500,0.0,0.0,0.996,0.004,0,0,498,2
18000,8,0,8,0,500,0.0,0.0,1.0,0.0,0,0,500,0
18000,8,1,9,8,500,0.028,0.002,0.964,0.006,14,1,482,3
18000,8,3,11,3,500,0.016,0.004,0.968,0.012,8,2,484,6
18000,8,5,13,19,500,0.0,0.0,1.0,0.0,0,0,500,0
18000,8,6,14,6,500,0.012,0.0,0.976,0.012,6,0,488,6
18000,8,7,15,14,500,0.026,0.07,0.818,0.086,13,35,409,43
18000,8,9,17,9,500,0.002,0.004,0.994,0.0,1,2,497,0
18000,8,11,19,4,500,0.0,0.0,1.0,0.0,0,0,500,0
18000,8,12,20,12,500,0.0,0.006,0.994,0.0,0,3,497,0
18000,9,4,13,15,500,0.054,0.244,0.5,0.202,27,122,250,101
18000,9,5,14,3,500,0.004,0.004,0.992,0.0,2,2,496,0
18000,9,6,15,12,500,0.016,0.006,0.96,0.018,8,3,480,9
18000,9,7,16,0,500,0.0,0.0,1.0,0.0,0,0,500,0
18000,9,8,17,9,500,0.008,0.006,0.986,0.0,4,3,493,0
18000,9,11,20,15,500,0.022,0.82,0.066,0.092,11,410,33,46
18000,10,0,10,0,500,0.0,0.0,1.0,0.0,0,0,500,0
18000,10,1,11,10,500,0.0,0.0,1.0,0.0,0,0,500,0
18000,10,2,12,20,500,0.002,0.0,0.998,0.0,1,0,499,0
18000,10,4,14,19,500,0.032,0.0,0.968,0.0,16,0,484,0
18000,10,5,15,8,500,0.024,0.006,0.964,0.006,12,3,482,3
18000,10,6,16,18,500,0.004,0.004,0.992,0.0,2,2,496,0
18000,10,7,17,7,500,0.0,0.0,1.0,0.0,0,0,500,0
18000,10,8,18,17,500,0.096,0.008,0.866,0.03,48,4,433,15
18000,10,9,19,6,500,0.0,0.0,1.0,0.0,0,0,500,0
18000,11,0,11,0,500,0.0,0.0,1.0,0.0,0,0,500,0
18000,11,1,12,11,500,0.004,0.0,0.996,0.0,2,0,498,0
18000,11,2,13,1,500,0.084,0.222,0.23,0.464,42,111,115,232
18000,11,6,17,3,500,0.006,0.002,0.992,0.0,3,1,496,0
18000,11,8,19,4,500,0.002,0.0,0.998,0.0,1,0,499,0
18000,11,9,20,15,500,0.072,0.49,0.214,0.224,36,245,107,112
18000,12,0,12,0,500,0.0,0.0,1.0,0.0,0,0,500,0
18000,12,1,13,12,500,0.006,0.006,0.988,0.0,3,3,494,0
18000,12,4,16,6,500,0.0,0.0,1.0,0.0,0,0,500,0
18000,12,5,17,18,500,0.06,0.006,0.918,0.016,30,3,459,8
18000,12,6,18,9,500,0.162,0.06,0.712,0.066,81,30,356,33
18000,12,8,20,12,500,0.002,0.002,0.996,0.0,1,1,498,0
18000,13,1,14,13,500,0.004,0.0,0.99,0.006,2,0,495,3
18000,13,3,16,18,500,0.032,0.006,0.944,0.018,16,3,472,9
18000,13,4,17,10,500,0.006,0.0,0.994,0.0,3,0,497,0
18000,13,5,18,2,500,0.002,0.0,0.998,0.0,1,0,499,0
18000,14,0,14,0,500,0.068,0.066,0.832,0.034,34,33,416,17
18000,14,1,15,14,500,0.01,0.016,0.854,0.12,5,8,427,60
18000,14,2,16,7,500,0.0,0.0,1.0,0.0,0,0,500,0
18000,14,3,17,0,500,0.0,0.002,0.998,0.0,0,1,499,0
18000,14,4,18,14,500,0.016,0.046,0.92,0.018,8,23,460,9
18000,14,5,19,7,500,0.02,0.06,0.812,0.108,10,30,406,54
18000,15,0,15,0,500,0.0,0.0,1.0,0.0,0,0,500,0
18000,15,2,17,9,500,0.08,0.004,0.89,0.026,40,2,445,13
18000,16,0,16,0,500,0.0,0.0,1.0,0.0,0,0,500,0
18000,16,2,18,11,500,0.0,0.0,1.0,0.0,0,0,500,0
18000,16,3,19,6,500,0.0,0.0,1.0,0.0,0,0,500,0
18000,17,0,17,0,500,0.0,0.0,1.0,0.0,0,0,500,0
18000,17,1,18,17,500,0.034,0.008,0.946,0.012,17,4,473,6
18000,17,2,19,13,500,0.0,0.0,1.0,0.0,0,0,500,0
18000,17,3,20,9,500,0.0,0.004,0.994,0.002,0,2,497,1
18000,18,0,18,0,500,0.0,0.0,1.0,0.0,0,0,500,0
18000,18,2,20,15,500,0.29,0.164,0.216,0.33,145,82,108,165
18000,19,0,19,0,500,0.0,0.0,1.0,0.0,0,0,500,0
18000,19,1,20,19,500,0.116,0.046,0.764,0.074,58,23,382,37
18000,20,0,20,0,500,0.0,0.0,1.0,0.0,0,0,500,0
18500,0,2,2,0,500,0.0,0.0,1.0,0.0,0,0,500,0
18500,0,5,5,0,500,0.0,0.0,1.0,0.0,0,0,500,0
18500,0,6,6,0,500,0.0,0.0,0.998,0.002,0,0,499,1
18500,0,7,7,0,500,0.002,0.256,0.378,0.364,1,128,189,182
18500,0,8,8,0,500,0.0,0.0,1.0,0.0,0,0,500,0
18500,0,10,10,0,500,0.0,0.0,1.0,0.0,0,0,500,0
18500,0,11,11,0,500,0.0,0.0,1.0,0.0,0,0,500,0
18500,0,14,14,0,500,0.014,0.042,0.916,0.028,7,21,458,14
18500,0,15,15,0,500,0.0,0.0,0.998,0.002,0,0,499,1
18500,0,16,16,0,500,0.0,0.0,1.0,0.0,0,0,500,0
18500,0,20,20,0,500,0.0,0.0,1.0,0.0,0,0,500,0
18500,1,0,1,0,500,0.0,0.0,1.0,0.0,0,0,500,0
18500,1,1,2,1,500,0.01,0.78,0.11,0.1,5,390,55,50
18500,1,3,4,3,500,0.13,0.182,0.332,0.356,65,91,166,178
18500,1,4,5,4,500,0.004,0.0,0.996,0.0,2,0,498,0
18500,1,5,6,5,500,0.016,0.03,0.7,0.254,8,15,350,127
18500,1,7,8,7,500,0.0,0.0,1.0,0.0,0,0,500,0
18500,1,8,9,8,500,0.002,0.002,0.996,0.0,1,1,498,0
18500,1,9,10,9,500,0.0,0.004,0.996,0.0,0,2,498,0
18500,1,11,12,11,500,0.008,0.002,0.99,0.0,4,1,495,0
18500,1,13,14,13,500,0.0,0.0,1.0,0.0,0,0,500,0
18500,1,14,15,14,500,0.002,0.028,0.826,0.144,1,14,413,72
18500,1,18,19,18,500,0.248,0.048,0.618,0.086,124,24,309,43
18500,1,19,20,19,500,0.058,0.016,0.882,0.044,29,8,441,22
18500,2,3,5,6,500,0.022,0.068,0.716,0.194,11,34,358,97
18500,2,8,10,16,500,0.244,0.012,0.352,0.392,122,6,176,196
18500,2,10,12,20,500,0.0,0.0,1.0,0.0,0,0,500,0
18500,2,11,13,1,500,0.036,0.158,0.31,0.496,18,79,155,248
18500,2,12,14,3,500,0.006,0.004,0.99,0.0,3,2,495,0
18500,2,14,16,7,500,0.0,0.0,1.0,0.0,0,0,500,0
18500,2,15,17,9,500,0.086,0.004,0.898,0.012,43,2,449,6
18500,2,18,20,15,500,0.106,0.302,0.23,0.362,53,151,115,181
18500,3,0,3,0,500,0.004,0.006,0.99,0.0,2,3,495,0
18500,3,2,5,6,500,0.03,0.08,0.648,0.242,15,40,324,121
18500,3,4,7,12,500,0.15,0.02,0.81,0.02,75,10,405,10
18500,3,5,8,15,500,0.012,0.014,0.97,0.004,6,7,485,2
18500,3,6,9,18,500,0.11,0.042,0.81,0.038,55,21,405,19
18500,3,7,10,0,500,0.0,0.0,1.0,0.0,0,0,500,0
18500,3,8,11,3,500,0.008,0.018,0.972,0.002,4,9,486,1
18500,3,9,12,6,500,0.004,0.004,0.992,0.0,2,2,496,0
18500,3,10,13,9,500,0.0,0.0,0.998,0.002,0,0,499,1
18500,3,13,16,18,500,0.032,0.002,0.94,0.026,16,1,470,13
18500,3,14,17,0,500,0.0,0.0,1.0,0.0,0,0,500,0
18500,3,15,18,3,500,0.622,0.054,0.222,0.102,311,27,111,51
18500,3,16,19,6,500,0.0,0.0,1.0,0.0,0,0,500,0
18500,3,17,20,9,500,0.002,0.002,0.992,0.004,1,1,496,2
18500,4,0,4,0,500,0.0,0.0,1.0,0.0,0,0,500,0
18500,4,2,6,8,500,0.042,0.066,0.858,0.034,21,33,429,17
18500,4,5,9,20,500,0.0,0.0,1.0,0.0,0,0,500,0
18500,4,6,10,3,500,0.068,0.1,0.764,0.068,34,50,382,34
18500,4,7,11,7,500,0.0,0.0,1.0,0.0,0,0,500,0
18500,4,8,12,11,500,0.084,0.076,0.718,0.122,42,38,359,61
18500,4,9,13,15,500,0.008,0.364,0.406,0.222,4,182,203,111
18500,4,10,14,19,500,0.014,0.0,0.986,0.0,7,0,493,0
18500,4,11,15,2,500,0.0,0.0,0.998,0.002,0,0,499,1
18500,4,12,16,6,500,0.0,0.0,0.998,0.002,0,0,499,1
18500,4,13,17,10,500,0.01,0.0,0.99,0.0,5,0,495,0
18500,4,14,18,14,500,0.016,0.034,0.94,0.01,8,17,470,5
18500,4,16,20,1,500,0.0,0.0,1.0,0.0,0,0,500,0
18500,5,0,5,0,500,0.0,0.0,1.0,0.0,0,0,500,0
18500,5,2,7,10,500,0.0,0.0,1.0,0.0,0,0,500,0
18500,5,3,8,15,500,0.014,0.016,0.962,0.008,7,8,481,4
18500,5,4,9,20,500,0.002,0.0,0.998,0.0,1,0,499,0
18500,5,5,10,4,500,0.012,0.014,0.97,0.004,6,7,485,2
18500,5,7,12,14,500,0.006,0.042,0.952,0.0,3,21,476,0
18500,5,9,14,3,500,0.002,0.004,0.994,0.0,1,2,497,0
18500,5,10,15,8,500,0.028,0.0,0.972,0.0,14,0,486,0
18500,5,11,16,13,500,0.002,0.0,0.998,0.0,1,0,499,0
18500,5,12,17,18,500,0.076,0.012,0.896,0.016,38,6,448,8
18500,5,14,19,7,500,0.026,0.04,0.876,0.058,13,20,438,29
18500,5,15,20,12,500,0.012,0.006,0.982,0.0,6,3,491,0
18500,6,1,7,6,500,0.0,0.002,0.998,0.0,0,1,499,0
18500,6,2,8,12,500,0.042,0.004,0.948,0.006,21,2,474,3
18500,6,6,12,15,500,0.018,0.006,0.97,0.006,9,3,485,3
18500,6,8,14,6,500,0.014,0.002,0.976,0.008,7,1,488,4
18500,6,9,15,12,500,0.0,0.008,0.978,0.014,0,4,489,7
18500,6,12,18,9,500,0.116,0.036,0.75,0.098,58,18,375,49
18500,6,13,19,15,500,0.02,0.004,0.976,0.0,10,2,488,0
18500,7,0,7,0,500,0.006,0.29,0.318,0.386,3,145,159,193
18500,7,1,8,7,500,0.0,0.0,1.0,0.0,0,0,500,0
18500,7,3,10,0,500,0.0,0.0,1.0,0.0,0,0,500,0
18500,7,4,11,7,500,0.0,0.0,1.0,0.0,0,0,500,0
18500,7,7,14,7,500,0.026,0.106,0.662,0.206,13,53,331,103
18500,7,8,15,14,500,0.002,0.076,0.844,0.078,1,38,422,39
18500,7,9,16,0,500,0.0,0.0,1.0,0.0,0,0,500,0
18500,7,11,18,14,500,0.01,0.06,0.92,0.01,5,30,460,5
18500,7,13,20,7,500,0.002,0.0,0.998,0.0,1,0,499,0
18500,8,0,8,0,500,0.0,0.0,1.0,0.0,0,0,500,0
18500,8,1,9,8,500,0.034,0.002,0.96,0.004,17,1,480,2
18500,8,3,11,3,500,0.048,0.032,0.888,0.032,24,16,444,16
18500,8,5,13,19,500,0.0,0.0,1.0,0.0,0,0,500,0
18500,8,6,14,6,500,0.006,0.002,0.986,0.006,3,1,493,3
18500,8,7,15,14,500,0.004,0.052,0.916,0.028,2,26,458,14
18500,8,9,17,9,500,0.004,0.01,0.986,0.0,2,5,493,0
18500,8,11,19,4,500,0.0,0.0,1.0,0.0,0,0,500,0
18500,8,12,20,12,500,0.0,0.0,1.0,0.0,0,0,500,0
18500,9,4,13,15,500,0.012,0.382,0.368,0.238,6,191,184,119
18500,9,5,14,3,500,0.004,0.004,0.992,0.0,2,2,496,0
18500,9,6,15,12,500,0.008,0.004,0.966,0.022,4,2,483,11
18500,9,7,16,0,500,0.0,0.0,1.0,0.0,0,0,500,0
18500,9,8,17,9,500,0.004,0.01,0.986,0.0,2,5,493,0
18500,9,11,20,15,500,0.01,0.84,0.07,0.08,5,420,35,40
18500,10,0,10,0,500,0.0,0.0,1.0,0.0,0,0,500,0
18500,10,1,11,10,500,0.006,0.0,0.994,0.0,3,0,497,0
18500,10,2,12,20,500,0.004,0.0,0.992,0.004,2,0,496,2
18500,10,4,14,19,500,0.01,0.0,0.99,0.0,5,0,495,0
18500,10,5,15,8,500,0.002,0.002,0.994,0.002,1,1,497,1
18500,10,6,16,18,500,0.008,0.002,0.986,0.004,4,1,493,2
18500,10,7,17,7,500,0.0,0.0,1.0,0.0,0,0,500,0
18500,10,8,18,17,500,0.076,0.004,0.9,0.02,38,2,450,10
18500,10,9,19,6,500,0.0,0.0,1.0,0.0,0,0,500,0
18500,11,0,11,0,500,0.0,0.0,1.0,0.0,0,0,500,0
18500,11,1,12,11,500,0.0,0.0,1.0,0.0,0,0,500,0
18500,11,2,13,1,500,0.054,0.162,0.302,0.482,27,81,151,241
18500,11,6,17,3,500,0.01,0.002,0.988,0.0,5,1,494,0
18500,11,8,19,4,500,0.002,0.0,0.998,0.0,1,0,499,0
18500,11,9,20,15,500,0.028,0.624,0.166,0.182,14,312,83,91
18500,12,0,12,0,500,0.008,0.0,0.992,0.0,4,0,496,0
18500,12,1,13,12,500,0.0,0.002,0.996,0.002,0,1,498,1
18500,12,4,16,6,500,0.0,0.008,0.992,0.0,0,4,496,0
18500,12,5,17,18,500,0.074,0.022,0.902,0.002,37,11,451,1
18500,12,6,18,9,500,0.11,0.056,0.744,0.09,55,28,372,45
18500,12,8,20,12,500,0.002,0.004,0.994,0.0,1,2,497,0
18500,13,1,14,13,500,0.002,0.0,0.998,0.0,1,0,499,0
18500,13,3,16,18,500,0.016,0.0,0.976,0.008,8,0,488,4
18500,13,4,17,10,500,0.012,0.002,0.986,0.0,6,1,493,0
18500,13,5,18,2,500,0.0,0.002,0.996,0.002,0,1,498,1
18500,14,0,14,0,500,0.056,0.052,0.87,0.022,28,26,435,11
18500,14,1,15,14,500,0.008,0.02,0.878,0.094,4,10,439,47
18500,14,2,16,7,500,0.0,0.0,1.0,0.0,0,0,500,0
18500,14,3,17,0,500,0.0,0.004,0.996,0.0,0,2,498,0
18500,14,4,18,14,500,0.004,0.028,0.966,0.002,2,14,483,1
18500,14,5,19,7,500,0.024,0.046,0.87,0.06,12,23,435,30
18500,15,0,15,0,500,0.0,0.0,1.0,0.0,0,0,500,0
18500,15,2,17,9,500,0.072,0.002,0.92,0.006,36,1,460,3
18500,16,0,16,0,500,0.0,0.0,1.0,0.0,0,0,500,0
18500,16,2,18,11,500,0.0,0.0,1.0,0.0,0,0,500,0
18500,16,3,19,6,500,0.0,0.0,1.0,0.0,0,0,500,0
18500,17,0,17,0,500,0.0,0.0,1.0,0.0,0,0,500,0
18500,17,1,18,17,500,0.048,0.004,0.936,0.012,24,2,468,6
18500,17,2,19,13,500,0.0,0.0,1.0,0.0,0,0,500,0
18500,17,3,20,9,500,0.002,0.006,0.99,0.002,1,3,495,1
18500,18,0,18,0,500,0.0,0.002,0.998,0.0,0,1,499,0
18500,18,2,20,15,500,0.134,0.178,0.264,0.424,67,89,132,212
18500,19,0,19,0,500,0.006,0.0,0.994,0.0,3,0,497,0
18500,19,1,20,19,500,0.158,0.02,0.784,0.038,79,10,392,19
18500,20,0,20,0,500,0.0,0.0,1.0,0.0,0,0,500,0
19000,0,2,2,0,500,0.0,0.0,1.0,0.0,0,0,500,0
19000,0,5,5,0,500,0.0,0.0,1.0,0.0,0,0,500,0
19000,0,6,6,0,500,0.004,0.0,0.974,0.022,2,0,487,11
19000,0,7,7,0,500,0.022,0.334,0.314,0.33,11,167,157,165
19000,0,8,8,0,500,0.0,0.0,1.0,0.0,0,0,500,0
19000,0,10,10,0,500,0.0,0.0,1.0,0.0,0,0,500,0
19000,0,11,11,0,500,0.0,0.0,1.0,0.0,0,0,500,0
19000,0,14,14,0,500,0.052,0.066,0.842,0.04,26,33,421,20
19000,0,15,15,0,500,0.002,0.0,0.998,0.0,1,0,499,0
19000,0,16,16,0,500,0.0,0.0,1.0,0.0,0,0,500,0
19000,0,20,20,0,500,0.0,0.0,1.0,0.0,0,0,500,0
19000,1,0,1,0,500,0.0,0.0,1.0,0.0,0,0,500,0
19000,1,1,2,1,500,0.004,0.896,0.042,0.058,2,448,21,29
19000,1,3,4,3,500,0.204,0.11,0.356,0.33,102,55,178,165
19000,1,4,5,4,500,0.008,0.002,0.99,0.0,4,1,495,0
19000,1,5,6,5,500,0.048,0.018,0.608,0.326,24,9,304,163
19000,1,7,8,7,500,0.0,0.0,1.0,0.0,0,0,500,0
19000,1,8,9,8,500,0.014,0.006,0.978,0.002,7,3,489,1
19000,1,9,10,9,500,0.004,0.008,0.984,0.004,2,4,492,2
19000,1,11,12,11,500,0.0,0.0,0.998,0.002,0,0,499,1
19000,1,13,14,13,500,0.006,0.0,0.994,0.0,3,0,497,0
19000,1,14,15,14,500,0.004,0.058,0.668,0.27,2,29,334,135
19000,1,18,19,18,500,0.204,0.026,0.668,0.102,102,13,334,51
19000,1,19,20,19,500,0.242,0.012,0.692,0.054,121,6,346,27
19000,2,3,5,6,500,0.044,0.088,0.602,0.266,22,44,301,133
19000,2,8,10,16,500,0.174,0.01,0.344,0.472,87,5,172,236
19000,2,10,12,20,500,0.0,0.0,1.0,0.0,0,0,500,0
19000,2,11,13,1,500,0.036,0.248,0.246,0.47,18,124,123,235
19000,2,12,14,3,500,0.002,0.004,0.994,0.0,1,2,497,0
19000,2,14,16,7,500,0.0,0.0,1.0,0.0,0,0,500,0
19000,2,15,17,9,500,0.118,0.012,0.852,0.018,59,6,426,9
19000,2,18,20,15,500,0.186,0.202,0.24,0.372,93,101,120,186
19000,3,0,3,0,500,0.002,0.012,0.986,0.0,1,6,493,0
19000,3,2,5,6,500,0.048,0.064,0.588,0.3,24,32,294,150
19000,3,4,7,12,500,0.104,0.038,0.84,0.018,52,19,420,9
19000,3,5,8,15,500,0.008,0.01,0.98,0.002,4,5,490,1
19000,3,6,9,18,500,0.146,0.038,0.708,0.108,73,19,354,54
19000,3,7,10,0,500,0.0,0.0,1.0,0.0,0,0,500,0
19000,3,8,11,3,500,0.018,0.044,0.934,0.004,9,22,467,2
19000,3,9,12,6,500,0.01,0.008,0.982,0.0,5,4,491,0
19000,3,10,13,9,500,0.0,0.0,1.0,0.0,0,0,500,0
19000,3,13,16,18,500,0.016,0.004,0.962,0.018,8,2,481,9
19000,3,14,17,0,500,0.0,0.004,0.996,0.0,0,2,498,0
19000,3,15,18,3,500,0.65,0.036,0.232,0.082,325,18,116,41
19000,3,16,19,6,500,0.0,0.0,1.0,0.0,0,0,500,0
19000,3,17,20,9,500,0.002,0.0,0.998,0.0,1,0,499,0
19000,4,0,4,0,500,0.0,0.0,1.0,0.0,0,0,500,0
19000,4,2,6,8,500,0.066,0.086,0.818,0.03,33,43,409,15
19000,4,5,9,20,500,0.0,0.002,0.998,0.0,0,1,499,0
19000,4,6,10,3,500,0.154,0.138,0.6,0.108,77,69,300,54
19000,4,7,11,7,500,0.0,0.0,1.0,0.0,0,0,500,0
19000,4,8,12,11,500,0.034,0.026,0.916,0.024,17,13,458,12
19000,4,9,13,15,500,0.01,0.378,0.384,0.228,5,189,192,114
19000,4,10,14,19,500,0.018,0.004,0.978,0.0,9,2,489,0
19000,4,11,15,2,500,0.006,0.004,0.986,0.004,3,2,493,2
19000,4,12,16,6,500,0.006,0.002,0.992,0.0,3,1,496,0
19000,4,13,17,10,500,0.008,0.0,0.992,0.0,4,0,496,0
19000,4,14,18,14,500,0.022,0.024,0.952,0.002,11,12,476,1
19000,4,16,20,1,500,0.0,0.002,0.998,0.0,0,1,499,0
19000,5,0,5,0,500,0.0,0.0,1.0,0.0,0,0,500,0
19000,5,2,7,10,500,0.0,0.0,1.0,0.0,0,0,500,0
19000,5,3,8,15,500,0.004,0.008,0.982,0.006,2,4,491,3
19000,5,4,9,20,500,0.0,0.008,0.992,0.0,0,4,496,0
19000,5,5,10,4,500,0.032,0.07,0.868,0.03,16,35,434,15
19000,5,7,12,14,500,0.034,0.092,0.844,0.03,17,46,422,15
19000,5,9,14,3,500,0.002,0.006,0.992,0.0,1,3,496,0
19000,5,10,15,8,500,0.018,0.008,0.972,0.002,9,4,486,1
19000,5,11,16,13,500,0.0,0.0,0.998,0.002,0,0,499,1
19000,5,12,17,18,500,0.066,0.01,0.918,0.006,33,5,459,3
19000,5,14,19,7,500,0.116,0.018,0.788,0.078,58,9,394,39
19000,5,15,20,12,500,0.01,0.004,0.986,0.0,5,2,493,0
19000,6,1,7,6,500,0.002,0.0,0.998,0.0,1,0,499,0
19000,6,2,8,12,500,0.038,0.008,0.934,0.02,19,4,467,10
19000,6,6,12,15,500,0.02,0.008,0.95,0.022,10,4,475,11
19000,6,8,14,6,500,0.01,0.0,0.986,0.004,5,0,493,2
19000,6,9,15,12,500,0.012,0.008,0.974,0.006,6,4,487,3
19000,6,12,18,9,500,0.178,0.044,0.666,0.112,89,22,333,56
19000,6,13,19,15,500,0.02,0.004,0.97,0.006,10,2,485,3
19000,7,0,7,0,500,0.026,0.314,0.348,0.312,13,157,174,156
19000,7,1,8,7,500,0.0,0.0,1.0,0.0,0,0,500,0
19000,7,3,10,0,500,0.0,0.0,1.0,0.0,0,0,500,0
19000,7,4,11,7,500,0.0,0.0,1.0,0.0,0,0,500,0
19000,7,7,14,7,500,0.044,0.126,0.684,0.146,22,63,342,73
19000,7,8,15,14,500,0.004,0.07,0.884,0.042,2,35,442,21
19000,7,9,16,0,500,0.0,0.0,1.0,0.0,0,0,500,0
19000,7,11,18,14,500,0.014,0.03,0.948,0.008,7,15,474,4
19000,7,13,20,7,500,0.0,0.0,1.0,0.0,0,0,500,0
19000,8,0,8,0,500,0.0,0.0,1.0,0.0,0,0,500,0
19000,8,1,9,8,500,0.02,0.0,0.976,0.004,10,0,488,2
19000,8,3,11,3,500,0.016,0.008,0.968,0.008,8,4,484,4
19000,8,5,13,19,500,0.0,0.0,1.0,0.0,0,0,500,0
19000,8,6,14,6,500,0.004,0.004,0.992,0.0,2,2,496,0
19000,8,7,15,14,500,0.008,0.05,0.916,0.026,4,25,458,13
19000,8,9,17,9,500,0.0,0.01,0.99,0.0,0,5,495,0
19000,8,11,19,4,500,0.0,0.0,1.0,0.0,0,0,500,0
19000,8,12,20,12,500,0.0,0.0,1.0,0.0,0,0,500,0
19000,9,4,13,15,500,0.024,0.386,0.36,0.23,12,193,180,115
19000,9,5,14,3,500,0.0,0.004,0.996,0.0,0,2,498,0
19000,9,6,15,12,500,0.01,0.006,0.97,0.014,5,3,485,7
19000,9,7,16,0,500,0.0,0.0,1.0,0.0,0,0,500,0
19000,9,8,17,9,500,0.002,0.006,0.992,0.0,1,3,496,0
19000,9,11,20,15,500,0.006,0.8,0.094,0.1,3,400,47,50
19000,10,0,10,0,500,0.0,0.0,1.0,0.0,0,0,500,0
19000,10,1,11,10,500,0.002,0.0,0.998,0.0,1,0,499,0
19000,10,2,12,20,500,0.006,0.0,0.994,0.0,3,0,497,0
19000,10,4,14,19,500,0.044,0.0,0.956,0.0,22,0,478,0
19000,10,5,15,8,500,0.008,0.004,0.986,0.002,4,2,493,1
19000,10,6,16,18,500,0.018,0.004,0.966,0.012,9,2,483,6
19000,10,7,17,7,500,0.0,0.0,1.0,0.0,0,0,500,0
19000,10,8,18,17,500,0.116,0.006,0.872,0.006,58,3,436,3
19000,10,9,19,6,500,0.0,0.0,1.0,0.0,0,0,500,0
19000,11,0,11,0,500,0.0,0.0,1.0,0.0,0,0,500,0
19000,11,1,12,11,500,0.0,0.0,1.0,0.0,0,0,500,0
19000,11,2,13,1,500,0.036,0.304,0.234,0.426,18,152,117,213
19000,11,6,17,3,500,0.004,0.0,0.996,0.0,2,0,498,0
19000,11,8,19,4,500,0.0,0.0,1.0,0.0,0,0,500,0
19000,11,9,20,15,500,0.082,0.564,0.192,0.162,41,282,96,81
19000,12,0,12,0,500,0.002,0.0,0.998,0.0,1,0,499,0
19000,12,1,13,12,500,0.002,0.002,0.996,0.0,1,1,498,0
19000,12,4,16,6,500,0.004,0.002,0.994,0.0,2,1,497,0
19000,12,5,17,18,500,0.066,0.006,0.92,0.008,33,3,460,4
19000,12,6,18,9,500,0.158,0.082,0.672,0.088,79,41,336,44
19000,12,8,20,12,500,0.002,0.0,0.998,0.0,1,0,499,0
19000,13,1,14,13,500,0.004,0.0,0.996,0.0,2,0,498,0
19000,13,3,16,18,500,0.038,0.002,0.93,0.03,19,1,465,15
19000,13,4,17,10,500,0.01,0.0,0.99,0.0,5,0,495,0
19000,13,5,18,2,500,0.0,0.0,1.0,0.0,0,0,500,0
19000,14,0,14,0,500,0.082,0.082,0.784,0.052,41,41,392,26
19000,14,1,15,14,500,0.018,0.044,0.8,0.138,9,22,400,69
19000,14,2,16,7,500,0.0,0.0,1.0,0.0,0,0,500,0
19000,14,3,17,0,500,0.0,0.0,1.0,0.0,0,0,500,0
19000,14,4,18,14,500,0.016,0.038,0.942,0.004,8,19,471,2
19000,14,5,19,7,500,0.06,0.006,0.872,0.062,30,3,436,31
19000,15,0,15,0,500,0.0,0.002,0.998,0.0,0,1,499,0
19000,15,2,17,9,500,0.112,0.022,0.842,0.024,56,11,421,12
19000,16,0,16,0,500,0.0,0.0,1.0,0.0,0,0,500,0
19000,16,2,18,11,500,0.0,0.0,1.0,0.0,0,0,500,0
19000,16,3,19,6,500,0.0,0.0,1.0,0.0,0,0,500,0
19000,17,0,17,0,500,0.0,0.0,1.0,0.0,0,0,500,0
19000,17,1,18,17,500,0.038,0.0,0.956,0.006,19,0,478,3
19000,17,2,19,13,500,0.0,0.0,1.0,0.0,0,0,500,0
19000,17,3,20,9,500,0.004,0.01,0.984,0.002,2,5,492,1
19000,18,0,18,0,500,0.002,0.0,0.998,0.0,1,0,499,0
19000,18,2,20,15,500,0.306,0.106,0.25,0.338,153,53,125,169
19000,19,0,19,0,500,0.0,0.0,1.0,0.0,0,0,500,0
19000,19,1,20,19,500,0.412,0.012,0.526,0.05,206,6,263,25
19000,20,0,20,0,500,0.0,0.0,1.0,0.0,0,0,500,0
19500,0,2,2,0,500,0.0,0.0,1.0,0.0,0,0,500,0
19500,0,5,5,0,500,0.0,0.0,1.0,0.0,0,0,500,0
19500,0,6,6,0,500,0.016,0.0,0.976,0.008,8,0,488,4
19500,0,7,7,0,500,0.018,0.344,0.31,0.328,9,172,155,164
19500,0,8,8,0,500,0.0,0.0,1.0,0.0,0,0,500,0
19500,0,10,10,0,500,0.0,0.0,1.0,0.0,0,0,500,0
19500,0,11,11,0,500,0.0,0.0,1.0,0.0,0,0,500,0
19500,0,14,14,0,500,0.064,0.054,0.85,0.032,32,27,425,16
19500,0,15,15,0,500,0.004,0.0,0.996,0.0,2,0,498,0
19500,0,16,16,0,500,0.0,0.0,1.0,0.0,0,0,500,0
19500,0,20,20,0,500,0.0,0.0,1.0,0.0,0,0,500,0
19500,1,0,1,0,500,0.0,0.0,1.0,0.0,0,0,500,0
19500,1,1,2,1,500,0.01,0.682,0.13,0.178,5,341,65,89
19500,1,3,4,3,500,0.102,0.208,0.37,0.32,51,104,185,160
19500,1,4,5,4,500,0.006,0.0,0.994,0.0,3,0,497,0
19500,1,5,6,5,500,0.024,0.038,0.546,0.392,12,19,273,196
19500,1,7,8,7,500,0.0,0.0,0.998,0.002,0,0,499,1
19500,1,8,9,8,500,0.044,0.004,0.952,0.0,22,2,476,0
19500,1,9,10,9,500,0.012,0.016,0.954,0.018,6,8,477,9
19500,1,11,12,11,500,0.002,0.0,0.998,0.0,1,0,499,0
19500,1,13,14,13,500,0.0,0.0,1.0,0.0,0,0,500,0
19500,1,14,15,14,500,0.018,0.13,0.534,0.318,9,65,267,159
19500,1,18,19,18,500,0.302,0.03,0.496,0.172,151,15,248,86
19500,1,19,20,19,500,0.052,0.004,0.934,0.01,26,2,467,5
19500,2,3,5,6,500,0.018,0.066,0.606,0.31,9,33,303,155
19500,2,8,10,16,500,0.346,0.006,0.318,0.33,173,3,159,165
19500,2,10,12,20,500,0.0,0.002,0.998,0.0,0,1,499,0
19500,2,11,13,1,500,0.062,0.168,0.252,0.518,31,84,126,259
19500,2,12,14,3,500,0.004,0.0,0.996,0.0,2,0,498,0
19500,2,14,16,7,500,0.0,0.0,1.0,0.0,0,0,500,0
19500,2,15,17,9,500,0.078,0.006,0.912,0.004,39,3,456,2
19500,2,18,20,15,500,0.14,0.166,0.262,0.432,70,83,131,216
19500,3,0,3,0,500,0.0,0.008,0.992,0.0,0,4,496,0
19500,3,2,5,6,500,0.022,0.07,0.62,0.288,11,35,310,144
19500,3,4,7,12,500,0.108,0.036,0.802,0.054,54,18,401,27
19500,3,5,8,15,500,0.008,0.002,0.986,0.004,4,1,493,2
19500,3,6,9,18,500,0.122,0.03,0.778,0.07,61,15,389,35
19500,3,7,10,0,500,0.0,0.0,1.0,0.0,0,0,500,0
19500,3,8,11,3,500,0.018,0.016,0.962,0.004,9,8,481,2
19500,3,9,12,6,500,0.004,0.006,0.99,0.0,2,3,495,0
19500,3,10,13,9,500,0.0,0.0,0.998,0.002,0,0,499,1
19500,3,13,16,18,500,0.016,0.0,0.972,0.012,8,0,486,6
19500,3,14,17,0,500,0.002,0.002,0.996,0.0,1,1,498,0
19500,3,15,18,3,500,0.644,0.036,0.248,0.072,322,18,124,36
19500,3,16,19,6,500,0.002,0.0,0.998,0.0,1,0,499,0
19500,3,17,20,9,500,0.008,0.002,0.99,0.0,4,1,495,0
19500,4,0,4,0,500,0.0,0.0,1.0,0.0,0,0,500,0
19500,4,2,6,8,500,0.06,0.04,0.848,0.052,30,20,424,26
19500,4,5,9,20,500,0.0,0.0,1.0,0.0,0,0,500,0
19500,4,6,10,3,500,0.076,0.084,0.752,0.088,38,42,376,44
19500,4,7,11,7,500,0.0,0.0,1.0,0.0,0,0,500,0
19500,4,8,12,11,500,0.018,0.004,0.978,0.0,9,2,489,0
19500,4,9,13,15,500,0.016,0.43,0.29,0.264,8,215,145,132
19500,4,10,14,19,500,0.026,0.004,0.97,0.0,13,2,485,0
19500,4,11,15,2,500,0.002,0.01,0.978,0.01,1,5,489,5
19500,4,12,16,6,500,0.002,0.002,0.994,0.002,1,1,497,1
19500,4,13,17,10,500,0.01,0.0,0.99,0.0,5,0,495,0
19500,4,14,18,14,500,0.018,0.03,0.952,0.0,9,15,476,0
19500,4,16,20,1,500,0.0,0.002,0.998,0.0,0,1,499,0
19500,5,0,5,0,500,0.0,0.0,1.0,0.0,0,0,500,0
19500,5,2,7,10,500,0.0,0.0,1.0,0.0,0,0,500,0
19500,5,3,8,15,500,0.008,0.006,0.978,0.008,4,3,489,4
19500,5,4,9,20,500,0.0,0.002,0.998,0.0,0,1,499,0
19500,5,5,10,4,500,0.008,0.016,0.968,0.008,4,8,484,4
19500,5,7,12,14,500,0.012,0.052,0.908,0.028,6,26,454,14
19500,5,9,14,3,500,0.006,0.004,0.99,0.0,3,2,495,0
19500,5,10,15,8,500,0.028,0.002,0.966,0.004,14,1,483,2
19500,5,11,16,13,500,0.0,0.0,1.0,0.0,0,0,500,0
19500,5,12,17,18,500,0.09,0.008,0.902,0.0,45,4,451,0
19500,5,14,19,7,500,0.05,0.02,0.882,0.048,25,10,441,24
19500,5,15,20,12,500,0.008,0.004,0.988,0.0,4,2,494,0
19500,6,1,7,6,500,0.01,0.0,0.99,0.0,5,0,495,0
19500,6,2,8,12,500,0.038,0.002,0.948,0.012,19,1,474,6
19500,6,6,12,15,500,0.022,0.004,0.954,0.02,11,2,477,10
19500,6,8,14,6,500,0.018,0.0,0.98,0.002,9,0,490,1
19500,6,9,15,12,500,0.016,0.004,0.964,0.016,8,2,482,8
19500,6,12,18,9,500,0.082,0.042,0.844,0.032,41,21,422,16
19500,6,13,19,15,500,0.026,0.002,0.97,0.002,13,1,485,1
19500,7,0,7,0,500,0.042,0.306,0.292,0.36,21,153,146,180
19500,7,1,8,7,500,0.004,0.0,0.996,0.0,2,0,498,0
19500,7,3,10,0,500,0.0,0.0,1.0,0.0,0,0,500,0
19500,7,4,11,7,500,0.0,0.0,1.0,0.0,0,0,500,0
19500,7,7,14,7,500,0.138,0.118,0.558,0.186,69,59,279,93
19500,7,8,15,14,500,0.002,0.066,0.89,0.042,1,33,445,21
19500,7,9,16,0,500,0.0,0.0,1.0,0.0,0,0,500,0
19500,7,11,18,14,500,0.006,0.042,0.946,0.006,3,21,473,3
19500,7,13,20,7,500,0.0,0.002,0.998,0.0,0,1,499,0
19500,8,0,8,0,500,0.002,0.0,0.998,0.0,1,0,499,0
19500,8,1,9,8,500,0.094,0.004,0.896,0.006,47,2,448,3
19500,8,3,11,3,500,0.012,0.008,0.98,0.0,6,4,490,0
19500,8,5,13,19,500,0.0,0.0,1.0,0.0,0,0,500,0
19500,8,6,14,6,500,0.01,0.008,0.97,0.012,5,4,485,6
19500,8,7,15,14,500,0.014,0.054,0.886,0.046,7,27,443,23
19500,8,9,17,9,500,0.002,0.004,0.994,0.0,1,2,497,0
19500,8,11,19,4,500,0.0,0.0,1.0,0.0,0,0,500,0
19500,8,12,20,12,500,0.006,0.004,0.99,0.0,3,2,495,0
19500,9,4,13,15,500,0.02,0.438,0.264,0.278,10,219,132,139
19500,9,5,14,3,500,0.002,0.004,0.994,0.0,1,2,497,0
19500,9,6,15,12,500,0.01,0.006,0.972,0.012,5,3,486,6
19500,9,7,16,0,500,0.0,0.0,1.0,0.0,0,0,500,0
19500,9,8,17,9,500,0.006,0.004,0.99,0.0,3,2,495,0
19500,9,11,20,15,500,0.008,0.83,0.078,0.084,4,415,39,42
19500,10,0,10,0,500,0.0,0.0,1.0,0.0,0,0,500,0
19500,10,1,11,10,500,0.002,0.0,0.998,0.0,1,0,499,0
19500,10,2,12,20,500,0.006,0.0,0.994,0.0,3,0,497,0
19500,10,4,14,19,500,0.026,0.002,0.972,0.0,13,1,486,0
19500,10,5,15,8,500,0.01,0.006,0.976,0.008,5,3,488,4
19500,10,6,16,18,500,0.012,0.002,0.984,0.002,6,1,492,1
19500,10,7,17,7,500,0.0,0.0,1.0,0.0,0,0,500,0
19500,10,8,18,17,500,0.1,0.006,0.866,0.028,50,3,433,14
19500,10,9,19,6,500,0.0,0.0,1.0,0.0,0,0,500,0
19500,11,0,11,0,500,0.0,0.0,1.0,0.0,0,0,500,0
19500,11,1,12,11,500,0.0,0.0,1.0,0.0,0,0,500,0
19500,11,2,13,1,500,0.026,0.36,0.23,0.384,13,180,115,192
19500,11,6,17,3,500,0.006,0.002,0.992,0.0,3,1,496,0
19500,11,8,19,4,500,0.0,0.0,1.0,0.0,0,0,500,0
19500,11,9,20,15,500,0.064,0.584,0.166,0.186,32,292,83,93
19500,12,0,12,0,500,0.002,0.0,0.998,0.0,1,0,499,0
19500,12,1,13,12,500,0.0,0.002,0.998,0.0,0,1,499,0
19500,12,4,16,6,500,0.002,0.002,0.996,0.0,1,1,498,0
19500,12,5,17,18,500,0.084,0.012,0.904,0.0,42,6,452,0
19500,12,6,18,9,500,0.116,0.052,0.804,0.028,58,26,402,14
19500,12,8,20,12,500,0.002,0.002,0.996,0.0,1,1,498,0
19500,13,1,14,13,500,0.0,0.0,1.0,0.0,0,0,500,0
19500,13,3,16,18,500,0.02,0.0,0.97,0.01,10,0,485,5
19500,13,4,17,10,500,0.004,0.0,0.996,0.0,2,0,498,0
19500,13,5,18,2,500,0.002,0.0,0.998,0.0,1,0,499,0
19500,14,0,14,0,500,0.086,0.08,0.784,0.05,43,40,392,25
19500,14,1,15,14,500,0.03,0.048,0.604,0.318,15,24,302,159
19500,14,2,16,7,500,0.0,0.0,1.0,0.0,0,0,500,0
19500,14,3,17,0,500,0.002,0.002,0.996,0.0,1,1,498,0
19500,14,4,18,14,500,0.014,0.048,0.922,0.016,7,24,461,8
19500,14,5,19,7,500,0.064,0.034,0.808,0.094,32,17,404,47
19500,15,0,15,0,500,0.002,0.0,0.998,0.0,1,0,499,0
19500,15,2,17,9,500,0.07,0.006,0.92,0.004,35,3,460,2
19500,16,0,16,0,500,0.0,0.0,1.0,0.0,0,0,500,0
19500,16,2,18,11,500,0.0,0.0,1.0,0.0,0,0,500,0
19500,16,3,19,6,500,0.002,0.002,0.996,0.0,1,1,498,0
19500,17,0,17,0,500,0.0,0.0,1.0,0.0,0,0,500,0
19500,17,1,18,17,500,0.092,0.004,0.904,0.0,46,2,452,0
19500,17,2,19,13,500,0.0,0.0,1.0,0.0,0,0,500,0
19500,17,3,20,9,500,0.002,0.006,0.992,0.0,1,3,496,0
19500,18,0,18,0,500,0.0,0.002,0.998,0.0,0,1,499,0
19500,18,2,20,15,500,0.282,0.088,0.238,0.392,141,44,119,196
19500,19,0,19,0,500,0.0,0.0,1.0,0.0,0,0,500,0
19500,19,1,20,19,500,0.102,0.01,0.874,0.014,51,5,437,7
19500,20,0,20,0,500,0.0,0.0,1.0,0.0,0,0,500,0
20000,0,2,2,0,500,0.0,0.0,1.0,0.0,0,0,500,0
20000,0,5,5,0,500,0.0,0.0,1.0,0.0,0,0,500,0
20000,0,6,6,0,500,0.0,0.0,0.978,0.022,0,0,489,11
20000,0,7,7,0,500,0.014,0.344,0.318,0.324,7,172,159,162
20000,0,8,8,0,500,0.0,0.0,1.0,0.0,0,0,500,0
20000,0,10,10,0,500,0.0,0.0,1.0,0.0,0,0,500,0
20000,0,11,11,0,500,0.0,0.0,1.0,0.0,0,0,500,0
20000,0,14,14,0,500,0.04,0.072,0.86,0.028,20,36,430,14
20000,0,15,15,0,500,0.002,0.0,0.998,0.0,1,0,499,0
20000,0,16,16,0,500,0.0,0.0,1.0,0.0,0,0,500,0
20000,0,20,20,0,500,0.0,0.0,1.0,0.0,0,0,500,0
20000,1,0,1,0,500,0.0,0.0,1.0,0.0,0,0,500,0
20000,1,1,2,1,500,0.014,0.27,0.282,0.434,7,135,141,217
20000,1,3,4,3,500,0.07,0.234,0.366,0.33,35,117,183,165
20000,1,4,5,4,500,0.01,0.002,0.988,0.0,5,1,494,0
20000,1,5,6,5,500,0.022,0.028,0.434,0.516,11,14,217,258
20000,1,7,8,7,500,0.0,0.0,1.0,0.0,0,0,500,0
20000,1,8,9,8,500,0.066,0.008,0.89,0.036,33,4,445,18
20000,1,9,10,9,500,0.0,0.016,0.982,0.002,0,8,491,1
20000,1,11,12,11,500,0.0,0.0,1.0,0.0,0,0,500,0
20000,1,13,14,13,500,0.0,0.002,0.998,0.0,0,1,499,0
20000,1,14,15,14,500,0.03,0.112,0.498,0.36,15,56,249,180
20000,1,18,19,18,500,0.368,0.034,0.514,0.084,184,17,257,42
20000,1,19,20,19,500,0.056,0.008,0.874,0.062,28,4,437,31
20000,2,3,5,6,500,0.054,0.06,0.522,0.364,27,30,261,182
20000,2,8,10,16,500,0.328,0.002,0.316,0.354,164,1,158,177
20000,2,10,12,20,500,0.0,0.0,1.0,0.0,0,0,500,0
20000,2,11,13,1,500,0.06,0.148,0.346,0.446,30,74,173,223
20000,2,12,14,3,500,0.012,0.002,0.986,0.0,6,1,493,0
20000,2,14,16,7,500,0.0,0.0,1.0,0.0,0,0,500,0
20000,2,15,17,9,500,0.098,0.024,0.85,0.028,49,12,425,14
20000,2,18,20,15,500,0.32,0.126,0.192,0.362,160,63,96,181
20000,3,0,3,0,500,0.002,0.008,0.99,0.0,1,4,495,0
20000,3,2,5,6,500,0.076,0.06,0.522,0.342,38,30,261,171
20000,3,4,7,12,500,0.05,0.014,0.918,0.018,25,7,459,9
20000,3,5,8,15,500,0.02,0.008,0.966,0.006,10,4,483,3
20000,3,6,9,18,500,0.116,0.048,0.802,0.034,58,24,401,17
20000,3,7,10,0,500,0.0,0.002,0.998,0.0,0,1,499,0
20000,3,8,11,3,500,0.008,0.012,0.978,0.002,4,6,489,1
20000,3,9,12,6,500,0.004,0.002,0.994,0.0,2,1,497,0
20000,3,10,13,9,500,0.0,0.0,1.0,0.0,0,0,500,0
20000,3,13,16,18,500,0.014,0.002,0.974,0.01,7,1,487,5
20000,3,14,17,0,500,0.002,0.0,0.998,0.0,1,0,499,0
20000,3,15,18,3,500,0.666,0.042,0.192,0.1,333,21,96,50
20000,3,16,19,6,500,0.0,0.0,1.0,0.0,0,0,500,0
20000,3,17,20,9,500,0.004,0.006,0.99,0.0,2,3,495,0
20000,4,0,4,0,500,0.0,0.0,1.0,0.0,0,0,500,0
20000,4,2,6,8,500,0.028,0.008,0.954,0.01,14,4,477,5
20000,4,5,9,20,500,0.0,0.0,1.0,0.0,0,0,500,0
20000,4,6,10,3,500,0.204,0.182,0.444,0.17,102,91,222,85
20000,4,7,11,7,500,0.0,0.0,1.0,0.0,0,0,500,0
20000,4,8,12,11,500,0.012,0.004,0.982,0.002,6,2,491,1
20000,4,9,13,15,500,0.014,0.326,0.3,0.36,7,163,150,180
20000,4,10,14,19,500,0.004,0.0,0.996,0.0,2,0,498,0
20000,4,11,15,2,500,0.0,0.0,0.998,0.002,0,0,499,1
20000,4,12,16,6,500,0.0,0.002,0.996,0.002,0,1,498,1
20000,4,13,17,10,500,0.006,0.0,0.994,0.0,3,0,497,0
20000,4,14,18,14,500,0.014,0.036,0.938,0.012,7,18,469,6
20000,4,16,20,1,500,0.0,0.0,1.0,0.0,0,0,500,0
20000,5,0,5,0,500,0.0,0.0,1.0,0.0,0,0,500,0
20000,5,2,7,10,500,0.0,0.0,1.0,0.0,0,0,500,0
20000,5,3,8,15,500,0.03,0.022,0.922,0.026,15,11,461,13
20000,5,4,9,20,500,0.0,0.004,0.996,0.0,0,2,498,0
20000,5,5,10,4,500,0.008,0.016,0.974,0.002,4,8,487,1
20000,5,7,12,14,500,0.008,0.066,0.918,0.008,4,33,459,4
20000,5,9,14,3,500,0.002,0.01,0.988,0.0,1,5,494,0
20000,5,10,15,8,500,0.026,0.002,0.966,0.006,13,1,483,3
20000,5,11,16,13,500,0.0,0.002,0.996,0.002,0,1,498,1
20000,5,12,17,18,500,0.046,0.03,0.898,0.026,23,15,449,13
20000,5,14,19,7,500,0.01,0.062,0.906,0.022,5,31,453,11
20000,5,15,20,12,500,0.0,0.006,0.994,0.0,0,3,497,0
20000,6,1,7,6,500,0.008,0.0,0.988,0.004,4,0,494,2
20000,6,2,8,12,500,0.062,0.01,0.906,0.022,31,5,453,11
20000,6,6,12,15,500,0.014,0.004,0.972,0.01,7,2,486,5
20000,6,8,14,6,500,0.01,0.0,0.978,0.012,5,0,489,6
20000,6,9,15,12,500,0.01,0.014,0.966,0.01,5,7,483,5
20000,6,12,18,9,500,0.104,0.038,0.806,0.052,52,19,403,26
20000,6,13,19,15,500,0.014,0.0,0.986,0.0,7,0,493,0
20000,7,0,7,0,500,0.004,0.344,0.288,0.364,2,172,144,182
20000,7,1,8,7,500,0.0,0.0,1.0,0.0,0,0,500,0
20000,7,3,10,0,500,0.0,0.0,1.0,0.0,0,0,500,0
20000,7,4,11,7,500,0.0,0.0,1.0,0.0,0,0,500,0
20000,7,7,14,7,500,0.042,0.156,0.54,0.262,21,78,270,131
20000,7,8,15,14,500,0.01,0.08,0.856,0.054,5,40,428,27
20000,7,9,16,0,500,0.0,0.0,1.0,0.0,0,0,500,0
20000,7,11,18,14,500,0.004,0.054,0.932,0.01,2,27,466,5
20000,7,13,20,7,500,0.0,0.0,1.0,0.0,0,0,500,0
20000,8,0,8,0,500,0.0,0.0,1.0,0.0,0,0,500,0
20000,8,1,9,8,500,0.074,0.008,0.86,0.058,37,4,430,29
20000,8,3,11,3,500,0.03,0.028,0.934,0.008,15,14,467,4
20000,8,5,13,19,500,0.0,0.0,1.0,0.0,0,0,500,0
20000,8,6,14,6,500,0.006,0.002,0.99,0.002,3,1,495,1
20000,8,7,15,14,500,0.006,0.078,0.832,0.084,3,39,416,42
20000,8,9,17,9,500,0.004,0.002,0.994,0.0,2,1,497,0
20000,8,11,19,4,500,0.0,0.0,1.0,0.0,0,0,500,0
20000,8,12,20,12,500,0.004,0.0,0.996,0.0,2,0,498,0
20000,9,4,13,15,500,0.038,0.3,0.354,0.308,19,150,177,154
20000,9,5,14,3,500,0.002,0.006,0.992,0.0,1,3,496,0
20000,9,6,15,12,500,0.01,0.01,0.968,0.012,5,5,484,6
20000,9,7,16,0,500,0.0,0.0,1.0,0.0,0,0,500,0
20000,9,8,17,9,500,0.01,0.002,0.988,0.0,5,1,494,0
20000,9,11,20,15,500,0.006,0.85,0.048,0.096,3,425,24,48
20000,10,0,10,0,500,0.0,0.0,1.0,0.0,0,0,500,0
20000,10,1,11,10,500,0.002,0.0,0.996,0.002,1,0,498,1
20000,10,2,12,20,500,0.018,0.004,0.978,0.0,9,2,489,0
20000,10,4,14,19,500,0.006,0.0,0.994,0.0,3,0,497,0
20000,10,5,15,8,500,0.01,0.004,0.984,0.002,5,2,492,1
20000,10,6,16,18,500,0.012,0.012,0.97,0.006,6,6,485,3
20000,10,7,17,7,500,0.002,0.0,0.998,0.0,1,0,499,0
20000,10,8,18,17,500,0.166,0.008,0.764,0.062,83,4,382,31
20000,10,9,19,6,500,0.0,0.0,1.0,0.0,0,0,500,0
20000,11,0,11,0,500,0.0,0.0,1.0,0.0,0,0,500,0
20000,11,1,12,11,500,0.0,0.002,0.998,0.0,0,1,499,0
20000,11,2,13,1,500,0.036,0.206,0.278,0.48,18,103,139,240
20000,11,6,17,3,500,0.012,0.0,0.986,0.002,6,0,493,1
20000,11,8,19,4,500,0.0,0.0,1.0,0.0,0,0,500,0
20000,11,9,20,15,500,0.074,0.484,0.176,0.266,37,242,88,133
20000,12,0,12,0,500,0.002,0.002,0.996,0.0,1,1,498,0
20000,12,1,13,12,500,0.002,0.0,0.998,0.0,1,0,499,0
20000,12,4,16,6,500,0.0,0.006,0.994,0.0,0,3,497,0
20000,12,5,17,18,500,0.058,0.02,0.9,0.022,29,10,450,11
20000,12,6,18,9,500,0.122,0.052,0.786,0.04,61,26,393,20
20000,12,8,20,12,500,0.002,0.0,0.998,0.0,1,0,499,0
20000,13,1,14,13,500,0.002,0.0,0.998,0.0,1,0,499,0
20000,13,3,16,18,500,0.022,0.004,0.96,0.014,11,2,480,7
20000,13,4,17,10,500,0.004,0.0,0.996,0.0,2,0,498,0
20000,13,5,18,2,500,0.002,0.0,0.998,0.0,1,0,499,0
20000,14,0,14,0,500,0.054,0.062,0.86,0.024,27,31,430,12
20000,14,1,15,14,500,0.02,0.018,0.738,0.224,10,9,369,112
20000,14,2,16,7,500,0.0,0.0,1.0,0.0,0,0,500,0
20000,14,3,17,0,500,0.002,0.002,0.996,0.0,1,1,498,0
20000,14,4,18,14,500,0.024,0.072,0.88,0.024,12,36,440,12
20000,14,5,19,7,500,0.022,0.06,0.862,0.056,11,30,431,28
20000,15,0,15,0,500,0.002,0.0,0.998,0.0,1,0,499,0
20000,15,2,17,9,500,0.12,0.014,0.836,0.03,60,7,418,15
20000,16,0,16,0,500,0.0,0.0,1.0,0.0,0,0,500,0
20000,16,2,18,11,500,0.0,0.0,1.0,0.0,0,0,500,0
20000,16,3,19,6,500,0.0,0.0,1.0,0.0,0,0,500,0
20000,17,0,17,0,500,0.0,0.0,1.0,0.0,0,0,500,0
20000,17,1,18,17,500,0.08,0.002,0.9,0.018,40,1,450,9
20000,17,2,19,13,500,0.0,0.0,1.0,0.0,0,0,500,0
20000,17,3,20,9,500,0.0,0.0,1.0,0.0,0,0,500,0
20000,18,0,18,0,500,0.0,0.004,0.996,0.0,0,2,498,0
20000,18,2,20,15,500,0.378,0.076,0.176,0.37,189,38,88,185
20000,19,0,19,0,500,0.002,0.0,0.998,0.0,1,0,499,0
20000,19,1,20,19,500,0.13,0.02,0.776,0.074,65,10,388,37
20000,20,0,20,0,500,0.0,0.0,1.0,0.0,0,0,500,0
20500,0,2,2,0,500,0.0,0.0,1.0,0.0,0,0,500,0
20500,0,5,5,0,500,0.0,0.0,1.0,0.0,0,0,500,0
20500,0,6,6,0,500,0.0,0.006,0.988,0.006,0,3,494,3
20500,0,7,7,0,500,0.002,0.356,0.258,0.384,1,178,129,192
20500,0,8,8,0,500,0.0,0.0,1.0,0.0,0,0,500,0
20500,0,10,10,0,500,0.0,0.0,1.0,0.0,0,0,500,0
20500,0,11,11,0,500,0.0,0.0,1.0,0.0,0,0,500,0
20500,0,14,14,0,500,0.124,0.056,0.754,0.066,62,28,377,33
20500,0,15,15,0,500,0.0,0.002,0.998,0.0,0,1,499,0
20500,0,16,16,0,500,0.0,0.0,1.0,0.0,0,0,500,0
20500,0,20,20,0,500,0.0,0.0,1.0,0.0,0,0,500,0
20500,1,0,1,0,500,0.0,0.0,1.0,0.0,0,0,500,0
20500,1,1,2,1,500,0.032,0.266,0.28,0.422,16,133,140,211
20500,1,3,4,3,500,0.084,0.14,0.398,0.378,42,70,199,189
20500,1,4,5,4,500,0.0,0.0,1.0,0.0,0,0,500,0
20500,1,5,6,5,500,0.028,0.036,0.416,0.52,14,18,208,260
20500,1,7,8,7,500,0.0,0.0,1.0,0.0,0,0,500,0
20500,1,8,9,8,500,0.024,0.002,0.974,0.0,12,1,487,0
20500,1,9,10,9,500,0.0,0.006,0.994,0.0,0,3,497,0
20500,1,11,12,11,500,0.0,0.0,1.0,0.0,0,0,500,0
20500,1,13,14,13,500,0.002,0.0,0.998,0.0,1,0,499,0
20500,1,14,15,14,500,0.004,0.08,0.714,0.202,2,40,357,101
20500,1,18,19,18,500,0.406,0.026,0.458,0.11,203,13,229,55
20500,1,19,20,19,500,0.034,0.01,0.948,0.008,17,5,474,4
20500,2,3,5,6,500,0.068,0.072,0.496,0.364,34,36,248,182
20500,2,8,10,16,500,0.162,0.006,0.44,0.392,81,3,220,196
20500,2,10,12,20,500,0.0,0.0,1.0,0.0,0,0,500,0
20500,2,11,13,1,500,0.044,0.186,0.29,0.48,22,93,145,240
20500,2,12,14,3,500,0.004,0.002,0.992,0.002,2,1,496,1
20500,2,14,16,7,500,0.0,0.0,1.0,0.0,0,0,500,0
20500,2,15,17,9,500,0.078,0.01,0.88,0.032,39,5,440,16
20500,2,18,20,15,500,0.266,0.162,0.21,0.362,133,81,105,181
20500,3,0,3,0,500,0.006,0.006,0.988,0.0,3,3,494,0
20500,3,2,5,6,500,0.078,0.064,0.51,0.348,39,32,255,174
20500,3,4,7,12,500,0.104,0.064,0.804,0.028,52,32,402,14
20500,3,5,8,15,500,0.026,0.006,0.964,0.004,13,3,482,2
20500,3,6,9,18,500,0.1,0.028,0.816,0.056,50,14,408,28
20500,3,7,10,0,500,0.0,0.0,1.0,0.0,0,0,500,0
20500,3,8,11,3,500,0.022,0.012,0.96,0.006,11,6,480,3
20500,3,9,12,6,500,0.002,0.008,0.99,0.0,1,4,495,0
20500,3,10,13,9,500,0.0,0.0,1.0,0.0,0,0,500,0
20500,3,13,16,18,500,0.016,0.0,0.974,0.01,8,0,487,5
20500,3,14,17,0,500,0.0,0.004,0.996,0.0,0,2,498,0
20500,3,15,18,3,500,0.614,0.046,0.246,0.094,307,23,123,47
20500,3,16,19,6,500,0.0,0.0,1.0,0.0,0,0,500,0
20500,3,17,20,9,500,0.004,0.004,0.992,0.0,2,2,496,0
20500,4,0,4,0,500,0.0,0.0,1.0,0.0,0,0,500,0
20500,4,2,6,8,500,0.024,0.026,0.936,0.014,12,13,468,7
20500,4,5,9,20,500,0.0,0.002,0.998,0.0,0,1,499,0
20500,4,6,10,3,500,0.306,0.046,0.42,0.228,153,23,210,114
20500,4,7,11,7,500,0.0,0.0,1.0,0.0,0,0,500,0
20500,4,8,12,11,500,0.012,0.008,0.98,0.0,6,4,490,0
20500,4,9,13,15,500,0.014,0.388,0.316,0.282,7,194,158,141
20500,4,10,14,19,500,0.022,0.004,0.974,0.0,11,2,487,0
20500,4,11,15,2,500,0.004,0.004,0.98,0.012,2,2,490,6
20500,4,12,16,6,500,0.0,0.0,1.0,0.0,0,0,500,0
20500,4,13,17,10,500,0.004,0.0,0.996,0.0,2,0,498,0
20500,4,14,18,14,500,0.018,0.016,0.956,0.01,9,8,478,5
20500,4,16,20,1,500,0.0,0.002,0.998,0.0,0,1,499,0
20500,5,0,5,0,500,0.0,0.0,1.0,0.0,0,0,500,0
20500,5,2,7,10,500,0.0,0.0,1.0,0.0,0,0,500,0
20500,5,3,8,15,500,0.028,0.004,0.946,0.022,14,2,473,11
20500,5,4,9,20,500,0.0,0.0,1.0,0.0,0,0,500,0
20500,5,5,10,4,500,0.008,0.012,0.98,0.0,4,6,490,0
20500,5,7,12,14,500,0.004,0.056,0.934,0.006,2,28,467,3
20500,5,9,14,3,500,0.004,0.002,0.994,0.0,2,1,497,0
20500,5,10,15,8,500,0.012,0.004,0.974,0.01,6,2,487,5
20500,5,11,16,13,500,0.004,0.0,0.996,0.0,2,0,498,0
20500,5,12,17,18,500,0.06,0.008,0.922,0.01,30,4,461,5
20500,5,14,19,7,500,0.01,0.054,0.904,0.032,5,27,452,16
20500,5,15,20,12,500,0.012,0.012,0.976,0.0,6,6,488,0
20500,6,1,7,6,500,0.004,0.0,0.996,0.0,2,0,498,0
20500,6,2,8,12,500,0.048,0.004,0.934,0.014,24,2,467,7
20500,6,6,12,15,500,0.026,0.004,0.96,0.01,13,2,480,5
20500,6,8,14,6,500,0.016,0.0,0.982,0.002,8,0,491,1
20500,6,9,15,12,500,0.008,0.014,0.964,0.014,4,7,482,7
20500,6,12,18,9,500,0.062,0.044,0.826,0.068,31,22,413,34
20500,6,13,19,15,500,0.004,0.002,0.994,0.0,2,1,497,0
20500,7,0,7,0,500,0.01,0.366,0.25,0.374,5,183,125,187
20500,7,1,8,7,500,0.004,0.002,0.994,0.0,2,1,497,0
20500,7,3,10,0,500,0.0,0.0,1.0,0.0,0,0,500,0
20500,7,4,11,7,500,0.0,0.0,1.0,0.0,0,0,500,0
20500,7,7,14,7,500,0.032,0.104,0.634,0.23,16,52,317,115
20500,7,8,15,14,500,0.006,0.06,0.882,0.052,3,30,441,26
20500,7,9,16,0,500,0.0,0.0,1.0,0.0,0,0,500,0
20500,7,11,18,14,500,0.018,0.04,0.928,0.014,9,20,464,7
20500,7,13,20,7,500,0.0,0.0,1.0,0.0,0,0,500,0
20500,8,0,8,0,500,0.0,0.0,1.0,0.0,0,0,500,0
20500,8,1,9,8,500,0.034,0.0,0.96,0.006,17,0,480,3
20500,8,3,11,3,500,0.014,0.022,0.96,0.004,7,11,480,2
20500,8,5,13,19,500,0.0,0.0,1.0,0.0,0,0,500,0
20500,8,6,14,6,500,0.006,0.002,0.988,0.004,3,1,494,2
20500,8,7,15,14,500,0.014,0.034,0.872,0.08,7,17,436,40
20500,8,9,17,9,500,0.01,0.01,0.98,0.0,5,5,490,0
20500,8,11,19,4,500,0.0,0.0,1.0,0.0,0,0,500,0
20500,8,12,20,12,500,0.002,0.002,0.994,0.002,1,1,497,1
20500,9,4,13,15,500,0.016,0.44,0.334,0.21,8,220,167,105
20500,9,5,14,3,500,0.004,0.0,0.996,0.0,2,0,498,0
20500,9,6,15,12,500,0.008,0.016,0.952,0.024,4,8,476,12
20500,9,7,16,0,500,0.0,0.0,1.0,0.0,0,0,500,0
20500,9,8,17,9,500,0.014,0.014,0.972,0.0,7,7,486,0
20500,9,11,20,15,500,0.01,0.882,0.064,0.044,5,441,32,22
20500,10,0,10,0,500,0.0,0.0,1.0,0.0,0,0,500,0
20500,10,1,11,10,500,0.0,0.0,1.0,0.0,0,0,500,0
20500,10,2,12,20,500,0.004,0.002,0.994,0.0,2,1,497,0
20500,10,4,14,19,500,0.024,0.0,0.976,0.0,12,0,488,0
20500,10,5,15,8,500,0.014,0.002,0.976,0.008,7,1,488,4
20500,10,6,16,18,500,0.012,0.002,0.984,0.002,6,1,492,1
20500,10,7,17,7,500,0.0,0.0,1.0,0.0,0,0,500,0
20500,10,8,18,17,500,0.122,0.0,0.854,0.024,61,0,427,12
20500,10,9,19,6,500,0.0,0.0,1.0,0.0,0,0,500,0
20500,11,0,11,0,500,0.0,0.0,1.0,0.0,0,0,500,0
20500,11,1,12,11,500,0.0,0.002,0.996,0.002,0,1,498,1
20500,11,2,13,1,500,0.05,0.244,0.246,0.46,25,122,123,230
20500,11,6,17,3,500,0.008,0.0,0.992,0.0,4,0,496,0
20500,11,8,19,4,500,0.0,0.0,0.998,0.002,0,0,499,1
20500,11,9,20,15,500,0.038,0.594,0.182,0.186,19,297,91,93
20500,12,0,12,0,500,0.008,0.0,0.992,0.0,4,0,496,0
20500,12,1,13,12,500,0.002,0.002,0.992,0.004,1,1,496,2
20500,12,4,16,6,500,0.002,0.0,0.998,0.0,1,0,499,0
20500,12,5,17,18,500,0.072,0.01,0.908,0.01,36,5,454,5
20500,12,6,18,9,500,0.07,0.036,0.854,0.04,35,18,427,20
20500,12,8,20,12,500,0.002,0.0,0.998,0.0,1,0,499,0
20500,13,1,14,13,500,0.0,0.0,1.0,0.0,0,0,500,0
20500,13,3,16,18,500,0.018,0.0,0.968,0.014,9,0,484,7
20500,13,4,17,10,500,0.004,0.002,0.994,0.0,2,1,497,0
20500,13,5,18,2,500,0.0,0.0,0.998,0.002,0,0,499,1
20500,14,0,14,0,500,0.116,0.052,0.764,0.068,58,26,382,34
20500,14,1,15,14,500,0.044,0.056,0.7,0.2,22,28,350,100
20500,14,2,16,7,500,0.0,0.0,1.0,0.0,0,0,500,0
20500,14,3,17,0,500,0.002,0.004,0.994,0.0,1,2,497,0
20500,14,4,18,14,500,0.048,0.102,0.79,0.06,24,51,395,30
20500,14,5,19,7,500,0.018,0.014,0.952,0.016,9,7,476,8
20500,15,0,15,0,500,0.004,0.0,0.996,0.0,2,0,498,0
20500,15,2,17,9,500,0.088,0.004,0.882,0.026,44,2,441,13
20500,16,0,16,0,500,0.0,0.0,1.0,0.0,0,0,500,0
20500,16,2,18,11,500,0.0,0.0,1.0,0.0,0,0,500,0
20500,16,3,19,6,500,0.0,0.002,0.998,0.0,0,1,499,0
20500,17,0,17,0,500,0.0,0.002,0.998,0.0,0,1,499,0
20500,17,1,18,17,500,0.028,0.008,0.958,0.006,14,4,479,3
20500,17,2,19,13,500,0.0,0.0,1.0,0.0,0,0,500,0
20500,17,3,20,9,500,0.002,0.01,0.988,0.0,1,5,494,0
20500,18,0,18,0,500,0.002,0.0,0.998,0.0,1,0,499,0
20500,18,2,20,15,500,0.334,0.142,0.178,0.346,167,71,89,173
20500,19,0,19,0,500,0.0,0.0,1.0,0.0,0,0,500,0
20500,19,1,20,19,500,0.096,0.02,0.838,0.046,48,10,419,23
20500,20,0,20,0,500,0.0,0.0,1.0,0.0,0,0,500,0
21000,0,2,2,0,500,0.0,0.0,0.998,0.002,0,0,499,1
21000,0,5,5,0,500,0.0,0.0,1.0,0.0,0,0,500,0
21000,0,6,6,0,500,0.004,0.004,0.978,0.014,2,2,489,7
21000,0,7,7,0,500,0.01,0.394,0.21,0.386,5,197,105,193
21000,0,8,8,0,500,0.004,0.0,0.996,0.0,2,0,498,0
21000,0,10,10,0,500,0.0,0.0,1.0,0.0,0,0,500,0
21000,0,11,11,0,500,0.0,0.0,1.0,0.0,0,0,500,0
21000,0,14,14,0,500,0.056,0.082,0.792,0.07,28,41,396,35
21000,0,15,15,0,500,0.002,0.002,0.996,0.0,1,1,498,0
21000,0,16,16,0,500,0.0,0.0,1.0,0.0,0,0,500,0
21000,0,20,20,0,500,0.0,0.0,1.0,0.0,0,0,500,0
21000,1,0,1,0,500,0.0,0.0,1.0,0.0,0,0,500,0
21000,1,1,2,1,500,0.006,0.386,0.346,0.262,3,193,173,131
21000,1,3,4,3,500,0.12,0.196,0.342,0.342,60,98,171,171
21000,1,4,5,4,500,0.004,0.0,0.996,0.0,2,0,498,0
21000,1,5,6,5,500,0.056,0.018,0.44,0.486,28,9,220,243
21000,1,7,8,7,500,0.0,0.0,1.0,0.0,0,0,500,0
21000,1,8,9,8,500,0.044,0.0,0.95,0.006,22,0,475,3
21000,1,9,10,9,500,0.0,0.01,0.99,0.0,0,5,495,0
21000,1,11,12,11,500,0.004,0.0,0.996,0.0,2,0,498,0
21000,1,13,14,13,500,0.002,0.002,0.996,0.0,1,1,498,0
21000,1,14,15,14,500,0.028,0.066,0.694,0.212,14,33,347,106
21000,1,18,19,18,500,0.288,0.032,0.512,0.168,144,16,256,84
21000,1,19,20,19,500,0.012,0.044,0.908,0.036,6,22,454,18
21000,2,3,5,6,500,0.048,0.056,0.558,0.338,24,28,279,169
21000,2,8,10,16,500,0.164,0.004,0.382,0.45,82,2,191,225
21000,2,10,12,20,500,0.0,0.0,1.0,0.0,0,0,500,0
21000,2,11,13,1,500,0.084,0.136,0.278,0.502,42,68,139,251
21000,2,12,14,3,500,0.004,0.002,0.994,0.0,2,1,497,0
21000,2,14,16,7,500,0.0,0.0,1.0,0.0,0,0,500,0
21000,2,15,17,9,500,0.076,0.018,0.872,0.034,38,9,436,17
21000,2,18,20,15,500,0.402,0.062,0.18,0.356,201,31,90,178
21000,3,0,3,0,500,0.002,0.012,0.986,0.0,1,6,493,0
21000,3,2,5,6,500,0.054,0.05,0.594,0.302,27,25,297,151
21000,3,4,7,12,500,0.076,0.02,0.896,0.008,38,10,448,4
21000,3,5,8,15,500,0.02,0.008,0.964,0.008,10,4,482,4
21000,3,6,9,18,500,0.112,0.054,0.752,0.082,56,27,376,41
21000,3,7,10,0,500,0.0,0.0,1.0,0.0,0,0,500,0
21000,3,8,11,3,500,0.01,0.008,0.98,0.002,5,4,490,1
21000,3,9,12,6,500,0.002,0.006,0.99,0.002,1,3,495,1
21000,3,10,13,9,500,0.0,0.004,0.996,0.0,0,2,498,0
21000,3,13,16,18,500,0.02,0.002,0.968,0.01,10,1,484,5
21000,3,14,17,0,500,0.0,0.0,1.0,0.0,0,0,500,0
21000,3,15,18,3,500,0.6,0.066,0.22,0.114,300,33,110,57
21000,3,16,19,6,500,0.0,0.004,0.996,0.0,0,2,498,0
21000,3,17,20,9,500,0.004,0.008,0.986,0.002,2,4,493,1
21000,4,0,4,0,500,0.0,0.0,1.0,0.0,0,0,500,0
21000,4,2,6,8,500,0.012,0.0,0.984,0.004,6,0,492,2
21000,4,5,9,20,500,0.0,0.002,0.998,0.0,0,1,499,0
21000,4,6,10,3,500,0.172,0.12,0.588,0.12,86,60,294,60
21000,4,7,11,7,500,0.0,0.0,1.0,0.0,0,0,500,0
21000,4,8,12,11,500,0.016,0.006,0.976,0.002,8,3,488,1
21000,4,9,13,15,500,0.018,0.418,0.292,0.272,9,209,146,136
21000,4,10,14,19,500,0.01,0.004,0.986,0.0,5,2,493,0
21000,4,11,15,2,500,0.004,0.006,0.986,0.004,2,3,493,2
21000,4,12,16,6,500,0.0,0.0,0.998,0.002,0,0,499,1
21000,4,13,17,10,500,0.006,0.002,0.992,0.0,3,1,496,0
21000,4,14,18,14,500,0.01,0.02,0.962,0.008,5,10,481,4
21000,4,16,20,1,500,0.0,0.0,1.0,0.0,0,0,500,0
21000,5,0,5,0,500,0.0,0.0,1.0,0.0,0,0,500,0
21000,5,2,7,10,500,0.0,0.0,1.0,0.0,0,0,500,0
21000,5,3,8,15,500,0.02,0.008,0.958,0.014,10,4,479,7
21000,5,4,9,20,500,0.0,0.004,0.996,0.0,0,2,498,0
21000,5,5,10,4,500,0.01,0.016,0.97,0.004,5,8,485,2
21000,5,7,12,14,500,0.034,0.05,0.9,0.016,17,25,450,8
21000,5,9,14,3,500,0.008,0.002,0.99,0.0,4,1,495,0
21000,5,10,15,8,500,0.022,0.0,0.962,0.016,11,0,481,8
21000,5,11,16,13,500,0.004,0.002,0.99,0.004,2,1,495,2
21000,5,12,17,18,500,0.066,0.01,0.908,0.016,33,5,454,8
21000,5,14,19,7,500,0.012,0.08,0.866,0.042,6,40,433,21
21000,5,15,20,12,500,0.006,0.004,0.988,0.002,3,2,494,1
21000,6,1,7,6,500,0.0,0.0,0.998,0.002,0,0,499,1
21000,6,2,8,12,500,0.064,0.006,0.924,0.006,32,3,462,3
21000,6,6,12,15,500,0.01,0.01,0.97,0.01,5,5,485,5
21000,6,8,14,6,500,0.01,0.0,0.986,0.004,5,0,493,2
21000,6,9,15,12,500,0.01,0.014,0.964,0.012,5,7,482,6
21000,6,12,18,9,500,0.078,0.096,0.784,0.042,39,48,392,21
21000,6,13,19,15,500,0.022,0.008,0.97,0.0,11,4,485,0
21000,7,0,7,0,500,0.008,0.346,0.242,0.404,4,173,121,202
21000,7,1,8,7,500,0.006,0.0,0.994,0.0,3,0,497,0
21000,7,3,10,0,500,0.0,0.002,0.998,0.0,0,1,499,0
21000,7,4,11,7,500,0.0,0.0,1.0,0.0,0,0,500,0
21000,7,7,14,7,500,0.022,0.098,0.736,0.144,11,49,368,72
21000,7,8,15,14,500,0.004,0.072,0.806,0.118,2,36,403,59
21000,7,9,16,0,500,0.0,0.0,1.0,0.0,0,0,500,0
21000,7,11,18,14,500,0.02,0.078,0.898,0.004,10,39,449,2
21000,7,13,20,7,500,0.0,0.002,0.998,0.0,0,1,499,0
21000,8,0,8,0,500,0.0,0.0,1.0,0.0,0,0,500,0
21000,8,1,9,8,500,0.05,0.002,0.938,0.01,25,1,469,5
21000,8,3,11,3,500,0.026,0.008,0.956,0.01,13,4,478,5
21000,8,5,13,19,500,0.0,0.0,1.0,0.0,0,0,500,0
21000,8,6,14,6,500,0.016,0.01,0.966,0.008,8,5,483,4
21000,8,7,15,14,500,0.01,0.046,0.89,0.054,5,23,445,27
21000,8,9,17,9,500,0.008,0.004,0.988,0.0,4,2,494,0
21000,8,11,19,4,500,0.0,0.0,1.0,0.0,0,0,500,0
21000,8,12,20,12,500,0.002,0.002,0.996,0.0,1,1,498,0
21000,9,4,13,15,500,0.01,0.474,0.28,0.236,5,237,140,118
21000,9,5,14,3,500,0.002,0.0,0.998,0.0,1,0,499,0
21000,9,6,15,12,500,0.012,0.01,0.962,0.016,6,5,481,8
21000,9,7,16,0,500,0.0,0.0,1.0,0.0,0,0,500,0
21000,9,8,17,9,500,0.012,0.006,0.982,0.0,6,3,491,0
21000,9,11,20,15,500,0.018,0.814,0.084,0.084,9,407,42,42
21000,10,0,10,0,500,0.0,0.0,1.0,0.0,0,0,500,0
21000,10,1,11,10,500,0.002,0.002,0.996,0.0,1,1,498,0
21000,10,2,12,20,500,0.006,0.002,0.992,0.0,3,1,496,0
21000,10,4,14,19,500,0.012,0.004,0.984,0.0,6,2,492,0
21000,10,5,15,8,500,0.014,0.002,0.978,0.006,7,1,489,3
21000,10,6,16,18,500,0.004,0.006,0.988,0.002,2,3,494,1
21000,10,7,17,7,500,0.0,0.0,1.0,0.0,0,0,500,0
21000,10,8,18,17,500,0.118,0.004,0.84,0.038,59,2,420,19
21000,10,9,19,6,500,0.0,0.0,1.0,0.0,0,0,500,0
21000,11,0,11,0,500,0.0,0.0,1.0,0.0,0,0,500,0
21000,11,1,12,11,500,0.004,0.0,0.996,0.0,2,0,498,0
21000,11,2,13,1,500,0.068,0.194,0.264,0.474,34,97,132,237
21000,11,6,17,3,500,0.006,0.002,0.988,0.004,3,1,494,2
21000,11,8,19,4,500,0.0,0.0,1.0,0.0,0,0,500,0
21000,11,9,20,15,500,0.122,0.402,0.236,0.24,61,201,118,120
21000,12,0,12,0,500,0.0,0.0,1.0,0.0,0,0,500,0
21000,12,1,13,12,500,0.006,0.008,0.986,0.0,3,4,493,0
21000,12,4,16,6,500,0.002,0.0,0.998,0.0,1,0,499,0
21000,12,5,17,18,500,0.062,0.012,0.912,0.014,31,6,456,7
21000,12,6,18,9,500,0.106,0.07,0.76,0.064,53,35,380,32
21000,12,8,20,12,500,0.0,0.002,0.998,0.0,0,1,499,0
21000,13,1,14,13,500,0.0,0.002,0.998,0.0,0,1,499,0
21000,13,3,16,18,500,0.014,0.004,0.974,0.008,7,2,487,4
21000,13,4,17,10,500,0.006,0.006,0.988,0.0,3,3,494,0
21000,13,5,18,2,500,0.0,0.002,0.998,0.0,0,1,499,0
21000,14,0,14,0,500,0.108,0.08,0.758,0.054,54,40,379,27
21000,14,1,15,14,500,0.042,0.048,0.536,0.374,21,24,268,187
21000,14,2,16,7,500,0.0,0.0,1.0,0.0,0,0,500,0
21000,14,3,17,0,500,0.0,0.002,0.998,0.0,0,1,499,0
21000,14,4,18,14,500,0.014,0.05,0.914,0.022,7,25,457,11
21000,14,5,19,7,500,0.012,0.036,0.896,0.056,6,18,448,28
21000,15,0,15,0,500,0.004,0.002,0.994,0.0,2,1,497,0
21000,15,2,17,9,500,0.152,0.02,0.79,0.038,76,10,395,19
21000,16,0,16,0,500,0.0,0.0,1.0,0.0,0,0,500,0
21000,16,2,18,11,500,0.0,0.0,1.0,0.0,0,0,500,0
21000,16,3,19,6,500,0.0,0.002,0.998,0.0,0,1,499,0
21000,17,0,17,0,500,0.0,0.0,1.0,0.0,0,0,500,0
21000,17,1,18,17,500,0.054,0.01,0.922,0.014,27,5,461,7
21000,17,2,19,13,500,0.0,0.0,1.0,0.0,0,0,500,0
21000,17,3,20,9,500,0.01,0.01,0.98,0.0,5,5,490,0
21000,18,0,18,0,500,0.0,0.0,1.0,0.0,0,0,500,0
21000,18,2,20,15,500,0.514,0.028,0.16,0.298,257,14,80,149
21000,19,0,19,0,500,0.0,0.0,1.0,0.0,0,0,500,0
21000,19,1,20,19,500,0.092,0.054,0.8,0.054,46,27,400,27
21000,20,0,20,0,500,0.0,0.0,1.0,0.0,0,0,500,0
21500,0,2,2,0,500,0.0,0.0,1.0,0.0,0,0,500,0
21500,0,5,5,0,500,0.0,0.0,1.0,0.0,0,0,500,0
21500,0,6,6,0,500,0.004,0.002,0.984,0.01,2,1,492,5
21500,0,7,7,0,500,0.016,0.374,0.28,0.33,8,187,140,165
21500,0,8,8,0,500,0.0,0.0,1.0,0.0,0,0,500,0
21500,0,10,10,0,500,0.0,0.0,1.0,0.0,0,0,500,0
21500,0,11,11,0,500,0.0,0.0,1.0,0.0,0,0,500,0
21500,0,14,14,0,500,0.124,0.076,0.732,0.068,62,38,366,34
21500,0,15,15,0,500,0.01,0.0,0.99,0.0,5,0,495,0
21500,0,16,16,0,500,0.0,0.0,1.0,0.0,0,0,500,0
21500,0,20,20,0,500,0.0,0.0,1.0,0.0,0,0,500,0
21500,1,0,1,0,500,0.0,0.0,1.0,0.0,0,0,500,0
21500,1,1,2,1,500,0.002,0.71,0.112,0.176,1,355,56,88
21500,1,3,4,3,500,0.108,0.226,0.318,0.348,54,113,159,174
21500,1,4,5,4,500,0.008,0.002,0.99,0.0,4,1,495,0
21500,1,5,6,5,500,0.05,0.018,0.406,0.526,25,9,203,263
21500,1,7,8,7,500,0.0,0.0,1.0,0.0,0,0,500,0
21500,1,8,9,8,500,0.022,0.002,0.976,0.0,11,1,488,0
21500,1,9,10,9,500,0.004,0.01,0.986,0.0,2,5,493,0
21500,1,11,12,11,500,0.002,0.0,0.998,0.0,1,0,499,0
21500,1,13,14,13,500,0.006,0.0,0.994,0.0,3,0,497,0
21500,1,14,15,14,500,0.028,0.07,0.552,0.35,14,35,276,175
21500,1,18,19,18,500,0.27,0.014,0.548,0.168,135,7,274,84
21500,1,19,20,19,500,0.098,0.038,0.8,0.064,49,19,400,32
21500,2,3,5,6,500,0.048,0.078,0.466,0.408,24,39,233,204
21500,2,8,10,16,500,0.122,0.006,0.462,0.41,61,3,231,205
21500,2,10,12,20,500,0.0,0.002,0.998,0.0,0,1,499,0
21500,2,11,13,1,500,0.09,0.138,0.294,0.478,45,69,147,239
21500,2,12,14,3,500,0.002,0.002,0.996,0.0,1,1,498,0
21500,2,14,16,7,500,0.0,0.0,1.0,0.0,0,0,500,0
21500,2,15,17,9,500,0.108,0.01,0.86,0.022,54,5,430,11
21500,2,18,20,15,500,0.228,0.13,0.214,0.428,114,65,107,214
21500,3,0,3,0,500,0.002,0.004,0.994,0.0,1,2,497,0
21500,3,2,5,6,500,0.058,0.094,0.424,0.424,29,47,212,212
21500,3,4,7,12,500,0.104,0.018,0.858,0.02,52,9,429,10
21500,3,5,8,15,500,0.004,0.0,0.986,0.01,2,0,493,5
21500,3,6,9,18,500,0.168,0.02,0.754,0.058,84,10,377,29
21500,3,7,10,0,500,0.0,0.0,1.0,0.0,0,0,500,0
21500,3,8,11,3,500,0.016,0.024,0.956,0.004,8,12,478,2
21500,3,9,12,6,500,0.006,0.008,0.984,0.002,3,4,492,1
21500,3,10,13,9,500,0.0,0.004,0.994,0.002,0,2,497,1
21500,3,13,16,18,500,0.032,0.01,0.946,0.012,16,5,473,6
21500,3,14,17,0,500,0.0,0.0,1.0,0.0,0,0,500,0
21500,3,15,18,3,500,0.67,0.024,0.208,0.098,335,12,104,49
21500,3,16,19,6,500,0.0,0.0,1.0,0.0,0,0,500,0
21500,3,17,20,9,500,0.002,0.01,0.986,0.002,1,5,493,1
21500,4,0,4,0,500,0.0,0.0,1.0,0.0,0,0,500,0
21500,4,2,6,8,500,0.032,0.024,0.93,0.014,16,12,465,7
21500,4,5,9,20,500,0.002,0.004,0.994,0.0,1,2,497,0
21500,4,6,10,3,500,0.084,0.09,0.712,0.114,42,45,356,57
21500,4,7,11,7,500,0.0,0.0,1.0,0.0,0,0,500,0
21500,4,8,12,11,500,0.018,0.012,0.958,0.012,9,6,479,6
21500,4,9,13,15,500,0.016,0.268,0.426,0.29,8,134,213,145
21500,4,10,14,19,500,0.032,0.01,0.956,0.002,16,5,478,1
21500,4,11,15,2,500,0.004,0.004,0.984,0.008,2,2,492,4
21500,4,12,16,6,500,0.0,0.002,0.998,0.0,0,1,499,0
21500,4,13,17,10,500,0.002,0.0,0.998,0.0,1,0,499,0
21500,4,14,18,14,500,0.014,0.032,0.948,0.006,7,16,474,3
21500,4,16,20,1,500,0.0,0.0,1.0,0.0,0,0,500,0
21500,5,0,5,0,500,0.0,0.0,1.0,0.0,0,0,500,0
21500,5,2,7,10,500,0.0,0.0,1.0,0.0,0,0,500,0
21500,5,3,8,15,500,0.012,0.004,0.968,0.016,6,2,484,8
21500,5,4,9,20,500,0.0,0.002,0.998,0.0,0,1,499,0
21500,5,5,10,4,500,0.118,0.056,0.758,0.068,59,28,379,34
21500,5,7,12,14,500,0.09,0.016,0.864,0.03,45,8,432,15
21500,5,9,14,3,500,0.002,0.004,0.994,0.0,1,2,497,0
21500,5,10,15,8,500,0.006,0.0,0.99,0.004,3,0,495,2
21500,5,11,16,13,500,0.004,0.0,0.994,0.002,2,0,497,1
21500,5,12,17,18,500,0.076,0.008,0.894,0.022,38,4,447,11
21500,5,14,19,7,500,0.044,0.07,0.816,0.07,22,35,408,35
21500,5,15,20,12,500,0.006,0.018,0.974,0.002,3,9,487,1
21500,6,1,7,6,500,0.006,0.0,0.992,0.002,3,0,496,1
21500,6,2,8,12,500,0.05,0.0,0.95,0.0,25,0,475,0
21500,6,6,12,15,500,0.014,0.01,0.97,0.006,7,5,485,3
21500,6,8,14,6,500,0.014,0.0,0.976,0.01,7,0,488,5
21500,6,9,15,12,500,0.018,0.012,0.946,0.024,9,6,473,12
21500,6,12,18,9,500,0.098,0.044,0.782,0.076,49,22,391,38
21500,6,13,19,15,500,0.014,0.006,0.978,0.002,7,3,489,1
21500,7,0,7,0,500,0.028,0.366,0.264,0.342,14,183,132,171
21500,7,1,8,7,500,0.002,0.002,0.996,0.0,1,1,498,0
21500,7,3,10,0,500,0.0,0.0,1.0,0.0,0,0,500,0
21500,7,4,11,7,500,0.0,0.0,1.0,0.0,0,0,500,0
21500,7,7,14,7,500,0.008,0.046,0.888,0.058,4,23,444,29
21500,7,8,15,14,500,0.0,0.092,0.862,0.046,0,46,431,23
21500,7,9,16,0,500,0.0,0.0,1.0,0.0,0,0,500,0
21500,7,11,18,14,500,0.022,0.032,0.938,0.008,11,16,469,4
21500,7,13,20,7,500,0.002,0.0,0.996,0.002,1,0,498,1
21500,8,0,8,0,500,0.0,0.0,1.0,0.0,0,0,500,0
21500,8,1,9,8,500,0.046,0.0,0.954,0.0,23,0,477,0
21500,8,3,11,3,500,0.02,0.012,0.958,0.01,10,6,479,5
21500,8,5,13,19,500,0.0,0.0,1.0,0.0,0,0,500,0
21500,8,6,14,6,500,0.016,0.004,0.974,0.006,8,2,487,3
21500,8,7,15,14,500,0.002,0.064,0.894,0.04,1,32,447,20
21500,8,9,17,9,500,0.004,0.004,0.992,0.0,2,2,496,0
21500,8,11,19,4,500,0.0,0.002,0.998,0.0,0,1,499,0
21500,8,12,20,12,500,0.002,0.006,0.992,0.0,1,3,496,0
21500,9,4,13,15,500,0.014,0.386,0.378,0.222,7,193,189,111
21500,9,5,14,3,500,0.002,0.006,0.992,0.0,1,3,496,0
21500,9,6,15,12,500,0.024,0.018,0.932,0.026,12,9,466,13
21500,9,7,16,0,500,0.0,0.0,1.0,0.0,0,0,500,0
21500,9,8,17,9,500,0.016,0.01,0.974,0.0,8,5,487,0
21500,9,11,20,15,500,0.008,0.838,0.054,0.1,4,419,27,50
21500,10,0,10,0,500,0.0,0.0,1.0,0.0,0,0,500,0
21500,10,1,11,10,500,0.002,0.0,0.996,0.002,1,0,498,1
21500,10,2,12,20,500,0.008,0.0,0.992,0.0,4,0,496,0
21500,10,4,14,19,500,0.034,0.014,0.948,0.004,17,7,474,2
21500,10,5,15,8,500,0.004,0.0,0.99,0.006,2,0,495,3
21500,10,6,16,18,500,0.01,0.004,0.984,0.002,5,2,492,1
21500,10,7,17,7,500,0.0,0.0,1.0,0.0,0,0,500,0
21500,10,8,18,17,500,0.102,0.008,0.868,0.022,51,4,434,11
21500,10,9,19,6,500,0.0,0.0,1.0,0.0,0,0,500,0
21500,11,0,11,0,500,0.0,0.0,1.0,0.0,0,0,500,0
21500,11,1,12,11,500,0.0,0.0,0.998,0.002,0,0,499,1
21500,11,2,13,1,500,0.038,0.28,0.242,0.44,19,140,121,220
21500,11,6,17,3,500,0.01,0.002,0.982,0.006,5,1,491,3
21500,11,8,19,4,500,0.0,0.002,0.998,0.0,0,1,499,0
21500,11,9,20,15,500,0.046,0.586,0.188,0.18,23,293,94,90
21500,12,0,12,0,500,0.004,0.0,0.996,0.0,2,0,498,0
21500,12,1,13,12,500,0.002,0.002,0.994,0.002,1,1,497,1
21500,12,4,16,6,500,0.002,0.008,0.99,0.0,1,4,495,0
21500,12,5,17,18,500,0.038,0.004,0.948,0.01,19,2,474,5
21500,12,6,18,9,500,0.152,0.038,0.732,0.078,76,19,366,39
21500,12,8,20,12,500,0.002,0.006,0.992,0.0,1,3,496,0
21500,13,1,14,13,500,0.0,0.0,1.0,0.0,0,0,500,0
21500,13,3,16,18,500,0.03,0.004,0.956,0.01,15,2,478,5
21500,13,4,17,10,500,0.01,0.0,0.99,0.0,5,0,495,0
21500,13,5,18,2,500,0.0,0.008,0.988,0.004,0,4,494,2
21500,14,0,14,0,500,0.082,0.074,0.782,0.062,41,37,391,31
21500,14,1,15,14,500,0.008,0.076,0.57,0.346,4,38,285,173
21500,14,2,16,7,500,0.0,0.0,1.0,0.0,0,0,500,0
21500,14,3,17,0,500,0.0,0.0,1.0,0.0,0,0,500,0
21500,14,4,18,14,500,0.016,0.082,0.88,0.022,8,41,440,11
21500,14,5,19,7,500,0.028,0.044,0.868,0.06,14,22,434,30
21500,15,0,15,0,500,0.004,0.0,0.996,0.0,2,0,498,0
21500,15,2,17,9,500,0.14,0.01,0.828,0.022,70,5,414,11
21500,16,0,16,0,500,0.0,0.0,1.0,0.0,0,0,500,0
21500,16,2,18,11,500,0.0,0.0,1.0,0.0,0,0,500,0
21500,16,3,19,6,500,0.0,0.002,0.998,0.0,0,1,499,0
21500,17,0,17,0,500,0.0,0.0,1.0,0.0,0,0,500,0
21500,17,1,18,17,500,0.036,0.006,0.958,0.0,18,3,479,0
21500,17,2,19,13,500,0.0,0.0,1.0,0.0,0,0,500,0
21500,17,3,20,9,500,0.008,0.004,0.986,0.002,4,2,493,1
21500,18,0,18,0,500,0.004,0.0,0.996,0.0,2,0,498,0
21500,18,2,20,15,500,0.204,0.128,0.242,0.426,102,64,121,213
21500,19,0,19,0,500,0.0,0.0,1.0,0.0,0,0,500,0
21500,19,1,20,19,500,0.13,0.04,0.732,0.098,65,20,366,49
21500,20,0,20,0,500,0.0,0.0,1.0,0.0,0,0,500,0
22000,0,2,2,0,500,0.0,0.0,1.0,0.0,0,0,500,0
22000,0,5,5,0,500,0.0,0.0,1.0,0.0,0,0,500,0
22000,0,6,6,0,500,0.004,0.0,0.988,0.008,2,0,494,4
22000,0,7,7,0,500,0.002,0.416,0.234,0.348,1,208,117,174
22000,0,8,8,0,500,0.0,0.0,1.0,0.0,0,0,500,0
22000,0,10,10,0,500,0.0,0.0,1.0,0.0,0,0,500,0
22000,0,11,11,0,500,0.0,0.0,1.0,0.0,0,0,500,0
22000,0,14,14,0,500,0.08,0.082,0.708,0.13,40,41,354,65
22000,0,15,15,0,500,0.002,0.002,0.996,0.0,1,1,498,0
22000,0,16,16,0,500,0.0,0.0,1.0,0.0,0,0,500,0
22000,0,20,20,0,500,0.0,0.0,1.0,0.0,0,0,500,0
22000,1,0,1,0,500,0.0,0.0,1.0,0.0,0,0,500,0
22000,1,1,2,1,500,0.004,0.434,0.242,0.32,2,217,121,160
22000,1,3,4,3,500,0.1,0.258,0.352,0.29,50,129,176,145
22000,1,4,5,4,500,0.006,0.0,0.994,0.0,3,0,497,0
22000,1,5,6,5,500,0.03,0.01,0.604,0.356,15,5,302,178
22000,1,7,8,7,500,0.0,0.0,1.0,0.0,0,0,500,0
22000,1,8,9,8,500,0.046,0.01,0.928,0.016,23,5,464,8
22000,1,9,10,9,500,0.002,0.006,0.992,0.0,1,3,496,0
22000,1,11,12,11,500,0.0,0.004,0.996,0.0,0,2,498,0
22000,1,13,14,13,500,0.002,0.0,0.996,0.002,1,0,498,1
22000,1,14,15,14,500,0.008,0.068,0.622,0.302,4,34,311,151
22000,1,18,19,18,500,0.152,0.044,0.696,0.108,76,22,348,54
22000,1,19,20,19,500,0.08,0.022,0.844,0.054,40,11,422,27
22000,2,3,5,6,500,0.052,0.09,0.576,0.282,26,45,288,141
22000,2,8,10,16,500,0.154,0.014,0.336,0.496,77,7,168,248
22000,2,10,12,20,500,0.002,0.0,0.998,0.0,1,0,499,0
22000,2,11,13,1,500,0.074,0.144,0.284,0.498,37,72,142,249
22000,2,12,14,3,500,0.0,0.002,0.998,0.0,0,1,499,0
22000,2,14,16,7,500,0.0,0.0,1.0,0.0,0,0,500,0
22000,2,15,17,9,500,0.166,0.01,0.802,0.022,83,5,401,11
22000,2,18,20,15,500,0.272,0.156,0.236,0.336,136,78,118,168
22000,3,0,3,0,500,0.002,0.006,0.992,0.0,1,3,496,0
22000,3,2,5,6,500,0.028,0.078,0.632,0.262,14,39,316,131
22000,3,4,7,12,500,0.084,0.022,0.862,0.032,42,11,431,16
22000,3,5,8,15,500,0.018,0.002,0.964,0.016,9,1,482,8
22000,3,6,9,18,500,0.13,0.02,0.804,0.046,65,10,402,23
22000,3,7,10,0,500,0.0,0.0,1.0,0.0,0,0,500,0
22000,3,8,11,3,500,0.004,0.034,0.956,0.006,2,17,478,3
22000,3,9,12,6,500,0.004,0.012,0.98,0.004,2,6,490,2
22000,3,10,13,9,500,0.0,0.0,1.0,0.0,0,0,500,0
22000,3,13,16,18,500,0.016,0.004,0.972,0.008,8,2,486,4
22000,3,14,17,0,500,0.0,0.004,0.996,0.0,0,2,498,0
22000,3,15,18,3,500,0.64,0.044,0.25,0.066,320,22,125,33
22000,3,16,19,6,500,0.0,0.0,1.0,0.0,0,0,500,0
22000,3,17,20,9,500,0.008,0.012,0.98,0.0,4,6,490,0
22000,4,0,4,0,500,0.0,0.0,1.0,0.0,0,0,500,0
22000,4,2,6,8,500,0.038,0.086,0.858,0.018,19,43,429,9
22000,4,5,9,20,500,0.004,0.004,0.99,0.002,2,2,495,1
22000,4,6,10,3,500,0.102,0.166,0.634,0.098,51,83,317,49
22000,4,7,11,7,500,0.0,0.0,1.0,0.0,0,0,500,0
22000,4,8,12,11,500,0.01,0.012,0.976,0.002,5,6,488,1
22000,4,9,13,15,500,0.03,0.252,0.452,0.266,15,126,226,133
22000,4,10,14,19,500,0.022,0.028,0.95,0.0,11,14,475,0
22000,4,11,15,2,500,0.002,0.0,0.986,0.012,1,0,493,6
22000,4,12,16,6,500,0.004,0.0,0.992,0.004,2,0,496,2
22000,4,13,17,10,500,0.002,0.0,0.998,0.0,1,0,499,0
22000,4,14,18,14,500,0.012,0.028,0.952,0.008,6,14,476,4
22000,4,16,20,1,500,0.0,0.0,1.0,0.0,0,0,500,0
22000,5,0,5,0,500,0.0,0.0,1.0,0.0,0,0,500,0
22000,5,2,7,10,500,0.0,0.0,1.0,0.0,0,0,500,0
22000,5,3,8,15,500,0.016,0.004,0.956,0.024,8,2,478,12
22000,5,4,9,20,500,0.0,0.01,0.99,0.0,0,5,495,0
22000,5,5,10,4,500,0.008,0.01,0.98,0.002,4,5,490,1
22000,5,7,12,14,500,0.024,0.048,0.914,0.014,12,24,457,7
22000,5,9,14,3,500,0.004,0.002,0.994,0.0,2,1,497,0
22000,5,10,15,8,500,0.02,0.006,0.952,0.022,10,3,476,11
22000,5,11,16,13,500,0.002,0.0,0.998,0.0,1,0,499,0
22000,5,12,17,18,500,0.09,0.016,0.89,0.004,45,8,445,2
22000,5,14,19,7,500,0.044,0.058,0.856,0.042,22,29,428,21
22000,5,15,20,12,500,0.004,0.006,0.99,0.0,2,3,495,0
22000,6,1,7,6,500,0.0,0.0,1.0,0.0,0,0,500,0
22000,6,2,8,12,500,0.078,0.004,0.9,0.018,39,2,450,9
22000,6,6,12,15,500,0.016,0.006,0.958,0.02,8,3,479,10
22000,6,8,14,6,500,0.008,0.002,0.982,0.008,4,1,491,4
22000,6,9,15,12,500,0.012,0.012,0.964,0.012,6,6,482,6
22000,6,12,18,9,500,0.11,0.034,0.8,0.056,55,17,400,28
22000,6,13,19,15,500,0.012,0.006,0.98,0.002,6,3,490,1
22000,7,0,7,0,500,0.01,0.372,0.244,0.374,5,186,122,187
22000,7,1,8,7,500,0.0,0.0,1.0,0.0,0,0,500,0
22000,7,3,10,0,500,0.0,0.0,1.0,0.0,0,0,500,0
22000,7,4,11,7,500,0.0,0.0,1.0,0.0,0,0,500,0
22000,7,7,14,7,500,0.002,0.058,0.888,0.052,1,29,444,26
22000,7,8,15,14,500,0.002,0.084,0.83,0.084,1,42,415,42
22000,7,9,16,0,500,0.0,0.0,1.0,0.0,0,0,500,0
22000,7,11,18,14,500,0.016,0.056,0.912,0.016,8,28,456,8
22000,7,13,20,7,500,0.0,0.002,0.998,0.0,0,1,499,0
22000,8,0,8,0,500,0.0,0.0,1.0,0.0,0,0,500,0
22000,8,1,9,8,500,0.08,0.006,0.892,0.022,40,3,446,11
22000,8,3,11,3,500,0.036,0.026,0.884,0.054,18,13,442,27
22000,8,5,13,19,500,0.0,0.0,1.0,0.0,0,0,500,0
22000,8,6,14,6,500,0.008,0.0,0.984,0.008,4,0,492,4
22000,8,7,15,14,500,0.0,0.064,0.86,0.076,0,32,430,38
22000,8,9,17,9,500,0.006,0.008,0.986,0.0,3,4,493,0
22000,8,11,19,4,500,0.0,0.0,0.998,0.002,0,0,499,1
22000,8,12,20,12,500,0.0,0.002,0.998,0.0,0,1,499,0
22000,9,4,13,15,500,0.044,0.326,0.416,0.214,22,163,208,107
22000,9,5,14,3,500,0.006,0.004,0.99,0.0,3,2,495,0
22000,9,6,15,12,500,0.008,0.006,0.976,0.01,4,3,488,5
22000,9,7,16,0,500,0.0,0.0,1.0,0.0,0,0,500,0
22000,9,8,17,9,500,0.004,0.008,0.988,0.0,2,4,494,0
22000,9,11,20,15,500,0.006,0.79,0.1,0.104,3,395,50,52
22000,10,0,10,0,500,0.0,0.0,1.0,0.0,0,0,500,0
22000,10,1,11,10,500,0.002,0.002,0.996,0.0,1,1,498,0
22000,10,2,12,20,500,0.008,0.0,0.992,0.0,4,0,496,0
22000,10,4,14,19,500,0.016,0.014,0.97,0.0,8,7,485,0
22000,10,5,15,8,500,0.008,0.002,0.97,0.02,4,1,485,10
22000,10,6,16,18,500,0.006,0.0,0.992,0.002,3,0,496,1
22000,10,7,17,7,500,0.0,0.0,1.0,0.0,0,0,500,0
22000,10,8,18,17,500,0.074,0.002,0.914,0.01,37,1,457,5
22000,10,9,19,6,500,0.0,0.0,1.0,0.0,0,0,500,0
22000,11,0,11,0,500,0.0,0.0,1.0,0.0,0,0,500,0
22000,11,1,12,11,500,0.004,0.0,0.996,0.0,2,0,498,0
22000,11,2,13,1,500,0.036,0.23,0.254,0.48,18,115,127,240
22000,11,6,17,3,500,0.01,0.002,0.986,0.002,5,1,493,1
22000,11,8,19,4,500,0.0,0.0,1.0,0.0,0,0,500,0
22000,11,9,20,15,500,0.076,0.516,0.208,0.2,38,258,104,100
22000,12,0,12,0,500,0.004,0.002,0.994,0.0,2,1,497,0
22000,12,1,13,12,500,0.004,0.008,0.986,0.002,2,4,493,1
22000,12,4,16,6,500,0.002,0.008,0.99,0.0,1,4,495,0
22000,12,5,17,18,500,0.068,0.02,0.912,0.0,34,10,456,0
22000,12,6,18,9,500,0.114,0.048,0.774,0.064,57,24,387,32
22000,12,8,20,12,500,0.0,0.004,0.996,0.0,0,2,498,0
22000,13,1,14,13,500,0.004,0.0,0.996,0.0,2,0,498,0
22000,13,3,16,18,500,0.018,0.0,0.97,0.012,9,0,485,6
22000,13,4,17,10,500,0.004,0.004,0.992,0.0,2,2,496,0
22000,13,5,18,2,500,0.0,0.002,0.998,0.0,0,1,499,0
22000,14,0,14,0,500,0.096,0.068,0.76,0.076,48,34,380,38
22000,14,1,15,14,500,0.014,0.038,0.662,0.286,7,19,331,143
22000,14,2,16,7,500,0.0,0.0,1.0,0.0,0,0,500,0
22000,14,3,17,0,500,0.002,0.002,0.996,0.0,1,1,498,0
22000,14,4,18,14,500,0.006,0.088,0.9,0.006,3,44,450,3
22000,14,5,19,7,500,0.024,0.048,0.888,0.04,12,24,444,20
22000,15,0,15,0,500,0.012,0.002,0.986,0.0,6,1,493,0
22000,15,2,17,9,500,0.21,0.022,0.744,0.024,105,11,372,12
22000,16,0,16,0,500,0.0,0.0,1.0,0.0,0,0,500,0
22000,16,2,18,11,500,0.0,0.0,1.0,0.0,0,0,500,0
22000,16,3,19,6,500,0.0,0.0,1.0,0.0,0,0,500,0
22000,17,0,17,0,500,0.0,0.0,1.0,0.0,0,0,500,0
22000,17,1,18,17,500,0.05,0.008,0.938,0.004,25,4,469,2
22000,17,2,19,13,500,0.0,0.0,1.0,0.0,0,0,500,0
22000,17,3,20,9,500,0.0,0.002,0.998,0.0,0,1,499,0
22000,18,0,18,0,500,0.002,0.002,0.996,0.0,1,1,498,0
22000,18,2,20,15,500,0.266,0.12,0.204,0.41,133,60,102,205
22000,19,0,19,0,500,0.0,0.0,1.0,0.0,0,0,500,0
22000,19,1,20,19,500,0.138,0.018,0.788,0.056,69,9,394,28
22000,20,0,20,0,500,0.0,0.0,1.0,0.0,0,0,500,0
22500,0,2,2,0,500,0.0,0.0,1.0,0.0,0,0,500,0
22500,0,5,5,0,500,0.0,0.0,1.0,0.0,0,0,500,0
22500,0,6,6,0,500,0.002,0.008,0.98,0.01,1,4,490,5
22500,0,7,7,0,500,0.024,0.362,0.274,0.34,12,181,137,170
22500,0,8,8,0,500,0.002,0.0,0.998,0.0,1,0,499,0
22500,0,10,10,0,500,0.0,0.0,1.0,0.0,0,0,500,0
22500,0,11,11,0,500,0.0,0.0,1.0,0.0,0,0,500,0
22500,0,14,14,0,500,0.178,0.044,0.74,0.038,89,22,370,19
22500,0,15,15,0,500,0.002,0.002,0.996,0.0,1,1,498,0
22500,0,16,16,0,500,0.0,0.0,1.0,0.0,0,0,500,0
22500,0,20,20,0,500,0.0,0.0,1.0,0.0,0,0,500,0
22500,1,0,1,0,500,0.0,0.0,1.0,0.0,0,0,500,0
22500,1,1,2,1,500,0.034,0.328,0.35,0.288,17,164,175,144
22500,1,3,4,3,500,0.162,0.142,0.304,0.392,81,71,152,196
22500,1,4,5,4,500,0.004,0.002,0.994,0.0,2,1,497,0
22500,1,5,6,5,500,0.032,0.024,0.494,0.45,16,12,247,225
22500,1,7,8,7,500,0.002,0.0,0.998,0.0,1,0,499,0
22500,1,8,9,8,500,0.038,0.0,0.958,0.004,19,0,479,2
22500,1,9,10,9,500,0.01,0.008,0.982,0.0,5,4,491,0
22500,1,11,12,11,500,0.004,0.0,0.996,0.0,2,0,498,0
22500,1,13,14,13,500,0.0,0.0,1.0,0.0,0,0,500,0
22500,1,14,15,14,500,0.012,0.052,0.636,0.3,6,26,318,150
22500,1,18,19,18,500,0.194,0.076,0.624,0.106,97,38,312,53
22500,1,19,20,19,500,0.016,0.008,0.948,0.028,8,4,474,14
22500,2,3,5,6,500,0.022,0.062,0.598,0.318,11,31,299,159
22500,2,8,10,16,500,0.142,0.006,0.472,0.38,71,3,236,190
22500,2,10,12,20,500,0.008,0.002,0.99,0.0,4,1,495,0
22500,2,11,13,1,500,0.07,0.172,0.28,0.478,35,86,140,239
22500,2,12,14,3,500,0.008,0.002,0.99,0.0,4,1,495,0
22500,2,14,16,7,500,0.0,0.0,1.0,0.0,0,0,500,0
22500,2,15,17,9,500,0.05,0.008,0.936,0.006,25,4,468,3
22500,2,18,20,15,500,0.35,0.086,0.186,0.378,175,43,93,189
22500,3,0,3,0,500,0.008,0.004,0.988,0.0,4,2,494,0
22500,3,2,5,6,500,0.028,0.068,0.602,0.302,14,34,301,151
22500,3,4,7,12,500,0.124,0.022,0.818,0.036,62,11,409,18
22500,3,5,8,15,500,0.016,0.006,0.974,0.004,8,3,487,2
22500,3,6,9,18,500,0.106,0.028,0.8,0.066,53,14,400,33
22500,3,7,10,0,500,0.0,0.0,1.0,0.0,0,0,500,0
22500,3,8,11,3,500,0.038,0.018,0.94,0.004,19,9,470,2
22500,3,9,12,6,500,0.006,0.006,0.988,0.0,3,3,494,0
22500,3,10,13,9,500,0.0,0.0,1.0,0.0,0,0,500,0
22500,3,13,16,18,500,0.042,0.006,0.936,0.016,21,3,468,8
22500,3,14,17,0,500,0.002,0.004,0.994,0.0,1,2,497,0
22500,3,15,18,3,500,0.586,0.048,0.268,0.098,293,24,134,49
22500,3,16,19,6,500,0.0,0.0,1.0,0.0,0,0,500,0
22500,3,17,20,9,500,0.012,0.014,0.974,0.0,6,7,487,0
22500,4,0,4,0,500,0.0,0.0,1.0,0.0,0,0,500,0
22500,4,2,6,8,500,0.03,0.094,0.826,0.05,15,47,413,25
22500,4,5,9,20,500,0.0,0.002,0.998,0.0,0,1,499,0
22500,4,6,10,3,500,0.098,0.146,0.622,0.134,49,73,311,67
22500,4,7,11,7,500,0.0,0.0,1.0,0.0,0,0,500,0
22500,4,8,12,11,500,0.02,0.01,0.966,0.004,10,5,483,2
22500,4,9,13,15,500,0.012,0.34,0.37,0.278,6,170,185,139
22500,4,10,14,19,500,0.024,0.0,0.976,0.0,12,0,488,0
22500,4,11,15,2,500,0.0,0.0,0.99,0.01,0,0,495,5
22500,4,12,16,6,500,0.002,0.0,0.998,0.0,1,0,499,0
22500,4,13,17,10,500,0.014,0.002,0.982,0.002,7,1,491,1
22500,4,14,18,14,500,0.014,0.054,0.926,0.006,7,27,463,3
22500,4,16,20,1,500,0.0,0.0,1.0,0.0,0,0,500,0
22500,5,0,5,0,500,0.0,0.0,1.0,0.0,0,0,500,0
22500,5,2,7,10,500,0.0,0.0,1.0,0.0,0,0,500,0
22500,5,3,8,15,500,0.02,0.004,0.972,0.004,10,2,486,2
22500,5,4,9,20,500,0.006,0.004,0.99,0.0,3,2,495,0
22500,5,5,10,4,500,0.014,0.126,0.844,0.016,7,63,422,8
22500,5,7,12,14,500,0.014,0.06,0.924,0.002,7,30,462,1
22500,5,9,14,3,500,0.0,0.004,0.996,0.0,0,2,498,0
22500,5,10,15,8,500,0.032,0.008,0.954,0.006,16,4,477,3
22500,5,11,16,13,500,0.002,0.002,0.994,0.002,1,1,497,1
22500,5,12,17,18,500,0.05,0.02,0.922,0.008,25,10,461,4
22500,5,14,19,7,500,0.032,0.038,0.894,0.036,16,19,447,18
22500,5,15,20,12,500,0.008,0.016,0.974,0.002,4,8,487,1
22500,6,1,7,6,500,0.002,0.0,0.998,0.0,1,0,499,0
22500,6,2,8,12,500,0.064,0.004,0.912,0.02,32,2,456,10
22500,6,6,12,15,500,0.014,0.004,0.972,0.01,7,2,486,5
22500,6,8,14,6,500,0.0,0.0,0.996,0.004,0,0,498,2
22500,6,9,15,12,500,0.014,0.002,0.98,0.004,7,1,490,2
22500,6,12,18,9,500,0.102,0.044,0.792,0.062,51,22,396,31
22500,6,13,19,15,500,0.012,0.002,0.98,0.006,6,1,490,3
22500,7,0,7,0,500,0.03,0.336,0.282,0.352,15,168,141,176
22500,7,1,8,7,500,0.0,0.0,1.0,0.0,0,0,500,0
22500,7,3,10,0,500,0.0,0.0,1.0,0.0,0,0,500,0
22500,7,4,11,7,500,0.0,0.0,1.0,0.0,0,0,500,0
22500,7,7,14,7,500,0.078,0.088,0.716,0.118,39,44,358,59
22500,7,8,15,14,500,0.008,0.102,0.826,0.064,4,51,413,32
22500,7,9,16,0,500,0.0,0.0,1.0,0.0,0,0,500,0
22500,7,11,18,14,500,0.004,0.036,0.952,0.008,2,18,476,4
22500,7,13,20,7,500,0.0,0.004,0.996,0.0,0,2,498,0
22500,8,0,8,0,500,0.0,0.0,1.0,0.0,0,0,500,0
22500,8,1,9,8,500,0.034,0.008,0.95,0.008,17,4,475,4
22500,8,3,11,3,500,0.026,0.014,0.936,0.024,13,7,468,12
22500,8,5,13,19,500,0.0,0.0,1.0,0.0,0,0,500,0
22500,8,6,14,6,500,0.006,0.002,0.988,0.004,3,1,494,2
22500,8,7,15,14,500,0.004,0.07,0.858,0.068,2,35,429,34
22500,8,9,17,9,500,0.0,0.0,1.0,0.0,0,0,500,0
22500,8,11,19,4,500,0.0,0.004,0.994,0.002,0,2,497,1
22500,8,12,20,12,500,0.0,0.002,0.998,0.0,0,1,499,0
22500,9,4,13,15,500,0.01,0.476,0.404,0.11,5,238,202,55
22500,9,5,14,3,500,0.01,0.006,0.984,0.0,5,3,492,0
22500,9,6,15,12,500,0.012,0.002,0.976,0.01,6,1,488,5
22500,9,7,16,0,500,0.0,0.0,1.0,0.0,0,0,500,0
22500,9,8,17,9,500,0.004,0.008,0.988,0.0,2,4,494,0
22500,9,11,20,15,500,0.018,0.814,0.076,0.092,9,407,38,46
22500,10,0,10,0,500,0.0,0.0,1.0,0.0,0,0,500,0
22500,10,1,11,10,500,0.004,0.0,0.994,0.002,2,0,497,1
22500,10,2,12,20,500,0.002,0.004,0.994,0.0,1,2,497,0
22500,10,4,14,19,500,0.016,0.002,0.982,0.0,8,1,491,0
22500,10,5,15,8,500,0.01,0.004,0.982,0.004,5,2,491,2
22500,10,6,16,18,500,0.012,0.002,0.978,0.008,6,1,489,4
22500,10,7,17,7,500,0.0,0.0,1.0,0.0,0,0,500,0
22500,10,8,18,17,500,0.076,0.004,0.91,0.01,38,2,455,5
22500,10,9,19,6,500,0.0,0.0,1.0,0.0,0,0,500,0
22500,11,0,11,0,500,0.0,0.0,1.0,0.0,0,0,500,0
22500,11,1,12,11,500,0.004,0.002,0.994,0.0,2,1,497,0
22500,11,2,13,1,500,0.062,0.274,0.252,0.412,31,137,126,206
22500,11,6,17,3,500,0.016,0.014,0.966,0.004,8,7,483,2
22500,11,8,19,4,500,0.0,0.002,0.998,0.0,0,1,499,0
22500,11,9,20,15,500,0.094,0.466,0.184,0.256,47,233,92,128
22500,12,0,12,0,500,0.002,0.002,0.996,0.0,1,1,498,0
22500,12,1,13,12,500,0.0,0.0,1.0,0.0,0,0,500,0
22500,12,4,16,6,500,0.0,0.004,0.996,0.0,0,2,498,0
22500,12,5,17,18,500,0.054,0.026,0.912,0.008,27,13,456,4
22500,12,6,18,9,500,0.096,0.054,0.772,0.078,48,27,386,39
22500,12,8,20,12,500,0.002,0.002,0.996,0.0,1,1,498,0
22500,13,1,14,13,500,0.004,0.0,0.996,0.0,2,0,498,0
22500,13,3,16,18,500,0.032,0.01,0.952,0.006,16,5,476,3
22500,13,4,17,10,500,0.022,0.0,0.978,0.0,11,0,489,0
22500,13,5,18,2,500,0.0,0.0,1.0,0.0,0,0,500,0
22500,14,0,14,0,500,0.13,0.052,0.786,0.032,65,26,393,16
22500,14,1,15,14,500,0.014,0.052,0.672,0.262,7,26,336,131
22500,14,2,16,7,500,0.0,0.0,1.0,0.0,0,0,500,0
22500,14,3,17,0,500,0.0,0.002,0.998,0.0,0,1,499,0
22500,14,4,18,14,500,0.012,0.046,0.93,0.012,6,23,465,6
22500,14,5,19,7,500,0.042,0.036,0.876,0.046,21,18,438,23
22500,15,0,15,0,500,0.004,0.002,0.992,0.002,2,1,496,1
22500,15,2,17,9,500,0.068,0.014,0.916,0.002,34,7,458,1
22500,16,0,16,0,500,0.0,0.0,1.0,0.0,0,0,500,0
22500,16,2,18,11,500,0.0,0.0,1.0,0.0,0,0,500,0
22500,16,3,19,6,500,0.0,0.0,1.0,0.0,0,0,500,0
22500,17,0,17,0,500,0.0,0.0,1.0,0.0,0,0,500,0
22500,17,1,18,17,500,0.026,0.002,0.97,0.002,13,1,485,1
22500,17,2,19,13,500,0.0,0.0,1.0,0.0,0,0,500,0
22500,17,3,20,9,500,0.006,0.008,0.986,0.0,3,4,493,0
22500,18,0,18,0,500,0.0,0.0,1.0,0.0,0,0,500,0
22500,18,2,20,15,500,0.184,0.114,0.238,0.464,92,57,119,232
22500,19,0,19,0,500,0.0,0.0,1.0,0.0,0,0,500,0
22500,19,1,20,19,500,0.1,0.01,0.842,0.048,50,5,421,24
22500,20,0,20,0,500,0.0,0.0,1.0,0.0,0,0,500,0
23000,0,2,2,0,500,0.0,0.0,1.0,0.0,0,0,500,0
23000,0,5,5,0,500,0.0,0.0,1.0,0.0,0,0,500,0
23000,0,6,6,0,500,0.002,0.002,0.99,0.006,1,1,495,3
23000,0,7,7,0,500,0.016,0.382,0.274,0.328,8,191,137,164
23000,0,8,8,0,500,0.0,0.0,1.0,0.0,0,0,500,0
23000,0,10,10,0,500,0.0,0.0,1.0,0.0,0,0,500,0
23000,0,11,11,0,500,0.0,0.0,1.0,0.0,0,0,500,0
23000,0,14,14,0,500,0.11,0.05,0.802,0.038,55,25,401,19
23000,0,15,15,0,500,0.002,0.0,0.998,0.0,1,0,499,0
23000,0,16,16,0,500,0.0,0.0,1.0,0.0,0,0,500,0
23000,0,20,20,0,500,0.0,0.0,1.0,0.0,0,0,500,0
23000,1,0,1,0,500,0.0,0.0,1.0,0.0,0,0,500,0
23000,1,1,2,1,500,0.01,0.582,0.168,0.24,5,291,84,120
23000,1,3,4,3,500,0.158,0.124,0.352,0.366,79,62,176,183
23000,1,4,5,4,500,0.004,0.0,0.996,0.0,2,0,498,0
23000,1,5,6,5,500,0.024,0.004,0.59,0.382,12,2,295,191
23000,1,7,8,7,500,0.0,0.0,1.0,0.0,0,0,500,0
23000,1,8,9,8,500,0.028,0.002,0.97,0.0,14,1,485,0
23000,1,9,10,9,500,0.002,0.002,0.996,0.0,1,1,498,0
23000,1,11,12,11,500,0.0,0.0,1.0,0.0,0,0,500,0
23000,1,13,14,13,500,0.004,0.0,0.996,0.0,2,0,498,0
23000,1,14,15,14,500,0.01,0.05,0.762,0.178,5,25,381,89
23000,1,18,19,18,500,0.242,0.032,0.658,0.068,121,16,329,34
23000,1,19,20,19,500,0.052,0.03,0.878,0.04,26,15,439,20
23000,2,3,5,6,500,0.038,0.066,0.594,0.302,19,33,297,151
23000,2,8,10,16,500,0.234,0.008,0.368,0.39,117,4,184,195
23000,2,10,12,20,500,0.0,0.0,1.0,0.0,0,0,500,0
23000,2,11,13,1,500,0.036,0.206,0.262,0.496,18,103,131,248
23000,2,12,14,3,500,0.0,0.002,0.998,0.0,0,1,499,0
23000,2,14,16,7,500,0.0,0.0,1.0,0.0,0,0,500,0
23000,2,15,17,9,500,0.114,0.018,0.838,0.03,57,9,419,15
23000,2,18,20,15,500,0.408,0.094,0.182,0.316,204,47,91,158
23000,3,0,3,0,500,0.002,0.012,0.986,0.0,1,6,493,0
23000,3,2,5,6,500,0.028,0.062,0.646,0.264,14,31,323,132
23000,3,4,7,12,500,0.052,0.024,0.88,0.044,26,12,440,22
23000,3,5,8,15,500,0.016,0.012,0.962,0.01,8,6,481,5
23000,3,6,9,18,500,0.144,0.042,0.73,0.084,72,21,365,42
23000,3,7,10,0,500,0.0,0.0,1.0,0.0,0,0,500,0
23000,3,8,11,3,500,0.006,0.018,0.968,0.008,3,9,484,4
23000,3,9,12,6,500,0.008,0.004,0.988,0.0,4,2,494,0
23000,3,10,13,9,500,0.0,0.0,1.0,0.0,0,0,500,0
23000,3,13,16,18,500,0.016,0.002,0.974,0.008,8,1,487,4
23000,3,14,17,0,500,0.002,0.0,0.998,0.0,1,0,499,0
23000,3,15,18,3,500,0.588,0.062,0.248,0.102,294,31,124,51
23000,3,16,19,6,500,0.0,0.002,0.998,0.0,0,1,499,0
23000,3,17,20,9,500,0.002,0.004,0.994,0.0,1,2,497,0
23000,4,0,4,0,500,0.002,0.0,0.998,0.0,1,0,499,0
23000,4,2,6,8,500,0.03,0.036,0.93,0.004,15,18,465,2
23000,4,5,9,20,500,0.0,0.002,0.998,0.0,0,1,499,0
23000,4,6,10,3,500,0.2,0.108,0.556,0.136,100,54,278,68
23000,4,7,11,7,500,0.0,0.0,1.0,0.0,0,0,500,0
23000,4,8,12,11,500,0.004,0.006,0.988,0.002,2,3,494,1
23000,4,9,13,15,500,0.016,0.354,0.302,0.328,8,177,151,164
23000,4,10,14,19,500,0.03,0.002,0.968,0.0,15,1,484,0
23000,4,11,15,2,500,0.002,0.0,0.992,0.006,1,0,496,3
23000,4,12,16,6,500,0.002,0.0,0.998,0.0,1,0,499,0
23000,4,13,17,10,500,0.002,0.004,0.994,0.0,1,2,497,0
23000,4,14,18,14,500,0.012,0.042,0.938,0.008,6,21,469,4
23000,4,16,20,1,500,0.0,0.0,1.0,0.0,0,0,500,0
23000,5,0,5,0,500,0.0,0.0,1.0,0.0,0,0,500,0
23000,5,2,7,10,500,0.0,0.0,1.0,0.0,0,0,500,0
23000,5,3,8,15,500,0.01,0.006,0.974,0.01,5,3,487,5
23000,5,4,9,20,500,0.0,0.004,0.996,0.0,0,2,498,0
23000,5,5,10,4,500,0.014,0.116,0.826,0.044,7,58,413,22
23000,5,7,12,14,500,0.014,0.046,0.938,0.002,7,23,469,1
23000,5,9,14,3,500,0.006,0.0,0.994,0.0,3,0,497,0
23000,5,10,15,8,500,0.012,0.0,0.986,0.002,6,0,493,1
23000,5,11,16,13,500,0.004,0.0,0.996,0.0,2,0,498,0
23000,5,12,17,18,500,0.138,0.022,0.822,0.018,69,11,411,9
23000,5,14,19,7,500,0.042,0.066,0.804,0.088,21,33,402,44
23000,5,15,20,12,500,0.004,0.006,0.986,0.004,2,3,493,2
23000,6,1,7,6,500,0.002,0.002,0.994,0.002,1,1,497,1
23000,6,2,8,12,500,0.052,0.002,0.932,0.014,26,1,466,7
23000,6,6,12,15,500,0.006,0.006,0.978,0.01,3,3,489,5
23000,6,8,14,6,500,0.012,0.0,0.988,0.0,6,0,494,0
23000,6,9,15,12,500,0.006,0.006,0.978,0.01,3,3,489,5
23000,6,12,18,9,500,0.118,0.082,0.718,0.082,59,41,359,41
23000,6,13,19,15,500,0.008,0.002,0.986,0.004,4,1,493,2
23000,7,0,7,0,500,0.016,0.35,0.258,0.376,8,175,129,188
23000,7,1,8,7,500,0.006,0.0,0.994,0.0,3,0,497,0
23000,7,3,10,0,500,0.0,0.0,1.0,0.0,0,0,500,0
23000,7,4,11,7,500,0.0,0.0,1.0,0.0,0,0,500,0
23000,7,7,14,7,500,0.108,0.072,0.694,0.126,54,36,347,63
23000,7,8,15,14,500,0.006,0.066,0.886,0.042,3,33,443,21
23000,7,9,16,0,500,0.0,0.0,1.0,0.0,0,0,500,0
23000,7,11,18,14,500,0.026,0.046,0.91,0.018,13,23,455,9
23000,7,13,20,7,500,0.0,0.0,1.0,0.0,0,0,500,0
23000,8,0,8,0,500,0.0,0.0,1.0,0.0,0,0,500,0
23000,8,1,9,8,500,0.044,0.002,0.948,0.006,22,1,474,3
23000,8,3,11,3,500,0.002,0.01,0.978,0.01,1,5,489,5
23000,8,5,13,19,500,0.0,0.0,1.0,0.0,0,0,500,0
23000,8,6,14,6,500,0.006,0.0,0.99,0.004,3,0,495,2
23000,8,7,15,14,500,0.002,0.062,0.894,0.042,1,31,447,21
23000,8,9,17,9,500,0.014,0.01,0.976,0.0,7,5,488,0
23000,8,11,19,4,500,0.002,0.002,0.996,0.0,1,1,498,0
23000,8,12,20,12,500,0.0,0.006,0.992,0.002,0,3,496,1
23000,9,4,13,15,500,0.02,0.448,0.408,0.124,10,224,204,62
23000,9,5,14,3,500,0.002,0.008,0.99,0.0,1,4,495,0
23000,9,6,15,12,500,0.006,0.006,0.972,0.016,3,3,486,8
23000,9,7,16,0,500,0.0,0.0,1.0,0.0,0,0,500,0
23000,9,8,17,9,500,0.022,0.02,0.958,0.0,11,10,479,0
23000,9,11,20,15,500,0.018,0.76,0.102,0.12,9,380,51,60
23000,10,0,10,0,500,0.0,0.0,1.0,0.0,0,0,500,0
23000,10,1,11,10,500,0.0,0.0,1.0,0.0,0,0,500,0
23000,10,2,12,20,500,0.0,0.0,1.0,0.0,0,0,500,0
23000,10,4,14,19,500,0.018,0.002,0.98,0.0,9,1,490,0
23000,10,5,15,8,500,0.008,0.004,0.986,0.002,4,2,493,1
23000,10,6,16,18,500,0.016,0.002,0.978,0.004,8,1,489,2
23000,10,7,17,7,500,0.0,0.0,1.0,0.0,0,0,500,0
23000,10,8,18,17,500,0.136,0.0,0.832,0.032,68,0,416,16
23000,10,9,19,6,500,0.0,0.0,1.0,0.0,0,0,500,0
23000,11,0,11,0,500,0.0,0.0,1.0,0.0,0,0,500,0
23000,11,1,12,11,500,0.0,0.0,1.0,0.0,0,0,500,0
23000,11,2,13,1,500,0.04,0.25,0.218,0.492,20,125,109,246
23000,11,6,17,3,500,0.01,0.0,0.99,0.0,5,0,495,0
23000,11,8,19,4,500,0.0,0.0,0.998,0.002,0,0,499,1
23000,11,9,20,15,500,0.064,0.494,0.23,0.212,32,247,115,106
23000,12,0,12,0,500,0.002,0.002,0.996,0.0,1,1,498,0
23000,12,1,13,12,500,0.008,0.004,0.986,0.002,4,2,493,1
23000,12,4,16,6,500,0.0,0.006,0.994,0.0,0,3,497,0
23000,12,5,17,18,500,0.086,0.024,0.864,0.026,43,12,432,13
23000,12,6,18,9,500,0.158,0.044,0.74,0.058,79,22,370,29
23000,12,8,20,12,500,0.002,0.004,0.994,0.0,1,2,497,0
23000,13,1,14,13,500,0.0,0.0,1.0,0.0,0,0,500,0
23000,13,3,16,18,500,0.022,0.002,0.97,0.006,11,1,485,3
23000,13,4,17,10,500,0.008,0.0,0.992,0.0,4,0,496,0
23000,13,5,18,2,500,0.002,0.004,0.992,0.002,1,2,496,1
23000,14,0,14,0,500,0.092,0.048,0.824,0.036,46,24,412,18
23000,14,1,15,14,500,0.012,0.056,0.704,0.228,6,28,352,114
23000,14,2,16,7,500,0.0,0.0,1.0,0.0,0,0,500,0
23000,14,3,17,0,500,0.004,0.002,0.994,0.0,2,1,497,0
23000,14,4,18,14,500,0.018,0.026,0.942,0.014,9,13,471,7
23000,14,5,19,7,500,0.044,0.018,0.854,0.084,22,9,427,42
23000,15,0,15,0,500,0.0,0.002,0.998,0.0,0,1,499,0
23000,15,2,17,9,500,0.106,0.018,0.856,0.02,53,9,428,10
23000,16,0,16,0,500,0.0,0.0,1.0,0.0,0,0,500,0
23000,16,2,18,11,500,0.0,0.0,1.0,0.0,0,0,500,0
23000,16,3,19,6,500,0.0,0.002,0.998,0.0,0,1,499,0
23000,17,0,17,0,500,0.0,0.0,1.0,0.0,0,0,500,0
23000,17,1,18,17,500,0.062,0.002,0.922,0.014,31,1,461,7
23000,17,2,19,13,500,0.0,0.0,1.0,0.0,0,0,500,0
23000,17,3,20,9,500,0.002,0.01,0.988,0.0,1,5,494,0
23000,18,0,18,0,500,0.0,0.0,1.0,0.0,0,0,500,0
23000,18,2,20,15,500,0.148,0.242,0.214,0.396,74,121,107,198
23000,19,0,19,0,500,0.0,0.0,1.0,0.0,0,0,500,0
23000,19,1,20,19,500,0.086,0.018,0.816,0.08,43,9,408,40
23000,20,0,20,0,500,0.0,0.0,1.0,0.0,0,0,500,0
23500,0,2,2,0,500,0.0,0.0,1.0,0.0,0,0,500,0
23500,0,5,5,0,500,0.0,0.0,1.0,0.0,0,0,500,0
23500,0,6,6,0,500,0.0,0.002,0.992,0.006,0,1,496,3
23500,0,7,7,0,500,0.026,0.356,0.264,0.354,13,178,132,177
23500,0,8,8,0,500,0.002,0.0,0.998,0.0,1,0,499,0
23500,0,10,10,0,500,0.0,0.0,1.0,0.0,0,0,500,0
23500,0,11,11,0,500,0.0,0.0,1.0,0.0,0,0,500,0
23500,0,14,14,0,500,0.062,0.084,0.802,0.052,31,42,401,26
23500,0,15,15,0,500,0.0,0.0,1.0,0.0,0,0,500,0
23500,0,16,16,0,500,0.0,0.0,1.0,0.0,0,0,500,0
23500,0,20,20,0,500,0.0,0.0,1.0,0.0,0,0,500,0
23500,1,0,1,0,500,0.0,0.0,1.0,0.0,0,0,500,0
23500,1,1,2,1,500,0.02,0.288,0.388,0.304,10,144,194,152
23500,1,3,4,3,500,0.118,0.15,0.382,0.35,59,75,191,175
23500,1,4,5,4,500,0.008,0.0,0.992,0.0,4,0,496,0
23500,1,5,6,5,500,0.018,0.008,0.676,0.298,9,4,338,149
23500,1,7,8,7,500,0.002,0.0,0.998,0.0,1,0,499,0
23500,1,8,9,8,500,0.028,0.0,0.97,0.002,14,0,485,1
23500,1,9,10,9,500,0.002,0.006,0.992,0.0,1,3,496,0
23500,1,11,12,11,500,0.002,0.008,0.99,0.0,1,4,495,0
23500,1,13,14,13,500,0.0,0.002,0.996,0.002,0,1,498,1
23500,1,14,15,14,500,0.002,0.062,0.708,0.228,1,31,354,114
23500,1,18,19,18,500,0.306,0.024,0.56,0.11,153,12,280,55
23500,1,19,20,19,500,0.192,0.026,0.704,0.078,96,13,352,39
23500,2,3,5,6,500,0.056,0.06,0.578,0.306,28,30,289,153
23500,2,8,10,16,500,0.204,0.012,0.368,0.416,102,6,184,208
23500,2,10,12,20,500,0.002,0.0,0.998,0.0,1,0,499,0
23500,2,11,13,1,500,0.108,0.138,0.292,0.462,54,69,146,231
23500,2,12,14,3,500,0.01,0.004,0.986,0.0,5,2,493,0
23500,2,14,16,7,500,0.0,0.0,1.0,0.0,0,0,500,0
23500,2,15,17,9,500,0.098,0.016,0.88,0.006,49,8,440,3
23500,2,18,20,15,500,0.296,0.108,0.254,0.342,148,54,127,171
23500,3,0,3,0,500,0.0,0.006,0.992,0.002,0,3,496,1
23500,3,2,5,6,500,0.028,0.082,0.598,0.292,14,41,299,146
23500,3,4,7,12,500,0.238,0.022,0.702,0.038,119,11,351,19
23500,3,5,8,15,500,0.024,0.026,0.922,0.028,12,13,461,14
23500,3,6,9,18,500,0.11,0.088,0.724,0.078,55,44,362,39
23500,3,7,10,0,500,0.0,0.002,0.998,0.0,0,1,499,0
23500,3,8,11,3,500,0.024,0.016,0.952,0.008,12,8,476,4
23500,3,9,12,6,500,0.0,0.006,0.994,0.0,0,3,497,0
23500,3,10,13,9,500,0.0,0.0,1.0,0.0,0,0,500,0
23500,3,13,16,18,500,0.02,0.01,0.964,0.006,10,5,482,3
23500,3,14,17,0,500,0.002,0.004,0.994,0.0,1,2,497,0
23500,3,15,18,3,500,0.618,0.048,0.258,0.076,309,24,129,38
23500,3,16,19,6,500,0.0,0.0,1.0,0.0,0,0,500,0
23500,3,17,20,9,500,0.002,0.006,0.992,0.0,1,3,496,0
23500,4,0,4,0,500,0.0,0.0,1.0,0.0,0,0,500,0
23500,4,2,6,8,500,0.014,0.014,0.97,0.002,7,7,485,1
23500,4,5,9,20,500,0.0,0.004,0.996,0.0,0,2,498,0
23500,4,6,10,3,500,0.17,0.144,0.57,0.116,85,72,285,58
23500,4,7,11,7,500,0.0,0.0,1.0,0.0,0,0,500,0
23500,4,8,12,11,500,0.004,0.01,0.986,0.0,2,5,493,0
23500,4,9,13,15,500,0.014,0.424,0.32,0.242,7,212,160,121
23500,4,10,14,19,500,0.036,0.018,0.946,0.0,18,9,473,0
23500,4,11,15,2,500,0.002,0.0,0.986,0.012,1,0,493,6
23500,4,12,16,6,500,0.0,0.0,1.0,0.0,0,0,500,0
23500,4,13,17,10,500,0.01,0.002,0.988,0.0,5,1,494,0
23500,4,14,18,14,500,0.022,0.088,0.876,0.014,11,44,438,7
23500,4,16,20,1,500,0.0,0.0,1.0,0.0,0,0,500,0
23500,5,0,5,0,500,0.0,0.0,1.0,0.0,0,0,500,0
23500,5,2,7,10,500,0.0,0.0,1.0,0.0,0,0,500,0
23500,5,3,8,15,500,0.024,0.024,0.92,0.032,12,12,460,16
23500,5,4,9,20,500,0.0,0.002,0.998,0.0,0,1,499,0
23500,5,5,10,4,500,0.012,0.048,0.936,0.004,6,24,468,2
23500,5,7,12,14,500,0.006,0.114,0.864,0.016,3,57,432,8
23500,5,9,14,3,500,0.004,0.008,0.988,0.0,2,4,494,0
23500,5,10,15,8,500,0.024,0.022,0.926,0.028,12,11,463,14
23500,5,11,16,13,500,0.004,0.0,0.996,0.0,2,0,498,0
23500,5,12,17,18,500,0.05,0.01,0.928,0.012,25,5,464,6
23500,5,14,19,7,500,0.032,0.026,0.876,0.066,16,13,438,33
23500,5,15,20,12,500,0.01,0.008,0.982,0.0,5,4,491,0
23500,6,1,7,6,500,0.002,0.0,0.998,0.0,1,0,499,0
23500,6,2,8,12,500,0.036,0.002,0.954,0.008,18,1,477,4
23500,6,6,12,15,500,0.008,0.006,0.986,0.0,4,3,493,0
23500,6,8,14,6,500,0.004,0.002,0.984,0.01,2,1,492,5
23500,6,9,15,12,500,0.008,0.008,0.974,0.01,4,4,487,5
23500,6,12,18,9,500,0.078,0.062,0.782,0.078,39,31,391,39
23500,6,13,19,15,500,0.014,0.002,0.984,0.0,7,1,492,0
23500,7,0,7,0,500,0.026,0.332,0.26,0.382,13,166,130,191
23500,7,1,8,7,500,0.0,0.0,1.0,0.0,0,0,500,0
23500,7,3,10,0,500,0.0,0.0,1.0,0.0,0,0,500,0
23500,7,4,11,7,500,0.0,0.0,1.0,0.0,0,0,500,0
23500,7,7,14,7,500,0.014,0.154,0.662,0.17,7,77,331,85
23500,7,8,15,14,500,0.014,0.144,0.738,0.104,7,72,369,52
23500,7,9,16,0,500,0.0,0.0,1.0,0.0,0,0,500,0
23500,7,11,18,14,500,0.016,0.068,0.886,0.03,8,34,443,15
23500,7,13,20,7,500,0.0,0.0,1.0,0.0,0,0,500,0
23500,8,0,8,0,500,0.0,0.0,1.0,0.0,0,0,500,0
23500,8,1,9,8,500,0.048,0.002,0.93,0.02,24,1,465,10
23500,8,3,11,3,500,0.012,0.012,0.964,0.012,6,6,482,6
23500,8,5,13,19,500,0.0,0.0,1.0,0.0,0,0,500,0
23500,8,6,14,6,500,0.006,0.004,0.984,0.006,3,2,492,3
23500,8,7,15,14,500,0.004,0.068,0.806,0.122,2,34,403,61
23500,8,9,17,9,500,0.002,0.008,0.99,0.0,1,4,495,0
23500,8,11,19,4,500,0.0,0.0,1.0,0.0,0,0,500,0
23500,8,12,20,12,500,0.004,0.006,0.99,0.0,2,3,495,0
23500,9,4,13,15,500,0.018,0.384,0.378,0.22,9,192,189,110
23500,9,5,14,3,500,0.004,0.002,0.994,0.0,2,1,497,0
23500,9,6,15,12,500,0.016,0.008,0.958,0.018,8,4,479,9
23500,9,7,16,0,500,0.0,0.0,1.0,0.0,0,0,500,0
23500,9,8,17,9,500,0.008,0.002,0.99,0.0,4,1,495,0
23500,9,11,20,15,500,0.014,0.828,0.062,0.096,7,414,31,48
23500,10,0,10,0,500,0.0,0.0,1.0,0.0,0,0,500,0
23500,10,1,11,10,500,0.0,0.0,1.0,0.0,0,0,500,0
23500,10,2,12,20,500,0.014,0.0,0.986,0.0,7,0,493,0
23500,10,4,14,19,500,0.034,0.004,0.962,0.0,17,2,481,0
23500,10,5,15,8,500,0.012,0.014,0.964,0.01,6,7,482,5
23500,10,6,16,18,500,0.008,0.004,0.988,0.0,4,2,494,0
23500,10,7,17,7,500,0.0,0.0,1.0,0.0,0,0,500,0
23500,10,8,18,17,500,0.082,0.004,0.9,0.014,41,2,450,7
23500,10,9,19,6,500,0.0,0.0,1.0,0.0,0,0,500,0
23500,11,0,11,0,500,0.0,0.0,1.0,0.0,0,0,500,0
23500,11,1,12,11,500,0.0,0.002,0.998,0.0,0,1,499,0
23500,11,2,13,1,500,0.096,0.174,0.288,0.442,48,87,144,221
23500,11,6,17,3,500,0.004,0.002,0.992,0.002,2,1,496,1
23500,11,8,19,4,500,0.0,0.0,0.998,0.002,0,0,499,1
23500,11,9,20,15,500,0.036,0.676,0.164,0.124,18,338,82,62
23500,12,0,12,0,500,0.0,0.0,1.0,0.0,0,0,500,0
23500,12,1,13,12,500,0.0,0.002,0.998,0.0,0,1,499,0
23500,12,4,16,6,500,0.002,0.006,0.992,0.0,1,3,496,0
23500,12,5,17,18,500,0.038,0.01,0.932,0.02,19,5,466,10
23500,12,6,18,9,500,0.126,0.056,0.762,0.056,63,28,381,28
23500,12,8,20,12,500,0.0,0.004,0.996,0.0,0,2,498,0
23500,13,1,14,13,500,0.0,0.0,1.0,0.0,0,0,500,0
23500,13,3,16,18,500,0.02,0.002,0.968,0.01,10,1,484,5
23500,13,4,17,10,500,0.004,0.0,0.996,0.0,2,0,498,0
23500,13,5,18,2,500,0.002,0.0,0.998,0.0,1,0,499,0
23500,14,0,14,0,500,0.058,0.078,0.814,0.05,29,39,407,25
23500,14,1,15,14,500,0.032,0.066,0.606,0.296,16,33,303,148
23500,14,2,16,7,500,0.0,0.0,1.0,0.0,0,0,500,0
23500,14,3,17,0,500,0.0,0.002,0.998,0.0,0,1,499,0
23500,14,4,18,14,500,0.004,0.056,0.934,0.006,2,28,467,3
23500,14,5,19,7,500,0.044,0.04,0.796,0.12,22,20,398,60
23500,15,0,15,0,500,0.002,0.0,0.998,0.0,1,0,499,0
23500,15,2,17,9,500,0.102,0.016,0.866,0.016,51,8,433,8
23500,16,0,16,0,500,0.0,0.0,1.0,0.0,0,0,500,0
23500,16,2,18,11,500,0.0,0.0,1.0,0.0,0,0,500,0
23500,16,3,19,6,500,0.0,0.0,1.0,0.0,0,0,500,0
23500,17,0,17,0,500,0.0,0.0,1.0,0.0,0,0,500,0
23500,17,1,18,17,500,0.03,0.002,0.966,0.002,15,1,483,1
23500,17,2,19,13,500,0.0,0.0,1.0,0.0,0,0,500,0
23500,17,3,20,9,500,0.004,0.012,0.982,0.002,2,6,491,1
23500,18,0,18,0,500,0.0,0.0,1.0,0.0,0,0,500,0
23500,18,2,20,15,500,0.114,0.408,0.23,0.248,57,204,115,124
23500,19,0,19,0,500,0.0,0.0,1.0,0.0,0,0,500,0
23500,19,1,20,19,500,0.212,0.008,0.66,0.12,106,4,330,60
23500,20,0,20,0,500,0.0,0.0,1.0,0.0,0,0,500,0
24000,0,2,2,0,500,0.0,0.0,1.0,0.0,0,0,500,0
24000,0,5,5,0,500,0.0,0.0,1.0,0.0,0,0,500,0
24000,0,6,6,0,500,0.004,0.0,0.988,0.008,2,0,494,4
24000,0,7,7,0,500,0.024,0.326,0.282,0.368,12,163,141,184
24000,0,8,8,0,500,0.0,0.0,1.0,0.0,0,0,500,0
24000,0,10,10,0,500,0.0,0.0,1.0,0.0,0,0,500,0
24000,0,11,11,0,500,0.0,0.0,1.0,0.0,0,0,500,0
24000,0,14,14,0,500,0.08,0.102,0.728,0.09,40,51,364,45
24000,0,15,15,0,500,0.0,0.0,1.0,0.0,0,0,500,0
24000,0,16,16,0,500,0.0,0.0,1.0,0.0,0,0,500,0
24000,0,20,20,0,500,0.0,0.0,1.0,0.0,0,0,500,0
24000,1,0,1,0,500,0.0,0.0,1.0,0.0,0,0,500,0
24000,1,1,2,1,500,0.02,0.16,0.382,0.438,10,80,191,219
24000,1,3,4,3,500,0.164,0.136,0.35,0.35,82,68,175,175
24000,1,4,5,4,500,0.002,0.002,0.996,0.0,1,1,498,0
24000,1,5,6,5,500,0.032,0.038,0.474,0.456,16,19,237,228
24000,1,7,8,7,500,0.0,0.0,1.0,0.0,0,0,500,0
24000,1,8,9,8,500,0.062,0.002,0.906,0.03,31,1,453,15
24000,1,9,10,9,500,0.002,0.038,0.96,0.0,1,19,480,0
24000,1,11,12,11,500,0.002,0.0,0.998,0.0,1,0,499,0
24000,1,13,14,13,500,0.002,0.0,0.998,0.0,1,0,499,0
24000,1,14,15,14,500,0.008,0.05,0.76,0.182,4,25,380,91
24000,1,18,19,18,500,0.194,0.038,0.554,0.214,97,19,277,107
24000,1,19,20,19,500,0.084,0.022,0.852,0.042,42,11,426,21
24000,2,3,5,6,500,0.056,0.088,0.54,0.316,28,44,270,158
24000,2,8,10,16,500,0.212,0.018,0.346,0.424,106,9,173,212
24000,2,10,12,20,500,0.0,0.0,1.0,0.0,0,0,500,0
24000,2,11,13,1,500,0.068,0.136,0.29,0.506,34,68,145,253
24000,2,12,14,3,500,0.004,0.002,0.994,0.0,2,1,497,0
24000,2,14,16,7,500,0.0,0.0,1.0,0.0,0,0,500,0
24000,2,15,17,9,500,0.14,0.016,0.804,0.04,70,8,402,20
24000,2,18,20,15,500,0.238,0.126,0.26,0.376,119,63,130,188
24000,3,0,3,0,500,0.002,0.002,0.996,0.0,1,1,498,0
24000,3,2,5,6,500,0.04,0.082,0.518,0.36,20,41,259,180
24000,3,4,7,12,500,0.13,0.012,0.816,0.042,65,6,408,21
24000,3,5,8,15,500,0.018,0.008,0.96,0.014,9,4,480,7
24000,3,6,9,18,500,0.122,0.038,0.758,0.082,61,19,379,41
24000,3,7,10,0,500,0.0,0.0,1.0,0.0,0,0,500,0
24000,3,8,11,3,500,0.008,0.078,0.904,0.01,4,39,452,5
24000,3,9,12,6,500,0.018,0.0,0.978,0.004,9,0,489,2
24000,3,10,13,9,500,0.0,0.0,1.0,0.0,0,0,500,0
24000,3,13,16,18,500,0.02,0.0,0.966,0.014,10,0,483,7
24000,3,14,17,0,500,0.002,0.0,0.998,0.0,1,0,499,0
24000,3,15,18,3,500,0.566,0.06,0.278,0.096,283,30,139,48
24000,3,16,19,6,500,0.0,0.0,1.0,0.0,0,0,500,0
24000,3,17,20,9,500,0.002,0.008,0.99,0.0,1,4,495,0
24000,4,0,4,0,500,0.0,0.0,1.0,0.0,0,0,500,0
24000,4,2,6,8,500,0.048,0.022,0.922,0.008,24,11,461,4
24000,4,5,9,20,500,0.0,0.002,0.998,0.0,0,1,499,0
24000,4,6,10,3,500,0.132,0.04,0.738,0.09,66,20,369,45
24000,4,7,11,7,500,0.0,0.0,1.0,0.0,0,0,500,0
24000,4,8,12,11,500,0.014,0.008,0.976,0.002,7,4,488,1
24000,4,9,13,15,500,0.028,0.334,0.446,0.192,14,167,223,96
24000,4,10,14,19,500,0.026,0.006,0.968,0.0,13,3,484,0
24000,4,11,15,2,500,0.002,0.002,0.986,0.01,1,1,493,5
24000,4,12,16,6,500,0.0,0.0,0.998,0.002,0,0,499,1
24000,4,13,17,10,500,0.002,0.0,0.998,0.0,1,0,499,0
24000,4,14,18,14,500,0.012,0.04,0.94,0.008,6,20,470,4
24000,4,16,20,1,500,0.0,0.0,0.998,0.002,0,0,499,1
24000,5,0,5,0,500,0.0,0.0,1.0,0.0,0,0,500,0
24000,5,2,7,10,500,0.0,0.0,1.0,0.0,0,0,500,0
24000,5,3,8,15,500,0.018,0.014,0.954,0.014,9,7,477,7
24000,5,4,9,20,500,0.0,0.004,0.996,0.0,0,2,498,0
24000,5,5,10,4,500,0.004,0.012,0.984,0.0,2,6,492,0
24000,5,7,12,14,500,0.01,0.146,0.81,0.034,5,73,405,17
24000,5,9,14,3,500,0.004,0.0,0.996,0.0,2,0,498,0
24000,5,10,15,8,500,0.006,0.006,0.98,0.008,3,3,490,4
24000,5,11,16,13,500,0.004,0.0,0.996,0.0,2,0,498,0
24000,5,12,17,18,500,0.062,0.024,0.906,0.008,31,12,453,4
24000,5,14,19,7,500,0.112,0.002,0.85,0.036,56,1,425,18
24000,5,15,20,12,500,0.01,0.006,0.984,0.0,5,3,492,0
24000,6,1,7,6,500,0.006,0.0,0.994,0.0,3,0,497,0
24000,6,2,8,12,500,0.05,0.008,0.932,0.01,25,4,466,5
24000,6,6,12,15,500,0.014,0.008,0.972,0.006,7,4,486,3
24000,6,8,14,6,500,0.002,0.004,0.99,0.004,1,2,495,2
24000,6,9,15,12,500,0.012,0.006,0.966,0.016,6,3,483,8
24000,6,12,18,9,500,0.122,0.04,0.758,0.08,61,20,379,40
24000,6,13,19,15,500,0.01,0.006,0.982,0.002,5,3,491,1
24000,7,0,7,0,500,0.036,0.336,0.282,0.346,18,168,141,173
24000,7,1,8,7,500,0.0,0.0,1.0,0.0,0,0,500,0
24000,7,3,10,0,500,0.0,0.0,1.0,0.0,0,0,500,0
24000,7,4,11,7,500,0.0,0.0,1.0,0.0,0,0,500,0
24000,7,7,14,7,500,0.014,0.122,0.674,0.19,7,61,337,95
24000,7,8,15,14,500,0.004,0.144,0.724,0.128,2,72,362,64
24000,7,9,16,0,500,0.0,0.0,1.0,0.0,0,0,500,0
24000,7,11,18,14,500,0.016,0.078,0.884,0.022,8,39,442,11
24000,7,13,20,7,500,0.0,0.0,1.0,0.0,0,0,500,0
24000,8,0,8,0,500,0.002,0.0,0.998,0.0,1,0,499,0
24000,8,1,9,8,500,0.138,0.01,0.808,0.044,69,5,404,22
24000,8,3,11,3,500,0.036,0.026,0.924,0.014,18,13,462,7
24000,8,5,13,19,500,0.0,0.0,1.0,0.0,0,0,500,0
24000,8,6,14,6,500,0.006,0.004,0.984,0.006,3,2,492,3
24000,8,7,15,14,500,0.02,0.096,0.782,0.102,10,48,391,51
24000,8,9,17,9,500,0.01,0.014,0.976,0.0,5,7,488,0
24000,8,11,19,4,500,0.0,0.0,1.0,0.0,0,0,500,0
24000,8,12,20,12,500,0.0,0.004,0.996,0.0,0,2,498,0
24000,9,4,13,15,500,0.018,0.322,0.412,0.248,9,161,206,124
24000,9,5,14,3,500,0.0,0.0,1.0,0.0,0,0,500,0
24000,9,6,15,12,500,0.014,0.01,0.962,0.014,7,5,481,7
24000,9,7,16,0,500,0.0,0.0,1.0,0.0,0,0,500,0
24000,9,8,17,9,500,0.02,0.002,0.976,0.002,10,1,488,1
24000,9,11,20,15,500,0.008,0.876,0.068,0.048,4,438,34,24
24000,10,0,10,0,500,0.0,0.0,1.0,0.0,0,0,500,0
24000,10,1,11,10,500,0.0,0.002,0.996,0.002,0,1,498,1
24000,10,2,12,20,500,0.002,0.0,0.998,0.0,1,0,499,0
24000,10,4,14,19,500,0.028,0.006,0.966,0.0,14,3,483,0
24000,10,5,15,8,500,0.014,0.004,0.972,0.01,7,2,486,5
24000,10,6,16,18,500,0.006,0.0,0.992,0.002,3,0,496,1
24000,10,7,17,7,500,0.002,0.0,0.998,0.0,1,0,499,0
24000,10,8,18,17,500,0.112,0.008,0.858,0.022,56,4,429,11
24000,10,9,19,6,500,0.0,0.0,1.0,0.0,0,0,500,0
24000,11,0,11,0,500,0.0,0.0,1.0,0.0,0,0,500,0
24000,11,1,12,11,500,0.004,0.004,0.992,0.0,2,2,496,0
24000,11,2,13,1,500,0.068,0.238,0.258,0.436,34,119,129,218
24000,11,6,17,3,500,0.006,0.004,0.99,0.0,3,2,495,0
24000,11,8,19,4,500,0.0,0.002,0.998,0.0,0,1,499,0
24000,11,9,20,15,500,0.05,0.536,0.208,0.206,25,268,104,103
24000,12,0,12,0,500,0.002,0.002,0.996,0.0,1,1,498,0
24000,12,1,13,12,500,0.002,0.002,0.994,0.002,1,1,497,1
24000,12,4,16,6,500,0.002,0.006,0.992,0.0,1,3,496,0
24000,12,5,17,18,500,0.046,0.018,0.928,0.008,23,9,464,4
24000,12,6,18,9,500,0.142,0.036,0.748,0.074,71,18,374,37
24000,12,8,20,12,500,0.0,0.006,0.992,0.002,0,3,496,1
24000,13,1,14,13,500,0.0,0.0,1.0,0.0,0,0,500,0
24000,13,3,16,18,500,0.014,0.004,0.976,0.006,7,2,488,3
24000,13,4,17,10,500,0.006,0.002,0.992,0.0,3,1,496,0
24000,13,5,18,2,500,0.0,0.0,0.998,0.002,0,0,499,1
24000,14,0,14,0,500,0.06,0.106,0.76,0.074,30,53,380,37
24000,14,1,15,14,500,0.122,0.026,0.666,0.186,61,13,333,93
24000,14,2,16,7,500,0.0,0.0,1.0,0.0,0,0,500,0
24000,14,3,17,0,500,0.004,0.002,0.994,0.0,2,1,497,0
24000,14,4,18,14,500,0.008,0.08,0.894,0.018,4,40,447,9
24000,14,5,19,7,500,0.072,0.004,0.892,0.032,36,2,446,16
24000,15,0,15,0,500,0.0,0.0,1.0,0.0,0,0,500,0
24000,15,2,17,9,500,0.15,0.022,0.79,0.038,75,11,395,19
24000,16,0,16,0,500,0.0,0.0,1.0,0.0,0,0,500,0
24000,16,2,18,11,500,0.0,0.0,1.0,0.0,0,0,500,0
24000,16,3,19,6,500,0.0,0.0,1.0,0.0,0,0,500,0
24000,17,0,17,0,500,0.0,0.0,1.0,0.0,0,0,500,0
24000,17,1,18,17,500,0.064,0.0,0.93,0.006,32,0,465,3
24000,17,2,19,13,500,0.0,0.0,1.0,0.0,0,0,500,0
24000,17,3,20,9,500,0.0,0.006,0.994,0.0,0,3,497,0
24000,18,0,18,0,500,0.0,0.0,1.0,0.0,0,0,500,0
24000,18,2,20,15,500,0.126,0.348,0.208,0.318,63,174,104,159
24000,19,0,19,0,500,0.0,0.0,1.0,0.0,0,0,500,0
24000,19,1,20,19,500,0.184,0.034,0.732,0.05,92,17,366,25
24000,20,0,20,0,500,0.0,0.0,1.0,0.0,0,0,500,0
24500,0,2,2,0,500,0.0,0.0,1.0,0.0,0,0,500,0
24500,0,5,5,0,500,0.0,0.0,1.0,0.0,0,0,500,0
24500,0,6,6,0,500,0.002,0.0,0.988,0.01,1,0,494,5
24500,0,7,7,0,500,0.046,0.324,0.28,0.35,23,162,140,175
24500,0,8,8,0,500,0.0,0.0,1.0,0.0,0,0,500,0
24500,0,10,10,0,500,0.0,0.0,1.0,0.0,0,0,500,0
24500,0,11,11,0,500,0.0,0.0,1.0,0.0,0,0,500,0
24500,0,14,14,0,500,0.036,0.08,0.852,0.032,18,40,426,16
24500,0,15,15,0,500,0.002,0.0,0.998,0.0,1,0,499,0
24500,0,16,16,0,500,0.0,0.0,1.0,0.0,0,0,500,0
24500,0,20,20,0,500,0.0,0.0,1.0,0.0,0,0,500,0
24500,1,0,1,0,500,0.0,0.0,1.0,0.0,0,0,500,0
24500,1,1,2,1,500,0.022,0.196,0.358,0.424,11,98,179,212
24500,1,3,4,3,500,0.16,0.13,0.312,0.398,80,65,156,199
24500,1,4,5,4,500,0.008,0.0,0.992,0.0,4,0,496,0
24500,1,5,6,5,500,0.028,0.014,0.52,0.438,14,7,260,219
24500,1,7,8,7,500,0.002,0.0,0.998,0.0,1,0,499,0
24500,1,8,9,8,500,0.06,0.002,0.924,0.014,30,1,462,7
24500,1,9,10,9,500,0.006,0.01,0.984,0.0,3,5,492,0
24500,1,11,12,11,500,0.0,0.0,1.0,0.0,0,0,500,0
24500,1,13,14,13,500,0.002,0.0,0.996,0.002,1,0,498,1
24500,1,14,15,14,500,0.016,0.046,0.836,0.102,8,23,418,51
24500,1,18,19,18,500,0.19,0.038,0.726,0.046,95,19,363,23
24500,1,19,20,19,500,0.106,0.05,0.776,0.068,53,25,388,34
24500,2,3,5,6,500,0.058,0.072,0.568,0.302,29,36,284,151
24500,2,8,10,16,500,0.172,0.02,0.374,0.434,86,10,187,217
24500,2,10,12,20,500,0.0,0.002,0.996,0.002,0,1,498,1
24500,2,11,13,1,500,0.058,0.182,0.284,0.476,29,91,142,238
24500,2,12,14,3,500,0.006,0.002,0.992,0.0,3,1,496,0
24500,2,14,16,7,500,0.0,0.0,1.0,0.0,0,0,500,0
24500,2,15,17,9,500,0.11,0.022,0.856,0.012,55,11,428,6
24500,2,18,20,15,500,0.21,0.19,0.238,0.362,105,95,119,181
24500,3,0,3,0,500,0.0,0.0,1.0,0.0,0,0,500,0
24500,3,2,5,6,500,0.044,0.068,0.558,0.33,22,34,279,165
24500,3,4,7,12,500,0.072,0.034,0.866,0.028,36,17,433,14
24500,3,5,8,15,500,0.03,0.006,0.948,0.016,15,3,474,8
24500,3,6,9,18,500,0.142,0.038,0.766,0.054,71,19,383,27
24500,3,7,10,0,500,0.0,0.0,1.0,0.0,0,0,500,0
24500,3,8,11,3,500,0.018,0.004,0.968,0.01,9,2,484,5
24500,3,9,12,6,500,0.01,0.004,0.986,0.0,5,2,493,0
24500,3,10,13,9,500,0.0,0.0,1.0,0.0,0,0,500,0
24500,3,13,16,18,500,0.012,0.0,0.978,0.01,6,0,489,5
24500,3,14,17,0,500,0.0,0.002,0.998,0.0,0,1,499,0
24500,3,15,18,3,500,0.606,0.062,0.242,0.09,303,31,121,45
24500,3,16,19,6,500,0.0,0.0,1.0,0.0,0,0,500,0
24500,3,17,20,9,500,0.004,0.016,0.98,0.0,2,8,490,0
24500,4,0,4,0,500,0.0,0.0,1.0,0.0,0,0,500,0
24500,4,2,6,8,500,0.068,0.018,0.896,0.018,34,9,448,9
24500,4,5,9,20,500,0.0,0.004,0.996,0.0,0,2,498,0
24500,4,6,10,3,500,0.032,0.022,0.926,0.02,16,11,463,10
24500,4,7,11,7,500,0.0,0.0,1.0,0.0,0,0,500,0
24500,4,8,12,11,500,0.01,0.01,0.98,0.0,5,5,490,0
24500,4,9,13,15,500,0.024,0.34,0.39,0.246,12,170,195,123
24500,4,10,14,19,500,0.016,0.0,0.984,0.0,8,0,492,0
24500,4,11,15,2,500,0.002,0.0,0.992,0.006,1,0,496,3
24500,4,12,16,6,500,0.0,0.002,0.996,0.002,0,1,498,1
24500,4,13,17,10,500,0.01,0.0,0.99,0.0,5,0,495,0
24500,4,14,18,14,500,0.018,0.034,0.934,0.014,9,17,467,7
24500,4,16,20,1,500,0.0,0.0,1.0,0.0,0,0,500,0
24500,5,0,5,0,500,0.0,0.0,1.0,0.0,0,0,500,0
24500,5,2,7,10,500,0.0,0.0,1.0,0.0,0,0,500,0
24500,5,3,8,15,500,0.026,0.012,0.948,0.014,13,6,474,7
24500,5,4,9,20,500,0.0,0.002,0.998,0.0,0,1,499,0
24500,5,5,10,4,500,0.026,0.006,0.96,0.008,13,3,480,4
24500,5,7,12,14,500,0.018,0.092,0.848,0.042,9,46,424,21
24500,5,9,14,3,500,0.0,0.006,0.994,0.0,0,3,497,0
24500,5,10,15,8,500,0.008,0.004,0.984,0.004,4,2,492,2
24500,5,11,16,13,500,0.002,0.002,0.996,0.0,1,1,498,0
24500,5,12,17,18,500,0.078,0.014,0.886,0.022,39,7,443,11
24500,5,14,19,7,500,0.01,0.038,0.926,0.026,5,19,463,13
24500,5,15,20,12,500,0.008,0.008,0.984,0.0,4,4,492,0
24500,6,1,7,6,500,0.002,0.0,0.996,0.002,1,0,498,1
24500,6,2,8,12,500,0.06,0.002,0.928,0.01,30,1,464,5
24500,6,6,12,15,500,0.014,0.008,0.97,0.008,7,4,485,4
24500,6,8,14,6,500,0.004,0.002,0.99,0.004,2,1,495,2
24500,6,9,15,12,500,0.012,0.006,0.976,0.006,6,3,488,3
24500,6,12,18,9,500,0.092,0.084,0.796,0.028,46,42,398,14
24500,6,13,19,15,500,0.024,0.008,0.968,0.0,12,4,484,0
24500,7,0,7,0,500,0.026,0.302,0.284,0.388,13,151,142,194
24500,7,1,8,7,500,0.0,0.0,1.0,0.0,0,0,500,0
24500,7,3,10,0,500,0.0,0.0,1.0,0.0,0,0,500,0
24500,7,4,11,7,500,0.0,0.0,1.0,0.0,0,0,500,0
24500,7,7,14,7,500,0.03,0.188,0.574,0.208,15,94,287,104
24500,7,8,15,14,500,0.01,0.162,0.71,0.118,5,81,355,59
24500,7,9,16,0,500,0.0,0.0,1.0,0.0,0,0,500,0
24500,7,11,18,14,500,0.01,0.064,0.876,0.05,5,32,438,25
24500,7,13,20,7,500,0.002,0.0,0.998,0.0,1,0,499,0
24500,8,0,8,0,500,0.0,0.0,1.0,0.0,0,0,500,0
24500,8,1,9,8,500,0.016,0.0,0.984,0.0,8,0,492,0
24500,8,3,11,3,500,0.012,0.014,0.964,0.01,6,7,482,5
24500,8,5,13,19,500,0.0,0.0,1.0,0.0,0,0,500,0
24500,8,6,14,6,500,0.002,0.002,0.99,0.006,1,1,495,3
24500,8,7,15,14,500,0.002,0.118,0.716,0.164,1,59,358,82
24500,8,9,17,9,500,0.004,0.01,0.986,0.0,2,5,493,0
24500,8,11,19,4,500,0.002,0.0,0.998,0.0,1,0,499,0
24500,8,12,20,12,500,0.0,0.004,0.996,0.0,0,2,498,0
24500,9,4,13,15,500,0.03,0.402,0.35,0.218,15,201,175,109
24500,9,5,14,3,500,0.006,0.022,0.972,0.0,3,11,486,0
24500,9,6,15,12,500,0.02,0.006,0.96,0.014,10,3,480,7
24500,9,7,16,0,500,0.0,0.0,1.0,0.0,0,0,500,0
24500,9,8,17,9,500,0.01,0.02,0.97,0.0,5,10,485,0
24500,9,11,20,15,500,0.004,0.892,0.064,0.04,2,446,32,20
24500,10,0,10,0,500,0.0,0.0,1.0,0.0,0,0,500,0
24500,10,1,11,10,500,0.004,0.0,0.996,0.0,2,0,498,0
24500,10,2,12,20,500,0.006,0.002,0.992,0.0,3,1,496,0
24500,10,4,14,19,500,0.014,0.002,0.984,0.0,7,1,492,0
24500,10,5,15,8,500,0.022,0.002,0.966,0.01,11,1,483,5
24500,10,6,16,18,500,0.01,0.004,0.986,0.0,5,2,493,0
24500,10,7,17,7,500,0.0,0.0,1.0,0.0,0,0,500,0
24500,10,8,18,17,500,0.114,0.008,0.852,0.026,57,4,426,13
24500,10,9,19,6,500,0.0,0.0,1.0,0.0,0,0,500,0
24500,11,0,11,0,500,0.0,0.0,1.0,0.0,0,0,500,0
24500,11,1,12,11,500,0.0,0.0,1.0,0.0,0,0,500,0
24500,11,2,13,1,500,0.042,0.254,0.25,0.454,21,127,125,227
24500,11,6,17,3,500,0.0,0.0,1.0,0.0,0,0,500,0
24500,11,8,19,4,500,0.0,0.0,1.0,0.0,0,0,500,0
24500,11,9,20,15,500,0.052,0.546,0.202,0.2,26,273,101,100
24500,12,0,12,0,500,0.0,0.0,1.0,0.0,0,0,500,0
24500,12,1,13,12,500,0.006,0.0,0.994,0.0,3,0,497,0
24500,12,4,16,6,500,0.002,0.002,0.996,0.0,1,1,498,0
24500,12,5,17,18,500,0.076,0.044,0.858,0.022,38,22,429,11
24500,12,6,18,9,500,0.134,0.048,0.768,0.05,67,24,384,25
24500,12,8,20,12,500,0.0,0.004,0.996,0.0,0,2,498,0
24500,13,1,14,13,500,0.002,0.0,0.998,0.0,1,0,499,0
24500,13,3,16,18,500,0.014,0.002,0.974,0.01,7,1,487,5
24500,13,4,17,10,500,0.008,0.0,0.988,0.004,4,0,494,2
24500,13,5,18,2,500,0.002,0.006,0.992,0.0,1,3,496,0
24500,14,0,14,0,500,0.042,0.088,0.8,0.07,21,44,400,35
24500,14,1,15,14,500,0.062,0.024,0.844,0.07,31,12,422,35
24500,14,2,16,7,500,0.0,0.0,1.0,0.0,0,0,500,0
24500,14,3,17,0,500,0.0,0.002,0.998,0.0,0,1,499,0
24500,14,4,18,14,500,0.028,0.114,0.816,0.042,14,57,408,21
24500,14,5,19,7,500,0.044,0.09,0.748,0.118,22,45,374,59
24500,15,0,15,0,500,0.0,0.0,1.0,0.0,0,0,500,0
24500,15,2,17,9,500,0.086,0.02,0.874,0.02,43,10,437,10
24500,16,0,16,0,500,0.0,0.0,1.0,0.0,0,0,500,0
24500,16,2,18,11,500,0.0,0.0,1.0,0.0,0,0,500,0
24500,16,3,19,6,500,0.0,0.0,1.0,0.0,0,0,500,0
24500,17,0,17,0,500,0.0,0.0,1.0,0.0,0,0,500,0
24500,17,1,18,17,500,0.102,0.004,0.878,0.016,51,2,439,8
24500,17,2,19,13,500,0.0,0.0,1.0,0.0,0,0,500,0
24500,17,3,20,9,500,0.0,0.008,0.992,0.0,0,4,496,0
24500,18,0,18,0,500,0.0,0.0,1.0,0.0,0,0,500,0
24500,18,2,20,15,500,0.144,0.27,0.264,0.322,72,135,132,161
24500,19,0,19,0,500,0.0,0.0,1.0,0.0,0,0,500,0
24500,19,1,20,19,500,0.248,0.028,0.648,0.076,124,14,324,38
24500,20,0,20,0,500,0.0,0.0,1.0,0.0,0,0,500,0
25000,0,2,2,0,500,0.0,0.0,1.0,0.0,0,0,500,0
25000,0,5,5,0,500,0.0,0.0,1.0,0.0,0,0,500,0
25000,0,6,6,0,500,0.002,0.002,0.988,0.008,1,1,494,4
25000,0,7,7,0,500,0.014,0.35,0.282,0.354,7,175,141,177
25000,0,8,8,0,500,0.0,0.0,1.0,0.0,0,0,500,0
25000,0,10,10,0,500,0.0,0.0,1.0,0.0,0,0,500,0
25000,0,11,11,0,500,0.0,0.0,1.0,0.0,0,0,500,0
25000,0,14,14,0,500,0.014,0.054,0.902,0.03,7,27,451,15
25000,0,15,15,0,500,0.004,0.0,0.996,0.0,2,0,498,0
25000,0,16,16,0,500,0.0,0.0,1.0,0.0,0,0,500,0
25000,0,20,20,0,500,0.0,0.0,1.0,0.0,0,0,500,0
25000,1,0,1,0,500,0.0,0.0,1.0,0.0,0,0,500,0
25000,1,1,2,1,500,0.086,0.048,0.4,0.466,43,24,200,233
25000,1,3,4,3,500,0.124,0.128,0.356,0.392,62,64,178,196
25000,1,4,5,4,500,0.014,0.0,0.986,0.0,7,0,493,0
25000,1,5,6,5,500,0.032,0.014,0.63,0.324,16,7,315,162
25000,1,7,8,7,500,0.002,0.0,0.994,0.004,1,0,497,2
25000,1,8,9,8,500,0.02,0.002,0.978,0.0,10,1,489,0
25000,1,9,10,9,500,0.0,0.006,0.994,0.0,0,3,497,0
25000,1,11,12,11,500,0.01,0.008,0.98,0.002,5,4,490,1
25000,1,13,14,13,500,0.0,0.0,1.0,0.0,0,0,500,0
25000,1,14,15,14,500,0.008,0.052,0.822,0.118,4,26,411,59
25000,1,18,19,18,500,0.282,0.048,0.52,0.15,141,24,260,75
25000,1,19,20,19,500,0.094,0.024,0.84,0.042,47,12,420,21
25000,2,3,5,6,500,0.052,0.076,0.528,0.344,26,38,264,172
25000,2,8,10,16,500,0.2,0.022,0.36,0.418,100,11,180,209
25000,2,10,12,20,500,0.002,0.0,0.998,0.0,1,0,499,0
25000,2,11,13,1,500,0.126,0.124,0.294,0.456,63,62,147,228
25000,2,12,14,3,500,0.0,0.0,1.0,0.0,0,0,500,0
25000,2,14,16,7,500,0.0,0.0,1.0,0.0,0,0,500,0
25000,2,15,17,9,500,0.1,0.01,0.876,0.014,50,5,438,7
25000,2,18,20,15,500,0.186,0.212,0.226,0.376,93,106,113,188
25000,3,0,3,0,500,0.002,0.008,0.99,0.0,1,4,495,0
25000,3,2,5,6,500,0.048,0.066,0.616,0.27,24,33,308,135
25000,3,4,7,12,500,0.292,0.018,0.608,0.082,146,9,304,41
25000,3,5,8,15,500,0.024,0.014,0.934,0.028,12,7,467,14
25000,3,6,9,18,500,0.126,0.04,0.806,0.028,63,20,403,14
25000,3,7,10,0,500,0.0,0.0,1.0,0.0,0,0,500,0
25000,3,8,11,3,500,0.012,0.018,0.964,0.006,6,9,482,3
25000,3,9,12,6,500,0.0,0.008,0.992,0.0,0,4,496,0
25000,3,10,13,9,500,0.0,0.0,1.0,0.0,0,0,500,0
25000,3,13,16,18,500,0.024,0.006,0.954,0.016,12,3,477,8
25000,3,14,17,0,500,0.002,0.0,0.998,0.0,1,0,499,0
25000,3,15,18,3,500,0.608,0.048,0.25,0.094,304,24,125,47
25000,3,16,19,6,500,0.0,0.006,0.994,0.0,0,3,497,0
25000,3,17,20,9,500,0.004,0.004,0.992,0.0,2,2,496,0
25000,4,0,4,0,500,0.0,0.0,1.0,0.0,0,0,500,0
25000,4,2,6,8,500,0.018,0.04,0.938,0.004,9,20,469,2
25000,4,5,9,20,500,0.0,0.006,0.994,0.0,0,3,497,0
25000,4,6,10,3,500,0.096,0.076,0.764,0.064,48,38,382,32
25000,4,7,11,7,500,0.0,0.0,1.0,0.0,0,0,500,0
25000,4,8,12,11,500,0.01,0.0,0.99,0.0,5,0,495,0
25000,4,9,13,15,500,0.03,0.332,0.354,0.284,15,166,177,142
25000,4,10,14,19,500,0.02,0.006,0.974,0.0,10,3,487,0
25000,4,11,15,2,500,0.0,0.002,0.984,0.014,0,1,492,7
25000,4,12,16,6,500,0.0,0.0,1.0,0.0,0,0,500,0
25000,4,13,17,10,500,0.004,0.0,0.996,0.0,2,0,498,0
25000,4,14,18,14,500,0.014,0.034,0.946,0.006,7,17,473,3
25000,4,16,20,1,500,0.0,0.002,0.998,0.0,0,1,499,0
25000,5,0,5,0,500,0.0,0.0,1.0,0.0,0,0,500,0
25000,5,2,7,10,500,0.0,0.0,1.0,0.0,0,0,500,0
25000,5,3,8,15,500,0.022,0.022,0.938,0.018,11,11,469,9
25000,5,4,9,20,500,0.002,0.002,0.996,0.0,1,1,498,0
25000,5,5,10,4,500,0.032,0.052,0.888,0.028,16,26,444,14
25000,5,7,12,14,500,0.02,0.092,0.846,0.042,10,46,423,21
25000,5,9,14,3,500,0.004,0.006,0.99,0.0,2,3,495,0
25000,5,10,15,8,500,0.008,0.004,0.98,0.008,4,2,490,4
25000,5,11,16,13,500,0.002,0.002,0.994,0.002,1,1,497,1
25000,5,12,17,18,500,0.104,0.028,0.844,0.024,52,14,422,12
25000,5,14,19,7,500,0.042,0.05,0.838,0.07,21,25,419,35
25000,5,15,20,12,500,0.014,0.004,0.982,0.0,7,2,491,0
25000,6,1,7,6,500,0.0,0.0,1.0,0.0,0,0,500,0
25000,6,2,8,12,500,0.07,0.006,0.918,0.006,35,3,459,3
25000,6,6,12,15,500,0.018,0.01,0.962,0.01,9,5,481,5
25000,6,8,14,6,500,0.002,0.002,0.988,0.008,1,1,494,4
25000,6,9,15,12,500,0.016,0.004,0.958,0.022,8,2,479,11
25000,6,12,18,9,500,0.098,0.044,0.818,0.04,49,22,409,20
25000,6,13,19,15,500,0.004,0.002,0.994,0.0,2,1,497,0
25000,7,0,7,0,500,0.0,0.348,0.294,0.358,0,174,147,179
25000,7,1,8,7,500,0.006,0.0,0.994,0.0,3,0,497,0
25000,7,3,10,0,500,0.0,0.0,1.0,0.0,0,0,500,0
25000,7,4,11,7,500,0.0,0.0,1.0,0.0,0,0,500,0
25000,7,7,14,7,500,0.022,0.064,0.834,0.08,11,32,417,40
25000,7,8,15,14,500,0.006,0.068,0.784,0.142,3,34,392,71
25000,7,9,16,0,500,0.0,0.0,1.0,0.0,0,0,500,0
25000,7,11,18,14,500,0.01,0.036,0.952,0.002,5,18,476,1
25000,7,13,20,7,500,0.0,0.0,1.0,0.0,0,0,500,0
25000,8,0,8,0,500,0.0,0.0,1.0,0.0,0,0,500,0
25000,8,1,9,8,500,0.012,0.0,0.988,0.0,6,0,494,0
25000,8,3,11,3,500,0.022,0.002,0.968,0.008,11,1,484,4
25000,8,5,13,19,500,0.0,0.0,1.0,0.0,0,0,500,0
25000,8,6,14,6,500,0.002,0.004,0.986,0.008,1,2,493,4
25000,8,7,15,14,500,0.002,0.058,0.826,0.114,1,29,413,57
25000,8,9,17,9,500,0.0,0.01,0.99,0.0,0,5,495,0
25000,8,11,19,4,500,0.002,0.0,0.998,0.0,1,0,499,0
25000,8,12,20,12,500,0.002,0.0,0.998,0.0,1,0,499,0
25000,9,4,13,15,500,0.01,0.462,0.326,0.202,5,231,163,101
25000,9,5,14,3,500,0.0,0.002,0.998,0.0,0,1,499,0
25000,9,6,15,12,500,0.028,0.004,0.95,0.018,14,2,475,9
25000,9,7,16,0,500,0.0,0.0,1.0,0.0,0,0,500,0
25000,9,8,17,9,500,0.022,0.012,0.966,0.0,11,6,483,0
25000,9,11,20,15,500,0.004,0.906,0.05,0.04,2,453,25,20
25000,10,0,10,0,500,0.0,0.0,1.0,0.0,0,0,500,0
25000,10,1,11,10,500,0.002,0.0,0.998,0.0,1,0,499,0
25000,10,2,12,20,500,0.006,0.0,0.994,0.0,3,0,497,0
25000,10,4,14,19,500,0.026,0.002,0.97,0.002,13,1,485,1
25000,10,5,15,8,500,0.018,0.006,0.968,0.008,9,3,484,4
25000,10,6,16,18,500,0.01,0.004,0.98,0.006,5,2,490,3
25000,10,7,17,7,500,0.0,0.0,1.0,0.0,0,0,500,0
25000,10,8,18,17,500,0.14,0.012,0.82,0.028,70,6,410,14
25000,10,9,19,6,500,0.0,0.002,0.998,0.0,0,1,499,0
25000,11,0,11,0,500,0.0,0.0,1.0,0.0,0,0,500,0
25000,11,1,12,11,500,0.008,0.008,0.982,0.002,4,4,491,1
25000,11,2,13,1,500,0.082,0.206,0.298,0.414,41,103,149,207
25000,11,6,17,3,500,0.002,0.0,0.996,0.002,1,0,498,1
25000,11,8,19,4,500,0.0,0.002,0.998,0.0,0,1,499,0
25000,11,9,20,15,500,0.068,0.482,0.208,0.242,34,241,104,121
25000,12,0,12,0,500,0.0,0.0,1.0,0.0,0,0,500,0
25000,12,1,13,12,500,0.004,0.004,0.992,0.0,2,2,496,0
25000,12,4,16,6,500,0.0,0.004,0.996,0.0,0,2,498,0
25000,12,5,17,18,500,0.082,0.036,0.86,0.022,41,18,430,11
25000,12,6,18,9,500,0.12,0.028,0.804,0.048,60,14,402,24
25000,12,8,20,12,500,0.0,0.0,1.0,0.0,0,0,500,0
25000,13,1,14,13,500,0.004,0.0,0.996,0.0,2,0,498,0
25000,13,3,16,18,500,0.016,0.004,0.966,0.014,8,2,483,7
25000,13,4,17,10,500,0.0,0.002,0.996,0.002,0,1,498,1
25000,13,5,18,2,500,0.0,0.0,1.0,0.0,0,0,500,0
25000,14,0,14,0,500,0.012,0.046,0.904,0.038,6,23,452,19
25000,14,1,15,14,500,0.016,0.074,0.838,0.072,8,37,419,36
25000,14,2,16,7,500,0.0,0.0,1.0,0.0,0,0,500,0
25000,14,3,17,0,500,0.002,0.002,0.996,0.0,1,1,498,0
25000,14,4,18,14,500,0.016,0.086,0.836,0.062,8,43,418,31
25000,14,5,19,7,500,0.058,0.044,0.794,0.104,29,22,397,52
25000,15,0,15,0,500,0.0,0.0,1.0,0.0,0,0,500,0
25000,15,2,17,9,500,0.14,0.002,0.852,0.006,70,1,426,3
25000,16,0,16,0,500,0.0,0.0,1.0,0.0,0,0,500,0
25000,16,2,18,11,500,0.0,0.002,0.998,0.0,0,1,499,0
25000,16,3,19,6,500,0.0,0.004,0.996,0.0,0,2,498,0
25000,17,0,17,0,500,0.0,0.0,1.0,0.0,0,0,500,0
25000,17,1,18,17,500,0.156,0.01,0.802,0.032,78,5,401,16
25000,17,2,19,13,500,0.0,0.0,1.0,0.0,0,0,500,0
25000,17,3,20,9,500,0.002,0.004,0.994,0.0,1,2,497,0
25000,18,0,18,0,500,0.0,0.0,1.0,0.0,0,0,500,0
25000,18,2,20,15,500,0.126,0.312,0.236,0.326,63,156,118,163
25000,19,0,19,0,500,0.002,0.0,0.998,0.0,1,0,499,0
25000,19,1,20,19,500,0.128,0.028,0.794,0.05,64,14,397,25
25000,20,0,20,0,500,0.0,0.0,1.0,0.0,0,0,500,0
25500,0,2,2,0,500,0.0,0.0,1.0,0.0,0,0,500,0
25500,0,5,5,0,500,0.0,0.0,1.0,0.0,0,0,500,0
25500,0,6,6,0,500,0.004,0.004,0.984,0.008,2,2,492,4
25500,0,7,7,0,500,0.006,0.368,0.25,0.376,3,184,125,188
25500,0,8,8,0,500,0.0,0.0,1.0,0.0,0,0,500,0
25500,0,10,10,0,500,0.0,0.0,1.0,0.0,0,0,500,0
25500,0,11,11,0,500,0.0,0.0,1.0,0.0,0,0,500,0
25500,0,14,14,0,500,0.06,0.07,0.822,0.048,30,35,411,24
25500,0,15,15,0,500,0.008,0.002,0.988,0.002,4,1,494,1
25500,0,16,16,0,500,0.0,0.0,1.0,0.0,0,0,500,0
25500,0,20,20,0,500,0.0,0.0,1.0,0.0,0,0,500,0
25500,1,0,1,0,500,0.0,0.0,1.0,0.0,0,0,500,0
25500,1,1,2,1,500,0.056,0.194,0.3,0.45,28,97,150,225
25500,1,3,4,3,500,0.192,0.068,0.386,0.354,96,34,193,177
25500,1,4,5,4,500,0.008,0.002,0.99,0.0,4,1,495,0
25500,1,5,6,5,500,0.018,0.012,0.698,0.272,9,6,349,136
25500,1,7,8,7,500,0.0,0.0,1.0,0.0,0,0,500,0
25500,1,8,9,8,500,0.038,0.006,0.95,0.006,19,3,475,3
25500,1,9,10,9,500,0.002,0.002,0.996,0.0,1,1,498,0
25500,1,11,12,11,500,0.004,0.006,0.99,0.0,2,3,495,0
25500,1,13,14,13,500,0.0,0.0,1.0,0.0,0,0,500,0
25500,1,14,15,14,500,0.034,0.02,0.684,0.262,17,10,342,131
25500,1,18,19,18,500,0.148,0.06,0.694,0.098,74,30,347,49
25500,1,19,20,19,500,0.012,0.02,0.954,0.014,6,10,477,7
25500,2,3,5,6,500,0.044,0.042,0.622,0.292,22,21,311,146
25500,2,8,10,16,500,0.196,0.01,0.38,0.414,98,5,190,207
25500,2,10,12,20,500,0.0,0.0,1.0,0.0,0,0,500,0
25500,2,11,13,1,500,0.044,0.206,0.25,0.5,22,103,125,250
25500,2,12,14,3,500,0.002,0.0,0.998,0.0,1,0,499,0
25500,2,14,16,7,500,0.0,0.0,1.0,0.0,0,0,500,0
25500,2,15,17,9,500,0.07,0.022,0.896,0.012,35,11,448,6
25500,2,18,20,15,500,0.108,0.26,0.25,0.382,54,130,125,191
25500,3,0,3,0,500,0.0,0.006,0.994,0.0,0,3,497,0
25500,3,2,5,6,500,0.046,0.044,0.61,0.3,23,22,305,150
25500,3,4,7,12,500,0.17,0.02,0.736,0.074,85,10,368,37
25500,3,5,8,15,500,0.014,0.018,0.96,0.008,7,9,480,4
25500,3,6,9,18,500,0.132,0.036,0.75,0.082,66,18,375,41
25500,3,7,10,0,500,0.0,0.0,1.0,0.0,0,0,500,0
25500,3,8,11,3,500,0.01,0.024,0.958,0.008,5,12,479,4
25500,3,9,12,6,500,0.006,0.008,0.984,0.002,3,4,492,1
25500,3,10,13,9,500,0.0,0.0,1.0,0.0,0,0,500,0
25500,3,13,16,18,500,0.022,0.0,0.968,0.01,11,0,484,5
25500,3,14,17,0,500,0.002,0.0,0.998,0.0,1,0,499,0
25500,3,15,18,3,500,0.626,0.046,0.242,0.086,313,23,121,43
25500,3,16,19,6,500,0.0,0.0,1.0,0.0,0,0,500,0
25500,3,17,20,9,500,0.002,0.004,0.992,0.002,1,2,496,1
25500,4,0,4,0,500,0.0,0.0,1.0,0.0,0,0,500,0
25500,4,2,6,8,500,0.03,0.114,0.826,0.03,15,57,413,15
25500,4,5,9,20,500,0.0,0.002,0.998,0.0,0,1,499,0
25500,4,6,10,3,500,0.028,0.014,0.93,0.028,14,7,465,14
25500,4,7,11,7,500,0.0,0.0,1.0,0.0,0,0,500,0
25500,4,8,12,11,500,0.004,0.002,0.994,0.0,2,1,497,0
25500,4,9,13,15,500,0.008,0.378,0.344,0.27,4,189,172,135
25500,4,10,14,19,500,0.018,0.002,0.98,0.0,9,1,490,0
25500,4,11,15,2,500,0.006,0.004,0.982,0.008,3,2,491,4
25500,4,12,16,6,500,0.0,0.0,1.0,0.0,0,0,500,0
25500,4,13,17,10,500,0.002,0.0,0.996,0.002,1,0,498,1
25500,4,14,18,14,500,0.022,0.042,0.93,0.006,11,21,465,3
25500,4,16,20,1,500,0.0,0.0,1.0,0.0,0,0,500,0
25500,5,0,5,0,500,0.0,0.0,1.0,0.0,0,0,500,0
25500,5,2,7,10,500,0.0,0.002,0.998,0.0,0,1,499,0
25500,5,3,8,15,500,0.008,0.012,0.974,0.006,4,6,487,3
25500,5,4,9,20,500,0.002,0.004,0.994,0.0,1,2,497,0
25500,5,5,10,4,500,0.056,0.018,0.91,0.016,28,9,455,8
25500,5,7,12,14,500,0.07,0.016,0.878,0.036,35,8,439,18
25500,5,9,14,3,500,0.008,0.006,0.986,0.0,4,3,493,0
25500,5,10,15,8,500,0.0,0.002,0.994,0.004,0,1,497,2
25500,5,11,16,13,500,0.002,0.0,0.996,0.002,1,0,498,1
25500,5,12,17,18,500,0.06,0.012,0.92,0.008,30,6,460,4
25500,5,14,19,7,500,0.018,0.026,0.922,0.034,9,13,461,17
25500,5,15,20,12,500,0.006,0.012,0.98,0.002,3,6,490,1
25500,6,1,7,6,500,0.002,0.0,0.998,0.0,1,0,499,0
25500,6,2,8,12,500,0.032,0.0,0.966,0.002,16,0,483,1
25500,6,6,12,15,500,0.014,0.004,0.978,0.004,7,2,489,2
25500,6,8,14,6,500,0.006,0.002,0.99,0.002,3,1,495,1
25500,6,9,15,12,500,0.012,0.0,0.972,0.016,6,0,486,8
25500,6,12,18,9,500,0.1,0.054,0.76,0.086,50,27,380,43
25500,6,13,19,15,500,0.008,0.002,0.988,0.002,4,1,494,1
25500,7,0,7,0,500,0.004,0.376,0.236,0.384,2,188,118,192
25500,7,1,8,7,500,0.002,0.0,0.996,0.002,1,0,498,1
25500,7,3,10,0,500,0.002,0.0,0.998,0.0,1,0,499,0
25500,7,4,11,7,500,0.0,0.0,1.0,0.0,0,0,500,0
25500,7,7,14,7,500,0.022,0.12,0.75,0.108,11,60,375,54
25500,7,8,15,14,500,0.008,0.088,0.82,0.084,4,44,410,42
25500,7,9,16,0,500,0.0,0.0,1.0,0.0,0,0,500,0
25500,7,11,18,14,500,0.01,0.032,0.942,0.016,5,16,471,8
25500,7,13,20,7,500,0.0,0.002,0.998,0.0,0,1,499,0
25500,8,0,8,0,500,0.0,0.0,1.0,0.0,0,0,500,0
25500,8,1,9,8,500,0.004,0.002,0.994,0.0,2,1,497,0
25500,8,3,11,3,500,0.022,0.012,0.958,0.008,11,6,479,4
25500,8,5,13,19,500,0.0,0.0,1.0,0.0,0,0,500,0
25500,8,6,14,6,500,0.0,0.0,0.994,0.006,0,0,497,3
25500,8,7,15,14,500,0.024,0.06,0.816,0.1,12,30,408,50
25500,8,9,17,9,500,0.006,0.006,0.988,0.0,3,3,494,0
25500,8,11,19,4,500,0.0,0.0,1.0,0.0,0,0,500,0
25500,8,12,20,12,500,0.0,0.002,0.998,0.0,0,1,499,0
25500,9,4,13,15,500,0.016,0.38,0.318,0.286,8,190,159,143
25500,9,5,14,3,500,0.0,0.002,0.998,0.0,0,1,499,0
25500,9,6,15,12,500,0.022,0.008,0.956,0.014,11,4,478,7
25500,9,7,16,0,500,0.0,0.0,1.0,0.0,0,0,500,0
25500,9,8,17,9,500,0.008,0.018,0.974,0.0,4,9,487,0
25500,9,11,20,15,500,0.006,0.846,0.084,0.064,3,423,42,32
25500,10,0,10,0,500,0.0,0.0,1.0,0.0,0,0,500,0
25500,10,1,11,10,500,0.0,0.004,0.996,0.0,0,2,498,0
25500,10,2,12,20,500,0.008,0.0,0.992,0.0,4,0,496,0
25500,10,4,14,19,500,0.02,0.0,0.98,0.0,10,0,490,0
25500,10,5,15,8,500,0.004,0.002,0.992,0.002,2,1,496,1
25500,10,6,16,18,500,0.012,0.0,0.982,0.006,6,0,491,3
25500,10,7,17,7,500,0.0,0.0,1.0,0.0,0,0,500,0
25500,10,8,18,17,500,0.09,0.004,0.882,0.024,45,2,441,12
25500,10,9,19,6,500,0.0,0.0,1.0,0.0,0,0,500,0
25500,11,0,11,0,500,0.0,0.0,1.0,0.0,0,0,500,0
25500,11,1,12,11,500,0.004,0.008,0.988,0.0,2,4,494,0
25500,11,2,13,1,500,0.054,0.266,0.276,0.404,27,133,138,202
25500,11,6,17,3,500,0.012,0.004,0.982,0.002,6,2,491,1
25500,11,8,19,4,500,0.0,0.0,0.998,0.002,0,0,499,1
25500,11,9,20,15,500,0.078,0.494,0.21,0.218,39,247,105,109
25500,12,0,12,0,500,0.006,0.0,0.994,0.0,3,0,497,0
25500,12,1,13,12,500,0.002,0.008,0.99,0.0,1,4,495,0
25500,12,4,16,6,500,0.002,0.0,0.996,0.002,1,0,498,1
25500,12,5,17,18,500,0.064,0.032,0.892,0.012,32,16,446,6
25500,12,6,18,9,500,0.112,0.05,0.746,0.092,56,25,373,46
25500,12,8,20,12,500,0.004,0.002,0.994,0.0,2,1,497,0
25500,13,1,14,13,500,0.0,0.0,0.998,0.002,0,0,499,1
25500,13,3,16,18,500,0.032,0.0,0.952,0.016,16,0,476,8
25500,13,4,17,10,500,0.0,0.0,1.0,0.0,0,0,500,0
25500,13,5,18,2,500,0.0,0.0,0.996,0.004,0,0,498,2
25500,14,0,14,0,500,0.038,0.074,0.822,0.066,19,37,411,33
25500,14,1,15,14,500,0.02,0.054,0.65,0.276,10,27,325,138
25500,14,2,16,7,500,0.0,0.002,0.998,0.0,0,1,499,0
25500,14,3,17,0,500,0.0,0.002,0.998,0.0,0,1,499,0
25500,14,4,18,14,500,0.014,0.046,0.934,0.006,7,23,467,3
25500,14,5,19,7,500,0.022,0.032,0.91,0.036,11,16,455,18
25500,15,0,15,0,500,0.002,0.002,0.994,0.002,1,1,497,1
25500,15,2,17,9,500,0.094,0.006,0.894,0.006,47,3,447,3
25500,16,0,16,0,500,0.0,0.0,1.0,0.0,0,0,500,0
25500,16,2,18,11,500,0.0,0.0,1.0,0.0,0,0,500,0
25500,16,3,19,6,500,0.0,0.0,1.0,0.0,0,0,500,0
25500,17,0,17,0,500,0.0,0.0,1.0,0.0,0,0,500,0
25500,17,1,18,17,500,0.1,0.002,0.878,0.02,50,1,439,10
25500,17,2,19,13,500,0.0,0.0,1.0,0.0,0,0,500,0
25500,17,3,20,9,500,0.002,0.014,0.984,0.0,1,7,492,0
25500,18,0,18,0,500,0.002,0.0,0.998,0.0,1,0,499,0
25500,18,2,20,15,500,0.138,0.192,0.262,0.408,69,96,131,204
25500,19,0,19,0,500,0.002,0.0,0.998,0.0,1,0,499,0
25500,19,1,20,19,500,0.13,0.012,0.804,0.054,65,6,402,27
25500,20,0,20,0,500,0.0,0.0,1.0,0.0,0,0,500,0
26000,0,2,2,0,500,0.0,0.0,1.0,0.0,0,0,500,0
26000,0,5,5,0,500,0.0,0.0,1.0,0.0,0,0,500,0
26000,0,6,6,0,500,0.012,0.0,0.982,0.006,6,0,491,3
26000,0,7,7,0,500,0.012,0.406,0.242,0.34,6,203,121,170
26000,0,8,8,0,500,0.002,0.0,0.998,0.0,1,0,499,0
26000,0,10,10,0,500,0.0,0.0,1.0,0.0,0,0,500,0
26000,0,11,11,0,500,0.0,0.0,1.0,0.0,0,0,500,0
26000,0,14,14,0,500,0.046,0.066,0.84,0.048,23,33,420,24
26000,0,15,15,0,500,0.0,0.0,0.998,0.002,0,0,499,1
26000,0,16,16,0,500,0.0,0.0,1.0,0.0,0,0,500,0
26000,0,20,20,0,500,0.0,0.0,1.0,0.0,0,0,500,0
26000,1,0,1,0,500,0.0,0.0,1.0,0.0,0,0,500,0
26000,1,1,2,1,500,0.058,0.092,0.386,0.464,29,46,193,232
26000,1,3,4,3,500,0.218,0.142,0.288,0.352,109,71,144,176
26000,1,4,5,4,500,0.002,0.002,0.996,0.0,1,1,498,0
26000,1,5,6,5,500,0.03,0.008,0.572,0.39,15,4,286,195
26000,1,7,8,7,500,0.002,0.0,0.998,0.0,1,0,499,0
26000,1,8,9,8,500,0.022,0.0,0.978,0.0,11,0,489,0
26000,1,9,10,9,500,0.004,0.006,0.99,0.0,2,3,495,0
26000,1,11,12,11,500,0.004,0.002,0.986,0.008,2,1,493,4
26000,1,13,14,13,500,0.0,0.0,0.998,0.002,0,0,499,1
26000,1,14,15,14,500,0.002,0.05,0.73,0.218,1,25,365,109
26000,1,18,19,18,500,0.16,0.04,0.758,0.042,80,20,379,21
26000,1,19,20,19,500,0.068,0.028,0.858,0.046,34,14,429,23
26000,2,3,5,6,500,0.044,0.028,0.582,0.346,22,14,291,173
26000,2,8,10,16,500,0.152,0.048,0.37,0.43,76,24,185,215
26000,2,10,12,20,500,0.0,0.002,0.998,0.0,0,1,499,0
26000,2,11,13,1,500,0.036,0.226,0.25,0.488,18,113,125,244
26000,2,12,14,3,500,0.008,0.002,0.99,0.0,4,1,495,0
26000,2,14,16,7,500,0.0,0.0,1.0,0.0,0,0,500,0
26000,2,15,17,9,500,0.112,0.018,0.854,0.016,56,9,427,8
26000,2,18,20,15,500,0.196,0.204,0.236,0.364,98,102,118,182
26000,3,0,3,0,500,0.002,0.014,0.984,0.0,1,7,492,0
26000,3,2,5,6,500,0.076,0.022,0.58,0.322,38,11,290,161
26000,3,4,7,12,500,0.18,0.022,0.684,0.114,90,11,342,57
26000,3,5,8,15,500,0.01,0.008,0.982,0.0,5,4,491,0
26000,3,6,9,18,500,0.1,0.036,0.832,0.032,50,18,416,16
26000,3,7,10,0,500,0.0,0.0,1.0,0.0,0,0,500,0
26000,3,8,11,3,500,0.01,0.022,0.962,0.006,5,11,481,3
26000,3,9,12,6,500,0.016,0.002,0.982,0.0,8,1,491,0
26000,3,10,13,9,500,0.0,0.0,1.0,0.0,0,0,500,0
26000,3,13,16,18,500,0.014,0.004,0.966,0.016,7,2,483,8
26000,3,14,17,0,500,0.002,0.0,0.998,0.0,1,0,499,0
26000,3,15,18,3,500,0.606,0.058,0.2,0.136,303,29,100,68
26000,3,16,19,6,500,0.0,0.0,1.0,0.0,0,0,500,0
26000,3,17,20,9,500,0.002,0.006,0.992,0.0,1,3,496,0
26000,4,0,4,0,500,0.0,0.0,1.0,0.0,0,0,500,0
26000,4,2,6,8,500,0.03,0.064,0.89,0.016,15,32,445,8
26000,4,5,9,20,500,0.0,0.002,0.998,0.0,0,1,499,0
26000,4,6,10,3,500,0.026,0.03,0.924,0.02,13,15,462,10
26000,4,7,11,7,500,0.0,0.0,1.0,0.0,0,0,500,0
26000,4,8,12,11,500,0.016,0.008,0.974,0.002,8,4,487,1
26000,4,9,13,15,500,0.018,0.258,0.428,0.296,9,129,214,148
26000,4,10,14,19,500,0.006,0.0,0.994,0.0,3,0,497,0
26000,4,11,15,2,500,0.002,0.002,0.994,0.002,1,1,497,1
26000,4,12,16,6,500,0.0,0.0,1.0,0.0,0,0,500,0
26000,4,13,17,10,500,0.002,0.002,0.996,0.0,1,1,498,0
26000,4,14,18,14,500,0.1,0.038,0.854,0.008,50,19,427,4
26000,4,16,20,1,500,0.0,0.0,1.0,0.0,0,0,500,0
26000,5,0,5,0,500,0.0,0.0,1.0,0.0,0,0,500,0
26000,5,2,7,10,500,0.0,0.0,1.0,0.0,0,0,500,0
26000,5,3,8,15,500,0.014,0.018,0.962,0.006,7,9,481,3
26000,5,4,9,20,500,0.0,0.01,0.99,0.0,0,5,495,0
26000,5,5,10,4,500,0.194,0.018,0.722,0.066,97,9,361,33
26000,5,7,12,14,500,0.092,0.008,0.878,0.022,46,4,439,11
26000,5,9,14,3,500,0.01,0.008,0.982,0.0,5,4,491,0
26000,5,10,15,8,500,0.014,0.004,0.976,0.006,7,2,488,3
26000,5,11,16,13,500,0.002,0.0,0.996,0.002,1,0,498,1
26000,5,12,17,18,500,0.058,0.016,0.918,0.008,29,8,459,4
26000,5,14,19,7,500,0.042,0.008,0.938,0.012,21,4,469,6
26000,5,15,20,12,500,0.004,0.002,0.994,0.0,2,1,497,0
26000,6,1,7,6,500,0.008,0.0,0.98,0.012,4,0,490,6
26000,6,2,8,12,500,0.034,0.004,0.954,0.008,17,2,477,4
26000,6,6,12,15,500,0.014,0.0,0.982,0.004,7,0,491,2
26000,6,8,14,6,500,0.016,0.004,0.978,0.002,8,2,489,1
26000,6,9,15,12,500,0.01,0.004,0.972,0.014,5,2,486,7
26000,6,12,18,9,500,0.106,0.054,0.798,0.042,53,27,399,21
26000,6,13,19,15,500,0.008,0.0,0.992,0.0,4,0,496,0
26000,7,0,7,0,500,0.028,0.338,0.254,0.38,14,169,127,190
26000,7,1,8,7,500,0.0,0.0,1.0,0.0,0,0,500,0
26000,7,3,10,0,500,0.0,0.0,1.0,0.0,0,0,500,0
26000,7,4,11,7,500,0.0,0.0,1.0,0.0,0,0,500,0
26000,7,7,14,7,500,0.012,0.096,0.78,0.112,6,48,390,56
26000,7,8,15,14,500,0.002,0.108,0.776,0.114,1,54,388,57
26000,7,9,16,0,500,0.0,0.0,1.0,0.0,0,0,500,0
26000,7,11,18,14,500,0.016,0.048,0.93,0.006,8,24,465,3
26000,7,13,20,7,500,0.002,0.0,0.998,0.0,1,0,499,0
26000,8,0,8,0,500,0.0,0.0,1.0,0.0,0,0,500,0
26000,8,1,9,8,500,0.01,0.002,0.988,0.0,5,1,494,0
26000,8,3,11,3,500,0.02,0.006,0.96,0.014,10,3,480,7
26000,8,5,13,19,500,0.0,0.0,1.0,0.0,0,0,500,0
26000,8,6,14,6,500,0.006,0.0,0.994,0.0,3,0,497,0
26000,8,7,15,14,500,0.014,0.042,0.902,0.042,7,21,451,21
26000,8,9,17,9,500,0.01,0.002,0.988,0.0,5,1,494,0
26000,8,11,19,4,500,0.0,0.0,1.0,0.0,0,0,500,0
26000,8,12,20,12,500,0.004,0.002,0.994,0.0,2,1,497,0
26000,9,4,13,15,500,0.03,0.338,0.364,0.268,15,169,182,134
26000,9,5,14,3,500,0.008,0.01,0.982,0.0,4,5,491,0
26000,9,6,15,12,500,0.016,0.006,0.972,0.006,8,3,486,3
26000,9,7,16,0,500,0.0,0.0,1.0,0.0,0,0,500,0
26000,9,8,17,9,500,0.016,0.008,0.976,0.0,8,4,488,0
26000,9,11,20,15,500,0.022,0.774,0.112,0.092,11,387,56,46
26000,10,0,10,0,500,0.0,0.0,1.0,0.0,0,0,500,0
26000,10,1,11,10,500,0.0,0.0,1.0,0.0,0,0,500,0
26000,10,2,12,20,500,0.01,0.0,0.99,0.0,5,0,495,0
26000,10,4,14,19,500,0.008,0.0,0.992,0.0,4,0,496,0
26000,10,5,15,8,500,0.01,0.002,0.982,0.006,5,1,491,3
26000,10,6,16,18,500,0.004,0.002,0.99,0.004,2,1,495,2
26000,10,7,17,7,500,0.002,0.0,0.998,0.0,1,0,499,0
26000,10,8,18,17,500,0.058,0.01,0.916,0.016,29,5,458,8
26000,10,9,19,6,500,0.002,0.0,0.998,0.0,1,0,499,0
26000,11,0,11,0,500,0.0,0.0,1.0,0.0,0,0,500,0
26000,11,1,12,11,500,0.012,0.02,0.96,0.008,6,10,480,4
26000,11,2,13,1,500,0.048,0.264,0.21,0.478,24,132,105,239
26000,11,6,17,3,500,0.006,0.006,0.988,0.0,3,3,494,0
26000,11,8,19,4,500,0.0,0.0,1.0,0.0,0,0,500,0
26000,11,9,20,15,500,0.084,0.434,0.21,0.272,42,217,105,136
26000,12,0,12,0,500,0.0,0.0,1.0,0.0,0,0,500,0
26000,12,1,13,12,500,0.002,0.002,0.996,0.0,1,1,498,0
26000,12,4,16,6,500,0.0,0.002,0.998,0.0,0,1,499,0
26000,12,5,17,18,500,0.05,0.024,0.914,0.012,25,12,457,6
26000,12,6,18,9,500,0.094,0.032,0.83,0.044,47,16,415,22
26000,12,8,20,12,500,0.0,0.006,0.994,0.0,0,3,497,0
26000,13,1,14,13,500,0.0,0.0,1.0,0.0,0,0,500,0
26000,13,3,16,18,500,0.022,0.002,0.966,0.01,11,1,483,5
26000,13,4,17,10,500,0.008,0.0,0.992,0.0,4,0,496,0
26000,13,5,18,2,500,0.002,0.0,0.996,0.002,1,0,498,1
26000,14,0,14,0,500,0.038,0.086,0.822,0.054,19,43,411,27
26000,14,1,15,14,500,0.008,0.036,0.878,0.078,4,18,439,39
26000,14,2,16,7,500,0.0,0.0,1.0,0.0,0,0,500,0
26000,14,3,17,0,500,0.002,0.0,0.998,0.0,1,0,499,0
26000,14,4,18,14,500,0.014,0.034,0.946,0.006,7,17,473,3
26000,14,5,19,7,500,0.04,0.016,0.902,0.042,20,8,451,21
26000,15,0,15,0,500,0.002,0.0,0.994,0.004,1,0,497,2
26000,15,2,17,9,500,0.12,0.012,0.848,0.02,60,6,424,10
26000,16,0,16,0,500,0.0,0.0,1.0,0.0,0,0,500,0
26000,16,2,18,11,500,0.0,0.0,1.0,0.0,0,0,500,0
26000,16,3,19,6,500,0.002,0.002,0.996,0.0,1,1,498,0
26000,17,0,17,0,500,0.0,0.0,1.0,0.0,0,0,500,0
26000,17,1,18,17,500,0.064,0.01,0.916,0.01,32,5,458,5
26000,17,2,19,13,500,0.0,0.0,1.0,0.0,0,0,500,0
26000,17,3,20,9,500,0.002,0.004,0.994,0.0,1,2,497,0
26000,18,0,18,0,500,0.0,0.002,0.998,0.0,0,1,499,0
26000,18,2,20,15,500,0.188,0.192,0.258,0.362,94,96,129,181
26000,19,0,19,0,500,0.002,0.0,0.998,0.0,1,0,499,0
26000,19,1,20,19,500,0.122,0.03,0.792,0.056,61,15,396,28
26000,20,0,20,0,500,0.0,0.0,1.0,0.0,0,0,500,0
26500,0,2,2,0,500,0.0,0.0,1.0,0.0,0,0,500,0
26500,0,5,5,0,500,0.0,0.0,1.0,0.0,0,0,500,0
26500,0,6,6,0,500,0.0,0.004,0.99,0.006,0,2,495,3
26500,0,7,7,0,500,0.004,0.37,0.29,0.336,2,185,145,168
26500,0,8,8,0,500,0.0,0.0,1.0,0.0,0,0,500,0
26500,0,10,10,0,500,0.0,0.0,1.0,0.0,0,0,500,0
26500,0,11,11,0,500,0.0,0.0,1.0,0.0,0,0,500,0
26500,0,14,14,0,500,0.052,0.072,0.832,0.044,26,36,416,22
26500,0,15,15,0,500,0.002,0.0,0.996,0.002,1,0,498,1
26500,0,16,16,0,500,0.0,0.0,1.0,0.0,0,0,500,0
26500,0,20,20,0,500,0.0,0.0,1.0,0.0,0,0,500,0
26500,1,0,1,0,500,0.0,0.0,1.0,0.0,0,0,500,0
26500,1,1,2,1,500,0.04,0.25,0.316,0.394,20,125,158,197
26500,1,3,4,3,500,0.192,0.106,0.366,0.336,96,53,183,168
26500,1,4,5,4,500,0.008,0.0,0.992,0.0,4,0,496,0
26500,1,5,6,5,500,0.026,0.03,0.558,0.386,13,15,279,193
26500,1,7,8,7,500,0.0,0.0,1.0,0.0,0,0,500,0
26500,1,8,9,8,500,0.024,0.0,0.974,0.002,12,0,487,1
26500,1,9,10,9,500,0.0,0.024,0.976,0.0,0,12,488,0
26500,1,11,12,11,500,0.0,0.002,0.998,0.0,0,1,499,0
26500,1,13,14,13,500,0.002,0.004,0.994,0.0,1,2,497,0
26500,1,14,15,14,500,0.0,0.026,0.798,0.176,0,13,399,88
26500,1,18,19,18,500,0.104,0.064,0.776,0.056,52,32,388,28
26500,1,19,20,19,500,0.072,0.072,0.78,0.076,36,36,390,38
26500,2,3,5,6,500,0.042,0.084,0.58,0.294,21,42,290,147
26500,2,8,10,16,500,0.098,0.022,0.358,0.522,49,11,179,261
26500,2,10,12,20,500,0.0,0.0,1.0,0.0,0,0,500,0
26500,2,11,13,1,500,0.052,0.196,0.344,0.408,26,98,172,204
26500,2,12,14,3,500,0.002,0.002,0.996,0.0,1,1,498,0
26500,2,14,16,7,500,0.0,0.0,1.0,0.0,0,0,500,0
26500,2,15,17,9,500,0.058,0.006,0.918,0.018,29,3,459,9
26500,2,18,20,15,500,0.168,0.208,0.248,0.376,84,104,124,188
26500,3,0,3,0,500,0.002,0.002,0.996,0.0,1,1,498,0
26500,3,2,5,6,500,0.054,0.066,0.54,0.34,27,33,270,170
26500,3,4,7,12,500,0.132,0.018,0.786,0.064,66,9,393,32
26500,3,5,8,15,500,0.034,0.004,0.956,0.006,17,2,478,3
26500,3,6,9,18,500,0.132,0.028,0.818,0.022,66,14,409,11
26500,3,7,10,0,500,0.0,0.0,1.0,0.0,0,0,500,0
26500,3,8,11,3,500,0.018,0.03,0.95,0.002,9,15,475,1
26500,3,9,12,6,500,0.008,0.006,0.984,0.002,4,3,492,1
26500,3,10,13,9,500,0.0,0.0,1.0,0.0,0,0,500,0
26500,3,13,16,18,500,0.018,0.006,0.97,0.006,9,3,485,3
26500,3,14,17,0,500,0.0,0.004,0.996,0.0,0,2,498,0
26500,3,15,18,3,500,0.588,0.038,0.278,0.096,294,19,139,48
26500,3,16,19,6,500,0.0,0.0,0.998,0.002,0,0,499,1
26500,3,17,20,9,500,0.008,0.004,0.986,0.002,4,2,493,1
26500,4,0,4,0,500,0.0,0.0,1.0,0.0,0,0,500,0
26500,4,2,6,8,500,0.024,0.024,0.948,0.004,12,12,474,2
26500,4,5,9,20,500,0.0,0.0,1.0,0.0,0,0,500,0
26500,4,6,10,3,500,0.026,0.008,0.95,0.016,13,4,475,8
26500,4,7,11,7,500,0.0,0.0,1.0,0.0,0,0,500,0
26500,4,8,12,11,500,0.01,0.0,0.988,0.002,5,0,494,1
26500,4,9,13,15,500,0.026,0.298,0.398,0.278,13,149,199,139
26500,4,10,14,19,500,0.016,0.0,0.984,0.0,8,0,492,0
26500,4,11,15,2,500,0.0,0.0,1.0,0.0,0,0,500,0
26500,4,12,16,6,500,0.0,0.0,1.0,0.0,0,0,500,0
26500,4,13,17,10,500,0.002,0.0,0.998,0.0,1,0,499,0
26500,4,14,18,14,500,0.014,0.022,0.956,0.008,7,11,478,4
26500,4,16,20,1,500,0.0,0.0,1.0,0.0,0,0,500,0
26500,5,0,5,0,500,0.0,0.0,1.0,0.0,0,0,500,0
26500,5,2,7,10,500,0.0,0.0,1.0,0.0,0,0,500,0
26500,5,3,8,15,500,0.038,0.004,0.942,0.016,19,2,471,8
26500,5,4,9,20,500,0.0,0.0,1.0,0.0,0,0,500,0
26500,5,5,10,4,500,0.376,0.014,0.51,0.1,188,7,255,50
26500,5,7,12,14,500,0.03,0.06,0.886,0.024,15,30,443,12
26500,5,9,14,3,500,0.002,0.002,0.996,0.0,1,1,498,0
26500,5,10,15,8,500,0.014,0.002,0.978,0.006,7,1,489,3
26500,5,11,16,13,500,0.004,0.0,0.996,0.0,2,0,498,0
26500,5,12,17,18,500,0.078,0.016,0.89,0.016,39,8,445,8
26500,5,14,19,7,500,0.024,0.074,0.87,0.032,12,37,435,16
26500,5,15,20,12,500,0.008,0.004,0.986,0.002,4,2,493,1
26500,6,1,7,6,500,0.0,0.0,1.0,0.0,0,0,500,0
26500,6,2,8,12,500,0.078,0.002,0.904,0.016,39,1,452,8
26500,6,6,12,15,500,0.004,0.0,0.994,0.002,2,0,497,1
26500,6,8,14,6,500,0.012,0.0,0.986,0.002,6,0,493,1
26500,6,9,15,12,500,0.002,0.01,0.978,0.01,1,5,489,5
26500,6,12,18,9,500,0.108,0.04,0.816,0.036,54,20,408,18
26500,6,13,19,15,500,0.008,0.0,0.992,0.0,4,0,496,0
26500,7,0,7,0,500,0.012,0.362,0.298,0.328,6,181,149,164
26500,7,1,8,7,500,0.002,0.0,0.998,0.0,1,0,499,0
26500,7,3,10,0,500,0.0,0.0,1.0,0.0,0,0,500,0
26500,7,4,11,7,500,0.0,0.0,1.0,0.0,0,0,500,0
26500,7,7,14,7,500,0.006,0.05,0.886,0.058,3,25,443,29
26500,7,8,15,14,500,0.004,0.058,0.866,0.072,2,29,433,36
26500,7,9,16,0,500,0.0,0.0,1.0,0.0,0,0,500,0
26500,7,11,18,14,500,0.008,0.036,0.954,0.002,4,18,477,1
26500,7,13,20,7,500,0.0,0.0,1.0,0.0,0,0,500,0
26500,8,0,8,0,500,0.0,0.0,1.0,0.0,0,0,500,0
26500,8,1,9,8,500,0.03,0.002,0.962,0.006,15,1,481,3
26500,8,3,11,3,500,0.032,0.02,0.938,0.01,16,10,469,5
26500,8,5,13,19,500,0.0,0.0,1.0,0.0,0,0,500,0
26500,8,6,14,6,500,0.006,0.002,0.984,0.008,3,1,492,4
26500,8,7,15,14,500,0.002,0.034,0.934,0.03,1,17,467,15
26500,8,9,17,9,500,0.004,0.0,0.996,0.0,2,0,498,0
26500,8,11,19,4,500,0.0,0.002,0.998,0.0,0,1,499,0
26500,8,12,20,12,500,0.002,0.0,0.998,0.0,1,0,499,0
26500,9,4,13,15,500,0.022,0.41,0.348,0.22,11,205,174,110
26500,9,5,14,3,500,0.0,0.0,1.0,0.0,0,0,500,0
26500,9,6,15,12,500,0.004,0.014,0.954,0.028,2,7,477,14
26500,9,7,16,0,500,0.0,0.0,1.0,0.0,0,0,500,0
26500,9,8,17,9,500,0.006,0.006,0.988,0.0,3,3,494,0
26500,9,11,20,15,500,0.012,0.834,0.098,0.056,6,417,49,28
26500,10,0,10,0,500,0.0,0.0,1.0,0.0,0,0,500,0
26500,10,1,11,10,500,0.004,0.0,0.996,0.0,2,0,498,0
26500,10,2,12,20,500,0.006,0.0,0.994,0.0,3,0,497,0
26500,10,4,14,19,500,0.018,0.0,0.982,0.0,9,0,491,0
26500,10,5,15,8,500,0.018,0.002,0.976,0.004,9,1,488,2
26500,10,6,16,18,500,0.016,0.004,0.98,0.0,8,2,490,0
26500,10,7,17,7,500,0.002,0.0,0.998,0.0,1,0,499,0
26500,10,8,18,17,500,0.064,0.012,0.904,0.02,32,6,452,10
26500,10,9,19,6,500,0.0,0.0,1.0,0.0,0,0,500,0
26500,11,0,11,0,500,0.0,0.0,1.0,0.0,0,0,500,0
26500,11,1,12,11,500,0.002,0.0,0.994,0.004,1,0,497,2
26500,11,2,13,1,500,0.066,0.158,0.374,0.402,33,79,187,201
26500,11,6,17,3,500,0.006,0.0,0.994,0.0,3,0,497,0
26500,11,8,19,4,500,0.0,0.0,1.0,0.0,0,0,500,0
26500,11,9,20,15,500,0.046,0.568,0.182,0.204,23,284,91,102
26500,12,0,12,0,500,0.006,0.002,0.992,0.0,3,1,496,0
26500,12,1,13,12,500,0.0,0.002,0.996,0.002,0,1,498,1
26500,12,4,16,6,500,0.0,0.01,0.99,0.0,0,5,495,0
26500,12,5,17,18,500,0.044,0.02,0.916,0.02,22,10,458,10
26500,12,6,18,9,500,0.112,0.034,0.828,0.026,56,17,414,13
26500,12,8,20,12,500,0.002,0.002,0.996,0.0,1,1,498,0
26500,13,1,14,13,500,0.004,0.0,0.996,0.0,2,0,498,0
26500,13,3,16,18,500,0.028,0.002,0.958,0.012,14,1,479,6
26500,13,4,17,10,500,0.008,0.002,0.99,0.0,4,1,495,0
26500,13,5,18,2,500,0.006,0.002,0.99,0.002,3,1,495,1
26500,14,0,14,0,500,0.06,0.07,0.802,0.068,30,35,401,34
26500,14,1,15,14,500,0.004,0.022,0.838,0.136,2,11,419,68
26500,14,2,16,7,500,0.0,0.0,1.0,0.0,0,0,500,0
26500,14,3,17,0,500,0.0,0.0,1.0,0.0,0,0,500,0
26500,14,4,18,14,500,0.006,0.026,0.958,0.01,3,13,479,5
26500,14,5,19,7,500,0.016,0.068,0.868,0.048,8,34,434,24
26500,15,0,15,0,500,0.0,0.0,1.0,0.0,0,0,500,0
26500,15,2,17,9,500,0.066,0.004,0.924,0.006,33,2,462,3
26500,16,0,16,0,500,0.0,0.0,1.0,0.0,0,0,500,0
26500,16,2,18,11,500,0.0,0.0,1.0,0.0,0,0,500,0
26500,16,3,19,6,500,0.0,0.0,1.0,0.0,0,0,500,0
26500,17,0,17,0,500,0.0,0.0,1.0,0.0,0,0,500,0
26500,17,1,18,17,500,0.072,0.008,0.896,0.024,36,4,448,12
26500,17,2,19,13,500,0.0,0.0,1.0,0.0,0,0,500,0
26500,17,3,20,9,500,0.004,0.006,0.99,0.0,2,3,495,0
26500,18,0,18,0,500,0.0,0.0,1.0,0.0,0,0,500,0
26500,18,2,20,15,500,0.178,0.172,0.266,0.384,89,86,133,192
26500,19,0,19,0,500,0.0,0.0,1.0,0.0,0,0,500,0
26500,19,1,20,19,500,0.056,0.026,0.834,0.084,28,13,417,42
26500,20,0,20,0,500,0.0,0.0,1.0,0.0,0,0,500,0
27000,0,2,2,0,500,0.0,0.0,1.0,0.0,0,0,500,0
27000,0,5,5,0,500,0.0,0.0,1.0,0.0,0,0,500,0
27000,0,6,6,0,500,0.0,0.002,0.978,0.02,0,1,489,10
27000,0,7,7,0,500,0.002,0.308,0.344,0.346,1,154,172,173
27000,0,8,8,0,500,0.0,0.0,1.0,0.0,0,0,500,0
27000,0,10,10,0,500,0.0,0.0,1.0,0.0,0,0,500,0
27000,0,11,11,0,500,0.0,0.0,1.0,0.0,0,0,500,0
27000,0,14,14,0,500,0.048,0.072,0.868,0.012,24,36,434,6
27000,0,15,15,0,500,0.006,0.0,0.994,0.0,3,0,497,0
27000,0,16,16,0,500,0.0,0.0,1.0,0.0,0,0,500,0
27000,0,20,20,0,500,0.0,0.0,1.0,0.0,0,0,500,0
27000,1,0,1,0,500,0.0,0.0,1.0,0.0,0,0,500,0
27000,1,1,2,1,500,0.008,0.424,0.284,0.284,4,212,142,142
27000,1,3,4,3,500,0.158,0.07,0.388,0.384,79,35,194,192
27000,1,4,5,4,500,0.002,0.0,0.998,0.0,1,0,499,0
27000,1,5,6,5,500,0.024,0.04,0.546,0.39,12,20,273,195
27000,1,7,8,7,500,0.0,0.0,1.0,0.0,0,0,500,0
27000,1,8,9,8,500,0.024,0.0,0.972,0.004,12,0,486,2
27000,1,9,10,9,500,0.002,0.012,0.984,0.002,1,6,492,1
27000,1,11,12,11,500,0.0,0.006,0.994,0.0,0,3,497,0
27000,1,13,14,13,500,0.0,0.0,1.0,0.0,0,0,500,0
27000,1,14,15,14,500,0.03,0.036,0.71,0.224,15,18,355,112
27000,1,18,19,18,500,0.186,0.054,0.672,0.088,93,27,336,44
27000,1,19,20,19,500,0.014,0.042,0.886,0.058,7,21,443,29
27000,2,3,5,6,500,0.044,0.094,0.558,0.304,22,47,279,152
27000,2,8,10,16,500,0.164,0.016,0.364,0.456,82,8,182,228
27000,2,10,12,20,500,0.0,0.0,1.0,0.0,0,0,500,0
27000,2,11,13,1,500,0.038,0.172,0.31,0.48,19,86,155,240
27000,2,12,14,3,500,0.006,0.0,0.994,0.0,3,0,497,0
27000,2,14,16,7,500,0.0,0.0,1.0,0.0,0,0,500,0
27000,2,15,17,9,500,0.104,0.018,0.856,0.022,52,9,428,11
27000,2,18,20,15,500,0.178,0.168,0.218,0.436,89,84,109,218
27000,3,0,3,0,500,0.0,0.004,0.996,0.0,0,2,498,0
27000,3,2,5,6,500,0.042,0.074,0.568,0.316,21,37,284,158
27000,3,4,7,12,500,0.136,0.054,0.77,0.04,68,27,385,20
27000,3,5,8,15,500,0.024,0.014,0.938,0.024,12,7,469,12
27000,3,6,9,18,500,0.166,0.068,0.728,0.038,83,34,364,19
27000,3,7,10,0,500,0.0,0.0,1.0,0.0,0,0,500,0
27000,3,8,11,3,500,0.014,0.022,0.952,0.012,7,11,476,6
27000,3,9,12,6,500,0.004,0.004,0.992,0.0,2,2,496,0
27000,3,10,13,9,500,0.0,0.0,1.0,0.0,0,0,500,0
27000,3,13,16,18,500,0.024,0.006,0.964,0.006,12,3,482,3
27000,3,14,17,0,500,0.0,0.0,1.0,0.0,0,0,500,0
27000,3,15,18,3,500,0.554,0.04,0.292,0.114,277,20,146,57
27000,3,16,19,6,500,0.0,0.0,1.0,0.0,0,0,500,0
27000,3,17,20,9,500,0.014,0.01,0.974,0.002,7,5,487,1
27000,4,0,4,0,500,0.0,0.0,1.0,0.0,0,0,500,0
27000,4,2,6,8,500,0.018,0.05,0.914,0.018,9,25,457,9
27000,4,5,9,20,500,0.0,0.004,0.996,0.0,0,2,498,0
27000,4,6,10,3,500,0.032,0.044,0.894,0.03,16,22,447,15
27000,4,7,11,7,500,0.0,0.0,1.0,0.0,0,0,500,0
27000,4,8,12,11,500,0.004,0.01,0.986,0.0,2,5,493,0
27000,4,9,13,15,500,0.018,0.366,0.292,0.324,9,183,146,162
27000,4,10,14,19,500,0.01,0.002,0.988,0.0,5,1,494,0
27000,4,11,15,2,500,0.0,0.0,0.996,0.004,0,0,498,2
27000,4,12,16,6,500,0.0,0.0,1.0,0.0,0,0,500,0
27000,4,13,17,10,500,0.008,0.0,0.992,0.0,4,0,496,0
27000,4,14,18,14,500,0.01,0.018,0.966,0.006,5,9,483,3
27000,4,16,20,1,500,0.0,0.0,1.0,0.0,0,0,500,0
27000,5,0,5,0,500,0.0,0.0,1.0,0.0,0,0,500,0
27000,5,2,7,10,500,0.0,0.0,1.0,0.0,0,0,500,0
27000,5,3,8,15,500,0.026,0.002,0.96,0.012,13,1,480,6
27000,5,4,9,20,500,0.0,0.002,0.998,0.0,0,1,499,0
27000,5,5,10,4,500,0.334,0.022,0.522,0.122,167,11,261,61
27000,5,7,12,14,500,0.016,0.072,0.9,0.012,8,36,450,6
27000,5,9,14,3,500,0.002,0.0,0.998,0.0,1,0,499,0
27000,5,10,15,8,500,0.026,0.008,0.948,0.018,13,4,474,9
27000,5,11,16,13,500,0.002,0.0,0.998,0.0,1,0,499,0
27000,5,12,17,18,500,0.048,0.014,0.93,0.008,24,7,465,4
27000,5,14,19,7,500,0.046,0.05,0.878,0.026,23,25,439,13
27000,5,15,20,12,500,0.006,0.018,0.976,0.0,3,9,488,0
27000,6,1,7,6,500,0.002,0.0,0.998,0.0,1,0,499,0
27000,6,2,8,12,500,0.062,0.016,0.888,0.034,31,8,444,17
27000,6,6,12,15,500,0.016,0.002,0.976,0.006,8,1,488,3
27000,6,8,14,6,500,0.006,0.002,0.99,0.002,3,1,495,1
27000,6,9,15,12,500,0.01,0.004,0.976,0.01,5,2,488,5
27000,6,12,18,9,500,0.12,0.05,0.776,0.054,60,25,388,27
27000,6,13,19,15,500,0.02,0.012,0.968,0.0,10,6,484,0
27000,7,0,7,0,500,0.0,0.292,0.322,0.386,0,146,161,193
27000,7,1,8,7,500,0.002,0.0,0.998,0.0,1,0,499,0
27000,7,3,10,0,500,0.0,0.0,1.0,0.0,0,0,500,0
27000,7,4,11,7,500,0.0,0.0,1.0,0.0,0,0,500,0
27000,7,7,14,7,500,0.012,0.086,0.758,0.144,6,43,379,72
27000,7,8,15,14,500,0.006,0.084,0.798,0.112,3,42,399,56
27000,7,9,16,0,500,0.0,0.0,1.0,0.0,0,0,500,0
27000,7,11,18,14,500,0.004,0.018,0.974,0.004,2,9,487,2
27000,7,13,20,7,500,0.0,0.0,0.998,0.002,0,0,499,1
27000,8,0,8,0,500,0.0,0.0,1.0,0.0,0,0,500,0
27000,8,1,9,8,500,0.03,0.0,0.97,0.0,15,0,485,0
27000,8,3,11,3,500,0.048,0.044,0.856,0.052,24,22,428,26
27000,8,5,13,19,500,0.0,0.0,1.0,0.0,0,0,500,0
27000,8,6,14,6,500,0.002,0.002,0.994,0.002,1,1,497,1
27000,8,7,15,14,500,0.012,0.028,0.906,0.054,6,14,453,27
27000,8,9,17,9,500,0.004,0.006,0.99,0.0,2,3,495,0
27000,8,11,19,4,500,0.0,0.0,0.994,0.006,0,0,497,3
27000,8,12,20,12,500,0.0,0.002,0.998,0.0,0,1,499,0
27000,9,4,13,15,500,0.026,0.396,0.354,0.224,13,198,177,112
27000,9,5,14,3,500,0.0,0.008,0.992,0.0,0,4,496,0
27000,9,6,15,12,500,0.01,0.002,0.984,0.004,5,1,492,2
27000,9,7,16,0,500,0.0,0.0,1.0,0.0,0,0,500,0
27000,9,8,17,9,500,0.018,0.014,0.968,0.0,9,7,484,0
27000,9,11,20,15,500,0.028,0.796,0.092,0.084,14,398,46,42
27000,10,0,10,0,500,0.0,0.0,1.0,0.0,0,0,500,0
27000,10,1,11,10,500,0.0,0.002,0.998,0.0,0,1,499,0
27000,10,2,12,20,500,0.018,0.0,0.982,0.0,9,0,491,0
27000,10,4,14,19,500,0.01,0.002,0.988,0.0,5,1,494,0
27000,10,5,15,8,500,0.02,0.0,0.962,0.018,10,0,481,9
27000,10,6,16,18,500,0.002,0.002,0.994,0.002,1,1,497,1
27000,10,7,17,7,500,0.0,0.0,1.0,0.0,0,0,500,0
27000,10,8,18,17,500,0.1,0.012,0.86,0.028,50,6,430,14
27000,10,9,19,6,500,0.0,0.0,1.0,0.0,0,0,500,0
27000,11,0,11,0,500,0.0,0.0,1.0,0.0,0,0,500,0
27000,11,1,12,11,500,0.0,0.0,0.996,0.004,0,0,498,2
27000,11,2,13,1,500,0.074,0.168,0.302,0.456,37,84,151,228
27000,11,6,17,3,500,0.014,0.0,0.984,0.002,7,0,492,1
27000,11,8,19,4,500,0.0,0.0,1.0,0.0,0,0,500,0
27000,11,9,20,15,500,0.062,0.446,0.188,0.304,31,223,94,152
27000,12,0,12,0,500,0.002,0.0,0.998,0.0,1,0,499,0
27000,12,1,13,12,500,0.002,0.002,0.994,0.002,1,1,497,1
27000,12,4,16,6,500,0.006,0.004,0.986,0.004,3,2,493,2
27000,12,5,17,18,500,0.044,0.018,0.922,0.016,22,9,461,8
27000,12,6,18,9,500,0.158,0.07,0.73,0.042,79,35,365,21
27000,12,8,20,12,500,0.0,0.0,1.0,0.0,0,0,500,0
27000,13,1,14,13,500,0.002,0.0,0.998,0.0,1,0,499,0
27000,13,3,16,18,500,0.028,0.002,0.964,0.006,14,1,482,3
27000,13,4,17,10,500,0.006,0.0,0.994,0.0,3,0,497,0
27000,13,5,18,2,500,0.0,0.0,1.0,0.0,0,0,500,0
27000,14,0,14,0,500,0.02,0.086,0.868,0.026,10,43,434,13
27000,14,1,15,14,500,0.014,0.026,0.72,0.24,7,13,360,120
27000,14,2,16,7,500,0.0,0.0,1.0,0.0,0,0,500,0
27000,14,3,17,0,500,0.002,0.0,0.998,0.0,1,0,499,0
27000,14,4,18,14,500,0.016,0.1,0.86,0.024,8,50,430,12
27000,14,5,19,7,500,0.038,0.06,0.88,0.022,19,30,440,11
27000,15,0,15,0,500,0.002,0.002,0.996,0.0,1,1,498,0
27000,15,2,17,9,500,0.124,0.012,0.838,0.026,62,6,419,13
27000,16,0,16,0,500,0.0,0.0,1.0,0.0,0,0,500,0
27000,16,2,18,11,500,0.0,0.0,1.0,0.0,0,0,500,0
27000,16,3,19,6,500,0.0,0.002,0.998,0.0,0,1,499,0
27000,17,0,17,0,500,0.0,0.0,1.0,0.0,0,0,500,0
27000,17,1,18,17,500,0.078,0.008,0.902,0.012,39,4,451,6
27000,17,2,19,13,500,0.0,0.0,1.0,0.0,0,0,500,0
27000,17,3,20,9,500,0.008,0.012,0.98,0.0,4,6,490,0
27000,18,0,18,0,500,0.0,0.0,1.0,0.0,0,0,500,0
27000,18,2,20,15,500,0.242,0.128,0.228,0.402,121,64,114,201
27000,19,0,19,0,500,0.002,0.0,0.998,0.0,1,0,499,0
27000,19,1,20,19,500,0.082,0.016,0.832,0.07,41,8,416,35
27000,20,0,20,0,500,0.0,0.0,1.0,0.0,0,0,500,0
27500,0,2,2,0,500,0.0,0.0,1.0,0.0,0,0,500,0
27500,0,5,5,0,500,0.0,0.0,1.0,0.0,0,0,500,0
27500,0,6,6,0,500,0.008,0.002,0.984,0.006,4,1,492,3
27500,0,7,7,0,500,0.01,0.338,0.25,0.402,5,169,125,201
27500,0,8,8,0,500,0.0,0.002,0.998,0.0,0,1,499,0
27500,0,10,10,0,500,0.0,0.0,1.0,0.0,0,0,500,0
27500,0,11,11,0,500,0.002,0.0,0.998,0.0,1,0,499,0
27500,0,14,14,0,500,0.032,0.09,0.848,0.03,16,45,424,15
27500,0,15,15,0,500,0.002,0.0,0.998,0.0,1,0,499,0
27500,0,16,16,0,500,0.0,0.0,1.0,0.0,0,0,500,0
27500,0,20,20,0,500,0.0,0.0,1.0,0.0,0,0,500,0
27500,1,0,1,0,500,0.0,0.0,1.0,0.0,0,0,500,0
27500,1,1,2,1,500,0.094,0.012,0.44,0.454,47,6,220,227
27500,1,3,4,3,500,0.108,0.178,0.39,0.324,54,89,195,162
27500,1,4,5,4,500,0.008,0.0,0.992,0.0,4,0,496,0
27500,1,5,6,5,500,0.02,0.024,0.526,0.43,10,12,263,215
27500,1,7,8,7,500,0.002,0.002,0.994,0.002,1,1,497,1
27500,1,8,9,8,500,0.016,0.002,0.982,0.0,8,1,491,0
27500,1,9,10,9,500,0.0,0.008,0.992,0.0,0,4,496,0
27500,1,11,12,11,500,0.002,0.01,0.988,0.0,1,5,494,0
27500,1,13,14,13,500,0.0,0.0,1.0,0.0,0,0,500,0
27500,1,14,15,14,500,0.004,0.082,0.748,0.166,2,41,374,83
27500,1,18,19,18,500,0.232,0.06,0.544,0.164,116,30,272,82
27500,1,19,20,19,500,0.006,0.096,0.898,0.0,3,48,449,0
27500,2,3,5,6,500,0.04,0.038,0.554,0.368,20,19,277,184
27500,2,8,10,16,500,0.114,0.034,0.428,0.424,57,17,214,212
27500,2,10,12,20,500,0.0,0.0,1.0,0.0,0,0,500,0
27500,2,11,13,1,500,0.104,0.18,0.28,0.436,52,90,140,218
27500,2,12,14,3,500,0.004,0.004,0.992,0.0,2,2,496,0
27500,2,14,16,7,500,0.0,0.0,1.0,0.0,0,0,500,0
27500,2,15,17,9,500,0.074,0.0,0.914,0.012,37,0,457,6
27500,2,18,20,15,500,0.164,0.172,0.224,0.44,82,86,112,220
27500,3,0,3,0,500,0.0,0.002,0.998,0.0,0,1,499,0
27500,3,2,5,6,500,0.048,0.038,0.534,0.38,24,19,267,190
27500,3,4,7,12,500,0.162,0.02,0.702,0.116,81,10,351,58
27500,3,5,8,15,500,0.018,0.01,0.956,0.016,9,5,478,8
27500,3,6,9,18,500,0.182,0.048,0.716,0.054,91,24,358,27
27500,3,7,10,0,500,0.0,0.0,1.0,0.0,0,0,500,0
27500,3,8,11,3,500,0.006,0.108,0.878,0.008,3,54,439,4
27500,3,9,12,6,500,0.006,0.006,0.988,0.0,3,3,494,0
27500,3,10,13,9,500,0.0,0.0,1.0,0.0,0,0,500,0
27500,3,13,16,18,500,0.014,0.0,0.982,0.004,7,0,491,2
27500,3,14,17,0,500,0.0,0.002,0.998,0.0,0,1,499,0
27500,3,15,18,3,500,0.558,0.072,0.26,0.11,279,36,130,55
27500,3,16,19,6,500,0.002,0.0,0.998,0.0,1,0,499,0
27500,3,17,20,9,500,0.008,0.016,0.976,0.0,4,8,488,0
27500,4,0,4,0,500,0.0,0.0,1.0,0.0,0,0,500,0
27500,4,2,6,8,500,0.024,0.036,0.94,0.0,12,18,470,0
27500,4,5,9,20,500,0.0,0.0,1.0,0.0,0,0,500,0
27500,4,6,10,3,500,0.018,0.022,0.958,0.002,9,11,479,1
27500,4,7,11,7,500,0.0,0.0,1.0,0.0,0,0,500,0
27500,4,8,12,11,500,0.014,0.02,0.964,0.002,7,10,482,1
27500,4,9,13,15,500,0.012,0.534,0.256,0.198,6,267,128,99
27500,4,10,14,19,500,0.02,0.004,0.976,0.0,10,2,488,0
27500,4,11,15,2,500,0.002,0.004,0.986,0.008,1,2,493,4
27500,4,12,16,6,500,0.0,0.002,0.998,0.0,0,1,499,0
27500,4,13,17,10,500,0.006,0.0,0.994,0.0,3,0,497,0
27500,4,14,18,14,500,0.016,0.036,0.948,0.0,8,18,474,0
27500,4,16,20,1,500,0.0,0.0,1.0,0.0,0,0,500,0
27500,5,0,5,0,500,0.0,0.0,1.0,0.0,0,0,500,0
27500,5,2,7,10,500,0.0,0.0,1.0,0.0,0,0,500,0
27500,5,3,8,15,500,0.016,0.006,0.96,0.018,8,3,480,9
27500,5,4,9,20,500,0.008,0.004,0.986,0.002,4,2,493,1
27500,5,5,10,4,500,0.026,0.018,0.948,0.008,13,9,474,4
27500,5,7,12,14,500,0.034,0.07,0.87,0.026,17,35,435,13
27500,5,9,14,3,500,0.002,0.006,0.992,0.0,1,3,496,0
27500,5,10,15,8,500,0.022,0.01,0.962,0.006,11,5,481,3
27500,5,11,16,13,500,0.008,0.004,0.988,0.0,4,2,494,0
27500,5,12,17,18,500,0.06,0.024,0.91,0.006,30,12,455,3
27500,5,14,19,7,500,0.02,0.038,0.914,0.028,10,19,457,14
27500,5,15,20,12,500,0.004,0.008,0.988,0.0,2,4,494,0
27500,6,1,7,6,500,0.006,0.002,0.992,0.0,3,1,496,0
27500,6,2,8,12,500,0.096,0.002,0.884,0.018,48,1,442,9
27500,6,6,12,15,500,0.008,0.006,0.978,0.008,4,3,489,4
27500,6,8,14,6,500,0.004,0.004,0.992,0.0,2,2,496,0
27500,6,9,15,12,500,0.006,0.004,0.98,0.01,3,2,490,5
27500,6,12,18,9,500,0.122,0.044,0.79,0.044,61,22,395,22
27500,6,13,19,15,500,0.006,0.0,0.994,0.0,3,0,497,0
27500,7,0,7,0,500,0.008,0.36,0.252,0.38,4,180,126,190
27500,7,1,8,7,500,0.0,0.0,1.0,0.0,0,0,500,0
27500,7,3,10,0,500,0.0,0.0,1.0,0.0,0,0,500,0
27500,7,4,11,7,500,0.0,0.0,1.0,0.0,0,0,500,0
27500,7,7,14,7,500,0.024,0.1,0.726,0.15,12,50,363,75
27500,7,8,15,14,500,0.008,0.066,0.834,0.092,4,33,417,46
27500,7,9,16,0,500,0.0,0.0,1.0,0.0,0,0,500,0
27500,7,11,18,14,500,0.0,0.04,0.954,0.006,0,20,477,3
27500,7,13,20,7,500,0.0,0.0,1.0,0.0,0,0,500,0
27500,8,0,8,0,500,0.002,0.0,0.998,0.0,1,0,499,0
27500,8,1,9,8,500,0.018,0.006,0.974,0.002,9,3,487,1
27500,8,3,11,3,500,0.062,0.028,0.85,0.06,31,14,425,30
27500,8,5,13,19,500,0.0,0.0,1.0,0.0,0,0,500,0
27500,8,6,14,6,500,0.008,0.0,0.99,0.002,4,0,495,1
27500,8,7,15,14,500,0.032,0.044,0.804,0.12,16,22,402,60
27500,8,9,17,9,500,0.002,0.0,0.998,0.0,1,0,499,0
27500,8,11,19,4,500,0.0,0.0,1.0,0.0,0,0,500,0
27500,8,12,20,12,500,0.002,0.002,0.996,0.0,1,1,498,0
27500,9,4,13,15,500,0.01,0.4,0.326,0.264,5,200,163,132
27500,9,5,14,3,500,0.004,0.004,0.992,0.0,2,2,496,0
27500,9,6,15,12,500,0.002,0.008,0.972,0.018,1,4,486,9
27500,9,7,16,0,500,0.0,0.0,1.0,0.0,0,0,500,0
27500,9,8,17,9,500,0.002,0.004,0.994,0.0,1,2,497,0
27500,9,11,20,15,500,0.02,0.718,0.118,0.144,10,359,59,72
27500,10,0,10,0,500,0.0,0.0,1.0,0.0,0,0,500,0
27500,10,1,11,10,500,0.002,0.002,0.996,0.0,1,1,498,0
27500,10,2,12,20,500,0.008,0.0,0.992,0.0,4,0,496,0
27500,10,4,14,19,500,0.032,0.002,0.966,0.0,16,1,483,0
27500,10,5,15,8,500,0.006,0.0,0.988,0.006,3,0,494,3
27500,10,6,16,18,500,0.012,0.0,0.982,0.006,6,0,491,3
27500,10,7,17,7,500,0.0,0.0,1.0,0.0,0,0,500,0
27500,10,8,18,17,500,0.098,0.014,0.824,0.064,49,7,412,32
27500,10,9,19,6,500,0.0,0.0,1.0,0.0,0,0,500,0
27500,11,0,11,0,500,0.0,0.0,1.0,0.0,0,0,500,0
27500,11,1,12,11,500,0.002,0.002,0.996,0.0,1,1,498,0
27500,11,2,13,1,500,0.066,0.276,0.27,0.388,33,138,135,194
27500,11,6,17,3,500,0.004,0.01,0.976,0.01,2,5,488,5
27500,11,8,19,4,500,0.0,0.0,1.0,0.0,0,0,500,0
27500,11,9,20,15,500,0.022,0.554,0.158,0.266,11,277,79,133
27500,12,0,12,0,500,0.0,0.006,0.994,0.0,0,3,497,0
27500,12,1,13,12,500,0.006,0.0,0.994,0.0,3,0,497,0
27500,12,4,16,6,500,0.0,0.002,0.998,0.0,0,1,499,0
27500,12,5,17,18,500,0.058,0.022,0.91,0.01,29,11,455,5
27500,12,6,18,9,500,0.112,0.064,0.76,0.064,56,32,380,32
27500,12,8,20,12,500,0.004,0.0,0.996,0.0,2,0,498,0
27500,13,1,14,13,500,0.002,0.0,0.998,0.0,1,0,499,0
27500,13,3,16,18,500,0.014,0.002,0.97,0.014,7,1,485,7
27500,13,4,17,10,500,0.006,0.0,0.994,0.0,3,0,497,0
27500,13,5,18,2,500,0.0,0.0,1.0,0.0,0,0,500,0
27500,14,0,14,0,500,0.014,0.072,0.872,0.042,7,36,436,21
27500,14,1,15,14,500,0.006,0.08,0.69,0.224,3,40,345,112
27500,14,2,16,7,500,0.0,0.0,1.0,0.0,0,0,500,0
27500,14,3,17,0,500,0.0,0.0,1.0,0.0,0,0,500,0
27500,14,4,18,14,500,0.01,0.05,0.938,0.002,5,25,469,1
27500,14,5,19,7,500,0.01,0.058,0.868,0.064,5,29,434,32
27500,15,0,15,0,500,0.0,0.002,0.998,0.0,0,1,499,0
27500,15,2,17,9,500,0.042,0.002,0.95,0.006,21,1,475,3
27500,16,0,16,0,500,0.0,0.0,1.0,0.0,0,0,500,0
27500,16,2,18,11,500,0.0,0.0,1.0,0.0,0,0,500,0
27500,16,3,19,6,500,0.0,0.0,1.0,0.0,0,0,500,0
27500,17,0,17,0,500,0.0,0.0,1.0,0.0,0,0,500,0
27500,17,1,18,17,500,0.096,0.006,0.876,0.022,48,3,438,11
27500,17,2,19,13,500,0.0,0.0,1.0,0.0,0,0,500,0
27500,17,3,20,9,500,0.004,0.01,0.986,0.0,2,5,493,0
27500,18,0,18,0,500,0.0,0.0,1.0,0.0,0,0,500,0
27500,18,2,20,15,500,0.322,0.094,0.206,0.378,161,47,103,189
27500,19,0,19,0,500,0.0,0.0,1.0,0.0,0,0,500,0
27500,19,1,20,19,500,0.036,0.042,0.902,0.02,18,21,451,10
27500,20,0,20,0,500,0.0,0.0,1.0,0.0,0,0,500,0
28000,0,2,2,0,500,0.0,0.0,1.0,0.0,0,0,500,0
28000,0,5,5,0,500,0.0,0.0,1.0,0.0,0,0,500,0
28000,0,6,6,0,500,0.002,0.0,0.984,0.014,1,0,492,7
28000,0,7,7,0,500,0.01,0.376,0.332,0.282,5,188,166,141
28000,0,8,8,0,500,0.0,0.0,1.0,0.0,0,0,500,0
28000,0,10,10,0,500,0.0,0.0,1.0,0.0,0,0,500,0
28000,0,11,11,0,500,0.0,0.0,1.0,0.0,0,0,500,0
28000,0,14,14,0,500,0.074,0.074,0.796,0.056,37,37,398,28
28000,0,15,15,0,500,0.0,0.0,1.0,0.0,0,0,500,0
28000,0,16,16,0,500,0.0,0.0,1.0,0.0,0,0,500,0
28000,0,20,20,0,500,0.0,0.0,1.0,0.0,0,0,500,0
28000,1,0,1,0,500,0.0,0.0,1.0,0.0,0,0,500,0
28000,1,1,2,1,500,0.06,0.036,0.548,0.356,30,18,274,178
28000,1,3,4,3,500,0.23,0.098,0.332,0.34,115,49,166,170
28000,1,4,5,4,500,0.004,0.0,0.996,0.0,2,0,498,0
28000,1,5,6,5,500,0.026,0.032,0.476,0.466,13,16,238,233
28000,1,7,8,7,500,0.002,0.004,0.994,0.0,1,2,497,0
28000,1,8,9,8,500,0.044,0.0,0.954,0.002,22,0,477,1
28000,1,9,10,9,500,0.0,0.008,0.978,0.014,0,4,489,7
28000,1,11,12,11,500,0.006,0.002,0.992,0.0,3,1,496,0
28000,1,13,14,13,500,0.0,0.002,0.998,0.0,0,1,499,0
28000,1,14,15,14,500,0.03,0.046,0.698,0.226,15,23,349,113
28000,1,18,19,18,500,0.242,0.038,0.634,0.086,121,19,317,43
28000,1,19,20,19,500,0.06,0.048,0.876,0.016,30,24,438,8
28000,2,3,5,6,500,0.046,0.098,0.504,0.352,23,49,252,176
28000,2,8,10,16,500,0.156,0.01,0.426,0.408,78,5,213,204
28000,2,10,12,20,500,0.0,0.0,1.0,0.0,0,0,500,0
28000,2,11,13,1,500,0.156,0.094,0.262,0.488,78,47,131,244
28000,2,12,14,3,500,0.002,0.004,0.994,0.0,1,2,497,0
28000,2,14,16,7,500,0.0,0.0,1.0,0.0,0,0,500,0
28000,2,15,17,9,500,0.096,0.004,0.878,0.022,48,2,439,11
28000,2,18,20,15,500,0.15,0.216,0.266,0.368,75,108,133,184
28000,3,0,3,0,500,0.0,0.006,0.994,0.0,0,3,497,0
28000,3,2,5,6,500,0.082,0.07,0.52,0.328,41,35,260,164
28000,3,4,7,12,500,0.082,0.02,0.892,0.006,41,10,446,3
28000,3,5,8,15,500,0.044,0.012,0.928,0.016,22,6,464,8
28000,3,6,9,18,500,0.208,0.034,0.564,0.194,104,17,282,97
28000,3,7,10,0,500,0.0,0.0,1.0,0.0,0,0,500,0
28000,3,8,11,3,500,0.022,0.024,0.948,0.006,11,12,474,3
28000,3,9,12,6,500,0.012,0.006,0.982,0.0,6,3,491,0
28000,3,10,13,9,500,0.0,0.002,0.998,0.0,0,1,499,0
28000,3,13,16,18,500,0.028,0.002,0.96,0.01,14,1,480,5
28000,3,14,17,0,500,0.0,0.0,1.0,0.0,0,0,500,0
28000,3,15,18,3,500,0.606,0.048,0.258,0.088,303,24,129,44
28000,3,16,19,6,500,0.0,0.0,1.0,0.0,0,0,500,0
28000,3,17,20,9,500,0.01,0.014,0.976,0.0,5,7,488,0
28000,4,0,4,0,500,0.0,0.0,1.0,0.0,0,0,500,0
28000,4,2,6,8,500,0.028,0.034,0.922,0.016,14,17,461,8
28000,4,5,9,20,500,0.002,0.002,0.996,0.0,1,1,498,0
28000,4,6,10,3,500,0.04,0.016,0.938,0.006,20,8,469,3
28000,4,7,11,7,500,0.0,0.0,1.0,0.0,0,0,500,0
28000,4,8,12,11,500,0.016,0.008,0.974,0.002,8,4,487,1
28000,4,9,13,15,500,0.02,0.326,0.382,0.272,10,163,191,136
28000,4,10,14,19,500,0.042,0.012,0.944,0.002,21,6,472,1
28000,4,11,15,2,500,0.002,0.0,0.994,0.004,1,0,497,2
28000,4,12,16,6,500,0.002,0.002,0.996,0.0,1,1,498,0
28000,4,13,17,10,500,0.004,0.006,0.99,0.0,2,3,495,0
28000,4,14,18,14,500,0.03,0.04,0.918,0.012,15,20,459,6
28000,4,16,20,1,500,0.0,0.0,1.0,0.0,0,0,500,0
28000,5,0,5,0,500,0.0,0.0,1.0,0.0,0,0,500,0
28000,5,2,7,10,500,0.0,0.0,1.0,0.0,0,0,500,0
28000,5,3,8,15,500,0.032,0.01,0.946,0.012,16,5,473,6
28000,5,4,9,20,500,0.0,0.002,0.998,0.0,0,1,499,0
28000,5,5,10,4,500,0.01,0.008,0.982,0.0,5,4,491,0
28000,5,7,12,14,500,0.038,0.078,0.87,0.014,19,39,435,7
28000,5,9,14,3,500,0.002,0.004,0.994,0.0,1,2,497,0
28000,5,10,15,8,500,0.052,0.004,0.926,0.018,26,2,463,9
28000,5,11,16,13,500,0.004,0.0,0.996,0.0,2,0,498,0
28000,5,12,17,18,500,0.076,0.026,0.882,0.016,38,13,441,8
28000,5,14,19,7,500,0.058,0.03,0.876,0.036,29,15,438,18
28000,5,15,20,12,500,0.004,0.004,0.992,0.0,2,2,496,0
28000,6,1,7,6,500,0.004,0.002,0.994,0.0,2,1,497,0
28000,6,2,8,12,500,0.056,0.0,0.94,0.004,28,0,470,2
28000,6,6,12,15,500,0.022,0.002,0.966,0.01,11,1,483,5
28000,6,8,14,6,500,0.008,0.002,0.98,0.01,4,1,490,5
28000,6,9,15,12,500,0.016,0.004,0.976,0.004,8,2,488,2
28000,6,12,18,9,500,0.118,0.038,0.768,0.076,59,19,384,38
28000,6,13,19,15,500,0.014,0.0,0.984,0.002,7,0,492,1
28000,7,0,7,0,500,0.018,0.37,0.298,0.314,9,185,149,157
28000,7,1,8,7,500,0.004,0.0,0.996,0.0,2,0,498,0
28000,7,3,10,0,500,0.0,0.0,1.0,0.0,0,0,500,0
28000,7,4,11,7,500,0.0,0.0,1.0,0.0,0,0,500,0
28000,7,7,14,7,500,0.018,0.076,0.842,0.064,9,38,421,32
28000,7,8,15,14,500,0.016,0.11,0.768,0.106,8,55,384,53
28000,7,9,16,0,500,0.0,0.0,1.0,0.0,0,0,500,0
28000,7,11,18,14,500,0.006,0.022,0.968,0.004,3,11,484,2
28000,7,13,20,7,500,0.0,0.0,1.0,0.0,0,0,500,0
28000,8,0,8,0,500,0.0,0.0,1.0,0.0,0,0,500,0
28000,8,1,9,8,500,0.008,0.0,0.992,0.0,4,0,496,0
28000,8,3,11,3,500,0.026,0.016,0.948,0.01,13,8,474,5
28000,8,5,13,19,500,0.0,0.0,1.0,0.0,0,0,500,0
28000,8,6,14,6,500,0.008,0.0,0.99,0.002,4,0,495,1
28000,8,7,15,14,500,0.028,0.042,0.87,0.06,14,21,435,30
28000,8,9,17,9,500,0.002,0.002,0.996,0.0,1,1,498,0
28000,8,11,19,4,500,0.0,0.0,1.0,0.0,0,0,500,0
28000,8,12,20,12,500,0.0,0.002,0.998,0.0,0,1,499,0
28000,9,4,13,15,500,0.038,0.368,0.362,0.232,19,184,181,116
28000,9,5,14,3,500,0.0,0.004,0.996,0.0,0,2,498,0
28000,9,6,15,12,500,0.014,0.004,0.974,0.008,7,2,487,4
28000,9,7,16,0,500,0.0,0.0,1.0,0.0,0,0,500,0
28000,9,8,17,9,500,0.012,0.01,0.978,0.0,6,5,489,0
28000,9,11,20,15,500,0.018,0.772,0.104,0.106,9,386,52,53
28000,10,0,10,0,500,0.0,0.0,1.0,0.0,0,0,500,0
28000,10,1,11,10,500,0.0,0.0,1.0,0.0,0,0,500,0
28000,10,2,12,20,500,0.012,0.0,0.988,0.0,6,0,494,0
28000,10,4,14,19,500,0.05,0.006,0.944,0.0,25,3,472,0
28000,10,5,15,8,500,0.028,0.004,0.96,0.008,14,2,480,4
28000,10,6,16,18,500,0.008,0.0,0.988,0.004,4,0,494,2
28000,10,7,17,7,500,0.0,0.0,1.0,0.0,0,0,500,0
28000,10,8,18,17,500,0.082,0.006,0.888,0.024,41,3,444,12
28000,10,9,19,6,500,0.0,0.0,1.0,0.0,0,0,500,0
28000,11,0,11,0,500,0.0,0.0,1.0,0.0,0,0,500,0
28000,11,1,12,11,500,0.0,0.0,1.0,0.0,0,0,500,0
28000,11,2,13,1,500,0.098,0.26,0.252,0.39,49,130,126,195
28000,11,6,17,3,500,0.016,0.002,0.98,0.002,8,1,490,1
28000,11,8,19,4,500,0.0,0.0,0.998,0.002,0,0,499,1
28000,11,9,20,15,500,0.06,0.454,0.208,0.278,30,227,104,139
28000,12,0,12,0,500,0.002,0.002,0.996,0.0,1,1,498,0
28000,12,1,13,12,500,0.002,0.002,0.996,0.0,1,1,498,0
28000,12,4,16,6,500,0.002,0.002,0.996,0.0,1,1,498,0
28000,12,5,17,18,500,0.052,0.024,0.91,0.014,26,12,455,7
28000,12,6,18,9,500,0.17,0.07,0.59,0.17,85,35,295,85
28000,12,8,20,12,500,0.0,0.004,0.996,0.0,0,2,498,0
28000,13,1,14,13,500,0.0,0.0,0.998,0.002,0,0,499,1
28000,13,3,16,18,500,0.02,0.0,0.97,0.01,10,0,485,5
28000,13,4,17,10,500,0.0,0.002,0.998,0.0,0,1,499,0
28000,13,5,18,2,500,0.002,0.0,0.998,0.0,1,0,499,0
28000,14,0,14,0,500,0.042,0.076,0.838,0.044,21,38,419,22
28000,14,1,15,14,500,0.012,0.058,0.672,0.258,6,29,336,129
28000,14,2,16,7,500,0.0,0.0,1.0,0.0,0,0,500,0
28000,14,3,17,0,500,0.002,0.0,0.998,0.0,1,0,499,0
28000,14,4,18,14,500,0.016,0.026,0.95,0.008,8,13,475,4
28000,14,5,19,7,500,0.068,0.076,0.802,0.054,34,38,401,27
28000,15,0,15,0,500,0.002,0.002,0.996,0.0,1,1,498,0
28000,15,2,17,9,500,0.092,0.014,0.868,0.026,46,7,434,13
28000,16,0,16,0,500,0.0,0.0,1.0,0.0,0,0,500,0
28000,16,2,18,11,500,0.0,0.0,1.0,0.0,0,0,500,0
28000,16,3,19,6,500,0.0,0.0,1.0,0.0,0,0,500,0
28000,17,0,17,0,500,0.0,0.0,1.0,0.0,0,0,500,0
28000,17,1,18,17,500,0.064,0.0,0.916,0.02,32,0,458,10
28000,17,2,19,13,500,0.0,0.0,1.0,0.0,0,0,500,0
28000,17,3,20,9,500,0.004,0.0,0.994,0.002,2,0,497,1
28000,18,0,18,0,500,0.0,0.0,1.0,0.0,0,0,500,0
28000,18,2,20,15,500,0.24,0.126,0.254,0.38,120,63,127,190
28000,19,0,19,0,500,0.0,0.0,1.0,0.0,0,0,500,0
28000,19,1,20,19,500,0.108,0.052,0.826,0.014,54,26,413,7
28000,20,0,20,0,500,0.0,0.0,1.0,0.0,0,0,500,0
28500,0,2,2,0,500,0.0,0.0,1.0,0.0,0,0,500,0
28500,0,5,5,0,500,0.0,0.0,1.0,0.0,0,0,500,0
28500,0,6,6,0,500,0.002,0.002,0.982,0.014,1,1,491,7
28500,0,7,7,0,500,0.002,0.324,0.322,0.352,1,162,161,176
28500,0,8,8,0,500,0.0,0.0,1.0,0.0,0,0,500,0
28500,0,10,10,0,500,0.0,0.0,1.0,0.0,0,0,500,0
28500,0,11,11,0,500,0.0,0.0,1.0,0.0,0,0,500,0
28500,0,14,14,0,500,0.028,0.034,0.922,0.016,14,17,461,8
28500,0,15,15,0,500,0.0,0.0,1.0,0.0,0,0,500,0
28500,0,16,16,0,500,0.0,0.0,1.0,0.0,0,0,500,0
28500,0,20,20,0,500,0.0,0.0,1.0,0.0,0,0,500,0
28500,1,0,1,0,500,0.0,0.0,1.0,0.0,0,0,500,0
28500,1,1,2,1,500,0.054,0.016,0.45,0.48,27,8,225,240
28500,1,3,4,3,500,0.182,0.134,0.322,0.362,91,67,161,181
28500,1,4,5,4,500,0.004,0.004,0.992,0.0,2,2,496,0
28500,1,5,6,5,500,0.014,0.026,0.532,0.428,7,13,266,214
28500,1,7,8,7,500,0.0,0.0,1.0,0.0,0,0,500,0
28500,1,8,9,8,500,0.036,0.002,0.96,0.002,18,1,480,1
28500,1,9,10,9,500,0.0,0.002,0.998,0.0,0,1,499,0
28500,1,11,12,11,500,0.006,0.0,0.992,0.002,3,0,496,1
28500,1,13,14,13,500,0.002,0.0,0.996,0.002,1,0,498,1
28500,1,14,15,14,500,0.004,0.036,0.758,0.202,2,18,379,101
28500,1,18,19,18,500,0.134,0.042,0.77,0.054,67,21,385,27
28500,1,19,20,19,500,0.062,0.016,0.868,0.054,31,8,434,27
28500,2,3,5,6,500,0.036,0.074,0.502,0.388,18,37,251,194
28500,2,8,10,16,500,0.16,0.016,0.4,0.424,80,8,200,212
28500,2,10,12,20,500,0.0,0.0,1.0,0.0,0,0,500,0
28500,2,11,13,1,500,0.154,0.136,0.218,0.492,77,68,109,246
28500,2,12,14,3,500,0.002,0.004,0.992,0.002,1,2,496,1
28500,2,14,16,7,500,0.0,0.0,1.0,0.0,0,0,500,0
28500,2,15,17,9,500,0.084,0.012,0.898,0.006,42,6,449,3
28500,2,18,20,15,500,0.138,0.306,0.23,0.326,69,153,115,163
28500,3,0,3,0,500,0.002,0.008,0.99,0.0,1,4,495,0
28500,3,2,5,6,500,0.048,0.056,0.498,0.398,24,28,249,199
28500,3,4,7,12,500,0.164,0.036,0.75,0.05,82,18,375,25
28500,3,5,8,15,500,0.032,0.002,0.956,0.01,16,1,478,5
28500,3,6,9,18,500,0.134,0.042,0.696,0.128,67,21,348,64
28500,3,7,10,0,500,0.0,0.0,1.0,0.0,0,0,500,0
28500,3,8,11,3,500,0.008,0.03,0.95,0.012,4,15,475,6
28500,3,9,12,6,500,0.006,0.01,0.984,0.0,3,5,492,0
28500,3,10,13,9,500,0.0,0.002,0.998,0.0,0,1,499,0
28500,3,13,16,18,500,0.028,0.0,0.964,0.008,14,0,482,4
28500,3,14,17,0,500,0.002,0.0,0.998,0.0,1,0,499,0
28500,3,15,18,3,500,0.684,0.032,0.186,0.098,342,16,93,49
28500,3,16,19,6,500,0.0,0.0,1.0,0.0,0,0,500,0
28500,3,17,20,9,500,0.0,0.012,0.988,0.0,0,6,494,0
28500,4,0,4,0,500,0.0,0.0,1.0,0.0,0,0,500,0
28500,4,2,6,8,500,0.014,0.036,0.946,0.004,7,18,473,2
28500,4,5,9,20,500,0.0,0.0,1.0,0.0,0,0,500,0
28500,4,6,10,3,500,0.016,0.008,0.974,0.002,8,4,487,1
28500,4,7,11,7,500,0.0,0.0,1.0,0.0,0,0,500,0
28500,4,8,12,11,500,0.008,0.0,0.99,0.002,4,0,495,1
28500,4,9,13,15,500,0.01,0.32,0.27,0.4,5,160,135,200
28500,4,10,14,19,500,0.014,0.002,0.984,0.0,7,1,492,0
28500,4,11,15,2,500,0.008,0.002,0.986,0.004,4,1,493,2
28500,4,12,16,6,500,0.002,0.0,0.998,0.0,1,0,499,0
28500,4,13,17,10,500,0.002,0.0,0.998,0.0,1,0,499,0
28500,4,14,18,14,500,0.024,0.048,0.92,0.008,12,24,460,4
28500,4,16,20,1,500,0.0,0.0,1.0,0.0,0,0,500,0
28500,5,0,5,0,500,0.0,0.0,1.0,0.0,0,0,500,0
28500,5,2,7,10,500,0.0,0.0,1.0,0.0,0,0,500,0
28500,5,3,8,15,500,0.03,0.008,0.948,0.014,15,4,474,7
28500,5,4,9,20,500,0.002,0.004,0.994,0.0,1,2,497,0
28500,5,5,10,4,500,0.01,0.01,0.98,0.0,5,5,490,0
28500,5,7,12,14,500,0.03,0.076,0.876,0.018,15,38,438,9
28500,5,9,14,3,500,0.006,0.002,0.992,0.0,3,1,496,0
28500,5,10,15,8,500,0.026,0.006,0.948,0.02,13,3,474,10
28500,5,11,16,13,500,0.006,0.0,0.994,0.0,3,0,497,0
28500,5,12,17,18,500,0.068,0.016,0.902,0.014,34,8,451,7
28500,5,14,19,7,500,0.026,0.044,0.898,0.032,13,22,449,16
28500,5,15,20,12,500,0.004,0.008,0.98,0.008,2,4,490,4
28500,6,1,7,6,500,0.004,0.0,0.996,0.0,2,0,498,0
28500,6,2,8,12,500,0.038,0.0,0.96,0.002,19,0,480,1
28500,6,6,12,15,500,0.014,0.004,0.978,0.004,7,2,489,2
28500,6,8,14,6,500,0.008,0.002,0.99,0.0,4,1,495,0
28500,6,9,15,12,500,0.008,0.012,0.978,0.002,4,6,489,1
28500,6,12,18,9,500,0.132,0.054,0.694,0.12,66,27,347,60
28500,6,13,19,15,500,0.014,0.004,0.98,0.002,7,2,490,1
28500,7,0,7,0,500,0.0,0.338,0.31,0.352,0,169,155,176
28500,7,1,8,7,500,0.002,0.002,0.996,0.0,1,1,498,0
28500,7,3,10,0,500,0.0,0.0,1.0,0.0,0,0,500,0
28500,7,4,11,7,500,0.0,0.0,1.0,0.0,0,0,500,0
28500,7,7,14,7,500,0.002,0.08,0.826,0.092,1,40,413,46
28500,7,8,15,14,500,0.002,0.096,0.778,0.124,1,48,389,62
28500,7,9,16,0,500,0.0,0.0,1.0,0.0,0,0,500,0
28500,7,11,18,14,500,0.012,0.024,0.96,0.004,6,12,480,2
28500,7,13,20,7,500,0.0,0.0,1.0,0.0,0,0,500,0
28500,8,0,8,0,500,0.0,0.0,1.0,0.0,0,0,500,0
28500,8,1,9,8,500,0.014,0.0,0.984,0.002,7,0,492,1
28500,8,3,11,3,500,0.014,0.012,0.956,0.018,7,6,478,9
28500,8,5,13,19,500,0.0,0.0,1.0,0.0,0,0,500,0
28500,8,6,14,6,500,0.006,0.0,0.994,0.0,3,0,497,0
28500,8,7,15,14,500,0.012,0.08,0.822,0.086,6,40,411,43
28500,8,9,17,9,500,0.01,0.002,0.988,0.0,5,1,494,0
28500,8,11,19,4,500,0.0,0.0,1.0,0.0,0,0,500,0
28500,8,12,20,12,500,0.0,0.004,0.996,0.0,0,2,498,0
28500,9,4,13,15,500,0.016,0.284,0.384,0.316,8,142,192,158
28500,9,5,14,3,500,0.002,0.002,0.996,0.0,1,1,498,0
28500,9,6,15,12,500,0.01,0.008,0.974,0.008,5,4,487,4
28500,9,7,16,0,500,0.0,0.0,1.0,0.0,0,0,500,0
28500,9,8,17,9,500,0.018,0.004,0.978,0.0,9,2,489,0
28500,9,11,20,15,500,0.012,0.814,0.108,0.066,6,407,54,33
28500,10,0,10,0,500,0.0,0.0,1.0,0.0,0,0,500,0
28500,10,1,11,10,500,0.004,0.004,0.99,0.002,2,2,495,1
28500,10,2,12,20,500,0.002,0.0,0.998,0.0,1,0,499,0
28500,10,4,14,19,500,0.01,0.002,0.988,0.0,5,1,494,0
28500,10,5,15,8,500,0.008,0.002,0.988,0.002,4,1,494,1
28500,10,6,16,18,500,0.012,0.004,0.98,0.004,6,2,490,2
28500,10,7,17,7,500,0.004,0.0,0.996,0.0,2,0,498,0
28500,10,8,18,17,500,0.084,0.014,0.872,0.03,42,7,436,15
28500,10,9,19,6,500,0.0,0.0,1.0,0.0,0,0,500,0
28500,11,0,11,0,500,0.0,0.0,1.0,0.0,0,0,500,0
28500,11,1,12,11,500,0.002,0.0,0.998,0.0,1,0,499,0
28500,11,2,13,1,500,0.07,0.274,0.248,0.408,35,137,124,204
28500,11,6,17,3,500,0.004,0.006,0.99,0.0,2,3,495,0
28500,11,8,19,4,500,0.0,0.0,1.0,0.0,0,0,500,0
28500,11,9,20,15,500,0.016,0.738,0.134,0.112,8,369,67,56
28500,12,0,12,0,500,0.002,0.0,0.998,0.0,1,0,499,0
28500,12,1,13,12,500,0.006,0.0,0.992,0.002,3,0,496,1
28500,12,4,16,6,500,0.0,0.002,0.998,0.0,0,1,499,0
28500,12,5,17,18,500,0.058,0.012,0.914,0.016,29,6,457,8
28500,12,6,18,9,500,0.16,0.038,0.686,0.116,80,19,343,58
28500,12,8,20,12,500,0.0,0.0,0.998,0.002,0,0,499,1
28500,13,1,14,13,500,0.002,0.0,0.998,0.0,1,0,499,0
28500,13,3,16,18,500,0.034,0.002,0.96,0.004,17,1,480,2
28500,13,4,17,10,500,0.008,0.004,0.982,0.006,4,2,491,3
28500,13,5,18,2,500,0.004,0.004,0.988,0.004,2,2,494,2
28500,14,0,14,0,500,0.016,0.042,0.914,0.028,8,21,457,14
28500,14,1,15,14,500,0.018,0.06,0.76,0.162,9,30,380,81
28500,14,2,16,7,500,0.0,0.0,1.0,0.0,0,0,500,0
28500,14,3,17,0,500,0.004,0.002,0.994,0.0,2,1,497,0
28500,14,4,18,14,500,0.008,0.026,0.958,0.008,4,13,479,4
28500,14,5,19,7,500,0.024,0.106,0.826,0.044,12,53,413,22
28500,15,0,15,0,500,0.0,0.0,1.0,0.0,0,0,500,0
28500,15,2,17,9,500,0.064,0.018,0.91,0.008,32,9,455,4
28500,16,0,16,0,500,0.0,0.0,1.0,0.0,0,0,500,0
28500,16,2,18,11,500,0.0,0.0,1.0,0.0,0,0,500,0
28500,16,3,19,6,500,0.0,0.0,1.0,0.0,0,0,500,0
28500,17,0,17,0,500,0.0,0.0,1.0,0.0,0,0,500,0
28500,17,1,18,17,500,0.042,0.012,0.93,0.016,21,6,465,8
28500,17,2,19,13,500,0.0,0.0,1.0,0.0,0,0,500,0
28500,17,3,20,9,500,0.0,0.006,0.994,0.0,0,3,497,0
28500,18,0,18,0,500,0.0,0.002,0.998,0.0,0,1,499,0
28500,18,2,20,15,500,0.144,0.196,0.262,0.398,72,98,131,199
28500,19,0,19,0,500,0.0,0.0,1.0,0.0,0,0,500,0
28500,19,1,20,19,500,0.152,0.01,0.806,0.032,76,5,403,16
28500,20,0,20,0,500,0.0,0.0,1.0,0.0,0,0,500,0
29000,0,2,2,0,500,0.0,0.0,1.0,0.0,0,0,500,0
29000,0,5,5,0,500,0.0,0.0,1.0,0.0,0,0,500,0
29000,0,6,6,0,500,0.002,0.008,0.982,0.008,1,4,491,4
29000,0,7,7,0,500,0.018,0.342,0.286,0.354,9,171,143,177
29000,0,8,8,0,500,0.0,0.0,1.0,0.0,0,0,500,0
29000,0,10,10,0,500,0.0,0.0,1.0,0.0,0,0,500,0
29000,0,11,11,0,500,0.0,0.0,1.0,0.0,0,0,500,0
29000,0,14,14,0,500,0.072,0.068,0.822,0.038,36,34,411,19
29000,0,15,15,0,500,0.0,0.0,1.0,0.0,0,0,500,0
29000,0,16,16,0,500,0.0,0.0,1.0,0.0,0,0,500,0
29000,0,20,20,0,500,0.0,0.0,1.0,0.0,0,0,500,0
29000,1,0,1,0,500,0.0,0.0,1.0,0.0,0,0,500,0
29000,1,1,2,1,500,0.024,0.174,0.318,0.484,12,87,159,242
29000,1,3,4,3,500,0.196,0.11,0.37,0.324,98,55,185,162
29000,1,4,5,4,500,0.01,0.0,0.99,0.0,5,0,495,0
29000,1,5,6,5,500,0.006,0.032,0.618,0.344,3,16,309,172
29000,1,7,8,7,500,0.0,0.002,0.998,0.0,0,1,499,0
29000,1,8,9,8,500,0.07,0.002,0.912,0.016,35,1,456,8
29000,1,9,10,9,500,0.002,0.006,0.992,0.0,1,3,496,0
29000,1,11,12,11,500,0.008,0.002,0.988,0.002,4,1,494,1
29000,1,13,14,13,500,0.0,0.0,1.0,0.0,0,0,500,0
29000,1,14,15,14,500,0.016,0.08,0.6,0.304,8,40,300,152
29000,1,18,19,18,500,0.084,0.058,0.78,0.078,42,29,390,39
29000,1,19,20,19,500,0.022,0.008,0.964,0.006,11,4,482,3
29000,2,3,5,6,500,0.03,0.082,0.5,0.388,15,41,250,194
29000,2,8,10,16,500,0.136,0.01,0.416,0.438,68,5,208,219
29000,2,10,12,20,500,0.0,0.0,0.998,0.002,0,0,499,1
29000,2,11,13,1,500,0.068,0.164,0.276,0.492,34,82,138,246
29000,2,12,14,3,500,0.012,0.002,0.986,0.0,6,1,493,0
29000,2,14,16,7,500,0.0,0.0,1.0,0.0,0,0,500,0
29000,2,15,17,9,500,0.13,0.01,0.846,0.014,65,5,423,7
29000,2,18,20,15,500,0.132,0.328,0.284,0.256,66,164,142,128
29000,3,0,3,0,500,0.0,0.008,0.992,0.0,0,4,496,0
29000,3,2,5,6,500,0.03,0.076,0.53,0.364,15,38,265,182
29000,3,4,7,12,500,0.102,0.04,0.822,0.036,51,20,411,18
29000,3,5,8,15,500,0.016,0.004,0.976,0.004,8,2,488,2
29000,3,6,9,18,500,0.08,0.05,0.804,0.066,40,25,402,33
29000,3,7,10,0,500,0.0,0.0,1.0,0.0,0,0,500,0
29000,3,8,11,3,500,0.014,0.018,0.966,0.002,7,9,483,1
29000,3,9,12,6,500,0.002,0.008,0.99,0.0,1,4,495,0
29000,3,10,13,9,500,0.0,0.0,1.0,0.0,0,0,500,0
29000,3,13,16,18,500,0.022,0.006,0.96,0.012,11,3,480,6
29000,3,14,17,0,500,0.0,0.0,1.0,0.0,0,0,500,0
29000,3,15,18,3,500,0.61,0.054,0.266,0.07,305,27,133,35
29000,3,16,19,6,500,0.0,0.002,0.998,0.0,0,1,499,0
29000,3,17,20,9,500,0.004,0.016,0.98,0.0,2,8,490,0
29000,4,0,4,0,500,0.0,0.0,1.0,0.0,0,0,500,0
29000,4,2,6,8,500,0.024,0.024,0.94,0.012,12,12,470,6
29000,4,5,9,20,500,0.0,0.0,1.0,0.0,0,0,500,0
29000,4,6,10,3,500,0.02,0.016,0.946,0.018,10,8,473,9
29000,4,7,11,7,500,0.0,0.0,1.0,0.0,0,0,500,0
29000,4,8,12,11,500,0.018,0.02,0.954,0.008,9,10,477,4
29000,4,9,13,15,500,0.01,0.45,0.328,0.212,5,225,164,106
29000,4,10,14,19,500,0.014,0.002,0.984,0.0,7,1,492,0
29000,4,11,15,2,500,0.002,0.008,0.982,0.008,1,4,491,4
29000,4,12,16,6,500,0.002,0.0,0.996,0.002,1,0,498,1
29000,4,13,17,10,500,0.004,0.002,0.994,0.0,2,1,497,0
29000,4,14,18,14,500,0.012,0.076,0.89,0.022,6,38,445,11
29000,4,16,20,1,500,0.0,0.0,0.998,0.002,0,0,499,1
29000,5,0,5,0,500,0.0,0.0,1.0,0.0,0,0,500,0
29000,5,2,7,10,500,0.002,0.0,0.998,0.0,1,0,499,0
29000,5,3,8,15,500,0.01,0.002,0.984,0.004,5,1,492,2
29000,5,4,9,20,500,0.0,0.002,0.998,0.0,0,1,499,0
29000,5,5,10,4,500,0.012,0.004,0.974,0.01,6,2,487,5
29000,5,7,12,14,500,0.026,0.092,0.866,0.016,13,46,433,8
29000,5,9,14,3,500,0.006,0.002,0.992,0.0,3,1,496,0
29000,5,10,15,8,500,0.006,0.0,0.99,0.004,3,0,495,2
29000,5,11,16,13,500,0.002,0.0,0.996,0.002,1,0,498,1
29000,5,12,17,18,500,0.086,0.01,0.89,0.014,43,5,445,7
29000,5,14,19,7,500,0.01,0.03,0.942,0.018,5,15,471,9
29000,5,15,20,12,500,0.008,0.008,0.984,0.0,4,4,492,0
29000,6,1,7,6,500,0.008,0.0,0.992,0.0,4,0,496,0
29000,6,2,8,12,500,0.06,0.0,0.936,0.004,30,0,468,2
29000,6,6,12,15,500,0.004,0.002,0.992,0.002,2,1,496,1
29000,6,8,14,6,500,0.006,0.002,0.992,0.0,3,1,496,0
29000,6,9,15,12,500,0.008,0.01,0.96,0.022,4,5,480,11
29000,6,12,18,9,500,0.098,0.094,0.722,0.086,49,47,361,43
29000,6,13,19,15,500,0.002,0.0,0.998,0.0,1,0,499,0
29000,7,0,7,0,500,0.022,0.312,0.298,0.368,11,156,149,184
29000,7,1,8,7,500,0.0,0.0,0.998,0.002,0,0,499,1
29000,7,3,10,0,500,0.0,0.0,1.0,0.0,0,0,500,0
29000,7,4,11,7,500,0.0,0.0,1.0,0.0,0,0,500,0
29000,7,7,14,7,500,0.028,0.096,0.71,0.166,14,48,355,83
29000,7,8,15,14,500,0.004,0.098,0.756,0.142,2,49,378,71
29000,7,9,16,0,500,0.0,0.0,1.0,0.0,0,0,500,0
29000,7,11,18,14,500,0.014,0.072,0.898,0.016,7,36,449,8
29000,7,13,20,7,500,0.0,0.0,1.0,0.0,0,0,500,0
29000,8,0,8,0,500,0.0,0.0,1.0,0.0,0,0,500,0
29000,8,1,9,8,500,0.134,0.006,0.78,0.08,67,3,390,40
29000,8,3,11,3,500,0.09,0.012,0.88,0.018,45,6,440,9
29000,8,5,13,19,500,0.0,0.0,1.0,0.0,0,0,500,0
29000,8,6,14,6,500,0.01,0.0,0.988,0.002,5,0,494,1
29000,8,7,15,14,500,0.014,0.086,0.732,0.168,7,43,366,84
29000,8,9,17,9,500,0.002,0.006,0.992,0.0,1,3,496,0
29000,8,11,19,4,500,0.0,0.0,0.998,0.002,0,0,499,1
29000,8,12,20,12,500,0.004,0.01,0.986,0.0,2,5,493,0
29000,9,4,13,15,500,0.026,0.364,0.332,0.278,13,182,166,139
29000,9,5,14,3,500,0.004,0.008,0.988,0.0,2,4,494,0
29000,9,6,15,12,500,0.012,0.01,0.958,0.02,6,5,479,10
29000,9,7,16,0,500,0.0,0.0,1.0,0.0,0,0,500,0
29000,9,8,17,9,500,0.004,0.004,0.992,0.0,2,2,496,0
29000,9,11,20,15,500,0.024,0.82,0.064,0.092,12,410,32,46
29000,10,0,10,0,500,0.0,0.0,1.0,0.0,0,0,500,0
29000,10,1,11,10,500,0.004,0.0,0.996,0.0,2,0,498,0
29000,10,2,12,20,500,0.002,0.0,0.998,0.0,1,0,499,0
29000,10,4,14,19,500,0.014,0.0,0.986,0.0,7,0,493,0
29000,10,5,15,8,500,0.014,0.0,0.982,0.004,7,0,491,2
29000,10,6,16,18,500,0.008,0.004,0.984,0.004,4,2,492,2
29000,10,7,17,7,500,0.0,0.0,1.0,0.0,0,0,500,0
29000,10,8,18,17,500,0.066,0.0,0.902,0.032,33,0,451,16
29000,10,9,19,6,500,0.0,0.0,1.0,0.0,0,0,500,0
29000,11,0,11,0,500,0.0,0.0,1.0,0.0,0,0,500,0
29000,11,1,12,11,500,0.002,0.0,0.998,0.0,1,0,499,0
29000,11,2,13,1,500,0.058,0.256,0.252,0.434,29,128,126,217
29000,11,6,17,3,500,0.008,0.0,0.992,0.0,4,0,496,0
29000,11,8,19,4,500,0.0,0.0,1.0,0.0,0,0,500,0
29000,11,9,20,15,500,0.044,0.522,0.206,0.228,22,261,103,114
29000,12,0,12,0,500,0.004,0.002,0.994,0.0,2,1,497,0
29000,12,1,13,12,500,0.002,0.006,0.992,0.0,1,3,496,0
29000,12,4,16,6,500,0.004,0.008,0.988,0.0,2,4,494,0
29000,12,5,17,18,500,0.066,0.02,0.912,0.002,33,10,456,1
29000,12,6,18,9,500,0.128,0.034,0.758,0.08,64,17,379,40
29000,12,8,20,12,500,0.002,0.002,0.996,0.0,1,1,498,0
29000,13,1,14,13,500,0.0,0.0,0.998,0.002,0,0,499,1
29000,13,3,16,18,500,0.01,0.002,0.976,0.012,5,1,488,6
29000,13,4,17,10,500,0.0,0.004,0.996,0.0,0,2,498,0
29000,13,5,18,2,500,0.002,0.002,0.996,0.0,1,1,498,0
29000,14,0,14,0,500,0.038,0.068,0.858,0.036,19,34,429,18
29000,14,1,15,14,500,0.018,0.076,0.626,0.28,9,38,313,140
29000,14,2,16,7,500,0.0,0.0,1.0,0.0,0,0,500,0
29000,14,3,17,0,500,0.002,0.0,0.998,0.0,1,0,499,0
29000,14,4,18,14,500,0.008,0.042,0.948,0.002,4,21,474,1
29000,14,5,19,7,500,0.016,0.04,0.93,0.014,8,20,465,7
29000,15,0,15,0,500,0.002,0.0,0.998,0.0,1,0,499,0
29000,15,2,17,9,500,0.108,0.01,0.858,0.024,54,5,429,12
29000,16,0,16,0,500,0.0,0.0,1.0,0.0,0,0,500,0
29000,16,2,18,11,500,0.0,0.0,1.0,0.0,0,0,500,0
29000,16,3,19,6,500,0.0,0.0,1.0,0.0,0,0,500,0
29000,17,0,17,0,500,0.0,0.002,0.998,0.0,0,1,499,0
29000,17,1,18,17,500,0.032,0.002,0.956,0.01,16,1,478,5
29000,17,2,19,13,500,0.0,0.0,1.0,0.0,0,0,500,0
29000,17,3,20,9,500,0.004,0.016,0.98,0.0,2,8,490,0
29000,18,0,18,0,500,0.0,0.002,0.998,0.0,0,1,499,0
29000,18,2,20,15,500,0.256,0.104,0.31,0.33,128,52,155,165
29000,19,0,19,0,500,0.0,0.0,1.0,0.0,0,0,500,0
29000,19,1,20,19,500,0.086,0.004,0.892,0.018,43,2,446,9
29000,20,0,20,0,500,0.0,0.0,1.0,0.0,0,0,500,0
29500,0,2,2,0,500,0.0,0.0,1.0,0.0,0,0,500,0
29500,0,5,5,0,500,0.0,0.0,1.0,0.0,0,0,500,0
29500,0,6,6,0,500,0.002,0.0,0.994,0.004,1,0,497,2
29500,0,7,7,0,500,0.004,0.312,0.3,0.384,2,156,150,192
29500,0,8,8,0,500,0.0,0.0,1.0,0.0,0,0,500,0
29500,0,10,10,0,500,0.0,0.0,1.0,0.0,0,0,500,0
29500,0,11,11,0,500,0.0,0.0,1.0,0.0,0,0,500,0
29500,0,14,14,0,500,0.014,0.058,0.886,0.042,7,29,443,21
29500,0,15,15,0,500,0.002,0.0,0.996,0.002,1,0,498,1
29500,0,16,16,0,500,0.0,0.0,1.0,0.0,0,0,500,0
29500,0,20,20,0,500,0.0,0.002,0.998,0.0,0,1,499,0
29500,1,0,1,0,500,0.0,0.0,1.0,0.0,0,0,500,0
29500,1,1,2,1,500,0.046,0.062,0.352,0.54,23,31,176,270
29500,1,3,4,3,500,0.128,0.174,0.334,0.364,64,87,167,182
29500,1,4,5,4,500,0.004,0.004,0.992,0.0,2,2,496,0
29500,1,5,6,5,500,0.02,0.036,0.584,0.36,10,18,292,180
29500,1,7,8,7,500,0.0,0.0,1.0,0.0,0,0,500,0
29500,1,8,9,8,500,0.006,0.0,0.994,0.0,3,0,497,0
29500,1,9,10,9,500,0.0,0.004,0.996,0.0,0,2,498,0
29500,1,11,12,11,500,0.0,0.002,0.998,0.0,0,1,499,0
29500,1,13,14,13,500,0.002,0.0,0.998,0.0,1,0,499,0
29500,1,14,15,14,500,0.014,0.056,0.698,0.232,7,28,349,116
29500,1,18,19,18,500,0.104,0.052,0.808,0.036,52,26,404,18
29500,1,19,20,19,500,0.032,0.054,0.878,0.036,16,27,439,18
29500,2,3,5,6,500,0.036,0.096,0.534,0.334,18,48,267,167
29500,2,8,10,16,500,0.156,0.008,0.414,0.422,78,4,207,211
29500,2,10,12,20,500,0.002,0.0,0.998,0.0,1,0,499,0
29500,2,11,13,1,500,0.066,0.25,0.262,0.422,33,125,131,211
29500,2,12,14,3,500,0.006,0.0,0.992,0.002,3,0,496,1
29500,2,14,16,7,500,0.0,0.0,1.0,0.0,0,0,500,0
29500,2,15,17,9,500,0.106,0.018,0.858,0.018,53,9,429,9
29500,2,18,20,15,500,0.15,0.23,0.258,0.362,75,115,129,181
29500,3,0,3,0,500,0.004,0.002,0.994,0.0,2,1,497,0
29500,3,2,5,6,500,0.04,0.068,0.618,0.274,20,34,309,137
29500,3,4,7,12,500,0.14,0.046,0.748,0.066,70,23,374,33
29500,3,5,8,15,500,0.016,0.008,0.964,0.012,8,4,482,6
29500,3,6,9,18,500,0.086,0.036,0.834,0.044,43,18,417,22
29500,3,7,10,0,500,0.0,0.002,0.998,0.0,0,1,499,0
29500,3,8,11,3,500,0.02,0.044,0.932,0.004,10,22,466,2
29500,3,9,12,6,500,0.01,0.006,0.984,0.0,5,3,492,0
29500,3,10,13,9,500,0.0,0.002,0.998,0.0,0,1,499,0
29500,3,13,16,18,500,0.018,0.002,0.976,0.004,9,1,488,2
29500,3,14,17,0,500,0.002,0.0,0.998,0.0,1,0,499,0
29500,3,15,18,3,500,0.582,0.048,0.254,0.116,291,24,127,58
29500,3,16,19,6,500,0.0,0.006,0.992,0.002,0,3,496,1
29500,3,17,20,9,500,0.004,0.002,0.994,0.0,2,1,497,0
29500,4,0,4,0,500,0.0,0.0,1.0,0.0,0,0,500,0
29500,4,2,6,8,500,0.022,0.02,0.946,0.012,11,10,473,6
29500,4,5,9,20,500,0.0,0.0,1.0,0.0,0,0,500,0
29500,4,6,10,3,500,0.062,0.018,0.902,0.018,31,9,451,9
29500,4,7,11,7,500,0.0,0.0,1.0,0.0,0,0,500,0
29500,4,8,12,11,500,0.012,0.01,0.978,0.0,6,5,489,0
29500,4,9,13,15,500,0.018,0.392,0.324,0.266,9,196,162,133
29500,4,10,14,19,500,0.02,0.006,0.974,0.0,10,3,487,0
29500,4,11,15,2,500,0.0,0.004,0.996,0.0,0,2,498,0
29500,4,12,16,6,500,0.0,0.0,1.0,0.0,0,0,500,0
29500,4,13,17,10,500,0.0,0.0,0.998,0.002,0,0,499,1
29500,4,14,18,14,500,0.02,0.062,0.91,0.008,10,31,455,4
29500,4,16,20,1,500,0.0,0.0,1.0,0.0,0,0,500,0
29500,5,0,5,0,500,0.0,0.0,1.0,0.0,0,0,500,0
29500,5,2,7,10,500,0.0,0.0,1.0,0.0,0,0,500,0
29500,5,3,8,15,500,0.01,0.008,0.964,0.018,5,4,482,9
29500,5,4,9,20,500,0.0,0.0,1.0,0.0,0,0,500,0
29500,5,5,10,4,500,0.01,0.01,0.978,0.002,5,5,489,1
29500,5,7,12,14,500,0.006,0.058,0.932,0.004,3,29,466,2
29500,5,9,14,3,500,0.002,0.004,0.994,0.0,1,2,497,0
29500,5,10,15,8,500,0.012,0.002,0.976,0.01,6,1,488,5
29500,5,11,16,13,500,0.004,0.0,0.996,0.0,2,0,498,0
29500,5,12,17,18,500,0.096,0.018,0.874,0.012,48,9,437,6
29500,5,14,19,7,500,0.008,0.054,0.92,0.018,4,27,460,9
29500,5,15,20,12,500,0.014,0.008,0.976,0.002,7,4,488,1
29500,6,1,7,6,500,0.002,0.0,0.998,0.0,1,0,499,0
29500,6,2,8,12,500,0.04,0.0,0.952,0.008,20,0,476,4
29500,6,6,12,15,500,0.018,0.004,0.972,0.006,9,2,486,3
29500,6,8,14,6,500,0.004,0.008,0.984,0.004,2,4,492,2
29500,6,9,15,12,500,0.016,0.014,0.952,0.018,8,7,476,9
29500,6,12,18,9,500,0.082,0.072,0.796,0.05,41,36,398,25
29500,6,13,19,15,500,0.014,0.01,0.972,0.004,7,5,486,2
29500,7,0,7,0,500,0.008,0.32,0.278,0.394,4,160,139,197
29500,7,1,8,7,500,0.002,0.0,0.998,0.0,1,0,499,0
29500,7,3,10,0,500,0.0,0.0,1.0,0.0,0,0,500,0
29500,7,4,11,7,500,0.0,0.0,1.0,0.0,0,0,500,0
29500,7,7,14,7,500,0.008,0.086,0.782,0.124,4,43,391,62
29500,7,8,15,14,500,0.014,0.092,0.716,0.178,7,46,358,89
29500,7,9,16,0,500,0.0,0.0,1.0,0.0,0,0,500,0
29500,7,11,18,14,500,0.02,0.04,0.938,0.002,10,20,469,1
29500,7,13,20,7,500,0.0,0.0,1.0,0.0,0,0,500,0
29500,8,0,8,0,500,0.0,0.0,1.0,0.0,0,0,500,0
29500,8,1,9,8,500,0.0,0.0,1.0,0.0,0,0,500,0
29500,8,3,11,3,500,0.026,0.008,0.956,0.01,13,4,478,5
29500,8,5,13,19,500,0.0,0.0,1.0,0.0,0,0,500,0
29500,8,6,14,6,500,0.004,0.002,0.99,0.004,2,1,495,2
29500,8,7,15,14,500,0.008,0.078,0.74,0.174,4,39,370,87
29500,8,9,17,9,500,0.01,0.004,0.986,0.0,5,2,493,0
29500,8,11,19,4,500,0.0,0.0,1.0,0.0,0,0,500,0
29500,8,12,20,12,500,0.004,0.002,0.994,0.0,2,1,497,0
29500,9,4,13,15,500,0.024,0.284,0.408,0.284,12,142,204,142
29500,9,5,14,3,500,0.004,0.0,0.996,0.0,2,0,498,0
29500,9,6,15,12,500,0.026,0.014,0.944,0.016,13,7,472,8
29500,9,7,16,0,500,0.0,0.0,1.0,0.0,0,0,500,0
29500,9,8,17,9,500,0.01,0.008,0.982,0.0,5,4,491,0
29500,9,11,20,15,500,0.016,0.812,0.098,0.074,8,406,49,37
29500,10,0,10,0,500,0.0,0.0,1.0,0.0,0,0,500,0
29500,10,1,11,10,500,0.0,0.0,1.0,0.0,0,0,500,0
29500,10,2,12,20,500,0.006,0.0,0.988,0.006,3,0,494,3
29500,10,4,14,19,500,0.01,0.004,0.986,0.0,5,2,493,0
29500,10,5,15,8,500,0.012,0.004,0.978,0.006,6,2,489,3
29500,10,6,16,18,500,0.006,0.002,0.992,0.0,3,1,496,0
29500,10,7,17,7,500,0.0,0.0,1.0,0.0,0,0,500,0
29500,10,8,18,17,500,0.074,0.002,0.906,0.018,37,1,453,9
29500,10,9,19,6,500,0.0,0.0,0.998,0.002,0,0,499,1
29500,11,0,11,0,500,0.0,0.0,1.0,0.0,0,0,500,0
29500,11,1,12,11,500,0.002,0.0,0.998,0.0,1,0,499,0
29500,11,2,13,1,500,0.078,0.238,0.226,0.458,39,119,113,229
29500,11,6,17,3,500,0.006,0.002,0.99,0.002,3,1,495,1
29500,11,8,19,4,500,0.0,0.0,0.998,0.002,0,0,499,1
29500,11,9,20,15,500,0.06,0.432,0.178,0.33,30,216,89,165
29500,12,0,12,0,500,0.0,0.0,1.0,0.0,0,0,500,0
29500,12,1,13,12,500,0.006,0.002,0.99,0.002,3,1,495,1
29500,12,4,16,6,500,0.0,0.004,0.996,0.0,0,2,498,0
29500,12,5,17,18,500,0.066,0.02,0.904,0.01,33,10,452,5
29500,12,6,18,9,500,0.136,0.042,0.776,0.046,68,21,388,23
29500,12,8,20,12,500,0.002,0.002,0.996,0.0,1,1,498,0
29500,13,1,14,13,500,0.002,0.0,0.998,0.0,1,0,499,0
29500,13,3,16,18,500,0.034,0.002,0.952,0.012,17,1,476,6
29500,13,4,17,10,500,0.004,0.0,0.996,0.0,2,0,498,0
29500,13,5,18,2,500,0.0,0.004,0.992,0.004,0,2,496,2
29500,14,0,14,0,500,0.018,0.046,0.91,0.026,9,23,455,13
29500,14,1,15,14,500,0.034,0.03,0.624,0.312,17,15,312,156
29500,14,2,16,7,500,0.0,0.0,1.0,0.0,0,0,500,0
29500,14,3,17,0,500,0.004,0.0,0.996,0.0,2,0,498,0
29500,14,4,18,14,500,0.022,0.06,0.908,0.01,11,30,454,5
29500,14,5,19,7,500,0.018,0.09,0.876,0.016,9,45,438,8
29500,15,0,15,0,500,0.0,0.0,1.0,0.0,0,0,500,0
29500,15,2,17,9,500,0.088,0.018,0.874,0.02,44,9,437,10
29500,16,0,16,0,500,0.0,0.0,1.0,0.0,0,0,500,0
29500,16,2,18,11,500,0.0,0.0,1.0,0.0,0,0,500,0
29500,16,3,19,6,500,0.0,0.0,0.998,0.002,0,0,499,1
29500,17,0,17,0,500,0.0,0.0,1.0,0.0,0,0,500,0
29500,17,1,18,17,500,0.058,0.002,0.938,0.002,29,1,469,1
29500,17,2,19,13,500,0.0,0.0,1.0,0.0,0,0,500,0
29500,17,3,20,9,500,0.0,0.006,0.994,0.0,0,3,497,0
29500,18,0,18,0,500,0.0,0.0,1.0,0.0,0,0,500,0
29500,18,2,20,15,500,0.288,0.144,0.228,0.34,144,72,114,170
29500,19,0,19,0,500,0.0,0.0,1.0,0.0,0,0,500,0
29500,19,1,20,19,500,0.032,0.058,0.876,0.034,16,29,438,17
29500,20,0,20,0,500,0.0,0.0,1.0,0.0,0,0,500,0
30000,0,2,2,0,500,0.0,0.0,1.0,0.0,0,0,500,0
30000,0,5,5,0,500,0.0,0.0,1.0,0.0,0,0,500,0
30000,0,6,6,0,500,0.008,0.0,0.988,0.004,4,0,494,2
30000,0,7,7,0,500,0.02,0.392,0.234,0.354,10,196,117,177
30000,0,8,8,0,500,0.006,0.0,0.994,0.0,3,0,497,0
30000,0,10,10,0,500,0.0,0.0,1.0,0.0,0,0,500,0
30000,0,11,11,0,500,0.0,0.0,1.0,0.0,0,0,500,0
30000,0,14,14,0,500,0.05,0.056,0.866,0.028,25,28,433,14
30000,0,15,15,0,500,0.0,0.0,0.998,0.002,0,0,499,1
30000,0,16,16,0,500,0.0,0.0,1.0,0.0,0,0,500,0
30000,0,20,20,0,500,0.0,0.0,1.0,0.0,0,0,500,0
30000,1,0,1,0,500,0.0,0.0,1.0,0.0,0,0,500,0
30000,1,1,2,1,500,0.014,0.02,0.352,0.614,7,10,176,307
30000,1,3,4,3,500,0.182,0.106,0.36,0.352,91,53,180,176
30000,1,4,5,4,500,0.01,0.002,0.988,0.0,5,1,494,0
30000,1,5,6,5,500,0.022,0.032,0.59,0.356,11,16,295,178
30000,1,7,8,7,500,0.0,0.0,1.0,0.0,0,0,500,0
30000,1,8,9,8,500,0.012,0.0,0.986,0.002,6,0,493,1
30000,1,9,10,9,500,0.006,0.01,0.984,0.0,3,5,492,0
30000,1,11,12,11,500,0.004,0.0,0.996,0.0,2,0,498,0
30000,1,13,14,13,500,0.004,0.0,0.996,0.0,2,0,498,0
30000,1,14,15,14,500,0.022,0.036,0.674,0.268,11,18,337,134
30000,1,18,19,18,500,0.232,0.038,0.57,0.16,116,19,285,80
30000,1,19,20,19,500,0.062,0.062,0.82,0.056,31,31,410,28
30000,2,3,5,6,500,0.05,0.098,0.546,0.306,25,49,273,153
30000,2,8,10,16,500,0.158,0.02,0.446,0.376,79,10,223,188
30000,2,10,12,20,500,0.0,0.0,1.0,0.0,0,0,500,0
30000,2,11,13,1,500,0.096,0.148,0.264,0.492,48,74,132,246
30000,2,12,14,3,500,0.0,0.008,0.992,0.0,0,4,496,0
30000,2,14,16,7,500,0.0,0.0,1.0,0.0,0,0,500,0
30000,2,15,17,9,500,0.078,0.008,0.912,0.002,39,4,456,1
30000,2,18,20,15,500,0.13,0.262,0.286,0.322,65,131,143,161
30000,3,0,3,0,500,0.002,0.004,0.994,0.0,1,2,497,0
30000,3,2,5,6,500,0.042,0.066,0.594,0.298,21,33,297,149
30000,3,4,7,12,500,0.146,0.042,0.754,0.058,73,21,377,29
30000,3,5,8,15,500,0.018,0.01,0.968,0.004,9,5,484,2
30000,3,6,9,18,500,0.176,0.064,0.646,0.114,88,32,323,57
30000,3,7,10,0,500,0.0,0.0,1.0,0.0,0,0,500,0
30000,3,8,11,3,500,0.022,0.014,0.948,0.016,11,7,474,8
30000,3,9,12,6,500,0.004,0.012,0.984,0.0,2,6,492,0
30000,3,10,13,9,500,0.0,0.0,1.0,0.0,0,0,500,0
30000,3,13,16,18,500,0.026,0.002,0.966,0.006,13,1,483,3
30000,3,14,17,0,500,0.0,0.0,1.0,0.0,0,0,500,0
30000,3,15,18,3,500,0.592,0.054,0.252,0.102,296,27,126,51
30000,3,16,19,6,500,0.002,0.002,0.996,0.0,1,1,498,0
30000,3,17,20,9,500,0.006,0.006,0.988,0.0,3,3,494,0
30000,4,0,4,0,500,0.0,0.0,1.0,0.0,0,0,500,0
30000,4,2,6,8,500,0.028,0.006,0.96,0.006,14,3,480,3
30000,4,5,9,20,500,0.0,0.0,1.0,0.0,0,0,500,0
30000,4,6,10,3,500,0.064,0.016,0.894,0.026,32,8,447,13
30000,4,7,11,7,500,0.0,0.0,1.0,0.0,0,0,500,0
30000,4,8,12,11,500,0.012,0.008,0.976,0.004,6,4,488,2
30000,4,9,13,15,500,0.01,0.408,0.266,0.316,5,204,133,158
30000,4,10,14,19,500,0.024,0.006,0.97,0.0,12,3,485,0
30000,4,11,15,2,500,0.0,0.004,0.992,0.004,0,2,496,2
30000,4,12,16,6,500,0.0,0.004,0.996,0.0,0,2,498,0
30000,4,13,17,10,500,0.006,0.0,0.994,0.0,3,0,497,0
30000,4,14,18,14,500,0.038,0.038,0.908,0.016,19,19,454,8
30000,4,16,20,1,500,0.0,0.0,1.0,0.0,0,0,500,0
30000,5,0,5,0,500,0.0,0.0,1.0,0.0,0,0,500,0
30000,5,2,7,10,500,0.0,0.002,0.998,0.0,0,1,499,0
30000,5,3,8,15,500,0.014,0.022,0.946,0.018,7,11,473,9
30000,5,4,9,20,500,0.0,0.002,0.998,0.0,0,1,499,0
30000,5,5,10,4,500,0.114,0.022,0.846,0.018,57,11,423,9
30000,5,7,12,14,500,0.026,0.04,0.934,0.0,13,20,467,0
30000,5,9,14,3,500,0.004,0.002,0.994,0.0,2,1,497,0
30000,5,10,15,8,500,0.004,0.004,0.99,0.002,2,2,495,1
30000,5,11,16,13,500,0.006,0.0,0.99,0.004,3,0,495,2
30000,5,12,17,18,500,0.034,0.01,0.948,0.008,17,5,474,4
30000,5,14,19,7,500,0.022,0.082,0.848,0.048,11,41,424,24
30000,5,15,20,12,500,0.008,0.008,0.98,0.004,4,4,490,2
30000,6,1,7,6,500,0.018,0.002,0.976,0.004,9,1,488,2
30000,6,2,8,12,500,0.032,0.002,0.96,0.006,16,1,480,3
30000,6,6,12,15,500,0.018,0.01,0.96,0.012,9,5,480,6
30000,6,8,14,6,500,0.026,0.004,0.96,0.01,13,2,480,5
30000,6,9,15,12,500,0.008,0.006,0.974,0.012,4,3,487,6
30000,6,12,18,9,500,0.114,0.046,0.806,0.034,57,23,403,17
30000,6,13,19,15,500,0.002,0.006,0.992,0.0,1,3,496,0
30000,7,0,7,0,500,0.022,0.334,0.224,0.42,11,167,112,210
30000,7,1,8,7,500,0.004,0.0,0.996,0.0,2,0,498,0
30000,7,3,10,0,500,0.0,0.0,1.0,0.0,0,0,500,0
30000,7,4,11,7,500,0.0,0.0,1.0,0.0,0,0,500,0
30000,7,7,14,7,500,0.016,0.102,0.786,0.096,8,51,393,48
30000,7,8,15,14,500,0.008,0.098,0.762,0.132,4,49,381,66
30000,7,9,16,0,500,0.0,0.0,1.0,0.0,0,0,500,0
30000,7,11,18,14,500,0.042,0.028,0.914,0.016,21,14,457,8
30000,7,13,20,7,500,0.0,0.0,1.0,0.0,0,0,500,0
30000,8,0,8,0,500,0.0,0.0,1.0,0.0,0,0,500,0
30000,8,1,9,8,500,0.016,0.0,0.982,0.002,8,0,491,1
30000,8,3,11,3,500,0.046,0.01,0.936,0.008,23,5,468,4
30000,8,5,13,19,500,0.0,0.0,1.0,0.0,0,0,500,0
30000,8,6,14,6,500,0.016,0.008,0.97,0.006,8,4,485,3
30000,8,7,15,14,500,0.01,0.074,0.828,0.088,5,37,414,44
30000,8,9,17,9,500,0.004,0.0,0.996,0.0,2,0,498,0
30000,8,11,19,4,500,0.0,0.002,0.998,0.0,0,1,499,0
30000,8,12,20,12,500,0.002,0.004,0.992,0.002,1,2,496,1
30000,9,4,13,15,500,0.016,0.448,0.32,0.216,8,224,160,108
30000,9,5,14,3,500,0.0,0.004,0.996,0.0,0,2,498,0
30000,9,6,15,12,500,0.006,0.006,0.96,0.028,3,3,480,14
30000,9,7,16,0,500,0.0,0.0,1.0,0.0,0,0,500,0
30000,9,8,17,9,500,0.002,0.002,0.996,0.0,1,1,498,0
30000,9,11,20,15,500,0.006,0.842,0.072,0.08,3,421,36,40
30000,10,0,10,0,500,0.0,0.0,1.0,0.0,0,0,500,0
30000,10,1,11,10,500,0.006,0.0,0.994,0.0,3,0,497,0
30000,10,2,12,20,500,0.002,0.0,0.998,0.0,1,0,499,0
30000,10,4,14,19,500,0.024,0.006,0.97,0.0,12,3,485,0
30000,10,5,15,8,500,0.012,0.004,0.984,0.0,6,2,492,0
30000,10,6,16,18,500,0.018,0.0,0.978,0.004,9,0,489,2
30000,10,7,17,7,500,0.0,0.0,1.0,0.0,0,0,500,0
30000,10,8,18,17,500,0.05,0.002,0.936,0.012,25,1,468,6
30000,10,9,19,6,500,0.0,0.002,0.998,0.0,0,1,499,0
30000,11,0,11,0,500,0.0,0.0,1.0,0.0,0,0,500,0
30000,11,1,12,11,500,0.002,0.008,0.986,0.004,1,4,493,2
30000,11,2,13,1,500,0.136,0.166,0.26,0.438,68,83,130,219
30000,11,6,17,3,500,0.012,0.004,0.974,0.01,6,2,487,5
30000,11,8,19,4,500,0.0,0.002,0.998,0.0,0,1,499,0
30000,11,9,20,15,500,0.03,0.524,0.164,0.282,15,262,82,141
30000,12,0,12,0,500,0.004,0.0,0.996,0.0,2,0,498,0
30000,12,1,13,12,500,0.006,0.008,0.984,0.002,3,4,492,1
30000,12,4,16,6,500,0.0,0.006,0.994,0.0,0,3,497,0
30000,12,5,17,18,500,0.04,0.014,0.938,0.008,20,7,469,4
30000,12,6,18,9,500,0.146,0.048,0.694,0.112,73,24,347,56
30000,12,8,20,12,500,0.0,0.002,0.998,0.0,0,1,499,0
30000,13,1,14,13,500,0.008,0.0,0.99,0.002,4,0,495,1
30000,13,3,16,18,500,0.02,0.0,0.968,0.012,10,0,484,6
30000,13,4,17,10,500,0.0,0.0,1.0,0.0,0,0,500,0
30000,13,5,18,2,500,0.002,0.0,0.998,0.0,1,0,499,0
30000,14,0,14,0,500,0.008,0.044,0.92,0.028,4,22,460,14
30000,14,1,15,14,500,0.026,0.068,0.638,0.268,13,34,319,134
30000,14,2,16,7,500,0.0,0.0,1.0,0.0,0,0,500,0
30000,14,3,17,0,500,0.0,0.0,1.0,0.0,0,0,500,0
30000,14,4,18,14,500,0.012,0.042,0.936,0.01,6,21,468,5
30000,14,5,19,7,500,0.026,0.112,0.766,0.096,13,56,383,48
30000,15,0,15,0,500,0.002,0.0,0.998,0.0,1,0,499,0
30000,15,2,17,9,500,0.07,0.01,0.92,0.0,35,5,460,0
30000,16,0,16,0,500,0.0,0.0,1.0,0.0,0,0,500,0
30000,16,2,18,11,500,0.0,0.0,1.0,0.0,0,0,500,0
30000,16,3,19,6,500,0.002,0.002,0.996,0.0,1,1,498,0
30000,17,0,17,0,500,0.0,0.0,1.0,0.0,0,0,500,0
30000,17,1,18,17,500,0.034,0.0,0.958,0.008,17,0,479,4
30000,17,2,19,13,500,0.0,0.0,1.0,0.0,0,0,500,0
30000,17,3,20,9,500,0.002,0.002,0.996,0.0,1,1,498,0
30000,18,0,18,0,500,0.0,0.0,1.0,0.0,0,0,500,0
30000,18,2,20,15,500,0.194,0.176,0.258,0.372,97,88,129,186
30000,19,0,19,0,500,0.0,0.0,1.0,0.0,0,0,500,0
30000,19,1,20,19,500,0.04,0.054,0.844,0.062,20,27,422,31
30000,20,0,20,0,500,0.0,0.0,1.0,0.0,0,0,500,0
30500,0,2,2,0,500,0.0,0.0,1.0,0.0,0,0,500,0
30500,0,5,5,0,500,0.0,0.0,1.0,0.0,0,0,500,0
30500,0,6,6,0,500,0.002,0.0,0.992,0.006,1,0,496,3
30500,0,7,7,0,500,0.05,0.388,0.258,0.304,25,194,129,152
30500,0,8,8,0,500,0.0,0.0,1.0,0.0,0,0,500,0
30500,0,10,10,0,500,0.0,0.0,1.0,0.0,0,0,500,0
30500,0,11,11,0,500,0.0,0.0,1.0,0.0,0,0,500,0
30500,0,14,14,0,500,0.06,0.072,0.794,0.074,30,36,397,37
30500,0,15,15,0,500,0.0,0.002,0.998,0.0,0,1,499,0
30500,0,16,16,0,500,0.0,0.0,1.0,0.0,0,0,500,0
30500,0,20,20,0,500,0.0,0.0,1.0,0.0,0,0,500,0
30500,1,0,1,0,500,0.0,0.0,1.0,0.0,0,0,500,0
30500,1,1,2,1,500,0.034,0.13,0.416,0.42,17,65,208,210
30500,1,3,4,3,500,0.156,0.17,0.33,0.344,78,85,165,172
30500,1,4,5,4,500,0.012,0.0,0.988,0.0,6,0,494,0
30500,1,5,6,5,500,0.028,0.036,0.404,0.532,14,18,202,266
30500,1,7,8,7,500,0.002,0.0,0.998,0.0,1,0,499,0
30500,1,8,9,8,500,0.02,0.002,0.978,0.0,10,1,489,0
30500,1,9,10,9,500,0.0,0.006,0.994,0.0,0,3,497,0
30500,1,11,12,11,500,0.006,0.004,0.99,0.0,3,2,495,0
30500,1,13,14,13,500,0.002,0.0,0.998,0.0,1,0,499,0
30500,1,14,15,14,500,0.032,0.026,0.72,0.222,16,13,360,111
30500,1,18,19,18,500,0.188,0.056,0.68,0.076,94,28,340,38
30500,1,19,20,19,500,0.056,0.038,0.87,0.036,28,19,435,18
30500,2,3,5,6,500,0.052,0.048,0.48,0.42,26,24,240,210
30500,2,8,10,16,500,0.108,0.022,0.42,0.45,54,11,210,225
30500,2,10,12,20,500,0.0,0.0,1.0,0.0,0,0,500,0
30500,2,11,13,1,500,0.076,0.16,0.286,0.478,38,80,143,239
30500,2,12,14,3,500,0.012,0.002,0.984,0.002,6,1,492,1
30500,2,14,16,7,500,0.0,0.0,1.0,0.0,0,0,500,0
30500,2,15,17,9,500,0.084,0.01,0.902,0.004,42,5,451,2
30500,2,18,20,15,500,0.098,0.34,0.228,0.334,49,170,114,167
30500,3,0,3,0,500,0.002,0.006,0.992,0.0,1,3,496,0
30500,3,2,5,6,500,0.044,0.072,0.482,0.402,22,36,241,201
30500,3,4,7,12,500,0.312,0.044,0.476,0.168,156,22,238,84
30500,3,5,8,15,500,0.024,0.016,0.944,0.016,12,8,472,8
30500,3,6,9,18,500,0.15,0.036,0.742,0.072,75,18,371,36
30500,3,7,10,0,500,0.0,0.0,1.0,0.0,0,0,500,0
30500,3,8,11,3,500,0.024,0.01,0.956,0.01,12,5,478,5
30500,3,9,12,6,500,0.006,0.006,0.988,0.0,3,3,494,0
30500,3,10,13,9,500,0.0,0.002,0.998,0.0,0,1,499,0
30500,3,13,16,18,500,0.018,0.002,0.972,0.008,9,1,486,4
30500,3,14,17,0,500,0.0,0.0,1.0,0.0,0,0,500,0
30500,3,15,18,3,500,0.518,0.068,0.302,0.112,259,34,151,56
30500,3,16,19,6,500,0.002,0.0,0.998,0.0,1,0,499,0
30500,3,17,20,9,500,0.004,0.004,0.992,0.0,2,2,496,0
30500,4,0,4,0,500,0.0,0.0,1.0,0.0,0,0,500,0
30500,4,2,6,8,500,0.02,0.008,0.972,0.0,10,4,486,0
30500,4,5,9,20,500,0.0,0.002,0.998,0.0,0,1,499,0
30500,4,6,10,3,500,0.02,0.002,0.972,0.006,10,1,486,3
30500,4,7,11,7,500,0.0,0.0,1.0,0.0,0,0,500,0
30500,4,8,12,11,500,0.01,0.004,0.986,0.0,5,2,493,0
30500,4,9,13,15,500,0.022,0.3,0.338,0.34,11,150,169,170
30500,4,10,14,19,500,0.022,0.016,0.956,0.006,11,8,478,3
30500,4,11,15,2,500,0.0,0.0,0.996,0.004,0,0,498,2
30500,4,12,16,6,500,0.0,0.004,0.996,0.0,0,2,498,0
30500,4,13,17,10,500,0.008,0.0,0.992,0.0,4,0,496,0
30500,4,14,18,14,500,0.008,0.074,0.908,0.01,4,37,454,5
30500,4,16,20,1,500,0.0,0.0,1.0,0.0,0,0,500,0
30500,5,0,5,0,500,0.0,0.0,1.0,0.0,0,0,500,0
30500,5,2,7,10,500,0.0,0.0,1.0,0.0,0,0,500,0
30500,5,3,8,15,500,0.026,0.026,0.92,0.028,13,13,460,14
30500,5,4,9,20,500,0.0,0.004,0.996,0.0,0,2,498,0
30500,5,5,10,4,500,0.322,0.044,0.558,0.076,161,22,279,38
30500,5,7,12,14,500,0.018,0.096,0.878,0.008,9,48,439,4
30500,5,9,14,3,500,0.0,0.0,1.0,0.0,0,0,500,0
30500,5,10,15,8,500,0.008,0.012,0.956,0.024,4,6,478,12
30500,5,11,16,13,500,0.006,0.002,0.988,0.004,3,1,494,2
30500,5,12,17,18,500,0.06,0.012,0.928,0.0,30,6,464,0
30500,5,14,19,7,500,0.098,0.0,0.852,0.05,49,0,426,25
30500,5,15,20,12,500,0.002,0.012,0.986,0.0,1,6,493,0
30500,6,1,7,6,500,0.01,0.012,0.978,0.0,5,6,489,0
30500,6,2,8,12,500,0.054,0.0,0.934,0.012,27,0,467,6
30500,6,6,12,15,500,0.034,0.0,0.952,0.014,17,0,476,7
30500,6,8,14,6,500,0.012,0.002,0.984,0.002,6,1,492,1
30500,6,9,15,12,500,0.016,0.004,0.96,0.02,8,2,480,10
30500,6,12,18,9,500,0.072,0.024,0.878,0.026,36,12,439,13
30500,6,13,19,15,500,0.01,0.006,0.98,0.004,5,3,490,2
30500,7,0,7,0,500,0.024,0.4,0.226,0.35,12,200,113,175
30500,7,1,8,7,500,0.002,0.0,0.998,0.0,1,0,499,0
30500,7,3,10,0,500,0.0,0.0,1.0,0.0,0,0,500,0
30500,7,4,11,7,500,0.0,0.0,1.0,0.0,0,0,500,0
30500,7,7,14,7,500,0.02,0.08,0.794,0.106,10,40,397,53
30500,7,8,15,14,500,0.008,0.104,0.712,0.176,4,52,356,88
30500,7,9,16,0,500,0.0,0.0,1.0,0.0,0,0,500,0
30500,7,11,18,14,500,0.032,0.048,0.916,0.004,16,24,458,2
30500,7,13,20,7,500,0.004,0.002,0.994,0.0,2,1,497,0
30500,8,0,8,0,500,0.0,0.0,1.0,0.0,0,0,500,0
30500,8,1,9,8,500,0.03,0.002,0.962,0.006,15,1,481,3
30500,8,3,11,3,500,0.046,0.014,0.924,0.016,23,7,462,8
30500,8,5,13,19,500,0.0,0.0,1.0,0.0,0,0,500,0
30500,8,6,14,6,500,0.006,0.0,0.994,0.0,3,0,497,0
30500,8,7,15,14,500,0.008,0.076,0.812,0.104,4,38,406,52
30500,8,9,17,9,500,0.0,0.002,0.998,0.0,0,1,499,0
30500,8,11,19,4,500,0.0,0.0,1.0,0.0,0,0,500,0
30500,8,12,20,12,500,0.0,0.006,0.994,0.0,0,3,497,0
30500,9,4,13,15,500,0.016,0.35,0.398,0.236,8,175,199,118
30500,9,5,14,3,500,0.0,0.0,1.0,0.0,0,0,500,0
30500,9,6,15,12,500,0.02,0.006,0.95,0.024,10,3,475,12
30500,9,7,16,0,500,0.0,0.0,1.0,0.0,0,0,500,0
30500,9,8,17,9,500,0.004,0.01,0.986,0.0,2,5,493,0
30500,9,11,20,15,500,0.0,0.874,0.044,0.082,0,437,22,41
30500,10,0,10,0,500,0.0,0.0,1.0,0.0,0,0,500,0
30500,10,1,11,10,500,0.002,0.006,0.988,0.004,1,3,494,2
30500,10,2,12,20,500,0.008,0.0,0.992,0.0,4,0,496,0
30500,10,4,14,19,500,0.036,0.012,0.948,0.004,18,6,474,2
30500,10,5,15,8,500,0.02,0.014,0.946,0.02,10,7,473,10
30500,10,6,16,18,500,0.008,0.002,0.986,0.004,4,1,493,2
30500,10,7,17,7,500,0.0,0.0,1.0,0.0,0,0,500,0
30500,10,8,18,17,500,0.074,0.004,0.916,0.006,37,2,458,3
30500,10,9,19,6,500,0.002,0.0,0.998,0.0,1,0,499,0
30500,11,0,11,0,500,0.0,0.0,1.0,0.0,0,0,500,0
30500,11,1,12,11,500,0.006,0.0,0.994,0.0,3,0,497,0
30500,11,2,13,1,500,0.078,0.15,0.272,0.5,39,75,136,250
30500,11,6,17,3,500,0.006,0.004,0.99,0.0,3,2,495,0
30500,11,8,19,4,500,0.0,0.0,0.998,0.002,0,0,499,1
30500,11,9,20,15,500,0.012,0.712,0.138,0.138,6,356,69,69
30500,12,0,12,0,500,0.002,0.002,0.996,0.0,1,1,498,0
30500,12,1,13,12,500,0.004,0.0,0.994,0.002,2,0,497,1
30500,12,4,16,6,500,0.0,0.002,0.998,0.0,0,1,499,0
30500,12,5,17,18,500,0.022,0.02,0.956,0.002,11,10,478,1
30500,12,6,18,9,500,0.12,0.044,0.768,0.068,60,22,384,34
30500,12,8,20,12,500,0.0,0.002,0.998,0.0,0,1,499,0
30500,13,1,14,13,500,0.0,0.0,1.0,0.0,0,0,500,0
30500,13,3,16,18,500,0.016,0.0,0.974,0.01,8,0,487,5
30500,13,4,17,10,500,0.002,0.0,0.998,0.0,1,0,499,0
30500,13,5,18,2,500,0.0,0.002,0.998,0.0,0,1,499,0
30500,14,0,14,0,500,0.036,0.058,0.88,0.026,18,29,440,13
30500,14,1,15,14,500,0.028,0.038,0.674,0.26,14,19,337,130
30500,14,2,16,7,500,0.0,0.0,1.0,0.0,0,0,500,0
30500,14,3,17,0,500,0.0,0.004,0.996,0.0,0,2,498,0
30500,14,4,18,14,500,0.014,0.06,0.916,0.01,7,30,458,5
30500,14,5,19,7,500,0.118,0.008,0.832,0.042,59,4,416,21
30500,15,0,15,0,500,0.002,0.0,0.998,0.0,1,0,499,0
30500,15,2,17,9,500,0.074,0.004,0.92,0.002,37,2,460,1
30500,16,0,16,0,500,0.0,0.0,1.0,0.0,0,0,500,0
30500,16,2,18,11,500,0.0,0.0,1.0,0.0,0,0,500,0
30500,16,3,19,6,500,0.002,0.0,0.998,0.0,1,0,499,0
30500,17,0,17,0,500,0.0,0.0,1.0,0.0,0,0,500,0
30500,17,1,18,17,500,0.066,0.0,0.928,0.006,33,0,464,3
30500,17,2,19,13,500,0.0,0.0,1.0,0.0,0,0,500,0
30500,17,3,20,9,500,0.002,0.0,0.996,0.002,1,0,498,1
30500,18,0,18,0,500,0.002,0.0,0.998,0.0,1,0,499,0
30500,18,2,20,15,500,0.182,0.236,0.252,0.33,91,118,126,165
30500,19,0,19,0,500,0.0,0.0,1.0,0.0,0,0,500,0
30500,19,1,20,19,500,0.048,0.038,0.888,0.026,24,19,444,13
30500,20,0,20,0,500,0.0,0.0,1.0,0.0,0,0,500,0
31000,0,2,2,0,500,0.0,0.0,1.0,0.0,0,0,500,0
31000,0,5,5,0,500,0.0,0.0,1.0,0.0,0,0,500,0
31000,0,6,6,0,500,0.002,0.004,0.984,0.01,1,2,492,5
31000,0,7,7,0,500,0.0,0.406,0.26,0.334,0,203,130,167
31000,0,8,8,0,500,0.0,0.0,1.0,0.0,0,0,500,0
31000,0,10,10,0,500,0.0,0.0,1.0,0.0,0,0,500,0
31000,0,11,11,0,500,0.0,0.0,1.0,0.0,0,0,500,0
31000,0,14,14,0,500,0.052,0.082,0.832,0.034,26,41,416,17
31000,0,15,15,0,500,0.002,0.002,0.996,0.0,1,1,498,0
31000,0,16,16,0,500,0.0,0.0,1.0,0.0,0,0,500,0
31000,0,20,20,0,500,0.0,0.0,1.0,0.0,0,0,500,0
31000,1,0,1,0,500,0.0,0.0,1.0,0.0,0,0,500,0
31000,1,1,2,1,500,0.002,0.49,0.302,0.206,1,245,151,103
31000,1,3,4,3,500,0.196,0.096,0.384,0.324,98,48,192,162
31000,1,4,5,4,500,0.002,0.006,0.992,0.0,1,3,496,0
31000,1,5,6,5,500,0.07,0.054,0.28,0.596,35,27,140,298
31000,1,7,8,7,500,0.004,0.0,0.996,0.0,2,0,498,0
31000,1,8,9,8,500,0.004,0.002,0.994,0.0,2,1,497,0
31000,1,9,10,9,500,0.004,0.02,0.974,0.002,2,10,487,1
31000,1,11,12,11,500,0.002,0.0,0.998,0.0,1,0,499,0
31000,1,13,14,13,500,0.002,0.0,0.998,0.0,1,0,499,0
31000,1,14,15,14,500,0.02,0.042,0.808,0.13,10,21,404,65
31000,1,18,19,18,500,0.182,0.032,0.684,0.102,91,16,342,51
31000,1,19,20,19,500,0.024,0.026,0.936,0.014,12,13,468,7
31000,2,3,5,6,500,0.064,0.098,0.46,0.378,32,49,230,189
31000,2,8,10,16,500,0.094,0.01,0.438,0.458,47,5,219,229
31000,2,10,12,20,500,0.0,0.0,1.0,0.0,0,0,500,0
31000,2,11,13,1,500,0.106,0.116,0.3,0.478,53,58,150,239
31000,2,12,14,3,500,0.012,0.0,0.988,0.0,6,0,494,0
31000,2,14,16,7,500,0.0,0.0,1.0,0.0,0,0,500,0
31000,2,15,17,9,500,0.134,0.012,0.834,0.02,67,6,417,10
31000,2,18,20,15,500,0.114,0.298,0.218,0.37,57,149,109,185
31000,3,0,3,0,500,0.0,0.006,0.994,0.0,0,3,497,0
31000,3,2,5,6,500,0.066,0.084,0.458,0.392,33,42,229,196
31000,3,4,7,12,500,0.256,0.04,0.566,0.138,128,20,283,69
31000,3,5,8,15,500,0.022,0.016,0.946,0.016,11,8,473,8
31000,3,6,9,18,500,0.124,0.038,0.772,0.066,62,19,386,33
31000,3,7,10,0,500,0.0,0.0,1.0,0.0,0,0,500,0
31000,3,8,11,3,500,0.018,0.012,0.966,0.004,9,6,483,2
31000,3,9,12,6,500,0.012,0.008,0.98,0.0,6,4,490,0
31000,3,10,13,9,500,0.0,0.002,0.998,0.0,0,1,499,0
31000,3,13,16,18,500,0.036,0.008,0.944,0.012,18,4,472,6
31000,3,14,17,0,500,0.0,0.002,0.998,0.0,0,1,499,0
31000,3,15,18,3,500,0.586,0.056,0.244,0.114,293,28,122,57
31000,3,16,19,6,500,0.0,0.002,0.998,0.0,0,1,499,0
31000,3,17,20,9,500,0.002,0.008,0.99,0.0,1,4,495,0
31000,4,0,4,0,500,0.0,0.0,1.0,0.0,0,0,500,0
31000,4,2,6,8,500,0.038,0.014,0.922,0.026,19,7,461,13
31000,4,5,9,20,500,0.0,0.004,0.996,0.0,0,2,498,0
31000,4,6,10,3,500,0.052,0.01,0.928,0.01,26,5,464,5
31000,4,7,11,7,500,0.0,0.004,0.996,0.0,0,2,498,0
31000,4,8,12,11,500,0.008,0.004,0.984,0.004,4,2,492,2
31000,4,9,13,15,500,0.008,0.364,0.314,0.314,4,182,157,157
31000,4,10,14,19,500,0.026,0.0,0.974,0.0,13,0,487,0
31000,4,11,15,2,500,0.0,0.004,0.996,0.0,0,2,498,0
31000,4,12,16,6,500,0.002,0.002,0.996,0.0,1,1,498,0
31000,4,13,17,10,500,0.004,0.0,0.996,0.0,2,0,498,0
31000,4,14,18,14,500,0.02,0.042,0.928,0.01,10,21,464,5
31000,4,16,20,1,500,0.0,0.0,1.0,0.0,0,0,500,0
31000,5,0,5,0,500,0.0,0.0,1.0,0.0,0,0,500,0
31000,5,2,7,10,500,0.0,0.0,1.0,0.0,0,0,500,0
31000,5,3,8,15,500,0.014,0.052,0.922,0.012,7,26,461,6
31000,5,4,9,20,500,0.0,0.006,0.994,0.0,0,3,497,0
31000,5,5,10,4,500,0.012,0.0,0.982,0.006,6,0,491,3
31000,5,7,12,14,500,0.022,0.092,0.852,0.034,11,46,426,17
31000,5,9,14,3,500,0.01,0.004,0.986,0.0,5,2,493,0
31000,5,10,15,8,500,0.004,0.01,0.978,0.008,2,5,489,4
31000,5,11,16,13,500,0.0,0.0,1.0,0.0,0,0,500,0
31000,5,12,17,18,500,0.062,0.004,0.916,0.018,31,2,458,9
31000,5,14,19,7,500,0.106,0.008,0.85,0.036,53,4,425,18
31000,5,15,20,12,500,0.008,0.008,0.984,0.0,4,4,492,0
31000,6,1,7,6,500,0.004,0.014,0.978,0.004,2,7,489,2
31000,6,2,8,12,500,0.03,0.018,0.948,0.004,15,9,474,2
31000,6,6,12,15,500,0.004,0.002,0.984,0.01,2,1,492,5
31000,6,8,14,6,500,0.014,0.0,0.986,0.0,7,0,493,0
31000,6,9,15,12,500,0.014,0.016,0.946,0.024,7,8,473,12
31000,6,12,18,9,500,0.106,0.078,0.76,0.056,53,39,380,28
31000,6,13,19,15,500,0.006,0.002,0.992,0.0,3,1,496,0
31000,7,0,7,0,500,0.0,0.384,0.246,0.37,0,192,123,185
31000,7,1,8,7,500,0.01,0.0,0.988,0.002,5,0,494,1
31000,7,3,10,0,500,0.0,0.0,1.0,0.0,0,0,500,0
31000,7,4,11,7,500,0.0,0.0,1.0,0.0,0,0,500,0
31000,7,7,14,7,500,0.004,0.08,0.824,0.092,2,40,412,46
31000,7,8,15,14,500,0.012,0.124,0.688,0.176,6,62,344,88
31000,7,9,16,0,500,0.0,0.0,1.0,0.0,0,0,500,0
31000,7,11,18,14,500,0.034,0.076,0.878,0.012,17,38,439,6
31000,7,13,20,7,500,0.0,0.0,1.0,0.0,0,0,500,0
31000,8,0,8,0,500,0.002,0.0,0.998,0.0,1,0,499,0
31000,8,1,9,8,500,0.024,0.002,0.974,0.0,12,1,487,0
31000,8,3,11,3,500,0.014,0.016,0.964,0.006,7,8,482,3
31000,8,5,13,19,500,0.0,0.0,1.0,0.0,0,0,500,0
31000,8,6,14,6,500,0.004,0.002,0.992,0.002,2,1,496,1
31000,8,7,15,14,500,0.048,0.076,0.732,0.144,24,38,366,72
31000,8,9,17,9,500,0.008,0.008,0.984,0.0,4,4,492,0
31000,8,11,19,4,500,0.0,0.0,1.0,0.0,0,0,500,0
31000,8,12,20,12,500,0.0,0.004,0.996,0.0,0,2,498,0
31000,9,4,13,15,500,0.016,0.43,0.33,0.224,8,215,165,112
31000,9,5,14,3,500,0.016,0.006,0.978,0.0,8,3,489,0
31000,9,6,15,12,500,0.018,0.014,0.952,0.016,9,7,476,8
31000,9,7,16,0,500,0.0,0.0,1.0,0.0,0,0,500,0
31000,9,8,17,9,500,0.002,0.006,0.992,0.0,1,3,496,0
31000,9,11,20,15,500,0.014,0.864,0.038,0.084,7,432,19,42
31000,10,0,10,0,500,0.0,0.0,1.0,0.0,0,0,500,0
31000,10,1,11,10,500,0.004,0.0,0.994,0.002,2,0,497,1
31000,10,2,12,20,500,0.008,0.002,0.99,0.0,4,1,495,0
31000,10,4,14,19,500,0.042,0.006,0.952,0.0,21,3,476,0
31000,10,5,15,8,500,0.008,0.004,0.982,0.006,4,2,491,3
31000,10,6,16,18,500,0.014,0.006,0.978,0.002,7,3,489,1
31000,10,7,17,7,500,0.0,0.0,1.0,0.0,0,0,500,0
31000,10,8,18,17,500,0.08,0.004,0.902,0.014,40,2,451,7
31000,10,9,19,6,500,0.0,0.002,0.998,0.0,0,1,499,0
31000,11,0,11,0,500,0.0,0.0,1.0,0.0,0,0,500,0
31000,11,1,12,11,500,0.002,0.0,0.998,0.0,1,0,499,0
31000,11,2,13,1,500,0.094,0.138,0.296,0.472,47,69,148,236
31000,11,6,17,3,500,0.01,0.0,0.99,0.0,5,0,495,0
31000,11,8,19,4,500,0.002,0.0,0.994,0.004,1,0,497,2
31000,11,9,20,15,500,0.018,0.784,0.078,0.12,9,392,39,60
31000,12,0,12,0,500,0.002,0.002,0.996,0.0,1,1,498,0
31000,12,1,13,12,500,0.004,0.002,0.994,0.0,2,1,497,0
31000,12,4,16,6,500,0.0,0.004,0.996,0.0,0,2,498,0
31000,12,5,17,18,500,0.026,0.008,0.956,0.01,13,4,478,5
31000,12,6,18,9,500,0.152,0.032,0.758,0.058,76,16,379,29
31000,12,8,20,12,500,0.0,0.0,1.0,0.0,0,0,500,0
31000,13,1,14,13,500,0.002,0.0,0.998,0.0,1,0,499,0
31000,13,3,16,18,500,0.024,0.004,0.962,0.01,12,2,481,5
31000,13,4,17,10,500,0.008,0.0,0.992,0.0,4,0,496,0
31000,13,5,18,2,500,0.0,0.0,0.996,0.004,0,0,498,2
31000,14,0,14,0,500,0.024,0.086,0.856,0.034,12,43,428,17
31000,14,1,15,14,500,0.018,0.064,0.676,0.242,9,32,338,121
31000,14,2,16,7,500,0.0,0.0,1.0,0.0,0,0,500,0
31000,14,3,17,0,500,0.0,0.0,1.0,0.0,0,0,500,0
31000,14,4,18,14,500,0.024,0.098,0.842,0.036,12,49,421,18
31000,14,5,19,7,500,0.096,0.03,0.854,0.02,48,15,427,10
31000,15,0,15,0,500,0.0,0.002,0.998,0.0,0,1,499,0
31000,15,2,17,9,500,0.11,0.014,0.858,0.018,55,7,429,9
31000,16,0,16,0,500,0.0,0.0,1.0,0.0,0,0,500,0
31000,16,2,18,11,500,0.0,0.0,1.0,0.0,0,0,500,0
31000,16,3,19,6,500,0.0,0.0,1.0,0.0,0,0,500,0
31000,17,0,17,0,500,0.0,0.0,1.0,0.0,0,0,500,0
31000,17,1,18,17,500,0.06,0.002,0.926,0.012,30,1,463,6
31000,17,2,19,13,500,0.0,0.0,1.0,0.0,0,0,500,0
31000,17,3,20,9,500,0.0,0.006,0.994,0.0,0,3,497,0
31000,18,0,18,0,500,0.002,0.0,0.996,0.002,1,0,498,1
31000,18,2,20,15,500,0.114,0.306,0.256,0.324,57,153,128,162
31000,19,0,19,0,500,0.0,0.0,1.0,0.0,0,0,500,0
31000,19,1,20,19,500,0.06,0.024,0.892,0.024,30,12,446,12
31000,20,0,20,0,500,0.0,0.0,1.0,0.0,0,0,500,0
31500,0,2,2,0,500,0.0,0.0,1.0,0.0,0,0,500,0
31500,0,5,5,0,500,0.0,0.0,1.0,0.0,0,0,500,0
31500,0,6,6,0,500,0.002,0.0,0.988,0.01,1,0,494,5
31500,0,7,7,0,500,0.014,0.32,0.262,0.404,7,160,131,202
31500,0,8,8,0,500,0.0,0.0,1.0,0.0,0,0,500,0
31500,0,10,10,0,500,0.0,0.0,1.0,0.0,0,0,500,0
31500,0,11,11,0,500,0.0,0.0,1.0,0.0,0,0,500,0
31500,0,14,14,0,500,0.096,0.056,0.796,0.052,48,28,398,26
31500,0,15,15,0,500,0.002,0.0,0.998,0.0,1,0,499,0
31500,0,16,16,0,500,0.0,0.0,1.0,0.0,0,0,500,0
31500,0,20,20,0,500,0.0,0.0,1.0,0.0,0,0,500,0
31500,1,0,1,0,500,0.0,0.0,1.0,0.0,0,0,500,0
31500,1,1,2,1,500,0.018,0.306,0.388,0.288,9,153,194,144
31500,1,3,4,3,500,0.21,0.106,0.35,0.334,105,53,175,167
31500,1,4,5,4,500,0.024,0.006,0.968,0.002,12,3,484,1
31500,1,5,6,5,500,0.038,0.048,0.478,0.436,19,24,239,218
31500,1,7,8,7,500,0.002,0.002,0.996,0.0,1,1,498,0
31500,1,8,9,8,500,0.002,0.0,0.998,0.0,1,0,499,0
31500,1,9,10,9,500,0.002,0.01,0.986,0.002,1,5,493,1
31500,1,11,12,11,500,0.0,0.004,0.996,0.0,0,2,498,0
31500,1,13,14,13,500,0.004,0.0,0.996,0.0,2,0,498,0
31500,1,14,15,14,500,0.02,0.04,0.764,0.176,10,20,382,88
31500,1,18,19,18,500,0.126,0.062,0.73,0.082,63,31,365,41
31500,1,19,20,19,500,0.09,0.052,0.792,0.066,45,26,396,33
31500,2,3,5,6,500,0.032,0.032,0.694,0.242,16,16,347,121
31500,2,8,10,16,500,0.192,0.018,0.36,0.43,96,9,180,215
31500,2,10,12,20,500,0.0,0.0,1.0,0.0,0,0,500,0
31500,2,11,13,1,500,0.112,0.086,0.318,0.484,56,43,159,242
31500,2,12,14,3,500,0.008,0.006,0.986,0.0,4,3,493,0
31500,2,14,16,7,500,0.0,0.0,1.0,0.0,0,0,500,0
31500,2,15,17,9,500,0.148,0.018,0.81,0.024,74,9,405,12
31500,2,18,20,15,500,0.106,0.24,0.274,0.38,53,120,137,190
31500,3,0,3,0,500,0.0,0.01,0.99,0.0,0,5,495,0
31500,3,2,5,6,500,0.042,0.072,0.644,0.242,21,36,322,121
31500,3,4,7,12,500,0.354,0.012,0.478,0.156,177,6,239,78
31500,3,5,8,15,500,0.006,0.016,0.97,0.008,3,8,485,4
31500,3,6,9,18,500,0.144,0.036,0.69,0.13,72,18,345,65
31500,3,7,10,0,500,0.0,0.0,1.0,0.0,0,0,500,0
31500,3,8,11,3,500,0.016,0.02,0.962,0.002,8,10,481,1
31500,3,9,12,6,500,0.004,0.008,0.988,0.0,2,4,494,0
31500,3,10,13,9,500,0.0,0.0,0.998,0.002,0,0,499,1
31500,3,13,16,18,500,0.024,0.004,0.968,0.004,12,2,484,2
31500,3,14,17,0,500,0.0,0.004,0.996,0.0,0,2,498,0
31500,3,15,18,3,500,0.586,0.032,0.304,0.078,293,16,152,39
31500,3,16,19,6,500,0.0,0.0,1.0,0.0,0,0,500,0
31500,3,17,20,9,500,0.0,0.012,0.988,0.0,0,6,494,0
31500,4,0,4,0,500,0.0,0.0,1.0,0.0,0,0,500,0
31500,4,2,6,8,500,0.012,0.054,0.922,0.012,6,27,461,6
31500,4,5,9,20,500,0.0,0.004,0.996,0.0,0,2,498,0
31500,4,6,10,3,500,0.078,0.026,0.862,0.034,39,13,431,17
31500,4,7,11,7,500,0.0,0.0,1.0,0.0,0,0,500,0
31500,4,8,12,11,500,0.01,0.004,0.986,0.0,5,2,493,0
31500,4,9,13,15,500,0.022,0.352,0.32,0.306,11,176,160,153
31500,4,10,14,19,500,0.018,0.0,0.982,0.0,9,0,491,0
31500,4,11,15,2,500,0.002,0.004,0.98,0.014,1,2,490,7
31500,4,12,16,6,500,0.0,0.002,0.998,0.0,0,1,499,0
31500,4,13,17,10,500,0.008,0.0,0.992,0.0,4,0,496,0
31500,4,14,18,14,500,0.02,0.05,0.918,0.012,10,25,459,6
31500,4,16,20,1,500,0.0,0.0,1.0,0.0,0,0,500,0
31500,5,0,5,0,500,0.0,0.0,1.0,0.0,0,0,500,0
31500,5,2,7,10,500,0.0,0.0,1.0,0.0,0,0,500,0
31500,5,3,8,15,500,0.012,0.02,0.962,0.006,6,10,481,3
31500,5,4,9,20,500,0.0,0.004,0.996,0.0,0,2,498,0
31500,5,5,10,4,500,0.07,0.022,0.872,0.036,35,11,436,18
31500,5,7,12,14,500,0.032,0.04,0.91,0.018,16,20,455,9
31500,5,9,14,3,500,0.006,0.01,0.984,0.0,3,5,492,0
31500,5,10,15,8,500,0.006,0.008,0.984,0.002,3,4,492,1
31500,5,11,16,13,500,0.002,0.0,0.998,0.0,1,0,499,0
31500,5,12,17,18,500,0.052,0.022,0.908,0.018,26,11,454,9
31500,5,14,19,7,500,0.008,0.092,0.882,0.018,4,46,441,9
31500,5,15,20,12,500,0.01,0.004,0.984,0.002,5,2,492,1
31500,6,1,7,6,500,0.006,0.0,0.992,0.002,3,0,496,1
31500,6,2,8,12,500,0.03,0.006,0.964,0.0,15,3,482,0
31500,6,6,12,15,500,0.016,0.004,0.976,0.004,8,2,488,2
31500,6,8,14,6,500,0.012,0.002,0.984,0.002,6,1,492,1
31500,6,9,15,12,500,0.01,0.016,0.968,0.006,5,8,484,3
31500,6,12,18,9,500,0.158,0.056,0.708,0.078,79,28,354,39
31500,6,13,19,15,500,0.01,0.008,0.98,0.002,5,4,490,1
31500,7,0,7,0,500,0.014,0.356,0.248,0.382,7,178,124,191
31500,7,1,8,7,500,0.002,0.0,0.998,0.0,1,0,499,0
31500,7,3,10,0,500,0.0,0.0,1.0,0.0,0,0,500,0
31500,7,4,11,7,500,0.0,0.0,1.0,0.0,0,0,500,0
31500,7,7,14,7,500,0.004,0.1,0.822,0.074,2,50,411,37
31500,7,8,15,14,500,0.0,0.132,0.736,0.132,0,66,368,66
31500,7,9,16,0,500,0.0,0.0,1.0,0.0,0,0,500,0
31500,7,11,18,14,500,0.078,0.07,0.818,0.034,39,35,409,17
31500,7,13,20,7,500,0.0,0.0,1.0,0.0,0,0,500,0
31500,8,0,8,0,500,0.0,0.0,1.0,0.0,0,0,500,0
31500,8,1,9,8,500,0.008,0.002,0.99,0.0,4,1,495,0
31500,8,3,11,3,500,0.01,0.006,0.978,0.006,5,3,489,3
31500,8,5,13,19,500,0.0,0.0,1.0,0.0,0,0,500,0
31500,8,6,14,6,500,0.008,0.0,0.992,0.0,4,0,496,0
31500,8,7,15,14,500,0.008,0.13,0.744,0.118,4,65,372,59
31500,8,9,17,9,500,0.012,0.004,0.984,0.0,6,2,492,0
31500,8,11,19,4,500,0.0,0.0,0.998,0.002,0,0,499,1
31500,8,12,20,12,500,0.002,0.006,0.99,0.002,1,3,495,1
31500,9,4,13,15,500,0.018,0.394,0.324,0.264,9,197,162,132
31500,9,5,14,3,500,0.006,0.016,0.978,0.0,3,8,489,0
31500,9,6,15,12,500,0.018,0.014,0.958,0.01,9,7,479,5
31500,9,7,16,0,500,0.0,0.0,1.0,0.0,0,0,500,0
31500,9,8,17,9,500,0.012,0.012,0.976,0.0,6,6,488,0
31500,9,11,20,15,500,0.008,0.858,0.056,0.078,4,429,28,39
31500,10,0,10,0,500,0.0,0.0,1.0,0.0,0,0,500,0
31500,10,1,11,10,500,0.004,0.0,0.996,0.0,2,0,498,0
31500,10,2,12,20,500,0.01,0.0,0.99,0.0,5,0,495,0
31500,10,4,14,19,500,0.012,0.004,0.984,0.0,6,2,492,0
31500,10,5,15,8,500,0.008,0.002,0.988,0.002,4,1,494,1
31500,10,6,16,18,500,0.012,0.002,0.984,0.002,6,1,492,1
31500,10,7,17,7,500,0.002,0.0,0.998,0.0,1,0,499,0
31500,10,8,18,17,500,0.084,0.002,0.902,0.012,42,1,451,6
31500,10,9,19,6,500,0.0,0.0,1.0,0.0,0,0,500,0
31500,11,0,11,0,500,0.0,0.0,1.0,0.0,0,0,500,0
31500,11,1,12,11,500,0.002,0.002,0.994,0.002,1,1,497,1
31500,11,2,13,1,500,0.09,0.176,0.274,0.46,45,88,137,230
31500,11,6,17,3,500,0.002,0.0,0.998,0.0,1,0,499,0
31500,11,8,19,4,500,0.002,0.0,0.992,0.006,1,0,496,3
31500,11,9,20,15,500,0.022,0.768,0.112,0.098,11,384,56,49
31500,12,0,12,0,500,0.0,0.0,1.0,0.0,0,0,500,0
31500,12,1,13,12,500,0.002,0.0,0.998,0.0,1,0,499,0
31500,12,4,16,6,500,0.0,0.002,0.998,0.0,0,1,499,0
31500,12,5,17,18,500,0.044,0.004,0.942,0.01,22,2,471,5
31500,12,6,18,9,500,0.228,0.05,0.588,0.134,114,25,294,67
31500,12,8,20,12,500,0.002,0.004,0.992,0.002,1,2,496,1
31500,13,1,14,13,500,0.004,0.0,0.996,0.0,2,0,498,0
31500,13,3,16,18,500,0.014,0.004,0.978,0.004,7,2,489,2
31500,13,4,17,10,500,0.012,0.0,0.988,0.0,6,0,494,0
31500,13,5,18,2,500,0.0,0.002,0.996,0.002,0,1,498,1
31500,14,0,14,0,500,0.054,0.088,0.788,0.07,27,44,394,35
31500,14,1,15,14,500,0.034,0.038,0.67,0.258,17,19,335,129
31500,14,2,16,7,500,0.0,0.0,1.0,0.0,0,0,500,0
31500,14,3,17,0,500,0.0,0.0,1.0,0.0,0,0,500,0
31500,14,4,18,14,500,0.036,0.106,0.784,0.074,18,53,392,37
31500,14,5,19,7,500,0.012,0.094,0.872,0.022,6,47,436,11
31500,15,0,15,0,500,0.0,0.002,0.998,0.0,0,1,499,0
31500,15,2,17,9,500,0.162,0.014,0.794,0.03,81,7,397,15
31500,16,0,16,0,500,0.0,0.0,1.0,0.0,0,0,500,0
31500,16,2,18,11,500,0.0,0.0,1.0,0.0,0,0,500,0
31500,16,3,19,6,500,0.0,0.0,1.0,0.0,0,0,500,0
31500,17,0,17,0,500,0.0,0.0,1.0,0.0,0,0,500,0
31500,17,1,18,17,500,0.064,0.0,0.92,0.016,32,0,460,8
31500,17,2,19,13,500,0.0,0.0,1.0,0.0,0,0,500,0
31500,17,3,20,9,500,0.002,0.01,0.986,0.002,1,5,493,1
31500,18,0,18,0,500,0.0,0.0,1.0,0.0,0,0,500,0
31500,18,2,20,15,500,0.134,0.234,0.276,0.356,67,117,138,178
31500,19,0,19,0,500,0.0,0.002,0.998,0.0,0,1,499,0
31500,19,1,20,19,500,0.116,0.046,0.784,0.054,58,23,392,27
31500,20,0,20,0,500,0.0,0.0,1.0,0.0,0,0,500,0
32000,0,2,2,0,500,0.0,0.0,1.0,0.0,0,0,500,0
32000,0,5,5,0,500,0.0,0.0,1.0,0.0,0,0,500,0
32000,0,6,6,0,500,0.006,0.002,0.976,0.016,3,1,488,8
32000,0,7,7,0,500,0.02,0.332,0.234,0.414,10,166,117,207
32000,0,8,8,0,500,0.0,0.0,1.0,0.0,0,0,500,0
32000,0,10,10,0,500,0.0,0.0,1.0,0.0,0,0,500,0
32000,0,11,11,0,500,0.0,0.0,1.0,0.0,0,0,500,0
32000,0,14,14,0,500,0.088,0.082,0.78,0.05,44,41,390,25
32000,0,15,15,0,500,0.002,0.0,0.998,0.0,1,0,499,0
32000,0,16,16,0,500,0.0,0.0,1.0,0.0,0,0,500,0
32000,0,20,20,0,500,0.0,0.0,1.0,0.0,0,0,500,0
32000,1,0,1,0,500,0.0,0.0,1.0,0.0,0,0,500,0
32000,1,1,2,1,500,0.026,0.316,0.312,0.346,13,158,156,173
32000,1,3,4,3,500,0.164,0.12,0.388,0.328,82,60,194,164
32000,1,4,5,4,500,0.004,0.0,0.996,0.0,2,0,498,0
32000,1,5,6,5,500,0.042,0.072,0.332,0.554,21,36,166,277
32000,1,7,8,7,500,0.0,0.002,0.998,0.0,0,1,499,0
32000,1,8,9,8,500,0.008,0.0,0.99,0.002,4,0,495,1
32000,1,9,10,9,500,0.006,0.014,0.976,0.004,3,7,488,2
32000,1,11,12,11,500,0.002,0.0,0.996,0.002,1,0,498,1
32000,1,13,14,13,500,0.002,0.0,0.998,0.0,1,0,499,0
32000,1,14,15,14,500,0.012,0.064,0.586,0.338,6,32,293,169
32000,1,18,19,18,500,0.172,0.07,0.682,0.076,86,35,341,38
32000,1,19,20,19,500,0.042,0.054,0.84,0.064,21,27,420,32
32000,2,3,5,6,500,0.062,0.108,0.424,0.406,31,54,212,203
32000,2,8,10,16,500,0.114,0.072,0.346,0.468,57,36,173,234
32000,2,10,12,20,500,0.0,0.0,1.0,0.0,0,0,500,0
32000,2,11,13,1,500,0.224,0.06,0.344,0.372,112,30,172,186
32000,2,12,14,3,500,0.006,0.004,0.99,0.0,3,2,495,0
32000,2,14,16,7,500,0.0,0.0,1.0,0.0,0,0,500,0
32000,2,15,17,9,500,0.146,0.014,0.81,0.03,73,7,405,15
32000,2,18,20,15,500,0.064,0.446,0.18,0.31,32,223,90,155
32000,3,0,3,0,500,0.004,0.006,0.99,0.0,2,3,495,0
32000,3,2,5,6,500,0.088,0.086,0.456,0.37,44,43,228,185
32000,3,4,7,12,500,0.326,0.016,0.512,0.146,163,8,256,73
32000,3,5,8,15,500,0.016,0.012,0.966,0.006,8,6,483,3
32000,3,6,9,18,500,0.114,0.032,0.82,0.034,57,16,410,17
32000,3,7,10,0,500,0.0,0.0,1.0,0.0,0,0,500,0
32000,3,8,11,3,500,0.022,0.016,0.952,0.01,11,8,476,5
32000,3,9,12,6,500,0.02,0.004,0.974,0.002,10,2,487,1
32000,3,10,13,9,500,0.0,0.002,0.994,0.004,0,1,497,2
32000,3,13,16,18,500,0.028,0.0,0.958,0.014,14,0,479,7
32000,3,14,17,0,500,0.0,0.0,1.0,0.0,0,0,500,0
32000,3,15,18,3,500,0.576,0.062,0.264,0.098,288,31,132,49
32000,3,16,19,6,500,0.0,0.0,1.0,0.0,0,0,500,0
32000,3,17,20,9,500,0.002,0.012,0.986,0.0,1,6,493,0
32000,4,0,4,0,500,0.0,0.0,1.0,0.0,0,0,500,0
32000,4,2,6,8,500,0.028,0.05,0.916,0.006,14,25,458,3
32000,4,5,9,20,500,0.0,0.004,0.996,0.0,0,2,498,0
32000,4,6,10,3,500,0.03,0.01,0.954,0.006,15,5,477,3
32000,4,7,11,7,500,0.0,0.0,1.0,0.0,0,0,500,0
32000,4,8,12,11,500,0.014,0.022,0.962,0.002,7,11,481,1
32000,4,9,13,15,500,0.026,0.404,0.348,0.222,13,202,174,111
32000,4,10,14,19,500,0.026,0.002,0.972,0.0,13,1,486,0
32000,4,11,15,2,500,0.0,0.01,0.988,0.002,0,5,494,1
32000,4,12,16,6,500,0.0,0.0,1.0,0.0,0,0,500,0
32000,4,13,17,10,500,0.01,0.0,0.988,0.002,5,0,494,1
32000,4,14,18,14,500,0.012,0.032,0.946,0.01,6,16,473,5
32000,4,16,20,1,500,0.0,0.002,0.998,0.0,0,1,499,0
32000,5,0,5,0,500,0.0,0.0,1.0,0.0,0,0,500,0
32000,5,2,7,10,500,0.0,0.0,1.0,0.0,0,0,500,0
32000,5,3,8,15,500,0.014,0.014,0.962,0.01,7,7,481,5
32000,5,4,9,20,500,0.0,0.002,0.998,0.0,0,1,499,0
32000,5,5,10,4,500,0.014,0.036,0.942,0.008,7,18,471,4
32000,5,7,12,14,500,0.01,0.066,0.898,0.026,5,33,449,13
32000,5,9,14,3,500,0.004,0.006,0.99,0.0,2,3,495,0
32000,5,10,15,8,500,0.01,0.006,0.984,0.0,5,3,492,0
32000,5,11,16,13,500,0.0,0.0,1.0,0.0,0,0,500,0
32000,5,12,17,18,500,0.026,0.01,0.952,0.012,13,5,476,6
32000,5,14,19,7,500,0.01,0.034,0.922,0.034,5,17,461,17
32000,5,15,20,12,500,0.026,0.008,0.96,0.006,13,4,480,3
32000,6,1,7,6,500,0.002,0.0,0.998,0.0,1,0,499,0
32000,6,2,8,12,500,0.04,0.004,0.952,0.004,20,2,476,2
32000,6,6,12,15,500,0.006,0.004,0.976,0.014,3,2,488,7
32000,6,8,14,6,500,0.006,0.0,0.992,0.002,3,0,496,1
32000,6,9,15,12,500,0.006,0.01,0.964,0.02,3,5,482,10
32000,6,12,18,9,500,0.116,0.038,0.814,0.032,58,19,407,16
32000,6,13,19,15,500,0.018,0.004,0.978,0.0,9,2,489,0
32000,7,0,7,0,500,0.024,0.416,0.22,0.34,12,208,110,170
32000,7,1,8,7,500,0.002,0.0,0.998,0.0,1,0,499,0
32000,7,3,10,0,500,0.0,0.0,1.0,0.0,0,0,500,0
32000,7,4,11,7,500,0.0,0.0,1.0,0.0,0,0,500,0
32000,7,7,14,7,500,0.014,0.124,0.74,0.122,7,62,370,61
32000,7,8,15,14,500,0.004,0.056,0.766,0.174,2,28,383,87
32000,7,9,16,0,500,0.0,0.0,1.0,0.0,0,0,500,0
32000,7,11,18,14,500,0.004,0.058,0.922,0.016,2,29,461,8
32000,7,13,20,7,500,0.0,0.0,1.0,0.0,0,0,500,0
32000,8,0,8,0,500,0.0,0.0,1.0,0.0,0,0,500,0
32000,8,1,9,8,500,0.004,0.0,0.994,0.002,2,0,497,1
32000,8,3,11,3,500,0.024,0.024,0.934,0.018,12,12,467,9
32000,8,5,13,19,500,0.0,0.0,1.0,0.0,0,0,500,0
32000,8,6,14,6,500,0.008,0.0,0.992,0.0,4,0,496,0
32000,8,7,15,14,500,0.022,0.046,0.814,0.118,11,23,407,59
32000,8,9,17,9,500,0.01,0.01,0.98,0.0,5,5,490,0
32000,8,11,19,4,500,0.0,0.0,1.0,0.0,0,0,500,0
32000,8,12,20,12,500,0.0,0.004,0.996,0.0,0,2,498,0
32000,9,4,13,15,500,0.048,0.302,0.34,0.31,24,151,170,155
32000,9,5,14,3,500,0.006,0.006,0.988,0.0,3,3,494,0
32000,9,6,15,12,500,0.018,0.008,0.944,0.03,9,4,472,15
32000,9,7,16,0,500,0.0,0.0,1.0,0.0,0,0,500,0
32000,9,8,17,9,500,0.006,0.016,0.978,0.0,3,8,489,0
32000,9,11,20,15,500,0.004,0.846,0.058,0.092,2,423,29,46
32000,10,0,10,0,500,0.0,0.0,1.0,0.0,0,0,500,0
32000,10,1,11,10,500,0.004,0.004,0.992,0.0,2,2,496,0
32000,10,2,12,20,500,0.002,0.0,0.998,0.0,1,0,499,0
32000,10,4,14,19,500,0.042,0.008,0.948,0.002,21,4,474,1
32000,10,5,15,8,500,0.002,0.006,0.992,0.0,1,3,496,0
32000,10,6,16,18,500,0.012,0.002,0.974,0.012,6,1,487,6
32000,10,7,17,7,500,0.006,0.0,0.994,0.0,3,0,497,0
32000,10,8,18,17,500,0.08,0.006,0.9,0.014,40,3,450,7
32000,10,9,19,6,500,0.0,0.0,1.0,0.0,0,0,500,0
32000,11,0,11,0,500,0.0,0.0,1.0,0.0,0,0,500,0
32000,11,1,12,11,500,0.008,0.0,0.992,0.0,4,0,496,0
32000,11,2,13,1,500,0.16,0.084,0.318,0.438,80,42,159,219
32000,11,6,17,3,500,0.008,0.002,0.99,0.0,4,1,495,0
32000,11,8,19,4,500,0.0,0.0,0.998,0.002,0,0,499,1
32000,11,9,20,15,500,0.036,0.716,0.128,0.12,18,358,64,60
32000,12,0,12,0,500,0.002,0.0,0.998,0.0,1,0,499,0
32000,12,1,13,12,500,0.002,0.006,0.99,0.002,1,3,495,1
32000,12,4,16,6,500,0.0,0.0,1.0,0.0,0,0,500,0
32000,12,5,17,18,500,0.024,0.002,0.964,0.01,12,1,482,5
32000,12,6,18,9,500,0.116,0.036,0.766,0.082,58,18,383,41
32000,12,8,20,12,500,0.0,0.002,0.998,0.0,0,1,499,0
32000,13,1,14,13,500,0.0,0.0,1.0,0.0,0,0,500,0
32000,13,3,16,18,500,0.014,0.0,0.978,0.008,7,0,489,4
32000,13,4,17,10,500,0.006,0.0,0.994,0.0,3,0,497,0
32000,13,5,18,2,500,0.0,0.01,0.988,0.002,0,5,494,1
32000,14,0,14,0,500,0.066,0.078,0.812,0.044,33,39,406,22
32000,14,1,15,14,500,0.076,0.056,0.546,0.322,38,28,273,161
32000,14,2,16,7,500,0.0,0.0,1.0,0.0,0,0,500,0
32000,14,3,17,0,500,0.002,0.002,0.996,0.0,1,1,498,0
32000,14,4,18,14,500,0.026,0.126,0.838,0.01,13,63,419,5
32000,14,5,19,7,500,0.012,0.11,0.848,0.03,6,55,424,15
32000,15,0,15,0,500,0.002,0.0,0.998,0.0,1,0,499,0
32000,15,2,17,9,500,0.11,0.022,0.83,0.038,55,11,415,19
32000,16,0,16,0,500,0.0,0.0,1.0,0.0,0,0,500,0
32000,16,2,18,11,500,0.0,0.002,0.998,0.0,0,1,499,0
32000,16,3,19,6,500,0.0,0.0,1.0,0.0,0,0,500,0
32000,17,0,17,0,500,0.0,0.0,1.0,0.0,0,0,500,0
32000,17,1,18,17,500,0.042,0.0,0.95,0.008,21,0,475,4
32000,17,2,19,13,500,0.0,0.0,1.0,0.0,0,0,500,0
32000,17,3,20,9,500,0.0,0.008,0.992,0.0,0,4,496,0
32000,18,0,18,0,500,0.0,0.0,1.0,0.0,0,0,500,0
32000,18,2,20,15,500,0.118,0.3,0.264,0.318,59,150,132,159
32000,19,0,19,0,500,0.0,0.0,1.0,0.0,0,0,500,0
32000,19,1,20,19,500,0.124,0.04,0.76,0.076,62,20,380,38
32000,20,0,20,0,500,0.0,0.0,1.0,0.0,0,0,500,0
32500,0,2,2,0,500,0.0,0.0,1.0,0.0,0,0,500,0
32500,0,5,5,0,500,0.0,0.0,1.0,0.0,0,0,500,0
32500,0,6,6,0,500,0.002,0.0,0.982,0.016,1,0,491,8
32500,0,7,7,0,500,0.008,0.404,0.24,0.348,4,202,120,174
32500,0,8,8,0,500,0.0,0.0,1.0,0.0,0,0,500,0
32500,0,10,10,0,500,0.0,0.0,1.0,0.0,0,0,500,0
32500,0,11,11,0,500,0.0,0.0,1.0,0.0,0,0,500,0
32500,0,14,14,0,500,0.058,0.06,0.84,0.042,29,30,420,21
32500,0,15,15,0,500,0.002,0.002,0.996,0.0,1,1,498,0
32500,0,16,16,0,500,0.0,0.0,1.0,0.0,0,0,500,0
32500,0,20,20,0,500,0.002,0.0,0.998,0.0,1,0,499,0
32500,1,0,1,0,500,0.0,0.0,1.0,0.0,0,0,500,0
32500,1,1,2,1,500,0.006,0.66,0.144,0.19,3,330,72,95
32500,1,3,4,3,500,0.294,0.028,0.35,0.328,147,14,175,164
32500,1,4,5,4,500,0.176,0.006,0.81,0.008,88,3,405,4
32500,1,5,6,5,500,0.032,0.064,0.314,0.59,16,32,157,295
32500,1,7,8,7,500,0.01,0.0,0.99,0.0,5,0,495,0
32500,1,8,9,8,500,0.024,0.002,0.964,0.01,12,1,482,5
32500,1,9,10,9,500,0.0,0.01,0.99,0.0,0,5,495,0
32500,1,11,12,11,500,0.006,0.002,0.992,0.0,3,1,496,0
32500,1,13,14,13,500,0.0,0.0,1.0,0.0,0,0,500,0
32500,1,14,15,14,500,0.038,0.014,0.756,0.192,19,7,378,96
32500,1,18,19,18,500,0.114,0.098,0.678,0.11,57,49,339,55
32500,1,19,20,19,500,0.014,0.042,0.892,0.052,7,21,446,26
32500,2,3,5,6,500,0.068,0.076,0.49,0.366,34,38,245,183
32500,2,8,10,16,500,0.072,0.042,0.418,0.468,36,21,209,234
32500,2,10,12,20,500,0.0,0.0,1.0,0.0,0,0,500,0
32500,2,11,13,1,500,0.174,0.088,0.348,0.39,87,44,174,195
32500,2,12,14,3,500,0.006,0.002,0.992,0.0,3,1,496,0
32500,2,14,16,7,500,0.0,0.0,1.0,0.0,0,0,500,0
32500,2,15,17,9,500,0.148,0.02,0.81,0.022,74,10,405,11
32500,2,18,20,15,500,0.076,0.386,0.224,0.314,38,193,112,157
32500,3,0,3,0,500,0.002,0.012,0.986,0.0,1,6,493,0
32500,3,2,5,6,500,0.052,0.076,0.478,0.394,26,38,239,197
32500,3,4,7,12,500,0.07,0.014,0.898,0.018,35,7,449,9
32500,3,5,8,15,500,0.014,0.006,0.978,0.002,7,3,489,1
32500,3,6,9,18,500,0.12,0.028,0.814,0.038,60,14,407,19
32500,3,7,10,0,500,0.0,0.0,1.0,0.0,0,0,500,0
32500,3,8,11,3,500,0.036,0.018,0.934,0.012,18,9,467,6
32500,3,9,12,6,500,0.004,0.008,0.988,0.0,2,4,494,0
32500,3,10,13,9,500,0.0,0.002,0.998,0.0,0,1,499,0
32500,3,13,16,18,500,0.028,0.0,0.96,0.012,14,0,480,6
32500,3,14,17,0,500,0.0,0.002,0.998,0.0,0,1,499,0
32500,3,15,18,3,500,0.534,0.05,0.312,0.104,267,25,156,52
32500,3,16,19,6,500,0.0,0.0,1.0,0.0,0,0,500,0
32500,3,17,20,9,500,0.004,0.014,0.982,0.0,2,7,491,0
32500,4,0,4,0,500,0.0,0.0,1.0,0.0,0,0,500,0
32500,4,2,6,8,500,0.034,0.052,0.898,0.016,17,26,449,8
32500,4,5,9,20,500,0.0,0.002,0.998,0.0,0,1,499,0
32500,4,6,10,3,500,0.056,0.006,0.924,0.014,28,3,462,7
32500,4,7,11,7,500,0.0,0.0,1.0,0.0,0,0,500,0
32500,4,8,12,11,500,0.012,0.018,0.964,0.006,6,9,482,3
32500,4,9,13,15,500,0.04,0.406,0.332,0.222,20,203,166,111
32500,4,10,14,19,500,0.018,0.006,0.976,0.0,9,3,488,0
32500,4,11,15,2,500,0.0,0.002,0.998,0.0,0,1,499,0
32500,4,12,16,6,500,0.0,0.0,1.0,0.0,0,0,500,0
32500,4,13,17,10,500,0.008,0.002,0.99,0.0,4,1,495,0
32500,4,14,18,14,500,0.008,0.022,0.966,0.004,4,11,483,2
32500,4,16,20,1,500,0.0,0.0,1.0,0.0,0,0,500,0
32500,5,0,5,0,500,0.0,0.0,1.0,0.0,0,0,500,0
32500,5,2,7,10,500,0.0,0.0,1.0,0.0,0,0,500,0
32500,5,3,8,15,500,0.012,0.0,0.986,0.002,6,0,493,1
32500,5,4,9,20,500,0.002,0.004,0.994,0.0,1,2,497,0
32500,5,5,10,4,500,0.15,0.03,0.706,0.114,75,15,353,57
32500,5,7,12,14,500,0.046,0.056,0.882,0.016,23,28,441,8
32500,5,9,14,3,500,0.004,0.004,0.992,0.0,2,2,496,0
32500,5,10,15,8,500,0.0,0.0,1.0,0.0,0,0,500,0
32500,5,11,16,13,500,0.002,0.004,0.99,0.004,1,2,495,2
32500,5,12,17,18,500,0.04,0.018,0.938,0.004,20,9,469,2
32500,5,14,19,7,500,0.076,0.0,0.876,0.048,38,0,438,24
32500,5,15,20,12,500,0.008,0.01,0.982,0.0,4,5,491,0
32500,6,1,7,6,500,0.004,0.0,0.996,0.0,2,0,498,0
32500,6,2,8,12,500,0.06,0.006,0.924,0.01,30,3,462,5
32500,6,6,12,15,500,0.014,0.002,0.982,0.002,7,1,491,1
32500,6,8,14,6,500,0.006,0.0,0.994,0.0,3,0,497,0
32500,6,9,15,12,500,0.008,0.008,0.976,0.008,4,4,488,4
32500,6,12,18,9,500,0.126,0.03,0.81,0.034,63,15,405,17
32500,6,13,19,15,500,0.006,0.002,0.992,0.0,3,1,496,0
32500,7,0,7,0,500,0.004,0.39,0.24,0.366,2,195,120,183
32500,7,1,8,7,500,0.0,0.0,1.0,0.0,0,0,500,0
32500,7,3,10,0,500,0.0,0.0,1.0,0.0,0,0,500,0
32500,7,4,11,7,500,0.0,0.0,1.0,0.0,0,0,500,0
32500,7,7,14,7,500,0.02,0.078,0.86,0.042,10,39,430,21
32500,7,8,15,14,500,0.002,0.062,0.826,0.11,1,31,413,55
32500,7,9,16,0,500,0.0,0.0,1.0,0.0,0,0,500,0
32500,7,11,18,14,500,0.002,0.036,0.944,0.018,1,18,472,9
32500,7,13,20,7,500,0.0,0.0,1.0,0.0,0,0,500,0
32500,8,0,8,0,500,0.0,0.0,1.0,0.0,0,0,500,0
32500,8,1,9,8,500,0.018,0.0,0.98,0.002,9,0,490,1
32500,8,3,11,3,500,0.02,0.002,0.972,0.006,10,1,486,3
32500,8,5,13,19,500,0.0,0.0,1.0,0.0,0,0,500,0
32500,8,6,14,6,500,0.008,0.0,0.99,0.002,4,0,495,1
32500,8,7,15,14,500,0.008,0.056,0.902,0.034,4,28,451,17
32500,8,9,17,9,500,0.006,0.004,0.99,0.0,3,2,495,0
32500,8,11,19,4,500,0.0,0.0,0.998,0.002,0,0,499,1
32500,8,12,20,12,500,0.0,0.002,0.998,0.0,0,1,499,0
32500,9,4,13,15,500,0.044,0.326,0.376,0.254,22,163,188,127
32500,9,5,14,3,500,0.004,0.002,0.994,0.0,2,1,497,0
32500,9,6,15,12,500,0.012,0.012,0.958,0.018,6,6,479,9
32500,9,7,16,0,500,0.0,0.0,1.0,0.0,0,0,500,0
32500,9,8,17,9,500,0.01,0.012,0.978,0.0,5,6,489,0
32500,9,11,20,15,500,0.01,0.872,0.056,0.062,5,436,28,31
32500,10,0,10,0,500,0.0,0.0,1.0,0.0,0,0,500,0
32500,10,1,11,10,500,0.002,0.002,0.996,0.0,1,1,498,0
32500,10,2,12,20,500,0.006,0.0,0.994,0.0,3,0,497,0
32500,10,4,14,19,500,0.008,0.002,0.99,0.0,4,1,495,0
32500,10,5,15,8,500,0.002,0.002,0.996,0.0,1,1,498,0
32500,10,6,16,18,500,0.014,0.006,0.978,0.002,7,3,489,1
32500,10,7,17,7,500,0.002,0.002,0.996,0.0,1,1,498,0
32500,10,8,18,17,500,0.098,0.008,0.88,0.014,49,4,440,7
32500,10,9,19,6,500,0.002,0.0,0.998,0.0,1,0,499,0
32500,11,0,11,0,500,0.0,0.0,1.0,0.0,0,0,500,0
32500,11,1,12,11,500,0.002,0.002,0.996,0.0,1,1,498,0
32500,11,2,13,1,500,0.18,0.084,0.37,0.366,90,42,185,183
32500,11,6,17,3,500,0.02,0.004,0.972,0.004,10,2,486,2
32500,11,8,19,4,500,0.0,0.0,0.998,0.002,0,0,499,1
32500,11,9,20,15,500,0.04,0.718,0.122,0.12,20,359,61,60
32500,12,0,12,0,500,0.002,0.006,0.992,0.0,1,3,496,0
32500,12,1,13,12,500,0.006,0.0,0.994,0.0,3,0,497,0
32500,12,4,16,6,500,0.002,0.002,0.996,0.0,1,1,498,0
32500,12,5,17,18,500,0.044,0.024,0.932,0.0,22,12,466,0
32500,12,6,18,9,500,0.04,0.034,0.886,0.04,20,17,443,20
32500,12,8,20,12,500,0.004,0.0,0.996,0.0,2,0,498,0
32500,13,1,14,13,500,0.004,0.0,0.996,0.0,2,0,498,0
32500,13,3,16,18,500,0.036,0.002,0.952,0.01,18,1,476,5
32500,13,4,17,10,500,0.004,0.0,0.996,0.0,2,0,498,0
32500,13,5,18,2,500,0.0,0.0,0.992,0.008,0,0,496,4
32500,14,0,14,0,500,0.044,0.088,0.82,0.048,22,44,410,24
32500,14,1,15,14,500,0.018,0.026,0.742,0.214,9,13,371,107
32500,14,2,16,7,500,0.0,0.0,1.0,0.0,0,0,500,0
32500,14,3,17,0,500,0.002,0.0,0.998,0.0,1,0,499,0
32500,14,4,18,14,500,0.02,0.07,0.876,0.034,10,35,438,17
32500,14,5,19,7,500,0.112,0.012,0.822,0.054,56,6,411,27
32500,15,0,15,0,500,0.002,0.0,0.998,0.0,1,0,499,0
32500,15,2,17,9,500,0.118,0.02,0.842,0.02,59,10,421,10
32500,16,0,16,0,500,0.0,0.0,1.0,0.0,0,0,500,0
32500,16,2,18,11,500,0.0,0.0,1.0,0.0,0,0,500,0
32500,16,3,19,6,500,0.0,0.006,0.994,0.0,0,3,497,0
32500,17,0,17,0,500,0.0,0.002,0.998,0.0,0,1,499,0
32500,17,1,18,17,500,0.066,0.004,0.93,0.0,33,2,465,0
32500,17,2,19,13,500,0.0,0.002,0.998,0.0,0,1,499,0
32500,17,3,20,9,500,0.002,0.002,0.996,0.0,1,1,498,0
32500,18,0,18,0,500,0.0,0.0,1.0,0.0,0,0,500,0
32500,18,2,20,15,500,0.12,0.204,0.336,0.34,60,102,168,170
32500,19,0,19,0,500,0.0,0.002,0.998,0.0,0,1,499,0
32500,19,1,20,19,500,0.236,0.026,0.678,0.06,118,13,339,30
32500,20,0,20,0,500,0.0,0.0,1.0,0.0,0,0,500,0
33000,0,2,2,0,500,0.0,0.0,1.0,0.0,0,0,500,0
33000,0,5,5,0,500,0.0,0.0,1.0,0.0,0,0,500,0
33000,0,6,6,0,500,0.002,0.002,0.996,0.0,1,1,498,0
33000,0,7,7,0,500,0.032,0.396,0.236,0.336,16,198,118,168
33000,0,8,8,0,500,0.0,0.0,1.0,0.0,0,0,500,0
33000,0,10,10,0,500,0.0,0.0,1.0,0.0,0,0,500,0
33000,0,11,11,0,500,0.0,0.0,1.0,0.0,0,0,500,0
33000,0,14,14,0,500,0.068,0.114,0.718,0.1,34,57,359,50
33000,0,15,15,0,500,0.002,0.002,0.996,0.0,1,1,498,0
33000,0,16,16,0,500,0.0,0.0,1.0,0.0,0,0,500,0
33000,0,20,20,0,500,0.0,0.0,1.0,0.0,0,0,500,0
33000,1,0,1,0,500,0.0,0.0,1.0,0.0,0,0,500,0
33000,1,1,2,1,500,0.024,0.564,0.208,0.204,12,282,104,102
33000,1,3,4,3,500,0.23,0.07,0.36,0.34,115,35,180,170
33000,1,4,5,4,500,0.008,0.0,0.992,0.0,4,0,496,0
33000,1,5,6,5,500,0.036,0.02,0.484,0.46,18,10,242,230
33000,1,7,8,7,500,0.0,0.0,1.0,0.0,0,0,500,0
33000,1,8,9,8,500,0.008,0.0,0.99,0.002,4,0,495,1
33000,1,9,10,9,500,0.008,0.012,0.98,0.0,4,6,490,0
33000,1,11,12,11,500,0.0,0.002,0.998,0.0,0,1,499,0
33000,1,13,14,13,500,0.0,0.0,1.0,0.0,0,0,500,0
33000,1,14,15,14,500,0.0,0.13,0.74,0.13,0,65,370,65
33000,1,18,19,18,500,0.098,0.086,0.708,0.108,49,43,354,54
33000,1,19,20,19,500,0.052,0.03,0.892,0.026,26,15,446,13
33000,2,3,5,6,500,0.068,0.072,0.502,0.358,34,36,251,179
33000,2,8,10,16,500,0.138,0.018,0.418,0.426,69,9,209,213
33000,2,10,12,20,500,0.0,0.004,0.996,0.0,0,2,498,0
33000,2,11,13,1,500,0.098,0.108,0.348,0.446,49,54,174,223
33000,2,12,14,3,500,0.014,0.006,0.98,0.0,7,3,490,0
33000,2,14,16,7,500,0.0,0.0,1.0,0.0,0,0,500,0
33000,2,15,17,9,500,0.096,0.006,0.882,0.016,48,3,441,8
33000,2,18,20,15,500,0.172,0.236,0.272,0.32,86,118,136,160
33000,3,0,3,0,500,0.0,0.002,0.998,0.0,0,1,499,0
33000,3,2,5,6,500,0.094,0.046,0.458,0.402,47,23,229,201
33000,3,4,7,12,500,0.07,0.032,0.884,0.014,35,16,442,7
33000,3,5,8,15,500,0.016,0.008,0.972,0.004,8,4,486,2
33000,3,6,9,18,500,0.09,0.03,0.832,0.048,45,15,416,24
33000,3,7,10,0,500,0.0,0.0,1.0,0.0,0,0,500,0
33000,3,8,11,3,500,0.004,0.022,0.97,0.004,2,11,485,2
33000,3,9,12,6,500,0.006,0.004,0.99,0.0,3,2,495,0
33000,3,10,13,9,500,0.0,0.0,0.998,0.002,0,0,499,1
33000,3,13,16,18,500,0.034,0.002,0.948,0.016,17,1,474,8
33000,3,14,17,0,500,0.0,0.004,0.996,0.0,0,2,498,0
33000,3,15,18,3,500,0.516,0.096,0.294,0.094,258,48,147,47
33000,3,16,19,6,500,0.0,0.0,1.0,0.0,0,0,500,0
33000,3,17,20,9,500,0.008,0.004,0.988,0.0,4,2,494,0
33000,4,0,4,0,500,0.0,0.0,1.0,0.0,0,0,500,0
33000,4,2,6,8,500,0.026,0.006,0.96,0.008,13,3,480,4
33000,4,5,9,20,500,0.0,0.0,1.0,0.0,0,0,500,0
33000,4,6,10,3,500,0.032,0.01,0.954,0.004,16,5,477,2
33000,4,7,11,7,500,0.0,0.0,1.0,0.0,0,0,500,0
33000,4,8,12,11,500,0.01,0.006,0.984,0.0,5,3,492,0
33000,4,9,13,15,500,0.026,0.29,0.346,0.338,13,145,173,169
33000,4,10,14,19,500,0.01,0.002,0.988,0.0,5,1,494,0
33000,4,11,15,2,500,0.006,0.0,0.982,0.012,3,0,491,6
33000,4,12,16,6,500,0.002,0.0,0.998,0.0,1,0,499,0
33000,4,13,17,10,500,0.01,0.0,0.99,0.0,5,0,495,0
33000,4,14,18,14,500,0.02,0.042,0.932,0.006,10,21,466,3
33000,4,16,20,1,500,0.0,0.0,1.0,0.0,0,0,500,0
33000,5,0,5,0,500,0.0,0.0,1.0,0.0,0,0,500,0
33000,5,2,7,10,500,0.0,0.0,1.0,0.0,0,0,500,0
33000,5,3,8,15,500,0.024,0.006,0.964,0.006,12,3,482,3
33000,5,4,9,20,500,0.004,0.006,0.99,0.0,2,3,495,0
33000,5,5,10,4,500,0.046,0.052,0.866,0.036,23,26,433,18
33000,5,7,12,14,500,0.044,0.054,0.85,0.052,22,27,425,26
33000,5,9,14,3,500,0.004,0.002,0.994,0.0,2,1,497,0
33000,5,10,15,8,500,0.006,0.0,0.994,0.0,3,0,497,0
33000,5,11,16,13,500,0.0,0.0,1.0,0.0,0,0,500,0
33000,5,12,17,18,500,0.056,0.018,0.918,0.008,28,9,459,4
33000,5,14,19,7,500,0.016,0.004,0.962,0.018,8,2,481,9
33000,5,15,20,12,500,0.002,0.004,0.994,0.0,1,2,497,0
33000,6,1,7,6,500,0.006,0.0,0.992,0.002,3,0,496,1
33000,6,2,8,12,500,0.026,0.006,0.962,0.006,13,3,481,3
33000,6,6,12,15,500,0.004,0.012,0.972,0.012,2,6,486,6
33000,6,8,14,6,500,0.014,0.0,0.984,0.002,7,0,492,1
33000,6,9,15,12,500,0.004,0.01,0.968,0.018,2,5,484,9
33000,6,12,18,9,500,0.088,0.058,0.84,0.014,44,29,420,7
33000,6,13,19,15,500,0.008,0.01,0.982,0.0,4,5,491,0
33000,7,0,7,0,500,0.014,0.348,0.22,0.418,7,174,110,209
33000,7,1,8,7,500,0.002,0.0,0.998,0.0,1,0,499,0
33000,7,3,10,0,500,0.0,0.0,1.0,0.0,0,0,500,0
33000,7,4,11,7,500,0.0,0.0,1.0,0.0,0,0,500,0
33000,7,7,14,7,500,0.04,0.116,0.772,0.072,20,58,386,36
33000,7,8,15,14,500,0.012,0.094,0.826,0.068,6,47,413,34
33000,7,9,16,0,500,0.0,0.0,1.0,0.0,0,0,500,0
33000,7,11,18,14,500,0.046,0.066,0.842,0.046,23,33,421,23
33000,7,13,20,7,500,0.0,0.0,0.996,0.004,0,0,498,2
33000,8,0,8,0,500,0.0,0.0,1.0,0.0,0,0,500,0
33000,8,1,9,8,500,0.006,0.0,0.992,0.002,3,0,496,1
33000,8,3,11,3,500,0.022,0.012,0.952,0.014,11,6,476,7
33000,8,5,13,19,500,0.0,0.0,1.0,0.0,0,0,500,0
33000,8,6,14,6,500,0.004,0.0,0.994,0.002,2,0,497,1
33000,8,7,15,14,500,0.006,0.056,0.918,0.02,3,28,459,10
33000,8,9,17,9,500,0.01,0.004,0.986,0.0,5,2,493,0
33000,8,11,19,4,500,0.0,0.0,1.0,0.0,0,0,500,0
33000,8,12,20,12,500,0.002,0.012,0.986,0.0,1,6,493,0
33000,9,4,13,15,500,0.022,0.27,0.364,0.344,11,135,182,172
33000,9,5,14,3,500,0.002,0.002,0.996,0.0,1,1,498,0
33000,9,6,15,12,500,0.014,0.01,0.946,0.03,7,5,473,15
33000,9,7,16,0,500,0.0,0.0,1.0,0.0,0,0,500,0
33000,9,8,17,9,500,0.006,0.006,0.988,0.0,3,3,494,0
33000,9,11,20,15,500,0.008,0.854,0.058,0.08,4,427,29,40
33000,10,0,10,0,500,0.0,0.0,1.0,0.0,0,0,500,0
33000,10,1,11,10,500,0.004,0.002,0.994,0.0,2,1,497,0
33000,10,2,12,20,500,0.002,0.0,0.998,0.0,1,0,499,0
33000,10,4,14,19,500,0.014,0.006,0.978,0.002,7,3,489,1
33000,10,5,15,8,500,0.006,0.002,0.99,0.002,3,1,495,1
33000,10,6,16,18,500,0.008,0.006,0.984,0.002,4,3,492,1
33000,10,7,17,7,500,0.0,0.0,1.0,0.0,0,0,500,0
33000,10,8,18,17,500,0.1,0.004,0.886,0.01,50,2,443,5
33000,10,9,19,6,500,0.0,0.0,1.0,0.0,0,0,500,0
33000,11,0,11,0,500,0.0,0.0,1.0,0.0,0,0,500,0
33000,11,1,12,11,500,0.002,0.0,0.998,0.0,1,0,499,0
33000,11,2,13,1,500,0.126,0.124,0.284,0.466,63,62,142,233
33000,11,6,17,3,500,0.016,0.004,0.98,0.0,8,2,490,0
33000,11,8,19,4,500,0.0,0.0,1.0,0.0,0,0,500,0
33000,11,9,20,15,500,0.036,0.628,0.194,0.142,18,314,97,71
33000,12,0,12,0,500,0.0,0.0,1.0,0.0,0,0,500,0
33000,12,1,13,12,500,0.0,0.012,0.988,0.0,0,6,494,0
33000,12,4,16,6,500,0.0,0.002,0.998,0.0,0,1,499,0
33000,12,5,17,18,500,0.024,0.008,0.966,0.002,12,4,483,1
33000,12,6,18,9,500,0.05,0.052,0.85,0.048,25,26,425,24
33000,12,8,20,12,500,0.004,0.008,0.988,0.0,2,4,494,0
33000,13,1,14,13,500,0.002,0.0,0.998,0.0,1,0,499,0
33000,13,3,16,18,500,0.014,0.002,0.976,0.008,7,1,488,4
33000,13,4,17,10,500,0.008,0.0,0.992,0.0,4,0,496,0
33000,13,5,18,2,500,0.002,0.0,0.996,0.002,1,0,498,1
33000,14,0,14,0,500,0.05,0.076,0.824,0.05,25,38,412,25
33000,14,1,15,14,500,0.01,0.036,0.7,0.254,5,18,350,127
33000,14,2,16,7,500,0.0,0.0,1.0,0.0,0,0,500,0
33000,14,3,17,0,500,0.004,0.0,0.996,0.0,2,0,498,0
33000,14,4,18,14,500,0.024,0.076,0.85,0.05,12,38,425,25
33000,14,5,19,7,500,0.024,0.008,0.948,0.02,12,4,474,10
33000,15,0,15,0,500,0.004,0.002,0.994,0.0,2,1,497,0
33000,15,2,17,9,500,0.142,0.006,0.844,0.008,71,3,422,4
33000,16,0,16,0,500,0.0,0.0,1.0,0.0,0,0,500,0
33000,16,2,18,11,500,0.002,0.0,0.998,0.0,1,0,499,0
33000,16,3,19,6,500,0.002,0.0,0.998,0.0,1,0,499,0
33000,17,0,17,0,500,0.0,0.0,1.0,0.0,0,0,500,0
33000,17,1,18,17,500,0.05,0.004,0.946,0.0,25,2,473,0
33000,17,2,19,13,500,0.0,0.0,1.0,0.0,0,0,500,0
33000,17,3,20,9,500,0.0,0.006,0.994,0.0,0,3,497,0
33000,18,0,18,0,500,0.0,0.002,0.998,0.0,0,1,499,0
33000,18,2,20,15,500,0.264,0.114,0.306,0.316,132,57,153,158
33000,19,0,19,0,500,0.0,0.0,1.0,0.0,0,0,500,0
33000,19,1,20,19,500,0.184,0.032,0.702,0.082,92,16,351,41
33000,20,0,20,0,500,0.0,0.0,1.0,0.0,0,0,500,0
33500,0,2,2,0,500,0.0,0.0,1.0,0.0,0,0,500,0
33500,0,5,5,0,500,0.0,0.0,1.0,0.0,0,0,500,0
33500,0,6,6,0,500,0.008,0.002,0.976,0.014,4,1,488,7
33500,0,7,7,0,500,0.012,0.332,0.32,0.336,6,166,160,168
33500,0,8,8,0,500,0.0,0.0,1.0,0.0,0,0,500,0
33500,0,10,10,0,500,0.0,0.0,1.0,0.0,0,0,500,0
33500,0,11,11,0,500,0.0,0.0,1.0,0.0,0,0,500,0
33500,0,14,14,0,500,0.052,0.064,0.834,0.05,26,32,417,25
33500,0,15,15,0,500,0.006,0.0,0.994,0.0,3,0,497,0
33500,0,16,16,0,500,0.0,0.0,1.0,0.0,0,0,500,0
33500,0,20,20,0,500,0.0,0.0,1.0,0.0,0,0,500,0
33500,1,0,1,0,500,0.0,0.0,1.0,0.0,0,0,500,0
33500,1,1,2,1,500,0.01,0.356,0.364,0.27,5,178,182,135
33500,1,3,4,3,500,0.25,0.102,0.338,0.31,125,51,169,155
33500,1,4,5,4,500,0.018,0.006,0.976,0.0,9,3,488,0
33500,1,5,6,5,500,0.032,0.066,0.338,0.564,16,33,169,282
33500,1,7,8,7,500,0.0,0.0,1.0,0.0,0,0,500,0
33500,1,8,9,8,500,0.012,0.002,0.982,0.004,6,1,491,2
33500,1,9,10,9,500,0.002,0.014,0.984,0.0,1,7,492,0
33500,1,11,12,11,500,0.01,0.0,0.988,0.002,5,0,494,1
33500,1,13,14,13,500,0.002,0.0,0.998,0.0,1,0,499,0
33500,1,14,15,14,500,0.0,0.022,0.86,0.118,0,11,430,59
33500,1,18,19,18,500,0.268,0.028,0.532,0.172,134,14,266,86
33500,1,19,20,19,500,0.246,0.026,0.65,0.078,123,13,325,39
33500,2,3,5,6,500,0.046,0.078,0.564,0.312,23,39,282,156
33500,2,8,10,16,500,0.142,0.02,0.41,0.428,71,10,205,214
33500,2,10,12,20,500,0.0,0.0,1.0,0.0,0,0,500,0
33500,2,11,13,1,500,0.19,0.052,0.298,0.46,95,26,149,230
33500,2,12,14,3,500,0.008,0.004,0.988,0.0,4,2,494,0
33500,2,14,16,7,500,0.0,0.0,1.0,0.0,0,0,500,0
33500,2,15,17,9,500,0.166,0.012,0.794,0.028,83,6,397,14
33500,2,18,20,15,500,0.128,0.236,0.26,0.376,64,118,130,188
33500,3,0,3,0,500,0.002,0.004,0.994,0.0,1,2,497,0
33500,3,2,5,6,500,0.048,0.04,0.622,0.29,24,20,311,145
33500,3,4,7,12,500,0.186,0.042,0.658,0.114,93,21,329,57
33500,3,5,8,15,500,0.016,0.014,0.948,0.022,8,7,474,11
33500,3,6,9,18,500,0.152,0.046,0.768,0.034,76,23,384,17
33500,3,7,10,0,500,0.0,0.0,1.0,0.0,0,0,500,0
33500,3,8,11,3,500,0.01,0.024,0.964,0.002,5,12,482,1
33500,3,9,12,6,500,0.002,0.006,0.992,0.0,1,3,496,0
33500,3,10,13,9,500,0.0,0.002,0.998,0.0,0,1,499,0
33500,3,13,16,18,500,0.02,0.004,0.976,0.0,10,2,488,0
33500,3,14,17,0,500,0.002,0.002,0.994,0.002,1,1,497,1
33500,3,15,18,3,500,0.566,0.05,0.292,0.092,283,25,146,46
33500,3,16,19,6,500,0.0,0.0,1.0,0.0,0,0,500,0
33500,3,17,20,9,500,0.002,0.0,0.998,0.0,1,0,499,0
33500,4,0,4,0,500,0.0,0.0,1.0,0.0,0,0,500,0
33500,4,2,6,8,500,0.018,0.004,0.978,0.0,9,2,489,0
33500,4,5,9,20,500,0.0,0.004,0.996,0.0,0,2,498,0
33500,4,6,10,3,500,0.052,0.014,0.918,0.016,26,7,459,8
33500,4,7,11,7,500,0.0,0.0,0.998,0.002,0,0,499,1
33500,4,8,12,11,500,0.008,0.006,0.986,0.0,4,3,493,0
33500,4,9,13,15,500,0.02,0.44,0.376,0.164,10,220,188,82
33500,4,10,14,19,500,0.016,0.006,0.978,0.0,8,3,489,0
33500,4,11,15,2,500,0.0,0.002,0.988,0.01,0,1,494,5
33500,4,12,16,6,500,0.0,0.0,1.0,0.0,0,0,500,0
33500,4,13,17,10,500,0.0,0.0,0.998,0.002,0,0,499,1
33500,4,14,18,14,500,0.024,0.054,0.908,0.014,12,27,454,7
33500,4,16,20,1,500,0.0,0.0,1.0,0.0,0,0,500,0
33500,5,0,5,0,500,0.0,0.0,1.0,0.0,0,0,500,0
33500,5,2,7,10,500,0.0,0.0,1.0,0.0,0,0,500,0
33500,5,3,8,15,500,0.024,0.012,0.94,0.024,12,6,470,12
33500,5,4,9,20,500,0.0,0.0,1.0,0.0,0,0,500,0
33500,5,5,10,4,500,0.044,0.016,0.908,0.032,22,8,454,16
33500,5,7,12,14,500,0.1,0.046,0.8,0.054,50,23,400,27
33500,5,9,14,3,500,0.006,0.006,0.988,0.0,3,3,494,0
33500,5,10,15,8,500,0.014,0.008,0.962,0.016,7,4,481,8
33500,5,11,16,13,500,0.002,0.0,0.998,0.0,1,0,499,0
33500,5,12,17,18,500,0.052,0.006,0.926,0.016,26,3,463,8
33500,5,14,19,7,500,0.008,0.08,0.86,0.052,4,40,430,26
33500,5,15,20,12,500,0.004,0.014,0.982,0.0,2,7,491,0
33500,6,1,7,6,500,0.004,0.002,0.994,0.0,2,1,497,0
33500,6,2,8,12,500,0.06,0.002,0.93,0.008,30,1,465,4
33500,6,6,12,15,500,0.014,0.002,0.974,0.01,7,1,487,5
33500,6,8,14,6,500,0.014,0.0,0.982,0.004,7,0,491,2
33500,6,9,15,12,500,0.008,0.004,0.98,0.008,4,2,490,4
33500,6,12,18,9,500,0.086,0.062,0.826,0.026,43,31,413,13
33500,6,13,19,15,500,0.012,0.004,0.984,0.0,6,2,492,0
33500,7,0,7,0,500,0.01,0.31,0.322,0.358,5,155,161,179
33500,7,1,8,7,500,0.002,0.0,0.996,0.002,1,0,498,1
33500,7,3,10,0,500,0.0,0.0,1.0,0.0,0,0,500,0
33500,7,4,11,7,500,0.0,0.0,1.0,0.0,0,0,500,0
33500,7,7,14,7,500,0.002,0.136,0.782,0.08,1,68,391,40
33500,7,8,15,14,500,0.02,0.11,0.718,0.152,10,55,359,76
33500,7,9,16,0,500,0.0,0.0,1.0,0.0,0,0,500,0
33500,7,11,18,14,500,0.032,0.062,0.874,0.032,16,31,437,16
33500,7,13,20,7,500,0.0,0.0,1.0,0.0,0,0,500,0
33500,8,0,8,0,500,0.0,0.0,1.0,0.0,0,0,500,0
33500,8,1,9,8,500,0.01,0.002,0.988,0.0,5,1,494,0
33500,8,3,11,3,500,0.042,0.028,0.884,0.046,21,14,442,23
33500,8,5,13,19,500,0.0,0.0,1.0,0.0,0,0,500,0
33500,8,6,14,6,500,0.01,0.0,0.988,0.002,5,0,494,1
33500,8,7,15,14,500,0.012,0.058,0.842,0.088,6,29,421,44
33500,8,9,17,9,500,0.002,0.002,0.996,0.0,1,1,498,0
33500,8,11,19,4,500,0.0,0.0,0.996,0.004,0,0,498,2
33500,8,12,20,12,500,0.002,0.008,0.99,0.0,1,4,495,0
33500,9,4,13,15,500,0.022,0.33,0.424,0.224,11,165,212,112
33500,9,5,14,3,500,0.006,0.008,0.986,0.0,3,4,493,0
33500,9,6,15,12,500,0.002,0.008,0.978,0.012,1,4,489,6
33500,9,7,16,0,500,0.0,0.0,1.0,0.0,0,0,500,0
33500,9,8,17,9,500,0.006,0.0,0.994,0.0,3,0,497,0
33500,9,11,20,15,500,0.012,0.878,0.048,0.062,6,439,24,31
33500,10,0,10,0,500,0.0,0.0,1.0,0.0,0,0,500,0
33500,10,1,11,10,500,0.0,0.002,0.998,0.0,0,1,499,0
33500,10,2,12,20,500,0.002,0.002,0.996,0.0,1,1,498,0
33500,10,4,14,19,500,0.016,0.006,0.978,0.0,8,3,489,0
33500,10,5,15,8,500,0.006,0.01,0.972,0.012,3,5,486,6
33500,10,6,16,18,500,0.004,0.006,0.986,0.004,2,3,493,2
33500,10,7,17,7,500,0.002,0.0,0.998,0.0,1,0,499,0
33500,10,8,18,17,500,0.088,0.002,0.888,0.022,44,1,444,11
33500,10,9,19,6,500,0.0,0.0,1.0,0.0,0,0,500,0
33500,11,0,11,0,500,0.0,0.0,1.0,0.0,0,0,500,0
33500,11,1,12,11,500,0.012,0.004,0.982,0.002,6,2,491,1
33500,11,2,13,1,500,0.166,0.068,0.28,0.486,83,34,140,243
33500,11,6,17,3,500,0.004,0.004,0.99,0.002,2,2,495,1
33500,11,8,19,4,500,0.0,0.0,0.998,0.002,0,0,499,1
33500,11,9,20,15,500,0.032,0.71,0.138,0.12,16,355,69,60
33500,12,0,12,0,500,0.004,0.0,0.996,0.0,2,0,498,0
33500,12,1,13,12,500,0.002,0.004,0.994,0.0,1,2,497,0
33500,12,4,16,6,500,0.0,0.004,0.996,0.0,0,2,498,0
33500,12,5,17,18,500,0.028,0.002,0.962,0.008,14,1,481,4
33500,12,6,18,9,500,0.056,0.05,0.882,0.012,28,25,441,6
33500,12,8,20,12,500,0.0,0.004,0.996,0.0,0,2,498,0
33500,13,1,14,13,500,0.002,0.0,0.998,0.0,1,0,499,0
33500,13,3,16,18,500,0.02,0.0,0.976,0.004,10,0,488,2
33500,13,4,17,10,500,0.002,0.0,0.998,0.0,1,0,499,0
33500,13,5,18,2,500,0.002,0.0,0.998,0.0,1,0,499,0
33500,14,0,14,0,500,0.064,0.078,0.814,0.044,32,39,407,22
33500,14,1,15,14,500,0.01,0.056,0.694,0.24,5,28,347,120
33500,14,2,16,7,500,0.0,0.0,1.0,0.0,0,0,500,0
33500,14,3,17,0,500,0.0,0.0,1.0,0.0,0,0,500,0
33500,14,4,18,14,500,0.046,0.112,0.764,0.078,23,56,382,39
33500,14,5,19,7,500,0.014,0.088,0.836,0.062,7,44,418,31
33500,15,0,15,0,500,0.0,0.0,1.0,0.0,0,0,500,0
33500,15,2,17,9,500,0.212,0.024,0.738,0.026,106,12,369,13
33500,16,0,16,0,500,0.0,0.0,1.0,0.0,0,0,500,0
33500,16,2,18,11,500,0.0,0.0,1.0,0.0,0,0,500,0
33500,16,3,19,6,500,0.0,0.0,1.0,0.0,0,0,500,0
33500,17,0,17,0,500,0.0,0.002,0.998,0.0,0,1,499,0
33500,17,1,18,17,500,0.034,0.004,0.956,0.006,17,2,478,3
33500,17,2,19,13,500,0.0,0.0,1.0,0.0,0,0,500,0
33500,17,3,20,9,500,0.002,0.004,0.994,0.0,1,2,497,0
33500,18,0,18,0,500,0.0,0.0,1.0,0.0,0,0,500,0
33500,18,2,20,15,500,0.23,0.168,0.26,0.342,115,84,130,171
33500,19,0,19,0,500,0.0,0.0,1.0,0.0,0,0,500,0
33500,19,1,20,19,500,0.112,0.026,0.786,0.076,56,13,393,38
33500,20,0,20,0,500,0.0,0.0,1.0,0.0,0,0,500,0
34000,0,2,2,0,500,0.0,0.0,1.0,0.0,0,0,500,0
34000,0,5,5,0,500,0.0,0.0,1.0,0.0,0,0,500,0
34000,0,6,6,0,500,0.0,0.004,0.992,0.004,0,2,496,2
34000,0,7,7,0,500,0.01,0.392,0.26,0.338,5,196,130,169
34000,0,8,8,0,500,0.0,0.0,1.0,0.0,0,0,500,0
34000,0,10,10,0,500,0.0,0.0,1.0,0.0,0,0,500,0
34000,0,11,11,0,500,0.0,0.0,1.0,0.0,0,0,500,0
34000,0,14,14,0,500,0.038,0.042,0.904,0.016,19,21,452,8
34000,0,15,15,0,500,0.0,0.0,1.0,0.0,0,0,500,0
34000,0,16,16,0,500,0.0,0.0,1.0,0.0,0,0,500,0
34000,0,20,20,0,500,0.002,0.0,0.998,0.0,1,0,499,0
34000,1,0,1,0,500,0.0,0.0,1.0,0.0,0,0,500,0
34000,1,1,2,1,500,0.0,0.784,0.102,0.114,0,392,51,57
34000,1,3,4,3,500,0.18,0.146,0.318,0.356,90,73,159,178
34000,1,4,5,4,500,0.002,0.0,0.998,0.0,1,0,499,0
34000,1,5,6,5,500,0.022,0.032,0.418,0.528,11,16,209,264
34000,1,7,8,7,500,0.0,0.0,1.0,0.0,0,0,500,0
34000,1,8,9,8,500,0.006,0.0,0.994,0.0,3,0,497,0
34000,1,9,10,9,500,0.0,0.004,0.996,0.0,0,2,498,0
34000,1,11,12,11,500,0.002,0.004,0.994,0.0,1,2,497,0
34000,1,13,14,13,500,0.0,0.0,0.998,0.002,0,0,499,1
34000,1,14,15,14,500,0.006,0.014,0.746,0.234,3,7,373,117
34000,1,18,19,18,500,0.202,0.03,0.564,0.204,101,15,282,102
34000,1,19,20,19,500,0.006,0.026,0.95,0.018,3,13,475,9
34000,2,3,5,6,500,0.068,0.096,0.416,0.42,34,48,208,210
34000,2,8,10,16,500,0.226,0.008,0.352,0.414,113,4,176,207
34000,2,10,12,20,500,0.0,0.0,1.0,0.0,0,0,500,0
34000,2,11,13,1,500,0.174,0.11,0.226,0.49,87,55,113,245
34000,2,12,14,3,500,0.004,0.002,0.994,0.0,2,1,497,0
34000,2,14,16,7,500,0.0,0.0,1.0,0.0,0,0,500,0
34000,2,15,17,9,500,0.062,0.0,0.928,0.01,31,0,464,5
34000,2,18,20,15,500,0.216,0.172,0.256,0.356,108,86,128,178
34000,3,0,3,0,500,0.004,0.008,0.988,0.0,2,4,494,0
34000,3,2,5,6,500,0.05,0.068,0.438,0.444,25,34,219,222
34000,3,4,7,12,500,0.274,0.01,0.654,0.062,137,5,327,31
34000,3,5,8,15,500,0.01,0.01,0.966,0.014,5,5,483,7
34000,3,6,9,18,500,0.128,0.044,0.764,0.064,64,22,382,32
34000,3,7,10,0,500,0.0,0.0,1.0,0.0,0,0,500,0
34000,3,8,11,3,500,0.06,0.044,0.86,0.036,30,22,430,18
34000,3,9,12,6,500,0.018,0.014,0.964,0.004,9,7,482,2
34000,3,10,13,9,500,0.0,0.0,1.0,0.0,0,0,500,0
34000,3,13,16,18,500,0.02,0.002,0.964,0.014,10,1,482,7
34000,3,14,17,0,500,0.002,0.0,0.998,0.0,1,0,499,0
34000,3,15,18,3,500,0.472,0.122,0.302,0.104,236,61,151,52
34000,3,16,19,6,500,0.002,0.0,0.998,0.0,1,0,499,0
34000,3,17,20,9,500,0.002,0.012,0.986,0.0,1,6,493,0
34000,4,0,4,0,500,0.0,0.0,1.0,0.0,0,0,500,0
34000,4,2,6,8,500,0.018,0.026,0.956,0.0,9,13,478,0
34000,4,5,9,20,500,0.0,0.004,0.996,0.0,0,2,498,0
34000,4,6,10,3,500,0.028,0.006,0.952,0.014,14,3,476,7
34000,4,7,11,7,500,0.0,0.0,1.0,0.0,0,0,500,0
34000,4,8,12,11,500,0.024,0.012,0.954,0.01,12,6,477,5
34000,4,9,13,15,500,0.014,0.398,0.32,0.268,7,199,160,134
34000,4,10,14,19,500,0.02,0.0,0.98,0.0,10,0,490,0
34000,4,11,15,2,500,0.002,0.002,0.988,0.008,1,1,494,4
34000,4,12,16,6,500,0.004,0.0,0.994,0.002,2,0,497,1
34000,4,13,17,10,500,0.004,0.0,0.996,0.0,2,0,498,0
34000,4,14,18,14,500,0.022,0.046,0.922,0.01,11,23,461,5
34000,4,16,20,1,500,0.0,0.0,0.998,0.002,0,0,499,1
34000,5,0,5,0,500,0.0,0.0,1.0,0.0,0,0,500,0
34000,5,2,7,10,500,0.0,0.0,1.0,0.0,0,0,500,0
34000,5,3,8,15,500,0.02,0.01,0.952,0.018,10,5,476,9
34000,5,4,9,20,500,0.0,0.002,0.998,0.0,0,1,499,0
34000,5,5,10,4,500,0.004,0.01,0.986,0.0,2,5,493,0
34000,5,7,12,14,500,0.052,0.034,0.89,0.024,26,17,445,12
34000,5,9,14,3,500,0.004,0.004,0.992,0.0,2,2,496,0
34000,5,10,15,8,500,0.004,0.0,0.992,0.004,2,0,496,2
34000,5,11,16,13,500,0.002,0.0,0.996,0.002,1,0,498,1
34000,5,12,17,18,500,0.048,0.014,0.934,0.004,24,7,467,2
34000,5,14,19,7,500,0.016,0.04,0.91,0.034,8,20,455,17
34000,5,15,20,12,500,0.008,0.008,0.984,0.0,4,4,492,0
34000,6,1,7,6,500,0.008,0.0,0.992,0.0,4,0,496,0
34000,6,2,8,12,500,0.032,0.002,0.96,0.006,16,1,480,3
34000,6,6,12,15,500,0.002,0.004,0.988,0.006,1,2,494,3
34000,6,8,14,6,500,0.008,0.004,0.978,0.01,4,2,489,5
34000,6,9,15,12,500,0.002,0.016,0.958,0.024,1,8,479,12
34000,6,12,18,9,500,0.122,0.07,0.766,0.042,61,35,383,21
34000,6,13,19,15,500,0.006,0.002,0.992,0.0,3,1,496,0
34000,7,0,7,0,500,0.006,0.394,0.25,0.35,3,197,125,175
34000,7,1,8,7,500,0.004,0.0,0.996,0.0,2,0,498,0
34000,7,3,10,0,500,0.0,0.0,1.0,0.0,0,0,500,0
34000,7,4,11,7,500,0.0,0.0,1.0,0.0,0,0,500,0
34000,7,7,14,7,500,0.008,0.076,0.832,0.084,4,38,416,42
34000,7,8,15,14,500,0.01,0.062,0.806,0.122,5,31,403,61
34000,7,9,16,0,500,0.0,0.0,1.0,0.0,0,0,500,0
34000,7,11,18,14,500,0.026,0.06,0.91,0.004,13,30,455,2
34000,7,13,20,7,500,0.0,0.0,1.0,0.0,0,0,500,0
34000,8,0,8,0,500,0.002,0.0,0.998,0.0,1,0,499,0
34000,8,1,9,8,500,0.012,0.0,0.988,0.0,6,0,494,0
34000,8,3,11,3,500,0.276,0.024,0.522,0.178,138,12,261,89
34000,8,5,13,19,500,0.0,0.002,0.998,0.0,0,1,499,0
34000,8,6,14,6,500,0.016,0.004,0.976,0.004,8,2,488,2
34000,8,7,15,14,500,0.024,0.07,0.762,0.144,12,35,381,72
34000,8,9,17,9,500,0.002,0.0,0.998,0.0,1,0,499,0
34000,8,11,19,4,500,0.0,0.0,1.0,0.0,0,0,500,0
34000,8,12,20,12,500,0.0,0.006,0.994,0.0,0,3,497,0
34000,9,4,13,15,500,0.032,0.312,0.32,0.336,16,156,160,168
34000,9,5,14,3,500,0.004,0.006,0.99,0.0,2,3,495,0
34000,9,6,15,12,500,0.008,0.012,0.962,0.018,4,6,481,9
34000,9,7,16,0,500,0.0,0.0,1.0,0.0,0,0,500,0
34000,9,8,17,9,500,0.006,0.006,0.988,0.0,3,3,494,0
34000,9,11,20,15,500,0.008,0.848,0.076,0.068,4,424,38,34
34000,10,0,10,0,500,0.0,0.0,1.0,0.0,0,0,500,0
34000,10,1,11,10,500,0.0,0.0,1.0,0.0,0,0,500,0
34000,10,2,12,20,500,0.006,0.002,0.992,0.0,3,1,496,0
34000,10,4,14,19,500,0.022,0.0,0.978,0.0,11,0,489,0
34000,10,5,15,8,500,0.0,0.004,0.986,0.01,0,2,493,5
34000,10,6,16,18,500,0.016,0.002,0.978,0.004,8,1,489,2
34000,10,7,17,7,500,0.0,0.0,1.0,0.0,0,0,500,0
34000,10,8,18,17,500,0.084,0.002,0.896,0.018,42,1,448,9
34000,10,9,19,6,500,0.0,0.0,1.0,0.0,0,0,500,0
34000,11,0,11,0,500,0.0,0.0,1.0,0.0,0,0,500,0
34000,11,1,12,11,500,0.006,0.004,0.99,0.0,3,2,495,0
34000,11,2,13,1,500,0.128,0.146,0.26,0.466,64,73,130,233
34000,11,6,17,3,500,0.006,0.002,0.992,0.0,3,1,496,0
34000,11,8,19,4,500,0.0,0.0,1.0,0.0,0,0,500,0
34000,11,9,20,15,500,0.046,0.688,0.142,0.124,23,344,71,62
34000,12,0,12,0,500,0.004,0.0,0.996,0.0,2,0,498,0
34000,12,1,13,12,500,0.004,0.004,0.992,0.0,2,2,496,0
34000,12,4,16,6,500,0.0,0.002,0.998,0.0,0,1,499,0
34000,12,5,17,18,500,0.014,0.01,0.976,0.0,7,5,488,0
34000,12,6,18,9,500,0.08,0.03,0.85,0.04,40,15,425,20
34000,12,8,20,12,500,0.0,0.004,0.996,0.0,0,2,498,0
34000,13,1,14,13,500,0.0,0.0,1.0,0.0,0,0,500,0
34000,13,3,16,18,500,0.012,0.0,0.98,0.008,6,0,490,4
34000,13,4,17,10,500,0.006,0.0,0.994,0.0,3,0,497,0
34000,13,5,18,2,500,0.0,0.002,0.998,0.0,0,1,499,0
34000,14,0,14,0,500,0.032,0.066,0.874,0.028,16,33,437,14
34000,14,1,15,14,500,0.014,0.038,0.586,0.362,7,19,293,181
34000,14,2,16,7,500,0.0,0.0,1.0,0.0,0,0,500,0
34000,14,3,17,0,500,0.004,0.0,0.996,0.0,2,0,498,0
34000,14,4,18,14,500,0.02,0.06,0.908,0.012,10,30,454,6
34000,14,5,19,7,500,0.006,0.034,0.924,0.036,3,17,462,18
34000,15,0,15,0,500,0.002,0.0,0.998,0.0,1,0,499,0
34000,15,2,17,9,500,0.08,0.0,0.914,0.006,40,0,457,3
34000,16,0,16,0,500,0.0,0.0,1.0,0.0,0,0,500,0
34000,16,2,18,11,500,0.0,0.0,1.0,0.0,0,0,500,0
34000,16,3,19,6,500,0.002,0.0,0.998,0.0,1,0,499,0
34000,17,0,17,0,500,0.0,0.0,1.0,0.0,0,0,500,0
34000,17,1,18,17,500,0.032,0.006,0.962,0.0,16,3,481,0
34000,17,2,19,13,500,0.0,0.0,1.0,0.0,0,0,500,0
34000,17,3,20,9,500,0.0,0.006,0.992,0.002,0,3,496,1
34000,18,0,18,0,500,0.0,0.002,0.998,0.0,0,1,499,0
34000,18,2,20,15,500,0.204,0.148,0.264,0.384,102,74,132,192
34000,19,0,19,0,500,0.0,0.0,1.0,0.0,0,0,500,0
34000,19,1,20,19,500,0.04,0.02,0.894,0.046,20,10,447,23
34000,20,0,20,0,500,0.0,0.0,1.0,0.0,0,0,500,0
34500,0,2,2,0,500,0.0,0.0,1.0,0.0,0,0,500,0
34500,0,5,5,0,500,0.0,0.0,1.0,0.0,0,0,500,0
34500,0,6,6,0,500,0.0,0.002,0.994,0.004,0,1,497,2
34500,0,7,7,0,500,0.004,0.408,0.244,0.344,2,204,122,172
34500,0,8,8,0,500,0.0,0.0,1.0,0.0,0,0,500,0
34500,0,10,10,0,500,0.0,0.0,1.0,0.0,0,0,500,0
34500,0,11,11,0,500,0.0,0.0,1.0,0.0,0,0,500,0
34500,0,14,14,0,500,0.164,0.046,0.77,0.02,82,23,385,10
34500,0,15,15,0,500,0.0,0.002,0.998,0.0,0,1,499,0
34500,0,16,16,0,500,0.0,0.0,1.0,0.0,0,0,500,0
34500,0,20,20,0,500,0.0,0.0,1.0,0.0,0,0,500,0
34500,1,0,1,0,500,0.0,0.0,1.0,0.0,0,0,500,0
34500,1,1,2,1,500,0.0,0.936,0.04,0.024,0,468,20,12
34500,1,3,4,3,500,0.212,0.124,0.372,0.292,106,62,186,146
34500,1,4,5,4,500,0.01,0.0,0.978,0.012,5,0,489,6
34500,1,5,6,5,500,0.008,0.044,0.51,0.438,4,22,255,219
34500,1,7,8,7,500,0.0,0.0,1.0,0.0,0,0,500,0
34500,1,8,9,8,500,0.018,0.002,0.976,0.004,9,1,488,2
34500,1,9,10,9,500,0.006,0.012,0.98,0.002,3,6,490,1
34500,1,11,12,11,500,0.0,0.0,1.0,0.0,0,0,500,0
34500,1,13,14,13,500,0.002,0.0,0.998,0.0,1,0,499,0
34500,1,14,15,14,500,0.034,0.024,0.724,0.218,17,12,362,109
34500,1,18,19,18,500,0.26,0.034,0.51,0.196,130,17,255,98
34500,1,19,20,19,500,0.042,0.102,0.832,0.024,21,51,416,12
34500,2,3,5,6,500,0.028,0.116,0.464,0.392,14,58,232,196
34500,2,8,10,16,500,0.134,0.022,0.394,0.45,67,11,197,225
34500,2,10,12,20,500,0.0,0.0,1.0,0.0,0,0,500,0
34500,2,11,13,1,500,0.168,0.094,0.318,0.42,84,47,159,210
34500,2,12,14,3,500,0.006,0.002,0.992,0.0,3,1,496,0
34500,2,14,16,7,500,0.0,0.0,1.0,0.0,0,0,500,0
34500,2,15,17,9,500,0.094,0.02,0.862,0.024,47,10,431,12
34500,2,18,20,15,500,0.174,0.212,0.264,0.35,87,106,132,175
34500,3,0,3,0,500,0.0,0.004,0.996,0.0,0,2,498,0
34500,3,2,5,6,500,0.048,0.074,0.508,0.37,24,37,254,185
34500,3,4,7,12,500,0.3,0.012,0.582,0.106,150,6,291,53
34500,3,5,8,15,500,0.032,0.006,0.94,0.022,16,3,470,11
34500,3,6,9,18,500,0.14,0.056,0.69,0.114,70,28,345,57
34500,3,7,10,0,500,0.0,0.0,1.0,0.0,0,0,500,0
34500,3,8,11,3,500,0.032,0.01,0.918,0.04,16,5,459,20
34500,3,9,12,6,500,0.002,0.01,0.988,0.0,1,5,494,0
34500,3,10,13,9,500,0.0,0.0,0.998,0.002,0,0,499,1
34500,3,13,16,18,500,0.018,0.002,0.968,0.012,9,1,484,6
34500,3,14,17,0,500,0.0,0.0,1.0,0.0,0,0,500,0
34500,3,15,18,3,500,0.512,0.082,0.296,0.11,256,41,148,55
34500,3,16,19,6,500,0.0,0.0,1.0,0.0,0,0,500,0
34500,3,17,20,9,500,0.006,0.012,0.982,0.0,3,6,491,0
34500,4,0,4,0,500,0.0,0.0,1.0,0.0,0,0,500,0
34500,4,2,6,8,500,0.01,0.04,0.93,0.02,5,20,465,10
34500,4,5,9,20,500,0.004,0.002,0.994,0.0,2,1,497,0
34500,4,6,10,3,500,0.062,0.038,0.862,0.038,31,19,431,19
34500,4,7,11,7,500,0.0,0.002,0.998,0.0,0,1,499,0
34500,4,8,12,11,500,0.018,0.01,0.968,0.004,9,5,484,2
34500,4,9,13,15,500,0.024,0.32,0.412,0.244,12,160,206,122
34500,4,10,14,19,500,0.016,0.004,0.98,0.0,8,2,490,0
34500,4,11,15,2,500,0.004,0.002,0.992,0.002,2,1,496,1
34500,4,12,16,6,500,0.002,0.002,0.996,0.0,1,1,498,0
34500,4,13,17,10,500,0.01,0.0,0.99,0.0,5,0,495,0
34500,4,14,18,14,500,0.026,0.084,0.84,0.05,13,42,420,25
34500,4,16,20,1,500,0.0,0.0,1.0,0.0,0,0,500,0
34500,5,0,5,0,500,0.0,0.0,1.0,0.0,0,0,500,0
34500,5,2,7,10,500,0.0,0.0,1.0,0.0,0,0,500,0
34500,5,3,8,15,500,0.04,0.012,0.93,0.018,20,6,465,9
34500,5,4,9,20,500,0.0,0.004,0.996,0.0,0,2,498,0
34500,5,5,10,4,500,0.038,0.04,0.906,0.016,19,20,453,8
34500,5,7,12,14,500,0.022,0.038,0.932,0.008,11,19,466,4
34500,5,9,14,3,500,0.0,0.002,0.998,0.0,0,1,499,0
34500,5,10,15,8,500,0.03,0.0,0.952,0.018,15,0,476,9
34500,5,11,16,13,500,0.002,0.0,0.998,0.0,1,0,499,0
34500,5,12,17,18,500,0.072,0.02,0.89,0.018,36,10,445,9
34500,5,14,19,7,500,0.07,0.012,0.872,0.046,35,6,436,23
34500,5,15,20,12,500,0.006,0.01,0.982,0.002,3,5,491,1
34500,6,1,7,6,500,0.004,0.0,0.996,0.0,2,0,498,0
34500,6,2,8,12,500,0.044,0.004,0.944,0.008,22,2,472,4
34500,6,6,12,15,500,0.022,0.002,0.966,0.01,11,1,483,5
34500,6,8,14,6,500,0.01,0.004,0.978,0.008,5,2,489,4
34500,6,9,15,12,500,0.014,0.014,0.96,0.012,7,7,480,6
34500,6,12,18,9,500,0.13,0.064,0.718,0.088,65,32,359,44
34500,6,13,19,15,500,0.014,0.006,0.98,0.0,7,3,490,0
34500,7,0,7,0,500,0.024,0.326,0.31,0.34,12,163,155,170
34500,7,1,8,7,500,0.0,0.0,1.0,0.0,0,0,500,0
34500,7,3,10,0,500,0.0,0.0,1.0,0.0,0,0,500,0
34500,7,4,11,7,500,0.0,0.0,1.0,0.0,0,0,500,0
34500,7,7,14,7,500,0.04,0.062,0.82,0.078,20,31,410,39
34500,7,8,15,14,500,0.018,0.084,0.696,0.202,9,42,348,101
34500,7,9,16,0,500,0.0,0.0,1.0,0.0,0,0,500,0
34500,7,11,18,14,500,0.016,0.05,0.92,0.014,8,25,460,7
34500,7,13,20,7,500,0.0,0.0,1.0,0.0,0,0,500,0
34500,8,0,8,0,500,0.0,0.0,1.0,0.0,0,0,500,0
34500,8,1,9,8,500,0.002,0.0,0.998,0.0,1,0,499,0
34500,8,3,11,3,500,0.032,0.03,0.918,0.02,16,15,459,10
34500,8,5,13,19,500,0.0,0.0,1.0,0.0,0,0,500,0
34500,8,6,14,6,500,0.002,0.0,0.992,0.006,1,0,496,3
34500,8,7,15,14,500,0.022,0.068,0.766,0.144,11,34,383,72
34500,8,9,17,9,500,0.006,0.002,0.992,0.0,3,1,496,0
34500,8,11,19,4,500,0.0,0.0,1.0,0.0,0,0,500,0
34500,8,12,20,12,500,0.0,0.004,0.996,0.0,0,2,498,0
34500,9,4,13,15,500,0.016,0.434,0.346,0.204,8,217,173,102
34500,9,5,14,3,500,0.0,0.0,1.0,0.0,0,0,500,0
34500,9,6,15,12,500,0.01,0.014,0.962,0.014,5,7,481,7
34500,9,7,16,0,500,0.0,0.0,1.0,0.0,0,0,500,0
34500,9,8,17,9,500,0.004,0.004,0.992,0.0,2,2,496,0
34500,9,11,20,15,500,0.012,0.908,0.032,0.048,6,454,16,24
34500,10,0,10,0,500,0.0,0.0,1.0,0.0,0,0,500,0
34500,10,1,11,10,500,0.004,0.0,0.996,0.0,2,0,498,0
34500,10,2,12,20,500,0.004,0.0,0.996,0.0,2,0,498,0
34500,10,4,14,19,500,0.016,0.0,0.984,0.0,8,0,492,0
34500,10,5,15,8,500,0.024,0.002,0.952,0.022,12,1,476,11
34500,10,6,16,18,500,0.014,0.004,0.98,0.002,7,2,490,1
34500,10,7,17,7,500,0.0,0.0,1.0,0.0,0,0,500,0
34500,10,8,18,17,500,0.062,0.006,0.916,0.016,31,3,458,8
34500,10,9,19,6,500,0.0,0.0,1.0,0.0,0,0,500,0
34500,11,0,11,0,500,0.0,0.0,1.0,0.0,0,0,500,0
34500,11,1,12,11,500,0.0,0.0,1.0,0.0,0,0,500,0
34500,11,2,13,1,500,0.082,0.138,0.324,0.456,41,69,162,228
34500,11,6,17,3,500,0.01,0.0,0.99,0.0,5,0,495,0
34500,11,8,19,4,500,0.0,0.0,1.0,0.0,0,0,500,0
34500,11,9,20,15,500,0.022,0.686,0.126,0.166,11,343,63,83
34500,12,0,12,0,500,0.0,0.0,1.0,0.0,0,0,500,0
34500,12,1,13,12,500,0.0,0.006,0.994,0.0,0,3,497,0
34500,12,4,16,6,500,0.002,0.002,0.996,0.0,1,1,498,0
34500,12,5,17,18,500,0.084,0.016,0.892,0.008,42,8,446,4
34500,12,6,18,9,500,0.124,0.062,0.708,0.106,62,31,354,53
34500,12,8,20,12,500,0.002,0.002,0.996,0.0,1,1,498,0
34500,13,1,14,13,500,0.002,0.0,0.998,0.0,1,0,499,0
34500,13,3,16,18,500,0.024,0.002,0.964,0.01,12,1,482,5
34500,13,4,17,10,500,0.008,0.002,0.99,0.0,4,1,495,0
34500,13,5,18,2,500,0.002,0.0,0.998,0.0,1,0,499,0
34500,14,0,14,0,500,0.088,0.032,0.862,0.018,44,16,431,9
34500,14,1,15,14,500,0.04,0.042,0.598,0.32,20,21,299,160
34500,14,2,16,7,500,0.0,0.0,1.0,0.0,0,0,500,0
34500,14,3,17,0,500,0.002,0.002,0.996,0.0,1,1,498,0
34500,14,4,18,14,500,0.01,0.07,0.902,0.018,5,35,451,9
34500,14,5,19,7,500,0.058,0.028,0.854,0.06,29,14,427,30
34500,15,0,15,0,500,0.0,0.0,1.0,0.0,0,0,500,0
34500,15,2,17,9,500,0.082,0.016,0.88,0.022,41,8,440,11
34500,16,0,16,0,500,0.0,0.0,1.0,0.0,0,0,500,0
34500,16,2,18,11,500,0.0,0.0,1.0,0.0,0,0,500,0
34500,16,3,19,6,500,0.0,0.0,1.0,0.0,0,0,500,0
34500,17,0,17,0,500,0.0,0.0,1.0,0.0,0,0,500,0
34500,17,1,18,17,500,0.056,0.002,0.924,0.018,28,1,462,9
34500,17,2,19,13,500,0.0,0.0,1.0,0.0,0,0,500,0
34500,17,3,20,9,500,0.008,0.014,0.978,0.0,4,7,489,0
34500,18,0,18,0,500,0.002,0.0,0.998,0.0,1,0,499,0
34500,18,2,20,15,500,0.226,0.146,0.274,0.354,113,73,137,177
34500,19,0,19,0,500,0.0,0.002,0.998,0.0,0,1,499,0
34500,19,1,20,19,500,0.054,0.088,0.836,0.022,27,44,418,11
34500,20,0,20,0,500,0.0,0.0,1.0,0.0,0,0,500,0
35000,0,2,2,0,500,0.0,0.0,1.0,0.0,0,0,500,0
35000,0,5,5,0,500,0.0,0.0,1.0,0.0,0,0,500,0
35000,0,6,6,0,500,0.008,0.004,0.974,0.014,4,2,487,7
35000,0,7,7,0,500,0.0,0.374,0.244,0.382,0,187,122,191
35000,0,8,8,0,500,0.0,0.0,1.0,0.0,0,0,500,0
35000,0,10,10,0,500,0.0,0.0,1.0,0.0,0,0,500,0
35000,0,11,11,0,500,0.0,0.0,1.0,0.0,0,0,500,0
35000,0,14,14,0,500,0.058,0.064,0.838,0.04,29,32,419,20
35000,0,15,15,0,500,0.002,0.0,0.998,0.0,1,0,499,0
35000,0,16,16,0,500,0.0,0.0,1.0,0.0,0,0,500,0
35000,0,20,20,0,500,0.0,0.0,1.0,0.0,0,0,500,0
35000,1,0,1,0,500,0.0,0.0,1.0,0.0,0,0,500,0
35000,1,1,2,1,500,0.002,0.804,0.102,0.092,1,402,51,46
35000,1,3,4,3,500,0.16,0.102,0.336,0.402,80,51,168,201
35000,1,4,5,4,500,0.022,0.0,0.976,0.002,11,0,488,1
35000,1,5,6,5,500,0.016,0.028,0.508,0.448,8,14,254,224
35000,1,7,8,7,500,0.002,0.0,0.998,0.0,1,0,499,0
35000,1,8,9,8,500,0.014,0.002,0.984,0.0,7,1,492,0
35000,1,9,10,9,500,0.004,0.01,0.986,0.0,2,5,493,0
35000,1,11,12,11,500,0.01,0.002,0.988,0.0,5,1,494,0
35000,1,13,14,13,500,0.0,0.0,1.0,0.0,0,0,500,0
35000,1,14,15,14,500,0.01,0.036,0.696,0.258,5,18,348,129
35000,1,18,19,18,500,0.216,0.03,0.576,0.178,108,15,288,89
35000,1,19,20,19,500,0.028,0.022,0.922,0.028,14,11,461,14
35000,2,3,5,6,500,0.018,0.068,0.636,0.278,9,34,318,139
35000,2,8,10,16,500,0.11,0.0,0.452,0.438,55,0,226,219
35000,2,10,12,20,500,0.0,0.0,1.0,0.0,0,0,500,0
35000,2,11,13,1,500,0.078,0.17,0.31,0.442,39,85,155,221
35000,2,12,14,3,500,0.0,0.0,0.998,0.002,0,0,499,1
35000,2,14,16,7,500,0.0,0.0,1.0,0.0,0,0,500,0
35000,2,15,17,9,500,0.096,0.006,0.884,0.014,48,3,442,7
35000,2,18,20,15,500,0.172,0.3,0.23,0.298,86,150,115,149
35000,3,0,3,0,500,0.0,0.004,0.996,0.0,0,2,498,0
35000,3,2,5,6,500,0.03,0.048,0.646,0.276,15,24,323,138
35000,3,4,7,12,500,0.19,0.024,0.682,0.104,95,12,341,52
35000,3,5,8,15,500,0.018,0.018,0.944,0.02,9,9,472,10
35000,3,6,9,18,500,0.174,0.064,0.668,0.094,87,32,334,47
35000,3,7,10,0,500,0.002,0.0,0.998,0.0,1,0,499,0
35000,3,8,11,3,500,0.054,0.054,0.804,0.088,27,27,402,44
35000,3,9,12,6,500,0.016,0.002,0.98,0.002,8,1,490,1
35000,3,10,13,9,500,0.0,0.0,1.0,0.0,0,0,500,0
35000,3,13,16,18,500,0.022,0.0,0.974,0.004,11,0,487,2
35000,3,14,17,0,500,0.002,0.004,0.992,0.002,1,2,496,1
35000,3,15,18,3,500,0.522,0.098,0.29,0.09,261,49,145,45
35000,3,16,19,6,500,0.0,0.0,1.0,0.0,0,0,500,0
35000,3,17,20,9,500,0.004,0.006,0.988,0.002,2,3,494,1
35000,4,0,4,0,500,0.0,0.0,1.0,0.0,0,0,500,0
35000,4,2,6,8,500,0.04,0.066,0.89,0.004,20,33,445,2
35000,4,5,9,20,500,0.0,0.0,1.0,0.0,0,0,500,0
35000,4,6,10,3,500,0.018,0.008,0.97,0.004,9,4,485,2
35000,4,7,11,7,500,0.0,0.0,1.0,0.0,0,0,500,0
35000,4,8,12,11,500,0.034,0.01,0.952,0.004,17,5,476,2
35000,4,9,13,15,500,0.036,0.306,0.338,0.32,18,153,169,160
35000,4,10,14,19,500,0.022,0.002,0.976,0.0,11,1,488,0
35000,4,11,15,2,500,0.002,0.002,0.988,0.008,1,1,494,4
35000,4,12,16,6,500,0.002,0.0,0.998,0.0,1,0,499,0
35000,4,13,17,10,500,0.002,0.0,0.998,0.0,1,0,499,0
35000,4,14,18,14,500,0.042,0.076,0.832,0.05,21,38,416,25
35000,4,16,20,1,500,0.0,0.0,1.0,0.0,0,0,500,0
35000,5,0,5,0,500,0.0,0.0,1.0,0.0,0,0,500,0
35000,5,2,7,10,500,0.0,0.0,1.0,0.0,0,0,500,0
35000,5,3,8,15,500,0.02,0.008,0.958,0.014,10,4,479,7
35000,5,4,9,20,500,0.0,0.002,0.998,0.0,0,1,499,0
35000,5,5,10,4,500,0.016,0.018,0.964,0.002,8,9,482,1
35000,5,7,12,14,500,0.006,0.068,0.92,0.006,3,34,460,3
35000,5,9,14,3,500,0.006,0.0,0.994,0.0,3,0,497,0
35000,5,10,15,8,500,0.002,0.002,0.994,0.002,1,1,497,1
35000,5,11,16,13,500,0.0,0.0,1.0,0.0,0,0,500,0
35000,5,12,17,18,500,0.058,0.012,0.918,0.012,29,6,459,6
35000,5,14,19,7,500,0.01,0.072,0.894,0.024,5,36,447,12
35000,5,15,20,12,500,0.014,0.0,0.986,0.0,7,0,493,0
35000,6,1,7,6,500,0.006,0.0,0.994,0.0,3,0,497,0
35000,6,2,8,12,500,0.03,0.002,0.956,0.012,15,1,478,6
35000,6,6,12,15,500,0.018,0.002,0.976,0.004,9,1,488,2
35000,6,8,14,6,500,0.01,0.004,0.98,0.006,5,2,490,3
35000,6,9,15,12,500,0.0,0.006,0.98,0.014,0,3,490,7
35000,6,12,18,9,500,0.08,0.096,0.772,0.052,40,48,386,26
35000,6,13,19,15,500,0.014,0.006,0.98,0.0,7,3,490,0
35000,7,0,7,0,500,0.002,0.348,0.226,0.424,1,174,113,212
35000,7,1,8,7,500,0.004,0.0,0.996,0.0,2,0,498,0
35000,7,3,10,0,500,0.002,0.0,0.998,0.0,1,0,499,0
35000,7,4,11,7,500,0.0,0.0,1.0,0.0,0,0,500,0
35000,7,7,14,7,500,0.01,0.088,0.77,0.132,5,44,385,66
35000,7,8,15,14,500,0.008,0.088,0.78,0.124,4,44,390,62
35000,7,9,16,0,500,0.0,0.0,1.0,0.0,0,0,500,0
35000,7,11,18,14,500,0.002,0.046,0.932,0.02,1,23,466,10
35000,7,13,20,7,500,0.0,0.002,0.998,0.0,0,1,499,0
35000,8,0,8,0,500,0.002,0.0,0.998,0.0,1,0,499,0
35000,8,1,9,8,500,0.012,0.0,0.988,0.0,6,0,494,0
35000,8,3,11,3,500,0.032,0.012,0.926,0.03,16,6,463,15
35000,8,5,13,19,500,0.0,0.0,1.0,0.0,0,0,500,0
35000,8,6,14,6,500,0.008,0.0,0.992,0.0,4,0,496,0
35000,8,7,15,14,500,0.01,0.074,0.844,0.072,5,37,422,36
35000,8,9,17,9,500,0.0,0.0,1.0,0.0,0,0,500,0
35000,8,11,19,4,500,0.0,0.0,1.0,0.0,0,0,500,0
35000,8,12,20,12,500,0.002,0.002,0.996,0.0,1,1,498,0
35000,9,4,13,15,500,0.028,0.348,0.326,0.298,14,174,163,149
35000,9,5,14,3,500,0.002,0.0,0.998,0.0,1,0,499,0
35000,9,6,15,12,500,0.004,0.01,0.978,0.008,2,5,489,4
35000,9,7,16,0,500,0.0,0.0,1.0,0.0,0,0,500,0
35000,9,8,17,9,500,0.006,0.01,0.984,0.0,3,5,492,0
35000,9,11,20,15,500,0.014,0.806,0.088,0.092,7,403,44,46
35000,10,0,10,0,500,0.0,0.0,1.0,0.0,0,0,500,0
35000,10,1,11,10,500,0.0,0.0,1.0,0.0,0,0,500,0
35000,10,2,12,20,500,0.0,0.002,0.998,0.0,0,1,499,0
35000,10,4,14,19,500,0.028,0.002,0.97,0.0,14,1,485,0
35000,10,5,15,8,500,0.006,0.004,0.986,0.004,3,2,493,2
35000,10,6,16,18,500,0.01,0.002,0.986,0.002,5,1,493,1
35000,10,7,17,7,500,0.0,0.0,1.0,0.0,0,0,500,0
35000,10,8,18,17,500,0.082,0.002,0.886,0.03,41,1,443,15
35000,10,9,19,6,500,0.0,0.0,1.0,0.0,0,0,500,0
35000,11,0,11,0,500,0.0,0.0,1.0,0.0,0,0,500,0
35000,11,1,12,11,500,0.004,0.002,0.994,0.0,2,1,497,0
35000,11,2,13,1,500,0.076,0.18,0.276,0.468,38,90,138,234
35000,11,6,17,3,500,0.002,0.002,0.996,0.0,1,1,498,0
35000,11,8,19,4,500,0.0,0.0,1.0,0.0,0,0,500,0
35000,11,9,20,15,500,0.024,0.722,0.122,0.132,12,361,61,66
35000,12,0,12,0,500,0.004,0.002,0.994,0.0,2,1,497,0
35000,12,1,13,12,500,0.006,0.002,0.992,0.0,3,1,496,0
35000,12,4,16,6,500,0.0,0.0,1.0,0.0,0,0,500,0
35000,12,5,17,18,500,0.06,0.014,0.924,0.002,30,7,462,1
35000,12,6,18,9,500,0.186,0.058,0.646,0.11,93,29,323,55
35000,12,8,20,12,500,0.0,0.0,1.0,0.0,0,0,500,0
35000,13,1,14,13,500,0.0,0.0,1.0,0.0,0,0,500,0
35000,13,3,16,18,500,0.012,0.002,0.982,0.004,6,1,491,2
35000,13,4,17,10,500,0.008,0.0,0.992,0.0,4,0,496,0
35000,13,5,18,2,500,0.002,0.0,0.998,0.0,1,0,499,0
35000,14,0,14,0,500,0.05,0.052,0.882,0.016,25,26,441,8
35000,14,1,15,14,500,0.012,0.054,0.602,0.332,6,27,301,166
35000,14,2,16,7,500,0.0,0.0,1.0,0.0,0,0,500,0
35000,14,3,17,0,500,0.0,0.0,1.0,0.0,0,0,500,0
35000,14,4,18,14,500,0.02,0.05,0.92,0.01,10,25,460,5
35000,14,5,19,7,500,0.024,0.044,0.878,0.054,12,22,439,27
35000,15,0,15,0,500,0.0,0.002,0.998,0.0,0,1,499,0
35000,15,2,17,9,500,0.076,0.012,0.9,0.012,38,6,450,6
35000,16,0,16,0,500,0.0,0.0,1.0,0.0,0,0,500,0
35000,16,2,18,11,500,0.0,0.0,1.0,0.0,0,0,500,0
35000,16,3,19,6,500,0.0,0.0,1.0,0.0,0,0,500,0
35000,17,0,17,0,500,0.0,0.0,1.0,0.0,0,0,500,0
35000,17,1,18,17,500,0.086,0.024,0.856,0.034,43,12,428,17
35000,17,2,19,13,500,0.0,0.0,1.0,0.0,0,0,500,0
35000,17,3,20,9,500,0.0,0.004,0.996,0.0,0,2,498,0
35000,18,0,18,0,500,0.0,0.0,1.0,0.0,0,0,500,0
35000,18,2,20,15,500,0.192,0.208,0.22,0.38,96,104,110,190
35000,19,0,19,0,500,0.0,0.0,1.0,0.0,0,0,500,0
35000,19,1,20,19,500,0.114,0.006,0.868,0.012,57,3,434,6
35000,20,0,20,0,500,0.0,0.0,1.0,0.0,0,0,500,0
35500,0,2,2,0,500,0.0,0.0,1.0,0.0,0,0,500,0
35500,0,5,5,0,500,0.0,0.0,1.0,0.0,0,0,500,0
35500,0,6,6,0,500,0.002,0.002,0.992,0.004,1,1,496,2
35500,0,7,7,0,500,0.006,0.386,0.204,0.404,3,193,102,202
35500,0,8,8,0,500,0.0,0.0,1.0,0.0,0,0,500,0
35500,0,10,10,0,500,0.0,0.0,1.0,0.0,0,0,500,0
35500,0,11,11,0,500,0.0,0.0,1.0,0.0,0,0,500,0
35500,0,14,14,0,500,0.08,0.084,0.74,0.096,40,42,370,48
35500,0,15,15,0,500,0.002,0.0,0.998,0.0,1,0,499,0
35500,0,16,16,0,500,0.0,0.0,1.0,0.0,0,0,500,0
35500,0,20,20,0,500,0.0,0.0,1.0,0.0,0,0,500,0
35500,1,0,1,0,500,0.0,0.0,1.0,0.0,0,0,500,0
35500,1,1,2,1,500,0.0,0.894,0.044,0.062,0,447,22,31
35500,1,3,4,3,500,0.172,0.118,0.358,0.352,86,59,179,176
35500,1,4,5,4,500,0.004,0.0,0.996,0.0,2,0,498,0
35500,1,5,6,5,500,0.036,0.024,0.358,0.582,18,12,179,291
35500,1,7,8,7,500,0.002,0.0,0.998,0.0,1,0,499,0
35500,1,8,9,8,500,0.044,0.006,0.948,0.002,22,3,474,1
35500,1,9,10,9,500,0.0,0.014,0.984,0.002,0,7,492,1
35500,1,11,12,11,500,0.0,0.0,1.0,0.0,0,0,500,0
35500,1,13,14,13,500,0.0,0.0,1.0,0.0,0,0,500,0
35500,1,14,15,14,500,0.008,0.016,0.748,0.228,4,8,374,114
35500,1,18,19,18,500,0.288,0.04,0.63,0.042,144,20,315,21
35500,1,19,20,19,500,0.006,0.014,0.97,0.01,3,7,485,5
35500,2,3,5,6,500,0.066,0.086,0.448,0.4,33,43,224,200
35500,2,8,10,16,500,0.152,0.016,0.34,0.492,76,8,170,246
35500,2,10,12,20,500,0.0,0.0,1.0,0.0,0,0,500,0
35500,2,11,13,1,500,0.094,0.1,0.252,0.554,47,50,126,277
35500,2,12,14,3,500,0.006,0.002,0.992,0.0,3,1,496,0
35500,2,14,16,7,500,0.0,0.0,1.0,0.0,0,0,500,0
35500,2,15,17,9,500,0.082,0.016,0.878,0.024,41,8,439,12
35500,2,18,20,15,500,0.152,0.232,0.262,0.354,76,116,131,177
35500,3,0,3,0,500,0.002,0.0,0.998,0.0,1,0,499,0
35500,3,2,5,6,500,0.09,0.06,0.464,0.386,45,30,232,193
35500,3,4,7,12,500,0.174,0.024,0.692,0.11,87,12,346,55
35500,3,5,8,15,500,0.012,0.018,0.962,0.008,6,9,481,4
35500,3,6,9,18,500,0.14,0.05,0.682,0.128,70,25,341,64
35500,3,7,10,0,500,0.0,0.0,1.0,0.0,0,0,500,0
35500,3,8,11,3,500,0.06,0.01,0.9,0.03,30,5,450,15
35500,3,9,12,6,500,0.01,0.004,0.982,0.004,5,2,491,2
35500,3,10,13,9,500,0.0,0.0,1.0,0.0,0,0,500,0
35500,3,13,16,18,500,0.028,0.002,0.958,0.012,14,1,479,6
35500,3,14,17,0,500,0.002,0.0,0.998,0.0,1,0,499,0
35500,3,15,18,3,500,0.44,0.094,0.344,0.122,220,47,172,61
35500,3,16,19,6,500,0.0,0.0,1.0,0.0,0,0,500,0
35500,3,17,20,9,500,0.002,0.01,0.988,0.0,1,5,494,0
35500,4,0,4,0,500,0.0,0.0,1.0,0.0,0,0,500,0
35500,4,2,6,8,500,0.02,0.014,0.964,0.002,10,7,482,1
35500,4,5,9,20,500,0.0,0.004,0.996,0.0,0,2,498,0
35500,4,6,10,3,500,0.014,0.008,0.978,0.0,7,4,489,0
35500,4,7,11,7,500,0.0,0.0,1.0,0.0,0,0,500,0
35500,4,8,12,11,500,0.024,0.004,0.972,0.0,12,2,486,0
35500,4,9,13,15,500,0.03,0.366,0.416,0.188,15,183,208,94
35500,4,10,14,19,500,0.018,0.002,0.98,0.0,9,1,490,0
35500,4,11,15,2,500,0.002,0.01,0.976,0.012,1,5,488,6
35500,4,12,16,6,500,0.0,0.0,0.996,0.004,0,0,498,2
35500,4,13,17,10,500,0.0,0.0,1.0,0.0,0,0,500,0
35500,4,14,18,14,500,0.03,0.126,0.784,0.06,15,63,392,30
35500,4,16,20,1,500,0.0,0.0,1.0,0.0,0,0,500,0
35500,5,0,5,0,500,0.0,0.0,1.0,0.0,0,0,500,0
35500,5,2,7,10,500,0.0,0.0,1.0,0.0,0,0,500,0
35500,5,3,8,15,500,0.024,0.0,0.968,0.008,12,0,484,4
35500,5,4,9,20,500,0.0,0.006,0.994,0.0,0,3,497,0
35500,5,5,10,4,500,0.002,0.008,0.99,0.0,1,4,495,0
35500,5,7,12,14,500,0.024,0.068,0.884,0.024,12,34,442,12
35500,5,9,14,3,500,0.002,0.004,0.994,0.0,1,2,497,0
35500,5,10,15,8,500,0.006,0.0,0.992,0.002,3,0,496,1
35500,5,11,16,13,500,0.0,0.0,0.998,0.002,0,0,499,1
35500,5,12,17,18,500,0.046,0.012,0.936,0.006,23,6,468,3
35500,5,14,19,7,500,0.03,0.026,0.896,0.048,15,13,448,24
35500,5,15,20,12,500,0.016,0.01,0.97,0.004,8,5,485,2
35500,6,1,7,6,500,0.0,0.0,1.0,0.0,0,0,500,0
35500,6,2,8,12,500,0.024,0.008,0.964,0.004,12,4,482,2
35500,6,6,12,15,500,0.02,0.004,0.97,0.006,10,2,485,3
35500,6,8,14,6,500,0.002,0.002,0.992,0.004,1,1,496,2
35500,6,9,15,12,500,0.02,0.012,0.942,0.026,10,6,471,13
35500,6,12,18,9,500,0.126,0.082,0.672,0.12,63,41,336,60
35500,6,13,19,15,500,0.02,0.004,0.976,0.0,10,2,488,0
35500,7,0,7,0,500,0.002,0.362,0.226,0.41,1,181,113,205
35500,7,1,8,7,500,0.0,0.0,1.0,0.0,0,0,500,0
35500,7,3,10,0,500,0.002,0.0,0.998,0.0,1,0,499,0
35500,7,4,11,7,500,0.0,0.0,1.0,0.0,0,0,500,0
35500,7,7,14,7,500,0.018,0.07,0.834,0.078,9,35,417,39
35500,7,8,15,14,500,0.026,0.086,0.724,0.164,13,43,362,82
35500,7,9,16,0,500,0.0,0.0,1.0,0.0,0,0,500,0
35500,7,11,18,14,500,0.002,0.068,0.926,0.004,1,34,463,2
35500,7,13,20,7,500,0.0,0.0,1.0,0.0,0,0,500,0
35500,8,0,8,0,500,0.0,0.0,1.0,0.0,0,0,500,0
35500,8,1,9,8,500,0.036,0.006,0.95,0.008,18,3,475,4
35500,8,3,11,3,500,0.03,0.014,0.928,0.028,15,7,464,14
35500,8,5,13,19,500,0.0,0.002,0.998,0.0,0,1,499,0
35500,8,6,14,6,500,0.01,0.002,0.986,0.002,5,1,493,1
35500,8,7,15,14,500,0.022,0.064,0.76,0.154,11,32,380,77
35500,8,9,17,9,500,0.008,0.004,0.988,0.0,4,2,494,0
35500,8,11,19,4,500,0.0,0.0,0.998,0.002,0,0,499,1
35500,8,12,20,12,500,0.004,0.0,0.996,0.0,2,0,498,0
35500,9,4,13,15,500,0.016,0.37,0.422,0.192,8,185,211,96
35500,9,5,14,3,500,0.008,0.004,0.988,0.0,4,2,494,0
35500,9,6,15,12,500,0.012,0.012,0.962,0.014,6,6,481,7
35500,9,7,16,0,500,0.0,0.0,1.0,0.0,0,0,500,0
35500,9,8,17,9,500,0.008,0.008,0.984,0.0,4,4,492,0
35500,9,11,20,15,500,0.016,0.832,0.068,0.084,8,416,34,42
35500,10,0,10,0,500,0.0,0.0,1.0,0.0,0,0,500,0
35500,10,1,11,10,500,0.0,0.0,0.996,0.004,0,0,498,2
35500,10,2,12,20,500,0.008,0.0,0.992,0.0,4,0,496,0
35500,10,4,14,19,500,0.014,0.01,0.976,0.0,7,5,488,0
35500,10,5,15,8,500,0.008,0.0,0.992,0.0,4,0,496,0
35500,10,6,16,18,500,0.006,0.002,0.992,0.0,3,1,496,0
35500,10,7,17,7,500,0.0,0.0,1.0,0.0,0,0,500,0
35500,10,8,18,17,500,0.086,0.008,0.892,0.014,43,4,446,7
35500,10,9,19,6,500,0.0,0.0,1.0,0.0,0,0,500,0
35500,11,0,11,0,500,0.0,0.0,1.0,0.0,0,0,500,0
35500,11,1,12,11,500,0.0,0.002,0.998,0.0,0,1,499,0
35500,11,2,13,1,500,0.106,0.124,0.258,0.512,53,62,129,256
35500,11,6,17,3,500,0.01,0.006,0.984,0.0,5,3,492,0
35500,11,8,19,4,500,0.0,0.0,0.996,0.004,0,0,498,2
35500,11,9,20,15,500,0.038,0.644,0.204,0.114,19,322,102,57
35500,12,0,12,0,500,0.004,0.0,0.996,0.0,2,0,498,0
35500,12,1,13,12,500,0.002,0.004,0.99,0.004,1,2,495,2
35500,12,4,16,6,500,0.0,0.002,0.998,0.0,0,1,499,0
35500,12,5,17,18,500,0.064,0.024,0.9,0.012,32,12,450,6
35500,12,6,18,9,500,0.164,0.066,0.644,0.126,82,33,322,63
35500,12,8,20,12,500,0.004,0.002,0.994,0.0,2,1,497,0
35500,13,1,14,13,500,0.002,0.0,0.998,0.0,1,0,499,0
35500,13,3,16,18,500,0.006,0.0,0.994,0.0,3,0,497,0
35500,13,4,17,10,500,0.004,0.0,0.996,0.0,2,0,498,0
35500,13,5,18,2,500,0.002,0.0,0.996,0.002,1,0,498,1
35500,14,0,14,0,500,0.112,0.082,0.768,0.038,56,41,384,19
35500,14,1,15,14,500,0.008,0.054,0.656,0.282,4,27,328,141
35500,14,2,16,7,500,0.0,0.0,1.0,0.0,0,0,500,0
35500,14,3,17,0,500,0.004,0.0,0.996,0.0,2,0,498,0
35500,14,4,18,14,500,0.018,0.108,0.81,0.064,9,54,405,32
35500,14,5,19,7,500,0.032,0.026,0.868,0.074,16,13,434,37
35500,15,0,15,0,500,0.002,0.0,0.998,0.0,1,0,499,0
35500,15,2,17,9,500,0.084,0.014,0.886,0.016,42,7,443,8
35500,16,0,16,0,500,0.0,0.0,1.0,0.0,0,0,500,0
35500,16,2,18,11,500,0.0,0.0,1.0,0.0,0,0,500,0
35500,16,3,19,6,500,0.0,0.0,1.0,0.0,0,0,500,0
35500,17,0,17,0,500,0.002,0.0,0.998,0.0,1,0,499,0
35500,17,1,18,17,500,0.076,0.012,0.892,0.02,38,6,446,10
35500,17,2,19,13,500,0.0,0.0,1.0,0.0,0,0,500,0
35500,17,3,20,9,500,0.004,0.004,0.99,0.002,2,2,495,1
35500,18,0,18,0,500,0.002,0.0,0.998,0.0,1,0,499,0
35500,18,2,20,15,500,0.2,0.176,0.272,0.352,100,88,136,176
35500,19,0,19,0,500,0.002,0.0,0.998,0.0,1,0,499,0
35500,19,1,20,19,500,0.068,0.028,0.888,0.016,34,14,444,8
35500,20,0,20,0,500,0.0,0.0,1.0,0.0,0,0,500,0
36000,0,2,2,0,500,0.0,0.0,1.0,0.0,0,0,500,0
36000,0,5,5,0,500,0.0,0.0,1.0,0.0,0,0,500,0
36000,0,6,6,0,500,0.002,0.012,0.976,0.01,1,6,488,5
36000,0,7,7,0,500,0.034,0.344,0.232,0.39,17,172,116,195
36000,0,8,8,0,500,0.002,0.0,0.998,0.0,1,0,499,0
36000,0,10,10,0,500,0.0,0.0,1.0,0.0,0,0,500,0
36000,0,11,11,0,500,0.0,0.0,1.0,0.0,0,0,500,0
36000,0,14,14,0,500,0.114,0.086,0.738,0.062,57,43,369,31
36000,0,15,15,0,500,0.002,0.0,0.998,0.0,1,0,499,0
36000,0,16,16,0,500,0.0,0.0,1.0,0.0,0,0,500,0
36000,0,20,20,0,500,0.0,0.0,1.0,0.0,0,0,500,0
36000,1,0,1,0,500,0.0,0.0,1.0,0.0,0,0,500,0
36000,1,1,2,1,500,0.006,0.504,0.226,0.264,3,252,113,132
36000,1,3,4,3,500,0.168,0.152,0.324,0.356,84,76,162,178
36000,1,4,5,4,500,0.016,0.0,0.984,0.0,8,0,492,0
36000,1,5,6,5,500,0.022,0.07,0.398,0.51,11,35,199,255
36000,1,7,8,7,500,0.002,0.0,0.998,0.0,1,0,499,0
36000,1,8,9,8,500,0.008,0.0,0.992,0.0,4,0,496,0
36000,1,9,10,9,500,0.002,0.004,0.994,0.0,1,2,497,0
36000,1,11,12,11,500,0.0,0.0,1.0,0.0,0,0,500,0
36000,1,13,14,13,500,0.004,0.0,0.996,0.0,2,0,498,0
36000,1,14,15,14,500,0.042,0.034,0.774,0.15,21,17,387,75
36000,1,18,19,18,500,0.258,0.04,0.624,0.078,129,20,312,39
36000,1,19,20,19,500,0.014,0.03,0.938,0.018,7,15,469,9
36000,2,3,5,6,500,0.04,0.086,0.478,0.396,20,43,239,198
36000,2,8,10,16,500,0.084,0.02,0.352,0.544,42,10,176,272
36000,2,10,12,20,500,0.004,0.0,0.996,0.0,2,0,498,0
36000,2,11,13,1,500,0.162,0.112,0.266,0.46,81,56,133,230
36000,2,12,14,3,500,0.0,0.0,1.0,0.0,0,0,500,0
36000,2,14,16,7,500,0.0,0.0,1.0,0.0,0,0,500,0
36000,2,15,17,9,500,0.108,0.008,0.866,0.018,54,4,433,9
36000,2,18,20,15,500,0.154,0.222,0.25,0.374,77,111,125,187
36000,3,0,3,0,500,0.002,0.006,0.992,0.0,1,3,496,0
36000,3,2,5,6,500,0.054,0.082,0.432,0.432,27,41,216,216
36000,3,4,7,12,500,0.068,0.046,0.88,0.006,34,23,440,3
36000,3,5,8,15,500,0.022,0.004,0.97,0.004,11,2,485,2
36000,3,6,9,18,500,0.098,0.02,0.824,0.058,49,10,412,29
36000,3,7,10,0,500,0.0,0.0,1.0,0.0,0,0,500,0
36000,3,8,11,3,500,0.06,0.022,0.876,0.042,30,11,438,21
36000,3,9,12,6,500,0.004,0.008,0.988,0.0,2,4,494,0
36000,3,10,13,9,500,0.0,0.0,1.0,0.0,0,0,500,0
36000,3,13,16,18,500,0.048,0.002,0.936,0.014,24,1,468,7
36000,3,14,17,0,500,0.0,0.0,1.0,0.0,0,0,500,0
36000,3,15,18,3,500,0.514,0.074,0.298,0.114,257,37,149,57
36000,3,16,19,6,500,0.0,0.004,0.996,0.0,0,2,498,0
36000,3,17,20,9,500,0.002,0.0,0.998,0.0,1,0,499,0
36000,4,0,4,0,500,0.0,0.0,1.0,0.0,0,0,500,0
36000,4,2,6,8,500,0.028,0.038,0.926,0.008,14,19,463,4
36000,4,5,9,20,500,0.0,0.002,0.998,0.0,0,1,499,0
36000,4,6,10,3,500,0.034,0.02,0.944,0.002,17,10,472,1
36000,4,7,11,7,500,0.0,0.0,1.0,0.0,0,0,500,0
36000,4,8,12,11,500,0.008,0.002,0.986,0.004,4,1,493,2
36000,4,9,13,15,500,0.034,0.262,0.416,0.288,17,131,208,144
36000,4,10,14,19,500,0.02,0.004,0.976,0.0,10,2,488,0
36000,4,11,15,2,500,0.0,0.004,0.982,0.014,0,2,491,7
36000,4,12,16,6,500,0.0,0.002,0.996,0.002,0,1,498,1
36000,4,13,17,10,500,0.01,0.0,0.99,0.0,5,0,495,0
36000,4,14,18,14,500,0.016,0.036,0.934,0.014,8,18,467,7
36000,4,16,20,1,500,0.0,0.0,1.0,0.0,0,0,500,0
36000,5,0,5,0,500,0.0,0.0,1.0,0.0,0,0,500,0
36000,5,2,7,10,500,0.0,0.0,1.0,0.0,0,0,500,0
36000,5,3,8,15,500,0.02,0.006,0.966,0.008,10,3,483,4
36000,5,4,9,20,500,0.0,0.002,0.998,0.0,0,1,499,0
36000,5,5,10,4,500,0.002,0.004,0.994,0.0,1,2,497,0
36000,5,7,12,14,500,0.048,0.072,0.824,0.056,24,36,412,28
36000,5,9,14,3,500,0.002,0.0,0.998,0.0,1,0,499,0
36000,5,10,15,8,500,0.006,0.002,0.986,0.006,3,1,493,3
36000,5,11,16,13,500,0.004,0.002,0.994,0.0,2,1,497,0
36000,5,12,17,18,500,0.072,0.012,0.906,0.01,36,6,453,5
36000,5,14,19,7,500,0.012,0.066,0.878,0.044,6,33,439,22
36000,5,15,20,12,500,0.006,0.006,0.988,0.0,3,3,494,0
36000,6,1,7,6,500,0.0,0.0,1.0,0.0,0,0,500,0
36000,6,2,8,12,500,0.02,0.004,0.974,0.002,10,2,487,1
36000,6,6,12,15,500,0.016,0.0,0.972,0.012,8,0,486,6
36000,6,8,14,6,500,0.002,0.004,0.99,0.004,1,2,495,2
36000,6,9,15,12,500,0.014,0.01,0.958,0.018,7,5,479,9
36000,6,12,18,9,500,0.076,0.03,0.84,0.054,38,15,420,27
36000,6,13,19,15,500,0.002,0.002,0.996,0.0,1,1,498,0
36000,7,0,7,0,500,0.01,0.332,0.222,0.436,5,166,111,218
36000,7,1,8,7,500,0.004,0.0,0.996,0.0,2,0,498,0
36000,7,3,10,0,500,0.0,0.0,1.0,0.0,0,0,500,0
36000,7,4,11,7,500,0.0,0.0,1.0,0.0,0,0,500,0
36000,7,7,14,7,500,0.018,0.062,0.804,0.116,9,31,402,58
36000,7,8,15,14,500,0.004,0.088,0.812,0.096,2,44,406,48
36000,7,9,16,0,500,0.0,0.0,1.0,0.0,0,0,500,0
36000,7,11,18,14,500,0.038,0.066,0.874,0.022,19,33,437,11
36000,7,13,20,7,500,0.002,0.0,0.998,0.0,1,0,499,0
36000,8,0,8,0,500,0.002,0.0,0.998,0.0,1,0,499,0
36000,8,1,9,8,500,0.012,0.0,0.988,0.0,6,0,494,0
36000,8,3,11,3,500,0.018,0.012,0.952,0.018,9,6,476,9
36000,8,5,13,19,500,0.0,0.0,1.0,0.0,0,0,500,0
36000,8,6,14,6,500,0.004,0.004,0.99,0.002,2,2,495,1
36000,8,7,15,14,500,0.012,0.034,0.77,0.184,6,17,385,92
36000,8,9,17,9,500,0.01,0.004,0.986,0.0,5,2,493,0
36000,8,11,19,4,500,0.0,0.0,1.0,0.0,0,0,500,0
36000,8,12,20,12,500,0.0,0.006,0.994,0.0,0,3,497,0
36000,9,4,13,15,500,0.024,0.424,0.37,0.182,12,212,185,91
36000,9,5,14,3,500,0.004,0.002,0.994,0.0,2,1,497,0
36000,9,6,15,12,500,0.008,0.008,0.968,0.016,4,4,484,8
36000,9,7,16,0,500,0.0,0.0,1.0,0.0,0,0,500,0
36000,9,8,17,9,500,0.012,0.008,0.98,0.0,6,4,490,0
36000,9,11,20,15,500,0.028,0.7,0.136,0.136,14,350,68,68
36000,10,0,10,0,500,0.0,0.0,1.0,0.0,0,0,500,0
36000,10,1,11,10,500,0.002,0.004,0.994,0.0,1,2,497,0
36000,10,2,12,20,500,0.014,0.004,0.982,0.0,7,2,491,0
36000,10,4,14,19,500,0.028,0.006,0.964,0.002,14,3,482,1
36000,10,5,15,8,500,0.01,0.006,0.982,0.002,5,3,491,1
36000,10,6,16,18,500,0.026,0.002,0.966,0.006,13,1,483,3
36000,10,7,17,7,500,0.0,0.0,1.0,0.0,0,0,500,0
36000,10,8,18,17,500,0.086,0.004,0.892,0.018,43,2,446,9
36000,10,9,19,6,500,0.0,0.0,1.0,0.0,0,0,500,0
36000,11,0,11,0,500,0.0,0.0,1.0,0.0,0,0,500,0
36000,11,1,12,11,500,0.002,0.0,0.998,0.0,1,0,499,0
36000,11,2,13,1,500,0.112,0.164,0.25,0.474,56,82,125,237
36000,11,6,17,3,500,0.01,0.002,0.988,0.0,5,1,494,0
36000,11,8,19,4,500,0.0,0.0,0.998,0.002,0,0,499,1
36000,11,9,20,15,500,0.05,0.65,0.158,0.142,25,325,79,71
36000,12,0,12,0,500,0.0,0.0,1.0,0.0,0,0,500,0
36000,12,1,13,12,500,0.002,0.0,0.994,0.004,1,0,497,2
36000,12,4,16,6,500,0.0,0.002,0.998,0.0,0,1,499,0
36000,12,5,17,18,500,0.066,0.018,0.906,0.01,33,9,453,5
36000,12,6,18,9,500,0.116,0.028,0.808,0.048,58,14,404,24
36000,12,8,20,12,500,0.0,0.002,0.998,0.0,0,1,499,0
36000,13,1,14,13,500,0.0,0.0,1.0,0.0,0,0,500,0
36000,13,3,16,18,500,0.028,0.006,0.958,0.008,14,3,479,4
36000,13,4,17,10,500,0.008,0.0,0.992,0.0,4,0,496,0
36000,13,5,18,2,500,0.008,0.008,0.984,0.0,4,4,492,0
36000,14,0,14,0,500,0.088,0.068,0.808,0.036,44,34,404,18
36000,14,1,15,14,500,0.02,0.072,0.678,0.23,10,36,339,115
36000,14,2,16,7,500,0.0,0.0,1.0,0.0,0,0,500,0
36000,14,3,17,0,500,0.0,0.0,1.0,0.0,0,0,500,0
36000,14,4,18,14,500,0.014,0.074,0.908,0.004,7,37,454,2
36000,14,5,19,7,500,0.018,0.104,0.812,0.066,9,52,406,33
36000,15,0,15,0,500,0.004,0.002,0.994,0.0,2,1,497,0
36000,15,2,17,9,500,0.122,0.008,0.856,0.014,61,4,428,7
36000,16,0,16,0,500,0.0,0.0,1.0,0.0,0,0,500,0
36000,16,2,18,11,500,0.0,0.0,1.0,0.0,0,0,500,0
36000,16,3,19,6,500,0.0,0.0,1.0,0.0,0,0,500,0
36000,17,0,17,0,500,0.0,0.0,1.0,0.0,0,0,500,0
36000,17,1,18,17,500,0.068,0.006,0.912,0.014,34,3,456,7
36000,17,2,19,13,500,0.0,0.0,1.0,0.0,0,0,500,0
36000,17,3,20,9,500,0.0,0.002,0.998,0.0,0,1,499,0
36000,18,0,18,0,500,0.002,0.0,0.998,0.0,1,0,499,0
36000,18,2,20,15,500,0.206,0.158,0.254,0.382,103,79,127,191
36000,19,0,19,0,500,0.0,0.0,1.0,0.0,0,0,500,0
36000,19,1,20,19,500,0.064,0.04,0.852,0.044,32,20,426,22
36000,20,0,20,0,500,0.0,0.0,1.0,0.0,0,0,500,0
36500,0,2,2,0,500,0.0,0.0,1.0,0.0,0,0,500,0
36500,0,5,5,0,500,0.0,0.0,1.0,0.0,0,0,500,0
36500,0,6,6,0,500,0.004,0.0,0.988,0.008,2,0,494,4
36500,0,7,7,0,500,0.016,0.362,0.24,0.382,8,181,120,191
36500,0,8,8,0,500,0.0,0.0,1.0,0.0,0,0,500,0
36500,0,10,10,0,500,0.0,0.0,1.0,0.0,0,0,500,0
36500,0,11,11,0,500,0.0,0.0,1.0,0.0,0,0,500,0
36500,0,14,14,0,500,0.094,0.094,0.736,0.076,47,47,368,38
36500,0,15,15,0,500,0.002,0.0,0.998,0.0,1,0,499,0
36500,0,16,16,0,500,0.0,0.0,1.0,0.0,0,0,500,0
36500,0,20,20,0,500,0.0,0.0,1.0,0.0,0,0,500,0
36500,1,0,1,0,500,0.0,0.0,1.0,0.0,0,0,500,0
36500,1,1,2,1,500,0.026,0.396,0.238,0.34,13,198,119,170
36500,1,3,4,3,500,0.128,0.15,0.362,0.36,64,75,181,180
36500,1,4,5,4,500,0.016,0.002,0.978,0.004,8,1,489,2
36500,1,5,6,5,500,0.046,0.012,0.356,0.586,23,6,178,293
36500,1,7,8,7,500,0.0,0.0,0.998,0.002,0,0,499,1
36500,1,8,9,8,500,0.018,0.004,0.976,0.002,9,2,488,1
36500,1,9,10,9,500,0.0,0.006,0.994,0.0,0,3,497,0
36500,1,11,12,11,500,0.002,0.0,0.998,0.0,1,0,499,0
36500,1,13,14,13,500,0.0,0.0,1.0,0.0,0,0,500,0
36500,1,14,15,14,500,0.004,0.082,0.826,0.088,2,41,413,44
36500,1,18,19,18,500,0.3,0.024,0.486,0.19,150,12,243,95
36500,1,19,20,19,500,0.026,0.074,0.818,0.082,13,37,409,41
36500,2,3,5,6,500,0.052,0.084,0.454,0.41,26,42,227,205
36500,2,8,10,16,500,0.104,0.01,0.368,0.518,52,5,184,259
36500,2,10,12,20,500,0.0,0.002,0.998,0.0,0,1,499,0
36500,2,11,13,1,500,0.062,0.166,0.36,0.412,31,83,180,206
36500,2,12,14,3,500,0.002,0.004,0.994,0.0,1,2,497,0
36500,2,14,16,7,500,0.0,0.0,1.0,0.0,0,0,500,0
36500,2,15,17,9,500,0.086,0.004,0.884,0.026,43,2,442,13
36500,2,18,20,15,500,0.098,0.326,0.212,0.364,49,163,106,182
36500,3,0,3,0,500,0.002,0.002,0.996,0.0,1,1,498,0
36500,3,2,5,6,500,0.05,0.086,0.456,0.408,25,43,228,204
36500,3,4,7,12,500,0.09,0.038,0.852,0.02,45,19,426,10
36500,3,5,8,15,500,0.014,0.008,0.968,0.01,7,4,484,5
36500,3,6,9,18,500,0.102,0.042,0.808,0.048,51,21,404,24
36500,3,7,10,0,500,0.0,0.0,1.0,0.0,0,0,500,0
36500,3,8,11,3,500,0.022,0.016,0.954,0.008,11,8,477,4
36500,3,9,12,6,500,0.012,0.006,0.98,0.002,6,3,490,1
36500,3,10,13,9,500,0.0,0.0,1.0,0.0,0,0,500,0
36500,3,13,16,18,500,0.024,0.002,0.966,0.008,12,1,483,4
36500,3,14,17,0,500,0.002,0.0,0.998,0.0,1,0,499,0
36500,3,15,18,3,500,0.528,0.092,0.26,0.12,264,46,130,60
36500,3,16,19,6,500,0.0,0.002,0.998,0.0,0,1,499,0
36500,3,17,20,9,500,0.002,0.002,0.994,0.002,1,1,497,1
36500,4,0,4,0,500,0.0,0.0,1.0,0.0,0,0,500,0
36500,4,2,6,8,500,0.02,0.036,0.934,0.01,10,18,467,5
36500,4,5,9,20,500,0.0,0.002,0.998,0.0,0,1,499,0
36500,4,6,10,3,500,0.022,0.018,0.954,0.006,11,9,477,3
36500,4,7,11,7,500,0.0,0.0,1.0,0.0,0,0,500,0
36500,4,8,12,11,500,0.01,0.0,0.99,0.0,5,0,495,0
36500,4,9,13,15,500,0.034,0.33,0.372,0.264,17,165,186,132
36500,4,10,14,19,500,0.0,0.004,0.996,0.0,0,2,498,0
36500,4,11,15,2,500,0.002,0.0,0.994,0.004,1,0,497,2
36500,4,12,16,6,500,0.0,0.002,0.998,0.0,0,1,499,0
36500,4,13,17,10,500,0.002,0.006,0.988,0.004,1,3,494,2
36500,4,14,18,14,500,0.024,0.028,0.93,0.018,12,14,465,9
36500,4,16,20,1,500,0.0,0.002,0.998,0.0,0,1,499,0
36500,5,0,5,0,500,0.0,0.0,1.0,0.0,0,0,500,0
36500,5,2,7,10,500,0.0,0.0,1.0,0.0,0,0,500,0
36500,5,3,8,15,500,0.008,0.006,0.98,0.006,4,3,490,3
36500,5,4,9,20,500,0.004,0.004,0.992,0.0,2,2,496,0
36500,5,5,10,4,500,0.0,0.002,0.996,0.002,0,1,498,1
36500,5,7,12,14,500,0.026,0.066,0.89,0.018,13,33,445,9
36500,5,9,14,3,500,0.0,0.002,0.998,0.0,0,1,499,0
36500,5,10,15,8,500,0.002,0.004,0.992,0.002,1,2,496,1
36500,5,11,16,13,500,0.002,0.0,0.992,0.006,1,0,496,3
36500,5,12,17,18,500,0.028,0.012,0.952,0.008,14,6,476,4
36500,5,14,19,7,500,0.04,0.032,0.868,0.06,20,16,434,30
36500,5,15,20,12,500,0.004,0.012,0.984,0.0,2,6,492,0
36500,6,1,7,6,500,0.002,0.0,0.996,0.002,1,0,498,1
36500,6,2,8,12,500,0.046,0.008,0.942,0.004,23,4,471,2
36500,6,6,12,15,500,0.022,0.004,0.962,0.012,11,2,481,6
36500,6,8,14,6,500,0.01,0.0,0.99,0.0,5,0,495,0
36500,6,9,15,12,500,0.02,0.01,0.96,0.01,10,5,480,5
36500,6,12,18,9,500,0.076,0.06,0.828,0.036,38,30,414,18
36500,6,13,19,15,500,0.016,0.006,0.976,0.002,8,3,488,1
36500,7,0,7,0,500,0.004,0.374,0.228,0.394,2,187,114,197
36500,7,1,8,7,500,0.0,0.0,1.0,0.0,0,0,500,0
36500,7,3,10,0,500,0.0,0.0,1.0,0.0,0,0,500,0
36500,7,4,11,7,500,0.0,0.0,1.0,0.0,0,0,500,0
36500,7,7,14,7,500,0.018,0.07,0.806,0.106,9,35,403,53
36500,7,8,15,14,500,0.006,0.082,0.81,0.102,3,41,405,51
36500,7,9,16,0,500,0.0,0.0,1.0,0.0,0,0,500,0
36500,7,11,18,14,500,0.014,0.044,0.922,0.02,7,22,461,10
36500,7,13,20,7,500,0.0,0.0,1.0,0.0,0,0,500,0
36500,8,0,8,0,500,0.0,0.0,1.0,0.0,0,0,500,0
36500,8,1,9,8,500,0.014,0.002,0.984,0.0,7,1,492,0
36500,8,3,11,3,500,0.022,0.012,0.954,0.012,11,6,477,6
36500,8,5,13,19,500,0.0,0.002,0.998,0.0,0,1,499,0
36500,8,6,14,6,500,0.008,0.0,0.99,0.002,4,0,495,1
36500,8,7,15,14,500,0.012,0.03,0.872,0.086,6,15,436,43
36500,8,9,17,9,500,0.016,0.002,0.982,0.0,8,1,491,0
36500,8,11,19,4,500,0.0,0.002,0.998,0.0,0,1,499,0
36500,8,12,20,12,500,0.004,0.004,0.99,0.002,2,2,495,1
36500,9,4,13,15,500,0.018,0.454,0.326,0.202,9,227,163,101
36500,9,5,14,3,500,0.006,0.002,0.992,0.0,3,1,496,0
36500,9,6,15,12,500,0.016,0.016,0.946,0.022,8,8,473,11
36500,9,7,16,0,500,0.0,0.0,1.0,0.0,0,0,500,0
36500,9,8,17,9,500,0.01,0.01,0.98,0.0,5,5,490,0
36500,9,11,20,15,500,0.008,0.88,0.046,0.066,4,440,23,33
36500,10,0,10,0,500,0.0,0.0,1.0,0.0,0,0,500,0
36500,10,1,11,10,500,0.0,0.0,0.998,0.002,0,0,499,1
36500,10,2,12,20,500,0.006,0.002,0.99,0.002,3,1,495,1
36500,10,4,14,19,500,0.006,0.004,0.99,0.0,3,2,495,0
36500,10,5,15,8,500,0.004,0.002,0.994,0.0,2,1,497,0
36500,10,6,16,18,500,0.008,0.004,0.976,0.012,4,2,488,6
36500,10,7,17,7,500,0.0,0.0,1.0,0.0,0,0,500,0
36500,10,8,18,17,500,0.07,0.0,0.92,0.01,35,0,460,5
36500,10,9,19,6,500,0.0,0.002,0.998,0.0,0,1,499,0
36500,11,0,11,0,500,0.0,0.0,1.0,0.0,0,0,500,0
36500,11,1,12,11,500,0.0,0.0,1.0,0.0,0,0,500,0
36500,11,2,13,1,500,0.062,0.188,0.318,0.432,31,94,159,216
36500,11,6,17,3,500,0.004,0.0,0.996,0.0,2,0,498,0
36500,11,8,19,4,500,0.0,0.002,0.998,0.0,0,1,499,0
36500,11,9,20,15,500,0.016,0.798,0.106,0.08,8,399,53,40
36500,12,0,12,0,500,0.0,0.0,1.0,0.0,0,0,500,0
36500,12,1,13,12,500,0.002,0.006,0.992,0.0,1,3,496,0
36500,12,4,16,6,500,0.0,0.002,0.998,0.0,0,1,499,0
36500,12,5,17,18,500,0.056,0.01,0.93,0.004,28,5,465,2
36500,12,6,18,9,500,0.088,0.062,0.796,0.054,44,31,398,27
36500,12,8,20,12,500,0.002,0.006,0.992,0.0,1,3,496,0
36500,13,1,14,13,500,0.002,0.0,0.998,0.0,1,0,499,0
36500,13,3,16,18,500,0.024,0.006,0.958,0.012,12,3,479,6
36500,13,4,17,10,500,0.004,0.0,0.988,0.008,2,0,494,4
36500,13,5,18,2,500,0.002,0.004,0.994,0.0,1,2,497,0
36500,14,0,14,0,500,0.062,0.058,0.842,0.038,31,29,421,19
36500,14,1,15,14,500,0.002,0.032,0.724,0.242,1,16,362,121
36500,14,2,16,7,500,0.0,0.0,1.0,0.0,0,0,500,0
36500,14,3,17,0,500,0.004,0.002,0.994,0.0,2,1,497,0
36500,14,4,18,14,500,0.024,0.072,0.882,0.022,12,36,441,11
36500,14,5,19,7,500,0.026,0.04,0.87,0.064,13,20,435,32
36500,15,0,15,0,500,0.002,0.002,0.996,0.0,1,1,498,0
36500,15,2,17,9,500,0.134,0.01,0.836,0.02,67,5,418,10
36500,16,0,16,0,500,0.0,0.0,1.0,0.0,0,0,500,0
36500,16,2,18,11,500,0.0,0.0,1.0,0.0,0,0,500,0
36500,16,3,19,6,500,0.0,0.002,0.998,0.0,0,1,499,0
36500,17,0,17,0,500,0.0,0.0,1.0,0.0,0,0,500,0
36500,17,1,18,17,500,0.044,0.008,0.946,0.002,22,4,473,1
36500,17,2,19,13,500,0.0,0.0,1.0,0.0,0,0,500,0
36500,17,3,20,9,500,0.002,0.002,0.996,0.0,1,1,498,0
36500,18,0,18,0,500,0.0,0.0,1.0,0.0,0,0,500,0
36500,18,2,20,15,500,0.11,0.322,0.23,0.338,55,161,115,169
36500,19,0,19,0,500,0.0,0.0,1.0,0.0,0,0,500,0
36500,19,1,20,19,500,0.06,0.06,0.808,0.072,30,30,404,36
36500,20,0,20,0,500,0.0,0.0,1.0,0.0,0,0,500,0
37000,0,2,2,0,500,0.0,0.0,1.0,0.0,0,0,500,0
37000,0,5,5,0,500,0.0,0.0,1.0,0.0,0,0,500,0
37000,0,6,6,0,500,0.006,0.0,0.982,0.012,3,0,491,6
37000,0,7,7,0,500,0.002,0.356,0.264,0.378,1,178,132,189
37000,0,8,8,0,500,0.0,0.0,1.0,0.0,0,0,500,0
37000,0,10,10,0,500,0.0,0.0,1.0,0.0,0,0,500,0
37000,0,11,11,0,500,0.0,0.0,1.0,0.0,0,0,500,0
37000,0,14,14,0,500,0.044,0.058,0.876,0.022,22,29,438,11
37000,0,15,15,0,500,0.006,0.002,0.992,0.0,3,1,496,0
37000,0,16,16,0,500,0.0,0.0,1.0,0.0,0,0,500,0
37000,0,20,20,0,500,0.0,0.0,1.0,0.0,0,0,500,0
37000,1,0,1,0,500,0.0,0.0,1.0,0.0,0,0,500,0
37000,1,1,2,1,500,0.018,0.322,0.32,0.34,9,161,160,170
37000,1,3,4,3,500,0.122,0.294,0.284,0.3,61,147,142,150
37000,1,4,5,4,500,0.026,0.0,0.974,0.0,13,0,487,0
37000,1,5,6,5,500,0.026,0.042,0.366,0.566,13,21,183,283
37000,1,7,8,7,500,0.0,0.0,1.0,0.0,0,0,500,0
37000,1,8,9,8,500,0.012,0.0,0.988,0.0,6,0,494,0
37000,1,9,10,9,500,0.006,0.008,0.984,0.002,3,4,492,1
37000,1,11,12,11,500,0.002,0.0,0.998,0.0,1,0,499,0
37000,1,13,14,13,500,0.002,0.0,0.996,0.002,1,0,498,1
37000,1,14,15,14,500,0.002,0.016,0.858,0.124,1,8,429,62
37000,1,18,19,18,500,0.166,0.064,0.668,0.102,83,32,334,51
37000,1,19,20,19,500,0.038,0.032,0.91,0.02,19,16,455,10
37000,2,3,5,6,500,0.06,0.096,0.432,0.412,30,48,216,206
37000,2,8,10,16,500,0.17,0.02,0.426,0.384,85,10,213,192
37000,2,10,12,20,500,0.0,0.0,1.0,0.0,0,0,500,0
37000,2,11,13,1,500,0.204,0.12,0.25,0.426,102,60,125,213
37000,2,12,14,3,500,0.002,0.0,0.998,0.0,1,0,499,0
37000,2,14,16,7,500,0.0,0.0,1.0,0.0,0,0,500,0
37000,2,15,17,9,500,0.108,0.006,0.876,0.01,54,3,438,5
37000,2,18,20,15,500,0.166,0.162,0.256,0.416,83,81,128,208
37000,3,0,3,0,500,0.0,0.008,0.992,0.0,0,4,496,0
37000,3,2,5,6,500,0.048,0.052,0.458,0.442,24,26,229,221
37000,3,4,7,12,500,0.152,0.036,0.706,0.106,76,18,353,53
37000,3,5,8,15,500,0.018,0.006,0.964,0.012,9,3,482,6
37000,3,6,9,18,500,0.068,0.034,0.86,0.038,34,17,430,19
37000,3,7,10,0,500,0.0,0.0,1.0,0.0,0,0,500,0
37000,3,8,11,3,500,0.054,0.014,0.912,0.02,27,7,456,10
37000,3,9,12,6,500,0.002,0.01,0.988,0.0,1,5,494,0
37000,3,10,13,9,500,0.0,0.0,1.0,0.0,0,0,500,0
37000,3,13,16,18,500,0.014,0.004,0.978,0.004,7,2,489,2
37000,3,14,17,0,500,0.0,0.0,1.0,0.0,0,0,500,0
37000,3,15,18,3,500,0.57,0.05,0.302,0.078,285,25,151,39
37000,3,16,19,6,500,0.002,0.0,0.998,0.0,1,0,499,0
37000,3,17,20,9,500,0.0,0.01,0.99,0.0,0,5,495,0
37000,4,0,4,0,500,0.0,0.0,1.0,0.0,0,0,500,0
37000,4,2,6,8,500,0.024,0.064,0.904,0.008,12,32,452,4
37000,4,5,9,20,500,0.0,0.002,0.998,0.0,0,1,499,0
37000,4,6,10,3,500,0.05,0.016,0.918,0.016,25,8,459,8
37000,4,7,11,7,500,0.0,0.0,1.0,0.0,0,0,500,0
37000,4,8,12,11,500,0.012,0.004,0.982,0.002,6,2,491,1
37000,4,9,13,15,500,0.02,0.358,0.378,0.244,10,179,189,122
37000,4,10,14,19,500,0.012,0.002,0.986,0.0,6,1,493,0
37000,4,11,15,2,500,0.0,0.004,0.988,0.008,0,2,494,4
37000,4,12,16,6,500,0.0,0.0,0.998,0.002,0,0,499,1
37000,4,13,17,10,500,0.002,0.0,0.998,0.0,1,0,499,0
37000,4,14,18,14,500,0.026,0.078,0.878,0.018,13,39,439,9
37000,4,16,20,1,500,0.0,0.0,1.0,0.0,0,0,500,0
37000,5,0,5,0,500,0.0,0.0,1.0,0.0,0,0,500,0
37000,5,2,7,10,500,0.0,0.0,1.0,0.0,0,0,500,0
37000,5,3,8,15,500,0.024,0.006,0.96,0.01,12,3,480,5
37000,5,4,9,20,500,0.0,0.002,0.998,0.0,0,1,499,0
37000,5,5,10,4,500,0.012,0.026,0.96,0.002,6,13,480,1
37000,5,7,12,14,500,0.014,0.028,0.954,0.004,7,14,477,2
37000,5,9,14,3,500,0.006,0.002,0.992,0.0,3,1,496,0
37000,5,10,15,8,500,0.018,0.006,0.974,0.002,9,3,487,1
37000,5,11,16,13,500,0.0,0.0,1.0,0.0,0,0,500,0
37000,5,12,17,18,500,0.04,0.012,0.944,0.004,20,6,472,2
37000,5,14,19,7,500,0.088,0.022,0.84,0.05,44,11,420,25
37000,5,15,20,12,500,0.006,0.006,0.988,0.0,3,3,494,0
37000,6,1,7,6,500,0.004,0.0,0.996,0.0,2,0,498,0
37000,6,2,8,12,500,0.056,0.0,0.94,0.004,28,0,470,2
37000,6,6,12,15,500,0.014,0.008,0.976,0.002,7,4,488,1
37000,6,8,14,6,500,0.002,0.002,0.994,0.002,1,1,497,1
37000,6,9,15,12,500,0.006,0.006,0.978,0.01,3,3,489,5
37000,6,12,18,9,500,0.066,0.09,0.796,0.048,33,45,398,24
37000,6,13,19,15,500,0.006,0.002,0.988,0.004,3,1,494,2
37000,7,0,7,0,500,0.006,0.33,0.282,0.382,3,165,141,191
37000,7,1,8,7,500,0.0,0.0,1.0,0.0,0,0,500,0
37000,7,3,10,0,500,0.0,0.0,1.0,0.0,0,0,500,0
37000,7,4,11,7,500,0.0,0.0,1.0,0.0,0,0,500,0
37000,7,7,14,7,500,0.018,0.076,0.812,0.094,9,38,406,47
37000,7,8,15,14,500,0.03,0.074,0.826,0.07,15,37,413,35
37000,7,9,16,0,500,0.0,0.0,1.0,0.0,0,0,500,0
37000,7,11,18,14,500,0.012,0.022,0.96,0.006,6,11,480,3
37000,7,13,20,7,500,0.0,0.002,0.998,0.0,0,1,499,0
37000,8,0,8,0,500,0.0,0.0,1.0,0.0,0,0,500,0
37000,8,1,9,8,500,0.016,0.0,0.982,0.002,8,0,491,1
37000,8,3,11,3,500,0.044,0.006,0.934,0.016,22,3,467,8
37000,8,5,13,19,500,0.0,0.002,0.998,0.0,0,1,499,0
37000,8,6,14,6,500,0.014,0.0,0.982,0.004,7,0,491,2
37000,8,7,15,14,500,0.006,0.012,0.912,0.07,3,6,456,35
37000,8,9,17,9,500,0.002,0.006,0.992,0.0,1,3,496,0
37000,8,11,19,4,500,0.0,0.0,1.0,0.0,0,0,500,0
37000,8,12,20,12,500,0.006,0.004,0.99,0.0,3,2,495,0
37000,9,4,13,15,500,0.012,0.386,0.362,0.24,6,193,181,120
37000,9,5,14,3,500,0.0,0.008,0.992,0.0,0,4,496,0
37000,9,6,15,12,500,0.01,0.008,0.97,0.012,5,4,485,6
37000,9,7,16,0,500,0.0,0.0,1.0,0.0,0,0,500,0
37000,9,8,17,9,500,0.006,0.014,0.98,0.0,3,7,490,0
37000,9,11,20,15,500,0.022,0.716,0.132,0.13,11,358,66,65
37000,10,0,10,0,500,0.0,0.0,1.0,0.0,0,0,500,0
37000,10,1,11,10,500,0.0,0.0,1.0,0.0,0,0,500,0
37000,10,2,12,20,500,0.004,0.0,0.996,0.0,2,0,498,0
37000,10,4,14,19,500,0.012,0.0,0.988,0.0,6,0,494,0
37000,10,5,15,8,500,0.012,0.006,0.968,0.014,6,3,484,7
37000,10,6,16,18,500,0.016,0.002,0.974,0.008,8,1,487,4
37000,10,7,17,7,500,0.0,0.0,1.0,0.0,0,0,500,0
37000,10,8,18,17,500,0.034,0.006,0.95,0.01,17,3,475,5
37000,10,9,19,6,500,0.0,0.0,1.0,0.0,0,0,500,0
37000,11,0,11,0,500,0.0,0.0,1.0,0.0,0,0,500,0
37000,11,1,12,11,500,0.004,0.004,0.992,0.0,2,2,496,0
37000,11,2,13,1,500,0.14,0.108,0.266,0.486,70,54,133,243
37000,11,6,17,3,500,0.022,0.006,0.972,0.0,11,3,486,0
37000,11,8,19,4,500,0.0,0.0,0.998,0.002,0,0,499,1
37000,11,9,20,15,500,0.032,0.762,0.14,0.066,16,381,70,33
37000,12,0,12,0,500,0.0,0.002,0.998,0.0,0,1,499,0
37000,12,1,13,12,500,0.002,0.002,0.996,0.0,1,1,498,0
37000,12,4,16,6,500,0.0,0.002,0.998,0.0,0,1,499,0
37000,12,5,17,18,500,0.034,0.022,0.94,0.004,17,11,470,2
37000,12,6,18,9,500,0.076,0.034,0.842,0.048,38,17,421,24
37000,12,8,20,12,500,0.0,0.006,0.994,0.0,0,3,497,0
37000,13,1,14,13,500,0.004,0.0,0.994,0.002,2,0,497,1
37000,13,3,16,18,500,0.012,0.004,0.982,0.002,6,2,491,1
37000,13,4,17,10,500,0.012,0.0,0.986,0.002,6,0,493,1
37000,13,5,18,2,500,0.004,0.0,0.996,0.0,2,0,498,0
37000,14,0,14,0,500,0.042,0.054,0.872,0.032,21,27,436,16
37000,14,1,15,14,500,0.006,0.056,0.772,0.166,3,28,386,83
37000,14,2,16,7,500,0.0,0.0,1.0,0.0,0,0,500,0
37000,14,3,17,0,500,0.0,0.002,0.998,0.0,0,1,499,0
37000,14,4,18,14,500,0.014,0.07,0.894,0.022,7,35,447,11
37000,14,5,19,7,500,0.068,0.01,0.872,0.05,34,5,436,25
37000,15,0,15,0,500,0.002,0.0,0.998,0.0,1,0,499,0
37000,15,2,17,9,500,0.12,0.006,0.838,0.036,60,3,419,18
37000,16,0,16,0,500,0.0,0.0,1.0,0.0,0,0,500,0
37000,16,2,18,11,500,0.0,0.0,1.0,0.0,0,0,500,0
37000,16,3,19,6,500,0.0,0.0,1.0,0.0,0,0,500,0
37000,17,0,17,0,500,0.0,0.0,1.0,0.0,0,0,500,0
37000,17,1,18,17,500,0.032,0.004,0.952,0.012,16,2,476,6
37000,17,2,19,13,500,0.0,0.0,1.0,0.0,0,0,500,0
37000,17,3,20,9,500,0.004,0.006,0.99,0.0,2,3,495,0
37000,18,0,18,0,500,0.004,0.0,0.996,0.0,2,0,498,0
37000,18,2,20,15,500,0.29,0.108,0.252,0.35,145,54,126,175
37000,19,0,19,0,500,0.0,0.0,1.0,0.0,0,0,500,0
37000,19,1,20,19,500,0.036,0.038,0.898,0.028,18,19,449,14
37000,20,0,20,0,500,0.0,0.0,1.0,0.0,0,0,500,0
37500,0,2,2,0,500,0.0,0.0,1.0,0.0,0,0,500,0
37500,0,5,5,0,500,0.0,0.0,1.0,0.0,0,0,500,0
37500,0,6,6,0,500,0.002,0.0,0.992,0.006,1,0,496,3
37500,0,7,7,0,500,0.004,0.336,0.33,0.33,2,168,165,165
37500,0,8,8,0,500,0.0,0.002,0.998,0.0,0,1,499,0
37500,0,10,10,0,500,0.0,0.0,1.0,0.0,0,0,500,0
37500,0,11,11,0,500,0.0,0.0,1.0,0.0,0,0,500,0
37500,0,14,14,0,500,0.066,0.052,0.826,0.056,33,26,413,28
37500,0,15,15,0,500,0.004,0.0,0.996,0.0,2,0,498,0
37500,0,16,16,0,500,0.0,0.0,1.0,0.0,0,0,500,0
37500,0,20,20,0,500,0.0,0.0,1.0,0.0,0,0,500,0
37500,1,0,1,0,500,0.0,0.0,1.0,0.0,0,0,500,0
37500,1,1,2,1,500,0.018,0.21,0.344,0.428,9,105,172,214
37500,1,3,4,3,500,0.052,0.346,0.296,0.306,26,173,148,153
37500,1,4,5,4,500,0.012,0.0,0.988,0.0,6,0,494,0
37500,1,5,6,5,500,0.022,0.084,0.416,0.478,11,42,208,239
37500,1,7,8,7,500,0.0,0.0,1.0,0.0,0,0,500,0
37500,1,8,9,8,500,0.01,0.0,0.99,0.0,5,0,495,0
37500,1,9,10,9,500,0.004,0.004,0.992,0.0,2,2,496,0
37500,1,11,12,11,500,0.002,0.0,0.998,0.0,1,0,499,0
37500,1,13,14,13,500,0.004,0.0,0.996,0.0,2,0,498,0
37500,1,14,15,14,500,0.006,0.036,0.754,0.204,3,18,377,102
37500,1,18,19,18,500,0.192,0.048,0.684,0.076,96,24,342,38
37500,1,19,20,19,500,0.082,0.062,0.812,0.044,41,31,406,22
37500,2,3,5,6,500,0.052,0.108,0.48,0.36,26,54,240,180
37500,2,8,10,16,500,0.086,0.02,0.394,0.5,43,10,197,250
37500,2,10,12,20,500,0.002,0.0,0.998,0.0,1,0,499,0
37500,2,11,13,1,500,0.142,0.154,0.24,0.464,71,77,120,232
37500,2,12,14,3,500,0.002,0.002,0.996,0.0,1,1,498,0
37500,2,14,16,7,500,0.0,0.0,1.0,0.0,0,0,500,0
37500,2,15,17,9,500,0.144,0.02,0.81,0.026,72,10,405,13
37500,2,18,20,15,500,0.144,0.214,0.288,0.354,72,107,144,177
37500,3,0,3,0,500,0.002,0.004,0.992,0.002,1,2,496,1
37500,3,2,5,6,500,0.06,0.078,0.48,0.382,30,39,240,191
37500,3,4,7,12,500,0.142,0.01,0.816,0.032,71,5,408,16
37500,3,5,8,15,500,0.004,0.012,0.978,0.006,2,6,489,3
37500,3,6,9,18,500,0.084,0.06,0.81,0.046,42,30,405,23
37500,3,7,10,0,500,0.0,0.0,1.0,0.0,0,0,500,0
37500,3,8,11,3,500,0.028,0.01,0.936,0.026,14,5,468,13
37500,3,9,12,6,500,0.006,0.004,0.988,0.002,3,2,494,1
37500,3,10,13,9,500,0.002,0.002,0.996,0.0,1,1,498,0
37500,3,13,16,18,500,0.02,0.002,0.962,0.016,10,1,481,8
37500,3,14,17,0,500,0.0,0.0,1.0,0.0,0,0,500,0
37500,3,15,18,3,500,0.544,0.074,0.26,0.122,272,37,130,61
37500,3,16,19,6,500,0.0,0.0,1.0,0.0,0,0,500,0
37500,3,17,20,9,500,0.008,0.004,0.988,0.0,4,2,494,0
37500,4,0,4,0,500,0.0,0.0,1.0,0.0,0,0,500,0
37500,4,2,6,8,500,0.01,0.054,0.928,0.008,5,27,464,4
37500,4,5,9,20,500,0.0,0.006,0.994,0.0,0,3,497,0
37500,4,6,10,3,500,0.024,0.004,0.964,0.008,12,2,482,4
37500,4,7,11,7,500,0.0,0.0,1.0,0.0,0,0,500,0
37500,4,8,12,11,500,0.016,0.004,0.976,0.004,8,2,488,2
37500,4,9,13,15,500,0.042,0.344,0.364,0.25,21,172,182,125
37500,4,10,14,19,500,0.026,0.0,0.974,0.0,13,0,487,0
37500,4,11,15,2,500,0.002,0.006,0.982,0.01,1,3,491,5
37500,4,12,16,6,500,0.0,0.0,1.0,0.0,0,0,500,0
37500,4,13,17,10,500,0.004,0.008,0.986,0.002,2,4,493,1
37500,4,14,18,14,500,0.016,0.032,0.94,0.012,8,16,470,6
37500,4,16,20,1,500,0.0,0.002,0.998,0.0,0,1,499,0
37500,5,0,5,0,500,0.0,0.0,1.0,0.0,0,0,500,0
37500,5,2,7,10,500,0.0,0.0,1.0,0.0,0,0,500,0
37500,5,3,8,15,500,0.01,0.006,0.978,0.006,5,3,489,3
37500,5,4,9,20,500,0.004,0.0,0.996,0.0,2,0,498,0
37500,5,5,10,4,500,0.014,0.016,0.966,0.004,7,8,483,2
37500,5,7,12,14,500,0.014,0.082,0.878,0.026,7,41,439,13
37500,5,9,14,3,500,0.002,0.002,0.996,0.0,1,1,498,0
37500,5,10,15,8,500,0.002,0.004,0.994,0.0,1,2,497,0
37500,5,11,16,13,500,0.004,0.002,0.994,0.0,2,1,497,0
37500,5,12,17,18,500,0.046,0.012,0.93,0.012,23,6,465,6
37500,5,14,19,7,500,0.008,0.062,0.912,0.018,4,31,456,9
37500,5,15,20,12,500,0.008,0.004,0.986,0.002,4,2,493,1
37500,6,1,7,6,500,0.002,0.0,0.996,0.002,1,0,498,1
37500,6,2,8,12,500,0.038,0.0,0.952,0.01,19,0,476,5
37500,6,6,12,15,500,0.006,0.0,0.988,0.006,3,0,494,3
37500,6,8,14,6,500,0.01,0.002,0.978,0.01,5,1,489,5
37500,6,9,15,12,500,0.008,0.008,0.976,0.008,4,4,488,4
37500,6,12,18,9,500,0.098,0.096,0.738,0.068,49,48,369,34
37500,6,13,19,15,500,0.006,0.0,0.994,0.0,3,0,497,0
37500,7,0,7,0,500,0.002,0.346,0.3,0.352,1,173,150,176
37500,7,1,8,7,500,0.0,0.0,1.0,0.0,0,0,500,0
37500,7,3,10,0,500,0.0,0.0,1.0,0.0,0,0,500,0
37500,7,4,11,7,500,0.0,0.0,1.0,0.0,0,0,500,0
37500,7,7,14,7,500,0.032,0.068,0.798,0.102,16,34,399,51
37500,7,8,15,14,500,0.008,0.076,0.818,0.098,4,38,409,49
37500,7,9,16,0,500,0.0,0.0,1.0,0.0,0,0,500,0
37500,7,11,18,14,500,0.002,0.014,0.982,0.002,1,7,491,1
37500,7,13,20,7,500,0.0,0.0,0.998,0.002,0,0,499,1
37500,8,0,8,0,500,0.0,0.0,1.0,0.0,0,0,500,0
37500,8,1,9,8,500,0.014,0.002,0.984,0.0,7,1,492,0
37500,8,3,11,3,500,0.016,0.016,0.938,0.03,8,8,469,15
37500,8,5,13,19,500,0.0,0.0,1.0,0.0,0,0,500,0
37500,8,6,14,6,500,0.014,0.0,0.984,0.002,7,0,492,1
37500,8,7,15,14,500,0.01,0.034,0.872,0.084,5,17,436,42
37500,8,9,17,9,500,0.002,0.004,0.994,0.0,1,2,497,0
37500,8,11,19,4,500,0.0,0.0,1.0,0.0,0,0,500,0
37500,8,12,20,12,500,0.0,0.002,0.998,0.0,0,1,499,0
37500,9,4,13,15,500,0.026,0.298,0.364,0.312,13,149,182,156
37500,9,5,14,3,500,0.002,0.008,0.99,0.0,1,4,495,0
37500,9,6,15,12,500,0.014,0.002,0.972,0.012,7,1,486,6
37500,9,7,16,0,500,0.0,0.0,1.0,0.0,0,0,500,0
37500,9,8,17,9,500,0.006,0.002,0.992,0.0,3,1,496,0
37500,9,11,20,15,500,0.026,0.84,0.074,0.06,13,420,37,30
37500,10,0,10,0,500,0.0,0.0,1.0,0.0,0,0,500,0
37500,10,1,11,10,500,0.0,0.0,0.998,0.002,0,0,499,1
37500,10,2,12,20,500,0.01,0.0,0.99,0.0,5,0,495,0
37500,10,4,14,19,500,0.02,0.0,0.98,0.0,10,0,490,0
37500,10,5,15,8,500,0.0,0.004,0.994,0.002,0,2,497,1
37500,10,6,16,18,500,0.012,0.0,0.988,0.0,6,0,494,0
37500,10,7,17,7,500,0.0,0.0,1.0,0.0,0,0,500,0
37500,10,8,18,17,500,0.088,0.002,0.884,0.026,44,1,442,13
37500,10,9,19,6,500,0.0,0.0,1.0,0.0,0,0,500,0
37500,11,0,11,0,500,0.0,0.0,1.0,0.0,0,0,500,0
37500,11,1,12,11,500,0.004,0.004,0.992,0.0,2,2,496,0
37500,11,2,13,1,500,0.122,0.132,0.24,0.506,61,66,120,253
37500,11,6,17,3,500,0.004,0.002,0.994,0.0,2,1,497,0
37500,11,8,19,4,500,0.0,0.0,1.0,0.0,0,0,500,0
37500,11,9,20,15,500,0.028,0.722,0.138,0.112,14,361,69,56
37500,12,0,12,0,500,0.0,0.0,1.0,0.0,0,0,500,0
37500,12,1,13,12,500,0.0,0.002,0.996,0.002,0,1,498,1
37500,12,4,16,6,500,0.0,0.006,0.994,0.0,0,3,497,0
37500,12,5,17,18,500,0.056,0.014,0.916,0.014,28,7,458,7
37500,12,6,18,9,500,0.1,0.074,0.76,0.066,50,37,380,33
37500,12,8,20,12,500,0.002,0.0,0.998,0.0,1,0,499,0
37500,13,1,14,13,500,0.0,0.0,1.0,0.0,0,0,500,0
37500,13,3,16,18,500,0.01,0.002,0.98,0.008,5,1,490,4
37500,13,4,17,10,500,0.004,0.0,0.996,0.0,2,0,498,0
37500,13,5,18,2,500,0.002,0.0,0.998,0.0,1,0,499,0
37500,14,0,14,0,500,0.048,0.046,0.87,0.036,24,23,435,18
37500,14,1,15,14,500,0.012,0.052,0.748,0.188,6,26,374,94
37500,14,2,16,7,500,0.0,0.0,1.0,0.0,0,0,500,0
37500,14,3,17,0,500,0.0,0.002,0.998,0.0,0,1,499,0
37500,14,4,18,14,500,0.042,0.108,0.802,0.048,21,54,401,24
37500,14,5,19,7,500,0.018,0.124,0.828,0.03,9,62,414,15
37500,15,0,15,0,500,0.0,0.0,1.0,0.0,0,0,500,0
37500,15,2,17,9,500,0.138,0.014,0.83,0.018,69,7,415,9
37500,16,0,16,0,500,0.0,0.0,1.0,0.0,0,0,500,0
37500,16,2,18,11,500,0.0,0.002,0.998,0.0,0,1,499,0
37500,16,3,19,6,500,0.0,0.0,1.0,0.0,0,0,500,0
37500,17,0,17,0,500,0.0,0.0,1.0,0.0,0,0,500,0
37500,17,1,18,17,500,0.044,0.002,0.944,0.01,22,1,472,5
37500,17,2,19,13,500,0.0,0.0,1.0,0.0,0,0,500,0
37500,17,3,20,9,500,0.008,0.002,0.988,0.002,4,1,494,1
37500,18,0,18,0,500,0.004,0.0,0.996,0.0,2,0,498,0
37500,18,2,20,15,500,0.31,0.116,0.236,0.338,155,58,118,169
37500,19,0,19,0,500,0.0,0.0,1.0,0.0,0,0,500,0
37500,19,1,20,19,500,0.066,0.064,0.826,0.044,33,32,413,22
37500,20,0,20,0,500,0.0,0.0,1.0,0.0,0,0,500,0
38000,0,2,2,0,500,0.0,0.0,1.0,0.0,0,0,500,0
38000,0,5,5,0,500,0.0,0.0,1.0,0.0,0,0,500,0
38000,0,6,6,0,500,0.008,0.002,0.98,0.01,4,1,490,5
38000,0,7,7,0,500,0.016,0.33,0.252,0.402,8,165,126,201
38000,0,8,8,0,500,0.002,0.0,0.998,0.0,1,0,499,0
38000,0,10,10,0,500,0.0,0.0,1.0,0.0,0,0,500,0
38000,0,11,11,0,500,0.0,0.0,1.0,0.0,0,0,500,0
38000,0,14,14,0,500,0.056,0.056,0.828,0.06,28,28,414,30
38000,0,15,15,0,500,0.0,0.002,0.998,0.0,0,1,499,0
38000,0,16,16,0,500,0.0,0.0,1.0,0.0,0,0,500,0
38000,0,20,20,0,500,0.0,0.0,1.0,0.0,0,0,500,0
38000,1,0,1,0,500,0.0,0.0,1.0,0.0,0,0,500,0
38000,1,1,2,1,500,0.022,0.214,0.398,0.366,11,107,199,183
38000,1,3,4,3,500,0.102,0.31,0.302,0.286,51,155,151,143
38000,1,4,5,4,500,0.032,0.0,0.966,0.002,16,0,483,1
38000,1,5,6,5,500,0.006,0.084,0.518,0.392,3,42,259,196
38000,1,7,8,7,500,0.0,0.0,1.0,0.0,0,0,500,0
38000,1,8,9,8,500,0.052,0.002,0.944,0.002,26,1,472,1
38000,1,9,10,9,500,0.008,0.006,0.986,0.0,4,3,493,0
38000,1,11,12,11,500,0.0,0.004,0.996,0.0,0,2,498,0
38000,1,13,14,13,500,0.002,0.002,0.994,0.002,1,1,497,1
38000,1,14,15,14,500,0.004,0.056,0.744,0.196,2,28,372,98
38000,1,18,19,18,500,0.296,0.038,0.548,0.118,148,19,274,59
38000,1,19,20,19,500,0.05,0.054,0.85,0.046,25,27,425,23
38000,2,3,5,6,500,0.074,0.06,0.568,0.298,37,30,284,149
38000,2,8,10,16,500,0.11,0.018,0.402,0.47,55,9,201,235
38000,2,10,12,20,500,0.0,0.0,1.0,0.0,0,0,500,0
38000,2,11,13,1,500,0.148,0.138,0.27,0.444,74,69,135,222
38000,2,12,14,3,500,0.008,0.002,0.99,0.0,4,1,495,0
38000,2,14,16,7,500,0.0,0.0,1.0,0.0,0,0,500,0
38000,2,15,17,9,500,0.156,0.02,0.786,0.038,78,10,393,19
38000,2,18,20,15,500,0.202,0.238,0.248,0.312,101,119,124,156
38000,3,0,3,0,500,0.0,0.004,0.996,0.0,0,2,498,0
38000,3,2,5,6,500,0.08,0.04,0.58,0.3,40,20,290,150
38000,3,4,7,12,500,0.086,0.052,0.794,0.068,43,26,397,34
38000,3,5,8,15,500,0.044,0.006,0.92,0.03,22,3,460,15
38000,3,6,9,18,500,0.06,0.03,0.856,0.054,30,15,428,27
38000,3,7,10,0,500,0.0,0.0,1.0,0.0,0,0,500,0
38000,3,8,11,3,500,0.01,0.078,0.912,0.0,5,39,456,0
38000,3,9,12,6,500,0.018,0.006,0.974,0.002,9,3,487,1
38000,3,10,13,9,500,0.0,0.002,0.998,0.0,0,1,499,0
38000,3,13,16,18,500,0.008,0.004,0.984,0.004,4,2,492,2
38000,3,14,17,0,500,0.0,0.0,1.0,0.0,0,0,500,0
38000,3,15,18,3,500,0.494,0.082,0.302,0.122,247,41,151,61
38000,3,16,19,6,500,0.0,0.002,0.998,0.0,0,1,499,0
38000,3,17,20,9,500,0.002,0.012,0.986,0.0,1,6,493,0
38000,4,0,4,0,500,0.0,0.0,1.0,0.0,0,0,500,0
38000,4,2,6,8,500,0.078,0.014,0.878,0.03,39,7,439,15
38000,4,5,9,20,500,0.002,0.006,0.992,0.0,1,3,496,0
38000,4,6,10,3,500,0.05,0.024,0.908,0.018,25,12,454,9
38000,4,7,11,7,500,0.0,0.0,1.0,0.0,0,0,500,0
38000,4,8,12,11,500,0.01,0.002,0.988,0.0,5,1,494,0
38000,4,9,13,15,500,0.022,0.364,0.368,0.246,11,182,184,123
38000,4,10,14,19,500,0.024,0.008,0.966,0.002,12,4,483,1
38000,4,11,15,2,500,0.002,0.002,0.992,0.004,1,1,496,2
38000,4,12,16,6,500,0.002,0.0,0.998,0.0,1,0,499,0
38000,4,13,17,10,500,0.01,0.0,0.99,0.0,5,0,495,0
38000,4,14,18,14,500,0.056,0.052,0.882,0.01,28,26,441,5
38000,4,16,20,1,500,0.0,0.0,1.0,0.0,0,0,500,0
38000,5,0,5,0,500,0.0,0.0,1.0,0.0,0,0,500,0
38000,5,2,7,10,500,0.0,0.0,1.0,0.0,0,0,500,0
38000,5,3,8,15,500,0.048,0.012,0.9,0.04,24,6,450,20
38000,5,4,9,20,500,0.002,0.004,0.994,0.0,1,2,497,0
38000,5,5,10,4,500,0.016,0.006,0.978,0.0,8,3,489,0
38000,5,7,12,14,500,0.046,0.052,0.852,0.05,23,26,426,25
38000,5,9,14,3,500,0.004,0.008,0.988,0.0,2,4,494,0
38000,5,10,15,8,500,0.03,0.002,0.954,0.014,15,1,477,7
38000,5,11,16,13,500,0.004,0.006,0.984,0.006,2,3,492,3
38000,5,12,17,18,500,0.046,0.014,0.918,0.022,23,7,459,11
38000,5,14,19,7,500,0.022,0.066,0.89,0.022,11,33,445,11
38000,5,15,20,12,500,0.02,0.016,0.964,0.0,10,8,482,0
38000,6,1,7,6,500,0.002,0.0,0.998,0.0,1,0,499,0
38000,6,2,8,12,500,0.102,0.004,0.886,0.008,51,2,443,4
38000,6,6,12,15,500,0.02,0.0,0.976,0.004,10,0,488,2
38000,6,8,14,6,500,0.014,0.004,0.97,0.012,7,2,485,6
38000,6,9,15,12,500,0.022,0.006,0.962,0.01,11,3,481,5
38000,6,12,18,9,500,0.078,0.034,0.826,0.062,39,17,413,31
38000,6,13,19,15,500,0.014,0.008,0.976,0.002,7,4,488,1
38000,7,0,7,0,500,0.006,0.374,0.25,0.37,3,187,125,185
38000,7,1,8,7,500,0.002,0.0,0.998,0.0,1,0,499,0
38000,7,3,10,0,500,0.0,0.0,1.0,0.0,0,0,500,0
38000,7,4,11,7,500,0.0,0.0,1.0,0.0,0,0,500,0
38000,7,7,14,7,500,0.01,0.092,0.816,0.082,5,46,408,41
38000,7,8,15,14,500,0.012,0.076,0.852,0.06,6,38,426,30
38000,7,9,16,0,500,0.0,0.002,0.998,0.0,0,1,499,0
38000,7,11,18,14,500,0.006,0.02,0.972,0.002,3,10,486,1
38000,7,13,20,7,500,0.0,0.0,1.0,0.0,0,0,500,0
38000,8,0,8,0,500,0.0,0.0,1.0,0.0,0,0,500,0
38000,8,1,9,8,500,0.036,0.0,0.958,0.006,18,0,479,3
38000,8,3,11,3,500,0.018,0.012,0.962,0.008,9,6,481,4
38000,8,5,13,19,500,0.0,0.0,1.0,0.0,0,0,500,0
38000,8,6,14,6,500,0.006,0.002,0.986,0.006,3,1,493,3
38000,8,7,15,14,500,0.014,0.022,0.912,0.052,7,11,456,26
38000,8,9,17,9,500,0.002,0.008,0.99,0.0,1,4,495,0
38000,8,11,19,4,500,0.0,0.0,0.998,0.002,0,0,499,1
38000,8,12,20,12,500,0.002,0.006,0.992,0.0,1,3,496,0
38000,9,4,13,15,500,0.018,0.48,0.356,0.146,9,240,178,73
38000,9,5,14,3,500,0.0,0.0,1.0,0.0,0,0,500,0
38000,9,6,15,12,500,0.02,0.002,0.962,0.016,10,1,481,8
38000,9,7,16,0,500,0.0,0.002,0.998,0.0,0,1,499,0
38000,9,8,17,9,500,0.012,0.018,0.97,0.0,6,9,485,0
38000,9,11,20,15,500,0.024,0.8,0.086,0.09,12,400,43,45
38000,10,0,10,0,500,0.0,0.0,1.0,0.0,0,0,500,0
38000,10,1,11,10,500,0.0,0.0,1.0,0.0,0,0,500,0
38000,10,2,12,20,500,0.002,0.0,0.998,0.0,1,0,499,0
38000,10,4,14,19,500,0.042,0.006,0.952,0.0,21,3,476,0
38000,10,5,15,8,500,0.018,0.002,0.958,0.022,9,1,479,11
38000,10,6,16,18,500,0.006,0.0,0.994,0.0,3,0,497,0
38000,10,7,17,7,500,0.0,0.0,1.0,0.0,0,0,500,0
38000,10,8,18,17,500,0.086,0.01,0.874,0.03,43,5,437,15
38000,10,9,19,6,500,0.0,0.002,0.998,0.0,0,1,499,0
38000,11,0,11,0,500,0.0,0.0,1.0,0.0,0,0,500,0
38000,11,1,12,11,500,0.0,0.0,1.0,0.0,0,0,500,0
38000,11,2,13,1,500,0.16,0.15,0.244,0.446,80,75,122,223
38000,11,6,17,3,500,0.008,0.002,0.98,0.01,4,1,490,5
38000,11,8,19,4,500,0.0,0.0,0.998,0.002,0,0,499,1
38000,11,9,20,15,500,0.05,0.628,0.19,0.132,25,314,95,66
38000,12,0,12,0,500,0.002,0.002,0.996,0.0,1,1,498,0
38000,12,1,13,12,500,0.002,0.002,0.996,0.0,1,1,498,0
38000,12,4,16,6,500,0.008,0.002,0.99,0.0,4,1,495,0
38000,12,5,17,18,500,0.042,0.016,0.926,0.016,21,8,463,8
38000,12,6,18,9,500,0.08,0.034,0.828,0.058,40,17,414,29
38000,12,8,20,12,500,0.002,0.002,0.996,0.0,1,1,498,0
38000,13,1,14,13,500,0.002,0.002,0.996,0.0,1,1,498,0
38000,13,3,16,18,500,0.026,0.002,0.968,0.004,13,1,484,2
38000,13,4,17,10,500,0.012,0.0,0.988,0.0,6,0,494,0
38000,13,5,18,2,500,0.0,0.0,1.0,0.0,0,0,500,0
38000,14,0,14,0,500,0.044,0.064,0.844,0.048,22,32,422,24
38000,14,1,15,14,500,0.01,0.058,0.716,0.216,5,29,358,108
38000,14,2,16,7,500,0.0,0.002,0.998,0.0,0,1,499,0
38000,14,3,17,0,500,0.002,0.0,0.998,0.0,1,0,499,0
38000,14,4,18,14,500,0.018,0.094,0.866,0.022,9,47,433,11
38000,14,5,19,7,500,0.022,0.036,0.926,0.016,11,18,463,8
38000,15,0,15,0,500,0.006,0.002,0.992,0.0,3,1,496,0
38000,15,2,17,9,500,0.134,0.008,0.812,0.046,67,4,406,23
38000,16,0,16,0,500,0.0,0.0,1.0,0.0,0,0,500,0
38000,16,2,18,11,500,0.0,0.0,1.0,0.0,0,0,500,0
38000,16,3,19,6,500,0.0,0.0,1.0,0.0,0,0,500,0
38000,17,0,17,0,500,0.0,0.0,1.0,0.0,0,0,500,0
38000,17,1,18,17,500,0.026,0.008,0.948,0.018,13,4,474,9
38000,17,2,19,13,500,0.0,0.0,1.0,0.0,0,0,500,0
38000,17,3,20,9,500,0.0,0.008,0.99,0.002,0,4,495,1
38000,18,0,18,0,500,0.0,0.002,0.998,0.0,0,1,499,0
38000,18,2,20,15,500,0.236,0.126,0.264,0.374,118,63,132,187
38000,19,0,19,0,500,0.0,0.0,1.0,0.0,0,0,500,0
38000,19,1,20,19,500,0.074,0.034,0.852,0.04,37,17,426,20
38000,20,0,20,0,500,0.0,0.0,1.0,0.0,0,0,500,0
38500,0,2,2,0,500,0.0,0.0,1.0,0.0,0,0,500,0
38500,0,5,5,0,500,0.0,0.0,1.0,0.0,0,0,500,0
38500,0,6,6,0,500,0.008,0.0,0.986,0.006,4,0,493,3
38500,0,7,7,0,500,0.0,0.326,0.268,0.406,0,163,134,203
38500,0,8,8,0,500,0.0,0.0,1.0,0.0,0,0,500,0
38500,0,10,10,0,500,0.0,0.0,1.0,0.0,0,0,500,0
38500,0,11,11,0,500,0.0,0.0,1.0,0.0,0,0,500,0
38500,0,14,14,0,500,0.046,0.06,0.854,0.04,23,30,427,20
38500,0,15,15,0,500,0.004,0.002,0.992,0.002,2,1,496,1
38500,0,16,16,0,500,0.0,0.0,1.0,0.0,0,0,500,0
38500,0,20,20,0,500,0.0,0.0,1.0,0.0,0,0,500,0
38500,1,0,1,0,500,0.0,0.0,1.0,0.0,0,0,500,0
38500,1,1,2,1,500,0.006,0.484,0.23,0.28,3,242,115,140
38500,1,3,4,3,500,0.082,0.226,0.34,0.352,41,113,170,176
38500,1,4,5,4,500,0.01,0.004,0.986,0.0,5,2,493,0
38500,1,5,6,5,500,0.02,0.028,0.472,0.48,10,14,236,240
38500,1,7,8,7,500,0.004,0.002,0.994,0.0,2,1,497,0
38500,1,8,9,8,500,0.03,0.002,0.966,0.002,15,1,483,1
38500,1,9,10,9,500,0.0,0.002,0.998,0.0,0,1,499,0
38500,1,11,12,11,500,0.004,0.0,0.996,0.0,2,0,498,0
38500,1,13,14,13,500,0.002,0.0,0.998,0.0,1,0,499,0
38500,1,14,15,14,500,0.002,0.056,0.752,0.19,1,28,376,95
38500,1,18,19,18,500,0.24,0.048,0.6,0.112,120,24,300,56
38500,1,19,20,19,500,0.114,0.014,0.86,0.012,57,7,430,6
38500,2,3,5,6,500,0.06,0.086,0.508,0.346,30,43,254,173
38500,2,8,10,16,500,0.132,0.022,0.356,0.49,66,11,178,245
38500,2,10,12,20,500,0.0,0.0,1.0,0.0,0,0,500,0
38500,2,11,13,1,500,0.1,0.134,0.29,0.476,50,67,145,238
38500,2,12,14,3,500,0.0,0.004,0.996,0.0,0,2,498,0
38500,2,14,16,7,500,0.0,0.0,1.0,0.0,0,0,500,0
38500,2,15,17,9,500,0.102,0.012,0.848,0.038,51,6,424,19
38500,2,18,20,15,500,0.546,0.058,0.18,0.216,273,29,90,108
38500,3,0,3,0,500,0.002,0.004,0.994,0.0,1,2,497,0
38500,3,2,5,6,500,0.06,0.058,0.544,0.338,30,29,272,169
38500,3,4,7,12,500,0.088,0.018,0.848,0.046,44,9,424,23
38500,3,5,8,15,500,0.022,0.006,0.956,0.016,11,3,478,8
38500,3,6,9,18,500,0.07,0.032,0.86,0.038,35,16,430,19
38500,3,7,10,0,500,0.0,0.0,1.0,0.0,0,0,500,0
38500,3,8,11,3,500,0.012,0.022,0.958,0.008,6,11,479,4
38500,3,9,12,6,500,0.008,0.002,0.982,0.008,4,1,491,4
38500,3,10,13,9,500,0.0,0.0,1.0,0.0,0,0,500,0
38500,3,13,16,18,500,0.024,0.004,0.958,0.014,12,2,479,7
38500,3,14,17,0,500,0.0,0.0,1.0,0.0,0,0,500,0
38500,3,15,18,3,500,0.548,0.05,0.294,0.108,274,25,147,54
38500,3,16,19,6,500,0.0,0.0,1.0,0.0,0,0,500,0
38500,3,17,20,9,500,0.004,0.008,0.988,0.0,2,4,494,0
38500,4,0,4,0,500,0.0,0.0,1.0,0.0,0,0,500,0
38500,4,2,6,8,500,0.03,0.014,0.944,0.012,15,7,472,6
38500,4,5,9,20,500,0.0,0.0,1.0,0.0,0,0,500,0
38500,4,6,10,3,500,0.022,0.018,0.954,0.006,11,9,477,3
38500,4,7,11,7,500,0.0,0.0,1.0,0.0,0,0,500,0
38500,4,8,12,11,500,0.012,0.004,0.984,0.0,6,2,492,0
38500,4,9,13,15,500,0.038,0.3,0.336,0.326,19,150,168,163
38500,4,10,14,19,500,0.004,0.002,0.994,0.0,2,1,497,0
38500,4,11,15,2,500,0.004,0.004,0.98,0.012,2,2,490,6
38500,4,12,16,6,500,0.002,0.0,0.998,0.0,1,0,499,0
38500,4,13,17,10,500,0.004,0.002,0.988,0.006,2,1,494,3
38500,4,14,18,14,500,0.046,0.03,0.916,0.008,23,15,458,4
38500,4,16,20,1,500,0.0,0.002,0.998,0.0,0,1,499,0
38500,5,0,5,0,500,0.0,0.0,1.0,0.0,0,0,500,0
38500,5,2,7,10,500,0.0,0.0,1.0,0.0,0,0,500,0
38500,5,3,8,15,500,0.018,0.014,0.95,0.018,9,7,475,9
38500,5,4,9,20,500,0.0,0.002,0.998,0.0,0,1,499,0
38500,5,5,10,4,500,0.002,0.012,0.984,0.002,1,6,492,1
38500,5,7,12,14,500,0.01,0.058,0.898,0.034,5,29,449,17
38500,5,9,14,3,500,0.008,0.002,0.99,0.0,4,1,495,0
38500,5,10,15,8,500,0.022,0.006,0.958,0.014,11,3,479,7
38500,5,11,16,13,500,0.002,0.0,0.996,0.002,1,0,498,1
38500,5,12,17,18,500,0.058,0.012,0.92,0.01,29,6,460,5
38500,5,14,19,7,500,0.032,0.01,0.854,0.104,16,5,427,52
38500,5,15,20,12,500,0.014,0.022,0.964,0.0,7,11,482,0
38500,6,1,7,6,500,0.004,0.0,0.996,0.0,2,0,498,0
38500,6,2,8,12,500,0.09,0.014,0.864,0.032,45,7,432,16
38500,6,6,12,15,500,0.024,0.002,0.972,0.002,12,1,486,1
38500,6,8,14,6,500,0.004,0.0,0.996,0.0,2,0,498,0
38500,6,9,15,12,500,0.006,0.006,0.972,0.016,3,3,486,8
38500,6,12,18,9,500,0.078,0.036,0.85,0.036,39,18,425,18
38500,6,13,19,15,500,0.008,0.0,0.992,0.0,4,0,496,0
38500,7,0,7,0,500,0.002,0.322,0.26,0.416,1,161,130,208
38500,7,1,8,7,500,0.002,0.0,0.998,0.0,1,0,499,0
38500,7,3,10,0,500,0.0,0.0,1.0,0.0,0,0,500,0
38500,7,4,11,7,500,0.0,0.0,1.0,0.0,0,0,500,0
38500,7,7,14,7,500,0.024,0.052,0.856,0.068,12,26,428,34
38500,7,8,15,14,500,0.036,0.076,0.754,0.134,18,38,377,67
38500,7,9,16,0,500,0.0,0.0,1.0,0.0,0,0,500,0
38500,7,11,18,14,500,0.038,0.018,0.94,0.004,19,9,470,2
38500,7,13,20,7,500,0.0,0.0,1.0,0.0,0,0,500,0
38500,8,0,8,0,500,0.0,0.0,1.0,0.0,0,0,500,0
38500,8,1,9,8,500,0.026,0.004,0.966,0.004,13,2,483,2
38500,8,3,11,3,500,0.02,0.004,0.96,0.016,10,2,480,8
38500,8,5,13,19,500,0.0,0.0,1.0,0.0,0,0,500,0
38500,8,6,14,6,500,0.008,0.0,0.99,0.002,4,0,495,1
38500,8,7,15,14,500,0.008,0.028,0.904,0.06,4,14,452,30
38500,8,9,17,9,500,0.002,0.006,0.992,0.0,1,3,496,0
38500,8,11,19,4,500,0.0,0.0,1.0,0.0,0,0,500,0
38500,8,12,20,12,500,0.0,0.012,0.986,0.002,0,6,493,1
38500,9,4,13,15,500,0.018,0.428,0.334,0.22,9,214,167,110
38500,9,5,14,3,500,0.002,0.0,0.998,0.0,1,0,499,0
38500,9,6,15,12,500,0.016,0.02,0.936,0.028,8,10,468,14
38500,9,7,16,0,500,0.0,0.0,1.0,0.0,0,0,500,0
38500,9,8,17,9,500,0.0,0.01,0.99,0.0,0,5,495,0
38500,9,11,20,15,500,0.034,0.726,0.134,0.106,17,363,67,53
38500,10,0,10,0,500,0.0,0.0,1.0,0.0,0,0,500,0
38500,10,1,11,10,500,0.0,0.0,1.0,0.0,0,0,500,0
38500,10,2,12,20,500,0.004,0.0,0.996,0.0,2,0,498,0
38500,10,4,14,19,500,0.008,0.004,0.986,0.002,4,2,493,1
38500,10,5,15,8,500,0.014,0.006,0.974,0.006,7,3,487,3
38500,10,6,16,18,500,0.01,0.0,0.986,0.004,5,0,493,2
38500,10,7,17,7,500,0.0,0.0,1.0,0.0,0,0,500,0
38500,10,8,18,17,500,0.114,0.004,0.87,0.012,57,2,435,6
38500,10,9,19,6,500,0.0,0.0,1.0,0.0,0,0,500,0
38500,11,0,11,0,500,0.0,0.0,1.0,0.0,0,0,500,0
38500,11,1,12,11,500,0.002,0.0,0.998,0.0,1,0,499,0
38500,11,2,13,1,500,0.084,0.142,0.288,0.486,42,71,144,243
38500,11,6,17,3,500,0.014,0.006,0.98,0.0,7,3,490,0
38500,11,8,19,4,500,0.002,0.0,0.996,0.002,1,0,498,1
38500,11,9,20,15,500,0.038,0.594,0.222,0.146,19,297,111,73
38500,12,0,12,0,500,0.0,0.004,0.996,0.0,0,2,498,0
38500,12,1,13,12,500,0.008,0.004,0.986,0.002,4,2,493,1
38500,12,4,16,6,500,0.0,0.0,1.0,0.0,0,0,500,0
38500,12,5,17,18,500,0.048,0.01,0.932,0.01,24,5,466,5
38500,12,6,18,9,500,0.08,0.02,0.866,0.034,40,10,433,17
38500,12,8,20,12,500,0.0,0.002,0.998,0.0,0,1,499,0
38500,13,1,14,13,500,0.002,0.0,0.996,0.002,1,0,498,1
38500,13,3,16,18,500,0.024,0.01,0.95,0.016,12,5,475,8
38500,13,4,17,10,500,0.004,0.0,0.994,0.002,2,0,497,1
38500,13,5,18,2,500,0.002,0.002,0.994,0.002,1,1,497,1
38500,14,0,14,0,500,0.04,0.064,0.872,0.024,20,32,436,12
38500,14,1,15,14,500,0.008,0.042,0.678,0.272,4,21,339,136
38500,14,2,16,7,500,0.0,0.0,1.0,0.0,0,0,500,0
38500,14,3,17,0,500,0.0,0.002,0.998,0.0,0,1,499,0
38500,14,4,18,14,500,0.02,0.052,0.888,0.04,10,26,444,20
38500,14,5,19,7,500,0.064,0.022,0.812,0.102,32,11,406,51
38500,15,0,15,0,500,0.004,0.002,0.992,0.002,2,1,496,1
38500,15,2,17,9,500,0.112,0.008,0.844,0.036,56,4,422,18
38500,16,0,16,0,500,0.0,0.0,1.0,0.0,0,0,500,0
38500,16,2,18,11,500,0.0,0.0,0.998,0.002,0,0,499,1
38500,16,3,19,6,500,0.0,0.002,0.998,0.0,0,1,499,0
38500,17,0,17,0,500,0.0,0.0,1.0,0.0,0,0,500,0
38500,17,1,18,17,500,0.038,0.0,0.952,0.01,19,0,476,5
38500,17,2,19,13,500,0.0,0.0,1.0,0.0,0,0,500,0
38500,17,3,20,9,500,0.0,0.01,0.99,0.0,0,5,495,0
38500,18,0,18,0,500,0.0,0.0,1.0,0.0,0,0,500,0
38500,18,2,20,15,500,0.39,0.05,0.244,0.316,195,25,122,158
38500,19,0,19,0,500,0.0,0.0,1.0,0.0,0,0,500,0
38500,19,1,20,19,500,0.13,0.014,0.826,0.03,65,7,413,15
38500,20,0,20,0,500,0.0,0.0,1.0,0.0,0,0,500,0
39000,0,2,2,0,500,0.0,0.0,1.0,0.0,0,0,500,0
39000,0,5,5,0,500,0.0,0.0,1.0,0.0,0,0,500,0
39000,0,6,6,0,500,0.002,0.0,0.99,0.008,1,0,495,4
39000,0,7,7,0,500,0.006,0.332,0.336,0.326,3,166,168,163
39000,0,8,8,0,500,0.0,0.0,1.0,0.0,0,0,500,0
39000,0,10,10,0,500,0.0,0.0,1.0,0.0,0,0,500,0
39000,0,11,11,0,500,0.0,0.0,1.0,0.0,0,0,500,0
39000,0,14,14,0,500,0.024,0.068,0.876,0.032,12,34,438,16
39000,0,15,15,0,500,0.0,0.0,1.0,0.0,0,0,500,0
39000,0,16,16,0,500,0.0,0.0,1.0,0.0,0,0,500,0
39000,0,20,20,0,500,0.0,0.0,1.0,0.0,0,0,500,0
39000,1,0,1,0,500,0.0,0.0,1.0,0.0,0,0,500,0
39000,1,1,2,1,500,0.02,0.378,0.23,0.372,10,189,115,186
39000,1,3,4,3,500,0.144,0.164,0.348,0.344,72,82,174,172
39000,1,4,5,4,500,0.008,0.0,0.992,0.0,4,0,496,0
39000,1,5,6,5,500,0.016,0.026,0.5,0.458,8,13,250,229
39000,1,7,8,7,500,0.0,0.0,1.0,0.0,0,0,500,0
39000,1,8,9,8,500,0.01,0.004,0.98,0.006,5,2,490,3
39000,1,9,10,9,500,0.0,0.014,0.976,0.01,0,7,488,5
39000,1,11,12,11,500,0.0,0.004,0.996,0.0,0,2,498,0
39000,1,13,14,13,500,0.002,0.0,0.998,0.0,1,0,499,0
39000,1,14,15,14,500,0.0,0.026,0.746,0.228,0,13,373,114
39000,1,18,19,18,500,0.148,0.048,0.762,0.042,74,24,381,21
39000,1,19,20,19,500,0.058,0.036,0.896,0.01,29,18,448,5
39000,2,3,5,6,500,0.046,0.102,0.486,0.366,23,51,243,183
39000,2,8,10,16,500,0.162,0.028,0.39,0.42,81,14,195,210
39000,2,10,12,20,500,0.002,0.0,0.998,0.0,1,0,499,0
39000,2,11,13,1,500,0.134,0.112,0.292,0.462,67,56,146,231
39000,2,12,14,3,500,0.004,0.002,0.994,0.0,2,1,497,0
39000,2,14,16,7,500,0.0,0.0,1.0,0.0,0,0,500,0
39000,2,15,17,9,500,0.176,0.012,0.79,0.022,88,6,395,11
39000,2,18,20,15,500,0.434,0.048,0.222,0.296,217,24,111,148
39000,3,0,3,0,500,0.002,0.008,0.99,0.0,1,4,495,0
39000,3,2,5,6,500,0.052,0.068,0.496,0.384,26,34,248,192
39000,3,4,7,12,500,0.17,0.032,0.732,0.066,85,16,366,33
39000,3,5,8,15,500,0.018,0.002,0.98,0.0,9,1,490,0
39000,3,6,9,18,500,0.14,0.05,0.772,0.038,70,25,386,19
39000,3,7,10,0,500,0.0,0.0,1.0,0.0,0,0,500,0
39000,3,8,11,3,500,0.02,0.006,0.974,0.0,10,3,487,0
39000,3,9,12,6,500,0.008,0.008,0.984,0.0,4,4,492,0
39000,3,10,13,9,500,0.0,0.004,0.996,0.0,0,2,498,0
39000,3,13,16,18,500,0.026,0.0,0.97,0.004,13,0,485,2
39000,3,14,17,0,500,0.006,0.0,0.994,0.0,3,0,497,0
39000,3,15,18,3,500,0.564,0.058,0.278,0.1,282,29,139,50
39000,3,16,19,6,500,0.0,0.0,0.998,0.002,0,0,499,1
39000,3,17,20,9,500,0.01,0.012,0.976,0.002,5,6,488,1
39000,4,0,4,0,500,0.0,0.0,1.0,0.0,0,0,500,0
39000,4,2,6,8,500,0.04,0.002,0.952,0.006,20,1,476,3
39000,4,5,9,20,500,0.0,0.0,1.0,0.0,0,0,500,0
39000,4,6,10,3,500,0.04,0.016,0.94,0.004,20,8,470,2
39000,4,7,11,7,500,0.0,0.0,1.0,0.0,0,0,500,0
39000,4,8,12,11,500,0.008,0.002,0.988,0.002,4,1,494,1
39000,4,9,13,15,500,0.024,0.314,0.446,0.216,12,157,223,108
39000,4,10,14,19,500,0.018,0.0,0.982,0.0,9,0,491,0
39000,4,11,15,2,500,0.002,0.004,0.988,0.006,1,2,494,3
39000,4,12,16,6,500,0.002,0.0,0.998,0.0,1,0,499,0
39000,4,13,17,10,500,0.008,0.0,0.99,0.002,4,0,495,1
39000,4,14,18,14,500,0.014,0.062,0.902,0.022,7,31,451,11
39000,4,16,20,1,500,0.0,0.0,1.0,0.0,0,0,500,0
39000,5,0,5,0,500,0.0,0.0,1.0,0.0,0,0,500,0
39000,5,2,7,10,500,0.0,0.0,1.0,0.0,0,0,500,0
39000,5,3,8,15,500,0.032,0.016,0.946,0.006,16,8,473,3
39000,5,4,9,20,500,0.0,0.0,1.0,0.0,0,0,500,0
39000,5,5,10,4,500,0.002,0.014,0.984,0.0,1,7,492,0
39000,5,7,12,14,500,0.01,0.026,0.964,0.0,5,13,482,0
39000,5,9,14,3,500,0.004,0.006,0.99,0.0,2,3,495,0
39000,5,10,15,8,500,0.012,0.002,0.98,0.006,6,1,490,3
39000,5,11,16,13,500,0.006,0.0,0.994,0.0,3,0,497,0
39000,5,12,17,18,500,0.084,0.02,0.892,0.004,42,10,446,2
39000,5,14,19,7,500,0.072,0.056,0.83,0.042,36,28,415,21
39000,5,15,20,12,500,0.022,0.014,0.964,0.0,11,7,482,0
39000,6,1,7,6,500,0.0,0.0,0.998,0.002,0,0,499,1
39000,6,2,8,12,500,0.04,0.004,0.95,0.006,20,2,475,3
39000,6,6,12,15,500,0.014,0.008,0.974,0.004,7,4,487,2
39000,6,8,14,6,500,0.012,0.006,0.982,0.0,6,3,491,0
39000,6,9,15,12,500,0.006,0.006,0.976,0.012,3,3,488,6
39000,6,12,18,9,500,0.152,0.058,0.736,0.054,76,29,368,27
39000,6,13,19,15,500,0.008,0.004,0.986,0.002,4,2,493,1
39000,7,0,7,0,500,0.002,0.354,0.334,0.31,1,177,167,155
39000,7,1,8,7,500,0.002,0.0,0.998,0.0,1,0,499,0
39000,7,3,10,0,500,0.0,0.0,1.0,0.0,0,0,500,0
39000,7,4,11,7,500,0.0,0.0,1.0,0.0,0,0,500,0
39000,7,7,14,7,500,0.012,0.086,0.818,0.084,6,43,409,42
39000,7,8,15,14,500,0.012,0.102,0.768,0.118,6,51,384,59
39000,7,9,16,0,500,0.0,0.0,1.0,0.0,0,0,500,0
39000,7,11,18,14,500,0.012,0.038,0.942,0.008,6,19,471,4
39000,7,13,20,7,500,0.002,0.002,0.996,0.0,1,1,498,0
39000,8,0,8,0,500,0.0,0.0,1.0,0.0,0,0,500,0
39000,8,1,9,8,500,0.02,0.004,0.968,0.008,10,2,484,4
39000,8,3,11,3,500,0.022,0.02,0.958,0.0,11,10,479,0
39000,8,5,13,19,500,0.0,0.0,1.0,0.0,0,0,500,0
39000,8,6,14,6,500,0.01,0.004,0.986,0.0,5,2,493,0
39000,8,7,15,14,500,0.002,0.042,0.9,0.056,1,21,450,28
39000,8,9,17,9,500,0.004,0.002,0.994,0.0,2,1,497,0
39000,8,11,19,4,500,0.002,0.0,0.998,0.0,1,0,499,0
39000,8,12,20,12,500,0.004,0.006,0.99,0.0,2,3,495,0
39000,9,4,13,15,500,0.018,0.53,0.314,0.138,9,265,157,69
39000,9,5,14,3,500,0.006,0.0,0.994,0.0,3,0,497,0
39000,9,6,15,12,500,0.016,0.008,0.968,0.008,8,4,484,4
39000,9,7,16,0,500,0.0,0.0,1.0,0.0,0,0,500,0
39000,9,8,17,9,500,0.004,0.022,0.974,0.0,2,11,487,0
39000,9,11,20,15,500,0.0,0.904,0.044,0.052,0,452,22,26
39000,10,0,10,0,500,0.0,0.0,1.0,0.0,0,0,500,0
39000,10,1,11,10,500,0.0,0.0,1.0,0.0,0,0,500,0
39000,10,2,12,20,500,0.004,0.0,0.996,0.0,2,0,498,0
39000,10,4,14,19,500,0.016,0.0,0.984,0.0,8,0,492,0
39000,10,5,15,8,500,0.002,0.0,0.998,0.0,1,0,499,0
39000,10,6,16,18,500,0.028,0.0,0.97,0.002,14,0,485,1
39000,10,7,17,7,500,0.002,0.0,0.998,0.0,1,0,499,0
39000,10,8,18,17,500,0.076,0.014,0.888,0.022,38,7,444,11
39000,10,9,19,6,500,0.0,0.0,1.0,0.0,0,0,500,0
39000,11,0,11,0,500,0.0,0.0,1.0,0.0,0,0,500,0
39000,11,1,12,11,500,0.006,0.0,0.992,0.002,3,0,496,1
39000,11,2,13,1,500,0.108,0.188,0.282,0.422,54,94,141,211
39000,11,6,17,3,500,0.014,0.002,0.98,0.004,7,1,490,2
39000,11,8,19,4,500,0.002,0.0,0.998,0.0,1,0,499,0
39000,11,9,20,15,500,0.024,0.756,0.138,0.082,12,378,69,41
39000,12,0,12,0,500,0.002,0.0,0.998,0.0,1,0,499,0
39000,12,1,13,12,500,0.002,0.0,0.996,0.002,1,0,498,1
39000,12,4,16,6,500,0.0,0.004,0.996,0.0,0,2,498,0
39000,12,5,17,18,500,0.066,0.022,0.91,0.002,33,11,455,1
39000,12,6,18,9,500,0.134,0.046,0.776,0.044,67,23,388,22
39000,12,8,20,12,500,0.0,0.004,0.996,0.0,0,2,498,0
39000,13,1,14,13,500,0.002,0.0,0.998,0.0,1,0,499,0
39000,13,3,16,18,500,0.03,0.0,0.966,0.004,15,0,483,2
39000,13,4,17,10,500,0.004,0.0,0.996,0.0,2,0,498,0
39000,13,5,18,2,500,0.0,0.002,0.998,0.0,0,1,499,0
39000,14,0,14,0,500,0.042,0.072,0.852,0.034,21,36,426,17
39000,14,1,15,14,500,0.006,0.038,0.622,0.334,3,19,311,167
39000,14,2,16,7,500,0.0,0.0,1.0,0.0,0,0,500,0
39000,14,3,17,0,500,0.004,0.0,0.996,0.0,2,0,498,0
39000,14,4,18,14,500,0.02,0.06,0.882,0.038,10,30,441,19
39000,14,5,19,7,500,0.086,0.036,0.828,0.05,43,18,414,25
39000,15,0,15,0,500,0.0,0.0,1.0,0.0,0,0,500,0
39000,15,2,17,9,500,0.18,0.012,0.788,0.02,90,6,394,10
39000,16,0,16,0,500,0.0,0.0,1.0,0.0,0,0,500,0
39000,16,2,18,11,500,0.0,0.0,1.0,0.0,0,0,500,0
39000,16,3,19,6,500,0.0,0.0,1.0,0.0,0,0,500,0
39000,17,0,17,0,500,0.002,0.0,0.998,0.0,1,0,499,0
39000,17,1,18,17,500,0.024,0.006,0.966,0.004,12,3,483,2
39000,17,2,19,13,500,0.0,0.0,1.0,0.0,0,0,500,0
39000,17,3,20,9,500,0.004,0.002,0.992,0.002,2,1,496,1
39000,18,0,18,0,500,0.002,0.0,0.998,0.0,1,0,499,0
39000,18,2,20,15,500,0.244,0.08,0.266,0.41,122,40,133,205
39000,19,0,19,0,500,0.0,0.0,1.0,0.0,0,0,500,0
39000,19,1,20,19,500,0.046,0.04,0.894,0.02,23,20,447,10
39000,20,0,20,0,500,0.0,0.0,1.0,0.0,0,0,500,0
39500,0,2,2,0,500,0.0,0.0,1.0,0.0,0,0,500,0
39500,0,5,5,0,500,0.0,0.0,1.0,0.0,0,0,500,0
39500,0,6,6,0,500,0.004,0.0,0.99,0.006,2,0,495,3
39500,0,7,7,0,500,0.006,0.28,0.356,0.358,3,140,178,179
39500,0,8,8,0,500,0.0,0.0,1.0,0.0,0,0,500,0
39500,0,10,10,0,500,0.0,0.0,1.0,0.0,0,0,500,0
39500,0,11,11,0,500,0.0,0.0,1.0,0.0,0,0,500,0
39500,0,14,14,0,500,0.076,0.076,0.812,0.036,38,38,406,18
39500,0,15,15,0,500,0.004,0.002,0.994,0.0,2,1,497,0
39500,0,16,16,0,500,0.0,0.0,1.0,0.0,0,0,500,0
39500,0,20,20,0,500,0.0,0.0,1.0,0.0,0,0,500,0
39500,1,0,1,0,500,0.0,0.0,1.0,0.0,0,0,500,0
39500,1,1,2,1,500,0.024,0.41,0.206,0.36,12,205,103,180
39500,1,3,4,3,500,0.172,0.116,0.38,0.332,86,58,190,166
39500,1,4,5,4,500,0.072,0.006,0.904,0.018,36,3,452,9
39500,1,5,6,5,500,0.014,0.058,0.544,0.384,7,29,272,192
39500,1,7,8,7,500,0.0,0.002,0.998,0.0,0,1,499,0
39500,1,8,9,8,500,0.026,0.0,0.974,0.0,13,0,487,0
39500,1,9,10,9,500,0.004,0.01,0.986,0.0,2,5,493,0
39500,1,11,12,11,500,0.004,0.0,0.996,0.0,2,0,498,0
39500,1,13,14,13,500,0.0,0.0,1.0,0.0,0,0,500,0
39500,1,14,15,14,500,0.016,0.066,0.694,0.224,8,33,347,112
39500,1,18,19,18,500,0.186,0.05,0.62,0.144,93,25,310,72
39500,1,19,20,19,500,0.1,0.04,0.792,0.068,50,20,396,34
39500,2,3,5,6,500,0.026,0.176,0.47,0.328,13,88,235,164
39500,2,8,10,16,500,0.08,0.048,0.378,0.494,40,24,189,247
39500,2,10,12,20,500,0.002,0.0,0.998,0.0,1,0,499,0
39500,2,11,13,1,500,0.126,0.074,0.252,0.548,63,37,126,274
39500,2,12,14,3,500,0.004,0.0,0.996,0.0,2,0,498,0
39500,2,14,16,7,500,0.0,0.0,1.0,0.0,0,0,500,0
39500,2,15,17,9,500,0.272,0.014,0.678,0.036,136,7,339,18
39500,2,18,20,15,500,0.432,0.068,0.196,0.304,216,34,98,152
39500,3,0,3,0,500,0.004,0.004,0.99,0.002,2,2,495,1
39500,3,2,5,6,500,0.046,0.082,0.486,0.386,23,41,243,193
39500,3,4,7,12,500,0.12,0.014,0.816,0.05,60,7,408,25
39500,3,5,8,15,500,0.024,0.002,0.964,0.01,12,1,482,5
39500,3,6,9,18,500,0.114,0.05,0.76,0.076,57,25,380,38
39500,3,7,10,0,500,0.0,0.0,1.0,0.0,0,0,500,0
39500,3,8,11,3,500,0.018,0.004,0.976,0.002,9,2,488,1
39500,3,9,12,6,500,0.004,0.004,0.992,0.0,2,2,496,0
39500,3,10,13,9,500,0.002,0.0,0.998,0.0,1,0,499,0
39500,3,13,16,18,500,0.018,0.006,0.964,0.012,9,3,482,6
39500,3,14,17,0,500,0.002,0.0,0.998,0.0,1,0,499,0
39500,3,15,18,3,500,0.622,0.052,0.224,0.102,311,26,112,51
39500,3,16,19,6,500,0.002,0.0,0.998,0.0,1,0,499,0
39500,3,17,20,9,500,0.002,0.016,0.982,0.0,1,8,491,0
39500,4,0,4,0,500,0.0,0.0,1.0,0.0,0,0,500,0
39500,4,2,6,8,500,0.026,0.006,0.942,0.026,13,3,471,13
39500,4,5,9,20,500,0.002,0.0,0.998,0.0,1,0,499,0
39500,4,6,10,3,500,0.02,0.008,0.968,0.004,10,4,484,2
39500,4,7,11,7,500,0.0,0.0,1.0,0.0,0,0,500,0
39500,4,8,12,11,500,0.004,0.002,0.992,0.002,2,1,496,1
39500,4,9,13,15,500,0.04,0.314,0.384,0.262,20,157,192,131
39500,4,10,14,19,500,0.012,0.002,0.986,0.0,6,1,493,0
39500,4,11,15,2,500,0.004,0.004,0.986,0.006,2,2,493,3
39500,4,12,16,6,500,0.002,0.004,0.994,0.0,1,2,497,0
39500,4,13,17,10,500,0.002,0.0,0.998,0.0,1,0,499,0
39500,4,14,18,14,500,0.016,0.068,0.896,0.02,8,34,448,10
39500,4,16,20,1,500,0.0,0.006,0.994,0.0,0,3,497,0
39500,5,0,5,0,500,0.0,0.0,1.0,0.0,0,0,500,0
39500,5,2,7,10,500,0.0,0.0,1.0,0.0,0,0,500,0
39500,5,3,8,15,500,0.03,0.018,0.938,0.014,15,9,469,7
39500,5,4,9,20,500,0.0,0.0,1.0,0.0,0,0,500,0
39500,5,5,10,4,500,0.016,0.032,0.946,0.006,8,16,473,3
39500,5,7,12,14,500,0.018,0.108,0.854,0.02,9,54,427,10
39500,5,9,14,3,500,0.008,0.008,0.984,0.0,4,4,492,0
39500,5,10,15,8,500,0.022,0.006,0.962,0.01,11,3,481,5
39500,5,11,16,13,500,0.0,0.002,0.996,0.002,0,1,498,1
39500,5,12,17,18,500,0.066,0.008,0.918,0.008,33,4,459,4
39500,5,14,19,7,500,0.038,0.01,0.906,0.046,19,5,453,23
39500,5,15,20,12,500,0.016,0.008,0.974,0.002,8,4,487,1
39500,6,1,7,6,500,0.0,0.0,0.998,0.002,0,0,499,1
39500,6,2,8,12,500,0.03,0.006,0.95,0.014,15,3,475,7
39500,6,6,12,15,500,0.016,0.002,0.976,0.006,8,1,488,3
39500,6,8,14,6,500,0.014,0.002,0.984,0.0,7,1,492,0
39500,6,9,15,12,500,0.014,0.008,0.968,0.01,7,4,484,5
39500,6,12,18,9,500,0.116,0.074,0.724,0.086,58,37,362,43
39500,6,13,19,15,500,0.008,0.0,0.99,0.002,4,0,495,1
39500,7,0,7,0,500,0.004,0.326,0.348,0.322,2,163,174,161
39500,7,1,8,7,500,0.0,0.0,1.0,0.0,0,0,500,0
39500,7,3,10,0,500,0.0,0.002,0.998,0.0,0,1,499,0
39500,7,4,11,7,500,0.0,0.0,1.0,0.0,0,0,500,0
39500,7,7,14,7,500,0.048,0.082,0.778,0.092,24,41,389,46
39500,7,8,15,14,500,0.028,0.082,0.708,0.182,14,41,354,91
39500,7,9,16,0,500,0.0,0.0,1.0,0.0,0,0,500,0
39500,7,11,18,14,500,0.016,0.058,0.908,0.018,8,29,454,9
39500,7,13,20,7,500,0.0,0.006,0.994,0.0,0,3,497,0
39500,8,0,8,0,500,0.0,0.0,1.0,0.0,0,0,500,0
39500,8,1,9,8,500,0.02,0.002,0.976,0.002,10,1,488,1
39500,8,3,11,3,500,0.022,0.026,0.948,0.004,11,13,474,2
39500,8,5,13,19,500,0.0,0.0,1.0,0.0,0,0,500,0
39500,8,6,14,6,500,0.008,0.004,0.986,0.002,4,2,493,1
39500,8,7,15,14,500,0.002,0.056,0.798,0.144,1,28,399,72
39500,8,9,17,9,500,0.008,0.006,0.984,0.002,4,3,492,1
39500,8,11,19,4,500,0.0,0.0,1.0,0.0,0,0,500,0
39500,8,12,20,12,500,0.002,0.004,0.994,0.0,1,2,497,0
39500,9,4,13,15,500,0.026,0.496,0.302,0.176,13,248,151,88
39500,9,5,14,3,500,0.0,0.0,1.0,0.0,0,0,500,0
39500,9,6,15,12,500,0.01,0.014,0.962,0.014,5,7,481,7
39500,9,7,16,0,500,0.0,0.0,1.0,0.0,0,0,500,0
39500,9,8,17,9,500,0.008,0.012,0.98,0.0,4,6,490,0
39500,9,11,20,15,500,0.008,0.876,0.064,0.052,4,438,32,26
39500,10,0,10,0,500,0.0,0.0,1.0,0.0,0,0,500,0
39500,10,1,11,10,500,0.0,0.002,0.996,0.002,0,1,498,1
39500,10,2,12,20,500,0.012,0.0,0.988,0.0,6,0,494,0
39500,10,4,14,19,500,0.02,0.0,0.98,0.0,10,0,490,0
39500,10,5,15,8,500,0.008,0.002,0.986,0.004,4,1,493,2
39500,10,6,16,18,500,0.006,0.0,0.992,0.002,3,0,496,1
39500,10,7,17,7,500,0.0,0.0,1.0,0.0,0,0,500,0
39500,10,8,18,17,500,0.07,0.002,0.922,0.006,35,1,461,3
39500,10,9,19,6,500,0.002,0.002,0.996,0.0,1,1,498,0
39500,11,0,11,0,500,0.0,0.0,1.0,0.0,0,0,500,0
39500,11,1,12,11,500,0.002,0.0,0.998,0.0,1,0,499,0
39500,11,2,13,1,500,0.126,0.112,0.278,0.484,63,56,139,242
39500,11,6,17,3,500,0.026,0.008,0.964,0.002,13,4,482,1
39500,11,8,19,4,500,0.0,0.0,1.0,0.0,0,0,500,0
39500,11,9,20,15,500,0.044,0.71,0.136,0.11,22,355,68,55
39500,12,0,12,0,500,0.0,0.0,1.0,0.0,0,0,500,0
39500,12,1,13,12,500,0.0,0.004,0.996,0.0,0,2,498,0
39500,12,4,16,6,500,0.0,0.006,0.994,0.0,0,3,497,0
39500,12,5,17,18,500,0.03,0.014,0.952,0.004,15,7,476,2
39500,12,6,18,9,500,0.118,0.05,0.738,0.094,59,25,369,47
39500,12,8,20,12,500,0.0,0.002,0.998,0.0,0,1,499,0
39500,13,1,14,13,500,0.0,0.0,0.998,0.002,0,0,499,1
39500,13,3,16,18,500,0.014,0.006,0.962,0.018,7,3,481,9
39500,13,4,17,10,500,0.0,0.0,1.0,0.0,0,0,500,0
39500,13,5,18,2,500,0.002,0.0,0.998,0.0,1,0,499,0
39500,14,0,14,0,500,0.068,0.08,0.816,0.036,34,40,408,18
39500,14,1,15,14,500,0.012,0.07,0.548,0.37,6,35,274,185
39500,14,2,16,7,500,0.0,0.0,1.0,0.0,0,0,500,0
39500,14,3,17,0,500,0.002,0.004,0.994,0.0,1,2,497,0
39500,14,4,18,14,500,0.01,0.088,0.876,0.026,5,44,438,13
39500,14,5,19,7,500,0.078,0.028,0.854,0.04,39,14,427,20
39500,15,0,15,0,500,0.002,0.0,0.998,0.0,1,0,499,0
39500,15,2,17,9,500,0.236,0.02,0.712,0.032,118,10,356,16
39500,16,0,16,0,500,0.0,0.0,1.0,0.0,0,0,500,0
39500,16,2,18,11,500,0.0,0.0,1.0,0.0,0,0,500,0
39500,16,3,19,6,500,0.0,0.002,0.998,0.0,0,1,499,0
39500,17,0,17,0,500,0.0,0.002,0.998,0.0,0,1,499,0
39500,17,1,18,17,500,0.032,0.0,0.964,0.004,16,0,482,2
39500,17,2,19,13,500,0.0,0.0,1.0,0.0,0,0,500,0
39500,17,3,20,9,500,0.002,0.004,0.994,0.0,1,2,497,0
39500,18,0,18,0,500,0.002,0.002,0.996,0.0,1,1,498,0
39500,18,2,20,15,500,0.274,0.108,0.284,0.334,137,54,142,167
39500,19,0,19,0,500,0.0,0.0,1.0,0.0,0,0,500,0
39500,19,1,20,19,500,0.134,0.038,0.798,0.03,67,19,399,15
39500,20,0,20,0,500,0.0,0.0,1.0,0.0,0,0,500,0
40000,0,2,2,0,500,0.0,0.0,1.0,0.0,0,0,500,0
40000,0,5,5,0,500,0.0,0.0,1.0,0.0,0,0,500,0
40000,0,6,6,0,500,0.004,0.002,0.992,0.002,2,1,496,1
40000,0,7,7,0,500,0.006,0.366,0.254,0.374,3,183,127,187
40000,0,8,8,0,500,0.0,0.0,1.0,0.0,0,0,500,0
40000,0,10,10,0,500,0.0,0.0,1.0,0.0,0,0,500,0
40000,0,11,11,0,500,0.0,0.0,1.0,0.0,0,0,500,0
40000,0,14,14,0,500,0.04,0.06,0.886,0.014,20,30,443,7
40000,0,15,15,0,500,0.0,0.002,0.998,0.0,0,1,499,0
40000,0,16,16,0,500,0.0,0.0,1.0,0.0,0,0,500,0
40000,0,20,20,0,500,0.0,0.0,1.0,0.0,0,0,500,0
40000,1,0,1,0,500,0.0,0.0,1.0,0.0,0,0,500,0
40000,1,1,2,1,500,0.038,0.332,0.336,0.294,19,166,168,147
40000,1,3,4,3,500,0.146,0.082,0.324,0.448,73,41,162,224
40000,1,4,5,4,500,0.018,0.006,0.976,0.0,9,3,488,0
40000,1,5,6,5,500,0.012,0.034,0.342,0.612,6,17,171,306
40000,1,7,8,7,500,0.002,0.0,0.996,0.002,1,0,498,1
40000,1,8,9,8,500,0.022,0.004,0.974,0.0,11,2,487,0
40000,1,9,10,9,500,0.008,0.014,0.978,0.0,4,7,489,0
40000,1,11,12,11,500,0.0,0.004,0.994,0.002,0,2,497,1
40000,1,13,14,13,500,0.0,0.0,1.0,0.0,0,0,500,0
40000,1,14,15,14,500,0.002,0.028,0.804,0.166,1,14,402,83
40000,1,18,19,18,500,0.224,0.024,0.546,0.206,112,12,273,103
40000,1,19,20,19,500,0.138,0.04,0.76,0.062,69,20,380,31
40000,2,3,5,6,500,0.042,0.082,0.448,0.428,21,41,224,214
40000,2,8,10,16,500,0.074,0.01,0.528,0.388,37,5,264,194
40000,2,10,12,20,500,0.0,0.0,1.0,0.0,0,0,500,0
40000,2,11,13,1,500,0.09,0.178,0.25,0.482,45,89,125,241
40000,2,12,14,3,500,0.004,0.002,0.994,0.0,2,1,497,0
40000,2,14,16,7,500,0.0,0.0,1.0,0.0,0,0,500,0
40000,2,15,17,9,500,0.242,0.012,0.71,0.036,121,6,355,18
40000,2,18,20,15,500,0.302,0.076,0.202,0.42,151,38,101,210
40000,3,0,3,0,500,0.0,0.006,0.992,0.002,0,3,496,1
40000,3,2,5,6,500,0.068,0.054,0.436,0.442,34,27,218,221
40000,3,4,7,12,500,0.102,0.03,0.842,0.026,51,15,421,13
40000,3,5,8,15,500,0.02,0.004,0.97,0.006,10,2,485,3
40000,3,6,9,18,500,0.142,0.046,0.776,0.036,71,23,388,18
40000,3,7,10,0,500,0.0,0.0,1.0,0.0,0,0,500,0
40000,3,8,11,3,500,0.014,0.026,0.946,0.014,7,13,473,7
40000,3,9,12,6,500,0.004,0.004,0.992,0.0,2,2,496,0
40000,3,10,13,9,500,0.002,0.0,0.998,0.0,1,0,499,0
40000,3,13,16,18,500,0.024,0.002,0.972,0.002,12,1,486,1
40000,3,14,17,0,500,0.002,0.002,0.996,0.0,1,1,498,0
40000,3,15,18,3,500,0.558,0.064,0.278,0.1,279,32,139,50
40000,3,16,19,6,500,0.0,0.0,1.0,0.0,0,0,500,0
40000,3,17,20,9,500,0.002,0.006,0.992,0.0,1,3,496,0
40000,4,0,4,0,500,0.0,0.0,1.0,0.0,0,0,500,0
40000,4,2,6,8,500,0.014,0.022,0.962,0.002,7,11,481,1
40000,4,5,9,20,500,0.0,0.004,0.996,0.0,0,2,498,0
40000,4,6,10,3,500,0.022,0.012,0.966,0.0,11,6,483,0
40000,4,7,11,7,500,0.0,0.0,1.0,0.0,0,0,500,0
40000,4,8,12,11,500,0.016,0.006,0.974,0.004,8,3,487,2
40000,4,9,13,15,500,0.028,0.312,0.402,0.258,14,156,201,129
40000,4,10,14,19,500,0.028,0.018,0.952,0.002,14,9,476,1
40000,4,11,15,2,500,0.004,0.004,0.984,0.008,2,2,492,4
40000,4,12,16,6,500,0.0,0.0,1.0,0.0,0,0,500,0
40000,4,13,17,10,500,0.004,0.0,0.996,0.0,2,0,498,0
40000,4,14,18,14,500,0.026,0.108,0.83,0.036,13,54,415,18
40000,4,16,20,1,500,0.0,0.0,1.0,0.0,0,0,500,0
40000,5,0,5,0,500,0.0,0.0,1.0,0.0,0,0,500,0
40000,5,2,7,10,500,0.0,0.0,1.0,0.0,0,0,500,0
40000,5,3,8,15,500,0.024,0.016,0.942,0.018,12,8,471,9
40000,5,4,9,20,500,0.0,0.0,1.0,0.0,0,0,500,0
40000,5,5,10,4,500,0.01,0.008,0.98,0.002,5,4,490,1
40000,5,7,12,14,500,0.044,0.078,0.808,0.07,22,39,404,35
40000,5,9,14,3,500,0.004,0.004,0.992,0.0,2,2,496,0
40000,5,10,15,8,500,0.014,0.008,0.972,0.006,7,4,486,3
40000,5,11,16,13,500,0.006,0.004,0.988,0.002,3,2,494,1
40000,5,12,17,18,500,0.072,0.026,0.882,0.02,36,13,441,10
40000,5,14,19,7,500,0.048,0.03,0.852,0.07,24,15,426,35
40000,5,15,20,12,500,0.008,0.01,0.982,0.0,4,5,491,0
40000,6,1,7,6,500,0.0,0.0,1.0,0.0,0,0,500,0
40000,6,2,8,12,500,0.026,0.014,0.954,0.006,13,7,477,3
40000,6,6,12,15,500,0.018,0.004,0.972,0.006,9,2,486,3
40000,6,8,14,6,500,0.018,0.008,0.974,0.0,9,4,487,0
40000,6,9,15,12,500,0.004,0.002,0.982,0.012,2,1,491,6
40000,6,12,18,9,500,0.11,0.046,0.8,0.044,55,23,400,22
40000,6,13,19,15,500,0.014,0.0,0.974,0.012,7,0,487,6
40000,7,0,7,0,500,0.016,0.34,0.28,0.364,8,170,140,182
40000,7,1,8,7,500,0.004,0.0,0.996,0.0,2,0,498,0
40000,7,3,10,0,500,0.0,0.0,1.0,0.0,0,0,500,0
40000,7,4,11,7,500,0.0,0.0,1.0,0.0,0,0,500,0
40000,7,7,14,7,500,0.048,0.098,0.716,0.138,24,49,358,69
40000,7,8,15,14,500,0.018,0.12,0.728,0.134,9,60,364,67
40000,7,9,16,0,500,0.0,0.0,1.0,0.0,0,0,500,0
40000,7,11,18,14,500,0.016,0.036,0.938,0.01,8,18,469,5
40000,7,13,20,7,500,0.0,0.0,1.0,0.0,0,0,500,0
40000,8,0,8,0,500,0.0,0.0,1.0,0.0,0,0,500,0
40000,8,1,9,8,500,0.01,0.002,0.988,0.0,5,1,494,0
40000,8,3,11,3,500,0.008,0.014,0.972,0.006,4,7,486,3
40000,8,5,13,19,500,0.0,0.0,1.0,0.0,0,0,500,0
40000,8,6,14,6,500,0.008,0.004,0.986,0.002,4,2,493,1
40000,8,7,15,14,500,0.008,0.026,0.902,0.064,4,13,451,32
40000,8,9,17,9,500,0.004,0.004,0.992,0.0,2,2,496,0
40000,8,11,19,4,500,0.0,0.0,0.996,0.004,0,0,498,2
40000,8,12,20,12,500,0.0,0.002,0.998,0.0,0,1,499,0
40000,9,4,13,15,500,0.016,0.364,0.374,0.246,8,182,187,123
40000,9,5,14,3,500,0.008,0.002,0.99,0.0,4,1,495,0
40000,9,6,15,12,500,0.012,0.002,0.974,0.012,6,1,487,6
40000,9,7,16,0,500,0.0,0.0,1.0,0.0,0,0,500,0
40000,9,8,17,9,500,0.012,0.012,0.976,0.0,6,6,488,0
40000,9,11,20,15,500,0.01,0.892,0.05,0.048,5,446,25,24
40000,10,0,10,0,500,0.0,0.0,1.0,0.0,0,0,500,0
40000,10,1,11,10,500,0.002,0.002,0.996,0.0,1,1,498,0
40000,10,2,12,20,500,0.006,0.006,0.988,0.0,3,3,494,0
40000,10,4,14,19,500,0.03,0.006,0.96,0.004,15,3,480,2
40000,10,5,15,8,500,0.008,0.008,0.98,0.004,4,4,490,2
40000,10,6,16,18,500,0.008,0.002,0.988,0.002,4,1,494,1
40000,10,7,17,7,500,0.0,0.0,1.0,0.0,0,0,500,0
40000,10,8,18,17,500,0.086,0.006,0.874,0.034,43,3,437,17
40000,10,9,19,6,500,0.0,0.0,1.0,0.0,0,0,500,0
40000,11,0,11,0,500,0.0,0.0,1.0,0.0,0,0,500,0
40000,11,1,12,11,500,0.004,0.0,0.994,0.002,2,0,497,1
40000,11,2,13,1,500,0.094,0.16,0.294,0.452,47,80,147,226
40000,11,6,17,3,500,0.02,0.004,0.972,0.004,10,2,486,2
40000,11,8,19,4,500,0.0,0.0,0.996,0.004,0,0,498,2
40000,11,9,20,15,500,0.02,0.774,0.11,0.096,10,387,55,48
40000,12,0,12,0,500,0.004,0.0,0.996,0.0,2,0,498,0
40000,12,1,13,12,500,0.002,0.0,0.996,0.002,1,0,498,1
40000,12,4,16,6,500,0.004,0.006,0.99,0.0,2,3,495,0
40000,12,5,17,18,500,0.036,0.028,0.918,0.018,18,14,459,9
40000,12,6,18,9,500,0.122,0.026,0.814,0.038,61,13,407,19
40000,12,8,20,12,500,0.002,0.002,0.996,0.0,1,1,498,0
40000,13,1,14,13,500,0.002,0.0,0.998,0.0,1,0,499,0
40000,13,3,16,18,500,0.02,0.006,0.966,0.008,10,3,483,4
40000,13,4,17,10,500,0.002,0.0,0.998,0.0,1,0,499,0
40000,13,5,18,2,500,0.0,0.0,1.0,0.0,0,0,500,0
40000,14,0,14,0,500,0.032,0.068,0.882,0.018,16,34,441,9
40000,14,1,15,14,500,0.026,0.024,0.688,0.262,13,12,344,131
40000,14,2,16,7,500,0.0,0.0,1.0,0.0,0,0,500,0
40000,14,3,17,0,500,0.0,0.002,0.998,0.0,0,1,499,0
40000,14,4,18,14,500,0.032,0.172,0.75,0.046,16,86,375,23
40000,14,5,19,7,500,0.056,0.058,0.766,0.12,28,29,383,60
40000,15,0,15,0,500,0.0,0.002,0.998,0.0,0,1,499,0
40000,15,2,17,9,500,0.206,0.014,0.758,0.022,103,7,379,11
40000,16,0,16,0,500,0.0,0.0,1.0,0.0,0,0,500,0
40000,16,2,18,11,500,0.0,0.0,1.0,0.0,0,0,500,0
40000,16,3,19,6,500,0.0,0.0,1.0,0.0,0,0,500,0
40000,17,0,17,0,500,0.0,0.0,1.0,0.0,0,0,500,0
40000,17,1,18,17,500,0.026,0.002,0.968,0.004,13,1,484,2
40000,17,2,19,13,500,0.0,0.0,1.0,0.0,0,0,500,0
40000,17,3,20,9,500,0.006,0.004,0.99,0.0,3,2,495,0
40000,18,0,18,0,500,0.0,0.0,1.0,0.0,0,0,500,0
40000,18,2,20,15,500,0.186,0.106,0.254,0.454,93,53,127,227
40000,19,0,19,0,500,0.0,0.0,1.0,0.0,0,0,500,0
40000,19,1,20,19,500,0.112,0.042,0.726,0.12,56,21,363,60
40000,20,0,20,0,500,0.0,0.0,1.0,0.0,0,0,500,0
40500,0,2,2,0,500,0.0,0.0,1.0,0.0,0,0,500,0
40500,0,5,5,0,500,0.0,0.0,1.0,0.0,0,0,500,0
40500,0,6,6,0,500,0.006,0.006,0.978,0.01,3,3,489,5
40500,0,7,7,0,500,0.026,0.354,0.29,0.33,13,177,145,165
40500,0,8,8,0,500,0.0,0.0,1.0,0.0,0,0,500,0
40500,0,10,10,0,500,0.0,0.0,1.0,0.0,0,0,500,0
40500,0,11,11,0,500,0.0,0.0,1.0,0.0,0,0,500,0
40500,0,14,14,0,500,0.082,0.066,0.804,0.048,41,33,402,24
40500,0,15,15,0,500,0.008,0.0,0.992,0.0,4,0,496,0
40500,0,16,16,0,500,0.0,0.0,1.0,0.0,0,0,500,0
40500,0,20,20,0,500,0.0,0.0,1.0,0.0,0,0,500,0
40500,1,0,1,0,500,0.0,0.0,1.0,0.0,0,0,500,0
40500,1,1,2,1,500,0.002,0.608,0.194,0.196,1,304,97,98
40500,1,3,4,3,500,0.164,0.072,0.388,0.376,82,36,194,188
40500,1,4,5,4,500,0.02,0.002,0.978,0.0,10,1,489,0
40500,1,5,6,5,500,0.014,0.058,0.528,0.4,7,29,264,200
40500,1,7,8,7,500,0.0,0.0,1.0,0.0,0,0,500,0
40500,1,8,9,8,500,0.094,0.004,0.896,0.006,47,2,448,3
40500,1,9,10,9,500,0.002,0.016,0.982,0.0,1,8,491,0
40500,1,11,12,11,500,0.004,0.002,0.992,0.002,2,1,496,1
40500,1,13,14,13,500,0.0,0.0,1.0,0.0,0,0,500,0
40500,1,14,15,14,500,0.07,0.06,0.66,0.21,35,30,330,105
40500,1,18,19,18,500,0.166,0.058,0.628,0.148,83,29,314,74
40500,1,19,20,19,500,0.054,0.006,0.916,0.024,27,3,458,12
40500,2,3,5,6,500,0.046,0.078,0.55,0.326,23,39,275,163
40500,2,8,10,16,500,0.074,0.024,0.396,0.506,37,12,198,253
40500,2,10,12,20,500,0.004,0.0,0.996,0.0,2,0,498,0
40500,2,11,13,1,500,0.18,0.086,0.288,0.446,90,43,144,223
40500,2,12,14,3,500,0.008,0.0,0.992,0.0,4,0,496,0
40500,2,14,16,7,500,0.0,0.0,1.0,0.0,0,0,500,0
40500,2,15,17,9,500,0.306,0.01,0.656,0.028,153,5,328,14
40500,2,18,20,15,500,0.318,0.102,0.272,0.308,159,51,136,154
40500,3,0,3,0,500,0.0,0.006,0.994,0.0,0,3,497,0
40500,3,2,5,6,500,0.03,0.074,0.522,0.374,15,37,261,187
40500,3,4,7,12,500,0.044,0.03,0.926,0.0,22,15,463,0
40500,3,5,8,15,500,0.03,0.01,0.956,0.004,15,5,478,2
40500,3,6,9,18,500,0.128,0.04,0.796,0.036,64,20,398,18
40500,3,7,10,0,500,0.0,0.0,1.0,0.0,0,0,500,0
40500,3,8,11,3,500,0.038,0.012,0.93,0.02,19,6,465,10
40500,3,9,12,6,500,0.012,0.0,0.986,0.002,6,0,493,1
40500,3,10,13,9,500,0.0,0.002,0.998,0.0,0,1,499,0
40500,3,13,16,18,500,0.024,0.004,0.97,0.002,12,2,485,1
40500,3,14,17,0,500,0.0,0.0,1.0,0.0,0,0,500,0
40500,3,15,18,3,500,0.488,0.084,0.314,0.114,244,42,157,57
40500,3,16,19,6,500,0.0,0.0,1.0,0.0,0,0,500,0
40500,3,17,20,9,500,0.002,0.006,0.992,0.0,1,3,496,0
40500,4,0,4,0,500,0.0,0.0,1.0,0.0,0,0,500,0
40500,4,2,6,8,500,0.022,0.124,0.83,0.024,11,62,415,12
40500,4,5,9,20,500,0.0,0.0,1.0,0.0,0,0,500,0
40500,4,6,10,3,500,0.024,0.022,0.952,0.002,12,11,476,1
40500,4,7,11,7,500,0.0,0.0,1.0,0.0,0,0,500,0
40500,4,8,12,11,500,0.028,0.008,0.964,0.0,14,4,482,0
40500,4,9,13,15,500,0.02,0.366,0.348,0.266,10,183,174,133
40500,4,10,14,19,500,0.026,0.004,0.97,0.0,13,2,485,0
40500,4,11,15,2,500,0.004,0.006,0.978,0.012,2,3,489,6
40500,4,12,16,6,500,0.002,0.0,0.996,0.002,1,0,498,1
40500,4,13,17,10,500,0.012,0.0,0.988,0.0,6,0,494,0
40500,4,14,18,14,500,0.042,0.102,0.836,0.02,21,51,418,10
40500,4,16,20,1,500,0.0,0.002,0.998,0.0,0,1,499,0
40500,5,0,5,0,500,0.0,0.0,1.0,0.0,0,0,500,0
40500,5,2,7,10,500,0.0,0.0,1.0,0.0,0,0,500,0
40500,5,3,8,15,500,0.038,0.008,0.92,0.034,19,4,460,17
40500,5,4,9,20,500,0.0,0.002,0.998,0.0,0,1,499,0
40500,5,5,10,4,500,0.008,0.01,0.982,0.0,4,5,491,0
40500,5,7,12,14,500,0.02,0.038,0.92,0.022,10,19,460,11
40500,5,9,14,3,500,0.006,0.004,0.99,0.0,3,2,495,0
40500,5,10,15,8,500,0.042,0.016,0.91,0.032,21,8,455,16
40500,5,11,16,13,500,0.008,0.0,0.99,0.002,4,0,495,1
40500,5,12,17,18,500,0.056,0.026,0.898,0.02,28,13,449,10
40500,5,14,19,7,500,0.022,0.068,0.886,0.024,11,34,443,12
40500,5,15,20,12,500,0.018,0.02,0.96,0.002,9,10,480,1
40500,6,1,7,6,500,0.012,0.004,0.984,0.0,6,2,492,0
40500,6,2,8,12,500,0.094,0.004,0.858,0.044,47,2,429,22
40500,6,6,12,15,500,0.022,0.002,0.974,0.002,11,1,487,1
40500,6,8,14,6,500,0.008,0.002,0.982,0.008,4,1,491,4
40500,6,9,15,12,500,0.008,0.006,0.976,0.01,4,3,488,5
40500,6,12,18,9,500,0.1,0.04,0.824,0.036,50,20,412,18
40500,6,13,19,15,500,0.03,0.0,0.968,0.002,15,0,484,1
40500,7,0,7,0,500,0.018,0.342,0.334,0.306,9,171,167,153
40500,7,1,8,7,500,0.0,0.0,1.0,0.0,0,0,500,0
40500,7,3,10,0,500,0.0,0.0,1.0,0.0,0,0,500,0
40500,7,4,11,7,500,0.0,0.0,1.0,0.0,0,0,500,0
40500,7,7,14,7,500,0.04,0.134,0.738,0.088,20,67,369,44
40500,7,8,15,14,500,0.01,0.064,0.792,0.134,5,32,396,67
40500,7,9,16,0,500,0.0,0.0,1.0,0.0,0,0,500,0
40500,7,11,18,14,500,0.012,0.042,0.932,0.014,6,21,466,7
40500,7,13,20,7,500,0.0,0.004,0.996,0.0,0,2,498,0
40500,8,0,8,0,500,0.0,0.0,1.0,0.0,0,0,500,0
40500,8,1,9,8,500,0.022,0.004,0.964,0.01,11,2,482,5
40500,8,3,11,3,500,0.052,0.076,0.838,0.034,26,38,419,17
40500,8,5,13,19,500,0.0,0.0,1.0,0.0,0,0,500,0
40500,8,6,14,6,500,0.01,0.0,0.984,0.006,5,0,492,3
40500,8,7,15,14,500,0.006,0.042,0.888,0.064,3,21,444,32
40500,8,9,17,9,500,0.002,0.004,0.994,0.0,1,2,497,0
40500,8,11,19,4,500,0.0,0.0,1.0,0.0,0,0,500,0
40500,8,12,20,12,500,0.008,0.002,0.988,0.002,4,1,494,1
40500,9,4,13,15,500,0.04,0.322,0.322,0.316,20,161,161,158
40500,9,5,14,3,500,0.004,0.0,0.996,0.0,2,0,498,0
40500,9,6,15,12,500,0.014,0.002,0.968,0.016,7,1,484,8
40500,9,7,16,0,500,0.0,0.0,1.0,0.0,0,0,500,0
40500,9,8,17,9,500,0.008,0.004,0.988,0.0,4,2,494,0
40500,9,11,20,15,500,0.044,0.68,0.14,0.136,22,340,70,68
40500,10,0,10,0,500,0.0,0.0,1.0,0.0,0,0,500,0
40500,10,1,11,10,500,0.004,0.0,0.994,0.002,2,0,497,1
40500,10,2,12,20,500,0.004,0.0,0.996,0.0,2,0,498,0
40500,10,4,14,19,500,0.04,0.008,0.952,0.0,20,4,476,0
40500,10,5,15,8,500,0.028,0.0,0.95,0.022,14,0,475,11
40500,10,6,16,18,500,0.008,0.004,0.988,0.0,4,2,494,0
40500,10,7,17,7,500,0.0,0.002,0.998,0.0,0,1,499,0
40500,10,8,18,17,500,0.076,0.006,0.886,0.032,38,3,443,16
40500,10,9,19,6,500,0.0,0.0,1.0,0.0,0,0,500,0
40500,11,0,11,0,500,0.0,0.0,1.0,0.0,0,0,500,0
40500,11,1,12,11,500,0.004,0.002,0.994,0.0,2,1,497,0
40500,11,2,13,1,500,0.09,0.114,0.308,0.488,45,57,154,244
40500,11,6,17,3,500,0.008,0.0,0.99,0.002,4,0,495,1
40500,11,8,19,4,500,0.0,0.0,1.0,0.0,0,0,500,0
40500,11,9,20,15,500,0.04,0.636,0.21,0.114,20,318,105,57
40500,12,0,12,0,500,0.0,0.0,1.0,0.0,0,0,500,0
40500,12,1,13,12,500,0.0,0.004,0.996,0.0,0,2,498,0
40500,12,4,16,6,500,0.0,0.004,0.996,0.0,0,2,498,0
40500,12,5,17,18,500,0.046,0.022,0.916,0.016,23,11,458,8
40500,12,6,18,9,500,0.11,0.044,0.806,0.04,55,22,403,20
40500,12,8,20,12,500,0.002,0.006,0.992,0.0,1,3,496,0
40500,13,1,14,13,500,0.002,0.0,0.998,0.0,1,0,499,0
40500,13,3,16,18,500,0.028,0.004,0.958,0.01,14,2,479,5
40500,13,4,17,10,500,0.008,0.002,0.99,0.0,4,1,495,0
40500,13,5,18,2,500,0.0,0.0,1.0,0.0,0,0,500,0
40500,14,0,14,0,500,0.066,0.064,0.802,0.068,33,32,401,34
40500,14,1,15,14,500,0.0,0.064,0.542,0.394,0,32,271,197
40500,14,2,16,7,500,0.0,0.0,1.0,0.0,0,0,500,0
40500,14,3,17,0,500,0.002,0.0,0.998,0.0,1,0,499,0
40500,14,4,18,14,500,0.006,0.12,0.844,0.03,3,60,422,15
40500,14,5,19,7,500,0.038,0.09,0.794,0.078,19,45,397,39
40500,15,0,15,0,500,0.002,0.0,0.998,0.0,1,0,499,0
40500,15,2,17,9,500,0.168,0.004,0.782,0.046,84,2,391,23
40500,16,0,16,0,500,0.0,0.0,1.0,0.0,0,0,500,0
40500,16,2,18,11,500,0.0,0.0,0.998,0.002,0,0,499,1
40500,16,3,19,6,500,0.0,0.0,1.0,0.0,0,0,500,0
40500,17,0,17,0,500,0.0,0.0,1.0,0.0,0,0,500,0
40500,17,1,18,17,500,0.04,0.0,0.952,0.008,20,0,476,4
40500,17,2,19,13,500,0.0,0.0,1.0,0.0,0,0,500,0
40500,17,3,20,9,500,0.004,0.006,0.99,0.0,2,3,495,0
40500,18,0,18,0,500,0.0,0.0,1.0,0.0,0,0,500,0
40500,18,2,20,15,500,0.3,0.104,0.276,0.32,150,52,138,160
40500,19,0,19,0,500,0.0,0.0,1.0,0.0,0,0,500,0
40500,19,1,20,19,500,0.118,0.012,0.822,0.048,59,6,411,24
40500,20,0,20,0,500,0.0,0.0,1.0,0.0,0,0,500,0
41000,0,2,2,0,500,0.0,0.0,1.0,0.0,0,0,500,0
41000,0,5,5,0,500,0.0,0.0,1.0,0.0,0,0,500,0
41000,0,6,6,0,500,0.002,0.004,0.984,0.01,1,2,492,5
41000,0,7,7,0,500,0.0,0.424,0.23,0.346,0,212,115,173
41000,0,8,8,0,500,0.0,0.0,1.0,0.0,0,0,500,0
41000,0,10,10,0,500,0.0,0.0,1.0,0.0,0,0,500,0
41000,0,11,11,0,500,0.0,0.0,1.0,0.0,0,0,500,0
41000,0,14,14,0,500,0.038,0.134,0.73,0.098,19,67,365,49
41000,0,15,15,0,500,0.0,0.0,0.998,0.002,0,0,499,1
41000,0,16,16,0,500,0.0,0.0,1.0,0.0,0,0,500,0
41000,0,20,20,0,500,0.0,0.0,1.0,0.0,0,0,500,0
41000,1,0,1,0,500,0.0,0.0,1.0,0.0,0,0,500,0
41000,1,1,2,1,500,0.014,0.312,0.298,0.376,7,156,149,188
41000,1,3,4,3,500,0.08,0.368,0.266,0.286,40,184,133,143
41000,1,4,5,4,500,0.006,0.002,0.99,0.002,3,1,495,1
41000,1,5,6,5,500,0.018,0.034,0.568,0.38,9,17,284,190
41000,1,7,8,7,500,0.0,0.0,1.0,0.0,0,0,500,0
41000,1,8,9,8,500,0.032,0.002,0.958,0.008,16,1,479,4
41000,1,9,10,9,500,0.0,0.012,0.988,0.0,0,6,494,0
41000,1,11,12,11,500,0.006,0.0,0.994,0.0,3,0,497,0
41000,1,13,14,13,500,0.0,0.002,0.998,0.0,0,1,499,0
41000,1,14,15,14,500,0.016,0.048,0.596,0.34,8,24,298,170
41000,1,18,19,18,500,0.146,0.074,0.578,0.202,73,37,289,101
41000,1,19,20,19,500,0.036,0.05,0.882,0.032,18,25,441,16
41000,2,3,5,6,500,0.032,0.068,0.604,0.296,16,34,302,148
41000,2,8,10,16,500,0.124,0.008,0.344,0.524,62,4,172,262
41000,2,10,12,20,500,0.0,0.0,1.0,0.0,0,0,500,0
41000,2,11,13,1,500,0.196,0.052,0.276,0.476,98,26,138,238
41000,2,12,14,3,500,0.008,0.008,0.984,0.0,4,4,492,0
41000,2,14,16,7,500,0.0,0.0,1.0,0.0,0,0,500,0
41000,2,15,17,9,500,0.134,0.014,0.81,0.042,67,7,405,21
41000,2,18,20,15,500,0.346,0.118,0.222,0.314,173,59,111,157
41000,3,0,3,0,500,0.004,0.004,0.992,0.0,2,2,496,0
41000,3,2,5,6,500,0.04,0.058,0.61,0.292,20,29,305,146
41000,3,4,7,12,500,0.056,0.06,0.872,0.012,28,30,436,6
41000,3,5,8,15,500,0.016,0.004,0.978,0.002,8,2,489,1
41000,3,6,9,18,500,0.076,0.042,0.846,0.036,38,21,423,18
41000,3,7,10,0,500,0.0,0.0,1.0,0.0,0,0,500,0
41000,3,8,11,3,500,0.02,0.04,0.928,0.012,10,20,464,6
41000,3,9,12,6,500,0.002,0.01,0.986,0.002,1,5,493,1
41000,3,10,13,9,500,0.0,0.0,0.998,0.002,0,0,499,1
41000,3,13,16,18,500,0.014,0.002,0.98,0.004,7,1,490,2
41000,3,14,17,0,500,0.0,0.0,1.0,0.0,0,0,500,0
41000,3,15,18,3,500,0.526,0.082,0.304,0.088,263,41,152,44
41000,3,16,19,6,500,0.0,0.0,1.0,0.0,0,0,500,0
41000,3,17,20,9,500,0.004,0.0,0.996,0.0,2,0,498,0
41000,4,0,4,0,500,0.0,0.0,1.0,0.0,0,0,500,0
41000,4,2,6,8,500,0.02,0.006,0.97,0.004,10,3,485,2
41000,4,5,9,20,500,0.0,0.002,0.998,0.0,0,1,499,0
41000,4,6,10,3,500,0.022,0.008,0.956,0.014,11,4,478,7
41000,4,7,11,7,500,0.0,0.0,1.0,0.0,0,0,500,0
41000,4,8,12,11,500,0.008,0.004,0.988,0.0,4,2,494,0
41000,4,9,13,15,500,0.026,0.28,0.404,0.29,13,140,202,145
41000,4,10,14,19,500,0.01,0.002,0.988,0.0,5,1,494,0
41000,4,11,15,2,500,0.0,0.0,0.992,0.008,0,0,496,4
41000,4,12,16,6,500,0.0,0.0,1.0,0.0,0,0,500,0
41000,4,13,17,10,500,0.006,0.0,0.994,0.0,3,0,497,0
41000,4,14,18,14,500,0.052,0.098,0.824,0.026,26,49,412,13
41000,4,16,20,1,500,0.0,0.0,0.998,0.002,0,0,499,1
41000,5,0,5,0,500,0.0,0.0,1.0,0.0,0,0,500,0
41000,5,2,7,10,500,0.0,0.0,1.0,0.0,0,0,500,0
41000,5,3,8,15,500,0.024,0.004,0.962,0.01,12,2,481,5
41000,5,4,9,20,500,0.0,0.0,1.0,0.0,0,0,500,0
41000,5,5,10,4,500,0.026,0.02,0.952,0.002,13,10,476,1
41000,5,7,12,14,500,0.024,0.058,0.886,0.032,12,29,443,16
41000,5,9,14,3,500,0.004,0.002,0.994,0.0,2,1,497,0
41000,5,10,15,8,500,0.028,0.004,0.952,0.016,14,2,476,8
41000,5,11,16,13,500,0.0,0.0,0.998,0.002,0,0,499,1
41000,5,12,17,18,500,0.07,0.006,0.914,0.01,35,3,457,5
41000,5,14,19,7,500,0.014,0.086,0.868,0.032,7,43,434,16
41000,5,15,20,12,500,0.004,0.004,0.988,0.004,2,2,494,2
41000,6,1,7,6,500,0.0,0.002,0.998,0.0,0,1,499,0
41000,6,2,8,12,500,0.064,0.002,0.926,0.008,32,1,463,4
41000,6,6,12,15,500,0.01,0.004,0.98,0.006,5,2,490,3
41000,6,8,14,6,500,0.026,0.008,0.948,0.018,13,4,474,9
41000,6,9,15,12,500,0.028,0.012,0.944,0.016,14,6,472,8
41000,6,12,18,9,500,0.078,0.026,0.864,0.032,39,13,432,16
41000,6,13,19,15,500,0.01,0.002,0.986,0.002,5,1,493,1
41000,7,0,7,0,500,0.01,0.402,0.264,0.324,5,201,132,162
41000,7,1,8,7,500,0.004,0.002,0.994,0.0,2,1,497,0
41000,7,3,10,0,500,0.0,0.0,1.0,0.0,0,0,500,0
41000,7,4,11,7,500,0.0,0.0,1.0,0.0,0,0,500,0
41000,7,7,14,7,500,0.006,0.102,0.844,0.048,3,51,422,24
41000,7,8,15,14,500,0.012,0.12,0.67,0.198,6,60,335,99
41000,7,9,16,0,500,0.0,0.0,1.0,0.0,0,0,500,0
41000,7,11,18,14,500,0.004,0.066,0.906,0.024,2,33,453,12
41000,7,13,20,7,500,0.002,0.002,0.996,0.0,1,1,498,0
41000,8,0,8,0,500,0.0,0.0,1.0,0.0,0,0,500,0
41000,8,1,9,8,500,0.032,0.004,0.958,0.006,16,2,479,3
41000,8,3,11,3,500,0.024,0.034,0.924,0.018,12,17,462,9
41000,8,5,13,19,500,0.0,0.0,1.0,0.0,0,0,500,0
41000,8,6,14,6,500,0.028,0.006,0.95,0.016,14,3,475,8
41000,8,7,15,14,500,0.01,0.046,0.874,0.07,5,23,437,35
41000,8,9,17,9,500,0.0,0.004,0.996,0.0,0,2,498,0
41000,8,11,19,4,500,0.0,0.0,1.0,0.0,0,0,500,0
41000,8,12,20,12,500,0.0,0.0,0.996,0.004,0,0,498,2
41000,9,4,13,15,500,0.028,0.368,0.338,0.266,14,184,169,133
41000,9,5,14,3,500,0.004,0.002,0.994,0.0,2,1,497,0
41000,9,6,15,12,500,0.028,0.012,0.936,0.024,14,6,468,12
41000,9,7,16,0,500,0.0,0.0,1.0,0.0,0,0,500,0
41000,9,8,17,9,500,0.002,0.002,0.996,0.0,1,1,498,0
41000,9,11,20,15,500,0.022,0.78,0.104,0.094,11,390,52,47
41000,10,0,10,0,500,0.0,0.0,1.0,0.0,0,0,500,0
41000,10,1,11,10,500,0.002,0.0,0.996,0.002,1,0,498,1
41000,10,2,12,20,500,0.002,0.0,0.998,0.0,1,0,499,0
41000,10,4,14,19,500,0.008,0.0,0.992,0.0,4,0,496,0
41000,10,5,15,8,500,0.012,0.0,0.98,0.008,6,0,490,4
41000,10,6,16,18,500,0.008,0.0,0.992,0.0,4,0,496,0
41000,10,7,17,7,500,0.0,0.0,1.0,0.0,0,0,500,0
41000,10,8,18,17,500,0.064,0.006,0.92,0.01,32,3,460,5
41000,10,9,19,6,500,0.0,0.0,1.0,0.0,0,0,500,0
41000,11,0,11,0,500,0.0,0.0,1.0,0.0,0,0,500,0
41000,11,1,12,11,500,0.006,0.0,0.994,0.0,3,0,497,0
41000,11,2,13,1,500,0.168,0.072,0.294,0.466,84,36,147,233
41000,11,6,17,3,500,0.0,0.006,0.994,0.0,0,3,497,0
41000,11,8,19,4,500,0.0,0.0,0.998,0.002,0,0,499,1
41000,11,9,20,15,500,0.058,0.596,0.206,0.14,29,298,103,70
41000,12,0,12,0,500,0.002,0.0,0.998,0.0,1,0,499,0
41000,12,1,13,12,500,0.0,0.0,1.0,0.0,0,0,500,0
41000,12,4,16,6,500,0.002,0.0,0.998,0.0,1,0,499,0
41000,12,5,17,18,500,0.042,0.02,0.932,0.006,21,10,466,3
41000,12,6,18,9,500,0.082,0.034,0.844,0.04,41,17,422,20
41000,12,8,20,12,500,0.002,0.0,0.998,0.0,1,0,499,0
41000,13,1,14,13,500,0.002,0.002,0.996,0.0,1,1,498,0
41000,13,3,16,18,500,0.026,0.0,0.964,0.01,13,0,482,5
41000,13,4,17,10,500,0.012,0.0,0.988,0.0,6,0,494,0
41000,13,5,18,2,500,0.0,0.0,1.0,0.0,0,0,500,0
41000,14,0,14,0,500,0.038,0.136,0.74,0.086,19,68,370,43
41000,14,1,15,14,500,0.002,0.052,0.616,0.33,1,26,308,165
41000,14,2,16,7,500,0.0,0.0,1.0,0.0,0,0,500,0
41000,14,3,17,0,500,0.002,0.0,0.998,0.0,1,0,499,0
41000,14,4,18,14,500,0.022,0.108,0.848,0.022,11,54,424,11
41000,14,5,19,7,500,0.008,0.084,0.878,0.03,4,42,439,15
41000,15,0,15,0,500,0.0,0.0,1.0,0.0,0,0,500,0
41000,15,2,17,9,500,0.146,0.014,0.802,0.038,73,7,401,19
41000,16,0,16,0,500,0.0,0.0,1.0,0.0,0,0,500,0
41000,16,2,18,11,500,0.0,0.0,1.0,0.0,0,0,500,0
41000,16,3,19,6,500,0.004,0.0,0.996,0.0,2,0,498,0
41000,17,0,17,0,500,0.0,0.0,1.0,0.0,0,0,500,0
41000,17,1,18,17,500,0.068,0.004,0.918,0.01,34,2,459,5
41000,17,2,19,13,500,0.0,0.0,1.0,0.0,0,0,500,0
41000,17,3,20,9,500,0.0,0.002,0.998,0.0,0,1,499,0
41000,18,0,18,0,500,0.0,0.0,1.0,0.0,0,0,500,0
41000,18,2,20,15,500,0.278,0.106,0.286,0.33,139,53,143,165
41000,19,0,19,0,500,0.0,0.0,1.0,0.0,0,0,500,0
41000,19,1,20,19,500,0.036,0.056,0.878,0.03,18,28,439,15
41000,20,0,20,0,500,0.0,0.0,1.0,0.0,0,0,500,0
41500,0,2,2,0,500,0.0,0.0,1.0,0.0,0,0,500,0
41500,0,5,5,0,500,0.0,0.0,1.0,0.0,0,0,500,0
41500,0,6,6,0,500,0.0,0.004,0.986,0.01,0,2,493,5
41500,0,7,7,0,500,0.002,0.438,0.26,0.3,1,219,130,150
41500,0,8,8,0,500,0.0,0.002,0.998,0.0,0,1,499,0
41500,0,10,10,0,500,0.0,0.0,1.0,0.0,0,0,500,0
41500,0,11,11,0,500,0.0,0.0,1.0,0.0,0,0,500,0
41500,0,14,14,0,500,0.068,0.102,0.74,0.09,34,51,370,45
41500,0,15,15,0,500,0.0,0.002,0.998,0.0,0,1,499,0
41500,0,16,16,0,500,0.0,0.0,1.0,0.0,0,0,500,0
41500,0,20,20,0,500,0.0,0.004,0.996,0.0,0,2,498,0
41500,1,0,1,0,500,0.0,0.0,1.0,0.0,0,0,500,0
41500,1,1,2,1,500,0.018,0.396,0.282,0.304,9,198,141,152
41500,1,3,4,3,500,0.098,0.192,0.354,0.356,49,96,177,178
41500,1,4,5,4,500,0.008,0.0,0.992,0.0,4,0,496,0
41500,1,5,6,5,500,0.018,0.054,0.506,0.422,9,27,253,211
41500,1,7,8,7,500,0.0,0.0,0.998,0.002,0,0,499,1
41500,1,8,9,8,500,0.108,0.006,0.832,0.054,54,3,416,27
41500,1,9,10,9,500,0.0,0.012,0.988,0.0,0,6,494,0
41500,1,11,12,11,500,0.0,0.0,1.0,0.0,0,0,500,0
41500,1,13,14,13,500,0.0,0.0,1.0,0.0,0,0,500,0
41500,1,14,15,14,500,0.012,0.046,0.726,0.216,6,23,363,108
41500,1,18,19,18,500,0.128,0.056,0.766,0.05,64,28,383,25
41500,1,19,20,19,500,0.044,0.048,0.856,0.052,22,24,428,26
41500,2,3,5,6,500,0.034,0.092,0.502,0.372,17,46,251,186
41500,2,8,10,16,500,0.142,0.016,0.436,0.406,71,8,218,203
41500,2,10,12,20,500,0.0,0.002,0.998,0.0,0,1,499,0
41500,2,11,13,1,500,0.154,0.1,0.256,0.49,77,50,128,245
41500,2,12,14,3,500,0.008,0.002,0.99,0.0,4,1,495,0
41500,2,14,16,7,500,0.0,0.0,1.0,0.0,0,0,500,0
41500,2,15,17,9,500,0.182,0.014,0.762,0.042,91,7,381,21
41500,2,18,20,15,500,0.43,0.096,0.16,0.314,215,48,80,157
41500,3,0,3,0,500,0.002,0.006,0.992,0.0,1,3,496,0
41500,3,2,5,6,500,0.07,0.09,0.49,0.35,35,45,245,175
41500,3,4,7,12,500,0.09,0.038,0.808,0.064,45,19,404,32
41500,3,5,8,15,500,0.016,0.01,0.968,0.006,8,5,484,3
41500,3,6,9,18,500,0.108,0.038,0.822,0.032,54,19,411,16
41500,3,7,10,0,500,0.0,0.0,1.0,0.0,0,0,500,0
41500,3,8,11,3,500,0.016,0.01,0.972,0.002,8,5,486,1
41500,3,9,12,6,500,0.004,0.004,0.992,0.0,2,2,496,0
41500,3,10,13,9,500,0.002,0.002,0.996,0.0,1,1,498,0
41500,3,13,16,18,500,0.042,0.008,0.942,0.008,21,4,471,4
41500,3,14,17,0,500,0.002,0.002,0.996,0.0,1,1,498,0
41500,3,15,18,3,500,0.572,0.066,0.248,0.114,286,33,124,57
41500,3,16,19,6,500,0.0,0.0,1.0,0.0,0,0,500,0
41500,3,17,20,9,500,0.004,0.008,0.988,0.0,2,4,494,0
41500,4,0,4,0,500,0.0,0.0,1.0,0.0,0,0,500,0
41500,4,2,6,8,500,0.022,0.014,0.958,0.006,11,7,479,3
41500,4,5,9,20,500,0.004,0.0,0.996,0.0,2,0,498,0
41500,4,6,10,3,500,0.028,0.004,0.96,0.008,14,2,480,4
41500,4,7,11,7,500,0.0,0.0,1.0,0.0,0,0,500,0
41500,4,8,12,11,500,0.006,0.0,0.992,0.002,3,0,496,1
41500,4,9,13,15,500,0.018,0.43,0.358,0.194,9,215,179,97
41500,4,10,14,19,500,0.02,0.0,0.98,0.0,10,0,490,0
41500,4,11,15,2,500,0.004,0.004,0.984,0.008,2,2,492,4
41500,4,12,16,6,500,0.0,0.002,0.998,0.0,0,1,499,0
41500,4,13,17,10,500,0.0,0.0,1.0,0.0,0,0,500,0
41500,4,14,18,14,500,0.002,0.064,0.924,0.01,1,32,462,5
41500,4,16,20,1,500,0.0,0.0,1.0,0.0,0,0,500,0
41500,5,0,5,0,500,0.0,0.0,1.0,0.0,0,0,500,0
41500,5,2,7,10,500,0.0,0.0,1.0,0.0,0,0,500,0
41500,5,3,8,15,500,0.032,0.006,0.948,0.014,16,3,474,7
41500,5,4,9,20,500,0.0,0.002,0.998,0.0,0,1,499,0
41500,5,5,10,4,500,0.022,0.012,0.95,0.016,11,6,475,8
41500,5,7,12,14,500,0.068,0.02,0.868,0.044,34,10,434,22
41500,5,9,14,3,500,0.004,0.006,0.99,0.0,2,3,495,0
41500,5,10,15,8,500,0.028,0.006,0.958,0.008,14,3,479,4
41500,5,11,16,13,500,0.0,0.004,0.992,0.004,0,2,496,2
41500,5,12,17,18,500,0.032,0.02,0.942,0.006,16,10,471,3
41500,5,14,19,7,500,0.032,0.09,0.824,0.054,16,45,412,27
41500,5,15,20,12,500,0.014,0.016,0.968,0.002,7,8,484,1
41500,6,1,7,6,500,0.004,0.004,0.99,0.002,2,2,495,1
41500,6,2,8,12,500,0.066,0.0,0.91,0.024,33,0,455,12
41500,6,6,12,15,500,0.006,0.01,0.972,0.012,3,5,486,6
41500,6,8,14,6,500,0.012,0.008,0.974,0.006,6,4,487,3
41500,6,9,15,12,500,0.012,0.008,0.962,0.018,6,4,481,9
41500,6,12,18,9,500,0.104,0.058,0.79,0.048,52,29,395,24
41500,6,13,19,15,500,0.018,0.002,0.98,0.0,9,1,490,0
41500,7,0,7,0,500,0.006,0.446,0.252,0.296,3,223,126,148
41500,7,1,8,7,500,0.008,0.004,0.988,0.0,4,2,494,0
41500,7,3,10,0,500,0.0,0.0,1.0,0.0,0,0,500,0
41500,7,4,11,7,500,0.0,0.0,1.0,0.0,0,0,500,0
41500,7,7,14,7,500,0.038,0.102,0.782,0.078,19,51,391,39
41500,7,8,15,14,500,0.024,0.092,0.8,0.084,12,46,400,42
41500,7,9,16,0,500,0.0,0.0,1.0,0.0,0,0,500,0
41500,7,11,18,14,500,0.004,0.064,0.922,0.01,2,32,461,5
41500,7,13,20,7,500,0.0,0.002,0.998,0.0,0,1,499,0
41500,8,0,8,0,500,0.0,0.0,1.0,0.0,0,0,500,0
41500,8,1,9,8,500,0.114,0.008,0.828,0.05,57,4,414,25
41500,8,3,11,3,500,0.01,0.008,0.98,0.002,5,4,490,1
41500,8,5,13,19,500,0.0,0.0,1.0,0.0,0,0,500,0
41500,8,6,14,6,500,0.012,0.006,0.974,0.008,6,3,487,4
41500,8,7,15,14,500,0.012,0.058,0.85,0.08,6,29,425,40
41500,8,9,17,9,500,0.002,0.004,0.994,0.0,1,2,497,0
41500,8,11,19,4,500,0.0,0.0,1.0,0.0,0,0,500,0
41500,8,12,20,12,500,0.002,0.004,0.994,0.0,1,2,497,0
41500,9,4,13,15,500,0.018,0.514,0.306,0.162,9,257,153,81
41500,9,5,14,3,500,0.004,0.002,0.994,0.0,2,1,497,0
41500,9,6,15,12,500,0.016,0.01,0.958,0.016,8,5,479,8
41500,9,7,16,0,500,0.0,0.0,1.0,0.0,0,0,500,0
41500,9,8,17,9,500,0.026,0.036,0.936,0.002,13,18,468,1
41500,9,11,20,15,500,0.024,0.738,0.138,0.1,12,369,69,50
41500,10,0,10,0,500,0.0,0.0,1.0,0.0,0,0,500,0
41500,10,1,11,10,500,0.0,0.002,0.996,0.002,0,1,498,1
41500,10,2,12,20,500,0.006,0.0,0.994,0.0,3,0,497,0
41500,10,4,14,19,500,0.024,0.0,0.976,0.0,12,0,488,0
41500,10,5,15,8,500,0.01,0.0,0.988,0.002,5,0,494,1
41500,10,6,16,18,500,0.02,0.01,0.966,0.004,10,5,483,2
41500,10,7,17,7,500,0.0,0.0,1.0,0.0,0,0,500,0
41500,10,8,18,17,500,0.074,0.004,0.9,0.022,37,2,450,11
41500,10,9,19,6,500,0.0,0.0,1.0,0.0,0,0,500,0
41500,11,0,11,0,500,0.0,0.0,1.0,0.0,0,0,500,0
41500,11,1,12,11,500,0.002,0.0,0.998,0.0,1,0,499,0
41500,11,2,13,1,500,0.154,0.122,0.268,0.456,77,61,134,228
41500,11,6,17,3,500,0.008,0.0,0.992,0.0,4,0,496,0
41500,11,8,19,4,500,0.0,0.002,0.998,0.0,0,1,499,0
41500,11,9,20,15,500,0.024,0.736,0.146,0.094,12,368,73,47
41500,12,0,12,0,500,0.006,0.0,0.994,0.0,3,0,497,0
41500,12,1,13,12,500,0.004,0.002,0.992,0.002,2,1,496,1
41500,12,4,16,6,500,0.0,0.006,0.994,0.0,0,3,497,0
41500,12,5,17,18,500,0.03,0.022,0.948,0.0,15,11,474,0
41500,12,6,18,9,500,0.098,0.046,0.82,0.036,49,23,410,18
41500,12,8,20,12,500,0.002,0.002,0.996,0.0,1,1,498,0
41500,13,1,14,13,500,0.0,0.0,1.0,0.0,0,0,500,0
41500,13,3,16,18,500,0.016,0.01,0.962,0.012,8,5,481,6
41500,13,4,17,10,500,0.006,0.006,0.988,0.0,3,3,494,0
41500,13,5,18,2,500,0.0,0.002,0.996,0.002,0,1,498,1
41500,14,0,14,0,500,0.086,0.092,0.752,0.07,43,46,376,35
41500,14,1,15,14,500,0.026,0.036,0.702,0.236,13,18,351,118
41500,14,2,16,7,500,0.0,0.0,1.0,0.0,0,0,500,0
41500,14,3,17,0,500,0.002,0.0,0.998,0.0,1,0,499,0
41500,14,4,18,14,500,0.026,0.124,0.808,0.042,13,62,404,21
41500,14,5,19,7,500,0.022,0.072,0.838,0.068,11,36,419,34
41500,15,0,15,0,500,0.002,0.0,0.998,0.0,1,0,499,0
41500,15,2,17,9,500,0.196,0.006,0.772,0.026,98,3,386,13
41500,16,0,16,0,500,0.0,0.0,1.0,0.0,0,0,500,0
41500,16,2,18,11,500,0.0,0.0,1.0,0.0,0,0,500,0
41500,16,3,19,6,500,0.0,0.0,1.0,0.0,0,0,500,0
41500,17,0,17,0,500,0.002,0.0,0.998,0.0,1,0,499,0
41500,17,1,18,17,500,0.046,0.004,0.942,0.008,23,2,471,4
41500,17,2,19,13,500,0.0,0.0,1.0,0.0,0,0,500,0
41500,17,3,20,9,500,0.0,0.006,0.994,0.0,0,3,497,0
41500,18,0,18,0,500,0.0,0.0,1.0,0.0,0,0,500,0
41500,18,2,20,15,500,0.28,0.062,0.264,0.394,140,31,132,197
41500,19,0,19,0,500,0.0,0.0,1.0,0.0,0,0,500,0
41500,19,1,20,19,500,0.068,0.044,0.834,0.054,34,22,417,27
41500,20,0,20,0,500,0.0,0.0,1.0,0.0,0,0,500,0
42000,0,2,2,0,500,0.0,0.0,1.0,0.0,0,0,500,0
42000,0,5,5,0,500,0.0,0.0,1.0,0.0,0,0,500,0
42000,0,6,6,0,500,0.002,0.0,0.984,0.014,1,0,492,7
42000,0,7,7,0,500,0.004,0.41,0.226,0.36,2,205,113,180
42000,0,8,8,0,500,0.0,0.0,1.0,0.0,0,0,500,0
42000,0,10,10,0,500,0.0,0.0,1.0,0.0,0,0,500,0
42000,0,11,11,0,500,0.0,0.0,1.0,0.0,0,0,500,0
42000,0,14,14,0,500,0.06,0.092,0.782,0.066,30,46,391,33
42000,0,15,15,0,500,0.0,0.0,1.0,0.0,0,0,500,0
42000,0,16,16,0,500,0.0,0.0,1.0,0.0,0,0,500,0
42000,0,20,20,0,500,0.0,0.0,1.0,0.0,0,0,500,0
42000,1,0,1,0,500,0.0,0.0,1.0,0.0,0,0,500,0
42000,1,1,2,1,500,0.002,0.658,0.138,0.202,1,329,69,101
42000,1,3,4,3,500,0.076,0.306,0.274,0.344,38,153,137,172
42000,1,4,5,4,500,0.006,0.0,0.994,0.0,3,0,497,0
42000,1,5,6,5,500,0.012,0.052,0.392,0.544,6,26,196,272
42000,1,7,8,7,500,0.004,0.0,0.996,0.0,2,0,498,0
42000,1,8,9,8,500,0.082,0.004,0.872,0.042,41,2,436,21
42000,1,9,10,9,500,0.002,0.012,0.984,0.002,1,6,492,1
42000,1,11,12,11,500,0.002,0.0,0.996,0.002,1,0,498,1
42000,1,13,14,13,500,0.002,0.0,0.998,0.0,1,0,499,0
42000,1,14,15,14,500,0.006,0.03,0.78,0.184,3,15,390,92
42000,1,18,19,18,500,0.254,0.052,0.526,0.168,127,26,263,84
42000,1,19,20,19,500,0.106,0.088,0.772,0.034,53,44,386,17
42000,2,3,5,6,500,0.046,0.096,0.518,0.34,23,48,259,170
42000,2,8,10,16,500,0.138,0.014,0.448,0.4,69,7,224,200
42000,2,10,12,20,500,0.0,0.0,1.0,0.0,0,0,500,0
42000,2,11,13,1,500,0.192,0.068,0.248,0.492,96,34,124,246
42000,2,12,14,3,500,0.008,0.0,0.992,0.0,4,0,496,0
42000,2,14,16,7,500,0.0,0.0,1.0,0.0,0,0,500,0
42000,2,15,17,9,500,0.142,0.01,0.81,0.038,71,5,405,19
42000,2,18,20,15,500,0.358,0.092,0.224,0.326,179,46,112,163
42000,3,0,3,0,500,0.008,0.008,0.984,0.0,4,4,492,0
42000,3,2,5,6,500,0.092,0.07,0.48,0.358,46,35,240,179
42000,3,4,7,12,500,0.07,0.04,0.854,0.036,35,20,427,18
42000,3,5,8,15,500,0.022,0.006,0.96,0.012,11,3,480,6
42000,3,6,9,18,500,0.146,0.062,0.73,0.062,73,31,365,31
42000,3,7,10,0,500,0.0,0.0,1.0,0.0,0,0,500,0
42000,3,8,11,3,500,0.012,0.004,0.978,0.006,6,2,489,3
42000,3,9,12,6,500,0.008,0.002,0.988,0.002,4,1,494,1
42000,3,10,13,9,500,0.0,0.002,0.998,0.0,0,1,499,0
42000,3,13,16,18,500,0.01,0.002,0.972,0.016,5,1,486,8
42000,3,14,17,0,500,0.002,0.002,0.996,0.0,1,1,498,0
42000,3,15,18,3,500,0.598,0.03,0.28,0.092,299,15,140,46
42000,3,16,19,6,500,0.0,0.002,0.998,0.0,0,1,499,0
42000,3,17,20,9,500,0.002,0.01,0.988,0.0,1,5,494,0
42000,4,0,4,0,500,0.0,0.0,1.0,0.0,0,0,500,0
42000,4,2,6,8,500,0.034,0.06,0.894,0.012,17,30,447,6
42000,4,5,9,20,500,0.0,0.002,0.998,0.0,0,1,499,0
42000,4,6,10,3,500,0.016,0.002,0.98,0.002,8,1,490,1
42000,4,7,11,7,500,0.0,0.0,1.0,0.0,0,0,500,0
42000,4,8,12,11,500,0.012,0.0,0.984,0.004,6,0,492,2
42000,4,9,13,15,500,0.02,0.326,0.416,0.238,10,163,208,119
42000,4,10,14,19,500,0.01,0.0,0.99,0.0,5,0,495,0
42000,4,11,15,2,500,0.002,0.0,0.994,0.004,1,0,497,2
42000,4,12,16,6,500,0.002,0.002,0.996,0.0,1,1,498,0
42000,4,13,17,10,500,0.004,0.0,0.996,0.0,2,0,498,0
42000,4,14,18,14,500,0.01,0.022,0.962,0.006,5,11,481,3
42000,4,16,20,1,500,0.0,0.0,1.0,0.0,0,0,500,0
42000,5,0,5,0,500,0.0,0.0,1.0,0.0,0,0,500,0
42000,5,2,7,10,500,0.0,0.0,1.0,0.0,0,0,500,0
42000,5,3,8,15,500,0.01,0.01,0.966,0.014,5,5,483,7
42000,5,4,9,20,500,0.002,0.002,0.996,0.0,1,1,498,0
42000,5,5,10,4,500,0.056,0.022,0.914,0.008,28,11,457,4
42000,5,7,12,14,500,0.008,0.03,0.956,0.006,4,15,478,3
42000,5,9,14,3,500,0.004,0.004,0.992,0.0,2,2,496,0
42000,5,10,15,8,500,0.006,0.004,0.986,0.004,3,2,493,2
42000,5,11,16,13,500,0.006,0.002,0.99,0.002,3,1,495,1
42000,5,12,17,18,500,0.058,0.014,0.908,0.02,29,7,454,10
42000,5,14,19,7,500,0.05,0.066,0.838,0.046,25,33,419,23
42000,5,15,20,12,500,0.012,0.014,0.972,0.002,6,7,486,1
42000,6,1,7,6,500,0.006,0.0,0.994,0.0,3,0,497,0
42000,6,2,8,12,500,0.07,0.0,0.916,0.014,35,0,458,7
42000,6,6,12,15,500,0.012,0.006,0.978,0.004,6,3,489,2
42000,6,8,14,6,500,0.016,0.002,0.972,0.01,8,1,486,5
42000,6,9,15,12,500,0.004,0.004,0.976,0.016,2,2,488,8
42000,6,12,18,9,500,0.128,0.054,0.76,0.058,64,27,380,29
42000,6,13,19,15,500,0.022,0.01,0.958,0.01,11,5,479,5
42000,7,0,7,0,500,0.002,0.388,0.262,0.348,1,194,131,174
42000,7,1,8,7,500,0.0,0.0,1.0,0.0,0,0,500,0
42000,7,3,10,0,500,0.0,0.0,1.0,0.0,0,0,500,0
42000,7,4,11,7,500,0.0,0.0,1.0,0.0,0,0,500,0
42000,7,7,14,7,500,0.048,0.086,0.784,0.082,24,43,392,41
42000,7,8,15,14,500,0.018,0.074,0.838,0.07,9,37,419,35
42000,7,9,16,0,500,0.0,0.0,1.0,0.0,0,0,500,0
42000,7,11,18,14,500,0.016,0.068,0.886,0.03,8,34,443,15
42000,7,13,20,7,500,0.0,0.004,0.996,0.0,0,2,498,0
42000,8,0,8,0,500,0.002,0.0,0.998,0.0,1,0,499,0
42000,8,1,9,8,500,0.12,0.006,0.844,0.03,60,3,422,15
42000,8,3,11,3,500,0.018,0.008,0.966,0.008,9,4,483,4
42000,8,5,13,19,500,0.0,0.0,1.0,0.0,0,0,500,0
42000,8,6,14,6,500,0.02,0.0,0.97,0.01,10,0,485,5
42000,8,7,15,14,500,0.024,0.024,0.866,0.086,12,12,433,43
42000,8,9,17,9,500,0.016,0.012,0.972,0.0,8,6,486,0
42000,8,11,19,4,500,0.0,0.002,0.996,0.002,0,1,498,1
42000,8,12,20,12,500,0.0,0.0,1.0,0.0,0,0,500,0
42000,9,4,13,15,500,0.014,0.416,0.35,0.22,7,208,175,110
42000,9,5,14,3,500,0.002,0.0,0.998,0.0,1,0,499,0
42000,9,6,15,12,500,0.016,0.01,0.96,0.014,8,5,480,7
42000,9,7,16,0,500,0.0,0.0,1.0,0.0,0,0,500,0
42000,9,8,17,9,500,0.01,0.01,0.978,0.002,5,5,489,1
42000,9,11,20,15,500,0.014,0.796,0.098,0.092,7,398,49,46
42000,10,0,10,0,500,0.0,0.0,1.0,0.0,0,0,500,0
42000,10,1,11,10,500,0.0,0.0,0.998,0.002,0,0,499,1
42000,10,2,12,20,500,0.0,0.0,1.0,0.0,0,0,500,0
42000,10,4,14,19,500,0.018,0.0,0.982,0.0,9,0,491,0
42000,10,5,15,8,500,0.008,0.008,0.98,0.004,4,4,490,2
42000,10,6,16,18,500,0.0,0.004,0.992,0.004,0,2,496,2
42000,10,7,17,7,500,0.0,0.0,1.0,0.0,0,0,500,0
42000,10,8,18,17,500,0.058,0.008,0.916,0.018,29,4,458,9
42000,10,9,19,6,500,0.0,0.0,1.0,0.0,0,0,500,0
42000,11,0,11,0,500,0.0,0.0,1.0,0.0,0,0,500,0
42000,11,1,12,11,500,0.006,0.0,0.992,0.002,3,0,496,1
42000,11,2,13,1,500,0.166,0.062,0.244,0.528,83,31,122,264
42000,11,6,17,3,500,0.016,0.004,0.976,0.004,8,2,488,2
42000,11,8,19,4,500,0.002,0.002,0.994,0.002,1,1,497,1
42000,11,9,20,15,500,0.026,0.804,0.078,0.092,13,402,39,46
42000,12,0,12,0,500,0.004,0.0,0.996,0.0,2,0,498,0
42000,12,1,13,12,500,0.002,0.002,0.996,0.0,1,1,498,0
42000,12,4,16,6,500,0.002,0.004,0.992,0.002,1,2,496,1
42000,12,5,17,18,500,0.038,0.018,0.938,0.006,19,9,469,3
42000,12,6,18,9,500,0.14,0.058,0.744,0.058,70,29,372,29
42000,12,8,20,12,500,0.0,0.0,1.0,0.0,0,0,500,0
42000,13,1,14,13,500,0.002,0.002,0.996,0.0,1,1,498,0
42000,13,3,16,18,500,0.008,0.0,0.98,0.012,4,0,490,6
42000,13,4,17,10,500,0.004,0.0,0.996,0.0,2,0,498,0
42000,13,5,18,2,500,0.0,0.0,1.0,0.0,0,0,500,0
42000,14,0,14,0,500,0.064,0.09,0.766,0.08,32,45,383,40
42000,14,1,15,14,500,0.008,0.038,0.744,0.21,4,19,372,105
42000,14,2,16,7,500,0.0,0.0,1.0,0.0,0,0,500,0
42000,14,3,17,0,500,0.0,0.004,0.996,0.0,0,2,498,0
42000,14,4,18,14,500,0.036,0.1,0.824,0.04,18,50,412,20
42000,14,5,19,7,500,0.046,0.014,0.926,0.014,23,7,463,7
42000,15,0,15,0,500,0.0,0.0,0.998,0.002,0,0,499,1
42000,15,2,17,9,500,0.152,0.016,0.798,0.034,76,8,399,17
42000,16,0,16,0,500,0.0,0.0,1.0,0.0,0,0,500,0
42000,16,2,18,11,500,0.0,0.0,1.0,0.0,0,0,500,0
42000,16,3,19,6,500,0.0,0.0,1.0,0.0,0,0,500,0
42000,17,0,17,0,500,0.0,0.0,1.0,0.0,0,0,500,0
42000,17,1,18,17,500,0.038,0.006,0.946,0.01,19,3,473,5
42000,17,2,19,13,500,0.0,0.0,1.0,0.0,0,0,500,0
42000,17,3,20,9,500,0.002,0.004,0.994,0.0,1,2,497,0
42000,18,0,18,0,500,0.0,0.0,1.0,0.0,0,0,500,0
42000,18,2,20,15,500,0.26,0.12,0.26,0.36,130,60,130,180
42000,19,0,19,0,500,0.0,0.0,1.0,0.0,0,0,500,0
42000,19,1,20,19,500,0.11,0.064,0.774,0.052,55,32,387,26
42000,20,0,20,0,500,0.0,0.0,1.0,0.0,0,0,500,0
42500,0,2,2,0,500,0.0,0.0,1.0,0.0,0,0,500,0
42500,0,5,5,0,500,0.0,0.0,1.0,0.0,0,0,500,0
42500,0,6,6,0,500,0.01,0.0,0.98,0.01,5,0,490,5
42500,0,7,7,0,500,0.012,0.402,0.18,0.406,6,201,90,203
42500,0,8,8,0,500,0.002,0.0,0.998,0.0,1,0,499,0
42500,0,10,10,0,500,0.0,0.0,1.0,0.0,0,0,500,0
42500,0,11,11,0,500,0.0,0.0,1.0,0.0,0,0,500,0
42500,0,14,14,0,500,0.026,0.066,0.854,0.054,13,33,427,27
42500,0,15,15,0,500,0.0,0.0,0.998,0.002,0,0,499,1
42500,0,16,16,0,500,0.0,0.0,1.0,0.0,0,0,500,0
42500,0,20,20,0,500,0.0,0.0,1.0,0.0,0,0,500,0
42500,1,0,1,0,500,0.0,0.0,1.0,0.0,0,0,500,0
42500,1,1,2,1,500,0.004,0.76,0.086,0.15,2,380,43,75
42500,1,3,4,3,500,0.084,0.22,0.34,0.356,42,110,170,178
42500,1,4,5,4,500,0.026,0.002,0.96,0.012,13,1,480,6
42500,1,5,6,5,500,0.016,0.046,0.544,0.394,8,23,272,197
42500,1,7,8,7,500,0.002,0.0,0.998,0.0,1,0,499,0
42500,1,8,9,8,500,0.09,0.0,0.896,0.014,45,0,448,7
42500,1,9,10,9,500,0.0,0.006,0.994,0.0,0,3,497,0
42500,1,11,12,11,500,0.008,0.0,0.992,0.0,4,0,496,0
42500,1,13,14,13,500,0.0,0.0,1.0,0.0,0,0,500,0
42500,1,14,15,14,500,0.006,0.04,0.83,0.124,3,20,415,62
42500,1,18,19,18,500,0.188,0.038,0.538,0.236,94,19,269,118
42500,1,19,20,19,500,0.05,0.046,0.846,0.058,25,23,423,29
42500,2,3,5,6,500,0.042,0.052,0.594,0.312,21,26,297,156
42500,2,8,10,16,500,0.132,0.02,0.46,0.388,66,10,230,194
42500,2,10,12,20,500,0.0,0.002,0.998,0.0,0,1,499,0
42500,2,11,13,1,500,0.24,0.062,0.294,0.404,120,31,147,202
42500,2,12,14,3,500,0.002,0.0,0.998,0.0,1,0,499,0
42500,2,14,16,7,500,0.0,0.0,1.0,0.0,0,0,500,0
42500,2,15,17,9,500,0.098,0.012,0.848,0.042,49,6,424,21
42500,2,18,20,15,500,0.434,0.078,0.206,0.282,217,39,103,141
42500,3,0,3,0,500,0.0,0.006,0.994,0.0,0,3,497,0
42500,3,2,5,6,500,0.046,0.052,0.602,0.3,23,26,301,150
42500,3,4,7,12,500,0.114,0.032,0.824,0.03,57,16,412,15
42500,3,5,8,15,500,0.018,0.01,0.966,0.006,9,5,483,3
42500,3,6,9,18,500,0.158,0.052,0.728,0.062,79,26,364,31
42500,3,7,10,0,500,0.002,0.0,0.998,0.0,1,0,499,0
42500,3,8,11,3,500,0.016,0.01,0.968,0.006,8,5,484,3
42500,3,9,12,6,500,0.012,0.01,0.978,0.0,6,5,489,0
42500,3,10,13,9,500,0.0,0.002,0.998,0.0,0,1,499,0
42500,3,13,16,18,500,0.038,0.002,0.95,0.01,19,1,475,5
42500,3,14,17,0,500,0.0,0.002,0.998,0.0,0,1,499,0
42500,3,15,18,3,500,0.602,0.062,0.238,0.098,301,31,119,49
42500,3,16,19,6,500,0.002,0.0,0.998,0.0,1,0,499,0
42500,3,17,20,9,500,0.002,0.008,0.99,0.0,1,4,495,0
42500,4,0,4,0,500,0.0,0.0,1.0,0.0,0,0,500,0
42500,4,2,6,8,500,0.052,0.01,0.932,0.006,26,5,466,3
42500,4,5,9,20,500,0.0,0.002,0.998,0.0,0,1,499,0
42500,4,6,10,3,500,0.034,0.004,0.956,0.006,17,2,478,3
42500,4,7,11,7,500,0.0,0.002,0.998,0.0,0,1,499,0
42500,4,8,12,11,500,0.014,0.002,0.982,0.002,7,1,491,1
42500,4,9,13,15,500,0.02,0.366,0.38,0.234,10,183,190,117
42500,4,10,14,19,500,0.038,0.002,0.96,0.0,19,1,480,0
42500,4,11,15,2,500,0.008,0.002,0.986,0.004,4,1,493,2
42500,4,12,16,6,500,0.0,0.002,0.998,0.0,0,1,499,0
42500,4,13,17,10,500,0.006,0.0,0.992,0.002,3,0,496,1
42500,4,14,18,14,500,0.018,0.028,0.954,0.0,9,14,477,0
42500,4,16,20,1,500,0.0,0.0,1.0,0.0,0,0,500,0
42500,5,0,5,0,500,0.0,0.0,1.0,0.0,0,0,500,0
42500,5,2,7,10,500,0.0,0.0,1.0,0.0,0,0,500,0
42500,5,3,8,15,500,0.014,0.002,0.978,0.006,7,1,489,3
42500,5,4,9,20,500,0.0,0.004,0.996,0.0,0,2,498,0
42500,5,5,10,4,500,0.256,0.048,0.608,0.088,128,24,304,44
42500,5,7,12,14,500,0.016,0.044,0.928,0.012,8,22,464,6
42500,5,9,14,3,500,0.0,0.004,0.996,0.0,0,2,498,0
42500,5,10,15,8,500,0.01,0.01,0.974,0.006,5,5,487,3
42500,5,11,16,13,500,0.004,0.002,0.994,0.0,2,1,497,0
42500,5,12,17,18,500,0.04,0.026,0.922,0.012,20,13,461,6
42500,5,14,19,7,500,0.016,0.038,0.922,0.024,8,19,461,12
42500,5,15,20,12,500,0.002,0.0,0.996,0.002,1,0,498,1
42500,6,1,7,6,500,0.006,0.0,0.992,0.002,3,0,496,1
42500,6,2,8,12,500,0.09,0.004,0.902,0.004,45,2,451,2
42500,6,6,12,15,500,0.024,0.004,0.966,0.006,12,2,483,3
42500,6,8,14,6,500,0.014,0.002,0.976,0.008,7,1,488,4
42500,6,9,15,12,500,0.014,0.008,0.962,0.016,7,4,481,8
42500,6,12,18,9,500,0.186,0.04,0.724,0.05,93,20,362,25
42500,6,13,19,15,500,0.012,0.002,0.984,0.002,6,1,492,1
42500,7,0,7,0,500,0.006,0.358,0.294,0.342,3,179,147,171
42500,7,1,8,7,500,0.0,0.0,1.0,0.0,0,0,500,0
42500,7,3,10,0,500,0.0,0.0,1.0,0.0,0,0,500,0
42500,7,4,11,7,500,0.0,0.0,1.0,0.0,0,0,500,0
42500,7,7,14,7,500,0.07,0.104,0.658,0.168,35,52,329,84
42500,7,8,15,14,500,0.036,0.092,0.76,0.112,18,46,380,56
42500,7,9,16,0,500,0.0,0.0,1.0,0.0,0,0,500,0
42500,7,11,18,14,500,0.02,0.078,0.888,0.014,10,39,444,7
42500,7,13,20,7,500,0.002,0.0,0.998,0.0,1,0,499,0
42500,8,0,8,0,500,0.0,0.0,1.0,0.0,0,0,500,0
42500,8,1,9,8,500,0.138,0.002,0.836,0.024,69,1,418,12
42500,8,3,11,3,500,0.024,0.006,0.964,0.006,12,3,482,3
42500,8,5,13,19,500,0.0,0.0,1.0,0.0,0,0,500,0
42500,8,6,14,6,500,0.016,0.006,0.97,0.008,8,3,485,4
42500,8,7,15,14,500,0.024,0.034,0.87,0.072,12,17,435,36
42500,8,9,17,9,500,0.0,0.006,0.994,0.0,0,3,497,0
42500,8,11,19,4,500,0.0,0.0,1.0,0.0,0,0,500,0
42500,8,12,20,12,500,0.0,0.002,0.996,0.002,0,1,498,1
42500,9,4,13,15,500,0.01,0.458,0.284,0.248,5,229,142,124
42500,9,5,14,3,500,0.0,0.0,1.0,0.0,0,0,500,0
42500,9,6,15,12,500,0.002,0.008,0.98,0.01,1,4,490,5
42500,9,7,16,0,500,0.0,0.0,1.0,0.0,0,0,500,0
42500,9,8,17,9,500,0.008,0.006,0.986,0.0,4,3,493,0
42500,9,11,20,15,500,0.044,0.724,0.118,0.114,22,362,59,57
42500,10,0,10,0,500,0.0,0.0,1.0,0.0,0,0,500,0
42500,10,1,11,10,500,0.002,0.0,0.996,0.002,1,0,498,1
42500,10,2,12,20,500,0.004,0.0,0.996,0.0,2,0,498,0
42500,10,4,14,19,500,0.018,0.0,0.982,0.0,9,0,491,0
42500,10,5,15,8,500,0.008,0.002,0.986,0.004,4,1,493,2
42500,10,6,16,18,500,0.004,0.0,0.996,0.0,2,0,498,0
42500,10,7,17,7,500,0.0,0.0,1.0,0.0,0,0,500,0
42500,10,8,18,17,500,0.036,0.0,0.946,0.018,18,0,473,9
42500,10,9,19,6,500,0.0,0.0,1.0,0.0,0,0,500,0
42500,11,0,11,0,500,0.0,0.0,1.0,0.0,0,0,500,0
42500,11,1,12,11,500,0.006,0.002,0.992,0.0,3,1,496,0
42500,11,2,13,1,500,0.168,0.074,0.296,0.462,84,37,148,231
42500,11,6,17,3,500,0.006,0.0,0.994,0.0,3,0,497,0
42500,11,8,19,4,500,0.0,0.0,0.998,0.002,0,0,499,1
42500,11,9,20,15,500,0.012,0.742,0.15,0.096,6,371,75,48
42500,12,0,12,0,500,0.002,0.0,0.998,0.0,1,0,499,0
42500,12,1,13,12,500,0.0,0.0,1.0,0.0,0,0,500,0
42500,12,4,16,6,500,0.0,0.002,0.998,0.0,0,1,499,0
42500,12,5,17,18,500,0.024,0.022,0.946,0.008,12,11,473,4
42500,12,6,18,9,500,0.174,0.036,0.722,0.068,87,18,361,34
42500,12,8,20,12,500,0.002,0.002,0.996,0.0,1,1,498,0
42500,13,1,14,13,500,0.0,0.0,1.0,0.0,0,0,500,0
42500,13,3,16,18,500,0.014,0.004,0.974,0.008,7,2,487,4
42500,13,4,17,10,500,0.008,0.0,0.99,0.002,4,0,495,1
42500,13,5,18,2,500,0.0,0.002,0.998,0.0,0,1,499,0
42500,14,0,14,0,500,0.048,0.056,0.832,0.064,24,28,416,32
42500,14,1,15,14,500,0.012,0.074,0.672,0.242,6,37,336,121
42500,14,2,16,7,500,0.0,0.0,1.0,0.0,0,0,500,0
42500,14,3,17,0,500,0.0,0.004,0.996,0.0,0,2,498,0
42500,14,4,18,14,500,0.012,0.084,0.892,0.012,6,42,446,6
42500,14,5,19,7,500,0.03,0.13,0.76,0.08,15,65,380,40
42500,15,0,15,0,500,0.002,0.0,0.998,0.0,1,0,499,0
42500,15,2,17,9,500,0.176,0.014,0.766,0.044,88,7,383,22
42500,16,0,16,0,500,0.0,0.0,1.0,0.0,0,0,500,0
42500,16,2,18,11,500,0.0,0.0,1.0,0.0,0,0,500,0
42500,16,3,19,6,500,0.002,0.0,0.998,0.0,1,0,499,0
42500,17,0,17,0,500,0.0,0.0,1.0,0.0,0,0,500,0
42500,17,1,18,17,500,0.04,0.0,0.944,0.016,20,0,472,8
42500,17,2,19,13,500,0.0,0.0,1.0,0.0,0,0,500,0
42500,17,3,20,9,500,0.0,0.008,0.99,0.002,0,4,495,1
42500,18,0,18,0,500,0.002,0.0,0.998,0.0,1,0,499,0
42500,18,2,20,15,500,0.28,0.1,0.284,0.336,140,50,142,168
42500,19,0,19,0,500,0.0,0.0,1.0,0.0,0,0,500,0
42500,19,1,20,19,500,0.068,0.054,0.834,0.044,34,27,417,22
42500,20,0,20,0,500,0.0,0.002,0.998,0.0,0,1,499,0
43000,0,2,2,0,500,0.0,0.0,1.0,0.0,0,0,500,0
43000,0,5,5,0,500,0.0,0.0,1.0,0.0,0,0,500,0
43000,0,6,6,0,500,0.004,0.0,0.988,0.008,2,0,494,4
43000,0,7,7,0,500,0.002,0.394,0.242,0.362,1,197,121,181
43000,0,8,8,0,500,0.002,0.0,0.998,0.0,1,0,499,0
43000,0,10,10,0,500,0.0,0.0,1.0,0.0,0,0,500,0
43000,0,11,11,0,500,0.0,0.0,1.0,0.0,0,0,500,0
43000,0,14,14,0,500,0.05,0.062,0.832,0.056,25,31,416,28
43000,0,15,15,0,500,0.002,0.0,0.998,0.0,1,0,499,0
43000,0,16,16,0,500,0.0,0.0,1.0,0.0,0,0,500,0
43000,0,20,20,0,500,0.0,0.0,1.0,0.0,0,0,500,0
43000,1,0,1,0,500,0.0,0.0,1.0,0.0,0,0,500,0
43000,1,1,2,1,500,0.002,0.676,0.144,0.178,1,338,72,89
43000,1,3,4,3,500,0.076,0.286,0.29,0.348,38,143,145,174
43000,1,4,5,4,500,0.004,0.0,0.996,0.0,2,0,498,0
43000,1,5,6,5,500,0.014,0.09,0.41,0.486,7,45,205,243
43000,1,7,8,7,500,0.0,0.0,1.0,0.0,0,0,500,0
43000,1,8,9,8,500,0.078,0.008,0.902,0.012,39,4,451,6
43000,1,9,10,9,500,0.0,0.01,0.986,0.004,0,5,493,2
43000,1,11,12,11,500,0.0,0.0,1.0,0.0,0,0,500,0
43000,1,13,14,13,500,0.006,0.0,0.994,0.0,3,0,497,0
43000,1,14,15,14,500,0.0,0.026,0.814,0.16,0,13,407,80
43000,1,18,19,18,500,0.128,0.07,0.722,0.08,64,35,361,40
43000,1,19,20,19,500,0.032,0.076,0.764,0.128,16,38,382,64
43000,2,3,5,6,500,0.054,0.072,0.462,0.412,27,36,231,206
43000,2,8,10,16,500,0.094,0.016,0.428,0.462,47,8,214,231
43000,2,10,12,20,500,0.0,0.0,1.0,0.0,0,0,500,0
43000,2,11,13,1,500,0.122,0.166,0.242,0.47,61,83,121,235
43000,2,12,14,3,500,0.002,0.0,0.998,0.0,1,0,499,0
43000,2,14,16,7,500,0.0,0.0,1.0,0.0,0,0,500,0
43000,2,15,17,9,500,0.09,0.014,0.872,0.024,45,7,436,12
43000,2,18,20,15,500,0.39,0.102,0.232,0.276,195,51,116,138
43000,3,0,3,0,500,0.002,0.004,0.994,0.0,1,2,497,0
43000,3,2,5,6,500,0.054,0.072,0.466,0.408,27,36,233,204
43000,3,4,7,12,500,0.306,0.064,0.482,0.148,153,32,241,74
43000,3,5,8,15,500,0.03,0.022,0.94,0.008,15,11,470,4
43000,3,6,9,18,500,0.204,0.042,0.67,0.084,102,21,335,42
43000,3,7,10,0,500,0.0,0.0,1.0,0.0,0,0,500,0
43000,3,8,11,3,500,0.004,0.004,0.988,0.004,2,2,494,2
43000,3,9,12,6,500,0.008,0.006,0.986,0.0,4,3,493,0
43000,3,10,13,9,500,0.0,0.0,1.0,0.0,0,0,500,0
43000,3,13,16,18,500,0.018,0.004,0.974,0.004,9,2,487,2
43000,3,14,17,0,500,0.0,0.0,1.0,0.0,0,0,500,0
43000,3,15,18,3,500,0.644,0.066,0.222,0.068,322,33,111,34
43000,3,16,19,6,500,0.002,0.002,0.996,0.0,1,1,498,0
43000,3,17,20,9,500,0.0,0.012,0.988,0.0,0,6,494,0
43000,4,0,4,0,500,0.0,0.0,1.0,0.0,0,0,500,0
43000,4,2,6,8,500,0.022,0.014,0.96,0.004,11,7,480,2
43000,4,5,9,20,500,0.0,0.0,1.0,0.0,0,0,500,0
43000,4,6,10,3,500,0.03,0.002,0.966,0.002,15,1,483,1
43000,4,7,11,7,500,0.0,0.0,1.0,0.0,0,0,500,0
43000,4,8,12,11,500,0.004,0.004,0.992,0.0,2,2,496,0
43000,4,9,13,15,500,0.016,0.436,0.314,0.234,8,218,157,117
43000,4,10,14,19,500,0.026,0.01,0.962,0.002,13,5,481,1
43000,4,11,15,2,500,0.0,0.006,0.986,0.008,0,3,493,4
43000,4,12,16,6,500,0.0,0.002,0.996,0.002,0,1,498,1
43000,4,13,17,10,500,0.0,0.0,1.0,0.0,0,0,500,0
43000,4,14,18,14,500,0.018,0.056,0.92,0.006,9,28,460,3
43000,4,16,20,1,500,0.0,0.0,1.0,0.0,0,0,500,0
43000,5,0,5,0,500,0.0,0.0,1.0,0.0,0,0,500,0
43000,5,2,7,10,500,0.0,0.002,0.998,0.0,0,1,499,0
43000,5,3,8,15,500,0.014,0.002,0.976,0.008,7,1,488,4
43000,5,4,9,20,500,0.0,0.006,0.994,0.0,0,3,497,0
43000,5,5,10,4,500,0.108,0.106,0.712,0.074,54,53,356,37
43000,5,7,12,14,500,0.028,0.084,0.872,0.016,14,42,436,8
43000,5,9,14,3,500,0.012,0.004,0.984,0.0,6,2,492,0
43000,5,10,15,8,500,0.01,0.004,0.982,0.004,5,2,491,2
43000,5,11,16,13,500,0.002,0.002,0.996,0.0,1,1,498,0
43000,5,12,17,18,500,0.054,0.016,0.918,0.012,27,8,459,6
43000,5,14,19,7,500,0.012,0.05,0.9,0.038,6,25,450,19
43000,5,15,20,12,500,0.004,0.016,0.978,0.002,2,8,489,1
43000,6,1,7,6,500,0.002,0.002,0.996,0.0,1,1,498,0
43000,6,2,8,12,500,0.068,0.002,0.916,0.014,34,1,458,7
43000,6,6,12,15,500,0.008,0.004,0.984,0.004,4,2,492,2
43000,6,8,14,6,500,0.008,0.0,0.992,0.0,4,0,496,0
43000,6,9,15,12,500,0.006,0.002,0.986,0.006,3,1,493,3
43000,6,12,18,9,500,0.206,0.058,0.656,0.08,103,29,328,40
43000,6,13,19,15,500,0.012,0.004,0.984,0.0,6,2,492,0
43000,7,0,7,0,500,0.002,0.358,0.286,0.354,1,179,143,177
43000,7,1,8,7,500,0.002,0.0,0.998,0.0,1,0,499,0
43000,7,3,10,0,500,0.0,0.0,1.0,0.0,0,0,500,0
43000,7,4,11,7,500,0.0,0.0,1.0,0.0,0,0,500,0
43000,7,7,14,7,500,0.04,0.066,0.808,0.086,20,33,404,43
43000,7,8,15,14,500,0.008,0.05,0.854,0.088,4,25,427,44
43000,7,9,16,0,500,0.0,0.0,1.0,0.0,0,0,500,0
43000,7,11,18,14,500,0.006,0.032,0.954,0.008,3,16,477,4
43000,7,13,20,7,500,0.0,0.0,1.0,0.0,0,0,500,0
43000,8,0,8,0,500,0.0,0.0,1.0,0.0,0,0,500,0
43000,8,1,9,8,500,0.094,0.002,0.884,0.02,47,1,442,10
43000,8,3,11,3,500,0.02,0.018,0.952,0.01,10,9,476,5
43000,8,5,13,19,500,0.0,0.0,1.0,0.0,0,0,500,0
43000,8,6,14,6,500,0.012,0.0,0.986,0.002,6,0,493,1
43000,8,7,15,14,500,0.01,0.042,0.904,0.044,5,21,452,22
43000,8,9,17,9,500,0.004,0.004,0.992,0.0,2,2,496,0
43000,8,11,19,4,500,0.002,0.0,0.998,0.0,1,0,499,0
43000,8,12,20,12,500,0.0,0.004,0.996,0.0,0,2,498,0
43000,9,4,13,15,500,0.012,0.442,0.324,0.222,6,221,162,111
43000,9,5,14,3,500,0.006,0.004,0.99,0.0,3,2,495,0
43000,9,6,15,12,500,0.012,0.006,0.976,0.006,6,3,488,3
43000,9,7,16,0,500,0.0,0.0,1.0,0.0,0,0,500,0
43000,9,8,17,9,500,0.002,0.012,0.986,0.0,1,6,493,0
43000,9,11,20,15,500,0.018,0.724,0.12,0.138,9,362,60,69
43000,10,0,10,0,500,0.0,0.0,1.0,0.0,0,0,500,0
43000,10,1,11,10,500,0.002,0.0,0.996,0.002,1,0,498,1
43000,10,2,12,20,500,0.004,0.0,0.996,0.0,2,0,498,0
43000,10,4,14,19,500,0.026,0.002,0.972,0.0,13,1,486,0
43000,10,5,15,8,500,0.012,0.0,0.986,0.002,6,0,493,1
43000,10,6,16,18,500,0.024,0.0,0.974,0.002,12,0,487,1
43000,10,7,17,7,500,0.0,0.0,1.0,0.0,0,0,500,0
43000,10,8,18,17,500,0.052,0.002,0.934,0.012,26,1,467,6
43000,10,9,19,6,500,0.0,0.002,0.998,0.0,0,1,499,0
43000,11,0,11,0,500,0.0,0.0,1.0,0.0,0,0,500,0
43000,11,1,12,11,500,0.0,0.0,1.0,0.0,0,0,500,0
43000,11,2,13,1,500,0.162,0.08,0.274,0.484,81,40,137,242
43000,11,6,17,3,500,0.016,0.006,0.976,0.002,8,3,488,1
43000,11,8,19,4,500,0.002,0.0,0.996,0.002,1,0,498,1
43000,11,9,20,15,500,0.022,0.778,0.108,0.092,11,389,54,46
43000,12,0,12,0,500,0.0,0.0,1.0,0.0,0,0,500,0
43000,12,1,13,12,500,0.008,0.004,0.988,0.0,4,2,494,0
43000,12,4,16,6,500,0.0,0.002,0.998,0.0,0,1,499,0
43000,12,5,17,18,500,0.032,0.024,0.938,0.006,16,12,469,3
43000,12,6,18,9,500,0.164,0.046,0.702,0.088,82,23,351,44
43000,12,8,20,12,500,0.0,0.004,0.996,0.0,0,2,498,0
43000,13,1,14,13,500,0.004,0.0,0.996,0.0,2,0,498,0
43000,13,3,16,18,500,0.014,0.0,0.982,0.004,7,0,491,2
43000,13,4,17,10,500,0.002,0.0,0.998,0.0,1,0,499,0
43000,13,5,18,2,500,0.0,0.0,1.0,0.0,0,0,500,0
43000,14,0,14,0,500,0.044,0.058,0.832,0.066,22,29,416,33
43000,14,1,15,14,500,0.008,0.068,0.704,0.22,4,34,352,110
43000,14,2,16,7,500,0.0,0.0,1.0,0.0,0,0,500,0
43000,14,3,17,0,500,0.002,0.002,0.996,0.0,1,1,498,0
43000,14,4,18,14,500,0.018,0.064,0.902,0.016,9,32,451,8
43000,14,5,19,7,500,0.014,0.036,0.904,0.046,7,18,452,23
43000,15,0,15,0,500,0.0,0.0,1.0,0.0,0,0,500,0
43000,15,2,17,9,500,0.08,0.01,0.882,0.028,40,5,441,14
43000,16,0,16,0,500,0.0,0.0,1.0,0.0,0,0,500,0
43000,16,2,18,11,500,0.0,0.0,1.0,0.0,0,0,500,0
43000,16,3,19,6,500,0.0,0.002,0.998,0.0,0,1,499,0
43000,17,0,17,0,500,0.0,0.0,1.0,0.0,0,0,500,0
43000,17,1,18,17,500,0.038,0.0,0.96,0.002,19,0,480,1
43000,17,2,19,13,500,0.0,0.0,1.0,0.0,0,0,500,0
43000,17,3,20,9,500,0.002,0.0,0.998,0.0,1,0,499,0
43000,18,0,18,0,500,0.0,0.0,1.0,0.0,0,0,500,0
43000,18,2,20,15,500,0.248,0.134,0.288,0.33,124,67,144,165
43000,19,0,19,0,500,0.0,0.002,0.998,0.0,0,1,499,0
43000,19,1,20,19,500,0.082,0.098,0.724,0.096,41,49,362,48
43000,20,0,20,0,500,0.0,0.0,1.0,0.0,0,0,500,0
43500,0,2,2,0,500,0.0,0.0,1.0,0.0,0,0,500,0
43500,0,5,5,0,500,0.0,0.0,1.0,0.0,0,0,500,0
43500,0,6,6,0,500,0.004,0.006,0.984,0.006,2,3,492,3
43500,0,7,7,0,500,0.04,0.342,0.256,0.362,20,171,128,181
43500,0,8,8,0,500,0.0,0.0,1.0,0.0,0,0,500,0
43500,0,10,10,0,500,0.0,0.0,1.0,0.0,0,0,500,0
43500,0,11,11,0,500,0.0,0.0,1.0,0.0,0,0,500,0
43500,0,14,14,0,500,0.066,0.052,0.87,0.012,33,26,435,6
43500,0,15,15,0,500,0.006,0.002,0.992,0.0,3,1,496,0
43500,0,16,16,0,500,0.0,0.0,1.0,0.0,0,0,500,0
43500,0,20,20,0,500,0.0,0.0,1.0,0.0,0,0,500,0
43500,1,0,1,0,500,0.0,0.0,1.0,0.0,0,0,500,0
43500,1,1,2,1,500,0.004,0.766,0.118,0.112,2,383,59,56
43500,1,3,4,3,500,0.1,0.166,0.352,0.382,50,83,176,191
43500,1,4,5,4,500,0.002,0.002,0.996,0.0,1,1,498,0
43500,1,5,6,5,500,0.02,0.05,0.344,0.586,10,25,172,293
43500,1,7,8,7,500,0.002,0.0,0.998,0.0,1,0,499,0
43500,1,8,9,8,500,0.006,0.004,0.988,0.002,3,2,494,1
43500,1,9,10,9,500,0.002,0.0,0.998,0.0,1,0,499,0
43500,1,11,12,11,500,0.0,0.004,0.994,0.002,0,2,497,1
43500,1,13,14,13,500,0.006,0.0,0.994,0.0,3,0,497,0
43500,1,14,15,14,500,0.008,0.002,0.836,0.154,4,1,418,77
43500,1,18,19,18,500,0.164,0.068,0.706,0.062,82,34,353,31
43500,1,19,20,19,500,0.068,0.03,0.832,0.07,34,15,416,35
43500,2,3,5,6,500,0.034,0.074,0.502,0.39,17,37,251,195
43500,2,8,10,16,500,0.194,0.01,0.418,0.378,97,5,209,189
43500,2,10,12,20,500,0.004,0.0,0.996,0.0,2,0,498,0
43500,2,11,13,1,500,0.09,0.142,0.26,0.508,45,71,130,254
43500,2,12,14,3,500,0.004,0.002,0.994,0.0,2,1,497,0
43500,2,14,16,7,500,0.0,0.0,1.0,0.0,0,0,500,0
43500,2,15,17,9,500,0.268,0.024,0.646,0.062,134,12,323,31
43500,2,18,20,15,500,0.296,0.132,0.236,0.336,148,66,118,168
43500,3,0,3,0,500,0.004,0.012,0.984,0.0,2,6,492,0
43500,3,2,5,6,500,0.052,0.05,0.554,0.344,26,25,277,172
43500,3,4,7,12,500,0.186,0.03,0.746,0.038,93,15,373,19
43500,3,5,8,15,500,0.016,0.002,0.978,0.004,8,1,489,2
43500,3,6,9,18,500,0.22,0.042,0.66,0.078,110,21,330,39
43500,3,7,10,0,500,0.0,0.0,1.0,0.0,0,0,500,0
43500,3,8,11,3,500,0.004,0.004,0.988,0.004,2,2,494,2
43500,3,9,12,6,500,0.008,0.006,0.986,0.0,4,3,493,0
43500,3,10,13,9,500,0.0,0.0,1.0,0.0,0,0,500,0
43500,3,13,16,18,500,0.024,0.002,0.97,0.004,12,1,485,2
43500,3,14,17,0,500,0.0,0.002,0.998,0.0,0,1,499,0
43500,3,15,18,3,500,0.618,0.042,0.25,0.09,309,21,125,45
43500,3,16,19,6,500,0.0,0.0,1.0,0.0,0,0,500,0
43500,3,17,20,9,500,0.01,0.006,0.984,0.0,5,3,492,0
43500,4,0,4,0,500,0.0,0.0,1.0,0.0,0,0,500,0
43500,4,2,6,8,500,0.018,0.024,0.946,0.012,9,12,473,6
43500,4,5,9,20,500,0.0,0.002,0.998,0.0,0,1,499,0
43500,4,6,10,3,500,0.012,0.002,0.982,0.004,6,1,491,2
43500,4,7,11,7,500,0.0,0.002,0.998,0.0,0,1,499,0
43500,4,8,12,11,500,0.006,0.004,0.988,0.002,3,2,494,1
43500,4,9,13,15,500,0.008,0.534,0.298,0.16,4,267,149,80
43500,4,10,14,19,500,0.03,0.002,0.968,0.0,15,1,484,0
43500,4,11,15,2,500,0.004,0.006,0.98,0.01,2,3,490,5
43500,4,12,16,6,500,0.002,0.002,0.996,0.0,1,1,498,0
43500,4,13,17,10,500,0.002,0.0,0.996,0.002,1,0,498,1
43500,4,14,18,14,500,0.012,0.072,0.91,0.006,6,36,455,3
43500,4,16,20,1,500,0.0,0.002,0.998,0.0,0,1,499,0
43500,5,0,5,0,500,0.0,0.0,1.0,0.0,0,0,500,0
43500,5,2,7,10,500,0.0,0.0,1.0,0.0,0,0,500,0
43500,5,3,8,15,500,0.026,0.02,0.946,0.008,13,10,473,4
43500,5,4,9,20,500,0.0,0.002,0.998,0.0,0,1,499,0
43500,5,5,10,4,500,0.07,0.084,0.77,0.076,35,42,385,38
43500,5,7,12,14,500,0.024,0.064,0.91,0.002,12,32,455,1
43500,5,9,14,3,500,0.002,0.002,0.996,0.0,1,1,498,0
43500,5,10,15,8,500,0.012,0.006,0.978,0.004,6,3,489,2
43500,5,11,16,13,500,0.006,0.002,0.99,0.002,3,1,495,1
43500,5,12,17,18,500,0.046,0.012,0.926,0.016,23,6,463,8
43500,5,14,19,7,500,0.058,0.01,0.89,0.042,29,5,445,21
43500,5,15,20,12,500,0.018,0.01,0.972,0.0,9,5,486,0
43500,6,1,7,6,500,0.002,0.0,0.998,0.0,1,0,499,0
43500,6,2,8,12,500,0.086,0.004,0.904,0.006,43,2,452,3
43500,6,6,12,15,500,0.022,0.002,0.966,0.01,11,1,483,5
43500,6,8,14,6,500,0.002,0.0,0.998,0.0,1,0,499,0
43500,6,9,15,12,500,0.012,0.0,0.974,0.014,6,0,487,7
43500,6,12,18,9,500,0.208,0.038,0.656,0.098,104,19,328,49
43500,6,13,19,15,500,0.02,0.004,0.974,0.002,10,2,487,1
43500,7,0,7,0,500,0.018,0.336,0.284,0.362,9,168,142,181
43500,7,1,8,7,500,0.006,0.0,0.994,0.0,3,0,497,0
43500,7,3,10,0,500,0.0,0.0,1.0,0.0,0,0,500,0
43500,7,4,11,7,500,0.0,0.0,1.0,0.0,0,0,500,0
43500,7,7,14,7,500,0.138,0.09,0.634,0.138,69,45,317,69
43500,7,8,15,14,500,0.028,0.066,0.796,0.11,14,33,398,55
43500,7,9,16,0,500,0.0,0.0,1.0,0.0,0,0,500,0
43500,7,11,18,14,500,0.024,0.026,0.946,0.004,12,13,473,2
43500,7,13,20,7,500,0.0,0.0,1.0,0.0,0,0,500,0
43500,8,0,8,0,500,0.0,0.0,1.0,0.0,0,0,500,0
43500,8,1,9,8,500,0.028,0.004,0.962,0.006,14,2,481,3
43500,8,3,11,3,500,0.036,0.05,0.904,0.01,18,25,452,5
43500,8,5,13,19,500,0.0,0.0,1.0,0.0,0,0,500,0
43500,8,6,14,6,500,0.006,0.0,0.994,0.0,3,0,497,0
43500,8,7,15,14,500,0.01,0.018,0.884,0.088,5,9,442,44
43500,8,9,17,9,500,0.0,0.004,0.996,0.0,0,2,498,0
43500,8,11,19,4,500,0.0,0.0,1.0,0.0,0,0,500,0
43500,8,12,20,12,500,0.002,0.006,0.992,0.0,1,3,496,0
43500,9,4,13,15,500,0.014,0.5,0.278,0.208,7,250,139,104
43500,9,5,14,3,500,0.01,0.004,0.986,0.0,5,2,493,0
43500,9,6,15,12,500,0.012,0.006,0.97,0.012,6,3,485,6
43500,9,7,16,0,500,0.0,0.0,1.0,0.0,0,0,500,0
43500,9,8,17,9,500,0.002,0.002,0.996,0.0,1,1,498,0
43500,9,11,20,15,500,0.018,0.812,0.098,0.072,9,406,49,36
43500,10,0,10,0,500,0.0,0.0,1.0,0.0,0,0,500,0
43500,10,1,11,10,500,0.002,0.0,0.998,0.0,1,0,499,0
43500,10,2,12,20,500,0.01,0.002,0.988,0.0,5,1,494,0
43500,10,4,14,19,500,0.038,0.004,0.958,0.0,19,2,479,0
43500,10,5,15,8,500,0.01,0.004,0.982,0.004,5,2,491,2
43500,10,6,16,18,500,0.004,0.004,0.99,0.002,2,2,495,1
43500,10,7,17,7,500,0.0,0.0,1.0,0.0,0,0,500,0
43500,10,8,18,17,500,0.064,0.006,0.908,0.022,32,3,454,11
43500,10,9,19,6,500,0.0,0.0,1.0,0.0,0,0,500,0
43500,11,0,11,0,500,0.0,0.0,1.0,0.0,0,0,500,0
43500,11,1,12,11,500,0.004,0.002,0.992,0.002,2,1,496,1
43500,11,2,13,1,500,0.16,0.104,0.258,0.478,80,52,129,239
43500,11,6,17,3,500,0.028,0.002,0.962,0.008,14,1,481,4
43500,11,8,19,4,500,0.0,0.0,0.998,0.002,0,0,499,1
43500,11,9,20,15,500,0.018,0.746,0.134,0.102,9,373,67,51
43500,12,0,12,0,500,0.004,0.0,0.996,0.0,2,0,498,0
43500,12,1,13,12,500,0.006,0.002,0.99,0.002,3,1,495,1
43500,12,4,16,6,500,0.0,0.006,0.994,0.0,0,3,497,0
43500,12,5,17,18,500,0.032,0.02,0.932,0.016,16,10,466,8
43500,12,6,18,9,500,0.158,0.056,0.706,0.08,79,28,353,40
43500,12,8,20,12,500,0.004,0.004,0.992,0.0,2,2,496,0
43500,13,1,14,13,500,0.004,0.0,0.996,0.0,2,0,498,0
43500,13,3,16,18,500,0.014,0.002,0.978,0.006,7,1,489,3
43500,13,4,17,10,500,0.01,0.0,0.99,0.0,5,0,495,0
43500,13,5,18,2,500,0.0,0.0,1.0,0.0,0,0,500,0
43500,14,0,14,0,500,0.046,0.042,0.902,0.01,23,21,451,5
43500,14,1,15,14,500,0.006,0.062,0.71,0.222,3,31,355,111
43500,14,2,16,7,500,0.0,0.0,1.0,0.0,0,0,500,0
43500,14,3,17,0,500,0.0,0.0,1.0,0.0,0,0,500,0
43500,14,4,18,14,500,0.008,0.056,0.928,0.008,4,28,464,4
43500,14,5,19,7,500,0.064,0.012,0.884,0.04,32,6,442,20
43500,15,0,15,0,500,0.002,0.0,0.998,0.0,1,0,499,0
43500,15,2,17,9,500,0.276,0.02,0.66,0.044,138,10,330,22
43500,16,0,16,0,500,0.0,0.0,1.0,0.0,0,0,500,0
43500,16,2,18,11,500,0.0,0.0,1.0,0.0,0,0,500,0
43500,16,3,19,6,500,0.0,0.0,1.0,0.0,0,0,500,0
43500,17,0,17,0,500,0.0,0.0,1.0,0.0,0,0,500,0
43500,17,1,18,17,500,0.056,0.006,0.932,0.006,28,3,466,3
43500,17,2,19,13,500,0.0,0.0,1.0,0.0,0,0,500,0
43500,17,3,20,9,500,0.008,0.006,0.984,0.002,4,3,492,1
43500,18,0,18,0,500,0.0,0.0,1.0,0.0,0,0,500,0
43500,18,2,20,15,500,0.29,0.128,0.238,0.344,145,64,119,172
43500,19,0,19,0,500,0.0,0.0,1.0,0.0,0,0,500,0
43500,19,1,20,19,500,0.138,0.036,0.768,0.058,69,18,384,29
43500,20,0,20,0,500,0.0,0.0,1.0,0.0,0,0,500,0
44000,0,2,2,0,500,0.0,0.0,1.0,0.0,0,0,500,0
44000,0,5,5,0,500,0.0,0.0,1.0,0.0,0,0,500,0
44000,0,6,6,0,500,0.0,0.0,0.996,0.004,0,0,498,2
44000,0,7,7,0,500,0.022,0.412,0.2,0.366,11,206,100,183
44000,0,8,8,0,500,0.0,0.0,1.0,0.0,0,0,500,0
44000,0,10,10,0,500,0.0,0.0,1.0,0.0,0,0,500,0
44000,0,11,11,0,500,0.0,0.0,1.0,0.0,0,0,500,0
44000,0,14,14,0,500,0.058,0.068,0.86,0.014,29,34,430,7
44000,0,15,15,0,500,0.0,0.0,1.0,0.0,0,0,500,0
44000,0,16,16,0,500,0.0,0.0,1.0,0.0,0,0,500,0
44000,0,20,20,0,500,0.0,0.0,1.0,0.0,0,0,500,0
44000,1,0,1,0,500,0.0,0.0,1.0,0.0,0,0,500,0
44000,1,1,2,1,500,0.0,0.92,0.026,0.054,0,460,13,27
44000,1,3,4,3,500,0.12,0.186,0.316,0.378,60,93,158,189
44000,1,4,5,4,500,0.016,0.004,0.98,0.0,8,2,490,0
44000,1,5,6,5,500,0.022,0.078,0.396,0.504,11,39,198,252
44000,1,7,8,7,500,0.0,0.0,1.0,0.0,0,0,500,0
44000,1,8,9,8,500,0.038,0.012,0.916,0.034,19,6,458,17
44000,1,9,10,9,500,0.002,0.012,0.986,0.0,1,6,493,0
44000,1,11,12,11,500,0.0,0.002,0.996,0.002,0,1,498,1
44000,1,13,14,13,500,0.004,0.0,0.996,0.0,2,0,498,0
44000,1,14,15,14,500,0.006,0.048,0.684,0.262,3,24,342,131
44000,1,18,19,18,500,0.39,0.016,0.466,0.128,195,8,233,64
44000,1,19,20,19,500,0.19,0.01,0.734,0.066,95,5,367,33
44000,2,3,5,6,500,0.068,0.08,0.438,0.414,34,40,219,207
44000,2,8,10,16,500,0.192,0.016,0.392,0.4,96,8,196,200
44000,2,10,12,20,500,0.0,0.004,0.996,0.0,0,2,498,0
44000,2,11,13,1,500,0.084,0.182,0.246,0.488,42,91,123,244
44000,2,12,14,3,500,0.006,0.006,0.986,0.002,3,3,493,1
44000,2,14,16,7,500,0.0,0.0,1.0,0.0,0,0,500,0
44000,2,15,17,9,500,0.16,0.01,0.794,0.036,80,5,397,18
44000,2,18,20,15,500,0.202,0.164,0.238,0.396,101,82,119,198
44000,3,0,3,0,500,0.0,0.006,0.994,0.0,0,3,497,0
44000,3,2,5,6,500,0.086,0.062,0.442,0.41,43,31,221,205
44000,3,4,7,12,500,0.406,0.01,0.442,0.142,203,5,221,71
44000,3,5,8,15,500,0.02,0.012,0.96,0.008,10,6,480,4
44000,3,6,9,18,500,0.242,0.04,0.594,0.124,121,20,297,62
44000,3,7,10,0,500,0.0,0.0,1.0,0.0,0,0,500,0
44000,3,8,11,3,500,0.008,0.002,0.986,0.004,4,1,493,2
44000,3,9,12,6,500,0.006,0.004,0.988,0.002,3,2,494,1
44000,3,10,13,9,500,0.0,0.0,1.0,0.0,0,0,500,0
44000,3,13,16,18,500,0.008,0.0,0.986,0.006,4,0,493,3
44000,3,14,17,0,500,0.004,0.0,0.996,0.0,2,0,498,0
44000,3,15,18,3,500,0.612,0.056,0.238,0.094,306,28,119,47
44000,3,16,19,6,500,0.0,0.0,1.0,0.0,0,0,500,0
44000,3,17,20,9,500,0.002,0.022,0.976,0.0,1,11,488,0
44000,4,0,4,0,500,0.0,0.0,1.0,0.0,0,0,500,0
44000,4,2,6,8,500,0.02,0.014,0.964,0.002,10,7,482,1
44000,4,5,9,20,500,0.0,0.01,0.99,0.0,0,5,495,0
44000,4,6,10,3,500,0.018,0.014,0.96,0.008,9,7,480,4
44000,4,7,11,7,500,0.0,0.0,1.0,0.0,0,0,500,0
44000,4,8,12,11,500,0.01,0.002,0.986,0.002,5,1,493,1
44000,4,9,13,15,500,0.014,0.426,0.386,0.174,7,213,193,87
44000,4,10,14,19,500,0.034,0.004,0.962,0.0,17,2,481,0
44000,4,11,15,2,500,0.0,0.0,0.99,0.01,0,0,495,5
44000,4,12,16,6,500,0.004,0.0,0.996,0.0,2,0,498,0
44000,4,13,17,10,500,0.008,0.002,0.988,0.002,4,1,494,1
44000,4,14,18,14,500,0.036,0.084,0.852,0.028,18,42,426,14
44000,4,16,20,1,500,0.0,0.0,1.0,0.0,0,0,500,0
44000,5,0,5,0,500,0.0,0.0,1.0,0.0,0,0,500,0
44000,5,2,7,10,500,0.0,0.0,1.0,0.0,0,0,500,0
44000,5,3,8,15,500,0.03,0.012,0.944,0.014,15,6,472,7
44000,5,4,9,20,500,0.0,0.014,0.984,0.002,0,7,492,1
44000,5,5,10,4,500,0.04,0.04,0.894,0.026,20,20,447,13
44000,5,7,12,14,500,0.038,0.056,0.88,0.026,19,28,440,13
44000,5,9,14,3,500,0.008,0.006,0.986,0.0,4,3,493,0
44000,5,10,15,8,500,0.014,0.004,0.974,0.008,7,2,487,4
44000,5,11,16,13,500,0.004,0.002,0.992,0.002,2,1,496,1
44000,5,12,17,18,500,0.064,0.01,0.91,0.016,32,5,455,8
44000,5,14,19,7,500,0.12,0.012,0.82,0.048,60,6,410,24
44000,5,15,20,12,500,0.022,0.014,0.964,0.0,11,7,482,0
44000,6,1,7,6,500,0.0,0.0,1.0,0.0,0,0,500,0
44000,6,2,8,12,500,0.1,0.024,0.854,0.022,50,12,427,11
44000,6,6,12,15,500,0.01,0.006,0.98,0.004,5,3,490,2
44000,6,8,14,6,500,0.008,0.0,0.99,0.002,4,0,495,1
44000,6,9,15,12,500,0.008,0.006,0.98,0.006,4,3,490,3
44000,6,12,18,9,500,0.186,0.062,0.642,0.11,93,31,321,55
44000,6,13,19,15,500,0.014,0.004,0.978,0.004,7,2,489,2
44000,7,0,7,0,500,0.002,0.384,0.256,0.358,1,192,128,179
44000,7,1,8,7,500,0.004,0.0,0.996,0.0,2,0,498,0
44000,7,3,10,0,500,0.0,0.0,1.0,0.0,0,0,500,0
44000,7,4,11,7,500,0.0,0.0,1.0,0.0,0,0,500,0
44000,7,7,14,7,500,0.088,0.11,0.686,0.116,44,55,343,58
44000,7,8,15,14,500,0.024,0.12,0.698,0.158,12,60,349,79
44000,7,9,16,0,500,0.0,0.0,1.0,0.0,0,0,500,0
44000,7,11,18,14,500,0.014,0.046,0.92,0.02,7,23,460,10
44000,7,13,20,7,500,0.0,0.0,1.0,0.0,0,0,500,0
44000,8,0,8,0,500,0.0,0.0,1.0,0.0,0,0,500,0
44000,8,1,9,8,500,0.036,0.008,0.922,0.034,18,4,461,17
44000,8,3,11,3,500,0.052,0.04,0.876,0.032,26,20,438,16
44000,8,5,13,19,500,0.0,0.0,1.0,0.0,0,0,500,0
44000,8,6,14,6,500,0.008,0.0,0.988,0.004,4,0,494,2
44000,8,7,15,14,500,0.014,0.056,0.822,0.108,7,28,411,54
44000,8,9,17,9,500,0.01,0.016,0.974,0.0,5,8,487,0
44000,8,11,19,4,500,0.0,0.0,1.0,0.0,0,0,500,0
44000,8,12,20,12,500,0.004,0.006,0.99,0.0,2,3,495,0
44000,9,4,13,15,500,0.048,0.258,0.462,0.232,24,129,231,116
44000,9,5,14,3,500,0.002,0.004,0.994,0.0,1,2,497,0
44000,9,6,15,12,500,0.008,0.008,0.98,0.004,4,4,490,2
44000,9,7,16,0,500,0.0,0.0,1.0,0.0,0,0,500,0
44000,9,8,17,9,500,0.012,0.012,0.976,0.0,6,6,488,0
44000,9,11,20,15,500,0.008,0.882,0.048,0.062,4,441,24,31
44000,10,0,10,0,500,0.0,0.0,1.0,0.0,0,0,500,0
44000,10,1,11,10,500,0.004,0.0,0.994,0.002,2,0,497,1
44000,10,2,12,20,500,0.01,0.0,0.99,0.0,5,0,495,0
44000,10,4,14,19,500,0.03,0.002,0.968,0.0,15,1,484,0
44000,10,5,15,8,500,0.014,0.012,0.96,0.014,7,6,480,7
44000,10,6,16,18,500,0.012,0.0,0.984,0.004,6,0,492,2
44000,10,7,17,7,500,0.0,0.0,1.0,0.0,0,0,500,0
44000,10,8,18,17,500,0.046,0.004,0.936,0.014,23,2,468,7
44000,10,9,19,6,500,0.0,0.0,1.0,0.0,0,0,500,0
44000,11,0,11,0,500,0.0,0.0,1.0,0.0,0,0,500,0
44000,11,1,12,11,500,0.002,0.002,0.996,0.0,1,1,498,0
44000,11,2,13,1,500,0.196,0.09,0.276,0.438,98,45,138,219
44000,11,6,17,3,500,0.022,0.004,0.966,0.008,11,2,483,4
44000,11,8,19,4,500,0.0,0.002,0.998,0.0,0,1,499,0
44000,11,9,20,15,500,0.02,0.8,0.086,0.094,10,400,43,47
44000,12,0,12,0,500,0.004,0.0,0.996,0.0,2,0,498,0
44000,12,1,13,12,500,0.0,0.006,0.992,0.002,0,3,496,1
44000,12,4,16,6,500,0.004,0.006,0.99,0.0,2,3,495,0
44000,12,5,17,18,500,0.048,0.024,0.922,0.006,24,12,461,3
44000,12,6,18,9,500,0.196,0.058,0.628,0.118,98,29,314,59
44000,12,8,20,12,500,0.0,0.0,0.998,0.002,0,0,499,1
44000,13,1,14,13,500,0.008,0.0,0.992,0.0,4,0,496,0
44000,13,3,16,18,500,0.014,0.0,0.978,0.008,7,0,489,4
44000,13,4,17,10,500,0.002,0.0,0.996,0.002,1,0,498,1
44000,13,5,18,2,500,0.0,0.0,0.996,0.004,0,0,498,2
44000,14,0,14,0,500,0.042,0.064,0.884,0.01,21,32,442,5
44000,14,1,15,14,500,0.008,0.028,0.674,0.29,4,14,337,145
44000,14,2,16,7,500,0.0,0.0,1.0,0.0,0,0,500,0
44000,14,3,17,0,500,0.002,0.0,0.998,0.0,1,0,499,0
44000,14,4,18,14,500,0.04,0.068,0.842,0.05,20,34,421,25
44000,14,5,19,7,500,0.12,0.006,0.83,0.044,60,3,415,22
44000,15,0,15,0,500,0.0,0.0,1.0,0.0,0,0,500,0
44000,15,2,17,9,500,0.178,0.008,0.774,0.04,89,4,387,20
44000,16,0,16,0,500,0.0,0.0,1.0,0.0,0,0,500,0
44000,16,2,18,11,500,0.0,0.002,0.998,0.0,0,1,499,0
44000,16,3,19,6,500,0.0,0.0,1.0,0.0,0,0,500,0
44000,17,0,17,0,500,0.0,0.0,1.0,0.0,0,0,500,0
44000,17,1,18,17,500,0.072,0.008,0.912,0.008,36,4,456,4
44000,17,2,19,13,500,0.0,0.0,1.0,0.0,0,0,500,0
44000,17,3,20,9,500,0.006,0.012,0.982,0.0,3,6,491,0
44000,18,0,18,0,500,0.0,0.0,1.0,0.0,0,0,500,0
44000,18,2,20,15,500,0.192,0.16,0.266,0.382,96,80,133,191
44000,19,0,19,0,500,0.0,0.0,1.0,0.0,0,0,500,0
44000,19,1,20,19,500,0.096,0.014,0.836,0.054,48,7,418,27
44000,20,0,20,0,500,0.0,0.0,1.0,0.0,0,0,500,0
44500,0,2,2,0,500,0.0,0.0,1.0,0.0,0,0,500,0
44500,0,5,5,0,500,0.0,0.0,1.0,0.0,0,0,500,0
44500,0,6,6,0,500,0.008,0.008,0.976,0.008,4,4,488,4
44500,0,7,7,0,500,0.006,0.44,0.218,0.336,3,220,109,168
44500,0,8,8,0,500,0.0,0.0,1.0,0.0,0,0,500,0
44500,0,10,10,0,500,0.0,0.0,1.0,0.0,0,0,500,0
44500,0,11,11,0,500,0.0,0.0,1.0,0.0,0,0,500,0
44500,0,14,14,0,500,0.07,0.094,0.774,0.062,35,47,387,31
44500,0,15,15,0,500,0.002,0.002,0.996,0.0,1,1,498,0
44500,0,16,16,0,500,0.0,0.0,1.0,0.0,0,0,500,0
44500,0,20,20,0,500,0.0,0.0,1.0,0.0,0,0,500,0
44500,1,0,1,0,500,0.0,0.0,1.0,0.0,0,0,500,0
44500,1,1,2,1,500,0.002,0.794,0.114,0.09,1,397,57,45
44500,1,3,4,3,500,0.104,0.178,0.378,0.34,52,89,189,170
44500,1,4,5,4,500,0.034,0.002,0.954,0.01,17,1,477,5
44500,1,5,6,5,500,0.002,0.026,0.678,0.294,1,13,339,147
44500,1,7,8,7,500,0.0,0.0,1.0,0.0,0,0,500,0
44500,1,8,9,8,500,0.014,0.0,0.982,0.004,7,0,491,2
44500,1,9,10,9,500,0.004,0.002,0.992,0.002,2,1,496,1
44500,1,11,12,11,500,0.002,0.004,0.994,0.0,1,2,497,0
44500,1,13,14,13,500,0.002,0.002,0.996,0.0,1,1,498,0
44500,1,14,15,14,500,0.04,0.044,0.704,0.212,20,22,352,106
44500,1,18,19,18,500,0.324,0.022,0.556,0.098,162,11,278,49
44500,1,19,20,19,500,0.022,0.01,0.936,0.032,11,5,468,16
44500,2,3,5,6,500,0.05,0.064,0.608,0.278,25,32,304,139
44500,2,8,10,16,500,0.164,0.024,0.402,0.41,82,12,201,205
44500,2,10,12,20,500,0.0,0.0,1.0,0.0,0,0,500,0
44500,2,11,13,1,500,0.1,0.148,0.302,0.45,50,74,151,225
44500,2,12,14,3,500,0.012,0.006,0.982,0.0,6,3,491,0
44500,2,14,16,7,500,0.0,0.0,1.0,0.0,0,0,500,0
44500,2,15,17,9,500,0.104,0.006,0.87,0.02,52,3,435,10
44500,2,18,20,15,500,0.194,0.13,0.242,0.434,97,65,121,217
44500,3,0,3,0,500,0.002,0.002,0.996,0.0,1,1,498,0
44500,3,2,5,6,500,0.048,0.046,0.624,0.282,24,23,312,141
44500,3,4,7,12,500,0.37,0.012,0.514,0.104,185,6,257,52
44500,3,5,8,15,500,0.03,0.012,0.944,0.014,15,6,472,7
44500,3,6,9,18,500,0.142,0.052,0.738,0.068,71,26,369,34
44500,3,7,10,0,500,0.0,0.0,1.0,0.0,0,0,500,0
44500,3,8,11,3,500,0.028,0.03,0.938,0.004,14,15,469,2
44500,3,9,12,6,500,0.004,0.006,0.99,0.0,2,3,495,0
44500,3,10,13,9,500,0.0,0.002,0.996,0.002,0,1,498,1
44500,3,13,16,18,500,0.014,0.002,0.982,0.002,7,1,491,1
44500,3,14,17,0,500,0.002,0.0,0.998,0.0,1,0,499,0
44500,3,15,18,3,500,0.59,0.036,0.268,0.106,295,18,134,53
44500,3,16,19,6,500,0.0,0.0,1.0,0.0,0,0,500,0
44500,3,17,20,9,500,0.006,0.004,0.99,0.0,3,2,495,0
44500,4,0,4,0,500,0.0,0.0,1.0,0.0,0,0,500,0
44500,4,2,6,8,500,0.016,0.036,0.944,0.004,8,18,472,2
44500,4,5,9,20,500,0.002,0.002,0.996,0.0,1,1,498,0
44500,4,6,10,3,500,0.034,0.004,0.958,0.004,17,2,479,2
44500,4,7,11,7,500,0.0,0.002,0.998,0.0,0,1,499,0
44500,4,8,12,11,500,0.014,0.006,0.978,0.002,7,3,489,1
44500,4,9,13,15,500,0.014,0.474,0.286,0.226,7,237,143,113
44500,4,10,14,19,500,0.02,0.002,0.978,0.0,10,1,489,0
44500,4,11,15,2,500,0.008,0.0,0.976,0.016,4,0,488,8
44500,4,12,16,6,500,0.0,0.006,0.994,0.0,0,3,497,0
44500,4,13,17,10,500,0.008,0.0,0.99,0.002,4,0,495,1
44500,4,14,18,14,500,0.02,0.07,0.898,0.012,10,35,449,6
44500,4,16,20,1,500,0.0,0.0,1.0,0.0,0,0,500,0
44500,5,0,5,0,500,0.0,0.0,1.0,0.0,0,0,500,0
44500,5,2,7,10,500,0.0,0.0,1.0,0.0,0,0,500,0
44500,5,3,8,15,500,0.032,0.01,0.948,0.01,16,5,474,5
44500,5,4,9,20,500,0.0,0.002,0.998,0.0,0,1,499,0
44500,5,5,10,4,500,0.072,0.036,0.866,0.026,36,18,433,13
44500,5,7,12,14,500,0.012,0.062,0.914,0.012,6,31,457,6
44500,5,9,14,3,500,0.006,0.004,0.99,0.0,3,2,495,0
44500,5,10,15,8,500,0.022,0.004,0.964,0.01,11,2,482,5
44500,5,11,16,13,500,0.002,0.004,0.994,0.0,1,2,497,0
44500,5,12,17,18,500,0.042,0.014,0.944,0.0,21,7,472,0
44500,5,14,19,7,500,0.028,0.004,0.91,0.058,14,2,455,29
44500,5,15,20,12,500,0.008,0.004,0.988,0.0,4,2,494,0
44500,6,1,7,6,500,0.004,0.0,0.994,0.002,2,0,497,1
44500,6,2,8,12,500,0.11,0.004,0.87,0.016,55,2,435,8
44500,6,6,12,15,500,0.004,0.0,0.988,0.008,2,0,494,4
44500,6,8,14,6,500,0.01,0.0,0.99,0.0,5,0,495,0
44500,6,9,15,12,500,0.008,0.002,0.976,0.014,4,1,488,7
44500,6,12,18,9,500,0.13,0.046,0.776,0.048,65,23,388,24
44500,6,13,19,15,500,0.018,0.006,0.97,0.006,9,3,485,3
44500,7,0,7,0,500,0.002,0.42,0.234,0.344,1,210,117,172
44500,7,1,8,7,500,0.0,0.002,0.998,0.0,0,1,499,0
44500,7,3,10,0,500,0.0,0.0,1.0,0.0,0,0,500,0
44500,7,4,11,7,500,0.0,0.0,1.0,0.0,0,0,500,0
44500,7,7,14,7,500,0.07,0.064,0.788,0.078,35,32,394,39
44500,7,8,15,14,500,0.052,0.072,0.706,0.17,26,36,353,85
44500,7,9,16,0,500,0.0,0.002,0.998,0.0,0,1,499,0
44500,7,11,18,14,500,0.018,0.068,0.906,0.008,9,34,453,4
44500,7,13,20,7,500,0.0,0.0,1.0,0.0,0,0,500,0
44500,8,0,8,0,500,0.0,0.0,1.0,0.0,0,0,500,0
44500,8,1,9,8,500,0.04,0.0,0.948,0.012,20,0,474,6
44500,8,3,11,3,500,0.036,0.024,0.926,0.014,18,12,463,7
44500,8,5,13,19,500,0.0,0.0,1.0,0.0,0,0,500,0
44500,8,6,14,6,500,0.01,0.0,0.984,0.006,5,0,492,3
44500,8,7,15,14,500,0.038,0.054,0.75,0.158,19,27,375,79
44500,8,9,17,9,500,0.006,0.012,0.982,0.0,3,6,491,0
44500,8,11,19,4,500,0.0,0.0,1.0,0.0,0,0,500,0
44500,8,12,20,12,500,0.0,0.004,0.996,0.0,0,2,498,0
44500,9,4,13,15,500,0.014,0.446,0.288,0.252,7,223,144,126
44500,9,5,14,3,500,0.012,0.002,0.986,0.0,6,1,493,0
44500,9,6,15,12,500,0.01,0.004,0.964,0.022,5,2,482,11
44500,9,7,16,0,500,0.0,0.0,1.0,0.0,0,0,500,0
44500,9,8,17,9,500,0.002,0.008,0.99,0.0,1,4,495,0
44500,9,11,20,15,500,0.014,0.802,0.094,0.09,7,401,47,45
44500,10,0,10,0,500,0.0,0.0,1.0,0.0,0,0,500,0
44500,10,1,11,10,500,0.0,0.0,1.0,0.0,0,0,500,0
44500,10,2,12,20,500,0.002,0.0,0.998,0.0,1,0,499,0
44500,10,4,14,19,500,0.022,0.006,0.972,0.0,11,3,486,0
44500,10,5,15,8,500,0.014,0.006,0.97,0.01,7,3,485,5
44500,10,6,16,18,500,0.006,0.004,0.99,0.0,3,2,495,0
44500,10,7,17,7,500,0.0,0.0,1.0,0.0,0,0,500,0
44500,10,8,18,17,500,0.072,0.008,0.908,0.012,36,4,454,6
44500,10,9,19,6,500,0.0,0.0,1.0,0.0,0,0,500,0
44500,11,0,11,0,500,0.0,0.0,1.0,0.0,0,0,500,0
44500,11,1,12,11,500,0.004,0.0,0.996,0.0,2,0,498,0
44500,11,2,13,1,500,0.136,0.14,0.276,0.448,68,70,138,224
44500,11,6,17,3,500,0.012,0.0,0.986,0.002,6,0,493,1
44500,11,8,19,4,500,0.0,0.002,0.998,0.0,0,1,499,0
44500,11,9,20,15,500,0.018,0.794,0.1,0.088,9,397,50,44
44500,12,0,12,0,500,0.002,0.002,0.996,0.0,1,1,498,0
44500,12,1,13,12,500,0.002,0.002,0.994,0.002,1,1,497,1
44500,12,4,16,6,500,0.002,0.0,0.998,0.0,1,0,499,0
44500,12,5,17,18,500,0.046,0.012,0.942,0.0,23,6,471,0
44500,12,6,18,9,500,0.134,0.054,0.766,0.046,67,27,383,23
44500,12,8,20,12,500,0.0,0.002,0.998,0.0,0,1,499,0
44500,13,1,14,13,500,0.002,0.0,0.998,0.0,1,0,499,0
44500,13,3,16,18,500,0.012,0.0,0.982,0.006,6,0,491,3
44500,13,4,17,10,500,0.008,0.0,0.99,0.002,4,0,495,1
44500,13,5,18,2,500,0.002,0.002,0.996,0.0,1,1,498,0
44500,14,0,14,0,500,0.064,0.084,0.788,0.064,32,42,394,32
44500,14,1,15,14,500,0.038,0.034,0.628,0.3,19,17,314,150
44500,14,2,16,7,500,0.0,0.0,1.0,0.0,0,0,500,0
44500,14,3,17,0,500,0.006,0.004,0.99,0.0,3,2,495,0
44500,14,4,18,14,500,0.026,0.068,0.878,0.028,13,34,439,14
44500,14,5,19,7,500,0.052,0.02,0.874,0.054,26,10,437,27
44500,15,0,15,0,500,0.0,0.0,1.0,0.0,0,0,500,0
44500,15,2,17,9,500,0.138,0.002,0.84,0.02,69,1,420,10
44500,16,0,16,0,500,0.0,0.002,0.998,0.0,0,1,499,0
44500,16,2,18,11,500,0.0,0.0,1.0,0.0,0,0,500,0
44500,16,3,19,6,500,0.0,0.0,1.0,0.0,0,0,500,0
44500,17,0,17,0,500,0.0,0.0,1.0,0.0,0,0,500,0
44500,17,1,18,17,500,0.082,0.012,0.884,0.022,41,6,442,11
44500,17,2,19,13,500,0.0,0.0,1.0,0.0,0,0,500,0
44500,17,3,20,9,500,0.004,0.01,0.986,0.0,2,5,493,0
44500,18,0,18,0,500,0.0,0.0,1.0,0.0,0,0,500,0
44500,18,2,20,15,500,0.334,0.094,0.212,0.36,167,47,106,180
44500,19,0,19,0,500,0.0,0.0,1.0,0.0,0,0,500,0
44500,19,1,20,19,500,0.032,0.006,0.942,0.02,16,3,471,10
44500,20,0,20,0,500,0.0,0.0,1.0,0.0,0,0,500,0
45000,0,2,2,0,500,0.0,0.0,1.0,0.0,0,0,500,0
45000,0,5,5,0,500,0.0,0.0,1.0,0.0,0,0,500,0
45000,0,6,6,0,500,0.008,0.0,0.976,0.016,4,0,488,8
45000,0,7,7,0,500,0.014,0.422,0.202,0.362,7,211,101,181
45000,0,8,8,0,500,0.004,0.0,0.996,0.0,2,0,498,0
45000,0,10,10,0,500,0.0,0.0,1.0,0.0,0,0,500,0
45000,0,11,11,0,500,0.0,0.0,1.0,0.0,0,0,500,0
45000,0,14,14,0,500,0.068,0.086,0.752,0.094,34,43,376,47
45000,0,15,15,0,500,0.0,0.002,0.998,0.0,0,1,499,0
45000,0,16,16,0,500,0.0,0.0,1.0,0.0,0,0,500,0
45000,0,20,20,0,500,0.0,0.0,1.0,0.0,0,0,500,0
45000,1,0,1,0,500,0.0,0.0,1.0,0.0,0,0,500,0
45000,1,1,2,1,500,0.0,0.698,0.112,0.19,0,349,56,95
45000,1,3,4,3,500,0.08,0.256,0.326,0.338,40,128,163,169
45000,1,4,5,4,500,0.012,0.002,0.986,0.0,6,1,493,0
45000,1,5,6,5,500,0.01,0.038,0.606,0.346,5,19,303,173
45000,1,7,8,7,500,0.002,0.002,0.996,0.0,1,1,498,0
45000,1,8,9,8,500,0.034,0.0,0.964,0.002,17,0,482,1
45000,1,9,10,9,500,0.004,0.002,0.994,0.0,2,1,497,0
45000,1,11,12,11,500,0.0,0.002,0.998,0.0,0,1,499,0
45000,1,13,14,13,500,0.008,0.0,0.992,0.0,4,0,496,0
45000,1,14,15,14,500,0.018,0.034,0.666,0.282,9,17,333,141
45000,1,18,19,18,500,0.28,0.03,0.612,0.078,140,15,306,39
45000,1,19,20,19,500,0.038,0.04,0.884,0.038,19,20,442,19
45000,2,3,5,6,500,0.032,0.076,0.578,0.314,16,38,289,157
45000,2,8,10,16,500,0.096,0.024,0.522,0.358,48,12,261,179
45000,2,10,12,20,500,0.002,0.0,0.998,0.0,1,0,499,0
45000,2,11,13,1,500,0.11,0.154,0.264,0.472,55,77,132,236
45000,2,12,14,3,500,0.01,0.018,0.972,0.0,5,9,486,0
45000,2,14,16,7,500,0.0,0.0,1.0,0.0,0,0,500,0
45000,2,15,17,9,500,0.102,0.018,0.86,0.02,51,9,430,10
45000,2,18,20,15,500,0.198,0.124,0.284,0.394,99,62,142,197
45000,3,0,3,0,500,0.002,0.008,0.99,0.0,1,4,495,0
45000,3,2,5,6,500,0.026,0.048,0.592,0.334,13,24,296,167
45000,3,4,7,12,500,0.224,0.012,0.7,0.064,112,6,350,32
45000,3,5,8,15,500,0.014,0.004,0.978,0.004,7,2,489,2
45000,3,6,9,18,500,0.186,0.06,0.624,0.13,93,30,312,65
45000,3,7,10,0,500,0.0,0.0,1.0,0.0,0,0,500,0
45000,3,8,11,3,500,0.002,0.036,0.958,0.004,1,18,479,2
45000,3,9,12,6,500,0.004,0.004,0.992,0.0,2,2,496,0
45000,3,10,13,9,500,0.002,0.0,0.998,0.0,1,0,499,0
45000,3,13,16,18,500,0.018,0.004,0.972,0.006,9,2,486,3
45000,3,14,17,0,500,0.0,0.0,1.0,0.0,0,0,500,0
45000,3,15,18,3,500,0.654,0.02,0.216,0.11,327,10,108,55
45000,3,16,19,6,500,0.0,0.0,1.0,0.0,0,0,500,0
45000,3,17,20,9,500,0.004,0.012,0.982,0.002,2,6,491,1
45000,4,0,4,0,500,0.0,0.0,1.0,0.0,0,0,500,0
45000,4,2,6,8,500,0.008,0.022,0.966,0.004,4,11,483,2
45000,4,5,9,20,500,0.0,0.0,1.0,0.0,0,0,500,0
45000,4,6,10,3,500,0.014,0.008,0.978,0.0,7,4,489,0
45000,4,7,11,7,500,0.0,0.0,1.0,0.0,0,0,500,0
45000,4,8,12,11,500,0.004,0.002,0.994,0.0,2,1,497,0
45000,4,9,13,15,500,0.024,0.296,0.414,0.266,12,148,207,133
45000,4,10,14,19,500,0.02,0.002,0.978,0.0,10,1,489,0
45000,4,11,15,2,500,0.002,0.006,0.988,0.004,1,3,494,2
45000,4,12,16,6,500,0.0,0.0,1.0,0.0,0,0,500,0
45000,4,13,17,10,500,0.002,0.0,0.996,0.002,1,0,498,1
45000,4,14,18,14,500,0.032,0.046,0.888,0.034,16,23,444,17
45000,4,16,20,1,500,0.0,0.0,1.0,0.0,0,0,500,0
45000,5,0,5,0,500,0.0,0.0,1.0,0.0,0,0,500,0
45000,5,2,7,10,500,0.0,0.0,1.0,0.0,0,0,500,0
45000,5,3,8,15,500,0.016,0.008,0.97,0.006,8,4,485,3
45000,5,4,9,20,500,0.0,0.002,0.996,0.002,0,1,498,1
45000,5,5,10,4,500,0.014,0.004,0.98,0.002,7,2,490,1
45000,5,7,12,14,500,0.024,0.048,0.924,0.004,12,24,462,2
45000,5,9,14,3,500,0.006,0.006,0.988,0.0,3,3,494,0
45000,5,10,15,8,500,0.014,0.004,0.98,0.002,7,2,490,1
45000,5,11,16,13,500,0.006,0.0,0.992,0.002,3,0,496,1
45000,5,12,17,18,500,0.044,0.01,0.944,0.002,22,5,472,1
45000,5,14,19,7,500,0.024,0.052,0.886,0.038,12,26,443,19
45000,5,15,20,12,500,0.008,0.006,0.986,0.0,4,3,493,0
45000,6,1,7,6,500,0.002,0.0,0.994,0.004,1,0,497,2
45000,6,2,8,12,500,0.068,0.002,0.916,0.014,34,1,458,7
45000,6,6,12,15,500,0.016,0.004,0.974,0.006,8,2,487,3
45000,6,8,14,6,500,0.01,0.0,0.982,0.008,5,0,491,4
45000,6,9,15,12,500,0.03,0.004,0.96,0.006,15,2,480,3
45000,6,12,18,9,500,0.116,0.06,0.732,0.092,58,30,366,46
45000,6,13,19,15,500,0.014,0.0,0.986,0.0,7,0,493,0
45000,7,0,7,0,500,0.006,0.39,0.238,0.366,3,195,119,183
45000,7,1,8,7,500,0.0,0.0,1.0,0.0,0,0,500,0
45000,7,3,10,0,500,0.0,0.0,1.0,0.0,0,0,500,0
45000,7,4,11,7,500,0.0,0.0,1.0,0.0,0,0,500,0
45000,7,7,14,7,500,0.054,0.08,0.8,0.066,27,40,400,33
45000,7,8,15,14,500,0.022,0.114,0.696,0.168,11,57,348,84
45000,7,9,16,0,500,0.0,0.0,1.0,0.0,0,0,500,0
45000,7,11,18,14,500,0.022,0.054,0.9,0.024,11,27,450,12
45000,7,13,20,7,500,0.0,0.0,0.998,0.002,0,0,499,1
45000,8,0,8,0,500,0.0,0.0,1.0,0.0,0,0,500,0
45000,8,1,9,8,500,0.056,0.002,0.934,0.008,28,1,467,4
45000,8,3,11,3,500,0.06,0.028,0.884,0.028,30,14,442,14
45000,8,5,13,19,500,0.0,0.0,1.0,0.0,0,0,500,0
45000,8,6,14,6,500,0.004,0.0,0.992,0.004,2,0,496,2
45000,8,7,15,14,500,0.02,0.06,0.776,0.144,10,30,388,72
45000,8,9,17,9,500,0.0,0.0,1.0,0.0,0,0,500,0
45000,8,11,19,4,500,0.0,0.0,1.0,0.0,0,0,500,0
45000,8,12,20,12,500,0.0,0.002,0.998,0.0,0,1,499,0
45000,9,4,13,15,500,0.022,0.35,0.32,0.308,11,175,160,154
45000,9,5,14,3,500,0.008,0.012,0.98,0.0,4,6,490,0
45000,9,6,15,12,500,0.02,0.002,0.972,0.006,10,1,486,3
45000,9,7,16,0,500,0.0,0.0,1.0,0.0,0,0,500,0
45000,9,8,17,9,500,0.01,0.006,0.984,0.0,5,3,492,0
45000,9,11,20,15,500,0.028,0.718,0.162,0.092,14,359,81,46
45000,10,0,10,0,500,0.0,0.0,1.0,0.0,0,0,500,0
45000,10,1,11,10,500,0.0,0.0,1.0,0.0,0,0,500,0
45000,10,2,12,20,500,0.004,0.0,0.996,0.0,2,0,498,0
45000,10,4,14,19,500,0.028,0.002,0.97,0.0,14,1,485,0
45000,10,5,15,8,500,0.008,0.006,0.984,0.002,4,3,492,1
45000,10,6,16,18,500,0.012,0.0,0.984,0.004,6,0,492,2
45000,10,7,17,7,500,0.0,0.0,1.0,0.0,0,0,500,0
45000,10,8,18,17,500,0.072,0.008,0.906,0.014,36,4,453,7
45000,10,9,19,6,500,0.0,0.0,1.0,0.0,0,0,500,0
45000,11,0,11,0,500,0.0,0.0,1.0,0.0,0,0,500,0
45000,11,1,12,11,500,0.004,0.0,0.996,0.0,2,0,498,0
45000,11,2,13,1,500,0.182,0.134,0.222,0.462,91,67,111,231
45000,11,6,17,3,500,0.002,0.002,0.996,0.0,1,1,498,0
45000,11,8,19,4,500,0.002,0.0,0.998,0.0,1,0,499,0
45000,11,9,20,15,500,0.02,0.822,0.08,0.078,10,411,40,39
45000,12,0,12,0,500,0.002,0.0,0.998,0.0,1,0,499,0
45000,12,1,13,12,500,0.004,0.0,0.996,0.0,2,0,498,0
45000,12,4,16,6,500,0.0,0.002,0.998,0.0,0,1,499,0
45000,12,5,17,18,500,0.034,0.026,0.936,0.004,17,13,468,2
45000,12,6,18,9,500,0.122,0.038,0.744,0.096,61,19,372,48
45000,12,8,20,12,500,0.0,0.004,0.996,0.0,0,2,498,0
45000,13,1,14,13,500,0.002,0.0,0.996,0.002,1,0,498,1
45000,13,3,16,18,500,0.018,0.004,0.958,0.02,9,2,479,10
45000,13,4,17,10,500,0.0,0.0,1.0,0.0,0,0,500,0
45000,13,5,18,2,500,0.002,0.002,0.994,0.002,1,1,497,1
45000,14,0,14,0,500,0.072,0.072,0.792,0.064,36,36,396,32
45000,14,1,15,14,500,0.012,0.072,0.618,0.298,6,36,309,149
45000,14,2,16,7,500,0.0,0.0,1.0,0.0,0,0,500,0
45000,14,3,17,0,500,0.0,0.002,0.998,0.0,0,1,499,0
45000,14,4,18,14,500,0.054,0.05,0.854,0.042,27,25,427,21
45000,14,5,19,7,500,0.032,0.024,0.906,0.038,16,12,453,19
45000,15,0,15,0,500,0.0,0.0,1.0,0.0,0,0,500,0
45000,15,2,17,9,500,0.066,0.008,0.91,0.016,33,4,455,8
45000,16,0,16,0,500,0.0,0.0,1.0,0.0,0,0,500,0
45000,16,2,18,11,500,0.0,0.0,0.996,0.004,0,0,498,2
45000,16,3,19,6,500,0.0,0.0,1.0,0.0,0,0,500,0
45000,17,0,17,0,500,0.0,0.0,1.0,0.0,0,0,500,0
45000,17,1,18,17,500,0.042,0.004,0.948,0.006,21,2,474,3
45000,17,2,19,13,500,0.0,0.0,1.0,0.0,0,0,500,0
45000,17,3,20,9,500,0.0,0.01,0.99,0.0,0,5,495,0
45000,18,0,18,0,500,0.002,0.0,0.998,0.0,1,0,499,0
45000,18,2,20,15,500,0.316,0.1,0.242,0.342,158,50,121,171
45000,19,0,19,0,500,0.0,0.0,1.0,0.0,0,0,500,0
45000,19,1,20,19,500,0.024,0.04,0.88,0.056,12,20,440,28
45000,20,0,20,0,500,0.0,0.0,1.0,0.0,0,0,500,0
45500,0,2,2,0,500,0.0,0.0,1.0,0.0,0,0,500,0
45500,0,5,5,0,500,0.0,0.0,1.0,0.0,0,0,500,0
45500,0,6,6,0,500,0.006,0.004,0.986,0.004,3,2,493,2
45500,0,7,7,0,500,0.0,0.424,0.194,0.382,0,212,97,191
45500,0,8,8,0,500,0.0,0.0,1.0,0.0,0,0,500,0
45500,0,10,10,0,500,0.0,0.0,1.0,0.0,0,0,500,0
45500,0,11,11,0,500,0.0,0.0,1.0,0.0,0,0,500,0
45500,0,14,14,0,500,0.06,0.054,0.84,0.046,30,27,420,23
45500,0,15,15,0,500,0.002,0.0,0.998,0.0,1,0,499,0
45500,0,16,16,0,500,0.0,0.0,1.0,0.0,0,0,500,0
45500,0,20,20,0,500,0.0,0.0,1.0,0.0,0,0,500,0
45500,1,0,1,0,500,0.0,0.0,1.0,0.0,0,0,500,0
45500,1,1,2,1,500,0.004,0.762,0.126,0.108,2,381,63,54
45500,1,3,4,3,500,0.152,0.15,0.388,0.31,76,75,194,155
45500,1,4,5,4,500,0.006,0.0,0.994,0.0,3,0,497,0
45500,1,5,6,5,500,0.038,0.032,0.402,0.528,19,16,201,264
45500,1,7,8,7,500,0.002,0.0,0.998,0.0,1,0,499,0
45500,1,8,9,8,500,0.078,0.002,0.906,0.014,39,1,453,7
45500,1,9,10,9,500,0.0,0.004,0.996,0.0,0,2,498,0
45500,1,11,12,11,500,0.0,0.0,1.0,0.0,0,0,500,0
45500,1,13,14,13,500,0.0,0.0,1.0,0.0,0,0,500,0
45500,1,14,15,14,500,0.008,0.058,0.66,0.274,4,29,330,137
45500,1,18,19,18,500,0.33,0.036,0.434,0.2,165,18,217,100
45500,1,19,20,19,500,0.028,0.066,0.866,0.04,14,33,433,20
45500,2,3,5,6,500,0.034,0.12,0.52,0.326,17,60,260,163
45500,2,8,10,16,500,0.138,0.012,0.51,0.34,69,6,255,170
45500,2,10,12,20,500,0.002,0.0,0.998,0.0,1,0,499,0
45500,2,11,13,1,500,0.084,0.172,0.294,0.45,42,86,147,225
45500,2,12,14,3,500,0.0,0.002,0.998,0.0,0,1,499,0
45500,2,14,16,7,500,0.0,0.0,1.0,0.0,0,0,500,0
45500,2,15,17,9,500,0.124,0.004,0.846,0.026,62,2,423,13
45500,2,18,20,15,500,0.366,0.04,0.27,0.324,183,20,135,162
45500,3,0,3,0,500,0.0,0.004,0.996,0.0,0,2,498,0
45500,3,2,5,6,500,0.052,0.078,0.532,0.338,26,39,266,169
45500,3,4,7,12,500,0.07,0.032,0.878,0.02,35,16,439,10
45500,3,5,8,15,500,0.012,0.006,0.98,0.002,6,3,490,1
45500,3,6,9,18,500,0.202,0.048,0.678,0.072,101,24,339,36
45500,3,7,10,0,500,0.0,0.0,1.0,0.0,0,0,500,0
45500,3,8,11,3,500,0.018,0.006,0.968,0.008,9,3,484,4
45500,3,9,12,6,500,0.008,0.004,0.988,0.0,4,2,494,0
45500,3,10,13,9,500,0.0,0.0,1.0,0.0,0,0,500,0
45500,3,13,16,18,500,0.016,0.0,0.978,0.006,8,0,489,3
45500,3,14,17,0,500,0.0,0.0,1.0,0.0,0,0,500,0
45500,3,15,18,3,500,0.642,0.03,0.244,0.084,321,15,122,42
45500,3,16,19,6,500,0.0,0.0,1.0,0.0,0,0,500,0
45500,3,17,20,9,500,0.0,0.024,0.976,0.0,0,12,488,0
45500,4,0,4,0,500,0.0,0.0,1.0,0.0,0,0,500,0
45500,4,2,6,8,500,0.004,0.084,0.898,0.014,2,42,449,7
45500,4,5,9,20,500,0.0,0.0,1.0,0.0,0,0,500,0
45500,4,6,10,3,500,0.024,0.03,0.938,0.008,12,15,469,4
45500,4,7,11,7,500,0.0,0.0,1.0,0.0,0,0,500,0
45500,4,8,12,11,500,0.006,0.006,0.988,0.0,3,3,494,0
45500,4,9,13,15,500,0.022,0.402,0.358,0.218,11,201,179,109
45500,4,10,14,19,500,0.016,0.004,0.98,0.0,8,2,490,0
45500,4,11,15,2,500,0.002,0.004,0.988,0.006,1,2,494,3
45500,4,12,16,6,500,0.0,0.002,0.996,0.002,0,1,498,1
45500,4,13,17,10,500,0.01,0.0,0.982,0.008,5,0,491,4
45500,4,14,18,14,500,0.034,0.09,0.85,0.026,17,45,425,13
45500,4,16,20,1,500,0.0,0.0,1.0,0.0,0,0,500,0
45500,5,0,5,0,500,0.0,0.0,1.0,0.0,0,0,500,0
45500,5,2,7,10,500,0.002,0.0,0.998,0.0,1,0,499,0
45500,5,3,8,15,500,0.012,0.008,0.964,0.016,6,4,482,8
45500,5,4,9,20,500,0.0,0.008,0.99,0.002,0,4,495,1
45500,5,5,10,4,500,0.016,0.068,0.906,0.01,8,34,453,5
45500,5,7,12,14,500,0.01,0.06,0.928,0.002,5,30,464,1
45500,5,9,14,3,500,0.01,0.004,0.986,0.0,5,2,493,0
45500,5,10,15,8,500,0.004,0.004,0.992,0.0,2,2,496,0
45500,5,11,16,13,500,0.004,0.002,0.988,0.006,2,1,494,3
45500,5,12,17,18,500,0.036,0.018,0.94,0.006,18,9,470,3
45500,5,14,19,7,500,0.03,0.064,0.852,0.054,15,32,426,27
45500,5,15,20,12,500,0.008,0.01,0.982,0.0,4,5,491,0
45500,6,1,7,6,500,0.002,0.004,0.992,0.002,1,2,496,1
45500,6,2,8,12,500,0.068,0.002,0.924,0.006,34,1,462,3
45500,6,6,12,15,500,0.016,0.006,0.978,0.0,8,3,489,0
45500,6,8,14,6,500,0.004,0.004,0.986,0.006,2,2,493,3
45500,6,9,15,12,500,0.012,0.002,0.974,0.012,6,1,487,6
45500,6,12,18,9,500,0.188,0.038,0.676,0.098,94,19,338,49
45500,6,13,19,15,500,0.018,0.008,0.974,0.0,9,4,487,0
45500,7,0,7,0,500,0.002,0.44,0.212,0.346,1,220,106,173
45500,7,1,8,7,500,0.002,0.0,0.998,0.0,1,0,499,0
45500,7,3,10,0,500,0.0,0.0,1.0,0.0,0,0,500,0
45500,7,4,11,7,500,0.0,0.0,1.0,0.0,0,0,500,0
45500,7,7,14,7,500,0.046,0.12,0.714,0.12,23,60,357,60
45500,7,8,15,14,500,0.044,0.122,0.68,0.154,22,61,340,77
45500,7,9,16,0,500,0.0,0.0,1.0,0.0,0,0,500,0
45500,7,11,18,14,500,0.04,0.05,0.896,0.014,20,25,448,7
45500,7,13,20,7,500,0.0,0.002,0.998,0.0,0,1,499,0
45500,8,0,8,0,500,0.0,0.0,1.0,0.0,0,0,500,0
45500,8,1,9,8,500,0.04,0.002,0.946,0.012,20,1,473,6
45500,8,3,11,3,500,0.02,0.012,0.952,0.016,10,6,476,8
45500,8,5,13,19,500,0.0,0.0,1.0,0.0,0,0,500,0
45500,8,6,14,6,500,0.004,0.002,0.99,0.004,2,1,495,2
45500,8,7,15,14,500,0.024,0.08,0.736,0.16,12,40,368,80
45500,8,9,17,9,500,0.008,0.006,0.986,0.0,4,3,493,0
45500,8,11,19,4,500,0.0,0.0,1.0,0.0,0,0,500,0
45500,8,12,20,12,500,0.002,0.008,0.99,0.0,1,4,495,0
45500,9,4,13,15,500,0.016,0.44,0.316,0.228,8,220,158,114
45500,9,5,14,3,500,0.002,0.004,0.994,0.0,1,2,497,0
45500,9,6,15,12,500,0.018,0.014,0.958,0.01,9,7,479,5
45500,9,7,16,0,500,0.0,0.0,1.0,0.0,0,0,500,0
45500,9,8,17,9,500,0.006,0.004,0.99,0.0,3,2,495,0
45500,9,11,20,15,500,0.006,0.838,0.074,0.082,3,419,37,41
45500,10,0,10,0,500,0.0,0.0,1.0,0.0,0,0,500,0
45500,10,1,11,10,500,0.006,0.0,0.992,0.002,3,0,496,1
45500,10,2,12,20,500,0.01,0.0,0.99,0.0,5,0,495,0
45500,10,4,14,19,500,0.014,0.002,0.984,0.0,7,1,492,0
45500,10,5,15,8,500,0.002,0.004,0.992,0.002,1,2,496,1
45500,10,6,16,18,500,0.014,0.002,0.978,0.006,7,1,489,3
45500,10,7,17,7,500,0.0,0.0,1.0,0.0,0,0,500,0
45500,10,8,18,17,500,0.052,0.01,0.926,0.012,26,5,463,6
45500,10,9,19,6,500,0.0,0.0,1.0,0.0,0,0,500,0
45500,11,0,11,0,500,0.0,0.0,1.0,0.0,0,0,500,0
45500,11,1,12,11,500,0.0,0.002,0.998,0.0,0,1,499,0
45500,11,2,13,1,500,0.094,0.14,0.264,0.502,47,70,132,251
45500,11,6,17,3,500,0.006,0.002,0.992,0.0,3,1,496,0
45500,11,8,19,4,500,0.0,0.0,1.0,0.0,0,0,500,0
45500,11,9,20,15,500,0.024,0.79,0.112,0.074,12,395,56,37
45500,12,0,12,0,500,0.002,0.0,0.998,0.0,1,0,499,0
45500,12,1,13,12,500,0.0,0.004,0.996,0.0,0,2,498,0
45500,12,4,16,6,500,0.006,0.006,0.986,0.002,3,3,493,1
45500,12,5,17,18,500,0.032,0.026,0.94,0.002,16,13,470,1
45500,12,6,18,9,500,0.176,0.074,0.676,0.074,88,37,338,37
45500,12,8,20,12,500,0.0,0.004,0.996,0.0,0,2,498,0
45500,13,1,14,13,500,0.0,0.0,1.0,0.0,0,0,500,0
45500,13,3,16,18,500,0.016,0.002,0.964,0.018,8,1,482,9
45500,13,4,17,10,500,0.004,0.0,0.99,0.006,2,0,495,3
45500,13,5,18,2,500,0.004,0.002,0.992,0.002,2,1,496,1
45500,14,0,14,0,500,0.062,0.06,0.834,0.044,31,30,417,22
45500,14,1,15,14,500,0.022,0.078,0.568,0.332,11,39,284,166
45500,14,2,16,7,500,0.0,0.0,1.0,0.0,0,0,500,0
45500,14,3,17,0,500,0.0,0.0,1.0,0.0,0,0,500,0
45500,14,4,18,14,500,0.038,0.052,0.902,0.008,19,26,451,4
45500,14,5,19,7,500,0.054,0.074,0.77,0.102,27,37,385,51
45500,15,0,15,0,500,0.004,0.0,0.996,0.0,2,0,498,0
45500,15,2,17,9,500,0.136,0.01,0.832,0.022,68,5,416,11
45500,16,0,16,0,500,0.0,0.0,1.0,0.0,0,0,500,0
45500,16,2,18,11,500,0.0,0.0,1.0,0.0,0,0,500,0
45500,16,3,19,6,500,0.0,0.002,0.998,0.0,0,1,499,0
45500,17,0,17,0,500,0.002,0.0,0.998,0.0,1,0,499,0
45500,17,1,18,17,500,0.102,0.014,0.86,0.024,51,7,430,12
45500,17,2,19,13,500,0.0,0.0,1.0,0.0,0,0,500,0
45500,17,3,20,9,500,0.004,0.002,0.994,0.0,2,1,497,0
45500,18,0,18,0,500,0.002,0.0,0.998,0.0,1,0,499,0
45500,18,2,20,15,500,0.25,0.218,0.202,0.33,125,109,101,165
45500,19,0,19,0,500,0.0,0.0,1.0,0.0,0,0,500,0
45500,19,1,20,19,500,0.038,0.046,0.832,0.084,19,23,416,42
45500,20,0,20,0,500,0.0,0.0,1.0,0.0,0,0,500,0
46000,0,2,2,0,500,0.0,0.0,1.0,0.0,0,0,500,0
46000,0,5,5,0,500,0.0,0.0,1.0,0.0,0,0,500,0
46000,0,6,6,0,500,0.004,0.002,0.984,0.01,2,1,492,5
46000,0,7,7,0,500,0.004,0.296,0.3,0.4,2,148,150,200
46000,0,8,8,0,500,0.0,0.0,1.0,0.0,0,0,500,0
46000,0,10,10,0,500,0.0,0.0,1.0,0.0,0,0,500,0
46000,0,11,11,0,500,0.0,0.0,1.0,0.0,0,0,500,0
46000,0,14,14,0,500,0.07,0.062,0.816,0.052,35,31,408,26
46000,0,15,15,0,500,0.002,0.0,0.998,0.0,1,0,499,0
46000,0,16,16,0,500,0.0,0.0,1.0,0.0,0,0,500,0
46000,0,20,20,0,500,0.0,0.0,1.0,0.0,0,0,500,0
46000,1,0,1,0,500,0.0,0.0,1.0,0.0,0,0,500,0
46000,1,1,2,1,500,0.034,0.386,0.268,0.312,17,193,134,156
46000,1,3,4,3,500,0.146,0.13,0.322,0.402,73,65,161,201
46000,1,4,5,4,500,0.006,0.002,0.974,0.018,3,1,487,9
46000,1,5,6,5,500,0.02,0.036,0.49,0.454,10,18,245,227
46000,1,7,8,7,500,0.0,0.0,1.0,0.0,0,0,500,0
46000,1,8,9,8,500,0.038,0.0,0.96,0.002,19,0,480,1
46000,1,9,10,9,500,0.002,0.012,0.978,0.008,1,6,489,4
46000,1,11,12,11,500,0.002,0.0,0.998,0.0,1,0,499,0
46000,1,13,14,13,500,0.004,0.0,0.996,0.0,2,0,498,0
46000,1,14,15,14,500,0.022,0.06,0.676,0.242,11,30,338,121
46000,1,18,19,18,500,0.292,0.068,0.526,0.114,146,34,263,57
46000,1,19,20,19,500,0.084,0.034,0.806,0.076,42,17,403,38
46000,2,3,5,6,500,0.03,0.062,0.574,0.334,15,31,287,167
46000,2,8,10,16,500,0.118,0.016,0.51,0.356,59,8,255,178
46000,2,10,12,20,500,0.002,0.002,0.996,0.0,1,1,498,0
46000,2,11,13,1,500,0.092,0.198,0.29,0.42,46,99,145,210
46000,2,12,14,3,500,0.004,0.004,0.992,0.0,2,2,496,0
46000,2,14,16,7,500,0.0,0.0,1.0,0.0,0,0,500,0
46000,2,15,17,9,500,0.088,0.006,0.892,0.014,44,3,446,7
46000,2,18,20,15,500,0.292,0.158,0.23,0.32,146,79,115,160
46000,3,0,3,0,500,0.0,0.014,0.986,0.0,0,7,493,0
46000,3,2,5,6,500,0.046,0.054,0.562,0.338,23,27,281,169
46000,3,4,7,12,500,0.11,0.036,0.822,0.032,55,18,411,16
46000,3,5,8,15,500,0.01,0.006,0.978,0.006,5,3,489,3
46000,3,6,9,18,500,0.226,0.024,0.648,0.102,113,12,324,51
46000,3,7,10,0,500,0.0,0.0,1.0,0.0,0,0,500,0
46000,3,8,11,3,500,0.016,0.012,0.972,0.0,8,6,486,0
46000,3,9,12,6,500,0.006,0.008,0.986,0.0,3,4,493,0
46000,3,10,13,9,500,0.0,0.0,0.998,0.002,0,0,499,1
46000,3,13,16,18,500,0.01,0.002,0.976,0.012,5,1,488,6
46000,3,14,17,0,500,0.0,0.0,1.0,0.0,0,0,500,0
46000,3,15,18,3,500,0.686,0.032,0.198,0.084,343,16,99,42
46000,3,16,19,6,500,0.0,0.0,1.0,0.0,0,0,500,0
46000,3,17,20,9,500,0.008,0.006,0.984,0.002,4,3,492,1
46000,4,0,4,0,500,0.0,0.0,1.0,0.0,0,0,500,0
46000,4,2,6,8,500,0.012,0.026,0.956,0.006,6,13,478,3
46000,4,5,9,20,500,0.002,0.0,0.998,0.0,1,0,499,0
46000,4,6,10,3,500,0.026,0.014,0.946,0.014,13,7,473,7
46000,4,7,11,7,500,0.0,0.0,1.0,0.0,0,0,500,0
46000,4,8,12,11,500,0.006,0.0,0.994,0.0,3,0,497,0
46000,4,9,13,15,500,0.024,0.382,0.372,0.222,12,191,186,111
46000,4,10,14,19,500,0.016,0.0,0.984,0.0,8,0,492,0
46000,4,11,15,2,500,0.012,0.008,0.96,0.02,6,4,480,10
46000,4,12,16,6,500,0.0,0.0,0.998,0.002,0,0,499,1
46000,4,13,17,10,500,0.004,0.0,0.992,0.004,2,0,496,2
46000,4,14,18,14,500,0.034,0.05,0.898,0.018,17,25,449,9
46000,4,16,20,1,500,0.0,0.0,1.0,0.0,0,0,500,0
46000,5,0,5,0,500,0.0,0.0,1.0,0.0,0,0,500,0
46000,5,2,7,10,500,0.0,0.0,1.0,0.0,0,0,500,0
46000,5,3,8,15,500,0.034,0.006,0.948,0.012,17,3,474,6
46000,5,4,9,20,500,0.0,0.0,0.998,0.002,0,0,499,1
46000,5,5,10,4,500,0.012,0.026,0.958,0.004,6,13,479,2
46000,5,7,12,14,500,0.01,0.062,0.926,0.002,5,31,463,1
46000,5,9,14,3,500,0.002,0.002,0.996,0.0,1,1,498,0
46000,5,10,15,8,500,0.004,0.002,0.988,0.006,2,1,494,3
46000,5,11,16,13,500,0.002,0.0,0.998,0.0,1,0,499,0
46000,5,12,17,18,500,0.036,0.02,0.938,0.006,18,10,469,3
46000,5,14,19,7,500,0.058,0.03,0.868,0.044,29,15,434,22
46000,5,15,20,12,500,0.016,0.004,0.98,0.0,8,2,490,0
46000,6,1,7,6,500,0.004,0.004,0.99,0.002,2,2,495,1
46000,6,2,8,12,500,0.04,0.002,0.95,0.008,20,1,475,4
46000,6,6,12,15,500,0.012,0.014,0.962,0.012,6,7,481,6
46000,6,8,14,6,500,0.012,0.002,0.984,0.002,6,1,492,1
46000,6,9,15,12,500,0.008,0.0,0.99,0.002,4,0,495,1
46000,6,12,18,9,500,0.184,0.056,0.65,0.11,92,28,325,55
46000,6,13,19,15,500,0.018,0.008,0.974,0.0,9,4,487,0
46000,7,0,7,0,500,0.01,0.388,0.236,0.366,5,194,118,183
46000,7,1,8,7,500,0.002,0.0,0.998,0.0,1,0,499,0
46000,7,3,10,0,500,0.0,0.0,1.0,0.0,0,0,500,0
46000,7,4,11,7,500,0.0,0.0,1.0,0.0,0,0,500,0
46000,7,7,14,7,500,0.086,0.076,0.74,0.098,43,38,370,49
46000,7,8,15,14,500,0.02,0.11,0.77,0.1,10,55,385,50
46000,7,9,16,0,500,0.0,0.0,1.0,0.0,0,0,500,0
46000,7,11,18,14,500,0.008,0.042,0.932,0.018,4,21,466,9
46000,7,13,20,7,500,0.0,0.0,1.0,0.0,0,0,500,0
46000,8,0,8,0,500,0.002,0.0,0.998,0.0,1,0,499,0
46000,8,1,9,8,500,0.048,0.0,0.944,0.008,24,0,472,4
46000,8,3,11,3,500,0.02,0.002,0.97,0.008,10,1,485,4
46000,8,5,13,19,500,0.0,0.0,1.0,0.0,0,0,500,0
46000,8,6,14,6,500,0.004,0.002,0.988,0.006,2,1,494,3
46000,8,7,15,14,500,0.022,0.068,0.836,0.074,11,34,418,37
46000,8,9,17,9,500,0.006,0.004,0.99,0.0,3,2,495,0
46000,8,11,19,4,500,0.0,0.0,1.0,0.0,0,0,500,0
46000,8,12,20,12,500,0.006,0.0,0.994,0.0,3,0,497,0
46000,9,4,13,15,500,0.026,0.51,0.284,0.18,13,255,142,90
46000,9,5,14,3,500,0.008,0.002,0.99,0.0,4,1,495,0
46000,9,6,15,12,500,0.022,0.004,0.958,0.016,11,2,479,8
46000,9,7,16,0,500,0.0,0.0,1.0,0.0,0,0,500,0
46000,9,8,17,9,500,0.008,0.002,0.99,0.0,4,1,495,0
46000,9,11,20,15,500,0.012,0.844,0.058,0.086,6,422,29,43
46000,10,0,10,0,500,0.0,0.0,1.0,0.0,0,0,500,0
46000,10,1,11,10,500,0.004,0.0,0.996,0.0,2,0,498,0
46000,10,2,12,20,500,0.0,0.0,1.0,0.0,0,0,500,0
46000,10,4,14,19,500,0.008,0.002,0.99,0.0,4,1,495,0
46000,10,5,15,8,500,0.006,0.002,0.986,0.006,3,1,493,3
46000,10,6,16,18,500,0.006,0.004,0.986,0.004,3,2,493,2
46000,10,7,17,7,500,0.0,0.0,1.0,0.0,0,0,500,0
46000,10,8,18,17,500,0.074,0.004,0.91,0.012,37,2,455,6
46000,10,9,19,6,500,0.0,0.0,1.0,0.0,0,0,500,0
46000,11,0,11,0,500,0.0,0.0,1.0,0.0,0,0,500,0
46000,11,1,12,11,500,0.002,0.0,0.998,0.0,1,0,499,0
46000,11,2,13,1,500,0.042,0.556,0.178,0.224,21,278,89,112
46000,11,6,17,3,500,0.014,0.0,0.986,0.0,7,0,493,0
46000,11,8,19,4,500,0.0,0.0,0.998,0.002,0,0,499,1
46000,11,9,20,15,500,0.038,0.654,0.164,0.144,19,327,82,72
46000,12,0,12,0,500,0.0,0.002,0.998,0.0,0,1,499,0
46000,12,1,13,12,500,0.0,0.002,0.996,0.002,0,1,498,1
46000,12,4,16,6,500,0.0,0.0,1.0,0.0,0,0,500,0
46000,12,5,17,18,500,0.026,0.014,0.956,0.004,13,7,478,2
46000,12,6,18,9,500,0.194,0.048,0.618,0.14,97,24,309,70
46000,12,8,20,12,500,0.0,0.002,0.998,0.0,0,1,499,0
46000,13,1,14,13,500,0.006,0.0,0.994,0.0,3,0,497,0
46000,13,3,16,18,500,0.024,0.0,0.97,0.006,12,0,485,3
46000,13,4,17,10,500,0.006,0.026,0.966,0.002,3,13,483,1
46000,13,5,18,2,500,0.002,0.0,0.998,0.0,1,0,499,0
46000,14,0,14,0,500,0.046,0.07,0.842,0.042,23,35,421,21
46000,14,1,15,14,500,0.022,0.07,0.62,0.288,11,35,310,144
46000,14,2,16,7,500,0.0,0.0,1.0,0.0,0,0,500,0
46000,14,3,17,0,500,0.002,0.002,0.996,0.0,1,1,498,0
46000,14,4,18,14,500,0.034,0.054,0.9,0.012,17,27,450,6
46000,14,5,19,7,500,0.054,0.018,0.868,0.06,27,9,434,30
46000,15,0,15,0,500,0.0,0.0,1.0,0.0,0,0,500,0
46000,15,2,17,9,500,0.072,0.01,0.902,0.016,36,5,451,8
46000,16,0,16,0,500,0.0,0.0,1.0,0.0,0,0,500,0
46000,16,2,18,11,500,0.0,0.0,1.0,0.0,0,0,500,0
46000,16,3,19,6,500,0.0,0.0,1.0,0.0,0,0,500,0
46000,17,0,17,0,500,0.0,0.0,1.0,0.0,0,0,500,0
46000,17,1,18,17,500,0.034,0.006,0.946,0.014,17,3,473,7
46000,17,2,19,13,500,0.0,0.002,0.998,0.0,0,1,499,0
46000,17,3,20,9,500,0.008,0.0,0.99,0.002,4,0,495,1
46000,18,0,18,0,500,0.0,0.002,0.998,0.0,0,1,499,0
46000,18,2,20,15,500,0.216,0.276,0.234,0.274,108,138,117,137
46000,19,0,19,0,500,0.002,0.0,0.998,0.0,1,0,499,0
46000,19,1,20,19,500,0.088,0.028,0.786,0.098,44,14,393,49
46000,20,0,20,0,500,0.0,0.0,1.0,0.0,0,0,500,0
46500,0,2,2,0,500,0.0,0.0,1.0,0.0,0,0,500,0
46500,0,5,5,0,500,0.0,0.0,1.0,0.0,0,0,500,0
46500,0,6,6,0,500,0.002,0.002,0.988,0.008,1,1,494,4
46500,0,7,7,0,500,0.01,0.314,0.256,0.42,5,157,128,210
46500,0,8,8,0,500,0.0,0.0,1.0,0.0,0,0,500,0
46500,0,10,10,0,500,0.0,0.0,1.0,0.0,0,0,500,0
46500,0,11,11,0,500,0.0,0.0,1.0,0.0,0,0,500,0
46500,0,14,14,0,500,0.018,0.046,0.914,0.022,9,23,457,11
46500,0,15,15,0,500,0.0,0.0,1.0,0.0,0,0,500,0
46500,0,16,16,0,500,0.0,0.0,1.0,0.0,0,0,500,0
46500,0,20,20,0,500,0.0,0.0,1.0,0.0,0,0,500,0
46500,1,0,1,0,500,0.0,0.0,0.998,0.002,0,0,499,1
46500,1,1,2,1,500,0.0,0.98,0.004,0.016,0,490,2,8
46500,1,3,4,3,500,0.132,0.17,0.334,0.364,66,85,167,182
46500,1,4,5,4,500,0.006,0.0,0.994,0.0,3,0,497,0
46500,1,5,6,5,500,0.008,0.044,0.534,0.414,4,22,267,207
46500,1,7,8,7,500,0.0,0.002,0.998,0.0,0,1,499,0
46500,1,8,9,8,500,0.042,0.004,0.944,0.01,21,2,472,5
46500,1,9,10,9,500,0.0,0.006,0.97,0.024,0,3,485,12
46500,1,11,12,11,500,0.006,0.0,0.994,0.0,3,0,497,0
46500,1,13,14,13,500,0.002,0.0,0.996,0.002,1,0,498,1
46500,1,14,15,14,500,0.024,0.044,0.714,0.218,12,22,357,109
46500,1,18,19,18,500,0.3,0.026,0.534,0.14,150,13,267,70
46500,1,19,20,19,500,0.038,0.014,0.918,0.03,19,7,459,15
46500,2,3,5,6,500,0.04,0.068,0.58,0.312,20,34,290,156
46500,2,8,10,16,500,0.12,0.014,0.516,0.35,60,7,258,175
46500,2,10,12,20,500,0.0,0.002,0.998,0.0,0,1,499,0
46500,2,11,13,1,500,0.112,0.13,0.228,0.53,56,65,114,265
46500,2,12,14,3,500,0.008,0.008,0.984,0.0,4,4,492,0
46500,2,14,16,7,500,0.0,0.0,1.0,0.0,0,0,500,0
46500,2,15,17,9,500,0.09,0.006,0.88,0.024,45,3,440,12
46500,2,18,20,15,500,0.266,0.11,0.28,0.344,133,55,140,172
46500,3,0,3,0,500,0.0,0.004,0.996,0.0,0,2,498,0
46500,3,2,5,6,500,0.054,0.064,0.566,0.316,27,32,283,158
46500,3,4,7,12,500,0.148,0.042,0.778,0.032,74,21,389,16
46500,3,5,8,15,500,0.014,0.0,0.98,0.006,7,0,490,3
46500,3,6,9,18,500,0.152,0.07,0.724,0.054,76,35,362,27
46500,3,7,10,0,500,0.0,0.002,0.998,0.0,0,1,499,0
46500,3,8,11,3,500,0.016,0.01,0.97,0.004,8,5,485,2
46500,3,9,12,6,500,0.006,0.002,0.992,0.0,3,1,496,0
46500,3,10,13,9,500,0.0,0.002,0.998,0.0,0,1,499,0
46500,3,13,16,18,500,0.006,0.0,0.992,0.002,3,0,496,1
46500,3,14,17,0,500,0.0,0.0,1.0,0.0,0,0,500,0
46500,3,15,18,3,500,0.61,0.032,0.244,0.114,305,16,122,57
46500,3,16,19,6,500,0.0,0.0,1.0,0.0,0,0,500,0
46500,3,17,20,9,500,0.008,0.018,0.972,0.002,4,9,486,1
46500,4,0,4,0,500,0.0,0.0,1.0,0.0,0,0,500,0
46500,4,2,6,8,500,0.012,0.032,0.95,0.006,6,16,475,3
46500,4,5,9,20,500,0.002,0.004,0.994,0.0,1,2,497,0
46500,4,6,10,3,500,0.016,0.014,0.966,0.004,8,7,483,2
46500,4,7,11,7,500,0.0,0.0,1.0,0.0,0,0,500,0
46500,4,8,12,11,500,0.032,0.014,0.942,0.012,16,7,471,6
46500,4,9,13,15,500,0.04,0.394,0.344,0.222,20,197,172,111
46500,4,10,14,19,500,0.032,0.004,0.964,0.0,16,2,482,0
46500,4,11,15,2,500,0.004,0.004,0.988,0.004,2,2,494,2
46500,4,12,16,6,500,0.0,0.0,1.0,0.0,0,0,500,0
46500,4,13,17,10,500,0.002,0.0,0.996,0.002,1,0,498,1
46500,4,14,18,14,500,0.02,0.058,0.894,0.028,10,29,447,14
46500,4,16,20,1,500,0.0,0.0,1.0,0.0,0,0,500,0
46500,5,0,5,0,500,0.0,0.0,1.0,0.0,0,0,500,0
46500,5,2,7,10,500,0.0,0.0,1.0,0.0,0,0,500,0
46500,5,3,8,15,500,0.026,0.018,0.952,0.004,13,9,476,2
46500,5,4,9,20,500,0.0,0.002,0.998,0.0,0,1,499,0
46500,5,5,10,4,500,0.014,0.028,0.95,0.008,7,14,475,4
46500,5,7,12,14,500,0.016,0.094,0.874,0.016,8,47,437,8
46500,5,9,14,3,500,0.008,0.018,0.974,0.0,4,9,487,0
46500,5,10,15,8,500,0.026,0.014,0.946,0.014,13,7,473,7
46500,5,11,16,13,500,0.004,0.0,0.994,0.002,2,0,497,1
46500,5,12,17,18,500,0.048,0.018,0.932,0.002,24,9,466,1
46500,5,14,19,7,500,0.014,0.042,0.918,0.026,7,21,459,13
46500,5,15,20,12,500,0.02,0.006,0.972,0.002,10,3,486,1
46500,6,1,7,6,500,0.0,0.002,0.998,0.0,0,1,499,0
46500,6,2,8,12,500,0.088,0.004,0.892,0.016,44,2,446,8
46500,6,6,12,15,500,0.006,0.008,0.972,0.014,3,4,486,7
46500,6,8,14,6,500,0.012,0.002,0.984,0.002,6,1,492,1
46500,6,9,15,12,500,0.004,0.008,0.978,0.01,2,4,489,5
46500,6,12,18,9,500,0.098,0.076,0.728,0.098,49,38,364,49
46500,6,13,19,15,500,0.016,0.008,0.974,0.002,8,4,487,1
46500,7,0,7,0,500,0.0,0.324,0.23,0.446,0,162,115,223
46500,7,1,8,7,500,0.006,0.0,0.994,0.0,3,0,497,0
46500,7,3,10,0,500,0.0,0.0,1.0,0.0,0,0,500,0
46500,7,4,11,7,500,0.0,0.0,1.0,0.0,0,0,500,0
46500,7,7,14,7,500,0.05,0.092,0.744,0.114,25,46,372,57
46500,7,8,15,14,500,0.018,0.124,0.7,0.158,9,62,350,79
46500,7,9,16,0,500,0.0,0.0,1.0,0.0,0,0,500,0
46500,7,11,18,14,500,0.008,0.084,0.876,0.032,4,42,438,16
46500,7,13,20,7,500,0.0,0.0,1.0,0.0,0,0,500,0
46500,8,0,8,0,500,0.0,0.0,1.0,0.0,0,0,500,0
46500,8,1,9,8,500,0.038,0.0,0.958,0.004,19,0,479,2
46500,8,3,11,3,500,0.016,0.012,0.958,0.014,8,6,479,7
46500,8,5,13,19,500,0.0,0.0,1.0,0.0,0,0,500,0
46500,8,6,14,6,500,0.008,0.008,0.982,0.002,4,4,491,1
46500,8,7,15,14,500,0.018,0.06,0.726,0.196,9,30,363,98
46500,8,9,17,9,500,0.002,0.004,0.994,0.0,1,2,497,0
46500,8,11,19,4,500,0.0,0.0,0.998,0.002,0,0,499,1
46500,8,12,20,12,500,0.004,0.0,0.996,0.0,2,0,498,0
46500,9,4,13,15,500,0.03,0.306,0.37,0.294,15,153,185,147
46500,9,5,14,3,500,0.002,0.006,0.992,0.0,1,3,496,0
46500,9,6,15,12,500,0.016,0.01,0.952,0.022,8,5,476,11
46500,9,7,16,0,500,0.0,0.0,1.0,0.0,0,0,500,0
46500,9,8,17,9,500,0.004,0.002,0.994,0.0,2,1,497,0
46500,9,11,20,15,500,0.02,0.716,0.124,0.14,10,358,62,70
46500,10,0,10,0,500,0.0,0.0,1.0,0.0,0,0,500,0
46500,10,1,11,10,500,0.0,0.0,1.0,0.0,0,0,500,0
46500,10,2,12,20,500,0.004,0.0,0.996,0.0,2,0,498,0
46500,10,4,14,19,500,0.026,0.002,0.972,0.0,13,1,486,0
46500,10,5,15,8,500,0.014,0.006,0.966,0.014,7,3,483,7
46500,10,6,16,18,500,0.004,0.004,0.992,0.0,2,2,496,0
46500,10,7,17,7,500,0.0,0.002,0.998,0.0,0,1,499,0
46500,10,8,18,17,500,0.07,0.0,0.928,0.002,35,0,464,1
46500,10,9,19,6,500,0.0,0.0,1.0,0.0,0,0,500,0
46500,11,0,11,0,500,0.0,0.0,1.0,0.0,0,0,500,0
46500,11,1,12,11,500,0.004,0.0,0.996,0.0,2,0,498,0
46500,11,2,13,1,500,0.0,0.922,0.028,0.05,0,461,14,25
46500,11,6,17,3,500,0.006,0.0,0.994,0.0,3,0,497,0
46500,11,8,19,4,500,0.0,0.0,0.998,0.002,0,0,499,1
46500,11,9,20,15,500,0.028,0.75,0.148,0.074,14,375,74,37
46500,12,0,12,0,500,0.004,0.002,0.994,0.0,2,1,497,0
46500,12,1,13,12,500,0.002,0.002,0.996,0.0,1,1,498,0
46500,12,4,16,6,500,0.0,0.0,0.998,0.002,0,0,499,1
46500,12,5,17,18,500,0.018,0.01,0.972,0.0,9,5,486,0
46500,12,6,18,9,500,0.15,0.056,0.714,0.08,75,28,357,40
46500,12,8,20,12,500,0.0,0.002,0.998,0.0,0,1,499,0
46500,13,1,14,13,500,0.002,0.0,0.996,0.002,1,0,498,1
46500,13,3,16,18,500,0.01,0.002,0.984,0.004,5,1,492,2
46500,13,4,17,10,500,0.012,0.0,0.988,0.0,6,0,494,0
46500,13,5,18,2,500,0.0,0.0,1.0,0.0,0,0,500,0
46500,14,0,14,0,500,0.03,0.042,0.918,0.01,15,21,459,5
46500,14,1,15,14,500,0.014,0.054,0.674,0.258,7,27,337,129
46500,14,2,16,7,500,0.0,0.0,1.0,0.0,0,0,500,0
46500,14,3,17,0,500,0.0,0.002,0.998,0.0,0,1,499,0
46500,14,4,18,14,500,0.016,0.138,0.808,0.038,8,69,404,19
46500,14,5,19,7,500,0.046,0.026,0.84,0.088,23,13,420,44
46500,15,0,15,0,500,0.0,0.0,1.0,0.0,0,0,500,0
46500,15,2,17,9,500,0.108,0.004,0.874,0.014,54,2,437,7
46500,16,0,16,0,500,0.0,0.0,1.0,0.0,0,0,500,0
46500,16,2,18,11,500,0.0,0.0,1.0,0.0,0,0,500,0
46500,16,3,19,6,500,0.0,0.0,1.0,0.0,0,0,500,0
46500,17,0,17,0,500,0.0,0.0,1.0,0.0,0,0,500,0
46500,17,1,18,17,500,0.024,0.0,0.976,0.0,12,0,488,0
46500,17,2,19,13,500,0.0,0.0,1.0,0.0,0,0,500,0
46500,17,3,20,9,500,0.004,0.006,0.99,0.0,2,3,495,0
46500,18,0,18,0,500,0.0,0.0,1.0,0.0,0,0,500,0
46500,18,2,20,15,500,0.256,0.252,0.232,0.26,128,126,116,130
46500,19,0,19,0,500,0.0,0.0,1.0,0.0,0,0,500,0
46500,19,1,20,19,500,0.054,0.014,0.904,0.028,27,7,452,14
46500,20,0,20,0,500,0.0,0.0,1.0,0.0,0,0,500,0
47000,0,2,2,0,500,0.0,0.0,1.0,0.0,0,0,500,0
47000,0,5,5,0,500,0.0,0.0,1.0,0.0,0,0,500,0
47000,0,6,6,0,500,0.004,0.004,0.984,0.008,2,2,492,4
47000,0,7,7,0,500,0.004,0.354,0.228,0.414,2,177,114,207
47000,0,8,8,0,500,0.0,0.0,1.0,0.0,0,0,500,0
47000,0,10,10,0,500,0.0,0.0,1.0,0.0,0,0,500,0
47000,0,11,11,0,500,0.0,0.0,1.0,0.0,0,0,500,0
47000,0,14,14,0,500,0.056,0.044,0.884,0.016,28,22,442,8
47000,0,15,15,0,500,0.002,0.002,0.994,0.002,1,1,497,1
47000,0,16,16,0,500,0.0,0.0,1.0,0.0,0,0,500,0
47000,0,20,20,0,500,0.0,0.0,1.0,0.0,0,0,500,0
47000,1,0,1,0,500,0.0,0.0,1.0,0.0,0,0,500,0
47000,1,1,2,1,500,0.014,0.478,0.214,0.294,7,239,107,147
47000,1,3,4,3,500,0.052,0.24,0.322,0.386,26,120,161,193
47000,1,4,5,4,500,0.004,0.0,0.996,0.0,2,0,498,0
47000,1,5,6,5,500,0.02,0.03,0.504,0.446,10,15,252,223
47000,1,7,8,7,500,0.0,0.0,1.0,0.0,0,0,500,0
47000,1,8,9,8,500,0.006,0.002,0.992,0.0,3,1,496,0
47000,1,9,10,9,500,0.0,0.012,0.986,0.002,0,6,493,1
47000,1,11,12,11,500,0.002,0.002,0.996,0.0,1,1,498,0
47000,1,13,14,13,500,0.0,0.004,0.996,0.0,0,2,498,0
47000,1,14,15,14,500,0.016,0.044,0.752,0.188,8,22,376,94
47000,1,18,19,18,500,0.268,0.04,0.518,0.174,134,20,259,87
47000,1,19,20,19,500,0.034,0.004,0.958,0.004,17,2,479,2
47000,2,3,5,6,500,0.038,0.062,0.566,0.334,19,31,283,167
47000,2,8,10,16,500,0.142,0.018,0.41,0.43,71,9,205,215
47000,2,10,12,20,500,0.0,0.0,1.0,0.0,0,0,500,0
47000,2,11,13,1,500,0.092,0.144,0.282,0.482,46,72,141,241
47000,2,12,14,3,500,0.012,0.008,0.98,0.0,6,4,490,0
47000,2,14,16,7,500,0.0,0.0,1.0,0.0,0,0,500,0
47000,2,15,17,9,500,0.08,0.014,0.892,0.014,40,7,446,7
47000,2,18,20,15,500,0.266,0.13,0.254,0.35,133,65,127,175
47000,3,0,3,0,500,0.002,0.01,0.988,0.0,1,5,494,0
47000,3,2,5,6,500,0.042,0.06,0.546,0.352,21,30,273,176
47000,3,4,7,12,500,0.09,0.03,0.866,0.014,45,15,433,7
47000,3,5,8,15,500,0.042,0.01,0.942,0.006,21,5,471,3
47000,3,6,9,18,500,0.146,0.022,0.736,0.096,73,11,368,48
47000,3,7,10,0,500,0.0,0.0,1.0,0.0,0,0,500,0
47000,3,8,11,3,500,0.014,0.004,0.974,0.008,7,2,487,4
47000,3,9,12,6,500,0.004,0.01,0.984,0.002,2,5,492,1
47000,3,10,13,9,500,0.0,0.0,1.0,0.0,0,0,500,0
47000,3,13,16,18,500,0.018,0.002,0.978,0.002,9,1,489,1
47000,3,14,17,0,500,0.0,0.0,1.0,0.0,0,0,500,0
47000,3,15,18,3,500,0.578,0.05,0.262,0.11,289,25,131,55
47000,3,16,19,6,500,0.0,0.0,1.0,0.0,0,0,500,0
47000,3,17,20,9,500,0.002,0.008,0.99,0.0,1,4,495,0
47000,4,0,4,0,500,0.0,0.0,1.0,0.0,0,0,500,0
47000,4,2,6,8,500,0.014,0.018,0.966,0.002,7,9,483,1
47000,4,5,9,20,500,0.002,0.0,0.998,0.0,1,0,499,0
47000,4,6,10,3,500,0.05,0.01,0.93,0.01,25,5,465,5
47000,4,7,11,7,500,0.0,0.0,1.0,0.0,0,0,500,0
47000,4,8,12,11,500,0.02,0.002,0.976,0.002,10,1,488,1
47000,4,9,13,15,500,0.02,0.372,0.37,0.238,10,186,185,119
47000,4,10,14,19,500,0.028,0.004,0.966,0.002,14,2,483,1
47000,4,11,15,2,500,0.002,0.008,0.986,0.004,1,4,493,2
47000,4,12,16,6,500,0.0,0.002,0.998,0.0,0,1,499,0
47000,4,13,17,10,500,0.004,0.0,0.996,0.0,2,0,498,0
47000,4,14,18,14,500,0.016,0.042,0.93,0.012,8,21,465,6
47000,4,16,20,1,500,0.0,0.002,0.998,0.0,0,1,499,0
47000,5,0,5,0,500,0.0,0.0,1.0,0.0,0,0,500,0
47000,5,2,7,10,500,0.0,0.0,1.0,0.0,0,0,500,0
47000,5,3,8,15,500,0.024,0.014,0.952,0.01,12,7,476,5
47000,5,4,9,20,500,0.0,0.002,0.998,0.0,0,1,499,0
47000,5,5,10,4,500,0.034,0.148,0.78,0.038,17,74,390,19
47000,5,7,12,14,500,0.022,0.074,0.9,0.004,11,37,450,2
47000,5,9,14,3,500,0.006,0.01,0.984,0.0,3,5,492,0
47000,5,10,15,8,500,0.024,0.006,0.958,0.012,12,3,479,6
47000,5,11,16,13,500,0.002,0.0,0.996,0.002,1,0,498,1
47000,5,12,17,18,500,0.032,0.022,0.942,0.004,16,11,471,2
47000,5,14,19,7,500,0.012,0.064,0.922,0.002,6,32,461,1
47000,5,15,20,12,500,0.01,0.008,0.982,0.0,5,4,491,0
47000,6,1,7,6,500,0.002,0.0,0.998,0.0,1,0,499,0
47000,6,2,8,12,500,0.05,0.002,0.942,0.006,25,1,471,3
47000,6,6,12,15,500,0.002,0.008,0.988,0.002,1,4,494,1
47000,6,8,14,6,500,0.006,0.0,0.992,0.002,3,0,496,1
47000,6,9,15,12,500,0.006,0.008,0.986,0.0,3,4,493,0
47000,6,12,18,9,500,0.154,0.052,0.684,0.11,77,26,342,55
47000,6,13,19,15,500,0.016,0.01,0.97,0.004,8,5,485,2
47000,7,0,7,0,500,0.002,0.354,0.242,0.402,1,177,121,201
47000,7,1,8,7,500,0.006,0.0,0.994,0.0,3,0,497,0
47000,7,3,10,0,500,0.0,0.0,0.998,0.002,0,0,499,1
47000,7,4,11,7,500,0.0,0.0,1.0,0.0,0,0,500,0
47000,7,7,14,7,500,0.036,0.086,0.796,0.082,18,43,398,41
47000,7,8,15,14,500,0.012,0.072,0.812,0.104,6,36,406,52
47000,7,9,16,0,500,0.0,0.0,1.0,0.0,0,0,500,0
47000,7,11,18,14,500,0.018,0.064,0.906,0.012,9,32,453,6
47000,7,13,20,7,500,0.0,0.0,1.0,0.0,0,0,500,0
47000,8,0,8,0,500,0.0,0.0,1.0,0.0,0,0,500,0
47000,8,1,9,8,500,0.026,0.0,0.974,0.0,13,0,487,0
47000,8,3,11,3,500,0.014,0.04,0.938,0.008,7,20,469,4
47000,8,5,13,19,500,0.0,0.0,1.0,0.0,0,0,500,0
47000,8,6,14,6,500,0.004,0.0,0.994,0.002,2,0,497,1
47000,8,7,15,14,500,0.008,0.046,0.83,0.116,4,23,415,58
47000,8,9,17,9,500,0.004,0.016,0.98,0.0,2,8,490,0
47000,8,11,19,4,500,0.002,0.0,0.996,0.002,1,0,498,1
47000,8,12,20,12,500,0.0,0.002,0.998,0.0,0,1,499,0
47000,9,4,13,15,500,0.02,0.43,0.378,0.172,10,215,189,86
47000,9,5,14,3,500,0.012,0.012,0.976,0.0,6,6,488,0
47000,9,6,15,12,500,0.006,0.006,0.98,0.008,3,3,490,4
47000,9,7,16,0,500,0.0,0.0,1.0,0.0,0,0,500,0
47000,9,8,17,9,500,0.002,0.016,0.982,0.0,1,8,491,0
47000,9,11,20,15,500,0.016,0.794,0.094,0.096,8,397,47,48
47000,10,0,10,0,500,0.0,0.0,1.0,0.0,0,0,500,0
47000,10,1,11,10,500,0.0,0.0,1.0,0.0,0,0,500,0
47000,10,2,12,20,500,0.004,0.0,0.996,0.0,2,0,498,0
47000,10,4,14,19,500,0.028,0.002,0.968,0.002,14,1,484,1
47000,10,5,15,8,500,0.014,0.004,0.976,0.006,7,2,488,3
47000,10,6,16,18,500,0.006,0.0,0.99,0.004,3,0,495,2
47000,10,7,17,7,500,0.0,0.0,1.0,0.0,0,0,500,0
47000,10,8,18,17,500,0.064,0.004,0.922,0.01,32,2,461,5
47000,10,9,19,6,500,0.0,0.0,1.0,0.0,0,0,500,0
47000,11,0,11,0,500,0.0,0.0,1.0,0.0,0,0,500,0
47000,11,1,12,11,500,0.002,0.0,0.998,0.0,1,0,499,0
47000,11,2,13,1,500,0.07,0.128,0.33,0.472,35,64,165,236
47000,11,6,17,3,500,0.014,0.0,0.98,0.006,7,0,490,3
47000,11,8,19,4,500,0.0,0.0,1.0,0.0,0,0,500,0
47000,11,9,20,15,500,0.008,0.81,0.1,0.082,4,405,50,41
47000,12,0,12,0,500,0.0,0.002,0.998,0.0,0,1,499,0
47000,12,1,13,12,500,0.002,0.0,0.998,0.0,1,0,499,0
47000,12,4,16,6,500,0.002,0.004,0.994,0.0,1,2,497,0
47000,12,5,17,18,500,0.012,0.02,0.968,0.0,6,10,484,0
47000,12,6,18,9,500,0.19,0.052,0.682,0.076,95,26,341,38
47000,12,8,20,12,500,0.0,0.002,0.998,0.0,0,1,499,0
47000,13,1,14,13,500,0.0,0.0,1.0,0.0,0,0,500,0
47000,13,3,16,18,500,0.022,0.0,0.972,0.006,11,0,486,3
47000,13,4,17,10,500,0.006,0.0,0.994,0.0,3,0,497,0
47000,13,5,18,2,500,0.0,0.0,1.0,0.0,0,0,500,0
47000,14,0,14,0,500,0.046,0.05,0.886,0.018,23,25,443,9
47000,14,1,15,14,500,0.026,0.042,0.688,0.244,13,21,344,122
47000,14,2,16,7,500,0.0,0.0,1.0,0.0,0,0,500,0
47000,14,3,17,0,500,0.002,0.0,0.998,0.0,1,0,499,0
47000,14,4,18,14,500,0.024,0.076,0.882,0.018,12,38,441,9
47000,14,5,19,7,500,0.002,0.022,0.974,0.002,1,11,487,1
47000,15,0,15,0,500,0.0,0.002,0.998,0.0,0,1,499,0
47000,15,2,17,9,500,0.104,0.012,0.868,0.016,52,6,434,8
47000,16,0,16,0,500,0.0,0.0,1.0,0.0,0,0,500,0
47000,16,2,18,11,500,0.0,0.0,1.0,0.0,0,0,500,0
47000,16,3,19,6,500,0.0,0.0,1.0,0.0,0,0,500,0
47000,17,0,17,0,500,0.0,0.0,1.0,0.0,0,0,500,0
47000,17,1,18,17,500,0.034,0.01,0.95,0.006,17,5,475,3
47000,17,2,19,13,500,0.0,0.0,1.0,0.0,0,0,500,0
47000,17,3,20,9,500,0.006,0.004,0.99,0.0,3,2,495,0
47000,18,0,18,0,500,0.0,0.0,1.0,0.0,0,0,500,0
47000,18,2,20,15,500,0.234,0.094,0.28,0.392,117,47,140,196
47000,19,0,19,0,500,0.0,0.0,1.0,0.0,0,0,500,0
47000,19,1,20,19,500,0.026,0.004,0.964,0.006,13,2,482,3
47000,20,0,20,0,500,0.0,0.0,1.0,0.0,0,0,500,0
47500,0,2,2,0,500,0.0,0.0,1.0,0.0,0,0,500,0
47500,0,5,5,0,500,0.0,0.0,1.0,0.0,0,0,500,0
47500,0,6,6,0,500,0.002,0.0,0.98,0.018,1,0,490,9
47500,0,7,7,0,500,0.0,0.372,0.236,0.392,0,186,118,196
47500,0,8,8,0,500,0.002,0.0,0.998,0.0,1,0,499,0
47500,0,10,10,0,500,0.0,0.0,1.0,0.0,0,0,500,0
47500,0,11,11,0,500,0.0,0.0,1.0,0.0,0,0,500,0
47500,0,14,14,0,500,0.05,0.058,0.856,0.036,25,29,428,18
47500,0,15,15,0,500,0.004,0.0,0.996,0.0,2,0,498,0
47500,0,16,16,0,500,0.0,0.0,1.0,0.0,0,0,500,0
47500,0,20,20,0,500,0.0,0.0,1.0,0.0,0,0,500,0
47500,1,0,1,0,500,0.0,0.0,1.0,0.0,0,0,500,0
47500,1,1,2,1,500,0.0,0.964,0.012,0.024,0,482,6,12
47500,1,3,4,3,500,0.054,0.388,0.27,0.288,27,194,135,144
47500,1,4,5,4,500,0.018,0.0,0.98,0.002,9,0,490,1
47500,1,5,6,5,500,0.034,0.08,0.448,0.438,17,40,224,219
47500,1,7,8,7,500,0.004,0.0,0.996,0.0,2,0,498,0
47500,1,8,9,8,500,0.024,0.0,0.976,0.0,12,0,488,0
47500,1,9,10,9,500,0.0,0.004,0.996,0.0,0,2,498,0
47500,1,11,12,11,500,0.004,0.0,0.996,0.0,2,0,498,0
47500,1,13,14,13,500,0.0,0.0,1.0,0.0,0,0,500,0
47500,1,14,15,14,500,0.05,0.016,0.668,0.266,25,8,334,133
47500,1,18,19,18,500,0.216,0.076,0.624,0.084,108,38,312,42
47500,1,19,20,19,500,0.07,0.026,0.872,0.032,35,13,436,16
47500,2,3,5,6,500,0.054,0.088,0.47,0.388,27,44,235,194
47500,2,8,10,16,500,0.18,0.01,0.378,0.432,90,5,189,216
47500,2,10,12,20,500,0.002,0.0,0.998,0.0,1,0,499,0
47500,2,11,13,1,500,0.064,0.118,0.334,0.484,32,59,167,242
47500,2,12,14,3,500,0.01,0.006,0.984,0.0,5,3,492,0
47500,2,14,16,7,500,0.0,0.0,1.0,0.0,0,0,500,0
47500,2,15,17,9,500,0.054,0.0,0.946,0.0,27,0,473,0
47500,2,18,20,15,500,0.226,0.142,0.272,0.36,113,71,136,180
47500,3,0,3,0,500,0.002,0.012,0.986,0.0,1,6,493,0
47500,3,2,5,6,500,0.068,0.1,0.464,0.368,34,50,232,184
47500,3,4,7,12,500,0.044,0.03,0.908,0.018,22,15,454,9
47500,3,5,8,15,500,0.044,0.01,0.936,0.01,22,5,468,5
47500,3,6,9,18,500,0.14,0.072,0.732,0.056,70,36,366,28
47500,3,7,10,0,500,0.0,0.0,1.0,0.0,0,0,500,0
47500,3,8,11,3,500,0.01,0.014,0.976,0.0,5,7,488,0
47500,3,9,12,6,500,0.004,0.006,0.988,0.002,2,3,494,1
47500,3,10,13,9,500,0.0,0.0,1.0,0.0,0,0,500,0
47500,3,13,16,18,500,0.016,0.002,0.974,0.008,8,1,487,4
47500,3,14,17,0,500,0.002,0.0,0.998,0.0,1,0,499,0
47500,3,15,18,3,500,0.54,0.058,0.294,0.108,270,29,147,54
47500,3,16,19,6,500,0.0,0.002,0.998,0.0,0,1,499,0
47500,3,17,20,9,500,0.002,0.008,0.99,0.0,1,4,495,0
47500,4,0,4,0,500,0.0,0.0,1.0,0.0,0,0,500,0
47500,4,2,6,8,500,0.016,0.014,0.97,0.0,8,7,485,0
47500,4,5,9,20,500,0.0,0.004,0.996,0.0,0,2,498,0
47500,4,6,10,3,500,0.058,0.02,0.89,0.032,29,10,445,16
47500,4,7,11,7,500,0.0,0.0,1.0,0.0,0,0,500,0
47500,4,8,12,11,500,0.06,0.032,0.862,0.046,30,16,431,23
47500,4,9,13,15,500,0.026,0.446,0.274,0.254,13,223,137,127
47500,4,10,14,19,500,0.02,0.006,0.974,0.0,10,3,487,0
47500,4,11,15,2,500,0.004,0.01,0.976,0.01,2,5,488,5
47500,4,12,16,6,500,0.0,0.0,1.0,0.0,0,0,500,0
47500,4,13,17,10,500,0.006,0.0,0.994,0.0,3,0,497,0
47500,4,14,18,14,500,0.018,0.044,0.926,0.012,9,22,463,6
47500,4,16,20,1,500,0.0,0.0,1.0,0.0,0,0,500,0
47500,5,0,5,0,500,0.0,0.0,1.0,0.0,0,0,500,0
47500,5,2,7,10,500,0.0,0.0,1.0,0.0,0,0,500,0
47500,5,3,8,15,500,0.04,0.012,0.92,0.028,20,6,460,14
47500,5,4,9,20,500,0.0,0.006,0.994,0.0,0,3,497,0
47500,5,5,10,4,500,0.012,0.012,0.972,0.004,6,6,486,2
47500,5,7,12,14,500,0.02,0.046,0.908,0.026,10,23,454,13
47500,5,9,14,3,500,0.002,0.002,0.996,0.0,1,1,498,0
47500,5,10,15,8,500,0.038,0.008,0.928,0.026,19,4,464,13
47500,5,11,16,13,500,0.0,0.002,0.996,0.002,0,1,498,1
47500,5,12,17,18,500,0.07,0.014,0.91,0.006,35,7,455,3
47500,5,14,19,7,500,0.038,0.132,0.754,0.076,19,66,377,38
47500,5,15,20,12,500,0.016,0.01,0.974,0.0,8,5,487,0
47500,6,1,7,6,500,0.0,0.0,1.0,0.0,0,0,500,0
47500,6,2,8,12,500,0.05,0.0,0.948,0.002,25,0,474,1
47500,6,6,12,15,500,0.022,0.008,0.956,0.014,11,4,478,7
47500,6,8,14,6,500,0.01,0.0,0.982,0.008,5,0,491,4
47500,6,9,15,12,500,0.01,0.014,0.96,0.016,5,7,480,8
47500,6,12,18,9,500,0.1,0.098,0.724,0.078,50,49,362,39
47500,6,13,19,15,500,0.024,0.006,0.966,0.004,12,3,483,2
47500,7,0,7,0,500,0.004,0.346,0.26,0.39,2,173,130,195
47500,7,1,8,7,500,0.004,0.0,0.996,0.0,2,0,498,0
47500,7,3,10,0,500,0.0,0.0,1.0,0.0,0,0,500,0
47500,7,4,11,7,500,0.0,0.0,1.0,0.0,0,0,500,0
47500,7,7,14,7,500,0.016,0.082,0.804,0.098,8,41,402,49
47500,7,8,15,14,500,0.034,0.07,0.768,0.128,17,35,384,64
47500,7,9,16,0,500,0.0,0.0,1.0,0.0,0,0,500,0
47500,7,11,18,14,500,0.028,0.052,0.914,0.006,14,26,457,3
47500,7,13,20,7,500,0.002,0.002,0.996,0.0,1,1,498,0
47500,8,0,8,0,500,0.0,0.0,1.0,0.0,0,0,500,0
47500,8,1,9,8,500,0.024,0.002,0.974,0.0,12,1,487,0
47500,8,3,11,3,500,0.034,0.068,0.87,0.028,17,34,435,14
47500,8,5,13,19,500,0.0,0.0,1.0,0.0,0,0,500,0
47500,8,6,14,6,500,0.0,0.0,0.994,0.006,0,0,497,3
47500,8,7,15,14,500,0.028,0.072,0.79,0.11,14,36,395,55
47500,8,9,17,9,500,0.008,0.004,0.988,0.0,4,2,494,0
47500,8,11,19,4,500,0.0,0.0,1.0,0.0,0,0,500,0
47500,8,12,20,12,500,0.0,0.0,1.0,0.0,0,0,500,0
47500,9,4,13,15,500,0.03,0.246,0.414,0.31,15,123,207,155
47500,9,5,14,3,500,0.012,0.008,0.978,0.002,6,4,489,1
47500,9,6,15,12,500,0.012,0.018,0.948,0.022,6,9,474,11
47500,9,7,16,0,500,0.0,0.0,1.0,0.0,0,0,500,0
47500,9,8,17,9,500,0.014,0.006,0.98,0.0,7,3,490,0
47500,9,11,20,15,500,0.02,0.766,0.124,0.09,10,383,62,45
47500,10,0,10,0,500,0.0,0.0,1.0,0.0,0,0,500,0
47500,10,1,11,10,500,0.002,0.0,0.998,0.0,1,0,499,0
47500,10,2,12,20,500,0.002,0.0,0.998,0.0,1,0,499,0
47500,10,4,14,19,500,0.018,0.006,0.976,0.0,9,3,488,0
47500,10,5,15,8,500,0.02,0.004,0.972,0.004,10,2,486,2
47500,10,6,16,18,500,0.01,0.0,0.988,0.002,5,0,494,1
47500,10,7,17,7,500,0.0,0.0,1.0,0.0,0,0,500,0
47500,10,8,18,17,500,0.064,0.008,0.904,0.024,32,4,452,12
47500,10,9,19,6,500,0.0,0.0,1.0,0.0,0,0,500,0
47500,11,0,11,0,500,0.0,0.0,1.0,0.0,0,0,500,0
47500,11,1,12,11,500,0.004,0.002,0.994,0.0,2,1,497,0
47500,11,2,13,1,500,0.08,0.12,0.328,0.472,40,60,164,236
47500,11,6,17,3,500,0.018,0.0,0.982,0.0,9,0,491,0
47500,11,8,19,4,500,0.0,0.0,1.0,0.0,0,0,500,0
47500,11,9,20,15,500,0.018,0.776,0.116,0.09,9,388,58,45
47500,12,0,12,0,500,0.002,0.0,0.998,0.0,1,0,499,0
47500,12,1,13,12,500,0.006,0.004,0.988,0.002,3,2,494,1
47500,12,4,16,6,500,0.0,0.004,0.996,0.0,0,2,498,0
47500,12,5,17,18,500,0.026,0.018,0.952,0.004,13,9,476,2
47500,12,6,18,9,500,0.126,0.082,0.714,0.078,63,41,357,39
47500,12,8,20,12,500,0.0,0.0,1.0,0.0,0,0,500,0
47500,13,1,14,13,500,0.0,0.0,1.0,0.0,0,0,500,0
47500,13,3,16,18,500,0.028,0.002,0.958,0.012,14,1,479,6
47500,13,4,17,10,500,0.0,0.0,1.0,0.0,0,0,500,0
47500,13,5,18,2,500,0.0,0.004,0.994,0.002,0,2,497,1
47500,14,0,14,0,500,0.03,0.05,0.898,0.022,15,25,449,11
47500,14,1,15,14,500,0.088,0.02,0.69,0.202,44,10,345,101
47500,14,2,16,7,500,0.0,0.0,1.0,0.0,0,0,500,0
47500,14,3,17,0,500,0.002,0.002,0.996,0.0,1,1,498,0
47500,14,4,18,14,500,0.036,0.054,0.884,0.026,18,27,442,13
47500,14,5,19,7,500,0.03,0.046,0.846,0.078,15,23,423,39
47500,15,0,15,0,500,0.004,0.0,0.996,0.0,2,0,498,0
47500,15,2,17,9,500,0.05,0.016,0.928,0.006,25,8,464,3
47500,16,0,16,0,500,0.0,0.0,1.0,0.0,0,0,500,0
47500,16,2,18,11,500,0.0,0.0,1.0,0.0,0,0,500,0
47500,16,3,19,6,500,0.0,0.002,0.998,0.0,0,1,499,0
47500,17,0,17,0,500,0.0,0.0,1.0,0.0,0,0,500,0
47500,17,1,18,17,500,0.034,0.006,0.948,0.012,17,3,474,6
47500,17,2,19,13,500,0.0,0.0,1.0,0.0,0,0,500,0
47500,17,3,20,9,500,0.0,0.012,0.988,0.0,0,6,494,0
47500,18,0,18,0,500,0.0,0.0,1.0,0.0,0,0,500,0
47500,18,2,20,15,500,0.292,0.082,0.254,0.372,146,41,127,186
47500,19,0,19,0,500,0.0,0.0,1.0,0.0,0,0,500,0
47500,19,1,20,19,500,0.114,0.018,0.836,0.032,57,9,418,16
47500,20,0,20,0,500,0.0,0.0,1.0,0.0,0,0,500,0
48000,0,2,2,0,500,0.0,0.0,1.0,0.0,0,0,500,0
48000,0,5,5,0,500,0.0,0.0,1.0,0.0,0,0,500,0
48000,0,6,6,0,500,0.006,0.002,0.988,0.004,3,1,494,2
48000,0,7,7,0,500,0.004,0.322,0.258,0.416,2,161,129,208
48000,0,8,8,0,500,0.0,0.0,1.0,0.0,0,0,500,0
48000,0,10,10,0,500,0.0,0.0,1.0,0.0,0,0,500,0
48000,0,11,11,0,500,0.0,0.0,1.0,0.0,0,0,500,0
48000,0,14,14,0,500,0.082,0.074,0.738,0.106,41,37,369,53
48000,0,15,15,0,500,0.004,0.0,0.996,0.0,2,0,498,0
48000,0,16,16,0,500,0.0,0.0,1.0,0.0,0,0,500,0
48000,0,20,20,0,500,0.0,0.0,1.0,0.0,0,0,500,0
48000,1,0,1,0,500,0.0,0.0,1.0,0.0,0,0,500,0
48000,1,1,2,1,500,0.0,1.0,0.0,0.0,0,500,0,0
48000,1,3,4,3,500,0.062,0.262,0.352,0.324,31,131,176,162
48000,1,4,5,4,500,0.004,0.002,0.994,0.0,2,1,497,0
48000,1,5,6,5,500,0.014,0.038,0.5,0.448,7,19,250,224
48000,1,7,8,7,500,0.006,0.0,0.994,0.0,3,0,497,0
48000,1,8,9,8,500,0.028,0.0,0.972,0.0,14,0,486,0
48000,1,9,10,9,500,0.002,0.004,0.994,0.0,1,2,497,0
48000,1,11,12,11,500,0.004,0.002,0.994,0.0,2,1,497,0
48000,1,13,14,13,500,0.002,0.0,0.998,0.0,1,0,499,0
48000,1,14,15,14,500,0.024,0.054,0.612,0.31,12,27,306,155
48000,1,18,19,18,500,0.364,0.018,0.522,0.096,182,9,261,48
48000,1,19,20,19,500,0.02,0.054,0.906,0.02,10,27,453,10
48000,2,3,5,6,500,0.044,0.046,0.546,0.364,22,23,273,182
48000,2,8,10,16,500,0.09,0.01,0.492,0.408,45,5,246,204
48000,2,10,12,20,500,0.002,0.0,0.998,0.0,1,0,499,0
48000,2,11,13,1,500,0.082,0.084,0.282,0.552,41,42,141,276
48000,2,12,14,3,500,0.002,0.008,0.99,0.0,1,4,495,0
48000,2,14,16,7,500,0.0,0.0,1.0,0.0,0,0,500,0
48000,2,15,17,9,500,0.048,0.002,0.946,0.004,24,1,473,2
48000,2,18,20,15,500,0.244,0.186,0.262,0.308,122,93,131,154
48000,3,0,3,0,500,0.002,0.004,0.994,0.0,1,2,497,0
48000,3,2,5,6,500,0.038,0.054,0.526,0.382,19,27,263,191
48000,3,4,7,12,500,0.038,0.022,0.93,0.01,19,11,465,5
48000,3,5,8,15,500,0.034,0.008,0.948,0.01,17,4,474,5
48000,3,6,9,18,500,0.102,0.026,0.822,0.05,51,13,411,25
48000,3,7,10,0,500,0.0,0.0,1.0,0.0,0,0,500,0
48000,3,8,11,3,500,0.022,0.06,0.918,0.0,11,30,459,0
48000,3,9,12,6,500,0.01,0.0,0.99,0.0,5,0,495,0
48000,3,10,13,9,500,0.0,0.0,1.0,0.0,0,0,500,0
48000,3,13,16,18,500,0.01,0.0,0.984,0.006,5,0,492,3
48000,3,14,17,0,500,0.0,0.004,0.996,0.0,0,2,498,0
48000,3,15,18,3,500,0.592,0.04,0.268,0.1,296,20,134,50
48000,3,16,19,6,500,0.0,0.002,0.998,0.0,0,1,499,0
48000,3,17,20,9,500,0.004,0.012,0.984,0.0,2,6,492,0
48000,4,0,4,0,500,0.0,0.0,1.0,0.0,0,0,500,0
48000,4,2,6,8,500,0.02,0.02,0.958,0.002,10,10,479,1
48000,4,5,9,20,500,0.0,0.0,1.0,0.0,0,0,500,0
48000,4,6,10,3,500,0.018,0.016,0.958,0.008,9,8,479,4
48000,4,7,11,7,500,0.0,0.0,1.0,0.0,0,0,500,0
48000,4,8,12,11,500,0.018,0.008,0.974,0.0,9,4,487,0
48000,4,9,13,15,500,0.028,0.304,0.448,0.22,14,152,224,110
48000,4,10,14,19,500,0.026,0.024,0.95,0.0,13,12,475,0
48000,4,11,15,2,500,0.006,0.004,0.984,0.006,3,2,492,3
48000,4,12,16,6,500,0.0,0.004,0.994,0.002,0,2,497,1
48000,4,13,17,10,500,0.004,0.002,0.994,0.0,2,1,497,0
48000,4,14,18,14,500,0.012,0.036,0.948,0.004,6,18,474,2
48000,4,16,20,1,500,0.0,0.0,1.0,0.0,0,0,500,0
48000,5,0,5,0,500,0.0,0.0,1.0,0.0,0,0,500,0
48000,5,2,7,10,500,0.0,0.0,1.0,0.0,0,0,500,0
48000,5,3,8,15,500,0.034,0.008,0.942,0.016,17,4,471,8
48000,5,4,9,20,500,0.0,0.002,0.998,0.0,0,1,499,0
48000,5,5,10,4,500,0.02,0.016,0.962,0.002,10,8,481,1
48000,5,7,12,14,500,0.01,0.106,0.872,0.012,5,53,436,6
48000,5,9,14,3,500,0.006,0.002,0.992,0.0,3,1,496,0
48000,5,10,15,8,500,0.02,0.01,0.95,0.02,10,5,475,10
48000,5,11,16,13,500,0.004,0.002,0.988,0.006,2,1,494,3
48000,5,12,17,18,500,0.058,0.008,0.934,0.0,29,4,467,0
48000,5,14,19,7,500,0.058,0.072,0.756,0.114,29,36,378,57
48000,5,15,20,12,500,0.006,0.006,0.986,0.002,3,3,493,1
48000,6,1,7,6,500,0.002,0.0,0.998,0.0,1,0,499,0
48000,6,2,8,12,500,0.058,0.0,0.93,0.012,29,0,465,6
48000,6,6,12,15,500,0.028,0.002,0.964,0.006,14,1,482,3
48000,6,8,14,6,500,0.01,0.004,0.98,0.006,5,2,490,3
48000,6,9,15,12,500,0.014,0.01,0.966,0.01,7,5,483,5
48000,6,12,18,9,500,0.112,0.05,0.758,0.08,56,25,379,40
48000,6,13,19,15,500,0.012,0.014,0.974,0.0,6,7,487,0
48000,7,0,7,0,500,0.012,0.364,0.236,0.388,6,182,118,194
48000,7,1,8,7,500,0.01,0.0,0.988,0.002,5,0,494,1
48000,7,3,10,0,500,0.0,0.0,1.0,0.0,0,0,500,0
48000,7,4,11,7,500,0.0,0.0,1.0,0.0,0,0,500,0
48000,7,7,14,7,500,0.066,0.098,0.74,0.096,33,49,370,48
48000,7,8,15,14,500,0.024,0.058,0.812,0.106,12,29,406,53
48000,7,9,16,0,500,0.0,0.0,1.0,0.0,0,0,500,0
48000,7,11,18,14,500,0.024,0.054,0.91,0.012,12,27,455,6
48000,7,13,20,7,500,0.0,0.0,1.0,0.0,0,0,500,0
48000,8,0,8,0,500,0.0,0.0,1.0,0.0,0,0,500,0
48000,8,1,9,8,500,0.014,0.0,0.978,0.008,7,0,489,4
48000,8,3,11,3,500,0.036,0.044,0.882,0.038,18,22,441,19
48000,8,5,13,19,500,0.0,0.002,0.998,0.0,0,1,499,0
48000,8,6,14,6,500,0.006,0.002,0.988,0.004,3,1,494,2
48000,8,7,15,14,500,0.02,0.074,0.838,0.068,10,37,419,34
48000,8,9,17,9,500,0.01,0.006,0.984,0.0,5,3,492,0
48000,8,11,19,4,500,0.0,0.0,1.0,0.0,0,0,500,0
48000,8,12,20,12,500,0.002,0.0,0.998,0.0,1,0,499,0
48000,9,4,13,15,500,0.026,0.27,0.48,0.224,13,135,240,112
48000,9,5,14,3,500,0.004,0.004,0.992,0.0,2,2,496,0
48000,9,6,15,12,500,0.01,0.006,0.964,0.02,5,3,482,10
48000,9,7,16,0,500,0.0,0.0,1.0,0.0,0,0,500,0
48000,9,8,17,9,500,0.004,0.002,0.994,0.0,2,1,497,0
48000,9,11,20,15,500,0.018,0.778,0.102,0.102,9,389,51,51
48000,10,0,10,0,500,0.0,0.0,1.0,0.0,0,0,500,0
48000,10,1,11,10,500,0.0,0.0,1.0,0.0,0,0,500,0
48000,10,2,12,20,500,0.01,0.0,0.99,0.0,5,0,495,0
48000,10,4,14,19,500,0.036,0.006,0.958,0.0,18,3,479,0
48000,10,5,15,8,500,0.026,0.002,0.966,0.006,13,1,483,3
48000,10,6,16,18,500,0.002,0.0,0.998,0.0,1,0,499,0
48000,10,7,17,7,500,0.0,0.0,1.0,0.0,0,0,500,0
48000,10,8,18,17,500,0.026,0.002,0.97,0.002,13,1,485,1
48000,10,9,19,6,500,0.0,0.002,0.998,0.0,0,1,499,0
48000,11,0,11,0,500,0.0,0.0,1.0,0.0,0,0,500,0
48000,11,1,12,11,500,0.002,0.002,0.996,0.0,1,1,498,0
48000,11,2,13,1,500,0.128,0.14,0.25,0.482,64,70,125,241
48000,11,6,17,3,500,0.004,0.006,0.982,0.008,2,3,491,4
48000,11,8,19,4,500,0.0,0.0,1.0,0.0,0,0,500,0
48000,11,9,20,15,500,0.012,0.754,0.138,0.096,6,377,69,48
48000,12,0,12,0,500,0.002,0.002,0.996,0.0,1,1,498,0
48000,12,1,13,12,500,0.008,0.0,0.988,0.004,4,0,494,2
48000,12,4,16,6,500,0.0,0.008,0.99,0.002,0,4,495,1
48000,12,5,17,18,500,0.012,0.012,0.976,0.0,6,6,488,0
48000,12,6,18,9,500,0.092,0.028,0.828,0.052,46,14,414,26
48000,12,8,20,12,500,0.002,0.004,0.994,0.0,1,2,497,0
48000,13,1,14,13,500,0.0,0.0,0.998,0.002,0,0,499,1
48000,13,3,16,18,500,0.008,0.002,0.988,0.002,4,1,494,1
48000,13,4,17,10,500,0.006,0.0,0.994,0.0,3,0,497,0
48000,13,5,18,2,500,0.0,0.0,1.0,0.0,0,0,500,0
48000,14,0,14,0,500,0.09,0.074,0.77,0.066,45,37,385,33
48000,14,1,15,14,500,0.026,0.08,0.634,0.26,13,40,317,130
48000,14,2,16,7,500,0.0,0.0,1.0,0.0,0,0,500,0
48000,14,3,17,0,500,0.0,0.002,0.998,0.0,0,1,499,0
48000,14,4,18,14,500,0.014,0.032,0.94,0.014,7,16,470,7
48000,14,5,19,7,500,0.02,0.034,0.872,0.074,10,17,436,37
48000,15,0,15,0,500,0.0,0.002,0.998,0.0,0,1,499,0
48000,15,2,17,9,500,0.048,0.002,0.948,0.002,24,1,474,1
48000,16,0,16,0,500,0.0,0.0,1.0,0.0,0,0,500,0
48000,16,2,18,11,500,0.0,0.0,1.0,0.0,0,0,500,0
48000,16,3,19,6,500,0.0,0.002,0.998,0.0,0,1,499,0
48000,17,0,17,0,500,0.0,0.0,1.0,0.0,0,0,500,0
48000,17,1,18,17,500,0.022,0.0,0.978,0.0,11,0,489,0
48000,17,2,19,13,500,0.0,0.0,1.0,0.0,0,0,500,0
48000,17,3,20,9,500,0.002,0.006,0.992,0.0,1,3,496,0
48000,18,0,18,0,500,0.002,0.0,0.998,0.0,1,0,499,0
48000,18,2,20,15,500,0.238,0.164,0.282,0.316,119,82,141,158
48000,19,0,19,0,500,0.0,0.0,1.0,0.0,0,0,500,0
48000,19,1,20,19,500,0.048,0.056,0.858,0.038,24,28,429,19
48000,20,0,20,0,500,0.0,0.0,1.0,0.0,0,0,500,0
48500,0,2,2,0,500,0.0,0.0,1.0,0.0,0,0,500,0
48500,0,5,5,0,500,0.0,0.0,1.0,0.0,0,0,500,0
48500,0,6,6,0,500,0.0,0.0,0.992,0.008,0,0,496,4
48500,0,7,7,0,500,0.0,0.374,0.226,0.4,0,187,113,200
48500,0,8,8,0,500,0.0,0.0,1.0,0.0,0,0,500,0
48500,0,10,10,0,500,0.0,0.0,1.0,0.0,0,0,500,0
48500,0,11,11,0,500,0.0,0.0,1.0,0.0,0,0,500,0
48500,0,14,14,0,500,0.088,0.058,0.786,0.068,44,29,393,34
48500,0,15,15,0,500,0.002,0.0,0.998,0.0,1,0,499,0
48500,0,16,16,0,500,0.0,0.0,1.0,0.0,0,0,500,0
48500,0,20,20,0,500,0.0,0.0,1.0,0.0,0,0,500,0
48500,1,0,1,0,500,0.0,0.0,1.0,0.0,0,0,500,0
48500,1,1,2,1,500,0.01,0.244,0.382,0.364,5,122,191,182
48500,1,3,4,3,500,0.098,0.254,0.3,0.348,49,127,150,174
48500,1,4,5,4,500,0.004,0.0,0.996,0.0,2,0,498,0
48500,1,5,6,5,500,0.008,0.03,0.686,0.276,4,15,343,138
48500,1,7,8,7,500,0.0,0.0,1.0,0.0,0,0,500,0
48500,1,8,9,8,500,0.004,0.0,0.994,0.002,2,0,497,1
48500,1,9,10,9,500,0.0,0.006,0.994,0.0,0,3,497,0
48500,1,11,12,11,500,0.002,0.004,0.994,0.0,1,2,497,0
48500,1,13,14,13,500,0.0,0.0,1.0,0.0,0,0,500,0
48500,1,14,15,14,500,0.018,0.084,0.596,0.302,9,42,298,151
48500,1,18,19,18,500,0.392,0.018,0.532,0.058,196,9,266,29
48500,1,19,20,19,500,0.014,0.032,0.952,0.002,7,16,476,1
48500,2,3,5,6,500,0.024,0.066,0.66,0.25,12,33,330,125
48500,2,8,10,16,500,0.08,0.024,0.508,0.388,40,12,254,194
48500,2,10,12,20,500,0.002,0.004,0.994,0.0,1,2,497,0
48500,2,11,13,1,500,0.1,0.146,0.258,0.496,50,73,129,248
48500,2,12,14,3,500,0.0,0.002,0.998,0.0,0,1,499,0
48500,2,14,16,7,500,0.0,0.0,1.0,0.0,0,0,500,0
48500,2,15,17,9,500,0.056,0.002,0.934,0.008,28,1,467,4
48500,2,18,20,15,500,0.248,0.128,0.258,0.366,124,64,129,183
48500,3,0,3,0,500,0.0,0.002,0.998,0.0,0,1,499,0
48500,3,2,5,6,500,0.038,0.07,0.606,0.286,19,35,303,143
48500,3,4,7,12,500,0.066,0.02,0.902,0.012,33,10,451,6
48500,3,5,8,15,500,0.062,0.026,0.852,0.06,31,13,426,30
48500,3,6,9,18,500,0.158,0.058,0.692,0.092,79,29,346,46
48500,3,7,10,0,500,0.0,0.0,1.0,0.0,0,0,500,0
48500,3,8,11,3,500,0.024,0.016,0.958,0.002,12,8,479,1
48500,3,9,12,6,500,0.008,0.012,0.98,0.0,4,6,490,0
48500,3,10,13,9,500,0.0,0.002,0.998,0.0,0,1,499,0
48500,3,13,16,18,500,0.01,0.0,0.982,0.008,5,0,491,4
48500,3,14,17,0,500,0.002,0.0,0.998,0.0,1,0,499,0
48500,3,15,18,3,500,0.53,0.094,0.268,0.108,265,47,134,54
48500,3,16,19,6,500,0.0,0.002,0.998,0.0,0,1,499,0
48500,3,17,20,9,500,0.004,0.008,0.988,0.0,2,4,494,0
48500,4,0,4,0,500,0.0,0.0,1.0,0.0,0,0,500,0
48500,4,2,6,8,500,0.028,0.046,0.916,0.01,14,23,458,5
48500,4,5,9,20,500,0.0,0.0,1.0,0.0,0,0,500,0
48500,4,6,10,3,500,0.012,0.016,0.966,0.006,6,8,483,3
48500,4,7,11,7,500,0.0,0.0,1.0,0.0,0,0,500,0
48500,4,8,12,11,500,0.014,0.006,0.976,0.004,7,3,488,2
48500,4,9,13,15,500,0.018,0.55,0.26,0.172,9,275,130,86
48500,4,10,14,19,500,0.022,0.012,0.966,0.0,11,6,483,0
48500,4,11,15,2,500,0.008,0.008,0.97,0.014,4,4,485,7
48500,4,12,16,6,500,0.008,0.0,0.992,0.0,4,0,496,0
48500,4,13,17,10,500,0.004,0.012,0.982,0.002,2,6,491,1
48500,4,14,18,14,500,0.028,0.026,0.936,0.01,14,13,468,5
48500,4,16,20,1,500,0.0,0.0,1.0,0.0,0,0,500,0
48500,5,0,5,0,500,0.0,0.0,1.0,0.0,0,0,500,0
48500,5,2,7,10,500,0.0,0.0,1.0,0.0,0,0,500,0
48500,5,3,8,15,500,0.04,0.012,0.928,0.02,20,6,464,10
48500,5,4,9,20,500,0.002,0.0,0.998,0.0,1,0,499,0
48500,5,5,10,4,500,0.008,0.006,0.986,0.0,4,3,493,0
48500,5,7,12,14,500,0.022,0.136,0.802,0.04,11,68,401,20
48500,5,9,14,3,500,0.004,0.018,0.978,0.0,2,9,489,0
48500,5,10,15,8,500,0.052,0.008,0.908,0.032,26,4,454,16
48500,5,11,16,13,500,0.004,0.0,0.994,0.002,2,0,497,1
48500,5,12,17,18,500,0.034,0.018,0.946,0.002,17,9,473,1
48500,5,14,19,7,500,0.02,0.038,0.94,0.002,10,19,470,1
48500,5,15,20,12,500,0.014,0.014,0.972,0.0,7,7,486,0
48500,6,1,7,6,500,0.006,0.004,0.986,0.004,3,2,493,2
48500,6,2,8,12,500,0.074,0.004,0.912,0.01,37,2,456,5
48500,6,6,12,15,500,0.032,0.01,0.936,0.022,16,5,468,11
48500,6,8,14,6,500,0.014,0.002,0.978,0.006,7,1,489,3
48500,6,9,15,12,500,0.016,0.01,0.95,0.024,8,5,475,12
48500,6,12,18,9,500,0.106,0.082,0.692,0.12,53,41,346,60
48500,6,13,19,15,500,0.014,0.004,0.976,0.006,7,2,488,3
48500,7,0,7,0,500,0.022,0.368,0.23,0.38,11,184,115,190
48500,7,1,8,7,500,0.0,0.0,1.0,0.0,0,0,500,0
48500,7,3,10,0,500,0.0,0.0,1.0,0.0,0,0,500,0
48500,7,4,11,7,500,0.0,0.0,0.998,0.002,0,0,499,1
48500,7,7,14,7,500,0.07,0.08,0.782,0.068,35,40,391,34
48500,7,8,15,14,500,0.026,0.046,0.84,0.088,13,23,420,44
48500,7,9,16,0,500,0.0,0.0,1.0,0.0,0,0,500,0
48500,7,11,18,14,500,0.012,0.062,0.918,0.008,6,31,459,4
48500,7,13,20,7,500,0.0,0.0,1.0,0.0,0,0,500,0
48500,8,0,8,0,500,0.002,0.0,0.998,0.0,1,0,499,0
48500,8,1,9,8,500,0.006,0.0,0.994,0.0,3,0,497,0
48500,8,3,11,3,500,0.01,0.01,0.966,0.014,5,5,483,7
48500,8,5,13,19,500,0.0,0.0,1.0,0.0,0,0,500,0
48500,8,6,14,6,500,0.018,0.0,0.974,0.008,9,0,487,4
48500,8,7,15,14,500,0.002,0.052,0.902,0.044,1,26,451,22
48500,8,9,17,9,500,0.004,0.008,0.988,0.0,2,4,494,0
48500,8,11,19,4,500,0.0,0.0,1.0,0.0,0,0,500,0
48500,8,12,20,12,500,0.0,0.002,0.998,0.0,0,1,499,0
48500,9,4,13,15,500,0.042,0.232,0.416,0.31,21,116,208,155
48500,9,5,14,3,500,0.0,0.008,0.992,0.0,0,4,496,0
48500,9,6,15,12,500,0.022,0.01,0.95,0.018,11,5,475,9
48500,9,7,16,0,500,0.0,0.0,1.0,0.0,0,0,500,0
48500,9,8,17,9,500,0.002,0.002,0.996,0.0,1,1,498,0
48500,9,11,20,15,500,0.024,0.6,0.182,0.194,12,300,91,97
48500,10,0,10,0,500,0.0,0.0,1.0,0.0,0,0,500,0
48500,10,1,11,10,500,0.002,0.0,0.996,0.002,1,0,498,1
48500,10,2,12,20,500,0.012,0.002,0.984,0.002,6,1,492,1
48500,10,4,14,19,500,0.016,0.004,0.98,0.0,8,2,490,0
48500,10,5,15,8,500,0.038,0.01,0.93,0.022,19,5,465,11
48500,10,6,16,18,500,0.002,0.004,0.994,0.0,1,2,497,0
48500,10,7,17,7,500,0.0,0.0,1.0,0.0,0,0,500,0
48500,10,8,18,17,500,0.028,0.0,0.964,0.008,14,0,482,4
48500,10,9,19,6,500,0.0,0.0,1.0,0.0,0,0,500,0
48500,11,0,11,0,500,0.0,0.0,1.0,0.0,0,0,500,0
48500,11,1,12,11,500,0.008,0.002,0.988,0.002,4,1,494,1
48500,11,2,13,1,500,0.096,0.222,0.222,0.46,48,111,111,230
48500,11,6,17,3,500,0.016,0.0,0.982,0.002,8,0,491,1
48500,11,8,19,4,500,0.0,0.0,0.998,0.002,0,0,499,1
48500,11,9,20,15,500,0.032,0.718,0.142,0.108,16,359,71,54
48500,12,0,12,0,500,0.0,0.0,1.0,0.0,0,0,500,0
48500,12,1,13,12,500,0.004,0.004,0.992,0.0,2,2,496,0
48500,12,4,16,6,500,0.0,0.004,0.996,0.0,0,2,498,0
48500,12,5,17,18,500,0.024,0.026,0.948,0.002,12,13,474,1
48500,12,6,18,9,500,0.122,0.092,0.664,0.122,61,46,332,61
48500,12,8,20,12,500,0.0,0.004,0.996,0.0,0,2,498,0
48500,13,1,14,13,500,0.0,0.0,1.0,0.0,0,0,500,0
48500,13,3,16,18,500,0.014,0.004,0.97,0.012,7,2,485,6
48500,13,4,17,10,500,0.006,0.004,0.99,0.0,3,2,495,0
48500,13,5,18,2,500,0.0,0.0,0.998,0.002,0,0,499,1
48500,14,0,14,0,500,0.078,0.06,0.792,0.07,39,30,396,35
48500,14,1,15,14,500,0.024,0.056,0.586,0.334,12,28,293,167
48500,14,2,16,7,500,0.0,0.0,1.0,0.0,0,0,500,0
48500,14,3,17,0,500,0.002,0.0,0.998,0.0,1,0,499,0
48500,14,4,18,14,500,0.046,0.06,0.878,0.016,23,30,439,8
48500,14,5,19,7,500,0.01,0.04,0.946,0.004,5,20,473,2
48500,15,0,15,0,500,0.0,0.0,1.0,0.0,0,0,500,0
48500,15,2,17,9,500,0.07,0.002,0.92,0.008,35,1,460,4
48500,16,0,16,0,500,0.0,0.0,1.0,0.0,0,0,500,0
48500,16,2,18,11,500,0.0,0.002,0.998,0.0,0,1,499,0
48500,16,3,19,6,500,0.0,0.0,1.0,0.0,0,0,500,0
48500,17,0,17,0,500,0.0,0.0,1.0,0.0,0,0,500,0
48500,17,1,18,17,500,0.02,0.01,0.968,0.002,10,5,484,1
48500,17,2,19,13,500,0.0,0.0,1.0,0.0,0,0,500,0
48500,17,3,20,9,500,0.0,0.002,0.998,0.0,0,1,499,0
48500,18,0,18,0,500,0.0,0.0,1.0,0.0,0,0,500,0
48500,18,2,20,15,500,0.392,0.136,0.222,0.25,196,68,111,125
48500,19,0,19,0,500,0.0,0.0,1.0,0.0,0,0,500,0
48500,19,1,20,19,500,0.026,0.052,0.908,0.014,13,26,454,7
48500,20,0,20,0,500,0.0,0.0,1.0,0.0,0,0,500,0
49000,0,2,2,0,500,0.0,0.0,1.0,0.0,0,0,500,0
49000,0,5,5,0,500,0.0,0.0,1.0,0.0,0,0,500,0
49000,0,6,6,0,500,0.01,0.002,0.976,0.012,5,1,488,6
49000,0,7,7,0,500,0.002,0.372,0.254,0.372,1,186,127,186
49000,0,8,8,0,500,0.0,0.0,1.0,0.0,0,0,500,0
49000,0,10,10,0,500,0.0,0.0,1.0,0.0,0,0,500,0
49000,0,11,11,0,500,0.0,0.0,1.0,0.0,0,0,500,0
49000,0,14,14,0,500,0.25,0.058,0.592,0.1,125,29,296,50
49000,0,15,15,0,500,0.004,0.0,0.996,0.0,2,0,498,0
49000,0,16,16,0,500,0.0,0.0,1.0,0.0,0,0,500,0
49000,0,20,20,0,500,0.0,0.006,0.994,0.0,0,3,497,0
49000,1,0,1,0,500,0.0,0.0,1.0,0.0,0,0,500,0
49000,1,1,2,1,500,0.006,0.73,0.122,0.142,3,365,61,71
49000,1,3,4,3,500,0.066,0.25,0.34,0.344,33,125,170,172
49000,1,4,5,4,500,0.006,0.0,0.994,0.0,3,0,497,0
49000,1,5,6,5,500,0.004,0.07,0.462,0.464,2,35,231,232
49000,1,7,8,7,500,0.0,0.002,0.998,0.0,0,1,499,0
49000,1,8,9,8,500,0.042,0.002,0.944,0.012,21,1,472,6
49000,1,9,10,9,500,0.002,0.002,0.996,0.0,1,1,498,0
49000,1,11,12,11,500,0.0,0.002,0.998,0.0,0,1,499,0
49000,1,13,14,13,500,0.002,0.0,0.996,0.002,1,0,498,1
49000,1,14,15,14,500,0.006,0.04,0.694,0.26,3,20,347,130
49000,1,18,19,18,500,0.242,0.03,0.62,0.108,121,15,310,54
49000,1,19,20,19,500,0.154,0.01,0.8,0.036,77,5,400,18
49000,2,3,5,6,500,0.026,0.09,0.522,0.362,13,45,261,181
49000,2,8,10,16,500,0.072,0.022,0.504,0.402,36,11,252,201
49000,2,10,12,20,500,0.004,0.0,0.996,0.0,2,0,498,0
49000,2,11,13,1,500,0.116,0.168,0.256,0.46,58,84,128,230
49000,2,12,14,3,500,0.004,0.004,0.992,0.0,2,2,496,0
49000,2,14,16,7,500,0.0,0.0,1.0,0.0,0,0,500,0
49000,2,15,17,9,500,0.142,0.012,0.836,0.01,71,6,418,5
49000,2,18,20,15,500,0.294,0.084,0.226,0.396,147,42,113,198
49000,3,0,3,0,500,0.0,0.008,0.992,0.0,0,4,496,0
49000,3,2,5,6,500,0.048,0.09,0.492,0.37,24,45,246,185
49000,3,4,7,12,500,0.114,0.016,0.858,0.012,57,8,429,6
49000,3,5,8,15,500,0.034,0.008,0.946,0.012,17,4,473,6
49000,3,6,9,18,500,0.12,0.046,0.788,0.046,60,23,394,23
49000,3,7,10,0,500,0.0,0.0,1.0,0.0,0,0,500,0
49000,3,8,11,3,500,0.148,0.028,0.792,0.032,74,14,396,16
49000,3,9,12,6,500,0.004,0.0,0.996,0.0,2,0,498,0
49000,3,10,13,9,500,0.0,0.0,1.0,0.0,0,0,500,0
49000,3,13,16,18,500,0.02,0.004,0.966,0.01,10,2,483,5
49000,3,14,17,0,500,0.002,0.002,0.996,0.0,1,1,498,0
49000,3,15,18,3,500,0.516,0.078,0.31,0.096,258,39,155,48
49000,3,16,19,6,500,0.0,0.0,1.0,0.0,0,0,500,0
49000,3,17,20,9,500,0.004,0.01,0.984,0.002,2,5,492,1
49000,4,0,4,0,500,0.0,0.0,1.0,0.0,0,0,500,0
49000,4,2,6,8,500,0.014,0.012,0.968,0.006,7,6,484,3
49000,4,5,9,20,500,0.002,0.0,0.998,0.0,1,0,499,0
49000,4,6,10,3,500,0.02,0.012,0.958,0.01,10,6,479,5
49000,4,7,11,7,500,0.0,0.0,1.0,0.0,0,0,500,0
49000,4,8,12,11,500,0.004,0.0,0.996,0.0,2,0,498,0
49000,4,9,13,15,500,0.028,0.404,0.364,0.204,14,202,182,102
49000,4,10,14,19,500,0.03,0.002,0.968,0.0,15,1,484,0
49000,4,11,15,2,500,0.0,0.004,0.99,0.006,0,2,495,3
49000,4,12,16,6,500,0.002,0.0,0.998,0.0,1,0,499,0
49000,4,13,17,10,500,0.012,0.0,0.988,0.0,6,0,494,0
49000,4,14,18,14,500,0.01,0.026,0.954,0.01,5,13,477,5
49000,4,16,20,1,500,0.0,0.002,0.998,0.0,0,1,499,0
49000,5,0,5,0,500,0.0,0.0,1.0,0.0,0,0,500,0
49000,5,2,7,10,500,0.0,0.0,1.0,0.0,0,0,500,0
49000,5,3,8,15,500,0.03,0.008,0.946,0.016,15,4,473,8
49000,5,4,9,20,500,0.0,0.002,0.998,0.0,0,1,499,0
49000,5,5,10,4,500,0.022,0.022,0.952,0.004,11,11,476,2
49000,5,7,12,14,500,0.004,0.028,0.96,0.008,2,14,480,4
49000,5,9,14,3,500,0.02,0.004,0.976,0.0,10,2,488,0
49000,5,10,15,8,500,0.044,0.004,0.938,0.014,22,2,469,7
49000,5,11,16,13,500,0.0,0.0,1.0,0.0,0,0,500,0
49000,5,12,17,18,500,0.044,0.028,0.92,0.008,22,14,460,4
49000,5,14,19,7,500,0.012,0.088,0.862,0.038,6,44,431,19
49000,5,15,20,12,500,0.0,0.008,0.992,0.0,0,4,496,0
49000,6,1,7,6,500,0.006,0.0,0.994,0.0,3,0,497,0
49000,6,2,8,12,500,0.072,0.006,0.91,0.012,36,3,455,6
49000,6,6,12,15,500,0.008,0.004,0.98,0.008,4,2,490,4
49000,6,8,14,6,500,0.02,0.0,0.978,0.002,10,0,489,1
49000,6,9,15,12,500,0.01,0.012,0.956,0.022,5,6,478,11
49000,6,12,18,9,500,0.072,0.07,0.81,0.048,36,35,405,24
49000,6,13,19,15,500,0.004,0.002,0.992,0.002,2,1,496,1
49000,7,0,7,0,500,0.002,0.436,0.222,0.34,1,218,111,170
49000,7,1,8,7,500,0.0,0.0,1.0,0.0,0,0,500,0
49000,7,3,10,0,500,0.0,0.0,1.0,0.0,0,0,500,0
49000,7,4,11,7,500,0.0,0.0,1.0,0.0,0,0,500,0
49000,7,7,14,7,500,0.1,0.042,0.788,0.07,50,21,394,35
49000,7,8,15,14,500,0.018,0.036,0.906,0.04,9,18,453,20
49000,7,9,16,0,500,0.0,0.0,1.0,0.0,0,0,500,0
49000,7,11,18,14,500,0.01,0.088,0.878,0.024,5,44,439,12
49000,7,13,20,7,500,0.0,0.004,0.996,0.0,0,2,498,0
49000,8,0,8,0,500,0.0,0.0,1.0,0.0,0,0,500,0
49000,8,1,9,8,500,0.04,0.0,0.946,0.014,20,0,473,7
49000,8,3,11,3,500,0.006,0.006,0.984,0.004,3,3,492,2
49000,8,5,13,19,500,0.0,0.0,1.0,0.0,0,0,500,0
49000,8,6,14,6,500,0.018,0.0,0.98,0.002,9,0,490,1
49000,8,7,15,14,500,0.024,0.028,0.93,0.018,12,14,465,9
49000,8,9,17,9,500,0.006,0.012,0.982,0.0,3,6,491,0
49000,8,11,19,4,500,0.0,0.0,1.0,0.0,0,0,500,0
49000,8,12,20,12,500,0.002,0.0,0.998,0.0,1,0,499,0
49000,9,4,13,15,500,0.054,0.364,0.366,0.216,27,182,183,108
49000,9,5,14,3,500,0.006,0.004,0.99,0.0,3,2,495,0
49000,9,6,15,12,500,0.01,0.016,0.946,0.028,5,8,473,14
49000,9,7,16,0,500,0.0,0.0,1.0,0.0,0,0,500,0
49000,9,8,17,9,500,0.004,0.006,0.99,0.0,2,3,495,0
49000,9,11,20,15,500,0.03,0.796,0.082,0.092,15,398,41,46
49000,10,0,10,0,500,0.0,0.0,1.0,0.0,0,0,500,0
49000,10,1,11,10,500,0.0,0.002,0.998,0.0,0,1,499,0
49000,10,2,12,20,500,0.002,0.0,0.998,0.0,1,0,499,0
49000,10,4,14,19,500,0.026,0.01,0.964,0.0,13,5,482,0
49000,10,5,15,8,500,0.024,0.006,0.952,0.018,12,3,476,9
49000,10,6,16,18,500,0.006,0.002,0.988,0.004,3,1,494,2
49000,10,7,17,7,500,0.002,0.0,0.998,0.0,1,0,499,0
49000,10,8,18,17,500,0.066,0.0,0.912,0.022,33,0,456,11
49000,10,9,19,6,500,0.0,0.0,1.0,0.0,0,0,500,0
49000,11,0,11,0,500,0.0,0.0,1.0,0.0,0,0,500,0
49000,11,1,12,11,500,0.0,0.0,1.0,0.0,0,0,500,0
49000,11,2,13,1,500,0.104,0.208,0.262,0.426,52,104,131,213
49000,11,6,17,3,500,0.008,0.0,0.992,0.0,4,0,496,0
49000,11,8,19,4,500,0.0,0.0,1.0,0.0,0,0,500,0
49000,11,9,20,15,500,0.022,0.722,0.132,0.124,11,361,66,62
49000,12,0,12,0,500,0.0,0.0,1.0,0.0,0,0,500,0
49000,12,1,13,12,500,0.004,0.002,0.994,0.0,2,1,497,0
49000,12,4,16,6,500,0.0,0.008,0.992,0.0,0,4,496,0
49000,12,5,17,18,500,0.02,0.018,0.942,0.02,10,9,471,10
49000,12,6,18,9,500,0.114,0.054,0.772,0.06,57,27,386,30
49000,12,8,20,12,500,0.0,0.002,0.998,0.0,0,1,499,0
49000,13,1,14,13,500,0.002,0.0,0.998,0.0,1,0,499,0
49000,13,3,16,18,500,0.014,0.004,0.97,0.012,7,2,485,6
49000,13,4,17,10,500,0.014,0.0,0.986,0.0,7,0,493,0
49000,13,5,18,2,500,0.002,0.0,0.998,0.0,1,0,499,0
49000,14,0,14,0,500,0.188,0.074,0.648,0.09,94,37,324,45
49000,14,1,15,14,500,0.018,0.044,0.596,0.342,9,22,298,171
49000,14,2,16,7,500,0.0,0.0,1.0,0.0,0,0,500,0
49000,14,3,17,0,500,0.0,0.0,1.0,0.0,0,0,500,0
49000,14,4,18,14,500,0.058,0.11,0.782,0.05,29,55,391,25
49000,14,5,19,7,500,0.018,0.078,0.874,0.03,9,39,437,15
49000,15,0,15,0,500,0.004,0.0,0.996,0.0,2,0,498,0
49000,15,2,17,9,500,0.156,0.016,0.82,0.008,78,8,410,4
49000,16,0,16,0,500,0.0,0.0,1.0,0.0,0,0,500,0
49000,16,2,18,11,500,0.0,0.0,1.0,0.0,0,0,500,0
49000,16,3,19,6,500,0.0,0.0,1.0,0.0,0,0,500,0
49000,17,0,17,0,500,0.0,0.0,1.0,0.0,0,0,500,0
49000,17,1,18,17,500,0.02,0.004,0.966,0.01,10,2,483,5
49000,17,2,19,13,500,0.0,0.0,1.0,0.0,0,0,500,0
49000,17,3,20,9,500,0.0,0.004,0.996,0.0,0,2,498,0
49000,18,0,18,0,500,0.0,0.0,1.0,0.0,0,0,500,0
49000,18,2,20,15,500,0.382,0.064,0.25,0.304,191,32,125,152
49000,19,0,19,0,500,0.0,0.0,1.0,0.0,0,0,500,0
49000,19,1,20,19,500,0.148,0.032,0.774,0.046,74,16,387,23
49000,20,0,20,0,500,0.0,0.0,1.0,0.0,0,0,500,0
49500,0,2,2,0,500,0.0,0.0,1.0,0.0,0,0,500,0
49500,0,5,5,0,500,0.0,0.0,1.0,0.0,0,0,500,0
49500,0,6,6,0,500,0.006,0.0,0.984,0.01,3,0,492,5
49500,0,7,7,0,500,0.048,0.38,0.222,0.35,24,190,111,175
49500,0,8,8,0,500,0.0,0.0,1.0,0.0,0,0,500,0
49500,0,10,10,0,500,0.0,0.0,1.0,0.0,0,0,500,0
49500,0,11,11,0,500,0.0,0.0,1.0,0.0,0,0,500,0
49500,0,14,14,0,500,0.17,0.098,0.61,0.122,85,49,305,61
49500,0,15,15,0,500,0.01,0.002,0.988,0.0,5,1,494,0
49500,0,16,16,0,500,0.0,0.0,1.0,0.0,0,0,500,0
49500,0,20,20,0,500,0.0,0.002,0.998,0.0,0,1,499,0
49500,1,0,1,0,500,0.0,0.0,1.0,0.0,0,0,500,0
49500,1,1,2,1,500,0.022,0.17,0.404,0.404,11,85,202,202
49500,1,3,4,3,500,0.068,0.32,0.34,0.272,34,160,170,136
49500,1,4,5,4,500,0.002,0.0,0.998,0.0,1,0,499,0
49500,1,5,6,5,500,0.01,0.102,0.364,0.524,5,51,182,262
49500,1,7,8,7,500,0.002,0.0,0.998,0.0,1,0,499,0
49500,1,8,9,8,500,0.024,0.01,0.956,0.01,12,5,478,5
49500,1,9,10,9,500,0.0,0.004,0.994,0.002,0,2,497,1
49500,1,11,12,11,500,0.0,0.0,1.0,0.0,0,0,500,0
49500,1,13,14,13,500,0.002,0.0,0.998,0.0,1,0,499,0
49500,1,14,15,14,500,0.008,0.054,0.798,0.14,4,27,399,70
49500,1,18,19,18,500,0.286,0.022,0.548,0.144,143,11,274,72
49500,1,19,20,19,500,0.086,0.036,0.844,0.034,43,18,422,17
49500,2,3,5,6,500,0.038,0.146,0.374,0.442,19,73,187,221
49500,2,8,10,16,500,0.064,0.012,0.566,0.358,32,6,283,179
49500,2,10,12,20,500,0.0,0.002,0.998,0.0,0,1,499,0
49500,2,11,13,1,500,0.116,0.144,0.3,0.44,58,72,150,220
49500,2,12,14,3,500,0.01,0.008,0.982,0.0,5,4,491,0
49500,2,14,16,7,500,0.0,0.0,1.0,0.0,0,0,500,0
49500,2,15,17,9,500,0.134,0.028,0.806,0.032,67,14,403,16
49500,2,18,20,15,500,0.252,0.136,0.232,0.38,126,68,116,190
49500,3,0,3,0,500,0.002,0.01,0.988,0.0,1,5,494,0
49500,3,2,5,6,500,0.066,0.094,0.384,0.456,33,47,192,228
49500,3,4,7,12,500,0.098,0.02,0.85,0.032,49,10,425,16
49500,3,5,8,15,500,0.054,0.01,0.912,0.024,27,5,456,12
49500,3,6,9,18,500,0.122,0.056,0.758,0.064,61,28,379,32
49500,3,7,10,0,500,0.0,0.0,1.0,0.0,0,0,500,0
49500,3,8,11,3,500,0.02,0.006,0.968,0.006,10,3,484,3
49500,3,9,12,6,500,0.004,0.002,0.994,0.0,2,1,497,0
49500,3,10,13,9,500,0.0,0.0,1.0,0.0,0,0,500,0
49500,3,13,16,18,500,0.022,0.002,0.968,0.008,11,1,484,4
49500,3,14,17,0,500,0.0,0.004,0.996,0.0,0,2,498,0
49500,3,15,18,3,500,0.582,0.056,0.294,0.068,291,28,147,34
49500,3,16,19,6,500,0.002,0.0,0.998,0.0,1,0,499,0
49500,3,17,20,9,500,0.0,0.002,0.998,0.0,0,1,499,0
49500,4,0,4,0,500,0.0,0.0,1.0,0.0,0,0,500,0
49500,4,2,6,8,500,0.006,0.042,0.95,0.002,3,21,475,1
49500,4,5,9,20,500,0.0,0.0,1.0,0.0,0,0,500,0
49500,4,6,10,3,500,0.032,0.01,0.946,0.012,16,5,473,6
49500,4,7,11,7,500,0.0,0.0,1.0,0.0,0,0,500,0
49500,4,8,12,11,500,0.006,0.004,0.99,0.0,3,2,495,0
49500,4,9,13,15,500,0.018,0.372,0.362,0.248,9,186,181,124
49500,4,10,14,19,500,0.014,0.006,0.976,0.004,7,3,488,2
49500,4,11,15,2,500,0.006,0.004,0.988,0.002,3,2,494,1
49500,4,12,16,6,500,0.0,0.0,0.998,0.002,0,0,499,1
49500,4,13,17,10,500,0.008,0.0,0.992,0.0,4,0,496,0
49500,4,14,18,14,500,0.01,0.068,0.91,0.012,5,34,455,6
49500,4,16,20,1,500,0.0,0.002,0.998,0.0,0,1,499,0
49500,5,0,5,0,500,0.0,0.0,1.0,0.0,0,0,500,0
49500,5,2,7,10,500,0.0,0.0,1.0,0.0,0,0,500,0
49500,5,3,8,15,500,0.052,0.01,0.908,0.03,26,5,454,15
49500,5,4,9,20,500,0.0,0.002,0.998,0.0,0,1,499,0
49500,5,5,10,4,500,0.03,0.038,0.922,0.01,15,19,461,5
49500,5,7,12,14,500,0.024,0.06,0.89,0.026,12,30,445,13
49500,5,9,14,3,500,0.008,0.002,0.99,0.0,4,1,495,0
49500,5,10,15,8,500,0.032,0.004,0.942,0.022,16,2,471,11
49500,5,11,16,13,500,0.006,0.0,0.994,0.0,3,0,497,0
49500,5,12,17,18,500,0.056,0.022,0.918,0.004,28,11,459,2
49500,5,14,19,7,500,0.048,0.07,0.82,0.062,24,35,410,31
49500,5,15,20,12,500,0.01,0.026,0.962,0.002,5,13,481,1
49500,6,1,7,6,500,0.002,0.002,0.996,0.0,1,1,498,0
49500,6,2,8,12,500,0.042,0.002,0.952,0.004,21,1,476,2
49500,6,6,12,15,500,0.026,0.01,0.956,0.008,13,5,478,4
49500,6,8,14,6,500,0.008,0.002,0.99,0.0,4,1,495,0
49500,6,9,15,12,500,0.016,0.01,0.954,0.02,8,5,477,10
49500,6,12,18,9,500,0.096,0.074,0.76,0.07,48,37,380,35
49500,6,13,19,15,500,0.012,0.004,0.982,0.002,6,2,491,1
49500,7,0,7,0,500,0.048,0.42,0.186,0.346,24,210,93,173
49500,7,1,8,7,500,0.0,0.0,1.0,0.0,0,0,500,0
49500,7,3,10,0,500,0.0,0.002,0.998,0.0,0,1,499,0
49500,7,4,11,7,500,0.0,0.0,1.0,0.0,0,0,500,0
49500,7,7,14,7,500,0.214,0.072,0.582,0.132,107,36,291,66
49500,7,8,15,14,500,0.012,0.034,0.88,0.074,6,17,440,37
49500,7,9,16,0,500,0.0,0.0,1.0,0.0,0,0,500,0
49500,7,11,18,14,500,0.016,0.09,0.87,0.024,8,45,435,12
49500,7,13,20,7,500,0.002,0.0,0.998,0.0,1,0,499,0
49500,8,0,8,0,500,0.0,0.0,1.0,0.0,0,0,500,0
49500,8,1,9,8,500,0.022,0.0,0.974,0.004,11,0,487,2
49500,8,3,11,3,500,0.012,0.01,0.976,0.002,6,5,488,1
49500,8,5,13,19,500,0.0,0.0,1.0,0.0,0,0,500,0
49500,8,6,14,6,500,0.002,0.002,0.984,0.012,1,1,492,6
49500,8,7,15,14,500,0.022,0.05,0.886,0.042,11,25,443,21
49500,8,9,17,9,500,0.0,0.016,0.984,0.0,0,8,492,0
49500,8,11,19,4,500,0.0,0.0,1.0,0.0,0,0,500,0
49500,8,12,20,12,500,0.002,0.008,0.988,0.002,1,4,494,1
49500,9,4,13,15,500,0.062,0.214,0.418,0.306,31,107,209,153
49500,9,5,14,3,500,0.01,0.006,0.984,0.0,5,3,492,0
49500,9,6,15,12,500,0.02,0.012,0.936,0.032,10,6,468,16
49500,9,7,16,0,500,0.0,0.0,1.0,0.0,0,0,500,0
49500,9,8,17,9,500,0.002,0.006,0.992,0.0,1,3,496,0
49500,9,11,20,15,500,0.002,0.754,0.134,0.11,1,377,67,55
49500,10,0,10,0,500,0.0,0.0,1.0,0.0,0,0,500,0
49500,10,1,11,10,500,0.004,0.002,0.992,0.002,2,1,496,1
49500,10,2,12,20,500,0.008,0.002,0.99,0.0,4,1,495,0
49500,10,4,14,19,500,0.022,0.004,0.97,0.004,11,2,485,2
49500,10,5,15,8,500,0.028,0.006,0.942,0.024,14,3,471,12
49500,10,6,16,18,500,0.016,0.0,0.982,0.002,8,0,491,1
49500,10,7,17,7,500,0.0,0.0,1.0,0.0,0,0,500,0
49500,10,8,18,17,500,0.076,0.002,0.912,0.01,38,1,456,5
49500,10,9,19,6,500,0.0,0.0,1.0,0.0,0,0,500,0
49500,11,0,11,0,500,0.0,0.0,1.0,0.0,0,0,500,0
49500,11,1,12,11,500,0.0,0.004,0.996,0.0,0,2,498,0
49500,11,2,13,1,500,0.092,0.192,0.282,0.434,46,96,141,217
49500,11,6,17,3,500,0.014,0.006,0.978,0.002,7,3,489,1
49500,11,8,19,4,500,0.002,0.0,0.998,0.0,1,0,499,0
49500,11,9,20,15,500,0.032,0.758,0.122,0.088,16,379,61,44
49500,12,0,12,0,500,0.018,0.002,0.98,0.0,9,1,490,0
49500,12,1,13,12,500,0.004,0.0,0.996,0.0,2,0,498,0
49500,12,4,16,6,500,0.0,0.006,0.994,0.0,0,3,497,0
49500,12,5,17,18,500,0.014,0.022,0.96,0.004,7,11,480,2
49500,12,6,18,9,500,0.098,0.074,0.764,0.064,49,37,382,32
49500,12,8,20,12,500,0.0,0.0,1.0,0.0,0,0,500,0
49500,13,1,14,13,500,0.004,0.0,0.996,0.0,2,0,498,0
49500,13,3,16,18,500,0.022,0.002,0.968,0.008,11,1,484,4
49500,13,4,17,10,500,0.002,0.0,0.998,0.0,1,0,499,0
49500,13,5,18,2,500,0.004,0.002,0.99,0.004,2,1,495,2
49500,14,0,14,0,500,0.148,0.076,0.65,0.126,74,38,325,63
49500,14,1,15,14,500,0.008,0.036,0.65,0.306,4,18,325,153
49500,14,2,16,7,500,0.0,0.0,1.0,0.0,0,0,500,0
49500,14,3,17,0,500,0.0,0.0,1.0,0.0,0,0,500,0
49500,14,4,18,14,500,0.032,0.038,0.898,0.032,16,19,449,16
49500,14,5,19,7,500,0.05,0.05,0.828,0.072,25,25,414,36
49500,15,0,15,0,500,0.008,0.0,0.992,0.0,4,0,496,0
49500,15,2,17,9,500,0.17,0.012,0.786,0.032,85,6,393,16
49500,16,0,16,0,500,0.0,0.0,1.0,0.0,0,0,500,0
49500,16,2,18,11,500,0.0,0.0,1.0,0.0,0,0,500,0
49500,16,3,19,6,500,0.0,0.0,1.0,0.0,0,0,500,0
49500,17,0,17,0,500,0.0,0.002,0.998,0.0,0,1,499,0
49500,17,1,18,17,500,0.026,0.002,0.962,0.01,13,1,481,5
49500,17,2,19,13,500,0.0,0.0,1.0,0.0,0,0,500,0
49500,17,3,20,9,500,0.004,0.006,0.99,0.0,2,3,495,0
49500,18,0,18,0,500,0.0,0.0,1.0,0.0,0,0,500,0
49500,18,2,20,15,500,0.4,0.064,0.242,0.294,200,32,121,147
49500,19,0,19,0,500,0.006,0.0,0.994,0.0,3,0,497,0
49500,19,1,20,19,500,0.074,0.064,0.83,0.032,37,32,415,16
49500,20,0,20,0,500,0.0,0.0,1.0,0.0,0,0,500,0
50000,0,2,2,0,500,0.0,0.0,1.0,0.0,0,0,500,0
50000,0,5,5,0,500,0.0,0.0,1.0,0.0,0,0,500,0
50000,0,6,6,0,500,0.004,0.004,0.982,0.01,2,2,491,5
50000,0,7,7,0,500,0.002,0.342,0.296,0.36,1,171,148,180
50000,0,8,8,0,500,0.002,0.0,0.998,0.0,1,0,499,0
50000,0,10,10,0,500,0.0,0.0,1.0,0.0,0,0,500,0
50000,0,11,11,0,500,0.0,0.0,1.0,0.0,0,0,500,0
50000,0,14,14,0,500,0.082,0.094,0.78,0.044,41,47,390,22
50000,0,15,15,0,500,0.004,0.0,0.996,0.0,2,0,498,0
50000,0,16,16,0,500,0.0,0.0,1.0,0.0,0,0,500,0
50000,0,20,20,0,500,0.0,0.0,1.0,0.0,0,0,500,0
50000,1,0,1,0,500,0.0,0.0,1.0,0.0,0,0,500,0
50000,1,1,2,1,500,0.012,0.504,0.3,0.184,6,252,150,92
50000,1,3,4,3,500,0.126,0.122,0.396,0.356,63,61,198,178
50000,1,4,5,4,500,0.012,0.0,0.988,0.0,6,0,494,0
50000,1,5,6,5,500,0.01,0.072,0.494,0.424,5,36,247,212
50000,1,7,8,7,500,0.0,0.004,0.996,0.0,0,2,498,0
50000,1,8,9,8,500,0.034,0.002,0.962,0.002,17,1,481,1
50000,1,9,10,9,500,0.0,0.008,0.992,0.0,0,4,496,0
50000,1,11,12,11,500,0.004,0.002,0.994,0.0,2,1,497,0
50000,1,13,14,13,500,0.0,0.0,1.0,0.0,0,0,500,0
50000,1,14,15,14,500,0.016,0.054,0.732,0.198,8,27,366,99
50000,1,18,19,18,500,0.338,0.024,0.594,0.044,169,12,297,22
50000,1,19,20,19,500,0.036,0.066,0.858,0.04,18,33,429,20
50000,2,3,5,6,500,0.042,0.066,0.536,0.356,21,33,268,178
50000,2,8,10,16,500,0.09,0.014,0.61,0.286,45,7,305,143
50000,2,10,12,20,500,0.0,0.0,1.0,0.0,0,0,500,0
50000,2,11,13,1,500,0.116,0.154,0.302,0.428,58,77,151,214
50000,2,12,14,3,500,0.0,0.002,0.998,0.0,0,1,499,0
50000,2,14,16,7,500,0.0,0.0,1.0,0.0,0,0,500,0
50000,2,15,17,9,500,0.054,0.024,0.916,0.006,27,12,458,3
50000,2,18,20,15,500,0.228,0.23,0.208,0.334,114,115,104,167
50000,3,0,3,0,500,0.0,0.01,0.99,0.0,0,5,495,0
50000,3,2,5,6,500,0.058,0.052,0.536,0.354,29,26,268,177
50000,3,4,7,12,500,0.106,0.028,0.842,0.024,53,14,421,12
50000,3,5,8,15,500,0.028,0.006,0.954,0.012,14,3,477,6
50000,3,6,9,18,500,0.108,0.06,0.792,0.04,54,30,396,20
50000,3,7,10,0,500,0.0,0.0,1.0,0.0,0,0,500,0
50000,3,8,11,3,500,0.034,0.02,0.934,0.012,17,10,467,6
50000,3,9,12,6,500,0.002,0.008,0.988,0.002,1,4,494,1
50000,3,10,13,9,500,0.0,0.0,1.0,0.0,0,0,500,0
50000,3,13,16,18,500,0.02,0.004,0.972,0.004,10,2,486,2
50000,3,14,17,0,500,0.002,0.002,0.996,0.0,1,1,498,0
50000,3,15,18,3,500,0.542,0.062,0.286,0.11,271,31,143,55
50000,3,16,19,6,500,0.0,0.004,0.996,0.0,0,2,498,0
50000,3,17,20,9,500,0.004,0.004,0.992,0.0,2,2,496,0
50000,4,0,4,0,500,0.0,0.0,1.0,0.0,0,0,500,0
50000,4,2,6,8,500,0.01,0.034,0.95,0.006,5,17,475,3
50000,4,5,9,20,500,0.0,0.0,1.0,0.0,0,0,500,0
50000,4,6,10,3,500,0.024,0.014,0.958,0.004,12,7,479,2
50000,4,7,11,7,500,0.0,0.0,1.0,0.0,0,0,500,0
50000,4,8,12,11,500,0.02,0.014,0.964,0.002,10,7,482,1
50000,4,9,13,15,500,0.014,0.454,0.354,0.178,7,227,177,89
50000,4,10,14,19,500,0.028,0.008,0.964,0.0,14,4,482,0
50000,4,11,15,2,500,0.0,0.004,0.994,0.002,0,2,497,1
50000,4,12,16,6,500,0.0,0.002,0.998,0.0,0,1,499,0
50000,4,13,17,10,500,0.006,0.0,0.994,0.0,3,0,497,0
50000,4,14,18,14,500,0.018,0.056,0.908,0.018,9,28,454,9
50000,4,16,20,1,500,0.0,0.0,1.0,0.0,0,0,500,0
50000,5,0,5,0,500,0.0,0.0,1.0,0.0,0,0,500,0
50000,5,2,7,10,500,0.0,0.002,0.998,0.0,0,1,499,0
50000,5,3,8,15,500,0.028,0.012,0.942,0.018,14,6,471,9
50000,5,4,9,20,500,0.0,0.0,1.0,0.0,0,0,500,0
50000,5,5,10,4,500,0.022,0.026,0.942,0.01,11,13,471,5
50000,5,7,12,14,500,0.004,0.028,0.96,0.008,2,14,480,4
50000,5,9,14,3,500,0.0,0.006,0.994,0.0,0,3,497,0
50000,5,10,15,8,500,0.022,0.008,0.956,0.014,11,4,478,7
50000,5,11,16,13,500,0.0,0.002,0.998,0.0,0,1,499,0
50000,5,12,17,18,500,0.04,0.008,0.948,0.004,20,4,474,2
50000,5,14,19,7,500,0.07,0.01,0.802,0.118,35,5,401,59
50000,5,15,20,12,500,0.012,0.008,0.978,0.002,6,4,489,1
50000,6,1,7,6,500,0.0,0.004,0.996,0.0,0,2,498,0
50000,6,2,8,12,500,0.036,0.002,0.956,0.006,18,1,478,3
50000,6,6,12,15,500,0.01,0.006,0.97,0.014,5,3,485,7
50000,6,8,14,6,500,0.002,0.002,0.996,0.0,1,1,498,0
50000,6,9,15,12,500,0.02,0.014,0.944,0.022,10,7,472,11
50000,6,12,18,9,500,0.078,0.05,0.818,0.054,39,25,409,27
50000,6,13,19,15,500,0.006,0.002,0.988,0.004,3,1,494,2
50000,7,0,7,0,500,0.004,0.346,0.296,0.354,2,173,148,177
50000,7,1,8,7,500,0.0,0.0,0.998,0.002,0,0,499,1
50000,7,3,10,0,500,0.0,0.0,1.0,0.0,0,0,500,0
50000,7,4,11,7,500,0.0,0.0,1.0,0.0,0,0,500,0
50000,7,7,14,7,500,0.144,0.064,0.696,0.096,72,32,348,48
50000,7,8,15,14,500,0.006,0.068,0.886,0.04,3,34,443,20
50000,7,9,16,0,500,0.0,0.0,1.0,0.0,0,0,500,0
50000,7,11,18,14,500,0.008,0.094,0.868,0.03,4,47,434,15
50000,7,13,20,7,500,0.0,0.002,0.998,0.0,0,1,499,0
50000,8,0,8,0,500,0.0,0.0,1.0,0.0,0,0,500,0
50000,8,1,9,8,500,0.028,0.004,0.968,0.0,14,2,484,0
50000,8,3,11,3,500,0.028,0.012,0.954,0.006,14,6,477,3
50000,8,5,13,19,500,0.0,0.0,1.0,0.0,0,0,500,0
50000,8,6,14,6,500,0.004,0.008,0.988,0.0,2,4,494,0
50000,8,7,15,14,500,0.008,0.056,0.902,0.034,4,28,451,17
50000,8,9,17,9,500,0.002,0.002,0.996,0.0,1,1,498,0
50000,8,11,19,4,500,0.0,0.0,0.996,0.004,0,0,498,2
50000,8,12,20,12,500,0.004,0.002,0.994,0.0,2,1,497,0
50000,9,4,13,15,500,0.026,0.372,0.35,0.252,13,186,175,126
50000,9,5,14,3,500,0.0,0.002,0.998,0.0,0,1,499,0
50000,9,6,15,12,500,0.028,0.028,0.916,0.028,14,14,458,14
50000,9,7,16,0,500,0.0,0.0,1.0,0.0,0,0,500,0
50000,9,8,17,9,500,0.002,0.008,0.99,0.0,1,4,495,0
50000,9,11,20,15,500,0.004,0.882,0.06,0.054,2,441,30,27
50000,10,0,10,0,500,0.0,0.0,1.0,0.0,0,0,500,0
50000,10,1,11,10,500,0.004,0.002,0.992,0.002,2,1,496,1
50000,10,2,12,20,500,0.0,0.0,1.0,0.0,0,0,500,0
50000,10,4,14,19,500,0.032,0.018,0.95,0.0,16,9,475,0
50000,10,5,15,8,500,0.022,0.002,0.97,0.006,11,1,485,3
50000,10,6,16,18,500,0.02,0.004,0.972,0.004,10,2,486,2
50000,10,7,17,7,500,0.0,0.0,1.0,0.0,0,0,500,0
50000,10,8,18,17,500,0.11,0.008,0.85,0.032,55,4,425,16
50000,10,9,19,6,500,0.0,0.002,0.998,0.0,0,1,499,0
50000,11,0,11,0,500,0.0,0.0,1.0,0.0,0,0,500,0
50000,11,1,12,11,500,0.004,0.002,0.988,0.006,2,1,494,3
50000,11,2,13,1,500,0.114,0.182,0.274,0.43,57,91,137,215
50000,11,6,17,3,500,0.03,0.004,0.964,0.002,15,2,482,1
50000,11,8,19,4,500,0.0,0.0,1.0,0.0,0,0,500,0
50000,11,9,20,15,500,0.018,0.734,0.132,0.116,9,367,66,58
50000,12,0,12,0,500,0.0,0.0,1.0,0.0,0,0,500,0
50000,12,1,13,12,500,0.004,0.006,0.99,0.0,2,3,495,0
50000,12,4,16,6,500,0.0,0.006,0.992,0.002,0,3,496,1
50000,12,5,17,18,500,0.034,0.014,0.95,0.002,17,7,475,1
50000,12,6,18,9,500,0.124,0.054,0.778,0.044,62,27,389,22
50000,12,8,20,12,500,0.0,0.0,1.0,0.0,0,0,500,0
50000,13,1,14,13,500,0.0,0.0,1.0,0.0,0,0,500,0
50000,13,3,16,18,500,0.01,0.002,0.986,0.002,5,1,493,1
50000,13,4,17,10,500,0.01,0.0,0.99,0.0,5,0,495,0
50000,13,5,18,2,500,0.0,0.0,0.998,0.002,0,0,499,1
50000,14,0,14,0,500,0.06,0.072,0.822,0.046,30,36,411,23
50000,14,1,15,14,500,0.012,0.036,0.654,0.298,6,18,327,149
50000,14,2,16,7,500,0.0,0.0,1.0,0.0,0,0,500,0
50000,14,3,17,0,500,0.002,0.002,0.996,0.0,1,1,498,0
50000,14,4,18,14,500,0.01,0.03,0.946,0.014,5,15,473,7
50000,14,5,19,7,500,0.008,0.004,0.972,0.016,4,2,486,8
50000,15,0,15,0,500,0.0,0.0,1.0,0.0,0,0,500,0
50000,15,2,17,9,500,0.07,0.012,0.9,0.018,35,6,450,9
50000,16,0,16,0,500,0.0,0.0,1.0,0.0,0,0,500,0
50000,16,2,18,11,500,0.0,0.002,0.998,0.0,0,1,499,0
50000,16,3,19,6,500,0.0,0.002,0.998,0.0,0,1,499,0
50000,17,0,17,0,500,0.0,0.0,1.0,0.0,0,0,500,0
50000,17,1,18,17,500,0.026,0.0,0.962,0.012,13,0,481,6
50000,17,2,19,13,500,0.0,0.0,1.0,0.0,0,0,500,0
50000,17,3,20,9,500,0.004,0.002,0.994,0.0,2,1,497,0
50000,18,0,18,0,500,0.0,0.0,1.0,0.0,0,0,500,0
50000,18,2,20,15,500,0.384,0.09,0.204,0.322,192,45,102,161
50000,19,0,19,0,500,0.002,0.0,0.998,0.0,1,0,499,0
50000,19,1,20,19,500,0.016,0.042,0.914,0.028,8,21,457,14
50000,20,0,20,0,500,0.0,0.0,1.0,0.0,0,0,500,0
50500,0,2,2,0,500,0.0,0.0,1.0,0.0,0,0,500,0
50500,0,5,5,0,500,0.0,0.0,1.0,0.0,0,0,500,0
50500,0,6,6,0,500,0.002,0.002,0.99,0.006,1,1,495,3
50500,0,7,7,0,500,0.022,0.312,0.34,0.326,11,156,170,163
50500,0,8,8,0,500,0.002,0.0,0.998,0.0,1,0,499,0
50500,0,10,10,0,500,0.0,0.0,1.0,0.0,0,0,500,0
50500,0,11,11,0,500,0.0,0.0,1.0,0.0,0,0,500,0
50500,0,14,14,0,500,0.056,0.086,0.81,0.048,28,43,405,24
50500,0,15,15,0,500,0.0,0.002,0.998,0.0,0,1,499,0
50500,0,16,16,0,500,0.0,0.0,1.0,0.0,0,0,500,0
50500,0,20,20,0,500,0.0,0.0,1.0,0.0,0,0,500,0
50500,1,0,1,0,500,0.0,0.0,1.0,0.0,0,0,500,0
50500,1,1,2,1,500,0.0,0.708,0.12,0.172,0,354,60,86
50500,1,3,4,3,500,0.134,0.088,0.372,0.406,67,44,186,203
50500,1,4,5,4,500,0.004,0.002,0.994,0.0,2,1,497,0
50500,1,5,6,5,500,0.012,0.054,0.41,0.524,6,27,205,262
50500,1,7,8,7,500,0.0,0.0,1.0,0.0,0,0,500,0
50500,1,8,9,8,500,0.006,0.002,0.99,0.002,3,1,495,1
50500,1,9,10,9,500,0.002,0.01,0.986,0.002,1,5,493,1
50500,1,11,12,11,500,0.0,0.002,0.998,0.0,0,1,499,0
50500,1,13,14,13,500,0.002,0.0,0.998,0.0,1,0,499,0
50500,1,14,15,14,500,0.024,0.056,0.664,0.256,12,28,332,128
50500,1,18,19,18,500,0.24,0.032,0.55,0.178,120,16,275,89
50500,1,19,20,19,500,0.088,0.022,0.852,0.038,44,11,426,19
50500,2,3,5,6,500,0.09,0.074,0.434,0.402,45,37,217,201
50500,2,8,10,16,500,0.104,0.0,0.718,0.178,52,0,359,89
50500,2,10,12,20,500,0.0,0.0,1.0,0.0,0,0,500,0
50500,2,11,13,1,500,0.09,0.084,0.334,0.492,45,42,167,246
50500,2,12,14,3,500,0.004,0.006,0.99,0.0,2,3,495,0
50500,2,14,16,7,500,0.0,0.0,1.0,0.0,0,0,500,0
50500,2,15,17,9,500,0.08,0.0,0.92,0.0,40,0,460,0
50500,2,18,20,15,500,0.202,0.186,0.256,0.356,101,93,128,178
50500,3,0,3,0,500,0.004,0.012,0.984,0.0,2,6,492,0
50500,3,2,5,6,500,0.082,0.064,0.45,0.404,41,32,225,202
50500,3,4,7,12,500,0.1,0.026,0.86,0.014,50,13,430,7
50500,3,5,8,15,500,0.034,0.004,0.948,0.014,17,2,474,7
50500,3,6,9,18,500,0.174,0.08,0.686,0.06,87,40,343,30
50500,3,7,10,0,500,0.0,0.0,1.0,0.0,0,0,500,0
50500,3,8,11,3,500,0.022,0.018,0.954,0.006,11,9,477,3
50500,3,9,12,6,500,0.0,0.002,0.996,0.002,0,1,498,1
50500,3,10,13,9,500,0.002,0.0,0.996,0.002,1,0,498,1
50500,3,13,16,18,500,0.026,0.0,0.962,0.012,13,0,481,6
50500,3,14,17,0,500,0.002,0.002,0.996,0.0,1,1,498,0
50500,3,15,18,3,500,0.6,0.04,0.248,0.112,300,20,124,56
50500,3,16,19,6,500,0.0,0.0,1.0,0.0,0,0,500,0
50500,3,17,20,9,500,0.004,0.016,0.978,0.002,2,8,489,1
50500,4,0,4,0,500,0.0,0.0,1.0,0.0,0,0,500,0
50500,4,2,6,8,500,0.01,0.03,0.956,0.004,5,15,478,2
50500,4,5,9,20,500,0.0,0.002,0.998,0.0,0,1,499,0
50500,4,6,10,3,500,0.016,0.008,0.976,0.0,8,4,488,0
50500,4,7,11,7,500,0.0,0.0,1.0,0.0,0,0,500,0
50500,4,8,12,11,500,0.012,0.008,0.98,0.0,6,4,490,0
50500,4,9,13,15,500,0.018,0.406,0.338,0.238,9,203,169,119
50500,4,10,14,19,500,0.018,0.002,0.98,0.0,9,1,490,0
50500,4,11,15,2,500,0.002,0.0,0.994,0.004,1,0,497,2
50500,4,12,16,6,500,0.0,0.002,0.998,0.0,0,1,499,0
50500,4,13,17,10,500,0.002,0.0,0.998,0.0,1,0,499,0
50500,4,14,18,14,500,0.008,0.066,0.908,0.018,4,33,454,9
50500,4,16,20,1,500,0.0,0.002,0.998,0.0,0,1,499,0
50500,5,0,5,0,500,0.0,0.0,1.0,0.0,0,0,500,0
50500,5,2,7,10,500,0.0,0.0,1.0,0.0,0,0,500,0
50500,5,3,8,15,500,0.024,0.008,0.936,0.032,12,4,468,16
50500,5,4,9,20,500,0.0,0.002,0.998,0.0,0,1,499,0
50500,5,5,10,4,500,0.004,0.012,0.982,0.002,2,6,491,1
50500,5,7,12,14,500,0.016,0.042,0.936,0.006,8,21,468,3
50500,5,9,14,3,500,0.004,0.012,0.984,0.0,2,6,492,0
50500,5,10,15,8,500,0.028,0.006,0.954,0.012,14,3,477,6
50500,5,11,16,13,500,0.002,0.002,0.996,0.0,1,1,498,0
50500,5,12,17,18,500,0.032,0.016,0.948,0.004,16,8,474,2
50500,5,14,19,7,500,0.068,0.052,0.81,0.07,34,26,405,35
50500,5,15,20,12,500,0.012,0.01,0.974,0.004,6,5,487,2
50500,6,1,7,6,500,0.0,0.0,1.0,0.0,0,0,500,0
50500,6,2,8,12,500,0.036,0.006,0.944,0.014,18,3,472,7
50500,6,6,12,15,500,0.01,0.002,0.984,0.004,5,1,492,2
50500,6,8,14,6,500,0.0,0.006,0.99,0.004,0,3,495,2
50500,6,9,15,12,500,0.014,0.01,0.956,0.02,7,5,478,10
50500,6,12,18,9,500,0.158,0.054,0.732,0.056,79,27,366,28
50500,6,13,19,15,500,0.004,0.006,0.99,0.0,2,3,495,0
50500,7,0,7,0,500,0.02,0.326,0.314,0.34,10,163,157,170
50500,7,1,8,7,500,0.0,0.0,1.0,0.0,0,0,500,0
50500,7,3,10,0,500,0.0,0.0,1.0,0.0,0,0,500,0
50500,7,4,11,7,500,0.0,0.0,0.998,0.002,0,0,499,1
50500,7,7,14,7,500,0.112,0.148,0.588,0.152,56,74,294,76
50500,7,8,15,14,500,0.028,0.112,0.814,0.046,14,56,407,23
50500,7,9,16,0,500,0.0,0.0,1.0,0.0,0,0,500,0
50500,7,11,18,14,500,0.016,0.076,0.884,0.024,8,38,442,12
50500,7,13,20,7,500,0.0,0.002,0.998,0.0,0,1,499,0
50500,8,0,8,0,500,0.0,0.0,1.0,0.0,0,0,500,0
50500,8,1,9,8,500,0.004,0.0,0.996,0.0,2,0,498,0
50500,8,3,11,3,500,0.038,0.01,0.92,0.032,19,5,460,16
50500,8,5,13,19,500,0.0,0.0,1.0,0.0,0,0,500,0
50500,8,6,14,6,500,0.0,0.0,0.998,0.002,0,0,499,1
50500,8,7,15,14,500,0.02,0.094,0.846,0.04,10,47,423,20
50500,8,9,17,9,500,0.0,0.014,0.986,0.0,0,7,493,0
50500,8,11,19,4,500,0.0,0.0,0.998,0.002,0,0,499,1
50500,8,12,20,12,500,0.0,0.004,0.994,0.002,0,2,497,1
50500,9,4,13,15,500,0.032,0.36,0.342,0.266,16,180,171,133
50500,9,5,14,3,500,0.0,0.01,0.99,0.0,0,5,495,0
50500,9,6,15,12,500,0.016,0.016,0.944,0.024,8,8,472,12
50500,9,7,16,0,500,0.0,0.0,1.0,0.0,0,0,500,0
50500,9,8,17,9,500,0.002,0.012,0.986,0.0,1,6,493,0
50500,9,11,20,15,500,0.006,0.838,0.096,0.06,3,419,48,30
50500,10,0,10,0,500,0.0,0.0,1.0,0.0,0,0,500,0
50500,10,1,11,10,500,0.006,0.0,0.992,0.002,3,0,496,1
50500,10,2,12,20,500,0.0,0.004,0.996,0.0,0,2,498,0
50500,10,4,14,19,500,0.018,0.002,0.978,0.002,9,1,489,1
50500,10,5,15,8,500,0.022,0.006,0.952,0.02,11,3,476,10
50500,10,6,16,18,500,0.01,0.002,0.986,0.002,5,1,493,1
50500,10,7,17,7,500,0.0,0.0,1.0,0.0,0,0,500,0
50500,10,8,18,17,500,0.068,0.004,0.914,0.014,34,2,457,7
50500,10,9,19,6,500,0.0,0.0,1.0,0.0,0,0,500,0
50500,11,0,11,0,500,0.0,0.0,1.0,0.0,0,0,500,0
50500,11,1,12,11,500,0.0,0.0,1.0,0.0,0,0,500,0
50500,11,2,13,1,500,0.13,0.064,0.304,0.502,65,32,152,251
50500,11,6,17,3,500,0.016,0.002,0.982,0.0,8,1,491,0
50500,11,8,19,4,500,0.002,0.0,0.996,0.002,1,0,498,1
50500,11,9,20,15,500,0.022,0.784,0.116,0.078,11,392,58,39
50500,12,0,12,0,500,0.002,0.0,0.998,0.0,1,0,499,0
50500,12,1,13,12,500,0.006,0.0,0.994,0.0,3,0,497,0
50500,12,4,16,6,500,0.002,0.0,0.998,0.0,1,0,499,0
50500,12,5,17,18,500,0.032,0.022,0.944,0.002,16,11,472,1
50500,12,6,18,9,500,0.196,0.08,0.646,0.078,98,40,323,39
50500,12,8,20,12,500,0.0,0.008,0.992,0.0,0,4,496,0
50500,13,1,14,13,500,0.004,0.0,0.994,0.002,2,0,497,1
50500,13,3,16,18,500,0.022,0.004,0.972,0.002,11,2,486,1
50500,13,4,17,10,500,0.008,0.0,0.99,0.002,4,0,495,1
50500,13,5,18,2,500,0.004,0.0,0.996,0.0,2,0,498,0
50500,14,0,14,0,500,0.056,0.07,0.836,0.038,28,35,418,19
50500,14,1,15,14,500,0.01,0.046,0.726,0.218,5,23,363,109
50500,14,2,16,7,500,0.0,0.0,1.0,0.0,0,0,500,0
50500,14,3,17,0,500,0.0,0.0,1.0,0.0,0,0,500,0
50500,14,4,18,14,500,0.014,0.034,0.92,0.032,7,17,460,16
50500,14,5,19,7,500,0.01,0.028,0.956,0.006,5,14,478,3
50500,15,0,15,0,500,0.004,0.0,0.996,0.0,2,0,498,0
50500,15,2,17,9,500,0.08,0.002,0.91,0.008,40,1,455,4
50500,16,0,16,0,500,0.0,0.0,1.0,0.0,0,0,500,0
50500,16,2,18,11,500,0.0,0.0,1.0,0.0,0,0,500,0
50500,16,3,19,6,500,0.0,0.0,1.0,0.0,0,0,500,0
50500,17,0,17,0,500,0.0,0.0,1.0,0.0,0,0,500,0
50500,17,1,18,17,500,0.03,0.002,0.966,0.002,15,1,483,1
50500,17,2,19,13,500,0.0,0.0,1.0,0.0,0,0,500,0
50500,17,3,20,9,500,0.008,0.006,0.986,0.0,4,3,493,0
50500,18,0,18,0,500,0.0,0.0,1.0,0.0,0,0,500,0
50500,18,2,20,15,500,0.3,0.146,0.272,0.282,150,73,136,141
50500,19,0,19,0,500,0.0,0.0,1.0,0.0,0,0,500,0
50500,19,1,20,19,500,0.1,0.032,0.824,0.044,50,16,412,22
50500,20,0,20,0,500,0.0,0.0,1.0,0.0,0,0,500,0
51000,0,2,2,0,500,0.0,0.0,1.0,0.0,0,0,500,0
51000,0,5,5,0,500,0.0,0.0,0.998,0.002,0,0,499,1
51000,0,6,6,0,500,0.004,0.002,0.982,0.012,2,1,491,6
51000,0,7,7,0,500,0.012,0.39,0.206,0.392,6,195,103,196
51000,0,8,8,0,500,0.006,0.0,0.994,0.0,3,0,497,0
51000,0,10,10,0,500,0.0,0.0,1.0,0.0,0,0,500,0
51000,0,11,11,0,500,0.0,0.0,1.0,0.0,0,0,500,0
51000,0,14,14,0,500,0.026,0.054,0.89,0.03,13,27,445,15
51000,0,15,15,0,500,0.002,0.002,0.996,0.0,1,1,498,0
51000,0,16,16,0,500,0.0,0.0,1.0,0.0,0,0,500,0
51000,0,20,20,0,500,0.0,0.0,1.0,0.0,0,0,500,0
51000,1,0,1,0,500,0.0,0.0,1.0,0.0,0,0,500,0
51000,1,1,2,1,500,0.042,0.632,0.206,0.12,21,316,103,60
51000,1,3,4,3,500,0.138,0.142,0.348,0.372,69,71,174,186
51000,1,4,5,4,500,0.024,0.004,0.972,0.0,12,2,486,0
51000,1,5,6,5,500,0.008,0.064,0.516,0.412,4,32,258,206
51000,1,7,8,7,500,0.0,0.0,1.0,0.0,0,0,500,0
51000,1,8,9,8,500,0.04,0.002,0.95,0.008,20,1,475,4
51000,1,9,10,9,500,0.0,0.008,0.992,0.0,0,4,496,0
51000,1,11,12,11,500,0.004,0.004,0.992,0.0,2,2,496,0
51000,1,13,14,13,500,0.002,0.0,0.998,0.0,1,0,499,0
51000,1,14,15,14,500,0.004,0.028,0.868,0.1,2,14,434,50
51000,1,18,19,18,500,0.15,0.034,0.742,0.074,75,17,371,37
51000,1,19,20,19,500,0.02,0.024,0.902,0.054,10,12,451,27
51000,2,3,5,6,500,0.034,0.084,0.52,0.362,17,42,260,181
51000,2,8,10,16,500,0.1,0.016,0.618,0.266,50,8,309,133
51000,2,10,12,20,500,0.0,0.0,1.0,0.0,0,0,500,0
51000,2,11,13,1,500,0.12,0.156,0.278,0.446,60,78,139,223
51000,2,12,14,3,500,0.002,0.0,0.998,0.0,1,0,499,0
51000,2,14,16,7,500,0.0,0.0,1.0,0.0,0,0,500,0
51000,2,15,17,9,500,0.32,0.03,0.636,0.014,160,15,318,7
51000,2,18,20,15,500,0.374,0.09,0.206,0.33,187,45,103,165
51000,3,0,3,0,500,0.002,0.01,0.988,0.0,1,5,494,0
51000,3,2,5,6,500,0.04,0.06,0.574,0.326,20,30,287,163
51000,3,4,7,12,500,0.216,0.032,0.622,0.13,108,16,311,65
51000,3,5,8,15,500,0.048,0.012,0.922,0.018,24,6,461,9
51000,3,6,9,18,500,0.192,0.054,0.652,0.102,96,27,326,51
51000,3,7,10,0,500,0.0,0.002,0.998,0.0,0,1,499,0
51000,3,8,11,3,500,0.034,0.012,0.932,0.022,17,6,466,11
51000,3,9,12,6,500,0.01,0.01,0.978,0.002,5,5,489,1
51000,3,10,13,9,500,0.0,0.002,0.998,0.0,0,1,499,0
51000,3,13,16,18,500,0.016,0.002,0.978,0.004,8,1,489,2
51000,3,14,17,0,500,0.0,0.002,0.998,0.0,0,1,499,0
51000,3,15,18,3,500,0.508,0.04,0.326,0.126,254,20,163,63
51000,3,16,19,6,500,0.0,0.0,1.0,0.0,0,0,500,0
51000,3,17,20,9,500,0.006,0.006,0.988,0.0,3,3,494,0
51000,4,0,4,0,500,0.0,0.0,1.0,0.0,0,0,500,0
51000,4,2,6,8,500,0.01,0.076,0.892,0.022,5,38,446,11
51000,4,5,9,20,500,0.0,0.002,0.998,0.0,0,1,499,0
51000,4,6,10,3,500,0.032,0.01,0.946,0.012,16,5,473,6
51000,4,7,11,7,500,0.0,0.0,1.0,0.0,0,0,500,0
51000,4,8,12,11,500,0.016,0.0,0.982,0.002,8,0,491,1
51000,4,9,13,15,500,0.038,0.338,0.416,0.208,19,169,208,104
51000,4,10,14,19,500,0.02,0.004,0.976,0.0,10,2,488,0
51000,4,11,15,2,500,0.004,0.008,0.968,0.02,2,4,484,10
51000,4,12,16,6,500,0.002,0.0,0.998,0.0,1,0,499,0
51000,4,13,17,10,500,0.008,0.0,0.988,0.004,4,0,494,2
51000,4,14,18,14,500,0.008,0.056,0.918,0.018,4,28,459,9
51000,4,16,20,1,500,0.0,0.0,1.0,0.0,0,0,500,0
51000,5,0,5,0,500,0.0,0.0,1.0,0.0,0,0,500,0
51000,5,2,7,10,500,0.0,0.0,1.0,0.0,0,0,500,0
51000,5,3,8,15,500,0.042,0.014,0.926,0.018,21,7,463,9
51000,5,4,9,20,500,0.0,0.002,0.998,0.0,0,1,499,0
51000,5,5,10,4,500,0.016,0.028,0.948,0.008,8,14,474,4
51000,5,7,12,14,500,0.022,0.014,0.96,0.004,11,7,480,2
51000,5,9,14,3,500,0.004,0.006,0.99,0.0,2,3,495,0
51000,5,10,15,8,500,0.056,0.012,0.898,0.034,28,6,449,17
51000,5,11,16,13,500,0.008,0.012,0.974,0.006,4,6,487,3
51000,5,12,17,18,500,0.046,0.016,0.928,0.01,23,8,464,5
51000,5,14,19,7,500,0.008,0.022,0.968,0.002,4,11,484,1
51000,5,15,20,12,500,0.006,0.008,0.986,0.0,3,4,493,0
51000,6,1,7,6,500,0.004,0.0,0.996,0.0,2,0,498,0
51000,6,2,8,12,500,0.086,0.004,0.9,0.01,43,2,450,5
51000,6,6,12,15,500,0.026,0.008,0.958,0.008,13,4,479,4
51000,6,8,14,6,500,0.02,0.008,0.972,0.0,10,4,486,0
51000,6,9,15,12,500,0.016,0.006,0.97,0.008,8,3,485,4
51000,6,12,18,9,500,0.138,0.05,0.712,0.1,69,25,356,50
51000,6,13,19,15,500,0.01,0.0,0.99,0.0,5,0,495,0
51000,7,0,7,0,500,0.024,0.386,0.204,0.386,12,193,102,193
51000,7,1,8,7,500,0.0,0.002,0.996,0.002,0,1,498,1
51000,7,3,10,0,500,0.0,0.0,1.0,0.0,0,0,500,0
51000,7,4,11,7,500,0.0,0.0,1.0,0.0,0,0,500,0
51000,7,7,14,7,500,0.064,0.104,0.626,0.206,32,52,313,103
51000,7,8,15,14,500,0.018,0.046,0.85,0.086,9,23,425,43
51000,7,9,16,0,500,0.0,0.0,1.0,0.0,0,0,500,0
51000,7,11,18,14,500,0.01,0.05,0.918,0.022,5,25,459,11
51000,7,13,20,7,500,0.0,0.002,0.998,0.0,0,1,499,0
51000,8,0,8,0,500,0.002,0.0,0.998,0.0,1,0,499,0
51000,8,1,9,8,500,0.046,0.006,0.944,0.004,23,3,472,2
51000,8,3,11,3,500,0.014,0.008,0.97,0.008,7,4,485,4
51000,8,5,13,19,500,0.0,0.0,1.0,0.0,0,0,500,0
51000,8,6,14,6,500,0.026,0.002,0.97,0.002,13,1,485,1
51000,8,7,15,14,500,0.008,0.036,0.896,0.06,4,18,448,30
51000,8,9,17,9,500,0.006,0.006,0.988,0.0,3,3,494,0
51000,8,11,19,4,500,0.0,0.0,1.0,0.0,0,0,500,0
51000,8,12,20,12,500,0.0,0.01,0.99,0.0,0,5,495,0
51000,9,4,13,15,500,0.034,0.334,0.42,0.212,17,167,210,106
51000,9,5,14,3,500,0.004,0.008,0.988,0.0,2,4,494,0
51000,9,6,15,12,500,0.012,0.01,0.962,0.016,6,5,481,8
51000,9,7,16,0,500,0.0,0.0,1.0,0.0,0,0,500,0
51000,9,8,17,9,500,0.008,0.006,0.986,0.0,4,3,493,0
51000,9,11,20,15,500,0.026,0.754,0.14,0.08,13,377,70,40
51000,10,0,10,0,500,0.0,0.0,1.0,0.0,0,0,500,0
51000,10,1,11,10,500,0.004,0.0,0.996,0.0,2,0,498,0
51000,10,2,12,20,500,0.006,0.0,0.994,0.0,3,0,497,0
51000,10,4,14,19,500,0.018,0.006,0.976,0.0,9,3,488,0
51000,10,5,15,8,500,0.04,0.006,0.932,0.022,20,3,466,11
51000,10,6,16,18,500,0.01,0.006,0.982,0.002,5,3,491,1
51000,10,7,17,7,500,0.002,0.0,0.998,0.0,1,0,499,0
51000,10,8,18,17,500,0.058,0.002,0.918,0.022,29,1,459,11
51000,10,9,19,6,500,0.0,0.0,1.0,0.0,0,0,500,0
51000,11,0,11,0,500,0.0,0.0,1.0,0.0,0,0,500,0
51000,11,1,12,11,500,0.004,0.0,0.996,0.0,2,0,498,0
51000,11,2,13,1,500,0.152,0.116,0.262,0.47,76,58,131,235
51000,11,6,17,3,500,0.002,0.002,0.996,0.0,1,1,498,0
51000,11,8,19,4,500,0.0,0.0,1.0,0.0,0,0,500,0
51000,11,9,20,15,500,0.034,0.65,0.18,0.136,17,325,90,68
51000,12,0,12,0,500,0.0,0.002,0.998,0.0,0,1,499,0
51000,12,1,13,12,500,0.006,0.008,0.984,0.002,3,4,492,1
51000,12,4,16,6,500,0.0,0.006,0.994,0.0,0,3,497,0
51000,12,5,17,18,500,0.054,0.022,0.912,0.012,27,11,456,6
51000,12,6,18,9,500,0.166,0.03,0.708,0.096,83,15,354,48
51000,12,8,20,12,500,0.0,0.008,0.992,0.0,0,4,496,0
51000,13,1,14,13,500,0.006,0.002,0.992,0.0,3,1,496,0
51000,13,3,16,18,500,0.024,0.004,0.968,0.004,12,2,484,2
51000,13,4,17,10,500,0.008,0.0,0.992,0.0,4,0,496,0
51000,13,5,18,2,500,0.002,0.0,0.998,0.0,1,0,499,0
51000,14,0,14,0,500,0.048,0.056,0.846,0.05,24,28,423,25
51000,14,1,15,14,500,0.008,0.034,0.906,0.052,4,17,453,26
51000,14,2,16,7,500,0.0,0.0,1.0,0.0,0,0,500,0
51000,14,3,17,0,500,0.0,0.002,0.998,0.0,0,1,499,0
51000,14,4,18,14,500,0.002,0.038,0.952,0.008,1,19,476,4
51000,14,5,19,7,500,0.012,0.046,0.918,0.024,6,23,459,12
51000,15,0,15,0,500,0.002,0.002,0.996,0.0,1,1,498,0
51000,15,2,17,9,500,0.204,0.02,0.756,0.02,102,10,378,10
51000,16,0,16,0,500,0.0,0.0,1.0,0.0,0,0,500,0
51000,16,2,18,11,500,0.0,0.0,1.0,0.0,0,0,500,0
51000,16,3,19,6,500,0.0,0.0,1.0,0.0,0,0,500,0
51000,17,0,17,0,500,0.0,0.0,1.0,0.0,0,0,500,0
51000,17,1,18,17,500,0.046,0.008,0.938,0.008,23,4,469,4
51000,17,2,19,13,500,0.0,0.0,1.0,0.0,0,0,500,0
51000,17,3,20,9,500,0.0,0.0,1.0,0.0,0,0,500,0
51000,18,0,18,0,500,0.0,0.0,1.0,0.0,0,0,500,0
51000,18,2,20,15,500,0.456,0.026,0.204,0.314,228,13,102,157
51000,19,0,19,0,500,0.0,0.0,1.0,0.0,0,0,500,0
51000,19,1,20,19,500,0.032,0.016,0.896,0.056,16,8,448,28
51000,20,0,20,0,500,0.0,0.0,1.0,0.0,0,0,500,0
51500,0,2,2,0,500,0.0,0.0,1.0,0.0,0,0,500,0
51500,0,5,5,0,500,0.0,0.0,1.0,0.0,0,0,500,0
51500,0,6,6,0,500,0.01,0.004,0.974,0.012,5,2,487,6
51500,0,7,7,0,500,0.01,0.456,0.202,0.332,5,228,101,166
51500,0,8,8,0,500,0.0,0.0,1.0,0.0,0,0,500,0
51500,0,10,10,0,500,0.0,0.0,1.0,0.0,0,0,500,0
51500,0,11,11,0,500,0.0,0.0,1.0,0.0,0,0,500,0
51500,0,14,14,0,500,0.056,0.072,0.82,0.052,28,36,410,26
51500,0,15,15,0,500,0.004,0.0,0.996,0.0,2,0,498,0
51500,0,16,16,0,500,0.0,0.0,1.0,0.0,0,0,500,0
51500,0,20,20,0,500,0.0,0.0,1.0,0.0,0,0,500,0
51500,1,0,1,0,500,0.0,0.0,1.0,0.0,0,0,500,0
51500,1,1,2,1,500,0.062,0.068,0.444,0.426,31,34,222,213
51500,1,3,4,3,500,0.07,0.208,0.358,0.364,35,104,179,182
51500,1,4,5,4,500,0.014,0.006,0.978,0.002,7,3,489,1
51500,1,5,6,5,500,0.014,0.092,0.346,0.548,7,46,173,274
51500,1,7,8,7,500,0.002,0.0,0.996,0.002,1,0,498,1
51500,1,8,9,8,500,0.016,0.002,0.982,0.0,8,1,491,0
51500,1,9,10,9,500,0.0,0.012,0.988,0.0,0,6,494,0
51500,1,11,12,11,500,0.002,0.002,0.996,0.0,1,1,498,0
51500,1,13,14,13,500,0.004,0.0,0.996,0.0,2,0,498,0
51500,1,14,15,14,500,0.048,0.032,0.65,0.27,24,16,325,135
51500,1,18,19,18,500,0.306,0.032,0.534,0.128,153,16,267,64
51500,1,19,20,19,500,0.026,0.058,0.872,0.044,13,29,436,22
51500,2,3,5,6,500,0.056,0.094,0.496,0.354,28,47,248,177
51500,2,8,10,16,500,0.062,0.008,0.762,0.168,31,4,381,84
51500,2,10,12,20,500,0.0,0.0,1.0,0.0,0,0,500,0
51500,2,11,13,1,500,0.052,0.226,0.278,0.444,26,113,139,222
51500,2,12,14,3,500,0.0,0.006,0.994,0.0,0,3,497,0
51500,2,14,16,7,500,0.0,0.0,1.0,0.0,0,0,500,0
51500,2,15,17,9,500,0.1,0.012,0.874,0.014,50,6,437,7
51500,2,18,20,15,500,0.28,0.104,0.21,0.406,140,52,105,203
51500,3,0,3,0,500,0.002,0.008,0.988,0.002,1,4,494,1
51500,3,2,5,6,500,0.04,0.084,0.518,0.358,20,42,259,179
51500,3,4,7,12,500,0.15,0.016,0.802,0.032,75,8,401,16
51500,3,5,8,15,500,0.026,0.008,0.954,0.012,13,4,477,6
51500,3,6,9,18,500,0.144,0.03,0.762,0.064,72,15,381,32
51500,3,7,10,0,500,0.0,0.0,1.0,0.0,0,0,500,0
51500,3,8,11,3,500,0.026,0.01,0.944,0.02,13,5,472,10
51500,3,9,12,6,500,0.012,0.006,0.982,0.0,6,3,491,0
51500,3,10,13,9,500,0.002,0.002,0.996,0.0,1,1,498,0
51500,3,13,16,18,500,0.018,0.002,0.978,0.002,9,1,489,1
51500,3,14,17,0,500,0.004,0.004,0.992,0.0,2,2,496,0
51500,3,15,18,3,500,0.546,0.042,0.334,0.078,273,21,167,39
51500,3,16,19,6,500,0.0,0.002,0.998,0.0,0,1,499,0
51500,3,17,20,9,500,0.01,0.01,0.98,0.0,5,5,490,0
51500,4,0,4,0,500,0.0,0.0,1.0,0.0,0,0,500,0
51500,4,2,6,8,500,0.01,0.11,0.87,0.01,5,55,435,5
51500,4,5,9,20,500,0.0,0.004,0.996,0.0,0,2,498,0
51500,4,6,10,3,500,0.038,0.008,0.948,0.006,19,4,474,3
51500,4,7,11,7,500,0.0,0.0,1.0,0.0,0,0,500,0
51500,4,8,12,11,500,0.018,0.008,0.972,0.002,9,4,486,1
51500,4,9,13,15,500,0.032,0.298,0.406,0.264,16,149,203,132
51500,4,10,14,19,500,0.028,0.01,0.962,0.0,14,5,481,0
51500,4,11,15,2,500,0.0,0.006,0.986,0.008,0,3,493,4
51500,4,12,16,6,500,0.006,0.002,0.992,0.0,3,1,496,0
51500,4,13,17,10,500,0.0,0.0,1.0,0.0,0,0,500,0
51500,4,14,18,14,500,0.03,0.07,0.88,0.02,15,35,440,10
51500,4,16,20,1,500,0.0,0.0,1.0,0.0,0,0,500,0
51500,5,0,5,0,500,0.0,0.0,1.0,0.0,0,0,500,0
51500,5,2,7,10,500,0.0,0.0,1.0,0.0,0,0,500,0
51500,5,3,8,15,500,0.032,0.01,0.938,0.02,16,5,469,10
51500,5,4,9,20,500,0.0,0.006,0.994,0.0,0,3,497,0
51500,5,5,10,4,500,0.0,0.01,0.99,0.0,0,5,495,0
51500,5,7,12,14,500,0.01,0.078,0.906,0.006,5,39,453,3
51500,5,9,14,3,500,0.006,0.002,0.992,0.0,3,1,496,0
51500,5,10,15,8,500,0.042,0.002,0.93,0.026,21,1,465,13
51500,5,11,16,13,500,0.01,0.004,0.986,0.0,5,2,493,0
51500,5,12,17,18,500,0.058,0.018,0.918,0.006,29,9,459,3
51500,5,14,19,7,500,0.048,0.026,0.884,0.042,24,13,442,21
51500,5,15,20,12,500,0.012,0.012,0.976,0.0,6,6,488,0
51500,6,1,7,6,500,0.008,0.002,0.99,0.0,4,1,495,0
51500,6,2,8,12,500,0.028,0.084,0.874,0.014,14,42,437,7
51500,6,6,12,15,500,0.014,0.004,0.98,0.002,7,2,490,1
51500,6,8,14,6,500,0.012,0.004,0.976,0.008,6,2,488,4
51500,6,9,15,12,500,0.008,0.012,0.966,0.014,4,6,483,7
51500,6,12,18,9,500,0.104,0.05,0.786,0.06,52,25,393,30
51500,6,13,19,15,500,0.006,0.004,0.99,0.0,3,2,495,0
51500,7,0,7,0,500,0.02,0.43,0.198,0.352,10,215,99,176
51500,7,1,8,7,500,0.002,0.0,0.998,0.0,1,0,499,0
51500,7,3,10,0,500,0.0,0.0,1.0,0.0,0,0,500,0
51500,7,4,11,7,500,0.0,0.0,1.0,0.0,0,0,500,0
51500,7,7,14,7,500,0.066,0.114,0.592,0.228,33,57,296,114
51500,7,8,15,14,500,0.012,0.086,0.832,0.07,6,43,416,35
51500,7,9,16,0,500,0.0,0.0,1.0,0.0,0,0,500,0
51500,7,11,18,14,500,0.052,0.096,0.818,0.034,26,48,409,17
51500,7,13,20,7,500,0.0,0.0,1.0,0.0,0,0,500,0
51500,8,0,8,0,500,0.0,0.0,1.0,0.0,0,0,500,0
51500,8,1,9,8,500,0.036,0.002,0.962,0.0,18,1,481,0
51500,8,3,11,3,500,0.024,0.002,0.964,0.01,12,1,482,5
51500,8,5,13,19,500,0.0,0.0,1.0,0.0,0,0,500,0
51500,8,6,14,6,500,0.03,0.014,0.948,0.008,15,7,474,4
51500,8,7,15,14,500,0.026,0.062,0.84,0.072,13,31,420,36
51500,8,9,17,9,500,0.006,0.012,0.982,0.0,3,6,491,0
51500,8,11,19,4,500,0.0,0.0,1.0,0.0,0,0,500,0
51500,8,12,20,12,500,0.002,0.004,0.994,0.0,1,2,497,0
51500,9,4,13,15,500,0.028,0.312,0.382,0.278,14,156,191,139
51500,9,5,14,3,500,0.0,0.004,0.996,0.0,0,2,498,0
51500,9,6,15,12,500,0.014,0.012,0.96,0.014,7,6,480,7
51500,9,7,16,0,500,0.0,0.0,1.0,0.0,0,0,500,0
51500,9,8,17,9,500,0.002,0.012,0.986,0.0,1,6,493,0
51500,9,11,20,15,500,0.008,0.862,0.064,0.066,4,431,32,33
51500,10,0,10,0,500,0.0,0.0,1.0,0.0,0,0,500,0
51500,10,1,11,10,500,0.002,0.002,0.996,0.0,1,1,498,0
51500,10,2,12,20,500,0.002,0.0,0.998,0.0,1,0,499,0
51500,10,4,14,19,500,0.038,0.012,0.948,0.002,19,6,474,1
51500,10,5,15,8,500,0.022,0.002,0.946,0.03,11,1,473,15
51500,10,6,16,18,500,0.012,0.004,0.978,0.006,6,2,489,3
51500,10,7,17,7,500,0.0,0.0,1.0,0.0,0,0,500,0
51500,10,8,18,17,500,0.066,0.0,0.91,0.024,33,0,455,12
51500,10,9,19,6,500,0.0,0.0,1.0,0.0,0,0,500,0
51500,11,0,11,0,500,0.0,0.0,1.0,0.0,0,0,500,0
51500,11,1,12,11,500,0.006,0.0,0.994,0.0,3,0,497,0
51500,11,2,13,1,500,0.044,0.176,0.254,0.526,22,88,127,263
51500,11,6,17,3,500,0.018,0.004,0.976,0.002,9,2,488,1
51500,11,8,19,4,500,0.0,0.004,0.996,0.0,0,2,498,0
51500,11,9,20,15,500,0.022,0.722,0.122,0.134,11,361,61,67
51500,12,0,12,0,500,0.002,0.0,0.998,0.0,1,0,499,0
51500,12,1,13,12,500,0.01,0.008,0.982,0.0,5,4,491,0
51500,12,4,16,6,500,0.0,0.004,0.994,0.002,0,2,497,1
51500,12,5,17,18,500,0.016,0.018,0.96,0.006,8,9,480,3
51500,12,6,18,9,500,0.118,0.054,0.746,0.082,59,27,373,41
51500,12,8,20,12,500,0.004,0.0,0.996,0.0,2,0,498,0
51500,13,1,14,13,500,0.004,0.0,0.996,0.0,2,0,498,0
51500,13,3,16,18,500,0.014,0.008,0.966,0.012,7,4,483,6
51500,13,4,17,10,500,0.002,0.0,0.998,0.0,1,0,499,0
51500,13,5,18,2,500,0.004,0.0,0.996,0.0,2,0,498,0
51500,14,0,14,0,500,0.13,0.07,0.75,0.05,65,35,375,25
51500,14,1,15,14,500,0.018,0.038,0.73,0.214,9,19,365,107
51500,14,2,16,7,500,0.0,0.0,1.0,0.0,0,0,500,0
51500,14,3,17,0,500,0.0,0.0,1.0,0.0,0,0,500,0
51500,14,4,18,14,500,0.012,0.058,0.906,0.024,6,29,453,12
51500,14,5,19,7,500,0.076,0.016,0.874,0.034,38,8,437,17
51500,15,0,15,0,500,0.006,0.0,0.994,0.0,3,0,497,0
51500,15,2,17,9,500,0.146,0.016,0.834,0.004,73,8,417,2
51500,16,0,16,0,500,0.0,0.0,1.0,0.0,0,0,500,0
51500,16,2,18,11,500,0.0,0.0,0.998,0.002,0,0,499,1
51500,16,3,19,6,500,0.0,0.002,0.998,0.0,0,1,499,0
51500,17,0,17,0,500,0.0,0.0,1.0,0.0,0,0,500,0
51500,17,1,18,17,500,0.04,0.002,0.954,0.004,20,1,477,2
51500,17,2,19,13,500,0.0,0.0,1.0,0.0,0,0,500,0
51500,17,3,20,9,500,0.0,0.004,0.996,0.0,0,2,498,0
51500,18,0,18,0,500,0.0,0.0,1.0,0.0,0,0,500,0
51500,18,2,20,15,500,0.37,0.076,0.182,0.372,185,38,91,186
51500,19,0,19,0,500,0.0,0.0,1.0,0.0,0,0,500,0
51500,19,1,20,19,500,0.026,0.08,0.85,0.044,13,40,425,22
51500,20,0,20,0,500,0.0,0.0,1.0,0.0,0,0,500,0
52000,0,2,2,0,500,0.0,0.0,1.0,0.0,0,0,500,0
52000,0,5,5,0,500,0.0,0.0,1.0,0.0,0,0,500,0
52000,0,6,6,0,500,0.004,0.004,0.988,0.004,2,2,494,2
52000,0,7,7,0,500,0.024,0.374,0.218,0.384,12,187,109,192
52000,0,8,8,0,500,0.0,0.0,1.0,0.0,0,0,500,0
52000,0,10,10,0,500,0.0,0.0,1.0,0.0,0,0,500,0
52000,0,11,11,0,500,0.0,0.0,1.0,0.0,0,0,500,0
52000,0,14,14,0,500,0.108,0.042,0.802,0.048,54,21,401,24
52000,0,15,15,0,500,0.0,0.0,1.0,0.0,0,0,500,0
52000,0,16,16,0,500,0.0,0.0,1.0,0.0,0,0,500,0
52000,0,20,20,0,500,0.002,0.0,0.998,0.0,1,0,499,0
52000,1,0,1,0,500,0.0,0.0,1.0,0.0,0,0,500,0
52000,1,1,2,1,500,0.064,0.224,0.3,0.412,32,112,150,206
52000,1,3,4,3,500,0.054,0.26,0.356,0.33,27,130,178,165
52000,1,4,5,4,500,0.012,0.0,0.988,0.0,6,0,494,0
52000,1,5,6,5,500,0.016,0.07,0.37,0.544,8,35,185,272
52000,1,7,8,7,500,0.0,0.0,0.998,0.002,0,0,499,1
52000,1,8,9,8,500,0.012,0.002,0.986,0.0,6,1,493,0
52000,1,9,10,9,500,0.0,0.02,0.966,0.014,0,10,483,7
52000,1,11,12,11,500,0.008,0.002,0.99,0.0,4,1,495,0
52000,1,13,14,13,500,0.004,0.0,0.996,0.0,2,0,498,0
52000,1,14,15,14,500,0.03,0.042,0.686,0.242,15,21,343,121
52000,1,18,19,18,500,0.3,0.032,0.57,0.098,150,16,285,49
52000,1,19,20,19,500,0.034,0.068,0.84,0.058,17,34,420,29
52000,2,3,5,6,500,0.038,0.114,0.422,0.426,19,57,211,213
52000,2,8,10,16,500,0.056,0.022,0.696,0.226,28,11,348,113
52000,2,10,12,20,500,0.004,0.002,0.994,0.0,2,1,497,0
52000,2,11,13,1,500,0.06,0.276,0.256,0.408,30,138,128,204
52000,2,12,14,3,500,0.002,0.002,0.996,0.0,1,1,498,0
52000,2,14,16,7,500,0.0,0.0,1.0,0.0,0,0,500,0
52000,2,15,17,9,500,0.144,0.018,0.808,0.03,72,9,404,15
52000,2,18,20,15,500,0.192,0.194,0.28,0.334,96,97,140,167
52000,3,0,3,0,500,0.0,0.012,0.988,0.0,0,6,494,0
52000,3,2,5,6,500,0.034,0.114,0.452,0.4,17,57,226,200
52000,3,4,7,12,500,0.03,0.05,0.904,0.016,15,25,452,8
52000,3,5,8,15,500,0.028,0.008,0.948,0.016,14,4,474,8
52000,3,6,9,18,500,0.226,0.052,0.612,0.11,113,26,306,55
52000,3,7,10,0,500,0.0,0.002,0.998,0.0,0,1,499,0
52000,3,8,11,3,500,0.042,0.046,0.874,0.038,21,23,437,19
52000,3,9,12,6,500,0.016,0.004,0.98,0.0,8,2,490,0
52000,3,10,13,9,500,0.0,0.0,0.998,0.002,0,0,499,1
52000,3,13,16,18,500,0.03,0.002,0.952,0.016,15,1,476,8
52000,3,14,17,0,500,0.0,0.002,0.998,0.0,0,1,499,0
52000,3,15,18,3,500,0.528,0.062,0.32,0.09,264,31,160,45
52000,3,16,19,6,500,0.0,0.0,1.0,0.0,0,0,500,0
52000,3,17,20,9,500,0.0,0.01,0.99,0.0,0,5,495,0
52000,4,0,4,0,500,0.0,0.0,1.0,0.0,0,0,500,0
52000,4,2,6,8,500,0.022,0.062,0.908,0.008,11,31,454,4
52000,4,5,9,20,500,0.0,0.002,0.998,0.0,0,1,499,0
52000,4,6,10,3,500,0.024,0.024,0.948,0.004,12,12,474,2
52000,4,7,11,7,500,0.0,0.002,0.998,0.0,0,1,499,0
52000,4,8,12,11,500,0.026,0.006,0.966,0.002,13,3,483,1
52000,4,9,13,15,500,0.05,0.262,0.396,0.292,25,131,198,146
52000,4,10,14,19,500,0.034,0.002,0.964,0.0,17,1,482,0
52000,4,11,15,2,500,0.0,0.006,0.994,0.0,0,3,497,0
52000,4,12,16,6,500,0.0,0.0,1.0,0.0,0,0,500,0
52000,4,13,17,10,500,0.0,0.0,1.0,0.0,0,0,500,0
52000,4,14,18,14,500,0.04,0.046,0.896,0.018,20,23,448,9
52000,4,16,20,1,500,0.0,0.0,1.0,0.0,0,0,500,0
52000,5,0,5,0,500,0.0,0.0,1.0,0.0,0,0,500,0
52000,5,2,7,10,500,0.0,0.0,1.0,0.0,0,0,500,0
52000,5,3,8,15,500,0.026,0.014,0.938,0.022,13,7,469,11
52000,5,4,9,20,500,0.002,0.006,0.992,0.0,1,3,496,0
52000,5,5,10,4,500,0.004,0.012,0.98,0.004,2,6,490,2
52000,5,7,12,14,500,0.006,0.022,0.968,0.004,3,11,484,2
52000,5,9,14,3,500,0.02,0.004,0.976,0.0,10,2,488,0
52000,5,10,15,8,500,0.032,0.002,0.952,0.014,16,1,476,7
52000,5,11,16,13,500,0.004,0.0,0.992,0.004,2,0,496,2
52000,5,12,17,18,500,0.034,0.01,0.956,0.0,17,5,478,0
52000,5,14,19,7,500,0.028,0.042,0.894,0.036,14,21,447,18
52000,5,15,20,12,500,0.01,0.006,0.984,0.0,5,3,492,0
52000,6,1,7,6,500,0.006,0.0,0.994,0.0,3,0,497,0
52000,6,2,8,12,500,0.056,0.004,0.916,0.024,28,2,458,12
52000,6,6,12,15,500,0.018,0.0,0.974,0.008,9,0,487,4
52000,6,8,14,6,500,0.016,0.004,0.978,0.002,8,2,489,1
52000,6,9,15,12,500,0.014,0.004,0.972,0.01,7,2,486,5
52000,6,12,18,9,500,0.188,0.062,0.642,0.108,94,31,321,54
52000,6,13,19,15,500,0.012,0.0,0.988,0.0,6,0,494,0
52000,7,0,7,0,500,0.07,0.358,0.206,0.366,35,179,103,183
52000,7,1,8,7,500,0.002,0.0,0.998,0.0,1,0,499,0
52000,7,3,10,0,500,0.0,0.002,0.996,0.002,0,1,498,1
52000,7,4,11,7,500,0.0,0.0,1.0,0.0,0,0,500,0
52000,7,7,14,7,500,0.042,0.044,0.854,0.06,21,22,427,30
52000,7,8,15,14,500,0.028,0.086,0.782,0.104,14,43,391,52
52000,7,9,16,0,500,0.0,0.0,1.0,0.0,0,0,500,0
52000,7,11,18,14,500,0.026,0.032,0.924,0.018,13,16,462,9
52000,7,13,20,7,500,0.0,0.0,1.0,0.0,0,0,500,0
52000,8,0,8,0,500,0.0,0.0,1.0,0.0,0,0,500,0
52000,8,1,9,8,500,0.008,0.002,0.984,0.006,4,1,492,3
52000,8,3,11,3,500,0.056,0.006,0.894,0.044,28,3,447,22
52000,8,5,13,19,500,0.0,0.0,1.0,0.0,0,0,500,0
52000,8,6,14,6,500,0.02,0.004,0.972,0.004,10,2,486,2
52000,8,7,15,14,500,0.02,0.084,0.784,0.112,10,42,392,56
52000,8,9,17,9,500,0.0,0.01,0.99,0.0,0,5,495,0
52000,8,11,19,4,500,0.0,0.0,0.998,0.002,0,0,499,1
52000,8,12,20,12,500,0.0,0.01,0.99,0.0,0,5,495,0
52000,9,4,13,15,500,0.05,0.308,0.358,0.284,25,154,179,142
52000,9,5,14,3,500,0.002,0.0,0.998,0.0,1,0,499,0
52000,9,6,15,12,500,0.014,0.014,0.958,0.014,7,7,479,7
52000,9,7,16,0,500,0.0,0.0,1.0,0.0,0,0,500,0
52000,9,8,17,9,500,0.006,0.008,0.986,0.0,3,4,493,0
52000,9,11,20,15,500,0.008,0.878,0.054,0.06,4,439,27,30
52000,10,0,10,0,500,0.0,0.0,1.0,0.0,0,0,500,0
52000,10,1,11,10,500,0.0,0.0,0.998,0.002,0,0,499,1
52000,10,2,12,20,500,0.002,0.0,0.998,0.0,1,0,499,0
52000,10,4,14,19,500,0.034,0.012,0.954,0.0,17,6,477,0
52000,10,5,15,8,500,0.026,0.006,0.956,0.012,13,3,478,6
52000,10,6,16,18,500,0.016,0.006,0.97,0.008,8,3,485,4
52000,10,7,17,7,500,0.0,0.0,1.0,0.0,0,0,500,0
52000,10,8,18,17,500,0.062,0.006,0.926,0.006,31,3,463,3
52000,10,9,19,6,500,0.0,0.0,1.0,0.0,0,0,500,0
52000,11,0,11,0,500,0.0,0.0,1.0,0.0,0,0,500,0
52000,11,1,12,11,500,0.008,0.002,0.99,0.0,4,1,495,0
52000,11,2,13,1,500,0.026,0.382,0.242,0.35,13,191,121,175
52000,11,6,17,3,500,0.004,0.002,0.994,0.0,2,1,497,0
52000,11,8,19,4,500,0.002,0.0,0.998,0.0,1,0,499,0
52000,11,9,20,15,500,0.014,0.81,0.098,0.078,7,405,49,39
52000,12,0,12,0,500,0.002,0.0,0.998,0.0,1,0,499,0
52000,12,1,13,12,500,0.004,0.004,0.992,0.0,2,2,496,0
52000,12,4,16,6,500,0.002,0.0,0.998,0.0,1,0,499,0
52000,12,5,17,18,500,0.018,0.006,0.974,0.002,9,3,487,1
52000,12,6,18,9,500,0.232,0.058,0.604,0.106,116,29,302,53
52000,12,8,20,12,500,0.006,0.004,0.99,0.0,3,2,495,0
52000,13,1,14,13,500,0.002,0.004,0.994,0.0,1,2,497,0
52000,13,3,16,18,500,0.03,0.002,0.952,0.016,15,1,476,8
52000,13,4,17,10,500,0.006,0.0,0.994,0.0,3,0,497,0
52000,13,5,18,2,500,0.0,0.004,0.994,0.002,0,2,497,1
52000,14,0,14,0,500,0.152,0.056,0.742,0.05,76,28,371,25
52000,14,1,15,14,500,0.014,0.066,0.734,0.186,7,33,367,93
52000,14,2,16,7,500,0.0,0.0,1.0,0.0,0,0,500,0
52000,14,3,17,0,500,0.0,0.004,0.996,0.0,0,2,498,0
52000,14,4,18,14,500,0.03,0.058,0.902,0.01,15,29,451,5
52000,14,5,19,7,500,0.016,0.064,0.866,0.054,8,32,433,27
52000,15,0,15,0,500,0.004,0.0,0.996,0.0,2,0,498,0
52000,15,2,17,9,500,0.08,0.012,0.886,0.022,40,6,443,11
52000,16,0,16,0,500,0.0,0.0,1.0,0.0,0,0,500,0
52000,16,2,18,11,500,0.0,0.0,1.0,0.0,0,0,500,0
52000,16,3,19,6,500,0.0,0.002,0.998,0.0,0,1,499,0
52000,17,0,17,0,500,0.0,0.0,1.0,0.0,0,0,500,0
52000,17,1,18,17,500,0.02,0.004,0.976,0.0,10,2,488,0
52000,17,2,19,13,500,0.0,0.0,1.0,0.0,0,0,500,0
52000,17,3,20,9,500,0.004,0.016,0.978,0.002,2,8,489,1
52000,18,0,18,0,500,0.0,0.0,1.0,0.0,0,0,500,0
52000,18,2,20,15,500,0.41,0.084,0.208,0.298,205,42,104,149
52000,19,0,19,0,500,0.0,0.0,1.0,0.0,0,0,500,0
52000,19,1,20,19,500,0.026,0.098,0.814,0.062,13,49,407,31
52000,20,0,20,0,500,0.0,0.0,1.0,0.0,0,0,500,0
52500,0,2,2,0,500,0.0,0.0,1.0,0.0,0,0,500,0
52500,0,5,5,0,500,0.0,0.0,1.0,0.0,0,0,500,0
52500,0,6,6,0,500,0.004,0.004,0.976,0.016,2,2,488,8
52500,0,7,7,0,500,0.038,0.29,0.3,0.372,19,145,150,186
52500,0,8,8,0,500,0.0,0.0,1.0,0.0,0,0,500,0
52500,0,10,10,0,500,0.0,0.0,1.0,0.0,0,0,500,0
52500,0,11,11,0,500,0.0,0.0,1.0,0.0,0,0,500,0
52500,0,14,14,0,500,0.072,0.038,0.866,0.024,36,19,433,12
52500,0,15,15,0,500,0.0,0.0,1.0,0.0,0,0,500,0
52500,0,16,16,0,500,0.0,0.0,1.0,0.0,0,0,500,0
52500,0,20,20,0,500,0.0,0.0,1.0,0.0,0,0,500,0
52500,1,0,1,0,500,0.0,0.0,1.0,0.0,0,0,500,0
52500,1,1,2,1,500,0.044,0.118,0.44,0.398,22,59,220,199
52500,1,3,4,3,500,0.102,0.1,0.424,0.374,51,50,212,187
52500,1,4,5,4,500,0.012,0.004,0.984,0.0,6,2,492,0
52500,1,5,6,5,500,0.006,0.08,0.332,0.582,3,40,166,291
52500,1,7,8,7,500,0.002,0.0,0.998,0.0,1,0,499,0
52500,1,8,9,8,500,0.024,0.004,0.962,0.01,12,2,481,5
52500,1,9,10,9,500,0.002,0.01,0.988,0.0,1,5,494,0
52500,1,11,12,11,500,0.002,0.002,0.996,0.0,1,1,498,0
52500,1,13,14,13,500,0.002,0.0,0.998,0.0,1,0,499,0
52500,1,14,15,14,500,0.016,0.05,0.752,0.182,8,25,376,91
52500,1,18,19,18,500,0.264,0.028,0.516,0.192,132,14,258,96
52500,1,19,20,19,500,0.032,0.068,0.878,0.022,16,34,439,11
52500,2,3,5,6,500,0.042,0.122,0.426,0.41,21,61,213,205
52500,2,8,10,16,500,0.068,0.022,0.748,0.162,34,11,374,81
52500,2,10,12,20,500,0.0,0.0,1.0,0.0,0,0,500,0
52500,2,11,13,1,500,0.07,0.196,0.356,0.378,35,98,178,189
52500,2,12,14,3,500,0.006,0.004,0.99,0.0,3,2,495,0
52500,2,14,16,7,500,0.0,0.0,1.0,0.0,0,0,500,0
52500,2,15,17,9,500,0.078,0.008,0.908,0.006,39,4,454,3
52500,2,18,20,15,500,0.168,0.3,0.228,0.304,84,150,114,152
52500,3,0,3,0,500,0.004,0.008,0.988,0.0,2,4,494,0
52500,3,2,5,6,500,0.05,0.076,0.53,0.344,25,38,265,172
52500,3,4,7,12,500,0.114,0.068,0.784,0.034,57,34,392,17
52500,3,5,8,15,500,0.012,0.006,0.962,0.02,6,3,481,10
52500,3,6,9,18,500,0.224,0.052,0.612,0.112,112,26,306,56
52500,3,7,10,0,500,0.0,0.0,1.0,0.0,0,0,500,0
52500,3,8,11,3,500,0.02,0.028,0.944,0.008,10,14,472,4
52500,3,9,12,6,500,0.008,0.0,0.992,0.0,4,0,496,0
52500,3,10,13,9,500,0.0,0.0,1.0,0.0,0,0,500,0
52500,3,13,16,18,500,0.022,0.006,0.968,0.004,11,3,484,2
52500,3,14,17,0,500,0.004,0.002,0.994,0.0,2,1,497,0
52500,3,15,18,3,500,0.556,0.05,0.286,0.108,278,25,143,54
52500,3,16,19,6,500,0.002,0.002,0.996,0.0,1,1,498,0
52500,3,17,20,9,500,0.0,0.012,0.988,0.0,0,6,494,0
52500,4,0,4,0,500,0.0,0.0,1.0,0.0,0,0,500,0
52500,4,2,6,8,500,0.012,0.062,0.91,0.016,6,31,455,8
52500,4,5,9,20,500,0.0,0.006,0.994,0.0,0,3,497,0
52500,4,6,10,3,500,0.032,0.01,0.952,0.006,16,5,476,3
52500,4,7,11,7,500,0.0,0.002,0.998,0.0,0,1,499,0
52500,4,8,12,11,500,0.01,0.002,0.986,0.002,5,1,493,1
52500,4,9,13,15,500,0.028,0.334,0.43,0.208,14,167,215,104
52500,4,10,14,19,500,0.036,0.014,0.946,0.004,18,7,473,2
52500,4,11,15,2,500,0.002,0.004,0.986,0.008,1,2,493,4
52500,4,12,16,6,500,0.002,0.002,0.996,0.0,1,1,498,0
52500,4,13,17,10,500,0.01,0.0,0.984,0.006,5,0,492,3
52500,4,14,18,14,500,0.018,0.118,0.832,0.032,9,59,416,16
52500,4,16,20,1,500,0.0,0.002,0.998,0.0,0,1,499,0
52500,5,0,5,0,500,0.0,0.0,1.0,0.0,0,0,500,0
52500,5,2,7,10,500,0.0,0.0,1.0,0.0,0,0,500,0
52500,5,3,8,15,500,0.036,0.018,0.908,0.038,18,9,454,19
52500,5,4,9,20,500,0.0,0.006,0.994,0.0,0,3,497,0
52500,5,5,10,4,500,0.006,0.008,0.986,0.0,3,4,493,0
52500,5,7,12,14,500,0.008,0.05,0.928,0.014,4,25,464,7
52500,5,9,14,3,500,0.004,0.002,0.994,0.0,2,1,497,0
52500,5,10,15,8,500,0.028,0.002,0.956,0.014,14,1,478,7
52500,5,11,16,13,500,0.006,0.006,0.988,0.0,3,3,494,0
52500,5,12,17,18,500,0.038,0.014,0.934,0.014,19,7,467,7
52500,5,14,19,7,500,0.052,0.066,0.848,0.034,26,33,424,17
52500,5,15,20,12,500,0.012,0.006,0.98,0.002,6,3,490,1
52500,6,1,7,6,500,0.008,0.002,0.99,0.0,4,1,495,0
52500,6,2,8,12,500,0.046,0.002,0.936,0.016,23,1,468,8
52500,6,6,12,15,500,0.016,0.008,0.966,0.01,8,4,483,5
52500,6,8,14,6,500,0.024,0.004,0.964,0.008,12,2,482,4
52500,6,9,15,12,500,0.01,0.006,0.978,0.006,5,3,489,3
52500,6,12,18,9,500,0.16,0.064,0.666,0.11,80,32,333,55
52500,6,13,19,15,500,0.006,0.008,0.986,0.0,3,4,493,0
52500,7,0,7,0,500,0.042,0.272,0.292,0.394,21,136,146,197
52500,7,1,8,7,500,0.006,0.0,0.992,0.002,3,0,496,1
52500,7,3,10,0,500,0.0,0.0,1.0,0.0,0,0,500,0
52500,7,4,11,7,500,0.0,0.0,1.0,0.0,0,0,500,0
52500,7,7,14,7,500,0.054,0.07,0.81,0.066,27,35,405,33
52500,7,8,15,14,500,0.018,0.064,0.87,0.048,9,32,435,24
52500,7,9,16,0,500,0.0,0.0,1.0,0.0,0,0,500,0
52500,7,11,18,14,500,0.012,0.06,0.91,0.018,6,30,455,9
52500,7,13,20,7,500,0.0,0.0,1.0,0.0,0,0,500,0
52500,8,0,8,0,500,0.0,0.0,1.0,0.0,0,0,500,0
52500,8,1,9,8,500,0.04,0.002,0.942,0.016,20,1,471,8
52500,8,3,11,3,500,0.04,0.018,0.926,0.016,20,9,463,8
52500,8,5,13,19,500,0.0,0.0,1.0,0.0,0,0,500,0
52500,8,6,14,6,500,0.016,0.006,0.972,0.006,8,3,486,3
52500,8,7,15,14,500,0.01,0.072,0.888,0.03,5,36,444,15
52500,8,9,17,9,500,0.008,0.004,0.988,0.0,4,2,494,0
52500,8,11,19,4,500,0.0,0.0,1.0,0.0,0,0,500,0
52500,8,12,20,12,500,0.002,0.004,0.994,0.0,1,2,497,0
52500,9,4,13,15,500,0.042,0.246,0.42,0.292,21,123,210,146
52500,9,5,14,3,500,0.002,0.004,0.994,0.0,1,2,497,0
52500,9,6,15,12,500,0.012,0.008,0.97,0.01,6,4,485,5
52500,9,7,16,0,500,0.0,0.0,1.0,0.0,0,0,500,0
52500,9,8,17,9,500,0.012,0.004,0.984,0.0,6,2,492,0
52500,9,11,20,15,500,0.008,0.874,0.048,0.07,4,437,24,35
52500,10,0,10,0,500,0.0,0.0,1.0,0.0,0,0,500,0
52500,10,1,11,10,500,0.004,0.0,0.996,0.0,2,0,498,0
52500,10,2,12,20,500,0.01,0.004,0.986,0.0,5,2,493,0
52500,10,4,14,19,500,0.026,0.012,0.96,0.002,13,6,480,1
52500,10,5,15,8,500,0.014,0.008,0.958,0.02,7,4,479,10
52500,10,6,16,18,500,0.016,0.004,0.98,0.0,8,2,490,0
52500,10,7,17,7,500,0.002,0.0,0.998,0.0,1,0,499,0
52500,10,8,18,17,500,0.08,0.002,0.9,0.018,40,1,450,9
52500,10,9,19,6,500,0.0,0.002,0.998,0.0,0,1,499,0
52500,11,0,11,0,500,0.0,0.0,1.0,0.0,0,0,500,0
52500,11,1,12,11,500,0.0,0.0,1.0,0.0,0,0,500,0
52500,11,2,13,1,500,0.044,0.446,0.202,0.308,22,223,101,154
52500,11,6,17,3,500,0.022,0.0,0.978,0.0,11,0,489,0
52500,11,8,19,4,500,0.0,0.0,1.0,0.0,0,0,500,0
52500,11,9,20,15,500,0.014,0.758,0.138,0.09,7,379,69,45
52500,12,0,12,0,500,0.004,0.0,0.996,0.0,2,0,498,0
52500,12,1,13,12,500,0.0,0.006,0.988,0.006,0,3,494,3
52500,12,4,16,6,500,0.0,0.006,0.994,0.0,0,3,497,0
52500,12,5,17,18,500,0.026,0.012,0.956,0.006,13,6,478,3
52500,12,6,18,9,500,0.172,0.054,0.678,0.096,86,27,339,48
52500,12,8,20,12,500,0.0,0.006,0.992,0.002,0,3,496,1
52500,13,1,14,13,500,0.004,0.0,0.996,0.0,2,0,498,0
52500,13,3,16,18,500,0.022,0.006,0.966,0.006,11,3,483,3
52500,13,4,17,10,500,0.008,0.0,0.992,0.0,4,0,496,0
52500,13,5,18,2,500,0.002,0.008,0.99,0.0,1,4,495,0
52500,14,0,14,0,500,0.106,0.044,0.818,0.032,53,22,409,16
52500,14,1,15,14,500,0.016,0.032,0.792,0.16,8,16,396,80
52500,14,2,16,7,500,0.0,0.0,1.0,0.0,0,0,500,0
52500,14,3,17,0,500,0.0,0.0,1.0,0.0,0,0,500,0
52500,14,4,18,14,500,0.008,0.034,0.946,0.012,4,17,473,6
52500,14,5,19,7,500,0.04,0.034,0.902,0.024,20,17,451,12
52500,15,0,15,0,500,0.004,0.0,0.996,0.0,2,0,498,0
52500,15,2,17,9,500,0.1,0.004,0.886,0.01,50,2,443,5
52500,16,0,16,0,500,0.0,0.0,1.0,0.0,0,0,500,0
52500,16,2,18,11,500,0.0,0.0,1.0,0.0,0,0,500,0
52500,16,3,19,6,500,0.0,0.0,1.0,0.0,0,0,500,0
52500,17,0,17,0,500,0.0,0.0,1.0,0.0,0,0,500,0
52500,17,1,18,17,500,0.044,0.0,0.952,0.004,22,0,476,2
52500,17,2,19,13,500,0.0,0.0,1.0,0.0,0,0,500,0
52500,17,3,20,9,500,0.0,0.006,0.994,0.0,0,3,497,0
52500,18,0,18,0,500,0.0,0.0,1.0,0.0,0,0,500,0
52500,18,2,20,15,500,0.35,0.146,0.228,0.276,175,73,114,138
52500,19,0,19,0,500,0.004,0.0,0.996,0.0,2,0,498,0
52500,19,1,20,19,500,0.048,0.09,0.832,0.03,24,45,416,15
52500,20,0,20,0,500,0.0,0.0,1.0,0.0,0,0,500,0
53000,0,2,2,0,500,0.0,0.0,1.0,0.0,0,0,500,0
53000,0,5,5,0,500,0.0,0.0,1.0,0.0,0,0,500,0
53000,0,6,6,0,500,0.004,0.002,0.976,0.018,2,1,488,9
53000,0,7,7,0,500,0.008,0.374,0.24,0.378,4,187,120,189
53000,0,8,8,0,500,0.0,0.0,1.0,0.0,0,0,500,0
53000,0,10,10,0,500,0.0,0.0,1.0,0.0,0,0,500,0
53000,0,11,11,0,500,0.0,0.0,1.0,0.0,0,0,500,0
53000,0,14,14,0,500,0.124,0.028,0.822,0.026,62,14,411,13
53000,0,15,15,0,500,0.0,0.0,1.0,0.0,0,0,500,0
53000,0,16,16,0,500,0.0,0.0,1.0,0.0,0,0,500,0
53000,0,20,20,0,500,0.0,0.0,1.0,0.0,0,0,500,0
53000,1,0,1,0,500,0.0,0.0,1.0,0.0,0,0,500,0
53000,1,1,2,1,500,0.014,0.7,0.138,0.148,7,350,69,74
53000,1,3,4,3,500,0.118,0.138,0.392,0.352,59,69,196,176
53000,1,4,5,4,500,0.012,0.0,0.988,0.0,6,0,494,0
53000,1,5,6,5,500,0.02,0.056,0.432,0.492,10,28,216,246
53000,1,7,8,7,500,0.004,0.0,0.994,0.002,2,0,497,1
53000,1,8,9,8,500,0.026,0.006,0.964,0.004,13,3,482,2
53000,1,9,10,9,500,0.002,0.004,0.994,0.0,1,2,497,0
53000,1,11,12,11,500,0.006,0.002,0.992,0.0,3,1,496,0
53000,1,13,14,13,500,0.0,0.0,1.0,0.0,0,0,500,0
53000,1,14,15,14,500,0.0,0.058,0.768,0.174,0,29,384,87
53000,1,18,19,18,500,0.348,0.028,0.492,0.132,174,14,246,66
53000,1,19,20,19,500,0.032,0.022,0.92,0.026,16,11,460,13
53000,2,3,5,6,500,0.022,0.12,0.556,0.302,11,60,278,151
53000,2,8,10,16,500,0.036,0.01,0.754,0.2,18,5,377,100
53000,2,10,12,20,500,0.0,0.0,1.0,0.0,0,0,500,0
53000,2,11,13,1,500,0.086,0.162,0.304,0.448,43,81,152,224
53000,2,12,14,3,500,0.0,0.0,0.998,0.002,0,0,499,1
53000,2,14,16,7,500,0.0,0.0,1.0,0.0,0,0,500,0
53000,2,15,17,9,500,0.056,0.008,0.934,0.002,28,4,467,1
53000,2,18,20,15,500,0.196,0.25,0.248,0.306,98,125,124,153
53000,3,0,3,0,500,0.0,0.006,0.994,0.0,0,3,497,0
53000,3,2,5,6,500,0.05,0.044,0.56,0.346,25,22,280,173
53000,3,4,7,12,500,0.1,0.018,0.866,0.016,50,9,433,8
53000,3,5,8,15,500,0.022,0.01,0.954,0.014,11,5,477,7
53000,3,6,9,18,500,0.154,0.048,0.726,0.072,77,24,363,36
53000,3,7,10,0,500,0.0,0.0,1.0,0.0,0,0,500,0
53000,3,8,11,3,500,0.01,0.004,0.986,0.0,5,2,493,0
53000,3,9,12,6,500,0.014,0.002,0.984,0.0,7,1,492,0
53000,3,10,13,9,500,0.0,0.0,0.998,0.002,0,0,499,1
53000,3,13,16,18,500,0.016,0.004,0.956,0.024,8,2,478,12
53000,3,14,17,0,500,0.0,0.002,0.998,0.0,0,1,499,0
53000,3,15,18,3,500,0.54,0.056,0.28,0.124,270,28,140,62
53000,3,16,19,6,500,0.0,0.0,1.0,0.0,0,0,500,0
53000,3,17,20,9,500,0.004,0.006,0.99,0.0,2,3,495,0
53000,4,0,4,0,500,0.0,0.0,1.0,0.0,0,0,500,0
53000,4,2,6,8,500,0.05,0.012,0.914,0.024,25,6,457,12
53000,4,5,9,20,500,0.002,0.006,0.992,0.0,1,3,496,0
53000,4,6,10,3,500,0.026,0.012,0.96,0.002,13,6,480,1
53000,4,7,11,7,500,0.0,0.0,1.0,0.0,0,0,500,0
53000,4,8,12,11,500,0.006,0.004,0.99,0.0,3,2,495,0
53000,4,9,13,15,500,0.026,0.436,0.348,0.19,13,218,174,95
53000,4,10,14,19,500,0.018,0.004,0.978,0.0,9,2,489,0
53000,4,11,15,2,500,0.002,0.002,0.99,0.006,1,1,495,3
53000,4,12,16,6,500,0.0,0.002,0.996,0.002,0,1,498,1
53000,4,13,17,10,500,0.0,0.002,0.998,0.0,0,1,499,0
53000,4,14,18,14,500,0.024,0.16,0.782,0.034,12,80,391,17
53000,4,16,20,1,500,0.0,0.0,1.0,0.0,0,0,500,0
53000,5,0,5,0,500,0.0,0.0,1.0,0.0,0,0,500,0
53000,5,2,7,10,500,0.0,0.0,1.0,0.0,0,0,500,0
53000,5,3,8,15,500,0.014,0.004,0.966,0.016,7,2,483,8
53000,5,4,9,20,500,0.0,0.002,0.998,0.0,0,1,499,0
53000,5,5,10,4,500,0.006,0.012,0.978,0.004,3,6,489,2
53000,5,7,12,14,500,0.008,0.068,0.916,0.008,4,34,458,4
53000,5,9,14,3,500,0.004,0.002,0.994,0.0,2,1,497,0
53000,5,10,15,8,500,0.022,0.002,0.964,0.012,11,1,482,6
53000,5,11,16,13,500,0.0,0.0,1.0,0.0,0,0,500,0
53000,5,12,17,18,500,0.058,0.01,0.93,0.002,29,5,465,1
53000,5,14,19,7,500,0.024,0.066,0.874,0.036,12,33,437,18
53000,5,15,20,12,500,0.002,0.012,0.986,0.0,1,6,493,0
53000,6,1,7,6,500,0.004,0.0,0.992,0.004,2,0,496,2
53000,6,2,8,12,500,0.036,0.0,0.958,0.006,18,0,479,3
53000,6,6,12,15,500,0.018,0.0,0.98,0.002,9,0,490,1
53000,6,8,14,6,500,0.008,0.0,0.992,0.0,4,0,496,0
53000,6,9,15,12,500,0.014,0.0,0.982,0.004,7,0,491,2
53000,6,12,18,9,500,0.146,0.072,0.716,0.066,73,36,358,33
53000,6,13,19,15,500,0.01,0.0,0.99,0.0,5,0,495,0
53000,7,0,7,0,500,0.026,0.33,0.298,0.346,13,165,149,173
53000,7,1,8,7,500,0.012,0.0,0.988,0.0,6,0,494,0
53000,7,3,10,0,500,0.0,0.0,1.0,0.0,0,0,500,0
53000,7,4,11,7,500,0.0,0.0,1.0,0.0,0,0,500,0
53000,7,7,14,7,500,0.07,0.084,0.702,0.144,35,42,351,72
53000,7,8,15,14,500,0.03,0.04,0.824,0.106,15,20,412,53
53000,7,9,16,0,500,0.0,0.0,1.0,0.0,0,0,500,0
53000,7,11,18,14,500,0.014,0.08,0.88,0.026,7,40,440,13
53000,7,13,20,7,500,0.0,0.0,1.0,0.0,0,0,500,0
53000,8,0,8,0,500,0.0,0.0,1.0,0.0,0,0,500,0
53000,8,1,9,8,500,0.052,0.006,0.932,0.01,26,3,466,5
53000,8,3,11,3,500,0.044,0.01,0.944,0.002,22,5,472,1
53000,8,5,13,19,500,0.0,0.0,1.0,0.0,0,0,500,0
53000,8,6,14,6,500,0.014,0.0,0.984,0.002,7,0,492,1
53000,8,7,15,14,500,0.022,0.052,0.858,0.068,11,26,429,34
53000,8,9,17,9,500,0.006,0.006,0.988,0.0,3,3,494,0
53000,8,11,19,4,500,0.0,0.0,1.0,0.0,0,0,500,0
53000,8,12,20,12,500,0.0,0.008,0.992,0.0,0,4,496,0
53000,9,4,13,15,500,0.026,0.246,0.448,0.28,13,123,224,140
53000,9,5,14,3,500,0.0,0.0,1.0,0.0,0,0,500,0
53000,9,6,15,12,500,0.022,0.008,0.958,0.012,11,4,479,6
53000,9,7,16,0,500,0.0,0.0,1.0,0.0,0,0,500,0
53000,9,8,17,9,500,0.016,0.002,0.982,0.0,8,1,491,0
53000,9,11,20,15,500,0.01,0.864,0.072,0.054,5,432,36,27
53000,10,0,10,0,500,0.0,0.0,1.0,0.0,0,0,500,0
53000,10,1,11,10,500,0.0,0.0,1.0,0.0,0,0,500,0
53000,10,2,12,20,500,0.01,0.0,0.99,0.0,5,0,495,0
53000,10,4,14,19,500,0.016,0.0,0.984,0.0,8,0,492,0
53000,10,5,15,8,500,0.018,0.002,0.966,0.014,9,1,483,7
53000,10,6,16,18,500,0.014,0.0,0.98,0.006,7,0,490,3
53000,10,7,17,7,500,0.0,0.0,1.0,0.0,0,0,500,0
53000,10,8,18,17,500,0.078,0.006,0.898,0.018,39,3,449,9
53000,10,9,19,6,500,0.0,0.0,1.0,0.0,0,0,500,0
53000,11,0,11,0,500,0.0,0.0,1.0,0.0,0,0,500,0
53000,11,1,12,11,500,0.004,0.004,0.992,0.0,2,2,496,0
53000,11,2,13,1,500,0.05,0.308,0.268,0.374,25,154,134,187
53000,11,6,17,3,500,0.008,0.0,0.992,0.0,4,0,496,0
53000,11,8,19,4,500,0.0,0.0,0.998,0.002,0,0,499,1
53000,11,9,20,15,500,0.022,0.79,0.116,0.072,11,395,58,36
53000,12,0,12,0,500,0.002,0.0,0.998,0.0,1,0,499,0
53000,12,1,13,12,500,0.004,0.004,0.982,0.01,2,2,491,5
53000,12,4,16,6,500,0.0,0.004,0.996,0.0,0,2,498,0
53000,12,5,17,18,500,0.036,0.016,0.944,0.004,18,8,472,2
53000,12,6,18,9,500,0.158,0.066,0.708,0.068,79,33,354,34
53000,12,8,20,12,500,0.0,0.006,0.994,0.0,0,3,497,0
53000,13,1,14,13,500,0.0,0.002,0.998,0.0,0,1,499,0
53000,13,3,16,18,500,0.014,0.002,0.972,0.012,7,1,486,6
53000,13,4,17,10,500,0.006,0.0,0.994,0.0,3,0,497,0
53000,13,5,18,2,500,0.004,0.004,0.99,0.002,2,2,495,1
53000,14,0,14,0,500,0.1,0.05,0.814,0.036,50,25,407,18
53000,14,1,15,14,500,0.014,0.02,0.714,0.252,7,10,357,126
53000,14,2,16,7,500,0.0,0.0,1.0,0.0,0,0,500,0
53000,14,3,17,0,500,0.004,0.0,0.996,0.0,2,0,498,0
53000,14,4,18,14,500,0.024,0.074,0.866,0.036,12,37,433,18
53000,14,5,19,7,500,0.018,0.072,0.864,0.046,9,36,432,23
53000,15,0,15,0,500,0.004,0.002,0.994,0.0,2,1,497,0
53000,15,2,17,9,500,0.09,0.006,0.9,0.004,45,3,450,2
53000,16,0,16,0,500,0.0,0.0,1.0,0.0,0,0,500,0
53000,16,2,18,11,500,0.002,0.0,0.998,0.0,1,0,499,0
53000,16,3,19,6,500,0.0,0.0,1.0,0.0,0,0,500,0
53000,17,0,17,0,500,0.0,0.0,1.0,0.0,0,0,500,0
53000,17,1,18,17,500,0.03,0.004,0.962,0.004,15,2,481,2
53000,17,2,19,13,500,0.0,0.0,1.0,0.0,0,0,500,0
53000,17,3,20,9,500,0.002,0.002,0.996,0.0,1,1,498,0
53000,18,0,18,0,500,0.0,0.0,1.0,0.0,0,0,500,0
53000,18,2,20,15,500,0.31,0.186,0.226,0.278,155,93,113,139
53000,19,0,19,0,500,0.002,0.0,0.998,0.0,1,0,499,0
53000,19,1,20,19,500,0.044,0.01,0.918,0.028,22,5,459,14
53000,20,0,20,0,500,0.0,0.0,1.0,0.0,0,0,500,0
53500,0,2,2,0,500,0.0,0.0,1.0,0.0,0,0,500,0
53500,0,5,5,0,500,0.0,0.0,1.0,0.0,0,0,500,0
53500,0,6,6,0,500,0.0,0.002,0.996,0.002,0,1,498,1
53500,0,7,7,0,500,0.0,0.352,0.258,0.39,0,176,129,195
53500,0,8,8,0,500,0.0,0.0,1.0,0.0,0,0,500,0
53500,0,10,10,0,500,0.0,0.0,1.0,0.0,0,0,500,0
53500,0,11,11,0,500,0.0,0.0,1.0,0.0,0,0,500,0
53500,0,14,14,0,500,0.066,0.056,0.856,0.022,33,28,428,11
53500,0,15,15,0,500,0.0,0.0,1.0,0.0,0,0,500,0
53500,0,16,16,0,500,0.0,0.0,1.0,0.0,0,0,500,0
53500,0,20,20,0,500,0.0,0.0,1.0,0.0,0,0,500,0
53500,1,0,1,0,500,0.0,0.0,1.0,0.0,0,0,500,0
53500,1,1,2,1,500,0.028,0.232,0.442,0.298,14,116,221,149
53500,1,3,4,3,500,0.076,0.146,0.374,0.404,38,73,187,202
53500,1,4,5,4,500,0.012,0.0,0.988,0.0,6,0,494,0
53500,1,5,6,5,500,0.042,0.036,0.326,0.596,21,18,163,298
53500,1,7,8,7,500,0.002,0.0,0.998,0.0,1,0,499,0
53500,1,8,9,8,500,0.024,0.0,0.97,0.006,12,0,485,3
53500,1,9,10,9,500,0.002,0.006,0.992,0.0,1,3,496,0
53500,1,11,12,11,500,0.01,0.002,0.986,0.002,5,1,493,1
53500,1,13,14,13,500,0.0,0.0,1.0,0.0,0,0,500,0
53500,1,14,15,14,500,0.006,0.036,0.746,0.212,3,18,373,106
53500,1,18,19,18,500,0.31,0.024,0.5,0.166,155,12,250,83
53500,1,19,20,19,500,0.074,0.032,0.878,0.016,37,16,439,8
53500,2,3,5,6,500,0.072,0.086,0.438,0.404,36,43,219,202
53500,2,8,10,16,500,0.074,0.006,0.744,0.176,37,3,372,88
53500,2,10,12,20,500,0.0,0.0,1.0,0.0,0,0,500,0
53500,2,11,13,1,500,0.108,0.138,0.28,0.474,54,69,140,237
53500,2,12,14,3,500,0.002,0.002,0.996,0.0,1,1,498,0
53500,2,14,16,7,500,0.0,0.0,1.0,0.0,0,0,500,0
53500,2,15,17,9,500,0.064,0.008,0.92,0.008,32,4,460,4
53500,2,18,20,15,500,0.174,0.192,0.312,0.322,87,96,156,161
53500,3,0,3,0,500,0.0,0.0,1.0,0.0,0,0,500,0
53500,3,2,5,6,500,0.082,0.04,0.524,0.354,41,20,262,177
53500,3,4,7,12,500,0.092,0.024,0.868,0.016,46,12,434,8
53500,3,5,8,15,500,0.042,0.018,0.908,0.032,21,9,454,16
53500,3,6,9,18,500,0.17,0.046,0.696,0.088,85,23,348,44
53500,3,7,10,0,500,0.0,0.0,1.0,0.0,0,0,500,0
53500,3,8,11,3,500,0.018,0.01,0.968,0.004,9,5,484,2
53500,3,9,12,6,500,0.006,0.008,0.982,0.004,3,4,491,2
53500,3,10,13,9,500,0.0,0.0,0.998,0.002,0,0,499,1
53500,3,13,16,18,500,0.038,0.0,0.948,0.014,19,0,474,7
53500,3,14,17,0,500,0.0,0.0,1.0,0.0,0,0,500,0
53500,3,15,18,3,500,0.524,0.076,0.238,0.162,262,38,119,81
53500,3,16,19,6,500,0.0,0.002,0.998,0.0,0,1,499,0
53500,3,17,20,9,500,0.002,0.002,0.996,0.0,1,1,498,0
53500,4,0,4,0,500,0.0,0.0,1.0,0.0,0,0,500,0
53500,4,2,6,8,500,0.014,0.028,0.95,0.008,7,14,475,4
53500,4,5,9,20,500,0.0,0.0,1.0,0.0,0,0,500,0
53500,4,6,10,3,500,0.028,0.01,0.956,0.006,14,5,478,3
53500,4,7,11,7,500,0.0,0.0,1.0,0.0,0,0,500,0
53500,4,8,12,11,500,0.004,0.006,0.988,0.002,2,3,494,1
53500,4,9,13,15,500,0.02,0.442,0.324,0.214,10,221,162,107
53500,4,10,14,19,500,0.02,0.01,0.97,0.0,10,5,485,0
53500,4,11,15,2,500,0.0,0.002,0.996,0.002,0,1,498,1
53500,4,12,16,6,500,0.0,0.0,1.0,0.0,0,0,500,0
53500,4,13,17,10,500,0.004,0.0,0.996,0.0,2,0,498,0
53500,4,14,18,14,500,0.022,0.114,0.852,0.012,11,57,426,6
53500,4,16,20,1,500,0.0,0.0,1.0,0.0,0,0,500,0
53500,5,0,5,0,500,0.0,0.0,1.0,0.0,0,0,500,0
53500,5,2,7,10,500,0.0,0.0,1.0,0.0,0,0,500,0
53500,5,3,8,15,500,0.034,0.018,0.916,0.032,17,9,458,16
53500,5,4,9,20,500,0.0,0.0,1.0,0.0,0,0,500,0
53500,5,5,10,4,500,0.112,0.066,0.806,0.016,56,33,403,8
53500,5,7,12,14,500,0.006,0.038,0.95,0.006,3,19,475,3
53500,5,9,14,3,500,0.002,0.01,0.988,0.0,1,5,494,0
53500,5,10,15,8,500,0.052,0.006,0.91,0.032,26,3,455,16
53500,5,11,16,13,500,0.008,0.0,0.988,0.004,4,0,494,2
53500,5,12,17,18,500,0.032,0.008,0.948,0.012,16,4,474,6
53500,5,14,19,7,500,0.044,0.056,0.872,0.028,22,28,436,14
53500,5,15,20,12,500,0.01,0.004,0.986,0.0,5,2,493,0
53500,6,1,7,6,500,0.002,0.0,0.998,0.0,1,0,499,0
53500,6,2,8,12,500,0.08,0.002,0.904,0.014,40,1,452,7
53500,6,6,12,15,500,0.006,0.008,0.984,0.002,3,4,492,1
53500,6,8,14,6,500,0.002,0.0,0.99,0.008,1,0,495,4
53500,6,9,15,12,500,0.012,0.01,0.962,0.016,6,5,481,8
53500,6,12,18,9,500,0.144,0.058,0.708,0.09,72,29,354,45
53500,6,13,19,15,500,0.012,0.008,0.98,0.0,6,4,490,0
53500,7,0,7,0,500,0.004,0.314,0.282,0.4,2,157,141,200
53500,7,1,8,7,500,0.002,0.0,0.998,0.0,1,0,499,0
53500,7,3,10,0,500,0.0,0.0,1.0,0.0,0,0,500,0
53500,7,4,11,7,500,0.0,0.0,1.0,0.0,0,0,500,0
53500,7,7,14,7,500,0.038,0.092,0.72,0.15,19,46,360,75
53500,7,8,15,14,500,0.062,0.094,0.69,0.154,31,47,345,77
53500,7,9,16,0,500,0.0,0.0,1.0,0.0,0,0,500,0
53500,7,11,18,14,500,0.012,0.048,0.926,0.014,6,24,463,7
53500,7,13,20,7,500,0.0,0.0,1.0,0.0,0,0,500,0
53500,8,0,8,0,500,0.0,0.0,1.0,0.0,0,0,500,0
53500,8,1,9,8,500,0.034,0.002,0.952,0.012,17,1,476,6
53500,8,3,11,3,500,0.018,0.004,0.974,0.004,9,2,487,2
53500,8,5,13,19,500,0.0,0.0,1.0,0.0,0,0,500,0
53500,8,6,14,6,500,0.004,0.0,0.992,0.004,2,0,496,2
53500,8,7,15,14,500,0.044,0.054,0.828,0.074,22,27,414,37
53500,8,9,17,9,500,0.008,0.014,0.978,0.0,4,7,489,0
53500,8,11,19,4,500,0.0,0.0,1.0,0.0,0,0,500,0
53500,8,12,20,12,500,0.0,0.012,0.988,0.0,0,6,494,0
53500,9,4,13,15,500,0.04,0.34,0.342,0.278,20,170,171,139
53500,9,5,14,3,500,0.002,0.0,0.998,0.0,1,0,499,0
53500,9,6,15,12,500,0.008,0.01,0.966,0.016,4,5,483,8
53500,9,7,16,0,500,0.0,0.0,1.0,0.0,0,0,500,0
53500,9,8,17,9,500,0.008,0.01,0.982,0.0,4,5,491,0
53500,9,11,20,15,500,0.018,0.828,0.074,0.08,9,414,37,40
53500,10,0,10,0,500,0.0,0.0,1.0,0.0,0,0,500,0
53500,10,1,11,10,500,0.0,0.0,0.998,0.002,0,0,499,1
53500,10,2,12,20,500,0.008,0.004,0.988,0.0,4,2,494,0
53500,10,4,14,19,500,0.016,0.004,0.978,0.002,8,2,489,1
53500,10,5,15,8,500,0.04,0.004,0.932,0.024,20,2,466,12
53500,10,6,16,18,500,0.008,0.002,0.988,0.002,4,1,494,1
53500,10,7,17,7,500,0.0,0.0,1.0,0.0,0,0,500,0
53500,10,8,18,17,500,0.126,0.0,0.84,0.034,63,0,420,17
53500,10,9,19,6,500,0.0,0.002,0.998,0.0,0,1,499,0
53500,11,0,11,0,500,0.0,0.0,1.0,0.0,0,0,500,0
53500,11,1,12,11,500,0.004,0.002,0.994,0.0,2,1,497,0
53500,11,2,13,1,500,0.062,0.21,0.246,0.482,31,105,123,241
53500,11,6,17,3,500,0.012,0.0,0.988,0.0,6,0,494,0
53500,11,8,19,4,500,0.0,0.0,1.0,0.0,0,0,500,0
53500,11,9,20,15,500,0.014,0.88,0.054,0.052,7,440,27,26
53500,12,0,12,0,500,0.002,0.0,0.998,0.0,1,0,499,0
53500,12,1,13,12,500,0.0,0.004,0.994,0.002,0,2,497,1
53500,12,4,16,6,500,0.008,0.002,0.99,0.0,4,1,495,0
53500,12,5,17,18,500,0.02,0.008,0.964,0.008,10,4,482,4
53500,12,6,18,9,500,0.148,0.058,0.702,0.092,74,29,351,46
53500,12,8,20,12,500,0.0,0.0,1.0,0.0,0,0,500,0
53500,13,1,14,13,500,0.004,0.0,0.996,0.0,2,0,498,0
53500,13,3,16,18,500,0.012,0.004,0.978,0.006,6,2,489,3
53500,13,4,17,10,500,0.0,0.0,1.0,0.0,0,0,500,0
53500,13,5,18,2,500,0.002,0.002,0.996,0.0,1,1,498,0
53500,14,0,14,0,500,0.04,0.05,0.886,0.024,20,25,443,12
53500,14,1,15,14,500,0.006,0.03,0.764,0.2,3,15,382,100
53500,14,2,16,7,500,0.0,0.0,1.0,0.0,0,0,500,0
53500,14,3,17,0,500,0.002,0.0,0.998,0.0,1,0,499,0
53500,14,4,18,14,500,0.016,0.084,0.88,0.02,8,42,440,10
53500,14,5,19,7,500,0.016,0.05,0.918,0.016,8,25,459,8
53500,15,0,15,0,500,0.0,0.0,1.0,0.0,0,0,500,0
53500,15,2,17,9,500,0.108,0.008,0.876,0.008,54,4,438,4
53500,16,0,16,0,500,0.0,0.0,1.0,0.0,0,0,500,0
53500,16,2,18,11,500,0.0,0.0,1.0,0.0,0,0,500,0
53500,16,3,19,6,500,0.0,0.0,1.0,0.0,0,0,500,0
53500,17,0,17,0,500,0.0,0.0,1.0,0.0,0,0,500,0
53500,17,1,18,17,500,0.024,0.002,0.97,0.004,12,1,485,2
53500,17,2,19,13,500,0.0,0.0,1.0,0.0,0,0,500,0
53500,17,3,20,9,500,0.004,0.008,0.988,0.0,2,4,494,0
53500,18,0,18,0,500,0.0,0.0,1.0,0.0,0,0,500,0
53500,18,2,20,15,500,0.226,0.106,0.328,0.34,113,53,164,170
53500,19,0,19,0,500,0.0,0.0,1.0,0.0,0,0,500,0
53500,19,1,20,19,500,0.072,0.038,0.868,0.022,36,19,434,11
53500,20,0,20,0,500,0.0,0.0,1.0,0.0,0,0,500,0
54000,0,2,2,0,500,0.0,0.0,1.0,0.0,0,0,500,0
54000,0,5,5,0,500,0.0,0.0,1.0,0.0,0,0,500,0
54000,0,6,6,0,500,0.002,0.002,0.99,0.006,1,1,495,3
54000,0,7,7,0,500,0.006,0.364,0.24,0.39,3,182,120,195
54000,0,8,8,0,500,0.0,0.0,1.0,0.0,0,0,500,0
54000,0,10,10,0,500,0.0,0.0,1.0,0.0,0,0,500,0
54000,0,11,11,0,500,0.0,0.0,1.0,0.0,0,0,500,0
54000,0,14,14,0,500,0.034,0.024,0.93,0.012,17,12,465,6
54000,0,15,15,0,500,0.002,0.0,0.998,0.0,1,0,499,0
54000,0,16,16,0,500,0.0,0.0,1.0,0.0,0,0,500,0
54000,0,20,20,0,500,0.0,0.0,1.0,0.0,0,0,500,0
54000,1,0,1,0,500,0.0,0.0,1.0,0.0,0,0,500,0
54000,1,1,2,1,500,0.02,0.092,0.504,0.384,10,46,252,192
54000,1,3,4,3,500,0.1,0.198,0.366,0.336,50,99,183,168
54000,1,4,5,4,500,0.012,0.004,0.97,0.014,6,2,485,7
54000,1,5,6,5,500,0.016,0.07,0.41,0.504,8,35,205,252
54000,1,7,8,7,500,0.0,0.0,1.0,0.0,0,0,500,0
54000,1,8,9,8,500,0.028,0.004,0.966,0.002,14,2,483,1
54000,1,9,10,9,500,0.0,0.014,0.986,0.0,0,7,493,0
54000,1,11,12,11,500,0.006,0.002,0.99,0.002,3,1,495,1
54000,1,13,14,13,500,0.004,0.0,0.996,0.0,2,0,498,0
54000,1,14,15,14,500,0.008,0.056,0.814,0.122,4,28,407,61
54000,1,18,19,18,500,0.252,0.03,0.564,0.154,126,15,282,77
54000,1,19,20,19,500,0.044,0.042,0.83,0.084,22,21,415,42
54000,2,3,5,6,500,0.058,0.076,0.408,0.458,29,38,204,229
54000,2,8,10,16,500,0.074,0.004,0.77,0.152,37,2,385,76
54000,2,10,12,20,500,0.0,0.0,1.0,0.0,0,0,500,0
54000,2,11,13,1,500,0.072,0.214,0.258,0.456,36,107,129,228
54000,2,12,14,3,500,0.006,0.006,0.988,0.0,3,3,494,0
54000,2,14,16,7,500,0.0,0.0,1.0,0.0,0,0,500,0
54000,2,15,17,9,500,0.086,0.01,0.888,0.016,43,5,444,8
54000,2,18,20,15,500,0.21,0.172,0.204,0.414,105,86,102,207
54000,3,0,3,0,500,0.002,0.0,0.998,0.0,1,0,499,0
54000,3,2,5,6,500,0.058,0.06,0.47,0.412,29,30,235,206
54000,3,4,7,12,500,0.068,0.024,0.902,0.006,34,12,451,3
54000,3,5,8,15,500,0.028,0.01,0.952,0.01,14,5,476,5
54000,3,6,9,18,500,0.14,0.068,0.7,0.092,70,34,350,46
54000,3,7,10,0,500,0.0,0.0,1.0,0.0,0,0,500,0
54000,3,8,11,3,500,0.01,0.018,0.968,0.004,5,9,484,2
54000,3,9,12,6,500,0.012,0.012,0.974,0.002,6,6,487,1
54000,3,10,13,9,500,0.0,0.0,1.0,0.0,0,0,500,0
54000,3,13,16,18,500,0.022,0.002,0.962,0.014,11,1,481,7
54000,3,14,17,0,500,0.002,0.0,0.998,0.0,1,0,499,0
54000,3,15,18,3,500,0.566,0.054,0.276,0.104,283,27,138,52
54000,3,16,19,6,500,0.0,0.002,0.998,0.0,0,1,499,0
54000,3,17,20,9,500,0.002,0.002,0.996,0.0,1,1,498,0
54000,4,0,4,0,500,0.0,0.0,1.0,0.0,0,0,500,0
54000,4,2,6,8,500,0.024,0.032,0.938,0.006,12,16,469,3
54000,4,5,9,20,500,0.002,0.002,0.996,0.0,1,1,498,0
54000,4,6,10,3,500,0.072,0.01,0.89,0.028,36,5,445,14
54000,4,7,11,7,500,0.0,0.0,1.0,0.0,0,0,500,0
54000,4,8,12,11,500,0.002,0.008,0.988,0.002,1,4,494,1
54000,4,9,13,15,500,0.046,0.36,0.346,0.248,23,180,173,124
54000,4,10,14,19,500,0.014,0.0,0.986,0.0,7,0,493,0
54000,4,11,15,2,500,0.004,0.006,0.974,0.016,2,3,487,8
54000,4,12,16,6,500,0.0,0.0,1.0,0.0,0,0,500,0
54000,4,13,17,10,500,0.002,0.0,0.998,0.0,1,0,499,0
54000,4,14,18,14,500,0.018,0.11,0.842,0.03,9,55,421,15
54000,4,16,20,1,500,0.0,0.0,0.998,0.002,0,0,499,1
54000,5,0,5,0,500,0.0,0.0,1.0,0.0,0,0,500,0
54000,5,2,7,10,500,0.0,0.0,1.0,0.0,0,0,500,0
54000,5,3,8,15,500,0.04,0.004,0.94,0.016,20,2,470,8
54000,5,4,9,20,500,0.0,0.0,1.0,0.0,0,0,500,0
54000,5,5,10,4,500,0.01,0.048,0.938,0.004,5,24,469,2
54000,5,7,12,14,500,0.008,0.122,0.86,0.01,4,61,430,5
54000,5,9,14,3,500,0.002,0.004,0.994,0.0,1,2,497,0
54000,5,10,15,8,500,0.052,0.006,0.92,0.022,26,3,460,11
54000,5,11,16,13,500,0.002,0.0,0.998,0.0,1,0,499,0
54000,5,12,17,18,500,0.062,0.022,0.896,0.02,31,11,448,10
54000,5,14,19,7,500,0.018,0.078,0.862,0.042,9,39,431,21
54000,5,15,20,12,500,0.004,0.02,0.972,0.004,2,10,486,2
54000,6,1,7,6,500,0.004,0.002,0.994,0.0,2,1,497,0
54000,6,2,8,12,500,0.046,0.002,0.94,0.012,23,1,470,6
54000,6,6,12,15,500,0.008,0.004,0.984,0.004,4,2,492,2
54000,6,8,14,6,500,0.006,0.0,0.988,0.006,3,0,494,3
54000,6,9,15,12,500,0.002,0.004,0.98,0.014,1,2,490,7
54000,6,12,18,9,500,0.114,0.064,0.73,0.092,57,32,365,46
54000,6,13,19,15,500,0.012,0.006,0.98,0.002,6,3,490,1
54000,7,0,7,0,500,0.0,0.342,0.216,0.442,0,171,108,221
54000,7,1,8,7,500,0.002,0.0,0.998,0.0,1,0,499,0
54000,7,3,10,0,500,0.0,0.0,1.0,0.0,0,0,500,0
54000,7,4,11,7,500,0.0,0.0,0.998,0.002,0,0,499,1
54000,7,7,14,7,500,0.022,0.132,0.678,0.168,11,66,339,84
54000,7,8,15,14,500,0.066,0.136,0.566,0.232,33,68,283,116
54000,7,9,16,0,500,0.0,0.0,1.0,0.0,0,0,500,0
54000,7,11,18,14,500,0.012,0.054,0.912,0.022,6,27,456,11
54000,7,13,20,7,500,0.002,0.0,0.998,0.0,1,0,499,0
54000,8,0,8,0,500,0.0,0.0,1.0,0.0,0,0,500,0
54000,8,1,9,8,500,0.022,0.0,0.978,0.0,11,0,489,0
54000,8,3,11,3,500,0.02,0.006,0.97,0.004,10,3,485,2
54000,8,5,13,19,500,0.0,0.0,1.0,0.0,0,0,500,0
54000,8,6,14,6,500,0.016,0.004,0.978,0.002,8,2,489,1
54000,8,7,15,14,500,0.094,0.088,0.638,0.18,47,44,319,90
54000,8,9,17,9,500,0.01,0.004,0.986,0.0,5,2,493,0
54000,8,11,19,4,500,0.0,0.002,0.998,0.0,0,1,499,0
54000,8,12,20,12,500,0.0,0.01,0.99,0.0,0,5,495,0
54000,9,4,13,15,500,0.054,0.33,0.364,0.252,27,165,182,126
54000,9,5,14,3,500,0.0,0.002,0.998,0.0,0,1,499,0
54000,9,6,15,12,500,0.01,0.016,0.95,0.024,5,8,475,12
54000,9,7,16,0,500,0.0,0.0,1.0,0.0,0,0,500,0
54000,9,8,17,9,500,0.008,0.004,0.988,0.0,4,2,494,0
54000,9,11,20,15,500,0.008,0.8,0.116,0.076,4,400,58,38
54000,10,0,10,0,500,0.0,0.0,1.0,0.0,0,0,500,0
54000,10,1,11,10,500,0.0,0.0,0.998,0.002,0,0,499,1
54000,10,2,12,20,500,0.002,0.0,0.996,0.002,1,0,498,1
54000,10,4,14,19,500,0.016,0.002,0.982,0.0,8,1,491,0
54000,10,5,15,8,500,0.03,0.004,0.954,0.012,15,2,477,6
54000,10,6,16,18,500,0.01,0.002,0.984,0.004,5,1,492,2
54000,10,7,17,7,500,0.0,0.0,1.0,0.0,0,0,500,0
54000,10,8,18,17,500,0.17,0.006,0.762,0.062,85,3,381,31
54000,10,9,19,6,500,0.0,0.002,0.998,0.0,0,1,499,0
54000,11,0,11,0,500,0.0,0.0,1.0,0.0,0,0,500,0
54000,11,1,12,11,500,0.0,0.002,0.996,0.002,0,1,498,1
54000,11,2,13,1,500,0.06,0.232,0.246,0.462,30,116,123,231
54000,11,6,17,3,500,0.008,0.004,0.984,0.004,4,2,492,2
54000,11,8,19,4,500,0.0,0.0,1.0,0.0,0,0,500,0
54000,11,9,20,15,500,0.012,0.826,0.102,0.06,6,413,51,30
54000,12,0,12,0,500,0.002,0.002,0.996,0.0,1,1,498,0
54000,12,1,13,12,500,0.006,0.004,0.988,0.002,3,2,494,1
54000,12,4,16,6,500,0.002,0.004,0.994,0.0,1,2,497,0
54000,12,5,17,18,500,0.04,0.02,0.926,0.014,20,10,463,7
54000,12,6,18,9,500,0.118,0.058,0.744,0.08,59,29,372,40
54000,12,8,20,12,500,0.0,0.008,0.992,0.0,0,4,496,0
54000,13,1,14,13,500,0.002,0.0,0.998,0.0,1,0,499,0
54000,13,3,16,18,500,0.03,0.004,0.95,0.016,15,2,475,8
54000,13,4,17,10,500,0.0,0.0,1.0,0.0,0,0,500,0
54000,13,5,18,2,500,0.002,0.0,0.998,0.0,1,0,499,0
54000,14,0,14,0,500,0.016,0.036,0.924,0.024,8,18,462,12
54000,14,1,15,14,500,0.002,0.052,0.774,0.172,1,26,387,86
54000,14,2,16,7,500,0.0,0.0,1.0,0.0,0,0,500,0
54000,14,3,17,0,500,0.002,0.0,0.998,0.0,1,0,499,0
54000,14,4,18,14,500,0.016,0.092,0.858,0.034,8,46,429,17
54000,14,5,19,7,500,0.022,0.066,0.884,0.028,11,33,442,14
54000,15,0,15,0,500,0.0,0.002,0.998,0.0,0,1,499,0
54000,15,2,17,9,500,0.062,0.014,0.912,0.012,31,7,456,6
54000,16,0,16,0,500,0.0,0.0,1.0,0.0,0,0,500,0
54000,16,2,18,11,500,0.0,0.0,1.0,0.0,0,0,500,0
54000,16,3,19,6,500,0.0,0.0,1.0,0.0,0,0,500,0
54000,17,0,17,0,500,0.0,0.0,1.0,0.0,0,0,500,0
54000,17,1,18,17,500,0.05,0.006,0.942,0.002,25,3,471,1
54000,17,2,19,13,500,0.0,0.0,1.0,0.0,0,0,500,0
54000,17,3,20,9,500,0.004,0.002,0.994,0.0,2,1,497,0
54000,18,0,18,0,500,0.0,0.002,0.998,0.0,0,1,499,0
54000,18,2,20,15,500,0.294,0.096,0.198,0.412,147,48,99,206
54000,19,0,19,0,500,0.0,0.0,1.0,0.0,0,0,500,0
54000,19,1,20,19,500,0.038,0.034,0.902,0.026,19,17,451,13
54000,20,0,20,0,500,0.0,0.0,1.0,0.0,0,0,500,0
54500,0,2,2,0,500,0.0,0.0,1.0,0.0,0,0,500,0
54500,0,5,5,0,500,0.0,0.0,1.0,0.0,0,0,500,0
54500,0,6,6,0,500,0.002,0.006,0.97,0.022,1,3,485,11
54500,0,7,7,0,500,0.004,0.348,0.244,0.404,2,174,122,202
54500,0,8,8,0,500,0.0,0.0,1.0,0.0,0,0,500,0
54500,0,10,10,0,500,0.0,0.0,1.0,0.0,0,0,500,0
54500,0,11,11,0,500,0.0,0.0,1.0,0.0,0,0,500,0
54500,0,14,14,0,500,0.054,0.052,0.866,0.028,27,26,433,14
54500,0,15,15,0,500,0.002,0.0,0.998,0.0,1,0,499,0
54500,0,16,16,0,500,0.0,0.0,1.0,0.0,0,0,500,0
54500,0,20,20,0,500,0.0,0.0,1.0,0.0,0,0,500,0
54500,1,0,1,0,500,0.0,0.0,1.0,0.0,0,0,500,0
54500,1,1,2,1,500,0.022,0.306,0.412,0.26,11,153,206,130
54500,1,3,4,3,500,0.116,0.112,0.412,0.36,58,56,206,180
54500,1,4,5,4,500,0.026,0.004,0.964,0.006,13,2,482,3
54500,1,5,6,5,500,0.016,0.04,0.502,0.442,8,20,251,221
54500,1,7,8,7,500,0.002,0.0,0.998,0.0,1,0,499,0
54500,1,8,9,8,500,0.044,0.0,0.942,0.014,22,0,471,7
54500,1,9,10,9,500,0.004,0.01,0.98,0.006,2,5,490,3
54500,1,11,12,11,500,0.002,0.0,0.998,0.0,1,0,499,0
54500,1,13,14,13,500,0.002,0.0,0.998,0.0,1,0,499,0
54500,1,14,15,14,500,0.004,0.08,0.698,0.218,2,40,349,109
54500,1,18,19,18,500,0.164,0.052,0.64,0.144,82,26,320,72
54500,1,19,20,19,500,0.004,0.004,0.988,0.004,2,2,494,2
54500,2,3,5,6,500,0.048,0.058,0.572,0.322,24,29,286,161
54500,2,8,10,16,500,0.084,0.008,0.552,0.356,42,4,276,178
54500,2,10,12,20,500,0.0,0.0,1.0,0.0,0,0,500,0
54500,2,11,13,1,500,0.052,0.262,0.264,0.422,26,131,132,211
54500,2,12,14,3,500,0.004,0.002,0.994,0.0,2,1,497,0
54500,2,14,16,7,500,0.0,0.0,1.0,0.0,0,0,500,0
54500,2,15,17,9,500,0.118,0.016,0.866,0.0,59,8,433,0
54500,2,18,20,15,500,0.232,0.164,0.254,0.35,116,82,127,175
54500,3,0,3,0,500,0.002,0.006,0.992,0.0,1,3,496,0
54500,3,2,5,6,500,0.038,0.046,0.616,0.3,19,23,308,150
54500,3,4,7,12,500,0.106,0.034,0.852,0.008,53,17,426,4
54500,3,5,8,15,500,0.054,0.018,0.9,0.028,27,9,450,14
54500,3,6,9,18,500,0.15,0.038,0.75,0.062,75,19,375,31
54500,3,7,10,0,500,0.0,0.0,1.0,0.0,0,0,500,0
54500,3,8,11,3,500,0.026,0.012,0.958,0.004,13,6,479,2
54500,3,9,12,6,500,0.002,0.02,0.978,0.0,1,10,489,0
54500,3,10,13,9,500,0.0,0.002,0.998,0.0,0,1,499,0
54500,3,13,16,18,500,0.024,0.0,0.964,0.012,12,0,482,6
54500,3,14,17,0,500,0.002,0.002,0.994,0.002,1,1,497,1
54500,3,15,18,3,500,0.498,0.072,0.336,0.094,249,36,168,47
54500,3,16,19,6,500,0.0,0.004,0.996,0.0,0,2,498,0
54500,3,17,20,9,500,0.0,0.0,1.0,0.0,0,0,500,0
54500,4,0,4,0,500,0.0,0.0,1.0,0.0,0,0,500,0
54500,4,2,6,8,500,0.042,0.056,0.878,0.024,21,28,439,12
54500,4,5,9,20,500,0.0,0.002,0.998,0.0,0,1,499,0
54500,4,6,10,3,500,0.03,0.012,0.954,0.004,15,6,477,2
54500,4,7,11,7,500,0.0,0.0,1.0,0.0,0,0,500,0
54500,4,8,12,11,500,0.008,0.002,0.99,0.0,4,1,495,0
54500,4,9,13,15,500,0.044,0.288,0.436,0.232,22,144,218,116
54500,4,10,14,19,500,0.022,0.0,0.978,0.0,11,0,489,0
54500,4,11,15,2,500,0.006,0.004,0.978,0.012,3,2,489,6
54500,4,12,16,6,500,0.0,0.004,0.996,0.0,0,2,498,0
54500,4,13,17,10,500,0.012,0.0,0.984,0.004,6,0,492,2
54500,4,14,18,14,500,0.026,0.098,0.846,0.03,13,49,423,15
54500,4,16,20,1,500,0.0,0.0,1.0,0.0,0,0,500,0
54500,5,0,5,0,500,0.0,0.0,1.0,0.0,0,0,500,0
54500,5,2,7,10,500,0.0,0.0,1.0,0.0,0,0,500,0
54500,5,3,8,15,500,0.05,0.01,0.91,0.03,25,5,455,15
54500,5,4,9,20,500,0.0,0.002,0.998,0.0,0,1,499,0
54500,5,5,10,4,500,0.006,0.014,0.978,0.002,3,7,489,1
54500,5,7,12,14,500,0.026,0.092,0.8,0.082,13,46,400,41
54500,5,9,14,3,500,0.006,0.01,0.984,0.0,3,5,492,0
54500,5,10,15,8,500,0.046,0.008,0.922,0.024,23,4,461,12
54500,5,11,16,13,500,0.004,0.004,0.992,0.0,2,2,496,0
54500,5,12,17,18,500,0.032,0.016,0.944,0.008,16,8,472,4
54500,5,14,19,7,500,0.03,0.05,0.888,0.032,15,25,444,16
54500,5,15,20,12,500,0.008,0.002,0.99,0.0,4,1,495,0
54500,6,1,7,6,500,0.004,0.004,0.992,0.0,2,2,496,0
54500,6,2,8,12,500,0.074,0.002,0.886,0.038,37,1,443,19
54500,6,6,12,15,500,0.014,0.004,0.972,0.01,7,2,486,5
54500,6,8,14,6,500,0.008,0.002,0.984,0.006,4,1,492,3
54500,6,9,15,12,500,0.012,0.006,0.976,0.006,6,3,488,3
54500,6,12,18,9,500,0.12,0.036,0.77,0.074,60,18,385,37
54500,6,13,19,15,500,0.012,0.006,0.982,0.0,6,3,491,0
54500,7,0,7,0,500,0.024,0.318,0.276,0.382,12,159,138,191
54500,7,1,8,7,500,0.014,0.0,0.986,0.0,7,0,493,0
54500,7,3,10,0,500,0.0,0.002,0.998,0.0,0,1,499,0
54500,7,4,11,7,500,0.0,0.0,1.0,0.0,0,0,500,0
54500,7,7,14,7,500,0.006,0.066,0.846,0.082,3,33,423,41
54500,7,8,15,14,500,0.018,0.09,0.66,0.232,9,45,330,116
54500,7,9,16,0,500,0.0,0.0,1.0,0.0,0,0,500,0
54500,7,11,18,14,500,0.018,0.046,0.914,0.022,9,23,457,11
54500,7,13,20,7,500,0.0,0.002,0.998,0.0,0,1,499,0
54500,8,0,8,0,500,0.0,0.0,1.0,0.0,0,0,500,0
54500,8,1,9,8,500,0.048,0.0,0.93,0.022,24,0,465,11
54500,8,3,11,3,500,0.022,0.012,0.958,0.008,11,6,479,4
54500,8,5,13,19,500,0.0,0.0,1.0,0.0,0,0,500,0
54500,8,6,14,6,500,0.002,0.0,0.99,0.008,1,0,495,4
54500,8,7,15,14,500,0.014,0.104,0.708,0.174,7,52,354,87
54500,8,9,17,9,500,0.002,0.004,0.994,0.0,1,2,497,0
54500,8,11,19,4,500,0.0,0.0,1.0,0.0,0,0,500,0
54500,8,12,20,12,500,0.004,0.0,0.996,0.0,2,0,498,0
54500,9,4,13,15,500,0.046,0.296,0.404,0.254,23,148,202,127
54500,9,5,14,3,500,0.008,0.0,0.992,0.0,4,0,496,0
54500,9,6,15,12,500,0.022,0.01,0.938,0.03,11,5,469,15
54500,9,7,16,0,500,0.0,0.0,1.0,0.0,0,0,500,0
54500,9,8,17,9,500,0.006,0.006,0.986,0.002,3,3,493,1
54500,9,11,20,15,500,0.022,0.786,0.112,0.08,11,393,56,40
54500,10,0,10,0,500,0.0,0.0,1.0,0.0,0,0,500,0
54500,10,1,11,10,500,0.0,0.0,1.0,0.0,0,0,500,0
54500,10,2,12,20,500,0.004,0.0,0.994,0.002,2,0,497,1
54500,10,4,14,19,500,0.014,0.002,0.984,0.0,7,1,492,0
54500,10,5,15,8,500,0.04,0.002,0.948,0.01,20,1,474,5
54500,10,6,16,18,500,0.014,0.008,0.974,0.004,7,4,487,2
54500,10,7,17,7,500,0.0,0.0,1.0,0.0,0,0,500,0
54500,10,8,18,17,500,0.092,0.002,0.884,0.022,46,1,442,11
54500,10,9,19,6,500,0.0,0.0,1.0,0.0,0,0,500,0
54500,11,0,11,0,500,0.0,0.0,1.0,0.0,0,0,500,0
54500,11,1,12,11,500,0.002,0.0,0.998,0.0,1,0,499,0
54500,11,2,13,1,500,0.032,0.276,0.248,0.444,16,138,124,222
54500,11,6,17,3,500,0.008,0.0,0.992,0.0,4,0,496,0
54500,11,8,19,4,500,0.0,0.0,1.0,0.0,0,0,500,0
54500,11,9,20,15,500,0.032,0.784,0.114,0.07,16,392,57,35
54500,12,0,12,0,500,0.002,0.0,0.998,0.0,1,0,499,0
54500,12,1,13,12,500,0.004,0.004,0.988,0.004,2,2,494,2
54500,12,4,16,6,500,0.004,0.002,0.994,0.0,2,1,497,0
54500,12,5,17,18,500,0.01,0.018,0.972,0.0,5,9,486,0
54500,12,6,18,9,500,0.116,0.036,0.804,0.044,58,18,402,22
54500,12,8,20,12,500,0.004,0.002,0.994,0.0,2,1,497,0
54500,13,1,14,13,500,0.0,0.0,1.0,0.0,0,0,500,0
54500,13,3,16,18,500,0.022,0.004,0.964,0.01,11,2,482,5
54500,13,4,17,10,500,0.004,0.0,0.996,0.0,2,0,498,0
54500,13,5,18,2,500,0.002,0.006,0.99,0.002,1,3,495,1
54500,14,0,14,0,500,0.058,0.048,0.87,0.024,29,24,435,12
54500,14,1,15,14,500,0.004,0.042,0.788,0.166,2,21,394,83
54500,14,2,16,7,500,0.0,0.0,1.0,0.0,0,0,500,0
54500,14,3,17,0,500,0.002,0.002,0.996,0.0,1,1,498,0
54500,14,4,18,14,500,0.024,0.032,0.924,0.02,12,16,462,10
54500,14,5,19,7,500,0.01,0.106,0.86,0.024,5,53,430,12
54500,15,0,15,0,500,0.0,0.0,1.0,0.0,0,0,500,0
54500,15,2,17,9,500,0.098,0.01,0.89,0.002,49,5,445,1
54500,16,0,16,0,500,0.0,0.0,1.0,0.0,0,0,500,0
54500,16,2,18,11,500,0.0,0.0,1.0,0.0,0,0,500,0
54500,16,3,19,6,500,0.0,0.004,0.996,0.0,0,2,498,0
54500,17,0,17,0,500,0.0,0.0,1.0,0.0,0,0,500,0
54500,17,1,18,17,500,0.038,0.004,0.954,0.004,19,2,477,2
54500,17,2,19,13,500,0.0,0.0,1.0,0.0,0,0,500,0
54500,17,3,20,9,500,0.0,0.004,0.996,0.0,0,2,498,0
54500,18,0,18,0,500,0.0,0.0,1.0,0.0,0,0,500,0
54500,18,2,20,15,500,0.342,0.108,0.248,0.302,171,54,124,151
54500,19,0,19,0,500,0.002,0.0,0.998,0.0,1,0,499,0
54500,19,1,20,19,500,0.046,0.002,0.938,0.014,23,1,469,7
54500,20,0,20,0,500,0.0,0.0,0.998,0.002,0,0,499,1
55000,0,2,2,0,500,0.0,0.0,1.0,0.0,0,0,500,0
55000,0,5,5,0,500,0.0,0.0,1.0,0.0,0,0,500,0
55000,0,6,6,0,500,0.004,0.0,0.986,0.01,2,0,493,5
55000,0,7,7,0,500,0.026,0.372,0.28,0.322,13,186,140,161
55000,0,8,8,0,500,0.0,0.0,1.0,0.0,0,0,500,0
55000,0,10,10,0,500,0.0,0.0,1.0,0.0,0,0,500,0
55000,0,11,11,0,500,0.0,0.0,1.0,0.0,0,0,500,0
55000,0,14,14,0,500,0.094,0.062,0.79,0.054,47,31,395,27
55000,0,15,15,0,500,0.002,0.0,0.998,0.0,1,0,499,0
55000,0,16,16,0,500,0.0,0.0,1.0,0.0,0,0,500,0
55000,0,20,20,0,500,0.0,0.0,1.0,0.0,0,0,500,0
55000,1,0,1,0,500,0.0,0.0,1.0,0.0,0,0,500,0
55000,1,1,2,1,500,0.014,0.194,0.58,0.212,7,97,290,106
55000,1,3,4,3,500,0.122,0.134,0.356,0.388,61,67,178,194
55000,1,4,5,4,500,0.016,0.0,0.982,0.002,8,0,491,1
55000,1,5,6,5,500,0.006,0.048,0.492,0.454,3,24,246,227
55000,1,7,8,7,500,0.0,0.0,0.998,0.002,0,0,499,1
55000,1,8,9,8,500,0.018,0.002,0.98,0.0,9,1,490,0
55000,1,9,10,9,500,0.0,0.006,0.994,0.0,0,3,497,0
55000,1,11,12,11,500,0.002,0.002,0.996,0.0,1,1,498,0
55000,1,13,14,13,500,0.0,0.0,1.0,0.0,0,0,500,0
55000,1,14,15,14,500,0.012,0.042,0.82,0.126,6,21,410,63
55000,1,18,19,18,500,0.204,0.05,0.59,0.156,102,25,295,78
55000,1,19,20,19,500,0.044,0.104,0.78,0.072,22,52,390,36
55000,2,3,5,6,500,0.04,0.088,0.59,0.282,20,44,295,141
55000,2,8,10,16,500,0.108,0.03,0.406,0.456,54,15,203,228
55000,2,10,12,20,500,0.004,0.0,0.996,0.0,2,0,498,0
55000,2,11,13,1,500,0.026,0.39,0.242,0.342,13,195,121,171
55000,2,12,14,3,500,0.002,0.0,0.998,0.0,1,0,499,0
55000,2,14,16,7,500,0.0,0.0,1.0,0.0,0,0,500,0
55000,2,15,17,9,500,0.09,0.016,0.884,0.01,45,8,442,5
55000,2,18,20,15,500,0.226,0.172,0.262,0.34,113,86,131,170
55000,3,0,3,0,500,0.004,0.002,0.994,0.0,2,1,497,0
55000,3,2,5,6,500,0.066,0.09,0.598,0.246,33,45,299,123
55000,3,4,7,12,500,0.132,0.026,0.808,0.034,66,13,404,17
55000,3,5,8,15,500,0.04,0.008,0.938,0.014,20,4,469,7
55000,3,6,9,18,500,0.202,0.028,0.646,0.124,101,14,323,62
55000,3,7,10,0,500,0.0,0.0,1.0,0.0,0,0,500,0
55000,3,8,11,3,500,0.01,0.008,0.978,0.004,5,4,489,2
55000,3,9,12,6,500,0.002,0.006,0.992,0.0,1,3,496,0
55000,3,10,13,9,500,0.0,0.002,0.998,0.0,0,1,499,0
55000,3,13,16,18,500,0.02,0.0,0.974,0.006,10,0,487,3
55000,3,14,17,0,500,0.002,0.0,0.998,0.0,1,0,499,0
55000,3,15,18,3,500,0.584,0.034,0.27,0.112,292,17,135,56
55000,3,16,19,6,500,0.0,0.004,0.996,0.0,0,2,498,0
55000,3,17,20,9,500,0.002,0.006,0.992,0.0,1,3,496,0
55000,4,0,4,0,500,0.0,0.0,1.0,0.0,0,0,500,0
55000,4,2,6,8,500,0.014,0.026,0.952,0.008,7,13,476,4
55000,4,5,9,20,500,0.014,0.0,0.986,0.0,7,0,493,0
55000,4,6,10,3,500,0.028,0.024,0.93,0.018,14,12,465,9
55000,4,7,11,7,500,0.0,0.0,1.0,0.0,0,0,500,0
55000,4,8,12,11,500,0.004,0.004,0.992,0.0,2,2,496,0
55000,4,9,13,15,500,0.032,0.362,0.31,0.296,16,181,155,148
55000,4,10,14,19,500,0.024,0.004,0.972,0.0,12,2,486,0
55000,4,11,15,2,500,0.004,0.006,0.986,0.004,2,3,493,2
55000,4,12,16,6,500,0.0,0.0,1.0,0.0,0,0,500,0
55000,4,13,17,10,500,0.004,0.0,0.996,0.0,2,0,498,0
55000,4,14,18,14,500,0.02,0.056,0.892,0.032,10,28,446,16
55000,4,16,20,1,500,0.0,0.0,1.0,0.0,0,0,500,0
55000,5,0,5,0,500,0.0,0.0,1.0,0.0,0,0,500,0
55000,5,2,7,10,500,0.0,0.0,1.0,0.0,0,0,500,0
55000,5,3,8,15,500,0.03,0.016,0.936,0.018,15,8,468,9
55000,5,4,9,20,500,0.004,0.002,0.994,0.0,2,1,497,0
55000,5,5,10,4,500,0.006,0.016,0.976,0.002,3,8,488,1
55000,5,7,12,14,500,0.018,0.106,0.852,0.024,9,53,426,12
55000,5,9,14,3,500,0.012,0.008,0.98,0.0,6,4,490,0
55000,5,10,15,8,500,0.036,0.002,0.954,0.008,18,1,477,4
55000,5,11,16,13,500,0.0,0.0,1.0,0.0,0,0,500,0
55000,5,12,17,18,500,0.126,0.008,0.848,0.018,63,4,424,9
55000,5,14,19,7,500,0.04,0.06,0.83,0.07,20,30,415,35
55000,5,15,20,12,500,0.008,0.008,0.982,0.002,4,4,491,1
55000,6,1,7,6,500,0.002,0.0,0.998,0.0,1,0,499,0
55000,6,2,8,12,500,0.05,0.002,0.94,0.008,25,1,470,4
55000,6,6,12,15,500,0.004,0.012,0.978,0.006,2,6,489,3
55000,6,8,14,6,500,0.018,0.0,0.976,0.006,9,0,488,3
55000,6,9,15,12,500,0.004,0.002,0.984,0.01,2,1,492,5
55000,6,12,18,9,500,0.176,0.024,0.674,0.126,88,12,337,63
55000,6,13,19,15,500,0.006,0.002,0.99,0.002,3,1,495,1
55000,7,0,7,0,500,0.004,0.338,0.242,0.416,2,169,121,208
55000,7,1,8,7,500,0.0,0.0,1.0,0.0,0,0,500,0
55000,7,3,10,0,500,0.0,0.0,1.0,0.0,0,0,500,0
55000,7,4,11,7,500,0.0,0.0,1.0,0.0,0,0,500,0
55000,7,7,14,7,500,0.024,0.086,0.84,0.05,12,43,420,25
55000,7,8,15,14,500,0.06,0.084,0.728,0.128,30,42,364,64
55000,7,9,16,0,500,0.0,0.0,1.0,0.0,0,0,500,0
55000,7,11,18,14,500,0.012,0.06,0.91,0.018,6,30,455,9
55000,7,13,20,7,500,0.002,0.0,0.998,0.0,1,0,499,0
55000,8,0,8,0,500,0.0,0.0,1.0,0.0,0,0,500,0
55000,8,1,9,8,500,0.018,0.002,0.98,0.0,9,1,490,0
55000,8,3,11,3,500,0.012,0.0,0.986,0.002,6,0,493,1
55000,8,5,13,19,500,0.0,0.0,1.0,0.0,0,0,500,0
55000,8,6,14,6,500,0.01,0.002,0.978,0.01,5,1,489,5
55000,8,7,15,14,500,0.046,0.062,0.76,0.132,23,31,380,66
55000,8,9,17,9,500,0.002,0.004,0.994,0.0,1,2,497,0
55000,8,11,19,4,500,0.0,0.0,1.0,0.0,0,0,500,0
55000,8,12,20,12,500,0.004,0.0,0.996,0.0,2,0,498,0
55000,9,4,13,15,500,0.02,0.39,0.304,0.286,10,195,152,143
55000,9,5,14,3,500,0.0,0.004,0.996,0.0,0,2,498,0
55000,9,6,15,12,500,0.008,0.012,0.97,0.01,4,6,485,5
55000,9,7,16,0,500,0.0,0.0,1.0,0.0,0,0,500,0
55000,9,8,17,9,500,0.0,0.0,1.0,0.0,0,0,500,0
55000,9,11,20,15,500,0.036,0.608,0.22,0.136,18,304,110,68
55000,10,0,10,0,500,0.0,0.0,1.0,0.0,0,0,500,0
55000,10,1,11,10,500,0.004,0.0,0.996,0.0,2,0,498,0
55000,10,2,12,20,500,0.016,0.0,0.98,0.004,8,0,490,2
55000,10,4,14,19,500,0.028,0.004,0.968,0.0,14,2,484,0
55000,10,5,15,8,500,0.028,0.004,0.966,0.002,14,2,483,1
55000,10,6,16,18,500,0.024,0.002,0.974,0.0,12,1,487,0
55000,10,7,17,7,500,0.0,0.0,1.0,0.0,0,0,500,0
55000,10,8,18,17,500,0.096,0.006,0.854,0.044,48,3,427,22
55000,10,9,19,6,500,0.0,0.002,0.998,0.0,0,1,499,0
55000,11,0,11,0,500,0.0,0.0,1.0,0.0,0,0,500,0
55000,11,1,12,11,500,0.002,0.0,0.998,0.0,1,0,499,0
55000,11,2,13,1,500,0.026,0.408,0.212,0.354,13,204,106,177
55000,11,6,17,3,500,0.032,0.0,0.966,0.002,16,0,483,1
55000,11,8,19,4,500,0.0,0.0,1.0,0.0,0,0,500,0
55000,11,9,20,15,500,0.014,0.792,0.11,0.084,7,396,55,42
55000,12,0,12,0,500,0.0,0.0,1.0,0.0,0,0,500,0
55000,12,1,13,12,500,0.004,0.002,0.994,0.0,2,1,497,0
55000,12,4,16,6,500,0.002,0.0,0.998,0.0,1,0,499,0
55000,12,5,17,18,500,0.036,0.016,0.934,0.014,18,8,467,7
55000,12,6,18,9,500,0.182,0.024,0.668,0.126,91,12,334,63
55000,12,8,20,12,500,0.004,0.002,0.994,0.0,2,1,497,0
55000,13,1,14,13,500,0.0,0.0,1.0,0.0,0,0,500,0
55000,13,3,16,18,500,0.018,0.0,0.978,0.004,9,0,489,2
55000,13,4,17,10,500,0.006,0.0,0.994,0.0,3,0,497,0
55000,13,5,18,2,500,0.0,0.002,0.998,0.0,0,1,499,0
55000,14,0,14,0,500,0.128,0.068,0.742,0.062,64,34,371,31
55000,14,1,15,14,500,0.016,0.02,0.904,0.06,8,10,452,30
55000,14,2,16,7,500,0.0,0.0,1.0,0.0,0,0,500,0
55000,14,3,17,0,500,0.0,0.0,1.0,0.0,0,0,500,0
55000,14,4,18,14,500,0.032,0.038,0.914,0.016,16,19,457,8
55000,14,5,19,7,500,0.044,0.072,0.82,0.064,22,36,410,32
55000,15,0,15,0,500,0.002,0.0,0.998,0.0,1,0,499,0
55000,15,2,17,9,500,0.128,0.006,0.858,0.008,64,3,429,4
55000,16,0,16,0,500,0.0,0.0,1.0,0.0,0,0,500,0
55000,16,2,18,11,500,0.0,0.0,1.0,0.0,0,0,500,0
55000,16,3,19,6,500,0.0,0.0,1.0,0.0,0,0,500,0
55000,17,0,17,0,500,0.0,0.0,1.0,0.0,0,0,500,0
55000,17,1,18,17,500,0.044,0.002,0.938,0.016,22,1,469,8
55000,17,2,19,13,500,0.0,0.0,1.0,0.0,0,0,500,0
55000,17,3,20,9,500,0.0,0.004,0.996,0.0,0,2,498,0
55000,18,0,18,0,500,0.0,0.0,1.0,0.0,0,0,500,0
55000,18,2,20,15,500,0.278,0.164,0.244,0.314,139,82,122,157
55000,19,0,19,0,500,0.0,0.0,1.0,0.0,0,0,500,0
55000,19,1,20,19,500,0.142,0.046,0.746,0.066,71,23,373,33
55000,20,0,20,0,500,0.0,0.0,1.0,0.0,0,0,500,0
55500,0,2,2,0,500,0.0,0.0,1.0,0.0,0,0,500,0
55500,0,5,5,0,500,0.0,0.0,1.0,0.0,0,0,500,0
55500,0,6,6,0,500,0.004,0.002,0.982,0.012,2,1,491,6
55500,0,7,7,0,500,0.018,0.388,0.22,0.374,9,194,110,187
55500,0,8,8,0,500,0.002,0.0,0.998,0.0,1,0,499,0
55500,0,10,10,0,500,0.0,0.0,1.0,0.0,0,0,500,0
55500,0,11,11,0,500,0.0,0.0,1.0,0.0,0,0,500,0
55500,0,14,14,0,500,0.118,0.066,0.75,0.066,59,33,375,33
55500,0,15,15,0,500,0.002,0.002,0.996,0.0,1,1,498,0
55500,0,16,16,0,500,0.0,0.0,1.0,0.0,0,0,500,0
55500,0,20,20,0,500,0.0,0.0,1.0,0.0,0,0,500,0
55500,1,0,1,0,500,0.0,0.0,1.0,0.0,0,0,500,0
55500,1,1,2,1,500,0.002,0.898,0.076,0.024,1,449,38,12
55500,1,3,4,3,500,0.07,0.296,0.308,0.326,35,148,154,163
55500,1,4,5,4,500,0.012,0.0,0.976,0.012,6,0,488,6
55500,1,5,6,5,500,0.032,0.014,0.428,0.526,16,7,214,263
55500,1,7,8,7,500,0.004,0.0,0.996,0.0,2,0,498,0
55500,1,8,9,8,500,0.028,0.0,0.972,0.0,14,0,486,0
55500,1,9,10,9,500,0.0,0.006,0.994,0.0,0,3,497,0
55500,1,11,12,11,500,0.002,0.002,0.996,0.0,1,1,498,0
55500,1,13,14,13,500,0.002,0.0,0.998,0.0,1,0,499,0
55500,1,14,15,14,500,0.04,0.022,0.788,0.15,20,11,394,75
55500,1,18,19,18,500,0.148,0.036,0.728,0.088,74,18,364,44
55500,1,19,20,19,500,0.036,0.04,0.894,0.03,18,20,447,15
55500,2,3,5,6,500,0.054,0.038,0.558,0.35,27,19,279,175
55500,2,8,10,16,500,0.098,0.036,0.446,0.42,49,18,223,210
55500,2,10,12,20,500,0.002,0.01,0.988,0.0,1,5,494,0
55500,2,11,13,1,500,0.104,0.186,0.27,0.44,52,93,135,220
55500,2,12,14,3,500,0.008,0.006,0.986,0.0,4,3,493,0
55500,2,14,16,7,500,0.0,0.0,1.0,0.0,0,0,500,0
55500,2,15,17,9,500,0.186,0.01,0.766,0.038,93,5,383,19
55500,2,18,20,15,500,0.184,0.244,0.23,0.342,92,122,115,171
55500,3,0,3,0,500,0.002,0.004,0.994,0.0,1,2,497,0
55500,3,2,5,6,500,0.058,0.068,0.544,0.33,29,34,272,165
55500,3,4,7,12,500,0.142,0.028,0.82,0.01,71,14,410,5
55500,3,5,8,15,500,0.018,0.004,0.976,0.002,9,2,488,1
55500,3,6,9,18,500,0.182,0.026,0.726,0.066,91,13,363,33
55500,3,7,10,0,500,0.002,0.0,0.998,0.0,1,0,499,0
55500,3,8,11,3,500,0.018,0.002,0.98,0.0,9,1,490,0
55500,3,9,12,6,500,0.01,0.006,0.978,0.006,5,3,489,3
55500,3,10,13,9,500,0.0,0.0,1.0,0.0,0,0,500,0
55500,3,13,16,18,500,0.028,0.006,0.958,0.008,14,3,479,4
55500,3,14,17,0,500,0.0,0.0,1.0,0.0,0,0,500,0
55500,3,15,18,3,500,0.502,0.058,0.314,0.126,251,29,157,63
55500,3,16,19,6,500,0.002,0.002,0.996,0.0,1,1,498,0
55500,3,17,20,9,500,0.004,0.004,0.99,0.002,2,2,495,1
55500,4,0,4,0,500,0.0,0.0,1.0,0.0,0,0,500,0
55500,4,2,6,8,500,0.022,0.034,0.934,0.01,11,17,467,5
55500,4,5,9,20,500,0.002,0.004,0.992,0.002,1,2,496,1
55500,4,6,10,3,500,0.016,0.008,0.974,0.002,8,4,487,1
55500,4,7,11,7,500,0.0,0.0,1.0,0.0,0,0,500,0
55500,4,8,12,11,500,0.012,0.004,0.982,0.002,6,2,491,1
55500,4,9,13,15,500,0.026,0.398,0.344,0.232,13,199,172,116
55500,4,10,14,19,500,0.022,0.0,0.976,0.002,11,0,488,1
55500,4,11,15,2,500,0.002,0.008,0.974,0.016,1,4,487,8
55500,4,12,16,6,500,0.0,0.002,0.998,0.0,0,1,499,0
55500,4,13,17,10,500,0.01,0.0,0.99,0.0,5,0,495,0
55500,4,14,18,14,500,0.018,0.084,0.88,0.018,9,42,440,9
55500,4,16,20,1,500,0.0,0.0,0.996,0.004,0,0,498,2
55500,5,0,5,0,500,0.0,0.0,1.0,0.0,0,0,500,0
55500,5,2,7,10,500,0.0,0.0,1.0,0.0,0,0,500,0
55500,5,3,8,15,500,0.018,0.01,0.968,0.004,9,5,484,2
55500,5,4,9,20,500,0.0,0.002,0.998,0.0,0,1,499,0
55500,5,5,10,4,500,0.01,0.022,0.964,0.004,5,11,482,2
55500,5,7,12,14,500,0.046,0.054,0.866,0.034,23,27,433,17
55500,5,9,14,3,500,0.0,0.002,0.998,0.0,0,1,499,0
55500,5,10,15,8,500,0.018,0.0,0.978,0.004,9,0,489,2
55500,5,11,16,13,500,0.004,0.002,0.994,0.0,2,1,497,0
55500,5,12,17,18,500,0.078,0.008,0.88,0.034,39,4,440,17
55500,5,14,19,7,500,0.04,0.02,0.884,0.056,20,10,442,28
55500,5,15,20,12,500,0.018,0.006,0.974,0.002,9,3,487,1
55500,6,1,7,6,500,0.002,0.0,0.998,0.0,1,0,499,0
55500,6,2,8,12,500,0.044,0.01,0.928,0.018,22,5,464,9
55500,6,6,12,15,500,0.0,0.002,0.994,0.004,0,1,497,2
55500,6,8,14,6,500,0.01,0.0,0.988,0.002,5,0,494,1
55500,6,9,15,12,500,0.014,0.004,0.97,0.012,7,2,485,6
55500,6,12,18,9,500,0.146,0.04,0.72,0.094,73,20,360,47
55500,6,13,19,15,500,0.004,0.002,0.994,0.0,2,1,497,0
55500,7,0,7,0,500,0.008,0.394,0.21,0.388,4,197,105,194
55500,7,1,8,7,500,0.0,0.0,1.0,0.0,0,0,500,0
55500,7,3,10,0,500,0.0,0.0,1.0,0.0,0,0,500,0
55500,7,4,11,7,500,0.0,0.0,1.0,0.0,0,0,500,0
55500,7,7,14,7,500,0.016,0.054,0.866,0.064,8,27,433,32
55500,7,8,15,14,500,0.042,0.078,0.702,0.178,21,39,351,89
55500,7,9,16,0,500,0.0,0.0,1.0,0.0,0,0,500,0
55500,7,11,18,14,500,0.02,0.052,0.9,0.028,10,26,450,14
55500,7,13,20,7,500,0.0,0.002,0.998,0.0,0,1,499,0
55500,8,0,8,0,500,0.0,0.0,1.0,0.0,0,0,500,0
55500,8,1,9,8,500,0.022,0.0,0.976,0.002,11,0,488,1
55500,8,3,11,3,500,0.024,0.018,0.954,0.004,12,9,477,2
55500,8,5,13,19,500,0.0,0.002,0.998,0.0,0,1,499,0
55500,8,6,14,6,500,0.004,0.0,0.992,0.004,2,0,496,2
55500,8,7,15,14,500,0.05,0.088,0.712,0.15,25,44,356,75
55500,8,9,17,9,500,0.01,0.006,0.984,0.0,5,3,492,0
55500,8,11,19,4,500,0.0,0.0,1.0,0.0,0,0,500,0
55500,8,12,20,12,500,0.004,0.004,0.992,0.0,2,2,496,0
55500,9,4,13,15,500,0.024,0.334,0.336,0.306,12,167,168,153
55500,9,5,14,3,500,0.004,0.002,0.994,0.0,2,1,497,0
55500,9,6,15,12,500,0.022,0.008,0.956,0.014,11,4,478,7
55500,9,7,16,0,500,0.0,0.0,1.0,0.0,0,0,500,0
55500,9,8,17,9,500,0.002,0.004,0.994,0.0,1,2,497,0
55500,9,11,20,15,500,0.018,0.81,0.074,0.098,9,405,37,49
55500,10,0,10,0,500,0.0,0.0,1.0,0.0,0,0,500,0
55500,10,1,11,10,500,0.002,0.0,0.996,0.002,1,0,498,1
55500,10,2,12,20,500,0.002,0.0,0.996,0.002,1,0,498,1
55500,10,4,14,19,500,0.012,0.002,0.984,0.002,6,1,492,1
55500,10,5,15,8,500,0.012,0.0,0.988,0.0,6,0,494,0
55500,10,6,16,18,500,0.018,0.01,0.964,0.008,9,5,482,4
55500,10,7,17,7,500,0.0,0.0,1.0,0.0,0,0,500,0
55500,10,8,18,17,500,0.116,0.002,0.846,0.036,58,1,423,18
55500,10,9,19,6,500,0.0,0.0,1.0,0.0,0,0,500,0
55500,11,0,11,0,500,0.0,0.0,1.0,0.0,0,0,500,0
55500,11,1,12,11,500,0.008,0.0,0.99,0.002,4,0,495,1
55500,11,2,13,1,500,0.032,0.34,0.278,0.35,16,170,139,175
55500,11,6,17,3,500,0.016,0.002,0.978,0.004,8,1,489,2
55500,11,8,19,4,500,0.0,0.0,1.0,0.0,0,0,500,0
55500,11,9,20,15,500,0.012,0.786,0.098,0.104,6,393,49,52
55500,12,0,12,0,500,0.0,0.0,1.0,0.0,0,0,500,0
55500,12,1,13,12,500,0.002,0.004,0.994,0.0,1,2,497,0
55500,12,4,16,6,500,0.0,0.006,0.994,0.0,0,3,497,0
55500,12,5,17,18,500,0.036,0.018,0.932,0.014,18,9,466,7
55500,12,6,18,9,500,0.168,0.046,0.712,0.074,84,23,356,37
55500,12,8,20,12,500,0.0,0.0,0.996,0.004,0,0,498,2
55500,13,1,14,13,500,0.0,0.0,1.0,0.0,0,0,500,0
55500,13,3,16,18,500,0.026,0.008,0.948,0.018,13,4,474,9
55500,13,4,17,10,500,0.012,0.0,0.986,0.002,6,0,493,1
55500,13,5,18,2,500,0.0,0.002,0.998,0.0,0,1,499,0
55500,14,0,14,0,500,0.136,0.072,0.696,0.096,68,36,348,48
55500,14,1,15,14,500,0.03,0.012,0.804,0.154,15,6,402,77
55500,14,2,16,7,500,0.0,0.0,1.0,0.0,0,0,500,0
55500,14,3,17,0,500,0.0,0.004,0.996,0.0,0,2,498,0
55500,14,4,18,14,500,0.024,0.084,0.862,0.03,12,42,431,15
55500,14,5,19,7,500,0.042,0.034,0.902,0.022,21,17,451,11
55500,15,0,15,0,500,0.0,0.002,0.998,0.0,0,1,499,0
55500,15,2,17,9,500,0.17,0.016,0.79,0.024,85,8,395,12
55500,16,0,16,0,500,0.0,0.0,1.0,0.0,0,0,500,0
55500,16,2,18,11,500,0.0,0.0,1.0,0.0,0,0,500,0
55500,16,3,19,6,500,0.0,0.002,0.998,0.0,0,1,499,0
55500,17,0,17,0,500,0.0,0.0,1.0,0.0,0,0,500,0
55500,17,1,18,17,500,0.044,0.006,0.938,0.012,22,3,469,6
55500,17,2,19,13,500,0.0,0.0,1.0,0.0,0,0,500,0
55500,17,3,20,9,500,0.002,0.006,0.992,0.0,1,3,496,0
55500,18,0,18,0,500,0.0,0.002,0.998,0.0,0,1,499,0
55500,18,2,20,15,500,0.226,0.228,0.238,0.308,113,114,119,154
55500,19,0,19,0,500,0.0,0.0,1.0,0.0,0,0,500,0
55500,19,1,20,19,500,0.184,0.022,0.776,0.018,92,11,388,9
55500,20,0,20,0,500,0.0,0.0,1.0,0.0,0,0,500,0
56000,0,2,2,0,500,0.0,0.0,1.0,0.0,0,0,500,0
56000,0,5,5,0,500,0.0,0.0,1.0,0.0,0,0,500,0
56000,0,6,6,0,500,0.004,0.006,0.976,0.014,2,3,488,7
56000,0,7,7,0,500,0.01,0.41,0.236,0.344,5,205,118,172
56000,0,8,8,0,500,0.0,0.0,1.0,0.0,0,0,500,0
56000,0,10,10,0,500,0.0,0.0,1.0,0.0,0,0,500,0
56000,0,11,11,0,500,0.0,0.0,1.0,0.0,0,0,500,0
56000,0,14,14,0,500,0.116,0.058,0.756,0.07,58,29,378,35
56000,0,15,15,0,500,0.002,0.0,0.998,0.0,1,0,499,0
56000,0,16,16,0,500,0.0,0.0,1.0,0.0,0,0,500,0
56000,0,20,20,0,500,0.0,0.0,1.0,0.0,0,0,500,0
56000,1,0,1,0,500,0.0,0.0,1.0,0.0,0,0,500,0
56000,1,1,2,1,500,0.002,0.55,0.218,0.23,1,275,109,115
56000,1,3,4,3,500,0.05,0.32,0.29,0.34,25,160,145,170
56000,1,4,5,4,500,0.012,0.002,0.984,0.002,6,1,492,1
56000,1,5,6,5,500,0.018,0.072,0.324,0.586,9,36,162,293
56000,1,7,8,7,500,0.0,0.0,1.0,0.0,0,0,500,0
56000,1,8,9,8,500,0.016,0.0,0.984,0.0,8,0,492,0
56000,1,9,10,9,500,0.004,0.002,0.994,0.0,2,1,497,0
56000,1,11,12,11,500,0.004,0.002,0.994,0.0,2,1,497,0
56000,1,13,14,13,500,0.0,0.0,1.0,0.0,0,0,500,0
56000,1,14,15,14,500,0.012,0.046,0.72,0.222,6,23,360,111
56000,1,18,19,18,500,0.146,0.062,0.74,0.052,73,31,370,26
56000,1,19,20,19,500,0.006,0.028,0.94,0.026,3,14,470,13
56000,2,3,5,6,500,0.036,0.094,0.406,0.464,18,47,203,232
56000,2,8,10,16,500,0.074,0.022,0.542,0.362,37,11,271,181
56000,2,10,12,20,500,0.0,0.002,0.998,0.0,0,1,499,0
56000,2,11,13,1,500,0.164,0.108,0.282,0.446,82,54,141,223
56000,2,12,14,3,500,0.006,0.016,0.978,0.0,3,8,489,0
56000,2,14,16,7,500,0.0,0.0,1.0,0.0,0,0,500,0
56000,2,15,17,9,500,0.084,0.022,0.89,0.004,42,11,445,2
56000,2,18,20,15,500,0.192,0.202,0.282,0.324,96,101,141,162
56000,3,0,3,0,500,0.0,0.01,0.988,0.002,0,5,494,1
56000,3,2,5,6,500,0.042,0.092,0.486,0.38,21,46,243,190
56000,3,4,7,12,500,0.156,0.032,0.756,0.056,78,16,378,28
56000,3,5,8,15,500,0.018,0.012,0.962,0.008,9,6,481,4
56000,3,6,9,18,500,0.176,0.048,0.682,0.094,88,24,341,47
56000,3,7,10,0,500,0.0,0.0,1.0,0.0,0,0,500,0
56000,3,8,11,3,500,0.014,0.01,0.97,0.006,7,5,485,3
56000,3,9,12,6,500,0.006,0.0,0.994,0.0,3,0,497,0
56000,3,10,13,9,500,0.0,0.004,0.996,0.0,0,2,498,0
56000,3,13,16,18,500,0.024,0.006,0.966,0.004,12,3,483,2
56000,3,14,17,0,500,0.0,0.0,1.0,0.0,0,0,500,0
56000,3,15,18,3,500,0.504,0.098,0.294,0.104,252,49,147,52
56000,3,16,19,6,500,0.002,0.0,0.998,0.0,1,0,499,0
56000,3,17,20,9,500,0.002,0.008,0.99,0.0,1,4,495,0
56000,4,0,4,0,500,0.0,0.0,1.0,0.0,0,0,500,0
56000,4,2,6,8,500,0.036,0.016,0.944,0.004,18,8,472,2
56000,4,5,9,20,500,0.0,0.004,0.996,0.0,0,2,498,0
56000,4,6,10,3,500,0.02,0.012,0.96,0.008,10,6,480,4
56000,4,7,11,7,500,0.0,0.0,1.0,0.0,0,0,500,0
56000,4,8,12,11,500,0.014,0.004,0.978,0.004,7,2,489,2
56000,4,9,13,15,500,0.038,0.376,0.36,0.226,19,188,180,113
56000,4,10,14,19,500,0.034,0.01,0.956,0.0,17,5,478,0
56000,4,11,15,2,500,0.0,0.0,1.0,0.0,0,0,500,0
56000,4,12,16,6,500,0.0,0.002,0.998,0.0,0,1,499,0
56000,4,13,17,10,500,0.01,0.0,0.988,0.002,5,0,494,1
56000,4,14,18,14,500,0.016,0.076,0.894,0.014,8,38,447,7
56000,4,16,20,1,500,0.0,0.0,1.0,0.0,0,0,500,0
56000,5,0,5,0,500,0.0,0.0,1.0,0.0,0,0,500,0
56000,5,2,7,10,500,0.0,0.0,1.0,0.0,0,0,500,0
56000,5,3,8,15,500,0.018,0.018,0.948,0.016,9,9,474,8
56000,5,4,9,20,500,0.0,0.002,0.998,0.0,0,1,499,0
56000,5,5,10,4,500,0.004,0.022,0.972,0.002,2,11,486,1
56000,5,7,12,14,500,0.012,0.038,0.94,0.01,6,19,470,5
56000,5,9,14,3,500,0.008,0.018,0.974,0.0,4,9,487,0
56000,5,10,15,8,500,0.018,0.002,0.976,0.004,9,1,488,2
56000,5,11,16,13,500,0.0,0.0,1.0,0.0,0,0,500,0
56000,5,12,17,18,500,0.088,0.012,0.892,0.008,44,6,446,4
56000,5,14,19,7,500,0.022,0.048,0.902,0.028,11,24,451,14
56000,5,15,20,12,500,0.006,0.012,0.98,0.002,3,6,490,1
56000,6,1,7,6,500,0.006,0.002,0.992,0.0,3,1,496,0
56000,6,2,8,12,500,0.036,0.002,0.944,0.018,18,1,472,9
56000,6,6,12,15,500,0.02,0.006,0.968,0.006,10,3,484,3
56000,6,8,14,6,500,0.01,0.0,0.986,0.004,5,0,493,2
56000,6,9,15,12,500,0.036,0.006,0.944,0.014,18,3,472,7
56000,6,12,18,9,500,0.108,0.054,0.774,0.064,54,27,387,32
56000,6,13,19,15,500,0.018,0.01,0.972,0.0,9,5,486,0
56000,7,0,7,0,500,0.004,0.372,0.256,0.368,2,186,128,184
56000,7,1,8,7,500,0.002,0.0,0.996,0.002,1,0,498,1
56000,7,3,10,0,500,0.0,0.0,1.0,0.0,0,0,500,0
56000,7,4,11,7,500,0.0,0.0,1.0,0.0,0,0,500,0
56000,7,7,14,7,500,0.024,0.048,0.862,0.066,12,24,431,33
56000,7,8,15,14,500,0.042,0.088,0.668,0.202,21,44,334,101
56000,7,9,16,0,500,0.0,0.0,1.0,0.0,0,0,500,0
56000,7,11,18,14,500,0.008,0.048,0.934,0.01,4,24,467,5
56000,7,13,20,7,500,0.0,0.0,1.0,0.0,0,0,500,0
56000,8,0,8,0,500,0.0,0.0,1.0,0.0,0,0,500,0
56000,8,1,9,8,500,0.018,0.004,0.97,0.008,9,2,485,4
56000,8,3,11,3,500,0.016,0.002,0.976,0.006,8,1,488,3
56000,8,5,13,19,500,0.0,0.0,1.0,0.0,0,0,500,0
56000,8,6,14,6,500,0.004,0.004,0.986,0.006,2,2,493,3
56000,8,7,15,14,500,0.052,0.06,0.742,0.146,26,30,371,73
56000,8,9,17,9,500,0.006,0.004,0.99,0.0,3,2,495,0
56000,8,11,19,4,500,0.0,0.0,0.998,0.002,0,0,499,1
56000,8,12,20,12,500,0.0,0.008,0.992,0.0,0,4,496,0
56000,9,4,13,15,500,0.09,0.21,0.424,0.276,45,105,212,138
56000,9,5,14,3,500,0.004,0.016,0.98,0.0,2,8,490,0
56000,9,6,15,12,500,0.028,0.006,0.956,0.01,14,3,478,5
56000,9,7,16,0,500,0.0,0.0,1.0,0.0,0,0,500,0
56000,9,8,17,9,500,0.004,0.012,0.984,0.0,2,6,492,0
56000,9,11,20,15,500,0.006,0.828,0.102,0.064,3,414,51,32
56000,10,0,10,0,500,0.0,0.0,1.0,0.0,0,0,500,0
56000,10,1,11,10,500,0.004,0.0,0.996,0.0,2,0,498,0
56000,10,2,12,20,500,0.002,0.0,0.998,0.0,1,0,499,0
56000,10,4,14,19,500,0.032,0.0,0.968,0.0,16,0,484,0
56000,10,5,15,8,500,0.008,0.0,0.988,0.004,4,0,494,2
56000,10,6,16,18,500,0.01,0.0,0.976,0.014,5,0,488,7
56000,10,7,17,7,500,0.0,0.002,0.998,0.0,0,1,499,0
56000,10,8,18,17,500,0.072,0.0,0.914,0.014,36,0,457,7
56000,10,9,19,6,500,0.0,0.004,0.996,0.0,0,2,498,0
56000,11,0,11,0,500,0.0,0.0,1.0,0.0,0,0,500,0
56000,11,1,12,11,500,0.008,0.002,0.988,0.002,4,1,494,1
56000,11,2,13,1,500,0.072,0.172,0.32,0.436,36,86,160,218
56000,11,6,17,3,500,0.008,0.012,0.98,0.0,4,6,490,0
56000,11,8,19,4,500,0.0,0.0,1.0,0.0,0,0,500,0
56000,11,9,20,15,500,0.018,0.772,0.134,0.076,9,386,67,38
56000,12,0,12,0,500,0.002,0.002,0.996,0.0,1,1,498,0
56000,12,1,13,12,500,0.002,0.004,0.992,0.002,1,2,496,1
56000,12,4,16,6,500,0.0,0.0,0.998,0.002,0,0,499,1
56000,12,5,17,18,500,0.026,0.006,0.966,0.002,13,3,483,1
56000,12,6,18,9,500,0.148,0.064,0.664,0.124,74,32,332,62
56000,12,8,20,12,500,0.0,0.004,0.996,0.0,0,2,498,0
56000,13,1,14,13,500,0.0,0.0,1.0,0.0,0,0,500,0
56000,13,3,16,18,500,0.018,0.004,0.972,0.006,9,2,486,3
56000,13,4,17,10,500,0.006,0.0,0.992,0.002,3,0,496,1
56000,13,5,18,2,500,0.0,0.006,0.994,0.0,0,3,497,0
56000,14,0,14,0,500,0.066,0.072,0.756,0.106,33,36,378,53
56000,14,1,15,14,500,0.018,0.016,0.772,0.194,9,8,386,97
56000,14,2,16,7,500,0.0,0.0,1.0,0.0,0,0,500,0
56000,14,3,17,0,500,0.0,0.0,1.0,0.0,0,0,500,0
56000,14,4,18,14,500,0.014,0.046,0.926,0.014,7,23,463,7
56000,14,5,19,7,500,0.028,0.038,0.888,0.046,14,19,444,23
56000,15,0,15,0,500,0.004,0.002,0.994,0.0,2,1,497,0
56000,15,2,17,9,500,0.094,0.008,0.894,0.004,47,4,447,2
56000,16,0,16,0,500,0.0,0.0,1.0,0.0,0,0,500,0
56000,16,2,18,11,500,0.0,0.0,1.0,0.0,0,0,500,0
56000,16,3,19,6,500,0.0,0.0,1.0,0.0,0,0,500,0
56000,17,0,17,0,500,0.0,0.0,1.0,0.0,0,0,500,0
56000,17,1,18,17,500,0.016,0.002,0.982,0.0,8,1,491,0
56000,17,2,19,13,500,0.0,0.0,1.0,0.0,0,0,500,0
56000,17,3,20,9,500,0.0,0.006,0.994,0.0,0,3,497,0
56000,18,0,18,0,500,0.0,0.0,1.0,0.0,0,0,500,0
56000,18,2,20,15,500,0.198,0.188,0.288,0.326,99,94,144,163
56000,19,0,19,0,500,0.0,0.002,0.998,0.0,0,1,499,0
56000,19,1,20,19,500,0.068,0.012,0.884,0.036,34,6,442,18
56000,20,0,20,0,500,0.0,0.0,1.0,0.0,0,0,500,0
56500,0,2,2,0,500,0.0,0.0,1.0,0.0,0,0,500,0
56500,0,5,5,0,500,0.0,0.0,1.0,0.0,0,0,500,0
56500,0,6,6,0,500,0.01,0.0,0.982,0.008,5,0,491,4
56500,0,7,7,0,500,0.1,0.276,0.256,0.368,50,138,128,184
56500,0,8,8,0,500,0.002,0.0,0.998,0.0,1,0,499,0
56500,0,10,10,0,500,0.0,0.0,1.0,0.0,0,0,500,0
56500,0,11,11,0,500,0.0,0.0,1.0,0.0,0,0,500,0
56500,0,14,14,0,500,0.052,0.036,0.874,0.038,26,18,437,19
56500,0,15,15,0,500,0.012,0.0,0.988,0.0,6,0,494,0
56500,0,16,16,0,500,0.0,0.0,1.0,0.0,0,0,500,0
56500,0,20,20,0,500,0.0,0.0,1.0,0.0,0,0,500,0
56500,1,0,1,0,500,0.0,0.0,1.0,0.0,0,0,500,0
56500,1,1,2,1,500,0.004,0.524,0.24,0.232,2,262,120,116
56500,1,3,4,3,500,0.086,0.274,0.27,0.37,43,137,135,185
56500,1,4,5,4,500,0.008,0.0,0.992,0.0,4,0,496,0
56500,1,5,6,5,500,0.022,0.048,0.48,0.45,11,24,240,225
56500,1,7,8,7,500,0.0,0.0,1.0,0.0,0,0,500,0
56500,1,8,9,8,500,0.014,0.0,0.986,0.0,7,0,493,0
56500,1,9,10,9,500,0.0,0.004,0.996,0.0,0,2,498,0
56500,1,11,12,11,500,0.002,0.0,0.996,0.002,1,0,498,1
56500,1,13,14,13,500,0.006,0.0,0.994,0.0,3,0,497,0
56500,1,14,15,14,500,0.09,0.02,0.604,0.286,45,10,302,143
56500,1,18,19,18,500,0.194,0.086,0.596,0.124,97,43,298,62
56500,1,19,20,19,500,0.076,0.098,0.742,0.084,38,49,371,42
56500,2,3,5,6,500,0.06,0.046,0.538,0.356,30,23,269,178
56500,2,8,10,16,500,0.116,0.012,0.54,0.332,58,6,270,166
56500,2,10,12,20,500,0.0,0.0,1.0,0.0,0,0,500,0
56500,2,11,13,1,500,0.096,0.144,0.316,0.444,48,72,158,222
56500,2,12,14,3,500,0.012,0.0,0.988,0.0,6,0,494,0
56500,2,14,16,7,500,0.0,0.0,0.998,0.002,0,0,499,1
56500,2,15,17,9,500,0.154,0.012,0.804,0.03,77,6,402,15
56500,2,18,20,15,500,0.19,0.228,0.3,0.282,95,114,150,141
56500,3,0,3,0,500,0.002,0.006,0.992,0.0,1,3,496,0
56500,3,2,5,6,500,0.104,0.056,0.466,0.374,52,28,233,187
56500,3,4,7,12,500,0.058,0.03,0.904,0.008,29,15,452,4
56500,3,5,8,15,500,0.02,0.01,0.962,0.008,10,5,481,4
56500,3,6,9,18,500,0.17,0.042,0.738,0.05,85,21,369,25
56500,3,7,10,0,500,0.0,0.0,1.0,0.0,0,0,500,0
56500,3,8,11,3,500,0.016,0.002,0.982,0.0,8,1,491,0
56500,3,9,12,6,500,0.008,0.006,0.986,0.0,4,3,493,0
56500,3,10,13,9,500,0.0,0.0,1.0,0.0,0,0,500,0
56500,3,13,16,18,500,0.026,0.0,0.964,0.01,13,0,482,5
56500,3,14,17,0,500,0.002,0.0,0.998,0.0,1,0,499,0
56500,3,15,18,3,500,0.492,0.094,0.282,0.132,246,47,141,66
56500,3,16,19,6,500,0.0,0.0,1.0,0.0,0,0,500,0
56500,3,17,20,9,500,0.004,0.008,0.988,0.0,2,4,494,0
56500,4,0,4,0,500,0.0,0.0,1.0,0.0,0,0,500,0
56500,4,2,6,8,500,0.016,0.026,0.954,0.004,8,13,477,2
56500,4,5,9,20,500,0.0,0.0,1.0,0.0,0,0,500,0
56500,4,6,10,3,500,0.088,0.036,0.852,0.024,44,18,426,12
56500,4,7,11,7,500,0.0,0.0,1.0,0.0,0,0,500,0
56500,4,8,12,11,500,0.006,0.002,0.992,0.0,3,1,496,0
56500,4,9,13,15,500,0.048,0.32,0.384,0.248,24,160,192,124
56500,4,10,14,19,500,0.016,0.008,0.972,0.004,8,4,486,2
56500,4,11,15,2,500,0.004,0.0,0.986,0.01,2,0,493,5
56500,4,12,16,6,500,0.0,0.006,0.992,0.002,0,3,496,1
56500,4,13,17,10,500,0.0,0.0,1.0,0.0,0,0,500,0
56500,4,14,18,14,500,0.008,0.014,0.974,0.004,4,7,487,2
56500,4,16,20,1,500,0.0,0.0,1.0,0.0,0,0,500,0
56500,5,0,5,0,500,0.0,0.0,1.0,0.0,0,0,500,0
56500,5,2,7,10,500,0.0,0.0,1.0,0.0,0,0,500,0
56500,5,3,8,15,500,0.018,0.01,0.964,0.008,9,5,482,4
56500,5,4,9,20,500,0.0,0.0,1.0,0.0,0,0,500,0
56500,5,5,10,4,500,0.112,0.102,0.726,0.06,56,51,363,30
56500,5,7,12,14,500,0.042,0.066,0.864,0.028,21,33,432,14
56500,5,9,14,3,500,0.004,0.0,0.996,0.0,2,0,498,0
56500,5,10,15,8,500,0.014,0.002,0.978,0.006,7,1,489,3
56500,5,11,16,13,500,0.0,0.0,1.0,0.0,0,0,500,0
56500,5,12,17,18,500,0.038,0.018,0.93,0.014,19,9,465,7
56500,5,14,19,7,500,0.026,0.028,0.9,0.046,13,14,450,23
56500,5,15,20,12,500,0.012,0.016,0.972,0.0,6,8,486,0
56500,6,1,7,6,500,0.0,0.002,0.998,0.0,0,1,499,0
56500,6,2,8,12,500,0.022,0.006,0.968,0.004,11,3,484,2
56500,6,6,12,15,500,0.016,0.002,0.976,0.006,8,1,488,3
56500,6,8,14,6,500,0.012,0.002,0.974,0.012,6,1,487,6
56500,6,9,15,12,500,0.012,0.006,0.97,0.012,6,3,485,6
56500,6,12,18,9,500,0.08,0.066,0.808,0.046,40,33,404,23
56500,6,13,19,15,500,0.014,0.008,0.974,0.004,7,4,487,2
56500,7,0,7,0,500,0.018,0.29,0.318,0.374,9,145,159,187
56500,7,1,8,7,500,0.0,0.0,1.0,0.0,0,0,500,0
56500,7,3,10,0,500,0.0,0.0,1.0,0.0,0,0,500,0
56500,7,4,11,7,500,0.0,0.0,1.0,0.0,0,0,500,0
56500,7,7,14,7,500,0.036,0.054,0.838,0.072,18,27,419,36
56500,7,8,15,14,500,0.064,0.078,0.71,0.148,32,39,355,74
56500,7,9,16,0,500,0.0,0.0,1.0,0.0,0,0,500,0
56500,7,11,18,14,500,0.006,0.044,0.942,0.008,3,22,471,4
56500,7,13,20,7,500,0.002,0.0,0.998,0.0,1,0,499,0
56500,8,0,8,0,500,0.0,0.0,1.0,0.0,0,0,500,0
56500,8,1,9,8,500,0.016,0.0,0.982,0.002,8,0,491,1
56500,8,3,11,3,500,0.018,0.014,0.964,0.004,9,7,482,2
56500,8,5,13,19,500,0.0,0.0,1.0,0.0,0,0,500,0
56500,8,6,14,6,500,0.014,0.0,0.98,0.006,7,0,490,3
56500,8,7,15,14,500,0.052,0.082,0.704,0.162,26,41,352,81
56500,8,9,17,9,500,0.006,0.018,0.976,0.0,3,9,488,0
56500,8,11,19,4,500,0.0,0.0,1.0,0.0,0,0,500,0
56500,8,12,20,12,500,0.002,0.012,0.986,0.0,1,6,493,0
56500,9,4,13,15,500,0.04,0.27,0.39,0.3,20,135,195,150
56500,9,5,14,3,500,0.0,0.002,0.998,0.0,0,1,499,0
56500,9,6,15,12,500,0.01,0.004,0.976,0.01,5,2,488,5
56500,9,7,16,0,500,0.0,0.0,1.0,0.0,0,0,500,0
56500,9,8,17,9,500,0.0,0.012,0.988,0.0,0,6,494,0
56500,9,11,20,15,500,0.022,0.786,0.09,0.102,11,393,45,51
56500,10,0,10,0,500,0.0,0.0,1.0,0.0,0,0,500,0
56500,10,1,11,10,500,0.006,0.0,0.992,0.002,3,0,496,1
56500,10,2,12,20,500,0.008,0.0,0.992,0.0,4,0,496,0
56500,10,4,14,19,500,0.02,0.006,0.974,0.0,10,3,487,0
56500,10,5,15,8,500,0.018,0.002,0.978,0.002,9,1,489,1
56500,10,6,16,18,500,0.016,0.0,0.974,0.01,8,0,487,5
56500,10,7,17,7,500,0.0,0.0,1.0,0.0,0,0,500,0
56500,10,8,18,17,500,0.092,0.0,0.884,0.024,46,0,442,12
56500,10,9,19,6,500,0.0,0.0,1.0,0.0,0,0,500,0
56500,11,0,11,0,500,0.0,0.0,1.0,0.0,0,0,500,0
56500,11,1,12,11,500,0.008,0.002,0.99,0.0,4,1,495,0
56500,11,2,13,1,500,0.06,0.268,0.296,0.376,30,134,148,188
56500,11,6,17,3,500,0.02,0.0,0.976,0.004,10,0,488,2
56500,11,8,19,4,500,0.0,0.0,1.0,0.0,0,0,500,0
56500,11,9,20,15,500,0.008,0.828,0.074,0.09,4,414,37,45
56500,12,0,12,0,500,0.016,0.002,0.982,0.0,8,1,491,0
56500,12,1,13,12,500,0.006,0.002,0.992,0.0,3,1,496,0
56500,12,4,16,6,500,0.0,0.0,1.0,0.0,0,0,500,0
56500,12,5,17,18,500,0.044,0.016,0.932,0.008,22,8,466,4
56500,12,6,18,9,500,0.114,0.044,0.782,0.06,57,22,391,30
56500,12,8,20,12,500,0.0,0.004,0.996,0.0,0,2,498,0
56500,13,1,14,13,500,0.004,0.0,0.996,0.0,2,0,498,0
56500,13,3,16,18,500,0.012,0.0,0.98,0.008,6,0,490,4
56500,13,4,17,10,500,0.0,0.0,1.0,0.0,0,0,500,0
56500,13,5,18,2,500,0.002,0.004,0.992,0.002,1,2,496,1
56500,14,0,14,0,500,0.06,0.028,0.868,0.044,30,14,434,22
56500,14,1,15,14,500,0.124,0.01,0.61,0.256,62,5,305,128
56500,14,2,16,7,500,0.0,0.0,1.0,0.0,0,0,500,0
56500,14,3,17,0,500,0.004,0.0,0.996,0.0,2,0,498,0
56500,14,4,18,14,500,0.002,0.044,0.946,0.008,1,22,473,4
56500,14,5,19,7,500,0.016,0.096,0.81,0.078,8,48,405,39
56500,15,0,15,0,500,0.002,0.002,0.996,0.0,1,1,498,0
56500,15,2,17,9,500,0.148,0.016,0.804,0.032,74,8,402,16
56500,16,0,16,0,500,0.0,0.0,1.0,0.0,0,0,500,0
56500,16,2,18,11,500,0.0,0.004,0.996,0.0,0,2,498,0
56500,16,3,19,6,500,0.002,0.002,0.996,0.0,1,1,498,0
56500,17,0,17,0,500,0.0,0.0,1.0,0.0,0,0,500,0
56500,17,1,18,17,500,0.042,0.004,0.946,0.008,21,2,473,4
56500,17,2,19,13,500,0.0,0.0,1.0,0.0,0,0,500,0
56500,17,3,20,9,500,0.002,0.006,0.992,0.0,1,3,496,0
56500,18,0,18,0,500,0.0,0.002,0.998,0.0,0,1,499,0
56500,18,2,20,15,500,0.164,0.296,0.274,0.266,82,148,137,133
56500,19,0,19,0,500,0.0,0.0,1.0,0.0,0,0,500,0
56500,19,1,20,19,500,0.138,0.062,0.724,0.076,69,31,362,38
56500,20,0,20,0,500,0.0,0.0,1.0,0.0,0,0,500,0
57000,0,2,2,0,500,0.0,0.0,1.0,0.0,0,0,500,0
57000,0,5,5,0,500,0.0,0.0,1.0,0.0,0,0,500,0
57000,0,6,6,0,500,0.004,0.002,0.98,0.014,2,1,490,7
57000,0,7,7,0,500,0.01,0.378,0.286,0.326,5,189,143,163
57000,0,8,8,0,500,0.0,0.0,1.0,0.0,0,0,500,0
57000,0,10,10,0,500,0.0,0.0,1.0,0.0,0,0,500,0
57000,0,11,11,0,500,0.0,0.0,1.0,0.0,0,0,500,0
57000,0,14,14,0,500,0.052,0.07,0.816,0.062,26,35,408,31
57000,0,15,15,0,500,0.0,0.0,1.0,0.0,0,0,500,0
57000,0,16,16,0,500,0.0,0.0,1.0,0.0,0,0,500,0
57000,0,20,20,0,500,0.0,0.0,1.0,0.0,0,0,500,0
57000,1,0,1,0,500,0.0,0.0,1.0,0.0,0,0,500,0
57000,1,1,2,1,500,0.002,0.67,0.146,0.182,1,335,73,91
57000,1,3,4,3,500,0.092,0.216,0.312,0.38,46,108,156,190
57000,1,4,5,4,500,0.35,0.006,0.616,0.028,175,3,308,14
57000,1,5,6,5,500,0.036,0.056,0.344,0.564,18,28,172,282
57000,1,7,8,7,500,0.004,0.0,0.996,0.0,2,0,498,0
57000,1,8,9,8,500,0.018,0.002,0.98,0.0,9,1,490,0
57000,1,9,10,9,500,0.0,0.004,0.996,0.0,0,2,498,0
57000,1,11,12,11,500,0.002,0.0,0.998,0.0,1,0,499,0
57000,1,13,14,13,500,0.004,0.0,0.996,0.0,2,0,498,0
57000,1,14,15,14,500,0.082,0.028,0.604,0.286,41,14,302,143
57000,1,18,19,18,500,0.094,0.078,0.724,0.104,47,39,362,52
57000,1,19,20,19,500,0.026,0.036,0.91,0.028,13,18,455,14
57000,2,3,5,6,500,0.034,0.088,0.474,0.404,17,44,237,202
57000,2,8,10,16,500,0.092,0.022,0.582,0.304,46,11,291,152
57000,2,10,12,20,500,0.0,0.0,1.0,0.0,0,0,500,0
57000,2,11,13,1,500,0.036,0.468,0.188,0.308,18,234,94,154
57000,2,12,14,3,500,0.002,0.004,0.994,0.0,1,2,497,0
57000,2,14,16,7,500,0.0,0.0,1.0,0.0,0,0,500,0
57000,2,15,17,9,500,0.078,0.004,0.904,0.014,39,2,452,7
57000,2,18,20,15,500,0.184,0.208,0.282,0.326,92,104,141,163
57000,3,0,3,0,500,0.002,0.018,0.98,0.0,1,9,490,0
57000,3,2,5,6,500,0.05,0.064,0.462,0.424,25,32,231,212
57000,3,4,7,12,500,0.102,0.032,0.864,0.002,51,16,432,1
57000,3,5,8,15,500,0.022,0.018,0.94,0.02,11,9,470,10
57000,3,6,9,18,500,0.11,0.032,0.824,0.034,55,16,412,17
57000,3,7,10,0,500,0.0,0.0,1.0,0.0,0,0,500,0
57000,3,8,11,3,500,0.02,0.016,0.96,0.004,10,8,480,2
57000,3,9,12,6,500,0.0,0.008,0.992,0.0,0,4,496,0
57000,3,10,13,9,500,0.0,0.0,1.0,0.0,0,0,500,0
57000,3,13,16,18,500,0.018,0.004,0.976,0.002,9,2,488,1
57000,3,14,17,0,500,0.0,0.004,0.996,0.0,0,2,498,0
57000,3,15,18,3,500,0.508,0.072,0.326,0.094,254,36,163,47
57000,3,16,19,6,500,0.0,0.0,1.0,0.0,0,0,500,0
57000,3,17,20,9,500,0.002,0.004,0.994,0.0,1,2,497,0
57000,4,0,4,0,500,0.0,0.0,1.0,0.0,0,0,500,0
57000,4,2,6,8,500,0.018,0.024,0.95,0.008,9,12,475,4
57000,4,5,9,20,500,0.0,0.0,1.0,0.0,0,0,500,0
57000,4,6,10,3,500,0.032,0.01,0.954,0.004,16,5,477,2
57000,4,7,11,7,500,0.0,0.0,1.0,0.0,0,0,500,0
57000,4,8,12,11,500,0.014,0.024,0.958,0.004,7,12,479,2
57000,4,9,13,15,500,0.032,0.29,0.416,0.262,16,145,208,131
57000,4,10,14,19,500,0.004,0.002,0.994,0.0,2,1,497,0
57000,4,11,15,2,500,0.0,0.006,0.992,0.002,0,3,496,1
57000,4,12,16,6,500,0.0,0.0,0.998,0.002,0,0,499,1
57000,4,13,17,10,500,0.012,0.0,0.988,0.0,6,0,494,0
57000,4,14,18,14,500,0.01,0.088,0.888,0.014,5,44,444,7
57000,4,16,20,1,500,0.0,0.0,1.0,0.0,0,0,500,0
57000,5,0,5,0,500,0.0,0.0,1.0,0.0,0,0,500,0
57000,5,2,7,10,500,0.0,0.0,1.0,0.0,0,0,500,0
57000,5,3,8,15,500,0.028,0.012,0.938,0.022,14,6,469,11
57000,5,4,9,20,500,0.0,0.0,1.0,0.0,0,0,500,0
57000,5,5,10,4,500,0.044,0.016,0.928,0.012,22,8,464,6
57000,5,7,12,14,500,0.016,0.08,0.874,0.03,8,40,437,15
57000,5,9,14,3,500,0.004,0.006,0.99,0.0,2,3,495,0
57000,5,10,15,8,500,0.04,0.01,0.942,0.008,20,5,471,4
57000,5,11,16,13,500,0.002,0.0,0.996,0.002,1,0,498,1
57000,5,12,17,18,500,0.06,0.032,0.898,0.01,30,16,449,5
57000,5,14,19,7,500,0.058,0.036,0.878,0.028,29,18,439,14
57000,5,15,20,12,500,0.0,0.018,0.98,0.002,0,9,490,1
57000,6,1,7,6,500,0.0,0.002,0.998,0.0,0,1,499,0
57000,6,2,8,12,500,0.064,0.004,0.914,0.018,32,2,457,9
57000,6,6,12,15,500,0.004,0.004,0.984,0.008,2,2,492,4
57000,6,8,14,6,500,0.014,0.002,0.98,0.004,7,1,490,2
57000,6,9,15,12,500,0.014,0.012,0.954,0.02,7,6,477,10
57000,6,12,18,9,500,0.068,0.05,0.862,0.02,34,25,431,10
57000,6,13,19,15,500,0.008,0.002,0.99,0.0,4,1,495,0
57000,7,0,7,0,500,0.0,0.376,0.274,0.35,0,188,137,175
57000,7,1,8,7,500,0.002,0.0,0.998,0.0,1,0,499,0
57000,7,3,10,0,500,0.0,0.0,1.0,0.0,0,0,500,0
57000,7,4,11,7,500,0.0,0.0,1.0,0.0,0,0,500,0
57000,7,7,14,7,500,0.014,0.12,0.75,0.116,7,60,375,58
57000,7,8,15,14,500,0.036,0.096,0.728,0.14,18,48,364,70
57000,7,9,16,0,500,0.0,0.0,1.0,0.0,0,0,500,0
57000,7,11,18,14,500,0.018,0.08,0.888,0.014,9,40,444,7
57000,7,13,20,7,500,0.002,0.0,0.998,0.0,1,0,499,0
57000,8,0,8,0,500,0.0,0.0,1.0,0.0,0,0,500,0
57000,8,1,9,8,500,0.022,0.002,0.974,0.002,11,1,487,1
57000,8,3,11,3,500,0.026,0.014,0.954,0.006,13,7,477,3
57000,8,5,13,19,500,0.0,0.0,1.0,0.0,0,0,500,0
57000,8,6,14,6,500,0.006,0.0,0.988,0.006,3,0,494,3
57000,8,7,15,14,500,0.014,0.066,0.8,0.12,7,33,400,60
57000,8,9,17,9,500,0.012,0.008,0.98,0.0,6,4,490,0
57000,8,11,19,4,500,0.0,0.0,0.998,0.002,0,0,499,1
57000,8,12,20,12,500,0.0,0.004,0.996,0.0,0,2,498,0
57000,9,4,13,15,500,0.026,0.258,0.428,0.288,13,129,214,144
57000,9,5,14,3,500,0.002,0.0,0.998,0.0,1,0,499,0
57000,9,6,15,12,500,0.016,0.008,0.952,0.024,8,4,476,12
57000,9,7,16,0,500,0.0,0.0,1.0,0.0,0,0,500,0
57000,9,8,17,9,500,0.012,0.006,0.982,0.0,6,3,491,0
57000,9,11,20,15,500,0.03,0.708,0.142,0.12,15,354,71,60
57000,10,0,10,0,500,0.0,0.0,1.0,0.0,0,0,500,0
57000,10,1,11,10,500,0.004,0.0,0.996,0.0,2,0,498,0
57000,10,2,12,20,500,0.008,0.002,0.99,0.0,4,1,495,0
57000,10,4,14,19,500,0.006,0.0,0.994,0.0,3,0,497,0
57000,10,5,15,8,500,0.028,0.004,0.942,0.026,14,2,471,13
57000,10,6,16,18,500,0.006,0.002,0.992,0.0,3,1,496,0
57000,10,7,17,7,500,0.0,0.0,1.0,0.0,0,0,500,0
57000,10,8,18,17,500,0.066,0.014,0.906,0.014,33,7,453,7
57000,10,9,19,6,500,0.0,0.0,1.0,0.0,0,0,500,0
57000,11,0,11,0,500,0.0,0.0,1.0,0.0,0,0,500,0
57000,11,1,12,11,500,0.004,0.0,0.996,0.0,2,0,498,0
57000,11,2,13,1,500,0.052,0.276,0.274,0.398,26,138,137,199
57000,11,6,17,3,500,0.004,0.004,0.992,0.0,2,2,496,0
57000,11,8,19,4,500,0.0,0.0,0.998,0.002,0,0,499,1
57000,11,9,20,15,500,0.024,0.708,0.164,0.104,12,354,82,52
57000,12,0,12,0,500,0.002,0.0,0.998,0.0,1,0,499,0
57000,12,1,13,12,500,0.002,0.0,0.996,0.002,1,0,498,1
57000,12,4,16,6,500,0.002,0.006,0.992,0.0,1,3,496,0
57000,12,5,17,18,500,0.054,0.024,0.914,0.008,27,12,457,4
57000,12,6,18,9,500,0.086,0.034,0.852,0.028,43,17,426,14
57000,12,8,20,12,500,0.0,0.002,0.998,0.0,0,1,499,0
57000,13,1,14,13,500,0.004,0.0,0.996,0.0,2,0,498,0
57000,13,3,16,18,500,0.026,0.004,0.968,0.002,13,2,484,1
57000,13,4,17,10,500,0.014,0.0,0.984,0.002,7,0,492,1
57000,13,5,18,2,500,0.006,0.0,0.992,0.002,3,0,496,1
57000,14,0,14,0,500,0.076,0.064,0.82,0.04,38,32,410,20
57000,14,1,15,14,500,0.064,0.032,0.654,0.25,32,16,327,125
57000,14,2,16,7,500,0.0,0.0,1.0,0.0,0,0,500,0
57000,14,3,17,0,500,0.0,0.002,0.998,0.0,0,1,499,0
57000,14,4,18,14,500,0.012,0.092,0.874,0.022,6,46,437,11
57000,14,5,19,7,500,0.102,0.012,0.836,0.05,51,6,418,25
57000,15,0,15,0,500,0.004,0.002,0.994,0.0,2,1,497,0
57000,15,2,17,9,500,0.092,0.004,0.888,0.016,46,2,444,8
57000,16,0,16,0,500,0.0,0.0,1.0,0.0,0,0,500,0
57000,16,2,18,11,500,0.0,0.002,0.998,0.0,0,1,499,0
57000,16,3,19,6,500,0.002,0.0,0.998,0.0,1,0,499,0
57000,17,0,17,0,500,0.0,0.0,1.0,0.0,0,0,500,0
57000,17,1,18,17,500,0.024,0.002,0.966,0.008,12,1,483,4
57000,17,2,19,13,500,0.0,0.0,1.0,0.0,0,0,500,0
57000,17,3,20,9,500,0.0,0.004,0.996,0.0,0,2,498,0
57000,18,0,18,0,500,0.0,0.0,1.0,0.0,0,0,500,0
57000,18,2,20,15,500,0.168,0.222,0.308,0.302,84,111,154,151
57000,19,0,19,0,500,0.0,0.0,1.0,0.0,0,0,500,0
57000,19,1,20,19,500,0.064,0.014,0.874,0.048,32,7,437,24
57000,20,0,20,0,500,0.0,0.0,1.0,0.0,0,0,500,0
57500,0,2,2,0,500,0.0,0.0,1.0,0.0,0,0,500,0
57500,0,5,5,0,500,0.0,0.0,1.0,0.0,0,0,500,0
57500,0,6,6,0,500,0.002,0.008,0.98,0.01,1,4,490,5
57500,0,7,7,0,500,0.006,0.374,0.264,0.356,3,187,132,178
57500,0,8,8,0,500,0.0,0.0,1.0,0.0,0,0,500,0
57500,0,10,10,0,500,0.0,0.0,1.0,0.0,0,0,500,0
57500,0,11,11,0,500,0.0,0.0,1.0,0.0,0,0,500,0
57500,0,14,14,0,500,0.06,0.066,0.826,0.048,30,33,413,24
57500,0,15,15,0,500,0.006,0.0,0.994,0.0,3,0,497,0
57500,0,16,16,0,500,0.0,0.0,1.0,0.0,0,0,500,0
57500,0,20,20,0,500,0.0,0.0,1.0,0.0,0,0,500,0
57500,1,0,1,0,500,0.0,0.0,1.0,0.0,0,0,500,0
57500,1,1,2,1,500,0.026,0.294,0.332,0.348,13,147,166,174
57500,1,3,4,3,500,0.08,0.236,0.31,0.374,40,118,155,187
57500,1,4,5,4,500,0.386,0.0,0.602,0.012,193,0,301,6
57500,1,5,6,5,500,0.034,0.08,0.352,0.534,17,40,176,267
57500,1,7,8,7,500,0.0,0.004,0.996,0.0,0,2,498,0
57500,1,8,9,8,500,0.022,0.0,0.978,0.0,11,0,489,0
57500,1,9,10,9,500,0.0,0.004,0.996,0.0,0,2,498,0
57500,1,11,12,11,500,0.0,0.002,0.998,0.0,0,1,499,0
57500,1,13,14,13,500,0.002,0.0,0.998,0.0,1,0,499,0
57500,1,14,15,14,500,0.024,0.04,0.664,0.272,12,20,332,136
57500,1,18,19,18,500,0.148,0.04,0.722,0.09,74,20,361,45
57500,1,19,20,19,500,0.012,0.026,0.948,0.014,6,13,474,7
57500,2,3,5,6,500,0.06,0.11,0.42,0.41,30,55,210,205
57500,2,8,10,16,500,0.07,0.02,0.616,0.294,35,10,308,147
57500,2,10,12,20,500,0.0,0.0,1.0,0.0,0,0,500,0
57500,2,11,13,1,500,0.05,0.242,0.252,0.456,25,121,126,228
57500,2,12,14,3,500,0.01,0.008,0.982,0.0,5,4,491,0
57500,2,14,16,7,500,0.0,0.0,1.0,0.0,0,0,500,0
57500,2,15,17,9,500,0.112,0.008,0.868,0.012,56,4,434,6
57500,2,18,20,15,500,0.18,0.224,0.226,0.37,90,112,113,185
57500,3,0,3,0,500,0.0,0.008,0.992,0.0,0,4,496,0
57500,3,2,5,6,500,0.086,0.082,0.418,0.414,43,41,209,207
57500,3,4,7,12,500,0.15,0.02,0.79,0.04,75,10,395,20
57500,3,5,8,15,500,0.074,0.016,0.858,0.052,37,8,429,26
57500,3,6,9,18,500,0.15,0.042,0.736,0.072,75,21,368,36
57500,3,7,10,0,500,0.0,0.0,1.0,0.0,0,0,500,0
57500,3,8,11,3,500,0.068,0.016,0.902,0.014,34,8,451,7
57500,3,9,12,6,500,0.02,0.004,0.976,0.0,10,2,488,0
57500,3,10,13,9,500,0.0,0.0,1.0,0.0,0,0,500,0
57500,3,13,16,18,500,0.012,0.006,0.974,0.008,6,3,487,4
57500,3,14,17,0,500,0.0,0.004,0.996,0.0,0,2,498,0
57500,3,15,18,3,500,0.48,0.09,0.304,0.126,240,45,152,63
57500,3,16,19,6,500,0.0,0.0,1.0,0.0,0,0,500,0
57500,3,17,20,9,500,0.008,0.004,0.988,0.0,4,2,494,0
57500,4,0,4,0,500,0.0,0.0,1.0,0.0,0,0,500,0
57500,4,2,6,8,500,0.032,0.058,0.902,0.008,16,29,451,4
57500,4,5,9,20,500,0.0,0.0,1.0,0.0,0,0,500,0
57500,4,6,10,3,500,0.026,0.002,0.966,0.006,13,1,483,3
57500,4,7,11,7,500,0.0,0.0,1.0,0.0,0,0,500,0
57500,4,8,12,11,500,0.002,0.004,0.992,0.002,1,2,496,1
57500,4,9,13,15,500,0.034,0.258,0.448,0.26,17,129,224,130
57500,4,10,14,19,500,0.004,0.002,0.994,0.0,2,1,497,0
57500,4,11,15,2,500,0.006,0.004,0.982,0.008,3,2,491,4
57500,4,12,16,6,500,0.002,0.0,0.998,0.0,1,0,499,0
57500,4,13,17,10,500,0.0,0.0,1.0,0.0,0,0,500,0
57500,4,14,18,14,500,0.1,0.058,0.792,0.05,50,29,396,25
57500,4,16,20,1,500,0.0,0.0,1.0,0.0,0,0,500,0
57500,5,0,5,0,500,0.0,0.0,1.0,0.0,0,0,500,0
57500,5,2,7,10,500,0.0,0.0,1.0,0.0,0,0,500,0
57500,5,3,8,15,500,0.068,0.014,0.88,0.038,34,7,440,19
57500,5,4,9,20,500,0.0,0.002,0.998,0.0,0,1,499,0
57500,5,5,10,4,500,0.004,0.012,0.984,0.0,2,6,492,0
57500,5,7,12,14,500,0.024,0.054,0.846,0.076,12,27,423,38
57500,5,9,14,3,500,0.008,0.004,0.988,0.0,4,2,494,0
57500,5,10,15,8,500,0.078,0.004,0.864,0.054,39,2,432,27
57500,5,11,16,13,500,0.004,0.0,0.996,0.0,2,0,498,0
57500,5,12,17,18,500,0.048,0.026,0.91,0.016,24,13,455,8
57500,5,14,19,7,500,0.012,0.1,0.846,0.042,6,50,423,21
57500,5,15,20,12,500,0.006,0.012,0.982,0.0,3,6,491,0
57500,6,1,7,6,500,0.002,0.018,0.98,0.0,1,9,490,0
57500,6,2,8,12,500,0.084,0.002,0.896,0.018,42,1,448,9
57500,6,6,12,15,500,0.018,0.0,0.976,0.006,9,0,488,3
57500,6,8,14,6,500,0.024,0.0,0.972,0.004,12,0,486,2
57500,6,9,15,12,500,0.024,0.008,0.96,0.008,12,4,480,4
57500,6,12,18,9,500,0.142,0.054,0.75,0.054,71,27,375,27
57500,6,13,19,15,500,0.016,0.0,0.982,0.002,8,0,491,1
57500,7,0,7,0,500,0.0,0.368,0.282,0.35,0,184,141,175
57500,7,1,8,7,500,0.008,0.002,0.99,0.0,4,1,495,0
57500,7,3,10,0,500,0.0,0.0,1.0,0.0,0,0,500,0
57500,7,4,11,7,500,0.0,0.0,1.0,0.0,0,0,500,0
57500,7,7,14,7,500,0.01,0.064,0.88,0.046,5,32,440,23
57500,7,8,15,14,500,0.01,0.104,0.678,0.208,5,52,339,104
57500,7,9,16,0,500,0.0,0.0,1.0,0.0,0,0,500,0
57500,7,11,18,14,500,0.02,0.064,0.89,0.026,10,32,445,13
57500,7,13,20,7,500,0.0,0.0,1.0,0.0,0,0,500,0
57500,8,0,8,0,500,0.0,0.0,1.0,0.0,0,0,500,0
57500,8,1,9,8,500,0.048,0.002,0.934,0.016,24,1,467,8
57500,8,3,11,3,500,0.026,0.006,0.962,0.006,13,3,481,3
57500,8,5,13,19,500,0.0,0.0,1.0,0.0,0,0,500,0
57500,8,6,14,6,500,0.006,0.0,0.99,0.004,3,0,495,2
57500,8,7,15,14,500,0.008,0.06,0.828,0.104,4,30,414,52
57500,8,9,17,9,500,0.002,0.01,0.988,0.0,1,5,494,0
57500,8,11,19,4,500,0.0,0.0,1.0,0.0,0,0,500,0
57500,8,12,20,12,500,0.004,0.002,0.994,0.0,2,1,497,0
57500,9,4,13,15,500,0.03,0.366,0.422,0.182,15,183,211,91
57500,9,5,14,3,500,0.0,0.004,0.996,0.0,0,2,498,0
57500,9,6,15,12,500,0.012,0.004,0.974,0.01,6,2,487,5
57500,9,7,16,0,500,0.0,0.0,1.0,0.0,0,0,500,0
57500,9,8,17,9,500,0.002,0.002,0.996,0.0,1,1,498,0
57500,9,11,20,15,500,0.112,0.394,0.286,0.208,56,197,143,104
57500,10,0,10,0,500,0.0,0.0,1.0,0.0,0,0,500,0
57500,10,1,11,10,500,0.0,0.004,0.992,0.004,0,2,496,2
57500,10,2,12,20,500,0.002,0.002,0.996,0.0,1,1,498,0
57500,10,4,14,19,500,0.008,0.002,0.99,0.0,4,1,495,0
57500,10,5,15,8,500,0.084,0.008,0.876,0.032,42,4,438,16
57500,10,6,16,18,500,0.01,0.01,0.974,0.006,5,5,487,3
57500,10,7,17,7,500,0.0,0.0,1.0,0.0,0,0,500,0
57500,10,8,18,17,500,0.058,0.0,0.934,0.008,29,0,467,4
57500,10,9,19,6,500,0.0,0.0,1.0,0.0,0,0,500,0
57500,11,0,11,0,500,0.0,0.0,1.0,0.0,0,0,500,0
57500,11,1,12,11,500,0.0,0.0,1.0,0.0,0,0,500,0
57500,11,2,13,1,500,0.05,0.272,0.236,0.442,25,136,118,221
57500,11,6,17,3,500,0.002,0.0,0.996,0.002,1,0,498,1
57500,11,8,19,4,500,0.0,0.0,1.0,0.0,0,0,500,0
57500,11,9,20,15,500,0.04,0.746,0.114,0.1,20,373,57,50
57500,12,0,12,0,500,0.0,0.0,1.0,0.0,0,0,500,0
57500,12,1,13,12,500,0.004,0.004,0.99,0.002,2,2,495,1
57500,12,4,16,6,500,0.0,0.002,0.998,0.0,0,1,499,0
57500,12,5,17,18,500,0.046,0.028,0.922,0.004,23,14,461,2
57500,12,6,18,9,500,0.142,0.066,0.714,0.078,71,33,357,39
57500,12,8,20,12,500,0.002,0.0,0.998,0.0,1,0,499,0
57500,13,1,14,13,500,0.002,0.0,0.998,0.0,1,0,499,0
57500,13,3,16,18,500,0.018,0.004,0.97,0.008,9,2,485,4
57500,13,4,17,10,500,0.004,0.0,0.996,0.0,2,0,498,0
57500,13,5,18,2,500,0.0,0.0,1.0,0.0,0,0,500,0
57500,14,0,14,0,500,0.04,0.07,0.828,0.062,20,35,414,31
57500,14,1,15,14,500,0.028,0.02,0.746,0.206,14,10,373,103
57500,14,2,16,7,500,0.0,0.0,1.0,0.0,0,0,500,0
57500,14,3,17,0,500,0.0,0.0,1.0,0.0,0,0,500,0
57500,14,4,18,14,500,0.094,0.058,0.786,0.062,47,29,393,31
57500,14,5,19,7,500,0.0,0.07,0.914,0.016,0,35,457,8
57500,15,0,15,0,500,0.0,0.0,1.0,0.0,0,0,500,0
57500,15,2,17,9,500,0.144,0.008,0.838,0.01,72,4,419,5
57500,16,0,16,0,500,0.0,0.0,1.0,0.0,0,0,500,0
57500,16,2,18,11,500,0.0,0.0,1.0,0.0,0,0,500,0
57500,16,3,19,6,500,0.0,0.0,1.0,0.0,0,0,500,0
57500,17,0,17,0,500,0.0,0.0,1.0,0.0,0,0,500,0
57500,17,1,18,17,500,0.024,0.014,0.958,0.004,12,7,479,2
57500,17,2,19,13,500,0.0,0.0,1.0,0.0,0,0,500,0
57500,17,3,20,9,500,0.002,0.002,0.996,0.0,1,1,498,0
57500,18,0,18,0,500,0.0,0.0,1.0,0.0,0,0,500,0
57500,18,2,20,15,500,0.14,0.294,0.26,0.306,70,147,130,153
57500,19,0,19,0,500,0.0,0.0,1.0,0.0,0,0,500,0
57500,19,1,20,19,500,0.072,0.026,0.882,0.02,36,13,441,10
57500,20,0,20,0,500,0.0,0.0,1.0,0.0,0,0,500,0
58000,0,2,2,0,500,0.0,0.0,1.0,0.0,0,0,500,0
58000,0,5,5,0,500,0.0,0.0,1.0,0.0,0,0,500,0
58000,0,6,6,0,500,0.006,0.0,0.982,0.012,3,0,491,6
58000,0,7,7,0,500,0.046,0.342,0.242,0.37,23,171,121,185
58000,0,8,8,0,500,0.0,0.0,1.0,0.0,0,0,500,0
58000,0,10,10,0,500,0.0,0.0,1.0,0.0,0,0,500,0
58000,0,11,11,0,500,0.0,0.0,1.0,0.0,0,0,500,0
58000,0,14,14,0,500,0.05,0.054,0.87,0.026,25,27,435,13
58000,0,15,15,0,500,0.0,0.002,0.998,0.0,0,1,499,0
58000,0,16,16,0,500,0.0,0.0,1.0,0.0,0,0,500,0
58000,0,20,20,0,500,0.0,0.0,1.0,0.0,0,0,500,0
58000,1,0,1,0,500,0.0,0.0,1.0,0.0,0,0,500,0
58000,1,1,2,1,500,0.02,0.302,0.262,0.416,10,151,131,208
58000,1,3,4,3,500,0.084,0.208,0.334,0.374,42,104,167,187
58000,1,4,5,4,500,0.014,0.0,0.986,0.0,7,0,493,0
58000,1,5,6,5,500,0.036,0.064,0.466,0.434,18,32,233,217
58000,1,7,8,7,500,0.0,0.0,1.0,0.0,0,0,500,0
58000,1,8,9,8,500,0.024,0.002,0.968,0.006,12,1,484,3
58000,1,9,10,9,500,0.002,0.016,0.982,0.0,1,8,491,0
58000,1,11,12,11,500,0.008,0.002,0.99,0.0,4,1,495,0
58000,1,13,14,13,500,0.0,0.0,1.0,0.0,0,0,500,0
58000,1,14,15,14,500,0.022,0.042,0.706,0.23,11,21,353,115
58000,1,18,19,18,500,0.182,0.036,0.658,0.124,91,18,329,62
58000,1,19,20,19,500,0.04,0.024,0.89,0.046,20,12,445,23
58000,2,3,5,6,500,0.05,0.072,0.514,0.364,25,36,257,182
58000,2,8,10,16,500,0.068,0.012,0.532,0.388,34,6,266,194
58000,2,10,12,20,500,0.0,0.0,1.0,0.0,0,0,500,0
58000,2,11,13,1,500,0.058,0.23,0.248,0.464,29,115,124,232
58000,2,12,14,3,500,0.0,0.002,0.998,0.0,0,1,499,0
58000,2,14,16,7,500,0.0,0.0,1.0,0.0,0,0,500,0
58000,2,15,17,9,500,0.09,0.02,0.874,0.016,45,10,437,8
58000,2,18,20,15,500,0.236,0.216,0.236,0.312,118,108,118,156
58000,3,0,3,0,500,0.002,0.012,0.986,0.0,1,6,493,0
58000,3,2,5,6,500,0.058,0.052,0.534,0.356,29,26,267,178
58000,3,4,7,12,500,0.122,0.008,0.86,0.01,61,4,430,5
58000,3,5,8,15,500,0.018,0.02,0.95,0.012,9,10,475,6
58000,3,6,9,18,500,0.152,0.034,0.7,0.114,76,17,350,57
58000,3,7,10,0,500,0.0,0.0,1.0,0.0,0,0,500,0
58000,3,8,11,3,500,0.02,0.018,0.954,0.008,10,9,477,4
58000,3,9,12,6,500,0.014,0.004,0.982,0.0,7,2,491,0
58000,3,10,13,9,500,0.0,0.0,1.0,0.0,0,0,500,0
58000,3,13,16,18,500,0.02,0.008,0.958,0.014,10,4,479,7
58000,3,14,17,0,500,0.0,0.0,0.998,0.002,0,0,499,1
58000,3,15,18,3,500,0.486,0.062,0.326,0.126,243,31,163,63
58000,3,16,19,6,500,0.0,0.0,1.0,0.0,0,0,500,0
58000,3,17,20,9,500,0.006,0.006,0.988,0.0,3,3,494,0
58000,4,0,4,0,500,0.0,0.0,1.0,0.0,0,0,500,0
58000,4,2,6,8,500,0.016,0.092,0.87,0.022,8,46,435,11
58000,4,5,9,20,500,0.0,0.0,1.0,0.0,0,0,500,0
58000,4,6,10,3,500,0.028,0.004,0.964,0.004,14,2,482,2
58000,4,7,11,7,500,0.0,0.0,1.0,0.0,0,0,500,0
58000,4,8,12,11,500,0.03,0.012,0.958,0.0,15,6,479,0
58000,4,9,13,15,500,0.032,0.3,0.394,0.274,16,150,197,137
58000,4,10,14,19,500,0.002,0.004,0.994,0.0,1,2,497,0
58000,4,11,15,2,500,0.004,0.002,0.988,0.006,2,1,494,3
58000,4,12,16,6,500,0.0,0.002,0.998,0.0,0,1,499,0
58000,4,13,17,10,500,0.0,0.0,1.0,0.0,0,0,500,0
58000,4,14,18,14,500,0.024,0.05,0.906,0.02,12,25,453,10
58000,4,16,20,1,500,0.0,0.002,0.998,0.0,0,1,499,0
58000,5,0,5,0,500,0.0,0.0,1.0,0.0,0,0,500,0
58000,5,2,7,10,500,0.0,0.0,1.0,0.0,0,0,500,0
58000,5,3,8,15,500,0.036,0.01,0.928,0.026,18,5,464,13
58000,5,4,9,20,500,0.004,0.0,0.996,0.0,2,0,498,0
58000,5,5,10,4,500,0.008,0.012,0.98,0.0,4,6,490,0
58000,5,7,12,14,500,0.046,0.088,0.808,0.058,23,44,404,29
58000,5,9,14,3,500,0.002,0.004,0.994,0.0,1,2,497,0
58000,5,10,15,8,500,0.038,0.01,0.906,0.046,19,5,453,23
58000,5,11,16,13,500,0.002,0.004,0.992,0.002,1,2,496,1
58000,5,12,17,18,500,0.056,0.018,0.906,0.02,28,9,453,10
58000,5,14,19,7,500,0.026,0.046,0.89,0.038,13,23,445,19
58000,5,15,20,12,500,0.004,0.01,0.984,0.002,2,5,492,1
58000,6,1,7,6,500,0.004,0.008,0.988,0.0,2,4,494,0
58000,6,2,8,12,500,0.062,0.004,0.916,0.018,31,2,458,9
58000,6,6,12,15,500,0.012,0.002,0.98,0.006,6,1,490,3
58000,6,8,14,6,500,0.012,0.004,0.98,0.004,6,2,490,2
58000,6,9,15,12,500,0.01,0.012,0.962,0.016,5,6,481,8
58000,6,12,18,9,500,0.144,0.046,0.704,0.106,72,23,352,53
58000,6,13,19,15,500,0.008,0.004,0.988,0.0,4,2,494,0
58000,7,0,7,0,500,0.072,0.326,0.244,0.358,36,163,122,179
58000,7,1,8,7,500,0.004,0.002,0.994,0.0,2,1,497,0
58000,7,3,10,0,500,0.0,0.0,1.0,0.0,0,0,500,0
58000,7,4,11,7,500,0.0,0.0,1.0,0.0,0,0,500,0
58000,7,7,14,7,500,0.002,0.058,0.882,0.058,1,29,441,29
58000,7,8,15,14,500,0.024,0.118,0.708,0.15,12,59,354,75
58000,7,9,16,0,500,0.0,0.0,1.0,0.0,0,0,500,0
58000,7,11,18,14,500,0.018,0.058,0.912,0.012,9,29,456,6
58000,7,13,20,7,500,0.0,0.0,1.0,0.0,0,0,500,0
58000,8,0,8,0,500,0.0,0.0,1.0,0.0,0,0,500,0
58000,8,1,9,8,500,0.04,0.002,0.95,0.008,20,1,475,4
58000,8,3,11,3,500,0.016,0.01,0.97,0.004,8,5,485,2
58000,8,5,13,19,500,0.0,0.0,1.0,0.0,0,0,500,0
58000,8,6,14,6,500,0.01,0.004,0.984,0.002,5,2,492,1
58000,8,7,15,14,500,0.014,0.09,0.754,0.142,7,45,377,71
58000,8,9,17,9,500,0.008,0.006,0.986,0.0,4,3,493,0
58000,8,11,19,4,500,0.0,0.0,1.0,0.0,0,0,500,0
58000,8,12,20,12,500,0.0,0.002,0.998,0.0,0,1,499,0
58000,9,4,13,15,500,0.04,0.254,0.372,0.334,20,127,186,167
58000,9,5,14,3,500,0.008,0.002,0.99,0.0,4,1,495,0
58000,9,6,15,12,500,0.008,0.0,0.98,0.012,4,0,490,6
58000,9,7,16,0,500,0.0,0.0,1.0,0.0,0,0,500,0
58000,9,8,17,9,500,0.002,0.008,0.99,0.0,1,4,495,0
58000,9,11,20,15,500,0.032,0.71,0.164,0.094,16,355,82,47
58000,10,0,10,0,500,0.0,0.0,1.0,0.0,0,0,500,0
58000,10,1,11,10,500,0.002,0.004,0.992,0.002,1,2,496,1
58000,10,2,12,20,500,0.004,0.0,0.996,0.0,2,0,498,0
58000,10,4,14,19,500,0.006,0.004,0.99,0.0,3,2,495,0
58000,10,5,15,8,500,0.026,0.01,0.948,0.016,13,5,474,8
58000,10,6,16,18,500,0.006,0.002,0.986,0.006,3,1,493,3
58000,10,7,17,7,500,0.0,0.0,1.0,0.0,0,0,500,0
58000,10,8,18,17,500,0.07,0.008,0.916,0.006,35,4,458,3
58000,10,9,19,6,500,0.0,0.0,1.0,0.0,0,0,500,0
58000,11,0,11,0,500,0.0,0.0,1.0,0.0,0,0,500,0
58000,11,1,12,11,500,0.008,0.0,0.98,0.012,4,0,490,6
58000,11,2,13,1,500,0.034,0.322,0.22,0.424,17,161,110,212
58000,11,6,17,3,500,0.006,0.0,0.994,0.0,3,0,497,0
58000,11,8,19,4,500,0.0,0.0,1.0,0.0,0,0,500,0
58000,11,9,20,15,500,0.04,0.66,0.166,0.134,20,330,83,67
58000,12,0,12,0,500,0.002,0.0,0.998,0.0,1,0,499,0
58000,12,1,13,12,500,0.002,0.004,0.99,0.004,1,2,495,2
58000,12,4,16,6,500,0.0,0.008,0.992,0.0,0,4,496,0
58000,12,5,17,18,500,0.024,0.016,0.956,0.004,12,8,478,2
58000,12,6,18,9,500,0.152,0.034,0.692,0.122,76,17,346,61
58000,12,8,20,12,500,0.0,0.0,1.0,0.0,0,0,500,0
58000,13,1,14,13,500,0.0,0.0,1.0,0.0,0,0,500,0
58000,13,3,16,18,500,0.016,0.006,0.966,0.012,8,3,483,6
58000,13,4,17,10,500,0.004,0.0,0.996,0.0,2,0,498,0
58000,13,5,18,2,500,0.002,0.0,0.996,0.002,1,0,498,1
58000,14,0,14,0,500,0.046,0.058,0.868,0.028,23,29,434,14
58000,14,1,15,14,500,0.018,0.04,0.776,0.166,9,20,388,83
58000,14,2,16,7,500,0.0,0.0,1.0,0.0,0,0,500,0
58000,14,3,17,0,500,0.002,0.002,0.996,0.0,1,1,498,0
58000,14,4,18,14,500,0.186,0.022,0.768,0.024,93,11,384,12
58000,14,5,19,7,500,0.056,0.07,0.776,0.098,28,35,388,49
58000,15,0,15,0,500,0.0,0.002,0.998,0.0,0,1,499,0
58000,15,2,17,9,500,0.102,0.014,0.864,0.02,51,7,432,10
58000,16,0,16,0,500,0.0,0.0,1.0,0.0,0,0,500,0
58000,16,2,18,11,500,0.0,0.0,1.0,0.0,0,0,500,0
58000,16,3,19,6,500,0.0,0.004,0.996,0.0,0,2,498,0
58000,17,0,17,0,500,0.0,0.0,1.0,0.0,0,0,500,0
58000,17,1,18,17,500,0.014,0.016,0.968,0.002,7,8,484,1
58000,17,2,19,13,500,0.0,0.0,1.0,0.0,0,0,500,0
58000,17,3,20,9,500,0.0,0.006,0.994,0.0,0,3,497,0
58000,18,0,18,0,500,0.0,0.0,1.0,0.0,0,0,500,0
58000,18,2,20,15,500,0.212,0.178,0.29,0.32,106,89,145,160
58000,19,0,19,0,500,0.0,0.0,1.0,0.0,0,0,500,0
58000,19,1,20,19,500,0.1,0.018,0.82,0.062,50,9,410,31
58000,20,0,20,0,500,0.0,0.0,1.0,0.0,0,0,500,0
58500,0,2,2,0,500,0.0,0.0,1.0,0.0,0,0,500,0
58500,0,5,5,0,500,0.0,0.0,1.0,0.0,0,0,500,0
58500,0,6,6,0,500,0.004,0.0,0.99,0.006,2,0,495,3
58500,0,7,7,0,500,0.006,0.312,0.322,0.36,3,156,161,180
58500,0,8,8,0,500,0.0,0.0,1.0,0.0,0,0,500,0
58500,0,10,10,0,500,0.0,0.0,1.0,0.0,0,0,500,0
58500,0,11,11,0,500,0.0,0.0,1.0,0.0,0,0,500,0
58500,0,14,14,0,500,0.058,0.036,0.886,0.02,29,18,443,10
58500,0,15,15,0,500,0.0,0.0,1.0,0.0,0,0,500,0
58500,0,16,16,0,500,0.0,0.0,1.0,0.0,0,0,500,0
58500,0,20,20,0,500,0.0,0.0,1.0,0.0,0,0,500,0
58500,1,0,1,0,500,0.0,0.0,1.0,0.0,0,0,500,0
58500,1,1,2,1,500,0.012,0.28,0.346,0.362,6,140,173,181
58500,1,3,4,3,500,0.084,0.254,0.326,0.336,42,127,163,168
58500,1,4,5,4,500,0.024,0.0,0.976,0.0,12,0,488,0
58500,1,5,6,5,500,0.018,0.036,0.616,0.33,9,18,308,165
58500,1,7,8,7,500,0.004,0.002,0.994,0.0,2,1,497,0
58500,1,8,9,8,500,0.016,0.0,0.984,0.0,8,0,492,0
58500,1,9,10,9,500,0.002,0.016,0.98,0.002,1,8,490,1
58500,1,11,12,11,500,0.006,0.0,0.994,0.0,3,0,497,0
58500,1,13,14,13,500,0.004,0.0,0.996,0.0,2,0,498,0
58500,1,14,15,14,500,0.002,0.024,0.788,0.186,1,12,394,93
58500,1,18,19,18,500,0.186,0.032,0.678,0.104,93,16,339,52
58500,1,19,20,19,500,0.042,0.018,0.91,0.03,21,9,455,15
58500,2,3,5,6,500,0.04,0.034,0.638,0.288,20,17,319,144
58500,2,8,10,16,500,0.064,0.03,0.566,0.34,32,15,283,170
58500,2,10,12,20,500,0.0,0.002,0.998,0.0,0,1,499,0
58500,2,11,13,1,500,0.034,0.392,0.232,0.342,17,196,116,171
58500,2,12,14,3,500,0.006,0.002,0.99,0.002,3,1,495,1
58500,2,14,16,7,500,0.0,0.0,1.0,0.0,0,0,500,0
58500,2,15,17,9,500,0.048,0.018,0.916,0.018,24,9,458,9
58500,2,18,20,15,500,0.314,0.134,0.242,0.31,157,67,121,155
58500,3,0,3,0,500,0.004,0.006,0.99,0.0,2,3,495,0
58500,3,2,5,6,500,0.048,0.036,0.614,0.302,24,18,307,151
58500,3,4,7,12,500,0.126,0.014,0.846,0.014,63,7,423,7
58500,3,5,8,15,500,0.022,0.012,0.952,0.014,11,6,476,7
58500,3,6,9,18,500,0.11,0.068,0.758,0.064,55,34,379,32
58500,3,7,10,0,500,0.0,0.0,1.0,0.0,0,0,500,0
58500,3,8,11,3,500,0.014,0.002,0.978,0.006,7,1,489,3
58500,3,9,12,6,500,0.004,0.002,0.994,0.0,2,1,497,0
58500,3,10,13,9,500,0.002,0.004,0.994,0.0,1,2,497,0
58500,3,13,16,18,500,0.016,0.002,0.978,0.004,8,1,489,2
58500,3,14,17,0,500,0.0,0.0,1.0,0.0,0,0,500,0
58500,3,15,18,3,500,0.474,0.07,0.306,0.15,237,35,153,75
58500,3,16,19,6,500,0.0,0.002,0.998,0.0,0,1,499,0
58500,3,17,20,9,500,0.008,0.018,0.974,0.0,4,9,487,0
58500,4,0,4,0,500,0.0,0.0,1.0,0.0,0,0,500,0
58500,4,2,6,8,500,0.014,0.032,0.95,0.004,7,16,475,2
58500,4,5,9,20,500,0.002,0.0,0.998,0.0,1,0,499,0
58500,4,6,10,3,500,0.038,0.01,0.946,0.006,19,5,473,3
58500,4,7,11,7,500,0.0,0.002,0.998,0.0,0,1,499,0
58500,4,8,12,11,500,0.014,0.004,0.982,0.0,7,2,491,0
58500,4,9,13,15,500,0.052,0.21,0.442,0.296,26,105,221,148
58500,4,10,14,19,500,0.004,0.006,0.99,0.0,2,3,495,0
58500,4,11,15,2,500,0.004,0.004,0.98,0.012,2,2,490,6
58500,4,12,16,6,500,0.0,0.0,0.998,0.002,0,0,499,1
58500,4,13,17,10,500,0.012,0.0,0.984,0.004,6,0,492,2
58500,4,14,18,14,500,0.04,0.046,0.898,0.016,20,23,449,8
58500,4,16,20,1,500,0.0,0.0,1.0,0.0,0,0,500,0
58500,5,0,5,0,500,0.0,0.0,1.0,0.0,0,0,500,0
58500,5,2,7,10,500,0.0,0.0,1.0,0.0,0,0,500,0
58500,5,3,8,15,500,0.034,0.012,0.934,0.02,17,6,467,10
58500,5,4,9,20,500,0.004,0.01,0.986,0.0,2,5,493,0
58500,5,5,10,4,500,0.008,0.022,0.97,0.0,4,11,485,0
58500,5,7,12,14,500,0.006,0.022,0.952,0.02,3,11,476,10
58500,5,9,14,3,500,0.0,0.002,0.998,0.0,0,1,499,0
58500,5,10,15,8,500,0.05,0.008,0.922,0.02,25,4,461,10
58500,5,11,16,13,500,0.0,0.0,0.998,0.002,0,0,499,1
58500,5,12,17,18,500,0.068,0.018,0.896,0.018,34,9,448,9
58500,5,14,19,7,500,0.07,0.016,0.804,0.11,35,8,402,55
58500,5,15,20,12,500,0.018,0.006,0.976,0.0,9,3,488,0
58500,6,1,7,6,500,0.002,0.0,0.998,0.0,1,0,499,0
58500,6,2,8,12,500,0.048,0.0,0.95,0.002,24,0,475,1
58500,6,6,12,15,500,0.014,0.006,0.972,0.008,7,3,486,4
58500,6,8,14,6,500,0.018,0.008,0.97,0.004,9,4,485,2
58500,6,9,15,12,500,0.004,0.002,0.978,0.016,2,1,489,8
58500,6,12,18,9,500,0.102,0.066,0.782,0.05,51,33,391,25
58500,6,13,19,15,500,0.01,0.004,0.986,0.0,5,2,493,0
58500,7,0,7,0,500,0.006,0.334,0.326,0.334,3,167,163,167
58500,7,1,8,7,500,0.002,0.0,0.996,0.002,1,0,498,1
58500,7,3,10,0,500,0.0,0.0,1.0,0.0,0,0,500,0
58500,7,4,11,7,500,0.0,0.0,1.0,0.0,0,0,500,0
58500,7,7,14,7,500,0.026,0.066,0.836,0.072,13,33,418,36
58500,7,8,15,14,500,0.02,0.082,0.748,0.15,10,41,374,75
58500,7,9,16,0,500,0.0,0.0,1.0,0.0,0,0,500,0
58500,7,11,18,14,500,0.022,0.038,0.936,0.004,11,19,468,2
58500,7,13,20,7,500,0.0,0.0,1.0,0.0,0,0,500,0
58500,8,0,8,0,500,0.0,0.0,1.0,0.0,0,0,500,0
58500,8,1,9,8,500,0.028,0.0,0.97,0.002,14,0,485,1
58500,8,3,11,3,500,0.018,0.01,0.97,0.002,9,5,485,1
58500,8,5,13,19,500,0.0,0.0,1.0,0.0,0,0,500,0
58500,8,6,14,6,500,0.016,0.002,0.98,0.002,8,1,490,1
58500,8,7,15,14,500,0.018,0.03,0.834,0.118,9,15,417,59
58500,8,9,17,9,500,0.002,0.004,0.994,0.0,1,2,497,0
58500,8,11,19,4,500,0.0,0.0,0.998,0.002,0,0,499,1
58500,8,12,20,12,500,0.004,0.004,0.992,0.0,2,2,496,0
58500,9,4,13,15,500,0.032,0.348,0.326,0.294,16,174,163,147
58500,9,5,14,3,500,0.004,0.004,0.992,0.0,2,2,496,0
58500,9,6,15,12,500,0.022,0.008,0.95,0.02,11,4,475,10
58500,9,7,16,0,500,0.0,0.0,1.0,0.0,0,0,500,0
58500,9,8,17,9,500,0.002,0.008,0.99,0.0,1,4,495,0
58500,9,11,20,15,500,0.02,0.778,0.096,0.106,10,389,48,53
58500,10,0,10,0,500,0.0,0.0,1.0,0.0,0,0,500,0
58500,10,1,11,10,500,0.002,0.0,0.998,0.0,1,0,499,0
58500,10,2,12,20,500,0.006,0.0,0.994,0.0,3,0,497,0
58500,10,4,14,19,500,0.024,0.01,0.966,0.0,12,5,483,0
58500,10,5,15,8,500,0.032,0.014,0.938,0.016,16,7,469,8
58500,10,6,16,18,500,0.004,0.0,0.996,0.0,2,0,498,0
58500,10,7,17,7,500,0.0,0.002,0.998,0.0,0,1,499,0
58500,10,8,18,17,500,0.064,0.012,0.906,0.018,32,6,453,9
58500,10,9,19,6,500,0.0,0.002,0.998,0.0,0,1,499,0
58500,11,0,11,0,500,0.0,0.0,1.0,0.0,0,0,500,0
58500,11,1,12,11,500,0.006,0.0,0.992,0.002,3,0,496,1
58500,11,2,13,1,500,0.02,0.49,0.192,0.298,10,245,96,149
58500,11,6,17,3,500,0.01,0.0,0.99,0.0,5,0,495,0
58500,11,8,19,4,500,0.0,0.0,1.0,0.0,0,0,500,0
58500,11,9,20,15,500,0.042,0.694,0.168,0.096,21,347,84,48
58500,12,0,12,0,500,0.0,0.0,1.0,0.0,0,0,500,0
58500,12,1,13,12,500,0.002,0.008,0.99,0.0,1,4,495,0
58500,12,4,16,6,500,0.0,0.002,0.998,0.0,0,1,499,0
58500,12,5,17,18,500,0.03,0.022,0.932,0.016,15,11,466,8
58500,12,6,18,9,500,0.12,0.048,0.772,0.06,60,24,386,30
58500,12,8,20,12,500,0.004,0.002,0.992,0.002,2,1,496,1
58500,13,1,14,13,500,0.002,0.0,0.998,0.0,1,0,499,0
58500,13,3,16,18,500,0.014,0.0,0.982,0.004,7,0,491,2
58500,13,4,17,10,500,0.01,0.0,0.99,0.0,5,0,495,0
58500,13,5,18,2,500,0.0,0.0,1.0,0.0,0,0,500,0
58500,14,0,14,0,500,0.052,0.05,0.872,0.026,26,25,436,13
58500,14,1,15,14,500,0.002,0.03,0.816,0.152,1,15,408,76
58500,14,2,16,7,500,0.0,0.0,1.0,0.0,0,0,500,0
58500,14,3,17,0,500,0.0,0.002,0.998,0.0,0,1,499,0
58500,14,4,18,14,500,0.032,0.034,0.922,0.012,16,17,461,6
58500,14,5,19,7,500,0.072,0.016,0.828,0.084,36,8,414,42
58500,15,0,15,0,500,0.002,0.0,0.998,0.0,1,0,499,0
58500,15,2,17,9,500,0.064,0.016,0.904,0.016,32,8,452,8
58500,16,0,16,0,500,0.0,0.0,1.0,0.0,0,0,500,0
58500,16,2,18,11,500,0.0,0.0,1.0,0.0,0,0,500,0
58500,16,3,19,6,500,0.0,0.0,1.0,0.0,0,0,500,0
58500,17,0,17,0,500,0.0,0.0,1.0,0.0,0,0,500,0
58500,17,1,18,17,500,0.07,0.01,0.896,0.024,35,5,448,12
58500,17,2,19,13,500,0.0,0.0,1.0,0.0,0,0,500,0
58500,17,3,20,9,500,0.01,0.02,0.968,0.002,5,10,484,1
58500,18,0,18,0,500,0.0,0.0,1.0,0.0,0,0,500,0
58500,18,2,20,15,500,0.3,0.168,0.258,0.274,150,84,129,137
58500,19,0,19,0,500,0.0,0.0,1.0,0.0,0,0,500,0
58500,19,1,20,19,500,0.058,0.032,0.874,0.036,29,16,437,18
58500,20,0,20,0,500,0.0,0.0,1.0,0.0,0,0,500,0
59000,0,2,2,0,500,0.0,0.0,1.0,0.0,0,0,500,0
59000,0,5,5,0,500,0.0,0.0,1.0,0.0,0,0,500,0
59000,0,6,6,0,500,0.002,0.004,0.974,0.02,1,2,487,10
59000,0,7,7,0,500,0.044,0.342,0.27,0.344,22,171,135,172
59000,0,8,8,0,500,0.0,0.0,1.0,0.0,0,0,500,0
59000,0,10,10,0,500,0.0,0.0,1.0,0.0,0,0,500,0
59000,0,11,11,0,500,0.0,0.0,1.0,0.0,0,0,500,0
59000,0,14,14,0,500,0.046,0.084,0.838,0.032,23,42,419,16
59000,0,15,15,0,500,0.002,0.002,0.996,0.0,1,1,498,0
59000,0,16,16,0,500,0.0,0.0,1.0,0.0,0,0,500,0
59000,0,20,20,0,500,0.0,0.0,1.0,0.0,0,0,500,0
59000,1,0,1,0,500,0.0,0.0,1.0,0.0,0,0,500,0
59000,1,1,2,1,500,0.022,0.12,0.384,0.474,11,60,192,237
59000,1,3,4,3,500,0.116,0.192,0.316,0.376,58,96,158,188
59000,1,4,5,4,500,0.004,0.0,0.996,0.0,2,0,498,0
59000,1,5,6,5,500,0.028,0.06,0.48,0.432,14,30,240,216
59000,1,7,8,7,500,0.0,0.0,1.0,0.0,0,0,500,0
59000,1,8,9,8,500,0.014,0.002,0.978,0.006,7,1,489,3
59000,1,9,10,9,500,0.002,0.02,0.974,0.004,1,10,487,2
59000,1,11,12,11,500,0.016,0.004,0.98,0.0,8,2,490,0
59000,1,13,14,13,500,0.004,0.002,0.994,0.0,2,1,497,0
59000,1,14,15,14,500,0.022,0.038,0.746,0.194,11,19,373,97
59000,1,18,19,18,500,0.178,0.072,0.618,0.132,89,36,309,66
59000,1,19,20,19,500,0.01,0.062,0.912,0.016,5,31,456,8
59000,2,3,5,6,500,0.038,0.08,0.538,0.344,19,40,269,172
59000,2,8,10,16,500,0.07,0.032,0.488,0.41,35,16,244,205
59000,2,10,12,20,500,0.004,0.0,0.996,0.0,2,0,498,0
59000,2,11,13,1,500,0.04,0.232,0.282,0.446,20,116,141,223
59000,2,12,14,3,500,0.006,0.0,0.994,0.0,3,0,497,0
59000,2,14,16,7,500,0.0,0.002,0.998,0.0,0,1,499,0
59000,2,15,17,9,500,0.066,0.008,0.918,0.008,33,4,459,4
59000,2,18,20,15,500,0.402,0.118,0.234,0.246,201,59,117,123
59000,3,0,3,0,500,0.006,0.004,0.99,0.0,3,2,495,0
59000,3,2,5,6,500,0.06,0.09,0.504,0.346,30,45,252,173
59000,3,4,7,12,500,0.15,0.028,0.808,0.014,75,14,404,7
59000,3,5,8,15,500,0.016,0.02,0.944,0.02,8,10,472,10
59000,3,6,9,18,500,0.19,0.038,0.646,0.126,95,19,323,63
59000,3,7,10,0,500,0.0,0.0,1.0,0.0,0,0,500,0
59000,3,8,11,3,500,0.022,0.002,0.968,0.008,11,1,484,4
59000,3,9,12,6,500,0.004,0.004,0.992,0.0,2,2,496,0
59000,3,10,13,9,500,0.0,0.002,0.998,0.0,0,1,499,0
59000,3,13,16,18,500,0.018,0.006,0.97,0.006,9,3,485,3
59000,3,14,17,0,500,0.0,0.002,0.998,0.0,0,1,499,0
59000,3,15,18,3,500,0.504,0.074,0.29,0.132,252,37,145,66
59000,3,16,19,6,500,0.002,0.0,0.998,0.0,1,0,499,0
59000,3,17,20,9,500,0.004,0.008,0.988,0.0,2,4,494,0
59000,4,0,4,0,500,0.0,0.0,1.0,0.0,0,0,500,0
59000,4,2,6,8,500,0.032,0.074,0.872,0.022,16,37,436,11
59000,4,5,9,20,500,0.0,0.002,0.998,0.0,0,1,499,0
59000,4,6,10,3,500,0.024,0.014,0.948,0.014,12,7,474,7
59000,4,7,11,7,500,0.0,0.002,0.998,0.0,0,1,499,0
59000,4,8,12,11,500,0.016,0.008,0.974,0.002,8,4,487,1
59000,4,9,13,15,500,0.058,0.244,0.384,0.314,29,122,192,157
59000,4,10,14,19,500,0.02,0.0,0.98,0.0,10,0,490,0
59000,4,11,15,2,500,0.002,0.0,0.988,0.01,1,0,494,5
59000,4,12,16,6,500,0.002,0.0,0.996,0.002,1,0,498,1
59000,4,13,17,10,500,0.006,0.0,0.994,0.0,3,0,497,0
59000,4,14,18,14,500,0.016,0.04,0.93,0.014,8,20,465,7
59000,4,16,20,1,500,0.0,0.0,1.0,0.0,0,0,500,0
59000,5,0,5,0,500,0.0,0.0,1.0,0.0,0,0,500,0
59000,5,2,7,10,500,0.0,0.0,1.0,0.0,0,0,500,0
59000,5,3,8,15,500,0.038,0.01,0.922,0.03,19,5,461,15
59000,5,4,9,20,500,0.002,0.004,0.994,0.0,1,2,497,0
59000,5,5,10,4,500,0.0,0.024,0.974,0.002,0,12,487,1
59000,5,7,12,14,500,0.0,0.066,0.924,0.01,0,33,462,5
59000,5,9,14,3,500,0.0,0.002,0.998,0.0,0,1,499,0
59000,5,10,15,8,500,0.04,0.01,0.928,0.022,20,5,464,11
59000,5,11,16,13,500,0.004,0.0,0.994,0.002,2,0,497,1
59000,5,12,17,18,500,0.038,0.012,0.946,0.004,19,6,473,2
59000,5,14,19,7,500,0.02,0.03,0.878,0.072,10,15,439,36
59000,5,15,20,12,500,0.016,0.012,0.97,0.002,8,6,485,1
59000,6,1,7,6,500,0.006,0.004,0.99,0.0,3,2,495,0
59000,6,2,8,12,500,0.066,0.006,0.908,0.02,33,3,454,10
59000,6,6,12,15,500,0.024,0.006,0.964,0.006,12,3,482,3
59000,6,8,14,6,500,0.026,0.002,0.966,0.006,13,1,483,3
59000,6,9,15,12,500,0.006,0.008,0.982,0.004,3,4,491,2
59000,6,12,18,9,500,0.14,0.07,0.632,0.158,70,35,316,79
59000,6,13,19,15,500,0.016,0.012,0.972,0.0,8,6,486,0
59000,7,0,7,0,500,0.026,0.372,0.26,0.342,13,186,130,171
59000,7,1,8,7,500,0.0,0.002,0.996,0.002,0,1,498,1
59000,7,3,10,0,500,0.0,0.0,1.0,0.0,0,0,500,0
59000,7,4,11,7,500,0.0,0.0,1.0,0.0,0,0,500,0
59000,7,7,14,7,500,0.034,0.07,0.832,0.064,17,35,416,32
59000,7,8,15,14,500,0.032,0.058,0.786,0.124,16,29,393,62
59000,7,9,16,0,500,0.0,0.0,1.0,0.0,0,0,500,0
59000,7,11,18,14,500,0.01,0.038,0.944,0.008,5,19,472,4
59000,7,13,20,7,500,0.0,0.0,1.0,0.0,0,0,500,0
59000,8,0,8,0,500,0.0,0.0,1.0,0.0,0,0,500,0
59000,8,1,9,8,500,0.026,0.002,0.968,0.004,13,1,484,2
59000,8,3,11,3,500,0.02,0.002,0.974,0.004,10,1,487,2
59000,8,5,13,19,500,0.0,0.0,1.0,0.0,0,0,500,0
59000,8,6,14,6,500,0.022,0.002,0.974,0.002,11,1,487,1
59000,8,7,15,14,500,0.048,0.058,0.802,0.092,24,29,401,46
59000,8,9,17,9,500,0.002,0.012,0.986,0.0,1,6,493,0
59000,8,11,19,4,500,0.0,0.0,1.0,0.0,0,0,500,0
59000,8,12,20,12,500,0.004,0.006,0.99,0.0,2,3,495,0
59000,9,4,13,15,500,0.028,0.216,0.398,0.358,14,108,199,179
59000,9,5,14,3,500,0.008,0.002,0.99,0.0,4,1,495,0
59000,9,6,15,12,500,0.02,0.018,0.954,0.008,10,9,477,4
59000,9,7,16,0,500,0.0,0.0,1.0,0.0,0,0,500,0
59000,9,8,17,9,500,0.0,0.01,0.99,0.0,0,5,495,0
59000,9,11,20,15,500,0.054,0.698,0.142,0.106,27,349,71,53
59000,10,0,10,0,500,0.0,0.0,1.0,0.0,0,0,500,0
59000,10,1,11,10,500,0.004,0.0,0.996,0.0,2,0,498,0
59000,10,2,12,20,500,0.006,0.0,0.994,0.0,3,0,497,0
59000,10,4,14,19,500,0.016,0.002,0.98,0.002,8,1,490,1
59000,10,5,15,8,500,0.036,0.006,0.934,0.024,18,3,467,12
59000,10,6,16,18,500,0.002,0.0,0.998,0.0,1,0,499,0
59000,10,7,17,7,500,0.0,0.002,0.998,0.0,0,1,499,0
59000,10,8,18,17,500,0.088,0.006,0.904,0.002,44,3,452,1
59000,10,9,19,6,500,0.002,0.0,0.998,0.0,1,0,499,0
59000,11,0,11,0,500,0.0,0.0,1.0,0.0,0,0,500,0
59000,11,1,12,11,500,0.01,0.002,0.984,0.004,5,1,492,2
59000,11,2,13,1,500,0.024,0.396,0.26,0.32,12,198,130,160
59000,11,6,17,3,500,0.018,0.002,0.98,0.0,9,1,490,0
59000,11,8,19,4,500,0.0,0.0,1.0,0.0,0,0,500,0
59000,11,9,20,15,500,0.038,0.668,0.142,0.152,19,334,71,76
59000,12,0,12,0,500,0.0,0.002,0.998,0.0,0,1,499,0
59000,12,1,13,12,500,0.004,0.006,0.99,0.0,2,3,495,0
59000,12,4,16,6,500,0.0,0.004,0.996,0.0,0,2,498,0
59000,12,5,17,18,500,0.03,0.012,0.956,0.002,15,6,478,1
59000,12,6,18,9,500,0.146,0.068,0.664,0.122,73,34,332,61
59000,12,8,20,12,500,0.002,0.008,0.99,0.0,1,4,495,0
59000,13,1,14,13,500,0.002,0.002,0.996,0.0,1,1,498,0
59000,13,3,16,18,500,0.018,0.002,0.978,0.002,9,1,489,1
59000,13,4,17,10,500,0.006,0.0,0.992,0.002,3,0,496,1
59000,13,5,18,2,500,0.002,0.002,0.996,0.0,1,1,498,0
59000,14,0,14,0,500,0.062,0.066,0.84,0.032,31,33,420,16
59000,14,1,15,14,500,0.008,0.02,0.786,0.186,4,10,393,93
59000,14,2,16,7,500,0.0,0.0,1.0,0.0,0,0,500,0
59000,14,3,17,0,500,0.0,0.002,0.998,0.0,0,1,499,0
59000,14,4,18,14,500,0.02,0.02,0.944,0.016,10,10,472,8
59000,14,5,19,7,500,0.042,0.002,0.918,0.038,21,1,459,19
59000,15,0,15,0,500,0.002,0.0,0.998,0.0,1,0,499,0
59000,15,2,17,9,500,0.066,0.008,0.922,0.004,33,4,461,2
59000,16,0,16,0,500,0.0,0.0,1.0,0.0,0,0,500,0
59000,16,2,18,11,500,0.0,0.0,1.0,0.0,0,0,500,0
59000,16,3,19,6,500,0.002,0.0,0.998,0.0,1,0,499,0
59000,17,0,17,0,500,0.0,0.0,1.0,0.0,0,0,500,0
59000,17,1,18,17,500,0.036,0.0,0.954,0.01,18,0,477,5
59000,17,2,19,13,500,0.0,0.0,1.0,0.0,0,0,500,0
59000,17,3,20,9,500,0.004,0.016,0.98,0.0,2,8,490,0
59000,18,0,18,0,500,0.0,0.0,1.0,0.0,0,0,500,0
59000,18,2,20,15,500,0.248,0.17,0.27,0.312,124,85,135,156
59000,19,0,19,0,500,0.0,0.0,1.0,0.0,0,0,500,0
59000,19,1,20,19,500,0.004,0.054,0.912,0.03,2,27,456,15
59000,20,0,20,0,500,0.0,0.0,1.0,0.0,0,0,500,0
59500,0,2,2,0,500,0.0,0.0,1.0,0.0,0,0,500,0
59500,0,5,5,0,500,0.0,0.0,1.0,0.0,0,0,500,0
59500,0,6,6,0,500,0.004,0.004,0.978,0.014,2,2,489,7
59500,0,7,7,0,500,0.004,0.372,0.31,0.314,2,186,155,157
59500,0,8,8,0,500,0.002,0.0,0.998,0.0,1,0,499,0
59500,0,10,10,0,500,0.0,0.0,1.0,0.0,0,0,500,0
59500,0,11,11,0,500,0.0,0.0,1.0,0.0,0,0,500,0
59500,0,14,14,0,500,0.066,0.046,0.83,0.058,33,23,415,29
59500,0,15,15,0,500,0.004,0.004,0.992,0.0,2,2,496,0
59500,0,16,16,0,500,0.0,0.0,1.0,0.0,0,0,500,0
59500,0,20,20,0,500,0.0,0.0,1.0,0.0,0,0,500,0
59500,1,0,1,0,500,0.0,0.0,1.0,0.0,0,0,500,0
59500,1,1,2,1,500,0.008,0.28,0.31,0.402,4,140,155,201
59500,1,3,4,3,500,0.068,0.18,0.38,0.372,34,90,190,186
59500,1,4,5,4,500,0.014,0.004,0.982,0.0,7,2,491,0
59500,1,5,6,5,500,0.02,0.054,0.474,0.452,10,27,237,226
59500,1,7,8,7,500,0.0,0.0,1.0,0.0,0,0,500,0
59500,1,8,9,8,500,0.02,0.006,0.97,0.004,10,3,485,2
59500,1,9,10,9,500,0.002,0.002,0.996,0.0,1,1,498,0
59500,1,11,12,11,500,0.0,0.0,1.0,0.0,0,0,500,0
59500,1,13,14,13,500,0.0,0.002,0.998,0.0,0,1,499,0
59500,1,14,15,14,500,0.01,0.034,0.738,0.218,5,17,369,109
59500,1,18,19,18,500,0.098,0.082,0.746,0.074,49,41,373,37
59500,1,19,20,19,500,0.038,0.032,0.902,0.028,19,16,451,14
59500,2,3,5,6,500,0.032,0.088,0.434,0.446,16,44,217,223
59500,2,8,10,16,500,0.038,0.038,0.428,0.496,19,19,214,248
59500,2,10,12,20,500,0.0,0.002,0.998,0.0,0,1,499,0
59500,2,11,13,1,500,0.074,0.168,0.326,0.432,37,84,163,216
59500,2,12,14,3,500,0.0,0.006,0.994,0.0,0,3,497,0
59500,2,14,16,7,500,0.002,0.0,0.998,0.0,1,0,499,0
59500,2,15,17,9,500,0.112,0.006,0.862,0.02,56,3,431,10
59500,2,18,20,15,500,0.364,0.1,0.226,0.31,182,50,113,155
59500,3,0,3,0,500,0.0,0.008,0.992,0.0,0,4,496,0
59500,3,2,5,6,500,0.03,0.086,0.43,0.454,15,43,215,227
59500,3,4,7,12,500,0.074,0.026,0.884,0.016,37,13,442,8
59500,3,5,8,15,500,0.05,0.02,0.906,0.024,25,10,453,12
59500,3,6,9,18,500,0.16,0.054,0.672,0.114,80,27,336,57
59500,3,7,10,0,500,0.0,0.0,1.0,0.0,0,0,500,0
59500,3,8,11,3,500,0.022,0.02,0.958,0.0,11,10,479,0
59500,3,9,12,6,500,0.004,0.008,0.988,0.0,2,4,494,0
59500,3,10,13,9,500,0.0,0.002,0.998,0.0,0,1,499,0
59500,3,13,16,18,500,0.01,0.006,0.978,0.006,5,3,489,3
59500,3,14,17,0,500,0.0,0.002,0.998,0.0,0,1,499,0
59500,3,15,18,3,500,0.472,0.074,0.31,0.144,236,37,155,72
59500,3,16,19,6,500,0.002,0.0,0.998,0.0,1,0,499,0
59500,3,17,20,9,500,0.0,0.014,0.984,0.002,0,7,492,1
59500,4,0,4,0,500,0.0,0.0,1.0,0.0,0,0,500,0
59500,4,2,6,8,500,0.01,0.082,0.892,0.016,5,41,446,8
59500,4,5,9,20,500,0.0,0.002,0.998,0.0,0,1,499,0
59500,4,6,10,3,500,0.034,0.006,0.958,0.002,17,3,479,1
59500,4,7,11,7,500,0.0,0.0,1.0,0.0,0,0,500,0
59500,4,8,12,11,500,0.008,0.004,0.986,0.002,4,2,493,1
59500,4,9,13,15,500,0.052,0.262,0.418,0.268,26,131,209,134
59500,4,10,14,19,500,0.024,0.002,0.974,0.0,12,1,487,0
59500,4,11,15,2,500,0.002,0.002,0.986,0.01,1,1,493,5
59500,4,12,16,6,500,0.002,0.002,0.996,0.0,1,1,498,0
59500,4,13,17,10,500,0.004,0.0,0.996,0.0,2,0,498,0
59500,4,14,18,14,500,0.046,0.076,0.856,0.022,23,38,428,11
59500,4,16,20,1,500,0.0,0.0,1.0,0.0,0,0,500,0
59500,5,0,5,0,500,0.0,0.0,1.0,0.0,0,0,500,0
59500,5,2,7,10,500,0.0,0.0,1.0,0.0,0,0,500,0
59500,5,3,8,15,500,0.03,0.016,0.928,0.026,15,8,464,13
59500,5,4,9,20,500,0.0,0.002,0.996,0.002,0,1,498,1
59500,5,5,10,4,500,0.006,0.01,0.98,0.004,3,5,490,2
59500,5,7,12,14,500,0.004,0.09,0.896,0.01,2,45,448,5
59500,5,9,14,3,500,0.004,0.006,0.99,0.0,2,3,495,0
59500,5,10,15,8,500,0.046,0.008,0.918,0.028,23,4,459,14
59500,5,11,16,13,500,0.002,0.0,0.998,0.0,1,0,499,0
59500,5,12,17,18,500,0.06,0.026,0.91,0.004,30,13,455,2
59500,5,14,19,7,500,0.024,0.064,0.868,0.044,12,32,434,22
59500,5,15,20,12,500,0.008,0.006,0.984,0.002,4,3,492,1
59500,6,1,7,6,500,0.01,0.002,0.986,0.002,5,1,493,1
59500,6,2,8,12,500,0.056,0.004,0.936,0.004,28,2,468,2
59500,6,6,12,15,500,0.014,0.0,0.978,0.008,7,0,489,4
59500,6,8,14,6,500,0.008,0.004,0.98,0.008,4,2,490,4
59500,6,9,15,12,500,0.014,0.014,0.956,0.016,7,7,478,8
59500,6,12,18,9,500,0.136,0.058,0.686,0.12,68,29,343,60
59500,6,13,19,15,500,0.032,0.006,0.956,0.006,16,3,478,3
59500,7,0,7,0,500,0.004,0.37,0.26,0.366,2,185,130,183
59500,7,1,8,7,500,0.002,0.0,0.996,0.002,1,0,498,1
59500,7,3,10,0,500,0.0,0.0,1.0,0.0,0,0,500,0
59500,7,4,11,7,500,0.0,0.0,1.0,0.0,0,0,500,0
59500,7,7,14,7,500,0.02,0.056,0.834,0.09,10,28,417,45
59500,7,8,15,14,500,0.05,0.148,0.624,0.178,25,74,312,89
59500,7,9,16,0,500,0.0,0.0,1.0,0.0,0,0,500,0
59500,7,11,18,14,500,0.016,0.064,0.892,0.028,8,32,446,14
59500,7,13,20,7,500,0.0,0.0,1.0,0.0,0,0,500,0
59500,8,0,8,0,500,0.0,0.0,1.0,0.0,0,0,500,0
59500,8,1,9,8,500,0.042,0.006,0.95,0.002,21,3,475,1
59500,8,3,11,3,500,0.012,0.014,0.974,0.0,6,7,487,0
59500,8,5,13,19,500,0.0,0.0,1.0,0.0,0,0,500,0
59500,8,6,14,6,500,0.01,0.0,0.98,0.01,5,0,490,5
59500,8,7,15,14,500,0.026,0.108,0.702,0.164,13,54,351,82
59500,8,9,17,9,500,0.0,0.002,0.998,0.0,0,1,499,0
59500,8,11,19,4,500,0.0,0.0,0.996,0.004,0,0,498,2
59500,8,12,20,12,500,0.0,0.0,1.0,0.0,0,0,500,0
59500,9,4,13,15,500,0.072,0.176,0.444,0.308,36,88,222,154
59500,9,5,14,3,500,0.002,0.008,0.988,0.002,1,4,494,1
59500,9,6,15,12,500,0.022,0.022,0.928,0.028,11,11,464,14
59500,9,7,16,0,500,0.0,0.0,1.0,0.0,0,0,500,0
59500,9,8,17,9,500,0.002,0.002,0.996,0.0,1,1,498,0
59500,9,11,20,15,500,0.072,0.598,0.212,0.118,36,299,106,59
59500,10,0,10,0,500,0.0,0.0,1.0,0.0,0,0,500,0
59500,10,1,11,10,500,0.002,0.0,0.996,0.002,1,0,498,1
59500,10,2,12,20,500,0.004,0.002,0.992,0.002,2,1,496,1
59500,10,4,14,19,500,0.016,0.002,0.982,0.0,8,1,491,0
59500,10,5,15,8,500,0.048,0.018,0.908,0.026,24,9,454,13
59500,10,6,16,18,500,0.012,0.002,0.986,0.0,6,1,493,0
59500,10,7,17,7,500,0.002,0.0,0.998,0.0,1,0,499,0
59500,10,8,18,17,500,0.108,0.012,0.866,0.014,54,6,433,7
59500,10,9,19,6,500,0.002,0.002,0.996,0.0,1,1,498,0
59500,11,0,11,0,500,0.0,0.0,1.0,0.0,0,0,500,0
59500,11,1,12,11,500,0.004,0.0,0.996,0.0,2,0,498,0
59500,11,2,13,1,500,0.048,0.338,0.274,0.34,24,169,137,170
59500,11,6,17,3,500,0.018,0.002,0.98,0.0,9,1,490,0
59500,11,8,19,4,500,0.0,0.0,0.996,0.004,0,0,498,2
59500,11,9,20,15,500,0.038,0.684,0.114,0.164,19,342,57,82
59500,12,0,12,0,500,0.0,0.002,0.998,0.0,0,1,499,0
59500,12,1,13,12,500,0.006,0.004,0.99,0.0,3,2,495,0
59500,12,4,16,6,500,0.0,0.004,0.996,0.0,0,2,498,0
59500,12,5,17,18,500,0.018,0.02,0.96,0.002,9,10,480,1
59500,12,6,18,9,500,0.146,0.048,0.692,0.114,73,24,346,57
59500,12,8,20,12,500,0.002,0.004,0.994,0.0,1,2,497,0
59500,13,1,14,13,500,0.006,0.002,0.99,0.002,3,1,495,1
59500,13,3,16,18,500,0.016,0.004,0.978,0.002,8,2,489,1
59500,13,4,17,10,500,0.004,0.0,0.996,0.0,2,0,498,0
59500,13,5,18,2,500,0.0,0.012,0.986,0.002,0,6,493,1
59500,14,0,14,0,500,0.054,0.064,0.818,0.064,27,32,409,32
59500,14,1,15,14,500,0.032,0.052,0.78,0.136,16,26,390,68
59500,14,2,16,7,500,0.0,0.0,1.0,0.0,0,0,500,0
59500,14,3,17,0,500,0.0,0.002,0.998,0.0,0,1,499,0
59500,14,4,18,14,500,0.034,0.05,0.882,0.034,17,25,441,17
59500,14,5,19,7,500,0.03,0.026,0.876,0.068,15,13,438,34
59500,15,0,15,0,500,0.004,0.002,0.992,0.002,2,1,496,1
59500,15,2,17,9,500,0.108,0.01,0.868,0.014,54,5,434,7
59500,16,0,16,0,500,0.0,0.0,1.0,0.0,0,0,500,0
59500,16,2,18,11,500,0.0,0.0,1.0,0.0,0,0,500,0
59500,16,3,19,6,500,0.004,0.002,0.994,0.0,2,1,497,0
59500,17,0,17,0,500,0.0,0.0,1.0,0.0,0,0,500,0
59500,17,1,18,17,500,0.022,0.004,0.966,0.008,11,2,483,4
59500,17,2,19,13,500,0.0,0.0,1.0,0.0,0,0,500,0
59500,17,3,20,9,500,0.006,0.01,0.984,0.0,3,5,492,0
59500,18,0,18,0,500,0.0,0.0,1.0,0.0,0,0,500,0
59500,18,2,20,15,500,0.198,0.214,0.242,0.346,99,107,121,173
59500,19,0,19,0,500,0.0,0.0,1.0,0.0,0,0,500,0
59500,19,1,20,19,500,0.014,0.01,0.968,0.008,7,5,484,4
59500,20,0,20,0,500,0.0,0.0,1.0,0.0,0,0,500,0
60000,0,2,2,0,500,0.0,0.0,1.0,0.0,0,0,500,0
60000,0,5,5,0,500,0.0,0.0,1.0,0.0,0,0,500,0
60000,0,6,6,0,500,0.006,0.0,0.986,0.008,3,0,493,4
60000,0,7,7,0,500,0.006,0.364,0.23,0.4,3,182,115,200
60000,0,8,8,0,500,0.002,0.0,0.998,0.0,1,0,499,0
60000,0,10,10,0,500,0.0,0.0,1.0,0.0,0,0,500,0
60000,0,11,11,0,500,0.0,0.0,1.0,0.0,0,0,500,0
60000,0,14,14,0,500,0.086,0.058,0.834,0.022,43,29,417,11
60000,0,15,15,0,500,0.0,0.0,1.0,0.0,0,0,500,0
60000,0,16,16,0,500,0.0,0.0,1.0,0.0,0,0,500,0
60000,0,20,20,0,500,0.0,0.0,1.0,0.0,0,0,500,0
60000,1,0,1,0,500,0.0,0.0,1.0,0.0,0,0,500,0
60000,1,1,2,1,500,0.02,0.154,0.39,0.436,10,77,195,218
60000,1,3,4,3,500,0.114,0.198,0.35,0.338,57,99,175,169
60000,1,4,5,4,500,0.012,0.0,0.988,0.0,6,0,494,0
60000,1,5,6,5,500,0.014,0.026,0.596,0.364,7,13,298,182
60000,1,7,8,7,500,0.0,0.004,0.996,0.0,0,2,498,0
60000,1,8,9,8,500,0.034,0.0,0.96,0.006,17,0,480,3
60000,1,9,10,9,500,0.002,0.014,0.984,0.0,1,7,492,0
60000,1,11,12,11,500,0.0,0.0,1.0,0.0,0,0,500,0
60000,1,13,14,13,500,0.0,0.0,1.0,0.0,0,0,500,0
60000,1,14,15,14,500,0.012,0.058,0.728,0.202,6,29,364,101
60000,1,18,19,18,500,0.11,0.124,0.572,0.194,55,62,286,97
60000,1,19,20,19,500,0.008,0.04,0.906,0.046,4,20,453,23
60000,2,3,5,6,500,0.028,0.034,0.674,0.264,14,17,337,132
60000,2,8,10,16,500,0.09,0.024,0.51,0.376,45,12,255,188
60000,2,10,12,20,500,0.0,0.0,1.0,0.0,0,0,500,0
60000,2,11,13,1,500,0.086,0.138,0.304,0.472,43,69,152,236
60000,2,12,14,3,500,0.002,0.0,0.998,0.0,1,0,499,0
60000,2,14,16,7,500,0.0,0.0,1.0,0.0,0,0,500,0
60000,2,15,17,9,500,0.112,0.006,0.87,0.012,56,3,435,6
60000,2,18,20,15,500,0.332,0.096,0.232,0.34,166,48,116,170
60000,3,0,3,0,500,0.004,0.006,0.99,0.0,2,3,495,0
60000,3,2,5,6,500,0.036,0.046,0.616,0.302,18,23,308,151
60000,3,4,7,12,500,0.088,0.026,0.854,0.032,44,13,427,16
60000,3,5,8,15,500,0.028,0.016,0.932,0.024,14,8,466,12
60000,3,6,9,18,500,0.138,0.042,0.76,0.06,69,21,380,30
60000,3,7,10,0,500,0.0,0.0,1.0,0.0,0,0,500,0
60000,3,8,11,3,500,0.024,0.016,0.95,0.01,12,8,475,5
60000,3,9,12,6,500,0.004,0.004,0.992,0.0,2,2,496,0
60000,3,10,13,9,500,0.0,0.0,1.0,0.0,0,0,500,0
60000,3,13,16,18,500,0.014,0.006,0.974,0.006,7,3,487,3
60000,3,14,17,0,500,0.0,0.004,0.996,0.0,0,2,498,0
60000,3,15,18,3,500,0.488,0.092,0.318,0.102,244,46,159,51
60000,3,16,19,6,500,0.0,0.0,1.0,0.0,0,0,500,0
60000,3,17,20,9,500,0.008,0.01,0.98,0.002,4,5,490,1
60000,4,0,4,0,500,0.0,0.0,1.0,0.0,0,0,500,0
60000,4,2,6,8,500,0.048,0.044,0.882,0.026,24,22,441,13
60000,4,5,9,20,500,0.0,0.0,0.998,0.002,0,0,499,1
60000,4,6,10,3,500,0.026,0.012,0.954,0.008,13,6,477,4
60000,4,7,11,7,500,0.0,0.0,1.0,0.0,0,0,500,0
60000,4,8,12,11,500,0.006,0.01,0.982,0.002,3,5,491,1
60000,4,9,13,15,500,0.036,0.33,0.358,0.276,18,165,179,138
60000,4,10,14,19,500,0.02,0.002,0.978,0.0,10,1,489,0
60000,4,11,15,2,500,0.0,0.004,0.99,0.006,0,2,495,3
60000,4,12,16,6,500,0.002,0.002,0.994,0.002,1,1,497,1
60000,4,13,17,10,500,0.01,0.002,0.986,0.002,5,1,493,1
60000,4,14,18,14,500,0.022,0.062,0.888,0.028,11,31,444,14
60000,4,16,20,1,500,0.0,0.0,1.0,0.0,0,0,500,0
60000,5,0,5,0,500,0.0,0.0,1.0,0.0,0,0,500,0
60000,5,2,7,10,500,0.0,0.0,1.0,0.0,0,0,500,0
60000,5,3,8,15,500,0.032,0.01,0.942,0.016,16,5,471,8
60000,5,4,9,20,500,0.0,0.0,1.0,0.0,0,0,500,0
60000,5,5,10,4,500,0.052,0.036,0.91,0.002,26,18,455,1
60000,5,7,12,14,500,0.06,0.07,0.82,0.05,30,35,410,25
60000,5,9,14,3,500,0.01,0.006,0.984,0.0,5,3,492,0
60000,5,10,15,8,500,0.034,0.008,0.922,0.036,17,4,461,18
60000,5,11,16,13,500,0.002,0.002,0.994,0.002,1,1,497,1
60000,5,12,17,18,500,0.04,0.012,0.936,0.012,20,6,468,6
60000,5,14,19,7,500,0.024,0.058,0.882,0.036,12,29,441,18
60000,5,15,20,12,500,0.006,0.008,0.984,0.002,3,4,492,1
60000,6,1,7,6,500,0.004,0.002,0.994,0.0,2,1,497,0
60000,6,2,8,12,500,0.066,0.01,0.918,0.006,33,5,459,3
60000,6,6,12,15,500,0.012,0.0,0.984,0.004,6,0,492,2
60000,6,8,14,6,500,0.004,0.004,0.99,0.002,2,2,495,1
60000,6,9,15,12,500,0.008,0.008,0.976,0.008,4,4,488,4
60000,6,12,18,9,500,0.138,0.056,0.754,0.052,69,28,377,26
60000,6,13,19,15,500,0.002,0.0,0.998,0.0,1,0,499,0
60000,7,0,7,0,500,0.002,0.342,0.268,0.388,1,171,134,194
60000,7,1,8,7,500,0.002,0.002,0.996,0.0,1,1,498,0
60000,7,3,10,0,500,0.0,0.0,1.0,0.0,0,0,500,0
60000,7,4,11,7,500,0.0,0.0,1.0,0.0,0,0,500,0
60000,7,7,14,7,500,0.016,0.038,0.874,0.072,8,19,437,36
60000,7,8,15,14,500,0.022,0.092,0.69,0.196,11,46,345,98
60000,7,9,16,0,500,0.0,0.0,1.0,0.0,0,0,500,0
60000,7,11,18,14,500,0.012,0.036,0.938,0.014,6,18,469,7
60000,7,13,20,7,500,0.0,0.002,0.998,0.0,0,1,499,0
60000,8,0,8,0,500,0.0,0.0,1.0,0.0,0,0,500,0
60000,8,1,9,8,500,0.028,0.002,0.966,0.004,14,1,483,2
60000,8,3,11,3,500,0.012,0.01,0.976,0.002,6,5,488,1
60000,8,5,13,19,500,0.0,0.0,1.0,0.0,0,0,500,0
60000,8,6,14,6,500,0.008,0.004,0.984,0.004,4,2,492,2
60000,8,7,15,14,500,0.034,0.09,0.706,0.17,17,45,353,85
60000,8,9,17,9,500,0.008,0.004,0.988,0.0,4,2,494,0
60000,8,11,19,4,500,0.0,0.002,0.998,0.0,0,1,499,0
60000,8,12,20,12,500,0.0,0.0,1.0,0.0,0,0,500,0
60000,9,4,13,15,500,0.032,0.278,0.398,0.292,16,139,199,146
60000,9,5,14,3,500,0.004,0.002,0.994,0.0,2,1,497,0
60000,9,6,15,12,500,0.006,0.008,0.98,0.006,3,4,490,3
60000,9,7,16,0,500,0.0,0.0,1.0,0.0,0,0,500,0
60000,9,8,17,9,500,0.008,0.008,0.984,0.0,4,4,492,0
60000,9,11,20,15,500,0.044,0.624,0.174,0.158,22,312,87,79
60000,10,0,10,0,500,0.0,0.0,1.0,0.0,0,0,500,0
60000,10,1,11,10,500,0.002,0.0,0.998,0.0,1,0,499,0
60000,10,2,12,20,500,0.014,0.0,0.986,0.0,7,0,493,0
60000,10,4,14,19,500,0.02,0.004,0.976,0.0,10,2,488,0
60000,10,5,15,8,500,0.052,0.01,0.918,0.02,26,5,459,10
60000,10,6,16,18,500,0.012,0.004,0.98,0.004,6,2,490,2
60000,10,7,17,7,500,0.0,0.0,1.0,0.0,0,0,500,0
60000,10,8,18,17,500,0.146,0.008,0.828,0.018,73,4,414,9
60000,10,9,19,6,500,0.0,0.0,1.0,0.0,0,0,500,0
60000,11,0,11,0,500,0.0,0.0,1.0,0.0,0,0,500,0
60000,11,1,12,11,500,0.0,0.0,1.0,0.0,0,0,500,0
60000,11,2,13,1,500,0.046,0.302,0.258,0.394,23,151,129,197
60000,11,6,17,3,500,0.014,0.0,0.98,0.006,7,0,490,3
60000,11,8,19,4,500,0.0,0.0,1.0,0.0,0,0,500,0
60000,11,9,20,15,500,0.014,0.788,0.106,0.092,7,394,53,46
60000,12,0,12,0,500,0.002,0.002,0.996,0.0,1,1,498,0
60000,12,1,13,12,500,0.0,0.0,1.0,0.0,0,0,500,0
60000,12,4,16,6,500,0.0,0.0,1.0,0.0,0,0,500,0
60000,12,5,17,18,500,0.034,0.01,0.946,0.01,17,5,473,5
60000,12,6,18,9,500,0.114,0.048,0.778,0.06,57,24,389,30
60000,12,8,20,12,500,0.002,0.002,0.996,0.0,1,1,498,0
60000,13,1,14,13,500,0.0,0.0,1.0,0.0,0,0,500,0
60000,13,3,16,18,500,0.02,0.0,0.968,0.012,10,0,484,6
60000,13,4,17,10,500,0.016,0.0,0.982,0.002,8,0,491,1
60000,13,5,18,2,500,0.0,0.002,0.994,0.004,0,1,497,2
60000,14,0,14,0,500,0.068,0.056,0.848,0.028,34,28,424,14
60000,14,1,15,14,500,0.004,0.056,0.798,0.142,2,28,399,71
60000,14,2,16,7,500,0.0,0.0,1.0,0.0,0,0,500,0
60000,14,3,17,0,500,0.0,0.0,1.0,0.0,0,0,500,0
60000,14,4,18,14,500,0.02,0.05,0.914,0.016,10,25,457,8
60000,14,5,19,7,500,0.046,0.024,0.89,0.04,23,12,445,20
60000,15,0,15,0,500,0.0,0.0,1.0,0.0,0,0,500,0
60000,15,2,17,9,500,0.108,0.008,0.874,0.01,54,4,437,5
60000,16,0,16,0,500,0.0,0.0,1.0,0.0,0,0,500,0
60000,16,2,18,11,500,0.0,0.0,1.0,0.0,0,0,500,0
60000,16,3,19,6,500,0.0,0.0,1.0,0.0,0,0,500,0
60000,17,0,17,0,500,0.0,0.0,1.0,0.0,0,0,500,0
60000,17,1,18,17,500,0.006,0.004,0.972,0.018,3,2,486,9
60000,17,2,19,13,500,0.0,0.0,1.0,0.0,0,0,500,0
60000,17,3,20,9,500,0.004,0.008,0.988,0.0,2,4,494,0
60000,18,0,18,0,500,0.0,0.0,1.0,0.0,0,0,500,0
60000,18,2,20,15,500,0.216,0.142,0.244,0.398,108,71,122,199
60000,19,0,19,0,500,0.002,0.0,0.998,0.0,1,0,499,0
60000,19,1,20,19,500,0.012,0.028,0.91,0.05,6,14,455,25
60000,20,0,20,0,500,0.0,0.0,1.0,0.0,0,0,500,0
